{
  "paragraph": [
    {
      "paragraph_txt": "나는 우선 비혼주의에 대하여 찬성하는 편이다.#@문장구분# 연애와 동시 결혼을 하게되면서 가장 첫 번째로 발생하는게 바로 거주할 집이다.#@문장구분# 요즘 아파트값이 그리고 내가 평생 직장생활을 하면서 내집을 마련하기가 너무 힘든세상이 되어버렸다.#@문장구분# 평생을 일해도 내집 한켠 마련하기가 힘든 이시기에 결혼을 하여 자식을 낳아 키우는 일이 얼마나 힘든 것 인지 잘 알기 때문이다.#@문장구분# 결혼을 해서 아이를 낳으면 끝인가?#@문장구분# 정확히 어디서 들었는지는 모르겠다만 부부가 되어 자식을 낳아 성인이 되어 키우는데 까지 3억이 들어간다고 한다.#@문장구분# 아이 한명을 키우는데 그렇게 큰 돈이 들어가는데 한명이 아닌 둘셋을 낳는다고 생각해보라.#@문장구분# 과연 나의 삶을 포기해가면서 아이를 키우는데 그 큰 돈을 들이면서까지 출산을 해야하나.#@문장구분#조금 벅차게 될 것 같다는 생각이 든다.#@문장구분#만약 자기가 돈을 잘 벌어 자식 키우는데 있어서 돈은 아깝지 않다고 생각할지 몰라도 자식이 부모의 거울이라고 하지 않았는가 부모의 인성이 옳아야 자식의 인성도 나은 것 이며, 부모의 행동이 도덕적 이어야 자식의 행동도 도덕적인 것 이라고 믿는다.#@문장구분# 그렇기에 부부가 되어서 아이를 낳아서 기르기 전에 많은 준비과정을 거쳐야 한다. #@문장구분#그렇기에 이에 자식을 금전적인 부분으로 인하여 아이를 키우는데 있어서 힘들 것 같다고 생각하거나, 아이를 올바르고 도덕적으로 예의있게 키우는것에 대해 자신이 부족하다고 느끼는 사람에게는 비혼주의를 선택할 수 밖에 없을 것이다.#@문장구분# 단순하게 낳고 기르고의 문제가 아니라 현실적인 부분에 넘어서야 할 벽이 많다고 생각한다.#@문장구분# 그렇기에 나는 연애와 동거는 하여도 결혼을 안하는 비혼주의에 대하여 찬성을 하는 편이다.#@문장구분# \n 비혼주의를 해결하기 위해서는 국가적으로 가장 현실적인 부분이 해결이 되어야 할 것 같다.#@문장구분#",
      "paragraph_len": 1161,
      "paragraph_id": "001"
    }
  ],
  "score": {
    "paragraph_score": [
      {
        "paragraph_scoreT": [
          2,
          2.4,
          2.4
        ],
        "paragraph_scoreT_detail": {
          "paragraph_scoreT_exp": [
            [
              2,
              2,
              2
            ],
            [
              2,
              3,
              2
            ],
            [
              2,
              2,
              3
            ]
          ]
        },
        "paragraph_scoreT_avg": 2.2666667,
        "paragraph_id": "001"
      }
    ],
    "essay_scoreT": [
      27,
      27,
      26.100002
    ],
    "essay_scoreT_avg": 26.700003,
    "essay_scoreT_detail": {
      "essay_scoreT_org": [
        [
          3,
          0,
          3,
          3
        ],
        [
          3,
          0,
          3,
          3
        ],
        [
          3,
          0,
          2,
          3
        ]
      ],
      "essay_scoreT_cont": [
        [
          3,
          3,
          3,
          3
        ],
        [
          3,
          2,
          3,
          3
        ],
        [
          3,
          2,
          3,
          3
        ]
      ],
      "essay_scoreT_exp": [
        [
          2,
          2,
          2
        ],
        [
          2,
          3,
          2
        ],
        [
          2,
          2,
          3
        ]
      ]
    }
  },
  "student": {
    "date": "2021.10.31",
    "student_educated": true,
    "student_grade": "고등_1학년",
    "location": "054",
    "student_grade_group": "고등",
    "student_reading": 1
  },
  "rubric": {
    "essay_grade": "고등_1학년",
    "organization_weight": {
      "org_paragraph": 0,
      "org": 3,
      "org_essay": 6,
      "org_coherence": 3,
      "org_quantity": 1
    },
    "essay_type": "찬성반대",
    "content_weight": {
      "con_clearance": 3,
      "con_novelty": 3,
      "con": 4,
      "con_prompt": 1,
      "con_description": 3
    },
    "essay_main_subject": "비혼주의자에 대한 본인의 의견",
    "expression_weight": {
      "exp_style": 4,
      "exp_grammar": 2,
      "exp_vocab": 4,
      "exp": 3
    }
  },
  "correction": [],
  "info": {
    "essay_id": "ESSAY_44310",
    "essay_prompt": " \"\"연애는 필수, 결혼은 선택! 가슴이 뛰는 대로 가면 돼\"\".\n\n 유명한 유행가의 노래 가사처럼, 청년들에게 결혼은 이제 필수가 아닌 하나의 선택 사항입니다. 연애, 결혼, 출산을 포기한다는 의미의 '3포세대'라는 말이 나오기 무섭게 5포 세대, N포세대까지 등장할 정도로 취업난, 치솟는 부동산 가격 등 여러 사회·경제적 요인들로 청년층을 위축시켰습니다.\n\n 모두가 이러한 이유로 '결혼을 포기'하는 것만은 아닙니다. 개인의 행복을 위해 '비혼을 선택'하는 청년들도 늘고 있습니다. 이처럼 최근 전통적인 가치관에서 벗어나 연애와 동거는 하면서 결혼이라는 제도에 묶여 관계에서 파생되는 책임을 벗어나 자유로운 삶을 추구하는 비혼주의자가 늘고 있습니다.\n\n 다만, 개인의 자유로운 선택에 따라 비혼주의를 하지만 주변에서는 아직 고운 시선으로 바라보지 않는 사람도 많습니다. 결혼이라는 제도에 대해서 선택이 아닌 필수라고 생각하는 사람들도 많지요. 개개인이 모여 사회가 형성되기 때문에 사회의 가장 작은 단위인 가족을 이루는 것도 사회 구성원으로서의 큰 역할이라고 생각하는 사람들도 있습니다.\n\n 여러분은 결혼을 꼭 해야 한다고 생각하시나요? 아니면 결혼은 선택의 문제라고 생각하시나요? 비혼주의에 대해 찬성하는 입장 반대를 선택하여 자신의 의견을 작성해주세요. 그리고 그렇게 생각한 이유에 대해서 작성해주세요.",
    "essay_type": "찬성반대",
    "essay_level": "2",
    "essay_len": 863,
    "essay_main_subject": "비혼주의자에 대한 본인의 의견"
  }
}