{
  "paragraph": [
    {
      "paragraph_txt": "최근 비혼주의가 확산되는 추세이다.#@문장구분# 비혼주의란 독신주의와 다르게 연애도 하고 사랑하는 사람과 동거도 하지만 결혼식을 올리지 않고 혼인신고를 하지 않는 것을 말한다.#@문장구분# 예전 세대 때는 결혼을 하는 것이 일종의 숙명 같은 것으로 여겨졌었고 결혼 없이는 살기 힘들었다.#@문장구분# 이러한 이유로 그 세대 때의 사람들은 비혼주의를 잘 이해하지 못한다.#@문장구분# 지금은 결혼이란 사랑하는 사람 사이의 관계를 더 끈끈하게 만들어주고 법적으로 서로를 책임질 수 있게 만들어주는 수단이다.#@문장구분#그래서 요즘 세대는 사랑하고 같이 살고 있다면 결혼을 당연히 해야하는 것 아니냐는 생각으로 비혼주의를 이해하지 못한다.#@문장구분# 비혼주의를 찬성과 반대로 나눌만한 주제인지는 모르겠지만 나는 비혼주의가 이해된다.#@문장구분# 비혼주의를 함으로써 상대방의 집안과 자신의 집안이 엮여 불화가 생길 일이 없고 서로의 집안을 챙겨야할 이유도 없어진다.#@문장구분# 현세대 사람들이 결혼을 기피하는 이유가 무엇일까?#@문장구분# 우선 사회적 영향이 있다고 생각된다.#@문장구분# 가뜩이나 여성의 사회적 진출이 늘어나며 결혼의 필요성을 느낄 때, 이혼하며 불행해지는 사람들이 많아지니 결혼에 부정적인 인식이 생긴 것 같다.#@문장구분# 두번째는 자유의 억압이다. #@문장구분#결혼도 하지 않은 내가 감히 이런 말을 할 수 있을까 싶지만. 미디어 매체나 주위 경험담을 들어보면 평소에 자유롭게 하던 것들이 결혼을 하고 나면 서로 맞춰주어야 한다는 이유로 못하는 경우가 많다고 한다.#@문장구분# 시간이 뺏긴다는 이유도 있지만 아무래도 장비 값이 비싼 게 주된 이유인 것 같다.#@문장구분#자유롭게 취미 생활을 못한다는 것도 결혼을 피하는 대표적인 이유 중에 하나라고 나는 생각한다.#@문장구분# 나는 연애나 결혼을 해도 각자만의 시간이 매우 중요하다고 생각한다.#@문장구분#",
      "paragraph_len": 1147,
      "paragraph_id": "001"
    }
  ],
  "score": {
    "paragraph_score": [
      {
        "paragraph_scoreT": [
          3,
          3,
          2.8
        ],
        "paragraph_scoreT_detail": {
          "paragraph_scoreT_exp": [
            [
              3,
              3,
              3
            ],
            [
              3,
              3,
              3
            ],
            [
              2,
              3,
              3
            ]
          ]
        },
        "paragraph_scoreT_avg": 2.9333334,
        "paragraph_id": "001"
      }
    ],
    "essay_scoreT": [
      30,
      27,
      25.5
    ],
    "essay_scoreT_avg": 27.5,
    "essay_scoreT_detail": {
      "essay_scoreT_org": [
        [
          3,
          0,
          3,
          3
        ],
        [
          2,
          0,
          3,
          3
        ],
        [
          2,
          0,
          2,
          3
        ]
      ],
      "essay_scoreT_cont": [
        [
          3,
          3,
          3,
          3
        ],
        [
          3,
          2,
          3,
          3
        ],
        [
          3,
          2,
          3,
          3
        ]
      ],
      "essay_scoreT_exp": [
        [
          3,
          3,
          3
        ],
        [
          3,
          3,
          3
        ],
        [
          2,
          3,
          3
        ]
      ]
    }
  },
  "student": {
    "date": "2021.12.20",
    "student_educated": true,
    "student_grade": "고등_1학년",
    "location": "044",
    "student_grade_group": "고등",
    "student_reading": 2
  },
  "rubric": {
    "essay_grade": "고등_1학년",
    "organization_weight": {
      "org_paragraph": 0,
      "org": 3,
      "org_essay": 6,
      "org_coherence": 3,
      "org_quantity": 1
    },
    "essay_type": "찬성반대",
    "content_weight": {
      "con_clearance": 3,
      "con_novelty": 3,
      "con": 4,
      "con_prompt": 1,
      "con_description": 3
    },
    "essay_main_subject": "비혼주의자에 대한 본인의 의견",
    "expression_weight": {
      "exp_style": 4,
      "exp_grammar": 2,
      "exp_vocab": 4,
      "exp": 3
    }
  },
  "correction": [],
  "info": {
    "essay_id": "ESSAY_71269",
    "essay_prompt": " \"\"연애는 필수, 결혼은 선택! 가슴이 뛰는 대로 가면 돼\"\".\n\n 유명한 유행가의 노래 가사처럼, 청년들에게 결혼은 이제 필수가 아닌 하나의 선택 사항입니다. 연애, 결혼, 출산을 포기한다는 의미의 '3포세대'라는 말이 나오기 무섭게 5포 세대, N포세대까지 등장할 정도로 취업난, 치솟는 부동산 가격 등 여러 사회·경제적 요인들로 청년층을 위축시켰습니다.\n\n 모두가 이러한 이유로 '결혼을 포기'하는 것만은 아닙니다. 개인의 행복을 위해 '비혼을 선택'하는 청년들도 늘고 있습니다. 이처럼 최근 전통적인 가치관에서 벗어나 연애와 동거는 하면서 결혼이라는 제도에 묶여 관계에서 파생되는 책임을 벗어나 자유로운 삶을 추구하는 비혼주의자가 늘고 있습니다.\n\n 다만, 개인의 자유로운 선택에 따라 비혼주의를 하지만 주변에서는 아직 고운 시선으로 바라보지 않는 사람도 많습니다. 결혼이라는 제도에 대해서 선택이 아닌 필수라고 생각하는 사람들도 많지요. 개개인이 모여 사회가 형성되기 때문에 사회의 가장 작은 단위인 가족을 이루는 것도 사회 구성원으로서의 큰 역할이라고 생각하는 사람들도 있습니다.\n\n 여러분은 결혼을 꼭 해야 한다고 생각하시나요? 아니면 결혼은 선택의 문제라고 생각하시나요? 비혼주의에 대해 찬성하는 입장 반대를 선택하여 자신의 의견을 작성해주세요. 그리고 그렇게 생각한 이유에 대해서 작성해주세요.",
    "essay_type": "찬성반대",
    "essay_level": "2",
    "essay_len": 829,
    "essay_main_subject": "비혼주의자에 대한 본인의 의견"
  }
}