{
  "paragraph": [
    {
      "paragraph_txt": "사실 나는 비혼주의자라는 것에 찬성 및 반대를 하는 것을 좋지 않다고 본다.#@문장구분# 하지만 찬성과 반대 중에 꼭 고르라고 한다면 나는 찬성에 한표이다.#@문장구분#\n \n여기서 찬반논의를 하는것이 좋지 않다고 보는 이유는 인생은 아무도 모르는 것이다.#@문장구분# 당장 내일 세상이 어떻게 변할지 무슨일이 일어 날지는 아무도 모른다.#@문장구분#\n \n비혼주의자가 갑자기 운명적인 남자를 만나 결혼을 하게 될지도 모르는 것이다.#@문장구분# 어떤 한 남자를 만났는데 나와 너무 잘 맞는 사람이라 가정해보자 소울 메이트 같은 존재라고 했을때 비혼주의를 선언하였다 하여 결혼을 하지 않을수 있을것인가?#@문장구분# 그것은 아니기 때문이다.#@문장구분# 그럼에도 불구 하고 내가 찬성에 한표를 던지는 이유는 경제적인 이유가 제일 크다고 생각한다.#@문장구분# 결혼을 하려면 돈이 많이 필요하다.#@문장구분# 수도권인 서울같은 경우 원룸 하나 구하는데 1~2억 남짓이 기본일 정도로 집값이 매우 높다고 한다.#@문장구분#우스갯소리로 만원으로 수프 가루를 사서 한달을 먹는다는 말이 현실이 되어갈 정도로 물가 상승률도 높다.#@문장구분# 지금부터 일해서 돈을 정말 열심히 모아도 월세집 하나도 마련하지 못한다. #@문장구분#당연히 대출이다 뭐다 이런 지원사업도 있다.#@문장구분#하지만 그것 마저도 아무에게나 돈을 빌려 주지는 않는다.#@문장구분#이러한 생활 속에서 내 자유와 인생을 포기하면서 일만 하면서 살고 싶지는 않다.#@문장구분# 차라리 혼자 부모님과 함께 살면서 내 자유도 누리고 내취미생활도 하면서 아무런 속박없이 사는게 내 자신에게는 좋은 인생이 될거라고 생각한다.#@문장구분# 이것은 정말 개인의 선택이다.#@문장구분# 결혼을 하든가 안하든가가 중요한 것이 아니다.#@문장구분# 나 자신의 정체성을 잃어버리지 않고 자신의 삶에 만족하며 행복하게 살아가는 것이 중요한 것이라고 나는 생각한다.#@문장구분#",
      "paragraph_len": 1205,
      "paragraph_id": "001"
    }
  ],
  "score": {
    "paragraph_score": [
      {
        "paragraph_scoreT": [
          2.8,
          2.4,
          2.8
        ],
        "paragraph_scoreT_detail": {
          "paragraph_scoreT_exp": [
            [
              2,
              3,
              3
            ],
            [
              2,
              3,
              2
            ],
            [
              2,
              3,
              3
            ]
          ]
        },
        "paragraph_scoreT_avg": 2.6666667,
        "paragraph_id": "001"
      }
    ],
    "essay_scoreT": [
      28.2,
      26.100002,
      29.4
    ],
    "essay_scoreT_avg": 27.900002,
    "essay_scoreT_detail": {
      "essay_scoreT_org": [
        [
          3,
          0,
          3,
          3
        ],
        [
          3,
          0,
          2,
          3
        ],
        [
          3,
          0,
          3,
          3
        ]
      ],
      "essay_scoreT_cont": [
        [
          2,
          3,
          3,
          3
        ],
        [
          3,
          2,
          3,
          3
        ],
        [
          3,
          3,
          3,
          3
        ]
      ],
      "essay_scoreT_exp": [
        [
          2,
          3,
          3
        ],
        [
          2,
          3,
          2
        ],
        [
          2,
          3,
          3
        ]
      ]
    }
  },
  "student": {
    "date": "2021.12.15",
    "student_educated": true,
    "student_grade": "고등_1학년",
    "location": "063",
    "student_grade_group": "고등",
    "student_reading": 2
  },
  "rubric": {
    "essay_grade": "고등_1학년",
    "organization_weight": {
      "org_paragraph": 0,
      "org": 3,
      "org_essay": 6,
      "org_coherence": 3,
      "org_quantity": 1
    },
    "essay_type": "찬성반대",
    "content_weight": {
      "con_clearance": 3,
      "con_novelty": 3,
      "con": 4,
      "con_prompt": 1,
      "con_description": 3
    },
    "essay_main_subject": "비혼주의자에 대한 본인의 의견",
    "expression_weight": {
      "exp_style": 4,
      "exp_grammar": 2,
      "exp_vocab": 4,
      "exp": 3
    }
  },
  "correction": [],
  "info": {
    "essay_id": "ESSAY_71946",
    "essay_prompt": " \"\"연애는 필수, 결혼은 선택! 가슴이 뛰는 대로 가면 돼\"\".\n\n 유명한 유행가의 노래 가사처럼, 청년들에게 결혼은 이제 필수가 아닌 하나의 선택 사항입니다. 연애, 결혼, 출산을 포기한다는 의미의 '3포세대'라는 말이 나오기 무섭게 5포 세대, N포세대까지 등장할 정도로 취업난, 치솟는 부동산 가격 등 여러 사회·경제적 요인들로 청년층을 위축시켰습니다.\n\n 모두가 이러한 이유로 '결혼을 포기'하는 것만은 아닙니다. 개인의 행복을 위해 '비혼을 선택'하는 청년들도 늘고 있습니다. 이처럼 최근 전통적인 가치관에서 벗어나 연애와 동거는 하면서 결혼이라는 제도에 묶여 관계에서 파생되는 책임을 벗어나 자유로운 삶을 추구하는 비혼주의자가 늘고 있습니다.\n\n 다만, 개인의 자유로운 선택에 따라 비혼주의를 하지만 주변에서는 아직 고운 시선으로 바라보지 않는 사람도 많습니다. 결혼이라는 제도에 대해서 선택이 아닌 필수라고 생각하는 사람들도 많지요. 개개인이 모여 사회가 형성되기 때문에 사회의 가장 작은 단위인 가족을 이루는 것도 사회 구성원으로서의 큰 역할이라고 생각하는 사람들도 있습니다.\n\n 여러분은 결혼을 꼭 해야 한다고 생각하시나요? 아니면 결혼은 선택의 문제라고 생각하시나요? 비혼주의에 대해 찬성하는 입장 반대를 선택하여 자신의 의견을 작성해주세요. 그리고 그렇게 생각한 이유에 대해서 작성해주세요.",
    "essay_type": "찬성반대",
    "essay_level": "2",
    "essay_len": 828,
    "essay_main_subject": "비혼주의자에 대한 본인의 의견"
  }
}