{
  "paragraph": [
    {
      "paragraph_txt": "우선 나는 비혼주의자에 대한 의견에는 찬성이다.#@문장구분# 그 이유는 우선 결혼을 하든 하지않던 그것은 개인의 자유이며 의무사항이 아니다.#@문장구분# 요즘에는 결혼을 하고 싶어도 하지 못하는 경우가 있다.#@문장구분# 내가 생각하기에 비혼주의자가 나타난 배경은 우리의 사회 때문이다.#@문장구분# 점점 취업하기도 어려워지고 이제는 우리 몸 하나 살리는 것도 쉬운일이 아니다.#@문장구분# 만약에 우리가 결혼을 한다고 가정해보자, 우선 많은 것이 필요하다.#@문장구분# 결혼식장을 빌리고 결혼 할 때 입을 옷, 신혼여행, 신혼집등등 많은 것이 필요하다.#@문장구분# 집 값 폭등으로 신혼집을 꾸리고 사는 것은 정말 많은 비용이 드는데 우리가 취업이 잘 되지않으니 결혼을 할 생각 조차 들지 않는 것이다.#@문장구분# 아이 출산 이후에도 많은 돈이 든다.#@문장구분# 19세까지 아이를 키우는데 드는 돈은 평균 2~5억이라고 한다.#@문장구분# 우리는 현실적인 이유로 결혼을 포기하게 되는 경우가 많다.#@문장구분# 그리고 육아 스트레스 또한 만만치 않다.#@문장구분# 그리고 요즘에는 더더욱 힘들다.#@문장구분# 코로나 시기로 자리를 잡고있던 소상공인이나 자영업자도 힘들어지고 거리두기나 그 주변에 확진자가 나오면 가게 문을 일시적으로 닫아야하는 아주 힘든 상황이다.#@문장구분# 어렵게 자리잡은 그들도 잠시동안은 실직한 상태인데 이제 취업을 준비하고 사업을 준비하려는 사람들에게 결혼은 꿈도 못 꿀 일이다.#@문장구분# 우리가 그 사람의 상황도 파악하지 않고 결혼을 하지 않았다는 이유로 비혼주의자들을 비판적인 시각으로 본다면 큰 잘못이다.#@문장구분# 만약 정부가 결혼에 대해 전폭적인 정책을 마련 한다면 해결할 수도 있다고 생각할 것이다.#@문장구분# 아이를 출산하면 얼마를 주겠다, 자녀가 몇몇 이상이면 얼마를 주겠다 이러한 정책들이 큰 효과를 줄지는 모르겠다.#@문장구분# 전부의 지원은 국민들의 세금으로 나온다. #@문장구분#그리고 모두를 지원해주기에는 한계가 있다고 생각한다.#@문장구분# 우리나라가 고령화, 저출산 사회인 이유이다. #@문장구분#그리고 훗날에는 우리가 될수도 있다.#@문장구분# 그래서 나는 비혼주의자에 찬성한다.#@문장구분#",
      "paragraph_len": 1395,
      "paragraph_id": "001"
    }
  ],
  "score": {
    "paragraph_score": [
      {
        "paragraph_scoreT": [
          2.4,
          2.8,
          2.2
        ],
        "paragraph_scoreT_detail": {
          "paragraph_scoreT_exp": [
            [
              2,
              3,
              2
            ],
            [
              2,
              3,
              3
            ],
            [
              3,
              2,
              2
            ]
          ]
        },
        "paragraph_scoreT_avg": 2.4666665,
        "paragraph_id": "001"
      }
    ],
    "essay_scoreT": [
      23.9,
      29.4,
      24.9
    ],
    "essay_scoreT_avg": 26.066666,
    "essay_scoreT_detail": {
      "essay_scoreT_org": [
        [
          2,
          0,
          2,
          3
        ],
        [
          3,
          0,
          3,
          3
        ],
        [
          2,
          0,
          2,
          3
        ]
      ],
      "essay_scoreT_cont": [
        [
          3,
          2,
          2,
          3
        ],
        [
          3,
          3,
          3,
          3
        ],
        [
          3,
          3,
          3,
          3
        ]
      ],
      "essay_scoreT_exp": [
        [
          2,
          3,
          2
        ],
        [
          2,
          3,
          3
        ],
        [
          3,
          2,
          2
        ]
      ]
    }
  },
  "student": {
    "date": "2021.10.24",
    "student_educated": true,
    "student_grade": "고등_1학년",
    "location": "063",
    "student_grade_group": "고등",
    "student_reading": 1
  },
  "rubric": {
    "essay_grade": "고등_1학년",
    "organization_weight": {
      "org_paragraph": 0,
      "org": 3,
      "org_essay": 6,
      "org_coherence": 3,
      "org_quantity": 1
    },
    "essay_type": "찬성반대",
    "content_weight": {
      "con_clearance": 3,
      "con_novelty": 3,
      "con": 4,
      "con_prompt": 1,
      "con_description": 3
    },
    "essay_main_subject": "비혼주의자에 대한 본인의 의견",
    "expression_weight": {
      "exp_style": 4,
      "exp_grammar": 2,
      "exp_vocab": 4,
      "exp": 3
    }
  },
  "correction": [],
  "info": {
    "essay_id": "ESSAY_44867",
    "essay_prompt": " \"\"연애는 필수, 결혼은 선택! 가슴이 뛰는 대로 가면 돼\"\".\n\n 유명한 유행가의 노래 가사처럼, 청년들에게 결혼은 이제 필수가 아닌 하나의 선택 사항입니다. 연애, 결혼, 출산을 포기한다는 의미의 '3포세대'라는 말이 나오기 무섭게 5포 세대, N포세대까지 등장할 정도로 취업난, 치솟는 부동산 가격 등 여러 사회·경제적 요인들로 청년층을 위축시켰습니다.\n\n 모두가 이러한 이유로 '결혼을 포기'하는 것만은 아닙니다. 개인의 행복을 위해 '비혼을 선택'하는 청년들도 늘고 있습니다. 이처럼 최근 전통적인 가치관에서 벗어나 연애와 동거는 하면서 결혼이라는 제도에 묶여 관계에서 파생되는 책임을 벗어나 자유로운 삶을 추구하는 비혼주의자가 늘고 있습니다.\n\n 다만, 개인의 자유로운 선택에 따라 비혼주의를 하지만 주변에서는 아직 고운 시선으로 바라보지 않는 사람도 많습니다. 결혼이라는 제도에 대해서 선택이 아닌 필수라고 생각하는 사람들도 많지요. 개개인이 모여 사회가 형성되기 때문에 사회의 가장 작은 단위인 가족을 이루는 것도 사회 구성원으로서의 큰 역할이라고 생각하는 사람들도 있습니다.\n\n 여러분은 결혼을 꼭 해야 한다고 생각하시나요? 아니면 결혼은 선택의 문제라고 생각하시나요? 비혼주의에 대해 찬성하는 입장 반대를 선택하여 자신의 의견을 작성해주세요. 그리고 그렇게 생각한 이유에 대해서 작성해주세요.",
    "essay_type": "찬성반대",
    "essay_level": "2",
    "essay_len": 935,
    "essay_main_subject": "비혼주의자에 대한 본인의 의견"
  }
}