{
  "paragraph": [
    {
      "paragraph_txt": "비혼주의는 나라의 미래를 고려하지 않는 이기적인 선택이라고 힐난하기도 하고, 혹자는 퍽퍽한 현실에서 새로운 세대의 새로운 삶의 방식이라며 지지하기도 한다.#@문장구분# 나는 비혼주의에 긍정적인 시각을 가지고 있다.#@문장구분# 그 이유는 다음과 같다.#@문장구분# 첫 번째 이유는 경제적인 관점에서 본 결혼이 '꿈꿀 만한'것이 아니기 때문이다.#@문장구분# '내 집 마련'은 노년기에나 꿈꿔볼 만한 가치가 된 시대, 취업은 하늘의 별 따기가 된 시대, 나 하나 먹고 살기도 아등바등해야 하는 시대에서 결혼이 과연 내 인생을 아름답게 만들어 줄 수 있을까, 하는 의문이 든다.#@문장구분# 전통적인 가치관에 떠밀려 적당히 결혼하게 된다면 그에 따른 경제적 책임은 그 누구도 감당할 수 없다.#@문장구분# 사랑하는 사람끼리 연애하며, 또는 동거를 하며 돈독한 사이를 유지하되 현실적 책임이 뒤따르는 결혼은 지양하는 것이 낭만과 현실을 동시에 감당할 수 있는 최선의 방법이라는 생각이 든다.#@문장구분# 내가 비혼주의를 지지하는 두 번째 이유는 나의 가치관에 부합하기 때문이다. #@문장구분#또한 집안에 외동이라거나 유일한 아들이라는 그런 경우로 인해 아이를 낳아야한다는 강박에 결혼을 강제로 해야하는 경우도 있다.#@문장구분# 하지만 내 생각에는 굳이 아이를 위해서 결혼을 해야하나도 싶다.#@문장구분# 잘알듯이 우리나라의 청소년 자살률이 정말 높다.#@문장구분# 그리고 청소년 행복도도 제일 낮다.#@문장구분# 따라서 어차피 내가 낳아서 길렀을때 이 아이를 행복하게 해주겠다는 확신이 없어서 안낳고싶다.#@문장구분# 오히려 보육원이나 고아원에 있는 아이들을 입양하거나 후원하는것이 개인적으로 나는 좋기때문에 아이를 낳기위해서 결혼하는 것도 별로인것같다.#@문장구분# 따라서 아이를 낳아야한다, 결혼을 해야한다#@문장구분# 이런 인식에서 모두가 벗어났으면 좋겠다는 마인드에서 나는 비혼주의에 대해 찬성한다.#@문장구분#",
      "paragraph_len": 1168,
      "paragraph_id": "001"
    }
  ],
  "score": {
    "paragraph_score": [
      {
        "paragraph_scoreT": [
          3,
          2.6,
          2.6
        ],
        "paragraph_scoreT_detail": {
          "paragraph_scoreT_exp": [
            [
              3,
              3,
              3
            ],
            [
              3,
              2,
              3
            ],
            [
              3,
              3,
              2
            ]
          ]
        },
        "paragraph_scoreT_avg": 2.7333333,
        "paragraph_id": "001"
      }
    ],
    "essay_scoreT": [
      30,
      25.8,
      26.3
    ],
    "essay_scoreT_avg": 27.366667,
    "essay_scoreT_detail": {
      "essay_scoreT_org": [
        [
          3,
          0,
          3,
          3
        ],
        [
          2,
          0,
          3,
          3
        ],
        [
          3,
          0,
          2,
          3
        ]
      ],
      "essay_scoreT_cont": [
        [
          3,
          3,
          3,
          3
        ],
        [
          3,
          2,
          3,
          3
        ],
        [
          2,
          3,
          2,
          3
        ]
      ],
      "essay_scoreT_exp": [
        [
          3,
          3,
          3
        ],
        [
          3,
          2,
          3
        ],
        [
          3,
          3,
          2
        ]
      ]
    }
  },
  "student": {
    "date": "2021.12.20",
    "student_educated": true,
    "student_grade": "고등_1학년",
    "location": "044",
    "student_grade_group": "고등",
    "student_reading": 2
  },
  "rubric": {
    "essay_grade": "고등_1학년",
    "organization_weight": {
      "org_paragraph": 0,
      "org": 3,
      "org_essay": 6,
      "org_coherence": 3,
      "org_quantity": 1
    },
    "essay_type": "찬성반대",
    "content_weight": {
      "con_clearance": 3,
      "con_novelty": 3,
      "con": 4,
      "con_prompt": 1,
      "con_description": 3
    },
    "essay_main_subject": "비혼주의자에 대한 본인의 의견",
    "expression_weight": {
      "exp_style": 4,
      "exp_grammar": 2,
      "exp_vocab": 4,
      "exp": 3
    }
  },
  "correction": [],
  "info": {
    "essay_id": "ESSAY_71266",
    "essay_prompt": " \"\"연애는 필수, 결혼은 선택! 가슴이 뛰는 대로 가면 돼\"\".\n\n 유명한 유행가의 노래 가사처럼, 청년들에게 결혼은 이제 필수가 아닌 하나의 선택 사항입니다. 연애, 결혼, 출산을 포기한다는 의미의 '3포세대'라는 말이 나오기 무섭게 5포 세대, N포세대까지 등장할 정도로 취업난, 치솟는 부동산 가격 등 여러 사회·경제적 요인들로 청년층을 위축시켰습니다.\n\n 모두가 이러한 이유로 '결혼을 포기'하는 것만은 아닙니다. 개인의 행복을 위해 '비혼을 선택'하는 청년들도 늘고 있습니다. 이처럼 최근 전통적인 가치관에서 벗어나 연애와 동거는 하면서 결혼이라는 제도에 묶여 관계에서 파생되는 책임을 벗어나 자유로운 삶을 추구하는 비혼주의자가 늘고 있습니다.\n\n 다만, 개인의 자유로운 선택에 따라 비혼주의를 하지만 주변에서는 아직 고운 시선으로 바라보지 않는 사람도 많습니다. 결혼이라는 제도에 대해서 선택이 아닌 필수라고 생각하는 사람들도 많지요. 개개인이 모여 사회가 형성되기 때문에 사회의 가장 작은 단위인 가족을 이루는 것도 사회 구성원으로서의 큰 역할이라고 생각하는 사람들도 있습니다.\n\n 여러분은 결혼을 꼭 해야 한다고 생각하시나요? 아니면 결혼은 선택의 문제라고 생각하시나요? 비혼주의에 대해 찬성하는 입장 반대를 선택하여 자신의 의견을 작성해주세요. 그리고 그렇게 생각한 이유에 대해서 작성해주세요.",
    "essay_type": "찬성반대",
    "essay_level": "2",
    "essay_len": 848,
    "essay_main_subject": "비혼주의자에 대한 본인의 의견"
  }
}