{
  "paragraph": [
    {
      "paragraph_txt": "친구에게 너는 나중에 네가 맘에 드는 사람을 만나 결혼 할꺼야? 라는 물음을 들은 적이 있다.#@문장구분# 올해 포함 6년 간 나의 대답은 'NO'였다.#@문장구분# 요즘은 나뿐만 아니라 나와 같이 결혼을 하지 않겠다는 생각을 가진 친구들이 한 두명이 아니다.#@문장구분#  이와 반대로 부모님들께 저는 결혼 할 생각이 없습니다 라고 말을 하면 부모님들께서 반대하는 경우가 적지 않은 편이다..#@문장구분# 이처럼 비혼주의는 세대간에 차이가 보여진다.#@문장구분# 나의 미래를 위해 반드시 결혼을 해야하나 라는 질문에 나는 비혼주의로 살아도 된다고 생각한다.#@문장구분# 왜냐하면 결혼을 꼭 해야한다는 법은 없기 때문이다.#@문장구분# 그런 법이 존재한다면 나 또한 그 법에 따르겠지만  그러한 법이 등재 되어 있지 않으니 결혼은 나의 자유에 맏겨진 것 이라고 생각하기 때문이다.#@문장구분# 많은 사람의 비혼 주의로 인해 조금의 문제점들은 생겨 났지만 이보다 많은 장점들이 있기에 비혼주의를 선택 하였다고 생각한다.#@문장구분# 예를 들어보자면 결혼을 하지 않으면 누군가의 배우자, 엄마,아빠가 아닌 온전히 나라는 사람에게 집중할 수 있어서 나에게 보다 많은 시간을 투자하여 자기계발과 취미에 집중할 수 있다는 것이다.#@문장구분# 그리고 위에 말한 것처럼 안정적인 재정 상황과 가정에 대한 부담감을 덜 수 있다는 장점이 있다.#@문장구분# 또한 연애는 하고 싶지만 결혼을 하고 싶지 않은 사람이 있을 수 있는데 이런 사람끼리 연애를 한다면 자신의 영역을 침범하지 않고 서로의 의사를 존중해주는 연애를 즐길 수 있을 것이다.#@문장구분# 이처럼 결혼을 하지 않고 비혼 주의로 살면서 얻는 장점들이 있기 때문에 많은 사람들이 비혼 주의를 추구 하는 것 같다.#@문장구분# 나 또한 비혼 주의인 사람으로써 비혼 주의는 절대 나쁜 것이 아니라 생각한다.#@문장구분#",
      "paragraph_len": 1112,
      "paragraph_id": "001"
    }
  ],
  "score": {
    "paragraph_score": [
      {
        "paragraph_scoreT": [
          3,
          3,
          2.8
        ],
        "paragraph_scoreT_detail": {
          "paragraph_scoreT_exp": [
            [
              3,
              3,
              3
            ],
            [
              3,
              3,
              3
            ],
            [
              2,
              3,
              3
            ]
          ]
        },
        "paragraph_scoreT_avg": 2.9333334,
        "paragraph_id": "001"
      }
    ],
    "essay_scoreT": [
      30,
      26.7,
      25.7
    ],
    "essay_scoreT_avg": 27.466667,
    "essay_scoreT_detail": {
      "essay_scoreT_org": [
        [
          3,
          0,
          3,
          3
        ],
        [
          2,
          0,
          3,
          2
        ],
        [
          3,
          0,
          2,
          3
        ]
      ],
      "essay_scoreT_cont": [
        [
          3,
          3,
          3,
          3
        ],
        [
          3,
          2,
          3,
          3
        ],
        [
          2,
          2,
          2,
          3
        ]
      ],
      "essay_scoreT_exp": [
        [
          3,
          3,
          3
        ],
        [
          3,
          3,
          3
        ],
        [
          2,
          3,
          3
        ]
      ]
    }
  },
  "student": {
    "date": "2021.12.21",
    "student_educated": true,
    "student_grade": "고등_1학년",
    "location": "031",
    "student_grade_group": "고등",
    "student_reading": 2
  },
  "rubric": {
    "essay_grade": "고등_1학년",
    "organization_weight": {
      "org_paragraph": 0,
      "org": 3,
      "org_essay": 6,
      "org_coherence": 3,
      "org_quantity": 1
    },
    "essay_type": "찬성반대",
    "content_weight": {
      "con_clearance": 3,
      "con_novelty": 3,
      "con": 4,
      "con_prompt": 1,
      "con_description": 3
    },
    "essay_main_subject": "비혼주의자에 대한 본인의 의견",
    "expression_weight": {
      "exp_style": 4,
      "exp_grammar": 2,
      "exp_vocab": 4,
      "exp": 3
    }
  },
  "correction": [],
  "info": {
    "essay_id": "ESSAY_71321",
    "essay_prompt": " \"\"연애는 필수, 결혼은 선택! 가슴이 뛰는 대로 가면 돼\"\".\n\n 유명한 유행가의 노래 가사처럼, 청년들에게 결혼은 이제 필수가 아닌 하나의 선택 사항입니다. 연애, 결혼, 출산을 포기한다는 의미의 '3포세대'라는 말이 나오기 무섭게 5포 세대, N포세대까지 등장할 정도로 취업난, 치솟는 부동산 가격 등 여러 사회·경제적 요인들로 청년층을 위축시켰습니다.\n\n 모두가 이러한 이유로 '결혼을 포기'하는 것만은 아닙니다. 개인의 행복을 위해 '비혼을 선택'하는 청년들도 늘고 있습니다. 이처럼 최근 전통적인 가치관에서 벗어나 연애와 동거는 하면서 결혼이라는 제도에 묶여 관계에서 파생되는 책임을 벗어나 자유로운 삶을 추구하는 비혼주의자가 늘고 있습니다.\n\n 다만, 개인의 자유로운 선택에 따라 비혼주의를 하지만 주변에서는 아직 고운 시선으로 바라보지 않는 사람도 많습니다. 결혼이라는 제도에 대해서 선택이 아닌 필수라고 생각하는 사람들도 많지요. 개개인이 모여 사회가 형성되기 때문에 사회의 가장 작은 단위인 가족을 이루는 것도 사회 구성원으로서의 큰 역할이라고 생각하는 사람들도 있습니다.\n\n 여러분은 결혼을 꼭 해야 한다고 생각하시나요? 아니면 결혼은 선택의 문제라고 생각하시나요? 비혼주의에 대해 찬성하는 입장 반대를 선택하여 자신의 의견을 작성해주세요. 그리고 그렇게 생각한 이유에 대해서 작성해주세요.",
    "essay_type": "찬성반대",
    "essay_level": "2",
    "essay_len": 832,
    "essay_main_subject": "비혼주의자에 대한 본인의 의견"
  }
}