{
  "paragraph": [
    {
      "paragraph_txt": "학교에 여자애들을 보면 결혼 할 생각이 싹 사라집니다.#@문장구분# 모든지 남자가 죄인인 듯 이야기하며, 남자들을 한남충이라고 부르고 부모님한테도 300충이라고 부르는 모습을 보면서 이런 생각을 가지고 있는 사람과 결혼 할 수도 있다는 생각에 두려움이 먼저 생깁니다.#@문장구분# 뉴스나 인터넷에서 페미를 찬양하는 카페가 많아졌으며, 그로 인한 시위도 많아졌습니다.#@문장구분# 여성의 인권을 찾는 것은 좋으나 그로 인해서 남성을 비하하고 잠정적인 범죄자로 몰고 있는 여성들이 많아지면서 그러한 사상을 가지고 있는 사람들이 심심치 않게 보이고 있습니다.#@문장구분# 저희반에서도 여자애들과 이야기를 해보면 페미에 대한 성향을 가진 애들이 종종 있으며, 결혼에 대해서 물어보면 결혼은 남자를 위한 제도라며 자신은 절대 결혼을 하지 않을 것이라고 합니다.#@문장구분# 왜 결혼이 남자를 위한 제도냐면서 물어보면 결혼을 함으로써 여자는 잃게 되는 것이 많다고 합니다. #@문장구분#우선 아기를 갖게 되면 자신만 힘들게 임신하여 출산까지의 불편함과 힘듬 또한 출산의 고통을 혼자 겪어야 하는 것이 너무 억울하다고 하며, 나중에 직장을 갖게 되면 임신으로 인하 경력단절으로 다시 일을 구하기 힘들다고 하고 집안일을 남자와 반반씩 부담하여 하더라도 결국에는 여성이 더 많은 집안일을 하게 되어 불합리하다고 합니다.#@문장구분# 이런 말을 들으니 반박하고 싶어도 이미 고정관념이 생긴 여자애에게 무슨 말을 해도 안 통하겠구나 라는 생각이 들어 대화를 단절하였습니다. #@문장구분#결혼은 혼자 좋아서 하는 것이 아니고 서로 다름을 이해하고 맞춰나가면서 함께 하는 것이라고 생각하는 저와는 다르게 무조건적으로 희생하고 살고 싶지 않다고 생각하는 사람들이 많기에 저는 다른 여자애들을 만나도 이러한 생각을 가질거라는 고정관념이 생겨 결혼에 대한 생각을 버렸습니다.#@문장구분#",
      "paragraph_len": 1045,
      "paragraph_id": "001"
    }
  ],
  "score": {
    "paragraph_score": [
      {
        "paragraph_scoreT": [
          3,
          2,
          2.8
        ],
        "paragraph_scoreT_detail": {
          "paragraph_scoreT_exp": [
            [
              3,
              3,
              3
            ],
            [
              2,
              2,
              2
            ],
            [
              2,
              3,
              3
            ]
          ]
        },
        "paragraph_scoreT_avg": 2.6000001,
        "paragraph_id": "001"
      }
    ],
    "essay_scoreT": [
      30,
      24,
      29.4
    ],
    "essay_scoreT_avg": 27.800001,
    "essay_scoreT_detail": {
      "essay_scoreT_org": [
        [
          3,
          0,
          3,
          3
        ],
        [
          2,
          0,
          3,
          3
        ],
        [
          3,
          0,
          3,
          3
        ]
      ],
      "essay_scoreT_cont": [
        [
          3,
          3,
          3,
          3
        ],
        [
          2,
          3,
          3,
          3
        ],
        [
          3,
          3,
          3,
          3
        ]
      ],
      "essay_scoreT_exp": [
        [
          3,
          3,
          3
        ],
        [
          2,
          2,
          2
        ],
        [
          2,
          3,
          3
        ]
      ]
    }
  },
  "student": {
    "date": "2021.12.15",
    "student_educated": true,
    "student_grade": "고등_1학년",
    "location": "044",
    "student_grade_group": "고등",
    "student_reading": 2
  },
  "rubric": {
    "essay_grade": "고등_1학년",
    "organization_weight": {
      "org_paragraph": 0,
      "org": 3,
      "org_essay": 6,
      "org_coherence": 3,
      "org_quantity": 1
    },
    "essay_type": "찬성반대",
    "content_weight": {
      "con_clearance": 3,
      "con_novelty": 3,
      "con": 4,
      "con_prompt": 1,
      "con_description": 3
    },
    "essay_main_subject": "비혼주의자에 대한 본인의 의견",
    "expression_weight": {
      "exp_style": 4,
      "exp_grammar": 2,
      "exp_vocab": 4,
      "exp": 3
    }
  },
  "correction": [],
  "info": {
    "essay_id": "ESSAY_65982",
    "essay_prompt": " \"\"연애는 필수, 결혼은 선택! 가슴이 뛰는 대로 가면 돼\"\".\n\n 유명한 유행가의 노래 가사처럼, 청년들에게 결혼은 이제 필수가 아닌 하나의 선택 사항입니다. 연애, 결혼, 출산을 포기한다는 의미의 '3포세대'라는 말이 나오기 무섭게 5포 세대, N포세대까지 등장할 정도로 취업난, 치솟는 부동산 가격 등 여러 사회·경제적 요인들로 청년층을 위축시켰습니다.\n\n 모두가 이러한 이유로 '결혼을 포기'하는 것만은 아닙니다. 개인의 행복을 위해 '비혼을 선택'하는 청년들도 늘고 있습니다. 이처럼 최근 전통적인 가치관에서 벗어나 연애와 동거는 하면서 결혼이라는 제도에 묶여 관계에서 파생되는 책임을 벗어나 자유로운 삶을 추구하는 비혼주의자가 늘고 있습니다.\n\n 다만, 개인의 자유로운 선택에 따라 비혼주의를 하지만 주변에서는 아직 고운 시선으로 바라보지 않는 사람도 많습니다. 결혼이라는 제도에 대해서 선택이 아닌 필수라고 생각하는 사람들도 많지요. 개개인이 모여 사회가 형성되기 때문에 사회의 가장 작은 단위인 가족을 이루는 것도 사회 구성원으로서의 큰 역할이라고 생각하는 사람들도 있습니다.\n\n 여러분은 결혼을 꼭 해야 한다고 생각하시나요? 아니면 결혼은 선택의 문제라고 생각하시나요? 비혼주의에 대해 찬성하는 입장 반대를 선택하여 자신의 의견을 작성해주세요. 그리고 그렇게 생각한 이유에 대해서 작성해주세요.",
    "essay_type": "찬성반대",
    "essay_level": "2",
    "essay_len": 865,
    "essay_main_subject": "비혼주의자에 대한 본인의 의견"
  }
}