{
  "paragraph": [
    {
      "paragraph_txt": "우리 사회는 시대를 거치면서 많이 발전하고, 변한다. #@문장구분#그 중에 결혼이라는 것에 대한 인식도 변하게 된 것같다.#@문장구분# 예전이라면 결혼은 무조건 해야 하는 것이였는데 지금은 결혼이란 건 선택이다.#@문장구분# 예전 같으면 스무살 후반에 가면 가족들이나 주변에서 결혼은 언제할거야, 만나는 사람은 있냐는 질문을 많이 받았을것이다.#@문장구분# 하지만 지금은 가족들이라도 그런 질문하는 것이 실례가 될 수 있다.#@문장구분# 이처럼 시대가 변하면서 결혼의 관점이 변하였다.#@문장구분# 또 결혼 시기도 많이 바뀌었다.#@문장구분# 예전에는 스물살 초반에도 하고, 삼십 대 초반에는 거의 결혼을 했었는데 지금은 삼십 대 초반에도 빨리하는 경우라고 생각한다.#@문장구분# 최근에는 결혼을 언제하는 지 정해져 있지 않고 각자 다 다른거 같다. #@문장구분#또 결혼의 의미도 많이 달라진 거 같다.#@문장구분# 결혼은 사랑에 마지막 같은 것이였는데 요즘은 결혼해도 얼마가지 못하고 이혼하는 사례도 많고 이혼하고 다시 결혼하는 재혼 또한 많아졌다. #@문장구분#결혼이 마지막이 아니게 된 느낌이다.#@문장구분# 또 결혼은 하면 서로에 대해서 다 보여주는 모습이였는데 이제는 결혼을 해도 각자에 사생활이 있어 말을 안 하는 경우가 많아 지는 것 같다. #@문장구분#이처럼 결혼에 의미, 방식과 같은게 예전과 확실히 많이 달라졌다.#@문장구분# 또 요즘에는 혼자 살기 편한하게 맞춰지는 사회라서 많이 인식들을 바꾸는 경우도 있는 것 같다.#@문장구분# 예전에는 혼자 밥을 먹는다던가, 혼자 영화관을 간다는 건 정말 하기 쉬운일이 아니였다.#@문장구분#그런데 요즘에는 그런게 하나의 트렌드가 되서 하나에 문화가 되었다.#@문장구분# 이처럼 많은 변화들이 결혼에 대한 생각을 바꾸게 해준것 같다.#@문장구분# 꼭 하지 않아도 혼자서도 잘 살수 있게 해주는 것 같다.#@문장구분# 그래서 비혼주의자가 사회에 많아지는 것 같다.#@문장구분#",
      "paragraph_len": 1230,
      "paragraph_id": "001"
    }
  ],
  "score": {
    "paragraph_score": [
      {
        "paragraph_scoreT": [
          3,
          3,
          2.8
        ],
        "paragraph_scoreT_detail": {
          "paragraph_scoreT_exp": [
            [
              3,
              3,
              3
            ],
            [
              3,
              3,
              3
            ],
            [
              2,
              3,
              3
            ]
          ]
        },
        "paragraph_scoreT_avg": 2.9333334,
        "paragraph_id": "001"
      }
    ],
    "essay_scoreT": [
      28.8,
      28.8,
      26.599998
    ],
    "essay_scoreT_avg": 28.066666,
    "essay_scoreT_detail": {
      "essay_scoreT_org": [
        [
          3,
          0,
          3,
          3
        ],
        [
          3,
          0,
          3,
          3
        ],
        [
          3,
          0,
          3,
          3
        ]
      ],
      "essay_scoreT_cont": [
        [
          3,
          2,
          3,
          3
        ],
        [
          3,
          2,
          3,
          3
        ],
        [
          2,
          2,
          2,
          3
        ]
      ],
      "essay_scoreT_exp": [
        [
          3,
          3,
          3
        ],
        [
          3,
          3,
          3
        ],
        [
          2,
          3,
          3
        ]
      ]
    }
  },
  "student": {
    "date": "2021.12.24",
    "student_educated": true,
    "student_grade": "고등_1학년",
    "location": "063",
    "student_grade_group": "고등",
    "student_reading": 2
  },
  "rubric": {
    "essay_grade": "고등_1학년",
    "organization_weight": {
      "org_paragraph": 0,
      "org": 3,
      "org_essay": 6,
      "org_coherence": 3,
      "org_quantity": 1
    },
    "essay_type": "찬성반대",
    "content_weight": {
      "con_clearance": 3,
      "con_novelty": 3,
      "con": 4,
      "con_prompt": 1,
      "con_description": 3
    },
    "essay_main_subject": "비혼주의자에 대한 본인의 의견",
    "expression_weight": {
      "exp_style": 4,
      "exp_grammar": 2,
      "exp_vocab": 4,
      "exp": 3
    }
  },
  "correction": [],
  "info": {
    "essay_id": "ESSAY_76750",
    "essay_prompt": " \"\"연애는 필수, 결혼은 선택! 가슴이 뛰는 대로 가면 돼\"\".\n\n 유명한 유행가의 노래 가사처럼, 청년들에게 결혼은 이제 필수가 아닌 하나의 선택 사항입니다. 연애, 결혼, 출산을 포기한다는 의미의 '3포세대'라는 말이 나오기 무섭게 5포 세대, N포세대까지 등장할 정도로 취업난, 치솟는 부동산 가격 등 여러 사회·경제적 요인들로 청년층을 위축시켰습니다.\n\n 모두가 이러한 이유로 '결혼을 포기'하는 것만은 아닙니다. 개인의 행복을 위해 '비혼을 선택'하는 청년들도 늘고 있습니다. 이처럼 최근 전통적인 가치관에서 벗어나 연애와 동거는 하면서 결혼이라는 제도에 묶여 관계에서 파생되는 책임을 벗어나 자유로운 삶을 추구하는 비혼주의자가 늘고 있습니다.\n\n 다만, 개인의 자유로운 선택에 따라 비혼주의를 하지만 주변에서는 아직 고운 시선으로 바라보지 않는 사람도 많습니다. 결혼이라는 제도에 대해서 선택이 아닌 필수라고 생각하는 사람들도 많지요. 개개인이 모여 사회가 형성되기 때문에 사회의 가장 작은 단위인 가족을 이루는 것도 사회 구성원으로서의 큰 역할이라고 생각하는 사람들도 있습니다.\n\n 여러분은 결혼을 꼭 해야 한다고 생각하시나요? 아니면 결혼은 선택의 문제라고 생각하시나요? 비혼주의에 대해 찬성하는 입장 반대를 선택하여 자신의 의견을 작성해주세요. 그리고 그렇게 생각한 이유에 대해서 작성해주세요.",
    "essay_type": "찬성반대",
    "essay_level": "2",
    "essay_len": 831,
    "essay_main_subject": "비혼주의자에 대한 본인의 의견"
  }
}