{
  "paragraph": [
    {
      "paragraph_txt": "저는 비혼주의에 대해 찬성한다고 생각합니다.#@문장구분#  그저 결혼은 선택의 문제라고 생각하기 때문에 비혼주의자도 존중하는 것입니다.#@문장구분#결혼하지 않고 평생을 연인으로 지낼 수도 있다고 생각합니다.#@문장구분# 연인으로 지내는 것에 한계가 있다면 응급상황에 배우자의 자격이 주어지지 않는다는 속상한 진실이 있긴합니다.#@문장구분# 그러나 이러한 점을 감당할 수 있다면 꼭 결혼을 해야한다고는 생각하지 않습니다.#@문장구분#결혼이 선택이라고 생각한건 결혼을 하기까지 수많은 선택을 해야하기 때문이라고 생각하는데요.#@문장구분# 경제적인 면에서도 많은 부담이 될뿐더러 한 번도 싸운 적 없는 연인도 결혼식을 준비하는 과정에서 처음으로 싸운다고들하죠.#@문장구분# 물론 다 그런건 아니겠지만 그만큼 신경써야할 것이 많다는건데 그런 과정이 버겁다면 꼭 거치지 않아도 되는 제도라고 생각합니다.#@문장구분# 둘이서 행복하게 살면 그것만으로도 가족이 아닐까요?#@문장구분# 사랑스러운 아이가 생긴다면 그때는 아이의 호적과 안정감을 위해서 결혼을 해야한다고 생각합니다만 2세 계획이 없으신 분이라면 필수는 아니겠죠.#@문장구분# 또한 혼수도 없어서는 안되는 문제라고 생각합니다.#@문장구분# 혼수 또한 저에게는 이해가 가지 않는 결혼 제도인데요 물론 합의 하에 혼수를 배제하고 결혼을 하는 경우도 많지만 특히나 우리나라에서는 결혼이 단순히 둘만의 결혼이 아니라 양가 즉, 집안끼리의 결혼으로 봐야하는 경우가 많아서 둘만의 합의만으로 배제할 수 있는 문화가 아니라는 판단도 들었습니다.#@문장구분# 실제로 고부갈등으로 이혼하는 경우도 허다하죠.#@문장구분# 이러한 문제들에서 이질감을 느꼈습니다.#@문장구분# 그렇지 않습니까?#@문장구분# 둘이 사랑해서 배우자가 되는 것에 이렇게나 많은 허례허식이 필요하다면 굳이 결혼을 할 필요성이 있을까요.#@문장구분# 아직 인생의 절반도 채 안살았는데 자신을 위해 돈을 벌고 일하는 것보다 같이 큰 집에서 살기위해. 육아비를 벌기위해 등등 지출 또한 바뀌게 된다. #@문장구분#나는 이러한 것들이 되게 안타깝다.#@문장구분# 물론 정말 좋은 사람이여서 빨리 결혼하고 싶을 수도 있지만 내 인생을 나를 위해가 아닌 결국에는 남을 위해 산다는것이 쉽지는 않을 것 같다.#@문장구분#",
      "paragraph_len": 1373,
      "paragraph_id": "001"
    }
  ],
  "score": {
    "paragraph_score": [
      {
        "paragraph_scoreT": [
          3,
          3,
          2.8
        ],
        "paragraph_scoreT_detail": {
          "paragraph_scoreT_exp": [
            [
              3,
              3,
              3
            ],
            [
              3,
              3,
              3
            ],
            [
              2,
              3,
              3
            ]
          ]
        },
        "paragraph_scoreT_avg": 2.9333334,
        "paragraph_id": "001"
      }
    ],
    "essay_scoreT": [
      30,
      27,
      25.2
    ],
    "essay_scoreT_avg": 27.4,
    "essay_scoreT_detail": {
      "essay_scoreT_org": [
        [
          3,
          0,
          3,
          3
        ],
        [
          2,
          0,
          3,
          3
        ],
        [
          2,
          0,
          3,
          3
        ]
      ],
      "essay_scoreT_cont": [
        [
          3,
          3,
          3,
          3
        ],
        [
          3,
          2,
          3,
          3
        ],
        [
          2,
          3,
          3,
          2
        ]
      ],
      "essay_scoreT_exp": [
        [
          3,
          3,
          3
        ],
        [
          3,
          3,
          3
        ],
        [
          2,
          3,
          3
        ]
      ]
    }
  },
  "student": {
    "date": "2021.12.20",
    "student_educated": true,
    "student_grade": "고등_1학년",
    "location": "044",
    "student_grade_group": "고등",
    "student_reading": 2
  },
  "rubric": {
    "essay_grade": "고등_1학년",
    "organization_weight": {
      "org_paragraph": 0,
      "org": 3,
      "org_essay": 6,
      "org_coherence": 3,
      "org_quantity": 1
    },
    "essay_type": "찬성반대",
    "content_weight": {
      "con_clearance": 3,
      "con_novelty": 3,
      "con": 4,
      "con_prompt": 1,
      "con_description": 3
    },
    "essay_main_subject": "비혼주의자에 대한 본인의 의견",
    "expression_weight": {
      "exp_style": 4,
      "exp_grammar": 2,
      "exp_vocab": 4,
      "exp": 3
    }
  },
  "correction": [],
  "info": {
    "essay_id": "ESSAY_71303",
    "essay_prompt": " \"\"연애는 필수, 결혼은 선택! 가슴이 뛰는 대로 가면 돼\"\".\n\n 유명한 유행가의 노래 가사처럼, 청년들에게 결혼은 이제 필수가 아닌 하나의 선택 사항입니다. 연애, 결혼, 출산을 포기한다는 의미의 '3포세대'라는 말이 나오기 무섭게 5포 세대, N포세대까지 등장할 정도로 취업난, 치솟는 부동산 가격 등 여러 사회·경제적 요인들로 청년층을 위축시켰습니다.\n\n 모두가 이러한 이유로 '결혼을 포기'하는 것만은 아닙니다. 개인의 행복을 위해 '비혼을 선택'하는 청년들도 늘고 있습니다. 이처럼 최근 전통적인 가치관에서 벗어나 연애와 동거는 하면서 결혼이라는 제도에 묶여 관계에서 파생되는 책임을 벗어나 자유로운 삶을 추구하는 비혼주의자가 늘고 있습니다.\n\n 다만, 개인의 자유로운 선택에 따라 비혼주의를 하지만 주변에서는 아직 고운 시선으로 바라보지 않는 사람도 많습니다. 결혼이라는 제도에 대해서 선택이 아닌 필수라고 생각하는 사람들도 많지요. 개개인이 모여 사회가 형성되기 때문에 사회의 가장 작은 단위인 가족을 이루는 것도 사회 구성원으로서의 큰 역할이라고 생각하는 사람들도 있습니다.\n\n 여러분은 결혼을 꼭 해야 한다고 생각하시나요? 아니면 결혼은 선택의 문제라고 생각하시나요? 비혼주의에 대해 찬성하는 입장 반대를 선택하여 자신의 의견을 작성해주세요. 그리고 그렇게 생각한 이유에 대해서 작성해주세요.",
    "essay_type": "찬성반대",
    "essay_level": "2",
    "essay_len": 995,
    "essay_main_subject": "비혼주의자에 대한 본인의 의견"
  }
}