{
  "paragraph": [
    {
      "paragraph_txt": "저는 비혼주의에 찬성하는 의견입니다.#@문장구분# 결혼은 절대하지않는 것이 맞다고 하는 것이 아니라 결혼은 선택이라는 입장입니다.#@문장구분# 제가 비혼주의를 찬성하는이유는 첫 번째 경제적 문제입니다.#@문장구분# 결혼을 하게되면 집도구해야하고, 결혼식을 올려야하기위해 결혼식 자금도필요합니다.#@문장구분# 그리고 혼자일때 쓰던 식비가 더 많이 나가게 됩니다.#@문장구분# 그렇기 때문에 저는 비혼주의를 찬성하는 입장입니다.#@문장구분# 두 번째로 자신의 자유를 위해서입니다. #@문장구분#결혼을 하게되면 어디를 가더라도 아내를 생각하게 될것이고, 여행을 가거나 놀러갈때나 혼자의 시간을 가지고싶을때 아내가 있다면 조금 망설여지기 마련입니다.#@문장구분# 저는 성인이되어 혼자 여행도 다니고, 친구들과 맘편히 놀고싶기때문에 비혼주의를 찬성합니다.#@문장구분# 세 번째로는 의견 갈등의 문제입니다.#@문장구분# 결혼을 하게되어 같이살다보면 결혼은 남과남이 만나 하는것이기 때문에 가치관의 차이나 취향차이나 여러 가지문제로 의견충돌이 있을겁니다.#@문장구분# 의견충돌로 인해 싸움이 날수도있고, 말다툼이 생길수도있습니다.#@문장구분# 요즈음 의견충돌로 인해 작은 싸움이 크게번져 폭행,살인까지도 일어나고있는데 같이 살다보면 언젠가 의견충돌이 생길것입니다.#@문장구분# 그렇다고 꼭 싸운다고해서 폭행,살인이 일어난다는 것이 아니라 그정도로 위험하다는것입니다.#@문장구분# 마지막으로 저는 비혼주의를 찬성하는 것 뿐이지 꼭 결혼을 하지말라는 것은아닙니다.#@문장구분# 결혼은선택이라는것을 알려드리고 싶습니다.#@문장구분# 저는 결혼을 한다면 정말 자신이 책임질수있는 한계 내에서 결혼하는 것이 맞다고 생각합니다.#@문장구분# 자신의 상황보다 마음이 앞서 결혼을 하게되면 아내도 같이 힘들어지기 때문입니다.#@문장구분#",
      "paragraph_len": 1135,
      "paragraph_id": "001"
    }
  ],
  "score": {
    "paragraph_score": [
      {
        "paragraph_scoreT": [
          2,
          2.4,
          2.2
        ],
        "paragraph_scoreT_detail": {
          "paragraph_scoreT_exp": [
            [
              2,
              2,
              2
            ],
            [
              2,
              3,
              2
            ],
            [
              3,
              2,
              2
            ]
          ]
        },
        "paragraph_scoreT_avg": 2.2,
        "paragraph_id": "001"
      }
    ],
    "essay_scoreT": [
      18.2,
      25.400002,
      23.7
    ],
    "essay_scoreT_avg": 22.433334,
    "essay_scoreT_detail": {
      "essay_scoreT_org": [
        [
          1,
          0,
          2,
          2
        ],
        [
          3,
          0,
          3,
          3
        ],
        [
          2,
          0,
          2,
          3
        ]
      ],
      "essay_scoreT_cont": [
        [
          2,
          2,
          2,
          2
        ],
        [
          3,
          2,
          2,
          2
        ],
        [
          3,
          2,
          3,
          3
        ]
      ],
      "essay_scoreT_exp": [
        [
          2,
          2,
          2
        ],
        [
          2,
          3,
          2
        ],
        [
          3,
          2,
          2
        ]
      ]
    }
  },
  "student": {
    "date": "2021.11.17",
    "student_educated": true,
    "student_grade": "고등_1학년",
    "location": "054",
    "student_grade_group": "고등",
    "student_reading": 1
  },
  "rubric": {
    "essay_grade": "고등_1학년",
    "organization_weight": {
      "org_paragraph": 0,
      "org": 3,
      "org_essay": 6,
      "org_coherence": 3,
      "org_quantity": 1
    },
    "essay_type": "찬성반대",
    "content_weight": {
      "con_clearance": 3,
      "con_novelty": 3,
      "con": 4,
      "con_prompt": 1,
      "con_description": 3
    },
    "essay_main_subject": "비혼주의자에 대한 본인의 의견",
    "expression_weight": {
      "exp_style": 4,
      "exp_grammar": 2,
      "exp_vocab": 4,
      "exp": 3
    }
  },
  "correction": [],
  "info": {
    "essay_id": "ESSAY_47302",
    "essay_prompt": " \"\"연애는 필수, 결혼은 선택! 가슴이 뛰는 대로 가면 돼\"\".\n\n 유명한 유행가의 노래 가사처럼, 청년들에게 결혼은 이제 필수가 아닌 하나의 선택 사항입니다. 연애, 결혼, 출산을 포기한다는 의미의 '3포세대'라는 말이 나오기 무섭게 5포 세대, N포세대까지 등장할 정도로 취업난, 치솟는 부동산 가격 등 여러 사회·경제적 요인들로 청년층을 위축시켰습니다.\n\n 모두가 이러한 이유로 '결혼을 포기'하는 것만은 아닙니다. 개인의 행복을 위해 '비혼을 선택'하는 청년들도 늘고 있습니다. 이처럼 최근 전통적인 가치관에서 벗어나 연애와 동거는 하면서 결혼이라는 제도에 묶여 관계에서 파생되는 책임을 벗어나 자유로운 삶을 추구하는 비혼주의자가 늘고 있습니다.\n\n 다만, 개인의 자유로운 선택에 따라 비혼주의를 하지만 주변에서는 아직 고운 시선으로 바라보지 않는 사람도 많습니다. 결혼이라는 제도에 대해서 선택이 아닌 필수라고 생각하는 사람들도 많지요. 개개인이 모여 사회가 형성되기 때문에 사회의 가장 작은 단위인 가족을 이루는 것도 사회 구성원으로서의 큰 역할이라고 생각하는 사람들도 있습니다.\n\n 여러분은 결혼을 꼭 해야 한다고 생각하시나요? 아니면 결혼은 선택의 문제라고 생각하시나요? 비혼주의에 대해 찬성하는 입장 반대를 선택하여 자신의 의견을 작성해주세요. 그리고 그렇게 생각한 이유에 대해서 작성해주세요.",
    "essay_type": "찬성반대",
    "essay_level": "2",
    "essay_len": 776,
    "essay_main_subject": "비혼주의자에 대한 본인의 의견"
  }
}