{
  "paragraph": [
    {
      "paragraph_txt": "안녕하세요.#@문장구분# 저는 개인의 자유로운 선택에 따라 비혼주의이기로 한 사람들을 고운 시선으로 바라보지 않는 사람들에게 제 생각이 전달되기를 바라며 글을 썼습니다.#@문장구분# 결혼이라는 제도에 대해서 선택이 아닌 필수라고 생각하는 사람들이 많은 것 같습니다.#@문장구분# 저는 그 이유에 대해 여러 가지 의문이 들었습니다.#@문장구분# 저조한 출산율을 운운하며 비혼주의자임을 선언한 여성들에게 화살이 향하는 경우를 보았습니다.#@문장구분# 왜 결혼이 출산으로 연결되는걸까요?#@문장구분# 저는 이 맥락에서부터 결혼에 대한 인식이 잘못되었다고 생각합니다.#@문장구분# 결혼은 두 사람의 사랑을 법적으로 인정받아 서로가 서로의 보호자가 될 수 있고자 하는 제도라고 생각합니다.#@문장구분# 여성은 아이를 낳는 기계가 아닙니다.#@문장구분# 결혼을 합의하에 하는 것처럼 2세 계획도 두 사람이 함께 세워야하며 여성이 임신 후 출산까지의 과정이 다가 아님을 알아주셔야합니다.#@문장구분# 남녀 갈등 문제로도 화두가 되고있지만 여성의 탓으로 돌리는 경향이 있는 것 같습니다.#@문장구분# 그러나 여성의 출산은 경력단절을 불러올 수 밖에 없는 구조이며 여성의 신체에도 변화가 찾아오는 큰 리스크를 감당해야합니다.#@문장구분# 또한 한 생명이 한 인격체로 성장하기까지 부모의 경제력이 요구됩니다.#@문장구분# 이러한 부담감에 출산을 포기하는 경우도 많습니다.#@문장구분# 아이를 낳지 않고 결혼생활을 하는 딩크족도 존재하지만 아이를 낳지 않을거라면 연인으로 지내도 좋을 것 같다는 판단을 내리는 사람도 있습니다.#@문장구분# 문제 될 것이 없는 그들의 판단을 자기 멋대로 잘못되었다 판단내려서는 안됩니다.#@문장구분# 늙어서 혼자이면 고생하고 외롭다는 말도 있는데 결혼한다고 평생을 함께할거라는 보장은 없습니다.#@문장구분# 결혼도 그들의 약속 중 한 종류에 불과하니까요.#@문장구분# 현실적인 면을 생각하고 결단을 내린 사람들이야말로 칭찬받아 마땅한 용기있는 사람들임을 왜 몰라줄까요?#@문장구분# 잘못된 시선을 멈춰주세요.#@문장구분# 감사합니다.#@문장구분#",
      "paragraph_len": 1313,
      "paragraph_id": "001"
    }
  ],
  "score": {
    "paragraph_score": [
      {
        "paragraph_scoreT": [
          3,
          3,
          2.8
        ],
        "paragraph_scoreT_detail": {
          "paragraph_scoreT_exp": [
            [
              3,
              3,
              3
            ],
            [
              3,
              3,
              3
            ],
            [
              2,
              3,
              3
            ]
          ]
        },
        "paragraph_scoreT_avg": 2.9333334,
        "paragraph_id": "001"
      }
    ],
    "essay_scoreT": [
      26.6,
      27,
      27
    ],
    "essay_scoreT_avg": 26.866667,
    "essay_scoreT_detail": {
      "essay_scoreT_org": [
        [
          2,
          0,
          3,
          3
        ],
        [
          2,
          0,
          3,
          3
        ],
        [
          3,
          0,
          3,
          3
        ]
      ],
      "essay_scoreT_cont": [
        [
          3,
          2,
          2,
          3
        ],
        [
          3,
          2,
          3,
          3
        ],
        [
          2,
          3,
          3,
          2
        ]
      ],
      "essay_scoreT_exp": [
        [
          3,
          3,
          3
        ],
        [
          3,
          3,
          3
        ],
        [
          2,
          3,
          3
        ]
      ]
    }
  },
  "student": {
    "date": "2021.12.03",
    "student_educated": true,
    "student_grade": "고등_1학년",
    "location": "063",
    "student_grade_group": "고등",
    "student_reading": 1
  },
  "rubric": {
    "essay_grade": "고등_1학년",
    "organization_weight": {
      "org_paragraph": 0,
      "org": 3,
      "org_essay": 6,
      "org_coherence": 3,
      "org_quantity": 1
    },
    "essay_type": "찬성반대",
    "content_weight": {
      "con_clearance": 3,
      "con_novelty": 3,
      "con": 4,
      "con_prompt": 1,
      "con_description": 3
    },
    "essay_main_subject": "비혼주의자에 대한 본인의 의견",
    "expression_weight": {
      "exp_style": 4,
      "exp_grammar": 2,
      "exp_vocab": 4,
      "exp": 3
    }
  },
  "correction": [],
  "info": {
    "essay_id": "ESSAY_54759",
    "essay_prompt": " \"\"연애는 필수, 결혼은 선택! 가슴이 뛰는 대로 가면 돼\"\".\n\n 유명한 유행가의 노래 가사처럼, 청년들에게 결혼은 이제 필수가 아닌 하나의 선택 사항입니다. 연애, 결혼, 출산을 포기한다는 의미의 '3포세대'라는 말이 나오기 무섭게 5포 세대, N포세대까지 등장할 정도로 취업난, 치솟는 부동산 가격 등 여러 사회·경제적 요인들로 청년층을 위축시켰습니다.\n\n 모두가 이러한 이유로 '결혼을 포기'하는 것만은 아닙니다. 개인의 행복을 위해 '비혼을 선택'하는 청년들도 늘고 있습니다. 이처럼 최근 전통적인 가치관에서 벗어나 연애와 동거는 하면서 결혼이라는 제도에 묶여 관계에서 파생되는 책임을 벗어나 자유로운 삶을 추구하는 비혼주의자가 늘고 있습니다.\n\n 다만, 개인의 자유로운 선택에 따라 비혼주의를 하지만 주변에서는 아직 고운 시선으로 바라보지 않는 사람도 많습니다. 결혼이라는 제도에 대해서 선택이 아닌 필수라고 생각하는 사람들도 많지요. 개개인이 모여 사회가 형성되기 때문에 사회의 가장 작은 단위인 가족을 이루는 것도 사회 구성원으로서의 큰 역할이라고 생각하는 사람들도 있습니다.\n\n 여러분은 결혼을 꼭 해야 한다고 생각하시나요? 아니면 결혼은 선택의 문제라고 생각하시나요? 비혼주의에 대해 찬성하는 입장 반대를 선택하여 자신의 의견을 작성해주세요. 그리고 그렇게 생각한 이유에 대해서 작성해주세요.",
    "essay_type": "찬성반대",
    "essay_level": "2",
    "essay_len": 894,
    "essay_main_subject": "비혼주의자에 대한 본인의 의견"
  }
}