{
  "paragraph": [
    {
      "paragraph_txt": "비혼주의는 결혼을 하지 않고 자유를 즐기며 살아가는 방식을 말하는데, 사랑하고 삶을 살아가면서 결혼이라는 의미를 다시 한번 생각해 봐야 한다.#@문장구분# 결혼은 각기 다른 두 객체가 만나서 앞으로 둘만의 생활을 영위해 나가면서 자식을 낳고 가족을 이룬다는 개념이다.#@문장구분# 이를 위해서는 상당히 많은 초기 준비와 진행속에 많은 인내와 노력과 정성이 들어가야 한다.#@문장구분# 준비 과정으로는 신혼살림을 꾸리기 위한 공간, 즉 집이 필요하고 그 안에 살림살이들이 필요하다.#@문장구분# 여기서 현재 대한민국은 서울을 기준으로 30평형대 아파트가 20억을 넘어선 시점에서 초기부터 내 집을 가지고 결혼을 시작한다는 것은 부모세대가 상당한 부를 축적하지 않는 한 절대 불가능하다.#@문장구분# 전세도 몇 억씩 하기 때문에 서울 시내 직장 근무에 신혼집은 수도권으로 넘어가야 하고, 2억정도의 전셋집에 대출을 엄청 받아야 한다.#@문장구분# 학자금 대출에 전셋집 대출에... 시작부터 이 대출을 다 갚기 위한 삶이 시작된다.#@문장구분# 혼자서는 몇 십년이 걸릴 대출 상환을 벗어나려면 맞벌이를 해야만 한다.#@문장구분# 거기에 아이가 출생하면 양육비에 학교를 가기 시작하면 천문학적인 교육비가 들어가는데, 이를 감당하다 보면 50대가 될 것 같다.#@문장구분# 이렇게 경제적 부담으로 인생을 허비하느니 차라리 혼자가 낳을 것 같다.#@문장구분# 내 삶의 자유를 즐기면서 자유로운 연애 활동을 하면서 혼자 살아가는 비혼주의를 나는 찬성한다.#@문장구분# 만약 20대에 행운이 따라서 경제적인 자유를 누릴 수 있는 여건이 된다면 그 때 다시 생각해볼 문제인 것 같다.#@문장구분# 따라서 결혼에 대한 전제는 경재적인 여건과 직결되는 문제로서 향 후 직업의 수입과 안정성에 따라서 고민할 문제이다.#@문장구분#",
      "paragraph_len": 1069,
      "paragraph_id": "001"
    }
  ],
  "score": {
    "paragraph_score": [
      {
        "paragraph_scoreT": [
          3,
          2.6,
          3
        ],
        "paragraph_scoreT_detail": {
          "paragraph_scoreT_exp": [
            [
              3,
              3,
              3
            ],
            [
              3,
              2,
              3
            ],
            [
              3,
              3,
              3
            ]
          ]
        },
        "paragraph_scoreT_avg": 2.8666668,
        "paragraph_id": "001"
      }
    ],
    "essay_scoreT": [
      30,
      23.3,
      28.8
    ],
    "essay_scoreT_avg": 27.366667,
    "essay_scoreT_detail": {
      "essay_scoreT_org": [
        [
          3,
          0,
          3,
          3
        ],
        [
          2,
          0,
          2,
          3
        ],
        [
          3,
          0,
          3,
          3
        ]
      ],
      "essay_scoreT_cont": [
        [
          3,
          3,
          3,
          3
        ],
        [
          2,
          2,
          2,
          3
        ],
        [
          3,
          2,
          3,
          3
        ]
      ],
      "essay_scoreT_exp": [
        [
          3,
          3,
          3
        ],
        [
          3,
          2,
          3
        ],
        [
          3,
          3,
          3
        ]
      ]
    }
  },
  "student": {
    "date": "2021.12.08",
    "student_educated": true,
    "student_grade": "고등_1학년",
    "location": "063",
    "student_grade_group": "고등",
    "student_reading": 2
  },
  "rubric": {
    "essay_grade": "고등_1학년",
    "organization_weight": {
      "org_paragraph": 0,
      "org": 3,
      "org_essay": 6,
      "org_coherence": 3,
      "org_quantity": 1
    },
    "essay_type": "찬성반대",
    "content_weight": {
      "con_clearance": 3,
      "con_novelty": 3,
      "con": 4,
      "con_prompt": 1,
      "con_description": 3
    },
    "essay_main_subject": "비혼주의자에 대한 본인의 의견",
    "expression_weight": {
      "exp_style": 4,
      "exp_grammar": 2,
      "exp_vocab": 4,
      "exp": 3
    }
  },
  "correction": [],
  "info": {
    "essay_id": "ESSAY_61130",
    "essay_prompt": " \"\"연애는 필수, 결혼은 선택! 가슴이 뛰는 대로 가면 돼\"\".\n\n 유명한 유행가의 노래 가사처럼, 청년들에게 결혼은 이제 필수가 아닌 하나의 선택 사항입니다. 연애, 결혼, 출산을 포기한다는 의미의 '3포세대'라는 말이 나오기 무섭게 5포 세대, N포세대까지 등장할 정도로 취업난, 치솟는 부동산 가격 등 여러 사회·경제적 요인들로 청년층을 위축시켰습니다.\n\n 모두가 이러한 이유로 '결혼을 포기'하는 것만은 아닙니다. 개인의 행복을 위해 '비혼을 선택'하는 청년들도 늘고 있습니다. 이처럼 최근 전통적인 가치관에서 벗어나 연애와 동거는 하면서 결혼이라는 제도에 묶여 관계에서 파생되는 책임을 벗어나 자유로운 삶을 추구하는 비혼주의자가 늘고 있습니다.\n\n 다만, 개인의 자유로운 선택에 따라 비혼주의를 하지만 주변에서는 아직 고운 시선으로 바라보지 않는 사람도 많습니다. 결혼이라는 제도에 대해서 선택이 아닌 필수라고 생각하는 사람들도 많지요. 개개인이 모여 사회가 형성되기 때문에 사회의 가장 작은 단위인 가족을 이루는 것도 사회 구성원으로서의 큰 역할이라고 생각하는 사람들도 있습니다.\n\n 여러분은 결혼을 꼭 해야 한다고 생각하시나요? 아니면 결혼은 선택의 문제라고 생각하시나요? 비혼주의에 대해 찬성하는 입장 반대를 선택하여 자신의 의견을 작성해주세요. 그리고 그렇게 생각한 이유에 대해서 작성해주세요.",
    "essay_type": "찬성반대",
    "essay_level": "2",
    "essay_len": 809,
    "essay_main_subject": "비혼주의자에 대한 본인의 의견"
  }
}