{
  "paragraph": [
    {
      "paragraph_txt": "요즘은 100세 시대 라고불리는 젊은 시대가 열렸습니다.#@문장구분# 어딜가도 우리는 의료서비스를 받을수있고 전염병에 잘 노출되지않으며 세균에 저항을 가지고있습니다.#@문장구분# 수명이 늘어남에 따라서 결혼을 하는 나이가 점점 늘어나고 있는데요,#@문장구분# 90년대 사람들은 20대 중후반에 대부분 결혼을 하고 2000년에 들어서는 20대 후반 30대, 40초반 등등 결혼 세대가 다양하게 등장하고 있습니다.#@문장구분# 결혼이 늦어지는건 사람들의 인식이나 가치관에 달라짐에 따라도 있지만 돈 문제 같은 단순한 문제라고 말할수 있는것도 있습니다.#@문장구분# 우리나라는 요즘 시대를 따라가며 신세대 라고 말할 수 있는 문화를 창조하고 도시적으로 변하고 있습니다.#@문장구분# 도시적으로 변하는건 사람들의 이질성이 늘고, 가치관이 많이 달라진다는 것입니다.#@문장구분# 조선시대와는 다르게 혼인의 전통을 서양식으로 바꾸거나 말입니다.#@문장구분# 가치관이 달라진다는건 결혼은 무조건 해야된다가 아닌 안해도 좋고, 해도좋고 또는 안할래 이렇게 나뉘는게 대부분입니다. #@문장구분#비혼주의자가 많아진다면 출산율이 적어집니다.#@문장구분# 그렇다고 해서 비혼주의자가 나쁘지 않습니다.#@문장구분# 저는 비혼주의자를 지지하는 편입니다.#@문장구분# 결혼을 꼭 해야한다고 생각하지 않습니다. #@문장구분#왜냐하면 비혼주의는 본인의 자유를 존중할 수 있기 때문입니다.#@문장구분# 어디든 억메이지 않거나 자식에 대해서 걱정하지 않거나 내가 잘벌고 잘먹는 것이라는게 중요하다고 생각합니다.#@문장구분# 개인의 성격이나 성향을 존중할수있으니까요.#@문장구분# 자유롭고 멋진 커리어 우먼이나 커리어 맨들 혼자서도 잘먹고 잘사는 사람들 결혼하지 않아도 자기들끼리 뭉쳐서 즐겁게 사는걸 보면 나도 그렇게 살고싶다라고 머릿속에 그려보고 상상하고 결심을 하게됩니다.#@문장구분# 그렇게 때문에 비혼주의자는 좋다고 생각합니다.#@문장구분#",
      "paragraph_len": 1193,
      "paragraph_id": "001"
    }
  ],
  "score": {
    "paragraph_score": [
      {
        "paragraph_scoreT": [
          2.8,
          2.8,
          3
        ],
        "paragraph_scoreT_detail": {
          "paragraph_scoreT_exp": [
            [
              2,
              3,
              3
            ],
            [
              2,
              3,
              3
            ],
            [
              3,
              3,
              3
            ]
          ]
        },
        "paragraph_scoreT_avg": 2.8666668,
        "paragraph_id": "001"
      }
    ],
    "essay_scoreT": [
      26.699999,
      26,
      27
    ],
    "essay_scoreT_avg": 26.566666,
    "essay_scoreT_detail": {
      "essay_scoreT_org": [
        [
          2,
          0,
          2,
          3
        ],
        [
          2,
          0,
          3,
          3
        ],
        [
          2,
          0,
          3,
          3
        ]
      ],
      "essay_scoreT_cont": [
        [
          3,
          3,
          3,
          3
        ],
        [
          3,
          2,
          2,
          3
        ],
        [
          3,
          2,
          3,
          3
        ]
      ],
      "essay_scoreT_exp": [
        [
          2,
          3,
          3
        ],
        [
          2,
          3,
          3
        ],
        [
          3,
          3,
          3
        ]
      ]
    }
  },
  "student": {
    "date": "2021.12.06",
    "student_educated": true,
    "student_grade": "고등_1학년",
    "location": "041",
    "student_grade_group": "고등",
    "student_reading": 1
  },
  "rubric": {
    "essay_grade": "고등_1학년",
    "organization_weight": {
      "org_paragraph": 0,
      "org": 3,
      "org_essay": 6,
      "org_coherence": 3,
      "org_quantity": 1
    },
    "essay_type": "찬성반대",
    "content_weight": {
      "con_clearance": 3,
      "con_novelty": 3,
      "con": 4,
      "con_prompt": 1,
      "con_description": 3
    },
    "essay_main_subject": "비혼주의자에 대한 본인의 의견",
    "expression_weight": {
      "exp_style": 4,
      "exp_grammar": 2,
      "exp_vocab": 4,
      "exp": 3
    }
  },
  "correction": [],
  "info": {
    "essay_id": "ESSAY_54689",
    "essay_prompt": " \"\"연애는 필수, 결혼은 선택! 가슴이 뛰는 대로 가면 돼\"\".\n\n 유명한 유행가의 노래 가사처럼, 청년들에게 결혼은 이제 필수가 아닌 하나의 선택 사항입니다. 연애, 결혼, 출산을 포기한다는 의미의 '3포세대'라는 말이 나오기 무섭게 5포 세대, N포세대까지 등장할 정도로 취업난, 치솟는 부동산 가격 등 여러 사회·경제적 요인들로 청년층을 위축시켰습니다.\n\n 모두가 이러한 이유로 '결혼을 포기'하는 것만은 아닙니다. 개인의 행복을 위해 '비혼을 선택'하는 청년들도 늘고 있습니다. 이처럼 최근 전통적인 가치관에서 벗어나 연애와 동거는 하면서 결혼이라는 제도에 묶여 관계에서 파생되는 책임을 벗어나 자유로운 삶을 추구하는 비혼주의자가 늘고 있습니다.\n\n 다만, 개인의 자유로운 선택에 따라 비혼주의를 하지만 주변에서는 아직 고운 시선으로 바라보지 않는 사람도 많습니다. 결혼이라는 제도에 대해서 선택이 아닌 필수라고 생각하는 사람들도 많지요. 개개인이 모여 사회가 형성되기 때문에 사회의 가장 작은 단위인 가족을 이루는 것도 사회 구성원으로서의 큰 역할이라고 생각하는 사람들도 있습니다.\n\n 여러분은 결혼을 꼭 해야 한다고 생각하시나요? 아니면 결혼은 선택의 문제라고 생각하시나요? 비혼주의에 대해 찬성하는 입장 반대를 선택하여 자신의 의견을 작성해주세요. 그리고 그렇게 생각한 이유에 대해서 작성해주세요.",
    "essay_type": "찬성반대",
    "essay_level": "2",
    "essay_len": 833,
    "essay_main_subject": "비혼주의자에 대한 본인의 의견"
  }
}