{
  "paragraph": [
    {
      "paragraph_txt": "비혼주의자의 대한 나의 생각은 찬성이다.#@문장구분# 우선 나는 비혼주의자인데, 비혼주의자로 삶을 보내기로 다짐하는 이유 중 가장 큰 이유는 누군가에 얽매이지 않는 자유가 나에겐 있어서 가족보다 더 가치가 있다고 판단되기 때문이다.#@문장구분# 물론 결혼을 하고나서도 자유롭게 나만의 시간을 보낼수도 있겠지만 독신일때와는 비교할 수 없다고 생각한다.#@문장구분#  만약 결혼을 하고 아이를 가지게된다면 어쩔수없이 육아휴직등을 쓰는 등에 장기적으로 일을 그만하게되는데, 이로인해 피해를 본다면 결코 결혼이 정답이란 생각이 날아가곤한다.#@문장구분# 게다가 결혼을 한다면 일이 끝나고 집에 왔을때 혼자만의 시간이 아닌 둘이 있기때문에 아무리 익숙하고 좋다고해도 마냥 편하지는 않을 것같다.#@문장구분# 그리고 두번째 이유는 결혼에 대한 사람들의 인식이다.#@문장구분# 거의 대부분의 사람들이 결혼을 꼭 해야한다고 생각한다.#@문장구분# 나는 이러한 사회적으로 박힌 인식 때문이라도 비혼주의에 찬성한다.#@문장구분# 사람이 모두 결혼을 갈망하고 가족을 바라는 것이 아닌데도 불구하고 억지로 강요하는 분위기때문에 비혼주의자들이 스트레스도 받고 정신적으로 힘들것같다.#@문장구분# 나는 인생과 연애를 분리해야 한다고 생각하는데, 속된 말로 '남녀 사이 아무도 모른다'라고 하듯, 연애를 할 때는 그저 자연스러웠던 만남과 헤어짐이 결혼이라는 제도에 묶이게 되면 '인생의 과오'로 치부되는 경우가 많다.#@문장구분# 나의 일부분이지만 인생의 전부는 아니었던 연애가 결혼을 함으로써 나의 전부가 되는 것을 원하지 않는다.#@문장구분# 제도와 법에서 자유로운 상태에서 상대를 대하는 것이 가장 견고한 감정이며, 순수한 관계라고 믿는다.#@문장구분# 지금까지 비혼주의를 지지하는 입장에서 그 이유들을 소개했는데, 사실 비혼주의는 긍정/부정적인 시각을 가질 수는 있지만 반대하거나 찬성할 만한 주제는 아니라고 생각한다.#@문장구분#",
      "paragraph_len": 1127,
      "paragraph_id": "001"
    }
  ],
  "score": {
    "paragraph_score": [
      {
        "paragraph_scoreT": [
          3,
          3,
          2.8
        ],
        "paragraph_scoreT_detail": {
          "paragraph_scoreT_exp": [
            [
              3,
              3,
              3
            ],
            [
              3,
              3,
              3
            ],
            [
              2,
              3,
              3
            ]
          ]
        },
        "paragraph_scoreT_avg": 2.9333334,
        "paragraph_id": "001"
      }
    ],
    "essay_scoreT": [
      29.6,
      27,
      26.9
    ],
    "essay_scoreT_avg": 27.833334,
    "essay_scoreT_detail": {
      "essay_scoreT_org": [
        [
          3,
          0,
          3,
          3
        ],
        [
          2,
          0,
          3,
          3
        ],
        [
          3,
          0,
          2,
          3
        ]
      ],
      "essay_scoreT_cont": [
        [
          3,
          3,
          2,
          3
        ],
        [
          3,
          2,
          3,
          3
        ],
        [
          2,
          3,
          2,
          3
        ]
      ],
      "essay_scoreT_exp": [
        [
          3,
          3,
          3
        ],
        [
          3,
          3,
          3
        ],
        [
          2,
          3,
          3
        ]
      ]
    }
  },
  "student": {
    "date": "2021.12.20",
    "student_educated": true,
    "student_grade": "고등_1학년",
    "location": "044",
    "student_grade_group": "고등",
    "student_reading": 2
  },
  "rubric": {
    "essay_grade": "고등_1학년",
    "organization_weight": {
      "org_paragraph": 0,
      "org": 3,
      "org_essay": 6,
      "org_coherence": 3,
      "org_quantity": 1
    },
    "essay_type": "찬성반대",
    "content_weight": {
      "con_clearance": 3,
      "con_novelty": 3,
      "con": 4,
      "con_prompt": 1,
      "con_description": 3
    },
    "essay_main_subject": "비혼주의자에 대한 본인의 의견",
    "expression_weight": {
      "exp_style": 4,
      "exp_grammar": 2,
      "exp_vocab": 4,
      "exp": 3
    }
  },
  "correction": [],
  "info": {
    "essay_id": "ESSAY_71267",
    "essay_prompt": " \"\"연애는 필수, 결혼은 선택! 가슴이 뛰는 대로 가면 돼\"\".\n\n 유명한 유행가의 노래 가사처럼, 청년들에게 결혼은 이제 필수가 아닌 하나의 선택 사항입니다. 연애, 결혼, 출산을 포기한다는 의미의 '3포세대'라는 말이 나오기 무섭게 5포 세대, N포세대까지 등장할 정도로 취업난, 치솟는 부동산 가격 등 여러 사회·경제적 요인들로 청년층을 위축시켰습니다.\n\n 모두가 이러한 이유로 '결혼을 포기'하는 것만은 아닙니다. 개인의 행복을 위해 '비혼을 선택'하는 청년들도 늘고 있습니다. 이처럼 최근 전통적인 가치관에서 벗어나 연애와 동거는 하면서 결혼이라는 제도에 묶여 관계에서 파생되는 책임을 벗어나 자유로운 삶을 추구하는 비혼주의자가 늘고 있습니다.\n\n 다만, 개인의 자유로운 선택에 따라 비혼주의를 하지만 주변에서는 아직 고운 시선으로 바라보지 않는 사람도 많습니다. 결혼이라는 제도에 대해서 선택이 아닌 필수라고 생각하는 사람들도 많지요. 개개인이 모여 사회가 형성되기 때문에 사회의 가장 작은 단위인 가족을 이루는 것도 사회 구성원으로서의 큰 역할이라고 생각하는 사람들도 있습니다.\n\n 여러분은 결혼을 꼭 해야 한다고 생각하시나요? 아니면 결혼은 선택의 문제라고 생각하시나요? 비혼주의에 대해 찬성하는 입장 반대를 선택하여 자신의 의견을 작성해주세요. 그리고 그렇게 생각한 이유에 대해서 작성해주세요.",
    "essay_type": "찬성반대",
    "essay_level": "2",
    "essay_len": 867,
    "essay_main_subject": "비혼주의자에 대한 본인의 의견"
  }
}