{
  "paragraph": [
    {
      "paragraph_txt": "나는 결혼은 꼭 해야한다고 생각한다.#@문장구분# 그러므로 비혼주의에는 반대이다.#@문장구분# 왜냐하면 가족은 우리사회를 구성하는 최소한의 단위이기 때문이다.#@문장구분# 물론 나혼자서도 살 수는 있지만 나혼자 사는 것은 사회라고 할 수 없다.#@문장구분# 나와 가족이 있어야 사회가 있고 사회가 있어야 국가가 있다는 것을 부정할 수는 없다.#@문장구분# 모두들 편하다는 이유만으로 결혼을 하지않고 가정을 만들지 않는다면 우리사회는 곧 인구절벽에 부딪혀 망할 수도 있기 때문이다.#@문장구분# 요즘들어 인구감소때문에 나라에서 출산장려정책을 적극적으로 펴고 있는데 그와 반대로 비혼주의라는 것까지 내세워서 결혼을 하지않는 다는 것은 사회구성원으로써 잘못된 판단이라고 생각된다.#@문장구분# 우리는 혼자서는 살수 없다. #@문장구분#몇 천년전부터 그렇기 때문에 모여살게 되었고 사회를 만들었다.#@문장구분# 앞으로는 더욱더 나혼자서는 살수 없는 사회가 될것이다.#@문장구분# 누군가는 농사를 지어야 하고 의사도 있어야 하고 미술가도 있어야 한다.#@문장구분# 그걸 전부 나혼자 서는 할 수 없다는 것이다.#@문장구분# 그러므로 우리는 같이 살아남기 위해서는 더욱더 가정을 만들어야 한다.#@문장구분# 물론 모든 사람들이 가정을 만들어야 하고 결혼을 해야하는 것은 아니지만 비혼주의라는 것을 만들어 나도 거기에 동참 너도 거기에 동참하라고 하는 것은 무책임한 행동같다.#@문장구분# 결혼을 하면 서로 사랑하는 사람과 평생의 기약을 맺는 것이다.#@문장구분# 나는 이러한 행동이 정말 성스럽다고 생각한다.#@문장구분# 살아오면서 서로 다른 생활패턴을 가진 두 사람이 서로 만나 평생을 함께한다는 것이 정말 인생의 거대한 한 걸음을 떼는 것과 같다고 생각한다.#@문장구분# 그래서 나는 결혼을 하고싶도 앞으로도 할 것이고 비혼주의에 반대하는 이유이기도하다.#@문장구분#",
      "paragraph_len": 1163,
      "paragraph_id": "001"
    }
  ],
  "score": {
    "paragraph_score": [
      {
        "paragraph_scoreT": [
          3,
          3,
          2.2
        ],
        "paragraph_scoreT_detail": {
          "paragraph_scoreT_exp": [
            [
              3,
              3,
              3
            ],
            [
              3,
              3,
              3
            ],
            [
              3,
              2,
              2
            ]
          ]
        },
        "paragraph_scoreT_avg": 2.7333333,
        "paragraph_id": "001"
      }
    ],
    "essay_scoreT": [
      30,
      27.300001,
      23.900002
    ],
    "essay_scoreT_avg": 27.066668,
    "essay_scoreT_detail": {
      "essay_scoreT_org": [
        [
          3,
          0,
          3,
          3
        ],
        [
          3,
          0,
          3,
          2
        ],
        [
          3,
          0,
          2,
          3
        ]
      ],
      "essay_scoreT_cont": [
        [
          3,
          3,
          3,
          3
        ],
        [
          3,
          2,
          3,
          2
        ],
        [
          2,
          2,
          2,
          3
        ]
      ],
      "essay_scoreT_exp": [
        [
          3,
          3,
          3
        ],
        [
          3,
          3,
          3
        ],
        [
          3,
          2,
          2
        ]
      ]
    }
  },
  "student": {
    "date": "2021.12.15",
    "student_educated": true,
    "student_grade": "고등_1학년",
    "location": "042",
    "student_grade_group": "고등",
    "student_reading": 2
  },
  "rubric": {
    "essay_grade": "고등_1학년",
    "organization_weight": {
      "org_paragraph": 0,
      "org": 3,
      "org_essay": 6,
      "org_coherence": 3,
      "org_quantity": 1
    },
    "essay_type": "찬성반대",
    "content_weight": {
      "con_clearance": 3,
      "con_novelty": 3,
      "con": 4,
      "con_prompt": 1,
      "con_description": 3
    },
    "essay_main_subject": "비혼주의자에 대한 본인의 의견",
    "expression_weight": {
      "exp_style": 4,
      "exp_grammar": 2,
      "exp_vocab": 4,
      "exp": 3
    }
  },
  "correction": [],
  "info": {
    "essay_id": "ESSAY_63020",
    "essay_prompt": " \"\"연애는 필수, 결혼은 선택! 가슴이 뛰는 대로 가면 돼\"\".\n\n 유명한 유행가의 노래 가사처럼, 청년들에게 결혼은 이제 필수가 아닌 하나의 선택 사항입니다. 연애, 결혼, 출산을 포기한다는 의미의 '3포세대'라는 말이 나오기 무섭게 5포 세대, N포세대까지 등장할 정도로 취업난, 치솟는 부동산 가격 등 여러 사회·경제적 요인들로 청년층을 위축시켰습니다.\n\n 모두가 이러한 이유로 '결혼을 포기'하는 것만은 아닙니다. 개인의 행복을 위해 '비혼을 선택'하는 청년들도 늘고 있습니다. 이처럼 최근 전통적인 가치관에서 벗어나 연애와 동거는 하면서 결혼이라는 제도에 묶여 관계에서 파생되는 책임을 벗어나 자유로운 삶을 추구하는 비혼주의자가 늘고 있습니다.\n\n 다만, 개인의 자유로운 선택에 따라 비혼주의를 하지만 주변에서는 아직 고운 시선으로 바라보지 않는 사람도 많습니다. 결혼이라는 제도에 대해서 선택이 아닌 필수라고 생각하는 사람들도 많지요. 개개인이 모여 사회가 형성되기 때문에 사회의 가장 작은 단위인 가족을 이루는 것도 사회 구성원으로서의 큰 역할이라고 생각하는 사람들도 있습니다.\n\n 여러분은 결혼을 꼭 해야 한다고 생각하시나요? 아니면 결혼은 선택의 문제라고 생각하시나요? 비혼주의에 대해 찬성하는 입장 반대를 선택하여 자신의 의견을 작성해주세요. 그리고 그렇게 생각한 이유에 대해서 작성해주세요.",
    "essay_type": "찬성반대",
    "essay_level": "2",
    "essay_len": 803,
    "essay_main_subject": "비혼주의자에 대한 본인의 의견"
  }
}