{
  "paragraph": [
    {
      "paragraph_txt": "최근 전통적인 가치관에서 벗어나 연애와 동거는 하면서 결혼이라는 제도에 묶여 관계에서 파생되는 책임을 벗어나 자유로운 삶을 추구하는 비혼 주의자가 늘고 있다.#@문장구분# 비혼 주의, 독신 주의 이런 말들이 생기고 사람들은 점점 결혼을 하지 않고 혼자 사는 비율이 높아졌다.#@문장구분# 내 생각으로는 비혼 주의가 느는 이유에는 결혼을 하기 위한, 결혼 후 들어가는 돈이 없다기 보다는 최근 풍조로 볼때 자신의 시간을 더 중요시 하게 여기는 것이라고 생각한다.#@문장구분# 최근 직장을 구하는 요새 사람들을 보면 돈 보다도 자신의 시간을 활용할 수 있는 곳이 더 선호한다.#@문장구분# 그러니 결혼을 하면 자연스레 자신의 시간이 줄어든다.#@문장구분# 결혼 이후 집안일 분담이나 혹은 육아로 인해 자연스럽게 시간이 줄어드는 등 개인적인 시간이 많이 사라진다는 것이다.#@문장구분# 내가 생각하는 또 다른 이유는 일과 가정을 동시에 책임지기 어렵다.#@문장구분# 여성들의 경우 취직을 했을 때 결혼을 하고 애를 낳으면 회사를 그만두는 경우가 대부분이고 남자 역시 집에 빨리 귀가한다.#@문장구분# 그럼 역으로 비혼 주의의 장점은 나에세 집중할 수 있는 시간이 많다.#@문장구분# 결혼을 하면 상대방의 가족에도 신경을 쓰게 되는데 비혼 주의는 아무래도 나의 목표에 신경 쓸 수 있다.#@문장구분# 내가 생각하기에는 결혼을 안하는 것이 꼭 안좋은것이라 생각하지 않는다.#@문장구분# 사회에서는 비혼에 대해 반대할 것이다.#@문장구분#  요즈음 저출산으로 인해 인구 감소가 오고 그로 인해 사회 내부적인 문제가 많이 생길것으로 우려가 되는데, 과학기술의 발전으로 인구 감소를 대처할수 있다고 생각이든다.#@문장구분# 그리고 우리나라는 자유국가이기 때문에 내가 하고 싶은게 무엇인지 또 내가 무엇에 중점을 두는지 생각해서 결정하면 될 것이다.#@문장구분#",
      "paragraph_len": 1103,
      "paragraph_id": "001"
    }
  ],
  "score": {
    "paragraph_score": [
      {
        "paragraph_scoreT": [
          2.8,
          2.8,
          2
        ],
        "paragraph_scoreT_detail": {
          "paragraph_scoreT_exp": [
            [
              2,
              3,
              3
            ],
            [
              2,
              3,
              3
            ],
            [
              2,
              2,
              2
            ]
          ]
        },
        "paragraph_scoreT_avg": 2.5333333,
        "paragraph_id": "001"
      }
    ],
    "essay_scoreT": [
      26.9,
      29.4,
      22.8
    ],
    "essay_scoreT_avg": 26.366667,
    "essay_scoreT_detail": {
      "essay_scoreT_org": [
        [
          3,
          0,
          2,
          3
        ],
        [
          3,
          0,
          3,
          3
        ],
        [
          2,
          0,
          2,
          2
        ]
      ],
      "essay_scoreT_cont": [
        [
          3,
          2,
          2,
          3
        ],
        [
          3,
          3,
          3,
          3
        ],
        [
          3,
          2,
          3,
          3
        ]
      ],
      "essay_scoreT_exp": [
        [
          2,
          3,
          3
        ],
        [
          2,
          3,
          3
        ],
        [
          2,
          2,
          2
        ]
      ]
    }
  },
  "student": {
    "date": "2021.10.01",
    "student_educated": true,
    "student_grade": "고등_1학년",
    "location": "051",
    "student_grade_group": "고등",
    "student_reading": 1
  },
  "rubric": {
    "essay_grade": "고등_1학년",
    "organization_weight": {
      "org_paragraph": 0,
      "org": 3,
      "org_essay": 6,
      "org_coherence": 3,
      "org_quantity": 1
    },
    "essay_type": "찬성반대",
    "content_weight": {
      "con_clearance": 3,
      "con_novelty": 3,
      "con": 4,
      "con_prompt": 1,
      "con_description": 3
    },
    "essay_main_subject": "비혼주의자에 대한 본인의 의견",
    "expression_weight": {
      "exp_style": 4,
      "exp_grammar": 2,
      "exp_vocab": 4,
      "exp": 3
    }
  },
  "correction": [],
  "info": {
    "essay_id": "ESSAY_37080",
    "essay_prompt": " \"\"연애는 필수, 결혼은 선택! 가슴이 뛰는 대로 가면 돼\"\".\n\n 유명한 유행가의 노래 가사처럼, 청년들에게 결혼은 이제 필수가 아닌 하나의 선택 사항입니다. 연애, 결혼, 출산을 포기한다는 의미의 '3포세대'라는 말이 나오기 무섭게 5포 세대, N포세대까지 등장할 정도로 취업난, 치솟는 부동산 가격 등 여러 사회·경제적 요인들로 청년층을 위축시켰습니다.\n\n 모두가 이러한 이유로 '결혼을 포기'하는 것만은 아닙니다. 개인의 행복을 위해 '비혼을 선택'하는 청년들도 늘고 있습니다. 이처럼 최근 전통적인 가치관에서 벗어나 연애와 동거는 하면서 결혼이라는 제도에 묶여 관계에서 파생되는 책임을 벗어나 자유로운 삶을 추구하는 비혼주의자가 늘고 있습니다.\n\n 다만, 개인의 자유로운 선택에 따라 비혼주의를 하지만 주변에서는 아직 고운 시선으로 바라보지 않는 사람도 많습니다. 결혼이라는 제도에 대해서 선택이 아닌 필수라고 생각하는 사람들도 많지요. 개개인이 모여 사회가 형성되기 때문에 사회의 가장 작은 단위인 가족을 이루는 것도 사회 구성원으로서의 큰 역할이라고 생각하는 사람들도 있습니다.\n\n 여러분은 결혼을 꼭 해야 한다고 생각하시나요? 아니면 결혼은 선택의 문제라고 생각하시나요? 비혼주의에 대해 찬성하는 입장 반대를 선택하여 자신의 의견을 작성해주세요. 그리고 그렇게 생각한 이유에 대해서 작성해주세요.",
    "essay_type": "찬성반대",
    "essay_level": "2",
    "essay_len": 823,
    "essay_main_subject": "비혼주의자에 대한 본인의 의견"
  }
}