{
  "paragraph": [
    {
      "paragraph_txt": "비혼주의에 대해 찬성한다.#@문장구분# 이때까지 우리나라에서 전통적으로도 결혼은 필수이다 라는 의식이 있엇지만 요즘 현대사회에선 힘든 취업률과 오르는 집가격 등 이런이유때문에 혼자 살기에도 벅찬데 아이들을 키우면서 까지 힘들게 살아가는 것 보단 차라리 혼자 조금이라도 더 나은 삶을 사는게 효율적일것같다.#@문장구분# 그리고 2005년 서울신문에 실린 기사중 연로한 부모나 가족들의 죽음을 보면서 자신도 죽을 수 있다는 사실을 받아들이기 시작하는 50대에는 비혼 생활에 대한 만족감이 가장 높았다. 라고도 나와있다.#@문장구분# 또 나는 결혼 후 생길 가족보단 지금 현재의 가족이 더 중요하다고 느끼기 때문인것도 있다.#@문장구분# 결혼 이란 단어를 들으면 보이지않는 어딘가에 묶인 듯한 느낌이든다.#@문장구분# 가족이라는 틀에서 벗어나오지 못하고 자유를 느끼고 싶지만 쉽지않고 가족 내에서 자신만의 역할만 꾸벅꾸벅 해가는게 너무 지루해 보이기도 하고 결혼생활 하다가 서로 사랑한다는 감정이 없어졌을때도 어쩔수 없이 가족이기 때문에 부부 이기 때문에 생활을 억지로 스트레스 받으면서 계속 해 나가야하는 것이 너무 싫다.#@문장구분# 난 비혼주의 에 찬성하지만 연애는 하고싶다.#@문장구분# 저출산이 이어지면 고령화 사회에 더욱 빨리 진입할 것이고, 결국 국가의 붕괴를 초래하게 될 것이다.#@문장구분# 전통주의에서 벗어나서 자유로운 가치관을 가지는 것도 좋지만, 지나치게 이기적이고 자기 중심적인 태도는 버려야 할 것이다.#@문장구분# 어서 빨리 사람들이 결혼에 대한 편견이 사라져 많은 사람들이 결혼을 좋아하는 날이 왔으면 좋겠다.#@문장구분# 그래야 인구도 줄어들지 않고 고령화도 완화되기 때문이다.#@문장구분# 앞으로 비혼주의가 더더욱 늘 것으로 예상된다.#@문장구분#",
      "paragraph_len": 1037,
      "paragraph_id": "001"
    }
  ],
  "score": {
    "paragraph_score": [
      {
        "paragraph_scoreT": [
          3,
          2,
          2
        ],
        "paragraph_scoreT_detail": {
          "paragraph_scoreT_exp": [
            [
              3,
              3,
              3
            ],
            [
              2,
              2,
              2
            ],
            [
              2,
              2,
              2
            ]
          ]
        },
        "paragraph_scoreT_avg": 2.3333333,
        "paragraph_id": "001"
      }
    ],
    "essay_scoreT": [
      30,
      25.2,
      20.3
    ],
    "essay_scoreT_avg": 25.166666,
    "essay_scoreT_detail": {
      "essay_scoreT_org": [
        [
          3,
          0,
          3,
          3
        ],
        [
          2,
          0,
          3,
          3
        ],
        [
          2,
          0,
          2,
          3
        ]
      ],
      "essay_scoreT_cont": [
        [
          3,
          3,
          3,
          3
        ],
        [
          2,
          3,
          3,
          3
        ],
        [
          2,
          2,
          2,
          2
        ]
      ],
      "essay_scoreT_exp": [
        [
          3,
          3,
          3
        ],
        [
          2,
          2,
          3
        ],
        [
          2,
          2,
          2
        ]
      ]
    }
  },
  "student": {
    "date": "2021.12.23",
    "student_educated": true,
    "student_grade": "고등_1학년",
    "location": "054",
    "student_grade_group": "고등",
    "student_reading": 1
  },
  "rubric": {
    "essay_grade": "고등_1학년",
    "organization_weight": {
      "org_paragraph": 0,
      "org": 3,
      "org_essay": 6,
      "org_coherence": 3,
      "org_quantity": 1
    },
    "essay_type": "찬성반대",
    "content_weight": {
      "con_clearance": 3,
      "con_novelty": 3,
      "con": 4,
      "con_prompt": 1,
      "con_description": 3
    },
    "essay_main_subject": "비혼주의자에 대한 본인의 의견",
    "expression_weight": {
      "exp_style": 4,
      "exp_grammar": 2,
      "exp_vocab": 4,
      "exp": 3
    }
  },
  "correction": [],
  "info": {
    "essay_id": "ESSAY_76937",
    "essay_prompt": " \"\"연애는 필수, 결혼은 선택! 가슴이 뛰는 대로 가면 돼\"\".\n\n 유명한 유행가의 노래 가사처럼, 청년들에게 결혼은 이제 필수가 아닌 하나의 선택 사항입니다. 연애, 결혼, 출산을 포기한다는 의미의 '3포세대'라는 말이 나오기 무섭게 5포 세대, N포세대까지 등장할 정도로 취업난, 치솟는 부동산 가격 등 여러 사회·경제적 요인들로 청년층을 위축시켰습니다.\n\n 모두가 이러한 이유로 '결혼을 포기'하는 것만은 아닙니다. 개인의 행복을 위해 '비혼을 선택'하는 청년들도 늘고 있습니다. 이처럼 최근 전통적인 가치관에서 벗어나 연애와 동거는 하면서 결혼이라는 제도에 묶여 관계에서 파생되는 책임을 벗어나 자유로운 삶을 추구하는 비혼주의자가 늘고 있습니다.\n\n 다만, 개인의 자유로운 선택에 따라 비혼주의를 하지만 주변에서는 아직 고운 시선으로 바라보지 않는 사람도 많습니다. 결혼이라는 제도에 대해서 선택이 아닌 필수라고 생각하는 사람들도 많지요. 개개인이 모여 사회가 형성되기 때문에 사회의 가장 작은 단위인 가족을 이루는 것도 사회 구성원으로서의 큰 역할이라고 생각하는 사람들도 있습니다.\n\n 여러분은 결혼을 꼭 해야 한다고 생각하시나요? 아니면 결혼은 선택의 문제라고 생각하시나요? 비혼주의에 대해 찬성하는 입장 반대를 선택하여 자신의 의견을 작성해주세요. 그리고 그렇게 생각한 이유에 대해서 작성해주세요.",
    "essay_type": "찬성반대",
    "essay_level": "2",
    "essay_len": 797,
    "essay_main_subject": "비혼주의자에 대한 본인의 의견"
  }
}