{
  "paragraph": [
    {
      "paragraph_txt": "제 생각은 반대입니다.#@문장구분# 그 이유는 아무리 각자 자신만의 자유가 우선이라고 여겨질지라도 오늘날 사회를 보면 저출산뿐만 아니라 고령화 사회가 이어지고 있는 이유도 어떻게 보면 비혼주의자들의 증가로 발생했다고 볼 수 있습니다.#@문장구분# 왜냐하면 이러한 비혼주의자들은 연애와 동거는 하면서 결혼을 하지 않아 아이를 낳지 않기 때문에 비혼주의자들은 후손 없이 늙어 가게 되어 인구는 증가하지 않고 인구가 전반적으로 고령화되어가기 때문입니다.#@문장구분# 이뿐만 아니라 인구가 증가하지 않으므로 미래 발전에 기여할 새로운 인재들이 사라지고 사라짐으로 인하여 경제 발달도 사라질 수 있습니다.#@문장구분# 그리고 젊은 인구가 감소하면서 노동 인력도 많이 감소하기 때문에 외국인력이 들어오게 되면서 사람들이 동네에 돌아다니는 외국인 노동자를 보고 심리적으로 불안해 할 수 있습니다.#@문장구분# 왜냐하면 노동자들은 대부분 무거운 것을 들면서 덩치가 큰데 이 겉모습만 본다면 무섭게 느껴 질 수도 있습니다.#@문장구분# 이러한 문제가 일어난 것은 나라에서도 문제가 있습니다.#@문장구분# 요즘은 취업이 어려울 뿐만 아니라 집값도 계속 증가하고 있어 결혼을 하고 싶어도 양육비가 없어서 결혼을 못하는 경우가 발생하고 있습니다.#@문장구분# 이것을 보아 개인의 노력으로 될것이 아니라 나라의 지원정책이 필요한 시기인 것 같습니다.#@문장구분# 결혼을 하지 않고 아이를 낳게 되면 낳고나서 마음이 맞지 않아 헤어질 때 아이에 대해 법적으로 문제가 나기도하고 자라나는 어린이에게 부모 없는 아이라며 손가락질 받을 수도 있어 아이에게 죄를 짓는 것과 다름없다.#@문장구분# 결혼이라는 좋은 제도가 있음에도 불구하고 잘못된 자유주의에 빠져 사람들의 인식만 생각하며 윤리적 소비를 하지도 않으며 사는 것은 비합리적이라 본다.#@문장구분#",
      "paragraph_len": 1052,
      "paragraph_id": "001"
    }
  ],
  "score": {
    "paragraph_score": [
      {
        "paragraph_scoreT": [
          2.8,
          2,
          2
        ],
        "paragraph_scoreT_detail": {
          "paragraph_scoreT_exp": [
            [
              2,
              3,
              3
            ],
            [
              2,
              2,
              2
            ],
            [
              2,
              2,
              2
            ]
          ]
        },
        "paragraph_scoreT_avg": 2.2666667,
        "paragraph_id": "001"
      }
    ],
    "essay_scoreT": [
      29.4,
      24,
      22.699999
    ],
    "essay_scoreT_avg": 25.366667,
    "essay_scoreT_detail": {
      "essay_scoreT_org": [
        [
          3,
          0,
          3,
          3
        ],
        [
          2,
          0,
          3,
          3
        ],
        [
          2,
          0,
          2,
          3
        ]
      ],
      "essay_scoreT_cont": [
        [
          3,
          3,
          3,
          3
        ],
        [
          2,
          3,
          3,
          3
        ],
        [
          3,
          2,
          2,
          3
        ]
      ],
      "essay_scoreT_exp": [
        [
          2,
          3,
          3
        ],
        [
          2,
          2,
          2
        ],
        [
          2,
          2,
          2
        ]
      ]
    }
  },
  "student": {
    "date": "2021.12.23",
    "student_educated": true,
    "student_grade": "고등_1학년",
    "location": "054",
    "student_grade_group": "고등",
    "student_reading": 1
  },
  "rubric": {
    "essay_grade": "고등_1학년",
    "organization_weight": {
      "org_paragraph": 0,
      "org": 3,
      "org_essay": 6,
      "org_coherence": 3,
      "org_quantity": 1
    },
    "essay_type": "찬성반대",
    "content_weight": {
      "con_clearance": 3,
      "con_novelty": 3,
      "con": 4,
      "con_prompt": 1,
      "con_description": 3
    },
    "essay_main_subject": "비혼주의자에 대한 본인의 의견",
    "expression_weight": {
      "exp_style": 4,
      "exp_grammar": 2,
      "exp_vocab": 4,
      "exp": 3
    }
  },
  "correction": [],
  "info": {
    "essay_id": "ESSAY_76936",
    "essay_prompt": " \"\"연애는 필수, 결혼은 선택! 가슴이 뛰는 대로 가면 돼\"\".\n\n 유명한 유행가의 노래 가사처럼, 청년들에게 결혼은 이제 필수가 아닌 하나의 선택 사항입니다. 연애, 결혼, 출산을 포기한다는 의미의 '3포세대'라는 말이 나오기 무섭게 5포 세대, N포세대까지 등장할 정도로 취업난, 치솟는 부동산 가격 등 여러 사회·경제적 요인들로 청년층을 위축시켰습니다.\n\n 모두가 이러한 이유로 '결혼을 포기'하는 것만은 아닙니다. 개인의 행복을 위해 '비혼을 선택'하는 청년들도 늘고 있습니다. 이처럼 최근 전통적인 가치관에서 벗어나 연애와 동거는 하면서 결혼이라는 제도에 묶여 관계에서 파생되는 책임을 벗어나 자유로운 삶을 추구하는 비혼주의자가 늘고 있습니다.\n\n 다만, 개인의 자유로운 선택에 따라 비혼주의를 하지만 주변에서는 아직 고운 시선으로 바라보지 않는 사람도 많습니다. 결혼이라는 제도에 대해서 선택이 아닌 필수라고 생각하는 사람들도 많지요. 개개인이 모여 사회가 형성되기 때문에 사회의 가장 작은 단위인 가족을 이루는 것도 사회 구성원으로서의 큰 역할이라고 생각하는 사람들도 있습니다.\n\n 여러분은 결혼을 꼭 해야 한다고 생각하시나요? 아니면 결혼은 선택의 문제라고 생각하시나요? 비혼주의에 대해 찬성하는 입장 반대를 선택하여 자신의 의견을 작성해주세요. 그리고 그렇게 생각한 이유에 대해서 작성해주세요.",
    "essay_type": "찬성반대",
    "essay_level": "2",
    "essay_len": 833,
    "essay_main_subject": "비혼주의자에 대한 본인의 의견"
  }
}