{
  "paragraph": [
    {
      "paragraph_txt": "얼마전 티비를 통해 공동체 생활을 하는 사람들을 본적이 있다.#@문장구분# 개인직업을 가지고 있는 직장인들이면서 비혼자들이 가족이 따로 없기 때문에 한 집을 쉐어하면서 서로가 가족이 되어주는 것이였다.#@문장구분# 관심사가 비슷하고 비혼주의라는 서로 간의 정서적인 지지도 할수 있는 새로운 형태의 가족이라고 소개했다.#@문장구분# 이것이 요즘의 문화라고 소개되는 것을 보면서 개인적으로는 좋아 보이지는 않았다.#@문장구분# 비혼주의가 늘게된 또다른 이유는 동거가 흔해졌기 때문이라고 생각한다.#@문장구분# 결혼해서 아이를 낳지않으면서 둘이서 결혼생활을 하다 이혼을 해도 자녀가 없어 쉽게 이혼을 결정할수있게 되면서 이혼이라는 딱지를 다느니 그냥 결혼없이 동거하는 상황들이 늘어나고 있는 것 같다.#@문장구분# 동거는 서로에 대한 책임을 지지않으려는 현시대의 추세라고 본다.#@문장구분# 앞으로는 점점 더 개인화되고 파편화되면서 다양한 생각과 선택의 존중이라는 핑계로 인스턴트식 관계가 늘어나게 될것같다.#@문장구분# 결국 결혼생활에서 서로의 의견이 충돌되고 가치가 부합되지 않을 때 겪게되는 갈등들을 회피하기 위해 비혼이 늘게 된 것이라고 본다.#@문장구분# 비혼이 늘어난다는건 결국 국가적인 차원에서 건강하지 않은 나라이다.#@문장구분# 단순히 관계적인것뿐만이 아니라 정서적인 측면에서도 재고되어야 할 부분이다.#@문장구분# 이미 비혼은 결혼에 비해 우세하다.#@문장구분# 나는 사람과 사람간의 건강한 관계가 중요하다고 생각한다.#@문장구분# 출산 육아 또는 경제적 이유로 비혼을 선택하는 것이 아니라 책임회피와 동거등의 가벼운 관계들로인해 비혼자들이 늘어나고 있다면 이것은 심각하고 슬픈상황이다.#@문장구분# 쉐어하우스나 동거등을 새로운 가족의 형태라고 볼것인지 아니면 비혼자들이 찾은 비혼을 유지하는 방법론으로 볼것인지 사회적 해석이 필요할 것으로 본다.#@문장구분#",
      "paragraph_len": 1131,
      "paragraph_id": "001"
    }
  ],
  "score": {
    "paragraph_score": [
      {
        "paragraph_scoreT": [
          3,
          3,
          3
        ],
        "paragraph_scoreT_detail": {
          "paragraph_scoreT_exp": [
            [
              3,
              3,
              3
            ],
            [
              3,
              3,
              3
            ],
            [
              3,
              3,
              3
            ]
          ]
        },
        "paragraph_scoreT_avg": 3,
        "paragraph_id": "001"
      }
    ],
    "essay_scoreT": [
      30,
      30,
      30
    ],
    "essay_scoreT_avg": 30,
    "essay_scoreT_detail": {
      "essay_scoreT_org": [
        [
          3,
          0,
          3,
          3
        ],
        [
          3,
          0,
          3,
          3
        ],
        [
          3,
          0,
          3,
          3
        ]
      ],
      "essay_scoreT_cont": [
        [
          3,
          3,
          3,
          3
        ],
        [
          3,
          3,
          3,
          3
        ],
        [
          3,
          3,
          3,
          3
        ]
      ],
      "essay_scoreT_exp": [
        [
          3,
          3,
          3
        ],
        [
          3,
          3,
          3
        ],
        [
          3,
          3,
          3
        ]
      ]
    }
  },
  "student": {
    "date": "2021.12.14",
    "student_educated": true,
    "student_grade": "고등_1학년",
    "location": "053",
    "student_grade_group": "고등",
    "student_reading": 3
  },
  "rubric": {
    "essay_grade": "고등_1학년",
    "organization_weight": {
      "org_paragraph": 0,
      "org": 3,
      "org_essay": 6,
      "org_coherence": 3,
      "org_quantity": 1
    },
    "essay_type": "찬성반대",
    "content_weight": {
      "con_clearance": 3,
      "con_novelty": 3,
      "con": 4,
      "con_prompt": 1,
      "con_description": 3
    },
    "essay_main_subject": "비혼주의자에 대한 본인의 의견",
    "expression_weight": {
      "exp_style": 4,
      "exp_grammar": 2,
      "exp_vocab": 4,
      "exp": 3
    }
  },
  "correction": [],
  "info": {
    "essay_id": "ESSAY_61633",
    "essay_prompt": " \"\"연애는 필수, 결혼은 선택! 가슴이 뛰는 대로 가면 돼\"\".\n\n 유명한 유행가의 노래 가사처럼, 청년들에게 결혼은 이제 필수가 아닌 하나의 선택 사항입니다. 연애, 결혼, 출산을 포기한다는 의미의 '3포세대'라는 말이 나오기 무섭게 5포 세대, N포세대까지 등장할 정도로 취업난, 치솟는 부동산 가격 등 여러 사회·경제적 요인들로 청년층을 위축시켰습니다.\n\n 모두가 이러한 이유로 '결혼을 포기'하는 것만은 아닙니다. 개인의 행복을 위해 '비혼을 선택'하는 청년들도 늘고 있습니다. 이처럼 최근 전통적인 가치관에서 벗어나 연애와 동거는 하면서 결혼이라는 제도에 묶여 관계에서 파생되는 책임을 벗어나 자유로운 삶을 추구하는 비혼주의자가 늘고 있습니다.\n\n 다만, 개인의 자유로운 선택에 따라 비혼주의를 하지만 주변에서는 아직 고운 시선으로 바라보지 않는 사람도 많습니다. 결혼이라는 제도에 대해서 선택이 아닌 필수라고 생각하는 사람들도 많지요. 개개인이 모여 사회가 형성되기 때문에 사회의 가장 작은 단위인 가족을 이루는 것도 사회 구성원으로서의 큰 역할이라고 생각하는 사람들도 있습니다.\n\n 여러분은 결혼을 꼭 해야 한다고 생각하시나요? 아니면 결혼은 선택의 문제라고 생각하시나요? 비혼주의에 대해 찬성하는 입장 반대를 선택하여 자신의 의견을 작성해주세요. 그리고 그렇게 생각한 이유에 대해서 작성해주세요.",
    "essay_type": "찬성반대",
    "essay_level": "2",
    "essay_len": 833,
    "essay_main_subject": "비혼주의자에 대한 본인의 의견"
  }
}