{
  "paragraph": [
    {
      "paragraph_txt": "보통 우리나라에서는 일반적으로 20~30대에 결혼을 하고, 늦게는 40~50대에 결혼을 하는 사람들도 있다.#@문장구분# 그러나 이와 달리 결혼을 하지 않고 살아가는 사람들도 있다.#@문장구분# 바로 '비혼 주의자'이다.#@문장구분# 비혼 주의자란 결혼은 필수가 아니라, 선택이라고 생각하는 이, 즉 결혼 제도를 거부하는 사람을 말한다.#@문장구분# 나는 이러한 비혼주의자에 찬성하는 바이다.#@문장구분# 먼저 결혼은 사는 데 있어서 필수 코스가 아니다.#@문장구분# 예전엔 결혼이 거의 필수인 시대였다면 지금은 필수가 아닌 선택이 되어버린 것이다.#@문장구분# 그 이유를 왜일까?#@문장구분# 요즘 현실에 맞게 경제적인 부분 그리고 내 집을 마련하기 위한 부담감 등이 이슈화 되어버린 것이다.#@문장구분# 예전 물론 결혼을 하여서 사랑하는 사람과 행복하게 사는 경우도 있지만, 결혼으로 인해 생기는 책임, 그리고 경제적인 부담 등을 겪기 싫은 사람들도 있을 수 있고, 결혼이라는 제도 자체가 맞지 않는 사람도 있다.#@문장구분# 결국 결혼은 선택이기 때문에 하지 않고 싶으면 안하면 그만인것이다.#@문장구분# 또, 앞서 말한것과 마찬가지로 결혼은 많은 책임이 따를 뿐더러 혼자 살 때와는 달리 많은 것들이 자연스럽게 제한되기도 한다.#@문장구분# 예를 들어 자신의 취미생활이나 또는 친구들과의 교류 등이 자연스럽게 멀어지는 경우도 다수이다.#@문장구분# 이러한 결혼을 함으로써 생기는 단점들이 그들을 비혼주의자로 만드는 이유 중 하나일 수 있다.#@문장구분# 또한 결혼이 사랑하는 사람을 얼마나 사랑하는지에 대한 척도는 아니다.#@문장구분# 비혼주의자로 살아가면서 사랑하는 사람과 연애 또는 동거를 하는 경우도 매우 많다.#@문장구분# 결혼을 하지 않고 비혼주의자로 살면서 더 자신을 위한 삶을 사는 것도 더 행복하게 사는 하나의 길이라고 생각한다.#@문장구분#",
      "paragraph_len": 1152,
      "paragraph_id": "001"
    }
  ],
  "score": {
    "paragraph_score": [
      {
        "paragraph_scoreT": [
          3,
          2.4,
          2.8
        ],
        "paragraph_scoreT_detail": {
          "paragraph_scoreT_exp": [
            [
              3,
              3,
              3
            ],
            [
              2,
              3,
              2
            ],
            [
              2,
              3,
              3
            ]
          ]
        },
        "paragraph_scoreT_avg": 2.7333333,
        "paragraph_id": "001"
      }
    ],
    "essay_scoreT": [
      30,
      26.100002,
      29.1
    ],
    "essay_scoreT_avg": 28.400002,
    "essay_scoreT_detail": {
      "essay_scoreT_org": [
        [
          3,
          0,
          3,
          3
        ],
        [
          3,
          0,
          2,
          3
        ],
        [
          3,
          0,
          3,
          2
        ]
      ],
      "essay_scoreT_cont": [
        [
          3,
          3,
          3,
          3
        ],
        [
          3,
          2,
          3,
          3
        ],
        [
          3,
          3,
          3,
          3
        ]
      ],
      "essay_scoreT_exp": [
        [
          3,
          3,
          3
        ],
        [
          2,
          3,
          2
        ],
        [
          2,
          3,
          3
        ]
      ]
    }
  },
  "student": {
    "date": "2021.12.03",
    "student_educated": true,
    "student_grade": "고등_1학년",
    "location": "051",
    "student_grade_group": "고등",
    "student_reading": 2
  },
  "rubric": {
    "essay_grade": "고등_1학년",
    "organization_weight": {
      "org_paragraph": 0,
      "org": 3,
      "org_essay": 6,
      "org_coherence": 3,
      "org_quantity": 1
    },
    "essay_type": "찬성반대",
    "content_weight": {
      "con_clearance": 3,
      "con_novelty": 3,
      "con": 4,
      "con_prompt": 1,
      "con_description": 3
    },
    "essay_main_subject": "비혼주의자에 대한 본인의 의견",
    "expression_weight": {
      "exp_style": 4,
      "exp_grammar": 2,
      "exp_vocab": 4,
      "exp": 3
    }
  },
  "correction": [],
  "info": {
    "essay_id": "ESSAY_53649",
    "essay_prompt": " \"\"연애는 필수, 결혼은 선택! 가슴이 뛰는 대로 가면 돼\"\".\n\n 유명한 유행가의 노래 가사처럼, 청년들에게 결혼은 이제 필수가 아닌 하나의 선택 사항입니다. 연애, 결혼, 출산을 포기한다는 의미의 '3포세대'라는 말이 나오기 무섭게 5포 세대, N포세대까지 등장할 정도로 취업난, 치솟는 부동산 가격 등 여러 사회·경제적 요인들로 청년층을 위축시켰습니다.\n\n 모두가 이러한 이유로 '결혼을 포기'하는 것만은 아닙니다. 개인의 행복을 위해 '비혼을 선택'하는 청년들도 늘고 있습니다. 이처럼 최근 전통적인 가치관에서 벗어나 연애와 동거는 하면서 결혼이라는 제도에 묶여 관계에서 파생되는 책임을 벗어나 자유로운 삶을 추구하는 비혼주의자가 늘고 있습니다.\n\n 다만, 개인의 자유로운 선택에 따라 비혼주의를 하지만 주변에서는 아직 고운 시선으로 바라보지 않는 사람도 많습니다. 결혼이라는 제도에 대해서 선택이 아닌 필수라고 생각하는 사람들도 많지요. 개개인이 모여 사회가 형성되기 때문에 사회의 가장 작은 단위인 가족을 이루는 것도 사회 구성원으로서의 큰 역할이라고 생각하는 사람들도 있습니다.\n\n 여러분은 결혼을 꼭 해야 한다고 생각하시나요? 아니면 결혼은 선택의 문제라고 생각하시나요? 비혼주의에 대해 찬성하는 입장 반대를 선택하여 자신의 의견을 작성해주세요. 그리고 그렇게 생각한 이유에 대해서 작성해주세요.",
    "essay_type": "찬성반대",
    "essay_level": "2",
    "essay_len": 812,
    "essay_main_subject": "비혼주의자에 대한 본인의 의견"
  }
}