{
  "paragraph": [
    {
      "paragraph_txt": "나는 비혼주의자이다.#@문장구분# 자유롭게 여행다니며 살고싶다.#@문장구분# 나는 학생이기때문에 자유가 없다.#@문장구분# 학교에서도 공부,학교 갔다 와서도 공부,밥먹으면서도 공부,계속 공부만 해야하는 학생이라 나는 자유를 갈망한다.#@문장구분# 부모님은 내인생의 주인은 나라고 하시면서 늘 나에게 선택의 기회를 주셨고 결정도 내가 직접할 수있게 해주셨다.#@문장구분# 어떠한 선택을 할라치면 결정장애가 있는 나는 쉽게 선택을 못했다.#@문장구분# 많은 생각을하고 선택해야 했다.#@문장구분# 그 선택뒤에 책임은 항상 내가 져야하므로 신중한 선택을 했다.#@문장구분# 그래서인지 나의 생각은 공부에 관한 것만 빼고 자유분방하다.#@문장구분# 그래도 몸이 자유롭지 못한것같다.#@문장구분# 학교,집,학원,집, 이렇게 쳇방퀴 돌듯 돌고있으니 말이다.#@문장구분# 그런데 결혼은 나를 어떤 한남자의 것으로,어떤 한남자를 나의것으로 만드는 일이다.#@문장구분# 나도 그남자에게도 자유란 없는 것이된다.#@문장구분# 그사람이 좋아하는 생각,그사람이 좋아하는 음식,그사람과 만나는 시간등 이모든것이 나만의 것이 아닌것같다.#@문장구분# 같이공유해야하고 같이 나눠야하고 같은 생각을 해야한다.#@문장구분# 나는 하고싶은 일을 그가 하지말라면 하지말아야하고 그도 마찬가지다.#@문장구분# 결혼은 자유롭고 싶은 나를 다시 묶어버리는 다른형태의 학교가 아닐까한다.#@문장구분# 여러나라 여행을 다니며 자유롭게 연애하고 일하면서 책쓰는 일을 하고 싶다.#@문장구분# 유튜버로도 활동하고싶다.#@문장구분# 누구한테 얽매이지 않고 밥먹고싶을때 밥먹고,자고싶을때자고,일하고 싶을 때 일할수 있는자유가 필요하다.#@문장구분# 그에게 부모님도 있으니 나는 또 며느리로서의 역할을 해내야한다.#@문장구분# 시부모님 마음에 들기위해 노력하는 것도 싫다.#@문장구분# 나에게 자유를 빼앗아가는 결혼을 안할것이다.#@문장구분#",
      "paragraph_len": 1245,
      "paragraph_id": "001"
    }
  ],
  "score": {
    "paragraph_score": [
      {
        "paragraph_scoreT": [
          2.8,
          2,
          2.4
        ],
        "paragraph_scoreT_detail": {
          "paragraph_scoreT_exp": [
            [
              2,
              3,
              3
            ],
            [
              2,
              2,
              2
            ],
            [
              2,
              2,
              3
            ]
          ]
        },
        "paragraph_scoreT_avg": 2.4,
        "paragraph_id": "001"
      }
    ],
    "essay_scoreT": [
      29.4,
      22.800001,
      28.2
    ],
    "essay_scoreT_avg": 26.800001,
    "essay_scoreT_detail": {
      "essay_scoreT_org": [
        [
          3,
          0,
          3,
          3
        ],
        [
          2,
          0,
          3,
          3
        ],
        [
          3,
          0,
          3,
          3
        ]
      ],
      "essay_scoreT_cont": [
        [
          3,
          3,
          3,
          3
        ],
        [
          2,
          3,
          3,
          2
        ],
        [
          3,
          3,
          3,
          3
        ]
      ],
      "essay_scoreT_exp": [
        [
          2,
          3,
          3
        ],
        [
          2,
          2,
          2
        ],
        [
          2,
          2,
          3
        ]
      ]
    }
  },
  "student": {
    "date": "2021.12.15",
    "student_educated": true,
    "student_grade": "고등_1학년",
    "location": "044",
    "student_grade_group": "고등",
    "student_reading": 3
  },
  "rubric": {
    "essay_grade": "고등_1학년",
    "organization_weight": {
      "org_paragraph": 0,
      "org": 3,
      "org_essay": 6,
      "org_coherence": 3,
      "org_quantity": 1
    },
    "essay_type": "찬성반대",
    "content_weight": {
      "con_clearance": 3,
      "con_novelty": 3,
      "con": 4,
      "con_prompt": 1,
      "con_description": 3
    },
    "essay_main_subject": "비혼주의자에 대한 본인의 의견",
    "expression_weight": {
      "exp_style": 4,
      "exp_grammar": 2,
      "exp_vocab": 4,
      "exp": 3
    }
  },
  "correction": [],
  "info": {
    "essay_id": "ESSAY_66199",
    "essay_prompt": " \"\"연애는 필수, 결혼은 선택! 가슴이 뛰는 대로 가면 돼\"\".\n\n 유명한 유행가의 노래 가사처럼, 청년들에게 결혼은 이제 필수가 아닌 하나의 선택 사항입니다. 연애, 결혼, 출산을 포기한다는 의미의 '3포세대'라는 말이 나오기 무섭게 5포 세대, N포세대까지 등장할 정도로 취업난, 치솟는 부동산 가격 등 여러 사회·경제적 요인들로 청년층을 위축시켰습니다.\n\n 모두가 이러한 이유로 '결혼을 포기'하는 것만은 아닙니다. 개인의 행복을 위해 '비혼을 선택'하는 청년들도 늘고 있습니다. 이처럼 최근 전통적인 가치관에서 벗어나 연애와 동거는 하면서 결혼이라는 제도에 묶여 관계에서 파생되는 책임을 벗어나 자유로운 삶을 추구하는 비혼주의자가 늘고 있습니다.\n\n 다만, 개인의 자유로운 선택에 따라 비혼주의를 하지만 주변에서는 아직 고운 시선으로 바라보지 않는 사람도 많습니다. 결혼이라는 제도에 대해서 선택이 아닌 필수라고 생각하는 사람들도 많지요. 개개인이 모여 사회가 형성되기 때문에 사회의 가장 작은 단위인 가족을 이루는 것도 사회 구성원으로서의 큰 역할이라고 생각하는 사람들도 있습니다.\n\n 여러분은 결혼을 꼭 해야 한다고 생각하시나요? 아니면 결혼은 선택의 문제라고 생각하시나요? 비혼주의에 대해 찬성하는 입장 반대를 선택하여 자신의 의견을 작성해주세요. 그리고 그렇게 생각한 이유에 대해서 작성해주세요.",
    "essay_type": "찬성반대",
    "essay_level": "2",
    "essay_len": 786,
    "essay_main_subject": "비혼주의자에 대한 본인의 의견"
  }
}