{
  "paragraph": [
    {
      "paragraph_txt": "예전에는 결혼과 출산에 대하여 자연스럽게 당연한 것으로 여겨왔습니다.#@문장구분# 하지만 시대가 변하고 있고 현대 사회에 이르러서는 결혼이라는 제도를 의무가 아닌 선택으로 여기고 있습니다.#@문장구분# 저 또한 결혼이라는 것을 꼭 해야하는 것은 아니라고 생각합니다.#@문장구분# 최근 혼인율과 출산율은 매년 꾸준히 감소하고 있는데 특히나 코로나 19 발병으로 인하여 많은 젊은 남녀가 결혼을 나중으로 미루고 있고, 출산도 꺼려하고 있기에 혼인율과 출산율이 급격하게 감소되고 있습니다.#@문장구분# 한 설문조사에선 미혼남녀에게 결혼할 의지를 물었는데 10명중 3명은 비혼주의라고 답했다고 합니다.#@문장구분# 특히 남성보다는 여성에서 비혼주의가 두드러지게 나타났다고 합니다.#@문장구분# 이에 대한 원인으로는 결혼과 출산으로 인해 육아에 대한 부담감이 클 것이라고 생각이 됩니다.#@문장구분# 육아로 인하여 경력이 단절되는 경우가 발생되고 다시 일을 하게 되더라도 그동안의 공백으로 인하여 예전의 성과를 도출해 내는 것이 쉽지많은 않을 것입니다.#@문장구분# 또한 결혼이라는 것이 경제적으로 청년들에게 큰 부담이 될 것입니다.#@문장구분# 내집 마련은 둘째치고 전셋집 구하는 데에도 큰 돈이 들어가기 때문에 이제야 사회 초년생이 된 젊은 남녀에게 결혼이라는 것은 사랑만으로 쉽게 결정지을 수 있는 상황이 아니게 된 것입니다.#@문장구분# 이렇다 보니 비혼주의자의 숫자는 점점 많아지고 있고 결혼을 하고자 하는 사람들도 어느정도의 경제적인 조건을 충족해야 하다보니 결혼을 하게 되는 연령대가 점점 늦어지고 있습니다. #@문장구분#최근 많은 것을 포기하고 살아가고 있는 젊은 세대에게 무조건적인 결혼을 강요하는 것은 어려워 보입니다.#@문장구분# 올바른 제도 개선으로 결혼에 대한 인식을 변화시켜야 할 것이라고 생각됩니다.#@문장구분#",
      "paragraph_len": 1081,
      "paragraph_id": "001"
    }
  ],
  "score": {
    "paragraph_score": [
      {
        "paragraph_scoreT": [
          3,
          2.8,
          2.8
        ],
        "paragraph_scoreT_detail": {
          "paragraph_scoreT_exp": [
            [
              3,
              3,
              3
            ],
            [
              2,
              3,
              3
            ],
            [
              2,
              3,
              3
            ]
          ]
        },
        "paragraph_scoreT_avg": 2.8666668,
        "paragraph_id": "001"
      }
    ],
    "essay_scoreT": [
      30,
      27.3,
      29
    ],
    "essay_scoreT_avg": 28.766668,
    "essay_scoreT_detail": {
      "essay_scoreT_org": [
        [
          3,
          0,
          3,
          3
        ],
        [
          3,
          0,
          2,
          3
        ],
        [
          3,
          0,
          3,
          3
        ]
      ],
      "essay_scoreT_cont": [
        [
          3,
          3,
          3,
          3
        ],
        [
          3,
          2,
          3,
          3
        ],
        [
          3,
          3,
          2,
          3
        ]
      ],
      "essay_scoreT_exp": [
        [
          3,
          3,
          3
        ],
        [
          2,
          3,
          3
        ],
        [
          2,
          3,
          3
        ]
      ]
    }
  },
  "student": {
    "date": "2021.12.13",
    "student_educated": true,
    "student_grade": "고등_1학년",
    "location": "063",
    "student_grade_group": "고등",
    "student_reading": 2
  },
  "rubric": {
    "essay_grade": "고등_1학년",
    "organization_weight": {
      "org_paragraph": 0,
      "org": 3,
      "org_essay": 6,
      "org_coherence": 3,
      "org_quantity": 1
    },
    "essay_type": "찬성반대",
    "content_weight": {
      "con_clearance": 3,
      "con_novelty": 3,
      "con": 4,
      "con_prompt": 1,
      "con_description": 3
    },
    "essay_main_subject": "비혼주의자에 대한 본인의 의견",
    "expression_weight": {
      "exp_style": 4,
      "exp_grammar": 2,
      "exp_vocab": 4,
      "exp": 3
    }
  },
  "correction": [],
  "info": {
    "essay_id": "ESSAY_71898",
    "essay_prompt": " \"\"연애는 필수, 결혼은 선택! 가슴이 뛰는 대로 가면 돼\"\".\n\n 유명한 유행가의 노래 가사처럼, 청년들에게 결혼은 이제 필수가 아닌 하나의 선택 사항입니다. 연애, 결혼, 출산을 포기한다는 의미의 '3포세대'라는 말이 나오기 무섭게 5포 세대, N포세대까지 등장할 정도로 취업난, 치솟는 부동산 가격 등 여러 사회·경제적 요인들로 청년층을 위축시켰습니다.\n\n 모두가 이러한 이유로 '결혼을 포기'하는 것만은 아닙니다. 개인의 행복을 위해 '비혼을 선택'하는 청년들도 늘고 있습니다. 이처럼 최근 전통적인 가치관에서 벗어나 연애와 동거는 하면서 결혼이라는 제도에 묶여 관계에서 파생되는 책임을 벗어나 자유로운 삶을 추구하는 비혼주의자가 늘고 있습니다.\n\n 다만, 개인의 자유로운 선택에 따라 비혼주의를 하지만 주변에서는 아직 고운 시선으로 바라보지 않는 사람도 많습니다. 결혼이라는 제도에 대해서 선택이 아닌 필수라고 생각하는 사람들도 많지요. 개개인이 모여 사회가 형성되기 때문에 사회의 가장 작은 단위인 가족을 이루는 것도 사회 구성원으로서의 큰 역할이라고 생각하는 사람들도 있습니다.\n\n 여러분은 결혼을 꼭 해야 한다고 생각하시나요? 아니면 결혼은 선택의 문제라고 생각하시나요? 비혼주의에 대해 찬성하는 입장 반대를 선택하여 자신의 의견을 작성해주세요. 그리고 그렇게 생각한 이유에 대해서 작성해주세요.",
    "essay_type": "찬성반대",
    "essay_level": "2",
    "essay_len": 821,
    "essay_main_subject": "비혼주의자에 대한 본인의 의견"
  }
}