{
  "paragraph": [
    {
      "paragraph_txt": "비혼주의자는  결혼은 필수가 아니라 선택이라고 생각하는 사람을 일컫는 말이다.#@문장구분# 나는 그런 비혼주의에 대해 찬성하는 입장이다.#@문장구분# ",
      "paragraph_len": 110,
      "paragraph_id": "001"
    },
    {
      "paragraph_txt": "비혼주의는 경제적 이유, 단순히 혼자 사는 것이 행복해서 등의 문제로 발생한다.#@문장구분# 자신이 합리적으로 삶을 살기 위해 비혼을 택하는 것이다.#@문장구분# 만약 결혼이 필수라고 한다면, 경제적 여유가 부족한 사람, 혼자 사는 것이 행복한 사람, 새로 생기는 가족을 책임질 수 없는 사람은 어떻게 합리적이고 행복한 삶을 살아갈까?#@문장구분# 결혼을 함으로서 그런 삶을 잃게 된다면 ,나는 결혼을 하지 않는게 맞다고 본다.#@문장구분# 보다 합리적인 삶을 살기 위해 결혼을 하지 않는 것이니까.#@문장구분# 그리고 비혼은 아예 내 곁에 있는 사람을 거부하는 것이 아니다.#@문장구분# 동거나 연애는 하되, 결혼을 하지 않는 것이므로 혼자서의 외로움도 덜어낼수 있다.#@문장구분#",
      "paragraph_len": 473,
      "paragraph_id": "002"
    },
    {
      "paragraph_txt": "이러한 비혼주의는 많은 장점도 가지고 있다.#@문장구분# 비혼을 함으로서 자신의 삶이 자유로워지고 많은 스트레스에서 해방되며, 또 금전적인 여유가 생기고 결혼을 해서 생기는 몇몇 불이익 들을 피할수 있다.#@문장구분# 나는 비혼이 무책임하기 보다는 책임감있다고 생각한다.#@문장구분# 스스로를 위해 진짜 '혼자' 살아가는게 무책임하고 나쁘다고 비판할수 있는가.#@문장구분# ",
      "paragraph_len": 261,
      "paragraph_id": "003"
    },
    {
      "paragraph_txt": "비혼주의는 과거에는 좋지 않은 시선을 받아왔다.#@문장구분# 하지만 시대가 변하고 사람들이 생각하는 관점도 변화하면서 요즘은 비혼주의를 선호하는 사람들이 늘어나고 있다.#@문장구분# 나는 이 시대를 살아가는 사람으로서 결혼은 필수가 아닌 선택이라고 생각한다.#@문장구분# 누구나 결혼을 선택할 권리가 있기 때문이다.#@문장구분#",
      "paragraph_len": 235,
      "paragraph_id": "004"
    }
  ],
  "score": {
    "paragraph_score": [
      {
        "paragraph_scoreT": [
          3,
          2.2,
          2
        ],
        "paragraph_scoreT_detail": {
          "paragraph_scoreT_exp": [
            [
              3,
              3,
              3
            ],
            [
              3,
              2,
              2
            ],
            [
              2,
              2,
              2
            ]
          ]
        },
        "paragraph_scoreT_avg": 2.3999999,
        "paragraph_id": "001"
      },
      {
        "paragraph_scoreT": [
          3,
          2.2,
          2
        ],
        "paragraph_scoreT_detail": {
          "paragraph_scoreT_exp": [
            [
              3,
              3,
              3
            ],
            [
              3,
              2,
              2
            ],
            [
              2,
              2,
              2
            ]
          ]
        },
        "paragraph_scoreT_avg": 2.3999999,
        "paragraph_id": "002"
      },
      {
        "paragraph_scoreT": [
          3,
          2.2,
          2
        ],
        "paragraph_scoreT_detail": {
          "paragraph_scoreT_exp": [
            [
              3,
              3,
              3
            ],
            [
              3,
              2,
              2
            ],
            [
              2,
              2,
              2
            ]
          ]
        },
        "paragraph_scoreT_avg": 2.3999999,
        "paragraph_id": "003"
      },
      {
        "paragraph_scoreT": [
          3,
          2.2,
          2
        ],
        "paragraph_scoreT_detail": {
          "paragraph_scoreT_exp": [
            [
              3,
              3,
              3
            ],
            [
              3,
              2,
              2
            ],
            [
              2,
              2,
              2
            ]
          ]
        },
        "paragraph_scoreT_avg": 2.3999999,
        "paragraph_id": "004"
      }
    ],
    "essay_scoreT": [
      30,
      24.900002,
      23.3
    ],
    "essay_scoreT_avg": 26.066666,
    "essay_scoreT_detail": {
      "essay_scoreT_org": [
        [
          3,
          0,
          3,
          3
        ],
        [
          3,
          0,
          3,
          2
        ],
        [
          2,
          0,
          3,
          2
        ]
      ],
      "essay_scoreT_cont": [
        [
          3,
          3,
          3,
          3
        ],
        [
          3,
          2,
          3,
          2
        ],
        [
          3,
          2,
          2,
          3
        ]
      ],
      "essay_scoreT_exp": [
        [
          3,
          3,
          3
        ],
        [
          3,
          2,
          2
        ],
        [
          2,
          2,
          2
        ]
      ]
    }
  },
  "student": {
    "date": "2021.09.06",
    "student_educated": true,
    "student_grade": "고등_1학년",
    "location": "051",
    "student_grade_group": "고등",
    "student_reading": 2
  },
  "rubric": {
    "essay_grade": "고등_1학년",
    "organization_weight": {
      "org_paragraph": 0,
      "org": 3,
      "org_essay": 6,
      "org_coherence": 3,
      "org_quantity": 1
    },
    "essay_type": "찬성반대",
    "content_weight": {
      "con_clearance": 3,
      "con_novelty": 3,
      "con": 4,
      "con_prompt": 1,
      "con_description": 3
    },
    "essay_main_subject": "비혼주의자에 대한 본인의 의견",
    "expression_weight": {
      "exp_style": 4,
      "exp_grammar": 2,
      "exp_vocab": 4,
      "exp": 3
    }
  },
  "correction": [],
  "info": {
    "essay_id": "ESSAY_34368",
    "essay_prompt": " \"\"연애는 필수, 결혼은 선택! 가슴이 뛰는 대로 가면 돼\"\".\n\n 유명한 유행가의 노래 가사처럼, 청년들에게 결혼은 이제 필수가 아닌 하나의 선택 사항입니다. 연애, 결혼, 출산을 포기한다는 의미의 '3포세대'라는 말이 나오기 무섭게 5포 세대, N포세대까지 등장할 정도로 취업난, 치솟는 부동산 가격 등 여러 사회·경제적 요인들로 청년층을 위축시켰습니다.\n\n 모두가 이러한 이유로 '결혼을 포기'하는 것만은 아닙니다. 개인의 행복을 위해 '비혼을 선택'하는 청년들도 늘고 있습니다. 이처럼 최근 전통적인 가치관에서 벗어나 연애와 동거는 하면서 결혼이라는 제도에 묶여 관계에서 파생되는 책임을 벗어나 자유로운 삶을 추구하는 비혼주의자가 늘고 있습니다.\n\n 다만, 개인의 자유로운 선택에 따라 비혼주의를 하지만 주변에서는 아직 고운 시선으로 바라보지 않는 사람도 많습니다. 결혼이라는 제도에 대해서 선택이 아닌 필수라고 생각하는 사람들도 많지요. 개개인이 모여 사회가 형성되기 때문에 사회의 가장 작은 단위인 가족을 이루는 것도 사회 구성원으로서의 큰 역할이라고 생각하는 사람들도 있습니다.\n\n 여러분은 결혼을 꼭 해야 한다고 생각하시나요? 아니면 결혼은 선택의 문제라고 생각하시나요? 비혼주의에 대해 찬성하는 입장 반대를 선택하여 자신의 의견을 작성해주세요. 그리고 그렇게 생각한 이유에 대해서 작성해주세요.",
    "essay_type": "찬성반대",
    "essay_level": "2",
    "essay_len": 746,
    "essay_main_subject": "비혼주의자에 대한 본인의 의견"
  }
}