{
  "paragraph": [
    {
      "paragraph_txt": "저는 세상에 비혼주의자가 늘어나는 것은 좋은 현상이라고 생각합니다.#@문장구분# 세상 사람들이 옛날의 가치관에 얽매이지않고 다른 사람의 눈치를 보지 않고 자유로운 결정을 표현하고 있는 것이라고 느꼈기 때문입니다.#@문장구분# 또 사회적 압박이나 가족, 주변 지인의 압박으로 인해 결혼정보회사를 통해 사람을 만나 결혼하는 사람도 생겼습니다.#@문장구분# 결혼을 위해 외적인 조건을 따지지 않을 수는 없겠지만 학벌, 연봉, 부모님의 노후준비 여부, 외모, 종교 등이 점수로 매겨져서 자신과 비슷한 점수대의 사람과 결혼하는 것 입니다.#@문장구분# 저는 결혼은 사랑이 기본이라고 생각합니다.#@문장구분# 그래서 주변친구들이 이런 것을 보고 결혼하지않을 것이라고 말할 때 저는 사랑하는 사람과 결혼할 것이라고 말하곤 했었습니다.#@문장구분# 또 지금같은 저출산 시대에 많은 사람들이 결혼을 하지 않으면 출산율이 더 빠르게 감소할 것 같았고 아기를 좋아하는 저에겐 결혼은 마냥 좋은 것으로 느껴졌기 때문입니다.#@문장구분# 하지만 가정시간에 결혼에 대해 배우면서 생각이 조금 바뀌었습니다.#@문장구분# 왜냐하면 사회적 문제 해결을 위해 모든 사람들에게 결혼을 강요하는 것은 옳지 않다는 생각이 들었기 때문입니다.#@문장구분# 이제 모든 것은 개인의 자유입니다.#@문장구분# 결혼, 출산 등 누구도 다른 사람에게 강요할 수도, 강요 받을 수도 없습니다.#@문장구분# 그렇다고 결혼하는 것이 옳지 않다는 것은 아닙니다.#@문장구분# 자신과 맞는 사랑하는 사람과 결혼해서 결혼생활을 즐기는 것은 찬성합니다.#@문장구분# 저는 결혼이라는 생활과 맞지 않은 사람들은 하지않고 결혼생활이 좋은 사람들은 결혼을 하는 자유로운 사회가 되었으면 좋겠습니다.#@문장구분# 결혼을 위해 모든 것을 맞추고 자신을 평가받으며 상처받는 일은 일어나지 않았으면 좋겠습니다.#@문장구분#",
      "paragraph_len": 1118,
      "paragraph_id": "001"
    }
  ],
  "score": {
    "paragraph_score": [
      {
        "paragraph_scoreT": [
          2.2,
          3,
          2.4
        ],
        "paragraph_scoreT_detail": {
          "paragraph_scoreT_exp": [
            [
              3,
              2,
              2
            ],
            [
              3,
              3,
              3
            ],
            [
              2,
              3,
              2
            ]
          ]
        },
        "paragraph_scoreT_avg": 2.5333333,
        "paragraph_id": "001"
      }
    ],
    "essay_scoreT": [
      22.099998,
      26.099998,
      22.400002
    ],
    "essay_scoreT_avg": 23.533333,
    "essay_scoreT_detail": {
      "essay_scoreT_org": [
        [
          2,
          0,
          2,
          3
        ],
        [
          2,
          0,
          2,
          3
        ],
        [
          2,
          0,
          2,
          2
        ]
      ],
      "essay_scoreT_cont": [
        [
          3,
          2,
          2,
          2
        ],
        [
          3,
          2,
          3,
          3
        ],
        [
          3,
          2,
          2,
          2
        ]
      ],
      "essay_scoreT_exp": [
        [
          3,
          2,
          2
        ],
        [
          3,
          3,
          3
        ],
        [
          2,
          3,
          2
        ]
      ]
    }
  },
  "student": {
    "date": "2021.10.01",
    "student_educated": true,
    "student_grade": "고등_1학년",
    "location": "051",
    "student_grade_group": "고등",
    "student_reading": 1
  },
  "rubric": {
    "essay_grade": "고등_1학년",
    "organization_weight": {
      "org_paragraph": 0,
      "org": 3,
      "org_essay": 6,
      "org_coherence": 3,
      "org_quantity": 1
    },
    "essay_type": "찬성반대",
    "content_weight": {
      "con_clearance": 3,
      "con_novelty": 3,
      "con": 4,
      "con_prompt": 1,
      "con_description": 3
    },
    "essay_main_subject": "비혼주의자에 대한 본인의 의견",
    "expression_weight": {
      "exp_style": 4,
      "exp_grammar": 2,
      "exp_vocab": 4,
      "exp": 3
    }
  },
  "correction": [],
  "info": {
    "essay_id": "ESSAY_36463",
    "essay_prompt": " \"\"연애는 필수, 결혼은 선택! 가슴이 뛰는 대로 가면 돼\"\".\n\n 유명한 유행가의 노래 가사처럼, 청년들에게 결혼은 이제 필수가 아닌 하나의 선택 사항입니다. 연애, 결혼, 출산을 포기한다는 의미의 '3포세대'라는 말이 나오기 무섭게 5포 세대, N포세대까지 등장할 정도로 취업난, 치솟는 부동산 가격 등 여러 사회·경제적 요인들로 청년층을 위축시켰습니다.\n\n 모두가 이러한 이유로 '결혼을 포기'하는 것만은 아닙니다. 개인의 행복을 위해 '비혼을 선택'하는 청년들도 늘고 있습니다. 이처럼 최근 전통적인 가치관에서 벗어나 연애와 동거는 하면서 결혼이라는 제도에 묶여 관계에서 파생되는 책임을 벗어나 자유로운 삶을 추구하는 비혼주의자가 늘고 있습니다.\n\n 다만, 개인의 자유로운 선택에 따라 비혼주의를 하지만 주변에서는 아직 고운 시선으로 바라보지 않는 사람도 많습니다. 결혼이라는 제도에 대해서 선택이 아닌 필수라고 생각하는 사람들도 많지요. 개개인이 모여 사회가 형성되기 때문에 사회의 가장 작은 단위인 가족을 이루는 것도 사회 구성원으로서의 큰 역할이라고 생각하는 사람들도 있습니다.\n\n 여러분은 결혼을 꼭 해야 한다고 생각하시나요? 아니면 결혼은 선택의 문제라고 생각하시나요? 비혼주의에 대해 찬성하는 입장 반대를 선택하여 자신의 의견을 작성해주세요. 그리고 그렇게 생각한 이유에 대해서 작성해주세요.",
    "essay_type": "찬성반대",
    "essay_level": "2",
    "essay_len": 818,
    "essay_main_subject": "비혼주의자에 대한 본인의 의견"
  }
}