{
  "paragraph": [
    {
      "paragraph_txt": "저는 비혼주의에 대해 찬성입니다.#@문장구분# 결혼이라는 제도를 반대하는건 아니고. 그저 결혼은 선택의 문제라고 생각하기 때문에 비혼주의자도 존중하는 입장입니다. #@문장구분#결혼하지 않고 평생을 연인으로 지낼 수도 있다고 생각합니다.#@문장구분# 결혼이 선택이라고 생각한건 결혼을 하기까지 수많은 선택을 해야하기 때문이라고 생각하는데요. #@문장구분#경제적인 면에서도 많은 부담이 될뿐더러 한 번도 싸운 적 없는 연인도 결혼식을 준비하는 과정에서 많이들 싸운다고하죠.#@문장구분# 물론 다 그런건 아니겠지만 그만큼 신경써야할 것이 많다는건데 그런 과정이 버겁다면 꼭 거치지 않아도 되는 제도라고 생각합니다.#@문장구분# 둘이서 행복하게 살기만 하다가 사랑스러운 아이가 생긴다면 그때 아이의 호적과 안정감을 위해서 결혼을 하면된다고 생각합니다.#@문장구분# 2세 계획이 없으신 분이라면 필수는 아니겠죠.#@문장구분# 그리고 조금은 다른 부분에서 접근해보자면 헤어짐을 바라봤을 때 비혼주의만의 장점도 있는것 같습니다.#@문장구분# 혼인을 한 부부의 경우 이혼을 했을시 재산을 동등하게 나누는 것이 일반적인 사례입니다.#@문장구분# 불평등하다는 말이 많죠.#@문장구분# 때문에 소송도 많이 일어나고 이러한 상황을 만들지 않는다는 점에서 비혼의 좋은 점이라 생각했고 또한 이혼의 과정이 꽤나 복잡하다고 합니다.#@문장구분# 합의 이혼을 하는 경우에도 흠으로 여겨지고 두 사람이 맞지 않아서 헤어짐을 결정한 경우일 수도 있는데 몇몇 사람들은 마음대로 추측하고 성격에 문제가 있는 사람으로 치부하곤 합니다.#@문장구분# 그저 연인이 헤어지는 것과 전혀 다를 것 없이 남녀가 헤어졌을 뿐인데 말이죠.#@문장구분# 따라서 전 비혼주의인 그들의 생각과 결정을 존중합니다.#@문장구분# 물론 한가정을 이루고 행복하게 살고 싶은 로망은 현실을 살짝 제쳐두고 바라보면 도전 할수 있겠지만요.#@문장구분# 누구나 다 갖고 싶다고 다 가질수는 없는 것이니까요.#@문장구분# 둘중 하나를 선택 해야 한다면 저는 비혼주의에 찬성 이지요.#@문장구분#",
      "paragraph_len": 1254,
      "paragraph_id": "001"
    }
  ],
  "score": {
    "paragraph_score": [
      {
        "paragraph_scoreT": [
          2.8,
          2.4,
          2.8
        ],
        "paragraph_scoreT_detail": {
          "paragraph_scoreT_exp": [
            [
              2,
              3,
              3
            ],
            [
              2,
              3,
              2
            ],
            [
              2,
              3,
              3
            ]
          ]
        },
        "paragraph_scoreT_avg": 2.6666667,
        "paragraph_id": "001"
      }
    ],
    "essay_scoreT": [
      27.6,
      26.100002,
      29.4
    ],
    "essay_scoreT_avg": 27.700003,
    "essay_scoreT_detail": {
      "essay_scoreT_org": [
        [
          2,
          0,
          3,
          3
        ],
        [
          3,
          0,
          2,
          3
        ],
        [
          3,
          0,
          3,
          3
        ]
      ],
      "essay_scoreT_cont": [
        [
          3,
          3,
          3,
          3
        ],
        [
          3,
          2,
          3,
          3
        ],
        [
          3,
          3,
          3,
          3
        ]
      ],
      "essay_scoreT_exp": [
        [
          2,
          3,
          3
        ],
        [
          2,
          3,
          2
        ],
        [
          2,
          3,
          3
        ]
      ]
    }
  },
  "student": {
    "date": "2021.12.21",
    "student_educated": true,
    "student_grade": "고등_1학년",
    "location": "063",
    "student_grade_group": "고등",
    "student_reading": 2
  },
  "rubric": {
    "essay_grade": "고등_1학년",
    "organization_weight": {
      "org_paragraph": 0,
      "org": 3,
      "org_essay": 6,
      "org_coherence": 3,
      "org_quantity": 1
    },
    "essay_type": "찬성반대",
    "content_weight": {
      "con_clearance": 3,
      "con_novelty": 3,
      "con": 4,
      "con_prompt": 1,
      "con_description": 3
    },
    "essay_main_subject": "비혼주의자에 대한 본인의 의견",
    "expression_weight": {
      "exp_style": 4,
      "exp_grammar": 2,
      "exp_vocab": 4,
      "exp": 3
    }
  },
  "correction": [],
  "info": {
    "essay_id": "ESSAY_71919",
    "essay_prompt": " \"\"연애는 필수, 결혼은 선택! 가슴이 뛰는 대로 가면 돼\"\".\n\n 유명한 유행가의 노래 가사처럼, 청년들에게 결혼은 이제 필수가 아닌 하나의 선택 사항입니다. 연애, 결혼, 출산을 포기한다는 의미의 '3포세대'라는 말이 나오기 무섭게 5포 세대, N포세대까지 등장할 정도로 취업난, 치솟는 부동산 가격 등 여러 사회·경제적 요인들로 청년층을 위축시켰습니다.\n\n 모두가 이러한 이유로 '결혼을 포기'하는 것만은 아닙니다. 개인의 행복을 위해 '비혼을 선택'하는 청년들도 늘고 있습니다. 이처럼 최근 전통적인 가치관에서 벗어나 연애와 동거는 하면서 결혼이라는 제도에 묶여 관계에서 파생되는 책임을 벗어나 자유로운 삶을 추구하는 비혼주의자가 늘고 있습니다.\n\n 다만, 개인의 자유로운 선택에 따라 비혼주의를 하지만 주변에서는 아직 고운 시선으로 바라보지 않는 사람도 많습니다. 결혼이라는 제도에 대해서 선택이 아닌 필수라고 생각하는 사람들도 많지요. 개개인이 모여 사회가 형성되기 때문에 사회의 가장 작은 단위인 가족을 이루는 것도 사회 구성원으로서의 큰 역할이라고 생각하는 사람들도 있습니다.\n\n 여러분은 결혼을 꼭 해야 한다고 생각하시나요? 아니면 결혼은 선택의 문제라고 생각하시나요? 비혼주의에 대해 찬성하는 입장 반대를 선택하여 자신의 의견을 작성해주세요. 그리고 그렇게 생각한 이유에 대해서 작성해주세요.",
    "essay_type": "찬성반대",
    "essay_level": "2",
    "essay_len": 897,
    "essay_main_subject": "비혼주의자에 대한 본인의 의견"
  }
}