{
  "paragraph": [
    {
      "paragraph_txt": "나는 비혼주의를 납득한다.#@문장구분# 그러나 찬성하지는 않는다.#@문장구분#비혼주의자들이 흔히 내세우는 문장이 하나 있다.#@문장구분# \"결혼은 선택이니 강요하지 마세요\" 맞는말이다.#@문장구분#결혼을 하기 싫어하는 사람도 존재할뿐더러 돈 문제와 육아 스트레스로 인생을 보내는 것보다는, 보다 자유로운 삶을 위해 결혼하지 않는 것은 이해할 수 있다.#@문장구분# 그러나 그것이 내가 비혼주의를 찬성해야 할 이유가 될 수 있을까?#@문장구분# 우리나라는 지금 심각한 저출산 문제를 겪고 있다.#@문장구분# 단순히 심각하다기 보다 전세계 꼴지수준이다.#@문장구분# 그리고 그 저출산 문제를 일으키는 원인 중에는 경제부담, 취업 문제 등등이 존재한다.#@문장구분# 비혼주의자들도 결국은 앞에서 말한 이유에 의해 파생된 경우가 없지 않아 있을 것이다.#@문장구분# 위에서 말한 것처럼 비혼주의자들이 비혼을 외치는 것은 충분히 이해한다.#@문장구분# 내 코가 석 자다 라는 말처럼 자기 앞가림 하기도 바쁜데 결혼하고 애까지 낳으면 얼마나 힘들지는 충분히 이해한다.#@문장구분# 그러나 나는 그것을 견뎌낼만큼 결혼에 대한 메리트가 강하다고 본다.#@문장구분# 일단 비혼을 할 경우, 정서적으로 매우 불안해진다.#@문장구분# 사회적 동물인 인간의 행복은 다른 무엇도 아닌 인간관계로부터 나온다고 생각한다.#@문장구분# 대부분의 감정 또한 인간관계에서 생겨난다고 생각한다.#@문장구분# 물론 가족이라던가 친구라던가 반려동물로 정서적 유대감을 형성해볼 수는 있다.#@문장구분# 그러나 부모는 나이가 들면 죽기 마련이고, 형제자매도 비혼주의자가 아닌이상 결혼을 할테고, 그들도 그들만의 인생을 살아야하기에 기회가 많이 없어지며, 반려동물도 결국 동물이기에 인간만큼의 유대감을 형성하기에는 힘들다.#@문장구분# 그러나 결혼을 함으로서 가정을 꾸리게 된다면, 내 인생에 둘도 없는 동반자와 정서적 유대감을 나눔으로서 행복을 실현할 수 있다.#@문장구분# 그 누구도 가족과의 관계 이상을 맺을 수는 없다.#@문장구분# 그러기에 연애와 동거는 하면서 결혼제도에 묶이지 않으려는 비혼주의자들도 많다.#@문장구분# 하지만 그러면 결혼제도로 인한 혜택들을 포기하게 된다.#@문장구분# 앞서 말했듯이, 우리나라는 심각한 초저출산 국가이다.#@문장구분#그러기에 현재는 물론 앞으로도 결혼을 하거나 애를 낳았을 때 얻을 수 있는 혜택을 늘릴 것이다.#@문장구분# 비혼주의자들은 그런 혜택을 거부할 만큼 자유를 중시하지만, 나는 아니다.#@문장구분#공동체적으로 바라보았을 때, 결혼제도로 파생된 가정공동체는 그 무엇보다고 결속력있고, 단단하다.#@문장구분# 국가적 관점으로 바라보았을 때, 비혼주의자들의 증가는 저출산을 가속시킨다고 볼 수 있기에 그리 반갑지는 않을 것이다.#@문장구분# 그러므로 나는 비혼주의를 실현하는 것에 반대한다.#@문장구분#",
      "paragraph_len": 1771,
      "paragraph_id": "001"
    }
  ],
  "score": {
    "paragraph_score": [
      {
        "paragraph_scoreT": [
          2.4,
          2,
          2
        ],
        "paragraph_scoreT_detail": {
          "paragraph_scoreT_exp": [
            [
              2,
              2,
              3
            ],
            [
              2,
              2,
              2
            ],
            [
              2,
              2,
              2
            ]
          ]
        },
        "paragraph_scoreT_avg": 2.1333334,
        "paragraph_id": "001"
      }
    ],
    "essay_scoreT": [
      28.2,
      24.5,
      24.5
    ],
    "essay_scoreT_avg": 25.733332,
    "essay_scoreT_detail": {
      "essay_scoreT_org": [
        [
          3,
          0,
          3,
          3
        ],
        [
          3,
          0,
          2,
          3
        ],
        [
          3,
          0,
          2,
          3
        ]
      ],
      "essay_scoreT_cont": [
        [
          3,
          3,
          3,
          3
        ],
        [
          3,
          2,
          2,
          3
        ],
        [
          3,
          2,
          2,
          3
        ]
      ],
      "essay_scoreT_exp": [
        [
          2,
          2,
          3
        ],
        [
          2,
          2,
          2
        ],
        [
          2,
          2,
          2
        ]
      ]
    }
  },
  "student": {
    "date": "2021.10.22",
    "student_educated": true,
    "student_grade": "고등_1학년",
    "location": "054",
    "student_grade_group": "고등",
    "student_reading": 1
  },
  "rubric": {
    "essay_grade": "고등_1학년",
    "organization_weight": {
      "org_paragraph": 0,
      "org": 3,
      "org_essay": 6,
      "org_coherence": 3,
      "org_quantity": 1
    },
    "essay_type": "찬성반대",
    "content_weight": {
      "con_clearance": 3,
      "con_novelty": 3,
      "con": 4,
      "con_prompt": 1,
      "con_description": 3
    },
    "essay_main_subject": "비혼주의자에 대한 본인의 의견",
    "expression_weight": {
      "exp_style": 4,
      "exp_grammar": 2,
      "exp_vocab": 4,
      "exp": 3
    }
  },
  "correction": [],
  "info": {
    "essay_id": "ESSAY_44309",
    "essay_prompt": " \"\"연애는 필수, 결혼은 선택! 가슴이 뛰는 대로 가면 돼\"\".\n\n 유명한 유행가의 노래 가사처럼, 청년들에게 결혼은 이제 필수가 아닌 하나의 선택 사항입니다. 연애, 결혼, 출산을 포기한다는 의미의 '3포세대'라는 말이 나오기 무섭게 5포 세대, N포세대까지 등장할 정도로 취업난, 치솟는 부동산 가격 등 여러 사회·경제적 요인들로 청년층을 위축시켰습니다.\n\n 모두가 이러한 이유로 '결혼을 포기'하는 것만은 아닙니다. 개인의 행복을 위해 '비혼을 선택'하는 청년들도 늘고 있습니다. 이처럼 최근 전통적인 가치관에서 벗어나 연애와 동거는 하면서 결혼이라는 제도에 묶여 관계에서 파생되는 책임을 벗어나 자유로운 삶을 추구하는 비혼주의자가 늘고 있습니다.\n\n 다만, 개인의 자유로운 선택에 따라 비혼주의를 하지만 주변에서는 아직 고운 시선으로 바라보지 않는 사람도 많습니다. 결혼이라는 제도에 대해서 선택이 아닌 필수라고 생각하는 사람들도 많지요. 개개인이 모여 사회가 형성되기 때문에 사회의 가장 작은 단위인 가족을 이루는 것도 사회 구성원으로서의 큰 역할이라고 생각하는 사람들도 있습니다.\n\n 여러분은 결혼을 꼭 해야 한다고 생각하시나요? 아니면 결혼은 선택의 문제라고 생각하시나요? 비혼주의에 대해 찬성하는 입장 반대를 선택하여 자신의 의견을 작성해주세요. 그리고 그렇게 생각한 이유에 대해서 작성해주세요.",
    "essay_type": "찬성반대",
    "essay_level": "2",
    "essay_len": 1216,
    "essay_main_subject": "비혼주의자에 대한 본인의 의견"
  }
}