{
  "paragraph": [
    {
      "paragraph_txt": "저는 비혼주의에 찬성하는 입장입니다.#@문장구분# 중학교 때 부모님이 이혼한 제 친구가 있었는데 무척 힘들어하는 걸 보았습니다.#@문장구분# 점차 그 친구는 학교 생활은 뒷전이고 나쁜 친구들과 어울려 다니고 자연히 저하고도 조금씩 멀어지게 되었습니다.#@문장구분# 핑계 같지만 노는 부류가 다르니 제가 어떻게 해 줄 수 없는 그 상황이 안타까웠습니다. #@문장구분#물론 이혼 가정의 아이들이 다 그렇다는 것은 아닙니다.#@문장구분# 만나고 헤어지는 일은 자연스러운 일이라 생각합니다.#@문장구분# 그런데 둘만의 사랑으로 결혼을 했다가 현실의 벽에 부딪혀 헤어지는 사람들이 많습니다.#@문장구분# 여기서 문제는 둘이 헤어지는 걸로 끝나는 것이 아니라 만약 그 사이에 아이들이 있다면 아이들이야말로 낙동강 오리알 신세가 된다는 것입니다.#@문장구분# 결손 가정의 아이들은 여러모로 불안정하여 많은 문제를 일으키게 되고, 문제를 일으키게 되더라도 바로 잡아주고 돌아갈 가정이 없는 안타까운 실정입니다.#@문장구분# 책임지지 못할 바에는 혼자서 자유롭게 사는 것도 나쁘지 않다고 생각합니다.#@문장구분# 몇 십년을 서로 다른 환경에서 자란 두 남녀가 같이 살면서 생기는 문제점이 하나 둘이 아닌데 쉽게 결혼하고 아이를 낳고 헤어지는 일은 너무나 무책임한 것 같습니다.#@문장구분# 동거를 하다가도 서로 맞지 않아 헤어지는 커플도 많이 있는데 서로 맞지 않는 것을 옛날처럼 무조건 참고 상대방을 바꾸려 들고 있는 그대로를 인정해주지 않고 한사람의 무조건적인 인내나 희생으로 이루어진 관계는 언젠가는 파국으로 치닫을 것이라고 생각합니다.#@문장구분# 그래서 차라리 아무에게 피해도 주지 않고 자연스럽게 만나고 헤어지고 자기 생활을 즐겨도 사회 문제를 일으키지 않는 비혼주의가 합리적이라고 생각합니다.#@문장구분#",
      "paragraph_len": 1065,
      "paragraph_id": "001"
    }
  ],
  "score": {
    "paragraph_score": [
      {
        "paragraph_scoreT": [
          3,
          3,
          2.8
        ],
        "paragraph_scoreT_detail": {
          "paragraph_scoreT_exp": [
            [
              3,
              3,
              3
            ],
            [
              3,
              3,
              3
            ],
            [
              2,
              3,
              3
            ]
          ]
        },
        "paragraph_scoreT_avg": 2.9333334,
        "paragraph_id": "001"
      }
    ],
    "essay_scoreT": [
      28.8,
      28.8,
      26.599998
    ],
    "essay_scoreT_avg": 28.066666,
    "essay_scoreT_detail": {
      "essay_scoreT_org": [
        [
          3,
          0,
          3,
          3
        ],
        [
          3,
          0,
          3,
          3
        ],
        [
          3,
          0,
          3,
          3
        ]
      ],
      "essay_scoreT_cont": [
        [
          3,
          2,
          3,
          3
        ],
        [
          3,
          2,
          3,
          3
        ],
        [
          2,
          2,
          2,
          3
        ]
      ],
      "essay_scoreT_exp": [
        [
          3,
          3,
          3
        ],
        [
          3,
          3,
          3
        ],
        [
          2,
          3,
          3
        ]
      ]
    }
  },
  "student": {
    "date": "2021.12.22",
    "student_educated": true,
    "student_grade": "고등_1학년",
    "location": "063",
    "student_grade_group": "고등",
    "student_reading": 1
  },
  "rubric": {
    "essay_grade": "고등_1학년",
    "organization_weight": {
      "org_paragraph": 0,
      "org": 3,
      "org_essay": 6,
      "org_coherence": 3,
      "org_quantity": 1
    },
    "essay_type": "찬성반대",
    "content_weight": {
      "con_clearance": 3,
      "con_novelty": 3,
      "con": 4,
      "con_prompt": 1,
      "con_description": 3
    },
    "essay_main_subject": "비혼주의자에 대한 본인의 의견",
    "expression_weight": {
      "exp_style": 4,
      "exp_grammar": 2,
      "exp_vocab": 4,
      "exp": 3
    }
  },
  "correction": [],
  "info": {
    "essay_id": "ESSAY_76735",
    "essay_prompt": " \"\"연애는 필수, 결혼은 선택! 가슴이 뛰는 대로 가면 돼\"\".\n\n 유명한 유행가의 노래 가사처럼, 청년들에게 결혼은 이제 필수가 아닌 하나의 선택 사항입니다. 연애, 결혼, 출산을 포기한다는 의미의 '3포세대'라는 말이 나오기 무섭게 5포 세대, N포세대까지 등장할 정도로 취업난, 치솟는 부동산 가격 등 여러 사회·경제적 요인들로 청년층을 위축시켰습니다.\n\n 모두가 이러한 이유로 '결혼을 포기'하는 것만은 아닙니다. 개인의 행복을 위해 '비혼을 선택'하는 청년들도 늘고 있습니다. 이처럼 최근 전통적인 가치관에서 벗어나 연애와 동거는 하면서 결혼이라는 제도에 묶여 관계에서 파생되는 책임을 벗어나 자유로운 삶을 추구하는 비혼주의자가 늘고 있습니다.\n\n 다만, 개인의 자유로운 선택에 따라 비혼주의를 하지만 주변에서는 아직 고운 시선으로 바라보지 않는 사람도 많습니다. 결혼이라는 제도에 대해서 선택이 아닌 필수라고 생각하는 사람들도 많지요. 개개인이 모여 사회가 형성되기 때문에 사회의 가장 작은 단위인 가족을 이루는 것도 사회 구성원으로서의 큰 역할이라고 생각하는 사람들도 있습니다.\n\n 여러분은 결혼을 꼭 해야 한다고 생각하시나요? 아니면 결혼은 선택의 문제라고 생각하시나요? 비혼주의에 대해 찬성하는 입장 반대를 선택하여 자신의 의견을 작성해주세요. 그리고 그렇게 생각한 이유에 대해서 작성해주세요.",
    "essay_type": "찬성반대",
    "essay_level": "2",
    "essay_len": 805,
    "essay_main_subject": "비혼주의자에 대한 본인의 의견"
  }
}