{
  "paragraph": [
    {
      "paragraph_txt": "아직 고등학생인 나는 결혼에 대한 현실을 모른다.#@문장구분# 하지만 결혼에 대한 생각은 해본적이 많다.#@문장구분# 요즘에는 결혼을 늦게 하거나 아예 하지 않는 사람들이 많아지고 있다 다른 사람들은 모르겠지만 결혼에 대한 나의 생각은 결혼은 하는게 좋다고 생각하는 사람이다.#@문장구분# 난 현실을 몰라서 이렇게 생각할수 있지만 만약 결혼을 하게되면 회사에서 아무리 힘들어도 집에 가면 내 편이 있고 상대방도 내 편이 있을것이기 때문에 서로 의지하고 내 인생에 동반자가 생기는 것은 참 좋은 일인거 같다.#@문장구분# 결혼을 하고 내 자식을 낳아서 기르면서 살면서 나도 내 삶에 책임을 지고 살아갈 것이고 더 열심히 살수 있을 것이다.#@문장구분# 그리고 내 인생의 후반부에서도 아내와 같이 살면서 삶을 마감할때까지 외롭지 않을 것이고 행복한 삶을 살 것이다.#@문장구분# 만약 내가 결혼을 하지 않는다면 그 이유는 돈이나 취업 문제 일 것이다.#@문장구분# 우리나라 사람들이 결혼을 늦게하고 아예 하지 않는 이유는 돈을 모으기가 힘들고 일에 치여서 결혼을 마루게되고 돈이 많이 없으면 연인이 있어도 결혼에 대한 확신이 없을 것이다.#@문장구분# 대학을 갔다오고 취업을 해서 안정화가 되면 20살 후반대일텐데 그때 또 마음이 맞는 연인을 찾기는 힘들수도 있다.#@문장구분# 비혼주의자들이 결혼을 하지 않는 이유가 많지만 나는 우리나라 사회의 이러한 문제점들도 문제가 된다고 생각한다 물론 혼자가 편하고 혼자인게 좋은 사람들을 존중한다.#@문장구분# 저출산이 문제인 지금 문제를해결하려면 결혼을 먼저 해야한다.#@문장구분# 이것은 정부가 조금은 도와줘야 된다고 생각한다.#@문장구분# 결혼정책과 가장 중요한 문제를 조금은 도와주면 좋을 것 같다.#@문장구분# 그래야지 비혼 주의자들이 생각을 조금이라도 바꾸고 결혼에 대한 생각을 바꾸지 않을 거라는 생각을 한다.#@문장구분#",
      "paragraph_len": 1119,
      "paragraph_id": "001"
    }
  ],
  "score": {
    "paragraph_score": [
      {
        "paragraph_scoreT": [
          3,
          2.8,
          3
        ],
        "paragraph_scoreT_detail": {
          "paragraph_scoreT_exp": [
            [
              3,
              3,
              3
            ],
            [
              2,
              3,
              3
            ],
            [
              3,
              3,
              3
            ]
          ]
        },
        "paragraph_scoreT_avg": 2.9333334,
        "paragraph_id": "001"
      }
    ],
    "essay_scoreT": [
      30,
      27.3,
      30
    ],
    "essay_scoreT_avg": 29.1,
    "essay_scoreT_detail": {
      "essay_scoreT_org": [
        [
          3,
          0,
          3,
          3
        ],
        [
          3,
          0,
          2,
          3
        ],
        [
          3,
          0,
          3,
          3
        ]
      ],
      "essay_scoreT_cont": [
        [
          3,
          3,
          3,
          3
        ],
        [
          3,
          2,
          3,
          3
        ],
        [
          3,
          3,
          3,
          3
        ]
      ],
      "essay_scoreT_exp": [
        [
          3,
          3,
          3
        ],
        [
          2,
          3,
          3
        ],
        [
          3,
          3,
          3
        ]
      ]
    }
  },
  "student": {
    "date": "2021.12.16",
    "student_educated": true,
    "student_grade": "고등_1학년",
    "location": "054",
    "student_grade_group": "고등",
    "student_reading": 1
  },
  "rubric": {
    "essay_grade": "고등_1학년",
    "organization_weight": {
      "org_paragraph": 0,
      "org": 3,
      "org_essay": 6,
      "org_coherence": 3,
      "org_quantity": 1
    },
    "essay_type": "찬성반대",
    "content_weight": {
      "con_clearance": 3,
      "con_novelty": 3,
      "con": 4,
      "con_prompt": 1,
      "con_description": 3
    },
    "essay_main_subject": "비혼주의자에 대한 본인의 의견",
    "expression_weight": {
      "exp_style": 4,
      "exp_grammar": 2,
      "exp_vocab": 4,
      "exp": 3
    }
  },
  "correction": [],
  "info": {
    "essay_id": "ESSAY_65957",
    "essay_prompt": " \"\"연애는 필수, 결혼은 선택! 가슴이 뛰는 대로 가면 돼\"\".\n\n 유명한 유행가의 노래 가사처럼, 청년들에게 결혼은 이제 필수가 아닌 하나의 선택 사항입니다. 연애, 결혼, 출산을 포기한다는 의미의 '3포세대'라는 말이 나오기 무섭게 5포 세대, N포세대까지 등장할 정도로 취업난, 치솟는 부동산 가격 등 여러 사회·경제적 요인들로 청년층을 위축시켰습니다.\n\n 모두가 이러한 이유로 '결혼을 포기'하는 것만은 아닙니다. 개인의 행복을 위해 '비혼을 선택'하는 청년들도 늘고 있습니다. 이처럼 최근 전통적인 가치관에서 벗어나 연애와 동거는 하면서 결혼이라는 제도에 묶여 관계에서 파생되는 책임을 벗어나 자유로운 삶을 추구하는 비혼주의자가 늘고 있습니다.\n\n 다만, 개인의 자유로운 선택에 따라 비혼주의를 하지만 주변에서는 아직 고운 시선으로 바라보지 않는 사람도 많습니다. 결혼이라는 제도에 대해서 선택이 아닌 필수라고 생각하는 사람들도 많지요. 개개인이 모여 사회가 형성되기 때문에 사회의 가장 작은 단위인 가족을 이루는 것도 사회 구성원으로서의 큰 역할이라고 생각하는 사람들도 있습니다.\n\n 여러분은 결혼을 꼭 해야 한다고 생각하시나요? 아니면 결혼은 선택의 문제라고 생각하시나요? 비혼주의에 대해 찬성하는 입장 반대를 선택하여 자신의 의견을 작성해주세요. 그리고 그렇게 생각한 이유에 대해서 작성해주세요.",
    "essay_type": "찬성반대",
    "essay_level": "2",
    "essay_len": 839,
    "essay_main_subject": "비혼주의자에 대한 본인의 의견"
  }
}