{
  "paragraph": [
    {
      "paragraph_txt": "비혼주의란 결혼은 필수가 아니라, 선택이라고 생각하는 이를 일컫는 말이다.#@문장구분# 나는 이 비혼주의에 대해 찬성하는 편이다.#@문장구분# 솔직히 어릴 때는 가족이 있으면 좋겠다고 생각을 했지만 출산이라든지 많은 걱정이 들기 때문에 결혼에 관한 생각이 점차 없어지고 있다.#@문장구분# 그래서 나는 비혼주의에 대해 찬성을 하는 편이다.#@문장구분# 왜냐하면 결혼이 필수인 이유가 없고 결혼하는 것은 자신의 의지와 결정이기 때문이다.#@문장구분# 그리고 나는 자유를 중요하게 생각하는 편이다.#@문장구분# 물론 사랑하는 사람과 가정을 이루어 아이가 있다면 행복하겠지만 앞에서 말했듯이 가족이 있고 없고에서의 자신에게 오는 자유는 다르기 때문이다. #@문장구분#(자신이 하고 싶은것, 편하게 있는 것 등)#@문장구분# 또 옛날과는 다르게 결혼을 하지 않으면 여자에게 흠이 되는 시대가 아니기 때문이다.#@문장구분#",
      "paragraph_len": 572,
      "paragraph_id": "001"
    },
    {
      "paragraph_txt": " 내가 생각했던 비혼주의의 좋은 점은 첫 번째로 가정이 있다면 자신이 책임을 져야 할 일이 있을 텐데 그 책임의 무게가 없기 때문이다.#@문장구분# 만약 아이가 있다고 할 때 아이한테 신경 써야할 것과 그만큼 돈의 지출이 크기 때문이다.#@문장구분# 자신을 위해 돈을 쓰고 아이를 돌볼 시간에 자신의 꿈을 쫓는 게 더 자신을 위한 일이고 자신에게 따르는 책임이 없어지지 않을까? 라는 생각이 든다.#@문장구분#  두 번 째는 자기 자신에게 할애할 시간이 많아진다는 점이다.#@문장구분# 그러면 취미 생활도 자연스럽게 만들 수 있고 자신이 하고 싶었던 것을 더욱더 자유롭게 할 수 있기 때문이다.#@문장구분#  친구들과 여행을 간다든지 자신이 배우고 싶었던 것을 배우던지 여러 가지를 할 수 있다.#@문장구분# ",
      "paragraph_len": 475,
      "paragraph_id": "002"
    },
    {
      "paragraph_txt": " 지금 비혼주의를 바라보는 시선은 '이해가 안 된다' 라던가 '한심하다' 보다 '공감된다'라는 의견이 더 많다.#@문장구분# 그리고 무조건 결혼만이 행복은 아니라는 것과 자신이 하고 싶은 것을 하는 것에서 오는 행복을 누리는 게 더 좋은 것 같다.#@문장구분#",
      "paragraph_len": 171,
      "paragraph_id": "003"
    }
  ],
  "score": {
    "paragraph_score": [
      {
        "paragraph_scoreT": [
          3,
          3,
          2.2
        ],
        "paragraph_scoreT_detail": {
          "paragraph_scoreT_exp": [
            [
              3,
              3,
              3
            ],
            [
              3,
              3,
              3
            ],
            [
              3,
              2,
              2
            ]
          ]
        },
        "paragraph_scoreT_avg": 2.7333333,
        "paragraph_id": "001"
      },
      {
        "paragraph_scoreT": [
          3,
          3,
          2.4
        ],
        "paragraph_scoreT_detail": {
          "paragraph_scoreT_exp": [
            [
              3,
              3,
              3
            ],
            [
              3,
              3,
              3
            ],
            [
              2,
              3,
              2
            ]
          ]
        },
        "paragraph_scoreT_avg": 2.8,
        "paragraph_id": "002"
      },
      {
        "paragraph_scoreT": [
          3,
          3,
          2
        ],
        "paragraph_scoreT_detail": {
          "paragraph_scoreT_exp": [
            [
              3,
              3,
              3
            ],
            [
              3,
              3,
              3
            ],
            [
              2,
              2,
              2
            ]
          ]
        },
        "paragraph_scoreT_avg": 2.6666667,
        "paragraph_id": "003"
      }
    ],
    "essay_scoreT": [
      30,
      25.5,
      23.599998
    ],
    "essay_scoreT_avg": 26.366667,
    "essay_scoreT_detail": {
      "essay_scoreT_org": [
        [
          3,
          0,
          3,
          3
        ],
        [
          2,
          0,
          3,
          2
        ],
        [
          3,
          0,
          2,
          2
        ]
      ],
      "essay_scoreT_cont": [
        [
          3,
          3,
          3,
          3
        ],
        [
          3,
          2,
          3,
          2
        ],
        [
          3,
          2,
          2,
          2
        ]
      ],
      "essay_scoreT_exp": [
        [
          3,
          3,
          3
        ],
        [
          3,
          3,
          3
        ],
        [
          3,
          2,
          2
        ]
      ]
    }
  },
  "student": {
    "date": "2021.09.13",
    "student_educated": true,
    "student_grade": "고등_1학년",
    "location": "051",
    "student_grade_group": "고등",
    "student_reading": 3
  },
  "rubric": {
    "essay_grade": "고등_1학년",
    "organization_weight": {
      "org_paragraph": 0,
      "org": 3,
      "org_essay": 6,
      "org_coherence": 3,
      "org_quantity": 1
    },
    "essay_type": "찬성반대",
    "content_weight": {
      "con_clearance": 3,
      "con_novelty": 3,
      "con": 4,
      "con_prompt": 1,
      "con_description": 3
    },
    "essay_main_subject": "비혼주의자에 대한 본인의 의견",
    "expression_weight": {
      "exp_style": 4,
      "exp_grammar": 2,
      "exp_vocab": 4,
      "exp": 3
    }
  },
  "correction": [],
  "info": {
    "essay_id": "ESSAY_33785",
    "essay_prompt": " \"\"연애는 필수, 결혼은 선택! 가슴이 뛰는 대로 가면 돼\"\".\n\n 유명한 유행가의 노래 가사처럼, 청년들에게 결혼은 이제 필수가 아닌 하나의 선택 사항입니다. 연애, 결혼, 출산을 포기한다는 의미의 '3포세대'라는 말이 나오기 무섭게 5포 세대, N포세대까지 등장할 정도로 취업난, 치솟는 부동산 가격 등 여러 사회·경제적 요인들로 청년층을 위축시켰습니다.\n\n 모두가 이러한 이유로 '결혼을 포기'하는 것만은 아닙니다. 개인의 행복을 위해 '비혼을 선택'하는 청년들도 늘고 있습니다. 이처럼 최근 전통적인 가치관에서 벗어나 연애와 동거는 하면서 결혼이라는 제도에 묶여 관계에서 파생되는 책임을 벗어나 자유로운 삶을 추구하는 비혼주의자가 늘고 있습니다.\n\n 다만, 개인의 자유로운 선택에 따라 비혼주의를 하지만 주변에서는 아직 고운 시선으로 바라보지 않는 사람도 많습니다. 결혼이라는 제도에 대해서 선택이 아닌 필수라고 생각하는 사람들도 많지요. 개개인이 모여 사회가 형성되기 때문에 사회의 가장 작은 단위인 가족을 이루는 것도 사회 구성원으로서의 큰 역할이라고 생각하는 사람들도 있습니다.\n\n 여러분은 결혼을 꼭 해야 한다고 생각하시나요? 아니면 결혼은 선택의 문제라고 생각하시나요? 비혼주의에 대해 찬성하는 입장 반대를 선택하여 자신의 의견을 작성해주세요. 그리고 그렇게 생각한 이유에 대해서 작성해주세요.",
    "essay_type": "찬성반대",
    "essay_level": "2",
    "essay_len": 886,
    "essay_main_subject": "비혼주의자에 대한 본인의 의견"
  }
}