{
  "paragraph": [
    {
      "paragraph_txt": "저는 비혼주의에 대해 찬성을 합니다.#@문장구분# 비혼에는 자발적인 비혼과 비자발적인 비혼이 있는데 자발적인 비혼은 말 그대로 스스로 결혼을 원하지 않는 경우를 말하며, 비자발적 결혼을 원하지만 여러 상황 상 하지 못하는 경우로 본다.#@문장구분# 본인 스스로가 비혼을 택하였을 경우 또는 원하기는 하지만 어쩔 수 없이 비혼이 된 경우도 있지만 그래도 보통의 경우 자발적 비혼이 높다라고 생각된다.#@문장구분# 자발적 비혼은 개인 스스로가 판단하고 결정을 내리는 선택 사항인 것이다.#@문장구분# 내 자유의 의지로 독신을 선택한 것이기 때문에 주위의 지나친 간섭이나 참견으로 나의 개인 자유를 침해 당하기 싫다는 것이다.#@문장구분#\n 가끔 뉴스를 보면 우리 사회에서는 비자발적 비혼이 상당수를 차지한다고 한다.#@문장구분# 그 비자발적 비혼이 차지하는 상당수는 결혼 후 내집 마련 그리고 결혼 후에 오는 출산 등으로 인해 결혼을 포기하는 경우가 높다고 한다.#@문장구분# 실제로 위 3가지처럼 연애, 결혼, 출산 등 포기하는 것을 3포 세대라 한다고 한다.#@문장구분# 과연 이것들을 위해서 내가 결혼을 하고 나의 시간적인 부분도 없이 과연 결혼이라는 것을 어느 누가 반기고 선뜻 하겠는가?#@문장구분# 그러다보니 비자발적 비혼이 늘어 나는게 공감이 된다.#@문장구분# 경제적인 문제 결론은 돈이 없어서 결혼을 못한다는 그 말이 아닌가?#@문장구분# 한 여론조의 비율을 보았는데 경제적인 요건으로 결혼을 하지 않겠다는 비중이 20%가까이 된다는 걸 보았다.#@문장구분# 물론 혼자서 살게되면 심리적인 외로움이나 그런부분도 있겠지만 이또한 현실적으로 경제적인 부분이 맞딱드리는 부분이라는 것이 안타까울 뿐이다.#@문장구분# 당장 나혼자 벌어서 먹고사는것도 힘든데 새로운 가정을 꾸리고 그리고 집을 마련하고 여자의 경우에는 결혼 후 출산이라는 점을 보았을 때 온전하게 직장생활만을 할 수는 없는데, 과연 여자들또한 결혼을 하게 되더라도 출산이라는 턱앞엣 과연 결혼에 대해 긍정적인 생각을 가지고 있는 사람들이 과연 몇이나 될까?#@문장구분#",
      "paragraph_len": 1211,
      "paragraph_id": "001"
    }
  ],
  "score": {
    "paragraph_score": [
      {
        "paragraph_scoreT": [
          3,
          2.8,
          2.4
        ],
        "paragraph_scoreT_detail": {
          "paragraph_scoreT_exp": [
            [
              3,
              3,
              3
            ],
            [
              2,
              3,
              3
            ],
            [
              2,
              3,
              2
            ]
          ]
        },
        "paragraph_scoreT_avg": 2.7333336,
        "paragraph_id": "001"
      }
    ],
    "essay_scoreT": [
      30,
      26.400002,
      23.1
    ],
    "essay_scoreT_avg": 26.5,
    "essay_scoreT_detail": {
      "essay_scoreT_org": [
        [
          3,
          0,
          3,
          3
        ],
        [
          2,
          0,
          3,
          3
        ],
        [
          2,
          0,
          2,
          3
        ]
      ],
      "essay_scoreT_cont": [
        [
          3,
          3,
          3,
          3
        ],
        [
          3,
          2,
          3,
          3
        ],
        [
          2,
          2,
          3,
          3
        ]
      ],
      "essay_scoreT_exp": [
        [
          3,
          3,
          3
        ],
        [
          2,
          3,
          3
        ],
        [
          2,
          3,
          2
        ]
      ]
    }
  },
  "student": {
    "date": "2021.12.21",
    "student_educated": true,
    "student_grade": "고등_1학년",
    "location": "063",
    "student_grade_group": "고등",
    "student_reading": 2
  },
  "rubric": {
    "essay_grade": "고등_1학년",
    "organization_weight": {
      "org_paragraph": 0,
      "org": 3,
      "org_essay": 6,
      "org_coherence": 3,
      "org_quantity": 1
    },
    "essay_type": "찬성반대",
    "content_weight": {
      "con_clearance": 3,
      "con_novelty": 3,
      "con": 4,
      "con_prompt": 1,
      "con_description": 3
    },
    "essay_main_subject": "비혼주의자에 대한 본인의 의견",
    "expression_weight": {
      "exp_style": 4,
      "exp_grammar": 2,
      "exp_vocab": 4,
      "exp": 3
    }
  },
  "correction": [],
  "info": {
    "essay_id": "ESSAY_71357",
    "essay_prompt": " \"\"연애는 필수, 결혼은 선택! 가슴이 뛰는 대로 가면 돼\"\".\n\n 유명한 유행가의 노래 가사처럼, 청년들에게 결혼은 이제 필수가 아닌 하나의 선택 사항입니다. 연애, 결혼, 출산을 포기한다는 의미의 '3포세대'라는 말이 나오기 무섭게 5포 세대, N포세대까지 등장할 정도로 취업난, 치솟는 부동산 가격 등 여러 사회·경제적 요인들로 청년층을 위축시켰습니다.\n\n 모두가 이러한 이유로 '결혼을 포기'하는 것만은 아닙니다. 개인의 행복을 위해 '비혼을 선택'하는 청년들도 늘고 있습니다. 이처럼 최근 전통적인 가치관에서 벗어나 연애와 동거는 하면서 결혼이라는 제도에 묶여 관계에서 파생되는 책임을 벗어나 자유로운 삶을 추구하는 비혼주의자가 늘고 있습니다.\n\n 다만, 개인의 자유로운 선택에 따라 비혼주의를 하지만 주변에서는 아직 고운 시선으로 바라보지 않는 사람도 많습니다. 결혼이라는 제도에 대해서 선택이 아닌 필수라고 생각하는 사람들도 많지요. 개개인이 모여 사회가 형성되기 때문에 사회의 가장 작은 단위인 가족을 이루는 것도 사회 구성원으로서의 큰 역할이라고 생각하는 사람들도 있습니다.\n\n 여러분은 결혼을 꼭 해야 한다고 생각하시나요? 아니면 결혼은 선택의 문제라고 생각하시나요? 비혼주의에 대해 찬성하는 입장 반대를 선택하여 자신의 의견을 작성해주세요. 그리고 그렇게 생각한 이유에 대해서 작성해주세요.",
    "essay_type": "찬성반대",
    "essay_level": "2",
    "essay_len": 931,
    "essay_main_subject": "비혼주의자에 대한 본인의 의견"
  }
}