{
  "paragraph": [
    {
      "paragraph_txt": "나는 비혼주의에 반대한다.#@문장구분# 결혼은 꼭 해야한다고 생각하기 때문이다.#@문장구분# 왜냐하면 가족은 이 사회를 구성하는 가장 최소한의 단위이기때문이다.#@문장구분# 최소한의 단위가 깨진다면 이 사회는 붕괴될거라고 생각한다.#@문장구분# 물론 본인의 생각이나 결정 또는 어쩔 수 없는 상황으로 결혼을 못하는 것은 어쩔 수 없지만 의도적으로 비혼주의라고 해서 결혼을 하지않는 분위기로 사회가 돌아가면 안될것 같다.#@문장구분# 물론 본인은 결혼은 선택이라며 가정을 안갖겠다고 하겠지만 그건 정말 단순한 생각같다.#@문장구분# 사람은 결국 늙고 병들고 죽게 되어있다.#@문장구분# 내가 젊어서 경제활동을 하는 시기라면 괜찮지만 내가 늙고 병들어 경제활동을 할 수 없게되면 이 사회에 혼자 남은 나는 누가 돌보게 될까?#@문장구분# 오로지 사회적 시스템으로 이 사람을 돌볼 수 밖에 없다.#@문장구분# 뭐 한두명씩 나오는 독거노인이야 사회에서 책임을 질 수 있다고 하지만 이런 사람들이 절반이상을 차지한다면 사회가 감당하기 힘들어 질것이다.#@문장구분# 가정을 이루지 않으면 자식도 없을 것이고 인구는 계속 해서 줄것이다.#@문장구분# 그럼 이런 독거노인을 보살피는 사람들의 수도 많이 필요할텐데 이런 사람들은 어디서 나오냐는 것이다.#@문장구분# 본인은 이사회의 인구증가에 아무 노력도 안하고 젊은 나이에 즐기며 살다가 늙어서는 나를 돌봐달라 하는 것은 너무 무책임한 행동이 아닌가 싶다.#@문장구분# 가족은 우리사회의 가장 기본형태이다.#@문장구분# 이 형태를 유지하기 위해서라도 우리는 가정을 이루고 사회를 이룰 최소한의 의무가 있음을 알아야 하지 않을까 생각한다.#@문장구분# 이런이유로 난 비혼주의는 반대이다.#@문장구분# 좋은 사람과 꼭 결혼해 행복한 가정을 꾸리는 것이야 말로 인간이 지금까지 살아온 목적이라고 생각한다.#@문장구분#",
      "paragraph_len": 1143,
      "paragraph_id": "001"
    }
  ],
  "score": {
    "paragraph_score": [
      {
        "paragraph_scoreT": [
          3,
          3,
          2.2
        ],
        "paragraph_scoreT_detail": {
          "paragraph_scoreT_exp": [
            [
              3,
              3,
              3
            ],
            [
              3,
              3,
              3
            ],
            [
              3,
              2,
              2
            ]
          ]
        },
        "paragraph_scoreT_avg": 2.7333333,
        "paragraph_id": "001"
      }
    ],
    "essay_scoreT": [
      30,
      29.7,
      23.900002
    ],
    "essay_scoreT_avg": 27.866669,
    "essay_scoreT_detail": {
      "essay_scoreT_org": [
        [
          3,
          0,
          3,
          3
        ],
        [
          3,
          0,
          3,
          2
        ],
        [
          3,
          0,
          2,
          3
        ]
      ],
      "essay_scoreT_cont": [
        [
          3,
          3,
          3,
          3
        ],
        [
          3,
          3,
          3,
          3
        ],
        [
          2,
          2,
          2,
          3
        ]
      ],
      "essay_scoreT_exp": [
        [
          3,
          3,
          3
        ],
        [
          3,
          3,
          3
        ],
        [
          3,
          2,
          2
        ]
      ]
    }
  },
  "student": {
    "date": "2021.12.15",
    "student_educated": true,
    "student_grade": "고등_1학년",
    "location": "042",
    "student_grade_group": "고등",
    "student_reading": 1
  },
  "rubric": {
    "essay_grade": "고등_1학년",
    "organization_weight": {
      "org_paragraph": 0,
      "org": 3,
      "org_essay": 6,
      "org_coherence": 3,
      "org_quantity": 1
    },
    "essay_type": "찬성반대",
    "content_weight": {
      "con_clearance": 3,
      "con_novelty": 3,
      "con": 4,
      "con_prompt": 1,
      "con_description": 3
    },
    "essay_main_subject": "비혼주의자에 대한 본인의 의견",
    "expression_weight": {
      "exp_style": 4,
      "exp_grammar": 2,
      "exp_vocab": 4,
      "exp": 3
    }
  },
  "correction": [],
  "info": {
    "essay_id": "ESSAY_63014",
    "essay_prompt": " \"\"연애는 필수, 결혼은 선택! 가슴이 뛰는 대로 가면 돼\"\".\n\n 유명한 유행가의 노래 가사처럼, 청년들에게 결혼은 이제 필수가 아닌 하나의 선택 사항입니다. 연애, 결혼, 출산을 포기한다는 의미의 '3포세대'라는 말이 나오기 무섭게 5포 세대, N포세대까지 등장할 정도로 취업난, 치솟는 부동산 가격 등 여러 사회·경제적 요인들로 청년층을 위축시켰습니다.\n\n 모두가 이러한 이유로 '결혼을 포기'하는 것만은 아닙니다. 개인의 행복을 위해 '비혼을 선택'하는 청년들도 늘고 있습니다. 이처럼 최근 전통적인 가치관에서 벗어나 연애와 동거는 하면서 결혼이라는 제도에 묶여 관계에서 파생되는 책임을 벗어나 자유로운 삶을 추구하는 비혼주의자가 늘고 있습니다.\n\n 다만, 개인의 자유로운 선택에 따라 비혼주의를 하지만 주변에서는 아직 고운 시선으로 바라보지 않는 사람도 많습니다. 결혼이라는 제도에 대해서 선택이 아닌 필수라고 생각하는 사람들도 많지요. 개개인이 모여 사회가 형성되기 때문에 사회의 가장 작은 단위인 가족을 이루는 것도 사회 구성원으로서의 큰 역할이라고 생각하는 사람들도 있습니다.\n\n 여러분은 결혼을 꼭 해야 한다고 생각하시나요? 아니면 결혼은 선택의 문제라고 생각하시나요? 비혼주의에 대해 찬성하는 입장 반대를 선택하여 자신의 의견을 작성해주세요. 그리고 그렇게 생각한 이유에 대해서 작성해주세요.",
    "essay_type": "찬성반대",
    "essay_level": "2",
    "essay_len": 803,
    "essay_main_subject": "비혼주의자에 대한 본인의 의견"
  }
}