{
  "paragraph": [
    {
      "paragraph_txt": "저는 비혼주의에 대해 찬성하는 입장입니다.#@문장구분# 최근 저희 외삼촌은 결혼준비를 하고 계십니다. #@문장구분#삼촌은 저희집에서 같이 지낸 적도 있다보니 저하고는 꽤나 친한 사이입니다.#@문장구분# 제 고민이야기도 많이 들어주고, 공부를 봐주기도 하고, 가끔 용돈도 건네주는 고마운 삼촌입니다. #@문장구분#그런 삼촌이 결혼준비를 하면서 힘들어 하는 모습을 보았습니다.#@문장구분# 수년간 사귄 여자친구분과 결혼을 앞두고 있는데 코로나로 인하여 결혼이 미루어지긴 했지만 결혼준비가 순탄해 보이지만은 않았던 것 같습니다. #@문장구분#이유는 삼촌이 결혼해서 살 집을 마련할 만한 경제적 여유가 부족했다는 이유로 서로간의 다툼도 잦아졌고 여자친구 가족분들과의 사이도 서먹해졌다고 들었습니다. #@문장구분#이런 사유로 삼촌과 엄마는 많이 속상해 하셨고, 결국에 두분이 곧 결혼을 하긴 하시지만 집문제로 아직도 고민중이라고 했습니다. #@문장구분#이렇듯 결혼이 사랑만으로는 이루어지지 않는다는 것은 저도 잘 알고 있습니다. #@문장구분#하지만 요즘의 사회는 경제적인 여유가 없으면 결혼생활도 순탄치만은 않은 것이 사실입니다.#@문장구분# 사실 내가 벌어서 나 혼자 쓰는 것은 큰 제약이 없지만 결혼을 하고 살림을 합하여 각자 쓰고만 살 수는 없을 것입니다. #@문장구분#서로의 눈치를 봐야하고 또 자녀라도 태어나면 금전적으로 더 힘들어질텐데 그로 인한 경제적 부담감을 무시할 수는 없을 것입니다. #@문장구분#저는 사실 이러한 것들이 자신이 없습니다. #@문장구분#힘들게 일해서 벌은 돈을 나 자신을 위해 쓰지 못하고 내집마련 때문에 돈한푼 제대로 쓰지못하고 저축해야 한다면 살아가는데 낙이 없을 것 같습니다.#@문장구분# 그래서 저는 비혼주의에 찬성하는 것입니다.#@문장구분# 경제적으로 궁핍하고 싶지 않고 저만의 삶을 즐기고 싶습니다.#@문장구분#",
      "paragraph_len": 1130,
      "paragraph_id": "001"
    }
  ],
  "score": {
    "paragraph_score": [
      {
        "paragraph_scoreT": [
          2.8,
          3,
          3
        ],
        "paragraph_scoreT_detail": {
          "paragraph_scoreT_exp": [
            [
              2,
              3,
              3
            ],
            [
              3,
              3,
              3
            ],
            [
              3,
              3,
              3
            ]
          ]
        },
        "paragraph_scoreT_avg": 2.9333334,
        "paragraph_id": "001"
      }
    ],
    "essay_scoreT": [
      28.2,
      27.900002,
      28.8
    ],
    "essay_scoreT_avg": 28.300001,
    "essay_scoreT_detail": {
      "essay_scoreT_org": [
        [
          3,
          0,
          3,
          3
        ],
        [
          3,
          0,
          2,
          3
        ],
        [
          3,
          0,
          3,
          3
        ]
      ],
      "essay_scoreT_cont": [
        [
          3,
          2,
          3,
          3
        ],
        [
          3,
          2,
          3,
          3
        ],
        [
          3,
          2,
          3,
          3
        ]
      ],
      "essay_scoreT_exp": [
        [
          2,
          3,
          3
        ],
        [
          3,
          3,
          3
        ],
        [
          3,
          3,
          3
        ]
      ]
    }
  },
  "student": {
    "date": "2021.12.23",
    "student_educated": true,
    "student_grade": "고등_1학년",
    "location": "063",
    "student_grade_group": "고등",
    "student_reading": 1
  },
  "rubric": {
    "essay_grade": "고등_1학년",
    "organization_weight": {
      "org_paragraph": 0,
      "org": 3,
      "org_essay": 6,
      "org_coherence": 3,
      "org_quantity": 1
    },
    "essay_type": "찬성반대",
    "content_weight": {
      "con_clearance": 3,
      "con_novelty": 3,
      "con": 4,
      "con_prompt": 1,
      "con_description": 3
    },
    "essay_main_subject": "비혼주의자에 대한 본인의 의견",
    "expression_weight": {
      "exp_style": 4,
      "exp_grammar": 2,
      "exp_vocab": 4,
      "exp": 3
    }
  },
  "correction": [],
  "info": {
    "essay_id": "ESSAY_76709",
    "essay_prompt": " \"\"연애는 필수, 결혼은 선택! 가슴이 뛰는 대로 가면 돼\"\".\n\n 유명한 유행가의 노래 가사처럼, 청년들에게 결혼은 이제 필수가 아닌 하나의 선택 사항입니다. 연애, 결혼, 출산을 포기한다는 의미의 '3포세대'라는 말이 나오기 무섭게 5포 세대, N포세대까지 등장할 정도로 취업난, 치솟는 부동산 가격 등 여러 사회·경제적 요인들로 청년층을 위축시켰습니다.\n\n 모두가 이러한 이유로 '결혼을 포기'하는 것만은 아닙니다. 개인의 행복을 위해 '비혼을 선택'하는 청년들도 늘고 있습니다. 이처럼 최근 전통적인 가치관에서 벗어나 연애와 동거는 하면서 결혼이라는 제도에 묶여 관계에서 파생되는 책임을 벗어나 자유로운 삶을 추구하는 비혼주의자가 늘고 있습니다.\n\n 다만, 개인의 자유로운 선택에 따라 비혼주의를 하지만 주변에서는 아직 고운 시선으로 바라보지 않는 사람도 많습니다. 결혼이라는 제도에 대해서 선택이 아닌 필수라고 생각하는 사람들도 많지요. 개개인이 모여 사회가 형성되기 때문에 사회의 가장 작은 단위인 가족을 이루는 것도 사회 구성원으로서의 큰 역할이라고 생각하는 사람들도 있습니다.\n\n 여러분은 결혼을 꼭 해야 한다고 생각하시나요? 아니면 결혼은 선택의 문제라고 생각하시나요? 비혼주의에 대해 찬성하는 입장 반대를 선택하여 자신의 의견을 작성해주세요. 그리고 그렇게 생각한 이유에 대해서 작성해주세요.",
    "essay_type": "찬성반대",
    "essay_level": "2",
    "essay_len": 810,
    "essay_main_subject": "비혼주의자에 대한 본인의 의견"
  }
}