{
  "paragraph": [
    {
      "paragraph_txt": "저는 비혼주의에 찬성하는 입장입니다.#@문장구분# 저희 어머니께서는 가끔 하시는 말씀이 \"네가 원한다면 구지 결혼을 해야할 필요는 없다\"라고 하십니다.#@문장구분# 공부를 열심히 하고 좋은 대학에 가고 원하는 직장을 가져 혼자서도 행복하게 살아갈 자신이 있다면 구지 결혼을 하고 아이를 낳아서 고생할 필요는 없다고 하십니다.#@문장구분# 어머니께서는 결혼 전 아버지와 같은 직장에 근무를 하셨는데 사내결혼을 사유로 어머니께서 직장을 그만두셔야만 했다고 합니다.#@문장구분# 그 시절에는 그럴 수 밖에 없는 사회적 환경이었다고는 하지만 제 상식으로서는 이해가 잘 가지 않았습니다.#@문장구분# 그로 인해 어머니는 전업주부가 되었고 직장인으로서 삶의 기회를 결혼을 통해 박탈 당해야만 했던 것입니다.#@문장구분# 현대 사회는 예전과는 많이 달라지긴 했지만 결혼을 하고 출산을 한 후 육아와 직장생활을 병행하는 것은 현재로서도 쉽지 않은 선택입니다. #@문장구분#그로 인해 출산율은 점점 줄어들고 비혼주의자들의 숫자도 점점 늘어나는 것입니다.#@문장구분# 결혼을 하고 가정을 꾸리는 것이 진정한 행복인지 비혼주의를 추구하며 나 자신만을 위해 사는 것이 진정한 행복인지는 서로간의 장, 단점이 존재할 것이고 둘 줄 어느것이 정답이다 라고 할 수는 없을 것입니다.#@문장구분# 하지만 저는 현재로서는 결혼과 출산 후에 육아와 직장생활을 병행함에 있어 사회적으로 차별받아야 하는 일이 생긴다면 결혼보다는 비혼주의를 선택할 것이며, 정부에서는 이러한 상황들을 해결할 수 있는 대안을 제시해야 할 것입니다.#@문장구분# 청년들이 결혼을 하고 출산과 양육을 하는데 있어 어려움이 없도록 꾸준한 사회적 지원과 대책이 세워진다면 비혼주의를 생각하고 있는 청년들의 마음이 달라질 수도 있을 것입니다.#@문장구분#",
      "paragraph_len": 1033,
      "paragraph_id": "001"
    }
  ],
  "score": {
    "paragraph_score": [
      {
        "paragraph_scoreT": [
          3,
          2.4,
          2.8
        ],
        "paragraph_scoreT_detail": {
          "paragraph_scoreT_exp": [
            [
              3,
              3,
              3
            ],
            [
              2,
              3,
              2
            ],
            [
              2,
              3,
              3
            ]
          ]
        },
        "paragraph_scoreT_avg": 2.7333333,
        "paragraph_id": "001"
      }
    ],
    "essay_scoreT": [
      30,
      26.100002,
      29.4
    ],
    "essay_scoreT_avg": 28.5,
    "essay_scoreT_detail": {
      "essay_scoreT_org": [
        [
          3,
          0,
          3,
          3
        ],
        [
          3,
          0,
          2,
          3
        ],
        [
          3,
          0,
          3,
          3
        ]
      ],
      "essay_scoreT_cont": [
        [
          3,
          3,
          3,
          3
        ],
        [
          3,
          2,
          3,
          3
        ],
        [
          3,
          3,
          3,
          3
        ]
      ],
      "essay_scoreT_exp": [
        [
          3,
          3,
          3
        ],
        [
          2,
          3,
          2
        ],
        [
          2,
          3,
          3
        ]
      ]
    }
  },
  "student": {
    "date": "2021.12.13",
    "student_educated": true,
    "student_grade": "고등_1학년",
    "location": "063",
    "student_grade_group": "고등",
    "student_reading": 1
  },
  "rubric": {
    "essay_grade": "고등_1학년",
    "organization_weight": {
      "org_paragraph": 0,
      "org": 3,
      "org_essay": 6,
      "org_coherence": 3,
      "org_quantity": 1
    },
    "essay_type": "찬성반대",
    "content_weight": {
      "con_clearance": 3,
      "con_novelty": 3,
      "con": 4,
      "con_prompt": 1,
      "con_description": 3
    },
    "essay_main_subject": "비혼주의자에 대한 본인의 의견",
    "expression_weight": {
      "exp_style": 4,
      "exp_grammar": 2,
      "exp_vocab": 4,
      "exp": 3
    }
  },
  "correction": [],
  "info": {
    "essay_id": "ESSAY_71894",
    "essay_prompt": " \"\"연애는 필수, 결혼은 선택! 가슴이 뛰는 대로 가면 돼\"\".\n\n 유명한 유행가의 노래 가사처럼, 청년들에게 결혼은 이제 필수가 아닌 하나의 선택 사항입니다. 연애, 결혼, 출산을 포기한다는 의미의 '3포세대'라는 말이 나오기 무섭게 5포 세대, N포세대까지 등장할 정도로 취업난, 치솟는 부동산 가격 등 여러 사회·경제적 요인들로 청년층을 위축시켰습니다.\n\n 모두가 이러한 이유로 '결혼을 포기'하는 것만은 아닙니다. 개인의 행복을 위해 '비혼을 선택'하는 청년들도 늘고 있습니다. 이처럼 최근 전통적인 가치관에서 벗어나 연애와 동거는 하면서 결혼이라는 제도에 묶여 관계에서 파생되는 책임을 벗어나 자유로운 삶을 추구하는 비혼주의자가 늘고 있습니다.\n\n 다만, 개인의 자유로운 선택에 따라 비혼주의를 하지만 주변에서는 아직 고운 시선으로 바라보지 않는 사람도 많습니다. 결혼이라는 제도에 대해서 선택이 아닌 필수라고 생각하는 사람들도 많지요. 개개인이 모여 사회가 형성되기 때문에 사회의 가장 작은 단위인 가족을 이루는 것도 사회 구성원으로서의 큰 역할이라고 생각하는 사람들도 있습니다.\n\n 여러분은 결혼을 꼭 해야 한다고 생각하시나요? 아니면 결혼은 선택의 문제라고 생각하시나요? 비혼주의에 대해 찬성하는 입장 반대를 선택하여 자신의 의견을 작성해주세요. 그리고 그렇게 생각한 이유에 대해서 작성해주세요.",
    "essay_type": "찬성반대",
    "essay_level": "2",
    "essay_len": 813,
    "essay_main_subject": "비혼주의자에 대한 본인의 의견"
  }
}