{
  "paragraph": [
    {
      "paragraph_txt": "옛날에는 개인보다 단체를 외쳤다면, 현대사회 에서는 단체보다는 개인을 외치고 있는 추세이다.#@문장구분# 개인의 복지와 권리, 자유와 행복이 그 무엇보다도 중요하다고 강조되고 있었다.#@문장구분# 개인이 중시되고 있는 이러한 사회 속에서 이젠 결혼에 대해서는 전통적인 가치관이 아닌 새로운 관점, 즉 결혼은 '필수'가 아닌 '선택; 이라는 관점으로 바라봐야한다.#@문장구분# 개인의 선택이 중요해진 사회속에서 위와같은 책임과 부담감을 감내할 수 있는 사람이라면 결혼을 선택하여 예쁜 가정을 꾸리고, 감내할 수 없다고 느낀다면 결혼을 굳이 해서 고통스러워 할 필요는 없다고 본다.#@문장구분# 결혼에 따르는 책임에서 벗어나서 자유로운 삶을 추구하는 비혼주의도, 변화하는 사회를 고려해 본다면 나쁜 시선으로 바라보는 건 잘못된 것이다.#@문장구분# 그들이 어떤 것에도 얽매이지 않고, 오롯이 자유롭게 살고 싶다는데, 그 누구도 그것에 대해서 비난하거나 무시하는 것은 바람직하지않다.#@문장구분# 지금 정부는 결혼과 임신을 위한 다양한 정책과 보조금 등의 지원을 확대하고 있다.#@문장구분# 하지만 결제적 정신정 고통은 생각하지도 않고 애만 낳아라 한다니 참 모순적이지만 말이다.#@문장구분# 그리고 옛날 보다 높아진 이혼율도 한 몫하는거 같다.#@문장구분# 이러한 위의 상황들에서 청년층 들에서는 굳이 결혼을해야 되냐는 생각과 얘기가 나올 수 도 있다.#@문장구분# 이러한 생각이 퍼지면서 자연스레 결혼을 하는 나이도 늧춰지고 결혼을 하거나 아이를 낳는 수도 줄어들 수 밖에 없을 것이다.#@문장구분#  즉 개인의 자유로운 선택에 따라 비혼주의를 해도 주변에서는 아직 고운 시선으로 바라보지 않는 사람도 많이있지만 결혼이라는 제도에 대해서 선택이 아닌 필수라고 생각하는 사람들의의견도 존중을해야한다.#@문장구분# 개개인이 모여 사회가 형성되기 때문에 사회의 가장 작은 단위인 가족을 이루는 것도 사회 구성원으로서의 큰 역할이라고 생각하는 사람들도 있기때문이다.#@문장구분#",
      "paragraph_len": 1159,
      "paragraph_id": "001"
    }
  ],
  "score": {
    "paragraph_score": [
      {
        "paragraph_scoreT": [
          3,
          3,
          2.4
        ],
        "paragraph_scoreT_detail": {
          "paragraph_scoreT_exp": [
            [
              3,
              3,
              3
            ],
            [
              3,
              3,
              3
            ],
            [
              2,
              3,
              2
            ]
          ]
        },
        "paragraph_scoreT_avg": 2.8,
        "paragraph_id": "001"
      }
    ],
    "essay_scoreT": [
      30,
      25.800001,
      23.899998
    ],
    "essay_scoreT_avg": 26.566666,
    "essay_scoreT_detail": {
      "essay_scoreT_org": [
        [
          3,
          0,
          3,
          3
        ],
        [
          2,
          0,
          3,
          3
        ],
        [
          2,
          0,
          2,
          3
        ]
      ],
      "essay_scoreT_cont": [
        [
          3,
          3,
          3,
          3
        ],
        [
          2,
          2,
          3,
          3
        ],
        [
          2,
          2,
          2,
          3
        ]
      ],
      "essay_scoreT_exp": [
        [
          3,
          3,
          3
        ],
        [
          3,
          3,
          3
        ],
        [
          2,
          3,
          3
        ]
      ]
    }
  },
  "student": {
    "date": "2021.12.15",
    "student_educated": true,
    "student_grade": "고등_1학년",
    "location": "063",
    "student_grade_group": "고등",
    "student_reading": 2
  },
  "rubric": {
    "essay_grade": "고등_1학년",
    "organization_weight": {
      "org_paragraph": 0,
      "org": 3,
      "org_essay": 6,
      "org_coherence": 3,
      "org_quantity": 1
    },
    "essay_type": "찬성반대",
    "content_weight": {
      "con_clearance": 3,
      "con_novelty": 3,
      "con": 4,
      "con_prompt": 1,
      "con_description": 3
    },
    "essay_main_subject": "비혼주의자에 대한 본인의 의견",
    "expression_weight": {
      "exp_style": 4,
      "exp_grammar": 2,
      "exp_vocab": 4,
      "exp": 3
    }
  },
  "correction": [],
  "info": {
    "essay_id": "ESSAY_71359",
    "essay_prompt": " \"\"연애는 필수, 결혼은 선택! 가슴이 뛰는 대로 가면 돼\"\".\n\n 유명한 유행가의 노래 가사처럼, 청년들에게 결혼은 이제 필수가 아닌 하나의 선택 사항입니다. 연애, 결혼, 출산을 포기한다는 의미의 '3포세대'라는 말이 나오기 무섭게 5포 세대, N포세대까지 등장할 정도로 취업난, 치솟는 부동산 가격 등 여러 사회·경제적 요인들로 청년층을 위축시켰습니다.\n\n 모두가 이러한 이유로 '결혼을 포기'하는 것만은 아닙니다. 개인의 행복을 위해 '비혼을 선택'하는 청년들도 늘고 있습니다. 이처럼 최근 전통적인 가치관에서 벗어나 연애와 동거는 하면서 결혼이라는 제도에 묶여 관계에서 파생되는 책임을 벗어나 자유로운 삶을 추구하는 비혼주의자가 늘고 있습니다.\n\n 다만, 개인의 자유로운 선택에 따라 비혼주의를 하지만 주변에서는 아직 고운 시선으로 바라보지 않는 사람도 많습니다. 결혼이라는 제도에 대해서 선택이 아닌 필수라고 생각하는 사람들도 많지요. 개개인이 모여 사회가 형성되기 때문에 사회의 가장 작은 단위인 가족을 이루는 것도 사회 구성원으로서의 큰 역할이라고 생각하는 사람들도 있습니다.\n\n 여러분은 결혼을 꼭 해야 한다고 생각하시나요? 아니면 결혼은 선택의 문제라고 생각하시나요? 비혼주의에 대해 찬성하는 입장 반대를 선택하여 자신의 의견을 작성해주세요. 그리고 그렇게 생각한 이유에 대해서 작성해주세요.",
    "essay_type": "찬성반대",
    "essay_level": "2",
    "essay_len": 899,
    "essay_main_subject": "비혼주의자에 대한 본인의 의견"
  }
}