{
  "paragraph": [
    {
      "paragraph_txt": "저는 비혼주의에 찬성합니다.#@문장구분# 사람은 각자 다른 관념과 생각 등이 다르기에 결혼을 하지 않을 수 있다고 생각하기에 결혼을 하지 않을 수 있다고 생각합니다.#@문장구분# 사회-경제적 이유로 결혼을 하지 않기도 하지만 대부분이 결혼에 관련된 책임을 벗어나 자유로운 삶을 원하여 스스로 결혼을 하지 않는 경우가 많기에 비혼주의에 찬성합니다.#@문장구분# 결혼하지 않는 것을 반대하는 것은 고정 관념이기도하고 사람마다 다르기에 찬성 하는 것이 옳다고 생각합니다.#@문장구분# 그리고 또 요즘 사람들은 자신의 행복을 우선으로 생각하는데 결혼을 한다고 해서 무조건 행복해지는 것이 아니여서 사람들이 자신을 위해 결혼을 하지 않는 것이라고 생각합니다.#@문장구분# 또 이러한 이유 때문에 사람들은 결혼은 하지 않고 그냥 동거만 하는 사람들이 느는 이유인 것 같습니다.#@문장구분# 또 결혼을 한다고 하면 주위에서 애는 안 낳을거냐고 계속 독촉해 또 그것이 스트레스로 작용할 것 같습니다.#@문장구분# 게다가 애는 낳기만 한다고 되는 것이 아니라 평생 돌봐주어야 하기 때문에 자신들의 인생을 바쳐야 한다는 압박감에 더더욱 결혼을 안하고 애를 안 낳는 것 같습니다.#@문장구분# 또 결혼은 하지만 애는 안 낳는 딩크족이 요즘 또 유행하고 있습니다.#@문장구분# 동거만 하면 동거족 동거에서 애만 안 낳으면 딩크족이 되는 것입니다.#@문장구분# 저는 이러한 사회현상에 대한 문제가 국가에 있다고 생각합니다.#@문장구분# 천정부지로 솟은 집값으로 인해 예전에는 은퇴할 때까지 일하면 집 한 채는 살 수 있었는데, 지금은 평생 아니 3대가 일을 해야 집 한 채를 살 수 있게 되어서 금전적인 부담감 때문에 결혼을 안하는 것 같습니다.#@문장구분# 정부에서 속히 금전적인 문제를 해결해 혼인률과 출산률을 높이는데 일조하면 좋겠습니다.#@문장구분#",
      "paragraph_len": 1083,
      "paragraph_id": "001"
    }
  ],
  "score": {
    "paragraph_score": [
      {
        "paragraph_scoreT": [
          2,
          2.4,
          2.6
        ],
        "paragraph_scoreT_detail": {
          "paragraph_scoreT_exp": [
            [
              2,
              2,
              2
            ],
            [
              2,
              2,
              3
            ],
            [
              3,
              2,
              3
            ]
          ]
        },
        "paragraph_scoreT_avg": 2.3333333,
        "paragraph_id": "001"
      }
    ],
    "essay_scoreT": [
      22.099998,
      24.900002,
      26
    ],
    "essay_scoreT_avg": 24.333334,
    "essay_scoreT_detail": {
      "essay_scoreT_org": [
        [
          2,
          0,
          3,
          2
        ],
        [
          3,
          0,
          2,
          3
        ],
        [
          3,
          0,
          3,
          3
        ]
      ],
      "essay_scoreT_cont": [
        [
          3,
          2,
          2,
          2
        ],
        [
          3,
          2,
          3,
          2
        ],
        [
          3,
          2,
          2,
          2
        ]
      ],
      "essay_scoreT_exp": [
        [
          2,
          2,
          2
        ],
        [
          2,
          2,
          3
        ],
        [
          3,
          2,
          3
        ]
      ]
    }
  },
  "student": {
    "date": "2021.11.19",
    "student_educated": true,
    "student_grade": "고등_1학년",
    "location": "054",
    "student_grade_group": "고등",
    "student_reading": 3
  },
  "rubric": {
    "essay_grade": "고등_1학년",
    "organization_weight": {
      "org_paragraph": 0,
      "org": 3,
      "org_essay": 6,
      "org_coherence": 3,
      "org_quantity": 1
    },
    "essay_type": "찬성반대",
    "content_weight": {
      "con_clearance": 3,
      "con_novelty": 3,
      "con": 4,
      "con_prompt": 1,
      "con_description": 3
    },
    "essay_main_subject": "비혼주의자에 대한 본인의 의견",
    "expression_weight": {
      "exp_style": 4,
      "exp_grammar": 2,
      "exp_vocab": 4,
      "exp": 3
    }
  },
  "correction": [],
  "info": {
    "essay_id": "ESSAY_47311",
    "essay_prompt": " \"\"연애는 필수, 결혼은 선택! 가슴이 뛰는 대로 가면 돼\"\".\n\n 유명한 유행가의 노래 가사처럼, 청년들에게 결혼은 이제 필수가 아닌 하나의 선택 사항입니다. 연애, 결혼, 출산을 포기한다는 의미의 '3포세대'라는 말이 나오기 무섭게 5포 세대, N포세대까지 등장할 정도로 취업난, 치솟는 부동산 가격 등 여러 사회·경제적 요인들로 청년층을 위축시켰습니다.\n\n 모두가 이러한 이유로 '결혼을 포기'하는 것만은 아닙니다. 개인의 행복을 위해 '비혼을 선택'하는 청년들도 늘고 있습니다. 이처럼 최근 전통적인 가치관에서 벗어나 연애와 동거는 하면서 결혼이라는 제도에 묶여 관계에서 파생되는 책임을 벗어나 자유로운 삶을 추구하는 비혼주의자가 늘고 있습니다.\n\n 다만, 개인의 자유로운 선택에 따라 비혼주의를 하지만 주변에서는 아직 고운 시선으로 바라보지 않는 사람도 많습니다. 결혼이라는 제도에 대해서 선택이 아닌 필수라고 생각하는 사람들도 많지요. 개개인이 모여 사회가 형성되기 때문에 사회의 가장 작은 단위인 가족을 이루는 것도 사회 구성원으로서의 큰 역할이라고 생각하는 사람들도 있습니다.\n\n 여러분은 결혼을 꼭 해야 한다고 생각하시나요? 아니면 결혼은 선택의 문제라고 생각하시나요? 비혼주의에 대해 찬성하는 입장 반대를 선택하여 자신의 의견을 작성해주세요. 그리고 그렇게 생각한 이유에 대해서 작성해주세요.",
    "essay_type": "찬성반대",
    "essay_level": "2",
    "essay_len": 823,
    "essay_main_subject": "비혼주의자에 대한 본인의 의견"
  }
}