{
  "paragraph": [
    {
      "paragraph_txt": "예전에는 지금보다 더 결혼이 중시되었었고 성인이 되면 결혼은 꼭 해야하는 것으로 여겨졌다.#@문장구분# 지금도 결혼이 중시되기는 하지만 점점 예전만큼 꼭 필수로 할 필요는 없다는 사회분위기가 되어가고 있고 연애 자체를 하지않으려는 사람들도 있는 반면 연애와 연인과의 동거는 하지만 결혼은 하지않으려하는 비혼주의자가 늘어나고 있는 추세이다.#@문장구분# 나는 이런 비혼주의자에 대해서 반대한다.#@문장구분# 물론 예전 사회분위기에 맞는 전통적이고 고전적인 방식은 현재에 맞지않을 수도 있다.#@문장구분# 바쁘고 자신의 몫을 챙기기 바쁜 사회에서 누군가와 가족을 맺으면서 살아갈 시간적, 금전적인 여유가 없을 수도 있기 때문에 이런 비혼주의자의 가치관이 퍼지고 있을 것이다.#@문장구분# 하지만 이런 비혼주의자의 가치관은 연인간의 관계성에 대해서 책임감이 더 소홀해 질 수도 있다.#@문장구분#  결혼을 목표로 관계를 형성하지 않기 때문에 이 관계에 대한 미래가 불투명하고 불확실하다.#@문장구분# 법적으로 아무런 관계를 맺지 않았기 때문에 아무리 깊은 관계라도 깨지기는 더 쉬운 관계이다.#@문장구분# 아무리 서로 사랑한다 하지만 서로 결혼을 전혀 생각하고 있지 않기 때문에 관계를 이어나가는 도중에도 서로에 대한 불신이나 마음속 깊이라도 약간의 불안감이 생기기 쉽다.#@문장구분# 결혼이란게 법적으로 사람과의 관계를 묶어놓는것 이지만 그만큼 법적으로 사람과의 관계를 확실히 할 수있고 불안감도 덜 수 있고 서로간의 믿음도 더 커진다.#@문장구분# 제도에 묶이지 않은 자유로운 것은 좋지만 그럴수록 가벼운 관계가 되기 쉽다.#@문장구분# 정말 깊은 관계가 되고 안정적이게 생활을 하고 안정적인 가정을 이루고 싶다면 결혼을 하는 것이 좋다.#@문장구분#  안정적이게 가정을 이루는 사회분위기가 만들어지는데에도 더 좋을 것이다.#@문장구분# 사회분위기가 시대에 맞취서 변화할 수도 있고 비혼주의자의 가치관도 예전보다 많이 생겨날 수도 있지만 안정적인 서로간의 관계와 사회분위기를 이루려면 비혼주의자의 가치관이 너무 많이 퍼지지 않는 것이 더 좋을 것 같다.#@문장구분#",
      "paragraph_len": 1225,
      "paragraph_id": "001"
    }
  ],
  "score": {
    "paragraph_score": [
      {
        "paragraph_scoreT": [
          3,
          3,
          2
        ],
        "paragraph_scoreT_detail": {
          "paragraph_scoreT_exp": [
            [
              3,
              3,
              3
            ],
            [
              3,
              3,
              3
            ],
            [
              2,
              2,
              2
            ]
          ]
        },
        "paragraph_scoreT_avg": 2.6666667,
        "paragraph_id": "001"
      }
    ],
    "essay_scoreT": [
      28.8,
      24.9,
      23
    ],
    "essay_scoreT_avg": 25.566666,
    "essay_scoreT_detail": {
      "essay_scoreT_org": [
        [
          3,
          0,
          3,
          3
        ],
        [
          2,
          0,
          2,
          3
        ],
        [
          3,
          0,
          3,
          3
        ]
      ],
      "essay_scoreT_cont": [
        [
          3,
          2,
          3,
          3
        ],
        [
          2,
          2,
          3,
          3
        ],
        [
          2,
          2,
          2,
          2
        ]
      ],
      "essay_scoreT_exp": [
        [
          3,
          3,
          3
        ],
        [
          3,
          3,
          3
        ],
        [
          2,
          2,
          2
        ]
      ]
    }
  },
  "student": {
    "date": "2021.09.13",
    "student_educated": true,
    "student_grade": "고등_1학년",
    "location": "051",
    "student_grade_group": "고등",
    "student_reading": 3
  },
  "rubric": {
    "essay_grade": "고등_1학년",
    "organization_weight": {
      "org_paragraph": 0,
      "org": 3,
      "org_essay": 6,
      "org_coherence": 3,
      "org_quantity": 1
    },
    "essay_type": "찬성반대",
    "content_weight": {
      "con_clearance": 3,
      "con_novelty": 3,
      "con": 4,
      "con_prompt": 1,
      "con_description": 3
    },
    "essay_main_subject": "비혼주의자에 대한 본인의 의견",
    "expression_weight": {
      "exp_style": 4,
      "exp_grammar": 2,
      "exp_vocab": 4,
      "exp": 3
    }
  },
  "correction": [],
  "info": {
    "essay_id": "ESSAY_33768",
    "essay_prompt": " \"\"연애는 필수, 결혼은 선택! 가슴이 뛰는 대로 가면 돼\"\".\n\n 유명한 유행가의 노래 가사처럼, 청년들에게 결혼은 이제 필수가 아닌 하나의 선택 사항입니다. 연애, 결혼, 출산을 포기한다는 의미의 '3포세대'라는 말이 나오기 무섭게 5포 세대, N포세대까지 등장할 정도로 취업난, 치솟는 부동산 가격 등 여러 사회·경제적 요인들로 청년층을 위축시켰습니다.\n\n 모두가 이러한 이유로 '결혼을 포기'하는 것만은 아닙니다. 개인의 행복을 위해 '비혼을 선택'하는 청년들도 늘고 있습니다. 이처럼 최근 전통적인 가치관에서 벗어나 연애와 동거는 하면서 결혼이라는 제도에 묶여 관계에서 파생되는 책임을 벗어나 자유로운 삶을 추구하는 비혼주의자가 늘고 있습니다.\n\n 다만, 개인의 자유로운 선택에 따라 비혼주의를 하지만 주변에서는 아직 고운 시선으로 바라보지 않는 사람도 많습니다. 결혼이라는 제도에 대해서 선택이 아닌 필수라고 생각하는 사람들도 많지요. 개개인이 모여 사회가 형성되기 때문에 사회의 가장 작은 단위인 가족을 이루는 것도 사회 구성원으로서의 큰 역할이라고 생각하는 사람들도 있습니다.\n\n 여러분은 결혼을 꼭 해야 한다고 생각하시나요? 아니면 결혼은 선택의 문제라고 생각하시나요? 비혼주의에 대해 찬성하는 입장 반대를 선택하여 자신의 의견을 작성해주세요. 그리고 그렇게 생각한 이유에 대해서 작성해주세요.",
    "essay_type": "찬성반대",
    "essay_level": "2",
    "essay_len": 947,
    "essay_main_subject": "비혼주의자에 대한 본인의 의견"
  }
}