{
  "paragraph": [
    {
      "paragraph_txt": "결혼이란 신뢰, 믿음, 의지, 보호와 같은 서로간의 계약이라고 생각한다.#@문장구분# 그러나 요즘 결혼하는 사람들을 보면 조건만 어느 정도 맞으면 결혼을 하고 조금이라도 맞지 않으면 쉽게 이혼을 한다.#@문장구분# 그런 이야기들이 들리면 연예만하고 결혼을 하지 않는게 이득이라는 생각이 들며 굳이 결혼을 하지않아도 할 수 있는 일이 많고 자유롭기 때문에 난 비혼주의를 찬성한다.#@문장구분# 어른들이 나이가 찼으면 가정을 갖고 아이를 낳는게 행복이라는데 공감이 전혀 되지 않는다.#@문장구분# 왜 삼포세대를 넘어 오포세대가 나왔는지 현실을 보지않고 말하는것이라고 생각한다.#@문장구분# 시대가 변하면서 가치관, 생활패턴, 경제적 여유에따라 결혼의 가치가 달라지는데 예전과 같은 선에서 보는건 무리가 있다.#@문장구분# 경우에 따라 가정을 갖고 싶어하는 사람이 결혼을 하지 내가 이루고자하는 인생적 목표가 있고 안정적, 고정적인 수입이 있는 경우 대부분 결혼을 생각하지 않는다.#@문장구분# 그리고 결혼생활이 배우자에게 생각과 행동을 이해를 바라고, 의견을 조율하며 쉬고 싶어도 쉴수 없으며 같이 살면서 협동을 해야하는 경우도 있는데 말이 쉽지 정말 인내심과 사랑이 없으면 어렵고 서로의 성향이 맞지 않으면 더욱이 결혼생활이 힘들다.#@문장구분# 학교가 끝나고 집에 들어오면 나만의 공간이 있고 아무도 터치를 안하며 자유롭지만 결혼을 했다면 집안 일을 해야하며 아무것도 안하고 가만히 누워있거나 휴대폰만 하고있다면 배우자에게 질책 당하며 싸우거나 피곤해하면서 할 것 같다.#@문장구분# 그리고 나는 나의 공간과 자유로움을 중요시하는데 배우자고 포기하라고 하면 파탄이 일어날 것 같다.#@문장구분# 솔직히 사랑은 잠시지만 생활을 계속해야하는데 사사건건 부딪힐거면 비혼으로 사는게 속편하다.#@문장구분# 그래서 다시 말하지만 나는 비혼주의 찬성이다.#@문장구분#",
      "paragraph_len": 1083,
      "paragraph_id": "001"
    }
  ],
  "score": {
    "paragraph_score": [
      {
        "paragraph_scoreT": [
          3,
          2.8,
          3
        ],
        "paragraph_scoreT_detail": {
          "paragraph_scoreT_exp": [
            [
              3,
              3,
              3
            ],
            [
              2,
              3,
              3
            ],
            [
              3,
              3,
              3
            ]
          ]
        },
        "paragraph_scoreT_avg": 2.9333334,
        "paragraph_id": "001"
      }
    ],
    "essay_scoreT": [
      28.8,
      27.3,
      28.8
    ],
    "essay_scoreT_avg": 28.299997,
    "essay_scoreT_detail": {
      "essay_scoreT_org": [
        [
          3,
          0,
          3,
          3
        ],
        [
          3,
          0,
          2,
          3
        ],
        [
          3,
          0,
          3,
          3
        ]
      ],
      "essay_scoreT_cont": [
        [
          3,
          3,
          3,
          3
        ],
        [
          3,
          2,
          3,
          3
        ],
        [
          3,
          2,
          3,
          3
        ]
      ],
      "essay_scoreT_exp": [
        [
          3,
          3,
          2
        ],
        [
          2,
          3,
          3
        ],
        [
          3,
          3,
          3
        ]
      ]
    }
  },
  "student": {
    "date": "2021.11.01",
    "student_educated": true,
    "student_grade": "고등_1학년",
    "location": "044",
    "student_grade_group": "고등",
    "student_reading": 1
  },
  "rubric": {
    "essay_grade": "고등_1학년",
    "organization_weight": {
      "org_paragraph": 0,
      "org": 3,
      "org_essay": 6,
      "org_coherence": 3,
      "org_quantity": 1
    },
    "essay_type": "찬성반대",
    "content_weight": {
      "con_clearance": 3,
      "con_novelty": 3,
      "con": 4,
      "con_prompt": 1,
      "con_description": 3
    },
    "essay_main_subject": "비혼주의자에 대한 본인의 의견",
    "expression_weight": {
      "exp_style": 4,
      "exp_grammar": 2,
      "exp_vocab": 4,
      "exp": 3
    }
  },
  "correction": [],
  "info": {
    "essay_id": "ESSAY_65893",
    "essay_prompt": " \"\"연애는 필수, 결혼은 선택! 가슴이 뛰는 대로 가면 돼\"\".\n\n 유명한 유행가의 노래 가사처럼, 청년들에게 결혼은 이제 필수가 아닌 하나의 선택 사항입니다. 연애, 결혼, 출산을 포기한다는 의미의 '3포세대'라는 말이 나오기 무섭게 5포 세대, N포세대까지 등장할 정도로 취업난, 치솟는 부동산 가격 등 여러 사회·경제적 요인들로 청년층을 위축시켰습니다.\n\n 모두가 이러한 이유로 '결혼을 포기'하는 것만은 아닙니다. 개인의 행복을 위해 '비혼을 선택'하는 청년들도 늘고 있습니다. 이처럼 최근 전통적인 가치관에서 벗어나 연애와 동거는 하면서 결혼이라는 제도에 묶여 관계에서 파생되는 책임을 벗어나 자유로운 삶을 추구하는 비혼주의자가 늘고 있습니다.\n\n 다만, 개인의 자유로운 선택에 따라 비혼주의를 하지만 주변에서는 아직 고운 시선으로 바라보지 않는 사람도 많습니다. 결혼이라는 제도에 대해서 선택이 아닌 필수라고 생각하는 사람들도 많지요. 개개인이 모여 사회가 형성되기 때문에 사회의 가장 작은 단위인 가족을 이루는 것도 사회 구성원으로서의 큰 역할이라고 생각하는 사람들도 있습니다.\n\n 여러분은 결혼을 꼭 해야 한다고 생각하시나요? 아니면 결혼은 선택의 문제라고 생각하시나요? 비혼주의에 대해 찬성하는 입장 반대를 선택하여 자신의 의견을 작성해주세요. 그리고 그렇게 생각한 이유에 대해서 작성해주세요.",
    "essay_type": "찬성반대",
    "essay_level": "2",
    "essay_len": 843,
    "essay_main_subject": "비혼주의자에 대한 본인의 의견"
  }
}