{
  "paragraph": [
    {
      "paragraph_txt": "저는 비혼주의에 찬성하는 입장입니다.#@문장구분# 결혼이라는 것 자체가 인생에 아주 큰 영향을 주고 인생의 패망을 줄지 성공을 줄지는 아무도 모르는 상황에서 현재 내 삶에 매우 만족하고 있는 상태에서 굳이 도박을 해야하는가?라는 고민을 하게 된다.#@문장구분# 결혼 자체가 \"나답게 살 수 있는 환경\"이 줄어들고 결혼 후 좋든 안 좋든 결국 같이 살아야할 동거인이 생기는 것인데 결혼 후 관계가 약화 된다면 그 자체가 자신에겐 매우 큰 스트레스며 더 나아가 육아에 대한 경제적인 부담 등이 생긴다는 점에서 비혼주의에 찬성하는 입장입니다.#@문장구분# 물론 단점이 없다는 건 아닙니다.#@문장구분# 가장 큰 단점이라 하면 외로움이라는 것인데 간혹 뉴스를 보면 가족이 없어 미라가 된 상태가 되어야 발견됐다는 얘기도 있습니다.#@문장구분# 하지만 가족이 없어도 현대에는 친구 같은 가족이라는 얘기가 있듯이 진정한 가족만큼은 아니더라도 가족을 대체할 수 있는 관계들이 있습니다.#@문장구분# 예를들면 반려견이나 반려묘가 있습니다. #@문장구분#요즘 반려동물을 키우는 사람이 많아졌습니다.#@문장구분# 결혼을 안하고 느끼는 외로움을 반려동물과 함께 살면서 해소하는 사람들이 많아졌다는 말입니다.#@문장구분# 그리고 집값이 너무 비싸 결혼을 포기하고 부모의 집에서 함께 사는 사람들도 많아졌습니다.#@문장구분# 집값이 너무 많이 높아져서 아예 쳐다도 볼 수 없는 가격이 되어버려 그냥 결혼을 포기해버리는 사람들이 많아졌습니다.#@문장구분# 이러한 이유 때문에 저도 나중에 커서 비혼을 결심할 것 같습니다.#@문장구분# 그렇다고 비혼에 반대하는 사람들을 무시하거나 비방하는 것이 아닙니다.#@문장구분# 그 사람들도 비혼에 대한 생각이 있기 때문에 반대하는 것일겁니다.#@문장구분# 하지만 저는 비혼에 대해 이러한 이유들로인해 찬성하는 입장입니다.#@문장구분#",
      "paragraph_len": 1117,
      "paragraph_id": "001"
    }
  ],
  "score": {
    "paragraph_score": [
      {
        "paragraph_scoreT": [
          3,
          3,
          3
        ],
        "paragraph_scoreT_detail": {
          "paragraph_scoreT_exp": [
            [
              3,
              3,
              3
            ],
            [
              3,
              3,
              3
            ],
            [
              3,
              3,
              3
            ]
          ]
        },
        "paragraph_scoreT_avg": 3,
        "paragraph_id": "001"
      }
    ],
    "essay_scoreT": [
      30,
      30,
      30
    ],
    "essay_scoreT_avg": 30,
    "essay_scoreT_detail": {
      "essay_scoreT_org": [
        [
          3,
          0,
          3,
          3
        ],
        [
          3,
          0,
          3,
          3
        ],
        [
          3,
          0,
          3,
          3
        ]
      ],
      "essay_scoreT_cont": [
        [
          3,
          3,
          3,
          3
        ],
        [
          3,
          3,
          3,
          3
        ],
        [
          3,
          3,
          3,
          3
        ]
      ],
      "essay_scoreT_exp": [
        [
          3,
          3,
          3
        ],
        [
          3,
          3,
          3
        ],
        [
          3,
          3,
          3
        ]
      ]
    }
  },
  "student": {
    "date": "2021.11.28",
    "student_educated": true,
    "student_grade": "고등_1학년",
    "location": "054",
    "student_grade_group": "고등",
    "student_reading": 1
  },
  "rubric": {
    "essay_grade": "고등_1학년",
    "organization_weight": {
      "org_paragraph": 0,
      "org": 3,
      "org_essay": 6,
      "org_coherence": 3,
      "org_quantity": 1
    },
    "essay_type": "찬성반대",
    "content_weight": {
      "con_clearance": 3,
      "con_novelty": 3,
      "con": 4,
      "con_prompt": 1,
      "con_description": 3
    },
    "essay_main_subject": "비혼주의자에 대한 본인의 의견",
    "expression_weight": {
      "exp_style": 4,
      "exp_grammar": 2,
      "exp_vocab": 4,
      "exp": 3
    }
  },
  "correction": [],
  "info": {
    "essay_id": "ESSAY_51848",
    "essay_prompt": " \"\"연애는 필수, 결혼은 선택! 가슴이 뛰는 대로 가면 돼\"\".\n\n 유명한 유행가의 노래 가사처럼, 청년들에게 결혼은 이제 필수가 아닌 하나의 선택 사항입니다. 연애, 결혼, 출산을 포기한다는 의미의 '3포세대'라는 말이 나오기 무섭게 5포 세대, N포세대까지 등장할 정도로 취업난, 치솟는 부동산 가격 등 여러 사회·경제적 요인들로 청년층을 위축시켰습니다.\n\n 모두가 이러한 이유로 '결혼을 포기'하는 것만은 아닙니다. 개인의 행복을 위해 '비혼을 선택'하는 청년들도 늘고 있습니다. 이처럼 최근 전통적인 가치관에서 벗어나 연애와 동거는 하면서 결혼이라는 제도에 묶여 관계에서 파생되는 책임을 벗어나 자유로운 삶을 추구하는 비혼주의자가 늘고 있습니다.\n\n 다만, 개인의 자유로운 선택에 따라 비혼주의를 하지만 주변에서는 아직 고운 시선으로 바라보지 않는 사람도 많습니다. 결혼이라는 제도에 대해서 선택이 아닌 필수라고 생각하는 사람들도 많지요. 개개인이 모여 사회가 형성되기 때문에 사회의 가장 작은 단위인 가족을 이루는 것도 사회 구성원으로서의 큰 역할이라고 생각하는 사람들도 있습니다.\n\n 여러분은 결혼을 꼭 해야 한다고 생각하시나요? 아니면 결혼은 선택의 문제라고 생각하시나요? 비혼주의에 대해 찬성하는 입장 반대를 선택하여 자신의 의견을 작성해주세요. 그리고 그렇게 생각한 이유에 대해서 작성해주세요.",
    "essay_type": "찬성반대",
    "essay_level": "2",
    "essay_len": 817,
    "essay_main_subject": "비혼주의자에 대한 본인의 의견"
  }
}