{
  "paragraph": [
    {
      "paragraph_txt": "나는 비혼주의자를 찬성하는 입장이다. #@문장구분#요즘 시대는 내가 결혼을 하고 싶다고 해서 할 수 있는 시대가 아니라고 생각하기 때문이다.#@문장구분# 갈수록 치솟는 부동산은 30대 혼자 사는 사람도 원룸 혹은 투룸에 살게 한다.#@문장구분# 집을 어떻게든 마련을 한 사람이라도 아이의 사교육비는 감당하기 힘든 게 현실이다.#@문장구분# 결혼을 한다면 무조건 맞벌이 부부가 되어야 한다는 것도 현실이다.#@문장구분# 물론 가족이 생김으로써 많은 행복과 안정감이 따라올 수 있다고 생각하지만, 그에 대해 지불 해야 할 대가가 너무 크다고 생각한다.#@문장구분# 과거 부모님 세대에는 직장만 다니더라도 집 한 채를 살 수 있는 능력이 되었지만 현재는 그렇지 않다.#@문장구분# 아무런 투자 없이 직장만 다니면 집을 살 수 없는 게 현실이 되었다.#@문장구분# 또한 결혼은 두 사람이 좋다고 할 수 있는 것도 아니고 두 집안이 연결이 되는 일이다.#@문장구분# 그러면서 지금까지도 시집살이, 처가살이 등 다양한 문제가 있었다. #@문장구분#서로가 좋아서 결혼을 한다고 쳐도 주변 사람, 가족들로 인해서 이혼을 하는 사람도 꽤 많다.#@문장구분# 이러한 스트레스들을 생각하다가 보면 요즘 젊은 사람들은 결혼을 꼭 해야만 할까? 라는 생각을 하게 되고, 결혼 대신 연애만 하고 싶다.#@문장구분# 혹은 친구들과 평생 살고싶다라는 결과가 나온다.#@문장구분# 가정을 꾸리지 않고 나 혼자만을 책임지며 혼자 살아가는 자유로움이 좋다고 생각해서이다.#@문장구분#  물론 비혼주의가 시작된 이유는 사회적, 경제적 문제였을 수 있다.#@문장구분#하지만 나는 지금 정부에서 사교육 금지, 부동산 인하 등 여러 가지 경제적인 정책을 실행하고, 육아휴직 문제를 해결한다고 하더라도 모두가 결혼을 원한다고 생각하지 않는다.#@문장구분# 그 이유는 옛날과 다르게 사람들의 생각이 바뀌었기 때문이다.#@문장구분# 누군가를 책임지기 싫어하고, 부양가족에 대한 책임감 없이 나 자신만을 책임지며 살고 싶어 하는 이들이 많아졌기 때문이다.#@문장구분#",
      "paragraph_len": 1252,
      "paragraph_id": "001"
    }
  ],
  "score": {
    "paragraph_score": [
      {
        "paragraph_scoreT": [
          3,
          3,
          3
        ],
        "paragraph_scoreT_detail": {
          "paragraph_scoreT_exp": [
            [
              3,
              3,
              3
            ],
            [
              3,
              3,
              3
            ],
            [
              3,
              3,
              3
            ]
          ]
        },
        "paragraph_scoreT_avg": 3,
        "paragraph_id": "001"
      }
    ],
    "essay_scoreT": [
      30,
      28.8,
      30
    ],
    "essay_scoreT_avg": 29.6,
    "essay_scoreT_detail": {
      "essay_scoreT_org": [
        [
          3,
          0,
          3,
          3
        ],
        [
          3,
          0,
          3,
          3
        ],
        [
          3,
          0,
          3,
          3
        ]
      ],
      "essay_scoreT_cont": [
        [
          3,
          3,
          3,
          3
        ],
        [
          2,
          3,
          3,
          3
        ],
        [
          3,
          3,
          3,
          3
        ]
      ],
      "essay_scoreT_exp": [
        [
          3,
          3,
          3
        ],
        [
          3,
          3,
          3
        ],
        [
          3,
          3,
          3
        ]
      ]
    }
  },
  "student": {
    "date": "2021.12.10",
    "student_educated": true,
    "student_grade": "고등_1학년",
    "location": "063",
    "student_grade_group": "고등",
    "student_reading": 1
  },
  "rubric": {
    "essay_grade": "고등_1학년",
    "organization_weight": {
      "org_paragraph": 0,
      "org": 3,
      "org_essay": 6,
      "org_coherence": 3,
      "org_quantity": 1
    },
    "essay_type": "찬성반대",
    "content_weight": {
      "con_clearance": 3,
      "con_novelty": 3,
      "con": 4,
      "con_prompt": 1,
      "con_description": 3
    },
    "essay_main_subject": "비혼주의자에 대한 본인의 의견",
    "expression_weight": {
      "exp_style": 4,
      "exp_grammar": 2,
      "exp_vocab": 4,
      "exp": 3
    }
  },
  "correction": [],
  "info": {
    "essay_id": "ESSAY_61641",
    "essay_prompt": " \"\"연애는 필수, 결혼은 선택! 가슴이 뛰는 대로 가면 돼\"\".\n\n 유명한 유행가의 노래 가사처럼, 청년들에게 결혼은 이제 필수가 아닌 하나의 선택 사항입니다. 연애, 결혼, 출산을 포기한다는 의미의 '3포세대'라는 말이 나오기 무섭게 5포 세대, N포세대까지 등장할 정도로 취업난, 치솟는 부동산 가격 등 여러 사회·경제적 요인들로 청년층을 위축시켰습니다.\n\n 모두가 이러한 이유로 '결혼을 포기'하는 것만은 아닙니다. 개인의 행복을 위해 '비혼을 선택'하는 청년들도 늘고 있습니다. 이처럼 최근 전통적인 가치관에서 벗어나 연애와 동거는 하면서 결혼이라는 제도에 묶여 관계에서 파생되는 책임을 벗어나 자유로운 삶을 추구하는 비혼주의자가 늘고 있습니다.\n\n 다만, 개인의 자유로운 선택에 따라 비혼주의를 하지만 주변에서는 아직 고운 시선으로 바라보지 않는 사람도 많습니다. 결혼이라는 제도에 대해서 선택이 아닌 필수라고 생각하는 사람들도 많지요. 개개인이 모여 사회가 형성되기 때문에 사회의 가장 작은 단위인 가족을 이루는 것도 사회 구성원으로서의 큰 역할이라고 생각하는 사람들도 있습니다.\n\n 여러분은 결혼을 꼭 해야 한다고 생각하시나요? 아니면 결혼은 선택의 문제라고 생각하시나요? 비혼주의에 대해 찬성하는 입장 반대를 선택하여 자신의 의견을 작성해주세요. 그리고 그렇게 생각한 이유에 대해서 작성해주세요.",
    "essay_type": "찬성반대",
    "essay_level": "2",
    "essay_len": 893,
    "essay_main_subject": "비혼주의자에 대한 본인의 의견"
  }
}