{
  "paragraph": [
    {
      "paragraph_txt": "나는 비혼주의에 대해 찬성한다.#@문장구분# 왜냐하면 결혼이라는 것은 많은 책임감이 뒤 따른다.#@문장구분# 때문에 남녀가 확신이 생겼을 때 결혼을 하는 것이 옳다고 생각한다.#@문장구분# 물론 결혼을 하기 전 연애를 할 때도 바람을 피거나 하는 행동은 사람이 할 짓이 아니지만, 결혼을해서는 더더욱 안되기 때문이다.#@문장구분# 또, 결혼을하면 자유롭지 못하기 때문이다.#@문장구분# 결혼을 한다는 것은 배우자와 나만의 관계가 아닌 집안대 집안으로 엮이는 거다.#@문장구분# 그 관계속에서 갈등들을 티비나 주변에서 너무 많이 봐왔다.#@문장구분# 좋았던 부부 사이에서도 주변 갈등으로 인해 싸우고 헤어지고 신뢰가 깨지고 너무 불편한 관계다.#@문장구분# 시대가 변하고 의식이 변했다 하더라도 결혼한 여자는 육아와 살림을 남자는 경제적으로 가정을 책임져야한다.#@문장구분# 이런 불평등한 제도를 꼭 할필요가 있나 생각한다.#@문장구분# 가족들의 빨래 등이 있는데 이러한 것들을 다 재칠 수 있어서 자신에게 쓸 시간 다른 말로는 자기개발 시간이 많아 진다.#@문장구분#물론, 혼자 있기 외로운 사람은 비혼주의를 이해하지 못 할 것이지만 혼자 있기 편안한 사람도 대다수이기 때문에 비혼주의에 찬성한다.#@문장구분# 혼자 생활 할 수 있기 때문에 누구에게도 간섭을 받지않고 자신에게 쓸 시간이 늘어나고, 무엇보다 내 마음대로 주체적인 생활과 여유를 즐겨도 뭐라 할 사람이 없다는 것이다.#@문장구분# 보통 결혼을 하게 된다면 같이 살 집을 구해야하고 육아를 하기 위한 돈과 시간을 뺏기는 경우가 많다.#@문장구분# 이러한 것들을 다 재칠 수 있어서 자신에게 쓸 시간 다른 말로는 자기개발 시간이 많아 진다.#@문장구분# 물론, 혼자 있기 외로운 사람은 비혼주의를 이해하지 못 할 것이지만 혼자 있기 편안한 사람도 대다수이기 때문에 비혼주의에 찬성한다#@문장구분#",
      "paragraph_len": 1135,
      "paragraph_id": "001"
    }
  ],
  "score": {
    "paragraph_score": [
      {
        "paragraph_scoreT": [
          3,
          3,
          2.8
        ],
        "paragraph_scoreT_detail": {
          "paragraph_scoreT_exp": [
            [
              3,
              3,
              3
            ],
            [
              3,
              3,
              3
            ],
            [
              2,
              3,
              3
            ]
          ]
        },
        "paragraph_scoreT_avg": 2.9333334,
        "paragraph_id": "001"
      }
    ],
    "essay_scoreT": [
      30,
      30,
      26.400002
    ],
    "essay_scoreT_avg": 28.800001,
    "essay_scoreT_detail": {
      "essay_scoreT_org": [
        [
          3,
          0,
          3,
          3
        ],
        [
          3,
          0,
          3,
          3
        ],
        [
          2,
          0,
          3,
          3
        ]
      ],
      "essay_scoreT_cont": [
        [
          3,
          3,
          3,
          3
        ],
        [
          3,
          3,
          3,
          3
        ],
        [
          2,
          3,
          3,
          3
        ]
      ],
      "essay_scoreT_exp": [
        [
          3,
          3,
          3
        ],
        [
          3,
          3,
          3
        ],
        [
          2,
          3,
          3
        ]
      ]
    }
  },
  "student": {
    "date": "2021.12.07",
    "student_educated": true,
    "student_grade": "고등_1학년",
    "location": "063",
    "student_grade_group": "고등",
    "student_reading": 2
  },
  "rubric": {
    "essay_grade": "고등_1학년",
    "organization_weight": {
      "org_paragraph": 0,
      "org": 3,
      "org_essay": 6,
      "org_coherence": 3,
      "org_quantity": 1
    },
    "essay_type": "찬성반대",
    "content_weight": {
      "con_clearance": 3,
      "con_novelty": 3,
      "con": 4,
      "con_prompt": 1,
      "con_description": 3
    },
    "essay_main_subject": "비혼주의자에 대한 본인의 의견",
    "expression_weight": {
      "exp_style": 4,
      "exp_grammar": 2,
      "exp_vocab": 4,
      "exp": 3
    }
  },
  "correction": [],
  "info": {
    "essay_id": "ESSAY_56512",
    "essay_prompt": " \"\"연애는 필수, 결혼은 선택! 가슴이 뛰는 대로 가면 돼\"\".\n\n 유명한 유행가의 노래 가사처럼, 청년들에게 결혼은 이제 필수가 아닌 하나의 선택 사항입니다. 연애, 결혼, 출산을 포기한다는 의미의 '3포세대'라는 말이 나오기 무섭게 5포 세대, N포세대까지 등장할 정도로 취업난, 치솟는 부동산 가격 등 여러 사회·경제적 요인들로 청년층을 위축시켰습니다.\n\n 모두가 이러한 이유로 '결혼을 포기'하는 것만은 아닙니다. 개인의 행복을 위해 '비혼을 선택'하는 청년들도 늘고 있습니다. 이처럼 최근 전통적인 가치관에서 벗어나 연애와 동거는 하면서 결혼이라는 제도에 묶여 관계에서 파생되는 책임을 벗어나 자유로운 삶을 추구하는 비혼주의자가 늘고 있습니다.\n\n 다만, 개인의 자유로운 선택에 따라 비혼주의를 하지만 주변에서는 아직 고운 시선으로 바라보지 않는 사람도 많습니다. 결혼이라는 제도에 대해서 선택이 아닌 필수라고 생각하는 사람들도 많지요. 개개인이 모여 사회가 형성되기 때문에 사회의 가장 작은 단위인 가족을 이루는 것도 사회 구성원으로서의 큰 역할이라고 생각하는 사람들도 있습니다.\n\n 여러분은 결혼을 꼭 해야 한다고 생각하시나요? 아니면 결혼은 선택의 문제라고 생각하시나요? 비혼주의에 대해 찬성하는 입장 반대를 선택하여 자신의 의견을 작성해주세요. 그리고 그렇게 생각한 이유에 대해서 작성해주세요.",
    "essay_type": "찬성반대",
    "essay_level": "2",
    "essay_len": 816,
    "essay_main_subject": "비혼주의자에 대한 본인의 의견"
  }
}