{
  "paragraph": [
    {
      "paragraph_txt": "개인적으로는 결혼은 꼭 하고 싶지만, 필수라고 생각하지는 않습니다.#@문장구분# 왜냐하면 하나의 인격체로 태어난 누군가에게 법의 테두리 안에서 행해지는 행동과 말에 대해 강제적으로 해야 돼 라고 말할 자격은 없습니다. #@문장구분#누구나 자신의 삶에 대한 어느정도의 가치관이 있을 것이고 그에 따른 생각, 방식, 행동 등이 다르기 때문입니다.#@문장구분# 그럼에도 결혼을 해야한다라고 주장하는 사람의 의견이 틀리다고 생각하지 않습니다.#@문장구분# 제시문에서 언급했듯이 이 사회는 가장 작은 단위인 가족으로 이루어집니다.#@문장구분# 아이를 낳고 성장하여 생산 가능한 인적 자원이 되고, 생산물로 많은 사람들이 소비를 통해 삶을 누리고, 사회 안전망을 구축하며 삶의 마지막 순간이 끝나는 순간까지도 다음 세대 혹은 그 다음 세대를 걱정합니다.#@문장구분# 이러한 생각은 가족이라는 공동체 안에서 형성되었다고 생각합니다.#@문장구분# 하지만 우리는 수 많은 매체를 통해 가족이라는 틀이 만들어낸 많은 비상식적인 상황을 접하였습니다.#@문장구분# 특히 본능을 참지 못하고 행해지는 폭력, 금전 문제 등 현실에 마주한 비극적인 참극을 많이 봐왔습니다.#@문장구분# 그렇기에 더욱 비혼 성향이 강해지고 결혼이라는 제도 안에 본인들의 삶을 넣는 것에 불편함을 느끼거나 기피하는 경향이 뚜렷해지고 있습니다. #@문장구분#결혼이라는 제도 안에서 행복하다는 보장은 없고 단지 가정을 이루는 선택지만 사라진것일뿐 인간은 계속해서 불만을 만들어내고 선택들을 하며 끊임없이 분투해야하지만, 결국 더 큰 불행을 가져오는 선택들을 할 수도 혹은 그렇지 않을 수도 있는 아무도 모르는 사실에 결국 혼자만의 삶을 영위하기 위해 비혼을 선택한다고 생각 할수도 있습니다.#@문장구분#",
      "paragraph_len": 1012,
      "paragraph_id": "001"
    }
  ],
  "score": {
    "paragraph_score": [
      {
        "paragraph_scoreT": [
          3,
          2,
          2
        ],
        "paragraph_scoreT_detail": {
          "paragraph_scoreT_exp": [
            [
              3,
              3,
              3
            ],
            [
              2,
              2,
              2
            ],
            [
              2,
              2,
              2
            ]
          ]
        },
        "paragraph_scoreT_avg": 2.3333333,
        "paragraph_id": "001"
      }
    ],
    "essay_scoreT": [
      30,
      25.8,
      24
    ],
    "essay_scoreT_avg": 26.6,
    "essay_scoreT_detail": {
      "essay_scoreT_org": [
        [
          3,
          0,
          3,
          3
        ],
        [
          3,
          0,
          3,
          3
        ],
        [
          2,
          0,
          3,
          3
        ]
      ],
      "essay_scoreT_cont": [
        [
          3,
          3,
          3,
          3
        ],
        [
          2,
          3,
          3,
          3
        ],
        [
          2,
          3,
          3,
          3
        ]
      ],
      "essay_scoreT_exp": [
        [
          3,
          3,
          3
        ],
        [
          2,
          2,
          2
        ],
        [
          2,
          2,
          2
        ]
      ]
    }
  },
  "student": {
    "date": "2021.12.10",
    "student_educated": true,
    "student_grade": "고등_1학년",
    "location": "044",
    "student_grade_group": "고등",
    "student_reading": 2
  },
  "rubric": {
    "essay_grade": "고등_1학년",
    "organization_weight": {
      "org_paragraph": 0,
      "org": 3,
      "org_essay": 6,
      "org_coherence": 3,
      "org_quantity": 1
    },
    "essay_type": "찬성반대",
    "content_weight": {
      "con_clearance": 3,
      "con_novelty": 3,
      "con": 4,
      "con_prompt": 1,
      "con_description": 3
    },
    "essay_main_subject": "비혼주의자에 대한 본인의 의견",
    "expression_weight": {
      "exp_style": 4,
      "exp_grammar": 2,
      "exp_vocab": 4,
      "exp": 3
    }
  },
  "correction": [],
  "info": {
    "essay_id": "ESSAY_65969",
    "essay_prompt": " \"\"연애는 필수, 결혼은 선택! 가슴이 뛰는 대로 가면 돼\"\".\n\n 유명한 유행가의 노래 가사처럼, 청년들에게 결혼은 이제 필수가 아닌 하나의 선택 사항입니다. 연애, 결혼, 출산을 포기한다는 의미의 '3포세대'라는 말이 나오기 무섭게 5포 세대, N포세대까지 등장할 정도로 취업난, 치솟는 부동산 가격 등 여러 사회·경제적 요인들로 청년층을 위축시켰습니다.\n\n 모두가 이러한 이유로 '결혼을 포기'하는 것만은 아닙니다. 개인의 행복을 위해 '비혼을 선택'하는 청년들도 늘고 있습니다. 이처럼 최근 전통적인 가치관에서 벗어나 연애와 동거는 하면서 결혼이라는 제도에 묶여 관계에서 파생되는 책임을 벗어나 자유로운 삶을 추구하는 비혼주의자가 늘고 있습니다.\n\n 다만, 개인의 자유로운 선택에 따라 비혼주의를 하지만 주변에서는 아직 고운 시선으로 바라보지 않는 사람도 많습니다. 결혼이라는 제도에 대해서 선택이 아닌 필수라고 생각하는 사람들도 많지요. 개개인이 모여 사회가 형성되기 때문에 사회의 가장 작은 단위인 가족을 이루는 것도 사회 구성원으로서의 큰 역할이라고 생각하는 사람들도 있습니다.\n\n 여러분은 결혼을 꼭 해야 한다고 생각하시나요? 아니면 결혼은 선택의 문제라고 생각하시나요? 비혼주의에 대해 찬성하는 입장 반대를 선택하여 자신의 의견을 작성해주세요. 그리고 그렇게 생각한 이유에 대해서 작성해주세요.",
    "essay_type": "찬성반대",
    "essay_level": "2",
    "essay_len": 793,
    "essay_main_subject": "비혼주의자에 대한 본인의 의견"
  }
}