{
  "paragraph": [
    {
      "paragraph_txt": "우리는 현재 예전과는 다른 생활속에 살고 있습니다.#@문장구분# 예전의 우리 나라는 혼기가 차게되면 결혼을 꼭 해야만 하고 혼기가 지난 성인 남녀에게는 노총각, 노처녀라는 딱지를 붙여 결혼을 재촉하고 강요해왔습니다.#@문장구분# 하지만 최근에는 결혼적령기가 점점 늦춰지고 있고 비혼주의자의 숫자도 늘고 있습니다.#@문장구분# 그로인해 우리나라의 출산율은 더욱 하락세를 맞이하고 있습니다.#@문장구분# 결혼을 하고 가정을 꾸리는 것도 살아가는데 있어 중요한 건 사실이지만 저는 그것이 꼭 필요한 것이라고는 생각되지 않습니다.#@문장구분# 현대사회의 가족의 개념은 이전보다 많이 축소되었고 결혼에 대한 인식도 예전과는 달라졌습니다.#@문장구분# 결혼 후에도 가정에 대한 희생보다는 개인의 이익과 사생활을 더욱 중요시하여 이혼을 하는 가정도 많아지고 있고, 결혼 후 살 내집마련 문제에 있어 경제적인 부담을 크게 느끼는 청년들이 많고, 출산후 양육에 대한 부담감 때문에 비혼주의 자들의 숫자는 더욱 늘어나는 것이라고 생각이 됩니다.#@문장구분# 또한 예전에는 외벌이 가정이 많아 부부중 한명은 육아를 담당했지만 최근에는 맞벌이 가정이 많기 때문에 육아와 근무를 병행함에 있어 어려움이 많습니다.#@문장구분# 이처럼 여러 사유로 인해서 비혼주의가 늘어나고 있고 혼자서 자유롭게 살기를 원하는 1인가구가 증가하고 있습니다. #@문장구분#1인가구의 편견이 줄어들고 있고, 1인가구 관련된 사업들도 활성화 되고 있습니다.#@문장구분# 희생과 책임감에서 오는 억압으로 인해 힘들고 불행하게 사는 것 보다는 개인의 자유가 존중되고 금전적으로 부담없이 생활할 수 있는 비혼주의를 찬성하는 입장이고 1인가구로서 충분히 행복할 자신이 있습니다.#@문장구분#",
      "paragraph_len": 1002,
      "paragraph_id": "001"
    }
  ],
  "score": {
    "paragraph_score": [
      {
        "paragraph_scoreT": [
          3,
          2.4,
          2.8
        ],
        "paragraph_scoreT_detail": {
          "paragraph_scoreT_exp": [
            [
              3,
              3,
              3
            ],
            [
              2,
              3,
              2
            ],
            [
              2,
              3,
              3
            ]
          ]
        },
        "paragraph_scoreT_avg": 2.7333333,
        "paragraph_id": "001"
      }
    ],
    "essay_scoreT": [
      30,
      26.100002,
      29.4
    ],
    "essay_scoreT_avg": 28.5,
    "essay_scoreT_detail": {
      "essay_scoreT_org": [
        [
          3,
          0,
          3,
          3
        ],
        [
          3,
          0,
          2,
          3
        ],
        [
          3,
          0,
          3,
          3
        ]
      ],
      "essay_scoreT_cont": [
        [
          3,
          3,
          3,
          3
        ],
        [
          3,
          2,
          3,
          3
        ],
        [
          3,
          3,
          3,
          3
        ]
      ],
      "essay_scoreT_exp": [
        [
          3,
          3,
          3
        ],
        [
          2,
          3,
          2
        ],
        [
          2,
          3,
          3
        ]
      ]
    }
  },
  "student": {
    "date": "2021.12.13",
    "student_educated": true,
    "student_grade": "고등_1학년",
    "location": "063",
    "student_grade_group": "고등",
    "student_reading": 1
  },
  "rubric": {
    "essay_grade": "고등_1학년",
    "organization_weight": {
      "org_paragraph": 0,
      "org": 3,
      "org_essay": 6,
      "org_coherence": 3,
      "org_quantity": 1
    },
    "essay_type": "찬성반대",
    "content_weight": {
      "con_clearance": 3,
      "con_novelty": 3,
      "con": 4,
      "con_prompt": 1,
      "con_description": 3
    },
    "essay_main_subject": "비혼주의자에 대한 본인의 의견",
    "expression_weight": {
      "exp_style": 4,
      "exp_grammar": 2,
      "exp_vocab": 4,
      "exp": 3
    }
  },
  "correction": [],
  "info": {
    "essay_id": "ESSAY_71891",
    "essay_prompt": " \"\"연애는 필수, 결혼은 선택! 가슴이 뛰는 대로 가면 돼\"\".\n\n 유명한 유행가의 노래 가사처럼, 청년들에게 결혼은 이제 필수가 아닌 하나의 선택 사항입니다. 연애, 결혼, 출산을 포기한다는 의미의 '3포세대'라는 말이 나오기 무섭게 5포 세대, N포세대까지 등장할 정도로 취업난, 치솟는 부동산 가격 등 여러 사회·경제적 요인들로 청년층을 위축시켰습니다.\n\n 모두가 이러한 이유로 '결혼을 포기'하는 것만은 아닙니다. 개인의 행복을 위해 '비혼을 선택'하는 청년들도 늘고 있습니다. 이처럼 최근 전통적인 가치관에서 벗어나 연애와 동거는 하면서 결혼이라는 제도에 묶여 관계에서 파생되는 책임을 벗어나 자유로운 삶을 추구하는 비혼주의자가 늘고 있습니다.\n\n 다만, 개인의 자유로운 선택에 따라 비혼주의를 하지만 주변에서는 아직 고운 시선으로 바라보지 않는 사람도 많습니다. 결혼이라는 제도에 대해서 선택이 아닌 필수라고 생각하는 사람들도 많지요. 개개인이 모여 사회가 형성되기 때문에 사회의 가장 작은 단위인 가족을 이루는 것도 사회 구성원으로서의 큰 역할이라고 생각하는 사람들도 있습니다.\n\n 여러분은 결혼을 꼭 해야 한다고 생각하시나요? 아니면 결혼은 선택의 문제라고 생각하시나요? 비혼주의에 대해 찬성하는 입장 반대를 선택하여 자신의 의견을 작성해주세요. 그리고 그렇게 생각한 이유에 대해서 작성해주세요.",
    "essay_type": "찬성반대",
    "essay_level": "2",
    "essay_len": 782,
    "essay_main_subject": "비혼주의자에 대한 본인의 의견"
  }
}