{
  "paragraph": [
    {
      "paragraph_txt": "한국 사람이라면 남녀 상관없이 명절, 휴일에 가족, 친척끼리 모이게 되면 꼭 듣거나 들을 처지에 놓인 이야기가 있습니다.#@문장구분#바로 결혼 이야기입니다.결혼에 관해서 수많은 생각들이 있지만 나는 그중에서도 비혼주의에 대해서 말할려고 한다.#@문장구분#비혼주의는 말 그대로 결혼을 하지 않겠다는 주장을 가지는 것을 말합니다.#@문장구분#저는 이 비혼주의에 관해서 찬성합니다.#@문장구분#결혼하지 않는 비혼주의자들을 이해하지 못하는 사람들이 많습니다.#@문장구분#요즘 사람들은 점점 생각이 바뀌어서 비혼주의도 늘어가면서 비혼주의자들을 이해하지만 특히 옛날 사람들은 더욱 더 이해하지 못합니다.#@문장구분#마치 결혼을 하지 않는 것이 아니라 못하는 것이라면서 놀리는 사람들도 있습니다.#@문장구분#그사람들이 비혼주의자가 된 이유는 여러가지가 있을것이고 그들 또한 고심하여 결정한 것 일 것입니다.#@문장구분#그 어떠한 뜨거운 사랑도 세월 앞에는 무너져 사람들이 지치고 끝내 헤어지게 합니다.#@문장구분#물론 모두가 다 그런것은 아닙니다.#@문장구분# 결혼하여 행복하게 잘사는 사람들도 물론 많습니다.#@문장구분#그러나 모두가 결혼이라는 것을 하기 위해 누군가를 찾고 서로 노력해서 치열하게 맞춰 살아야 할 이유가 있을까요?#@문장구분#저는 없다고 생각합니다.#@문장구분#사람은 각자 다 다르고 자신의 생각이 있기 때문에 비혼을 생각하는 사람을 존중해주어야 한다고 생각합니다.#@문장구분#그리고 결혼을 해야된다는 파생적인 제도관념을 가지고 있는 사람들은 고정관념을 바꾸어야 됩니다.#@문장구분# 살아가다 보면 연애를 하는 것과 결혼을 하는 것은 큰 차이가 있다.#@문장구분#분연애와 달리 결혼은 법적으로 등록이 되기 때문에 부담이 되는 것이 사실입니다. #@문장구분#이렇게 이혼을 반복하는 것 보다 비혼주의자들 처럼 신중히 생각하고 연애만 하는 것이 나을 때도 있다고 느꼈습니다..#@문장구분#당장 주변 사람들만 봐도 그렇다.#@문장구분#결혼에 대한 생각이 아직 없다는 의견, 비혼이 나을 것 같다는 의견 등 결혼을 필수로 해야겠다고 생각하는 사람은 적었습니다.#@문장구분#많은 사람들의 의견을 보아도 결혼을 해야된다는 옛날과는 다르게 현재에는 생각이 바뀌고 있습니다.#@문장구분#위의 설명처럼 나는 비혼주의자에 대하여 찬성합니다.#@문장구분#",
      "paragraph_len": 1428,
      "paragraph_id": "001"
    }
  ],
  "score": {
    "paragraph_score": [
      {
        "paragraph_scoreT": [
          3,
          3,
          2.4
        ],
        "paragraph_scoreT_detail": {
          "paragraph_scoreT_exp": [
            [
              3,
              3,
              3
            ],
            [
              3,
              3,
              3
            ],
            [
              2,
              3,
              2
            ]
          ]
        },
        "paragraph_scoreT_avg": 2.8,
        "paragraph_id": "001"
      }
    ],
    "essay_scoreT": [
      30,
      30,
      24.5
    ],
    "essay_scoreT_avg": 28.166666,
    "essay_scoreT_detail": {
      "essay_scoreT_org": [
        [
          3,
          0,
          3,
          3
        ],
        [
          3,
          0,
          3,
          3
        ],
        [
          3,
          0,
          2,
          3
        ]
      ],
      "essay_scoreT_cont": [
        [
          3,
          3,
          3,
          3
        ],
        [
          3,
          3,
          3,
          3
        ],
        [
          2,
          2,
          2,
          3
        ]
      ],
      "essay_scoreT_exp": [
        [
          3,
          3,
          3
        ],
        [
          3,
          3,
          3
        ],
        [
          2,
          3,
          2
        ]
      ]
    }
  },
  "student": {
    "date": "2021.12.18",
    "student_educated": true,
    "student_grade": "고등_1학년",
    "location": "063",
    "student_grade_group": "고등",
    "student_reading": 2
  },
  "rubric": {
    "essay_grade": "고등_1학년",
    "organization_weight": {
      "org_paragraph": 0,
      "org": 3,
      "org_essay": 6,
      "org_coherence": 3,
      "org_quantity": 1
    },
    "essay_type": "찬성반대",
    "content_weight": {
      "con_clearance": 3,
      "con_novelty": 3,
      "con": 4,
      "con_prompt": 1,
      "con_description": 3
    },
    "essay_main_subject": "비혼주의자에 대한 본인의 의견",
    "expression_weight": {
      "exp_style": 4,
      "exp_grammar": 2,
      "exp_vocab": 4,
      "exp": 3
    }
  },
  "correction": [],
  "info": {
    "essay_id": "ESSAY_71367",
    "essay_prompt": " \"\"연애는 필수, 결혼은 선택! 가슴이 뛰는 대로 가면 돼\"\".\n\n 유명한 유행가의 노래 가사처럼, 청년들에게 결혼은 이제 필수가 아닌 하나의 선택 사항입니다. 연애, 결혼, 출산을 포기한다는 의미의 '3포세대'라는 말이 나오기 무섭게 5포 세대, N포세대까지 등장할 정도로 취업난, 치솟는 부동산 가격 등 여러 사회·경제적 요인들로 청년층을 위축시켰습니다.\n\n 모두가 이러한 이유로 '결혼을 포기'하는 것만은 아닙니다. 개인의 행복을 위해 '비혼을 선택'하는 청년들도 늘고 있습니다. 이처럼 최근 전통적인 가치관에서 벗어나 연애와 동거는 하면서 결혼이라는 제도에 묶여 관계에서 파생되는 책임을 벗어나 자유로운 삶을 추구하는 비혼주의자가 늘고 있습니다.\n\n 다만, 개인의 자유로운 선택에 따라 비혼주의를 하지만 주변에서는 아직 고운 시선으로 바라보지 않는 사람도 많습니다. 결혼이라는 제도에 대해서 선택이 아닌 필수라고 생각하는 사람들도 많지요. 개개인이 모여 사회가 형성되기 때문에 사회의 가장 작은 단위인 가족을 이루는 것도 사회 구성원으로서의 큰 역할이라고 생각하는 사람들도 있습니다.\n\n 여러분은 결혼을 꼭 해야 한다고 생각하시나요? 아니면 결혼은 선택의 문제라고 생각하시나요? 비혼주의에 대해 찬성하는 입장 반대를 선택하여 자신의 의견을 작성해주세요. 그리고 그렇게 생각한 이유에 대해서 작성해주세요.",
    "essay_type": "찬성반대",
    "essay_level": "2",
    "essay_len": 988,
    "essay_main_subject": "비혼주의자에 대한 본인의 의견"
  }
}