{
  "paragraph": [
    {
      "paragraph_txt": "현대사회를 넘어 탈현대사회를 살아가고 있는 현시대의 가장 대표적인 현상은 1인가구이다.#@문장구분# 현대사회로 넘어오면서 우리가 가장 보편적이고 절대성을 가지며 공동체다수의 지지를 가지던 사회형성의 틀이 탈현대사회가 되어가면서 보편적이고 다수의 지지에 기반하지 않는 지극히 개인주의적 사고와 생활양식이 사회 전반적인 분위기로 자리잡았다 이것의 대표적인 현상이 1인가구의 생활이 일반화 되고있는 것이다.#@문장구분# 1인가구가 늘어가면서 비혼주의가 늘고있는데 실제 비혼은 결혼을 하지않은 상태를 의미하는것이고 결혼을 하지않는 선택을 하는 사람들을 독신주의라고 한다.#@문장구분# 독신주의라고 표현하는 것이 적절하지도 않은 것은 어감에서 주는 것처럼 홀로독 몸신의 한자를 써서 말그대로 혼자의 삶을 선택한 사람들을 지칭하는 말인 반면 현대의 비혼은 혼자살겠다고 결심해서 1인가구가 되기보다는 가족으로 부터의 경제적 독립과 생활의 독립이 1인가구화 되어가는것이라 생각한다.#@문장구분# 이것은 반드시 자신의 선택에 의해서 독립이 되는 것이 아니라 지위적 환경적요인도 배제할수 없다고 생각한다.#@문장구분# 1인가구의 삶이 지속 되다보면 1인의 삶에 맞게 생활 패턴이 생기게 되고 굳이 가족을 형성하지 않더라도 자신의 삶이 존속될 수 있음과 동시에 그 삶에 익숙해져 가기 때문에 더더욱 결혼을 염두해두지 않게 된다고 생각한다.#@문장구분#  결혼을 책임과 의무라고 할 수는 없지만 이것은 사회와 국가가 존속되기 위해 반드시 필요한 것이다.#@문장구분# 비혼자들의 결정에 옮다 그르다는 비판적 의견보다는 비혼자들이 늘어나는 사회적 분위기를 파악하고  작은 국가라 할 수 있는 가정이 형성될 수 있도록 사회적 제도와 분위기를 형성하므로써 가정이 모여 사회를 이루고 사회가 곧 국민이 되어 국가를 이루듯 인류의 미래를 위해 비혼자들이 늘어나지 않도록 하는 사회적 노력이 필요하다고 생각한다.#@문장구분#",
      "paragraph_len": 1050,
      "paragraph_id": "001"
    }
  ],
  "score": {
    "paragraph_score": [
      {
        "paragraph_scoreT": [
          3,
          2.8,
          2.8
        ],
        "paragraph_scoreT_detail": {
          "paragraph_scoreT_exp": [
            [
              3,
              3,
              3
            ],
            [
              2,
              3,
              3
            ],
            [
              2,
              3,
              3
            ]
          ]
        },
        "paragraph_scoreT_avg": 2.8666668,
        "paragraph_id": "001"
      }
    ],
    "essay_scoreT": [
      30,
      28.2,
      29.4
    ],
    "essay_scoreT_avg": 29.199999,
    "essay_scoreT_detail": {
      "essay_scoreT_org": [
        [
          3,
          0,
          3,
          3
        ],
        [
          3,
          0,
          3,
          3
        ],
        [
          3,
          0,
          3,
          3
        ]
      ],
      "essay_scoreT_cont": [
        [
          3,
          3,
          3,
          3
        ],
        [
          2,
          3,
          3,
          3
        ],
        [
          3,
          3,
          3,
          3
        ]
      ],
      "essay_scoreT_exp": [
        [
          3,
          3,
          3
        ],
        [
          2,
          3,
          3
        ],
        [
          2,
          3,
          3
        ]
      ]
    }
  },
  "student": {
    "date": "2021.12.14",
    "student_educated": true,
    "student_grade": "고등_1학년",
    "location": "053",
    "student_grade_group": "고등",
    "student_reading": 2
  },
  "rubric": {
    "essay_grade": "고등_1학년",
    "organization_weight": {
      "org_paragraph": 0,
      "org": 3,
      "org_essay": 6,
      "org_coherence": 3,
      "org_quantity": 1
    },
    "essay_type": "찬성반대",
    "content_weight": {
      "con_clearance": 3,
      "con_novelty": 3,
      "con": 4,
      "con_prompt": 1,
      "con_description": 3
    },
    "essay_main_subject": "비혼주의자에 대한 본인의 의견",
    "expression_weight": {
      "exp_style": 4,
      "exp_grammar": 2,
      "exp_vocab": 4,
      "exp": 3
    }
  },
  "correction": [],
  "info": {
    "essay_id": "ESSAY_61625",
    "essay_prompt": " \"\"연애는 필수, 결혼은 선택! 가슴이 뛰는 대로 가면 돼\"\".\n\n 유명한 유행가의 노래 가사처럼, 청년들에게 결혼은 이제 필수가 아닌 하나의 선택 사항입니다. 연애, 결혼, 출산을 포기한다는 의미의 '3포세대'라는 말이 나오기 무섭게 5포 세대, N포세대까지 등장할 정도로 취업난, 치솟는 부동산 가격 등 여러 사회·경제적 요인들로 청년층을 위축시켰습니다.\n\n 모두가 이러한 이유로 '결혼을 포기'하는 것만은 아닙니다. 개인의 행복을 위해 '비혼을 선택'하는 청년들도 늘고 있습니다. 이처럼 최근 전통적인 가치관에서 벗어나 연애와 동거는 하면서 결혼이라는 제도에 묶여 관계에서 파생되는 책임을 벗어나 자유로운 삶을 추구하는 비혼주의자가 늘고 있습니다.\n\n 다만, 개인의 자유로운 선택에 따라 비혼주의를 하지만 주변에서는 아직 고운 시선으로 바라보지 않는 사람도 많습니다. 결혼이라는 제도에 대해서 선택이 아닌 필수라고 생각하는 사람들도 많지요. 개개인이 모여 사회가 형성되기 때문에 사회의 가장 작은 단위인 가족을 이루는 것도 사회 구성원으로서의 큰 역할이라고 생각하는 사람들도 있습니다.\n\n 여러분은 결혼을 꼭 해야 한다고 생각하시나요? 아니면 결혼은 선택의 문제라고 생각하시나요? 비혼주의에 대해 찬성하는 입장 반대를 선택하여 자신의 의견을 작성해주세요. 그리고 그렇게 생각한 이유에 대해서 작성해주세요.",
    "essay_type": "찬성반대",
    "essay_level": "2",
    "essay_len": 891,
    "essay_main_subject": "비혼주의자에 대한 본인의 의견"
  }
}