{
  "paragraph": [
    {
      "paragraph_txt": "과거에 결혼은 당연히 해야하는 것으로 치부되었다.#@문장구분#그 당시엔 남자가 일을 해서 돈을 벌어오고 여자가 집에서 아이를 돌보고 청소, 밥상 차리기 등 집안일을 하는것이 당연했기 때문이다.#@문장구분# 하지만 점차 시간이 지나고 세상이 조금씩 변화하면서 일을 하는 여자들이 많아졌고 커리어우먼이라는 신조어도 생겨났다#@문장구분#또 지금 생활도 좋지만 나 혼자 살면 내가 돈을 벌고 내 마음대로 쓰고 자유를 느낄 수 있다.\"라고 말씀하셨다.#@문장구분# 아빠의 의견은 \"솔직히 처음에는 힘들었다. 하지만 점점 살다 보니 결혼을 하지 않으면 외로울 것 같다는 생각을 했고 또 포기해야 하는 만큼 더 큰 기쁨과 행복이 오고 그 안에서 자유와 행복을 느끼면 된다.\"#@문장구분# 처음에는 혼란스러웠지만 계속 생각하다 보니 나의 의견은 반대이다.#@문장구분# 외로움을 많이 타서 항상 사람이 옆에 없으면 말수가 적어지고 웃을 일도 별로 없어진다.#@문장구분# 그리고 가족과 함께 살다가 나가면 더 외로울 것이다.#@문장구분# 이런 경우가 많다고 생각하고 부모님의 사이좋고 행복한 모습을 보면 하고 싶다는 생각이 들었다.#@문장구분# 위에 말한 엄마의 의견도 일리가 있지만 \"잃더라도 더 큰 행복이 찾아온다.\"라는 말이 더 와닿았다.#@문장구분# 인터넷에 찾아보면 비혼주의자라고 선언했던 이들이 결국 자신이 정말로 사랑하는 사람을 만나 결혼하고 행복한 삶을 살아가는 것을 보면 문득 '비혼주의자들이 아직 사랑하는 사람을 만나보지 못해서 그런 것이 아닐까? 정말로 사랑하는 사람을 만나도 결혼을 꿈꾸지 않을까?' 생각이 들고 비혼주의자들도 사람을 만나면서 충분히 바뀔 수 있다고 생각하고 나는 이 글을 쓰면서 사랑하는 사람을 만나 결혼을 하고 싶다는 생각이 든다.#@문장구분# 주제에 관심이 많아서 부모님과 함께 얘기해 본 적이 있다.#@문장구분#먼저 엄마의 의견은 \"결혼을 굳이 하지 않아도 될 것 같다.#@문장구분#결혼은 자신이 포기해야 하는 게 많다.여자라면 더욱더 많은 것을 포기해야 한다.#@문장구분#또 지금 생활도 좋지만 나 혼자 살면 내가 돈을 벌고 내 마음대로 쓰고 자유를 느낄 수 있다.\"라고 말씀하셨다.#@문장구분#아빠의 의견은 \"솔직히 처음에는 힘들었다.#@문장구분#",
      "paragraph_len": 1315,
      "paragraph_id": "001"
    }
  ],
  "score": {
    "paragraph_score": [
      {
        "paragraph_scoreT": [
          3,
          3,
          2.4
        ],
        "paragraph_scoreT_detail": {
          "paragraph_scoreT_exp": [
            [
              3,
              3,
              3
            ],
            [
              3,
              3,
              3
            ],
            [
              2,
              3,
              2
            ]
          ]
        },
        "paragraph_scoreT_avg": 2.8,
        "paragraph_id": "001"
      }
    ],
    "essay_scoreT": [
      30,
      25.400002,
      24.5
    ],
    "essay_scoreT_avg": 26.633333,
    "essay_scoreT_detail": {
      "essay_scoreT_org": [
        [
          3,
          0,
          3,
          3
        ],
        [
          2,
          0,
          3,
          3
        ],
        [
          3,
          0,
          2,
          3
        ]
      ],
      "essay_scoreT_cont": [
        [
          3,
          3,
          3,
          3
        ],
        [
          2,
          2,
          2,
          3
        ],
        [
          2,
          2,
          2,
          3
        ]
      ],
      "essay_scoreT_exp": [
        [
          3,
          3,
          3
        ],
        [
          3,
          3,
          3
        ],
        [
          2,
          3,
          2
        ]
      ]
    }
  },
  "student": {
    "date": "2021.12.15",
    "student_educated": true,
    "student_grade": "고등_1학년",
    "location": "063",
    "student_grade_group": "고등",
    "student_reading": 2
  },
  "rubric": {
    "essay_grade": "고등_1학년",
    "organization_weight": {
      "org_paragraph": 0,
      "org": 3,
      "org_essay": 6,
      "org_coherence": 3,
      "org_quantity": 1
    },
    "essay_type": "찬성반대",
    "content_weight": {
      "con_clearance": 3,
      "con_novelty": 3,
      "con": 4,
      "con_prompt": 1,
      "con_description": 3
    },
    "essay_main_subject": "비혼주의자에 대한 본인의 의견",
    "expression_weight": {
      "exp_style": 4,
      "exp_grammar": 2,
      "exp_vocab": 4,
      "exp": 3
    }
  },
  "correction": [],
  "info": {
    "essay_id": "ESSAY_71366",
    "essay_prompt": " \"\"연애는 필수, 결혼은 선택! 가슴이 뛰는 대로 가면 돼\"\".\n\n 유명한 유행가의 노래 가사처럼, 청년들에게 결혼은 이제 필수가 아닌 하나의 선택 사항입니다. 연애, 결혼, 출산을 포기한다는 의미의 '3포세대'라는 말이 나오기 무섭게 5포 세대, N포세대까지 등장할 정도로 취업난, 치솟는 부동산 가격 등 여러 사회·경제적 요인들로 청년층을 위축시켰습니다.\n\n 모두가 이러한 이유로 '결혼을 포기'하는 것만은 아닙니다. 개인의 행복을 위해 '비혼을 선택'하는 청년들도 늘고 있습니다. 이처럼 최근 전통적인 가치관에서 벗어나 연애와 동거는 하면서 결혼이라는 제도에 묶여 관계에서 파생되는 책임을 벗어나 자유로운 삶을 추구하는 비혼주의자가 늘고 있습니다.\n\n 다만, 개인의 자유로운 선택에 따라 비혼주의를 하지만 주변에서는 아직 고운 시선으로 바라보지 않는 사람도 많습니다. 결혼이라는 제도에 대해서 선택이 아닌 필수라고 생각하는 사람들도 많지요. 개개인이 모여 사회가 형성되기 때문에 사회의 가장 작은 단위인 가족을 이루는 것도 사회 구성원으로서의 큰 역할이라고 생각하는 사람들도 있습니다.\n\n 여러분은 결혼을 꼭 해야 한다고 생각하시나요? 아니면 결혼은 선택의 문제라고 생각하시나요? 비혼주의에 대해 찬성하는 입장 반대를 선택하여 자신의 의견을 작성해주세요. 그리고 그렇게 생각한 이유에 대해서 작성해주세요.",
    "essay_type": "찬성반대",
    "essay_level": "2",
    "essay_len": 995,
    "essay_main_subject": "비혼주의자에 대한 본인의 의견"
  }
}