{
  "paragraph": [
    {
      "paragraph_txt": "나는 비혼주의에 대해 찬성한다.#@문장구분# 비혼주의란 결혼을 안한다라는 말이다.#@문장구분# 우리는 21세기에 들어 자유를 추구하는 세대이다.#@문장구분# 결혼을 하든 말든 자신의 선택이기 때문에 존중을 해주어야 한다.#@문장구분# 하지만 난 비혼주의이다.#@문장구분# 여기서 우리는 비혼이 일어나는 이유를 알아보자.#@문장구분# 우선 '비혼주의'가 많이 퍼지게 된 까닭을 알아보자면 첫째. 여성들의 인권 상승이다.#@문장구분# 옛날의 한국은 가부장적인 사회 분위기를 띈 국가였다.#@문장구분# 하지만 2000년대에 들어와서부터 여성들의 인권이 상승하며 가부장적인 사회 분위기였던 한국은 남녀평등을 중요시하는 사회 분위기로 형성되었다.#@문장구분# 여성들의 인권이 상승함에 따라 당연히 여성들의 사회 활동 참여율이 증가하게 되고 사회활동 참여로 바빠진 많은 여성들이 굳이 결혼을 안해도 된다는 생각이 들게되고 또한 회사 같은 경우도 결혼을 해서 아이를 낳게 되어 육아 휴직을 쓰게 되면 다시 회사로 돌아 올 때 많이 힘들어 지기도 하고 많은 불편함을 겪게 되기 때문이다.#@문장구분# 둘째. 문화의 발달이다. #@문장구분#요즘 2000년대에는 많은 문화 생활이 발달되어 있다.#@문장구분# 그러므로 결혼을 하지않고 자유롭게 문화 생활을 즐기기 위하여 비혼주의가 퍼지게 된 것이다.#@문장구분# 만약에 결혼을 하면 자녀 양육에 대한 비용이 들고 여성을 출산을 하면 직장을 잃을 수도 있는 가능성이 매우 커서 결혼하면서 사용하는 비용이 더욱이 늘어나 가정이 파탄날 수 있다는 생각이 들기 때문이다..#@문장구분# 또다른 이유로 자유가 부족해지기 때문이다.#@문장구분# 자유가 부족해지면 자신이 어렸을 때부터 하고 싶은 것이 있었을텐데 결혼으로 인해 못 할 수도 있고 자유가 부족해지면 결혼 생활을 하는데 지장이 갈 수 있다고 생각하기 때문이다.#@문장구분# 마지막은 최근의 가치관 많이 변하였기 때문이다.#@문장구분# 과거의 가치관은 무조건 결혼을 해야한다는 생각이 자신을 얽매이게 만들었고 그것이 당연하다고 생각하지만 최근에 들어서 점점 여러가지 이유로 과거 가치관에 벗어나고 세상이 발달하면서 할 수있는 것이 많아지면서 자신이 하고싶어지는 가치관이 많아졌다고 생각한다.#@문장구분# 저의 생각을 정리해보자면 비혼수의를 찬성하는 이유는 옛날의 가치관에 비해 최근의 가치관은 좀 더 자유롭다고 생각하고 현대를 살아가기 위해 돈을 필수적이기 때문에 결혼을하면 돈이 더욱 많이 들어 결혼을 한 사람에게 부담이 되어 비혼수의를 찬성이다.#@문장구분#",
      "paragraph_len": 1502,
      "paragraph_id": "001"
    }
  ],
  "score": {
    "paragraph_score": [
      {
        "paragraph_scoreT": [
          2.4,
          2.4,
          2.8
        ],
        "paragraph_scoreT_detail": {
          "paragraph_scoreT_exp": [
            [
              2,
              2,
              3
            ],
            [
              2,
              3,
              2
            ],
            [
              2,
              3,
              3
            ]
          ]
        },
        "paragraph_scoreT_avg": 2.5333335,
        "paragraph_id": "001"
      }
    ],
    "essay_scoreT": [
      26.400002,
      26.100002,
      29.4
    ],
    "essay_scoreT_avg": 27.300001,
    "essay_scoreT_detail": {
      "essay_scoreT_org": [
        [
          2,
          0,
          3,
          3
        ],
        [
          3,
          0,
          2,
          3
        ],
        [
          3,
          0,
          3,
          3
        ]
      ],
      "essay_scoreT_cont": [
        [
          2,
          3,
          3,
          3
        ],
        [
          3,
          2,
          3,
          3
        ],
        [
          3,
          3,
          3,
          3
        ]
      ],
      "essay_scoreT_exp": [
        [
          2,
          3,
          3
        ],
        [
          2,
          3,
          2
        ],
        [
          2,
          3,
          3
        ]
      ]
    }
  },
  "student": {
    "date": "2021.12.17",
    "student_educated": true,
    "student_grade": "고등_1학년",
    "location": "063",
    "student_grade_group": "고등",
    "student_reading": 1
  },
  "rubric": {
    "essay_grade": "고등_1학년",
    "organization_weight": {
      "org_paragraph": 0,
      "org": 3,
      "org_essay": 6,
      "org_coherence": 3,
      "org_quantity": 1
    },
    "essay_type": "찬성반대",
    "content_weight": {
      "con_clearance": 3,
      "con_novelty": 3,
      "con": 4,
      "con_prompt": 1,
      "con_description": 3
    },
    "essay_main_subject": "비혼주의자에 대한 본인의 의견",
    "expression_weight": {
      "exp_style": 4,
      "exp_grammar": 2,
      "exp_vocab": 4,
      "exp": 3
    }
  },
  "correction": [],
  "info": {
    "essay_id": "ESSAY_71966",
    "essay_prompt": " \"\"연애는 필수, 결혼은 선택! 가슴이 뛰는 대로 가면 돼\"\".\n\n 유명한 유행가의 노래 가사처럼, 청년들에게 결혼은 이제 필수가 아닌 하나의 선택 사항입니다. 연애, 결혼, 출산을 포기한다는 의미의 '3포세대'라는 말이 나오기 무섭게 5포 세대, N포세대까지 등장할 정도로 취업난, 치솟는 부동산 가격 등 여러 사회·경제적 요인들로 청년층을 위축시켰습니다.\n\n 모두가 이러한 이유로 '결혼을 포기'하는 것만은 아닙니다. 개인의 행복을 위해 '비혼을 선택'하는 청년들도 늘고 있습니다. 이처럼 최근 전통적인 가치관에서 벗어나 연애와 동거는 하면서 결혼이라는 제도에 묶여 관계에서 파생되는 책임을 벗어나 자유로운 삶을 추구하는 비혼주의자가 늘고 있습니다.\n\n 다만, 개인의 자유로운 선택에 따라 비혼주의를 하지만 주변에서는 아직 고운 시선으로 바라보지 않는 사람도 많습니다. 결혼이라는 제도에 대해서 선택이 아닌 필수라고 생각하는 사람들도 많지요. 개개인이 모여 사회가 형성되기 때문에 사회의 가장 작은 단위인 가족을 이루는 것도 사회 구성원으로서의 큰 역할이라고 생각하는 사람들도 있습니다.\n\n 여러분은 결혼을 꼭 해야 한다고 생각하시나요? 아니면 결혼은 선택의 문제라고 생각하시나요? 비혼주의에 대해 찬성하는 입장 반대를 선택하여 자신의 의견을 작성해주세요. 그리고 그렇게 생각한 이유에 대해서 작성해주세요.",
    "essay_type": "찬성반대",
    "essay_level": "2",
    "essay_len": 1122,
    "essay_main_subject": "비혼주의자에 대한 본인의 의견"
  }
}