{
  "paragraph": [
    {
      "paragraph_txt": "비혼주의에 대하여 견해를 서술하기 전에 저는 비혼주의에 대하여 찬성합니다.#@문장구분# 현재 우리 사회에선 청년층부터 하여금 중년층, 노년층 다양한 연령별 계층이 살아가고 있습니다.#@문장구분# 이 중에서 청년층이 결혼을 하지 않고 나 혼자 살다가 때가 되면 죽겠다는 비혼주의 증가하고 있습니다.#@문장구분# 이로 인하여 이미 우리나라에서는 저출산 문제가 있었는데 비혼주의자가 급증하면서 저출산 문제가 심각해졌습니다.#@문장구분# 그렇지만 저는 비혼주의에 대하여 찬성합니다.#@문장구분# 왜냐하면 청년층이 결혼을 하지 않아서 저출산 문제가 심화된 것은 맞지만 요즘 청년들은 취업문제와 계속 오르는 집값 등 여러 가지의 이유로 결혼을 하고 싶었던 청년들 또한 막상 결혼을 하기란 쉽지 않아 포기하기 일쑤입니다.#@문장구분# 돈을 벌어야 애인과 함께 살아갈 신혼집을 장만할 수 있는데 요즘 시대에 서울대, 연세대, 고려대처럼 아무리 좋은 대학을 나와도 취업을 하기란 힘듭니다.#@문장구분# 그나마 좋은 대학교를 나와서 대기업에 취업하여 돈을 버는 청년들이 있지만 그에 비해 좋지 못한 대학을 나온 청년들은 취업을 하긴 어렵습니다.#@문장구분# 이러한 문제 때문에 매일매일 고민하며 스트레스 받는 것보다 차라리 결혼을 하지 않게 된다면 결혼을 하기 위해 필요했던 돈, 결혼 후 애인과 함께 살아가기 위해 신혼집을 장만하는데 필요한 돈, 자식을 양육하기 위해 필요한 돈 등 돈에 대한 고민뿐만 아니라 다양한 고민들을 하지 않아도 됩니다.#@문장구분# 이렇게 결혼을 하지 않으면 생활을 하면서 남는 돈을 가지고 평상시 가지고 싶었던 컴퓨터, 옷, 게임 등을 사고 부모님 용돈을 많이 보내주면서 자유롭게 자기 자신에게도 투자할 수 있는 기회가 많아지게 되는 이점이 있기 때문에 저는 비혼주의에 대하여 찬성합니다.#@문장구분#",
      "paragraph_len": 1033,
      "paragraph_id": "001"
    }
  ],
  "score": {
    "paragraph_score": [
      {
        "paragraph_scoreT": [
          3,
          3,
          3
        ],
        "paragraph_scoreT_detail": {
          "paragraph_scoreT_exp": [
            [
              3,
              3,
              3
            ],
            [
              3,
              3,
              3
            ],
            [
              3,
              3,
              3
            ]
          ]
        },
        "paragraph_scoreT_avg": 3,
        "paragraph_id": "001"
      }
    ],
    "essay_scoreT": [
      28.8,
      28.8,
      26.7
    ],
    "essay_scoreT_avg": 28.1,
    "essay_scoreT_detail": {
      "essay_scoreT_org": [
        [
          3,
          0,
          3,
          3
        ],
        [
          3,
          0,
          3,
          3
        ],
        [
          3,
          0,
          2,
          3
        ]
      ],
      "essay_scoreT_cont": [
        [
          3,
          2,
          3,
          3
        ],
        [
          3,
          2,
          3,
          3
        ],
        [
          3,
          2,
          3,
          2
        ]
      ],
      "essay_scoreT_exp": [
        [
          3,
          3,
          3
        ],
        [
          3,
          3,
          3
        ],
        [
          3,
          3,
          3
        ]
      ]
    }
  },
  "student": {
    "date": "2021.10.24",
    "student_educated": true,
    "student_grade": "고등_1학년",
    "location": "063",
    "student_grade_group": "고등",
    "student_reading": 1
  },
  "rubric": {
    "essay_grade": "고등_1학년",
    "organization_weight": {
      "org_paragraph": 0,
      "org": 3,
      "org_essay": 6,
      "org_coherence": 3,
      "org_quantity": 1
    },
    "essay_type": "찬성반대",
    "content_weight": {
      "con_clearance": 3,
      "con_novelty": 3,
      "con": 4,
      "con_prompt": 1,
      "con_description": 3
    },
    "essay_main_subject": "비혼주의자에 대한 본인의 의견",
    "expression_weight": {
      "exp_style": 4,
      "exp_grammar": 2,
      "exp_vocab": 4,
      "exp": 3
    }
  },
  "correction": [],
  "info": {
    "essay_id": "ESSAY_43914",
    "essay_prompt": " \"\"연애는 필수, 결혼은 선택! 가슴이 뛰는 대로 가면 돼\"\".\n\n 유명한 유행가의 노래 가사처럼, 청년들에게 결혼은 이제 필수가 아닌 하나의 선택 사항입니다. 연애, 결혼, 출산을 포기한다는 의미의 '3포세대'라는 말이 나오기 무섭게 5포 세대, N포세대까지 등장할 정도로 취업난, 치솟는 부동산 가격 등 여러 사회·경제적 요인들로 청년층을 위축시켰습니다.\n\n 모두가 이러한 이유로 '결혼을 포기'하는 것만은 아닙니다. 개인의 행복을 위해 '비혼을 선택'하는 청년들도 늘고 있습니다. 이처럼 최근 전통적인 가치관에서 벗어나 연애와 동거는 하면서 결혼이라는 제도에 묶여 관계에서 파생되는 책임을 벗어나 자유로운 삶을 추구하는 비혼주의자가 늘고 있습니다.\n\n 다만, 개인의 자유로운 선택에 따라 비혼주의를 하지만 주변에서는 아직 고운 시선으로 바라보지 않는 사람도 많습니다. 결혼이라는 제도에 대해서 선택이 아닌 필수라고 생각하는 사람들도 많지요. 개개인이 모여 사회가 형성되기 때문에 사회의 가장 작은 단위인 가족을 이루는 것도 사회 구성원으로서의 큰 역할이라고 생각하는 사람들도 있습니다.\n\n 여러분은 결혼을 꼭 해야 한다고 생각하시나요? 아니면 결혼은 선택의 문제라고 생각하시나요? 비혼주의에 대해 찬성하는 입장 반대를 선택하여 자신의 의견을 작성해주세요. 그리고 그렇게 생각한 이유에 대해서 작성해주세요.",
    "essay_type": "찬성반대",
    "essay_level": "2",
    "essay_len": 833,
    "essay_main_subject": "비혼주의자에 대한 본인의 의견"
  }
}