{
  "paragraph": [
    {
      "paragraph_txt": "비혼주의자란 결혼을 하지 않는 삶을 추구하는 사람들을 이르는 말이다.#@문장구분# 결혼이라는 제도를 법적으로 의무화 시킨 것도 아니기 때문에 찬성이나 반대를 할 것도 없다고 생각한다.#@문장구분# 하지만 지금 대한민국 사람들한테 가장 알맞은 말일 수 있는데 또한 사람마다 다르겠지만 현재 20, 30대에게는 결혼이 효도하는 것이라는 생각은 지운지 오래며 독신 생활로 얻는 편함이 결혼을 했을 때보다 얻는 편함이 많다고 생각하는 사람들이 많다.#@문장구분# 이유로는 혼자 살아도 생활에 불편함이 없는 환경이나 주변 요인들이 많기 때문이다.#@문장구분# 1인 간편 조리식이라든가 반려동물을 기르며 외로움을 달랜다든가 등 결혼을 하여 얻을 수 있는 장점은 충분히 대체가 가능해진 상황이다.#@문장구분# 위와 같은 문제점으로 나는 비혼주의에 대하여 찬성한다.#@문장구분# 나도 이러한 이유로 비혼주의자가 된 거 같다.#@문장구분# 게다가 가장 큰 문제라고 할 수 있는 경제적 문제까지 겹쳐져 대한민국에는 결혼을 하는걸 꺼려하는 현상이 나타나고 있다.#@문장구분# 자신 하나도 건사할 수 없는 상황인데 힘들게 가정까지 꾸려가며 힘들게 살 필요는 없다고 생각했기 때문이다.#@문장구분# 또 비정규직들이 양산되고 글로벌 경제까지 겹쳐 취직도 힘들어 경제 상황이 어려운데 결혼하여 신혼집을 마련하는게 버거운데도 결혼하여 집 값을 마련하고 자식을 낳는 경우에는 아이 양육비까지 겹쳐 결혼을 하지 않았을 때보다 힘들게 사는 삶은 결혼하지 않을 때의 삶보다 힘들지도 모른다.#@문장구분# 또한 남자들은 자신이 가장으로서 경제적으로 도움을 많이 주어야한다는 부담감 때문에 결혼을 피하려고 하고 있고 여자들은 돈을 벌어오면서 육아에도 신경써야하는 부담이나 시댁과의 껄끄러운 관계를 피하고 싶어 지금의 비혼주의가 생긴 것이다.#@문장구분# 비혼주의는 자신의 개인적인 생각이기 때문에 타인이  간섭해서는 안된다고 생각한다.#@문장구분# 그리고 아직까지도 결혼을 하면 부부 간에 지켜야 할 결혼생활의 의무나 책임을 져야 하는데, 결혼을 하지 않으면 심리적으로도 비교적 편하고 자유롭다.#@문장구분# 이러한 이유로 인해 나는 비혼주의에 대해 찬성하고 반대하는 사람들에게 나무랄 거 없다고 생각한다.#@문장구분# 순전히 자신의 자유이기 때문이니까.#@문장구분#",
      "paragraph_len": 1330,
      "paragraph_id": "001"
    }
  ],
  "score": {
    "paragraph_score": [
      {
        "paragraph_scoreT": [
          3,
          2.8,
          3
        ],
        "paragraph_scoreT_detail": {
          "paragraph_scoreT_exp": [
            [
              3,
              3,
              3
            ],
            [
              2,
              3,
              3
            ],
            [
              3,
              3,
              3
            ]
          ]
        },
        "paragraph_scoreT_avg": 2.9333334,
        "paragraph_id": "001"
      }
    ],
    "essay_scoreT": [
      30,
      27.3,
      30
    ],
    "essay_scoreT_avg": 29.1,
    "essay_scoreT_detail": {
      "essay_scoreT_org": [
        [
          3,
          0,
          3,
          3
        ],
        [
          3,
          0,
          2,
          3
        ],
        [
          3,
          0,
          3,
          3
        ]
      ],
      "essay_scoreT_cont": [
        [
          3,
          3,
          3,
          3
        ],
        [
          3,
          2,
          3,
          3
        ],
        [
          3,
          3,
          3,
          3
        ]
      ],
      "essay_scoreT_exp": [
        [
          3,
          3,
          3
        ],
        [
          2,
          3,
          3
        ],
        [
          3,
          3,
          3
        ]
      ]
    }
  },
  "student": {
    "date": "2021.12.16",
    "student_educated": true,
    "student_grade": "고등_1학년",
    "location": "063",
    "student_grade_group": "고등",
    "student_reading": 2
  },
  "rubric": {
    "essay_grade": "고등_1학년",
    "organization_weight": {
      "org_paragraph": 0,
      "org": 3,
      "org_essay": 6,
      "org_coherence": 3,
      "org_quantity": 1
    },
    "essay_type": "찬성반대",
    "content_weight": {
      "con_clearance": 3,
      "con_novelty": 3,
      "con": 4,
      "con_prompt": 1,
      "con_description": 3
    },
    "essay_main_subject": "비혼주의자에 대한 본인의 의견",
    "expression_weight": {
      "exp_style": 4,
      "exp_grammar": 2,
      "exp_vocab": 4,
      "exp": 3
    }
  },
  "correction": [],
  "info": {
    "essay_id": "ESSAY_65842",
    "essay_prompt": " \"\"연애는 필수, 결혼은 선택! 가슴이 뛰는 대로 가면 돼\"\".\n\n 유명한 유행가의 노래 가사처럼, 청년들에게 결혼은 이제 필수가 아닌 하나의 선택 사항입니다. 연애, 결혼, 출산을 포기한다는 의미의 '3포세대'라는 말이 나오기 무섭게 5포 세대, N포세대까지 등장할 정도로 취업난, 치솟는 부동산 가격 등 여러 사회·경제적 요인들로 청년층을 위축시켰습니다.\n\n 모두가 이러한 이유로 '결혼을 포기'하는 것만은 아닙니다. 개인의 행복을 위해 '비혼을 선택'하는 청년들도 늘고 있습니다. 이처럼 최근 전통적인 가치관에서 벗어나 연애와 동거는 하면서 결혼이라는 제도에 묶여 관계에서 파생되는 책임을 벗어나 자유로운 삶을 추구하는 비혼주의자가 늘고 있습니다.\n\n 다만, 개인의 자유로운 선택에 따라 비혼주의를 하지만 주변에서는 아직 고운 시선으로 바라보지 않는 사람도 많습니다. 결혼이라는 제도에 대해서 선택이 아닌 필수라고 생각하는 사람들도 많지요. 개개인이 모여 사회가 형성되기 때문에 사회의 가장 작은 단위인 가족을 이루는 것도 사회 구성원으로서의 큰 역할이라고 생각하는 사람들도 있습니다.\n\n 여러분은 결혼을 꼭 해야 한다고 생각하시나요? 아니면 결혼은 선택의 문제라고 생각하시나요? 비혼주의에 대해 찬성하는 입장 반대를 선택하여 자신의 의견을 작성해주세요. 그리고 그렇게 생각한 이유에 대해서 작성해주세요.",
    "essay_type": "찬성반대",
    "essay_level": "2",
    "essay_len": 1030,
    "essay_main_subject": "비혼주의자에 대한 본인의 의견"
  }
}