{
  "paragraph": [
    {
      "paragraph_txt": "최근 한 뉴스에서 20대 30대 사이에서 비혼주의에 대한 관심이 높다고 들었다.#@문장구분# 그것은 곧 우리나라의 저출생 현상이 갈수록 뚜렷해지면서 비혼주의는 단순히 자신의 결정일뿐만이 아닌 한 국가의 미래가 결정되는것이기도 하다고 한다.#@문장구분# 어느 국회의원은 본인의 출세도 좋지만 국가발전에도 기여해달라고 당부의 발언을 했다고 한다.#@문장구분# 비혼이 출생율로 이어지면서 여성들이 비혼을 선택하는 이유에 관심을 가져볼필요가 있다고 생각한다.#@문장구분# 가장큰 이유는 결혼은 곧 임신,출산,육아로 이어지면서 경력단절을 가져오기 때문이다.#@문장구분# 경력단절이 단순히 자아실현의 좌절 이라는 고상한 문제는 차처하더라도 육아를 위해 다시 취직을 하기 위한 여성들에겐 막막한 일이기 때문이다.#@문장구분# 비혼이 늘어나는 이유는 혼자살기도 버겁기 때문이기도 하다고 생각한다. #@문장구분#그러니 개인이 만족스럽고 행복하다고 느낄 사회를 만들어준다면 둘이 사는 세상..그리고 자녀를 낳아 셋이 사는 세상을 만들어갈 것이다.#@문장구분# 이런 환경을 조성하고 이뤄가는 것은 정부의 역할이 필요한 것이다.#@문장구분#요즘은 과거처럼 부계 중심적 사회에서 벗어나려고 하고있지만 아직도 부계 중심이기는 하다.#@문장구분# 가정경제의 부담역시 부계 중심적이던 것이 양측 모두가 공통부담의 방향으로 흘러가면서 여성들은 임신 출산 육아와 더불어 경제적 부담도 안게 되며서 육체적 정신적 사회적 고통이 가중되게 된다.#@문장구분# 이로인해 이들은 결국 결혼을 기피하게 될 수밖에 없는 것이다.#@문장구분# 나는 결혼이 강요 되어서는 안되지만 권장되어야 한다고 생각하고 권장하기 위해선 그 환경이 뒷받침 되어줘야한다고 생각한다.#@문장구분# 비혼주이자들에게 이기적이다 라고 할게 아니라 이들이 비혼을 선택하는 이유를 헤아리고 개선함으로 비혼주의자들이 스스로 결혼을 선택할 수 있는 국가 제도적 환경적 장치가 필요하다고 본다.#@문장구분#",
      "paragraph_len": 1148,
      "paragraph_id": "001"
    }
  ],
  "score": {
    "paragraph_score": [
      {
        "paragraph_scoreT": [
          2.8,
          3,
          3
        ],
        "paragraph_scoreT_detail": {
          "paragraph_scoreT_exp": [
            [
              2,
              3,
              3
            ],
            [
              3,
              3,
              3
            ],
            [
              3,
              3,
              3
            ]
          ]
        },
        "paragraph_scoreT_avg": 2.9333334,
        "paragraph_id": "001"
      }
    ],
    "essay_scoreT": [
      29.4,
      30,
      30
    ],
    "essay_scoreT_avg": 29.800001,
    "essay_scoreT_detail": {
      "essay_scoreT_org": [
        [
          3,
          0,
          3,
          3
        ],
        [
          3,
          0,
          3,
          3
        ],
        [
          3,
          0,
          3,
          3
        ]
      ],
      "essay_scoreT_cont": [
        [
          3,
          3,
          3,
          3
        ],
        [
          3,
          3,
          3,
          3
        ],
        [
          3,
          3,
          3,
          3
        ]
      ],
      "essay_scoreT_exp": [
        [
          2,
          3,
          3
        ],
        [
          3,
          3,
          3
        ],
        [
          3,
          3,
          3
        ]
      ]
    }
  },
  "student": {
    "date": "2021.12.14",
    "student_educated": true,
    "student_grade": "고등_1학년",
    "location": "053",
    "student_grade_group": "고등",
    "student_reading": 1
  },
  "rubric": {
    "essay_grade": "고등_1학년",
    "organization_weight": {
      "org_paragraph": 0,
      "org": 3,
      "org_essay": 6,
      "org_coherence": 3,
      "org_quantity": 1
    },
    "essay_type": "찬성반대",
    "content_weight": {
      "con_clearance": 3,
      "con_novelty": 3,
      "con": 4,
      "con_prompt": 1,
      "con_description": 3
    },
    "essay_main_subject": "비혼주의자에 대한 본인의 의견",
    "expression_weight": {
      "exp_style": 4,
      "exp_grammar": 2,
      "exp_vocab": 4,
      "exp": 3
    }
  },
  "correction": [],
  "info": {
    "essay_id": "ESSAY_61631",
    "essay_prompt": " \"\"연애는 필수, 결혼은 선택! 가슴이 뛰는 대로 가면 돼\"\".\n\n 유명한 유행가의 노래 가사처럼, 청년들에게 결혼은 이제 필수가 아닌 하나의 선택 사항입니다. 연애, 결혼, 출산을 포기한다는 의미의 '3포세대'라는 말이 나오기 무섭게 5포 세대, N포세대까지 등장할 정도로 취업난, 치솟는 부동산 가격 등 여러 사회·경제적 요인들로 청년층을 위축시켰습니다.\n\n 모두가 이러한 이유로 '결혼을 포기'하는 것만은 아닙니다. 개인의 행복을 위해 '비혼을 선택'하는 청년들도 늘고 있습니다. 이처럼 최근 전통적인 가치관에서 벗어나 연애와 동거는 하면서 결혼이라는 제도에 묶여 관계에서 파생되는 책임을 벗어나 자유로운 삶을 추구하는 비혼주의자가 늘고 있습니다.\n\n 다만, 개인의 자유로운 선택에 따라 비혼주의를 하지만 주변에서는 아직 고운 시선으로 바라보지 않는 사람도 많습니다. 결혼이라는 제도에 대해서 선택이 아닌 필수라고 생각하는 사람들도 많지요. 개개인이 모여 사회가 형성되기 때문에 사회의 가장 작은 단위인 가족을 이루는 것도 사회 구성원으로서의 큰 역할이라고 생각하는 사람들도 있습니다.\n\n 여러분은 결혼을 꼭 해야 한다고 생각하시나요? 아니면 결혼은 선택의 문제라고 생각하시나요? 비혼주의에 대해 찬성하는 입장 반대를 선택하여 자신의 의견을 작성해주세요. 그리고 그렇게 생각한 이유에 대해서 작성해주세요.",
    "essay_type": "찬성반대",
    "essay_level": "2",
    "essay_len": 869,
    "essay_main_subject": "비혼주의자에 대한 본인의 의견"
  }
}