{
  "paragraph": [
    {
      "paragraph_txt": "저는 비혼주의를 반대합니다.#@문장구분# 일단 저는 외로움을 많이탑니다.#@문장구분# 집에 혼자있는 시간은 너무나 지루하기도 하고 약간 서늘한 느낌도 듭니다.#@문장구분# 각자 티비를 보거나 휴대폰을 보고 있더라도 집 안에 혼자 있는것보다 가족들과 같이 있는 것이 훨씬 마음이 편안합니다.#@문장구분# 그리고 저는 아기도 너무 좋습니다.#@문장구분# 유치원 선생님이 되고 싶을만큼 조그만한 아기들이 인형같고 귀엽습니다.#@문장구분# 그래서 저는 사랑하는 사람과 결혼을 해서 저와 사랑하는 저의 배우자를 반반씩 꼭 빼닮은 예쁜 아기도 낳고 싶습니다.#@문장구분# 물론 살아가면서 기쁘고 즐거울 수 만은 없겠지만 힘든일이 있을때는 서로 위로해주고 기쁜일이 있을 때에는 함께 기뻐해주며, 다툼이 있더라도 서로의 입장에서 조금만 더 배려하고 이해해 주면 행복한 가정을 꾸릴 수 있을 것이라 생각됩니다.#@문장구분# 팔은 안쪽으로 굽듯이 남들보다 가족이 우선이 되어 무조건 적인 내 편이 되어줄 수 있는 가정을 꾸린다면 더할 나위 없이 행복할 것입니다.#@문장구분# 물론 결혼을 위해서는 집을 사기 위해 많은 돈이 필요할 것이고 금전적인 부담 때문에 비혼주의를 택하는 사람들도 많이 있을 것입니다.#@문장구분# 하지만 굳이 크고 좋은 집에서 자가로 살기를 원하기 보다는 작은 전셋집이라도 혹은 임대 주택이라 할 지라도 우리 가족이 행복하고 즐겁게 살 수만 있다면 큰 문제가 되지는 않을 것입니다.#@문장구분# 혼자 벌어 나 혼자의 즐거움을 위해 돈을 탕진하기 보다는 둘이 모여 가족을 위해 돈을 아끼고 절약한다면 추후에는 더 경제적으로 여유가 생길 수 있을것이라 생각되기 때문에 현재의 젊은 남녀들이 금전적인 부담감을 이유로 결혼을 꺼려하지는 않았으면 하는 생각입니다.#@문장구분# 서로 사랑하고 배려하는 마음을 가지고 따뜻한 가정을 꾸려서 경제적으로도 사회적으로도 더 발전하는 우리나라가 되었으면 좋겠습니다.#@문장구분#",
      "paragraph_len": 1128,
      "paragraph_id": "001"
    }
  ],
  "score": {
    "paragraph_score": [
      {
        "paragraph_scoreT": [
          3,
          2.8,
          2.8
        ],
        "paragraph_scoreT_detail": {
          "paragraph_scoreT_exp": [
            [
              3,
              3,
              3
            ],
            [
              2,
              3,
              3
            ],
            [
              2,
              3,
              3
            ]
          ]
        },
        "paragraph_scoreT_avg": 2.8666668,
        "paragraph_id": "001"
      }
    ],
    "essay_scoreT": [
      30,
      27.3,
      29.4
    ],
    "essay_scoreT_avg": 28.9,
    "essay_scoreT_detail": {
      "essay_scoreT_org": [
        [
          3,
          0,
          3,
          3
        ],
        [
          3,
          0,
          2,
          3
        ],
        [
          3,
          0,
          3,
          3
        ]
      ],
      "essay_scoreT_cont": [
        [
          3,
          3,
          3,
          3
        ],
        [
          3,
          2,
          3,
          3
        ],
        [
          3,
          3,
          3,
          3
        ]
      ],
      "essay_scoreT_exp": [
        [
          3,
          3,
          3
        ],
        [
          2,
          3,
          3
        ],
        [
          2,
          3,
          3
        ]
      ]
    }
  },
  "student": {
    "date": "2021.12.13",
    "student_educated": true,
    "student_grade": "고등_1학년",
    "location": "063",
    "student_grade_group": "고등",
    "student_reading": 2
  },
  "rubric": {
    "essay_grade": "고등_1학년",
    "organization_weight": {
      "org_paragraph": 0,
      "org": 3,
      "org_essay": 6,
      "org_coherence": 3,
      "org_quantity": 1
    },
    "essay_type": "찬성반대",
    "content_weight": {
      "con_clearance": 3,
      "con_novelty": 3,
      "con": 4,
      "con_prompt": 1,
      "con_description": 3
    },
    "essay_main_subject": "비혼주의자에 대한 본인의 의견",
    "expression_weight": {
      "exp_style": 4,
      "exp_grammar": 2,
      "exp_vocab": 4,
      "exp": 3
    }
  },
  "correction": [],
  "info": {
    "essay_id": "ESSAY_71902",
    "essay_prompt": " \"\"연애는 필수, 결혼은 선택! 가슴이 뛰는 대로 가면 돼\"\".\n\n 유명한 유행가의 노래 가사처럼, 청년들에게 결혼은 이제 필수가 아닌 하나의 선택 사항입니다. 연애, 결혼, 출산을 포기한다는 의미의 '3포세대'라는 말이 나오기 무섭게 5포 세대, N포세대까지 등장할 정도로 취업난, 치솟는 부동산 가격 등 여러 사회·경제적 요인들로 청년층을 위축시켰습니다.\n\n 모두가 이러한 이유로 '결혼을 포기'하는 것만은 아닙니다. 개인의 행복을 위해 '비혼을 선택'하는 청년들도 늘고 있습니다. 이처럼 최근 전통적인 가치관에서 벗어나 연애와 동거는 하면서 결혼이라는 제도에 묶여 관계에서 파생되는 책임을 벗어나 자유로운 삶을 추구하는 비혼주의자가 늘고 있습니다.\n\n 다만, 개인의 자유로운 선택에 따라 비혼주의를 하지만 주변에서는 아직 고운 시선으로 바라보지 않는 사람도 많습니다. 결혼이라는 제도에 대해서 선택이 아닌 필수라고 생각하는 사람들도 많지요. 개개인이 모여 사회가 형성되기 때문에 사회의 가장 작은 단위인 가족을 이루는 것도 사회 구성원으로서의 큰 역할이라고 생각하는 사람들도 있습니다.\n\n 여러분은 결혼을 꼭 해야 한다고 생각하시나요? 아니면 결혼은 선택의 문제라고 생각하시나요? 비혼주의에 대해 찬성하는 입장 반대를 선택하여 자신의 의견을 작성해주세요. 그리고 그렇게 생각한 이유에 대해서 작성해주세요.",
    "essay_type": "찬성반대",
    "essay_level": "2",
    "essay_len": 868,
    "essay_main_subject": "비혼주의자에 대한 본인의 의견"
  }
}