{
  "paragraph": [
    {
      "paragraph_txt": "결혼은 필수가 아닌 선택이라고 생각합니다.#@문장구분# 나의 인생은 내가 선택하고 결정하는 것이 내 인생의 주도권을 가진 사람이 아니겠습니까? #@문장구분#이말에 동의하지 않을 사람을 없을 것입니다.#@문장구분# 내가 필요하면 결혼을 선택하여 출산까지 하는 것이고 내가 비혼을 선택하면 그것에 대해 다른 사람들이 왈가불가 할수 없는 일이라는 것입니다.#@문장구분# 예전에는 결혼적령기가 지나서도 결혼을 하지 않거나 저는 독신으로  살고 싶다고 표현하면 주위 사람들의 걱정어린 시선과 걱정스런 잔소리를 계속 들어야 했지만 지금은 비혼선언이 하나의 문화로 존중받아지고 있는 실정입니다.#@문장구분# 그리고 1인 가구의 숫자가 계속 증가하면서 정부차원에서 1인 가정을 위한 주거형태가 만들어지기도 하고 소비문화도 1인 가구에 맞춘 소비 문화가 형성되어가고 있으니 이제 비혼주의가 이상하거나 특이한 상황으로 비춰지지 않는 다고 생각합니다.#@문장구분# 어떤 사람들은 나이들어서 혼자 늙어 죽을거냐 라고 걱정하면서 독거노인 고독사를 이야기 하지만 저는 생각이 다릅니다.#@문장구분# 비혼주의자들이 많아지고 1인 가구가 많아짐에 따라 이런 유형의 사람들끼리 모여서 공동체를 형성하고 서로 정서적 지지도 하면서 새로운 가족형태가 생길수도 있다고 보기 때문입니다.#@문장구분# 쉐어하우스라는 개념으로 사무실도 쉐어로 공동사용하고 집도 쉐어로 3-4명이 공동으로 사용하며 사는 형태가 새롭게 등장하고 있기 때문에 결혼이 아닌 동거의 개념으로 남녀가 지내는 모습도 많이 생기게 될것입니다.#@문장구분# 유럽이나 미국에서 연예인들만 봐도 동거를 하며 아이까지 낳았지만 결혼은 하지 않고 그냥 동거관계로 지내다가 헤어지기지도 하는 사람을 볼수 있습니다.#@문장구분# 동거하며 아이는 낳지만 결혼은 거부하는 사람들도 존재합니다.#@문장구분# 우리나라도 이제 이런 문화의 형태로 변화되고 있는 것이 아닐까요?#@문장구분# 이런 새로운 문화를 우리가 받아들여야 되며 그들의 독특함을 이상하게 보지말고 그들의 새로운 형태로 받아들이면 갈들이 발생하지 않고 더 좋을 것같습니다.#@문장구분# 저는 비혼주의는 자기선택권이며 새로운 문화형태로 인정받아야 한다고 생각합니다.#@문장구분#",
      "paragraph_len": 1274,
      "paragraph_id": "001"
    }
  ],
  "score": {
    "paragraph_score": [
      {
        "paragraph_scoreT": [
          3,
          2.4,
          3
        ],
        "paragraph_scoreT_detail": {
          "paragraph_scoreT_exp": [
            [
              3,
              3,
              3
            ],
            [
              2,
              3,
              2
            ],
            [
              3,
              3,
              3
            ]
          ]
        },
        "paragraph_scoreT_avg": 2.8,
        "paragraph_id": "001"
      }
    ],
    "essay_scoreT": [
      28.8,
      27.300001,
      30
    ],
    "essay_scoreT_avg": 28.699999,
    "essay_scoreT_detail": {
      "essay_scoreT_org": [
        [
          3,
          0,
          3,
          3
        ],
        [
          3,
          0,
          2,
          3
        ],
        [
          3,
          0,
          3,
          3
        ]
      ],
      "essay_scoreT_cont": [
        [
          2,
          3,
          3,
          3
        ],
        [
          3,
          3,
          3,
          3
        ],
        [
          3,
          3,
          3,
          3
        ]
      ],
      "essay_scoreT_exp": [
        [
          3,
          3,
          3
        ],
        [
          2,
          3,
          2
        ],
        [
          3,
          3,
          3
        ]
      ]
    }
  },
  "student": {
    "date": "2021.12.03",
    "student_educated": true,
    "student_grade": "고등_1학년",
    "location": "063",
    "student_grade_group": "고등",
    "student_reading": 1
  },
  "rubric": {
    "essay_grade": "고등_1학년",
    "organization_weight": {
      "org_paragraph": 0,
      "org": 3,
      "org_essay": 6,
      "org_coherence": 3,
      "org_quantity": 1
    },
    "essay_type": "찬성반대",
    "content_weight": {
      "con_clearance": 3,
      "con_novelty": 3,
      "con": 4,
      "con_prompt": 1,
      "con_description": 3
    },
    "essay_main_subject": "비혼주의자에 대한 본인의 의견",
    "expression_weight": {
      "exp_style": 4,
      "exp_grammar": 2,
      "exp_vocab": 4,
      "exp": 3
    }
  },
  "correction": [],
  "info": {
    "essay_id": "ESSAY_53644",
    "essay_prompt": " \"\"연애는 필수, 결혼은 선택! 가슴이 뛰는 대로 가면 돼\"\".\n\n 유명한 유행가의 노래 가사처럼, 청년들에게 결혼은 이제 필수가 아닌 하나의 선택 사항입니다. 연애, 결혼, 출산을 포기한다는 의미의 '3포세대'라는 말이 나오기 무섭게 5포 세대, N포세대까지 등장할 정도로 취업난, 치솟는 부동산 가격 등 여러 사회·경제적 요인들로 청년층을 위축시켰습니다.\n\n 모두가 이러한 이유로 '결혼을 포기'하는 것만은 아닙니다. 개인의 행복을 위해 '비혼을 선택'하는 청년들도 늘고 있습니다. 이처럼 최근 전통적인 가치관에서 벗어나 연애와 동거는 하면서 결혼이라는 제도에 묶여 관계에서 파생되는 책임을 벗어나 자유로운 삶을 추구하는 비혼주의자가 늘고 있습니다.\n\n 다만, 개인의 자유로운 선택에 따라 비혼주의를 하지만 주변에서는 아직 고운 시선으로 바라보지 않는 사람도 많습니다. 결혼이라는 제도에 대해서 선택이 아닌 필수라고 생각하는 사람들도 많지요. 개개인이 모여 사회가 형성되기 때문에 사회의 가장 작은 단위인 가족을 이루는 것도 사회 구성원으로서의 큰 역할이라고 생각하는 사람들도 있습니다.\n\n 여러분은 결혼을 꼭 해야 한다고 생각하시나요? 아니면 결혼은 선택의 문제라고 생각하시나요? 비혼주의에 대해 찬성하는 입장 반대를 선택하여 자신의 의견을 작성해주세요. 그리고 그렇게 생각한 이유에 대해서 작성해주세요.",
    "essay_type": "찬성반대",
    "essay_level": "2",
    "essay_len": 994,
    "essay_main_subject": "비혼주의자에 대한 본인의 의견"
  }
}