{
  "paragraph": [
    {
      "paragraph_txt": "비혼주의자란 '결혼은 필수가 아니라, 선택이라고 생각하는 이' 를 일컫는 말이다.#@문장구분# \n 인터넷에서 보이는 비혼주의자들의 의견이 합리적인 것 같아 난 비혼주의자에 대해 찬성이다.#@문장구분# 비혼주의자에 대해 내가 찬성하는 이유는 2가지를 들수 있는데, 그것은 경제적 능력과 삶의 질이다.#@문장구분#\n   첫번째로 경제적 능력이다.#@문장구분# 경제적 능력이 되지 못한다면 가족을 이루고 살아가는 것이  쉽지 않다.#@문장구분# 먼저 결혼준비를 위한 경제적 부담이다.#@문장구분# 결혼을 하는 데는 결혼식, 신혼여행, 주택과 혼수가전 등이 필요한데, 2021년에 결혼정보회사 '듀오'의 평균 결혼비용에 대한 통계를 보면 앞서 언급한 것들을 합친 평균 결혼비용은 2억 3618만원이라 한다.#@문장구분#  결혼을 하는 연령은 거의 20~30대 이다.#@문장구분# 이들은 경제적 능력이 안되어 내 집 마련 하나도 벅찬데 어떻게 결혼자금을 댈 수 있겠는가?#@문장구분# 이로 생긴 부담들로 결혼을 먼저 꺼려하는 것 같다.#@문장구분# \n그 다음으로는 자녀 양육비이다.#@문장구분# 2013년한국경제TV가 보도한 내용으로, 보건복지부와 한국보건사회연구원이 발표한 '전국 결혼 및 출산동향조사'와 '전국 출산력 및가족보건복지실태조사' 결과에 따르면, 자녀 1인당 대학졸업까지 총 3억 896만 4000원의 양육비가 들어간다 한다.#@문장구분# 자녀 한 명에도 이만큼의 양육비가 들어가니, 결혼에는 심각한 고민이 따른다.#@문장구분#\n  두번째로는 삶의 질이다.#@문장구분# 가족을 이루면 가족과 함께 보내는 시간이 많아질텐데, 그러면 본인의 자유에 제한이 생긴다.#@문장구분# 본인 혼자가 아닌 가족을 부양하기 위해 열심히 일하고 돈을 벌어야하니, 자신의 여가생활의 시간은 굉장히 적어진다.#@문장구분# 자신이 즐겨왔던 취미도 할 시간이 적게 될 것이니, 얼마나 재미없겠는가?#@문장구분#\n  앞서 언급한 두 가지의 이유 말고도  개인적인 이유 등, 비혼주의자의 이유는 많을 것이다.#@문장구분#  비혼주의자가 되는 것은 자신의 선택이고, 이에 반대하는 것은  생각되기에 비혼주의자에 대해 찬성한다.#@문장구분#",
      "paragraph_len": 1318,
      "paragraph_id": "001"
    }
  ],
  "score": {
    "paragraph_score": [
      {
        "paragraph_scoreT": [
          3,
          3,
          2.8
        ],
        "paragraph_scoreT_detail": {
          "paragraph_scoreT_exp": [
            [
              3,
              3,
              3
            ],
            [
              3,
              3,
              3
            ],
            [
              2,
              3,
              3
            ]
          ]
        },
        "paragraph_scoreT_avg": 2.9333334,
        "paragraph_id": "001"
      }
    ],
    "essay_scoreT": [
      30,
      28.1,
      27.5
    ],
    "essay_scoreT_avg": 28.533333,
    "essay_scoreT_detail": {
      "essay_scoreT_org": [
        [
          3,
          0,
          3,
          3
        ],
        [
          3,
          0,
          3,
          2
        ],
        [
          3,
          0,
          3,
          2
        ]
      ],
      "essay_scoreT_cont": [
        [
          3,
          3,
          3,
          3
        ],
        [
          3,
          2,
          2,
          3
        ],
        [
          3,
          2,
          2,
          3
        ]
      ],
      "essay_scoreT_exp": [
        [
          3,
          3,
          3
        ],
        [
          3,
          3,
          3
        ],
        [
          2,
          3,
          3
        ]
      ]
    }
  },
  "student": {
    "date": "2021.09.02",
    "student_educated": true,
    "student_grade": "고등_1학년",
    "location": "051",
    "student_grade_group": "고등",
    "student_reading": 2
  },
  "rubric": {
    "essay_grade": "고등_1학년",
    "organization_weight": {
      "org_paragraph": 0,
      "org": 3,
      "org_essay": 6,
      "org_coherence": 3,
      "org_quantity": 1
    },
    "essay_type": "찬성반대",
    "content_weight": {
      "con_clearance": 3,
      "con_novelty": 3,
      "con": 4,
      "con_prompt": 1,
      "con_description": 3
    },
    "essay_main_subject": "비혼주의자에 대한 본인의 의견",
    "expression_weight": {
      "exp_style": 4,
      "exp_grammar": 2,
      "exp_vocab": 4,
      "exp": 3
    }
  },
  "correction": [],
  "info": {
    "essay_id": "ESSAY_34043",
    "essay_prompt": " \"\"연애는 필수, 결혼은 선택! 가슴이 뛰는 대로 가면 돼\"\".\n\n 유명한 유행가의 노래 가사처럼, 청년들에게 결혼은 이제 필수가 아닌 하나의 선택 사항입니다. 연애, 결혼, 출산을 포기한다는 의미의 '3포세대'라는 말이 나오기 무섭게 5포 세대, N포세대까지 등장할 정도로 취업난, 치솟는 부동산 가격 등 여러 사회·경제적 요인들로 청년층을 위축시켰습니다.\n\n 모두가 이러한 이유로 '결혼을 포기'하는 것만은 아닙니다. 개인의 행복을 위해 '비혼을 선택'하는 청년들도 늘고 있습니다. 이처럼 최근 전통적인 가치관에서 벗어나 연애와 동거는 하면서 결혼이라는 제도에 묶여 관계에서 파생되는 책임을 벗어나 자유로운 삶을 추구하는 비혼주의자가 늘고 있습니다.\n\n 다만, 개인의 자유로운 선택에 따라 비혼주의를 하지만 주변에서는 아직 고운 시선으로 바라보지 않는 사람도 많습니다. 결혼이라는 제도에 대해서 선택이 아닌 필수라고 생각하는 사람들도 많지요. 개개인이 모여 사회가 형성되기 때문에 사회의 가장 작은 단위인 가족을 이루는 것도 사회 구성원으로서의 큰 역할이라고 생각하는 사람들도 있습니다.\n\n 여러분은 결혼을 꼭 해야 한다고 생각하시나요? 아니면 결혼은 선택의 문제라고 생각하시나요? 비혼주의에 대해 찬성하는 입장 반대를 선택하여 자신의 의견을 작성해주세요. 그리고 그렇게 생각한 이유에 대해서 작성해주세요.",
    "essay_type": "찬성반대",
    "essay_level": "2",
    "essay_len": 938,
    "essay_main_subject": "비혼주의자에 대한 본인의 의견"
  }
}