{
  "paragraph": [
    {
      "paragraph_txt": "나는 결혼은 선택의 문제라고 생각한다.#@문장구분# 즉, 비혼주의에 찬성하는 바이다.#@문장구분# 결혼을 하면 서로 다른 사람이 만나 가정을 이루어 책임을 져야 한다.#@문장구분#하지만 취업부터 내 집 마련까지, 어느 것 하나 쉬운 게 없는 이 사회에서 내 가정을 꾸리고 그 책임을 필수적으로 져야 한다는 생각은 이 사회와 맞지 않는 정서라고 생각하기 때문이다.#@문장구분# 남성들은 직장생활에, 가정생활까지 병행하기 힘들어서, 그 책임이 부담으로 다가와서 결혼을 포기하려는 사람이 많아지는 게 현실이다. 반면에, 여성이 대학에 진학하는 비율은 높아지고 직장을 갖는 비율도 덩달아 높아졌다. #@문장구분#그래서 옛날의 흔한 인식과 달리 남성에게 기대지 않아도 충분히 괜찮게 살 수 있다는 인식이 생긴 것도 하나의 요인이라고 생각한다.#@문장구분# 남여를 불문하고 스스로의 삶을 더 중요하게 여기고 자아실현에 집중을 하는 사회분위기가 형성되면서 더더욱 비혼주의나 선택적 결혼을 하는 사람이 생긴다고 생각한다.#@문장구분# 가족에 대한 가치관도 베이비 붐 세대와 밀레니얼 세대 간의 차이가 있어 이러한 문제에 대해 찬/반이 갈리는 것 같다. #@문장구분#가족이라는 결속력이 점점 약해지는 모습을 보인다는 것이다. #@문장구분#그런 모습을 띠어온 세대가, 그 가정을 주체적으로 꾸릴 청년들인데 그 책임에 대해 부담을 느낀다면 결혼적령기라는 말을 써가며 압박감을 느낄 필요에 대해 의문이 생긴다.#@문장구분# 만약 결혼을 선택적으로 한다는 사회 분위기가 저출산으로 이어지고 결국 사회의 문제를 안겨준다면 근본적인 문제를 고쳐야 할 필요가 있다.#@문장구분# 청년들이 당장 어려워하는 부분에 대해 정책을 펼침으로써 자연스럽게 결혼을 추구하는 분위기가 형성된다면 너무나 건강한 방식이라고 생각한다.#@문장구분# 하지만 그런 것이 없이 무작정 청년들에게 결혼을 필수적으로 해야한다고 밀어부치는 것은 오히려 결혼에 대해서 부정적으로 보는 시각이 늘어나지 않을까.#@문장구분#",
      "paragraph_len": 1154,
      "paragraph_id": "001"
    }
  ],
  "score": {
    "paragraph_score": [
      {
        "paragraph_scoreT": [
          2.4,
          2,
          2
        ],
        "paragraph_scoreT_detail": {
          "paragraph_scoreT_exp": [
            [
              2,
              2,
              3
            ],
            [
              2,
              2,
              2
            ],
            [
              2,
              2,
              2
            ]
          ]
        },
        "paragraph_scoreT_avg": 2.1333334,
        "paragraph_id": "001"
      }
    ],
    "essay_scoreT": [
      27,
      21.5,
      22.699999
    ],
    "essay_scoreT_avg": 23.733332,
    "essay_scoreT_detail": {
      "essay_scoreT_org": [
        [
          3,
          0,
          3,
          3
        ],
        [
          2,
          0,
          2,
          3
        ],
        [
          2,
          0,
          2,
          3
        ]
      ],
      "essay_scoreT_cont": [
        [
          3,
          2,
          3,
          3
        ],
        [
          3,
          2,
          2,
          2
        ],
        [
          3,
          2,
          2,
          3
        ]
      ],
      "essay_scoreT_exp": [
        [
          2,
          2,
          3
        ],
        [
          2,
          2,
          2
        ],
        [
          2,
          2,
          2
        ]
      ]
    }
  },
  "student": {
    "date": "2021.12.20",
    "student_educated": true,
    "student_grade": "고등_1학년",
    "location": "063",
    "student_grade_group": "고등",
    "student_reading": 2
  },
  "rubric": {
    "essay_grade": "고등_1학년",
    "organization_weight": {
      "org_paragraph": 0,
      "org": 3,
      "org_essay": 6,
      "org_coherence": 3,
      "org_quantity": 1
    },
    "essay_type": "찬성반대",
    "content_weight": {
      "con_clearance": 3,
      "con_novelty": 3,
      "con": 4,
      "con_prompt": 1,
      "con_description": 3
    },
    "essay_main_subject": "비혼주의자에 대한 본인의 의견",
    "expression_weight": {
      "exp_style": 4,
      "exp_grammar": 2,
      "exp_vocab": 4,
      "exp": 3
    }
  },
  "correction": [],
  "info": {
    "essay_id": "ESSAY_76557",
    "essay_prompt": " \"\"연애는 필수, 결혼은 선택! 가슴이 뛰는 대로 가면 돼\"\".\n\n 유명한 유행가의 노래 가사처럼, 청년들에게 결혼은 이제 필수가 아닌 하나의 선택 사항입니다. 연애, 결혼, 출산을 포기한다는 의미의 '3포세대'라는 말이 나오기 무섭게 5포 세대, N포세대까지 등장할 정도로 취업난, 치솟는 부동산 가격 등 여러 사회·경제적 요인들로 청년층을 위축시켰습니다.\n\n 모두가 이러한 이유로 '결혼을 포기'하는 것만은 아닙니다. 개인의 행복을 위해 '비혼을 선택'하는 청년들도 늘고 있습니다. 이처럼 최근 전통적인 가치관에서 벗어나 연애와 동거는 하면서 결혼이라는 제도에 묶여 관계에서 파생되는 책임을 벗어나 자유로운 삶을 추구하는 비혼주의자가 늘고 있습니다.\n\n 다만, 개인의 자유로운 선택에 따라 비혼주의를 하지만 주변에서는 아직 고운 시선으로 바라보지 않는 사람도 많습니다. 결혼이라는 제도에 대해서 선택이 아닌 필수라고 생각하는 사람들도 많지요. 개개인이 모여 사회가 형성되기 때문에 사회의 가장 작은 단위인 가족을 이루는 것도 사회 구성원으로서의 큰 역할이라고 생각하는 사람들도 있습니다.\n\n 여러분은 결혼을 꼭 해야 한다고 생각하시나요? 아니면 결혼은 선택의 문제라고 생각하시나요? 비혼주의에 대해 찬성하는 입장 반대를 선택하여 자신의 의견을 작성해주세요. 그리고 그렇게 생각한 이유에 대해서 작성해주세요.",
    "essay_type": "찬성반대",
    "essay_level": "2",
    "essay_len": 895,
    "essay_main_subject": "비혼주의자에 대한 본인의 의견"
  }
}