{
  "paragraph": [
    {
      "paragraph_txt": "비혼에는 개인에 따라 다양한 이유, 사연이 있겠지만 결혼이나 억압, 제도, 규범 등이 체질적으로 맞지 않는 사람, 개인주의와 인권의식 향상, 권리에 대한 정보를 쉽게 접하게 된 것, 과거 농경사회나 가부장제 시대, 전체주의 문화와는 달리 한쪽이 상대방에게 갑질을 하면 참지 않는 것 등 다양한 원인이 있다.#@문장구분# 독신생활의 편의성도 존재한다.#@문장구분# 독신의 장점을 살펴보자.#@문장구분# 일단 매우 자유로워진다.#@문장구분# 말 그대로 내 인생에 누군가를 끌어 들이지 않았기 때문에 아무도 간섭하는 사람이 없고 내 마음대로 자체적인 생활과 소비를 영위할 수 있으며, 무엇보다 혼자 사는 만큼 근본적으로 책임질 일 자체가 줄어든다. #@문장구분#특히 가난 및 불안정한 수입 문제와 개인의 자유를 중시하는 젊은층들이 많아지고 있는 것도 영향을 미친다.#@문장구분# 자신만의 취미·여가를 많이 즐길 수 있게 되어 무엇을 하든 나의 재산·시간·권리가 억압받지 않고 오롯이 나의 것이 되는 점이 최대의 메리트다.#@문장구분# 또한 육아스트레스에서 벗어나게 된다.#@문장구분# 육아 스트레스라는 건 자신의 인생을 깎아서 아이에게 바치는 행위라고 여겨질 정도로 압도적이다. #@문장구분#경제적 능력과 상관없이 출산, 육아, 교육은 절대 쉽지 않다.#@문장구분# 설사 경제적 능력이 있어도 어려운데, 경제적 능력이 없다면 더더욱 힘들다.#@문장구분# 올바른 인격체 하나를 키워낸다는게 경제적 능력만으로도 해결되는 것이 아니다.#@문장구분# 부모의 행동에 따라 자식도 변화하기에 부모의 행동마다 자식에게 치명적으로 다가올 수 있다.#@문장구분#그러므로 독신을 선택하게되면 이러한 스트레스에서 해방되게 된다. #@문장구분#독신을 하는것에는 다양한 장점과 일어나는 이유가 있다.#@문장구분#  앞에서 말했듯 독신을 하는 것에는 개인의 자유이다. #@문장구분#무조건 결혼을 해야한다는 생각은 변화하지 않는 옛 생각이다.#@문장구분# 자신의 권리와 상황을 생각하며 독신을 선택하기 때문에 존중을 해주어야 한다.#@문장구분# 그래서 나는 비혼주의다.#@문장구분# 자유롭게 살고싶기때문에#@문장구분#",
      "paragraph_len": 1315,
      "paragraph_id": "001"
    }
  ],
  "score": {
    "paragraph_score": [
      {
        "paragraph_scoreT": [
          2.8,
          2.4,
          2.8
        ],
        "paragraph_scoreT_detail": {
          "paragraph_scoreT_exp": [
            [
              2,
              3,
              3
            ],
            [
              2,
              3,
              2
            ],
            [
              2,
              3,
              3
            ]
          ]
        },
        "paragraph_scoreT_avg": 2.6666667,
        "paragraph_id": "001"
      }
    ],
    "essay_scoreT": [
      28.2,
      26.100002,
      29.4
    ],
    "essay_scoreT_avg": 27.900002,
    "essay_scoreT_detail": {
      "essay_scoreT_org": [
        [
          3,
          0,
          3,
          3
        ],
        [
          3,
          0,
          2,
          3
        ],
        [
          3,
          0,
          3,
          3
        ]
      ],
      "essay_scoreT_cont": [
        [
          2,
          3,
          3,
          3
        ],
        [
          3,
          2,
          3,
          3
        ],
        [
          3,
          3,
          3,
          3
        ]
      ],
      "essay_scoreT_exp": [
        [
          2,
          3,
          3
        ],
        [
          2,
          3,
          2
        ],
        [
          2,
          3,
          3
        ]
      ]
    }
  },
  "student": {
    "date": "2021.12.17",
    "student_educated": true,
    "student_grade": "고등_1학년",
    "location": "063",
    "student_grade_group": "고등",
    "student_reading": 2
  },
  "rubric": {
    "essay_grade": "고등_1학년",
    "organization_weight": {
      "org_paragraph": 0,
      "org": 3,
      "org_essay": 6,
      "org_coherence": 3,
      "org_quantity": 1
    },
    "essay_type": "찬성반대",
    "content_weight": {
      "con_clearance": 3,
      "con_novelty": 3,
      "con": 4,
      "con_prompt": 1,
      "con_description": 3
    },
    "essay_main_subject": "비혼주의자에 대한 본인의 의견",
    "expression_weight": {
      "exp_style": 4,
      "exp_grammar": 2,
      "exp_vocab": 4,
      "exp": 3
    }
  },
  "correction": [],
  "info": {
    "essay_id": "ESSAY_71964",
    "essay_prompt": " \"\"연애는 필수, 결혼은 선택! 가슴이 뛰는 대로 가면 돼\"\".\n\n 유명한 유행가의 노래 가사처럼, 청년들에게 결혼은 이제 필수가 아닌 하나의 선택 사항입니다. 연애, 결혼, 출산을 포기한다는 의미의 '3포세대'라는 말이 나오기 무섭게 5포 세대, N포세대까지 등장할 정도로 취업난, 치솟는 부동산 가격 등 여러 사회·경제적 요인들로 청년층을 위축시켰습니다.\n\n 모두가 이러한 이유로 '결혼을 포기'하는 것만은 아닙니다. 개인의 행복을 위해 '비혼을 선택'하는 청년들도 늘고 있습니다. 이처럼 최근 전통적인 가치관에서 벗어나 연애와 동거는 하면서 결혼이라는 제도에 묶여 관계에서 파생되는 책임을 벗어나 자유로운 삶을 추구하는 비혼주의자가 늘고 있습니다.\n\n 다만, 개인의 자유로운 선택에 따라 비혼주의를 하지만 주변에서는 아직 고운 시선으로 바라보지 않는 사람도 많습니다. 결혼이라는 제도에 대해서 선택이 아닌 필수라고 생각하는 사람들도 많지요. 개개인이 모여 사회가 형성되기 때문에 사회의 가장 작은 단위인 가족을 이루는 것도 사회 구성원으로서의 큰 역할이라고 생각하는 사람들도 있습니다.\n\n 여러분은 결혼을 꼭 해야 한다고 생각하시나요? 아니면 결혼은 선택의 문제라고 생각하시나요? 비혼주의에 대해 찬성하는 입장 반대를 선택하여 자신의 의견을 작성해주세요. 그리고 그렇게 생각한 이유에 대해서 작성해주세요.",
    "essay_type": "찬성반대",
    "essay_level": "2",
    "essay_len": 916,
    "essay_main_subject": "비혼주의자에 대한 본인의 의견"
  }
}