{
  "paragraph": [
    {
      "paragraph_txt": "한국 출산율이 2년 연속 198개국 중 198등 꼴찌 이다.#@문장구분# 한국의 저출산과 인구 고령화 문제가 심각하다는 사실을 확인하는 유엔에서 보고서가 나왔다고 한다.#@문장구분# 보고서의 인구 현황 통계표는 유엔아동기금 복수지표집합조사, 유엔 추산 자료 등을 취합한 것으로 각국 정부가 발표한 통계와는 약간 차이가 있다.#@문장구분# 일례로 한국 통계청 자료를 보면, 한국 합계 출산율은 2019년 기준 0.918명으로, 이미 1명 이하로 떨어진 상태이다한국 여성 1명이 평생 낳을 것으로 예상되는 아이 수를 뜻하는 '합계출산율은 1.1명이다.#@문장구분# 노인 인구 비율은 빠르게 늘어날 것이다.#@문장구분#전체 인구에서 0~14살 사이 인구 비율도 한국이 12.3%로 일본과 함께 공동 최하위를 차지했다.#@문장구분#세계 평균 25.3%의 절반도 되지 않는다.#@문장구분# 지난해 한국 0~14살 인구 비율은 12.5%로 일본 (12.4%)과 싱가포르(12.3%)보다는 높았으나 꼴찌로 떨어졌다.#@문장구분#  출산율이 떨어지면서 인구 성장 속도가 둔화해지고 있다.#@문장구분# 2015~2020년 한국의 연평균 인구성장률은 0.2%로 세계 평균 1.1%를 크게 밑돌 있다.#@문장구분# 연애,동거,결혼과 같이 두사람이 함께 생활하면서 아이를 갖는 것이 자유이다.#@문장구분#  하지만, 많은 사람들이 요즘 시대에는 아이를 2명 가져야 한다고 말한다,#@문장구분# 나의 생각은 출산율이 떨어지는 반면 아이를 갖지 않는 사람들도 있기때문에 두명이 아닌 한명이라도 아이를 가졌으면 출산율과 인구 성장 속도를 유지하는데에 많은 도움이 될 것 같다.#@문장구분#그래서 나는 비혼주의자에 대해 반대한다.#@문장구분#",
      "paragraph_len": 1029,
      "paragraph_id": "001"
    }
  ],
  "score": {
    "paragraph_score": [
      {
        "paragraph_scoreT": [
          2.6,
          2.8,
          3
        ],
        "paragraph_scoreT_detail": {
          "paragraph_scoreT_exp": [
            [
              3,
              3,
              2
            ],
            [
              2,
              3,
              3
            ],
            [
              3,
              3,
              3
            ]
          ]
        },
        "paragraph_scoreT_avg": 2.8,
        "paragraph_id": "001"
      }
    ],
    "essay_scoreT": [
      23.899998,
      24.3,
      30
    ],
    "essay_scoreT_avg": 26.066666,
    "essay_scoreT_detail": {
      "essay_scoreT_org": [
        [
          2,
          0,
          3,
          2
        ],
        [
          2,
          0,
          2,
          3
        ],
        [
          3,
          0,
          3,
          3
        ]
      ],
      "essay_scoreT_cont": [
        [
          2,
          2,
          2,
          3
        ],
        [
          3,
          2,
          3,
          2
        ],
        [
          3,
          3,
          3,
          3
        ]
      ],
      "essay_scoreT_exp": [
        [
          3,
          3,
          2
        ],
        [
          2,
          3,
          3
        ],
        [
          3,
          3,
          3
        ]
      ]
    }
  },
  "student": {
    "date": "2021.09.13",
    "student_educated": true,
    "student_grade": "고등_1학년",
    "location": "051",
    "student_grade_group": "고등",
    "student_reading": 3
  },
  "rubric": {
    "essay_grade": "고등_1학년",
    "organization_weight": {
      "org_paragraph": 0,
      "org": 3,
      "org_essay": 6,
      "org_coherence": 3,
      "org_quantity": 1
    },
    "essay_type": "찬성반대",
    "content_weight": {
      "con_clearance": 3,
      "con_novelty": 3,
      "con": 4,
      "con_prompt": 1,
      "con_description": 3
    },
    "essay_main_subject": "비혼주의자에 대한 본인의 의견",
    "expression_weight": {
      "exp_style": 4,
      "exp_grammar": 2,
      "exp_vocab": 4,
      "exp": 3
    }
  },
  "correction": [],
  "info": {
    "essay_id": "ESSAY_33792",
    "essay_prompt": " \"\"연애는 필수, 결혼은 선택! 가슴이 뛰는 대로 가면 돼\"\".\n\n 유명한 유행가의 노래 가사처럼, 청년들에게 결혼은 이제 필수가 아닌 하나의 선택 사항입니다. 연애, 결혼, 출산을 포기한다는 의미의 '3포세대'라는 말이 나오기 무섭게 5포 세대, N포세대까지 등장할 정도로 취업난, 치솟는 부동산 가격 등 여러 사회·경제적 요인들로 청년층을 위축시켰습니다.\n\n 모두가 이러한 이유로 '결혼을 포기'하는 것만은 아닙니다. 개인의 행복을 위해 '비혼을 선택'하는 청년들도 늘고 있습니다. 이처럼 최근 전통적인 가치관에서 벗어나 연애와 동거는 하면서 결혼이라는 제도에 묶여 관계에서 파생되는 책임을 벗어나 자유로운 삶을 추구하는 비혼주의자가 늘고 있습니다.\n\n 다만, 개인의 자유로운 선택에 따라 비혼주의를 하지만 주변에서는 아직 고운 시선으로 바라보지 않는 사람도 많습니다. 결혼이라는 제도에 대해서 선택이 아닌 필수라고 생각하는 사람들도 많지요. 개개인이 모여 사회가 형성되기 때문에 사회의 가장 작은 단위인 가족을 이루는 것도 사회 구성원으로서의 큰 역할이라고 생각하는 사람들도 있습니다.\n\n 여러분은 결혼을 꼭 해야 한다고 생각하시나요? 아니면 결혼은 선택의 문제라고 생각하시나요? 비혼주의에 대해 찬성하는 입장 반대를 선택하여 자신의 의견을 작성해주세요. 그리고 그렇게 생각한 이유에 대해서 작성해주세요.",
    "essay_type": "찬성반대",
    "essay_level": "2",
    "essay_len": 750,
    "essay_main_subject": "비혼주의자에 대한 본인의 의견"
  }
}