{
  "paragraph": [
    {
      "paragraph_txt": "전체적으로 생각했을 때 나 또한 비혼에 찬성한다.#@문장구분# 물론 우리나라가 저출산인 것도 맞고 그것을 해결하기 위해선 물론 결혼 또한 중대한 문제라고 밖에 말할 수 없다. #@문장구분#허나 그렇다고 해서 자신의 의지와 맞지 않게 강제로 결혼을 할 필요는 없다고 생각한다.#@문장구분# 만약 강제로 결혼을 해야한다면 그것은 그거대로 사람의 인권을 무시하는 행위이기 때문에 그것은 그거대로 문제가 될 것이다. #@문장구분#물론 개개인이 모여 사회가 형성되고 그렇기에 사회의 가장 작은 단위가 가족인 것도 맞고 가족을 이루게 될 경우 사회구성원으로서 큰 역할을 하는 것도 맞다.#@문장구분# 하지만 우리 모두가 무조건 큰 일을 해야한다는 법은 없지 않나. #@문장구분#그렇기에 나는 결혼은 선택의 문제라고 생각한다. #@문장구분#무조건 결혼하지 말라는 것도 아니고 그저 선택하라는 것이기에 나는 필수적으로 또 강제적으로 해야한다는 의견보단 이쪽이 옳다고 생각한다.#@문장구분# 결혼을 하고 싶으면 하면 되는 것이 아닌가. #@문장구분#맨 처음에는 비혼주의였지만 나중에 바뀔 가능성이 아예 없는 것도 아니기에 결국 하고 싶다면 하고 하기 싫다면 하지 않으면 되는 것이다.#@문장구분# 그리고 남이 결혼을 하든 하지 않든 다른 사람이 신경쓸 일도 아니라고 생각한다.#@문장구분# 그리고 요즘에 결혼하려면 드는 비용이 최소 2천만원이라고 한다.#@문장구분# 하지만 결혼만 한다고 끝이 아니다.#@문장구분# 결혼하면 같이 살 집이 필요하고 또 집이 있으면 가구가 있어야 한다.#@문장구분# 즉 부가적인 비용이 무지막지하다는 것이다.#@문장구분# 거기에데가 만약 애까지 생긴다면 자신만의 시간이 없어질뿐더러 그 애가 자립할 때까지 돈이며 시간을 할애해야 한다.#@문장구분# 그렇지만 결혼해서 애를 낳아 키우는 사람들을 무시하는 것이 아니다.#@문장구분# 하지만 나라면 이렇게 자신을 희생해서 이렇게까지 애를 키워야 하는지가 의문이라는 것이다.#@문장구분#",
      "paragraph_len": 1210,
      "paragraph_id": "001"
    }
  ],
  "score": {
    "paragraph_score": [
      {
        "paragraph_scoreT": [
          3,
          3,
          2.8
        ],
        "paragraph_scoreT_detail": {
          "paragraph_scoreT_exp": [
            [
              3,
              3,
              3
            ],
            [
              3,
              3,
              3
            ],
            [
              2,
              3,
              3
            ]
          ]
        },
        "paragraph_scoreT_avg": 2.9333334,
        "paragraph_id": "001"
      }
    ],
    "essay_scoreT": [
      28.8,
      28.8,
      26.599998
    ],
    "essay_scoreT_avg": 28.066666,
    "essay_scoreT_detail": {
      "essay_scoreT_org": [
        [
          3,
          0,
          3,
          3
        ],
        [
          3,
          0,
          3,
          3
        ],
        [
          3,
          0,
          3,
          3
        ]
      ],
      "essay_scoreT_cont": [
        [
          3,
          2,
          3,
          3
        ],
        [
          3,
          2,
          3,
          3
        ],
        [
          2,
          2,
          2,
          3
        ]
      ],
      "essay_scoreT_exp": [
        [
          3,
          3,
          3
        ],
        [
          3,
          3,
          3
        ],
        [
          2,
          3,
          3
        ]
      ]
    }
  },
  "student": {
    "date": "2021.12.23",
    "student_educated": true,
    "student_grade": "고등_1학년",
    "location": "063",
    "student_grade_group": "고등",
    "student_reading": 2
  },
  "rubric": {
    "essay_grade": "고등_1학년",
    "organization_weight": {
      "org_paragraph": 0,
      "org": 3,
      "org_essay": 6,
      "org_coherence": 3,
      "org_quantity": 1
    },
    "essay_type": "찬성반대",
    "content_weight": {
      "con_clearance": 3,
      "con_novelty": 3,
      "con": 4,
      "con_prompt": 1,
      "con_description": 3
    },
    "essay_main_subject": "비혼주의자에 대한 본인의 의견",
    "expression_weight": {
      "exp_style": 4,
      "exp_grammar": 2,
      "exp_vocab": 4,
      "exp": 3
    }
  },
  "correction": [],
  "info": {
    "essay_id": "ESSAY_76766",
    "essay_prompt": " \"\"연애는 필수, 결혼은 선택! 가슴이 뛰는 대로 가면 돼\"\".\n\n 유명한 유행가의 노래 가사처럼, 청년들에게 결혼은 이제 필수가 아닌 하나의 선택 사항입니다. 연애, 결혼, 출산을 포기한다는 의미의 '3포세대'라는 말이 나오기 무섭게 5포 세대, N포세대까지 등장할 정도로 취업난, 치솟는 부동산 가격 등 여러 사회·경제적 요인들로 청년층을 위축시켰습니다.\n\n 모두가 이러한 이유로 '결혼을 포기'하는 것만은 아닙니다. 개인의 행복을 위해 '비혼을 선택'하는 청년들도 늘고 있습니다. 이처럼 최근 전통적인 가치관에서 벗어나 연애와 동거는 하면서 결혼이라는 제도에 묶여 관계에서 파생되는 책임을 벗어나 자유로운 삶을 추구하는 비혼주의자가 늘고 있습니다.\n\n 다만, 개인의 자유로운 선택에 따라 비혼주의를 하지만 주변에서는 아직 고운 시선으로 바라보지 않는 사람도 많습니다. 결혼이라는 제도에 대해서 선택이 아닌 필수라고 생각하는 사람들도 많지요. 개개인이 모여 사회가 형성되기 때문에 사회의 가장 작은 단위인 가족을 이루는 것도 사회 구성원으로서의 큰 역할이라고 생각하는 사람들도 있습니다.\n\n 여러분은 결혼을 꼭 해야 한다고 생각하시나요? 아니면 결혼은 선택의 문제라고 생각하시나요? 비혼주의에 대해 찬성하는 입장 반대를 선택하여 자신의 의견을 작성해주세요. 그리고 그렇게 생각한 이유에 대해서 작성해주세요.",
    "essay_type": "찬성반대",
    "essay_level": "2",
    "essay_len": 850,
    "essay_main_subject": "비혼주의자에 대한 본인의 의견"
  }
}