{
  "paragraph": [
    {
      "paragraph_txt": "결혼은 필수가 아니라, 선택이라고 생각하는 비혼주의자가 있다,#@문장구분# 나는 비혼주의자에 대해 찬성 하는 입장이다.#@문장구분# 내가 비혼주의자에 대해 찬성을 하는 이유는 경제적인 측면과 개인의 자유와 관련이 되어 있다.#@문장구분# 우선 비혼을 하는 이유를 알아보자면 자료로 첫 번째 \"나에게 집중하는 삶을 살고 싶어서(자료 알바천국, 대상 20대 미혼남녀 1368명 결혼 계획이 없는 응답자)\"가 49.8%로 억압 받지 않고 스스로 나를 위해 시간을 활용하기 위해서라고 할 수 있다.#@문장구분# 여기서 개인의 자유에 대한 이야기를 하면 일반적으로 자유는 억압이나 제약이 없는 상태 혹은 그리하여 자신이 마음대로 할 수 있는 상태이다.#@문장구분# 결혼을 하고 육아가 시작되면 육아에 집중하느라 자신을 위한 시간이 줄어들 것이며 없어질 수 도 있다.#@문장구분# 그러면 여가 시간뿐만 아니라 직장 등을 다닐 시간 또한 줄어들고 여가시간 또한 마련하지 못할 수 있다.#@문장구분# 하고 싶은 일을 육아라는 것에 묶여 하지 못 할까봐 비혼을 선택하는 경우가 생긴 것 이다.#@문장구분# 두 번째 \"결혼과 육아에 대한 부담감이 커서(자료 알바천국, 대상 20대 미혼남녀 1368명 결혼 계획이 없는 응답자)\"가31.2%이다. #@문장구분#이것은 경제적인 측면으로 이야기하면 육아에 대한 비용이 많이 들고 그 비용을 마련할 경제력이 되지 않는다면 오히려 비혼이 나은 선택일 수 있다.#@문장구분# 그리고 이런 부담을 느끼는 것은 결혼과 육아에 대한 복지가 부족한 것일 수 있다.#@문장구분#혹은 우리나라 육아 복지 제도에 대한 이해와 내용을 모를 수 있다.#@문장구분# 다른 측면에서 보면 임신과 출산에 대한 두려움 때문일 수 있다.#@문장구분# 임신으로 인한 증상(임신 후기 어지러움, 호흡 곤란 등)과 불편함 그로 인한 스트레스 등이 두려울 수 있고 \"임신한 자신을 잘 관리할 수 있을까?\"라는 두려움도 있을 것이다.#@문장구분# 또한 \"출산과정 중 사고가 일어나지 않을까?\", \"아이가 잘못 되진 않을까?\"라는 걱정도 있을 수 있다.#@문장구분# 출산 후 자신이 아이를 키울 때 자신이 잘 키워 낼 수 있을까 하는 두려움도 있을 수 있다.#@문장구분# 생명을 키우는 일은 그만큼 힘이 들고 부담감 또한 있을 것이다.#@문장구분# 아러한 이유 말고도 비혼주의자를 찬성하는 이유는 결혼은 부부가 서로가 선택한 결혼이 되지 않는다면 그 관계가 쉽게 무너질 것이고 만약 아이가 있다면 그 아이는 불행해 질 수 있다.#@문장구분# 아이는 가정을 하나로 묶는 역할을 할 수 있지만 아이를 원치 않는데도 생겨 그 역할을 하지 못 할 수 있고 가정이 무너지면 아이는 있을 곳 또한 잃게 되는 것이다.#@문장구분# 한부모 가족이 된다 해도 1명은 돈을 벌기 위해 일을 해야하는데 일을 하면서 육아를 제대로 할 수 있을 까.#@문장구분# 부모가 모두 있는 가정이 행복한 이유는 가족이 서로의 부족함을 채우고 서로에게 보탬이되 부족함이 없어서 이다. #@문장구분#어떤 문제가 있을 때 내가 지금하고 있는 일을 대신 할 수 있는 있는 가족이 있어 구멍을 메우는 것 이다.#@문장구분# 비혼주의는 사회의 저출산 문제를 해결할 수 는 없다.#@문장구분# 하지만 억지 결혼으로 깨질 가정이나 불행할 수 있는 아이는 저출산을 해결 할 수 있을지 몰라도 사회에나 가정, 개인에겐 도움이 되지 않는다.#@문장구분# 즉, 비혼주의는 사회에 기여하지 않은 이기적인 관점이라 볼 수 없고, 그럴 바엔 차라리 개인의 행복을 존중하는 것이 맞다 생각한다.#@문장구분# 나는 경제적 측면과 개인의 선택의 자유, 가정의 행복이라는 이유 때문에 비혼주의자에 대해 찬성하는 바이다.#@문장구분#",
      "paragraph_len": 2158,
      "paragraph_id": "001"
    }
  ],
  "score": {
    "paragraph_score": [
      {
        "paragraph_scoreT": [
          3,
          3,
          2.6
        ],
        "paragraph_scoreT_detail": {
          "paragraph_scoreT_exp": [
            [
              3,
              3,
              3
            ],
            [
              3,
              3,
              3
            ],
            [
              3,
              2,
              3
            ]
          ]
        },
        "paragraph_scoreT_avg": 2.8666668,
        "paragraph_id": "001"
      }
    ],
    "essay_scoreT": [
      28.8,
      28.8,
      27.9
    ],
    "essay_scoreT_avg": 28.5,
    "essay_scoreT_detail": {
      "essay_scoreT_org": [
        [
          3,
          0,
          3,
          3
        ],
        [
          3,
          0,
          3,
          3
        ],
        [
          3,
          0,
          2,
          3
        ]
      ],
      "essay_scoreT_cont": [
        [
          3,
          2,
          3,
          3
        ],
        [
          3,
          2,
          3,
          3
        ],
        [
          3,
          3,
          3,
          3
        ]
      ],
      "essay_scoreT_exp": [
        [
          3,
          3,
          3
        ],
        [
          3,
          3,
          3
        ],
        [
          3,
          2,
          3
        ]
      ]
    }
  },
  "student": {
    "date": "2021.12.06",
    "student_educated": true,
    "student_grade": "고등_1학년",
    "location": "041",
    "student_grade_group": "고등",
    "student_reading": 2
  },
  "rubric": {
    "essay_grade": "고등_1학년",
    "organization_weight": {
      "org_paragraph": 0,
      "org": 3,
      "org_essay": 6,
      "org_coherence": 3,
      "org_quantity": 1
    },
    "essay_type": "찬성반대",
    "content_weight": {
      "con_clearance": 3,
      "con_novelty": 3,
      "con": 4,
      "con_prompt": 1,
      "con_description": 3
    },
    "essay_main_subject": "비혼주의자에 대한 본인의 의견",
    "expression_weight": {
      "exp_style": 4,
      "exp_grammar": 2,
      "exp_vocab": 4,
      "exp": 3
    }
  },
  "correction": [],
  "info": {
    "essay_id": "ESSAY_57087",
    "essay_prompt": " \"\"연애는 필수, 결혼은 선택! 가슴이 뛰는 대로 가면 돼\"\".\n\n 유명한 유행가의 노래 가사처럼, 청년들에게 결혼은 이제 필수가 아닌 하나의 선택 사항입니다. 연애, 결혼, 출산을 포기한다는 의미의 '3포세대'라는 말이 나오기 무섭게 5포 세대, N포세대까지 등장할 정도로 취업난, 치솟는 부동산 가격 등 여러 사회·경제적 요인들로 청년층을 위축시켰습니다.\n\n 모두가 이러한 이유로 '결혼을 포기'하는 것만은 아닙니다. 개인의 행복을 위해 '비혼을 선택'하는 청년들도 늘고 있습니다. 이처럼 최근 전통적인 가치관에서 벗어나 연애와 동거는 하면서 결혼이라는 제도에 묶여 관계에서 파생되는 책임을 벗어나 자유로운 삶을 추구하는 비혼주의자가 늘고 있습니다.\n\n 다만, 개인의 자유로운 선택에 따라 비혼주의를 하지만 주변에서는 아직 고운 시선으로 바라보지 않는 사람도 많습니다. 결혼이라는 제도에 대해서 선택이 아닌 필수라고 생각하는 사람들도 많지요. 개개인이 모여 사회가 형성되기 때문에 사회의 가장 작은 단위인 가족을 이루는 것도 사회 구성원으로서의 큰 역할이라고 생각하는 사람들도 있습니다.\n\n 여러분은 결혼을 꼭 해야 한다고 생각하시나요? 아니면 결혼은 선택의 문제라고 생각하시나요? 비혼주의에 대해 찬성하는 입장 반대를 선택하여 자신의 의견을 작성해주세요. 그리고 그렇게 생각한 이유에 대해서 작성해주세요.",
    "essay_type": "찬성반대",
    "essay_level": "2",
    "essay_len": 1639,
    "essay_main_subject": "비혼주의자에 대한 본인의 의견"
  }
}