{
  "paragraph": [
    {
      "paragraph_txt": "내가 생각하는 비혼주의자의 생각에대해 반대한다. #@문장구분#비혼주의자들은 동거는 하지만 결혼은 안한다는생각을 하고 있다.#@문장구분# 이러한 생각은 도피성이라고 생각한다.#@문장구분# 비혼주의자들은 자유로운 삶을 추구한다고들 말하지만 사실상 책임을 회피하는 것과 마찮가지라 생각한다..#@문장구분# 결혼을 하며 사회적 인식이 바뀌는 것, 돈의 출혈, 인간관계를 맺는 데 발생하는 책임 등 이러한 책임을 지기 싫다는 것으로부터 도피하겠다는 마인드가 머리에 생겨났기 때문이다.#@문장구분# 결혼이라는 제도가 있는데도 불구하고 결혼은 하지 않으며 연애만 하겠다는 것은 허울 좋은 자유주의 사상에서 파생된 것이라 본다.#@문장구분# 흔히 사람들이 결혼을 하지 않는 이유 중에는 사람들의 시선을 의식하며 결혼자금을 크게 하며 돈의 지출이 많아지거나 나중에 이혼하면 어떡하지 위자료는 어떡하지 하며 그런 불안감과 주변 사람들에 대한 나의 평가가 달라진다는 시선의식 등 진정한 자유주의는 모르면서 겉으로만 있어 보이는 척을 하려는 사람들 때문에 사회적 분위기가 조성되었다.#@문장구분# 젊은 세대들은 과거 세대들에 비해서 연애나 결혼 측면에서 훨씬 더 자유롭고, 만약 자신의 연애에 대해서 부모님이 반대한다고 해도 거기에 순응하지 않고 계속해서 저항하는 경우가 많다.#@문장구분# 이에 따라서 결혼을 하면 생기는 의무감 같은 것에 묶이지 않으려는 의식도 성장하면서 비혼주의가 늘어났다.#@문장구분# 마지막으로, 먹고 살기 점점 어려워지고 있다.#@문장구분# 몇 년 전부터 청년 실업문제도 계속해서 커지고 있고, 사람들은 자기 자신을 부양하기도 어려워지고 있다.#@문장구분# 날이갈수록 돈이 중요해지기 때문에 월급을 많이 못받는 사람들은 부담스러워서 비혼주의를 택하는 경우도 많이 있을 것이다.#@문장구분#",
      "paragraph_len": 1048,
      "paragraph_id": "001"
    }
  ],
  "score": {
    "paragraph_score": [
      {
        "paragraph_scoreT": [
          3,
          2.8,
          2.4
        ],
        "paragraph_scoreT_detail": {
          "paragraph_scoreT_exp": [
            [
              3,
              3,
              3
            ],
            [
              2,
              3,
              3
            ],
            [
              2,
              3,
              2
            ]
          ]
        },
        "paragraph_scoreT_avg": 2.7333336,
        "paragraph_id": "001"
      }
    ],
    "essay_scoreT": [
      30,
      24.5,
      25.2
    ],
    "essay_scoreT_avg": 26.566666,
    "essay_scoreT_detail": {
      "essay_scoreT_org": [
        [
          3,
          0,
          3,
          3
        ],
        [
          2,
          0,
          3,
          2
        ],
        [
          2,
          0,
          3,
          3
        ]
      ],
      "essay_scoreT_cont": [
        [
          3,
          3,
          3,
          3
        ],
        [
          3,
          2,
          2,
          2
        ],
        [
          3,
          3,
          3,
          2
        ]
      ],
      "essay_scoreT_exp": [
        [
          3,
          3,
          3
        ],
        [
          2,
          3,
          3
        ],
        [
          2,
          3,
          2
        ]
      ]
    }
  },
  "student": {
    "date": "2021.12.20",
    "student_educated": true,
    "student_grade": "고등_1학년",
    "location": "044",
    "student_grade_group": "고등",
    "student_reading": 2
  },
  "rubric": {
    "essay_grade": "고등_1학년",
    "organization_weight": {
      "org_paragraph": 0,
      "org": 3,
      "org_essay": 6,
      "org_coherence": 3,
      "org_quantity": 1
    },
    "essay_type": "찬성반대",
    "content_weight": {
      "con_clearance": 3,
      "con_novelty": 3,
      "con": 4,
      "con_prompt": 1,
      "con_description": 3
    },
    "essay_main_subject": "비혼주의자에 대한 본인의 의견",
    "expression_weight": {
      "exp_style": 4,
      "exp_grammar": 2,
      "exp_vocab": 4,
      "exp": 3
    }
  },
  "correction": [],
  "info": {
    "essay_id": "ESSAY_71271",
    "essay_prompt": " \"\"연애는 필수, 결혼은 선택! 가슴이 뛰는 대로 가면 돼\"\".\n\n 유명한 유행가의 노래 가사처럼, 청년들에게 결혼은 이제 필수가 아닌 하나의 선택 사항입니다. 연애, 결혼, 출산을 포기한다는 의미의 '3포세대'라는 말이 나오기 무섭게 5포 세대, N포세대까지 등장할 정도로 취업난, 치솟는 부동산 가격 등 여러 사회·경제적 요인들로 청년층을 위축시켰습니다.\n\n 모두가 이러한 이유로 '결혼을 포기'하는 것만은 아닙니다. 개인의 행복을 위해 '비혼을 선택'하는 청년들도 늘고 있습니다. 이처럼 최근 전통적인 가치관에서 벗어나 연애와 동거는 하면서 결혼이라는 제도에 묶여 관계에서 파생되는 책임을 벗어나 자유로운 삶을 추구하는 비혼주의자가 늘고 있습니다.\n\n 다만, 개인의 자유로운 선택에 따라 비혼주의를 하지만 주변에서는 아직 고운 시선으로 바라보지 않는 사람도 많습니다. 결혼이라는 제도에 대해서 선택이 아닌 필수라고 생각하는 사람들도 많지요. 개개인이 모여 사회가 형성되기 때문에 사회의 가장 작은 단위인 가족을 이루는 것도 사회 구성원으로서의 큰 역할이라고 생각하는 사람들도 있습니다.\n\n 여러분은 결혼을 꼭 해야 한다고 생각하시나요? 아니면 결혼은 선택의 문제라고 생각하시나요? 비혼주의에 대해 찬성하는 입장 반대를 선택하여 자신의 의견을 작성해주세요. 그리고 그렇게 생각한 이유에 대해서 작성해주세요.",
    "essay_type": "찬성반대",
    "essay_level": "2",
    "essay_len": 808,
    "essay_main_subject": "비혼주의자에 대한 본인의 의견"
  }
}