{
  "paragraph": [
    {
      "paragraph_txt": "저의 사촌형은 얼마전에 이혼을 했습니다.#@문장구분# 상대는 큰 어머님 지인분의 소개로 만난 공무원이었습니다. #@문장구분#결혼 식장에서 둘은 정말 행복해 보였고 많은 일가 친척에게 두 사람이 평생을 검은 머리 파뿌리가 될 때까지 둘 만을 존경하고 사랑할 것을 맹세하며 힘찬 출발을 했었는데 참으로 충격적이었습니다.#@문장구분# 혼인신고도 아파트 분양 문제때문에 결혼 전에 했다고 들었습니다.#@문장구분# 대충 들어보니 여자쪽에서 결혼 전 아이가 있었던 것을 감쪽 같이 숨기고 결혼 후에 몰래 만나고 아이에게 경제적인 지원까지 했던 모양입니다.#@문장구분# 그런 이유로 형하고 사이가 점점 멀어지고 여자는 전남편과 아이에게 다시 돌아갔습니다.#@문장구분#정말 안타까운 일이었습니다. #@문장구분#만약 그 여자의 과거에 대해 좀더 알고 어떤 인성의 소유자인지를 조금더 겪어보고 차라리 많은 사람들 앞에서 사랑의 선서를 하지 않았더라면 덜 괴로웠을지도 모를 일입니다. #@문장구분#그 일로 큰 어머님은 너무나 큰 충격을 받아 병까지 얻으셨고, 웬지 사람들이 손가락질 하는 거 같아 다른 곳으로 이사를 하게 되었습니다.#@문장구분#결혼을 하지 말고 그 사람이 어떤 성격의 소유자인지, 살아보면서 어떤 면이 잘 안 맞는지, 상대가 도저히 같이 살수 없을 정도의 인품이라면 굳이 고생을 감내하고 일방적으로 희생해가면서 살아갈 필요는 없다고 생각합니다.#@문장구분# 결혼적령기가 찾아왔거나 조건을 보고 결혼을 하다가 낭패를 볼지도 모르는 일이니까요.#@문장구분# 물론 어른들의 대다수는 혼전 동거나 혼기가 꽉 찼는데 혼자 사는 것을 이해하지 못하고, 명절 때 잔소리를 늘어 놓기가 일쑤인 분들이 많기는 합니다. #@문장구분#그러나 자신의 인생을 언제까지나 부모님이 케어해주고 시키는대로 꼭두각시처럼 살 수는 없습니다.#@문장구분# 내 인생은 나의 것이고 순간의 선택이 평생을 좌우할 수도 있으므로, 타인의 시선에 너무 연연해하지 말았으면 합니다.#@문장구분# 때에 따라서는 비혼도 현명한 선택이 될 수도 있다고 생각합니다.#@문장구분#",
      "paragraph_len": 1216,
      "paragraph_id": "001"
    }
  ],
  "score": {
    "paragraph_score": [
      {
        "paragraph_scoreT": [
          3,
          3,
          2.8
        ],
        "paragraph_scoreT_detail": {
          "paragraph_scoreT_exp": [
            [
              3,
              3,
              3
            ],
            [
              3,
              3,
              3
            ],
            [
              2,
              3,
              3
            ]
          ]
        },
        "paragraph_scoreT_avg": 2.9333334,
        "paragraph_id": "001"
      }
    ],
    "essay_scoreT": [
      28.8,
      28.8,
      26.599998
    ],
    "essay_scoreT_avg": 28.066666,
    "essay_scoreT_detail": {
      "essay_scoreT_org": [
        [
          3,
          0,
          3,
          3
        ],
        [
          3,
          0,
          3,
          3
        ],
        [
          3,
          0,
          3,
          3
        ]
      ],
      "essay_scoreT_cont": [
        [
          3,
          2,
          3,
          3
        ],
        [
          3,
          2,
          3,
          3
        ],
        [
          2,
          2,
          2,
          3
        ]
      ],
      "essay_scoreT_exp": [
        [
          3,
          3,
          3
        ],
        [
          3,
          3,
          3
        ],
        [
          2,
          3,
          3
        ]
      ]
    }
  },
  "student": {
    "date": "2021.12.22",
    "student_educated": true,
    "student_grade": "고등_1학년",
    "location": "063",
    "student_grade_group": "고등",
    "student_reading": 1
  },
  "rubric": {
    "essay_grade": "고등_1학년",
    "organization_weight": {
      "org_paragraph": 0,
      "org": 3,
      "org_essay": 6,
      "org_coherence": 3,
      "org_quantity": 1
    },
    "essay_type": "찬성반대",
    "content_weight": {
      "con_clearance": 3,
      "con_novelty": 3,
      "con": 4,
      "con_prompt": 1,
      "con_description": 3
    },
    "essay_main_subject": "비혼주의자에 대한 본인의 의견",
    "expression_weight": {
      "exp_style": 4,
      "exp_grammar": 2,
      "exp_vocab": 4,
      "exp": 3
    }
  },
  "correction": [],
  "info": {
    "essay_id": "ESSAY_76740",
    "essay_prompt": " \"\"연애는 필수, 결혼은 선택! 가슴이 뛰는 대로 가면 돼\"\".\n\n 유명한 유행가의 노래 가사처럼, 청년들에게 결혼은 이제 필수가 아닌 하나의 선택 사항입니다. 연애, 결혼, 출산을 포기한다는 의미의 '3포세대'라는 말이 나오기 무섭게 5포 세대, N포세대까지 등장할 정도로 취업난, 치솟는 부동산 가격 등 여러 사회·경제적 요인들로 청년층을 위축시켰습니다.\n\n 모두가 이러한 이유로 '결혼을 포기'하는 것만은 아닙니다. 개인의 행복을 위해 '비혼을 선택'하는 청년들도 늘고 있습니다. 이처럼 최근 전통적인 가치관에서 벗어나 연애와 동거는 하면서 결혼이라는 제도에 묶여 관계에서 파생되는 책임을 벗어나 자유로운 삶을 추구하는 비혼주의자가 늘고 있습니다.\n\n 다만, 개인의 자유로운 선택에 따라 비혼주의를 하지만 주변에서는 아직 고운 시선으로 바라보지 않는 사람도 많습니다. 결혼이라는 제도에 대해서 선택이 아닌 필수라고 생각하는 사람들도 많지요. 개개인이 모여 사회가 형성되기 때문에 사회의 가장 작은 단위인 가족을 이루는 것도 사회 구성원으로서의 큰 역할이라고 생각하는 사람들도 있습니다.\n\n 여러분은 결혼을 꼭 해야 한다고 생각하시나요? 아니면 결혼은 선택의 문제라고 생각하시나요? 비혼주의에 대해 찬성하는 입장 반대를 선택하여 자신의 의견을 작성해주세요. 그리고 그렇게 생각한 이유에 대해서 작성해주세요.",
    "essay_type": "찬성반대",
    "essay_level": "2",
    "essay_len": 918,
    "essay_main_subject": "비혼주의자에 대한 본인의 의견"
  }
}