{
  "paragraph": [
    {
      "paragraph_txt": "난 우리가 살아가면서 꼭 결혼을 해야하는 것은 아니라고 생각한다.#@문장구분# 현대를 살아가는 여성들에게 있어 결혼은 장애물이라고 생각하기 때문이다.#@문장구분# 우리나라를 더불어 세계인들은 아주 오랫동안 남성이 더 우수하다는 생각을 가진채로 수많은 역사를 만들어왔다.#@문장구분# 그중 여성의 지위가 높아지기 시작한건 비교적 최근이었고, 따라서 아직도 남성이 우월하다는 생각을 지닌 사람들이나 남성중심의 제도가 많다.#@문장구분# 이러한 상황에서 여성이 결혼을 해서 얻는 이득엔 무엇이 있을까?#@문장구분# 단언컨데 그리 크지는 않을 것이다.#@문장구분#  그럼 무엇을 위해서 결혼을 하는 것일까?#@문장구분# 우리에겐 그리 큰 득이 되지도 않을 텐데 말이다.#@문장구분# 나는 결혼에 대한 환상이 없다. 연애라는 다른 방법이 있는데도 굳이 법으로 묶여 제제를 받는 이유는 무엇일까,#@문장구분# 함께라는 기분을 느끼기 위해서라기에는 여성쪽의 피해가 훨씬 더 분명하다.#@문장구분#  연애를 하면서도 충분히 서로의 사랑을 느낄 수 있고, 함께 살고 싶다면 동거를 하면 되는 것이 아닌가?#@문장구분# 서로 부딪히면 쉽게 헤어지기도 하는 그러한 자유를 누릴 수 있어야 한다.#@문장구분# 그렇다고 결혼을 하는 사람들을 비난하는 것은 아니다.#@문장구분# 분명 나와 의견이 다른 사람들도 존재 할 것이고, 그들에게는 무조건적으로 결혼이라는 제도가 필요한 상황일 수도 있다.#@문장구분# 하지만 나는 여전히 비혼주의에 대해 긍적적으로 생각한다.#@문장구분# 아마 시간이 더 지나거나 사회가 크게 바뀌게 된다면 나도 결혼을 긍정적으로 볼 수 있을 지도 모른다.#@문장구분# 하지만 그게 지금은 아니다.#@문장구분# 결혼을 하지 못해서 힘들어 하는 사람보다결혼을 하므로써 힘들어 하는 사람들을 더 많이 보았고, 앞으로도 그럴 것 같기 때문이다.#@문장구분#",
      "paragraph_len": 1157,
      "paragraph_id": "001"
    }
  ],
  "score": {
    "paragraph_score": [
      {
        "paragraph_scoreT": [
          3,
          3,
          2
        ],
        "paragraph_scoreT_detail": {
          "paragraph_scoreT_exp": [
            [
              3,
              3,
              3
            ],
            [
              3,
              3,
              3
            ],
            [
              2,
              2,
              2
            ]
          ]
        },
        "paragraph_scoreT_avg": 2.6666667,
        "paragraph_id": "001"
      }
    ],
    "essay_scoreT": [
      28.4,
      23.3,
      22.1
    ],
    "essay_scoreT_avg": 24.599998,
    "essay_scoreT_detail": {
      "essay_scoreT_org": [
        [
          3,
          0,
          3,
          3
        ],
        [
          2,
          0,
          2,
          3
        ],
        [
          3,
          0,
          2,
          3
        ]
      ],
      "essay_scoreT_cont": [
        [
          2,
          3,
          2,
          3
        ],
        [
          2,
          2,
          2,
          2
        ],
        [
          2,
          2,
          2,
          2
        ]
      ],
      "essay_scoreT_exp": [
        [
          3,
          3,
          3
        ],
        [
          3,
          3,
          3
        ],
        [
          2,
          2,
          2
        ]
      ]
    }
  },
  "student": {
    "date": "2021.09.13",
    "student_educated": true,
    "student_grade": "고등_1학년",
    "location": "051",
    "student_grade_group": "고등",
    "student_reading": 1
  },
  "rubric": {
    "essay_grade": "고등_1학년",
    "organization_weight": {
      "org_paragraph": 0,
      "org": 3,
      "org_essay": 6,
      "org_coherence": 3,
      "org_quantity": 1
    },
    "essay_type": "찬성반대",
    "content_weight": {
      "con_clearance": 3,
      "con_novelty": 3,
      "con": 4,
      "con_prompt": 1,
      "con_description": 3
    },
    "essay_main_subject": "비혼주의자에 대한 본인의 의견",
    "expression_weight": {
      "exp_style": 4,
      "exp_grammar": 2,
      "exp_vocab": 4,
      "exp": 3
    }
  },
  "correction": [],
  "info": {
    "essay_id": "ESSAY_33771",
    "essay_prompt": " \"\"연애는 필수, 결혼은 선택! 가슴이 뛰는 대로 가면 돼\"\".\n\n 유명한 유행가의 노래 가사처럼, 청년들에게 결혼은 이제 필수가 아닌 하나의 선택 사항입니다. 연애, 결혼, 출산을 포기한다는 의미의 '3포세대'라는 말이 나오기 무섭게 5포 세대, N포세대까지 등장할 정도로 취업난, 치솟는 부동산 가격 등 여러 사회·경제적 요인들로 청년층을 위축시켰습니다.\n\n 모두가 이러한 이유로 '결혼을 포기'하는 것만은 아닙니다. 개인의 행복을 위해 '비혼을 선택'하는 청년들도 늘고 있습니다. 이처럼 최근 전통적인 가치관에서 벗어나 연애와 동거는 하면서 결혼이라는 제도에 묶여 관계에서 파생되는 책임을 벗어나 자유로운 삶을 추구하는 비혼주의자가 늘고 있습니다.\n\n 다만, 개인의 자유로운 선택에 따라 비혼주의를 하지만 주변에서는 아직 고운 시선으로 바라보지 않는 사람도 많습니다. 결혼이라는 제도에 대해서 선택이 아닌 필수라고 생각하는 사람들도 많지요. 개개인이 모여 사회가 형성되기 때문에 사회의 가장 작은 단위인 가족을 이루는 것도 사회 구성원으로서의 큰 역할이라고 생각하는 사람들도 있습니다.\n\n 여러분은 결혼을 꼭 해야 한다고 생각하시나요? 아니면 결혼은 선택의 문제라고 생각하시나요? 비혼주의에 대해 찬성하는 입장 반대를 선택하여 자신의 의견을 작성해주세요. 그리고 그렇게 생각한 이유에 대해서 작성해주세요.",
    "essay_type": "찬성반대",
    "essay_level": "2",
    "essay_len": 798,
    "essay_main_subject": "비혼주의자에 대한 본인의 의견"
  }
}