{
  "paragraph": [
    {
      "paragraph_txt": "누군가는 지나가는 화목한 가정을 보면서 행복해 보인다고 생각할 수도 있다.#@문장구분# 물론 그 가족은 행복할 것이다.#@문장구분# 그렇다고 해서 모든 가족이 행복한 것은 아니다.#@문장구분# 금전적인 이유로 누군가의 부조로 가치관의 충돌로 인해 가정 환경은 언제든지 바뀔 수 있다.#@문장구분# 나는 이렇게 가족에만 의지하거나 하나뿐인 가족에게 스트레스를 받은 바에는 혼자서 멋진 인생을 살아갈 수 있고 세상의 중심이 내가 될 수 있는 비혼주의자에 찬성한다.#@문장구분# 우리는 모든 선택에 우리의 의지가 따라야한다.#@문장구분# 개인은 자신의 상황에 따라서 결혼을 할지 안 할지 선택할 수 있어야한다.#@문장구분# 만약 가정을 꾸려나갈 경제적 여건도 없고 환경도 없는데, 그저 결혼을 하겠다는 의지 하나만으로 결혼을 한다면 그것은 본인에게도 자식에게도 좋지 못할 것이다.#@문장구분# 그리고 누군가는 어렸을 적 당한 가정폭력으로 인해 가정을 꾸리기 두려워 할 수도 있고, 누군가는 자식을 잘 키울 자신이 없을 수도 있다.#@문장구분# 그리고 맞는 결혼 상대를 못 찾은 것일 수도 있다.#@문장구분# 나는 결혼생활을 해서 아이들과 남편과 좋은 생활을 보내는 것도 좋지만, 혼자 아무에게도 구애받지 않고 내가 하고싶은 일을 죽을 때까지 마음껏 하며 사는것도 멋있다고 생각한다.#@문장구분# 가족은 나의 모든 것일 수도 있지만 가족이 어떠한 일로 인하여 붕괴된다면 그 아픔을 이겨내야 하는 것도 나 자신이다.#@문장구분#나는 그 아픔을 이겨낼 자신도 없고 더 이상 소중한 사람을 잃고 싶지 않는 사람들은 분명 존재한다고 생각한다.#@문장구분# 나의 행복이 무엇으로 인해 생길까? 내가 누군가를 지킬 수 있을까? 등을 잘 생각하며 나의 미래를 설계해 나갔으면 좋겠다.#@문장구분# 가족에게 상처받고 스트레스 받을 바에는 그냥 혼자 외롭더라도 외로울 틈이 없는 멋진 인생을 사는것도 나쁘지 않다고 생각한다.#@문장구분#",
      "paragraph_len": 1154,
      "paragraph_id": "001"
    }
  ],
  "score": {
    "paragraph_score": [
      {
        "paragraph_scoreT": [
          3,
          3,
          3
        ],
        "paragraph_scoreT_detail": {
          "paragraph_scoreT_exp": [
            [
              3,
              3,
              3
            ],
            [
              3,
              3,
              3
            ],
            [
              3,
              3,
              3
            ]
          ]
        },
        "paragraph_scoreT_avg": 3,
        "paragraph_id": "001"
      }
    ],
    "essay_scoreT": [
      28.8,
      28.8,
      30
    ],
    "essay_scoreT_avg": 29.199999,
    "essay_scoreT_detail": {
      "essay_scoreT_org": [
        [
          3,
          0,
          3,
          3
        ],
        [
          3,
          0,
          3,
          3
        ],
        [
          3,
          0,
          3,
          3
        ]
      ],
      "essay_scoreT_cont": [
        [
          3,
          2,
          3,
          3
        ],
        [
          3,
          2,
          3,
          3
        ],
        [
          3,
          3,
          3,
          3
        ]
      ],
      "essay_scoreT_exp": [
        [
          3,
          3,
          3
        ],
        [
          3,
          3,
          3
        ],
        [
          3,
          3,
          3
        ]
      ]
    }
  },
  "student": {
    "date": "2021.12.21",
    "student_educated": true,
    "student_grade": "고등_1학년",
    "location": "063",
    "student_grade_group": "고등",
    "student_reading": 2
  },
  "rubric": {
    "essay_grade": "고등_1학년",
    "organization_weight": {
      "org_paragraph": 0,
      "org": 3,
      "org_essay": 6,
      "org_coherence": 3,
      "org_quantity": 1
    },
    "essay_type": "찬성반대",
    "content_weight": {
      "con_clearance": 3,
      "con_novelty": 3,
      "con": 4,
      "con_prompt": 1,
      "con_description": 3
    },
    "essay_main_subject": "비혼주의자에 대한 본인의 의견",
    "expression_weight": {
      "exp_style": 4,
      "exp_grammar": 2,
      "exp_vocab": 4,
      "exp": 3
    }
  },
  "correction": [],
  "info": {
    "essay_id": "ESSAY_72081",
    "essay_prompt": " \"\"연애는 필수, 결혼은 선택! 가슴이 뛰는 대로 가면 돼\"\".\n\n 유명한 유행가의 노래 가사처럼, 청년들에게 결혼은 이제 필수가 아닌 하나의 선택 사항입니다. 연애, 결혼, 출산을 포기한다는 의미의 '3포세대'라는 말이 나오기 무섭게 5포 세대, N포세대까지 등장할 정도로 취업난, 치솟는 부동산 가격 등 여러 사회·경제적 요인들로 청년층을 위축시켰습니다.\n\n 모두가 이러한 이유로 '결혼을 포기'하는 것만은 아닙니다. 개인의 행복을 위해 '비혼을 선택'하는 청년들도 늘고 있습니다. 이처럼 최근 전통적인 가치관에서 벗어나 연애와 동거는 하면서 결혼이라는 제도에 묶여 관계에서 파생되는 책임을 벗어나 자유로운 삶을 추구하는 비혼주의자가 늘고 있습니다.\n\n 다만, 개인의 자유로운 선택에 따라 비혼주의를 하지만 주변에서는 아직 고운 시선으로 바라보지 않는 사람도 많습니다. 결혼이라는 제도에 대해서 선택이 아닌 필수라고 생각하는 사람들도 많지요. 개개인이 모여 사회가 형성되기 때문에 사회의 가장 작은 단위인 가족을 이루는 것도 사회 구성원으로서의 큰 역할이라고 생각하는 사람들도 있습니다.\n\n 여러분은 결혼을 꼭 해야 한다고 생각하시나요? 아니면 결혼은 선택의 문제라고 생각하시나요? 비혼주의에 대해 찬성하는 입장 반대를 선택하여 자신의 의견을 작성해주세요. 그리고 그렇게 생각한 이유에 대해서 작성해주세요.",
    "essay_type": "찬성반대",
    "essay_level": "2",
    "essay_len": 855,
    "essay_main_subject": "비혼주의자에 대한 본인의 의견"
  }
}