{
  "paragraph": [
    {
      "paragraph_txt": "예전에는 남녀가 가정을 꾸리는 것이 마치 의무처럼 여겨졌는데, 시간이 가면 갈수록 과연 평생을 행복하게 산 부부가 많을까? 라는 생각이 든다.#@문장구분# 최근 늘어난 자식 양육 비용과 주택가격이 천정부지로 치솟고 가정 부채가 최대로 올라간 가운데 각 가정에 대한 비용문제가 화두로 들어서고 있다.#@문장구분# 가정에서는 서로에 대한 사랑은 예전만 못하고 자식걱정에 싸우는날이 한두번이 아니며 경제적인 부분으로 걱정하는날이 꽤 많은 비중을 차지할것이라 생각된다.#@문장구분# 그렇게 싸우는 가정에서 태어난 아이는 정서가 잘 발달하지 못한다고 생각한다.#@문장구분# 또한 각 부부 본인의 행복도 잘 추구되지 못한다고 생각한다.#@문장구분# 차라리 그럴바에는 관계에 얽메이지 않고 자유롭고 자신이 추구하는 방향대로 사는 삶이 좋다고 생각한다.#@문장구분# 또한 요즘 사회가 이렇다보니 비혼에 대해 생각하는 사람이 느는 것은 자연스러운 일이다.#@문장구분# 생각해보면 인생은 긴데, 거의 반을 한 사람만 콕 집어 사랑하라는건 생각보다 어려운 일일지도 모른다.#@문장구분# 그러기에 연애의 결말이 꼭 결혼이여야만 하는건 아니라고 본다.#@문장구분# 사랑을 하든 결혼을 하든 그건 본인의 선택이라고 생각한다.#@문장구분# 그렇지만 또 주변에서 결혼을 강요할 필요는 없어보이는듯 하다.#@문장구분# 이제는 시대가 바뀌었다고 생각한다.#@문장구분# 아무리 저출산이라고 현재 출산이 필요하다고 하지만 수도권으로 몰려 서울경기권 포화 현상을 지방으로 돌리는 해결방법을 찾을때까지는 집값은 떨어지지 않을것이고 그렇다면 가정부채문제가 해결되지 않을것이라고 생각한다.#@문장구분# 이런 사회문제를 해결하기 전까지는 아직 시간이 있다고 생각이되고, 그러기에 난 현재 사회로써는 비혼에 대해서 찬성하는 입장이다.#@문장구분#",
      "paragraph_len": 1077,
      "paragraph_id": "001"
    }
  ],
  "score": {
    "paragraph_score": [
      {
        "paragraph_scoreT": [
          2.8,
          2.8,
          2
        ],
        "paragraph_scoreT_detail": {
          "paragraph_scoreT_exp": [
            [
              2,
              3,
              3
            ],
            [
              2,
              3,
              3
            ],
            [
              2,
              2,
              2
            ]
          ]
        },
        "paragraph_scoreT_avg": 2.5333333,
        "paragraph_id": "001"
      }
    ],
    "essay_scoreT": [
      28.5,
      29.4,
      21.6
    ],
    "essay_scoreT_avg": 26.5,
    "essay_scoreT_detail": {
      "essay_scoreT_org": [
        [
          3,
          0,
          2,
          3
        ],
        [
          3,
          0,
          3,
          3
        ],
        [
          2,
          0,
          2,
          2
        ]
      ],
      "essay_scoreT_cont": [
        [
          3,
          3,
          3,
          3
        ],
        [
          3,
          3,
          3,
          3
        ],
        [
          3,
          2,
          3,
          2
        ]
      ],
      "essay_scoreT_exp": [
        [
          2,
          3,
          3
        ],
        [
          2,
          3,
          3
        ],
        [
          2,
          2,
          2
        ]
      ]
    }
  },
  "student": {
    "date": "2021.10.01",
    "student_educated": true,
    "student_grade": "고등_1학년",
    "location": "051",
    "student_grade_group": "고등",
    "student_reading": 1
  },
  "rubric": {
    "essay_grade": "고등_1학년",
    "organization_weight": {
      "org_paragraph": 0,
      "org": 3,
      "org_essay": 6,
      "org_coherence": 3,
      "org_quantity": 1
    },
    "essay_type": "찬성반대",
    "content_weight": {
      "con_clearance": 3,
      "con_novelty": 3,
      "con": 4,
      "con_prompt": 1,
      "con_description": 3
    },
    "essay_main_subject": "비혼주의자에 대한 본인의 의견",
    "expression_weight": {
      "exp_style": 4,
      "exp_grammar": 2,
      "exp_vocab": 4,
      "exp": 3
    }
  },
  "correction": [],
  "info": {
    "essay_id": "ESSAY_37083",
    "essay_prompt": " \"\"연애는 필수, 결혼은 선택! 가슴이 뛰는 대로 가면 돼\"\".\n\n 유명한 유행가의 노래 가사처럼, 청년들에게 결혼은 이제 필수가 아닌 하나의 선택 사항입니다. 연애, 결혼, 출산을 포기한다는 의미의 '3포세대'라는 말이 나오기 무섭게 5포 세대, N포세대까지 등장할 정도로 취업난, 치솟는 부동산 가격 등 여러 사회·경제적 요인들로 청년층을 위축시켰습니다.\n\n 모두가 이러한 이유로 '결혼을 포기'하는 것만은 아닙니다. 개인의 행복을 위해 '비혼을 선택'하는 청년들도 늘고 있습니다. 이처럼 최근 전통적인 가치관에서 벗어나 연애와 동거는 하면서 결혼이라는 제도에 묶여 관계에서 파생되는 책임을 벗어나 자유로운 삶을 추구하는 비혼주의자가 늘고 있습니다.\n\n 다만, 개인의 자유로운 선택에 따라 비혼주의를 하지만 주변에서는 아직 고운 시선으로 바라보지 않는 사람도 많습니다. 결혼이라는 제도에 대해서 선택이 아닌 필수라고 생각하는 사람들도 많지요. 개개인이 모여 사회가 형성되기 때문에 사회의 가장 작은 단위인 가족을 이루는 것도 사회 구성원으로서의 큰 역할이라고 생각하는 사람들도 있습니다.\n\n 여러분은 결혼을 꼭 해야 한다고 생각하시나요? 아니면 결혼은 선택의 문제라고 생각하시나요? 비혼주의에 대해 찬성하는 입장 반대를 선택하여 자신의 의견을 작성해주세요. 그리고 그렇게 생각한 이유에 대해서 작성해주세요.",
    "essay_type": "찬성반대",
    "essay_level": "2",
    "essay_len": 797,
    "essay_main_subject": "비혼주의자에 대한 본인의 의견"
  }
}