{
  "paragraph": [
    {
      "paragraph_txt": "난 비혼 주의자이다.#@문장구분# 나는 어릴 적 동화책을 보면서 내 인생도 신데렐라나 백설 공주와 같이 멋진 왕자님을 만나 사랑하는 동화 같은 삶을 꿈꿔 왔었다.#@문장구분# 하지만 시간이 지나고 이런 저런 여러 일들을 겪고 나니 그 꿈은 사라진지 오래이며 난 결혼은 선택 사항이며 굳이 결혼을 하지 않아도 행복하게 살 수 있단 생각으로 가득 차게 되었다.#@문장구분# 우리나라 직장인의 월평균 소득은 329만원이라고 한다.#@문장구분# 하지만 아이 하나 키우는데 드는 비용은 영아기 3064만원, 유아기 3686만원, 초등학교 7596만원, 중-고등학교 8842만원, 대학교 7709만원 총 3억 897만원으로 결혼 후 둘이 맞벌이를 하며 658만원으로 아이를 기른다고 해도 아이를 한명만 낳는다는 보장도 없으며 집세, 핸드폰 세, 각종 생활비와 세금 등을 고려 해 봤을 때도 턱 없이 부족한 돈이기에 현실 적으로 생각해도 난 결혼을 해 내 자유로운 삶을 0순위가 아닌 다른 순위로 밀어 내기 싫어졌다.#@문장구분# 물론 정말 내 이상형이고 사랑하는 사람을 만나면 자연스럽게 나도 결혼하고 싶단 생각이 들 수도 있지만 미성년자인 지금은 내가 하고 싶은 일을 하며 내가 버는 돈으로 소소한 행복을 찾고 부모님과 동생에게 용돈도 주고 기분 전환을 위해 여행도 가는 내가 주체이고 결혼에 대해 조급해 하지도 맘 졸여 하지도 않는 오직 내가 주체인 삶을 살아가고 싶다.#@문장구분# 아직 현실적으로 와닿는 부분은 아니더라고 위와같이 비용적인 부분들을 생각하면 누가 당장 결혼이라는 것을 하고 싶을지가 의문이기는 하다.#@문장구분# 저와 같은 부분이 해결이 되지 않는다면 시간이 갈수록 더 어렵지 않을까라는 생각이든다.#@문장구분#",
      "paragraph_len": 957,
      "paragraph_id": "001"
    }
  ],
  "score": {
    "paragraph_score": [
      {
        "paragraph_scoreT": [
          3,
          2.2,
          3
        ],
        "paragraph_scoreT_detail": {
          "paragraph_scoreT_exp": [
            [
              3,
              3,
              3
            ],
            [
              3,
              2,
              2
            ],
            [
              3,
              3,
              3
            ]
          ]
        },
        "paragraph_scoreT_avg": 2.7333333,
        "paragraph_id": "001"
      }
    ],
    "essay_scoreT": [
      28.5,
      26,
      30
    ],
    "essay_scoreT_avg": 28.166666,
    "essay_scoreT_detail": {
      "essay_scoreT_org": [
        [
          3,
          0,
          3,
          2
        ],
        [
          3,
          0,
          3,
          3
        ],
        [
          3,
          0,
          3,
          3
        ]
      ],
      "essay_scoreT_cont": [
        [
          3,
          2,
          3,
          3
        ],
        [
          3,
          2,
          2,
          3
        ],
        [
          3,
          3,
          3,
          3
        ]
      ],
      "essay_scoreT_exp": [
        [
          3,
          3,
          3
        ],
        [
          3,
          2,
          2
        ],
        [
          3,
          3,
          3
        ]
      ]
    }
  },
  "student": {
    "date": "2021.12.01",
    "student_educated": true,
    "student_grade": "고등_1학년",
    "location": "063",
    "student_grade_group": "고등",
    "student_reading": 1
  },
  "rubric": {
    "essay_grade": "고등_1학년",
    "organization_weight": {
      "org_paragraph": 0,
      "org": 3,
      "org_essay": 6,
      "org_coherence": 3,
      "org_quantity": 1
    },
    "essay_type": "찬성반대",
    "content_weight": {
      "con_clearance": 3,
      "con_novelty": 3,
      "con": 4,
      "con_prompt": 1,
      "con_description": 3
    },
    "essay_main_subject": "비혼주의자에 대한 본인의 의견",
    "expression_weight": {
      "exp_style": 4,
      "exp_grammar": 2,
      "exp_vocab": 4,
      "exp": 3
    }
  },
  "correction": [],
  "info": {
    "essay_id": "ESSAY_53486",
    "essay_prompt": " \"\"연애는 필수, 결혼은 선택! 가슴이 뛰는 대로 가면 돼\"\".\n\n 유명한 유행가의 노래 가사처럼, 청년들에게 결혼은 이제 필수가 아닌 하나의 선택 사항입니다. 연애, 결혼, 출산을 포기한다는 의미의 '3포세대'라는 말이 나오기 무섭게 5포 세대, N포세대까지 등장할 정도로 취업난, 치솟는 부동산 가격 등 여러 사회·경제적 요인들로 청년층을 위축시켰습니다.\n\n 모두가 이러한 이유로 '결혼을 포기'하는 것만은 아닙니다. 개인의 행복을 위해 '비혼을 선택'하는 청년들도 늘고 있습니다. 이처럼 최근 전통적인 가치관에서 벗어나 연애와 동거는 하면서 결혼이라는 제도에 묶여 관계에서 파생되는 책임을 벗어나 자유로운 삶을 추구하는 비혼주의자가 늘고 있습니다.\n\n 다만, 개인의 자유로운 선택에 따라 비혼주의를 하지만 주변에서는 아직 고운 시선으로 바라보지 않는 사람도 많습니다. 결혼이라는 제도에 대해서 선택이 아닌 필수라고 생각하는 사람들도 많지요. 개개인이 모여 사회가 형성되기 때문에 사회의 가장 작은 단위인 가족을 이루는 것도 사회 구성원으로서의 큰 역할이라고 생각하는 사람들도 있습니다.\n\n 여러분은 결혼을 꼭 해야 한다고 생각하시나요? 아니면 결혼은 선택의 문제라고 생각하시나요? 비혼주의에 대해 찬성하는 입장 반대를 선택하여 자신의 의견을 작성해주세요. 그리고 그렇게 생각한 이유에 대해서 작성해주세요.",
    "essay_type": "찬성반대",
    "essay_level": "2",
    "essay_len": 798,
    "essay_main_subject": "비혼주의자에 대한 본인의 의견"
  }
}