{
  "paragraph": [
    {
      "paragraph_txt": "나는 비혼에 찬성한다.#@문장구분# 이유는 우리나라같은 혼란한 나라에서는 가정을꾸려 아이낳고 살아갈 수 없을것같기 때문이다.#@문장구분# 요즘 예전에 비하여 물가가 훨씬 오르며 집값과 땅값 또는 결혼에 필요한 예식비용, 아이를 낳은후에 필요한 교육비와 양육비까지 어마어마한 돈이 필요하기 때문에 결혼에 대한 부담감이 훨씬 커졌기에 결혼을 안하다는것에 대해 찬성을 한다.#@문장구분# 그 다음으로 결혼은 연애에 비해 책임이 더 크고 그에 따른 신중한 결정 또한 해야하기 때문에 결혼은 살면서 무조건 해야하는것이 아닌 본인들의 선택을 통해 결정을 해야 한다고 생각한다.#@문장구분# 비혼주의도 자신만의 권리를 표출하는 행동이기에 자신이 원하지 않는다면 비혼주의를 인정 해주는 것이 중요하다고 생각을 한다. #@문장구분#또한 지금 자신의 자유로운 삶이 좋다하여 비혼을 하는 인구도 많아졌다 아직 정부가 결혼에 대한 여러가지 혜택과 제도가 있지 않으므로 비혼주의자 결혼을 하지 않는 사람이 생기는 것은 당연하다고 생각을 한다.#@문장구분# 정부가 부동산과 결혼장려 지원금을 마련해 주는 것도 하나의 해결 방법이라는 생각이든다. #@문장구분#이 비혼주의자를 주장하는 사람들에 대해 '비혼은 잘못되었다' 비혼이 안좋다라고 주장만할게 아니라  비혼 주의자들의 권리를 존중해주어야한다고 생각을 한다.#@문장구분# 그리고 요즘에는 딩크족이라고 결혼은 하지만 아이를 갖지 않는 부부들도 많이 있다.#@문장구분# 즉 결혼이나 아이를 갖는거나 다 개인의 선택이라는 것이다.#@문장구분# 나는 결혼을 하고 난 후 가족 구성원이 많아 짐에 따라 그 인원수 만큼 경제적인 부담 또한 늘어나며 아직 결혼에 대한 정부의 제도가 많지 않으며 비혼 주의를 주장하는 사람을 자신의 권리를 표출 하는 것이라고 생각하기에 비혼주의에 대하여 찬성한다는 입장이다.#@문장구분#",
      "paragraph_len": 1057,
      "paragraph_id": "001"
    }
  ],
  "score": {
    "paragraph_score": [
      {
        "paragraph_scoreT": [
          3,
          2.4,
          2.8
        ],
        "paragraph_scoreT_detail": {
          "paragraph_scoreT_exp": [
            [
              3,
              3,
              3
            ],
            [
              2,
              3,
              2
            ],
            [
              2,
              3,
              3
            ]
          ]
        },
        "paragraph_scoreT_avg": 2.7333333,
        "paragraph_id": "001"
      }
    ],
    "essay_scoreT": [
      30,
      26.100002,
      28.2
    ],
    "essay_scoreT_avg": 28.1,
    "essay_scoreT_detail": {
      "essay_scoreT_org": [
        [
          3,
          0,
          3,
          3
        ],
        [
          3,
          0,
          2,
          3
        ],
        [
          3,
          0,
          3,
          3
        ]
      ],
      "essay_scoreT_cont": [
        [
          3,
          3,
          3,
          3
        ],
        [
          3,
          2,
          3,
          3
        ],
        [
          3,
          2,
          3,
          3
        ]
      ],
      "essay_scoreT_exp": [
        [
          3,
          3,
          3
        ],
        [
          2,
          3,
          2
        ],
        [
          2,
          3,
          3
        ]
      ]
    }
  },
  "student": {
    "date": "2021.12.19",
    "student_educated": true,
    "student_grade": "고등_1학년",
    "location": "063",
    "student_grade_group": "고등",
    "student_reading": 2
  },
  "rubric": {
    "essay_grade": "고등_1학년",
    "organization_weight": {
      "org_paragraph": 0,
      "org": 3,
      "org_essay": 6,
      "org_coherence": 3,
      "org_quantity": 1
    },
    "essay_type": "찬성반대",
    "content_weight": {
      "con_clearance": 3,
      "con_novelty": 3,
      "con": 4,
      "con_prompt": 1,
      "con_description": 3
    },
    "essay_main_subject": "비혼주의자에 대한 본인의 의견",
    "expression_weight": {
      "exp_style": 4,
      "exp_grammar": 2,
      "exp_vocab": 4,
      "exp": 3
    }
  },
  "correction": [],
  "info": {
    "essay_id": "ESSAY_71840",
    "essay_prompt": " \"\"연애는 필수, 결혼은 선택! 가슴이 뛰는 대로 가면 돼\"\".\n\n 유명한 유행가의 노래 가사처럼, 청년들에게 결혼은 이제 필수가 아닌 하나의 선택 사항입니다. 연애, 결혼, 출산을 포기한다는 의미의 '3포세대'라는 말이 나오기 무섭게 5포 세대, N포세대까지 등장할 정도로 취업난, 치솟는 부동산 가격 등 여러 사회·경제적 요인들로 청년층을 위축시켰습니다.\n\n 모두가 이러한 이유로 '결혼을 포기'하는 것만은 아닙니다. 개인의 행복을 위해 '비혼을 선택'하는 청년들도 늘고 있습니다. 이처럼 최근 전통적인 가치관에서 벗어나 연애와 동거는 하면서 결혼이라는 제도에 묶여 관계에서 파생되는 책임을 벗어나 자유로운 삶을 추구하는 비혼주의자가 늘고 있습니다.\n\n 다만, 개인의 자유로운 선택에 따라 비혼주의를 하지만 주변에서는 아직 고운 시선으로 바라보지 않는 사람도 많습니다. 결혼이라는 제도에 대해서 선택이 아닌 필수라고 생각하는 사람들도 많지요. 개개인이 모여 사회가 형성되기 때문에 사회의 가장 작은 단위인 가족을 이루는 것도 사회 구성원으로서의 큰 역할이라고 생각하는 사람들도 있습니다.\n\n 여러분은 결혼을 꼭 해야 한다고 생각하시나요? 아니면 결혼은 선택의 문제라고 생각하시나요? 비혼주의에 대해 찬성하는 입장 반대를 선택하여 자신의 의견을 작성해주세요. 그리고 그렇게 생각한 이유에 대해서 작성해주세요.",
    "essay_type": "찬성반대",
    "essay_level": "2",
    "essay_len": 838,
    "essay_main_subject": "비혼주의자에 대한 본인의 의견"
  }
}