{
  "paragraph": [
    {
      "paragraph_txt": "\"연애는 필수, 결혼은 선택! 가슴이 뛰는 대로 가면 돼\".#@문장구분#유명한 유행가의 노래 가사처럼, 청년들에게 결혼은 이제 필수가 아닌 하나의 선택 사항입니다. .#@문장구분#난 비혼주의자에 찬성한다.#@문장구분# 물론 비혼주의자가 된다면 우리나라 출산율도 자연스럽게 떨어지고 나라의 인구수가 점점 준다는 것은 정말 엄청난 문제인것은 알지만 결혼을 해서 아이를 낳는다는게 쉬운것도 아니고 무작정 낳고 책임을 못 지는것보단 나은 선택인거다.#@문장구분# 기본적인 통계로만 나와있는것도 한 아이당 들어가는 돈이 1~2억 든다고 나와있는데 그것 또한 상황마다 다르기 때문에 사교육비가 더 들면 더 나올수도 있는거고 요즘 물가를 생각하면 아이를 키우기 위해선 기본적으로 집과 차와 의식주가 다 되어야 하는데 웬만한 부자집 아니곤 이걸 감당하긴 쉽지 않다#@문장구분# 국가에서 지원을 해준다 해도 막상 받는건 별로 없고 내야하는 것들만 많다.#@문장구분# 다자녀 혜택을 받는다 해도 그건 정말 아이를 낳고 키우는데 정말 진짜 조금의 일부에 도움이 되는거지 그게 다 도움이 되진 않는다.#@문장구분# 내가 세자매여서 아는데 세금은 몽땅 때가고 혜택 받는건 별로 없기에 불만이 많다.#@문장구분# 우린 그나마 아빠가 혼자 감당하고 있어서 잘 살순있지만 아빠 혼자 힘들면서 엄마는 집안일을 담당하면서 그렇게 자신의 인생을 포기하면서까지 결혼하고싶지도 않고 애를 낳고싶지도 않고 한번뿐인 내 인생 멋지고 찬란하게 살아가고 싶기에 비혼주의를 택했고 외로울땐 가족들을 보면 되고 남자친구를 사귀면 되는 것이다.#@문장구분# 외로움을 극복할수있는 방법은 다양하기 때문에 나는 비혼주의자가 늘어나는 비중을 이해할 수 있다.#@문장구분#혼밥족들에 맞는 포장 음식들도 많아지고있다.#@문장구분#",
      "paragraph_len": 1022,
      "paragraph_id": "001"
    }
  ],
  "score": {
    "paragraph_score": [
      {
        "paragraph_scoreT": [
          2.4,
          2.6,
          3
        ],
        "paragraph_scoreT_detail": {
          "paragraph_scoreT_exp": [
            [
              2,
              3,
              2
            ],
            [
              3,
              3,
              2
            ],
            [
              3,
              3,
              3
            ]
          ]
        },
        "paragraph_scoreT_avg": 2.6666667,
        "paragraph_id": "001"
      }
    ],
    "essay_scoreT": [
      26.4,
      26.4,
      27.2
    ],
    "essay_scoreT_avg": 26.666666,
    "essay_scoreT_detail": {
      "essay_scoreT_org": [
        [
          3,
          0,
          3,
          3
        ],
        [
          3,
          0,
          3,
          3
        ],
        [
          3,
          0,
          3,
          3
        ]
      ],
      "essay_scoreT_cont": [
        [
          2,
          2,
          3,
          3
        ],
        [
          2,
          2,
          3,
          3
        ],
        [
          2,
          2,
          2,
          3
        ]
      ],
      "essay_scoreT_exp": [
        [
          3,
          3,
          2
        ],
        [
          3,
          3,
          2
        ],
        [
          3,
          3,
          3
        ]
      ]
    }
  },
  "student": {
    "date": "2021.12.21",
    "student_educated": true,
    "student_grade": "고등_1학년",
    "location": "063",
    "student_grade_group": "고등",
    "student_reading": 1
  },
  "rubric": {
    "essay_grade": "고등_1학년",
    "organization_weight": {
      "org_paragraph": 0,
      "org": 3,
      "org_essay": 6,
      "org_coherence": 3,
      "org_quantity": 1
    },
    "essay_type": "찬성반대",
    "content_weight": {
      "con_clearance": 3,
      "con_novelty": 3,
      "con": 4,
      "con_prompt": 1,
      "con_description": 3
    },
    "essay_main_subject": "비혼주의자에 대한 본인의 의견",
    "expression_weight": {
      "exp_style": 4,
      "exp_grammar": 2,
      "exp_vocab": 4,
      "exp": 3
    }
  },
  "correction": [],
  "info": {
    "essay_id": "ESSAY_72085",
    "essay_prompt": " \"\"연애는 필수, 결혼은 선택! 가슴이 뛰는 대로 가면 돼\"\".\n\n 유명한 유행가의 노래 가사처럼, 청년들에게 결혼은 이제 필수가 아닌 하나의 선택 사항입니다. 연애, 결혼, 출산을 포기한다는 의미의 '3포세대'라는 말이 나오기 무섭게 5포 세대, N포세대까지 등장할 정도로 취업난, 치솟는 부동산 가격 등 여러 사회·경제적 요인들로 청년층을 위축시켰습니다.\n\n 모두가 이러한 이유로 '결혼을 포기'하는 것만은 아닙니다. 개인의 행복을 위해 '비혼을 선택'하는 청년들도 늘고 있습니다. 이처럼 최근 전통적인 가치관에서 벗어나 연애와 동거는 하면서 결혼이라는 제도에 묶여 관계에서 파생되는 책임을 벗어나 자유로운 삶을 추구하는 비혼주의자가 늘고 있습니다.\n\n 다만, 개인의 자유로운 선택에 따라 비혼주의를 하지만 주변에서는 아직 고운 시선으로 바라보지 않는 사람도 많습니다. 결혼이라는 제도에 대해서 선택이 아닌 필수라고 생각하는 사람들도 많지요. 개개인이 모여 사회가 형성되기 때문에 사회의 가장 작은 단위인 가족을 이루는 것도 사회 구성원으로서의 큰 역할이라고 생각하는 사람들도 있습니다.\n\n 여러분은 결혼을 꼭 해야 한다고 생각하시나요? 아니면 결혼은 선택의 문제라고 생각하시나요? 비혼주의에 대해 찬성하는 입장 반대를 선택하여 자신의 의견을 작성해주세요. 그리고 그렇게 생각한 이유에 대해서 작성해주세요.",
    "essay_type": "찬성반대",
    "essay_level": "2",
    "essay_len": 802,
    "essay_main_subject": "비혼주의자에 대한 본인의 의견"
  }
}