{
  "paragraph": [
    {
      "paragraph_txt": "최근 연예인이나 유명인들을 보면 비혼주의의 사람들을 어렵지 않게 찾아볼 수 있다.#@문장구분#",
      "paragraph_len": 65,
      "paragraph_id": "001"
    },
    {
      "paragraph_txt": "가족에게 희생하는 부모의 역할을 강요받던 시대에서 다른 누군가보다 본인 스스로에게 더 집중하고자 하는 삶을 더 중요시하는 시대로 변화하고 있다.#@문장구분# 따라서 이러한 비혼주의를 당당하게 선포하는 사람도 늘어나는 것 같다.#@문장구분# 결혼을 하고 자녀를 낳아 가정을 꾸리는 것도 사회적으로 중요한 문제일거라 생각하지만 그에 따르는 책임과 희생은 지금의 젊은 세대에게는 쉽지 않은 문제로 다가온다.#@문장구분# 먼저 결혼을 하는데 있어 생각하지 않을수 없는 큰 문제는 금전적인 부분이다.#@문장구분# 연이은 부동산 가격의 상승으로 젊은세대에서는 3포, 5포, N포라는 단어들이 속수무책으로 쏟아져 나올 수밖에 없었다.#@문장구분# 수년간 아끼고 아껴 모으더라도 내집마련 하기란 쉽지않을 뿐더러 아이를 낳게 되면 금전적인 부담은 배가 될 것이 눈에 훤하기 때문이다.#@문장구분# 당장 눈앞의 취업과 연애도 벅찬 현실에서 결혼과 출산은 엄두도 내지 못할 것이다.#@문장구분# 물론 이러한 경제적 이유로 인한 비혼주의 외에도 개인의 행복을 더 추구하기에 비혼주의를 택하는 사람들도 있을 것이다.#@문장구분#자유롭고 편안한 삶을 추구하는 현대인들에게 결혼은 어쩌면 구속이라는 열쇠를 채우는 것이라 생각이 들지도 모르겠다.#@문장구분# 결혼 후에도 이혼하는 가정이 많을뿐더러 결혼이 남, 녀 둘만의 사랑만으로 성사되는 것이 아닌 가족과 가족간의 결합이기에 지켜야 할 것과 책임질 것이 많아지는 결혼생활이 거부감을 느끼기에 충분하다.#@문장구분# 그렇기에 나는 결혼을 꼭 해야 한다가 아닌 선택의 사항이라 여겨지고 비혼주의에 찬성하는 이들에게 조금 더 마음이 기울어진다.#@문장구분#",
      "paragraph_len": 969,
      "paragraph_id": "002"
    }
  ],
  "score": {
    "paragraph_score": [
      {
        "paragraph_scoreT": [
          3,
          3,
          3
        ],
        "paragraph_scoreT_detail": {
          "paragraph_scoreT_exp": [
            [
              3,
              3,
              3
            ],
            [
              3,
              3,
              3
            ],
            [
              3,
              3,
              3
            ]
          ]
        },
        "paragraph_scoreT_avg": 3,
        "paragraph_id": "001"
      },
      {
        "paragraph_scoreT": [
          3,
          3,
          3
        ],
        "paragraph_scoreT_detail": {
          "paragraph_scoreT_exp": [
            [
              3,
              3,
              3
            ],
            [
              3,
              3,
              3
            ],
            [
              3,
              3,
              3
            ]
          ]
        },
        "paragraph_scoreT_avg": 3,
        "paragraph_id": "002"
      }
    ],
    "essay_scoreT": [
      28.5,
      27.2,
      30
    ],
    "essay_scoreT_avg": 28.566666,
    "essay_scoreT_detail": {
      "essay_scoreT_org": [
        [
          3,
          0,
          3,
          2
        ],
        [
          3,
          0,
          3,
          3
        ],
        [
          3,
          0,
          3,
          3
        ]
      ],
      "essay_scoreT_cont": [
        [
          3,
          2,
          3,
          3
        ],
        [
          3,
          1,
          2,
          3
        ],
        [
          3,
          3,
          3,
          3
        ]
      ],
      "essay_scoreT_exp": [
        [
          3,
          3,
          3
        ],
        [
          3,
          3,
          3
        ],
        [
          3,
          3,
          3
        ]
      ]
    }
  },
  "student": {
    "date": "2021.11.27",
    "student_educated": true,
    "student_grade": "고등_1학년",
    "location": "063",
    "student_grade_group": "고등",
    "student_reading": 1
  },
  "rubric": {
    "essay_grade": "고등_1학년",
    "organization_weight": {
      "org_paragraph": 0,
      "org": 3,
      "org_essay": 6,
      "org_coherence": 3,
      "org_quantity": 1
    },
    "essay_type": "찬성반대",
    "content_weight": {
      "con_clearance": 3,
      "con_novelty": 3,
      "con": 4,
      "con_prompt": 1,
      "con_description": 3
    },
    "essay_main_subject": "비혼주의자에 대한 본인의 의견",
    "expression_weight": {
      "exp_style": 4,
      "exp_grammar": 2,
      "exp_vocab": 4,
      "exp": 3
    }
  },
  "correction": [],
  "info": {
    "essay_id": "ESSAY_53464",
    "essay_prompt": " \"\"연애는 필수, 결혼은 선택! 가슴이 뛰는 대로 가면 돼\"\".\n\n 유명한 유행가의 노래 가사처럼, 청년들에게 결혼은 이제 필수가 아닌 하나의 선택 사항입니다. 연애, 결혼, 출산을 포기한다는 의미의 '3포세대'라는 말이 나오기 무섭게 5포 세대, N포세대까지 등장할 정도로 취업난, 치솟는 부동산 가격 등 여러 사회·경제적 요인들로 청년층을 위축시켰습니다.\n\n 모두가 이러한 이유로 '결혼을 포기'하는 것만은 아닙니다. 개인의 행복을 위해 '비혼을 선택'하는 청년들도 늘고 있습니다. 이처럼 최근 전통적인 가치관에서 벗어나 연애와 동거는 하면서 결혼이라는 제도에 묶여 관계에서 파생되는 책임을 벗어나 자유로운 삶을 추구하는 비혼주의자가 늘고 있습니다.\n\n 다만, 개인의 자유로운 선택에 따라 비혼주의를 하지만 주변에서는 아직 고운 시선으로 바라보지 않는 사람도 많습니다. 결혼이라는 제도에 대해서 선택이 아닌 필수라고 생각하는 사람들도 많지요. 개개인이 모여 사회가 형성되기 때문에 사회의 가장 작은 단위인 가족을 이루는 것도 사회 구성원으로서의 큰 역할이라고 생각하는 사람들도 있습니다.\n\n 여러분은 결혼을 꼭 해야 한다고 생각하시나요? 아니면 결혼은 선택의 문제라고 생각하시나요? 비혼주의에 대해 찬성하는 입장 반대를 선택하여 자신의 의견을 작성해주세요. 그리고 그렇게 생각한 이유에 대해서 작성해주세요.",
    "essay_type": "찬성반대",
    "essay_level": "2",
    "essay_len": 797,
    "essay_main_subject": "비혼주의자에 대한 본인의 의견"
  }
}