{
  "paragraph": [
    {
      "paragraph_txt": "어렸을 때 결혼을 하여 가정을 꾸리는 시대에는 보통 열여섯살부터 결혼하는 경우가 많았다고 한다.#@문장구분# 당시에는 평균 수명이 짧았기 때문에 이른 나이에 결혼하였고 생활에 대한 안정이 필요하여 결혼을 하였다.#@문장구분# 이 두가지가 당시 혼인에 대한 이유라고 생각하고 상대가 누군지도 모르거나 원치않는 결혼을 하는 경우가 많았다고 한다.#@문장구분# 하지만 현재는 양가 모두 안정적인 상황에서 결혼을 하고 평균 나이도 서른 다섯으로 알고 있다.#@문장구분# 백세인생이라는 말이 있을 정도로 요즘 평균 숨여은 백살을 넘어가고 있고 경제 또한 발전하여 결혼을 하지 않아도 안정적인 생활이 유지되기 때문에 비혼주의가 생기는 것 같다.#@문장구분# 결혼을 하지만 아이는 낳지 않는 딩크족이 많아져도 아직까지 사회적 시선은 결혼을 하면 무조건 아이를 가져야 된다는 고정관념이 있다고 여긴다.#@문장구분# 만약 아이가 생기면 부모는 육아 휴직을 쓰며 아이를 케어하고 직장보단 육아에 중점이 돌 것이다.#@문장구분# 그럼 본인의 모습은 사라지고 아이가 성인이 될 때 까지 계속 엄마 아빠라는 책임을 져야한다.#@문장구분# 물론 아이가 크는 모습을 보며 뿌듯하고 자랑스럽겠지만 아이엄마 아빠라는 책임을 져야 한다.#@문장구분# 물론 아이가 크는 모습을 보며 뿌듯하고 자랑스럽겠지만 아이 엄마 아빠이기 전 꿈을 위해 노력했던 것들이 다 물거품 된다고 생각하면 육아에 대해 더 신중해진다.#@문장구분# 본인의 삶을 우선으로 생각하는 걸 문제 삼기보단 독신에 대한 부정적인 인식이 사라져야 한다고 생각한다.#@문장구분# 앞으로 인구가 줄고 맘에 드는 사람도 많이 줄어들텐데 결혼을 안한다고 뭐라고 하는 것보다는 결혼을 하게끔 환경을 만들어 주는 것이 가장 중요하다고 생각한다.#@문장구분# 그러므로 나는 비혼주의에 대해 찬성한다.#@문장구분#",
      "paragraph_len": 1080,
      "paragraph_id": "001"
    }
  ],
  "score": {
    "paragraph_score": [
      {
        "paragraph_scoreT": [
          3,
          2.8,
          3
        ],
        "paragraph_scoreT_detail": {
          "paragraph_scoreT_exp": [
            [
              3,
              3,
              3
            ],
            [
              2,
              3,
              3
            ],
            [
              3,
              3,
              3
            ]
          ]
        },
        "paragraph_scoreT_avg": 2.9333334,
        "paragraph_id": "001"
      }
    ],
    "essay_scoreT": [
      30,
      27.3,
      26
    ],
    "essay_scoreT_avg": 27.766668,
    "essay_scoreT_detail": {
      "essay_scoreT_org": [
        [
          3,
          0,
          3,
          3
        ],
        [
          3,
          0,
          2,
          3
        ],
        [
          3,
          0,
          3,
          3
        ]
      ],
      "essay_scoreT_cont": [
        [
          3,
          3,
          3,
          3
        ],
        [
          3,
          2,
          3,
          3
        ],
        [
          2,
          2,
          2,
          2
        ]
      ],
      "essay_scoreT_exp": [
        [
          3,
          3,
          3
        ],
        [
          2,
          3,
          3
        ],
        [
          3,
          3,
          3
        ]
      ]
    }
  },
  "student": {
    "date": "2021.12.16",
    "student_educated": true,
    "student_grade": "고등_1학년",
    "location": "054",
    "student_grade_group": "고등",
    "student_reading": 1
  },
  "rubric": {
    "essay_grade": "고등_1학년",
    "organization_weight": {
      "org_paragraph": 0,
      "org": 3,
      "org_essay": 6,
      "org_coherence": 3,
      "org_quantity": 1
    },
    "essay_type": "찬성반대",
    "content_weight": {
      "con_clearance": 3,
      "con_novelty": 3,
      "con": 4,
      "con_prompt": 1,
      "con_description": 3
    },
    "essay_main_subject": "비혼주의자에 대한 본인의 의견",
    "expression_weight": {
      "exp_style": 4,
      "exp_grammar": 2,
      "exp_vocab": 4,
      "exp": 3
    }
  },
  "correction": [],
  "info": {
    "essay_id": "ESSAY_65959",
    "essay_prompt": " \"\"연애는 필수, 결혼은 선택! 가슴이 뛰는 대로 가면 돼\"\".\n\n 유명한 유행가의 노래 가사처럼, 청년들에게 결혼은 이제 필수가 아닌 하나의 선택 사항입니다. 연애, 결혼, 출산을 포기한다는 의미의 '3포세대'라는 말이 나오기 무섭게 5포 세대, N포세대까지 등장할 정도로 취업난, 치솟는 부동산 가격 등 여러 사회·경제적 요인들로 청년층을 위축시켰습니다.\n\n 모두가 이러한 이유로 '결혼을 포기'하는 것만은 아닙니다. 개인의 행복을 위해 '비혼을 선택'하는 청년들도 늘고 있습니다. 이처럼 최근 전통적인 가치관에서 벗어나 연애와 동거는 하면서 결혼이라는 제도에 묶여 관계에서 파생되는 책임을 벗어나 자유로운 삶을 추구하는 비혼주의자가 늘고 있습니다.\n\n 다만, 개인의 자유로운 선택에 따라 비혼주의를 하지만 주변에서는 아직 고운 시선으로 바라보지 않는 사람도 많습니다. 결혼이라는 제도에 대해서 선택이 아닌 필수라고 생각하는 사람들도 많지요. 개개인이 모여 사회가 형성되기 때문에 사회의 가장 작은 단위인 가족을 이루는 것도 사회 구성원으로서의 큰 역할이라고 생각하는 사람들도 있습니다.\n\n 여러분은 결혼을 꼭 해야 한다고 생각하시나요? 아니면 결혼은 선택의 문제라고 생각하시나요? 비혼주의에 대해 찬성하는 입장 반대를 선택하여 자신의 의견을 작성해주세요. 그리고 그렇게 생각한 이유에 대해서 작성해주세요.",
    "essay_type": "찬성반대",
    "essay_level": "2",
    "essay_len": 820,
    "essay_main_subject": "비혼주의자에 대한 본인의 의견"
  }
}