{
  "paragraph": [
    {
      "paragraph_txt": "일단 이 주제에 대한 저의 생각은 찬성입니다.#@문장구분# 왜냐하면 먼저 사람들이 결혼을 선호하지 않는 이유가 첫 번째로 돈이 부족하기 때문입니다.#@문장구분# 돈이 부족하면 일반적으로 해야하는 것도 못 할 수도 있는데 결혼을 하면 자녀 양육에 대한 비용이 들고 여성을 출산을 하면 직장을 잃을 수도 있는 가능성이 매우 커서 결혼하면서 사용하는 비용이 더욱이 늘어나 가정이 파탄날 수 있다는 생각이 들기 떄문입니다#@문장구분#\n 두 번째로 자유가 부족해지기 때문입니다.#@문장구분# 자유가 부족해지면 자신이 어렸을 때부터 하고 싶은 것이 있었을텐데 결혼으로 인해 못 할 수도 있고 자유가 부족해지면 결혼 생활을 하는데 지장이 갈 수 있다고 생각하기 때문입니다.#@문장구분#\n 세 번째로 최근의 가치관 많이 변하였기 때문입니다.#@문장구분# 과거의 가치관은 무조건 결혼을 해야한다는 생각이 자신을 얽매이게 만들었고 그것이 당연하다고 생각하지만 최근에 들어서 점점 여러가지 이유로 과거 가치관에 벗어나고 세상이 발달하면서 할 수있는 것이 많아지면서 자신이 하고싶어지는 가치관이 많아졌다고 생각합니다.#@문장구분#\n 그리고 결혼하는 것은 생각해보면 인권을 침해한다고 생각할 수있다고 생각합니다.#@문장구분# 그렇지 않은 사람도 있겠지만 만약 우리가 다른나라의 문화를 볼 때 문화를 문화를 받아들일 수 있지 만 만약 그 문화가 생명에 지장을 주거나 인권을 침해하는 것은 받아들이지 않습니다.#@문장구분# 이 예시를 결혼에 대입해 본다면 좋지 못한 여러가지의 이유를 들고 결혼을 하면 '자유권'이라는 아주 기본적인 인권에 침해한다고 생각합니다.#@문장구분#\n마지막으로 저의 생각을 정리해보자면 비혼수의를 찬성하는 이유는 옛날의 가치관에 비해 최근의 가치관은 좀 더 자유롭다고 생각하고 현대를 살아가기 위해 돈을 필수적이기 때문에 결혼을하면 돈이 더욱 많이 들어 결혼을 한 사람에게 부담이 되어 비혼수의를 찬성합니다.#@문장구분#",
      "paragraph_len": 1105,
      "paragraph_id": "001"
    }
  ],
  "score": {
    "paragraph_score": [
      {
        "paragraph_scoreT": [
          3,
          2.2,
          1.8
        ],
        "paragraph_scoreT_detail": {
          "paragraph_scoreT_exp": [
            [
              3,
              3,
              3
            ],
            [
              3,
              2,
              2
            ],
            [
              1,
              2,
              2
            ]
          ]
        },
        "paragraph_scoreT_avg": 2.3333333,
        "paragraph_id": "001"
      }
    ],
    "essay_scoreT": [
      30,
      24.3,
      18.8
    ],
    "essay_scoreT_avg": 24.366667,
    "essay_scoreT_detail": {
      "essay_scoreT_org": [
        [
          3,
          0,
          3,
          3
        ],
        [
          2,
          0,
          3,
          2
        ],
        [
          2,
          0,
          3,
          1
        ]
      ],
      "essay_scoreT_cont": [
        [
          3,
          3,
          3,
          3
        ],
        [
          3,
          3,
          3,
          2
        ],
        [
          3,
          1,
          2,
          1
        ]
      ],
      "essay_scoreT_exp": [
        [
          3,
          3,
          3
        ],
        [
          3,
          2,
          2
        ],
        [
          1,
          2,
          2
        ]
      ]
    }
  },
  "student": {
    "date": "2021.08.08",
    "student_educated": true,
    "student_grade": "고등_1학년",
    "location": "051",
    "student_grade_group": "고등",
    "student_reading": 1
  },
  "rubric": {
    "essay_grade": "고등_1학년",
    "organization_weight": {
      "org_paragraph": 0,
      "org": 3,
      "org_essay": 6,
      "org_coherence": 3,
      "org_quantity": 1
    },
    "essay_type": "찬성반대",
    "content_weight": {
      "con_clearance": 3,
      "con_novelty": 3,
      "con": 4,
      "con_prompt": 1,
      "con_description": 3
    },
    "essay_main_subject": "비혼주의자에 대한 본인의 의견",
    "expression_weight": {
      "exp_style": 4,
      "exp_grammar": 2,
      "exp_vocab": 4,
      "exp": 3
    }
  },
  "correction": [],
  "info": {
    "essay_id": "ESSAY_34039",
    "essay_prompt": " \"\"연애는 필수, 결혼은 선택! 가슴이 뛰는 대로 가면 돼\"\".\n\n 유명한 유행가의 노래 가사처럼, 청년들에게 결혼은 이제 필수가 아닌 하나의 선택 사항입니다. 연애, 결혼, 출산을 포기한다는 의미의 '3포세대'라는 말이 나오기 무섭게 5포 세대, N포세대까지 등장할 정도로 취업난, 치솟는 부동산 가격 등 여러 사회·경제적 요인들로 청년층을 위축시켰습니다.\n\n 모두가 이러한 이유로 '결혼을 포기'하는 것만은 아닙니다. 개인의 행복을 위해 '비혼을 선택'하는 청년들도 늘고 있습니다. 이처럼 최근 전통적인 가치관에서 벗어나 연애와 동거는 하면서 결혼이라는 제도에 묶여 관계에서 파생되는 책임을 벗어나 자유로운 삶을 추구하는 비혼주의자가 늘고 있습니다.\n\n 다만, 개인의 자유로운 선택에 따라 비혼주의를 하지만 주변에서는 아직 고운 시선으로 바라보지 않는 사람도 많습니다. 결혼이라는 제도에 대해서 선택이 아닌 필수라고 생각하는 사람들도 많지요. 개개인이 모여 사회가 형성되기 때문에 사회의 가장 작은 단위인 가족을 이루는 것도 사회 구성원으로서의 큰 역할이라고 생각하는 사람들도 있습니다.\n\n 여러분은 결혼을 꼭 해야 한다고 생각하시나요? 아니면 결혼은 선택의 문제라고 생각하시나요? 비혼주의에 대해 찬성하는 입장 반대를 선택하여 자신의 의견을 작성해주세요. 그리고 그렇게 생각한 이유에 대해서 작성해주세요.",
    "essay_type": "찬성반대",
    "essay_level": "2",
    "essay_len": 885,
    "essay_main_subject": "비혼주의자에 대한 본인의 의견"
  }
}