{
  "paragraph": [
    {
      "paragraph_txt": "저는 비혼주의에 대해 찬성합니다.#@문장구분# 우리는 사람 개개인이 살아가는 방법이 다르고, 가치관이 다르듯 생활 또한 모두가 다릅니다.#@문장구분# 하지만 예전의 어른분들은 결혼은 꼭 해야 한다고 생각하는 사고 방식이 있습니다. #@문장구분#결혼을 안한다고 해서 법적으로 문제가 되는 것도 아니고 나라에 문제가 되는 것도 아닌데 굳이 결혼을 해야 하는지도 잘 모르겠습니다.#@문장구분# 아 물론 인구수에 대한 문제점이 나올수 있겠지만. 결혼을 하지 않고서도 아이를 낳는 방법도 있습니다.#@문장구분# 모 연애인의 사례를 봐도 능력이 있는 여성은 충분히 아이를 혼자 낳고 키울수 있습니다.#@문장구분# 그리고 결혼을 해서 꼭 아이를 낳아야 한다는 인식도 많이 바뀌고 있기 때문에 비혼주의자 때문에 인구 축소 감소에 대한 것은 잘못된 판단이라고 생각 됩니다.#@문장구분# 왜냐하면 이미 금전적인 문제로 인해 결혼에 대한 것을 포기하는 사람들이 많기 때문입니다.#@문장구분# 주변 친구들에게 물어보았을 때에도 3명 중 1명은 비혼주의를 찬성했는데, 가족과의 갈등을 경험했거나, 경험하고 싶지 않다는 이유가 많았습니다.#@문장구분#\n \n결혼을 강요하고, 강제 하는 것은 옳지 않다 생각합니다.#@문장구분# 결혼을 강요하는 기성세대의 목소리나 사회 분위기들은 개선되어야 합니다.#@문장구분#\n \n저는 비혼주의자라는 한 집단이 차별 받거나 소외되거나 한다면 적극적으로 도와주고 그들을 돕기위해 노력할것입니다.#@문장구분# 그리고 그 들을 위해 사회제도적으로 도움줄수 있는것과 개인적 차원에서 도움줄수 있는것을 알아보고 실천해야 할것입니다.#@문장구분# 마지막으로 우리 사회의 결혼문화를 바꾸는 인식과 꼭 결혼을 해서 자손을 낳아서 대를 이어야 한다는 강박관념 고정관념을 깨버려야 한다고 생각합니다.#@문장구분#",
      "paragraph_len": 1078,
      "paragraph_id": "001"
    }
  ],
  "score": {
    "paragraph_score": [
      {
        "paragraph_scoreT": [
          2.4,
          2.4,
          2.8
        ],
        "paragraph_scoreT_detail": {
          "paragraph_scoreT_exp": [
            [
              2,
              3,
              2
            ],
            [
              2,
              3,
              2
            ],
            [
              2,
              3,
              3
            ]
          ]
        },
        "paragraph_scoreT_avg": 2.5333335,
        "paragraph_id": "001"
      }
    ],
    "essay_scoreT": [
      26.400002,
      26.100002,
      29.4
    ],
    "essay_scoreT_avg": 27.300001,
    "essay_scoreT_detail": {
      "essay_scoreT_org": [
        [
          2,
          0,
          3,
          3
        ],
        [
          3,
          0,
          2,
          3
        ],
        [
          3,
          0,
          3,
          3
        ]
      ],
      "essay_scoreT_cont": [
        [
          3,
          3,
          3,
          3
        ],
        [
          3,
          2,
          3,
          3
        ],
        [
          3,
          3,
          3,
          3
        ]
      ],
      "essay_scoreT_exp": [
        [
          2,
          3,
          2
        ],
        [
          2,
          3,
          2
        ],
        [
          2,
          3,
          3
        ]
      ]
    }
  },
  "student": {
    "date": "2021.12.15",
    "student_educated": true,
    "student_grade": "고등_1학년",
    "location": "063",
    "student_grade_group": "고등",
    "student_reading": 2
  },
  "rubric": {
    "essay_grade": "고등_1학년",
    "organization_weight": {
      "org_paragraph": 0,
      "org": 3,
      "org_essay": 6,
      "org_coherence": 3,
      "org_quantity": 1
    },
    "essay_type": "찬성반대",
    "content_weight": {
      "con_clearance": 3,
      "con_novelty": 3,
      "con": 4,
      "con_prompt": 1,
      "con_description": 3
    },
    "essay_main_subject": "비혼주의자에 대한 본인의 의견",
    "expression_weight": {
      "exp_style": 4,
      "exp_grammar": 2,
      "exp_vocab": 4,
      "exp": 3
    }
  },
  "correction": [],
  "info": {
    "essay_id": "ESSAY_71945",
    "essay_prompt": " \"\"연애는 필수, 결혼은 선택! 가슴이 뛰는 대로 가면 돼\"\".\n\n 유명한 유행가의 노래 가사처럼, 청년들에게 결혼은 이제 필수가 아닌 하나의 선택 사항입니다. 연애, 결혼, 출산을 포기한다는 의미의 '3포세대'라는 말이 나오기 무섭게 5포 세대, N포세대까지 등장할 정도로 취업난, 치솟는 부동산 가격 등 여러 사회·경제적 요인들로 청년층을 위축시켰습니다.\n\n 모두가 이러한 이유로 '결혼을 포기'하는 것만은 아닙니다. 개인의 행복을 위해 '비혼을 선택'하는 청년들도 늘고 있습니다. 이처럼 최근 전통적인 가치관에서 벗어나 연애와 동거는 하면서 결혼이라는 제도에 묶여 관계에서 파생되는 책임을 벗어나 자유로운 삶을 추구하는 비혼주의자가 늘고 있습니다.\n\n 다만, 개인의 자유로운 선택에 따라 비혼주의를 하지만 주변에서는 아직 고운 시선으로 바라보지 않는 사람도 많습니다. 결혼이라는 제도에 대해서 선택이 아닌 필수라고 생각하는 사람들도 많지요. 개개인이 모여 사회가 형성되기 때문에 사회의 가장 작은 단위인 가족을 이루는 것도 사회 구성원으로서의 큰 역할이라고 생각하는 사람들도 있습니다.\n\n 여러분은 결혼을 꼭 해야 한다고 생각하시나요? 아니면 결혼은 선택의 문제라고 생각하시나요? 비혼주의에 대해 찬성하는 입장 반대를 선택하여 자신의 의견을 작성해주세요. 그리고 그렇게 생각한 이유에 대해서 작성해주세요.",
    "essay_type": "찬성반대",
    "essay_level": "2",
    "essay_len": 798,
    "essay_main_subject": "비혼주의자에 대한 본인의 의견"
  }
}