{
  "paragraph": [
    {
      "paragraph_txt": "아직은 학생의 신분이라서 평소 비혼주의에 대한 생각은 진지하게 생각해보지 않았다.#@문장구분# 엄마 아빠를 보면 결혼은 하고 싶기도 하고 어떨 땐 왜 했나 싶기도 하는 생각이 왔다갔다 하는 건 사실이다.#@문장구분# 내가 정말로 사랑하는 사람이 생기면 어떨까 하고 상상해 보았다.#@문장구분# 연예만 하는 건 달콤하고 재미 있는 일인거 같은데 부모님을 보면 결혼이라는 건 많은 책임이 뒤따르는 것 같다.#@문장구분# 특히 우리나라는 옛날에 비해 많이 변하긴 했지만 아직까지도 결혼을 하려면 갖추어야 할 형식등이 너무 많은 거 같아 결혼은 두 사람만의 사랑만 가지고는 안 되고 양가 집안의 결합이라는 엄청난 부담과 커다란 프로젝트를 성사시켜야 한다는 압박감이 있는 거 같다.#@문장구분# 서로 다른 환경에서 자란 두 사람이 이해하고 맞추어 살아가기도 힘든 게 결혼인데 양쪽 집에 맞추어 살다보면 정말 내가 이러려고 결혼을 했나 하는 생각이 들기도 할꺼 같다. #@문장구분#그래서 우리나라는 사랑만 가지고 결혼했다가 이혼하는 사람이 정말 많이 늘어나고 있는 실정이다.#@문장구분# 이혼하면 거기서 또 끝이 아니다.#@문장구분# 둘 사이에서 만약 자녀가 생겼다면 무책임하게 행동해서는 안된다.#@문장구분# 그아이의 미래나 양육에 대해 책임져야 할 의무가 있다.#@문장구분# 이혼 가정의 아이들은 또한 경제적이나 정서정으로 불안정하여 일반 가정의 아이들보다 보다 많은 문제를 야기하고 있는 것도 사실이다.#@문장구분# 우리나라는 아직도 많이 좋아졌다고는 하나 이혼한 사람을 곱지 않은 시선으로 바라보고 있다.#@문장구분# 여러가지 이유로 보아 결혼은 이제 필수가 아닌 선택이 아닐까 생각한다. #@문장구분#사람은 만나고 헤어지는 일은 자연스러운 일이나 혼기가 차서, 주위의 강요로 결혼은 선택하는 것은 바람직하지 않다고 생각한다.#@문장구분#",
      "paragraph_len": 1097,
      "paragraph_id": "001"
    }
  ],
  "score": {
    "paragraph_score": [
      {
        "paragraph_scoreT": [
          3,
          2.6,
          2.8
        ],
        "paragraph_scoreT_detail": {
          "paragraph_scoreT_exp": [
            [
              3,
              3,
              3
            ],
            [
              3,
              3,
              2
            ],
            [
              2,
              3,
              3
            ]
          ]
        },
        "paragraph_scoreT_avg": 2.8,
        "paragraph_id": "001"
      }
    ],
    "essay_scoreT": [
      26.7,
      26,
      26.599998
    ],
    "essay_scoreT_avg": 26.433334,
    "essay_scoreT_detail": {
      "essay_scoreT_org": [
        [
          3,
          0,
          2,
          3
        ],
        [
          3,
          0,
          3,
          3
        ],
        [
          3,
          0,
          3,
          3
        ]
      ],
      "essay_scoreT_cont": [
        [
          2,
          2,
          3,
          3
        ],
        [
          2,
          2,
          2,
          3
        ],
        [
          2,
          2,
          2,
          3
        ]
      ],
      "essay_scoreT_exp": [
        [
          3,
          3,
          3
        ],
        [
          3,
          3,
          2
        ],
        [
          2,
          3,
          3
        ]
      ]
    }
  },
  "student": {
    "date": "2021.12.22",
    "student_educated": true,
    "student_grade": "고등_1학년",
    "location": "063",
    "student_grade_group": "고등",
    "student_reading": 2
  },
  "rubric": {
    "essay_grade": "고등_1학년",
    "organization_weight": {
      "org_paragraph": 0,
      "org": 3,
      "org_essay": 6,
      "org_coherence": 3,
      "org_quantity": 1
    },
    "essay_type": "찬성반대",
    "content_weight": {
      "con_clearance": 3,
      "con_novelty": 3,
      "con": 4,
      "con_prompt": 1,
      "con_description": 3
    },
    "essay_main_subject": "비혼주의자에 대한 본인의 의견",
    "expression_weight": {
      "exp_style": 4,
      "exp_grammar": 2,
      "exp_vocab": 4,
      "exp": 3
    }
  },
  "correction": [],
  "info": {
    "essay_id": "ESSAY_76732",
    "essay_prompt": " \"\"연애는 필수, 결혼은 선택! 가슴이 뛰는 대로 가면 돼\"\".\n\n 유명한 유행가의 노래 가사처럼, 청년들에게 결혼은 이제 필수가 아닌 하나의 선택 사항입니다. 연애, 결혼, 출산을 포기한다는 의미의 '3포세대'라는 말이 나오기 무섭게 5포 세대, N포세대까지 등장할 정도로 취업난, 치솟는 부동산 가격 등 여러 사회·경제적 요인들로 청년층을 위축시켰습니다.\n\n 모두가 이러한 이유로 '결혼을 포기'하는 것만은 아닙니다. 개인의 행복을 위해 '비혼을 선택'하는 청년들도 늘고 있습니다. 이처럼 최근 전통적인 가치관에서 벗어나 연애와 동거는 하면서 결혼이라는 제도에 묶여 관계에서 파생되는 책임을 벗어나 자유로운 삶을 추구하는 비혼주의자가 늘고 있습니다.\n\n 다만, 개인의 자유로운 선택에 따라 비혼주의를 하지만 주변에서는 아직 고운 시선으로 바라보지 않는 사람도 많습니다. 결혼이라는 제도에 대해서 선택이 아닌 필수라고 생각하는 사람들도 많지요. 개개인이 모여 사회가 형성되기 때문에 사회의 가장 작은 단위인 가족을 이루는 것도 사회 구성원으로서의 큰 역할이라고 생각하는 사람들도 있습니다.\n\n 여러분은 결혼을 꼭 해야 한다고 생각하시나요? 아니면 결혼은 선택의 문제라고 생각하시나요? 비혼주의에 대해 찬성하는 입장 반대를 선택하여 자신의 의견을 작성해주세요. 그리고 그렇게 생각한 이유에 대해서 작성해주세요.",
    "essay_type": "찬성반대",
    "essay_level": "2",
    "essay_len": 817,
    "essay_main_subject": "비혼주의자에 대한 본인의 의견"
  }
}