{
  "paragraph": [
    {
      "paragraph_txt": "나는 비혼주의를 찬성한다.#@문장구분#\n나는 '비혼주의'에 찬성한다.#@문장구분# 우선 시대의 변함에 따라 사회적인 유행, 풍습, 인식 등 바뀐다.비혼주의 또한 그렇다.#@문장구분# 시대가 변하면서 결혼에 대한 생각이 바뀌면서 나타난 것이다.#@문장구분# 그렇기 때문에 비혼주의가 나타나게 된 배경이 있을 것이다.#@문장구분# 나는 어쩌면 욜로족과 저출산이 비혼주의의 시작이라고 생각을 한다.#@문장구분# 욜로는 현재 자신의 행복을 중시하고 소비하는 태도라는 뜻이고, 저출산은 아이를 적게 낳음이라는 뜻이다.#@문장구분#",
      "paragraph_len": 382,
      "paragraph_id": "001"
    },
    {
      "paragraph_txt": "왜 이 두 용어가 비혼주의의 시작이라고 생각하는 까닭이 3가지가 있다.#@문장구분#\n첫째, 내가 나에게 집중할 수 있다.#@문장구분# 내가 나를 위해 돈을 소비하고, 내가 원하는 것을 사면서 얻는 만족감과 행복이 더 크다.#@문장구분# 예전에 플레이 스테이션이라는 콘솔이 나왔을 때 유행했던 말이 있다.#@문장구분# '이거 구매할 때 아내한테 공기청정기라고 거짓말 하고 샀습니다.' 이다.#@문장구분# 하지만 내가 결혼을 하지 않았더라면 아내의 눈치를 보지 않고, 거짓말을 하지 않고, 내가 나를 위해 소비를 할 수 있다는 것입니다.#@문장구분#",
      "paragraph_len": 383,
      "paragraph_id": "002"
    },
    {
      "paragraph_txt": "둘째, 아이를 통해 사용되는 많은 것들이다.#@문장구분# 아이가 생기면 우선 돈이 많이 소비되고, 온 신경을 아이에게 써야 하고, 내가 살아온 삶을 통째로 바꿔야 할 만큼 엄청 큰 변화가 필요하다.#@문장구분#",
      "paragraph_len": 143,
      "paragraph_id": "003"
    },
    {
      "paragraph_txt": "셋째, 자유롭다. 같이 살아가면서 생기는 사소한 감정소모가 없고, 정해진 틀이 없다.#@문장구분# 사실 이 이유 때문에 많은 부부들이 이혼을 결심하게 된다.#@문장구분# 즉, 생활습관이 다르면 자주 싸우게 되고 극단적으로는 이혼을 하게 된다는 것이다.#@문장구분# ",
      "paragraph_len": 187,
      "paragraph_id": "004"
    },
    {
      "paragraph_txt": "나는 비혼주의에 대해 긍정적으로 생각한다.#@문장구분# 왜냐하면 굳이 사랑하지 않는 사람과 평생을 함께하는 고통보단 외로움이 낫다고 생각하기 때문이다.#@문장구분#\n 앞으로 비혼주의가 주류를 이뤘으면 좋겠다.#@문장구분#",
      "paragraph_len": 162,
      "paragraph_id": "005"
    }
  ],
  "score": {
    "paragraph_score": [
      {
        "paragraph_scoreT": [
          3,
          3,
          3
        ],
        "paragraph_scoreT_detail": {
          "paragraph_scoreT_exp": [
            [
              3,
              3,
              3
            ],
            [
              3,
              3,
              3
            ],
            [
              3,
              3,
              3
            ]
          ]
        },
        "paragraph_scoreT_avg": 3,
        "paragraph_id": "001"
      },
      {
        "paragraph_scoreT": [
          3,
          3,
          3
        ],
        "paragraph_scoreT_detail": {
          "paragraph_scoreT_exp": [
            [
              3,
              3,
              3
            ],
            [
              3,
              3,
              3
            ],
            [
              3,
              3,
              3
            ]
          ]
        },
        "paragraph_scoreT_avg": 3,
        "paragraph_id": "002"
      },
      {
        "paragraph_scoreT": [
          3,
          3,
          2.8
        ],
        "paragraph_scoreT_detail": {
          "paragraph_scoreT_exp": [
            [
              3,
              3,
              3
            ],
            [
              3,
              3,
              3
            ],
            [
              2,
              3,
              3
            ]
          ]
        },
        "paragraph_scoreT_avg": 2.9333334,
        "paragraph_id": "003"
      },
      {
        "paragraph_scoreT": [
          3,
          3,
          2.6
        ],
        "paragraph_scoreT_detail": {
          "paragraph_scoreT_exp": [
            [
              3,
              3,
              3
            ],
            [
              3,
              3,
              3
            ],
            [
              3,
              2,
              3
            ]
          ]
        },
        "paragraph_scoreT_avg": 2.8666668,
        "paragraph_id": "004"
      },
      {
        "paragraph_scoreT": [
          3,
          3,
          3
        ],
        "paragraph_scoreT_detail": {
          "paragraph_scoreT_exp": [
            [
              3,
              3,
              3
            ],
            [
              3,
              3,
              3
            ],
            [
              3,
              3,
              3
            ]
          ]
        },
        "paragraph_scoreT_avg": 3,
        "paragraph_id": "005"
      }
    ],
    "essay_scoreT": [
      30,
      27,
      27.900002
    ],
    "essay_scoreT_avg": 28.300001,
    "essay_scoreT_detail": {
      "essay_scoreT_org": [
        [
          3,
          0,
          3,
          3
        ],
        [
          2,
          0,
          3,
          3
        ],
        [
          3,
          0,
          2,
          3
        ]
      ],
      "essay_scoreT_cont": [
        [
          3,
          3,
          3,
          3
        ],
        [
          3,
          2,
          3,
          3
        ],
        [
          2,
          3,
          3,
          3
        ]
      ],
      "essay_scoreT_exp": [
        [
          3,
          3,
          3
        ],
        [
          3,
          3,
          3
        ],
        [
          3,
          3,
          3
        ]
      ]
    }
  },
  "student": {
    "date": "2021.10.24",
    "student_educated": true,
    "student_grade": "고등_1학년",
    "location": "063",
    "student_grade_group": "고등",
    "student_reading": 1
  },
  "rubric": {
    "essay_grade": "고등_1학년",
    "organization_weight": {
      "org_paragraph": 0,
      "org": 3,
      "org_essay": 6,
      "org_coherence": 3,
      "org_quantity": 1
    },
    "essay_type": "찬성반대",
    "content_weight": {
      "con_clearance": 3,
      "con_novelty": 3,
      "con": 4,
      "con_prompt": 1,
      "con_description": 3
    },
    "essay_main_subject": "비혼주의자에 대한 본인의 의견",
    "expression_weight": {
      "exp_style": 4,
      "exp_grammar": 2,
      "exp_vocab": 4,
      "exp": 3
    }
  },
  "correction": [],
  "info": {
    "essay_id": "ESSAY_44059",
    "essay_prompt": " \"\"연애는 필수, 결혼은 선택! 가슴이 뛰는 대로 가면 돼\"\".\n\n 유명한 유행가의 노래 가사처럼, 청년들에게 결혼은 이제 필수가 아닌 하나의 선택 사항입니다. 연애, 결혼, 출산을 포기한다는 의미의 '3포세대'라는 말이 나오기 무섭게 5포 세대, N포세대까지 등장할 정도로 취업난, 치솟는 부동산 가격 등 여러 사회·경제적 요인들로 청년층을 위축시켰습니다.\n\n 모두가 이러한 이유로 '결혼을 포기'하는 것만은 아닙니다. 개인의 행복을 위해 '비혼을 선택'하는 청년들도 늘고 있습니다. 이처럼 최근 전통적인 가치관에서 벗어나 연애와 동거는 하면서 결혼이라는 제도에 묶여 관계에서 파생되는 책임을 벗어나 자유로운 삶을 추구하는 비혼주의자가 늘고 있습니다.\n\n 다만, 개인의 자유로운 선택에 따라 비혼주의를 하지만 주변에서는 아직 고운 시선으로 바라보지 않는 사람도 많습니다. 결혼이라는 제도에 대해서 선택이 아닌 필수라고 생각하는 사람들도 많지요. 개개인이 모여 사회가 형성되기 때문에 사회의 가장 작은 단위인 가족을 이루는 것도 사회 구성원으로서의 큰 역할이라고 생각하는 사람들도 있습니다.\n\n 여러분은 결혼을 꼭 해야 한다고 생각하시나요? 아니면 결혼은 선택의 문제라고 생각하시나요? 비혼주의에 대해 찬성하는 입장 반대를 선택하여 자신의 의견을 작성해주세요. 그리고 그렇게 생각한 이유에 대해서 작성해주세요.",
    "essay_type": "찬성반대",
    "essay_level": "2",
    "essay_len": 845,
    "essay_main_subject": "비혼주의자에 대한 본인의 의견"
  }
}