{
  "paragraph": [
    {
      "paragraph_txt": "저는 비혼주의에 찬성합니다.#@문장구분# 과거에는 가사생활을 함에 있어 결혼이 확실히 효율적인 면이 있었으나 최근에는 혼자 살아도 생활에 불편함이 없는 각종 환경들이 갖추어지고 있습니다.#@문장구분# 식사, 빨래 모두 편의점과 마트에서, 빨래방, 세탁소에서 해결 할 수 있으며 시골이나 지방이 아니라면 대도시나 신도시의 번화가는 치안상태도 좋아서 범죄율도 낮습니다.#@문장구분# 애완동물을 가족처럼 여기고 키우며 외로움을 달래거나 게임, 인터넷 등을 취미로 하는 등 인간이 아닌 다른 대상에 애정과 애착을 품는 일도 늘게 되면서 결과적으로 정서적, 감정적으로도 별로 연애나 결혼을 해야 될 필요성을 느끼지 못합니다.#@문장구분# 따라서 저는 이렇듯 혼자서도 충분히 불편함이나 부족함없이 생활할 수 있는 환경이 갖춰져 있는데, 감정 소모를 하면서까지 타인과 결혼을 해야 할 당위성, 필요성을 느끼지 못합니다.#@문장구분# 결혼을 하면서 받는 스트레스와 시간적, 금전적 투자, 정서적 소모 대신 저 자신에게 투자하고 싶습니다.#@문장구분#  또한, 저는 가부장제 가치관에서 경제적 부양을 강요받기 싫습니다.#@문장구분# 매달 수백만원 이상의 월급을 벌어오면서도 정작 이 급여의 대부분을 배우자에게 모두 가져다 바치다시피 하고 자신이 벌어온 것의 1/10도 안되느 푼돈을 용돈으로 받아스는 생활에 대해 거부감을 느낍니다.#@문장구분#  그리고 결혼을 결심하는 이유 중 하나가 바로 혼자사는 것이 외로워서 라고 대답하는 사람들이 있습니다.#@문장구분# 하지만 저는 그렇게 생각합니다. #@문장구분#과연 결혼을 한다고 외로움이 사라질까?#@문장구분# 저는 아니라고 봅니다.#@문장구분# 매일 느끼던 외로움이 결혼을 한다고 과연 사라질까라는 의문을 갖게 만든다는 겁니다.#@문장구분# 그리고 앞에서 말했듯이 결혼을 하게 된다면 정말 어마어마한 돈이 들어가게 될텐데... 저는 그 돈이 아까워서 그냥 혼자 살 거라고 다짐했습니다.#@문장구분#",
      "paragraph_len": 1150,
      "paragraph_id": "001"
    }
  ],
  "score": {
    "paragraph_score": [
      {
        "paragraph_scoreT": [
          3,
          2,
          3
        ],
        "paragraph_scoreT_detail": {
          "paragraph_scoreT_exp": [
            [
              3,
              3,
              3
            ],
            [
              2,
              2,
              2
            ],
            [
              3,
              3,
              3
            ]
          ]
        },
        "paragraph_scoreT_avg": 2.6666667,
        "paragraph_id": "001"
      }
    ],
    "essay_scoreT": [
      30,
      24.900002,
      28.8
    ],
    "essay_scoreT_avg": 27.9,
    "essay_scoreT_detail": {
      "essay_scoreT_org": [
        [
          3,
          0,
          3,
          3
        ],
        [
          3,
          0,
          2,
          3
        ],
        [
          3,
          0,
          3,
          3
        ]
      ],
      "essay_scoreT_cont": [
        [
          3,
          3,
          3,
          3
        ],
        [
          3,
          2,
          3,
          3
        ],
        [
          3,
          2,
          3,
          3
        ]
      ],
      "essay_scoreT_exp": [
        [
          3,
          3,
          3
        ],
        [
          2,
          2,
          2
        ],
        [
          3,
          3,
          3
        ]
      ]
    }
  },
  "student": {
    "date": "2021.12.16",
    "student_educated": true,
    "student_grade": "고등_1학년",
    "location": "054",
    "student_grade_group": "고등",
    "student_reading": 3
  },
  "rubric": {
    "essay_grade": "고등_1학년",
    "organization_weight": {
      "org_paragraph": 0,
      "org": 3,
      "org_essay": 6,
      "org_coherence": 3,
      "org_quantity": 1
    },
    "essay_type": "찬성반대",
    "content_weight": {
      "con_clearance": 3,
      "con_novelty": 3,
      "con": 4,
      "con_prompt": 1,
      "con_description": 3
    },
    "essay_main_subject": "비혼주의자에 대한 본인의 의견",
    "expression_weight": {
      "exp_style": 4,
      "exp_grammar": 2,
      "exp_vocab": 4,
      "exp": 3
    }
  },
  "correction": [],
  "info": {
    "essay_id": "ESSAY_65954",
    "essay_prompt": " \"\"연애는 필수, 결혼은 선택! 가슴이 뛰는 대로 가면 돼\"\".\n\n 유명한 유행가의 노래 가사처럼, 청년들에게 결혼은 이제 필수가 아닌 하나의 선택 사항입니다. 연애, 결혼, 출산을 포기한다는 의미의 '3포세대'라는 말이 나오기 무섭게 5포 세대, N포세대까지 등장할 정도로 취업난, 치솟는 부동산 가격 등 여러 사회·경제적 요인들로 청년층을 위축시켰습니다.\n\n 모두가 이러한 이유로 '결혼을 포기'하는 것만은 아닙니다. 개인의 행복을 위해 '비혼을 선택'하는 청년들도 늘고 있습니다. 이처럼 최근 전통적인 가치관에서 벗어나 연애와 동거는 하면서 결혼이라는 제도에 묶여 관계에서 파생되는 책임을 벗어나 자유로운 삶을 추구하는 비혼주의자가 늘고 있습니다.\n\n 다만, 개인의 자유로운 선택에 따라 비혼주의를 하지만 주변에서는 아직 고운 시선으로 바라보지 않는 사람도 많습니다. 결혼이라는 제도에 대해서 선택이 아닌 필수라고 생각하는 사람들도 많지요. 개개인이 모여 사회가 형성되기 때문에 사회의 가장 작은 단위인 가족을 이루는 것도 사회 구성원으로서의 큰 역할이라고 생각하는 사람들도 있습니다.\n\n 여러분은 결혼을 꼭 해야 한다고 생각하시나요? 아니면 결혼은 선택의 문제라고 생각하시나요? 비혼주의에 대해 찬성하는 입장 반대를 선택하여 자신의 의견을 작성해주세요. 그리고 그렇게 생각한 이유에 대해서 작성해주세요.",
    "essay_type": "찬성반대",
    "essay_level": "2",
    "essay_len": 870,
    "essay_main_subject": "비혼주의자에 대한 본인의 의견"
  }
}