{
  "paragraph": [
    {
      "paragraph_txt": "결혼과 사회 구성원간의 문제는 꽤 오랫동안 흥미로운 토론거리로 대두되어왔다.#@문장구분# 개인의 자유가 중요시 되는 사회에서 한 사람의 선택을 존중해야 할 것이냐, 아니면 사회의 발전과 자손 번식을 위해서 결혼을 필수로 여겨야 하느냐.#@문장구분# 나는 두 가지 선택지 중 개인의 자유를 더욱 중요시 여겨 결혼은 필수라는 인식을 심고 이를 강요해서는 안된다고 본다.#@문장구분# 여성의 사회진출과 고용 불안정 등 비혼주의가 나타난 다양한 이유가 있지만 여성성에 대한 남성들의 문화지체현상이 심각하기 때문이다.#@문장구분# 양궁 대표선수인 안산의 숏컷에 대해 패미로 몰아가는 일이 있었다.#@문장구분# 긴머리의 집안의 천사를 요구하는 남성들의 인식은 아직도 여전한 부분이 있다.#@문장구분# 여자가 할 일과 남자가 할 일을 구분해놓는 인식에서도 충분히 엿볼 수 있다.#@문장구분# 결혼 이후에 육아 생활이나 가사 전담 등에 있어서 공평성이 부여되지 않는 가장 큰 이유가 여기 있다고 본다.#@문장구분# ",
      "paragraph_len": 608,
      "paragraph_id": "001"
    },
    {
      "paragraph_txt": " 취미를 즐기는 문제에 있어서도 마찬가지이다.#@문장구분# 먼저 아이가 없는 경우를 예시로 들어보자. #@문장구분#보통 사회적인 분위기는 남자가 일을 나가고 여자는 집에서 가사 전담을 하여 남자의 내조를 하는 것이 대부분이다.#@문장구분# 이에 따라 일주일 내내 가사일을 해야 하는 여자와는 달리 남자는 단지 돈을 벌어온다는 명분 하나만으로 주말에는 마음껏 쉬거나 잠을 청하고, 친구들을 만나러 가는 등의 취미생활들을 즐긴다.#@문장구분# 여자가 가사노동으로 지쳐 몸 이곳저곳을 다치고 아파할 동안 말이다.#@문장구분# 그럼 아이가 있는 경우에는 어떨까?#@문장구분# 아이가 있는 경우는 더욱 심하다.#@문장구분# 아이의 성장과 발육을 문제 삼아 엄마의 모성애가 중요하다는 것을 이유로 여자는 대부분 경단녀가 되거나, 아이를 돌보고, 교육에 힘쓰느라 아이가 충분히 다 클 때 까지 여가생활을 즐기지 못하는 경우가 많고, 이를 사치취급 당하기 일쑤다.#@문장구분# 자신의 자유와 취미를 보장받지 못한다고 해도 과연 결혼을 하는 삶을 선택할 것이라고 보는가?#@문장구분# 남성의 경우에도 마찬가지이다.#@문장구분# 결혼을 하기 이전에는 자기가 살고 싶은 집에서 살고 즐기고 싶은 게임이나 보고 싶은 영화를 마음껏 볼 수도 있지만, 결혼을 하게 되면 장만해야 하는 가정의 생계나 신혼집 등의 문제로 이래저래 지출이 많아지게 된다.#@문장구분# 또한 자신이 돈을 벌어야 온 가족이 먹고 살 수 있다는 부담감을 늘 어깨에 짊어지고 살아가야 하고, 더욱이 아이가 태어나게 된다면 아이의 교육비 및 활동비 등으로 자신에게 투자되는 돈은 점점 작아질 것이며, 이렇게 된다면 여성이나 남성이나 앞서 소개된 취미생활이나 자유를 보장받지 못하고 자기계발이나 건강에 대한 문제도 챙길 겨를이 사라지게 되는 것이다.#@문장구분# 지금의 대한민국 현대 사회는 남성이나 여성이나 결혼을 한 이후에도 이전과 같은 삶을 살 수 있도록 보장을 해주는 제도가 존재하지 않는다.#@문장구분# 이에 대한 격차를 줄이려 남성도 출산휴가를 쓸 수 있는 제도를 만들었지만, 일부 기업들은 '남자가 무슨 출산휴가냐'며 출산휴가를 독려하기는커녕 업무 강도를 높이는 것이 현실이다.#@문장구분# 만약 현대의 대한민국 사회가 결혼을 한 이후에도 자신들이 가정을 꾸려나가는 것에 대한 사회적 도움과 정책적 도움이 많이 준비되어있고 남자들의 문화지체현상이 사라진다면, 단순한 함께 살기나 공동주거 대신 기꺼이 가정을 꾸리는 것에 동의할 것이다.#@문장구분# 하지만 현실은 그렇지 않다.#@문장구분# 결국 결혼은 자유와 경제적 여유, 남녀평등에 대한 남성들의 문화지체현상이 개선되지 않는 한 지속적이고 터널적인 현실인 것이다.#@문장구분# 따라서 나는 비혼주의자의 선택에 대해 동의하는 바이다.#@문장구분#",
      "paragraph_len": 1606,
      "paragraph_id": "002"
    }
  ],
  "score": {
    "paragraph_score": [
      {
        "paragraph_scoreT": [
          3,
          3,
          2.8
        ],
        "paragraph_scoreT_detail": {
          "paragraph_scoreT_exp": [
            [
              3,
              3,
              3
            ],
            [
              3,
              3,
              3
            ],
            [
              2,
              3,
              3
            ]
          ]
        },
        "paragraph_scoreT_avg": 2.9333334,
        "paragraph_id": "001"
      },
      {
        "paragraph_scoreT": [
          3,
          3,
          2.8
        ],
        "paragraph_scoreT_detail": {
          "paragraph_scoreT_exp": [
            [
              3,
              3,
              3
            ],
            [
              3,
              3,
              3
            ],
            [
              2,
              3,
              3
            ]
          ]
        },
        "paragraph_scoreT_avg": 2.9333334,
        "paragraph_id": "002"
      }
    ],
    "essay_scoreT": [
      30,
      30,
      26.400002
    ],
    "essay_scoreT_avg": 28.800001,
    "essay_scoreT_detail": {
      "essay_scoreT_org": [
        [
          3,
          0,
          3,
          3
        ],
        [
          3,
          0,
          3,
          3
        ],
        [
          2,
          0,
          3,
          3
        ]
      ],
      "essay_scoreT_cont": [
        [
          3,
          3,
          3,
          3
        ],
        [
          3,
          3,
          3,
          3
        ],
        [
          2,
          3,
          3,
          3
        ]
      ],
      "essay_scoreT_exp": [
        [
          3,
          3,
          3
        ],
        [
          3,
          3,
          3
        ],
        [
          2,
          3,
          3
        ]
      ]
    }
  },
  "student": {
    "date": "2021.12.07",
    "student_educated": true,
    "student_grade": "고등_1학년",
    "location": "031",
    "student_grade_group": "고등",
    "student_reading": 2
  },
  "rubric": {
    "essay_grade": "고등_1학년",
    "organization_weight": {
      "org_paragraph": 0,
      "org": 3,
      "org_essay": 6,
      "org_coherence": 3,
      "org_quantity": 1
    },
    "essay_type": "찬성반대",
    "content_weight": {
      "con_clearance": 3,
      "con_novelty": 3,
      "con": 4,
      "con_prompt": 1,
      "con_description": 3
    },
    "essay_main_subject": "비혼주의자에 대한 본인의 의견",
    "expression_weight": {
      "exp_style": 4,
      "exp_grammar": 2,
      "exp_vocab": 4,
      "exp": 3
    }
  },
  "correction": [],
  "info": {
    "essay_id": "ESSAY_56491",
    "essay_prompt": " \"\"연애는 필수, 결혼은 선택! 가슴이 뛰는 대로 가면 돼\"\".\n\n 유명한 유행가의 노래 가사처럼, 청년들에게 결혼은 이제 필수가 아닌 하나의 선택 사항입니다. 연애, 결혼, 출산을 포기한다는 의미의 '3포세대'라는 말이 나오기 무섭게 5포 세대, N포세대까지 등장할 정도로 취업난, 치솟는 부동산 가격 등 여러 사회·경제적 요인들로 청년층을 위축시켰습니다.\n\n 모두가 이러한 이유로 '결혼을 포기'하는 것만은 아닙니다. 개인의 행복을 위해 '비혼을 선택'하는 청년들도 늘고 있습니다. 이처럼 최근 전통적인 가치관에서 벗어나 연애와 동거는 하면서 결혼이라는 제도에 묶여 관계에서 파생되는 책임을 벗어나 자유로운 삶을 추구하는 비혼주의자가 늘고 있습니다.\n\n 다만, 개인의 자유로운 선택에 따라 비혼주의를 하지만 주변에서는 아직 고운 시선으로 바라보지 않는 사람도 많습니다. 결혼이라는 제도에 대해서 선택이 아닌 필수라고 생각하는 사람들도 많지요. 개개인이 모여 사회가 형성되기 때문에 사회의 가장 작은 단위인 가족을 이루는 것도 사회 구성원으로서의 큰 역할이라고 생각하는 사람들도 있습니다.\n\n 여러분은 결혼을 꼭 해야 한다고 생각하시나요? 아니면 결혼은 선택의 문제라고 생각하시나요? 비혼주의에 대해 찬성하는 입장 반대를 선택하여 자신의 의견을 작성해주세요. 그리고 그렇게 생각한 이유에 대해서 작성해주세요.",
    "essay_type": "찬성반대",
    "essay_level": "2",
    "essay_len": 1697,
    "essay_main_subject": "비혼주의자에 대한 본인의 의견"
  }
}