{
  "paragraph": [
    {
      "paragraph_txt": "안녕하세요.#@문장구분# 결론부터 말씀드리자면 저는 비혼주의를 적극 지지합니다.#@문장구분# 결혼이 주는 장점을 모르겠습니다.#@문장구분# 사랑하는 사람을 매일 볼 수 있다거니 안정감을 준다거니 하는 것들은 동거만으로도 충분합니다.#@문장구분# 우리나라는 아직 유교적 사상이 강해서 결혼 전 동거를 반대하는 입장이 많은 것 같은데 저는 결혼 전 동거야말로 그 사람과의 결혼생활을 맞이해 필수적으로 준비해야하는 과정 중 하나라고 생각합니다.#@문장구분# 몇 년을 만난 애인이라도 함께 생활을 한다는 건 어려운 일이며 낯선 느낌을 받을 수도 있다고 봅니다.#@문장구분# 설거지부터 빨래, 청소, 요리 당번을 나누는 일은 기계처럼 할 수 없기에 이런 부분에서 가치관이 다르다면 다툼이 일어날 수 있습니다. #@문장구분#또한 결혼을 하면 항시 붙어있어야하기 때문에 각자만의 시간이 필요할 때 불편할 것이라 생각이 듭니다.#@문장구분# 각자의 삶을 존중하고 각자의 프라이버시를 존중하며 하는 사랑은 불가능한건가요?#@문장구분# 저는 가능하다고 봅니다.#@문장구분# 또한 이게 더욱 건강한 사랑이 아닐까 싶습니다. #@문장구분#100세 시대입니다.#@문장구분# 30대에 결혼을 한다면 약 70년의 결혼생활을 유지하는건데 오히려 연차가 쌓인 부부를 보면 사랑해서라기 보단 자녀와 그간의 정을 보고 평생을 함께 살아간다고들 합니다.#@문장구분# 저는 이러한 점이 이해가지 않습니다.#@문장구분# 사랑하지 않는데 왜 함께 살아야하나요?#@문장구분# 결혼은 의무가 아닙니다.#@문장구분# 이혼 또한 흠이 아니죠.#@문장구분# 이러한 생각들이 반복되다보니 결혼을 해야할 필요성을 느끼지 못했습니다.#@문장구분# 결혼이라는 제도에 너무 얽매여있는 것 같아 조금은 불편합니다. #@문장구분#오래 만난 연인이 듣는 질문 중 빠지지 않는게 \"결혼은 언제해?\" 라고들 하죠. #@문장구분#왜 연애의 끝이 결혼이여야만 하는지 모르겠습니다.#@문장구분# 둘이 사랑해서 행복하게 살면 되는건데 자꾸만 우리 사회는 결혼을 통해 사랑을 증명하길 바랍니다.#@문장구분# 하고자 한다면 하는 것이지만 할 생각이 없는데 사회적 분위기에 압박받아 선택하는 일은 없길 바라며 이상입니다.#@문장구분#",
      "paragraph_len": 1392,
      "paragraph_id": "001"
    }
  ],
  "score": {
    "paragraph_score": [
      {
        "paragraph_scoreT": [
          2.6,
          3,
          2.2
        ],
        "paragraph_scoreT_detail": {
          "paragraph_scoreT_exp": [
            [
              3,
              3,
              2
            ],
            [
              3,
              3,
              3
            ],
            [
              3,
              2,
              2
            ]
          ]
        },
        "paragraph_scoreT_avg": 2.6000001,
        "paragraph_id": "001"
      }
    ],
    "essay_scoreT": [
      25.4,
      26.6,
      25.2
    ],
    "essay_scoreT_avg": 25.733332,
    "essay_scoreT_detail": {
      "essay_scoreT_org": [
        [
          2,
          0,
          3,
          3
        ],
        [
          2,
          0,
          3,
          3
        ],
        [
          3,
          0,
          3,
          3
        ]
      ],
      "essay_scoreT_cont": [
        [
          3,
          2,
          2,
          3
        ],
        [
          3,
          2,
          2,
          3
        ],
        [
          2,
          3,
          3,
          2
        ]
      ],
      "essay_scoreT_exp": [
        [
          3,
          3,
          2
        ],
        [
          3,
          3,
          3
        ],
        [
          3,
          2,
          2
        ]
      ]
    }
  },
  "student": {
    "date": "2021.12.03",
    "student_educated": true,
    "student_grade": "고등_1학년",
    "location": "063",
    "student_grade_group": "고등",
    "student_reading": 1
  },
  "rubric": {
    "essay_grade": "고등_1학년",
    "organization_weight": {
      "org_paragraph": 0,
      "org": 3,
      "org_essay": 6,
      "org_coherence": 3,
      "org_quantity": 1
    },
    "essay_type": "찬성반대",
    "content_weight": {
      "con_clearance": 3,
      "con_novelty": 3,
      "con": 4,
      "con_prompt": 1,
      "con_description": 3
    },
    "essay_main_subject": "비혼주의자에 대한 본인의 의견",
    "expression_weight": {
      "exp_style": 4,
      "exp_grammar": 2,
      "exp_vocab": 4,
      "exp": 3
    }
  },
  "correction": [],
  "info": {
    "essay_id": "ESSAY_54737",
    "essay_prompt": " \"\"연애는 필수, 결혼은 선택! 가슴이 뛰는 대로 가면 돼\"\".\n\n 유명한 유행가의 노래 가사처럼, 청년들에게 결혼은 이제 필수가 아닌 하나의 선택 사항입니다. 연애, 결혼, 출산을 포기한다는 의미의 '3포세대'라는 말이 나오기 무섭게 5포 세대, N포세대까지 등장할 정도로 취업난, 치솟는 부동산 가격 등 여러 사회·경제적 요인들로 청년층을 위축시켰습니다.\n\n 모두가 이러한 이유로 '결혼을 포기'하는 것만은 아닙니다. 개인의 행복을 위해 '비혼을 선택'하는 청년들도 늘고 있습니다. 이처럼 최근 전통적인 가치관에서 벗어나 연애와 동거는 하면서 결혼이라는 제도에 묶여 관계에서 파생되는 책임을 벗어나 자유로운 삶을 추구하는 비혼주의자가 늘고 있습니다.\n\n 다만, 개인의 자유로운 선택에 따라 비혼주의를 하지만 주변에서는 아직 고운 시선으로 바라보지 않는 사람도 많습니다. 결혼이라는 제도에 대해서 선택이 아닌 필수라고 생각하는 사람들도 많지요. 개개인이 모여 사회가 형성되기 때문에 사회의 가장 작은 단위인 가족을 이루는 것도 사회 구성원으로서의 큰 역할이라고 생각하는 사람들도 있습니다.\n\n 여러분은 결혼을 꼭 해야 한다고 생각하시나요? 아니면 결혼은 선택의 문제라고 생각하시나요? 비혼주의에 대해 찬성하는 입장 반대를 선택하여 자신의 의견을 작성해주세요. 그리고 그렇게 생각한 이유에 대해서 작성해주세요.",
    "essay_type": "찬성반대",
    "essay_level": "2",
    "essay_len": 934,
    "essay_main_subject": "비혼주의자에 대한 본인의 의견"
  }
}