{
  "paragraph": [
    {
      "paragraph_txt": "애초에 결혼이라는 제도 자체가 법적으로 반드시 해야 하는 것도 아니기 때문에 찬성이나 반대를 할 것도 없다.#@문장구분# 나는 최근에 인문학 특강을 들었는데, 사랑에 관한 시를 많이 쓰신 나태주 시인님께서 결혼과 연애는 다르다고 하셨다.#@문장구분# 연애는 예쁘고 잘생긴 사람을 만나지만, 결혼은 착한 사람을 만나야만 한다고 말씀 하셨다.#@문장구분# 외모가 특출난 사람을 만나면 3년을 가고, 돈이 많은 사람을 만나면 10년을 가고, 착한 사람을 만나면 평생을 간다고 하셨다.#@문장구분# 그리고 결혼도 금전적인 뒷받침이 있어야만 할 수 있는 것이다.#@문장구분# 결혼을 하게 된다면 신혼여행, 결혼식 등 형식적인 부분에 돈을 많이 써야 한다. #@문장구분#요즘 사람들은 사랑하는 사람과 결혼을 하고 싶어도 금전적 문제로 어려움을 겪는다.#@문장구분# 지금처럼 취업도 힘들고 집값도 끝없이 치솟아가는 사회에서 결혼은 30대 중반에 하는 사람이 많다. #@문장구분#결혼을 할 때 결혼식, 신혼여행, 신혼집 마련 등 이런 행위들을 하며 서로의 결속력이 강해지는 부분이 있다.#@문장구분# 결혼하지 않고 동거나 연애만 한다면 결혼보다 구속력과 친밀도는 떨어지겠지만, 금전적인 이득을 취할 수 있다.#@문장구분# 그리고 아직까지도 결혼을 하면 부부 간에 지켜야 할 결혼생활의 의무나 책임을 져야 하는데, 결혼을 하지 않으면 심리적으로도 비교적 편하고 자유롭다.#@문장구분# 나는 사람들이 결혼에 찬성하든 반대하든 다른 사람에게 결혼을 해라, 하지 마라 하면 안된다고 생각한다. #@문장구분#강요해서도 안 되고, 결혼이냐 비혼이냐에 따라 상대방에 대해 편견이나 선입견을 가지고 대해서도 안된다. #@문장구분#나는 결혼은 개개인의 선택의 문제일 뿐이고 가치 판단의 문제가 아니라고 생각하기에 비혼주의에 찬성한다. #@문장구분#결혼은 각자 자신이 하면 하고 안하면 마는 것이라고 생각하기 때문에 찬성, 반대로 나누는 것도 솔직히 이해가 안된다. #@문장구분#나는 결혼을 안하고 연애만 하더라도 모든 연애에 진심으로 임하고 내 행동에 책임을 질 것이다.#@문장구분# 나는 결혼을 하지 않고 그 돈을 연인과 같이 여가활동이나 필요한 부분에 보탤 것이다.#@문장구분#",
      "paragraph_len": 1313,
      "paragraph_id": "001"
    }
  ],
  "score": {
    "paragraph_score": [
      {
        "paragraph_scoreT": [
          3,
          3,
          2.8
        ],
        "paragraph_scoreT_detail": {
          "paragraph_scoreT_exp": [
            [
              3,
              3,
              3
            ],
            [
              3,
              3,
              3
            ],
            [
              2,
              3,
              3
            ]
          ]
        },
        "paragraph_scoreT_avg": 2.9333334,
        "paragraph_id": "001"
      }
    ],
    "essay_scoreT": [
      28.8,
      28.8,
      25.4
    ],
    "essay_scoreT_avg": 27.666666,
    "essay_scoreT_detail": {
      "essay_scoreT_org": [
        [
          3,
          0,
          3,
          3
        ],
        [
          3,
          0,
          3,
          3
        ],
        [
          3,
          0,
          3,
          3
        ]
      ],
      "essay_scoreT_cont": [
        [
          3,
          2,
          3,
          3
        ],
        [
          3,
          2,
          3,
          3
        ],
        [
          2,
          2,
          2,
          2
        ]
      ],
      "essay_scoreT_exp": [
        [
          3,
          3,
          3
        ],
        [
          3,
          3,
          3
        ],
        [
          2,
          3,
          3
        ]
      ]
    }
  },
  "student": {
    "date": "2021.12.23",
    "student_educated": true,
    "student_grade": "고등_1학년",
    "location": "063",
    "student_grade_group": "고등",
    "student_reading": 2
  },
  "rubric": {
    "essay_grade": "고등_1학년",
    "organization_weight": {
      "org_paragraph": 0,
      "org": 3,
      "org_essay": 6,
      "org_coherence": 3,
      "org_quantity": 1
    },
    "essay_type": "찬성반대",
    "content_weight": {
      "con_clearance": 3,
      "con_novelty": 3,
      "con": 4,
      "con_prompt": 1,
      "con_description": 3
    },
    "essay_main_subject": "비혼주의자에 대한 본인의 의견",
    "expression_weight": {
      "exp_style": 4,
      "exp_grammar": 2,
      "exp_vocab": 4,
      "exp": 3
    }
  },
  "correction": [],
  "info": {
    "essay_id": "ESSAY_76754",
    "essay_prompt": " \"\"연애는 필수, 결혼은 선택! 가슴이 뛰는 대로 가면 돼\"\".\n\n 유명한 유행가의 노래 가사처럼, 청년들에게 결혼은 이제 필수가 아닌 하나의 선택 사항입니다. 연애, 결혼, 출산을 포기한다는 의미의 '3포세대'라는 말이 나오기 무섭게 5포 세대, N포세대까지 등장할 정도로 취업난, 치솟는 부동산 가격 등 여러 사회·경제적 요인들로 청년층을 위축시켰습니다.\n\n 모두가 이러한 이유로 '결혼을 포기'하는 것만은 아닙니다. 개인의 행복을 위해 '비혼을 선택'하는 청년들도 늘고 있습니다. 이처럼 최근 전통적인 가치관에서 벗어나 연애와 동거는 하면서 결혼이라는 제도에 묶여 관계에서 파생되는 책임을 벗어나 자유로운 삶을 추구하는 비혼주의자가 늘고 있습니다.\n\n 다만, 개인의 자유로운 선택에 따라 비혼주의를 하지만 주변에서는 아직 고운 시선으로 바라보지 않는 사람도 많습니다. 결혼이라는 제도에 대해서 선택이 아닌 필수라고 생각하는 사람들도 많지요. 개개인이 모여 사회가 형성되기 때문에 사회의 가장 작은 단위인 가족을 이루는 것도 사회 구성원으로서의 큰 역할이라고 생각하는 사람들도 있습니다.\n\n 여러분은 결혼을 꼭 해야 한다고 생각하시나요? 아니면 결혼은 선택의 문제라고 생각하시나요? 비혼주의에 대해 찬성하는 입장 반대를 선택하여 자신의 의견을 작성해주세요. 그리고 그렇게 생각한 이유에 대해서 작성해주세요.",
    "essay_type": "찬성반대",
    "essay_level": "2",
    "essay_len": 973,
    "essay_main_subject": "비혼주의자에 대한 본인의 의견"
  }
}