{
  "paragraph": [
    {
      "paragraph_txt": "결혼을 안하는 생각을 가진 것이 비혼주의라고 한다.#@문장구분# 나는 반대이다.#@문장구분#0 그렇기 때문에 최소한 상대의 성격에 대해 서로 어느정도는 용납이 가능하고, 상대를 위해 평생을 충실할 마음이 확실히 있으며, 경제력도 그럭저럭 준비되어 있다면 결혼을 하는 것이 좋다고 생각합니다.#@문장구분# 나이가 들었을 때 잘 키워놓은 자식이 어느 정도 반겨줄지도 모르고 중간중간 손주를 데리고 찾아오는 모습도 볼 수 있지 않을까요?#@문장구분# 나름대로의 경제적 능력과 서로를 위한 마인드만 갖춰져 있다면 행복한 하나의 가정을 꾸리면서 2세를 양육할 준비는 되어 있는 셈이라고 생각합니다. #@문장구분#황금만능주의가 횡행할수록 아이러니하게도 결혼은 더더욱 사랑의 증명이 되어버리는데, 자신이 손해를 볼 것을 각오하지 않으면 결혼을 제안할 수 없기 때문입니다.#@문장구분# 반대로 말하자면, 사랑도 없이 결혼을 하는 것은 정말 어리석은 결정이라고 할 수 있습니다.#@문장구분# 이처럼 결혼 상대에 대한 사랑과 존중, 그리고 결혼 생활에서 빚어지는 여러 갈등과 과정을 거쳐 책임감과 정신적인 성숙을 이루는 것이야말로 행복으로 이르는 과정이라고 생각합니다.#@문장구분# 그렇기에 결혼 생활이 쉽지 않고 무거운 책임을 동반한다는 사실을 알면서도 결혼을 하려는 사람들이 오늘날에도 존재한다고 생각합니다.#@문장구분# 또한 임산부들은 태교와 출산에 관심이 쏠릴테고 경험을 해본 사람만이 공감해줄 수 있는 일들이 있기 마련입니다.#@문장구분# 그렇게 되면 같은 독신들이 아닌 이상 새로운 인간관계를 형성하기도 어려울 것입니다.#@문장구분# 여사진, 남사친으로 지냈던 주변에 이성들이 결혼을 하고나면 연락이 거의 끊기는 경우도 태반이듯 말이죠.#@문장구분# 주변이 대부분 비혼주의자라면 괜찮겠지만 그렇지 않은 이상 적합상 상대가 있다면 결혼을 하는 것이 좋다고 생각합니다.#@문장구분# 내 가정을 꾸려 그들과 함께 늙어가는 삶은 따뜻하고 내 가족이라는 존재 자체에서 나오는 안정감을 느낄 수 있다는 점에서 결혼의 순기능은 무시할 수 없습니다.#@문장구분# 따라서 저는 비혼주의자도 이해하지만 웬만하면 결혼을 하고자 합니다.#@문장구분# 저는 결혼에 부정적인 면을 드러내 보고자 합니다.#@문장구분#",
      "paragraph_len": 1318,
      "paragraph_id": "001"
    }
  ],
  "score": {
    "paragraph_score": [
      {
        "paragraph_scoreT": [
          3,
          3,
          2.2
        ],
        "paragraph_scoreT_detail": {
          "paragraph_scoreT_exp": [
            [
              3,
              3,
              3
            ],
            [
              3,
              3,
              3
            ],
            [
              3,
              2,
              2
            ]
          ]
        },
        "paragraph_scoreT_avg": 2.7333333,
        "paragraph_id": "001"
      }
    ],
    "essay_scoreT": [
      30,
      23.3,
      25.2
    ],
    "essay_scoreT_avg": 26.166666,
    "essay_scoreT_detail": {
      "essay_scoreT_org": [
        [
          3,
          0,
          3,
          3
        ],
        [
          2,
          0,
          2,
          3
        ],
        [
          3,
          0,
          3,
          3
        ]
      ],
      "essay_scoreT_cont": [
        [
          3,
          3,
          3,
          3
        ],
        [
          2,
          2,
          2,
          2
        ],
        [
          2,
          2,
          3,
          3
        ]
      ],
      "essay_scoreT_exp": [
        [
          3,
          3,
          3
        ],
        [
          3,
          3,
          3
        ],
        [
          3,
          2,
          2
        ]
      ]
    }
  },
  "student": {
    "date": "2021.12.20",
    "student_educated": true,
    "student_grade": "고등_1학년",
    "location": "044",
    "student_grade_group": "고등",
    "student_reading": 2
  },
  "rubric": {
    "essay_grade": "고등_1학년",
    "organization_weight": {
      "org_paragraph": 0,
      "org": 3,
      "org_essay": 6,
      "org_coherence": 3,
      "org_quantity": 1
    },
    "essay_type": "찬성반대",
    "content_weight": {
      "con_clearance": 3,
      "con_novelty": 3,
      "con": 4,
      "con_prompt": 1,
      "con_description": 3
    },
    "essay_main_subject": "비혼주의자에 대한 본인의 의견",
    "expression_weight": {
      "exp_style": 4,
      "exp_grammar": 2,
      "exp_vocab": 4,
      "exp": 3
    }
  },
  "correction": [],
  "info": {
    "essay_id": "ESSAY_71297",
    "essay_prompt": " \"\"연애는 필수, 결혼은 선택! 가슴이 뛰는 대로 가면 돼\"\".\n\n 유명한 유행가의 노래 가사처럼, 청년들에게 결혼은 이제 필수가 아닌 하나의 선택 사항입니다. 연애, 결혼, 출산을 포기한다는 의미의 '3포세대'라는 말이 나오기 무섭게 5포 세대, N포세대까지 등장할 정도로 취업난, 치솟는 부동산 가격 등 여러 사회·경제적 요인들로 청년층을 위축시켰습니다.\n\n 모두가 이러한 이유로 '결혼을 포기'하는 것만은 아닙니다. 개인의 행복을 위해 '비혼을 선택'하는 청년들도 늘고 있습니다. 이처럼 최근 전통적인 가치관에서 벗어나 연애와 동거는 하면서 결혼이라는 제도에 묶여 관계에서 파생되는 책임을 벗어나 자유로운 삶을 추구하는 비혼주의자가 늘고 있습니다.\n\n 다만, 개인의 자유로운 선택에 따라 비혼주의를 하지만 주변에서는 아직 고운 시선으로 바라보지 않는 사람도 많습니다. 결혼이라는 제도에 대해서 선택이 아닌 필수라고 생각하는 사람들도 많지요. 개개인이 모여 사회가 형성되기 때문에 사회의 가장 작은 단위인 가족을 이루는 것도 사회 구성원으로서의 큰 역할이라고 생각하는 사람들도 있습니다.\n\n 여러분은 결혼을 꼭 해야 한다고 생각하시나요? 아니면 결혼은 선택의 문제라고 생각하시나요? 비혼주의에 대해 찬성하는 입장 반대를 선택하여 자신의 의견을 작성해주세요. 그리고 그렇게 생각한 이유에 대해서 작성해주세요.",
    "essay_type": "찬성반대",
    "essay_level": "2",
    "essay_len": 998,
    "essay_main_subject": "비혼주의자에 대한 본인의 의견"
  }
}