{
  "paragraph": [
    {
      "paragraph_txt": "저는 비혼주의가 되는 이유를 토대로 비혼주의에 대한 인식의 변화가 오기를 바라며 글을 적어보겠습니다.#@문장구분# 예나 지금이나 '결혼은 현실'을 강조하며 사랑보다는 조건을 따지는게 결혼 양상인데, 그렇다면 결혼으로 인하여 어떠한 현실적 이득을 볼 수 있는지를 냉정하게 고려하여야 한다고 생각합니다.#@문장구분# 여자들이 돈이나 사회적 지위가 있는 남자를 선호하는 현상은 남자들이 예쁜 여자를 좋아하는 현상처럼 현재도 없어지지 않고 있는 인간의 원초적인 본능 중에 하나라고 생각합니다.#@문장구분# 특히나 본인 스스로가 가지고 있지 않은 요소에 더 집착하는 경우도 있지요.#@문장구분# 또한, 자신이 결혼과 출산을 했을 때 동반되는 책임들을 감당할 수 있는지에 대해서도 고려해야 합니다.#@문장구분# 결혼을 통해서 자신이 얻을 수 있는 것이 전혀 없거나, 얻는 것이 있다고 하더라도 짊어지게 될 책임이나 리스크에 비해 얻는 것이 너무 적다고 생각한다면 과감하게 결혼을 포기하는 것이 합리적인 판단일 수도 있다는 것입니다.#@문장구분# 이와 동시에 결혼을 만약 하고 싶다면 현실에 걸맞게 조건도 본인의 스펙과 어느 정도 유사한 상대를 찾아야 쉬워지며, 스스로 사회성과 내조하는 능력이 떨어진다면 행복한 승강혼을 기대해서는 안 된다고 봅니다.#@문장구분# 자신에게 맞는 조건이 안 된다면 굳이 결혼할 필요가 없습니다.#@문장구분# 이것을 비판하는 것은 한 인간의 선택의 자유와 인권을 무시 및 언어적 폭행을 당할 수도 있고, 자식들을 아예 원치 않거나 본인이 상상하던 성곡적인 양육에 실패할 수도 있으며, 반대로 자식들을 학대하는 부모가 될 수도 있습니다.#@문장구분# 따라서 지극히 현실적인 면을 바라보고 비혼임을 선택한 사람들을 비난해서는 안됩니다.#@문장구분# 존중받아 마땅한 선택이라고 생각합니다.#@문장구분# 감사합니다.#@문장구분#",
      "paragraph_len": 1073,
      "paragraph_id": "001"
    }
  ],
  "score": {
    "paragraph_score": [
      {
        "paragraph_scoreT": [
          3,
          3,
          2.4
        ],
        "paragraph_scoreT_detail": {
          "paragraph_scoreT_exp": [
            [
              3,
              3,
              3
            ],
            [
              3,
              3,
              3
            ],
            [
              2,
              2,
              3
            ]
          ]
        },
        "paragraph_scoreT_avg": 2.8,
        "paragraph_id": "001"
      }
    ],
    "essay_scoreT": [
      26.3,
      26.3,
      25.800001
    ],
    "essay_scoreT_avg": 26.133333,
    "essay_scoreT_detail": {
      "essay_scoreT_org": [
        [
          2,
          0,
          3,
          2
        ],
        [
          2,
          0,
          3,
          2
        ],
        [
          3,
          0,
          3,
          3
        ]
      ],
      "essay_scoreT_cont": [
        [
          3,
          2,
          2,
          3
        ],
        [
          3,
          2,
          2,
          3
        ],
        [
          3,
          2,
          3,
          2
        ]
      ],
      "essay_scoreT_exp": [
        [
          3,
          3,
          3
        ],
        [
          3,
          3,
          3
        ],
        [
          2,
          2,
          3
        ]
      ]
    }
  },
  "student": {
    "date": "2021.12.03",
    "student_educated": true,
    "student_grade": "고등_1학년",
    "location": "063",
    "student_grade_group": "고등",
    "student_reading": 1
  },
  "rubric": {
    "essay_grade": "고등_1학년",
    "organization_weight": {
      "org_paragraph": 0,
      "org": 3,
      "org_essay": 6,
      "org_coherence": 3,
      "org_quantity": 1
    },
    "essay_type": "찬성반대",
    "content_weight": {
      "con_clearance": 3,
      "con_novelty": 3,
      "con": 4,
      "con_prompt": 1,
      "con_description": 3
    },
    "essay_main_subject": "비혼주의자에 대한 본인의 의견",
    "expression_weight": {
      "exp_style": 4,
      "exp_grammar": 2,
      "exp_vocab": 4,
      "exp": 3
    }
  },
  "correction": [],
  "info": {
    "essay_id": "ESSAY_54766",
    "essay_prompt": " \"\"연애는 필수, 결혼은 선택! 가슴이 뛰는 대로 가면 돼\"\".\n\n 유명한 유행가의 노래 가사처럼, 청년들에게 결혼은 이제 필수가 아닌 하나의 선택 사항입니다. 연애, 결혼, 출산을 포기한다는 의미의 '3포세대'라는 말이 나오기 무섭게 5포 세대, N포세대까지 등장할 정도로 취업난, 치솟는 부동산 가격 등 여러 사회·경제적 요인들로 청년층을 위축시켰습니다.\n\n 모두가 이러한 이유로 '결혼을 포기'하는 것만은 아닙니다. 개인의 행복을 위해 '비혼을 선택'하는 청년들도 늘고 있습니다. 이처럼 최근 전통적인 가치관에서 벗어나 연애와 동거는 하면서 결혼이라는 제도에 묶여 관계에서 파생되는 책임을 벗어나 자유로운 삶을 추구하는 비혼주의자가 늘고 있습니다.\n\n 다만, 개인의 자유로운 선택에 따라 비혼주의를 하지만 주변에서는 아직 고운 시선으로 바라보지 않는 사람도 많습니다. 결혼이라는 제도에 대해서 선택이 아닌 필수라고 생각하는 사람들도 많지요. 개개인이 모여 사회가 형성되기 때문에 사회의 가장 작은 단위인 가족을 이루는 것도 사회 구성원으로서의 큰 역할이라고 생각하는 사람들도 있습니다.\n\n 여러분은 결혼을 꼭 해야 한다고 생각하시나요? 아니면 결혼은 선택의 문제라고 생각하시나요? 비혼주의에 대해 찬성하는 입장 반대를 선택하여 자신의 의견을 작성해주세요. 그리고 그렇게 생각한 이유에 대해서 작성해주세요.",
    "essay_type": "찬성반대",
    "essay_level": "2",
    "essay_len": 834,
    "essay_main_subject": "비혼주의자에 대한 본인의 의견"
  }
}