{
  "paragraph": [
    {
      "paragraph_txt": "우선, 나는 비혼주의에 대해서 찬성한다.#@문장구분# 그 이유로는 약 18세기부터 진행된 산업혁명 등으로 인한 산업화와, 그로인한 도시화가 점차 진행되면서 이전에 대가족 중심 이였던 가족 구성 형태에서 점차 핵가족화가 진행 되었고,개인주의적 생활양식이 확대 되어가면서 점차 과거에는 필수적 이였던 결혼을 하고 자녀를 키우며 생활하는 과정이 필수적이지 않게 되어 개인의 선택이 중시 되는 것 이고.#@문장구분#두 번째로는 위와 비슷하게 현대 사회로 접어들수록 거의 모든 사람들이 사회에 나가서 일을 하게 되어서 결혼을 하거나 아이를 낳아 키우는 시간적 여유가 되지 않는다거나 몇몇 지역의 경우는 집이나 학비 등 아이를 키울만한 경제적 여유가 되지 않을 수도 있기 때문이다.#@문장구분# 그리고 책임질 수 없는 사람들도 모두가 무조건적으로 결혼을 하여서 감당도 못 할 책임을 견뎌내는 것 보다는 스스로 결혼에 대한 책임을 견뎌내고 감당할 수 있고 준비가 된 사람들만 결혼을 하여 준비가 안 된 결혼이나 본인의 책임 부족으로 인한 여러 안좋을 상황 등을 줄이기 위해서이기도 하다.#@문장구분# \n 정리하면 이제는 결혼이 필수가 아닌 선택의 영역이 되었고, 굳이 결혼을 하여 다른 사람에게 나를 맞춰주며 살아가는 대신 혼자서 자급자족하며 살아갈 수 있게 되었으며, 많은 사람들이 직업을 갖고 일을 하게 되면서 부족한 개인의 시간을 위해서, 아니면 결혼과 자녀 양육에 대한 경제적 여유가 안 되는 경우도 있기 때문에, 모두가 결혼을 하고 그로인한 책임을 질 필요가 없으며, 또한 결혼을 해 놓고 책임을 지지 않으며 회피하여 문제가 생기면 안된다는 이유로 비혼주의가 있어도 되는 것이고 합리적이라고 생각한다.#@문장구분#",
      "paragraph_len": 910,
      "paragraph_id": "001"
    }
  ],
  "score": {
    "paragraph_score": [
      {
        "paragraph_scoreT": [
          3,
          3,
          3
        ],
        "paragraph_scoreT_detail": {
          "paragraph_scoreT_exp": [
            [
              3,
              3,
              3
            ],
            [
              3,
              3,
              3
            ],
            [
              3,
              3,
              3
            ]
          ]
        },
        "paragraph_scoreT_avg": 3,
        "paragraph_id": "001"
      }
    ],
    "essay_scoreT": [
      26.7,
      27,
      30
    ],
    "essay_scoreT_avg": 27.9,
    "essay_scoreT_detail": {
      "essay_scoreT_org": [
        [
          2,
          0,
          3,
          2
        ],
        [
          2,
          0,
          3,
          3
        ],
        [
          3,
          0,
          3,
          3
        ]
      ],
      "essay_scoreT_cont": [
        [
          3,
          2,
          3,
          3
        ],
        [
          3,
          2,
          3,
          3
        ],
        [
          3,
          3,
          3,
          3
        ]
      ],
      "essay_scoreT_exp": [
        [
          3,
          3,
          3
        ],
        [
          3,
          3,
          3
        ],
        [
          3,
          3,
          3
        ]
      ]
    }
  },
  "student": {
    "date": "2021.10.01",
    "student_educated": true,
    "student_grade": "고등_1학년",
    "location": "051",
    "student_grade_group": "고등",
    "student_reading": 1
  },
  "rubric": {
    "essay_grade": "고등_1학년",
    "organization_weight": {
      "org_paragraph": 0,
      "org": 3,
      "org_essay": 6,
      "org_coherence": 3,
      "org_quantity": 1
    },
    "essay_type": "찬성반대",
    "content_weight": {
      "con_clearance": 3,
      "con_novelty": 3,
      "con": 4,
      "con_prompt": 1,
      "con_description": 3
    },
    "essay_main_subject": "비혼주의자에 대한 본인의 의견",
    "expression_weight": {
      "exp_style": 4,
      "exp_grammar": 2,
      "exp_vocab": 4,
      "exp": 3
    }
  },
  "correction": [],
  "info": {
    "essay_id": "ESSAY_36394",
    "essay_prompt": " \"\"연애는 필수, 결혼은 선택! 가슴이 뛰는 대로 가면 돼\"\".\n\n 유명한 유행가의 노래 가사처럼, 청년들에게 결혼은 이제 필수가 아닌 하나의 선택 사항입니다. 연애, 결혼, 출산을 포기한다는 의미의 '3포세대'라는 말이 나오기 무섭게 5포 세대, N포세대까지 등장할 정도로 취업난, 치솟는 부동산 가격 등 여러 사회·경제적 요인들로 청년층을 위축시켰습니다.\n\n 모두가 이러한 이유로 '결혼을 포기'하는 것만은 아닙니다. 개인의 행복을 위해 '비혼을 선택'하는 청년들도 늘고 있습니다. 이처럼 최근 전통적인 가치관에서 벗어나 연애와 동거는 하면서 결혼이라는 제도에 묶여 관계에서 파생되는 책임을 벗어나 자유로운 삶을 추구하는 비혼주의자가 늘고 있습니다.\n\n 다만, 개인의 자유로운 선택에 따라 비혼주의를 하지만 주변에서는 아직 고운 시선으로 바라보지 않는 사람도 많습니다. 결혼이라는 제도에 대해서 선택이 아닌 필수라고 생각하는 사람들도 많지요. 개개인이 모여 사회가 형성되기 때문에 사회의 가장 작은 단위인 가족을 이루는 것도 사회 구성원으로서의 큰 역할이라고 생각하는 사람들도 있습니다.\n\n 여러분은 결혼을 꼭 해야 한다고 생각하시나요? 아니면 결혼은 선택의 문제라고 생각하시나요? 비혼주의에 대해 찬성하는 입장 반대를 선택하여 자신의 의견을 작성해주세요. 그리고 그렇게 생각한 이유에 대해서 작성해주세요.",
    "essay_type": "찬성반대",
    "essay_level": "2",
    "essay_len": 810,
    "essay_main_subject": "비혼주의자에 대한 본인의 의견"
  }
}