{
  "paragraph": [
    {
      "paragraph_txt": "어느 강의를 유튜브에서 들었다.#@문장구분# 경제적인 이유로 비혼인 사람이 많았다.#@문장구분# 집이 잘사는 사람들의 가정에서 아이들 결혼확률이 높고 전세 사는 가정의 아이들이 그다음 높고,형편이 어려운 가정의 아이들이 결혼할 확률이 낮아진다는 결론의 강의이다.#@문장구분# 자녀출산도 똑 같다고 한다.#@문장구분# 내가 집장만을 하기에는 힘든 시기가 되어서 금수저들은 결혼하고 흙수저들은 결혼할 생각이 없다는 뜻. 경제적으로 여유롭지 못하면 나중에 부모님도 모셔야하고 나의 아이들도 키워야하니 형편이 어려운 가정의 자녀들이 비혼을 많이 주장한다고 한다.#@문장구분# 결혼은 하고 싶지만 경제적 능력이 없어서 결혼을 못한다는 사람이 많다.#@문장구분# 나도 비혼을 찬성한다.#@문장구분# 혼자살면 굳이 집이 없어도 되고 큰집도 필요없고 하고싶은 일을 자유롭게 하면서 살수 있으니 경제적 능력이나 경제적인 도움도 필요없다는 생각이다.#@문장구분# 내가 능력껏 월세를 살던 집을 사던해도 불편함이 전혀 없을 것이다.#@문장구분# 지금 우리나라의 인구가 줄고 있는 이유중의 하나가 비혼주의 많아 져서라는 말도 있다.#@문장구분# 결혼을 해야 아기를 낳고 그래야 인구가 늘어나는데 결혼을 꺼리는 20~30대 사람들이 많다보니 당연이 인구가 줄고 있는 것이다.#@문장구분# 이런 것을 생각해보면 한편으로는 각 나라마다 인구가 줄어 나라가 없어지는건 아닐까하는 걱정도 하게된다.#@문장구분# 특히 우리나라는 여자가 남자들과 똑같은 경제활동을 해도 친정이 못산다고 친정을 대놓고 도우면 나쁜사람 취급을 받는다.#@문장구분# 지금도 엄마들이 외할아버지나 외할머니께 용돈드릴때는 아버지 모르게 드리는 경우가 많다.#@문장구분# 이런 경제능력이나 여자들의 부당함을 생각하면 비혼주의를 찬성한다.#@문장구분#",
      "paragraph_len": 1084,
      "paragraph_id": "001"
    }
  ],
  "score": {
    "paragraph_score": [
      {
        "paragraph_scoreT": [
          2,
          2,
          2
        ],
        "paragraph_scoreT_detail": {
          "paragraph_scoreT_exp": [
            [
              2,
              2,
              2
            ],
            [
              2,
              2,
              2
            ],
            [
              2,
              2,
              2
            ]
          ]
        },
        "paragraph_scoreT_avg": 2,
        "paragraph_id": "001"
      }
    ],
    "essay_scoreT": [
      24.3,
      22.4,
      21.9
    ],
    "essay_scoreT_avg": 22.866667,
    "essay_scoreT_detail": {
      "essay_scoreT_org": [
        [
          2,
          0,
          2,
          3
        ],
        [
          2,
          0,
          2,
          2
        ],
        [
          2,
          0,
          2,
          3
        ]
      ],
      "essay_scoreT_cont": [
        [
          3,
          3,
          3,
          3
        ],
        [
          3,
          3,
          2,
          2
        ],
        [
          3,
          2,
          3,
          2
        ]
      ],
      "essay_scoreT_exp": [
        [
          2,
          2,
          2
        ],
        [
          2,
          2,
          2
        ],
        [
          2,
          2,
          2
        ]
      ]
    }
  },
  "student": {
    "date": "2021.12.23",
    "student_educated": true,
    "student_grade": "고등_1학년",
    "location": "031",
    "student_grade_group": "고등",
    "student_reading": 2
  },
  "rubric": {
    "essay_grade": "고등_1학년",
    "organization_weight": {
      "org_paragraph": 0,
      "org": 3,
      "org_essay": 6,
      "org_coherence": 3,
      "org_quantity": 1
    },
    "essay_type": "찬성반대",
    "content_weight": {
      "con_clearance": 3,
      "con_novelty": 3,
      "con": 4,
      "con_prompt": 1,
      "con_description": 3
    },
    "essay_main_subject": "비혼주의자에 대한 본인의 의견",
    "expression_weight": {
      "exp_style": 4,
      "exp_grammar": 2,
      "exp_vocab": 4,
      "exp": 3
    }
  },
  "correction": [],
  "info": {
    "essay_id": "ESSAY_76535",
    "essay_prompt": " \"\"연애는 필수, 결혼은 선택! 가슴이 뛰는 대로 가면 돼\"\".\n\n 유명한 유행가의 노래 가사처럼, 청년들에게 결혼은 이제 필수가 아닌 하나의 선택 사항입니다. 연애, 결혼, 출산을 포기한다는 의미의 '3포세대'라는 말이 나오기 무섭게 5포 세대, N포세대까지 등장할 정도로 취업난, 치솟는 부동산 가격 등 여러 사회·경제적 요인들로 청년층을 위축시켰습니다.\n\n 모두가 이러한 이유로 '결혼을 포기'하는 것만은 아닙니다. 개인의 행복을 위해 '비혼을 선택'하는 청년들도 늘고 있습니다. 이처럼 최근 전통적인 가치관에서 벗어나 연애와 동거는 하면서 결혼이라는 제도에 묶여 관계에서 파생되는 책임을 벗어나 자유로운 삶을 추구하는 비혼주의자가 늘고 있습니다.\n\n 다만, 개인의 자유로운 선택에 따라 비혼주의를 하지만 주변에서는 아직 고운 시선으로 바라보지 않는 사람도 많습니다. 결혼이라는 제도에 대해서 선택이 아닌 필수라고 생각하는 사람들도 많지요. 개개인이 모여 사회가 형성되기 때문에 사회의 가장 작은 단위인 가족을 이루는 것도 사회 구성원으로서의 큰 역할이라고 생각하는 사람들도 있습니다.\n\n 여러분은 결혼을 꼭 해야 한다고 생각하시나요? 아니면 결혼은 선택의 문제라고 생각하시나요? 비혼주의에 대해 찬성하는 입장 반대를 선택하여 자신의 의견을 작성해주세요. 그리고 그렇게 생각한 이유에 대해서 작성해주세요.",
    "essay_type": "찬성반대",
    "essay_level": "2",
    "essay_len": 785,
    "essay_main_subject": "비혼주의자에 대한 본인의 의견"
  }
}