{
  "paragraph": [
    {
      "paragraph_txt": "나는 비혼주의에 반대하는 입장이다.#@문장구분# 그렇다고 꼭 결혼을 해야만한다 하는 생각은 또 아니다.#@문장구분# 여러 가지 이유가 있겠지만 가장 큰이유로는 1인 가구의 증가와 고독사 문제도 비혼으로 인해 생길 수 있다는 것이고 고독사라는게 무섭다.#@문장구분# 결혼을 안코 혼자 자유로이 나를 위해 나에게 최선을 다해 살았는데 정작 죽을때는 세상 쓸쓸한 죽음을 맞이할꺼 같아 고독사가 무섭고 두렵다.#@문장구분# 다들 결혼으로 인한 부정적인 면만 부각시키는거 같다.#@문장구분# 하지만 결혼을 해서 사랑하는 사람과 사랑스런 아이들이 옆에 있다는건 세상 무엇과도 바꿀수 없는 것이다. #@문장구분#왜 부모님들께서 우리를 애지중지 키웠는지 눈에 넣어도 안아프다는 말이 있는지도 생각해봐야 한다.#@문장구분# 물론 이렇게 양육하려면 그에따른 부모들의 희생이 뒤따른다.#@문장구분# 이러한 문제들을 사람들이 잘 인식하고 깨닫는 것이 있다면, 비혼주의자들은 좀처럼 많이 생기지 않을 것입니다.#@문장구분# 하지만, 가장 중요한 부분은 현재 비혼주의자들은 이러한 여러 측면의 피해를 전혀 생각하지 않는다는 것이고 더불어, 다수가 이에 대한 견해도 여러 과정을 거친 것이 아닌 즉흥적으로 생각한 결과라는 것입니다.#@문장구분# 따라서 결혼과 비혼에 대한 서로의 선택은 존중하되, 그로 인한 피해를 생각하며 결정을 내려야 하고 실제로 그 피해가 커지고 있는 만큼, 비혼주의자들은 자신의 견해를 정리해보아야 할 것입니다.#@문장구분#  \n 본인이 결혼을 하고 싶다면 그 앞일에 대한 책임을 질 각오로 해야하며 결혼을 안 한다하더라도 그것은 그냥 본인이 그렇게 하고 싶다는 것이고 그 후에 본인이 후회를 하든 말든 우리는 상관을 쓸 이유는 전혀 없으며 또한 우리에게도 그 사람에게 미안해야할 이유도 없다.#@문장구분# 그러므로 나는 결혼을 하느가 마는가에 대한 의견은 그 사람의 결정에 있으므로 찬성이다.#@문장구분#",
      "paragraph_len": 1122,
      "paragraph_id": "001"
    }
  ],
  "score": {
    "paragraph_score": [
      {
        "paragraph_scoreT": [
          3,
          3,
          3
        ],
        "paragraph_scoreT_detail": {
          "paragraph_scoreT_exp": [
            [
              3,
              3,
              3
            ],
            [
              3,
              3,
              3
            ],
            [
              3,
              3,
              3
            ]
          ]
        },
        "paragraph_scoreT_avg": 3,
        "paragraph_id": "001"
      }
    ],
    "essay_scoreT": [
      28.8,
      28.8,
      30
    ],
    "essay_scoreT_avg": 29.199999,
    "essay_scoreT_detail": {
      "essay_scoreT_org": [
        [
          3,
          0,
          3,
          3
        ],
        [
          3,
          0,
          3,
          3
        ],
        [
          3,
          0,
          3,
          3
        ]
      ],
      "essay_scoreT_cont": [
        [
          3,
          2,
          3,
          3
        ],
        [
          3,
          2,
          3,
          3
        ],
        [
          3,
          3,
          3,
          3
        ]
      ],
      "essay_scoreT_exp": [
        [
          3,
          3,
          3
        ],
        [
          3,
          3,
          3
        ],
        [
          3,
          3,
          3
        ]
      ]
    }
  },
  "student": {
    "date": "2021.11.01",
    "student_educated": true,
    "student_grade": "고등_1학년",
    "location": "063",
    "student_grade_group": "고등",
    "student_reading": 2
  },
  "rubric": {
    "essay_grade": "고등_1학년",
    "organization_weight": {
      "org_paragraph": 0,
      "org": 3,
      "org_essay": 6,
      "org_coherence": 3,
      "org_quantity": 1
    },
    "essay_type": "찬성반대",
    "content_weight": {
      "con_clearance": 3,
      "con_novelty": 3,
      "con": 4,
      "con_prompt": 1,
      "con_description": 3
    },
    "essay_main_subject": "비혼주의자에 대한 본인의 의견",
    "expression_weight": {
      "exp_style": 4,
      "exp_grammar": 2,
      "exp_vocab": 4,
      "exp": 3
    }
  },
  "correction": [],
  "info": {
    "essay_id": "ESSAY_61069",
    "essay_prompt": " \"\"연애는 필수, 결혼은 선택! 가슴이 뛰는 대로 가면 돼\"\".\n\n 유명한 유행가의 노래 가사처럼, 청년들에게 결혼은 이제 필수가 아닌 하나의 선택 사항입니다. 연애, 결혼, 출산을 포기한다는 의미의 '3포세대'라는 말이 나오기 무섭게 5포 세대, N포세대까지 등장할 정도로 취업난, 치솟는 부동산 가격 등 여러 사회·경제적 요인들로 청년층을 위축시켰습니다.\n\n 모두가 이러한 이유로 '결혼을 포기'하는 것만은 아닙니다. 개인의 행복을 위해 '비혼을 선택'하는 청년들도 늘고 있습니다. 이처럼 최근 전통적인 가치관에서 벗어나 연애와 동거는 하면서 결혼이라는 제도에 묶여 관계에서 파생되는 책임을 벗어나 자유로운 삶을 추구하는 비혼주의자가 늘고 있습니다.\n\n 다만, 개인의 자유로운 선택에 따라 비혼주의를 하지만 주변에서는 아직 고운 시선으로 바라보지 않는 사람도 많습니다. 결혼이라는 제도에 대해서 선택이 아닌 필수라고 생각하는 사람들도 많지요. 개개인이 모여 사회가 형성되기 때문에 사회의 가장 작은 단위인 가족을 이루는 것도 사회 구성원으로서의 큰 역할이라고 생각하는 사람들도 있습니다.\n\n 여러분은 결혼을 꼭 해야 한다고 생각하시나요? 아니면 결혼은 선택의 문제라고 생각하시나요? 비혼주의에 대해 찬성하는 입장 반대를 선택하여 자신의 의견을 작성해주세요. 그리고 그렇게 생각한 이유에 대해서 작성해주세요.",
    "essay_type": "찬성반대",
    "essay_level": "2",
    "essay_len": 862,
    "essay_main_subject": "비혼주의자에 대한 본인의 의견"
  }
}