{
  "paragraph": [
    {
      "paragraph_txt": "내가 생각하는 비혼 주의 내생각은 찬성이라는 것을 말하고 싶다.#@문장구분# 결혼에 대한 사전적인 의미를 보면 두 사람이 부부가 되는 의레나 게약을 뜻하며 나아가 법적 구속력을 가지기에 동거와 일반적인 연인 사이와는 확연히 구분된다는 것을 듯하고 있다.#@문장구분# 이제까지의 결혼의 생활은 남자가 여자와 자손에게 경제적인 지원을 약속하고 여자는 남자에게 친자를 제공하는 것을 기초로 하는 아주 간단한 게약관게에서 출발한다.#@문장구분# 즉 남자는 경제적인 지원을 기회비용으로 친자를 얻는 것이다.#@문장구분# 시간이 많이 흐르면서 결혼의 의미가 복잡해지고 어려워지더라도 일반적인 상황에서 이러한 형태는 아직까지 여자는 양육, 남자는 경제적 책임으로 역할이 나눠저있다.#@문장구분# 비혼의 문제점을 출산율 저하로 바라보는 것을 전제로 앞으로 설명하는 결혼에는 출산이라는 문제를 포함시키겠다.#@문장구분#또한 남녀 갈등 문제로도 화두가 되고있지만 여성의 탓으로 돌리는 경향이 있는 것 같습니다. #@문장구분#그러나 여성의 출산은 경력단절을 불러올 수 밖에 없는 구조이며 여성의 신체에도 변화가 찾아오는 큰 리스크를 감당해야합니다.#@문장구분# 또한 한 생명이 한 인격체로 성장하기까지 부모의 경제력이 요구됩니다. #@문장구분#이러한 부담감에 출산을 포기하는 경우도 많습니다.#@문장구분# 아이를 낳지 않고 결혼생활을 하는 딩크족도 존재하지만 아이를 낳지 않을거라면 연인으로 지내도 좋을 것 같다는 판단을 내리는 사람도 있습니다.#@문장구분# 문제 될 것이 없는 그들의 판단을 자기 멋대로 잘못되었다 판단내려서는 안됩니다. #@문장구분#늙어서 혼자이면 고생하고 외롭다는 말도 있는데 결혼한다고 평생을 함께할거라는 보장은 없습니다. #@문장구분#그래서 내가 생각 하는 비혼주의는 찬성이다.#@문장구분#",
      "paragraph_len": 1075,
      "paragraph_id": "001"
    }
  ],
  "score": {
    "paragraph_score": [
      {
        "paragraph_scoreT": [
          3,
          2.8,
          2.6
        ],
        "paragraph_scoreT_detail": {
          "paragraph_scoreT_exp": [
            [
              3,
              3,
              3
            ],
            [
              2,
              3,
              3
            ],
            [
              3,
              3,
              2
            ]
          ]
        },
        "paragraph_scoreT_avg": 2.8,
        "paragraph_id": "001"
      }
    ],
    "essay_scoreT": [
      30,
      26.099998,
      26.3
    ],
    "essay_scoreT_avg": 27.466665,
    "essay_scoreT_detail": {
      "essay_scoreT_org": [
        [
          3,
          0,
          3,
          3
        ],
        [
          2,
          0,
          3,
          2
        ],
        [
          3,
          0,
          2,
          3
        ]
      ],
      "essay_scoreT_cont": [
        [
          3,
          3,
          3,
          3
        ],
        [
          3,
          2,
          3,
          3
        ],
        [
          3,
          3,
          2,
          2
        ]
      ],
      "essay_scoreT_exp": [
        [
          3,
          3,
          3
        ],
        [
          2,
          3,
          3
        ],
        [
          3,
          3,
          2
        ]
      ]
    }
  },
  "student": {
    "date": "2021.12.20",
    "student_educated": true,
    "student_grade": "고등_1학년",
    "location": "044",
    "student_grade_group": "고등",
    "student_reading": 2
  },
  "rubric": {
    "essay_grade": "고등_1학년",
    "organization_weight": {
      "org_paragraph": 0,
      "org": 3,
      "org_essay": 6,
      "org_coherence": 3,
      "org_quantity": 1
    },
    "essay_type": "찬성반대",
    "content_weight": {
      "con_clearance": 3,
      "con_novelty": 3,
      "con": 4,
      "con_prompt": 1,
      "con_description": 3
    },
    "essay_main_subject": "비혼주의자에 대한 본인의 의견",
    "expression_weight": {
      "exp_style": 4,
      "exp_grammar": 2,
      "exp_vocab": 4,
      "exp": 3
    }
  },
  "correction": [],
  "info": {
    "essay_id": "ESSAY_71273",
    "essay_prompt": " \"\"연애는 필수, 결혼은 선택! 가슴이 뛰는 대로 가면 돼\"\".\n\n 유명한 유행가의 노래 가사처럼, 청년들에게 결혼은 이제 필수가 아닌 하나의 선택 사항입니다. 연애, 결혼, 출산을 포기한다는 의미의 '3포세대'라는 말이 나오기 무섭게 5포 세대, N포세대까지 등장할 정도로 취업난, 치솟는 부동산 가격 등 여러 사회·경제적 요인들로 청년층을 위축시켰습니다.\n\n 모두가 이러한 이유로 '결혼을 포기'하는 것만은 아닙니다. 개인의 행복을 위해 '비혼을 선택'하는 청년들도 늘고 있습니다. 이처럼 최근 전통적인 가치관에서 벗어나 연애와 동거는 하면서 결혼이라는 제도에 묶여 관계에서 파생되는 책임을 벗어나 자유로운 삶을 추구하는 비혼주의자가 늘고 있습니다.\n\n 다만, 개인의 자유로운 선택에 따라 비혼주의를 하지만 주변에서는 아직 고운 시선으로 바라보지 않는 사람도 많습니다. 결혼이라는 제도에 대해서 선택이 아닌 필수라고 생각하는 사람들도 많지요. 개개인이 모여 사회가 형성되기 때문에 사회의 가장 작은 단위인 가족을 이루는 것도 사회 구성원으로서의 큰 역할이라고 생각하는 사람들도 있습니다.\n\n 여러분은 결혼을 꼭 해야 한다고 생각하시나요? 아니면 결혼은 선택의 문제라고 생각하시나요? 비혼주의에 대해 찬성하는 입장 반대를 선택하여 자신의 의견을 작성해주세요. 그리고 그렇게 생각한 이유에 대해서 작성해주세요.",
    "essay_type": "찬성반대",
    "essay_level": "2",
    "essay_len": 796,
    "essay_main_subject": "비혼주의자에 대한 본인의 의견"
  }
}