{
  "paragraph": [
    {
      "paragraph_txt": "혼인이란 남녀가 정식으로 부부 관계를 맺는 것으로 서로에게 막중한 책임이 따르는 일이다.#@문장구분# 옛날에는 결혼을 필수적으로 여겼지만 지금 사회는 비혼주의자가 늘어나 결혼에 대한 인식이 많이 바뀌었다.#@문장구분# 이 사회의 구성원 중 한 명인 나도 비혼주의자에 대해 부정적으로 생각하지 않는다.#@문장구분# 오히려 비혼주의를 긍정적인 시선으로 바라보고 있다.#@문장구분#\n사람은 살면서 마음이 맞는 이와 사랑에 빠지고 시간에 흐름에 따라 마음이 그대로일 수도, 바뀔 수도 있다.#@문장구분# 그것은 지극히 당연하고 평범한 일이다.#@문장구분# 하지만 사랑을 믿고 혼인을 하게 된다면 두 사람은 부부라는 족쇄를 차게 되는 것이다.#@문장구분# 이는 두 사람이 평생을 약속하는 것을 의미하기도 하지만,  한 사람의 마음이 변해도 일반적으로 끊을 수 없다는 것을 의미하기도 한다.#@문장구분# 한 마디로 양날의 검인 셈이다.#@문장구분# 만약, 사랑하지 않는 이와 억지로 함께하고 마음이 떠난 이를 어쩔 수 없이 계속 바라봐야 하는 관계가 생긴다면 너무 마음 아프고 끔찍하지 않을까?#@문장구분# 하지만 혼인을 하지 않는다면 둘은 더욱 자유롭다.#@문장구분# 언제든지 가까워질 수 있고 멀어질 수 있을 것이다.#@문장구분# 이러한 면을 고려해 보면 혼인보다는 비혼이 서로에게 더 좋다고 생각한다.#@문장구분# 그리고 만남이 있으면 헤어짐은 당연하다.#@문장구분# 하지만 우리나라에서 이혼은 그리 좋지 못한 시선으로 바라봐진다.#@문장구분# 그 시선은 우리나라 연예인들만 봐도 충분히 알 수 있다.#@문장구분# 두 사람의 이혼 소식이 기사화되고 모두의 시선이 받게 된다.#@문장구분# 또, 이혼하는 과정이 좋지 못하면 모두의 비난을 살 뿐 아니라 직업도 잃을 수 있다고 생각한다.#@문장구분# 무엇보다도 이혼남, 이혼녀와 같은 꼬리표, 그리고 사람들의 시선은 아마 평생 달고 살아야 할지도 모른다.#@문장구분# 혼인과 비혼, 모두 각자의 장단점이 있지만 난 평생을 기약하며 모험을 하고 싶은 것이 아니라면 난 비혼을 더 추천하고 싶다.#@문장구분# 서로 부담 없이 사랑을 나누면서 자유까지 얻으니 두 마리의 토끼를 다 잡을 좋은 기회가 아닐까?#@문장구분#",
      "paragraph_len": 1367,
      "paragraph_id": "001"
    }
  ],
  "score": {
    "paragraph_score": [
      {
        "paragraph_scoreT": [
          3,
          3,
          3
        ],
        "paragraph_scoreT_detail": {
          "paragraph_scoreT_exp": [
            [
              3,
              3,
              3
            ],
            [
              3,
              3,
              3
            ],
            [
              3,
              3,
              3
            ]
          ]
        },
        "paragraph_scoreT_avg": 3,
        "paragraph_id": "001"
      }
    ],
    "essay_scoreT": [
      28.5,
      22.5,
      24.5
    ],
    "essay_scoreT_avg": 25.166666,
    "essay_scoreT_detail": {
      "essay_scoreT_org": [
        [
          3,
          0,
          3,
          2
        ],
        [
          2,
          0,
          2,
          3
        ],
        [
          2,
          0,
          2,
          3
        ]
      ],
      "essay_scoreT_cont": [
        [
          3,
          2,
          3,
          3
        ],
        [
          1,
          2,
          3,
          2
        ],
        [
          3,
          2,
          2,
          2
        ]
      ],
      "essay_scoreT_exp": [
        [
          3,
          3,
          3
        ],
        [
          3,
          3,
          3
        ],
        [
          3,
          3,
          3
        ]
      ]
    }
  },
  "student": {
    "date": "2021.09.13",
    "student_educated": true,
    "student_grade": "고등_1학년",
    "location": "051",
    "student_grade_group": "고등",
    "student_reading": 1
  },
  "rubric": {
    "essay_grade": "고등_1학년",
    "organization_weight": {
      "org_paragraph": 0,
      "org": 3,
      "org_essay": 6,
      "org_coherence": 3,
      "org_quantity": 1
    },
    "essay_type": "찬성반대",
    "content_weight": {
      "con_clearance": 3,
      "con_novelty": 3,
      "con": 4,
      "con_prompt": 1,
      "con_description": 3
    },
    "essay_main_subject": "비혼주의자에 대한 본인의 의견",
    "expression_weight": {
      "exp_style": 4,
      "exp_grammar": 2,
      "exp_vocab": 4,
      "exp": 3
    }
  },
  "correction": [],
  "info": {
    "essay_id": "ESSAY_33779",
    "essay_prompt": " \"\"연애는 필수, 결혼은 선택! 가슴이 뛰는 대로 가면 돼\"\".\n\n 유명한 유행가의 노래 가사처럼, 청년들에게 결혼은 이제 필수가 아닌 하나의 선택 사항입니다. 연애, 결혼, 출산을 포기한다는 의미의 '3포세대'라는 말이 나오기 무섭게 5포 세대, N포세대까지 등장할 정도로 취업난, 치솟는 부동산 가격 등 여러 사회·경제적 요인들로 청년층을 위축시켰습니다.\n\n 모두가 이러한 이유로 '결혼을 포기'하는 것만은 아닙니다. 개인의 행복을 위해 '비혼을 선택'하는 청년들도 늘고 있습니다. 이처럼 최근 전통적인 가치관에서 벗어나 연애와 동거는 하면서 결혼이라는 제도에 묶여 관계에서 파생되는 책임을 벗어나 자유로운 삶을 추구하는 비혼주의자가 늘고 있습니다.\n\n 다만, 개인의 자유로운 선택에 따라 비혼주의를 하지만 주변에서는 아직 고운 시선으로 바라보지 않는 사람도 많습니다. 결혼이라는 제도에 대해서 선택이 아닌 필수라고 생각하는 사람들도 많지요. 개개인이 모여 사회가 형성되기 때문에 사회의 가장 작은 단위인 가족을 이루는 것도 사회 구성원으로서의 큰 역할이라고 생각하는 사람들도 있습니다.\n\n 여러분은 결혼을 꼭 해야 한다고 생각하시나요? 아니면 결혼은 선택의 문제라고 생각하시나요? 비혼주의에 대해 찬성하는 입장 반대를 선택하여 자신의 의견을 작성해주세요. 그리고 그렇게 생각한 이유에 대해서 작성해주세요.",
    "essay_type": "찬성반대",
    "essay_level": "2",
    "essay_len": 948,
    "essay_main_subject": "비혼주의자에 대한 본인의 의견"
  }
}