{
  "paragraph": [
    {
      "paragraph_txt": "저는 비혼주의자에 대해 자세히는 모르고 아 결혼을 원하지 않는 사람으로 알고 있었습니다.#@문장구분# 비혼주의란 결혼은 필수가 아니라, 선택이라고 생각하는 이'를 일컫는 말이라고 정의되어 있습니다.#@문장구분# 저는 비혼주의자에 입장에서 찬성입니다. 비혼주의자에 대해 찬성하는 이유는 모두가 알지 못하는 각자의 가치관이 달라서라고 생각합니다.#@문장구분# 결혼이라는 것은 혼자만 찬성한다고 해서 쉬운 선택이 될 문제가 아닐뿐더러, 결혼은 자신의 인생의 절반을 바치는 것으로 때문에 두사람의 의견이 잘 맞아야한다고 생각합니다.#@문장구분# 원하지 않으면 하지 않는게 맞다고 생각하고 맞으면 해야하는게 맞다고 생각합니다.#@문장구분# 비혼주의를 반대 입장은 반대를 하는 이유는 무엇일까?#@문장구분# 내가 생각하기엔 반대입장은 결혼하면 혼자서 못하는 거 둘이 해낼 수 있고 자신의 미래를 낳는 일이기에 기쁜 일이므로 반대를 하는 것이며, 저출산 문제가 심각해지다 보니, 이런 비혼주의자들이 많아지면 많아질수록 저출산의 문제가 증가하며 고령화 문제가 심화 될 것이라고 생각하기 때문이라고 생각합니다.#@문장구분# 비혼주의자들은 결혼이라는 제도를 거부하는 사람들인데, 그렇다면 그들이 결혼이라는 제도를 거부하는 이유는 무엇일까?#@문장구분# 각자의 사정엔 어떤 것이 있을까?#@문장구분# 저는 그들의 사정은 여러 가지일 것이라고 생각했습니다.#@문장구분# 결혼을 하기 위해서는 무엇보다 현실적으로는 돈이 필요로 하며 이것이 가장 큰 문제입니다.#@문장구분# 하지만 그만큼의 돈이 없다고 해서 결혼을 못하는 것은 아닙니다.#@문장구분# 결혼을 하고 아이를 낳는 것에 대한 두려움, 육아를 하는 것에 대한 두려움 등이 있을 수 있고, 아직은 혼자만의 시간을 누리고 싶을 수 있고, 아직은 일이 더 좋을 수 있고, 자신이 가족이 될 배우자의 가족들과 맞지 않아 갈등이 생길 수 있다는 점들이 있습니다. 그래서 저는 비혼주의자들을 존중하며 결혼에 대해 아예 반대 하는 것이 아니므로 다들 다시 한 번은 생각해봐도 좋을 것 같다고 생각합니다.#@문장구분#",
      "paragraph_len": 1198,
      "paragraph_id": "001"
    }
  ],
  "score": {
    "paragraph_score": [
      {
        "paragraph_scoreT": [
          3,
          3,
          2.8
        ],
        "paragraph_scoreT_detail": {
          "paragraph_scoreT_exp": [
            [
              3,
              3,
              3
            ],
            [
              3,
              3,
              3
            ],
            [
              2,
              3,
              3
            ]
          ]
        },
        "paragraph_scoreT_avg": 2.9333334,
        "paragraph_id": "001"
      }
    ],
    "essay_scoreT": [
      30,
      30,
      26.1
    ],
    "essay_scoreT_avg": 28.699999,
    "essay_scoreT_detail": {
      "essay_scoreT_org": [
        [
          3,
          0,
          3,
          3
        ],
        [
          3,
          0,
          3,
          3
        ],
        [
          3,
          0,
          2,
          3
        ]
      ],
      "essay_scoreT_cont": [
        [
          3,
          3,
          3,
          3
        ],
        [
          3,
          3,
          3,
          3
        ],
        [
          2,
          2,
          3,
          3
        ]
      ],
      "essay_scoreT_exp": [
        [
          3,
          3,
          3
        ],
        [
          3,
          3,
          3
        ],
        [
          2,
          3,
          3
        ]
      ]
    }
  },
  "student": {
    "date": "2021.12.20",
    "student_educated": true,
    "student_grade": "고등_1학년",
    "location": "044",
    "student_grade_group": "고등",
    "student_reading": 2
  },
  "rubric": {
    "essay_grade": "고등_1학년",
    "organization_weight": {
      "org_paragraph": 0,
      "org": 3,
      "org_essay": 6,
      "org_coherence": 3,
      "org_quantity": 1
    },
    "essay_type": "찬성반대",
    "content_weight": {
      "con_clearance": 3,
      "con_novelty": 3,
      "con": 4,
      "con_prompt": 1,
      "con_description": 3
    },
    "essay_main_subject": "비혼주의자에 대한 본인의 의견",
    "expression_weight": {
      "exp_style": 4,
      "exp_grammar": 2,
      "exp_vocab": 4,
      "exp": 3
    }
  },
  "correction": [],
  "info": {
    "essay_id": "ESSAY_71312",
    "essay_prompt": " \"\"연애는 필수, 결혼은 선택! 가슴이 뛰는 대로 가면 돼\"\".\n\n 유명한 유행가의 노래 가사처럼, 청년들에게 결혼은 이제 필수가 아닌 하나의 선택 사항입니다. 연애, 결혼, 출산을 포기한다는 의미의 '3포세대'라는 말이 나오기 무섭게 5포 세대, N포세대까지 등장할 정도로 취업난, 치솟는 부동산 가격 등 여러 사회·경제적 요인들로 청년층을 위축시켰습니다.\n\n 모두가 이러한 이유로 '결혼을 포기'하는 것만은 아닙니다. 개인의 행복을 위해 '비혼을 선택'하는 청년들도 늘고 있습니다. 이처럼 최근 전통적인 가치관에서 벗어나 연애와 동거는 하면서 결혼이라는 제도에 묶여 관계에서 파생되는 책임을 벗어나 자유로운 삶을 추구하는 비혼주의자가 늘고 있습니다.\n\n 다만, 개인의 자유로운 선택에 따라 비혼주의를 하지만 주변에서는 아직 고운 시선으로 바라보지 않는 사람도 많습니다. 결혼이라는 제도에 대해서 선택이 아닌 필수라고 생각하는 사람들도 많지요. 개개인이 모여 사회가 형성되기 때문에 사회의 가장 작은 단위인 가족을 이루는 것도 사회 구성원으로서의 큰 역할이라고 생각하는 사람들도 있습니다.\n\n 여러분은 결혼을 꼭 해야 한다고 생각하시나요? 아니면 결혼은 선택의 문제라고 생각하시나요? 비혼주의에 대해 찬성하는 입장 반대를 선택하여 자신의 의견을 작성해주세요. 그리고 그렇게 생각한 이유에 대해서 작성해주세요.",
    "essay_type": "찬성반대",
    "essay_level": "2",
    "essay_len": 938,
    "essay_main_subject": "비혼주의자에 대한 본인의 의견"
  }
}