{
  "paragraph": [
    {
      "paragraph_txt": "안녕하세요.#@문장구분# 저는 비혼주의자에 대해 반감은 없습니다.#@문장구분# 결혼은 선택의 문제라고 생각하기에 결혼은 필수가 아니라고 생각합니다.#@문장구분# 그래도 사랑하는 사람이 있다면 결혼을 하는게 어떨까 생각하곤 합니다.#@문장구분# 경제적 여건이 부족하다면 식을 올리지 않거나 양가 가족끼리 작지만 따뜻한 축하파티로 대신할 수도 있습니다.#@문장구분# 저는 나름 낭만적이라고 생각하는데 여러분들이 보기엔 어떠신가요?#@문장구분# 꼭 샹들리에가 화려한 식장에서 불편한 드레스를 입고 결혼하라는 법이 있나요.#@문장구분# 좋아하는 옷을 입고 좋아하는 음식과 사람들과 함께 만든 결혼식도 소중하고 기억에 오래도록 남을 것 같습니다. #@문장구분#본인이 행복하면 그걸로 된 것이지요.#@문장구분# 또한 100세 시대에 긴 여생을 혼자 보내는 건 외로울 것 같았습니다. #@문장구분#물론 연애도 하고 친구들, 가족들과 함께 지내는 것 만으로도 행복하고 즐겁겠지만 매일을 함께 할 수 있는 사람이 있다는건 좋은 것 같습니다.#@문장구분# 친구들도 하나 둘 가정을 꾸릴테고 가족들도 그들만의 시간이 필요하기에 혼자 지내는 시간을 늘어날텐데 나 홀로 혼자라면 그건 좀 외로울 것 같거든요.#@문장구분# 잘 맞는 사랑하는 사람이 있다면 결혼하고 소중하고 작은 생명의 탄생도 축하하며 작은 가정을 꾸려 단란하게 가꾸어나가고 싶습니다.#@문장구분# 아이가 주는 행복은 이루 말할 수 없다는 이야기를 많이 들었습니다.#@문장구분# 또한 저희 부모님처럼 자상하고 친구같은 부모님이 되고싶다는 생각을 자주하기에 저도 그런 가정을 꾸리고 싶었습니다.#@문장구분# 내 가정을 만들어 지켜나가는 것 만으로도 삶에 큰 원동력이 되어주지 않을까 생각합니다.#@문장구분# 그리고 보호자의 역할을 할 수 있다는 점에서 결혼의 필요성을 느끼게 되었습니다.#@문장구분# 최대한 빠르게 치료를 받아야하는 상황에 보호자가 아니라 지켜만 봐야하는 슬픔은 경험하고 싶지 않습니다.#@문장구분# 따라서 결혼은 선택의 문제이지만 저는 결혼을 장려합니다.#@문장구분#",
      "paragraph_len": 1268,
      "paragraph_id": "001"
    }
  ],
  "score": {
    "paragraph_score": [
      {
        "paragraph_scoreT": [
          3,
          3,
          2.8
        ],
        "paragraph_scoreT_detail": {
          "paragraph_scoreT_exp": [
            [
              3,
              3,
              3
            ],
            [
              3,
              3,
              3
            ],
            [
              2,
              3,
              3
            ]
          ]
        },
        "paragraph_scoreT_avg": 2.9333334,
        "paragraph_id": "001"
      }
    ],
    "essay_scoreT": [
      28.2,
      27,
      28.5
    ],
    "essay_scoreT_avg": 27.9,
    "essay_scoreT_detail": {
      "essay_scoreT_org": [
        [
          2,
          0,
          3,
          3
        ],
        [
          2,
          0,
          3,
          3
        ],
        [
          3,
          0,
          2,
          3
        ]
      ],
      "essay_scoreT_cont": [
        [
          3,
          3,
          3,
          3
        ],
        [
          3,
          2,
          3,
          3
        ],
        [
          3,
          3,
          3,
          3
        ]
      ],
      "essay_scoreT_exp": [
        [
          3,
          3,
          3
        ],
        [
          3,
          3,
          3
        ],
        [
          2,
          3,
          3
        ]
      ]
    }
  },
  "student": {
    "date": "2021.12.03",
    "student_educated": true,
    "student_grade": "고등_1학년",
    "location": "063",
    "student_grade_group": "고등",
    "student_reading": 2
  },
  "rubric": {
    "essay_grade": "고등_1학년",
    "organization_weight": {
      "org_paragraph": 0,
      "org": 3,
      "org_essay": 6,
      "org_coherence": 3,
      "org_quantity": 1
    },
    "essay_type": "찬성반대",
    "content_weight": {
      "con_clearance": 3,
      "con_novelty": 3,
      "con": 4,
      "con_prompt": 1,
      "con_description": 3
    },
    "essay_main_subject": "비혼주의자에 대한 본인의 의견",
    "expression_weight": {
      "exp_style": 4,
      "exp_grammar": 2,
      "exp_vocab": 4,
      "exp": 3
    }
  },
  "correction": [],
  "info": {
    "essay_id": "ESSAY_54741",
    "essay_prompt": " \"\"연애는 필수, 결혼은 선택! 가슴이 뛰는 대로 가면 돼\"\".\n\n 유명한 유행가의 노래 가사처럼, 청년들에게 결혼은 이제 필수가 아닌 하나의 선택 사항입니다. 연애, 결혼, 출산을 포기한다는 의미의 '3포세대'라는 말이 나오기 무섭게 5포 세대, N포세대까지 등장할 정도로 취업난, 치솟는 부동산 가격 등 여러 사회·경제적 요인들로 청년층을 위축시켰습니다.\n\n 모두가 이러한 이유로 '결혼을 포기'하는 것만은 아닙니다. 개인의 행복을 위해 '비혼을 선택'하는 청년들도 늘고 있습니다. 이처럼 최근 전통적인 가치관에서 벗어나 연애와 동거는 하면서 결혼이라는 제도에 묶여 관계에서 파생되는 책임을 벗어나 자유로운 삶을 추구하는 비혼주의자가 늘고 있습니다.\n\n 다만, 개인의 자유로운 선택에 따라 비혼주의를 하지만 주변에서는 아직 고운 시선으로 바라보지 않는 사람도 많습니다. 결혼이라는 제도에 대해서 선택이 아닌 필수라고 생각하는 사람들도 많지요. 개개인이 모여 사회가 형성되기 때문에 사회의 가장 작은 단위인 가족을 이루는 것도 사회 구성원으로서의 큰 역할이라고 생각하는 사람들도 있습니다.\n\n 여러분은 결혼을 꼭 해야 한다고 생각하시나요? 아니면 결혼은 선택의 문제라고 생각하시나요? 비혼주의에 대해 찬성하는 입장 반대를 선택하여 자신의 의견을 작성해주세요. 그리고 그렇게 생각한 이유에 대해서 작성해주세요.",
    "essay_type": "찬성반대",
    "essay_level": "2",
    "essay_len": 889,
    "essay_main_subject": "비혼주의자에 대한 본인의 의견"
  }
}