{
  "paragraph": [
    {
      "paragraph_txt": "결혼에 관해서 수많은 생각들이 있지만 나는 그중에서도 비혼주의에 대해서 말할려고 한다.#@문장구분#  그리고 나는 이런 비혼주의에대해 찬성 한다.#@문장구분# 비혼주의자란'결혼은 필수가 아니라, 선택이라고 생각하는 이'를 일컫는 말이다. #@문장구분#미혼은 혼인상태가 아님을 뜻하지만비혼은 혼인할 '의지'가 없음을 뜻하는 용어다.#@문장구분#비혼주의자는 결혼 제도를 거부하는 사람을 의미한다.#@문장구분#  결혼하지 않는 비혼주의자들을 이해하지 못하는 사람들이 아직까지도 많이 있다.#@문장구분# 요즘 사람들은 점점 생각이 바뀌어서 비혼주의도 늘어가면서 비혼주의자들을 이해하지만 특히 옛날 사람들은 더욱 더 이해하지 하지 못하고 있다.#@문장구분# 남녀 상관없이 명절, 휴일에 가족, 친척끼리 모이게 되는 자리에서 꼭 듣는 이야기가 있습니다. #@문장구분#그것은 바로 결혼 이야기입니다.#@문장구분#마치 결혼을 하지 않는 것이 아니라 못하는 것이라며 단정지어 말하는 사람들도 있습니다.#@문장구분#  결혼을 해서 행복한 사람들도 있지만 불행한 사람들도 있습니다.#@문장구분# 그리고 육아에 대한 스트레스와 삶에 질에 대한 스트레스를 받는 사람들도 많이 있습니다.#@문장구분#하지만 남들이 하기 때문에 꼭 해야한다는 그런 구석기시대 같은 고정관념은 이제는 버려야 한다고 생각합니다.#@문장구분# 사람들이 비혼주의자가 된 이유는 여러가지가 있을것이고 그들 또한 고심하여 결정한 것 일 거라고 생각합니다.#@문장구분# 비혼주의자가 된이유는 자신을 더 신경쓰고 싶고 자기자신을 사랑하고 싶어서 일수도 있고 누군가와의 사랑에서 겪은 고통 때문에 일 수 있고 개인적인 사정이나 혹은 자신의 커리어, 직업 등을 위해서 혹은 더 이상 인간관계를 깊게 갖고 싶지 않아서일 수도 있습니다.#@문장구분# 그 어떠한 계기이든 간에 결혼은 더 이상 필수적인 것이 아닙니다.#@문장구분# 가치관이 달라 쉽게 바뀌기에는 어려운 일이라 생각합니다.#@문장구분# 그러니 더이상 강요 되어서는 안되고 결혼에 대한 고정관념도 버려야 한다고 생각 합니다.#@문장구분#",
      "paragraph_len": 1259,
      "paragraph_id": "001"
    }
  ],
  "score": {
    "paragraph_score": [
      {
        "paragraph_scoreT": [
          3,
          2.8,
          2.8
        ],
        "paragraph_scoreT_detail": {
          "paragraph_scoreT_exp": [
            [
              3,
              3,
              3
            ],
            [
              2,
              3,
              3
            ],
            [
              2,
              3,
              3
            ]
          ]
        },
        "paragraph_scoreT_avg": 2.8666668,
        "paragraph_id": "001"
      }
    ],
    "essay_scoreT": [
      30,
      27.3,
      29.4
    ],
    "essay_scoreT_avg": 28.9,
    "essay_scoreT_detail": {
      "essay_scoreT_org": [
        [
          3,
          0,
          3,
          3
        ],
        [
          3,
          0,
          2,
          3
        ],
        [
          3,
          0,
          3,
          3
        ]
      ],
      "essay_scoreT_cont": [
        [
          3,
          3,
          3,
          3
        ],
        [
          3,
          2,
          3,
          3
        ],
        [
          3,
          3,
          3,
          3
        ]
      ],
      "essay_scoreT_exp": [
        [
          3,
          3,
          3
        ],
        [
          2,
          3,
          3
        ],
        [
          2,
          3,
          3
        ]
      ]
    }
  },
  "student": {
    "date": "2021.12.15",
    "student_educated": true,
    "student_grade": "고등_1학년",
    "location": "063",
    "student_grade_group": "고등",
    "student_reading": 2
  },
  "rubric": {
    "essay_grade": "고등_1학년",
    "organization_weight": {
      "org_paragraph": 0,
      "org": 3,
      "org_essay": 6,
      "org_coherence": 3,
      "org_quantity": 1
    },
    "essay_type": "찬성반대",
    "content_weight": {
      "con_clearance": 3,
      "con_novelty": 3,
      "con": 4,
      "con_prompt": 1,
      "con_description": 3
    },
    "essay_main_subject": "비혼주의자에 대한 본인의 의견",
    "expression_weight": {
      "exp_style": 4,
      "exp_grammar": 2,
      "exp_vocab": 4,
      "exp": 3
    }
  },
  "correction": [],
  "info": {
    "essay_id": "ESSAY_71954",
    "essay_prompt": " \"\"연애는 필수, 결혼은 선택! 가슴이 뛰는 대로 가면 돼\"\".\n\n 유명한 유행가의 노래 가사처럼, 청년들에게 결혼은 이제 필수가 아닌 하나의 선택 사항입니다. 연애, 결혼, 출산을 포기한다는 의미의 '3포세대'라는 말이 나오기 무섭게 5포 세대, N포세대까지 등장할 정도로 취업난, 치솟는 부동산 가격 등 여러 사회·경제적 요인들로 청년층을 위축시켰습니다.\n\n 모두가 이러한 이유로 '결혼을 포기'하는 것만은 아닙니다. 개인의 행복을 위해 '비혼을 선택'하는 청년들도 늘고 있습니다. 이처럼 최근 전통적인 가치관에서 벗어나 연애와 동거는 하면서 결혼이라는 제도에 묶여 관계에서 파생되는 책임을 벗어나 자유로운 삶을 추구하는 비혼주의자가 늘고 있습니다.\n\n 다만, 개인의 자유로운 선택에 따라 비혼주의를 하지만 주변에서는 아직 고운 시선으로 바라보지 않는 사람도 많습니다. 결혼이라는 제도에 대해서 선택이 아닌 필수라고 생각하는 사람들도 많지요. 개개인이 모여 사회가 형성되기 때문에 사회의 가장 작은 단위인 가족을 이루는 것도 사회 구성원으로서의 큰 역할이라고 생각하는 사람들도 있습니다.\n\n 여러분은 결혼을 꼭 해야 한다고 생각하시나요? 아니면 결혼은 선택의 문제라고 생각하시나요? 비혼주의에 대해 찬성하는 입장 반대를 선택하여 자신의 의견을 작성해주세요. 그리고 그렇게 생각한 이유에 대해서 작성해주세요.",
    "essay_type": "찬성반대",
    "essay_level": "2",
    "essay_len": 901,
    "essay_main_subject": "비혼주의자에 대한 본인의 의견"
  }
}