{
  "paragraph": [
    {
      "paragraph_txt": "비혼자들에게 '이기적이다.#@문장구분# 자기 혼자만 생각하는 개인주의다'라며 비혼을 비정상적으로 바라보는 사람이 많다.#@문장구분# 기성세대에게는 결혼을 하고 아이를 낳아야 하는 삶이 당연했다.#@문장구분# 하지만 이제 사회는 변화되고 인식은 바뀌어가고 있다.#@문장구분# 사회적 구조의 변화등으로 이제 비혼도 하나의 생활방식으로 인식되고 인정하는 분위기로 바뀌고 있다.#@문장구분# 최근 2030 청년층의 비혼 선택이 증가하면 '비혼식' 문화가 확산되고 있다.#@문장구분# '더 이상 결혼이 의무가 아니다. 이에 동의하십니까?'라는 조사에 56.4%가 '그렇다'고 응답했다.#@문장구분# 드라마 '그놈이 그놈이다'도 첫 화에 주인공이 비혼식을 통해 비혼 선언을 한다.#@문장구분# 이는 드라마의 허구적 요소가 아닌, 실제 비혼자 사이에서 생긴 문화다.#@문장구분# 비혼식은 비혼자가 가족과 지인을 불러 비혼 의사를 전달하는 싱글 웨딩이다.#@문장구분# 부부가 결혼식을 통해 영원히 함께하겠다는 언약을 맺듯, 비혼식 역시 웨딩드레스나 턱시도를 입고 자신의 비혼을 공개적으로 선포해 스스로와의 언약을 맺는다.#@문장구분#비혼식을 하려는 이유는 비혼을 내세웠지만, 가족과 지인들로부터 계속되는 결혼의 압박에서 벗어나고 싶기 때문이었다. #@문장구분#우리는 이들을 인정하고 결혼에 대한 새로운 개념으로 대두되는 비혼주의에 대해 그들의 선택을 존중할 필요가 있다고 생각한다.#@문장구분#저는 비혼주의에 대해서 전체적인 틀에서는 찬성하지만, 부분적으로는 반대합니다.#@문장구분# 우선 우리나라 헌법에서 명시하고 있듯이 모든 국민은 자유롭게 생활할 자유권을 보장받을 권리가 있습니다.#@문장구분#자신이 결혼을 하는 것은 남에게 강요받아서, 혹은 국가에 의해 의무적으로 시행되어서는 안되는 개인의 입장이 가장 중요한 사단이라고 생각합니다.#@문장구분#정말 사랑하는 사람과 평생을 함께하고 싶어서 결혼을 선택하는 것도, 사랑하는 사람이 없어서 혹은 결혼하고 싶지 않다는 견해을 가지고 비혼주의를 택하는 것도 모두 개인의 자유이기 때문에 저는 전체적인 틀에서 바라봤을 때 비혼주의에는 찬성합니다.#@문장구분#",
      "paragraph_len": 1280,
      "paragraph_id": "001"
    }
  ],
  "score": {
    "paragraph_score": [
      {
        "paragraph_scoreT": [
          3,
          2.4,
          2.6
        ],
        "paragraph_scoreT_detail": {
          "paragraph_scoreT_exp": [
            [
              3,
              3,
              3
            ],
            [
              2,
              3,
              2
            ],
            [
              3,
              3,
              2
            ]
          ]
        },
        "paragraph_scoreT_avg": 2.6666667,
        "paragraph_id": "001"
      }
    ],
    "essay_scoreT": [
      30,
      26.100002,
      28.8
    ],
    "essay_scoreT_avg": 28.300001,
    "essay_scoreT_detail": {
      "essay_scoreT_org": [
        [
          3,
          0,
          3,
          3
        ],
        [
          3,
          0,
          2,
          3
        ],
        [
          3,
          0,
          3,
          3
        ]
      ],
      "essay_scoreT_cont": [
        [
          3,
          3,
          3,
          3
        ],
        [
          3,
          2,
          3,
          3
        ],
        [
          3,
          3,
          3,
          3
        ]
      ],
      "essay_scoreT_exp": [
        [
          3,
          3,
          3
        ],
        [
          2,
          3,
          2
        ],
        [
          3,
          3,
          2
        ]
      ]
    }
  },
  "student": {
    "date": "2021.12.07",
    "student_educated": true,
    "student_grade": "고등_1학년",
    "location": "063",
    "student_grade_group": "고등",
    "student_reading": 2
  },
  "rubric": {
    "essay_grade": "고등_1학년",
    "organization_weight": {
      "org_paragraph": 0,
      "org": 3,
      "org_essay": 6,
      "org_coherence": 3,
      "org_quantity": 1
    },
    "essay_type": "찬성반대",
    "content_weight": {
      "con_clearance": 3,
      "con_novelty": 3,
      "con": 4,
      "con_prompt": 1,
      "con_description": 3
    },
    "essay_main_subject": "비혼주의자에 대한 본인의 의견",
    "expression_weight": {
      "exp_style": 4,
      "exp_grammar": 2,
      "exp_vocab": 4,
      "exp": 3
    }
  },
  "correction": [],
  "info": {
    "essay_id": "ESSAY_56358",
    "essay_prompt": " \"\"연애는 필수, 결혼은 선택! 가슴이 뛰는 대로 가면 돼\"\".\n\n 유명한 유행가의 노래 가사처럼, 청년들에게 결혼은 이제 필수가 아닌 하나의 선택 사항입니다. 연애, 결혼, 출산을 포기한다는 의미의 '3포세대'라는 말이 나오기 무섭게 5포 세대, N포세대까지 등장할 정도로 취업난, 치솟는 부동산 가격 등 여러 사회·경제적 요인들로 청년층을 위축시켰습니다.\n\n 모두가 이러한 이유로 '결혼을 포기'하는 것만은 아닙니다. 개인의 행복을 위해 '비혼을 선택'하는 청년들도 늘고 있습니다. 이처럼 최근 전통적인 가치관에서 벗어나 연애와 동거는 하면서 결혼이라는 제도에 묶여 관계에서 파생되는 책임을 벗어나 자유로운 삶을 추구하는 비혼주의자가 늘고 있습니다.\n\n 다만, 개인의 자유로운 선택에 따라 비혼주의를 하지만 주변에서는 아직 고운 시선으로 바라보지 않는 사람도 많습니다. 결혼이라는 제도에 대해서 선택이 아닌 필수라고 생각하는 사람들도 많지요. 개개인이 모여 사회가 형성되기 때문에 사회의 가장 작은 단위인 가족을 이루는 것도 사회 구성원으로서의 큰 역할이라고 생각하는 사람들도 있습니다.\n\n 여러분은 결혼을 꼭 해야 한다고 생각하시나요? 아니면 결혼은 선택의 문제라고 생각하시나요? 비혼주의에 대해 찬성하는 입장 반대를 선택하여 자신의 의견을 작성해주세요. 그리고 그렇게 생각한 이유에 대해서 작성해주세요.",
    "essay_type": "찬성반대",
    "essay_level": "2",
    "essay_len": 943,
    "essay_main_subject": "비혼주의자에 대한 본인의 의견"
  }
}