{
  "paragraph": [
    {
      "paragraph_txt": "저는 비혼 주의자에 찬성합니다.#@문장구분# 비혼 주의자는 결혼을 하지 않고 연애만 하는 가치관을 가진 사람들을 말합니다.#@문장구분# 저 역시나 비혼 주의입니다.#@문장구분# 결혼은 엄연히 본인의 가치관이며 의견이자 생각입니다.#@문장구분# 또한 현재 사회는 끊임없이 오르는 집값과 내 집 마련이 되지 않는 보유 재산, 비싼 물가, 출산 후 제대로 된 복지조차 부족하며 결혼 후 지원이나 정책 등이 충분하지 않기 때문에 당연히 아이를 갖기 전 하게 되는 사랑하는 사람과의 결혼을 하지 않겠다고 생각하게 됩니다.#@문장구분#",
      "paragraph_len": 358,
      "paragraph_id": "001"
    },
    {
      "paragraph_txt": "현존하는 결혼 후 지원해 주는 것들이나 출산 후 지원해 주는 것들로는 비싼 물가, 집값, 생활비 등으로 쓰기에는 턱없이 부족합니다.#@문장구분# 결혼을 하지 않아도 사람은 충분히 행복할 수 있습니다.#@문장구분# 세상에는 많은 생명 등이 존재하며 인원수가 늘어나 부담해야 하는 경제적 비용 역시 자신에게 쓸 수 있기에 살기에 무척 편합니다.#@문장구분#",
      "paragraph_len": 236,
      "paragraph_id": "002"
    },
    {
      "paragraph_txt": "반려 동물, 반려 식물 등을 키우며 외로움을 달랠 수도 있고 농촌으로 가서 귀농을 하며 쓸쓸함을 달랠 수 있으니 인생에 꼭 결혼이 필요한 것은 아닙니다.#@문장구분# 하지만 비혼 주의자가 연애는 해도 결혼은 하지 않겠다는 생각을 가진 사람이기에 왜 연애는 하는지 의문이 들 수 있습니다.#@문장구분#\n \n연애를 하다 보면 정말 사랑하는 사람이 나타나 이 사람 아니면 정말 안되겠다는 생각이 들어 비혼 주의에서 벗어날 수도 있습니다.#@문장구분# 사람에게는 사람이 필요합니다.#@문장구분# 외로움과 쓸쓸함, 사랑 모두 가장 채워주기에 좋은 존재가 사람이니까요.#@문장구분# 그렇기에 여러 사람을 만나 연애는 하며 사랑을 알고 외로움과 쓸쓸함을 느끼지 않는 대신 예측할 수 없는 미래로 부담이나 두려움을 갖는 바에는 내 개인의 행복을 챙기겠다며 비혼을 생각하게 되는 것입니다.#@문장구분#\n  \n사실 현실적으로도 주변과 환경과 사회가 수많은 비혼 주의자를 탄생 시킨 것이나 다름없는 셈입니다.#@문장구분# 평생 비혼 주의인 사람이 있을 수도 있지만 사랑 덕에 비혼 주의에서 벗어나는 사람도 많은데 과연 비혼 주의자는 나쁜 것일까요?#@문장구분# 자신의 미래를 생각하고 개인의 행복을 추구하는 비혼 주의자를 존중하면 안 되는 걸까요?#@문장구분#",
      "paragraph_len": 755,
      "paragraph_id": "003"
    }
  ],
  "score": {
    "paragraph_score": [
      {
        "paragraph_scoreT": [
          3,
          3,
          2.6
        ],
        "paragraph_scoreT_detail": {
          "paragraph_scoreT_exp": [
            [
              3,
              3,
              3
            ],
            [
              3,
              3,
              3
            ],
            [
              3,
              3,
              2
            ]
          ]
        },
        "paragraph_scoreT_avg": 2.8666668,
        "paragraph_id": "001"
      },
      {
        "paragraph_scoreT": [
          3,
          3,
          2.2
        ],
        "paragraph_scoreT_detail": {
          "paragraph_scoreT_exp": [
            [
              3,
              3,
              3
            ],
            [
              3,
              3,
              3
            ],
            [
              3,
              2,
              2
            ]
          ]
        },
        "paragraph_scoreT_avg": 2.7333333,
        "paragraph_id": "002"
      },
      {
        "paragraph_scoreT": [
          3,
          3,
          2.2
        ],
        "paragraph_scoreT_detail": {
          "paragraph_scoreT_exp": [
            [
              3,
              3,
              3
            ],
            [
              3,
              3,
              3
            ],
            [
              3,
              2,
              2
            ]
          ]
        },
        "paragraph_scoreT_avg": 2.7333333,
        "paragraph_id": "003"
      }
    ],
    "essay_scoreT": [
      27,
      25.800001,
      25.1
    ],
    "essay_scoreT_avg": 25.966667,
    "essay_scoreT_detail": {
      "essay_scoreT_org": [
        [
          2,
          0,
          3,
          3
        ],
        [
          2,
          0,
          3,
          3
        ],
        [
          3,
          0,
          2,
          3
        ]
      ],
      "essay_scoreT_cont": [
        [
          3,
          2,
          3,
          3
        ],
        [
          3,
          2,
          3,
          2
        ],
        [
          2,
          3,
          2,
          3
        ]
      ],
      "essay_scoreT_exp": [
        [
          3,
          3,
          3
        ],
        [
          3,
          3,
          3
        ],
        [
          3,
          2,
          2
        ]
      ]
    }
  },
  "student": {
    "date": "2021.12.05",
    "student_educated": true,
    "student_grade": "고등_1학년",
    "location": "02",
    "student_grade_group": "고등",
    "student_reading": 1
  },
  "rubric": {
    "essay_grade": "고등_1학년",
    "organization_weight": {
      "org_paragraph": 0,
      "org": 3,
      "org_essay": 6,
      "org_coherence": 3,
      "org_quantity": 1
    },
    "essay_type": "찬성반대",
    "content_weight": {
      "con_clearance": 3,
      "con_novelty": 3,
      "con": 4,
      "con_prompt": 1,
      "con_description": 3
    },
    "essay_main_subject": "비혼주의자에 대한 본인의 의견",
    "expression_weight": {
      "exp_style": 4,
      "exp_grammar": 2,
      "exp_vocab": 4,
      "exp": 3
    }
  },
  "correction": [],
  "info": {
    "essay_id": "ESSAY_53637",
    "essay_prompt": " \"\"연애는 필수, 결혼은 선택! 가슴이 뛰는 대로 가면 돼\"\".\n\n 유명한 유행가의 노래 가사처럼, 청년들에게 결혼은 이제 필수가 아닌 하나의 선택 사항입니다. 연애, 결혼, 출산을 포기한다는 의미의 '3포세대'라는 말이 나오기 무섭게 5포 세대, N포세대까지 등장할 정도로 취업난, 치솟는 부동산 가격 등 여러 사회·경제적 요인들로 청년층을 위축시켰습니다.\n\n 모두가 이러한 이유로 '결혼을 포기'하는 것만은 아닙니다. 개인의 행복을 위해 '비혼을 선택'하는 청년들도 늘고 있습니다. 이처럼 최근 전통적인 가치관에서 벗어나 연애와 동거는 하면서 결혼이라는 제도에 묶여 관계에서 파생되는 책임을 벗어나 자유로운 삶을 추구하는 비혼주의자가 늘고 있습니다.\n\n 다만, 개인의 자유로운 선택에 따라 비혼주의를 하지만 주변에서는 아직 고운 시선으로 바라보지 않는 사람도 많습니다. 결혼이라는 제도에 대해서 선택이 아닌 필수라고 생각하는 사람들도 많지요. 개개인이 모여 사회가 형성되기 때문에 사회의 가장 작은 단위인 가족을 이루는 것도 사회 구성원으로서의 큰 역할이라고 생각하는 사람들도 있습니다.\n\n 여러분은 결혼을 꼭 해야 한다고 생각하시나요? 아니면 결혼은 선택의 문제라고 생각하시나요? 비혼주의에 대해 찬성하는 입장 반대를 선택하여 자신의 의견을 작성해주세요. 그리고 그렇게 생각한 이유에 대해서 작성해주세요.",
    "essay_type": "찬성반대",
    "essay_level": "2",
    "essay_len": 1013,
    "essay_main_subject": "비혼주의자에 대한 본인의 의견"
  }
}