{
  "paragraph": [
    {
      "paragraph_txt": "예전에는 결혼은 꼭 해야하는 필수였지만 지금은 예전과 달리 할 지 말 지는 자신의 선택입니다.#@문장구분# 그로인해 결혼을 하지 않겠다는 생각을 가진 비혼주의자들이 늘어났는데요.#@문장구분# 비혼주의자에 대한 생각은 두가지로 갈립니다.#@문장구분# 결혼은 꼭 해야한다와 결혼은 선택이다로 말이죠.#@문장구분# 저의 의견은 결혼은 선택이라는 것입니다.#@문장구분# 비혼주의자는 나쁜 것이 아닙니다.#@문장구분# 저출산에 도움을 보태지 않을 것이냐?#@문장구분# 이건 말도 안되는 이유가 결혼을 한다해도 아이를 안 낳을 수 있는 것입니다.#@문장구분# 혼자 사는 즐거움을 만끽하고 싶을 수도 있죠.#@문장구분# 종교적인 이유도 있겠지만 대표적으로는 결혼으로 인한 경제적 손실이 있겠죠. #@문장구분#사람 한명을 키우는 데에 월 50만원~60만원이 소비 됩니다. #@문장구분#거기에 자신한테 쓸 비용과 배우자에게 쓸 비용을 추가하면 더 늘어나게 될 것 입니다.#@문장구분# 또 개인이 스스로 돈을 모아 집을 마련하기까지 평균 20년 소비되는 현실에 정부에서 지원까지 많이 해주지 않는 것이 현실이니 결혼의 생각을 접는 사람들이 많아지는 것입니다.#@문장구분# 또 개인의 자유를 억압하기 싫어서 결혼을 하기 싫다고 하는 사람도 있습니다. #@문장구분#가정이 생기고 자신의 아이가 생기면 어쩔 수 없이 자연스레 일상을 뺏기게 됩니다.#@문장구분# 여가시간과 놀 시간 등등을 뺏기고 육아, 살림, 돈벌기에 전념하게 됩니다. #@문장구분#그것이 싫기에 비혼주의자가 되는 경우도 많습니다.#@문장구분# 이렇게 봐도 아직 그저 책임을 떠맡기 싫은 어리광이라고 생각이 들고 무책임하고 필수라고 생각이 드나요? #@문장구분#단순히 '무책임'이라는 프레임 하나를 씌우는 것은 잘못된 생각이며 결혼의 선택은 자유라고 생각하기에 저는 비혼주의자에 대해 찬성입니다.#@문장구분#",
      "paragraph_len": 1171,
      "paragraph_id": "001"
    }
  ],
  "score": {
    "paragraph_score": [
      {
        "paragraph_scoreT": [
          2.8,
          2.8,
          2.8
        ],
        "paragraph_scoreT_detail": {
          "paragraph_scoreT_exp": [
            [
              2,
              3,
              3
            ],
            [
              2,
              3,
              3
            ],
            [
              2,
              3,
              3
            ]
          ]
        },
        "paragraph_scoreT_avg": 2.8,
        "paragraph_id": "001"
      }
    ],
    "essay_scoreT": [
      28.2,
      28.2,
      26.599998
    ],
    "essay_scoreT_avg": 27.666666,
    "essay_scoreT_detail": {
      "essay_scoreT_org": [
        [
          3,
          0,
          3,
          3
        ],
        [
          3,
          0,
          3,
          3
        ],
        [
          3,
          0,
          3,
          3
        ]
      ],
      "essay_scoreT_cont": [
        [
          3,
          2,
          3,
          3
        ],
        [
          3,
          2,
          3,
          3
        ],
        [
          2,
          2,
          2,
          3
        ]
      ],
      "essay_scoreT_exp": [
        [
          2,
          3,
          3
        ],
        [
          2,
          3,
          3
        ],
        [
          2,
          3,
          3
        ]
      ]
    }
  },
  "student": {
    "date": "2021.12.20",
    "student_educated": true,
    "student_grade": "고등_1학년",
    "location": "063",
    "student_grade_group": "고등",
    "student_reading": 2
  },
  "rubric": {
    "essay_grade": "고등_1학년",
    "organization_weight": {
      "org_paragraph": 0,
      "org": 3,
      "org_essay": 6,
      "org_coherence": 3,
      "org_quantity": 1
    },
    "essay_type": "찬성반대",
    "content_weight": {
      "con_clearance": 3,
      "con_novelty": 3,
      "con": 4,
      "con_prompt": 1,
      "con_description": 3
    },
    "essay_main_subject": "비혼주의자에 대한 본인의 의견",
    "expression_weight": {
      "exp_style": 4,
      "exp_grammar": 2,
      "exp_vocab": 4,
      "exp": 3
    }
  },
  "correction": [],
  "info": {
    "essay_id": "ESSAY_76802",
    "essay_prompt": " \"\"연애는 필수, 결혼은 선택! 가슴이 뛰는 대로 가면 돼\"\".\n\n 유명한 유행가의 노래 가사처럼, 청년들에게 결혼은 이제 필수가 아닌 하나의 선택 사항입니다. 연애, 결혼, 출산을 포기한다는 의미의 '3포세대'라는 말이 나오기 무섭게 5포 세대, N포세대까지 등장할 정도로 취업난, 치솟는 부동산 가격 등 여러 사회·경제적 요인들로 청년층을 위축시켰습니다.\n\n 모두가 이러한 이유로 '결혼을 포기'하는 것만은 아닙니다. 개인의 행복을 위해 '비혼을 선택'하는 청년들도 늘고 있습니다. 이처럼 최근 전통적인 가치관에서 벗어나 연애와 동거는 하면서 결혼이라는 제도에 묶여 관계에서 파생되는 책임을 벗어나 자유로운 삶을 추구하는 비혼주의자가 늘고 있습니다.\n\n 다만, 개인의 자유로운 선택에 따라 비혼주의를 하지만 주변에서는 아직 고운 시선으로 바라보지 않는 사람도 많습니다. 결혼이라는 제도에 대해서 선택이 아닌 필수라고 생각하는 사람들도 많지요. 개개인이 모여 사회가 형성되기 때문에 사회의 가장 작은 단위인 가족을 이루는 것도 사회 구성원으로서의 큰 역할이라고 생각하는 사람들도 있습니다.\n\n 여러분은 결혼을 꼭 해야 한다고 생각하시나요? 아니면 결혼은 선택의 문제라고 생각하시나요? 비혼주의에 대해 찬성하는 입장 반대를 선택하여 자신의 의견을 작성해주세요. 그리고 그렇게 생각한 이유에 대해서 작성해주세요.",
    "essay_type": "찬성반대",
    "essay_level": "2",
    "essay_len": 791,
    "essay_main_subject": "비혼주의자에 대한 본인의 의견"
  }
}