{
  "paragraph": [
    {
      "paragraph_txt": "결혼은 선택의 문제라고 생각을한다.#@문장구분# 그렇기 때문에 나는 비혼주의에 대해 찬성을하는 입장이다.#@문장구분# 누군가는 부부를 기준으로 가족을 이야기할 수 있으니 부부가 사회의 가장 작은 단위라고 생각한다.#@문장구분# 라는 이야기를 할 수도 있다.#@문장구분# 하지만 흔히들 말하는 족보만 봐도 부부가 아니고 누군가의 손자 손녀 등으로 끝나는 사람도 있을 것이고, 그렇다면 이 사람들은 전부 사회의 구성원이 아니라는 뜻일까?#@문장구분# 선뜻 그렇다 라고 말할 수 있는 사람은 아마 없을 거라고 생각한다.#@문장구분# 이런 식으로 최근에는 1인 즉 부부라는 범위 안에서 살지 않는 결혼을 선택적으로 하지 않는 사람들이 늘어남을 알 수 있을 것이다 .#@문장구분# 조금 더 옛날로 돌아가 우리 엄마나 아빠 세대가 결혼을 하지 않는다고 했으면 그때는 좀 더 사회적으로 시선이 나빴을지도 모른다.#@문장구분# '저 사람은 뭐가 모자라길래'와 같은 편견 어린 시선들을 말이다.#@문장구분# 하지만 지금은 시대가 변했다.#@문장구분# 혼자 살던, 같이 살던, 여러 명이 살던 개개인의 능력을 중요시하는 사회가 되었으며 사회적으로 이런 식으로 능력이 많은 사람들은 결혼이 차순위가 되어 여태까지 결혼을 하지 않았거나, 해보니까 별로던가 등등의 이유로 비혼주의라는 가치관을 얻을 수 있게 된 것이다.#@문장구분# 아마도 지금 비혼주의에 대한 찬반이 나오는 이유는 비혼주의가 가족의 가치관으로써 제대로 된 역할을 수행할 수 있는지 비혼주의가 사회에 만연하게 되어 역효과를 불러오진 않을지 등등에 대한 이유가 있기 때문에 찬반 이야기가 나오는 것이라고 생각한다.#@문장구분# 하지만 비혼주의는 엄연하게 사회에 자리잡고 있는 하나의 가치관이 맞다고 생각한다.#@문장구분# 그러므로 비혼주의에 대한 각각의 생각이나 가치관은 존중해줘야 한다고 생각한다.#@문장구분#",
      "paragraph_len": 1107,
      "paragraph_id": "001"
    }
  ],
  "score": {
    "paragraph_score": [
      {
        "paragraph_scoreT": [
          2.6,
          2.8,
          2.8
        ],
        "paragraph_scoreT_detail": {
          "paragraph_scoreT_exp": [
            [
              3,
              3,
              2
            ],
            [
              2,
              3,
              3
            ],
            [
              2,
              3,
              3
            ]
          ]
        },
        "paragraph_scoreT_avg": 2.7333333,
        "paragraph_id": "001"
      }
    ],
    "essay_scoreT": [
      23,
      29.4,
      27.900002
    ],
    "essay_scoreT_avg": 26.766668,
    "essay_scoreT_detail": {
      "essay_scoreT_org": [
        [
          2,
          0,
          3,
          3
        ],
        [
          3,
          0,
          3,
          3
        ],
        [
          3,
          0,
          3,
          2
        ]
      ],
      "essay_scoreT_cont": [
        [
          2,
          2,
          2,
          2
        ],
        [
          3,
          3,
          3,
          3
        ],
        [
          3,
          2,
          3,
          3
        ]
      ],
      "essay_scoreT_exp": [
        [
          3,
          3,
          2
        ],
        [
          2,
          3,
          3
        ],
        [
          2,
          3,
          3
        ]
      ]
    }
  },
  "student": {
    "date": "2021.10.19",
    "student_educated": true,
    "student_grade": "고등_1학년",
    "location": "02",
    "student_grade_group": "고등",
    "student_reading": 3
  },
  "rubric": {
    "essay_grade": "고등_1학년",
    "organization_weight": {
      "org_paragraph": 0,
      "org": 3,
      "org_essay": 6,
      "org_coherence": 3,
      "org_quantity": 1
    },
    "essay_type": "찬성반대",
    "content_weight": {
      "con_clearance": 3,
      "con_novelty": 3,
      "con": 4,
      "con_prompt": 1,
      "con_description": 3
    },
    "essay_main_subject": "비혼주의자에 대한 본인의 의견",
    "expression_weight": {
      "exp_style": 4,
      "exp_grammar": 2,
      "exp_vocab": 4,
      "exp": 3
    }
  },
  "correction": [],
  "info": {
    "essay_id": "ESSAY_37973",
    "essay_prompt": " \"\"연애는 필수, 결혼은 선택! 가슴이 뛰는 대로 가면 돼\"\".\n\n 유명한 유행가의 노래 가사처럼, 청년들에게 결혼은 이제 필수가 아닌 하나의 선택 사항입니다. 연애, 결혼, 출산을 포기한다는 의미의 '3포세대'라는 말이 나오기 무섭게 5포 세대, N포세대까지 등장할 정도로 취업난, 치솟는 부동산 가격 등 여러 사회·경제적 요인들로 청년층을 위축시켰습니다.\n\n 모두가 이러한 이유로 '결혼을 포기'하는 것만은 아닙니다. 개인의 행복을 위해 '비혼을 선택'하는 청년들도 늘고 있습니다. 이처럼 최근 전통적인 가치관에서 벗어나 연애와 동거는 하면서 결혼이라는 제도에 묶여 관계에서 파생되는 책임을 벗어나 자유로운 삶을 추구하는 비혼주의자가 늘고 있습니다.\n\n 다만, 개인의 자유로운 선택에 따라 비혼주의를 하지만 주변에서는 아직 고운 시선으로 바라보지 않는 사람도 많습니다. 결혼이라는 제도에 대해서 선택이 아닌 필수라고 생각하는 사람들도 많지요. 개개인이 모여 사회가 형성되기 때문에 사회의 가장 작은 단위인 가족을 이루는 것도 사회 구성원으로서의 큰 역할이라고 생각하는 사람들도 있습니다.\n\n 여러분은 결혼을 꼭 해야 한다고 생각하시나요? 아니면 결혼은 선택의 문제라고 생각하시나요? 비혼주의에 대해 찬성하는 입장 반대를 선택하여 자신의 의견을 작성해주세요. 그리고 그렇게 생각한 이유에 대해서 작성해주세요.",
    "essay_type": "찬성반대",
    "essay_level": "2",
    "essay_len": 827,
    "essay_main_subject": "비혼주의자에 대한 본인의 의견"
  }
}