{
  "paragraph": [
    {
      "paragraph_txt": "세상에는 많은 사람들이 살고 있고 각자마다 개인의 개치관이 모두 다를 것입니다.#@문장구분#요즘의 현대인들은 개인주의가 강한 경우가 많습니다.#@문장구분# 모두들 바쁜시간들을 보내고 있고 여럿이 함께 있는 시간 보다는 혼자서 지내는 시간을 소중하게 여기는 사람들이 늘어나고 있습니다.#@문장구분# 티브이에서  '나혼자 산다'라는 프로그램이 인기를 끌 듯이 실제로 혼자서 거주하는 1인가정은 늘어나고 있는 추세이고 더욱이 코로나 시대를 맞이하게 되면서 혼밥, 혼카페, 혼술 등 1인가정을 위한 문화나 서비스들이 앞다투어 출시되고 있습니다.#@문장구분# 이전의 사회는 결혼을 하고 가정을 이룬 청년층을 부러워하는 문화였다면 현재의 사회는 1인가정을 꾸리고 비혼으로 독립적으로 생활하는 사람들을 응원하고 옹호하는 분위기로 바뀌어져 가고 있는 모습을 볼 수 있습니다.#@문장구분# 그만큼 우리의 사회에는 비혼주의를 택하는 사람들이 늘어나고 있는 것입니다.#@문장구분# 바쁜 현대 사회에서 젊은층들은 회사 업무 외에도 개인의 시간을 중시하기 때문에 여가시간도 굉장히 알차게 보내는 사람들이 많습니다.#@문장구분# 그만큼 본인에게 주어진 시간을 쪼개어 활용하기도 바쁜 현대인들에게 결혼이라는 것은 본인의 소중한 시간과 여유를 반납하는 것이다 라는 인식을 가지고 있는 경우가 많습니다.#@문장구분# 남, 녀간에 사랑을 해서 연인관계를 유지한다 하더라도 그것이 결혼으로까지 이어지기에는 여러 가지 조건들이 부합해야 하는데 개인의 삶의 자유를 더욱 추구하는 요즘의 젊은 세대들은 서로간에 어느 것 하나 양보하지 않으려는 경향을 쉽게 볼 수가 있습니다.#@문장구분# 따라서 비혼을 택하는 사람들은 늘어나고 있고, 저 또한 그 사람들 중에 한명이 것입니다.#@문장구분#",
      "paragraph_len": 997,
      "paragraph_id": "001"
    }
  ],
  "score": {
    "paragraph_score": [
      {
        "paragraph_scoreT": [
          2.8,
          2.8,
          2.8
        ],
        "paragraph_scoreT_detail": {
          "paragraph_scoreT_exp": [
            [
              2,
              3,
              3
            ],
            [
              2,
              3,
              3
            ],
            [
              2,
              3,
              3
            ]
          ]
        },
        "paragraph_scoreT_avg": 2.8,
        "paragraph_id": "001"
      }
    ],
    "essay_scoreT": [
      26.7,
      26.400002,
      27.3
    ],
    "essay_scoreT_avg": 26.800001,
    "essay_scoreT_detail": {
      "essay_scoreT_org": [
        [
          3,
          0,
          3,
          2
        ],
        [
          2,
          0,
          3,
          3
        ],
        [
          3,
          0,
          2,
          3
        ]
      ],
      "essay_scoreT_cont": [
        [
          3,
          2,
          3,
          2
        ],
        [
          3,
          2,
          3,
          3
        ],
        [
          3,
          2,
          3,
          3
        ]
      ],
      "essay_scoreT_exp": [
        [
          2,
          3,
          3
        ],
        [
          2,
          3,
          3
        ],
        [
          2,
          3,
          3
        ]
      ]
    }
  },
  "student": {
    "date": "2021.12.23",
    "student_educated": true,
    "student_grade": "고등_1학년",
    "location": "063",
    "student_grade_group": "고등",
    "student_reading": 1
  },
  "rubric": {
    "essay_grade": "고등_1학년",
    "organization_weight": {
      "org_paragraph": 0,
      "org": 3,
      "org_essay": 6,
      "org_coherence": 3,
      "org_quantity": 1
    },
    "essay_type": "찬성반대",
    "content_weight": {
      "con_clearance": 3,
      "con_novelty": 3,
      "con": 4,
      "con_prompt": 1,
      "con_description": 3
    },
    "essay_main_subject": "비혼주의자에 대한 본인의 의견",
    "expression_weight": {
      "exp_style": 4,
      "exp_grammar": 2,
      "exp_vocab": 4,
      "exp": 3
    }
  },
  "correction": [],
  "info": {
    "essay_id": "ESSAY_76711",
    "essay_prompt": " \"\"연애는 필수, 결혼은 선택! 가슴이 뛰는 대로 가면 돼\"\".\n\n 유명한 유행가의 노래 가사처럼, 청년들에게 결혼은 이제 필수가 아닌 하나의 선택 사항입니다. 연애, 결혼, 출산을 포기한다는 의미의 '3포세대'라는 말이 나오기 무섭게 5포 세대, N포세대까지 등장할 정도로 취업난, 치솟는 부동산 가격 등 여러 사회·경제적 요인들로 청년층을 위축시켰습니다.\n\n 모두가 이러한 이유로 '결혼을 포기'하는 것만은 아닙니다. 개인의 행복을 위해 '비혼을 선택'하는 청년들도 늘고 있습니다. 이처럼 최근 전통적인 가치관에서 벗어나 연애와 동거는 하면서 결혼이라는 제도에 묶여 관계에서 파생되는 책임을 벗어나 자유로운 삶을 추구하는 비혼주의자가 늘고 있습니다.\n\n 다만, 개인의 자유로운 선택에 따라 비혼주의를 하지만 주변에서는 아직 고운 시선으로 바라보지 않는 사람도 많습니다. 결혼이라는 제도에 대해서 선택이 아닌 필수라고 생각하는 사람들도 많지요. 개개인이 모여 사회가 형성되기 때문에 사회의 가장 작은 단위인 가족을 이루는 것도 사회 구성원으로서의 큰 역할이라고 생각하는 사람들도 있습니다.\n\n 여러분은 결혼을 꼭 해야 한다고 생각하시나요? 아니면 결혼은 선택의 문제라고 생각하시나요? 비혼주의에 대해 찬성하는 입장 반대를 선택하여 자신의 의견을 작성해주세요. 그리고 그렇게 생각한 이유에 대해서 작성해주세요.",
    "essay_type": "찬성반대",
    "essay_level": "2",
    "essay_len": 799,
    "essay_main_subject": "비혼주의자에 대한 본인의 의견"
  }
}