{
  "paragraph": [
    {
      "paragraph_txt": "우리는 과거에 여성들의 사회 활동이 제한받던 시대에서 벗어나 남성과 동등한 교육을 받으며 남성과 동등하게 취급받고 있다.#@문장구분# 그리고 여성들이 사회 활동에 참여함에 따라 과거 굳게 유지되었던 결혼에 대한 개념이 바뀌었다.#@문장구분# 하지만 개념이 바뀐 것 뿐으로는 지금 이 저조한 결혼률이 나오는 것이 힘들다 생각하였고, 나는 지금 사태에 대한 이유를 2가지로 분석하여 보았다.#@문장구분# 첫 번째는 여성의 책임은 크게 줄어든 반면 남성의 책임은 크게 줄지 않았다는 것이다.#@문장구분# 과거에는 여성에게 가장 중요한 것은 정절 즉 처녀였다.#@문장구분# 하지만 요즘 사회에선 여성의 처녀에 큰 가치를 두지 않는다.#@문장구분# 반면 남성은 아직 재력에 관한 책임이 여전하다.#@문장구분# 예를 들어 '신혼집은 남성이 마련해야 한다'와 같은 책임은 여전한 편이다.#@문장구분# 이에 대한 회의를 느낀 일부 남성들이 결혼을 꺼려하기 시작하였다고 생각한다.#@문장구분# 두 번째는 두 성별 간의 갈등이다.#@문장구분# 우리나라에 성매매, 포르노, 리얼돌과 같은 남성향 성문화를 강간 문화의 연장선이라고 보는 안티 포르노 페미니즘이 퍼짐에 따라 남성과 여성의 갈등은 현재 날마다 가속되어가고 있다.#@문장구분# 이 갈등은 개인의 활동을 그 성별 집단 전체의 특성이라고 판단하며 서로 상대 성별 전체에 대한 혐오로 이어졌다.#@문장구분# 이러한 영향도 또한 비혼주의자들이 늘어난 이유라고 생각한다.#@문장구분# 이러한 문제가 신속히 해결되었으면 좋겠다.#@문장구분# 이러한 문제가 계속되면 남녀 모두에게 불리하기 때문이다.#@문장구분# 남자와 여자는 서로 사랑하라며 하나님께서 그렇게 만들어 주셨는데 서로 사랑은커녕 서로 할퀴고 상처주는 일만 하니 정말 안타깝다.#@문장구분# 어서 빨리 서로 행복하고 사이좋게 지내는 사회가 왔으면 좋겠다.#@문장구분#",
      "paragraph_len": 1148,
      "paragraph_id": "001"
    }
  ],
  "score": {
    "paragraph_score": [
      {
        "paragraph_scoreT": [
          3,
          3,
          3
        ],
        "paragraph_scoreT_detail": {
          "paragraph_scoreT_exp": [
            [
              3,
              3,
              3
            ],
            [
              3,
              3,
              3
            ],
            [
              3,
              3,
              3
            ]
          ]
        },
        "paragraph_scoreT_avg": 3,
        "paragraph_id": "001"
      }
    ],
    "essay_scoreT": [
      27.900002,
      27.900002,
      30
    ],
    "essay_scoreT_avg": 28.6,
    "essay_scoreT_detail": {
      "essay_scoreT_org": [
        [
          3,
          0,
          2,
          3
        ],
        [
          3,
          0,
          2,
          3
        ],
        [
          3,
          0,
          3,
          3
        ]
      ],
      "essay_scoreT_cont": [
        [
          3,
          2,
          3,
          3
        ],
        [
          3,
          2,
          3,
          3
        ],
        [
          3,
          3,
          3,
          3
        ]
      ],
      "essay_scoreT_exp": [
        [
          3,
          3,
          3
        ],
        [
          3,
          3,
          3
        ],
        [
          3,
          3,
          3
        ]
      ]
    }
  },
  "student": {
    "date": "2021.11.29",
    "student_educated": true,
    "student_grade": "고등_1학년",
    "location": "041",
    "student_grade_group": "고등",
    "student_reading": 1
  },
  "rubric": {
    "essay_grade": "고등_1학년",
    "organization_weight": {
      "org_paragraph": 0,
      "org": 3,
      "org_essay": 6,
      "org_coherence": 3,
      "org_quantity": 1
    },
    "essay_type": "찬성반대",
    "content_weight": {
      "con_clearance": 3,
      "con_novelty": 3,
      "con": 4,
      "con_prompt": 1,
      "con_description": 3
    },
    "essay_main_subject": "비혼주의자에 대한 본인의 의견",
    "expression_weight": {
      "exp_style": 4,
      "exp_grammar": 2,
      "exp_vocab": 4,
      "exp": 3
    }
  },
  "correction": [],
  "info": {
    "essay_id": "ESSAY_51843",
    "essay_prompt": " \"\"연애는 필수, 결혼은 선택! 가슴이 뛰는 대로 가면 돼\"\".\n\n 유명한 유행가의 노래 가사처럼, 청년들에게 결혼은 이제 필수가 아닌 하나의 선택 사항입니다. 연애, 결혼, 출산을 포기한다는 의미의 '3포세대'라는 말이 나오기 무섭게 5포 세대, N포세대까지 등장할 정도로 취업난, 치솟는 부동산 가격 등 여러 사회·경제적 요인들로 청년층을 위축시켰습니다.\n\n 모두가 이러한 이유로 '결혼을 포기'하는 것만은 아닙니다. 개인의 행복을 위해 '비혼을 선택'하는 청년들도 늘고 있습니다. 이처럼 최근 전통적인 가치관에서 벗어나 연애와 동거는 하면서 결혼이라는 제도에 묶여 관계에서 파생되는 책임을 벗어나 자유로운 삶을 추구하는 비혼주의자가 늘고 있습니다.\n\n 다만, 개인의 자유로운 선택에 따라 비혼주의를 하지만 주변에서는 아직 고운 시선으로 바라보지 않는 사람도 많습니다. 결혼이라는 제도에 대해서 선택이 아닌 필수라고 생각하는 사람들도 많지요. 개개인이 모여 사회가 형성되기 때문에 사회의 가장 작은 단위인 가족을 이루는 것도 사회 구성원으로서의 큰 역할이라고 생각하는 사람들도 있습니다.\n\n 여러분은 결혼을 꼭 해야 한다고 생각하시나요? 아니면 결혼은 선택의 문제라고 생각하시나요? 비혼주의에 대해 찬성하는 입장 반대를 선택하여 자신의 의견을 작성해주세요. 그리고 그렇게 생각한 이유에 대해서 작성해주세요.",
    "essay_type": "찬성반대",
    "essay_level": "2",
    "essay_len": 809,
    "essay_main_subject": "비혼주의자에 대한 본인의 의견"
  }
}