{
  "paragraph": [
    {
      "paragraph_txt": "나는 비혼주의에 찬성합니다.#@문장구분# 하지만 주변에서는 아직 고운 시선으로 바라보지 않는 사람도 많습니다.#@문장구분# 그리고 이혼을 한 사람들을 바라보는 시선도 그다지 곱지 않습니다.#@문장구분# 오직 결혼 후 결혼생활을 이어가는 것만이 인생에 있어 해피엔딩이라고 생각하는 사람들일까요?#@문장구분# 사회적인 강요에 의해하는 결혼이야말로 불행한 인생을 맞이하는 지름길이 아닐까 생각했습니다.#@문장구분# 최근 사랑에 관한 프로그램이 많이 방영되고 있습니다.#@문장구분# 그 중 '돌싱글즈\" 라는 프로그램을 인상깊게 보았습니다.#@문장구분# 이 프로그램은 이혼한 남녀가 출연해 새로운 사랑을 찾아가는 과정을 그린 프로그램입니다.#@문장구분# 어떤 연애 프로그램과는 조금 다른점이 있었다면 배우자를 목표로 나온 것이며 배우자를 고르는 기준이 조금 더 구체적이고 확고하다는 점에서 다르다 느꼈습니다.#@문장구분# 그만큼 그들이 경험한 결혼생활은 지극히 현실적이였다고 생각했습니다.#@문장구분# 이들의 이혼사유도 들어볼 수 있었는데 대부분은 성격의 문제였으며 간혹 고부갈등의 경우도 있었습니다.#@문장구분# 이걸 보면서 느낀건 연애의 끝이 결혼이라고 생각하는 사람들이 많고 저도 그들 중 한 명이였지만 연애의 끝이 꼭 결혼일 필요는 없겠다.#@문장구분# 연애기간 동안 한 번도 싸운적 없던 커플이 결혼 후 안 맞는 점이 하나씩 보이기 시작했고 배려에 한계가 생기자 결국 이혼을 결심하게 된 것이죠.#@문장구분# 결혼생활은 로망으로 이뤄갈 수 있는게 아닌 것 같습니다.#@문장구분# 그렇기에 신중하고 또 신중해야 할 문제라고 생각하는데 비혼주의를 비난하는 사람들은 결혼을 마냥 로망으로 바라보시는게 아닐까 싶습니다.#@문장구분# 결혼을 해보고 비혼주의가 된 걸수도 있으며 경제적인 여유가 없어 결혼을 하고싶지만 배우자가 될 사람이나 나중에 태어날 아이를 생각해 결혼을 하지 않겠다 다짐할 수도 있습니다.#@문장구분# 비혼주의 법으로 정해야 하는게 아니니 그때생각이 변할수도 있지 않을까 합니다.#@문장구분#",
      "paragraph_len": 1230,
      "paragraph_id": "001"
    }
  ],
  "score": {
    "paragraph_score": [
      {
        "paragraph_scoreT": [
          2.8,
          3,
          2
        ],
        "paragraph_scoreT_detail": {
          "paragraph_scoreT_exp": [
            [
              2,
              3,
              3
            ],
            [
              3,
              3,
              3
            ],
            [
              2,
              2,
              2
            ]
          ]
        },
        "paragraph_scoreT_avg": 2.6000001,
        "paragraph_id": "001"
      }
    ],
    "essay_scoreT": [
      29.4,
      30,
      24
    ],
    "essay_scoreT_avg": 27.800001,
    "essay_scoreT_detail": {
      "essay_scoreT_org": [
        [
          3,
          0,
          3,
          3
        ],
        [
          3,
          0,
          3,
          3
        ],
        [
          2,
          0,
          3,
          3
        ]
      ],
      "essay_scoreT_cont": [
        [
          3,
          3,
          3,
          3
        ],
        [
          3,
          3,
          3,
          3
        ],
        [
          2,
          3,
          3,
          3
        ]
      ],
      "essay_scoreT_exp": [
        [
          2,
          3,
          3
        ],
        [
          3,
          3,
          3
        ],
        [
          2,
          2,
          2
        ]
      ]
    }
  },
  "student": {
    "date": "2021.12.17",
    "student_educated": true,
    "student_grade": "고등_1학년",
    "location": "044",
    "student_grade_group": "고등",
    "student_reading": 2
  },
  "rubric": {
    "essay_grade": "고등_1학년",
    "organization_weight": {
      "org_paragraph": 0,
      "org": 3,
      "org_essay": 6,
      "org_coherence": 3,
      "org_quantity": 1
    },
    "essay_type": "찬성반대",
    "content_weight": {
      "con_clearance": 3,
      "con_novelty": 3,
      "con": 4,
      "con_prompt": 1,
      "con_description": 3
    },
    "essay_main_subject": "비혼주의자에 대한 본인의 의견",
    "expression_weight": {
      "exp_style": 4,
      "exp_grammar": 2,
      "exp_vocab": 4,
      "exp": 3
    }
  },
  "correction": [],
  "info": {
    "essay_id": "ESSAY_66193",
    "essay_prompt": " \"\"연애는 필수, 결혼은 선택! 가슴이 뛰는 대로 가면 돼\"\".\n\n 유명한 유행가의 노래 가사처럼, 청년들에게 결혼은 이제 필수가 아닌 하나의 선택 사항입니다. 연애, 결혼, 출산을 포기한다는 의미의 '3포세대'라는 말이 나오기 무섭게 5포 세대, N포세대까지 등장할 정도로 취업난, 치솟는 부동산 가격 등 여러 사회·경제적 요인들로 청년층을 위축시켰습니다.\n\n 모두가 이러한 이유로 '결혼을 포기'하는 것만은 아닙니다. 개인의 행복을 위해 '비혼을 선택'하는 청년들도 늘고 있습니다. 이처럼 최근 전통적인 가치관에서 벗어나 연애와 동거는 하면서 결혼이라는 제도에 묶여 관계에서 파생되는 책임을 벗어나 자유로운 삶을 추구하는 비혼주의자가 늘고 있습니다.\n\n 다만, 개인의 자유로운 선택에 따라 비혼주의를 하지만 주변에서는 아직 고운 시선으로 바라보지 않는 사람도 많습니다. 결혼이라는 제도에 대해서 선택이 아닌 필수라고 생각하는 사람들도 많지요. 개개인이 모여 사회가 형성되기 때문에 사회의 가장 작은 단위인 가족을 이루는 것도 사회 구성원으로서의 큰 역할이라고 생각하는 사람들도 있습니다.\n\n 여러분은 결혼을 꼭 해야 한다고 생각하시나요? 아니면 결혼은 선택의 문제라고 생각하시나요? 비혼주의에 대해 찬성하는 입장 반대를 선택하여 자신의 의견을 작성해주세요. 그리고 그렇게 생각한 이유에 대해서 작성해주세요.",
    "essay_type": "찬성반대",
    "essay_level": "2",
    "essay_len": 890,
    "essay_main_subject": "비혼주의자에 대한 본인의 의견"
  }
}