{
  "paragraph": [
    {
      "paragraph_txt": "결혼하는 것은 강제가 아니라 자유입니다.#@문장구분# 강제는 남이 시켜서 하는 것이고 자유는 자신의 의지대로 하는 것이죠.#@문장구분# 저는 결혼이 꼭 누가 하라 해서 하는 것이 아닌 자신이 정말 결혼해서 잘 살 수 있고 자신이 선택해서 하는 것이라 생각하기 때문입니다.#@문장구분# 나의 인생을 내 삶을 누군가의 강제가 아닌 나의 선택으로 이어져야 나중에 그에 대한 책임 역시 내가 질 수 있기 때문입니다. #@문장구분#그래야 나중에 결혼이라는 생활을 해서 살아 갈 때에도 그 힘든 부분도 견딜 수 있는 그런 마음이 생길 것이기 때문입니다.#@문장구분# 결혼을 한다면 출산, 육아 등으로 자신이 하고 싶은 일을 잘 못하고 자신의 많은 시간을 포기해야 하기 때문에 육아스트레스, 우울증 등이 걸려 힘들어 질 수 있습니다.#@문장구분# 실제로도 육아 스트레스, 우울증을 받는 부모들이 늘어나고 있기 때문입니다. #@문장구분#또다른 이유는 돈의 이유 때문입니다.#@문장구분# 자녀 한명 키우는 2억 넘게 들어간다고합니다.#@문장구분# 대학까지 마쳤을경우죠.#@문장구분# 거기에 자녀가 결혼을 한다 하며 +@가 되겠죠.#@문장구분# 결혼하여 육아 돈 그런거에 시달려 사느니 비혼하여 자유롭고 즐거운 나만의 인생을 살고싶습니다.#@문장구분# 내가 능력이 없으면 결혼하면 배우자와 아이들까지고 함께 고생하며, 아이들에게 꿈과 희망을 줄 수가 없다는 생각이 드니 현실에 대한 두려움이 생기게 되었고 평범한 직장을 다니게 되면 적은 월급을 받겠지만 제 집과 아이를 키울 수 있는 돈을 모으기 전까지는 절대 결혼을 하지 않을 생각입니다.#@문장구분# 우리 사회의 결혼문화를 바꾸는 인식과 꼭 결혼을 해서 자손을 낳아서 대를 이어야 한다는 강박관념 고정관념을 깨버려야 한다고 생각합니다.#@문장구분# 사랑하는 사람이 없어서 혹은 결혼하고 싶지 않다는 견해를 가지고 비혼주의를 택하는 것도 모두 개인의 자유이기 때문에 저는 전체적인 틀에서 바라봤을 때 비혼주의에는 찬성합니다.#@문장구분# 비혼주의자를 존중하고 이해하고 응원하고 지지합니다. #@문장구분#또한 비혼주의자라는 한 집단이 차별 받거나 소외되거나 하면 적극적으로 도와주고 그들을 돕기위해 나도 노력할 것입니다.#@문장구분# 또 살다보면 비혼이란 생각이 얼마든지 바뀔 수 있다.",
      "paragraph_len": 1351,
      "paragraph_id": "001"
    }
  ],
  "score": {
    "paragraph_score": [
      {
        "paragraph_scoreT": [
          2.8,
          2.8,
          3
        ],
        "paragraph_scoreT_detail": {
          "paragraph_scoreT_exp": [
            [
              2,
              3,
              3
            ],
            [
              2,
              3,
              3
            ],
            [
              3,
              3,
              3
            ]
          ]
        },
        "paragraph_scoreT_avg": 2.8666668,
        "paragraph_id": "001"
      }
    ],
    "essay_scoreT": [
      28.2,
      28.2,
      28.4
    ],
    "essay_scoreT_avg": 28.266668,
    "essay_scoreT_detail": {
      "essay_scoreT_org": [
        [
          3,
          0,
          3,
          3
        ],
        [
          3,
          0,
          3,
          3
        ],
        [
          3,
          0,
          3,
          3
        ]
      ],
      "essay_scoreT_cont": [
        [
          3,
          2,
          3,
          3
        ],
        [
          3,
          2,
          3,
          3
        ],
        [
          3,
          2,
          2,
          3
        ]
      ],
      "essay_scoreT_exp": [
        [
          2,
          3,
          3
        ],
        [
          2,
          3,
          3
        ],
        [
          3,
          3,
          3
        ]
      ]
    }
  },
  "student": {
    "date": "2021.12.23",
    "student_educated": true,
    "student_grade": "고등_1학년",
    "location": "063",
    "student_grade_group": "고등",
    "student_reading": 2
  },
  "rubric": {
    "essay_grade": "고등_1학년",
    "organization_weight": {
      "org_paragraph": 0,
      "org": 3,
      "org_essay": 6,
      "org_coherence": 3,
      "org_quantity": 1
    },
    "essay_type": "찬성반대",
    "content_weight": {
      "con_clearance": 3,
      "con_novelty": 3,
      "con": 4,
      "con_prompt": 1,
      "con_description": 3
    },
    "essay_main_subject": "비혼주의자에 대한 본인의 의견",
    "expression_weight": {
      "exp_style": 4,
      "exp_grammar": 2,
      "exp_vocab": 4,
      "exp": 3
    }
  },
  "correction": [],
  "info": {
    "essay_id": "ESSAY_76785",
    "essay_prompt": " \"\"연애는 필수, 결혼은 선택! 가슴이 뛰는 대로 가면 돼\"\".\n\n 유명한 유행가의 노래 가사처럼, 청년들에게 결혼은 이제 필수가 아닌 하나의 선택 사항입니다. 연애, 결혼, 출산을 포기한다는 의미의 '3포세대'라는 말이 나오기 무섭게 5포 세대, N포세대까지 등장할 정도로 취업난, 치솟는 부동산 가격 등 여러 사회·경제적 요인들로 청년층을 위축시켰습니다.\n\n 모두가 이러한 이유로 '결혼을 포기'하는 것만은 아닙니다. 개인의 행복을 위해 '비혼을 선택'하는 청년들도 늘고 있습니다. 이처럼 최근 전통적인 가치관에서 벗어나 연애와 동거는 하면서 결혼이라는 제도에 묶여 관계에서 파생되는 책임을 벗어나 자유로운 삶을 추구하는 비혼주의자가 늘고 있습니다.\n\n 다만, 개인의 자유로운 선택에 따라 비혼주의를 하지만 주변에서는 아직 고운 시선으로 바라보지 않는 사람도 많습니다. 결혼이라는 제도에 대해서 선택이 아닌 필수라고 생각하는 사람들도 많지요. 개개인이 모여 사회가 형성되기 때문에 사회의 가장 작은 단위인 가족을 이루는 것도 사회 구성원으로서의 큰 역할이라고 생각하는 사람들도 있습니다.\n\n 여러분은 결혼을 꼭 해야 한다고 생각하시나요? 아니면 결혼은 선택의 문제라고 생각하시나요? 비혼주의에 대해 찬성하는 입장 반대를 선택하여 자신의 의견을 작성해주세요. 그리고 그렇게 생각한 이유에 대해서 작성해주세요.",
    "essay_type": "찬성반대",
    "essay_level": "2",
    "essay_len": 1011,
    "essay_main_subject": "비혼주의자에 대한 본인의 의견"
  }
}