{
  "paragraph": [
    {
      "paragraph_txt": "나는 비혼주의를 찬성한다.#@문장구분# 요즘은 결혼이 필수가 아닌 선택 사항이 되기도 했고 사회나 경제적 요인만 봐도 경제적인 여유가 없는 청년층 사람들은 결혼을 하고 싶어도 못하는 경우도 많이 생긴다.#@문장구분# 그로인해 결혼을 포기하는 경우도 더러 있고 또 사회나 경제적 요인이 아닌 오로지 개인 만의 선택으로 비혼을 하는 사람도 있다.#@문장구분# 비혼주의자가 된다면 개인의 자유로운 삶을 더 추구하고 자신만의 시간을 더 마음껏 누릴 수 있는 삶이 나에게 더 잘맞는 것 같다. 그렇기 때문에 나는 비혼주의에 찬성한다.#@문장구분# 결혼 또한 여러 가지 이점이 있겠지만 오히려 나를 더 갉아먹는 점이 더 많을수도 있다고 생각한다.#@문장구분# 왜냐하면 결혼을 하면 아이를 낳고 아이가 자라가는 과정에서 행복함과 기쁨을 느낄 수도 있지만 양육비와 아이가 자라가는 과정에서 드는 시간, 스트레스, 경제적인 문제 등등 결혼을 해서 오히려 안 좋을수도 있다고 생각한다.#@문장구분# 하지만 결혼과 비혼은 개개인의 가치관 차이 또 생각의 차이기 때문에 누가 무엇을 택하든 다른 사람이 자신만의 잣대로 마냥 비난 할 수만은 없다고 생각한다.#@문장구분# 모든 사람의 의견은 존중되야 한다고 생각하기 때문이다. #@문장구분#그리고 요즘에 결혼하려면 드는 비용이 최소 2천만원이라고 한다. #@문장구분#하지만 결혼만 한다고 끝이 아니다.#@문장구분# 결혼하면 같이 살 집이 필요하고 또 집이 있으면 가구가 있어야 한다. #@문장구분#즉 결혼을 하게 된다면 생기는 부가적인 비용은 어마어마하다는 것이다.#@문장구분# 거기에다가 만약 애까지 생긴다면 자신만의 시간이 없어질뿐더러 그 애가 자립할 때까지 돈이며 시간을 할애해야 한다. #@문장구분#나라면 이렇게 자신을 희생해서 이렇게까지 애를 키워야 하는지에 대한 생각을 갖게 하는 상황이 생길 거 같고 그렇게까지 하면서 책임을 지려고 할까? 하는 마음에 비혼주의에 찬성하게 되었다.#@문장구분#",
      "paragraph_len": 1151,
      "paragraph_id": "001"
    }
  ],
  "score": {
    "paragraph_score": [
      {
        "paragraph_scoreT": [
          3,
          2.8,
          2.8
        ],
        "paragraph_scoreT_detail": {
          "paragraph_scoreT_exp": [
            [
              3,
              3,
              3
            ],
            [
              2,
              3,
              3
            ],
            [
              2,
              3,
              3
            ]
          ]
        },
        "paragraph_scoreT_avg": 2.8666668,
        "paragraph_id": "001"
      }
    ],
    "essay_scoreT": [
      28.8,
      27.3,
      28.2
    ],
    "essay_scoreT_avg": 28.1,
    "essay_scoreT_detail": {
      "essay_scoreT_org": [
        [
          3,
          0,
          3,
          3
        ],
        [
          3,
          0,
          2,
          3
        ],
        [
          3,
          0,
          3,
          3
        ]
      ],
      "essay_scoreT_cont": [
        [
          3,
          2,
          3,
          3
        ],
        [
          3,
          2,
          3,
          3
        ],
        [
          3,
          2,
          3,
          3
        ]
      ],
      "essay_scoreT_exp": [
        [
          3,
          3,
          3
        ],
        [
          2,
          3,
          3
        ],
        [
          2,
          3,
          3
        ]
      ]
    }
  },
  "student": {
    "date": "2021.12.20",
    "student_educated": true,
    "student_grade": "고등_1학년",
    "location": "063",
    "student_grade_group": "고등",
    "student_reading": 2
  },
  "rubric": {
    "essay_grade": "고등_1학년",
    "organization_weight": {
      "org_paragraph": 0,
      "org": 3,
      "org_essay": 6,
      "org_coherence": 3,
      "org_quantity": 1
    },
    "essay_type": "찬성반대",
    "content_weight": {
      "con_clearance": 3,
      "con_novelty": 3,
      "con": 4,
      "con_prompt": 1,
      "con_description": 3
    },
    "essay_main_subject": "비혼주의자에 대한 본인의 의견",
    "expression_weight": {
      "exp_style": 4,
      "exp_grammar": 2,
      "exp_vocab": 4,
      "exp": 3
    }
  },
  "correction": [],
  "info": {
    "essay_id": "ESSAY_71904",
    "essay_prompt": " \"\"연애는 필수, 결혼은 선택! 가슴이 뛰는 대로 가면 돼\"\".\n\n 유명한 유행가의 노래 가사처럼, 청년들에게 결혼은 이제 필수가 아닌 하나의 선택 사항입니다. 연애, 결혼, 출산을 포기한다는 의미의 '3포세대'라는 말이 나오기 무섭게 5포 세대, N포세대까지 등장할 정도로 취업난, 치솟는 부동산 가격 등 여러 사회·경제적 요인들로 청년층을 위축시켰습니다.\n\n 모두가 이러한 이유로 '결혼을 포기'하는 것만은 아닙니다. 개인의 행복을 위해 '비혼을 선택'하는 청년들도 늘고 있습니다. 이처럼 최근 전통적인 가치관에서 벗어나 연애와 동거는 하면서 결혼이라는 제도에 묶여 관계에서 파생되는 책임을 벗어나 자유로운 삶을 추구하는 비혼주의자가 늘고 있습니다.\n\n 다만, 개인의 자유로운 선택에 따라 비혼주의를 하지만 주변에서는 아직 고운 시선으로 바라보지 않는 사람도 많습니다. 결혼이라는 제도에 대해서 선택이 아닌 필수라고 생각하는 사람들도 많지요. 개개인이 모여 사회가 형성되기 때문에 사회의 가장 작은 단위인 가족을 이루는 것도 사회 구성원으로서의 큰 역할이라고 생각하는 사람들도 있습니다.\n\n 여러분은 결혼을 꼭 해야 한다고 생각하시나요? 아니면 결혼은 선택의 문제라고 생각하시나요? 비혼주의에 대해 찬성하는 입장 반대를 선택하여 자신의 의견을 작성해주세요. 그리고 그렇게 생각한 이유에 대해서 작성해주세요.",
    "essay_type": "찬성반대",
    "essay_level": "2",
    "essay_len": 871,
    "essay_main_subject": "비혼주의자에 대한 본인의 의견"
  }
}