{
  "paragraph": [
    {
      "paragraph_txt": "과거에는 남자와 여자가 비교적 이른 나이에 결혼을 하여 가정을 꾸려 살아갔다.#@문장구분# 하지만 현재 시대는 과거 시대보다 수명이 50년 정도로 더 늘었고 또 결혼을 강요하는 사람들이 별로 없다.#@문장구분# 그래서 비혼주의자라는 사람들이 생겼는데 이런 사람들은 결혼을 하지 않는 사람들을 묶어 말한다.#@문장구분# 일단 앞서 비혼주의에서 비혼이라는 단어를 알아야 되는데 한국 사회에서 비혼이라는 어휘가 최초로 등장한 것은 최근의 사례가 아니다.#@문장구분# 1998년, '서울여성의전화 싱글여성모임'에서 결혼은 필수가 아니라 선택\"이라는 주장을 하기 시작했고, 당시에는 '미혼'이라는 용어로 사용을 하였다.#@문장구분# 이는 누구라도 적령기에 결혼을 해야 한다는 것은 올바르지 않은 것\"이라고 주장하는 여성들을 정상적이지 않은 여성'으로 만드는 주요 요인이 되었다.#@문장구분# 한편, 이 시기 여성 작가들의 활약 등으로 우리 사회 내에서 여성들의 참여와 역량 발휘가 활발하던 시기이기도 하다.#@문장구분# 이와 함께 가부장제 하 여성들을 향하던 억압적인 사회 분위기를 탈피해야 한다는 문제의식들이 발전하기 시작하였다.#@문장구분# 그 중 하나가 시집살이를 꼭 해야 할 이유가 없다.#@문장구분# 나는 나로서 자유롭다라고 주장하는 여성들의 결혼 거부 현상이 저항적으로 나타났다.#@문장구분# 그리고, 얼마 후 사라졌다. 이러한 '미혼'은 현재에 이르러 비혼이라는 어휘로 언론, 미디어, SNS 등에서 어렵지 않게 접할 수 있다.#@문장구분# 1990년대 미혼의 저항적인 의미와 달리 사회의 변화 및 적응 연령이 늦춰짐에 따라, 결혼을 할 만한 충분한 준비의 시간이 필요하다라는 맥락에서 비혼을 자발적으로 선택하는 이들이 크게 늘었다.#@문장구분# 미혼과 또 다른 차이점이 있다면, 미혼은 여성들을 중심으로 한 저항 운동이라면, 비혼은 남녀를 가리지 않고 결혼 및 적령이게 연연하지 않는 자유로운 삶을 살아가고자 하는 개인화 과정으로 이해할 수 있다는 점이다.#@문장구분# 여기에서 흥미로운 질문을 하나 던질 수 있을 것이다.#@문장구분# 비혼 및 미혼, 어디에서 시작된 개인화인가?#@문장구분# 그것은 개인이 스스로 생각한 탈사회화 및 탈주술화의 과정인가?#@문장구분#\n이와 관련하여, 울리히 벡은 그의 저서 개인화에서 혼자서 자립적인 개인은 있을 수 없다라고 설명하였다.#@문장구분# 그가 말하는 개인화란, 전통적 사회적 형태 및 속박의 제거 실제적인 지식과 믿음, 규범과 전통적인 안전의 상실대의 것으로 전환되는 새로운 유형의 사회적 속박의 과정을 거친다고 말했다.#@문장구분# 이 요소들은 개별적이지 않다.#@문장구분# 상호작용을 주고받으며, 한 개인의 삶을 꾸려 나가도록 유도한다.#@문장구분# 따라서 개인 스스로가 선택한 삶을 살아갈 기회가 있음과 동시에 선택할 수밖에 없도록 개인을 밀어 넣는 모순이 공존한다.#@문장구분# 그러므로 한 개인이 생각하는 비혼이란, 개인의 이데올로기이면서, 문화적 측면에서 의식이 개인화된 것이라고 볼 수 있다.#@문장구분# 스스로 생각하기보다는 주변 사람들이 그러한 삶을 선택하는 일이 있어서 자신도 그것에 동조한 것이다.#@문장구분# 그러므로 사회가 개인에게 요구하는 사항이 아니라, 특정한 개인 및 집단이 느낀 욕구가 주변으로 전파되고, 그것이 하나의 사회 현상 및 문화화 된 것이므로 비주류 및 소수를 위한 공감 문화 중 하나로 볼 수 있겠다.#@문장구분# 더불어 결혼이 주류인 사회에서 떨어져 나와 비혼이라는 개인화를 겪으며, 비혼을 유지하는 사람들 간의 네트워크를 형성하고, 그 안의 공동체에서 머무는 것 자체가 사회 현상이 된다.#@문장구분# 우리는 그 집단화된 현상을 이르러 비혼이라고 정의할 수 있을 것이다.#@문장구분# 그래서 나는 비혼주의자에 대해 찬성을 한다.#@문장구분# 왜냐하면 결혼은 강요나 요구가 아닌 자유가 되어야하고 자신의 동반자를 찾고 평생을 살아가야되는 것은 자신의 인생을 걸어야되는 크고 중요한 결정이다.#@문장구분# 하지만 자기 자신이 혼자 사는 것이 좋고 또 남과 서로의 의견을 맞추어 가면서 살아가는 것이 힘이 들면은 굳이 왜 결혼을 해야하는 이유는 찾아 볼 수 없다.#@문장구분# 만약 결혼 한다고 해도 그들은 살아가는 것이 힘들거나 얼마 지나지 않고 이혼을 할 수도 있기 때문이다.#@문장구분# 물론 세계가 고령화 시대로 넘어가고 있다고 한들 지구는 현재 인구 과다 밀집 상태이다.#@문장구분# 그래서 인구 수를 늘리기 위해 출산을 하자는 것은 적절하지 않는 이유이다.#@문장구분# 그리고 비혼주의자는 여자 혹은 남자와 관계를 맺지 않고 그냥 혼자 살아가는 것이 아니라 연애같은 이성교제는 하되 결혼을 하지 않은 것이다.#@문장구분# 그래서 나는 비혼주의에 대해 찬성하고 또 비혼주의를 반대하고 싫어하고 좋지 않은 시선으로 볼 이유는 전혀 없는거 같다.#@문장구분#",
      "paragraph_len": 2825,
      "paragraph_id": "001"
    }
  ],
  "score": {
    "paragraph_score": [
      {
        "paragraph_scoreT": [
          3,
          3,
          3
        ],
        "paragraph_scoreT_detail": {
          "paragraph_scoreT_exp": [
            [
              3,
              3,
              3
            ],
            [
              3,
              3,
              3
            ],
            [
              3,
              3,
              3
            ]
          ]
        },
        "paragraph_scoreT_avg": 3,
        "paragraph_id": "001"
      }
    ],
    "essay_scoreT": [
      30,
      27.6,
      26.6
    ],
    "essay_scoreT_avg": 28.066666,
    "essay_scoreT_detail": {
      "essay_scoreT_org": [
        [
          3,
          0,
          3,
          3
        ],
        [
          3,
          0,
          3,
          3
        ],
        [
          2,
          0,
          3,
          3
        ]
      ],
      "essay_scoreT_cont": [
        [
          3,
          3,
          3,
          3
        ],
        [
          3,
          2,
          3,
          2
        ],
        [
          3,
          2,
          2,
          3
        ]
      ],
      "essay_scoreT_exp": [
        [
          3,
          3,
          3
        ],
        [
          3,
          3,
          3
        ],
        [
          3,
          3,
          3
        ]
      ]
    }
  },
  "student": {
    "date": "2021.10.01",
    "student_educated": true,
    "student_grade": "고등_1학년",
    "location": "051",
    "student_grade_group": "고등",
    "student_reading": 1
  },
  "rubric": {
    "essay_grade": "고등_1학년",
    "organization_weight": {
      "org_paragraph": 0,
      "org": 3,
      "org_essay": 6,
      "org_coherence": 3,
      "org_quantity": 1
    },
    "essay_type": "찬성반대",
    "content_weight": {
      "con_clearance": 3,
      "con_novelty": 3,
      "con": 4,
      "con_prompt": 1,
      "con_description": 3
    },
    "essay_main_subject": "비혼주의자에 대한 본인의 의견",
    "expression_weight": {
      "exp_style": 4,
      "exp_grammar": 2,
      "exp_vocab": 4,
      "exp": 3
    }
  },
  "correction": [],
  "info": {
    "essay_id": "ESSAY_36466",
    "essay_prompt": " \"\"연애는 필수, 결혼은 선택! 가슴이 뛰는 대로 가면 돼\"\".\n\n 유명한 유행가의 노래 가사처럼, 청년들에게 결혼은 이제 필수가 아닌 하나의 선택 사항입니다. 연애, 결혼, 출산을 포기한다는 의미의 '3포세대'라는 말이 나오기 무섭게 5포 세대, N포세대까지 등장할 정도로 취업난, 치솟는 부동산 가격 등 여러 사회·경제적 요인들로 청년층을 위축시켰습니다.\n\n 모두가 이러한 이유로 '결혼을 포기'하는 것만은 아닙니다. 개인의 행복을 위해 '비혼을 선택'하는 청년들도 늘고 있습니다. 이처럼 최근 전통적인 가치관에서 벗어나 연애와 동거는 하면서 결혼이라는 제도에 묶여 관계에서 파생되는 책임을 벗어나 자유로운 삶을 추구하는 비혼주의자가 늘고 있습니다.\n\n 다만, 개인의 자유로운 선택에 따라 비혼주의를 하지만 주변에서는 아직 고운 시선으로 바라보지 않는 사람도 많습니다. 결혼이라는 제도에 대해서 선택이 아닌 필수라고 생각하는 사람들도 많지요. 개개인이 모여 사회가 형성되기 때문에 사회의 가장 작은 단위인 가족을 이루는 것도 사회 구성원으로서의 큰 역할이라고 생각하는 사람들도 있습니다.\n\n 여러분은 결혼을 꼭 해야 한다고 생각하시나요? 아니면 결혼은 선택의 문제라고 생각하시나요? 비혼주의에 대해 찬성하는 입장 반대를 선택하여 자신의 의견을 작성해주세요. 그리고 그렇게 생각한 이유에 대해서 작성해주세요.",
    "essay_type": "찬성반대",
    "essay_level": "2",
    "essay_len": 2145,
    "essay_main_subject": "비혼주의자에 대한 본인의 의견"
  }
}