{
  "paragraph": [
    {
      "paragraph_txt": "나는 결혼을 꼭 해야만 한다는 거에 반대한다.#@문장구분# 그렇다고 또 꼭 비혼주의자는 아니다.#@문장구분# 선택의 문제라고 생각된다.#@문장구분# 그리고 내가 원하는 사람과 원하는 때에 결혼이라는 것을 하고 싶지 나이가 들었다고 부모님들의 강요로 결혼을 하고 싶지는 않다.#@문장구분# 우리 엄마도 나에게 혼자살 수 있는 능력이 되면 되도록 혼자사는 것도 나쁘지 않다고 말씀 하신다.#@문장구분# 즉, 이제는 부모들이 목을 메고 결혼을 강요하는 시대는 아니라는 것이다.#@문장구분# 우리 부모님 세대도 결혼이 선택의 문제라고 생각하는데 하물며 우리들은 더욱 그렇게 여길 것 같다.#@문장구분# 나또한 마찬가지이다.#@문장구분# 아직은 대학교에 진학해서 취업을 하는 것도 빠듯하다.#@문장구분# 취업을 할 수 있을지 내가 어떤 일을 하게 될지도 모르겠는데 결혼이라니.#@문장구분# 지금 매일 뉴스에 쏟아지는 신혼부부들이 집을 못구해서 발을 동동구른다는 이야기를 듣고 있으면 굳이 결혼이라는 것을 해야하나 라는 생각도 든다.#@문장구분# 물론 인구절벽 운운하며 나라에서 출산을 장려하는 정책을 많이 하고 있다는 것은 알고 있지만 그렇다고 내가 억지로 결혼을 할 필요는 없다고 생각된다.#@문장구분# 우선 청년들이 비혼주의자가 되어가는 것은 사회환경의 문제이며 가장 큰 이유는 취업의 문제라고 생각된다.#@문장구분# 우선 학교를 졸업하고 어떤식으로든 취업이 되어 경제적 안정을 해야 결혼도 생각하고 출산도 생각할텐데 우선 먹고 살기도 힘든데 무슨 결혼이며 출산을 생각한다는 말인가.#@문장구분# 정부는 출산 장려정책을 필것이 아니라 취업장려정책을 먼저 해야 결혼도 있고 출산도 있을 것이라 생각된다.#@문장구분# 그리고 아직도 사라지지 않는 고부간의 갈등이나 제사 또는 명절 때 여자들에게만 희생을 강요하는 사회문화도 비혼주의를 더욱 가속화 시키는 것 같다.#@문장구분# 나도 이런 사회현상속에서는 결혼을 생각하지 않는다.#@문장구분#",
      "paragraph_len": 1190,
      "paragraph_id": "001"
    }
  ],
  "score": {
    "paragraph_score": [
      {
        "paragraph_scoreT": [
          1.6,
          2,
          2
        ],
        "paragraph_scoreT_detail": {
          "paragraph_scoreT_exp": [
            [
              2,
              2,
              1
            ],
            [
              2,
              2,
              2
            ],
            [
              2,
              2,
              2
            ]
          ]
        },
        "paragraph_scoreT_avg": 1.8666667,
        "paragraph_id": "001"
      }
    ],
    "essay_scoreT": [
      24,
      22.699999,
      21.9
    ],
    "essay_scoreT_avg": 22.866667,
    "essay_scoreT_detail": {
      "essay_scoreT_org": [
        [
          2,
          0,
          3,
          3
        ],
        [
          2,
          0,
          2,
          3
        ],
        [
          2,
          0,
          2,
          3
        ]
      ],
      "essay_scoreT_cont": [
        [
          3,
          3,
          3,
          3
        ],
        [
          3,
          3,
          2,
          2
        ],
        [
          3,
          2,
          3,
          2
        ]
      ],
      "essay_scoreT_exp": [
        [
          2,
          2,
          1
        ],
        [
          2,
          2,
          2
        ],
        [
          2,
          2,
          2
        ]
      ]
    }
  },
  "student": {
    "date": "2021.12.20",
    "student_educated": true,
    "student_grade": "고등_1학년",
    "location": "063",
    "student_grade_group": "고등",
    "student_reading": 2
  },
  "rubric": {
    "essay_grade": "고등_1학년",
    "organization_weight": {
      "org_paragraph": 0,
      "org": 3,
      "org_essay": 6,
      "org_coherence": 3,
      "org_quantity": 1
    },
    "essay_type": "찬성반대",
    "content_weight": {
      "con_clearance": 3,
      "con_novelty": 3,
      "con": 4,
      "con_prompt": 1,
      "con_description": 3
    },
    "essay_main_subject": "비혼주의자에 대한 본인의 의견",
    "expression_weight": {
      "exp_style": 4,
      "exp_grammar": 2,
      "exp_vocab": 4,
      "exp": 3
    }
  },
  "correction": [],
  "info": {
    "essay_id": "ESSAY_76552",
    "essay_prompt": " \"\"연애는 필수, 결혼은 선택! 가슴이 뛰는 대로 가면 돼\"\".\n\n 유명한 유행가의 노래 가사처럼, 청년들에게 결혼은 이제 필수가 아닌 하나의 선택 사항입니다. 연애, 결혼, 출산을 포기한다는 의미의 '3포세대'라는 말이 나오기 무섭게 5포 세대, N포세대까지 등장할 정도로 취업난, 치솟는 부동산 가격 등 여러 사회·경제적 요인들로 청년층을 위축시켰습니다.\n\n 모두가 이러한 이유로 '결혼을 포기'하는 것만은 아닙니다. 개인의 행복을 위해 '비혼을 선택'하는 청년들도 늘고 있습니다. 이처럼 최근 전통적인 가치관에서 벗어나 연애와 동거는 하면서 결혼이라는 제도에 묶여 관계에서 파생되는 책임을 벗어나 자유로운 삶을 추구하는 비혼주의자가 늘고 있습니다.\n\n 다만, 개인의 자유로운 선택에 따라 비혼주의를 하지만 주변에서는 아직 고운 시선으로 바라보지 않는 사람도 많습니다. 결혼이라는 제도에 대해서 선택이 아닌 필수라고 생각하는 사람들도 많지요. 개개인이 모여 사회가 형성되기 때문에 사회의 가장 작은 단위인 가족을 이루는 것도 사회 구성원으로서의 큰 역할이라고 생각하는 사람들도 있습니다.\n\n 여러분은 결혼을 꼭 해야 한다고 생각하시나요? 아니면 결혼은 선택의 문제라고 생각하시나요? 비혼주의에 대해 찬성하는 입장 반대를 선택하여 자신의 의견을 작성해주세요. 그리고 그렇게 생각한 이유에 대해서 작성해주세요.",
    "essay_type": "찬성반대",
    "essay_level": "2",
    "essay_len": 851,
    "essay_main_subject": "비혼주의자에 대한 본인의 의견"
  }
}