{
  "paragraph": [
    {
      "paragraph_txt": "최근 사회적으로 어려운 취업난과 몇 년사이 폭등한 부동산 가격으로 인하여 많은 청년들이 비혼선언을 하는 경우를 많이 찾아볼 수가 있습니다.#@문장구분# 또한 개인의 이익이 우선시 되는 요즈음 구속받는 것을 싫어하고 자유로운 삶을 원하여 비혼을 추구하는 사람들이 늘어나고 있습니다.#@문장구분# 하지만 저는 비혼주의에 반대하는 입장입니다.#@문장구분# 현재는 젊은 나이에 여러 사유들로 인해 비혼을 추구하겠지만 추후에 어느정도 나이가 들게되고 경제적으로 여유로워 졌다 하더라도 가정이 없이 혼자서 생활해야 한다면 마음이 공허하고 삶이 허무하게 느껴질 것 같습니다.#@문장구분# 힘들거나 외로울 때 배우자와 자녀로 이루어진 가족들에게 심리적으로 안정감을 느낄수가 있을테니 말입니다.#@문장구분# 결혼을 하고 가정을 꾸리는데 있어 당장은 경제적인 부담이 클지 몰라도 길게 자신의 인생을 바라본다면 가족간의 유대감에서 오는 행복감과 안정감, 그리고 자녀를 낳고 양육하는 과정에서 본인 자신이 한단계 더 성숙해지고 혈연관계의 끈끈함을 느낄 수 있을 것입니다.#@문장구분# 또한 가정내에서 더욱 책임감을 가지고 가정을 지키고자 하는 노력으로 인하여 경제적으로 더 발전할 수 있을것이라 생각됩니다. #@문장구분#또한 생일 마감했을 때에 슬퍼해줄 가족이 있다면 그동안 살아온 본인의 인생이 더욱 빛날 수 있지 않을까요?#@문장구분# 결혼을 하거나 아이를 낳는 것은 모두 개인의 선택입니다.#@문장구분# 하지만 당장의 편리함과 자유로움을 추구하기 보다는 본인의 인생에서 더 값지고 행복할 수 있는 선택이 어떠한 것인지 고민해 볼 필요가 있을 것입니다.#@문장구분# 저는 비혼주의에 반대하고 결혼을 하고 가정을 꾸려서 더욱 행복한 삶을 살기를 추구합니다.#@문장구분#",
      "paragraph_len": 1010,
      "paragraph_id": "001"
    }
  ],
  "score": {
    "paragraph_score": [
      {
        "paragraph_scoreT": [
          3,
          2.8,
          2.8
        ],
        "paragraph_scoreT_detail": {
          "paragraph_scoreT_exp": [
            [
              3,
              3,
              3
            ],
            [
              2,
              3,
              3
            ],
            [
              2,
              3,
              3
            ]
          ]
        },
        "paragraph_scoreT_avg": 2.8666668,
        "paragraph_id": "001"
      }
    ],
    "essay_scoreT": [
      30,
      28.2,
      29.4
    ],
    "essay_scoreT_avg": 29.199999,
    "essay_scoreT_detail": {
      "essay_scoreT_org": [
        [
          3,
          0,
          3,
          3
        ],
        [
          3,
          0,
          3,
          3
        ],
        [
          3,
          0,
          3,
          3
        ]
      ],
      "essay_scoreT_cont": [
        [
          3,
          3,
          3,
          3
        ],
        [
          3,
          2,
          3,
          3
        ],
        [
          3,
          3,
          3,
          3
        ]
      ],
      "essay_scoreT_exp": [
        [
          3,
          3,
          3
        ],
        [
          2,
          3,
          3
        ],
        [
          2,
          3,
          3
        ]
      ]
    }
  },
  "student": {
    "date": "2021.12.13",
    "student_educated": true,
    "student_grade": "고등_1학년",
    "location": "063",
    "student_grade_group": "고등",
    "student_reading": 2
  },
  "rubric": {
    "essay_grade": "고등_1학년",
    "organization_weight": {
      "org_paragraph": 0,
      "org": 3,
      "org_essay": 6,
      "org_coherence": 3,
      "org_quantity": 1
    },
    "essay_type": "찬성반대",
    "content_weight": {
      "con_clearance": 3,
      "con_novelty": 3,
      "con": 4,
      "con_prompt": 1,
      "con_description": 3
    },
    "essay_main_subject": "비혼주의자에 대한 본인의 의견",
    "expression_weight": {
      "exp_style": 4,
      "exp_grammar": 2,
      "exp_vocab": 4,
      "exp": 3
    }
  },
  "correction": [],
  "info": {
    "essay_id": "ESSAY_71893",
    "essay_prompt": " \"\"연애는 필수, 결혼은 선택! 가슴이 뛰는 대로 가면 돼\"\".\n\n 유명한 유행가의 노래 가사처럼, 청년들에게 결혼은 이제 필수가 아닌 하나의 선택 사항입니다. 연애, 결혼, 출산을 포기한다는 의미의 '3포세대'라는 말이 나오기 무섭게 5포 세대, N포세대까지 등장할 정도로 취업난, 치솟는 부동산 가격 등 여러 사회·경제적 요인들로 청년층을 위축시켰습니다.\n\n 모두가 이러한 이유로 '결혼을 포기'하는 것만은 아닙니다. 개인의 행복을 위해 '비혼을 선택'하는 청년들도 늘고 있습니다. 이처럼 최근 전통적인 가치관에서 벗어나 연애와 동거는 하면서 결혼이라는 제도에 묶여 관계에서 파생되는 책임을 벗어나 자유로운 삶을 추구하는 비혼주의자가 늘고 있습니다.\n\n 다만, 개인의 자유로운 선택에 따라 비혼주의를 하지만 주변에서는 아직 고운 시선으로 바라보지 않는 사람도 많습니다. 결혼이라는 제도에 대해서 선택이 아닌 필수라고 생각하는 사람들도 많지요. 개개인이 모여 사회가 형성되기 때문에 사회의 가장 작은 단위인 가족을 이루는 것도 사회 구성원으로서의 큰 역할이라고 생각하는 사람들도 있습니다.\n\n 여러분은 결혼을 꼭 해야 한다고 생각하시나요? 아니면 결혼은 선택의 문제라고 생각하시나요? 비혼주의에 대해 찬성하는 입장 반대를 선택하여 자신의 의견을 작성해주세요. 그리고 그렇게 생각한 이유에 대해서 작성해주세요.",
    "essay_type": "찬성반대",
    "essay_level": "2",
    "essay_len": 790,
    "essay_main_subject": "비혼주의자에 대한 본인의 의견"
  }
}