{
  "paragraph": [
    {
      "paragraph_txt": "나는 비혼주의에 대해 찬성하는 입장입니다.#@문장구분#높은 부동산값과 맞벌이에 따른 육아의 한계 등을 체감하고 있는 세대의 경우엔 비혼 포스팅 비중이 높다.#@문장구분# 비혼의 원인이 높은 부동산값도 한몫하고 있음을 여실히 드러내주고 있다.#@문장구분# 현실적으로 와닿지는 않지만, 워낙에 매체 등에서 비혼주의에 대한 심각성 등 그로인한 개인적인 시간들이 부족하다는 이유로 비혼주의에 대한 문제점 등이 많이 야기되고 있는 것 같다.#@문장구분#지역별로 조금의 차이는 있겠지만 가장 큰 부동산값 내가 살아야하 는 집에 대한 부담을 결혼을 하게 되면서 책임져야 하는 그런 부담감이 싫을 것 같다.#@문장구분# 한 두푼이 아니고 내 평생을 일해서 집마련을 하는데 올인하다고 생각하니 눈앞이 깜깜하다.#@문장구분# 집문제가 해결이 된다 하더라도 결혼후 임신과 출산에 대한 부담감은 어떻게 할 것인가.#@문장구분#단순하게 출산을 했다고 끝이아니라 아이가 태어남과 동시에 아이에게 들어가는 비용을 생각해보자.#@문장구분# 적어도 10년이상 아니 20년정도는 아이를 위해서 끊임없이 들어가는 비용은 한두푼이 아닐 것이다. #@문장구분#막상 아이를 낳고나서 기본적인 생활에 대한 것 조차도 부담이니 이마저도 현실적으로 부담일수 있을 것 같다.#@문장구분# 이로 비혼주의에 대한 부정적인 생각이 드는 것이다. #@문장구분#참으로 암담한 현실이지만 지금 10대의 미래세대를 겨냥한 출산 장려 및 부동산 안정 등에 대한 프로그램 및 대책이 시급하다고 생각된다.#@문장구분#그래서 젊은 우리세대들에 대한 인식개선을 그리고 후에 우리보다 더 어린세대도 마찬가지로 비혼주의에 대한 인식개선을 위해서는 국가적으로 많은 개선책 및 노력이 필요하다고 생각된다.#@문장구분# 그러한 현실적인 부분들에 대한 해결책이 하루빨리 나왔으면 좋겠다.#@문장구분#",
      "paragraph_len": 1089,
      "paragraph_id": "001"
    }
  ],
  "score": {
    "paragraph_score": [
      {
        "paragraph_scoreT": [
          2.6,
          3,
          3
        ],
        "paragraph_scoreT_detail": {
          "paragraph_scoreT_exp": [
            [
              3,
              3,
              2
            ],
            [
              3,
              3,
              3
            ],
            [
              3,
              3,
              3
            ]
          ]
        },
        "paragraph_scoreT_avg": 2.8666668,
        "paragraph_id": "001"
      }
    ],
    "essay_scoreT": [
      28.8,
      30,
      30
    ],
    "essay_scoreT_avg": 29.6,
    "essay_scoreT_detail": {
      "essay_scoreT_org": [
        [
          3,
          0,
          3,
          3
        ],
        [
          3,
          0,
          3,
          3
        ],
        [
          3,
          0,
          3,
          3
        ]
      ],
      "essay_scoreT_cont": [
        [
          3,
          3,
          3,
          3
        ],
        [
          3,
          3,
          3,
          3
        ],
        [
          3,
          3,
          3,
          3
        ]
      ],
      "essay_scoreT_exp": [
        [
          3,
          3,
          2
        ],
        [
          3,
          3,
          3
        ],
        [
          3,
          3,
          3
        ]
      ]
    }
  },
  "student": {
    "date": "2021.11.17",
    "student_educated": true,
    "student_grade": "고등_1학년",
    "location": "063",
    "student_grade_group": "고등",
    "student_reading": 2
  },
  "rubric": {
    "essay_grade": "고등_1학년",
    "organization_weight": {
      "org_paragraph": 0,
      "org": 3,
      "org_essay": 6,
      "org_coherence": 3,
      "org_quantity": 1
    },
    "essay_type": "찬성반대",
    "content_weight": {
      "con_clearance": 3,
      "con_novelty": 3,
      "con": 4,
      "con_prompt": 1,
      "con_description": 3
    },
    "essay_main_subject": "비혼주의자에 대한 본인의 의견",
    "expression_weight": {
      "exp_style": 4,
      "exp_grammar": 2,
      "exp_vocab": 4,
      "exp": 3
    }
  },
  "correction": [],
  "info": {
    "essay_id": "ESSAY_50504",
    "essay_prompt": " \"\"연애는 필수, 결혼은 선택! 가슴이 뛰는 대로 가면 돼\"\".\n\n 유명한 유행가의 노래 가사처럼, 청년들에게 결혼은 이제 필수가 아닌 하나의 선택 사항입니다. 연애, 결혼, 출산을 포기한다는 의미의 '3포세대'라는 말이 나오기 무섭게 5포 세대, N포세대까지 등장할 정도로 취업난, 치솟는 부동산 가격 등 여러 사회·경제적 요인들로 청년층을 위축시켰습니다.\n\n 모두가 이러한 이유로 '결혼을 포기'하는 것만은 아닙니다. 개인의 행복을 위해 '비혼을 선택'하는 청년들도 늘고 있습니다. 이처럼 최근 전통적인 가치관에서 벗어나 연애와 동거는 하면서 결혼이라는 제도에 묶여 관계에서 파생되는 책임을 벗어나 자유로운 삶을 추구하는 비혼주의자가 늘고 있습니다.\n\n 다만, 개인의 자유로운 선택에 따라 비혼주의를 하지만 주변에서는 아직 고운 시선으로 바라보지 않는 사람도 많습니다. 결혼이라는 제도에 대해서 선택이 아닌 필수라고 생각하는 사람들도 많지요. 개개인이 모여 사회가 형성되기 때문에 사회의 가장 작은 단위인 가족을 이루는 것도 사회 구성원으로서의 큰 역할이라고 생각하는 사람들도 있습니다.\n\n 여러분은 결혼을 꼭 해야 한다고 생각하시나요? 아니면 결혼은 선택의 문제라고 생각하시나요? 비혼주의에 대해 찬성하는 입장 반대를 선택하여 자신의 의견을 작성해주세요. 그리고 그렇게 생각한 이유에 대해서 작성해주세요.",
    "essay_type": "찬성반대",
    "essay_level": "2",
    "essay_len": 814,
    "essay_main_subject": "비혼주의자에 대한 본인의 의견"
  }
}