{
  "paragraph": [
    {
      "paragraph_txt": "사람들은 비혼주의를 선택한 사람들이 자신의 인생을 즐기는 사람들 보다 결혼 적령기를 놓친 그들이 비혼주의자라른 마지막 변명거리를 만들어 변명의 수단으로 사용하는 것이다 라고 말하는 것을 들은 적이 있습니다.#@문장구분# 그도 그럴것이 결혼은 타이밍이라는 말이 있습니다.#@문장구분# 결혼을 할수 있는 타이밍을 놓친 사람들이 자신의 눈높이에 맞는 결혼상대를 구하려고 하니 그 상대들은 더 나은 조건의 결혼상대를 원하고 이런 딜레마에 빠져 결혼이 갈수록 늦춰지고 본인의 결혼상대에 대한 기준이 낮아지지 않고 나이가 들어갈수록 추가 되어가는 기준의 상향선에 맞는 상대가 나타나지 않자 사람들의 눈총이 따가워서 나는 비혼주의자다라 고 변명을 하는 것일 수 도 있겠습니다.#@문장구분# 하지만 저는 이런 말을 하는 사람들의 생각이 참 불순하다라는 생각을 합니다.#@문장구분# 비혼주의를 선택하건, 눈높이가 높아서 결혼상대를 고르지 못하는 노처녀 노총각이 되건 모두 그들 자신의 인생이며 그들 자신의 선택사항인 것인데 이렇다 저렇다 평가하고 비아냥 거리며 말하는 사람들이 더 이상하게 느껴지고 그들은 얼마나 성공한 인생을 살고 있으며 얼마나 행복한 결혼생활을 영위하고 있는가에 대해 이야기 해보고 싶습니다.#@문장구분# 결혼은 하고 아이를 낳고 행복하게 산다는 것이 무조건적인 것은 아닙니다.#@문장구분# 행복한 결혼생활을 영위하기 위해서는 부부 서로간의 합의와 이해가 필요하고 부부중 누구라도 한명의 양보와 희생이 있기 때문에 그 행복이 유지되고 있다라는 사실을 알아야 될 것입니다.#@문장구분# 자녀를 낳아 자녀를 키우는 문제에 있어서 자신들이 하고 싶은대로 되지도 않으며 그들의 자녀들 또한 자신의 인생을 살아가기 위해 자신들의 문제에 대한 선택을 할 것이며 그것이 무조건적으로 옳고 바른 방향은 아닐 것입니다.#@문장구분# 고로 저는 사람들 각자 자신의 인생을 사는 것이니까 어떻게 살든 신경쓰지 말아달라는 이야기를 하고 싶고 이런 이유로 비혼주의에 찬성한다는 결론이 나오게되었습니다.#@문장구분#",
      "paragraph_len": 1121,
      "paragraph_id": "001"
    }
  ],
  "score": {
    "paragraph_score": [
      {
        "paragraph_scoreT": [
          3,
          2.8,
          2.4
        ],
        "paragraph_scoreT_detail": {
          "paragraph_scoreT_exp": [
            [
              3,
              3,
              3
            ],
            [
              2,
              3,
              3
            ],
            [
              2,
              3,
              2
            ]
          ]
        },
        "paragraph_scoreT_avg": 2.7333336,
        "paragraph_id": "001"
      }
    ],
    "essay_scoreT": [
      30,
      28.2,
      23.899998
    ],
    "essay_scoreT_avg": 27.366667,
    "essay_scoreT_detail": {
      "essay_scoreT_org": [
        [
          3,
          0,
          3,
          3
        ],
        [
          3,
          0,
          3,
          3
        ],
        [
          2,
          0,
          2,
          3
        ]
      ],
      "essay_scoreT_cont": [
        [
          3,
          3,
          3,
          3
        ],
        [
          3,
          2,
          3,
          3
        ],
        [
          2,
          2,
          2,
          3
        ]
      ],
      "essay_scoreT_exp": [
        [
          3,
          3,
          3
        ],
        [
          2,
          3,
          3
        ],
        [
          2,
          3,
          3
        ]
      ]
    }
  },
  "student": {
    "date": "2021.12.19",
    "student_educated": true,
    "student_grade": "고등_1학년",
    "location": "063",
    "student_grade_group": "고등",
    "student_reading": 3
  },
  "rubric": {
    "essay_grade": "고등_1학년",
    "organization_weight": {
      "org_paragraph": 0,
      "org": 3,
      "org_essay": 6,
      "org_coherence": 3,
      "org_quantity": 1
    },
    "essay_type": "찬성반대",
    "content_weight": {
      "con_clearance": 3,
      "con_novelty": 3,
      "con": 4,
      "con_prompt": 1,
      "con_description": 3
    },
    "essay_main_subject": "비혼주의자에 대한 본인의 의견",
    "expression_weight": {
      "exp_style": 4,
      "exp_grammar": 2,
      "exp_vocab": 4,
      "exp": 3
    }
  },
  "correction": [],
  "info": {
    "essay_id": "ESSAY_71345",
    "essay_prompt": " \"\"연애는 필수, 결혼은 선택! 가슴이 뛰는 대로 가면 돼\"\".\n\n 유명한 유행가의 노래 가사처럼, 청년들에게 결혼은 이제 필수가 아닌 하나의 선택 사항입니다. 연애, 결혼, 출산을 포기한다는 의미의 '3포세대'라는 말이 나오기 무섭게 5포 세대, N포세대까지 등장할 정도로 취업난, 치솟는 부동산 가격 등 여러 사회·경제적 요인들로 청년층을 위축시켰습니다.\n\n 모두가 이러한 이유로 '결혼을 포기'하는 것만은 아닙니다. 개인의 행복을 위해 '비혼을 선택'하는 청년들도 늘고 있습니다. 이처럼 최근 전통적인 가치관에서 벗어나 연애와 동거는 하면서 결혼이라는 제도에 묶여 관계에서 파생되는 책임을 벗어나 자유로운 삶을 추구하는 비혼주의자가 늘고 있습니다.\n\n 다만, 개인의 자유로운 선택에 따라 비혼주의를 하지만 주변에서는 아직 고운 시선으로 바라보지 않는 사람도 많습니다. 결혼이라는 제도에 대해서 선택이 아닌 필수라고 생각하는 사람들도 많지요. 개개인이 모여 사회가 형성되기 때문에 사회의 가장 작은 단위인 가족을 이루는 것도 사회 구성원으로서의 큰 역할이라고 생각하는 사람들도 있습니다.\n\n 여러분은 결혼을 꼭 해야 한다고 생각하시나요? 아니면 결혼은 선택의 문제라고 생각하시나요? 비혼주의에 대해 찬성하는 입장 반대를 선택하여 자신의 의견을 작성해주세요. 그리고 그렇게 생각한 이유에 대해서 작성해주세요.",
    "essay_type": "찬성반대",
    "essay_level": "2",
    "essay_len": 941,
    "essay_main_subject": "비혼주의자에 대한 본인의 의견"
  }
}