{
  "paragraph": [
    {
      "paragraph_txt": "저는 비혼주의에 대해 찬성하는 입장 입니다.#@문장구분# 이제는 일상의 흔한 언어가 되어버린 비혼이라는 비혼주의 아직은 딱히 그 단어가 저에게 실감나게 와 닿는 단어는 아니지만, 곧 저에게도 닥칠 부분이라 조금은 더 신중하게 생각되고 고민하게 됩니다.#@문장구분# 몇 년 후 비혼주의라는 말이 어떻게 또 바뀔지 그리고 몇 년후 어떤의식으로 사회적인 변화가 오게 될지는 모르겠지만, 지금보다는 더 심각한 그런 분위기가 되지 않을까?#@문장구분# 비혼주의를 생각해보고 나니 처음엔 나도 비혼주의의 부정적인 측에 서서 생각이 들었다.#@문장구분# 주택마련 결혼 그리고 출산 후 육아까지 생각만해도 머릿속이 복잡하고 어지러운 느낌 그 자체였다.#@문장구분# 그래서 과연 결혼을 하게 되면 저런 단어들이 나를 결혼이라는 생활속에서 힘들게 하겠지?#@문장구분# 출산이라는 어려움앞에서 힘들고 고단한 생활을 하겠지라고 생각을 하였다.#@문장구분# 하지만 인생살이나 결코 쉽거나 만만하지 않다는 정도는 알고 있다.#@문장구분# 공부역시 마찬가지 이지만 공부보다 더 내인생을 걸고 살아가는 문제이니 만큼 더 신중하고 고민을 하게 되는 부분이라고 생각한다.#@문장구분# 그렇다 보니 처음에는 비혼주의에 대해 적극적으로 찬성을 하는 생각이 있었으나, 내가 가보지도 해보지도 않은 거에 대한 두려움으로 인해 그리고 그러한 부분이 현실적으로 힘들다 하더라도 그런 이유로 포기하고 그냥 나 혼자 개인주의적으로 편하게 사는게 조금은 이기적인꺼라는 생각이 들었다.#@문장구분# 물론 나 혼자 누구의 구속이나 신경쓸일 없이 혼자서 편하게 산다면 좋겠지만, 나중에 어느정도 나이를 먹어서 조금은 외롭지 않을까라는 생각을 해보았다.#@문장구분# 이런 경제적인 부분들로 비혼이라는 단어를 선택하며 나의 인생을 외롭게 하고 싶지는 않은 것이다.#@문장구분# 몇 년 후 이에 대한 정책이 어떻게 바뀔지는 모르겠지만 나는 나의 개인적인 부분보다 나의 안정감 그리고 외롭지 않을 가족을 만들어 비혼주의에 대한 두려움보다는 결혼이라는 단어를 선택해야겠다.#@문장구분#",
      "paragraph_len": 1189,
      "paragraph_id": "001"
    }
  ],
  "score": {
    "paragraph_score": [
      {
        "paragraph_scoreT": [
          3,
          3,
          2.4
        ],
        "paragraph_scoreT_detail": {
          "paragraph_scoreT_exp": [
            [
              3,
              3,
              3
            ],
            [
              3,
              3,
              3
            ],
            [
              2,
              3,
              2
            ]
          ]
        },
        "paragraph_scoreT_avg": 2.8,
        "paragraph_id": "001"
      }
    ],
    "essay_scoreT": [
      30,
      24.9,
      24.5
    ],
    "essay_scoreT_avg": 26.466667,
    "essay_scoreT_detail": {
      "essay_scoreT_org": [
        [
          3,
          0,
          3,
          3
        ],
        [
          2,
          0,
          2,
          3
        ],
        [
          3,
          0,
          2,
          3
        ]
      ],
      "essay_scoreT_cont": [
        [
          3,
          3,
          3,
          3
        ],
        [
          3,
          2,
          3,
          2
        ],
        [
          2,
          2,
          2,
          3
        ]
      ],
      "essay_scoreT_exp": [
        [
          3,
          3,
          3
        ],
        [
          3,
          3,
          3
        ],
        [
          2,
          3,
          2
        ]
      ]
    }
  },
  "student": {
    "date": "2021.12.21",
    "student_educated": true,
    "student_grade": "고등_1학년",
    "location": "063",
    "student_grade_group": "고등",
    "student_reading": 1
  },
  "rubric": {
    "essay_grade": "고등_1학년",
    "organization_weight": {
      "org_paragraph": 0,
      "org": 3,
      "org_essay": 6,
      "org_coherence": 3,
      "org_quantity": 1
    },
    "essay_type": "찬성반대",
    "content_weight": {
      "con_clearance": 3,
      "con_novelty": 3,
      "con": 4,
      "con_prompt": 1,
      "con_description": 3
    },
    "essay_main_subject": "비혼주의자에 대한 본인의 의견",
    "expression_weight": {
      "exp_style": 4,
      "exp_grammar": 2,
      "exp_vocab": 4,
      "exp": 3
    }
  },
  "correction": [],
  "info": {
    "essay_id": "ESSAY_71356",
    "essay_prompt": " \"\"연애는 필수, 결혼은 선택! 가슴이 뛰는 대로 가면 돼\"\".\n\n 유명한 유행가의 노래 가사처럼, 청년들에게 결혼은 이제 필수가 아닌 하나의 선택 사항입니다. 연애, 결혼, 출산을 포기한다는 의미의 '3포세대'라는 말이 나오기 무섭게 5포 세대, N포세대까지 등장할 정도로 취업난, 치솟는 부동산 가격 등 여러 사회·경제적 요인들로 청년층을 위축시켰습니다.\n\n 모두가 이러한 이유로 '결혼을 포기'하는 것만은 아닙니다. 개인의 행복을 위해 '비혼을 선택'하는 청년들도 늘고 있습니다. 이처럼 최근 전통적인 가치관에서 벗어나 연애와 동거는 하면서 결혼이라는 제도에 묶여 관계에서 파생되는 책임을 벗어나 자유로운 삶을 추구하는 비혼주의자가 늘고 있습니다.\n\n 다만, 개인의 자유로운 선택에 따라 비혼주의를 하지만 주변에서는 아직 고운 시선으로 바라보지 않는 사람도 많습니다. 결혼이라는 제도에 대해서 선택이 아닌 필수라고 생각하는 사람들도 많지요. 개개인이 모여 사회가 형성되기 때문에 사회의 가장 작은 단위인 가족을 이루는 것도 사회 구성원으로서의 큰 역할이라고 생각하는 사람들도 있습니다.\n\n 여러분은 결혼을 꼭 해야 한다고 생각하시나요? 아니면 결혼은 선택의 문제라고 생각하시나요? 비혼주의에 대해 찬성하는 입장 반대를 선택하여 자신의 의견을 작성해주세요. 그리고 그렇게 생각한 이유에 대해서 작성해주세요.",
    "essay_type": "찬성반대",
    "essay_level": "2",
    "essay_len": 929,
    "essay_main_subject": "비혼주의자에 대한 본인의 의견"
  }
}