{
  "paragraph": [
    {
      "paragraph_txt": "저는 비혼주의자에 대해 찬성이라고 생가합니다.#@문장구분# 비혼주의자란 '결혼은 필수가 아니라,선택'이라고 생각하는 사람들을 일컫는 말이라고 합니다.#@문장구분# 이 말은 즉, 우리는 상대방의 의견에 대해서 왈가왈부 할 수 없고, 상대방의 의견을 존중 할 수 있어야 되며, 배려 할 줄 알아야 된다고 생각합니다.#@문장구분# 사람의 결정에는 모든 이유가 있다고 생각합니다.#@문장구분# 그 어떠한 이유라도, 존중할 줄 알아야 한다고 생각합니다.#@문장구분# 네이버에 비혼주의자 라고 치면 연관검색어에는 바로 '비혼주의자 마리아' 라는 제목의 책이 나옵니다.#@문장구분# 이 책은 종교를 바탕으로 쓰여졌으며, 주인공인 마리아는 파혼 후 비혼주의자를 선언하며 아픈 이야기가 숨어있습니다.#@문장구분# 우리는 이 아픔과 힘듦을 무시할 수 없고, 존중할 수 있어야 합니다.#@문장구분# 하지만 아픔만 있어, 비혼주의자를 선언 하는 것만은 아닙니다.#@문장구분# 결혼의 부담과 압박감 때문에 연애만 하는 사람들이 있는가 하면, 경제적인 이유로는 독박 육아, 대리 효도 ,자존감 하락 등으로 인해서 부정적인 결혼문화의 인식으로 결혼을 거부하는 사람들도 있습니다. #@문장구분#다른 사람들 보다 자신에게 좀 더 집중하기 위해서, 자신에게 좀 더 많은 시간을 투자하기 위해서 결혼을 안하는 사람들도 있습니다.#@문장구분# 결혼을 했을 때 만족감을 느끼는 사람들이 있는가 하면, 혼자만의 사간을 갖고, 합리적인 시간을 가지거나 ,자유로운 시간을 가졌을 때 만족감을 느끼는 사람들도 있습니다.#@문장구분# 과연 우리가 이런 사람들의 생각을 무시할 수 있을까요?#@문장구분#,　결혼하라는 강요는 선택을 만들 수 없습니다.#@문장구분# 강요는 강요일뿐 선택은 선택일뿐, 본인의 선택을 존중해주며, 사소한 이유라도 이해해주며, 아픔을 배려 할 줄 알아야 된다고 생각합니다.#@문장구분# 세상에 옳고 그름의 선택의 길은 없습니다.#@문장구분# 오직 존중뿐의 길만 있습니다.#@문장구분# 앞으로 많은 사람들이 존중의 길만 걷기를 바라며..#@문장구분#",
      "paragraph_len": 1255,
      "paragraph_id": "001"
    }
  ],
  "score": {
    "paragraph_score": [
      {
        "paragraph_scoreT": [
          3,
          3,
          2.6
        ],
        "paragraph_scoreT_detail": {
          "paragraph_scoreT_exp": [
            [
              3,
              3,
              3
            ],
            [
              3,
              3,
              3
            ],
            [
              3,
              2,
              3
            ]
          ]
        },
        "paragraph_scoreT_avg": 2.8666668,
        "paragraph_id": "001"
      }
    ],
    "essay_scoreT": [
      28.2,
      26.6,
      27.199999
    ],
    "essay_scoreT_avg": 27.333334,
    "essay_scoreT_detail": {
      "essay_scoreT_org": [
        [
          2,
          0,
          3,
          3
        ],
        [
          2,
          0,
          3,
          3
        ],
        [
          3,
          0,
          3,
          3
        ]
      ],
      "essay_scoreT_cont": [
        [
          3,
          3,
          3,
          3
        ],
        [
          3,
          2,
          2,
          3
        ],
        [
          2,
          3,
          2,
          3
        ]
      ],
      "essay_scoreT_exp": [
        [
          3,
          3,
          3
        ],
        [
          3,
          3,
          3
        ],
        [
          3,
          2,
          3
        ]
      ]
    }
  },
  "student": {
    "date": "2021.11.29",
    "student_educated": true,
    "student_grade": "고등_1학년",
    "location": "041",
    "student_grade_group": "고등",
    "student_reading": 1
  },
  "rubric": {
    "essay_grade": "고등_1학년",
    "organization_weight": {
      "org_paragraph": 0,
      "org": 3,
      "org_essay": 6,
      "org_coherence": 3,
      "org_quantity": 1
    },
    "essay_type": "찬성반대",
    "content_weight": {
      "con_clearance": 3,
      "con_novelty": 3,
      "con": 4,
      "con_prompt": 1,
      "con_description": 3
    },
    "essay_main_subject": "비혼주의자에 대한 본인의 의견",
    "expression_weight": {
      "exp_style": 4,
      "exp_grammar": 2,
      "exp_vocab": 4,
      "exp": 3
    }
  },
  "correction": [],
  "info": {
    "essay_id": "ESSAY_54690",
    "essay_prompt": " \"\"연애는 필수, 결혼은 선택! 가슴이 뛰는 대로 가면 돼\"\".\n\n 유명한 유행가의 노래 가사처럼, 청년들에게 결혼은 이제 필수가 아닌 하나의 선택 사항입니다. 연애, 결혼, 출산을 포기한다는 의미의 '3포세대'라는 말이 나오기 무섭게 5포 세대, N포세대까지 등장할 정도로 취업난, 치솟는 부동산 가격 등 여러 사회·경제적 요인들로 청년층을 위축시켰습니다.\n\n 모두가 이러한 이유로 '결혼을 포기'하는 것만은 아닙니다. 개인의 행복을 위해 '비혼을 선택'하는 청년들도 늘고 있습니다. 이처럼 최근 전통적인 가치관에서 벗어나 연애와 동거는 하면서 결혼이라는 제도에 묶여 관계에서 파생되는 책임을 벗어나 자유로운 삶을 추구하는 비혼주의자가 늘고 있습니다.\n\n 다만, 개인의 자유로운 선택에 따라 비혼주의를 하지만 주변에서는 아직 고운 시선으로 바라보지 않는 사람도 많습니다. 결혼이라는 제도에 대해서 선택이 아닌 필수라고 생각하는 사람들도 많지요. 개개인이 모여 사회가 형성되기 때문에 사회의 가장 작은 단위인 가족을 이루는 것도 사회 구성원으로서의 큰 역할이라고 생각하는 사람들도 있습니다.\n\n 여러분은 결혼을 꼭 해야 한다고 생각하시나요? 아니면 결혼은 선택의 문제라고 생각하시나요? 비혼주의에 대해 찬성하는 입장 반대를 선택하여 자신의 의견을 작성해주세요. 그리고 그렇게 생각한 이유에 대해서 작성해주세요.",
    "essay_type": "찬성반대",
    "essay_level": "2",
    "essay_len": 895,
    "essay_main_subject": "비혼주의자에 대한 본인의 의견"
  }
}