{
  "paragraph": [
    {
      "paragraph_txt": "저는 결혼에 부정적인 면을 드러내 보고자 합니다.#@문장구분# 동서고금을 막론하고 인구가 곧 국력인 국가에서는 출산율을 올리기 위하여 지금도, 앞으로도 결혼을 장려할 것입니다.#@문장구분# 하지만 국가의 목표는 출산율이지, 결혼 그 자체의 행복이 아니라는 것을 염두에 두자, 각종 육아에 관한 혜택은 점점 늘어날지는 모르나, 결혼의 행복도를 올리기 위한 정책은 찾아보기 힘듭니다.#@문장구분# 미혼부와 미혼모에게 혜택은 주어져도 아이가 없는 부부에게 주어지는 혜택은 한정적입니다.#@문장구분# 특히 아이를 낳더라도 대부분의 나라들은 덮어놓고 키우기를 강요합니다.#@문장구분# 일부 선진국에서는 미성년자의 친자 확인을 불법으로 규정하고 있고, 친자 확인 소송 기간에 제한을 걸어놓는 경우도 존재합니다.#@문장구분# 물론 여자의 입장에서도 아이가 뒤바뀌는 등 피해가 있을 수 있으나, 이 경우는 현대에 들어와서 매우 극소수에 불과합니다.#@문장구분# 상기한 내용은 많은 선진국에서 결혼은 기피하고 미혼부/미혼모가 늘어날 수밖에 없는 이유이기도 합니다.#@문장구분# 가장 원초적인 욕구 중 하나인, 성욕의 문제도 존재합니다.#@문장구분# 이말년의 명언인 \"결혼은 섹스를 위한 것이 아닙니다 여러분.\"을 명심해야합니다.#@문장구분# 딱히 속궁합을 보고 결혼한 게 아니라면 아무래도 서로 불완전 연소가 되기 십상이겠지만 그나마 서로 하고 싶다는 욕구라도 남아있다면 파탄까지는 이르지 않겠지만, 한 쪽의 성욕이 아예 사라져버리면 남은 한 쪽의 결혼 생활은 힘들지 않을까 싶습니다.#@문장구분# 저는 이러한 이유를 토대로 비혼주의자를 응원하는 비혼주의자입니다.#@문장구분# 아직 어린나이지만 주변엔 늘 가까이서 부부의 삶을 간접적으로 경험해볼 수 있었고 제 결과는 이러합니다.#@문장구분#",
      "paragraph_len": 1051,
      "paragraph_id": "001"
    }
  ],
  "score": {
    "paragraph_score": [
      {
        "paragraph_scoreT": [
          2.6,
          2.8,
          2.6
        ],
        "paragraph_scoreT_detail": {
          "paragraph_scoreT_exp": [
            [
              3,
              3,
              2
            ],
            [
              2,
              3,
              3
            ],
            [
              3,
              2,
              3
            ]
          ]
        },
        "paragraph_scoreT_avg": 2.6666665,
        "paragraph_id": "001"
      }
    ],
    "essay_scoreT": [
      23.899998,
      24.5,
      27.599998
    ],
    "essay_scoreT_avg": 25.333334,
    "essay_scoreT_detail": {
      "essay_scoreT_org": [
        [
          2,
          0,
          3,
          2
        ],
        [
          2,
          0,
          3,
          2
        ],
        [
          3,
          0,
          3,
          3
        ]
      ],
      "essay_scoreT_cont": [
        [
          3,
          2,
          2,
          2
        ],
        [
          3,
          2,
          2,
          2
        ],
        [
          2,
          3,
          3,
          3
        ]
      ],
      "essay_scoreT_exp": [
        [
          3,
          3,
          2
        ],
        [
          2,
          3,
          3
        ],
        [
          3,
          2,
          3
        ]
      ]
    }
  },
  "student": {
    "date": "2021.12.03",
    "student_educated": true,
    "student_grade": "고등_1학년",
    "location": "063",
    "student_grade_group": "고등",
    "student_reading": 1
  },
  "rubric": {
    "essay_grade": "고등_1학년",
    "organization_weight": {
      "org_paragraph": 0,
      "org": 3,
      "org_essay": 6,
      "org_coherence": 3,
      "org_quantity": 1
    },
    "essay_type": "찬성반대",
    "content_weight": {
      "con_clearance": 3,
      "con_novelty": 3,
      "con": 4,
      "con_prompt": 1,
      "con_description": 3
    },
    "essay_main_subject": "비혼주의자에 대한 본인의 의견",
    "expression_weight": {
      "exp_style": 4,
      "exp_grammar": 2,
      "exp_vocab": 4,
      "exp": 3
    }
  },
  "correction": [],
  "info": {
    "essay_id": "ESSAY_54710",
    "essay_prompt": " \"\"연애는 필수, 결혼은 선택! 가슴이 뛰는 대로 가면 돼\"\".\n\n 유명한 유행가의 노래 가사처럼, 청년들에게 결혼은 이제 필수가 아닌 하나의 선택 사항입니다. 연애, 결혼, 출산을 포기한다는 의미의 '3포세대'라는 말이 나오기 무섭게 5포 세대, N포세대까지 등장할 정도로 취업난, 치솟는 부동산 가격 등 여러 사회·경제적 요인들로 청년층을 위축시켰습니다.\n\n 모두가 이러한 이유로 '결혼을 포기'하는 것만은 아닙니다. 개인의 행복을 위해 '비혼을 선택'하는 청년들도 늘고 있습니다. 이처럼 최근 전통적인 가치관에서 벗어나 연애와 동거는 하면서 결혼이라는 제도에 묶여 관계에서 파생되는 책임을 벗어나 자유로운 삶을 추구하는 비혼주의자가 늘고 있습니다.\n\n 다만, 개인의 자유로운 선택에 따라 비혼주의를 하지만 주변에서는 아직 고운 시선으로 바라보지 않는 사람도 많습니다. 결혼이라는 제도에 대해서 선택이 아닌 필수라고 생각하는 사람들도 많지요. 개개인이 모여 사회가 형성되기 때문에 사회의 가장 작은 단위인 가족을 이루는 것도 사회 구성원으로서의 큰 역할이라고 생각하는 사람들도 있습니다.\n\n 여러분은 결혼을 꼭 해야 한다고 생각하시나요? 아니면 결혼은 선택의 문제라고 생각하시나요? 비혼주의에 대해 찬성하는 입장 반대를 선택하여 자신의 의견을 작성해주세요. 그리고 그렇게 생각한 이유에 대해서 작성해주세요.",
    "essay_type": "찬성반대",
    "essay_level": "2",
    "essay_len": 792,
    "essay_main_subject": "비혼주의자에 대한 본인의 의견"
  }
}