{
  "paragraph": [
    {
      "paragraph_txt": "비혼주의에 찬성 합니다.#@문장구분#\n \n나는 최근에 인문학 특강을 들었는데,거기서 시인 한분이 결혼과 연애는 다르다고 말하는 것을 들었다.#@문장구분# 연애는 예쁘고 잘생긴 사람을 선호하고 만나더라도 결혼 만큼은 착한 사람을 만나야 한다고 말했다.#@문장구분#\n \n착한 사람을 만나면 돈이 많고 외모가 잘생긴 사람들 보다 오래 함께 살수 있다는 말이였다.#@문장구분#\n \n그리고 결혼은 당연히 금전적인 부분이 뒷받침 되어야만 할 수 있는 것이다.#@문장구분#\n \n요즘은 결혼을 하게 되면 돈이 너무 많이 든다.#@문장구분# 당연히 집값도 많이 올랐고 모든 물가도 많이 올랐기 때문에 결혼하기 전부터 돈이많이 필요하다. #@문장구분#코로나 때문에 신혼여행을 해외로 갈수는 없지만 그렇다고 해서 돈이 안나가는건 아니다 다른 부분에서 돈이 많이 필요하기 때문이다.#@문장구분#\n \n사랑하는 사람과 결혼을 하고 싶어도 금전적인 문제로 어려움을 겪는 사람이 많고 그것 때문에 싸우다가 파혼하는 사람들도 있다고 한다.#@문장구분# \n \n그런 부분들을 봤을 때 비혼주의 자들은 그런 걱정을 할 필요가 없다. 그런 면에서는 나는 비혼주의도 나쁘지 않다고 생각된다.#@문장구분# 비혼주의는 경제적인 면에서도 힘들지 않을 것 같기 때문이다.#@문장구분# \n \n나는 사람들이 결혼에 찬성하든 반대하든 다른 사람에게 결혼을 강요해서는 안된다고 생각한다.#@문장구분#\n \n내가 결혼을 하고싶으면 하는거고 결혼이 하기싫으면 안하면 되는거 아닌가 라고 생각된다.#@문장구분#\n \n결혼이냐 비혼이냐에 따라 상대방에 대해 편견이나 선입견을 가지고 대해서도 안된다는 입장이다.#@문장구분#\n \n따라서 굳이 제도와 형식에 얽메일 필요 없이 결혼을 할지 안할지는 자신이 결정 하면 된다고 생각한다.#@문장구분# 결혼 제도 자체가 중요하지 않다고 생각하기에 나는 비혼에 찬성한다.#@문장구분#",
      "paragraph_len": 1135,
      "paragraph_id": "001"
    }
  ],
  "score": {
    "paragraph_score": [
      {
        "paragraph_scoreT": [
          3,
          3,
          2.4
        ],
        "paragraph_scoreT_detail": {
          "paragraph_scoreT_exp": [
            [
              3,
              3,
              3
            ],
            [
              3,
              3,
              3
            ],
            [
              2,
              3,
              2
            ]
          ]
        },
        "paragraph_scoreT_avg": 2.8,
        "paragraph_id": "001"
      }
    ],
    "essay_scoreT": [
      30,
      25.5,
      22.7
    ],
    "essay_scoreT_avg": 26.066666,
    "essay_scoreT_detail": {
      "essay_scoreT_org": [
        [
          3,
          0,
          3,
          3
        ],
        [
          2,
          0,
          3,
          2
        ],
        [
          2,
          0,
          2,
          3
        ]
      ],
      "essay_scoreT_cont": [
        [
          3,
          3,
          3,
          3
        ],
        [
          3,
          2,
          3,
          2
        ],
        [
          2,
          2,
          2,
          3
        ]
      ],
      "essay_scoreT_exp": [
        [
          3,
          3,
          3
        ],
        [
          3,
          3,
          3
        ],
        [
          2,
          3,
          2
        ]
      ]
    }
  },
  "student": {
    "date": "2021.12.13",
    "student_educated": true,
    "student_grade": "고등_1학년",
    "location": "063",
    "student_grade_group": "고등",
    "student_reading": 2
  },
  "rubric": {
    "essay_grade": "고등_1학년",
    "organization_weight": {
      "org_paragraph": 0,
      "org": 3,
      "org_essay": 6,
      "org_coherence": 3,
      "org_quantity": 1
    },
    "essay_type": "찬성반대",
    "content_weight": {
      "con_clearance": 3,
      "con_novelty": 3,
      "con": 4,
      "con_prompt": 1,
      "con_description": 3
    },
    "essay_main_subject": "비혼주의자에 대한 본인의 의견",
    "expression_weight": {
      "exp_style": 4,
      "exp_grammar": 2,
      "exp_vocab": 4,
      "exp": 3
    }
  },
  "correction": [],
  "info": {
    "essay_id": "ESSAY_62882",
    "essay_prompt": " \"\"연애는 필수, 결혼은 선택! 가슴이 뛰는 대로 가면 돼\"\".\n\n 유명한 유행가의 노래 가사처럼, 청년들에게 결혼은 이제 필수가 아닌 하나의 선택 사항입니다. 연애, 결혼, 출산을 포기한다는 의미의 '3포세대'라는 말이 나오기 무섭게 5포 세대, N포세대까지 등장할 정도로 취업난, 치솟는 부동산 가격 등 여러 사회·경제적 요인들로 청년층을 위축시켰습니다.\n\n 모두가 이러한 이유로 '결혼을 포기'하는 것만은 아닙니다. 개인의 행복을 위해 '비혼을 선택'하는 청년들도 늘고 있습니다. 이처럼 최근 전통적인 가치관에서 벗어나 연애와 동거는 하면서 결혼이라는 제도에 묶여 관계에서 파생되는 책임을 벗어나 자유로운 삶을 추구하는 비혼주의자가 늘고 있습니다.\n\n 다만, 개인의 자유로운 선택에 따라 비혼주의를 하지만 주변에서는 아직 고운 시선으로 바라보지 않는 사람도 많습니다. 결혼이라는 제도에 대해서 선택이 아닌 필수라고 생각하는 사람들도 많지요. 개개인이 모여 사회가 형성되기 때문에 사회의 가장 작은 단위인 가족을 이루는 것도 사회 구성원으로서의 큰 역할이라고 생각하는 사람들도 있습니다.\n\n 여러분은 결혼을 꼭 해야 한다고 생각하시나요? 아니면 결혼은 선택의 문제라고 생각하시나요? 비혼주의에 대해 찬성하는 입장 반대를 선택하여 자신의 의견을 작성해주세요. 그리고 그렇게 생각한 이유에 대해서 작성해주세요.",
    "essay_type": "찬성반대",
    "essay_level": "2",
    "essay_len": 815,
    "essay_main_subject": "비혼주의자에 대한 본인의 의견"
  }
}