{
  "paragraph": [
    {
      "paragraph_txt": "현대사회에서의 결혼은 의무와 필수가 아닙니다. #@문장구분#저희어머니와 아버지는 맞선을 보고 결혼을 하셨다고 했습니다.#@문장구분# 그 당시에는 맞선을 보고 결혼 하는 경우가 많았는데 혼기가 차면 집안 어른들의 걱정에 결혼의사가 없더라도 의무적으로 맞선을 봐야 했고 서로 조건이 맞고 호감이 가는 정도라면 집안에서 결혼을 서둘러 얼렁뚱땅 결혼을 하게 되는 일이 허다했다고 합니다.#@문장구분# 죽도록 사랑하는 것도 아닌데 결혼을 조건으로 만남을 갖고, 조건이 부합하다면 결혼을 한다는 제도 자체가 이해가 되질 않았지만 더욱 기가 막힌건 그 당시 저희 부모님의 나이가 20대 중반밖에 되지 않았다는 점입니다.#@문장구분# 20대 중반이면 이제 갓 대학교를 졸업하고 취업준비를 할 정도의 나이인데 현대사회를 살아가는 젊은 세대의 입장에서는 도저히 납득되지 않을 내용일 것입니다. #@문장구분#저희 어머니가 이토록 젊은 나이게 결혼이 아닌 다른 선택을 했다면 어머니의 인생은 어땠을까요? #@문장구분#비록 현재는 어떤이의 부인으로 어떤이의 어머니로 이 두가지의 삶을 살아가고 계시지만 만약 그 때 결혼이 아닌 비혼을 선택했더라면 누군가의 부인이나 어머니가 아닌 본인의 이름 석자로 살아가고 계시지 않을까 하는 생각을 해보았습니다.#@문장구분# 그 동안 너무 가족을 위해 희생하고 헌신하신 어머니의 삶이 너무나 감사하면서도 한편으로는 안타깝기도 합니다.#@문장구분#어머니께서도 조금 더 늦은 시대에 태어나셨다면 본인의 인생을 더욱 즐기고 본인의 꿈을 펼칠 수 있는 기회들이 많았을텐데 하는 생각에 지금이라도 어머니의 꿈을 응원해 드려야 겠다는 생각을 했습니다.#@문장구분# 이처럼 결혼은 예전과는 다르게 현대사회에서는 본인의 결정으로 이루어지는 것입니다.#@문장구분# 저는 그래서 저의 주체적인 삶을 살고싶고 누군가의 어머니가 아니고 누군가의 배우자가 아닌 나 자신의 이름으로 살아가고자 하는 생각을 하고 있습니다.#@문장구분#",
      "paragraph_len": 1106,
      "paragraph_id": "001"
    }
  ],
  "score": {
    "paragraph_score": [
      {
        "paragraph_scoreT": [
          3,
          3,
          3
        ],
        "paragraph_scoreT_detail": {
          "paragraph_scoreT_exp": [
            [
              3,
              3,
              3
            ],
            [
              3,
              3,
              3
            ],
            [
              3,
              3,
              3
            ]
          ]
        },
        "paragraph_scoreT_avg": 3,
        "paragraph_id": "001"
      }
    ],
    "essay_scoreT": [
      27,
      28.4,
      29.1
    ],
    "essay_scoreT_avg": 28.166666,
    "essay_scoreT_detail": {
      "essay_scoreT_org": [
        [
          2,
          0,
          3,
          3
        ],
        [
          3,
          0,
          3,
          3
        ],
        [
          3,
          0,
          2,
          3
        ]
      ],
      "essay_scoreT_cont": [
        [
          3,
          2,
          3,
          3
        ],
        [
          2,
          3,
          2,
          3
        ],
        [
          3,
          3,
          3,
          3
        ]
      ],
      "essay_scoreT_exp": [
        [
          3,
          3,
          3
        ],
        [
          3,
          3,
          3
        ],
        [
          3,
          3,
          3
        ]
      ]
    }
  },
  "student": {
    "date": "2021.12.23",
    "student_educated": true,
    "student_grade": "고등_1학년",
    "location": "063",
    "student_grade_group": "고등",
    "student_reading": 1
  },
  "rubric": {
    "essay_grade": "고등_1학년",
    "organization_weight": {
      "org_paragraph": 0,
      "org": 3,
      "org_essay": 6,
      "org_coherence": 3,
      "org_quantity": 1
    },
    "essay_type": "찬성반대",
    "content_weight": {
      "con_clearance": 3,
      "con_novelty": 3,
      "con": 4,
      "con_prompt": 1,
      "con_description": 3
    },
    "essay_main_subject": "비혼주의자에 대한 본인의 의견",
    "expression_weight": {
      "exp_style": 4,
      "exp_grammar": 2,
      "exp_vocab": 4,
      "exp": 3
    }
  },
  "correction": [],
  "info": {
    "essay_id": "ESSAY_76717",
    "essay_prompt": " \"\"연애는 필수, 결혼은 선택! 가슴이 뛰는 대로 가면 돼\"\".\n\n 유명한 유행가의 노래 가사처럼, 청년들에게 결혼은 이제 필수가 아닌 하나의 선택 사항입니다. 연애, 결혼, 출산을 포기한다는 의미의 '3포세대'라는 말이 나오기 무섭게 5포 세대, N포세대까지 등장할 정도로 취업난, 치솟는 부동산 가격 등 여러 사회·경제적 요인들로 청년층을 위축시켰습니다.\n\n 모두가 이러한 이유로 '결혼을 포기'하는 것만은 아닙니다. 개인의 행복을 위해 '비혼을 선택'하는 청년들도 늘고 있습니다. 이처럼 최근 전통적인 가치관에서 벗어나 연애와 동거는 하면서 결혼이라는 제도에 묶여 관계에서 파생되는 책임을 벗어나 자유로운 삶을 추구하는 비혼주의자가 늘고 있습니다.\n\n 다만, 개인의 자유로운 선택에 따라 비혼주의를 하지만 주변에서는 아직 고운 시선으로 바라보지 않는 사람도 많습니다. 결혼이라는 제도에 대해서 선택이 아닌 필수라고 생각하는 사람들도 많지요. 개개인이 모여 사회가 형성되기 때문에 사회의 가장 작은 단위인 가족을 이루는 것도 사회 구성원으로서의 큰 역할이라고 생각하는 사람들도 있습니다.\n\n 여러분은 결혼을 꼭 해야 한다고 생각하시나요? 아니면 결혼은 선택의 문제라고 생각하시나요? 비혼주의에 대해 찬성하는 입장 반대를 선택하여 자신의 의견을 작성해주세요. 그리고 그렇게 생각한 이유에 대해서 작성해주세요.",
    "essay_type": "찬성반대",
    "essay_level": "2",
    "essay_len": 887,
    "essay_main_subject": "비혼주의자에 대한 본인의 의견"
  }
}