{
  "paragraph": [
    {
      "paragraph_txt": "작년에 '그놈이 그놈이다'라는 드라마를 정말 재미있게 시청한 적이 있습니다.#@문장구분# 여자 주인공이 비혼주의자로 나오며 그녀를 둘러싼 잘생긴 남자들과의 로맨스코미디물이었습니다.#@문장구분# 주인공은 결국 사랑하는 사람을 찾아 결혼할 것이라는 암시를 남기며 끝났지만 비혼주의를 하는 여성이 늘어나고 있는 요즘 상황에 조금이나마 거부감 없게 대중들에게 다가갔으면 하는 마음에 만들어진 거 같습니다.#@문장구분# 드라마에서는 주인공이 비혼식을 하며 남자주인공을 만납니다.#@문장구분# 자신이 결혼을 하지 않겠다며 모든 가족들 앞에서 비혼선언을 하며 비혼식을 하게됩니다. #@문장구분#그런데 요즘 실제 비혼자들 사이에서 비혼식이 스스로와의 언약을 하는 의미로 싱글웨딩으로 불리우며 유행한다고 합니다.#@문장구분# 이 식을 진행하였을 때 부모님이나 자신을 아는 지인들로부터 왜 결혼하지 않느냐 언제 결혼하느냐 등 결혼에 대한 질문이나 압박에서 공개적으로 벗어나기 위한 수단으로 사용되는 것이라고 합니다.#@문장구분# 이러한 장면을 보면서 저는 꽤나 흥미로웠으며 좋다고 생각했습니다.#@문장구분# 저는 비혼에 찬성입니다.#@문장구분# 결혼을 하게 된다면 여성의 경우 가장 큰 부분이 출산과 육아의 문제가 닥칩니다.#@문장구분#이러한 문제를 우리 사회에서는 해결해 주지 못하고 모두 여성이 도맡아 처리하여야 하기 때문에 사회적 모든 지위를 내려놓아야 하며 경력단절이 되기도 합니다,#@문장구분# 뿐만아니라 맞벌이 부부로써 생활을 하지 못하므로 경제적으로 많은 한계에 부딪치게 됩니다.#@문장구분# 하지만 비혼을 하게 되면 혼자 생활하기 때문에  나의 주체적인 생활과 여유를 즐길 수 있다는 장점이 있으며 나에 대한 책임만 지게 되면 된다는 이유가 있습니다.#@문장구분# 남성의 경우도 가장으로써 부담과 의무가 없어지기 때문에 비혼선택 남성들이 많아지는 이유가 될 것입니다. #@문장구분#자신의 인생의 자신의 것인데 그들이 선택한 비혼주의자의 삶을 누가 이래라 저래라 한다는 것은 말도 안된다고 생각합니다.#@문장구분# 자신의 삶의 주체는 나 이며 내 삶의 선택은 내가 하는 것입니다.#@문장구분# 그래서 그들이 선택한 그들의 삶을 인정해 주어야 하고 이러한 이유로 저는 비혼주의를 찬성합니다.#@문장구분#",
      "paragraph_len": 1338,
      "paragraph_id": "001"
    }
  ],
  "score": {
    "paragraph_score": [
      {
        "paragraph_scoreT": [
          3,
          2.4,
          2.8
        ],
        "paragraph_scoreT_detail": {
          "paragraph_scoreT_exp": [
            [
              3,
              3,
              3
            ],
            [
              2,
              3,
              2
            ],
            [
              2,
              3,
              3
            ]
          ]
        },
        "paragraph_scoreT_avg": 2.7333333,
        "paragraph_id": "001"
      }
    ],
    "essay_scoreT": [
      30,
      26.100002,
      29.4
    ],
    "essay_scoreT_avg": 28.5,
    "essay_scoreT_detail": {
      "essay_scoreT_org": [
        [
          3,
          0,
          3,
          3
        ],
        [
          3,
          0,
          2,
          3
        ],
        [
          3,
          0,
          3,
          3
        ]
      ],
      "essay_scoreT_cont": [
        [
          3,
          3,
          3,
          3
        ],
        [
          3,
          2,
          3,
          3
        ],
        [
          3,
          3,
          3,
          3
        ]
      ],
      "essay_scoreT_exp": [
        [
          3,
          3,
          3
        ],
        [
          2,
          3,
          2
        ],
        [
          2,
          3,
          3
        ]
      ]
    }
  },
  "student": {
    "date": "2021.12.13",
    "student_educated": true,
    "student_grade": "고등_1학년",
    "location": "063",
    "student_grade_group": "고등",
    "student_reading": 2
  },
  "rubric": {
    "essay_grade": "고등_1학년",
    "organization_weight": {
      "org_paragraph": 0,
      "org": 3,
      "org_essay": 6,
      "org_coherence": 3,
      "org_quantity": 1
    },
    "essay_type": "찬성반대",
    "content_weight": {
      "con_clearance": 3,
      "con_novelty": 3,
      "con": 4,
      "con_prompt": 1,
      "con_description": 3
    },
    "essay_main_subject": "비혼주의자에 대한 본인의 의견",
    "expression_weight": {
      "exp_style": 4,
      "exp_grammar": 2,
      "exp_vocab": 4,
      "exp": 3
    }
  },
  "correction": [],
  "info": {
    "essay_id": "ESSAY_71917",
    "essay_prompt": " \"\"연애는 필수, 결혼은 선택! 가슴이 뛰는 대로 가면 돼\"\".\n\n 유명한 유행가의 노래 가사처럼, 청년들에게 결혼은 이제 필수가 아닌 하나의 선택 사항입니다. 연애, 결혼, 출산을 포기한다는 의미의 '3포세대'라는 말이 나오기 무섭게 5포 세대, N포세대까지 등장할 정도로 취업난, 치솟는 부동산 가격 등 여러 사회·경제적 요인들로 청년층을 위축시켰습니다.\n\n 모두가 이러한 이유로 '결혼을 포기'하는 것만은 아닙니다. 개인의 행복을 위해 '비혼을 선택'하는 청년들도 늘고 있습니다. 이처럼 최근 전통적인 가치관에서 벗어나 연애와 동거는 하면서 결혼이라는 제도에 묶여 관계에서 파생되는 책임을 벗어나 자유로운 삶을 추구하는 비혼주의자가 늘고 있습니다.\n\n 다만, 개인의 자유로운 선택에 따라 비혼주의를 하지만 주변에서는 아직 고운 시선으로 바라보지 않는 사람도 많습니다. 결혼이라는 제도에 대해서 선택이 아닌 필수라고 생각하는 사람들도 많지요. 개개인이 모여 사회가 형성되기 때문에 사회의 가장 작은 단위인 가족을 이루는 것도 사회 구성원으로서의 큰 역할이라고 생각하는 사람들도 있습니다.\n\n 여러분은 결혼을 꼭 해야 한다고 생각하시나요? 아니면 결혼은 선택의 문제라고 생각하시나요? 비혼주의에 대해 찬성하는 입장 반대를 선택하여 자신의 의견을 작성해주세요. 그리고 그렇게 생각한 이유에 대해서 작성해주세요.",
    "essay_type": "찬성반대",
    "essay_level": "2",
    "essay_len": 999,
    "essay_main_subject": "비혼주의자에 대한 본인의 의견"
  }
}