{
  "paragraph": [
    {
      "paragraph_txt": "나는 비혼 주의에 대해 찬성한다.#@문장구분# 내가 그렇게 생각한 이유를 지금부터 설명하겠다.#@문장구분# 결혼하면 여러 가지 단점들이 있다.#@문장구분# 예를 들면 결혼을 하면 개인 혼자만 사는 것이 아니기 때문에 서로 가치관이나 생각하는 게 달라 충돌하여 스트레스를 받을 수 있고 서로에게 금전적, 시간적으로 투자를 해야 하며 결혼을 하면서 자신이 좋아하는 취미를 금전적인 문제나 아니면 배우자가 싫어하여 못하게 될 수도 있다.#@문장구분# 그리고 배우자로 인해 신체적 정신적 금전적으로 학대를 받을 수 있다.#@문장구분#  물론 이렇게 부정적 면만 있는 것은 아니다#@문장구분# 결혼을 하면 법적으로 배우자랑 관계가 인증되며 보호와 혜택을 받을 수 있다#@문장구분# 그리고 서로가 죽거나 중태에 빠졌을 때 중대한 결정을 내릴 수 있다.#@문장구분# 또한 서로의 사랑을 확실히 증명할 수 있다#@문장구분# 물론 결혼을 하지 않는다고 해서 서로가 사랑을 하지 않는다는 것은 절대로 아니지만 결혼 생활을 하기 위해서는 연애할 때보다 더 많은 배려와 이해를 해야 한다는 점과 결혼을 할 때 많은 비용이 드는데 요즘 같은 황금만능주의에 서로를 위해 돈을 사용한다는 점에서 확실히 서로의 사랑을 증명할 수 있을 것이라 생각한다#@문장구분# 이렇게 결혼에는 수많은 단점과 장점이 존재한다 .#@문장구분#그리고 결혼을 법적으로 증명해 주는 혼인 신고서는 서로가 합의가 안되었거나 직계 인척 또는 혈족 관계가 있었을 때와 6촌 이내의 양부 모계의 혈족과 4촌 이내의 양부 모계의 인척이었던 사이밖에 없다.#@문장구분# 그러므로 결혼은 신중히 해야 하고 조심해야 한다.#@문장구분# 그리고 결혼을 하는 것과 안 하는 것은 개인의 자유이며 서로가 이것을 존중받아야 하므로 결혼을 하기 싫어하는 비혼 주의도 존중받아야 한다고 생각하여 나는 비혼 주의에 찬성을 한다.#@문장구분#",
      "paragraph_len": 1112,
      "paragraph_id": "001"
    }
  ],
  "score": {
    "paragraph_score": [
      {
        "paragraph_scoreT": [
          3,
          3,
          2
        ],
        "paragraph_scoreT_detail": {
          "paragraph_scoreT_exp": [
            [
              3,
              3,
              3
            ],
            [
              3,
              3,
              3
            ],
            [
              2,
              3,
              1
            ]
          ]
        },
        "paragraph_scoreT_avg": 2.6666667,
        "paragraph_id": "001"
      }
    ],
    "essay_scoreT": [
      30,
      29.7,
      17.900002
    ],
    "essay_scoreT_avg": 25.866669,
    "essay_scoreT_detail": {
      "essay_scoreT_org": [
        [
          3,
          0,
          3,
          3
        ],
        [
          3,
          0,
          3,
          2
        ],
        [
          2,
          0,
          1,
          2
        ]
      ],
      "essay_scoreT_cont": [
        [
          3,
          3,
          3,
          3
        ],
        [
          3,
          3,
          3,
          3
        ],
        [
          2,
          1,
          2,
          2
        ]
      ],
      "essay_scoreT_exp": [
        [
          3,
          3,
          3
        ],
        [
          3,
          3,
          3
        ],
        [
          2,
          3,
          1
        ]
      ]
    }
  },
  "student": {
    "date": "2021.08.16",
    "student_educated": true,
    "student_grade": "고등_1학년",
    "location": "051",
    "student_grade_group": "고등",
    "student_reading": 2
  },
  "rubric": {
    "essay_grade": "고등_1학년",
    "organization_weight": {
      "org_paragraph": 0,
      "org": 3,
      "org_essay": 6,
      "org_coherence": 3,
      "org_quantity": 1
    },
    "essay_type": "찬성반대",
    "content_weight": {
      "con_clearance": 3,
      "con_novelty": 3,
      "con": 4,
      "con_prompt": 1,
      "con_description": 3
    },
    "essay_main_subject": "비혼주의자에 대한 본인의 의견",
    "expression_weight": {
      "exp_style": 4,
      "exp_grammar": 2,
      "exp_vocab": 4,
      "exp": 3
    }
  },
  "correction": [],
  "info": {
    "essay_id": "ESSAY_34042",
    "essay_prompt": " \"\"연애는 필수, 결혼은 선택! 가슴이 뛰는 대로 가면 돼\"\".\n\n 유명한 유행가의 노래 가사처럼, 청년들에게 결혼은 이제 필수가 아닌 하나의 선택 사항입니다. 연애, 결혼, 출산을 포기한다는 의미의 '3포세대'라는 말이 나오기 무섭게 5포 세대, N포세대까지 등장할 정도로 취업난, 치솟는 부동산 가격 등 여러 사회·경제적 요인들로 청년층을 위축시켰습니다.\n\n 모두가 이러한 이유로 '결혼을 포기'하는 것만은 아닙니다. 개인의 행복을 위해 '비혼을 선택'하는 청년들도 늘고 있습니다. 이처럼 최근 전통적인 가치관에서 벗어나 연애와 동거는 하면서 결혼이라는 제도에 묶여 관계에서 파생되는 책임을 벗어나 자유로운 삶을 추구하는 비혼주의자가 늘고 있습니다.\n\n 다만, 개인의 자유로운 선택에 따라 비혼주의를 하지만 주변에서는 아직 고운 시선으로 바라보지 않는 사람도 많습니다. 결혼이라는 제도에 대해서 선택이 아닌 필수라고 생각하는 사람들도 많지요. 개개인이 모여 사회가 형성되기 때문에 사회의 가장 작은 단위인 가족을 이루는 것도 사회 구성원으로서의 큰 역할이라고 생각하는 사람들도 있습니다.\n\n 여러분은 결혼을 꼭 해야 한다고 생각하시나요? 아니면 결혼은 선택의 문제라고 생각하시나요? 비혼주의에 대해 찬성하는 입장 반대를 선택하여 자신의 의견을 작성해주세요. 그리고 그렇게 생각한 이유에 대해서 작성해주세요.",
    "essay_type": "찬성반대",
    "essay_level": "2",
    "essay_len": 832,
    "essay_main_subject": "비혼주의자에 대한 본인의 의견"
  }
}