{
  "paragraph": [
    {
      "paragraph_txt": "결혼을 꼭 해야 한다고 생각하시나요?#@문장구분# 저는 해야 한다는 입장이다.#@문장구분#저는 비혼주의에 대해 비판적인 시선으로 보고 있습니다.#@문장구분# 오늘날 사회는 예전부터 당연하듯이 여겨졌던 고정관념의 틀이 깨지고 있고, 사람 개개인의 권리가 중요해지고 있습니다.#@문장구분# 이렇듯, 비혼주의도 결혼을 반드시 해야 한다는 관습에서 빠져나와 형성된 하나의 이론이라고 생각합니다.#@문장구분# 누군가 결혼을 꼭 하라는 질문을 던졌을 때, 개인의 권리를 침해당하는 듯한 느낌을 받을 수 있고, 혼자 살고 싶은 것은 개인의 자유이기 때문에, 타인에게 피해를 받지 않아야 마땅합니다.#@문장구분# 또, 실제 결혼에 대한 견해에 대해 조사를 해 본 결과, 전 20대 국민의 과반수가 결혼은 필수가 아니라 선택이라는 의견이 나온 바가 있기도 합니다.#@문장구분# 이렇듯, 요즘 인권이 중요하게 여겨지고 있고 이러한 사람들의 인권을 침해하지 말아야 한다는 것은 보편적인 사실입니다.#@문장구분# 하지만, 저는 비혼주의에 대해 조금 색다른 관점으로 바라보고 싶습니다.#@문장구분# 그것은 결혼을 필수로 여기는 사람들과 비혼주의자들의 갈등 양상을 이해하는 것이 아닌 비혼주의자들이 간과하고 있는 제2차의 피해를 말하는 것입니다.#@문장구분# 이 말은 사람들의 인권은 보호하되, 그로 인해 발생할 수 있는 피해를 비혼주의자들이 알고 있어야 한다는 것입니다.#@문장구분# 비혼주의로 인한 대표적인 사회적 피해로는 저출산을 들 수 있습니다.#@문장구분# 저출산은 현재 우리나라에서 갈수록 그 현상이 뚜렷해지고 있고 큰 사회적 문제로 제기되고 있습니다.#@문장구분#",
      "paragraph_len": 981,
      "paragraph_id": "001"
    }
  ],
  "score": {
    "paragraph_score": [
      {
        "paragraph_scoreT": [
          3,
          2,
          2
        ],
        "paragraph_scoreT_detail": {
          "paragraph_scoreT_exp": [
            [
              3,
              3,
              3
            ],
            [
              2,
              2,
              2
            ],
            [
              2,
              2,
              2
            ]
          ]
        },
        "paragraph_scoreT_avg": 2.3333333,
        "paragraph_id": "001"
      }
    ],
    "essay_scoreT": [
      30,
      27,
      25.8
    ],
    "essay_scoreT_avg": 27.6,
    "essay_scoreT_detail": {
      "essay_scoreT_org": [
        [
          3,
          0,
          3,
          3
        ],
        [
          3,
          0,
          3,
          3
        ],
        [
          3,
          0,
          3,
          3
        ]
      ],
      "essay_scoreT_cont": [
        [
          3,
          3,
          3,
          3
        ],
        [
          3,
          3,
          3,
          3
        ],
        [
          3,
          3,
          3,
          2
        ]
      ],
      "essay_scoreT_exp": [
        [
          3,
          3,
          3
        ],
        [
          2,
          2,
          2
        ],
        [
          2,
          2,
          2
        ]
      ]
    }
  },
  "student": {
    "date": "2021.12.09",
    "student_educated": true,
    "student_grade": "고등_1학년",
    "location": "063",
    "student_grade_group": "고등",
    "student_reading": 2
  },
  "rubric": {
    "essay_grade": "고등_1학년",
    "organization_weight": {
      "org_paragraph": 0,
      "org": 3,
      "org_essay": 6,
      "org_coherence": 3,
      "org_quantity": 1
    },
    "essay_type": "찬성반대",
    "content_weight": {
      "con_clearance": 3,
      "con_novelty": 3,
      "con": 4,
      "con_prompt": 1,
      "con_description": 3
    },
    "essay_main_subject": "비혼주의자에 대한 본인의 의견",
    "expression_weight": {
      "exp_style": 4,
      "exp_grammar": 2,
      "exp_vocab": 4,
      "exp": 3
    }
  },
  "correction": [],
  "info": {
    "essay_id": "ESSAY_66474",
    "essay_prompt": " \"\"연애는 필수, 결혼은 선택! 가슴이 뛰는 대로 가면 돼\"\".\n\n 유명한 유행가의 노래 가사처럼, 청년들에게 결혼은 이제 필수가 아닌 하나의 선택 사항입니다. 연애, 결혼, 출산을 포기한다는 의미의 '3포세대'라는 말이 나오기 무섭게 5포 세대, N포세대까지 등장할 정도로 취업난, 치솟는 부동산 가격 등 여러 사회·경제적 요인들로 청년층을 위축시켰습니다.\n\n 모두가 이러한 이유로 '결혼을 포기'하는 것만은 아닙니다. 개인의 행복을 위해 '비혼을 선택'하는 청년들도 늘고 있습니다. 이처럼 최근 전통적인 가치관에서 벗어나 연애와 동거는 하면서 결혼이라는 제도에 묶여 관계에서 파생되는 책임을 벗어나 자유로운 삶을 추구하는 비혼주의자가 늘고 있습니다.\n\n 다만, 개인의 자유로운 선택에 따라 비혼주의를 하지만 주변에서는 아직 고운 시선으로 바라보지 않는 사람도 많습니다. 결혼이라는 제도에 대해서 선택이 아닌 필수라고 생각하는 사람들도 많지요. 개개인이 모여 사회가 형성되기 때문에 사회의 가장 작은 단위인 가족을 이루는 것도 사회 구성원으로서의 큰 역할이라고 생각하는 사람들도 있습니다.\n\n 여러분은 결혼을 꼭 해야 한다고 생각하시나요? 아니면 결혼은 선택의 문제라고 생각하시나요? 비혼주의에 대해 찬성하는 입장 반대를 선택하여 자신의 의견을 작성해주세요. 그리고 그렇게 생각한 이유에 대해서 작성해주세요.",
    "essay_type": "찬성반대",
    "essay_level": "2",
    "essay_len": 722,
    "essay_main_subject": "비혼주의자에 대한 본인의 의견"
  }
}