{
  "paragraph": [
    {
      "paragraph_txt": "결혼은 꼭 해야 하는 것일까?#@문장구분# 예전과는 달리 결혼이 삶에 꼭 필수적인 요소는 아니라는 생각이 든다. #@문장구분#부모님 세대만 해도 결혼을 해야 철이 든다는 말인 당연하게 받아들여졌지만  정말 결혼을 한다고 철이 들까? #@문장구분# 결혼은 필수가 아닌 선택이라고 여기는 시대에서  비혼 주의를 주장하는 사람들은 결혼에 대해 부정적으로 생각하기보다는 혼자인 삶이 만족스럽고 지금도 충분히 행복한데  굳이 결혼이라는 것을 해서 복잡하게 살 필요가 있나라고 생각할 것 같다. #@문장구분#결혼하게되면 둘만에 관계가 아닌 시댁 또 임신과 출산을 생각하지 않을 수 없다.#@문장구분# 또한 경제적인 측면도 분명 이유일 것이다.#@문장구분# 우리나라 저출산 문제는 아무리 많은 예산과 지원하여도 늘지 않아 결국 우리나라는 최단 시간에 초고령 사회로 진입하는 지경에 이르게 되었다. #@문장구분# 우리나라의 태어나는 신생아보다 노인 인구가 많다는 것은 곧 경제 상황과도 이어지는 문제이므로, 정말로 심각하게 생각하지 않을 수 없다.#@문장구분# 우리나라 저출산 문제는 정말 심각하다.#@문장구분# 그렇다고 현실적인 제도 마련도 없이 무조건적으로 출산해야 한다는 말은 아니다.#@문장구분#  살고 싶은 행복한 나라를 만들고, 누구나  가정을 이루고 싶은 나라를 만드는 것이 우선시 되어야 하고 생각한다.#@문장구분# 이러한 문제 점들을 해결한다면  혼자의 삶이 좋아서 선택한 비혼 주의자들도 결혼하고 싶지 않을까?#@문장구분# 결혼은 혼자만의 노력으로만 되지 않는다. #@문장구분# 두 남녀가 만나 무수한 노력들로 가정을 만들지만  나라와 경제가 우리가 함께 노력해야 한다.#@문장구분# 청년실업자들이 없이 일할수 있는 환경을 만들어 주고 부동산 시장이 안정화 된다면 청년들이 결혼과 출산에 대한 두려움도 없어 질 것이라 생각든다.#@문장구분#",
      "paragraph_len": 1115,
      "paragraph_id": "001"
    }
  ],
  "score": {
    "paragraph_score": [
      {
        "paragraph_scoreT": [
          3,
          3,
          3
        ],
        "paragraph_scoreT_detail": {
          "paragraph_scoreT_exp": [
            [
              3,
              3,
              3
            ],
            [
              3,
              3,
              3
            ],
            [
              3,
              3,
              3
            ]
          ]
        },
        "paragraph_scoreT_avg": 3,
        "paragraph_id": "001"
      }
    ],
    "essay_scoreT": [
      28.8,
      28.8,
      28.8
    ],
    "essay_scoreT_avg": 28.799997,
    "essay_scoreT_detail": {
      "essay_scoreT_org": [
        [
          3,
          0,
          3,
          3
        ],
        [
          3,
          0,
          3,
          3
        ],
        [
          3,
          0,
          3,
          3
        ]
      ],
      "essay_scoreT_cont": [
        [
          3,
          2,
          3,
          3
        ],
        [
          3,
          2,
          3,
          3
        ],
        [
          2,
          3,
          3,
          3
        ]
      ],
      "essay_scoreT_exp": [
        [
          3,
          3,
          3
        ],
        [
          3,
          3,
          3
        ],
        [
          3,
          3,
          3
        ]
      ]
    }
  },
  "student": {
    "date": "2021.12.22",
    "student_educated": true,
    "student_grade": "고등_1학년",
    "location": "063",
    "student_grade_group": "고등",
    "student_reading": 2
  },
  "rubric": {
    "essay_grade": "고등_1학년",
    "organization_weight": {
      "org_paragraph": 0,
      "org": 3,
      "org_essay": 6,
      "org_coherence": 3,
      "org_quantity": 1
    },
    "essay_type": "찬성반대",
    "content_weight": {
      "con_clearance": 3,
      "con_novelty": 3,
      "con": 4,
      "con_prompt": 1,
      "con_description": 3
    },
    "essay_main_subject": "비혼주의자에 대한 본인의 의견",
    "expression_weight": {
      "exp_style": 4,
      "exp_grammar": 2,
      "exp_vocab": 4,
      "exp": 3
    }
  },
  "correction": [],
  "info": {
    "essay_id": "ESSAY_72065",
    "essay_prompt": " \"\"연애는 필수, 결혼은 선택! 가슴이 뛰는 대로 가면 돼\"\".\n\n 유명한 유행가의 노래 가사처럼, 청년들에게 결혼은 이제 필수가 아닌 하나의 선택 사항입니다. 연애, 결혼, 출산을 포기한다는 의미의 '3포세대'라는 말이 나오기 무섭게 5포 세대, N포세대까지 등장할 정도로 취업난, 치솟는 부동산 가격 등 여러 사회·경제적 요인들로 청년층을 위축시켰습니다.\n\n 모두가 이러한 이유로 '결혼을 포기'하는 것만은 아닙니다. 개인의 행복을 위해 '비혼을 선택'하는 청년들도 늘고 있습니다. 이처럼 최근 전통적인 가치관에서 벗어나 연애와 동거는 하면서 결혼이라는 제도에 묶여 관계에서 파생되는 책임을 벗어나 자유로운 삶을 추구하는 비혼주의자가 늘고 있습니다.\n\n 다만, 개인의 자유로운 선택에 따라 비혼주의를 하지만 주변에서는 아직 고운 시선으로 바라보지 않는 사람도 많습니다. 결혼이라는 제도에 대해서 선택이 아닌 필수라고 생각하는 사람들도 많지요. 개개인이 모여 사회가 형성되기 때문에 사회의 가장 작은 단위인 가족을 이루는 것도 사회 구성원으로서의 큰 역할이라고 생각하는 사람들도 있습니다.\n\n 여러분은 결혼을 꼭 해야 한다고 생각하시나요? 아니면 결혼은 선택의 문제라고 생각하시나요? 비혼주의에 대해 찬성하는 입장 반대를 선택하여 자신의 의견을 작성해주세요. 그리고 그렇게 생각한 이유에 대해서 작성해주세요.",
    "essay_type": "찬성반대",
    "essay_level": "2",
    "essay_len": 815,
    "essay_main_subject": "비혼주의자에 대한 본인의 의견"
  }
}