{
  "paragraph": [
    {
      "paragraph_txt": "친구에게 결혼할꺼야? 라고 물어보면, 둘중한명은 NO라고 대답한다.#@문장구분# 반대로 부모님들에게 나 결혼 안할거야 라고 말을 하면 부모님들이 반대하는 경우가 매우 많다.#@문장구분# 이처럼 비혼주의는 세대간에 차이가 보여지는데 꼭결혼을 해야할까 라는 질문에 나는 비혼주의로 살아도 된다고 생각한다.#@문장구분# 이유로는 결혼은 법으로 정해져있는게 아니기 때문이다.#@문장구분# 법으로 정해지지 않았다는 것은 자신의 자유이기 때문이다.#@문장구분# 사람들에게는 태어날때부터 가지고있는 기본권중에 자유권이라는 것이 있기 때문에, 자신이 하기 싫으면 하지 않는것이맞다고 생각하기 때문이다.#@문장구분# 개개인의 성향이 개인주의 쪽으로 확산이 되고있기 때문에 이러한 비혼주의는 어쩌면 당연할거지도 모른다.#@문장구분# 비혼주의로 인해 문제점들이 생겨나지만 그 문제점들보다 장점들이 더욱 많기 때문에 비혼주의를 추구하는게 아닐까라고 생각한다.#@문장구분# 예를 들자면 결혼을 하지 않으면 누구가의 배우자 즉 남편 아내가 아닌 나에게 집중할 수 있었서 나에게 많은 시간을 투자하여 자기발전을 할수있다는 것이다.#@문장구분# 그리고 위에 말한것처럼 안정적인 재정 상황과 가정에 대한 부담감을 덜수있다는 장점이있다.#@문장구분# 또한 외로움이 단점이라고 하는 비혼주의끼리 연애만 하면 자신의 영역? 프라이버시는 침범하지 않는 일명 독신커플의 인기도 높아지고있는 추세이다. #@문장구분#이처럼 결혼을 하지않고 비혼주의로 살면서 얻는 장점들이 있기때문에 많은 사람들이 비혼주의를 추구하는것같다.#@문장구분# 비혼주의자를 위한 아파트나 다양한 먹거리들도 아이템들도 많이 발전을 하고있어 비혼주의자들도 재밌게 인생을 살수있는 것 같다.#@문장구분#",
      "paragraph_len": 1025,
      "paragraph_id": "001"
    }
  ],
  "score": {
    "paragraph_score": [
      {
        "paragraph_scoreT": [
          3,
          2,
          3
        ],
        "paragraph_scoreT_detail": {
          "paragraph_scoreT_exp": [
            [
              3,
              3,
              3
            ],
            [
              2,
              2,
              2
            ],
            [
              3,
              3,
              3
            ]
          ]
        },
        "paragraph_scoreT_avg": 2.6666667,
        "paragraph_id": "001"
      }
    ],
    "essay_scoreT": [
      28.8,
      21.2,
      30
    ],
    "essay_scoreT_avg": 26.666666,
    "essay_scoreT_detail": {
      "essay_scoreT_org": [
        [
          3,
          0,
          3,
          3
        ],
        [
          2,
          0,
          2,
          2
        ],
        [
          3,
          0,
          3,
          3
        ]
      ],
      "essay_scoreT_cont": [
        [
          3,
          2,
          3,
          3
        ],
        [
          2,
          2,
          2,
          3
        ],
        [
          3,
          3,
          3,
          3
        ]
      ],
      "essay_scoreT_exp": [
        [
          3,
          3,
          3
        ],
        [
          2,
          2,
          2
        ],
        [
          3,
          3,
          3
        ]
      ]
    }
  },
  "student": {
    "date": "2021.12.09",
    "student_educated": true,
    "student_grade": "고등_1학년",
    "location": "063",
    "student_grade_group": "고등",
    "student_reading": 2
  },
  "rubric": {
    "essay_grade": "고등_1학년",
    "organization_weight": {
      "org_paragraph": 0,
      "org": 3,
      "org_essay": 6,
      "org_coherence": 3,
      "org_quantity": 1
    },
    "essay_type": "찬성반대",
    "content_weight": {
      "con_clearance": 3,
      "con_novelty": 3,
      "con": 4,
      "con_prompt": 1,
      "con_description": 3
    },
    "essay_main_subject": "비혼주의자에 대한 본인의 의견",
    "expression_weight": {
      "exp_style": 4,
      "exp_grammar": 2,
      "exp_vocab": 4,
      "exp": 3
    }
  },
  "correction": [],
  "info": {
    "essay_id": "ESSAY_61121",
    "essay_prompt": " \"\"연애는 필수, 결혼은 선택! 가슴이 뛰는 대로 가면 돼\"\".\n\n 유명한 유행가의 노래 가사처럼, 청년들에게 결혼은 이제 필수가 아닌 하나의 선택 사항입니다. 연애, 결혼, 출산을 포기한다는 의미의 '3포세대'라는 말이 나오기 무섭게 5포 세대, N포세대까지 등장할 정도로 취업난, 치솟는 부동산 가격 등 여러 사회·경제적 요인들로 청년층을 위축시켰습니다.\n\n 모두가 이러한 이유로 '결혼을 포기'하는 것만은 아닙니다. 개인의 행복을 위해 '비혼을 선택'하는 청년들도 늘고 있습니다. 이처럼 최근 전통적인 가치관에서 벗어나 연애와 동거는 하면서 결혼이라는 제도에 묶여 관계에서 파생되는 책임을 벗어나 자유로운 삶을 추구하는 비혼주의자가 늘고 있습니다.\n\n 다만, 개인의 자유로운 선택에 따라 비혼주의를 하지만 주변에서는 아직 고운 시선으로 바라보지 않는 사람도 많습니다. 결혼이라는 제도에 대해서 선택이 아닌 필수라고 생각하는 사람들도 많지요. 개개인이 모여 사회가 형성되기 때문에 사회의 가장 작은 단위인 가족을 이루는 것도 사회 구성원으로서의 큰 역할이라고 생각하는 사람들도 있습니다.\n\n 여러분은 결혼을 꼭 해야 한다고 생각하시나요? 아니면 결혼은 선택의 문제라고 생각하시나요? 비혼주의에 대해 찬성하는 입장 반대를 선택하여 자신의 의견을 작성해주세요. 그리고 그렇게 생각한 이유에 대해서 작성해주세요.",
    "essay_type": "찬성반대",
    "essay_level": "2",
    "essay_len": 765,
    "essay_main_subject": "비혼주의자에 대한 본인의 의견"
  }
}