{
  "paragraph": [
    {
      "paragraph_txt": "예전에는 결혼을 하여 사랑하는 사람과 행복하게 사는 경우도 있다.#@문장구분# 하지만 결혼으로 인해 생기는 책임, 그리고 경제적인 부담 등을 겪기 싫은 사람들도 있을 수 있고, 결혼이라는 제도 자체가 맞지 않는 사람도 있다.#@문장구분# 결혼을 하여 힘든 삶을 살아가는 부모님들을 보면 하기싫지만 부모님세대의 결혼은 필수라고 생각하여 공부 열심히 해서 좋은 대 취직하고 결혼하여 아들딸 낳고 행복하게 사는게 부모님 소원이다 라며 말하는 집도 있다고 합니다.#@문장구분# 또, 앞서 말한것과 마찬가지로 결혼은 많은 책임이 따를 뿐더러 혼자 살 때와는 달리 많은 것들이 자연스럽게 제한되기도 합니다.#@문장구분# 하지만 결혼은 선택이지 부모님의 행복을 위해 하는게 아니잖아요?#@문장구분# 결혼을 하지 않고 싶으면 안하면 그만인 것입니다.#@문장구분# 예를 들어 자신의 취미생활이나 또는 친구들과의 교류 등이 자연스럽게 멀어지는 경우도 다수입니다.#@문장구분# 이러한 결혼을 함으로써 생기는 단점들이 그들을 비혼주의자로 만드는 이유 중 하나일 수 있습니다.#@문장구분# 또한 결혼이 사랑하는 사람을 얼마나 사랑하는지에 대한 척도는 아니라고봅니다.#@문장구분# 비혼주의자로 살아가면서 사랑하는 사람과 연애 또는 동거를 하는 경우도 매우 많이 있습니다. #@문장구분#결혼을 하지 않고 비혼주의자로 살면서 더 자신을 위한 삶을 사는 것도 더 행복하게 사는 하나의 길이라고 생각합니다.#@문장구분# 이러한 어마 무시한 돈을 벌려면 일을 그로 인한 스트레스는 오롯이 아이에게 갈 것이며 경제적인 부분이 가장 큰 걱정이기는 합니다.#@문장구분# 집을 사기 위해서 평생을 일을 해야 하고, 많이 열심히 해야 하고 그에 따른 스트레스, 피로, 건강상에 문제도 생길 수 있기 때문에 저는 비혼주의자에 대해 찬성하는 입장입니다.#@문장구분# 그런데 이러한 문제가 해결되지 않는 한 앞으로 이러한 비혼주의에 대한 문제는 해결이 되지 않을 것 같습니다.#@문장구분#",
      "paragraph_len": 1156,
      "paragraph_id": "001"
    }
  ],
  "score": {
    "paragraph_score": [
      {
        "paragraph_scoreT": [
          2.8,
          2.8,
          3
        ],
        "paragraph_scoreT_detail": {
          "paragraph_scoreT_exp": [
            [
              2,
              3,
              3
            ],
            [
              2,
              3,
              3
            ],
            [
              3,
              3,
              3
            ]
          ]
        },
        "paragraph_scoreT_avg": 2.8666668,
        "paragraph_id": "001"
      }
    ],
    "essay_scoreT": [
      28.2,
      28.2,
      27.2
    ],
    "essay_scoreT_avg": 27.866669,
    "essay_scoreT_detail": {
      "essay_scoreT_org": [
        [
          3,
          0,
          3,
          3
        ],
        [
          3,
          0,
          3,
          3
        ],
        [
          3,
          0,
          3,
          3
        ]
      ],
      "essay_scoreT_cont": [
        [
          3,
          2,
          3,
          3
        ],
        [
          3,
          2,
          3,
          3
        ],
        [
          2,
          2,
          2,
          3
        ]
      ],
      "essay_scoreT_exp": [
        [
          2,
          3,
          3
        ],
        [
          2,
          3,
          3
        ],
        [
          3,
          3,
          3
        ]
      ]
    }
  },
  "student": {
    "date": "2021.12.23",
    "student_educated": true,
    "student_grade": "고등_1학년",
    "location": "063",
    "student_grade_group": "고등",
    "student_reading": 2
  },
  "rubric": {
    "essay_grade": "고등_1학년",
    "organization_weight": {
      "org_paragraph": 0,
      "org": 3,
      "org_essay": 6,
      "org_coherence": 3,
      "org_quantity": 1
    },
    "essay_type": "찬성반대",
    "content_weight": {
      "con_clearance": 3,
      "con_novelty": 3,
      "con": 4,
      "con_prompt": 1,
      "con_description": 3
    },
    "essay_main_subject": "비혼주의자에 대한 본인의 의견",
    "expression_weight": {
      "exp_style": 4,
      "exp_grammar": 2,
      "exp_vocab": 4,
      "exp": 3
    }
  },
  "correction": [],
  "info": {
    "essay_id": "ESSAY_76784",
    "essay_prompt": " \"\"연애는 필수, 결혼은 선택! 가슴이 뛰는 대로 가면 돼\"\".\n\n 유명한 유행가의 노래 가사처럼, 청년들에게 결혼은 이제 필수가 아닌 하나의 선택 사항입니다. 연애, 결혼, 출산을 포기한다는 의미의 '3포세대'라는 말이 나오기 무섭게 5포 세대, N포세대까지 등장할 정도로 취업난, 치솟는 부동산 가격 등 여러 사회·경제적 요인들로 청년층을 위축시켰습니다.\n\n 모두가 이러한 이유로 '결혼을 포기'하는 것만은 아닙니다. 개인의 행복을 위해 '비혼을 선택'하는 청년들도 늘고 있습니다. 이처럼 최근 전통적인 가치관에서 벗어나 연애와 동거는 하면서 결혼이라는 제도에 묶여 관계에서 파생되는 책임을 벗어나 자유로운 삶을 추구하는 비혼주의자가 늘고 있습니다.\n\n 다만, 개인의 자유로운 선택에 따라 비혼주의를 하지만 주변에서는 아직 고운 시선으로 바라보지 않는 사람도 많습니다. 결혼이라는 제도에 대해서 선택이 아닌 필수라고 생각하는 사람들도 많지요. 개개인이 모여 사회가 형성되기 때문에 사회의 가장 작은 단위인 가족을 이루는 것도 사회 구성원으로서의 큰 역할이라고 생각하는 사람들도 있습니다.\n\n 여러분은 결혼을 꼭 해야 한다고 생각하시나요? 아니면 결혼은 선택의 문제라고 생각하시나요? 비혼주의에 대해 찬성하는 입장 반대를 선택하여 자신의 의견을 작성해주세요. 그리고 그렇게 생각한 이유에 대해서 작성해주세요.",
    "essay_type": "찬성반대",
    "essay_level": "2",
    "essay_len": 876,
    "essay_main_subject": "비혼주의자에 대한 본인의 의견"
  }
}