{
  "paragraph": [
    {
      "paragraph_txt": "먼저 요즘은 혼자 지내는 흔히 혼밥, 혼술등 다양한 말들이 나올정도로 혼자 사는게 트렌드가 되었다.#@문장구분# 혼자 살기 때문에 좀 외로운 부분은 있겠지만 대부분의 사람들은 혼자 사는것을 만족하며 살아가는 것을 볼 수 있다.#@문장구분# 그리고 가장 큰 이유는 바로 예전과 비교해서 결혼을 하는 사람들이 많이 줄었음을 알 수 있다.#@문장구분# 특히 연애는 하더라도 결혼까지는 하지 않는 사람들이 많다.#@문장구분#그 이유는 무엇일지 생각해보면 결혼을 하지 않고 자유롭게 자신이 원하는 삶을 추구하거나 또 경제적으로 많은 돈이 들기 때문이라고 생각한다.#@문장구분# 아이를 키우려면 상상이상으로 엄청난 비용이 들어간다.#@문장구분# 어릴 때 기본적인 모든 것들을 해치우면 학교에가고 그에따른 비용이 발생하고 대학을 보내면서도 엄청난 돈이 든다.#@문장구분# 또한 결혼을 한다면 확실히 자신이 하고 싶은 것을 하는데 조금 어려운 부분이 있다고 생각한다.#@문장구분# 그래서 완전한 자유를 위해 결혼은 하지 않는 사람들이 있다.#@문장구분# 또 결혼을 하면 집도 사야되고 가전제품등 여러부분에서 많은 돈이 들기 때문에 이것도 이유가 될수 있다.#@문장구분# 애초에 결혼을 한다는 것은 의무가 아닌 자유롭게 하는 것이기 때문에 비혼주의자에 대해서는 딱히 문제가 없다고 생각한다.#@문장구분# 그래도 혼자서 자신의 원하는 것만 하는것도 좋지만 좋은 사람을 만나 함께 생활을하며 보내는 세월이 혼자사는것 보다는 외롭지도 않고 더 의미있게 보낼수 있다고 생각하기 때문에 나는 한번 사는 인생인 만큼 웬만해서는 결혼을 하는것이 좋겠다는 생각이 든다.#@문장구분# 남자로서의 의무를 다하고 가정을 위해 헌신하는 것도 혼자만의 삶을 살면서 개인의 자유를 누리는것보다 더 가치있고 의미있다고 생각하기 때문이다.#@문장구분#",
      "paragraph_len": 1068,
      "paragraph_id": "001"
    }
  ],
  "score": {
    "paragraph_score": [
      {
        "paragraph_scoreT": [
          3,
          3,
          3
        ],
        "paragraph_scoreT_detail": {
          "paragraph_scoreT_exp": [
            [
              3,
              3,
              3
            ],
            [
              3,
              3,
              3
            ],
            [
              3,
              3,
              3
            ]
          ]
        },
        "paragraph_scoreT_avg": 3,
        "paragraph_id": "001"
      }
    ],
    "essay_scoreT": [
      28.8,
      28.8,
      30
    ],
    "essay_scoreT_avg": 29.199999,
    "essay_scoreT_detail": {
      "essay_scoreT_org": [
        [
          3,
          0,
          3,
          3
        ],
        [
          3,
          0,
          3,
          3
        ],
        [
          3,
          0,
          3,
          3
        ]
      ],
      "essay_scoreT_cont": [
        [
          3,
          2,
          3,
          3
        ],
        [
          3,
          2,
          3,
          3
        ],
        [
          3,
          3,
          3,
          3
        ]
      ],
      "essay_scoreT_exp": [
        [
          3,
          3,
          3
        ],
        [
          3,
          3,
          3
        ],
        [
          3,
          3,
          3
        ]
      ]
    }
  },
  "student": {
    "date": "2021.12.21",
    "student_educated": true,
    "student_grade": "고등_1학년",
    "location": "063",
    "student_grade_group": "고등",
    "student_reading": 1
  },
  "rubric": {
    "essay_grade": "고등_1학년",
    "organization_weight": {
      "org_paragraph": 0,
      "org": 3,
      "org_essay": 6,
      "org_coherence": 3,
      "org_quantity": 1
    },
    "essay_type": "찬성반대",
    "content_weight": {
      "con_clearance": 3,
      "con_novelty": 3,
      "con": 4,
      "con_prompt": 1,
      "con_description": 3
    },
    "essay_main_subject": "비혼주의자에 대한 본인의 의견",
    "expression_weight": {
      "exp_style": 4,
      "exp_grammar": 2,
      "exp_vocab": 4,
      "exp": 3
    }
  },
  "correction": [],
  "info": {
    "essay_id": "ESSAY_72078",
    "essay_prompt": " \"\"연애는 필수, 결혼은 선택! 가슴이 뛰는 대로 가면 돼\"\".\n\n 유명한 유행가의 노래 가사처럼, 청년들에게 결혼은 이제 필수가 아닌 하나의 선택 사항입니다. 연애, 결혼, 출산을 포기한다는 의미의 '3포세대'라는 말이 나오기 무섭게 5포 세대, N포세대까지 등장할 정도로 취업난, 치솟는 부동산 가격 등 여러 사회·경제적 요인들로 청년층을 위축시켰습니다.\n\n 모두가 이러한 이유로 '결혼을 포기'하는 것만은 아닙니다. 개인의 행복을 위해 '비혼을 선택'하는 청년들도 늘고 있습니다. 이처럼 최근 전통적인 가치관에서 벗어나 연애와 동거는 하면서 결혼이라는 제도에 묶여 관계에서 파생되는 책임을 벗어나 자유로운 삶을 추구하는 비혼주의자가 늘고 있습니다.\n\n 다만, 개인의 자유로운 선택에 따라 비혼주의를 하지만 주변에서는 아직 고운 시선으로 바라보지 않는 사람도 많습니다. 결혼이라는 제도에 대해서 선택이 아닌 필수라고 생각하는 사람들도 많지요. 개개인이 모여 사회가 형성되기 때문에 사회의 가장 작은 단위인 가족을 이루는 것도 사회 구성원으로서의 큰 역할이라고 생각하는 사람들도 있습니다.\n\n 여러분은 결혼을 꼭 해야 한다고 생각하시나요? 아니면 결혼은 선택의 문제라고 생각하시나요? 비혼주의에 대해 찬성하는 입장 반대를 선택하여 자신의 의견을 작성해주세요. 그리고 그렇게 생각한 이유에 대해서 작성해주세요.",
    "essay_type": "찬성반대",
    "essay_level": "2",
    "essay_len": 809,
    "essay_main_subject": "비혼주의자에 대한 본인의 의견"
  }
}