{
  "paragraph": [
    {
      "paragraph_txt": "비혼주의자에 대한 내 생각은 찬성이다.#@문장구분# \n이 의견에 나는 총 3가지의 근거를 댈수있다.#@문장구분#\n우선 나는 비혼주의자인데, 비혼주의자로 삶을 보내기로 다짐하는 이유 중 가장 큰 이유는 누군가에 얽매이지 않는 자유가 나에겐 있어서 가족보다 더 가치가 있다고 판단되기때문이다.#@문장구분#  \n물론 결혼을 하고나서도 자유롭게 나만의 시간을 보낼수도 있겠지만 독신일때와는 비교할 수 없다고 생각한다.#@문장구분#  결국 한계점이 분명히 존재할 것이며 배우자와의 자신만의 시간을 보내는 것에 대한 가치관 차이로 싸우게 될수도 있기때문이다.#@문장구분# \n그리고 결혼을 해서 아이까지 낳는다면 자신의 시간은 커녕 육아와 일등의 문제로 시간이 모자라기 때문이다.#@문장구분# 그리고 그러한 문제들로 내가 쌓아갈 커리어들에 지장이 갈수도 있기 때문에 비혼주의에 대해 찬성한다.#@문장구분#\n만약 결혼을 하고 아이를 가지게된다면 어쩔수없이 육아휴직등을 쓰는 등에 장기적으로 일을 그만하게되는데, 이로인해 피해를 본다면 \n결코 결혼이 정답이란 생각이 날아가곤한다.#@문장구분#\n게다가 결혼을 한다면 일이 끝나고 집에 왔을때 혼자만의 시간이 아닌 둘이 있기때문에 아무리 익숙하고 좋다고해도 마냥 편하지는 않을 것같다.#@문장구분#\n그리고 두번째 이유는 결혼에 대한 사람들의 인식이다.#@문장구분# 거의 대부분의 사람들이 결혼을 꼭 해야한다고 생각한다.#@문장구분# 특히 고지식한 사람들의 경우 40이전에는 꼭 결혼을 해야하고, 애를 낳아야한다며 결혼을 안한 사람들에게 강요를 하시는데, 나는 이러한 사회적으로 박힌 인식 때문이라도 비혼주의에 찬성한다.#@문장구분# 사람이 모두 결혼을 갈망하고 가족을 바라는 것이 아닌데도 불구하고 억지로 강요하는 분위기때문에 비혼주의자들이 스트레스도 받고 정신적으로 힘들것같다.#@문장구분# 또한 집안에 외동이라거나 유일한 아들이라는 그런 경우로 인해 아이를 낳아야한다는 강박에 결혼을 강제로 해야하는 경우도 있다.#@문장구분# 하지만 내 생각에는 굳이 아이를 위해서 결혼을 해야하나도 싶다.#@문장구분# 잘알듯이 우리나라의 청소년 자살률이 정말 높다.#@문장구분# 그리고 청소년 행복도도 제일 낮다.#@문장구분# 따라서 어차피 내가 낳아서 길렀을때 이 아이를 행복하게 해주겠다는 확신이 없어서 안낳고싶다.#@문장구분# 오히려 보육원이나 고아원에 있는 아이들을 입양하거나 후원하는것이 개인적으로 나는 좋기때문에 아이를 낳기위해서 결혼하는 것도 별로인것같다.#@문장구분# 따라서 아이를 낳아야한다, 결혼을 해야한다 이런 인식에서 모두가 벗어났으면 좋겠다는 마인드에서 나는 비혼주의에 대해 찬성한다.#@문장구분#\n마지막 이유로는 너무 빨리 결혼을 하는 것 같기 때문이다.#@문장구분# 이제는 100세 인생이라는데, 50도 되기전에 내 인생의 동반자를 만나서 결혼한다면, 내 인생의 절반이상을 한 사람과 보내야한다는 것이다.#@문장구분# 그리고 내 인생의 절반이상을 내가 아닌 가족을 위해 살아가야한다는 뜻이기도 하다.#@문장구분# 이제는 30,40대에 결혼을 하는 추세인데 아직 인생의 절반도 채 안살았는데 자신을 위해 돈을 벌고 일하는 것보다 같이 큰 집에서 살기위해. 육아비를 벌기위해 등등 지출 또한 바뀌게 된다.#@문장구분# 나는 이러한 것들이 되게 안타깝다.#@문장구분# 물론 정말 좋은 사람이여서 빨리 결혼하고 싶을 수도 있지만 내 인생을 나를 위해가 아닌 결국에는 남을 위해 산다는것이 쉽지는 않을 것 같다.#@문장구분# 그래서 나는 내 인생을 나를 위해 즐기다가 가고싶다.#@문장구분# 그래서 내가 결혼을 하고싶지 않다는 생각을 가지게 된것같다.#@문장구분#\n이렇게 총 3가지 이유를 말했는데, 물론 결혼에 대한 로망을 가지고 있을수도 있겠지만 나는 이렇게 생각한다.#@문장구분# 그리고 사람들이 결혼에 대한 인식을 바꿨으면 좋겠다.#@문장구분#",
      "paragraph_len": 2287,
      "paragraph_id": "001"
    }
  ],
  "score": {
    "paragraph_score": [
      {
        "paragraph_scoreT": [
          3,
          3,
          1.8
        ],
        "paragraph_scoreT_detail": {
          "paragraph_scoreT_exp": [
            [
              3,
              3,
              3
            ],
            [
              3,
              3,
              3
            ],
            [
              1,
              2,
              2
            ]
          ]
        },
        "paragraph_scoreT_avg": 2.6000001,
        "paragraph_id": "001"
      }
    ],
    "essay_scoreT": [
      30,
      28.8,
      23
    ],
    "essay_scoreT_avg": 27.266668,
    "essay_scoreT_detail": {
      "essay_scoreT_org": [
        [
          3,
          0,
          3,
          3
        ],
        [
          3,
          0,
          3,
          3
        ],
        [
          2,
          0,
          3,
          3
        ]
      ],
      "essay_scoreT_cont": [
        [
          3,
          3,
          3,
          3
        ],
        [
          3,
          2,
          3,
          3
        ],
        [
          3,
          2,
          2,
          3
        ]
      ],
      "essay_scoreT_exp": [
        [
          3,
          3,
          3
        ],
        [
          3,
          3,
          3
        ],
        [
          1,
          2,
          2
        ]
      ]
    }
  },
  "student": {
    "date": "2021.09.06",
    "student_educated": true,
    "student_grade": "고등_1학년",
    "location": "051",
    "student_grade_group": "고등",
    "student_reading": 1
  },
  "rubric": {
    "essay_grade": "고등_1학년",
    "organization_weight": {
      "org_paragraph": 0,
      "org": 3,
      "org_essay": 6,
      "org_coherence": 3,
      "org_quantity": 1
    },
    "essay_type": "찬성반대",
    "content_weight": {
      "con_clearance": 3,
      "con_novelty": 3,
      "con": 4,
      "con_prompt": 1,
      "con_description": 3
    },
    "essay_main_subject": "비혼주의자에 대한 본인의 의견",
    "expression_weight": {
      "exp_style": 4,
      "exp_grammar": 2,
      "exp_vocab": 4,
      "exp": 3
    }
  },
  "correction": [],
  "info": {
    "essay_id": "ESSAY_34370",
    "essay_prompt": " \"\"연애는 필수, 결혼은 선택! 가슴이 뛰는 대로 가면 돼\"\".\n\n 유명한 유행가의 노래 가사처럼, 청년들에게 결혼은 이제 필수가 아닌 하나의 선택 사항입니다. 연애, 결혼, 출산을 포기한다는 의미의 '3포세대'라는 말이 나오기 무섭게 5포 세대, N포세대까지 등장할 정도로 취업난, 치솟는 부동산 가격 등 여러 사회·경제적 요인들로 청년층을 위축시켰습니다.\n\n 모두가 이러한 이유로 '결혼을 포기'하는 것만은 아닙니다. 개인의 행복을 위해 '비혼을 선택'하는 청년들도 늘고 있습니다. 이처럼 최근 전통적인 가치관에서 벗어나 연애와 동거는 하면서 결혼이라는 제도에 묶여 관계에서 파생되는 책임을 벗어나 자유로운 삶을 추구하는 비혼주의자가 늘고 있습니다.\n\n 다만, 개인의 자유로운 선택에 따라 비혼주의를 하지만 주변에서는 아직 고운 시선으로 바라보지 않는 사람도 많습니다. 결혼이라는 제도에 대해서 선택이 아닌 필수라고 생각하는 사람들도 많지요. 개개인이 모여 사회가 형성되기 때문에 사회의 가장 작은 단위인 가족을 이루는 것도 사회 구성원으로서의 큰 역할이라고 생각하는 사람들도 있습니다.\n\n 여러분은 결혼을 꼭 해야 한다고 생각하시나요? 아니면 결혼은 선택의 문제라고 생각하시나요? 비혼주의에 대해 찬성하는 입장 반대를 선택하여 자신의 의견을 작성해주세요. 그리고 그렇게 생각한 이유에 대해서 작성해주세요.",
    "essay_type": "찬성반대",
    "essay_level": "2",
    "essay_len": 1687,
    "essay_main_subject": "비혼주의자에 대한 본인의 의견"
  }
}