{
  "paragraph": [
    {
      "paragraph_txt": "\"연애는 필수, 결혼은 선택! 가슴이 뛰는 대로 가면 돼\".#@문장구분#유명한 유행가의 노래 가사처럼, 청년들에게 결혼은 이제 필수가 아닌 하나의 선택 사항입니다.#@문장구분# 연애, 결혼, 출산을 포기한다는 의미의 '3포세대'라는 말이 나오기 무섭게 5포 세대, N포세대까지 등장할 정도로 취업난, 치솟는 부동산 가격 등 여러 사회·경제적 요인들로 청년층들까지 비혼을 선택하는 일들이 빈번해재고 있다.#@문장구분# 그 이유는 요새 청년들은 자기살기도 바쁜세상에 결혼을하며 자식을 가지고 가정을 꾸리면 낮에는 일을 하고 저녁에 집에와서는 집안일도 도와주어야하고 결국 자기의 여유시간을 가지지도 못한체 다음날에 일어나 일을 하러 가야하는 말 그래도 쳇바퀴인생을 살아야 할지도 모른다.#@문장구분# 그래서 결국 스트레스가 쌓이고 쌓여 부인이랑 싸움이 일어나고 이혼까지 가는 일도 있다.#@문장구분# 그래서 나는 무조건 결혼을 해야한다는 것은 매우 반대한다.#@문장구분# 요즘은 여자들도 자기 직장이 있고 일을해야하는데 집에 아무도 없고 자식들만 있으면 힘들게 일하고 들얻와 떠 육아 전쟁을 해야한다.#@문장구분# 주말에도 일을 나가시는분도 계시지만 주말에 집에서 쉬어도 쌓인 집안일과 애를 돌봐야하기 때문에 자기의 여유시간은 단 1도 없다.#@문장구분# 이렇게 자기도 빠듯한 일상에 결혼을 하여 돈은 돈대로 나가고 집안일을 해야하고 애까지 돌봐야햐는 상황이면 에시당초 결혼을 안하는게 맞다고 본다.#@문장구분# 직장생활도 쉬운일이 아닌데 자기의 여유시간을 가지지도 못한체 매일 이전쟁생활을 반복하면 정말 버티기 힘들 것 이다.#@문장구분# 결혼도 신중하게 미래를 생각하며 해야하고 자기자신도 챙길수있어야 행복하게 결혼생활을 할 수 있다.#@문장구분# 꼭 먼저 자기자신을 위해 어떤방향을 가야지 내가 행복하게 살 수 있고 결혼도 매우 신중하게 생각하고 결정하는게 맞다고 생각한다.#@문장구분# 우리의 인생은 홀로와서 홀로가는 인생인데 서로를 챙겨주기에는 너무 시간이 빠듯하고 돈도 없다.#@문장구분#",
      "paragraph_len": 1173,
      "paragraph_id": "001"
    }
  ],
  "score": {
    "paragraph_score": [
      {
        "paragraph_scoreT": [
          3,
          2.8,
          2.4
        ],
        "paragraph_scoreT_detail": {
          "paragraph_scoreT_exp": [
            [
              3,
              3,
              3
            ],
            [
              2,
              3,
              3
            ],
            [
              2,
              3,
              2
            ]
          ]
        },
        "paragraph_scoreT_avg": 2.7333336,
        "paragraph_id": "001"
      }
    ],
    "essay_scoreT": [
      30,
      25.2,
      23.899998
    ],
    "essay_scoreT_avg": 26.366667,
    "essay_scoreT_detail": {
      "essay_scoreT_org": [
        [
          3,
          0,
          3,
          3
        ],
        [
          2,
          0,
          3,
          3
        ],
        [
          2,
          0,
          2,
          3
        ]
      ],
      "essay_scoreT_cont": [
        [
          3,
          3,
          3,
          3
        ],
        [
          3,
          2,
          3,
          2
        ],
        [
          2,
          2,
          2,
          3
        ]
      ],
      "essay_scoreT_exp": [
        [
          3,
          3,
          3
        ],
        [
          2,
          3,
          3
        ],
        [
          2,
          3,
          3
        ]
      ]
    }
  },
  "student": {
    "date": "2021.12.21",
    "student_educated": true,
    "student_grade": "고등_1학년",
    "location": "031",
    "student_grade_group": "고등",
    "student_reading": 2
  },
  "rubric": {
    "essay_grade": "고등_1학년",
    "organization_weight": {
      "org_paragraph": 0,
      "org": 3,
      "org_essay": 6,
      "org_coherence": 3,
      "org_quantity": 1
    },
    "essay_type": "찬성반대",
    "content_weight": {
      "con_clearance": 3,
      "con_novelty": 3,
      "con": 4,
      "con_prompt": 1,
      "con_description": 3
    },
    "essay_main_subject": "비혼주의자에 대한 본인의 의견",
    "expression_weight": {
      "exp_style": 4,
      "exp_grammar": 2,
      "exp_vocab": 4,
      "exp": 3
    }
  },
  "correction": [],
  "info": {
    "essay_id": "ESSAY_71340",
    "essay_prompt": " \"\"연애는 필수, 결혼은 선택! 가슴이 뛰는 대로 가면 돼\"\".\n\n 유명한 유행가의 노래 가사처럼, 청년들에게 결혼은 이제 필수가 아닌 하나의 선택 사항입니다. 연애, 결혼, 출산을 포기한다는 의미의 '3포세대'라는 말이 나오기 무섭게 5포 세대, N포세대까지 등장할 정도로 취업난, 치솟는 부동산 가격 등 여러 사회·경제적 요인들로 청년층을 위축시켰습니다.\n\n 모두가 이러한 이유로 '결혼을 포기'하는 것만은 아닙니다. 개인의 행복을 위해 '비혼을 선택'하는 청년들도 늘고 있습니다. 이처럼 최근 전통적인 가치관에서 벗어나 연애와 동거는 하면서 결혼이라는 제도에 묶여 관계에서 파생되는 책임을 벗어나 자유로운 삶을 추구하는 비혼주의자가 늘고 있습니다.\n\n 다만, 개인의 자유로운 선택에 따라 비혼주의를 하지만 주변에서는 아직 고운 시선으로 바라보지 않는 사람도 많습니다. 결혼이라는 제도에 대해서 선택이 아닌 필수라고 생각하는 사람들도 많지요. 개개인이 모여 사회가 형성되기 때문에 사회의 가장 작은 단위인 가족을 이루는 것도 사회 구성원으로서의 큰 역할이라고 생각하는 사람들도 있습니다.\n\n 여러분은 결혼을 꼭 해야 한다고 생각하시나요? 아니면 결혼은 선택의 문제라고 생각하시나요? 비혼주의에 대해 찬성하는 입장 반대를 선택하여 자신의 의견을 작성해주세요. 그리고 그렇게 생각한 이유에 대해서 작성해주세요.",
    "essay_type": "찬성반대",
    "essay_level": "2",
    "essay_len": 913,
    "essay_main_subject": "비혼주의자에 대한 본인의 의견"
  }
}