{
  "paragraph": [
    {
      "paragraph_txt": "나는 비혼주의 찬성이다.#@문장구분# 물론 나는 결혼을 할 예정이지만 결혼 상대가 없다면 비혼으로 사는것도 좋다고 생각한다.#@문장구분# 그리고 요즘 부부싸움으로 칼부림 자살 자녀 유기 등등 부부관련 사건 사고도 많이 일어나는데 굳이 결혼까지 해서 그런 고생을 해야하는지는 잘 이해되진 않는다.#@문장구분# 그래서 비혼주의자를 존중하고 이해하고 응원하고 지지한다.#@문장구분# 또한 비혼주의자라는 한 집단이 차별 받거나 소외되거나 하면 적극적으로 도와주고 그들을 돕기위해 나도 노력할 것이다.#@문장구분# 또 살다보면 비혼이란 생각이 얼마든지 바뀔 수 있다.#@문장구분# 절대라는건 없는거 같다.#@문장구분# 그리고 그 들을 위해 사회제도적으로 도움줄수 있는것과 개인적 차원에서 도움줄수 있는것을 알아보고 실천할 것이다.#@문장구분# 마지막으로 우리 사회의 결혼문화를 바꾸는 인식과 꼭 결혼을 해서 자손을 낳아서 대를 이어야 한다는 강박관념 고정관념을 깨버려야 한다고 생각한다.#@문장구분# 사랑하는 사람이 없어서 혹은 결혼하고 싶지 않다는 견해를 가지고 비혼주의를 택하는 것도 모두 개인의 자유이기 때문에 저는 전체적인 틀에서 바라봤을 때 비혼주의에는 찬성합니다.#@문장구분# 하지만 부분적으로 반대하는데, 이유는 자신의 자유를 내세우며 이러한 비혼주의를 핑계로 잘못된 행동을 서슴지 않는 사람들이 존재하기 때문입니다. #@문장구분#연애와 동거는 한 사람과 하면서, 결혼하지 않았다는 이유로 그 사람에 대한 책임을지지 않고 클럽이나 술집에서 방탕한 생활을 보낸다면 그것은 도덕적으로 잘못됬다고 생각합니다. #@문장구분#따라서 저는 책임감과 도덕성이 따르는 비혼주의에는 찬성하지만, 이 두 가지가 결여된 비혼주의에는 반대합니다.#@문장구분# 내삶은 내가 책임을 져야한다.#@문장구분#",
      "paragraph_len": 1068,
      "paragraph_id": "001"
    }
  ],
  "score": {
    "paragraph_score": [
      {
        "paragraph_scoreT": [
          3,
          2.4,
          3
        ],
        "paragraph_scoreT_detail": {
          "paragraph_scoreT_exp": [
            [
              3,
              3,
              3
            ],
            [
              2,
              2,
              3
            ],
            [
              3,
              3,
              3
            ]
          ]
        },
        "paragraph_scoreT_avg": 2.8,
        "paragraph_id": "001"
      }
    ],
    "essay_scoreT": [
      30,
      26.100002,
      30
    ],
    "essay_scoreT_avg": 28.700003,
    "essay_scoreT_detail": {
      "essay_scoreT_org": [
        [
          3,
          0,
          3,
          3
        ],
        [
          3,
          0,
          2,
          3
        ],
        [
          3,
          0,
          3,
          3
        ]
      ],
      "essay_scoreT_cont": [
        [
          3,
          3,
          3,
          3
        ],
        [
          3,
          2,
          3,
          3
        ],
        [
          3,
          3,
          3,
          3
        ]
      ],
      "essay_scoreT_exp": [
        [
          3,
          3,
          3
        ],
        [
          2,
          2,
          3
        ],
        [
          3,
          3,
          3
        ]
      ]
    }
  },
  "student": {
    "date": "2021.12.07",
    "student_educated": true,
    "student_grade": "고등_1학년",
    "location": "063",
    "student_grade_group": "고등",
    "student_reading": 2
  },
  "rubric": {
    "essay_grade": "고등_1학년",
    "organization_weight": {
      "org_paragraph": 0,
      "org": 3,
      "org_essay": 6,
      "org_coherence": 3,
      "org_quantity": 1
    },
    "essay_type": "찬성반대",
    "content_weight": {
      "con_clearance": 3,
      "con_novelty": 3,
      "con": 4,
      "con_prompt": 1,
      "con_description": 3
    },
    "essay_main_subject": "비혼주의자에 대한 본인의 의견",
    "expression_weight": {
      "exp_style": 4,
      "exp_grammar": 2,
      "exp_vocab": 4,
      "exp": 3
    }
  },
  "correction": [],
  "info": {
    "essay_id": "ESSAY_56356",
    "essay_prompt": " \"\"연애는 필수, 결혼은 선택! 가슴이 뛰는 대로 가면 돼\"\".\n\n 유명한 유행가의 노래 가사처럼, 청년들에게 결혼은 이제 필수가 아닌 하나의 선택 사항입니다. 연애, 결혼, 출산을 포기한다는 의미의 '3포세대'라는 말이 나오기 무섭게 5포 세대, N포세대까지 등장할 정도로 취업난, 치솟는 부동산 가격 등 여러 사회·경제적 요인들로 청년층을 위축시켰습니다.\n\n 모두가 이러한 이유로 '결혼을 포기'하는 것만은 아닙니다. 개인의 행복을 위해 '비혼을 선택'하는 청년들도 늘고 있습니다. 이처럼 최근 전통적인 가치관에서 벗어나 연애와 동거는 하면서 결혼이라는 제도에 묶여 관계에서 파생되는 책임을 벗어나 자유로운 삶을 추구하는 비혼주의자가 늘고 있습니다.\n\n 다만, 개인의 자유로운 선택에 따라 비혼주의를 하지만 주변에서는 아직 고운 시선으로 바라보지 않는 사람도 많습니다. 결혼이라는 제도에 대해서 선택이 아닌 필수라고 생각하는 사람들도 많지요. 개개인이 모여 사회가 형성되기 때문에 사회의 가장 작은 단위인 가족을 이루는 것도 사회 구성원으로서의 큰 역할이라고 생각하는 사람들도 있습니다.\n\n 여러분은 결혼을 꼭 해야 한다고 생각하시나요? 아니면 결혼은 선택의 문제라고 생각하시나요? 비혼주의에 대해 찬성하는 입장 반대를 선택하여 자신의 의견을 작성해주세요. 그리고 그렇게 생각한 이유에 대해서 작성해주세요.",
    "essay_type": "찬성반대",
    "essay_level": "2",
    "essay_len": 789,
    "essay_main_subject": "비혼주의자에 대한 본인의 의견"
  }
}