{
  "paragraph": [
    {
      "paragraph_txt": "결혼은 선택의 문제가 아니었다.#@문장구분# 당연히 성장해서 청년이 되면 혼기가 찾다 하여 배우자를 만나 결혼을 하는 것이다.#@문장구분# 예전에도 결혼을 하지 않은 사람이 있었다.#@문장구분# 노총각, 노처녀로 불리며 말이다.#@문장구분# 결혼을 하지 않는 것이 아니라 못하는 것이었다.#@문장구분# 그래서 명절에 친척들이 모여 아직 결혼 할 상대가 없냐 물으면 도망가고 싶어들 했다고 한다.#@문장구분# 그 이유는 능력이 없거나 무능해 보이기 때문이다.#@문장구분# 혹은 매력이 없거나 말이다.#@문장구분# 자신을 좋아해 주는 사람이 없거나, 자신이 마음에 들어 하는 상대를 본인의 사람으로 만들이 못했다는 뜻이기도 하기 때문이다.#@문장구분# 요즘에 이슈가 되는 비혼주의도 비슷하다고 생각한다.#@문장구분# 사회적으로나 경제적으로 결혼을 할 여유가 되지 못하기도 하고 연애를 하다 깊은 상처를 받아 회복하기 어려워 또 다른 상대를 만나기를 두려워 할 때 비혼주의라는 이름 뒤에서 그럴듯하게 포장하는 것이 아닌가 한다.#@문장구분# 남자가 여자를, 여자가 남자를 만나는 것은 누가 가르쳐 주어서도 아니고 학교에서 배워서도 아니다.#@문장구분# 그냥 사람으로 본능적인 것이고 당연히 그렇게 되도록 호르몬이 분비되고 있다.#@문장구분# 그래서 지구상에 인간이 계속 살아가도록 하는 것이다.#@문장구분# 뭔가 특별해 보이거나 그럴듯해 보이는 이름 뒤에 설문조사 결과 비혼주의자의 대다수가 결혼하고 싶다고 응답했다.#@문장구분# 꼭 결혼을 해양 한다고 생각하는 것은 아니다.#@문장구분# 신념에 따라 하지 않을 수 도 있다.#@문장구분# 하지만 아무런 신념이 없이 그저 환경 때문에 비혼주의 라는 이름 뒤에 숨지는 말자는 것이다.#@문장구분# 사회의 가장 작은 구성인 가족이 세워져야 사회도 나라도 잘 세워질 수 있다고 본다.#@문장구분# 건강한 사회가 이루어지길 바란다.#@문장구분#",
      "paragraph_len": 1201,
      "paragraph_id": "001"
    }
  ],
  "score": {
    "paragraph_score": [
      {
        "paragraph_scoreT": [
          3,
          2.8,
          2
        ],
        "paragraph_scoreT_detail": {
          "paragraph_scoreT_exp": [
            [
              3,
              3,
              3
            ],
            [
              2,
              3,
              3
            ],
            [
              2,
              2,
              2
            ]
          ]
        },
        "paragraph_scoreT_avg": 2.6000001,
        "paragraph_id": "001"
      }
    ],
    "essay_scoreT": [
      30,
      27.3,
      23.099998
    ],
    "essay_scoreT_avg": 26.799997,
    "essay_scoreT_detail": {
      "essay_scoreT_org": [
        [
          3,
          0,
          3,
          3
        ],
        [
          3,
          0,
          2,
          3
        ],
        [
          2,
          0,
          2,
          3
        ]
      ],
      "essay_scoreT_cont": [
        [
          3,
          3,
          3,
          3
        ],
        [
          2,
          3,
          3,
          3
        ],
        [
          3,
          3,
          3,
          2
        ]
      ],
      "essay_scoreT_exp": [
        [
          3,
          3,
          3
        ],
        [
          2,
          3,
          3
        ],
        [
          2,
          2,
          2
        ]
      ]
    }
  },
  "student": {
    "date": "2021.12.24",
    "student_educated": true,
    "student_grade": "고등_1학년",
    "location": "055",
    "student_grade_group": "고등",
    "student_reading": 1
  },
  "rubric": {
    "essay_grade": "고등_1학년",
    "organization_weight": {
      "org_paragraph": 0,
      "org": 3,
      "org_essay": 6,
      "org_coherence": 3,
      "org_quantity": 1
    },
    "essay_type": "찬성반대",
    "content_weight": {
      "con_clearance": 3,
      "con_novelty": 3,
      "con": 4,
      "con_prompt": 1,
      "con_description": 3
    },
    "essay_main_subject": "비혼주의자에 대한 본인의 의견",
    "expression_weight": {
      "exp_style": 4,
      "exp_grammar": 2,
      "exp_vocab": 4,
      "exp": 3
    }
  },
  "correction": [],
  "info": {
    "essay_id": "ESSAY_76930",
    "essay_prompt": " \"\"연애는 필수, 결혼은 선택! 가슴이 뛰는 대로 가면 돼\"\".\n\n 유명한 유행가의 노래 가사처럼, 청년들에게 결혼은 이제 필수가 아닌 하나의 선택 사항입니다. 연애, 결혼, 출산을 포기한다는 의미의 '3포세대'라는 말이 나오기 무섭게 5포 세대, N포세대까지 등장할 정도로 취업난, 치솟는 부동산 가격 등 여러 사회·경제적 요인들로 청년층을 위축시켰습니다.\n\n 모두가 이러한 이유로 '결혼을 포기'하는 것만은 아닙니다. 개인의 행복을 위해 '비혼을 선택'하는 청년들도 늘고 있습니다. 이처럼 최근 전통적인 가치관에서 벗어나 연애와 동거는 하면서 결혼이라는 제도에 묶여 관계에서 파생되는 책임을 벗어나 자유로운 삶을 추구하는 비혼주의자가 늘고 있습니다.\n\n 다만, 개인의 자유로운 선택에 따라 비혼주의를 하지만 주변에서는 아직 고운 시선으로 바라보지 않는 사람도 많습니다. 결혼이라는 제도에 대해서 선택이 아닌 필수라고 생각하는 사람들도 많지요. 개개인이 모여 사회가 형성되기 때문에 사회의 가장 작은 단위인 가족을 이루는 것도 사회 구성원으로서의 큰 역할이라고 생각하는 사람들도 있습니다.\n\n 여러분은 결혼을 꼭 해야 한다고 생각하시나요? 아니면 결혼은 선택의 문제라고 생각하시나요? 비혼주의에 대해 찬성하는 입장 반대를 선택하여 자신의 의견을 작성해주세요. 그리고 그렇게 생각한 이유에 대해서 작성해주세요.",
    "essay_type": "찬성반대",
    "essay_level": "2",
    "essay_len": 806,
    "essay_main_subject": "비혼주의자에 대한 본인의 의견"
  }
}