{
  "paragraph": [
    {
      "paragraph_txt": "나는 비혼주의에 찬성한다.#@문장구분# 비혼주의가 많이 늘어난 이유중 하나로 난 자신들이 보낸 유년시절이 가종이라는 울타리에서 봐온 것들이 결코 행복 만이 있었던건 아니라 생각하기 때문이라고 본다.#@문장구분# 가정폭력, 아동학대, 성범죄등의 트라우마를 있어 결혼을 하지 못하는 경우도 있다.#@문장구분#또 여성들 사이에선 무조건적 희생으로 자신의 삶이 없다시피 한 어머니의 시댁과의 불편한 관계를 보고 자라오면서 결혼제도에 대한 불신이 생겨난 것일수도 있다.#@문장구분#이러한 사건들은 개인의 이성관, 가정관 자체에 중대한 영향을 끼치기에 이성과의 만남 자체에 대한 기피나 공포, 자녀 양육에 대한 자신감 부족을 초래하여 결혼을 꺼리게 하는 이유 중 하나가 되기도 한다.#@문장구분# 사실 이건 인간으로서의 인격 형성과 정신의 문제인지라 아직 트라우마가 채 낫지도 않은 사람에게 결혼 문제를 운운하는 일은 바람직하지 못하다고 볼 수도 있다.#@문장구분#그냥 이성에게 관심이 없어서 결혼을 안 하게 되는 이유도 분명 존재하는거 같다.#@문장구분# 이성에게 관심이 없어 연애를 안 하는 초식남, 절식남, 건어물녀역시 최종 테크는 결국 독신이다.#@문장구분# 이성에게 관심이 없는 것이 말이 되냐는 시각과 달리 주변에 찾아보면 절대 없지는 않다.#@문장구분# 이는 성적 지향과 무관한 것이기 때문에 타고난 성적 지향이 이성애자인 사람이라 하더라도 이성에게 관심이 없고 그 외의 다른 취미활동 등에 관심을 쏟는 사람들이 분명히 있으며, 최근 들어서는 이러한 부류의 사람들이 늘어나는 추세이다.#@문장구분# 이 부류는 타인이 아무리 이야기를 해도 독신주의를 버리는 경우가 극히 드물다.#@문장구분# 애초에 본인이 관심이 없다는데 남이 뭐라 하든 그게 무슨 필요가 있겠나 싶다. .#@문장구분#",
      "paragraph_len": 1043,
      "paragraph_id": "001"
    }
  ],
  "score": {
    "paragraph_score": [
      {
        "paragraph_scoreT": [
          3,
          3,
          2.6
        ],
        "paragraph_scoreT_detail": {
          "paragraph_scoreT_exp": [
            [
              3,
              3,
              3
            ],
            [
              3,
              3,
              3
            ],
            [
              3,
              2,
              3
            ]
          ]
        },
        "paragraph_scoreT_avg": 2.8666668,
        "paragraph_id": "001"
      }
    ],
    "essay_scoreT": [
      30,
      26.3,
      25.4
    ],
    "essay_scoreT_avg": 27.233332,
    "essay_scoreT_detail": {
      "essay_scoreT_org": [
        [
          3,
          0,
          3,
          3
        ],
        [
          2,
          0,
          3,
          2
        ],
        [
          2,
          0,
          3,
          3
        ]
      ],
      "essay_scoreT_cont": [
        [
          3,
          3,
          3,
          3
        ],
        [
          3,
          2,
          2,
          3
        ],
        [
          3,
          3,
          2,
          2
        ]
      ],
      "essay_scoreT_exp": [
        [
          3,
          3,
          3
        ],
        [
          3,
          3,
          3
        ],
        [
          3,
          2,
          3
        ]
      ]
    }
  },
  "student": {
    "date": "2021.12.21",
    "student_educated": true,
    "student_grade": "고등_1학년",
    "location": "031",
    "student_grade_group": "고등",
    "student_reading": 2
  },
  "rubric": {
    "essay_grade": "고등_1학년",
    "organization_weight": {
      "org_paragraph": 0,
      "org": 3,
      "org_essay": 6,
      "org_coherence": 3,
      "org_quantity": 1
    },
    "essay_type": "찬성반대",
    "content_weight": {
      "con_clearance": 3,
      "con_novelty": 3,
      "con": 4,
      "con_prompt": 1,
      "con_description": 3
    },
    "essay_main_subject": "비혼주의자에 대한 본인의 의견",
    "expression_weight": {
      "exp_style": 4,
      "exp_grammar": 2,
      "exp_vocab": 4,
      "exp": 3
    }
  },
  "correction": [],
  "info": {
    "essay_id": "ESSAY_71332",
    "essay_prompt": " \"\"연애는 필수, 결혼은 선택! 가슴이 뛰는 대로 가면 돼\"\".\n\n 유명한 유행가의 노래 가사처럼, 청년들에게 결혼은 이제 필수가 아닌 하나의 선택 사항입니다. 연애, 결혼, 출산을 포기한다는 의미의 '3포세대'라는 말이 나오기 무섭게 5포 세대, N포세대까지 등장할 정도로 취업난, 치솟는 부동산 가격 등 여러 사회·경제적 요인들로 청년층을 위축시켰습니다.\n\n 모두가 이러한 이유로 '결혼을 포기'하는 것만은 아닙니다. 개인의 행복을 위해 '비혼을 선택'하는 청년들도 늘고 있습니다. 이처럼 최근 전통적인 가치관에서 벗어나 연애와 동거는 하면서 결혼이라는 제도에 묶여 관계에서 파생되는 책임을 벗어나 자유로운 삶을 추구하는 비혼주의자가 늘고 있습니다.\n\n 다만, 개인의 자유로운 선택에 따라 비혼주의를 하지만 주변에서는 아직 고운 시선으로 바라보지 않는 사람도 많습니다. 결혼이라는 제도에 대해서 선택이 아닌 필수라고 생각하는 사람들도 많지요. 개개인이 모여 사회가 형성되기 때문에 사회의 가장 작은 단위인 가족을 이루는 것도 사회 구성원으로서의 큰 역할이라고 생각하는 사람들도 있습니다.\n\n 여러분은 결혼을 꼭 해야 한다고 생각하시나요? 아니면 결혼은 선택의 문제라고 생각하시나요? 비혼주의에 대해 찬성하는 입장 반대를 선택하여 자신의 의견을 작성해주세요. 그리고 그렇게 생각한 이유에 대해서 작성해주세요.",
    "essay_type": "찬성반대",
    "essay_level": "2",
    "essay_len": 803,
    "essay_main_subject": "비혼주의자에 대한 본인의 의견"
  }
}