{
  "paragraph": [
    {
      "paragraph_txt": "나는 먼저 비혼주의에 찬성한다.#@문장구분# 서로에 대한 정보도 없이 부모들의 강요로 결혼을 하는 집은 없거나 아주 드물다.#@문장구분# 하지만 연애 과정에서 서로에 대해 좋은 감정만 가득한 시기에 환상에 빠져 결혼을 한 경우는 전자와 별반 다르지는 않다.#@문장구분# 선택의 유무를 제외하면 결과는 같다.#@문장구분# 이렇게 환상에 빠져서 결혼한 경우에는 금방 이혼을 하거나 의미도 없는 불행한 결혼 생활을 할 확률이 높다.#@문장구분# 하지만 서로에 대해 제대로 알고 결혼을 한 경우는 다르다.#@문장구분# 환상이 아닌 현실을 직시하고도 결혼을 했으니 사랑의 콩깍지는 벗겨진 상태에서 방해 요소가 없는 상태에서 상대방을 바라보고 결혼을 했으니 기대도 실망도 없으니 최소한 불행한 결혼은 아니라고 생각한다.#@문장구분# 이렇게 서로를 제대로 알게하는 좋은 수단이 동거나 장기 연애다.#@문장구분# 오랜 기간 서로를 바라보면서 생활하면 더욱 진실한 모습을 마주한다.#@문장구분# 서로의 마음이 통하는데 왜 동거나 연애를 통해 조심스럽게 소심하게 다가간다고 비판하는 이들도 있다.#@문장구분# 하지만 우리는 사람은 항상 겁쟁이로 살아왔다.#@문장구분# 병이 두려워서 의학이 발전했고 전쟁이 두려워서 더 강한 무기들은 만들었으며 위험이 무서워 법을 만들었다.#@문장구분# 항상 겁쟁이로 살아와서 생존하고 번영한 우리가 결혼에 대한 겁도 없이 덤빈다는 말이 더 모순적이라고 생각한다.#@문장구분# 우리는 결혼식이나 결혼 과정에서 생기는 경제적 손실과 결혼 생활과 이혼에서 생기는 심리적인 부담이 두려워서 비혼을 선택헀다.#@문장구분# 두려움과 겁이 우리의 목숨을 살리고 번영을 도왔다면 두려움은 죄악이 아니다.#@문장구분# 오히려 겁이 없는 이들이 별종이라고 보는 시각이 더 옳다고 생각한다.#@문장구분# 결혼 생활에서 오는 이익보다 손실이 많다면 결혼을 중시하는 기혼주의자들의 생각은 이미 틀렸고 낡아빠진 의견이라고 생각한다.#@문장구분# 따라서 비혼주의에 찬성하는 입장이다.#@문장구분#",
      "paragraph_len": 1233,
      "paragraph_id": "001"
    }
  ],
  "score": {
    "paragraph_score": [
      {
        "paragraph_scoreT": [
          3,
          3,
          3
        ],
        "paragraph_scoreT_detail": {
          "paragraph_scoreT_exp": [
            [
              3,
              3,
              3
            ],
            [
              3,
              3,
              3
            ],
            [
              3,
              3,
              3
            ]
          ]
        },
        "paragraph_scoreT_avg": 3,
        "paragraph_id": "001"
      }
    ],
    "essay_scoreT": [
      28.8,
      28.8,
      30
    ],
    "essay_scoreT_avg": 29.199999,
    "essay_scoreT_detail": {
      "essay_scoreT_org": [
        [
          3,
          0,
          3,
          3
        ],
        [
          3,
          0,
          3,
          3
        ],
        [
          3,
          0,
          3,
          3
        ]
      ],
      "essay_scoreT_cont": [
        [
          3,
          2,
          3,
          3
        ],
        [
          3,
          2,
          3,
          3
        ],
        [
          3,
          3,
          3,
          3
        ]
      ],
      "essay_scoreT_exp": [
        [
          3,
          3,
          3
        ],
        [
          3,
          3,
          3
        ],
        [
          3,
          3,
          3
        ]
      ]
    }
  },
  "student": {
    "date": "2021.12.21",
    "student_educated": true,
    "student_grade": "고등_1학년",
    "location": "063",
    "student_grade_group": "고등",
    "student_reading": 3
  },
  "rubric": {
    "essay_grade": "고등_1학년",
    "organization_weight": {
      "org_paragraph": 0,
      "org": 3,
      "org_essay": 6,
      "org_coherence": 3,
      "org_quantity": 1
    },
    "essay_type": "찬성반대",
    "content_weight": {
      "con_clearance": 3,
      "con_novelty": 3,
      "con": 4,
      "con_prompt": 1,
      "con_description": 3
    },
    "essay_main_subject": "비혼주의자에 대한 본인의 의견",
    "expression_weight": {
      "exp_style": 4,
      "exp_grammar": 2,
      "exp_vocab": 4,
      "exp": 3
    }
  },
  "correction": [],
  "info": {
    "essay_id": "ESSAY_72079",
    "essay_prompt": " \"\"연애는 필수, 결혼은 선택! 가슴이 뛰는 대로 가면 돼\"\".\n\n 유명한 유행가의 노래 가사처럼, 청년들에게 결혼은 이제 필수가 아닌 하나의 선택 사항입니다. 연애, 결혼, 출산을 포기한다는 의미의 '3포세대'라는 말이 나오기 무섭게 5포 세대, N포세대까지 등장할 정도로 취업난, 치솟는 부동산 가격 등 여러 사회·경제적 요인들로 청년층을 위축시켰습니다.\n\n 모두가 이러한 이유로 '결혼을 포기'하는 것만은 아닙니다. 개인의 행복을 위해 '비혼을 선택'하는 청년들도 늘고 있습니다. 이처럼 최근 전통적인 가치관에서 벗어나 연애와 동거는 하면서 결혼이라는 제도에 묶여 관계에서 파생되는 책임을 벗어나 자유로운 삶을 추구하는 비혼주의자가 늘고 있습니다.\n\n 다만, 개인의 자유로운 선택에 따라 비혼주의를 하지만 주변에서는 아직 고운 시선으로 바라보지 않는 사람도 많습니다. 결혼이라는 제도에 대해서 선택이 아닌 필수라고 생각하는 사람들도 많지요. 개개인이 모여 사회가 형성되기 때문에 사회의 가장 작은 단위인 가족을 이루는 것도 사회 구성원으로서의 큰 역할이라고 생각하는 사람들도 있습니다.\n\n 여러분은 결혼을 꼭 해야 한다고 생각하시나요? 아니면 결혼은 선택의 문제라고 생각하시나요? 비혼주의에 대해 찬성하는 입장 반대를 선택하여 자신의 의견을 작성해주세요. 그리고 그렇게 생각한 이유에 대해서 작성해주세요.",
    "essay_type": "찬성반대",
    "essay_level": "2",
    "essay_len": 873,
    "essay_main_subject": "비혼주의자에 대한 본인의 의견"
  }
}