{
  "paragraph": [
    {
      "paragraph_txt": "나는 비혼주의에 대해 찬성하는 입장이다.#@문장구분# 여러 가지의 이유가 있는데, 가장 큰 이유는 결혼하기에 앞서 준비해야 할 것들이 너무 많고 서로에게 부담감이 크다는 사실이다.#@문장구분# 결혼은 현실이기에 결혼을 하기 위해선 집을 구하고 혼수를 맞추고 결혼식을 올려야하는 금전적이 문제가 정말 크다.#@문장구분# 뿐만 아니라 상대방의 가족이나 새로운 관계를 알게 되어 신경 써야 할 점이 많아질 것이다.#@문장구분# 결혼은 배우자와 더 행복을 누리고 싶어서 하는 일이라고 생각하는데 다른 사소한 것들에 신경을 기울여야할 일들이 많아짐에 스트레스를 받게 된다면 그것은 과연 행복을 위한 일 일까?#@문장구분# 단순하게 생각하고 비혼주의자로 살아간다면 그러한 부담감이 없다.#@문장구분# 결혼을 하면 자신의 생활 패턴, 식성 등등 사소할 수 있는 것마저 맞춰 살아야 할 것이다.#@문장구분# 또한 요즘은 가부장적인 생각을 가진 사람들이 많이 줄어들었다지만 그러한 뿌리를 뽑을 수 없다.#@문장구분# 가사노동의 경우에도 구두적으론 같이 하는 일이라고들 말하지만 여성이 도맡아서 하는 경우가 대다수이상이다.#@문장구분# 비혼에 반대하는 사람들이 하는 말은 우리나라가 심각한 고령화 사회 이다.#@문장구분# 그러므로 내 생각에는 결혼은 하는게 맞다고 생각한다.#@문장구분# 이 뿐만이 아니다.#@문장구분# 결혼을 한다는 것은 서로의 동반자가 되어주고 서로 위로, 배려, 행동 등 감정을 느끼고 서로를 돕는다.#@문장구분# 그리고 만약 혼자 살고 있을 때 나의 몸이 아프거나 무슨일이 생겼을 때 위험이 크다.#@문장구분# 나의 외삼촌은 어릴 때부터 나와 함께 사시다가 6년전 우리 가족이 이사를 오면서 현재 혼자 자취 중이 시다.#@문장구분# 얼마전 삼촌이 운동을 하시다가 다치셨다는 소식을 들었다.#@문장구분# 하지만 혼자 사시니 누가 가서 병간호를 해줄 수도 없는 상황 이었다.#@문장구분# 이런 경험을 하여 나는 비혼주의에 대해 반대하게 되었다.#@문장구분#",
      "paragraph_len": 1218,
      "paragraph_id": "001"
    }
  ],
  "score": {
    "paragraph_score": [
      {
        "paragraph_scoreT": [
          3,
          3,
          2.8
        ],
        "paragraph_scoreT_detail": {
          "paragraph_scoreT_exp": [
            [
              3,
              3,
              3
            ],
            [
              3,
              3,
              3
            ],
            [
              2,
              3,
              3
            ]
          ]
        },
        "paragraph_scoreT_avg": 2.9333334,
        "paragraph_id": "001"
      }
    ],
    "essay_scoreT": [
      27,
      27.2,
      29.4
    ],
    "essay_scoreT_avg": 27.866667,
    "essay_scoreT_detail": {
      "essay_scoreT_org": [
        [
          2,
          0,
          3,
          3
        ],
        [
          3,
          0,
          3,
          3
        ],
        [
          3,
          0,
          3,
          3
        ]
      ],
      "essay_scoreT_cont": [
        [
          3,
          2,
          3,
          3
        ],
        [
          3,
          1,
          2,
          3
        ],
        [
          3,
          3,
          3,
          3
        ]
      ],
      "essay_scoreT_exp": [
        [
          3,
          3,
          3
        ],
        [
          3,
          3,
          3
        ],
        [
          2,
          3,
          3
        ]
      ]
    }
  },
  "student": {
    "date": "2021.12.07",
    "student_educated": true,
    "student_grade": "고등_1학년",
    "location": "063",
    "student_grade_group": "고등",
    "student_reading": 1
  },
  "rubric": {
    "essay_grade": "고등_1학년",
    "organization_weight": {
      "org_paragraph": 0,
      "org": 3,
      "org_essay": 6,
      "org_coherence": 3,
      "org_quantity": 1
    },
    "essay_type": "찬성반대",
    "content_weight": {
      "con_clearance": 3,
      "con_novelty": 3,
      "con": 4,
      "con_prompt": 1,
      "con_description": 3
    },
    "essay_main_subject": "비혼주의자에 대한 본인의 의견",
    "expression_weight": {
      "exp_style": 4,
      "exp_grammar": 2,
      "exp_vocab": 4,
      "exp": 3
    }
  },
  "correction": [],
  "info": {
    "essay_id": "ESSAY_56352",
    "essay_prompt": " \"\"연애는 필수, 결혼은 선택! 가슴이 뛰는 대로 가면 돼\"\".\n\n 유명한 유행가의 노래 가사처럼, 청년들에게 결혼은 이제 필수가 아닌 하나의 선택 사항입니다. 연애, 결혼, 출산을 포기한다는 의미의 '3포세대'라는 말이 나오기 무섭게 5포 세대, N포세대까지 등장할 정도로 취업난, 치솟는 부동산 가격 등 여러 사회·경제적 요인들로 청년층을 위축시켰습니다.\n\n 모두가 이러한 이유로 '결혼을 포기'하는 것만은 아닙니다. 개인의 행복을 위해 '비혼을 선택'하는 청년들도 늘고 있습니다. 이처럼 최근 전통적인 가치관에서 벗어나 연애와 동거는 하면서 결혼이라는 제도에 묶여 관계에서 파생되는 책임을 벗어나 자유로운 삶을 추구하는 비혼주의자가 늘고 있습니다.\n\n 다만, 개인의 자유로운 선택에 따라 비혼주의를 하지만 주변에서는 아직 고운 시선으로 바라보지 않는 사람도 많습니다. 결혼이라는 제도에 대해서 선택이 아닌 필수라고 생각하는 사람들도 많지요. 개개인이 모여 사회가 형성되기 때문에 사회의 가장 작은 단위인 가족을 이루는 것도 사회 구성원으로서의 큰 역할이라고 생각하는 사람들도 있습니다.\n\n 여러분은 결혼을 꼭 해야 한다고 생각하시나요? 아니면 결혼은 선택의 문제라고 생각하시나요? 비혼주의에 대해 찬성하는 입장 반대를 선택하여 자신의 의견을 작성해주세요. 그리고 그렇게 생각한 이유에 대해서 작성해주세요.",
    "essay_type": "찬성반대",
    "essay_level": "2",
    "essay_len": 859,
    "essay_main_subject": "비혼주의자에 대한 본인의 의견"
  }
}