{
  "paragraph": [
    {
      "paragraph_txt": "비혼주의자가 늘어나고 있다.#@문장구분# 결혼을 선택하지않는 사람들의 이유를 뉴스나 인터넷을 통해 들어보면 대부분 결혼이 부담된다는 의견이고 개인의 희생이 따르는 결혼생활을 굳이 선택하지 않겠다는 의견이다 비혼자들의 경우 크게 두부류로 나눠보겠다.#@문장구분# 자발적 비혼자와 비자발적 비혼자이다.#@문장구분# 먼저 비자발적 비혼자는 결혼은 하고싶으나 배우자를 만나지 못했거나 상대가 있다고 하더라도 경제적 이유 외 환경적 문제 때문에 결혼을 미루고 있는 상태에서 오는 비혼자의 경우이다.#@문장구분# 하지만 김연자씨의 노래가사 처럼 결혼은 선택 연애는 필수인 자발적 비혼자에 대해 이야기 하고자한다.#@문장구분# 자발적 비혼자의 경우 개인의 시간적 자유와 경제적 자유를 위해 비혼을 선택하는 경우가 가장 큰 이유라 생각한다.#@문장구분# 시대적 사고방식이 변함에 따라 가정적이다 라는 의미의 소속감을 느낄 때 오는 안정감을 요즘 사람들은 그다지 느끼지 못하기 때문이기도 하다고 생각한다.#@문장구분# 형제가 많던 과거의 가정과는 달리 외동이거나 남매처럼 아들한명 딸한명의 성이 다른 형제로 자란 경우 서로 공감하지 못하거나 공유하지 못하는 영역들이 있는 만큼 어릴때부터 독립적이고 개인적인 성향을 지니고 성장하게 되고 성인이 되어서는 그 개인적 성향이 환경적 독립으로 이어지면서 어릴때부터 형성하게 된 개인주의적 성향이 결혼보다는 개인주의적 삶인 비혼을 선택하게 하는거라 생각한다.#@문장구분# 어릴때부터 많은 가족이나 형제들에게 희생하고 양보하는 환경에 노출이 적은만큼 가족이라는 구성원에서 느낄 수 있는 안정감부터해서 희생과 양보를 통한 더불어 사는것에 대한 기쁨과 만족감을 느끼지 못하는 세대가 선택할 수밖에 없는 결과라고 생각한다.#@문장구분# 비혼자들의 선택을 비판하지는 않지만 비혼을 권할 수는 없다고 생각한다.#@문장구분# 결혼을 한다고해서 꼭 자녀출산으로 이어지는 것은 아니지만 사회구성원들의 생산은 우리가 간과해서는 안되는 중요한 사항이기 때문이다.#@문장구분#",
      "paragraph_len": 1139,
      "paragraph_id": "001"
    }
  ],
  "score": {
    "paragraph_score": [
      {
        "paragraph_scoreT": [
          3,
          3,
          3
        ],
        "paragraph_scoreT_detail": {
          "paragraph_scoreT_exp": [
            [
              3,
              3,
              3
            ],
            [
              3,
              3,
              3
            ],
            [
              3,
              3,
              3
            ]
          ]
        },
        "paragraph_scoreT_avg": 3,
        "paragraph_id": "001"
      }
    ],
    "essay_scoreT": [
      30,
      30,
      30
    ],
    "essay_scoreT_avg": 30,
    "essay_scoreT_detail": {
      "essay_scoreT_org": [
        [
          3,
          0,
          3,
          3
        ],
        [
          3,
          0,
          3,
          3
        ],
        [
          3,
          0,
          3,
          3
        ]
      ],
      "essay_scoreT_cont": [
        [
          3,
          3,
          3,
          3
        ],
        [
          3,
          3,
          3,
          3
        ],
        [
          3,
          3,
          3,
          3
        ]
      ],
      "essay_scoreT_exp": [
        [
          3,
          3,
          3
        ],
        [
          3,
          3,
          3
        ],
        [
          3,
          3,
          3
        ]
      ]
    }
  },
  "student": {
    "date": "2021.12.14",
    "student_educated": true,
    "student_grade": "고등_1학년",
    "location": "053",
    "student_grade_group": "고등",
    "student_reading": 1
  },
  "rubric": {
    "essay_grade": "고등_1학년",
    "organization_weight": {
      "org_paragraph": 0,
      "org": 3,
      "org_essay": 6,
      "org_coherence": 3,
      "org_quantity": 1
    },
    "essay_type": "찬성반대",
    "content_weight": {
      "con_clearance": 3,
      "con_novelty": 3,
      "con": 4,
      "con_prompt": 1,
      "con_description": 3
    },
    "essay_main_subject": "비혼주의자에 대한 본인의 의견",
    "expression_weight": {
      "exp_style": 4,
      "exp_grammar": 2,
      "exp_vocab": 4,
      "exp": 3
    }
  },
  "correction": [],
  "info": {
    "essay_id": "ESSAY_61626",
    "essay_prompt": " \"\"연애는 필수, 결혼은 선택! 가슴이 뛰는 대로 가면 돼\"\".\n\n 유명한 유행가의 노래 가사처럼, 청년들에게 결혼은 이제 필수가 아닌 하나의 선택 사항입니다. 연애, 결혼, 출산을 포기한다는 의미의 '3포세대'라는 말이 나오기 무섭게 5포 세대, N포세대까지 등장할 정도로 취업난, 치솟는 부동산 가격 등 여러 사회·경제적 요인들로 청년층을 위축시켰습니다.\n\n 모두가 이러한 이유로 '결혼을 포기'하는 것만은 아닙니다. 개인의 행복을 위해 '비혼을 선택'하는 청년들도 늘고 있습니다. 이처럼 최근 전통적인 가치관에서 벗어나 연애와 동거는 하면서 결혼이라는 제도에 묶여 관계에서 파생되는 책임을 벗어나 자유로운 삶을 추구하는 비혼주의자가 늘고 있습니다.\n\n 다만, 개인의 자유로운 선택에 따라 비혼주의를 하지만 주변에서는 아직 고운 시선으로 바라보지 않는 사람도 많습니다. 결혼이라는 제도에 대해서 선택이 아닌 필수라고 생각하는 사람들도 많지요. 개개인이 모여 사회가 형성되기 때문에 사회의 가장 작은 단위인 가족을 이루는 것도 사회 구성원으로서의 큰 역할이라고 생각하는 사람들도 있습니다.\n\n 여러분은 결혼을 꼭 해야 한다고 생각하시나요? 아니면 결혼은 선택의 문제라고 생각하시나요? 비혼주의에 대해 찬성하는 입장 반대를 선택하여 자신의 의견을 작성해주세요. 그리고 그렇게 생각한 이유에 대해서 작성해주세요.",
    "essay_type": "찬성반대",
    "essay_level": "2",
    "essay_len": 919,
    "essay_main_subject": "비혼주의자에 대한 본인의 의견"
  }
}