{
  "paragraph": [
    {
      "paragraph_txt": "비혼주의!#@문장구분# 예전 티브이프로에 본인이 비혼이란 말을 처음으로 사용했다는 정신과의사 선생님이 나와서 했던 말이 생각난다.#@문장구분# 그 의사선생님은 비혼이란 결혼을 하지 않은 상태를 나타내는 말이라며 어떤 주의가 아니라고 했다.#@문장구분# 비혼주의가 아니라 그냥 비혼인 상태인 것이다.#@문장구분# 즉 결혼을 하지 않았을 뿐이지 앞으로 결혼을 하게 되면 비혼상태가 없어지는 거라 독신주의와 구분되어야 한다고 했던 것 같다.#@문장구분# 나는 이말에 동의한다.#@문장구분# 나도 아직 어린나이이긴하지만  결혼이 꼭 필요하다고 생각하지 않기 때문이다.#@문장구분# 그렇다고 결혼을 절대 하지 않겠다고는 생각하지 않는다.#@문장구분# 할 수도 있지만 하지 않아도 크게 문제 되지 않는다고 생각한다는 것이다.#@문장구분# 예전같이 우리나라가 인적자원을 가지고 경제성장을 해나가는 시대는 지났다.#@문장구분# 옛날에는 가족을 이뤄서 식구를 불려 경제활동에 보탬이 되어야 했지만 이제는 그런 시대가 아니기 때문이다.#@문장구분# 물론 인구가 줄고 있고 그것이 큰 사회문제가 대두되기는 하지만 그렇다고 해서 내 개인의 행복까지 맞바꾸며 인구를 늘리고 싶은 생각은 없기 때문이다.#@문장구분# 앞에서 말했듯 난 독신주의는 아니다.#@문장구분# 죽을 때까지 나혼자만 살다 죽겠다는 것이 아니라 내가 하고 싶을 때 결혼을 할 수 있다는 것이며, 결혼=자식이라는 공식은 이제 더 이상 성립되지 않는 다고 생각한다.#@문장구분#난 결혼을 했다고 해서 꼭 자식을 낳고 싶은 생각은 없다.#@문장구분# 나날이 심각해지는 환경문제와 같은 미래를 본다면 굳이 자식을 낳아서 살게 하고 싶지가 않기 때문이기도 하다.#@문장구분# 어찌 되었건 난 결혼은 선택의 문제라고 보고 있으며 자식을 낳는 문제도 선택의 문제라고 생각한다.#@문장구분# 어서 빨리 이 문제가 해결되었으면 좋겠다.#@문장구분#",
      "paragraph_len": 1172,
      "paragraph_id": "001"
    }
  ],
  "score": {
    "paragraph_score": [
      {
        "paragraph_scoreT": [
          2,
          3,
          3
        ],
        "paragraph_scoreT_detail": {
          "paragraph_scoreT_exp": [
            [
              2,
              2,
              2
            ],
            [
              3,
              3,
              3
            ],
            [
              3,
              3,
              3
            ]
          ]
        },
        "paragraph_scoreT_avg": 2.6666667,
        "paragraph_id": "001"
      }
    ],
    "essay_scoreT": [
      22.099998,
      30,
      29.1
    ],
    "essay_scoreT_avg": 27.066666,
    "essay_scoreT_detail": {
      "essay_scoreT_org": [
        [
          2,
          0,
          3,
          2
        ],
        [
          3,
          0,
          3,
          3
        ],
        [
          3,
          0,
          2,
          3
        ]
      ],
      "essay_scoreT_cont": [
        [
          3,
          2,
          2,
          2
        ],
        [
          3,
          3,
          3,
          3
        ],
        [
          3,
          3,
          3,
          3
        ]
      ],
      "essay_scoreT_exp": [
        [
          2,
          2,
          2
        ],
        [
          3,
          3,
          3
        ],
        [
          3,
          3,
          3
        ]
      ]
    }
  },
  "student": {
    "date": "2021.11.19",
    "student_educated": true,
    "student_grade": "고등_1학년",
    "location": "063",
    "student_grade_group": "고등",
    "student_reading": 1
  },
  "rubric": {
    "essay_grade": "고등_1학년",
    "organization_weight": {
      "org_paragraph": 0,
      "org": 3,
      "org_essay": 6,
      "org_coherence": 3,
      "org_quantity": 1
    },
    "essay_type": "찬성반대",
    "content_weight": {
      "con_clearance": 3,
      "con_novelty": 3,
      "con": 4,
      "con_prompt": 1,
      "con_description": 3
    },
    "essay_main_subject": "비혼주의자에 대한 본인의 의견",
    "expression_weight": {
      "exp_style": 4,
      "exp_grammar": 2,
      "exp_vocab": 4,
      "exp": 3
    }
  },
  "correction": [],
  "info": {
    "essay_id": "ESSAY_47314",
    "essay_prompt": " \"\"연애는 필수, 결혼은 선택! 가슴이 뛰는 대로 가면 돼\"\".\n\n 유명한 유행가의 노래 가사처럼, 청년들에게 결혼은 이제 필수가 아닌 하나의 선택 사항입니다. 연애, 결혼, 출산을 포기한다는 의미의 '3포세대'라는 말이 나오기 무섭게 5포 세대, N포세대까지 등장할 정도로 취업난, 치솟는 부동산 가격 등 여러 사회·경제적 요인들로 청년층을 위축시켰습니다.\n\n 모두가 이러한 이유로 '결혼을 포기'하는 것만은 아닙니다. 개인의 행복을 위해 '비혼을 선택'하는 청년들도 늘고 있습니다. 이처럼 최근 전통적인 가치관에서 벗어나 연애와 동거는 하면서 결혼이라는 제도에 묶여 관계에서 파생되는 책임을 벗어나 자유로운 삶을 추구하는 비혼주의자가 늘고 있습니다.\n\n 다만, 개인의 자유로운 선택에 따라 비혼주의를 하지만 주변에서는 아직 고운 시선으로 바라보지 않는 사람도 많습니다. 결혼이라는 제도에 대해서 선택이 아닌 필수라고 생각하는 사람들도 많지요. 개개인이 모여 사회가 형성되기 때문에 사회의 가장 작은 단위인 가족을 이루는 것도 사회 구성원으로서의 큰 역할이라고 생각하는 사람들도 있습니다.\n\n 여러분은 결혼을 꼭 해야 한다고 생각하시나요? 아니면 결혼은 선택의 문제라고 생각하시나요? 비혼주의에 대해 찬성하는 입장 반대를 선택하여 자신의 의견을 작성해주세요. 그리고 그렇게 생각한 이유에 대해서 작성해주세요.",
    "essay_type": "찬성반대",
    "essay_level": "2",
    "essay_len": 813,
    "essay_main_subject": "비혼주의자에 대한 본인의 의견"
  }
}