{
  "paragraph": [
    {
      "paragraph_txt": "저는 비혼주의에 대해 찬성 합니다.#@문장구분#\n \n결혼은 가정을 새로 합법적으로 형성하는 작업으로 이에 드는 비용은 현대 사회의 청년들에게는 경제적으로 큰 부담이 되고있다.#@문장구분# 또한 경기 상황은 코로나로 인한 취업난도 심각하고, 물가 상승. 집값 상승등 으로 청년들이 자립하기도 버거운 상황으로 치닫고 있다. #@문장구분#이러한 상황에서 비혼을 배척하고 결혼을 강요할 권리가 사회에게는 없다고 봅니다.#@문장구분#\n \n인간이 살아가는 주요 목적 중 하나는 사회 집단 내에서 자신이 원하고자 하는 일을 하며 살아가는 것 이라고 개인적으로 생각합니다.#@문장구분#\n \n조금 이기적일수있지만 자신이 정말 하나도 사랑하지 않는데 사회가 강요해 누군가와 결혼을 하게 된다면 그 삶은 너무 불행할 것 같기 때문에 비혼주의에 대해서 저는 반대하지 않습니다.#@문장구분#\n \n비혼의 장점은 혼자 생활을 하고 있기 때문에 누구에게도 간섭을 받지않고 자신에게 쓸 시간적인 여유가 늘어나고, 무엇보다 자신의 마음대로 주체적인 생활과 여유를 즐길 시간이 늘어나고 뭐라 할 사람이 없다는 것이 큰 장점 이다.#@문장구분#\n \n비혼주의는 결혼을 하지 않고 아기를 낳지 않기 때문에 시간적으로 여유로워 자기 개발을 좀더 많이 하는  삶을 살 수 있는것도 장점 이라고 생각 합니다.#@문장구분# \n \n인간은 인간으로서 자신이 속한 사회집단 내에서 자신의 의사를 밝히며 살아갈 수 있는 권리(인권/자유권)가 있기 때문에 꼭 결혼을 하지 않아도 된다고 생각합니다.#@문장구분#\n \n그리고 지금은 사회가 많이 변해 비혼주의자가 많아지고 있는 추세입니다.#@문장구분# 그만큼 자신의 삶을 중요시 하는 사람이 많아 졌기 때문에 개인의 가치관을 존중할 필요가 있기 때문입니다.#@문장구분#\n \n그러므로 저는 비혼주의에 찬성합니다.#@문장구분#",
      "paragraph_len": 1059,
      "paragraph_id": "001"
    }
  ],
  "score": {
    "paragraph_score": [
      {
        "paragraph_scoreT": [
          3,
          3,
          2.2
        ],
        "paragraph_scoreT_detail": {
          "paragraph_scoreT_exp": [
            [
              3,
              3,
              3
            ],
            [
              3,
              3,
              3
            ],
            [
              3,
              2,
              2
            ]
          ]
        },
        "paragraph_scoreT_avg": 2.7333333,
        "paragraph_id": "001"
      }
    ],
    "essay_scoreT": [
      30,
      28.5,
      23.900002
    ],
    "essay_scoreT_avg": 27.466667,
    "essay_scoreT_detail": {
      "essay_scoreT_org": [
        [
          3,
          0,
          3,
          3
        ],
        [
          3,
          0,
          3,
          2
        ],
        [
          3,
          0,
          2,
          3
        ]
      ],
      "essay_scoreT_cont": [
        [
          3,
          3,
          3,
          3
        ],
        [
          3,
          2,
          3,
          3
        ],
        [
          2,
          2,
          2,
          3
        ]
      ],
      "essay_scoreT_exp": [
        [
          3,
          3,
          3
        ],
        [
          3,
          3,
          3
        ],
        [
          3,
          2,
          2
        ]
      ]
    }
  },
  "student": {
    "date": "2021.12.13",
    "student_educated": true,
    "student_grade": "고등_1학년",
    "location": "063",
    "student_grade_group": "고등",
    "student_reading": 2
  },
  "rubric": {
    "essay_grade": "고등_1학년",
    "organization_weight": {
      "org_paragraph": 0,
      "org": 3,
      "org_essay": 6,
      "org_coherence": 3,
      "org_quantity": 1
    },
    "essay_type": "찬성반대",
    "content_weight": {
      "con_clearance": 3,
      "con_novelty": 3,
      "con": 4,
      "con_prompt": 1,
      "con_description": 3
    },
    "essay_main_subject": "비혼주의자에 대한 본인의 의견",
    "expression_weight": {
      "exp_style": 4,
      "exp_grammar": 2,
      "exp_vocab": 4,
      "exp": 3
    }
  },
  "correction": [],
  "info": {
    "essay_id": "ESSAY_62885",
    "essay_prompt": " \"\"연애는 필수, 결혼은 선택! 가슴이 뛰는 대로 가면 돼\"\".\n\n 유명한 유행가의 노래 가사처럼, 청년들에게 결혼은 이제 필수가 아닌 하나의 선택 사항입니다. 연애, 결혼, 출산을 포기한다는 의미의 '3포세대'라는 말이 나오기 무섭게 5포 세대, N포세대까지 등장할 정도로 취업난, 치솟는 부동산 가격 등 여러 사회·경제적 요인들로 청년층을 위축시켰습니다.\n\n 모두가 이러한 이유로 '결혼을 포기'하는 것만은 아닙니다. 개인의 행복을 위해 '비혼을 선택'하는 청년들도 늘고 있습니다. 이처럼 최근 전통적인 가치관에서 벗어나 연애와 동거는 하면서 결혼이라는 제도에 묶여 관계에서 파생되는 책임을 벗어나 자유로운 삶을 추구하는 비혼주의자가 늘고 있습니다.\n\n 다만, 개인의 자유로운 선택에 따라 비혼주의를 하지만 주변에서는 아직 고운 시선으로 바라보지 않는 사람도 많습니다. 결혼이라는 제도에 대해서 선택이 아닌 필수라고 생각하는 사람들도 많지요. 개개인이 모여 사회가 형성되기 때문에 사회의 가장 작은 단위인 가족을 이루는 것도 사회 구성원으로서의 큰 역할이라고 생각하는 사람들도 있습니다.\n\n 여러분은 결혼을 꼭 해야 한다고 생각하시나요? 아니면 결혼은 선택의 문제라고 생각하시나요? 비혼주의에 대해 찬성하는 입장 반대를 선택하여 자신의 의견을 작성해주세요. 그리고 그렇게 생각한 이유에 대해서 작성해주세요.",
    "essay_type": "찬성반대",
    "essay_level": "2",
    "essay_len": 819,
    "essay_main_subject": "비혼주의자에 대한 본인의 의견"
  }
}