{
  "paragraph": [
    {
      "paragraph_txt": "최근 전통적인 가치관에서 벗어나 연애와 동거는 하면서 결혼이라는 제도에 묶여 관계에서 파생되는 책임을 벗어나 자유로운 삶을 추구하는 비혼주의자가 늘고 있다고 합니다.#@문장구분# 사람의 가치관은 시대에 따라 상황에 따라 변합니다.#@문장구분# 그렇기 때문에 주위에 있는 비혼주의자에 대해 부정적으로 생각할 필요가 없다고 생각합니다.#@문장구분# 이렇게 생각하는 이유는 전 이 비혼주의에 대해 찬성하는 입장입니다.#@문장구분# 왜냐하면 '결혼은 필수가 아니라, 선택이라는 말'이 만들어져있는 것을 볼 수 있습니다.#@문장구분#  많은 사람들이 이렇게 생각하고 있기 때문에 이 말이 만들어졌다고 생각합니다.#@문장구분# 옛날에는 무조건 결혼은 해야한다라는 생각이 많이 잡혀있어 결혼을 어쩔수없이 하는 경우도 있었습니다.#@문장구분# 그러나 지금은 이 말처럼 결혼은 필수가 아니라 선택이라 자신이 하고 싶으면 하면 된다고 생각합니다.#@문장구분# 또, 저는 비혼이라는 말에 대해서 생각나는 것이 하나 있습니다.#@문장구분#최근에 연예인 사유리라는 분이 비혼출산을 해서 이슈가 된 적이 있습니다.#@문장구분# 비혼출산으로 부정적인 시선도 많이 보였습니다.#@문장구분# 물론 긍정적인 반응도 많이 보였습니다.#@문장구분# 사실 저는 이런 부정적인 시선도 이해는 합니다.#@문장구분#  비혼 출산 전에 비혼주의자에 대한 달갑지 않은 시선이 보이기 때문이죠.#@문장구분# 아직은 사회에서 이러한 시선들이 많이 보이는게 마음이 아픕니다.#@문장구분#  비혼주의에 대해 부정적으로 바라보시는 분들도 비혼주의자를 이해하고 존중하는 모습을 보여야 할 때라고 생각합니다.#@문장구분# 물론 이해하고 존중하는 모습을 보여주기도 하지만 모든 사람이 실천하고 있지는 않습니다.#@문장구분# 아무래도 가치관이 달라 쉽게 바뀌기에는 어려운 일이라 생각합니다.#@문장구분#  그래서 저는 가치관이 다른 것이기 때문에 결혼을 강요할 이유는 없다고 생각합니다.#@문장구분#결혼이 필수라고 생각하지 않는 사람들에 이어 결혼이 자신의 꿈(직업)에 방해가 된다 생각 해 결혼을 꺼리는 사람들도 있다.#@문장구분#",
      "paragraph_len": 1307,
      "paragraph_id": "001"
    }
  ],
  "score": {
    "paragraph_score": [
      {
        "paragraph_scoreT": [
          3,
          3,
          2.4
        ],
        "paragraph_scoreT_detail": {
          "paragraph_scoreT_exp": [
            [
              3,
              3,
              3
            ],
            [
              3,
              3,
              3
            ],
            [
              2,
              3,
              2
            ]
          ]
        },
        "paragraph_scoreT_avg": 2.8,
        "paragraph_id": "001"
      }
    ],
    "essay_scoreT": [
      30,
      27,
      24.5
    ],
    "essay_scoreT_avg": 27.166666,
    "essay_scoreT_detail": {
      "essay_scoreT_org": [
        [
          3,
          0,
          3,
          3
        ],
        [
          2,
          0,
          3,
          3
        ],
        [
          3,
          0,
          2,
          3
        ]
      ],
      "essay_scoreT_cont": [
        [
          3,
          3,
          3,
          3
        ],
        [
          3,
          2,
          3,
          3
        ],
        [
          2,
          2,
          2,
          3
        ]
      ],
      "essay_scoreT_exp": [
        [
          3,
          3,
          3
        ],
        [
          3,
          3,
          3
        ],
        [
          2,
          3,
          2
        ]
      ]
    }
  },
  "student": {
    "date": "2021.12.15",
    "student_educated": true,
    "student_grade": "고등_1학년",
    "location": "063",
    "student_grade_group": "고등",
    "student_reading": 2
  },
  "rubric": {
    "essay_grade": "고등_1학년",
    "organization_weight": {
      "org_paragraph": 0,
      "org": 3,
      "org_essay": 6,
      "org_coherence": 3,
      "org_quantity": 1
    },
    "essay_type": "찬성반대",
    "content_weight": {
      "con_clearance": 3,
      "con_novelty": 3,
      "con": 4,
      "con_prompt": 1,
      "con_description": 3
    },
    "essay_main_subject": "비혼주의자에 대한 본인의 의견",
    "expression_weight": {
      "exp_style": 4,
      "exp_grammar": 2,
      "exp_vocab": 4,
      "exp": 3
    }
  },
  "correction": [],
  "info": {
    "essay_id": "ESSAY_71365",
    "essay_prompt": " \"\"연애는 필수, 결혼은 선택! 가슴이 뛰는 대로 가면 돼\"\".\n\n 유명한 유행가의 노래 가사처럼, 청년들에게 결혼은 이제 필수가 아닌 하나의 선택 사항입니다. 연애, 결혼, 출산을 포기한다는 의미의 '3포세대'라는 말이 나오기 무섭게 5포 세대, N포세대까지 등장할 정도로 취업난, 치솟는 부동산 가격 등 여러 사회·경제적 요인들로 청년층을 위축시켰습니다.\n\n 모두가 이러한 이유로 '결혼을 포기'하는 것만은 아닙니다. 개인의 행복을 위해 '비혼을 선택'하는 청년들도 늘고 있습니다. 이처럼 최근 전통적인 가치관에서 벗어나 연애와 동거는 하면서 결혼이라는 제도에 묶여 관계에서 파생되는 책임을 벗어나 자유로운 삶을 추구하는 비혼주의자가 늘고 있습니다.\n\n 다만, 개인의 자유로운 선택에 따라 비혼주의를 하지만 주변에서는 아직 고운 시선으로 바라보지 않는 사람도 많습니다. 결혼이라는 제도에 대해서 선택이 아닌 필수라고 생각하는 사람들도 많지요. 개개인이 모여 사회가 형성되기 때문에 사회의 가장 작은 단위인 가족을 이루는 것도 사회 구성원으로서의 큰 역할이라고 생각하는 사람들도 있습니다.\n\n 여러분은 결혼을 꼭 해야 한다고 생각하시나요? 아니면 결혼은 선택의 문제라고 생각하시나요? 비혼주의에 대해 찬성하는 입장 반대를 선택하여 자신의 의견을 작성해주세요. 그리고 그렇게 생각한 이유에 대해서 작성해주세요.",
    "essay_type": "찬성반대",
    "essay_level": "2",
    "essay_len": 907,
    "essay_main_subject": "비혼주의자에 대한 본인의 의견"
  }
}