{
  "paragraph": [
    {
      "paragraph_txt": "저는 비혼 주의자에 대한 의견에 반대를 합니다.#@문장구분# 과거에는 결혼 비율이 높았지만 현재는 결혼 비율이 줄어들고 있는 추세입니다.#@문장구분# 과거에는 결혼 비중이 높아 저출산 문제보다는 과출산 문제가 많았지만 현재는 결혼 비중이 낮아 저출산으로 문제가 많고 저출산으로 인해 일자리도 줄어들고 있습니다.#@문장구분# 현재 저출산 문제로 정부에서 여러 가지 도움을 주고 있지만 문제는 해결되고 있지 않습니다.#@문장구분# 만약 비혼 주의라는 것이 없었다면 저출산 문제가 해결되고 일자리가 늘면서 나라 경제가 좋아져서 발전에 도움을 줄 수 있다고 저는 생각합니다.#@문장구분# 많은 연애하면서 결혼을 원하지 않는 사람들이 있습니다.#@문장구분# 저는 그런 사람들에게 이 말을 전하고 싶습니다.#@문장구분# 땅에 작은 식물을 심고 물을 주기적으로 주게 된다면 결국엔 커다란 나무가 자랍니다.#@문장구분# 그 나무가 번식을 하고 그 오랜 과정을 거치게 된다면 크고 울창한 숲이 되듯이 작은 3인 가족이라도 미래에는 4인, 5인 가족으로 늘어나면서 사회에서 큰 역할이 될 수도 있습니다.#@문장구분# 그래서 저는 비혼 주의에 대한 의견에 반대를 합니다. #@문장구분#사람들이 결혼을 하지 않는 가장 큰 이유는 금전적 문제라고 생각합니다. #@문장구분#최근 3년 사이 폭등한 아파트 값과 각종 세금들, 또 물가가 올라 자기 혼자 먹고 살기도 힘든데 누구 하나 같이 살면서 벌어먹기는 더 힘들다고 생각해 결혼을 안하는 것이라고 생각합니다.#@문장구분# 우선 정부에서 부동산 문제부터 알맞은 정책을 시행해 가격을 낮추는 것이 시급하다고 생각합니다. #@문장구분#그리고 또 아기까지 낳으면 돈이 배로 드는데 과연 누가 낳으려고 할것인지 의문입니다.#@문장구분# 이 문제를 해결하기 위해서는 아기를 낳았을 때 주는 지원금의 액수를 대폭 인상하는 방법이 있다고 생각합니다.#@문장구분#",
      "paragraph_len": 1131,
      "paragraph_id": "001"
    }
  ],
  "score": {
    "paragraph_score": [
      {
        "paragraph_scoreT": [
          2,
          3,
          2.6
        ],
        "paragraph_scoreT_detail": {
          "paragraph_scoreT_exp": [
            [
              2,
              2,
              2
            ],
            [
              3,
              3,
              3
            ],
            [
              3,
              2,
              3
            ]
          ]
        },
        "paragraph_scoreT_avg": 2.5333333,
        "paragraph_id": "001"
      }
    ],
    "essay_scoreT": [
      22.4,
      27,
      27.9
    ],
    "essay_scoreT_avg": 25.766668,
    "essay_scoreT_detail": {
      "essay_scoreT_org": [
        [
          2,
          0,
          2,
          2
        ],
        [
          2,
          0,
          3,
          3
        ],
        [
          3,
          0,
          2,
          3
        ]
      ],
      "essay_scoreT_cont": [
        [
          3,
          2,
          2,
          3
        ],
        [
          3,
          2,
          3,
          3
        ],
        [
          3,
          3,
          3,
          3
        ]
      ],
      "essay_scoreT_exp": [
        [
          2,
          2,
          2
        ],
        [
          3,
          3,
          3
        ],
        [
          3,
          2,
          3
        ]
      ]
    }
  },
  "student": {
    "date": "2021.11.18",
    "student_educated": true,
    "student_grade": "고등_1학년",
    "location": "054",
    "student_grade_group": "고등",
    "student_reading": 2
  },
  "rubric": {
    "essay_grade": "고등_1학년",
    "organization_weight": {
      "org_paragraph": 0,
      "org": 3,
      "org_essay": 6,
      "org_coherence": 3,
      "org_quantity": 1
    },
    "essay_type": "찬성반대",
    "content_weight": {
      "con_clearance": 3,
      "con_novelty": 3,
      "con": 4,
      "con_prompt": 1,
      "con_description": 3
    },
    "essay_main_subject": "비혼주의자에 대한 본인의 의견",
    "expression_weight": {
      "exp_style": 4,
      "exp_grammar": 2,
      "exp_vocab": 4,
      "exp": 3
    }
  },
  "correction": [],
  "info": {
    "essay_id": "ESSAY_47309",
    "essay_prompt": " \"\"연애는 필수, 결혼은 선택! 가슴이 뛰는 대로 가면 돼\"\".\n\n 유명한 유행가의 노래 가사처럼, 청년들에게 결혼은 이제 필수가 아닌 하나의 선택 사항입니다. 연애, 결혼, 출산을 포기한다는 의미의 '3포세대'라는 말이 나오기 무섭게 5포 세대, N포세대까지 등장할 정도로 취업난, 치솟는 부동산 가격 등 여러 사회·경제적 요인들로 청년층을 위축시켰습니다.\n\n 모두가 이러한 이유로 '결혼을 포기'하는 것만은 아닙니다. 개인의 행복을 위해 '비혼을 선택'하는 청년들도 늘고 있습니다. 이처럼 최근 전통적인 가치관에서 벗어나 연애와 동거는 하면서 결혼이라는 제도에 묶여 관계에서 파생되는 책임을 벗어나 자유로운 삶을 추구하는 비혼주의자가 늘고 있습니다.\n\n 다만, 개인의 자유로운 선택에 따라 비혼주의를 하지만 주변에서는 아직 고운 시선으로 바라보지 않는 사람도 많습니다. 결혼이라는 제도에 대해서 선택이 아닌 필수라고 생각하는 사람들도 많지요. 개개인이 모여 사회가 형성되기 때문에 사회의 가장 작은 단위인 가족을 이루는 것도 사회 구성원으로서의 큰 역할이라고 생각하는 사람들도 있습니다.\n\n 여러분은 결혼을 꼭 해야 한다고 생각하시나요? 아니면 결혼은 선택의 문제라고 생각하시나요? 비혼주의에 대해 찬성하는 입장 반대를 선택하여 자신의 의견을 작성해주세요. 그리고 그렇게 생각한 이유에 대해서 작성해주세요.",
    "essay_type": "찬성반대",
    "essay_level": "2",
    "essay_len": 831,
    "essay_main_subject": "비혼주의자에 대한 본인의 의견"
  }
}