{
  "paragraph": [
    {
      "paragraph_txt": "나는 비혼주의에 대해서 찬성한다.#@문장구분# 요즘 사회에서 비혼주의자를 흔하게 볼 수 있다.#@문장구분# 하지만 뉴스에 비혼주의를 검색하면 '암울적인 한국 미래'라는 표현을 사용하며 비혼주의자에 대한 인식이 좋지만은 않다.#@문장구분# 아직은 이런 비혼주의자들을 비판하고 비혼주의를 반대하는 사회이지만 비혼주의는 누구나 가질 수 있는 생각이고 권리이다.#@문장구분#",
      "paragraph_len": 257,
      "paragraph_id": "001"
    },
    {
      "paragraph_txt": " 사람들이 비혼주의를 하게되는 이유는 무엇일까?#@문장구분# 사람들이 비혼주의를 가지는 이유로 가장 대표적으로 많은 사람들은 경제력 때문이라고 말한다.#@문장구분# 결혼을 하게 되면 확실히 혼자 살 때보다 훨씬 더 많은 돈이 나가기 때문에 돈이 부담스러울 수 있다.#@문장구분# 경제력 뿐만 아니라 변해가는 사회도 이유로 들 수 있다.#@문장구분# 옛날처럼 결혼을 해야해! 라는 강박과 압박을 하는 시대가 가고 결혼을 하기 보다는 혼자 살면서 삶을 즐기는 사람들이 많아져서 비혼주의가 생기게 된 것 같다.#@문장구분# 여자와 남자 둘다 결혼해서 책임을 지면서 집에 묶여 사느니 자기 자신을 개발하며 능력을 키우고 하고 싶은 일을 다 하는 편하게 본인의 라이프를 즐기기 위해서 비혼주의가 많이 보편화 된 것 같다.#@문장구분# ",
      "paragraph_len": 484,
      "paragraph_id": "002"
    },
    {
      "paragraph_txt": " 그렇다면 연애와 동거는 하되, 결혼은 싫은 이유는 무엇일까?#@문장구분# 연애는 하다가 마음이 식거나 연인사이에 문제가 생긴다면 간단하게 헤어질 수 있다.#@문장구분# 그러나 결혼은 부부 사이에 문제가 생기면 법정에 가서 이혼을 해야한다.#@문장구분# 그래서 결혼은 부담스러울 수 있다.#@문장구분# 평생 한 사람을 사랑하고 살려는 자신이 없을 수도 있다.#@문장구분# 연애는 서로만을 챙기면 되지만, 결혼은 아내와 남편 서로도 챙기고 서로의 부모님도 챙겨야하며, 아이를 낳는다면 아이도 챙겨야한다.#@문장구분# 그래서 자기 자신을 위한 시간이 보장되지 않고 '나'를 위한 인생이 아니라 아이나 아내와 남편을 위한 인생을 살아야 한다.#@문장구분# 그러니 연애에 비해 결혼은 부담스럽고 어렵게 느껴지는게 당연하다.#@문장구분#",
      "paragraph_len": 511,
      "paragraph_id": "003"
    },
    {
      "paragraph_txt": " 결혼은 자기가 하고싶으면 하고, 안하고 싶으면 안하면 된다.#@문장구분# 그저 개인의 가치관인데 남이 반대할 필요가 있을까 싶다.#@문장구분# 비혼주의자를 이해하고 존중하는 사회가 되었으면 좋겠다.#@문장구분#",
      "paragraph_len": 157,
      "paragraph_id": "004"
    }
  ],
  "score": {
    "paragraph_score": [
      {
        "paragraph_scoreT": [
          3,
          3,
          2
        ],
        "paragraph_scoreT_detail": {
          "paragraph_scoreT_exp": [
            [
              3,
              3,
              3
            ],
            [
              3,
              3,
              3
            ],
            [
              2,
              2,
              2
            ]
          ]
        },
        "paragraph_scoreT_avg": 2.6666667,
        "paragraph_id": "001"
      },
      {
        "paragraph_scoreT": [
          3,
          3,
          2
        ],
        "paragraph_scoreT_detail": {
          "paragraph_scoreT_exp": [
            [
              3,
              3,
              3
            ],
            [
              3,
              3,
              3
            ],
            [
              2,
              2,
              2
            ]
          ]
        },
        "paragraph_scoreT_avg": 2.6666667,
        "paragraph_id": "002"
      },
      {
        "paragraph_scoreT": [
          3,
          3,
          2.2
        ],
        "paragraph_scoreT_detail": {
          "paragraph_scoreT_exp": [
            [
              3,
              3,
              3
            ],
            [
              3,
              3,
              3
            ],
            [
              3,
              2,
              2
            ]
          ]
        },
        "paragraph_scoreT_avg": 2.7333333,
        "paragraph_id": "003"
      },
      {
        "paragraph_scoreT": [
          3,
          3,
          2
        ],
        "paragraph_scoreT_detail": {
          "paragraph_scoreT_exp": [
            [
              3,
              3,
              3
            ],
            [
              3,
              3,
              3
            ],
            [
              2,
              2,
              2
            ]
          ]
        },
        "paragraph_scoreT_avg": 2.6666667,
        "paragraph_id": "004"
      }
    ],
    "essay_scoreT": [
      28.8,
      28.8,
      21.8
    ],
    "essay_scoreT_avg": 26.466665,
    "essay_scoreT_detail": {
      "essay_scoreT_org": [
        [
          3,
          0,
          3,
          3
        ],
        [
          3,
          0,
          3,
          3
        ],
        [
          3,
          0,
          2,
          2
        ]
      ],
      "essay_scoreT_cont": [
        [
          3,
          2,
          3,
          3
        ],
        [
          3,
          2,
          3,
          3
        ],
        [
          2,
          2,
          2,
          2
        ]
      ],
      "essay_scoreT_exp": [
        [
          3,
          3,
          3
        ],
        [
          3,
          3,
          3
        ],
        [
          2,
          2,
          2
        ]
      ]
    }
  },
  "student": {
    "date": "2021.09.13",
    "student_educated": true,
    "student_grade": "고등_1학년",
    "location": "051",
    "student_grade_group": "고등",
    "student_reading": 1
  },
  "rubric": {
    "essay_grade": "고등_1학년",
    "organization_weight": {
      "org_paragraph": 0,
      "org": 3,
      "org_essay": 6,
      "org_coherence": 3,
      "org_quantity": 1
    },
    "essay_type": "찬성반대",
    "content_weight": {
      "con_clearance": 3,
      "con_novelty": 3,
      "con": 4,
      "con_prompt": 1,
      "con_description": 3
    },
    "essay_main_subject": "비혼주의자에 대한 본인의 의견",
    "expression_weight": {
      "exp_style": 4,
      "exp_grammar": 2,
      "exp_vocab": 4,
      "exp": 3
    }
  },
  "correction": [],
  "info": {
    "essay_id": "ESSAY_33772",
    "essay_prompt": " \"\"연애는 필수, 결혼은 선택! 가슴이 뛰는 대로 가면 돼\"\".\n\n 유명한 유행가의 노래 가사처럼, 청년들에게 결혼은 이제 필수가 아닌 하나의 선택 사항입니다. 연애, 결혼, 출산을 포기한다는 의미의 '3포세대'라는 말이 나오기 무섭게 5포 세대, N포세대까지 등장할 정도로 취업난, 치솟는 부동산 가격 등 여러 사회·경제적 요인들로 청년층을 위축시켰습니다.\n\n 모두가 이러한 이유로 '결혼을 포기'하는 것만은 아닙니다. 개인의 행복을 위해 '비혼을 선택'하는 청년들도 늘고 있습니다. 이처럼 최근 전통적인 가치관에서 벗어나 연애와 동거는 하면서 결혼이라는 제도에 묶여 관계에서 파생되는 책임을 벗어나 자유로운 삶을 추구하는 비혼주의자가 늘고 있습니다.\n\n 다만, 개인의 자유로운 선택에 따라 비혼주의를 하지만 주변에서는 아직 고운 시선으로 바라보지 않는 사람도 많습니다. 결혼이라는 제도에 대해서 선택이 아닌 필수라고 생각하는 사람들도 많지요. 개개인이 모여 사회가 형성되기 때문에 사회의 가장 작은 단위인 가족을 이루는 것도 사회 구성원으로서의 큰 역할이라고 생각하는 사람들도 있습니다.\n\n 여러분은 결혼을 꼭 해야 한다고 생각하시나요? 아니면 결혼은 선택의 문제라고 생각하시나요? 비혼주의에 대해 찬성하는 입장 반대를 선택하여 자신의 의견을 작성해주세요. 그리고 그렇게 생각한 이유에 대해서 작성해주세요.",
    "essay_type": "찬성반대",
    "essay_level": "2",
    "essay_len": 996,
    "essay_main_subject": "비혼주의자에 대한 본인의 의견"
  }
}