{
  "paragraph": [
    {
      "paragraph_txt": "저는 비혼주의에 찬성합니다.#@문장구분# 결혼은 필수적인 것이 아닙니다.#@문장구분# 결혼제도가 만들어진 바탕에는 부계불확실성 보완, 용이한 자식 양육 등의 이유가 있습니다.#@문장구분# 농경사회였던 과거에는 노동력이 곧 재산이었기 때문에 가정을 꾸려 아이를 많이 낳는 것이 이득이었습니다.#@문장구분# 사람 수가 많을 수록 농사를 하기 더 쉬워지니 사람들은 결혼을 하는 것이 삶을 더 편하게 사는 방법이라고 생각했을 겁니다.#@문장구분# 하지만 현대 사회는 더 이상 농업을 중심으로 돌아가지 않습니다.#@문장구분# 그만큼 개인주의적인 부분과 현실적인 부분을 많이 따지는 것입니다. #@문장구분#자식들은 과거와 달리 성인이 되기 전까지는 거의 돈을 벌지 못하고, 부모는 20년동안 자식들의 뒷바라지를 해야 합니다.#@문장구분# 기본적인 의식주를 챙겨주는 것만으로는 부족합니다. #@문장구분#치열한 경쟁 속에 낙오되지 않기 위해서는 사교육을 시켜야 하기 때문에 양육 비용은 점점 늘어납니다.#@문장구분# 아이를 출산해서 성인이 되어서 키울때까지 들어가는 비용도 만만치 않기 때문이며 성인이 되었어도 바로 취업할 수는 없습니다.#@문장구분# 대학을 가야 사람 취급을 해주는 요즘 고졸은 취업이 힘들기 때문에 대학교까지 보내줘야 합니다.#@문장구분# 석박사도 시킬 수도 있겠죠.#@문장구분# 양육 비용은 배로 늘어날 겁니다.#@문장구분# 어찌저찌 대학을 졸업한다고 해도 취업을 할 수 있을지는 알 수 없습니다.#@문장구분# 이 밖에도 배우자와의 성격차, 재산 관리 문제 등 결혼을 기피할 이유는 충분하다고 생각합니다.#@문장구분# 현 시점에서 이런 비혼에 대한 문제점들이 해결되지 않는다면 너 나 할것없이 결혼에 대해 기피현상이 더욱 늘어날것이라고 생각이 되며, 국가에서는 이러한 문제점들을 해결해야할 때라고 생각합니다.#@문장구분#",
      "paragraph_len": 1137,
      "paragraph_id": "001"
    }
  ],
  "score": {
    "paragraph_score": [
      {
        "paragraph_scoreT": [
          3,
          3,
          2
        ],
        "paragraph_scoreT_detail": {
          "paragraph_scoreT_exp": [
            [
              3,
              3,
              3
            ],
            [
              3,
              3,
              3
            ],
            [
              2,
              2,
              2
            ]
          ]
        },
        "paragraph_scoreT_avg": 2.6666667,
        "paragraph_id": "001"
      }
    ],
    "essay_scoreT": [
      30,
      28.8,
      24
    ],
    "essay_scoreT_avg": 27.6,
    "essay_scoreT_detail": {
      "essay_scoreT_org": [
        [
          3,
          0,
          3,
          3
        ],
        [
          3,
          0,
          3,
          3
        ],
        [
          2,
          0,
          3,
          3
        ]
      ],
      "essay_scoreT_cont": [
        [
          3,
          3,
          3,
          3
        ],
        [
          2,
          3,
          3,
          3
        ],
        [
          2,
          3,
          3,
          3
        ]
      ],
      "essay_scoreT_exp": [
        [
          3,
          3,
          3
        ],
        [
          3,
          3,
          3
        ],
        [
          2,
          2,
          2
        ]
      ]
    }
  },
  "student": {
    "date": "2021.12.07",
    "student_educated": true,
    "student_grade": "고등_1학년",
    "location": "063",
    "student_grade_group": "고등",
    "student_reading": 2
  },
  "rubric": {
    "essay_grade": "고등_1학년",
    "organization_weight": {
      "org_paragraph": 0,
      "org": 3,
      "org_essay": 6,
      "org_coherence": 3,
      "org_quantity": 1
    },
    "essay_type": "찬성반대",
    "content_weight": {
      "con_clearance": 3,
      "con_novelty": 3,
      "con": 4,
      "con_prompt": 1,
      "con_description": 3
    },
    "essay_main_subject": "비혼주의자에 대한 본인의 의견",
    "expression_weight": {
      "exp_style": 4,
      "exp_grammar": 2,
      "exp_vocab": 4,
      "exp": 3
    }
  },
  "correction": [],
  "info": {
    "essay_id": "ESSAY_56363",
    "essay_prompt": " \"\"연애는 필수, 결혼은 선택! 가슴이 뛰는 대로 가면 돼\"\".\n\n 유명한 유행가의 노래 가사처럼, 청년들에게 결혼은 이제 필수가 아닌 하나의 선택 사항입니다. 연애, 결혼, 출산을 포기한다는 의미의 '3포세대'라는 말이 나오기 무섭게 5포 세대, N포세대까지 등장할 정도로 취업난, 치솟는 부동산 가격 등 여러 사회·경제적 요인들로 청년층을 위축시켰습니다.\n\n 모두가 이러한 이유로 '결혼을 포기'하는 것만은 아닙니다. 개인의 행복을 위해 '비혼을 선택'하는 청년들도 늘고 있습니다. 이처럼 최근 전통적인 가치관에서 벗어나 연애와 동거는 하면서 결혼이라는 제도에 묶여 관계에서 파생되는 책임을 벗어나 자유로운 삶을 추구하는 비혼주의자가 늘고 있습니다.\n\n 다만, 개인의 자유로운 선택에 따라 비혼주의를 하지만 주변에서는 아직 고운 시선으로 바라보지 않는 사람도 많습니다. 결혼이라는 제도에 대해서 선택이 아닌 필수라고 생각하는 사람들도 많지요. 개개인이 모여 사회가 형성되기 때문에 사회의 가장 작은 단위인 가족을 이루는 것도 사회 구성원으로서의 큰 역할이라고 생각하는 사람들도 있습니다.\n\n 여러분은 결혼을 꼭 해야 한다고 생각하시나요? 아니면 결혼은 선택의 문제라고 생각하시나요? 비혼주의에 대해 찬성하는 입장 반대를 선택하여 자신의 의견을 작성해주세요. 그리고 그렇게 생각한 이유에 대해서 작성해주세요.",
    "essay_type": "찬성반대",
    "essay_level": "2",
    "essay_len": 793,
    "essay_main_subject": "비혼주의자에 대한 본인의 의견"
  }
}