{
  "paragraph": [
    {
      "paragraph_txt": "나는 비혼주의에 대해 반대 합니다.#@문장구분# 이유는 우리나라의 경제 성장률이 감소하기 때문입니다.#@문장구분#  예를 들면, 저출산 고령화 사회가 계속 될수록 국가의 노동력이 감소하게 됩니다. #@문장구분#이렇게 노동력이 감소할 경우 경제가 성장할 수 없기 때문입니다. #@문장구분# 또한 교육력이 감소할 것 같기 때문입니다.#@문장구분# 결혼을하여 아이를나아야 교육 열도 뜨거워지는데 결혼을 하지않고  자녀를 낳지 않으면 우리나라는 점차 인구수가 감소하여 교육을 강화하기 위해 노력 해야하는 인력이 줄어들기 때문입니다.#@문장구분# 이러한 사태를 방지하기 위해서는 그 교육의 대상이 필요하게 결혼을 하고 출산을 하여 자녀 양육의 질을 높여야 된다고 생각됩니다.#@문장구분# 비혼주의 즉 저출산 사회 현상이 증가하면 그 교육의 대상이 사라지기 때문입니다. #@문장구분#또 다른 이유로는  내가 외롭고 슬프고 아플 때 옆에서 지켜주고 같이 걱정해주고 보듬아주는 따뜻한 오로지 내편이  안 생길 것 같습니다.#@문장구분# 우리나라는 현재 저출산, 고령화 문제로 생산가능인력이 줄어들고 있기 때문에  이런 관점에서 봤을 때 결혼을 통해 아기를 낳는 것이 사회적 문제의 해결방법처럼 보입니다.#@문장구분# 그러나 현재에는 경제적문제, 사회적문제 등 결혼한 신혼부부들의 출산률이 높지가 않습니다.#@문장구분#  결혼을 하더라도 저출산 문제는 해결 되지 않고 계속 유지 될 것이라면 나라면 나의 경험과 세상을 보는 견문을 넓히기 위해 결혼을 하지 않는 것도 나쁘지 않다고 생각한다.#@문장구분# 따라서 나는 나의 자유와 권리가 사회적 문제보다 더 중요하다고 생각합니다.#@문장구분# 저는 결혼을 꼭 해야 한다고 생각이 들지는 않지만 결혼은 해야한다는 생각이 또다른 자아는 말한다.#@문장구분# 모르겠다.#@문장구분#  비혼주의에 대해 찬성하는 입장 보다는 반대 이밪이 더크기는하지만 반반이다#@문장구분#",
      "paragraph_len": 1157,
      "paragraph_id": "001"
    }
  ],
  "score": {
    "paragraph_score": [
      {
        "paragraph_scoreT": [
          3,
          2.8,
          2.4
        ],
        "paragraph_scoreT_detail": {
          "paragraph_scoreT_exp": [
            [
              3,
              3,
              3
            ],
            [
              2,
              3,
              3
            ],
            [
              2,
              3,
              2
            ]
          ]
        },
        "paragraph_scoreT_avg": 2.7333336,
        "paragraph_id": "001"
      }
    ],
    "essay_scoreT": [
      30,
      24.3,
      24.5
    ],
    "essay_scoreT_avg": 26.266668,
    "essay_scoreT_detail": {
      "essay_scoreT_org": [
        [
          3,
          0,
          3,
          3
        ],
        [
          2,
          0,
          2,
          3
        ],
        [
          3,
          0,
          2,
          3
        ]
      ],
      "essay_scoreT_cont": [
        [
          3,
          3,
          3,
          3
        ],
        [
          2,
          2,
          3,
          3
        ],
        [
          2,
          2,
          2,
          3
        ]
      ],
      "essay_scoreT_exp": [
        [
          3,
          3,
          3
        ],
        [
          2,
          3,
          3
        ],
        [
          2,
          3,
          2
        ]
      ]
    }
  },
  "student": {
    "date": "2021.12.15",
    "student_educated": true,
    "student_grade": "고등_1학년",
    "location": "063",
    "student_grade_group": "고등",
    "student_reading": 2
  },
  "rubric": {
    "essay_grade": "고등_1학년",
    "organization_weight": {
      "org_paragraph": 0,
      "org": 3,
      "org_essay": 6,
      "org_coherence": 3,
      "org_quantity": 1
    },
    "essay_type": "찬성반대",
    "content_weight": {
      "con_clearance": 3,
      "con_novelty": 3,
      "con": 4,
      "con_prompt": 1,
      "con_description": 3
    },
    "essay_main_subject": "비혼주의자에 대한 본인의 의견",
    "expression_weight": {
      "exp_style": 4,
      "exp_grammar": 2,
      "exp_vocab": 4,
      "exp": 3
    }
  },
  "correction": [],
  "info": {
    "essay_id": "ESSAY_71371",
    "essay_prompt": " \"\"연애는 필수, 결혼은 선택! 가슴이 뛰는 대로 가면 돼\"\".\n\n 유명한 유행가의 노래 가사처럼, 청년들에게 결혼은 이제 필수가 아닌 하나의 선택 사항입니다. 연애, 결혼, 출산을 포기한다는 의미의 '3포세대'라는 말이 나오기 무섭게 5포 세대, N포세대까지 등장할 정도로 취업난, 치솟는 부동산 가격 등 여러 사회·경제적 요인들로 청년층을 위축시켰습니다.\n\n 모두가 이러한 이유로 '결혼을 포기'하는 것만은 아닙니다. 개인의 행복을 위해 '비혼을 선택'하는 청년들도 늘고 있습니다. 이처럼 최근 전통적인 가치관에서 벗어나 연애와 동거는 하면서 결혼이라는 제도에 묶여 관계에서 파생되는 책임을 벗어나 자유로운 삶을 추구하는 비혼주의자가 늘고 있습니다.\n\n 다만, 개인의 자유로운 선택에 따라 비혼주의를 하지만 주변에서는 아직 고운 시선으로 바라보지 않는 사람도 많습니다. 결혼이라는 제도에 대해서 선택이 아닌 필수라고 생각하는 사람들도 많지요. 개개인이 모여 사회가 형성되기 때문에 사회의 가장 작은 단위인 가족을 이루는 것도 사회 구성원으로서의 큰 역할이라고 생각하는 사람들도 있습니다.\n\n 여러분은 결혼을 꼭 해야 한다고 생각하시나요? 아니면 결혼은 선택의 문제라고 생각하시나요? 비혼주의에 대해 찬성하는 입장 반대를 선택하여 자신의 의견을 작성해주세요. 그리고 그렇게 생각한 이유에 대해서 작성해주세요.",
    "essay_type": "찬성반대",
    "essay_level": "2",
    "essay_len": 837,
    "essay_main_subject": "비혼주의자에 대한 본인의 의견"
  }
}