{
  "paragraph": [
    {
      "paragraph_txt": "저는 비혼주의자들의 의견을 존중해서 찬성을 합니다.#@문장구분# 먼저 요즘에는 예전에는 우리나라는 무조건 결혼을 해야된다는 그런 인식이 있었지만 요즘에는 비혼주의자들이 많아지고 있습니다.#@문장구분# 여자들은 정자를 구입하여서 이제는 남편이 없어도 경제적 여유만 된다면 자신이 혼자 양육을 할 수 있기 때문입니다.#@문장구분# 그리고 만약 부모님들 때문에 강제 결혼하는 것도 줄어들 것이라고 생각하고있고, 또 만약 결혼을 해서 남편이나 아내의 행동이나 성격이 마음에 들지 않을 수도 있기 때문에 결혼 말고 연애와 동거 그 정도만 해도 충분히 알아가면서 살아가는 것도 나는 나쁘지 않다고 생각을 한다.#@문장구분# 그리고 막상 결혼을 하면 그 연애 할 때의 성격이나 행동들이 나오지 않기 때문에 연애나 동거 또 다른 방법이 있으면 결혼 말고 다른 것들을 해봐도 좋을 것 같다는 생각이 든다.#@문장구분# 꼭 연애와 동거까지 가지 않아도 된다.#@문장구분# 만약에 연애와 동거로 트라우마나 좋지 않은 일을 겪는 사람들도 많기 때문에 혼자 열심히 일을 하여서 자유로운 생활을 하면 더욱더 좋을 수 있다.#@문장구분# 만약 결혼을 하게 된다면 아이들이나 자신의 남편과 아내 때문에 자신이 하고 싶을 것을 못하고 많은 것을 버려두는 것이 대부분이지만 비혼주의자들은 자신이 열심히 돈을 벌어서 자신이 먹고 싶은 것도 먹고 사고 싶은 것도 사고 놀고 싶은 곳도 가서 얼마든지 자유를 누릴 수 있기 때문입니다.#@문장구분# 만약 이렇게 돼서는 안되지만 사랑이 식게 되면 결혼을 하면 되돌릴 수 없게 되지만 연애나 동거를 하게 되면 쉽지는 않지만 결혼을 한 것 보다는 쉽게 정리를 할 수 있게 될 것이라고 생각을 합니다.#@문장구분# 저는 반대 의견도 한번 말해보자면 만약 결혼을 하지 않는다면 제가 앞에서 말한 것처럼 쉽게 사랑이 깨지고 바람이 날 것이라고도 생각하기 때문에 꼭 비혼주의자를 추천하지는 않습니다.#@문장구분# 하지만 우리나라의 상황으로 봐서는 비혼주의자들도 많아지고 있고 혼자 사는 것을 편하게 생각하기 때문에 저는 찬성을 선택하였습니다.#@문장구분#",
      "paragraph_len": 1180,
      "paragraph_id": "001"
    }
  ],
  "score": {
    "paragraph_score": [
      {
        "paragraph_scoreT": [
          3,
          2.6,
          3
        ],
        "paragraph_scoreT_detail": {
          "paragraph_scoreT_exp": [
            [
              3,
              3,
              3
            ],
            [
              3,
              3,
              2
            ],
            [
              3,
              3,
              3
            ]
          ]
        },
        "paragraph_scoreT_avg": 2.8666668,
        "paragraph_id": "001"
      }
    ],
    "essay_scoreT": [
      30,
      28.8,
      27.6
    ],
    "essay_scoreT_avg": 28.800001,
    "essay_scoreT_detail": {
      "essay_scoreT_org": [
        [
          3,
          0,
          3,
          3
        ],
        [
          3,
          0,
          3,
          3
        ],
        [
          3,
          0,
          3,
          3
        ]
      ],
      "essay_scoreT_cont": [
        [
          3,
          3,
          3,
          3
        ],
        [
          3,
          3,
          3,
          3
        ],
        [
          3,
          2,
          3,
          2
        ]
      ],
      "essay_scoreT_exp": [
        [
          3,
          3,
          3
        ],
        [
          3,
          3,
          2
        ],
        [
          3,
          3,
          3
        ]
      ]
    }
  },
  "student": {
    "date": "2021.10.24",
    "student_educated": true,
    "student_grade": "고등_1학년",
    "location": "063",
    "student_grade_group": "고등",
    "student_reading": 1
  },
  "rubric": {
    "essay_grade": "고등_1학년",
    "organization_weight": {
      "org_paragraph": 0,
      "org": 3,
      "org_essay": 6,
      "org_coherence": 3,
      "org_quantity": 1
    },
    "essay_type": "찬성반대",
    "content_weight": {
      "con_clearance": 3,
      "con_novelty": 3,
      "con": 4,
      "con_prompt": 1,
      "con_description": 3
    },
    "essay_main_subject": "비혼주의자에 대한 본인의 의견",
    "expression_weight": {
      "exp_style": 4,
      "exp_grammar": 2,
      "exp_vocab": 4,
      "exp": 3
    }
  },
  "correction": [],
  "info": {
    "essay_id": "ESSAY_43895",
    "essay_prompt": " \"\"연애는 필수, 결혼은 선택! 가슴이 뛰는 대로 가면 돼\"\".\n\n 유명한 유행가의 노래 가사처럼, 청년들에게 결혼은 이제 필수가 아닌 하나의 선택 사항입니다. 연애, 결혼, 출산을 포기한다는 의미의 '3포세대'라는 말이 나오기 무섭게 5포 세대, N포세대까지 등장할 정도로 취업난, 치솟는 부동산 가격 등 여러 사회·경제적 요인들로 청년층을 위축시켰습니다.\n\n 모두가 이러한 이유로 '결혼을 포기'하는 것만은 아닙니다. 개인의 행복을 위해 '비혼을 선택'하는 청년들도 늘고 있습니다. 이처럼 최근 전통적인 가치관에서 벗어나 연애와 동거는 하면서 결혼이라는 제도에 묶여 관계에서 파생되는 책임을 벗어나 자유로운 삶을 추구하는 비혼주의자가 늘고 있습니다.\n\n 다만, 개인의 자유로운 선택에 따라 비혼주의를 하지만 주변에서는 아직 고운 시선으로 바라보지 않는 사람도 많습니다. 결혼이라는 제도에 대해서 선택이 아닌 필수라고 생각하는 사람들도 많지요. 개개인이 모여 사회가 형성되기 때문에 사회의 가장 작은 단위인 가족을 이루는 것도 사회 구성원으로서의 큰 역할이라고 생각하는 사람들도 있습니다.\n\n 여러분은 결혼을 꼭 해야 한다고 생각하시나요? 아니면 결혼은 선택의 문제라고 생각하시나요? 비혼주의에 대해 찬성하는 입장 반대를 선택하여 자신의 의견을 작성해주세요. 그리고 그렇게 생각한 이유에 대해서 작성해주세요.",
    "essay_type": "찬성반대",
    "essay_level": "2",
    "essay_len": 960,
    "essay_main_subject": "비혼주의자에 대한 본인의 의견"
  }
}