{
  "paragraph": [
    {
      "paragraph_txt": "비혼주의는 자신이 결혼을 하고싶은 하는거지 욕을 먹어야 건 아니라고 보기 때문에 난 찬성이다.#@문장구분# 요즘같이 취업도 잘 안되고 안정적인 수입이 없는데 누군가는 결혼을 하고싶지 않을 것이다.#@문장구분# 결혼을 하고 말고는 본인의 자유이고 아이를 낳고 안낳고도 본인의 자유이다.#@문장구분# 요즘엔 혼밥, 혼술 등 혼자하는 것들을 즐기는 추세인데 그 이유가 현 사회는 코로나와 같이 전염병이 퍼져있는 상태라 사람들을 만나기가 쉽지 않고 돈도 없어 나한테만 쓰기도 부족한데 남들에게 돈을 쓰고싶지 않아서 일수도 있다.#@문장구분# 그래서 그냥 결혼을 포기하는 사람들이 생겨나는 것이다.#@문장구분# 그리고 그 솔로족들은 대체적으로 혼자있는 것을 좋아하고 혼자 있는게 행복하다면 결혼의 필요성을 못느껴 안하면서 짧은 인생을 즐기다 가는 것 같다.#@문장구분# 물론 저출산이 문제가 되긴 하지만 그렇다고 해서 여자들에게 10개월을 불편하게 살게하고 뼈가 몇백개 부러지는 고통을 감수하라는걸 강요할수도 없다고 생각한다.#@문장구분# 요즘엔 인권과 자유가 제일 중요시되는 사회이고 그 누구도 이들의 자유를 억압 할 수는 없다.#@문장구분# 비혼주의는 지극히 정상적인 것이고 비혼주의자들이 타인에게 피해를 주지만 않는다면 이상할게 없다.#@문장구분# 그렇기에 나는 비혼주의에 대해 찬성한다.#@문장구분# 비혼주의로 인해 아이가 안생기고 우리나라의 저출산 문제와 고령화 문제가 심해지겠지만 그렇다고 해서 비혼주의는 나쁘다 라는 비판은 하면 안되고 나라가 결혼하고싶게끔 환경을 만들어주어야 해결할수 있는 문제라고 생각한다. #@문장구분#하지만 지금 여가부에서 결혼을 장려하기 위해 세금을 200억이나 썼다고 한다.#@문장구분# 하지만 지금 출산률은 0.64%이다. 정말 세금만 좀먹는 기관인거 같다.#@문장구분#",
      "paragraph_len": 1066,
      "paragraph_id": "001"
    }
  ],
  "score": {
    "paragraph_score": [
      {
        "paragraph_scoreT": [
          3,
          2.4,
          2.8
        ],
        "paragraph_scoreT_detail": {
          "paragraph_scoreT_exp": [
            [
              3,
              3,
              3
            ],
            [
              2,
              3,
              2
            ],
            [
              2,
              3,
              3
            ]
          ]
        },
        "paragraph_scoreT_avg": 2.7333333,
        "paragraph_id": "001"
      }
    ],
    "essay_scoreT": [
      30,
      27,
      29.4
    ],
    "essay_scoreT_avg": 28.800001,
    "essay_scoreT_detail": {
      "essay_scoreT_org": [
        [
          3,
          0,
          3,
          3
        ],
        [
          3,
          0,
          3,
          3
        ],
        [
          3,
          0,
          3,
          3
        ]
      ],
      "essay_scoreT_cont": [
        [
          3,
          3,
          3,
          3
        ],
        [
          3,
          2,
          3,
          3
        ],
        [
          3,
          3,
          3,
          3
        ]
      ],
      "essay_scoreT_exp": [
        [
          3,
          3,
          3
        ],
        [
          2,
          3,
          2
        ],
        [
          2,
          3,
          3
        ]
      ]
    }
  },
  "student": {
    "date": "2021.12.16",
    "student_educated": true,
    "student_grade": "고등_1학년",
    "location": "054",
    "student_grade_group": "고등",
    "student_reading": 1
  },
  "rubric": {
    "essay_grade": "고등_1학년",
    "organization_weight": {
      "org_paragraph": 0,
      "org": 3,
      "org_essay": 6,
      "org_coherence": 3,
      "org_quantity": 1
    },
    "essay_type": "찬성반대",
    "content_weight": {
      "con_clearance": 3,
      "con_novelty": 3,
      "con": 4,
      "con_prompt": 1,
      "con_description": 3
    },
    "essay_main_subject": "비혼주의자에 대한 본인의 의견",
    "expression_weight": {
      "exp_style": 4,
      "exp_grammar": 2,
      "exp_vocab": 4,
      "exp": 3
    }
  },
  "correction": [],
  "info": {
    "essay_id": "ESSAY_65958",
    "essay_prompt": " \"\"연애는 필수, 결혼은 선택! 가슴이 뛰는 대로 가면 돼\"\".\n\n 유명한 유행가의 노래 가사처럼, 청년들에게 결혼은 이제 필수가 아닌 하나의 선택 사항입니다. 연애, 결혼, 출산을 포기한다는 의미의 '3포세대'라는 말이 나오기 무섭게 5포 세대, N포세대까지 등장할 정도로 취업난, 치솟는 부동산 가격 등 여러 사회·경제적 요인들로 청년층을 위축시켰습니다.\n\n 모두가 이러한 이유로 '결혼을 포기'하는 것만은 아닙니다. 개인의 행복을 위해 '비혼을 선택'하는 청년들도 늘고 있습니다. 이처럼 최근 전통적인 가치관에서 벗어나 연애와 동거는 하면서 결혼이라는 제도에 묶여 관계에서 파생되는 책임을 벗어나 자유로운 삶을 추구하는 비혼주의자가 늘고 있습니다.\n\n 다만, 개인의 자유로운 선택에 따라 비혼주의를 하지만 주변에서는 아직 고운 시선으로 바라보지 않는 사람도 많습니다. 결혼이라는 제도에 대해서 선택이 아닌 필수라고 생각하는 사람들도 많지요. 개개인이 모여 사회가 형성되기 때문에 사회의 가장 작은 단위인 가족을 이루는 것도 사회 구성원으로서의 큰 역할이라고 생각하는 사람들도 있습니다.\n\n 여러분은 결혼을 꼭 해야 한다고 생각하시나요? 아니면 결혼은 선택의 문제라고 생각하시나요? 비혼주의에 대해 찬성하는 입장 반대를 선택하여 자신의 의견을 작성해주세요. 그리고 그렇게 생각한 이유에 대해서 작성해주세요.",
    "essay_type": "찬성반대",
    "essay_level": "2",
    "essay_len": 806,
    "essay_main_subject": "비혼주의자에 대한 본인의 의견"
  }
}