{
  "paragraph": [
    {
      "paragraph_txt": "결혼이란 제도는 하나의 선택적 영역에 접어들었다고 생각한다.#@문장구분# 옛날에는 결혼이 가져다주는 이점이나 미혼에 대한 사회적인 시선이 안 좋았기에 결혼에 대한 자기결정권이 많이 없었다고 생각한다.#@문장구분# 그저 나이가 됐으니 해야하는 것 정도. 하지만 지금은 다르다.#@문장구분# 애초에 시대가 바뀌어 옛날처럼 20대에는 여러 사람을 만나봐야지 라는 말도 이제는 통하지 않는다고 생각한다.#@문장구분# 20대에는 군문제나 대학 학비나 용돈을 위해 아르바이트를 하거나, 취업을 준비하고 면접장에 가는 등의 시간만으로도 촉박하기 때문이다.#@문장구분# 20대에 곧바로 취업을 하고 안정적으로 돈을 벌어도 치솟아 오른 부동산 때문에 결혼을 포기하는 사람들도 있다.#@문장구분#지금 20-30대 청년들에게는 결혼을 하기에는 불안전한 생활이기도 하다.#@문장구분# 그러기에 결혼을 하기위한 생활의 안정보다는 이즘 현재 어떻게 생화를 해야할 길을 찾지 못해 헤매이기도 한다.#@문장구분# 이러하듯 결혼이라는 제도를 선택하지 않으려는 것이다.#@문장구분# 그렇다고 결혼을 하지 말아야 한다가 아니다.#@문장구분# 모든 인간의 성격이 다르듯이 최우선적으로 안정감이나 소속감 등을 원하는 사람에게는 아직 결혼이란 제도는 굉장히 좋은 효과를 가져올 수 있다고 생각한다.#@문장구분# 하지만 안정감이나 소속감이 자신에게 그다지 중요하지 않는 감정이라면 그런 사람은 혼인을 포기하고, 자신이 원하는 다른 감정들에 충실한 삶을 살 수 있을 것 같다는 의미이다.#@문장구분#  그렇기에 현대 시대에 와서 비혼주의자는 배척받아야할 사람들이 아니며, 존중과 이혜를해줘야 할 사람들이라고 생각한다.#@문장구분#이러한 이유로 '결혼을 포기'하는 것 일수도 있다 라고 생각하니깐 또 다른 이유로 요즘은 개인의 행복을 위해 '비혼을 선택'하는 젊은 사람들도 있기 때문이다.#@문장구분#",
      "paragraph_len": 1109,
      "paragraph_id": "001"
    }
  ],
  "score": {
    "paragraph_score": [
      {
        "paragraph_scoreT": [
          3,
          3,
          2.4
        ],
        "paragraph_scoreT_detail": {
          "paragraph_scoreT_exp": [
            [
              3,
              3,
              3
            ],
            [
              3,
              3,
              3
            ],
            [
              2,
              3,
              2
            ]
          ]
        },
        "paragraph_scoreT_avg": 2.8,
        "paragraph_id": "001"
      }
    ],
    "essay_scoreT": [
      30,
      27,
      22.7
    ],
    "essay_scoreT_avg": 26.566666,
    "essay_scoreT_detail": {
      "essay_scoreT_org": [
        [
          3,
          0,
          3,
          3
        ],
        [
          2,
          0,
          3,
          3
        ],
        [
          2,
          0,
          2,
          3
        ]
      ],
      "essay_scoreT_cont": [
        [
          3,
          3,
          3,
          3
        ],
        [
          3,
          2,
          3,
          3
        ],
        [
          2,
          2,
          2,
          3
        ]
      ],
      "essay_scoreT_exp": [
        [
          3,
          3,
          3
        ],
        [
          3,
          3,
          3
        ],
        [
          2,
          3,
          2
        ]
      ]
    }
  },
  "student": {
    "date": "2021.12.19",
    "student_educated": true,
    "student_grade": "고등_1학년",
    "location": "063",
    "student_grade_group": "고등",
    "student_reading": 2
  },
  "rubric": {
    "essay_grade": "고등_1학년",
    "organization_weight": {
      "org_paragraph": 0,
      "org": 3,
      "org_essay": 6,
      "org_coherence": 3,
      "org_quantity": 1
    },
    "essay_type": "찬성반대",
    "content_weight": {
      "con_clearance": 3,
      "con_novelty": 3,
      "con": 4,
      "con_prompt": 1,
      "con_description": 3
    },
    "essay_main_subject": "비혼주의자에 대한 본인의 의견",
    "expression_weight": {
      "exp_style": 4,
      "exp_grammar": 2,
      "exp_vocab": 4,
      "exp": 3
    }
  },
  "correction": [],
  "info": {
    "essay_id": "ESSAY_71380",
    "essay_prompt": " \"\"연애는 필수, 결혼은 선택! 가슴이 뛰는 대로 가면 돼\"\".\n\n 유명한 유행가의 노래 가사처럼, 청년들에게 결혼은 이제 필수가 아닌 하나의 선택 사항입니다. 연애, 결혼, 출산을 포기한다는 의미의 '3포세대'라는 말이 나오기 무섭게 5포 세대, N포세대까지 등장할 정도로 취업난, 치솟는 부동산 가격 등 여러 사회·경제적 요인들로 청년층을 위축시켰습니다.\n\n 모두가 이러한 이유로 '결혼을 포기'하는 것만은 아닙니다. 개인의 행복을 위해 '비혼을 선택'하는 청년들도 늘고 있습니다. 이처럼 최근 전통적인 가치관에서 벗어나 연애와 동거는 하면서 결혼이라는 제도에 묶여 관계에서 파생되는 책임을 벗어나 자유로운 삶을 추구하는 비혼주의자가 늘고 있습니다.\n\n 다만, 개인의 자유로운 선택에 따라 비혼주의를 하지만 주변에서는 아직 고운 시선으로 바라보지 않는 사람도 많습니다. 결혼이라는 제도에 대해서 선택이 아닌 필수라고 생각하는 사람들도 많지요. 개개인이 모여 사회가 형성되기 때문에 사회의 가장 작은 단위인 가족을 이루는 것도 사회 구성원으로서의 큰 역할이라고 생각하는 사람들도 있습니다.\n\n 여러분은 결혼을 꼭 해야 한다고 생각하시나요? 아니면 결혼은 선택의 문제라고 생각하시나요? 비혼주의에 대해 찬성하는 입장 반대를 선택하여 자신의 의견을 작성해주세요. 그리고 그렇게 생각한 이유에 대해서 작성해주세요.",
    "essay_type": "찬성반대",
    "essay_level": "2",
    "essay_len": 831,
    "essay_main_subject": "비혼주의자에 대한 본인의 의견"
  }
}