{
  "paragraph": [
    {
      "paragraph_txt": "저는 결혼이라는 제도에 대하여 찬성하는 바입니다.#@문장구분#",
      "paragraph_len": 47,
      "paragraph_id": "001"
    },
    {
      "paragraph_txt": " 첫 번째 이유로 결혼이라는 제도는 하나의 관계라고 볼수 있는데, 이러한 관계나 집단에 속하면 사람들을 더더욱 그 집단속에서 유대감을 느끼거나 하는 등으로 사이가 더 돈독해지는 등 더욱 가까운 관계가 형성되곤 하는데, 결혼또한 그러하다고 생각하기 때문입니다.#@문장구분#",
      "paragraph_len": 164,
      "paragraph_id": "002"
    },
    {
      "paragraph_txt": " 모든사람에게 있어 가장 중요하다고 할 만큼 인생에 비중이 크다고 생각되는 결혼, 부부관계가 멀어지지 않고 오랫동안 사이좋게 지내기 위해서라도 결혼을 하여서 서로가 서로를 더욱 돈독하게 생각하게된다면 좀더 나은 결혼생활이 가능할것이라고 생각합니다.#@문장구분#",
      "paragraph_len": 158,
      "paragraph_id": "003"
    },
    {
      "paragraph_txt": " 두 번째로는 처음 서술한 이유에서 파생되는 부분인데 그 관계에 대한 책임감입니다.#@문장구분#\n대한민국 국민으로써 인간이라는 종족으로써 종족번영의 의무를 하기 위해서 결혼을 하게 된다면 조금이라도 더 책임감을 가져 여러 가지 의무를 다하는데 좀더 도움이 될 것이기 때문입니다.#@문장구분#",
      "paragraph_len": 188,
      "paragraph_id": "004"
    },
    {
      "paragraph_txt": " 세 번째로는 부부를 구성하는 인원들 자체에게 행복한 기억,추억을 남길수 있기에 찬성하는데. 결혼식이라거나, 신혼여행 이나 아이를 가지게 된다면 돌잔치 등등 많은 기쁜 일들이 일어날 수 있기에 그만큼 행복한 추억과 기억을 남기게 된다면 머나먼 미래에 삶을 마무리할때에 많은 행복한 기억이 남을 것 같기 때문입니다.#@문장구분#",
      "paragraph_len": 195,
      "paragraph_id": "005"
    },
    {
      "paragraph_txt": " 이러한 세가지 이유로 저는 결혼에 찬성하는 바입니다.#@문장구분#\n결혼을 하지 않고 동거및연애를 하는 것과 결혼은 하는 것은 많은 차이가 없으면서도 가장중요한 행복이란 키워드는 역시 결혼을 하는 편이 더욱 나은 것 같습니다.#@문장구분# 따라서 저는 비혼에 대해서 부정적인 생각을 가지고있어 비혼에 대해서 반대하는 입장입니다.#@문장구분#",
      "paragraph_len": 229,
      "paragraph_id": "006"
    }
  ],
  "score": {
    "paragraph_score": [
      {
        "paragraph_scoreT": [
          2.6,
          2.8,
          2.8
        ],
        "paragraph_scoreT_detail": {
          "paragraph_scoreT_exp": [
            [
              3,
              3,
              2
            ],
            [
              2,
              3,
              3
            ],
            [
              2,
              3,
              3
            ]
          ]
        },
        "paragraph_scoreT_avg": 2.7333333,
        "paragraph_id": "001"
      },
      {
        "paragraph_scoreT": [
          2.4,
          2.8,
          2.8
        ],
        "paragraph_scoreT_detail": {
          "paragraph_scoreT_exp": [
            [
              2,
              3,
              2
            ],
            [
              2,
              3,
              3
            ],
            [
              2,
              3,
              3
            ]
          ]
        },
        "paragraph_scoreT_avg": 2.6666667,
        "paragraph_id": "002"
      },
      {
        "paragraph_scoreT": [
          2,
          2.8,
          2.8
        ],
        "paragraph_scoreT_detail": {
          "paragraph_scoreT_exp": [
            [
              2,
              2,
              2
            ],
            [
              2,
              3,
              3
            ],
            [
              2,
              3,
              3
            ]
          ]
        },
        "paragraph_scoreT_avg": 2.5333335,
        "paragraph_id": "003"
      },
      {
        "paragraph_scoreT": [
          2.4,
          2.8,
          2.8
        ],
        "paragraph_scoreT_detail": {
          "paragraph_scoreT_exp": [
            [
              2,
              3,
              2
            ],
            [
              2,
              3,
              3
            ],
            [
              2,
              3,
              3
            ]
          ]
        },
        "paragraph_scoreT_avg": 2.6666667,
        "paragraph_id": "004"
      },
      {
        "paragraph_scoreT": [
          2,
          2.8,
          2.8
        ],
        "paragraph_scoreT_detail": {
          "paragraph_scoreT_exp": [
            [
              2,
              2,
              2
            ],
            [
              2,
              3,
              3
            ],
            [
              2,
              3,
              3
            ]
          ]
        },
        "paragraph_scoreT_avg": 2.5333335,
        "paragraph_id": "005"
      },
      {
        "paragraph_scoreT": [
          2,
          2.8,
          2.8
        ],
        "paragraph_scoreT_detail": {
          "paragraph_scoreT_exp": [
            [
              2,
              2,
              2
            ],
            [
              2,
              3,
              3
            ],
            [
              2,
              3,
              3
            ]
          ]
        },
        "paragraph_scoreT_avg": 2.5333335,
        "paragraph_id": "006"
      }
    ],
    "essay_scoreT": [
      24.6,
      29.4,
      27
    ],
    "essay_scoreT_avg": 27,
    "essay_scoreT_detail": {
      "essay_scoreT_org": [
        [
          3,
          0,
          3,
          3
        ],
        [
          3,
          0,
          3,
          3
        ],
        [
          3,
          0,
          3,
          3
        ]
      ],
      "essay_scoreT_cont": [
        [
          3,
          2,
          3,
          2
        ],
        [
          3,
          3,
          3,
          3
        ],
        [
          3,
          2,
          3,
          2
        ]
      ],
      "essay_scoreT_exp": [
        [
          2,
          2,
          2
        ],
        [
          2,
          3,
          3
        ],
        [
          2,
          3,
          3
        ]
      ]
    }
  },
  "student": {
    "date": "2021.08.03",
    "student_educated": true,
    "student_grade": "고등_1학년",
    "location": "063",
    "student_grade_group": "고등",
    "student_reading": 3
  },
  "rubric": {
    "essay_grade": "고등_1학년",
    "organization_weight": {
      "org_paragraph": 0,
      "org": 3,
      "org_essay": 6,
      "org_coherence": 3,
      "org_quantity": 1
    },
    "essay_type": "찬성반대",
    "content_weight": {
      "con_clearance": 3,
      "con_novelty": 3,
      "con": 4,
      "con_prompt": 1,
      "con_description": 3
    },
    "essay_main_subject": "비혼주의자에 대한 본인의 의견",
    "expression_weight": {
      "exp_style": 4,
      "exp_grammar": 2,
      "exp_vocab": 4,
      "exp": 3
    }
  },
  "correction": [],
  "info": {
    "essay_id": "ESSAY_37156",
    "essay_prompt": " \"\"연애는 필수, 결혼은 선택! 가슴이 뛰는 대로 가면 돼\"\".\n\n 유명한 유행가의 노래 가사처럼, 청년들에게 결혼은 이제 필수가 아닌 하나의 선택 사항입니다. 연애, 결혼, 출산을 포기한다는 의미의 '3포세대'라는 말이 나오기 무섭게 5포 세대, N포세대까지 등장할 정도로 취업난, 치솟는 부동산 가격 등 여러 사회·경제적 요인들로 청년층을 위축시켰습니다.\n\n 모두가 이러한 이유로 '결혼을 포기'하는 것만은 아닙니다. 개인의 행복을 위해 '비혼을 선택'하는 청년들도 늘고 있습니다. 이처럼 최근 전통적인 가치관에서 벗어나 연애와 동거는 하면서 결혼이라는 제도에 묶여 관계에서 파생되는 책임을 벗어나 자유로운 삶을 추구하는 비혼주의자가 늘고 있습니다.\n\n 다만, 개인의 자유로운 선택에 따라 비혼주의를 하지만 주변에서는 아직 고운 시선으로 바라보지 않는 사람도 많습니다. 결혼이라는 제도에 대해서 선택이 아닌 필수라고 생각하는 사람들도 많지요. 개개인이 모여 사회가 형성되기 때문에 사회의 가장 작은 단위인 가족을 이루는 것도 사회 구성원으로서의 큰 역할이라고 생각하는 사람들도 있습니다.\n\n 여러분은 결혼을 꼭 해야 한다고 생각하시나요? 아니면 결혼은 선택의 문제라고 생각하시나요? 비혼주의에 대해 찬성하는 입장 반대를 선택하여 자신의 의견을 작성해주세요. 그리고 그렇게 생각한 이유에 대해서 작성해주세요.",
    "essay_type": "찬성반대",
    "essay_level": "2",
    "essay_len": 811,
    "essay_main_subject": "비혼주의자에 대한 본인의 의견"
  }
}