{
  "paragraph": [
    {
      "paragraph_txt": "비혼주의에 대해 찬성합니다.#@문장구분# 사람 개개인이 살아가는 방법이 다르고, 가치관이 다르듯 생활 또한 모두가 다릅니다.#@문장구분# 하지만 이렇게 다양한 사람이 있는데 결혼을 강요하고, 강제 하는 것은 옳지 않다 생각합니다.#@문장구분# 결혼이 강제 되게 된다면 옛날 한국처럼 얼굴조차 모르는 사람과 결혼 일정이 잡히고, 결혼식 당일날에 서로의 얼굴을 보거나, 옛날 유럽 왕족처럼 다른 나라와 관계나 혈통 유지와 같은 명목으로 원하지 않는 결혼을 어떠한 일의 조건으로 할 가능성도 있습니다.#@문장구분# 또한 수도인 서울은 원룸 하나 구하는데 1~2억 남짓이 기본일 정도로 집값이 매우 높고, 우스갯소리로 하던 만원으로 수프 가루를 사서 한달을 먹는다는 말이 현실이 되어갈 정도로 물가 상승률이 높습니다.#@문장구분# 그리고 사고나 암과 같은 질병이 발생하였을 때 도움이 될 보험, 병원비 등등 혼자 살기에도 돈이 모자란 상황에서 결혼을 강요하는 것은 현재 상황을 고려하지 않은 어려운 일입니다.#@문장구분# 연애나 동거를 하더라도 결혼이 필수일 필요는 없습니다.#@문장구분# 왜냐하면 결혼을 하지 않고도 서로의 관계를 이어 나갈 수 있고, 결혼과는 다르게 서로가 헤어져도 주위에서는 부정적인 시선을 보내는 경우가 적습니다.#@문장구분# 위와 같은 이유들로 비혼주의에 대하여 찬성합니다.#@문장구분# 또 제가 비혼주의에 대해 찬성하는 이유는 바로 외로움입니다.#@문장구분# 과연 결혼을 한다고 한들 외롭지 않다고 할 수 있을까?라는 의문점을 가질 수 있습니다.#@문장구분# 혼자 살면 당연히 외롭습니다.#@문장구분# 집에 오면 혼자 있기 때문입니다.#@문장구분# 하지만 결혼한다고 그 외로움이 해결될 수 있을까요?#@문장구분# 전 아니라고 생각합니다.#@문장구분# 결혼하면 그냥 동거인이 생긴다 뿐이지 그 외로움이 해결된다고 할 수 없습니다.#@문장구분# 그래서 저는 이러한 이유들 때문에 비혼주의에 대해 찬성합니다.#@문장구분# 그리고 요즘은 결혼 안 하고 동거만 하는 커플들이 많이 늘어나고 있기 때문에 비혼주의를 찬성합니다.#@문장구분#",
      "paragraph_len": 1268,
      "paragraph_id": "001"
    }
  ],
  "score": {
    "paragraph_score": [
      {
        "paragraph_scoreT": [
          3,
          3,
          3
        ],
        "paragraph_scoreT_detail": {
          "paragraph_scoreT_exp": [
            [
              3,
              3,
              3
            ],
            [
              3,
              3,
              3
            ],
            [
              3,
              3,
              3
            ]
          ]
        },
        "paragraph_scoreT_avg": 3,
        "paragraph_id": "001"
      }
    ],
    "essay_scoreT": [
      30,
      30,
      30
    ],
    "essay_scoreT_avg": 30,
    "essay_scoreT_detail": {
      "essay_scoreT_org": [
        [
          3,
          0,
          3,
          3
        ],
        [
          3,
          0,
          3,
          3
        ],
        [
          3,
          0,
          3,
          3
        ]
      ],
      "essay_scoreT_cont": [
        [
          3,
          3,
          3,
          3
        ],
        [
          3,
          3,
          3,
          3
        ],
        [
          3,
          3,
          3,
          3
        ]
      ],
      "essay_scoreT_exp": [
        [
          3,
          3,
          3
        ],
        [
          3,
          3,
          3
        ],
        [
          3,
          3,
          3
        ]
      ]
    }
  },
  "student": {
    "date": "2021.11.26",
    "student_educated": true,
    "student_grade": "고등_1학년",
    "location": "041",
    "student_grade_group": "고등",
    "student_reading": 2
  },
  "rubric": {
    "essay_grade": "고등_1학년",
    "organization_weight": {
      "org_paragraph": 0,
      "org": 3,
      "org_essay": 6,
      "org_coherence": 3,
      "org_quantity": 1
    },
    "essay_type": "찬성반대",
    "content_weight": {
      "con_clearance": 3,
      "con_novelty": 3,
      "con": 4,
      "con_prompt": 1,
      "con_description": 3
    },
    "essay_main_subject": "비혼주의자에 대한 본인의 의견",
    "expression_weight": {
      "exp_style": 4,
      "exp_grammar": 2,
      "exp_vocab": 4,
      "exp": 3
    }
  },
  "correction": [],
  "info": {
    "essay_id": "ESSAY_51851",
    "essay_prompt": " \"\"연애는 필수, 결혼은 선택! 가슴이 뛰는 대로 가면 돼\"\".\n\n 유명한 유행가의 노래 가사처럼, 청년들에게 결혼은 이제 필수가 아닌 하나의 선택 사항입니다. 연애, 결혼, 출산을 포기한다는 의미의 '3포세대'라는 말이 나오기 무섭게 5포 세대, N포세대까지 등장할 정도로 취업난, 치솟는 부동산 가격 등 여러 사회·경제적 요인들로 청년층을 위축시켰습니다.\n\n 모두가 이러한 이유로 '결혼을 포기'하는 것만은 아닙니다. 개인의 행복을 위해 '비혼을 선택'하는 청년들도 늘고 있습니다. 이처럼 최근 전통적인 가치관에서 벗어나 연애와 동거는 하면서 결혼이라는 제도에 묶여 관계에서 파생되는 책임을 벗어나 자유로운 삶을 추구하는 비혼주의자가 늘고 있습니다.\n\n 다만, 개인의 자유로운 선택에 따라 비혼주의를 하지만 주변에서는 아직 고운 시선으로 바라보지 않는 사람도 많습니다. 결혼이라는 제도에 대해서 선택이 아닌 필수라고 생각하는 사람들도 많지요. 개개인이 모여 사회가 형성되기 때문에 사회의 가장 작은 단위인 가족을 이루는 것도 사회 구성원으로서의 큰 역할이라고 생각하는 사람들도 있습니다.\n\n 여러분은 결혼을 꼭 해야 한다고 생각하시나요? 아니면 결혼은 선택의 문제라고 생각하시나요? 비혼주의에 대해 찬성하는 입장 반대를 선택하여 자신의 의견을 작성해주세요. 그리고 그렇게 생각한 이유에 대해서 작성해주세요.",
    "essay_type": "찬성반대",
    "essay_level": "2",
    "essay_len": 908,
    "essay_main_subject": "비혼주의자에 대한 본인의 의견"
  }
}