{
  "paragraph": [
    {
      "paragraph_txt": "비혼주의에 대해서는 세계나 국가나 또 개개인이 찬성하고 반대하면서 규제할 문제가 아니라고 생각한다.#@문장구분# 즉, 비혼주의는 개개인의 선택의 문제일 뿐이다. #@문장구분#개인적으로는 결혼에 대해서는 아직까지는 먼 미래라고 생각하기도 한다.#@문장구분# 그러면서도 드라마나 영화를 통해 결혼에 대한 아름다운 환상을 가지기도 한다.#@문장구분# 또 그렇게 좋은 배우자를 만나 행복한 신혼 생활을 하는 상상을 하기도 한다.#@문장구분#아이는 몇 명을 낳을까, 기를 고양이 이름은 무엇으로 할까.#@문장구분# 모든 상상의 근원은 드라마나 영화를 통한 허상에서 시작된 것이지만 그 상상을 남들이 이래라 저래라 할 권리는 그 누구도 주지 않았으며 그 누구도 줄 권리도 없다.#@문장구분# 이렇게 한 여름 밤의 꿈일 수 있는 나의 미래에 대한 상상에 결혼을 포함시킬지 말지마저도 오로지 온전히 나의 선택에 의한 것이다.#@문장구분# 나는 그런 선택을 가로 막아서는 장애물은 바로 기성세대와의 가치관 차이가 가장 크지 않을까 생각한다.#@문장구분# 과거에는 결혼을 하여 대를 이어야 한다거나 오히려 결혼을 하지 못한 것을 죄인 마냥 여겼던 것이 당연했기에 현 세대와 갈등을 빚게 되는 것 또한 당연하다고 생각한다.#@문장구분# 그러면서도 최근에는 정상적인 부부생활을 영위하면서도 의도적으로 자녀를 두지 않는 맞벌이 부부를 일컫는 용어인 딩크족이나 딩펫족과 같이 시대가 흐름에 따른 결혼에 대한 가치관 변화에 맞게 가족의 형태가 다양해지고 있다.#@문장구분# 또한 비혼주의로 인한 1인 가구의 증가도 그러한 변화들 중 하나일 뿐이다.#@문장구분# 이렇게 나는 이러한 문제들을 보면서 기성세대가 시대의 흐름에 따라 변해가는 것들에 발 맞춰 갈 필요가 있다고 느낀다.#@문장구분# 한 걸음 더 빨리 나아가기만 해도, 한 걸음 더 늦게 나아가기만 해도 곧 서로 다른 세대 간의 가치관 차이가 생기게 되고 그로 인한 갈등이 일어나는 것은 비일비재하기 때문이다.#@문장구분#",
      "paragraph_len": 1163,
      "paragraph_id": "001"
    }
  ],
  "score": {
    "paragraph_score": [
      {
        "paragraph_scoreT": [
          3,
          2.8,
          2
        ],
        "paragraph_scoreT_detail": {
          "paragraph_scoreT_exp": [
            [
              3,
              3,
              3
            ],
            [
              2,
              3,
              3
            ],
            [
              2,
              2,
              2
            ]
          ]
        },
        "paragraph_scoreT_avg": 2.6000001,
        "paragraph_id": "001"
      }
    ],
    "essay_scoreT": [
      30,
      27.6,
      20.699999
    ],
    "essay_scoreT_avg": 26.099998,
    "essay_scoreT_detail": {
      "essay_scoreT_org": [
        [
          3,
          0,
          3,
          3
        ],
        [
          2,
          0,
          3,
          3
        ],
        [
          2,
          0,
          2,
          3
        ]
      ],
      "essay_scoreT_cont": [
        [
          3,
          3,
          3,
          3
        ],
        [
          3,
          3,
          3,
          3
        ],
        [
          2,
          2,
          3,
          2
        ]
      ],
      "essay_scoreT_exp": [
        [
          3,
          3,
          3
        ],
        [
          2,
          3,
          3
        ],
        [
          2,
          2,
          2
        ]
      ]
    }
  },
  "student": {
    "date": "2021.12.07",
    "student_educated": true,
    "student_grade": "고등_1학년",
    "location": "055",
    "student_grade_group": "고등",
    "student_reading": 1
  },
  "rubric": {
    "essay_grade": "고등_1학년",
    "organization_weight": {
      "org_paragraph": 0,
      "org": 3,
      "org_essay": 6,
      "org_coherence": 3,
      "org_quantity": 1
    },
    "essay_type": "찬성반대",
    "content_weight": {
      "con_clearance": 3,
      "con_novelty": 3,
      "con": 4,
      "con_prompt": 1,
      "con_description": 3
    },
    "essay_main_subject": "비혼주의자에 대한 본인의 의견",
    "expression_weight": {
      "exp_style": 4,
      "exp_grammar": 2,
      "exp_vocab": 4,
      "exp": 3
    }
  },
  "correction": [],
  "info": {
    "essay_id": "ESSAY_56364",
    "essay_prompt": " \"\"연애는 필수, 결혼은 선택! 가슴이 뛰는 대로 가면 돼\"\".\n\n 유명한 유행가의 노래 가사처럼, 청년들에게 결혼은 이제 필수가 아닌 하나의 선택 사항입니다. 연애, 결혼, 출산을 포기한다는 의미의 '3포세대'라는 말이 나오기 무섭게 5포 세대, N포세대까지 등장할 정도로 취업난, 치솟는 부동산 가격 등 여러 사회·경제적 요인들로 청년층을 위축시켰습니다.\n\n 모두가 이러한 이유로 '결혼을 포기'하는 것만은 아닙니다. 개인의 행복을 위해 '비혼을 선택'하는 청년들도 늘고 있습니다. 이처럼 최근 전통적인 가치관에서 벗어나 연애와 동거는 하면서 결혼이라는 제도에 묶여 관계에서 파생되는 책임을 벗어나 자유로운 삶을 추구하는 비혼주의자가 늘고 있습니다.\n\n 다만, 개인의 자유로운 선택에 따라 비혼주의를 하지만 주변에서는 아직 고운 시선으로 바라보지 않는 사람도 많습니다. 결혼이라는 제도에 대해서 선택이 아닌 필수라고 생각하는 사람들도 많지요. 개개인이 모여 사회가 형성되기 때문에 사회의 가장 작은 단위인 가족을 이루는 것도 사회 구성원으로서의 큰 역할이라고 생각하는 사람들도 있습니다.\n\n 여러분은 결혼을 꼭 해야 한다고 생각하시나요? 아니면 결혼은 선택의 문제라고 생각하시나요? 비혼주의에 대해 찬성하는 입장 반대를 선택하여 자신의 의견을 작성해주세요. 그리고 그렇게 생각한 이유에 대해서 작성해주세요.",
    "essay_type": "찬성반대",
    "essay_level": "2",
    "essay_len": 885,
    "essay_main_subject": "비혼주의자에 대한 본인의 의견"
  }
}