{
  "paragraph": [
    {
      "paragraph_txt": "비혼 주의에 찬성하는 입장이다.#@문장구분# 예전에는 거의 웬만하면 결혼을 해야 했지만 지금은 아니다. #@문장구분#혼자 능력만 있다면 결혼한 거보다 더 혼자 잘 살 수 있다고 생각한다.#@문장구분#우선 결혼을 한다는 건 서로가 모든 걸 서로 같이 하고 서로의 일상을 공유한다는 건데 그것은 정말 쉽지 않다.#@문장구분# 연애와 결혼은 많이 다르다.#@문장구분# 연애는 서로가 하고 싶은 것만 할 수 있고 서로 맞지 않으면 시간을 가지거나, 해어지면 되지만 결혼은 그렇게 쉬운 게 아니다.#@문장구분# 서로 사랑하는 걸로만 되는 게 아닌 거 같다.#@문장구분# 물론 사랑한다는 건 많이 중요하지만 그것만으로 되지 않는다.#@문장구분# 우선 결혼을 하려면 돈이 많이 필요하다.#@문장구분# 또 유지비용도 필요하고, 서로를 이해할 수 있는 포용심과 배려심이 중요하다.#@문장구분# 그래서 요즘 결혼하고 금방 이혼하는 일들이 많아지고 있다.#@문장구분# 또 심할 경우 가정폭력으로도 이어진다.#@문장구분# 이처럼 결혼은 결코 쉬운 일이 아니다.#@문장구분# 그리하여 꼭 결혼을 해야 하는 건 아니라고 생각한다.#@문장구분# 하지만 혼자 산다면 나에게 투자할 수 있다.#@문장구분# 나를 위해 취미 생활을 하며 스트레스를 풀 수도 있고, 본인이 사고 싶은 것도 사며 즐기며 살 수 있다.#@문장구분# 또 누군가에게 맞추지 않고 본인이 원하는 대로 생활할 수 있다.#@문장구분# 가족이 있다면 본인이 포기하며 살아가야 하는 것들이 있으니 그에 비하면 혼자 산다면 나에게 모든 걸 맞출 수 있는 거 같다.#@문장구분# 이처럼 지금은 누군가를 위해서 사는 것보다 나를 위해 사는 것이 더 좋다고 생각한다. #@문장구분# 또 혼자서도 외롭지 않게 요즘은 집에서 할 수 있는 것들이 굉장히 많다.#@문장구분# 홈트로 운동도 할 수 있고, 미디어를 통해 영화관을 가지 않아도 TV 로 혼자 볼 수도 있다, 또 마이크를 사서 방음이 되게 만든 후 노래 부르기, 게임하기 등 혼자서도 잘 놀 수 있다.#@문장구분#",
      "paragraph_len": 1276,
      "paragraph_id": "001"
    }
  ],
  "score": {
    "paragraph_score": [
      {
        "paragraph_scoreT": [
          1.6,
          2,
          2
        ],
        "paragraph_scoreT_detail": {
          "paragraph_scoreT_exp": [
            [
              2,
              2,
              1
            ],
            [
              2,
              2,
              2
            ],
            [
              2,
              2,
              2
            ]
          ]
        },
        "paragraph_scoreT_avg": 1.8666667,
        "paragraph_id": "001"
      }
    ],
    "essay_scoreT": [
      18.900002,
      18.8,
      20.3
    ],
    "essay_scoreT_avg": 19.333334,
    "essay_scoreT_detail": {
      "essay_scoreT_org": [
        [
          1,
          0,
          2,
          3
        ],
        [
          2,
          0,
          2,
          2
        ],
        [
          2,
          0,
          2,
          3
        ]
      ],
      "essay_scoreT_cont": [
        [
          3,
          2,
          3,
          2
        ],
        [
          2,
          1,
          2,
          2
        ],
        [
          2,
          2,
          2,
          2
        ]
      ],
      "essay_scoreT_exp": [
        [
          2,
          2,
          1
        ],
        [
          2,
          2,
          2
        ],
        [
          2,
          2,
          2
        ]
      ]
    }
  },
  "student": {
    "date": "2021.12.20",
    "student_educated": true,
    "student_grade": "고등_1학년",
    "location": "063",
    "student_grade_group": "고등",
    "student_reading": 2
  },
  "rubric": {
    "essay_grade": "고등_1학년",
    "organization_weight": {
      "org_paragraph": 0,
      "org": 3,
      "org_essay": 6,
      "org_coherence": 3,
      "org_quantity": 1
    },
    "essay_type": "찬성반대",
    "content_weight": {
      "con_clearance": 3,
      "con_novelty": 3,
      "con": 4,
      "con_prompt": 1,
      "con_description": 3
    },
    "essay_main_subject": "비혼주의자에 대한 본인의 의견",
    "expression_weight": {
      "exp_style": 4,
      "exp_grammar": 2,
      "exp_vocab": 4,
      "exp": 3
    }
  },
  "correction": [],
  "info": {
    "essay_id": "ESSAY_76560",
    "essay_prompt": " \"\"연애는 필수, 결혼은 선택! 가슴이 뛰는 대로 가면 돼\"\".\n\n 유명한 유행가의 노래 가사처럼, 청년들에게 결혼은 이제 필수가 아닌 하나의 선택 사항입니다. 연애, 결혼, 출산을 포기한다는 의미의 '3포세대'라는 말이 나오기 무섭게 5포 세대, N포세대까지 등장할 정도로 취업난, 치솟는 부동산 가격 등 여러 사회·경제적 요인들로 청년층을 위축시켰습니다.\n\n 모두가 이러한 이유로 '결혼을 포기'하는 것만은 아닙니다. 개인의 행복을 위해 '비혼을 선택'하는 청년들도 늘고 있습니다. 이처럼 최근 전통적인 가치관에서 벗어나 연애와 동거는 하면서 결혼이라는 제도에 묶여 관계에서 파생되는 책임을 벗어나 자유로운 삶을 추구하는 비혼주의자가 늘고 있습니다.\n\n 다만, 개인의 자유로운 선택에 따라 비혼주의를 하지만 주변에서는 아직 고운 시선으로 바라보지 않는 사람도 많습니다. 결혼이라는 제도에 대해서 선택이 아닌 필수라고 생각하는 사람들도 많지요. 개개인이 모여 사회가 형성되기 때문에 사회의 가장 작은 단위인 가족을 이루는 것도 사회 구성원으로서의 큰 역할이라고 생각하는 사람들도 있습니다.\n\n 여러분은 결혼을 꼭 해야 한다고 생각하시나요? 아니면 결혼은 선택의 문제라고 생각하시나요? 비혼주의에 대해 찬성하는 입장 반대를 선택하여 자신의 의견을 작성해주세요. 그리고 그렇게 생각한 이유에 대해서 작성해주세요.",
    "essay_type": "찬성반대",
    "essay_level": "2",
    "essay_len": 857,
    "essay_main_subject": "비혼주의자에 대한 본인의 의견"
  }
}