{
  "paragraph": [
    {
      "paragraph_txt": "나는 비혼주의자가 아니다.#@문장구분# 하지만 난 비혼주의자에 대해서 찬성한다.#@문장구분# 결혼이라는 것은 한다고 해서 나쁜 행동을 한 것도 아니고, 결혼을 안 한다고 해서 나쁜 행동을 한 것도 아니다.#@문장구분# 배우 김혜수님은 이렇게 말했다. #@문장구분#\"누군가의 여자로 사는 것도 좋지만 내 이름 석 자를 빛내면서 멋있게 사는 것도 좋다\"라는 말씀을 했다.#@문장구분# 나는 이 말에 대해서 많은 공감을 했다.#@문장구분# 누군가의 여자로서 가정을 이루고 소속감을 느끼면서 산다는 것은 행복한 일이 될 수 있다.#@문장구분# 그리고 자신을 스스로의 힘으로 빛내며 멋있게 살아가는 것도 행복한 일이 될 수 있다.#@문장구분# 누가 옳고, 틀린 것이 아니라 그냥 개인의 선택이고, 서로의 가치관이 달라서 일어난 일중 하나일 뿐이다.#@문장구분# 결혼을 하든가 안하든가가 중요한 것이 아니라 나 자신의 정체성을 잃어버리지 않고 자신의 삶에 만족하며 행복하게 살아가는 것이 중요하다고 생각한다.#@문장구분# 하지만 비혼주의자에 대해 반대하는 사람들은 저출산이라는 것을 문제로 삼아 자신의 의견을 주장하기도 한다.#@문장구분# 그래서인지 비혼주의자를 부정적으로 바라보는 시선이 많다.#@문장구분# 물론 현재 우리나라 사회에서 저출산이라는 것이 계속해서 심화가 되고 있는 것은 맞다.#@문장구분# 그렇다고 해서 억지로 결혼을 시키고, 아이를 낳게 한다는 것은 개인의 자유를 침해하는 것이다.#@문장구분# 그러니 이러한 문제는 자녀수에 대한 세제혜택, 출산 장려지원금, 양육 및 교육시설 확충, 유급 출산휴가 연장들 출산장려정책을 긍정적인 측면으로 개선해 나가면서 해결해야 한다.#@문장구분# 조금씩 개선해 나간다면 우리나라는 자신이 비혼주의자든 결혼을 하든 상관없이 모두가 평등하고 조화롭게 살아갈 수 있을 것이다.#@문장구분#",
      "paragraph_len": 1119,
      "paragraph_id": "001"
    }
  ],
  "score": {
    "paragraph_score": [
      {
        "paragraph_scoreT": [
          3,
          2.8,
          3
        ],
        "paragraph_scoreT_detail": {
          "paragraph_scoreT_exp": [
            [
              3,
              3,
              3
            ],
            [
              2,
              3,
              3
            ],
            [
              3,
              3,
              3
            ]
          ]
        },
        "paragraph_scoreT_avg": 2.9333334,
        "paragraph_id": "001"
      }
    ],
    "essay_scoreT": [
      30,
      26.400002,
      30
    ],
    "essay_scoreT_avg": 28.800001,
    "essay_scoreT_detail": {
      "essay_scoreT_org": [
        [
          3,
          0,
          3,
          3
        ],
        [
          2,
          0,
          3,
          3
        ],
        [
          3,
          0,
          3,
          3
        ]
      ],
      "essay_scoreT_cont": [
        [
          3,
          3,
          3,
          3
        ],
        [
          2,
          3,
          3,
          3
        ],
        [
          3,
          3,
          3,
          3
        ]
      ],
      "essay_scoreT_exp": [
        [
          3,
          3,
          3
        ],
        [
          2,
          3,
          3
        ],
        [
          3,
          3,
          3
        ]
      ]
    }
  },
  "student": {
    "date": "2021.12.07",
    "student_educated": true,
    "student_grade": "고등_1학년",
    "location": "055",
    "student_grade_group": "고등",
    "student_reading": 1
  },
  "rubric": {
    "essay_grade": "고등_1학년",
    "organization_weight": {
      "org_paragraph": 0,
      "org": 3,
      "org_essay": 6,
      "org_coherence": 3,
      "org_quantity": 1
    },
    "essay_type": "찬성반대",
    "content_weight": {
      "con_clearance": 3,
      "con_novelty": 3,
      "con": 4,
      "con_prompt": 1,
      "con_description": 3
    },
    "essay_main_subject": "비혼주의자에 대한 본인의 의견",
    "expression_weight": {
      "exp_style": 4,
      "exp_grammar": 2,
      "exp_vocab": 4,
      "exp": 3
    }
  },
  "correction": [],
  "info": {
    "essay_id": "ESSAY_56365",
    "essay_prompt": " \"\"연애는 필수, 결혼은 선택! 가슴이 뛰는 대로 가면 돼\"\".\n\n 유명한 유행가의 노래 가사처럼, 청년들에게 결혼은 이제 필수가 아닌 하나의 선택 사항입니다. 연애, 결혼, 출산을 포기한다는 의미의 '3포세대'라는 말이 나오기 무섭게 5포 세대, N포세대까지 등장할 정도로 취업난, 치솟는 부동산 가격 등 여러 사회·경제적 요인들로 청년층을 위축시켰습니다.\n\n 모두가 이러한 이유로 '결혼을 포기'하는 것만은 아닙니다. 개인의 행복을 위해 '비혼을 선택'하는 청년들도 늘고 있습니다. 이처럼 최근 전통적인 가치관에서 벗어나 연애와 동거는 하면서 결혼이라는 제도에 묶여 관계에서 파생되는 책임을 벗어나 자유로운 삶을 추구하는 비혼주의자가 늘고 있습니다.\n\n 다만, 개인의 자유로운 선택에 따라 비혼주의를 하지만 주변에서는 아직 고운 시선으로 바라보지 않는 사람도 많습니다. 결혼이라는 제도에 대해서 선택이 아닌 필수라고 생각하는 사람들도 많지요. 개개인이 모여 사회가 형성되기 때문에 사회의 가장 작은 단위인 가족을 이루는 것도 사회 구성원으로서의 큰 역할이라고 생각하는 사람들도 있습니다.\n\n 여러분은 결혼을 꼭 해야 한다고 생각하시나요? 아니면 결혼은 선택의 문제라고 생각하시나요? 비혼주의에 대해 찬성하는 입장 반대를 선택하여 자신의 의견을 작성해주세요. 그리고 그렇게 생각한 이유에 대해서 작성해주세요.",
    "essay_type": "찬성반대",
    "essay_level": "2",
    "essay_len": 800,
    "essay_main_subject": "비혼주의자에 대한 본인의 의견"
  }
}