{
  "paragraph": [
    {
      "paragraph_txt": "나는 비혼 주의에 찬성하는 입장이다. #@문장구분#지금의 내 눈에는 결혼에 대한 억압이라는 제도에 묶여 얹혀지는 무게등이 전혀 긍정적으로 받아들여지지가 않는다. #@문장구분#지난 해 2030세대를 대상으로 결혼에 대한 설문조사를 한 결과 응답자의 72%가 결혼은 필수가 아니라고 대답하였다고 한다.#@문장구분# 그 이유는 뭘까?#@문장구분# 여성의 경우 결혼 후 이어지는 출산과 육아에 대한 부담, 남성은 경제적 여건 부족을 제일 많이 꼽았다. #@문장구분#청년층에서 나타나는 비혼의지는 결혼 후 사회진출에 제약이 생긴다거나, 애초에 결혼을 하기 힘들 정도의 경제적 부담감이 영향을 끼친것으로 보이고, 더불어 개인의 삶을 중요시하는 태도도 비혼을 선호하는 요인으로 작용하였다고 보고있다.#@문장구분# 결혼이 아닌 대안을 찾는 청년이 늘고 있지만, 아직도 우리 사회는 결혼을 인생의 종착지이자, 완성된 형태로 보는 경향이 있다.#@문장구분# 그러한 억압에 못이겨 결혼이라는 안정된 제도권에 진입한 그들도 결국은 더 행복해지기 위한 방법으로 이혼이라는 또다른 선택을 하게되는 경우도 생긴다.#@문장구분# 그렇게 분열된 가족형태는 또다른 사회적 문제를 야기할수도 있다.#@문장구분# 예를들면 자녀를 누가 키울것인가에 대한 책임회피로 인해 자녀가 상처를 받을 수 있고, 조부모에게 맡겨지는 경우도 생겨 노화와 양육이라는 어려운 상황에 놓이게 되는 경우들도 우리 주위에서 쉽게 볼수 있는 것이다.#@문장구분# 결혼이라는 도박판에 뛰어들고 싶지 않다.#@문장구분# 매스컴에서 초고령화에 가장 빨리 진입하게 될 나라로 우리나라를 지목했다.#@문장구분# 이대로 가다간 대한민국의 미래에 청사진을 제시할 수 없다는 우울한 뉴스들도 전하곤 한다.#@문장구분# 하지만 지금의 대한민국 청년들은 그보다 개개인의 현실에 직면해 홀몸도 책임지기 힘든 실정에 그 누군가를 만나고, 또 한 가정의 주체가 되어 산다는 부담감에 억눌려 귀를 기울일 수 없는 이슈가 되어간다.#@문장구분# 오죽하면 우리 나라를 헬조선이라 칭할까?#@문장구분# 청년세대한 진지하고 깊은 고민, 정책과 대안 없이 우리 나라의 미래를 들이밀었다가는 그렇지 않아도 분노와 우울로 가득찬 그들의 마음속에 불을 지피워 좋지 않은 결과를 맛보게 될거라 생각한다.#@문장구분#",
      "paragraph_len": 1334,
      "paragraph_id": "001"
    }
  ],
  "score": {
    "paragraph_score": [
      {
        "paragraph_scoreT": [
          2.4,
          2,
          2.8
        ],
        "paragraph_scoreT_detail": {
          "paragraph_scoreT_exp": [
            [
              2,
              3,
              2
            ],
            [
              2,
              2,
              2
            ],
            [
              2,
              3,
              3
            ]
          ]
        },
        "paragraph_scoreT_avg": 2.3999999,
        "paragraph_id": "001"
      }
    ],
    "essay_scoreT": [
      27,
      25.8,
      25.4
    ],
    "essay_scoreT_avg": 26.066666,
    "essay_scoreT_detail": {
      "essay_scoreT_org": [
        [
          3,
          0,
          3,
          3
        ],
        [
          3,
          0,
          3,
          3
        ],
        [
          3,
          0,
          3,
          3
        ]
      ],
      "essay_scoreT_cont": [
        [
          3,
          2,
          3,
          3
        ],
        [
          3,
          2,
          3,
          3
        ],
        [
          2,
          2,
          2,
          2
        ]
      ],
      "essay_scoreT_exp": [
        [
          2,
          3,
          2
        ],
        [
          2,
          2,
          2
        ],
        [
          2,
          3,
          3
        ]
      ]
    }
  },
  "student": {
    "date": "2021.12.23",
    "student_educated": true,
    "student_grade": "고등_1학년",
    "location": "063",
    "student_grade_group": "고등",
    "student_reading": 1
  },
  "rubric": {
    "essay_grade": "고등_1학년",
    "organization_weight": {
      "org_paragraph": 0,
      "org": 3,
      "org_essay": 6,
      "org_coherence": 3,
      "org_quantity": 1
    },
    "essay_type": "찬성반대",
    "content_weight": {
      "con_clearance": 3,
      "con_novelty": 3,
      "con": 4,
      "con_prompt": 1,
      "con_description": 3
    },
    "essay_main_subject": "비혼주의자에 대한 본인의 의견",
    "expression_weight": {
      "exp_style": 4,
      "exp_grammar": 2,
      "exp_vocab": 4,
      "exp": 3
    }
  },
  "correction": [],
  "info": {
    "essay_id": "ESSAY_76724",
    "essay_prompt": " \"\"연애는 필수, 결혼은 선택! 가슴이 뛰는 대로 가면 돼\"\".\n\n 유명한 유행가의 노래 가사처럼, 청년들에게 결혼은 이제 필수가 아닌 하나의 선택 사항입니다. 연애, 결혼, 출산을 포기한다는 의미의 '3포세대'라는 말이 나오기 무섭게 5포 세대, N포세대까지 등장할 정도로 취업난, 치솟는 부동산 가격 등 여러 사회·경제적 요인들로 청년층을 위축시켰습니다.\n\n 모두가 이러한 이유로 '결혼을 포기'하는 것만은 아닙니다. 개인의 행복을 위해 '비혼을 선택'하는 청년들도 늘고 있습니다. 이처럼 최근 전통적인 가치관에서 벗어나 연애와 동거는 하면서 결혼이라는 제도에 묶여 관계에서 파생되는 책임을 벗어나 자유로운 삶을 추구하는 비혼주의자가 늘고 있습니다.\n\n 다만, 개인의 자유로운 선택에 따라 비혼주의를 하지만 주변에서는 아직 고운 시선으로 바라보지 않는 사람도 많습니다. 결혼이라는 제도에 대해서 선택이 아닌 필수라고 생각하는 사람들도 많지요. 개개인이 모여 사회가 형성되기 때문에 사회의 가장 작은 단위인 가족을 이루는 것도 사회 구성원으로서의 큰 역할이라고 생각하는 사람들도 있습니다.\n\n 여러분은 결혼을 꼭 해야 한다고 생각하시나요? 아니면 결혼은 선택의 문제라고 생각하시나요? 비혼주의에 대해 찬성하는 입장 반대를 선택하여 자신의 의견을 작성해주세요. 그리고 그렇게 생각한 이유에 대해서 작성해주세요.",
    "essay_type": "찬성반대",
    "essay_level": "2",
    "essay_len": 1014,
    "essay_main_subject": "비혼주의자에 대한 본인의 의견"
  }
}