{
  "paragraph": [
    {
      "paragraph_txt": "안녕하세요.#@문장구분# 저는 비혼주의에 대한 생각을 나눠보고자 이렇게 글을 쓰게 된 고등학생입니다.#@문장구분# 많은 분들이 고등학생은 비혼주의에 대해 진지하게 생각할만한 나이는 아니라고 생각하실 수 있을 것 같습니다.#@문장구분# 저 또한 결혼은 아주 먼 이야기였습니다.#@문장구분# 그러나 제 또래 친구들도 결혼하는 사례가 많이 보이고 있습니다.#@문장구분# 대부분 예상에 없던 임신으로 결혼을 서두른 경우이지만 어떠한 이유에서든 결혼은 마냥 먼 이야기가 아니라는 걸 느꼈고 저는 임신과 통틀어 결혼과 비혼주의 등에 대해 생각해보았습니다.#@문장구분# 두 사람이 영원을 약속하며 하는 결혼은 로맨틱하고 부부가 되어 나만의 가정을 꾸린다는 건 멋지고 아름다운 일이라고 생각합니다.#@문장구분# 부모님의 사랑 속에서 자랐기에 저도 제 아이에게 이 사랑을 듬뿍 주고싶다는 생각을 종종 해왔고 좋아하는 영화인 '어바웃타임' 중 야외결혼식 도중 쏟아진 비에 모든게 휘날려도 둘의 사랑하는 마음으로 행복한 결혼식이 된 결혼식 장면을 보며 결혼식에 대한 로망도 가지고 있었습니다.#@문장구분# 그렇기에 결혼은 마냥 달콤한 행복이라고 생각해왔는데 조금 더 현실적인 시선으로 결혼을 바라보기 시작했습니다.#@문장구분# 경제적 활동을 하지 않는 제 또래 친구들로부터 시작해서일까요?#@문장구분# 전 결혼에 필요한 경제성에 집중하게 되었는데 생각보다 결혼이 달콤하지만은 않다고 느끼게 되었습니다.#@문장구분# 돈의 크기는 사람마다 다르게 느끼겠지만 보통의 경제력을 가진 평범한 가정에서 태어나 자란 저에게는 다소 과한 지출이라는 생각이 들었습니다.#@문장구분# 식장을 빌리고 웨딩촬영, 지인들을 초대하는 청첩장부터 음식준비, 드레스를 빌리고 메이크업을 받는 것 까지 상당히 많은 돈이 들어가는데 그 돈만 아껴도 신혼집 마련을 전세가 아닌 매매로 할 수 있겠다 싶었습니다.#@문장구분# 결혼을 축하하는 의미에서 둘의 합의로 큰 지출을 감행하는 것, 당연히 문제될게 없지만 꼭 해야할 필요는 없겠다 싶었습니다.#@문장구분# 이러한 비용적인 면에서 부담을 느껴 비혼주의를 선택하는 경우도 있다고 들었습니다.#@문장구분# 조금은 씁쓸한 현실이 아닌가 싶습니다.#@문장구분# 결혼은 선택의 문제라지만 사회적인 영향도 있다는걸 느낀 것 같습니다.#@문장구분#",
      "paragraph_len": 1359,
      "paragraph_id": "001"
    }
  ],
  "score": {
    "paragraph_score": [
      {
        "paragraph_scoreT": [
          3,
          3,
          2.6
        ],
        "paragraph_scoreT_detail": {
          "paragraph_scoreT_exp": [
            [
              3,
              3,
              3
            ],
            [
              3,
              3,
              3
            ],
            [
              3,
              3,
              2
            ]
          ]
        },
        "paragraph_scoreT_avg": 2.8666668,
        "paragraph_id": "001"
      }
    ],
    "essay_scoreT": [
      28.2,
      26.6,
      26.7
    ],
    "essay_scoreT_avg": 27.166666,
    "essay_scoreT_detail": {
      "essay_scoreT_org": [
        [
          2,
          0,
          3,
          3
        ],
        [
          2,
          0,
          3,
          3
        ],
        [
          3,
          0,
          2,
          3
        ]
      ],
      "essay_scoreT_cont": [
        [
          3,
          3,
          3,
          3
        ],
        [
          3,
          2,
          2,
          3
        ],
        [
          3,
          2,
          3,
          3
        ]
      ],
      "essay_scoreT_exp": [
        [
          3,
          3,
          3
        ],
        [
          3,
          3,
          3
        ],
        [
          3,
          3,
          2
        ]
      ]
    }
  },
  "student": {
    "date": "2021.12.03",
    "student_educated": true,
    "student_grade": "고등_1학년",
    "location": "063",
    "student_grade_group": "고등",
    "student_reading": 1
  },
  "rubric": {
    "essay_grade": "고등_1학년",
    "organization_weight": {
      "org_paragraph": 0,
      "org": 3,
      "org_essay": 6,
      "org_coherence": 3,
      "org_quantity": 1
    },
    "essay_type": "찬성반대",
    "content_weight": {
      "con_clearance": 3,
      "con_novelty": 3,
      "con": 4,
      "con_prompt": 1,
      "con_description": 3
    },
    "essay_main_subject": "비혼주의자에 대한 본인의 의견",
    "expression_weight": {
      "exp_style": 4,
      "exp_grammar": 2,
      "exp_vocab": 4,
      "exp": 3
    }
  },
  "correction": [],
  "info": {
    "essay_id": "ESSAY_54762",
    "essay_prompt": " \"\"연애는 필수, 결혼은 선택! 가슴이 뛰는 대로 가면 돼\"\".\n\n 유명한 유행가의 노래 가사처럼, 청년들에게 결혼은 이제 필수가 아닌 하나의 선택 사항입니다. 연애, 결혼, 출산을 포기한다는 의미의 '3포세대'라는 말이 나오기 무섭게 5포 세대, N포세대까지 등장할 정도로 취업난, 치솟는 부동산 가격 등 여러 사회·경제적 요인들로 청년층을 위축시켰습니다.\n\n 모두가 이러한 이유로 '결혼을 포기'하는 것만은 아닙니다. 개인의 행복을 위해 '비혼을 선택'하는 청년들도 늘고 있습니다. 이처럼 최근 전통적인 가치관에서 벗어나 연애와 동거는 하면서 결혼이라는 제도에 묶여 관계에서 파생되는 책임을 벗어나 자유로운 삶을 추구하는 비혼주의자가 늘고 있습니다.\n\n 다만, 개인의 자유로운 선택에 따라 비혼주의를 하지만 주변에서는 아직 고운 시선으로 바라보지 않는 사람도 많습니다. 결혼이라는 제도에 대해서 선택이 아닌 필수라고 생각하는 사람들도 많지요. 개개인이 모여 사회가 형성되기 때문에 사회의 가장 작은 단위인 가족을 이루는 것도 사회 구성원으로서의 큰 역할이라고 생각하는 사람들도 있습니다.\n\n 여러분은 결혼을 꼭 해야 한다고 생각하시나요? 아니면 결혼은 선택의 문제라고 생각하시나요? 비혼주의에 대해 찬성하는 입장 반대를 선택하여 자신의 의견을 작성해주세요. 그리고 그렇게 생각한 이유에 대해서 작성해주세요.",
    "essay_type": "찬성반대",
    "essay_level": "2",
    "essay_len": 1020,
    "essay_main_subject": "비혼주의자에 대한 본인의 의견"
  }
}