{
  "paragraph": [
    {
      "paragraph_txt": "나는 비혼주의에 대해 반대한다.#@문장구분# 왜냐하면 요즘 현대사회에서 청년 기혼율이 급하락하고 있다.#@문장구분# 사람들은 이에대한 이유로 실업자 증가 부동산 가격 증가등을 뽑고 있다.#@문장구분# 그리고 20-30대 사람들에게 결혼을 대상으로 물어봐도 대다수가 결혼은 필수가 아니다 라고 답한다.#@문장구분# 그 까닭은 부동산 가격, 자녀 출산에대한 부담 등이 있었다.#@문장구분# 이렇게 비혼주의자가 많아지는 중에서 결혼이 우리에게 미치는 영향은 무엇일까?#@문장구분# 지금까지 발표돤 자료에  따르면 기혼자가 미혼자와 비교해서 다양한 질환을 포함한 정신상태까지도 높은 수준에 건강을 유지으며 사망률도 더 낮다는 것을 알 수 있다.#@문장구분# 인간은 불안정한 존재이다.#@문장구분# 혼자서는 살수 없다는 것이다.#@문장구분# 이렇게 연구결과에서도 나오듯이 불안한 정서를 안정시켜줄수 있는 가장 가깝고도 좋은것은 가정이며 가족의 사랑이라고 할 수 있을 것이다.#@문장구분# 가족을 만든다는 것을 나를 지킬 최소한의 방어막을 만드는 것이라고 할수 있다.#@문장구분# 그리고 미혼자 보다 기혼자가 우울증에 걸릴 확률이 매우 낮다는 연구결과가 있다.#@문장구분# 따라서 결혼은 부부 모두에게 좋은 영향을 끼친다는 것을 알 수  있다.#@문장구분# 비혼주의자가 늘어나고 자녀출산률이 지금보다도 더욱 낮아진다면 앞으로에 미래세대에 큰 영향을 끼친다.#@문장구분# 자녀출산이 저하된다면 우리 사회는 고령화가 될 것이고 점점 인구수는 저하될 것이며 이는 우리나라 경제에도 영향을 끼칠 것이다.#@문장구분# 따라서 비혼주의자가 늘어나 이런 현상이 지속된다면 향후 우리나라가 세계 경쟁에서 밀려나 약소국이 되어 나라가 망할 수 있다.#@문장구분# 고로 이런 문제들을 해결 하기 위해선 결혼에 대한 긍정적인 인식과 비혼주의의 대한 인식변화가 필요하다.#@문장구분#",
      "paragraph_len": 1145,
      "paragraph_id": "001"
    }
  ],
  "score": {
    "paragraph_score": [
      {
        "paragraph_scoreT": [
          3,
          2.8,
          3
        ],
        "paragraph_scoreT_detail": {
          "paragraph_scoreT_exp": [
            [
              3,
              3,
              3
            ],
            [
              2,
              3,
              3
            ],
            [
              3,
              3,
              3
            ]
          ]
        },
        "paragraph_scoreT_avg": 2.9333334,
        "paragraph_id": "001"
      }
    ],
    "essay_scoreT": [
      30,
      28.2,
      30
    ],
    "essay_scoreT_avg": 29.4,
    "essay_scoreT_detail": {
      "essay_scoreT_org": [
        [
          3,
          0,
          3,
          3
        ],
        [
          3,
          0,
          3,
          3
        ],
        [
          3,
          0,
          3,
          3
        ]
      ],
      "essay_scoreT_cont": [
        [
          3,
          3,
          3,
          3
        ],
        [
          3,
          2,
          3,
          3
        ],
        [
          3,
          3,
          3,
          3
        ]
      ],
      "essay_scoreT_exp": [
        [
          3,
          3,
          3
        ],
        [
          2,
          3,
          3
        ],
        [
          3,
          3,
          3
        ]
      ]
    }
  },
  "student": {
    "date": "2021.12.16",
    "student_educated": true,
    "student_grade": "고등_1학년",
    "location": "063",
    "student_grade_group": "고등",
    "student_reading": 1
  },
  "rubric": {
    "essay_grade": "고등_1학년",
    "organization_weight": {
      "org_paragraph": 0,
      "org": 3,
      "org_essay": 6,
      "org_coherence": 3,
      "org_quantity": 1
    },
    "essay_type": "찬성반대",
    "content_weight": {
      "con_clearance": 3,
      "con_novelty": 3,
      "con": 4,
      "con_prompt": 1,
      "con_description": 3
    },
    "essay_main_subject": "비혼주의자에 대한 본인의 의견",
    "expression_weight": {
      "exp_style": 4,
      "exp_grammar": 2,
      "exp_vocab": 4,
      "exp": 3
    }
  },
  "correction": [],
  "info": {
    "essay_id": "ESSAY_65813",
    "essay_prompt": " \"\"연애는 필수, 결혼은 선택! 가슴이 뛰는 대로 가면 돼\"\".\n\n 유명한 유행가의 노래 가사처럼, 청년들에게 결혼은 이제 필수가 아닌 하나의 선택 사항입니다. 연애, 결혼, 출산을 포기한다는 의미의 '3포세대'라는 말이 나오기 무섭게 5포 세대, N포세대까지 등장할 정도로 취업난, 치솟는 부동산 가격 등 여러 사회·경제적 요인들로 청년층을 위축시켰습니다.\n\n 모두가 이러한 이유로 '결혼을 포기'하는 것만은 아닙니다. 개인의 행복을 위해 '비혼을 선택'하는 청년들도 늘고 있습니다. 이처럼 최근 전통적인 가치관에서 벗어나 연애와 동거는 하면서 결혼이라는 제도에 묶여 관계에서 파생되는 책임을 벗어나 자유로운 삶을 추구하는 비혼주의자가 늘고 있습니다.\n\n 다만, 개인의 자유로운 선택에 따라 비혼주의를 하지만 주변에서는 아직 고운 시선으로 바라보지 않는 사람도 많습니다. 결혼이라는 제도에 대해서 선택이 아닌 필수라고 생각하는 사람들도 많지요. 개개인이 모여 사회가 형성되기 때문에 사회의 가장 작은 단위인 가족을 이루는 것도 사회 구성원으로서의 큰 역할이라고 생각하는 사람들도 있습니다.\n\n 여러분은 결혼을 꼭 해야 한다고 생각하시나요? 아니면 결혼은 선택의 문제라고 생각하시나요? 비혼주의에 대해 찬성하는 입장 반대를 선택하여 자신의 의견을 작성해주세요. 그리고 그렇게 생각한 이유에 대해서 작성해주세요.",
    "essay_type": "찬성반대",
    "essay_level": "2",
    "essay_len": 805,
    "essay_main_subject": "비혼주의자에 대한 본인의 의견"
  }
}