{
  "paragraph": [
    {
      "paragraph_txt": "결혼을 못 하는게 아니라 안한다.#@문장구분# 라고 비혼주의자들은 강조한다고 한다.#@문장구분# 이제는 결혼이 필수가 아닌 선택이라는 것이다.#@문장구분# 불과 몇 년 전까지만 해도 결혼이라는게 선택이 아닌 거의 필수적인 분위기였더라면 지금은 아니다.#@문장구분# 비혼이라는 단어 자체가 이제는 일상의 언어가 되어 버렸고 그리고 심지어 예능프로그램이나 드라마의 대사에도 비혼이라는 단어가 적지 않게 등장하고 있는게 현실인 것이다.#@문장구분# 몇 년 전까지만 해도 일부 '비혼'이란 단어가 어색했지만 이젠 일상 속으로 쑥 들어왔다.#@문장구분# 결혼관 관련된 단어로 그 느낌 감정을 표현하자면 현실적, 스트레스 약간의 부정적인 단어가 떠오른다.#@문장구분# 아직 결혼이라는게 현실적으로 와 닿지는 않지만 곧 닥칠 나이가 된다면 나 역시 결혼이라는 자체가 부담이 될 곳 같다.#@문장구분# 특히나 나와 같은 여성의 경우 비혼주의자가 더 많아질 것 같은 생각이 든다.#@문장구분# 결혼을 하게되면 남성들이 많이 돕는다 하더라도 경단녀라는 말이 왜 나왔는가 결혼과 동시 출산을 하게된다면 집에서 내일은 접어두고 출산과 동시 육아에 전념을 해야하는데 이 역시 오롯이 여자들의 몫이 아닌가.#@문장구분#요즘 육아휴직이라는 제도도 있어서 남성들도 육아휴직을 하면서 아이들을 돌보겠지만 그거야 일시적인 기간이 정해져있는게 아닌가?#@문장구분# 물론 나중에 결혼을 해서 가정을 꾸리고 산다면 외롭지는 않겠지만 괴롭기는 할 것 같다.#@문장구분# 사회적인 분위기가 많이 바뀌어서 집안의 가사일이나 그런 부분들도 남성들도 같이 동참을 해서 하기는 하지만 대부분의 역할들은 여자들의 몫이라고 생각이 되어진다.#@문장구분# 이 같은 문제들이 있다보니 여자들은 결혼 그리고 출산이라는 부분앞에서 비혼에 대한 거리감 비자발적인 비혼이 늘어난다고 생각된다.#@문장구분# 이와 같은 부분들이 반복이 되다보니 저출산의 문제도 증가하고있는 것 같다.#@문장구분# 물론 남자들역시 결혼을 하게되면 내집마련을 위해 끊임없이 벌어야 하는 그러한 문제도 심각하다.#@문장구분# 이렇다 보니 남, 여 상관없이 비혼주의에 대한 선택이 당연시 되고 있는 것 같다.#@문장구분# 이는 국가적으로 비혼주의에 대한 현실적인 대책을 찾아서 해결을 해야 한다고 생각한다.#@문장구분# 결혼을 선택이 아닌 필수가다시 되는 그날처럼 말이다.#@문장구분#",
      "paragraph_len": 1420,
      "paragraph_id": "001"
    }
  ],
  "score": {
    "paragraph_score": [
      {
        "paragraph_scoreT": [
          3,
          3,
          2.4
        ],
        "paragraph_scoreT_detail": {
          "paragraph_scoreT_exp": [
            [
              3,
              3,
              3
            ],
            [
              3,
              3,
              3
            ],
            [
              2,
              3,
              2
            ]
          ]
        },
        "paragraph_scoreT_avg": 2.8,
        "paragraph_id": "001"
      }
    ],
    "essay_scoreT": [
      30,
      27,
      24.5
    ],
    "essay_scoreT_avg": 27.166666,
    "essay_scoreT_detail": {
      "essay_scoreT_org": [
        [
          3,
          0,
          3,
          3
        ],
        [
          2,
          0,
          3,
          3
        ],
        [
          3,
          0,
          2,
          3
        ]
      ],
      "essay_scoreT_cont": [
        [
          3,
          3,
          3,
          3
        ],
        [
          3,
          2,
          3,
          3
        ],
        [
          2,
          2,
          2,
          3
        ]
      ],
      "essay_scoreT_exp": [
        [
          3,
          3,
          3
        ],
        [
          3,
          3,
          3
        ],
        [
          2,
          3,
          2
        ]
      ]
    }
  },
  "student": {
    "date": "2021.12.21",
    "student_educated": true,
    "student_grade": "고등_1학년",
    "location": "063",
    "student_grade_group": "고등",
    "student_reading": 2
  },
  "rubric": {
    "essay_grade": "고등_1학년",
    "organization_weight": {
      "org_paragraph": 0,
      "org": 3,
      "org_essay": 6,
      "org_coherence": 3,
      "org_quantity": 1
    },
    "essay_type": "찬성반대",
    "content_weight": {
      "con_clearance": 3,
      "con_novelty": 3,
      "con": 4,
      "con_prompt": 1,
      "con_description": 3
    },
    "essay_main_subject": "비혼주의자에 대한 본인의 의견",
    "expression_weight": {
      "exp_style": 4,
      "exp_grammar": 2,
      "exp_vocab": 4,
      "exp": 3
    }
  },
  "correction": [],
  "info": {
    "essay_id": "ESSAY_71355",
    "essay_prompt": " \"\"연애는 필수, 결혼은 선택! 가슴이 뛰는 대로 가면 돼\"\".\n\n 유명한 유행가의 노래 가사처럼, 청년들에게 결혼은 이제 필수가 아닌 하나의 선택 사항입니다. 연애, 결혼, 출산을 포기한다는 의미의 '3포세대'라는 말이 나오기 무섭게 5포 세대, N포세대까지 등장할 정도로 취업난, 치솟는 부동산 가격 등 여러 사회·경제적 요인들로 청년층을 위축시켰습니다.\n\n 모두가 이러한 이유로 '결혼을 포기'하는 것만은 아닙니다. 개인의 행복을 위해 '비혼을 선택'하는 청년들도 늘고 있습니다. 이처럼 최근 전통적인 가치관에서 벗어나 연애와 동거는 하면서 결혼이라는 제도에 묶여 관계에서 파생되는 책임을 벗어나 자유로운 삶을 추구하는 비혼주의자가 늘고 있습니다.\n\n 다만, 개인의 자유로운 선택에 따라 비혼주의를 하지만 주변에서는 아직 고운 시선으로 바라보지 않는 사람도 많습니다. 결혼이라는 제도에 대해서 선택이 아닌 필수라고 생각하는 사람들도 많지요. 개개인이 모여 사회가 형성되기 때문에 사회의 가장 작은 단위인 가족을 이루는 것도 사회 구성원으로서의 큰 역할이라고 생각하는 사람들도 있습니다.\n\n 여러분은 결혼을 꼭 해야 한다고 생각하시나요? 아니면 결혼은 선택의 문제라고 생각하시나요? 비혼주의에 대해 찬성하는 입장 반대를 선택하여 자신의 의견을 작성해주세요. 그리고 그렇게 생각한 이유에 대해서 작성해주세요.",
    "essay_type": "찬성반대",
    "essay_level": "2",
    "essay_len": 1041,
    "essay_main_subject": "비혼주의자에 대한 본인의 의견"
  }
}