{
  "paragraph": [
    {
      "paragraph_txt": "나는 결혼에 대해서도 찬성이며 비혼에 대해서도 찬성이다.#@문장구분# 왜냐하면 둘 다 모두 각각의 장단점을 가지기 때문이다.#@문장구분# 결혼을 한다면 가족이라는 공동체가 생기고 그 안에서 서로 배려와 희생을 해야하지만 결혼을 하지않는다면 본인의 삶에 충실하게 살 수 있다.#@문장구분# 나는 결혼을 하고싶은 사람이라 비혼주의자의 생각이 모두 공감이 가고 이해가 되는 것이 아니지만 존중해줄 수는 있다.#@문장구분# 그 사람이 어떤 삶을 살아왔고 어떤 경험을 해왔으며 어떤 과정에서 이러한 선택을 했는 지가 중요하다. #@문장구분#그 사람이 비혼주의자가 될 것이라고 선택한 것이 중요한 것이다.#@문장구분# 비혼은 다른 사람들의 입장에서는 외로울텐데 혹은 심심할텐데 이런 이유로 안 좋게 보는 경우도 있지만 비혼주의자에겐 결혼을 하는 사람들을 어떻게 생각할 지도 우리가 생각해봐야 할 것이다.#@문장구분# 정작 비혼주의자는 본인 혼자만의 행복한 삶을 살아가고 있을 것 이니깐 말이다.#@문장구분# 이러한 서로의 입장을 존중하면 서로 갈등이 생길 이유도 없을 것이며 나아가 자신의 선택을 더욱 더 존중받는 사회가 만들어질 것이라 생각한다.#@문장구분# 결혼을 하거나 안하거나는 개인의 의지인데 지금까진 자연스럽게 누군가 결혼을 하고 가정을 꾸리면서 사회를 이어나갔지만 인터넷 매체에서 비혼에 대해 긍정적인 측면만 보여주면서 저출산을 조장하는 사회 행태는 좋지 않다고 생각을 한다.#@문장구분# 저출산 문제 때문에 비혼주의가 잘못 되었다는 사람도 있을 수 있는데 저출산 문제는 꼭 비혼주의를 배척하지 않더라도 해결할 수 있는 방법이 있을텐데 그 방법을 시도하지도 않고 비혼주의를 배척하거나 결혼을 강요하는 행위는 아주 잘못되었다고 생각하는 입장이다.#@문장구분#",
      "paragraph_len": 1015,
      "paragraph_id": "001"
    }
  ],
  "score": {
    "paragraph_score": [
      {
        "paragraph_scoreT": [
          3,
          3,
          2.4
        ],
        "paragraph_scoreT_detail": {
          "paragraph_scoreT_exp": [
            [
              3,
              3,
              3
            ],
            [
              3,
              3,
              3
            ],
            [
              2,
              3,
              2
            ]
          ]
        },
        "paragraph_scoreT_avg": 2.8,
        "paragraph_id": "001"
      }
    ],
    "essay_scoreT": [
      30,
      26.7,
      24.5
    ],
    "essay_scoreT_avg": 27.066666,
    "essay_scoreT_detail": {
      "essay_scoreT_org": [
        [
          3,
          0,
          3,
          3
        ],
        [
          2,
          0,
          3,
          2
        ],
        [
          3,
          0,
          2,
          3
        ]
      ],
      "essay_scoreT_cont": [
        [
          3,
          3,
          3,
          3
        ],
        [
          3,
          3,
          3,
          2
        ],
        [
          2,
          2,
          2,
          3
        ]
      ],
      "essay_scoreT_exp": [
        [
          3,
          3,
          3
        ],
        [
          3,
          3,
          3
        ],
        [
          2,
          3,
          2
        ]
      ]
    }
  },
  "student": {
    "date": "2021.12.15",
    "student_educated": true,
    "student_grade": "고등_1학년",
    "location": "063",
    "student_grade_group": "고등",
    "student_reading": 2
  },
  "rubric": {
    "essay_grade": "고등_1학년",
    "organization_weight": {
      "org_paragraph": 0,
      "org": 3,
      "org_essay": 6,
      "org_coherence": 3,
      "org_quantity": 1
    },
    "essay_type": "찬성반대",
    "content_weight": {
      "con_clearance": 3,
      "con_novelty": 3,
      "con": 4,
      "con_prompt": 1,
      "con_description": 3
    },
    "essay_main_subject": "비혼주의자에 대한 본인의 의견",
    "expression_weight": {
      "exp_style": 4,
      "exp_grammar": 2,
      "exp_vocab": 4,
      "exp": 3
    }
  },
  "correction": [],
  "info": {
    "essay_id": "ESSAY_71382",
    "essay_prompt": " \"\"연애는 필수, 결혼은 선택! 가슴이 뛰는 대로 가면 돼\"\".\n\n 유명한 유행가의 노래 가사처럼, 청년들에게 결혼은 이제 필수가 아닌 하나의 선택 사항입니다. 연애, 결혼, 출산을 포기한다는 의미의 '3포세대'라는 말이 나오기 무섭게 5포 세대, N포세대까지 등장할 정도로 취업난, 치솟는 부동산 가격 등 여러 사회·경제적 요인들로 청년층을 위축시켰습니다.\n\n 모두가 이러한 이유로 '결혼을 포기'하는 것만은 아닙니다. 개인의 행복을 위해 '비혼을 선택'하는 청년들도 늘고 있습니다. 이처럼 최근 전통적인 가치관에서 벗어나 연애와 동거는 하면서 결혼이라는 제도에 묶여 관계에서 파생되는 책임을 벗어나 자유로운 삶을 추구하는 비혼주의자가 늘고 있습니다.\n\n 다만, 개인의 자유로운 선택에 따라 비혼주의를 하지만 주변에서는 아직 고운 시선으로 바라보지 않는 사람도 많습니다. 결혼이라는 제도에 대해서 선택이 아닌 필수라고 생각하는 사람들도 많지요. 개개인이 모여 사회가 형성되기 때문에 사회의 가장 작은 단위인 가족을 이루는 것도 사회 구성원으로서의 큰 역할이라고 생각하는 사람들도 있습니다.\n\n 여러분은 결혼을 꼭 해야 한다고 생각하시나요? 아니면 결혼은 선택의 문제라고 생각하시나요? 비혼주의에 대해 찬성하는 입장 반대를 선택하여 자신의 의견을 작성해주세요. 그리고 그렇게 생각한 이유에 대해서 작성해주세요.",
    "essay_type": "찬성반대",
    "essay_level": "2",
    "essay_len": 795,
    "essay_main_subject": "비혼주의자에 대한 본인의 의견"
  }
}