{
  "paragraph": [
    {
      "paragraph_txt": "결혼이 필수처럼 여겨지던 때도 있었다.#@문장구분#소위 말해 혼기가 꽉 찼는데도 결혼을 하지 않으면 어디 문제가 있는 사람으로 취급되기도 했다.#@문장구분# 하지만 요즘은 결혼을 하지 않는 것이 그렇게 낯설지가 않다.#@문장구분# 상대방과 맞추어 살아가는 삶보다는 온전히 자신의 삶을 홀로 책임지며 살겠다는 사람들이 점점 많아지면서 자연스럽게 결혼은 필수가 아닌 선택이 되었다.#@문장구분# 결혼을 못 하는 게 아닌 하지 않는 비혼은 요즘 사람들 사이에서 하나의 트렌드로 자리 잡은 게 아닌 가 하는 생각이 든다.#@문장구분# 요즘 같은 바쁘고 힘든 현대 사회를 생각하면 비혼은 나쁘지만은 않은 선택이라는 생각이 든다.#@문장구분# 비혼이라고 안 좋은 눈초리로만 보지 말고 긍정적인 시선으로 바라봐 주었으면 좋겠다.#@문장구분# 왜냐하면 결혼을 안하는 선택을 자신이 한 선택이기 때문에 남의 선택에 대해 왈가왈부 할 처지가 서로 안된다고 생각한다.#@문장구분# 결혼하면 정말 행복다하고 생각하는가?라고 나는 기혼주의자들에게 묻고싶다. #@문장구분#지금은 돌아가신 넬슨 만델라라는 남아프리카공화국의 전 대통령이 계시는데, 그 분은 27년동안 감옥생활을 견뎠지만 결혼 생활은 견디지 못하고 이혼하셨다.#@문장구분# 즉 감옥보다 더 힘든 것이 결혼 생활이라는 것이다.#@문장구분# 여기서 나는 또 한번 묻고싶다.#@문장구분# 정말 결혼을 해야지만이 행복해 질 수 있는 길일까?#@문장구분#나의 답은 'NO'이다.#@문장구분# 나는 행복하려면 돈이 많아야 된다고 생각한다.#@문장구분# 하지만 돈이 많다고 해도 꼭 행복한 것은 아니다.#@문장구분# 하지만 돈도 없으면 행복해 질 수 없다.#@문장구분# 이런 말이 있다.#@문장구분# 슬플 때 자전거 위에서 우는 것 보단, 벤츠 안에서 우는게 낫다.#@문장구분# 나는 이 말에 동감이 간다.#@문장구분# 그리고 나는 무조건적으로 결혼을 반대하는 것은 아니다.#@문장구분# 만족할만한 상대와 결혼하지 못해서 불만족스러운 결혼생활을 하는 것보다 그냥 결혼을 안하는 것이 낫다는 것이다.#@문장구분# 우리 모두 행복해지기 위해서 결혼을 하는 것이 아닌, 행복한 사람과 결혼하는 미래를 꿈꾸자.#@문장구분#",
      "paragraph_len": 1385,
      "paragraph_id": "001"
    }
  ],
  "score": {
    "paragraph_score": [
      {
        "paragraph_scoreT": [
          2.4,
          2.6,
          2.2
        ],
        "paragraph_scoreT_detail": {
          "paragraph_scoreT_exp": [
            [
              2,
              3,
              2
            ],
            [
              3,
              3,
              2
            ],
            [
              3,
              2,
              2
            ]
          ]
        },
        "paragraph_scoreT_avg": 2.3999999,
        "paragraph_id": "001"
      }
    ],
    "essay_scoreT": [
      23.9,
      24.6,
      22.5
    ],
    "essay_scoreT_avg": 23.666666,
    "essay_scoreT_detail": {
      "essay_scoreT_org": [
        [
          2,
          0,
          2,
          3
        ],
        [
          2,
          0,
          3,
          3
        ],
        [
          2,
          0,
          2,
          3
        ]
      ],
      "essay_scoreT_cont": [
        [
          3,
          3,
          2,
          2
        ],
        [
          3,
          2,
          3,
          2
        ],
        [
          2,
          3,
          3,
          2
        ]
      ],
      "essay_scoreT_exp": [
        [
          2,
          3,
          2
        ],
        [
          3,
          3,
          2
        ],
        [
          3,
          2,
          2
        ]
      ]
    }
  },
  "student": {
    "date": "2021.11.18",
    "student_educated": true,
    "student_grade": "고등_1학년",
    "location": "054",
    "student_grade_group": "고등",
    "student_reading": 1
  },
  "rubric": {
    "essay_grade": "고등_1학년",
    "organization_weight": {
      "org_paragraph": 0,
      "org": 3,
      "org_essay": 6,
      "org_coherence": 3,
      "org_quantity": 1
    },
    "essay_type": "찬성반대",
    "content_weight": {
      "con_clearance": 3,
      "con_novelty": 3,
      "con": 4,
      "con_prompt": 1,
      "con_description": 3
    },
    "essay_main_subject": "비혼주의자에 대한 본인의 의견",
    "expression_weight": {
      "exp_style": 4,
      "exp_grammar": 2,
      "exp_vocab": 4,
      "exp": 3
    }
  },
  "correction": [],
  "info": {
    "essay_id": "ESSAY_47308",
    "essay_prompt": " \"\"연애는 필수, 결혼은 선택! 가슴이 뛰는 대로 가면 돼\"\".\n\n 유명한 유행가의 노래 가사처럼, 청년들에게 결혼은 이제 필수가 아닌 하나의 선택 사항입니다. 연애, 결혼, 출산을 포기한다는 의미의 '3포세대'라는 말이 나오기 무섭게 5포 세대, N포세대까지 등장할 정도로 취업난, 치솟는 부동산 가격 등 여러 사회·경제적 요인들로 청년층을 위축시켰습니다.\n\n 모두가 이러한 이유로 '결혼을 포기'하는 것만은 아닙니다. 개인의 행복을 위해 '비혼을 선택'하는 청년들도 늘고 있습니다. 이처럼 최근 전통적인 가치관에서 벗어나 연애와 동거는 하면서 결혼이라는 제도에 묶여 관계에서 파생되는 책임을 벗어나 자유로운 삶을 추구하는 비혼주의자가 늘고 있습니다.\n\n 다만, 개인의 자유로운 선택에 따라 비혼주의를 하지만 주변에서는 아직 고운 시선으로 바라보지 않는 사람도 많습니다. 결혼이라는 제도에 대해서 선택이 아닌 필수라고 생각하는 사람들도 많지요. 개개인이 모여 사회가 형성되기 때문에 사회의 가장 작은 단위인 가족을 이루는 것도 사회 구성원으로서의 큰 역할이라고 생각하는 사람들도 있습니다.\n\n 여러분은 결혼을 꼭 해야 한다고 생각하시나요? 아니면 결혼은 선택의 문제라고 생각하시나요? 비혼주의에 대해 찬성하는 입장 반대를 선택하여 자신의 의견을 작성해주세요. 그리고 그렇게 생각한 이유에 대해서 작성해주세요.",
    "essay_type": "찬성반대",
    "essay_level": "2",
    "essay_len": 927,
    "essay_main_subject": "비혼주의자에 대한 본인의 의견"
  }
}