{
  "paragraph": [
    {
      "paragraph_txt": "산업화와 도시화, 그리고 정보화의 영향으로 사람들 사이에 개인주의 가치관이 계속해서 확산되고 있다.#@문장구분# 이러한 상황 속에서 결혼에 대한 전통적인 가치관에서 벗어나 꼭 결혼을 해야한다는 의무감이 없어지면서 연애를 하고 결혼한 것과 거의 다름없는 생활은 하지만 결혼은 하지 않는 비혼주의자들이 많아지고 있다.#@문장구분# 결혼한다는 것으로부터 오는 책임을 원하지 않는 것이다.#@문장구분# 나는 이 비혼주의에 찬성한다.#@문장구분#",
      "paragraph_len": 296,
      "paragraph_id": "001"
    },
    {
      "paragraph_txt": " 내가 비혼주의에 찬성하는 이유로는 첫째, 시대가 변했다.#@문장구분# 유교사회였던 우리나라에 전해져온 '남녀칠세부동석'이라는 말도 이제는 옛말이다.#@문장구분# 학생들도 단성학교만 나오는 것과 같은 특수한 상황이 아니면 이성간에도 자유롭게 친구도 사귀고, 교제도 하고 있다.#@문장구분# 그리고 이렇게 자유로운 연애사상을 가지고 자라나 성인이 된 사람들이 많아지면서 비혼주의가 늘어나는 것은 어찌 보면 당연하다.#@문장구분#",
      "paragraph_len": 290,
      "paragraph_id": "002"
    },
    {
      "paragraph_txt": " 둘째, 사람들의 자유의식이 계속해서 성장하고 있다.#@문장구분# 왕정 시대가 몰락하고 민주주의 가치관이 확산되면서 사람들은 정치, 경제 등에서의 자유를 강조해왔다.#@문장구분# 그렇게 자라난 자유에 대한 의지는 과거 세대의 사회적 고정관념에 대한 새로운 세대의 저항의식으로 발전했다고 생각한다.#@문장구분# 젊은 세대들은 과거 세대들에 비해서 연애나 결혼 측면에서 훨씬 더 자유롭고, 만약 자신의 연애에 대해서 부모님이 반대한다고 해도 거기에 순응하지 않고 계속해서 저항하는 경우가 많다.#@문장구분# 이에 따라서 결혼을 하면 생기는 의무감 같은 것에 묶이지 않으려는 의식도 성장하면서 비혼주의가 늘어났다.#@문장구분#",
      "paragraph_len": 412,
      "paragraph_id": "003"
    },
    {
      "paragraph_txt": " 마지막으로, 먹고 살기 점점 어려워지고 있다.#@문장구분# 몇 년 전부터 청년 실업문제도 계속해서 커지고 있고, 사람들은 자기 자신을 부양하기도 어려워지고 있다.#@문장구분# 거기다가 코로나 사태도 끝나지 않는 마당에 정부는 국민들의 수익을 제대로 조사하지도 않고 정확하지 않은 기준을 만들어서 그에 따라 분류된 소득 하위 계층에게 재난 지원금을 부여하고 있다.#@문장구분# 이러한 상황 속에서 실제로 소득이 많은 계층과 적은 계층 사이의 경제적 격차는 계속해서 커지고 있다.#@문장구분# 사람들은 점점 더 살기 힘들어지고, 결혼후에 급격하게 늘어나는 경제적 부담도 감당할 수 없는 경우가 많아졌다.#@문장구분#",
      "paragraph_len": 408,
      "paragraph_id": "004"
    },
    {
      "paragraph_txt": " 위의 3가지 이유가 내가 비혼주의에 찬성하는 가장 큰 이유들이다.#@문장구분# 이 이유들로 인해 나는 비혼주의자들이 늘어나는 것은 어쩔 수 없는 일이라고 생각한다.#@문장구분#",
      "paragraph_len": 125,
      "paragraph_id": "005"
    }
  ],
  "score": {
    "paragraph_score": [
      {
        "paragraph_scoreT": [
          3,
          3,
          2.6
        ],
        "paragraph_scoreT_detail": {
          "paragraph_scoreT_exp": [
            [
              3,
              3,
              3
            ],
            [
              3,
              3,
              3
            ],
            [
              3,
              2,
              3
            ]
          ]
        },
        "paragraph_scoreT_avg": 2.8666668,
        "paragraph_id": "001"
      },
      {
        "paragraph_scoreT": [
          3,
          3,
          3
        ],
        "paragraph_scoreT_detail": {
          "paragraph_scoreT_exp": [
            [
              3,
              3,
              3
            ],
            [
              3,
              3,
              3
            ],
            [
              3,
              3,
              3
            ]
          ]
        },
        "paragraph_scoreT_avg": 3,
        "paragraph_id": "002"
      },
      {
        "paragraph_scoreT": [
          3,
          3,
          2.6
        ],
        "paragraph_scoreT_detail": {
          "paragraph_scoreT_exp": [
            [
              3,
              3,
              3
            ],
            [
              3,
              3,
              3
            ],
            [
              3,
              3,
              2
            ]
          ]
        },
        "paragraph_scoreT_avg": 2.8666668,
        "paragraph_id": "003"
      },
      {
        "paragraph_scoreT": [
          3,
          3,
          3
        ],
        "paragraph_scoreT_detail": {
          "paragraph_scoreT_exp": [
            [
              3,
              3,
              3
            ],
            [
              3,
              3,
              3
            ],
            [
              3,
              3,
              3
            ]
          ]
        },
        "paragraph_scoreT_avg": 3,
        "paragraph_id": "004"
      },
      {
        "paragraph_scoreT": [
          3,
          3,
          2.2
        ],
        "paragraph_scoreT_detail": {
          "paragraph_scoreT_exp": [
            [
              3,
              3,
              3
            ],
            [
              3,
              3,
              3
            ],
            [
              3,
              2,
              2
            ]
          ]
        },
        "paragraph_scoreT_avg": 2.7333333,
        "paragraph_id": "005"
      }
    ],
    "essay_scoreT": [
      30,
      30,
      24.9
    ],
    "essay_scoreT_avg": 28.300001,
    "essay_scoreT_detail": {
      "essay_scoreT_org": [
        [
          3,
          0,
          3,
          3
        ],
        [
          3,
          0,
          3,
          3
        ],
        [
          2,
          0,
          2,
          3
        ]
      ],
      "essay_scoreT_cont": [
        [
          3,
          3,
          3,
          3
        ],
        [
          3,
          3,
          3,
          3
        ],
        [
          2,
          3,
          3,
          3
        ]
      ],
      "essay_scoreT_exp": [
        [
          3,
          3,
          3
        ],
        [
          3,
          3,
          3
        ],
        [
          3,
          2,
          3
        ]
      ]
    }
  },
  "student": {
    "date": "2021.10.24",
    "student_educated": true,
    "student_grade": "고등_1학년",
    "location": "063",
    "student_grade_group": "고등",
    "student_reading": 2
  },
  "rubric": {
    "essay_grade": "고등_1학년",
    "organization_weight": {
      "org_paragraph": 0,
      "org": 3,
      "org_essay": 6,
      "org_coherence": 3,
      "org_quantity": 1
    },
    "essay_type": "찬성반대",
    "content_weight": {
      "con_clearance": 3,
      "con_novelty": 3,
      "con": 4,
      "con_prompt": 1,
      "con_description": 3
    },
    "essay_main_subject": "비혼주의자에 대한 본인의 의견",
    "expression_weight": {
      "exp_style": 4,
      "exp_grammar": 2,
      "exp_vocab": 4,
      "exp": 3
    }
  },
  "correction": [],
  "info": {
    "essay_id": "ESSAY_44054",
    "essay_prompt": " \"\"연애는 필수, 결혼은 선택! 가슴이 뛰는 대로 가면 돼\"\".\n\n 유명한 유행가의 노래 가사처럼, 청년들에게 결혼은 이제 필수가 아닌 하나의 선택 사항입니다. 연애, 결혼, 출산을 포기한다는 의미의 '3포세대'라는 말이 나오기 무섭게 5포 세대, N포세대까지 등장할 정도로 취업난, 치솟는 부동산 가격 등 여러 사회·경제적 요인들로 청년층을 위축시켰습니다.\n\n 모두가 이러한 이유로 '결혼을 포기'하는 것만은 아닙니다. 개인의 행복을 위해 '비혼을 선택'하는 청년들도 늘고 있습니다. 이처럼 최근 전통적인 가치관에서 벗어나 연애와 동거는 하면서 결혼이라는 제도에 묶여 관계에서 파생되는 책임을 벗어나 자유로운 삶을 추구하는 비혼주의자가 늘고 있습니다.\n\n 다만, 개인의 자유로운 선택에 따라 비혼주의를 하지만 주변에서는 아직 고운 시선으로 바라보지 않는 사람도 많습니다. 결혼이라는 제도에 대해서 선택이 아닌 필수라고 생각하는 사람들도 많지요. 개개인이 모여 사회가 형성되기 때문에 사회의 가장 작은 단위인 가족을 이루는 것도 사회 구성원으로서의 큰 역할이라고 생각하는 사람들도 있습니다.\n\n 여러분은 결혼을 꼭 해야 한다고 생각하시나요? 아니면 결혼은 선택의 문제라고 생각하시나요? 비혼주의에 대해 찬성하는 입장 반대를 선택하여 자신의 의견을 작성해주세요. 그리고 그렇게 생각한 이유에 대해서 작성해주세요.",
    "essay_type": "찬성반대",
    "essay_level": "2",
    "essay_len": 1140,
    "essay_main_subject": "비혼주의자에 대한 본인의 의견"
  }
}