{
  "paragraph": [
    {
      "paragraph_txt": "저는 비혼주의에 반대합니다.#@문장구분# 결혼의 사회적 역할 기능등은 여전히 무시 못 할 만큼 크다고 생각합니다.#@문장구분# 아무리 사회가 변해도 대개의 인간은 자손을 보고 싶은 욕망을 가지고 있다고 생각합니다.#@문장구분# 게다가 사회적인 인식이나 복지 혜택 등도 기혼자에게 유리하게 돌아가기 때문에 독신보다 삶의 안정성에서 우위에 있다는 것이 가장 큰 장점으로 꼽힙니다.#@문장구분# 또한 아직까지는 독신에 대한 인식이 그다지 좋지 못하므로, 결혼을 하면 주위의 결혼하라는 압박에서 자유로워질 수도 있습니다.#@문장구분# 또한 나이를 먹을수록 결혼율을 자연스럽게 늘어나게 되므로 자신과 맞는 나이대의 사람들과 공감대를 형성하기 쉽습니다.#@문장구분# 노처녀, 노총각이 될수록 결혼은 물론이고, 여기에 자녀들까지 없으면 아무래도 비슷한 나이의 사람들과의 공감대 형성면에서 떨어질 것입니다.#@문장구분# 임산부들은 태교와 출산에 관심이 쏠릴테고 경험을 해본 사람만이 공감해줄 수 있는 일들이 있기 마련입니다.#@문장구분# 그렇게 되면 같은 독신들이 아닌 이상 새로운 인간관계를 형성하기도 어려울 것입니다.#@문장구분# 여사진, 남사친으로 지냈던 주변에 이성들이 결혼을 하고나면 연락이 거의 끊기는 경우도 태반이듯 말이죠.#@문장구분# 주변이 대부분 비혼주의자라면 괜찮겠지만 그렇지 않은 이상 적합상 상대가 있다면 결혼을 하는 것이 좋다고 생각합니다.#@문장구분# 내 가정을 꾸려 그들과 함께 늙어가는 삶은 따뜻하고 내 가족이라는 존재 자체에서 나오는 안정감을 느낄 수 있다는 점에서 결혼의 순기능은 무시할 수 없습니다.#@문장구분# 따라서 저는 비혼주의자도 이해하지만 웬만하면 결혼을 하고자 합니다.#@문장구분# 저는 결혼에 부정적인 면을 드러내 보고자 합니다.#@문장구분# 동서고금을 막론하고 인구가 곧 국력인 국가에서는 출산율을 올리기 위하여 지금도, 앞으로도 결혼을 장려할 것입니다.#@문장구분#",
      "paragraph_len": 1148,
      "paragraph_id": "001"
    }
  ],
  "score": {
    "paragraph_score": [
      {
        "paragraph_scoreT": [
          3,
          3,
          2
        ],
        "paragraph_scoreT_detail": {
          "paragraph_scoreT_exp": [
            [
              3,
              3,
              3
            ],
            [
              3,
              3,
              3
            ],
            [
              2,
              2,
              2
            ]
          ]
        },
        "paragraph_scoreT_avg": 2.6666667,
        "paragraph_id": "001"
      }
    ],
    "essay_scoreT": [
      30,
      30,
      24
    ],
    "essay_scoreT_avg": 28,
    "essay_scoreT_detail": {
      "essay_scoreT_org": [
        [
          3,
          0,
          3,
          3
        ],
        [
          3,
          0,
          3,
          3
        ],
        [
          2,
          0,
          3,
          3
        ]
      ],
      "essay_scoreT_cont": [
        [
          3,
          3,
          3,
          3
        ],
        [
          3,
          3,
          3,
          3
        ],
        [
          2,
          3,
          3,
          3
        ]
      ],
      "essay_scoreT_exp": [
        [
          3,
          3,
          3
        ],
        [
          3,
          3,
          3
        ],
        [
          2,
          2,
          2
        ]
      ]
    }
  },
  "student": {
    "date": "2021.12.17",
    "student_educated": true,
    "student_grade": "고등_1학년",
    "location": "044",
    "student_grade_group": "고등",
    "student_reading": 2
  },
  "rubric": {
    "essay_grade": "고등_1학년",
    "organization_weight": {
      "org_paragraph": 0,
      "org": 3,
      "org_essay": 6,
      "org_coherence": 3,
      "org_quantity": 1
    },
    "essay_type": "찬성반대",
    "content_weight": {
      "con_clearance": 3,
      "con_novelty": 3,
      "con": 4,
      "con_prompt": 1,
      "con_description": 3
    },
    "essay_main_subject": "비혼주의자에 대한 본인의 의견",
    "expression_weight": {
      "exp_style": 4,
      "exp_grammar": 2,
      "exp_vocab": 4,
      "exp": 3
    }
  },
  "correction": [],
  "info": {
    "essay_id": "ESSAY_66189",
    "essay_prompt": " \"\"연애는 필수, 결혼은 선택! 가슴이 뛰는 대로 가면 돼\"\".\n\n 유명한 유행가의 노래 가사처럼, 청년들에게 결혼은 이제 필수가 아닌 하나의 선택 사항입니다. 연애, 결혼, 출산을 포기한다는 의미의 '3포세대'라는 말이 나오기 무섭게 5포 세대, N포세대까지 등장할 정도로 취업난, 치솟는 부동산 가격 등 여러 사회·경제적 요인들로 청년층을 위축시켰습니다.\n\n 모두가 이러한 이유로 '결혼을 포기'하는 것만은 아닙니다. 개인의 행복을 위해 '비혼을 선택'하는 청년들도 늘고 있습니다. 이처럼 최근 전통적인 가치관에서 벗어나 연애와 동거는 하면서 결혼이라는 제도에 묶여 관계에서 파생되는 책임을 벗어나 자유로운 삶을 추구하는 비혼주의자가 늘고 있습니다.\n\n 다만, 개인의 자유로운 선택에 따라 비혼주의를 하지만 주변에서는 아직 고운 시선으로 바라보지 않는 사람도 많습니다. 결혼이라는 제도에 대해서 선택이 아닌 필수라고 생각하는 사람들도 많지요. 개개인이 모여 사회가 형성되기 때문에 사회의 가장 작은 단위인 가족을 이루는 것도 사회 구성원으로서의 큰 역할이라고 생각하는 사람들도 있습니다.\n\n 여러분은 결혼을 꼭 해야 한다고 생각하시나요? 아니면 결혼은 선택의 문제라고 생각하시나요? 비혼주의에 대해 찬성하는 입장 반대를 선택하여 자신의 의견을 작성해주세요. 그리고 그렇게 생각한 이유에 대해서 작성해주세요.",
    "essay_type": "찬성반대",
    "essay_level": "2",
    "essay_len": 848,
    "essay_main_subject": "비혼주의자에 대한 본인의 의견"
  }
}