{
  "paragraph": [
    {
      "paragraph_txt": "나는 아직 학생이라서 결혼에는 관심이 없지만 비혼주의에 찬성한다.#@문장구분# 텔레비젼을 보면 조건을 따져서 결혼할지를 결정한다고 한다.#@문장구분# 결혼할 사람의 직장,능력,가지고있는 재산,나이,학력,연봉,시댁재산,외모등 조건을 너무 따진다.#@문장구분# 그러면 그렇게 따지는 사람들은 그런 조건을 가지고 있는 것일까?#@문장구분# 나는 그런 조건들을 가지고 있지 않다.#@문장구분# 공부를 잘해서 명문대학 갈 수 있는 수준도 아니고 그렇다면 좋은 직장가서 월급 많이 받을수 있는 것도 아니고 연예인처럼 예쁘지도 않고 우리집 재산이 많은 것도 아니니 결혼의 좋은조건을 갖고있지 않다.#@문장구분# 한마디로 여자들이나 남자들이 눈이 높다는 얘기다.#@문장구분# 결혼 안한 사촌언니나 오빠들보고 할머니는 눈이 높아서 결혼을 못하는 거라고 나무라신다.#@문장구분# 그렇다고 내가 원하는 조건을 몇개라도 갖추고 있지 않은 사람과 결혼할수는 없지않은가?#@문장구분# 눈에 콩깍지가 씌우지않으면 결혼을 못할것이다.#@문장구분# 연애는 해보고 싶다.#@문장구분# 사랑도해보고 사랑도 받아보고 싶다.#@문장구분# 하지만 난지금 남자친구도 없다.#@문장구분# 친구들 중 남자친구가 있는 친구가 있다.#@문장구분# 톡으로 대화하고 가끔만나서 밥도 먹고,영화도 본다고 한다.#@문장구분# 서로에 대해 많은 것을 알고있다.#@문장구분# 처음에 남친을 만났을때는 호감이가서 만났다고 했다.#@문장구분# 중학교 같은 반친구였다고 한다.#@문장구분# 남친 집의 조건이나 남친 아빠직업이나,남친엄마에 대해 아무런것도 필요없다.#@문장구분# 결혼할게 아니라 순수하게 남친여친 정해서 친하게 지내려고 만했지 그 남친의 조건,미래,이런것은 필요가 없었다.#@문장구분# 하지만 결혼은 좀다르다.#@문장구분# 20대후반에 결혼해서 죽을때까지 같이 살아야하니 조건을 안따질 수가 없다.#@문장구분# 결혼을 잘못했다가는 내평생 고생만하고 살게되고 아이들도 힘들테니까 말이다.#@문장구분# 나의 여러가지 조건을 충족시켜줄 사람이 나타나기 전까지 나는 비혼주의다.#@문장구분#",
      "paragraph_len": 1338,
      "paragraph_id": "001"
    }
  ],
  "score": {
    "paragraph_score": [
      {
        "paragraph_scoreT": [
          1.4,
          2,
          1.6
        ],
        "paragraph_scoreT_detail": {
          "paragraph_scoreT_exp": [
            [
              1,
              2,
              1
            ],
            [
              2,
              2,
              2
            ],
            [
              2,
              2,
              1
            ]
          ]
        },
        "paragraph_scoreT_avg": 1.6666666,
        "paragraph_id": "001"
      }
    ],
    "essay_scoreT": [
      17.7,
      20.3,
      21.2
    ],
    "essay_scoreT_avg": 19.733334,
    "essay_scoreT_detail": {
      "essay_scoreT_org": [
        [
          2,
          0,
          2,
          3
        ],
        [
          2,
          0,
          2,
          3
        ],
        [
          2,
          0,
          2,
          2
        ]
      ],
      "essay_scoreT_cont": [
        [
          2,
          1,
          3,
          2
        ],
        [
          3,
          2,
          2,
          2
        ],
        [
          3,
          2,
          2,
          3
        ]
      ],
      "essay_scoreT_exp": [
        [
          1,
          2,
          1
        ],
        [
          2,
          2,
          1
        ],
        [
          2,
          2,
          1
        ]
      ]
    }
  },
  "student": {
    "date": "2021.12.23",
    "student_educated": true,
    "student_grade": "고등_1학년",
    "location": "031",
    "student_grade_group": "고등",
    "student_reading": 2
  },
  "rubric": {
    "essay_grade": "고등_1학년",
    "organization_weight": {
      "org_paragraph": 0,
      "org": 3,
      "org_essay": 6,
      "org_coherence": 3,
      "org_quantity": 1
    },
    "essay_type": "찬성반대",
    "content_weight": {
      "con_clearance": 3,
      "con_novelty": 3,
      "con": 4,
      "con_prompt": 1,
      "con_description": 3
    },
    "essay_main_subject": "비혼주의자에 대한 본인의 의견",
    "expression_weight": {
      "exp_style": 4,
      "exp_grammar": 2,
      "exp_vocab": 4,
      "exp": 3
    }
  },
  "correction": [],
  "info": {
    "essay_id": "ESSAY_76539",
    "essay_prompt": " \"\"연애는 필수, 결혼은 선택! 가슴이 뛰는 대로 가면 돼\"\".\n\n 유명한 유행가의 노래 가사처럼, 청년들에게 결혼은 이제 필수가 아닌 하나의 선택 사항입니다. 연애, 결혼, 출산을 포기한다는 의미의 '3포세대'라는 말이 나오기 무섭게 5포 세대, N포세대까지 등장할 정도로 취업난, 치솟는 부동산 가격 등 여러 사회·경제적 요인들로 청년층을 위축시켰습니다.\n\n 모두가 이러한 이유로 '결혼을 포기'하는 것만은 아닙니다. 개인의 행복을 위해 '비혼을 선택'하는 청년들도 늘고 있습니다. 이처럼 최근 전통적인 가치관에서 벗어나 연애와 동거는 하면서 결혼이라는 제도에 묶여 관계에서 파생되는 책임을 벗어나 자유로운 삶을 추구하는 비혼주의자가 늘고 있습니다.\n\n 다만, 개인의 자유로운 선택에 따라 비혼주의를 하지만 주변에서는 아직 고운 시선으로 바라보지 않는 사람도 많습니다. 결혼이라는 제도에 대해서 선택이 아닌 필수라고 생각하는 사람들도 많지요. 개개인이 모여 사회가 형성되기 때문에 사회의 가장 작은 단위인 가족을 이루는 것도 사회 구성원으로서의 큰 역할이라고 생각하는 사람들도 있습니다.\n\n 여러분은 결혼을 꼭 해야 한다고 생각하시나요? 아니면 결혼은 선택의 문제라고 생각하시나요? 비혼주의에 대해 찬성하는 입장 반대를 선택하여 자신의 의견을 작성해주세요. 그리고 그렇게 생각한 이유에 대해서 작성해주세요.",
    "essay_type": "찬성반대",
    "essay_level": "2",
    "essay_len": 860,
    "essay_main_subject": "비혼주의자에 대한 본인의 의견"
  }
}