{
  "paragraph": [
    {
      "paragraph_txt": "나는 비혼주의자를 찬성한다.#@문장구분# 무슨 이유 때문일까?#@문장구분# 먼저 사회 구조가 비혼주의자를 만들어내는 중이다.#@문장구분# 금전적으로 여유롭지 못하고 주택 값이 점점 오르는 추세로 혼자 살아가기도 바쁜 사회이다.#@문장구분# 그 상황에서 서로 책임져야할 사람이 늘어난다면 부담감도 늘어날 것이고 행복함보다 현실적인 문제에 부딪혀 갈등이 잦아질 것이다.#@문장구분# 그런 문제는 결국 이혼을 야기하고 결과가 이혼이라면 처음부터 결혼을 하지 않는 것도 나쁘지 않다고 생각한다.#@문장구분# 만약 결혼을 하여 아기까지 낳았는데 배우자와 성격차이와 맞지 않는 성향 때문에 이혼을 한다면 아이에게도 안좋은 영향을 끼칠 수도 있다.#@문장구분# 그 다음으로 결혼은 자신의 선택이기 때문이다.#@문장구분# 결혼은 좋은 사람을 만나면 할 수 도 있는 것이고 하지 않을 수도 있는 것이다.#@문장구분# 옛날에는 결혼이 암묵적인 필수로 여겨졌지만 오늘날에는 인식이 변화했다.#@문장구분# 단지 자신이 더 행복한 길을 걸어가는 것이 좋은 것으로 여겨지는 것이다.#@문장구분# 결혼을 하여 불행해지는 것을 느끼는 것보다 비혼으로 살아가는게 도 좋을 수도 있는 선택이다.#@문장구분# 마지막으로 비혼을 추구하는 것은 자기계발에 도움이 될 수 있다. #@문장구분#결혼을 하여 배우자에게 기대지 않고 오직 자신의 능력으로 살아남아야하니 능력을 더 키우고 업적을 늘리려는 동기부여가 될 수 있다.#@문장구분# 비혼주의자가 되는 것은 온전히 자신의 선택이고 결혼을 강요받는 것은 있을 수 없는 일이다.#@문장구분# 모두의 생각과 가치관을 존중해줘야하며 상대방의 선택을 비난하여도 안된다.#@문장구분# 그 사람이 비혼주의자가 되려고 선택한 이유가 있을 것이기 때문에 존중해주고 이해해주는 자세를 가지는 것이 필요하다.#@문장구분# 그리하여 나는 비혼주의자를 찬성한다.#@문장구분#",
      "paragraph_len": 1164,
      "paragraph_id": "001"
    }
  ],
  "score": {
    "paragraph_score": [
      {
        "paragraph_scoreT": [
          2.8,
          2.8,
          2.8
        ],
        "paragraph_scoreT_detail": {
          "paragraph_scoreT_exp": [
            [
              2,
              3,
              3
            ],
            [
              2,
              3,
              3
            ],
            [
              2,
              3,
              3
            ]
          ]
        },
        "paragraph_scoreT_avg": 2.8,
        "paragraph_id": "001"
      }
    ],
    "essay_scoreT": [
      28.2,
      28.2,
      28.2
    ],
    "essay_scoreT_avg": 28.200003,
    "essay_scoreT_detail": {
      "essay_scoreT_org": [
        [
          3,
          0,
          3,
          3
        ],
        [
          3,
          0,
          3,
          3
        ],
        [
          3,
          0,
          3,
          3
        ]
      ],
      "essay_scoreT_cont": [
        [
          3,
          2,
          3,
          3
        ],
        [
          3,
          2,
          3,
          3
        ],
        [
          2,
          3,
          3,
          3
        ]
      ],
      "essay_scoreT_exp": [
        [
          2,
          3,
          3
        ],
        [
          2,
          3,
          3
        ],
        [
          2,
          3,
          3
        ]
      ]
    }
  },
  "student": {
    "date": "2021.12.22",
    "student_educated": true,
    "student_grade": "고등_1학년",
    "location": "063",
    "student_grade_group": "고등",
    "student_reading": 2
  },
  "rubric": {
    "essay_grade": "고등_1학년",
    "organization_weight": {
      "org_paragraph": 0,
      "org": 3,
      "org_essay": 6,
      "org_coherence": 3,
      "org_quantity": 1
    },
    "essay_type": "찬성반대",
    "content_weight": {
      "con_clearance": 3,
      "con_novelty": 3,
      "con": 4,
      "con_prompt": 1,
      "con_description": 3
    },
    "essay_main_subject": "비혼주의자에 대한 본인의 의견",
    "expression_weight": {
      "exp_style": 4,
      "exp_grammar": 2,
      "exp_vocab": 4,
      "exp": 3
    }
  },
  "correction": [],
  "info": {
    "essay_id": "ESSAY_76797",
    "essay_prompt": " \"\"연애는 필수, 결혼은 선택! 가슴이 뛰는 대로 가면 돼\"\".\n\n 유명한 유행가의 노래 가사처럼, 청년들에게 결혼은 이제 필수가 아닌 하나의 선택 사항입니다. 연애, 결혼, 출산을 포기한다는 의미의 '3포세대'라는 말이 나오기 무섭게 5포 세대, N포세대까지 등장할 정도로 취업난, 치솟는 부동산 가격 등 여러 사회·경제적 요인들로 청년층을 위축시켰습니다.\n\n 모두가 이러한 이유로 '결혼을 포기'하는 것만은 아닙니다. 개인의 행복을 위해 '비혼을 선택'하는 청년들도 늘고 있습니다. 이처럼 최근 전통적인 가치관에서 벗어나 연애와 동거는 하면서 결혼이라는 제도에 묶여 관계에서 파생되는 책임을 벗어나 자유로운 삶을 추구하는 비혼주의자가 늘고 있습니다.\n\n 다만, 개인의 자유로운 선택에 따라 비혼주의를 하지만 주변에서는 아직 고운 시선으로 바라보지 않는 사람도 많습니다. 결혼이라는 제도에 대해서 선택이 아닌 필수라고 생각하는 사람들도 많지요. 개개인이 모여 사회가 형성되기 때문에 사회의 가장 작은 단위인 가족을 이루는 것도 사회 구성원으로서의 큰 역할이라고 생각하는 사람들도 있습니다.\n\n 여러분은 결혼을 꼭 해야 한다고 생각하시나요? 아니면 결혼은 선택의 문제라고 생각하시나요? 비혼주의에 대해 찬성하는 입장 반대를 선택하여 자신의 의견을 작성해주세요. 그리고 그렇게 생각한 이유에 대해서 작성해주세요.",
    "essay_type": "찬성반대",
    "essay_level": "2",
    "essay_len": 804,
    "essay_main_subject": "비혼주의자에 대한 본인의 의견"
  }
}