{
  "paragraph": [
    {
      "paragraph_txt": "비혼 주의자에 대해 이야기해보려 한다.#@문장구분# 비혼 주의자란?#@문장구분# 결혼은 필수가 아니라, 선택이라고 생각하는 사람을 말한다.#@문장구분# 미혼은 혼인상태가 아님을 뜻하지만 비혼은 혼인할 의지가 없음을 뜻하는 것이다.#@문장구분# 나는 비혼 주의자는 아니다.#@문장구분# 사랑하는 사람이 있다면 결혼도 하고 예쁜 아이도 낳고 살 것이다.#@문장구분# 하지만, 오늘은 비혼 주의자의 입장에서 생각해 보려고 한다.#@문장구분# \n가수 김연자 노래에 연예는 필수, 결혼은 선택 연예는 하지만 결혼은 하지 않겠다는 비혼 주의자들 아마도 결혼이 아닌 혼자의 삶을 꿈꾸고 누구누구의 아내 엄마 등등의 수식어가 아닌 나 자신을 우선으로 생각하고 싶어서가 아닐까 싶다.#@문장구분# 여자의 입장에서 생각해 보면 결혼을 하지 않는다면 임신과 출산 육아에 대해 부담이 일단 없을 것이고 시댁이라는 틀에 신경 쓰지 않아도 된다.#@문장구분# 자신의 삶을 다른 사람을 위한 희생이 아닌 좀 더 나를 위한 시간과 여유로움이 생기고 나 자신을 위한 투자를 할 수 있고 노후 준비도 나만 하면 된다.#@문장구분# 그런데... 참고 견뎌야 하는 부분들도 생각 안 해 볼수는 없다.#@문장구분# 아직 우리나라는 결혼을 필수라고 여기는 사람들이 더 많다.#@문장구분# 옛말에 짚신도 짝이 있다는 속담처럼 말이다.#@문장구분# 어느 정도 나이가 차면 주위 사람들이 왜 결혼 안 해? 라는 말을 수 없이 들을 것이고 결혼한 주변 사람들을 보며 배우자나 자식들과 행복한 모습들을 볼 때도 수많은 생각들을 할 것이다.#@문장구분# 본인의 선택을 믿고 이러한 인식과 편견을 깨고 비혼 쥐의자들을 인정하고 이해해 주어야 한다고 생각한다.#@문장구분# 사람마다 성격이 다르고 생각이 다르기 때문에 나와 다르게 생각한다고 틀린 생각이라고 여지기 않았으면 좋겠다.#@문장구분# 이상 비혼주의에 대한 나의 의견이었다.#@문장구분#",
      "paragraph_len": 1168,
      "paragraph_id": "001"
    }
  ],
  "score": {
    "paragraph_score": [
      {
        "paragraph_scoreT": [
          2,
          3,
          2.6
        ],
        "paragraph_scoreT_detail": {
          "paragraph_scoreT_exp": [
            [
              2,
              2,
              2
            ],
            [
              3,
              3,
              3
            ],
            [
              3,
              2,
              3
            ]
          ]
        },
        "paragraph_scoreT_avg": 2.5333333,
        "paragraph_id": "001"
      }
    ],
    "essay_scoreT": [
      22.099998,
      28.8,
      27.599998
    ],
    "essay_scoreT_avg": 26.166666,
    "essay_scoreT_detail": {
      "essay_scoreT_org": [
        [
          2,
          0,
          3,
          2
        ],
        [
          3,
          0,
          3,
          3
        ],
        [
          3,
          0,
          3,
          3
        ]
      ],
      "essay_scoreT_cont": [
        [
          3,
          2,
          2,
          2
        ],
        [
          3,
          2,
          3,
          3
        ],
        [
          3,
          2,
          3,
          3
        ]
      ],
      "essay_scoreT_exp": [
        [
          2,
          2,
          2
        ],
        [
          3,
          3,
          3
        ],
        [
          3,
          2,
          3
        ]
      ]
    }
  },
  "student": {
    "date": "2021.11.20",
    "student_educated": true,
    "student_grade": "고등_1학년",
    "location": "063",
    "student_grade_group": "고등",
    "student_reading": 1
  },
  "rubric": {
    "essay_grade": "고등_1학년",
    "organization_weight": {
      "org_paragraph": 0,
      "org": 3,
      "org_essay": 6,
      "org_coherence": 3,
      "org_quantity": 1
    },
    "essay_type": "찬성반대",
    "content_weight": {
      "con_clearance": 3,
      "con_novelty": 3,
      "con": 4,
      "con_prompt": 1,
      "con_description": 3
    },
    "essay_main_subject": "비혼주의자에 대한 본인의 의견",
    "expression_weight": {
      "exp_style": 4,
      "exp_grammar": 2,
      "exp_vocab": 4,
      "exp": 3
    }
  },
  "correction": [],
  "info": {
    "essay_id": "ESSAY_47317",
    "essay_prompt": " \"\"연애는 필수, 결혼은 선택! 가슴이 뛰는 대로 가면 돼\"\".\n\n 유명한 유행가의 노래 가사처럼, 청년들에게 결혼은 이제 필수가 아닌 하나의 선택 사항입니다. 연애, 결혼, 출산을 포기한다는 의미의 '3포세대'라는 말이 나오기 무섭게 5포 세대, N포세대까지 등장할 정도로 취업난, 치솟는 부동산 가격 등 여러 사회·경제적 요인들로 청년층을 위축시켰습니다.\n\n 모두가 이러한 이유로 '결혼을 포기'하는 것만은 아닙니다. 개인의 행복을 위해 '비혼을 선택'하는 청년들도 늘고 있습니다. 이처럼 최근 전통적인 가치관에서 벗어나 연애와 동거는 하면서 결혼이라는 제도에 묶여 관계에서 파생되는 책임을 벗어나 자유로운 삶을 추구하는 비혼주의자가 늘고 있습니다.\n\n 다만, 개인의 자유로운 선택에 따라 비혼주의를 하지만 주변에서는 아직 고운 시선으로 바라보지 않는 사람도 많습니다. 결혼이라는 제도에 대해서 선택이 아닌 필수라고 생각하는 사람들도 많지요. 개개인이 모여 사회가 형성되기 때문에 사회의 가장 작은 단위인 가족을 이루는 것도 사회 구성원으로서의 큰 역할이라고 생각하는 사람들도 있습니다.\n\n 여러분은 결혼을 꼭 해야 한다고 생각하시나요? 아니면 결혼은 선택의 문제라고 생각하시나요? 비혼주의에 대해 찬성하는 입장 반대를 선택하여 자신의 의견을 작성해주세요. 그리고 그렇게 생각한 이유에 대해서 작성해주세요.",
    "essay_type": "찬성반대",
    "essay_level": "2",
    "essay_len": 828,
    "essay_main_subject": "비혼주의자에 대한 본인의 의견"
  }
}