{
  "paragraph": [
    {
      "paragraph_txt": "최근 방영된 한 드라마에서는 비혼이 트렌드라며, 트렌디하게 살자는 대사가 나와 화제를 이끌었다.#@문장구분# 그도 그럴 것이 현재 젊은이들 사이에서는 \"결혼을 꼭 해야 하는 것인가?\"라는 의문이 떠오르고 있기 때문이다.#@문장구분# 과거 꼭 결혼을 해야 한다는 생각이 시간이 지남에 따라 변화하고 있다는 것이다.#@문장구분# 이 글을 쓰고 있는 나 역시도 자유로운 삶을 보장할 수 있는 비혼에 찬성한다.#@문장구분# \n결혼이란 남녀가 정식으로 부부관계를 맺는다는 사전적 의미를 지니고 있다.#@문장구분# 하지만 21세기를 살아가고 있는 현대인들은 이러한 결혼의 의미를 잘못된 것이라고 주장하고 있다.#@문장구분# 흔히 동성애자라고 표현하는 사회적 소수자가 나타나는 시대, 이들은 절대 수가 적어서 소수자인 것이 아니다.#@문장구분# 남녀 간의 사랑이 정상이라고 표현하는 사회에서 사람들이 이들을 비정상이라고 부르기 때문이다.#@문장구분# 우리나라는 동성결혼이 합법이 아닌 나라로, 많은 사회적 소수자들이 비혼을 선언하며 연애와 동거만을 이어가고 있다.#@문장구분# 나는 이러한 점에서 의문점이 들었다.#@문장구분# 사랑하면 하는 것이 결혼이라더니, 이들의 사랑은 어째서 받아들여질 수 없는 것인가?#@문장구분# 이들을 사회적 소수자라는 단어로 부르는 것은 차별 아닌가?#@문장구분# 결혼의 의미를 '남녀'가 부부를 맺는 것만으로 제한하는 것이 과연 맞는 것인가?#@문장구분# 이들의 사랑은 잘못된 것이라고 비난하며 동성결혼을 합법으로 지정하지 않는 사회에서 이들이 비혼을 주장하는 것을 또다시 비난하는 순환은 모순되는 부분이 있지 않은가?#@문장구분#\n혼자 살기 바쁘다고 비혼을 주장하는 사람, 내가 하고 싶은 일을 하며 살고 싶다고 비혼을 주장하는 사람 등, 비혼을 주장하는 사람들은 여러 부류가 있지만 모두 공통점이 있다.#@문장구분# 그건 바로 자유를 주장하고 있다는 것이다.#@문장구분# \n단 한 번뿐인 인생, 나는 내가 이루고 싶은 일을 이루며 자유롭게 살고 싶다.#@문장구분# 누군가의 눈치를 보지 않으며, 누구의 부인, 누구 엄마, 이런 식의 명칭 따위로우리 부모님이 지어주신 자랑스러운 나의 이름을 잃은 채로 살고 싶지 않다.#@문장구분# 대체 어디의 누가 결혼이 필수라는 소리를 한 것인가. 내 인생의 주체는 바로 나다.#@문장구분# 남들이 하는 말에 휘둘리지 않고, 줏대 있게, 자신의 주관대로 당당히 살아갈 수 있는 시대가 오길 바란다.#@문장구분#",
      "paragraph_len": 1474,
      "paragraph_id": "001"
    }
  ],
  "score": {
    "paragraph_score": [
      {
        "paragraph_scoreT": [
          3,
          3,
          2
        ],
        "paragraph_scoreT_detail": {
          "paragraph_scoreT_exp": [
            [
              3,
              3,
              3
            ],
            [
              3,
              3,
              3
            ],
            [
              2,
              2,
              2
            ]
          ]
        },
        "paragraph_scoreT_avg": 2.6666667,
        "paragraph_id": "001"
      }
    ],
    "essay_scoreT": [
      30,
      30,
      22.400002
    ],
    "essay_scoreT_avg": 27.466667,
    "essay_scoreT_detail": {
      "essay_scoreT_org": [
        [
          3,
          0,
          3,
          3
        ],
        [
          3,
          0,
          3,
          3
        ],
        [
          2,
          0,
          3,
          3
        ]
      ],
      "essay_scoreT_cont": [
        [
          3,
          3,
          3,
          3
        ],
        [
          3,
          3,
          3,
          3
        ],
        [
          3,
          2,
          2,
          2
        ]
      ],
      "essay_scoreT_exp": [
        [
          3,
          3,
          3
        ],
        [
          3,
          3,
          3
        ],
        [
          2,
          2,
          2
        ]
      ]
    }
  },
  "student": {
    "date": "2021.09.06",
    "student_educated": true,
    "student_grade": "고등_1학년",
    "location": "051",
    "student_grade_group": "고등",
    "student_reading": 1
  },
  "rubric": {
    "essay_grade": "고등_1학년",
    "organization_weight": {
      "org_paragraph": 0,
      "org": 3,
      "org_essay": 6,
      "org_coherence": 3,
      "org_quantity": 1
    },
    "essay_type": "찬성반대",
    "content_weight": {
      "con_clearance": 3,
      "con_novelty": 3,
      "con": 4,
      "con_prompt": 1,
      "con_description": 3
    },
    "essay_main_subject": "비혼주의자에 대한 본인의 의견",
    "expression_weight": {
      "exp_style": 4,
      "exp_grammar": 2,
      "exp_vocab": 4,
      "exp": 3
    }
  },
  "correction": [],
  "info": {
    "essay_id": "ESSAY_34369",
    "essay_prompt": " \"\"연애는 필수, 결혼은 선택! 가슴이 뛰는 대로 가면 돼\"\".\n\n 유명한 유행가의 노래 가사처럼, 청년들에게 결혼은 이제 필수가 아닌 하나의 선택 사항입니다. 연애, 결혼, 출산을 포기한다는 의미의 '3포세대'라는 말이 나오기 무섭게 5포 세대, N포세대까지 등장할 정도로 취업난, 치솟는 부동산 가격 등 여러 사회·경제적 요인들로 청년층을 위축시켰습니다.\n\n 모두가 이러한 이유로 '결혼을 포기'하는 것만은 아닙니다. 개인의 행복을 위해 '비혼을 선택'하는 청년들도 늘고 있습니다. 이처럼 최근 전통적인 가치관에서 벗어나 연애와 동거는 하면서 결혼이라는 제도에 묶여 관계에서 파생되는 책임을 벗어나 자유로운 삶을 추구하는 비혼주의자가 늘고 있습니다.\n\n 다만, 개인의 자유로운 선택에 따라 비혼주의를 하지만 주변에서는 아직 고운 시선으로 바라보지 않는 사람도 많습니다. 결혼이라는 제도에 대해서 선택이 아닌 필수라고 생각하는 사람들도 많지요. 개개인이 모여 사회가 형성되기 때문에 사회의 가장 작은 단위인 가족을 이루는 것도 사회 구성원으로서의 큰 역할이라고 생각하는 사람들도 있습니다.\n\n 여러분은 결혼을 꼭 해야 한다고 생각하시나요? 아니면 결혼은 선택의 문제라고 생각하시나요? 비혼주의에 대해 찬성하는 입장 반대를 선택하여 자신의 의견을 작성해주세요. 그리고 그렇게 생각한 이유에 대해서 작성해주세요.",
    "essay_type": "찬성반대",
    "essay_level": "2",
    "essay_len": 1076,
    "essay_main_subject": "비혼주의자에 대한 본인의 의견"
  }
}