{
  "paragraph": [
    {
      "paragraph_txt": "저는 비혼주의를 찬성합니다.#@문장구분# 세상이 바뀜에 따라 사람들의 가치관이 변화하는 것은 이상한 것이 아니기 때문에, 그리고 저 역시도 결혼할 계획이 없기 때문입니다.#@문장구분# 아래는 제가 비혼을 생각하게 된 계기이며 덩달아 개인적인 의견을 담은 비혼주의가 늘어나는 이유입니다.#@문장구분# 먼저, 비혼주의가 늘어나는 것에는 현재 사회 문제가 많은 부분을 차지하고 있다고 생각합니다.#@문장구분# 대표적으로 심해지고 있는 남녀갈등, 점점 나아지는 것 같으면서도 발전이 없는 가부장제를 등등으로 예시를 들 수 있습니다.#@문장구분# 남녀갈등의 경우, 처음에는 서로가 받은 차별을 내세우며 논쟁을 하기 시작하더니 지금은 그저 남성과 여성이라는 이유만으로 비하하고 싸우는 지경까지 되었습니다.#@문장구분# 이런 모습들은 소셜 네트워크로 크게 퍼지고 있고 실제로 SNS를 잠깐이라도 둘러보면 남혐, 여혐 등의 주제가 빈번함을 볼 수 있습니다.#@문장구분# 때문에 이것은 아직 결혼하지 않은 사람들, 청소년들에게 결혼에 대한 부정적인 생각을 심어주기에 충분하다고 생각합니다.#@문장구분# 두 번째로, 가부장제는 옛날부터 많은 사람들이 불만을 표함에도 불구하고 아직 고쳐지지 않은 문제입니다.#@문장구분# 가부장제는 가장, 그리고 그 뒤를 이어 보통 장남이 가족 전체를 통솔하고 가족을 대표하는 비정상적인 가족 형태인데, 이런 가부장제로 의견이 묵살되고 피해를 입었던 나머지 가족 구성원들이 다음 세대에게 문제점을 알리면서 비혼주의가 늘어났다고 생각합니다.#@문장구분# 자신의 행복을 위해 결혼을 했는데 억압당하는 삶은 비참하기 때문입니다.#@문장구분# 불편함을 감수하고 결혼 생활을 할 바에는 혼자 자유로운 인생을 사는 것이 합리적이라고 생각합니다.#@문장구분# 종종 연애와 동거는 하면서 왜 결혼은 하지 않는지, 이건 모순적이지 않냐는 말도 있습니다.#@문장구분# 저는 이거야말로 비혼주의를 다짐하기 딱 좋은 의견이라고 생각합니다.#@문장구분# 일단, 연애는 자유롭게 시작할 수 있고 끝낼 수 있습니다.#@문장구분# 동거 역시 연애적 감정이 없다면 성별 불문하고 가능한 일입니다.#@문장구분# 하지만 결혼은 한 사람과 평생을 함께함을 약속하는 것이므로 막중한 부담감을 느낄 수 있습니다.#@문장구분# 지금 사회는 개인의 자유가 더 중요시 여겨지고 있는데, 그런 자유를 무시하고 연애-결혼으로 이어져야 한다는 좁은 편견은 오히려 반발감을 일으켜 사람들이 결혼을 좋지 않게 생각하게 되는 계기가 될 수 있습니다.#@문장구분# 여기까지 비혼주의에 대한 제 의견입니다.#@문장구분# 사회의 차별문제, 고리타분한 보수적 가치관, 다양한 편견이 고쳐지지 않는 한 비혼주의는 끝없이 늘어갈 것입니다.#@문장구분#",
      "paragraph_len": 1603,
      "paragraph_id": "001"
    }
  ],
  "score": {
    "paragraph_score": [
      {
        "paragraph_scoreT": [
          3,
          3,
          2.6
        ],
        "paragraph_scoreT_detail": {
          "paragraph_scoreT_exp": [
            [
              3,
              3,
              3
            ],
            [
              3,
              3,
              3
            ],
            [
              3,
              3,
              2
            ]
          ]
        },
        "paragraph_scoreT_avg": 2.8666668,
        "paragraph_id": "001"
      }
    ],
    "essay_scoreT": [
      30,
      25.800001,
      26
    ],
    "essay_scoreT_avg": 27.266668,
    "essay_scoreT_detail": {
      "essay_scoreT_org": [
        [
          3,
          0,
          3,
          3
        ],
        [
          2,
          0,
          3,
          3
        ],
        [
          3,
          0,
          3,
          3
        ]
      ],
      "essay_scoreT_cont": [
        [
          3,
          3,
          3,
          3
        ],
        [
          3,
          2,
          3,
          2
        ],
        [
          2,
          2,
          2,
          3
        ]
      ],
      "essay_scoreT_exp": [
        [
          3,
          3,
          3
        ],
        [
          3,
          3,
          3
        ],
        [
          3,
          3,
          2
        ]
      ]
    }
  },
  "student": {
    "date": "2021.10.01",
    "student_educated": true,
    "student_grade": "고등_1학년",
    "location": "051",
    "student_grade_group": "고등",
    "student_reading": 1
  },
  "rubric": {
    "essay_grade": "고등_1학년",
    "organization_weight": {
      "org_paragraph": 0,
      "org": 3,
      "org_essay": 6,
      "org_coherence": 3,
      "org_quantity": 1
    },
    "essay_type": "찬성반대",
    "content_weight": {
      "con_clearance": 3,
      "con_novelty": 3,
      "con": 4,
      "con_prompt": 1,
      "con_description": 3
    },
    "essay_main_subject": "비혼주의자에 대한 본인의 의견",
    "expression_weight": {
      "exp_style": 4,
      "exp_grammar": 2,
      "exp_vocab": 4,
      "exp": 3
    }
  },
  "correction": [],
  "info": {
    "essay_id": "ESSAY_36457",
    "essay_prompt": " \"\"연애는 필수, 결혼은 선택! 가슴이 뛰는 대로 가면 돼\"\".\n\n 유명한 유행가의 노래 가사처럼, 청년들에게 결혼은 이제 필수가 아닌 하나의 선택 사항입니다. 연애, 결혼, 출산을 포기한다는 의미의 '3포세대'라는 말이 나오기 무섭게 5포 세대, N포세대까지 등장할 정도로 취업난, 치솟는 부동산 가격 등 여러 사회·경제적 요인들로 청년층을 위축시켰습니다.\n\n 모두가 이러한 이유로 '결혼을 포기'하는 것만은 아닙니다. 개인의 행복을 위해 '비혼을 선택'하는 청년들도 늘고 있습니다. 이처럼 최근 전통적인 가치관에서 벗어나 연애와 동거는 하면서 결혼이라는 제도에 묶여 관계에서 파생되는 책임을 벗어나 자유로운 삶을 추구하는 비혼주의자가 늘고 있습니다.\n\n 다만, 개인의 자유로운 선택에 따라 비혼주의를 하지만 주변에서는 아직 고운 시선으로 바라보지 않는 사람도 많습니다. 결혼이라는 제도에 대해서 선택이 아닌 필수라고 생각하는 사람들도 많지요. 개개인이 모여 사회가 형성되기 때문에 사회의 가장 작은 단위인 가족을 이루는 것도 사회 구성원으로서의 큰 역할이라고 생각하는 사람들도 있습니다.\n\n 여러분은 결혼을 꼭 해야 한다고 생각하시나요? 아니면 결혼은 선택의 문제라고 생각하시나요? 비혼주의에 대해 찬성하는 입장 반대를 선택하여 자신의 의견을 작성해주세요. 그리고 그렇게 생각한 이유에 대해서 작성해주세요.",
    "essay_type": "찬성반대",
    "essay_level": "2",
    "essay_len": 1203,
    "essay_main_subject": "비혼주의자에 대한 본인의 의견"
  }
}