{
  "paragraph": [
    {
      "paragraph_txt": "예전에는 어느정도 나이가 되면 결혼을 해서 가정을 꾸리는 것이 모든 사람들의 과제처럼 여겨졌었다.#@문장구분# 하지만 최근에는 비혼을 추구하는 사람들이 점차 많아졌다.#@문장구분# 혼인을 해서 아이를 낳고 기르는것 등  가정에서만 느낄수 있는 기쁨보다 개인적인 기쁨을 추구하는 경향이 생겼으며 삶의 가치와 생각들이 다양해졌다.#@문장구분# 우리나라에서 결혼은 여성에게 매우 불합리하여 매 해에 여성 비혼주위가 상승하고 있다.#@문장구분# 우리가 객관적으로 결혼은 유교적인 배경으로 여성은 집안 살림을 남성은 돈을 벌어는 오는것을 암묵적인 법처럼 여겨졌으며, 여성은 무조건 순종적으로 시댁, 남편과 자식들에게 희생을 강요당했다.#@문장구분# 점점 사회가 발전하면 어느 정도는 개선되었지만 그래도 아직까지 불합리하다.#@문장구분# 과거의 여성들이 사회에 진출을 하게되고 사회에 진출한 여성들이 보고 배우고 느끼는 것들을 다음 세대에 직접적 간접적으로 전해지면서 안정적인 직장과 경제적 자유가 있다며 결혼을 해 누군가를 위해서 희생할 필요가 없다는 인식이 생겼다.#@문장구분# 이런 인식으로 결혼은 필수가 아닌 선택으로 또는 개인적인 생각 변화로 나타나는 것이다.#@문장구분# 결혼에 대한 생각변화가 무조건적으로 나쁜게 변한다고 생각하지 말고 왜 비혼을 선호하는지 결혼이라는 제도가 어떻게 바뀌었으면 하는지 우리의 미래 결혼에 대한 변화를 받아드릴지라는 생각을 했으면 좋겠다.#@문장구분# 이러한 생각으로 경제적 자유와 나의 삶에 책임을 가질수 있다면 난 비혼주의에 대해서 찬성이다.#@문장구분# 결혼은 꼭 해야하는것이 아닌 개인적인 선택이라고 말하고 싶다.#@문장구분# 결혼을 하지 않는다고 사회적인 비난하고 인격모독을 하는 경우가 없었으면 한다.#@문장구분#",
      "paragraph_len": 1027,
      "paragraph_id": "001"
    }
  ],
  "score": {
    "paragraph_score": [
      {
        "paragraph_scoreT": [
          3,
          3,
          3
        ],
        "paragraph_scoreT_detail": {
          "paragraph_scoreT_exp": [
            [
              3,
              3,
              3
            ],
            [
              3,
              3,
              3
            ],
            [
              3,
              3,
              3
            ]
          ]
        },
        "paragraph_scoreT_avg": 3,
        "paragraph_id": "001"
      }
    ],
    "essay_scoreT": [
      28.8,
      28.8,
      30
    ],
    "essay_scoreT_avg": 29.199999,
    "essay_scoreT_detail": {
      "essay_scoreT_org": [
        [
          3,
          0,
          3,
          3
        ],
        [
          3,
          0,
          3,
          3
        ],
        [
          3,
          0,
          3,
          3
        ]
      ],
      "essay_scoreT_cont": [
        [
          3,
          2,
          3,
          3
        ],
        [
          3,
          2,
          3,
          3
        ],
        [
          3,
          3,
          3,
          3
        ]
      ],
      "essay_scoreT_exp": [
        [
          3,
          3,
          3
        ],
        [
          3,
          3,
          3
        ],
        [
          3,
          3,
          3
        ]
      ]
    }
  },
  "student": {
    "date": "2021.12.15",
    "student_educated": true,
    "student_grade": "고등_1학년",
    "location": "042",
    "student_grade_group": "고등",
    "student_reading": 2
  },
  "rubric": {
    "essay_grade": "고등_1학년",
    "organization_weight": {
      "org_paragraph": 0,
      "org": 3,
      "org_essay": 6,
      "org_coherence": 3,
      "org_quantity": 1
    },
    "essay_type": "찬성반대",
    "content_weight": {
      "con_clearance": 3,
      "con_novelty": 3,
      "con": 4,
      "con_prompt": 1,
      "con_description": 3
    },
    "essay_main_subject": "비혼주의자에 대한 본인의 의견",
    "expression_weight": {
      "exp_style": 4,
      "exp_grammar": 2,
      "exp_vocab": 4,
      "exp": 3
    }
  },
  "correction": [],
  "info": {
    "essay_id": "ESSAY_63010",
    "essay_prompt": " \"\"연애는 필수, 결혼은 선택! 가슴이 뛰는 대로 가면 돼\"\".\n\n 유명한 유행가의 노래 가사처럼, 청년들에게 결혼은 이제 필수가 아닌 하나의 선택 사항입니다. 연애, 결혼, 출산을 포기한다는 의미의 '3포세대'라는 말이 나오기 무섭게 5포 세대, N포세대까지 등장할 정도로 취업난, 치솟는 부동산 가격 등 여러 사회·경제적 요인들로 청년층을 위축시켰습니다.\n\n 모두가 이러한 이유로 '결혼을 포기'하는 것만은 아닙니다. 개인의 행복을 위해 '비혼을 선택'하는 청년들도 늘고 있습니다. 이처럼 최근 전통적인 가치관에서 벗어나 연애와 동거는 하면서 결혼이라는 제도에 묶여 관계에서 파생되는 책임을 벗어나 자유로운 삶을 추구하는 비혼주의자가 늘고 있습니다.\n\n 다만, 개인의 자유로운 선택에 따라 비혼주의를 하지만 주변에서는 아직 고운 시선으로 바라보지 않는 사람도 많습니다. 결혼이라는 제도에 대해서 선택이 아닌 필수라고 생각하는 사람들도 많지요. 개개인이 모여 사회가 형성되기 때문에 사회의 가장 작은 단위인 가족을 이루는 것도 사회 구성원으로서의 큰 역할이라고 생각하는 사람들도 있습니다.\n\n 여러분은 결혼을 꼭 해야 한다고 생각하시나요? 아니면 결혼은 선택의 문제라고 생각하시나요? 비혼주의에 대해 찬성하는 입장 반대를 선택하여 자신의 의견을 작성해주세요. 그리고 그렇게 생각한 이유에 대해서 작성해주세요.",
    "essay_type": "찬성반대",
    "essay_level": "2",
    "essay_len": 787,
    "essay_main_subject": "비혼주의자에 대한 본인의 의견"
  }
}