{
  "paragraph": [
    {
      "paragraph_txt": "세상에는 다양한 견해를 가진 다양한 사람들이 존재한다.#@문장구분# 이 다양성을 인정하고 차별 없는 눈으로 바라보고 좀 더 평화롭고 행복한 세상으로 바라본다면 비혼이든 결혼이든 우리는 상관하지 않을 것이다.#@문장구분# 그러지 않으면 현재 비판받고 있는 레디컬 페미니즘이나 pc 주의랑 다를것이 없다고 생각한다.#@문장구분# 다만, 비혼주의자들 중에서 연애나 동거를 하고 있는 사람들은 상대방에게 본인은 결혼할 마음이 없다는 것을 꼭 알려 줘야 한다. #@문장구분#그렇게 상대방에 대한 기본적인 예의를 지키며 서로 사랑한다면 문제될 것은 없다고 생각한다.#@문장구분# 전통적인 가치관에서 벗어나 연애와 동거는 하면서 결혼이라는 제도에 묶여 관계에서 파생되는 책임에서 벗어나 좀더 자유롭고 더욱 자유로운 삶을 추구하는 비혼주의자가 늘어나고 있는데 저는 이러한 자유를 추구하는 비혼주의에 대한 생각은 본인의 의지인 것이다.#@문장구분# 하지만 나는  비혼주의에 반대한다.#@문장구분# 나는결혼을 할 것이다.#@문장구분# 나는 사람과 사람의 유대관계를 좀더 중요하게 생각하기 때문이다.#@문장구분# 일단 가장 먼저 비혼주의에 대한 반대하는 입장으로써 첫 번째 의견은 이렇다.#@문장구분# 가장 먼저 결혼이라는 것은 하나의 약속이라고 생각하는데 사람과 사람이 결혼이라는 약속을 통해서 남은 여생을 함께 하겠다는 약속인 것이다.#@문장구분# 불확실한 미래에 상호간의 약속을 함으로써 서로가 서로의 미래를 함깨하도록 보장하겠다는 것이다.#@문장구분#  그렇기에 결혼을 하지 않고서 지낸다는 것은 그만큼 서로가 헤어질 것이고 아무 거리낌 없이 바람도 피울 것이다.#@문장구분# 하지만  결혼이라는 약속을 통해서 서로가 합의하게 된다면 책임감이생겨 바른생활을 해 나갈 것이다. #@문장구분#두 번째로는 아이를 가질수 있다 라는 것입니다.#@문장구분# 물론 결혼하지 않고서도 아이를 가질수는 있겠지만 비혼인 경우에 아이를 가지게 되면 출생신고서부터 아이양육까지 모든걸 혼다 감내해야 합니다.#@문장구분# 힘든 어려움이 뒤따를수도 있습니다. #@문장구분#하물며  결혼한가정에서 태어난 아이는 미래에 부모가 서로 헤어질 수있는상황엥도 상처를받고 자라는데 비혼맘의 아이는 어떤상처를받고 자랄지상상이안갑니다.#@문장구분#",
      "paragraph_len": 1352,
      "paragraph_id": "001"
    }
  ],
  "score": {
    "paragraph_score": [
      {
        "paragraph_scoreT": [
          3,
          3,
          2.4
        ],
        "paragraph_scoreT_detail": {
          "paragraph_scoreT_exp": [
            [
              3,
              3,
              3
            ],
            [
              3,
              3,
              3
            ],
            [
              2,
              3,
              2
            ]
          ]
        },
        "paragraph_scoreT_avg": 2.8,
        "paragraph_id": "001"
      }
    ],
    "essay_scoreT": [
      30,
      27,
      23.1
    ],
    "essay_scoreT_avg": 26.699999,
    "essay_scoreT_detail": {
      "essay_scoreT_org": [
        [
          3,
          0,
          3,
          3
        ],
        [
          2,
          0,
          3,
          3
        ],
        [
          2,
          0,
          2,
          3
        ]
      ],
      "essay_scoreT_cont": [
        [
          3,
          3,
          3,
          3
        ],
        [
          3,
          2,
          3,
          3
        ],
        [
          2,
          2,
          3,
          3
        ]
      ],
      "essay_scoreT_exp": [
        [
          3,
          3,
          3
        ],
        [
          3,
          3,
          3
        ],
        [
          2,
          3,
          2
        ]
      ]
    }
  },
  "student": {
    "date": "2021.12.15",
    "student_educated": true,
    "student_grade": "고등_1학년",
    "location": "063",
    "student_grade_group": "고등",
    "student_reading": 2
  },
  "rubric": {
    "essay_grade": "고등_1학년",
    "organization_weight": {
      "org_paragraph": 0,
      "org": 3,
      "org_essay": 6,
      "org_coherence": 3,
      "org_quantity": 1
    },
    "essay_type": "찬성반대",
    "content_weight": {
      "con_clearance": 3,
      "con_novelty": 3,
      "con": 4,
      "con_prompt": 1,
      "con_description": 3
    },
    "essay_main_subject": "비혼주의자에 대한 본인의 의견",
    "expression_weight": {
      "exp_style": 4,
      "exp_grammar": 2,
      "exp_vocab": 4,
      "exp": 3
    }
  },
  "correction": [],
  "info": {
    "essay_id": "ESSAY_71383",
    "essay_prompt": " \"\"연애는 필수, 결혼은 선택! 가슴이 뛰는 대로 가면 돼\"\".\n\n 유명한 유행가의 노래 가사처럼, 청년들에게 결혼은 이제 필수가 아닌 하나의 선택 사항입니다. 연애, 결혼, 출산을 포기한다는 의미의 '3포세대'라는 말이 나오기 무섭게 5포 세대, N포세대까지 등장할 정도로 취업난, 치솟는 부동산 가격 등 여러 사회·경제적 요인들로 청년층을 위축시켰습니다.\n\n 모두가 이러한 이유로 '결혼을 포기'하는 것만은 아닙니다. 개인의 행복을 위해 '비혼을 선택'하는 청년들도 늘고 있습니다. 이처럼 최근 전통적인 가치관에서 벗어나 연애와 동거는 하면서 결혼이라는 제도에 묶여 관계에서 파생되는 책임을 벗어나 자유로운 삶을 추구하는 비혼주의자가 늘고 있습니다.\n\n 다만, 개인의 자유로운 선택에 따라 비혼주의를 하지만 주변에서는 아직 고운 시선으로 바라보지 않는 사람도 많습니다. 결혼이라는 제도에 대해서 선택이 아닌 필수라고 생각하는 사람들도 많지요. 개개인이 모여 사회가 형성되기 때문에 사회의 가장 작은 단위인 가족을 이루는 것도 사회 구성원으로서의 큰 역할이라고 생각하는 사람들도 있습니다.\n\n 여러분은 결혼을 꼭 해야 한다고 생각하시나요? 아니면 결혼은 선택의 문제라고 생각하시나요? 비혼주의에 대해 찬성하는 입장 반대를 선택하여 자신의 의견을 작성해주세요. 그리고 그렇게 생각한 이유에 대해서 작성해주세요.",
    "essay_type": "찬성반대",
    "essay_level": "2",
    "essay_len": 992,
    "essay_main_subject": "비혼주의자에 대한 본인의 의견"
  }
}