{
  "paragraph": [
    {
      "paragraph_txt": "저는 결혼은 선택의 문제라고 생각합니다.#@문장구분# 옛날에야 결혼은 당연히 하는 것으로 생각자체를 안하고 살았지만 현재사회에서는 주거문제 먹고사는 문제등 해결해야 할 일들이 너무나 많습니다.#@문장구분# 사실 편안한 삶을 사는사람들에겐 사랑하는 사람이 생긴다면 당연히 결혼을 하는게 맞다고 하겠지만 현실적으로 현재를 살아가는 젊은세대들은 가장 중요한 먹고사는 즉 안정적으로 일하는 것이 있어야 하지만 비정규직과 알바가 흔해진 지금에 연애와 결혼은 생각하기 힘들거라 생각합니다.#@문장구분# 내 삶이 편안해야 미래를 계획하고 즐기지만 너무 힘들삶에서는 결혼은 힘들것같다.#@문장구분# 그래서 굳이 결혼을 하기보다는 좋아하는 사람이 생긴다면 동거하는것도 좋을 것 같다.#@문장구분# 우리부모님 세대들은 이해하지 못하고 인정하지 않지만 나 개인의 행복이 더 중요하다고 생각합니다.#@문장구분# 또한 결혼한다고 해서 모두가 다 행복한가요?#@문장구분# 아니지요.#@문장구분# 아마도 행복한사람보다 불행하게 결혼생활을 하는 사람이 많을 것입니다.#@문장구분# 주위 친구들의 가정을 보아도 힘들어 하는 집들이 많습니다.#@문장구분# 어른들은 우리가 어려서 모른다고 생각하겠지만 우리들도 다 느낍니다.#@문장구분# 그래서 주변의 시선보다는 내 행복이 더 중요하니 원하지 않는 결혼은 하지 않는게 맞다고 생각합니다.#@문장구분# 또 제가 조금더 크면 그때는 더 흔하게 비혼주의자들을 만나게 될것이니 지금이라도 개개인의 삶은 서로 간섭하지않고 인정하는 사회가 되어야 한다고 생각합니다.#@문장구분# 그래서 저는 비혼주의에 대해 찬성합니다.#@문장구분# 앞으로 어떠한 큰 계기가 없는 이상 저는 계속 비혼주의를 고수할 것으로 보입니다.#@문장구분# 요즘 비혼주의도 많이 느는 추세이기도 하고 그래서입니다.#@문장구분#",
      "paragraph_len": 1104,
      "paragraph_id": "001"
    }
  ],
  "score": {
    "paragraph_score": [
      {
        "paragraph_scoreT": [
          3,
          2.8,
          2.6
        ],
        "paragraph_scoreT_detail": {
          "paragraph_scoreT_exp": [
            [
              3,
              3,
              3
            ],
            [
              2,
              3,
              3
            ],
            [
              3,
              3,
              2
            ]
          ]
        },
        "paragraph_scoreT_avg": 2.8,
        "paragraph_id": "001"
      }
    ],
    "essay_scoreT": [
      30,
      28.2,
      28.8
    ],
    "essay_scoreT_avg": 29,
    "essay_scoreT_detail": {
      "essay_scoreT_org": [
        [
          3,
          0,
          3,
          3
        ],
        [
          3,
          0,
          3,
          3
        ],
        [
          3,
          0,
          3,
          3
        ]
      ],
      "essay_scoreT_cont": [
        [
          3,
          3,
          3,
          3
        ],
        [
          3,
          2,
          3,
          3
        ],
        [
          3,
          3,
          3,
          3
        ]
      ],
      "essay_scoreT_exp": [
        [
          3,
          3,
          3
        ],
        [
          2,
          3,
          3
        ],
        [
          3,
          3,
          2
        ]
      ]
    }
  },
  "student": {
    "date": "2021.12.15",
    "student_educated": true,
    "student_grade": "고등_1학년",
    "location": "063",
    "student_grade_group": "고등",
    "student_reading": 1
  },
  "rubric": {
    "essay_grade": "고등_1학년",
    "organization_weight": {
      "org_paragraph": 0,
      "org": 3,
      "org_essay": 6,
      "org_coherence": 3,
      "org_quantity": 1
    },
    "essay_type": "찬성반대",
    "content_weight": {
      "con_clearance": 3,
      "con_novelty": 3,
      "con": 4,
      "con_prompt": 1,
      "con_description": 3
    },
    "essay_main_subject": "비혼주의자에 대한 본인의 의견",
    "expression_weight": {
      "exp_style": 4,
      "exp_grammar": 2,
      "exp_vocab": 4,
      "exp": 3
    }
  },
  "correction": [],
  "info": {
    "essay_id": "ESSAY_65836",
    "essay_prompt": " \"\"연애는 필수, 결혼은 선택! 가슴이 뛰는 대로 가면 돼\"\".\n\n 유명한 유행가의 노래 가사처럼, 청년들에게 결혼은 이제 필수가 아닌 하나의 선택 사항입니다. 연애, 결혼, 출산을 포기한다는 의미의 '3포세대'라는 말이 나오기 무섭게 5포 세대, N포세대까지 등장할 정도로 취업난, 치솟는 부동산 가격 등 여러 사회·경제적 요인들로 청년층을 위축시켰습니다.\n\n 모두가 이러한 이유로 '결혼을 포기'하는 것만은 아닙니다. 개인의 행복을 위해 '비혼을 선택'하는 청년들도 늘고 있습니다. 이처럼 최근 전통적인 가치관에서 벗어나 연애와 동거는 하면서 결혼이라는 제도에 묶여 관계에서 파생되는 책임을 벗어나 자유로운 삶을 추구하는 비혼주의자가 늘고 있습니다.\n\n 다만, 개인의 자유로운 선택에 따라 비혼주의를 하지만 주변에서는 아직 고운 시선으로 바라보지 않는 사람도 많습니다. 결혼이라는 제도에 대해서 선택이 아닌 필수라고 생각하는 사람들도 많지요. 개개인이 모여 사회가 형성되기 때문에 사회의 가장 작은 단위인 가족을 이루는 것도 사회 구성원으로서의 큰 역할이라고 생각하는 사람들도 있습니다.\n\n 여러분은 결혼을 꼭 해야 한다고 생각하시나요? 아니면 결혼은 선택의 문제라고 생각하시나요? 비혼주의에 대해 찬성하는 입장 반대를 선택하여 자신의 의견을 작성해주세요. 그리고 그렇게 생각한 이유에 대해서 작성해주세요.",
    "essay_type": "찬성반대",
    "essay_level": "2",
    "essay_len": 784,
    "essay_main_subject": "비혼주의자에 대한 본인의 의견"
  }
}