{
  "paragraph": [
    {
      "paragraph_txt": "최근 우리 나라에서 혼인 건수가 매년 감소하고 있는 가운데 아직 결혼을 하고 있지 않은 미혼자 가운데 10명 중에서 3명은 결혼할 뜻이 없다는 생각을 지닌 것으로 나타났다고 한다.#@문장구분#  취업포탈 인쿠르트에 따르면 성인 849명을 대상으로 설문조사를 실시한 결과 미혼 응답자 중 30.1%는 자신이 '비혼주의'라로 답했다.#@문장구분# 그리고 비혼주의자라고 답한 응답자 중에서 여성 비율은 68.7%로 남성보다 더 높았다고 한다.#@문장구분# 그렇다면 그 이유가 무엇인지 더 자세히 들여다보면 여성은 결혼 후 이어지는 출산과 육아 문제에 따른 부담을, 남성은 경제적 여건 부족을 가장 많이 꼽았다고 한다.#@문장구분# 이들 대부분의 생각은 결혼으로 인해 따라오는 여러 문제에 얽매여서 살기보다는 자신의 인생을 편하게 살고 즐기는데 더 초점을 맞춘 것이다.#@문장구분# 이에 대한 나의 입장은 결론부터 말하면 반대이다.#@문장구분# 결혼의 중요성에 대한 나의 생각은 현재 내가 한 가정에서 부모님과 동생들과 함께 행복한 생활을 하고 있어서 이기도 하지만 좀 더 객관적으로 이야기하면 다음과 같다.#@문장구분# 첫째, 우리 나라에서 현재 계속 높아지는 미혼율이 점점 낮아지고 있는 출생율과 연결되고 있다는 점이다.#@문장구분# 실제로 대한민국의 출생률은 0.82명으로 대한민국 인구 수5,100만명 유지에 필요한 2.1명에 크게 미치지 못한다는 것이다.#@문장구분# 비혼주의의 근본적인 문제는 여기에 있다고 생각한다.#@문장구분# 결혼을 안하면 자연히 태어날 아이가 없게되고, 이렇게 되면 나라가 오래지 않아서 망하게 되는 것은 불보듯이 뻔한 일이기 때문이다.#@문장구분# 둘째, 기혼과 미혼중 어느것이 건강에 좋은지 살펴보았다.#@문장구분# 지금까지 발표된 각종 논문에 따르면 기혼자는 미혼자에 비교해서 정신질환을 포함한 다양한 질환에서 높은 수준의 건강 상태를 유지했으며 더 낮은 사망률을 보였다.#@문장구분# 2013년 미국의 종양외과 과학지에 기재된 내용을 보면 기혼 암 환자들의 암 전이율이 비혼자들에 비해서 약 17%정도 낮게 나왔다고 한다.#@문장구분# 그리고 2014년 미국 심장학이사보에 따르면 성인 약 3,500만명의 건강 기록을 살표본 결과 기혼자가 심장 관련질환에 걸릴 위험이 미혼자보다 현저히 낮았다고 한다.#@문장구분# 이렇게 건강한 결혼 생활은 우울증을 비롯한 남, 녀 모두의 정신 건강에 이로움을 알 수 있었다.#@문장구분# 셋째, 건강한 성생활과 관련이 있다.#@문장구분# 결혼은 남,녀 모두에게 건강한 성의식을 제공하고 건전하고 아름다운 성관계를 통해서 아름다운 가정을 꾸릴 수 있게 한다.#@문장구분# 반면에 비혼주의를 주장하는 사람들은 자유로운 성생활을 이야기 하지만 거기에는 즐거움만 추구할뿐 남,녀관계에서 오는 책임은 지려고 하지 않는다.#@문장구분# 이로 인해 따라오는 각종 성병, 낙태, 문란한 성생활, 사생아 문제 등은 사회의 존립마져 위태롭게 할 수 있다고 생각한다.#@문장구분#",
      "paragraph_len": 1732,
      "paragraph_id": "001"
    }
  ],
  "score": {
    "paragraph_score": [
      {
        "paragraph_scoreT": [
          3,
          3,
          3
        ],
        "paragraph_scoreT_detail": {
          "paragraph_scoreT_exp": [
            [
              3,
              3,
              3
            ],
            [
              3,
              3,
              3
            ],
            [
              3,
              3,
              3
            ]
          ]
        },
        "paragraph_scoreT_avg": 3,
        "paragraph_id": "001"
      }
    ],
    "essay_scoreT": [
      30,
      28.2,
      26.7
    ],
    "essay_scoreT_avg": 28.300001,
    "essay_scoreT_detail": {
      "essay_scoreT_org": [
        [
          3,
          0,
          3,
          3
        ],
        [
          2,
          0,
          3,
          3
        ],
        [
          3,
          0,
          2,
          3
        ]
      ],
      "essay_scoreT_cont": [
        [
          3,
          3,
          3,
          3
        ],
        [
          3,
          3,
          3,
          3
        ],
        [
          3,
          2,
          3,
          2
        ]
      ],
      "essay_scoreT_exp": [
        [
          3,
          3,
          3
        ],
        [
          3,
          3,
          3
        ],
        [
          3,
          3,
          3
        ]
      ]
    }
  },
  "student": {
    "date": "2021.11.03",
    "student_educated": true,
    "student_grade": "고등_1학년",
    "location": "063",
    "student_grade_group": "고등",
    "student_reading": 1
  },
  "rubric": {
    "essay_grade": "고등_1학년",
    "organization_weight": {
      "org_paragraph": 0,
      "org": 3,
      "org_essay": 6,
      "org_coherence": 3,
      "org_quantity": 1
    },
    "essay_type": "찬성반대",
    "content_weight": {
      "con_clearance": 3,
      "con_novelty": 3,
      "con": 4,
      "con_prompt": 1,
      "con_description": 3
    },
    "essay_main_subject": "비혼주의자에 대한 본인의 의견",
    "expression_weight": {
      "exp_style": 4,
      "exp_grammar": 2,
      "exp_vocab": 4,
      "exp": 3
    }
  },
  "correction": [],
  "info": {
    "essay_id": "ESSAY_43903",
    "essay_prompt": " \"\"연애는 필수, 결혼은 선택! 가슴이 뛰는 대로 가면 돼\"\".\n\n 유명한 유행가의 노래 가사처럼, 청년들에게 결혼은 이제 필수가 아닌 하나의 선택 사항입니다. 연애, 결혼, 출산을 포기한다는 의미의 '3포세대'라는 말이 나오기 무섭게 5포 세대, N포세대까지 등장할 정도로 취업난, 치솟는 부동산 가격 등 여러 사회·경제적 요인들로 청년층을 위축시켰습니다.\n\n 모두가 이러한 이유로 '결혼을 포기'하는 것만은 아닙니다. 개인의 행복을 위해 '비혼을 선택'하는 청년들도 늘고 있습니다. 이처럼 최근 전통적인 가치관에서 벗어나 연애와 동거는 하면서 결혼이라는 제도에 묶여 관계에서 파생되는 책임을 벗어나 자유로운 삶을 추구하는 비혼주의자가 늘고 있습니다.\n\n 다만, 개인의 자유로운 선택에 따라 비혼주의를 하지만 주변에서는 아직 고운 시선으로 바라보지 않는 사람도 많습니다. 결혼이라는 제도에 대해서 선택이 아닌 필수라고 생각하는 사람들도 많지요. 개개인이 모여 사회가 형성되기 때문에 사회의 가장 작은 단위인 가족을 이루는 것도 사회 구성원으로서의 큰 역할이라고 생각하는 사람들도 있습니다.\n\n 여러분은 결혼을 꼭 해야 한다고 생각하시나요? 아니면 결혼은 선택의 문제라고 생각하시나요? 비혼주의에 대해 찬성하는 입장 반대를 선택하여 자신의 의견을 작성해주세요. 그리고 그렇게 생각한 이유에 대해서 작성해주세요.",
    "essay_type": "찬성반대",
    "essay_level": "2",
    "essay_len": 1333,
    "essay_main_subject": "비혼주의자에 대한 본인의 의견"
  }
}