{
  "paragraph": [
    {
      "paragraph_txt": "결혼은 태어나서 한번은 해봐야 한다고 생각합니다.#@문장구분# 아직까지 사회에서는 결혼을 하지 않으면 완전한 성인이 되지 않았다고 하는데 그 말에 어느 정도 동의하는 바입니다.#@문장구분# 비혼주의자들의 말들을 들어보면 하나 같이 비슷한 이야기를 합니다.#@문장구분# 돈이 없어서, 취직하기 힘들어서, 연예할 형편이 안 되서라고 하는데 가만히 생각해보면 1950년 6월 25일 남북 전쟁때에도 누군가는 연예를 하고 누군가는 결혼을 하고 아이를 낳고 살았습니다.#@문장구분# 생사를 위협하는 전쟁 상황에서도 다들 연예와 결혼, 아이까지 낳았는데 지금은 생사를 위협하지도 않는 시대에 비혼주의는 어불성설이라고 생각합니다.#@문장구분# 저희 아버지 세대에도 힘들고 어려운 일이 많았지만 다들 결혼하고 아이들을 낳고 성인이 될 때까지 잘 지원하면서도 어느 정도 먹고 살만한 정도로 가정을 꾸리셨습니다.#@문장구분# 물론 큰집에서 호의호식은 하지 못하더라도 배우자와 함께 살고 아이를 낳고 키우는 모습을 보면 어느 누구라도 할 수 있습니다.#@문장구분# 다만 비혼주의자들은 그렇게 나 자신을 희생하고 싶지 않아 하고 누군가를 책임지고 싶어 하지 않아서 생긴 이기주의라고 생각합니다.#@문장구분# 살면서 좋아하는 사람이 어떻게 한 명도 없을지와 좋아하는 사람과 연예하고 같이 살고 싶다는 생각이 안드는지 정말 의문입니다.#@문장구분# 돈이 없어서 결혼을 못한다는 것은 핑계일 뿐이지 돈이 얼마 없어도 원룸부터 시작해서 사는 사람도 많이 있으며, 행복주택에서 살면서 신혼을 시작할 수 도 있는데 막연히 큰집에서 좋은차를 타고 다니고 좋은 직장을 다닌 후에 결혼을 생각하는 것은 어리석은 생각입니다.#@문장구분# 정말 이사람이 좋다면 불편함을 감수하고 같이 사는 것이 먼 미래에는 좋은 선택이라고 생각합니다.#@문장구분#",
      "paragraph_len": 1042,
      "paragraph_id": "001"
    }
  ],
  "score": {
    "paragraph_score": [
      {
        "paragraph_scoreT": [
          3,
          3,
          3
        ],
        "paragraph_scoreT_detail": {
          "paragraph_scoreT_exp": [
            [
              3,
              3,
              3
            ],
            [
              3,
              3,
              3
            ],
            [
              3,
              3,
              3
            ]
          ]
        },
        "paragraph_scoreT_avg": 3,
        "paragraph_id": "001"
      }
    ],
    "essay_scoreT": [
      28.8,
      28.8,
      30
    ],
    "essay_scoreT_avg": 29.199999,
    "essay_scoreT_detail": {
      "essay_scoreT_org": [
        [
          3,
          0,
          3,
          3
        ],
        [
          3,
          0,
          3,
          3
        ],
        [
          3,
          0,
          3,
          3
        ]
      ],
      "essay_scoreT_cont": [
        [
          3,
          2,
          3,
          3
        ],
        [
          3,
          2,
          3,
          3
        ],
        [
          3,
          3,
          3,
          3
        ]
      ],
      "essay_scoreT_exp": [
        [
          3,
          3,
          3
        ],
        [
          3,
          3,
          3
        ],
        [
          3,
          3,
          3
        ]
      ]
    }
  },
  "student": {
    "date": "2021.12.15",
    "student_educated": true,
    "student_grade": "고등_1학년",
    "location": "042",
    "student_grade_group": "고등",
    "student_reading": 2
  },
  "rubric": {
    "essay_grade": "고등_1학년",
    "organization_weight": {
      "org_paragraph": 0,
      "org": 3,
      "org_essay": 6,
      "org_coherence": 3,
      "org_quantity": 1
    },
    "essay_type": "찬성반대",
    "content_weight": {
      "con_clearance": 3,
      "con_novelty": 3,
      "con": 4,
      "con_prompt": 1,
      "con_description": 3
    },
    "essay_main_subject": "비혼주의자에 대한 본인의 의견",
    "expression_weight": {
      "exp_style": 4,
      "exp_grammar": 2,
      "exp_vocab": 4,
      "exp": 3
    }
  },
  "correction": [],
  "info": {
    "essay_id": "ESSAY_63003",
    "essay_prompt": " \"\"연애는 필수, 결혼은 선택! 가슴이 뛰는 대로 가면 돼\"\".\n\n 유명한 유행가의 노래 가사처럼, 청년들에게 결혼은 이제 필수가 아닌 하나의 선택 사항입니다. 연애, 결혼, 출산을 포기한다는 의미의 '3포세대'라는 말이 나오기 무섭게 5포 세대, N포세대까지 등장할 정도로 취업난, 치솟는 부동산 가격 등 여러 사회·경제적 요인들로 청년층을 위축시켰습니다.\n\n 모두가 이러한 이유로 '결혼을 포기'하는 것만은 아닙니다. 개인의 행복을 위해 '비혼을 선택'하는 청년들도 늘고 있습니다. 이처럼 최근 전통적인 가치관에서 벗어나 연애와 동거는 하면서 결혼이라는 제도에 묶여 관계에서 파생되는 책임을 벗어나 자유로운 삶을 추구하는 비혼주의자가 늘고 있습니다.\n\n 다만, 개인의 자유로운 선택에 따라 비혼주의를 하지만 주변에서는 아직 고운 시선으로 바라보지 않는 사람도 많습니다. 결혼이라는 제도에 대해서 선택이 아닌 필수라고 생각하는 사람들도 많지요. 개개인이 모여 사회가 형성되기 때문에 사회의 가장 작은 단위인 가족을 이루는 것도 사회 구성원으로서의 큰 역할이라고 생각하는 사람들도 있습니다.\n\n 여러분은 결혼을 꼭 해야 한다고 생각하시나요? 아니면 결혼은 선택의 문제라고 생각하시나요? 비혼주의에 대해 찬성하는 입장 반대를 선택하여 자신의 의견을 작성해주세요. 그리고 그렇게 생각한 이유에 대해서 작성해주세요.",
    "essay_type": "찬성반대",
    "essay_level": "2",
    "essay_len": 822,
    "essay_main_subject": "비혼주의자에 대한 본인의 의견"
  }
}