{
  "paragraph": [
    {
      "paragraph_txt": "요즘 비혼주의자가 폭발적으로 증가하고 있다고 한다.#@문장구분# 내 주변을 봐도 비혼주의자 어른들이 많다.#@문장구분# 결혼에 대한 부정적인 이야기를 하면서 결혼을 하지않겠다는 사람도 많지만 결혼생활과 상관없이 자아실현의 삶을 위해 비혼을 선택하는 사람들을 더 많이 본다.#@문장구분# 실업률증가와 집값상승 그리고 개인주거비용이 늘어나면서 이것이 결혼으로 이어져 두배의 부담이 되는 것이 싫고 자신의 벌이로 자신의 삶을 꾸리고 누리는 것으로 만족하는 삶을 선택하는 것이다.#@문장구분# 그리고 더 이상 집단주의라든지 가족보다는 나 개인의 삶이라던지 개인의 여유가 더 중요하게 생각하는사람들이 비혼주의자의 대부분인거 같다.#@문장구분# 한마디로 나 혼자도 잘 살수있다는 생각에서 오는 결정이라고 생각한다.#@문장구분#  나는 두가지 경우를 언급했다.#@문장구분# 결혼이 싫어서 비혼을 선택하는 사람과 자아실현 혼자사는삶이 좋아서 선택하는 비혼이다.#@문장구분# 자신의 삶을 위해 비혼을 결정한 경우는 그나마 긍정적이라고 본다. #@문장구분#그사람의 삶은 스스로 불행하다고 생각하지는 않을꺼라 생각하기 때문이다. #@문장구분#하지만 결혼을 회피하기 위해서 결정한 비혼은 비혼의 상태도 자신이 원하는 선택이 아니였으므로 스스로를 불행하다고 생각할수도 있다고 본다.#@문장구분# 결혼을 회피하면서 혼자사는 삶에서는 성취감이라던가 만족감 같은것들을 느끼기 어려울꺼라 생각한다.#@문장구분# 또한 기성세대들의 시선은 아직 비혼에대해 비판적인 시각이 있기 때문에 비자발적 비혼주의자들에게는 그들의 시선이 부담되고 상처가 될수도 있다고 생각한다.#@문장구분# 비혼의 상태가 비정상적인 사람으로 평가되기도 하기 때문이다.#@문장구분# 뭔가 문제가 있어서 아직 결혼을 하지 못했다고 생각하는 경우와 그런오해의 시선들이 비자발적 비혼자들에겐 스트레스가 되어 대인기피가 생길수도 있다.#@문장구분#뭣보다 비혼자가 늘고 이들이 1인가구로 살아가면서 사회 전반적인 소통이 원활하지 않게 될까 우려된다.#@문장구분# 나는 비혼주의 중에서도 비자발적 비혼에 대한 우려를 하고 있다.#@문장구분# 결혼을 통한 가정을 가지는 것이 좋다고 생각하지만 결혼을 강요할수도 없다고 생각한다. #@문장구분#그러므로 적어도 비자발적 비혼자들의 수치를 낮춰야 한다고 생각한다.#@문장구분#",
      "paragraph_len": 1391,
      "paragraph_id": "001"
    }
  ],
  "score": {
    "paragraph_score": [
      {
        "paragraph_scoreT": [
          3,
          3,
          3
        ],
        "paragraph_scoreT_detail": {
          "paragraph_scoreT_exp": [
            [
              3,
              3,
              3
            ],
            [
              3,
              3,
              3
            ],
            [
              3,
              3,
              3
            ]
          ]
        },
        "paragraph_scoreT_avg": 3,
        "paragraph_id": "001"
      }
    ],
    "essay_scoreT": [
      30,
      30,
      30
    ],
    "essay_scoreT_avg": 30,
    "essay_scoreT_detail": {
      "essay_scoreT_org": [
        [
          3,
          0,
          3,
          3
        ],
        [
          3,
          0,
          3,
          3
        ],
        [
          3,
          0,
          3,
          3
        ]
      ],
      "essay_scoreT_cont": [
        [
          3,
          3,
          3,
          3
        ],
        [
          3,
          3,
          3,
          3
        ],
        [
          3,
          3,
          3,
          3
        ]
      ],
      "essay_scoreT_exp": [
        [
          3,
          3,
          3
        ],
        [
          3,
          3,
          3
        ],
        [
          3,
          3,
          3
        ]
      ]
    }
  },
  "student": {
    "date": "2021.12.14",
    "student_educated": true,
    "student_grade": "고등_1학년",
    "location": "053",
    "student_grade_group": "고등",
    "student_reading": 2
  },
  "rubric": {
    "essay_grade": "고등_1학년",
    "organization_weight": {
      "org_paragraph": 0,
      "org": 3,
      "org_essay": 6,
      "org_coherence": 3,
      "org_quantity": 1
    },
    "essay_type": "찬성반대",
    "content_weight": {
      "con_clearance": 3,
      "con_novelty": 3,
      "con": 4,
      "con_prompt": 1,
      "con_description": 3
    },
    "essay_main_subject": "비혼주의자에 대한 본인의 의견",
    "expression_weight": {
      "exp_style": 4,
      "exp_grammar": 2,
      "exp_vocab": 4,
      "exp": 3
    }
  },
  "correction": [],
  "info": {
    "essay_id": "ESSAY_61632",
    "essay_prompt": " \"\"연애는 필수, 결혼은 선택! 가슴이 뛰는 대로 가면 돼\"\".\n\n 유명한 유행가의 노래 가사처럼, 청년들에게 결혼은 이제 필수가 아닌 하나의 선택 사항입니다. 연애, 결혼, 출산을 포기한다는 의미의 '3포세대'라는 말이 나오기 무섭게 5포 세대, N포세대까지 등장할 정도로 취업난, 치솟는 부동산 가격 등 여러 사회·경제적 요인들로 청년층을 위축시켰습니다.\n\n 모두가 이러한 이유로 '결혼을 포기'하는 것만은 아닙니다. 개인의 행복을 위해 '비혼을 선택'하는 청년들도 늘고 있습니다. 이처럼 최근 전통적인 가치관에서 벗어나 연애와 동거는 하면서 결혼이라는 제도에 묶여 관계에서 파생되는 책임을 벗어나 자유로운 삶을 추구하는 비혼주의자가 늘고 있습니다.\n\n 다만, 개인의 자유로운 선택에 따라 비혼주의를 하지만 주변에서는 아직 고운 시선으로 바라보지 않는 사람도 많습니다. 결혼이라는 제도에 대해서 선택이 아닌 필수라고 생각하는 사람들도 많지요. 개개인이 모여 사회가 형성되기 때문에 사회의 가장 작은 단위인 가족을 이루는 것도 사회 구성원으로서의 큰 역할이라고 생각하는 사람들도 있습니다.\n\n 여러분은 결혼을 꼭 해야 한다고 생각하시나요? 아니면 결혼은 선택의 문제라고 생각하시나요? 비혼주의에 대해 찬성하는 입장 반대를 선택하여 자신의 의견을 작성해주세요. 그리고 그렇게 생각한 이유에 대해서 작성해주세요.",
    "essay_type": "찬성반대",
    "essay_level": "2",
    "essay_len": 1011,
    "essay_main_subject": "비혼주의자에 대한 본인의 의견"
  }
}