{
  "paragraph": [
    {
      "paragraph_txt": "현재 우리 사회는 변화를 거듭하며 결혼에 대한 가치관도 바뀌고 있습니다.#@문장구분# 현재 방영중인 '나 혼자 산다'와 같은 프로그램을 봐도 혼자 사는것에 대한 거부감이 많이 사라졌다는 것을 알 수 있죠.#@문장구분# 그렇다면 우린 사회가 변하면서 생겨난 비혼주의자들을 우린 어떻게 바라보아야 할까요?#@문장구분# 저는 그들의 선택을 존중해야 한다고 생각합니다.#@문장구분# 옛날에는 결혼이 필수적인 것으로 여겨졌지만 현재는 그렇지 않으니까요.#@문장구분# 그리고 비혼주의자들은 혼자 살면서 누릴 수 있는 이점과 혜택들을 누리며 충분히 행복하게 살아가기에 혼자 사는 삶을 선택한 것일 테니까요.#@문장구분# 결혼을 하지 않게 되면 출산율이 저조해지는 문제를 낳을 수도 있겠지만 그러한 문제는 국가에서 결혼 지원금 등을 지원하는 정책 등을 펼쳐 결혼을 촉진하는 방법은 괜찮지만 결혼을 의무화 하여서 비혼을 선택한 사람들의 권리까지 침해할 필요까지는 없다고 생각합니다.#@문장구분#\n혼자 사는 것을 선택하는 것도 우리 개개인에게 주어진 권리 중 하나라고 볼 수 있을테니까요.#@문장구분# '결혼'이라는 것에 구속되지 않고 자유롭게 사랑하고 싶은 커플들도 있으니까요.#@문장구분# 또한, 이미 우리 사회에는 결혼이 '필수'가 아닌 '선택'이라는 관점이 잡혀 있는데 이를 급작스럽게 강제로 바꾸려 하면 사람들의 반감을 사게 될 것이고 반발도 많이 일어나게 될 것입니다.#@문장구분# 따라서 저는 결혼을 강요할 수는 없다고 생각합니다.#@문장구분# 왜냐하면 결혼을 하는 것도 하지 않는 것도 그 사람의 자유이고 그 사람의 선택이기 때문에 존중받아야 할 가치가 있다고 생각합니다.#@문장구분# 그 사람이 선택한 삶을 내가 왈가왈부할 이유가 없으니까요.#@문장구분# 저는 비혼에 대해 찬성하지만 그렇다고 결혼을 결심한 사람을 한심하게 보지는 않습니다.#@문장구분#바로 그 사람의 삶이기 때문입니다.#@문장구분# 결혼을 결심한 사람도 엄청난 고민과 고뇌 끝에 결혼을 결심하였다고 생각하기 때문입니다.#@문장구분# 하지만 저는 비혼주의에 대해 찬성하는 입장입니다.#@문장구분#",
      "paragraph_len": 1262,
      "paragraph_id": "001"
    }
  ],
  "score": {
    "paragraph_score": [
      {
        "paragraph_scoreT": [
          2.6,
          3,
          3
        ],
        "paragraph_scoreT_detail": {
          "paragraph_scoreT_exp": [
            [
              3,
              3,
              2
            ],
            [
              3,
              3,
              3
            ],
            [
              3,
              3,
              3
            ]
          ]
        },
        "paragraph_scoreT_avg": 2.8666668,
        "paragraph_id": "001"
      }
    ],
    "essay_scoreT": [
      27.599998,
      28.8,
      30
    ],
    "essay_scoreT_avg": 28.799997,
    "essay_scoreT_detail": {
      "essay_scoreT_org": [
        [
          3,
          0,
          3,
          3
        ],
        [
          3,
          0,
          3,
          3
        ],
        [
          3,
          0,
          3,
          3
        ]
      ],
      "essay_scoreT_cont": [
        [
          3,
          2,
          3,
          3
        ],
        [
          3,
          2,
          3,
          3
        ],
        [
          3,
          3,
          3,
          3
        ]
      ],
      "essay_scoreT_exp": [
        [
          3,
          3,
          2
        ],
        [
          3,
          3,
          3
        ],
        [
          3,
          3,
          3
        ]
      ]
    }
  },
  "student": {
    "date": "2021.11.30",
    "student_educated": true,
    "student_grade": "고등_1학년",
    "location": "041",
    "student_grade_group": "고등",
    "student_reading": 2
  },
  "rubric": {
    "essay_grade": "고등_1학년",
    "organization_weight": {
      "org_paragraph": 0,
      "org": 3,
      "org_essay": 6,
      "org_coherence": 3,
      "org_quantity": 1
    },
    "essay_type": "찬성반대",
    "content_weight": {
      "con_clearance": 3,
      "con_novelty": 3,
      "con": 4,
      "con_prompt": 1,
      "con_description": 3
    },
    "essay_main_subject": "비혼주의자에 대한 본인의 의견",
    "expression_weight": {
      "exp_style": 4,
      "exp_grammar": 2,
      "exp_vocab": 4,
      "exp": 3
    }
  },
  "correction": [],
  "info": {
    "essay_id": "ESSAY_51844",
    "essay_prompt": " \"\"연애는 필수, 결혼은 선택! 가슴이 뛰는 대로 가면 돼\"\".\n\n 유명한 유행가의 노래 가사처럼, 청년들에게 결혼은 이제 필수가 아닌 하나의 선택 사항입니다. 연애, 결혼, 출산을 포기한다는 의미의 '3포세대'라는 말이 나오기 무섭게 5포 세대, N포세대까지 등장할 정도로 취업난, 치솟는 부동산 가격 등 여러 사회·경제적 요인들로 청년층을 위축시켰습니다.\n\n 모두가 이러한 이유로 '결혼을 포기'하는 것만은 아닙니다. 개인의 행복을 위해 '비혼을 선택'하는 청년들도 늘고 있습니다. 이처럼 최근 전통적인 가치관에서 벗어나 연애와 동거는 하면서 결혼이라는 제도에 묶여 관계에서 파생되는 책임을 벗어나 자유로운 삶을 추구하는 비혼주의자가 늘고 있습니다.\n\n 다만, 개인의 자유로운 선택에 따라 비혼주의를 하지만 주변에서는 아직 고운 시선으로 바라보지 않는 사람도 많습니다. 결혼이라는 제도에 대해서 선택이 아닌 필수라고 생각하는 사람들도 많지요. 개개인이 모여 사회가 형성되기 때문에 사회의 가장 작은 단위인 가족을 이루는 것도 사회 구성원으로서의 큰 역할이라고 생각하는 사람들도 있습니다.\n\n 여러분은 결혼을 꼭 해야 한다고 생각하시나요? 아니면 결혼은 선택의 문제라고 생각하시나요? 비혼주의에 대해 찬성하는 입장 반대를 선택하여 자신의 의견을 작성해주세요. 그리고 그렇게 생각한 이유에 대해서 작성해주세요.",
    "essay_type": "찬성반대",
    "essay_level": "2",
    "essay_len": 923,
    "essay_main_subject": "비혼주의자에 대한 본인의 의견"
  }
}