{
  "paragraph": [
    {
      "paragraph_txt": "<인구통계학적 관점에서 바라보는 비혼주의 풍조>#@문장구분#",
      "paragraph_len": 52,
      "paragraph_id": "001"
    },
    {
      "paragraph_txt": " 주변에서 \"난 결혼할 생각이 없어.\"와 비슷한 느낌의 말을 들어본 적이 있으신가요?#@문장구분# 비혼주의 풍조는 이미 사회 전반적으로 널리 퍼져 있는 듯합니다.#@문장구분# 결혼을 하는 것은 본인의 선택이기 때문에 비혼주의에 대해 뭐라 할 수 있는 것은 아닙니다.#@문장구분# 하지만 과연 비혼주의가 사회 전체적으로 옳은지는 논란의 여지가 있습니다.#@문장구분# 저는 비혼주의를 반대합니다.#@문장구분# 두 가지 주장을 통해 설명드리겠습니다.#@문장구분#",
      "paragraph_len": 333,
      "paragraph_id": "002"
    },
    {
      "paragraph_txt": " 첫째, 비혼주의는 결국 청년들의 경제적 기반을 무너뜨리기 때문입니다.#@문장구분# 결혼하지 않는 비혼주의 문화가 늘어남에 따라 자연스레 출산율이 감소할 것입니다.#@문장구분# 1955년에서 1963년 사이에 태어난 730만 인구의 '베이비 붐 세대'가 은퇴를 앞두고 있습니다.#@문장구분# 이들은 경제발전 시기에 일선에서 견인차 역할을 하였으며, 이들이 일선에서 물러남에 따라 청장년층의 노인 부양비가 기하급수적으로 증가했습니다.#@문장구분# 이론적 인구대체기준인 출산율 2.1이 계속 유지된다면 노인 인구의 증가는 큰 부담이 되지 않습니다.#@문장구분# 노인이 늘어나는 만큼 새로 생산가능인구에 편입되는 젊은 층도 많아지기 때문입니다.#@문장구분# 하지만 출산율 감소로 인해 노인 인구 늘어나는 정도에 청년 인구가 맞춰갈 수 없게 되었습니다.#@문장구분# 게다가 의학 기술의 발달으로 평균 수명이 늘어나자 이와 같은 현상이 더욱 심화되었습니다.#@문장구분# 결국 비혼주의는 노인 인구를 부양해야 하는 청장년층의 부담을 커지게 하는 것이라고 볼 수 있습니다.#@문장구분#",
      "paragraph_len": 661,
      "paragraph_id": "003"
    },
    {
      "paragraph_txt": " 둘째, 비혼주의는 지역 경제를 붕괴시킵니다.#@문장구분# 수능 원서접수자는 2011년 71만명, 2015년 64만명, 2018년 58만명, 2021년 49만명으로 3~4년마다 10만 명씩 줄어들고 있습니다.#@문장구분# 수능 인구가 줄어들면 가장 큰 타격을 입는 곳은 바로 지방 대학교입니다.#@문장구분# 수도권의 상위 대학들은 학령인구가 줄어들어도 경쟁률이 유지되지만, 지방 대학들은 인원수가 점점 줄어들고 결국 폐교될 위기에 처합니다.#@문장구분# 지방 대학의 폐교는 작게는 그 주위 대학가의 상권에 타격을, 크게는 지방 도시 전체에 악영향을 미칩니다.#@문장구분# 이는 결국 수도권과 지방의 격차를 심화시키는 것입니다.#@문장구분#",
      "paragraph_len": 435,
      "paragraph_id": "004"
    },
    {
      "paragraph_txt": " 비혼주의는 개인의 선택이지만, 국가적인 차원에서는 경제의 큰 손실을 불러일으킬 수 있습니다.#@문장구분# 따라서 국가는 결혼과 출산에 대해 장려금을 지급해야 하고, 출산 이후의 양육보조금 지급이나 어린이집 확충 및 안전 확보 등 육아를 위해 제도적 차원에서 도와주어야 합니다.#@문장구분# 그렇게 부담 없이 결혼하고 출산할 수 있는 환경을 만들게 된다면 국가의 밝은 미래가 펼쳐질 것입니다.#@문장구분#",
      "paragraph_len": 265,
      "paragraph_id": "005"
    }
  ],
  "score": {
    "paragraph_score": [
      {
        "paragraph_scoreT": [
          3,
          3,
          3
        ],
        "paragraph_scoreT_detail": {
          "paragraph_scoreT_exp": [
            [
              3,
              3,
              3
            ],
            [
              3,
              3,
              3
            ],
            [
              3,
              3,
              3
            ]
          ]
        },
        "paragraph_scoreT_avg": 3,
        "paragraph_id": "001"
      },
      {
        "paragraph_scoreT": [
          3,
          3,
          3
        ],
        "paragraph_scoreT_detail": {
          "paragraph_scoreT_exp": [
            [
              3,
              3,
              3
            ],
            [
              3,
              3,
              3
            ],
            [
              3,
              3,
              3
            ]
          ]
        },
        "paragraph_scoreT_avg": 3,
        "paragraph_id": "002"
      },
      {
        "paragraph_scoreT": [
          3,
          3,
          3
        ],
        "paragraph_scoreT_detail": {
          "paragraph_scoreT_exp": [
            [
              3,
              3,
              3
            ],
            [
              3,
              3,
              3
            ],
            [
              3,
              3,
              3
            ]
          ]
        },
        "paragraph_scoreT_avg": 3,
        "paragraph_id": "003"
      },
      {
        "paragraph_scoreT": [
          3,
          3,
          3
        ],
        "paragraph_scoreT_detail": {
          "paragraph_scoreT_exp": [
            [
              3,
              3,
              3
            ],
            [
              3,
              3,
              3
            ],
            [
              3,
              3,
              3
            ]
          ]
        },
        "paragraph_scoreT_avg": 3,
        "paragraph_id": "004"
      },
      {
        "paragraph_scoreT": [
          3,
          3,
          3
        ],
        "paragraph_scoreT_detail": {
          "paragraph_scoreT_exp": [
            [
              3,
              3,
              3
            ],
            [
              3,
              3,
              3
            ],
            [
              3,
              3,
              3
            ]
          ]
        },
        "paragraph_scoreT_avg": 3,
        "paragraph_id": "005"
      }
    ],
    "essay_scoreT": [
      27.2,
      28.8,
      28.4
    ],
    "essay_scoreT_avg": 28.133333,
    "essay_scoreT_detail": {
      "essay_scoreT_org": [
        [
          3,
          0,
          3,
          3
        ],
        [
          3,
          0,
          3,
          3
        ],
        [
          3,
          0,
          3,
          3
        ]
      ],
      "essay_scoreT_cont": [
        [
          2,
          2,
          2,
          3
        ],
        [
          3,
          2,
          3,
          3
        ],
        [
          3,
          2,
          2,
          3
        ]
      ],
      "essay_scoreT_exp": [
        [
          3,
          3,
          3
        ],
        [
          3,
          3,
          3
        ],
        [
          3,
          3,
          3
        ]
      ]
    }
  },
  "student": {
    "date": "2021.09.01",
    "student_educated": true,
    "student_grade": "고등_1학년",
    "location": "051",
    "student_grade_group": "고등",
    "student_reading": 1
  },
  "rubric": {
    "essay_grade": "고등_1학년",
    "organization_weight": {
      "org_paragraph": 0,
      "org": 3,
      "org_essay": 6,
      "org_coherence": 3,
      "org_quantity": 1
    },
    "essay_type": "찬성반대",
    "content_weight": {
      "con_clearance": 3,
      "con_novelty": 3,
      "con": 4,
      "con_prompt": 1,
      "con_description": 3
    },
    "essay_main_subject": "비혼주의자에 대한 본인의 의견",
    "expression_weight": {
      "exp_style": 4,
      "exp_grammar": 2,
      "exp_vocab": 4,
      "exp": 3
    }
  },
  "correction": [],
  "info": {
    "essay_id": "ESSAY_33915",
    "essay_prompt": " \"\"연애는 필수, 결혼은 선택! 가슴이 뛰는 대로 가면 돼\"\".\n\n 유명한 유행가의 노래 가사처럼, 청년들에게 결혼은 이제 필수가 아닌 하나의 선택 사항입니다. 연애, 결혼, 출산을 포기한다는 의미의 '3포세대'라는 말이 나오기 무섭게 5포 세대, N포세대까지 등장할 정도로 취업난, 치솟는 부동산 가격 등 여러 사회·경제적 요인들로 청년층을 위축시켰습니다.\n\n 모두가 이러한 이유로 '결혼을 포기'하는 것만은 아닙니다. 개인의 행복을 위해 '비혼을 선택'하는 청년들도 늘고 있습니다. 이처럼 최근 전통적인 가치관에서 벗어나 연애와 동거는 하면서 결혼이라는 제도에 묶여 관계에서 파생되는 책임을 벗어나 자유로운 삶을 추구하는 비혼주의자가 늘고 있습니다.\n\n 다만, 개인의 자유로운 선택에 따라 비혼주의를 하지만 주변에서는 아직 고운 시선으로 바라보지 않는 사람도 많습니다. 결혼이라는 제도에 대해서 선택이 아닌 필수라고 생각하는 사람들도 많지요. 개개인이 모여 사회가 형성되기 때문에 사회의 가장 작은 단위인 가족을 이루는 것도 사회 구성원으로서의 큰 역할이라고 생각하는 사람들도 있습니다.\n\n 여러분은 결혼을 꼭 해야 한다고 생각하시나요? 아니면 결혼은 선택의 문제라고 생각하시나요? 비혼주의에 대해 찬성하는 입장 반대를 선택하여 자신의 의견을 작성해주세요. 그리고 그렇게 생각한 이유에 대해서 작성해주세요.",
    "essay_type": "찬성반대",
    "essay_level": "2",
    "essay_len": 1249,
    "essay_main_subject": "비혼주의자에 대한 본인의 의견"
  }
}