{
  "paragraph": [
    {
      "paragraph_txt": "내년에 있을 대통령 선거 때문에 뉴스에는 대통령 후보로 나온 두정당의 후보들에 대해 연일 새로운 뉴스들이 쏟아지고 있습니다.#@문장구분# 저는 요즘 뉴스를 접하면서 두 후보모두 왜 결혼을 해서 아이를 낳아서 왜 저렇게 고생들 하시는지 라는 생각이 듭니다.#@문장구분# 국민의 힘 당의 대표 윤석렬 후보님의 경우 늦은 나이에 결혼하셔서 자녀가 없으시지만 늦은 결혼의 상대가 문제가 많은 사람이라는 보도가 연일 뉴스의 헤드라인을 장식하며 장모님의 사건이나 부인의 사건으로 해명하며 기자들에게 시달리는 모습이 보도되고 있고 민주당의 이재명 후모님의 경우도 아들의 도박사건으로 인해 허리 숙여 국민들에 사죄를 여러번 하는 모습을 보니 모두 본인들의 잘못이 아니지만 자신과 관련된 가족의 문제로 저렇게 평가를 받고 공격을 받는 다는 것이 결혼에 대해 다시한번 생각하는 계기로 작용됩니다.#@문장구분# 개인만 보았을 때 훌륭하고 대단한 분들이지만 가족과 연결해서 보면 어쩌면 좋으냐라는 생각이 들정도로 문제투성이에 왜 저 훌륭한 사람이 저런 문제를 해결하지 못하고 여기까지 끌고 와서 대통령 후보로 나왔을까 라는 생각가지 듭니다.#@문장구분# 사랑이 죄라는 생각도 들면서 나는 내인생에 있어서 걸림돌을 그만 만들어야겠다 라는 생각도 합니다.#@문장구분# 결혼이라는 제도를 통해 나와 긴세월 다른 인생을 살아온 사람과 한 가족이 된다는 것은 어쩌면 매우 힘든일입니다.#@문장구분# 서로다른 문화와 생각을 가진 사람이 같이 같은 경제공동체로써 살아간다는 것은 많은 고난과 역경이 존재합니다.#@문장구분# 그러인해 마음의 상처도 클것입니다.#@문장구분# 저는 그런 시련을 겪을 시간에 공부를 하고 자기 개발을 하고 자신을 사랑하며 여유를 가지는 것이 훨씬 좋은게 아닐까 라고 생각하기 때문에 비혼주의에 대해 찬성합니다.#@문장구분#",
      "paragraph_len": 1021,
      "paragraph_id": "001"
    }
  ],
  "score": {
    "paragraph_score": [
      {
        "paragraph_scoreT": [
          3,
          2.8,
          2.4
        ],
        "paragraph_scoreT_detail": {
          "paragraph_scoreT_exp": [
            [
              3,
              3,
              3
            ],
            [
              2,
              3,
              3
            ],
            [
              2,
              3,
              2
            ]
          ]
        },
        "paragraph_scoreT_avg": 2.7333336,
        "paragraph_id": "001"
      }
    ],
    "essay_scoreT": [
      30,
      26.400002,
      24.5
    ],
    "essay_scoreT_avg": 26.966667,
    "essay_scoreT_detail": {
      "essay_scoreT_org": [
        [
          3,
          0,
          3,
          3
        ],
        [
          2,
          0,
          3,
          3
        ],
        [
          3,
          0,
          2,
          3
        ]
      ],
      "essay_scoreT_cont": [
        [
          3,
          3,
          3,
          3
        ],
        [
          3,
          2,
          3,
          3
        ],
        [
          2,
          2,
          2,
          3
        ]
      ],
      "essay_scoreT_exp": [
        [
          3,
          3,
          3
        ],
        [
          2,
          3,
          3
        ],
        [
          2,
          3,
          2
        ]
      ]
    }
  },
  "student": {
    "date": "2021.12.19",
    "student_educated": true,
    "student_grade": "고등_1학년",
    "location": "063",
    "student_grade_group": "고등",
    "student_reading": 1
  },
  "rubric": {
    "essay_grade": "고등_1학년",
    "organization_weight": {
      "org_paragraph": 0,
      "org": 3,
      "org_essay": 6,
      "org_coherence": 3,
      "org_quantity": 1
    },
    "essay_type": "찬성반대",
    "content_weight": {
      "con_clearance": 3,
      "con_novelty": 3,
      "con": 4,
      "con_prompt": 1,
      "con_description": 3
    },
    "essay_main_subject": "비혼주의자에 대한 본인의 의견",
    "expression_weight": {
      "exp_style": 4,
      "exp_grammar": 2,
      "exp_vocab": 4,
      "exp": 3
    }
  },
  "correction": [],
  "info": {
    "essay_id": "ESSAY_71353",
    "essay_prompt": " \"\"연애는 필수, 결혼은 선택! 가슴이 뛰는 대로 가면 돼\"\".\n\n 유명한 유행가의 노래 가사처럼, 청년들에게 결혼은 이제 필수가 아닌 하나의 선택 사항입니다. 연애, 결혼, 출산을 포기한다는 의미의 '3포세대'라는 말이 나오기 무섭게 5포 세대, N포세대까지 등장할 정도로 취업난, 치솟는 부동산 가격 등 여러 사회·경제적 요인들로 청년층을 위축시켰습니다.\n\n 모두가 이러한 이유로 '결혼을 포기'하는 것만은 아닙니다. 개인의 행복을 위해 '비혼을 선택'하는 청년들도 늘고 있습니다. 이처럼 최근 전통적인 가치관에서 벗어나 연애와 동거는 하면서 결혼이라는 제도에 묶여 관계에서 파생되는 책임을 벗어나 자유로운 삶을 추구하는 비혼주의자가 늘고 있습니다.\n\n 다만, 개인의 자유로운 선택에 따라 비혼주의를 하지만 주변에서는 아직 고운 시선으로 바라보지 않는 사람도 많습니다. 결혼이라는 제도에 대해서 선택이 아닌 필수라고 생각하는 사람들도 많지요. 개개인이 모여 사회가 형성되기 때문에 사회의 가장 작은 단위인 가족을 이루는 것도 사회 구성원으로서의 큰 역할이라고 생각하는 사람들도 있습니다.\n\n 여러분은 결혼을 꼭 해야 한다고 생각하시나요? 아니면 결혼은 선택의 문제라고 생각하시나요? 비혼주의에 대해 찬성하는 입장 반대를 선택하여 자신의 의견을 작성해주세요. 그리고 그렇게 생각한 이유에 대해서 작성해주세요.",
    "essay_type": "찬성반대",
    "essay_level": "2",
    "essay_len": 841,
    "essay_main_subject": "비혼주의자에 대한 본인의 의견"
  }
}