{
  "paragraph": [
    {
      "paragraph_txt": "비혼 주의자는 개인의 가치관이라고 생각한다.#@문장구분# 개인의 가치관은 아무도 건드릴 수 없는 존재이다.#@문장구분# 개인마다 가지고 있는 가치관을 존중해 줄 필요가 있다.#@문장구분# 요즘 현대사회인들은 개인주의가 엄청 강하다.#@문장구분# 모두 각자의 일에 바쁘게 하루하루를 살아간다.#@문장구분# 무엇보다 혼자인게 좋고 편하다는 사람들이 늘고 있다.#@문장구분# 혼카페, 혼밥, 혼피시 등 혼자하는 활동들이 점점 많아지며 이처럼 다른 누군가와 경혼이라는 틀에 박혀 한 가정을 꾸리고 사는 것이 그리 쉬운 일은 아니라는 것이다. #@문장구분#인생을 살다보면 나와 마음 맞는 사람을 만나기 쉽지 않다.#@문장구분# 본인이 능력이 되고 혼자서도 잘 살아갈 수 있다면 결혼이라는 것을 하지 않고도 충분히 혼자 행복하게 살아갈 수 있다고 생각한다.#@문장구분# 결혼은 의무와 필수가 아니다.#@문장구분# 하고 싶은 사람과 하고 싶지 않는 사람이 있지만 그 무엇도 그 어떤 생각도 강요해서는 안된다. #@문장구분#오로지 자신의 생각이기에 비판과 비난은 잘못된 것이라고 생각한다.#@문장구분# 만약 이것을 강요한다면 그것은 잘못된 것이라고 판단할 수 있다.#@문장구분# 가치관이라는 것은 모든 사람들에게 있는 것이다.#@문장구분# 이 가치관을 깰 수 있는 것도 가지도 있는 것도 모두 본인 자신이다.#@문장구분# 그래서 나는 비혼주의에 찬성하는 입장을 밝힌다.#@문장구분#또 결혼을 한다고 해서 나는 무조건적으로 행복해질 것이라고는 생각하지 않는다.#@문장구분# 결혼은 현실이다.#@문장구분# 상상이 아니다.#@문장구분# 결혼을 하는 과정에서도 막대한 돈이 들어가고 결혼을 한다고 해서 돈이 안드는 것이 아니다.#@문장구분# 결혼을 한 순간부터 계속 돈이 어디서 새는지도 모르고 계속해서 빠져나간다고한다.#@문장구분# 과연 결혼을 안하고 외롭게 혼자 하고싶은거 다 즐기다가 죽느냐 결혼을 하고 ATM기처럼 평생 돈버는 기계로 사느냐는 자신의 가치관에 따라 선택하는 것이다.#@문장구분# 그리고 결혼을 하는 사람들 중에는 결혼을 하는 이유가 바로 외로워서라고 한다. #@문장구분#하지만 과연 결혼을 한다고 그 외로움이 사라질까?#@문장구분# 나는 그게 의문이다.#@문장구분#",
      "paragraph_len": 1426,
      "paragraph_id": "001"
    }
  ],
  "score": {
    "paragraph_score": [
      {
        "paragraph_scoreT": [
          3,
          2.8,
          3
        ],
        "paragraph_scoreT_detail": {
          "paragraph_scoreT_exp": [
            [
              3,
              3,
              3
            ],
            [
              2,
              3,
              3
            ],
            [
              3,
              3,
              3
            ]
          ]
        },
        "paragraph_scoreT_avg": 2.9333334,
        "paragraph_id": "001"
      }
    ],
    "essay_scoreT": [
      30,
      28.2,
      30
    ],
    "essay_scoreT_avg": 29.4,
    "essay_scoreT_detail": {
      "essay_scoreT_org": [
        [
          3,
          0,
          3,
          3
        ],
        [
          3,
          0,
          3,
          3
        ],
        [
          3,
          0,
          3,
          3
        ]
      ],
      "essay_scoreT_cont": [
        [
          3,
          3,
          3,
          3
        ],
        [
          3,
          2,
          3,
          3
        ],
        [
          3,
          3,
          3,
          3
        ]
      ],
      "essay_scoreT_exp": [
        [
          3,
          3,
          3
        ],
        [
          2,
          3,
          3
        ],
        [
          3,
          3,
          3
        ]
      ]
    }
  },
  "student": {
    "date": "2021.12.16",
    "student_educated": true,
    "student_grade": "고등_1학년",
    "location": "054",
    "student_grade_group": "고등",
    "student_reading": 3
  },
  "rubric": {
    "essay_grade": "고등_1학년",
    "organization_weight": {
      "org_paragraph": 0,
      "org": 3,
      "org_essay": 6,
      "org_coherence": 3,
      "org_quantity": 1
    },
    "essay_type": "찬성반대",
    "content_weight": {
      "con_clearance": 3,
      "con_novelty": 3,
      "con": 4,
      "con_prompt": 1,
      "con_description": 3
    },
    "essay_main_subject": "비혼주의자에 대한 본인의 의견",
    "expression_weight": {
      "exp_style": 4,
      "exp_grammar": 2,
      "exp_vocab": 4,
      "exp": 3
    }
  },
  "correction": [],
  "info": {
    "essay_id": "ESSAY_65942",
    "essay_prompt": " \"\"연애는 필수, 결혼은 선택! 가슴이 뛰는 대로 가면 돼\"\".\n\n 유명한 유행가의 노래 가사처럼, 청년들에게 결혼은 이제 필수가 아닌 하나의 선택 사항입니다. 연애, 결혼, 출산을 포기한다는 의미의 '3포세대'라는 말이 나오기 무섭게 5포 세대, N포세대까지 등장할 정도로 취업난, 치솟는 부동산 가격 등 여러 사회·경제적 요인들로 청년층을 위축시켰습니다.\n\n 모두가 이러한 이유로 '결혼을 포기'하는 것만은 아닙니다. 개인의 행복을 위해 '비혼을 선택'하는 청년들도 늘고 있습니다. 이처럼 최근 전통적인 가치관에서 벗어나 연애와 동거는 하면서 결혼이라는 제도에 묶여 관계에서 파생되는 책임을 벗어나 자유로운 삶을 추구하는 비혼주의자가 늘고 있습니다.\n\n 다만, 개인의 자유로운 선택에 따라 비혼주의를 하지만 주변에서는 아직 고운 시선으로 바라보지 않는 사람도 많습니다. 결혼이라는 제도에 대해서 선택이 아닌 필수라고 생각하는 사람들도 많지요. 개개인이 모여 사회가 형성되기 때문에 사회의 가장 작은 단위인 가족을 이루는 것도 사회 구성원으로서의 큰 역할이라고 생각하는 사람들도 있습니다.\n\n 여러분은 결혼을 꼭 해야 한다고 생각하시나요? 아니면 결혼은 선택의 문제라고 생각하시나요? 비혼주의에 대해 찬성하는 입장 반대를 선택하여 자신의 의견을 작성해주세요. 그리고 그렇게 생각한 이유에 대해서 작성해주세요.",
    "essay_type": "찬성반대",
    "essay_level": "2",
    "essay_len": 927,
    "essay_main_subject": "비혼주의자에 대한 본인의 의견"
  }
}