{
  "paragraph": [
    {
      "paragraph_txt": "저는 극심한 피부질환을 앓고 있습니다.#@문장구분# 아토피가 너무 심해서 잠도 잘 자지 못하고 일상생활을 영위하기가 너무 힘든 삶을 살고 있습니다.#@문장구분# 제 심한 아토피는 너무 건조해지는 계절변화가 있거나 먼지가 많이 발생하거나 또는 온도 변화가 급격히 이루어지면 더욱 심해지고 부모님은 제가 어릴때 부터 이런 저를 위해 않해본 치료법이 없을 정도로 정성을 기울이셨습니다.#@문장구분# 밤이면 제가 피부를 긁을까봐 잠도 잘 못주무시고 제 상태를 살피시는 고충도 마다하지 않으셨습니다.#@문장구분# 제가 비혼주의에 찬성하는 이유는 이런 아토피 피부병은 유전도 아니고 스트레스와 환경변화에 따른 것이라는 의사선생님의 말씀에 따라서 제가 결혼을 해서 자식을 낳으면 그때 환경이 더 나빠 질것은 분명하고 그럼 이 고통을 제 자녀가 겪게 될것이고 저는 저희 부모님들처럼 헌신적인 사랑 보일 자신이 없기 때문입니다.#@문장구분# 이런 질환에 의한 고통 뿐만 아니라 우리는 극심한 학업 스트레스에 시달리고 있습니다.#@문장구분# 사회는 경쟁구도를 조장하고 경쟁에서 살아남지 못하면 도태되고 실패한 인생이 되는 것을 강조하고 있기 때문에 경쟁에서 살아남고 평가에서 좋은 성적을 받기 위해 최선을 다해 노력합니다.#@문장구분# 하지만 노력에 비례한 결과를 얻기는 쉽지 않으며 부모의 경제력등이 공정한 경쟁이 이루어지지 않게 하는 요소로 작용하기도 합니다.#@문장구분# 이렇게 불공정 불평등한 경쟁구도에서 살아남기 위해 피나는 노력을 해야 합니다.#@문장구분# 이런 고통을 내 자녀가 겪게 하고 싶지 않은 심정을 사람들을 왜 가지지 않는 건지 저는 이해하지 못하고 있습니다.#@문장구분# 저는 제가 겪어온 신체적, 사회적 고통을 대물림 해 주는것이 싫기 때문에 비혼주의에 찬성하며 출산을 반대하는 딩크족들의 선언에 지지합니다.#@문장구분#",
      "paragraph_len": 1054,
      "paragraph_id": "001"
    }
  ],
  "score": {
    "paragraph_score": [
      {
        "paragraph_scoreT": [
          3,
          3,
          2.4
        ],
        "paragraph_scoreT_detail": {
          "paragraph_scoreT_exp": [
            [
              3,
              3,
              3
            ],
            [
              3,
              3,
              3
            ],
            [
              2,
              3,
              2
            ]
          ]
        },
        "paragraph_scoreT_avg": 2.8,
        "paragraph_id": "001"
      }
    ],
    "essay_scoreT": [
      30,
      27,
      24.5
    ],
    "essay_scoreT_avg": 27.166666,
    "essay_scoreT_detail": {
      "essay_scoreT_org": [
        [
          3,
          0,
          3,
          3
        ],
        [
          2,
          0,
          3,
          3
        ],
        [
          3,
          0,
          2,
          3
        ]
      ],
      "essay_scoreT_cont": [
        [
          3,
          3,
          3,
          3
        ],
        [
          3,
          2,
          3,
          3
        ],
        [
          2,
          2,
          2,
          3
        ]
      ],
      "essay_scoreT_exp": [
        [
          3,
          3,
          3
        ],
        [
          3,
          3,
          3
        ],
        [
          2,
          3,
          2
        ]
      ]
    }
  },
  "student": {
    "date": "2021.12.19",
    "student_educated": true,
    "student_grade": "고등_1학년",
    "location": "063",
    "student_grade_group": "고등",
    "student_reading": 1
  },
  "rubric": {
    "essay_grade": "고등_1학년",
    "organization_weight": {
      "org_paragraph": 0,
      "org": 3,
      "org_essay": 6,
      "org_coherence": 3,
      "org_quantity": 1
    },
    "essay_type": "찬성반대",
    "content_weight": {
      "con_clearance": 3,
      "con_novelty": 3,
      "con": 4,
      "con_prompt": 1,
      "con_description": 3
    },
    "essay_main_subject": "비혼주의자에 대한 본인의 의견",
    "expression_weight": {
      "exp_style": 4,
      "exp_grammar": 2,
      "exp_vocab": 4,
      "exp": 3
    }
  },
  "correction": [],
  "info": {
    "essay_id": "ESSAY_71344",
    "essay_prompt": " \"\"연애는 필수, 결혼은 선택! 가슴이 뛰는 대로 가면 돼\"\".\n\n 유명한 유행가의 노래 가사처럼, 청년들에게 결혼은 이제 필수가 아닌 하나의 선택 사항입니다. 연애, 결혼, 출산을 포기한다는 의미의 '3포세대'라는 말이 나오기 무섭게 5포 세대, N포세대까지 등장할 정도로 취업난, 치솟는 부동산 가격 등 여러 사회·경제적 요인들로 청년층을 위축시켰습니다.\n\n 모두가 이러한 이유로 '결혼을 포기'하는 것만은 아닙니다. 개인의 행복을 위해 '비혼을 선택'하는 청년들도 늘고 있습니다. 이처럼 최근 전통적인 가치관에서 벗어나 연애와 동거는 하면서 결혼이라는 제도에 묶여 관계에서 파생되는 책임을 벗어나 자유로운 삶을 추구하는 비혼주의자가 늘고 있습니다.\n\n 다만, 개인의 자유로운 선택에 따라 비혼주의를 하지만 주변에서는 아직 고운 시선으로 바라보지 않는 사람도 많습니다. 결혼이라는 제도에 대해서 선택이 아닌 필수라고 생각하는 사람들도 많지요. 개개인이 모여 사회가 형성되기 때문에 사회의 가장 작은 단위인 가족을 이루는 것도 사회 구성원으로서의 큰 역할이라고 생각하는 사람들도 있습니다.\n\n 여러분은 결혼을 꼭 해야 한다고 생각하시나요? 아니면 결혼은 선택의 문제라고 생각하시나요? 비혼주의에 대해 찬성하는 입장 반대를 선택하여 자신의 의견을 작성해주세요. 그리고 그렇게 생각한 이유에 대해서 작성해주세요.",
    "essay_type": "찬성반대",
    "essay_level": "2",
    "essay_len": 834,
    "essay_main_subject": "비혼주의자에 대한 본인의 의견"
  }
}