{
  "paragraph": [
    {
      "paragraph_txt": "헐리우드 연예인들을 보면 결혼은 하지 않고 동거를 하는 커플들이 다수 존재합니다.#@문장구분# 그들은 결혼이라는 관습에 얽매이지 않고 동거를 하며 자유로운 연애관을 선보입니다.#@문장구분# 그리고 그것들이 부끄럽거나 사회적으로 불편한 현상이 아니라 모두들 그럴수 있다고 인정하는 보통의 사람들과 같은 가정의 형태로 인정 받고 있는 모습을 볼수 있습니다.#@문장구분# 이제 이런 서양의 가정의 형태가 고지식하고 융통성이 없는 동양에서도 보여지고 있는 현상이라고 생각하고 이런 현상은 사회적으로 다변화되는 시대에 당연한 현상이라고 생각합니다.#@문장구분# 비혼주의라는 것이 결혼이라는 관습에 얽매이지 않고 인생을 사는 것이지 연애도 하지 않고 동거도 하지 않는 다는 것은 아니기 때문에 동거나 연애를 통해 임신과 출산을 경험할수도 있으며 새로운 가족의 형태를 보여지고 있다고 생각하기 때문에 이런 현상에 대한 이해를 해야 한다고 생각합니다.#@문장구분# 요즘은 동성간에 결혼도 하는 시대이고 결혼은 하지 않고 정자를 기증받아 여성혼자 아이만 낳아 사는 사람도 존재하는 다양한 사회입니다,#@문장구분# 이런 것들이 현실에 이루어지고 있는 지금 비혼주의자에 대한 찬반에 대해 논의하는 것은 적절하지 않으며 이제 가족이라는 개념이 바뀌어가고 있으며 가족은 혈연으로만 이루어진 사회구성의 기본단위가 아니라 같은 집에 살면서 같은 생각을 공유하고 정신적으로 서로 의지하며 사는 사람들을 가족으로 보아야 할 것입니다.#@문장구분# 비혼주의자들이 오랜 연애를 유지하다가 결혼을 하기도 하고 연애인들은 아이도 낳고 동거를 하다가 결혼식을 올리고 정식 부부가 된후에 2-3년도 되지 않아 이혼소송을 하는 경우도 있습니다.#@문장구분# 그렇기 때문에 결혼은 세금징수나 행정처리를 위한 단순한 제도라고 생각합니다.#@문장구분#",
      "paragraph_len": 1014,
      "paragraph_id": "001"
    }
  ],
  "score": {
    "paragraph_score": [
      {
        "paragraph_scoreT": [
          3,
          3,
          2.4
        ],
        "paragraph_scoreT_detail": {
          "paragraph_scoreT_exp": [
            [
              3,
              3,
              3
            ],
            [
              3,
              3,
              3
            ],
            [
              2,
              3,
              2
            ]
          ]
        },
        "paragraph_scoreT_avg": 2.8,
        "paragraph_id": "001"
      }
    ],
    "essay_scoreT": [
      30,
      28.5,
      24.5
    ],
    "essay_scoreT_avg": 27.666666,
    "essay_scoreT_detail": {
      "essay_scoreT_org": [
        [
          3,
          0,
          3,
          3
        ],
        [
          3,
          0,
          3,
          2
        ],
        [
          3,
          0,
          2,
          3
        ]
      ],
      "essay_scoreT_cont": [
        [
          3,
          3,
          3,
          3
        ],
        [
          3,
          2,
          3,
          3
        ],
        [
          2,
          2,
          2,
          3
        ]
      ],
      "essay_scoreT_exp": [
        [
          3,
          3,
          3
        ],
        [
          3,
          3,
          3
        ],
        [
          2,
          3,
          2
        ]
      ]
    }
  },
  "student": {
    "date": "2021.12.19",
    "student_educated": true,
    "student_grade": "고등_1학년",
    "location": "063",
    "student_grade_group": "고등",
    "student_reading": 1
  },
  "rubric": {
    "essay_grade": "고등_1학년",
    "organization_weight": {
      "org_paragraph": 0,
      "org": 3,
      "org_essay": 6,
      "org_coherence": 3,
      "org_quantity": 1
    },
    "essay_type": "찬성반대",
    "content_weight": {
      "con_clearance": 3,
      "con_novelty": 3,
      "con": 4,
      "con_prompt": 1,
      "con_description": 3
    },
    "essay_main_subject": "비혼주의자에 대한 본인의 의견",
    "expression_weight": {
      "exp_style": 4,
      "exp_grammar": 2,
      "exp_vocab": 4,
      "exp": 3
    }
  },
  "correction": [],
  "info": {
    "essay_id": "ESSAY_71347",
    "essay_prompt": " \"\"연애는 필수, 결혼은 선택! 가슴이 뛰는 대로 가면 돼\"\".\n\n 유명한 유행가의 노래 가사처럼, 청년들에게 결혼은 이제 필수가 아닌 하나의 선택 사항입니다. 연애, 결혼, 출산을 포기한다는 의미의 '3포세대'라는 말이 나오기 무섭게 5포 세대, N포세대까지 등장할 정도로 취업난, 치솟는 부동산 가격 등 여러 사회·경제적 요인들로 청년층을 위축시켰습니다.\n\n 모두가 이러한 이유로 '결혼을 포기'하는 것만은 아닙니다. 개인의 행복을 위해 '비혼을 선택'하는 청년들도 늘고 있습니다. 이처럼 최근 전통적인 가치관에서 벗어나 연애와 동거는 하면서 결혼이라는 제도에 묶여 관계에서 파생되는 책임을 벗어나 자유로운 삶을 추구하는 비혼주의자가 늘고 있습니다.\n\n 다만, 개인의 자유로운 선택에 따라 비혼주의를 하지만 주변에서는 아직 고운 시선으로 바라보지 않는 사람도 많습니다. 결혼이라는 제도에 대해서 선택이 아닌 필수라고 생각하는 사람들도 많지요. 개개인이 모여 사회가 형성되기 때문에 사회의 가장 작은 단위인 가족을 이루는 것도 사회 구성원으로서의 큰 역할이라고 생각하는 사람들도 있습니다.\n\n 여러분은 결혼을 꼭 해야 한다고 생각하시나요? 아니면 결혼은 선택의 문제라고 생각하시나요? 비혼주의에 대해 찬성하는 입장 반대를 선택하여 자신의 의견을 작성해주세요. 그리고 그렇게 생각한 이유에 대해서 작성해주세요.",
    "essay_type": "찬성반대",
    "essay_level": "2",
    "essay_len": 834,
    "essay_main_subject": "비혼주의자에 대한 본인의 의견"
  }
}