{
  "paragraph": [
    {
      "paragraph_txt": "저는 저에게 닥쳐오는 현실의 문제가 두려워 결혼은 하지 않고 동거나 연애를 하기만 하는 비혼주의에 대하여 찬성합니다.#@문장구분# 보통 결혼을 하는 것은 이러한 사람이 자기와 맞는 사람을 선택하여 관계까지 이어지게 되는 것이고 비혼주의자를 비판할 필요는 없다고 생각합니다.#@문장구분# 결혼을 강제할 필요가 없다고 생각합니다.#@문장구분# 결혼이란 남녀가 정식으로 부부 관계를 맺는 것이지만, 가정의 무게와 그에 대한 책임감을 가지고 하는 것으로 선택하는 것조차 힘든 경우가 많습니다.#@문장구분# 이를 받아드릴 준비되지 않은 사람들을 강제적으로 결혼시키기에는 그러한 가정이 제대로 된 가정생활을 할 수 있을 리가 만무하면서 그러한 가정이 정말 진심으로 행복할 수 있는 건지는 모르는 것입니다.#@문장구분# 그렇지만 진심으로 결혼하자고 하는 사람들도 많으며 이러한 것을 막는다고 법을 만드는 것은 무모하다는 것 같습니다.#@문장구분# 지금은 결혼, 임신, 출산, 양육, 생활 등에 다양한 현실의 문제가 있습니다.#@문장구분# 이러한 문제는 누구나 당연히 생각하는 문제입니다.#@문장구분# 다만 이러한 현실을 생각해봤을 때 출산 제도나 육아 제도 면에서 조금 더 다양한 제도가 있었으면 결혼이라는 것을 쉽게 다가가지 않았을까? 라는 생각을 해봅니다.#@문장구분# 최근 들어 그러한 제도에 대해 다양해지고 있으며 누구나 제도를 활용할 수 있게 되었습니다.#@문장구분# 저는 이처럼 국가에서 조금의 도움을 주신다면 서로의 힘을 합쳐서 현실의 벽이 높아서 결혼에 대해 생각을 하지 않는 사람에게도 결혼이라는 것에 대해 다가갈 수 있다고 생각합니다.#@문장구분# 지금의 현실의 벽은 아직도 높으나 이 벽이 언젠가는 낮아지면서 많은 비혼주의 사람들도 결혼에 대해 생각해볼 것 같다고 생각합니다.#@문장구분#",
      "paragraph_len": 1049,
      "paragraph_id": "001"
    }
  ],
  "score": {
    "paragraph_score": [
      {
        "paragraph_scoreT": [
          3,
          3,
          2.8
        ],
        "paragraph_scoreT_detail": {
          "paragraph_scoreT_exp": [
            [
              3,
              3,
              3
            ],
            [
              3,
              3,
              3
            ],
            [
              2,
              3,
              3
            ]
          ]
        },
        "paragraph_scoreT_avg": 2.9333334,
        "paragraph_id": "001"
      }
    ],
    "essay_scoreT": [
      30,
      26.7,
      26.1
    ],
    "essay_scoreT_avg": 27.6,
    "essay_scoreT_detail": {
      "essay_scoreT_org": [
        [
          3,
          0,
          3,
          3
        ],
        [
          2,
          0,
          3,
          2
        ],
        [
          3,
          0,
          2,
          3
        ]
      ],
      "essay_scoreT_cont": [
        [
          3,
          3,
          3,
          3
        ],
        [
          3,
          2,
          3,
          3
        ],
        [
          2,
          3,
          3,
          2
        ]
      ],
      "essay_scoreT_exp": [
        [
          3,
          3,
          3
        ],
        [
          3,
          3,
          3
        ],
        [
          2,
          3,
          3
        ]
      ]
    }
  },
  "student": {
    "date": "2021.12.20",
    "student_educated": true,
    "student_grade": "고등_1학년",
    "location": "044",
    "student_grade_group": "고등",
    "student_reading": 2
  },
  "rubric": {
    "essay_grade": "고등_1학년",
    "organization_weight": {
      "org_paragraph": 0,
      "org": 3,
      "org_essay": 6,
      "org_coherence": 3,
      "org_quantity": 1
    },
    "essay_type": "찬성반대",
    "content_weight": {
      "con_clearance": 3,
      "con_novelty": 3,
      "con": 4,
      "con_prompt": 1,
      "con_description": 3
    },
    "essay_main_subject": "비혼주의자에 대한 본인의 의견",
    "expression_weight": {
      "exp_style": 4,
      "exp_grammar": 2,
      "exp_vocab": 4,
      "exp": 3
    }
  },
  "correction": [],
  "info": {
    "essay_id": "ESSAY_71313",
    "essay_prompt": " \"\"연애는 필수, 결혼은 선택! 가슴이 뛰는 대로 가면 돼\"\".\n\n 유명한 유행가의 노래 가사처럼, 청년들에게 결혼은 이제 필수가 아닌 하나의 선택 사항입니다. 연애, 결혼, 출산을 포기한다는 의미의 '3포세대'라는 말이 나오기 무섭게 5포 세대, N포세대까지 등장할 정도로 취업난, 치솟는 부동산 가격 등 여러 사회·경제적 요인들로 청년층을 위축시켰습니다.\n\n 모두가 이러한 이유로 '결혼을 포기'하는 것만은 아닙니다. 개인의 행복을 위해 '비혼을 선택'하는 청년들도 늘고 있습니다. 이처럼 최근 전통적인 가치관에서 벗어나 연애와 동거는 하면서 결혼이라는 제도에 묶여 관계에서 파생되는 책임을 벗어나 자유로운 삶을 추구하는 비혼주의자가 늘고 있습니다.\n\n 다만, 개인의 자유로운 선택에 따라 비혼주의를 하지만 주변에서는 아직 고운 시선으로 바라보지 않는 사람도 많습니다. 결혼이라는 제도에 대해서 선택이 아닌 필수라고 생각하는 사람들도 많지요. 개개인이 모여 사회가 형성되기 때문에 사회의 가장 작은 단위인 가족을 이루는 것도 사회 구성원으로서의 큰 역할이라고 생각하는 사람들도 있습니다.\n\n 여러분은 결혼을 꼭 해야 한다고 생각하시나요? 아니면 결혼은 선택의 문제라고 생각하시나요? 비혼주의에 대해 찬성하는 입장 반대를 선택하여 자신의 의견을 작성해주세요. 그리고 그렇게 생각한 이유에 대해서 작성해주세요.",
    "essay_type": "찬성반대",
    "essay_level": "2",
    "essay_len": 809,
    "essay_main_subject": "비혼주의자에 대한 본인의 의견"
  }
}