{
  "paragraph": [
    {
      "paragraph_txt": "일단 비혼주의에 대해서 나는 찬성이다.#@문장구분# 비혼주의는 말 그대로 결혼을 하지 않고 혼자 살아가는 사람을 의미하는데, 결혼을 꼭 할 필요는 없다고 본다.#@문장구분# 물론 저출산 사회에서 결혼을 꼭 해야하고 결혼이 중요하다고 생각하는 사람들도 대부분이겠지만 결혼은 다른 사람들이 선택해주고 강요해서 꼭 해야하는 건 아니라고 본다.#@문장구분# 내가 결혼을 하고싶지 않을 수도 있는 것이고 내 선택을 다른 사람들도 존중해줘야한다고 생각한다.#@문장구분# 연애나 동거는 꼭 결혼을 위해서 하는 것이 아니다.#@문장구분# 연애는 필수가 아닌 추가사항일 뿐이다.#@문장구분# 결혼을 하지 않으면 일단 먼저 혼자 있는 시간이 많아진다.#@문장구분# 사실 혼자 있는 시간이 외로울 수 있지만 그 외로움을 꼭 결혼이나 연애로 채워야 한다고 생각하지 않는다.#@문장구분# 그 외로운 시간에 내 취미생활을 하면서 스트레스를 풀 수도 있고 혼자 자취하면 근처에 사는 친구를 집에 불러서 같이 놀 수도 있다.#@문장구분# 이거 말고도 할 수 있는 일도 많다.#@문장구분# 하지만 결혼을 하게 되면 혼자있는 시간이 줄어들것이다.#@문장구분# 남편과 아이에게 신경을 항상 써야하고 집에서 자유롭게 있고싶어도 바빠지는 게 당연할 것이다.#@문장구분# 친구를 만날 시간도 줄어들 것이고 스트레스를 풀 시간도 줄어들것이다.#@문장구분# 결혼은 무조건 해야한다 무조건 하지 말아야 한다 이런 게 아니고 내가 비혼을 한다고 해도 남들이 내 선택을 존중해줬으면 하는 마음이 비혼주의자들에겐 없지않아 있을 것이다.#@문장구분# 그렇지만 본인 스스로 비혼주의자라고 주장하는 사람은 결혼이 싫어서가 아니라 본인의 능력부족으로 연애, 결혼을 못하는걸 비혼주의라고 합리화를 하는 걸 수도 있고 어떤 경험에 의해 진짜 비혼주의자가 된 걸 수도 있다.#@문장구분# 비혼주의자가 급증 하는 가장 큰 이유는 혼자가 편하다는 거지만 경제가 안정되지 않아 일자리를 얻기 힘들어하는 이유도 있다고 생각한다.#@문장구분# 경제가 안정되면 일자리를 얻어 돈이라도 열심히 벌 수 있을 거고 그런 상황에서 결혼을 하게 되면 어느정도 집안의 여유는 생길 것이다.#@문장구분# 하지만 경제가 안정되지 않은 상황에서 일자리를 얻으려고 하면 어려워지고 연애에서 결혼을 생각한 사람들에겐 경제적 어려움이 심해진다.#@문장구분# 일자리를 잘 얻지 못 하면 돈도 잘 못 벌게 되니까 차라리 혼자 결혼을 안 하고 사는 것이 그나마 조금이라도 경제적인 여유가 생길 것이라고 믿기 때문에 비혼주의자들이 급증을 하는 것 같다.#@문장구분# 만약 나 자신이 비혼주의자이고, 결혼하기에 적당한 나이일 때 연애는 하고 싶지만 결혼은 하기 싫을 땐 어떻게 하면 좋을까?#@문장구분# 나는 이렇게 생각한다.#@문장구분# 나와 같은 마인드를 가진 사람을 만나 연애를 하면 되는 것이다.#@문장구분# 결혼은 현실로 더 가까이 다가가는 첫 단추일 뿐이고 남자나 여자가 없으면 못 사는 건 아니니까 서로 소중한 추억만 쌓고 자연스럽게 만나면 되는 것이다.#@문장구분# 비혼주의자들에 대해서 나쁘게 혹은 안 좋게 보거나 무조건 결혼을 해야 아이를 낳고 저출산 사회에서 벗어날 것이라고 고정관념을 가지고 있는 사람들은 생각을 조금만 바꿔서 다시 이해를 했으면 한다.#@문장구분# 비혼은 나쁜 것이 아니다 혼자 있는 시간이 많아지는 것이지 반드시 꼭 결혼을 해야하는 건 아니라고 보기 때문에 나는 비혼에 대해서 찬성하는 입장이다.#@문장구분#",
      "paragraph_len": 2030,
      "paragraph_id": "001"
    }
  ],
  "score": {
    "paragraph_score": [
      {
        "paragraph_scoreT": [
          2.2,
          3,
          2
        ],
        "paragraph_scoreT_detail": {
          "paragraph_scoreT_exp": [
            [
              3,
              2,
              2
            ],
            [
              3,
              3,
              3
            ],
            [
              2,
              2,
              2
            ]
          ]
        },
        "paragraph_scoreT_avg": 2.3999999,
        "paragraph_id": "001"
      }
    ],
    "essay_scoreT": [
      24.600002,
      27,
      22.400002
    ],
    "essay_scoreT_avg": 24.666666,
    "essay_scoreT_detail": {
      "essay_scoreT_org": [
        [
          2,
          0,
          3,
          3
        ],
        [
          2,
          0,
          3,
          3
        ],
        [
          2,
          0,
          3,
          3
        ]
      ],
      "essay_scoreT_cont": [
        [
          3,
          2,
          3,
          3
        ],
        [
          3,
          2,
          3,
          3
        ],
        [
          3,
          2,
          2,
          2
        ]
      ],
      "essay_scoreT_exp": [
        [
          3,
          2,
          2
        ],
        [
          3,
          3,
          3
        ],
        [
          2,
          2,
          2
        ]
      ]
    }
  },
  "student": {
    "date": "2021.10.01",
    "student_educated": true,
    "student_grade": "고등_1학년",
    "location": "051",
    "student_grade_group": "고등",
    "student_reading": 1
  },
  "rubric": {
    "essay_grade": "고등_1학년",
    "organization_weight": {
      "org_paragraph": 0,
      "org": 3,
      "org_essay": 6,
      "org_coherence": 3,
      "org_quantity": 1
    },
    "essay_type": "찬성반대",
    "content_weight": {
      "con_clearance": 3,
      "con_novelty": 3,
      "con": 4,
      "con_prompt": 1,
      "con_description": 3
    },
    "essay_main_subject": "비혼주의자에 대한 본인의 의견",
    "expression_weight": {
      "exp_style": 4,
      "exp_grammar": 2,
      "exp_vocab": 4,
      "exp": 3
    }
  },
  "correction": [],
  "info": {
    "essay_id": "ESSAY_36467",
    "essay_prompt": " \"\"연애는 필수, 결혼은 선택! 가슴이 뛰는 대로 가면 돼\"\".\n\n 유명한 유행가의 노래 가사처럼, 청년들에게 결혼은 이제 필수가 아닌 하나의 선택 사항입니다. 연애, 결혼, 출산을 포기한다는 의미의 '3포세대'라는 말이 나오기 무섭게 5포 세대, N포세대까지 등장할 정도로 취업난, 치솟는 부동산 가격 등 여러 사회·경제적 요인들로 청년층을 위축시켰습니다.\n\n 모두가 이러한 이유로 '결혼을 포기'하는 것만은 아닙니다. 개인의 행복을 위해 '비혼을 선택'하는 청년들도 늘고 있습니다. 이처럼 최근 전통적인 가치관에서 벗어나 연애와 동거는 하면서 결혼이라는 제도에 묶여 관계에서 파생되는 책임을 벗어나 자유로운 삶을 추구하는 비혼주의자가 늘고 있습니다.\n\n 다만, 개인의 자유로운 선택에 따라 비혼주의를 하지만 주변에서는 아직 고운 시선으로 바라보지 않는 사람도 많습니다. 결혼이라는 제도에 대해서 선택이 아닌 필수라고 생각하는 사람들도 많지요. 개개인이 모여 사회가 형성되기 때문에 사회의 가장 작은 단위인 가족을 이루는 것도 사회 구성원으로서의 큰 역할이라고 생각하는 사람들도 있습니다.\n\n 여러분은 결혼을 꼭 해야 한다고 생각하시나요? 아니면 결혼은 선택의 문제라고 생각하시나요? 비혼주의에 대해 찬성하는 입장 반대를 선택하여 자신의 의견을 작성해주세요. 그리고 그렇게 생각한 이유에 대해서 작성해주세요.",
    "essay_type": "찬성반대",
    "essay_level": "2",
    "essay_len": 1530,
    "essay_main_subject": "비혼주의자에 대한 본인의 의견"
  }
}