{
  "paragraph": [
    {
      "paragraph_txt": "텔레비전에 나오는 예능중에 동상이몽이라는 프로그램이 있습니다.#@문장구분# 그곳은 연예인 부부들이 나와서 가족들이 살아가는 이야기를 다룹니다.#@문장구분# 잉코부부도 나오고 신혼부부도 나오고 나이든 정치하시는 부부도 나오곤 했습니다.#@문장구분# 저는 그 프로그램을 보면서 우리 엄마 아빠 사는 거랑 연예인들이랑 별차이 없구나라는 생각을 하게 됩니다.#@문장구분# 경제력이 틀리고 사는 방식은 다르지만 부부가 서로 같은 곳을 바라보며 인생이라는 길을 걸어가고는 있지만 같은곳을 바라보지만 다른 생각을 하면서 싸우기도 하고 풀리기도 하면서 살아가는 인생살이 라는 생각을 하며 나도 저런 인생의 동반자를 찾을수 있을까 라는 의구심이 들기도 합니다.#@문장구분# 과연 엄마 아빠처럼 방금 싸우다가도 아무일 없다는 듯 같이 밥먹고 잠자고 정말 가족이구나 라는 생각이 드는 운명의 상대를 만나게 될까?#@문장구분# 결혼에 대한 실패 없이 할머니 할아버지가 될 때까지 몇십년을 잘 살수 있을까?#@문장구분# 라는 고민도 생기기 마련입니다.#@문장구분# 저는 이런생각과 동시에 비혼도 고민하게 됩니다.#@문장구분# 엄마는 명절이면 혼자 정신이 없으십니다.#@문장구분# 뿐만 아니라 주말 부부이시기 때문에 주중에 저희들 케어와 회사일로 정신이 없으시고 주말에 아빠가 오시면 아빠까지 챙기시느라 고생이 많으십니다.#@문장구분# 엄마가 결혼을 하지 않고 비혼주의로 혼자 살았다면 지금쯤 여행이나 다니시면서 운동이나 다니시면서 본인의 커리어를 쌓아 정말 멋진 커리어우먼이 되어있을텐데 안타까움이 들때도 있습니다.#@문장구분# 엄마는 너희를 보면 다른건 다 괜찮다고 말씁하시지만 제가 엄마의 부모님이라면 마음이 아플거 같습니다.#@문장구분# 하지만 엄마는 그런 것들보다 소중한 것이 가정이라는 곳에 있기 때문에 후회하지 않는다고 하십니다.#@문장구분# 정말 나도 그런 후회없는 결혼생활을 할수 있을까요?#@문장구분# 변덕도 심하고 이기적인 제가 가족을 위해 헌신하는 어머니가 될수 있을까요?#@문장구분# 이런 것이 제가 비혼주의를 해야 하는 고민하는 부분입니다.#@문장구분# 하지만 인연이 있다면 남들하는 결혼 저도 한번 해볼껍니다.#@문장구분#",
      "paragraph_len": 1311,
      "paragraph_id": "001"
    }
  ],
  "score": {
    "paragraph_score": [
      {
        "paragraph_scoreT": [
          3,
          3,
          2.4
        ],
        "paragraph_scoreT_detail": {
          "paragraph_scoreT_exp": [
            [
              3,
              3,
              3
            ],
            [
              3,
              3,
              3
            ],
            [
              2,
              3,
              2
            ]
          ]
        },
        "paragraph_scoreT_avg": 2.8,
        "paragraph_id": "001"
      }
    ],
    "essay_scoreT": [
      28.2,
      27,
      23.9
    ],
    "essay_scoreT_avg": 26.366667,
    "essay_scoreT_detail": {
      "essay_scoreT_org": [
        [
          2,
          0,
          3,
          3
        ],
        [
          2,
          0,
          3,
          3
        ],
        [
          2,
          0,
          2,
          3
        ]
      ],
      "essay_scoreT_cont": [
        [
          3,
          3,
          3,
          3
        ],
        [
          3,
          2,
          3,
          3
        ],
        [
          3,
          2,
          2,
          3
        ]
      ],
      "essay_scoreT_exp": [
        [
          3,
          3,
          3
        ],
        [
          3,
          3,
          3
        ],
        [
          2,
          3,
          2
        ]
      ]
    }
  },
  "student": {
    "date": "2021.12.03",
    "student_educated": true,
    "student_grade": "고등_1학년",
    "location": "063",
    "student_grade_group": "고등",
    "student_reading": 2
  },
  "rubric": {
    "essay_grade": "고등_1학년",
    "organization_weight": {
      "org_paragraph": 0,
      "org": 3,
      "org_essay": 6,
      "org_coherence": 3,
      "org_quantity": 1
    },
    "essay_type": "찬성반대",
    "content_weight": {
      "con_clearance": 3,
      "con_novelty": 3,
      "con": 4,
      "con_prompt": 1,
      "con_description": 3
    },
    "essay_main_subject": "비혼주의자에 대한 본인의 의견",
    "expression_weight": {
      "exp_style": 4,
      "exp_grammar": 2,
      "exp_vocab": 4,
      "exp": 3
    }
  },
  "correction": [],
  "info": {
    "essay_id": "ESSAY_53641",
    "essay_prompt": " \"\"연애는 필수, 결혼은 선택! 가슴이 뛰는 대로 가면 돼\"\".\n\n 유명한 유행가의 노래 가사처럼, 청년들에게 결혼은 이제 필수가 아닌 하나의 선택 사항입니다. 연애, 결혼, 출산을 포기한다는 의미의 '3포세대'라는 말이 나오기 무섭게 5포 세대, N포세대까지 등장할 정도로 취업난, 치솟는 부동산 가격 등 여러 사회·경제적 요인들로 청년층을 위축시켰습니다.\n\n 모두가 이러한 이유로 '결혼을 포기'하는 것만은 아닙니다. 개인의 행복을 위해 '비혼을 선택'하는 청년들도 늘고 있습니다. 이처럼 최근 전통적인 가치관에서 벗어나 연애와 동거는 하면서 결혼이라는 제도에 묶여 관계에서 파생되는 책임을 벗어나 자유로운 삶을 추구하는 비혼주의자가 늘고 있습니다.\n\n 다만, 개인의 자유로운 선택에 따라 비혼주의를 하지만 주변에서는 아직 고운 시선으로 바라보지 않는 사람도 많습니다. 결혼이라는 제도에 대해서 선택이 아닌 필수라고 생각하는 사람들도 많지요. 개개인이 모여 사회가 형성되기 때문에 사회의 가장 작은 단위인 가족을 이루는 것도 사회 구성원으로서의 큰 역할이라고 생각하는 사람들도 있습니다.\n\n 여러분은 결혼을 꼭 해야 한다고 생각하시나요? 아니면 결혼은 선택의 문제라고 생각하시나요? 비혼주의에 대해 찬성하는 입장 반대를 선택하여 자신의 의견을 작성해주세요. 그리고 그렇게 생각한 이유에 대해서 작성해주세요.",
    "essay_type": "찬성반대",
    "essay_level": "2",
    "essay_len": 951,
    "essay_main_subject": "비혼주의자에 대한 본인의 의견"
  }
}