{
  "paragraph": [
    {
      "paragraph_txt": "나는 결혼하고 싶다.#@문장구분# 혼자 자란 나는 늘 외로웠다.#@문장구분# 다른 친구들은 언니,오빠,동생등 한두면씩의 형제가 있는데 나는 혼자다.#@문장구분# 어렸을때는 부모님과 같이 영화도보고 외식도 하고 했는데 고등학교와서는 주로 친구들과 시험끝나면 영화도 보고,노래방도 가고,PC방도 갔다.#@문장구분# 그래서 부모님께 반려견을 키우고싶다고 하니 예쁜 푸들을 사주셨다.#@문장구분# 이름을 푸들이라고 지어주었다.#@문장구분# 원래 푸들이라 푸들로 부르고 싶었다.#@문장구분# 내가 학교 갔다오면 나를 제일 먼저 반겨주고 꼬리를 흔든다.#@문장구분# 푸들은 영리하고 애교가 많다.#@문장구분# 복실복실 털고 많고 부드럽다.#@문장구분# 아침에는 방문 내방문 앞에서 나를 기다리고 있다.#@문장구분# 내가나가면 나만 따라 다닌다.#@문장구분# 사료달라고 한다.#@문장구분# 내가 폭 안아주면 사르르 눈을 감는다.#@문장구분# 사랑스런 나의 아기이다.#@문장구분# 나의 친구이고 나의 아기이다.#@문장구분# 나는 고등학교 졸업하고 대학에 가서 남자친구를 사귈것이다.#@문장구분# 나를 아껴주고 예뻐해주는 남자, 맛난거 많이사주고 좋은 곳 많이 데리고 가는 남친,항상 내편이 되어주고 내 말만 듣는 남친을 사귈것이고 얼굴은 못생겨도 성격좋고 능력이 있었으면 좋겠다.#@문장구분# 한5년 정도 사귀다가 결혼 하고 싶다.#@문장구분# 나를 많이 사랑해주고 아껴주니 나도 많이 사랑해주고 아껴줄것이다.#@문장구분# 같이 여행도 많이 다닐것이다.#@문장구분# 함게 목표를 정하고 한가지씩 이루며 살것이다.#@문장구분# 아기도 많이 낳고 싶다.#@문장구분# 한3명쯤, 나처럼 혼자라 외롭지 않게 살게하겠다.#@문장구분# 반려견도 많이 키울것이고 넓고 큰 마당이 있는 집에서 저녁땐 아이들과 바베큐도 해먹으며 겨울엔 아이들과 눈사람도 만들고 싶다.#@문장구분# 뚱뚱해진 내모습에 놀라 다이어트도 할것이다.#@문장구분# 이 모든것을 내가 사랑하는 나의 가족과 함께 하고싶어서 나는 비혼주의를 반대한다.#@문장구분#",
      "paragraph_len": 1359,
      "paragraph_id": "001"
    }
  ],
  "score": {
    "paragraph_score": [
      {
        "paragraph_scoreT": [
          3,
          2,
          2
        ],
        "paragraph_scoreT_detail": {
          "paragraph_scoreT_exp": [
            [
              3,
              3,
              3
            ],
            [
              2,
              2,
              2
            ],
            [
              2,
              2,
              2
            ]
          ]
        },
        "paragraph_scoreT_avg": 2.3333333,
        "paragraph_id": "001"
      }
    ],
    "essay_scoreT": [
      30,
      20.3,
      20.699999
    ],
    "essay_scoreT_avg": 23.666666,
    "essay_scoreT_detail": {
      "essay_scoreT_org": [
        [
          3,
          0,
          3,
          3
        ],
        [
          2,
          0,
          2,
          3
        ],
        [
          2,
          0,
          2,
          3
        ]
      ],
      "essay_scoreT_cont": [
        [
          3,
          3,
          3,
          3
        ],
        [
          2,
          2,
          2,
          2
        ],
        [
          2,
          2,
          3,
          2
        ]
      ],
      "essay_scoreT_exp": [
        [
          3,
          3,
          3
        ],
        [
          2,
          2,
          2
        ],
        [
          2,
          2,
          2
        ]
      ]
    }
  },
  "student": {
    "date": "2021.12.15",
    "student_educated": true,
    "student_grade": "고등_1학년",
    "location": "044",
    "student_grade_group": "고등",
    "student_reading": 2
  },
  "rubric": {
    "essay_grade": "고등_1학년",
    "organization_weight": {
      "org_paragraph": 0,
      "org": 3,
      "org_essay": 6,
      "org_coherence": 3,
      "org_quantity": 1
    },
    "essay_type": "찬성반대",
    "content_weight": {
      "con_clearance": 3,
      "con_novelty": 3,
      "con": 4,
      "con_prompt": 1,
      "con_description": 3
    },
    "essay_main_subject": "비혼주의자에 대한 본인의 의견",
    "expression_weight": {
      "exp_style": 4,
      "exp_grammar": 2,
      "exp_vocab": 4,
      "exp": 3
    }
  },
  "correction": [],
  "info": {
    "essay_id": "ESSAY_66203",
    "essay_prompt": " \"\"연애는 필수, 결혼은 선택! 가슴이 뛰는 대로 가면 돼\"\".\n\n 유명한 유행가의 노래 가사처럼, 청년들에게 결혼은 이제 필수가 아닌 하나의 선택 사항입니다. 연애, 결혼, 출산을 포기한다는 의미의 '3포세대'라는 말이 나오기 무섭게 5포 세대, N포세대까지 등장할 정도로 취업난, 치솟는 부동산 가격 등 여러 사회·경제적 요인들로 청년층을 위축시켰습니다.\n\n 모두가 이러한 이유로 '결혼을 포기'하는 것만은 아닙니다. 개인의 행복을 위해 '비혼을 선택'하는 청년들도 늘고 있습니다. 이처럼 최근 전통적인 가치관에서 벗어나 연애와 동거는 하면서 결혼이라는 제도에 묶여 관계에서 파생되는 책임을 벗어나 자유로운 삶을 추구하는 비혼주의자가 늘고 있습니다.\n\n 다만, 개인의 자유로운 선택에 따라 비혼주의를 하지만 주변에서는 아직 고운 시선으로 바라보지 않는 사람도 많습니다. 결혼이라는 제도에 대해서 선택이 아닌 필수라고 생각하는 사람들도 많지요. 개개인이 모여 사회가 형성되기 때문에 사회의 가장 작은 단위인 가족을 이루는 것도 사회 구성원으로서의 큰 역할이라고 생각하는 사람들도 있습니다.\n\n 여러분은 결혼을 꼭 해야 한다고 생각하시나요? 아니면 결혼은 선택의 문제라고 생각하시나요? 비혼주의에 대해 찬성하는 입장 반대를 선택하여 자신의 의견을 작성해주세요. 그리고 그렇게 생각한 이유에 대해서 작성해주세요.",
    "essay_type": "찬성반대",
    "essay_level": "2",
    "essay_len": 819,
    "essay_main_subject": "비혼주의자에 대한 본인의 의견"
  }
}