{
  "paragraph": [
    {
      "paragraph_txt": "결혼은 선택의 문제이다.#@문장구분# 결혼을 강요하는 기성세대의 목소리나 사회 분위기들은 개선되어야 한다.#@문장구분# 즉 나는 비혼주의자들에 대해 찬성한다.#@문장구분# 그 이유는 크게 세 가지가 있다.#@문장구분# 첫 번째로 21세기 시대에서 가족의 중요성은 약화하고 있다.#@문장구분# 가족 외의 맺을 수 있는 인간관계의 범위가 넓어진 것은 물론이다.#@문장구분# 특히 나의 친구들에게 물어봤을 때 3명 중 1명은 비혼주의를 찬성했는데, 가족과의 갈등을 경험했거나, 경험하고 싶지 않다는 이유가 많았다.#@문장구분# 두 번째 이유는 우리 사회의 구조가 많이 달라졌다.#@문장구분# 과거에는 농사를 위해 가족 구성원의 수가 많은 것이 유리하고 좋았지만, 현재는 그렇지 않다.#@문장구분#사회에서 개인의 역할도 변화했고 개인에게는 과거에 비해 수많은 선택지가 주어져 있다.#@문장구분# 누군가에겐 삶의 목표가 결혼이 아니고 가치관과 가치 판단의 문제에서 결혼이 우선이 아닐 수 있음을 존중해야 한다고 생각한다.#@문장구분# 마지막 세 번째 이유는 과학적으로 사람들이 이성을 찾는 기능과 연애를 원하는 기능이 현대 사회로 올수록 퇴화하고 있다고 한다.#@문장구분# 개인이 일에 바쁘고, 경제생활에 급급하고 다른 수만 가지의 이유로 연애를 할 수 없기에 연애를 미루고 결혼을 미루는 것이다.#@문장구분# 이는 사회의 구조적 본질적 문제라고 생각한다.#@문장구분# 사회에서 부의 재분배 정책 및 청년 지원 정책 결혼 지원 정책 등을 효과적으로 핀다면 결혼이 많은 사람이 불가능한 것이라고 느끼지 않고 고민 가능한 선택지로 변화할 것이다.#@문장구분# 결혼은 선택임을 많은 사람이 명심했으면 좋겠다.#@문장구분# 결혼하지 않는 사람을 개인주의적이라고 모함하고 험담하는 것은 더더욱 멈춰야 한다고 생각한다.#@문장구분# 그래서 나의 생각은 비혼주의에 대해 찬성한다이다.#@문장구분#",
      "paragraph_len": 1171,
      "paragraph_id": "001"
    }
  ],
  "score": {
    "paragraph_score": [
      {
        "paragraph_scoreT": [
          3,
          3,
          3
        ],
        "paragraph_scoreT_detail": {
          "paragraph_scoreT_exp": [
            [
              3,
              3,
              3
            ],
            [
              3,
              3,
              3
            ],
            [
              3,
              3,
              3
            ]
          ]
        },
        "paragraph_scoreT_avg": 3,
        "paragraph_id": "001"
      }
    ],
    "essay_scoreT": [
      30,
      30,
      30
    ],
    "essay_scoreT_avg": 30,
    "essay_scoreT_detail": {
      "essay_scoreT_org": [
        [
          3,
          0,
          3,
          3
        ],
        [
          3,
          0,
          3,
          3
        ],
        [
          3,
          0,
          3,
          3
        ]
      ],
      "essay_scoreT_cont": [
        [
          3,
          3,
          3,
          3
        ],
        [
          3,
          3,
          3,
          3
        ],
        [
          3,
          3,
          3,
          3
        ]
      ],
      "essay_scoreT_exp": [
        [
          3,
          3,
          3
        ],
        [
          3,
          3,
          3
        ],
        [
          3,
          3,
          3
        ]
      ]
    }
  },
  "student": {
    "date": "2021.11.26",
    "student_educated": true,
    "student_grade": "고등_1학년",
    "location": "041",
    "student_grade_group": "고등",
    "student_reading": 2
  },
  "rubric": {
    "essay_grade": "고등_1학년",
    "organization_weight": {
      "org_paragraph": 0,
      "org": 3,
      "org_essay": 6,
      "org_coherence": 3,
      "org_quantity": 1
    },
    "essay_type": "찬성반대",
    "content_weight": {
      "con_clearance": 3,
      "con_novelty": 3,
      "con": 4,
      "con_prompt": 1,
      "con_description": 3
    },
    "essay_main_subject": "비혼주의자에 대한 본인의 의견",
    "expression_weight": {
      "exp_style": 4,
      "exp_grammar": 2,
      "exp_vocab": 4,
      "exp": 3
    }
  },
  "correction": [],
  "info": {
    "essay_id": "ESSAY_51849",
    "essay_prompt": " \"\"연애는 필수, 결혼은 선택! 가슴이 뛰는 대로 가면 돼\"\".\n\n 유명한 유행가의 노래 가사처럼, 청년들에게 결혼은 이제 필수가 아닌 하나의 선택 사항입니다. 연애, 결혼, 출산을 포기한다는 의미의 '3포세대'라는 말이 나오기 무섭게 5포 세대, N포세대까지 등장할 정도로 취업난, 치솟는 부동산 가격 등 여러 사회·경제적 요인들로 청년층을 위축시켰습니다.\n\n 모두가 이러한 이유로 '결혼을 포기'하는 것만은 아닙니다. 개인의 행복을 위해 '비혼을 선택'하는 청년들도 늘고 있습니다. 이처럼 최근 전통적인 가치관에서 벗어나 연애와 동거는 하면서 결혼이라는 제도에 묶여 관계에서 파생되는 책임을 벗어나 자유로운 삶을 추구하는 비혼주의자가 늘고 있습니다.\n\n 다만, 개인의 자유로운 선택에 따라 비혼주의를 하지만 주변에서는 아직 고운 시선으로 바라보지 않는 사람도 많습니다. 결혼이라는 제도에 대해서 선택이 아닌 필수라고 생각하는 사람들도 많지요. 개개인이 모여 사회가 형성되기 때문에 사회의 가장 작은 단위인 가족을 이루는 것도 사회 구성원으로서의 큰 역할이라고 생각하는 사람들도 있습니다.\n\n 여러분은 결혼을 꼭 해야 한다고 생각하시나요? 아니면 결혼은 선택의 문제라고 생각하시나요? 비혼주의에 대해 찬성하는 입장 반대를 선택하여 자신의 의견을 작성해주세요. 그리고 그렇게 생각한 이유에 대해서 작성해주세요.",
    "essay_type": "찬성반대",
    "essay_level": "2",
    "essay_len": 812,
    "essay_main_subject": "비혼주의자에 대한 본인의 의견"
  }
}