{
  "paragraph": [
    {
      "paragraph_txt": "비혼 주의에 대해서 찬성합니다. 결혼이라는 제도가 현대인들에게 꼭 필요한 제도인지 잘 모르겠습니다.#@문장구분#\n \n신혼부부 혜택 말고는 딱히 없다는 생각입니다.#@문장구분# 물론 결혼이 나쁘다는 건 아닙니다.#@문장구분# ",
      "paragraph_len": 164,
      "paragraph_id": "001"
    },
    {
      "paragraph_txt": "개인의 선택이고 그 선택이 비혼 주의라면 찬성이라는 것입니다.#@문장구분# 결혼이 아니어도 가정을 이루는 다양한 형태들이 있습니다.#@문장구분# 저의 경험으로는 주변 결혼을 했던 사람들이 행복하게 사는 모습을 못 봤기 때문에 결혼생활에 대한 부정적인 인식들이 자연스럽게 자리 잡은 부분도 있습니다.#@문장구분# 비혼 주의자가 늘었다는 것에는 분명 그에 따른 원인이 있습니다.#@문장구분# 2020년 통계청 사회조사에 따르면 13세 이상 인구 중 결혼을 해야 한다고 생각하는 사람은 51.2%로, 10년 전인 2010년 64.7%에 비해 수치가 13.5%만큼 감소했습니다.#@문장구분# ",
      "paragraph_len": 392,
      "paragraph_id": "002"
    },
    {
      "paragraph_txt": "국민의 절반은 결혼이 필수라고 생각하지 않는다는 것입니다.#@문장구분# 일단 결혼을 하게 되면 내가 원하는 대로 살기가 어렵습니다.#@문장구분# 친정, 시댁, 자녀, 남편, 아내, 모든 부분을 고려한 뒤에 나의 것을 할 수 있다는 것 자체가 일상의 피로도가 높아집니다.#@문장구분# 또한 결혼을 하면 드는 비용들이 요즘 청년들이 감당하기 어려운 수준으로 높습니다.#@문장구분# 경제가 어렵고, 취업하거나 일을 시작 후 자리 잡는 시간이 예전보다 평균 나이가 더 높기 때문에 현실적인 문제로 부딪히는 벽이 너무 커서 비혼 주의를 선언하는 사람들도 많습니다.#@문장구분#\n \n결혼을 꼭 해야 한다!라고 개인에게 강요할 수 없습니다.#@문장구분# 그래서 저는 결혼은 선택으로 자신의 행복을 위해서 하고 말고를 정하는 것이 맞다고 생각합니다.#@문장구분#",
      "paragraph_len": 509,
      "paragraph_id": "003"
    }
  ],
  "score": {
    "paragraph_score": [
      {
        "paragraph_scoreT": [
          3,
          3,
          3
        ],
        "paragraph_scoreT_detail": {
          "paragraph_scoreT_exp": [
            [
              3,
              3,
              3
            ],
            [
              3,
              3,
              3
            ],
            [
              3,
              3,
              3
            ]
          ]
        },
        "paragraph_scoreT_avg": 3,
        "paragraph_id": "001"
      },
      {
        "paragraph_scoreT": [
          3,
          3,
          3
        ],
        "paragraph_scoreT_detail": {
          "paragraph_scoreT_exp": [
            [
              3,
              3,
              3
            ],
            [
              3,
              3,
              3
            ],
            [
              3,
              3,
              3
            ]
          ]
        },
        "paragraph_scoreT_avg": 3,
        "paragraph_id": "002"
      },
      {
        "paragraph_scoreT": [
          3,
          3,
          3
        ],
        "paragraph_scoreT_detail": {
          "paragraph_scoreT_exp": [
            [
              3,
              3,
              3
            ],
            [
              3,
              3,
              3
            ],
            [
              3,
              3,
              3
            ]
          ]
        },
        "paragraph_scoreT_avg": 3,
        "paragraph_id": "003"
      }
    ],
    "essay_scoreT": [
      27.6,
      30,
      29.1
    ],
    "essay_scoreT_avg": 28.9,
    "essay_scoreT_detail": {
      "essay_scoreT_org": [
        [
          3,
          0,
          3,
          3
        ],
        [
          3,
          0,
          3,
          3
        ],
        [
          3,
          0,
          2,
          3
        ]
      ],
      "essay_scoreT_cont": [
        [
          2,
          2,
          3,
          3
        ],
        [
          3,
          3,
          3,
          3
        ],
        [
          3,
          3,
          3,
          3
        ]
      ],
      "essay_scoreT_exp": [
        [
          3,
          3,
          3
        ],
        [
          3,
          3,
          3
        ],
        [
          3,
          3,
          3
        ]
      ]
    }
  },
  "student": {
    "date": "2021.09.07",
    "student_educated": true,
    "student_grade": "고등_1학년",
    "location": "02",
    "student_grade_group": "고등",
    "student_reading": 2
  },
  "rubric": {
    "essay_grade": "고등_1학년",
    "organization_weight": {
      "org_paragraph": 0,
      "org": 3,
      "org_essay": 6,
      "org_coherence": 3,
      "org_quantity": 1
    },
    "essay_type": "찬성반대",
    "content_weight": {
      "con_clearance": 3,
      "con_novelty": 3,
      "con": 4,
      "con_prompt": 1,
      "con_description": 3
    },
    "essay_main_subject": "비혼주의자에 대한 본인의 의견",
    "expression_weight": {
      "exp_style": 4,
      "exp_grammar": 2,
      "exp_vocab": 4,
      "exp": 3
    }
  },
  "correction": [],
  "info": {
    "essay_id": "ESSAY_35614",
    "essay_prompt": " \"\"연애는 필수, 결혼은 선택! 가슴이 뛰는 대로 가면 돼\"\".\n\n 유명한 유행가의 노래 가사처럼, 청년들에게 결혼은 이제 필수가 아닌 하나의 선택 사항입니다. 연애, 결혼, 출산을 포기한다는 의미의 '3포세대'라는 말이 나오기 무섭게 5포 세대, N포세대까지 등장할 정도로 취업난, 치솟는 부동산 가격 등 여러 사회·경제적 요인들로 청년층을 위축시켰습니다.\n\n 모두가 이러한 이유로 '결혼을 포기'하는 것만은 아닙니다. 개인의 행복을 위해 '비혼을 선택'하는 청년들도 늘고 있습니다. 이처럼 최근 전통적인 가치관에서 벗어나 연애와 동거는 하면서 결혼이라는 제도에 묶여 관계에서 파생되는 책임을 벗어나 자유로운 삶을 추구하는 비혼주의자가 늘고 있습니다.\n\n 다만, 개인의 자유로운 선택에 따라 비혼주의를 하지만 주변에서는 아직 고운 시선으로 바라보지 않는 사람도 많습니다. 결혼이라는 제도에 대해서 선택이 아닌 필수라고 생각하는 사람들도 많지요. 개개인이 모여 사회가 형성되기 때문에 사회의 가장 작은 단위인 가족을 이루는 것도 사회 구성원으로서의 큰 역할이라고 생각하는 사람들도 있습니다.\n\n 여러분은 결혼을 꼭 해야 한다고 생각하시나요? 아니면 결혼은 선택의 문제라고 생각하시나요? 비혼주의에 대해 찬성하는 입장 반대를 선택하여 자신의 의견을 작성해주세요. 그리고 그렇게 생각한 이유에 대해서 작성해주세요.",
    "essay_type": "찬성반대",
    "essay_level": "2",
    "essay_len": 770,
    "essay_main_subject": "비혼주의자에 대한 본인의 의견"
  }
}