{
  "paragraph": [
    {
      "paragraph_txt": "저는 비혼주의에 찬성하는 입장입니다. #@문장구분#과거에는 농사를 위해 가족 구성원의 수가 많은 것이 유리하고 좋았지만, 현재는 그렇지 않습니다.#@문장구분# 남자들은 자신이 가장으로서 경제적으로 받혀줘야한다는 부담감 때문에 결혼을 피하고 여자들은 돈을 벌어오면서 육아에도 신경써야하는 부담이나 시댁과의 껄끄러운 관계를 피하고 싶어 지금의 비혼주의가 생긴것이라 생각 합니다.#@문장구분# 결혼하여 집 값을 마련하고 자식을 낳는 경우에는 아이 양육비까지 겹쳐 결혼을 하지 않았을때보다 오히려 쪼들리며 사는 삶은 결혼하지 않을때의 삶보다 너무나도 힘들지 모릅니다.#@문장구분# 결혼이라는 것 자체가 인생에 아주 큰 영향을 주고 인생의 패망을 줄지 성공을 줄지는 아무도 모르는 상황에서 현재 내 삶에 매우 만족하고 있는 상태에서 굳이 도박을 해야하는가?라는 고민을 하게 될 것 입니다.#@문장구분# 결혼자체가 \"나답게 살 수 있는 환경\"이 줄어들고 결혼 후 좋든 안 좋든 결국 같이 살아야할 동거인이 생기는 것인데 결혼 후 관계가 약화 된다면 그 자체가 자신에겐 매우 큰 스트레스며 더 나아가 육아에 대한 경제적인 부담 등이 생긴다는 점에서 비혼주의에 찬성하는 입장입니다.#@문장구분# 지금 시대는 혼자 살아도 생활에 불편함이 없는 환경이나 주변 요인들이 많습니다.#@문장구분# 결혼을 하여 얻을 수 있는 장점은 충분히 대체가 가능해지고 있는 상황이며, 결혼을 안하고 느끼는 외로움을 반려동물과 함께 살면서 해소하는 사람들이 많아지고 있습니다. #@문장구분# 그리고 현재는 금전적인 문제로 인해 결혼을 포기하거나 아니면 늦게 하는 사람들이 많아 지고 있습니다.#@문장구분# 이것은 꼭 비혼주의여서가 아니라 어쩔수 없이 비혼을 선택하게 하는 것일지도 모릅니다.#@문장구분# 세상이 변함에 따라 이에 맞게 사람들이 적응하는 것이라고 생각하면 더 좋을것 같습니다.#@문장구분#",
      "paragraph_len": 1075,
      "paragraph_id": "001"
    }
  ],
  "score": {
    "paragraph_score": [
      {
        "paragraph_scoreT": [
          3,
          2.8,
          2.8
        ],
        "paragraph_scoreT_detail": {
          "paragraph_scoreT_exp": [
            [
              3,
              3,
              3
            ],
            [
              2,
              3,
              3
            ],
            [
              2,
              3,
              3
            ]
          ]
        },
        "paragraph_scoreT_avg": 2.8666668,
        "paragraph_id": "001"
      }
    ],
    "essay_scoreT": [
      30,
      27.3,
      29.4
    ],
    "essay_scoreT_avg": 28.9,
    "essay_scoreT_detail": {
      "essay_scoreT_org": [
        [
          3,
          0,
          3,
          3
        ],
        [
          3,
          0,
          2,
          3
        ],
        [
          3,
          0,
          3,
          3
        ]
      ],
      "essay_scoreT_cont": [
        [
          3,
          3,
          3,
          3
        ],
        [
          3,
          2,
          3,
          3
        ],
        [
          3,
          3,
          3,
          3
        ]
      ],
      "essay_scoreT_exp": [
        [
          3,
          3,
          3
        ],
        [
          2,
          3,
          3
        ],
        [
          2,
          3,
          3
        ]
      ]
    }
  },
  "student": {
    "date": "2021.12.15",
    "student_educated": true,
    "student_grade": "고등_1학년",
    "location": "063",
    "student_grade_group": "고등",
    "student_reading": 1
  },
  "rubric": {
    "essay_grade": "고등_1학년",
    "organization_weight": {
      "org_paragraph": 0,
      "org": 3,
      "org_essay": 6,
      "org_coherence": 3,
      "org_quantity": 1
    },
    "essay_type": "찬성반대",
    "content_weight": {
      "con_clearance": 3,
      "con_novelty": 3,
      "con": 4,
      "con_prompt": 1,
      "con_description": 3
    },
    "essay_main_subject": "비혼주의자에 대한 본인의 의견",
    "expression_weight": {
      "exp_style": 4,
      "exp_grammar": 2,
      "exp_vocab": 4,
      "exp": 3
    }
  },
  "correction": [],
  "info": {
    "essay_id": "ESSAY_71943",
    "essay_prompt": " \"\"연애는 필수, 결혼은 선택! 가슴이 뛰는 대로 가면 돼\"\".\n\n 유명한 유행가의 노래 가사처럼, 청년들에게 결혼은 이제 필수가 아닌 하나의 선택 사항입니다. 연애, 결혼, 출산을 포기한다는 의미의 '3포세대'라는 말이 나오기 무섭게 5포 세대, N포세대까지 등장할 정도로 취업난, 치솟는 부동산 가격 등 여러 사회·경제적 요인들로 청년층을 위축시켰습니다.\n\n 모두가 이러한 이유로 '결혼을 포기'하는 것만은 아닙니다. 개인의 행복을 위해 '비혼을 선택'하는 청년들도 늘고 있습니다. 이처럼 최근 전통적인 가치관에서 벗어나 연애와 동거는 하면서 결혼이라는 제도에 묶여 관계에서 파생되는 책임을 벗어나 자유로운 삶을 추구하는 비혼주의자가 늘고 있습니다.\n\n 다만, 개인의 자유로운 선택에 따라 비혼주의를 하지만 주변에서는 아직 고운 시선으로 바라보지 않는 사람도 많습니다. 결혼이라는 제도에 대해서 선택이 아닌 필수라고 생각하는 사람들도 많지요. 개개인이 모여 사회가 형성되기 때문에 사회의 가장 작은 단위인 가족을 이루는 것도 사회 구성원으로서의 큰 역할이라고 생각하는 사람들도 있습니다.\n\n 여러분은 결혼을 꼭 해야 한다고 생각하시나요? 아니면 결혼은 선택의 문제라고 생각하시나요? 비혼주의에 대해 찬성하는 입장 반대를 선택하여 자신의 의견을 작성해주세요. 그리고 그렇게 생각한 이유에 대해서 작성해주세요.",
    "essay_type": "찬성반대",
    "essay_level": "2",
    "essay_len": 855,
    "essay_main_subject": "비혼주의자에 대한 본인의 의견"
  }
}