{
  "paragraph": [
    {
      "paragraph_txt": "저는 뉴스나 SNS를 통해 비혼주의를 선언하는 연예인을 보았습니다.#@문장구분# 이를 통해 비혼주의가 무엇인지 관심을 가지기 시작했고 비혼주의에 대해 알아보던 중 비혼주의를 선언한 연예인이 꽤 있다는 것을 알게 되었습니다.#@문장구분# 그리고 주변 사람들 혹은 친구들 중에서도 비혼을 하겠다는 사람들도 있었습니다.#@문장구분# 저는 비혼을 하겠다고 하는 사람들이 한편으로는 이해가 되지 않았고 비혼에 따른 문제점을 알려주고 싶었습니다.#@문장구분# 비혼주의를 반대하는 이유 중 첫 번째는 출산율 감소입니다.#@문장구분# 결혼을 하지 않으면 자녀도 낳지 않겠다는 것으로도 이어지기 때문입니다.#@문장구분# 현재 우리나라는 출산율이 점점 감소하고 있으나, 이러한 출산율 감소에 따라 미래를 발전시킬 자손이 없으며, 발생하는 현실적인 돈 같은 다양한 문제들이 있습니다.#@문장구분# 먼저, 초등학교 학생 감소가 일어나고 있습니다.#@문장구분# 초등학생들이 점점 감소하면서 폐교되는 학교들이 늘어나고 학생 수보다 선생님 수가 많은 현상이 발생하기 때문입니다.#@문장구분# 다음으로 고령화가 더 심화되는 중입니다.#@문장구분# 현재 출산율은 감소하지만 은퇴하는 사람들의 비중은 늘어나고 있기 때문입니다.#@문장구분# 통계청에 따르면 베이비붐 세대에 해당하는  초고령 사회로 진입할 것이라고 예상하고 있다고 생각합니다.#@문장구분# 이에 따라 노인은 증가하지만 이를 부양할 경제활동을 하는 사람들이 감소하고 있어 힘들게 생계를 유지하는 노인들이 증가할 것입니다.#@문장구분# 또한, 저출산이 지속되면 경제활동인구가 감소하여 국가의 성장 잠재력이 감소하게 될 것이며, 저는 현실적인 문제 돈에 대해 다양한 도움을 줄 수 있는 제도를 도입하면 좋을 것 같다고 생각합니다.#@문장구분#",
      "paragraph_len": 1060,
      "paragraph_id": "001"
    }
  ],
  "score": {
    "paragraph_score": [
      {
        "paragraph_scoreT": [
          3,
          3,
          2.6
        ],
        "paragraph_scoreT_detail": {
          "paragraph_scoreT_exp": [
            [
              3,
              3,
              3
            ],
            [
              3,
              3,
              3
            ],
            [
              3,
              3,
              2
            ]
          ]
        },
        "paragraph_scoreT_avg": 2.8666668,
        "paragraph_id": "001"
      }
    ],
    "essay_scoreT": [
      30,
      26.7,
      26.3
    ],
    "essay_scoreT_avg": 27.666666,
    "essay_scoreT_detail": {
      "essay_scoreT_org": [
        [
          3,
          0,
          3,
          3
        ],
        [
          2,
          0,
          3,
          2
        ],
        [
          3,
          0,
          2,
          3
        ]
      ],
      "essay_scoreT_cont": [
        [
          3,
          3,
          3,
          3
        ],
        [
          3,
          2,
          3,
          3
        ],
        [
          3,
          3,
          2,
          2
        ]
      ],
      "essay_scoreT_exp": [
        [
          3,
          3,
          3
        ],
        [
          3,
          3,
          3
        ],
        [
          3,
          3,
          2
        ]
      ]
    }
  },
  "student": {
    "date": "2021.12.20",
    "student_educated": true,
    "student_grade": "고등_1학년",
    "location": "044",
    "student_grade_group": "고등",
    "student_reading": 2
  },
  "rubric": {
    "essay_grade": "고등_1학년",
    "organization_weight": {
      "org_paragraph": 0,
      "org": 3,
      "org_essay": 6,
      "org_coherence": 3,
      "org_quantity": 1
    },
    "essay_type": "찬성반대",
    "content_weight": {
      "con_clearance": 3,
      "con_novelty": 3,
      "con": 4,
      "con_prompt": 1,
      "con_description": 3
    },
    "essay_main_subject": "비혼주의자에 대한 본인의 의견",
    "expression_weight": {
      "exp_style": 4,
      "exp_grammar": 2,
      "exp_vocab": 4,
      "exp": 3
    }
  },
  "correction": [],
  "info": {
    "essay_id": "ESSAY_71309",
    "essay_prompt": " \"\"연애는 필수, 결혼은 선택! 가슴이 뛰는 대로 가면 돼\"\".\n\n 유명한 유행가의 노래 가사처럼, 청년들에게 결혼은 이제 필수가 아닌 하나의 선택 사항입니다. 연애, 결혼, 출산을 포기한다는 의미의 '3포세대'라는 말이 나오기 무섭게 5포 세대, N포세대까지 등장할 정도로 취업난, 치솟는 부동산 가격 등 여러 사회·경제적 요인들로 청년층을 위축시켰습니다.\n\n 모두가 이러한 이유로 '결혼을 포기'하는 것만은 아닙니다. 개인의 행복을 위해 '비혼을 선택'하는 청년들도 늘고 있습니다. 이처럼 최근 전통적인 가치관에서 벗어나 연애와 동거는 하면서 결혼이라는 제도에 묶여 관계에서 파생되는 책임을 벗어나 자유로운 삶을 추구하는 비혼주의자가 늘고 있습니다.\n\n 다만, 개인의 자유로운 선택에 따라 비혼주의를 하지만 주변에서는 아직 고운 시선으로 바라보지 않는 사람도 많습니다. 결혼이라는 제도에 대해서 선택이 아닌 필수라고 생각하는 사람들도 많지요. 개개인이 모여 사회가 형성되기 때문에 사회의 가장 작은 단위인 가족을 이루는 것도 사회 구성원으로서의 큰 역할이라고 생각하는 사람들도 있습니다.\n\n 여러분은 결혼을 꼭 해야 한다고 생각하시나요? 아니면 결혼은 선택의 문제라고 생각하시나요? 비혼주의에 대해 찬성하는 입장 반대를 선택하여 자신의 의견을 작성해주세요. 그리고 그렇게 생각한 이유에 대해서 작성해주세요.",
    "essay_type": "찬성반대",
    "essay_level": "2",
    "essay_len": 780,
    "essay_main_subject": "비혼주의자에 대한 본인의 의견"
  }
}