{
  "paragraph": [
    {
      "paragraph_txt": "저는 비혼주의를 반대하는 입장입니다.#@문장구분# 현재 우리 사회에서 노인문제로 대두되는 가장 큰 이슈가 무엇인지 한번 생각해 보시십시오.#@문장구분#뉴스에 간간이 나오는 노인 독거사, 독거노인의 요양문제 등의 노인문제가 큰 이슈가 되고 갈수록 발전하는 의학과 과학으로 인해 사람들의 생명연장이 이루어지면서 노인문제는 더 큰 사회문제가 되어 갈 것입니다.#@문장구분# 현재 노인문제를 살펴보면 자식이 있는데도 보살핌을 받지 못해 독거노인이 되는 경우도 나타나고 있습니다. #@문장구분#그런데 비혼주의를 고집하는 사람들은 나이가 들어 보살핌을 받아야 할 시기에 자신을 보호해줄 보호자역활을 할 가족이 있을까요?#@문장구분# 그럼 그들은 도대체 누가 보살피며 그들의 수발은 누가 들어야 할까요?#@문장구분# 이 모든 것이 국가가 도맡기에는 아직 우리 나라의 복지현실이나 경제적 상황이 긍적적이지 않다는 것은 누구나 알수 있는 상황입니다.#@문장구분# 지금도 기본소득이니 재난 지원금이나 돈을 지급하기 때문에 세금을 많이 걷어서 힘들다고 호소를 하는 상황입니다.#@문장구분# 그런데 고령화시대에 노인들이 대폭 급증하고 비혼주의자들의 증가로 출산률은 바닥이면 우리 후손들은 자신의 부모가 아닌 자신의 인생을 제대로 즐기다 늙은 이기적인 노인들을 복지를 위해 많은 세금을 내야 한다고 생각하니 저는 한숨만 나오고 그렇게 이기적인 행동은 하면 않된다고 생각합니다.#@문장구분# 손하나 까딱하지 않고 주는 혜택만 받으며 본인들이 젊은 시절 저축해 놓은 연금들도 본인들의 노후를 위해 사용할 것인데 그럼 우리 후손들은 어떤 인생을 살라는 말입니까?#@문장구분# 가정에서 돌보지 못하는 노인들을 국가가 돌봐주는 지금의 시스템에서도 노인복지는 완벽하지 않습니다.#@문장구분# 노인들이 경제적 빈곤으로 자살까지 한다는 판국에 비혼을 주장하며 본인의 인생에 저축은 커녕 해외여행과 즐길거리만 찾아다니는 사람들을 정부에서 도와주면 않될 것입니다.#@문장구분# 이런 후세에 사회적 큰 문제가 발생하기 때문에 정부에서 결혼장려, 출산장려 정책을 홍보하고 권장하는 것입니다.#@문장구분# 우리라도 정신 차리고 가정을 이루어 행복한 대한민국을 만들어야 합니다.#@문장구분#",
      "paragraph_len": 1269,
      "paragraph_id": "001"
    }
  ],
  "score": {
    "paragraph_score": [
      {
        "paragraph_scoreT": [
          2.8,
          3,
          2.6
        ],
        "paragraph_scoreT_detail": {
          "paragraph_scoreT_exp": [
            [
              2,
              3,
              3
            ],
            [
              3,
              3,
              3
            ],
            [
              3,
              2,
              3
            ]
          ]
        },
        "paragraph_scoreT_avg": 2.8,
        "paragraph_id": "001"
      }
    ],
    "essay_scoreT": [
      28.2,
      28.2,
      23.3
    ],
    "essay_scoreT_avg": 26.566666,
    "essay_scoreT_detail": {
      "essay_scoreT_org": [
        [
          3,
          0,
          3,
          3
        ],
        [
          2,
          0,
          3,
          3
        ],
        [
          2,
          0,
          2,
          3
        ]
      ],
      "essay_scoreT_cont": [
        [
          3,
          2,
          3,
          3
        ],
        [
          3,
          3,
          3,
          3
        ],
        [
          2,
          2,
          2,
          3
        ]
      ],
      "essay_scoreT_exp": [
        [
          2,
          3,
          3
        ],
        [
          3,
          3,
          3
        ],
        [
          3,
          2,
          3
        ]
      ]
    }
  },
  "student": {
    "date": "2021.12.03",
    "student_educated": true,
    "student_grade": "고등_1학년",
    "location": "063",
    "student_grade_group": "고등",
    "student_reading": 2
  },
  "rubric": {
    "essay_grade": "고등_1학년",
    "organization_weight": {
      "org_paragraph": 0,
      "org": 3,
      "org_essay": 6,
      "org_coherence": 3,
      "org_quantity": 1
    },
    "essay_type": "찬성반대",
    "content_weight": {
      "con_clearance": 3,
      "con_novelty": 3,
      "con": 4,
      "con_prompt": 1,
      "con_description": 3
    },
    "essay_main_subject": "비혼주의자에 대한 본인의 의견",
    "expression_weight": {
      "exp_style": 4,
      "exp_grammar": 2,
      "exp_vocab": 4,
      "exp": 3
    }
  },
  "correction": [],
  "info": {
    "essay_id": "ESSAY_53640",
    "essay_prompt": " \"\"연애는 필수, 결혼은 선택! 가슴이 뛰는 대로 가면 돼\"\".\n\n 유명한 유행가의 노래 가사처럼, 청년들에게 결혼은 이제 필수가 아닌 하나의 선택 사항입니다. 연애, 결혼, 출산을 포기한다는 의미의 '3포세대'라는 말이 나오기 무섭게 5포 세대, N포세대까지 등장할 정도로 취업난, 치솟는 부동산 가격 등 여러 사회·경제적 요인들로 청년층을 위축시켰습니다.\n\n 모두가 이러한 이유로 '결혼을 포기'하는 것만은 아닙니다. 개인의 행복을 위해 '비혼을 선택'하는 청년들도 늘고 있습니다. 이처럼 최근 전통적인 가치관에서 벗어나 연애와 동거는 하면서 결혼이라는 제도에 묶여 관계에서 파생되는 책임을 벗어나 자유로운 삶을 추구하는 비혼주의자가 늘고 있습니다.\n\n 다만, 개인의 자유로운 선택에 따라 비혼주의를 하지만 주변에서는 아직 고운 시선으로 바라보지 않는 사람도 많습니다. 결혼이라는 제도에 대해서 선택이 아닌 필수라고 생각하는 사람들도 많지요. 개개인이 모여 사회가 형성되기 때문에 사회의 가장 작은 단위인 가족을 이루는 것도 사회 구성원으로서의 큰 역할이라고 생각하는 사람들도 있습니다.\n\n 여러분은 결혼을 꼭 해야 한다고 생각하시나요? 아니면 결혼은 선택의 문제라고 생각하시나요? 비혼주의에 대해 찬성하는 입장 반대를 선택하여 자신의 의견을 작성해주세요. 그리고 그렇게 생각한 이유에 대해서 작성해주세요.",
    "essay_type": "찬성반대",
    "essay_level": "2",
    "essay_len": 990,
    "essay_main_subject": "비혼주의자에 대한 본인의 의견"
  }
}