{
  "paragraph": [
    {
      "paragraph_txt": "나는 비혼주의를 반대한다.#@문장구분# 요즘 안그래도 출산율이 낮아서 난리인데 결혼을 아예 하지 말자는 사회분위기가 조성된다는 것 자체가 문제가 있다고 본다.#@문장구분# 나는 젊은 세대들이 비혼주의를 고수하고 따라가려 하는 것에는 티브이 프로그램 영향도 크다고 생각된다.#@문장구분# 대표적으로 혼자사는 연예인들의 일상을 보여주는 '나혼자산다'라는 프로그램이 큰 인기를 끌면서 사람들은 모두 나도 혼자살면 저런 연예인들처럼 멋지게 자유를 누리며 살 수 있을 것이라고 생각되어지기 때문이다.#@문장구분# 하지만 실상은 그렇지 않은 것이 더 많다.#@문장구분# 우리는 돈잘버는 연예인이 아니기 때문이다.#@문장구분# 티브이 화면에 나오는 멋드러진 아파트는 꿈꿔볼 수도 없고 그렇게 중간 중간 여행을 다니거나 멋들어지게 사는 것은 정말 티브이 속에서나 나오는 것이다.#@문장구분# 현실속에서 나혼자 산다는 것은 생각보다 힘들 것이다.#@문장구분# 인간은 본래 약하게 태어났고 그래서 사회적 동물이다.#@문장구분# 그래서 인간은 혼자서 살수 없고 여럿이 모여서 서로의 부족한 부분을 채워주며 사는 것이기 때문이다.#@문장구분# 그러므로 혼자산다는 것은 그만큼 힘든 것이다.#@문장구분# 지금 내 옆에 있는 부모님들은 언제가는 헤어지게 될것이고 형제자매들도 각자의 가정을 꾸려 독립하게 되어잇다.#@문장구분# 내가 혼자 산다는 것은 장기적으로 형제자매들 또는 늙고 병든 부모에게 빌붙어 사는 것을 의미한다.#@문장구분# 나혼자 어찌 독립적으로 살아갈 수 있다는 말인가.#@문장구분# 물론 몇몇은 혼자서도 잘 살겠지만 나중에 늘고 병들면 결국은 타인의 도움을 받을 수 밖에는 없을 것이다.#@문장구분# 만약 이런 사람들이 많아 진다면 그 부담은 국가에서 책임져야 할 것이며 적은 수의 청년들의 다수의 고령층을 돌보고 책임져야 하는 사회가 될 것이다.#@문장구분# 이는 사회적으로 큰 문제가 될 수 밖에는 없는 것이다.#@문장구분# 장래 이런 문제가 큰 사회문제로 발전하지 않게 하기 위해서라도 비혼주의의 확산은 막아야 할 것이다.#@문장구분#",
      "paragraph_len": 1260,
      "paragraph_id": "001"
    }
  ],
  "score": {
    "paragraph_score": [
      {
        "paragraph_scoreT": [
          2.8,
          2,
          2
        ],
        "paragraph_scoreT_detail": {
          "paragraph_scoreT_exp": [
            [
              2,
              3,
              3
            ],
            [
              2,
              2,
              2
            ],
            [
              2,
              2,
              2
            ]
          ]
        },
        "paragraph_scoreT_avg": 2.2666667,
        "paragraph_id": "001"
      }
    ],
    "essay_scoreT": [
      21,
      20.3,
      21.5
    ],
    "essay_scoreT_avg": 20.933332,
    "essay_scoreT_detail": {
      "essay_scoreT_org": [
        [
          2,
          0,
          3,
          3
        ],
        [
          2,
          0,
          2,
          3
        ],
        [
          2,
          0,
          2,
          3
        ]
      ],
      "essay_scoreT_cont": [
        [
          3,
          1,
          3,
          2
        ],
        [
          2,
          2,
          2,
          2
        ],
        [
          3,
          2,
          2,
          2
        ]
      ],
      "essay_scoreT_exp": [
        [
          1,
          2,
          2
        ],
        [
          2,
          2,
          2
        ],
        [
          2,
          2,
          2
        ]
      ]
    }
  },
  "student": {
    "date": "2021.12.20",
    "student_educated": true,
    "student_grade": "고등_1학년",
    "location": "063",
    "student_grade_group": "고등",
    "student_reading": 2
  },
  "rubric": {
    "essay_grade": "고등_1학년",
    "organization_weight": {
      "org_paragraph": 0,
      "org": 3,
      "org_essay": 6,
      "org_coherence": 3,
      "org_quantity": 1
    },
    "essay_type": "찬성반대",
    "content_weight": {
      "con_clearance": 3,
      "con_novelty": 3,
      "con": 4,
      "con_prompt": 1,
      "con_description": 3
    },
    "essay_main_subject": "비혼주의자에 대한 본인의 의견",
    "expression_weight": {
      "exp_style": 4,
      "exp_grammar": 2,
      "exp_vocab": 4,
      "exp": 3
    }
  },
  "correction": [],
  "info": {
    "essay_id": "ESSAY_76554",
    "essay_prompt": " \"\"연애는 필수, 결혼은 선택! 가슴이 뛰는 대로 가면 돼\"\".\n\n 유명한 유행가의 노래 가사처럼, 청년들에게 결혼은 이제 필수가 아닌 하나의 선택 사항입니다. 연애, 결혼, 출산을 포기한다는 의미의 '3포세대'라는 말이 나오기 무섭게 5포 세대, N포세대까지 등장할 정도로 취업난, 치솟는 부동산 가격 등 여러 사회·경제적 요인들로 청년층을 위축시켰습니다.\n\n 모두가 이러한 이유로 '결혼을 포기'하는 것만은 아닙니다. 개인의 행복을 위해 '비혼을 선택'하는 청년들도 늘고 있습니다. 이처럼 최근 전통적인 가치관에서 벗어나 연애와 동거는 하면서 결혼이라는 제도에 묶여 관계에서 파생되는 책임을 벗어나 자유로운 삶을 추구하는 비혼주의자가 늘고 있습니다.\n\n 다만, 개인의 자유로운 선택에 따라 비혼주의를 하지만 주변에서는 아직 고운 시선으로 바라보지 않는 사람도 많습니다. 결혼이라는 제도에 대해서 선택이 아닌 필수라고 생각하는 사람들도 많지요. 개개인이 모여 사회가 형성되기 때문에 사회의 가장 작은 단위인 가족을 이루는 것도 사회 구성원으로서의 큰 역할이라고 생각하는 사람들도 있습니다.\n\n 여러분은 결혼을 꼭 해야 한다고 생각하시나요? 아니면 결혼은 선택의 문제라고 생각하시나요? 비혼주의에 대해 찬성하는 입장 반대를 선택하여 자신의 의견을 작성해주세요. 그리고 그렇게 생각한 이유에 대해서 작성해주세요.",
    "essay_type": "찬성반대",
    "essay_level": "2",
    "essay_len": 900,
    "essay_main_subject": "비혼주의자에 대한 본인의 의견"
  }
}