{
  "paragraph": [
    {
      "paragraph_txt": "저는 한국에서의 비혼주의를 찬성합니다.#@문장구분# 그 이유는 한국에서 결혼을 하는 것은 과거에는 필수와도 같은 일이라고 저는 생각합니다.#@문장구분# 하지만 요즘 사회에서는 결혼을 하고 아이를 나으면 육아가 굉장히 힘들어진 상황입니다.#@문장구분# 게다가 형편이 부족한데도 굳이 결혼을 하고 아이를 나아서 그 아이를 힘들게 만드는 것 보다는 책임을 못 질거면 아예 낳지를 말라는 의견을 저는 가지고 있습니다.#@문장구분# 게다가 결혼을 한 다음에 이혼도 많이 하는 시대입니다.#@문장구분# 저의 생각은 이것입니다.#@문장구분# 결혼을 하여서 이혼을 전혀 안 할 자신이 있으면 결혼을 하지만 자신이 없다면 하지말라 이 생각을 가지고 있습니다.#@문장구분# 그 이유는 결혼을 하고 아이를 낳았는데 이혼을 하면 그 자식이 굉장히 힘든 처지가 됩니다.#@문장구분# 그러니까 자신이 없으면 자신들의 자식을 힘들게 만들지 말고 서로 사랑을 한다면 동거를 같이 하지만 나중에 서로에게 정이 떨어져버려서 나중에는 해어지고 싶을 수도 있으니까 비혼주의자들을 저는 존중을 하는 편입니다.#@문장구분# 비혼주의를 하는 것이 저는 남들에게 피해가 가는게 없다고 생각을 하고 자신들이 결혼을 안하고 싶다고 하면 저는 제3자가 결혼을 강요하는 것은 굉장히 바르지 못하다고 생각을 합니다.#@문장구분# 그리고 비혼주의이지만 동거를 하는 사람과 굉장히 마음이 잘 맞고 이 사람과 결혼을 하면 절대 이혼을 안 할 자신이 생긴다.#@문장구분# 한다면 그때 결혼을 하는 것도 늦지는 않았을 거라고 생각을 하고 있고 그러기 때문에 저는 비혼주의를 찬성을 하는 입장입니다.#@문장구분# 본인들이 스스로 비혼주의를 선언했는데 관련도 없는 제3자가 반대를 하는 것이 저는 이해를 하지만 옳다고는 생각을 않습니다.#@문장구분# 결혼을 하면 사회에 도움이 될 수도 있지만 저는 오히려 악영향을 끼칠 수도 있다고 생각을 하기 때문에 본인이 능력이 있고 결혼을 하고 싶으면 하는 것이 맞다고 저는 생각합니다.#@문장구분# 그리고 비혼주의를 선언해도 비혼주의를 선언한 사람만 행복하다면 그러면 됬다고 생각을 하고 있고 본인 앞가림은 스스로 하는 것이라 생각하기 때문에 저는 비혼주의를 찬성을 하지만 지지는 하지는 않습니다.#@문장구분# 자신들이 비혼주의를 하고 싶으면 하는 것이고 결혼을 하고싶으면 결혼을 하는 것이고 자신들이 스스로 정해야 한다고 생각합니다.#@문장구분#",
      "paragraph_len": 1397,
      "paragraph_id": "001"
    }
  ],
  "score": {
    "paragraph_score": [
      {
        "paragraph_scoreT": [
          3,
          2.4,
          2.2
        ],
        "paragraph_scoreT_detail": {
          "paragraph_scoreT_exp": [
            [
              3,
              3,
              3
            ],
            [
              2,
              3,
              2
            ],
            [
              3,
              2,
              2
            ]
          ]
        },
        "paragraph_scoreT_avg": 2.5333335,
        "paragraph_id": "001"
      }
    ],
    "essay_scoreT": [
      27.6,
      27.300001,
      25.5
    ],
    "essay_scoreT_avg": 26.800001,
    "essay_scoreT_detail": {
      "essay_scoreT_org": [
        [
          3,
          0,
          3,
          3
        ],
        [
          3,
          0,
          2,
          3
        ],
        [
          3,
          0,
          2,
          3
        ]
      ],
      "essay_scoreT_cont": [
        [
          2,
          2,
          3,
          3
        ],
        [
          3,
          3,
          3,
          3
        ],
        [
          2,
          3,
          3,
          3
        ]
      ],
      "essay_scoreT_exp": [
        [
          3,
          3,
          3
        ],
        [
          2,
          3,
          2
        ],
        [
          3,
          2,
          2
        ]
      ]
    }
  },
  "student": {
    "date": "2021.10.22",
    "student_educated": true,
    "student_grade": "고등_1학년",
    "location": "063",
    "student_grade_group": "고등",
    "student_reading": 1
  },
  "rubric": {
    "essay_grade": "고등_1학년",
    "organization_weight": {
      "org_paragraph": 0,
      "org": 3,
      "org_essay": 6,
      "org_coherence": 3,
      "org_quantity": 1
    },
    "essay_type": "찬성반대",
    "content_weight": {
      "con_clearance": 3,
      "con_novelty": 3,
      "con": 4,
      "con_prompt": 1,
      "con_description": 3
    },
    "essay_main_subject": "비혼주의자에 대한 본인의 의견",
    "expression_weight": {
      "exp_style": 4,
      "exp_grammar": 2,
      "exp_vocab": 4,
      "exp": 3
    }
  },
  "correction": [],
  "info": {
    "essay_id": "ESSAY_44176",
    "essay_prompt": " \"\"연애는 필수, 결혼은 선택! 가슴이 뛰는 대로 가면 돼\"\".\n\n 유명한 유행가의 노래 가사처럼, 청년들에게 결혼은 이제 필수가 아닌 하나의 선택 사항입니다. 연애, 결혼, 출산을 포기한다는 의미의 '3포세대'라는 말이 나오기 무섭게 5포 세대, N포세대까지 등장할 정도로 취업난, 치솟는 부동산 가격 등 여러 사회·경제적 요인들로 청년층을 위축시켰습니다.\n\n 모두가 이러한 이유로 '결혼을 포기'하는 것만은 아닙니다. 개인의 행복을 위해 '비혼을 선택'하는 청년들도 늘고 있습니다. 이처럼 최근 전통적인 가치관에서 벗어나 연애와 동거는 하면서 결혼이라는 제도에 묶여 관계에서 파생되는 책임을 벗어나 자유로운 삶을 추구하는 비혼주의자가 늘고 있습니다.\n\n 다만, 개인의 자유로운 선택에 따라 비혼주의를 하지만 주변에서는 아직 고운 시선으로 바라보지 않는 사람도 많습니다. 결혼이라는 제도에 대해서 선택이 아닌 필수라고 생각하는 사람들도 많지요. 개개인이 모여 사회가 형성되기 때문에 사회의 가장 작은 단위인 가족을 이루는 것도 사회 구성원으로서의 큰 역할이라고 생각하는 사람들도 있습니다.\n\n 여러분은 결혼을 꼭 해야 한다고 생각하시나요? 아니면 결혼은 선택의 문제라고 생각하시나요? 비혼주의에 대해 찬성하는 입장 반대를 선택하여 자신의 의견을 작성해주세요. 그리고 그렇게 생각한 이유에 대해서 작성해주세요.",
    "essay_type": "찬성반대",
    "essay_level": "2",
    "essay_len": 1078,
    "essay_main_subject": "비혼주의자에 대한 본인의 의견"
  }
}