{
  "paragraph": [
    {
      "paragraph_txt": "여러 주제들 가운데 비혼주의자에 대한 의견을 선택하였다.#@문장구분# 비혼주의자에 대하여 나는 찬성한다.#@문장구분# 가장 먼저 드는 생각은 결혼 여부는 자신의 선택이고 , 본인에게 선택권이 있기 때문이다.#@문장구분# 최근에 들어서 연애, 동거, 사랑 은 하지만 결혼은 하고 싶지 않다는 경우가 많이 있다.#@문장구분# 결혼을 한다는 것은 평생을 같이 살아갈 배우자를 만들어야 한다는 것이기 때문에 신중히 결정해야 한다.#@문장구분# 그리고 요즘 시대에는 결혼을 해서 발생하는 문제들도 여럿이 발견 된다.#@문장구분# 결혼에 대한 두려움이 있을 수도 있고, 아직은 결혼에 대한 마음이 없는 사람들도 많이 있을 것이다.#@문장구분# 이런 사람들에게 억지로 결혼을 강요하는 것은 사람들의 인권과 권리를 침해하는 것이다.#@문장구분# 하지만 비혼주의자들을 반대하는 사람이 많이 나타나기도 한다.#@문장구분# 이런 반대하는 사람들은 자신이 결혼을 해야겠다는 생각이 확고한 사람이 많을 것이다.#@문장구분# 사람은 각자 다 다르고 자신의 생각이 있기 때문에 비혼을 생각하는 사람을 존중해주어야 한다고 생각한다.#@문장구분# 그리고 결혼을 해야된다는 파생적인 제도관념을 가지고 있는 사람들은 고정관념을 바꾸어야 된다.#@문장구분# 살아가다 보면 연애를 하는 것과 결혼을 하는 것은 큰 차이가 있다.#@문장구분# 연애와 달리 결혼은 법적으로 등록이 되기 때문에 부담이 되는 것이 사실이다.#@문장구분# 이러한 경우에서 비혼주의자들은 결혼을 해야 겠다고 생각하는 사람들보다 훨씬 더 신중한 면이 있다고 생각이 든다.#@문장구분# 요즘 들어서 결혼을 했다가 이혼을 하는 경우가 많이 늘고 있다.#@문장구분# 서로 좋아서 결혼 했지만 살다보면 맞지 않아서 서로 이혼을 하는 경우가 발생한다.#@문장구분# 이렇게 이혼을 반복하는 것 보다 비혼주의자들 처럼 신중히 생각하고 연애만 하는 것이 나을 때도 있다고 느꼈다.#@문장구분# 당장 주변 사람들만 봐도 그렇다.#@문장구분# 결혼에 대한 생각이 아직 없다는 의견, 비혼이 나을 것 같다는 의견 등 결혼을 필수로 해야겠다고 생각하는 사람은 적었다.#@문장구분# 이렇게 많은 사람들의 의견을 보아도 결혼을 해야된다는 옛날과는 다르게 현재에는 생각이 바뀌고 있다.#@문장구분# 위의 설명처럼 나는 비혼주의자에 대하여 찬성하는 부분이다.#@문장구분#",
      "paragraph_len": 1447,
      "paragraph_id": "001"
    }
  ],
  "score": {
    "paragraph_score": [
      {
        "paragraph_scoreT": [
          3,
          3,
          2.8
        ],
        "paragraph_scoreT_detail": {
          "paragraph_scoreT_exp": [
            [
              3,
              3,
              3
            ],
            [
              3,
              3,
              3
            ],
            [
              2,
              3,
              3
            ]
          ]
        },
        "paragraph_scoreT_avg": 2.9333334,
        "paragraph_id": "001"
      }
    ],
    "essay_scoreT": [
      28.8,
      27.6,
      23.9
    ],
    "essay_scoreT_avg": 26.766668,
    "essay_scoreT_detail": {
      "essay_scoreT_org": [
        [
          3,
          0,
          3,
          3
        ],
        [
          3,
          0,
          3,
          3
        ],
        [
          2,
          0,
          2,
          3
        ]
      ],
      "essay_scoreT_cont": [
        [
          3,
          2,
          3,
          3
        ],
        [
          3,
          2,
          3,
          2
        ],
        [
          3,
          2,
          2,
          3
        ]
      ],
      "essay_scoreT_exp": [
        [
          3,
          3,
          3
        ],
        [
          3,
          3,
          3
        ],
        [
          2,
          2,
          3
        ]
      ]
    }
  },
  "student": {
    "date": "2021.09.13",
    "student_educated": true,
    "student_grade": "고등_1학년",
    "location": "051",
    "student_grade_group": "고등",
    "student_reading": 2
  },
  "rubric": {
    "essay_grade": "고등_1학년",
    "organization_weight": {
      "org_paragraph": 0,
      "org": 3,
      "org_essay": 6,
      "org_coherence": 3,
      "org_quantity": 1
    },
    "essay_type": "찬성반대",
    "content_weight": {
      "con_clearance": 3,
      "con_novelty": 3,
      "con": 4,
      "con_prompt": 1,
      "con_description": 3
    },
    "essay_main_subject": "비혼주의자에 대한 본인의 의견",
    "expression_weight": {
      "exp_style": 4,
      "exp_grammar": 2,
      "exp_vocab": 4,
      "exp": 3
    }
  },
  "correction": [],
  "info": {
    "essay_id": "ESSAY_33777",
    "essay_prompt": " \"\"연애는 필수, 결혼은 선택! 가슴이 뛰는 대로 가면 돼\"\".\n\n 유명한 유행가의 노래 가사처럼, 청년들에게 결혼은 이제 필수가 아닌 하나의 선택 사항입니다. 연애, 결혼, 출산을 포기한다는 의미의 '3포세대'라는 말이 나오기 무섭게 5포 세대, N포세대까지 등장할 정도로 취업난, 치솟는 부동산 가격 등 여러 사회·경제적 요인들로 청년층을 위축시켰습니다.\n\n 모두가 이러한 이유로 '결혼을 포기'하는 것만은 아닙니다. 개인의 행복을 위해 '비혼을 선택'하는 청년들도 늘고 있습니다. 이처럼 최근 전통적인 가치관에서 벗어나 연애와 동거는 하면서 결혼이라는 제도에 묶여 관계에서 파생되는 책임을 벗어나 자유로운 삶을 추구하는 비혼주의자가 늘고 있습니다.\n\n 다만, 개인의 자유로운 선택에 따라 비혼주의를 하지만 주변에서는 아직 고운 시선으로 바라보지 않는 사람도 많습니다. 결혼이라는 제도에 대해서 선택이 아닌 필수라고 생각하는 사람들도 많지요. 개개인이 모여 사회가 형성되기 때문에 사회의 가장 작은 단위인 가족을 이루는 것도 사회 구성원으로서의 큰 역할이라고 생각하는 사람들도 있습니다.\n\n 여러분은 결혼을 꼭 해야 한다고 생각하시나요? 아니면 결혼은 선택의 문제라고 생각하시나요? 비혼주의에 대해 찬성하는 입장 반대를 선택하여 자신의 의견을 작성해주세요. 그리고 그렇게 생각한 이유에 대해서 작성해주세요.",
    "essay_type": "찬성반대",
    "essay_level": "2",
    "essay_len": 1008,
    "essay_main_subject": "비혼주의자에 대한 본인의 의견"
  }
}