{
  "paragraph": [
    {
      "paragraph_txt": "전통적인 가치관에서 벗어나 연애와 동거는 하면서 결혼이라는 제도에 묶여 관계에서 파생되는 책임을 벗어나 자유로운 삶을 추구하는 비혼주의에 대하여 저는 찬성하는 입장입니다.#@문장구분#",
      "paragraph_len": 115,
      "paragraph_id": "001"
    },
    {
      "paragraph_txt": " 왜냐하면 먼저 개인적인 생각이지만, 결혼을 하는 것 보다 비혼인 경우에 더욱 이점이 많다고 생각되기 때문입니다.#@문장구분# 가장 먼저 첫 번째로 최근 사회를 보면 집값도 많이 높아지고 있으며 대부분의 시세가 많이 높아져 있습니다.#@문장구분# 이러한 사회경제 속에서 결혼까지 하면서 생활하려면 비혼인경우보다 당연히 더많은 부담이 될것입니다.#@문장구분# 또 이것 또한 매우 개인적인 생각이지만.. 근래에 정말 개인적이고 이기적인 사람이 많다고 생각됩니다.#@문장구분# 이타적인 사람을 찾아보기 힘들 정도로 무엇 때문인진 모르겠으나 타인을 배려할 줄 아는 사람이 매우 적다는게 때때로 느껴집니다.#@문장구분# 그럴 때 마다 결혼하고 싶다는 생각도 적어지는 것 같습니다.#@문장구분# 두 번째로는 결혼 자체의 필요성입니다.#@문장구분#\n아이를 가진다면 모르겠지만 근래에 아이를 가지려는 사람은 많이 적다고 생각합니다.#@문장구분#\n그런 경우라면 굳이 결혼이란 관계를 가지지 않고서도 연인인 관계로도 충분 하고도 생각이 됩니다.#@문장구분#",
      "paragraph_len": 642,
      "paragraph_id": "002"
    },
    {
      "paragraph_txt": " 왜냐하면 굳이 아이를 가지려는게 아니라면 충분히 연인관계에서도 서로가 만족할 수 있는 삶을 살 수 있을 것이고 그러한 관계인 경우에 평소 삶에도 더 자유롭고 편한 삶을 지내게 될 수 있을것입니다.#@문장구분# 아이의 출산이 시작됨과 동시에 경제적인 부분이 큰 부분을 차지할 것이며 나의 시간적인 부분 또한 얽매일것이라고 생각됩니다.#@문장구분# 이러한 이유들로 인하여 결혼주의 보단 비혼주의자로써 살아가는 것이 훨씬 낫다 라고 생각하며 이에 따라 비혼주의에 찬성하는 바입니다.#@문장구분#",
      "paragraph_len": 313,
      "paragraph_id": "003"
    }
  ],
  "score": {
    "paragraph_score": [
      {
        "paragraph_scoreT": [
          2.6,
          2.8,
          1.6
        ],
        "paragraph_scoreT_detail": {
          "paragraph_scoreT_exp": [
            [
              3,
              3,
              2
            ],
            [
              2,
              3,
              3
            ],
            [
              2,
              1,
              2
            ]
          ]
        },
        "paragraph_scoreT_avg": 2.3333333,
        "paragraph_id": "001"
      },
      {
        "paragraph_scoreT": [
          2.6,
          2.8,
          1.6
        ],
        "paragraph_scoreT_detail": {
          "paragraph_scoreT_exp": [
            [
              3,
              3,
              2
            ],
            [
              2,
              3,
              3
            ],
            [
              2,
              1,
              2
            ]
          ]
        },
        "paragraph_scoreT_avg": 2.3333333,
        "paragraph_id": "002"
      },
      {
        "paragraph_scoreT": [
          3,
          2.8,
          1.6
        ],
        "paragraph_scoreT_detail": {
          "paragraph_scoreT_exp": [
            [
              3,
              3,
              3
            ],
            [
              2,
              3,
              3
            ],
            [
              2,
              1,
              2
            ]
          ]
        },
        "paragraph_scoreT_avg": 2.4666667,
        "paragraph_id": "003"
      }
    ],
    "essay_scoreT": [
      27.599998,
      29.4,
      19.2
    ],
    "essay_scoreT_avg": 25.4,
    "essay_scoreT_detail": {
      "essay_scoreT_org": [
        [
          3,
          0,
          3,
          3
        ],
        [
          3,
          0,
          3,
          3
        ],
        [
          2,
          0,
          2,
          2
        ]
      ],
      "essay_scoreT_cont": [
        [
          3,
          2,
          3,
          3
        ],
        [
          3,
          3,
          3,
          3
        ],
        [
          2,
          2,
          3,
          2
        ]
      ],
      "essay_scoreT_exp": [
        [
          3,
          3,
          2
        ],
        [
          2,
          3,
          3
        ],
        [
          2,
          1,
          2
        ]
      ]
    }
  },
  "student": {
    "date": "2021.08.02",
    "student_educated": true,
    "student_grade": "고등_1학년",
    "location": "063",
    "student_grade_group": "고등",
    "student_reading": 2
  },
  "rubric": {
    "essay_grade": "고등_1학년",
    "organization_weight": {
      "org_paragraph": 0,
      "org": 3,
      "org_essay": 6,
      "org_coherence": 3,
      "org_quantity": 1
    },
    "essay_type": "찬성반대",
    "content_weight": {
      "con_clearance": 3,
      "con_novelty": 3,
      "con": 4,
      "con_prompt": 1,
      "con_description": 3
    },
    "essay_main_subject": "비혼주의자에 대한 본인의 의견",
    "expression_weight": {
      "exp_style": 4,
      "exp_grammar": 2,
      "exp_vocab": 4,
      "exp": 3
    }
  },
  "correction": [],
  "info": {
    "essay_id": "ESSAY_37151",
    "essay_prompt": " \"\"연애는 필수, 결혼은 선택! 가슴이 뛰는 대로 가면 돼\"\".\n\n 유명한 유행가의 노래 가사처럼, 청년들에게 결혼은 이제 필수가 아닌 하나의 선택 사항입니다. 연애, 결혼, 출산을 포기한다는 의미의 '3포세대'라는 말이 나오기 무섭게 5포 세대, N포세대까지 등장할 정도로 취업난, 치솟는 부동산 가격 등 여러 사회·경제적 요인들로 청년층을 위축시켰습니다.\n\n 모두가 이러한 이유로 '결혼을 포기'하는 것만은 아닙니다. 개인의 행복을 위해 '비혼을 선택'하는 청년들도 늘고 있습니다. 이처럼 최근 전통적인 가치관에서 벗어나 연애와 동거는 하면서 결혼이라는 제도에 묶여 관계에서 파생되는 책임을 벗어나 자유로운 삶을 추구하는 비혼주의자가 늘고 있습니다.\n\n 다만, 개인의 자유로운 선택에 따라 비혼주의를 하지만 주변에서는 아직 고운 시선으로 바라보지 않는 사람도 많습니다. 결혼이라는 제도에 대해서 선택이 아닌 필수라고 생각하는 사람들도 많지요. 개개인이 모여 사회가 형성되기 때문에 사회의 가장 작은 단위인 가족을 이루는 것도 사회 구성원으로서의 큰 역할이라고 생각하는 사람들도 있습니다.\n\n 여러분은 결혼을 꼭 해야 한다고 생각하시나요? 아니면 결혼은 선택의 문제라고 생각하시나요? 비혼주의에 대해 찬성하는 입장 반대를 선택하여 자신의 의견을 작성해주세요. 그리고 그렇게 생각한 이유에 대해서 작성해주세요.",
    "essay_type": "찬성반대",
    "essay_level": "2",
    "essay_len": 814,
    "essay_main_subject": "비혼주의자에 대한 본인의 의견"
  }
}