{
  "paragraph": [
    {
      "paragraph_txt": "텔레비젼에 예능프로그램 중에 돌아온 포맨 이라고 결혼에 실패하고 이혼하고 돌아온 네명의 연예인들이 나와서 이런 저런 수다고 떨고 등산도 하고 맛있는 밥도 먹는 모습이 나오는 프로그램이 있습니다. #@문장구분#저는 이 프로그램을 너무 재미있게 시청하고 있습니다.#@문장구분# 그들은 지금 결혼해서 결혼생활을 잘 유지하고 있는 연예인을 불러서 결혼생활을 잘 유지하는 비법을 묻기도 하고 왜 자신들이 결혼생활을 실패했는지 요인을 파악해 보기도 하며 새로운 인생을 설계하고 싶어하는 욕구를 들어내기도 합니다.#@문장구분# 그리고 그들이 하는 말은 지금 실패 했어도 결혼은 한번 해보길 잘했다고 말합니다.#@문장구분# 안해본것 보다 해보고 후회하는 것이 덜 바보 같지 않으냐며 자신들은 결혼과 맞지 않는 성향인것을 알았다는 둥 여러 이야기를 합니다.#@문장구분# 이렇듯 비혼주의자들은 결혼을 경험하지 않은 미경험자들입니다.#@문장구분# 결혼이라는 제도는 행복하기도 하지만 불행의 시작이기도 할것입니다.#@문장구분# 어떤 사람과 어떤 결혼 생활을 하느냐에 따라서 달라지겠지만 서로 배려와 이해와 수없이 많은 대화를 통해서 결혼생활은 유지되어진다라는 것이 반복되어서 방송되어지는 내용인것 같습니다.#@문장구분# 비혼주의자들은 지레 겁을 먹고 결혼을 하면 힘들거고 불행할 거라는 생각에 결혼은 필요없고 하지 않고 혼자 살겠다는 것이지만 저는 그들의 생각이 옳지 안다고 생각합니다.#@문장구분# 자신이 맞는지 틀리는지는 결혼을 해보지 않으면 알수 없기 때문입니다.#@문장구분# 해보지 안으면 변화되지도 바뀌지도 알지도 못하게 됩니다.#@문장구분# 그래서 비혼주의자들에 말해주고 싶습니다.#@문장구분# 결혼을 해보고 자신의 비혼주의가 맞는지 않맞는지 말해보시는게 어떻습니까?#@문장구분#",
      "paragraph_len": 1047,
      "paragraph_id": "001"
    }
  ],
  "score": {
    "paragraph_score": [
      {
        "paragraph_scoreT": [
          3,
          2.8,
          2.4
        ],
        "paragraph_scoreT_detail": {
          "paragraph_scoreT_exp": [
            [
              3,
              3,
              3
            ],
            [
              2,
              3,
              3
            ],
            [
              2,
              3,
              2
            ]
          ]
        },
        "paragraph_scoreT_avg": 2.7333336,
        "paragraph_id": "001"
      }
    ],
    "essay_scoreT": [
      30,
      26.099998,
      24.5
    ],
    "essay_scoreT_avg": 26.866667,
    "essay_scoreT_detail": {
      "essay_scoreT_org": [
        [
          3,
          0,
          3,
          3
        ],
        [
          2,
          0,
          3,
          2
        ],
        [
          3,
          0,
          2,
          3
        ]
      ],
      "essay_scoreT_cont": [
        [
          3,
          3,
          3,
          3
        ],
        [
          3,
          2,
          3,
          3
        ],
        [
          2,
          2,
          2,
          3
        ]
      ],
      "essay_scoreT_exp": [
        [
          3,
          3,
          3
        ],
        [
          2,
          3,
          3
        ],
        [
          2,
          3,
          2
        ]
      ]
    }
  },
  "student": {
    "date": "2021.12.19",
    "student_educated": true,
    "student_grade": "고등_1학년",
    "location": "063",
    "student_grade_group": "고등",
    "student_reading": 2
  },
  "rubric": {
    "essay_grade": "고등_1학년",
    "organization_weight": {
      "org_paragraph": 0,
      "org": 3,
      "org_essay": 6,
      "org_coherence": 3,
      "org_quantity": 1
    },
    "essay_type": "찬성반대",
    "content_weight": {
      "con_clearance": 3,
      "con_novelty": 3,
      "con": 4,
      "con_prompt": 1,
      "con_description": 3
    },
    "essay_main_subject": "비혼주의자에 대한 본인의 의견",
    "expression_weight": {
      "exp_style": 4,
      "exp_grammar": 2,
      "exp_vocab": 4,
      "exp": 3
    }
  },
  "correction": [],
  "info": {
    "essay_id": "ESSAY_71354",
    "essay_prompt": " \"\"연애는 필수, 결혼은 선택! 가슴이 뛰는 대로 가면 돼\"\".\n\n 유명한 유행가의 노래 가사처럼, 청년들에게 결혼은 이제 필수가 아닌 하나의 선택 사항입니다. 연애, 결혼, 출산을 포기한다는 의미의 '3포세대'라는 말이 나오기 무섭게 5포 세대, N포세대까지 등장할 정도로 취업난, 치솟는 부동산 가격 등 여러 사회·경제적 요인들로 청년층을 위축시켰습니다.\n\n 모두가 이러한 이유로 '결혼을 포기'하는 것만은 아닙니다. 개인의 행복을 위해 '비혼을 선택'하는 청년들도 늘고 있습니다. 이처럼 최근 전통적인 가치관에서 벗어나 연애와 동거는 하면서 결혼이라는 제도에 묶여 관계에서 파생되는 책임을 벗어나 자유로운 삶을 추구하는 비혼주의자가 늘고 있습니다.\n\n 다만, 개인의 자유로운 선택에 따라 비혼주의를 하지만 주변에서는 아직 고운 시선으로 바라보지 않는 사람도 많습니다. 결혼이라는 제도에 대해서 선택이 아닌 필수라고 생각하는 사람들도 많지요. 개개인이 모여 사회가 형성되기 때문에 사회의 가장 작은 단위인 가족을 이루는 것도 사회 구성원으로서의 큰 역할이라고 생각하는 사람들도 있습니다.\n\n 여러분은 결혼을 꼭 해야 한다고 생각하시나요? 아니면 결혼은 선택의 문제라고 생각하시나요? 비혼주의에 대해 찬성하는 입장 반대를 선택하여 자신의 의견을 작성해주세요. 그리고 그렇게 생각한 이유에 대해서 작성해주세요.",
    "essay_type": "찬성반대",
    "essay_level": "2",
    "essay_len": 787,
    "essay_main_subject": "비혼주의자에 대한 본인의 의견"
  }
}