{
  "paragraph": [
    {
      "paragraph_txt": "자기 자신은 결혼을 못하는 거면서 안하는 척하는 그런 사람들도 있다.#@문장구분# 최근 비혼주의가 확산되는 추세이다.#@문장구분# 비혼주의란 독신주의와 다르게 연애도 하고 사랑하는 사람과 동거도 하지만 결혼식을 올리지 않고 혼인신고를 하지 않는 것을 말한다.#@문장구분# 예전 세대 때는 결혼을 하는 것이 일종의 숙명 같은 것으로 여겨졌었고 결혼 없이는 살기 힘들었다.#@문장구분# 이러한 이유로 그 세대 때의 사람들은 비혼주의를 잘 이해하지 못한다.#@문장구분# 지금은 결혼이란 사랑하는 사람 사이의 관계를 더 끈끈하게 만들어주고 법적으로 서로를 책임질 수 있게 만들어주는 수단이다.#@문장구분# 그래서 요즘 세대는 사랑하고 같이 살고 있다면 결혼을 당연히 해야하는 것 아니냐는 생각으로 비혼주의를 이해하지 못한다.#@문장구분# 비혼주의를 찬성과 반대로 나눌만한 주제인지는 모르겠지만 나는 비혼주의가 이해된다.#@문장구분# 비혼주의를 함으로써 상대방의 집안과 자신의 집안이 엮여 불화가 생길 일이 없고 서로의 집안을 챙겨야할 이유도 없어진다.#@문장구분# 결혼을 하지않음으로써 경제적 부담이 적어지고 혼자 지낼 수 있다.#@문장구분# 그리고 요즘은 대를 이어가는 것이나 자신을 돌봐줄 아이를 낳지 않아도 괜찮고 혼자 사는 것도 벅차기 때문에 비혼주의를 한다고 해서 손해가 있는 것이 아니고 시간과 돈을 스스로에게만 투자하여 좀 더 자신의 행복을 위해 살 수 있고 그렇게 할 수 있는 권리가 있다고 생각한다.#@문장구분# 하지만 비혼주의가 저출생의 원인이라고 볼 수도 있다.#@문장구분# 실제로 인터넷에서 비혼주의를 선언한 여성들을 비판하는 댓글들을 쉽게 찾아볼 수 있으며 비혼주의에 대한 시선이 좋지 않다.#@문장구분# 나는 이러한 관점은 저출생을 여성들의 책임으로 몰아버리는 것이며 비혼주의를 저출생의 이유로 볼 것이 아니라 비혼주의가 어떻게 생겨났는지와 저출생의 더 근본적인 이유를 찾아야 한다고 생각한다.#@문장구분#",
      "paragraph_len": 1147,
      "paragraph_id": "001"
    }
  ],
  "score": {
    "paragraph_score": [
      {
        "paragraph_scoreT": [
          3,
          2,
          2.4
        ],
        "paragraph_scoreT_detail": {
          "paragraph_scoreT_exp": [
            [
              3,
              3,
              3
            ],
            [
              2,
              2,
              2
            ],
            [
              2,
              2,
              3
            ]
          ]
        },
        "paragraph_scoreT_avg": 2.4666667,
        "paragraph_id": "001"
      }
    ],
    "essay_scoreT": [
      30,
      25.8,
      27
    ],
    "essay_scoreT_avg": 27.6,
    "essay_scoreT_detail": {
      "essay_scoreT_org": [
        [
          3,
          0,
          3,
          3
        ],
        [
          3,
          0,
          3,
          3
        ],
        [
          3,
          0,
          3,
          3
        ]
      ],
      "essay_scoreT_cont": [
        [
          3,
          3,
          3,
          3
        ],
        [
          2,
          3,
          3,
          3
        ],
        [
          2,
          3,
          3,
          3
        ]
      ],
      "essay_scoreT_exp": [
        [
          3,
          3,
          3
        ],
        [
          2,
          2,
          2
        ],
        [
          2,
          2,
          3
        ]
      ]
    }
  },
  "student": {
    "date": "2021.12.17",
    "student_educated": true,
    "student_grade": "고등_1학년",
    "location": "044",
    "student_grade_group": "고등",
    "student_reading": 2
  },
  "rubric": {
    "essay_grade": "고등_1학년",
    "organization_weight": {
      "org_paragraph": 0,
      "org": 3,
      "org_essay": 6,
      "org_coherence": 3,
      "org_quantity": 1
    },
    "essay_type": "찬성반대",
    "content_weight": {
      "con_clearance": 3,
      "con_novelty": 3,
      "con": 4,
      "con_prompt": 1,
      "con_description": 3
    },
    "essay_main_subject": "비혼주의자에 대한 본인의 의견",
    "expression_weight": {
      "exp_style": 4,
      "exp_grammar": 2,
      "exp_vocab": 4,
      "exp": 3
    }
  },
  "correction": [],
  "info": {
    "essay_id": "ESSAY_66169",
    "essay_prompt": " \"\"연애는 필수, 결혼은 선택! 가슴이 뛰는 대로 가면 돼\"\".\n\n 유명한 유행가의 노래 가사처럼, 청년들에게 결혼은 이제 필수가 아닌 하나의 선택 사항입니다. 연애, 결혼, 출산을 포기한다는 의미의 '3포세대'라는 말이 나오기 무섭게 5포 세대, N포세대까지 등장할 정도로 취업난, 치솟는 부동산 가격 등 여러 사회·경제적 요인들로 청년층을 위축시켰습니다.\n\n 모두가 이러한 이유로 '결혼을 포기'하는 것만은 아닙니다. 개인의 행복을 위해 '비혼을 선택'하는 청년들도 늘고 있습니다. 이처럼 최근 전통적인 가치관에서 벗어나 연애와 동거는 하면서 결혼이라는 제도에 묶여 관계에서 파생되는 책임을 벗어나 자유로운 삶을 추구하는 비혼주의자가 늘고 있습니다.\n\n 다만, 개인의 자유로운 선택에 따라 비혼주의를 하지만 주변에서는 아직 고운 시선으로 바라보지 않는 사람도 많습니다. 결혼이라는 제도에 대해서 선택이 아닌 필수라고 생각하는 사람들도 많지요. 개개인이 모여 사회가 형성되기 때문에 사회의 가장 작은 단위인 가족을 이루는 것도 사회 구성원으로서의 큰 역할이라고 생각하는 사람들도 있습니다.\n\n 여러분은 결혼을 꼭 해야 한다고 생각하시나요? 아니면 결혼은 선택의 문제라고 생각하시나요? 비혼주의에 대해 찬성하는 입장 반대를 선택하여 자신의 의견을 작성해주세요. 그리고 그렇게 생각한 이유에 대해서 작성해주세요.",
    "essay_type": "찬성반대",
    "essay_level": "2",
    "essay_len": 867,
    "essay_main_subject": "비혼주의자에 대한 본인의 의견"
  }
}