{
  "paragraph": [
    {
      "paragraph_txt": "사람들은 모두 다양한 형태의 사랑을 하고 삽니다.#@문장구분# 인간은 사회성이 발달한 동물로, 이성과 감성을 갖고 있습니다.#@문장구분# 결혼은 서로 사랑하는 사람들이 함께 한 가정을 이루는, 인생에서 마주치게 되는 결정적인 선택입니다.#@문장구분# 어떤 사람들은 행복한 결혼 생활을 하고, 어떤 사람들은 결혼을 후회하며, 이혼을 선택합니다.#@문장구분# 그러나, 저는 우리나라의 비혼주의에 반대합니다.#@문장구분# ",
      "paragraph_len": 298,
      "paragraph_id": "001"
    },
    {
      "paragraph_txt": " 첫 번째, 결혼은 건강에 이롭습니다.#@문장구분# 미국심장학이사보에 따르면 성인 약 3,500만 명의 건강기록을 살펴본 결과, 기혼자가 심장 관련 질환에 걸릴 위험이 미혼자보다 현저히 낮았습니다.#@문장구분# 건강한 결혼생활은 남녀 모두의 정신건강에 좋습니다.#@문장구분# 특히, 우울증에 걸릴 확률이 현저히 낮아집니다.#@문장구분# 미혼은 사람들이 자발적으로 겪는 가장 큰 위험 중 하나입니다.#@문장구분# 예를 들어, 심장병에 걸리면 남자의 기대 수명이 6년 미만으로 단축되는 반면, 미혼의 경우 남자의 수명이 거의 10년 단축됩니다.#@문장구분# 이것은 단순한 선택 효과가 아닙니다.#@문장구분# 초기 건강 상태를 통제하더라도 기혼자가 미혼자보다 더 오래 산다.#@문장구분# 예를 들어 배우자가 있으면 암 환자가 질병으로 사망할 위험이 10년 더 젊어지는 것만큼 낮아집니다.#@문장구분# 수술 환자에 대한 최근 연구 결과에 따르면 결혼한 것만으로 환자가 병원에서 사망할 위험이 낮아졌습니다.#@문장구분# 아마도 더 분명한 이유 때문에, 환자가 미혼인 경우 병원 환자가 요양원으로 퇴원할 위험이 2.5배 더 높았습니다.#@문장구분# 실험실에서 면역 기능을 연구한 과학자들은 행복한 부부가 면역 체계가 더 잘 기능한다는 것을 발견했습니다.#@문장구분# 이혼한 사람들은 이혼한 지 몇 년이 지난 후에도 훨씬 낮은 수준의 면역 기능을 보입니다.#@문장구분#",
      "paragraph_len": 872,
      "paragraph_id": "002"
    },
    {
      "paragraph_txt": " 두 번째, 결혼은 저출산을 해결하는 데에 도움이 됩니다.#@문장구분# 노동 연령의 남성과 여성에게 부담이 될 것이며, 재정 지원과 개인 관리 측면에서 정부 정책입안자들도 우려하고 있습니다.#@문장구분# 오늘날의 출산율이 지속된다면 인구는 일본, 싱가포르, 한국, 대만의 세대당 약 3분의 1씩 줄어들 것입니다.#@문장구분# 유엔의 예측에 따르면, 한국의 인구는 2025년에서 2030년 사이에 인구가 감소할 것으로 예상됩니다.#@문장구분# 이에 따라 2005년에는 출산력을 지원하고 인구 고령화의 부정적인 영향을 완화하기 위한 새로운 법률이 채택되었습니다.#@문장구분# 2006년부터 2020년까지 출산율 향상과 사회 고령화를 늦추기 위한 5개년 기본 계획이 수립되었습니다.#@문장구분# 그러나 공식 데이터에 따르면 지난해 한국의 출산율은 2018년 0.98명으로 처음으로 1명 미만으로 또 다시 사상 최저치를 기록했다.#@문장구분# 이는 인구 재생산을 유지하는 데 필요한 수준보다 훨씬 낮습니다.#@문장구분#",
      "paragraph_len": 614,
      "paragraph_id": "003"
    },
    {
      "paragraph_txt": " 세 번째, 결혼은 우리나라 경제에 이롭습니다.#@문장구분# 오늘날 남성들은 결혼을 소비 항목, 즉 재정적 부담으로 생각하는 경향이 있습니다.#@문장구분# 그러나 결혼은 생산적인 제도이며, 이는 남성의 수입을 늘리는 데 교육만큼 중요합니다.#@문장구분# 아내를 얻는 것은 미국 남성의 급여를 대학 교육만큼 인상시킬 수 있습니다.#@문장구분# 일부 추산에 따르면 기혼 남성은 교육과 경력을 통제한 후에도 비슷한 독신 남성보다 40퍼센트나 더 많은 돈을 벌고 있습니다.#@문장구분# 남자가 결혼 생활을 오래할수록 그가 받는 결혼 보험료가 높아집니다.#@문장구분# 아내의 수입도 결혼의 혜택을 받지만 모성애가 시작되면 감소합니다.#@문장구분# 자녀가 없는 백인 아내는 4%의 결혼 급여 프리미엄을 받고 흑인 아내는 비슷한 미혼 여성보다 10% 더 많이 받습니다.#@문장구분# 기혼자는 혼자보다 더 많은 돈을 벌 수 있을 뿐만 아니라 돈을 더 잘 관리하고 더 많은 부를 축적합니다.#@문장구분# 예를 들어, 동일한 소득 수준에서 기혼자들은 \"경제적 어려움\"을 보고하거나 기본 청구서를 지불하는 데 문제가 있다고 보고할 가능성이 적습니다.#@문장구분# 결혼 생활을 오래할수록 더 많은 자산을 쌓을 수 있습니다.#@문장구분# 은퇴 직전에 평균적으로 결혼한 부부는 약 41만 달러의 자산을 축적했는데, 미혼은 16만 7000달러, 이혼한 사람은 15만 달러였습니다.#@문장구분#\n  \n 네 번째, 결혼은 우리에게 행복을 줍니다.#@문장구분# 17개 선진국을 대상으로 한 Steven Stack과 J. Ross Eshleman의 최근 연구에 따르면 성별, 연령, 교육, 자녀, 교회 출석, 출석 등을 통제한 후에도 \"기혼자는 미혼자보다 훨씬 더 행복감이 높다\"고 합니다. #@문장구분#재정적 만족, 자가 보고된 건강. 또한 \"결혼과 행복 사이의 연관성의 강도는 국가 간에 놀라울 정도로 일관적입니다.#@문장구분#\" 결혼은 재정적 만족과 건강을 향상시켰습니다.#@문장구분# 그러나 결혼을 하면 수첩과 건강 차트를 개선할 수 있는 힘 이상으로 행복의 이점을 얻을 수 있습니다.#@문장구분# 대조적으로 동거는 재정적 만족이나 지각된 건강을 증가시키지 않았으며 동거 애인이 있을 때 행복이 증가하는 것은 기혼의 약 4분의 1에 불과했습니다.#@문장구분# 100,000명의 노르웨이인을 대상으로 한 또 다른 대규모 연구에 따르면 남녀 모두 \"기혼자의 주관적 웰빙 수준이 가장 높았습니다.#@문장구분#",
      "paragraph_len": 1465,
      "paragraph_id": "004"
    },
    {
      "paragraph_txt": " 따라서, 저는 네 가지 이유로 비혼주의를 반대합니다. 결혼 또는 혼인 관계라고도 하는 결혼은 배우자라고 하는 사람들 간의 문화적으로 그리고 종종 법적으로 인정되는 결합입니다. 그것은 그들 사이뿐만 아니라 그들과 그들의 자녀, 그리고 그들과 그들의 시댁 사이에 권리와 의무를 설정합니다. 결혼에 대한 정의는 문화와 종교에 따라, 그리고 시간이 지남에 따라 다릅니다. 그러나 결혼은 모두에게 공통적으로 인생에 많은 영향을 주며, 다양하고 새로운 경험을 줄 수 있습니다.",
      "paragraph_len": 261,
      "paragraph_id": "005"
    }
  ],
  "score": {
    "paragraph_score": [
      {
        "paragraph_scoreT": [
          3,
          3,
          2.2
        ],
        "paragraph_scoreT_detail": {
          "paragraph_scoreT_exp": [
            [
              3,
              3,
              3
            ],
            [
              3,
              3,
              3
            ],
            [
              3,
              2,
              2
            ]
          ]
        },
        "paragraph_scoreT_avg": 2.7333333,
        "paragraph_id": "001"
      },
      {
        "paragraph_scoreT": [
          3,
          3,
          2.2
        ],
        "paragraph_scoreT_detail": {
          "paragraph_scoreT_exp": [
            [
              3,
              3,
              3
            ],
            [
              3,
              3,
              3
            ],
            [
              3,
              2,
              2
            ]
          ]
        },
        "paragraph_scoreT_avg": 2.7333333,
        "paragraph_id": "002"
      },
      {
        "paragraph_scoreT": [
          3,
          3,
          2.2
        ],
        "paragraph_scoreT_detail": {
          "paragraph_scoreT_exp": [
            [
              3,
              3,
              3
            ],
            [
              3,
              3,
              3
            ],
            [
              3,
              2,
              2
            ]
          ]
        },
        "paragraph_scoreT_avg": 2.7333333,
        "paragraph_id": "003"
      },
      {
        "paragraph_scoreT": [
          3,
          3,
          2.6
        ],
        "paragraph_scoreT_detail": {
          "paragraph_scoreT_exp": [
            [
              3,
              3,
              3
            ],
            [
              3,
              3,
              3
            ],
            [
              3,
              2,
              3
            ]
          ]
        },
        "paragraph_scoreT_avg": 2.8666668,
        "paragraph_id": "004"
      },
      {
        "paragraph_scoreT": [
          3,
          3,
          2.6
        ],
        "paragraph_scoreT_detail": {
          "paragraph_scoreT_exp": [
            [
              3,
              3,
              3
            ],
            [
              3,
              3,
              3
            ],
            [
              3,
              2,
              3
            ]
          ]
        },
        "paragraph_scoreT_avg": 2.8666668,
        "paragraph_id": "005"
      }
    ],
    "essay_scoreT": [
      27,
      27,
      24.9
    ],
    "essay_scoreT_avg": 26.300001,
    "essay_scoreT_detail": {
      "essay_scoreT_org": [
        [
          2,
          0,
          3,
          3
        ],
        [
          2,
          0,
          3,
          3
        ],
        [
          2,
          0,
          2,
          3
        ]
      ],
      "essay_scoreT_cont": [
        [
          3,
          2,
          3,
          3
        ],
        [
          3,
          2,
          3,
          3
        ],
        [
          3,
          2,
          3,
          3
        ]
      ],
      "essay_scoreT_exp": [
        [
          3,
          3,
          3
        ],
        [
          3,
          3,
          3
        ],
        [
          3,
          2,
          3
        ]
      ]
    }
  },
  "student": {
    "date": "2021.11.30",
    "student_educated": true,
    "student_grade": "고등_1학년",
    "location": "042",
    "student_grade_group": "고등",
    "student_reading": 2
  },
  "rubric": {
    "essay_grade": "고등_1학년",
    "organization_weight": {
      "org_paragraph": 0,
      "org": 3,
      "org_essay": 6,
      "org_coherence": 3,
      "org_quantity": 1
    },
    "essay_type": "찬성반대",
    "content_weight": {
      "con_clearance": 3,
      "con_novelty": 3,
      "con": 4,
      "con_prompt": 1,
      "con_description": 3
    },
    "essay_main_subject": "비혼주의자에 대한 본인의 의견",
    "expression_weight": {
      "exp_style": 4,
      "exp_grammar": 2,
      "exp_vocab": 4,
      "exp": 3
    }
  },
  "correction": [],
  "info": {
    "essay_id": "ESSAY_53625",
    "essay_prompt": " \"\"연애는 필수, 결혼은 선택! 가슴이 뛰는 대로 가면 돼\"\".\n\n 유명한 유행가의 노래 가사처럼, 청년들에게 결혼은 이제 필수가 아닌 하나의 선택 사항입니다. 연애, 결혼, 출산을 포기한다는 의미의 '3포세대'라는 말이 나오기 무섭게 5포 세대, N포세대까지 등장할 정도로 취업난, 치솟는 부동산 가격 등 여러 사회·경제적 요인들로 청년층을 위축시켰습니다.\n\n 모두가 이러한 이유로 '결혼을 포기'하는 것만은 아닙니다. 개인의 행복을 위해 '비혼을 선택'하는 청년들도 늘고 있습니다. 이처럼 최근 전통적인 가치관에서 벗어나 연애와 동거는 하면서 결혼이라는 제도에 묶여 관계에서 파생되는 책임을 벗어나 자유로운 삶을 추구하는 비혼주의자가 늘고 있습니다.\n\n 다만, 개인의 자유로운 선택에 따라 비혼주의를 하지만 주변에서는 아직 고운 시선으로 바라보지 않는 사람도 많습니다. 결혼이라는 제도에 대해서 선택이 아닌 필수라고 생각하는 사람들도 많지요. 개개인이 모여 사회가 형성되기 때문에 사회의 가장 작은 단위인 가족을 이루는 것도 사회 구성원으로서의 큰 역할이라고 생각하는 사람들도 있습니다.\n\n 여러분은 결혼을 꼭 해야 한다고 생각하시나요? 아니면 결혼은 선택의 문제라고 생각하시나요? 비혼주의에 대해 찬성하는 입장 반대를 선택하여 자신의 의견을 작성해주세요. 그리고 그렇게 생각한 이유에 대해서 작성해주세요.",
    "essay_type": "찬성반대",
    "essay_level": "2",
    "essay_len": 2619,
    "essay_main_subject": "비혼주의자에 대한 본인의 의견"
  }
}