{
  "paragraph": [
    {
      "paragraph_txt": "비혼주의 경제 성장률이 감소하기 때문입니다.#@문장구분# 예를 들면, 저출산 고령화 사회가 계속 될수록 국가의 노동력이 감소하게 됩니다.#@문장구분# 이렇게 노동력이 감소할 경우 경제가 성장할 수 없기 때문입니다.#@문장구분# 교육력이 감소할 것 같기 때문입니다.#@문장구분# 왜냐하면 교육을 강화하기 위해서는 그 교육의 대상이 필요하지만, 비혼주의 즉 저출산 사회 현상이 증가하면 그 교육의 대상이 사라지기 때문입니다.#@문장구분# 따라서 저는 비혼주의에 대해 반대한다고 생각을 했었는데  요즘들어  인터넷에 올라오는 글만 봐도 연봉이 1억인 전업주부 아내에게 용돈을 월 마다 20만원씩 타서 쓴다는 유부남들의 글이 올라온다.#@문장구분#  그리고 아내는 전업주부면서 집안일을 하나도 안하고 남편이 회사 끝나고 밤 늦게 퇴근해 집안일을 하고, 심지어 아침밥은 고사하고 저녁도 안 챙겨준다는 그런 부조리함을 당하는 유부남들이 있다. #@문장구분#이들의 어머니는 뼈빠지게 돈 벌어서 아들 가르쳐 놨더니 밥도 제대로 못먹고 연봉 1억원 가량을 그냥 아내에게 상납하고 용돈 타쓰는 모습을 보면 과연 누가 결혼을 하고싶어 할까?#@문장구분# 또한 만약 결혼을 하게 되었다 해도 아기를 낳아 살 때 아이에 대해 부정적으로 가르치고 안 좋은 모습 또한 많이 보여줄 수가 있습니다.#@문장구분# 그렇게 되면 자기 자신만이 안 좋아지는 것이 아니라 아이에게까지 2차적으로 피해를 보게 됩니다.#@문장구분#   꼭 결혼을 하여서도 좋은 이점이 그렇게 많지 않습니다. #@문장구분#아이를 낳아 아이를 키우고 학원을 보내고 학교를 보내는 데 까지 2억 이상의 돈이 소비가 된다고합니다.#@문장구분#  2억이라는 돈은 그렇게 작은 돈이 아니기 때문에 자신이 원하는 취미생활에 돈을 더 투자 하거나 집이나 차, 명품과 같은 사치품 또한 살 수 있는데오로지  자녀양육에쓴다면 결혼은 비정상 이라고 봅니다.#@문장구분#  모두가 결혼을 해야 한다고 추구하지 말고 자신들이 원하는 인생을 살도록 도와주어야겠습니다.#@문장구분#  자.  결혼을 한다 한들 무조건 행복해지는 것은 아니니  나는 비혼주의에 찬성이다.#@문장구분#",
      "paragraph_len": 1256,
      "paragraph_id": "001"
    }
  ],
  "score": {
    "paragraph_score": [
      {
        "paragraph_scoreT": [
          3,
          3,
          2.2
        ],
        "paragraph_scoreT_detail": {
          "paragraph_scoreT_exp": [
            [
              3,
              3,
              3
            ],
            [
              3,
              3,
              3
            ],
            [
              3,
              2,
              2
            ]
          ]
        },
        "paragraph_scoreT_avg": 2.7333333,
        "paragraph_id": "001"
      }
    ],
    "essay_scoreT": [
      30,
      26.099998,
      22.5
    ],
    "essay_scoreT_avg": 26.199999,
    "essay_scoreT_detail": {
      "essay_scoreT_org": [
        [
          3,
          0,
          3,
          3
        ],
        [
          2,
          0,
          2,
          3
        ],
        [
          2,
          0,
          2,
          3
        ]
      ],
      "essay_scoreT_cont": [
        [
          3,
          3,
          3,
          3
        ],
        [
          3,
          2,
          3,
          3
        ],
        [
          2,
          2,
          3,
          3
        ]
      ],
      "essay_scoreT_exp": [
        [
          3,
          3,
          3
        ],
        [
          3,
          3,
          3
        ],
        [
          3,
          2,
          2
        ]
      ]
    }
  },
  "student": {
    "date": "2021.12.15",
    "student_educated": true,
    "student_grade": "고등_1학년",
    "location": "063",
    "student_grade_group": "고등",
    "student_reading": 2
  },
  "rubric": {
    "essay_grade": "고등_1학년",
    "organization_weight": {
      "org_paragraph": 0,
      "org": 3,
      "org_essay": 6,
      "org_coherence": 3,
      "org_quantity": 1
    },
    "essay_type": "찬성반대",
    "content_weight": {
      "con_clearance": 3,
      "con_novelty": 3,
      "con": 4,
      "con_prompt": 1,
      "con_description": 3
    },
    "essay_main_subject": "비혼주의자에 대한 본인의 의견",
    "expression_weight": {
      "exp_style": 4,
      "exp_grammar": 2,
      "exp_vocab": 4,
      "exp": 3
    }
  },
  "correction": [],
  "info": {
    "essay_id": "ESSAY_71372",
    "essay_prompt": " \"\"연애는 필수, 결혼은 선택! 가슴이 뛰는 대로 가면 돼\"\".\n\n 유명한 유행가의 노래 가사처럼, 청년들에게 결혼은 이제 필수가 아닌 하나의 선택 사항입니다. 연애, 결혼, 출산을 포기한다는 의미의 '3포세대'라는 말이 나오기 무섭게 5포 세대, N포세대까지 등장할 정도로 취업난, 치솟는 부동산 가격 등 여러 사회·경제적 요인들로 청년층을 위축시켰습니다.\n\n 모두가 이러한 이유로 '결혼을 포기'하는 것만은 아닙니다. 개인의 행복을 위해 '비혼을 선택'하는 청년들도 늘고 있습니다. 이처럼 최근 전통적인 가치관에서 벗어나 연애와 동거는 하면서 결혼이라는 제도에 묶여 관계에서 파생되는 책임을 벗어나 자유로운 삶을 추구하는 비혼주의자가 늘고 있습니다.\n\n 다만, 개인의 자유로운 선택에 따라 비혼주의를 하지만 주변에서는 아직 고운 시선으로 바라보지 않는 사람도 많습니다. 결혼이라는 제도에 대해서 선택이 아닌 필수라고 생각하는 사람들도 많지요. 개개인이 모여 사회가 형성되기 때문에 사회의 가장 작은 단위인 가족을 이루는 것도 사회 구성원으로서의 큰 역할이라고 생각하는 사람들도 있습니다.\n\n 여러분은 결혼을 꼭 해야 한다고 생각하시나요? 아니면 결혼은 선택의 문제라고 생각하시나요? 비혼주의에 대해 찬성하는 입장 반대를 선택하여 자신의 의견을 작성해주세요. 그리고 그렇게 생각한 이유에 대해서 작성해주세요.",
    "essay_type": "찬성반대",
    "essay_level": "2",
    "essay_len": 956,
    "essay_main_subject": "비혼주의자에 대한 본인의 의견"
  }
}