{
  "paragraph": [
    {
      "paragraph_txt": "나는 비혼주의에 대해서 반대한다.#@문장구분# 비혼주의란 경제력 등 여러 가지 이유들로 인해 결혼을 하지 않으려는 것을 말한다.#@문장구분# 요즘 기본권이 아닌 인권들의 중요성이 커지고 있음에도 내가 비혼주의에 반대하는 데에는 3가지가 있다.#@문장구분#\n \n 첫째, 모두가 알다시피 우리나라는 지금 저출산 문제가 상당히 심하다.#@문장구분# 우리나라 출생률은 0.82명이고, 우리나라 인구수 5,100만 명을 유지하는 데에 필요한 출생률 2.1명에 크게 미치지 못한다.#@문장구분#\n우리나라에 저출산 문제가 나타나는 가장 큰 이유는 경제력 때문이다.#@문장구분# 아이를 키우는 데에 돈이 너무 많이 들어가고, 그 돈을 벌기엔 부담이 느껴진다는 것이다.#@문장구분# 물론, 부담이 안 된다면 이상할 정도로 돈이 많이 드는 것도 맞고, 부담도 될 수 있다.#@문장구분# 하지만, '우리나라'라는 한 조직, 단체가 유지가 되려면, 우리나라 인구수가 우선적으로 유지되어야 한다.#@문장구분# 그래야 우리가 국가로부터 얻는 혜택을 지속적으로 얻을 수 있기 때문이다.#@문장구분#",
      "paragraph_len": 673,
      "paragraph_id": "001"
    },
    {
      "paragraph_txt": " 둘째, 기혼자가 미혼자보다 건강이 더 좋다.#@문장구분# 미국종양외과과학지에 의하면, 기혼 암 환자들의 암전이울이 비혼 암 환자들과 비교해서 약 17% 정도 낮게 나오는 등 기혼자들의 암 생존율이 미혼자들보다 높았다.#@문장구분# 미국심장학이사보에서는 제프리 쿠빈 박사가 이끄는 연구진이 성인 약 3,500만 명의 건강기록을 살펴본 결과, 기혼자가 심장 관련 질환에 걸릴 위험이 미혼자보다 현저히 낮았다.#@문장구분# 쿠빈 박사는 \"행복하고 성공적인 결혼 생활을 하는 사람일수록 스트레스와 갈등을 적게 경험하기 때문에 심장 관련 질환에 걸릴 위험이 적다.\"라고 전했다#@문장구분#. 영국 학술지 심리의학 등 여러 연구를 통해서 암뿐만 아니라, 정신 건강에도 결혼이 좋은 영향을 미친다는 것을 알 수 있다.#@문장구분#",
      "paragraph_len": 467,
      "paragraph_id": "002"
    },
    {
      "paragraph_txt": " 셋째, 비혼주의자들이 사회에서 이기적으로 보일 수도 있다.#@문장구분# 요즘은 세계적으로 어떤 제품의 경쟁에서 벗어나, 사람들의 경쟁, 즉 아이디어나 창의적인 대안 등 사람들의 생각에서 나오는 것들의 경쟁으로 가고 있다.#@문장구분# 이렇게, 창의적인 사람의 생각이 많이 필요한 시대에 아이를 낳지 않고 국가로부터 혜택을 받고, 치안을 보호받는 사람들을 보는 시선이 '이기적이다.'가 될 수 있다.#@문장구분#",
      "paragraph_len": 269,
      "paragraph_id": "003"
    },
    {
      "paragraph_txt": " 나는 저출산, 결혼이 건강에 미치는 영향, 주위 사람들의 시선이라는 3가지 근거들을 토대로 비혼주의에 대해서 반대한다.#@문장구분#",
      "paragraph_len": 87,
      "paragraph_id": "004"
    }
  ],
  "score": {
    "paragraph_score": [
      {
        "paragraph_scoreT": [
          3,
          3,
          3
        ],
        "paragraph_scoreT_detail": {
          "paragraph_scoreT_exp": [
            [
              3,
              3,
              3
            ],
            [
              3,
              3,
              3
            ],
            [
              3,
              3,
              3
            ]
          ]
        },
        "paragraph_scoreT_avg": 3,
        "paragraph_id": "001"
      },
      {
        "paragraph_scoreT": [
          3,
          3,
          3
        ],
        "paragraph_scoreT_detail": {
          "paragraph_scoreT_exp": [
            [
              3,
              3,
              3
            ],
            [
              3,
              3,
              3
            ],
            [
              3,
              3,
              3
            ]
          ]
        },
        "paragraph_scoreT_avg": 3,
        "paragraph_id": "002"
      },
      {
        "paragraph_scoreT": [
          3,
          3,
          3
        ],
        "paragraph_scoreT_detail": {
          "paragraph_scoreT_exp": [
            [
              3,
              3,
              3
            ],
            [
              3,
              3,
              3
            ],
            [
              3,
              3,
              3
            ]
          ]
        },
        "paragraph_scoreT_avg": 3,
        "paragraph_id": "003"
      },
      {
        "paragraph_scoreT": [
          3,
          3,
          3
        ],
        "paragraph_scoreT_detail": {
          "paragraph_scoreT_exp": [
            [
              3,
              3,
              3
            ],
            [
              3,
              3,
              3
            ],
            [
              3,
              3,
              3
            ]
          ]
        },
        "paragraph_scoreT_avg": 3,
        "paragraph_id": "004"
      }
    ],
    "essay_scoreT": [
      30,
      30,
      30
    ],
    "essay_scoreT_avg": 30,
    "essay_scoreT_detail": {
      "essay_scoreT_org": [
        [
          3,
          0,
          3,
          3
        ],
        [
          3,
          0,
          3,
          3
        ],
        [
          3,
          0,
          3,
          3
        ]
      ],
      "essay_scoreT_cont": [
        [
          3,
          3,
          3,
          3
        ],
        [
          3,
          3,
          3,
          3
        ],
        [
          3,
          3,
          3,
          3
        ]
      ],
      "essay_scoreT_exp": [
        [
          3,
          3,
          3
        ],
        [
          3,
          3,
          3
        ],
        [
          3,
          3,
          3
        ]
      ]
    }
  },
  "student": {
    "date": "2021.10.24",
    "student_educated": true,
    "student_grade": "고등_1학년",
    "location": "063",
    "student_grade_group": "고등",
    "student_reading": 1
  },
  "rubric": {
    "essay_grade": "고등_1학년",
    "organization_weight": {
      "org_paragraph": 0,
      "org": 3,
      "org_essay": 6,
      "org_coherence": 3,
      "org_quantity": 1
    },
    "essay_type": "찬성반대",
    "content_weight": {
      "con_clearance": 3,
      "con_novelty": 3,
      "con": 4,
      "con_prompt": 1,
      "con_description": 3
    },
    "essay_main_subject": "비혼주의자에 대한 본인의 의견",
    "expression_weight": {
      "exp_style": 4,
      "exp_grammar": 2,
      "exp_vocab": 4,
      "exp": 3
    }
  },
  "correction": [],
  "info": {
    "essay_id": "ESSAY_43923",
    "essay_prompt": " \"\"연애는 필수, 결혼은 선택! 가슴이 뛰는 대로 가면 돼\"\".\n\n 유명한 유행가의 노래 가사처럼, 청년들에게 결혼은 이제 필수가 아닌 하나의 선택 사항입니다. 연애, 결혼, 출산을 포기한다는 의미의 '3포세대'라는 말이 나오기 무섭게 5포 세대, N포세대까지 등장할 정도로 취업난, 치솟는 부동산 가격 등 여러 사회·경제적 요인들로 청년층을 위축시켰습니다.\n\n 모두가 이러한 이유로 '결혼을 포기'하는 것만은 아닙니다. 개인의 행복을 위해 '비혼을 선택'하는 청년들도 늘고 있습니다. 이처럼 최근 전통적인 가치관에서 벗어나 연애와 동거는 하면서 결혼이라는 제도에 묶여 관계에서 파생되는 책임을 벗어나 자유로운 삶을 추구하는 비혼주의자가 늘고 있습니다.\n\n 다만, 개인의 자유로운 선택에 따라 비혼주의를 하지만 주변에서는 아직 고운 시선으로 바라보지 않는 사람도 많습니다. 결혼이라는 제도에 대해서 선택이 아닌 필수라고 생각하는 사람들도 많지요. 개개인이 모여 사회가 형성되기 때문에 사회의 가장 작은 단위인 가족을 이루는 것도 사회 구성원으로서의 큰 역할이라고 생각하는 사람들도 있습니다.\n\n 여러분은 결혼을 꼭 해야 한다고 생각하시나요? 아니면 결혼은 선택의 문제라고 생각하시나요? 비혼주의에 대해 찬성하는 입장 반대를 선택하여 자신의 의견을 작성해주세요. 그리고 그렇게 생각한 이유에 대해서 작성해주세요.",
    "essay_type": "찬성반대",
    "essay_level": "2",
    "essay_len": 1123,
    "essay_main_subject": "비혼주의자에 대한 본인의 의견"
  }
}