{
  "paragraph": [
    {
      "paragraph_txt": "우리 할아버지는 연세가 84세이시다.#@문장구분#할아버지 형제는 할아버지 포함해서 10남매 이시다.#@문장구분# 그 오랜시절에는 10남매,8남매가 흔했다고 하신다.#@문장구분# 그중 장남으로 태어난 우리할아버지 밑으로 동생9명과 상할머니 까지 총11명이 한집에서 사셨다.#@문장구분# 상할아버지는 일찍 세상을 떠나셔서 우리할아버지께서 동생들과 상할머니를 돌보셨다.#@문장구분# 집이 너무 가난해 장남이라도 공부할 수가 없어서 할아버지는 일찍부터 논이며,밭으로 일을 하러 다니셨다고 하셨다.#@문장구분# 할아버지는 할머니를 중매로 만나셔서 결혼하셨다.#@문장구분# 할머니는 줄줄이 딸린 동생들이 할아버지만 기다리고,할아버한테만 기대어 살아 할아버지 너무나 불쌍하셨다고 한다.#@문장구분# 찢어지게 가난해도 제사만해도 일년12번 꼬박꼬박 지냈고, 그동생들 뒷바라지하시느라 정작 할아버지는 식사도 제대로 못하셨다한다.#@문장구분# 할아버지의 고생도 많으셨겠지만 할머니도 시집오셔서 고생이 많으셨을것 같다.#@문장구분# 명절때마다 시골을 가시고 돈이필요할때마다 나몰라라 할수없었고 동생들 시집,장가 보내시느라 등골이 휘셨다고 말씀하셨다.#@문장구분# 어떻게 그렇게 사셨을까?#@문장구분# 할아버지도,할머니도 나는 존경한다. #@문장구분#그리고 안쓰러우셨다.#@문장구분# 동생들,시동생들 뒷바라지하시느라 얼마나 고생하셨을까?#@문장구분# 나는 비혼주의다.#@문장구분# 요즘은 10남매,8남매 이렇게 낳고 살지는 않지만 형제를 위해 그렇게 고생하며 살고 싶지않다.#@문장구분# 내가 좋아하는일,내가 하고싶은 일을 마음대로 하며 살고싶다.#@문장구분# 옛날 할머니, 할아버지 시대처럼 희생하며 살고싶지않다.#@문장구분#하나뿐인 내인생 즐기며 살것이다.#@문장구분#나를 키워주신 부모님께 보답하며 살것이다.#@문장구분# 시집살이하며 살고싶지 않다.#@문장구분#",
      "paragraph_len": 1207,
      "paragraph_id": "001"
    }
  ],
  "score": {
    "paragraph_score": [
      {
        "paragraph_scoreT": [
          2.6,
          2.6,
          3
        ],
        "paragraph_scoreT_detail": {
          "paragraph_scoreT_exp": [
            [
              3,
              3,
              2
            ],
            [
              3,
              3,
              2
            ],
            [
              3,
              3,
              3
            ]
          ]
        },
        "paragraph_scoreT_avg": 2.7333333,
        "paragraph_id": "001"
      }
    ],
    "essay_scoreT": [
      26.7,
      25.5,
      28.4
    ],
    "essay_scoreT_avg": 26.866667,
    "essay_scoreT_detail": {
      "essay_scoreT_org": [
        [
          3,
          0,
          2,
          3
        ],
        [
          3,
          0,
          2,
          3
        ],
        [
          3,
          0,
          3,
          3
        ]
      ],
      "essay_scoreT_cont": [
        [
          3,
          2,
          3,
          3
        ],
        [
          3,
          2,
          3,
          2
        ],
        [
          2,
          3,
          2,
          3
        ]
      ],
      "essay_scoreT_exp": [
        [
          3,
          3,
          2
        ],
        [
          3,
          3,
          2
        ],
        [
          3,
          3,
          3
        ]
      ]
    }
  },
  "student": {
    "date": "2021.12.22",
    "student_educated": true,
    "student_grade": "고등_1학년",
    "location": "031",
    "student_grade_group": "고등",
    "student_reading": 2
  },
  "rubric": {
    "essay_grade": "고등_1학년",
    "organization_weight": {
      "org_paragraph": 0,
      "org": 3,
      "org_essay": 6,
      "org_coherence": 3,
      "org_quantity": 1
    },
    "essay_type": "찬성반대",
    "content_weight": {
      "con_clearance": 3,
      "con_novelty": 3,
      "con": 4,
      "con_prompt": 1,
      "con_description": 3
    },
    "essay_main_subject": "비혼주의자에 대한 본인의 의견",
    "expression_weight": {
      "exp_style": 4,
      "exp_grammar": 2,
      "exp_vocab": 4,
      "exp": 3
    }
  },
  "correction": [],
  "info": {
    "essay_id": "ESSAY_72064",
    "essay_prompt": " \"\"연애는 필수, 결혼은 선택! 가슴이 뛰는 대로 가면 돼\"\".\n\n 유명한 유행가의 노래 가사처럼, 청년들에게 결혼은 이제 필수가 아닌 하나의 선택 사항입니다. 연애, 결혼, 출산을 포기한다는 의미의 '3포세대'라는 말이 나오기 무섭게 5포 세대, N포세대까지 등장할 정도로 취업난, 치솟는 부동산 가격 등 여러 사회·경제적 요인들로 청년층을 위축시켰습니다.\n\n 모두가 이러한 이유로 '결혼을 포기'하는 것만은 아닙니다. 개인의 행복을 위해 '비혼을 선택'하는 청년들도 늘고 있습니다. 이처럼 최근 전통적인 가치관에서 벗어나 연애와 동거는 하면서 결혼이라는 제도에 묶여 관계에서 파생되는 책임을 벗어나 자유로운 삶을 추구하는 비혼주의자가 늘고 있습니다.\n\n 다만, 개인의 자유로운 선택에 따라 비혼주의를 하지만 주변에서는 아직 고운 시선으로 바라보지 않는 사람도 많습니다. 결혼이라는 제도에 대해서 선택이 아닌 필수라고 생각하는 사람들도 많지요. 개개인이 모여 사회가 형성되기 때문에 사회의 가장 작은 단위인 가족을 이루는 것도 사회 구성원으로서의 큰 역할이라고 생각하는 사람들도 있습니다.\n\n 여러분은 결혼을 꼭 해야 한다고 생각하시나요? 아니면 결혼은 선택의 문제라고 생각하시나요? 비혼주의에 대해 찬성하는 입장 반대를 선택하여 자신의 의견을 작성해주세요. 그리고 그렇게 생각한 이유에 대해서 작성해주세요.",
    "essay_type": "찬성반대",
    "essay_level": "2",
    "essay_len": 770,
    "essay_main_subject": "비혼주의자에 대한 본인의 의견"
  }
}