{
  "paragraph": [
    {
      "paragraph_txt": "저는 비혼주의에 대해 찬성하는 의견입니다.#@문장구분# 옛날에는 가정을 이루어 대를 이어 나가야 한다는 말이 많았다,#@문장구분# 하지만 요즘 시대에는 결혼 대신에 오롯이 본인을 위한 인생을 살고 싶어 하는 사람들이 급격하게 늘어나고 있다.#@문장구분# 우리나라는 지속적인 경제성장을 이루고 있지만 이에 전체적인 물가상승, 집값이 하늘을 치솟고 있는 상황에서 가정을 꾸린다는 것은 옛날에 비해 많이 부담스럽다고 할 수 있다.#@문장구분# 직장에서 받는 월급으로는 자기만의 집을 가지는 것은 현재 우리나라에서는 거의 불가능하다고 볼 수 있다.#@문장구분# 이에 대부분 사람은 대출을 통해 집을 얻은 뒤 대출금을 갚아가면서 살아가는 것이다.#@문장구분# 요즘 MZ 세대 사이에서는 YOLO (You only Live Once), 인생은 오직 한 번뿐이라는 개념이 탄생하면서 본인의 오직 한 번뿐인 인생을 많은 희생과 배려가 필요한 결혼이 아닌 혼자만의 멋진 인생을 살고 싶어 하는 사람들이 늘어났다.#@문장구분# 결혼 비용을 대신해 자신이 배우고 싶은 새로운 취미에 투자하고 집도 아이들이 편하게 뛰어놀 수 있는 그런 넓은 공간이 아닌 본인 혼자서도 충분히 지낼 수 있는 집을 가져 재정적인 부담을 덜고 다른 새로운 가치를 찾을 수 있는 여유가 생기기 때문이다.#@문장구분# 결혼을 통해 발생하는 복합적인 스트레스, 다툼은 결국 외도, 더 나아가 이혼이라는 파멸을 맞이하게 되고 이는 아무것도 모르는 자식들에게도 큰 손해를 끼친다고 생각한다.#@문장구분# 부부 사이에는 이런 말이 있다.#@문장구분# 부부 사이는 신혼 때처럼 불타는 건 잠시고 육아가 시작되고 나서는 설렘이 사라지고 나중에는 의리를 살아간다고 한다.#@문장구분#결국 이런 뻔한 결말을 맞이하는 것보단 자신의 가치를 더 빛낼 수 있는 인생을 살아가는 게 더 중요하다고 생각한다.#@문장구분#",
      "paragraph_len": 1080,
      "paragraph_id": "001"
    }
  ],
  "score": {
    "paragraph_score": [
      {
        "paragraph_scoreT": [
          3,
          3,
          3
        ],
        "paragraph_scoreT_detail": {
          "paragraph_scoreT_exp": [
            [
              3,
              3,
              3
            ],
            [
              3,
              3,
              3
            ],
            [
              3,
              3,
              3
            ]
          ]
        },
        "paragraph_scoreT_avg": 3,
        "paragraph_id": "001"
      }
    ],
    "essay_scoreT": [
      30,
      30,
      30
    ],
    "essay_scoreT_avg": 30,
    "essay_scoreT_detail": {
      "essay_scoreT_org": [
        [
          3,
          0,
          3,
          3
        ],
        [
          3,
          0,
          3,
          3
        ],
        [
          3,
          0,
          3,
          3
        ]
      ],
      "essay_scoreT_cont": [
        [
          3,
          3,
          3,
          3
        ],
        [
          3,
          3,
          3,
          3
        ],
        [
          3,
          3,
          3,
          3
        ]
      ],
      "essay_scoreT_exp": [
        [
          3,
          3,
          3
        ],
        [
          3,
          3,
          3
        ],
        [
          3,
          3,
          3
        ]
      ]
    }
  },
  "student": {
    "date": "2021.12.14",
    "student_educated": true,
    "student_grade": "고등_1학년",
    "location": "042",
    "student_grade_group": "고등",
    "student_reading": 2
  },
  "rubric": {
    "essay_grade": "고등_1학년",
    "organization_weight": {
      "org_paragraph": 0,
      "org": 3,
      "org_essay": 6,
      "org_coherence": 3,
      "org_quantity": 1
    },
    "essay_type": "찬성반대",
    "content_weight": {
      "con_clearance": 3,
      "con_novelty": 3,
      "con": 4,
      "con_prompt": 1,
      "con_description": 3
    },
    "essay_main_subject": "비혼주의자에 대한 본인의 의견",
    "expression_weight": {
      "exp_style": 4,
      "exp_grammar": 2,
      "exp_vocab": 4,
      "exp": 3
    }
  },
  "correction": [],
  "info": {
    "essay_id": "ESSAY_61640",
    "essay_prompt": " \"\"연애는 필수, 결혼은 선택! 가슴이 뛰는 대로 가면 돼\"\".\n\n 유명한 유행가의 노래 가사처럼, 청년들에게 결혼은 이제 필수가 아닌 하나의 선택 사항입니다. 연애, 결혼, 출산을 포기한다는 의미의 '3포세대'라는 말이 나오기 무섭게 5포 세대, N포세대까지 등장할 정도로 취업난, 치솟는 부동산 가격 등 여러 사회·경제적 요인들로 청년층을 위축시켰습니다.\n\n 모두가 이러한 이유로 '결혼을 포기'하는 것만은 아닙니다. 개인의 행복을 위해 '비혼을 선택'하는 청년들도 늘고 있습니다. 이처럼 최근 전통적인 가치관에서 벗어나 연애와 동거는 하면서 결혼이라는 제도에 묶여 관계에서 파생되는 책임을 벗어나 자유로운 삶을 추구하는 비혼주의자가 늘고 있습니다.\n\n 다만, 개인의 자유로운 선택에 따라 비혼주의를 하지만 주변에서는 아직 고운 시선으로 바라보지 않는 사람도 많습니다. 결혼이라는 제도에 대해서 선택이 아닌 필수라고 생각하는 사람들도 많지요. 개개인이 모여 사회가 형성되기 때문에 사회의 가장 작은 단위인 가족을 이루는 것도 사회 구성원으로서의 큰 역할이라고 생각하는 사람들도 있습니다.\n\n 여러분은 결혼을 꼭 해야 한다고 생각하시나요? 아니면 결혼은 선택의 문제라고 생각하시나요? 비혼주의에 대해 찬성하는 입장 반대를 선택하여 자신의 의견을 작성해주세요. 그리고 그렇게 생각한 이유에 대해서 작성해주세요.",
    "essay_type": "찬성반대",
    "essay_level": "2",
    "essay_len": 841,
    "essay_main_subject": "비혼주의자에 대한 본인의 의견"
  }
}