{
  "paragraph": [
    {
      "paragraph_txt": "국어사전에 비혼주의 라는 낱말을 검색해 봤다.#@문장구분# 그 결과는 없는 단어였다.#@문장구분# 전에는 없었던 말인 것이다.#@문장구분# 유교사상이 강한 우리나라에서 가장 중요시 한 것이 있다.#@문장구분# 대를 잇는 다는 것이다.#@문장구분# 대가 끊어지면 안 된다는 것 하나로 아들을 원했다.#@문장구분# 그것은 인간으로 당연한 것인 것 같다.#@문장구분# 자식을 낳지 않으면 100년 후에는 이 땅에 살고 있는 사람은 없을 것이다.#@문장구분# 꽃들이 향기를 내어 벌과 나비를 유인 하는 것이 무엇 때문인가 꽃가루를 옮겨 결실하기 때문이다.#@문장구분# 동물들도 마찬가지이다.#@문장구분# 화려하게 보이려고 하고 짝을 찾는 울음소리를 낸다.#@문장구분# 알을 낳으면 죽는 곤충들도 많은데 그래도 기꺼이 번식을 하고 생을 마감한다.#@문장구분# 대가 끊어지지 않게 하는 것은 생존본능이다.#@문장구분# 열심히 공부하고 나를 가꾸는 것은 좋은 짝을 만나기 위해서였고 그래야 좋은 자녀를 낳고 기를 수 있다고 여겼던 것이다.#@문장구분# 남자는 예쁜 여자에게 마음이 끌리고 여자는 능력 있는 남자에게 끌리는 것 또한 자녀를 위하는 본성에서 그런 것이다.#@문장구분# 그런데 어느 날에선가부터 자녀를 낳고 기르며 희생하는 것이 억울하다 여겨지게 되었고 남자는 돈 버는 기계 같다는 인식이 퍼지기 시작했다.#@문장구분# 그렇게 자신을 위하다 보니 결혼 제도에 묶여 살고 싶지 않다는 분위기가 조성되었고 거기에 청년층이 사회적, 경제적으로 설 자리가 없어지면서 더욱더 힘든 상황이 된 것 같다.#@문장구분# 하지만 편하고 좋은 것만 찾는 것이 과연 옳은 것인가 되물을 필요가 있다.#@문장구분# 나도 누군가의 희생과 양육 속에서 태어났고 그것에 대한 보답이 나도 누군가를 길러내는 희생이라고 생각한다.#@문장구분# 어찌 나만 좋자고 살수 있는가.#@문장구분# 그래서 비혼주의를 반대하는 입장이다.#@문장구분#",
      "paragraph_len": 1227,
      "paragraph_id": "001"
    }
  ],
  "score": {
    "paragraph_score": [
      {
        "paragraph_scoreT": [
          3,
          3,
          2.6
        ],
        "paragraph_scoreT_detail": {
          "paragraph_scoreT_exp": [
            [
              3,
              3,
              3
            ],
            [
              3,
              3,
              3
            ],
            [
              3,
              3,
              2
            ]
          ]
        },
        "paragraph_scoreT_avg": 2.8666668,
        "paragraph_id": "001"
      }
    ],
    "essay_scoreT": [
      30,
      29.7,
      26
    ],
    "essay_scoreT_avg": 28.566666,
    "essay_scoreT_detail": {
      "essay_scoreT_org": [
        [
          3,
          0,
          3,
          3
        ],
        [
          3,
          0,
          3,
          2
        ],
        [
          3,
          0,
          3,
          3
        ]
      ],
      "essay_scoreT_cont": [
        [
          3,
          3,
          3,
          3
        ],
        [
          3,
          3,
          3,
          3
        ],
        [
          2,
          3,
          2,
          2
        ]
      ],
      "essay_scoreT_exp": [
        [
          3,
          3,
          3
        ],
        [
          3,
          3,
          3
        ],
        [
          3,
          3,
          2
        ]
      ]
    }
  },
  "student": {
    "date": "2021.12.13",
    "student_educated": true,
    "student_grade": "고등_1학년",
    "location": "031",
    "student_grade_group": "고등",
    "student_reading": 2
  },
  "rubric": {
    "essay_grade": "고등_1학년",
    "organization_weight": {
      "org_paragraph": 0,
      "org": 3,
      "org_essay": 6,
      "org_coherence": 3,
      "org_quantity": 1
    },
    "essay_type": "찬성반대",
    "content_weight": {
      "con_clearance": 3,
      "con_novelty": 3,
      "con": 4,
      "con_prompt": 1,
      "con_description": 3
    },
    "essay_main_subject": "비혼주의자에 대한 본인의 의견",
    "expression_weight": {
      "exp_style": 4,
      "exp_grammar": 2,
      "exp_vocab": 4,
      "exp": 3
    }
  },
  "correction": [],
  "info": {
    "essay_id": "ESSAY_71322",
    "essay_prompt": " \"\"연애는 필수, 결혼은 선택! 가슴이 뛰는 대로 가면 돼\"\".\n\n 유명한 유행가의 노래 가사처럼, 청년들에게 결혼은 이제 필수가 아닌 하나의 선택 사항입니다. 연애, 결혼, 출산을 포기한다는 의미의 '3포세대'라는 말이 나오기 무섭게 5포 세대, N포세대까지 등장할 정도로 취업난, 치솟는 부동산 가격 등 여러 사회·경제적 요인들로 청년층을 위축시켰습니다.\n\n 모두가 이러한 이유로 '결혼을 포기'하는 것만은 아닙니다. 개인의 행복을 위해 '비혼을 선택'하는 청년들도 늘고 있습니다. 이처럼 최근 전통적인 가치관에서 벗어나 연애와 동거는 하면서 결혼이라는 제도에 묶여 관계에서 파생되는 책임을 벗어나 자유로운 삶을 추구하는 비혼주의자가 늘고 있습니다.\n\n 다만, 개인의 자유로운 선택에 따라 비혼주의를 하지만 주변에서는 아직 고운 시선으로 바라보지 않는 사람도 많습니다. 결혼이라는 제도에 대해서 선택이 아닌 필수라고 생각하는 사람들도 많지요. 개개인이 모여 사회가 형성되기 때문에 사회의 가장 작은 단위인 가족을 이루는 것도 사회 구성원으로서의 큰 역할이라고 생각하는 사람들도 있습니다.\n\n 여러분은 결혼을 꼭 해야 한다고 생각하시나요? 아니면 결혼은 선택의 문제라고 생각하시나요? 비혼주의에 대해 찬성하는 입장 반대를 선택하여 자신의 의견을 작성해주세요. 그리고 그렇게 생각한 이유에 대해서 작성해주세요.",
    "essay_type": "찬성반대",
    "essay_level": "2",
    "essay_len": 807,
    "essay_main_subject": "비혼주의자에 대한 본인의 의견"
  }
}