{
  "paragraph": [
    {
      "paragraph_txt": "나는 일단 이 글을 쓰기 전에 비혼주의자라는 것이 무엇인지부터 알아보았다.#@문장구분# 비혼주의란 결혼은 필수가 아니라, 선택이라고 생각하는 이'를 일컫는 말이다. 라고 정의 되어 있었다.#@문장구분# 이런 비혼주의자들에 대한 나의 입장은 찬성이다.#@문장구분# 내가 비혼주의자에 대해 찬성하는 이유는 모두가 알지 못하는 각자의 사정이라는게 있을것이고, 결혼이라는 것은 쉬운 선택이 아닐뿐더러, 결혼은 자신의 인생의 절반을 바치는것이기 때문에 원하지 않으면 하지 않는게 맞다고 생각해서이다.#@문장구분# 반대 입장이 반대를 하는 이유는 무엇일까?#@문장구분# 내가 생각하기엔 반대입장들은 사회 문제 때문에 반대한다고 생각한다.#@문장구분# 저출산 문제가 심각해지다 보니, 이런 비혼주의자들이 많아지면 많아질수록 저출산의 문제가 더욱 심각해 질테니까.#@문장구분# 하지만 나는 이런 사회 문제를 개선하기 위해 자신이 원하지 않는 결혼을 하는 것이 더 큰 문제라고 생각하기 때문에 비혼주의자를 찬성한다.#@문장구분# 비혼 주의자들은 결혼이라는 제도를 거부하는 사람들인데, 그렇다면 그들이 결혼이라는 제도를 거부하는 이유는 무엇일까?#@문장구분# 각자의 사정엔 어떤 것이 있을까?#@문장구분# 내가 생각한 그들의 사정은 여러 가지가 있다.#@문장구분# 결혼을 하기 위해서는 무엇보다 돈이 필요하다. 하지만 그만큼의 돈이 없는 사람이 있을 수도 있고, 결혼을 하고 아이를 낳는것에 대한 두려움, 육아를 하는것에 대한 두려움 등이 있을수 있고, 아직은 혼자만의 시간을 누리고 싶을수 있고, 아직은 일이 더 좋을수 있고, 자신이 가족이 될 배우자의 가족들과 맞지 않아 갈등이 생길 수 있다는 점들이 있을 것 같다.#@문장구분# 그렇다면 비혼주의자들을 존중하며 사회 문제를 해결할수 있는 방안은 어떤게 있을까?#@문장구분# 이것은 함께 생각해봐야할 모두의 숙제인 것 같다.#@문장구분#",
      "paragraph_len": 1118,
      "paragraph_id": "001"
    }
  ],
  "score": {
    "paragraph_score": [
      {
        "paragraph_scoreT": [
          3,
          3,
          3
        ],
        "paragraph_scoreT_detail": {
          "paragraph_scoreT_exp": [
            [
              3,
              3,
              3
            ],
            [
              3,
              3,
              3
            ],
            [
              3,
              3,
              3
            ]
          ]
        },
        "paragraph_scoreT_avg": 3,
        "paragraph_id": "001"
      }
    ],
    "essay_scoreT": [
      28.8,
      30,
      29.7
    ],
    "essay_scoreT_avg": 29.5,
    "essay_scoreT_detail": {
      "essay_scoreT_org": [
        [
          3,
          0,
          3,
          3
        ],
        [
          3,
          0,
          3,
          3
        ],
        [
          3,
          0,
          3,
          2
        ]
      ],
      "essay_scoreT_cont": [
        [
          3,
          2,
          3,
          3
        ],
        [
          3,
          3,
          3,
          3
        ],
        [
          3,
          3,
          3,
          3
        ]
      ],
      "essay_scoreT_exp": [
        [
          3,
          3,
          3
        ],
        [
          3,
          3,
          3
        ],
        [
          3,
          3,
          3
        ]
      ]
    }
  },
  "student": {
    "date": "2021.11.23",
    "student_educated": true,
    "student_grade": "고등_1학년",
    "location": "063",
    "student_grade_group": "고등",
    "student_reading": 1
  },
  "rubric": {
    "essay_grade": "고등_1학년",
    "organization_weight": {
      "org_paragraph": 0,
      "org": 3,
      "org_essay": 6,
      "org_coherence": 3,
      "org_quantity": 1
    },
    "essay_type": "찬성반대",
    "content_weight": {
      "con_clearance": 3,
      "con_novelty": 3,
      "con": 4,
      "con_prompt": 1,
      "con_description": 3
    },
    "essay_main_subject": "비혼주의자에 대한 본인의 의견",
    "expression_weight": {
      "exp_style": 4,
      "exp_grammar": 2,
      "exp_vocab": 4,
      "exp": 3
    }
  },
  "correction": [],
  "info": {
    "essay_id": "ESSAY_48453",
    "essay_prompt": " \"\"연애는 필수, 결혼은 선택! 가슴이 뛰는 대로 가면 돼\"\".\n\n 유명한 유행가의 노래 가사처럼, 청년들에게 결혼은 이제 필수가 아닌 하나의 선택 사항입니다. 연애, 결혼, 출산을 포기한다는 의미의 '3포세대'라는 말이 나오기 무섭게 5포 세대, N포세대까지 등장할 정도로 취업난, 치솟는 부동산 가격 등 여러 사회·경제적 요인들로 청년층을 위축시켰습니다.\n\n 모두가 이러한 이유로 '결혼을 포기'하는 것만은 아닙니다. 개인의 행복을 위해 '비혼을 선택'하는 청년들도 늘고 있습니다. 이처럼 최근 전통적인 가치관에서 벗어나 연애와 동거는 하면서 결혼이라는 제도에 묶여 관계에서 파생되는 책임을 벗어나 자유로운 삶을 추구하는 비혼주의자가 늘고 있습니다.\n\n 다만, 개인의 자유로운 선택에 따라 비혼주의를 하지만 주변에서는 아직 고운 시선으로 바라보지 않는 사람도 많습니다. 결혼이라는 제도에 대해서 선택이 아닌 필수라고 생각하는 사람들도 많지요. 개개인이 모여 사회가 형성되기 때문에 사회의 가장 작은 단위인 가족을 이루는 것도 사회 구성원으로서의 큰 역할이라고 생각하는 사람들도 있습니다.\n\n 여러분은 결혼을 꼭 해야 한다고 생각하시나요? 아니면 결혼은 선택의 문제라고 생각하시나요? 비혼주의에 대해 찬성하는 입장 반대를 선택하여 자신의 의견을 작성해주세요. 그리고 그렇게 생각한 이유에 대해서 작성해주세요.",
    "essay_type": "찬성반대",
    "essay_level": "2",
    "essay_len": 838,
    "essay_main_subject": "비혼주의자에 대한 본인의 의견"
  }
}