{
  "paragraph": [
    {
      "paragraph_txt": "비혼주의자에 대한 저의 생각은 찬성입니다.#@문장구분# 왜냐하면 결혼은 필수가 아닌 선택 즉 자신이 원하면 할 수 있는 것입니다.#@문장구분# 결혼을 하려 자기 자신의 아이를 낳아 키울 때 양육비가 많이 듭니다.#@문장구분# 또한 결혼을 하면 외롭지는 않을지언정 자신의 자유로운 삶은 없어질 수 있습니다.#@문장구분# 그리고 취업을 한 여성이 결혼을 하여 임신을 한 상황이라면 그 여성은 육아휴직을 합니다.#@문장구분# 그럼 그 육아휴직때 아이를 가지고 출산을 하고 조금의 회복시간이 지나면 그 시간이 지난만큼 배운 것도 잊어버릴 수 있습니다.#@문장구분# 같이 들어온 회사 동기와 실적 차이가 난다며 상사들이 구박을 하여 매우 힘들 수 있습니다.#@문장구분# 그리고 결혼을 하면 배우자의 가족들과도 불편할 수 있습니다.#@문장구분# 배우자의 부모님들이 고가의 선물을 해주시거나 집을 사주실 수 있습니다.#@문장구분# 그런 고가의 선물을 받으면 너무 부담이 되어 어떻게 해야 될지 대부분 모르고 큰 부담이 될 수 있습니다.#@문장구분# 또한 결혼을 하여 긴 인생을 같이 살지만 그 긴 인생 중 사랑이 변할 수 있습니다.#@문장구분# 사랑이 변하면 이혼이라는 큰 결정을 해야되고 아이가 있을 때 그 결정을 해야 한다면 너무나도 큰 고민을 하여 힘들 수 있습니다.#@문장구분# 그리고 결혼을 했지만 배우자와 성격차이 때문에 힘들 수 있습니다.#@문장구분# 그리고 배우자를 배려하고 자신의 희생하며 살면 자신의 삶이 불편하고 힘들 수 있습니다.#@문장구분# 그러므로 저는 결혼은 꼭 필수가 아니라는 것을 비혼주의자에 대하여 찬성하는 바입니다.#@문장구분#",
      "paragraph_len": 1006,
      "paragraph_id": "001"
    }
  ],
  "score": {
    "paragraph_score": [
      {
        "paragraph_scoreT": [
          3,
          2.6,
          3
        ],
        "paragraph_scoreT_detail": {
          "paragraph_scoreT_exp": [
            [
              3,
              3,
              3
            ],
            [
              3,
              3,
              2
            ],
            [
              3,
              3,
              3
            ]
          ]
        },
        "paragraph_scoreT_avg": 2.8666668,
        "paragraph_id": "001"
      }
    ],
    "essay_scoreT": [
      28.2,
      27.3,
      30
    ],
    "essay_scoreT_avg": 28.5,
    "essay_scoreT_detail": {
      "essay_scoreT_org": [
        [
          3,
          0,
          3,
          1
        ],
        [
          3,
          0,
          3,
          2
        ],
        [
          3,
          0,
          3,
          3
        ]
      ],
      "essay_scoreT_cont": [
        [
          3,
          2,
          3,
          3
        ],
        [
          3,
          2,
          3,
          3
        ],
        [
          3,
          3,
          3,
          3
        ]
      ],
      "essay_scoreT_exp": [
        [
          3,
          3,
          3
        ],
        [
          3,
          3,
          2
        ],
        [
          3,
          3,
          3
        ]
      ]
    }
  },
  "student": {
    "date": "2021.11.08",
    "student_educated": true,
    "student_grade": "고등_1학년",
    "location": "054",
    "student_grade_group": "고등",
    "student_reading": 1
  },
  "rubric": {
    "essay_grade": "고등_1학년",
    "organization_weight": {
      "org_paragraph": 0,
      "org": 3,
      "org_essay": 6,
      "org_coherence": 3,
      "org_quantity": 1
    },
    "essay_type": "찬성반대",
    "content_weight": {
      "con_clearance": 3,
      "con_novelty": 3,
      "con": 4,
      "con_prompt": 1,
      "con_description": 3
    },
    "essay_main_subject": "비혼주의자에 대한 본인의 의견",
    "expression_weight": {
      "exp_style": 4,
      "exp_grammar": 2,
      "exp_vocab": 4,
      "exp": 3
    }
  },
  "correction": [],
  "info": {
    "essay_id": "ESSAY_40863",
    "essay_prompt": " \"\"연애는 필수, 결혼은 선택! 가슴이 뛰는 대로 가면 돼\"\".\n\n 유명한 유행가의 노래 가사처럼, 청년들에게 결혼은 이제 필수가 아닌 하나의 선택 사항입니다. 연애, 결혼, 출산을 포기한다는 의미의 '3포세대'라는 말이 나오기 무섭게 5포 세대, N포세대까지 등장할 정도로 취업난, 치솟는 부동산 가격 등 여러 사회·경제적 요인들로 청년층을 위축시켰습니다.\n\n 모두가 이러한 이유로 '결혼을 포기'하는 것만은 아닙니다. 개인의 행복을 위해 '비혼을 선택'하는 청년들도 늘고 있습니다. 이처럼 최근 전통적인 가치관에서 벗어나 연애와 동거는 하면서 결혼이라는 제도에 묶여 관계에서 파생되는 책임을 벗어나 자유로운 삶을 추구하는 비혼주의자가 늘고 있습니다.\n\n 다만, 개인의 자유로운 선택에 따라 비혼주의를 하지만 주변에서는 아직 고운 시선으로 바라보지 않는 사람도 많습니다. 결혼이라는 제도에 대해서 선택이 아닌 필수라고 생각하는 사람들도 많지요. 개개인이 모여 사회가 형성되기 때문에 사회의 가장 작은 단위인 가족을 이루는 것도 사회 구성원으로서의 큰 역할이라고 생각하는 사람들도 있습니다.\n\n 여러분은 결혼을 꼭 해야 한다고 생각하시나요? 아니면 결혼은 선택의 문제라고 생각하시나요? 비혼주의에 대해 찬성하는 입장 반대를 선택하여 자신의 의견을 작성해주세요. 그리고 그렇게 생각한 이유에 대해서 작성해주세요.",
    "essay_type": "찬성반대",
    "essay_level": "2",
    "essay_len": 706,
    "essay_main_subject": "비혼주의자에 대한 본인의 의견"
  }
}