{
  "paragraph": [
    {
      "paragraph_txt": "요즘들어 폭등한 부동산 가격과 취업난들로 젊은 청년들이 비혼을 선언하는 경우가 많아졌습니다.#@문장구분# 또한 지금 자신의 자유로운 삶이 좋다하여 비혼을 하는 인구도 많아졌습니다.#@문장구분# 하지만 저는 결혼이라는 제도가 선택이 아닌 필수라고 생각합니다.#@문장구분# 그이유로는 지금은 여러 가지 일 때문에 힘들겠지만 나중에 경제적으로 안정을 찾았을 때 그때도 혼자서 지내면 삶이 허무해 질것입니다.#@문장구분# 물론 자유로운 삶을 사는 것도 중요하지만 가정을 꾸려서 살면 정신적 심리적으로 많이 안정이 될 것입니다.#@문장구분# 혼자 오랜시간 동안 살면 우울증이 생길 확률도 높아집니다.#@문장구분# 하지만 돈을 벌어서 안정적인 직장을 구해 가정을 꾸리는건 평범하지만 절대 쉽지 않습니다.#@문장구분#이부분은 정부가 부동산과 결혼장려 지원금을 마련해 주는 것도 하나의 해결 방법이라고 생각합니다.#@문장구분# 지금 우리나라의 고령화 문제가 심각한건 모두가 아는 사실입니다.#@문장구분#하지만 결혼을 해서 가정을 꾸리는 인구가 많아지면 나에겐 물론 우리나라에게도 큰 이득으로 다가올 것입니다.#@문장구분# 그렇기에 저는 결혼이 선택이 아닌 필수라고 생각됩니다.#@문장구분#그렇다고 결혼 안하는 사람들을 이해하지 못하는 것은 아닙니다.#@문장구분# 각자의 생활이 있기 때문에 결혼을 하거나 안하거나 하는 것이기 때문에 결혼을 안한다고 적폐라고 생각하지 않습니다. #@문장구분#그리고 요즘에는 딩크족이라고 결혼은 하지만 아이를 갖지 않는 부부들도 많이 있습니다.#@문장구분# 즉 결혼이나 아이를 갖는거나 다 개인의 선택이라는 것입니다. #@문장구분#하지만 저는 비혼주의에 부정적인 의견을 갖고있습니다. #@문장구분#그렇지만 비혼주의자들을 폄하하는 것이 아닌 존중하는 것입니다.#@문장구분# 이상입니다.#@문장구분#",
      "paragraph_len": 1136,
      "paragraph_id": "001"
    }
  ],
  "score": {
    "paragraph_score": [
      {
        "paragraph_scoreT": [
          2.8,
          2.4,
          2.4
        ],
        "paragraph_scoreT_detail": {
          "paragraph_scoreT_exp": [
            [
              2,
              3,
              3
            ],
            [
              2,
              2,
              3
            ],
            [
              2,
              3,
              2
            ]
          ]
        },
        "paragraph_scoreT_avg": 2.5333333,
        "paragraph_id": "001"
      }
    ],
    "essay_scoreT": [
      29.4,
      23.9,
      26.6
    ],
    "essay_scoreT_avg": 26.633333,
    "essay_scoreT_detail": {
      "essay_scoreT_org": [
        [
          3,
          0,
          3,
          3
        ],
        [
          2,
          0,
          2,
          3
        ],
        [
          3,
          0,
          3,
          3
        ]
      ],
      "essay_scoreT_cont": [
        [
          3,
          3,
          3,
          3
        ],
        [
          3,
          2,
          2,
          3
        ],
        [
          3,
          2,
          2,
          3
        ]
      ],
      "essay_scoreT_exp": [
        [
          2,
          3,
          3
        ],
        [
          2,
          2,
          3
        ],
        [
          2,
          3,
          2
        ]
      ]
    }
  },
  "student": {
    "date": "2021.11.01",
    "student_educated": true,
    "student_grade": "고등_1학년",
    "location": "054",
    "student_grade_group": "고등",
    "student_reading": 2
  },
  "rubric": {
    "essay_grade": "고등_1학년",
    "organization_weight": {
      "org_paragraph": 0,
      "org": 3,
      "org_essay": 6,
      "org_coherence": 3,
      "org_quantity": 1
    },
    "essay_type": "찬성반대",
    "content_weight": {
      "con_clearance": 3,
      "con_novelty": 3,
      "con": 4,
      "con_prompt": 1,
      "con_description": 3
    },
    "essay_main_subject": "비혼주의자에 대한 본인의 의견",
    "expression_weight": {
      "exp_style": 4,
      "exp_grammar": 2,
      "exp_vocab": 4,
      "exp": 3
    }
  },
  "correction": [],
  "info": {
    "essay_id": "ESSAY_44305",
    "essay_prompt": " \"\"연애는 필수, 결혼은 선택! 가슴이 뛰는 대로 가면 돼\"\".\n\n 유명한 유행가의 노래 가사처럼, 청년들에게 결혼은 이제 필수가 아닌 하나의 선택 사항입니다. 연애, 결혼, 출산을 포기한다는 의미의 '3포세대'라는 말이 나오기 무섭게 5포 세대, N포세대까지 등장할 정도로 취업난, 치솟는 부동산 가격 등 여러 사회·경제적 요인들로 청년층을 위축시켰습니다.\n\n 모두가 이러한 이유로 '결혼을 포기'하는 것만은 아닙니다. 개인의 행복을 위해 '비혼을 선택'하는 청년들도 늘고 있습니다. 이처럼 최근 전통적인 가치관에서 벗어나 연애와 동거는 하면서 결혼이라는 제도에 묶여 관계에서 파생되는 책임을 벗어나 자유로운 삶을 추구하는 비혼주의자가 늘고 있습니다.\n\n 다만, 개인의 자유로운 선택에 따라 비혼주의를 하지만 주변에서는 아직 고운 시선으로 바라보지 않는 사람도 많습니다. 결혼이라는 제도에 대해서 선택이 아닌 필수라고 생각하는 사람들도 많지요. 개개인이 모여 사회가 형성되기 때문에 사회의 가장 작은 단위인 가족을 이루는 것도 사회 구성원으로서의 큰 역할이라고 생각하는 사람들도 있습니다.\n\n 여러분은 결혼을 꼭 해야 한다고 생각하시나요? 아니면 결혼은 선택의 문제라고 생각하시나요? 비혼주의에 대해 찬성하는 입장 반대를 선택하여 자신의 의견을 작성해주세요. 그리고 그렇게 생각한 이유에 대해서 작성해주세요.",
    "essay_type": "찬성반대",
    "essay_level": "2",
    "essay_len": 779,
    "essay_main_subject": "비혼주의자에 대한 본인의 의견"
  }
}