{
  "paragraph": [
    {
      "paragraph_txt": "저는 배우자의 선택에 따라 비혼주의가 될 수 도 있고 결혼주의가 될 수 도 있습니다.#@문장구분# 반평생을 혼자 살다가 둘이 같이 살게 되면 좋은 점도 있지만 안 좋은 점도 있습니다.#@문장구분# 일단 사랑하는 사람과 함께 산다는 것은 심적으로 안정감을 주며 누군가에게 기댈 수 있거나 반대로 버팀목이 될 수 있고 늙어서도 함께 동반자로써 살 수 있다는 점이입니다.#@문장구분# 또한 경제적인 면에서도 같이 맞벌이를 하고 돈을 모으면 빠른 시 일안에 돈을 모으고 삶의 질이 더 높아진다는 장점이 있습니다.#@문장구분# 하지만 단점으로는 우리가족 뿐만 아니라 배우자 가족도 함께 챙겨야하며, 각 종 경조사를 챙겨야하고 명절, 제사로 인하여 다투는 경우를 많이 보았으며, 혼자 살다가 배우자와 함께 살아야 하기에 다른 환경에서 다르게 살아왔기에 서로 조율하고 살기가 힘들다는 단점도 있습니다.#@문장구분# 배우자와 저와 적당한 합의점을 찾는다면 결혼을 하겠지만 그렇지 않다면 비혼주의로 살 생각입니다.#@문장구분# 제가 생각한 합의점은 첫 번째 자녀 계획은 세우지 않는 것입니다.#@문장구분# 자녀계획을 세우는 순간부터 둘이 일해서 버는 돈으로는 자녀가 원하는 것을 모두 시켜주면서 키우지 힘들기 때문이고 자녀로 인하여 들어가는 비용이 너무 많고 제 시간도 없어지기 때문입니다.#@문장구분# 두 번째는 각자가 번 돈은 각자가 쓰는 것입니다.#@문장구분# 집세, 세금, 생활비등 공동으로 들어가는 비용은 공동비로 각자 부담을 하고 나머지 금액은 각자 쓰고 싶은 곳에 쓰며 서로 터치를 하지 않는 것입니다.#@문장구분# 마지막으로는 개인 생활 보장입니다.#@문장구분# 서로 다른 환경에서 살아왔기 때문에 서로가 다름을 인정하고 개인 생활에 대해서 터치를 하지 않는다면 저는 결혼하여 살 수 있다고 생각합니다.#@문장구분#",
      "paragraph_len": 1059,
      "paragraph_id": "001"
    }
  ],
  "score": {
    "paragraph_score": [
      {
        "paragraph_scoreT": [
          3,
          3,
          2.2
        ],
        "paragraph_scoreT_detail": {
          "paragraph_scoreT_exp": [
            [
              3,
              3,
              3
            ],
            [
              3,
              3,
              3
            ],
            [
              3,
              2,
              2
            ]
          ]
        },
        "paragraph_scoreT_avg": 2.7333333,
        "paragraph_id": "001"
      }
    ],
    "essay_scoreT": [
      30,
      25.8,
      23.900002
    ],
    "essay_scoreT_avg": 26.566666,
    "essay_scoreT_detail": {
      "essay_scoreT_org": [
        [
          3,
          0,
          3,
          3
        ],
        [
          2,
          0,
          2,
          2
        ],
        [
          3,
          0,
          2,
          3
        ]
      ],
      "essay_scoreT_cont": [
        [
          3,
          3,
          3,
          3
        ],
        [
          3,
          2,
          3,
          3
        ],
        [
          2,
          2,
          2,
          3
        ]
      ],
      "essay_scoreT_exp": [
        [
          3,
          3,
          3
        ],
        [
          3,
          3,
          3
        ],
        [
          3,
          2,
          2
        ]
      ]
    }
  },
  "student": {
    "date": "2021.12.15",
    "student_educated": true,
    "student_grade": "고등_1학년",
    "location": "042",
    "student_grade_group": "고등",
    "student_reading": 2
  },
  "rubric": {
    "essay_grade": "고등_1학년",
    "organization_weight": {
      "org_paragraph": 0,
      "org": 3,
      "org_essay": 6,
      "org_coherence": 3,
      "org_quantity": 1
    },
    "essay_type": "찬성반대",
    "content_weight": {
      "con_clearance": 3,
      "con_novelty": 3,
      "con": 4,
      "con_prompt": 1,
      "con_description": 3
    },
    "essay_main_subject": "비혼주의자에 대한 본인의 의견",
    "expression_weight": {
      "exp_style": 4,
      "exp_grammar": 2,
      "exp_vocab": 4,
      "exp": 3
    }
  },
  "correction": [],
  "info": {
    "essay_id": "ESSAY_63004",
    "essay_prompt": " \"\"연애는 필수, 결혼은 선택! 가슴이 뛰는 대로 가면 돼\"\".\n\n 유명한 유행가의 노래 가사처럼, 청년들에게 결혼은 이제 필수가 아닌 하나의 선택 사항입니다. 연애, 결혼, 출산을 포기한다는 의미의 '3포세대'라는 말이 나오기 무섭게 5포 세대, N포세대까지 등장할 정도로 취업난, 치솟는 부동산 가격 등 여러 사회·경제적 요인들로 청년층을 위축시켰습니다.\n\n 모두가 이러한 이유로 '결혼을 포기'하는 것만은 아닙니다. 개인의 행복을 위해 '비혼을 선택'하는 청년들도 늘고 있습니다. 이처럼 최근 전통적인 가치관에서 벗어나 연애와 동거는 하면서 결혼이라는 제도에 묶여 관계에서 파생되는 책임을 벗어나 자유로운 삶을 추구하는 비혼주의자가 늘고 있습니다.\n\n 다만, 개인의 자유로운 선택에 따라 비혼주의를 하지만 주변에서는 아직 고운 시선으로 바라보지 않는 사람도 많습니다. 결혼이라는 제도에 대해서 선택이 아닌 필수라고 생각하는 사람들도 많지요. 개개인이 모여 사회가 형성되기 때문에 사회의 가장 작은 단위인 가족을 이루는 것도 사회 구성원으로서의 큰 역할이라고 생각하는 사람들도 있습니다.\n\n 여러분은 결혼을 꼭 해야 한다고 생각하시나요? 아니면 결혼은 선택의 문제라고 생각하시나요? 비혼주의에 대해 찬성하는 입장 반대를 선택하여 자신의 의견을 작성해주세요. 그리고 그렇게 생각한 이유에 대해서 작성해주세요.",
    "essay_type": "찬성반대",
    "essay_level": "2",
    "essay_len": 819,
    "essay_main_subject": "비혼주의자에 대한 본인의 의견"
  }
}