{
  "paragraph": [
    {
      "paragraph_txt": "어떤 사람들은 비혼주의를 선택하는 이유가 결혼을 하게 되면 순수한 연애시절에 있던 감정이나 관계가 사라지는 것 같다며 그래서 비혼을 선택한다고 말합니다.#@문장구분# 결혼을 하게 되었을때 연인에 대한 애정이나 헌신이 법적으로 강제화되기 때문에 서로에 대한 사랑이 순수한 사랑의 감정이 아닌 의무감에 의한 사랑이 되어서 감정이 퇴색되는 느낌이 싫어서 라고 말합니다.#@문장구분# 하지만 저는 결혼은 연애의 확장이고 연애의 감정이 변치않고 영원할겠다는 서로간의 약속이라고 생각합니다.#@문장구분# 그래서 결혼으로 인한 의무감이 부담스러워 사랑하는 감정이 변한다고 말하는 사람들은 결혼하지 않고 비혼으로 살아야 하고 결혼이 사랑하는 사람을 지키고 둘의 사랑에 대한 약속을 더 잘 지키기 위한 수단으로써 생각하는 사람들은 결혼을 해서 행복함을 두배 세배 늘려가야 함이 맞다고 생각합니다.#@문장구분# 결혼을 하게 되면 개인 생활의 자유도 없어지고 둘만의 관계가 아닌 가족의일원으로써 서로 의 역할이 늘어나고 그것들에 의한 많은 트러블이 생기기도 합니다.#@문장구분# 하지만 그런 나쁜 상황보다 안정감을 찾는다거나 영원한 내편을 만들어서 의지할수있는 상대를 만났다라는 긍정적 관점이 더 많을 것입니다.#@문장구분# 결혼을 하지 않고 비혼상태로 연애로 유지되는 관계에서 믿음이 얼마나 이어질지도 의문이 듭니다.#@문장구분# 법적 불법사항이 아니기 때문에 또 다른 매력적 이성이 나타나면 마음이 끌리고 오래된 연애관계사이에서도 이별을 고하고 새로운 이성에게 쉽게 사랑을 찾아 떠날수 있습니다.#@문장구분# 그러면 그들은 자유롭게 사랑할 권리라고 하지만 그 사람을 바라본 남겨진 사람의 입장을 생각해 보아야 합니다.#@문장구분# 아무리 빠르게 변화되는 다양한 가정이 생기는 사회라고 하더라고 사람이 그러면 않됩니다. 그래서 비혼주의에 반대합니다.#@문장구분#",
      "paragraph_len": 1050,
      "paragraph_id": "001"
    }
  ],
  "score": {
    "paragraph_score": [
      {
        "paragraph_scoreT": [
          3,
          2.8,
          2.2
        ],
        "paragraph_scoreT_detail": {
          "paragraph_scoreT_exp": [
            [
              3,
              3,
              3
            ],
            [
              2,
              3,
              3
            ],
            [
              3,
              2,
              2
            ]
          ]
        },
        "paragraph_scoreT_avg": 2.6666667,
        "paragraph_id": "001"
      }
    ],
    "essay_scoreT": [
      30,
      26.400002,
      23.900002
    ],
    "essay_scoreT_avg": 26.766668,
    "essay_scoreT_detail": {
      "essay_scoreT_org": [
        [
          3,
          0,
          3,
          3
        ],
        [
          2,
          0,
          3,
          3
        ],
        [
          3,
          0,
          2,
          3
        ]
      ],
      "essay_scoreT_cont": [
        [
          3,
          3,
          3,
          3
        ],
        [
          3,
          2,
          3,
          3
        ],
        [
          2,
          2,
          2,
          3
        ]
      ],
      "essay_scoreT_exp": [
        [
          3,
          3,
          3
        ],
        [
          2,
          3,
          3
        ],
        [
          3,
          2,
          2
        ]
      ]
    }
  },
  "student": {
    "date": "2021.12.19",
    "student_educated": true,
    "student_grade": "고등_1학년",
    "location": "063",
    "student_grade_group": "고등",
    "student_reading": 1
  },
  "rubric": {
    "essay_grade": "고등_1학년",
    "organization_weight": {
      "org_paragraph": 0,
      "org": 3,
      "org_essay": 6,
      "org_coherence": 3,
      "org_quantity": 1
    },
    "essay_type": "찬성반대",
    "content_weight": {
      "con_clearance": 3,
      "con_novelty": 3,
      "con": 4,
      "con_prompt": 1,
      "con_description": 3
    },
    "essay_main_subject": "비혼주의자에 대한 본인의 의견",
    "expression_weight": {
      "exp_style": 4,
      "exp_grammar": 2,
      "exp_vocab": 4,
      "exp": 3
    }
  },
  "correction": [],
  "info": {
    "essay_id": "ESSAY_71351",
    "essay_prompt": " \"\"연애는 필수, 결혼은 선택! 가슴이 뛰는 대로 가면 돼\"\".\n\n 유명한 유행가의 노래 가사처럼, 청년들에게 결혼은 이제 필수가 아닌 하나의 선택 사항입니다. 연애, 결혼, 출산을 포기한다는 의미의 '3포세대'라는 말이 나오기 무섭게 5포 세대, N포세대까지 등장할 정도로 취업난, 치솟는 부동산 가격 등 여러 사회·경제적 요인들로 청년층을 위축시켰습니다.\n\n 모두가 이러한 이유로 '결혼을 포기'하는 것만은 아닙니다. 개인의 행복을 위해 '비혼을 선택'하는 청년들도 늘고 있습니다. 이처럼 최근 전통적인 가치관에서 벗어나 연애와 동거는 하면서 결혼이라는 제도에 묶여 관계에서 파생되는 책임을 벗어나 자유로운 삶을 추구하는 비혼주의자가 늘고 있습니다.\n\n 다만, 개인의 자유로운 선택에 따라 비혼주의를 하지만 주변에서는 아직 고운 시선으로 바라보지 않는 사람도 많습니다. 결혼이라는 제도에 대해서 선택이 아닌 필수라고 생각하는 사람들도 많지요. 개개인이 모여 사회가 형성되기 때문에 사회의 가장 작은 단위인 가족을 이루는 것도 사회 구성원으로서의 큰 역할이라고 생각하는 사람들도 있습니다.\n\n 여러분은 결혼을 꼭 해야 한다고 생각하시나요? 아니면 결혼은 선택의 문제라고 생각하시나요? 비혼주의에 대해 찬성하는 입장 반대를 선택하여 자신의 의견을 작성해주세요. 그리고 그렇게 생각한 이유에 대해서 작성해주세요.",
    "essay_type": "찬성반대",
    "essay_level": "2",
    "essay_len": 850,
    "essay_main_subject": "비혼주의자에 대한 본인의 의견"
  }
}