{
  "paragraph": [
    {
      "paragraph_txt": "나의 생각부터 말하자면 비혼주의자란 말은 자신의 의지에 따라 비혼을 한다고는 하지만 실상으로는 결혼을 할 능력조차 없으면서 그런 능력이 없는 자기 자신을 비혼을 하는것이라고 포장하기 위해 만든 단어라고 생각한다.#@문장구분# 막상 결혼을 하고 싶어 노력을 해도 되지 않자 자기가 일부로 결혼을 하지 않는것이라는 명분을 만드는 것이다.#@문장구분# 마치 여우가 높이 달려있는 포도를 따먹지 못하게되자 저포도는 신포도 일것이라고 하는것처럼 말이다.#@문장구분# 비혼이란 단어가 처음 쓰이기 시작한 것은 여성학계에서 먼저 쓰이기 시작했다.#@문장구분# 앞서 주제문을 살펴보면 연애와 동거는 하면서 결혼에 대한 제도에 묶여 관계에서 파생되는 책임을 벗어나 자유로운 삶을 추구하는 비혼주의자 라고 적혀있는 것을 볼 수 있을텐데 여기서 몇가지 물음을 가질 수 있을 것이다.#@문장구분# 왜 연애와 동거는 하면서 결혼은 하지않는걸까?#@문장구분# 그리고 왜 여성학계에서 먼저 쓰이기 시작했을까?#@문장구분# 결론부터 말하자면 연애같은 경우에는 여자의 주도로 여자가 쉽게 결정이 가능한 편이지만 결혼같은 경우에는 여자가 결혼을 하고 싶다고 해도 남자의 결정도 있어야 하기 때문이다.#@문장구분# 대한민국을 보면 연애를 할때나 결혼을 할 때 남자가 여자가 생활하는데 필요한 돈을 다 내줘야한다는 그런 관념이있는데 여자는 이러한 점에서 쉽게 이득을 얻을 수있다.#@문장구분# 또 결혼을 통해 관계가 지속되면서 더 금전적인 이득을 취할 수 있는데 이런 부분에선 지출하는 입장인 남자에게 결혼은 심한 고민거리가 되고 결국 남자의 선택에 의해 결혼을 하지못하여 남자에 대한 분노와 당장 내옆에 결혼가서 쉽게 살고 있는 사람들에 대한 열등감이 생긴 일부 여자들이 이런 비혼이란 단어를 만든 것이다.#@문장구분# 그러면 돈을 지출하고 있는 입장인 남자의 입장에서의 비혼은 어떨까?#@문장구분# 지금 남자의 입장에서 비혼을 대표해주는 단어중 하나인 설거지에서 남자의 입장에서 비혼을 이해할 수 있다.#@문장구분# 이 설거지이라는 말은 여성혐오와 비혼주의가 합쳐져 생긴 개념으로 원래 주식단어인 설거지라는 단어를 결혼에 접목시킴으로써 결혼을 하는 남자를 보고 여자에게 돈이나 지원해주는 atm기로 비하하고 결혼을 한 여자는 연애할때는 자기 마음에 드는 여러남자 다 만나고 다니면서 결혼은 능력있는 남자 골라서 돈만 받으며 사는 사람으로 비하하는 그런 단어이다.#@문장구분# 이런 설거지라는 말 역시 비혼못지않게 퍼지고있는 추세이다.#@문장구분# 정상적인 사람들이 있는 사회라면 이런 비혼주의라는 사상을 지지하는 사람은 미친놈 취급을 받으면서 사상과 함께 사회와 격리되어 도태되어 가는 것이 자연스러운 것이다.#@문장구분# 결혼을 통해 사람들은 가족이라는 공동체 안에서 생활하며 책임감과 리더십을 가질수 있고 결혼을 통해 출산으로 인구수가 올라가면 그만큼 경제도 활성화 될 수 있기 때문이다.#@문장구분# 정상적인 사회속에서 비혼을 한다고 주장하는 개인이 하나 나온다고 가정을 해도 그행동은 아마 개인에서 멈출 것이다.#@문장구분# 하지만 지금 상황과 같이 비혼을 한다는 개인이 모여 비혼주의라는 사상이 모인 것은 사회에 문제가 생긴것이라고 바라볼 수 밖에 없다.#@문장구분# 이런 문제가 있는 사회속에서 비혼주의가 계속될수록 남녀간의 혐오는 더욱 심화될것이고. 결혼을 하지않아 출산율이 떨어지면 인구수 감소때문에 경제도 안좋아지는 대참사가 발생할 수 있다.#@문장구분# 이러한 문제가 생기는 것을 방지하기 위해 남녀갈등 문제부터 해결해야한다고 본다.#@문장구분# 출산을 안하는 것은 경제적인 문제가 있다고 보지만 연애와 결혼에 관한 문제는 남녀간의 갈등이 있기때문이라고 나는 생각한다.#@문장구분# 남녀는 서로의 다름을 이해하고 도와줘야 하고 정치인들은 자기 권력을 위해 남녀갈등을 부추기지 말아야하며 정부는 남녀평등을 위한 정책을 해야한다.#@문장구분#",
      "paragraph_len": 2203,
      "paragraph_id": "001"
    }
  ],
  "score": {
    "paragraph_score": [
      {
        "paragraph_scoreT": [
          3,
          3,
          3
        ],
        "paragraph_scoreT_detail": {
          "paragraph_scoreT_exp": [
            [
              3,
              3,
              3
            ],
            [
              3,
              3,
              3
            ],
            [
              3,
              3,
              3
            ]
          ]
        },
        "paragraph_scoreT_avg": 3,
        "paragraph_id": "001"
      }
    ],
    "essay_scoreT": [
      30,
      25.400002,
      24.9
    ],
    "essay_scoreT_avg": 26.766668,
    "essay_scoreT_detail": {
      "essay_scoreT_org": [
        [
          3,
          0,
          3,
          3
        ],
        [
          2,
          0,
          3,
          3
        ],
        [
          2,
          0,
          2,
          3
        ]
      ],
      "essay_scoreT_cont": [
        [
          3,
          3,
          3,
          3
        ],
        [
          2,
          2,
          2,
          3
        ],
        [
          3,
          2,
          3,
          2
        ]
      ],
      "essay_scoreT_exp": [
        [
          3,
          3,
          3
        ],
        [
          3,
          3,
          3
        ],
        [
          3,
          3,
          3
        ]
      ]
    }
  },
  "student": {
    "date": "2021.10.24",
    "student_educated": true,
    "student_grade": "고등_1학년",
    "location": "063",
    "student_grade_group": "고등",
    "student_reading": 1
  },
  "rubric": {
    "essay_grade": "고등_1학년",
    "organization_weight": {
      "org_paragraph": 0,
      "org": 3,
      "org_essay": 6,
      "org_coherence": 3,
      "org_quantity": 1
    },
    "essay_type": "찬성반대",
    "content_weight": {
      "con_clearance": 3,
      "con_novelty": 3,
      "con": 4,
      "con_prompt": 1,
      "con_description": 3
    },
    "essay_main_subject": "비혼주의자에 대한 본인의 의견",
    "expression_weight": {
      "exp_style": 4,
      "exp_grammar": 2,
      "exp_vocab": 4,
      "exp": 3
    }
  },
  "correction": [],
  "info": {
    "essay_id": "ESSAY_43907",
    "essay_prompt": " \"\"연애는 필수, 결혼은 선택! 가슴이 뛰는 대로 가면 돼\"\".\n\n 유명한 유행가의 노래 가사처럼, 청년들에게 결혼은 이제 필수가 아닌 하나의 선택 사항입니다. 연애, 결혼, 출산을 포기한다는 의미의 '3포세대'라는 말이 나오기 무섭게 5포 세대, N포세대까지 등장할 정도로 취업난, 치솟는 부동산 가격 등 여러 사회·경제적 요인들로 청년층을 위축시켰습니다.\n\n 모두가 이러한 이유로 '결혼을 포기'하는 것만은 아닙니다. 개인의 행복을 위해 '비혼을 선택'하는 청년들도 늘고 있습니다. 이처럼 최근 전통적인 가치관에서 벗어나 연애와 동거는 하면서 결혼이라는 제도에 묶여 관계에서 파생되는 책임을 벗어나 자유로운 삶을 추구하는 비혼주의자가 늘고 있습니다.\n\n 다만, 개인의 자유로운 선택에 따라 비혼주의를 하지만 주변에서는 아직 고운 시선으로 바라보지 않는 사람도 많습니다. 결혼이라는 제도에 대해서 선택이 아닌 필수라고 생각하는 사람들도 많지요. 개개인이 모여 사회가 형성되기 때문에 사회의 가장 작은 단위인 가족을 이루는 것도 사회 구성원으로서의 큰 역할이라고 생각하는 사람들도 있습니다.\n\n 여러분은 결혼을 꼭 해야 한다고 생각하시나요? 아니면 결혼은 선택의 문제라고 생각하시나요? 비혼주의에 대해 찬성하는 입장 반대를 선택하여 자신의 의견을 작성해주세요. 그리고 그렇게 생각한 이유에 대해서 작성해주세요.",
    "essay_type": "찬성반대",
    "essay_level": "2",
    "essay_len": 1763,
    "essay_main_subject": "비혼주의자에 대한 본인의 의견"
  }
}