{
  "paragraph": [
    {
      "paragraph_txt": "비혼주의는 대한민국에서 현재 빠르게 확산되고 있는 추세이다.#@문장구분# 대한민국의 인구주택총조사 잠정 집계에 따르면 2010년 기준으로 대한민국 1인 가구는 403만 명에 달하며, 이는 무려 전체 가구의 23.3%에 해당하는 어마어마한 수치이다.#@문장구분# 그렇다면 비혼주의가 확산되는 원인은 무엇일까?#@문장구분# 첫 번째로, 독신 생활의 편리함을 들 수 있다.#@문장구분# 옛날과 다르게, 편의점과 마트 등에서 쉽게 식사를 할 수 있게 되었고 빨래도 세탁기로 처리하거나 빨래방, 세탁소와 같은 곳에서 처리할 수 있게 되었다.#@문장구분# 또 애완동물을 기름으로써 외로움을 해결할 수 있어 결혼에 대한 당위성과 필요성을 느끼지 못하는 사람들이 많다.#@문장구분# 또 남성에게는 주택 마련, 자가용 마련 등 경제적 부담이, 여성에게는 가사 노동과 육아의 부담이 큰 점이 비혼주의의 큰 원인으로 꼽힌다.#@문장구분# 이러한 이유 때문에 비혼주의가 성행하고 있으나, 나는 이것에 대해서 부정적인 입장이다.#@문장구분# 왜냐하면 결국 결혼과 출산은 인간의 의무이기 때문이다.#@문장구분# 대한민국의 출산율은 2021년 기준 0.84명으로, OECD국가중 최저 수준이다.#@문장구분# 결혼을 하지 않으면, 일반적으로 아이를 낳지 않게 되고 이는 심각한 저출산으로 이어지게 된다.#@문장구분# 저출산이 이어지면 고령화 사회에 더욱 빨리 진입할 것이고, 결국 국가의 붕괴를 초래하게 될 것이다.#@문장구분# 전통주의에서 벗어나서 자유로운 가치관을 가지는 것도 좋지만, 지나치게 이기적이고 자기 중심적인 태도는 버려야 할 것이다.#@문장구분# 어서 빨리 사람들이 결혼에 대한 편견이 사라져 많은 사람들이 결혼을 좋아하는 날이 왔으면 좋겠다.#@문장구분# 그래야 인구도 줄어들지 않고 고령화도 완화되기 때문이다.#@문장구분#",
      "paragraph_len": 1098,
      "paragraph_id": "001"
    }
  ],
  "score": {
    "paragraph_score": [
      {
        "paragraph_scoreT": [
          3,
          3,
          3
        ],
        "paragraph_scoreT_detail": {
          "paragraph_scoreT_exp": [
            [
              3,
              3,
              3
            ],
            [
              3,
              3,
              3
            ],
            [
              3,
              3,
              3
            ]
          ]
        },
        "paragraph_scoreT_avg": 3,
        "paragraph_id": "001"
      }
    ],
    "essay_scoreT": [
      28.8,
      28.8,
      25.800001
    ],
    "essay_scoreT_avg": 27.800001,
    "essay_scoreT_detail": {
      "essay_scoreT_org": [
        [
          3,
          0,
          3,
          3
        ],
        [
          3,
          0,
          3,
          3
        ],
        [
          2,
          0,
          3,
          3
        ]
      ],
      "essay_scoreT_cont": [
        [
          3,
          2,
          3,
          3
        ],
        [
          3,
          2,
          3,
          3
        ],
        [
          3,
          2,
          3,
          2
        ]
      ],
      "essay_scoreT_exp": [
        [
          3,
          3,
          3
        ],
        [
          3,
          3,
          3
        ],
        [
          3,
          3,
          3
        ]
      ]
    }
  },
  "student": {
    "date": "2021.10.31",
    "student_educated": true,
    "student_grade": "고등_1학년",
    "location": "063",
    "student_grade_group": "고등",
    "student_reading": 1
  },
  "rubric": {
    "essay_grade": "고등_1학년",
    "organization_weight": {
      "org_paragraph": 0,
      "org": 3,
      "org_essay": 6,
      "org_coherence": 3,
      "org_quantity": 1
    },
    "essay_type": "찬성반대",
    "content_weight": {
      "con_clearance": 3,
      "con_novelty": 3,
      "con": 4,
      "con_prompt": 1,
      "con_description": 3
    },
    "essay_main_subject": "비혼주의자에 대한 본인의 의견",
    "expression_weight": {
      "exp_style": 4,
      "exp_grammar": 2,
      "exp_vocab": 4,
      "exp": 3
    }
  },
  "correction": [],
  "info": {
    "essay_id": "ESSAY_43915",
    "essay_prompt": " \"\"연애는 필수, 결혼은 선택! 가슴이 뛰는 대로 가면 돼\"\".\n\n 유명한 유행가의 노래 가사처럼, 청년들에게 결혼은 이제 필수가 아닌 하나의 선택 사항입니다. 연애, 결혼, 출산을 포기한다는 의미의 '3포세대'라는 말이 나오기 무섭게 5포 세대, N포세대까지 등장할 정도로 취업난, 치솟는 부동산 가격 등 여러 사회·경제적 요인들로 청년층을 위축시켰습니다.\n\n 모두가 이러한 이유로 '결혼을 포기'하는 것만은 아닙니다. 개인의 행복을 위해 '비혼을 선택'하는 청년들도 늘고 있습니다. 이처럼 최근 전통적인 가치관에서 벗어나 연애와 동거는 하면서 결혼이라는 제도에 묶여 관계에서 파생되는 책임을 벗어나 자유로운 삶을 추구하는 비혼주의자가 늘고 있습니다.\n\n 다만, 개인의 자유로운 선택에 따라 비혼주의를 하지만 주변에서는 아직 고운 시선으로 바라보지 않는 사람도 많습니다. 결혼이라는 제도에 대해서 선택이 아닌 필수라고 생각하는 사람들도 많지요. 개개인이 모여 사회가 형성되기 때문에 사회의 가장 작은 단위인 가족을 이루는 것도 사회 구성원으로서의 큰 역할이라고 생각하는 사람들도 있습니다.\n\n 여러분은 결혼을 꼭 해야 한다고 생각하시나요? 아니면 결혼은 선택의 문제라고 생각하시나요? 비혼주의에 대해 찬성하는 입장 반대를 선택하여 자신의 의견을 작성해주세요. 그리고 그렇게 생각한 이유에 대해서 작성해주세요.",
    "essay_type": "찬성반대",
    "essay_level": "2",
    "essay_len": 798,
    "essay_main_subject": "비혼주의자에 대한 본인의 의견"
  }
}