{
  "paragraph": [
    {
      "paragraph_txt": "결혼을 하게 된다면 여성의 경우 가장 큰 부분이 출산과 육아의 문제가 닥칩니다.#@문장구분# 이런 두가지 문제를 우리 사회에서는 해결해 주지 못하고 모두 여성이 도맡아 처리하여야 하기 때문에 사회적 모든 지위를 내려놓아야 하며 경력단절이 되기도 합니다.#@문장구분# 뿐만아니라 맞벌이 부부로써 생활을 하지 못하므로 경제적으로 많은 한계에 부딪치게 됩니다.#@문장구분# 하지만 비혼을 하게 되면 혼자 생활하기 때문에 내마음대로 나의 주체적인 생활과 여유를 즐길수 있다는 장점이 있으며 나에 대한 책임이 있을뿐 다른 책임이나 신경쓸 문제들이 없어지게 됩니다.#@문장구분# 남성의 경우도 가장으로써 부담과 의무가 없어지기 때문에 비혼선택 남성들이 많아지는 이유가 될 것입니다.#@문장구분# 자신의 삶의 주체는 나 이며 내 삶의 선택은 내가 하는 것입니다. #@문장구분#보통 우리나라에서는 일반적으로 20~30대에 결혼을 하고, 늦게는 40~50대에 결혼을 하는 사람들도 있습니다.#@문장구분# 또 개인의 행복을 위해 '비혼을 선택'하는 청년들도 늘고 있습니다. #@문장구분#이처럼 최근 전통적인 가치관에서 벗어나 연애와 동거는 하면서 결혼이라는 제도에 묶여 관계에서 파생되는 책임을 벗어나 자유로운 삶을 추구하는 비혼주의자가 늘고 있습니다.#@문장구분# 다만, 개인의 자유로운 선택에 따라 비혼주의를 하지만 주변에서는 아직 고운 시선으로 바라보지 않는 사람도 많습니다.#@문장구분# 결혼이라는 제도에 대해서 선택이 아닌 필수라고 생각하는 사람들도 많지요.#@문장구분# 비혼 주의자란 결혼은 필수가 아니라, 선택이라고  생각하는 이, 즉 결혼 제도를 거부하는 사람을 말합니다.#@문장구분# 나는 이러한 비혼주의자에 찬성하는 바입니다. #@문장구분#결혼은 사는 데 있어서 필수 코스가 아니죠.#@문장구분#  결혼이 거의 필수인 시대였다면 지금은 필수가 아닌 선택이 되어버린 것입니다.#@문장구분# 그래서 그들이 선택한 그들의 삶을 인정해 주어야 되는 것입니다.#@문장구분#",
      "paragraph_len": 1195,
      "paragraph_id": "001"
    }
  ],
  "score": {
    "paragraph_score": [
      {
        "paragraph_scoreT": [
          2.8,
          2.8,
          2.8
        ],
        "paragraph_scoreT_detail": {
          "paragraph_scoreT_exp": [
            [
              2,
              3,
              3
            ],
            [
              2,
              3,
              3
            ],
            [
              2,
              3,
              3
            ]
          ]
        },
        "paragraph_scoreT_avg": 2.8,
        "paragraph_id": "001"
      }
    ],
    "essay_scoreT": [
      28.2,
      28.2,
      27.8
    ],
    "essay_scoreT_avg": 28.066666,
    "essay_scoreT_detail": {
      "essay_scoreT_org": [
        [
          3,
          0,
          3,
          3
        ],
        [
          3,
          0,
          3,
          3
        ],
        [
          3,
          0,
          3,
          3
        ]
      ],
      "essay_scoreT_cont": [
        [
          3,
          2,
          3,
          3
        ],
        [
          3,
          2,
          3,
          3
        ],
        [
          2,
          3,
          2,
          3
        ]
      ],
      "essay_scoreT_exp": [
        [
          2,
          3,
          3
        ],
        [
          2,
          3,
          3
        ],
        [
          2,
          3,
          3
        ]
      ]
    }
  },
  "student": {
    "date": "2021.12.23",
    "student_educated": true,
    "student_grade": "고등_1학년",
    "location": "063",
    "student_grade_group": "고등",
    "student_reading": 2
  },
  "rubric": {
    "essay_grade": "고등_1학년",
    "organization_weight": {
      "org_paragraph": 0,
      "org": 3,
      "org_essay": 6,
      "org_coherence": 3,
      "org_quantity": 1
    },
    "essay_type": "찬성반대",
    "content_weight": {
      "con_clearance": 3,
      "con_novelty": 3,
      "con": 4,
      "con_prompt": 1,
      "con_description": 3
    },
    "essay_main_subject": "비혼주의자에 대한 본인의 의견",
    "expression_weight": {
      "exp_style": 4,
      "exp_grammar": 2,
      "exp_vocab": 4,
      "exp": 3
    }
  },
  "correction": [],
  "info": {
    "essay_id": "ESSAY_76781",
    "essay_prompt": " \"\"연애는 필수, 결혼은 선택! 가슴이 뛰는 대로 가면 돼\"\".\n\n 유명한 유행가의 노래 가사처럼, 청년들에게 결혼은 이제 필수가 아닌 하나의 선택 사항입니다. 연애, 결혼, 출산을 포기한다는 의미의 '3포세대'라는 말이 나오기 무섭게 5포 세대, N포세대까지 등장할 정도로 취업난, 치솟는 부동산 가격 등 여러 사회·경제적 요인들로 청년층을 위축시켰습니다.\n\n 모두가 이러한 이유로 '결혼을 포기'하는 것만은 아닙니다. 개인의 행복을 위해 '비혼을 선택'하는 청년들도 늘고 있습니다. 이처럼 최근 전통적인 가치관에서 벗어나 연애와 동거는 하면서 결혼이라는 제도에 묶여 관계에서 파생되는 책임을 벗어나 자유로운 삶을 추구하는 비혼주의자가 늘고 있습니다.\n\n 다만, 개인의 자유로운 선택에 따라 비혼주의를 하지만 주변에서는 아직 고운 시선으로 바라보지 않는 사람도 많습니다. 결혼이라는 제도에 대해서 선택이 아닌 필수라고 생각하는 사람들도 많지요. 개개인이 모여 사회가 형성되기 때문에 사회의 가장 작은 단위인 가족을 이루는 것도 사회 구성원으로서의 큰 역할이라고 생각하는 사람들도 있습니다.\n\n 여러분은 결혼을 꼭 해야 한다고 생각하시나요? 아니면 결혼은 선택의 문제라고 생각하시나요? 비혼주의에 대해 찬성하는 입장 반대를 선택하여 자신의 의견을 작성해주세요. 그리고 그렇게 생각한 이유에 대해서 작성해주세요.",
    "essay_type": "찬성반대",
    "essay_level": "2",
    "essay_len": 875,
    "essay_main_subject": "비혼주의자에 대한 본인의 의견"
  }
}