{
  "paragraph": [
    {
      "paragraph_txt": "비혼주의자에 대해 찬성 합니다.#@문장구분# 매년 증가하고 있는 이혼율과 한 부모가정이 있습니다.#@문장구분# 그렇게 되면 한 부모는 안계시는 아이들의 생화비만족도까지 늘고 있습니다.#@문장구분# 이건 아이들의 불행이라 생각합니다.#@문장구분# 제 주변 친두들 중 3명이 한 부모 가정이십니다.#@문장구분# 친구들은 처음에 말꺼내기가 어려워 다소 불편해 하는 것을 보았습니다.#@문장구분# 아이들은 선택이 아닌 받아드려야 하는 의무라고 생각하는 친구 있습니다.#@문장구분#  이런 친구들을 보고 엄마가 챙겨주신적도 있으며 그 친구들에게 동정이 생겼습니다. #@문장구분#친구들을 보며 느낀점은 섣불리 결혼해서 후회하는 것보다 책임감이 길러지고 결혼을 생각했습니다. #@문장구분#그래서 섣불리 하는 것 보다 비혼주의자로 생각하며 결혼을 안 하는 것도 나쁘지 않다고 생각합니다.#@문장구분# 또한 앞으로 늘어나는 이혼율과 그로 피해 받는 아이들 수를 줄였으면 좋겠습니다.#@문장구분# 즉 나이에 떠밀려 어른들 잔소리에 떠밀려 원치 않는 결혼을 하게 되면 지금의 삶보다 더 불행해 질 수 있다는 것입니다. #@문장구분#결국 결혼이란 말은 평생의 동반자를 결정하는 일인데 나이나 잔소리같은 사소한 것에 떠밀려 인생을 배팅하기에는 너무 리스크가 크다 이말입니다.#@문장구분# 그래서 더더욱 요즘에 비혼주의자들이 더 많이 느는 이유라고 생각합니다.#@문장구분# 그리고 결혼을 하게되는 이유 중 하나가 바로 외로움이라고 말하는 사람들이 있습니다.#@문장구분# 그런데 과연 외롭다고 자신의 인생을 갈아 넣을 만한 그런 값어치를 결혼이 하는 걸까요?#@문장구분# 저는 그게 의문입니다. #@문장구분#그리고 결혼을 한다고 그 외로움이 과연 사라질까요?#@문장구분# 그것도 의문입니다. #@문장구분#그래서 요즘 결혼에 대해 부정적으로 생각하고 비혼을 결심하는 젊은이들이 많은 것이 이 이유라고 생각합니다.#@문장구분#",
      "paragraph_len": 1209,
      "paragraph_id": "001"
    }
  ],
  "score": {
    "paragraph_score": [
      {
        "paragraph_scoreT": [
          3,
          2.8,
          3
        ],
        "paragraph_scoreT_detail": {
          "paragraph_scoreT_exp": [
            [
              3,
              3,
              3
            ],
            [
              2,
              3,
              3
            ],
            [
              3,
              3,
              3
            ]
          ]
        },
        "paragraph_scoreT_avg": 2.9333334,
        "paragraph_id": "001"
      }
    ],
    "essay_scoreT": [
      30,
      28.2,
      30
    ],
    "essay_scoreT_avg": 29.4,
    "essay_scoreT_detail": {
      "essay_scoreT_org": [
        [
          3,
          0,
          3,
          3
        ],
        [
          3,
          0,
          3,
          3
        ],
        [
          3,
          0,
          3,
          3
        ]
      ],
      "essay_scoreT_cont": [
        [
          3,
          3,
          3,
          3
        ],
        [
          3,
          2,
          3,
          3
        ],
        [
          3,
          3,
          3,
          3
        ]
      ],
      "essay_scoreT_exp": [
        [
          3,
          3,
          3
        ],
        [
          2,
          3,
          3
        ],
        [
          3,
          3,
          3
        ]
      ]
    }
  },
  "student": {
    "date": "2021.12.16",
    "student_educated": true,
    "student_grade": "고등_1학년",
    "location": "054",
    "student_grade_group": "고등",
    "student_reading": 3
  },
  "rubric": {
    "essay_grade": "고등_1학년",
    "organization_weight": {
      "org_paragraph": 0,
      "org": 3,
      "org_essay": 6,
      "org_coherence": 3,
      "org_quantity": 1
    },
    "essay_type": "찬성반대",
    "content_weight": {
      "con_clearance": 3,
      "con_novelty": 3,
      "con": 4,
      "con_prompt": 1,
      "con_description": 3
    },
    "essay_main_subject": "비혼주의자에 대한 본인의 의견",
    "expression_weight": {
      "exp_style": 4,
      "exp_grammar": 2,
      "exp_vocab": 4,
      "exp": 3
    }
  },
  "correction": [],
  "info": {
    "essay_id": "ESSAY_65956",
    "essay_prompt": " \"\"연애는 필수, 결혼은 선택! 가슴이 뛰는 대로 가면 돼\"\".\n\n 유명한 유행가의 노래 가사처럼, 청년들에게 결혼은 이제 필수가 아닌 하나의 선택 사항입니다. 연애, 결혼, 출산을 포기한다는 의미의 '3포세대'라는 말이 나오기 무섭게 5포 세대, N포세대까지 등장할 정도로 취업난, 치솟는 부동산 가격 등 여러 사회·경제적 요인들로 청년층을 위축시켰습니다.\n\n 모두가 이러한 이유로 '결혼을 포기'하는 것만은 아닙니다. 개인의 행복을 위해 '비혼을 선택'하는 청년들도 늘고 있습니다. 이처럼 최근 전통적인 가치관에서 벗어나 연애와 동거는 하면서 결혼이라는 제도에 묶여 관계에서 파생되는 책임을 벗어나 자유로운 삶을 추구하는 비혼주의자가 늘고 있습니다.\n\n 다만, 개인의 자유로운 선택에 따라 비혼주의를 하지만 주변에서는 아직 고운 시선으로 바라보지 않는 사람도 많습니다. 결혼이라는 제도에 대해서 선택이 아닌 필수라고 생각하는 사람들도 많지요. 개개인이 모여 사회가 형성되기 때문에 사회의 가장 작은 단위인 가족을 이루는 것도 사회 구성원으로서의 큰 역할이라고 생각하는 사람들도 있습니다.\n\n 여러분은 결혼을 꼭 해야 한다고 생각하시나요? 아니면 결혼은 선택의 문제라고 생각하시나요? 비혼주의에 대해 찬성하는 입장 반대를 선택하여 자신의 의견을 작성해주세요. 그리고 그렇게 생각한 이유에 대해서 작성해주세요.",
    "essay_type": "찬성반대",
    "essay_level": "2",
    "essay_len": 809,
    "essay_main_subject": "비혼주의자에 대한 본인의 의견"
  }
}