{
  "paragraph": [
    {
      "paragraph_txt": "나는 비혼주의에 대해서 성한다.#@문장구분# 이유는 간단하다.#@문장구분# 내가 결혼을 하면  한 사람을 사랑하고 살기도 바쁜데  결혼을 함으로써 아내와 남편 서로도 챙기고 서로의 부모님도 챙겨야하며, 아이를 낳는다면 아이도 챙겨야한다.#@문장구분# 정말로 연애는 서로만을 챙기면 되지만, 결혼은 자기 자신을 위한 시간이 보장되지 않고 '나'를 위한 인생이 아니라 아이나 아내나 남편을 위한 인생을 살아야 한다.#@문장구분# 그러니 연애에 비해 결혼은 부담스럽고 어렵게 느껴지는게 당연하다.#@문장구분#  결혼은 자기가 하고싶으면 하고, 안하고 싶으면 안하면 된다.#@문장구분# 내가 결혼을 하면서 정말 해야 할 것들을 포기하며 살아 갈수있 으면 결혼을 해도 된다.#@문장구분# 연애와 동거는 하되, 결혼은  글쎄?#@문장구분#  연애는 하다가 마음이 식거나 연인사이에 문제가 생긴다면 간단하게 헤어질 수 있다.#@문장구분# 그러나 결혼은 부부 사이에 문제가 생기면 법정에 가서 이혼을 해야한다.#@문장구분# 그래서 결혼은 부담스러울 수 있다.#@문장구분# 평생 한 사람을 사랑하고 살려는 자신이 없을 수도 있다.#@문장구분# 연애는 서로만을 챙기면 되지만, 결혼은 아내와 남편 서로도 챙기고 서로의 부모님도 챙겨야하며, 아이를 낳는다면 아이도 챙겨야한다.#@문장구분# 그래서 자기 자신을 위한 시간이 보장되지 않고 '나'를 위한 인생이 아니라 아이나 아내와 남편을 위한 인생을 살아야 한다.#@문장구분# 그러니 연애에 비해 결혼은 부담스럽고 어렵게 느껴지는게 당연하그래서 나는 비혼주의자인다.#@문장구분# 하지만 나만의 생각인거지 남들도 나와 똑같다는 생각은 들지 않는다.#@문장구분# 그저 개인의 가치관인데 내가 반대 하고 찬성할 필요가 있을까 싶다.#@문장구분# 비혼주의자를 이해하고 존중하는 사회가 되었으면 좋겠다.#@문장구분#  꼭  정말로 그런사회가됬으면 좋겠다.#@문장구분#",
      "paragraph_len": 1191,
      "paragraph_id": "001"
    }
  ],
  "score": {
    "paragraph_score": [
      {
        "paragraph_scoreT": [
          3,
          2.8,
          2.4
        ],
        "paragraph_scoreT_detail": {
          "paragraph_scoreT_exp": [
            [
              3,
              3,
              3
            ],
            [
              2,
              3,
              3
            ],
            [
              2,
              3,
              2
            ]
          ]
        },
        "paragraph_scoreT_avg": 2.7333336,
        "paragraph_id": "001"
      }
    ],
    "essay_scoreT": [
      30,
      26.400002,
      23.899998
    ],
    "essay_scoreT_avg": 26.766668,
    "essay_scoreT_detail": {
      "essay_scoreT_org": [
        [
          3,
          0,
          3,
          3
        ],
        [
          2,
          0,
          3,
          3
        ],
        [
          2,
          0,
          2,
          3
        ]
      ],
      "essay_scoreT_cont": [
        [
          3,
          3,
          3,
          3
        ],
        [
          3,
          2,
          3,
          3
        ],
        [
          2,
          2,
          2,
          3
        ]
      ],
      "essay_scoreT_exp": [
        [
          3,
          3,
          3
        ],
        [
          2,
          3,
          3
        ],
        [
          2,
          3,
          3
        ]
      ]
    }
  },
  "student": {
    "date": "2021.12.15",
    "student_educated": true,
    "student_grade": "고등_1학년",
    "location": "063",
    "student_grade_group": "고등",
    "student_reading": 2
  },
  "rubric": {
    "essay_grade": "고등_1학년",
    "organization_weight": {
      "org_paragraph": 0,
      "org": 3,
      "org_essay": 6,
      "org_coherence": 3,
      "org_quantity": 1
    },
    "essay_type": "찬성반대",
    "content_weight": {
      "con_clearance": 3,
      "con_novelty": 3,
      "con": 4,
      "con_prompt": 1,
      "con_description": 3
    },
    "essay_main_subject": "비혼주의자에 대한 본인의 의견",
    "expression_weight": {
      "exp_style": 4,
      "exp_grammar": 2,
      "exp_vocab": 4,
      "exp": 3
    }
  },
  "correction": [],
  "info": {
    "essay_id": "ESSAY_71363",
    "essay_prompt": " \"\"연애는 필수, 결혼은 선택! 가슴이 뛰는 대로 가면 돼\"\".\n\n 유명한 유행가의 노래 가사처럼, 청년들에게 결혼은 이제 필수가 아닌 하나의 선택 사항입니다. 연애, 결혼, 출산을 포기한다는 의미의 '3포세대'라는 말이 나오기 무섭게 5포 세대, N포세대까지 등장할 정도로 취업난, 치솟는 부동산 가격 등 여러 사회·경제적 요인들로 청년층을 위축시켰습니다.\n\n 모두가 이러한 이유로 '결혼을 포기'하는 것만은 아닙니다. 개인의 행복을 위해 '비혼을 선택'하는 청년들도 늘고 있습니다. 이처럼 최근 전통적인 가치관에서 벗어나 연애와 동거는 하면서 결혼이라는 제도에 묶여 관계에서 파생되는 책임을 벗어나 자유로운 삶을 추구하는 비혼주의자가 늘고 있습니다.\n\n 다만, 개인의 자유로운 선택에 따라 비혼주의를 하지만 주변에서는 아직 고운 시선으로 바라보지 않는 사람도 많습니다. 결혼이라는 제도에 대해서 선택이 아닌 필수라고 생각하는 사람들도 많지요. 개개인이 모여 사회가 형성되기 때문에 사회의 가장 작은 단위인 가족을 이루는 것도 사회 구성원으로서의 큰 역할이라고 생각하는 사람들도 있습니다.\n\n 여러분은 결혼을 꼭 해야 한다고 생각하시나요? 아니면 결혼은 선택의 문제라고 생각하시나요? 비혼주의에 대해 찬성하는 입장 반대를 선택하여 자신의 의견을 작성해주세요. 그리고 그렇게 생각한 이유에 대해서 작성해주세요.",
    "essay_type": "찬성반대",
    "essay_level": "2",
    "essay_len": 811,
    "essay_main_subject": "비혼주의자에 대한 본인의 의견"
  }
}