{
  "paragraph": [
    {
      "paragraph_txt": "난 비혼주의자에 대해 찬성이라는 의사를 밝히고 이 글을 적겠다.#@문장구분# 애초에 나는 비혼주의는 자기의 가치관에 따라서 나온 결정이지 남이 왈가왈부할 것은 아니라는 생각이 들지만 생각이 다른 사람도 있으니 그 문제는 말하지 않겠다.#@문장구분#  요즘에는 옛날보다 결혼하는 사람들도, 아이를 낳는 사람들의 수도 줄어들었다.#@문장구분# 그 이유는 뭘까?#@문장구분#  아이를 낳기 전에 결혼을 하려면 우선 안정적인 직장과 집, 거기에 맞는 충분한 돈이 있어야 할 수 있는데 그 조건을 충족시키기 쉽지 않기 때문이다.#@문장구분# 그리고 결혼을 하고  가정을꾸리고 아이를 낳고 아이 양육으로 인해 스트레스가 이만저만이 아닐 것이다.#@문장구분#  요즘 티비에 간간히 산후 우울증으로 아이를 방치 죽음으로 가게하는 사건이 많다.#@문장구분# 산후우울증 까지 겪어가며 자녀를낳고 양육을 해야한는지 남편과의 맞지않은결혼생활이  우울증까지오게하는지 힘들게 결혼생할을 유지해야 하는지 의문이다.#@문장구분# 그럴바에 결혼을 하지않는게 정답이다.#@문장구분# 그리고 또다른 문제점은 우리나라의 지나치게 높은 교육열이 비혼주의자라는 단어를 만들지 않았나 생각한다.#@문장구분# 지금 정부는 결혼과 임신을 위한 다양한 정책과 보조금 등의 지원을 확대하고 있다.#@문장구분# 뭐....#@문장구분# 자살률은 생각하지도 않고 애만 낳아라 한다니 참 모순적이지만 말이다.#@문장구분# 그리고 옛날 보다 높아진 이혼율도 한 몫하는거 같다.#@문장구분# 이러한 위의 상황들에서 청년층 들에서는 굳이 결혼을해야 되냐는 생각과 얘기가 나올 수 도 있다.#@문장구분# 이러한 생각이 퍼지면서 자연스레 결혼을 하는 나이도 늧춰지고 결혼을 하거나 아이를 낳는수도 줄어들 수 밖에 없을 것이다.#@문장구분#  정말우리가 살아가면서 꼭 결혼을 해야하는 것은 아니라고 생각한다.#@문장구분# 현대를 살아가는 여성들에게 있어 결혼은 장애물이라고 생각하기 때문이다.#@문장구분#",
      "paragraph_len": 1205,
      "paragraph_id": "001"
    }
  ],
  "score": {
    "paragraph_score": [
      {
        "paragraph_scoreT": [
          3,
          3,
          2.4
        ],
        "paragraph_scoreT_detail": {
          "paragraph_scoreT_exp": [
            [
              3,
              3,
              3
            ],
            [
              3,
              3,
              3
            ],
            [
              2,
              3,
              2
            ]
          ]
        },
        "paragraph_scoreT_avg": 2.8,
        "paragraph_id": "001"
      }
    ],
    "essay_scoreT": [
      30,
      27,
      24.5
    ],
    "essay_scoreT_avg": 27.166666,
    "essay_scoreT_detail": {
      "essay_scoreT_org": [
        [
          3,
          0,
          3,
          3
        ],
        [
          2,
          0,
          3,
          3
        ],
        [
          3,
          0,
          2,
          3
        ]
      ],
      "essay_scoreT_cont": [
        [
          3,
          3,
          3,
          3
        ],
        [
          3,
          2,
          3,
          3
        ],
        [
          2,
          2,
          2,
          3
        ]
      ],
      "essay_scoreT_exp": [
        [
          3,
          3,
          3
        ],
        [
          3,
          3,
          3
        ],
        [
          2,
          3,
          2
        ]
      ]
    }
  },
  "student": {
    "date": "2021.12.15",
    "student_educated": true,
    "student_grade": "고등_1학년",
    "location": "063",
    "student_grade_group": "고등",
    "student_reading": 2
  },
  "rubric": {
    "essay_grade": "고등_1학년",
    "organization_weight": {
      "org_paragraph": 0,
      "org": 3,
      "org_essay": 6,
      "org_coherence": 3,
      "org_quantity": 1
    },
    "essay_type": "찬성반대",
    "content_weight": {
      "con_clearance": 3,
      "con_novelty": 3,
      "con": 4,
      "con_prompt": 1,
      "con_description": 3
    },
    "essay_main_subject": "비혼주의자에 대한 본인의 의견",
    "expression_weight": {
      "exp_style": 4,
      "exp_grammar": 2,
      "exp_vocab": 4,
      "exp": 3
    }
  },
  "correction": [],
  "info": {
    "essay_id": "ESSAY_71361",
    "essay_prompt": " \"\"연애는 필수, 결혼은 선택! 가슴이 뛰는 대로 가면 돼\"\".\n\n 유명한 유행가의 노래 가사처럼, 청년들에게 결혼은 이제 필수가 아닌 하나의 선택 사항입니다. 연애, 결혼, 출산을 포기한다는 의미의 '3포세대'라는 말이 나오기 무섭게 5포 세대, N포세대까지 등장할 정도로 취업난, 치솟는 부동산 가격 등 여러 사회·경제적 요인들로 청년층을 위축시켰습니다.\n\n 모두가 이러한 이유로 '결혼을 포기'하는 것만은 아닙니다. 개인의 행복을 위해 '비혼을 선택'하는 청년들도 늘고 있습니다. 이처럼 최근 전통적인 가치관에서 벗어나 연애와 동거는 하면서 결혼이라는 제도에 묶여 관계에서 파생되는 책임을 벗어나 자유로운 삶을 추구하는 비혼주의자가 늘고 있습니다.\n\n 다만, 개인의 자유로운 선택에 따라 비혼주의를 하지만 주변에서는 아직 고운 시선으로 바라보지 않는 사람도 많습니다. 결혼이라는 제도에 대해서 선택이 아닌 필수라고 생각하는 사람들도 많지요. 개개인이 모여 사회가 형성되기 때문에 사회의 가장 작은 단위인 가족을 이루는 것도 사회 구성원으로서의 큰 역할이라고 생각하는 사람들도 있습니다.\n\n 여러분은 결혼을 꼭 해야 한다고 생각하시나요? 아니면 결혼은 선택의 문제라고 생각하시나요? 비혼주의에 대해 찬성하는 입장 반대를 선택하여 자신의 의견을 작성해주세요. 그리고 그렇게 생각한 이유에 대해서 작성해주세요.",
    "essay_type": "찬성반대",
    "essay_level": "2",
    "essay_len": 845,
    "essay_main_subject": "비혼주의자에 대한 본인의 의견"
  }
}