{
  "paragraph": [
    {
      "paragraph_txt": "비혼주의가 늘어나는 이유는 결혼에 대한 인식 변화다.#@문장구분# 결혼은 반드시 해야 한다고 생각하는 사람이 해마다 줄기 때문이다.#@문장구분# 미혼인 남성과 미혼인 여성들 성별에 따라 조금의 차이는 있겠지만 인식의 변화함에 따라서 요즘은 결혼은 필수가 아닌 선택이 되어버린 요즘이다.#@문장구분# 혼자서 즐기는 문화 및 식생활도 많이 바뀌었다.#@문장구분# 그리고 혼자여서 외로운게 아니고 편하다 라고 생각하는 요즘은 그래서 결혼에 대한 인식이 많이 바뀌었다.#@문장구분# 그래서 혼자 사는 사람들의 일상이 즐거울 수 있도록 프로그램이 많이 개발되고 있다.#@문장구분# 그러다 보니 결혼이라는 것에 대한 선택이 점점 멀어지고 있는 추세다.#@문장구분# 비혼주의 가장 큰 이유는 경제적인 부담이지 않을까 싶다.#@문장구분# 결혼 후 따르는 출산 및 육아가 가장 큰 현실적인 문제인 것 같다.#@문장구분#결혼을 개인이 아닌 가족 간 결합으로 생각하는 한국 문화도 스트레스를 더하는 요인이다.#@문장구분# 특히 여성이라면 가사노동과 육아 책임이 여성에게 기울어진 현실에서 결혼에 대한 부담을 느끼기 쉽다.#@문장구분# 직장인 여성이라면 출산과 함께 경력이 단절될 가능성도 크다.#@문장구분# 기혼 여성의 경력 단절은 남성에게도 부담으로 작용한다.#@문장구분# 맞벌이가 필요한 상황에서도 외벌이로 경제적 책임을 져야 하기 때문이다.#@문장구분# 비혼주의를 찬성하는 입장은 아니지면 현실적인 부분을 꼬집어보니 사실 결혼에 대한 생각이 두렵기도 하다.#@문장구분# 실제적인 부분 들이 해결이 되지 않으면 당장 취업 및 주택 문제로 많은 혼란이 올 것 같기는하다.#@문장구분# 그렇지만 결혼에 대해 신중히 고민하고 생각을 하겠지만 결혼을 통해 얻어지는 삶의 인생을 통해 배울 점들도 많을 것 같다.#@문장구분# 육아와 출산을 통해 얻게되는 기쁨또한 그렇다. #@문장구분#그래서 난 비혼주의를 반대하는 입장이며, 젊은 세대들도 생각을 좀 바꾸어 생각해서 당장 힘든 부분보다는 그에 따른 기쁜점들을 생각해보았으면 좋겠다.#@문장구분#",
      "paragraph_len": 1265,
      "paragraph_id": "001"
    }
  ],
  "score": {
    "paragraph_score": [
      {
        "paragraph_scoreT": [
          2.4,
          3,
          3
        ],
        "paragraph_scoreT_detail": {
          "paragraph_scoreT_exp": [
            [
              2,
              3,
              2
            ],
            [
              3,
              3,
              3
            ],
            [
              3,
              3,
              3
            ]
          ]
        },
        "paragraph_scoreT_avg": 2.8,
        "paragraph_id": "001"
      }
    ],
    "essay_scoreT": [
      28.2,
      30,
      30
    ],
    "essay_scoreT_avg": 29.4,
    "essay_scoreT_detail": {
      "essay_scoreT_org": [
        [
          3,
          0,
          3,
          3
        ],
        [
          3,
          0,
          3,
          3
        ],
        [
          3,
          0,
          3,
          3
        ]
      ],
      "essay_scoreT_cont": [
        [
          3,
          3,
          3,
          3
        ],
        [
          3,
          3,
          3,
          3
        ],
        [
          3,
          3,
          3,
          3
        ]
      ],
      "essay_scoreT_exp": [
        [
          2,
          3,
          2
        ],
        [
          3,
          3,
          3
        ],
        [
          3,
          3,
          3
        ]
      ]
    }
  },
  "student": {
    "date": "2021.11.17",
    "student_educated": true,
    "student_grade": "고등_1학년",
    "location": "063",
    "student_grade_group": "고등",
    "student_reading": 3
  },
  "rubric": {
    "essay_grade": "고등_1학년",
    "organization_weight": {
      "org_paragraph": 0,
      "org": 3,
      "org_essay": 6,
      "org_coherence": 3,
      "org_quantity": 1
    },
    "essay_type": "찬성반대",
    "content_weight": {
      "con_clearance": 3,
      "con_novelty": 3,
      "con": 4,
      "con_prompt": 1,
      "con_description": 3
    },
    "essay_main_subject": "비혼주의자에 대한 본인의 의견",
    "expression_weight": {
      "exp_style": 4,
      "exp_grammar": 2,
      "exp_vocab": 4,
      "exp": 3
    }
  },
  "correction": [],
  "info": {
    "essay_id": "ESSAY_50505",
    "essay_prompt": " \"\"연애는 필수, 결혼은 선택! 가슴이 뛰는 대로 가면 돼\"\".\n\n 유명한 유행가의 노래 가사처럼, 청년들에게 결혼은 이제 필수가 아닌 하나의 선택 사항입니다. 연애, 결혼, 출산을 포기한다는 의미의 '3포세대'라는 말이 나오기 무섭게 5포 세대, N포세대까지 등장할 정도로 취업난, 치솟는 부동산 가격 등 여러 사회·경제적 요인들로 청년층을 위축시켰습니다.\n\n 모두가 이러한 이유로 '결혼을 포기'하는 것만은 아닙니다. 개인의 행복을 위해 '비혼을 선택'하는 청년들도 늘고 있습니다. 이처럼 최근 전통적인 가치관에서 벗어나 연애와 동거는 하면서 결혼이라는 제도에 묶여 관계에서 파생되는 책임을 벗어나 자유로운 삶을 추구하는 비혼주의자가 늘고 있습니다.\n\n 다만, 개인의 자유로운 선택에 따라 비혼주의를 하지만 주변에서는 아직 고운 시선으로 바라보지 않는 사람도 많습니다. 결혼이라는 제도에 대해서 선택이 아닌 필수라고 생각하는 사람들도 많지요. 개개인이 모여 사회가 형성되기 때문에 사회의 가장 작은 단위인 가족을 이루는 것도 사회 구성원으로서의 큰 역할이라고 생각하는 사람들도 있습니다.\n\n 여러분은 결혼을 꼭 해야 한다고 생각하시나요? 아니면 결혼은 선택의 문제라고 생각하시나요? 비혼주의에 대해 찬성하는 입장 반대를 선택하여 자신의 의견을 작성해주세요. 그리고 그렇게 생각한 이유에 대해서 작성해주세요.",
    "essay_type": "찬성반대",
    "essay_level": "2",
    "essay_len": 887,
    "essay_main_subject": "비혼주의자에 대한 본인의 의견"
  }
}