{
  "paragraph": [
    {
      "paragraph_txt": "과거에 결혼은 당연히 해야하는 것으로 빨리 좋은 인연을 만나서 결혼을 하고 가정을 꾸리는 것이 너무나 중요했던 시대였다.#@문장구분#\n \n그 당시에는 남자가 일을 해서 돈을 벌어오고 여자는 집에 남아서 아이를 돌보고 청소, 밥상 차리기 등 온갖 집안살림을 하는것이 당연했다.#@문장구분#\n \n하지만 점차 시간이 지나고 세상이 조금씩 변화하면서 일을 하는 여자들이 많아졌고 커리어우먼이라는 신조어도 생겨나고 있다.#@문장구분#\n \n요즘엔 여성도 일을 하면서 꼭 결혼을 하지 않아도 자신이 혼자 본인을 책임 질 수 있게 된 지금 결혼이 생계를 위한 필수조건이 아니게 된지는 오래 되었다.#@문장구분#\n \n현대를 살아가는 여성들에게 있어 결혼은 장애물이라고 생각될것이다.#@문장구분# \n \n우리나라를 더불어 세계인들은 아주 오랫동안 남성이 더 우수하다는 생각을 가진채로 수많은 역사를 만들어왔다.#@문장구분# 아직도 남성이 우월하다는 생각을 지닌 사람들이나 남성중심의 제도가 많다고 생각한다.#@문장구분# 이러한 시점에서 여성이 결혼을 해서 얻는 이득이 무엇이 있을것인가.#@문장구분# 실제로 2020년 12월 한 매체에서 미혼 남녀들이 결혼하고 싶지 않은 이유를 조사 한 결과 이 같은 답변이 나왔다.#@문장구분# 1. 솔로가 편해서( 71.5%) #@문장구분#2. 출산/육아 비용 부담돼서 (54.5%)#@문장구분# 3. 결혼식/신혼살림 비용 부담 돼서#@문장구분# 4. 주변인의 결혼이 행복해 보이지 않아서 (38.8%)#@문장구분# 5. 젠더 갈등 심화되어서(25.4% 6. 현행 결혼제도 탈피하고 싶어서 (22.7%)#@문장구분#7. 결혼식이 번잡스러울 것 같아서 (20.3%)#@문장구분# 이 이외에도 드라마 책, 웹툰등에서 화재 됐듯 개인의 삶이 더 중요해서 아이를 갖지 않고 싶어서 등 이유는 무궁무진하다.#@문장구분# 이런 것들만 보아도 여자들의 삶에 이득이 되어 보이지는 않는다.#@문장구분# 정말 서로 너무 사랑해 평생을 함께할 동반자로서 결혼하는 것이 아닌이상. 결혼의 장점보다 단점이 더 커 결혼을 하지 않는 비혼주의자들의 생각을 존중해주어야 한다.#@문장구분# 그러므로 나는 비혼주의자에 찬성한다.#@문장구분#",
      "paragraph_len": 1327,
      "paragraph_id": "001"
    }
  ],
  "score": {
    "paragraph_score": [
      {
        "paragraph_scoreT": [
          2,
          2.8,
          2.8
        ],
        "paragraph_scoreT_detail": {
          "paragraph_scoreT_exp": [
            [
              2,
              2,
              2
            ],
            [
              2,
              3,
              3
            ],
            [
              2,
              3,
              3
            ]
          ]
        },
        "paragraph_scoreT_avg": 2.5333335,
        "paragraph_id": "001"
      }
    ],
    "essay_scoreT": [
      22.800001,
      27.3,
      29.4
    ],
    "essay_scoreT_avg": 26.5,
    "essay_scoreT_detail": {
      "essay_scoreT_org": [
        [
          2,
          0,
          3,
          3
        ],
        [
          3,
          0,
          2,
          3
        ],
        [
          3,
          0,
          3,
          3
        ]
      ],
      "essay_scoreT_cont": [
        [
          3,
          2,
          3,
          2
        ],
        [
          3,
          2,
          3,
          3
        ],
        [
          3,
          3,
          3,
          3
        ]
      ],
      "essay_scoreT_exp": [
        [
          2,
          2,
          2
        ],
        [
          2,
          3,
          3
        ],
        [
          2,
          3,
          3
        ]
      ]
    }
  },
  "student": {
    "date": "2021.12.15",
    "student_educated": true,
    "student_grade": "고등_1학년",
    "location": "063",
    "student_grade_group": "고등",
    "student_reading": 2
  },
  "rubric": {
    "essay_grade": "고등_1학년",
    "organization_weight": {
      "org_paragraph": 0,
      "org": 3,
      "org_essay": 6,
      "org_coherence": 3,
      "org_quantity": 1
    },
    "essay_type": "찬성반대",
    "content_weight": {
      "con_clearance": 3,
      "con_novelty": 3,
      "con": 4,
      "con_prompt": 1,
      "con_description": 3
    },
    "essay_main_subject": "비혼주의자에 대한 본인의 의견",
    "expression_weight": {
      "exp_style": 4,
      "exp_grammar": 2,
      "exp_vocab": 4,
      "exp": 3
    }
  },
  "correction": [],
  "info": {
    "essay_id": "ESSAY_71953",
    "essay_prompt": " \"\"연애는 필수, 결혼은 선택! 가슴이 뛰는 대로 가면 돼\"\".\n\n 유명한 유행가의 노래 가사처럼, 청년들에게 결혼은 이제 필수가 아닌 하나의 선택 사항입니다. 연애, 결혼, 출산을 포기한다는 의미의 '3포세대'라는 말이 나오기 무섭게 5포 세대, N포세대까지 등장할 정도로 취업난, 치솟는 부동산 가격 등 여러 사회·경제적 요인들로 청년층을 위축시켰습니다.\n\n 모두가 이러한 이유로 '결혼을 포기'하는 것만은 아닙니다. 개인의 행복을 위해 '비혼을 선택'하는 청년들도 늘고 있습니다. 이처럼 최근 전통적인 가치관에서 벗어나 연애와 동거는 하면서 결혼이라는 제도에 묶여 관계에서 파생되는 책임을 벗어나 자유로운 삶을 추구하는 비혼주의자가 늘고 있습니다.\n\n 다만, 개인의 자유로운 선택에 따라 비혼주의를 하지만 주변에서는 아직 고운 시선으로 바라보지 않는 사람도 많습니다. 결혼이라는 제도에 대해서 선택이 아닌 필수라고 생각하는 사람들도 많지요. 개개인이 모여 사회가 형성되기 때문에 사회의 가장 작은 단위인 가족을 이루는 것도 사회 구성원으로서의 큰 역할이라고 생각하는 사람들도 있습니다.\n\n 여러분은 결혼을 꼭 해야 한다고 생각하시나요? 아니면 결혼은 선택의 문제라고 생각하시나요? 비혼주의에 대해 찬성하는 입장 반대를 선택하여 자신의 의견을 작성해주세요. 그리고 그렇게 생각한 이유에 대해서 작성해주세요.",
    "essay_type": "찬성반대",
    "essay_level": "2",
    "essay_len": 947,
    "essay_main_subject": "비혼주의자에 대한 본인의 의견"
  }
}