{
  "paragraph": [
    {
      "paragraph_txt": "연애는 필수, 결혼은 선택 이라는 가사가 맞는 말인 것 같다.#@문장구분# 우리 주위에 서로 다른 가치관을 가진 사람들이 많다.#@문장구분# 그만큼 비혼주의자도 있을 것이고 결혼이 필수라는 사람들도 그만큼 많다고 생각한다.#@문장구분# 내 주위에도 비혼주의자 친구가 있다.#@문장구분# 그 친구는 공부도 잘하고 나름 얼굴도 예쁘게 생겼다.#@문장구분# 그런데 자기는 비혼주의자라고 하여서 내가 물어보았다.#@문장구분# 친구의 대답은 간단했다.#@문장구분# \"결혼해서 뭐해\" 이처럼 결혼을 별거 아니라는 사람도 있고 결혼은 무조건 해야하는 것이라고 생각하는 사람들도 있을 것이다.#@문장구분# 주위 어른들은 저출산이니 젊은 우리가 나서서 결혼을 하고 아이를 낳아야한다고 한다.#@문장구분# 돈은 사라지고 혜택은 평생가는 것이 아니니까.#@문장구분# 어른들은 우리에게 저출산은 우리들의 몫이라 하지만 그렇다고 고령화를 줄이기 위해 노인들의 수를 줄일 순 없지 않은가?#@문장구분# 나는 이렇게 생각한다 우리 모두 결혼을 하지 않는다고 하여 주어진 삶을 살지 못하는 것도 아니고 그렇다고 결혼을 한다고 이 세상에서 못 살아간다는 것도 아니다.#@문장구분# 결혼은 각자의 주어진 삶에 대해 배우자가 있었으면 하면 하는 것이고 배우자 없이 이 삶에 만족한다면 결혼을 하지 않아도 된다고 생각한다.#@문장구분# 우리의 삶에서 결혼은 중요하지 않다.#@문장구분# 그저 살아가다보니 필요하다고 느낄 뿐 살아가는 과정에서 결혼을 필요로 하지 않는다.#@문장구분# 생각하면 결혼을 하지 않겠다고 생각할 수 있다고 본다.#@문장구분# 결혼이란 남여 서로가 뜻이 맞아야하는 것이지 뜻이 안 맞으면 안할 수 있다.#@문장구분# 실과 바늘은 하나라고 할지언정 서로 다른 쓰임새가 있을 수도 있으니 우리는 결혼을 하지 않아도 충분히 주어진 세상에서 살아갈 수 있다고 본다.#@문장구분# 따라서 우리에겐 결혼을 하건 안하건 당사자만 잘 살면 그만이고 결혼을 하지 않는다고 이 사회의 구성원이 되지 않는 것도 아니니 나는 비혼주의를 자신만의 가치관이라고 이해한다,#@문장구분#",
      "paragraph_len": 1280,
      "paragraph_id": "001"
    }
  ],
  "score": {
    "paragraph_score": [
      {
        "paragraph_scoreT": [
          2.8,
          2,
          2
        ],
        "paragraph_scoreT_detail": {
          "paragraph_scoreT_exp": [
            [
              2,
              3,
              3
            ],
            [
              2,
              2,
              2
            ],
            [
              2,
              2,
              2
            ]
          ]
        },
        "paragraph_scoreT_avg": 2.2666667,
        "paragraph_id": "001"
      }
    ],
    "essay_scoreT": [
      29.4,
      27,
      25.8
    ],
    "essay_scoreT_avg": 27.4,
    "essay_scoreT_detail": {
      "essay_scoreT_org": [
        [
          3,
          0,
          3,
          3
        ],
        [
          3,
          0,
          3,
          3
        ],
        [
          3,
          0,
          3,
          3
        ]
      ],
      "essay_scoreT_cont": [
        [
          3,
          3,
          3,
          3
        ],
        [
          3,
          3,
          3,
          3
        ],
        [
          2,
          3,
          3,
          3
        ]
      ],
      "essay_scoreT_exp": [
        [
          2,
          3,
          3
        ],
        [
          2,
          2,
          2
        ],
        [
          2,
          2,
          2
        ]
      ]
    }
  },
  "student": {
    "date": "2021.12.17",
    "student_educated": true,
    "student_grade": "고등_1학년",
    "location": "044",
    "student_grade_group": "고등",
    "student_reading": 2
  },
  "rubric": {
    "essay_grade": "고등_1학년",
    "organization_weight": {
      "org_paragraph": 0,
      "org": 3,
      "org_essay": 6,
      "org_coherence": 3,
      "org_quantity": 1
    },
    "essay_type": "찬성반대",
    "content_weight": {
      "con_clearance": 3,
      "con_novelty": 3,
      "con": 4,
      "con_prompt": 1,
      "con_description": 3
    },
    "essay_main_subject": "비혼주의자에 대한 본인의 의견",
    "expression_weight": {
      "exp_style": 4,
      "exp_grammar": 2,
      "exp_vocab": 4,
      "exp": 3
    }
  },
  "correction": [],
  "info": {
    "essay_id": "ESSAY_66176",
    "essay_prompt": " \"\"연애는 필수, 결혼은 선택! 가슴이 뛰는 대로 가면 돼\"\".\n\n 유명한 유행가의 노래 가사처럼, 청년들에게 결혼은 이제 필수가 아닌 하나의 선택 사항입니다. 연애, 결혼, 출산을 포기한다는 의미의 '3포세대'라는 말이 나오기 무섭게 5포 세대, N포세대까지 등장할 정도로 취업난, 치솟는 부동산 가격 등 여러 사회·경제적 요인들로 청년층을 위축시켰습니다.\n\n 모두가 이러한 이유로 '결혼을 포기'하는 것만은 아닙니다. 개인의 행복을 위해 '비혼을 선택'하는 청년들도 늘고 있습니다. 이처럼 최근 전통적인 가치관에서 벗어나 연애와 동거는 하면서 결혼이라는 제도에 묶여 관계에서 파생되는 책임을 벗어나 자유로운 삶을 추구하는 비혼주의자가 늘고 있습니다.\n\n 다만, 개인의 자유로운 선택에 따라 비혼주의를 하지만 주변에서는 아직 고운 시선으로 바라보지 않는 사람도 많습니다. 결혼이라는 제도에 대해서 선택이 아닌 필수라고 생각하는 사람들도 많지요. 개개인이 모여 사회가 형성되기 때문에 사회의 가장 작은 단위인 가족을 이루는 것도 사회 구성원으로서의 큰 역할이라고 생각하는 사람들도 있습니다.\n\n 여러분은 결혼을 꼭 해야 한다고 생각하시나요? 아니면 결혼은 선택의 문제라고 생각하시나요? 비혼주의에 대해 찬성하는 입장 반대를 선택하여 자신의 의견을 작성해주세요. 그리고 그렇게 생각한 이유에 대해서 작성해주세요.",
    "essay_type": "찬성반대",
    "essay_level": "2",
    "essay_len": 900,
    "essay_main_subject": "비혼주의자에 대한 본인의 의견"
  }
}