{
  "paragraph": [
    {
      "paragraph_txt": "나는 비혼주의자에대해 동의한다.#@문장구분# 결혼을 하지 않는갓에는 많은 이유가 있다.#@문장구분# 자신이 원하는 삶을 살기위해서, 자신의 경제적 형편이 되지 않아 결혼을 시도하기 조차 무섭다던지, 결혼을 해봤자 얻을 수 있는 이득이 없다고 생각 등등이 많을 것이다.#@문장구분# 이처럼 자신만의 개인적인 사유때문에 결혼을 하기 싫어하는것은 자신이 선택하는것에대한 존중을 해줘야하고 지켜주는것이 기본권과 인권 또한 지켜주는 것이다.#@문장구분# 고령화•저출산 사회에 들어서게 되면서 결혼이라도 하여야 아이를 낳고 아이를 키워 조금이라도 줄것이다 라고 말하면서 비혼주의를 비판하는 사람도 나타날것이다.#@문장구분# 하지만 결혼을 한다고 해서 꼭 아이를 낳게 되는것도 아니고, 꼭 고령화•저출산 문제가 해결되는 것은 아니라고 생각한다.#@문장구분# 그리고 막상 결혼을 한 사람들 또한 결혼에 대해 후회하는 경우도 빈번히 일어나기도 한다.#@문장구분# 막상 결혼을 하여 경제적으로 많이 쏟아붇고, 시간적으로 많이 쏟아 부었지만 부부사이의 불화가 일어나거나 갈등이 고조되어 이혼을 하게 되는 경우가 생겨나기도 해 오히려 사간과 돈을 버리게 되는 경우도 일어나기 마련이기  때문이다.#@문장구분# 결혼을 하지 않아 발생하는 문제는 막아야하는게 맞지만 자신이 결혼하기가 싫고, 자유를 느끼고 싶은 사람들에게 강제적으로 결혼을 강요하는것은 잘못된것이고, 비혼주의자에대한 존중또한 해줘야한다고 생각한다.#@문장구분# 제시문에도 나와있듯이 연애는 필수고 결혼은 선택이라고 생각한다.#@문장구분# 그리고 나도 결혼은 선택이라고 생각한다.#@문장구분# 개인의 선택에 대해 왈가왈부할 수 없기 때문에 나는 비혼주의에 찬성하는 입장이다.#@문장구분# 나도 나중에 커서 비혼주의를 할 것 같다.#@문장구분#",
      "paragraph_len": 1054,
      "paragraph_id": "001"
    }
  ],
  "score": {
    "paragraph_score": [
      {
        "paragraph_scoreT": [
          3,
          2.4,
          2.4
        ],
        "paragraph_scoreT_detail": {
          "paragraph_scoreT_exp": [
            [
              3,
              3,
              3
            ],
            [
              2,
              3,
              2
            ],
            [
              2,
              2,
              3
            ]
          ]
        },
        "paragraph_scoreT_avg": 2.6000001,
        "paragraph_id": "001"
      }
    ],
    "essay_scoreT": [
      30,
      26.400002,
      27
    ],
    "essay_scoreT_avg": 27.800001,
    "essay_scoreT_detail": {
      "essay_scoreT_org": [
        [
          3,
          0,
          3,
          3
        ],
        [
          2,
          0,
          3,
          3
        ],
        [
          3,
          0,
          3,
          3
        ]
      ],
      "essay_scoreT_cont": [
        [
          3,
          3,
          3,
          3
        ],
        [
          3,
          3,
          3,
          3
        ],
        [
          2,
          3,
          3,
          3
        ]
      ],
      "essay_scoreT_exp": [
        [
          3,
          3,
          3
        ],
        [
          2,
          3,
          2
        ],
        [
          2,
          2,
          3
        ]
      ]
    }
  },
  "student": {
    "date": "2021.12.16",
    "student_educated": true,
    "student_grade": "고등_1학년",
    "location": "051",
    "student_grade_group": "고등",
    "student_reading": 1
  },
  "rubric": {
    "essay_grade": "고등_1학년",
    "organization_weight": {
      "org_paragraph": 0,
      "org": 3,
      "org_essay": 6,
      "org_coherence": 3,
      "org_quantity": 1
    },
    "essay_type": "찬성반대",
    "content_weight": {
      "con_clearance": 3,
      "con_novelty": 3,
      "con": 4,
      "con_prompt": 1,
      "con_description": 3
    },
    "essay_main_subject": "비혼주의자에 대한 본인의 의견",
    "expression_weight": {
      "exp_style": 4,
      "exp_grammar": 2,
      "exp_vocab": 4,
      "exp": 3
    }
  },
  "correction": [],
  "info": {
    "essay_id": "ESSAY_65762",
    "essay_prompt": " \"\"연애는 필수, 결혼은 선택! 가슴이 뛰는 대로 가면 돼\"\".\n\n 유명한 유행가의 노래 가사처럼, 청년들에게 결혼은 이제 필수가 아닌 하나의 선택 사항입니다. 연애, 결혼, 출산을 포기한다는 의미의 '3포세대'라는 말이 나오기 무섭게 5포 세대, N포세대까지 등장할 정도로 취업난, 치솟는 부동산 가격 등 여러 사회·경제적 요인들로 청년층을 위축시켰습니다.\n\n 모두가 이러한 이유로 '결혼을 포기'하는 것만은 아닙니다. 개인의 행복을 위해 '비혼을 선택'하는 청년들도 늘고 있습니다. 이처럼 최근 전통적인 가치관에서 벗어나 연애와 동거는 하면서 결혼이라는 제도에 묶여 관계에서 파생되는 책임을 벗어나 자유로운 삶을 추구하는 비혼주의자가 늘고 있습니다.\n\n 다만, 개인의 자유로운 선택에 따라 비혼주의를 하지만 주변에서는 아직 고운 시선으로 바라보지 않는 사람도 많습니다. 결혼이라는 제도에 대해서 선택이 아닌 필수라고 생각하는 사람들도 많지요. 개개인이 모여 사회가 형성되기 때문에 사회의 가장 작은 단위인 가족을 이루는 것도 사회 구성원으로서의 큰 역할이라고 생각하는 사람들도 있습니다.\n\n 여러분은 결혼을 꼭 해야 한다고 생각하시나요? 아니면 결혼은 선택의 문제라고 생각하시나요? 비혼주의에 대해 찬성하는 입장 반대를 선택하여 자신의 의견을 작성해주세요. 그리고 그렇게 생각한 이유에 대해서 작성해주세요.",
    "essay_type": "찬성반대",
    "essay_level": "2",
    "essay_len": 794,
    "essay_main_subject": "비혼주의자에 대한 본인의 의견"
  }
}