{
  "paragraph": [
    {
      "paragraph_txt": "저는 책임을 벗어나 자유로운 삶을 추구하는 비혼주의에 대해서 찬성합니다.#@문장구분#\n비혼주의란, 옛날 대한민국에서는 결혼을 필수로 여겨 결혼을 하고는 싶지만 못하는 사람들, 솔로 또한 미혼자로 불러왔지만 요즘 시대에서는 비혼이라는 말이 생기게 됐습니다.#@문장구분# 이것은 결혼을 하기 싫어서 스스로 결혼을 안 하는 것을 결정한 것의 결과물이라고 할 수 있습니다.#@문장구분# 결국에는 비혼주의란 결혼하는 것은 우리 인생에서 필수가 아니라, 선택이라고 생각하는 주의를 말해서 비혼주의라는 말이 생긴 것입니다.#@문장구분# 시대가 변화하면서 사람들의 생각도 많이 달라졌습니다.#@문장구분# 2020년 통계청 사회조사에 따르면 13세 이상 인구 중 결혼을 해야 한다고 생각하는 사람은 51.2%로, 10년 전인 2010년 64.7%에 비해 수치가 13.5%p 떨어졌습니다. #@문장구분#그 이유가 남자는 '현실적으로 결혼을 위한 조건을 맞추기 어려울 것이라고 생각되어서(집 마련, 재정적 부분 등)'가 51.1%, '혼자사는 것이 더 행복할 것이라고 생각되어서' 29.8% 순이었습니다.#@문장구분# 반면 여자는 '혼자사는 것이 행복할 것이라고 생각되어서' 25.3%, '가부장제 및 양성불평등 등의 문화 때문에' 24.7% 순으로 응답했습니다.#@문장구분# 이토록 청년층에서 나타나는 비혼 의지는 결혼 후 사회 진출에 제약이 생긴다거나 애초에 결혼을 하기 힘들 정도의 경제적 부담감이 영향을 끼친 것으로 보입니다.#@문장구분# 더불어 개인의 삶을 중요시하는 태도도 비혼을 선호하는 요인으로 작용했습니다.#@문장구분# 그러므로 변해가는 사회 속에서 적응해가는 과정인 것이지, 굳이 반대해야 할 게 아니라고 생각합니다.#@문장구분#",
      "paragraph_len": 998,
      "paragraph_id": "001"
    }
  ],
  "score": {
    "paragraph_score": [
      {
        "paragraph_scoreT": [
          2.6,
          3,
          2.8
        ],
        "paragraph_scoreT_detail": {
          "paragraph_scoreT_exp": [
            [
              3,
              3,
              2
            ],
            [
              3,
              3,
              3
            ],
            [
              2,
              3,
              3
            ]
          ]
        },
        "paragraph_scoreT_avg": 2.8,
        "paragraph_id": "001"
      }
    ],
    "essay_scoreT": [
      23.899998,
      29.7,
      26.400002
    ],
    "essay_scoreT_avg": 26.666666,
    "essay_scoreT_detail": {
      "essay_scoreT_org": [
        [
          2,
          0,
          3,
          2
        ],
        [
          3,
          0,
          3,
          2
        ],
        [
          2,
          0,
          3,
          3
        ]
      ],
      "essay_scoreT_cont": [
        [
          3,
          2,
          2,
          2
        ],
        [
          3,
          3,
          3,
          3
        ],
        [
          3,
          2,
          3,
          3
        ]
      ],
      "essay_scoreT_exp": [
        [
          3,
          3,
          2
        ],
        [
          3,
          3,
          3
        ],
        [
          2,
          3,
          3
        ]
      ]
    }
  },
  "student": {
    "date": "2021.10.01",
    "student_educated": true,
    "student_grade": "고등_1학년",
    "location": "051",
    "student_grade_group": "고등",
    "student_reading": 1
  },
  "rubric": {
    "essay_grade": "고등_1학년",
    "organization_weight": {
      "org_paragraph": 0,
      "org": 3,
      "org_essay": 6,
      "org_coherence": 3,
      "org_quantity": 1
    },
    "essay_type": "찬성반대",
    "content_weight": {
      "con_clearance": 3,
      "con_novelty": 3,
      "con": 4,
      "con_prompt": 1,
      "con_description": 3
    },
    "essay_main_subject": "비혼주의자에 대한 본인의 의견",
    "expression_weight": {
      "exp_style": 4,
      "exp_grammar": 2,
      "exp_vocab": 4,
      "exp": 3
    }
  },
  "correction": [],
  "info": {
    "essay_id": "ESSAY_36396",
    "essay_prompt": " \"\"연애는 필수, 결혼은 선택! 가슴이 뛰는 대로 가면 돼\"\".\n\n 유명한 유행가의 노래 가사처럼, 청년들에게 결혼은 이제 필수가 아닌 하나의 선택 사항입니다. 연애, 결혼, 출산을 포기한다는 의미의 '3포세대'라는 말이 나오기 무섭게 5포 세대, N포세대까지 등장할 정도로 취업난, 치솟는 부동산 가격 등 여러 사회·경제적 요인들로 청년층을 위축시켰습니다.\n\n 모두가 이러한 이유로 '결혼을 포기'하는 것만은 아닙니다. 개인의 행복을 위해 '비혼을 선택'하는 청년들도 늘고 있습니다. 이처럼 최근 전통적인 가치관에서 벗어나 연애와 동거는 하면서 결혼이라는 제도에 묶여 관계에서 파생되는 책임을 벗어나 자유로운 삶을 추구하는 비혼주의자가 늘고 있습니다.\n\n 다만, 개인의 자유로운 선택에 따라 비혼주의를 하지만 주변에서는 아직 고운 시선으로 바라보지 않는 사람도 많습니다. 결혼이라는 제도에 대해서 선택이 아닌 필수라고 생각하는 사람들도 많지요. 개개인이 모여 사회가 형성되기 때문에 사회의 가장 작은 단위인 가족을 이루는 것도 사회 구성원으로서의 큰 역할이라고 생각하는 사람들도 있습니다.\n\n 여러분은 결혼을 꼭 해야 한다고 생각하시나요? 아니면 결혼은 선택의 문제라고 생각하시나요? 비혼주의에 대해 찬성하는 입장 반대를 선택하여 자신의 의견을 작성해주세요. 그리고 그렇게 생각한 이유에 대해서 작성해주세요.",
    "essay_type": "찬성반대",
    "essay_level": "2",
    "essay_len": 778,
    "essay_main_subject": "비혼주의자에 대한 본인의 의견"
  }
}