{
  "paragraph": [
    {
      "paragraph_txt": "저는 개인의 선택을 존중합니다.#@문장구분# 남에게 피해를 주거나 법을 위반하지 않는 선에서의 선택들은 존중 받아야 하고 이를 두고 왈가왈부 하지 말아야 한다고 생각합니다.#@문장구분# 그래서 비혼주의에 대한 입장도 찬성도 반대도 하지 않습니다.#@문장구분# 그게 자발적이든 타의에 의한것이든 그 선택을 한 사람들의 생각은 존중받아야 합니다.#@문장구분#",
      "paragraph_len": 250,
      "paragraph_id": "001"
    },
    {
      "paragraph_txt": " 지금 3포세대 N포세대란 말이 나오는걸 보면 타의에 의한 비혼주의자들이 대부분일거라 생각합니다.#@문장구분# 동물은 종족번성의 본능이 있는데 그것을 스스로 거스른 다는 게 자연의 섭리에 맞지 않기 때문입니다.#@문장구분# 이렇게 보면 비혼주의자의 입장을 반대하니 찬성하니 하는 것도 의미가 없다고 봅니다.#@문장구분# 타의에 의한 비혼주의자들이 결혼할 수 있는 환경만 만들어 준다면 이런 고민은 필요 없기 때문입니다.#@문장구분#비혼율이 높아지면 자연스레 출산율 하락이 가속화 되고 그렇게 되면 생산가능 인구와 소비인구가 줄어들어 국가는 큰 피해가 발생하게 될겁니다.#@문장구분# 그렇기 때문에 단지 비혼주의자가 늘어나는 자체가 큰 사회문제로 여기게 되는거겠죠.#@문장구분#\n \n 그래서 국가가 나서서 천문학 적인 돈을 들여서 저출산 대책을 마련하지만 현재 출산율을 보면 그 또한 밑 빠진 물붓기라 보여집니다.#@문장구분# 국민에 한 사람으로서 타의에 의한 비혼주의자들이 양성되지 않았으면 합니다.#@문장구분# 그렇게 되기 위해 국가에서 N포세대가 포기하지 않는 환경을 만들어 주길 바랍니다.#@문장구분# 저 또한 시간이 흐르면 타의에 의해 비혼을 선택하는 일이 없길 바랍니다.#@문장구분# 국가적으로 현재 비혼을 생각하는 청년들을 생각해서 새로운 정책을 내놔야 한다고 생각합니다.#@문장구분# 경제가 어려울수록 비혼적인 생각을 할 것이며 주의을 둘러 보면 다들 혼자 사는 생각을 많이 하고 있다고 생각합니다.#@문장구분#",
      "paragraph_len": 897,
      "paragraph_id": "002"
    }
  ],
  "score": {
    "paragraph_score": [
      {
        "paragraph_scoreT": [
          3,
          2.4,
          3
        ],
        "paragraph_scoreT_detail": {
          "paragraph_scoreT_exp": [
            [
              3,
              3,
              3
            ],
            [
              2,
              3,
              2
            ],
            [
              3,
              3,
              3
            ]
          ]
        },
        "paragraph_scoreT_avg": 2.8,
        "paragraph_id": "001"
      },
      {
        "paragraph_scoreT": [
          3,
          2.4,
          3
        ],
        "paragraph_scoreT_detail": {
          "paragraph_scoreT_exp": [
            [
              3,
              3,
              3
            ],
            [
              2,
              3,
              2
            ],
            [
              3,
              3,
              3
            ]
          ]
        },
        "paragraph_scoreT_avg": 2.8,
        "paragraph_id": "002"
      }
    ],
    "essay_scoreT": [
      30,
      26.100002,
      30
    ],
    "essay_scoreT_avg": 28.700003,
    "essay_scoreT_detail": {
      "essay_scoreT_org": [
        [
          3,
          0,
          3,
          3
        ],
        [
          3,
          0,
          2,
          3
        ],
        [
          3,
          0,
          3,
          3
        ]
      ],
      "essay_scoreT_cont": [
        [
          3,
          3,
          3,
          3
        ],
        [
          3,
          2,
          3,
          3
        ],
        [
          3,
          3,
          3,
          3
        ]
      ],
      "essay_scoreT_exp": [
        [
          3,
          3,
          3
        ],
        [
          2,
          3,
          2
        ],
        [
          3,
          3,
          3
        ]
      ]
    }
  },
  "student": {
    "date": "2021.12.14",
    "student_educated": true,
    "student_grade": "고등_1학년",
    "location": "044",
    "student_grade_group": "고등",
    "student_reading": 2
  },
  "rubric": {
    "essay_grade": "고등_1학년",
    "organization_weight": {
      "org_paragraph": 0,
      "org": 3,
      "org_essay": 6,
      "org_coherence": 3,
      "org_quantity": 1
    },
    "essay_type": "찬성반대",
    "content_weight": {
      "con_clearance": 3,
      "con_novelty": 3,
      "con": 4,
      "con_prompt": 1,
      "con_description": 3
    },
    "essay_main_subject": "비혼주의자에 대한 본인의 의견",
    "expression_weight": {
      "exp_style": 4,
      "exp_grammar": 2,
      "exp_vocab": 4,
      "exp": 3
    }
  },
  "correction": [],
  "info": {
    "essay_id": "ESSAY_65965",
    "essay_prompt": " \"\"연애는 필수, 결혼은 선택! 가슴이 뛰는 대로 가면 돼\"\".\n\n 유명한 유행가의 노래 가사처럼, 청년들에게 결혼은 이제 필수가 아닌 하나의 선택 사항입니다. 연애, 결혼, 출산을 포기한다는 의미의 '3포세대'라는 말이 나오기 무섭게 5포 세대, N포세대까지 등장할 정도로 취업난, 치솟는 부동산 가격 등 여러 사회·경제적 요인들로 청년층을 위축시켰습니다.\n\n 모두가 이러한 이유로 '결혼을 포기'하는 것만은 아닙니다. 개인의 행복을 위해 '비혼을 선택'하는 청년들도 늘고 있습니다. 이처럼 최근 전통적인 가치관에서 벗어나 연애와 동거는 하면서 결혼이라는 제도에 묶여 관계에서 파생되는 책임을 벗어나 자유로운 삶을 추구하는 비혼주의자가 늘고 있습니다.\n\n 다만, 개인의 자유로운 선택에 따라 비혼주의를 하지만 주변에서는 아직 고운 시선으로 바라보지 않는 사람도 많습니다. 결혼이라는 제도에 대해서 선택이 아닌 필수라고 생각하는 사람들도 많지요. 개개인이 모여 사회가 형성되기 때문에 사회의 가장 작은 단위인 가족을 이루는 것도 사회 구성원으로서의 큰 역할이라고 생각하는 사람들도 있습니다.\n\n 여러분은 결혼을 꼭 해야 한다고 생각하시나요? 아니면 결혼은 선택의 문제라고 생각하시나요? 비혼주의에 대해 찬성하는 입장 반대를 선택하여 자신의 의견을 작성해주세요. 그리고 그렇게 생각한 이유에 대해서 작성해주세요.",
    "essay_type": "찬성반대",
    "essay_level": "2",
    "essay_len": 829,
    "essay_main_subject": "비혼주의자에 대한 본인의 의견"
  }
}