{
  "paragraph": [
    {
      "paragraph_txt": "나는 비혼주의자들의 의견에 반대한다.#@문장구분# 왜냐하면 비혼주의자는 나는 연애만 하면서 살거야 라는 느낌이 강하다.#@문장구분# 진심으로 그 사람을 사랑하고 같이 있고 싶다면 나는 결혼이라는 제도를 이용하여 서로의 결속을 다져놓는 것도 좋은 생각이라고 생각한다.#@문장구분# 결혼이라는 것이 결혼을 하면 아기도 낳고 그러면 한 가정이 만들어진다.#@문장구분# 여기서 만약 서로 결혼하지 않고 아이가 생겨서 아이를 키우기 위해서는 잘 찾아보지 않아서 모르지만 아이가 생기게 되면 그 아이는 아직 결혼도 안 한 결혼을 한 부부들 보다 조금은 불안정한 연인들 사이에서 살아가야 한다. #@문장구분#그렇다면 비혼주의자들은 자신의 소신을 저버리고 그 아이를 위해 결혼을 할 수 있을까?#@문장구분# 궁금하다.#@문장구분# 그리고 아직 연인 사이인 사람들끼리 싸우고 헤어져 버리면 그 아이는 어디로 가야될까.#@문장구분# 연인 사이는 서로 배려해주고 사랑한다는 것을 표현하면서 서로의 마음을 열고 인정해야 유지가 되는 관계인데 만약 생활비가 너무 모자라서 남자와 여자 둘 중에 한명이 마음의 문을 열 시간이 없어서 서로의 관계의 골이 깊어져서 헤어지게 된다면 그 관계는 끝이다.#@문장구분# 하지만 결혼을 하면 내가 이 사람이 너무너무 좋아서 결혼했잖아 #@문장구분#그러니까 우리 가정을 위해서 열심히 해야지 라는 가정에 대한 책임감이 생기고 함부로 헤어지자는 말을 하지 않고 대화로 풀어나가는 자세가 나오기 때문에 그 관계는 계속해서 이어지게 된다.#@문장구분# 솔직히 비혼주의자들은 아직 진정한 사랑을 경험하지 못 한 사람들이라고 생각한다.#@문장구분# 그 한 사람을 엄청나게 좋아한다면 내 옆에 있으라고 말 하고 싶지 않을까? 라는 생각을 한다.#@문장구분# 만약 내 주변에 비혼주의자들이 있다면 그 친구에게는 정말 좋은 친구를 소개시켜줘서 진정한 사랑을 맛보여주고 싶다. #@문장구분#나도 사랑하고 받고 싶다....#@문장구분#",
      "paragraph_len": 1162,
      "paragraph_id": "001"
    }
  ],
  "score": {
    "paragraph_score": [
      {
        "paragraph_scoreT": [
          3,
          2.8,
          3
        ],
        "paragraph_scoreT_detail": {
          "paragraph_scoreT_exp": [
            [
              3,
              3,
              3
            ],
            [
              2,
              3,
              3
            ],
            [
              3,
              3,
              3
            ]
          ]
        },
        "paragraph_scoreT_avg": 2.9333334,
        "paragraph_id": "001"
      }
    ],
    "essay_scoreT": [
      30,
      26.100002,
      30
    ],
    "essay_scoreT_avg": 28.700003,
    "essay_scoreT_detail": {
      "essay_scoreT_org": [
        [
          3,
          0,
          3,
          3
        ],
        [
          3,
          0,
          2,
          3
        ],
        [
          3,
          0,
          3,
          3
        ]
      ],
      "essay_scoreT_cont": [
        [
          3,
          3,
          3,
          3
        ],
        [
          3,
          2,
          3,
          3
        ],
        [
          3,
          3,
          3,
          3
        ]
      ],
      "essay_scoreT_exp": [
        [
          3,
          3,
          3
        ],
        [
          2,
          3,
          2
        ],
        [
          3,
          3,
          3
        ]
      ]
    }
  },
  "student": {
    "date": "2021.12.16",
    "student_educated": true,
    "student_grade": "고등_1학년",
    "location": "054",
    "student_grade_group": "고등",
    "student_reading": 3
  },
  "rubric": {
    "essay_grade": "고등_1학년",
    "organization_weight": {
      "org_paragraph": 0,
      "org": 3,
      "org_essay": 6,
      "org_coherence": 3,
      "org_quantity": 1
    },
    "essay_type": "찬성반대",
    "content_weight": {
      "con_clearance": 3,
      "con_novelty": 3,
      "con": 4,
      "con_prompt": 1,
      "con_description": 3
    },
    "essay_main_subject": "비혼주의자에 대한 본인의 의견",
    "expression_weight": {
      "exp_style": 4,
      "exp_grammar": 2,
      "exp_vocab": 4,
      "exp": 3
    }
  },
  "correction": [],
  "info": {
    "essay_id": "ESSAY_65952",
    "essay_prompt": " \"\"연애는 필수, 결혼은 선택! 가슴이 뛰는 대로 가면 돼\"\".\n\n 유명한 유행가의 노래 가사처럼, 청년들에게 결혼은 이제 필수가 아닌 하나의 선택 사항입니다. 연애, 결혼, 출산을 포기한다는 의미의 '3포세대'라는 말이 나오기 무섭게 5포 세대, N포세대까지 등장할 정도로 취업난, 치솟는 부동산 가격 등 여러 사회·경제적 요인들로 청년층을 위축시켰습니다.\n\n 모두가 이러한 이유로 '결혼을 포기'하는 것만은 아닙니다. 개인의 행복을 위해 '비혼을 선택'하는 청년들도 늘고 있습니다. 이처럼 최근 전통적인 가치관에서 벗어나 연애와 동거는 하면서 결혼이라는 제도에 묶여 관계에서 파생되는 책임을 벗어나 자유로운 삶을 추구하는 비혼주의자가 늘고 있습니다.\n\n 다만, 개인의 자유로운 선택에 따라 비혼주의를 하지만 주변에서는 아직 고운 시선으로 바라보지 않는 사람도 많습니다. 결혼이라는 제도에 대해서 선택이 아닌 필수라고 생각하는 사람들도 많지요. 개개인이 모여 사회가 형성되기 때문에 사회의 가장 작은 단위인 가족을 이루는 것도 사회 구성원으로서의 큰 역할이라고 생각하는 사람들도 있습니다.\n\n 여러분은 결혼을 꼭 해야 한다고 생각하시나요? 아니면 결혼은 선택의 문제라고 생각하시나요? 비혼주의에 대해 찬성하는 입장 반대를 선택하여 자신의 의견을 작성해주세요. 그리고 그렇게 생각한 이유에 대해서 작성해주세요.",
    "essay_type": "찬성반대",
    "essay_level": "2",
    "essay_len": 862,
    "essay_main_subject": "비혼주의자에 대한 본인의 의견"
  }
}