{
  "paragraph": [
    {
      "paragraph_txt": "나는 비혼주의에 대해 찬성합니다.#@문장구분# 왜냐하면 사람은 자신의 신체적 자유를 누릴 권리가 있기 때문이다.#@문장구분# 예전 사회부터 결혼은 태어나게 되면 강제적으로 해야하는 것처럼 여겨져 왔다.#@문장구분# 원치않는 결혼도 해야했고, 그 후에 자신의 삶을 마음껏 누리지 못하는 것이 그 이유다. #@문장구분#결혼을 하지 않게 된다면 더 많은 사람들과 많은 경험을 해보고 자신이 원하는 미래를 꾸려갈 수 있다.#@문장구분# 하지만 무조건적으로 비혼주의를 찬성하는 것은 아니다.#@문장구분# 우리나라는 현재 저출산, 고령화 문제로 생산가능인력이 줄어들고 있다.#@문장구분# 이런 관점에서 봤을 때 결혼을 통해 아기를 낳는 것이 사회적 문제의 해결방법처럼 보인다. #@문장구분#그러나 현재에는 경제적문제, 사회적문제 등 결혼한 신혼부부들의 출산률도 높지는 않다.#@문장구분# 결혼을 하더라도 저출산 문제는 해결 되지 않고 계속 유지 될 것이라면 나라면 나의 경험과 세상을 보는 견문을 넓히기 위해 결혼을 하지 않는 것도 나쁘지 않다고 생각한다.#@문장구분# 따라서 나는 나의 자유와 권리가 사회적 문제보다 더 중요하다고 생각한다.#@문장구분#",
      "paragraph_len": 727,
      "paragraph_id": "001"
    }
  ],
  "score": {
    "paragraph_score": [
      {
        "paragraph_scoreT": [
          2.2,
          2.6,
          3
        ],
        "paragraph_scoreT_detail": {
          "paragraph_scoreT_exp": [
            [
              3,
              2,
              2
            ],
            [
              3,
              2,
              3
            ],
            [
              3,
              3,
              3
            ]
          ]
        },
        "paragraph_scoreT_avg": 2.6000001,
        "paragraph_id": "001"
      }
    ],
    "essay_scoreT": [
      21,
      23.4,
      28.8
    ],
    "essay_scoreT_avg": 24.4,
    "essay_scoreT_detail": {
      "essay_scoreT_org": [
        [
          2,
          0,
          2,
          2
        ],
        [
          2,
          0,
          2,
          2
        ],
        [
          3,
          0,
          3,
          3
        ]
      ],
      "essay_scoreT_cont": [
        [
          2,
          2,
          3,
          2
        ],
        [
          3,
          2,
          3,
          2
        ],
        [
          3,
          3,
          3,
          2
        ]
      ],
      "essay_scoreT_exp": [
        [
          3,
          2,
          2
        ],
        [
          3,
          2,
          3
        ],
        [
          3,
          3,
          3
        ]
      ]
    }
  },
  "student": {
    "date": "2021.09.23",
    "student_educated": true,
    "student_grade": "고등_1학년",
    "location": "051",
    "student_grade_group": "고등",
    "student_reading": 2
  },
  "rubric": {
    "essay_grade": "고등_1학년",
    "organization_weight": {
      "org_paragraph": 0,
      "org": 3,
      "org_essay": 6,
      "org_coherence": 3,
      "org_quantity": 1
    },
    "essay_type": "찬성반대",
    "content_weight": {
      "con_clearance": 3,
      "con_novelty": 3,
      "con": 4,
      "con_prompt": 1,
      "con_description": 3
    },
    "essay_main_subject": "비혼주의자에 대한 본인의 의견",
    "expression_weight": {
      "exp_style": 4,
      "exp_grammar": 2,
      "exp_vocab": 4,
      "exp": 3
    }
  },
  "correction": [],
  "info": {
    "essay_id": "ESSAY_35785",
    "essay_prompt": " \"\"연애는 필수, 결혼은 선택! 가슴이 뛰는 대로 가면 돼\"\".\n\n 유명한 유행가의 노래 가사처럼, 청년들에게 결혼은 이제 필수가 아닌 하나의 선택 사항입니다. 연애, 결혼, 출산을 포기한다는 의미의 '3포세대'라는 말이 나오기 무섭게 5포 세대, N포세대까지 등장할 정도로 취업난, 치솟는 부동산 가격 등 여러 사회·경제적 요인들로 청년층을 위축시켰습니다.\n\n 모두가 이러한 이유로 '결혼을 포기'하는 것만은 아닙니다. 개인의 행복을 위해 '비혼을 선택'하는 청년들도 늘고 있습니다. 이처럼 최근 전통적인 가치관에서 벗어나 연애와 동거는 하면서 결혼이라는 제도에 묶여 관계에서 파생되는 책임을 벗어나 자유로운 삶을 추구하는 비혼주의자가 늘고 있습니다.\n\n 다만, 개인의 자유로운 선택에 따라 비혼주의를 하지만 주변에서는 아직 고운 시선으로 바라보지 않는 사람도 많습니다. 결혼이라는 제도에 대해서 선택이 아닌 필수라고 생각하는 사람들도 많지요. 개개인이 모여 사회가 형성되기 때문에 사회의 가장 작은 단위인 가족을 이루는 것도 사회 구성원으로서의 큰 역할이라고 생각하는 사람들도 있습니다.\n\n 여러분은 결혼을 꼭 해야 한다고 생각하시나요? 아니면 결혼은 선택의 문제라고 생각하시나요? 비혼주의에 대해 찬성하는 입장 반대를 선택하여 자신의 의견을 작성해주세요. 그리고 그렇게 생각한 이유에 대해서 작성해주세요.",
    "essay_type": "찬성반대",
    "essay_level": "2",
    "essay_len": 507,
    "essay_main_subject": "비혼주의자에 대한 본인의 의견"
  }
}