{
  "paragraph": [
    {
      "paragraph_txt": "안녕하세요.#@문장구분# 저는 비혼주의를 이해하는 입장입니다.#@문장구분# 2030 세대들의 결혼시기가 예전에 비해 많이 늦춰지고 있는데, 이는 우리 사회의 경제적인 면과 큰 연관성이 있다고 생각합니다.#@문장구분# 경제적인 문제는 2030 세대들이 직접 해결 할 수 있는 문제가 아니기 때문에 결혼시기가 늦춰지거나 비혼주의를 선언하는 상황이 늘어나고 있다고 생각합니다.#@문장구분# 최근 몇 년간 집값이 폭등해 최정상을 찍었습니다.#@문장구분# 결혼을 하려면 혼수장만, 스튜디오, 드레스, 메이크업 등 돈이 많이 들어가는게 사실입니다. #@문장구분#그러나 이보다 가장 중요하고도 큰 고비가 있다면 그건 바로 신혼집을 마련하는 것이겠죠.#@문장구분# 특히나 젊은 직장인들이 가장 많은 서울을 보면 집값이 3억에서 12억이 될 정도로 가격이 급 상승했고 대출도 나오지 않는 상황이 되어버리자 젊은 세대들은 부모님의 도움을 받지 않는 한 자기 소유의 집을 가질 수가 없는 사태가 벌어졌습니다.#@문장구분# 나아질 기미가 보이지 않자 결혼을 의지와 상관없이 포기하게끔 유도당하는 꼴이 되어버린거죠.#@문장구분# 때문에 비혼주의를 선언한 사람들을 비난해서는 안된다고 생각합니다. #@문장구분#아직 사회적 경제활동을 하고 있지 않은 나이임에도 최근 집값의 변동 폭이 비정상적이라고 느껴지는데 몸소 경험해야하는 2030 세대들에게는 허탈하게 느껴질 것 같습니다.#@문장구분# 결혼을 하고 싶어도 못하는 사회가 되어버린건 이들의 잘못이 아닌데 왜 이들을 이해하지 못한다며 결혼을 강요할까요?#@문장구분#신혼부부를 위한 임대나 청약 등 받을 수 있는 혜택이 많다고들 하지만 사실상 이는 로또에 당첨될 확률에 가까울뿐더러 당첨이 되어도 터무니없이 비싼 탓에 분양권을 포기해야합니다.#@문장구분# 비혼주의를 비난하기 전에 2030 세대들의 고난을 이해해주고 해결방안을 같이 생각해보면 좋을 것 같습니다. 감사합니다.#@문장구분#",
      "paragraph_len": 1139,
      "paragraph_id": "001"
    }
  ],
  "score": {
    "paragraph_score": [
      {
        "paragraph_scoreT": [
          3,
          3,
          3
        ],
        "paragraph_scoreT_detail": {
          "paragraph_scoreT_exp": [
            [
              3,
              3,
              3
            ],
            [
              3,
              3,
              3
            ],
            [
              3,
              3,
              3
            ]
          ]
        },
        "paragraph_scoreT_avg": 3,
        "paragraph_id": "001"
      }
    ],
    "essay_scoreT": [
      27,
      26.6,
      26.099998
    ],
    "essay_scoreT_avg": 26.566666,
    "essay_scoreT_detail": {
      "essay_scoreT_org": [
        [
          2,
          0,
          3,
          3
        ],
        [
          2,
          0,
          3,
          3
        ],
        [
          2,
          0,
          2,
          3
        ]
      ],
      "essay_scoreT_cont": [
        [
          3,
          2,
          3,
          3
        ],
        [
          3,
          2,
          2,
          3
        ],
        [
          3,
          3,
          3,
          2
        ]
      ],
      "essay_scoreT_exp": [
        [
          3,
          3,
          3
        ],
        [
          3,
          3,
          3
        ],
        [
          3,
          3,
          3
        ]
      ]
    }
  },
  "student": {
    "date": "2021.12.03",
    "student_educated": true,
    "student_grade": "고등_1학년",
    "location": "063",
    "student_grade_group": "고등",
    "student_reading": 2
  },
  "rubric": {
    "essay_grade": "고등_1학년",
    "organization_weight": {
      "org_paragraph": 0,
      "org": 3,
      "org_essay": 6,
      "org_coherence": 3,
      "org_quantity": 1
    },
    "essay_type": "찬성반대",
    "content_weight": {
      "con_clearance": 3,
      "con_novelty": 3,
      "con": 4,
      "con_prompt": 1,
      "con_description": 3
    },
    "essay_main_subject": "비혼주의자에 대한 본인의 의견",
    "expression_weight": {
      "exp_style": 4,
      "exp_grammar": 2,
      "exp_vocab": 4,
      "exp": 3
    }
  },
  "correction": [],
  "info": {
    "essay_id": "ESSAY_54738",
    "essay_prompt": " \"\"연애는 필수, 결혼은 선택! 가슴이 뛰는 대로 가면 돼\"\".\n\n 유명한 유행가의 노래 가사처럼, 청년들에게 결혼은 이제 필수가 아닌 하나의 선택 사항입니다. 연애, 결혼, 출산을 포기한다는 의미의 '3포세대'라는 말이 나오기 무섭게 5포 세대, N포세대까지 등장할 정도로 취업난, 치솟는 부동산 가격 등 여러 사회·경제적 요인들로 청년층을 위축시켰습니다.\n\n 모두가 이러한 이유로 '결혼을 포기'하는 것만은 아닙니다. 개인의 행복을 위해 '비혼을 선택'하는 청년들도 늘고 있습니다. 이처럼 최근 전통적인 가치관에서 벗어나 연애와 동거는 하면서 결혼이라는 제도에 묶여 관계에서 파생되는 책임을 벗어나 자유로운 삶을 추구하는 비혼주의자가 늘고 있습니다.\n\n 다만, 개인의 자유로운 선택에 따라 비혼주의를 하지만 주변에서는 아직 고운 시선으로 바라보지 않는 사람도 많습니다. 결혼이라는 제도에 대해서 선택이 아닌 필수라고 생각하는 사람들도 많지요. 개개인이 모여 사회가 형성되기 때문에 사회의 가장 작은 단위인 가족을 이루는 것도 사회 구성원으로서의 큰 역할이라고 생각하는 사람들도 있습니다.\n\n 여러분은 결혼을 꼭 해야 한다고 생각하시나요? 아니면 결혼은 선택의 문제라고 생각하시나요? 비혼주의에 대해 찬성하는 입장 반대를 선택하여 자신의 의견을 작성해주세요. 그리고 그렇게 생각한 이유에 대해서 작성해주세요.",
    "essay_type": "찬성반대",
    "essay_level": "2",
    "essay_len": 861,
    "essay_main_subject": "비혼주의자에 대한 본인의 의견"
  }
}