{
  "paragraph": [
    {
      "paragraph_txt": "지금까지 자신이 살아 온 방식을 배우자에게 맞춘다는 것은 결코 쉬운 일이 아니다.#@문장구분# 남자도 마찮가지겠지만 어쩌면 여자의 경우 직장에서 자신의 목표를 포기할 수 밖에 없는 상황도 생길지 모른다.#@문장구분# 아직도 사회에센 결혼한 여자를 선호하지 않는다.#@문장구분# 남잔 기혼미혼 상관 없는데 여잔 아니다. #@문장구분#그건 아직도 우리사회가 남아선호사상이 짖게 뿌리내려있다는 얘기이기도 하다.#@문장구분# 비혼주위를 생각하는건 남자보다 여자가 더 많은거 같다.#@문장구분# 결혼을 하기보다 혼자 살면서 본인이 자유로이 하고싶은 것을 마음껏 하며 살 때의 만족감이 더 클 것이라고 생각한다.#@문장구분# 여자도 하고 싶은일 목표가 있고 얼마든지 사회생활을 하면서 만족하며 살고 싶은 생각이 클 것이다.#@문장구분# 만일 서로 맞춰가며 산다고 해도 이혼하지 않을 가능성이 없는 것도 아니다.#@문장구분# 그러한 부담감을 다 감수하면서까지 결혼을 필수적으로 해야할 이유는 없다고 생각한다.#@문장구분# 내가 현재 사랑하는 사람이 있을 경우에도 연애에 그치거나 혹은 동거를 하며 지내도 자신이 행복을 느낄 수 있다면 결혼을 하지 않아도 괜찮은 것이 아닐까?#@문장구분# 이에 개인주의 성향이 강해지는 요즘 현대인들에게 맞춰 1인 가구 맞춤형 제도도 정말 많이 생기고 있는 추세라 나이가 들어가면서 혼자 사는 건 힘든 일 이라는 예전의 전통적인 가치관에 묶여있지는 않아도 된다.#@문장구분# 조금 이기적일수있지만 자신이 정말 하나도 사랑하지 않는데, 누군가와 사회가 강요해서 결혼을 해버리면 그 삶은 불행할 것 같기 때문에 비혼주의에 대해 딱히 반대하지 않는다.#@문장구분# 나는 비혼주의에 대해 딱히 반대하는 입장이라고는 생각하지 않는다.#@문장구분# 때로는 결혼을 하고 싶다. 그래서 우리는 탄생이라는 입장도 아니다.#@문장구분#",
      "paragraph_len": 1111,
      "paragraph_id": "001"
    }
  ],
  "score": {
    "paragraph_score": [
      {
        "paragraph_scoreT": [
          3,
          3,
          2.4
        ],
        "paragraph_scoreT_detail": {
          "paragraph_scoreT_exp": [
            [
              3,
              3,
              3
            ],
            [
              3,
              3,
              3
            ],
            [
              2,
              2,
              3
            ]
          ]
        },
        "paragraph_scoreT_avg": 2.8,
        "paragraph_id": "001"
      }
    ],
    "essay_scoreT": [
      30,
      30,
      25.2
    ],
    "essay_scoreT_avg": 28.4,
    "essay_scoreT_detail": {
      "essay_scoreT_org": [
        [
          3,
          0,
          3,
          3
        ],
        [
          3,
          0,
          3,
          3
        ],
        [
          2,
          0,
          3,
          3
        ]
      ],
      "essay_scoreT_cont": [
        [
          3,
          3,
          3,
          3
        ],
        [
          3,
          3,
          3,
          3
        ],
        [
          2,
          3,
          3,
          3
        ]
      ],
      "essay_scoreT_exp": [
        [
          3,
          3,
          3
        ],
        [
          3,
          3,
          3
        ],
        [
          2,
          2,
          3
        ]
      ]
    }
  },
  "student": {
    "date": "2021.12.07",
    "student_educated": true,
    "student_grade": "고등_1학년",
    "location": "063",
    "student_grade_group": "고등",
    "student_reading": 2
  },
  "rubric": {
    "essay_grade": "고등_1학년",
    "organization_weight": {
      "org_paragraph": 0,
      "org": 3,
      "org_essay": 6,
      "org_coherence": 3,
      "org_quantity": 1
    },
    "essay_type": "찬성반대",
    "content_weight": {
      "con_clearance": 3,
      "con_novelty": 3,
      "con": 4,
      "con_prompt": 1,
      "con_description": 3
    },
    "essay_main_subject": "비혼주의자에 대한 본인의 의견",
    "expression_weight": {
      "exp_style": 4,
      "exp_grammar": 2,
      "exp_vocab": 4,
      "exp": 3
    }
  },
  "correction": [],
  "info": {
    "essay_id": "ESSAY_56509",
    "essay_prompt": " \"\"연애는 필수, 결혼은 선택! 가슴이 뛰는 대로 가면 돼\"\".\n\n 유명한 유행가의 노래 가사처럼, 청년들에게 결혼은 이제 필수가 아닌 하나의 선택 사항입니다. 연애, 결혼, 출산을 포기한다는 의미의 '3포세대'라는 말이 나오기 무섭게 5포 세대, N포세대까지 등장할 정도로 취업난, 치솟는 부동산 가격 등 여러 사회·경제적 요인들로 청년층을 위축시켰습니다.\n\n 모두가 이러한 이유로 '결혼을 포기'하는 것만은 아닙니다. 개인의 행복을 위해 '비혼을 선택'하는 청년들도 늘고 있습니다. 이처럼 최근 전통적인 가치관에서 벗어나 연애와 동거는 하면서 결혼이라는 제도에 묶여 관계에서 파생되는 책임을 벗어나 자유로운 삶을 추구하는 비혼주의자가 늘고 있습니다.\n\n 다만, 개인의 자유로운 선택에 따라 비혼주의를 하지만 주변에서는 아직 고운 시선으로 바라보지 않는 사람도 많습니다. 결혼이라는 제도에 대해서 선택이 아닌 필수라고 생각하는 사람들도 많지요. 개개인이 모여 사회가 형성되기 때문에 사회의 가장 작은 단위인 가족을 이루는 것도 사회 구성원으로서의 큰 역할이라고 생각하는 사람들도 있습니다.\n\n 여러분은 결혼을 꼭 해야 한다고 생각하시나요? 아니면 결혼은 선택의 문제라고 생각하시나요? 비혼주의에 대해 찬성하는 입장 반대를 선택하여 자신의 의견을 작성해주세요. 그리고 그렇게 생각한 이유에 대해서 작성해주세요.",
    "essay_type": "찬성반대",
    "essay_level": "2",
    "essay_len": 811,
    "essay_main_subject": "비혼주의자에 대한 본인의 의견"
  }
}