{
  "paragraph": [
    {
      "paragraph_txt": "현대사회에서는 20세기 이전까지의 결혼에 대한 고정관념과 달리 많은 사람들이 다양한 관점으로 결혼을 생각하고 있다.#@문장구분# 그 중에서도 최근 비혼 주의 사상이 많이 늘어나는 추세인데, 비혼 주의가 증가하는 이유에는 결혼은 필수가 아닌 선택이라는 관점이 대부분이고, 취업난 또는 치솟는 부동산 가격 등 여러 사회 경제적 요인들이 청년층을 위축시키고 있기 때문이다.#@문장구분# 통계청 자료에 의하면, 2020년 기준 13세 이상 인구 중 결혼을 해야 한다고 생각하는 사람은 51.2%로, 10년 전인 2010년 64.7%에 비해 수치가 13.5%p 떨어졌다.#@문장구분# 즉, 인구의 절반가량이 결혼이 필수적이지 않다고 생각하는 것이다.#@문장구분# 나는 비혼 주의 사상에 대해 일부 찬성 하지만 반대한다.#@문장구분# 이유는 결혼을 하느냐 마느냐 결정하는 것 또한 하는 사람의 판단의 자유이기 때문에 일부 찬성한다.#@문장구분# 하지만 나와 같은 이유거나 다른 이유더라도 비혼 주의에 찬성하는 사람들이 많아 짐에 따라 생기는 여러 문제점이 있다.#@문장구분# 첫 번째, 1인 가구가 비혼 주의 사상과 비례적으로 많아 지고 있다.#@문장구분# 1인가구가 비혼 주의 사상자와 함께 늘어날수록 주거지가 더 필요해지기 때문에 문제가 된다.#@문장구분# 두 번째, 비혼 주의 사상이 늘어나면서 출산율이 떨어진다.#@문장구분# 현재도 출산율이 계속 떨어지는 추세이고 심각한 단계까지 이르렀다.#@문장구분# 만약 이대로 계속해서 낮아지기만 한다면 다음세대를 이어나갈 인력이 줄어 들고 결국 나라 발전에 대한 걸림돌이 되어 결국 나라의 멸망으로 이어질 수 있기 때문이다.#@문장구분# 이러한 이유로 나는 비혼 주의에 대해 반대한다.#@문장구분# 나의 견해를 좀 더 요약해서 말하자면, 분명 사람에겐 선택의 자유가 있고, 앞으로 자신의 삶의 방향을 선택할 권리 또한 존재한다.#@문장구분# 하지만 그 자유로운 선택의 결과가 공동체의 멸망으로 이어지고 있다면 과연 옳은 선택인가?#@문장구분# 나 또한 권리에 민감하고 누릴 수 있는 한에서 모든 권리를 누리고 싶지만, 그 방향이 공동체로서의 발전이나 유지가 아닌 쇠퇴나 멸망이라면, 내가 가질 수 있는 것을 줄여서라도 막고 싶기 때문에 비혼 주의에 대해 반대한다.#@문장구분#",
      "paragraph_len": 1335,
      "paragraph_id": "001"
    }
  ],
  "score": {
    "paragraph_score": [
      {
        "paragraph_scoreT": [
          3,
          3,
          2.4
        ],
        "paragraph_scoreT_detail": {
          "paragraph_scoreT_exp": [
            [
              3,
              3,
              3
            ],
            [
              3,
              3,
              3
            ],
            [
              2,
              3,
              2
            ]
          ]
        },
        "paragraph_scoreT_avg": 2.8,
        "paragraph_id": "001"
      }
    ],
    "essay_scoreT": [
      28.8,
      25.8,
      24.2
    ],
    "essay_scoreT_avg": 26.266668,
    "essay_scoreT_detail": {
      "essay_scoreT_org": [
        [
          3,
          0,
          3,
          3
        ],
        [
          2,
          0,
          2,
          2
        ],
        [
          3,
          0,
          3,
          3
        ]
      ],
      "essay_scoreT_cont": [
        [
          3,
          2,
          3,
          3
        ],
        [
          3,
          3,
          3,
          2
        ],
        [
          2,
          2,
          2,
          2
        ]
      ],
      "essay_scoreT_exp": [
        [
          3,
          3,
          3
        ],
        [
          3,
          3,
          3
        ],
        [
          2,
          3,
          2
        ]
      ]
    }
  },
  "student": {
    "date": "2021.10.01",
    "student_educated": true,
    "student_grade": "고등_1학년",
    "location": "051",
    "student_grade_group": "고등",
    "student_reading": 1
  },
  "rubric": {
    "essay_grade": "고등_1학년",
    "organization_weight": {
      "org_paragraph": 0,
      "org": 3,
      "org_essay": 6,
      "org_coherence": 3,
      "org_quantity": 1
    },
    "essay_type": "찬성반대",
    "content_weight": {
      "con_clearance": 3,
      "con_novelty": 3,
      "con": 4,
      "con_prompt": 1,
      "con_description": 3
    },
    "essay_main_subject": "비혼주의자에 대한 본인의 의견",
    "expression_weight": {
      "exp_style": 4,
      "exp_grammar": 2,
      "exp_vocab": 4,
      "exp": 3
    }
  },
  "correction": [],
  "info": {
    "essay_id": "ESSAY_36456",
    "essay_prompt": " \"\"연애는 필수, 결혼은 선택! 가슴이 뛰는 대로 가면 돼\"\".\n\n 유명한 유행가의 노래 가사처럼, 청년들에게 결혼은 이제 필수가 아닌 하나의 선택 사항입니다. 연애, 결혼, 출산을 포기한다는 의미의 '3포세대'라는 말이 나오기 무섭게 5포 세대, N포세대까지 등장할 정도로 취업난, 치솟는 부동산 가격 등 여러 사회·경제적 요인들로 청년층을 위축시켰습니다.\n\n 모두가 이러한 이유로 '결혼을 포기'하는 것만은 아닙니다. 개인의 행복을 위해 '비혼을 선택'하는 청년들도 늘고 있습니다. 이처럼 최근 전통적인 가치관에서 벗어나 연애와 동거는 하면서 결혼이라는 제도에 묶여 관계에서 파생되는 책임을 벗어나 자유로운 삶을 추구하는 비혼주의자가 늘고 있습니다.\n\n 다만, 개인의 자유로운 선택에 따라 비혼주의를 하지만 주변에서는 아직 고운 시선으로 바라보지 않는 사람도 많습니다. 결혼이라는 제도에 대해서 선택이 아닌 필수라고 생각하는 사람들도 많지요. 개개인이 모여 사회가 형성되기 때문에 사회의 가장 작은 단위인 가족을 이루는 것도 사회 구성원으로서의 큰 역할이라고 생각하는 사람들도 있습니다.\n\n 여러분은 결혼을 꼭 해야 한다고 생각하시나요? 아니면 결혼은 선택의 문제라고 생각하시나요? 비혼주의에 대해 찬성하는 입장 반대를 선택하여 자신의 의견을 작성해주세요. 그리고 그렇게 생각한 이유에 대해서 작성해주세요.",
    "essay_type": "찬성반대",
    "essay_level": "2",
    "essay_len": 1015,
    "essay_main_subject": "비혼주의자에 대한 본인의 의견"
  }
}