{
  "paragraph": [
    {
      "paragraph_txt": "과거와 현재의 차이는 기술적인 면뿐만 아니라 개인의 사상과 문화에도 큰 격차를 보인다.#@문장구분# 과거에는 남녀가 일정한 나이가 되면 결혼이라는 제도를 통해 가정을 이루는 것이 보편적이고도 절대적인 삶의 과제로서 존재했다.#@문장구분# 이를 볼 때 과거에는 결혼이라는 제도는 일종의 의무적인 성격을 지니고 있었던 점을 알 수 있다.#@문장구분# 그러나 현재에서 이르러서는 현재 20~30대의 세대는 기성세대와는 달리 결혼을 지극히 개인주의적 가치관으로서 자유와 선택으로서 결정되는 관계와 제도라고 규정하고 있다.#@문장구분# 또한 과거에는 재혼, 동성애, 이혼 등의 보편적인 결혼의 가치관에 어긋나는 상황에 대해 부정적인 시선이 만연했으나, 현재에는 비록 아직 이러한 부정적 시선들이 존재함에도 이를 개인적인 자유와 선택으로 보고 존중하는 여론 또한 형성되었다.#@문장구분# 이렇듯 현재는 다양한 삶의 방식이 존재하고 이를 존중하는 사회적 분위기가 존재한다.#@문장구분# 따라서 비혼주의 또한 이러한 다양한 삶의 방식 중 하나로서 존중받아야 마땅할 경우라고 생각한다.#@문장구분# 공동체의 이익을 넘어 개인 선을 추구하는 개인주의적 가치관이 주요한 사상으로서 사회에 자리 잡은 현재에서 비혼은 개인의 전적인 선택과 자유에 따른 것임을 사회원 모두가 존중해 주어야 한다고 생각한다.#@문장구분# 또한 비혼은 결혼을 하지 않은 상태를 의미하는 단어로 사람은 태어나면서부터 모두 비혼 상태로 존재한다.#@문장구분# 즉 비혼주의적 성향을 가진 사람이라도 합의나 상황에 따른 필요에 의해 결혼을 할 수도 있는 것이다.#@문장구분# 따라서 비혼은 자연적인 상태이며 언제든 결혼으로 발전할 수 있는 상태이므로 사회적으로 큰 문제를 일으키지 않는다고 생각한다.#@문장구분# 결혼의 장점을 살펴보면 사회적으로 안정되게 보이는 가정을 형성할 수 있다는 점이 있다.#@문장구분# 그러나 이런 점은 동시에 공동체와 사회의 분위기에 개인이 항상 순응해야 하고 '남들도 다 그렇게 하니깐, 나도 그렇게 해야겠다.' 와 같은 사고방식을 조장할 여지가 있다고 생각한다.#@문장구분# 이는 남들과 다른 가치관을 가진 사람들을 억압할 수 있고 사회 내에서의 삶의 다양성과 자율성을 제지하는 요소로서 작용할 수 있다고 생각한다.#@문장구분# 비혼주의에 찬성하는 또 다른 이유로는 경제적 여건과 개인의 자아실현에 두는 가치가 있다.#@문장구분# 결혼은 가정을 새로 합법적으로 형성하는 작업으로 이에 드는 비용은 현대 사회의 청년들에게는 경제적으로 큰 부담이 될 것이다.#@문장구분# 또한 경기 상황은 취업난, 물가 상승. 집값 상승으로 청년이 자립하기도 버거운 상황으로 치닫고 있는 상황에서 비혼을 배척하고 결혼을 강요할 권리가 사회에게는 없다고 본다.#@문장구분# 또한 앞에서 반복적으로 언급하였듯이 개인을 중시하는 현재의 세대에게는 결혼을 통해 희생하면서 까지 자신의 자아실현의 기회를 잃고 싶지는 않을 것이다.#@문장구분# 따라서 개인의 선택과 자유를 존중하여 비혼을 하나의 삶의 방식으로서 이해하고 존중하는 사회적 분위기가 확산되어야 할 것이다.#@문장구분#",
      "paragraph_len": 1776,
      "paragraph_id": "001"
    }
  ],
  "score": {
    "paragraph_score": [
      {
        "paragraph_scoreT": [
          2.8,
          3,
          3
        ],
        "paragraph_scoreT_detail": {
          "paragraph_scoreT_exp": [
            [
              2,
              3,
              3
            ],
            [
              3,
              3,
              3
            ],
            [
              3,
              3,
              3
            ]
          ]
        },
        "paragraph_scoreT_avg": 2.9333334,
        "paragraph_id": "001"
      }
    ],
    "essay_scoreT": [
      26.400002,
      28.8,
      24.9
    ],
    "essay_scoreT_avg": 26.699999,
    "essay_scoreT_detail": {
      "essay_scoreT_org": [
        [
          2,
          0,
          3,
          3
        ],
        [
          3,
          0,
          3,
          3
        ],
        [
          2,
          0,
          2,
          3
        ]
      ],
      "essay_scoreT_cont": [
        [
          3,
          2,
          3,
          3
        ],
        [
          3,
          2,
          3,
          3
        ],
        [
          3,
          2,
          3,
          2
        ]
      ],
      "essay_scoreT_exp": [
        [
          2,
          3,
          3
        ],
        [
          3,
          3,
          3
        ],
        [
          3,
          3,
          3
        ]
      ]
    }
  },
  "student": {
    "date": "2021.10.22",
    "student_educated": true,
    "student_grade": "고등_1학년",
    "location": "063",
    "student_grade_group": "고등",
    "student_reading": 1
  },
  "rubric": {
    "essay_grade": "고등_1학년",
    "organization_weight": {
      "org_paragraph": 0,
      "org": 3,
      "org_essay": 6,
      "org_coherence": 3,
      "org_quantity": 1
    },
    "essay_type": "찬성반대",
    "content_weight": {
      "con_clearance": 3,
      "con_novelty": 3,
      "con": 4,
      "con_prompt": 1,
      "con_description": 3
    },
    "essay_main_subject": "비혼주의자에 대한 본인의 의견",
    "expression_weight": {
      "exp_style": 4,
      "exp_grammar": 2,
      "exp_vocab": 4,
      "exp": 3
    }
  },
  "correction": [],
  "info": {
    "essay_id": "ESSAY_43904",
    "essay_prompt": " \"\"연애는 필수, 결혼은 선택! 가슴이 뛰는 대로 가면 돼\"\".\n\n 유명한 유행가의 노래 가사처럼, 청년들에게 결혼은 이제 필수가 아닌 하나의 선택 사항입니다. 연애, 결혼, 출산을 포기한다는 의미의 '3포세대'라는 말이 나오기 무섭게 5포 세대, N포세대까지 등장할 정도로 취업난, 치솟는 부동산 가격 등 여러 사회·경제적 요인들로 청년층을 위축시켰습니다.\n\n 모두가 이러한 이유로 '결혼을 포기'하는 것만은 아닙니다. 개인의 행복을 위해 '비혼을 선택'하는 청년들도 늘고 있습니다. 이처럼 최근 전통적인 가치관에서 벗어나 연애와 동거는 하면서 결혼이라는 제도에 묶여 관계에서 파생되는 책임을 벗어나 자유로운 삶을 추구하는 비혼주의자가 늘고 있습니다.\n\n 다만, 개인의 자유로운 선택에 따라 비혼주의를 하지만 주변에서는 아직 고운 시선으로 바라보지 않는 사람도 많습니다. 결혼이라는 제도에 대해서 선택이 아닌 필수라고 생각하는 사람들도 많지요. 개개인이 모여 사회가 형성되기 때문에 사회의 가장 작은 단위인 가족을 이루는 것도 사회 구성원으로서의 큰 역할이라고 생각하는 사람들도 있습니다.\n\n 여러분은 결혼을 꼭 해야 한다고 생각하시나요? 아니면 결혼은 선택의 문제라고 생각하시나요? 비혼주의에 대해 찬성하는 입장 반대를 선택하여 자신의 의견을 작성해주세요. 그리고 그렇게 생각한 이유에 대해서 작성해주세요.",
    "essay_type": "찬성반대",
    "essay_level": "2",
    "essay_len": 1397,
    "essay_main_subject": "비혼주의자에 대한 본인의 의견"
  }
}