{
  "paragraph": [
    {
      "paragraph_txt": "나는 비혼주의자에 대하여 찬성한다.#@문장구분# 결혼을 의무라고 여기던 과거 세대와는 달리 요즘 세대들은 굳이 필요하지 않은 결혼에 감정과 돈을 할애하며 자신에게 올 불이익을 고려해 결혼을 원하지 않는 비혼주의자들이 늘어나고 있다.#@문장구분# 물론 결혼이라는 것이 안정감을 가져다 주기도 하며 출산으로 저출산 문제를 해결할 수 있는 큰 장점이있다.#@문장구분# 하지만 지금 세대들의 결혼을 선택할 자유를 보장해야 한다고 생각한다.#@문장구분# 자신이 번 돈을 가정이 아닌 온전히 자신에게 쓰고 싶어하며 가정에 대한 감정소비를 하고 싶지 않아한다.#@문장구분# 이와같은 행동은 누구에게 해를 끼치지도 법을 위반하는 행위도 아니기에 존중하기에 마땅하다고 생각한다.#@문장구분# 또한 과거에는 혼인여부를 기혼과 미혼으로 나누었다.#@문장구분# 여기서 미혼이란 것은 아직 결혼을 하지 않았다는 것을 뜻한다.#@문장구분# 과거에는 '아직'이라는 표현을 사용해 언젠가는 꼭 혼인을 할거라는 것을 암묵적으로 표현하고 있었다.#@문장구분# 하지만 요즘에는 비혼이라는 말을 사용해 혼인을 할 의사가 없다는 표현을 더 사용하게 되었다.#@문장구분# 단어의 사용처럼 우리는 비혼에 대해 사회가 존중하고 이해하려고 하는 추세이다.#@문장구분# 그리고 비혼은 결코 결혼을 포기한 사람이 아닌 결혼을 하지 않기로 선택한 것이다.#@문장구분# 바쁜 현대시대에 살아가는 사람들을 자신을 챙기기도 힘든데 자기 가정을 챙길자신과 여유가 없다고 한다.#@문장구분# 또한 결혼으로 미래에 드는 비용도 꽤 크다.#@문장구분# 그러므로 꼭 비혼이 비혼주의자를 탓할일이 아니라 바쁘고 각박한 시대의 탓으로 보는 것도 잘못된 것은 아니라고 생각한다.#@문장구분# 그러므로 비혼주의자를 인정하고 편견없는 시선으로 바라봐야 한다.#@문장구분# 비혼주의자들이 자신이 비혼주의임을 밝힐 때 주저하지 않도록 말이다.#@문장구분#",
      "paragraph_len": 1160,
      "paragraph_id": "001"
    }
  ],
  "score": {
    "paragraph_score": [
      {
        "paragraph_scoreT": [
          3,
          3,
          2.2
        ],
        "paragraph_scoreT_detail": {
          "paragraph_scoreT_exp": [
            [
              3,
              3,
              3
            ],
            [
              3,
              3,
              3
            ],
            [
              3,
              2,
              2
            ]
          ]
        },
        "paragraph_scoreT_avg": 2.7333333,
        "paragraph_id": "001"
      }
    ],
    "essay_scoreT": [
      30,
      27,
      26.400002
    ],
    "essay_scoreT_avg": 27.800001,
    "essay_scoreT_detail": {
      "essay_scoreT_org": [
        [
          3,
          0,
          3,
          3
        ],
        [
          2,
          0,
          3,
          3
        ],
        [
          3,
          0,
          3,
          3
        ]
      ],
      "essay_scoreT_cont": [
        [
          3,
          3,
          3,
          3
        ],
        [
          3,
          2,
          3,
          3
        ],
        [
          3,
          3,
          3,
          2
        ]
      ],
      "essay_scoreT_exp": [
        [
          3,
          3,
          3
        ],
        [
          3,
          3,
          3
        ],
        [
          3,
          2,
          2
        ]
      ]
    }
  },
  "student": {
    "date": "2021.12.20",
    "student_educated": true,
    "student_grade": "고등_1학년",
    "location": "044",
    "student_grade_group": "고등",
    "student_reading": 2
  },
  "rubric": {
    "essay_grade": "고등_1학년",
    "organization_weight": {
      "org_paragraph": 0,
      "org": 3,
      "org_essay": 6,
      "org_coherence": 3,
      "org_quantity": 1
    },
    "essay_type": "찬성반대",
    "content_weight": {
      "con_clearance": 3,
      "con_novelty": 3,
      "con": 4,
      "con_prompt": 1,
      "con_description": 3
    },
    "essay_main_subject": "비혼주의자에 대한 본인의 의견",
    "expression_weight": {
      "exp_style": 4,
      "exp_grammar": 2,
      "exp_vocab": 4,
      "exp": 3
    }
  },
  "correction": [],
  "info": {
    "essay_id": "ESSAY_71314",
    "essay_prompt": " \"\"연애는 필수, 결혼은 선택! 가슴이 뛰는 대로 가면 돼\"\".\n\n 유명한 유행가의 노래 가사처럼, 청년들에게 결혼은 이제 필수가 아닌 하나의 선택 사항입니다. 연애, 결혼, 출산을 포기한다는 의미의 '3포세대'라는 말이 나오기 무섭게 5포 세대, N포세대까지 등장할 정도로 취업난, 치솟는 부동산 가격 등 여러 사회·경제적 요인들로 청년층을 위축시켰습니다.\n\n 모두가 이러한 이유로 '결혼을 포기'하는 것만은 아닙니다. 개인의 행복을 위해 '비혼을 선택'하는 청년들도 늘고 있습니다. 이처럼 최근 전통적인 가치관에서 벗어나 연애와 동거는 하면서 결혼이라는 제도에 묶여 관계에서 파생되는 책임을 벗어나 자유로운 삶을 추구하는 비혼주의자가 늘고 있습니다.\n\n 다만, 개인의 자유로운 선택에 따라 비혼주의를 하지만 주변에서는 아직 고운 시선으로 바라보지 않는 사람도 많습니다. 결혼이라는 제도에 대해서 선택이 아닌 필수라고 생각하는 사람들도 많지요. 개개인이 모여 사회가 형성되기 때문에 사회의 가장 작은 단위인 가족을 이루는 것도 사회 구성원으로서의 큰 역할이라고 생각하는 사람들도 있습니다.\n\n 여러분은 결혼을 꼭 해야 한다고 생각하시나요? 아니면 결혼은 선택의 문제라고 생각하시나요? 비혼주의에 대해 찬성하는 입장 반대를 선택하여 자신의 의견을 작성해주세요. 그리고 그렇게 생각한 이유에 대해서 작성해주세요.",
    "essay_type": "찬성반대",
    "essay_level": "2",
    "essay_len": 820,
    "essay_main_subject": "비혼주의자에 대한 본인의 의견"
  }
}