{
  "paragraph": [
    {
      "paragraph_txt": "요즘 사회적 이슈로 떠오르고 있는 비혼주의에 대하여 저는 찬성하는 입장입니다.#@문장구분# 남녀가 결혼을 한다는 것은 서로간에 한 평생을 같이 하겠다는 약속을 하는 것입니다.#@문장구분# 그만큼의 책임이 따르는 것인데 생활습관에 맞지 않아서, 성격차이 때문에 사소한 다툼이 큰 싸움이 되어 이혼하는 가정이 많아지고 있습니다.#@문장구분# 결혼을 하지 않고 혼자 살아간다면 상대방의 생활습관에 맞출 필요도 없고 그로인해 다툴일도 없기 때문에 자유롭고 편안한 삶을 살 수 있을 것 같습니다.#@문장구분# 저는 억압받는 것을 좋아하지 않고 자유로운 삶을 추구하기 때문에 구지 결혼을 해서 누군가에게 맞춰가며 살아간다는게 답답하기도 하고 자신이 없습니다.#@문장구분# 또한 결혼을 하기 위해서는 경제적인 부담을 빼놓을 수가 없을 것입니다.#@문장구분# 일단 결혼식이라는 행사를 위한 비용이 만만치 않습니다. #@문장구분#양측 가족간의 전통적인 절차들을 배제할 수 없기 때문에 혼례비용 및 겉치레를 위한 비용들이 소요 될 것입니다.#@문장구분# 그리고 가장 중요한 부부가 살아가야할 집을 마련해야 할 것인데, 집값이 터무니없이 올라버린 현재에 젊은 남녀가 새로 살 집을 마련하기에는 많은 경제적 부담이 따를 것입니다.#@문장구분# 대출 없이는 집을 구하기 힘들것이고 결혼생활을 하는 동안 대출빚을 갚아야 하는 부담감으로 결혼에 첫발을 내딛는 것이 과연 행복할까라는 의문이 생깁니다.#@문장구분# 결혼이라는 것은 남녀의 사랑 하나로만 이루어지는 것이 아니라 가족과 가족간의 연결이 되는 것이고 배려와 책임이 뒤따라야 하는 것이라 생각됩니다.#@문장구분# 이러한 결혼을 신중하게 생각하지 않으면 이혼율은 증가할 것이고 그로 인해 상처받는 사람들은 더 많아질 것입니다.#@문장구분# 그러므로 가정을 책임지고 희생할 자신이 없다면 저처럼 비혼주의를 택하는 편이 나을 것 같습니다.#@문장구분#",
      "paragraph_len": 1107,
      "paragraph_id": "001"
    }
  ],
  "score": {
    "paragraph_score": [
      {
        "paragraph_scoreT": [
          3,
          2.4,
          2.8
        ],
        "paragraph_scoreT_detail": {
          "paragraph_scoreT_exp": [
            [
              3,
              3,
              3
            ],
            [
              2,
              3,
              2
            ],
            [
              2,
              3,
              3
            ]
          ]
        },
        "paragraph_scoreT_avg": 2.7333333,
        "paragraph_id": "001"
      }
    ],
    "essay_scoreT": [
      30,
      26.100002,
      28.2
    ],
    "essay_scoreT_avg": 28.1,
    "essay_scoreT_detail": {
      "essay_scoreT_org": [
        [
          3,
          0,
          3,
          3
        ],
        [
          3,
          0,
          2,
          3
        ],
        [
          3,
          0,
          3,
          3
        ]
      ],
      "essay_scoreT_cont": [
        [
          3,
          3,
          3,
          3
        ],
        [
          3,
          2,
          3,
          3
        ],
        [
          3,
          2,
          3,
          3
        ]
      ],
      "essay_scoreT_exp": [
        [
          3,
          3,
          3
        ],
        [
          2,
          3,
          2
        ],
        [
          2,
          3,
          3
        ]
      ]
    }
  },
  "student": {
    "date": "2021.12.13",
    "student_educated": true,
    "student_grade": "고등_1학년",
    "location": "063",
    "student_grade_group": "고등",
    "student_reading": 2
  },
  "rubric": {
    "essay_grade": "고등_1학년",
    "organization_weight": {
      "org_paragraph": 0,
      "org": 3,
      "org_essay": 6,
      "org_coherence": 3,
      "org_quantity": 1
    },
    "essay_type": "찬성반대",
    "content_weight": {
      "con_clearance": 3,
      "con_novelty": 3,
      "con": 4,
      "con_prompt": 1,
      "con_description": 3
    },
    "essay_main_subject": "비혼주의자에 대한 본인의 의견",
    "expression_weight": {
      "exp_style": 4,
      "exp_grammar": 2,
      "exp_vocab": 4,
      "exp": 3
    }
  },
  "correction": [],
  "info": {
    "essay_id": "ESSAY_71896",
    "essay_prompt": " \"\"연애는 필수, 결혼은 선택! 가슴이 뛰는 대로 가면 돼\"\".\n\n 유명한 유행가의 노래 가사처럼, 청년들에게 결혼은 이제 필수가 아닌 하나의 선택 사항입니다. 연애, 결혼, 출산을 포기한다는 의미의 '3포세대'라는 말이 나오기 무섭게 5포 세대, N포세대까지 등장할 정도로 취업난, 치솟는 부동산 가격 등 여러 사회·경제적 요인들로 청년층을 위축시켰습니다.\n\n 모두가 이러한 이유로 '결혼을 포기'하는 것만은 아닙니다. 개인의 행복을 위해 '비혼을 선택'하는 청년들도 늘고 있습니다. 이처럼 최근 전통적인 가치관에서 벗어나 연애와 동거는 하면서 결혼이라는 제도에 묶여 관계에서 파생되는 책임을 벗어나 자유로운 삶을 추구하는 비혼주의자가 늘고 있습니다.\n\n 다만, 개인의 자유로운 선택에 따라 비혼주의를 하지만 주변에서는 아직 고운 시선으로 바라보지 않는 사람도 많습니다. 결혼이라는 제도에 대해서 선택이 아닌 필수라고 생각하는 사람들도 많지요. 개개인이 모여 사회가 형성되기 때문에 사회의 가장 작은 단위인 가족을 이루는 것도 사회 구성원으로서의 큰 역할이라고 생각하는 사람들도 있습니다.\n\n 여러분은 결혼을 꼭 해야 한다고 생각하시나요? 아니면 결혼은 선택의 문제라고 생각하시나요? 비혼주의에 대해 찬성하는 입장 반대를 선택하여 자신의 의견을 작성해주세요. 그리고 그렇게 생각한 이유에 대해서 작성해주세요.",
    "essay_type": "찬성반대",
    "essay_level": "2",
    "essay_len": 847,
    "essay_main_subject": "비혼주의자에 대한 본인의 의견"
  }
}