{
  "paragraph": [
    {
      "paragraph_txt": "결혼을 안하면 누군가에게 피해가 가는 상황도 발생하지 않기에 근본적으로 선택의 문제인 것을 놓고 찬성 하냐 반대 하냐라는 주제자체도 적절치 않다.#@문장구분# 이것은 개인 단위에서 이루어지는 온전한 선택의 문제인 것이다.#@문장구분# 결혼이라는 제도 안에 들어온 이상 앞서 말한 일반적인 연인 사이와는 구분 되기에 상대방과의 사랑의 감정이 식더라도 서류적인 관게 등록을 이유로 내 마음에 따라 관계를 청산하기가 어렵다는 문제점도 있다.#@문장구분# 그리고 이혼은 그 자녀에게 크나 큰 상처와 공허함을 주기도 하는데 이를 원하지 않아 사랑이 아닌 다른 이유로 부부사이를 유지하는 경우가 있다.#@문장구분# 정말 아무 의미 없는 행위라고 생각되며 결혼의 즐거움이 크다고는 하지만 젊은이들은 이렇게 잃을게 많은 위험한 투자는 하고 싶지 않고 사랑의 감정을 느끼고 싶지 않타고 생각 한다,#@문장구분# 하지만 부모님들이나 어른들이 말씀하실때는. 해도 그만 않해도 그만인 결혼이면 한번 해보는것이 어떻겠느냐고 말하셨습니다.#@문장구분# 저희 어머니는 다시 돌아올지언정 다른 사람들이 해본 결혼 너도 한번 해봐야지 먼소리냐며 비혼주의에 적극 반대하십니다.#@문장구분# 그런 부모님의 잔소리를 들어보면 그럴까 하고 생각이 바뀌기도 합니다.#@문장구분# 저희같이 어린 학생들은 미디어의 영향을 매우 많이 받습니다.#@문장구분# 연예인들의 화면에 보이는 생활이 로망이 되고 목표가 되기도 합니다,#@문장구분# 그런데 미디어에서 비혼주의삶은 고즈넉하며 여유롭고 자신만을 위해 사는 삶이고 결혼해서 사는 삶을 그린 프로그램들은 부부갈등, 시댁갈등, 경제적 갈등, 자녀문제 등을 중심으로 보여주기 때문에 결혼이라는 제도에 불안을 느끼고 거부하게 된다고 생각합니다.#@문장구분# 그래서 본인들이 알아서 결정할수 있게 주변에서 아무말 없이 응원만 해줬으면 좋겟다.#@문장구분#",
      "paragraph_len": 1080,
      "paragraph_id": "001"
    }
  ],
  "score": {
    "paragraph_score": [
      {
        "paragraph_scoreT": [
          3,
          3,
          2.6
        ],
        "paragraph_scoreT_detail": {
          "paragraph_scoreT_exp": [
            [
              3,
              3,
              3
            ],
            [
              3,
              3,
              3
            ],
            [
              3,
              3,
              2
            ]
          ]
        },
        "paragraph_scoreT_avg": 2.8666668,
        "paragraph_id": "001"
      }
    ],
    "essay_scoreT": [
      30,
      28.2,
      26.3
    ],
    "essay_scoreT_avg": 28.166666,
    "essay_scoreT_detail": {
      "essay_scoreT_org": [
        [
          3,
          0,
          3,
          3
        ],
        [
          3,
          0,
          3,
          3
        ],
        [
          3,
          0,
          2,
          3
        ]
      ],
      "essay_scoreT_cont": [
        [
          3,
          3,
          3,
          3
        ],
        [
          3,
          2,
          3,
          3
        ],
        [
          3,
          3,
          2,
          2
        ]
      ],
      "essay_scoreT_exp": [
        [
          3,
          3,
          3
        ],
        [
          2,
          3,
          3
        ],
        [
          3,
          3,
          2
        ]
      ]
    }
  },
  "student": {
    "date": "2021.12.20",
    "student_educated": true,
    "student_grade": "고등_1학년",
    "location": "044",
    "student_grade_group": "고등",
    "student_reading": 2
  },
  "rubric": {
    "essay_grade": "고등_1학년",
    "organization_weight": {
      "org_paragraph": 0,
      "org": 3,
      "org_essay": 6,
      "org_coherence": 3,
      "org_quantity": 1
    },
    "essay_type": "찬성반대",
    "content_weight": {
      "con_clearance": 3,
      "con_novelty": 3,
      "con": 4,
      "con_prompt": 1,
      "con_description": 3
    },
    "essay_main_subject": "비혼주의자에 대한 본인의 의견",
    "expression_weight": {
      "exp_style": 4,
      "exp_grammar": 2,
      "exp_vocab": 4,
      "exp": 3
    }
  },
  "correction": [],
  "info": {
    "essay_id": "ESSAY_71282",
    "essay_prompt": " \"\"연애는 필수, 결혼은 선택! 가슴이 뛰는 대로 가면 돼\"\".\n\n 유명한 유행가의 노래 가사처럼, 청년들에게 결혼은 이제 필수가 아닌 하나의 선택 사항입니다. 연애, 결혼, 출산을 포기한다는 의미의 '3포세대'라는 말이 나오기 무섭게 5포 세대, N포세대까지 등장할 정도로 취업난, 치솟는 부동산 가격 등 여러 사회·경제적 요인들로 청년층을 위축시켰습니다.\n\n 모두가 이러한 이유로 '결혼을 포기'하는 것만은 아닙니다. 개인의 행복을 위해 '비혼을 선택'하는 청년들도 늘고 있습니다. 이처럼 최근 전통적인 가치관에서 벗어나 연애와 동거는 하면서 결혼이라는 제도에 묶여 관계에서 파생되는 책임을 벗어나 자유로운 삶을 추구하는 비혼주의자가 늘고 있습니다.\n\n 다만, 개인의 자유로운 선택에 따라 비혼주의를 하지만 주변에서는 아직 고운 시선으로 바라보지 않는 사람도 많습니다. 결혼이라는 제도에 대해서 선택이 아닌 필수라고 생각하는 사람들도 많지요. 개개인이 모여 사회가 형성되기 때문에 사회의 가장 작은 단위인 가족을 이루는 것도 사회 구성원으로서의 큰 역할이라고 생각하는 사람들도 있습니다.\n\n 여러분은 결혼을 꼭 해야 한다고 생각하시나요? 아니면 결혼은 선택의 문제라고 생각하시나요? 비혼주의에 대해 찬성하는 입장 반대를 선택하여 자신의 의견을 작성해주세요. 그리고 그렇게 생각한 이유에 대해서 작성해주세요.",
    "essay_type": "찬성반대",
    "essay_level": "2",
    "essay_len": 840,
    "essay_main_subject": "비혼주의자에 대한 본인의 의견"
  }
}