{
  "paragraph": [
    {
      "paragraph_txt": "요즘엔 코로나때문에 혼자 집에서 공부하는 시간이 많아졌다.#@문장구분# 아직 고등학생이어서 결혼이나 이런것에는 관심이 없지만 때가되어 사랑하는 사람을 만나면 나는 결혼할것이다.#@문장구분# 코로나때문에 혼자 집에 있다보니 외로움을 많이 느낀다.#@문장구분# 부모님 저녁에 퇴근하고 오시면 엄마뒤를 졸졸 따라다닌다.#@문장구분# 미주알고주알 말이 많아 졌다며 엄마는 좋아하신다.#@문장구분# 언니가 집에 같이 있을때는 언니와 많은 얘기도하고 게임도 하였는데 언니가 독립하고 난후에는 조금 쓸쓸한 생각이든다.#@문장구분# 가끔 한달에 두세번씩 오면 언니와 한참 얘기를 나눈다.#@문장구분# 난 언니가 참좋다.#@문장구분# 결혼은 이런 외로움에서 벗어나고자 사랑하는 사람과 하는것인것 같다.#@문장구분# 같이 생활하고, 생각도 나누고, 목표도 정하고,목표를 이루어가는 과정을 함께 하는 것이다.#@문장구분# 가끔은 의견충돌도 있겠고,가끔 싸우기도 하겠지만,엄마가 부부싸움은 칼로 물베기라고 말씀하셨다.#@문장구분# 이런것도 사랑하니까 하는 거라고도 말씀하셨다.#@문장구분# 가끔 엄마아빠도 말다툼을 하셔서 엄마가 저녁도 안차려주시면 아빠는 배달시켜서 우리와 같이 드시기도 하고 어떨땐 아빠가 밉다면서도 맛난걸해주시며 미운놈 떡하나 더주신다고 하신다.#@문장구분# 할머니께서 편찮으실땐 함께 병원도가고 드라이브도 자주 가신다. #@문장구분#물론 우리들도 함께 데려가신다.#@문장구분# 좋은일도 함께,슬픈일도 함께,나쁜일도 함께,아픔도 함께, 이렇게 부모님과 함께 있을때엔 무서운것이 없다.#@문장구분# 나를 지켜주신다고 생각이드니 든든하고 감사하다.#@문장구분# 부부는 이렇게 사는게 아닐까?#@문장구분# 외로울 틈없이 아웅다웅 살면서 아이들도 키우고 모든것을 함께 할 수 있어 세상살기가 재미있을 것이다.#@문장구분# 나는 비혼주의 반대한다.#@문장구분#",
      "paragraph_len": 1183,
      "paragraph_id": "001"
    }
  ],
  "score": {
    "paragraph_score": [
      {
        "paragraph_scoreT": [
          2.6,
          2.6,
          3
        ],
        "paragraph_scoreT_detail": {
          "paragraph_scoreT_exp": [
            [
              3,
              3,
              2
            ],
            [
              3,
              3,
              2
            ],
            [
              3,
              3,
              3
            ]
          ]
        },
        "paragraph_scoreT_avg": 2.7333333,
        "paragraph_id": "001"
      }
    ],
    "essay_scoreT": [
      25.5,
      25.5,
      28.4
    ],
    "essay_scoreT_avg": 26.466667,
    "essay_scoreT_detail": {
      "essay_scoreT_org": [
        [
          3,
          0,
          2,
          3
        ],
        [
          3,
          0,
          2,
          3
        ],
        [
          3,
          0,
          3,
          3
        ]
      ],
      "essay_scoreT_cont": [
        [
          3,
          2,
          3,
          2
        ],
        [
          3,
          2,
          3,
          2
        ],
        [
          2,
          3,
          2,
          3
        ]
      ],
      "essay_scoreT_exp": [
        [
          3,
          3,
          2
        ],
        [
          3,
          3,
          2
        ],
        [
          3,
          3,
          3
        ]
      ]
    }
  },
  "student": {
    "date": "2021.12.22",
    "student_educated": true,
    "student_grade": "고등_1학년",
    "location": "031",
    "student_grade_group": "고등",
    "student_reading": 2
  },
  "rubric": {
    "essay_grade": "고등_1학년",
    "organization_weight": {
      "org_paragraph": 0,
      "org": 3,
      "org_essay": 6,
      "org_coherence": 3,
      "org_quantity": 1
    },
    "essay_type": "찬성반대",
    "content_weight": {
      "con_clearance": 3,
      "con_novelty": 3,
      "con": 4,
      "con_prompt": 1,
      "con_description": 3
    },
    "essay_main_subject": "비혼주의자에 대한 본인의 의견",
    "expression_weight": {
      "exp_style": 4,
      "exp_grammar": 2,
      "exp_vocab": 4,
      "exp": 3
    }
  },
  "correction": [],
  "info": {
    "essay_id": "ESSAY_72061",
    "essay_prompt": " \"\"연애는 필수, 결혼은 선택! 가슴이 뛰는 대로 가면 돼\"\".\n\n 유명한 유행가의 노래 가사처럼, 청년들에게 결혼은 이제 필수가 아닌 하나의 선택 사항입니다. 연애, 결혼, 출산을 포기한다는 의미의 '3포세대'라는 말이 나오기 무섭게 5포 세대, N포세대까지 등장할 정도로 취업난, 치솟는 부동산 가격 등 여러 사회·경제적 요인들로 청년층을 위축시켰습니다.\n\n 모두가 이러한 이유로 '결혼을 포기'하는 것만은 아닙니다. 개인의 행복을 위해 '비혼을 선택'하는 청년들도 늘고 있습니다. 이처럼 최근 전통적인 가치관에서 벗어나 연애와 동거는 하면서 결혼이라는 제도에 묶여 관계에서 파생되는 책임을 벗어나 자유로운 삶을 추구하는 비혼주의자가 늘고 있습니다.\n\n 다만, 개인의 자유로운 선택에 따라 비혼주의를 하지만 주변에서는 아직 고운 시선으로 바라보지 않는 사람도 많습니다. 결혼이라는 제도에 대해서 선택이 아닌 필수라고 생각하는 사람들도 많지요. 개개인이 모여 사회가 형성되기 때문에 사회의 가장 작은 단위인 가족을 이루는 것도 사회 구성원으로서의 큰 역할이라고 생각하는 사람들도 있습니다.\n\n 여러분은 결혼을 꼭 해야 한다고 생각하시나요? 아니면 결혼은 선택의 문제라고 생각하시나요? 비혼주의에 대해 찬성하는 입장 반대를 선택하여 자신의 의견을 작성해주세요. 그리고 그렇게 생각한 이유에 대해서 작성해주세요.",
    "essay_type": "찬성반대",
    "essay_level": "2",
    "essay_len": 783,
    "essay_main_subject": "비혼주의자에 대한 본인의 의견"
  }
}