{
  "paragraph": [
    {
      "paragraph_txt": "결혼을 하지 않은 비혼상태의 사람이 늘고 있다.#@문장구분# 나는 이런 현상을 진화론적 관점에서 본다면 인류의 미래로 본다면 심각한 상황이지만 그들의 비혼선택은 당연한거라 생각한다.#@문장구분# 진화는 지구상의 생물들이 살아가면서 환경에 적응하고 발전해 가는 과정인데 이 시대를 살아가는 사람들이 환경에 적응하기 위해서 하는 선택이 1인체제 비혼인 것 같다.#@문장구분# 종족을 번식하고 자손을 낳아 유전자가 이어져 가는 것을 선택하는 것이 아니라 지금 현 환경에 내가 살아남기 위해 하는 선택으로서는 결혼보다는 혼자의 삶이 더 유리하다는 것이다.#@문장구분# 오히려 결혼하는 사람들은 이 진화에서 살아남지 못할지도 모른다고 생각한다.#@문장구분# 특히 한국에서 결혼을 하는 것은 많은 희생을 필요로 한다. #@문장구분#현대사회가 되면서 남녀간의 결혼생활이 평등한 방향으로 진화해졌다고는 하지만 증폭되는 이혼율을 봐서는 아직 결혼이라는 것은 남녀 상방의 문제와 좀더 큰 의미로 시댁과 친정이라는 의미의 문제가 존재하면서 육체적 갈등뿐만 아니라 정신적갈등이 쌓여가면서 이제는 아예 비혼을 선택하는 것은 아닐까?!#@문장구분# 굳이 살아남기 위한 진화의 과정으로 볼 때 이기적인 개인생존이 결혼을 통해 유전적 번식으로 이어질순 없지만 유전전 번식후 개인적인 소멸을 앞당기기 보다 지금의 세대는 유전적 번식은 포기하더라도 개인적 생존기간을 더 늘이겠다는 선택을 하는 것 인지도 모른다.#@문장구분# 이런 생각은 단순히 길고 짧은 시간적 개념의 생존이 아니라 질적 생존의 시간을 좀더 지속시키고 싶어하는 이 시대 생물들의 선택이라고 생각한다.#@문장구분# 이로써 정신적 육체적 갈등에서 벗어나 개인의 자유와 취미와 선호하는 생활들을 언제든지 선택하고 실행할 수 있는 삶을 살게되기에 비혼자들의 선택이 미래지향적이라고는 할수없지만 이들의 생존본능이라고 받아들여지기에 인류의 멸망을 그들의 책임이라고도 할수 없기에 비혼자들의 결정과 그 삶은 인정되어야 한다고 생각한다.#@문장구분#",
      "paragraph_len": 1121,
      "paragraph_id": "001"
    }
  ],
  "score": {
    "paragraph_score": [
      {
        "paragraph_scoreT": [
          2.8,
          2.8,
          2.8
        ],
        "paragraph_scoreT_detail": {
          "paragraph_scoreT_exp": [
            [
              2,
              3,
              3
            ],
            [
              2,
              3,
              3
            ],
            [
              2,
              3,
              3
            ]
          ]
        },
        "paragraph_scoreT_avg": 2.8,
        "paragraph_id": "001"
      }
    ],
    "essay_scoreT": [
      29.4,
      28.2,
      28.2
    ],
    "essay_scoreT_avg": 28.6,
    "essay_scoreT_detail": {
      "essay_scoreT_org": [
        [
          3,
          0,
          3,
          3
        ],
        [
          3,
          0,
          3,
          3
        ],
        [
          3,
          0,
          3,
          3
        ]
      ],
      "essay_scoreT_cont": [
        [
          3,
          3,
          3,
          3
        ],
        [
          2,
          3,
          3,
          3
        ],
        [
          2,
          3,
          3,
          3
        ]
      ],
      "essay_scoreT_exp": [
        [
          2,
          3,
          3
        ],
        [
          2,
          3,
          3
        ],
        [
          2,
          3,
          3
        ]
      ]
    }
  },
  "student": {
    "date": "2021.12.14",
    "student_educated": true,
    "student_grade": "고등_1학년",
    "location": "053",
    "student_grade_group": "고등",
    "student_reading": 1
  },
  "rubric": {
    "essay_grade": "고등_1학년",
    "organization_weight": {
      "org_paragraph": 0,
      "org": 3,
      "org_essay": 6,
      "org_coherence": 3,
      "org_quantity": 1
    },
    "essay_type": "찬성반대",
    "content_weight": {
      "con_clearance": 3,
      "con_novelty": 3,
      "con": 4,
      "con_prompt": 1,
      "con_description": 3
    },
    "essay_main_subject": "비혼주의자에 대한 본인의 의견",
    "expression_weight": {
      "exp_style": 4,
      "exp_grammar": 2,
      "exp_vocab": 4,
      "exp": 3
    }
  },
  "correction": [],
  "info": {
    "essay_id": "ESSAY_61628",
    "essay_prompt": " \"\"연애는 필수, 결혼은 선택! 가슴이 뛰는 대로 가면 돼\"\".\n\n 유명한 유행가의 노래 가사처럼, 청년들에게 결혼은 이제 필수가 아닌 하나의 선택 사항입니다. 연애, 결혼, 출산을 포기한다는 의미의 '3포세대'라는 말이 나오기 무섭게 5포 세대, N포세대까지 등장할 정도로 취업난, 치솟는 부동산 가격 등 여러 사회·경제적 요인들로 청년층을 위축시켰습니다.\n\n 모두가 이러한 이유로 '결혼을 포기'하는 것만은 아닙니다. 개인의 행복을 위해 '비혼을 선택'하는 청년들도 늘고 있습니다. 이처럼 최근 전통적인 가치관에서 벗어나 연애와 동거는 하면서 결혼이라는 제도에 묶여 관계에서 파생되는 책임을 벗어나 자유로운 삶을 추구하는 비혼주의자가 늘고 있습니다.\n\n 다만, 개인의 자유로운 선택에 따라 비혼주의를 하지만 주변에서는 아직 고운 시선으로 바라보지 않는 사람도 많습니다. 결혼이라는 제도에 대해서 선택이 아닌 필수라고 생각하는 사람들도 많지요. 개개인이 모여 사회가 형성되기 때문에 사회의 가장 작은 단위인 가족을 이루는 것도 사회 구성원으로서의 큰 역할이라고 생각하는 사람들도 있습니다.\n\n 여러분은 결혼을 꼭 해야 한다고 생각하시나요? 아니면 결혼은 선택의 문제라고 생각하시나요? 비혼주의에 대해 찬성하는 입장 반대를 선택하여 자신의 의견을 작성해주세요. 그리고 그렇게 생각한 이유에 대해서 작성해주세요.",
    "essay_type": "찬성반대",
    "essay_level": "2",
    "essay_len": 921,
    "essay_main_subject": "비혼주의자에 대한 본인의 의견"
  }
}