{
  "paragraph": [
    {
      "paragraph_txt": "\"연애는 필수, 결혼은 선택! 가슴이 뛰는 대로 가면 돼\".#@문장구분# 노래가삿 말 처럼 난 비혼주의에 찬성한다.#@문장구분# 과거에는 가사생활을 함에 있어 결혼이 확실히 효율적인 면이 있었으나 최근에는 혼자 살아도 생활에 불편함이 없는 각종 환경들이 척척 갖추어지고 있다.#@문장구분# 식사는 편의점과 마트에서 즉시 섭취가 가능하거나, 전자레인지, 가스레인지에 짧은 시간 내에 조리가 가능한 것이 많다.#@문장구분# 손맛이 나는 요리가 먹고 싶다고 하더라도 굉장히 저렴한 가격에 국, 찌개, 반찬을 포장해서 파는 가게가 여기저기 널려 있다.#@문장구분# 건강에 신경을 써서 직접 만들어 먹기를 원한다 하더라도 손쉽게 요리해 먹을 수 있게끔 필요한 재료들이 적절한 양으로 포장된 채로 판매되는 제품들이 늘고 있으며, 혼자서 먹기에는 양이 너무 많은 식재료들 역시 1인 가구에 적합하도록 소량 포장되어 판매되는 경우도 늘어나고 있다.#@문장구분# 빨래도 세탁기로 처리하거나 빨래방, 세탁소에서 해결할 수 있으며, 세탁소에 따라 다림질이나 옷별로 특성에 따른 관리도 해준다.#@문장구분# 신발도 마찬가지.#@문장구분# 심한 오지 수준의 시골이나 지방이 아니라면 대도시나 신도시의 번화가는 치안상태도 좋아서 범죄율도 낮으며, 각 자동차의 블랙박스나 CCTV, 각종 카메라 등도 범죄율을 낮추게 된다.#@문장구분# 대도시, 신도시 위주로 노인이나 장애인이 밤에 혼자 활보하는 것도 치안이나 안전에 별 무리가 없다.#@문장구분#애완동물을 가족처럼 여기고 키우며 외로움을 달래거나 게임, 인터넷, 동영상 매체 등을 취미로 하는 등 인간이 아닌 다른 대상에 애정과 애착을 품는 일도 늘게 되면서 별로 외로움을 타지 않게 된다.#@문장구분# 그 결과 정서적, 감정적으로도 별로 연애나 결혼을 해야 될 필요성을 느끼지 못하는거 같다.#@문장구분#",
      "paragraph_len": 1069,
      "paragraph_id": "001"
    }
  ],
  "score": {
    "paragraph_score": [
      {
        "paragraph_scoreT": [
          3,
          3,
          2.6
        ],
        "paragraph_scoreT_detail": {
          "paragraph_scoreT_exp": [
            [
              3,
              3,
              3
            ],
            [
              3,
              3,
              3
            ],
            [
              3,
              2,
              3
            ]
          ]
        },
        "paragraph_scoreT_avg": 2.8666668,
        "paragraph_id": "001"
      }
    ],
    "essay_scoreT": [
      30,
      27,
      26.3
    ],
    "essay_scoreT_avg": 27.766668,
    "essay_scoreT_detail": {
      "essay_scoreT_org": [
        [
          3,
          0,
          3,
          3
        ],
        [
          2,
          0,
          3,
          3
        ],
        [
          3,
          0,
          2,
          3
        ]
      ],
      "essay_scoreT_cont": [
        [
          3,
          3,
          3,
          3
        ],
        [
          3,
          2,
          3,
          3
        ],
        [
          3,
          3,
          2,
          2
        ]
      ],
      "essay_scoreT_exp": [
        [
          3,
          3,
          3
        ],
        [
          3,
          3,
          3
        ],
        [
          3,
          2,
          3
        ]
      ]
    }
  },
  "student": {
    "date": "2021.12.21",
    "student_educated": true,
    "student_grade": "고등_1학년",
    "location": "031",
    "student_grade_group": "고등",
    "student_reading": 2
  },
  "rubric": {
    "essay_grade": "고등_1학년",
    "organization_weight": {
      "org_paragraph": 0,
      "org": 3,
      "org_essay": 6,
      "org_coherence": 3,
      "org_quantity": 1
    },
    "essay_type": "찬성반대",
    "content_weight": {
      "con_clearance": 3,
      "con_novelty": 3,
      "con": 4,
      "con_prompt": 1,
      "con_description": 3
    },
    "essay_main_subject": "비혼주의자에 대한 본인의 의견",
    "expression_weight": {
      "exp_style": 4,
      "exp_grammar": 2,
      "exp_vocab": 4,
      "exp": 3
    }
  },
  "correction": [],
  "info": {
    "essay_id": "ESSAY_71329",
    "essay_prompt": " \"\"연애는 필수, 결혼은 선택! 가슴이 뛰는 대로 가면 돼\"\".\n\n 유명한 유행가의 노래 가사처럼, 청년들에게 결혼은 이제 필수가 아닌 하나의 선택 사항입니다. 연애, 결혼, 출산을 포기한다는 의미의 '3포세대'라는 말이 나오기 무섭게 5포 세대, N포세대까지 등장할 정도로 취업난, 치솟는 부동산 가격 등 여러 사회·경제적 요인들로 청년층을 위축시켰습니다.\n\n 모두가 이러한 이유로 '결혼을 포기'하는 것만은 아닙니다. 개인의 행복을 위해 '비혼을 선택'하는 청년들도 늘고 있습니다. 이처럼 최근 전통적인 가치관에서 벗어나 연애와 동거는 하면서 결혼이라는 제도에 묶여 관계에서 파생되는 책임을 벗어나 자유로운 삶을 추구하는 비혼주의자가 늘고 있습니다.\n\n 다만, 개인의 자유로운 선택에 따라 비혼주의를 하지만 주변에서는 아직 고운 시선으로 바라보지 않는 사람도 많습니다. 결혼이라는 제도에 대해서 선택이 아닌 필수라고 생각하는 사람들도 많지요. 개개인이 모여 사회가 형성되기 때문에 사회의 가장 작은 단위인 가족을 이루는 것도 사회 구성원으로서의 큰 역할이라고 생각하는 사람들도 있습니다.\n\n 여러분은 결혼을 꼭 해야 한다고 생각하시나요? 아니면 결혼은 선택의 문제라고 생각하시나요? 비혼주의에 대해 찬성하는 입장 반대를 선택하여 자신의 의견을 작성해주세요. 그리고 그렇게 생각한 이유에 대해서 작성해주세요.",
    "essay_type": "찬성반대",
    "essay_level": "2",
    "essay_len": 829,
    "essay_main_subject": "비혼주의자에 대한 본인의 의견"
  }
}