{
  "paragraph": [
    {
      "paragraph_txt": "나는 비혼주의에 대해서 찬성한다.#@문장구분# 왜냐하면 가장큰 이유는 먼저 현대사회의 문제이다.#@문장구분# 일자리가 하늘의 별따기라는 이야기도 있는만큼 돈에 목매여 사는 사회이다.#@문장구분# 이런사화에서 결혼을 해서 아이까지 낳고 살아가기에는 버겁다는 이유이다.#@문장구분# 어른들은 결혼을해서 가정을 꾸리고 아이가 생기고 하면 안정적인 생활이 가능하다고 말한다.#@문장구분# 무엇이 안정인지 모르겠다.#@문장구분# 책임감?#@문장구분#책임감은 나를 위해 살면서도 얼마든지 내에 대한 사회에 대해 책임은 가질 수 있다.#@문장구분# 무엇을 하던지간에 선택은 자신이 하는것이라고 생각하기 때문이다.#@문장구분# 그런데 난 이게 왜 안정인지 모르겠다.#@문장구분# 비혼주의를 이해하지 못 할 것이지만 혼자 있기 편안한 사람도 대다수이기 보통 결혼을 하게 된다면 같이 살 집을 구해야하고 육아를 하기 위한 돈과 시간을 뺏기는 경우가 많다.#@문장구분# 아이를 낳고 키우기위해 남자는 돈을 벌어야한다.#@문장구분# 또 돈을 벌려고 늦게까지 회사생활에 찌들어 제대로된 가정을 돌보지 못할꺼 같다.#@문장구분# 결혼을 해서 좋은점도 있겠지만 더 불편하고 힘든 게 많을꺼 같다.#@문장구분# 하나 뿐인 인생이니 원없이 하고 싶은 것을 해야 한다고 생각하기 때문이다.#@문장구분# 즐기며 살기도 짧은 시간인거 같다.#@문장구분# 우리는 벌써 25-7살까지는 학교에서 미래를 위해 준비하는 시간이 있다.#@문장구분# 그만한 시간을 투자하고 펼쳐지는 인생인데 하고싶은거 실컷하고 마음껏 누리고 살았으면 좋겠다.#@문장구분# 물론 우리 가족을 보면서 할머니 할아버지 엄마 아빠가 커가는 우리를 보면서 행복해하는 모습을 보면 마냥 비혼주의에 대해서 긍정적이지많은 안다.#@문장구분# 하지만 현대사회에 입각하여 이 비혼주의는 피할수 없는 생각이라고 판단하여 이 비혼주의에 대해서 찬성하는 입장이다.#@문장구분#",
      "paragraph_len": 1206,
      "paragraph_id": "001"
    }
  ],
  "score": {
    "paragraph_score": [
      {
        "paragraph_scoreT": [
          2.8,
          2.8,
          3
        ],
        "paragraph_scoreT_detail": {
          "paragraph_scoreT_exp": [
            [
              2,
              3,
              3
            ],
            [
              2,
              3,
              3
            ],
            [
              3,
              3,
              3
            ]
          ]
        },
        "paragraph_scoreT_avg": 2.8666668,
        "paragraph_id": "001"
      }
    ],
    "essay_scoreT": [
      28.2,
      28.2,
      30
    ],
    "essay_scoreT_avg": 28.800001,
    "essay_scoreT_detail": {
      "essay_scoreT_org": [
        [
          3,
          0,
          3,
          3
        ],
        [
          3,
          0,
          3,
          3
        ],
        [
          3,
          0,
          3,
          3
        ]
      ],
      "essay_scoreT_cont": [
        [
          3,
          2,
          3,
          3
        ],
        [
          3,
          2,
          3,
          3
        ],
        [
          3,
          3,
          3,
          3
        ]
      ],
      "essay_scoreT_exp": [
        [
          2,
          3,
          3
        ],
        [
          2,
          3,
          3
        ],
        [
          3,
          3,
          3
        ]
      ]
    }
  },
  "student": {
    "date": "2021.12.21",
    "student_educated": true,
    "student_grade": "고등_1학년",
    "location": "063",
    "student_grade_group": "고등",
    "student_reading": 1
  },
  "rubric": {
    "essay_grade": "고등_1학년",
    "organization_weight": {
      "org_paragraph": 0,
      "org": 3,
      "org_essay": 6,
      "org_coherence": 3,
      "org_quantity": 1
    },
    "essay_type": "찬성반대",
    "content_weight": {
      "con_clearance": 3,
      "con_novelty": 3,
      "con": 4,
      "con_prompt": 1,
      "con_description": 3
    },
    "essay_main_subject": "비혼주의자에 대한 본인의 의견",
    "expression_weight": {
      "exp_style": 4,
      "exp_grammar": 2,
      "exp_vocab": 4,
      "exp": 3
    }
  },
  "correction": [],
  "info": {
    "essay_id": "ESSAY_72068",
    "essay_prompt": " \"\"연애는 필수, 결혼은 선택! 가슴이 뛰는 대로 가면 돼\"\".\n\n 유명한 유행가의 노래 가사처럼, 청년들에게 결혼은 이제 필수가 아닌 하나의 선택 사항입니다. 연애, 결혼, 출산을 포기한다는 의미의 '3포세대'라는 말이 나오기 무섭게 5포 세대, N포세대까지 등장할 정도로 취업난, 치솟는 부동산 가격 등 여러 사회·경제적 요인들로 청년층을 위축시켰습니다.\n\n 모두가 이러한 이유로 '결혼을 포기'하는 것만은 아닙니다. 개인의 행복을 위해 '비혼을 선택'하는 청년들도 늘고 있습니다. 이처럼 최근 전통적인 가치관에서 벗어나 연애와 동거는 하면서 결혼이라는 제도에 묶여 관계에서 파생되는 책임을 벗어나 자유로운 삶을 추구하는 비혼주의자가 늘고 있습니다.\n\n 다만, 개인의 자유로운 선택에 따라 비혼주의를 하지만 주변에서는 아직 고운 시선으로 바라보지 않는 사람도 많습니다. 결혼이라는 제도에 대해서 선택이 아닌 필수라고 생각하는 사람들도 많지요. 개개인이 모여 사회가 형성되기 때문에 사회의 가장 작은 단위인 가족을 이루는 것도 사회 구성원으로서의 큰 역할이라고 생각하는 사람들도 있습니다.\n\n 여러분은 결혼을 꼭 해야 한다고 생각하시나요? 아니면 결혼은 선택의 문제라고 생각하시나요? 비혼주의에 대해 찬성하는 입장 반대를 선택하여 자신의 의견을 작성해주세요. 그리고 그렇게 생각한 이유에 대해서 작성해주세요.",
    "essay_type": "찬성반대",
    "essay_level": "2",
    "essay_len": 807,
    "essay_main_subject": "비혼주의자에 대한 본인의 의견"
  }
}