{
  "paragraph": [
    {
      "paragraph_txt": "2018년 방송인이자 프로듀서로 활동하고 있는 '재재'가 유튜브 채널에 자신의 비혼식 영상을 업로드한 것을 알고있는가?#@문장구분# 요즘도 꾸준히 트렌드를 찾아다니는 그녀답게 당시 한국에선 낯선 비혼식이라는 문화의 유행에 불을 지폈다.#@문장구분# 해당 영상을 보면 비혼식에서 비혼선언문을 낭독하고, 지인들을 초대해 함께 사진을 촬영하며 즐거운 시간을 보낸다.#@문장구분# 이처럼 비혼식이란 비혼주의자가 지인들 앞에서 비혼을 선언하는 행사이다.#@문장구분# 이런 식으로 로운 식 문화가 현재 자리잡으며 국내 웨딩 업계도 비혼주의자들을 위한 다양한 상품들이 등장하면서 관련 산업의 트렌드가 급속도로 변화하고 있다.#@문장구분# 비혼주의자들의 싱글웨딩 관련 수요가 꾸준히 늘다 보니 싱글 웨딩 쪽으로 아예 사업의 아이템을 확장하는 웨딩 스튜디오 업체들도 늘어나고 있다고 한다. #@문장구분#최근 비혼주의 인구가 증가함에 따라 그에 맞춰 업계는 발 빠르게 움직이고 있음을 알 수 있다.#@문장구분# 비혼주의는 이제 우리가 반대하고자 할 수 있는 개념이 아니고 서로 존중해줘야 할 개념이 됐다고 생각한다.#@문장구분# 비혼주의에 대해 더 찾아보니 사실 비혼주의는 이미 옛날부터 흔히 커리어 우먼이라고 말하는 자신의 커리어가 가장 1순위인 사람들이 나타났을때 즈음에 같이 등장한 개념이라고 한다.#@문장구분# 최근에 들어서야 경제적인 이유가 비혼주의 선언의 이유로 급등하고 있는 것으로 보이지만, 사실 다른 이유로도 '나' 자신이 1순위인 사람들을 대상으로 지칭하는 말임을 알 수 있다.#@문장구분# 나 자신이 우선이 되어버린 현실적인 부분에서  이런 비혼주의는 현재 우리 사회에 만연하게 퍼져있으며 이것을 틀리다고 정의할 수 있는 개념이 아니라고 생각한다.#@문장구분#",
      "paragraph_len": 1017,
      "paragraph_id": "001"
    }
  ],
  "score": {
    "paragraph_score": [
      {
        "paragraph_scoreT": [
          3,
          2.8,
          2.8
        ],
        "paragraph_scoreT_detail": {
          "paragraph_scoreT_exp": [
            [
              3,
              3,
              3
            ],
            [
              2,
              3,
              3
            ],
            [
              2,
              3,
              3
            ]
          ]
        },
        "paragraph_scoreT_avg": 2.8666668,
        "paragraph_id": "001"
      }
    ],
    "essay_scoreT": [
      27,
      29.4,
      27.900002
    ],
    "essay_scoreT_avg": 28.1,
    "essay_scoreT_detail": {
      "essay_scoreT_org": [
        [
          2,
          0,
          3,
          3
        ],
        [
          3,
          0,
          3,
          3
        ],
        [
          3,
          0,
          3,
          2
        ]
      ],
      "essay_scoreT_cont": [
        [
          2,
          3,
          3,
          3
        ],
        [
          3,
          3,
          3,
          3
        ],
        [
          3,
          2,
          3,
          3
        ]
      ],
      "essay_scoreT_exp": [
        [
          3,
          3,
          3
        ],
        [
          2,
          3,
          3
        ],
        [
          2,
          3,
          3
        ]
      ]
    }
  },
  "student": {
    "date": "2021.10.19",
    "student_educated": true,
    "student_grade": "고등_1학년",
    "location": "02",
    "student_grade_group": "고등",
    "student_reading": 1
  },
  "rubric": {
    "essay_grade": "고등_1학년",
    "organization_weight": {
      "org_paragraph": 0,
      "org": 3,
      "org_essay": 6,
      "org_coherence": 3,
      "org_quantity": 1
    },
    "essay_type": "찬성반대",
    "content_weight": {
      "con_clearance": 3,
      "con_novelty": 3,
      "con": 4,
      "con_prompt": 1,
      "con_description": 3
    },
    "essay_main_subject": "비혼주의자에 대한 본인의 의견",
    "expression_weight": {
      "exp_style": 4,
      "exp_grammar": 2,
      "exp_vocab": 4,
      "exp": 3
    }
  },
  "correction": [],
  "info": {
    "essay_id": "ESSAY_37972",
    "essay_prompt": " \"\"연애는 필수, 결혼은 선택! 가슴이 뛰는 대로 가면 돼\"\".\n\n 유명한 유행가의 노래 가사처럼, 청년들에게 결혼은 이제 필수가 아닌 하나의 선택 사항입니다. 연애, 결혼, 출산을 포기한다는 의미의 '3포세대'라는 말이 나오기 무섭게 5포 세대, N포세대까지 등장할 정도로 취업난, 치솟는 부동산 가격 등 여러 사회·경제적 요인들로 청년층을 위축시켰습니다.\n\n 모두가 이러한 이유로 '결혼을 포기'하는 것만은 아닙니다. 개인의 행복을 위해 '비혼을 선택'하는 청년들도 늘고 있습니다. 이처럼 최근 전통적인 가치관에서 벗어나 연애와 동거는 하면서 결혼이라는 제도에 묶여 관계에서 파생되는 책임을 벗어나 자유로운 삶을 추구하는 비혼주의자가 늘고 있습니다.\n\n 다만, 개인의 자유로운 선택에 따라 비혼주의를 하지만 주변에서는 아직 고운 시선으로 바라보지 않는 사람도 많습니다. 결혼이라는 제도에 대해서 선택이 아닌 필수라고 생각하는 사람들도 많지요. 개개인이 모여 사회가 형성되기 때문에 사회의 가장 작은 단위인 가족을 이루는 것도 사회 구성원으로서의 큰 역할이라고 생각하는 사람들도 있습니다.\n\n 여러분은 결혼을 꼭 해야 한다고 생각하시나요? 아니면 결혼은 선택의 문제라고 생각하시나요? 비혼주의에 대해 찬성하는 입장 반대를 선택하여 자신의 의견을 작성해주세요. 그리고 그렇게 생각한 이유에 대해서 작성해주세요.",
    "essay_type": "찬성반대",
    "essay_level": "2",
    "essay_len": 797,
    "essay_main_subject": "비혼주의자에 대한 본인의 의견"
  }
}