{
  "paragraph": [
    {
      "paragraph_txt": "저는 비혼주의자에 대해 찬성하는 입장이라는 점을 밝히면서 글을 시작합니다.#@문장구분# 요즈음 개인의 행복이나 경제적 부담 등을 이유로 하여 비혼을 선택하는 사람들이 늘어나고 있습니다.#@문장구분# 일부 사람들은 이러한 비혼주의자들을 탐탁지 않게 여기지만, 비혼주의자가 점점 늘어나고 있는 사회적 분위기임에는 부정할 수 없습니다.#@문장구분# 저는 이런 사회적 분위기와 더불어 개인의 자유를 가장 크게 존중해주어야 한다고 생각하기에 비혼주의자에 대해 동의하는 입장입니다.#@문장구분# 가족은 사회를 구성하는 최소 단위입니다.#@문장구분# 사랑하는 남녀가 만나 결혼을 하고, 아이를 낳아 그 아이가 후대를 계속하여 이어나가는 것이 사회가 지속되는 가장 일반적이고 보편적인 방법입니다.#@문장구분# 그런데 과연, 남녀가 아이를 가지는 것을 원하지 않거나 경제적 형편이 어려워서 아이를 제대로 양육하기 힘든 형편일 때도 이런 사회 구성원의 의무를 짊어지게 하는 것이 정당하다고 볼 수 있을까요?#@문장구분# 결혼을 한다는 것은 보통 아이를 기르겠다는 계획이 전제되는 경우가 많습니다.#@문장구분# 그런데 새로운 생명을 키운다는 것은 우리의 많은 것들을 포기해야 하는 큰 책임이 뒤따릅니다.#@문장구분# 이러한 많은 것들을 포기할 여건이 안 되거나, 개인의 행복이 더 우선이라고 판단된다고 하여 비혼을 선택하는 사람들을 비판해서는 안 된다고 생각합니다.#@문장구분# 결혼을 하고 아이를 낳아 기르는 사람들은 분명 의심할 여지없이 용감한 사람들입니다.#@문장구분# 그러나 자신이 아이를 제대로 기를 준비가 되어 있지 않다고 판단하여 비혼을 선택하는 사람들 역시 충분히 책임감 있고 용감한 사람들이라는 점을 우리가 인정해 주어야 한다고 생각되어집니다.#@문장구분#",
      "paragraph_len": 1025,
      "paragraph_id": "001"
    }
  ],
  "score": {
    "paragraph_score": [
      {
        "paragraph_scoreT": [
          2,
          2,
          2
        ],
        "paragraph_scoreT_detail": {
          "paragraph_scoreT_exp": [
            [
              2,
              2,
              2
            ],
            [
              2,
              2,
              2
            ],
            [
              2,
              2,
              2
            ]
          ]
        },
        "paragraph_scoreT_avg": 2,
        "paragraph_id": "001"
      }
    ],
    "essay_scoreT": [
      23.099998,
      22.8,
      24.599998
    ],
    "essay_scoreT_avg": 23.5,
    "essay_scoreT_detail": {
      "essay_scoreT_org": [
        [
          2,
          0,
          2,
          3
        ],
        [
          2,
          0,
          2,
          2
        ],
        [
          3,
          0,
          2,
          2
        ]
      ],
      "essay_scoreT_cont": [
        [
          3,
          2,
          3,
          3
        ],
        [
          3,
          3,
          3,
          2
        ],
        [
          3,
          2,
          3,
          3
        ]
      ],
      "essay_scoreT_exp": [
        [
          2,
          2,
          2
        ],
        [
          2,
          2,
          2
        ],
        [
          2,
          2,
          2
        ]
      ]
    }
  },
  "student": {
    "date": "2021.12.20",
    "student_educated": true,
    "student_grade": "고등_1학년",
    "location": "033",
    "student_grade_group": "고등",
    "student_reading": 3
  },
  "rubric": {
    "essay_grade": "고등_1학년",
    "organization_weight": {
      "org_paragraph": 0,
      "org": 3,
      "org_essay": 6,
      "org_coherence": 3,
      "org_quantity": 1
    },
    "essay_type": "찬성반대",
    "content_weight": {
      "con_clearance": 3,
      "con_novelty": 3,
      "con": 4,
      "con_prompt": 1,
      "con_description": 3
    },
    "essay_main_subject": "비혼주의자에 대한 본인의 의견",
    "expression_weight": {
      "exp_style": 4,
      "exp_grammar": 2,
      "exp_vocab": 4,
      "exp": 3
    }
  },
  "correction": [],
  "info": {
    "essay_id": "ESSAY_76530",
    "essay_prompt": " \"\"연애는 필수, 결혼은 선택! 가슴이 뛰는 대로 가면 돼\"\".\n\n 유명한 유행가의 노래 가사처럼, 청년들에게 결혼은 이제 필수가 아닌 하나의 선택 사항입니다. 연애, 결혼, 출산을 포기한다는 의미의 '3포세대'라는 말이 나오기 무섭게 5포 세대, N포세대까지 등장할 정도로 취업난, 치솟는 부동산 가격 등 여러 사회·경제적 요인들로 청년층을 위축시켰습니다.\n\n 모두가 이러한 이유로 '결혼을 포기'하는 것만은 아닙니다. 개인의 행복을 위해 '비혼을 선택'하는 청년들도 늘고 있습니다. 이처럼 최근 전통적인 가치관에서 벗어나 연애와 동거는 하면서 결혼이라는 제도에 묶여 관계에서 파생되는 책임을 벗어나 자유로운 삶을 추구하는 비혼주의자가 늘고 있습니다.\n\n 다만, 개인의 자유로운 선택에 따라 비혼주의를 하지만 주변에서는 아직 고운 시선으로 바라보지 않는 사람도 많습니다. 결혼이라는 제도에 대해서 선택이 아닌 필수라고 생각하는 사람들도 많지요. 개개인이 모여 사회가 형성되기 때문에 사회의 가장 작은 단위인 가족을 이루는 것도 사회 구성원으로서의 큰 역할이라고 생각하는 사람들도 있습니다.\n\n 여러분은 결혼을 꼭 해야 한다고 생각하시나요? 아니면 결혼은 선택의 문제라고 생각하시나요? 비혼주의에 대해 찬성하는 입장 반대를 선택하여 자신의 의견을 작성해주세요. 그리고 그렇게 생각한 이유에 대해서 작성해주세요.",
    "essay_type": "찬성반대",
    "essay_level": "2",
    "essay_len": 786,
    "essay_main_subject": "비혼주의자에 대한 본인의 의견"
  }
}