{
  "paragraph": [
    {
      "paragraph_txt": "우리나라의 경제 상황이 매우 좋지 않은 것이 현실입니다.#@문장구분# 가까운 나라인 일본의 경우 경제불황으로 인하여 많은 가정이 해체 되거나 도시빈민화 현상도 나타나고 있는 현실에서 비혼주의를 선택하는 젊은 세대들의 결정이 틀린 결정이다라고 반대할 수만은 없는 상황이라고 생각합니다.#@문장구분# 결혼이라고하는 것은 남성의 경우 한 가정의 주체가되며 그 가정을 잘 돌아갈수 있도록 경제적으로 주도적 역할을 하며 아내와 자식들을 건사해 나가야합니다.#@문장구분# 여자의 경우 결혼을 하고나면 아내로써 또는 엄마로써의 역할을 해나가면서 본인을 희생하며 가정을 이루어 나갑니다.#@문장구분# 물론 그 희생이 무의미 하거나 보람없지는 않겠지만 본인의 미래를 생각해보았을때 비혼주의 삶을 선택하면 자신의 경제적 사회적 발전이 점쳐지는데 굳이 결혼이라는 것을 해서 발목잡고 싶은 청춘이 많지 않을 것입니다.#@문장구분# 그래서 요즘 사람들은 연애를 하지만 결혼을 해야만 한다고 생각하지 않는 것이라고 생각합니다.#@문장구분# 짚신도 짝이 있다라는 속담이 있듯이 누구나 자신의 진짜 짝을 만나서 결혼을 하기 전까지 비혼주의라는 말로 결혼을 미루어 옵니다.#@문장구분# 하지만 그런 사람도 진정한 자신의 짝을 찾으면 비혼을 포기하고 결혼이라는 굴레에 들어가기 때문에 비혼주의가 우리 사회에 그리 큰 영향을 미친다고 생각할 수도 없다고 생각합니다.#@문장구분# 지금 당장은 비혼주의지만 시간이 흘러 그들이 또 다른 선택을 할수 있기 때문입니다.#@문장구분# 결혼한 후에 성격이 맞지 않고 경제적 이유 등을 들어 이혼하는 사례가 늘고 있으며 황혼이혼이라는 말이 생길만큼 나이가 들어 자신의 자아를 찾아 이혼하는 부부도 늘어나고 있습니다.#@문장구분# 결혼이라는 관습에 얽매이지 않고 자신의 행복을 추구하는 것이 제일 현명한 삶의 선택이라고 생각하기 때문에 저는 비혼주의에 찬성합니다.#@문장구분#",
      "paragraph_len": 1082,
      "paragraph_id": "001"
    }
  ],
  "score": {
    "paragraph_score": [
      {
        "paragraph_scoreT": [
          3,
          3,
          2.4
        ],
        "paragraph_scoreT_detail": {
          "paragraph_scoreT_exp": [
            [
              3,
              3,
              3
            ],
            [
              3,
              3,
              3
            ],
            [
              2,
              3,
              2
            ]
          ]
        },
        "paragraph_scoreT_avg": 2.8,
        "paragraph_id": "001"
      }
    ],
    "essay_scoreT": [
      30,
      28.2,
      23.899998
    ],
    "essay_scoreT_avg": 27.366667,
    "essay_scoreT_detail": {
      "essay_scoreT_org": [
        [
          3,
          0,
          3,
          3
        ],
        [
          2,
          0,
          3,
          3
        ],
        [
          2,
          0,
          2,
          3
        ]
      ],
      "essay_scoreT_cont": [
        [
          3,
          3,
          3,
          3
        ],
        [
          3,
          3,
          3,
          3
        ],
        [
          2,
          2,
          2,
          3
        ]
      ],
      "essay_scoreT_exp": [
        [
          3,
          3,
          3
        ],
        [
          3,
          3,
          3
        ],
        [
          2,
          3,
          3
        ]
      ]
    }
  },
  "student": {
    "date": "2021.12.19",
    "student_educated": true,
    "student_grade": "고등_1학년",
    "location": "063",
    "student_grade_group": "고등",
    "student_reading": 3
  },
  "rubric": {
    "essay_grade": "고등_1학년",
    "organization_weight": {
      "org_paragraph": 0,
      "org": 3,
      "org_essay": 6,
      "org_coherence": 3,
      "org_quantity": 1
    },
    "essay_type": "찬성반대",
    "content_weight": {
      "con_clearance": 3,
      "con_novelty": 3,
      "con": 4,
      "con_prompt": 1,
      "con_description": 3
    },
    "essay_main_subject": "비혼주의자에 대한 본인의 의견",
    "expression_weight": {
      "exp_style": 4,
      "exp_grammar": 2,
      "exp_vocab": 4,
      "exp": 3
    }
  },
  "correction": [],
  "info": {
    "essay_id": "ESSAY_71342",
    "essay_prompt": " \"\"연애는 필수, 결혼은 선택! 가슴이 뛰는 대로 가면 돼\"\".\n\n 유명한 유행가의 노래 가사처럼, 청년들에게 결혼은 이제 필수가 아닌 하나의 선택 사항입니다. 연애, 결혼, 출산을 포기한다는 의미의 '3포세대'라는 말이 나오기 무섭게 5포 세대, N포세대까지 등장할 정도로 취업난, 치솟는 부동산 가격 등 여러 사회·경제적 요인들로 청년층을 위축시켰습니다.\n\n 모두가 이러한 이유로 '결혼을 포기'하는 것만은 아닙니다. 개인의 행복을 위해 '비혼을 선택'하는 청년들도 늘고 있습니다. 이처럼 최근 전통적인 가치관에서 벗어나 연애와 동거는 하면서 결혼이라는 제도에 묶여 관계에서 파생되는 책임을 벗어나 자유로운 삶을 추구하는 비혼주의자가 늘고 있습니다.\n\n 다만, 개인의 자유로운 선택에 따라 비혼주의를 하지만 주변에서는 아직 고운 시선으로 바라보지 않는 사람도 많습니다. 결혼이라는 제도에 대해서 선택이 아닌 필수라고 생각하는 사람들도 많지요. 개개인이 모여 사회가 형성되기 때문에 사회의 가장 작은 단위인 가족을 이루는 것도 사회 구성원으로서의 큰 역할이라고 생각하는 사람들도 있습니다.\n\n 여러분은 결혼을 꼭 해야 한다고 생각하시나요? 아니면 결혼은 선택의 문제라고 생각하시나요? 비혼주의에 대해 찬성하는 입장 반대를 선택하여 자신의 의견을 작성해주세요. 그리고 그렇게 생각한 이유에 대해서 작성해주세요.",
    "essay_type": "찬성반대",
    "essay_level": "2",
    "essay_len": 862,
    "essay_main_subject": "비혼주의자에 대한 본인의 의견"
  }
}