{
  "paragraph": [
    {
      "paragraph_txt": "저는 가난하면 결혼을 하면 안 된다는 주의입니다.#@문장구분# 반에서 한 두명 친구들은 기초생활지급자로써 정부에서 지원을 받고 있습니다. #@문장구분#그러한 친구들을 보면 항상 돈이 없어서 매점도 가지 못하고 주눅들어 있는 모습을 많이 봅니다.#@문장구분# 저도 부유한 가정에서 태어나지는 않았지만 저보다 더 힘든 가정에서 태어난 친구들을 보면 뭔가 가슴이 찡하고 저도 불쌍하다는 생각이 듭니다.#@문장구분# 가난이라는 이유만으로 친구들과 어울리기 힘들고 같이 PC방을 가자고 해도 돈이 없어서 못 간다고 바로 집으로 가는 모습을 보면서 가난하면 결혼해서 아이를 낳으면 안 되겠다고 마음을 굳게 먹었습니다.#@문장구분# 다큐멘터리를 좋아해서 항상 TV를 틀면 다큐멘터리 프로그램을 많이 보았는데 그중에서 동행이라는 프로그램 재방송을 본적이 있었습니다.#@문장구분# 가난한 집에서 아이를 8명 낳아서 키우는 집인데 부모님은 교통사고와 당뇨병으로 일을 하지 못하고 정부에서 받는 지원금과 쌀만으로 생계를 유지하고 있으며, 막내는 배고프다고 울고 쌀은 떨어져서 저녁을 어떻게 해야 할지 고민하시는 부모님을 보면서 많은 생각이 들었습니다.#@문장구분# 제가 생각한 결혼하여 아이를 낳아서 가정을 꾸려서 부족하지만 화목하게 사는 것 이였는데 막상 돈이 없어서 결혼하고 가난하게 사는 모습을 보고는 현실에 대한 충격을 받았습니다.#@문장구분# 내가 능력이 없으면 결혼하면 배우자와 아이들까지고 함께 고생하며, 아이들에게 꿈과 희망을 줄 수가 없다는 생각이 드니 현실에 대한 두려움이 생기게 되었고 평범한 직장을 다니게 되면 적은 월급을 받겠지만 제 집과 아이를 키울 수 있는 돈을 모으기 전까지는 절대 결혼을 하지 않을 생각입니다.#@문장구분#",
      "paragraph_len": 975,
      "paragraph_id": "001"
    }
  ],
  "score": {
    "paragraph_score": [
      {
        "paragraph_scoreT": [
          3,
          2.8,
          3
        ],
        "paragraph_scoreT_detail": {
          "paragraph_scoreT_exp": [
            [
              3,
              3,
              3
            ],
            [
              2,
              3,
              3
            ],
            [
              3,
              3,
              3
            ]
          ]
        },
        "paragraph_scoreT_avg": 2.9333334,
        "paragraph_id": "001"
      }
    ],
    "essay_scoreT": [
      30,
      27.3,
      30
    ],
    "essay_scoreT_avg": 29.1,
    "essay_scoreT_detail": {
      "essay_scoreT_org": [
        [
          3,
          0,
          3,
          3
        ],
        [
          3,
          0,
          2,
          3
        ],
        [
          3,
          0,
          3,
          3
        ]
      ],
      "essay_scoreT_cont": [
        [
          3,
          3,
          3,
          3
        ],
        [
          3,
          2,
          3,
          3
        ],
        [
          3,
          3,
          3,
          3
        ]
      ],
      "essay_scoreT_exp": [
        [
          3,
          3,
          3
        ],
        [
          2,
          3,
          3
        ],
        [
          3,
          3,
          3
        ]
      ]
    }
  },
  "student": {
    "date": "2021.12.16",
    "student_educated": true,
    "student_grade": "고등_1학년",
    "location": "044",
    "student_grade_group": "고등",
    "student_reading": 2
  },
  "rubric": {
    "essay_grade": "고등_1학년",
    "organization_weight": {
      "org_paragraph": 0,
      "org": 3,
      "org_essay": 6,
      "org_coherence": 3,
      "org_quantity": 1
    },
    "essay_type": "찬성반대",
    "content_weight": {
      "con_clearance": 3,
      "con_novelty": 3,
      "con": 4,
      "con_prompt": 1,
      "con_description": 3
    },
    "essay_main_subject": "비혼주의자에 대한 본인의 의견",
    "expression_weight": {
      "exp_style": 4,
      "exp_grammar": 2,
      "exp_vocab": 4,
      "exp": 3
    }
  },
  "correction": [],
  "info": {
    "essay_id": "ESSAY_65889",
    "essay_prompt": " \"\"연애는 필수, 결혼은 선택! 가슴이 뛰는 대로 가면 돼\"\".\n\n 유명한 유행가의 노래 가사처럼, 청년들에게 결혼은 이제 필수가 아닌 하나의 선택 사항입니다. 연애, 결혼, 출산을 포기한다는 의미의 '3포세대'라는 말이 나오기 무섭게 5포 세대, N포세대까지 등장할 정도로 취업난, 치솟는 부동산 가격 등 여러 사회·경제적 요인들로 청년층을 위축시켰습니다.\n\n 모두가 이러한 이유로 '결혼을 포기'하는 것만은 아닙니다. 개인의 행복을 위해 '비혼을 선택'하는 청년들도 늘고 있습니다. 이처럼 최근 전통적인 가치관에서 벗어나 연애와 동거는 하면서 결혼이라는 제도에 묶여 관계에서 파생되는 책임을 벗어나 자유로운 삶을 추구하는 비혼주의자가 늘고 있습니다.\n\n 다만, 개인의 자유로운 선택에 따라 비혼주의를 하지만 주변에서는 아직 고운 시선으로 바라보지 않는 사람도 많습니다. 결혼이라는 제도에 대해서 선택이 아닌 필수라고 생각하는 사람들도 많지요. 개개인이 모여 사회가 형성되기 때문에 사회의 가장 작은 단위인 가족을 이루는 것도 사회 구성원으로서의 큰 역할이라고 생각하는 사람들도 있습니다.\n\n 여러분은 결혼을 꼭 해야 한다고 생각하시나요? 아니면 결혼은 선택의 문제라고 생각하시나요? 비혼주의에 대해 찬성하는 입장 반대를 선택하여 자신의 의견을 작성해주세요. 그리고 그렇게 생각한 이유에 대해서 작성해주세요.",
    "essay_type": "찬성반대",
    "essay_level": "2",
    "essay_len": 795,
    "essay_main_subject": "비혼주의자에 대한 본인의 의견"
  }
}