{
  "paragraph": [
    {
      "paragraph_txt": "최요즘은 시대가 변해 갈 수록 비혼주의자들이 늘어나기 시작한다.#@문장구분# 그래서 비혼주의자들에 대한 글을 쓰려고 한다.#@문장구분# 비혼은 미혼,독신이라고 불린다.#@문장구분# 비혼의 종류는 결혼이 힘들거나, 관심이 없거나, 싫어하기 때문 등이 있다.#@문장구분# 나는 비혼에 대해서 생각하는 점은 '비혼은 사람들이 결정하는 것이 맞지만 결혼을 안하면 위험하다.'라는게 의견이다.#@문장구분# 이 이유는 자신 혼자서 살아가야 하는 외로움과 정서적 불안이 생기기 때문이다.#@문장구분# 물론 사람들마다 다르겠지만 외로움이 심화 될 수 있다.#@문장구분# 두 번째로 재산 관리가 있다.#@문장구분#독신자들이 누릴 수 있는 혜택이 적고 중간에 실업위기가 날때 수익위기도 다가오게 된다.#@문장구분# 혹시 본인의 재산 위기가 다가오면 사람들은 돈을 저축해야 한다는 것이다.#@문장구분# 그리고 건강관리에도 문가 생기는데 응급처치를 받을 사람이 없고 물리적으로도 지원을 받기 힘들다는 것이다.#@문장구분# 이런 요인들로 고독사로 사망할 수도 있다는 것이다.#@문장구분# 결정적으로 대부분의 비혼자는 임신도 안하기 때문에 미래의 인구수가 점점 줄어든다는 것이다.#@문장구분# 그래서 우리나라의 저출산에도 엄청난 타격을 받게 된다.#@문장구분# 그리고 상속문제에도 문제가 생기기 때문인데 이유는 물려줄 재산이 없다는 것인데 애초에 독신으로 살다가 수익도 불안하기 때문에 버는 돈도 상당히 적음으로 상속할 돈도 없을 것이다.#@문장구분# 물론 장점도 있다고 생각한다.#@문장구분# 육아 스트레스로 부터의 해방,본인 만의 자유,금전적으로의 여유,이혼과 자녀 의존 등 복합적 리스크 회피등이 있을 것이다.#@문장구분# 그래서 하고 싶은 말은 혼자 살아도 좋지만 대한민국의 저출산을 생각해봐라 라는 것이다.#@문장구분#",
      "paragraph_len": 1131,
      "paragraph_id": "001"
    }
  ],
  "score": {
    "paragraph_score": [
      {
        "paragraph_scoreT": [
          3,
          3,
          2.2
        ],
        "paragraph_scoreT_detail": {
          "paragraph_scoreT_exp": [
            [
              3,
              3,
              3
            ],
            [
              3,
              3,
              3
            ],
            [
              3,
              2,
              2
            ]
          ]
        },
        "paragraph_scoreT_avg": 2.7333333,
        "paragraph_id": "001"
      }
    ],
    "essay_scoreT": [
      30,
      25.5,
      21.8
    ],
    "essay_scoreT_avg": 25.766668,
    "essay_scoreT_detail": {
      "essay_scoreT_org": [
        [
          3,
          0,
          3,
          3
        ],
        [
          2,
          0,
          3,
          2
        ],
        [
          2,
          0,
          2,
          2
        ]
      ],
      "essay_scoreT_cont": [
        [
          3,
          3,
          3,
          3
        ],
        [
          3,
          2,
          3,
          2
        ],
        [
          3,
          2,
          2,
          2
        ]
      ],
      "essay_scoreT_exp": [
        [
          3,
          3,
          3
        ],
        [
          3,
          3,
          3
        ],
        [
          3,
          2,
          2
        ]
      ]
    }
  },
  "student": {
    "date": "2021.09.13",
    "student_educated": true,
    "student_grade": "고등_1학년",
    "location": "051",
    "student_grade_group": "고등",
    "student_reading": 2
  },
  "rubric": {
    "essay_grade": "고등_1학년",
    "organization_weight": {
      "org_paragraph": 0,
      "org": 3,
      "org_essay": 6,
      "org_coherence": 3,
      "org_quantity": 1
    },
    "essay_type": "찬성반대",
    "content_weight": {
      "con_clearance": 3,
      "con_novelty": 3,
      "con": 4,
      "con_prompt": 1,
      "con_description": 3
    },
    "essay_main_subject": "비혼주의자에 대한 본인의 의견",
    "expression_weight": {
      "exp_style": 4,
      "exp_grammar": 2,
      "exp_vocab": 4,
      "exp": 3
    }
  },
  "correction": [],
  "info": {
    "essay_id": "ESSAY_33790",
    "essay_prompt": " \"\"연애는 필수, 결혼은 선택! 가슴이 뛰는 대로 가면 돼\"\".\n\n 유명한 유행가의 노래 가사처럼, 청년들에게 결혼은 이제 필수가 아닌 하나의 선택 사항입니다. 연애, 결혼, 출산을 포기한다는 의미의 '3포세대'라는 말이 나오기 무섭게 5포 세대, N포세대까지 등장할 정도로 취업난, 치솟는 부동산 가격 등 여러 사회·경제적 요인들로 청년층을 위축시켰습니다.\n\n 모두가 이러한 이유로 '결혼을 포기'하는 것만은 아닙니다. 개인의 행복을 위해 '비혼을 선택'하는 청년들도 늘고 있습니다. 이처럼 최근 전통적인 가치관에서 벗어나 연애와 동거는 하면서 결혼이라는 제도에 묶여 관계에서 파생되는 책임을 벗어나 자유로운 삶을 추구하는 비혼주의자가 늘고 있습니다.\n\n 다만, 개인의 자유로운 선택에 따라 비혼주의를 하지만 주변에서는 아직 고운 시선으로 바라보지 않는 사람도 많습니다. 결혼이라는 제도에 대해서 선택이 아닌 필수라고 생각하는 사람들도 많지요. 개개인이 모여 사회가 형성되기 때문에 사회의 가장 작은 단위인 가족을 이루는 것도 사회 구성원으로서의 큰 역할이라고 생각하는 사람들도 있습니다.\n\n 여러분은 결혼을 꼭 해야 한다고 생각하시나요? 아니면 결혼은 선택의 문제라고 생각하시나요? 비혼주의에 대해 찬성하는 입장 반대를 선택하여 자신의 의견을 작성해주세요. 그리고 그렇게 생각한 이유에 대해서 작성해주세요.",
    "essay_type": "찬성반대",
    "essay_level": "2",
    "essay_len": 772,
    "essay_main_subject": "비혼주의자에 대한 본인의 의견"
  }
}