{
  "paragraph": [
    {
      "paragraph_txt": "최근 결혼을 하지 않고 자유를 추구하는 비혼주의 자들이 많아지고 있다는 사실을 알고 있다.#@문장구분# 결혼을 하든 안하든 개인의 자유라고 생각한다.#@문장구분# 난 결혼을 찬성하는 쪽이다.#@문장구분# 이유는 간단하다.#@문장구분# 인생은 한 번뿐이라는 사실을 잘 알고 있기 때문이다.#@문장구분# 나중에 맞지 않아 이혼을 해도 한 번쯤은 결혼을 해 보고 아이도 낳아보고 싶기 때문이다.#@문장구분# 하고 싶은 것이 많은 나는 미래에 대해 이런 저런 상상을 한다.#@문장구분# 우아한 드레스를 입고 하객들이 꽉 찬 결혼식장을 아빠 손을 잡고 들어가는 모습, 남편과 즐거운 신혼생활, 남편과 아이와 손 잡고 걸어가는 모습 들 지금은 경험해 보지 못한 다양한 경험을 하고 싶다.#@문장구분# 근데 사실 결혼을 찬성하는 나도 잘 생각해 보면 비혼주의자도 매력있다.#@문장구분# 좋아하는 사람과 결혼만 하지 않았지, 연애도 하고 동거도 하면서 살아가도 괜찮을 것 같기 때문이다.#@문장구분# 결혼할 시기가 다가오는 사람들은 \"결혼은 언제하니?, 연애는 하니?, 너도 이제 나이를 생각해야지.\" 등 이런 말을 자주 듣는다고 한다. #@문장구분#어렸을 때는 공부해라, 컸으니 결혼해라, 잘 되라고 하는 말씀인 걸 알지만 이런 말들을 계속 들으면 많이 피곤하고 지칠 것 같다.#@문장구분# 개인 잘 고민해 보고 자신에게 맞는 선택을 할 때가지 기다려줬으면 하는 바람이 있다.#@문장구분# 그래서 나도 비혼주의를 선택할지 안할지 고민중이다.#@문장구분# 옛날에는 무조건 결혼을 해야한다는 생각이 자리잡고 있었다.#@문장구분# 하지만 요즘같은 시대에는 1인 가구가 엄청 증가하고 있다.#@문장구분# 즉 연애는 하는데 결혼은 하지 않는 사람들이 많이 늘고 있다고 한다.#@문장구분# 그리고 결혼을 하는 이유 중 하나가 바로 외로움이라고 한다.#@문장구분# 하지만 나는 이렇게 생각한다. #@문장구분#과연 결혼을 한다고 외로움이 사라질까?#@문장구분#",
      "paragraph_len": 1230,
      "paragraph_id": "001"
    }
  ],
  "score": {
    "paragraph_score": [
      {
        "paragraph_scoreT": [
          3,
          2.8,
          3
        ],
        "paragraph_scoreT_detail": {
          "paragraph_scoreT_exp": [
            [
              3,
              3,
              3
            ],
            [
              2,
              3,
              3
            ],
            [
              3,
              3,
              3
            ]
          ]
        },
        "paragraph_scoreT_avg": 2.9333334,
        "paragraph_id": "001"
      }
    ],
    "essay_scoreT": [
      28.8,
      28.2,
      23.3
    ],
    "essay_scoreT_avg": 26.766668,
    "essay_scoreT_detail": {
      "essay_scoreT_org": [
        [
          3,
          0,
          3,
          3
        ],
        [
          3,
          0,
          3,
          3
        ],
        [
          2,
          0,
          2,
          3
        ]
      ],
      "essay_scoreT_cont": [
        [
          3,
          2,
          3,
          3
        ],
        [
          3,
          2,
          3,
          3
        ],
        [
          2,
          2,
          2,
          2
        ]
      ],
      "essay_scoreT_exp": [
        [
          3,
          3,
          3
        ],
        [
          2,
          3,
          3
        ],
        [
          3,
          3,
          3
        ]
      ]
    }
  },
  "student": {
    "date": "2021.12.15",
    "student_educated": true,
    "student_grade": "고등_1학년",
    "location": "054",
    "student_grade_group": "고등",
    "student_reading": 3
  },
  "rubric": {
    "essay_grade": "고등_1학년",
    "organization_weight": {
      "org_paragraph": 0,
      "org": 3,
      "org_essay": 6,
      "org_coherence": 3,
      "org_quantity": 1
    },
    "essay_type": "찬성반대",
    "content_weight": {
      "con_clearance": 3,
      "con_novelty": 3,
      "con": 4,
      "con_prompt": 1,
      "con_description": 3
    },
    "essay_main_subject": "비혼주의자에 대한 본인의 의견",
    "expression_weight": {
      "exp_style": 4,
      "exp_grammar": 2,
      "exp_vocab": 4,
      "exp": 3
    }
  },
  "correction": [],
  "info": {
    "essay_id": "ESSAY_65947",
    "essay_prompt": " \"\"연애는 필수, 결혼은 선택! 가슴이 뛰는 대로 가면 돼\"\".\n\n 유명한 유행가의 노래 가사처럼, 청년들에게 결혼은 이제 필수가 아닌 하나의 선택 사항입니다. 연애, 결혼, 출산을 포기한다는 의미의 '3포세대'라는 말이 나오기 무섭게 5포 세대, N포세대까지 등장할 정도로 취업난, 치솟는 부동산 가격 등 여러 사회·경제적 요인들로 청년층을 위축시켰습니다.\n\n 모두가 이러한 이유로 '결혼을 포기'하는 것만은 아닙니다. 개인의 행복을 위해 '비혼을 선택'하는 청년들도 늘고 있습니다. 이처럼 최근 전통적인 가치관에서 벗어나 연애와 동거는 하면서 결혼이라는 제도에 묶여 관계에서 파생되는 책임을 벗어나 자유로운 삶을 추구하는 비혼주의자가 늘고 있습니다.\n\n 다만, 개인의 자유로운 선택에 따라 비혼주의를 하지만 주변에서는 아직 고운 시선으로 바라보지 않는 사람도 많습니다. 결혼이라는 제도에 대해서 선택이 아닌 필수라고 생각하는 사람들도 많지요. 개개인이 모여 사회가 형성되기 때문에 사회의 가장 작은 단위인 가족을 이루는 것도 사회 구성원으로서의 큰 역할이라고 생각하는 사람들도 있습니다.\n\n 여러분은 결혼을 꼭 해야 한다고 생각하시나요? 아니면 결혼은 선택의 문제라고 생각하시나요? 비혼주의에 대해 찬성하는 입장 반대를 선택하여 자신의 의견을 작성해주세요. 그리고 그렇게 생각한 이유에 대해서 작성해주세요.",
    "essay_type": "찬성반대",
    "essay_level": "2",
    "essay_len": 830,
    "essay_main_subject": "비혼주의자에 대한 본인의 의견"
  }
}