{
  "paragraph": [
    {
      "paragraph_txt": "비혼주의에 찬성을 하는데 구지 꼭 결혼을 해야하는 생각이 든다#@문장구분# 연애는 하고싶고 결혼은 안하고 싶을 때는 연애만 하면된다#@문장구분# 결혼이 꼭 해야하고 꼭 필요한것이 아니기때문이고 연애를 하고 결혼은 안하고 동거만 할수도 있다고 생각한다.#@문장구분# 그리고 비혼주의자에 대한 부정적인 생각은 버려야한다 비혼주의자에대한 부정적인 생각을 가진사람들은 긍정적인 생각으로 한번 생각을 해봤으면 한다.#@문장구분# 결혼을 안 했을때 가지는 자유와 결혼을 했을때 가지는 자유는 다를것이라고 생각하는데 결혼을 안했을때 가지는 자유가 더 자유롭고 할수있는 범위가 크다고 생각한다.#@문장구분# 그리고 결혼을 하고 이혼을했을때 이혼한것을 안좋게 보는 사람들이 있다.#@문장구분# 그리고 결혼했을때 이혼하는것보다 그냥 연애하고 동거하는것이 더 낫다고 생각하여 결혼을 안하는사람도 있을거다.#@문장구분# 결혼보다 연애하고 동거하는것이 더 편하다고 생각할수있고 연애하고 동거를 하면서 안맞으면 헤어질수도있도 있는데 결혼을 하게 되면 이혼까지 생각해 법원을 가야하는 번거로운 일이기 때문에 이런일이 생기지 않으려면 결혼을 안하면 된다.#@문장구분# 어르신들 중에 결혼을 꼭 해야한다고 생각하는 사람이 있고 비혼주의자에 대해 부정적인 생각과 그 의견을 무시하는 사람이 있는데 비혼주의자에 대한 생각을 존중해줬으면 좋겠다.#@문장구분# 사람마다 의견이다르고 자신이 추구하는 방향이 다르기 때문인데 모든 의견들은 상대방의 입장이 되어 생각해보고 존중을 해줬으면 좋겠다.#@문장구분# 그리고 결혼이라는 틀에 갇힐필요는 없다#@문장구분# 결혼을 했을때에 좋은 점도 있겠지만 결혼을 안했을때에 좋은 점도 있다.#@문장구분# 비혼주의자들의 의견을 좀더 존중하고 이해할 필요가 있다고 생각한다.#@문장구분# 그래도 한번 사는 인생인데 나 혼자 내 맘대로 내가 하고 싶은것을 하면서 그렇게 아주 재미난 인생을 사고 싶어서 비혼주의자에 찬성이다.#@문장구분#",
      "paragraph_len": 1151,
      "paragraph_id": "001"
    }
  ],
  "score": {
    "paragraph_score": [
      {
        "paragraph_scoreT": [
          2.8,
          2.4,
          2
        ],
        "paragraph_scoreT_detail": {
          "paragraph_scoreT_exp": [
            [
              2,
              3,
              3
            ],
            [
              2,
              2,
              3
            ],
            [
              2,
              2,
              2
            ]
          ]
        },
        "paragraph_scoreT_avg": 2.3999999,
        "paragraph_id": "001"
      }
    ],
    "essay_scoreT": [
      28.2,
      22.800001,
      20.3
    ],
    "essay_scoreT_avg": 23.766668,
    "essay_scoreT_detail": {
      "essay_scoreT_org": [
        [
          3,
          0,
          3,
          3
        ],
        [
          2,
          0,
          2,
          2
        ],
        [
          2,
          0,
          2,
          3
        ]
      ],
      "essay_scoreT_cont": [
        [
          3,
          2,
          3,
          3
        ],
        [
          3,
          2,
          3,
          2
        ],
        [
          2,
          2,
          2,
          2
        ]
      ],
      "essay_scoreT_exp": [
        [
          2,
          3,
          3
        ],
        [
          2,
          2,
          3
        ],
        [
          2,
          2,
          2
        ]
      ]
    }
  },
  "student": {
    "date": "2021.09.13",
    "student_educated": true,
    "student_grade": "고등_1학년",
    "location": "051",
    "student_grade_group": "고등",
    "student_reading": 1
  },
  "rubric": {
    "essay_grade": "고등_1학년",
    "organization_weight": {
      "org_paragraph": 0,
      "org": 3,
      "org_essay": 6,
      "org_coherence": 3,
      "org_quantity": 1
    },
    "essay_type": "찬성반대",
    "content_weight": {
      "con_clearance": 3,
      "con_novelty": 3,
      "con": 4,
      "con_prompt": 1,
      "con_description": 3
    },
    "essay_main_subject": "비혼주의자에 대한 본인의 의견",
    "expression_weight": {
      "exp_style": 4,
      "exp_grammar": 2,
      "exp_vocab": 4,
      "exp": 3
    }
  },
  "correction": [],
  "info": {
    "essay_id": "ESSAY_33788",
    "essay_prompt": " \"\"연애는 필수, 결혼은 선택! 가슴이 뛰는 대로 가면 돼\"\".\n\n 유명한 유행가의 노래 가사처럼, 청년들에게 결혼은 이제 필수가 아닌 하나의 선택 사항입니다. 연애, 결혼, 출산을 포기한다는 의미의 '3포세대'라는 말이 나오기 무섭게 5포 세대, N포세대까지 등장할 정도로 취업난, 치솟는 부동산 가격 등 여러 사회·경제적 요인들로 청년층을 위축시켰습니다.\n\n 모두가 이러한 이유로 '결혼을 포기'하는 것만은 아닙니다. 개인의 행복을 위해 '비혼을 선택'하는 청년들도 늘고 있습니다. 이처럼 최근 전통적인 가치관에서 벗어나 연애와 동거는 하면서 결혼이라는 제도에 묶여 관계에서 파생되는 책임을 벗어나 자유로운 삶을 추구하는 비혼주의자가 늘고 있습니다.\n\n 다만, 개인의 자유로운 선택에 따라 비혼주의를 하지만 주변에서는 아직 고운 시선으로 바라보지 않는 사람도 많습니다. 결혼이라는 제도에 대해서 선택이 아닌 필수라고 생각하는 사람들도 많지요. 개개인이 모여 사회가 형성되기 때문에 사회의 가장 작은 단위인 가족을 이루는 것도 사회 구성원으로서의 큰 역할이라고 생각하는 사람들도 있습니다.\n\n 여러분은 결혼을 꼭 해야 한다고 생각하시나요? 아니면 결혼은 선택의 문제라고 생각하시나요? 비혼주의에 대해 찬성하는 입장 반대를 선택하여 자신의 의견을 작성해주세요. 그리고 그렇게 생각한 이유에 대해서 작성해주세요.",
    "essay_type": "찬성반대",
    "essay_level": "2",
    "essay_len": 872,
    "essay_main_subject": "비혼주의자에 대한 본인의 의견"
  }
}