{
  "paragraph": [
    {
      "paragraph_txt": "최근에 특히 젊은 여성들을 중심으로 '비혼주의'가 빠르게 확산하고 있다.#@문장구분# 통계청의 발표에 따라  2020년 혼인 통계를 보면, 작년 혼인건수는 21만4000건으로 전년대비 10.7%(-2만6000건) 감소했다.#@문장구분# 현재 2021년에도 '비혼' 키워드 포스팅이 압도적으로 늘고 있으며 비혼주의자가 많이 생겨나고 있다.#@문장구분# 비혼주의자란' 결혼은 필수가 아니라, 선택이라고 생각하는 이'를 일컫는 말이다.#@문장구분# 미혼은 혼인상태가 아님을 뜻하지만 비혼은 혼인할 '의지'가 없음을 뜻하는 용어다.#@문장구분# 비혼주의자는 결혼 제도를 거부하는 사람을 의미한다.#@문장구분# '짚신도 짝이 있다'라는 말처럼 어느정도 나이가 되면 결혼을 해서 가정을 꾸리는 것이 당연시 여겨온 옛날과는 달리 지금은 가족 중심 가치관의 변화등으로 인하여 결혼은 선택이고, 여러가지 이유로 결혼제도를 거부하는 양상이 증가하고 있다.#@문장구분#\n 나는 이러한 비혼주의를 찬성한다.#@문장구분# 먼저, 트렌드모니터의 조사 결과에 따르면 비혼주의자들이 비혼을 추구하는 이유로 '경제적인 부족' 이 가장많이 꼽혔다.#@문장구분# 요즘 젊은 사람들은 특히나 취업난을 겪고있어 결혼을 하게 되면 경제적인 여유가 부족할 것이고, 비현실적인 주거비, 자녀의 사교육비 등등 만만치 않게 드는 돈이 부담이 된다는 것이다.#@문장구분#\n그리고 '자신을 위한 삶을 살고 싶다' 라는 이유도 답변했다.#@문장구분# 자신의 꿈이 있고 가고 싶은 길이 있는데 결혼을 하고 가정을 꾸리면서 자기관리, 꿈을 포기해야될 것 같아 결혼을 거부한다.#@문장구분#다양한 이유로 인해서 결혼을 안 하겠다는 것을 굳이 해야한다고 단정지을필요가 있을까?#@문장구분# 또한 비혼주의가 확산하게 된 큰 원인은 사실 경제적인 부담, 주거비 때문인데 자신의 경제적인 것이나 여러가지 여유가 안 되는데도 결혼을 한다면 과연 결혼 후 행복할 수 있을까?#@문장구분# 그리고 결혼에 대한 선택은 당사자들의 의사에 달린 문제이지, 본인의 의사와는 상관없이 주변의 등쌀에 떠밀려 결혼해 아이를 낳고 육아와 가정에 얽매이는 불행한 삶은 없어야한다.#@문장구분#",
      "paragraph_len": 1262,
      "paragraph_id": "001"
    }
  ],
  "score": {
    "paragraph_score": [
      {
        "paragraph_scoreT": [
          3,
          3,
          3
        ],
        "paragraph_scoreT_detail": {
          "paragraph_scoreT_exp": [
            [
              3,
              3,
              3
            ],
            [
              3,
              3,
              3
            ],
            [
              3,
              3,
              3
            ]
          ]
        },
        "paragraph_scoreT_avg": 3,
        "paragraph_id": "001"
      }
    ],
    "essay_scoreT": [
      25.5,
      24.2,
      23.3
    ],
    "essay_scoreT_avg": 24.333334,
    "essay_scoreT_detail": {
      "essay_scoreT_org": [
        [
          2,
          0,
          3,
          2
        ],
        [
          2,
          0,
          2,
          2
        ],
        [
          2,
          0,
          2,
          3
        ]
      ],
      "essay_scoreT_cont": [
        [
          3,
          2,
          3,
          2
        ],
        [
          3,
          2,
          2,
          2
        ],
        [
          2,
          2,
          2,
          2
        ]
      ],
      "essay_scoreT_exp": [
        [
          3,
          3,
          3
        ],
        [
          3,
          3,
          3
        ],
        [
          3,
          3,
          3
        ]
      ]
    }
  },
  "student": {
    "date": "2021.09.13",
    "student_educated": true,
    "student_grade": "고등_1학년",
    "location": "051",
    "student_grade_group": "고등",
    "student_reading": 1
  },
  "rubric": {
    "essay_grade": "고등_1학년",
    "organization_weight": {
      "org_paragraph": 0,
      "org": 3,
      "org_essay": 6,
      "org_coherence": 3,
      "org_quantity": 1
    },
    "essay_type": "찬성반대",
    "content_weight": {
      "con_clearance": 3,
      "con_novelty": 3,
      "con": 4,
      "con_prompt": 1,
      "con_description": 3
    },
    "essay_main_subject": "비혼주의자에 대한 본인의 의견",
    "expression_weight": {
      "exp_style": 4,
      "exp_grammar": 2,
      "exp_vocab": 4,
      "exp": 3
    }
  },
  "correction": [],
  "info": {
    "essay_id": "ESSAY_33778",
    "essay_prompt": " \"\"연애는 필수, 결혼은 선택! 가슴이 뛰는 대로 가면 돼\"\".\n\n 유명한 유행가의 노래 가사처럼, 청년들에게 결혼은 이제 필수가 아닌 하나의 선택 사항입니다. 연애, 결혼, 출산을 포기한다는 의미의 '3포세대'라는 말이 나오기 무섭게 5포 세대, N포세대까지 등장할 정도로 취업난, 치솟는 부동산 가격 등 여러 사회·경제적 요인들로 청년층을 위축시켰습니다.\n\n 모두가 이러한 이유로 '결혼을 포기'하는 것만은 아닙니다. 개인의 행복을 위해 '비혼을 선택'하는 청년들도 늘고 있습니다. 이처럼 최근 전통적인 가치관에서 벗어나 연애와 동거는 하면서 결혼이라는 제도에 묶여 관계에서 파생되는 책임을 벗어나 자유로운 삶을 추구하는 비혼주의자가 늘고 있습니다.\n\n 다만, 개인의 자유로운 선택에 따라 비혼주의를 하지만 주변에서는 아직 고운 시선으로 바라보지 않는 사람도 많습니다. 결혼이라는 제도에 대해서 선택이 아닌 필수라고 생각하는 사람들도 많지요. 개개인이 모여 사회가 형성되기 때문에 사회의 가장 작은 단위인 가족을 이루는 것도 사회 구성원으로서의 큰 역할이라고 생각하는 사람들도 있습니다.\n\n 여러분은 결혼을 꼭 해야 한다고 생각하시나요? 아니면 결혼은 선택의 문제라고 생각하시나요? 비혼주의에 대해 찬성하는 입장 반대를 선택하여 자신의 의견을 작성해주세요. 그리고 그렇게 생각한 이유에 대해서 작성해주세요.",
    "essay_type": "찬성반대",
    "essay_level": "2",
    "essay_len": 963,
    "essay_main_subject": "비혼주의자에 대한 본인의 의견"
  }
}