{
  "paragraph": [
    {
      "paragraph_txt": "나는 비혼주의를 반대한다.#@문장구분# 세상은 많은 사람들이 있고 그들과 어울려 살아야한다.#@문장구분# 어떨때는 나와 의견이 같은 사람도 있고 어떨때는 나와는 상반된 의견을 가지고 있어 나를 미워하거나 싫어하는 사람도 있을 것이다.#@문장구분# 요즘에는 사건, 사고도 많이 발생한다. 세상이 점점 무서워지고 있다.#@문장구분# 뿐만아니라 코로나19라는 전염병때문에 더 무서운 세상이 되었다.#@문장구분# 나는 혼자 살아갈 자신이 없다.#@문장구분# 지금은 부모님이나 나의 형제자매들이 나를 지켜주고,도와주고 함께 살아가고 있지만 내가 결혼을 안하고 혼자나이들어 살때에는 부모님이나 형제자매들이 내곁에 없을 수도 있다.#@문장구분# 만약 코로나19가 걸렸는데 집안에 나혼자 있다가 실음실음 앓다가 죽을 수도 있을 것이다.#@문장구분# 뉴스에 독거노인들 기사가 많이 나온다. #@문장구분#독거노인은 날로 늘어간다고 한다. #@문장구분#그중 자식들이 있는 노인도 있겠지만 자식들이 없는 노인들이 더 많을 것이다.#@문장구분# 돌볼사람이 없다는 것이다.#@문장구분# 현대는 이웃간의 나눔도 없고 개인주의 성향때문에 더욱더 외로운 시대이다.#@문장구분# 너무외로워,외롭게 살다가 혼자떠나는 고독사가 많은 것이다.#@문장구분# 또한 건강의 문제로 돌연사하는 경우가 많지만 혼자계시니 멀리사는 가족들 조차 모를때가 많다. #@문장구분#고독사하는 노인이 많아지는 이유는 하나만 낳아 잘기르자 정책으로 외동자녀가 많아 졌고,개인주의 확산으로 사람들의 관심이 없어졌다.#@문장구분# 그래서 요양원,요양병원,실버타운등으로 가시는 경우도 있지만 또 돈이 없으면 그마저도 어렵다.#@문장구분# 이렇게 노인들은 점점 많아지는데 결혼을 하지않고 혼자살면 너무외롭고 두려울것같다.#@문장구분# 그래서 나는 결혼을 할것이다.#@문장구분# 나의 배우자와 아이들과 알콩달콩 서로 위해주면서 살고싶다.#@문장구분#",
      "paragraph_len": 1200,
      "paragraph_id": "001"
    }
  ],
  "score": {
    "paragraph_score": [
      {
        "paragraph_scoreT": [
          3,
          2.6,
          3
        ],
        "paragraph_scoreT_detail": {
          "paragraph_scoreT_exp": [
            [
              3,
              3,
              3
            ],
            [
              3,
              3,
              2
            ],
            [
              3,
              3,
              3
            ]
          ]
        },
        "paragraph_scoreT_avg": 2.8666668,
        "paragraph_id": "001"
      }
    ],
    "essay_scoreT": [
      26.4,
      25.199999,
      28.4
    ],
    "essay_scoreT_avg": 26.666666,
    "essay_scoreT_detail": {
      "essay_scoreT_org": [
        [
          3,
          0,
          3,
          3
        ],
        [
          3,
          0,
          3,
          3
        ],
        [
          3,
          0,
          3,
          3
        ]
      ],
      "essay_scoreT_cont": [
        [
          2,
          2,
          3,
          2
        ],
        [
          2,
          2,
          3,
          2
        ],
        [
          2,
          3,
          2,
          3
        ]
      ],
      "essay_scoreT_exp": [
        [
          3,
          3,
          3
        ],
        [
          3,
          3,
          2
        ],
        [
          3,
          3,
          3
        ]
      ]
    }
  },
  "student": {
    "date": "2021.12.22",
    "student_educated": true,
    "student_grade": "고등_1학년",
    "location": "031",
    "student_grade_group": "고등",
    "student_reading": 2
  },
  "rubric": {
    "essay_grade": "고등_1학년",
    "organization_weight": {
      "org_paragraph": 0,
      "org": 3,
      "org_essay": 6,
      "org_coherence": 3,
      "org_quantity": 1
    },
    "essay_type": "찬성반대",
    "content_weight": {
      "con_clearance": 3,
      "con_novelty": 3,
      "con": 4,
      "con_prompt": 1,
      "con_description": 3
    },
    "essay_main_subject": "비혼주의자에 대한 본인의 의견",
    "expression_weight": {
      "exp_style": 4,
      "exp_grammar": 2,
      "exp_vocab": 4,
      "exp": 3
    }
  },
  "correction": [],
  "info": {
    "essay_id": "ESSAY_72059",
    "essay_prompt": " \"\"연애는 필수, 결혼은 선택! 가슴이 뛰는 대로 가면 돼\"\".\n\n 유명한 유행가의 노래 가사처럼, 청년들에게 결혼은 이제 필수가 아닌 하나의 선택 사항입니다. 연애, 결혼, 출산을 포기한다는 의미의 '3포세대'라는 말이 나오기 무섭게 5포 세대, N포세대까지 등장할 정도로 취업난, 치솟는 부동산 가격 등 여러 사회·경제적 요인들로 청년층을 위축시켰습니다.\n\n 모두가 이러한 이유로 '결혼을 포기'하는 것만은 아닙니다. 개인의 행복을 위해 '비혼을 선택'하는 청년들도 늘고 있습니다. 이처럼 최근 전통적인 가치관에서 벗어나 연애와 동거는 하면서 결혼이라는 제도에 묶여 관계에서 파생되는 책임을 벗어나 자유로운 삶을 추구하는 비혼주의자가 늘고 있습니다.\n\n 다만, 개인의 자유로운 선택에 따라 비혼주의를 하지만 주변에서는 아직 고운 시선으로 바라보지 않는 사람도 많습니다. 결혼이라는 제도에 대해서 선택이 아닌 필수라고 생각하는 사람들도 많지요. 개개인이 모여 사회가 형성되기 때문에 사회의 가장 작은 단위인 가족을 이루는 것도 사회 구성원으로서의 큰 역할이라고 생각하는 사람들도 있습니다.\n\n 여러분은 결혼을 꼭 해야 한다고 생각하시나요? 아니면 결혼은 선택의 문제라고 생각하시나요? 비혼주의에 대해 찬성하는 입장 반대를 선택하여 자신의 의견을 작성해주세요. 그리고 그렇게 생각한 이유에 대해서 작성해주세요.",
    "essay_type": "찬성반대",
    "essay_level": "2",
    "essay_len": 800,
    "essay_main_subject": "비혼주의자에 대한 본인의 의견"
  }
}