{
  "paragraph": [
    {
      "paragraph_txt": "저는 결혼이라는 제도에 대하여 찬성하는 바입니다.#@문장구분# 결혼이라는 제도는 하나의 관계라고 볼수 있는데, 이러한 관계나 집단에 속하면 사람들을 더더욱 그 집단속에서 유대감을 느끼거나 하는 등으로 사이가 더 돈독해지는 등 더욱 가까운 관계가 형성되곤 하는데, 결혼 또한 그러하다고 생각하기 때문입니다.#@문장구분# 어른들은 경제 위기를 경험하면서 결혼 이후의 안정적인 삶에 대해 회의감을 느꼈다고 합니다.#@문장구분# 그래서 그들은 당장 결혼을 하기보다, 20대에 사회적으로 일궈낸 자신의 삶을 계속 살기로 마음먹었다고합니다.#@문장구분# '커리어 우먼' 담론이 시작된 것도 이즈음이었던거같아요.#@문장구분# 그때 그 시절 비혼 등장의 주요 원인은 우리가 알고 있는 적극적인 결혼 문화의 저항, 부정이라기보다 '커리어 우먼'으로서의 삶을 선택했다고 보는 편이 더 적절한것같아요.#@문장구분#적극적인 의미의 비혼 담론은 대체로 2000년대 초반 이후 시작되었는데, 1990년대 말 비혼을 다룬 연구들도 비혼의 등장을 부정적으로 저술하고 있지는 않으며 언론도 대부분 비혼 여성을 새롭게 등장한 소비 집단으로 바라보는 경향이 있었다고 합니다.#@문장구분# 여성들은 그 전 세대에 비해 비교적 남성과 동등하게 경쟁하며 자랐고, '고학력자'의 수가 증가한 것이 특징이었다고합니다.#@문장구분# 이 여성들이 신세대가 되고 결혼적령기에 접어들던 2020년대가 되자, 이들 세대에서 만혼과 비혼 현상이 나타났습니다.#@문장구분# 이런식으로 비혼은 생각보다 더 앞선 시대부터 이미 하나의 집단으로 보고 있는 시선들이 있었다고 합니다.#@문장구분# 우리가 비혼주의에 대해 찬성한다, 반대한다가 아닌 이미 우리 사회의 구성 집단들 중 하나로 자리매김한 것이라고 생각하면 좋을 것 같습니다.#@문장구분# 현재 시대에 비혼주의에 대해 부정적인 이야기를 하는 것은 아마도, 비혼주의의 수가 기혼주의의 수보다 많아지는 과도기를 걷고 있다고 생각합니다.#@문장구분# 어떤 식으로 흘러갈지 모르기 때문#@문장구분#에 일단 경계를 하는 형태를 말하는 것일겁니다.",
      "paragraph_len": 1195,
      "paragraph_id": "001"
    }
  ],
  "score": {
    "paragraph_score": [
      {
        "paragraph_scoreT": [
          3,
          3,
          2.2
        ],
        "paragraph_scoreT_detail": {
          "paragraph_scoreT_exp": [
            [
              3,
              3,
              3
            ],
            [
              3,
              3,
              3
            ],
            [
              3,
              2,
              2
            ]
          ]
        },
        "paragraph_scoreT_avg": 2.7333333,
        "paragraph_id": "001"
      }
    ],
    "essay_scoreT": [
      30,
      27,
      22.5
    ],
    "essay_scoreT_avg": 26.5,
    "essay_scoreT_detail": {
      "essay_scoreT_org": [
        [
          3,
          0,
          3,
          3
        ],
        [
          2,
          0,
          3,
          3
        ],
        [
          2,
          0,
          2,
          3
        ]
      ],
      "essay_scoreT_cont": [
        [
          3,
          3,
          3,
          3
        ],
        [
          3,
          2,
          3,
          3
        ],
        [
          2,
          2,
          3,
          3
        ]
      ],
      "essay_scoreT_exp": [
        [
          3,
          3,
          3
        ],
        [
          3,
          3,
          3
        ],
        [
          3,
          2,
          2
        ]
      ]
    }
  },
  "student": {
    "date": "2021.12.15",
    "student_educated": true,
    "student_grade": "고등_1학년",
    "location": "063",
    "student_grade_group": "고등",
    "student_reading": 2
  },
  "rubric": {
    "essay_grade": "고등_1학년",
    "organization_weight": {
      "org_paragraph": 0,
      "org": 3,
      "org_essay": 6,
      "org_coherence": 3,
      "org_quantity": 1
    },
    "essay_type": "찬성반대",
    "content_weight": {
      "con_clearance": 3,
      "con_novelty": 3,
      "con": 4,
      "con_prompt": 1,
      "con_description": 3
    },
    "essay_main_subject": "비혼주의자에 대한 본인의 의견",
    "expression_weight": {
      "exp_style": 4,
      "exp_grammar": 2,
      "exp_vocab": 4,
      "exp": 3
    }
  },
  "correction": [],
  "info": {
    "essay_id": "ESSAY_71386",
    "essay_prompt": " \"\"연애는 필수, 결혼은 선택! 가슴이 뛰는 대로 가면 돼\"\".\n\n 유명한 유행가의 노래 가사처럼, 청년들에게 결혼은 이제 필수가 아닌 하나의 선택 사항입니다. 연애, 결혼, 출산을 포기한다는 의미의 '3포세대'라는 말이 나오기 무섭게 5포 세대, N포세대까지 등장할 정도로 취업난, 치솟는 부동산 가격 등 여러 사회·경제적 요인들로 청년층을 위축시켰습니다.\n\n 모두가 이러한 이유로 '결혼을 포기'하는 것만은 아닙니다. 개인의 행복을 위해 '비혼을 선택'하는 청년들도 늘고 있습니다. 이처럼 최근 전통적인 가치관에서 벗어나 연애와 동거는 하면서 결혼이라는 제도에 묶여 관계에서 파생되는 책임을 벗어나 자유로운 삶을 추구하는 비혼주의자가 늘고 있습니다.\n\n 다만, 개인의 자유로운 선택에 따라 비혼주의를 하지만 주변에서는 아직 고운 시선으로 바라보지 않는 사람도 많습니다. 결혼이라는 제도에 대해서 선택이 아닌 필수라고 생각하는 사람들도 많지요. 개개인이 모여 사회가 형성되기 때문에 사회의 가장 작은 단위인 가족을 이루는 것도 사회 구성원으로서의 큰 역할이라고 생각하는 사람들도 있습니다.\n\n 여러분은 결혼을 꼭 해야 한다고 생각하시나요? 아니면 결혼은 선택의 문제라고 생각하시나요? 비혼주의에 대해 찬성하는 입장 반대를 선택하여 자신의 의견을 작성해주세요. 그리고 그렇게 생각한 이유에 대해서 작성해주세요.",
    "essay_type": "찬성반대",
    "essay_level": "2",
    "essay_len": 935,
    "essay_main_subject": "비혼주의자에 대한 본인의 의견"
  }
}