{
  "paragraph": [
    {
      "paragraph_txt": "미혼은 결혼하지 않은 상태를 뜻하지만 비혼은 결혼을 할 의지가 없는 상태를 뜻한다.#@문장구분# 현재 많은 사람들이 비혼주의자가 되고 있으나 이는 불가피한 상황이다.#@문장구분# 일단 결혼을 하려면 대부분의 사람들의 생각은 집이 있어야 한다.#@문장구분# 이는 결혼을 하는 남녀에게 가장 중요한 문제이다.#@문장구분# 하지만 현재 부동산의 가격이 기하급수적으로 오르고 취업난으로 취업까지 잘 안되는 상황에서 내집마련이란 불가능하다.#@문장구분# 부동산 문제와 취업난을 해결하려면 정부가 해결방안을 찾아 검토하고 이를 추진해야 하는데 현 정부는 부동산 문제를 해결하지 못하였다.#@문장구분# 내 집을 구하지는 못했는데 집값은 계속 오르는 곳에서 결혼은 선택조차 할 수 없다. #@문장구분#다음 문제는 결혼 생활이다.#@문장구분# 여성들이 비혼을 하는 가장 큰 이유중 하나는 결혼생활의 불합리이다.#@문장구분# 우리나라의 결혼생활은 대부분 가부장제이다.#@문장구분# 남성은 돈을 벌고 여자는 가정생활을 해야한다는 편견과 같은 문화가 박혀있기 때문이다.#@문장구분# 당연히 이는 사라져야할 문화이며 남녀평등에 어긋난다.#@문장구분# 마지막으로 가장 큰 문제라고 생각되는 것은 남녀갈등이다. #@문장구분#2015년부터 여성평등이라는 탈을 쓴 여성우월주의단체들로 인해 시작된 문제는 현재 극에 달하고 있다.#@문장구분# 여성은 남성을 못믿고 남성은 여성을 못믿는데 이러한 상황에서 서로 믿고 해야하는 결혼은 불가능하다.#@문장구분# 결혼이라는 어려운 길보다 비혼이라는 쉬운 길이 있는데 그 누가 어려운 길로 가겠는가?#@문장구분# 그러므로 결혼문제가 해결되지 않는 한 비혼주의자는 점점 많아질 것이다.#@문장구분# 그렇다고 비혼주의에 반대하는 사람들을 폄하하거나 비난하는 것이 아니다.#@문장구분# 비혼주의에 반대하는 사람들도 다 자신의 생각이나 기준이 있기 때문에 반대하는 것일 것이다.#@문장구분# 하지만 나는 비혼주의에 찬성한다.#@문장구분#",
      "paragraph_len": 1233,
      "paragraph_id": "001"
    }
  ],
  "score": {
    "paragraph_score": [
      {
        "paragraph_scoreT": [
          2,
          3,
          2.6
        ],
        "paragraph_scoreT_detail": {
          "paragraph_scoreT_exp": [
            [
              2,
              2,
              2
            ],
            [
              3,
              3,
              3
            ],
            [
              3,
              2,
              3
            ]
          ]
        },
        "paragraph_scoreT_avg": 2.5333333,
        "paragraph_id": "001"
      }
    ],
    "essay_scoreT": [
      23.3,
      27,
      24.9
    ],
    "essay_scoreT_avg": 25.066666,
    "essay_scoreT_detail": {
      "essay_scoreT_org": [
        [
          2,
          0,
          3,
          2
        ],
        [
          2,
          0,
          3,
          3
        ],
        [
          2,
          0,
          2,
          3
        ]
      ],
      "essay_scoreT_cont": [
        [
          3,
          2,
          2,
          3
        ],
        [
          3,
          2,
          3,
          3
        ],
        [
          3,
          2,
          3,
          3
        ]
      ],
      "essay_scoreT_exp": [
        [
          2,
          2,
          2
        ],
        [
          3,
          3,
          3
        ],
        [
          3,
          2,
          3
        ]
      ]
    }
  },
  "student": {
    "date": "2021.11.19",
    "student_educated": true,
    "student_grade": "고등_1학년",
    "location": "054",
    "student_grade_group": "고등",
    "student_reading": 1
  },
  "rubric": {
    "essay_grade": "고등_1학년",
    "organization_weight": {
      "org_paragraph": 0,
      "org": 3,
      "org_essay": 6,
      "org_coherence": 3,
      "org_quantity": 1
    },
    "essay_type": "찬성반대",
    "content_weight": {
      "con_clearance": 3,
      "con_novelty": 3,
      "con": 4,
      "con_prompt": 1,
      "con_description": 3
    },
    "essay_main_subject": "비혼주의자에 대한 본인의 의견",
    "expression_weight": {
      "exp_style": 4,
      "exp_grammar": 2,
      "exp_vocab": 4,
      "exp": 3
    }
  },
  "correction": [],
  "info": {
    "essay_id": "ESSAY_47306",
    "essay_prompt": " \"\"연애는 필수, 결혼은 선택! 가슴이 뛰는 대로 가면 돼\"\".\n\n 유명한 유행가의 노래 가사처럼, 청년들에게 결혼은 이제 필수가 아닌 하나의 선택 사항입니다. 연애, 결혼, 출산을 포기한다는 의미의 '3포세대'라는 말이 나오기 무섭게 5포 세대, N포세대까지 등장할 정도로 취업난, 치솟는 부동산 가격 등 여러 사회·경제적 요인들로 청년층을 위축시켰습니다.\n\n 모두가 이러한 이유로 '결혼을 포기'하는 것만은 아닙니다. 개인의 행복을 위해 '비혼을 선택'하는 청년들도 늘고 있습니다. 이처럼 최근 전통적인 가치관에서 벗어나 연애와 동거는 하면서 결혼이라는 제도에 묶여 관계에서 파생되는 책임을 벗어나 자유로운 삶을 추구하는 비혼주의자가 늘고 있습니다.\n\n 다만, 개인의 자유로운 선택에 따라 비혼주의를 하지만 주변에서는 아직 고운 시선으로 바라보지 않는 사람도 많습니다. 결혼이라는 제도에 대해서 선택이 아닌 필수라고 생각하는 사람들도 많지요. 개개인이 모여 사회가 형성되기 때문에 사회의 가장 작은 단위인 가족을 이루는 것도 사회 구성원으로서의 큰 역할이라고 생각하는 사람들도 있습니다.\n\n 여러분은 결혼을 꼭 해야 한다고 생각하시나요? 아니면 결혼은 선택의 문제라고 생각하시나요? 비혼주의에 대해 찬성하는 입장 반대를 선택하여 자신의 의견을 작성해주세요. 그리고 그렇게 생각한 이유에 대해서 작성해주세요.",
    "essay_type": "찬성반대",
    "essay_level": "2",
    "essay_len": 833,
    "essay_main_subject": "비혼주의자에 대한 본인의 의견"
  }
}