{
  "paragraph": [
    {
      "paragraph_txt": "저는 비혼주의에 대해서 결혼을 꼭 하지 않아도 된다고 생각합니다.#@문장구분# 결혼을 필수고 의무라고 말하곤 하지만 필수고 의무가 될 권리는 없다고 생각합니다.#@문장구분# 그리고 결혼을 해야 행복하다는 말도 역시 동의할 수 없습니다.#@문장구분# 결혼을 하고 나서 막상 더 불행해지는 사람들이 많습니다.#@문장구분# 왜 그런걸까요?#@문장구분# 행복한 결혼생활이라고 하는 것은 정말 동화 속에서나 존재하는 걸까요? #@문장구분#그렇다면 왜 동화 속에서는 왜 그리 행복하게 그려지는 걸까요.#@문장구분# 그 이유는 바로 결혼의 시작만 그려지기 때문입니다.#@문장구분# 동화 속에서의 이야기의 끝은 언제나 항상 행복한 결혼입니다. #@문장구분#바로 축복 속에 신혼여행을 떠나는 그 모습이죠.#@문장구분# 그 순간에는 정말 모든 이들이 행복합니다. #@문장구분#하지만 결혼생활은 신혼집부터, 아니 신혼여행 속 비행기부터 시작이라고 합니다.#@문장구분# 그 과정에서 대화가 통하지 않아 깨지는 경우도 많다고 합니다. #@문장구분#저는 비혼주의는 아니지만 꼭 하니 않아도 된다는 생각을 가지고 있습니다.#@문장구분# 꼭 해야할까? 굳이 해야할까?라는 생각이 들기 때문이죠.#@문장구분# 결혼을 하지 않으면 외로울 거다.#@문장구분# 틀린 말은 아닙니다.#@문장구분# 하지만 결혼을 하면 외롭지 않을까요? 그것 역시도 아니라고 생각합니다.#@문장구분# 또 결혼이 아니어도 쉐어 하우스를 하든 동거를 하든 사람이 그렇게 외로우라는 법은 없기 때문입니다.#@문장구분# 그리고 행복할 줄만 알았던 결혼이 막상 해보니 현실적인 문제에 자꾸만 부딛히기도 하죠.#@문장구분# 결혼은 분명 인생을 결정지을 만한 중대한 결정이지만 개인의 선택권이 그다지 많지 않습니다.#@문장구분# 자유도 없고, 법적으로든 사회적으로든 제약이 많습니다.#@문장구분# 이렇게 장점도 많지만 단점이 많은 결혼을 필수라고 단정지을 수 없습니다.#@문장구분# 그러기에 저는 결혼은 자유이고 비혼주의자는 나쁜 게 아니기에 찬성입니다.#@문장구분#",
      "paragraph_len": 1318,
      "paragraph_id": "001"
    }
  ],
  "score": {
    "paragraph_score": [
      {
        "paragraph_scoreT": [
          3,
          3,
          2.8
        ],
        "paragraph_scoreT_detail": {
          "paragraph_scoreT_exp": [
            [
              3,
              3,
              3
            ],
            [
              3,
              3,
              3
            ],
            [
              2,
              3,
              3
            ]
          ]
        },
        "paragraph_scoreT_avg": 2.9333334,
        "paragraph_id": "001"
      }
    ],
    "essay_scoreT": [
      28.8,
      28.8,
      27.8
    ],
    "essay_scoreT_avg": 28.466665,
    "essay_scoreT_detail": {
      "essay_scoreT_org": [
        [
          3,
          0,
          3,
          3
        ],
        [
          3,
          0,
          3,
          3
        ],
        [
          3,
          0,
          3,
          3
        ]
      ],
      "essay_scoreT_cont": [
        [
          3,
          2,
          3,
          3
        ],
        [
          3,
          2,
          3,
          3
        ],
        [
          2,
          3,
          2,
          3
        ]
      ],
      "essay_scoreT_exp": [
        [
          3,
          3,
          3
        ],
        [
          3,
          3,
          3
        ],
        [
          2,
          3,
          3
        ]
      ]
    }
  },
  "student": {
    "date": "2021.12.20",
    "student_educated": true,
    "student_grade": "고등_1학년",
    "location": "063",
    "student_grade_group": "고등",
    "student_reading": 2
  },
  "rubric": {
    "essay_grade": "고등_1학년",
    "organization_weight": {
      "org_paragraph": 0,
      "org": 3,
      "org_essay": 6,
      "org_coherence": 3,
      "org_quantity": 1
    },
    "essay_type": "찬성반대",
    "content_weight": {
      "con_clearance": 3,
      "con_novelty": 3,
      "con": 4,
      "con_prompt": 1,
      "con_description": 3
    },
    "essay_main_subject": "비혼주의자에 대한 본인의 의견",
    "expression_weight": {
      "exp_style": 4,
      "exp_grammar": 2,
      "exp_vocab": 4,
      "exp": 3
    }
  },
  "correction": [],
  "info": {
    "essay_id": "ESSAY_76799",
    "essay_prompt": " \"\"연애는 필수, 결혼은 선택! 가슴이 뛰는 대로 가면 돼\"\".\n\n 유명한 유행가의 노래 가사처럼, 청년들에게 결혼은 이제 필수가 아닌 하나의 선택 사항입니다. 연애, 결혼, 출산을 포기한다는 의미의 '3포세대'라는 말이 나오기 무섭게 5포 세대, N포세대까지 등장할 정도로 취업난, 치솟는 부동산 가격 등 여러 사회·경제적 요인들로 청년층을 위축시켰습니다.\n\n 모두가 이러한 이유로 '결혼을 포기'하는 것만은 아닙니다. 개인의 행복을 위해 '비혼을 선택'하는 청년들도 늘고 있습니다. 이처럼 최근 전통적인 가치관에서 벗어나 연애와 동거는 하면서 결혼이라는 제도에 묶여 관계에서 파생되는 책임을 벗어나 자유로운 삶을 추구하는 비혼주의자가 늘고 있습니다.\n\n 다만, 개인의 자유로운 선택에 따라 비혼주의를 하지만 주변에서는 아직 고운 시선으로 바라보지 않는 사람도 많습니다. 결혼이라는 제도에 대해서 선택이 아닌 필수라고 생각하는 사람들도 많지요. 개개인이 모여 사회가 형성되기 때문에 사회의 가장 작은 단위인 가족을 이루는 것도 사회 구성원으로서의 큰 역할이라고 생각하는 사람들도 있습니다.\n\n 여러분은 결혼을 꼭 해야 한다고 생각하시나요? 아니면 결혼은 선택의 문제라고 생각하시나요? 비혼주의에 대해 찬성하는 입장 반대를 선택하여 자신의 의견을 작성해주세요. 그리고 그렇게 생각한 이유에 대해서 작성해주세요.",
    "essay_type": "찬성반대",
    "essay_level": "2",
    "essay_len": 838,
    "essay_main_subject": "비혼주의자에 대한 본인의 의견"
  }
}