{
  "paragraph": [
    {
      "paragraph_txt": "저는 결혼을 꼭 할 필요는 없다고 생각합니다.#@문장구분# 그러므로 저는 비혼주의에 찬성을 하는 입장입니다.#@문장구분# 저희 부모님은 가끔 부부싸움을 하실 때가 있습니다.#@문장구분# 자주 그런 것은 아니지만 간혹 이렇게 부모님께서 다투시고 나면 저희 어머니는 결혼을 하지 말고 혼자 살았어야 한다는 말씀을 하곤 하십니다.#@문장구분# 아버지와 다투시고 홧김에 한 말일수도 있지만 다르게 생각해보면 어머니가 만약 결혼을 하지 않고 혼자 사셨다면 지금과는 많이 다른 모습일 수도 있을거라 상상해 보았습니다.#@문장구분# 가정주부가 아닌 원하는 직장을 가지고 좀 더 주체적인 삶을 사는 중년의 품위있는 여성의 모습이 아닐까 생각했습니다.#@문장구분# 물론 부모님이 결혼을 하셨기 때문에 제가 이 세상에 태어날 수 있었고 지금의 어머니 모습도 충분히 아름답기 때문에 저는 지금의 어머니의 모습도 참 좋습니다. #@문장구분#하지만 어머니도 어머니의 꿈이 있었을 텐데 가족을 위해 그 꿈을 포기했을지도 모른다 생각하니 마음 한켠이 씁쓸했습니다.#@문장구분# 예전의 사회에서는 지금보다도 어머니의 역할을 강요받았고 가족에 대해 희생하고 배려하는 것이 최고의 덕목이라 여겨왔을 것입니다.#@문장구분# 자식의 입장에서는 참으로 감사한 일이지만 어머니의 인생을 돌이켜보면 본인의 능력과 꿈을 접어야만하고 희생해야만 했던 지난날이 마지 봉우리를 터트리지 못한채 시든 꽃송이 같아 마음이 아렸습니다.#@문장구분# 이렇듯 결혼과 출산에는 많은 희생이 따르는 것입니다.#@문장구분# 현대의 사회에서는 많은 것들이 변화되었지만 아직도 결혼을 앞둔 젊은 청년들에게 경제적인 부담과 출산과 양육과정의 어려움은 여전히 큰 사회적 문제로 자리잡고 있고 쉽게 해결될 기미가 보이지 않습니다.#@문장구분# 이러한 문제들은 제도적으로 개선되어야 할 우리의 숙제일 것입니다.#@문장구분#",
      "paragraph_len": 1092,
      "paragraph_id": "001"
    }
  ],
  "score": {
    "paragraph_score": [
      {
        "paragraph_scoreT": [
          3,
          2.4,
          2.8
        ],
        "paragraph_scoreT_detail": {
          "paragraph_scoreT_exp": [
            [
              3,
              3,
              3
            ],
            [
              2,
              3,
              2
            ],
            [
              2,
              3,
              3
            ]
          ]
        },
        "paragraph_scoreT_avg": 2.7333333,
        "paragraph_id": "001"
      }
    ],
    "essay_scoreT": [
      30,
      26.100002,
      28.2
    ],
    "essay_scoreT_avg": 28.1,
    "essay_scoreT_detail": {
      "essay_scoreT_org": [
        [
          3,
          0,
          3,
          3
        ],
        [
          3,
          0,
          2,
          3
        ],
        [
          3,
          0,
          3,
          3
        ]
      ],
      "essay_scoreT_cont": [
        [
          3,
          3,
          3,
          3
        ],
        [
          3,
          2,
          3,
          3
        ],
        [
          3,
          2,
          3,
          3
        ]
      ],
      "essay_scoreT_exp": [
        [
          3,
          3,
          3
        ],
        [
          2,
          3,
          2
        ],
        [
          2,
          3,
          3
        ]
      ]
    }
  },
  "student": {
    "date": "2021.12.13",
    "student_educated": true,
    "student_grade": "고등_1학년",
    "location": "063",
    "student_grade_group": "고등",
    "student_reading": 1
  },
  "rubric": {
    "essay_grade": "고등_1학년",
    "organization_weight": {
      "org_paragraph": 0,
      "org": 3,
      "org_essay": 6,
      "org_coherence": 3,
      "org_quantity": 1
    },
    "essay_type": "찬성반대",
    "content_weight": {
      "con_clearance": 3,
      "con_novelty": 3,
      "con": 4,
      "con_prompt": 1,
      "con_description": 3
    },
    "essay_main_subject": "비혼주의자에 대한 본인의 의견",
    "expression_weight": {
      "exp_style": 4,
      "exp_grammar": 2,
      "exp_vocab": 4,
      "exp": 3
    }
  },
  "correction": [],
  "info": {
    "essay_id": "ESSAY_71901",
    "essay_prompt": " \"\"연애는 필수, 결혼은 선택! 가슴이 뛰는 대로 가면 돼\"\".\n\n 유명한 유행가의 노래 가사처럼, 청년들에게 결혼은 이제 필수가 아닌 하나의 선택 사항입니다. 연애, 결혼, 출산을 포기한다는 의미의 '3포세대'라는 말이 나오기 무섭게 5포 세대, N포세대까지 등장할 정도로 취업난, 치솟는 부동산 가격 등 여러 사회·경제적 요인들로 청년층을 위축시켰습니다.\n\n 모두가 이러한 이유로 '결혼을 포기'하는 것만은 아닙니다. 개인의 행복을 위해 '비혼을 선택'하는 청년들도 늘고 있습니다. 이처럼 최근 전통적인 가치관에서 벗어나 연애와 동거는 하면서 결혼이라는 제도에 묶여 관계에서 파생되는 책임을 벗어나 자유로운 삶을 추구하는 비혼주의자가 늘고 있습니다.\n\n 다만, 개인의 자유로운 선택에 따라 비혼주의를 하지만 주변에서는 아직 고운 시선으로 바라보지 않는 사람도 많습니다. 결혼이라는 제도에 대해서 선택이 아닌 필수라고 생각하는 사람들도 많지요. 개개인이 모여 사회가 형성되기 때문에 사회의 가장 작은 단위인 가족을 이루는 것도 사회 구성원으로서의 큰 역할이라고 생각하는 사람들도 있습니다.\n\n 여러분은 결혼을 꼭 해야 한다고 생각하시나요? 아니면 결혼은 선택의 문제라고 생각하시나요? 비혼주의에 대해 찬성하는 입장 반대를 선택하여 자신의 의견을 작성해주세요. 그리고 그렇게 생각한 이유에 대해서 작성해주세요.",
    "essay_type": "찬성반대",
    "essay_level": "2",
    "essay_len": 832,
    "essay_main_subject": "비혼주의자에 대한 본인의 의견"
  }
}