{
  "paragraph": [
    {
      "paragraph_txt": "비혼 및 1인 가구의 증가는 보편적 결혼과 비혼자의 가족 동거라는 전통적인 가족 규범을 벗어난다는 점에서 종종 가치관의 변화와 관련되어 논의되지만 실제로 이를 검증하는 연구는 부족한 편이다.#@문장구분# 이 논문은 2008년과 2012년 통계청 사회조사 데이터를 이용하여 25~39세 청년층의 결혼 가치관은 혼인 및 거주형태에 따라 어떻게 다른지 밝히고자 하였으며 또한 결혼 가치관은 2008년과 2012년 사이에 어떠한 변화를 보이는지에 대해 그리고 그 정도와 방향은 혼인 및 거주형태에 따라 차이가 있는지 살펴보았다.#@문장구분# 혼인 및 거주형태는 비혼이며 1인 가구를 형성하는 경우(비혼-1인가구원), 비혼이며 가족과 같이 사는 경우(비혼-가족가구원), 그리고 기혼이며 가족과 같이 사는 경우(기혼-가족가구원)로 구분하였다.#@문장구분# 결혼 가치관은 결혼과 이혼에 대한 태도와 결혼 문화에 대한 태도(결혼 관계에서의 가족 우선성, 비혼 상태의 동거와 자녀 양육에 대한 동의 정도)로 측정하였다.#@문장구분# 분석 결과, 비혼-1인가구원은 비혼-가족가구원과 기혼-가족가구원에 비해 탈전통적인 결혼 가치관을 지니는 것으로 나타났다.#@문장구분# 즉 결혼에 대해 긍정적인 태도를 지닐 확률과 이혼에 대해 부정적인 태도를 지닐 확률이 모두 낮았으며, 결혼생활에서 당사자보다 가족을 우선시해야 한다는 의견에 대한 동의 정도가 낮았다.#@문장구분# 반면 남녀가 결혼하지 않고 함께 살거나 자녀를 가질 수 있다는 의견에 대해서는 높은 동의 정도를 보였다.#@문장구분#\n  \n이 변화의 크기는 전통적인 결혼 및 거주규범을 따르는 기혼-가족가구원에서 가장 크게 나타났다. #@문장구분#이러한 결과는 결혼 가치관의 탈전통화가 지속될 것으로 예상하게 한다.#@문장구분#",
      "paragraph_len": 994,
      "paragraph_id": "001"
    }
  ],
  "score": {
    "paragraph_score": [
      {
        "paragraph_scoreT": [
          3,
          3,
          2.4
        ],
        "paragraph_scoreT_detail": {
          "paragraph_scoreT_exp": [
            [
              3,
              3,
              3
            ],
            [
              3,
              3,
              3
            ],
            [
              2,
              3,
              2
            ]
          ]
        },
        "paragraph_scoreT_avg": 2.8,
        "paragraph_id": "001"
      }
    ],
    "essay_scoreT": [
      30,
      26.3,
      24.5
    ],
    "essay_scoreT_avg": 26.933334,
    "essay_scoreT_detail": {
      "essay_scoreT_org": [
        [
          3,
          0,
          3,
          3
        ],
        [
          2,
          0,
          3,
          2
        ],
        [
          3,
          0,
          2,
          3
        ]
      ],
      "essay_scoreT_cont": [
        [
          3,
          3,
          3,
          3
        ],
        [
          3,
          2,
          2,
          3
        ],
        [
          2,
          2,
          2,
          3
        ]
      ],
      "essay_scoreT_exp": [
        [
          3,
          3,
          3
        ],
        [
          3,
          3,
          3
        ],
        [
          2,
          3,
          2
        ]
      ]
    }
  },
  "student": {
    "date": "2021.12.13",
    "student_educated": true,
    "student_grade": "고등_1학년",
    "location": "063",
    "student_grade_group": "고등",
    "student_reading": 2
  },
  "rubric": {
    "essay_grade": "고등_1학년",
    "organization_weight": {
      "org_paragraph": 0,
      "org": 3,
      "org_essay": 6,
      "org_coherence": 3,
      "org_quantity": 1
    },
    "essay_type": "찬성반대",
    "content_weight": {
      "con_clearance": 3,
      "con_novelty": 3,
      "con": 4,
      "con_prompt": 1,
      "con_description": 3
    },
    "essay_main_subject": "비혼주의자에 대한 본인의 의견",
    "expression_weight": {
      "exp_style": 4,
      "exp_grammar": 2,
      "exp_vocab": 4,
      "exp": 3
    }
  },
  "correction": [],
  "info": {
    "essay_id": "ESSAY_62891",
    "essay_prompt": " \"\"연애는 필수, 결혼은 선택! 가슴이 뛰는 대로 가면 돼\"\".\n\n 유명한 유행가의 노래 가사처럼, 청년들에게 결혼은 이제 필수가 아닌 하나의 선택 사항입니다. 연애, 결혼, 출산을 포기한다는 의미의 '3포세대'라는 말이 나오기 무섭게 5포 세대, N포세대까지 등장할 정도로 취업난, 치솟는 부동산 가격 등 여러 사회·경제적 요인들로 청년층을 위축시켰습니다.\n\n 모두가 이러한 이유로 '결혼을 포기'하는 것만은 아닙니다. 개인의 행복을 위해 '비혼을 선택'하는 청년들도 늘고 있습니다. 이처럼 최근 전통적인 가치관에서 벗어나 연애와 동거는 하면서 결혼이라는 제도에 묶여 관계에서 파생되는 책임을 벗어나 자유로운 삶을 추구하는 비혼주의자가 늘고 있습니다.\n\n 다만, 개인의 자유로운 선택에 따라 비혼주의를 하지만 주변에서는 아직 고운 시선으로 바라보지 않는 사람도 많습니다. 결혼이라는 제도에 대해서 선택이 아닌 필수라고 생각하는 사람들도 많지요. 개개인이 모여 사회가 형성되기 때문에 사회의 가장 작은 단위인 가족을 이루는 것도 사회 구성원으로서의 큰 역할이라고 생각하는 사람들도 있습니다.\n\n 여러분은 결혼을 꼭 해야 한다고 생각하시나요? 아니면 결혼은 선택의 문제라고 생각하시나요? 비혼주의에 대해 찬성하는 입장 반대를 선택하여 자신의 의견을 작성해주세요. 그리고 그렇게 생각한 이유에 대해서 작성해주세요.",
    "essay_type": "찬성반대",
    "essay_level": "2",
    "essay_len": 809,
    "essay_main_subject": "비혼주의자에 대한 본인의 의견"
  }
}