{
  "paragraph": [
    {
      "paragraph_txt": "결혼을 하기 위해서는 예식, 거주지 마련, 양가 혼수 교환 등을 함으로써 많은 비용지출이 발생하는데, 과거의 급진적인 성장 이후 경기침체를 겪어 최대 실업률을 찍고 있는 요즘 상황에서 결혼을 위한 비용 지출은 엄청난 부담과 근심으로 다가온다.#@문장구분# 이러한 개인적인 측면과 사회적인 측면 안에서 여러 가지 요소들이 상호작용을 해서 비혼주의가 확산된다.#@문장구분# 이러한 배경을 고려할 때 나는 비혼주의에 찬성을 한다.#@문장구분# 가장 큰 이유로는 시대가 바뀜에 따라 생긴 사회의 변화가 사람들의 가치관에 영향을 주면서 생긴 자연스러운 현상이라고 생각한다.#@문장구분# 경제 침체로 인해 실업률이 증가하여 결혼에 대한 경제적인 부담이 점점 커지고 있고, 사회의 결혼에 대한 의견이 필수에서 본인의 의지로 바뀌는 추세이기 때문에 이러한 비혼주의는 확산될 수 있다고 생각된다.#@문장구분# 또한 앞서 말한 개인의 삶이 중시되는 세상에서 남과 나를 맞추어가고, 아이를 출산하여 자신의 인생을 육아에 헌신하는 것은 못마땅하다고 생각될 가능성이 충분히 존재한다.#@문장구분# 돈을 버는 것이 중요한 요즘 사회에서 결혼과 출산이라는 것으로 여러 불이익을 받는 것이 부당하다고 느끼는 요즘 여성들은 비혼주의적 가치관을 가질 수도 있겠다는 생각이 든다.#@문장구분# 또한 남성들도 결혼으로 인해 개인의 생활(취미, 친구 등)이 제한되고 안정적인 수익으로 가정을 유지해 나가야 한다는 압박이 생기는 것에 대한 부담으로 결혼을 꺼려하는 경우가 생길수도 있다고 생각한다.#@문장구분# 이러한 비혼주의에 대한 것은 난 자기자신의 가정환경이 영향을 준다고도 생각한다.#@문장구분# 지금의 부모들을 보면서 나는 이렇게 살지 말아야지 하는 것도 있다고봐서 난 결혼에 대해 비긍적적이다.#@문장구분#",
      "paragraph_len": 1013,
      "paragraph_id": "001"
    }
  ],
  "score": {
    "paragraph_score": [
      {
        "paragraph_scoreT": [
          3,
          2.6,
          3
        ],
        "paragraph_scoreT_detail": {
          "paragraph_scoreT_exp": [
            [
              3,
              3,
              3
            ],
            [
              3,
              3,
              2
            ],
            [
              3,
              3,
              3
            ]
          ]
        },
        "paragraph_scoreT_avg": 2.8666668,
        "paragraph_id": "001"
      }
    ],
    "essay_scoreT": [
      28.8,
      27.599998,
      30
    ],
    "essay_scoreT_avg": 28.799997,
    "essay_scoreT_detail": {
      "essay_scoreT_org": [
        [
          3,
          0,
          3,
          3
        ],
        [
          3,
          0,
          3,
          3
        ],
        [
          3,
          0,
          3,
          3
        ]
      ],
      "essay_scoreT_cont": [
        [
          3,
          2,
          3,
          3
        ],
        [
          3,
          2,
          3,
          3
        ],
        [
          3,
          3,
          3,
          3
        ]
      ],
      "essay_scoreT_exp": [
        [
          3,
          3,
          3
        ],
        [
          3,
          3,
          2
        ],
        [
          3,
          3,
          3
        ]
      ]
    }
  },
  "student": {
    "date": "2021.12.21",
    "student_educated": true,
    "student_grade": "고등_1학년",
    "location": "063",
    "student_grade_group": "고등",
    "student_reading": 3
  },
  "rubric": {
    "essay_grade": "고등_1학년",
    "organization_weight": {
      "org_paragraph": 0,
      "org": 3,
      "org_essay": 6,
      "org_coherence": 3,
      "org_quantity": 1
    },
    "essay_type": "찬성반대",
    "content_weight": {
      "con_clearance": 3,
      "con_novelty": 3,
      "con": 4,
      "con_prompt": 1,
      "con_description": 3
    },
    "essay_main_subject": "비혼주의자에 대한 본인의 의견",
    "expression_weight": {
      "exp_style": 4,
      "exp_grammar": 2,
      "exp_vocab": 4,
      "exp": 3
    }
  },
  "correction": [],
  "info": {
    "essay_id": "ESSAY_72080",
    "essay_prompt": " \"\"연애는 필수, 결혼은 선택! 가슴이 뛰는 대로 가면 돼\"\".\n\n 유명한 유행가의 노래 가사처럼, 청년들에게 결혼은 이제 필수가 아닌 하나의 선택 사항입니다. 연애, 결혼, 출산을 포기한다는 의미의 '3포세대'라는 말이 나오기 무섭게 5포 세대, N포세대까지 등장할 정도로 취업난, 치솟는 부동산 가격 등 여러 사회·경제적 요인들로 청년층을 위축시켰습니다.\n\n 모두가 이러한 이유로 '결혼을 포기'하는 것만은 아닙니다. 개인의 행복을 위해 '비혼을 선택'하는 청년들도 늘고 있습니다. 이처럼 최근 전통적인 가치관에서 벗어나 연애와 동거는 하면서 결혼이라는 제도에 묶여 관계에서 파생되는 책임을 벗어나 자유로운 삶을 추구하는 비혼주의자가 늘고 있습니다.\n\n 다만, 개인의 자유로운 선택에 따라 비혼주의를 하지만 주변에서는 아직 고운 시선으로 바라보지 않는 사람도 많습니다. 결혼이라는 제도에 대해서 선택이 아닌 필수라고 생각하는 사람들도 많지요. 개개인이 모여 사회가 형성되기 때문에 사회의 가장 작은 단위인 가족을 이루는 것도 사회 구성원으로서의 큰 역할이라고 생각하는 사람들도 있습니다.\n\n 여러분은 결혼을 꼭 해야 한다고 생각하시나요? 아니면 결혼은 선택의 문제라고 생각하시나요? 비혼주의에 대해 찬성하는 입장 반대를 선택하여 자신의 의견을 작성해주세요. 그리고 그렇게 생각한 이유에 대해서 작성해주세요.",
    "essay_type": "찬성반대",
    "essay_level": "2",
    "essay_len": 813,
    "essay_main_subject": "비혼주의자에 대한 본인의 의견"
  }
}