{
  "paragraph": [
    {
      "paragraph_txt": "나는 비혼주의에 찬성하는 쪽이다.#@문장구분# 주로 돈을 잘 버는 사람이 비혼주위를 선호한다고 한다.#@문장구분#사실 비혼주으로 사는 남녀가 경제적인 여유를 가지기는 어렵지 않다.#@문장구분# 결혼을해 아이를 낳지 않으니 아이 양육비, 사교육비 등으로 돈이 나갈 일이 없고, 이성을 만나지 않으니 데이트 비용을 쓸 일도 없고, 외식할 때도 한 사람 몫만 내면 되고 하다보면 그다지 돈 쓸 일이 없기 때문.#@문장구분# 규모의 경제논리가 나올 여지는 있지만, 기껏해야 샴푸 같은 소모품일부에 한정된다.#@문장구분# 식료품도 많이 사면 조금 싸긴 한데, 어차피 대부분 혼자 다 못 먹는다.#@문장구분# 단, 금전 감각이 없거나 돈 많이 나가는 취미를 가졌을 경우에는 예외다.#@문장구분# 이 때는 아는 사람이 적절히 말려주지 않으면 독신이든 비혼자든 집안 기둥뿌리 뽑을 때가 있다.#@문장구분# 물론 독신자는 최악의 경우의 수가 나와 낭비로 인해 파산을 하게 되더라도 가정이 있는 사람보다는 훨씬 부담이 적다.#@문장구분# 최소한 자기 피붙이들을 굶길 일은 없으니까.#@문장구분# 문제는 오랫동안 혼자 사는 경우 금전감각도 떨어지고 돈 많이 나가는 취미를 가지게 될 확률이 매우 높다는 점.#@문장구분# 가장 결정적인 이유는 사람이 일만 하고 사는 건 아니기 때문이다.#@문장구분# 그런데 최근 들어서는 이미 충분히 돈을 잘 벌지만 나의 생활을 가지고 싶어 독신이 되는 일보다는 소득이 정말 너무너무 적어젊은 남성들 사이에서는 젊은 여성들 사이에서 퍼진 레디컬 페미니즘 마인드때문에 결혼하지 않는다는 의견도 종종 보이곤 한다.#@문장구분# 레디컬 페미니즘 주류가 20대 여성인 만큼 지금 당장의 혼인에는 영향이 없을지 모르나, 앞으로의 혼인율에는 어느 정도의 영향력은 있을 것으로 보인다.#@문장구분# 또 결혼을 하면서도 딩크족이 생겨났다고 한다.#@문장구분# 결혼은 하지만 아이는 갖지 않는 육아에 대한 신체적 경제적 부담감을 없애려는 것 같다.#@문장구분#",
      "paragraph_len": 1191,
      "paragraph_id": "001"
    }
  ],
  "score": {
    "paragraph_score": [
      {
        "paragraph_scoreT": [
          3,
          3,
          2.8
        ],
        "paragraph_scoreT_detail": {
          "paragraph_scoreT_exp": [
            [
              3,
              3,
              3
            ],
            [
              3,
              3,
              3
            ],
            [
              2,
              3,
              3
            ]
          ]
        },
        "paragraph_scoreT_avg": 2.9333334,
        "paragraph_id": "001"
      }
    ],
    "essay_scoreT": [
      30,
      27.5,
      26.9
    ],
    "essay_scoreT_avg": 28.133333,
    "essay_scoreT_detail": {
      "essay_scoreT_org": [
        [
          3,
          0,
          3,
          3
        ],
        [
          3,
          0,
          2,
          3
        ],
        [
          3,
          0,
          2,
          3
        ]
      ],
      "essay_scoreT_cont": [
        [
          3,
          3,
          3,
          3
        ],
        [
          3,
          2,
          2,
          3
        ],
        [
          2,
          3,
          2,
          3
        ]
      ],
      "essay_scoreT_exp": [
        [
          3,
          3,
          3
        ],
        [
          3,
          3,
          3
        ],
        [
          2,
          3,
          3
        ]
      ]
    }
  },
  "student": {
    "date": "2021.12.21",
    "student_educated": true,
    "student_grade": "고등_1학년",
    "location": "031",
    "student_grade_group": "고등",
    "student_reading": 2
  },
  "rubric": {
    "essay_grade": "고등_1학년",
    "organization_weight": {
      "org_paragraph": 0,
      "org": 3,
      "org_essay": 6,
      "org_coherence": 3,
      "org_quantity": 1
    },
    "essay_type": "찬성반대",
    "content_weight": {
      "con_clearance": 3,
      "con_novelty": 3,
      "con": 4,
      "con_prompt": 1,
      "con_description": 3
    },
    "essay_main_subject": "비혼주의자에 대한 본인의 의견",
    "expression_weight": {
      "exp_style": 4,
      "exp_grammar": 2,
      "exp_vocab": 4,
      "exp": 3
    }
  },
  "correction": [],
  "info": {
    "essay_id": "ESSAY_71333",
    "essay_prompt": " \"\"연애는 필수, 결혼은 선택! 가슴이 뛰는 대로 가면 돼\"\".\n\n 유명한 유행가의 노래 가사처럼, 청년들에게 결혼은 이제 필수가 아닌 하나의 선택 사항입니다. 연애, 결혼, 출산을 포기한다는 의미의 '3포세대'라는 말이 나오기 무섭게 5포 세대, N포세대까지 등장할 정도로 취업난, 치솟는 부동산 가격 등 여러 사회·경제적 요인들로 청년층을 위축시켰습니다.\n\n 모두가 이러한 이유로 '결혼을 포기'하는 것만은 아닙니다. 개인의 행복을 위해 '비혼을 선택'하는 청년들도 늘고 있습니다. 이처럼 최근 전통적인 가치관에서 벗어나 연애와 동거는 하면서 결혼이라는 제도에 묶여 관계에서 파생되는 책임을 벗어나 자유로운 삶을 추구하는 비혼주의자가 늘고 있습니다.\n\n 다만, 개인의 자유로운 선택에 따라 비혼주의를 하지만 주변에서는 아직 고운 시선으로 바라보지 않는 사람도 많습니다. 결혼이라는 제도에 대해서 선택이 아닌 필수라고 생각하는 사람들도 많지요. 개개인이 모여 사회가 형성되기 때문에 사회의 가장 작은 단위인 가족을 이루는 것도 사회 구성원으로서의 큰 역할이라고 생각하는 사람들도 있습니다.\n\n 여러분은 결혼을 꼭 해야 한다고 생각하시나요? 아니면 결혼은 선택의 문제라고 생각하시나요? 비혼주의에 대해 찬성하는 입장 반대를 선택하여 자신의 의견을 작성해주세요. 그리고 그렇게 생각한 이유에 대해서 작성해주세요.",
    "essay_type": "찬성반대",
    "essay_level": "2",
    "essay_len": 872,
    "essay_main_subject": "비혼주의자에 대한 본인의 의견"
  }
}