{
  "paragraph": [
    {
      "paragraph_txt": "요즘 인터넷이나 SNS를 하다 보면 특정 성별을 무시하거나 성별로 편을 나누어 싸우는 모습을 종종 발견할 수 있다.#@문장구분# 처음에는 가벼운 핀잔을 주는 것에 불가했지만 날이 갈수록 도를 넘은 혐오 발언과 욕설들이 댓글 창에 도배되고는 한다.#@문장구분# 개인의 문제도 특정 성별의 문제로 확대해 과도한 비판을 한다.#@문장구분# 이런 무분별한 성별 간의 혐오는 개인을 넘어 사회에도 문제를 줄 수 있다.#@문장구분# 별것 아닌 일에도 '그' 성별이라는 이유로 예민하게 받아들이는 이런 태도는 개인의 행복한 삶을 방해할 뿐만 아니라 사회 통합 또한 저해하고, 그렇기 때문에 우리는 이런 문제를 하루빨리 없애기 위해 노력해야 한다.#@문장구분# 그렇다면 이런 문제를 해결하기 위해서는 어떻게 해야 할까?#@문장구분#",
      "paragraph_len": 479,
      "paragraph_id": "001"
    },
    {
      "paragraph_txt": " 먼저 서로를 이해해야 한다.#@문장구분# 현대로 오면서 남녀차별이 많이 없어졌다고는 하지만 우리의 생활 곳곳에는 여전히 차별이 존재하고, 따라서 그로 인한 남녀 간의 생각의 차이는 있을 수 있다.#@문장구분# 자라온 환경, 평소에 듣는 말 등으로 인해 생각이 다른 사람을 무작정 비판하지 말고 조금의 다름은 이해하는 자세가 필요하다.#@문장구분# 그 사람이 왜 그런 생각을 가지게 되었는지, 왜 그런 말을 하게 되었는지를 먼저 이해하고 그런 행동이 잘못되었음을 친절히 지적해 줘도 늦지 않다.#@문장구분# ",
      "paragraph_len": 336,
      "paragraph_id": "002"
    },
    {
      "paragraph_txt": " 둘째, '차이'와 '차별'은 다른 것임을 알아야 한다.#@문장구분# 결국 남녀 간의 혐오 발언도 남녀 차별로부터 기인한 것이다.#@문장구분# 더 이상 차별을 받지 않기 위해 자신들의 억울함을 토로하던 것이 상대 성별을 향한 비판으로까지 이어졌고, 그러다 보니 상대 성별도 역차별을 받지 않기 위해 또다시 욕설과 비하 발언을 하게 된 것이다.#@문장구분# 즉, 차별을 없애기 위해 남녀 간의 차별에 대한 말을 민감하게 받아들이기 시작한 것이다.#@문장구분# 그러나 남자와 여자를 구분 짓는 말을 모두 '차별'이라고 여겨서는 안 된다.#@문장구분# 생물학적으로 남자와 여자는 다르기 때문에 신체적 능력이나 행동 특성에는 무시할 수 없는 차이가 있고, 이를 고려하여 말을 하다 보면 '차별'처럼 느껴지는 경우도 있다.#@문장구분# 따라서 우리는 어떤 사람의 말이 남녀 간의 '차이'인지 '차별'인지를 잘 구별할 필요가 있다.#@문장구분#  ",
      "paragraph_len": 559,
      "paragraph_id": "003"
    },
    {
      "paragraph_txt": " 개인마다 또 성별마다 이제까지 살아오면서 겪은 수많은 차별이 있을 것이고, 그래서 더이상은 차별받고 싶지 않아 하는 마음이 있을 것이다.#@문장구분# 그러나 이것을 다른 이들을 공격하며 이루는 것은 잘못된 것이고, 단기적으로는 평등해졌다고 느낄지 몰라도 장기적으로 봤을 때는 또 다른 차별을 낳을 뿐이다.#@문장구분# 모든 사람의 인권이 존중되고 차별 없는 평등한 사회를 만들기 위해서는 '혐오 발언' 과 '갈등' 같은 것이 아니라 서로를 이해하고 존중하는 방법으로 차별을 없애야 한다.#@문장구분#",
      "paragraph_len": 319,
      "paragraph_id": "004"
    }
  ],
  "score": {
    "paragraph_score": [
      {
        "paragraph_scoreT": [
          3,
          3,
          2.2
        ],
        "paragraph_scoreT_detail": {
          "paragraph_scoreT_exp": [
            [
              3,
              3,
              3
            ],
            [
              3,
              3,
              3
            ],
            [
              3,
              2,
              2
            ]
          ]
        },
        "paragraph_scoreT_avg": 2.7333333,
        "paragraph_id": "001"
      },
      {
        "paragraph_scoreT": [
          3,
          3,
          3
        ],
        "paragraph_scoreT_detail": {
          "paragraph_scoreT_exp": [
            [
              3,
              3,
              3
            ],
            [
              3,
              3,
              3
            ],
            [
              3,
              3,
              3
            ]
          ]
        },
        "paragraph_scoreT_avg": 3,
        "paragraph_id": "002"
      },
      {
        "paragraph_scoreT": [
          3,
          3,
          2.4
        ],
        "paragraph_scoreT_detail": {
          "paragraph_scoreT_exp": [
            [
              3,
              3,
              3
            ],
            [
              3,
              3,
              3
            ],
            [
              2,
              3,
              2
            ]
          ]
        },
        "paragraph_scoreT_avg": 2.8,
        "paragraph_id": "003"
      },
      {
        "paragraph_scoreT": [
          3,
          3,
          2
        ],
        "paragraph_scoreT_detail": {
          "paragraph_scoreT_exp": [
            [
              3,
              3,
              3
            ],
            [
              3,
              3,
              3
            ],
            [
              2,
              2,
              2
            ]
          ]
        },
        "paragraph_scoreT_avg": 2.6666667,
        "paragraph_id": "004"
      }
    ],
    "essay_scoreT": [
      24.099998,
      22.8,
      25.400002
    ],
    "essay_scoreT_avg": 24.1,
    "essay_scoreT_detail": {
      "essay_scoreT_org": [
        [
          2,
          0,
          2,
          3
        ],
        [
          3,
          0,
          3,
          3
        ],
        [
          2,
          0,
          3,
          3
        ]
      ],
      "essay_scoreT_cont": [
        [
          2,
          2,
          1,
          3
        ],
        [
          0,
          2,
          0,
          2
        ],
        [
          3,
          2,
          2,
          2
        ]
      ],
      "essay_scoreT_exp": [
        [
          3,
          3,
          3
        ],
        [
          3,
          3,
          3
        ],
        [
          3,
          3,
          3
        ]
      ]
    }
  },
  "student": {
    "date": "2021.09.13",
    "student_educated": true,
    "student_grade": "고등_1학년",
    "location": "051",
    "student_grade_group": "고등",
    "student_reading": 1
  },
  "rubric": {
    "essay_grade": "고등_1학년",
    "organization_weight": {
      "org_paragraph": 0,
      "org": 3,
      "org_essay": 6,
      "org_coherence": 3,
      "org_quantity": 1
    },
    "essay_type": "찬성반대",
    "content_weight": {
      "con_clearance": 3,
      "con_novelty": 3,
      "con": 4,
      "con_prompt": 1,
      "con_description": 3
    },
    "essay_main_subject": "비혼주의자에 대한 본인의 의견",
    "expression_weight": {
      "exp_style": 4,
      "exp_grammar": 2,
      "exp_vocab": 4,
      "exp": 3
    }
  },
  "correction": [],
  "info": {
    "essay_id": "ESSAY_33780",
    "essay_prompt": " \"\"연애는 필수, 결혼은 선택! 가슴이 뛰는 대로 가면 돼\"\".\n\n 유명한 유행가의 노래 가사처럼, 청년들에게 결혼은 이제 필수가 아닌 하나의 선택 사항입니다. 연애, 결혼, 출산을 포기한다는 의미의 '3포세대'라는 말이 나오기 무섭게 5포 세대, N포세대까지 등장할 정도로 취업난, 치솟는 부동산 가격 등 여러 사회·경제적 요인들로 청년층을 위축시켰습니다.\n\n 모두가 이러한 이유로 '결혼을 포기'하는 것만은 아닙니다. 개인의 행복을 위해 '비혼을 선택'하는 청년들도 늘고 있습니다. 이처럼 최근 전통적인 가치관에서 벗어나 연애와 동거는 하면서 결혼이라는 제도에 묶여 관계에서 파생되는 책임을 벗어나 자유로운 삶을 추구하는 비혼주의자가 늘고 있습니다.\n\n 다만, 개인의 자유로운 선택에 따라 비혼주의를 하지만 주변에서는 아직 고운 시선으로 바라보지 않는 사람도 많습니다. 결혼이라는 제도에 대해서 선택이 아닌 필수라고 생각하는 사람들도 많지요. 개개인이 모여 사회가 형성되기 때문에 사회의 가장 작은 단위인 가족을 이루는 것도 사회 구성원으로서의 큰 역할이라고 생각하는 사람들도 있습니다.\n\n 여러분은 결혼을 꼭 해야 한다고 생각하시나요? 아니면 결혼은 선택의 문제라고 생각하시나요? 비혼주의에 대해 찬성하는 입장 반대를 선택하여 자신의 의견을 작성해주세요. 그리고 그렇게 생각한 이유에 대해서 작성해주세요.",
    "essay_type": "찬성반대",
    "essay_level": "2",
    "essay_len": 1302,
    "essay_main_subject": "비혼주의자에 대한 본인의 의견"
  }
}