{
  "paragraph": [
    {
      "paragraph_txt": "비혼주의는 사회적 제도로 결혼을 거부하는 정치적 의사표시 라고 생각합니다.#@문장구분# 그래서 결혼이라는 관습적 제도에서 벗어나고 사회적으로 결혼과 관련된 차별과 선입견에서 벗어나고자 하는 노력의 결과가 비혼주의라고 생각합니다.#@문장구분# 최근 가족의 형태가 많이 변화되어 1인 가정이 늘어남에 따라 가족제도또한 새로운 형태의 가족형태가 발생되고 있습니다.#@문장구분#  남성들은 결혼을 원하는 사람이 많이 있는 것 같습니다.#@문장구분# 반대로 여성은 결혼을 하지 않겠다는 비혼주의자가 늘어가고 있는 추세입니다.#@문장구분# 그래서 우리나라 남성들은 동남아시아의 여성들과 나이차이 문화차이가 있음에도 불구하고 결혼을 하고 그들의 후손을 남기려합니다.#@문장구분# 이런 현상으로 다문화 가정이 많이 발생하고 다문화가정에서 부모의 역할이 제대로 이루어지지 않음으로써 학교내에 다문화가정과 일반가정의 기초학력등의 차이가 발생하며 사회적으로 많은 문제가 발생하고 있습니다.#@문장구분# 여성들의 경우 결혼을 하지 않아도 약간의 경제력만 있다면 스스로 삶을 누리는 인생을 살수 있는 경우가 매우 많으며 정자기증등을 통해 비혼모가 되는 방법등을 이용하여 자신의 후손을 남기기도 합니다.#@문장구분# 이런 환경에서 여성들의 비혼은 더욱 늘어날 전망이고 남성들의 한국여성들의 이런 사상변화에 분노하고 혐오하며 많은 마찰이 나기도 합니다.#@문장구분#비혼주의 문제를 해결하기 위해서는 한국남성들의 인식과 결혼생활에 대한 자세의 변화가 절실히 필요합니다.#@문장구분# 그리고 사회적으로 여성의 권리와 지위를 보장해 준다면 여성들의 비혼주의적 사상이 없어질 것입니다.#@문장구분# 이런 사회현상은 모두 남성들이 만든 사회적 여성차별등이 발생시킨 것이라는 걸 알아야 할것입니다.#@문장구분#",
      "paragraph_len": 1036,
      "paragraph_id": "001"
    }
  ],
  "score": {
    "paragraph_score": [
      {
        "paragraph_scoreT": [
          3,
          3,
          2.4
        ],
        "paragraph_scoreT_detail": {
          "paragraph_scoreT_exp": [
            [
              3,
              3,
              3
            ],
            [
              3,
              3,
              3
            ],
            [
              2,
              3,
              2
            ]
          ]
        },
        "paragraph_scoreT_avg": 2.8,
        "paragraph_id": "001"
      }
    ],
    "essay_scoreT": [
      30,
      26.7,
      24.5
    ],
    "essay_scoreT_avg": 27.066666,
    "essay_scoreT_detail": {
      "essay_scoreT_org": [
        [
          3,
          0,
          3,
          3
        ],
        [
          2,
          0,
          3,
          2
        ],
        [
          3,
          0,
          2,
          3
        ]
      ],
      "essay_scoreT_cont": [
        [
          3,
          3,
          3,
          3
        ],
        [
          3,
          2,
          3,
          3
        ],
        [
          2,
          2,
          2,
          3
        ]
      ],
      "essay_scoreT_exp": [
        [
          3,
          3,
          3
        ],
        [
          3,
          3,
          3
        ],
        [
          2,
          3,
          2
        ]
      ]
    }
  },
  "student": {
    "date": "2021.12.19",
    "student_educated": true,
    "student_grade": "고등_1학년",
    "location": "063",
    "student_grade_group": "고등",
    "student_reading": 1
  },
  "rubric": {
    "essay_grade": "고등_1학년",
    "organization_weight": {
      "org_paragraph": 0,
      "org": 3,
      "org_essay": 6,
      "org_coherence": 3,
      "org_quantity": 1
    },
    "essay_type": "찬성반대",
    "content_weight": {
      "con_clearance": 3,
      "con_novelty": 3,
      "con": 4,
      "con_prompt": 1,
      "con_description": 3
    },
    "essay_main_subject": "비혼주의자에 대한 본인의 의견",
    "expression_weight": {
      "exp_style": 4,
      "exp_grammar": 2,
      "exp_vocab": 4,
      "exp": 3
    }
  },
  "correction": [],
  "info": {
    "essay_id": "ESSAY_71352",
    "essay_prompt": " \"\"연애는 필수, 결혼은 선택! 가슴이 뛰는 대로 가면 돼\"\".\n\n 유명한 유행가의 노래 가사처럼, 청년들에게 결혼은 이제 필수가 아닌 하나의 선택 사항입니다. 연애, 결혼, 출산을 포기한다는 의미의 '3포세대'라는 말이 나오기 무섭게 5포 세대, N포세대까지 등장할 정도로 취업난, 치솟는 부동산 가격 등 여러 사회·경제적 요인들로 청년층을 위축시켰습니다.\n\n 모두가 이러한 이유로 '결혼을 포기'하는 것만은 아닙니다. 개인의 행복을 위해 '비혼을 선택'하는 청년들도 늘고 있습니다. 이처럼 최근 전통적인 가치관에서 벗어나 연애와 동거는 하면서 결혼이라는 제도에 묶여 관계에서 파생되는 책임을 벗어나 자유로운 삶을 추구하는 비혼주의자가 늘고 있습니다.\n\n 다만, 개인의 자유로운 선택에 따라 비혼주의를 하지만 주변에서는 아직 고운 시선으로 바라보지 않는 사람도 많습니다. 결혼이라는 제도에 대해서 선택이 아닌 필수라고 생각하는 사람들도 많지요. 개개인이 모여 사회가 형성되기 때문에 사회의 가장 작은 단위인 가족을 이루는 것도 사회 구성원으로서의 큰 역할이라고 생각하는 사람들도 있습니다.\n\n 여러분은 결혼을 꼭 해야 한다고 생각하시나요? 아니면 결혼은 선택의 문제라고 생각하시나요? 비혼주의에 대해 찬성하는 입장 반대를 선택하여 자신의 의견을 작성해주세요. 그리고 그렇게 생각한 이유에 대해서 작성해주세요.",
    "essay_type": "찬성반대",
    "essay_level": "2",
    "essay_len": 797,
    "essay_main_subject": "비혼주의자에 대한 본인의 의견"
  }
}