{
  "paragraph": [
    {
      "paragraph_txt": "우리나라는 출산율이 낮은 나라이기 때문이다. #@문장구분#우리나라 출산율이 0.92 명(2019년, 출처: 세계은행)으로 아시아 전체 국가 중 52위로 가장 낮으며, 1위인 아프가니스탄이 4.47로 무려 3.55이나 차이가 나며, 전 세계에서는 198개국 중 198위로 전 세계 꼴찌일 정도이다.#@문장구분# 2006년 옥스퍼드 인구문제연구소의 데이비드 콜먼 교수가 세계에서 가장먼저 사라질 나라로 한국을 뽑을 정도로 출산율이 낮은 것을 알 수 있다.#@문장구분# 자녀하나를 낳고 키울 때 들어가는 돈이 3~4억이 든다.#@문장구분# 하지만 이 돈을 벌거나 구하기가 힘들기 때문에 확실하게 돈을 벌수 있고 아이를 키울 수 있는 환경과 직업을 구해야하기 때문에 결혼을 무리하게 해서 힘든 것보다 비혼주의자로 돈을 벌며 생활하는것도 편하다고 생각하기 때문이다. #@문장구분#결혼을 하녀 자녀낳고 오순도순 살아가기 위하여 들어가는 경제적인 부담감 너무 힘들 것이다.#@문장구분# 또 정신적인 스트레스도 만만치 않게 생길 것이다. #@문장구분#남들과는 비슷한 수준으로 자녀를키워야 내아이가 나중에 자라서 행복한 삶을 살아야야한다는 강박 관념에 시달릴 것이다.#@문장구분#그런 힘든인생을 살아갈바 에는 비혼주의자에 대해서 찬성한다.#@문장구분# 당장 결혼을 하게 되면 내가 살집 그리고 임신과 동시 출산을 하게 되면 아이를 양육하는데 들어가는 비용도 만만치 않기 때문이다.#@문장구분# 또 다른 이유로는 비싼 집값 이다.#@문장구분#  집이없다라는 이유만으로도 머리가 아프다.#@문장구분# 나는 어릴적부터 이사를많이 다녔다. #@문장구분#한 6번은 간 것 같다.#@문장구분#  엄마 아빠랑 짐싸고 학교 갔다오면 다른집가있고   처음에는  그것도 신났는데 중학교 들어가서는싫엇다.#@문장구분# 친구들과 해어지고 다른친구사귀고 그게 힘이들다.#@문장구분# 만약 나중에  내자녀에게도 이런 삶을 물려줘야 한다면 내자녀도 똑같은 생각을 하지않을까 #@문장구분#그럴바엔 결혼안하고 혼자사는게 좋다.#@문장구분#",
      "paragraph_len": 1237,
      "paragraph_id": "001"
    }
  ],
  "score": {
    "paragraph_score": [
      {
        "paragraph_scoreT": [
          3,
          2.8,
          2.2
        ],
        "paragraph_scoreT_detail": {
          "paragraph_scoreT_exp": [
            [
              3,
              3,
              3
            ],
            [
              2,
              3,
              3
            ],
            [
              3,
              2,
              2
            ]
          ]
        },
        "paragraph_scoreT_avg": 2.6666667,
        "paragraph_id": "001"
      }
    ],
    "essay_scoreT": [
      30,
      26.400002,
      23.900002
    ],
    "essay_scoreT_avg": 26.766668,
    "essay_scoreT_detail": {
      "essay_scoreT_org": [
        [
          3,
          0,
          3,
          3
        ],
        [
          2,
          0,
          3,
          3
        ],
        [
          3,
          0,
          2,
          3
        ]
      ],
      "essay_scoreT_cont": [
        [
          3,
          3,
          3,
          3
        ],
        [
          3,
          2,
          3,
          3
        ],
        [
          2,
          2,
          2,
          3
        ]
      ],
      "essay_scoreT_exp": [
        [
          3,
          3,
          3
        ],
        [
          2,
          3,
          3
        ],
        [
          3,
          2,
          2
        ]
      ]
    }
  },
  "student": {
    "date": "2021.12.15",
    "student_educated": true,
    "student_grade": "고등_1학년",
    "location": "063",
    "student_grade_group": "고등",
    "student_reading": 2
  },
  "rubric": {
    "essay_grade": "고등_1학년",
    "organization_weight": {
      "org_paragraph": 0,
      "org": 3,
      "org_essay": 6,
      "org_coherence": 3,
      "org_quantity": 1
    },
    "essay_type": "찬성반대",
    "content_weight": {
      "con_clearance": 3,
      "con_novelty": 3,
      "con": 4,
      "con_prompt": 1,
      "con_description": 3
    },
    "essay_main_subject": "비혼주의자에 대한 본인의 의견",
    "expression_weight": {
      "exp_style": 4,
      "exp_grammar": 2,
      "exp_vocab": 4,
      "exp": 3
    }
  },
  "correction": [],
  "info": {
    "essay_id": "ESSAY_71376",
    "essay_prompt": " \"\"연애는 필수, 결혼은 선택! 가슴이 뛰는 대로 가면 돼\"\".\n\n 유명한 유행가의 노래 가사처럼, 청년들에게 결혼은 이제 필수가 아닌 하나의 선택 사항입니다. 연애, 결혼, 출산을 포기한다는 의미의 '3포세대'라는 말이 나오기 무섭게 5포 세대, N포세대까지 등장할 정도로 취업난, 치솟는 부동산 가격 등 여러 사회·경제적 요인들로 청년층을 위축시켰습니다.\n\n 모두가 이러한 이유로 '결혼을 포기'하는 것만은 아닙니다. 개인의 행복을 위해 '비혼을 선택'하는 청년들도 늘고 있습니다. 이처럼 최근 전통적인 가치관에서 벗어나 연애와 동거는 하면서 결혼이라는 제도에 묶여 관계에서 파생되는 책임을 벗어나 자유로운 삶을 추구하는 비혼주의자가 늘고 있습니다.\n\n 다만, 개인의 자유로운 선택에 따라 비혼주의를 하지만 주변에서는 아직 고운 시선으로 바라보지 않는 사람도 많습니다. 결혼이라는 제도에 대해서 선택이 아닌 필수라고 생각하는 사람들도 많지요. 개개인이 모여 사회가 형성되기 때문에 사회의 가장 작은 단위인 가족을 이루는 것도 사회 구성원으로서의 큰 역할이라고 생각하는 사람들도 있습니다.\n\n 여러분은 결혼을 꼭 해야 한다고 생각하시나요? 아니면 결혼은 선택의 문제라고 생각하시나요? 비혼주의에 대해 찬성하는 입장 반대를 선택하여 자신의 의견을 작성해주세요. 그리고 그렇게 생각한 이유에 대해서 작성해주세요.",
    "essay_type": "찬성반대",
    "essay_level": "2",
    "essay_len": 878,
    "essay_main_subject": "비혼주의자에 대한 본인의 의견"
  }
}