{
  "paragraph": [
    {
      "paragraph_txt": "나는 비혼주의에 반대한다.#@문장구분#  일단 비혼주의의 근본적인 목적은 결혼의 책임에서 벗어나 자유로운 삶을 추구하는 것이다.#@문장구분# 이 목적만을 본다면 그저 개개인 마다 생각하고 추구하는 가치관이 다르니 충분히 이해할 수 있다고 본다.#@문장구분# 실제로 여러 연예인들이 자신이 비혼주의자이고 자유롭게 사는 것을 좋아한다고 말한다.#@문장구분# 하지만 요즘 우리나라 사회에서 흔히 자신이 비혼주의자라고 말하는 사람들은 여러 이유로 자신이 비혼주의자라고 말한다.#@문장구분# 자신의 능력이 부족하여 연얘, 결혼을 못해서 결혼을 안한다고 포장하며 자신은 비혼주의자라고 말하는 사람도 있고, 이혼후에 전에 겪은 경험으로 비혼주의자가 되거나, 연애는 하지만 결혼의 책임감을 버티지 못하거나 가벼운 연애만을 즐기는 사람 또한 자신이 비혼주의자라고 주장한다.#@문장구분# 나는 이런 경우들을 보고 물론 결혼의 책임감으로 자유로워지기 위해서 비혼주의자가 될 수 있겠지만 그저 자신의 상황을 합리화하고 연애를 해본적도 결혼에 대해 진지한 생각과 그런 일과 근접한 경험도 없이 그저 결혼을 했을 때 생긴 불편한 점들만을 듣고 자신의 상상으로만 느낀 결혼의 않좋은 점으로 비혼주의자가 되는 것은 전혀 설득력이 없다고 생각한다.#@문장구분#그리고  결혼을 해보기도 전에 자신은 비혼주의자이다 라고 못을 박아버린다면 살면서 결혼을 하고싶다는 생각이 들어도 자신은 자신이 비혼주의자라는 사실로 모순되는 신념으로 인해 결국 자신을 옥죄는 신념이 될 뿐이다.#@문장구분# 나는 굳이 자신을 비혼주의자로 확정짓는 것보다는 자신만의 상황, 그때마다의 상황을 고려하여 결혼을 생각해보는 것이 가장 효율적이라고 생각한다.#@문장구분#  한편으로는 취업포털 인크쿠트가 성인 849명울 대상으로 조사한 바에 따르면 비혼이유의 1위는 출산과 경제 때문이라고 하는데 계속해서 청년들의 경제문제가 힘들어지며 비혼에 비율이 높아지는 것을 보며 비혼주의는 결국 앞으로 다음세대들이 살기 힘들어지기 때문에 일어나는 것 같아서 걱정이 든다.#@문장구분#",
      "paragraph_len": 1144,
      "paragraph_id": "001"
    }
  ],
  "score": {
    "paragraph_score": [
      {
        "paragraph_scoreT": [
          2.8,
          3,
          2.6
        ],
        "paragraph_scoreT_detail": {
          "paragraph_scoreT_exp": [
            [
              2,
              3,
              3
            ],
            [
              3,
              3,
              3
            ],
            [
              3,
              2,
              3
            ]
          ]
        },
        "paragraph_scoreT_avg": 2.8,
        "paragraph_id": "001"
      }
    ],
    "essay_scoreT": [
      26.099998,
      30,
      28.8
    ],
    "essay_scoreT_avg": 28.299997,
    "essay_scoreT_detail": {
      "essay_scoreT_org": [
        [
          2,
          0,
          3,
          2
        ],
        [
          3,
          0,
          3,
          3
        ],
        [
          3,
          0,
          3,
          3
        ]
      ],
      "essay_scoreT_cont": [
        [
          3,
          2,
          3,
          3
        ],
        [
          3,
          3,
          3,
          3
        ],
        [
          3,
          3,
          3,
          3
        ]
      ],
      "essay_scoreT_exp": [
        [
          2,
          3,
          3
        ],
        [
          3,
          3,
          3
        ],
        [
          3,
          2,
          3
        ]
      ]
    }
  },
  "student": {
    "date": "2021.10.22",
    "student_educated": true,
    "student_grade": "고등_1학년",
    "location": "063",
    "student_grade_group": "고등",
    "student_reading": 1
  },
  "rubric": {
    "essay_grade": "고등_1학년",
    "organization_weight": {
      "org_paragraph": 0,
      "org": 3,
      "org_essay": 6,
      "org_coherence": 3,
      "org_quantity": 1
    },
    "essay_type": "찬성반대",
    "content_weight": {
      "con_clearance": 3,
      "con_novelty": 3,
      "con": 4,
      "con_prompt": 1,
      "con_description": 3
    },
    "essay_main_subject": "비혼주의자에 대한 본인의 의견",
    "expression_weight": {
      "exp_style": 4,
      "exp_grammar": 2,
      "exp_vocab": 4,
      "exp": 3
    }
  },
  "correction": [],
  "info": {
    "essay_id": "ESSAY_44864",
    "essay_prompt": " \"\"연애는 필수, 결혼은 선택! 가슴이 뛰는 대로 가면 돼\"\".\n\n 유명한 유행가의 노래 가사처럼, 청년들에게 결혼은 이제 필수가 아닌 하나의 선택 사항입니다. 연애, 결혼, 출산을 포기한다는 의미의 '3포세대'라는 말이 나오기 무섭게 5포 세대, N포세대까지 등장할 정도로 취업난, 치솟는 부동산 가격 등 여러 사회·경제적 요인들로 청년층을 위축시켰습니다.\n\n 모두가 이러한 이유로 '결혼을 포기'하는 것만은 아닙니다. 개인의 행복을 위해 '비혼을 선택'하는 청년들도 늘고 있습니다. 이처럼 최근 전통적인 가치관에서 벗어나 연애와 동거는 하면서 결혼이라는 제도에 묶여 관계에서 파생되는 책임을 벗어나 자유로운 삶을 추구하는 비혼주의자가 늘고 있습니다.\n\n 다만, 개인의 자유로운 선택에 따라 비혼주의를 하지만 주변에서는 아직 고운 시선으로 바라보지 않는 사람도 많습니다. 결혼이라는 제도에 대해서 선택이 아닌 필수라고 생각하는 사람들도 많지요. 개개인이 모여 사회가 형성되기 때문에 사회의 가장 작은 단위인 가족을 이루는 것도 사회 구성원으로서의 큰 역할이라고 생각하는 사람들도 있습니다.\n\n 여러분은 결혼을 꼭 해야 한다고 생각하시나요? 아니면 결혼은 선택의 문제라고 생각하시나요? 비혼주의에 대해 찬성하는 입장 반대를 선택하여 자신의 의견을 작성해주세요. 그리고 그렇게 생각한 이유에 대해서 작성해주세요.",
    "essay_type": "찬성반대",
    "essay_level": "2",
    "essay_len": 945,
    "essay_main_subject": "비혼주의자에 대한 본인의 의견"
  }
}