{
  "paragraph": [
    {
      "paragraph_txt": "안녕하세요.#@문장구분# 저는 비혼주의에 대해 찬성하는 편입니다.#@문장구분# 비록 고등학생이라 아직 결혼과는 거리가 먼 나이이지만 결혼이라는 제도에 대해서 평소 생각이 많은 편입니다.#@문장구분# 남녀가 평균 30살에 만나 결혼을 한다면 100세 시대임을 감안한다면 약 70년을 함께 살아가야합니다.#@문장구분# 서로 다른 삶을 살아온 두 사람이 70년을 함께 사는건 정말 어려운 일이라고 생각합니다.#@문장구분# 의견의 차이도 있을 것이고 식성의 차이도 있을 것이며 경제적 가치관도 다르며 2세 계획도 다를 것입니다.#@문장구분# 이러한 차이를 맞춰가는게 사랑이라고들 하고 안 맞더라도 이혼이 흠은 아니지만 굳이 경험해야할 필요는 없다고 생각합니다.#@문장구분# 아무리 그 사람을 잘 안다고 생각해도 같이 사는것과는 많이 다를거라고 생각합니다.#@문장구분# 그리고 결혼하는데 돈이 많이 들어가는데 일생에 한 번 있을까 말까한 행사를 대충할바엔 안 하는게 낫고 그렇다고 화려하게 하자니 그 돈을 모으는 것도 어린 나이에 부담이라고 생각이듭니다.#@문장구분# 그래서 저는 결혼생활보다는 동거생활을 충분히 해보고 해도 늦지 않다고 생각하고 서로 믿음이 있다면 동거만 하며 지내도 괜찮다는 입장입니다.#@문장구분# 과연 결혼이라는 제도에 얽매여서 결혼을 서두르거나 꼭 결혼해야할 필요가 있을까요?#@문장구분# 고정관념이지만 어르신들께서 꼭 결혼을 해야한다며 강요하시고 재촉하시거나 비혼주의를 비판하시는 경우를 많이 보았습니다.#@문장구분# 물론 평생의 배우자가, 나의 가족이 있다면 좋겠지만 강요할만큼 가볍게 여길 행사는 아니라고 생각합니다.#@문장구분# 강요하는 분들이나 비혼주의자를 비판하는 사람들이 없기를 바랍니다.#@문장구분# 결혼하는 사람을 비판하는 사람이 없듯이 비혼주의를 선언하는 것도 비판받을 일이 전혀 아니라는 걸 알아주세요.#@문장구분# 이상 비혼주의를 찬성하는 입장이였습니다.#@문장구분#",
      "paragraph_len": 1162,
      "paragraph_id": "001"
    }
  ],
  "score": {
    "paragraph_score": [
      {
        "paragraph_scoreT": [
          3,
          3,
          2.6
        ],
        "paragraph_scoreT_detail": {
          "paragraph_scoreT_exp": [
            [
              3,
              3,
              3
            ],
            [
              3,
              3,
              3
            ],
            [
              3,
              2,
              3
            ]
          ]
        },
        "paragraph_scoreT_avg": 2.8666668,
        "paragraph_id": "001"
      }
    ],
    "essay_scoreT": [
      28.2,
      25.099998,
      27.599998
    ],
    "essay_scoreT_avg": 26.966665,
    "essay_scoreT_detail": {
      "essay_scoreT_org": [
        [
          2,
          0,
          3,
          3
        ],
        [
          2,
          0,
          3,
          2
        ],
        [
          3,
          0,
          3,
          3
        ]
      ],
      "essay_scoreT_cont": [
        [
          3,
          3,
          3,
          3
        ],
        [
          3,
          2,
          2,
          2
        ],
        [
          3,
          2,
          3,
          3
        ]
      ],
      "essay_scoreT_exp": [
        [
          3,
          3,
          3
        ],
        [
          3,
          3,
          3
        ],
        [
          3,
          2,
          3
        ]
      ]
    }
  },
  "student": {
    "date": "2021.12.03",
    "student_educated": true,
    "student_grade": "고등_1학년",
    "location": "063",
    "student_grade_group": "고등",
    "student_reading": 1
  },
  "rubric": {
    "essay_grade": "고등_1학년",
    "organization_weight": {
      "org_paragraph": 0,
      "org": 3,
      "org_essay": 6,
      "org_coherence": 3,
      "org_quantity": 1
    },
    "essay_type": "찬성반대",
    "content_weight": {
      "con_clearance": 3,
      "con_novelty": 3,
      "con": 4,
      "con_prompt": 1,
      "con_description": 3
    },
    "essay_main_subject": "비혼주의자에 대한 본인의 의견",
    "expression_weight": {
      "exp_style": 4,
      "exp_grammar": 2,
      "exp_vocab": 4,
      "exp": 3
    }
  },
  "correction": [],
  "info": {
    "essay_id": "ESSAY_54734",
    "essay_prompt": " \"\"연애는 필수, 결혼은 선택! 가슴이 뛰는 대로 가면 돼\"\".\n\n 유명한 유행가의 노래 가사처럼, 청년들에게 결혼은 이제 필수가 아닌 하나의 선택 사항입니다. 연애, 결혼, 출산을 포기한다는 의미의 '3포세대'라는 말이 나오기 무섭게 5포 세대, N포세대까지 등장할 정도로 취업난, 치솟는 부동산 가격 등 여러 사회·경제적 요인들로 청년층을 위축시켰습니다.\n\n 모두가 이러한 이유로 '결혼을 포기'하는 것만은 아닙니다. 개인의 행복을 위해 '비혼을 선택'하는 청년들도 늘고 있습니다. 이처럼 최근 전통적인 가치관에서 벗어나 연애와 동거는 하면서 결혼이라는 제도에 묶여 관계에서 파생되는 책임을 벗어나 자유로운 삶을 추구하는 비혼주의자가 늘고 있습니다.\n\n 다만, 개인의 자유로운 선택에 따라 비혼주의를 하지만 주변에서는 아직 고운 시선으로 바라보지 않는 사람도 많습니다. 결혼이라는 제도에 대해서 선택이 아닌 필수라고 생각하는 사람들도 많지요. 개개인이 모여 사회가 형성되기 때문에 사회의 가장 작은 단위인 가족을 이루는 것도 사회 구성원으로서의 큰 역할이라고 생각하는 사람들도 있습니다.\n\n 여러분은 결혼을 꼭 해야 한다고 생각하시나요? 아니면 결혼은 선택의 문제라고 생각하시나요? 비혼주의에 대해 찬성하는 입장 반대를 선택하여 자신의 의견을 작성해주세요. 그리고 그렇게 생각한 이유에 대해서 작성해주세요.",
    "essay_type": "찬성반대",
    "essay_level": "2",
    "essay_len": 843,
    "essay_main_subject": "비혼주의자에 대한 본인의 의견"
  }
}