{
  "paragraph": [
    {
      "paragraph_txt": "나는 비혼주의자를 긍정적으로 생각하는 사람들도 많지만 내 입장은 부정적이다.#@문장구분# 왜냐하면 먼저 정말 사랑하는 사람이 생겨서 내 한 평생을 함께하고 싶은 동반자가 나타났는데 그걸 어떻게 결혼을 안하는가 싶다.#@문장구분# 요즘 결혼하는 나이가 늦어져서 평균 30대에 결혼을 하면 30살은 나 혼자 잘 살았으니 남은 생은 내가 사랑하는 사람과 행복하게 살면서 나 닮고 내 배우자 닮은 아이 낳고 행복하게 살수있는걸 아이가 커가면서 주는 기쁨은 양육비나 사교육비 등등 아이에게 들어가는 돈에 비례되지 않는다고 했다.#@문장구분# 아이가 사랑스럽게 자라가면서 더욱 더 잘해주고 싶어서 열심히 일하게 되고 맛있는거 먹이고 싶어서 좀 더 힘내서 살수있는 그런 원동력을 만들어주는게 아기이고 자식인데 어떻게 아이를 낳지 않고 살수있을까.#@문장구분# 아이들을 낳으면 더 좋은 세상에서 살게 해주고 싶어서 사회 돌아가는 상황을 더 알려고 하고 관심을 갖게 되어 사회경제가 더욱 더 잘 돌아갈수도 있고 결혼을 하면서 힘든 점도 물론 많겠지만 지금까지 다르게 살아왔던 서로가 서로를 인정해주고 존중해주면서 한걸음씩 뒤로 물러나주면 웃으면서 해결할수도 있는 충분한 이야긴데 왜 일어나지도 않은 일을 벌써부터 걱정하고 비혼주의자로 돌아서는건지 안타까울뿐이다.#@문장구분# 커가면서 생각이 바뀔순 있지만 난 꼭 결혼을 해서 내 부모님처럼 행복하고 단란한 가정을 꾸려서 내 가정에 정착해서 안정적이게 살아가고 싶고 아이를 낳음으로서 혜택을 받을수있는 것들도 받고 출산율을 자연스럽게 높이고 아이들을 위해서 사회발전과 자연파괴등에 더욱 신경쓰면서 우리 아이들이 나중에 커서도 행복하게 살아갈수있도록 만들어주고 싶어서 관심이 갈거같다.#@문장구분# 그러면서 사회가 돌아간다고 생각한다.#@문장구분#",
      "paragraph_len": 974,
      "paragraph_id": "001"
    }
  ],
  "score": {
    "paragraph_score": [
      {
        "paragraph_scoreT": [
          3,
          3,
          2
        ],
        "paragraph_scoreT_detail": {
          "paragraph_scoreT_exp": [
            [
              3,
              3,
              3
            ],
            [
              3,
              3,
              3
            ],
            [
              2,
              2,
              2
            ]
          ]
        },
        "paragraph_scoreT_avg": 2.6666667,
        "paragraph_id": "001"
      }
    ],
    "essay_scoreT": [
      29.7,
      27,
      22.800001
    ],
    "essay_scoreT_avg": 26.5,
    "essay_scoreT_detail": {
      "essay_scoreT_org": [
        [
          3,
          0,
          3,
          2
        ],
        [
          2,
          0,
          3,
          3
        ],
        [
          2,
          0,
          3,
          3
        ]
      ],
      "essay_scoreT_cont": [
        [
          3,
          3,
          3,
          3
        ],
        [
          3,
          2,
          3,
          3
        ],
        [
          3,
          2,
          3,
          2
        ]
      ],
      "essay_scoreT_exp": [
        [
          3,
          3,
          3
        ],
        [
          3,
          3,
          3
        ],
        [
          2,
          2,
          2
        ]
      ]
    }
  },
  "student": {
    "date": "2021.12.22",
    "student_educated": true,
    "student_grade": "고등_1학년",
    "location": "063",
    "student_grade_group": "고등",
    "student_reading": 2
  },
  "rubric": {
    "essay_grade": "고등_1학년",
    "organization_weight": {
      "org_paragraph": 0,
      "org": 3,
      "org_essay": 6,
      "org_coherence": 3,
      "org_quantity": 1
    },
    "essay_type": "찬성반대",
    "content_weight": {
      "con_clearance": 3,
      "con_novelty": 3,
      "con": 4,
      "con_prompt": 1,
      "con_description": 3
    },
    "essay_main_subject": "비혼주의자에 대한 본인의 의견",
    "expression_weight": {
      "exp_style": 4,
      "exp_grammar": 2,
      "exp_vocab": 4,
      "exp": 3
    }
  },
  "correction": [],
  "info": {
    "essay_id": "ESSAY_72087",
    "essay_prompt": " \"\"연애는 필수, 결혼은 선택! 가슴이 뛰는 대로 가면 돼\"\".\n\n 유명한 유행가의 노래 가사처럼, 청년들에게 결혼은 이제 필수가 아닌 하나의 선택 사항입니다. 연애, 결혼, 출산을 포기한다는 의미의 '3포세대'라는 말이 나오기 무섭게 5포 세대, N포세대까지 등장할 정도로 취업난, 치솟는 부동산 가격 등 여러 사회·경제적 요인들로 청년층을 위축시켰습니다.\n\n 모두가 이러한 이유로 '결혼을 포기'하는 것만은 아닙니다. 개인의 행복을 위해 '비혼을 선택'하는 청년들도 늘고 있습니다. 이처럼 최근 전통적인 가치관에서 벗어나 연애와 동거는 하면서 결혼이라는 제도에 묶여 관계에서 파생되는 책임을 벗어나 자유로운 삶을 추구하는 비혼주의자가 늘고 있습니다.\n\n 다만, 개인의 자유로운 선택에 따라 비혼주의를 하지만 주변에서는 아직 고운 시선으로 바라보지 않는 사람도 많습니다. 결혼이라는 제도에 대해서 선택이 아닌 필수라고 생각하는 사람들도 많지요. 개개인이 모여 사회가 형성되기 때문에 사회의 가장 작은 단위인 가족을 이루는 것도 사회 구성원으로서의 큰 역할이라고 생각하는 사람들도 있습니다.\n\n 여러분은 결혼을 꼭 해야 한다고 생각하시나요? 아니면 결혼은 선택의 문제라고 생각하시나요? 비혼주의에 대해 찬성하는 입장 반대를 선택하여 자신의 의견을 작성해주세요. 그리고 그렇게 생각한 이유에 대해서 작성해주세요.",
    "essay_type": "찬성반대",
    "essay_level": "2",
    "essay_len": 834,
    "essay_main_subject": "비혼주의자에 대한 본인의 의견"
  }
}