{
  "paragraph": [
    {
      "paragraph_txt": "나는 비혼을 찬성한다.#@문장구분# 우리부모님은 항상 어떤일을 하고싶은지를 생각하고 살라고 하신다.#@문장구분# 평생 내가 좋아하는 일하면서 살아야하니 한,두가지 생각하라고 하신다.#@문장구분# 나는 아직 고1이라 어떤일을 하고싶은지 결정을 못했다.#@문장구분# 늘 고민이다.#@문장구분# 내가 좋아하는일,하고싶은일등 엄마처럼 결혼을 하면 과연 내가 그일을 하고 살수 있을지도 고민이다.#@문장구분# 엄마는 직장다니면서 집안일에 바쁘시다.#@문장구분# 몸이 피곤해서 운동할 시간도 없다.#@문장구분# 나와 아빠가 도와드려도 다 도와드릴수 없으니 주말이면 하루종일 주방에 계신다.#@문장구분# 아빠는 설겆이도 도와주시고,청소기 돌리기,세탁기에 돌리기, 빨래 개서 옷장에 넣기등 이런 정도로 도와주신다.#@문장구분# 남자여자가 같이 직장생활을 해도 여자는 해야할일이 많다.#@문장구분# 나는 절대로 독립하지 않을 것이다.#@문장구분# 부모님 집에서 엄마가 해주시는 밥을 먹고,빨아주시는 옷을 입고, 취미생활하며,운동도하고 편하게 살고 싶다.#@문장구분# 집나가면 개고생이라는 말이 있다.#@문장구분# 청소,요리,빨래등등 내가 다해야한다.#@문장구분# 그러면서 어떻게 하고 싶은 일을 할 수있을까?#@문장구분# 독립해서 나혼자 살아도 이렇게 해야할일이 많은데 말이다.#@문장구분# 결혼을 하면 나도 엄마와 똑같은 생활을 해야한다.#@문장구분# 나를 생각할 겨를도없이 가족만을 생각해야한다.#@문장구분# 어떻때는 안쓰럽다.#@문장구분# 그래서 아빠와 나는 일요일에는 엄마에게 자유시간을 드리기로 했다.#@문장구분# 친구도 만나고, 쇼핑도하고, 하고싶은 취미생활도 하실수 있도록 일주일에 하루라도 자유시간을 쓰실수 있도록 해드리고 싶었다.#@문장구분# 그런데 그것도 오래가지 못했다.#@문장구분# 내가 시험기간이나 아빠가 출장가시거나 집안에 행사가 있을때는 엄마가 필요했다.#@문장구분# 나는 비혼주의다.#@문장구분# 어려서부터 혼자 살거라고 늘 생각했다.#@문장구분# 아마도 내 잠재의식이 여자의 고단함을 생각하고 있었던것이다.#@문장구분#",
      "paragraph_len": 1377,
      "paragraph_id": "001"
    }
  ],
  "score": {
    "paragraph_score": [
      {
        "paragraph_scoreT": [
          3,
          2,
          2.4
        ],
        "paragraph_scoreT_detail": {
          "paragraph_scoreT_exp": [
            [
              3,
              3,
              3
            ],
            [
              2,
              2,
              2
            ],
            [
              2,
              2,
              3
            ]
          ]
        },
        "paragraph_scoreT_avg": 2.4666667,
        "paragraph_id": "001"
      }
    ],
    "essay_scoreT": [
      30,
      24,
      28.2
    ],
    "essay_scoreT_avg": 27.4,
    "essay_scoreT_detail": {
      "essay_scoreT_org": [
        [
          3,
          0,
          3,
          3
        ],
        [
          2,
          0,
          3,
          3
        ],
        [
          3,
          0,
          3,
          3
        ]
      ],
      "essay_scoreT_cont": [
        [
          3,
          3,
          3,
          3
        ],
        [
          2,
          3,
          3,
          3
        ],
        [
          3,
          3,
          3,
          3
        ]
      ],
      "essay_scoreT_exp": [
        [
          3,
          3,
          3
        ],
        [
          2,
          2,
          2
        ],
        [
          2,
          2,
          3
        ]
      ]
    }
  },
  "student": {
    "date": "2021.12.15",
    "student_educated": true,
    "student_grade": "고등_1학년",
    "location": "044",
    "student_grade_group": "고등",
    "student_reading": 3
  },
  "rubric": {
    "essay_grade": "고등_1학년",
    "organization_weight": {
      "org_paragraph": 0,
      "org": 3,
      "org_essay": 6,
      "org_coherence": 3,
      "org_quantity": 1
    },
    "essay_type": "찬성반대",
    "content_weight": {
      "con_clearance": 3,
      "con_novelty": 3,
      "con": 4,
      "con_prompt": 1,
      "con_description": 3
    },
    "essay_main_subject": "비혼주의자에 대한 본인의 의견",
    "expression_weight": {
      "exp_style": 4,
      "exp_grammar": 2,
      "exp_vocab": 4,
      "exp": 3
    }
  },
  "correction": [],
  "info": {
    "essay_id": "ESSAY_66210",
    "essay_prompt": " \"\"연애는 필수, 결혼은 선택! 가슴이 뛰는 대로 가면 돼\"\".\n\n 유명한 유행가의 노래 가사처럼, 청년들에게 결혼은 이제 필수가 아닌 하나의 선택 사항입니다. 연애, 결혼, 출산을 포기한다는 의미의 '3포세대'라는 말이 나오기 무섭게 5포 세대, N포세대까지 등장할 정도로 취업난, 치솟는 부동산 가격 등 여러 사회·경제적 요인들로 청년층을 위축시켰습니다.\n\n 모두가 이러한 이유로 '결혼을 포기'하는 것만은 아닙니다. 개인의 행복을 위해 '비혼을 선택'하는 청년들도 늘고 있습니다. 이처럼 최근 전통적인 가치관에서 벗어나 연애와 동거는 하면서 결혼이라는 제도에 묶여 관계에서 파생되는 책임을 벗어나 자유로운 삶을 추구하는 비혼주의자가 늘고 있습니다.\n\n 다만, 개인의 자유로운 선택에 따라 비혼주의를 하지만 주변에서는 아직 고운 시선으로 바라보지 않는 사람도 많습니다. 결혼이라는 제도에 대해서 선택이 아닌 필수라고 생각하는 사람들도 많지요. 개개인이 모여 사회가 형성되기 때문에 사회의 가장 작은 단위인 가족을 이루는 것도 사회 구성원으로서의 큰 역할이라고 생각하는 사람들도 있습니다.\n\n 여러분은 결혼을 꼭 해야 한다고 생각하시나요? 아니면 결혼은 선택의 문제라고 생각하시나요? 비혼주의에 대해 찬성하는 입장 반대를 선택하여 자신의 의견을 작성해주세요. 그리고 그렇게 생각한 이유에 대해서 작성해주세요.",
    "essay_type": "찬성반대",
    "essay_level": "2",
    "essay_len": 837,
    "essay_main_subject": "비혼주의자에 대한 본인의 의견"
  }
}