{
  "paragraph": [
    {
      "paragraph_txt": "옛날에는 성인이 되면 무조건적으로 결혼은 필수였다.#@문장구분# 결혼을 하지 않고 살아가는 이들은 부모나 다른 사람들로부터 불효자식이라는 소리를 들으면서 눈칫밥을 먹는것은 당연했다.#@문장구분# 빨리 좋은 인연을 만나서 결혼을 하고 가정을 꾸리는 것이 너무나 중요했던 시대였다.#@문장구분#",
      "paragraph_len": 201,
      "paragraph_id": "001"
    },
    {
      "paragraph_txt": "하지만 현대사회에서는 예전에는 생각지도 못했던, '비혼주의'라는 개념이 젊은층들 사이에서 꽤나 많은 지지를 받고 있었다.#@문장구분# 비혼주의라는 것은 말 그대로 결혼하지 않는 것을 추구하는 것이다.#@문장구분# 이러한 개념이 현대사회에 들어서게 된 그 궁극적인 이유는 현대사회의 변화에 초점을 두어야한다.#@문장구분# ",
      "paragraph_len": 218,
      "paragraph_id": "002"
    },
    {
      "paragraph_txt": "옛날에는개인보다는 단체를 외쳤다면, 현대사회에서는 단체보다는 개인을 외치고  있는 추세이다.#@문장구분# 개인의 복지와 권리, 자유와 행복이 그 무엇보다도 중요하다고 강조되고 있었다 .#@문장구분# 개인이 중시되고 있는 이러한 사회 속에서 이젠  결혼에 대해서는 전통적인 가치관이 아닌 새로운 관점, 즉 결혼은  '필수'가 아닌 '선택; 이라는 관점으로 바라봐야한다.#@문장구분#",
      "paragraph_len": 251,
      "paragraph_id": "003"
    },
    {
      "paragraph_txt": "결혼 이후에는 새로운 가정을 꾸려서 살림을 차리고 살아가야한다.#@문장구분# 연애를 할때처럼 단순히 서로를 사랑하는 마음으로는 해결될만한 문제는 거의 없을 것이다.#@문장구분# 새로운 가정을 꾸리는 것은 말처럼 쉬운 일이 아니다.#@문장구분#전에는 없었던 가정이라는 것이 형성되었다는 것에 대한 두려움, 이 가정을 두사람이 서로 잘 가꾸어야 한다는 책임감, 손녀 손자를 얼른 안아보고 싶다는 부모님의 무언의 압박에 대한 부담감 등 결혼뒤에는 수많은 현실이 기다리고 있었다.#@문장구분#",
      "paragraph_len": 323,
      "paragraph_id": "004"
    },
    {
      "paragraph_txt": "개인의 선택이 중요해진 사회속에서 위와같은 책임과 부담감을 감내할 수 있는 사람이라면 결혼을 선택하여예쁜 가정을 꾸리고, 감내할 수 없다고 느낀다면 결혼을 굳이 해서 고통스러워 할 필요는 없다고 본다.#@문장구분#  결혼에 따르는 책임에서 벗어나서 자유로운 삶을 추구하는 비혼주의도, 변화하는 사회를 고려해 본다면 나쁜 시선으로 바라보는 건 잘못된 것이다.#@문장구분# 그들이 어떤 것에도 얽매이지 않고, 오롯이 자유롭게 살고 싶다는데, 그 누구도 그것에 대해서 비난하거나 무시하는 것은 바람직하지않다.#@문장구분#",
      "paragraph_len": 327,
      "paragraph_id": "005"
    }
  ],
  "score": {
    "paragraph_score": [
      {
        "paragraph_scoreT": [
          3,
          3,
          2
        ],
        "paragraph_scoreT_detail": {
          "paragraph_scoreT_exp": [
            [
              3,
              3,
              3
            ],
            [
              3,
              3,
              3
            ],
            [
              2,
              2,
              2
            ]
          ]
        },
        "paragraph_scoreT_avg": 2.6666667,
        "paragraph_id": "001"
      },
      {
        "paragraph_scoreT": [
          3,
          3,
          2
        ],
        "paragraph_scoreT_detail": {
          "paragraph_scoreT_exp": [
            [
              3,
              3,
              3
            ],
            [
              3,
              3,
              3
            ],
            [
              2,
              2,
              2
            ]
          ]
        },
        "paragraph_scoreT_avg": 2.6666667,
        "paragraph_id": "002"
      },
      {
        "paragraph_scoreT": [
          3,
          3,
          2
        ],
        "paragraph_scoreT_detail": {
          "paragraph_scoreT_exp": [
            [
              3,
              3,
              3
            ],
            [
              3,
              3,
              3
            ],
            [
              2,
              2,
              2
            ]
          ]
        },
        "paragraph_scoreT_avg": 2.6666667,
        "paragraph_id": "003"
      },
      {
        "paragraph_scoreT": [
          3,
          3,
          2
        ],
        "paragraph_scoreT_detail": {
          "paragraph_scoreT_exp": [
            [
              3,
              3,
              3
            ],
            [
              3,
              3,
              3
            ],
            [
              2,
              2,
              2
            ]
          ]
        },
        "paragraph_scoreT_avg": 2.6666667,
        "paragraph_id": "004"
      },
      {
        "paragraph_scoreT": [
          3,
          3,
          2
        ],
        "paragraph_scoreT_detail": {
          "paragraph_scoreT_exp": [
            [
              3,
              3,
              3
            ],
            [
              3,
              3,
              3
            ],
            [
              2,
              2,
              2
            ]
          ]
        },
        "paragraph_scoreT_avg": 2.6666667,
        "paragraph_id": "005"
      }
    ],
    "essay_scoreT": [
      30,
      24.5,
      20.3
    ],
    "essay_scoreT_avg": 24.933334,
    "essay_scoreT_detail": {
      "essay_scoreT_org": [
        [
          3,
          0,
          3,
          3
        ],
        [
          2,
          0,
          2,
          3
        ],
        [
          2,
          0,
          2,
          3
        ]
      ],
      "essay_scoreT_cont": [
        [
          3,
          3,
          3,
          3
        ],
        [
          2,
          2,
          2,
          3
        ],
        [
          2,
          2,
          2,
          2
        ]
      ],
      "essay_scoreT_exp": [
        [
          3,
          3,
          3
        ],
        [
          3,
          3,
          3
        ],
        [
          2,
          2,
          2
        ]
      ]
    }
  },
  "student": {
    "date": "2021.09.13",
    "student_educated": true,
    "student_grade": "고등_1학년",
    "location": "051",
    "student_grade_group": "고등",
    "student_reading": 3
  },
  "rubric": {
    "essay_grade": "고등_1학년",
    "organization_weight": {
      "org_paragraph": 0,
      "org": 3,
      "org_essay": 6,
      "org_coherence": 3,
      "org_quantity": 1
    },
    "essay_type": "찬성반대",
    "content_weight": {
      "con_clearance": 3,
      "con_novelty": 3,
      "con": 4,
      "con_prompt": 1,
      "con_description": 3
    },
    "essay_main_subject": "비혼주의자에 대한 본인의 의견",
    "expression_weight": {
      "exp_style": 4,
      "exp_grammar": 2,
      "exp_vocab": 4,
      "exp": 3
    }
  },
  "correction": [],
  "info": {
    "essay_id": "ESSAY_33769",
    "essay_prompt": " \"\"연애는 필수, 결혼은 선택! 가슴이 뛰는 대로 가면 돼\"\".\n\n 유명한 유행가의 노래 가사처럼, 청년들에게 결혼은 이제 필수가 아닌 하나의 선택 사항입니다. 연애, 결혼, 출산을 포기한다는 의미의 '3포세대'라는 말이 나오기 무섭게 5포 세대, N포세대까지 등장할 정도로 취업난, 치솟는 부동산 가격 등 여러 사회·경제적 요인들로 청년층을 위축시켰습니다.\n\n 모두가 이러한 이유로 '결혼을 포기'하는 것만은 아닙니다. 개인의 행복을 위해 '비혼을 선택'하는 청년들도 늘고 있습니다. 이처럼 최근 전통적인 가치관에서 벗어나 연애와 동거는 하면서 결혼이라는 제도에 묶여 관계에서 파생되는 책임을 벗어나 자유로운 삶을 추구하는 비혼주의자가 늘고 있습니다.\n\n 다만, 개인의 자유로운 선택에 따라 비혼주의를 하지만 주변에서는 아직 고운 시선으로 바라보지 않는 사람도 많습니다. 결혼이라는 제도에 대해서 선택이 아닌 필수라고 생각하는 사람들도 많지요. 개개인이 모여 사회가 형성되기 때문에 사회의 가장 작은 단위인 가족을 이루는 것도 사회 구성원으로서의 큰 역할이라고 생각하는 사람들도 있습니다.\n\n 여러분은 결혼을 꼭 해야 한다고 생각하시나요? 아니면 결혼은 선택의 문제라고 생각하시나요? 비혼주의에 대해 찬성하는 입장 반대를 선택하여 자신의 의견을 작성해주세요. 그리고 그렇게 생각한 이유에 대해서 작성해주세요.",
    "essay_type": "찬성반대",
    "essay_level": "2",
    "essay_len": 1010,
    "essay_main_subject": "비혼주의자에 대한 본인의 의견"
  }
}