{
  "paragraph": [
    {
      "paragraph_txt": "저는 비혼주의에 대해 회의적인 입장입니다.#@문장구분# 과연 비혼주의를 외치는 모두가 진정 비혼주의자일까요?#@문장구분# \n그 중에는 자신의 여건 부족이나 생활 환경 등 여러가지 이유로 인해 결혼을 하지 못하는 사람이 있을 것이고 이들은 비혼주의자가 아닙니다.#@문장구분# 하지만 최근 인터넷과 같이 여러 사람의 의견을 나눌 수 있는 공간에서 의견을 나눠보면 해당 사람들이 자신을 비혼주의자라고 생각하는 경향이 있습니다.#@문장구분#\n저에게 있어서 비혼주의라는 것은 생활 여건이나 환경 등 모든 것이 자신의 통제가 가능하여, 사랑하는 애인이 있을 때 그 사람과 결혼하여 제도적으로 묶이고 싶어하지 않으며 자유롭게 서로 연애만을 하고 싶어하는 마음 그것이 비혼주의라고 생각합니다.#@문장구분# \n비혼주의에 대한 결정 사유로 사람들이 '경제적 여건이 안 돼서' '육아에 대한 부담' 등 이야기를 나누지만, 이것이 충족된다면 결혼을 할 의향이 있다?#@문장구분# 이것은 비혼주의가 아니라고 봅니다.#@문장구분#\n비혼주의라는 것은 결국 결혼을 하지 않아 나중에 나에게 사고가 일어나도 온전히 책임을 질 사람이 나밖에 없다는 것 이런 현실적인 상황이 닥쳤을 때도 내가 선택한 것이다.#@문장구분# 라고 생각하는 사람들이 진정한 비혼주의자라고 느껴진다는 것입니다.#@문장구분#\n결혼은 선택일 수 있습니다.#@문장구분# 그런 부분은 개인의 의견이기 때문에 맞다, 틀리다 등의 이분법적인 사고로 나눌 수 있는 부분은 아니라고 생각합니다.#@문장구분# 하지만 그 전에 자신이 원하는 것이 진정 '비혼'인 것인지 아니면 '경제적 물질적으로 독립'인 것인지 그 부분이 중요하다고 생각합니다.#@문장구분#\n만약 내가 돈도 있고 학벌도 괜찮았으면 어떤 사람이랑 결혼까지 생각했을 것 같아.#@문장구분# 라는 생각이 든다면 그 사람은 비혼주의를 가진 사람이라고 생각할 수 없을 것 같다 이 말입니다.#@문장구분#",
      "paragraph_len": 1126,
      "paragraph_id": "001"
    }
  ],
  "score": {
    "paragraph_score": [
      {
        "paragraph_scoreT": [
          3,
          2.4,
          2
        ],
        "paragraph_scoreT_detail": {
          "paragraph_scoreT_exp": [
            [
              3,
              3,
              3
            ],
            [
              2,
              3,
              2
            ],
            [
              2,
              2,
              2
            ]
          ]
        },
        "paragraph_scoreT_avg": 2.4666667,
        "paragraph_id": "001"
      }
    ],
    "essay_scoreT": [
      25.800001,
      21.2,
      20
    ],
    "essay_scoreT_avg": 22.333334,
    "essay_scoreT_detail": {
      "essay_scoreT_org": [
        [
          2,
          0,
          3,
          3
        ],
        [
          2,
          0,
          2,
          2
        ],
        [
          2,
          0,
          2,
          2
        ]
      ],
      "essay_scoreT_cont": [
        [
          2,
          3,
          3,
          2
        ],
        [
          2,
          2,
          2,
          2
        ],
        [
          2,
          2,
          2,
          2
        ]
      ],
      "essay_scoreT_exp": [
        [
          3,
          3,
          3
        ],
        [
          2,
          3,
          2
        ],
        [
          2,
          2,
          2
        ]
      ]
    }
  },
  "student": {
    "date": "2021.10.19",
    "student_educated": true,
    "student_grade": "고등_1학년",
    "location": "02",
    "student_grade_group": "고등",
    "student_reading": 2
  },
  "rubric": {
    "essay_grade": "고등_1학년",
    "organization_weight": {
      "org_paragraph": 0,
      "org": 3,
      "org_essay": 6,
      "org_coherence": 3,
      "org_quantity": 1
    },
    "essay_type": "찬성반대",
    "content_weight": {
      "con_clearance": 3,
      "con_novelty": 3,
      "con": 4,
      "con_prompt": 1,
      "con_description": 3
    },
    "essay_main_subject": "비혼주의자에 대한 본인의 의견",
    "expression_weight": {
      "exp_style": 4,
      "exp_grammar": 2,
      "exp_vocab": 4,
      "exp": 3
    }
  },
  "correction": [],
  "info": {
    "essay_id": "ESSAY_37975",
    "essay_prompt": " \"\"연애는 필수, 결혼은 선택! 가슴이 뛰는 대로 가면 돼\"\".\n\n 유명한 유행가의 노래 가사처럼, 청년들에게 결혼은 이제 필수가 아닌 하나의 선택 사항입니다. 연애, 결혼, 출산을 포기한다는 의미의 '3포세대'라는 말이 나오기 무섭게 5포 세대, N포세대까지 등장할 정도로 취업난, 치솟는 부동산 가격 등 여러 사회·경제적 요인들로 청년층을 위축시켰습니다.\n\n 모두가 이러한 이유로 '결혼을 포기'하는 것만은 아닙니다. 개인의 행복을 위해 '비혼을 선택'하는 청년들도 늘고 있습니다. 이처럼 최근 전통적인 가치관에서 벗어나 연애와 동거는 하면서 결혼이라는 제도에 묶여 관계에서 파생되는 책임을 벗어나 자유로운 삶을 추구하는 비혼주의자가 늘고 있습니다.\n\n 다만, 개인의 자유로운 선택에 따라 비혼주의를 하지만 주변에서는 아직 고운 시선으로 바라보지 않는 사람도 많습니다. 결혼이라는 제도에 대해서 선택이 아닌 필수라고 생각하는 사람들도 많지요. 개개인이 모여 사회가 형성되기 때문에 사회의 가장 작은 단위인 가족을 이루는 것도 사회 구성원으로서의 큰 역할이라고 생각하는 사람들도 있습니다.\n\n 여러분은 결혼을 꼭 해야 한다고 생각하시나요? 아니면 결혼은 선택의 문제라고 생각하시나요? 비혼주의에 대해 찬성하는 입장 반대를 선택하여 자신의 의견을 작성해주세요. 그리고 그렇게 생각한 이유에 대해서 작성해주세요.",
    "essay_type": "찬성반대",
    "essay_level": "2",
    "essay_len": 846,
    "essay_main_subject": "비혼주의자에 대한 본인의 의견"
  }
}