{
  "paragraph": [
    {
      "paragraph_txt": "일생일대의 가장 중요한 순간을 꼽아 달라는 질문에 대한 답을 본 적이 이다.#@문장구분# 그 답은 혼인 이었고 인생 최고의 감동의 순간을 꼽는 질문에는 생명의 탄생, 출산 이었다.#@문장구분# 그 사람의 인생을 결정짓는 것이 결혼이라 할 만큼 중요한 것이었다.#@문장구분# 단순한 짝을 만난다기보다는 반려자, 동반자로 인생을 함께하고 미래를 설계하고 서로 의지하며 부족한 부분을 채워주고 언제까지나 나의 편이 되어줄 사람이라는 것이다.#@문장구분# 취업난과 오르는 집값, 사회, 경제적 요인들이 녹록하지 않은 건 사실이다.#@문장구분# 그러데 돈이 없어서 결혼을 하지 못한다고 하기에는 무리가 있다. #@문장구분#우리 부모님 세대나 혹은 그 이전의 세대에는 돈이 풍족했었던 적이 없었다.#@문장구분# 결혼의 목적이나 이유가 돈이 아니었기 때문이었다.#@문장구분# 가난하고 어려움 속에서도 당신의 처, 자식이 힘들지 않기를 바라는 마음에 서로 노력하고 애를 써서 지금의 풍요로움 까지 온 것이다.#@문장구분# 비혼주의는 회피라고 생각한다.#@문장구분# 혼자 하고 싶은 데로 사는 것 보다는 누군가와 맞춰 살아가는 것이 힘이 들것이다.#@문장구분# 힘들고 어려운 것은 피하고 하고 싶고 즐기고 싶은 것에만 치중하는 것은 아닌가.#@문장구분# 가족이라는 것은 사회의 최소의 단위다.#@문장구분# 이것이 안정화를 이루어야 사회도 안전하고 건강해진다고 생각한다.#@문장구분# 당장에 결혼을 하지  않고 혼자 즐기며 사는 것이 편하고 좋아 보일 순 있지만 몇 십 년 후 나이들어 늙고 병들면 독거노인으로 쓸쓸한 인생을 보낼 수밖에 없지 않을까#@문장구분# 뿌린 데로 거둔 다는 말이 있다.#@문장구분# 어렵게 밭을 일구고 희생하면 그에 맞는 열매는 반드시 따라 올 것이라고 생각한다.#@문장구분# 자연스럽고 평범한 것이 좋은 것이지 순리를 거스르는 것은 대가가 혹독할 것이다.#@문장구분#",
      "paragraph_len": 1173,
      "paragraph_id": "001"
    }
  ],
  "score": {
    "paragraph_score": [
      {
        "paragraph_scoreT": [
          3,
          2.8,
          3
        ],
        "paragraph_scoreT_detail": {
          "paragraph_scoreT_exp": [
            [
              3,
              3,
              3
            ],
            [
              2,
              3,
              3
            ],
            [
              3,
              3,
              3
            ]
          ]
        },
        "paragraph_scoreT_avg": 2.9333334,
        "paragraph_id": "001"
      }
    ],
    "essay_scoreT": [
      30,
      27.3,
      30
    ],
    "essay_scoreT_avg": 29.1,
    "essay_scoreT_detail": {
      "essay_scoreT_org": [
        [
          3,
          0,
          3,
          3
        ],
        [
          3,
          0,
          2,
          3
        ],
        [
          3,
          0,
          3,
          3
        ]
      ],
      "essay_scoreT_cont": [
        [
          3,
          3,
          3,
          3
        ],
        [
          3,
          2,
          3,
          3
        ],
        [
          3,
          3,
          3,
          3
        ]
      ],
      "essay_scoreT_exp": [
        [
          3,
          3,
          3
        ],
        [
          2,
          3,
          3
        ],
        [
          3,
          3,
          3
        ]
      ]
    }
  },
  "student": {
    "date": "2021.12.16",
    "student_educated": true,
    "student_grade": "고등_1학년",
    "location": "031",
    "student_grade_group": "고등",
    "student_reading": 2
  },
  "rubric": {
    "essay_grade": "고등_1학년",
    "organization_weight": {
      "org_paragraph": 0,
      "org": 3,
      "org_essay": 6,
      "org_coherence": 3,
      "org_quantity": 1
    },
    "essay_type": "찬성반대",
    "content_weight": {
      "con_clearance": 3,
      "con_novelty": 3,
      "con": 4,
      "con_prompt": 1,
      "con_description": 3
    },
    "essay_main_subject": "비혼주의자에 대한 본인의 의견",
    "expression_weight": {
      "exp_style": 4,
      "exp_grammar": 2,
      "exp_vocab": 4,
      "exp": 3
    }
  },
  "correction": [],
  "info": {
    "essay_id": "ESSAY_65753",
    "essay_prompt": " \"\"연애는 필수, 결혼은 선택! 가슴이 뛰는 대로 가면 돼\"\".\n\n 유명한 유행가의 노래 가사처럼, 청년들에게 결혼은 이제 필수가 아닌 하나의 선택 사항입니다. 연애, 결혼, 출산을 포기한다는 의미의 '3포세대'라는 말이 나오기 무섭게 5포 세대, N포세대까지 등장할 정도로 취업난, 치솟는 부동산 가격 등 여러 사회·경제적 요인들로 청년층을 위축시켰습니다.\n\n 모두가 이러한 이유로 '결혼을 포기'하는 것만은 아닙니다. 개인의 행복을 위해 '비혼을 선택'하는 청년들도 늘고 있습니다. 이처럼 최근 전통적인 가치관에서 벗어나 연애와 동거는 하면서 결혼이라는 제도에 묶여 관계에서 파생되는 책임을 벗어나 자유로운 삶을 추구하는 비혼주의자가 늘고 있습니다.\n\n 다만, 개인의 자유로운 선택에 따라 비혼주의를 하지만 주변에서는 아직 고운 시선으로 바라보지 않는 사람도 많습니다. 결혼이라는 제도에 대해서 선택이 아닌 필수라고 생각하는 사람들도 많지요. 개개인이 모여 사회가 형성되기 때문에 사회의 가장 작은 단위인 가족을 이루는 것도 사회 구성원으로서의 큰 역할이라고 생각하는 사람들도 있습니다.\n\n 여러분은 결혼을 꼭 해야 한다고 생각하시나요? 아니면 결혼은 선택의 문제라고 생각하시나요? 비혼주의에 대해 찬성하는 입장 반대를 선택하여 자신의 의견을 작성해주세요. 그리고 그렇게 생각한 이유에 대해서 작성해주세요.",
    "essay_type": "찬성반대",
    "essay_level": "2",
    "essay_len": 813,
    "essay_main_subject": "비혼주의자에 대한 본인의 의견"
  }
}