{
  "paragraph": [
    {
      "paragraph_txt": "메스컴에 요즘은 딩크족, 비혼주의, 비출산주의 등 자신의 인생을 위해서 미래를 생각하지 않는 사람들이 매우 많이 존재 합니다.#@문장구분# 제 주위에도 결혼한지 10년이라는 세월이 지났음에도 부부가 아이를 원하지 않아 낳지 않고 연애하듯이 사는 사람이 있습니다.#@문장구분# 그분들은 사회적 지위도 매우 높으신 인정받는 직업을 가진 사람들입니다.#@문장구분# 경제적으로 궁핍하거나 정신적으로 문제가 있지 않지만 그들은 자기 자신에게 투자하고 자신의 노년을 준비하며 둘만의 사랑을 가지고 살아가는 것 같았습니다.#@문장구분# 비출산주의인 이 두분은 그래도 결혼을 해서 두분이 같이 미래를 준비합니다.#@문장구분# 그런데 비혼주의자는 어떨까요?#@문장구분# 제주위에는 비혼주의자는 존재 하지 않습니다.#@문장구분# 그래서 제가 상상을 해봅니다.#@문장구분# 비혼주의자는 혼자 살아야 합니다.#@문장구분# 그런데 젊을때는 친구도 많고 취미생활이나 여행도 많이 다니며 인생을 즐기며 살수 있다지만 나이가 들었을땐 사람들과 교류도 많이 끊기게 되고 혼자 살 경우 주위에 시선도 매우 불편하게 느껴질텐데 왜 비혼을 원하는 걸까 생각해 보았습니다.#@문장구분# 그들은 그냥 자신을 너무 사랑해서 그러는 것 같습니다.#@문장구분# 정부시책으로 보았을 때 비혼주의자들은 정부에 도움이 하나도 않되는 사람들일 것입니다.#@문장구분# 하지만 나이가 들면 세금혜택은 많이 받아가는 사람들이겠습니다.#@문장구분# 나라는 국토와 국민으로 구성이 됩니다.#@문장구분# 국민은 결혼을 하고 출산을 하여 증가를 하게 되겠습니다.#@문장구분# 비혼주의자들은 출산의 기회가 없을 것입니다.#@문장구분# 비혼주의지만 출산을 원하는 사람도 있겠지만 몇 프로 되지 않을 것이고 이들은 사실상 나라에 도움이 되지 않는 사람들이라고 생각합니다.#@문장구분# 비혼주의자들 때문에 일반 사람들이 많은 피해를 보게 될것입니다.#@문장구분# 그래서 저는 비혼을 반대합니다.#@문장구분# 자신의 문제가 아닌 국가적 문제이고 사회적 문제로 야기될 시발점이 되기 때문입니다.#@문장구분#",
      "paragraph_len": 1285,
      "paragraph_id": "001"
    }
  ],
  "score": {
    "paragraph_score": [
      {
        "paragraph_scoreT": [
          3,
          3,
          2
        ],
        "paragraph_scoreT_detail": {
          "paragraph_scoreT_exp": [
            [
              3,
              3,
              3
            ],
            [
              3,
              3,
              3
            ],
            [
              2,
              2,
              2
            ]
          ]
        },
        "paragraph_scoreT_avg": 2.6666667,
        "paragraph_id": "001"
      }
    ],
    "essay_scoreT": [
      30,
      30,
      25.8
    ],
    "essay_scoreT_avg": 28.6,
    "essay_scoreT_detail": {
      "essay_scoreT_org": [
        [
          3,
          0,
          3,
          3
        ],
        [
          3,
          0,
          3,
          3
        ],
        [
          3,
          0,
          3,
          3
        ]
      ],
      "essay_scoreT_cont": [
        [
          3,
          3,
          3,
          3
        ],
        [
          3,
          3,
          3,
          3
        ],
        [
          2,
          3,
          3,
          3
        ]
      ],
      "essay_scoreT_exp": [
        [
          3,
          3,
          3
        ],
        [
          3,
          3,
          3
        ],
        [
          2,
          2,
          2
        ]
      ]
    }
  },
  "student": {
    "date": "2021.12.17",
    "student_educated": true,
    "student_grade": "고등_1학년",
    "location": "044",
    "student_grade_group": "고등",
    "student_reading": 2
  },
  "rubric": {
    "essay_grade": "고등_1학년",
    "organization_weight": {
      "org_paragraph": 0,
      "org": 3,
      "org_essay": 6,
      "org_coherence": 3,
      "org_quantity": 1
    },
    "essay_type": "찬성반대",
    "content_weight": {
      "con_clearance": 3,
      "con_novelty": 3,
      "con": 4,
      "con_prompt": 1,
      "con_description": 3
    },
    "essay_main_subject": "비혼주의자에 대한 본인의 의견",
    "expression_weight": {
      "exp_style": 4,
      "exp_grammar": 2,
      "exp_vocab": 4,
      "exp": 3
    }
  },
  "correction": [],
  "info": {
    "essay_id": "ESSAY_66187",
    "essay_prompt": " \"\"연애는 필수, 결혼은 선택! 가슴이 뛰는 대로 가면 돼\"\".\n\n 유명한 유행가의 노래 가사처럼, 청년들에게 결혼은 이제 필수가 아닌 하나의 선택 사항입니다. 연애, 결혼, 출산을 포기한다는 의미의 '3포세대'라는 말이 나오기 무섭게 5포 세대, N포세대까지 등장할 정도로 취업난, 치솟는 부동산 가격 등 여러 사회·경제적 요인들로 청년층을 위축시켰습니다.\n\n 모두가 이러한 이유로 '결혼을 포기'하는 것만은 아닙니다. 개인의 행복을 위해 '비혼을 선택'하는 청년들도 늘고 있습니다. 이처럼 최근 전통적인 가치관에서 벗어나 연애와 동거는 하면서 결혼이라는 제도에 묶여 관계에서 파생되는 책임을 벗어나 자유로운 삶을 추구하는 비혼주의자가 늘고 있습니다.\n\n 다만, 개인의 자유로운 선택에 따라 비혼주의를 하지만 주변에서는 아직 고운 시선으로 바라보지 않는 사람도 많습니다. 결혼이라는 제도에 대해서 선택이 아닌 필수라고 생각하는 사람들도 많지요. 개개인이 모여 사회가 형성되기 때문에 사회의 가장 작은 단위인 가족을 이루는 것도 사회 구성원으로서의 큰 역할이라고 생각하는 사람들도 있습니다.\n\n 여러분은 결혼을 꼭 해야 한다고 생각하시나요? 아니면 결혼은 선택의 문제라고 생각하시나요? 비혼주의에 대해 찬성하는 입장 반대를 선택하여 자신의 의견을 작성해주세요. 그리고 그렇게 생각한 이유에 대해서 작성해주세요.",
    "essay_type": "찬성반대",
    "essay_level": "2",
    "essay_len": 885,
    "essay_main_subject": "비혼주의자에 대한 본인의 의견"
  }
}