{
  "paragraph": [
    {
      "paragraph_txt": "저는 비혼주의에 대해 반대합니다.#@문장구분# 비혼주의에 대해 반대하는 이유는 결혼이라는 제도가 서로를 신뢰하고 책임지는 것을 바탕으로 가정을 이루는 것인데 이러한 책임이 싫어서 결혼을 하지 않겠다고 하는 사람들을 보면 참 이기적이지 않은가 라는 생각이 듭니다.#@문장구분# 많은 사람들이 사랑을 하면서도 책임지고 싶지는 않아 언제든 헤어질 수 있는 자유로운 삶을 추구 한다면 이 사회는 개인적이고 자기중심적인 사회가 되어 갈 것입니다.#@문장구분# 이는 또한 출산율의 저하를 불러 일으킵니다.#@문장구분# 우리나라는 현재 출산율이 크게 감소하여 심각한 인구문제가 초래되고 있습니다. #@문장구분#현대 사회의 이점과 편리함을 누리는 한편 미래 사회에 대한 배려와 걱정또한 우리가 짊어져야 할 숙제이지 않을까 생각됩니다.#@문장구분# 현실적으로 금전적 부담이 큰 집값 문제나, 자녀 양육시 비용 때문에 결혼을 꺼려하는 사람들이 많습니다.#@문장구분# 따라서 정부는 이에 따른 대안을 마련해야 합니다.#@문장구분# 부동산 가격 안정을 위해 신혼부부에게 저금리 장기간 대출 및 입주 우선권을 배정해주고, 출산율을 높이기 위해 단기적인 현금지원 보다는 육아용품 및 산부인과, 산후조리원 비용의 지원, 공설, 단설 유치원 확대 설립, 사교육 비용의 부담이 크지 않도록 여러 제도를 개선할 필요가 있다고 생각됩니다.#@문장구분# 육아를 병행하는 직장인들을 위한 직장 내 어린이집 의무화 등 이러한 정책들의 변화가 체감된다면 사람들의 인식도 비혼주의 보다는 결혼을 더 추구하는 방향으로 바뀌지 않을까 합니다.#@문장구분#결혼보다 다른 행복을 추구하는 사람들이 있겠지만 가정을 꾸리고 그 안에서의 행복 또한 무엇보다 더 큰 기쁨일거라 생각되니 많은 사람들이 결혼에 대해 부정적으로 생각하지 않았으면 하는 바람입니다.#@문장구분#",
      "paragraph_len": 1046,
      "paragraph_id": "001"
    }
  ],
  "score": {
    "paragraph_score": [
      {
        "paragraph_scoreT": [
          3,
          3,
          3
        ],
        "paragraph_scoreT_detail": {
          "paragraph_scoreT_exp": [
            [
              3,
              3,
              3
            ],
            [
              3,
              3,
              3
            ],
            [
              3,
              3,
              3
            ]
          ]
        },
        "paragraph_scoreT_avg": 3,
        "paragraph_id": "001"
      }
    ],
    "essay_scoreT": [
      29.7,
      28.4,
      30
    ],
    "essay_scoreT_avg": 29.366667,
    "essay_scoreT_detail": {
      "essay_scoreT_org": [
        [
          3,
          0,
          3,
          2
        ],
        [
          3,
          0,
          3,
          3
        ],
        [
          3,
          0,
          3,
          3
        ]
      ],
      "essay_scoreT_cont": [
        [
          3,
          3,
          3,
          3
        ],
        [
          3,
          2,
          2,
          3
        ],
        [
          3,
          3,
          3,
          3
        ]
      ],
      "essay_scoreT_exp": [
        [
          3,
          3,
          3
        ],
        [
          3,
          3,
          3
        ],
        [
          3,
          3,
          3
        ]
      ]
    }
  },
  "student": {
    "date": "2021.11.27",
    "student_educated": true,
    "student_grade": "고등_1학년",
    "location": "063",
    "student_grade_group": "고등",
    "student_reading": 2
  },
  "rubric": {
    "essay_grade": "고등_1학년",
    "organization_weight": {
      "org_paragraph": 0,
      "org": 3,
      "org_essay": 6,
      "org_coherence": 3,
      "org_quantity": 1
    },
    "essay_type": "찬성반대",
    "content_weight": {
      "con_clearance": 3,
      "con_novelty": 3,
      "con": 4,
      "con_prompt": 1,
      "con_description": 3
    },
    "essay_main_subject": "비혼주의자에 대한 본인의 의견",
    "expression_weight": {
      "exp_style": 4,
      "exp_grammar": 2,
      "exp_vocab": 4,
      "exp": 3
    }
  },
  "correction": [],
  "info": {
    "essay_id": "ESSAY_53463",
    "essay_prompt": " \"\"연애는 필수, 결혼은 선택! 가슴이 뛰는 대로 가면 돼\"\".\n\n 유명한 유행가의 노래 가사처럼, 청년들에게 결혼은 이제 필수가 아닌 하나의 선택 사항입니다. 연애, 결혼, 출산을 포기한다는 의미의 '3포세대'라는 말이 나오기 무섭게 5포 세대, N포세대까지 등장할 정도로 취업난, 치솟는 부동산 가격 등 여러 사회·경제적 요인들로 청년층을 위축시켰습니다.\n\n 모두가 이러한 이유로 '결혼을 포기'하는 것만은 아닙니다. 개인의 행복을 위해 '비혼을 선택'하는 청년들도 늘고 있습니다. 이처럼 최근 전통적인 가치관에서 벗어나 연애와 동거는 하면서 결혼이라는 제도에 묶여 관계에서 파생되는 책임을 벗어나 자유로운 삶을 추구하는 비혼주의자가 늘고 있습니다.\n\n 다만, 개인의 자유로운 선택에 따라 비혼주의를 하지만 주변에서는 아직 고운 시선으로 바라보지 않는 사람도 많습니다. 결혼이라는 제도에 대해서 선택이 아닌 필수라고 생각하는 사람들도 많지요. 개개인이 모여 사회가 형성되기 때문에 사회의 가장 작은 단위인 가족을 이루는 것도 사회 구성원으로서의 큰 역할이라고 생각하는 사람들도 있습니다.\n\n 여러분은 결혼을 꼭 해야 한다고 생각하시나요? 아니면 결혼은 선택의 문제라고 생각하시나요? 비혼주의에 대해 찬성하는 입장 반대를 선택하여 자신의 의견을 작성해주세요. 그리고 그렇게 생각한 이유에 대해서 작성해주세요.",
    "essay_type": "찬성반대",
    "essay_level": "2",
    "essay_len": 826,
    "essay_main_subject": "비혼주의자에 대한 본인의 의견"
  }
}