{
  "paragraph": [
    {
      "paragraph_txt": "최근 들어 비혼주의 문제가 많아지면서 비혼주의자가 늘고 있다.#@문장구분# 비혼주의자란 미혼이라는 결혼을 반드시 해야 하는 것이나 아직 하지 않은 상태'라는 의미를 담고 있다는 생각에 기반하여 혼인 상태가 아님이라는 보다 주체적인 의미로 여성학계에서 사용하기 시작한 단어이다.#@문장구분# 연애, 결혼, 출산을 포기하는 사람들도 많이 등장할 정도로 취업난, 치솟는 부동산 가격 등 여러 사회·경제적 요인들로 청년층을 위축시켰습니다.#@문장구분# 이것 뿐만 아니라 개인의 행복을 위해 비혼을 선택하는 사람들도 있다.#@문장구분# 내 생각은 결혼을 해야 하지는 않다고 생각한다.#@문장구분# 왜냐하면 결혼을 한다는 것은 자기가 선택하는 것이고, 누가 강제로 할 수도 없기 때문이다.#@문장구분# 하지만 현재 우리나라는 고령화 사회와 저출산 문제를 겪고 있다.#@문장구분# 사람들이 비혼을 할수록 이 문제들은 더욱 심화 될 것이다. #@문장구분#그러므로 이것을 해결하기 위한 정책이 필요하다.#@문장구분# 일자리를 늘리거나 노인 복지시설을 늘리는 것이다.#@문장구분# 그렇게 되면 청년들의 결혼 생각은 바뀔수도 있고, 비혼주의자들이 줄어들 것이다.#@문장구분# 또한 이게 더욱 건강한 사랑이 아닐까 싶습니다.#@문장구분#  연차가 쌓인 부부를 보면 사랑해서라기 보단 자녀와 그간의 정을 보고 평생을 함께 살아간다고들 합니다.#@문장구분# 저는 이러한 점이 이해가지 않습니다.#@문장구분# 사랑하지 않는데 왜 함께 살아야하나요?#@문장구분#결혼은 의무가 아닙니다.#@문장구분# 이혼 또한 흠이 아니죠.#@문장구분# 이러한 생각들이 반복되다보니 결혼을 해야할 필요성을 느끼지 못했습니다. #@문장구분#결혼이라는 제도에 너무 얽매여있는 것 같아 조금은 불편합니다.#@문장구분# 오래 만난 연인이 듣는 질문 중 빠지지 않는게 \"결혼은 언제해?\" 라고들 하죠. #@문장구분#왜 연애의 끝이 결혼이여야만 하는지 모르겠습니다.#@문장구분# 둘이 사랑해서 행복하게 살면 되는건데 자꾸만 우리 사회는 결혼을 통해 사랑을 증명하길 바랍니다.#@문장구분#",
      "paragraph_len": 1310,
      "paragraph_id": "001"
    }
  ],
  "score": {
    "paragraph_score": [
      {
        "paragraph_scoreT": [
          3,
          3,
          2.2
        ],
        "paragraph_scoreT_detail": {
          "paragraph_scoreT_exp": [
            [
              3,
              3,
              3
            ],
            [
              3,
              3,
              3
            ],
            [
              3,
              2,
              2
            ]
          ]
        },
        "paragraph_scoreT_avg": 2.7333333,
        "paragraph_id": "001"
      }
    ],
    "essay_scoreT": [
      30,
      27,
      25.5
    ],
    "essay_scoreT_avg": 27.5,
    "essay_scoreT_detail": {
      "essay_scoreT_org": [
        [
          3,
          0,
          3,
          3
        ],
        [
          2,
          0,
          3,
          3
        ],
        [
          3,
          0,
          2,
          3
        ]
      ],
      "essay_scoreT_cont": [
        [
          3,
          3,
          3,
          3
        ],
        [
          3,
          2,
          3,
          3
        ],
        [
          3,
          2,
          3,
          3
        ]
      ],
      "essay_scoreT_exp": [
        [
          3,
          3,
          3
        ],
        [
          3,
          3,
          3
        ],
        [
          3,
          2,
          2
        ]
      ]
    }
  },
  "student": {
    "date": "2021.12.20",
    "student_educated": true,
    "student_grade": "고등_1학년",
    "location": "044",
    "student_grade_group": "고등",
    "student_reading": 2
  },
  "rubric": {
    "essay_grade": "고등_1학년",
    "organization_weight": {
      "org_paragraph": 0,
      "org": 3,
      "org_essay": 6,
      "org_coherence": 3,
      "org_quantity": 1
    },
    "essay_type": "찬성반대",
    "content_weight": {
      "con_clearance": 3,
      "con_novelty": 3,
      "con": 4,
      "con_prompt": 1,
      "con_description": 3
    },
    "essay_main_subject": "비혼주의자에 대한 본인의 의견",
    "expression_weight": {
      "exp_style": 4,
      "exp_grammar": 2,
      "exp_vocab": 4,
      "exp": 3
    }
  },
  "correction": [],
  "info": {
    "essay_id": "ESSAY_71286",
    "essay_prompt": " \"\"연애는 필수, 결혼은 선택! 가슴이 뛰는 대로 가면 돼\"\".\n\n 유명한 유행가의 노래 가사처럼, 청년들에게 결혼은 이제 필수가 아닌 하나의 선택 사항입니다. 연애, 결혼, 출산을 포기한다는 의미의 '3포세대'라는 말이 나오기 무섭게 5포 세대, N포세대까지 등장할 정도로 취업난, 치솟는 부동산 가격 등 여러 사회·경제적 요인들로 청년층을 위축시켰습니다.\n\n 모두가 이러한 이유로 '결혼을 포기'하는 것만은 아닙니다. 개인의 행복을 위해 '비혼을 선택'하는 청년들도 늘고 있습니다. 이처럼 최근 전통적인 가치관에서 벗어나 연애와 동거는 하면서 결혼이라는 제도에 묶여 관계에서 파생되는 책임을 벗어나 자유로운 삶을 추구하는 비혼주의자가 늘고 있습니다.\n\n 다만, 개인의 자유로운 선택에 따라 비혼주의를 하지만 주변에서는 아직 고운 시선으로 바라보지 않는 사람도 많습니다. 결혼이라는 제도에 대해서 선택이 아닌 필수라고 생각하는 사람들도 많지요. 개개인이 모여 사회가 형성되기 때문에 사회의 가장 작은 단위인 가족을 이루는 것도 사회 구성원으로서의 큰 역할이라고 생각하는 사람들도 있습니다.\n\n 여러분은 결혼을 꼭 해야 한다고 생각하시나요? 아니면 결혼은 선택의 문제라고 생각하시나요? 비혼주의에 대해 찬성하는 입장 반대를 선택하여 자신의 의견을 작성해주세요. 그리고 그렇게 생각한 이유에 대해서 작성해주세요.",
    "essay_type": "찬성반대",
    "essay_level": "2",
    "essay_len": 872,
    "essay_main_subject": "비혼주의자에 대한 본인의 의견"
  }
}