{
  "paragraph": [
    {
      "paragraph_txt": "소속감이라던가 안정감을 느끼는 사람이 있는 반면에 개인의 자유와 누구에게 구속받지않고 살고 싶어하는 사람들에게는 결혼이라는 제도와 적합하지 않다고 생각한다.#@문장구분# 사람 개개인의 생각차이이고 가치관의 문제라고 생각합니다.#@문장구분# 지금 제가 고등학생이지만 주위에 친구들 중에 비혼주의를 말하는 친구들이 꽤나 있습니다. #@문장구분#그런 친구들의 말을 들어보면 남에게 내 울타리를 누가 침범하는게 싫고 혼자만의 여있다.#@문장구분# 그만큼 세상은 비혼주의를 바라보는 시선이 전보다 관대해진 거라는 생각이 든다.#@문장구분# 과거를 생각해보면 옛 어른들은 나이가 들었으니 무조건 결혼을 해야한다라는 선입견, 사고를 가졌지만, 요즘은 시대가 발전하고 변화한 만큼 비혼주의에 대한 인식도 점차 변해오고 있다.#@문장구분# 최근에 결혼, 출산 등을 하지 않고 혼자 사는 1인 가구가 늘어나면서 비혼주의에 대한 인식과 집중도가 커지고 있습니다.#@문장구분# 얼마 전 학교 수업시간에 교과서에서도 혼자사는 사람들의 비중이 많아져서 1인가구가 확실히 예전보다 증가하였다.#@문장구분# 마트나 편의점에서 식료품들을 볼 때 더욱 그런생각이 든다.#@문장구분# 주거 식생활에서부터 1인가구가 증가 했다는걸 볼 수 있다.#@문장구분# 이제 사람들은 주변의 관계에 얽메이지 않고 자신의 이야기를 펼치며 자유롭고 독립적인 삶을 추구하기 시작하였습니다.#@문장구분# 이 때 우리할머니께서 나에게 강력한 명언 하나를 날려주셨습니다.#@문장구분# '내가 사랑하는 사람과 결혼을 해서 자식도 낳고 손주도 볼 수 있고 행복하게 잘 살고 있지만 그렇다고 해서 결혼이라는 제도를 모두에게 강요하고 싶지는 않는다'. 라고 하셨습니다.#@문장구분# 그 때 난 이러한 생각이 들엇습니다.#@문장구분# '한 번 밖에 없는 나의 소중한 인생인데, 한 사람만 평생 바라보고 평생 사랑하고 평생 같이 쭉 사는 것은 내 자신에게 너무 미안한 일 것 같다는 생각이 들었습니다.#@문장구분# 예전에는 비혼주의라는 단어 자체를 들으면 부정적으로 바라보았었는데 이제는 비혼주의가 한 사람의 인권처럼 느껴져서 존중을 해줘야 한다고 생각하고 혹은 내가 나중에 비혼주의자가 될 수도 있다는 생각에 비혼주의에 대한 나의 인식변화가 크게 생긴 것 같다.#@문장구분#",
      "paragraph_len": 1331,
      "paragraph_id": "001"
    }
  ],
  "score": {
    "paragraph_score": [
      {
        "paragraph_scoreT": [
          3,
          3,
          2.8
        ],
        "paragraph_scoreT_detail": {
          "paragraph_scoreT_exp": [
            [
              3,
              3,
              3
            ],
            [
              3,
              3,
              3
            ],
            [
              2,
              3,
              3
            ]
          ]
        },
        "paragraph_scoreT_avg": 2.9333334,
        "paragraph_id": "001"
      }
    ],
    "essay_scoreT": [
      28.8,
      28.8,
      29.4
    ],
    "essay_scoreT_avg": 29,
    "essay_scoreT_detail": {
      "essay_scoreT_org": [
        [
          3,
          0,
          3,
          3
        ],
        [
          3,
          0,
          3,
          3
        ],
        [
          3,
          0,
          3,
          3
        ]
      ],
      "essay_scoreT_cont": [
        [
          3,
          2,
          3,
          3
        ],
        [
          3,
          2,
          3,
          3
        ],
        [
          3,
          3,
          3,
          3
        ]
      ],
      "essay_scoreT_exp": [
        [
          3,
          3,
          3
        ],
        [
          3,
          3,
          3
        ],
        [
          2,
          3,
          3
        ]
      ]
    }
  },
  "student": {
    "date": "2021.12.09",
    "student_educated": true,
    "student_grade": "고등_1학년",
    "location": "063",
    "student_grade_group": "고등",
    "student_reading": 2
  },
  "rubric": {
    "essay_grade": "고등_1학년",
    "organization_weight": {
      "org_paragraph": 0,
      "org": 3,
      "org_essay": 6,
      "org_coherence": 3,
      "org_quantity": 1
    },
    "essay_type": "찬성반대",
    "content_weight": {
      "con_clearance": 3,
      "con_novelty": 3,
      "con": 4,
      "con_prompt": 1,
      "con_description": 3
    },
    "essay_main_subject": "비혼주의자에 대한 본인의 의견",
    "expression_weight": {
      "exp_style": 4,
      "exp_grammar": 2,
      "exp_vocab": 4,
      "exp": 3
    }
  },
  "correction": [],
  "info": {
    "essay_id": "ESSAY_61017",
    "essay_prompt": " \"\"연애는 필수, 결혼은 선택! 가슴이 뛰는 대로 가면 돼\"\".\n\n 유명한 유행가의 노래 가사처럼, 청년들에게 결혼은 이제 필수가 아닌 하나의 선택 사항입니다. 연애, 결혼, 출산을 포기한다는 의미의 '3포세대'라는 말이 나오기 무섭게 5포 세대, N포세대까지 등장할 정도로 취업난, 치솟는 부동산 가격 등 여러 사회·경제적 요인들로 청년층을 위축시켰습니다.\n\n 모두가 이러한 이유로 '결혼을 포기'하는 것만은 아닙니다. 개인의 행복을 위해 '비혼을 선택'하는 청년들도 늘고 있습니다. 이처럼 최근 전통적인 가치관에서 벗어나 연애와 동거는 하면서 결혼이라는 제도에 묶여 관계에서 파생되는 책임을 벗어나 자유로운 삶을 추구하는 비혼주의자가 늘고 있습니다.\n\n 다만, 개인의 자유로운 선택에 따라 비혼주의를 하지만 주변에서는 아직 고운 시선으로 바라보지 않는 사람도 많습니다. 결혼이라는 제도에 대해서 선택이 아닌 필수라고 생각하는 사람들도 많지요. 개개인이 모여 사회가 형성되기 때문에 사회의 가장 작은 단위인 가족을 이루는 것도 사회 구성원으로서의 큰 역할이라고 생각하는 사람들도 있습니다.\n\n 여러분은 결혼을 꼭 해야 한다고 생각하시나요? 아니면 결혼은 선택의 문제라고 생각하시나요? 비혼주의에 대해 찬성하는 입장 반대를 선택하여 자신의 의견을 작성해주세요. 그리고 그렇게 생각한 이유에 대해서 작성해주세요.",
    "essay_type": "찬성반대",
    "essay_level": "2",
    "essay_len": 1011,
    "essay_main_subject": "비혼주의자에 대한 본인의 의견"
  }
}