{
  "paragraph": [
    {
      "paragraph_txt": "저는 비혼주의를 반대하는 입장에 속합니다.#@문장구분# 현재 우리 사회에서 노인문제로 대두되는 가장 큰 이슈가 무엇인지 한번 생각해 보세요.#@문장구분# 뉴스에 간간이 나오는 노인 고독사, 독거노인의 요양문제 등의 노인문제가 큰 이슈가 되고 갈수록 발전하는 의학과 과학으로 인해 사람들의 생명연장이 이루어지면서 노인문제는 더 큰 사회문제가 되어 갈 것입니다.#@문장구분# 현재 노인문제를 살펴보면 자식이 있는데도 보살핌을 받지 못해 독거노인이 되는 경우도 나타나고 있습니다.#@문장구분# 그런데 비혼주의를 고집하는 사람들은 나이가 들어 보살핌을 받아야 할 시기에 자신을 보호해줄 보호자역활을 할 가족이 있을까요#@문장구분#  그들은 도대체 누가 보살피며 그들의 수발은 누가 들어야 할까요?#@문장구분# 이 모든 것이 국가가 도맡기에는 아직 우리 나라의 복지현실이나 경제적 상황이 긍적적이지 않다는 것은 누구나 알수 있는 상황입니다.#@문장구분# 지금도 기본소득이니 재난 지원금이나 돈을 지급하기 때문에 세금을 많이 걷어서 힘들다고 호소를 하는 상황입니다.#@문장구분# 저는 이런생각과 동시에 비혼도 고민하게 됩니다. #@문장구분#엄마는 명절이면 혼자 정신이 없으십니다.#@문장구분# 뿐만 아니라 주말 부부이시기 때문에 주중에 저희들 케어와 회사일로 정신이 없으시고 주말에 아빠가 오시면 아빠까지 챙기시느라 고생이 많으십니다. #@문장구분# 엄마가 결혼을 하지 않고 비혼주의로 혼자 살았다면 지금쯤 여행이나 다니시면서 운동이나 다니시면서 본인의 커리어를 쌓아 정말 멋진 커리어우먼이 되어있을텐데 안타까움이 들때도 있습니다.#@문장구분# 변덕도 심하고 이기적인 제가 가족을 위해 헌신하는 어머니가 될수 있을까요#@문장구분# 이런 것이 제가 비혼주의를 해야 하는 고민하는 부분입니다.#@문장구분# 그래도 이왕 인연이 있어서 연애를 한다면 남들이 해본다는 것은 전부다 해봐야 되지 않을까 싶다.#@문장구분#",
      "paragraph_len": 1146,
      "paragraph_id": "001"
    }
  ],
  "score": {
    "paragraph_score": [
      {
        "paragraph_scoreT": [
          3,
          3,
          2.6
        ],
        "paragraph_scoreT_detail": {
          "paragraph_scoreT_exp": [
            [
              3,
              3,
              3
            ],
            [
              3,
              3,
              3
            ],
            [
              3,
              2,
              3
            ]
          ]
        },
        "paragraph_scoreT_avg": 2.8666668,
        "paragraph_id": "001"
      }
    ],
    "essay_scoreT": [
      30,
      25.400002,
      24.6
    ],
    "essay_scoreT_avg": 26.666666,
    "essay_scoreT_detail": {
      "essay_scoreT_org": [
        [
          3,
          0,
          3,
          3
        ],
        [
          2,
          0,
          3,
          3
        ],
        [
          2,
          0,
          3,
          3
        ]
      ],
      "essay_scoreT_cont": [
        [
          3,
          3,
          3,
          3
        ],
        [
          3,
          2,
          2,
          2
        ],
        [
          3,
          2,
          3,
          2
        ]
      ],
      "essay_scoreT_exp": [
        [
          3,
          3,
          3
        ],
        [
          3,
          3,
          3
        ],
        [
          3,
          2,
          3
        ]
      ]
    }
  },
  "student": {
    "date": "2021.12.20",
    "student_educated": true,
    "student_grade": "고등_1학년",
    "location": "044",
    "student_grade_group": "고등",
    "student_reading": 2
  },
  "rubric": {
    "essay_grade": "고등_1학년",
    "organization_weight": {
      "org_paragraph": 0,
      "org": 3,
      "org_essay": 6,
      "org_coherence": 3,
      "org_quantity": 1
    },
    "essay_type": "찬성반대",
    "content_weight": {
      "con_clearance": 3,
      "con_novelty": 3,
      "con": 4,
      "con_prompt": 1,
      "con_description": 3
    },
    "essay_main_subject": "비혼주의자에 대한 본인의 의견",
    "expression_weight": {
      "exp_style": 4,
      "exp_grammar": 2,
      "exp_vocab": 4,
      "exp": 3
    }
  },
  "correction": [],
  "info": {
    "essay_id": "ESSAY_71292",
    "essay_prompt": " \"\"연애는 필수, 결혼은 선택! 가슴이 뛰는 대로 가면 돼\"\".\n\n 유명한 유행가의 노래 가사처럼, 청년들에게 결혼은 이제 필수가 아닌 하나의 선택 사항입니다. 연애, 결혼, 출산을 포기한다는 의미의 '3포세대'라는 말이 나오기 무섭게 5포 세대, N포세대까지 등장할 정도로 취업난, 치솟는 부동산 가격 등 여러 사회·경제적 요인들로 청년층을 위축시켰습니다.\n\n 모두가 이러한 이유로 '결혼을 포기'하는 것만은 아닙니다. 개인의 행복을 위해 '비혼을 선택'하는 청년들도 늘고 있습니다. 이처럼 최근 전통적인 가치관에서 벗어나 연애와 동거는 하면서 결혼이라는 제도에 묶여 관계에서 파생되는 책임을 벗어나 자유로운 삶을 추구하는 비혼주의자가 늘고 있습니다.\n\n 다만, 개인의 자유로운 선택에 따라 비혼주의를 하지만 주변에서는 아직 고운 시선으로 바라보지 않는 사람도 많습니다. 결혼이라는 제도에 대해서 선택이 아닌 필수라고 생각하는 사람들도 많지요. 개개인이 모여 사회가 형성되기 때문에 사회의 가장 작은 단위인 가족을 이루는 것도 사회 구성원으로서의 큰 역할이라고 생각하는 사람들도 있습니다.\n\n 여러분은 결혼을 꼭 해야 한다고 생각하시나요? 아니면 결혼은 선택의 문제라고 생각하시나요? 비혼주의에 대해 찬성하는 입장 반대를 선택하여 자신의 의견을 작성해주세요. 그리고 그렇게 생각한 이유에 대해서 작성해주세요.",
    "essay_type": "찬성반대",
    "essay_level": "2",
    "essay_len": 846,
    "essay_main_subject": "비혼주의자에 대한 본인의 의견"
  }
}