{
  "paragraph": [
    {
      "paragraph_txt": "저는 비혼주의를 어느 부분에서는 찬성하지만, 부분 적으로는 반대합니다.#@문장구분#\n \n저희 이모는 제가 어릴 때부터 우리 가족과 함께 사시다가 몇 년전 우리 가족이 이사를 가게 되면서 현재 혼자 살고 있습니다.#@문장구분#\n \n얼마전 이모가 일을 하시다가 다치셨다는 소식을 들었습니다.#@문장구분# 하지만 혼자 사시니 누가 가서 병간호를 해줄 수도 없는 상황이 있었습니다.#@문장구분# 이런 경험을 통해 나는 비혼주의에 대해 반대하게 되었습니다.#@문장구분#\n \n사실 처음에는 비혼주의에 대해 찬성하는 바도 있었습니다.#@문장구분#\n \n왜냐면 현재 사회를 봤을때 결혼이란 것이 너무 힘들게 느껴 졌기 때문입니다.  돈적인 문제도 많이 크다고 생각 했습니다.#@문장구분#\n \n하지만 이번 이모일을 겪은 이후로 생각이 많이 바뀌게 된거 같습니다.#@문장구분#\n \n그래서 제 생각에는 결혼은 하는게 맞다고 생각이 듭니다.#@문장구분#\n \n결혼을 한다는 것은 서로의 동반자가 되어주고 서로 위로, 배려, 행동 등 감정을 느끼고 서로를 돕는 것이라고 생각됩니다. #@문장구분#저희 부모님만 봐도 서로 아플 때 챙겨 줄수 있고 힘든일이 있을 때 서로 도울수 있기 때문에 결혼에 대해서는 찬성합니다.#@문장구분# \n \n현재 정부에서도 저출산을 막기위해 많은 노력을 하고 있습니다.#@문장구분# 신혼부부 제도 출산 했을때 해택같은것도 많이 생기고 있기 때문에 추 후에 금전적인 문제도 많이 해결 될 것이라고 생각 합니다.#@문장구분#  \n \n하지만 결혼을 한다는 것은 엄청난 책임감도 있어야 하고 자기 자신의 확신이 있어야 하기 때문에 남녀가 확신이 생겼을 때 결혼을 하는 것이 옳다고 생각합니다.#@문장구분# 그렇기 때문에 비혼주의자들을 이해하지 못하거나 결혼하라고 강요 할 생각은 없습니다.#@문장구분# \n \n자신의 개인적인 일이기 때문에 자유는 보장 해줘야 된다고 생각합니다.#@문장구분#",
      "paragraph_len": 1154,
      "paragraph_id": "001"
    }
  ],
  "score": {
    "paragraph_score": [
      {
        "paragraph_scoreT": [
          3,
          3,
          2.4
        ],
        "paragraph_scoreT_detail": {
          "paragraph_scoreT_exp": [
            [
              3,
              3,
              3
            ],
            [
              3,
              3,
              3
            ],
            [
              2,
              3,
              2
            ]
          ]
        },
        "paragraph_scoreT_avg": 2.8,
        "paragraph_id": "001"
      }
    ],
    "essay_scoreT": [
      30,
      29.7,
      24.5
    ],
    "essay_scoreT_avg": 28.066666,
    "essay_scoreT_detail": {
      "essay_scoreT_org": [
        [
          3,
          0,
          3,
          3
        ],
        [
          3,
          0,
          3,
          2
        ],
        [
          3,
          0,
          2,
          3
        ]
      ],
      "essay_scoreT_cont": [
        [
          3,
          3,
          3,
          3
        ],
        [
          3,
          3,
          3,
          3
        ],
        [
          2,
          2,
          2,
          3
        ]
      ],
      "essay_scoreT_exp": [
        [
          3,
          3,
          3
        ],
        [
          3,
          3,
          3
        ],
        [
          2,
          3,
          2
        ]
      ]
    }
  },
  "student": {
    "date": "2021.12.13",
    "student_educated": true,
    "student_grade": "고등_1학년",
    "location": "063",
    "student_grade_group": "고등",
    "student_reading": 2
  },
  "rubric": {
    "essay_grade": "고등_1학년",
    "organization_weight": {
      "org_paragraph": 0,
      "org": 3,
      "org_essay": 6,
      "org_coherence": 3,
      "org_quantity": 1
    },
    "essay_type": "찬성반대",
    "content_weight": {
      "con_clearance": 3,
      "con_novelty": 3,
      "con": 4,
      "con_prompt": 1,
      "con_description": 3
    },
    "essay_main_subject": "비혼주의자에 대한 본인의 의견",
    "expression_weight": {
      "exp_style": 4,
      "exp_grammar": 2,
      "exp_vocab": 4,
      "exp": 3
    }
  },
  "correction": [],
  "info": {
    "essay_id": "ESSAY_62889",
    "essay_prompt": " \"\"연애는 필수, 결혼은 선택! 가슴이 뛰는 대로 가면 돼\"\".\n\n 유명한 유행가의 노래 가사처럼, 청년들에게 결혼은 이제 필수가 아닌 하나의 선택 사항입니다. 연애, 결혼, 출산을 포기한다는 의미의 '3포세대'라는 말이 나오기 무섭게 5포 세대, N포세대까지 등장할 정도로 취업난, 치솟는 부동산 가격 등 여러 사회·경제적 요인들로 청년층을 위축시켰습니다.\n\n 모두가 이러한 이유로 '결혼을 포기'하는 것만은 아닙니다. 개인의 행복을 위해 '비혼을 선택'하는 청년들도 늘고 있습니다. 이처럼 최근 전통적인 가치관에서 벗어나 연애와 동거는 하면서 결혼이라는 제도에 묶여 관계에서 파생되는 책임을 벗어나 자유로운 삶을 추구하는 비혼주의자가 늘고 있습니다.\n\n 다만, 개인의 자유로운 선택에 따라 비혼주의를 하지만 주변에서는 아직 고운 시선으로 바라보지 않는 사람도 많습니다. 결혼이라는 제도에 대해서 선택이 아닌 필수라고 생각하는 사람들도 많지요. 개개인이 모여 사회가 형성되기 때문에 사회의 가장 작은 단위인 가족을 이루는 것도 사회 구성원으로서의 큰 역할이라고 생각하는 사람들도 있습니다.\n\n 여러분은 결혼을 꼭 해야 한다고 생각하시나요? 아니면 결혼은 선택의 문제라고 생각하시나요? 비혼주의에 대해 찬성하는 입장 반대를 선택하여 자신의 의견을 작성해주세요. 그리고 그렇게 생각한 이유에 대해서 작성해주세요.",
    "essay_type": "찬성반대",
    "essay_level": "2",
    "essay_len": 829,
    "essay_main_subject": "비혼주의자에 대한 본인의 의견"
  }
}