{
  "paragraph": [
    {
      "paragraph_txt": "저는 먼저 이 비혼주의에 대해서 찬성합니다.#@문장구분# 먼저 저 자체는 혼인을 하는 것이 더 좋다고 생각을 했습니다.#@문장구분# 왜냐하면 나이가 들어서 아무도 주위에 없으면 왜롭다는 생각도 들 뿐만아니라 어떤 주위에서의 시선도 눈치가 보이는 것이 사실이기 때문입니다.#@문장구분# 나이가 들어서 아직도 결혼을 안했냐는 그 시선을 견디는 것은 왠만한 강심장이 아니고서야 괴로울 수밖에 없습니다.#@문장구분# 하지만 요즘 사람들은 결혼도 하고 싶으면 하고 하기 싫으면 하지 않습니다.#@문장구분# 그래서 나도 비혼주의자 들을 나쁘게 보진 않습니다.#@문장구분# 나쁘게 볼 이유도 없고 나쁘게 봐서 나한테 도움 되는게 없기 때문입니다.#@문장구분# 만약 내 주변에 비혼주의자가 있다하면 오히려 더 응원해주고 도와줄 수 있는게 있으면 도와줄 것입니다.#@문장구분# 그리고 결혼을 하지 않으면 금전적인 요인 심리적인 요인 같은 요인에서 부담도 느끼지 않을 것이고 부부간 서로 다른 성격 가치관 생활습관으로 싸우는 일도 없을 것입니다.#@문장구분# 그래서 나도 비혼주의는 그렇게 나쁘진 않다고 생각합니다.#@문장구분# 인간은 도덕성과 같이 특정 요소를 지키는 것을 제외하고는 사회 집단 내에서는 자신이 원하는 것을 누리며 살아 갈 수 있는 권리가 있기 때문입니다.#@문장구분# 즉, 인간은 인간으로서 자신이 속한 사회집단 내에서 자신의 의사를 밝히며 살아갈 수 있는 권리, 인권/자유권가 있기 때문에 그렇게 생각합니다.#@문장구분# 또한 요즘 개인주의 사회로 변해가면서 어떤 결합보다도 개인의 자유가 더 중시되고 있습니다.#@문장구분# 그렇기 때문에 아이를 키우면서 드는 비용에 힘들어하는 것 보다도 개인의 삶을 위해서 투자하는것도 나쁘지 않은 것 같습니다.#@문장구분# 따라서 저는 이 비혼주의에 대해서 찬성하는 입장입니다.#@문장구분#",
      "paragraph_len": 1108,
      "paragraph_id": "001"
    }
  ],
  "score": {
    "paragraph_score": [
      {
        "paragraph_scoreT": [
          3,
          3,
          3
        ],
        "paragraph_scoreT_detail": {
          "paragraph_scoreT_exp": [
            [
              3,
              3,
              3
            ],
            [
              3,
              3,
              3
            ],
            [
              3,
              3,
              3
            ]
          ]
        },
        "paragraph_scoreT_avg": 3,
        "paragraph_id": "001"
      }
    ],
    "essay_scoreT": [
      28.8,
      28.8,
      30
    ],
    "essay_scoreT_avg": 29.199999,
    "essay_scoreT_detail": {
      "essay_scoreT_org": [
        [
          3,
          0,
          3,
          3
        ],
        [
          3,
          0,
          3,
          3
        ],
        [
          3,
          0,
          3,
          3
        ]
      ],
      "essay_scoreT_cont": [
        [
          3,
          2,
          3,
          3
        ],
        [
          3,
          2,
          3,
          3
        ],
        [
          3,
          3,
          3,
          3
        ]
      ],
      "essay_scoreT_exp": [
        [
          3,
          3,
          3
        ],
        [
          3,
          3,
          3
        ],
        [
          3,
          3,
          3
        ]
      ]
    }
  },
  "student": {
    "date": "2021.12.21",
    "student_educated": true,
    "student_grade": "고등_1학년",
    "location": "063",
    "student_grade_group": "고등",
    "student_reading": 1
  },
  "rubric": {
    "essay_grade": "고등_1학년",
    "organization_weight": {
      "org_paragraph": 0,
      "org": 3,
      "org_essay": 6,
      "org_coherence": 3,
      "org_quantity": 1
    },
    "essay_type": "찬성반대",
    "content_weight": {
      "con_clearance": 3,
      "con_novelty": 3,
      "con": 4,
      "con_prompt": 1,
      "con_description": 3
    },
    "essay_main_subject": "비혼주의자에 대한 본인의 의견",
    "expression_weight": {
      "exp_style": 4,
      "exp_grammar": 2,
      "exp_vocab": 4,
      "exp": 3
    }
  },
  "correction": [],
  "info": {
    "essay_id": "ESSAY_72067",
    "essay_prompt": " \"\"연애는 필수, 결혼은 선택! 가슴이 뛰는 대로 가면 돼\"\".\n\n 유명한 유행가의 노래 가사처럼, 청년들에게 결혼은 이제 필수가 아닌 하나의 선택 사항입니다. 연애, 결혼, 출산을 포기한다는 의미의 '3포세대'라는 말이 나오기 무섭게 5포 세대, N포세대까지 등장할 정도로 취업난, 치솟는 부동산 가격 등 여러 사회·경제적 요인들로 청년층을 위축시켰습니다.\n\n 모두가 이러한 이유로 '결혼을 포기'하는 것만은 아닙니다. 개인의 행복을 위해 '비혼을 선택'하는 청년들도 늘고 있습니다. 이처럼 최근 전통적인 가치관에서 벗어나 연애와 동거는 하면서 결혼이라는 제도에 묶여 관계에서 파생되는 책임을 벗어나 자유로운 삶을 추구하는 비혼주의자가 늘고 있습니다.\n\n 다만, 개인의 자유로운 선택에 따라 비혼주의를 하지만 주변에서는 아직 고운 시선으로 바라보지 않는 사람도 많습니다. 결혼이라는 제도에 대해서 선택이 아닌 필수라고 생각하는 사람들도 많지요. 개개인이 모여 사회가 형성되기 때문에 사회의 가장 작은 단위인 가족을 이루는 것도 사회 구성원으로서의 큰 역할이라고 생각하는 사람들도 있습니다.\n\n 여러분은 결혼을 꼭 해야 한다고 생각하시나요? 아니면 결혼은 선택의 문제라고 생각하시나요? 비혼주의에 대해 찬성하는 입장 반대를 선택하여 자신의 의견을 작성해주세요. 그리고 그렇게 생각한 이유에 대해서 작성해주세요.",
    "essay_type": "찬성반대",
    "essay_level": "2",
    "essay_len": 808,
    "essay_main_subject": "비혼주의자에 대한 본인의 의견"
  }
}