{
  "paragraph": [
    {
      "paragraph_txt": "제목: 비혼주의에 대한 나의 의견#@문장구분#\n요즘 젊은층과 중년층의 다양한 사람들이 결혼을 하지않는 '비혼주의'의 성향을 가진 사람들이 늘어나고 있다.#@문장구분# 우선 '비혼주의'가 많이 퍼지게 된 까닭을 알아보자면#@문장구분# \n첫째. 여성들의 인권 상승이다.#@문장구분# 옛날의 한국은 가부장적인 사회 분위기를 띈 국가였다.#@문장구분# 하지만 2000년대에 들어와서부터 여성들의 인권이 상승하며 가부장적인 사회 분위기였던 한국은 남녀평등을 중요시하는 사회 분위기로 형성되었다.#@문장구분# 여성들의 인권이 상승함에 따라 당연히 여성들의 사회 활동 참여율이 증가하게 되고 사회활동 참여로 바빠진 많은 여성들이 굳이 결혼을 안해도 된다는 생각이 들게되고 또한 회사 같은 경우도 결혼을 해서 아이를 낳게 되어 육아 휴직을 쓰게 되면 다시 회사로 돌아 올 때 많이 힘들어 지기도 하고 많은 불편함을 겪게 되기 때문이다.#@문장구분#\n둘째. 문화의 발달이다.#@문장구분#\n요즘 2000년대에는 많은 문화 생활이 발달되어 있다#@문장구분# 그러므로 결혼을 하지않고 자유롭게 문화 생활을 즐기기 위하여 비혼주의가 퍼지게 된 것이다.#@문장구분#\n셋째. 사회 분위기의 변화이다.#@문장구분# 1990년대 까지만 해도 한국은 대부분 결혼을 해야 행복해지고 무조건 해야한다는 분위기가 짙었다.#@문장구분# 하지만 2000년대에 들어오면서부터 사람들의 인식과 분위기가 점차 결혼은 무조건 해야 하는 것이 아닌 자신이 원하거나 하고 싶으면 하는것이라는 인식으로 바뀌어서이다.#@문장구분#\n비혼주의에 대한 나의 의견은 나는 비혼주의자는 아니지만 비혼주의에 대해서는 긍정적으로 생각하고 있다.#@문장구분# 앞서 말했듯 결혼은 무조건 해야하는게 아니라 선택적으로 자신과 상대방의 의견이 일치하여 두사람다 결혼을 원할 경우에 하는 것이므로 자신이 원하지 않는다면 하지않아도 된다고 생각한다#@문장구분# 그래서 나는 비혼주의에 대하여 긍정적으로 생각하고 있다.#@문장구분# 만약 비혼주의 였어도 나중에 좋은 남자/여자를 만나서 생각이 바뀔수도 있기 때문이다.#@문장구분#\n결혼을 굳이 하지않아도 요즘 사회는 많은 즐길거리가 많고 또한 결혼을 하지 않겠다는 생각인거지 연애를 하지 않겠다는 것이 아니기 때문에 비혼 주의 또한 나쁘지 않다고 생각한다.#@문장구분# 많은 사람들이 연애 끝에 결혼을 하지만 연애할때의 풋풋함과 서로를 대하는 존중감과 소중함이 결혼이라는 익숙함에 뭍혀 사라져 이혼하거나 서로 다투거나 하며 가정폭력이라는 커다란 사회 문제가 발생하고 있는 요즘 사회에서 결혼을 하지않고 연애만 한다는 것도 괜찮은 방법이라고 생각한다.#@문장구분# 마지막으로 웹툰 작가 주호민 작가님께서 하신 말씀중에#@문장구분# \n\"비혼주의는 결혼으로 완성돼요..#@문장구분# 왜냐하면 자신의 생각이 옳았다는 것을 확인 할수있기 때문이에요.\"라는 말이 있다.#@문장구분# 이처럼 많은 사회층의 인원들이 \n비혼주의에 대하여 다양한 의견을 가지고 있지만 나의 생각은 만약 자신이 결혼 하지 않고 싶다면 하지 않으면되고 생각이 바뀌게된다면 하면 되고 바뀌지 않는다면 하지않아도 되는 사항이기 때문에 결혼은 개인이 하는 선택이므로  비혼주의가 옳다 그르다 보다는 서로의 의견을 존중해 줬으면 좋겠다는 바램이 나의 의견이다.#@문장구분#",
      "paragraph_len": 1921,
      "paragraph_id": "001"
    }
  ],
  "score": {
    "paragraph_score": [
      {
        "paragraph_scoreT": [
          3,
          3,
          2
        ],
        "paragraph_scoreT_detail": {
          "paragraph_scoreT_exp": [
            [
              3,
              3,
              3
            ],
            [
              3,
              3,
              3
            ],
            [
              2,
              2,
              2
            ]
          ]
        },
        "paragraph_scoreT_avg": 2.6666667,
        "paragraph_id": "001"
      }
    ],
    "essay_scoreT": [
      30,
      26.6,
      19.7
    ],
    "essay_scoreT_avg": 25.433334,
    "essay_scoreT_detail": {
      "essay_scoreT_org": [
        [
          3,
          0,
          3,
          3
        ],
        [
          2,
          0,
          3,
          3
        ],
        [
          2,
          0,
          3,
          2
        ]
      ],
      "essay_scoreT_cont": [
        [
          3,
          3,
          3,
          3
        ],
        [
          3,
          2,
          2,
          3
        ],
        [
          3,
          1,
          2,
          1
        ]
      ],
      "essay_scoreT_exp": [
        [
          3,
          3,
          3
        ],
        [
          3,
          3,
          3
        ],
        [
          2,
          2,
          2
        ]
      ]
    }
  },
  "student": {
    "date": "2021.09.02",
    "student_educated": true,
    "student_grade": "고등_1학년",
    "location": "051",
    "student_grade_group": "고등",
    "student_reading": 2
  },
  "rubric": {
    "essay_grade": "고등_1학년",
    "organization_weight": {
      "org_paragraph": 0,
      "org": 3,
      "org_essay": 6,
      "org_coherence": 3,
      "org_quantity": 1
    },
    "essay_type": "찬성반대",
    "content_weight": {
      "con_clearance": 3,
      "con_novelty": 3,
      "con": 4,
      "con_prompt": 1,
      "con_description": 3
    },
    "essay_main_subject": "비혼주의자에 대한 본인의 의견",
    "expression_weight": {
      "exp_style": 4,
      "exp_grammar": 2,
      "exp_vocab": 4,
      "exp": 3
    }
  },
  "correction": [],
  "info": {
    "essay_id": "ESSAY_34038",
    "essay_prompt": " \"\"연애는 필수, 결혼은 선택! 가슴이 뛰는 대로 가면 돼\"\".\n\n 유명한 유행가의 노래 가사처럼, 청년들에게 결혼은 이제 필수가 아닌 하나의 선택 사항입니다. 연애, 결혼, 출산을 포기한다는 의미의 '3포세대'라는 말이 나오기 무섭게 5포 세대, N포세대까지 등장할 정도로 취업난, 치솟는 부동산 가격 등 여러 사회·경제적 요인들로 청년층을 위축시켰습니다.\n\n 모두가 이러한 이유로 '결혼을 포기'하는 것만은 아닙니다. 개인의 행복을 위해 '비혼을 선택'하는 청년들도 늘고 있습니다. 이처럼 최근 전통적인 가치관에서 벗어나 연애와 동거는 하면서 결혼이라는 제도에 묶여 관계에서 파생되는 책임을 벗어나 자유로운 삶을 추구하는 비혼주의자가 늘고 있습니다.\n\n 다만, 개인의 자유로운 선택에 따라 비혼주의를 하지만 주변에서는 아직 고운 시선으로 바라보지 않는 사람도 많습니다. 결혼이라는 제도에 대해서 선택이 아닌 필수라고 생각하는 사람들도 많지요. 개개인이 모여 사회가 형성되기 때문에 사회의 가장 작은 단위인 가족을 이루는 것도 사회 구성원으로서의 큰 역할이라고 생각하는 사람들도 있습니다.\n\n 여러분은 결혼을 꼭 해야 한다고 생각하시나요? 아니면 결혼은 선택의 문제라고 생각하시나요? 비혼주의에 대해 찬성하는 입장 반대를 선택하여 자신의 의견을 작성해주세요. 그리고 그렇게 생각한 이유에 대해서 작성해주세요.",
    "essay_type": "찬성반대",
    "essay_level": "2",
    "essay_len": 1462,
    "essay_main_subject": "비혼주의자에 대한 본인의 의견"
  }
}