{
  "paragraph": [
    {
      "paragraph_txt": "저는 결혼이 인생의 정답은 아니고 연애나 결혼은 자연스러운 것으로 물흐르듯이 자연스럽게 이루어지는 것이지 반드시 해야하는 것은 아니라고 생각합니다.#@문장구분# 그래서 비혼주의에 대해서 찬성하는 입장입니다.#@문장구분# 사랑하는 사람을 만나고 그 사람과 평생을 같이 보내도 되겠다라는 확신이 생기면 자연스럽게 결혼이라는 골인지점까지 골인을 하겠지만 그렇지 않고 결혼인라는 목표지점까지 가지 위해 상대를 물색하고 조건에 맞는 상대를 골라 결혼하는 것이 인생의 목표쯤으로 여기는 사람들의 인생이 얼마나 행복할지 저는 장담할수 없을 것이라고 생각합니다.#@문장구분# 비혼주의자들은 아마 이런 생각을 하기 때문에 비혼주의자가 된건 아닐까요?#@문장구분# 저또한 운명같은 사랑을 만나고 죽음이 갈라 놓을때 까지 사랑을 포기 하지 못할 만한 사람을 만나면 누가 말리던지 간에 그 사람과 결혼을 할것이지만 그런 운명적인 사랑이 아니고서는 제 인생을 결혼이라는 제도에 내던지는 바보같은 행동은 하지 않고 싶습니다.#@문장구분# 여성의 입장에서 보면 결혼을 한다는 것은 인생에서 매우 어려운 결정입니다.#@문장구분# 결혼과 동시에 사회적 활동에도 제약이 생기게 될것이고 만약 임신과 출산을 겪게 된다면 사회활동에 큰 공백이 발생하게 됩니다.#@문장구분# 그럼으로 인한 경력단절 등은 여성의 사회적 지위를 추락시키는 중요한 요인으로 작용합니다.#@문장구분# 임신과 출산을 무사히 이겨낸다고 해도 육아라는 큰 산이 기다리고 있으며 부모님 등의 도움을 받지 않고 사회생활과 육아라는 산을 넘기에 너무 힘든것이 현실 사회 모습입니다.#@문장구분# 국가 차원에서 보육서비스의 질적 양적 향상을 시키고 복지정책을 확장시켰다고는 하지만 아직 매우 많이 부족한 것이 현실이기 때문입니다.#@문장구분# 그래서 저는 비혼주의에 찬성하며 여성들이 선택하는 비혼주의를 절실히 이해하고 있습니다,.#@문장구분#",
      "paragraph_len": 1078,
      "paragraph_id": "001"
    }
  ],
  "score": {
    "paragraph_score": [
      {
        "paragraph_scoreT": [
          3,
          3,
          2.4
        ],
        "paragraph_scoreT_detail": {
          "paragraph_scoreT_exp": [
            [
              3,
              3,
              3
            ],
            [
              3,
              3,
              3
            ],
            [
              2,
              3,
              2
            ]
          ]
        },
        "paragraph_scoreT_avg": 2.8,
        "paragraph_id": "001"
      }
    ],
    "essay_scoreT": [
      30,
      28.8,
      24.5
    ],
    "essay_scoreT_avg": 27.766668,
    "essay_scoreT_detail": {
      "essay_scoreT_org": [
        [
          3,
          0,
          3,
          3
        ],
        [
          3,
          0,
          3,
          3
        ],
        [
          3,
          0,
          2,
          3
        ]
      ],
      "essay_scoreT_cont": [
        [
          3,
          3,
          3,
          3
        ],
        [
          3,
          2,
          3,
          3
        ],
        [
          2,
          2,
          2,
          3
        ]
      ],
      "essay_scoreT_exp": [
        [
          3,
          3,
          3
        ],
        [
          3,
          3,
          3
        ],
        [
          2,
          3,
          2
        ]
      ]
    }
  },
  "student": {
    "date": "2021.12.19",
    "student_educated": true,
    "student_grade": "고등_1학년",
    "location": "063",
    "student_grade_group": "고등",
    "student_reading": 1
  },
  "rubric": {
    "essay_grade": "고등_1학년",
    "organization_weight": {
      "org_paragraph": 0,
      "org": 3,
      "org_essay": 6,
      "org_coherence": 3,
      "org_quantity": 1
    },
    "essay_type": "찬성반대",
    "content_weight": {
      "con_clearance": 3,
      "con_novelty": 3,
      "con": 4,
      "con_prompt": 1,
      "con_description": 3
    },
    "essay_main_subject": "비혼주의자에 대한 본인의 의견",
    "expression_weight": {
      "exp_style": 4,
      "exp_grammar": 2,
      "exp_vocab": 4,
      "exp": 3
    }
  },
  "correction": [],
  "info": {
    "essay_id": "ESSAY_71349",
    "essay_prompt": " \"\"연애는 필수, 결혼은 선택! 가슴이 뛰는 대로 가면 돼\"\".\n\n 유명한 유행가의 노래 가사처럼, 청년들에게 결혼은 이제 필수가 아닌 하나의 선택 사항입니다. 연애, 결혼, 출산을 포기한다는 의미의 '3포세대'라는 말이 나오기 무섭게 5포 세대, N포세대까지 등장할 정도로 취업난, 치솟는 부동산 가격 등 여러 사회·경제적 요인들로 청년층을 위축시켰습니다.\n\n 모두가 이러한 이유로 '결혼을 포기'하는 것만은 아닙니다. 개인의 행복을 위해 '비혼을 선택'하는 청년들도 늘고 있습니다. 이처럼 최근 전통적인 가치관에서 벗어나 연애와 동거는 하면서 결혼이라는 제도에 묶여 관계에서 파생되는 책임을 벗어나 자유로운 삶을 추구하는 비혼주의자가 늘고 있습니다.\n\n 다만, 개인의 자유로운 선택에 따라 비혼주의를 하지만 주변에서는 아직 고운 시선으로 바라보지 않는 사람도 많습니다. 결혼이라는 제도에 대해서 선택이 아닌 필수라고 생각하는 사람들도 많지요. 개개인이 모여 사회가 형성되기 때문에 사회의 가장 작은 단위인 가족을 이루는 것도 사회 구성원으로서의 큰 역할이라고 생각하는 사람들도 있습니다.\n\n 여러분은 결혼을 꼭 해야 한다고 생각하시나요? 아니면 결혼은 선택의 문제라고 생각하시나요? 비혼주의에 대해 찬성하는 입장 반대를 선택하여 자신의 의견을 작성해주세요. 그리고 그렇게 생각한 이유에 대해서 작성해주세요.",
    "essay_type": "찬성반대",
    "essay_level": "2",
    "essay_len": 858,
    "essay_main_subject": "비혼주의자에 대한 본인의 의견"
  }
}