{
  "paragraph": [
    {
      "paragraph_txt": "나는 찬성 이라도 생각한다.#@문장구분# 우리가 결혼을하면 몸과 맘이 더 건강해질  것이다.#@문장구분# 지금까지 발표된 각종 논문에 따르면 기혼자는 미혼자와 비교해서 정신질환을 포함한 다양한 질환에서 높은 수준의 건강 상태를 유지했으며 더 낮은 사망률을 보였다.#@문장구분# 2013년 미국종양외과과학지에 기재된 내용을 보면 기혼 암 환자들의 암 전이 율이 비혼 암 환자들과 비교해서 약 17% 정도 낮게 나오는 등 기혼자들의 암 생존율이 미혼자들보다 높았다.#@문장구분# 2014년 미국심장학이사보에 따르면 제프리 쿠빈 박사가 이끄는 연구진이 성인 약 3,500만 명의 건강기록을 살펴본 결과, 기혼자가 심장 관련 질환에 걸릴 위험이 미혼자보다 현저히 낮았다.#@문장구분# 쿠빈 박사는 \"이번 연구 결과는 스트레스가 심장 건강에 미치는 영향과 결혼 생활의 장점에 대해 설명한다\"라고 말하며, \"행복하고 성공적인 결혼 생활을 하는 사람일수록 스트레스와 갈등을 적게 경험하기 때문에 심장 관련 질환에 걸릴 위험이 적다\"라고 전했다.#@문장구분# 이렇듯 우리나라 출산율이 매우 낮고 결혼을 하지 않는 것 보다 결혼하는 것이 더 좋기 때문에 결혼을 할 수 있다면 하는 것이 좋다고 생각한다.#@문장구분# 결혼을 하면 의지할 수 있는 사람이 생긴다는 것이다. #@문장구분#한국보건사회연구원의 '저 출산·고령사회 대응 국민 인식 및 욕구 심층 조사 체계 운영' 정책 현안 보고서에 따르면, 만 19~49세 성인남녀 2천명 대상으로 조사를 하였고, 결혼의 이점이 전혀 없다고 생각하는 경우를 제외하고 결혼의 가장 큰 이점을 알아본 결과, '정신적 의지'가 44.5%로 가장 많았고, '사랑하는 사람과 함께 있을 수 있음'이 31.4%로 두 번째를 차지하였을 정도로 정신건강에도  도움이 될 것이다.#@문장구분# 행복한 결혼생활은 우리들의 육체와 정신을 튼튼하고 강하게 만들어준다.#@문장구분#",
      "paragraph_len": 1072,
      "paragraph_id": "001"
    }
  ],
  "score": {
    "paragraph_score": [
      {
        "paragraph_scoreT": [
          3,
          2.8,
          2.4
        ],
        "paragraph_scoreT_detail": {
          "paragraph_scoreT_exp": [
            [
              3,
              3,
              3
            ],
            [
              2,
              3,
              3
            ],
            [
              2,
              3,
              2
            ]
          ]
        },
        "paragraph_scoreT_avg": 2.7333336,
        "paragraph_id": "001"
      }
    ],
    "essay_scoreT": [
      30,
      27.6,
      23.1
    ],
    "essay_scoreT_avg": 26.9,
    "essay_scoreT_detail": {
      "essay_scoreT_org": [
        [
          3,
          0,
          3,
          3
        ],
        [
          2,
          0,
          3,
          3
        ],
        [
          2,
          0,
          2,
          3
        ]
      ],
      "essay_scoreT_cont": [
        [
          3,
          3,
          3,
          3
        ],
        [
          3,
          3,
          3,
          3
        ],
        [
          2,
          2,
          3,
          3
        ]
      ],
      "essay_scoreT_exp": [
        [
          3,
          3,
          3
        ],
        [
          2,
          3,
          3
        ],
        [
          2,
          3,
          2
        ]
      ]
    }
  },
  "student": {
    "date": "2021.12.15",
    "student_educated": true,
    "student_grade": "고등_1학년",
    "location": "063",
    "student_grade_group": "고등",
    "student_reading": 2
  },
  "rubric": {
    "essay_grade": "고등_1학년",
    "organization_weight": {
      "org_paragraph": 0,
      "org": 3,
      "org_essay": 6,
      "org_coherence": 3,
      "org_quantity": 1
    },
    "essay_type": "찬성반대",
    "content_weight": {
      "con_clearance": 3,
      "con_novelty": 3,
      "con": 4,
      "con_prompt": 1,
      "con_description": 3
    },
    "essay_main_subject": "비혼주의자에 대한 본인의 의견",
    "expression_weight": {
      "exp_style": 4,
      "exp_grammar": 2,
      "exp_vocab": 4,
      "exp": 3
    }
  },
  "correction": [],
  "info": {
    "essay_id": "ESSAY_71377",
    "essay_prompt": " \"\"연애는 필수, 결혼은 선택! 가슴이 뛰는 대로 가면 돼\"\".\n\n 유명한 유행가의 노래 가사처럼, 청년들에게 결혼은 이제 필수가 아닌 하나의 선택 사항입니다. 연애, 결혼, 출산을 포기한다는 의미의 '3포세대'라는 말이 나오기 무섭게 5포 세대, N포세대까지 등장할 정도로 취업난, 치솟는 부동산 가격 등 여러 사회·경제적 요인들로 청년층을 위축시켰습니다.\n\n 모두가 이러한 이유로 '결혼을 포기'하는 것만은 아닙니다. 개인의 행복을 위해 '비혼을 선택'하는 청년들도 늘고 있습니다. 이처럼 최근 전통적인 가치관에서 벗어나 연애와 동거는 하면서 결혼이라는 제도에 묶여 관계에서 파생되는 책임을 벗어나 자유로운 삶을 추구하는 비혼주의자가 늘고 있습니다.\n\n 다만, 개인의 자유로운 선택에 따라 비혼주의를 하지만 주변에서는 아직 고운 시선으로 바라보지 않는 사람도 많습니다. 결혼이라는 제도에 대해서 선택이 아닌 필수라고 생각하는 사람들도 많지요. 개개인이 모여 사회가 형성되기 때문에 사회의 가장 작은 단위인 가족을 이루는 것도 사회 구성원으로서의 큰 역할이라고 생각하는 사람들도 있습니다.\n\n 여러분은 결혼을 꼭 해야 한다고 생각하시나요? 아니면 결혼은 선택의 문제라고 생각하시나요? 비혼주의에 대해 찬성하는 입장 반대를 선택하여 자신의 의견을 작성해주세요. 그리고 그렇게 생각한 이유에 대해서 작성해주세요.",
    "essay_type": "찬성반대",
    "essay_level": "2",
    "essay_len": 872,
    "essay_main_subject": "비혼주의자에 대한 본인의 의견"
  }
}