{
  "paragraph": [
    {
      "paragraph_txt": "비혼은 어떤 이유들로 인해 청년층들에게 각광받고, 또 확대되고 있는가?#@문장구분# 비혼 선언의 배경에는 두가지가 있을 것 같다.#@문장구분# 첫 번째로는 비혼을 '어쩔 수 없이' 선택한 사람들이다.#@문장구분# 이들은 주로 외부적인 요인으로 비혼을 결심한 사람들이고, 이때 말하는 외부적인 요인은 크게 두 가지로 나뉘게 된다.#@문장구분# 내가 생각하는 가장 큰 이유는 그중에서도 계속되는 경제불황과 그에 따른 고용 불안이다.#@문장구분# 1997년 외환 위기 이후 경제성장률이 지속적으로 감소하며 노동시장에도 많은 변화가 일어났다.#@문장구분# 비정규직이 증가하며, 그에 따라 고용의 안정성은 날이 갈수록 감소했다.#@문장구분# 청년 실업률 또한 오랜 시간 큰 사회적 문제였다.#@문장구분# 직장인 앱으로 유명한 <블라인드>에 따르면 지난해 3월 직장인 10,983명을 대상으로 실시한 설문조사에서 전체 응답자의 31%가 경제 위기로 인해 권고사직, 희망퇴직을 목격하거나 직접 경험한 적이 있다고 답하며 응답자의 절반 이상인 55%는 경제 위기로 인한 고용 불안을 실제로 느낀 적이 있다고 응답했다.#@문장구분# 이런 상황에서 청년들에게 결혼은 최선의 선택이 아니다.#@문장구분# 결혼제도 안으로 발을 내딛는 순간, 경제적으로 책임져야 할 대상이 '나' 혼자가 아닌 '우리'라는 여러명의 형태가 되어버리기 때문이다.#@문장구분#",
      "paragraph_len": 838,
      "paragraph_id": "001"
    },
    {
      "paragraph_txt": " 두 번째 로는 기존 가족문화에 대한 피로도가 쌓인 집단이다.#@문장구분# 이것은 예전 명절 분위기와 요새 명절 분위기가 사뭇 달라진 점에서도 느낄 수 있을 것이다.#@문장구분# 이런식으로 나라는 사람 하나 지키고 아끼기도 힘든데 한 명 이상을 더 늘린다는 것이 힘들다는 점에서 최근 비혼주의를 얘기하는 사람들이 늘고있다고 생각하며 나자신을 너무 사랑하고 스트레스받지않고 세상을 살아갈수있는데 나만생각하며 즐겁게 살수있는데 라는 요즘 트랜드가 생겨서 그러지않을까라는생각이가#@문장구분# 그래서 결론은 나는 비혼주의너무 좋은말같다 찬성하는 바이다.#@문장구분#",
      "paragraph_len": 364,
      "paragraph_id": "002"
    }
  ],
  "score": {
    "paragraph_score": [
      {
        "paragraph_scoreT": [
          3,
          2.8,
          2.8
        ],
        "paragraph_scoreT_detail": {
          "paragraph_scoreT_exp": [
            [
              3,
              3,
              3
            ],
            [
              2,
              3,
              3
            ],
            [
              2,
              3,
              3
            ]
          ]
        },
        "paragraph_scoreT_avg": 2.8666668,
        "paragraph_id": "001"
      },
      {
        "paragraph_scoreT": [
          3,
          2.8,
          2.8
        ],
        "paragraph_scoreT_detail": {
          "paragraph_scoreT_exp": [
            [
              3,
              3,
              3
            ],
            [
              2,
              3,
              3
            ],
            [
              2,
              3,
              3
            ]
          ]
        },
        "paragraph_scoreT_avg": 2.8666668,
        "paragraph_id": "002"
      }
    ],
    "essay_scoreT": [
      30,
      27.3,
      28.2
    ],
    "essay_scoreT_avg": 28.5,
    "essay_scoreT_detail": {
      "essay_scoreT_org": [
        [
          3,
          0,
          3,
          3
        ],
        [
          3,
          0,
          2,
          3
        ],
        [
          3,
          0,
          3,
          3
        ]
      ],
      "essay_scoreT_cont": [
        [
          3,
          3,
          3,
          3
        ],
        [
          3,
          2,
          3,
          3
        ],
        [
          3,
          2,
          3,
          3
        ]
      ],
      "essay_scoreT_exp": [
        [
          3,
          3,
          3
        ],
        [
          2,
          3,
          3
        ],
        [
          2,
          3,
          3
        ]
      ]
    }
  },
  "student": {
    "date": "2021.12.15",
    "student_educated": true,
    "student_grade": "고등_1학년",
    "location": "063",
    "student_grade_group": "고등",
    "student_reading": 2
  },
  "rubric": {
    "essay_grade": "고등_1학년",
    "organization_weight": {
      "org_paragraph": 0,
      "org": 3,
      "org_essay": 6,
      "org_coherence": 3,
      "org_quantity": 1
    },
    "essay_type": "찬성반대",
    "content_weight": {
      "con_clearance": 3,
      "con_novelty": 3,
      "con": 4,
      "con_prompt": 1,
      "con_description": 3
    },
    "essay_main_subject": "비혼주의자에 대한 본인의 의견",
    "expression_weight": {
      "exp_style": 4,
      "exp_grammar": 2,
      "exp_vocab": 4,
      "exp": 3
    }
  },
  "correction": [],
  "info": {
    "essay_id": "ESSAY_71838",
    "essay_prompt": " \"\"연애는 필수, 결혼은 선택! 가슴이 뛰는 대로 가면 돼\"\".\n\n 유명한 유행가의 노래 가사처럼, 청년들에게 결혼은 이제 필수가 아닌 하나의 선택 사항입니다. 연애, 결혼, 출산을 포기한다는 의미의 '3포세대'라는 말이 나오기 무섭게 5포 세대, N포세대까지 등장할 정도로 취업난, 치솟는 부동산 가격 등 여러 사회·경제적 요인들로 청년층을 위축시켰습니다.\n\n 모두가 이러한 이유로 '결혼을 포기'하는 것만은 아닙니다. 개인의 행복을 위해 '비혼을 선택'하는 청년들도 늘고 있습니다. 이처럼 최근 전통적인 가치관에서 벗어나 연애와 동거는 하면서 결혼이라는 제도에 묶여 관계에서 파생되는 책임을 벗어나 자유로운 삶을 추구하는 비혼주의자가 늘고 있습니다.\n\n 다만, 개인의 자유로운 선택에 따라 비혼주의를 하지만 주변에서는 아직 고운 시선으로 바라보지 않는 사람도 많습니다. 결혼이라는 제도에 대해서 선택이 아닌 필수라고 생각하는 사람들도 많지요. 개개인이 모여 사회가 형성되기 때문에 사회의 가장 작은 단위인 가족을 이루는 것도 사회 구성원으로서의 큰 역할이라고 생각하는 사람들도 있습니다.\n\n 여러분은 결혼을 꼭 해야 한다고 생각하시나요? 아니면 결혼은 선택의 문제라고 생각하시나요? 비혼주의에 대해 찬성하는 입장 반대를 선택하여 자신의 의견을 작성해주세요. 그리고 그렇게 생각한 이유에 대해서 작성해주세요.",
    "essay_type": "찬성반대",
    "essay_level": "2",
    "essay_len": 899,
    "essay_main_subject": "비혼주의자에 대한 본인의 의견"
  }
}