{
  "paragraph": [
    {
      "paragraph_txt": "결혼이란 제도에 반대합니다.#@문장구분#\n저는 비혼주의를 좀더 선호합니다.#@문장구분# 왜냐하면 현실적으로 생각해 보았을 때 결혼하여 전통적인 가치관에 얽매여 사는 것은 많이 자유롭지 못하고 귀속적인 삶을 살게 될것이기 때문입니다.#@문장구분#",
      "paragraph_len": 175,
      "paragraph_id": "001"
    },
    {
      "paragraph_txt": " 가장먼저 떠오르는 것은 돈과 관련된 문제들입니다.#@문장구분#\n일자리를 구하는 것 조차 힘든 현대사회에서 결혼하여 가정을 꾸린다는 것은 자본의 부담이 다소 크며 내집마련, 양육비, 생활비 등등 많은 부분에서 부담이 더해지는 것은 명백한 사실입니다.#@문장구분#\n본인 혼자 먹고살기도 힘든 마당에 다른사람과 함께 사는 것은 가능하긴 하겠지만 솔직히 말하자면 대부분의 사람들은 굳이 결혼하여 여러 가지 비용을 추가적으로 부담해야하나 싶을 것 입니다.#@문장구분# 현재 결혼을 해서 아이를 키운다고하면 아이 키우는데만 3억정도의 돈이 든다고 합니다.#@문장구분# 그리고 그것 뿐만 아니라 결혼을 한다고 하면 그냥 같이 살면 되는 것이 아닌 우리나라에서는 결혼식도 해야됩니다.#@문장구분# 이 결혼식에 스드메 비용과 식장 비용까지 만만치 않은 돈이 듭니다.#@문장구분# 저는 이게 비효율적이라고 생각합니다.#@문장구분# 또 결혼이라는게 좋은 사람을 만나서 평생을 함께할 약속을 하게 되는것인데 최근엔 남성과 여성이 서로 혐오하는 경우가 사회에 어느정도 심어져 있고 개인 또는 이기적으로 행동하는 사람이 많은데에 비해서 결혼상대를 고르기가 쉽지 않을 것입니다.#@문장구분#\n혹여나 결혼을 하게 되었다고 해도 그 사람이 정말 평생을 함께할 동반자로 적합한지 알수없는일이고 이혼을 하게 되는 경우도 있을 것입니다.#@문장구분#",
      "paragraph_len": 797,
      "paragraph_id": "002"
    },
    {
      "paragraph_txt": " 그렇기에 수많은 부담을 가져가면서 인생에서 행복을 무리하게 찾으려 하지않고 서로가 만족할수 있는 선에서 천천히 알아가는 시간도 가지는게 필요하기에 비혼주의자로써 살아가는게 다소 신중하고 합리적인 선택이 가능하기에 저는 비혼주의에 대하여 반대하는 바입니다.#@문장구분#",
      "paragraph_len": 163,
      "paragraph_id": "003"
    }
  ],
  "score": {
    "paragraph_score": [
      {
        "paragraph_scoreT": [
          2.4,
          2.8,
          2
        ],
        "paragraph_scoreT_detail": {
          "paragraph_scoreT_exp": [
            [
              2,
              3,
              2
            ],
            [
              2,
              3,
              3
            ],
            [
              2,
              2,
              2
            ]
          ]
        },
        "paragraph_scoreT_avg": 2.3999999,
        "paragraph_id": "001"
      },
      {
        "paragraph_scoreT": [
          2,
          2.8,
          2
        ],
        "paragraph_scoreT_detail": {
          "paragraph_scoreT_exp": [
            [
              2,
              2,
              2
            ],
            [
              2,
              3,
              3
            ],
            [
              2,
              2,
              2
            ]
          ]
        },
        "paragraph_scoreT_avg": 2.2666667,
        "paragraph_id": "002"
      },
      {
        "paragraph_scoreT": [
          1.6,
          2.8,
          2
        ],
        "paragraph_scoreT_detail": {
          "paragraph_scoreT_exp": [
            [
              2,
              2,
              1
            ],
            [
              2,
              3,
              3
            ],
            [
              2,
              2,
              2
            ]
          ]
        },
        "paragraph_scoreT_avg": 2.1333334,
        "paragraph_id": "003"
      }
    ],
    "essay_scoreT": [
      22.800001,
      29.4,
      21.6
    ],
    "essay_scoreT_avg": 24.6,
    "essay_scoreT_detail": {
      "essay_scoreT_org": [
        [
          2,
          0,
          3,
          3
        ],
        [
          3,
          0,
          3,
          3
        ],
        [
          2,
          0,
          2,
          2
        ]
      ],
      "essay_scoreT_cont": [
        [
          3,
          2,
          3,
          2
        ],
        [
          3,
          3,
          3,
          3
        ],
        [
          2,
          2,
          3,
          3
        ]
      ],
      "essay_scoreT_exp": [
        [
          2,
          2,
          2
        ],
        [
          2,
          3,
          3
        ],
        [
          2,
          2,
          2
        ]
      ]
    }
  },
  "student": {
    "date": "2021.08.03",
    "student_educated": true,
    "student_grade": "고등_1학년",
    "location": "063",
    "student_grade_group": "고등",
    "student_reading": 1
  },
  "rubric": {
    "essay_grade": "고등_1학년",
    "organization_weight": {
      "org_paragraph": 0,
      "org": 3,
      "org_essay": 6,
      "org_coherence": 3,
      "org_quantity": 1
    },
    "essay_type": "찬성반대",
    "content_weight": {
      "con_clearance": 3,
      "con_novelty": 3,
      "con": 4,
      "con_prompt": 1,
      "con_description": 3
    },
    "essay_main_subject": "비혼주의자에 대한 본인의 의견",
    "expression_weight": {
      "exp_style": 4,
      "exp_grammar": 2,
      "exp_vocab": 4,
      "exp": 3
    }
  },
  "correction": [],
  "info": {
    "essay_id": "ESSAY_37155",
    "essay_prompt": " \"\"연애는 필수, 결혼은 선택! 가슴이 뛰는 대로 가면 돼\"\".\n\n 유명한 유행가의 노래 가사처럼, 청년들에게 결혼은 이제 필수가 아닌 하나의 선택 사항입니다. 연애, 결혼, 출산을 포기한다는 의미의 '3포세대'라는 말이 나오기 무섭게 5포 세대, N포세대까지 등장할 정도로 취업난, 치솟는 부동산 가격 등 여러 사회·경제적 요인들로 청년층을 위축시켰습니다.\n\n 모두가 이러한 이유로 '결혼을 포기'하는 것만은 아닙니다. 개인의 행복을 위해 '비혼을 선택'하는 청년들도 늘고 있습니다. 이처럼 최근 전통적인 가치관에서 벗어나 연애와 동거는 하면서 결혼이라는 제도에 묶여 관계에서 파생되는 책임을 벗어나 자유로운 삶을 추구하는 비혼주의자가 늘고 있습니다.\n\n 다만, 개인의 자유로운 선택에 따라 비혼주의를 하지만 주변에서는 아직 고운 시선으로 바라보지 않는 사람도 많습니다. 결혼이라는 제도에 대해서 선택이 아닌 필수라고 생각하는 사람들도 많지요. 개개인이 모여 사회가 형성되기 때문에 사회의 가장 작은 단위인 가족을 이루는 것도 사회 구성원으로서의 큰 역할이라고 생각하는 사람들도 있습니다.\n\n 여러분은 결혼을 꼭 해야 한다고 생각하시나요? 아니면 결혼은 선택의 문제라고 생각하시나요? 비혼주의에 대해 찬성하는 입장 반대를 선택하여 자신의 의견을 작성해주세요. 그리고 그렇게 생각한 이유에 대해서 작성해주세요.",
    "essay_type": "찬성반대",
    "essay_level": "2",
    "essay_len": 879,
    "essay_main_subject": "비혼주의자에 대한 본인의 의견"
  }
}