{
  "paragraph": [
    {
      "paragraph_txt": "비혼주의자가 많지만 이들이 때와 상황에 따라 달라지는 것 또한 주변에서 많이 보았다.#@문장구분# 이들이 비혼인 상태로 있는 것이지 결혼을 절대 하지 않겠다는 주의는 아닌 사람들이 대부분이였다.#@문장구분#   비혼주의는 언제든 바뀔 수 있는 것이라 생각한다.#@문장구분# 즉 결혼을 선택하지 않은 사람들이 결혼을 선택할 상황과 환경을 만든다면 언제든지 비혼주의자들도 결혼을 할수 있다고 생각한다.#@문장구분# 독신을 결심한 사람들이 아니라면 나는 결혼을 권장하고 비혼주의자가 줄어 들어야 된다고 생각한다.#@문장구분# 현재 비혼자들이 늘어나고 있는것도 알고 또 그들의 선택이 이해가 되기도 한다.#@문장구분# 하지만 이들이 더 발전적이고 미래적인 선택을 한다면 비혼보다는 결혼을 권하고 싶다.#@문장구분# 먼저 개인적인 미래와 발전이다.#@문장구분# 비혼의 장점은 자신이 젊을 때 개인의 자유를 즐기며 사는것이라고 생각한다.#@문장구분# 여기서 즐긴다는 것은 단순한 쾌락적인 것 뿐만아니라 자신이 지향하는 삶과 철학을 실현시켜보는 모든삶을 즐긴다고 정의하겠다.#@문장구분# 하지만 이들이 늙어지면 결국  독거노인이 되는 것이다.#@문장구분# 경제적 부가 있고 없고에 따라 노후생활이 달라지긴 하겠지만 나의 앞세대가 모두 죽고 나의 다음세대가 없는 상황에서 나혼자 노후생활을 하게되는 것은 돈으로 살 수 없는 외로움이 기다리고 있다.#@문장구분# 작은 가정을 이루고 앞으로 뒤로 세대가 존재하면서 의지를 받고 또 의지를 하게 되는 가족이 존재함으로 젊은시절의 삶뿐만 아니라 노후시절도 안정적이게 된다고 생각한다.#@문장구분#  큰의미로 국가의 미래와 발전을 본다면 독거노인이 늘어가므로 경제활동을 할 수 없는 노인들을 돌보는 복지와 사업에 정부예산이 많이 배정되는 것은 국가발전에 별도움이 되지않는다.#@문장구분# 가정이라는 작은조직은 개인의 삶과 정신적인 지지기반이 되기도 하면서 또한 한 국가의 기본바탕이 되면서 국가를 지탱하는 역할을 하기에 비혼자들이 더 늘어나지 않도록 개인의 성향과 선택이다로 손놓고 있을것이 아니라 이들이 결혼을 선택할수 있도록 환경적 제도적 장치를 통해 국가의 미래 경쟁력을 더 높여야 한다고 생각한다.#@문장구분#",
      "paragraph_len": 1283,
      "paragraph_id": "001"
    }
  ],
  "score": {
    "paragraph_score": [
      {
        "paragraph_scoreT": [
          3,
          3,
          3
        ],
        "paragraph_scoreT_detail": {
          "paragraph_scoreT_exp": [
            [
              3,
              3,
              3
            ],
            [
              3,
              3,
              3
            ],
            [
              3,
              3,
              3
            ]
          ]
        },
        "paragraph_scoreT_avg": 3,
        "paragraph_id": "001"
      }
    ],
    "essay_scoreT": [
      30,
      30,
      30
    ],
    "essay_scoreT_avg": 30,
    "essay_scoreT_detail": {
      "essay_scoreT_org": [
        [
          3,
          0,
          3,
          3
        ],
        [
          3,
          0,
          3,
          3
        ],
        [
          3,
          0,
          3,
          3
        ]
      ],
      "essay_scoreT_cont": [
        [
          3,
          3,
          3,
          3
        ],
        [
          3,
          3,
          3,
          3
        ],
        [
          3,
          3,
          3,
          3
        ]
      ],
      "essay_scoreT_exp": [
        [
          3,
          3,
          3
        ],
        [
          3,
          3,
          3
        ],
        [
          3,
          3,
          3
        ]
      ]
    }
  },
  "student": {
    "date": "2021.12.14",
    "student_educated": true,
    "student_grade": "고등_1학년",
    "location": "053",
    "student_grade_group": "고등",
    "student_reading": 3
  },
  "rubric": {
    "essay_grade": "고등_1학년",
    "organization_weight": {
      "org_paragraph": 0,
      "org": 3,
      "org_essay": 6,
      "org_coherence": 3,
      "org_quantity": 1
    },
    "essay_type": "찬성반대",
    "content_weight": {
      "con_clearance": 3,
      "con_novelty": 3,
      "con": 4,
      "con_prompt": 1,
      "con_description": 3
    },
    "essay_main_subject": "비혼주의자에 대한 본인의 의견",
    "expression_weight": {
      "exp_style": 4,
      "exp_grammar": 2,
      "exp_vocab": 4,
      "exp": 3
    }
  },
  "correction": [],
  "info": {
    "essay_id": "ESSAY_61630",
    "essay_prompt": " \"\"연애는 필수, 결혼은 선택! 가슴이 뛰는 대로 가면 돼\"\".\n\n 유명한 유행가의 노래 가사처럼, 청년들에게 결혼은 이제 필수가 아닌 하나의 선택 사항입니다. 연애, 결혼, 출산을 포기한다는 의미의 '3포세대'라는 말이 나오기 무섭게 5포 세대, N포세대까지 등장할 정도로 취업난, 치솟는 부동산 가격 등 여러 사회·경제적 요인들로 청년층을 위축시켰습니다.\n\n 모두가 이러한 이유로 '결혼을 포기'하는 것만은 아닙니다. 개인의 행복을 위해 '비혼을 선택'하는 청년들도 늘고 있습니다. 이처럼 최근 전통적인 가치관에서 벗어나 연애와 동거는 하면서 결혼이라는 제도에 묶여 관계에서 파생되는 책임을 벗어나 자유로운 삶을 추구하는 비혼주의자가 늘고 있습니다.\n\n 다만, 개인의 자유로운 선택에 따라 비혼주의를 하지만 주변에서는 아직 고운 시선으로 바라보지 않는 사람도 많습니다. 결혼이라는 제도에 대해서 선택이 아닌 필수라고 생각하는 사람들도 많지요. 개개인이 모여 사회가 형성되기 때문에 사회의 가장 작은 단위인 가족을 이루는 것도 사회 구성원으로서의 큰 역할이라고 생각하는 사람들도 있습니다.\n\n 여러분은 결혼을 꼭 해야 한다고 생각하시나요? 아니면 결혼은 선택의 문제라고 생각하시나요? 비혼주의에 대해 찬성하는 입장 반대를 선택하여 자신의 의견을 작성해주세요. 그리고 그렇게 생각한 이유에 대해서 작성해주세요.",
    "essay_type": "찬성반대",
    "essay_level": "2",
    "essay_len": 985,
    "essay_main_subject": "비혼주의자에 대한 본인의 의견"
  }
}