{
  "paragraph": [
    {
      "paragraph_txt": "저는 비혼주의자들의 입장을 이해할 수 있습니다.#@문장구분# 하지만 저의 개인적인 생각은 찬성하고 싶지는 않습니다.#@문장구분# 비혼주의를 찬성하는 사람들은 현실적으로 경제적인 부담과 자유의 억압을 이유로 비혼을 원하는 사람이 많을 것 같습니다.#@문장구분# 치열하게 대학 입시를 치르고, 바늘구멍인 취업의 문을 통과 하여 사회생활에 발을 내딛기까지 현실의 청년들은 쉴틈없이 노력해 왔을 것입니다.#@문장구분# 힘들게 취업에 했다 한들 그것으로 끝이 아니겠지요.#@문장구분# 직장생활을 하면서 자기계발까지 더 나은 삶을 위해 사람들은 끊임없이 노력합니다. #@문장구분#이렇게 힘들게 쌓아올린 커리어가 결혼이나 출산의 이유로 한순간에 물거품이 될까 우려하게 되는 것은 누구나 마찬가지일 것입니다.#@문장구분# 하지만 우리나라는 현재 사회적으로 심각한 저출산 문제를 겪고 있습니다.#@문장구분# 코로나라는 질병까지 들이닥치면서 결혼을 미루는 청년들이 늘어났고 그러인해 출산율은 더 바닥으로 치닫고 있습니다.#@문장구분# 이렇게 인구절벽의 문제를 마주하는 현실에서 너도 나도 개인의 자유와 경제적 부담감에 결혼과 출산을 거부한다면 앞으로 우리의 미래는 더 가파른 인구 부족 사태로 치닫을 것입니다.#@문장구분# 이러한 문제를 해결하기 위해서 국가적으로 대대적인 제도의 개선이 필요할 것으로 생각됩니다.#@문장구분# 결혼후 또한 출산후에도 직장에서 실력으로 인정받을수 있도록 차별하지 않는 사회적 제도와 육아를 책임 져 줄수 있는 시스템 또한 도입이 될 필요가 있습니다.#@문장구분# 그리고 부동산 가격이 치솟은 현재 신혼부부가 결혼수 분양 받을 수 있는 제도를 확대하여 젊은 층의 결혼과 출산을 유도해야 할 것입니다.#@문장구분# 비혼주의자들을 설득할 수 있는 특단의 대책이 요구되어야 할 것입니다.#@문장구분#",
      "paragraph_len": 1081,
      "paragraph_id": "001"
    }
  ],
  "score": {
    "paragraph_score": [
      {
        "paragraph_scoreT": [
          3,
          2.4,
          2.8
        ],
        "paragraph_scoreT_detail": {
          "paragraph_scoreT_exp": [
            [
              3,
              3,
              3
            ],
            [
              2,
              3,
              2
            ],
            [
              2,
              3,
              3
            ]
          ]
        },
        "paragraph_scoreT_avg": 2.7333333,
        "paragraph_id": "001"
      }
    ],
    "essay_scoreT": [
      30,
      26.100002,
      29.4
    ],
    "essay_scoreT_avg": 28.5,
    "essay_scoreT_detail": {
      "essay_scoreT_org": [
        [
          3,
          0,
          3,
          3
        ],
        [
          3,
          0,
          2,
          3
        ],
        [
          3,
          0,
          3,
          3
        ]
      ],
      "essay_scoreT_cont": [
        [
          3,
          3,
          3,
          3
        ],
        [
          3,
          2,
          3,
          3
        ],
        [
          3,
          3,
          3,
          3
        ]
      ],
      "essay_scoreT_exp": [
        [
          3,
          3,
          3
        ],
        [
          2,
          3,
          2
        ],
        [
          2,
          3,
          3
        ]
      ]
    }
  },
  "student": {
    "date": "2021.12.13",
    "student_educated": true,
    "student_grade": "고등_1학년",
    "location": "063",
    "student_grade_group": "고등",
    "student_reading": 2
  },
  "rubric": {
    "essay_grade": "고등_1학년",
    "organization_weight": {
      "org_paragraph": 0,
      "org": 3,
      "org_essay": 6,
      "org_coherence": 3,
      "org_quantity": 1
    },
    "essay_type": "찬성반대",
    "content_weight": {
      "con_clearance": 3,
      "con_novelty": 3,
      "con": 4,
      "con_prompt": 1,
      "con_description": 3
    },
    "essay_main_subject": "비혼주의자에 대한 본인의 의견",
    "expression_weight": {
      "exp_style": 4,
      "exp_grammar": 2,
      "exp_vocab": 4,
      "exp": 3
    }
  },
  "correction": [],
  "info": {
    "essay_id": "ESSAY_71890",
    "essay_prompt": " \"\"연애는 필수, 결혼은 선택! 가슴이 뛰는 대로 가면 돼\"\".\n\n 유명한 유행가의 노래 가사처럼, 청년들에게 결혼은 이제 필수가 아닌 하나의 선택 사항입니다. 연애, 결혼, 출산을 포기한다는 의미의 '3포세대'라는 말이 나오기 무섭게 5포 세대, N포세대까지 등장할 정도로 취업난, 치솟는 부동산 가격 등 여러 사회·경제적 요인들로 청년층을 위축시켰습니다.\n\n 모두가 이러한 이유로 '결혼을 포기'하는 것만은 아닙니다. 개인의 행복을 위해 '비혼을 선택'하는 청년들도 늘고 있습니다. 이처럼 최근 전통적인 가치관에서 벗어나 연애와 동거는 하면서 결혼이라는 제도에 묶여 관계에서 파생되는 책임을 벗어나 자유로운 삶을 추구하는 비혼주의자가 늘고 있습니다.\n\n 다만, 개인의 자유로운 선택에 따라 비혼주의를 하지만 주변에서는 아직 고운 시선으로 바라보지 않는 사람도 많습니다. 결혼이라는 제도에 대해서 선택이 아닌 필수라고 생각하는 사람들도 많지요. 개개인이 모여 사회가 형성되기 때문에 사회의 가장 작은 단위인 가족을 이루는 것도 사회 구성원으로서의 큰 역할이라고 생각하는 사람들도 있습니다.\n\n 여러분은 결혼을 꼭 해야 한다고 생각하시나요? 아니면 결혼은 선택의 문제라고 생각하시나요? 비혼주의에 대해 찬성하는 입장 반대를 선택하여 자신의 의견을 작성해주세요. 그리고 그렇게 생각한 이유에 대해서 작성해주세요.",
    "essay_type": "찬성반대",
    "essay_level": "2",
    "essay_len": 802,
    "essay_main_subject": "비혼주의자에 대한 본인의 의견"
  }
}