{
  "paragraph": [
    {
      "paragraph_txt": "찬성한다.#@문장구분# 우선 우리나라는 민주주의 국가이며, 헌법에는 국민의 자유권을 보장한다라는 내용이 명시되어있다.#@문장구분# 결혼은 개인의 선택이며 우리나라는 선택의 자유가 주어져있다.#@문장구분# 결혼이라는 행위가 위법 되는것 또한 아니다.#@문장구분# 그러므로 비혼주의자를 부정하거나 무시해서는 안된다.#@문장구분# \n결혼이라는 것은 법적으로 부부가 되었음을 알리는 것이라고 생각한다.#@문장구분# 이를 원치 않는 사람에게 결혼을 강요하는 현재 사회의 분위기는 잘못 되었다고 생각한다.#@문장구분# 결혼이라는 선택을 함으로써 결혼한 사람은 가정을 이루게 된다.#@문장구분# 이는 사회적으로 본인이 책임을 지어야할 대상이 늘어나며 결과적으로 본인에게 부담되는 사항이 늘어날 것이다.#@문장구분# 이를 감수하고 결혼을 할 이유는 본인들의 아이를 원하는 것 말고는 없다고 생각한다.#@문장구분# 만약 아이를 원치 않는다면 굳이 결혼을 해야만 하는 이유가 있는지 의문이다.#@문장구분# 그럼 아이가 없다고 가정하고 결혼한 가정과 연애와 동거를 하는 사람들의 차이는 무엇일까.#@문장구분#\n우선 보이는 것들을 생각해보면 가정을 이루엇기에 얻는 혜택이 있을것이다.#@문장구분# 지원금이나 지원 시설 몇몇의 시험에서의 가산점이 생각난다.#@문장구분# 그럼 보이지 않는것을 생각해보자.#@문장구분# 가정을 이룸으로써 책임감이 생길것이고 결혼이라는 선택을 번복하기 어려워 진다.#@문장구분# 연애와 동거는 비교적 가볍고 편안하게 행할수 있지만 결혼후 이혼이라는 선택을 하게 되면 사회적이미지가 추락 될것이다.#@문장구분# 이러한 것들을 고려해 자신의 손익과 판단이 이루어져서 비혼주의가 된다면 이는 나쁠 것이 없다고 생각한다.#@문장구분# 비혼주의의 단점을 보완한 시행 및 정책이 이루어졌으면 좋겠다.#@문장구분# 비혼주의도 하나의 선택이라고 생각되기 때문이다.#@문장구분#",
      "paragraph_len": 1193,
      "paragraph_id": "001"
    }
  ],
  "score": {
    "paragraph_score": [
      {
        "paragraph_scoreT": [
          3,
          3,
          3
        ],
        "paragraph_scoreT_detail": {
          "paragraph_scoreT_exp": [
            [
              3,
              3,
              3
            ],
            [
              3,
              3,
              3
            ],
            [
              3,
              3,
              3
            ]
          ]
        },
        "paragraph_scoreT_avg": 3,
        "paragraph_id": "001"
      }
    ],
    "essay_scoreT": [
      30,
      28.8,
      27.6
    ],
    "essay_scoreT_avg": 28.800001,
    "essay_scoreT_detail": {
      "essay_scoreT_org": [
        [
          3,
          0,
          3,
          3
        ],
        [
          3,
          0,
          3,
          3
        ],
        [
          3,
          0,
          3,
          3
        ]
      ],
      "essay_scoreT_cont": [
        [
          3,
          3,
          3,
          3
        ],
        [
          3,
          2,
          3,
          3
        ],
        [
          3,
          2,
          3,
          2
        ]
      ],
      "essay_scoreT_exp": [
        [
          3,
          3,
          3
        ],
        [
          3,
          3,
          3
        ],
        [
          3,
          3,
          3
        ]
      ]
    }
  },
  "student": {
    "date": "2021.10.24",
    "student_educated": true,
    "student_grade": "고등_1학년",
    "location": "063",
    "student_grade_group": "고등",
    "student_reading": 1
  },
  "rubric": {
    "essay_grade": "고등_1학년",
    "organization_weight": {
      "org_paragraph": 0,
      "org": 3,
      "org_essay": 6,
      "org_coherence": 3,
      "org_quantity": 1
    },
    "essay_type": "찬성반대",
    "content_weight": {
      "con_clearance": 3,
      "con_novelty": 3,
      "con": 4,
      "con_prompt": 1,
      "con_description": 3
    },
    "essay_main_subject": "비혼주의자에 대한 본인의 의견",
    "expression_weight": {
      "exp_style": 4,
      "exp_grammar": 2,
      "exp_vocab": 4,
      "exp": 3
    }
  },
  "correction": [],
  "info": {
    "essay_id": "ESSAY_43896",
    "essay_prompt": " \"\"연애는 필수, 결혼은 선택! 가슴이 뛰는 대로 가면 돼\"\".\n\n 유명한 유행가의 노래 가사처럼, 청년들에게 결혼은 이제 필수가 아닌 하나의 선택 사항입니다. 연애, 결혼, 출산을 포기한다는 의미의 '3포세대'라는 말이 나오기 무섭게 5포 세대, N포세대까지 등장할 정도로 취업난, 치솟는 부동산 가격 등 여러 사회·경제적 요인들로 청년층을 위축시켰습니다.\n\n 모두가 이러한 이유로 '결혼을 포기'하는 것만은 아닙니다. 개인의 행복을 위해 '비혼을 선택'하는 청년들도 늘고 있습니다. 이처럼 최근 전통적인 가치관에서 벗어나 연애와 동거는 하면서 결혼이라는 제도에 묶여 관계에서 파생되는 책임을 벗어나 자유로운 삶을 추구하는 비혼주의자가 늘고 있습니다.\n\n 다만, 개인의 자유로운 선택에 따라 비혼주의를 하지만 주변에서는 아직 고운 시선으로 바라보지 않는 사람도 많습니다. 결혼이라는 제도에 대해서 선택이 아닌 필수라고 생각하는 사람들도 많지요. 개개인이 모여 사회가 형성되기 때문에 사회의 가장 작은 단위인 가족을 이루는 것도 사회 구성원으로서의 큰 역할이라고 생각하는 사람들도 있습니다.\n\n 여러분은 결혼을 꼭 해야 한다고 생각하시나요? 아니면 결혼은 선택의 문제라고 생각하시나요? 비혼주의에 대해 찬성하는 입장 반대를 선택하여 자신의 의견을 작성해주세요. 그리고 그렇게 생각한 이유에 대해서 작성해주세요.",
    "essay_type": "찬성반대",
    "essay_level": "2",
    "essay_len": 794,
    "essay_main_subject": "비혼주의자에 대한 본인의 의견"
  }
}