{
  "paragraph": [
    {
      "paragraph_txt": "요즘 인터넷 게시물들을 보면 그 내용들은 정말 드라마에서나 볼만한 막장 시집살이 혹은 남편과의 갈등, 혹은 사춘기 자녀와의 갈등 등 결혼생활에 대한 많은 부정적인 내용이 담겨 있습니다.#@문장구분# 그런데 남들의 그런 힘든 이야기를 들으면 같이 분노하면서 왜 자꾸 그런 이야기를 찾아보는지 저도 모를 일이겠습니다.#@문장구분# 텔레비전에서 나오는 여러 개그맨 부부 이야기가 나오는 오죽했으면 공황장애에 우울증에 빠져 병원에 다니며 비행기를 타지 못하는 지경까지 왔을까 안타깝다라는 생각이 들기도 합니다.#@문장구분# 이런게 주변애 행복한 부부를 찾기란 쉽지 않습니다.#@문장구분# 다투는 부부의 모습, 아이 때문에 고민하는 부부의 모습, 이런 모습들을 보면 출산, 양육, 그리고 시댁과의 마찰 등 도저히 엄두가 않나서 결혼을 못하겠다는 사람들을 이해 할수 있겠습니다.#@문장구분# 뿐만 아니라 결혼하면 마련해야 하는 아파트 값은 하늘 높은 줄 모르고 오르고 있으며 실업률은 높아가는 현 상황에서 자녀를 낳아 양육하며 가정을 꾸린다는 생각은 눈앞이 깜깜하기만 할것입니다.#@문장구분# 그래서 결혼은 이제 필수가 아닌 선택이라는 인식이 자꾸만 생기는 것이 아닐까 생각합니다.#@문장구분# 이것은 비혼이 본인의 선택이 아닌 회피의 수단이 되는 것입니다.#@문장구분# 내가 비혼을 진짜 원하는 것이 아니라 이런 부담스런 상황을 피하는 현상이 되기 때문에 이건 결코 행복하지 않을 것입니다.#@문장구분# 비혼이든 결혼이든 개인의 선택이긴 하지만 회피하는 비혼이 아닌 본인이 선택하는 비혼이었으면 좋겠습니다.#@문장구분# 그리고 그들의 선택을 존중하고 그것을 문화로 인정해야 할거라고 생각합니다.#@문장구분# 결혼을 하지 않는다고 누군가에게 피해가 가는 상황도 발생하지 않기에 근본적으로 선택의 문제인 것을 놓고 찬성 하냐 반대 하냐라는 주제자체도 적절치 않다.#@문장구분# 이것은 개인 단위에서 이루어지는 온전한 선택의 문제인 것이다. 혹자는 이렇게 말할 수도 있다.#@문장구분# 출산율이 떨어지면 국민연금같은 노동가능 인구로서 유지되는 시스템이 무너질 수 있기 때문에 결혼을 해야한다는 건데 이는 남들의 희생을 수단으로 자신의 배를 불려달라는 것과 나도 했으니 너희들도 해라라고 하는 굉장히 불합리한 사고방식 이라고 말할 수 있습니다.#@문장구분#",
      "paragraph_len": 1324,
      "paragraph_id": "001"
    }
  ],
  "score": {
    "paragraph_score": [
      {
        "paragraph_scoreT": [
          2.8,
          2,
          3
        ],
        "paragraph_scoreT_detail": {
          "paragraph_scoreT_exp": [
            [
              2,
              3,
              3
            ],
            [
              2,
              2,
              2
            ],
            [
              3,
              3,
              3
            ]
          ]
        },
        "paragraph_scoreT_avg": 2.6000001,
        "paragraph_id": "001"
      }
    ],
    "essay_scoreT": [
      29.4,
      24,
      30
    ],
    "essay_scoreT_avg": 27.800001,
    "essay_scoreT_detail": {
      "essay_scoreT_org": [
        [
          3,
          0,
          3,
          3
        ],
        [
          2,
          0,
          3,
          3
        ],
        [
          3,
          0,
          3,
          3
        ]
      ],
      "essay_scoreT_cont": [
        [
          3,
          3,
          3,
          3
        ],
        [
          2,
          3,
          3,
          3
        ],
        [
          3,
          3,
          3,
          3
        ]
      ],
      "essay_scoreT_exp": [
        [
          2,
          3,
          3
        ],
        [
          2,
          2,
          2
        ],
        [
          3,
          3,
          3
        ]
      ]
    }
  },
  "student": {
    "date": "2021.12.17",
    "student_educated": true,
    "student_grade": "고등_1학년",
    "location": "044",
    "student_grade_group": "고등",
    "student_reading": 2
  },
  "rubric": {
    "essay_grade": "고등_1학년",
    "organization_weight": {
      "org_paragraph": 0,
      "org": 3,
      "org_essay": 6,
      "org_coherence": 3,
      "org_quantity": 1
    },
    "essay_type": "찬성반대",
    "content_weight": {
      "con_clearance": 3,
      "con_novelty": 3,
      "con": 4,
      "con_prompt": 1,
      "con_description": 3
    },
    "essay_main_subject": "비혼주의자에 대한 본인의 의견",
    "expression_weight": {
      "exp_style": 4,
      "exp_grammar": 2,
      "exp_vocab": 4,
      "exp": 3
    }
  },
  "correction": [],
  "info": {
    "essay_id": "ESSAY_66188",
    "essay_prompt": " \"\"연애는 필수, 결혼은 선택! 가슴이 뛰는 대로 가면 돼\"\".\n\n 유명한 유행가의 노래 가사처럼, 청년들에게 결혼은 이제 필수가 아닌 하나의 선택 사항입니다. 연애, 결혼, 출산을 포기한다는 의미의 '3포세대'라는 말이 나오기 무섭게 5포 세대, N포세대까지 등장할 정도로 취업난, 치솟는 부동산 가격 등 여러 사회·경제적 요인들로 청년층을 위축시켰습니다.\n\n 모두가 이러한 이유로 '결혼을 포기'하는 것만은 아닙니다. 개인의 행복을 위해 '비혼을 선택'하는 청년들도 늘고 있습니다. 이처럼 최근 전통적인 가치관에서 벗어나 연애와 동거는 하면서 결혼이라는 제도에 묶여 관계에서 파생되는 책임을 벗어나 자유로운 삶을 추구하는 비혼주의자가 늘고 있습니다.\n\n 다만, 개인의 자유로운 선택에 따라 비혼주의를 하지만 주변에서는 아직 고운 시선으로 바라보지 않는 사람도 많습니다. 결혼이라는 제도에 대해서 선택이 아닌 필수라고 생각하는 사람들도 많지요. 개개인이 모여 사회가 형성되기 때문에 사회의 가장 작은 단위인 가족을 이루는 것도 사회 구성원으로서의 큰 역할이라고 생각하는 사람들도 있습니다.\n\n 여러분은 결혼을 꼭 해야 한다고 생각하시나요? 아니면 결혼은 선택의 문제라고 생각하시나요? 비혼주의에 대해 찬성하는 입장 반대를 선택하여 자신의 의견을 작성해주세요. 그리고 그렇게 생각한 이유에 대해서 작성해주세요.",
    "essay_type": "찬성반대",
    "essay_level": "2",
    "essay_len": 1044,
    "essay_main_subject": "비혼주의자에 대한 본인의 의견"
  }
}