{
  "paragraph": [
    {
      "paragraph_txt": "안녕하세요.#@문장구분# 저는 비혼주의자에 대한 제 의견을 이야기해보고자 합니다.#@문장구분# 사전에 의하면 결혼은 두 사람이 부부가 되는 의례이자 계약을 일컫습니다.#@문장구분# 사회적 구속력을 가지기에 동거나 연인 관계와는 뚜렷하게 구분된다는 점에서 결혼에 의미를 두곤 하는데요.#@문장구분# 저는 이 사전적 의미에 집중해보려 합니다.#@문장구분# 단어를 뜯어 간단하게 해석해보자면 결혼은 곧 계약입니다.#@문장구분# 또한 이는 오직 두 사람간에만 해당되는 약속으로 결혼식에 참석하는 수많은 사람들은 그저 축하해주는 들러리에 불과하다 생각합니다.#@문장구분# 이런 해석을 통해 결혼은 곧 개인의 선택의 문제일 뿐이라는 결론에 도달했습니다.#@문장구분# 많은 사람들이 결혼은 선택의 문제라고 생각하실 것 같습니다.#@문장구분# 30년 전과 비교했을 때 결혼율이 급감하고 있습니다.#@문장구분# 현재 높아지는 실업률과 더불어 결혼에 대한 의식이 많이 바뀌었음을 알 수 있습니다.#@문장구분# 결혼 후 배우자의 역할에 충실하기보다 직장내 위치와 경력에 집중하고 충실하는 사회로 변해가고 있습니다.#@문장구분# 예전에는 서로 비슷한 사람끼리 만나서 서로의 타협점을 찾아 결혼 생활을 유지하려 했다면 요즘에는 서로의 타협점을 찾기보다는 이혼하거나 애초에 결혼하지 않는 쪽이 늘어나고 있습니다.#@문장구분# 결혼 평균 연령 또한 남녀 불문하고 꾸준히 상승하고 있습니다.#@문장구분# 무일푼 단칸방에서 월세로 시작하는 것이 아니라 전세가 다 준비된 사람이어야 결혼을 하겠다는 풍조가 생기다 보니 일찍 결혼하기 쉽지 않은 것이 현실이기 때문입니다.#@문장구분# 즉 비혼주의자는 사회적 성장과 변화에 따라 자연스럽게 생긴 현상이라고 생각합니다.#@문장구분# 따라서 비혼주의자는 지극히 현실적인 사회인일 뿐 누군가가 찬성, 반대를 두고 하나를 택하는 문제가 될 수 없다고 생각합니다.#@문장구분#",
      "paragraph_len": 1162,
      "paragraph_id": "001"
    }
  ],
  "score": {
    "paragraph_score": [
      {
        "paragraph_scoreT": [
          3,
          3,
          2.4
        ],
        "paragraph_scoreT_detail": {
          "paragraph_scoreT_exp": [
            [
              3,
              3,
              3
            ],
            [
              3,
              3,
              3
            ],
            [
              2,
              2,
              3
            ]
          ]
        },
        "paragraph_scoreT_avg": 2.8,
        "paragraph_id": "001"
      }
    ],
    "essay_scoreT": [
      30,
      28.2,
      26.100002
    ],
    "essay_scoreT_avg": 28.1,
    "essay_scoreT_detail": {
      "essay_scoreT_org": [
        [
          3,
          0,
          3,
          3
        ],
        [
          2,
          0,
          3,
          3
        ],
        [
          3,
          0,
          2,
          3
        ]
      ],
      "essay_scoreT_cont": [
        [
          3,
          3,
          3,
          3
        ],
        [
          3,
          3,
          3,
          3
        ],
        [
          3,
          2,
          3,
          3
        ]
      ],
      "essay_scoreT_exp": [
        [
          3,
          3,
          3
        ],
        [
          3,
          3,
          3
        ],
        [
          2,
          2,
          3
        ]
      ]
    }
  },
  "student": {
    "date": "2021.12.03",
    "student_educated": true,
    "student_grade": "고등_1학년",
    "location": "063",
    "student_grade_group": "고등",
    "student_reading": 1
  },
  "rubric": {
    "essay_grade": "고등_1학년",
    "organization_weight": {
      "org_paragraph": 0,
      "org": 3,
      "org_essay": 6,
      "org_coherence": 3,
      "org_quantity": 1
    },
    "essay_type": "찬성반대",
    "content_weight": {
      "con_clearance": 3,
      "con_novelty": 3,
      "con": 4,
      "con_prompt": 1,
      "con_description": 3
    },
    "essay_main_subject": "비혼주의자에 대한 본인의 의견",
    "expression_weight": {
      "exp_style": 4,
      "exp_grammar": 2,
      "exp_vocab": 4,
      "exp": 3
    }
  },
  "correction": [],
  "info": {
    "essay_id": "ESSAY_54764",
    "essay_prompt": " \"\"연애는 필수, 결혼은 선택! 가슴이 뛰는 대로 가면 돼\"\".\n\n 유명한 유행가의 노래 가사처럼, 청년들에게 결혼은 이제 필수가 아닌 하나의 선택 사항입니다. 연애, 결혼, 출산을 포기한다는 의미의 '3포세대'라는 말이 나오기 무섭게 5포 세대, N포세대까지 등장할 정도로 취업난, 치솟는 부동산 가격 등 여러 사회·경제적 요인들로 청년층을 위축시켰습니다.\n\n 모두가 이러한 이유로 '결혼을 포기'하는 것만은 아닙니다. 개인의 행복을 위해 '비혼을 선택'하는 청년들도 늘고 있습니다. 이처럼 최근 전통적인 가치관에서 벗어나 연애와 동거는 하면서 결혼이라는 제도에 묶여 관계에서 파생되는 책임을 벗어나 자유로운 삶을 추구하는 비혼주의자가 늘고 있습니다.\n\n 다만, 개인의 자유로운 선택에 따라 비혼주의를 하지만 주변에서는 아직 고운 시선으로 바라보지 않는 사람도 많습니다. 결혼이라는 제도에 대해서 선택이 아닌 필수라고 생각하는 사람들도 많지요. 개개인이 모여 사회가 형성되기 때문에 사회의 가장 작은 단위인 가족을 이루는 것도 사회 구성원으로서의 큰 역할이라고 생각하는 사람들도 있습니다.\n\n 여러분은 결혼을 꼭 해야 한다고 생각하시나요? 아니면 결혼은 선택의 문제라고 생각하시나요? 비혼주의에 대해 찬성하는 입장 반대를 선택하여 자신의 의견을 작성해주세요. 그리고 그렇게 생각한 이유에 대해서 작성해주세요.",
    "essay_type": "찬성반대",
    "essay_level": "2",
    "essay_len": 823,
    "essay_main_subject": "비혼주의자에 대한 본인의 의견"
  }
}