{
  "paragraph": [
    {
      "paragraph_txt": "결혼을 안하는 것도 그 사람의 자유이다.#@문장구분# 결혼을 안한다고 해서 법적으로 문제가 되는 것도 아니고 나라에 문제가 되는 것도 아닌데 굳이 결혼을 해야 하는지도 잘 모르겠다.#@문장구분# 근데 어른들이나 어르신들은 결혼은 꼭 해야 한다고 생각하신다.#@문장구분# 요즘 사람들은 개인의 자유를 더 중요하게 생각하고 결혼도 하고 싶으면 하고 하기 싫으면 하지 않는다.#@문장구분# 그래서 나도 비혼주의자 들을 나쁘게 보진 않는다.#@문장구분# 나쁘게 볼 이유도 없고 나쁘게 봐서 나한테 도움 되는게 없기 때문이다.#@문장구분# 만약 내 주변에 비혼주의자가 있다 하면 오히려 더 응원해주고 도와줄 수 있는게 있으면 도와줄것이다.#@문장구분# 그리고 결혼을 하지 않으면 금전적인 요인 심리적인 요인 같은 요인에서 부담도 느끼지 않을 것이고 부부간 서로 다른 성격 가치관 생활습관으로 싸우는 일도 없을것이다.#@문장구분# 그래서 나도 비혼주의는 그렇게 나쁘진 않다고 생각한다.#@문장구분# 물론 나는 결혼을 할 예정이지만 결혼 상대가 없다면 비혼으로 사는것도 좋다고 생각한다.#@문장구분# 그리고 요즘 부부싸움으로 칼부림 자살 자녀 유기 등등 부부관련 사건 사고도 많이 일어나는데 굳이 결혼까지 해서 그런 고생을 해야하는지는 잘 이해되진 않는다.#@문장구분# 그래서 비혼주의자를 존중하고 이해하고 응원하고 지지한다.#@문장구분# 또한 비혼주의자라는 한 집단이 차별 받거나 소외되거나 하면 적극적으로 도와주고 그들을 돕기위해 나도 노력할것이다.#@문장구분# 그리고 그 들을 위해 사회제도적으로 도움줄수 있는것과 개인적 차원에서 도움줄수 있는것을 알아보고 실천할것이다.#@문장구분# 마지막으로 우리 사회의 결혼문화를 바꾸는 인식과 꼭 결혼을 해서 자손을 낳아서 대를 이어야 한다는 강박관념 고정관념을 깨버려야 한다고 생각한다.#@문장구분#",
      "paragraph_len": 1109,
      "paragraph_id": "001"
    }
  ],
  "score": {
    "paragraph_score": [
      {
        "paragraph_scoreT": [
          3,
          2.8,
          2.8
        ],
        "paragraph_scoreT_detail": {
          "paragraph_scoreT_exp": [
            [
              3,
              3,
              3
            ],
            [
              2,
              3,
              3
            ],
            [
              2,
              3,
              3
            ]
          ]
        },
        "paragraph_scoreT_avg": 2.8666668,
        "paragraph_id": "001"
      }
    ],
    "essay_scoreT": [
      30,
      29.4,
      29.4
    ],
    "essay_scoreT_avg": 29.6,
    "essay_scoreT_detail": {
      "essay_scoreT_org": [
        [
          3,
          0,
          3,
          3
        ],
        [
          3,
          0,
          3,
          3
        ],
        [
          3,
          0,
          3,
          3
        ]
      ],
      "essay_scoreT_cont": [
        [
          3,
          3,
          3,
          3
        ],
        [
          3,
          3,
          3,
          3
        ],
        [
          3,
          3,
          3,
          3
        ]
      ],
      "essay_scoreT_exp": [
        [
          3,
          3,
          3
        ],
        [
          2,
          3,
          3
        ],
        [
          2,
          3,
          3
        ]
      ]
    }
  },
  "student": {
    "date": "2021.11.26",
    "student_educated": true,
    "student_grade": "고등_1학년",
    "location": "041",
    "student_grade_group": "고등",
    "student_reading": 1
  },
  "rubric": {
    "essay_grade": "고등_1학년",
    "organization_weight": {
      "org_paragraph": 0,
      "org": 3,
      "org_essay": 6,
      "org_coherence": 3,
      "org_quantity": 1
    },
    "essay_type": "찬성반대",
    "content_weight": {
      "con_clearance": 3,
      "con_novelty": 3,
      "con": 4,
      "con_prompt": 1,
      "con_description": 3
    },
    "essay_main_subject": "비혼주의자에 대한 본인의 의견",
    "expression_weight": {
      "exp_style": 4,
      "exp_grammar": 2,
      "exp_vocab": 4,
      "exp": 3
    }
  },
  "correction": [],
  "info": {
    "essay_id": "ESSAY_51850",
    "essay_prompt": " \"\"연애는 필수, 결혼은 선택! 가슴이 뛰는 대로 가면 돼\"\".\n\n 유명한 유행가의 노래 가사처럼, 청년들에게 결혼은 이제 필수가 아닌 하나의 선택 사항입니다. 연애, 결혼, 출산을 포기한다는 의미의 '3포세대'라는 말이 나오기 무섭게 5포 세대, N포세대까지 등장할 정도로 취업난, 치솟는 부동산 가격 등 여러 사회·경제적 요인들로 청년층을 위축시켰습니다.\n\n 모두가 이러한 이유로 '결혼을 포기'하는 것만은 아닙니다. 개인의 행복을 위해 '비혼을 선택'하는 청년들도 늘고 있습니다. 이처럼 최근 전통적인 가치관에서 벗어나 연애와 동거는 하면서 결혼이라는 제도에 묶여 관계에서 파생되는 책임을 벗어나 자유로운 삶을 추구하는 비혼주의자가 늘고 있습니다.\n\n 다만, 개인의 자유로운 선택에 따라 비혼주의를 하지만 주변에서는 아직 고운 시선으로 바라보지 않는 사람도 많습니다. 결혼이라는 제도에 대해서 선택이 아닌 필수라고 생각하는 사람들도 많지요. 개개인이 모여 사회가 형성되기 때문에 사회의 가장 작은 단위인 가족을 이루는 것도 사회 구성원으로서의 큰 역할이라고 생각하는 사람들도 있습니다.\n\n 여러분은 결혼을 꼭 해야 한다고 생각하시나요? 아니면 결혼은 선택의 문제라고 생각하시나요? 비혼주의에 대해 찬성하는 입장 반대를 선택하여 자신의 의견을 작성해주세요. 그리고 그렇게 생각한 이유에 대해서 작성해주세요.",
    "essay_type": "찬성반대",
    "essay_level": "2",
    "essay_len": 809,
    "essay_main_subject": "비혼주의자에 대한 본인의 의견"
  }
}