{
  "paragraph": [
    {
      "paragraph_txt": "요새는 결혼을 하는 사람보다 결혼을 안하는 비혼주의의 사람들이 많아지고 있는 추세이다. #@문장구분# 이 상황에서 나는 비혼주의를 찬성 한다.#@문장구분#\n \n비혼이 늘어나는 이유를 보면 경제적인 부담이 가장 큰 비중을 차지한다.#@문장구분#지금은 남녀평등의 가치관이 확대되어 가부장적인 문화가 축소되고 여성도 적극적으로 경제활동에 참여하고 있지만, 아직까지 남성이 가정의 수입을 모두 담당하거나 맞벌이라도 남성이 담당하는 부분이 더 많고 남성이 경제활동을 하지 않고 가사에 전담한다면 대부분의 사람들이 이를 이상하게 여기는 등 경제적으로 더 많은 부담을 지고 있는 실정이다.#@문장구분#\n  \n취업난과 비정규직이라는 힘든 현실 때문에 결혼과 출산을 할 여유가 없고 한다고 해도 자신의 미래조차 불확실한데 아이를 잘 키울 자신이 없다는 이유이다.#@문장구분#\n 경제적 능력을 떠나 아이를 키워 육아를 한다는거 자체가 엄청 힘든 일이다.#@문장구분# 아이를 낳고 키우기 위해서는 아이를 키우는데 드는 비용과 아이를 돌봐줄 사람이 필수적인데, 과거에는 유교적 관념에 따라 육아를 여성이 전념하여 전업주부가흔했지만, 점차 여성의 권리가 향상되고 여성이 사회에 적극적으로 참여하게 되면서 여성 또한 자신의 커리어와 그에 자부심을 갖는 경우가 늘어났다.#@문장구분#\n \n나 혼자 사는것도 벅찬데 배우자와 함께 아이까지 키우게 되면 육아 관련 스트레스가 엄청날 것이다.#@문장구분#\n \n비혼을 할 경우 이런 스트레스는 없어진다.#@문장구분#\n \n본인이 결혼을 하고 싶다면 그 앞일에 대한 책임을 질 각오로 해야하며 결혼을 안 한다하더라도 그것은 그냥 본인이 그렇게 하고 싶다는 것이고 그 후에 본인이 후회를 하든 말든 우리는 상관을 쓸 이유는 전혀 없으며 또한 우리에게도 그 사람에게 미안해야할 이유도 없다.#@문장구분# 그러니 이문제는 자유의지 이다.#@문장구분#",
      "paragraph_len": 1079,
      "paragraph_id": "001"
    }
  ],
  "score": {
    "paragraph_score": [
      {
        "paragraph_scoreT": [
          3,
          3,
          2.4
        ],
        "paragraph_scoreT_detail": {
          "paragraph_scoreT_exp": [
            [
              3,
              3,
              3
            ],
            [
              3,
              3,
              3
            ],
            [
              2,
              3,
              2
            ]
          ]
        },
        "paragraph_scoreT_avg": 2.8,
        "paragraph_id": "001"
      }
    ],
    "essay_scoreT": [
      30,
      28.5,
      24.5
    ],
    "essay_scoreT_avg": 27.666666,
    "essay_scoreT_detail": {
      "essay_scoreT_org": [
        [
          3,
          0,
          3,
          3
        ],
        [
          3,
          0,
          3,
          2
        ],
        [
          3,
          0,
          2,
          3
        ]
      ],
      "essay_scoreT_cont": [
        [
          3,
          3,
          3,
          3
        ],
        [
          3,
          2,
          3,
          3
        ],
        [
          2,
          2,
          2,
          3
        ]
      ],
      "essay_scoreT_exp": [
        [
          3,
          3,
          3
        ],
        [
          3,
          3,
          3
        ],
        [
          2,
          3,
          2
        ]
      ]
    }
  },
  "student": {
    "date": "2021.12.13",
    "student_educated": true,
    "student_grade": "고등_1학년",
    "location": "063",
    "student_grade_group": "고등",
    "student_reading": 2
  },
  "rubric": {
    "essay_grade": "고등_1학년",
    "organization_weight": {
      "org_paragraph": 0,
      "org": 3,
      "org_essay": 6,
      "org_coherence": 3,
      "org_quantity": 1
    },
    "essay_type": "찬성반대",
    "content_weight": {
      "con_clearance": 3,
      "con_novelty": 3,
      "con": 4,
      "con_prompt": 1,
      "con_description": 3
    },
    "essay_main_subject": "비혼주의자에 대한 본인의 의견",
    "expression_weight": {
      "exp_style": 4,
      "exp_grammar": 2,
      "exp_vocab": 4,
      "exp": 3
    }
  },
  "correction": [],
  "info": {
    "essay_id": "ESSAY_62890",
    "essay_prompt": " \"\"연애는 필수, 결혼은 선택! 가슴이 뛰는 대로 가면 돼\"\".\n\n 유명한 유행가의 노래 가사처럼, 청년들에게 결혼은 이제 필수가 아닌 하나의 선택 사항입니다. 연애, 결혼, 출산을 포기한다는 의미의 '3포세대'라는 말이 나오기 무섭게 5포 세대, N포세대까지 등장할 정도로 취업난, 치솟는 부동산 가격 등 여러 사회·경제적 요인들로 청년층을 위축시켰습니다.\n\n 모두가 이러한 이유로 '결혼을 포기'하는 것만은 아닙니다. 개인의 행복을 위해 '비혼을 선택'하는 청년들도 늘고 있습니다. 이처럼 최근 전통적인 가치관에서 벗어나 연애와 동거는 하면서 결혼이라는 제도에 묶여 관계에서 파생되는 책임을 벗어나 자유로운 삶을 추구하는 비혼주의자가 늘고 있습니다.\n\n 다만, 개인의 자유로운 선택에 따라 비혼주의를 하지만 주변에서는 아직 고운 시선으로 바라보지 않는 사람도 많습니다. 결혼이라는 제도에 대해서 선택이 아닌 필수라고 생각하는 사람들도 많지요. 개개인이 모여 사회가 형성되기 때문에 사회의 가장 작은 단위인 가족을 이루는 것도 사회 구성원으로서의 큰 역할이라고 생각하는 사람들도 있습니다.\n\n 여러분은 결혼을 꼭 해야 한다고 생각하시나요? 아니면 결혼은 선택의 문제라고 생각하시나요? 비혼주의에 대해 찬성하는 입장 반대를 선택하여 자신의 의견을 작성해주세요. 그리고 그렇게 생각한 이유에 대해서 작성해주세요.",
    "essay_type": "찬성반대",
    "essay_level": "2",
    "essay_len": 849,
    "essay_main_subject": "비혼주의자에 대한 본인의 의견"
  }
}