{
  "paragraph": [
    {
      "paragraph_txt": "비혼주의가 젊은 세대 사이에서 확산되고 있다.#@문장구분# 혹자는 비혼주의는 나라의 미래를 고려하지 않는 이기적인 선택이라고 힐난하기도 하고, 혹자는 퍽퍽한 현실에서 새로운 세대의 새로운 삶의 방식이라며 지지하기도 한다.#@문장구분# 나는 비혼주의에 긍정적인 시각을 가지고 있다.#@문장구분# 그 이유는 다음과 같다.#@문장구분# 첫 번째 이유는 경제적인 관점에서 본 결혼이 '꿈꿀 만한'것이 아니기 때문이다.#@문장구분# '내 집 마련'은 노년기에나 꿈꿔볼 만한 가치가 된 시대, 취업은 하늘의 별 따기가 된 시대, 나 하나 먹고 살기도 아등바등해야 하는 시대에서 결혼이 과연 내 인생을 아름답게 만들어 줄 수 있을까, 하는 의문이 든다.#@문장구분# 전통적인 가치관에 떠밀려 적당히 결혼하게 된다면 그에 따른 경제적 책임은 그 누구도 감당할 수 없다.#@문장구분# 사랑하는 사람끼리 연애하며, 또는 동거를 하며 돈독한 사이를 유지하되 현실적 책임이 뒤따르는 결혼은 지양하는 것이 낭만과 현실을 동시에 감당할 수 있는 최선의 방법이라는 생각이 든다.#@문장구분# 내가 비혼주의를 지지하는 두 번째 이유는 나의 가치관에 부합하기 때문이다.#@문장구분# 나는 인생과 연애를 분리해야 한다고 생각하는데, 속된 말로 '남녀 사이 아무도 모른다'라고 하듯, 연애를 할 때는 그저 자연스러웠던 만남과 헤어짐이 결혼이라는 제도에 묶이게 되면 '인생의 과오'로 치부되는 경우가 많다.#@문장구분# 나의 일부분이지만 인생의 전부는 아니었던 연애가 결혼을 함으로써 나의 전부가 되는 것을 원하지 않는다.#@문장구분# 제도와 법에서 자유로운 상태에서 상대를 대하는 것이 가장 견고한 감정이며, 순수한 관계라고 믿는다.#@문장구분# 지금까지 비혼주의를 지지하는 입장에서 그 이유들을 소개했는데, 사실 비혼주의는 긍정/부정적인 시각을 가질 수는 있지만 반대하거나 찬성할 만한 주제는 아니라고 생각한다.#@문장구분# 비혼주의는 당사자들의 지극히 개인적이고 사적인 가치관이며, 삶의 방식이다.#@문장구분#",
      "paragraph_len": 1178,
      "paragraph_id": "001"
    }
  ],
  "score": {
    "paragraph_score": [
      {
        "paragraph_scoreT": [
          3,
          2,
          2
        ],
        "paragraph_scoreT_detail": {
          "paragraph_scoreT_exp": [
            [
              3,
              3,
              3
            ],
            [
              2,
              2,
              2
            ],
            [
              2,
              2,
              2
            ]
          ]
        },
        "paragraph_scoreT_avg": 2.3333333,
        "paragraph_id": "001"
      }
    ],
    "essay_scoreT": [
      30,
      25.8,
      24
    ],
    "essay_scoreT_avg": 26.6,
    "essay_scoreT_detail": {
      "essay_scoreT_org": [
        [
          3,
          0,
          3,
          3
        ],
        [
          3,
          0,
          3,
          3
        ],
        [
          2,
          0,
          3,
          3
        ]
      ],
      "essay_scoreT_cont": [
        [
          3,
          3,
          3,
          3
        ],
        [
          2,
          3,
          3,
          3
        ],
        [
          2,
          3,
          3,
          3
        ]
      ],
      "essay_scoreT_exp": [
        [
          3,
          3,
          3
        ],
        [
          2,
          2,
          2
        ],
        [
          2,
          2,
          2
        ]
      ]
    }
  },
  "student": {
    "date": "2021.12.17",
    "student_educated": true,
    "student_grade": "고등_1학년",
    "location": "044",
    "student_grade_group": "고등",
    "student_reading": 3
  },
  "rubric": {
    "essay_grade": "고등_1학년",
    "organization_weight": {
      "org_paragraph": 0,
      "org": 3,
      "org_essay": 6,
      "org_coherence": 3,
      "org_quantity": 1
    },
    "essay_type": "찬성반대",
    "content_weight": {
      "con_clearance": 3,
      "con_novelty": 3,
      "con": 4,
      "con_prompt": 1,
      "con_description": 3
    },
    "essay_main_subject": "비혼주의자에 대한 본인의 의견",
    "expression_weight": {
      "exp_style": 4,
      "exp_grammar": 2,
      "exp_vocab": 4,
      "exp": 3
    }
  },
  "correction": [],
  "info": {
    "essay_id": "ESSAY_66167",
    "essay_prompt": " \"\"연애는 필수, 결혼은 선택! 가슴이 뛰는 대로 가면 돼\"\".\n\n 유명한 유행가의 노래 가사처럼, 청년들에게 결혼은 이제 필수가 아닌 하나의 선택 사항입니다. 연애, 결혼, 출산을 포기한다는 의미의 '3포세대'라는 말이 나오기 무섭게 5포 세대, N포세대까지 등장할 정도로 취업난, 치솟는 부동산 가격 등 여러 사회·경제적 요인들로 청년층을 위축시켰습니다.\n\n 모두가 이러한 이유로 '결혼을 포기'하는 것만은 아닙니다. 개인의 행복을 위해 '비혼을 선택'하는 청년들도 늘고 있습니다. 이처럼 최근 전통적인 가치관에서 벗어나 연애와 동거는 하면서 결혼이라는 제도에 묶여 관계에서 파생되는 책임을 벗어나 자유로운 삶을 추구하는 비혼주의자가 늘고 있습니다.\n\n 다만, 개인의 자유로운 선택에 따라 비혼주의를 하지만 주변에서는 아직 고운 시선으로 바라보지 않는 사람도 많습니다. 결혼이라는 제도에 대해서 선택이 아닌 필수라고 생각하는 사람들도 많지요. 개개인이 모여 사회가 형성되기 때문에 사회의 가장 작은 단위인 가족을 이루는 것도 사회 구성원으로서의 큰 역할이라고 생각하는 사람들도 있습니다.\n\n 여러분은 결혼을 꼭 해야 한다고 생각하시나요? 아니면 결혼은 선택의 문제라고 생각하시나요? 비혼주의에 대해 찬성하는 입장 반대를 선택하여 자신의 의견을 작성해주세요. 그리고 그렇게 생각한 이유에 대해서 작성해주세요.",
    "essay_type": "찬성반대",
    "essay_level": "2",
    "essay_len": 899,
    "essay_main_subject": "비혼주의자에 대한 본인의 의견"
  }
}