{
  "paragraph": [
    {
      "paragraph_txt": "결혼을 전통적인 가치관에 얽매일 수 있는 조건들을 많이 갖추고 있다고 생각합니다.#@문장구분# 현대 사회가 많이 변화하고 개방적으로 바뀌었다 하더라도 결혼이라는 틀 안에서는 아직은 자유롭지 못하고 귀속적인 삶을 살 수 밖에 없을 것입니다.#@문장구분# 그것이 본인 자신을 위한 것이라기 보다 배우자나 자녀를 위한 선택일 가능성이 많을 것입니다.#@문장구분# 이처럼 본인 자신을 위하는 삶이 아닌 배려가 뒷받침 되어야 하는 결혼이라는 제도에 대해서 저는 굳이 해야 될 필요성을 느끼지는 못하겠습니다.#@문장구분# 사람들이 결혼을 하는 궁극적인 이유는 무엇일까요?#@문장구분# 어느정도의 나이가 되고 그 나이즈음에 사랑하는 사람이 있다면 사람들은 결혼을 선택합니다.#@문장구분# '이 시기를 놓치면 결혼을 못할 것 같아서'라고 생각을 하고 결혼을 하는 사람들도 분명 존재할 것입니다. #@문장구분#진정으로 원하고 바라는 결혼이 아닌 시기를 놓치면 안될까봐 하는 결혼생활이 과연 행복할지 저는 참으로 의문입니다.#@문장구분# 본인이 진정으로 행복한 결혼을 원한다면 시기나 나이에 상관없이 본인이 원할 때 해야 하는 것이 진정한 사랑이고 진정한 결혼이라고 저는 생각합니다.#@문장구분# 그렇기에 자녀출산을 목적으로 한다거나 결혼시기에 맞추어 하는 결혼에 대한 개념은 옳지 않다고 판단되어 이런 의미에서의 결혼이라면 저는 비혼을 선택할 것입니다. #@문장구분#본인의 인생은 본인이 주체적으로 결정해야 합니다.#@문장구분# 본인의 삶에 자존감을 가지고 내가 가장 사랑하는 사람은 '나'라는 생각으로 내가 가장 행복한 것이 무엇인지 내가 가장 원하는 것이 무엇인지를 생각하고 결혼을 선택해야 할 것입니다.#@문장구분# 세상에는 수 많은 사람들이 살고 있습니다. #@문장구분#각자의 생각이 모두 다를 수 있겠지만 저는 아직까지는 비혼주의를 원하고 저의 삶이 더욱 소중하다고 생각합니다.#@문장구분#",
      "paragraph_len": 1124,
      "paragraph_id": "001"
    }
  ],
  "score": {
    "paragraph_score": [
      {
        "paragraph_scoreT": [
          2.8,
          3,
          3
        ],
        "paragraph_scoreT_detail": {
          "paragraph_scoreT_exp": [
            [
              2,
              3,
              3
            ],
            [
              3,
              3,
              3
            ],
            [
              3,
              3,
              3
            ]
          ]
        },
        "paragraph_scoreT_avg": 2.9333334,
        "paragraph_id": "001"
      }
    ],
    "essay_scoreT": [
      26.400002,
      30,
      30
    ],
    "essay_scoreT_avg": 28.800001,
    "essay_scoreT_detail": {
      "essay_scoreT_org": [
        [
          2,
          0,
          3,
          3
        ],
        [
          3,
          0,
          3,
          3
        ],
        [
          3,
          0,
          3,
          3
        ]
      ],
      "essay_scoreT_cont": [
        [
          3,
          2,
          3,
          3
        ],
        [
          3,
          3,
          3,
          3
        ],
        [
          3,
          3,
          3,
          3
        ]
      ],
      "essay_scoreT_exp": [
        [
          2,
          3,
          3
        ],
        [
          3,
          3,
          3
        ],
        [
          3,
          3,
          3
        ]
      ]
    }
  },
  "student": {
    "date": "2021.12.23",
    "student_educated": true,
    "student_grade": "고등_1학년",
    "location": "063",
    "student_grade_group": "고등",
    "student_reading": 1
  },
  "rubric": {
    "essay_grade": "고등_1학년",
    "organization_weight": {
      "org_paragraph": 0,
      "org": 3,
      "org_essay": 6,
      "org_coherence": 3,
      "org_quantity": 1
    },
    "essay_type": "찬성반대",
    "content_weight": {
      "con_clearance": 3,
      "con_novelty": 3,
      "con": 4,
      "con_prompt": 1,
      "con_description": 3
    },
    "essay_main_subject": "비혼주의자에 대한 본인의 의견",
    "expression_weight": {
      "exp_style": 4,
      "exp_grammar": 2,
      "exp_vocab": 4,
      "exp": 3
    }
  },
  "correction": [],
  "info": {
    "essay_id": "ESSAY_76710",
    "essay_prompt": " \"\"연애는 필수, 결혼은 선택! 가슴이 뛰는 대로 가면 돼\"\".\n\n 유명한 유행가의 노래 가사처럼, 청년들에게 결혼은 이제 필수가 아닌 하나의 선택 사항입니다. 연애, 결혼, 출산을 포기한다는 의미의 '3포세대'라는 말이 나오기 무섭게 5포 세대, N포세대까지 등장할 정도로 취업난, 치솟는 부동산 가격 등 여러 사회·경제적 요인들로 청년층을 위축시켰습니다.\n\n 모두가 이러한 이유로 '결혼을 포기'하는 것만은 아닙니다. 개인의 행복을 위해 '비혼을 선택'하는 청년들도 늘고 있습니다. 이처럼 최근 전통적인 가치관에서 벗어나 연애와 동거는 하면서 결혼이라는 제도에 묶여 관계에서 파생되는 책임을 벗어나 자유로운 삶을 추구하는 비혼주의자가 늘고 있습니다.\n\n 다만, 개인의 자유로운 선택에 따라 비혼주의를 하지만 주변에서는 아직 고운 시선으로 바라보지 않는 사람도 많습니다. 결혼이라는 제도에 대해서 선택이 아닌 필수라고 생각하는 사람들도 많지요. 개개인이 모여 사회가 형성되기 때문에 사회의 가장 작은 단위인 가족을 이루는 것도 사회 구성원으로서의 큰 역할이라고 생각하는 사람들도 있습니다.\n\n 여러분은 결혼을 꼭 해야 한다고 생각하시나요? 아니면 결혼은 선택의 문제라고 생각하시나요? 비혼주의에 대해 찬성하는 입장 반대를 선택하여 자신의 의견을 작성해주세요. 그리고 그렇게 생각한 이유에 대해서 작성해주세요.",
    "essay_type": "찬성반대",
    "essay_level": "2",
    "essay_len": 844,
    "essay_main_subject": "비혼주의자에 대한 본인의 의견"
  }
}