{
  "paragraph": [
    {
      "paragraph_txt": "비혼주의자에 대한 저의 의견은 반대입니다.#@문장구분# 물론 비혼주의자는 자신의 생각이기 때문에 의견을 존중하고 이해해야되는 것은 맞지만 그래도 결혼은 해야한다고 생각합니다.#@문장구분# 왜냐하면  제가 생각하기에 결혼은 평생 옆에 좋아하는 사람이랑 함께 하는 건데 그게 너무 좋은 거 같아서 결혼에 찬성하고 또 비혼주의면 연애를 하면서 생활할 수 있지만 아기 키우는게 좋은 사람들은 비혼을 할 수 없다고 생각하기 때문입니다.#@문장구분# 또한 비혼이면 결혼생활이 궁금할 수도 있고 비혼이면 너무 외로울 수도 있기 때문에 결혼을 해야 한다고 생각합니다.#@문장구분# 그리고 항상 집에 나를 기다려 주는 사람이 있다는 건 행복한 일인 거 같다.#@문장구분# 그리고 혼자서는 하지 못하던 것들을 결혼을 하게 되면 나를 사랑하는 사람과 많은 것들을 할 수 있고 혼자 지내지 않아 외롭지 않는 장점이 있다는 거 같다.#@문장구분# 그리고 결혼을 하면 아이들도 낳게 되면서 가족이라는 구성원이 생기기 때문에 사회유지와 이해관계 등에 도움이 될 거라고 생각한다.#@문장구분# 왜냐하면 결혼을 하게 되면 많은 사람을 만나면서 그 사람에 대한 이해도가 증가하고 이러한 사회성을 기르면서 더 많은 것들을 알아갈 수 있기 때문에 좋다고 생각한다.#@문장구분# 결혼하지 않고 혼자 살다가 늙으신 분이 계시는데 그분이 하시는 말씀이 처음에는 풍족하니 좋았는데 늙으니까 외롭다고 하십니다.#@문장구분# 그분도 어렸을 때 기회가 되었을 때 결혼을 꼭 하라고 저에게 말씀하셨습니다.#@문장구분# 그래서 저는 비혼주의자에 대해 반대합니다.#@문장구분# 지금도 미래에도 저는 비혼에 대해 긍정적으로 생각할 것입니다.#@문장구분# 하지만 서로 생각이 다르다고 서로를 혐오하거나 배척하는 일이 없으면 좋겠습니다.#@문장구분# 서로의 생각이 다른 것이지, 틀린 것이 아니기 때문입니다.#@문장구분#",
      "paragraph_len": 1112,
      "paragraph_id": "001"
    }
  ],
  "score": {
    "paragraph_score": [
      {
        "paragraph_scoreT": [
          3,
          2.4,
          2.6
        ],
        "paragraph_scoreT_detail": {
          "paragraph_scoreT_exp": [
            [
              3,
              3,
              3
            ],
            [
              2,
              3,
              2
            ],
            [
              3,
              2,
              3
            ]
          ]
        },
        "paragraph_scoreT_avg": 2.6666667,
        "paragraph_id": "001"
      }
    ],
    "essay_scoreT": [
      30,
      26.100002,
      28.8
    ],
    "essay_scoreT_avg": 28.300001,
    "essay_scoreT_detail": {
      "essay_scoreT_org": [
        [
          3,
          0,
          3,
          3
        ],
        [
          3,
          0,
          2,
          3
        ],
        [
          3,
          0,
          3,
          3
        ]
      ],
      "essay_scoreT_cont": [
        [
          3,
          3,
          3,
          3
        ],
        [
          3,
          2,
          3,
          3
        ],
        [
          3,
          3,
          3,
          3
        ]
      ],
      "essay_scoreT_exp": [
        [
          3,
          3,
          3
        ],
        [
          2,
          3,
          2
        ],
        [
          3,
          2,
          3
        ]
      ]
    }
  },
  "student": {
    "date": "2021.12.13",
    "student_educated": true,
    "student_grade": "고등_1학년",
    "location": "063",
    "student_grade_group": "고등",
    "student_reading": 2
  },
  "rubric": {
    "essay_grade": "고등_1학년",
    "organization_weight": {
      "org_paragraph": 0,
      "org": 3,
      "org_essay": 6,
      "org_coherence": 3,
      "org_quantity": 1
    },
    "essay_type": "찬성반대",
    "content_weight": {
      "con_clearance": 3,
      "con_novelty": 3,
      "con": 4,
      "con_prompt": 1,
      "con_description": 3
    },
    "essay_main_subject": "비혼주의자에 대한 본인의 의견",
    "expression_weight": {
      "exp_style": 4,
      "exp_grammar": 2,
      "exp_vocab": 4,
      "exp": 3
    }
  },
  "correction": [],
  "info": {
    "essay_id": "ESSAY_71915",
    "essay_prompt": " \"\"연애는 필수, 결혼은 선택! 가슴이 뛰는 대로 가면 돼\"\".\n\n 유명한 유행가의 노래 가사처럼, 청년들에게 결혼은 이제 필수가 아닌 하나의 선택 사항입니다. 연애, 결혼, 출산을 포기한다는 의미의 '3포세대'라는 말이 나오기 무섭게 5포 세대, N포세대까지 등장할 정도로 취업난, 치솟는 부동산 가격 등 여러 사회·경제적 요인들로 청년층을 위축시켰습니다.\n\n 모두가 이러한 이유로 '결혼을 포기'하는 것만은 아닙니다. 개인의 행복을 위해 '비혼을 선택'하는 청년들도 늘고 있습니다. 이처럼 최근 전통적인 가치관에서 벗어나 연애와 동거는 하면서 결혼이라는 제도에 묶여 관계에서 파생되는 책임을 벗어나 자유로운 삶을 추구하는 비혼주의자가 늘고 있습니다.\n\n 다만, 개인의 자유로운 선택에 따라 비혼주의를 하지만 주변에서는 아직 고운 시선으로 바라보지 않는 사람도 많습니다. 결혼이라는 제도에 대해서 선택이 아닌 필수라고 생각하는 사람들도 많지요. 개개인이 모여 사회가 형성되기 때문에 사회의 가장 작은 단위인 가족을 이루는 것도 사회 구성원으로서의 큰 역할이라고 생각하는 사람들도 있습니다.\n\n 여러분은 결혼을 꼭 해야 한다고 생각하시나요? 아니면 결혼은 선택의 문제라고 생각하시나요? 비혼주의에 대해 찬성하는 입장 반대를 선택하여 자신의 의견을 작성해주세요. 그리고 그렇게 생각한 이유에 대해서 작성해주세요.",
    "essay_type": "찬성반대",
    "essay_level": "2",
    "essay_len": 832,
    "essay_main_subject": "비혼주의자에 대한 본인의 의견"
  }
}