{
  "paragraph": [
    {
      "paragraph_txt": "현대사회가 되기 전 미개사회의 삶은 개인의 시간이 주어져도 그 시간을 자신을 위해 재미있게 쓸 공간과 환경이 그다지 많지 않았다고 생각한다.#@문장구분# 미개사회라고 해서 먼 옛날이 아닌 할머니세대?를 의미한다.#@문장구분# 할머니 할아버지들이 요즘 세상 좋아졌다고 하신 걸로 봐도 분명 지금과는 다른 세상이였다고 생각한다.#@문장구분# 한마디로 돈을 쓰고 즐길 환경이 없는만큼 개인의 시간이 즐겁지 않았다.#@문장구분# 하지만 요즘시대는 어떠한가 개인 생활에 맞춤이 되어가고 있다.#@문장구분# 혼밥 혼술은 이제 흔한 일상이 되었고 이런 1인생활을 위한 상품과 가게가 늘고 TV프로그램이 생겨나면서 사회 전반적인 분위기가 비혼상태의 1인생활이 일반화 되어가고 있다.#@문장구분# 그리고 독립의 시기가 빨라지고 또 길어지면서 1인생활이 익숙해지기 마련이다.#@문장구분# 비혼을 선택하는 사람들의 입장에서 생각하면 당연하다고 생각한다.#@문장구분#  아직도 나이 많으신분들은 가정을 꾸리는 것이 혈통을 잇고 사회적 책임을 다하는 것이라 이야기하지만 실은 결혼을 하지않는것에 대한 곱지 않은 시선도 이제는 그다지 많지 않다. #@문장구분#그리고 요즘은 타인의 시선을 크게 의식하지 않는다.#@문장구분# 자신의 삶을 타인의 시선에 맞춰 살 수 없는 일이다.#@문장구분# 비혼을 선택하는 또다른 이유를 들어본다면 최근 뉴스를 떠들썩하게 했던 데이트폭력과 살인 그리고 스토커들의 범죄가 늘어가고 있다.#@문장구분# 누군가를 만나고 서로에게 의지하며 삶을 살아가기에는 너무 불안하고 무서운 세상이기도하다.#@문장구분# 결혼이 상대에 대한 신뢰와 사랑을 바탕으로 한다면 요즘 세상에는 상대를 믿고 신뢰하기도 어렵고 개인주의로 자란 성향의 남녀가 서로에게 희생을 필요로하는 결혼생활을 선택할 리가 없다고 생각한다.#@문장구분# 흔히들 결혼을 둘이 하나가 되는것이라고 표현했었다.#@문장구분# 둘이 하나가 되는 과정은 분명 희생과 고통이 따른다.#@문장구분# 이것은 부모님들의 결혼생활을 지켜봐 오면서 또 많은 TV프로그램에서 결혼은 무덤이라고 성토하는 사람들의 이야기를 통해 알 수 있다.#@문장구분# 이것을 바탕으로 지금시대를 사는 사람들은 결혼을 선택하지 않겠다는 것이다.#@문장구분# 이기적이다고 할수도 있지만 자신을 위해서는 지혜로운 결정이라 생각이한다.#@문장구분#",
      "paragraph_len": 1400,
      "paragraph_id": "001"
    }
  ],
  "score": {
    "paragraph_score": [
      {
        "paragraph_scoreT": [
          3,
          3,
          3
        ],
        "paragraph_scoreT_detail": {
          "paragraph_scoreT_exp": [
            [
              3,
              3,
              3
            ],
            [
              3,
              3,
              3
            ],
            [
              3,
              3,
              3
            ]
          ]
        },
        "paragraph_scoreT_avg": 3,
        "paragraph_id": "001"
      }
    ],
    "essay_scoreT": [
      30,
      30,
      30
    ],
    "essay_scoreT_avg": 30,
    "essay_scoreT_detail": {
      "essay_scoreT_org": [
        [
          3,
          0,
          3,
          3
        ],
        [
          3,
          0,
          3,
          3
        ],
        [
          3,
          0,
          3,
          3
        ]
      ],
      "essay_scoreT_cont": [
        [
          3,
          3,
          3,
          3
        ],
        [
          3,
          3,
          3,
          3
        ],
        [
          3,
          3,
          3,
          3
        ]
      ],
      "essay_scoreT_exp": [
        [
          3,
          3,
          3
        ],
        [
          3,
          3,
          3
        ],
        [
          3,
          3,
          3
        ]
      ]
    }
  },
  "student": {
    "date": "2021.12.14",
    "student_educated": true,
    "student_grade": "고등_1학년",
    "location": "053",
    "student_grade_group": "고등",
    "student_reading": 3
  },
  "rubric": {
    "essay_grade": "고등_1학년",
    "organization_weight": {
      "org_paragraph": 0,
      "org": 3,
      "org_essay": 6,
      "org_coherence": 3,
      "org_quantity": 1
    },
    "essay_type": "찬성반대",
    "content_weight": {
      "con_clearance": 3,
      "con_novelty": 3,
      "con": 4,
      "con_prompt": 1,
      "con_description": 3
    },
    "essay_main_subject": "비혼주의자에 대한 본인의 의견",
    "expression_weight": {
      "exp_style": 4,
      "exp_grammar": 2,
      "exp_vocab": 4,
      "exp": 3
    }
  },
  "correction": [],
  "info": {
    "essay_id": "ESSAY_61627",
    "essay_prompt": " \"\"연애는 필수, 결혼은 선택! 가슴이 뛰는 대로 가면 돼\"\".\n\n 유명한 유행가의 노래 가사처럼, 청년들에게 결혼은 이제 필수가 아닌 하나의 선택 사항입니다. 연애, 결혼, 출산을 포기한다는 의미의 '3포세대'라는 말이 나오기 무섭게 5포 세대, N포세대까지 등장할 정도로 취업난, 치솟는 부동산 가격 등 여러 사회·경제적 요인들로 청년층을 위축시켰습니다.\n\n 모두가 이러한 이유로 '결혼을 포기'하는 것만은 아닙니다. 개인의 행복을 위해 '비혼을 선택'하는 청년들도 늘고 있습니다. 이처럼 최근 전통적인 가치관에서 벗어나 연애와 동거는 하면서 결혼이라는 제도에 묶여 관계에서 파생되는 책임을 벗어나 자유로운 삶을 추구하는 비혼주의자가 늘고 있습니다.\n\n 다만, 개인의 자유로운 선택에 따라 비혼주의를 하지만 주변에서는 아직 고운 시선으로 바라보지 않는 사람도 많습니다. 결혼이라는 제도에 대해서 선택이 아닌 필수라고 생각하는 사람들도 많지요. 개개인이 모여 사회가 형성되기 때문에 사회의 가장 작은 단위인 가족을 이루는 것도 사회 구성원으로서의 큰 역할이라고 생각하는 사람들도 있습니다.\n\n 여러분은 결혼을 꼭 해야 한다고 생각하시나요? 아니면 결혼은 선택의 문제라고 생각하시나요? 비혼주의에 대해 찬성하는 입장 반대를 선택하여 자신의 의견을 작성해주세요. 그리고 그렇게 생각한 이유에 대해서 작성해주세요.",
    "essay_type": "찬성반대",
    "essay_level": "2",
    "essay_len": 1020,
    "essay_main_subject": "비혼주의자에 대한 본인의 의견"
  }
}