{
  "paragraph": [
    {
      "paragraph_txt": "비혼주의에 대한 찬성과 반대를 선택하기 전 비혼주의가 무엇인지부터 알아야 한다고 생각합니다. #@문장구분#비혼주의란 결혼을 하기 싫어서 스스로 결혼을 안 하는 것을 결정한 것입니다.#@문장구분# 그리고 저는 비혼주의에 대해 찬성합니다.#@문장구분# 저는 4가지 이유로 비혼주의에 대해서 찬성하는 입장을 가지고있는데 첫째 아이로 인한 스트레스가 없습니다.#@문장구분# 둘째 돈을 모을 수 있다. 셋째 자기계발 시간이 많다.#@문장구분# 넷째 자유로운 생활이 가능하다입니다.#@문장구분# 첫째 아이로 인한 스트레스가 없습니다.#@문장구분# 왜냐하면 결혼을 하면 아이를 낳기도 전 아이에 대한 압박이 있을 수 있으며 우리나라는 다른나라에 비해 육아비와 교육비가 많이 드며 아이에 투자되는 시간 또한 무시할 수 없다고 생각합니다.#@문장구분# 둘째 돈을 모을 수 있습니다.#@문장구분# 왜냐하면 결혼을 하면 서로를 위해 집을 장만하며 아이를 위해 돈을 많이 투자해야 하며 돈의 소모량 또한 두 배 이므로 혼자 살 때 보단 돈이 부족할 것입니다.#@문장구분# 하지만 혼자 살게 되면 이런 일이 없으므로 결혼한 집에 비해 돈을 많이 모을 수 있습니다.#@문장구분#\n셋째 자기계발 시간이 많습니다.#@문장구분# 왜냐하면 결혼을 하게 되면 집안일, 육아 등등 혼자만의 시간이 많이 뺏기게 됩니다.#@문장구분# 그러나 혼자 살게 되면 혼자만의 시간이 많아지므로 자기계발을 할 시간이 많아질 것입니다.#@문장구분# 넷째 자유로운 생활이 가능합니다.#@문장구분# 결혼을 하게 되면 그에 따른 희생과 책임또한 있게 되지만 혼자 살게 되면 수많은 스트레스 속에서 벗어나며 그에 따른 자유로운 생활에서 살 수 있다고 생각합니다.#@문장구분# 이러한 4가지 이유로 인해 저는 비혼에 대해 긍정적인 입장이며 또한 요즘 비혼에 대해 이런저런 말이 많은데 개인적인 견해로는 비혼에 대한 입장은 개개인의 생각이고 자유이므로 누군가 침해해서는 안된다고 생각합니다.#@문장구분# 그것이 긍정이든 부정이든.#@문장구분#",
      "paragraph_len": 1230,
      "paragraph_id": "001"
    }
  ],
  "score": {
    "paragraph_score": [
      {
        "paragraph_scoreT": [
          1.6,
          2.8,
          2
        ],
        "paragraph_scoreT_detail": {
          "paragraph_scoreT_exp": [
            [
              2,
              2,
              1
            ],
            [
              2,
              3,
              3
            ],
            [
              2,
              2,
              2
            ]
          ]
        },
        "paragraph_scoreT_avg": 2.1333334,
        "paragraph_id": "001"
      }
    ],
    "essay_scoreT": [
      20.3,
      29.4,
      21.6
    ],
    "essay_scoreT_avg": 23.766665,
    "essay_scoreT_detail": {
      "essay_scoreT_org": [
        [
          2,
          0,
          2,
          3
        ],
        [
          3,
          0,
          3,
          3
        ],
        [
          2,
          0,
          2,
          2
        ]
      ],
      "essay_scoreT_cont": [
        [
          3,
          2,
          2,
          2
        ],
        [
          3,
          3,
          3,
          3
        ],
        [
          3,
          2,
          3,
          2
        ]
      ],
      "essay_scoreT_exp": [
        [
          2,
          2,
          1
        ],
        [
          2,
          3,
          3
        ],
        [
          2,
          2,
          2
        ]
      ]
    }
  },
  "student": {
    "date": "2021.10.01",
    "student_educated": true,
    "student_grade": "고등_1학년",
    "location": "051",
    "student_grade_group": "고등",
    "student_reading": 1
  },
  "rubric": {
    "essay_grade": "고등_1학년",
    "organization_weight": {
      "org_paragraph": 0,
      "org": 3,
      "org_essay": 6,
      "org_coherence": 3,
      "org_quantity": 1
    },
    "essay_type": "찬성반대",
    "content_weight": {
      "con_clearance": 3,
      "con_novelty": 3,
      "con": 4,
      "con_prompt": 1,
      "con_description": 3
    },
    "essay_main_subject": "비혼주의자에 대한 본인의 의견",
    "expression_weight": {
      "exp_style": 4,
      "exp_grammar": 2,
      "exp_vocab": 4,
      "exp": 3
    }
  },
  "correction": [],
  "info": {
    "essay_id": "ESSAY_37073",
    "essay_prompt": " \"\"연애는 필수, 결혼은 선택! 가슴이 뛰는 대로 가면 돼\"\".\n\n 유명한 유행가의 노래 가사처럼, 청년들에게 결혼은 이제 필수가 아닌 하나의 선택 사항입니다. 연애, 결혼, 출산을 포기한다는 의미의 '3포세대'라는 말이 나오기 무섭게 5포 세대, N포세대까지 등장할 정도로 취업난, 치솟는 부동산 가격 등 여러 사회·경제적 요인들로 청년층을 위축시켰습니다.\n\n 모두가 이러한 이유로 '결혼을 포기'하는 것만은 아닙니다. 개인의 행복을 위해 '비혼을 선택'하는 청년들도 늘고 있습니다. 이처럼 최근 전통적인 가치관에서 벗어나 연애와 동거는 하면서 결혼이라는 제도에 묶여 관계에서 파생되는 책임을 벗어나 자유로운 삶을 추구하는 비혼주의자가 늘고 있습니다.\n\n 다만, 개인의 자유로운 선택에 따라 비혼주의를 하지만 주변에서는 아직 고운 시선으로 바라보지 않는 사람도 많습니다. 결혼이라는 제도에 대해서 선택이 아닌 필수라고 생각하는 사람들도 많지요. 개개인이 모여 사회가 형성되기 때문에 사회의 가장 작은 단위인 가족을 이루는 것도 사회 구성원으로서의 큰 역할이라고 생각하는 사람들도 있습니다.\n\n 여러분은 결혼을 꼭 해야 한다고 생각하시나요? 아니면 결혼은 선택의 문제라고 생각하시나요? 비혼주의에 대해 찬성하는 입장 반대를 선택하여 자신의 의견을 작성해주세요. 그리고 그렇게 생각한 이유에 대해서 작성해주세요.",
    "essay_type": "찬성반대",
    "essay_level": "2",
    "essay_len": 870,
    "essay_main_subject": "비혼주의자에 대한 본인의 의견"
  }
}