{
  "paragraph": [
    {
      "paragraph_txt": "2021년 통계청의 '2020년 인구주택총조사'에 따르면 30대 가운데 미혼인구는 42.5%라는 수치를 보였다고 한다.#@문장구분# 5년 전 조사와 비교해 모든 연령층에서 미혼인구가 증가한 것을 볼 수 있었는데 그 중 30대의 경우 5년 전에 비해 6.2%나 오르게 되었다.#@문장구분# 미혼인구의 증가는 비혼주의를 선택한 사람들이 늘은 것도 요인으로 작용한다고 생각한다. #@문장구분#최근 부동산 가치의 끝없는 상승, 취업난과 같은 복작한 이유로 인해 20-30대 청년들이 결혼이나 연애에 대해 기피하는 현상이 현저하게 늘고 있다.#@문장구분# 다른 타인에게 나를 소개하고, 보여주며 감정을 느끼고 그 감정을 키워가기에는 경제적, 시간적으로 나를 위해 쓰기에도 바쁘다는 것이 주를 이뤘으며 이런 사회적 현상 속에서 나는 비혼주의는 오히려 찬성과 반대로 의견을 가를 것이 아닌 현대 사회에서 발생할 수 있는 당연한 현상으로 자리잡았다고 생각한다.#@문장구분#  결혼을 하게 되면, 두 사람이 가족이라는 이름 하에 묶이게 된다.#@문장구분# 제도적으로 묶이는 것이 서로에게 좋은 점은 분명있다고 생각한다.#@문장구분# 서로의 보호자가 될 수 있기 때문에 배우자의 급한 수술 등이 있을 때 본인이 나서서 도움을 줄 수 있다는 점을 예시로 들 수 있을 것 같다.#@문장구분# 하지만, 좋은 점보다 부당한 점이나 힘든 점 등등 부정적인 면이 더 크게 느껴지기 때문에 차라리 결혼이라는 제도의 이점을 포기하고, 연애나 동거 등의 단계에서 멈추기를 '선택' 하는 것 그것이 비혼주의라고 생각한다.#@문장구분# 연애와 동거는 하면서 결혼이라는 제도에 묶여 관계에서 파생되는 책임을 벗어나 자유로운 삶은 추구하는 비혼주의자' 라고 나와있다.#@문장구분# 여기서 주목할점은 '책임을 벗어나 자유로운 삶을 추구' 이다.#@문장구분#",
      "paragraph_len": 1046,
      "paragraph_id": "001"
    }
  ],
  "score": {
    "paragraph_score": [
      {
        "paragraph_scoreT": [
          3,
          3,
          2.4
        ],
        "paragraph_scoreT_detail": {
          "paragraph_scoreT_exp": [
            [
              3,
              3,
              3
            ],
            [
              3,
              3,
              3
            ],
            [
              2,
              3,
              2
            ]
          ]
        },
        "paragraph_scoreT_avg": 2.8,
        "paragraph_id": "001"
      }
    ],
    "essay_scoreT": [
      30,
      26.3,
      22.7
    ],
    "essay_scoreT_avg": 26.333334,
    "essay_scoreT_detail": {
      "essay_scoreT_org": [
        [
          3,
          0,
          3,
          3
        ],
        [
          2,
          0,
          3,
          2
        ],
        [
          2,
          0,
          2,
          3
        ]
      ],
      "essay_scoreT_cont": [
        [
          3,
          3,
          3,
          3
        ],
        [
          3,
          2,
          2,
          3
        ],
        [
          2,
          2,
          2,
          3
        ]
      ],
      "essay_scoreT_exp": [
        [
          3,
          3,
          3
        ],
        [
          3,
          3,
          3
        ],
        [
          2,
          3,
          2
        ]
      ]
    }
  },
  "student": {
    "date": "2021.12.19",
    "student_educated": true,
    "student_grade": "고등_1학년",
    "location": "063",
    "student_grade_group": "고등",
    "student_reading": 2
  },
  "rubric": {
    "essay_grade": "고등_1학년",
    "organization_weight": {
      "org_paragraph": 0,
      "org": 3,
      "org_essay": 6,
      "org_coherence": 3,
      "org_quantity": 1
    },
    "essay_type": "찬성반대",
    "content_weight": {
      "con_clearance": 3,
      "con_novelty": 3,
      "con": 4,
      "con_prompt": 1,
      "con_description": 3
    },
    "essay_main_subject": "비혼주의자에 대한 본인의 의견",
    "expression_weight": {
      "exp_style": 4,
      "exp_grammar": 2,
      "exp_vocab": 4,
      "exp": 3
    }
  },
  "correction": [],
  "info": {
    "essay_id": "ESSAY_71379",
    "essay_prompt": " \"\"연애는 필수, 결혼은 선택! 가슴이 뛰는 대로 가면 돼\"\".\n\n 유명한 유행가의 노래 가사처럼, 청년들에게 결혼은 이제 필수가 아닌 하나의 선택 사항입니다. 연애, 결혼, 출산을 포기한다는 의미의 '3포세대'라는 말이 나오기 무섭게 5포 세대, N포세대까지 등장할 정도로 취업난, 치솟는 부동산 가격 등 여러 사회·경제적 요인들로 청년층을 위축시켰습니다.\n\n 모두가 이러한 이유로 '결혼을 포기'하는 것만은 아닙니다. 개인의 행복을 위해 '비혼을 선택'하는 청년들도 늘고 있습니다. 이처럼 최근 전통적인 가치관에서 벗어나 연애와 동거는 하면서 결혼이라는 제도에 묶여 관계에서 파생되는 책임을 벗어나 자유로운 삶을 추구하는 비혼주의자가 늘고 있습니다.\n\n 다만, 개인의 자유로운 선택에 따라 비혼주의를 하지만 주변에서는 아직 고운 시선으로 바라보지 않는 사람도 많습니다. 결혼이라는 제도에 대해서 선택이 아닌 필수라고 생각하는 사람들도 많지요. 개개인이 모여 사회가 형성되기 때문에 사회의 가장 작은 단위인 가족을 이루는 것도 사회 구성원으로서의 큰 역할이라고 생각하는 사람들도 있습니다.\n\n 여러분은 결혼을 꼭 해야 한다고 생각하시나요? 아니면 결혼은 선택의 문제라고 생각하시나요? 비혼주의에 대해 찬성하는 입장 반대를 선택하여 자신의 의견을 작성해주세요. 그리고 그렇게 생각한 이유에 대해서 작성해주세요.",
    "essay_type": "찬성반대",
    "essay_level": "2",
    "essay_len": 826,
    "essay_main_subject": "비혼주의자에 대한 본인의 의견"
  }
}