{
  "paragraph": [
    {
      "paragraph_txt": "저는 비혼주의에 찬성하는 학생입니다.#@문장구분# 우리 부모님 세대와 다르게 경제가 하루하루 나아질 기미가 보이지도 않고 코로나로 인하여 취업이 힘들고 자영업하시는 분도 많이 망하고 있는 시기입니다.#@문장구분# 이러한 시기에 3포세대, 5포세대, N포세대는 당연한 결과라고 생각합니다.#@문장구분# 연예, 결혼, 출산, 내 집 마련, 인간관계, 꿈, 희망 등을 포기하며 살아가고 있는 시대에 결혼이라는 것은 망상이라고 생각합니다.#@문장구분# 누군가를 만나서 연예를 하는 것부터 감정소모가 많이 되고 내 시간도 뺏기게 되고 돈이 없으면 만나기도 힘들뿐더러 직장과 가정형편이 좋지 않으면 상대방에서 만날려고 하지 않기 때문입니다.#@문장구분# 좋은 직장에 가정 형편 좋고 집도 가지고 있는 사람을 선호하는 사람이 대다수 인데 현재 그런 사람이 어디 있는지 궁금합니다.#@문장구분# 예전에는 대기업도 쉽게 들어갈 수 있고 공무원도 쉽게 할 수 있고, 장사나 사업도 잘 되었다고 하지만 지금은 대학 졸업 후 대기업에 입사하기가 하늘에 별 따기입니다.#@문장구분# 현재 저희 형도 인서울 대학교를 졸업하고 취직이 되지 않아서 공무원 준비를 한다고 다시 공부하고 있는 상황에 연예는 꿈도 못 꾸고 있으며, 아직 까지도 부모님께 용돈을 받고 있는 상태입니다.#@문장구분# 이러한 형의 모습을 볼 때 마다 저 또한 비슷한 상황에 처 할 거 같으며, 지금부터 무엇을 준비해야 하는지도 솔직히 잘 모르겠습니다.#@문장구분# 집값은 계속 오르고 물가도 오르고 취직은 힘들고 취직을 해도 월급은 많이 받지 못하고 많은 것이 걸림돌로 작용되고 있는 대한민국에서 과연 결혼하여 내가 받을 수 있는 혜택이 뭐가 있을지 모르겠습니다.#@문장구분# 그럴 바에는 그냥 혼자 편하게 사는 것이 좋다고 생각합니다.#@문장구분#",
      "paragraph_len": 1035,
      "paragraph_id": "001"
    }
  ],
  "score": {
    "paragraph_score": [
      {
        "paragraph_scoreT": [
          3,
          3,
          3
        ],
        "paragraph_scoreT_detail": {
          "paragraph_scoreT_exp": [
            [
              3,
              3,
              3
            ],
            [
              3,
              3,
              3
            ],
            [
              3,
              3,
              3
            ]
          ]
        },
        "paragraph_scoreT_avg": 3,
        "paragraph_id": "001"
      }
    ],
    "essay_scoreT": [
      28.8,
      28.8,
      30
    ],
    "essay_scoreT_avg": 29.199999,
    "essay_scoreT_detail": {
      "essay_scoreT_org": [
        [
          3,
          0,
          3,
          3
        ],
        [
          3,
          0,
          3,
          3
        ],
        [
          3,
          0,
          3,
          3
        ]
      ],
      "essay_scoreT_cont": [
        [
          3,
          2,
          3,
          3
        ],
        [
          3,
          2,
          3,
          3
        ],
        [
          3,
          3,
          3,
          3
        ]
      ],
      "essay_scoreT_exp": [
        [
          3,
          3,
          3
        ],
        [
          3,
          3,
          3
        ],
        [
          3,
          3,
          3
        ]
      ]
    }
  },
  "student": {
    "date": "2021.12.15",
    "student_educated": true,
    "student_grade": "고등_1학년",
    "location": "042",
    "student_grade_group": "고등",
    "student_reading": 1
  },
  "rubric": {
    "essay_grade": "고등_1학년",
    "organization_weight": {
      "org_paragraph": 0,
      "org": 3,
      "org_essay": 6,
      "org_coherence": 3,
      "org_quantity": 1
    },
    "essay_type": "찬성반대",
    "content_weight": {
      "con_clearance": 3,
      "con_novelty": 3,
      "con": 4,
      "con_prompt": 1,
      "con_description": 3
    },
    "essay_main_subject": "비혼주의자에 대한 본인의 의견",
    "expression_weight": {
      "exp_style": 4,
      "exp_grammar": 2,
      "exp_vocab": 4,
      "exp": 3
    }
  },
  "correction": [],
  "info": {
    "essay_id": "ESSAY_63000",
    "essay_prompt": " \"\"연애는 필수, 결혼은 선택! 가슴이 뛰는 대로 가면 돼\"\".\n\n 유명한 유행가의 노래 가사처럼, 청년들에게 결혼은 이제 필수가 아닌 하나의 선택 사항입니다. 연애, 결혼, 출산을 포기한다는 의미의 '3포세대'라는 말이 나오기 무섭게 5포 세대, N포세대까지 등장할 정도로 취업난, 치솟는 부동산 가격 등 여러 사회·경제적 요인들로 청년층을 위축시켰습니다.\n\n 모두가 이러한 이유로 '결혼을 포기'하는 것만은 아닙니다. 개인의 행복을 위해 '비혼을 선택'하는 청년들도 늘고 있습니다. 이처럼 최근 전통적인 가치관에서 벗어나 연애와 동거는 하면서 결혼이라는 제도에 묶여 관계에서 파생되는 책임을 벗어나 자유로운 삶을 추구하는 비혼주의자가 늘고 있습니다.\n\n 다만, 개인의 자유로운 선택에 따라 비혼주의를 하지만 주변에서는 아직 고운 시선으로 바라보지 않는 사람도 많습니다. 결혼이라는 제도에 대해서 선택이 아닌 필수라고 생각하는 사람들도 많지요. 개개인이 모여 사회가 형성되기 때문에 사회의 가장 작은 단위인 가족을 이루는 것도 사회 구성원으로서의 큰 역할이라고 생각하는 사람들도 있습니다.\n\n 여러분은 결혼을 꼭 해야 한다고 생각하시나요? 아니면 결혼은 선택의 문제라고 생각하시나요? 비혼주의에 대해 찬성하는 입장 반대를 선택하여 자신의 의견을 작성해주세요. 그리고 그렇게 생각한 이유에 대해서 작성해주세요.",
    "essay_type": "찬성반대",
    "essay_level": "2",
    "essay_len": 815,
    "essay_main_subject": "비혼주의자에 대한 본인의 의견"
  }
}