{
  "paragraph": [
    {
      "paragraph_txt": "나는 중학생 때부터 결혼에 대한 생각이 없었다.#@문장구분# 그렇다, 나는 비혼 주의자이다.#@문장구분# 중학생 때 본격적으로 명절이나 제사 때 맏며느리였던 엄마를 도와주기 시작하면서 아무것도 도와주지 않던 아빠와 고모들, 그리고 엄마와 내가 하는 일마다 잔소리 하시던 할머니, 명절과 제사가 끝나고 몸져눕는 엄마를 보며 나는 차라리 내가 결혼을 하지 않고 내가 버는 돈으로 엄마와 여행도 다니고 엄마에게 용돈도 주며 엄마와 함께 살고 싶다는 생각이 들었고, 고등학생 때 엄마가 일이 바빠지면서 엄마의 몫이 고스란히 내 몫으로 넘어 오면서 그 모든 일을 하며 결혼을 하고 싶지 않단 생각이 강해졌고 그 후로도 많은 생각들을 거치며 나는 결혼하고 싶지 않다는 결론을 내렸다.#@문장구분# 또한, 결혼하지 않고 자신이 번 돈으로 자급자족하며 자유롭게 살던 이모의 모습을 보며 나 또한 이모처럼 살고 싶다고 생각하게 된 것 같다.#@문장구분# 그리고 내가 커가면서 더 많은 생각을 하게 되었고 결혼은 사랑하는 두 사람을 결혼이란 사회제도에 묶어 놓고 서로의 자유를 억압하고 서로의 부모님에게 많은 기대와 부탁 그리고 조선시대와 같은 시부모님과 처갓집의 도리를 강요받으며 살아가야 하는 것이라고 생각하게 되었다.#@문장구분# 결혼을 하고 아이를 한명만 낳아 기르는 돈이 3억 400만원정도 된다고 한다.#@문장구분# 또한 결혼 후엔 나에겐 1순위가 내가 아닌 남편 아님 자녀가 된다고 한다.#@문장구분# 한 번 뿐인 나의 인생에서 우선순위가 내가 아니라는 것은 너무 슬프다고 생각한다.#@문장구분# 나는 결혼 후 남편의 내조를 하고 아이를 낳아 훌륭하게 길러내는 대신 결혼을 하지 않고 모든 시간을 나에게 쏟아 부으며 나에게 보단 값진 시간을 선물하고 오직 내가 이끄는 내가 우선순위인 내가 주인을 삶을 살아가고 싶다.#@문장구분#",
      "paragraph_len": 1026,
      "paragraph_id": "001"
    }
  ],
  "score": {
    "paragraph_score": [
      {
        "paragraph_scoreT": [
          3,
          2.4,
          3
        ],
        "paragraph_scoreT_detail": {
          "paragraph_scoreT_exp": [
            [
              3,
              3,
              3
            ],
            [
              2,
              2,
              3
            ],
            [
              3,
              3,
              3
            ]
          ]
        },
        "paragraph_scoreT_avg": 2.8,
        "paragraph_id": "001"
      }
    ],
    "essay_scoreT": [
      30,
      27,
      30
    ],
    "essay_scoreT_avg": 29,
    "essay_scoreT_detail": {
      "essay_scoreT_org": [
        [
          3,
          0,
          3,
          3
        ],
        [
          3,
          0,
          3,
          3
        ],
        [
          3,
          0,
          3,
          3
        ]
      ],
      "essay_scoreT_cont": [
        [
          3,
          3,
          3,
          3
        ],
        [
          2,
          3,
          3,
          3
        ],
        [
          3,
          3,
          3,
          3
        ]
      ],
      "essay_scoreT_exp": [
        [
          3,
          3,
          3
        ],
        [
          2,
          2,
          3
        ],
        [
          3,
          3,
          3
        ]
      ]
    }
  },
  "student": {
    "date": "2021.12.10",
    "student_educated": true,
    "student_grade": "고등_1학년",
    "location": "063",
    "student_grade_group": "고등",
    "student_reading": 2
  },
  "rubric": {
    "essay_grade": "고등_1학년",
    "organization_weight": {
      "org_paragraph": 0,
      "org": 3,
      "org_essay": 6,
      "org_coherence": 3,
      "org_quantity": 1
    },
    "essay_type": "찬성반대",
    "content_weight": {
      "con_clearance": 3,
      "con_novelty": 3,
      "con": 4,
      "con_prompt": 1,
      "con_description": 3
    },
    "essay_main_subject": "비혼주의자에 대한 본인의 의견",
    "expression_weight": {
      "exp_style": 4,
      "exp_grammar": 2,
      "exp_vocab": 4,
      "exp": 3
    }
  },
  "correction": [],
  "info": {
    "essay_id": "ESSAY_61642",
    "essay_prompt": " \"\"연애는 필수, 결혼은 선택! 가슴이 뛰는 대로 가면 돼\"\".\n\n 유명한 유행가의 노래 가사처럼, 청년들에게 결혼은 이제 필수가 아닌 하나의 선택 사항입니다. 연애, 결혼, 출산을 포기한다는 의미의 '3포세대'라는 말이 나오기 무섭게 5포 세대, N포세대까지 등장할 정도로 취업난, 치솟는 부동산 가격 등 여러 사회·경제적 요인들로 청년층을 위축시켰습니다.\n\n 모두가 이러한 이유로 '결혼을 포기'하는 것만은 아닙니다. 개인의 행복을 위해 '비혼을 선택'하는 청년들도 늘고 있습니다. 이처럼 최근 전통적인 가치관에서 벗어나 연애와 동거는 하면서 결혼이라는 제도에 묶여 관계에서 파생되는 책임을 벗어나 자유로운 삶을 추구하는 비혼주의자가 늘고 있습니다.\n\n 다만, 개인의 자유로운 선택에 따라 비혼주의를 하지만 주변에서는 아직 고운 시선으로 바라보지 않는 사람도 많습니다. 결혼이라는 제도에 대해서 선택이 아닌 필수라고 생각하는 사람들도 많지요. 개개인이 모여 사회가 형성되기 때문에 사회의 가장 작은 단위인 가족을 이루는 것도 사회 구성원으로서의 큰 역할이라고 생각하는 사람들도 있습니다.\n\n 여러분은 결혼을 꼭 해야 한다고 생각하시나요? 아니면 결혼은 선택의 문제라고 생각하시나요? 비혼주의에 대해 찬성하는 입장 반대를 선택하여 자신의 의견을 작성해주세요. 그리고 그렇게 생각한 이유에 대해서 작성해주세요.",
    "essay_type": "찬성반대",
    "essay_level": "2",
    "essay_len": 846,
    "essay_main_subject": "비혼주의자에 대한 본인의 의견"
  }
}