{
  "paragraph": [
    {
      "paragraph_txt": "어려서부터 풍족한 생활을 못했던나는 비혼주의이다.#@문장구분# 아버지의 부재로 엄마는 늘 직장생활을 해야했고 우리 남매는 둘이서 생활하는 시간이 많았다.#@문장구분# 다른친구들은 외식도 자주하고,학원도 많이다니고 여행도 자주 다녔지만 우리에게는 그럴 여유가 없다.#@문장구분# 엄마혼자 벌어서 세식구가 생활해야하니 말이다.#@문장구분# 늘 아버지가 계신집 친구들이 부러웠다.#@문장구분# 부모님 같이 맞벌이하시면 돈을 많이 벌어 여유롭게 생활 할 수 있으니 말이다.#@문장구분# 또 아버지께서 출장다녀오시면 선물도 많이 사오셨다고 자랑하는 친구들이 많다.#@문장구분# 아버지께서 제주도 출장다녀오셔서 감귤초콜릿,녹차초콜릿을 사오셨다며 학교 가져와서 친구들에게 나눠주기도 한다.#@문장구분# 이런것도 해보고 싶다.#@문장구분# 나는 학교가 끝나면 집에가서 동생과 저녁을 해먹는다.#@문장구분# 반찬을 만들어 놓기도 하시지만 나와 동생이 만들어 먹을때도 많다.#@문장구분# 엄마가 퇴근하고 오시면 엄마와 많은 대화를 하고 싶다.#@문장구분# 다른 친구들은 엄마가 말을 많이 시켜 귀찮다고들 하지만 나는 엄마와 대화할 시간이 많지 않다.#@문장구분# 동생과도 밥먹어,씻고자,숙제했어?등의 짧은 단어가 전부이다.#@문장구분# 엄마가 힘드실까봐 투정도 못해보았다.#@문장구분# 늘 녹초가 되어 있는 엄마가 불쌍했다.#@문장구분# 나는 결혼을 하지 않을 것이다.#@문장구분# 결혼했다가 혼자살게 되면 집안일이며 회사일이며 자식들 돌보는 일까지 굉장히 힘들 것같다.#@문장구분# 나는 자식도 낳지 않을 것이다.#@문장구분# 잘 돌볼 자신이 없으면 자식도 낳지 말아야지 낳았다가 아무것도 못해주면 나의 자식들도 불쌍한 삶을 살게 될테니 말이다.#@문장구분# 그냥 사랑하는 사람이 생기면 연애만 할것이다.#@문장구분# 각자 번돈으로 각자 데이트비용도 내고 각자 저축해서 각자의 노후를 준비하는 것이다.#@문장구분#",
      "paragraph_len": 1236,
      "paragraph_id": "001"
    }
  ],
  "score": {
    "paragraph_score": [
      {
        "paragraph_scoreT": [
          2.4,
          1.6,
          2
        ],
        "paragraph_scoreT_detail": {
          "paragraph_scoreT_exp": [
            [
              2,
              2,
              3
            ],
            [
              2,
              2,
              1
            ],
            [
              2,
              2,
              2
            ]
          ]
        },
        "paragraph_scoreT_avg": 2,
        "paragraph_id": "001"
      }
    ],
    "essay_scoreT": [
      23.1,
      20,
      24.900002
    ],
    "essay_scoreT_avg": 22.666666,
    "essay_scoreT_detail": {
      "essay_scoreT_org": [
        [
          2,
          0,
          2,
          3
        ],
        [
          2,
          0,
          2,
          2
        ],
        [
          3,
          0,
          2,
          3
        ]
      ],
      "essay_scoreT_cont": [
        [
          3,
          2,
          3,
          2
        ],
        [
          2,
          3,
          2,
          2
        ],
        [
          3,
          2,
          3,
          3
        ]
      ],
      "essay_scoreT_exp": [
        [
          2,
          2,
          3
        ],
        [
          2,
          2,
          1
        ],
        [
          2,
          2,
          2
        ]
      ]
    }
  },
  "student": {
    "date": "2021.12.23",
    "student_educated": true,
    "student_grade": "고등_1학년",
    "location": "031",
    "student_grade_group": "고등",
    "student_reading": 3
  },
  "rubric": {
    "essay_grade": "고등_1학년",
    "organization_weight": {
      "org_paragraph": 0,
      "org": 3,
      "org_essay": 6,
      "org_coherence": 3,
      "org_quantity": 1
    },
    "essay_type": "찬성반대",
    "content_weight": {
      "con_clearance": 3,
      "con_novelty": 3,
      "con": 4,
      "con_prompt": 1,
      "con_description": 3
    },
    "essay_main_subject": "비혼주의자에 대한 본인의 의견",
    "expression_weight": {
      "exp_style": 4,
      "exp_grammar": 2,
      "exp_vocab": 4,
      "exp": 3
    }
  },
  "correction": [],
  "info": {
    "essay_id": "ESSAY_76548",
    "essay_prompt": " \"\"연애는 필수, 결혼은 선택! 가슴이 뛰는 대로 가면 돼\"\".\n\n 유명한 유행가의 노래 가사처럼, 청년들에게 결혼은 이제 필수가 아닌 하나의 선택 사항입니다. 연애, 결혼, 출산을 포기한다는 의미의 '3포세대'라는 말이 나오기 무섭게 5포 세대, N포세대까지 등장할 정도로 취업난, 치솟는 부동산 가격 등 여러 사회·경제적 요인들로 청년층을 위축시켰습니다.\n\n 모두가 이러한 이유로 '결혼을 포기'하는 것만은 아닙니다. 개인의 행복을 위해 '비혼을 선택'하는 청년들도 늘고 있습니다. 이처럼 최근 전통적인 가치관에서 벗어나 연애와 동거는 하면서 결혼이라는 제도에 묶여 관계에서 파생되는 책임을 벗어나 자유로운 삶을 추구하는 비혼주의자가 늘고 있습니다.\n\n 다만, 개인의 자유로운 선택에 따라 비혼주의를 하지만 주변에서는 아직 고운 시선으로 바라보지 않는 사람도 많습니다. 결혼이라는 제도에 대해서 선택이 아닌 필수라고 생각하는 사람들도 많지요. 개개인이 모여 사회가 형성되기 때문에 사회의 가장 작은 단위인 가족을 이루는 것도 사회 구성원으로서의 큰 역할이라고 생각하는 사람들도 있습니다.\n\n 여러분은 결혼을 꼭 해야 한다고 생각하시나요? 아니면 결혼은 선택의 문제라고 생각하시나요? 비혼주의에 대해 찬성하는 입장 반대를 선택하여 자신의 의견을 작성해주세요. 그리고 그렇게 생각한 이유에 대해서 작성해주세요.",
    "essay_type": "찬성반대",
    "essay_level": "2",
    "essay_len": 807,
    "essay_main_subject": "비혼주의자에 대한 본인의 의견"
  }
}