{
  "paragraph": [
    {
      "paragraph_txt": "결혼과 출산은 이전까지만 해도 생애주기에 따른 자연스러운 선택으로 받아들여져 왔다.#@문장구분#\n하지만 현대 시대에 이르러 남녀 모두 이것을 의무가 아닌 선택으로 생각할 것이다.#@문장구분# 통계청이 발표한 2021년 6월 인구동향에 따르면 당월 혼인 건수는 전년 동월 대비 949건이 감소했음을 알 수 있다.#@문장구분# 2015년부터 최근 7년간 혼인 건수는 매년 감소하고 있다.#@문장구분# 한 취업포털 사이트에서 성인남녀 849명을 대상으로 진행한 설문조사 중 미혼자에게 결혼 의지를 물어본 결과 응답자 10명 중 3명은 '비혼주의'라고 답했다고 한다.#@문장구분# 특히 이런 성향은 여성에서 조금 더 두드러지게 나는데, 비혼주의라고 답한 응답자 중 여성 비율은 68.7%로 남성보다 더 높았으며 결혼할 의지가 있다고 밝힌 이들의 과반은 남자로 여자와 약 6%P 차이를 보였다고 한다.#@문장구분# 또한 통계청의 2020 사회조사보고서 발표에서 결혼을 해야 한다고 생각하는 사람의 성비를 따져본 결과 남자가 여자보다 결혼의지가 13.8%P 높았다.#@문장구분# 먼저 결혼 의지가 없는 사람 중 여성은 해당 이유에 대해 '결혼 후 이어지는 출산과 육아에 대한 부담', '출산 후 경력이 단절되는 일', 남성은 '경제적 여건 부족'을 이유로 가장 많이 꼽았다.#@문장구분# 이것을 보고 생각해보면 비혼주의는 이제 여성뿐 아니라 남성들 사이에서도 퍼져나가고 있는 일반적인 가치관화가 되었다고 생각한다.#@문장구분# 최근 통계 관련 지표들을 보면 더 나아가 연애조차 꿈꾸지 않는 청년들마저 늘고 있다고 하니 연애, 결혼과 같이 '나'라는 대상 하나를 신경쓰기에도 바쁜 것이 현대사회의 모습이라는 말이 딱 어울린다고 생각을 하며 현실적인 부분이 안타까울 뿐이다.#@문장구분#",
      "paragraph_len": 1010,
      "paragraph_id": "001"
    }
  ],
  "score": {
    "paragraph_score": [
      {
        "paragraph_scoreT": [
          2.6,
          2,
          2.8
        ],
        "paragraph_scoreT_detail": {
          "paragraph_scoreT_exp": [
            [
              3,
              3,
              2
            ],
            [
              2,
              2,
              2
            ],
            [
              2,
              3,
              3
            ]
          ]
        },
        "paragraph_scoreT_avg": 2.4666665,
        "paragraph_id": "001"
      }
    ],
    "essay_scoreT": [
      26,
      26.9,
      28.2
    ],
    "essay_scoreT_avg": 27.033335,
    "essay_scoreT_detail": {
      "essay_scoreT_org": [
        [
          3,
          0,
          3,
          3
        ],
        [
          3,
          0,
          2,
          3
        ],
        [
          3,
          0,
          3,
          3
        ]
      ],
      "essay_scoreT_cont": [
        [
          2,
          2,
          2,
          3
        ],
        [
          3,
          2,
          2,
          3
        ],
        [
          3,
          2,
          3,
          3
        ]
      ],
      "essay_scoreT_exp": [
        [
          3,
          3,
          2
        ],
        [
          2,
          3,
          3
        ],
        [
          2,
          3,
          3
        ]
      ]
    }
  },
  "student": {
    "date": "2021.10.19",
    "student_educated": true,
    "student_grade": "고등_1학년",
    "location": "02",
    "student_grade_group": "고등",
    "student_reading": 1
  },
  "rubric": {
    "essay_grade": "고등_1학년",
    "organization_weight": {
      "org_paragraph": 0,
      "org": 3,
      "org_essay": 6,
      "org_coherence": 3,
      "org_quantity": 1
    },
    "essay_type": "찬성반대",
    "content_weight": {
      "con_clearance": 3,
      "con_novelty": 3,
      "con": 4,
      "con_prompt": 1,
      "con_description": 3
    },
    "essay_main_subject": "비혼주의자에 대한 본인의 의견",
    "expression_weight": {
      "exp_style": 4,
      "exp_grammar": 2,
      "exp_vocab": 4,
      "exp": 3
    }
  },
  "correction": [],
  "info": {
    "essay_id": "ESSAY_37980",
    "essay_prompt": " \"\"연애는 필수, 결혼은 선택! 가슴이 뛰는 대로 가면 돼\"\".\n\n 유명한 유행가의 노래 가사처럼, 청년들에게 결혼은 이제 필수가 아닌 하나의 선택 사항입니다. 연애, 결혼, 출산을 포기한다는 의미의 '3포세대'라는 말이 나오기 무섭게 5포 세대, N포세대까지 등장할 정도로 취업난, 치솟는 부동산 가격 등 여러 사회·경제적 요인들로 청년층을 위축시켰습니다.\n\n 모두가 이러한 이유로 '결혼을 포기'하는 것만은 아닙니다. 개인의 행복을 위해 '비혼을 선택'하는 청년들도 늘고 있습니다. 이처럼 최근 전통적인 가치관에서 벗어나 연애와 동거는 하면서 결혼이라는 제도에 묶여 관계에서 파생되는 책임을 벗어나 자유로운 삶을 추구하는 비혼주의자가 늘고 있습니다.\n\n 다만, 개인의 자유로운 선택에 따라 비혼주의를 하지만 주변에서는 아직 고운 시선으로 바라보지 않는 사람도 많습니다. 결혼이라는 제도에 대해서 선택이 아닌 필수라고 생각하는 사람들도 많지요. 개개인이 모여 사회가 형성되기 때문에 사회의 가장 작은 단위인 가족을 이루는 것도 사회 구성원으로서의 큰 역할이라고 생각하는 사람들도 있습니다.\n\n 여러분은 결혼을 꼭 해야 한다고 생각하시나요? 아니면 결혼은 선택의 문제라고 생각하시나요? 비혼주의에 대해 찬성하는 입장 반대를 선택하여 자신의 의견을 작성해주세요. 그리고 그렇게 생각한 이유에 대해서 작성해주세요.",
    "essay_type": "찬성반대",
    "essay_level": "2",
    "essay_len": 811,
    "essay_main_subject": "비혼주의자에 대한 본인의 의견"
  }
}