{
  "paragraph": [
    {
      "paragraph_txt": "나는 비혼주의에 찬성한다,#@문장구분# 결혼의 장점을 말하는 사람들은 결혼하면 막연히 백년해로하며 이상적인 부부로 살 것처럼 가정하는 경향이 있다.#@문장구분#결혼이 독신 이상으로 가지는 리스크를 무시하고 막연히 이상적인 기혼자와 불운한 독신을 전제해 잘못 비교한다는 것이다.#@문장구분# 하지만 이것은 황혼이혼을 포함해 이혼률의 가파른 증가와 이미 정착된 개인주의 풍조로 봤을 때 대단히 근거 없는 낙관이다.#@문장구분# 만혼풍조 속에서 주위의 오지랖이 조성하는 불안감에 시기 놓칠까봐 급하게 결혼했더니, 성격 차이 등으로 금새 이혼하고 위자료나 양육비를 보내야 하는 신세로 전락하는 것은 이미 여러 차례 보고된 실제 사례다.#@문장구분# 또 평생 금슬좋은 잉꼬 부부로 살더라도 극히 일부의 사례를 제외하고는 결국 한 쪽이 먼저 죽기 마련이며, 배우자에 대한 사랑이 클 수록 그 상실감 역시 더욱 커진다.#@문장구분# 위와 같은 노후 문제 때문에 아이를 가질 경우 불황으로 인한 청년실업과 수명 증가로 인한 고령화가 문제가 된다.#@문장구분# 호황기는 끝난지 오래고, 내가 힘들면 내 자녀는 더 힘들 수 있다.#@문장구분# 이런 상황에서 노후 대책 삼아 자녀를 낳고 누구나 하는 수준의 양육 투자로 자녀가 자기보다 잘 돼서 자길 돌봐주길 바라는 것은 대단히 몰염치한 행동일 것이다.#@문장구분# 경제적으로 어려운 상황에서는 자녀와 의가 안 상하면 다행이고, 운 좋게 사이가 돈독하다면 그렇기에 서로 죄책감이 들 수 있다.#@문장구분# 설령 이미 자리 잡은 부부는 어떻게든 자생 가능해도 자녀는 못 그래서 자녀 걱정에 뒷바라지 하느라 부부의 노후 계획이 망가지거나, 그렇게 부모가 애쓴 보람도 없이 자녀가 우울증에 걸리고 자살할 수도 있다.#@문장구분# 결혼한다고 고독사를 피하는 것은 아니란 것이다.#@문장구분# 고독사 노인 상당수는 결혼한 적이 있었다.#@문장구분#",
      "paragraph_len": 1103,
      "paragraph_id": "001"
    }
  ],
  "score": {
    "paragraph_score": [
      {
        "paragraph_scoreT": [
          3,
          3,
          2.2
        ],
        "paragraph_scoreT_detail": {
          "paragraph_scoreT_exp": [
            [
              3,
              3,
              3
            ],
            [
              3,
              3,
              3
            ],
            [
              3,
              2,
              2
            ]
          ]
        },
        "paragraph_scoreT_avg": 2.7333333,
        "paragraph_id": "001"
      }
    ],
    "essay_scoreT": [
      30,
      27,
      23.3
    ],
    "essay_scoreT_avg": 26.766668,
    "essay_scoreT_detail": {
      "essay_scoreT_org": [
        [
          3,
          0,
          3,
          3
        ],
        [
          2,
          0,
          3,
          3
        ],
        [
          2,
          0,
          2,
          3
        ]
      ],
      "essay_scoreT_cont": [
        [
          3,
          3,
          3,
          3
        ],
        [
          3,
          2,
          3,
          3
        ],
        [
          2,
          2,
          2,
          3
        ]
      ],
      "essay_scoreT_exp": [
        [
          3,
          3,
          3
        ],
        [
          3,
          3,
          3
        ],
        [
          3,
          2,
          3
        ]
      ]
    }
  },
  "student": {
    "date": "2021.12.21",
    "student_educated": true,
    "student_grade": "고등_1학년",
    "location": "031",
    "student_grade_group": "고등",
    "student_reading": 2
  },
  "rubric": {
    "essay_grade": "고등_1학년",
    "organization_weight": {
      "org_paragraph": 0,
      "org": 3,
      "org_essay": 6,
      "org_coherence": 3,
      "org_quantity": 1
    },
    "essay_type": "찬성반대",
    "content_weight": {
      "con_clearance": 3,
      "con_novelty": 3,
      "con": 4,
      "con_prompt": 1,
      "con_description": 3
    },
    "essay_main_subject": "비혼주의자에 대한 본인의 의견",
    "expression_weight": {
      "exp_style": 4,
      "exp_grammar": 2,
      "exp_vocab": 4,
      "exp": 3
    }
  },
  "correction": [],
  "info": {
    "essay_id": "ESSAY_71337",
    "essay_prompt": " \"\"연애는 필수, 결혼은 선택! 가슴이 뛰는 대로 가면 돼\"\".\n\n 유명한 유행가의 노래 가사처럼, 청년들에게 결혼은 이제 필수가 아닌 하나의 선택 사항입니다. 연애, 결혼, 출산을 포기한다는 의미의 '3포세대'라는 말이 나오기 무섭게 5포 세대, N포세대까지 등장할 정도로 취업난, 치솟는 부동산 가격 등 여러 사회·경제적 요인들로 청년층을 위축시켰습니다.\n\n 모두가 이러한 이유로 '결혼을 포기'하는 것만은 아닙니다. 개인의 행복을 위해 '비혼을 선택'하는 청년들도 늘고 있습니다. 이처럼 최근 전통적인 가치관에서 벗어나 연애와 동거는 하면서 결혼이라는 제도에 묶여 관계에서 파생되는 책임을 벗어나 자유로운 삶을 추구하는 비혼주의자가 늘고 있습니다.\n\n 다만, 개인의 자유로운 선택에 따라 비혼주의를 하지만 주변에서는 아직 고운 시선으로 바라보지 않는 사람도 많습니다. 결혼이라는 제도에 대해서 선택이 아닌 필수라고 생각하는 사람들도 많지요. 개개인이 모여 사회가 형성되기 때문에 사회의 가장 작은 단위인 가족을 이루는 것도 사회 구성원으로서의 큰 역할이라고 생각하는 사람들도 있습니다.\n\n 여러분은 결혼을 꼭 해야 한다고 생각하시나요? 아니면 결혼은 선택의 문제라고 생각하시나요? 비혼주의에 대해 찬성하는 입장 반대를 선택하여 자신의 의견을 작성해주세요. 그리고 그렇게 생각한 이유에 대해서 작성해주세요.",
    "essay_type": "찬성반대",
    "essay_level": "2",
    "essay_len": 843,
    "essay_main_subject": "비혼주의자에 대한 본인의 의견"
  }
}