{
  "paragraph": [
    {
      "paragraph_txt": "비혼 주의에 대한 나의 의견을 미리 밝히자면 문제가 없다고 생각되므로 찬성하는 쪽이다.#@문장구분#\n결혼에 대한 사전적인 의미를 찾아보자면 두 사람이 부부가 되는 의레나 게약을 듯하며 나아가 사회적 구속력을 가지기에 동거와 일반적인 연인 사이와는 확연히 구분된다는 것을 듯하고 있다.#@문장구분#\n원시적인 결혼의 형태로는 남자가 여자와 자손에게 경제적인 지원을 약속하고 여자는 남자에게 친자를 제공하는 것을 기초로 하는 아주 간단한 게약관게에서 출발한다.#@문장구분# 즉 남자는 경제적인 지원을 기회비용으로 친자를 얻는 것이다.#@문장구분# 시간이 많이 흐르면서 결혼의 의미가 복잡해지고 어려워지더라도 일반적인 상황에서 이러한 형태는 아직까지 여자는 양육, 남자는 경제적 책임으로 역할이 나눠저있다.#@문장구분# 비혼의 문제점을 출산율 저하로 바라보는 것을 전제로 앞으로 설명하는 결혼에는 출산이라는 문제를 포함시키겠다.#@문장구분#",
      "paragraph_len": 544,
      "paragraph_id": "001"
    },
    {
      "paragraph_txt": "이러한 관점에서 바라볼 때 결혼 이라는 행위는 근본적으로 서로의 수고에서부터 관게가 유지되는 것 같다.#@문장구분# 성경의 구절을 인용해 보자면 죄를 지은 인간들을 에덴에서 쫓아내며 내린 형벌들이 있는데 여자는 잉태의 고통과 해산의 수고, 남자는 밭을 갈며 땀을 흘려야만 삶을 이어나갈 수 있도록 한 것이다.#@문장구분# 결혼을 한다면 남자의 고통은 자신 이외의 존재를 책임져야하는 고통이 몇배가 될것이고 여자는 몸을 망가뜨리며 출산해야하는 상황이 펼쳐진다.#@문장구분# 실제로 출산 전과 후의 여성은 정말 많은 곳이 변하고 망가진다.#@문장구분# 특히 우리나라는 성교육에 대하여 보수적이라서 문제를 덮기만하고 형식적으로만 하는 경우가 대부분이라서 여자의 출산을 그저 아름다운 것으로만 포장하고 있다.#@문장구분# 여자들은 출산의 문제점에 대해 인식하지 못하고 뜻하지 않은 부작용과 그로인한 사후 우울증으로 인해 고생하는 사람들이 굉장히 많다.#@문장구분#",
      "paragraph_len": 557,
      "paragraph_id": "002"
    },
    {
      "paragraph_txt": "서로간의 인생과 수고를 결혼이라는 틀안에 갈아넣을 것을 강요하는 것은 그 주체가 국가더라도 굉장히 이기적인 행위이며 결혼을 하지 않는다고 누군가에게 피해가 가는 상황도 발생하지 않기에 근본적으로 선택의 문제인 것을 놓고 찬성 하냐 반대 하냐라는 주제자체도 적절치 않다.#@문장구분# 이것은 개인 단위에서 이루어지는 온전한 선택의 문제인 것이다. 혹자는 이렇게 말할 수도 있다.#@문장구분# 출산율이 떨어지면 국민연금같은 노동가능 인구로서 유지되는 시스템이 무너질 수 있기 때문에 결혼을 해야한다는 건데 이는 남들의 희생을 수단으로 자신의 배를 불려달라는 것과 나도 했으니 너희들도 해라라고 하는 굉장히 불합리한 사고방식 이라고 말할 수 있다.#@문장구분# 결혼을 장려할 수는 있겠지만 하지 않는다고 한다고 해서 나는 반대한다 할 수 없다는 것이다.#@문장구분# 개인적인 영역에서는 내 자신도 누굴 위해서 내 인생을 쏟아 부어 버리는 그런 삶을 살고 싶지 않다.#@문장구분# 결혼이라는 제도 안에 들어온 이상 앞서 말한 일반적인 연인 사이와는 구분 되기에 상대방과의 사랑의 감정이 식더라도 서류적인 관게 등록을 이유로 내 마음에 따라 관계를 청산하기가 어렵다는 문제점도 있다.#@문장구분# 그리고 이혼은 그 자녀에게 크나 큰 상처와 공허함을 주기도 하는데 이를 원하지 않아 사랑이 아닌 다른 이유로 부부사이를 유지하는 경우가 있다.#@문장구분# 정말 아무 의미 없는 행위라고 생각되며 결혼의 즐거움이 크다고는 하지만 이럴게 잃을게 많은 위험한 투자는 하고 싶지 않고 사랑의 감정을 느끼고 싶다면 언제든 관게를 청산 할 수 있는 연애나 동거정도만 하는 것이 편하다는 것이다.#@문장구분# 그리고 자녀를 양육한다고 하면 기본적으로 행복하게 해줄 자신이 있는 사람만이 아이를 키울 수 있다고 생각하는데 아이에게 아무런 삶의 선택권을 주지도 않고 불행한 평균적인 80년의 인생을 더 넘기는 것은 정말 해서는 안되는 행동이라고 생각한다.#@문장구분#\n이것은 타인인 자녀에게 불확실함의 부담을 강제로 떠넘기는 것이기에 타인에게 피해를 주는 상황이고 정말 아무것도 모르는 사람들에게 폭탄을 던지는 폭탄테러처럼 인생을 강제로 부담시키는 일종의 인생테러라고 볼 수도 있을 것 같다.#@문장구분# 내 유전자를 남기겠다는 욕망 때문에 그런 것까지 감수 하겠다는 것은 당사자의 의견이 하나도 반영되지 않은 일방적이고 부당한 행위라고 볼 수 있다.#@문장구분#",
      "paragraph_len": 1338,
      "paragraph_id": "003"
    },
    {
      "paragraph_txt": "즉 출산 자체가 부당하다는 결론을 낼 수 있으며 출산은 우리의 생존을 위해 선택하는 이기적이고 차선적인 선택이라는 것이다.#@문장구분# 앞서 말한 이혼 같은 문제를 자녀와 연관 짓자면 자녀에게 더 이상의 미안함을 느끼고 싶지 않아 결혼 생활을 유지한다는 것은 내 자신에게 전혀 도움이 되지 않는 행위임을 알 수 있다.#@문장구분# 결혼은 사랑의 감정을 포함한 다른 모든 조건에 자신을 가두고 제약받으려하는 가학적인 행위이며 이러한 돌발적인 위험 조건들을 감수하고 결혼한다는 것은 인생의 일부를 불합리하게 소비하는 것이라고 생각한다.#@문장구분# 이렇게 나도 타인도 힘든 결혼을 사랑의 감정과 뿌듯함으로 보상받겠다는 가장인 아버지라는 존재는 가면 갈수록 이해가 안 가는 것과 동시에 타인을 위해 헌신하며 인생을 살아가는 점만 때놓고 보면 참으로 대단하다고 느낄 때도 많다.#@문장구분#",
      "paragraph_len": 490,
      "paragraph_id": "004"
    }
  ],
  "score": {
    "paragraph_score": [
      {
        "paragraph_scoreT": [
          3,
          2.2,
          3
        ],
        "paragraph_scoreT_detail": {
          "paragraph_scoreT_exp": [
            [
              3,
              3,
              3
            ],
            [
              3,
              2,
              2
            ],
            [
              3,
              3,
              3
            ]
          ]
        },
        "paragraph_scoreT_avg": 2.7333333,
        "paragraph_id": "001"
      },
      {
        "paragraph_scoreT": [
          3,
          2.2,
          3
        ],
        "paragraph_scoreT_detail": {
          "paragraph_scoreT_exp": [
            [
              3,
              3,
              3
            ],
            [
              3,
              2,
              2
            ],
            [
              3,
              3,
              3
            ]
          ]
        },
        "paragraph_scoreT_avg": 2.7333333,
        "paragraph_id": "002"
      },
      {
        "paragraph_scoreT": [
          3,
          2.2,
          2.8
        ],
        "paragraph_scoreT_detail": {
          "paragraph_scoreT_exp": [
            [
              3,
              3,
              3
            ],
            [
              3,
              2,
              2
            ],
            [
              2,
              3,
              3
            ]
          ]
        },
        "paragraph_scoreT_avg": 2.6666667,
        "paragraph_id": "003"
      },
      {
        "paragraph_scoreT": [
          3,
          2.2,
          2.6
        ],
        "paragraph_scoreT_detail": {
          "paragraph_scoreT_exp": [
            [
              3,
              3,
              3
            ],
            [
              3,
              2,
              2
            ],
            [
              3,
              2,
              3
            ]
          ]
        },
        "paragraph_scoreT_avg": 2.6,
        "paragraph_id": "004"
      }
    ],
    "essay_scoreT": [
      30,
      23.7,
      27.599998
    ],
    "essay_scoreT_avg": 27.1,
    "essay_scoreT_detail": {
      "essay_scoreT_org": [
        [
          3,
          0,
          3,
          3
        ],
        [
          2,
          0,
          2,
          3
        ],
        [
          3,
          0,
          3,
          3
        ]
      ],
      "essay_scoreT_cont": [
        [
          3,
          3,
          3,
          3
        ],
        [
          3,
          2,
          3,
          3
        ],
        [
          3,
          3,
          3,
          2
        ]
      ],
      "essay_scoreT_exp": [
        [
          3,
          3,
          3
        ],
        [
          3,
          2,
          2
        ],
        [
          3,
          3,
          2
        ]
      ]
    }
  },
  "student": {
    "date": "2021.11.08",
    "student_educated": true,
    "student_grade": "고등_1학년",
    "location": "063",
    "student_grade_group": "고등",
    "student_reading": 1
  },
  "rubric": {
    "essay_grade": "고등_1학년",
    "organization_weight": {
      "org_paragraph": 0,
      "org": 3,
      "org_essay": 6,
      "org_coherence": 3,
      "org_quantity": 1
    },
    "essay_type": "찬성반대",
    "content_weight": {
      "con_clearance": 3,
      "con_novelty": 3,
      "con": 4,
      "con_prompt": 1,
      "con_description": 3
    },
    "essay_main_subject": "비혼주의자에 대한 본인의 의견",
    "expression_weight": {
      "exp_style": 4,
      "exp_grammar": 2,
      "exp_vocab": 4,
      "exp": 3
    }
  },
  "correction": [],
  "info": {
    "essay_id": "ESSAY_44058",
    "essay_prompt": " \"\"연애는 필수, 결혼은 선택! 가슴이 뛰는 대로 가면 돼\"\".\n\n 유명한 유행가의 노래 가사처럼, 청년들에게 결혼은 이제 필수가 아닌 하나의 선택 사항입니다. 연애, 결혼, 출산을 포기한다는 의미의 '3포세대'라는 말이 나오기 무섭게 5포 세대, N포세대까지 등장할 정도로 취업난, 치솟는 부동산 가격 등 여러 사회·경제적 요인들로 청년층을 위축시켰습니다.\n\n 모두가 이러한 이유로 '결혼을 포기'하는 것만은 아닙니다. 개인의 행복을 위해 '비혼을 선택'하는 청년들도 늘고 있습니다. 이처럼 최근 전통적인 가치관에서 벗어나 연애와 동거는 하면서 결혼이라는 제도에 묶여 관계에서 파생되는 책임을 벗어나 자유로운 삶을 추구하는 비혼주의자가 늘고 있습니다.\n\n 다만, 개인의 자유로운 선택에 따라 비혼주의를 하지만 주변에서는 아직 고운 시선으로 바라보지 않는 사람도 많습니다. 결혼이라는 제도에 대해서 선택이 아닌 필수라고 생각하는 사람들도 많지요. 개개인이 모여 사회가 형성되기 때문에 사회의 가장 작은 단위인 가족을 이루는 것도 사회 구성원으로서의 큰 역할이라고 생각하는 사람들도 있습니다.\n\n 여러분은 결혼을 꼭 해야 한다고 생각하시나요? 아니면 결혼은 선택의 문제라고 생각하시나요? 비혼주의에 대해 찬성하는 입장 반대를 선택하여 자신의 의견을 작성해주세요. 그리고 그렇게 생각한 이유에 대해서 작성해주세요.",
    "essay_type": "찬성반대",
    "essay_level": "2",
    "essay_len": 2395,
    "essay_main_subject": "비혼주의자에 대한 본인의 의견"
  }
}