{
  "paragraph": [
    {
      "paragraph_txt": "결혼은 미친짓이다라는 영화도 있습니다.#@문장구분# 과연 그럴까요?#@문장구분# 결혼이 인생의 결정에서 제일 잘 한 일이 될 수는 없는 것일까요?#@문장구분# 요즘 사회는 정말 눈을 뜨고 일어나 뉴스를 보기가 무서울 정도로 수많은 사건사고들로 가득 차 있습니다.#@문장구분# 그 중에서 동거인의 어린 아이에 대한 학대, 점점 잔인해지고 아이들이 한 행동이라고는 믿기지 않을 정도로 끔찍한 친구들에 대한 학교 폭력등의 뉴스가 점점 더 많아지고 있습니다.#@문장구분# 이런 가슴 아픈 일들이 왜 자꾸 점점 더 늘어가고 강도가 세어지고 있을까 생각해 봤습니다.#@문장구분# 근본적으로 정서적 경제적으로 안정되지 못한 가정에서 자라지 못한 환경 탓이 아닐까 생각해 보았습니다.#@문장구분# 젊은 사람들은 그저 가볍게 만나 즐기다 그 사이에서 아이가 생기면 무책임하게 방치하게 되고 둘 사이의 관계가 나빠지면 아이에게 극악무도한 만행을 저질러 화풀이 대상으로 일삼고 끔찍한 일이 벌어지고서야 사회에 알려지게 됩니다.#@문장구분# 또한 결혼을 했다 하더라도 이혼가정이 늘어나고 이혼가정끼리 또 재결합을 하게 되고 그 사이에 놓인 아이들은 정서적으로 불안하고 방황하게 되다가 거리의 또래의 유혹의 손길에 넘어가 아무렇지도 않게 나쁜 짓을 일삼게 되는 악순환이 계속되는 것 같습니다.#@문장구분# 이런 고리를 끊기 위해서는 어른들이 책임감을 가져야 한다고 생각합니다. #@문장구분#결혼이라는 것을 가볍게 생각하지 않고 신중하고 여겨 서로가 책임을 지고 사랑과 정성으로 아이들의 양육하고 미래의 일꾼들을 밖으로 내 몰지 않는 따뜻하고 화목한 가정을 만든다면 이 나라의 미래는 좀 더 밝아질 것이라고 생각합니다.#@문장구분# 수신제가치국평천하라는 말이 있듯이 건강한 가정이야 말로 모든 것의 초석이라고 생각하고, 개인주의적인 비혼보다는 건강한 결혼의 유지가 사회를 안정화 시킵니다.#@문장구분#",
      "paragraph_len": 1094,
      "paragraph_id": "001"
    }
  ],
  "score": {
    "paragraph_score": [
      {
        "paragraph_scoreT": [
          2.4,
          2.8,
          2.8
        ],
        "paragraph_scoreT_detail": {
          "paragraph_scoreT_exp": [
            [
              2,
              3,
              2
            ],
            [
              2,
              3,
              3
            ],
            [
              2,
              3,
              3
            ]
          ]
        },
        "paragraph_scoreT_avg": 2.6666667,
        "paragraph_id": "001"
      }
    ],
    "essay_scoreT": [
      26.100002,
      27.3,
      26.599998
    ],
    "essay_scoreT_avg": 26.666666,
    "essay_scoreT_detail": {
      "essay_scoreT_org": [
        [
          3,
          0,
          2,
          3
        ],
        [
          3,
          0,
          2,
          3
        ],
        [
          3,
          0,
          3,
          3
        ]
      ],
      "essay_scoreT_cont": [
        [
          3,
          2,
          3,
          3
        ],
        [
          3,
          2,
          3,
          3
        ],
        [
          2,
          2,
          2,
          3
        ]
      ],
      "essay_scoreT_exp": [
        [
          2,
          3,
          2
        ],
        [
          2,
          3,
          3
        ],
        [
          2,
          3,
          3
        ]
      ]
    }
  },
  "student": {
    "date": "2021.12.22",
    "student_educated": true,
    "student_grade": "고등_1학년",
    "location": "063",
    "student_grade_group": "고등",
    "student_reading": 1
  },
  "rubric": {
    "essay_grade": "고등_1학년",
    "organization_weight": {
      "org_paragraph": 0,
      "org": 3,
      "org_essay": 6,
      "org_coherence": 3,
      "org_quantity": 1
    },
    "essay_type": "찬성반대",
    "content_weight": {
      "con_clearance": 3,
      "con_novelty": 3,
      "con": 4,
      "con_prompt": 1,
      "con_description": 3
    },
    "essay_main_subject": "비혼주의자에 대한 본인의 의견",
    "expression_weight": {
      "exp_style": 4,
      "exp_grammar": 2,
      "exp_vocab": 4,
      "exp": 3
    }
  },
  "correction": [],
  "info": {
    "essay_id": "ESSAY_76734",
    "essay_prompt": " \"\"연애는 필수, 결혼은 선택! 가슴이 뛰는 대로 가면 돼\"\".\n\n 유명한 유행가의 노래 가사처럼, 청년들에게 결혼은 이제 필수가 아닌 하나의 선택 사항입니다. 연애, 결혼, 출산을 포기한다는 의미의 '3포세대'라는 말이 나오기 무섭게 5포 세대, N포세대까지 등장할 정도로 취업난, 치솟는 부동산 가격 등 여러 사회·경제적 요인들로 청년층을 위축시켰습니다.\n\n 모두가 이러한 이유로 '결혼을 포기'하는 것만은 아닙니다. 개인의 행복을 위해 '비혼을 선택'하는 청년들도 늘고 있습니다. 이처럼 최근 전통적인 가치관에서 벗어나 연애와 동거는 하면서 결혼이라는 제도에 묶여 관계에서 파생되는 책임을 벗어나 자유로운 삶을 추구하는 비혼주의자가 늘고 있습니다.\n\n 다만, 개인의 자유로운 선택에 따라 비혼주의를 하지만 주변에서는 아직 고운 시선으로 바라보지 않는 사람도 많습니다. 결혼이라는 제도에 대해서 선택이 아닌 필수라고 생각하는 사람들도 많지요. 개개인이 모여 사회가 형성되기 때문에 사회의 가장 작은 단위인 가족을 이루는 것도 사회 구성원으로서의 큰 역할이라고 생각하는 사람들도 있습니다.\n\n 여러분은 결혼을 꼭 해야 한다고 생각하시나요? 아니면 결혼은 선택의 문제라고 생각하시나요? 비혼주의에 대해 찬성하는 입장 반대를 선택하여 자신의 의견을 작성해주세요. 그리고 그렇게 생각한 이유에 대해서 작성해주세요.",
    "essay_type": "찬성반대",
    "essay_level": "2",
    "essay_len": 854,
    "essay_main_subject": "비혼주의자에 대한 본인의 의견"
  }
}