{
  "paragraph": [
    {
      "paragraph_txt": "저는 비혼주의를 찬성합니다.#@문장구분# 그에 대한 이유는 다양하지만, 제가 생각하는 이유는 크게 두 가지입니다.#@문장구분# 첫째, 자신의 삶을 살아갈 수 있습니다.#@문장구분# 결혼을 한다는 것은 남녀가 서로 한 평생을 같이 산다는 약속을 하는 것과 같습니다.#@문장구분# 물론 요즘은 주위 시선을 신경을 쓰지 않고, 이혼하는 부부도 많아졌다고 합니다.#@문장구분# 하지만 평생 같이 살기엔 혼자서 하고 싶은 일을 할 수 없습니다.#@문장구분# 어릴 때부터 평생 살아온 가족들과도 생활 습관이 안 맞는 경우가 허다한데, 수많은 고민을 해도 결혼한다면, 생활 습관을 처음부터 맞춰가긴 쉽지 않을 것입니다.#@문장구분# 생활 습관이 안 맞으면 사소한 곳에서 다투기 마련입니다.#@문장구분# 하지만 혼자 산다면 혼자 살기 때문에 원하는 것을 할 수 있습니다.#@문장구분# 누구와 생활 습관을 맞출 필요도 없고, 자신의 패턴대로 인생을 살아갈 수 있습니다.#@문장구분# 결혼을 한다는 것은 배우자와의 약속을 만들어 나가는 것으로 생각하는데요, 혼자 살아가면, 자신이 원하는 것을 언제든지 할 수 있고, 누군가의 억압 없이 살아갈 수 있습니다.#@문장구분# 그것이 비혼의 가장 큰 장점이라고 생각합니다.#@문장구분# 둘째, 경제적 부담이 적다.#@문장구분# 요즘은 소소하게 동거하며 살아가는 커플도 존재는 하지만, 지금까지 사회 인식이 소소한 것을 싫어합니다.#@문장구분# 결혼식은 화려하게 사촌에 팔촌까지 불러서 진행하기도 합니다.#@문장구분# 그리고 남자는 집을 해오거나 여자는 혼수를 해오는 등 겉치레가 많습니다.#@문장구분# 아직까지 이런 사회 풍습이 남아있고, 이러한 이유 때문에 결혼을 포기하는 연인들이 많습니다.#@문장구분# 하지만 혼자 살아가면 1인 가구이기 때문에 제가 사용할 것만 벌면 됩니다.#@문장구분# 혼자 살아가기 때문에 부양할 가족들이 적어지고, 그로 인해 경제적 부담이 적어집니다.#@문장구분#오히려 결혼을 하면 상대방의 가족들까지 고려를 해야하는 상황에 놓이기 때문에, 경제적 부담이 커질 위험성이 있습니다. #@문장구분#이러한 이유들로 저는 비혼주의를 찬성합니다.#@문장구분#",
      "paragraph_len": 1338,
      "paragraph_id": "001"
    }
  ],
  "score": {
    "paragraph_score": [
      {
        "paragraph_scoreT": [
          2.4,
          2,
          2
        ],
        "paragraph_scoreT_detail": {
          "paragraph_scoreT_exp": [
            [
              2,
              2,
              3
            ],
            [
              2,
              2,
              2
            ],
            [
              2,
              2,
              2
            ]
          ]
        },
        "paragraph_scoreT_avg": 2.1333334,
        "paragraph_id": "001"
      }
    ],
    "essay_scoreT": [
      28.2,
      21.5,
      22.8
    ],
    "essay_scoreT_avg": 24.166666,
    "essay_scoreT_detail": {
      "essay_scoreT_org": [
        [
          3,
          0,
          3,
          3
        ],
        [
          2,
          0,
          2,
          3
        ],
        [
          2,
          0,
          2,
          2
        ]
      ],
      "essay_scoreT_cont": [
        [
          3,
          3,
          3,
          3
        ],
        [
          3,
          2,
          2,
          2
        ],
        [
          3,
          2,
          3,
          3
        ]
      ],
      "essay_scoreT_exp": [
        [
          2,
          2,
          3
        ],
        [
          2,
          2,
          2
        ],
        [
          2,
          2,
          2
        ]
      ]
    }
  },
  "student": {
    "date": "2021.11.11",
    "student_educated": true,
    "student_grade": "고등_1학년",
    "location": "054",
    "student_grade_group": "고등",
    "student_reading": 1
  },
  "rubric": {
    "essay_grade": "고등_1학년",
    "organization_weight": {
      "org_paragraph": 0,
      "org": 3,
      "org_essay": 6,
      "org_coherence": 3,
      "org_quantity": 1
    },
    "essay_type": "찬성반대",
    "content_weight": {
      "con_clearance": 3,
      "con_novelty": 3,
      "con": 4,
      "con_prompt": 1,
      "con_description": 3
    },
    "essay_main_subject": "비혼주의자에 대한 본인의 의견",
    "expression_weight": {
      "exp_style": 4,
      "exp_grammar": 2,
      "exp_vocab": 4,
      "exp": 3
    }
  },
  "correction": [],
  "info": {
    "essay_id": "ESSAY_44302",
    "essay_prompt": " \"\"연애는 필수, 결혼은 선택! 가슴이 뛰는 대로 가면 돼\"\".\n\n 유명한 유행가의 노래 가사처럼, 청년들에게 결혼은 이제 필수가 아닌 하나의 선택 사항입니다. 연애, 결혼, 출산을 포기한다는 의미의 '3포세대'라는 말이 나오기 무섭게 5포 세대, N포세대까지 등장할 정도로 취업난, 치솟는 부동산 가격 등 여러 사회·경제적 요인들로 청년층을 위축시켰습니다.\n\n 모두가 이러한 이유로 '결혼을 포기'하는 것만은 아닙니다. 개인의 행복을 위해 '비혼을 선택'하는 청년들도 늘고 있습니다. 이처럼 최근 전통적인 가치관에서 벗어나 연애와 동거는 하면서 결혼이라는 제도에 묶여 관계에서 파생되는 책임을 벗어나 자유로운 삶을 추구하는 비혼주의자가 늘고 있습니다.\n\n 다만, 개인의 자유로운 선택에 따라 비혼주의를 하지만 주변에서는 아직 고운 시선으로 바라보지 않는 사람도 많습니다. 결혼이라는 제도에 대해서 선택이 아닌 필수라고 생각하는 사람들도 많지요. 개개인이 모여 사회가 형성되기 때문에 사회의 가장 작은 단위인 가족을 이루는 것도 사회 구성원으로서의 큰 역할이라고 생각하는 사람들도 있습니다.\n\n 여러분은 결혼을 꼭 해야 한다고 생각하시나요? 아니면 결혼은 선택의 문제라고 생각하시나요? 비혼주의에 대해 찬성하는 입장 반대를 선택하여 자신의 의견을 작성해주세요. 그리고 그렇게 생각한 이유에 대해서 작성해주세요.",
    "essay_type": "찬성반대",
    "essay_level": "2",
    "essay_len": 920,
    "essay_main_subject": "비혼주의자에 대한 본인의 의견"
  }
}