{
  "paragraph": [
    {
      "paragraph_txt": "저는 비혼주의에 반대하는 입장입니다.#@문장구분# 현대사회에서 갈수록 사람들이 이기적으로 변해가고 자기밖에 모르는 것 같습니다.#@문장구분# 결혼만 해도 그렇습니다.#@문장구분# 요즘 젊은 세대들은 혼자 즐기려고만 하고 누굴 책임 진다던가 다른 사람을 위해 희생을 한다는 것을 그닥 가치 있는 일이라고 여기지 않는 것 같습니다.#@문장구분# 혼자서 밥을 먹고 혼자 여행을 하고 혼자 사는 삶에 만족을 하는 것 같습니다.#@문장구분# 옆집에 누가 사는 줄도 모르고 잔인한 사건 사고로 사람이 죽어 나가는 것도 모르고, 아동학대나 가정폭력이 일어나도 내 일이 아니라고 여기고 골치 아프게 생각하여 모른 척 지나치는 경우도 있습니다.#@문장구분# 현재 우리 나라는 심각할 정도로 저출산 국가이며 노령인구가 나날이 증가하고 있습니다.#@문장구분# 물론 아이를 낳고 키우는 환경이 만족스럽지 못한 까닭도 있기 때문입니다.#@문장구분# 이점에 대해서는 국가가 임시방편적인 일회성 대책이 아니라 현실적인 대안을 마련해야 할 것입니다.#@문장구분# 인류가 가치를 높게 생각하는 일이 점점 변하고 있는 것은 사실입니다.#@문장구분# 하지만 오래전부터 변하지 않는 진리는 분명히 있습니다.#@문장구분# 가족을 꾸리고 자손을 퍼뜨리고 사회구성을 유지하고 더불어 인간답게 살아가는 것입니다.#@문장구분# 결혼을 하고 서로에게 책임을 지고 사랑의 결실인 자손을 퍼뜨리는 것은 어느 것과도 바꿀 수 없이 소중하고 아름다운 것임을 잊지 말아야 할 것입니다.#@문장구분# 너무 쉽고 편한 것에만 길들여져 있고 도전하지 않고 현실에만 안주하려고 하는 스마트 폰으로 모든 것을 해결하려고 하는 요즘 MZ세대들은 이런식으로 계속 삶을 지속하다보면 나중에는 얘기할 사람도 없고 모든 것을 기계와 하고 인간성을 상실해 공허해 질지도 모릅니다.#@문장구분# 올바른 결혼을 선택하여 인간에게 주어진 인간답게 살 권리를 되찾읍시다.#@문장구분#",
      "paragraph_len": 1147,
      "paragraph_id": "001"
    }
  ],
  "score": {
    "paragraph_score": [
      {
        "paragraph_scoreT": [
          3,
          3,
          2.8
        ],
        "paragraph_scoreT_detail": {
          "paragraph_scoreT_exp": [
            [
              3,
              3,
              3
            ],
            [
              3,
              3,
              3
            ],
            [
              2,
              3,
              3
            ]
          ]
        },
        "paragraph_scoreT_avg": 2.9333334,
        "paragraph_id": "001"
      }
    ],
    "essay_scoreT": [
      28.8,
      28.8,
      26.599998
    ],
    "essay_scoreT_avg": 28.066666,
    "essay_scoreT_detail": {
      "essay_scoreT_org": [
        [
          3,
          0,
          3,
          3
        ],
        [
          3,
          0,
          3,
          3
        ],
        [
          3,
          0,
          3,
          3
        ]
      ],
      "essay_scoreT_cont": [
        [
          3,
          2,
          3,
          3
        ],
        [
          3,
          2,
          3,
          3
        ],
        [
          2,
          3,
          2,
          2
        ]
      ],
      "essay_scoreT_exp": [
        [
          3,
          3,
          3
        ],
        [
          3,
          3,
          3
        ],
        [
          2,
          3,
          3
        ]
      ]
    }
  },
  "student": {
    "date": "2021.12.22",
    "student_educated": true,
    "student_grade": "고등_1학년",
    "location": "063",
    "student_grade_group": "고등",
    "student_reading": 3
  },
  "rubric": {
    "essay_grade": "고등_1학년",
    "organization_weight": {
      "org_paragraph": 0,
      "org": 3,
      "org_essay": 6,
      "org_coherence": 3,
      "org_quantity": 1
    },
    "essay_type": "찬성반대",
    "content_weight": {
      "con_clearance": 3,
      "con_novelty": 3,
      "con": 4,
      "con_prompt": 1,
      "con_description": 3
    },
    "essay_main_subject": "비혼주의자에 대한 본인의 의견",
    "expression_weight": {
      "exp_style": 4,
      "exp_grammar": 2,
      "exp_vocab": 4,
      "exp": 3
    }
  },
  "correction": [],
  "info": {
    "essay_id": "ESSAY_76738",
    "essay_prompt": " \"\"연애는 필수, 결혼은 선택! 가슴이 뛰는 대로 가면 돼\"\".\n\n 유명한 유행가의 노래 가사처럼, 청년들에게 결혼은 이제 필수가 아닌 하나의 선택 사항입니다. 연애, 결혼, 출산을 포기한다는 의미의 '3포세대'라는 말이 나오기 무섭게 5포 세대, N포세대까지 등장할 정도로 취업난, 치솟는 부동산 가격 등 여러 사회·경제적 요인들로 청년층을 위축시켰습니다.\n\n 모두가 이러한 이유로 '결혼을 포기'하는 것만은 아닙니다. 개인의 행복을 위해 '비혼을 선택'하는 청년들도 늘고 있습니다. 이처럼 최근 전통적인 가치관에서 벗어나 연애와 동거는 하면서 결혼이라는 제도에 묶여 관계에서 파생되는 책임을 벗어나 자유로운 삶을 추구하는 비혼주의자가 늘고 있습니다.\n\n 다만, 개인의 자유로운 선택에 따라 비혼주의를 하지만 주변에서는 아직 고운 시선으로 바라보지 않는 사람도 많습니다. 결혼이라는 제도에 대해서 선택이 아닌 필수라고 생각하는 사람들도 많지요. 개개인이 모여 사회가 형성되기 때문에 사회의 가장 작은 단위인 가족을 이루는 것도 사회 구성원으로서의 큰 역할이라고 생각하는 사람들도 있습니다.\n\n 여러분은 결혼을 꼭 해야 한다고 생각하시나요? 아니면 결혼은 선택의 문제라고 생각하시나요? 비혼주의에 대해 찬성하는 입장 반대를 선택하여 자신의 의견을 작성해주세요. 그리고 그렇게 생각한 이유에 대해서 작성해주세요.",
    "essay_type": "찬성반대",
    "essay_level": "2",
    "essay_len": 847,
    "essay_main_subject": "비혼주의자에 대한 본인의 의견"
  }
}