{
  "paragraph": [
    {
      "paragraph_txt": "먼저 비혼주의란 말 그대로 결혼을 하지 않는 주의라는 뜻이다.#@문장구분# 이 단어는 옛날에는 없었지만 오늘날 새롭게 만들어진 단어이다.#@문장구분# 그러면 왜 우리는 이런 단어를 쓰기 시작한 걸까?#@문장구분# 먼저 여성의 사회활동이 넓어져서라고 생각한다.#@문장구분# 옛날에는 여자는 집에만 있어야 한다는 이야기가 있었는데 오늘날은 성차별 없이 여자도 사회활동이 많아지며 결혼하면 더 이상 그 일을 하지 못하거나 힘들어지기 때문이라고 생각한다.#@문장구분#\n더군다나 일에 대한 열정이 강해진다면 더욱 비혼주의가 될 수 있다고 생각한다.#@문장구분# 두 번째는 가치관이 변했기 때문이다.#@문장구분# 옛날에는 결혼이란 가문을 잇기 위해 꼭 해야 할 일로 중시되어 왔으나 오늘날에는 그다지 중요한 게 아니기 때문이다.#@문장구분# 세 번째 결혼을 해서 잃는 점이 많다.#@문장구분# 사람마다 다르다고 생각한다.#@문장구분# 그러나 내가 생각하기에는 사랑하는 사람과의 결혼은 행복을 주지만 그건 잠시라고 생각한다.#@문장구분# 우리가 결혼을 하며 잃는 점이 많다고 생각한다.#@문장구분# 여자의 경우 임신 후 육아와 회사를 병행하기 힘들어 육아휴직을 낸다.#@문장구분# 하지만 아직까지 육아휴직을 좋지않게 보는 회사가 많다.#@문장구분# 남자의 경우에도 육아휴직을 내면 안 좋게 보는 시선도 있다고 생각한다.#@문장구분# 난 이러한 점을 모두 생각해봤을 때 비혼주의에 찬성한다.#@문장구분# 물론 비혼주의는 출생률을 낮추는 단점이 존재함에도 불구하고 찬성하는 이유는 그만큼 자신에게 더 집중할 수 있고 자신의 꿈을 펼칠 기회라고 생각한다.#@문장구분# 물론 결혼해서도 각자 꿈을 펼칠 수도 있지만 가정을 이루면 하나는 포기하거나 결혼하기 전 보다는 이루는데 많은 시간과 힘이 걸릴지도 모른다.#@문장구분# 또한 비혼주의는 꼭 모두가 비혼주의가 되야 한다는 주장이 아니다.#@문장구분# 비혼은 선택이며 언제라도 자신이 결혼하고 싶으면 바꿔도 된다는 뜻이다.#@문장구분# 예전만큼 자신이 원하는 것을 할 수있고, 자율성이 보장되어있는 지금 비혼주의를 반대한다는 것은 맞지 않다고 생각한다.#@문장구분#",
      "paragraph_len": 1334,
      "paragraph_id": "001"
    }
  ],
  "score": {
    "paragraph_score": [
      {
        "paragraph_scoreT": [
          2.6,
          3,
          2.6
        ],
        "paragraph_scoreT_detail": {
          "paragraph_scoreT_exp": [
            [
              3,
              3,
              2
            ],
            [
              3,
              3,
              3
            ],
            [
              3,
              3,
              2
            ]
          ]
        },
        "paragraph_scoreT_avg": 2.7333333,
        "paragraph_id": "001"
      }
    ],
    "essay_scoreT": [
      24.199999,
      26.7,
      23.9
    ],
    "essay_scoreT_avg": 24.933334,
    "essay_scoreT_detail": {
      "essay_scoreT_org": [
        [
          2,
          0,
          2,
          2
        ],
        [
          2,
          0,
          3,
          2
        ],
        [
          3,
          0,
          2,
          3
        ]
      ],
      "essay_scoreT_cont": [
        [
          3,
          2,
          2,
          3
        ],
        [
          3,
          2,
          3,
          3
        ],
        [
          2,
          2,
          2,
          2
        ]
      ],
      "essay_scoreT_exp": [
        [
          3,
          3,
          2
        ],
        [
          3,
          3,
          3
        ],
        [
          3,
          3,
          2
        ]
      ]
    }
  },
  "student": {
    "date": "2021.10.01",
    "student_educated": true,
    "student_grade": "고등_1학년",
    "location": "051",
    "student_grade_group": "고등",
    "student_reading": 1
  },
  "rubric": {
    "essay_grade": "고등_1학년",
    "organization_weight": {
      "org_paragraph": 0,
      "org": 3,
      "org_essay": 6,
      "org_coherence": 3,
      "org_quantity": 1
    },
    "essay_type": "찬성반대",
    "content_weight": {
      "con_clearance": 3,
      "con_novelty": 3,
      "con": 4,
      "con_prompt": 1,
      "con_description": 3
    },
    "essay_main_subject": "비혼주의자에 대한 본인의 의견",
    "expression_weight": {
      "exp_style": 4,
      "exp_grammar": 2,
      "exp_vocab": 4,
      "exp": 3
    }
  },
  "correction": [],
  "info": {
    "essay_id": "ESSAY_36462",
    "essay_prompt": " \"\"연애는 필수, 결혼은 선택! 가슴이 뛰는 대로 가면 돼\"\".\n\n 유명한 유행가의 노래 가사처럼, 청년들에게 결혼은 이제 필수가 아닌 하나의 선택 사항입니다. 연애, 결혼, 출산을 포기한다는 의미의 '3포세대'라는 말이 나오기 무섭게 5포 세대, N포세대까지 등장할 정도로 취업난, 치솟는 부동산 가격 등 여러 사회·경제적 요인들로 청년층을 위축시켰습니다.\n\n 모두가 이러한 이유로 '결혼을 포기'하는 것만은 아닙니다. 개인의 행복을 위해 '비혼을 선택'하는 청년들도 늘고 있습니다. 이처럼 최근 전통적인 가치관에서 벗어나 연애와 동거는 하면서 결혼이라는 제도에 묶여 관계에서 파생되는 책임을 벗어나 자유로운 삶을 추구하는 비혼주의자가 늘고 있습니다.\n\n 다만, 개인의 자유로운 선택에 따라 비혼주의를 하지만 주변에서는 아직 고운 시선으로 바라보지 않는 사람도 많습니다. 결혼이라는 제도에 대해서 선택이 아닌 필수라고 생각하는 사람들도 많지요. 개개인이 모여 사회가 형성되기 때문에 사회의 가장 작은 단위인 가족을 이루는 것도 사회 구성원으로서의 큰 역할이라고 생각하는 사람들도 있습니다.\n\n 여러분은 결혼을 꼭 해야 한다고 생각하시나요? 아니면 결혼은 선택의 문제라고 생각하시나요? 비혼주의에 대해 찬성하는 입장 반대를 선택하여 자신의 의견을 작성해주세요. 그리고 그렇게 생각한 이유에 대해서 작성해주세요.",
    "essay_type": "찬성반대",
    "essay_level": "2",
    "essay_len": 914,
    "essay_main_subject": "비혼주의자에 대한 본인의 의견"
  }
}