{
  "paragraph": [
    {
      "paragraph_txt": "나는 비혼주의자에 대해 찬성하는 의견을 가지고 있다.#@문장구분# 비혼을 선택하는 이유는 다양할것다.#@문장구분# 개인 가치관에 따라 비혼을 선택하는 사람도 있고 경제적 부담 등으로 인해 비자발적 비혼 상태를 유지하는 사람도 있다.#@문장구분# 때로는 자발적 요인과 비자발적 요인이 뒤섞인 상황일 수도 있을것이다.#@문장구분# 중요한 건 비혼은 하나의 현상이며 앞으로도 늘어날 것이라는 점이다.#@문장구분# 평생 독신인 비율도 늘고 더 나아가 비혼 비출산으로 발전하기도 한다.#@문장구분# 경제 문제, 사회 문제, 성역할 문제, 독신 유행, 종교 문제, 나이 문제, 남녀 문제 기타 등등 잡다하고 복잡한 결혼.독신 간의 논쟁이 병림픽처럼 이어지지만, 핵심은 자식 문제이다.#@문장구분# 자식을 생각한다면 인간 사회에서 독신은 어리석은 짓이고, 자식을 생각하지 않는다면 결혼은 개인의 자유를 억압한다.#@문장구분# 가족이 생기면 책임져야 할 것이 독신에 비해 압도적으로 많아지기 때문.#@문장구분# 다만 결혼만 하고 아이는 갖지 않으려는 사람들(딩크족)도 있기 때문에 자녀를 원하지 않는 사람이 곧 독신주의자인 것은 아니다.#@문장구분# 어찌 됐든 사회 전체적으로 보면 이 2세가 집단을 돌아가게 하는 원동력이기에 사회나 국가, 공동체 입장에서는 개인이 결혼을 하지 않는다면 장기적으로 사회가 붕괴되어 매우 곤란한 상황이 올 수 있다.#@문장구분# 사회를 유지하는 것은 결국 인구이기 때문이다.#@문장구분# 그리고 사회를 구성하는 최소 단위가 가정인데, 결혼을 하지 않으면 가정이 만들어지지 않으므로 사회가 파편화된다.#@문장구분# 또 한국을 포함한 많은 선진국들은 저출산 및 고령화 문제와도 연관되어 있다.#@문장구분# 사회 계층 별로 독신주의자의 비율은 다소 차이가 있는거같다고 생각되어진다.#@문장구분#",
      "paragraph_len": 1094,
      "paragraph_id": "001"
    }
  ],
  "score": {
    "paragraph_score": [
      {
        "paragraph_scoreT": [
          3,
          3,
          2.8
        ],
        "paragraph_scoreT_detail": {
          "paragraph_scoreT_exp": [
            [
              3,
              3,
              3
            ],
            [
              3,
              3,
              3
            ],
            [
              2,
              3,
              3
            ]
          ]
        },
        "paragraph_scoreT_avg": 2.9333334,
        "paragraph_id": "001"
      }
    ],
    "essay_scoreT": [
      30,
      25.5,
      26.1
    ],
    "essay_scoreT_avg": 27.199999,
    "essay_scoreT_detail": {
      "essay_scoreT_org": [
        [
          3,
          0,
          3,
          3
        ],
        [
          2,
          0,
          3,
          2
        ],
        [
          3,
          0,
          2,
          3
        ]
      ],
      "essay_scoreT_cont": [
        [
          3,
          3,
          3,
          3
        ],
        [
          3,
          2,
          3,
          2
        ],
        [
          2,
          3,
          3,
          2
        ]
      ],
      "essay_scoreT_exp": [
        [
          3,
          3,
          3
        ],
        [
          3,
          3,
          3
        ],
        [
          2,
          3,
          3
        ]
      ]
    }
  },
  "student": {
    "date": "2021.12.21",
    "student_educated": true,
    "student_grade": "고등_1학년",
    "location": "031",
    "student_grade_group": "고등",
    "student_reading": 2
  },
  "rubric": {
    "essay_grade": "고등_1학년",
    "organization_weight": {
      "org_paragraph": 0,
      "org": 3,
      "org_essay": 6,
      "org_coherence": 3,
      "org_quantity": 1
    },
    "essay_type": "찬성반대",
    "content_weight": {
      "con_clearance": 3,
      "con_novelty": 3,
      "con": 4,
      "con_prompt": 1,
      "con_description": 3
    },
    "essay_main_subject": "비혼주의자에 대한 본인의 의견",
    "expression_weight": {
      "exp_style": 4,
      "exp_grammar": 2,
      "exp_vocab": 4,
      "exp": 3
    }
  },
  "correction": [],
  "info": {
    "essay_id": "ESSAY_71327",
    "essay_prompt": " \"\"연애는 필수, 결혼은 선택! 가슴이 뛰는 대로 가면 돼\"\".\n\n 유명한 유행가의 노래 가사처럼, 청년들에게 결혼은 이제 필수가 아닌 하나의 선택 사항입니다. 연애, 결혼, 출산을 포기한다는 의미의 '3포세대'라는 말이 나오기 무섭게 5포 세대, N포세대까지 등장할 정도로 취업난, 치솟는 부동산 가격 등 여러 사회·경제적 요인들로 청년층을 위축시켰습니다.\n\n 모두가 이러한 이유로 '결혼을 포기'하는 것만은 아닙니다. 개인의 행복을 위해 '비혼을 선택'하는 청년들도 늘고 있습니다. 이처럼 최근 전통적인 가치관에서 벗어나 연애와 동거는 하면서 결혼이라는 제도에 묶여 관계에서 파생되는 책임을 벗어나 자유로운 삶을 추구하는 비혼주의자가 늘고 있습니다.\n\n 다만, 개인의 자유로운 선택에 따라 비혼주의를 하지만 주변에서는 아직 고운 시선으로 바라보지 않는 사람도 많습니다. 결혼이라는 제도에 대해서 선택이 아닌 필수라고 생각하는 사람들도 많지요. 개개인이 모여 사회가 형성되기 때문에 사회의 가장 작은 단위인 가족을 이루는 것도 사회 구성원으로서의 큰 역할이라고 생각하는 사람들도 있습니다.\n\n 여러분은 결혼을 꼭 해야 한다고 생각하시나요? 아니면 결혼은 선택의 문제라고 생각하시나요? 비혼주의에 대해 찬성하는 입장 반대를 선택하여 자신의 의견을 작성해주세요. 그리고 그렇게 생각한 이유에 대해서 작성해주세요.",
    "essay_type": "찬성반대",
    "essay_level": "2",
    "essay_len": 794,
    "essay_main_subject": "비혼주의자에 대한 본인의 의견"
  }
}