{
  "paragraph": [
    {
      "paragraph_txt": "안녕하세요.#@문장구분# 저는 비혼주의를 이해는 하지만 사랑하는 사람이 있다면 결혼을 하는게 좋다고 생각하는 편입니다.#@문장구분# 물론 개인의 트라우마라던지 경제적인 여건이 충족되지 않아 결혼은 포기하는거라면 어쩔 수 없지만 큰 이유없이 결혼을 미룰 필요는 없다고 생각합니다.#@문장구분# 시중에 모아둔 돈이 없거나 적다고 생각해 결혼을 미루는 경우도 있는데 결혼을 하고 나서 함께 돈을 모으면 더 빨리 모을 수 있다고 생각해서 꼭 미룰 필요는 없는 것 같습니다.#@문장구분# 신혼부부들에게 청약 당첨 확률을 높여준다거나 대출 금리를 낮춰주거나 하는 등의 다양한 해택이 많이 주어져서 그걸 잘 활용하는 것도 좋은 방법이라고 생각합니다.#@문장구분# 무엇보다 결혼을 해서 사회의 가장 작은 단위인 가족을 이루는 것도 중요하다고 봅니다.#@문장구분# 법적으로 인정하는 가족이냐 아니냐의 차이는 크다고 생각합니다. #@문장구분#살아가며 겉보기에는 모를지언정 만약 아이가 생긴다고 가정해본다면 아이가 정서적인 불안감을 느낄 수도 있고 아이의 호적을 올리는 것에 있어 문제가 발생하지 않을까 싶습니다.#@문장구분# 무엇보다 제가 결혼을 장려하는 이유는 서로의 보호자 역할을 할 수 있기 때문입니다.#@문장구분# 갑작스러운 사고로 인해 병원에 가 빠른 치료를 받아야하는 상황이 왔을 때 비혼인 사이는 서로의 보호자가 되어줄 수 없습니다.#@문장구분# 함께 있지만 다른 가족이 올 때 까지 보고만 있어야하는 상황이야말로 속상하지 않을까요? #@문장구분#실제로 동성인 커플이 결혼을 가장 하고 싶은 이유 중 하나로 손꼽히는 상황이라고도 합니다.#@문장구분# 결혼이란게 의무도 아니고 쉽게 결정할 일도 아니지만은 사랑하는 사람이 있다면 해보고 후회해도 괜찮지 않을까 싶습니다.#@문장구분# 그 사람의 의외의 모습에 더 깊은 사랑에 빠질 수도 있으니까요.#@문장구분# 또한 이혼은 흠이 아니기에 결혼 후 헤어질 때의 걱정도 덜어두었으면 합니다.#@문장구분#",
      "paragraph_len": 1169,
      "paragraph_id": "001"
    }
  ],
  "score": {
    "paragraph_score": [
      {
        "paragraph_scoreT": [
          2.6,
          3,
          2.6
        ],
        "paragraph_scoreT_detail": {
          "paragraph_scoreT_exp": [
            [
              3,
              3,
              2
            ],
            [
              3,
              3,
              3
            ],
            [
              3,
              3,
              2
            ]
          ]
        },
        "paragraph_scoreT_avg": 2.7333333,
        "paragraph_id": "001"
      }
    ],
    "essay_scoreT": [
      25.4,
      25.400002,
      27.199999
    ],
    "essay_scoreT_avg": 26,
    "essay_scoreT_detail": {
      "essay_scoreT_org": [
        [
          2,
          0,
          3,
          3
        ],
        [
          2,
          0,
          3,
          3
        ],
        [
          3,
          0,
          3,
          3
        ]
      ],
      "essay_scoreT_cont": [
        [
          3,
          2,
          2,
          3
        ],
        [
          3,
          2,
          2,
          2
        ],
        [
          2,
          3,
          2,
          3
        ]
      ],
      "essay_scoreT_exp": [
        [
          3,
          3,
          2
        ],
        [
          3,
          3,
          3
        ],
        [
          3,
          3,
          2
        ]
      ]
    }
  },
  "student": {
    "date": "2021.12.03",
    "student_educated": true,
    "student_grade": "고등_1학년",
    "location": "063",
    "student_grade_group": "고등",
    "student_reading": 2
  },
  "rubric": {
    "essay_grade": "고등_1학년",
    "organization_weight": {
      "org_paragraph": 0,
      "org": 3,
      "org_essay": 6,
      "org_coherence": 3,
      "org_quantity": 1
    },
    "essay_type": "찬성반대",
    "content_weight": {
      "con_clearance": 3,
      "con_novelty": 3,
      "con": 4,
      "con_prompt": 1,
      "con_description": 3
    },
    "essay_main_subject": "비혼주의자에 대한 본인의 의견",
    "expression_weight": {
      "exp_style": 4,
      "exp_grammar": 2,
      "exp_vocab": 4,
      "exp": 3
    }
  },
  "correction": [],
  "info": {
    "essay_id": "ESSAY_54740",
    "essay_prompt": " \"\"연애는 필수, 결혼은 선택! 가슴이 뛰는 대로 가면 돼\"\".\n\n 유명한 유행가의 노래 가사처럼, 청년들에게 결혼은 이제 필수가 아닌 하나의 선택 사항입니다. 연애, 결혼, 출산을 포기한다는 의미의 '3포세대'라는 말이 나오기 무섭게 5포 세대, N포세대까지 등장할 정도로 취업난, 치솟는 부동산 가격 등 여러 사회·경제적 요인들로 청년층을 위축시켰습니다.\n\n 모두가 이러한 이유로 '결혼을 포기'하는 것만은 아닙니다. 개인의 행복을 위해 '비혼을 선택'하는 청년들도 늘고 있습니다. 이처럼 최근 전통적인 가치관에서 벗어나 연애와 동거는 하면서 결혼이라는 제도에 묶여 관계에서 파생되는 책임을 벗어나 자유로운 삶을 추구하는 비혼주의자가 늘고 있습니다.\n\n 다만, 개인의 자유로운 선택에 따라 비혼주의를 하지만 주변에서는 아직 고운 시선으로 바라보지 않는 사람도 많습니다. 결혼이라는 제도에 대해서 선택이 아닌 필수라고 생각하는 사람들도 많지요. 개개인이 모여 사회가 형성되기 때문에 사회의 가장 작은 단위인 가족을 이루는 것도 사회 구성원으로서의 큰 역할이라고 생각하는 사람들도 있습니다.\n\n 여러분은 결혼을 꼭 해야 한다고 생각하시나요? 아니면 결혼은 선택의 문제라고 생각하시나요? 비혼주의에 대해 찬성하는 입장 반대를 선택하여 자신의 의견을 작성해주세요. 그리고 그렇게 생각한 이유에 대해서 작성해주세요.",
    "essay_type": "찬성반대",
    "essay_level": "2",
    "essay_len": 870,
    "essay_main_subject": "비혼주의자에 대한 본인의 의견"
  }
}