{
  "paragraph": [
    {
      "paragraph_txt": "결혼은 개개인의 선택이라고 생각합니다.#@문장구분# 결혼은 선택이지 의무 사항이 아닙니다.#@문장구분# 사회화와 도시화가 진행되면서 사회는 이제 대가족에서 핵가족으로 점점 변화하고 있습니다.#@문장구분# 그리고 개인주의적 가치관이 발달함에 따라 혼자사는 이름바 '혼족'이라는 개념도 등장하였습니다.#@문장구분# 물론 저출산과 고령화로 젊은 사람들은 줄어들고 일과 경제적 활동을 할 수 없는 사회적 현상은 우리가 해결해야 할 과제라고 생각합니다.#@문장구분# 그러나 그런 사회적 문제가 있다고 해서 결혼을 강요하고 사회적 시선으로 곱게 보지 않는 것은 민주주의 사회에서 어긋나는 일이라고 생각합니다.#@문장구분# 그리고 결혼을 쉽게 하지 못 하는 이유 중 커다란 비중을 차지하는 것은 바로 경제적 이유때문이라고 생각합니다.#@문장구분# 자녀를 키우는 데 드는 비용이 정말 만만치 않고 가족이 함께 생활할 보금자리를 마련하는 것은 더욱 더 경제적으로 힘이 듭니다.#@문장구분# 상승하는 물가와 부동산 가격 속에서 쉽사리 결혼을 하고 자녀를 키우는 것은 요즘 시대에 정말이지 힘이 듭니다.#@문장구분# 그렇기 때문에 젊은 사람들은 그런 경제적 여유가 부족하기 때문에 결혼을 필수라고 생각하지 않고 자유로이 생활하는 경향이 있다고 생각합니다.#@문장구분# 물론 믿고 의지할 가정이 있다는 것은 정말 행복한 것입니다.#@문장구분# 하지만 그런 결혼의 단면만 보고 무작정 결혼을 했다가 경제적 부담을 이기지 못 하고 불행하게 사는 것 보다 자신에게 맞게끔 결혼을 선택하는 것이 우리 사회가 더욱 더 행복한 방향으로 나아가는 방법이라고 생각합니다.#@문장구분# 그리고 요즈음 뉴스를 보게 되면 가정폭력, 가족 간 살해 등등 이러한 범죄가 가정 사이에서 많이 일어나는데 나중에 내가 가정을 꾸려서 이러한 일에 피해자가 '나' 자신이 될 수 있기에 결혼을 하지 않을 수 있다.#@문장구분# 이러한 문제를 감수하여 굳이 결혼을 할 필요 없다 생각한다.#@문장구분# 아무리 대한민국이 저출산 문제가 심각하다 해도 정부가 이러한 문제에 제대로 된 해결방안을 내놓지 않으면 비혼주의자는 점점 더 늘어날 것 이다.#@문장구분# 그리고 문재인 정부가 지금의 청년들이 미래에 살기 힘들게 부동산 값을 폭등시켰기에 가정을 꾸리기 위해 큰 돈을 들여 작은 집 한 채 살 필요는 없다 생각한다.#@문장구분# 그래서 비혼주의에 찬성한다.#@문장구분#",
      "paragraph_len": 1404,
      "paragraph_id": "001"
    }
  ],
  "score": {
    "paragraph_score": [
      {
        "paragraph_scoreT": [
          3,
          2,
          2
        ],
        "paragraph_scoreT_detail": {
          "paragraph_scoreT_exp": [
            [
              3,
              3,
              3
            ],
            [
              2,
              2,
              2
            ],
            [
              2,
              2,
              2
            ]
          ]
        },
        "paragraph_scoreT_avg": 2.3333333,
        "paragraph_id": "001"
      }
    ],
    "essay_scoreT": [
      30,
      21.9,
      23.099998
    ],
    "essay_scoreT_avg": 25,
    "essay_scoreT_detail": {
      "essay_scoreT_org": [
        [
          3,
          0,
          3,
          3
        ],
        [
          2,
          0,
          2,
          3
        ],
        [
          2,
          0,
          2,
          3
        ]
      ],
      "essay_scoreT_cont": [
        [
          3,
          3,
          3,
          3
        ],
        [
          2,
          3,
          3,
          2
        ],
        [
          2,
          3,
          3,
          3
        ]
      ],
      "essay_scoreT_exp": [
        [
          3,
          3,
          3
        ],
        [
          2,
          2,
          2
        ],
        [
          2,
          2,
          2
        ]
      ]
    }
  },
  "student": {
    "date": "2021.12.23",
    "student_educated": true,
    "student_grade": "고등_1학년",
    "location": "054",
    "student_grade_group": "고등",
    "student_reading": 2
  },
  "rubric": {
    "essay_grade": "고등_1학년",
    "organization_weight": {
      "org_paragraph": 0,
      "org": 3,
      "org_essay": 6,
      "org_coherence": 3,
      "org_quantity": 1
    },
    "essay_type": "찬성반대",
    "content_weight": {
      "con_clearance": 3,
      "con_novelty": 3,
      "con": 4,
      "con_prompt": 1,
      "con_description": 3
    },
    "essay_main_subject": "비혼주의자에 대한 본인의 의견",
    "expression_weight": {
      "exp_style": 4,
      "exp_grammar": 2,
      "exp_vocab": 4,
      "exp": 3
    }
  },
  "correction": [],
  "info": {
    "essay_id": "ESSAY_76932",
    "essay_prompt": " \"\"연애는 필수, 결혼은 선택! 가슴이 뛰는 대로 가면 돼\"\".\n\n 유명한 유행가의 노래 가사처럼, 청년들에게 결혼은 이제 필수가 아닌 하나의 선택 사항입니다. 연애, 결혼, 출산을 포기한다는 의미의 '3포세대'라는 말이 나오기 무섭게 5포 세대, N포세대까지 등장할 정도로 취업난, 치솟는 부동산 가격 등 여러 사회·경제적 요인들로 청년층을 위축시켰습니다.\n\n 모두가 이러한 이유로 '결혼을 포기'하는 것만은 아닙니다. 개인의 행복을 위해 '비혼을 선택'하는 청년들도 늘고 있습니다. 이처럼 최근 전통적인 가치관에서 벗어나 연애와 동거는 하면서 결혼이라는 제도에 묶여 관계에서 파생되는 책임을 벗어나 자유로운 삶을 추구하는 비혼주의자가 늘고 있습니다.\n\n 다만, 개인의 자유로운 선택에 따라 비혼주의를 하지만 주변에서는 아직 고운 시선으로 바라보지 않는 사람도 많습니다. 결혼이라는 제도에 대해서 선택이 아닌 필수라고 생각하는 사람들도 많지요. 개개인이 모여 사회가 형성되기 때문에 사회의 가장 작은 단위인 가족을 이루는 것도 사회 구성원으로서의 큰 역할이라고 생각하는 사람들도 있습니다.\n\n 여러분은 결혼을 꼭 해야 한다고 생각하시나요? 아니면 결혼은 선택의 문제라고 생각하시나요? 비혼주의에 대해 찬성하는 입장 반대를 선택하여 자신의 의견을 작성해주세요. 그리고 그렇게 생각한 이유에 대해서 작성해주세요.",
    "essay_type": "찬성반대",
    "essay_level": "2",
    "essay_len": 1064,
    "essay_main_subject": "비혼주의자에 대한 본인의 의견"
  }
}