{
  "paragraph": [
    {
      "paragraph_txt": "나는 비혼주의를 찬성한다.#@문장구분#\n \n결혼은 개인의 선택이며 우리나라는 선택의 자유가 주어져있는 민주주의 국가 이다.#@문장구분#\n \n결혼과 연애는 다르다. 라는 말이 있다.#@문장구분# 우리는 아직 고등학생 이지만 벌써 주위에 제 친구들 중에 비혼주의를 선언한 친구들이 꾀나 많이 있습니다. #@문장구분#그만큼 우리 사회는 변화 하고있고 세상은 비혼주의를 바라보는 시선이 많이 관대해지고 있는 것은 사실이지만 아직 까지 어른들은 그것에 대해 받아 들이지 못하시는 분들도 많이 있습니다.#@문장구분#\n \n우리나라 과거에는 나이가 차면 무조건 결혼을 해야 한다며 어린 나이에도 시집을 가고 아이를 낳는 일이 빈번 하였습니다.#@문장구분# 여자들은 자기의 삶을 포기하고 일을 할 수 없었으며 아이를 키우는 일에만 전념했습니다.#@문장구분# 그러다 보니 여성들은 경력이 단절되어 다시 회사를 나가기도 힘든 실태였습니다.#@문장구분#\n \n하지만 지금은 시대가 변하여 여자들도 사회에서 많은 커리어를 쌓으며 결혼도 늦게 하는 추세다.#@문장구분# 사람들은 주변의 관계에 얽메이지 않고 자유롭고 독립적인 삶을 추구하기 시작하고 있다.#@문장구분#\n \n예전에는 비혼주의라는 단어 자체를 들으면 부정적으로 바라보았었는데 이제는 비혼주의가 한 사람의 인권처럼 느껴져서 존중을 해줘야 한다고 생각하고 혹은 내가 나중에 비혼주의자가 될 수도 있다는 생각에 비혼주의에 대한 나의 인식변화가 크게 생기고 있는것 같다..#@문장구분#\n \n자신의 손익과 판단이 이루어져서 비혼주의가 된다면 이는 당연한 것이고 나쁠것이 없다고 생각한다.#@문장구분#\n \n그만큼 시대는 변하였고 정부도 많이 바뀌어야 한다고 생각한다.#@문장구분# 비혼주의의 단점을 보완한 시행 및 정책이 이루어지면 좋을 것 같다.#@문장구분# 비혼주의도 하나의 선택이기 때문에 존중 해주어야 한다고 생각한다.#@문장구분#",
      "paragraph_len": 1126,
      "paragraph_id": "001"
    }
  ],
  "score": {
    "paragraph_score": [
      {
        "paragraph_scoreT": [
          3,
          2.8,
          2.2
        ],
        "paragraph_scoreT_detail": {
          "paragraph_scoreT_exp": [
            [
              3,
              3,
              3
            ],
            [
              2,
              3,
              3
            ],
            [
              3,
              2,
              2
            ]
          ]
        },
        "paragraph_scoreT_avg": 2.6666667,
        "paragraph_id": "001"
      }
    ],
    "essay_scoreT": [
      30,
      26.099998,
      23.900002
    ],
    "essay_scoreT_avg": 26.666666,
    "essay_scoreT_detail": {
      "essay_scoreT_org": [
        [
          3,
          0,
          3,
          3
        ],
        [
          2,
          0,
          3,
          2
        ],
        [
          3,
          0,
          2,
          3
        ]
      ],
      "essay_scoreT_cont": [
        [
          3,
          3,
          3,
          3
        ],
        [
          3,
          2,
          3,
          3
        ],
        [
          2,
          2,
          2,
          3
        ]
      ],
      "essay_scoreT_exp": [
        [
          3,
          3,
          3
        ],
        [
          2,
          3,
          3
        ],
        [
          3,
          2,
          2
        ]
      ]
    }
  },
  "student": {
    "date": "2021.12.13",
    "student_educated": true,
    "student_grade": "고등_1학년",
    "location": "063",
    "student_grade_group": "고등",
    "student_reading": 2
  },
  "rubric": {
    "essay_grade": "고등_1학년",
    "organization_weight": {
      "org_paragraph": 0,
      "org": 3,
      "org_essay": 6,
      "org_coherence": 3,
      "org_quantity": 1
    },
    "essay_type": "찬성반대",
    "content_weight": {
      "con_clearance": 3,
      "con_novelty": 3,
      "con": 4,
      "con_prompt": 1,
      "con_description": 3
    },
    "essay_main_subject": "비혼주의자에 대한 본인의 의견",
    "expression_weight": {
      "exp_style": 4,
      "exp_grammar": 2,
      "exp_vocab": 4,
      "exp": 3
    }
  },
  "correction": [],
  "info": {
    "essay_id": "ESSAY_62880",
    "essay_prompt": " \"\"연애는 필수, 결혼은 선택! 가슴이 뛰는 대로 가면 돼\"\".\n\n 유명한 유행가의 노래 가사처럼, 청년들에게 결혼은 이제 필수가 아닌 하나의 선택 사항입니다. 연애, 결혼, 출산을 포기한다는 의미의 '3포세대'라는 말이 나오기 무섭게 5포 세대, N포세대까지 등장할 정도로 취업난, 치솟는 부동산 가격 등 여러 사회·경제적 요인들로 청년층을 위축시켰습니다.\n\n 모두가 이러한 이유로 '결혼을 포기'하는 것만은 아닙니다. 개인의 행복을 위해 '비혼을 선택'하는 청년들도 늘고 있습니다. 이처럼 최근 전통적인 가치관에서 벗어나 연애와 동거는 하면서 결혼이라는 제도에 묶여 관계에서 파생되는 책임을 벗어나 자유로운 삶을 추구하는 비혼주의자가 늘고 있습니다.\n\n 다만, 개인의 자유로운 선택에 따라 비혼주의를 하지만 주변에서는 아직 고운 시선으로 바라보지 않는 사람도 많습니다. 결혼이라는 제도에 대해서 선택이 아닌 필수라고 생각하는 사람들도 많지요. 개개인이 모여 사회가 형성되기 때문에 사회의 가장 작은 단위인 가족을 이루는 것도 사회 구성원으로서의 큰 역할이라고 생각하는 사람들도 있습니다.\n\n 여러분은 결혼을 꼭 해야 한다고 생각하시나요? 아니면 결혼은 선택의 문제라고 생각하시나요? 비혼주의에 대해 찬성하는 입장 반대를 선택하여 자신의 의견을 작성해주세요. 그리고 그렇게 생각한 이유에 대해서 작성해주세요.",
    "essay_type": "찬성반대",
    "essay_level": "2",
    "essay_len": 826,
    "essay_main_subject": "비혼주의자에 대한 본인의 의견"
  }
}