{
  "paragraph": [
    {
      "paragraph_txt": "나는 비혼주의에 대해 찬성이다.#@문장구분# 첫번째, 이유로는 무엇을 하던 선택은 자신이 하는 것이라고 생각하기 때문이다.#@문장구분# 조금 이기적일 수 있지만 자신이 정말 하나도 사랑하지 않는데 누군가와 사회가 강요해서 결혼을 해버리면 그 삶은 불행할 것 같기 때문에 비혼주의에 대해 딱히 반대하지 않는다.#@문장구분# 두번째 이유로는 자기 인생이기 때문에 굳이 결혼할 필요가 없다면 안해도 된다고 생각하기 때문이다.#@문장구분# 아무리 요즘시대가 저출산, 고령화 사회이지만 그것이 한 개인 때문에 일어난 것이 아니라고 생각하기 때문에 그 점에 대해서는 결혼은 강요할 만큼의 책임은 없다고 생각한다.#@문장구분# 마지막으로 세번째 이유로는 한번뿐인 인생이니 하고싶은 것을 해야 한다고 생각하기 때문이다.#@문장구분# 결혼을 하면 아이를 낳고 아이를 키우고 등등 많은 과정에서 돈과 시간이 많이든다.#@문장구분# 우리 부모님들만 봐도 그렇듯이 상당히 자신들의 취미와 자유를 누리지 못하시는 것 같다.#@문장구분# 따라서 나는 비혼주의에 대해 딱히 반대하는 입장이라고는 생각하지 않는다.#@문장구분# 보통 결혼을 하게 된다면 같이 살 집을 구해야하고 육아를 하기 위한 돈과 시간을 뺏기는 경우가 많다.#@문장구분# 아이를 한 명 낳아 대학까지 드는 비용을 조사해본 결과 약 3억이 넘는 돈이 든다고 한다이라고 한다.#@문장구분# 즉 결혼을 하지 않는다면 나를 위한투자가 늘어난다는 것이다.#@문장구분# 절약 할 수 있다는 소리이다.#@문장구분# 듣기만 해도 어마어마한 금액이다.#@문장구분# 이것으로 우리는 집도 살 수 있고, 차를 사고도 훨씬 많은 금액이 남는다.#@문장구분# 여행도 많이 다니면서 견문도 넓히고 세계 각국을 다니며 문화도 배우고 싶고 너무너무 멋진 삶일꺼 같다.#@문장구분# 인생은 짧고 할 일은 많다.#@문장구분# 비혼주의에 찬성한다.#@문장구분#",
      "paragraph_len": 1167,
      "paragraph_id": "001"
    }
  ],
  "score": {
    "paragraph_score": [
      {
        "paragraph_scoreT": [
          3,
          3,
          3
        ],
        "paragraph_scoreT_detail": {
          "paragraph_scoreT_exp": [
            [
              3,
              3,
              3
            ],
            [
              3,
              3,
              3
            ],
            [
              3,
              3,
              3
            ]
          ]
        },
        "paragraph_scoreT_avg": 3,
        "paragraph_id": "001"
      }
    ],
    "essay_scoreT": [
      28.8,
      28.8,
      30
    ],
    "essay_scoreT_avg": 29.199999,
    "essay_scoreT_detail": {
      "essay_scoreT_org": [
        [
          3,
          0,
          3,
          3
        ],
        [
          3,
          0,
          3,
          3
        ],
        [
          3,
          0,
          3,
          3
        ]
      ],
      "essay_scoreT_cont": [
        [
          3,
          2,
          3,
          3
        ],
        [
          3,
          2,
          3,
          3
        ],
        [
          3,
          3,
          3,
          3
        ]
      ],
      "essay_scoreT_exp": [
        [
          3,
          3,
          3
        ],
        [
          3,
          3,
          3
        ],
        [
          3,
          3,
          3
        ]
      ]
    }
  },
  "student": {
    "date": "2021.12.07",
    "student_educated": true,
    "student_grade": "고등_1학년",
    "location": "063",
    "student_grade_group": "고등",
    "student_reading": 2
  },
  "rubric": {
    "essay_grade": "고등_1학년",
    "organization_weight": {
      "org_paragraph": 0,
      "org": 3,
      "org_essay": 6,
      "org_coherence": 3,
      "org_quantity": 1
    },
    "essay_type": "찬성반대",
    "content_weight": {
      "con_clearance": 3,
      "con_novelty": 3,
      "con": 4,
      "con_prompt": 1,
      "con_description": 3
    },
    "essay_main_subject": "비혼주의자에 대한 본인의 의견",
    "expression_weight": {
      "exp_style": 4,
      "exp_grammar": 2,
      "exp_vocab": 4,
      "exp": 3
    }
  },
  "correction": [],
  "info": {
    "essay_id": "ESSAY_56351",
    "essay_prompt": " \"\"연애는 필수, 결혼은 선택! 가슴이 뛰는 대로 가면 돼\"\".\n\n 유명한 유행가의 노래 가사처럼, 청년들에게 결혼은 이제 필수가 아닌 하나의 선택 사항입니다. 연애, 결혼, 출산을 포기한다는 의미의 '3포세대'라는 말이 나오기 무섭게 5포 세대, N포세대까지 등장할 정도로 취업난, 치솟는 부동산 가격 등 여러 사회·경제적 요인들로 청년층을 위축시켰습니다.\n\n 모두가 이러한 이유로 '결혼을 포기'하는 것만은 아닙니다. 개인의 행복을 위해 '비혼을 선택'하는 청년들도 늘고 있습니다. 이처럼 최근 전통적인 가치관에서 벗어나 연애와 동거는 하면서 결혼이라는 제도에 묶여 관계에서 파생되는 책임을 벗어나 자유로운 삶을 추구하는 비혼주의자가 늘고 있습니다.\n\n 다만, 개인의 자유로운 선택에 따라 비혼주의를 하지만 주변에서는 아직 고운 시선으로 바라보지 않는 사람도 많습니다. 결혼이라는 제도에 대해서 선택이 아닌 필수라고 생각하는 사람들도 많지요. 개개인이 모여 사회가 형성되기 때문에 사회의 가장 작은 단위인 가족을 이루는 것도 사회 구성원으로서의 큰 역할이라고 생각하는 사람들도 있습니다.\n\n 여러분은 결혼을 꼭 해야 한다고 생각하시나요? 아니면 결혼은 선택의 문제라고 생각하시나요? 비혼주의에 대해 찬성하는 입장 반대를 선택하여 자신의 의견을 작성해주세요. 그리고 그렇게 생각한 이유에 대해서 작성해주세요.",
    "essay_type": "찬성반대",
    "essay_level": "2",
    "essay_len": 808,
    "essay_main_subject": "비혼주의자에 대한 본인의 의견"
  }
}