{
  "paragraph": [
    {
      "paragraph_txt": "비혼주의에 나는 찬성이다.#@문장구분# 요즘 현대인 들은 협동성이 많이 부족하다.#@문장구분# 그말은 사람들은 집단주의에서 개인주의로 점차 바뀌고 있다는 것이다.#@문장구분# 그리고 가치관의 변화 이런것도 있을 것이다.#@문장구분# 이런 현대인의 변화 뿐만 아니라 요즘 사회도 많이 변화하고 있다.#@문장구분# 점점 물가가 비싸지기도 하고, 집값도 비싸진다.#@문장구분# 그리고 현대인의 인식 변화에도 과거의 단체의 역할을 중시 하였으나 점차 사회는 개인의 실적을 우선으로 두게 되었다.#@문장구분# 이는 굳이 사람이 누군가와 함께 살며 가정을 꾸리고 너무 정형화된 삶을 살 필요가 있는 것일까?#@문장구분# 라는 생각을 들게 만들었다.#@문장구분# 그래서 사람들 사이에서 혼자사는 비혼주의자라는 개념이 퍼지게 된 것이다.#@문장구분# 이런 현상이 오로지 개인의 가치관 문제라고 생각하면 안된다는 것이다.#@문장구분# 하지만 옛것을 중시하고 명분을 중시하는 유교국가인 대한민국에서 이것은 받아 들이기 힘들었을 것이다.#@문장구분# 특히 연세가 있으신 노인분들은 더욱더 말이다.#@문장구분# 하지만 위에서 언급했듯이 점차 변화하는 사회에 우리는 적응해야하고 변화해야하는 것은 당연한 것이다.#@문장구분# 현대인들의 성향과 가치관 인식변화 까지 맞물렸다면 말이다.#@문장구분# 비혼주의자가 늘어나는것은 어찌보면 당연한 결과이다.#@문장구분# 사람은 자유가 있으며 변화하는 사회 양상에 맞춰 살아갈 권리도 있다.#@문장구분# 전통적인 가치관인 결혼 방식에서 벗어나 비혼주의자가 된다 한들 우리는 그것을 막을 권리도 없는 것이다.#@문장구분# 마지막으로 나의 생각을 정리하자면 비혼주의자는 결코 잘못된것이 아니며 현대 사회의 인식, 현대인의 가치관 변화, 인식 변화, 성향 변화에 맞춰 우리는 그에 따라 적응하고 변화하는것은 당연한 것이다.#@문장구분# 그래서 우리는 이런 비혼주의자를 비판하고 개인적으로 배척할 것이 아니라 그들을 인정해주고 옹호해줘야한다고 생각한다.#@문장구분# 물론 결혼에 대한 로망을 가지고 있을수도 있겠지만 나는 이렇게 생각한다.#@문장구분#그리고 사람들이 결혼에 대한 인식을 바꿨으면 좋겠다.#@문장구분#",
      "paragraph_len": 1363,
      "paragraph_id": "001"
    }
  ],
  "score": {
    "paragraph_score": [
      {
        "paragraph_scoreT": [
          3,
          2.8,
          3
        ],
        "paragraph_scoreT_detail": {
          "paragraph_scoreT_exp": [
            [
              3,
              3,
              3
            ],
            [
              2,
              3,
              3
            ],
            [
              3,
              3,
              3
            ]
          ]
        },
        "paragraph_scoreT_avg": 2.9333334,
        "paragraph_id": "001"
      }
    ],
    "essay_scoreT": [
      30,
      28.2,
      30
    ],
    "essay_scoreT_avg": 29.4,
    "essay_scoreT_detail": {
      "essay_scoreT_org": [
        [
          3,
          0,
          3,
          3
        ],
        [
          3,
          0,
          3,
          3
        ],
        [
          3,
          0,
          3,
          3
        ]
      ],
      "essay_scoreT_cont": [
        [
          3,
          3,
          3,
          3
        ],
        [
          3,
          2,
          3,
          3
        ],
        [
          3,
          3,
          3,
          3
        ]
      ],
      "essay_scoreT_exp": [
        [
          3,
          3,
          3
        ],
        [
          2,
          3,
          3
        ],
        [
          3,
          3,
          3
        ]
      ]
    }
  },
  "student": {
    "date": "2021.12.17",
    "student_educated": true,
    "student_grade": "고등_1학년",
    "location": "044",
    "student_grade_group": "고등",
    "student_reading": 2
  },
  "rubric": {
    "essay_grade": "고등_1학년",
    "organization_weight": {
      "org_paragraph": 0,
      "org": 3,
      "org_essay": 6,
      "org_coherence": 3,
      "org_quantity": 1
    },
    "essay_type": "찬성반대",
    "content_weight": {
      "con_clearance": 3,
      "con_novelty": 3,
      "con": 4,
      "con_prompt": 1,
      "con_description": 3
    },
    "essay_main_subject": "비혼주의자에 대한 본인의 의견",
    "expression_weight": {
      "exp_style": 4,
      "exp_grammar": 2,
      "exp_vocab": 4,
      "exp": 3
    }
  },
  "correction": [],
  "info": {
    "essay_id": "ESSAY_65902",
    "essay_prompt": " \"\"연애는 필수, 결혼은 선택! 가슴이 뛰는 대로 가면 돼\"\".\n\n 유명한 유행가의 노래 가사처럼, 청년들에게 결혼은 이제 필수가 아닌 하나의 선택 사항입니다. 연애, 결혼, 출산을 포기한다는 의미의 '3포세대'라는 말이 나오기 무섭게 5포 세대, N포세대까지 등장할 정도로 취업난, 치솟는 부동산 가격 등 여러 사회·경제적 요인들로 청년층을 위축시켰습니다.\n\n 모두가 이러한 이유로 '결혼을 포기'하는 것만은 아닙니다. 개인의 행복을 위해 '비혼을 선택'하는 청년들도 늘고 있습니다. 이처럼 최근 전통적인 가치관에서 벗어나 연애와 동거는 하면서 결혼이라는 제도에 묶여 관계에서 파생되는 책임을 벗어나 자유로운 삶을 추구하는 비혼주의자가 늘고 있습니다.\n\n 다만, 개인의 자유로운 선택에 따라 비혼주의를 하지만 주변에서는 아직 고운 시선으로 바라보지 않는 사람도 많습니다. 결혼이라는 제도에 대해서 선택이 아닌 필수라고 생각하는 사람들도 많지요. 개개인이 모여 사회가 형성되기 때문에 사회의 가장 작은 단위인 가족을 이루는 것도 사회 구성원으로서의 큰 역할이라고 생각하는 사람들도 있습니다.\n\n 여러분은 결혼을 꼭 해야 한다고 생각하시나요? 아니면 결혼은 선택의 문제라고 생각하시나요? 비혼주의에 대해 찬성하는 입장 반대를 선택하여 자신의 의견을 작성해주세요. 그리고 그렇게 생각한 이유에 대해서 작성해주세요.",
    "essay_type": "찬성반대",
    "essay_level": "2",
    "essay_len": 924,
    "essay_main_subject": "비혼주의자에 대한 본인의 의견"
  }
}