{
  "paragraph": [
    {
      "paragraph_txt": "결혼을 하지 않는다고 누군가에게 피해가 가는 상황도 발생하지 않기에 근본적으로 선택의 문제인 것을 놓고 찬성 하냐 반대 하냐라는 주제자체도 적절치 않다.#@문장구분# 이것은 개인 단위에서 이루어지는 온전한 선택의 문제인 것이다.#@문장구분# 혹자는 이렇게 말할 수도 있다.#@문장구분# 출산율이 떨어지면 국민연금같은 노동가능 인구로서 유지되는 시스템이 무너질 수 있기 때문에 결혼을 해야한다는 건데 이는 남들의 희생을 수단으로 자신의 배를 불려달라는 것과 나도 했으니 너희들도 해라라고 하는 굉장히 불합리한 사고방식 이라고 말할 수 있다.#@문장구분# 결혼을 장려할 수는 있겠지만 하지 않는다고 한다고 해서 나는 반대한다 할 수 없다는 것이다.#@문장구분# 개인적인 영역에서는 내 자신도 누굴 위해서 내 인생을 쏟아 부어 버리는 그런 삶을 살고 싶지 않다.#@문장구분# 결혼이라는 제도 안에 들어온 이상 앞서 말한 일반적인 연인 사이와는 구분 되기에 상대방과의 사랑의 감정이 식더라도 서류적인 관계 등록을 이유로 내 마음에 따라 관계를 청산하기가 어렵다는 문제점도 있다.#@문장구분# 그리고 이혼은 그 자녀에게 크나 큰 상처와 공허함을 주기도 하는데 이를 원하지 않아 사랑이 아닌 다른 이유로 부부사이를 유지하는 경우가 있다.#@문장구분# 정말 아무 의미 없는 행위라고 생각되며 결혼의 즐거움이 크다고는 하지만 이럴게 잃을게 많은 위험한 투자는 하고 싶지 않고 사랑의 감정을 느끼고 싶다면 언제든 관계를 청산 할 수 있는 연애나 동거정도만 하는 것이 편하다는 것이다.#@문장구분# 그리고 자녀를 양육한다고 하면 기본적으로 행복하게 해줄 자신이 있는 사람만이 아이를 키울 수 있다고 생각하는데 아이에게 아무런 삶의 선택권을 주지도 않고 불행한 평균적인 80년의 인생을 더 넘기는 것은 정말 해서는 안되는 행동이라고 생각한다.#@문장구분# 이것은 타인인 자녀에게 불확실함의 부담을 강제로 떠넘기는 것이기에 타인에게 피해를 주는 상황이고 정말 아무것도 모르는 사람들에게 폭탄을 던지는 폭탄테러처럼 인생을 강제로 부담시키는 일종의 인생테러라고 볼 수도 있을 것 같다.#@문장구분# 내 유전자를 남기겠다는 욕망 때문에 그런 것까지 감수 하겠다는 것은 당사자의 의견이 하나도 반영되지 않은 일방적이고 부당한 행위라고 볼 수 있다.#@문장구분#",
      "paragraph_len": 1293,
      "paragraph_id": "001"
    }
  ],
  "score": {
    "paragraph_score": [
      {
        "paragraph_scoreT": [
          3,
          2,
          2
        ],
        "paragraph_scoreT_detail": {
          "paragraph_scoreT_exp": [
            [
              3,
              3,
              3
            ],
            [
              2,
              2,
              2
            ],
            [
              2,
              2,
              2
            ]
          ]
        },
        "paragraph_scoreT_avg": 2.3333333,
        "paragraph_id": "001"
      }
    ],
    "essay_scoreT": [
      30,
      25.8,
      24
    ],
    "essay_scoreT_avg": 26.6,
    "essay_scoreT_detail": {
      "essay_scoreT_org": [
        [
          3,
          0,
          3,
          3
        ],
        [
          3,
          0,
          3,
          3
        ],
        [
          2,
          0,
          3,
          3
        ]
      ],
      "essay_scoreT_cont": [
        [
          3,
          3,
          3,
          3
        ],
        [
          2,
          3,
          3,
          3
        ],
        [
          2,
          3,
          3,
          3
        ]
      ],
      "essay_scoreT_exp": [
        [
          3,
          3,
          3
        ],
        [
          2,
          2,
          2
        ],
        [
          2,
          2,
          2
        ]
      ]
    }
  },
  "student": {
    "date": "2021.12.17",
    "student_educated": true,
    "student_grade": "고등_1학년",
    "location": "044",
    "student_grade_group": "고등",
    "student_reading": 2
  },
  "rubric": {
    "essay_grade": "고등_1학년",
    "organization_weight": {
      "org_paragraph": 0,
      "org": 3,
      "org_essay": 6,
      "org_coherence": 3,
      "org_quantity": 1
    },
    "essay_type": "찬성반대",
    "content_weight": {
      "con_clearance": 3,
      "con_novelty": 3,
      "con": 4,
      "con_prompt": 1,
      "con_description": 3
    },
    "essay_main_subject": "비혼주의자에 대한 본인의 의견",
    "expression_weight": {
      "exp_style": 4,
      "exp_grammar": 2,
      "exp_vocab": 4,
      "exp": 3
    }
  },
  "correction": [],
  "info": {
    "essay_id": "ESSAY_66177",
    "essay_prompt": " \"\"연애는 필수, 결혼은 선택! 가슴이 뛰는 대로 가면 돼\"\".\n\n 유명한 유행가의 노래 가사처럼, 청년들에게 결혼은 이제 필수가 아닌 하나의 선택 사항입니다. 연애, 결혼, 출산을 포기한다는 의미의 '3포세대'라는 말이 나오기 무섭게 5포 세대, N포세대까지 등장할 정도로 취업난, 치솟는 부동산 가격 등 여러 사회·경제적 요인들로 청년층을 위축시켰습니다.\n\n 모두가 이러한 이유로 '결혼을 포기'하는 것만은 아닙니다. 개인의 행복을 위해 '비혼을 선택'하는 청년들도 늘고 있습니다. 이처럼 최근 전통적인 가치관에서 벗어나 연애와 동거는 하면서 결혼이라는 제도에 묶여 관계에서 파생되는 책임을 벗어나 자유로운 삶을 추구하는 비혼주의자가 늘고 있습니다.\n\n 다만, 개인의 자유로운 선택에 따라 비혼주의를 하지만 주변에서는 아직 고운 시선으로 바라보지 않는 사람도 많습니다. 결혼이라는 제도에 대해서 선택이 아닌 필수라고 생각하는 사람들도 많지요. 개개인이 모여 사회가 형성되기 때문에 사회의 가장 작은 단위인 가족을 이루는 것도 사회 구성원으로서의 큰 역할이라고 생각하는 사람들도 있습니다.\n\n 여러분은 결혼을 꼭 해야 한다고 생각하시나요? 아니면 결혼은 선택의 문제라고 생각하시나요? 비혼주의에 대해 찬성하는 입장 반대를 선택하여 자신의 의견을 작성해주세요. 그리고 그렇게 생각한 이유에 대해서 작성해주세요.",
    "essay_type": "찬성반대",
    "essay_level": "2",
    "essay_len": 1053,
    "essay_main_subject": "비혼주의자에 대한 본인의 의견"
  }
}