{
  "paragraph": [
    {
      "paragraph_txt": "결혼은 두 사람이 부부과 되는 계약과 같은 것입니다.#@문장구분# 이 결혼은 인간 사회에서의 최소 단위인 '가정'을 이루는 방법이기 때문에 그 중요성이 큽니다.#@문장구분# 결혼 제도는 인간이 사회라는 것을 구성하면서 생긴 제도다.#@문장구분# 또한 결혼은 '인간은 혼자서는 살아갈 수 없다'는 사회적 자각에서 발생한 것입니다.#@문장구분# 그러나 이제는 가정이 아니고서도 사회에 구성원으로써 소속감을 느끼고 소통과 상호작용을 할 수 있는 수단이 많아졌고 또한 결혼이라는 문화가 만들어진 가장 큰 이유중 하나인 자식의 아버지를 구별할 수 있어야 가정이라는 기본적인 사회를 이룰 수 있다는 필요성또한 아버지를 구별할 DNA검사나 혈액형 검사등의 방법이 생기고 아이들을 책임지기 힘든 상황에서의 대처법들(아이입장에서는 반기지 못할 수 있는 보육원이나 낙태등에 방법들)이 생기면서 의미가 흐릿해졌습니다.#@문장구분# 그러나 저는 결혼이라는 제도는 인간 사회에 아직 필요하다고 생각합니다.#@문장구분# 결혼은 현재 일부에 사람들을 제외하고 거의 유일하게 주거를 기반으로 의식주 생활을 공유하는 생활 공동체를 만들 수 있는 수단입니다.#@문장구분# 위에 서술한 것과 같이 가정이 아니고서도 다양한 방법으로 사회에 속할 수 있게 되었지만 아직 하나에 공간을 공유하며 정서적인 안정을 받을 수 있는 사회체계는 가정이 거의 유일합니다.#@문장구분# 사회에 기초인 가정을 이루는데에는 입양이나 공동주택등을 통해 가정을 만들 수 있지만 가장 건강하게 가정을 이루며 가정으로서의 역할을 이루기 위해 결혼만한 방법은 없습니다.#@문장구분# 그리고 결혼은 출산과 육아에 있어 중요한 역할을 하고 낙태를 방지할 수 있는 방법입니다.#@문장구분# 또한 복지 해택이나 사회적 인식도 현재 기혼자가 유리합니다.#@문장구분# 삶의 안정성에서 우위를 점할 수도 있고 주위에 결혼 압박에서도 자유로워 집니다.#@문장구분# 그러나 비혼주의에 대하여 반대하는 것은 여러 다른 문제를 낳는데 비혼주의는 청년실업, 경제불황과 사랑보다 조건을 따지는 현실.#@문장구분# 그리고 쉬워진 이혼과 현정부 시점 미친듯한 부동산 가격 상승등으로 인해 책임지기 힘들어지는 문제 그리고 성 역할 강요문제등 현재 사회가 만든 수많은 문제들로 인해 생긴 개념입니다.#@문장구분# 이런 현실에도 결혼을 강요하고 필수적인 요소라는 사회 인식을 가지는 것은 이기적인 일이라고 생각합니다.#@문장구분# 결혼은 필요한 일이지만 이를 강요하거나 비혼주의자들을 비판하는 것 보다는 결혼함에 앞서 우리가 느끼는 여러 걱정들을 해결해 줄 수 있도록 사회가 바뀌어야 한다고 생각합니다.#@문장구분# 능력껏 취업을 할 수 있고 집을 구할 수 있으며 자녀가 주는 재정적 부담이 적은 사회라면 결혼을 선택하기 더 쉬워질 것이고 비혼주의라는 극단적인 선택은 자연스럽게 하지 않게 될 것입니다.#@문장구분# 이런 사회에 모습은 특히 우리나라에서 심한데 현재 대한민국의 출산률은 최악을 달리고 있습니다.#@문장구분# 이를 해결하기 위해선 앞서 말한 것들까지 복지문제, 경제적 문제, 남성이 강요받는 경제적 부담, 여성이 강요받는 육아부담과 커리어에 되한 고민등에 근본적인 문제를 해결해야 결혼이 환영받으며 더욱 건강한 사회가 만들어 질 것입니다.#@문장구분#\n 결혼은 인간 사회에 꼭 필수적입니다.#@문장구분# 그러나 결혼은 선택에 문제입니다.#@문장구분# 결혼하기 싫어하는 비혼주의자들의 문제가 아닌 비혼주의자라는 이질적인 부류가 나올 수 밖에 없는 우리 사회가 문제라고 생각합니다.#@문장구분# 우리 사회는 결혼이 환영받고 책임질 수 있는 누구나 결혼으로 가정을 꾸릴 수 있는 사회가 되어야 한다고 생각합니다.#@문장구분#",
      "paragraph_len": 2111,
      "paragraph_id": "001"
    }
  ],
  "score": {
    "paragraph_score": [
      {
        "paragraph_scoreT": [
          3,
          3,
          3
        ],
        "paragraph_scoreT_detail": {
          "paragraph_scoreT_exp": [
            [
              3,
              3,
              3
            ],
            [
              3,
              3,
              3
            ],
            [
              3,
              3,
              3
            ]
          ]
        },
        "paragraph_scoreT_avg": 3,
        "paragraph_id": "001"
      }
    ],
    "essay_scoreT": [
      28.8,
      30,
      30
    ],
    "essay_scoreT_avg": 29.6,
    "essay_scoreT_detail": {
      "essay_scoreT_org": [
        [
          3,
          0,
          3,
          3
        ],
        [
          3,
          0,
          3,
          3
        ],
        [
          3,
          0,
          3,
          3
        ]
      ],
      "essay_scoreT_cont": [
        [
          3,
          2,
          3,
          3
        ],
        [
          3,
          3,
          3,
          3
        ],
        [
          3,
          3,
          3,
          3
        ]
      ],
      "essay_scoreT_exp": [
        [
          3,
          3,
          3
        ],
        [
          3,
          3,
          3
        ],
        [
          3,
          3,
          3
        ]
      ]
    }
  },
  "student": {
    "date": "2021.11.23",
    "student_educated": true,
    "student_grade": "고등_1학년",
    "location": "031",
    "student_grade_group": "고등",
    "student_reading": 2
  },
  "rubric": {
    "essay_grade": "고등_1학년",
    "organization_weight": {
      "org_paragraph": 0,
      "org": 3,
      "org_essay": 6,
      "org_coherence": 3,
      "org_quantity": 1
    },
    "essay_type": "찬성반대",
    "content_weight": {
      "con_clearance": 3,
      "con_novelty": 3,
      "con": 4,
      "con_prompt": 1,
      "con_description": 3
    },
    "essay_main_subject": "비혼주의자에 대한 본인의 의견",
    "expression_weight": {
      "exp_style": 4,
      "exp_grammar": 2,
      "exp_vocab": 4,
      "exp": 3
    }
  },
  "correction": [],
  "info": {
    "essay_id": "ESSAY_51845",
    "essay_prompt": " \"\"연애는 필수, 결혼은 선택! 가슴이 뛰는 대로 가면 돼\"\".\n\n 유명한 유행가의 노래 가사처럼, 청년들에게 결혼은 이제 필수가 아닌 하나의 선택 사항입니다. 연애, 결혼, 출산을 포기한다는 의미의 '3포세대'라는 말이 나오기 무섭게 5포 세대, N포세대까지 등장할 정도로 취업난, 치솟는 부동산 가격 등 여러 사회·경제적 요인들로 청년층을 위축시켰습니다.\n\n 모두가 이러한 이유로 '결혼을 포기'하는 것만은 아닙니다. 개인의 행복을 위해 '비혼을 선택'하는 청년들도 늘고 있습니다. 이처럼 최근 전통적인 가치관에서 벗어나 연애와 동거는 하면서 결혼이라는 제도에 묶여 관계에서 파생되는 책임을 벗어나 자유로운 삶을 추구하는 비혼주의자가 늘고 있습니다.\n\n 다만, 개인의 자유로운 선택에 따라 비혼주의를 하지만 주변에서는 아직 고운 시선으로 바라보지 않는 사람도 많습니다. 결혼이라는 제도에 대해서 선택이 아닌 필수라고 생각하는 사람들도 많지요. 개개인이 모여 사회가 형성되기 때문에 사회의 가장 작은 단위인 가족을 이루는 것도 사회 구성원으로서의 큰 역할이라고 생각하는 사람들도 있습니다.\n\n 여러분은 결혼을 꼭 해야 한다고 생각하시나요? 아니면 결혼은 선택의 문제라고 생각하시나요? 비혼주의에 대해 찬성하는 입장 반대를 선택하여 자신의 의견을 작성해주세요. 그리고 그렇게 생각한 이유에 대해서 작성해주세요.",
    "essay_type": "찬성반대",
    "essay_level": "2",
    "essay_len": 1651,
    "essay_main_subject": "비혼주의자에 대한 본인의 의견"
  }
}