{
  "paragraph": [
    {
      "paragraph_txt": "나는 비혼주의에 대하여 반대하는 입장이다.#@문장구분# 오늘날 대한민국의 저출산과 고령화 문제의 주된 원인은 경제적 원인과 지역불균등성장 때문이라고 생각한다.#@문장구분# 우선 대부분의 좋은 직장이 서울수도권으로 몰리는 현상 때문에 어쩔수없이 거주처가 수도권 근처로 몰리게 되고, 그로 인해 수도권에 거주하는 사람들이 늘어나게 되어 땅넓이에 비해 인구밀도가 높아지게 되고, 자연스럽게 집값이 상승하여 내집마련의 꿈은 점점 더 멀어지게 된다.#@문장구분# 이렇게 수도권으로 사람들이 몰리게되면 사람들이 빠져나간 나머지 지역의 경제성장은 수도권에 비해 성장률이 감소할 수밖에 없게되고, 이로인해 지역경제가 불균등해지는 현상이 나타난다.#@문장구분# 이러한 문제 때문에 오늘날 20~30대들이 결혼에 대하여 경제적으로 더 부담을 느낄 수밖에 없게되고, 결혼을 하기보다는 혼자사는 것이 경제적으로 부담되지않아 점점 결혼에 대하여 소극적으로 변해간다.#@문장구분# 물론 결혼은 본인의 선택에 달렸겠지만, 오늘날 대한민국 사회처럼 결혼을 위한 준비가 점점더 어려워지고 비혼주의자가 늘어나게 된다면 언젠가는 우리나라는 인구부족으로 시달릴 것이다.#@문장구분# 따라서 이러한 근본적인 문제를 해결하기위하여 결혼가구에 대한 지원을 더 많이 늘려 결혼에 대한 부담을 줄이고, 수도권에 응집된 직장들을 분산시켜서 지역균등성장을 유도하여 점점 오르는 집값을 떨어트리면서 결혼을 준비하기위한 배경을 잡아주어야 한다고 생각한다.#@문장구분# 이렇게 지역균등성장을 유도해서 결혼가구수를 늘리고, 이를 통해 우리사회가 더욱더 발전할수있다고 생각한다.#@문장구분# 아무리 대한민국이 저출산 문제가 심각하다 해도 정부가 이러한 문제에 제대로 된 해결방안을 내놓지 않으면 비혼주의자는 점점 더 늘어날 것 이다.#@문장구분# 그리고 문재인 정부가 지금의 청년들이 미래에 살기 힘들게 부동산 값을 폭등시켰기에 가정을 꾸리기 위해 큰 돈을 들여 작은 집 한 채 살 필요는 없다 생각한다.#@문장구분# 그래서 비혼주의에 반대한다.#@문장구분#",
      "paragraph_len": 1151,
      "paragraph_id": "001"
    }
  ],
  "score": {
    "paragraph_score": [
      {
        "paragraph_scoreT": [
          3,
          2.4,
          2
        ],
        "paragraph_scoreT_detail": {
          "paragraph_scoreT_exp": [
            [
              3,
              3,
              3
            ],
            [
              2,
              2,
              3
            ],
            [
              2,
              2,
              2
            ]
          ]
        },
        "paragraph_scoreT_avg": 2.4666667,
        "paragraph_id": "001"
      }
    ],
    "essay_scoreT": [
      30,
      22.8,
      20.699999
    ],
    "essay_scoreT_avg": 24.5,
    "essay_scoreT_detail": {
      "essay_scoreT_org": [
        [
          3,
          0,
          3,
          3
        ],
        [
          2,
          0,
          3,
          3
        ],
        [
          2,
          0,
          2,
          3
        ]
      ],
      "essay_scoreT_cont": [
        [
          3,
          3,
          3,
          3
        ],
        [
          2,
          2,
          3,
          2
        ],
        [
          2,
          2,
          3,
          2
        ]
      ],
      "essay_scoreT_exp": [
        [
          3,
          3,
          3
        ],
        [
          2,
          2,
          3
        ],
        [
          2,
          2,
          2
        ]
      ]
    }
  },
  "student": {
    "date": "2021.12.23",
    "student_educated": true,
    "student_grade": "고등_1학년",
    "location": "054",
    "student_grade_group": "고등",
    "student_reading": 2
  },
  "rubric": {
    "essay_grade": "고등_1학년",
    "organization_weight": {
      "org_paragraph": 0,
      "org": 3,
      "org_essay": 6,
      "org_coherence": 3,
      "org_quantity": 1
    },
    "essay_type": "찬성반대",
    "content_weight": {
      "con_clearance": 3,
      "con_novelty": 3,
      "con": 4,
      "con_prompt": 1,
      "con_description": 3
    },
    "essay_main_subject": "비혼주의자에 대한 본인의 의견",
    "expression_weight": {
      "exp_style": 4,
      "exp_grammar": 2,
      "exp_vocab": 4,
      "exp": 3
    }
  },
  "correction": [],
  "info": {
    "essay_id": "ESSAY_76935",
    "essay_prompt": " \"\"연애는 필수, 결혼은 선택! 가슴이 뛰는 대로 가면 돼\"\".\n\n 유명한 유행가의 노래 가사처럼, 청년들에게 결혼은 이제 필수가 아닌 하나의 선택 사항입니다. 연애, 결혼, 출산을 포기한다는 의미의 '3포세대'라는 말이 나오기 무섭게 5포 세대, N포세대까지 등장할 정도로 취업난, 치솟는 부동산 가격 등 여러 사회·경제적 요인들로 청년층을 위축시켰습니다.\n\n 모두가 이러한 이유로 '결혼을 포기'하는 것만은 아닙니다. 개인의 행복을 위해 '비혼을 선택'하는 청년들도 늘고 있습니다. 이처럼 최근 전통적인 가치관에서 벗어나 연애와 동거는 하면서 결혼이라는 제도에 묶여 관계에서 파생되는 책임을 벗어나 자유로운 삶을 추구하는 비혼주의자가 늘고 있습니다.\n\n 다만, 개인의 자유로운 선택에 따라 비혼주의를 하지만 주변에서는 아직 고운 시선으로 바라보지 않는 사람도 많습니다. 결혼이라는 제도에 대해서 선택이 아닌 필수라고 생각하는 사람들도 많지요. 개개인이 모여 사회가 형성되기 때문에 사회의 가장 작은 단위인 가족을 이루는 것도 사회 구성원으로서의 큰 역할이라고 생각하는 사람들도 있습니다.\n\n 여러분은 결혼을 꼭 해야 한다고 생각하시나요? 아니면 결혼은 선택의 문제라고 생각하시나요? 비혼주의에 대해 찬성하는 입장 반대를 선택하여 자신의 의견을 작성해주세요. 그리고 그렇게 생각한 이유에 대해서 작성해주세요.",
    "essay_type": "찬성반대",
    "essay_level": "2",
    "essay_len": 931,
    "essay_main_subject": "비혼주의자에 대한 본인의 의견"
  }
}