{
  "paragraph": [
    {
      "paragraph_txt": "난 우리가 살아가면서 꼭 결혼을 해야하는 것은 아니라고 생각한다.#@문장구분# 예전에는 지금보다 더 결혼이 중시되었었고혼 성인이 되면 결은 꼭 해야하는 것으로 여겨졌다.#@문장구분# 결혼을 하지 않고 살아가는 이들은 부모나 다른 사람들로부터 불효자식이라는 소리를 들으면서 눈칫밥을 먹는것이 당연시 되는 사회였다.#@문장구분#",
      "paragraph_len": 220,
      "paragraph_id": "001"
    },
    {
      "paragraph_txt": "지금도 결혼이 중시되기는 하지만 점점 예전만큼 꼭 필수로 할 필요는 없다는 사회분위기가 되어가고 있고 연애 자체를 하지않으려는 사람들도 있는 반면 연애와 연인과의 동거는 하지만 결혼은 하지않으려하는 비혼주의자가 늘어나고 있는 추세이다.#@문장구분#\n \n예전에는 생각지도 못했던, '비혼주의'라는 개념이 젊은층들 사이에서 꽤나 많은 지지를 받고 있다.#@문장구분#\n \n옛날에는개인보다는 단체를 외쳤다면, 현대사회에서는 단체보다는 개인을 외치고 있는 추세이다.#@문장구분#\n \n현대는 개인의 복지와 권리, 자유와 행복이 그 무엇보다도 중요하다고 생각하고 있다.#@문장구분# 개인이 중시되고 있는 이러한 사회 속에서 이젠 결혼에 대해서는 전통적인 가치관이 아닌 새로운 관점, 즉 결혼은 '필수'가 아닌 '선택; 이라는 관점으로 바라봐야한다.#@문장구분#\n \n나는 결혼에 대한 환상이 없다.#@문장구분# 연애라는 다른 방법이 있는데도 굳이 법으로 묶여 제제를 받는 이유는 무엇일까함께라는 기분을 느끼기 위해서라기에는 여성쪽의 피해가 훨씬 더 분명하다하지만 나는 여전히 비혼주의에 대해 긍적적으로 생각한다.#@문장구분#\n \n그들이 어떤 것에도 얽매이지 않고, 오롯이 자유롭게 살고 싶다는데, 그 누구도 그것에 대해서 비난하거나 무시하는 것은 바람직하지않다.#@문장구분#\n \n결혼에 따르는 책임에서 벗어나서 자유로운 삶을 추구하는 비혼주의를 나쁜 시선으로 바라보지 않아야 한다.#@문장구분#시간이 더 지나거나 사회가 크게 바뀌게 된다면 나도 결혼을 긍정적으로 볼 수 있을 지도 모른다.#@문장구분# 하지만 현대사회 에서 나는 비혼주의자다.#@문장구분#",
      "paragraph_len": 949,
      "paragraph_id": "002"
    }
  ],
  "score": {
    "paragraph_score": [
      {
        "paragraph_scoreT": [
          3,
          2.8,
          2.8
        ],
        "paragraph_scoreT_detail": {
          "paragraph_scoreT_exp": [
            [
              3,
              3,
              3
            ],
            [
              2,
              3,
              3
            ],
            [
              2,
              3,
              3
            ]
          ]
        },
        "paragraph_scoreT_avg": 2.8666668,
        "paragraph_id": "001"
      },
      {
        "paragraph_scoreT": [
          3,
          2.8,
          2.8
        ],
        "paragraph_scoreT_detail": {
          "paragraph_scoreT_exp": [
            [
              3,
              3,
              3
            ],
            [
              2,
              3,
              3
            ],
            [
              2,
              3,
              3
            ]
          ]
        },
        "paragraph_scoreT_avg": 2.8666668,
        "paragraph_id": "002"
      }
    ],
    "essay_scoreT": [
      28.8,
      27.3,
      29.4
    ],
    "essay_scoreT_avg": 28.5,
    "essay_scoreT_detail": {
      "essay_scoreT_org": [
        [
          3,
          0,
          3,
          3
        ],
        [
          3,
          0,
          2,
          3
        ],
        [
          3,
          0,
          3,
          3
        ]
      ],
      "essay_scoreT_cont": [
        [
          2,
          3,
          3,
          3
        ],
        [
          3,
          2,
          3,
          3
        ],
        [
          3,
          3,
          3,
          3
        ]
      ],
      "essay_scoreT_exp": [
        [
          3,
          3,
          3
        ],
        [
          2,
          3,
          3
        ],
        [
          2,
          3,
          3
        ]
      ]
    }
  },
  "student": {
    "date": "2021.12.15",
    "student_educated": true,
    "student_grade": "고등_1학년",
    "location": "063",
    "student_grade_group": "고등",
    "student_reading": 2
  },
  "rubric": {
    "essay_grade": "고등_1학년",
    "organization_weight": {
      "org_paragraph": 0,
      "org": 3,
      "org_essay": 6,
      "org_coherence": 3,
      "org_quantity": 1
    },
    "essay_type": "찬성반대",
    "content_weight": {
      "con_clearance": 3,
      "con_novelty": 3,
      "con": 4,
      "con_prompt": 1,
      "con_description": 3
    },
    "essay_main_subject": "비혼주의자에 대한 본인의 의견",
    "expression_weight": {
      "exp_style": 4,
      "exp_grammar": 2,
      "exp_vocab": 4,
      "exp": 3
    }
  },
  "correction": [],
  "info": {
    "essay_id": "ESSAY_71950",
    "essay_prompt": " \"\"연애는 필수, 결혼은 선택! 가슴이 뛰는 대로 가면 돼\"\".\n\n 유명한 유행가의 노래 가사처럼, 청년들에게 결혼은 이제 필수가 아닌 하나의 선택 사항입니다. 연애, 결혼, 출산을 포기한다는 의미의 '3포세대'라는 말이 나오기 무섭게 5포 세대, N포세대까지 등장할 정도로 취업난, 치솟는 부동산 가격 등 여러 사회·경제적 요인들로 청년층을 위축시켰습니다.\n\n 모두가 이러한 이유로 '결혼을 포기'하는 것만은 아닙니다. 개인의 행복을 위해 '비혼을 선택'하는 청년들도 늘고 있습니다. 이처럼 최근 전통적인 가치관에서 벗어나 연애와 동거는 하면서 결혼이라는 제도에 묶여 관계에서 파생되는 책임을 벗어나 자유로운 삶을 추구하는 비혼주의자가 늘고 있습니다.\n\n 다만, 개인의 자유로운 선택에 따라 비혼주의를 하지만 주변에서는 아직 고운 시선으로 바라보지 않는 사람도 많습니다. 결혼이라는 제도에 대해서 선택이 아닌 필수라고 생각하는 사람들도 많지요. 개개인이 모여 사회가 형성되기 때문에 사회의 가장 작은 단위인 가족을 이루는 것도 사회 구성원으로서의 큰 역할이라고 생각하는 사람들도 있습니다.\n\n 여러분은 결혼을 꼭 해야 한다고 생각하시나요? 아니면 결혼은 선택의 문제라고 생각하시나요? 비혼주의에 대해 찬성하는 입장 반대를 선택하여 자신의 의견을 작성해주세요. 그리고 그렇게 생각한 이유에 대해서 작성해주세요.",
    "essay_type": "찬성반대",
    "essay_level": "2",
    "essay_len": 891,
    "essay_main_subject": "비혼주의자에 대한 본인의 의견"
  }
}