{
  "paragraph": [
    {
      "paragraph_txt": "난 어렸을땐 아들 한명 딸 한명 해서 네명이서 오순도순 살고 싶었는데 살아가면서 이렇게 오순도순 살기 쉽지 않다라는 생각을 하면서 점점 비혼주의 독신주의가 되어가고 있다.#@문장구분# 원래는 멋진 남자를 만나서 가정을 꾸리는게 내 목표였지만 부모님을 보면서 현실에 부딪히는 어쩔수 없는 문제들에 막혀 다투시고 서로 부담감 때문에 힘들어 하고 스트레스 받아하는걸 보면서 아이는 그냥 낳고싶어서 낳는게 아니구나 라는 생각이 들기 시작했다.#@문장구분# 아이를 키우려면 기져귀값, 분유값, 아기 유모차나 젓병이나 수건 등등 정말 많은 물건들이 필요한데 국가에서 아무리 지원을 해주고 있다고 하지만 그것도 조항들이 포함되어 있어 모두 다 혜택을 받을수 있는것도 아니고 요즘은 다 인서울을 꿈꾸며 11시를 훌쩍 넘기는 시간까지 학원에 다니면서 자유롭게 놀지도 못하고 다시는 돌아오지 않는 청춘을 포기하면서까지 사교육에 붙잡혀있어야 하고 그 사교육비도 만만치 않은데 한명이면 모르겠지만 자녀가 둘셋이 넘어가면 부모가 아무리 맞벌이라 해도 요즘 물가와 요즘 시대에는 정말 빠듯할것이다.#@문장구분# 그로인해서 돈 때문에 스트레스를 받고 내 삶도 포기해야 한다면 난 그렇게까지 결혼을 하고싶지 않기 때문에 결혼을 포기할것이다.#@문장구분# 결혼을 포기하고 나는 내 돈을 벌어서 내가 하고싶은거 먹고싶은거 부모님 여행도 보내드리고 효녀로 살 것이다.#@문장구분# \"연애는 필수, 결혼은 선택! 가슴이 뛰는 대로 가면 돼\".#@문장구분#유명한 유행가의 노래 가사처럼, 청년들에게 결혼은 이제 필수가 아닌 하나의 선택 사항입니다.#@문장구분#유명한 유행가의 노래 가사처럼, 청년들에게 결혼은 이제 필수가 아닌 하나의 선택 사항입이다.#@문장구분# 연애, 결혼, 출산을 포기한다는 의미의 '3포세대'라는 말이 나오기 무섭게 5포 세대, N포세대까지 등장할 정도로 취업난, 치솟는 부동산 가격 등 여러 사회·경제적 요인들로 청년층을 위축시겼다.#@문장구분#",
      "paragraph_len": 1087,
      "paragraph_id": "001"
    }
  ],
  "score": {
    "paragraph_score": [
      {
        "paragraph_scoreT": [
          3,
          2.8,
          2.2
        ],
        "paragraph_scoreT_detail": {
          "paragraph_scoreT_exp": [
            [
              3,
              3,
              3
            ],
            [
              2,
              3,
              3
            ],
            [
              3,
              2,
              2
            ]
          ]
        },
        "paragraph_scoreT_avg": 2.6666667,
        "paragraph_id": "001"
      }
    ],
    "essay_scoreT": [
      30,
      26.400002,
      22.099998
    ],
    "essay_scoreT_avg": 26.166666,
    "essay_scoreT_detail": {
      "essay_scoreT_org": [
        [
          3,
          0,
          3,
          3
        ],
        [
          2,
          0,
          3,
          3
        ],
        [
          2,
          0,
          2,
          3
        ]
      ],
      "essay_scoreT_cont": [
        [
          3,
          3,
          3,
          3
        ],
        [
          3,
          2,
          3,
          3
        ],
        [
          2,
          2,
          2,
          3
        ]
      ],
      "essay_scoreT_exp": [
        [
          3,
          3,
          3
        ],
        [
          2,
          3,
          3
        ],
        [
          3,
          2,
          2
        ]
      ]
    }
  },
  "student": {
    "date": "2021.12.21",
    "student_educated": true,
    "student_grade": "고등_1학년",
    "location": "063",
    "student_grade_group": "고등",
    "student_reading": 2
  },
  "rubric": {
    "essay_grade": "고등_1학년",
    "organization_weight": {
      "org_paragraph": 0,
      "org": 3,
      "org_essay": 6,
      "org_coherence": 3,
      "org_quantity": 1
    },
    "essay_type": "찬성반대",
    "content_weight": {
      "con_clearance": 3,
      "con_novelty": 3,
      "con": 4,
      "con_prompt": 1,
      "con_description": 3
    },
    "essay_main_subject": "비혼주의자에 대한 본인의 의견",
    "expression_weight": {
      "exp_style": 4,
      "exp_grammar": 2,
      "exp_vocab": 4,
      "exp": 3
    }
  },
  "correction": [],
  "info": {
    "essay_id": "ESSAY_72086",
    "essay_prompt": " \"\"연애는 필수, 결혼은 선택! 가슴이 뛰는 대로 가면 돼\"\".\n\n 유명한 유행가의 노래 가사처럼, 청년들에게 결혼은 이제 필수가 아닌 하나의 선택 사항입니다. 연애, 결혼, 출산을 포기한다는 의미의 '3포세대'라는 말이 나오기 무섭게 5포 세대, N포세대까지 등장할 정도로 취업난, 치솟는 부동산 가격 등 여러 사회·경제적 요인들로 청년층을 위축시켰습니다.\n\n 모두가 이러한 이유로 '결혼을 포기'하는 것만은 아닙니다. 개인의 행복을 위해 '비혼을 선택'하는 청년들도 늘고 있습니다. 이처럼 최근 전통적인 가치관에서 벗어나 연애와 동거는 하면서 결혼이라는 제도에 묶여 관계에서 파생되는 책임을 벗어나 자유로운 삶을 추구하는 비혼주의자가 늘고 있습니다.\n\n 다만, 개인의 자유로운 선택에 따라 비혼주의를 하지만 주변에서는 아직 고운 시선으로 바라보지 않는 사람도 많습니다. 결혼이라는 제도에 대해서 선택이 아닌 필수라고 생각하는 사람들도 많지요. 개개인이 모여 사회가 형성되기 때문에 사회의 가장 작은 단위인 가족을 이루는 것도 사회 구성원으로서의 큰 역할이라고 생각하는 사람들도 있습니다.\n\n 여러분은 결혼을 꼭 해야 한다고 생각하시나요? 아니면 결혼은 선택의 문제라고 생각하시나요? 비혼주의에 대해 찬성하는 입장 반대를 선택하여 자신의 의견을 작성해주세요. 그리고 그렇게 생각한 이유에 대해서 작성해주세요.",
    "essay_type": "찬성반대",
    "essay_level": "2",
    "essay_len": 908,
    "essay_main_subject": "비혼주의자에 대한 본인의 의견"
  }
}