{
  "paragraph": [
    {
      "paragraph_txt": "저는 이러한 비혼주의자들의 의견에 대해서는 찬성을 표하는 바입니다.#@문장구분# 근래 들어 사람들의 삶은 더더욱 힘들어졌으며, 그 때문에 돈을 버는 것도 그리 쉬운 일이 아니게 되었지요.#@문장구분# 혼수 비용은 높고, 결혼식을 진행할 돈 또한 모으기 쉽지 않습니다.#@문장구분# 그러나 비용이 충족되었다 한들 두 연인의 마음이 모이지 않으면 결혼을 할 수 없습니다.#@문장구분# 한 명이 사랑을 연인을 향해 마음이 향한다 한들, 다른 한 명이 다른 쪽으로 마음이 향한다면 혼약을 한들 의미가 없을 것이지요.#@문장구분# 이러한 불확실함이 굳어져 ' 결혼을 하기는 확실히 마음이 나에게 있는지 알 수 없다 ' 라는 마음이 싹트고, 이내 싸움이 불거질 수도 있습니다.#@문장구분# 이러한 탓에 사람들이 부부의 길을 택하기엔 그 선택의 대가가 너무 커진 것입니다.#@문장구분# 이런 확실치 못한 상황에 결혼을 미루다, 결국은 부부가 되어 서로에게로 향한 불신으로 인해 어색한 사이로 사는 것보다는 확실히 결혼을 하지 않는 것이 좋다 ' 라는 결론이 나오게 되는 것입니다.#@문장구분# 언제나 사람은 알 수 없는 미래에 불안해하며, 그 미래를 피하기 위해 노력합니다.#@문장구분# 어찌 보면 비혼주의는 그러한 노력의 일환이라 볼 수 있는 것이 아닐까요?#@문장구분# 어찌 할 수 없는 불안함의 결과이자 현실의 큰 전환점을, 마냥 쉽게 받아들이기엔 시간이 많이 지났습니다.#@문장구분# 이러한 상황에 저는 비혼주의자들의 의견에 대해 찬성을 보낼 수밖에 없는 것입니다.#@문장구분# 하지만 비혼주의에 반대하는 사람들을 무시하거나 비방하려는 것은 아닙니다. #@문장구분#그 사람들도 비혼주의를 반대하는 이유가 있기 때문에 반대한다고 생각합니다.#@문장구분# 하지만 저는 확고하게 비혼주의에 대해 찬성합니다.#@문장구분# 그리고 앞으로 저도 비혼주의자로 살려고 합니다.#@문장구분#",
      "paragraph_len": 1142,
      "paragraph_id": "001"
    }
  ],
  "score": {
    "paragraph_score": [
      {
        "paragraph_scoreT": [
          1.6,
          2.6,
          2.6
        ],
        "paragraph_scoreT_detail": {
          "paragraph_scoreT_exp": [
            [
              2,
              2,
              1
            ],
            [
              3,
              2,
              3
            ],
            [
              3,
              2,
              3
            ]
          ]
        },
        "paragraph_scoreT_avg": 2.2666667,
        "paragraph_id": "001"
      }
    ],
    "essay_scoreT": [
      15.200001,
      27.599998,
      23.7
    ],
    "essay_scoreT_avg": 22.166666,
    "essay_scoreT_detail": {
      "essay_scoreT_org": [
        [
          2,
          0,
          2,
          2
        ],
        [
          3,
          0,
          3,
          3
        ],
        [
          2,
          0,
          2,
          3
        ]
      ],
      "essay_scoreT_cont": [
        [
          1,
          1,
          2,
          1
        ],
        [
          3,
          2,
          3,
          3
        ],
        [
          3,
          2,
          3,
          2
        ]
      ],
      "essay_scoreT_exp": [
        [
          2,
          2,
          1
        ],
        [
          3,
          2,
          3
        ],
        [
          3,
          2,
          3
        ]
      ]
    }
  },
  "student": {
    "date": "2021.11.16",
    "student_educated": true,
    "student_grade": "고등_1학년",
    "location": "054",
    "student_grade_group": "고등",
    "student_reading": 1
  },
  "rubric": {
    "essay_grade": "고등_1학년",
    "organization_weight": {
      "org_paragraph": 0,
      "org": 3,
      "org_essay": 6,
      "org_coherence": 3,
      "org_quantity": 1
    },
    "essay_type": "찬성반대",
    "content_weight": {
      "con_clearance": 3,
      "con_novelty": 3,
      "con": 4,
      "con_prompt": 1,
      "con_description": 3
    },
    "essay_main_subject": "비혼주의자에 대한 본인의 의견",
    "expression_weight": {
      "exp_style": 4,
      "exp_grammar": 2,
      "exp_vocab": 4,
      "exp": 3
    }
  },
  "correction": [],
  "info": {
    "essay_id": "ESSAY_47303",
    "essay_prompt": " \"\"연애는 필수, 결혼은 선택! 가슴이 뛰는 대로 가면 돼\"\".\n\n 유명한 유행가의 노래 가사처럼, 청년들에게 결혼은 이제 필수가 아닌 하나의 선택 사항입니다. 연애, 결혼, 출산을 포기한다는 의미의 '3포세대'라는 말이 나오기 무섭게 5포 세대, N포세대까지 등장할 정도로 취업난, 치솟는 부동산 가격 등 여러 사회·경제적 요인들로 청년층을 위축시켰습니다.\n\n 모두가 이러한 이유로 '결혼을 포기'하는 것만은 아닙니다. 개인의 행복을 위해 '비혼을 선택'하는 청년들도 늘고 있습니다. 이처럼 최근 전통적인 가치관에서 벗어나 연애와 동거는 하면서 결혼이라는 제도에 묶여 관계에서 파생되는 책임을 벗어나 자유로운 삶을 추구하는 비혼주의자가 늘고 있습니다.\n\n 다만, 개인의 자유로운 선택에 따라 비혼주의를 하지만 주변에서는 아직 고운 시선으로 바라보지 않는 사람도 많습니다. 결혼이라는 제도에 대해서 선택이 아닌 필수라고 생각하는 사람들도 많지요. 개개인이 모여 사회가 형성되기 때문에 사회의 가장 작은 단위인 가족을 이루는 것도 사회 구성원으로서의 큰 역할이라고 생각하는 사람들도 있습니다.\n\n 여러분은 결혼을 꼭 해야 한다고 생각하시나요? 아니면 결혼은 선택의 문제라고 생각하시나요? 비혼주의에 대해 찬성하는 입장 반대를 선택하여 자신의 의견을 작성해주세요. 그리고 그렇게 생각한 이유에 대해서 작성해주세요.",
    "essay_type": "찬성반대",
    "essay_level": "2",
    "essay_len": 822,
    "essay_main_subject": "비혼주의자에 대한 본인의 의견"
  }
}