{
  "paragraph": [
    {
      "paragraph_txt": "현재 우리나라 사회를 보면 비혼주의는 개인적인 측면과 사회적인 측면 안에서 여러 가지 요소들이 상호작용한다고 볼 수 있습니다.#@문장구분#\n 사회와 개인 가치관의 변화에 따라 오는 변화들을 자연스러운 것이고 받아들여야 하는 부분입니다.#@문장구분#\n 하지만 이런 것과는 별개로 비혼주의는 감소하는 혼인율과 이로 인한 출생인구 저하의 문제가 상당히 심합니다.#@문장구분#\n 우리나라 출생률은 0.82명이고, 우리나라 인구수 5,100만 명을 유지하는 데에 필요한 출생률 2.1명에 크게 미치지 못합니다.#@문장구분#\n 저출산 문제가 나타나는 가장 큰 이유는 경제력 때문이라고 생각 합니다.#@문장구분#\n  '우리나라'라는 한 조직, 단체가 유지가 되려면, 우리나라 인구수가 우선적으로 유지되어야 합니다.#@문장구분#\n  그래야 우리가 국가로부터 얻는 혜택을 지속적으로 얻을 수 있기 때문입니다.#@문장구분#\n 그러므로 우리는 결혼을 하여 아이를 낳고 인구 수를 늘려야 한다고 생각합니다.#@문장구분#\n 사회의 재생산을 고려하는 방향으로 생각했을 때 원인과 대안에 대한 고민은 필요한 부분입니다.#@문장구분#\n 사회는 재화를 생산할 사람과 소비할 사람이 필요하며 이런 순환구조가 유지되어야 사회가 정상적으로 작동할 수 있습니다.#@문장구분# \n 현재 상황으로는 많은 어려움이 있을 것 입니다.#@문장구분# 경제적인 부분도 무시 할수 없을 것입니다.#@문장구분#\n 하지만 사회가 많은 노력을 하고 많은 지원을 한다면 많은 사람들이 생각이 바뀌게 될 것 이고, 결혼하는 가정이 많아지고 문제가 해결될수 있다고 생각합니다.#@문장구분# 적극적으로 국가에서 관여 하여 지원과 홍보가 필요한 시점입니다.#@문장구분#\n 따라서 인구가 많은 국가가 강대국이 될 수 있는 조건 중 하나인 이유이기도 합니다.#@문장구분#\n 그러므로 저는 비혼주의에대해 반대도 찬성도 아닌 중립적인 입장입니다.#@문장구분#",
      "paragraph_len": 1151,
      "paragraph_id": "001"
    }
  ],
  "score": {
    "paragraph_score": [
      {
        "paragraph_scoreT": [
          3,
          3,
          2.4
        ],
        "paragraph_scoreT_detail": {
          "paragraph_scoreT_exp": [
            [
              3,
              3,
              3
            ],
            [
              3,
              3,
              3
            ],
            [
              2,
              3,
              2
            ]
          ]
        },
        "paragraph_scoreT_avg": 2.8,
        "paragraph_id": "001"
      }
    ],
    "essay_scoreT": [
      30,
      29.7,
      24.5
    ],
    "essay_scoreT_avg": 28.066666,
    "essay_scoreT_detail": {
      "essay_scoreT_org": [
        [
          3,
          0,
          3,
          3
        ],
        [
          3,
          0,
          3,
          2
        ],
        [
          3,
          0,
          2,
          3
        ]
      ],
      "essay_scoreT_cont": [
        [
          3,
          3,
          3,
          3
        ],
        [
          3,
          3,
          3,
          3
        ],
        [
          2,
          2,
          2,
          3
        ]
      ],
      "essay_scoreT_exp": [
        [
          3,
          3,
          3
        ],
        [
          3,
          3,
          3
        ],
        [
          2,
          3,
          2
        ]
      ]
    }
  },
  "student": {
    "date": "2021.12.13",
    "student_educated": true,
    "student_grade": "고등_1학년",
    "location": "063",
    "student_grade_group": "고등",
    "student_reading": 2
  },
  "rubric": {
    "essay_grade": "고등_1학년",
    "organization_weight": {
      "org_paragraph": 0,
      "org": 3,
      "org_essay": 6,
      "org_coherence": 3,
      "org_quantity": 1
    },
    "essay_type": "찬성반대",
    "content_weight": {
      "con_clearance": 3,
      "con_novelty": 3,
      "con": 4,
      "con_prompt": 1,
      "con_description": 3
    },
    "essay_main_subject": "비혼주의자에 대한 본인의 의견",
    "expression_weight": {
      "exp_style": 4,
      "exp_grammar": 2,
      "exp_vocab": 4,
      "exp": 3
    }
  },
  "correction": [],
  "info": {
    "essay_id": "ESSAY_62894",
    "essay_prompt": " \"\"연애는 필수, 결혼은 선택! 가슴이 뛰는 대로 가면 돼\"\".\n\n 유명한 유행가의 노래 가사처럼, 청년들에게 결혼은 이제 필수가 아닌 하나의 선택 사항입니다. 연애, 결혼, 출산을 포기한다는 의미의 '3포세대'라는 말이 나오기 무섭게 5포 세대, N포세대까지 등장할 정도로 취업난, 치솟는 부동산 가격 등 여러 사회·경제적 요인들로 청년층을 위축시켰습니다.\n\n 모두가 이러한 이유로 '결혼을 포기'하는 것만은 아닙니다. 개인의 행복을 위해 '비혼을 선택'하는 청년들도 늘고 있습니다. 이처럼 최근 전통적인 가치관에서 벗어나 연애와 동거는 하면서 결혼이라는 제도에 묶여 관계에서 파생되는 책임을 벗어나 자유로운 삶을 추구하는 비혼주의자가 늘고 있습니다.\n\n 다만, 개인의 자유로운 선택에 따라 비혼주의를 하지만 주변에서는 아직 고운 시선으로 바라보지 않는 사람도 많습니다. 결혼이라는 제도에 대해서 선택이 아닌 필수라고 생각하는 사람들도 많지요. 개개인이 모여 사회가 형성되기 때문에 사회의 가장 작은 단위인 가족을 이루는 것도 사회 구성원으로서의 큰 역할이라고 생각하는 사람들도 있습니다.\n\n 여러분은 결혼을 꼭 해야 한다고 생각하시나요? 아니면 결혼은 선택의 문제라고 생각하시나요? 비혼주의에 대해 찬성하는 입장 반대를 선택하여 자신의 의견을 작성해주세요. 그리고 그렇게 생각한 이유에 대해서 작성해주세요.",
    "essay_type": "찬성반대",
    "essay_level": "2",
    "essay_len": 831,
    "essay_main_subject": "비혼주의자에 대한 본인의 의견"
  }
}