{
  "paragraph": [
    {
      "paragraph_txt": "요즘 비혼 주의자들이 많다 .#@문장구분#내가 결혼을 찬성하든 반대하든 이 선택은 나의 주관적인 선택이고 존중받아야 한다고 생각한다.#@문장구분#\n \n옛날에는 결혼이라는 것이 필수 인것 처럼 여겨왔지만 지금은 필수가 아닌 선택으로 점점 바뀌어 가고 있다.#@문장구분# 같은반 친구들만 보아도 벌써부터 비혼주의라고 하는 친구들이 많이 생기고 있다.#@문장구분# 물론 자신의 선택이므로 그것이 옳다 그르다를 말하고 싶지는 않다.#@문장구분# \n \n하지만 비혼주의자라는 이유로 젊은 시절 , 꽃답고 한창일 때 연애를 멀리하고 사랑을 멀리하는 것이 안타깝다고 생각한다.#@문장구분# 심지어 결혼을 혐오하거나 결혼을 하면 불행해진다는 사람들도 있다.#@문장구분# 충분히 사랑받고 충분히 사랑 주는 관계에서 가질 수 있는 안정감과 행복감을 비혼이라는 타이틀 떄문에 경험도 하기전에 밀어내는 것 같아서 안타깝기도 하다.#@문장구분# 우리나라는 저출산 국가인데 결혼마저 안하면 어떻게 되나 싶지만 결혼을 마냥 강요할 수는 없다.#@문장구분# \n \n귀찮아 하고 무의미 하게 생각하는거 같다.#@문장구분# 혼자도 괜찮다 혼자도 충분하다고 말하지만 글쎄 , 사람은 완전 혼자 살수 는 없다 .#@문장구분#사람은 관계의 동물이니까 인생은 한번 뿐이다.#@문장구분#\n \n혼자서도 충분히 자유를 느끼고 행복한 삶을 살 수는 있다.#@문장구분# 하지만 나이가 들고 할머니 할아버지가 돼서도 그 자유를 느끼며 행복한 삶이라고 할수 있을까?#@문장구분# 나는 그럴수 없을 것 같다는 생각이 든다.#@문장구분#\n \n나이가 들면 너무 외롭고 혼자라는 생각에 많이 쓸쓸할 것 같다는 생각이다.#@문장구분# 부모님은 평생 우리곁에 있을수 없다.#@문장구분# 나이가 들면 혼자가 될 것이다.#@문장구분# 그래서 우리는 결혼을 해야 하고 가정을 꾸려야 한다고 나는 생각한다.#@문장구분# 당연히 이런 문제들을 강요 할 생각은 없다.#@문장구분# 선택은 자유니까.#@문장구분#",
      "paragraph_len": 1243,
      "paragraph_id": "001"
    }
  ],
  "score": {
    "paragraph_score": [
      {
        "paragraph_scoreT": [
          3,
          3,
          2.4
        ],
        "paragraph_scoreT_detail": {
          "paragraph_scoreT_exp": [
            [
              3,
              3,
              3
            ],
            [
              3,
              3,
              3
            ],
            [
              2,
              3,
              2
            ]
          ]
        },
        "paragraph_scoreT_avg": 2.8,
        "paragraph_id": "001"
      }
    ],
    "essay_scoreT": [
      30,
      29.7,
      24.5
    ],
    "essay_scoreT_avg": 28.066666,
    "essay_scoreT_detail": {
      "essay_scoreT_org": [
        [
          3,
          0,
          3,
          3
        ],
        [
          3,
          0,
          3,
          2
        ],
        [
          3,
          0,
          2,
          3
        ]
      ],
      "essay_scoreT_cont": [
        [
          3,
          3,
          3,
          3
        ],
        [
          3,
          3,
          3,
          3
        ],
        [
          2,
          2,
          2,
          3
        ]
      ],
      "essay_scoreT_exp": [
        [
          3,
          3,
          3
        ],
        [
          3,
          3,
          3
        ],
        [
          2,
          3,
          2
        ]
      ]
    }
  },
  "student": {
    "date": "2021.12.13",
    "student_educated": true,
    "student_grade": "고등_1학년",
    "location": "063",
    "student_grade_group": "고등",
    "student_reading": 2
  },
  "rubric": {
    "essay_grade": "고등_1학년",
    "organization_weight": {
      "org_paragraph": 0,
      "org": 3,
      "org_essay": 6,
      "org_coherence": 3,
      "org_quantity": 1
    },
    "essay_type": "찬성반대",
    "content_weight": {
      "con_clearance": 3,
      "con_novelty": 3,
      "con": 4,
      "con_prompt": 1,
      "con_description": 3
    },
    "essay_main_subject": "비혼주의자에 대한 본인의 의견",
    "expression_weight": {
      "exp_style": 4,
      "exp_grammar": 2,
      "exp_vocab": 4,
      "exp": 3
    }
  },
  "correction": [],
  "info": {
    "essay_id": "ESSAY_62895",
    "essay_prompt": " \"\"연애는 필수, 결혼은 선택! 가슴이 뛰는 대로 가면 돼\"\".\n\n 유명한 유행가의 노래 가사처럼, 청년들에게 결혼은 이제 필수가 아닌 하나의 선택 사항입니다. 연애, 결혼, 출산을 포기한다는 의미의 '3포세대'라는 말이 나오기 무섭게 5포 세대, N포세대까지 등장할 정도로 취업난, 치솟는 부동산 가격 등 여러 사회·경제적 요인들로 청년층을 위축시켰습니다.\n\n 모두가 이러한 이유로 '결혼을 포기'하는 것만은 아닙니다. 개인의 행복을 위해 '비혼을 선택'하는 청년들도 늘고 있습니다. 이처럼 최근 전통적인 가치관에서 벗어나 연애와 동거는 하면서 결혼이라는 제도에 묶여 관계에서 파생되는 책임을 벗어나 자유로운 삶을 추구하는 비혼주의자가 늘고 있습니다.\n\n 다만, 개인의 자유로운 선택에 따라 비혼주의를 하지만 주변에서는 아직 고운 시선으로 바라보지 않는 사람도 많습니다. 결혼이라는 제도에 대해서 선택이 아닌 필수라고 생각하는 사람들도 많지요. 개개인이 모여 사회가 형성되기 때문에 사회의 가장 작은 단위인 가족을 이루는 것도 사회 구성원으로서의 큰 역할이라고 생각하는 사람들도 있습니다.\n\n 여러분은 결혼을 꼭 해야 한다고 생각하시나요? 아니면 결혼은 선택의 문제라고 생각하시나요? 비혼주의에 대해 찬성하는 입장 반대를 선택하여 자신의 의견을 작성해주세요. 그리고 그렇게 생각한 이유에 대해서 작성해주세요.",
    "essay_type": "찬성반대",
    "essay_level": "2",
    "essay_len": 823,
    "essay_main_subject": "비혼주의자에 대한 본인의 의견"
  }
}