{
  "paragraph": [
    {
      "paragraph_txt": "이상형이 비현실적이거나 눈이 너무 높아서 결혼을 안 하고 있는 거라면 주변에서 가끔 오지랖이나 비방이 나올 수도 있겠지만 그래도 자신이 결혼을 할 필요성을 느끼지 못한다면, 혹은 굳이 본인 스스로가 그 정도로 원하는 상대가 주변에 없거나 찾기가 어렵다면 안 하는 것이 맞다.#@문장구분# 이른바 등쌀에 떠밀리는 사회적 강요에 의해 혹은 억지로 허겁지겁 눈을 낮춰서 아무하고나 하는 결혼이라면 불행한 결혼 생활로 이어질 확률을 높일 뿐입니다.#@문장구분# 애초에 행복한 결혼 생활은 양쪽에서 서로 절실한 마음이 오고가야 하는데 둘 중 한 쪽이라도 그렇지 않다면 상습적으로 뒤에서 딴짓을 하거나 바람을 피울 확률이 높아지며 그렇게 되는 시점부터 결혼 생활은 지옥이 될 것이라 생각합니다.#@문장구분# 오늘날 선진국이나 아니면 선진국 문턱까지 온 국가들이 전부 강제결혼을 불법으로 규정하는 것을 보면 다 이유는 있다고 생각합니다.#@문장구분# 거기다가 성격까지 맞지 않고 서로를 무조건 바꾸려고 하는 사람과 평생 반정도 일거수일투족을 같이 한다는 것은 남녀노소를 불문하고 누구나 견디기 어려운 큰 불행이 아닐 수 없습니다.#@문장구분# 다른 사람의 시선이 신경 쓰여서 결혼을 선택한다면 이는 자신에게도 배우자에게 의무만 씌우는 꼴이 되어버립니다.#@문장구분# 한편 결혼을 해야 제대로 철이 든다고 말하는 일부 기성세대도 있지만, 사회에서 보여지는 사람의 인격과 혼인의 여부 간의 일관성은 찾기 힘들다고 봅니다.#@문장구분# 독신에 대한 혐오로 히스테리를 언급하곤 하는데, 사실 회사에서 소위 말하는 꼰대 상사나 성격 괴팍한 중년 여성들도 대부분은 가정이 있는 기혼자이며, 당장 인격 파탄의 대명사랄 수 있는 범죄자들이라 해도 가정 꾸리고 자식을 본 이들이 많으니 비혼과 기혼으로 사람의 인격을 운운하는 행위는 멈춰야 할 것입니다.#@문장구분#",
      "paragraph_len": 1020,
      "paragraph_id": "001"
    }
  ],
  "score": {
    "paragraph_score": [
      {
        "paragraph_scoreT": [
          2.6,
          3,
          2.8
        ],
        "paragraph_scoreT_detail": {
          "paragraph_scoreT_exp": [
            [
              3,
              3,
              2
            ],
            [
              3,
              3,
              3
            ],
            [
              2,
              3,
              3
            ]
          ]
        },
        "paragraph_scoreT_avg": 2.8,
        "paragraph_id": "001"
      }
    ],
    "essay_scoreT": [
      25.099998,
      25.699999,
      28.1
    ],
    "essay_scoreT_avg": 26.299997,
    "essay_scoreT_detail": {
      "essay_scoreT_org": [
        [
          2,
          0,
          3,
          2
        ],
        [
          2,
          0,
          2,
          3
        ],
        [
          3,
          0,
          2,
          3
        ]
      ],
      "essay_scoreT_cont": [
        [
          3,
          2,
          2,
          3
        ],
        [
          3,
          2,
          2,
          3
        ],
        [
          3,
          3,
          2,
          3
        ]
      ],
      "essay_scoreT_exp": [
        [
          3,
          3,
          2
        ],
        [
          3,
          3,
          3
        ],
        [
          2,
          3,
          3
        ]
      ]
    }
  },
  "student": {
    "date": "2021.12.03",
    "student_educated": true,
    "student_grade": "고등_1학년",
    "location": "063",
    "student_grade_group": "고등",
    "student_reading": 1
  },
  "rubric": {
    "essay_grade": "고등_1학년",
    "organization_weight": {
      "org_paragraph": 0,
      "org": 3,
      "org_essay": 6,
      "org_coherence": 3,
      "org_quantity": 1
    },
    "essay_type": "찬성반대",
    "content_weight": {
      "con_clearance": 3,
      "con_novelty": 3,
      "con": 4,
      "con_prompt": 1,
      "con_description": 3
    },
    "essay_main_subject": "비혼주의자에 대한 본인의 의견",
    "expression_weight": {
      "exp_style": 4,
      "exp_grammar": 2,
      "exp_vocab": 4,
      "exp": 3
    }
  },
  "correction": [],
  "info": {
    "essay_id": "ESSAY_54765",
    "essay_prompt": " \"\"연애는 필수, 결혼은 선택! 가슴이 뛰는 대로 가면 돼\"\".\n\n 유명한 유행가의 노래 가사처럼, 청년들에게 결혼은 이제 필수가 아닌 하나의 선택 사항입니다. 연애, 결혼, 출산을 포기한다는 의미의 '3포세대'라는 말이 나오기 무섭게 5포 세대, N포세대까지 등장할 정도로 취업난, 치솟는 부동산 가격 등 여러 사회·경제적 요인들로 청년층을 위축시켰습니다.\n\n 모두가 이러한 이유로 '결혼을 포기'하는 것만은 아닙니다. 개인의 행복을 위해 '비혼을 선택'하는 청년들도 늘고 있습니다. 이처럼 최근 전통적인 가치관에서 벗어나 연애와 동거는 하면서 결혼이라는 제도에 묶여 관계에서 파생되는 책임을 벗어나 자유로운 삶을 추구하는 비혼주의자가 늘고 있습니다.\n\n 다만, 개인의 자유로운 선택에 따라 비혼주의를 하지만 주변에서는 아직 고운 시선으로 바라보지 않는 사람도 많습니다. 결혼이라는 제도에 대해서 선택이 아닌 필수라고 생각하는 사람들도 많지요. 개개인이 모여 사회가 형성되기 때문에 사회의 가장 작은 단위인 가족을 이루는 것도 사회 구성원으로서의 큰 역할이라고 생각하는 사람들도 있습니다.\n\n 여러분은 결혼을 꼭 해야 한다고 생각하시나요? 아니면 결혼은 선택의 문제라고 생각하시나요? 비혼주의에 대해 찬성하는 입장 반대를 선택하여 자신의 의견을 작성해주세요. 그리고 그렇게 생각한 이유에 대해서 작성해주세요.",
    "essay_type": "찬성반대",
    "essay_level": "2",
    "essay_len": 861,
    "essay_main_subject": "비혼주의자에 대한 본인의 의견"
  }
}