{
  "paragraph": [
    {
      "paragraph_txt": "우리나라 속담에 짚신도 짝이 있다라는 말이 있습니다.#@문장구분# 이런 속담이 존재 한다는 것은 결혼은 필수 요소라는 뜻일 것입니다.#@문장구분# 하지만 지금 우리 사회에는 가족을 나타내는 의미가 변화되고 있고 가족중심의 가치관이 매우 약화되면서 결혼이 반드시 필요한 필수가 아니라 생각해서 결정해도 되는 선택이 된 것입니다.#@문장구분# 그리고 이 선택에서 결혼은 하지 않을 것이라는 비혼주의자들이 많이 늘어나고 있다고 합니다.#@문장구분# 얼마전 드라마 부부의 세계와 펜트하우스를 보며 저런 것이 결혼생활일까 라는 생각을 하게 되었습니다.#@문장구분# 저렇게 서로 의심하고 불신하며 살거면 왜 결혼을 할까 그냥 혼자 인생을 사는 것이 편하지 않을까 라는 생각을 합니다.#@문장구분# 사람들은 그건 드라마니까 그렇게 나온거라고 말하지만 저는 현실에 존재하지 않는 이야기가 드라마나 영화로 나올수 없다고 생각합니다.#@문장구분#  그리고 방송인 사유리가 얼마전 정자를 기증받아 아이를 출산하고 이것을 방송에 나와서 사람들에게 공개하고 남편이 없이 비혼모가 되어 육아를 하는 것에 대해 나와서 비혼모 들의 출산에 대해 다시한번 생각하는 계기가 되기도 하였습니다.#@문장구분#아빠가 존재 하지 않아도 여성이 정자를 기증받아 인공수정을 통해 자신의 자녀를 만들고 여성혼자 혹은 남성혼자 자녀를 키우는 비혼부모가 존재하는 현재의 새로운 가정형태가 나타난 것이라고 생각합니다.#@문장구분# 이렇듯 굳이 결혼이 인생에 있어서 반드시 필요하지 않다고 생각하는 젊은 사람들은 늘어나고 있고 결혼하지 않고 출산이 가능한 과학적으로 발전된 세상이 된 것입니다.#@문장구분# 최악의 취업난으로 인해 경제적으로 힘든 젊은 층이 이런 생각을 하게 되는 것은 당연한 결과일 것이라고 생각합니다.#@문장구분# 불안한 미래때문에 결혼이라는 또다른 인생의 걸림돌을 만들고 싶지 않은 사람들의 마음이 비혼주의자가 발생된 이유입니다.#@문장구분#",
      "paragraph_len": 1114,
      "paragraph_id": "001"
    }
  ],
  "score": {
    "paragraph_score": [
      {
        "paragraph_scoreT": [
          3,
          3,
          2.4
        ],
        "paragraph_scoreT_detail": {
          "paragraph_scoreT_exp": [
            [
              3,
              3,
              3
            ],
            [
              3,
              3,
              3
            ],
            [
              2,
              3,
              2
            ]
          ]
        },
        "paragraph_scoreT_avg": 2.8,
        "paragraph_id": "001"
      }
    ],
    "essay_scoreT": [
      30,
      28.2,
      23.899998
    ],
    "essay_scoreT_avg": 27.366667,
    "essay_scoreT_detail": {
      "essay_scoreT_org": [
        [
          3,
          0,
          3,
          3
        ],
        [
          2,
          0,
          3,
          3
        ],
        [
          2,
          0,
          2,
          3
        ]
      ],
      "essay_scoreT_cont": [
        [
          3,
          3,
          3,
          3
        ],
        [
          3,
          3,
          3,
          3
        ],
        [
          2,
          2,
          2,
          3
        ]
      ],
      "essay_scoreT_exp": [
        [
          3,
          3,
          3
        ],
        [
          3,
          3,
          3
        ],
        [
          2,
          3,
          3
        ]
      ]
    }
  },
  "student": {
    "date": "2021.12.19",
    "student_educated": true,
    "student_grade": "고등_1학년",
    "location": "063",
    "student_grade_group": "고등",
    "student_reading": 1
  },
  "rubric": {
    "essay_grade": "고등_1학년",
    "organization_weight": {
      "org_paragraph": 0,
      "org": 3,
      "org_essay": 6,
      "org_coherence": 3,
      "org_quantity": 1
    },
    "essay_type": "찬성반대",
    "content_weight": {
      "con_clearance": 3,
      "con_novelty": 3,
      "con": 4,
      "con_prompt": 1,
      "con_description": 3
    },
    "essay_main_subject": "비혼주의자에 대한 본인의 의견",
    "expression_weight": {
      "exp_style": 4,
      "exp_grammar": 2,
      "exp_vocab": 4,
      "exp": 3
    }
  },
  "correction": [],
  "info": {
    "essay_id": "ESSAY_71348",
    "essay_prompt": " \"\"연애는 필수, 결혼은 선택! 가슴이 뛰는 대로 가면 돼\"\".\n\n 유명한 유행가의 노래 가사처럼, 청년들에게 결혼은 이제 필수가 아닌 하나의 선택 사항입니다. 연애, 결혼, 출산을 포기한다는 의미의 '3포세대'라는 말이 나오기 무섭게 5포 세대, N포세대까지 등장할 정도로 취업난, 치솟는 부동산 가격 등 여러 사회·경제적 요인들로 청년층을 위축시켰습니다.\n\n 모두가 이러한 이유로 '결혼을 포기'하는 것만은 아닙니다. 개인의 행복을 위해 '비혼을 선택'하는 청년들도 늘고 있습니다. 이처럼 최근 전통적인 가치관에서 벗어나 연애와 동거는 하면서 결혼이라는 제도에 묶여 관계에서 파생되는 책임을 벗어나 자유로운 삶을 추구하는 비혼주의자가 늘고 있습니다.\n\n 다만, 개인의 자유로운 선택에 따라 비혼주의를 하지만 주변에서는 아직 고운 시선으로 바라보지 않는 사람도 많습니다. 결혼이라는 제도에 대해서 선택이 아닌 필수라고 생각하는 사람들도 많지요. 개개인이 모여 사회가 형성되기 때문에 사회의 가장 작은 단위인 가족을 이루는 것도 사회 구성원으로서의 큰 역할이라고 생각하는 사람들도 있습니다.\n\n 여러분은 결혼을 꼭 해야 한다고 생각하시나요? 아니면 결혼은 선택의 문제라고 생각하시나요? 비혼주의에 대해 찬성하는 입장 반대를 선택하여 자신의 의견을 작성해주세요. 그리고 그렇게 생각한 이유에 대해서 작성해주세요.",
    "essay_type": "찬성반대",
    "essay_level": "2",
    "essay_len": 875,
    "essay_main_subject": "비혼주의자에 대한 본인의 의견"
  }
}