{
  "paragraph": [
    {
      "paragraph_txt": "나는 비혼주의자이다.#@문장구분# 아직 고등학생 이어서인지 결혼에는 관심이 없다.#@문장구분# 미래에 대한관심과,앞으로 어떤일을 해야 즐겁게 살수 있을까하는 생각,어떻게하면 공부를 잘 할수 있을까하는 생각,방학때는 어떤 아르바이트를 해볼까하는 생각, 코로나는 언제나끝날까등등 아직까지는 결혼에 관심이 없다.#@문장구분# 그렇지만 예쁜 아기는 키우고 싶다.#@문장구분# 아기들의 해맑게 웃는 모습,아기들이 나를 안아줄때 좋은 느낌,작은손,아장아장 걷는모습, 예쁜옷을 입혔을때의 인형같은 모습등 상상만해도 즐겁다.#@문장구분# 엄마는 아기를 키우려면 결혼을 해야한다고 하시는데 꼭 그런것만은 아닌것같다.#@문장구분# 사유리도 자발적 미혼모라고 해서 시험관아기를 갖는 방법도 있다.#@문장구분# 아무튼 결혼하면 여러가지 복잡할 것같다.#@문장구분# 남편에게 끌려 다녀야한다.#@문장구분# 결혼해서 시어머니가 부르면 냉큼 달려가야하고,명절엔 시댁에가서 하루종일 서서 일해야하고, 그뿐인가?#@문장구분# 직장생활 하면서도 살림은 여자가 주도해야한다.#@문장구분# 같이 요리하고 설겆이도 하고,빨래도 하지만 여자가 집에서 하는 일이 더 많을 것이다.#@문장구분# 학교만 다녀와도 너무나 피곤해서 아무것도 할수 없는데 쉴수없이 일하고 퇴근하고 또일하고,시댁에가서 또일하고 언제 공부하고 언제 승진하고 언제실적내고 이런일을 언제 할수 있을까하는 생각들이 있다.#@문장구분# 또 다른사람의 가족과 우리가족이 하나가 되면 좋겠지만 두가정에 분쟁이라도 생기면 머리가 아플것같다.#@문장구분# 늘 시어머니는 잔소리하고 아들돈이 시어머니 돈인양 마구 써대고 아들이 한일은 잘한일,내가한일은 모자라서 그렇게밖에 못한일 사랑과 전쟁이라는 프로가 케이블TV에서 하는 걸 잠깐봤는데 문제있는 시집이 많은 것같다.#@문장구분# 이러한 갈등을 아직 생각도 못해보았다.#@문장구분# 한20대 후반에는 생각해보려나?#@문장구분#",
      "paragraph_len": 1167,
      "paragraph_id": "001"
    }
  ],
  "score": {
    "paragraph_score": [
      {
        "paragraph_scoreT": [
          3,
          2,
          2.4
        ],
        "paragraph_scoreT_detail": {
          "paragraph_scoreT_exp": [
            [
              3,
              3,
              3
            ],
            [
              2,
              2,
              2
            ],
            [
              2,
              3,
              2
            ]
          ]
        },
        "paragraph_scoreT_avg": 2.4666667,
        "paragraph_id": "001"
      }
    ],
    "essay_scoreT": [
      30,
      24,
      25.2
    ],
    "essay_scoreT_avg": 26.4,
    "essay_scoreT_detail": {
      "essay_scoreT_org": [
        [
          3,
          0,
          3,
          3
        ],
        [
          2,
          0,
          3,
          3
        ],
        [
          2,
          0,
          3,
          3
        ]
      ],
      "essay_scoreT_cont": [
        [
          3,
          3,
          3,
          3
        ],
        [
          2,
          3,
          3,
          3
        ],
        [
          2,
          2,
          3,
          3
        ]
      ],
      "essay_scoreT_exp": [
        [
          3,
          3,
          3
        ],
        [
          2,
          2,
          2
        ],
        [
          2,
          3,
          3
        ]
      ]
    }
  },
  "student": {
    "date": "2021.12.15",
    "student_educated": true,
    "student_grade": "고등_1학년",
    "location": "044",
    "student_grade_group": "고등",
    "student_reading": 1
  },
  "rubric": {
    "essay_grade": "고등_1학년",
    "organization_weight": {
      "org_paragraph": 0,
      "org": 3,
      "org_essay": 6,
      "org_coherence": 3,
      "org_quantity": 1
    },
    "essay_type": "찬성반대",
    "content_weight": {
      "con_clearance": 3,
      "con_novelty": 3,
      "con": 4,
      "con_prompt": 1,
      "con_description": 3
    },
    "essay_main_subject": "비혼주의자에 대한 본인의 의견",
    "expression_weight": {
      "exp_style": 4,
      "exp_grammar": 2,
      "exp_vocab": 4,
      "exp": 3
    }
  },
  "correction": [],
  "info": {
    "essay_id": "ESSAY_66198",
    "essay_prompt": " \"\"연애는 필수, 결혼은 선택! 가슴이 뛰는 대로 가면 돼\"\".\n\n 유명한 유행가의 노래 가사처럼, 청년들에게 결혼은 이제 필수가 아닌 하나의 선택 사항입니다. 연애, 결혼, 출산을 포기한다는 의미의 '3포세대'라는 말이 나오기 무섭게 5포 세대, N포세대까지 등장할 정도로 취업난, 치솟는 부동산 가격 등 여러 사회·경제적 요인들로 청년층을 위축시켰습니다.\n\n 모두가 이러한 이유로 '결혼을 포기'하는 것만은 아닙니다. 개인의 행복을 위해 '비혼을 선택'하는 청년들도 늘고 있습니다. 이처럼 최근 전통적인 가치관에서 벗어나 연애와 동거는 하면서 결혼이라는 제도에 묶여 관계에서 파생되는 책임을 벗어나 자유로운 삶을 추구하는 비혼주의자가 늘고 있습니다.\n\n 다만, 개인의 자유로운 선택에 따라 비혼주의를 하지만 주변에서는 아직 고운 시선으로 바라보지 않는 사람도 많습니다. 결혼이라는 제도에 대해서 선택이 아닌 필수라고 생각하는 사람들도 많지요. 개개인이 모여 사회가 형성되기 때문에 사회의 가장 작은 단위인 가족을 이루는 것도 사회 구성원으로서의 큰 역할이라고 생각하는 사람들도 있습니다.\n\n 여러분은 결혼을 꼭 해야 한다고 생각하시나요? 아니면 결혼은 선택의 문제라고 생각하시나요? 비혼주의에 대해 찬성하는 입장 반대를 선택하여 자신의 의견을 작성해주세요. 그리고 그렇게 생각한 이유에 대해서 작성해주세요.",
    "essay_type": "찬성반대",
    "essay_level": "2",
    "essay_len": 827,
    "essay_main_subject": "비혼주의자에 대한 본인의 의견"
  }
}