{
  "paragraph": [
    {
      "paragraph_txt": "저는 비혼주의에 대해 찬성하는 바입니다.#@문장구분# 이러한 것들은 옳고 나쁘고가 아닌 개개인마다의 가치관의 문제라고 생각합니다.#@문장구분# 우리나라는 민주주의 국가이며, 헌법에는 국민의 자유권을 보장한다라는 내용이 명시되어있다.#@문장구분#\n \n우리  과거에는 남녀가 일정한 나이가 되면 결혼이라는 제도를 통해 가정을 이루는 것이 보편적이고도 절대적인 삶의 과제로서 존재했다.#@문장구분# 이를 볼 때 과거에는 결혼이라는 제도는 일종의 의무적인 성격을 지니고 있었던 점을 알 수 있다.#@문장구분# 그러나 현재에서는 결혼은 지극히 개인주의적 가치관으로서 자유와 선택으로서 결정되는 관계와 제도라고 규정하고 있다.#@문장구분#\n \n하지만 이러한 결정들은 무슨 이유 때문에 필수적으로 해야 한다면 인간존엄성을 침해하는 것이고, 자신의 자율성에 대해 간섭을 거는 것이다.#@문장구분# 꼭 결혼을 하여도 좋은 이점이 그렇게 많지 않다고 생각한다.#@문장구분# 결혼을 한다 한들 무조건 행복해지는 것은 아닙니다.#@문장구분#\n \n자신의 남편과 아내 아이 때문에 자신이 하고 싶을 것을 하지 못하고 많은 것을 버려두는 것이 대부분이다. #@문장구분#그 안에서 행복을 찾는사람들도 있겠지만... 자유를 누리지 못하는 것은 맞다.#@문장구분#\n \n비혼주의자들은 자신이 열심히 돈을 벌어 자신이 먹고 싶은 것도 먹고 사고 싶은 것도 사고 여행도 다니며 얼마든지 자유를 누릴 수 있습니다.#@문장구분#\n \n그리고 막상 결혼을 하면 그 연애 할 때의 성격이나 행동들이 나오지 않기 때문에 연애나 동거 또 다른 방법이 있으면 결혼 말고 다른 것들을 해봐도 좋을 것 같다는 생각이 든다.#@문장구분#",
      "paragraph_len": 1007,
      "paragraph_id": "001"
    },
    {
      "paragraph_txt": "우리나라의 상황으로 봐서는 비혼주의자들도 많아지고 있고 혼자 사는 것을 편하게 생각하기 때문에 저는 찬성을 선택하였습니다.#@문장구분#",
      "paragraph_len": 88,
      "paragraph_id": "002"
    }
  ],
  "score": {
    "paragraph_score": [
      {
        "paragraph_scoreT": [
          3,
          3,
          2.2
        ],
        "paragraph_scoreT_detail": {
          "paragraph_scoreT_exp": [
            [
              3,
              3,
              3
            ],
            [
              3,
              3,
              3
            ],
            [
              3,
              2,
              2
            ]
          ]
        },
        "paragraph_scoreT_avg": 2.7333333,
        "paragraph_id": "001"
      },
      {
        "paragraph_scoreT": [
          3,
          3,
          2.2
        ],
        "paragraph_scoreT_detail": {
          "paragraph_scoreT_exp": [
            [
              3,
              3,
              3
            ],
            [
              3,
              3,
              3
            ],
            [
              3,
              2,
              2
            ]
          ]
        },
        "paragraph_scoreT_avg": 2.7333333,
        "paragraph_id": "002"
      }
    ],
    "essay_scoreT": [
      30,
      28.5,
      23.3
    ],
    "essay_scoreT_avg": 27.266668,
    "essay_scoreT_detail": {
      "essay_scoreT_org": [
        [
          3,
          0,
          3,
          3
        ],
        [
          3,
          0,
          3,
          2
        ],
        [
          3,
          0,
          2,
          3
        ]
      ],
      "essay_scoreT_cont": [
        [
          3,
          3,
          3,
          3
        ],
        [
          3,
          2,
          3,
          3
        ],
        [
          2,
          2,
          2,
          3
        ]
      ],
      "essay_scoreT_exp": [
        [
          3,
          3,
          3
        ],
        [
          3,
          3,
          3
        ],
        [
          2,
          2,
          2
        ]
      ]
    }
  },
  "student": {
    "date": "2021.12.13",
    "student_educated": true,
    "student_grade": "고등_1학년",
    "location": "063",
    "student_grade_group": "고등",
    "student_reading": 2
  },
  "rubric": {
    "essay_grade": "고등_1학년",
    "organization_weight": {
      "org_paragraph": 0,
      "org": 3,
      "org_essay": 6,
      "org_coherence": 3,
      "org_quantity": 1
    },
    "essay_type": "찬성반대",
    "content_weight": {
      "con_clearance": 3,
      "con_novelty": 3,
      "con": 4,
      "con_prompt": 1,
      "con_description": 3
    },
    "essay_main_subject": "비혼주의자에 대한 본인의 의견",
    "expression_weight": {
      "exp_style": 4,
      "exp_grammar": 2,
      "exp_vocab": 4,
      "exp": 3
    }
  },
  "correction": [],
  "info": {
    "essay_id": "ESSAY_62878",
    "essay_prompt": " \"\"연애는 필수, 결혼은 선택! 가슴이 뛰는 대로 가면 돼\"\".\n\n 유명한 유행가의 노래 가사처럼, 청년들에게 결혼은 이제 필수가 아닌 하나의 선택 사항입니다. 연애, 결혼, 출산을 포기한다는 의미의 '3포세대'라는 말이 나오기 무섭게 5포 세대, N포세대까지 등장할 정도로 취업난, 치솟는 부동산 가격 등 여러 사회·경제적 요인들로 청년층을 위축시켰습니다.\n\n 모두가 이러한 이유로 '결혼을 포기'하는 것만은 아닙니다. 개인의 행복을 위해 '비혼을 선택'하는 청년들도 늘고 있습니다. 이처럼 최근 전통적인 가치관에서 벗어나 연애와 동거는 하면서 결혼이라는 제도에 묶여 관계에서 파생되는 책임을 벗어나 자유로운 삶을 추구하는 비혼주의자가 늘고 있습니다.\n\n 다만, 개인의 자유로운 선택에 따라 비혼주의를 하지만 주변에서는 아직 고운 시선으로 바라보지 않는 사람도 많습니다. 결혼이라는 제도에 대해서 선택이 아닌 필수라고 생각하는 사람들도 많지요. 개개인이 모여 사회가 형성되기 때문에 사회의 가장 작은 단위인 가족을 이루는 것도 사회 구성원으로서의 큰 역할이라고 생각하는 사람들도 있습니다.\n\n 여러분은 결혼을 꼭 해야 한다고 생각하시나요? 아니면 결혼은 선택의 문제라고 생각하시나요? 비혼주의에 대해 찬성하는 입장 반대를 선택하여 자신의 의견을 작성해주세요. 그리고 그렇게 생각한 이유에 대해서 작성해주세요.",
    "essay_type": "찬성반대",
    "essay_level": "2",
    "essay_len": 807,
    "essay_main_subject": "비혼주의자에 대한 본인의 의견"
  }
}