{
  "paragraph": [
    {
      "paragraph_txt": "비혼주의자는 최근 들어 늘어나기 시작했는데, 전통적인 가치관에서 벗어나 연애와 동거는 하면서 결혼이라는 제도에 묶여 파생되는 책임을 벗어나 자유로운 삶을 추구하는 사람들을 말한다. #@문장구분#한마디로 결혼을 반대 하는 사람들이다. #@문장구분#결혼은 의무가 아닌 선택이기 때문에 굳이 자신이 원하지 않는 이상 하지 않아도 된다고 생각한다.#@문장구분# 그리고 수많은 젊은층 세대들이 그렇게 생각하고 있을것이다.#@문장구분#지금 시대에서는 무조건 결혼을 하지 않아도 괜찮다는 생각을 가진 청년들이 늘어나고 있고, 꼭 결혼을 하지 않아도 함께 살 수 있고, 자녀를 가질 수 있기 때문이라는 이유를 가진 사람이 많이있다.#@문장구분# 굳이 결혼을 하지 않고도 동거를 하거나 자녀를 가지는 건 당연히 할 수 있는 일이라고 생각한다.#@문장구분# 티비에 나오는 일본 여성만 보아도 정자를 받아 아이를 낳았다.#@문장구분# 결혼을 하지는 않았지만 당당하게 아이를 낳았고 아이를 키우고 있다.#@문장구분# 이렇듯 꼭 남편이 있어야 아이를 가진다는 생각을 하지 않아도 된다.#@문장구분# 이렇게 시대는 많이 변했고 많이 발전해 가고있다.#@문장구분# 누군가에게 얽메이고 가정에 얽메일 필요 없이 자유를 꿈꾸며 내가 하고싶은것을 하면서 당당히 살아가면 되는 세상이 되어가고 있다고 생각한다.#@문장구분# 나는 그렇게 생각하기 때문에 비혼주의에 대해 찬성하는 바이다.#@문장구분# 그렇다고 해서 결혼하는 사람을 반대하지는 않는다.#@문장구분# 이것은 개개인의 문제이고 자기 선택이고 권리이기 때문에 결혼을 하겠다는 사람을 비난 하거나 말릴 필요는 없다고 생각한다.#@문장구분#그리고 비혼주의자들을 안좋게 보는 시선이나 반대하는 것은 하지 말아야 한다고 생각한다.#@문장구분# 남의 인생을 대신 살아주는게 아니기 때문에 남이 결정한 일에대해 강요해서는 안된다고 생각한다.#@문장구분#",
      "paragraph_len": 1140,
      "paragraph_id": "001"
    }
  ],
  "score": {
    "paragraph_score": [
      {
        "paragraph_scoreT": [
          2.8,
          2.4,
          2.8
        ],
        "paragraph_scoreT_detail": {
          "paragraph_scoreT_exp": [
            [
              2,
              3,
              3
            ],
            [
              2,
              3,
              2
            ],
            [
              2,
              3,
              3
            ]
          ]
        },
        "paragraph_scoreT_avg": 2.6666667,
        "paragraph_id": "001"
      }
    ],
    "essay_scoreT": [
      29.4,
      26.100002,
      29.4
    ],
    "essay_scoreT_avg": 28.300001,
    "essay_scoreT_detail": {
      "essay_scoreT_org": [
        [
          3,
          0,
          3,
          3
        ],
        [
          3,
          0,
          2,
          3
        ],
        [
          3,
          0,
          3,
          3
        ]
      ],
      "essay_scoreT_cont": [
        [
          3,
          3,
          3,
          3
        ],
        [
          3,
          2,
          3,
          3
        ],
        [
          3,
          3,
          3,
          3
        ]
      ],
      "essay_scoreT_exp": [
        [
          2,
          3,
          3
        ],
        [
          2,
          3,
          2
        ],
        [
          2,
          3,
          3
        ]
      ]
    }
  },
  "student": {
    "date": "2021.12.15",
    "student_educated": true,
    "student_grade": "고등_1학년",
    "location": "063",
    "student_grade_group": "고등",
    "student_reading": 2
  },
  "rubric": {
    "essay_grade": "고등_1학년",
    "organization_weight": {
      "org_paragraph": 0,
      "org": 3,
      "org_essay": 6,
      "org_coherence": 3,
      "org_quantity": 1
    },
    "essay_type": "찬성반대",
    "content_weight": {
      "con_clearance": 3,
      "con_novelty": 3,
      "con": 4,
      "con_prompt": 1,
      "con_description": 3
    },
    "essay_main_subject": "비혼주의자에 대한 본인의 의견",
    "expression_weight": {
      "exp_style": 4,
      "exp_grammar": 2,
      "exp_vocab": 4,
      "exp": 3
    }
  },
  "correction": [],
  "info": {
    "essay_id": "ESSAY_71961",
    "essay_prompt": " \"\"연애는 필수, 결혼은 선택! 가슴이 뛰는 대로 가면 돼\"\".\n\n 유명한 유행가의 노래 가사처럼, 청년들에게 결혼은 이제 필수가 아닌 하나의 선택 사항입니다. 연애, 결혼, 출산을 포기한다는 의미의 '3포세대'라는 말이 나오기 무섭게 5포 세대, N포세대까지 등장할 정도로 취업난, 치솟는 부동산 가격 등 여러 사회·경제적 요인들로 청년층을 위축시켰습니다.\n\n 모두가 이러한 이유로 '결혼을 포기'하는 것만은 아닙니다. 개인의 행복을 위해 '비혼을 선택'하는 청년들도 늘고 있습니다. 이처럼 최근 전통적인 가치관에서 벗어나 연애와 동거는 하면서 결혼이라는 제도에 묶여 관계에서 파생되는 책임을 벗어나 자유로운 삶을 추구하는 비혼주의자가 늘고 있습니다.\n\n 다만, 개인의 자유로운 선택에 따라 비혼주의를 하지만 주변에서는 아직 고운 시선으로 바라보지 않는 사람도 많습니다. 결혼이라는 제도에 대해서 선택이 아닌 필수라고 생각하는 사람들도 많지요. 개개인이 모여 사회가 형성되기 때문에 사회의 가장 작은 단위인 가족을 이루는 것도 사회 구성원으로서의 큰 역할이라고 생각하는 사람들도 있습니다.\n\n 여러분은 결혼을 꼭 해야 한다고 생각하시나요? 아니면 결혼은 선택의 문제라고 생각하시나요? 비혼주의에 대해 찬성하는 입장 반대를 선택하여 자신의 의견을 작성해주세요. 그리고 그렇게 생각한 이유에 대해서 작성해주세요.",
    "essay_type": "찬성반대",
    "essay_level": "2",
    "essay_len": 821,
    "essay_main_subject": "비혼주의자에 대한 본인의 의견"
  }
}