{
  "paragraph": [
    {
      "paragraph_txt": "저는 비혼주의에 대하여 찬성합니다.#@문장구분# 시대는 계속 변하고 있고 결혼에 대한 인식도 예전과는 많이 바뀌었습니다.#@문장구분# 예전에는 나이 서른만 넘어도 노총각, 노처녀 라는 소리를 들을만큼 남녀가 젊은 나이에 결혼을 해서 가정을 꾸리는 경우가 많았고, 주변 친척들이 모이는 자리에서는 결혼을 못해서 어떻게 할까라는 근심어린 시선을 한몸에 받아야만 했습니다.#@문장구분# 하지만 요즘 시대에는 40대 이후에 결혼을 하고 출산을 하는 경우도 흔하게 볼 수가 있습니다. #@문장구분#그만큼 개인의 자유와 사회적 능력이 결혼보다 우선시 되었다고 생각됩니다.#@문장구분# 자기발전을 위해 본인에게 투자를 아끼지 않고 남녀간의 사랑과 연애에 관한 시선도 예전보다 많이 관대해졌기 때문에 현대의 젊은 남녀는 만나고 헤어짐을 가볍게 여기는 사람들도 많아지고 있습니다.#@문장구분# 이렇다 보니 결혼이라는 제도의 틀에 박혀 구속되어야 하고 한 사람만을 평생 사랑해야하는 책임감과 의무감을 다할 자신이 없어 비혼주의를 추구하는 사람들이 늘어나는 것입니다.#@문장구분# 저 또한 평생 한 사람만을 사랑할 자신이 없을뿐더러 결혼을 해서 배우자와 마음이 맞지않아 갈등을 겪고 이혼을 택할 바에야 차라리 비혼주의를 택하는 편이 나을 것 같다는 생각을 했습니다.#@문장구분# 사랑하는 사람이 생겨 결혼하고 싶은 마음이 들더라도 굳이 책임감이 뒤따르는 결혼을 하지 않고도 연애만 하거나 동거를 하는 방법이 있기 때문에 저는 비혼주의에 대해 찬성하는 것입니다.#@문장구분# 다른 사람을 위해 저 자신을 희생하면서 까지 저의 자유로움을 포기하고 싶지는 않습니다.#@문장구분# 저는 혼자서도 자유롭고 당당하게 살아갈 자신이 있기 때문에 결혼보다는 비혼주의에 찬성하는 입장인 것입니다.#@문장구분#",
      "paragraph_len": 1023,
      "paragraph_id": "001"
    }
  ],
  "score": {
    "paragraph_score": [
      {
        "paragraph_scoreT": [
          3,
          2.4,
          3
        ],
        "paragraph_scoreT_detail": {
          "paragraph_scoreT_exp": [
            [
              3,
              3,
              3
            ],
            [
              2,
              3,
              2
            ],
            [
              3,
              3,
              3
            ]
          ]
        },
        "paragraph_scoreT_avg": 2.8,
        "paragraph_id": "001"
      }
    ],
    "essay_scoreT": [
      28.8,
      26.100002,
      28.8
    ],
    "essay_scoreT_avg": 27.9,
    "essay_scoreT_detail": {
      "essay_scoreT_org": [
        [
          3,
          0,
          3,
          3
        ],
        [
          3,
          0,
          2,
          3
        ],
        [
          3,
          0,
          3,
          3
        ]
      ],
      "essay_scoreT_cont": [
        [
          3,
          2,
          3,
          3
        ],
        [
          3,
          2,
          3,
          3
        ],
        [
          3,
          2,
          3,
          3
        ]
      ],
      "essay_scoreT_exp": [
        [
          3,
          3,
          3
        ],
        [
          2,
          3,
          2
        ],
        [
          3,
          3,
          3
        ]
      ]
    }
  },
  "student": {
    "date": "2021.12.13",
    "student_educated": true,
    "student_grade": "고등_1학년",
    "location": "063",
    "student_grade_group": "고등",
    "student_reading": 2
  },
  "rubric": {
    "essay_grade": "고등_1학년",
    "organization_weight": {
      "org_paragraph": 0,
      "org": 3,
      "org_essay": 6,
      "org_coherence": 3,
      "org_quantity": 1
    },
    "essay_type": "찬성반대",
    "content_weight": {
      "con_clearance": 3,
      "con_novelty": 3,
      "con": 4,
      "con_prompt": 1,
      "con_description": 3
    },
    "essay_main_subject": "비혼주의자에 대한 본인의 의견",
    "expression_weight": {
      "exp_style": 4,
      "exp_grammar": 2,
      "exp_vocab": 4,
      "exp": 3
    }
  },
  "correction": [],
  "info": {
    "essay_id": "ESSAY_71899",
    "essay_prompt": " \"\"연애는 필수, 결혼은 선택! 가슴이 뛰는 대로 가면 돼\"\".\n\n 유명한 유행가의 노래 가사처럼, 청년들에게 결혼은 이제 필수가 아닌 하나의 선택 사항입니다. 연애, 결혼, 출산을 포기한다는 의미의 '3포세대'라는 말이 나오기 무섭게 5포 세대, N포세대까지 등장할 정도로 취업난, 치솟는 부동산 가격 등 여러 사회·경제적 요인들로 청년층을 위축시켰습니다.\n\n 모두가 이러한 이유로 '결혼을 포기'하는 것만은 아닙니다. 개인의 행복을 위해 '비혼을 선택'하는 청년들도 늘고 있습니다. 이처럼 최근 전통적인 가치관에서 벗어나 연애와 동거는 하면서 결혼이라는 제도에 묶여 관계에서 파생되는 책임을 벗어나 자유로운 삶을 추구하는 비혼주의자가 늘고 있습니다.\n\n 다만, 개인의 자유로운 선택에 따라 비혼주의를 하지만 주변에서는 아직 고운 시선으로 바라보지 않는 사람도 많습니다. 결혼이라는 제도에 대해서 선택이 아닌 필수라고 생각하는 사람들도 많지요. 개개인이 모여 사회가 형성되기 때문에 사회의 가장 작은 단위인 가족을 이루는 것도 사회 구성원으로서의 큰 역할이라고 생각하는 사람들도 있습니다.\n\n 여러분은 결혼을 꼭 해야 한다고 생각하시나요? 아니면 결혼은 선택의 문제라고 생각하시나요? 비혼주의에 대해 찬성하는 입장 반대를 선택하여 자신의 의견을 작성해주세요. 그리고 그렇게 생각한 이유에 대해서 작성해주세요.",
    "essay_type": "찬성반대",
    "essay_level": "2",
    "essay_len": 803,
    "essay_main_subject": "비혼주의자에 대한 본인의 의견"
  }
}