{
  "paragraph": [
    {
      "paragraph_txt": "요새는 결혼을 하는 사람보다 결혼을 안하는 '비혼'을 하는 사람들이 많아지고 있는 추세이다.#@문장구분#\n이 상황에서 나는 비혼주의를 찬성을 한다.#@문장구분#\n1.자유롭게 생활.#@문장구분#\n결혼을 안할경우 집에서 나혼자 마음대로 생활할 수 있다.#@문장구분# 내가 집안일을 안하든,늦잠을 자든 어떤 짓을 해도 누구하나 간섭 할 사람이 없기 때문에 편하다.#@문장구분# 그리고 배우자와 같이 살다보면 의견충돌이 일어날 수 있는데 혼자 살 경우 그런일이 없다.#@문장구분# \n 2.육아 스트레스에서 해방.#@문장구분#\n나 혼자 사는것도 벅찬데 배우자와 함께 아이까지 키우게 되면 육아 관련 스트레스가 엄청날 것이다.#@문장구분# 경제적 능력을 떠나 아이를 키워 육아를 한다는거 자체가 엄청 힘든 일이다.#@문장구분# 비혼을 할 경우 이런 스트레스는 없어진다.#@문장구분# 그리고 자식이 다 커서 독립을 하게 되도 요새는 취업난때문에 지원을 해줘야 할 상황이 오게된다.#@문장구분#\n 3.시댁,처가 스트레스에서의 해방.#@문장구분#\n남자면 처가, 여자면 시댁쪽에서의 간섭이 엄청나게 올 것이다.#@문장구분# 두 쪽의 시선의식,용돈 지급 등 여러가지 신경쓸 부분이 많다.#@문장구분# 그밖에도 조직적인 분쟁 등 위험한 트러블도 일어 날 수 있다.#@문장구분#\n 4.재정적 이유.#@문장구분#\n결혼을 해 맞벌이가 아닌 이상 한쪽에서만 돈을 벌고 심지어 자식까지 있다면 재정적으로 엄청 힘들어 질 수 있다 일단 식비쪽에서의 지출이 엄청 날 것이고 수도세, 전기세 등 세금쪽에서 낼 비용도 혼자 살 경우 보다 더 많이 내야 할것이다.#@문장구분# 혼자 살 경우 몇 백,몇 천씩 쓰지 않는이상 재정적으로 엄청 힘들진 않다.#@문장구분# 취업을 못한 상황이라도 아르바이트 투잡정도를 뛰면 혼자 잘먹고 살 수 있다.#@문장구분#\n자동차쪽에서도 그런게 결혼을 해 살 경우 큰차 SUV나 대형차를 사서 가족들을 태우고 갈 수 있다.#@문장구분#\n그럴경우 유지비나,주유비 등 많이 들어가지만 혼자 살 경우 굳이 차를 안사도 되는 상황이라면 대중교통을 이요하거나 사야한다면 소형자처럼 실용성있고 작고 돈이 덜드는 차를 타고다녀도 문제가 없다.#@문장구분#\n5.이혼,자녀의존 등 복합정 리스크 회피.#@문장구분#\n결혼을 한다고 해서 무조건 배우자와 죽을때까지 산다는 일은 없다 중간에 이혼을 할 수도 있다.#@문장구분#\n그리고 이혼을 안한다고 해도 재정적으로 힘들면 자식의 의존도가 높아 질 수가 있다.#@문장구분#",
      "paragraph_len": 1539,
      "paragraph_id": "001"
    }
  ],
  "score": {
    "paragraph_score": [
      {
        "paragraph_scoreT": [
          2.6,
          3,
          3
        ],
        "paragraph_scoreT_detail": {
          "paragraph_scoreT_exp": [
            [
              3,
              2,
              3
            ],
            [
              3,
              3,
              3
            ],
            [
              3,
              3,
              3
            ]
          ]
        },
        "paragraph_scoreT_avg": 2.8666668,
        "paragraph_id": "001"
      }
    ],
    "essay_scoreT": [
      27,
      26.099998,
      25.800001
    ],
    "essay_scoreT_avg": 26.300001,
    "essay_scoreT_detail": {
      "essay_scoreT_org": [
        [
          2,
          0,
          3,
          3
        ],
        [
          2,
          0,
          2,
          3
        ],
        [
          2,
          0,
          3,
          3
        ]
      ],
      "essay_scoreT_cont": [
        [
          3,
          3,
          3,
          3
        ],
        [
          3,
          2,
          3,
          3
        ],
        [
          3,
          2,
          3,
          2
        ]
      ],
      "essay_scoreT_exp": [
        [
          3,
          2,
          3
        ],
        [
          3,
          3,
          3
        ],
        [
          3,
          3,
          3
        ]
      ]
    }
  },
  "student": {
    "date": "2021.10.24",
    "student_educated": true,
    "student_grade": "고등_1학년",
    "location": "063",
    "student_grade_group": "고등",
    "student_reading": 1
  },
  "rubric": {
    "essay_grade": "고등_1학년",
    "organization_weight": {
      "org_paragraph": 0,
      "org": 3,
      "org_essay": 6,
      "org_coherence": 3,
      "org_quantity": 1
    },
    "essay_type": "찬성반대",
    "content_weight": {
      "con_clearance": 3,
      "con_novelty": 3,
      "con": 4,
      "con_prompt": 1,
      "con_description": 3
    },
    "essay_main_subject": "비혼주의자에 대한 본인의 의견",
    "expression_weight": {
      "exp_style": 4,
      "exp_grammar": 2,
      "exp_vocab": 4,
      "exp": 3
    }
  },
  "correction": [],
  "info": {
    "essay_id": "ESSAY_43912",
    "essay_prompt": " \"\"연애는 필수, 결혼은 선택! 가슴이 뛰는 대로 가면 돼\"\".\n\n 유명한 유행가의 노래 가사처럼, 청년들에게 결혼은 이제 필수가 아닌 하나의 선택 사항입니다. 연애, 결혼, 출산을 포기한다는 의미의 '3포세대'라는 말이 나오기 무섭게 5포 세대, N포세대까지 등장할 정도로 취업난, 치솟는 부동산 가격 등 여러 사회·경제적 요인들로 청년층을 위축시켰습니다.\n\n 모두가 이러한 이유로 '결혼을 포기'하는 것만은 아닙니다. 개인의 행복을 위해 '비혼을 선택'하는 청년들도 늘고 있습니다. 이처럼 최근 전통적인 가치관에서 벗어나 연애와 동거는 하면서 결혼이라는 제도에 묶여 관계에서 파생되는 책임을 벗어나 자유로운 삶을 추구하는 비혼주의자가 늘고 있습니다.\n\n 다만, 개인의 자유로운 선택에 따라 비혼주의를 하지만 주변에서는 아직 고운 시선으로 바라보지 않는 사람도 많습니다. 결혼이라는 제도에 대해서 선택이 아닌 필수라고 생각하는 사람들도 많지요. 개개인이 모여 사회가 형성되기 때문에 사회의 가장 작은 단위인 가족을 이루는 것도 사회 구성원으로서의 큰 역할이라고 생각하는 사람들도 있습니다.\n\n 여러분은 결혼을 꼭 해야 한다고 생각하시나요? 아니면 결혼은 선택의 문제라고 생각하시나요? 비혼주의에 대해 찬성하는 입장 반대를 선택하여 자신의 의견을 작성해주세요. 그리고 그렇게 생각한 이유에 대해서 작성해주세요.",
    "essay_type": "찬성반대",
    "essay_level": "2",
    "essay_len": 1060,
    "essay_main_subject": "비혼주의자에 대한 본인의 의견"
  }
}