{
  "paragraph": [
    {
      "paragraph_txt": "지금 시대에 결혼하는 사람도 있지만 비혼을 추구하는 사람들도 늘고 있는 추세다.#@문장구분# 결혼은 서로를 책임지고 인생에 동반을 한다는거라고 생각하지만 요즘은 불륜이 많아지고 있어서 결혼에 대한 의심이든다.#@문장구분# 한사람만 상처받고 끝나는 경우가 많아 좀 반감이 든다.#@문장구분# 너무 부정적인 예이긴 한데 그래도 이건 현실적으로 발생하는 사실이다.#@문장구분# 단편적으로 부정적인 예이지만 이러한 이유로 난 비혼주의를 찬성한다.#@문장구분# 솔직히 대학을 졸업하고 직장을 구한다고 하지만 내가 원하는만큼 월급을 받을 수 없다.#@문장구분# 그리고 물가도 비싸고 특히 주택을 마련하기는 더욱 어렵다고 생각한다.#@문장구분# 어른들이 말이 월세로 시작해 서서히 넓혀나가 주택을 사면되고 백지장도 맞들면 낮다고 결혼해서 둘이 돈을 모아 빚을 갚으면 된다고 하는데 만약 한사람이 직장을 잃게 된다면 혼자 감당해야하는데 감당하는것도 어느 정도지 부담되고 힘들것 같다.#@문장구분# 이런 심적으로 부담을 겪고 싶지 않고 과하게 책임을 지고 싶지 않아서 이기적이지만 비혼을 추구하게 된다.#@문장구분# 또 다른 이유는 누군가의 아내, 며느리, 엄마 이런 타이틀로 나를 희생하고 싶지 않다.#@문장구분# 아직까지 한국 사회는 여성의 희생을 바란다.#@문장구분# 대리효도, 독박 육아, 가사노동, 경제적활동까지 완전 만능으로 해야한다. #@문장구분#그렇게 자신을 희생하고 인생을 갈아 넣은 경우도 있고 아닌 경우도 있지만 그런 희생의 결과가 항상 좋은건 아니였다.#@문장구분# \n 그 예가 우리 엄마다.#@문장구분# 종각집에 시집와서 엄청난 고생과 시집살이를 하셨고 아빠가 중간에서 엄마를 제대로 보호를 못했고 몸과 마음에 병을 얻으셨다.#@문장구분# 내가 부모님의 부정적인 결혼생활을 보고 커서인지 더욱이 비혼을 추구하는 이유다.#@문장구분#",
      "paragraph_len": 1125,
      "paragraph_id": "001"
    }
  ],
  "score": {
    "paragraph_score": [
      {
        "paragraph_scoreT": [
          3,
          2.8,
          2.8
        ],
        "paragraph_scoreT_detail": {
          "paragraph_scoreT_exp": [
            [
              3,
              3,
              3
            ],
            [
              2,
              3,
              3
            ],
            [
              2,
              3,
              3
            ]
          ]
        },
        "paragraph_scoreT_avg": 2.8666668,
        "paragraph_id": "001"
      }
    ],
    "essay_scoreT": [
      30,
      28.2,
      29.4
    ],
    "essay_scoreT_avg": 29.199999,
    "essay_scoreT_detail": {
      "essay_scoreT_org": [
        [
          3,
          0,
          3,
          3
        ],
        [
          3,
          0,
          3,
          3
        ],
        [
          3,
          0,
          3,
          3
        ]
      ],
      "essay_scoreT_cont": [
        [
          3,
          3,
          3,
          3
        ],
        [
          3,
          2,
          3,
          3
        ],
        [
          3,
          3,
          3,
          3
        ]
      ],
      "essay_scoreT_exp": [
        [
          3,
          3,
          3
        ],
        [
          2,
          3,
          3
        ],
        [
          2,
          3,
          3
        ]
      ]
    }
  },
  "student": {
    "date": "2021.11.01",
    "student_educated": true,
    "student_grade": "고등_1학년",
    "location": "044",
    "student_grade_group": "고등",
    "student_reading": 1
  },
  "rubric": {
    "essay_grade": "고등_1학년",
    "organization_weight": {
      "org_paragraph": 0,
      "org": 3,
      "org_essay": 6,
      "org_coherence": 3,
      "org_quantity": 1
    },
    "essay_type": "찬성반대",
    "content_weight": {
      "con_clearance": 3,
      "con_novelty": 3,
      "con": 4,
      "con_prompt": 1,
      "con_description": 3
    },
    "essay_main_subject": "비혼주의자에 대한 본인의 의견",
    "expression_weight": {
      "exp_style": 4,
      "exp_grammar": 2,
      "exp_vocab": 4,
      "exp": 3
    }
  },
  "correction": [],
  "info": {
    "essay_id": "ESSAY_65896",
    "essay_prompt": " \"\"연애는 필수, 결혼은 선택! 가슴이 뛰는 대로 가면 돼\"\".\n\n 유명한 유행가의 노래 가사처럼, 청년들에게 결혼은 이제 필수가 아닌 하나의 선택 사항입니다. 연애, 결혼, 출산을 포기한다는 의미의 '3포세대'라는 말이 나오기 무섭게 5포 세대, N포세대까지 등장할 정도로 취업난, 치솟는 부동산 가격 등 여러 사회·경제적 요인들로 청년층을 위축시켰습니다.\n\n 모두가 이러한 이유로 '결혼을 포기'하는 것만은 아닙니다. 개인의 행복을 위해 '비혼을 선택'하는 청년들도 늘고 있습니다. 이처럼 최근 전통적인 가치관에서 벗어나 연애와 동거는 하면서 결혼이라는 제도에 묶여 관계에서 파생되는 책임을 벗어나 자유로운 삶을 추구하는 비혼주의자가 늘고 있습니다.\n\n 다만, 개인의 자유로운 선택에 따라 비혼주의를 하지만 주변에서는 아직 고운 시선으로 바라보지 않는 사람도 많습니다. 결혼이라는 제도에 대해서 선택이 아닌 필수라고 생각하는 사람들도 많지요. 개개인이 모여 사회가 형성되기 때문에 사회의 가장 작은 단위인 가족을 이루는 것도 사회 구성원으로서의 큰 역할이라고 생각하는 사람들도 있습니다.\n\n 여러분은 결혼을 꼭 해야 한다고 생각하시나요? 아니면 결혼은 선택의 문제라고 생각하시나요? 비혼주의에 대해 찬성하는 입장 반대를 선택하여 자신의 의견을 작성해주세요. 그리고 그렇게 생각한 이유에 대해서 작성해주세요.",
    "essay_type": "찬성반대",
    "essay_level": "2",
    "essay_len": 805,
    "essay_main_subject": "비혼주의자에 대한 본인의 의견"
  }
}