{
  "paragraph": [
    {
      "paragraph_txt": "저는 비혼주의자에 대해서 찬성합니다.#@문장구분# 내 삶은 내가 꾸려 나가는 것입니다.#@문장구분# 옛 어른들 말씀엔 결혼을 해야 안정을 찾고 가정을 꾸려야 자식이 생겨야 삶을 안다고 어른이 된다고 말합니다.#@문장구분# 그건 어른들 생각인거 같습니다.#@문장구분# 결혼이 달갑지 않고 연애만 할수도 있는거고, 또 혼자만 살아갈수 있는데 가족을 꼭 이루어야된다? 그리고 꼭 아이를 낳아야된다? 는 펀견을 없애고싶습니다.#@문장구분# 요즘 부동산값도 그렇고 애기 키우는 사교육비도 그렇고 예전에 낳아만 놓으면 지알아서 큰다는 세상이 아닙니다.#@문장구분# 많은 돈과 시간과 노력이 들어갑니다.#@문장구분# 저는 저희 오빠가 결혼을 하든,안하든 전혀 관여할 생각이 없는데 한다고 하면 축하해주면 되는거고, 안한다고 하면 그냥 오빠의 인생이니까 그것 만으로 존중을 해주고싶다는 생각이 듭니다.#@문장구분# 그 사람이 삶을 나중에 후회할거라고 생각이 들수도 있고 걱정을 해줄수도 있지만 결국 결론은 그사람의 삶이기 때문에 그거대로 존중해주면 된다고 생각이 듭니다.#@문장구분# 그사람의 삶대로,나는 나의 삶대로 살아가고 존중해주시면 좋을거같습니다!#@문장구분# 자신의 결혼 생활이 즐거워서 추천하는것일수도 있습니다만, 결혼 생활은 사람마다 다른거잖아요.#@문장구분# 그 결혼이 행복할수도 있지만 정말 안좋을수도 있기에 억지로 하라고 강요를 안했으면 좋겠습니다.#@문장구분# 예전에는 결혼을 하지 않으면 낙오자나 도태된 사람이라고 여겨지기 일쑤였지만, 요즘같이 결혼은 선택인 시대에 결혼을 안 한다고 흠이 아니기 때문에 결혼을 하라고 강요하는 것은 자유주의에 어긋나는 것이라고 생각합니다.#@문장구분# 제시문과 노래에도 나와있듯이 연애는 필수, 결혼은 선택이라고 생각합니다.#@문장구분# 앞으로 더더욱 결혼을 안하고 자기의 삶을 즐기려는 사람들이 늘어날텐데 저는 이 현상이 나쁘지만은 않다고 봅니다.#@문장구분#",
      "paragraph_len": 1148,
      "paragraph_id": "001"
    }
  ],
  "score": {
    "paragraph_score": [
      {
        "paragraph_scoreT": [
          3,
          2,
          2.8
        ],
        "paragraph_scoreT_detail": {
          "paragraph_scoreT_exp": [
            [
              3,
              3,
              3
            ],
            [
              2,
              2,
              2
            ],
            [
              2,
              3,
              3
            ]
          ]
        },
        "paragraph_scoreT_avg": 2.6000001,
        "paragraph_id": "001"
      }
    ],
    "essay_scoreT": [
      30,
      25.2,
      26.400002
    ],
    "essay_scoreT_avg": 27.200003,
    "essay_scoreT_detail": {
      "essay_scoreT_org": [
        [
          3,
          0,
          3,
          3
        ],
        [
          2,
          0,
          3,
          3
        ],
        [
          2,
          0,
          3,
          3
        ]
      ],
      "essay_scoreT_cont": [
        [
          3,
          3,
          3,
          3
        ],
        [
          3,
          3,
          3,
          3
        ],
        [
          2,
          3,
          3,
          3
        ]
      ],
      "essay_scoreT_exp": [
        [
          3,
          3,
          3
        ],
        [
          2,
          2,
          2
        ],
        [
          2,
          3,
          3
        ]
      ]
    }
  },
  "student": {
    "date": "2021.12.17",
    "student_educated": true,
    "student_grade": "고등_1학년",
    "location": "044",
    "student_grade_group": "고등",
    "student_reading": 2
  },
  "rubric": {
    "essay_grade": "고등_1학년",
    "organization_weight": {
      "org_paragraph": 0,
      "org": 3,
      "org_essay": 6,
      "org_coherence": 3,
      "org_quantity": 1
    },
    "essay_type": "찬성반대",
    "content_weight": {
      "con_clearance": 3,
      "con_novelty": 3,
      "con": 4,
      "con_prompt": 1,
      "con_description": 3
    },
    "essay_main_subject": "비혼주의자에 대한 본인의 의견",
    "expression_weight": {
      "exp_style": 4,
      "exp_grammar": 2,
      "exp_vocab": 4,
      "exp": 3
    }
  },
  "correction": [],
  "info": {
    "essay_id": "ESSAY_66179",
    "essay_prompt": " \"\"연애는 필수, 결혼은 선택! 가슴이 뛰는 대로 가면 돼\"\".\n\n 유명한 유행가의 노래 가사처럼, 청년들에게 결혼은 이제 필수가 아닌 하나의 선택 사항입니다. 연애, 결혼, 출산을 포기한다는 의미의 '3포세대'라는 말이 나오기 무섭게 5포 세대, N포세대까지 등장할 정도로 취업난, 치솟는 부동산 가격 등 여러 사회·경제적 요인들로 청년층을 위축시켰습니다.\n\n 모두가 이러한 이유로 '결혼을 포기'하는 것만은 아닙니다. 개인의 행복을 위해 '비혼을 선택'하는 청년들도 늘고 있습니다. 이처럼 최근 전통적인 가치관에서 벗어나 연애와 동거는 하면서 결혼이라는 제도에 묶여 관계에서 파생되는 책임을 벗어나 자유로운 삶을 추구하는 비혼주의자가 늘고 있습니다.\n\n 다만, 개인의 자유로운 선택에 따라 비혼주의를 하지만 주변에서는 아직 고운 시선으로 바라보지 않는 사람도 많습니다. 결혼이라는 제도에 대해서 선택이 아닌 필수라고 생각하는 사람들도 많지요. 개개인이 모여 사회가 형성되기 때문에 사회의 가장 작은 단위인 가족을 이루는 것도 사회 구성원으로서의 큰 역할이라고 생각하는 사람들도 있습니다.\n\n 여러분은 결혼을 꼭 해야 한다고 생각하시나요? 아니면 결혼은 선택의 문제라고 생각하시나요? 비혼주의에 대해 찬성하는 입장 반대를 선택하여 자신의 의견을 작성해주세요. 그리고 그렇게 생각한 이유에 대해서 작성해주세요.",
    "essay_type": "찬성반대",
    "essay_level": "2",
    "essay_len": 848,
    "essay_main_subject": "비혼주의자에 대한 본인의 의견"
  }
}