{
  "paragraph": [
    {
      "paragraph_txt": "나는 비혼주의 찬성한다.#@문장구분# 애초에 결혼은 의무가 아닌 선택이기 때문에 굳이 자신이 원하지 않는이상 하지 않아도 된다고 생각한다.#@문장구분# 결혼을 하게 되면서 생기는 갈등 또한 겪지 않을 것이고 결혼을 하기 위해 감정 소모도 할 필요 없고 많은 돈을 모으려고 애쓰지 않아도 될 것이다.#@문장구분# 많은 사람들이 결혼을 꺼려 하는데는 이유가 있다고 생각한다.#@문장구분# 결혼을 하게 되면 필수적으로 추석 또는 명절 때마다 만나야 하는 친척 시댁 등 그것이 부담스러워 결혼을 피할 수도 있는것이고, 법이라는 제도가 부담스럽게 느껴질 수도 있고 결혼 후 처가댁과 시댁의 관계가 부담스럽고 감당하기 어렵다고 생각할 수도 있을 것이다.#@문장구분# 그외에도 경제적인 이유나 육아에대한 스트레스 등 수많은 이유가 있을 것이라고 생각한다.#@문장구분# 현대로 오면서 남녀차별이 많이 없어졌다고는 하지만 우리의 생활 곳곳에는 여전히 차별이 존재하고, 따라서 그로 인한 남녀간의 스트레스가 서로에게 좋지 않은 모습으로 다가올 것이라고 생각된다.#@문장구분#  살아온 환경, 평소에 듣는 말 등으로 인해 생각이 다른 사람과 결혼 함으로써 얻는것도 있겠지만 서로 맞지 않는 부분도 많을 것인데 이런 스트레스를 경험하면서 까지 결혼을 생각 하지 않는 사람이 많아지는것 같다.#@문장구분# 또한 자신에게 더 집중할 수 있는 시간도 늘고 개인 시간을 이용하는 시간도 결혼을 하게 되면 줄어들 수도 있기 때문에 꺼려하기도 한다.#@문장구분# 혼인과 비혼, 모두 각자의 장단점이 있지만 난 평생을 기약하며 모험을 하고 싶은 것이 아니라면 난 비혼을 더 추천하고 싶다.#@문장구분# 구지 결혼이라는 관계에서 벗어나 서로 부담 없이 사랑을 나누면서 자유까지 얻으니 비혼주의가 훨씬 좋은것같다는 생각이다.#@문장구분#",
      "paragraph_len": 1038,
      "paragraph_id": "001"
    }
  ],
  "score": {
    "paragraph_score": [
      {
        "paragraph_scoreT": [
          3,
          2.4,
          2.8
        ],
        "paragraph_scoreT_detail": {
          "paragraph_scoreT_exp": [
            [
              3,
              3,
              3
            ],
            [
              2,
              3,
              2
            ],
            [
              2,
              3,
              3
            ]
          ]
        },
        "paragraph_scoreT_avg": 2.7333333,
        "paragraph_id": "001"
      }
    ],
    "essay_scoreT": [
      30,
      26.100002,
      29.4
    ],
    "essay_scoreT_avg": 28.5,
    "essay_scoreT_detail": {
      "essay_scoreT_org": [
        [
          3,
          0,
          3,
          3
        ],
        [
          3,
          0,
          2,
          3
        ],
        [
          3,
          0,
          3,
          3
        ]
      ],
      "essay_scoreT_cont": [
        [
          3,
          3,
          3,
          3
        ],
        [
          3,
          2,
          3,
          3
        ],
        [
          3,
          3,
          3,
          3
        ]
      ],
      "essay_scoreT_exp": [
        [
          3,
          3,
          3
        ],
        [
          2,
          3,
          2
        ],
        [
          2,
          3,
          3
        ]
      ]
    }
  },
  "student": {
    "date": "2021.12.15",
    "student_educated": true,
    "student_grade": "고등_1학년",
    "location": "063",
    "student_grade_group": "고등",
    "student_reading": 2
  },
  "rubric": {
    "essay_grade": "고등_1학년",
    "organization_weight": {
      "org_paragraph": 0,
      "org": 3,
      "org_essay": 6,
      "org_coherence": 3,
      "org_quantity": 1
    },
    "essay_type": "찬성반대",
    "content_weight": {
      "con_clearance": 3,
      "con_novelty": 3,
      "con": 4,
      "con_prompt": 1,
      "con_description": 3
    },
    "essay_main_subject": "비혼주의자에 대한 본인의 의견",
    "expression_weight": {
      "exp_style": 4,
      "exp_grammar": 2,
      "exp_vocab": 4,
      "exp": 3
    }
  },
  "correction": [],
  "info": {
    "essay_id": "ESSAY_71957",
    "essay_prompt": " \"\"연애는 필수, 결혼은 선택! 가슴이 뛰는 대로 가면 돼\"\".\n\n 유명한 유행가의 노래 가사처럼, 청년들에게 결혼은 이제 필수가 아닌 하나의 선택 사항입니다. 연애, 결혼, 출산을 포기한다는 의미의 '3포세대'라는 말이 나오기 무섭게 5포 세대, N포세대까지 등장할 정도로 취업난, 치솟는 부동산 가격 등 여러 사회·경제적 요인들로 청년층을 위축시켰습니다.\n\n 모두가 이러한 이유로 '결혼을 포기'하는 것만은 아닙니다. 개인의 행복을 위해 '비혼을 선택'하는 청년들도 늘고 있습니다. 이처럼 최근 전통적인 가치관에서 벗어나 연애와 동거는 하면서 결혼이라는 제도에 묶여 관계에서 파생되는 책임을 벗어나 자유로운 삶을 추구하는 비혼주의자가 늘고 있습니다.\n\n 다만, 개인의 자유로운 선택에 따라 비혼주의를 하지만 주변에서는 아직 고운 시선으로 바라보지 않는 사람도 많습니다. 결혼이라는 제도에 대해서 선택이 아닌 필수라고 생각하는 사람들도 많지요. 개개인이 모여 사회가 형성되기 때문에 사회의 가장 작은 단위인 가족을 이루는 것도 사회 구성원으로서의 큰 역할이라고 생각하는 사람들도 있습니다.\n\n 여러분은 결혼을 꼭 해야 한다고 생각하시나요? 아니면 결혼은 선택의 문제라고 생각하시나요? 비혼주의에 대해 찬성하는 입장 반대를 선택하여 자신의 의견을 작성해주세요. 그리고 그렇게 생각한 이유에 대해서 작성해주세요.",
    "essay_type": "찬성반대",
    "essay_level": "2",
    "essay_len": 818,
    "essay_main_subject": "비혼주의자에 대한 본인의 의견"
  }
}