{
  "paragraph": [
    {
      "paragraph_txt": "나는 비혼주의에 찬성한다.#@문장구분# 지금 시대엔 남자건 여자건 혼자서도 충분히 살아갈 수 있는 사회적 시스템이 잘 갖춰져 있는거 같다.#@문장구분# 부부가 서로 열심히 일하여 재산을 많이 모으는 경우도 많지만 결혼을 하면 부부 공통으로 나가는 생활비나 집값이 생기는데 정확히 이게 얼마라고 할 순 없지만 누구에게나 만만치 않은 금액일 것임은 분명하고 또 만약 결혼해서 자녀를 가진다면 자녀를 양육하는데 드는 교육비가 생기는데 전체적으로 현대인이 자녀 한 명을 양육하는데 드는 비용은 최소 1억 원 이상이라는 사실은 이미 유명하다.#@문장구분# 이런 상황에서 최근 취업하는 것이 어려워 결혼 자금을 마련하기가 쉽지 않다.#@문장구분# 두 번째로 결혼 생활이 자신에게 맞지 않을 수도 있기 때문이다.#@문장구분# 결혼을 하게 되면 결혼 생활이 필수적으로 따라오는데 같이 생활하는 것보다 혼자서 생활하는 것을 더 선호하는 사람들도 있고 게임을 하거나 만화 감상 또는 밖에 나가서 운동하기와 같은 개인적인 여가 활동을 하는 것이 배우자의 눈치를 보거나 같이 무언가를 해야 한다는 압박감 때문에 제한될 수 있다고 생각하고 또 가사, 자녀 양육, 생계유지 등은 결혼을 하면 필수적으로 해야 하는데 누구에게나 해당되겠지만 이것들로 스트레스 받지 않는 사람은 없다.#@문장구분# 자신만의 스트레스 해소법이 있다면 다행이기 때문이지만 이것들로 받는 스트레스는 교육용 영상에 나오는 것처럼 가족들에게 직접 털어놓아 해결하기가 쉽지 않다.#@문장구분# 세 번째로 책임을 지는 것이 힘들 수 있기 때문이다.#@문장구분# 현실의 결혼은 만화에서처럼 서로 좋다고 바로 하는 것이 아니라 책임감을 가지고 신중히 하는 것이다.#@문장구분# 결혼을 하면 자신이 행복할 점도 분명히 있겠지만 결혼을 하면 내가 책임져야 하는 것들이 생기는데 당연하게도 책임을 지는 것은 누구나 좋아하지 않는다.#@문장구분# 그러니 책임을 지기 싫거나 어렵다면 책임을 져야 하는 일을 만들지 않는 것도 방법 중 하나라고 생각한다.#@문장구분#",
      "paragraph_len": 1147,
      "paragraph_id": "001"
    }
  ],
  "score": {
    "paragraph_score": [
      {
        "paragraph_scoreT": [
          3,
          3,
          2
        ],
        "paragraph_scoreT_detail": {
          "paragraph_scoreT_exp": [
            [
              3,
              3,
              3
            ],
            [
              3,
              3,
              3
            ],
            [
              2,
              2,
              2
            ]
          ]
        },
        "paragraph_scoreT_avg": 2.6666667,
        "paragraph_id": "001"
      }
    ],
    "essay_scoreT": [
      30,
      30,
      24
    ],
    "essay_scoreT_avg": 28,
    "essay_scoreT_detail": {
      "essay_scoreT_org": [
        [
          3,
          0,
          3,
          3
        ],
        [
          3,
          0,
          3,
          3
        ],
        [
          2,
          0,
          3,
          3
        ]
      ],
      "essay_scoreT_cont": [
        [
          3,
          3,
          3,
          3
        ],
        [
          3,
          3,
          3,
          3
        ],
        [
          2,
          3,
          3,
          3
        ]
      ],
      "essay_scoreT_exp": [
        [
          3,
          3,
          3
        ],
        [
          3,
          3,
          3
        ],
        [
          2,
          2,
          2
        ]
      ]
    }
  },
  "student": {
    "date": "2021.12.17",
    "student_educated": true,
    "student_grade": "고등_1학년",
    "location": "044",
    "student_grade_group": "고등",
    "student_reading": 2
  },
  "rubric": {
    "essay_grade": "고등_1학년",
    "organization_weight": {
      "org_paragraph": 0,
      "org": 3,
      "org_essay": 6,
      "org_coherence": 3,
      "org_quantity": 1
    },
    "essay_type": "찬성반대",
    "content_weight": {
      "con_clearance": 3,
      "con_novelty": 3,
      "con": 4,
      "con_prompt": 1,
      "con_description": 3
    },
    "essay_main_subject": "비혼주의자에 대한 본인의 의견",
    "expression_weight": {
      "exp_style": 4,
      "exp_grammar": 2,
      "exp_vocab": 4,
      "exp": 3
    }
  },
  "correction": [],
  "info": {
    "essay_id": "ESSAY_66175",
    "essay_prompt": " \"\"연애는 필수, 결혼은 선택! 가슴이 뛰는 대로 가면 돼\"\".\n\n 유명한 유행가의 노래 가사처럼, 청년들에게 결혼은 이제 필수가 아닌 하나의 선택 사항입니다. 연애, 결혼, 출산을 포기한다는 의미의 '3포세대'라는 말이 나오기 무섭게 5포 세대, N포세대까지 등장할 정도로 취업난, 치솟는 부동산 가격 등 여러 사회·경제적 요인들로 청년층을 위축시켰습니다.\n\n 모두가 이러한 이유로 '결혼을 포기'하는 것만은 아닙니다. 개인의 행복을 위해 '비혼을 선택'하는 청년들도 늘고 있습니다. 이처럼 최근 전통적인 가치관에서 벗어나 연애와 동거는 하면서 결혼이라는 제도에 묶여 관계에서 파생되는 책임을 벗어나 자유로운 삶을 추구하는 비혼주의자가 늘고 있습니다.\n\n 다만, 개인의 자유로운 선택에 따라 비혼주의를 하지만 주변에서는 아직 고운 시선으로 바라보지 않는 사람도 많습니다. 결혼이라는 제도에 대해서 선택이 아닌 필수라고 생각하는 사람들도 많지요. 개개인이 모여 사회가 형성되기 때문에 사회의 가장 작은 단위인 가족을 이루는 것도 사회 구성원으로서의 큰 역할이라고 생각하는 사람들도 있습니다.\n\n 여러분은 결혼을 꼭 해야 한다고 생각하시나요? 아니면 결혼은 선택의 문제라고 생각하시나요? 비혼주의에 대해 찬성하는 입장 반대를 선택하여 자신의 의견을 작성해주세요. 그리고 그렇게 생각한 이유에 대해서 작성해주세요.",
    "essay_type": "찬성반대",
    "essay_level": "2",
    "essay_len": 927,
    "essay_main_subject": "비혼주의자에 대한 본인의 의견"
  }
}