{
  "paragraph": [
    {
      "paragraph_txt": "저는 비혼 주의에 반대합니다.#@문장구분# 결혼을 하지 않겠다는 것은 가정을 이루지 않겠다는 것이고 사회의 가장 작은 단위인 가정이 더 이상 만들어지지 않는다면 극단적일 경우 사회가 붕괴할 수도 있다고 생각합니다.#@문장구분# 결혼 제도가 생긴 것은 선사시대부터입니다.#@문장구분# 결혼 제도가 생긴 목적은 자식의 부모가 누구인지를 확실하게 해 부모가 자식의 양육을 포기하거나 방치하게 하는 일이 없게 하기 위해서였습니다.#@문장구분# 과거의 사람들은 이처럼 가정의 중요성을 잘 알고 있었습니다.#@문장구분# 비혼 주의자의 경우 배우자 없이 혼자 아이를 키우거나 아예 아이를 가지지 않을 것이라고 말하는 사람들이 대다수입니다.#@문장구분# 후자의 경우가 더욱 늘어난다면 출산율이 꾸준히 하향곡선을 그리고 있는 대한민국은 인구감소로 인한 각종 문제들을 감당할 수 없게 될 것이고 전자의 경우 생기는 문제도 만만치 않게 존재합니다.#@문장구분# 부모는 자식의 거울이라는 말이 있듯이 자식에게 부모가 끼치는 영향은 상상이상으로 큽니다.#@문장구분# 저 같은 경우는 아주 어렸을 때부터 부모님께서 서로에게 존댓말을 쓰시고 저에게도 존댓말을 쓰셨기 때문에 지금까지도 존댓말을 쓰고 있습니다.#@문장구분# 그래서 다른 아이들이 부모님께 반말하는 것을 보고 놀랐던 기억이 있습니다.#@문장구분# 아이는 부모가 상대방을 어떻게 대하는 지와 자신을 어떻게 대하는 지를 보고 사회성을 학습합니다.#@문장구분# 이런 면에서 한 명의 양육자만 있는 가정은 두 명의 양육자가 있는 가정보다 아이를 교육하기 어려울 수 있습니다.#@문장구분# 금전적인 부분에서도 한 명의 수입만으로 아이를 키우기에는 역부족인 경우가 많습니다.#@문장구분# 그렇기 때문에 대다수의 비혼 주의자들은 아이도 낳지 않을 것이라고 말합니다.#@문장구분# 이 상황이 지속된다면 한국의 저출산 문제는 해결하기 어려울 것입니다. #@문장구분#",
      "paragraph_len": 1143,
      "paragraph_id": "001"
    }
  ],
  "score": {
    "paragraph_score": [
      {
        "paragraph_scoreT": [
          3,
          2.8,
          3
        ],
        "paragraph_scoreT_detail": {
          "paragraph_scoreT_exp": [
            [
              3,
              3,
              3
            ],
            [
              2,
              3,
              3
            ],
            [
              3,
              3,
              3
            ]
          ]
        },
        "paragraph_scoreT_avg": 2.9333334,
        "paragraph_id": "001"
      }
    ],
    "essay_scoreT": [
      30,
      28.2,
      27.2
    ],
    "essay_scoreT_avg": 28.466667,
    "essay_scoreT_detail": {
      "essay_scoreT_org": [
        [
          3,
          0,
          3,
          3
        ],
        [
          3,
          0,
          3,
          3
        ],
        [
          3,
          0,
          3,
          3
        ]
      ],
      "essay_scoreT_cont": [
        [
          3,
          3,
          3,
          3
        ],
        [
          3,
          2,
          3,
          3
        ],
        [
          2,
          3,
          2,
          2
        ]
      ],
      "essay_scoreT_exp": [
        [
          3,
          3,
          3
        ],
        [
          2,
          3,
          3
        ],
        [
          3,
          3,
          3
        ]
      ]
    }
  },
  "student": {
    "date": "2021.12.15",
    "student_educated": true,
    "student_grade": "고등_1학년",
    "location": "063",
    "student_grade_group": "고등",
    "student_reading": 2
  },
  "rubric": {
    "essay_grade": "고등_1학년",
    "organization_weight": {
      "org_paragraph": 0,
      "org": 3,
      "org_essay": 6,
      "org_coherence": 3,
      "org_quantity": 1
    },
    "essay_type": "찬성반대",
    "content_weight": {
      "con_clearance": 3,
      "con_novelty": 3,
      "con": 4,
      "con_prompt": 1,
      "con_description": 3
    },
    "essay_main_subject": "비혼주의자에 대한 본인의 의견",
    "expression_weight": {
      "exp_style": 4,
      "exp_grammar": 2,
      "exp_vocab": 4,
      "exp": 3
    }
  },
  "correction": [],
  "info": {
    "essay_id": "ESSAY_65834",
    "essay_prompt": " \"\"연애는 필수, 결혼은 선택! 가슴이 뛰는 대로 가면 돼\"\".\n\n 유명한 유행가의 노래 가사처럼, 청년들에게 결혼은 이제 필수가 아닌 하나의 선택 사항입니다. 연애, 결혼, 출산을 포기한다는 의미의 '3포세대'라는 말이 나오기 무섭게 5포 세대, N포세대까지 등장할 정도로 취업난, 치솟는 부동산 가격 등 여러 사회·경제적 요인들로 청년층을 위축시켰습니다.\n\n 모두가 이러한 이유로 '결혼을 포기'하는 것만은 아닙니다. 개인의 행복을 위해 '비혼을 선택'하는 청년들도 늘고 있습니다. 이처럼 최근 전통적인 가치관에서 벗어나 연애와 동거는 하면서 결혼이라는 제도에 묶여 관계에서 파생되는 책임을 벗어나 자유로운 삶을 추구하는 비혼주의자가 늘고 있습니다.\n\n 다만, 개인의 자유로운 선택에 따라 비혼주의를 하지만 주변에서는 아직 고운 시선으로 바라보지 않는 사람도 많습니다. 결혼이라는 제도에 대해서 선택이 아닌 필수라고 생각하는 사람들도 많지요. 개개인이 모여 사회가 형성되기 때문에 사회의 가장 작은 단위인 가족을 이루는 것도 사회 구성원으로서의 큰 역할이라고 생각하는 사람들도 있습니다.\n\n 여러분은 결혼을 꼭 해야 한다고 생각하시나요? 아니면 결혼은 선택의 문제라고 생각하시나요? 비혼주의에 대해 찬성하는 입장 반대를 선택하여 자신의 의견을 작성해주세요. 그리고 그렇게 생각한 이유에 대해서 작성해주세요.",
    "essay_type": "찬성반대",
    "essay_level": "2",
    "essay_len": 838,
    "essay_main_subject": "비혼주의자에 대한 본인의 의견"
  }
}