{
  "paragraph": [
    {
      "paragraph_txt": "\"연애는 필수, 결혼은 선택! 가슴이 뛰는 대로 가면 돼\".#@문장구분#\n 유명한 유행가의 노래가 있닥도 하는데 처음 듣는다.#@문장구분# 노래가사가 재치있고 사회를 반영하는거 같아 좋다. #@문장구분#나는 비혼주의에 대해서 찬성한다.#@문장구분# 찬성하는 이유는 요즘 결혼보다 비혼주의자가 늘어나고 있다.#@문장구분# 내가 생각하기에는 요즘은 물가와 집 그리고 일자리도 제대로 잡지 못하는 청년들이 많아지면서 결혼을 한다해도 늦게하고 결혼을 할 때 비용도 엄청 들어가기 때문에 결혼보다 비혼주의자의 비율이 더 높아지고 결혼의 수가 더 내려간다고 생각한다.#@문장구분# 결정적인 이유는 결혼을하면 아이를 낳아야 하는 고정관념이 있는데 아기를 낳고 키울 때 돈이 엄청 많이 든다.#@문장구분# 하지만 이 돈을 벌거나 구하기가 힘들기 때문에 확실하게 돈을 벌수 있고 확실하게 결혼과 아이를 키울 수 있는 환경과 직업을 구해야하기 때문에 결혼을 무리하게 해서 힘든 것보다 비혼주의자로 돈을 벌며 생활하는것도 편하다고 생각하기 때문이다.#@문장구분# 그러므로 비혼주의자의 대해서 찬성한다.#@문장구분# 당장 결혼을 하게 되면 내가 살집 그리고 임신과 동시 출산을 하게 되면 아이를 양육하는데 들어가는 비용도 만만치 않기 때문이다.#@문장구분# 또 여자들은 임신 육아로 그전까지의 커리어를 버려야 하는 경우가 많다.#@문장구분# 또 그걸 유지하기 위해선 돈이 많이든다.#@문장구분# 육아비용, 가정을 유지하기위한 비용 비싼 집값만으로도 머리가 아프다.#@문장구분#출산후 배우자의 경단을 어쩔껀가?#@문장구분# 사회적으로 현실적으로 우리나라에서 비혼주의자들을 살기 위한 대책이나 현실적인 부분이 해결이 되어야 할 것 같다.#@문장구분#  갈수록 이런 사회적인 문제는 더 심각해질텐데 과연 누가 결혼이라는 현실적인 부분앞에 얼마나 선뜻 할수 있을까.#@문장구분#",
      "paragraph_len": 1131,
      "paragraph_id": "001"
    }
  ],
  "score": {
    "paragraph_score": [
      {
        "paragraph_scoreT": [
          2.4,
          2.8,
          2.8
        ],
        "paragraph_scoreT_detail": {
          "paragraph_scoreT_exp": [
            [
              2,
              3,
              2
            ],
            [
              2,
              3,
              3
            ],
            [
              2,
              3,
              3
            ]
          ]
        },
        "paragraph_scoreT_avg": 2.6666667,
        "paragraph_id": "001"
      }
    ],
    "essay_scoreT": [
      27,
      28.2,
      29.4
    ],
    "essay_scoreT_avg": 28.199999,
    "essay_scoreT_detail": {
      "essay_scoreT_org": [
        [
          3,
          0,
          3,
          3
        ],
        [
          3,
          0,
          3,
          3
        ],
        [
          3,
          0,
          3,
          3
        ]
      ],
      "essay_scoreT_cont": [
        [
          3,
          2,
          3,
          3
        ],
        [
          3,
          2,
          3,
          3
        ],
        [
          3,
          3,
          3,
          3
        ]
      ],
      "essay_scoreT_exp": [
        [
          2,
          3,
          2
        ],
        [
          2,
          3,
          3
        ],
        [
          2,
          3,
          3
        ]
      ]
    }
  },
  "student": {
    "date": "2021.12.09",
    "student_educated": true,
    "student_grade": "고등_1학년",
    "location": "063",
    "student_grade_group": "고등",
    "student_reading": 2
  },
  "rubric": {
    "essay_grade": "고등_1학년",
    "organization_weight": {
      "org_paragraph": 0,
      "org": 3,
      "org_essay": 6,
      "org_coherence": 3,
      "org_quantity": 1
    },
    "essay_type": "찬성반대",
    "content_weight": {
      "con_clearance": 3,
      "con_novelty": 3,
      "con": 4,
      "con_prompt": 1,
      "con_description": 3
    },
    "essay_main_subject": "비혼주의자에 대한 본인의 의견",
    "expression_weight": {
      "exp_style": 4,
      "exp_grammar": 2,
      "exp_vocab": 4,
      "exp": 3
    }
  },
  "correction": [],
  "info": {
    "essay_id": "ESSAY_61050",
    "essay_prompt": " \"\"연애는 필수, 결혼은 선택! 가슴이 뛰는 대로 가면 돼\"\".\n\n 유명한 유행가의 노래 가사처럼, 청년들에게 결혼은 이제 필수가 아닌 하나의 선택 사항입니다. 연애, 결혼, 출산을 포기한다는 의미의 '3포세대'라는 말이 나오기 무섭게 5포 세대, N포세대까지 등장할 정도로 취업난, 치솟는 부동산 가격 등 여러 사회·경제적 요인들로 청년층을 위축시켰습니다.\n\n 모두가 이러한 이유로 '결혼을 포기'하는 것만은 아닙니다. 개인의 행복을 위해 '비혼을 선택'하는 청년들도 늘고 있습니다. 이처럼 최근 전통적인 가치관에서 벗어나 연애와 동거는 하면서 결혼이라는 제도에 묶여 관계에서 파생되는 책임을 벗어나 자유로운 삶을 추구하는 비혼주의자가 늘고 있습니다.\n\n 다만, 개인의 자유로운 선택에 따라 비혼주의를 하지만 주변에서는 아직 고운 시선으로 바라보지 않는 사람도 많습니다. 결혼이라는 제도에 대해서 선택이 아닌 필수라고 생각하는 사람들도 많지요. 개개인이 모여 사회가 형성되기 때문에 사회의 가장 작은 단위인 가족을 이루는 것도 사회 구성원으로서의 큰 역할이라고 생각하는 사람들도 있습니다.\n\n 여러분은 결혼을 꼭 해야 한다고 생각하시나요? 아니면 결혼은 선택의 문제라고 생각하시나요? 비혼주의에 대해 찬성하는 입장 반대를 선택하여 자신의 의견을 작성해주세요. 그리고 그렇게 생각한 이유에 대해서 작성해주세요.",
    "essay_type": "찬성반대",
    "essay_level": "2",
    "essay_len": 813,
    "essay_main_subject": "비혼주의자에 대한 본인의 의견"
  }
}