{
  "paragraph": [
    {
      "paragraph_txt": "비혼주의자에 대한 자신의 견해를 수립하려면 우선 이것이 무엇이며 그들을 왜 그런 선택을 하였고, 어떤 배경을 가지고 있으며, 사회적 인식이 어떠한지를 알아야 한다고 생각한다.#@문장구분# ",
      "paragraph_len": 118,
      "paragraph_id": "001"
    },
    {
      "paragraph_txt": " 비혼주의자에 대한 정의는 한국에서 .결혼은 필수가 아니라, 선택이라고 생각하는 이를 일컫는 말이다.#@문장구분# 해외에서는 어떠할까? 유의어로는 non-marriageist가 있다.#@문장구분# 이는 '결혼을 하지 않겠다'가 아닌 '가족을 만들지 않겠다'라는 의사를 표출하는 사람들을 지칭하는 말로 사용된다.#@문장구분# 해외에는 국내에서 사용하는 '비혼주의자'라는 개념 자체가 존재하지 않는 것이다.#@문장구분# '비혼주의자'라는 말이 있다는 것 자체가 의미하는 바가 해외의 다른 나라(평균적인)들에 비해 대한민국에서 특히 결혼에 대한 사회적 통념이 개인에게 강제되고 있다는 혹은 있었다는 것이지 않을까?#@문장구분#",
      "paragraph_len": 412,
      "paragraph_id": "002"
    },
    {
      "paragraph_txt": " 그렇다면 비혼주의자들은 왜 그런 선택을 하였을까?#@문장구분# 인크루트의 설문조사에 따르면, 비혼을 결정하는 요인으로 여성은 암묵적인 자녀 출산 요구(25.7%), 경제적 여유 부족(16.8%)이 대표적이었고, 남성은 경제적 여유 부족(56.9%)이 가장 많았다.#@문장구분#  이것이 시사하는 바는 무엇일까?#@문장구분# 만약 사회적 압박, 경제적 부담이 없었어도 그들은 비혼이라는 같은 선택을 할까?#@문장구분# 모든 문제 없이 의식주를 제공하고 사회적 압박이 없는 자신의 가치관에 따른 선택만이 존중받는다면 비혼주의자들은 아마 소수에 불과할 것이다.#@문장구분# 그러므로 비혼주의자들의 생각을 돌리겠다고 하는 말은 사회적 구조 자체가 변하지 않는 이상 아무런 효과가 없는 것이고 경제적인 부분은 국가가 개입하여 그에 맞는 적절한 대응을 취해야 할 것이지만, 이것들을 이상향에 불과하다.#@문장구분# 그러니 우리는 그들의 생각이 무엇이든, 어떤 배경을 가지고 그러한 선택을 하였든 그것이 우리에게 해를 가하지 않는다면 그들의 생각을 존중해야 하지 않을까?#@문장구분#\n \n 사회적 인식 또한 그러하다.#@문장구분# 비혼주의자들이 한심하고 이상한 사람일 것 같다는 시선은 10%정도에 불과하다.#@문장구분# 무엇보다 대한민국은 민주주의 공화국이지 않은가.#@문장구분# 개인의 권리가 중요시되는 국가에서 사회주의나 공산주의에서 나타날 사회적인 강요는 어떤 집단이든 국가가 추구하는 것과 확연히 다른 모습을 띌 수밖에 없다.#@문장구분# 대한민국에서 과거에 그러한 관습이 행해지던 것은 사실이지만, 전통이라는 것을 언제나 부숴져왔고 개인의 가치는 중요시하는 현 체제에 이르러서는 과거의 집단주의적인 관습은 부숴지고 있는 것이다.#@문장구분# \n  비혼주의자들에 대하여 찬반을 가린다는 것은 개인의 가치를 존중하는 현 체제에 맞지 않는 일이지만, 현 체제에 맞지 않는다고 하여 무조건 찬성을 하라는 것 또한 개인주의가 아닌 집단주의적인 생각이다.#@문장구분# 그러므로 우리는 이들에 대하여 찬반을 나눠 논쟁을 벌이는 것이 아니고 개인의 가치관을 존중하고 받아들이는 태도가 필요하다고 나는 생각한다.#@문장구분#",
      "paragraph_len": 1250,
      "paragraph_id": "003"
    }
  ],
  "score": {
    "paragraph_score": [
      {
        "paragraph_scoreT": [
          3,
          3,
          3
        ],
        "paragraph_scoreT_detail": {
          "paragraph_scoreT_exp": [
            [
              3,
              3,
              3
            ],
            [
              3,
              3,
              3
            ],
            [
              3,
              3,
              3
            ]
          ]
        },
        "paragraph_scoreT_avg": 3,
        "paragraph_id": "001"
      },
      {
        "paragraph_scoreT": [
          3,
          3,
          3
        ],
        "paragraph_scoreT_detail": {
          "paragraph_scoreT_exp": [
            [
              3,
              3,
              3
            ],
            [
              3,
              3,
              3
            ],
            [
              3,
              3,
              3
            ]
          ]
        },
        "paragraph_scoreT_avg": 3,
        "paragraph_id": "002"
      },
      {
        "paragraph_scoreT": [
          3,
          3,
          3
        ],
        "paragraph_scoreT_detail": {
          "paragraph_scoreT_exp": [
            [
              3,
              3,
              3
            ],
            [
              3,
              3,
              3
            ],
            [
              3,
              3,
              3
            ]
          ]
        },
        "paragraph_scoreT_avg": 3,
        "paragraph_id": "003"
      }
    ],
    "essay_scoreT": [
      24.2,
      27.2,
      29.6
    ],
    "essay_scoreT_avg": 27,
    "essay_scoreT_detail": {
      "essay_scoreT_org": [
        [
          2,
          0,
          3,
          3
        ],
        [
          3,
          0,
          3,
          3
        ],
        [
          3,
          0,
          3,
          3
        ]
      ],
      "essay_scoreT_cont": [
        [
          2,
          2,
          2,
          2
        ],
        [
          2,
          2,
          2,
          3
        ],
        [
          3,
          3,
          2,
          3
        ]
      ],
      "essay_scoreT_exp": [
        [
          3,
          3,
          3
        ],
        [
          3,
          3,
          3
        ],
        [
          3,
          3,
          3
        ]
      ]
    }
  },
  "student": {
    "date": "2021.10.24",
    "student_educated": true,
    "student_grade": "고등_1학년",
    "location": "063",
    "student_grade_group": "고등",
    "student_reading": 2
  },
  "rubric": {
    "essay_grade": "고등_1학년",
    "organization_weight": {
      "org_paragraph": 0,
      "org": 3,
      "org_essay": 6,
      "org_coherence": 3,
      "org_quantity": 1
    },
    "essay_type": "찬성반대",
    "content_weight": {
      "con_clearance": 3,
      "con_novelty": 3,
      "con": 4,
      "con_prompt": 1,
      "con_description": 3
    },
    "essay_main_subject": "비혼주의자에 대한 본인의 의견",
    "expression_weight": {
      "exp_style": 4,
      "exp_grammar": 2,
      "exp_vocab": 4,
      "exp": 3
    }
  },
  "correction": [],
  "info": {
    "essay_id": "ESSAY_43919",
    "essay_prompt": " \"\"연애는 필수, 결혼은 선택! 가슴이 뛰는 대로 가면 돼\"\".\n\n 유명한 유행가의 노래 가사처럼, 청년들에게 결혼은 이제 필수가 아닌 하나의 선택 사항입니다. 연애, 결혼, 출산을 포기한다는 의미의 '3포세대'라는 말이 나오기 무섭게 5포 세대, N포세대까지 등장할 정도로 취업난, 치솟는 부동산 가격 등 여러 사회·경제적 요인들로 청년층을 위축시켰습니다.\n\n 모두가 이러한 이유로 '결혼을 포기'하는 것만은 아닙니다. 개인의 행복을 위해 '비혼을 선택'하는 청년들도 늘고 있습니다. 이처럼 최근 전통적인 가치관에서 벗어나 연애와 동거는 하면서 결혼이라는 제도에 묶여 관계에서 파생되는 책임을 벗어나 자유로운 삶을 추구하는 비혼주의자가 늘고 있습니다.\n\n 다만, 개인의 자유로운 선택에 따라 비혼주의를 하지만 주변에서는 아직 고운 시선으로 바라보지 않는 사람도 많습니다. 결혼이라는 제도에 대해서 선택이 아닌 필수라고 생각하는 사람들도 많지요. 개개인이 모여 사회가 형성되기 때문에 사회의 가장 작은 단위인 가족을 이루는 것도 사회 구성원으로서의 큰 역할이라고 생각하는 사람들도 있습니다.\n\n 여러분은 결혼을 꼭 해야 한다고 생각하시나요? 아니면 결혼은 선택의 문제라고 생각하시나요? 비혼주의에 대해 찬성하는 입장 반대를 선택하여 자신의 의견을 작성해주세요. 그리고 그렇게 생각한 이유에 대해서 작성해주세요.",
    "essay_type": "찬성반대",
    "essay_level": "2",
    "essay_len": 1385,
    "essay_main_subject": "비혼주의자에 대한 본인의 의견"
  }
}