{
  "paragraph": [
    {
      "paragraph_txt": "사회적으로 경제적으로 어려움이 많아지고 이기주의가 팽배해 지면서 비혼주의자가 늘어나고 있다.#@문장구분# 예전엔 결혼하는 것이 당연한 것이었는데 요즘은 선택 하는 사람들이 많아지고 있다.#@문장구분# 사람은 사회적 동물이기에 혼자 살 수는 없다.#@문장구분# 무리를 이루고 누군가와 정서적 육체적 교류를 하면서 살아가야 한다.#@문장구분# 그것의 가장 기본적인 단위가 결혼에 의한 가정이라는 것이다.#@문장구분# 하지만 결혼에는 많은 책임이 따르고 의무가 병행되기 때문에 많은 갈등도 있고 희생이 요구되기도 한다.#@문장구분# 그래서 연애만 하고 제도가 따르는 결혼은 피하려고 하기도 한다.#@문장구분# 이런 풍조에 따라 미혼모, 미혼부들이 많이 생겨나고 있다.#@문장구분# 두 명의 부모가 키워도 어려운 양육을 한 부모가 키우는 것에는 큰 어려움이 따를 뿐 아니라 그 아이들이 컸을 때 과연 사회에 나가서 건강한 아이가 될지 의문이 생긴다.#@문장구분# 양쪽 부모님이 계시다가도 이혼하여 한 부모 밑에서 자란 아이들은 상처를 가지고 있고 어딘가 그늘이져 있는 경우를 많이 본다.#@문장구분# 그런데 미혼모나 미혼부 아래에서 자란 아이들은 엄마나 혹은 아빠를 전혀 모르는 경우도 있고 한 번도 보지 못하는 경우도 있다.#@문장구분# 사람이 나이가 들면 고향을 찾아가고 싶어 한다.#@문장구분# 이건 본능이다.#@문장구분# 자기의 뿌리가 있는 곳으로 가고 싶어 한다.#@문장구분# 어릴 때 어떤 사정에 의해 해외로 입양된 사람들이 성인이 되어 성공하여 고국에 돌아와 부모님을 찾는 경우가 많다.#@문장구분# 사랑받고 자라 성공했지만 뿌리라는 것에 끌리는 것은 어쩔 수 없는 것이다.#@문장구분# 그런데 처음부터 비혼주의가 되어 한 부모가 된다는 것은 나중에 아이를 생각해볼 때 쉽게 결정할 문제가 아니라고 생각한다.#@문장구분# 내가 좀 희생하고 힘들더라도 제도 안에서 안전하게 사는 것이 더 낫지 않나 생각한다.#@문장구분#",
      "paragraph_len": 1199,
      "paragraph_id": "001"
    }
  ],
  "score": {
    "paragraph_score": [
      {
        "paragraph_scoreT": [
          3,
          2.4,
          2.4
        ],
        "paragraph_scoreT_detail": {
          "paragraph_scoreT_exp": [
            [
              3,
              3,
              3
            ],
            [
              2,
              2,
              3
            ],
            [
              2,
              2,
              3
            ]
          ]
        },
        "paragraph_scoreT_avg": 2.6000001,
        "paragraph_id": "001"
      }
    ],
    "essay_scoreT": [
      30,
      25.2,
      27
    ],
    "essay_scoreT_avg": 27.4,
    "essay_scoreT_detail": {
      "essay_scoreT_org": [
        [
          3,
          0,
          3,
          3
        ],
        [
          2,
          0,
          3,
          3
        ],
        [
          3,
          0,
          3,
          3
        ]
      ],
      "essay_scoreT_cont": [
        [
          3,
          3,
          3,
          3
        ],
        [
          2,
          3,
          3,
          3
        ],
        [
          2,
          3,
          3,
          3
        ]
      ],
      "essay_scoreT_exp": [
        [
          3,
          3,
          3
        ],
        [
          2,
          2,
          3
        ],
        [
          2,
          2,
          3
        ]
      ]
    }
  },
  "student": {
    "date": "2021.12.16",
    "student_educated": true,
    "student_grade": "고등_1학년",
    "location": "031",
    "student_grade_group": "고등",
    "student_reading": 1
  },
  "rubric": {
    "essay_grade": "고등_1학년",
    "organization_weight": {
      "org_paragraph": 0,
      "org": 3,
      "org_essay": 6,
      "org_coherence": 3,
      "org_quantity": 1
    },
    "essay_type": "찬성반대",
    "content_weight": {
      "con_clearance": 3,
      "con_novelty": 3,
      "con": 4,
      "con_prompt": 1,
      "con_description": 3
    },
    "essay_main_subject": "비혼주의자에 대한 본인의 의견",
    "expression_weight": {
      "exp_style": 4,
      "exp_grammar": 2,
      "exp_vocab": 4,
      "exp": 3
    }
  },
  "correction": [],
  "info": {
    "essay_id": "ESSAY_65758",
    "essay_prompt": " \"\"연애는 필수, 결혼은 선택! 가슴이 뛰는 대로 가면 돼\"\".\n\n 유명한 유행가의 노래 가사처럼, 청년들에게 결혼은 이제 필수가 아닌 하나의 선택 사항입니다. 연애, 결혼, 출산을 포기한다는 의미의 '3포세대'라는 말이 나오기 무섭게 5포 세대, N포세대까지 등장할 정도로 취업난, 치솟는 부동산 가격 등 여러 사회·경제적 요인들로 청년층을 위축시켰습니다.\n\n 모두가 이러한 이유로 '결혼을 포기'하는 것만은 아닙니다. 개인의 행복을 위해 '비혼을 선택'하는 청년들도 늘고 있습니다. 이처럼 최근 전통적인 가치관에서 벗어나 연애와 동거는 하면서 결혼이라는 제도에 묶여 관계에서 파생되는 책임을 벗어나 자유로운 삶을 추구하는 비혼주의자가 늘고 있습니다.\n\n 다만, 개인의 자유로운 선택에 따라 비혼주의를 하지만 주변에서는 아직 고운 시선으로 바라보지 않는 사람도 많습니다. 결혼이라는 제도에 대해서 선택이 아닌 필수라고 생각하는 사람들도 많지요. 개개인이 모여 사회가 형성되기 때문에 사회의 가장 작은 단위인 가족을 이루는 것도 사회 구성원으로서의 큰 역할이라고 생각하는 사람들도 있습니다.\n\n 여러분은 결혼을 꼭 해야 한다고 생각하시나요? 아니면 결혼은 선택의 문제라고 생각하시나요? 비혼주의에 대해 찬성하는 입장 반대를 선택하여 자신의 의견을 작성해주세요. 그리고 그렇게 생각한 이유에 대해서 작성해주세요.",
    "essay_type": "찬성반대",
    "essay_level": "2",
    "essay_len": 844,
    "essay_main_subject": "비혼주의자에 대한 본인의 의견"
  }
}