{
  "paragraph": [
    {
      "paragraph_txt": "방송인 사유리씨가 SNS를 통해 그녀의 임신과 출산 소식을 대중에게 알렸습니다.#@문장구분#\n이 소식은 곧 포털사이트 실시간 검색어 상위권을 차지하며 대중의 이목을 집중시켰죠.#@문장구분# 어떤 이들은 그녀에게 응원의 박수를 보냈지만, 또 어떤 이들은 그녀에게 손가락질 하기도 했습니다.#@문장구분#\n그 이유는 바로 그녀가 정자 기증을 통한 '비혼 출산'을 했기 때문입니다.#@문장구분#저는 사유리씨의 '비혼 출산'이라는 행보를 보고 응원의 박수를 쳤던 사람 중 한 명입니다.#@문장구분# 결혼을 한다고 모든 사람들이 아이를 가져야 할까요?#@문장구분# 아니라고 생각합니다.#@문장구분# 이들 중에는 각자 다양한 이유로 갖지 못하거나 갖지 않는 사람도 있을 것입니다.#@문장구분# 결혼이 곧 아이를 낳기 위한 전단계 와 같은 구시대적 상황은 이미 지났다는 이야기입니다#@문장구분# 비혼은 선택입니다.#@문장구분# 나의 가족 구성원에 나의 아이가 들어갈 수 있는 것도 선택이라는 의미입니다.#@문장구분#하지만 나의 아이와 나라는 둘의 가족 구성원을 사람들은 때로는 '배우자가 없다'라는 말로 '안타깝다' '무슨일이길래 혼자 그 고생하냐' 등 좋지 않은 시선을 보내는 경우가 있습니다.#@문장구분#\n분명 연애는 필수, 결혼은 선택이라는 노래가사가 유행을 타고 흐른지도 한참되었는데 왜 사람들은 아직도 혼인을 하지 않으면 가족이라는 제도를 사용할 수 없는 사람이라고 인식하고 있는 것일까요.#@문장구분# 이것은 아마도 우리나라에서 뿐만 아니라 세계 각국에서 오랫동안 해결해야할 질문 중에 하나라고 생각합니다.#@문장구분# 이제는 1인 가구가 다인가구를 넘어가고 있는 시대입니다.#@문장구분# 누군가를 좋아하거나 사랑하는 것은 죄가 아니지만 그 사람을 책임지고자 하는 마음이 없어진지 오래됐다는 의미입니다.#@문장구분# 자신이 가장 중요하기 때문이죠.#@문장구분#",
      "paragraph_len": 1148,
      "paragraph_id": "001"
    }
  ],
  "score": {
    "paragraph_score": [
      {
        "paragraph_scoreT": [
          3,
          2,
          2.8
        ],
        "paragraph_scoreT_detail": {
          "paragraph_scoreT_exp": [
            [
              3,
              3,
              3
            ],
            [
              2,
              2,
              2
            ],
            [
              2,
              3,
              3
            ]
          ]
        },
        "paragraph_scoreT_avg": 2.6000001,
        "paragraph_id": "001"
      }
    ],
    "essay_scoreT": [
      30,
      20,
      27
    ],
    "essay_scoreT_avg": 25.666666,
    "essay_scoreT_detail": {
      "essay_scoreT_org": [
        [
          3,
          0,
          3,
          3
        ],
        [
          2,
          0,
          2,
          2
        ],
        [
          3,
          0,
          3,
          3
        ]
      ],
      "essay_scoreT_cont": [
        [
          3,
          3,
          3,
          3
        ],
        [
          2,
          2,
          2,
          2
        ],
        [
          3,
          2,
          3,
          2
        ]
      ],
      "essay_scoreT_exp": [
        [
          3,
          3,
          3
        ],
        [
          2,
          2,
          2
        ],
        [
          2,
          3,
          3
        ]
      ]
    }
  },
  "student": {
    "date": "2021.10.19",
    "student_educated": true,
    "student_grade": "고등_1학년",
    "location": "02",
    "student_grade_group": "고등",
    "student_reading": 2
  },
  "rubric": {
    "essay_grade": "고등_1학년",
    "organization_weight": {
      "org_paragraph": 0,
      "org": 3,
      "org_essay": 6,
      "org_coherence": 3,
      "org_quantity": 1
    },
    "essay_type": "찬성반대",
    "content_weight": {
      "con_clearance": 3,
      "con_novelty": 3,
      "con": 4,
      "con_prompt": 1,
      "con_description": 3
    },
    "essay_main_subject": "비혼주의자에 대한 본인의 의견",
    "expression_weight": {
      "exp_style": 4,
      "exp_grammar": 2,
      "exp_vocab": 4,
      "exp": 3
    }
  },
  "correction": [],
  "info": {
    "essay_id": "ESSAY_37978",
    "essay_prompt": " \"\"연애는 필수, 결혼은 선택! 가슴이 뛰는 대로 가면 돼\"\".\n\n 유명한 유행가의 노래 가사처럼, 청년들에게 결혼은 이제 필수가 아닌 하나의 선택 사항입니다. 연애, 결혼, 출산을 포기한다는 의미의 '3포세대'라는 말이 나오기 무섭게 5포 세대, N포세대까지 등장할 정도로 취업난, 치솟는 부동산 가격 등 여러 사회·경제적 요인들로 청년층을 위축시켰습니다.\n\n 모두가 이러한 이유로 '결혼을 포기'하는 것만은 아닙니다. 개인의 행복을 위해 '비혼을 선택'하는 청년들도 늘고 있습니다. 이처럼 최근 전통적인 가치관에서 벗어나 연애와 동거는 하면서 결혼이라는 제도에 묶여 관계에서 파생되는 책임을 벗어나 자유로운 삶을 추구하는 비혼주의자가 늘고 있습니다.\n\n 다만, 개인의 자유로운 선택에 따라 비혼주의를 하지만 주변에서는 아직 고운 시선으로 바라보지 않는 사람도 많습니다. 결혼이라는 제도에 대해서 선택이 아닌 필수라고 생각하는 사람들도 많지요. 개개인이 모여 사회가 형성되기 때문에 사회의 가장 작은 단위인 가족을 이루는 것도 사회 구성원으로서의 큰 역할이라고 생각하는 사람들도 있습니다.\n\n 여러분은 결혼을 꼭 해야 한다고 생각하시나요? 아니면 결혼은 선택의 문제라고 생각하시나요? 비혼주의에 대해 찬성하는 입장 반대를 선택하여 자신의 의견을 작성해주세요. 그리고 그렇게 생각한 이유에 대해서 작성해주세요.",
    "essay_type": "찬성반대",
    "essay_level": "2",
    "essay_len": 812,
    "essay_main_subject": "비혼주의자에 대한 본인의 의견"
  }
}