{
  "paragraph": [
    {
      "paragraph_txt": "나는 비혼주의에 대해서 찬성한다.#@문장구분#요즘은 결혼을 하지 않고, 혼자 인생을 즐기는 사람들이 많다.#@문장구분# 그리고 나도 그렇다.#@문장구분# 독신주의는 일반적인 의미로 결혼 적령기에 이르렀지만 결혼하지 않은 사람이나 결혼한 적이 없는 사람의 상태를 가리키며, 종교적인 경우에는 결코 결혼하지 않겠다고 공적으로 서약한 사람의 상태를 이른다.#@문장구분# 독신생활의 역사는 정신문화의 발전과 함께 시작되었다.#@문장구분# 동서고금을 막론하고 보다 높은 정신적인 가치와 지혜를 추구하려는 사람들 가운데 많은 이들이 스스로 선택한 삶의 방식이다.#@문장구분# 동양의 대표적인 종교의 하나인 불교에서도 중생을 제도하기 위해 출가하여 입산 수도하는 중들은 모든 성 관계로부터 초탈하고 독신생활을 자기 정화를 위한 본질적인 요소의 하나로 받아들였다.#@문장구분# 한국·인도·스리랑카·타이 등 불교 문화권에 속한 동양의 여러 나라에서 높은 정신적 가치를 추구하려는 수도자들에게는 독신생활이 이미 널리 유포된 제도로 정착되면서 자연스럽게 받아들여졌다.#@문장구분# 그리고 비혼은(非婚)은 혼인신고 상태에 있지 않은 사람을 말한다.#@문장구분# 사람은 누구나 태어나면 비혼 상태이다.#@문장구분# 즉 모든 사람은 비혼자로 인생을 시작한다.#@문장구분# 그러다가 혼인신고라는 제도를 만나 이 제도를 활용하는 사람도 나오게 되는데 이런 사람들을 가리켜 기혼자라고 한다.#@문장구분# 이렇게 혼인신고라는 특수한 행위를 하는 것을 기혼주의라고 하고 이 기혼주의가 비혼자들의 삶을 억압하는 지경에 이르자 이 기혼주의에 대항하여, 적극적으로 비혼을 주장하는 사람들도 나오게 되고 이것을 비혼주의라고 일컫는다.#@문장구분# 많은 것들에 대해 이야기 했지만 가장 큰 이유는 여성이 결혼하면서 겪게되는 고난들이 아직까지도 너무 많고 힘들다고 생각해서 이 비혼주의에 대해 찬성하는 입장이다.#@문장구분#",
      "paragraph_len": 1122,
      "paragraph_id": "001"
    }
  ],
  "score": {
    "paragraph_score": [
      {
        "paragraph_scoreT": [
          3,
          3,
          3
        ],
        "paragraph_scoreT_detail": {
          "paragraph_scoreT_exp": [
            [
              3,
              3,
              3
            ],
            [
              3,
              3,
              3
            ],
            [
              3,
              3,
              3
            ]
          ]
        },
        "paragraph_scoreT_avg": 3,
        "paragraph_id": "001"
      }
    ],
    "essay_scoreT": [
      28.8,
      28.8,
      30
    ],
    "essay_scoreT_avg": 29.199999,
    "essay_scoreT_detail": {
      "essay_scoreT_org": [
        [
          3,
          0,
          3,
          3
        ],
        [
          3,
          0,
          3,
          3
        ],
        [
          3,
          0,
          3,
          3
        ]
      ],
      "essay_scoreT_cont": [
        [
          3,
          2,
          3,
          3
        ],
        [
          3,
          2,
          3,
          3
        ],
        [
          3,
          3,
          3,
          3
        ]
      ],
      "essay_scoreT_exp": [
        [
          3,
          3,
          3
        ],
        [
          3,
          3,
          3
        ],
        [
          3,
          3,
          3
        ]
      ]
    }
  },
  "student": {
    "date": "2021.12.21",
    "student_educated": true,
    "student_grade": "고등_1학년",
    "location": "063",
    "student_grade_group": "고등",
    "student_reading": 2
  },
  "rubric": {
    "essay_grade": "고등_1학년",
    "organization_weight": {
      "org_paragraph": 0,
      "org": 3,
      "org_essay": 6,
      "org_coherence": 3,
      "org_quantity": 1
    },
    "essay_type": "찬성반대",
    "content_weight": {
      "con_clearance": 3,
      "con_novelty": 3,
      "con": 4,
      "con_prompt": 1,
      "con_description": 3
    },
    "essay_main_subject": "비혼주의자에 대한 본인의 의견",
    "expression_weight": {
      "exp_style": 4,
      "exp_grammar": 2,
      "exp_vocab": 4,
      "exp": 3
    }
  },
  "correction": [],
  "info": {
    "essay_id": "ESSAY_72075",
    "essay_prompt": " \"\"연애는 필수, 결혼은 선택! 가슴이 뛰는 대로 가면 돼\"\".\n\n 유명한 유행가의 노래 가사처럼, 청년들에게 결혼은 이제 필수가 아닌 하나의 선택 사항입니다. 연애, 결혼, 출산을 포기한다는 의미의 '3포세대'라는 말이 나오기 무섭게 5포 세대, N포세대까지 등장할 정도로 취업난, 치솟는 부동산 가격 등 여러 사회·경제적 요인들로 청년층을 위축시켰습니다.\n\n 모두가 이러한 이유로 '결혼을 포기'하는 것만은 아닙니다. 개인의 행복을 위해 '비혼을 선택'하는 청년들도 늘고 있습니다. 이처럼 최근 전통적인 가치관에서 벗어나 연애와 동거는 하면서 결혼이라는 제도에 묶여 관계에서 파생되는 책임을 벗어나 자유로운 삶을 추구하는 비혼주의자가 늘고 있습니다.\n\n 다만, 개인의 자유로운 선택에 따라 비혼주의를 하지만 주변에서는 아직 고운 시선으로 바라보지 않는 사람도 많습니다. 결혼이라는 제도에 대해서 선택이 아닌 필수라고 생각하는 사람들도 많지요. 개개인이 모여 사회가 형성되기 때문에 사회의 가장 작은 단위인 가족을 이루는 것도 사회 구성원으로서의 큰 역할이라고 생각하는 사람들도 있습니다.\n\n 여러분은 결혼을 꼭 해야 한다고 생각하시나요? 아니면 결혼은 선택의 문제라고 생각하시나요? 비혼주의에 대해 찬성하는 입장 반대를 선택하여 자신의 의견을 작성해주세요. 그리고 그렇게 생각한 이유에 대해서 작성해주세요.",
    "essay_type": "찬성반대",
    "essay_level": "2",
    "essay_len": 842,
    "essay_main_subject": "비혼주의자에 대한 본인의 의견"
  }
}