{
  "paragraph": [
    {
      "paragraph_txt": "나는 비혼 주의에 대하여 찬성이다.#@문장구분# 반대하는 사람들의 의견을 꼭 들어보고 싶을 정도로 나는 이해가 가지 않는다.#@문장구분# 저마다의 인생은 자신의 인생을 살 가치가 있다.#@문장구분# 남이 뭐라고 하는 자신이 결혼하고 싶지 않다고 느낀다면 그렇게 하면 그만이다.#@문장구분# 결혼을 강요하는 사람들의 생각은 이미 새롭지 못한 \"꼰대\"의 생각이라고 생각한다.#@문장구분# 먼저 결혼은 서로 좋아하는 남녀가 평생을 약속하며 하는 일종의 계약이다.#@문장구분# 나는 이 사람 한 사람만 바라보겠다는, 이 사람만 사랑하겠다는 일종의 각오인 셈이다. #@문장구분#그러나 그 각오를 누군가 강요하거나, 사회의 분위기에 못 이겨 자신의 의지와는 상관없이 결혼해버린다면 그 이후의  인생이 과연 행복할까?#@문장구분# 대부분 사람들은 행복하지 않을 것이다.#@문장구분# 또 결혼이라 함은 서로가 동의하에 결혼해야 행복한 삶을 살아갈 텐데, 어떤 한 사람만 동의하고 다른 한 사람은 자신의 의지가 아닌 채로 결혼하게 된다면, 대부분의 사람은 양쪽 다 불행하게 삶을 살아갈 것이다.#@문장구분# 그러기에 비혼 주의는 현대시대를 살아가면서 매우 중요하다고 생각한다.#@문장구분# 최근은 같은 국적의 사람들만 결혼해야 한다는 예전의 고정관념이 최근은 다행히도 많이 바뀐 것 같아 많은 사람이 국제결혼에 성공했다는 뉴스를 본 적이 있다.#@문장구분# 그러나 이 사람들에게도 앞의 글은 예외가 아니다.#@문장구분# 사람들은 자신만의 생각이나 자신들이 좋아하는 것이 시시각각 바뀌므로 자유로운 연애를 추구하는 사람들의 생각도 존중해 마땅하다고 나는 생각한다.#@문장구분# 결혼에 대하여 자유로이 선택하기 힘든 사람들도 분명히 있을 것이다.#@문장구분# 경제적인 어려움이나 가족 간의 불화 등의 이유로 자신이 자유로이 선택할 수 없는 상황이 있을 수 있다.#@문장구분# 내가 비혼 주의를 긍정하는 이유는 사람의 선택은 존중받아 마땅하다고 생각하기 때문이다.#@문장구분# 그러기에 스스로 결혼을 선택하고 싶어도 못하는 사람들도 존중해야 한다고 나는 생각한다.#@문장구분# 앞으로 더욱 많은 사람이 자신의 선택 자유를 존중받는 세상이 빨리 찾아오기를 바란다.#@문장구분#",
      "paragraph_len": 1340,
      "paragraph_id": "001"
    }
  ],
  "score": {
    "paragraph_score": [
      {
        "paragraph_scoreT": [
          3,
          3,
          3
        ],
        "paragraph_scoreT_detail": {
          "paragraph_scoreT_exp": [
            [
              3,
              3,
              3
            ],
            [
              3,
              3,
              3
            ],
            [
              3,
              3,
              3
            ]
          ]
        },
        "paragraph_scoreT_avg": 3,
        "paragraph_id": "001"
      }
    ],
    "essay_scoreT": [
      30,
      27.900002,
      30
    ],
    "essay_scoreT_avg": 29.300001,
    "essay_scoreT_detail": {
      "essay_scoreT_org": [
        [
          3,
          0,
          3,
          3
        ],
        [
          3,
          0,
          2,
          3
        ],
        [
          3,
          0,
          3,
          3
        ]
      ],
      "essay_scoreT_cont": [
        [
          3,
          3,
          3,
          3
        ],
        [
          3,
          2,
          3,
          3
        ],
        [
          3,
          3,
          3,
          3
        ]
      ],
      "essay_scoreT_exp": [
        [
          3,
          3,
          3
        ],
        [
          3,
          3,
          3
        ],
        [
          3,
          3,
          3
        ]
      ]
    }
  },
  "student": {
    "date": "2021.12.16",
    "student_educated": true,
    "student_grade": "고등_1학년",
    "location": "054",
    "student_grade_group": "고등",
    "student_reading": 3
  },
  "rubric": {
    "essay_grade": "고등_1학년",
    "organization_weight": {
      "org_paragraph": 0,
      "org": 3,
      "org_essay": 6,
      "org_coherence": 3,
      "org_quantity": 1
    },
    "essay_type": "찬성반대",
    "content_weight": {
      "con_clearance": 3,
      "con_novelty": 3,
      "con": 4,
      "con_prompt": 1,
      "con_description": 3
    },
    "essay_main_subject": "비혼주의자에 대한 본인의 의견",
    "expression_weight": {
      "exp_style": 4,
      "exp_grammar": 2,
      "exp_vocab": 4,
      "exp": 3
    }
  },
  "correction": [],
  "info": {
    "essay_id": "ESSAY_65955",
    "essay_prompt": " \"\"연애는 필수, 결혼은 선택! 가슴이 뛰는 대로 가면 돼\"\".\n\n 유명한 유행가의 노래 가사처럼, 청년들에게 결혼은 이제 필수가 아닌 하나의 선택 사항입니다. 연애, 결혼, 출산을 포기한다는 의미의 '3포세대'라는 말이 나오기 무섭게 5포 세대, N포세대까지 등장할 정도로 취업난, 치솟는 부동산 가격 등 여러 사회·경제적 요인들로 청년층을 위축시켰습니다.\n\n 모두가 이러한 이유로 '결혼을 포기'하는 것만은 아닙니다. 개인의 행복을 위해 '비혼을 선택'하는 청년들도 늘고 있습니다. 이처럼 최근 전통적인 가치관에서 벗어나 연애와 동거는 하면서 결혼이라는 제도에 묶여 관계에서 파생되는 책임을 벗어나 자유로운 삶을 추구하는 비혼주의자가 늘고 있습니다.\n\n 다만, 개인의 자유로운 선택에 따라 비혼주의를 하지만 주변에서는 아직 고운 시선으로 바라보지 않는 사람도 많습니다. 결혼이라는 제도에 대해서 선택이 아닌 필수라고 생각하는 사람들도 많지요. 개개인이 모여 사회가 형성되기 때문에 사회의 가장 작은 단위인 가족을 이루는 것도 사회 구성원으로서의 큰 역할이라고 생각하는 사람들도 있습니다.\n\n 여러분은 결혼을 꼭 해야 한다고 생각하시나요? 아니면 결혼은 선택의 문제라고 생각하시나요? 비혼주의에 대해 찬성하는 입장 반대를 선택하여 자신의 의견을 작성해주세요. 그리고 그렇게 생각한 이유에 대해서 작성해주세요.",
    "essay_type": "찬성반대",
    "essay_level": "2",
    "essay_len": 960,
    "essay_main_subject": "비혼주의자에 대한 본인의 의견"
  }
}