{
  "paragraph": [
    {
      "paragraph_txt": "비혼주의를 반대하는 입장이다. #@문장구분#나는 무엇이든 자연스러운 것이 가장 좋다고 생각한다. #@문장구분#그것이 순리이고 오랜 세월이 지나도 부작용이 가장 적다고 판단한다.#@문장구분#식물들도 암술, 수술 짝이 있어 씨를 퍼트리고 열매를 맺고 동물들도 수컷이 암컷을 부르기 위해 소리를 내기도 하고 다른 짐승과 목숨을 건 싸움을 하기도 한다.#@문장구분#그 이유는 종족을 번식시켜 멸종하지 않게 하는 것이고 본능이다.#@문장구분# 사람이 이성을 보면 호감이 생기고 심장이 빨리 뛰며 상대방에게 잘 보이고 싶은 이유도 사실은 그와 같다.#@문장구분# 남자는 예쁜 여자를 좋아하고 여자 또한 능력 있는 남자를 선호한다.#@문장구분# 그것은 속물이어서가 아니다. #@문장구분#본능적으로 자녀를 위하는 것이다.#@문장구분#자기의 씨를 받아 예쁘게 낳아줄 아내를 원하기 때문에 외모를 보는 것이고 여성 또한 아이를 낳았을 때 울타리가 되어줄 남편을 원하기 때문이다.#@문장구분# 이렇게 하나가 되어 부족한 부분을 채우며 사회의 가장 작은 단위 구성인 가족이 생겨나게 되는 것이다.#@문장구분# 그런데 갑자기 비혼주의라는 말이 생겨나면서 결혼을 하지 않겠다는 사람들이 많아졌다. #@문장구분#결혼을 한다는 것은 혼자 하던 것을 둘이 하는 것이고 나의 주장의 절반은 포기해야 한다는 것도 뜻한다.#@문장구분# 이제는 희생과 사랑이라는 것이 많이 변질된 것 같다.#@문장구분# 아이를 낳으면 여성의 몸매가 망가진다고 생각하고 아이를 키우기 위해 내가 손해를 본다고 생각하는 것 같다.#@문장구분# 물론 아주 틀린 말은 아니다.#@문장구분# 많은 것들을 포기해야하고 많은 희생이 필요로 한 것은 사실이다.#@문장구분# 하지만 나 역시 누군가의 희생과 포기로 만들어 졌다는 것을 잊어서는 안 된다.#@문장구분# 나를 위해 희생하신 분들께 보답하는 것이 나 역시 희생도 할 줄 아는 것이라 생각한다.#@문장구분#",
      "paragraph_len": 1196,
      "paragraph_id": "001"
    }
  ],
  "score": {
    "paragraph_score": [
      {
        "paragraph_scoreT": [
          2,
          1.6,
          2
        ],
        "paragraph_scoreT_detail": {
          "paragraph_scoreT_exp": [
            [
              2,
              2,
              2
            ],
            [
              2,
              2,
              1
            ],
            [
              2,
              2,
              2
            ]
          ]
        },
        "paragraph_scoreT_avg": 1.8666667,
        "paragraph_id": "001"
      }
    ],
    "essay_scoreT": [
      20.3,
      17.2,
      19.6
    ],
    "essay_scoreT_avg": 19.033333,
    "essay_scoreT_detail": {
      "essay_scoreT_org": [
        [
          2,
          0,
          2,
          3
        ],
        [
          2,
          0,
          2,
          2
        ],
        [
          2,
          0,
          2,
          2
        ]
      ],
      "essay_scoreT_cont": [
        [
          3,
          1,
          2,
          2
        ],
        [
          2,
          1,
          1,
          2
        ],
        [
          2,
          2,
          1,
          2
        ]
      ],
      "essay_scoreT_exp": [
        [
          2,
          2,
          2
        ],
        [
          2,
          2,
          1
        ],
        [
          2,
          2,
          2
        ]
      ]
    }
  },
  "student": {
    "date": "2021.12.21",
    "student_educated": true,
    "student_grade": "고등_1학년",
    "location": "063",
    "student_grade_group": "고등",
    "student_reading": 1
  },
  "rubric": {
    "essay_grade": "고등_1학년",
    "organization_weight": {
      "org_paragraph": 0,
      "org": 3,
      "org_essay": 6,
      "org_coherence": 3,
      "org_quantity": 1
    },
    "essay_type": "찬성반대",
    "content_weight": {
      "con_clearance": 3,
      "con_novelty": 3,
      "con": 4,
      "con_prompt": 1,
      "con_description": 3
    },
    "essay_main_subject": "비혼주의자에 대한 본인의 의견",
    "expression_weight": {
      "exp_style": 4,
      "exp_grammar": 2,
      "exp_vocab": 4,
      "exp": 3
    }
  },
  "correction": [],
  "info": {
    "essay_id": "ESSAY_76558",
    "essay_prompt": " \"\"연애는 필수, 결혼은 선택! 가슴이 뛰는 대로 가면 돼\"\".\n\n 유명한 유행가의 노래 가사처럼, 청년들에게 결혼은 이제 필수가 아닌 하나의 선택 사항입니다. 연애, 결혼, 출산을 포기한다는 의미의 '3포세대'라는 말이 나오기 무섭게 5포 세대, N포세대까지 등장할 정도로 취업난, 치솟는 부동산 가격 등 여러 사회·경제적 요인들로 청년층을 위축시켰습니다.\n\n 모두가 이러한 이유로 '결혼을 포기'하는 것만은 아닙니다. 개인의 행복을 위해 '비혼을 선택'하는 청년들도 늘고 있습니다. 이처럼 최근 전통적인 가치관에서 벗어나 연애와 동거는 하면서 결혼이라는 제도에 묶여 관계에서 파생되는 책임을 벗어나 자유로운 삶을 추구하는 비혼주의자가 늘고 있습니다.\n\n 다만, 개인의 자유로운 선택에 따라 비혼주의를 하지만 주변에서는 아직 고운 시선으로 바라보지 않는 사람도 많습니다. 결혼이라는 제도에 대해서 선택이 아닌 필수라고 생각하는 사람들도 많지요. 개개인이 모여 사회가 형성되기 때문에 사회의 가장 작은 단위인 가족을 이루는 것도 사회 구성원으로서의 큰 역할이라고 생각하는 사람들도 있습니다.\n\n 여러분은 결혼을 꼭 해야 한다고 생각하시나요? 아니면 결혼은 선택의 문제라고 생각하시나요? 비혼주의에 대해 찬성하는 입장 반대를 선택하여 자신의 의견을 작성해주세요. 그리고 그렇게 생각한 이유에 대해서 작성해주세요.",
    "essay_type": "찬성반대",
    "essay_level": "2",
    "essay_len": 819,
    "essay_main_subject": "비혼주의자에 대한 본인의 의견"
  }
}