{
  "paragraph": [
    {
      "paragraph_txt": "나는 비혼주의에 대해서 좋다고 본다.#@문장구분# 남에게 구애받지 않고 자신의 자유를 추구하기 때문이다.#@문장구분# 최근 1인 가구의 증가에 따른 비혼주의 사상이 널리 퍼지고 있다.#@문장구분# 지난해 제4 차 가족실태조사에 따르면 비혼독신이라는 가치관에 동의하는 20대와 10대의 비율이 각각 53%, 48%로 높은 수치를 기록했다.#@문장구분# 자신의 커리어를 쌓기위해, 방해받지 않기 위해 등 다양한 이유로 이젠 결혼이 필수가 아닌 시대가 온 것이다.#@문장구분# 비혼주의를 찬성하는 이유 그 첫 번째는 경제적 어려움이다.#@문장구분# 요즘 서울지역 아파트들의 값이 폭등하며 내 집 마련조차 어렵다는 뉴스들이 한 두 개가 아니다.#@문장구분# 그들에게는 당장의 생계가 중요한데 거기서 결혼을 할 여유가 있을까?#@문장구분# 결혼 준비로 인한 돈, 결혼 후 육아, 살림살이 등 다양한 곳에서 빠져나가는 지출을 감당하기에는 너무 벅차기 때문이다.#@문장구분# 둘째로 커리어 중단 및 부담감이다. 여성 직장인의 경우 출산과 육아에 대한 부담감이 크다.#@문장구분# 여성이 임신이나 출산을 하는 경우 직장을 그만두는 경우가 많다.#@문장구분# 여성의 사회진출이 높아지면서 제 일을 포기할순 없고 그렇다고 둘 다 동시에 하기엔 벅차기에 이미 많은 직장인 여성들이 비혼을 선언했다.#@문장구분# 남성 또한 마찬가지이다.#@문장구분# 많이 사라지긴 했어도 아직까지 남아있는 가부장적인 문화에서 남성은 가장이라는 이유로 경제적 부담 등 과한 의무를 지니고 있다.#@문장구분# 이에 대한 부담감으로 비혼을 선택하는 것이다.#@문장구분# 셋째로 자유이다.#@문장구분# 꽃다운 나이의 청년들은 아직 할 수 있는 것도 많고 하고 싶은 것도 많을 것이다.#@문장구분# 그런 것들을 일부 제한하는 것이 결혼이다.#@문장구분# 친구들과 놀러가고 혼자 있고 싶을 땐 혼자있는 그런 사소한 것마저 못하는 것이다.#@문장구분# 사실 아직까지도 비혼주의에 대해 안좋게 생각하는 사람들이 많다.#@문장구분# 하지만 위와같은 이유들로 나의 비혼주의에 대해서 찬성한다.#@문장구분#",
      "paragraph_len": 1308,
      "paragraph_id": "001"
    }
  ],
  "score": {
    "paragraph_score": [
      {
        "paragraph_scoreT": [
          3,
          3,
          3
        ],
        "paragraph_scoreT_detail": {
          "paragraph_scoreT_exp": [
            [
              3,
              3,
              3
            ],
            [
              3,
              3,
              3
            ],
            [
              3,
              3,
              3
            ]
          ]
        },
        "paragraph_scoreT_avg": 3,
        "paragraph_id": "001"
      }
    ],
    "essay_scoreT": [
      28.8,
      28.8,
      30
    ],
    "essay_scoreT_avg": 29.199999,
    "essay_scoreT_detail": {
      "essay_scoreT_org": [
        [
          3,
          0,
          3,
          3
        ],
        [
          3,
          0,
          3,
          3
        ],
        [
          3,
          0,
          3,
          3
        ]
      ],
      "essay_scoreT_cont": [
        [
          3,
          2,
          3,
          3
        ],
        [
          3,
          2,
          3,
          3
        ],
        [
          3,
          3,
          3,
          3
        ]
      ],
      "essay_scoreT_exp": [
        [
          3,
          3,
          3
        ],
        [
          3,
          3,
          3
        ],
        [
          3,
          3,
          3
        ]
      ]
    }
  },
  "student": {
    "date": "2021.12.21",
    "student_educated": true,
    "student_grade": "고등_1학년",
    "location": "063",
    "student_grade_group": "고등",
    "student_reading": 2
  },
  "rubric": {
    "essay_grade": "고등_1학년",
    "organization_weight": {
      "org_paragraph": 0,
      "org": 3,
      "org_essay": 6,
      "org_coherence": 3,
      "org_quantity": 1
    },
    "essay_type": "찬성반대",
    "content_weight": {
      "con_clearance": 3,
      "con_novelty": 3,
      "con": 4,
      "con_prompt": 1,
      "con_description": 3
    },
    "essay_main_subject": "비혼주의자에 대한 본인의 의견",
    "expression_weight": {
      "exp_style": 4,
      "exp_grammar": 2,
      "exp_vocab": 4,
      "exp": 3
    }
  },
  "correction": [],
  "info": {
    "essay_id": "ESSAY_72076",
    "essay_prompt": " \"\"연애는 필수, 결혼은 선택! 가슴이 뛰는 대로 가면 돼\"\".\n\n 유명한 유행가의 노래 가사처럼, 청년들에게 결혼은 이제 필수가 아닌 하나의 선택 사항입니다. 연애, 결혼, 출산을 포기한다는 의미의 '3포세대'라는 말이 나오기 무섭게 5포 세대, N포세대까지 등장할 정도로 취업난, 치솟는 부동산 가격 등 여러 사회·경제적 요인들로 청년층을 위축시켰습니다.\n\n 모두가 이러한 이유로 '결혼을 포기'하는 것만은 아닙니다. 개인의 행복을 위해 '비혼을 선택'하는 청년들도 늘고 있습니다. 이처럼 최근 전통적인 가치관에서 벗어나 연애와 동거는 하면서 결혼이라는 제도에 묶여 관계에서 파생되는 책임을 벗어나 자유로운 삶을 추구하는 비혼주의자가 늘고 있습니다.\n\n 다만, 개인의 자유로운 선택에 따라 비혼주의를 하지만 주변에서는 아직 고운 시선으로 바라보지 않는 사람도 많습니다. 결혼이라는 제도에 대해서 선택이 아닌 필수라고 생각하는 사람들도 많지요. 개개인이 모여 사회가 형성되기 때문에 사회의 가장 작은 단위인 가족을 이루는 것도 사회 구성원으로서의 큰 역할이라고 생각하는 사람들도 있습니다.\n\n 여러분은 결혼을 꼭 해야 한다고 생각하시나요? 아니면 결혼은 선택의 문제라고 생각하시나요? 비혼주의에 대해 찬성하는 입장 반대를 선택하여 자신의 의견을 작성해주세요. 그리고 그렇게 생각한 이유에 대해서 작성해주세요.",
    "essay_type": "찬성반대",
    "essay_level": "2",
    "essay_len": 888,
    "essay_main_subject": "비혼주의자에 대한 본인의 의견"
  }
}