{
  "paragraph": [
    {
      "paragraph_txt": "저는 비혼주의에 찬성합니다.#@문장구분# 왜냐하면 옛날만 하더라도 전통적인 가치관으로 인해 어릴 때 부터 결혼을 시켜 왔는데 지금만 하더라도 결혼을 안하는 사람들이 많아지고 있습니다.#@문장구분# 그 이유는 현 시점에 결혼을 하는 것은 상당한 경제적 비용이 들고 결혼을 하게 되면은 상대가 살아왔던 환경과 자신이 살아왔던 환경을 공유하는 것이기 때문에 불편하기도 하고 예전보다는 자유로운 생활이 불가능해 집니다.#@문장구분# 평생을 다른 가치관을 가지고 다른 환경에서 살아가는 것도 만만치 않을 것 같습니다.#@문장구분# 그러다 보면 한명의 경우 자유로운 생활을 하고 그렇지 못하는 나머지 한명은 희생을 해야하기 때문에 거기에서 오는 불합리함은 누군가는 감당을 해야 하기 때문입니다.#@문장구분# 그런 다름으로 인해서 싸움도 많이 생길 것 같고, 그리고 자녀를 낳게 된다면 돈을 벌어야 되기 때문에 안정적인 직장과 수입을 가져야 한다는 부담감이 있을 수도 있고 또 다른 이유로는 1인 가구가 증가함으로써 혼자 있는 것이 편안 사람이 있다는 것입니다.#@문장구분# 결혼을 하게 되면 나의 시간적인 부분도 어느정도 포기를 해야하지만 아이를 키우는데 들어가는 비용도 만만치 않기 때문에 결코 쉬운 선택은 아니라고 생각합니다.#@문장구분# 그리고 가치관 변화로 인해 예전보다는 결혼에 대한 부담감이 적어지고 혼자 사는 사람이 많아 꼭 결혼을 하는 것이 아닌 1인 가구로써 경제적 여유가 있고 여가를 즐길 수 있고 결혼에 대한 압박감을 없애면서 스트레스를 줄일 수 있다고 생각합니다.#@문장구분# 그래서 저는 최근 들어 혼자사는 가구들이 증가하고 있는 시대에서 결혼을 추구하는 것 보다는 비혼으로써 충분히 좋은 삶을 가질 수 있다고 생각하여 저는 비혼주의자에 대해서 찬성합니다.#@문장구분# 만약 이런 비혼주의 현실적인 부분이 해결되지 않는다면 앞으로 갈수록 젊은이들 사이에서는 비혼주의에 찬성하는 입장이 갈수록 늘어날 것입니다.#@문장구분#",
      "paragraph_len": 1100,
      "paragraph_id": "001"
    }
  ],
  "score": {
    "paragraph_score": [
      {
        "paragraph_scoreT": [
          3,
          3,
          2
        ],
        "paragraph_scoreT_detail": {
          "paragraph_scoreT_exp": [
            [
              3,
              3,
              3
            ],
            [
              3,
              3,
              3
            ],
            [
              2,
              2,
              2
            ]
          ]
        },
        "paragraph_scoreT_avg": 2.6666667,
        "paragraph_id": "001"
      }
    ],
    "essay_scoreT": [
      30,
      30,
      25.8
    ],
    "essay_scoreT_avg": 28.6,
    "essay_scoreT_detail": {
      "essay_scoreT_org": [
        [
          3,
          0,
          3,
          3
        ],
        [
          3,
          0,
          3,
          3
        ],
        [
          3,
          0,
          3,
          3
        ]
      ],
      "essay_scoreT_cont": [
        [
          3,
          3,
          3,
          3
        ],
        [
          3,
          3,
          3,
          3
        ],
        [
          2,
          3,
          3,
          3
        ]
      ],
      "essay_scoreT_exp": [
        [
          3,
          3,
          3
        ],
        [
          3,
          3,
          3
        ],
        [
          2,
          2,
          2
        ]
      ]
    }
  },
  "student": {
    "date": "2021.12.17",
    "student_educated": true,
    "student_grade": "고등_1학년",
    "location": "044",
    "student_grade_group": "고등",
    "student_reading": 2
  },
  "rubric": {
    "essay_grade": "고등_1학년",
    "organization_weight": {
      "org_paragraph": 0,
      "org": 3,
      "org_essay": 6,
      "org_coherence": 3,
      "org_quantity": 1
    },
    "essay_type": "찬성반대",
    "content_weight": {
      "con_clearance": 3,
      "con_novelty": 3,
      "con": 4,
      "con_prompt": 1,
      "con_description": 3
    },
    "essay_main_subject": "비혼주의자에 대한 본인의 의견",
    "expression_weight": {
      "exp_style": 4,
      "exp_grammar": 2,
      "exp_vocab": 4,
      "exp": 3
    }
  },
  "correction": [],
  "info": {
    "essay_id": "ESSAY_66184",
    "essay_prompt": " \"\"연애는 필수, 결혼은 선택! 가슴이 뛰는 대로 가면 돼\"\".\n\n 유명한 유행가의 노래 가사처럼, 청년들에게 결혼은 이제 필수가 아닌 하나의 선택 사항입니다. 연애, 결혼, 출산을 포기한다는 의미의 '3포세대'라는 말이 나오기 무섭게 5포 세대, N포세대까지 등장할 정도로 취업난, 치솟는 부동산 가격 등 여러 사회·경제적 요인들로 청년층을 위축시켰습니다.\n\n 모두가 이러한 이유로 '결혼을 포기'하는 것만은 아닙니다. 개인의 행복을 위해 '비혼을 선택'하는 청년들도 늘고 있습니다. 이처럼 최근 전통적인 가치관에서 벗어나 연애와 동거는 하면서 결혼이라는 제도에 묶여 관계에서 파생되는 책임을 벗어나 자유로운 삶을 추구하는 비혼주의자가 늘고 있습니다.\n\n 다만, 개인의 자유로운 선택에 따라 비혼주의를 하지만 주변에서는 아직 고운 시선으로 바라보지 않는 사람도 많습니다. 결혼이라는 제도에 대해서 선택이 아닌 필수라고 생각하는 사람들도 많지요. 개개인이 모여 사회가 형성되기 때문에 사회의 가장 작은 단위인 가족을 이루는 것도 사회 구성원으로서의 큰 역할이라고 생각하는 사람들도 있습니다.\n\n 여러분은 결혼을 꼭 해야 한다고 생각하시나요? 아니면 결혼은 선택의 문제라고 생각하시나요? 비혼주의에 대해 찬성하는 입장 반대를 선택하여 자신의 의견을 작성해주세요. 그리고 그렇게 생각한 이유에 대해서 작성해주세요.",
    "essay_type": "찬성반대",
    "essay_level": "2",
    "essay_len": 900,
    "essay_main_subject": "비혼주의자에 대한 본인의 의견"
  }
}