{
  "paragraph": [
    {
      "paragraph_txt": "개인의 자유가 중요시 되는 사회에서 한 사람의 선택을 존중해야 할 것이냐, 아니면 사회의 발전과 자손 번식을 위해서 결혼을 필수로 여겨야 하느냐.#@문장구분#\n \n사람들은  드라마나 영화를 통해 결혼에 대한 아름다운 환상을 가지기도 한다.#@문장구분#그리고 결혼을 꿈꾸기도 하지만 결국 현실의 문제에서 부딪히며 많은 생각을 하게 된다.#@문장구분# 여성의 경우, 출산과 육아에 대한 부담감이 생기고, 예전부터 육아는 여성이 해야 한다는 사회적 암묵적인 룰로 인해 쌓아온 커리어를 포기하게 되는 경우도 있다.#@문장구분# 남성의 경우 가장이라는 이름으로 경제적 부담 등 과도한 의무를 강요받으며 무거운 짐을 지게 된다.#@문장구분#\n \n그리고 경제적인 부담감도 한몫 할 것이다.#@문장구분# 지금의 대한민국 현대 사회는 남성이나 여성이나 결혼을 한 이후에도 이전과 같은 삶을 살 수 있도록 보장을 해주는 제도가 존재하지 않는다.#@문장구분#이런 현실적인 문제에 부딪히며 환상은 깨지고 생각도 바뀌게 되는것 이다.#@문장구분#",
      "paragraph_len": 620,
      "paragraph_id": "001"
    },
    {
      "paragraph_txt": "하지만 반대로 비혼은 말 그대로 혼자 생활하기 때문에 누구에게도 간섭받지 않아도 되고, 자기 마음대로 주체적인 생활과 여유를 즐길 수 있다는 것의 장점이 있다.#@문장구분# 그뿐만 아니라 출산 육아 경제적인 부담 등의 스트레스도 없을것이다.#@문장구분# 그렇기 때문에 나는 비혼에 찬성한다. #@문장구분#사실 지금까지도 비혼자에 대한 많은 부정적 시선이 있다.#@문장구분# 자기 혼자만 생각하는 개인주의다, 이기적이다, 라며 비혼을 비정상적으로 바라보는 사람이 많이 있다.#@문장구분# 하지만 우리는 비혼주의에 대해 세계나 국가가 규제할 문제가 아니라고 생각한다.#@문장구분# 비혼주의는 개개인의 선택의 문제일 뿐이다.#@문장구분# 우리는 이들을 인정하고 결혼에 대한 새로운 개념으로 대두되는 비혼주의에 대해 그들의 선택을 존중할 필요가 있다고 생각한다.#@문장구분#",
      "paragraph_len": 533,
      "paragraph_id": "002"
    }
  ],
  "score": {
    "paragraph_score": [
      {
        "paragraph_scoreT": [
          2.8,
          2.8,
          3
        ],
        "paragraph_scoreT_detail": {
          "paragraph_scoreT_exp": [
            [
              2,
              3,
              3
            ],
            [
              2,
              3,
              3
            ],
            [
              3,
              3,
              3
            ]
          ]
        },
        "paragraph_scoreT_avg": 2.8666668,
        "paragraph_id": "001"
      },
      {
        "paragraph_scoreT": [
          2.8,
          2.8,
          3
        ],
        "paragraph_scoreT_detail": {
          "paragraph_scoreT_exp": [
            [
              2,
              3,
              3
            ],
            [
              2,
              3,
              3
            ],
            [
              3,
              3,
              3
            ]
          ]
        },
        "paragraph_scoreT_avg": 2.8666668,
        "paragraph_id": "002"
      }
    ],
    "essay_scoreT": [
      29.4,
      27.3,
      30
    ],
    "essay_scoreT_avg": 28.9,
    "essay_scoreT_detail": {
      "essay_scoreT_org": [
        [
          3,
          0,
          3,
          3
        ],
        [
          3,
          0,
          2,
          3
        ],
        [
          3,
          0,
          3,
          3
        ]
      ],
      "essay_scoreT_cont": [
        [
          3,
          3,
          3,
          3
        ],
        [
          3,
          2,
          3,
          3
        ],
        [
          3,
          3,
          3,
          3
        ]
      ],
      "essay_scoreT_exp": [
        [
          2,
          3,
          3
        ],
        [
          2,
          3,
          3
        ],
        [
          3,
          3,
          3
        ]
      ]
    }
  },
  "student": {
    "date": "2021.12.15",
    "student_educated": true,
    "student_grade": "고등_1학년",
    "location": "063",
    "student_grade_group": "고등",
    "student_reading": 2
  },
  "rubric": {
    "essay_grade": "고등_1학년",
    "organization_weight": {
      "org_paragraph": 0,
      "org": 3,
      "org_essay": 6,
      "org_coherence": 3,
      "org_quantity": 1
    },
    "essay_type": "찬성반대",
    "content_weight": {
      "con_clearance": 3,
      "con_novelty": 3,
      "con": 4,
      "con_prompt": 1,
      "con_description": 3
    },
    "essay_main_subject": "비혼주의자에 대한 본인의 의견",
    "expression_weight": {
      "exp_style": 4,
      "exp_grammar": 2,
      "exp_vocab": 4,
      "exp": 3
    }
  },
  "correction": [],
  "info": {
    "essay_id": "ESSAY_71949",
    "essay_prompt": " \"\"연애는 필수, 결혼은 선택! 가슴이 뛰는 대로 가면 돼\"\".\n\n 유명한 유행가의 노래 가사처럼, 청년들에게 결혼은 이제 필수가 아닌 하나의 선택 사항입니다. 연애, 결혼, 출산을 포기한다는 의미의 '3포세대'라는 말이 나오기 무섭게 5포 세대, N포세대까지 등장할 정도로 취업난, 치솟는 부동산 가격 등 여러 사회·경제적 요인들로 청년층을 위축시켰습니다.\n\n 모두가 이러한 이유로 '결혼을 포기'하는 것만은 아닙니다. 개인의 행복을 위해 '비혼을 선택'하는 청년들도 늘고 있습니다. 이처럼 최근 전통적인 가치관에서 벗어나 연애와 동거는 하면서 결혼이라는 제도에 묶여 관계에서 파생되는 책임을 벗어나 자유로운 삶을 추구하는 비혼주의자가 늘고 있습니다.\n\n 다만, 개인의 자유로운 선택에 따라 비혼주의를 하지만 주변에서는 아직 고운 시선으로 바라보지 않는 사람도 많습니다. 결혼이라는 제도에 대해서 선택이 아닌 필수라고 생각하는 사람들도 많지요. 개개인이 모여 사회가 형성되기 때문에 사회의 가장 작은 단위인 가족을 이루는 것도 사회 구성원으로서의 큰 역할이라고 생각하는 사람들도 있습니다.\n\n 여러분은 결혼을 꼭 해야 한다고 생각하시나요? 아니면 결혼은 선택의 문제라고 생각하시나요? 비혼주의에 대해 찬성하는 입장 반대를 선택하여 자신의 의견을 작성해주세요. 그리고 그렇게 생각한 이유에 대해서 작성해주세요.",
    "essay_type": "찬성반대",
    "essay_level": "2",
    "essay_len": 836,
    "essay_main_subject": "비혼주의자에 대한 본인의 의견"
  }
}