{
  "paragraph": [
    {
      "paragraph_txt": "나는 비혼을 찬성한다.#@문장구분# 여자들도 남자들과 똑같이 학교도 다니고 직장도 다닌다.#@문장구분# 그런데 어려서 엄마는 집안일, 아빠는 회사일을 해서 엄마의 일을 딸들이 많이 도와준다.#@문장구분# 그러면서 밥하는 법,반찬만드는법등을 자연스럽게 배운다.#@문장구분# 그런데 아들들은 엄마가 차려주는 밥에 숟가락만 들다보니 밥이나 반찬 등을 할줄모른다.#@문장구분# 남자들도 옷을 입고 세탁기도 돌려봐야하고 여자들처럼 다림질도 해보아야하고 쌀도 씻는일을 해야만 한다.#@문장구분# 꼭 집안일을 전문으로 하지 않더라도 대충은 할줄 알아야하는데 그들은 전혀 관심조차 없는 것같다.#@문장구분# 이렇게 관심이 없는데는 엄마의 잘못도 있다.#@문장구분# 엄마들이 아들들은 살림할 필요가 없다고 생각해서 잘시키지 않는다.#@문장구분# 요새 남자쉐프들이 직접요리하는것을 텔레비젼에서 많이 보았다.#@문장구분# 그런것처럼 요리하는 남자도 많다.#@문장구분# 엄마가 아들들에게 살림을 가르쳐야 한다.#@문장구분# 며느리가 살림하는 것은 당연하고 아들이 살림하는 것은 안된다는 의식을 버려야 한다.#@문장구분# 결혼을 하면 맞벌이를 하더라도 여자들이 더많은 집안일을 한다.#@문장구분# 통계에보면 아동돌봄,청소,음식준비등 여성들은 하루 평균205분 남성들은 하루평균64분 무급 가사노동을 한다.#@문장구분# 그런데 남자들은 여자도 직장을 다니는데 도와준다는 표현을 쓴다.#@문장구분# 본인들의 일이기도 한데 말이다.#@문장구분# 세탁기 돌리기,냉장고청소,집안청소,요리,화분물주기,쓰레기 치우기,옷장정리등등 결혼하는 여성들은 세부적으로 가사노동을 분류해 남성들과 똑같이 일을해야 직장승진이나 실적에 신경쓸 수 있을 것이다.#@문장구분# 이런 면에서 본다면 결혼하지 않고 혼자 사는 것이 더 편하겠다.#@문장구분# 혼자니 청소하고 싶을때 청소하고 자고싶을 때자고 정리하고 싶을때 정리하고 취미생활,운동등 하면서 혼자 살겠다.#@문장구분#",
      "paragraph_len": 1223,
      "paragraph_id": "001"
    }
  ],
  "score": {
    "paragraph_score": [
      {
        "paragraph_scoreT": [
          2.8,
          2,
          2
        ],
        "paragraph_scoreT_detail": {
          "paragraph_scoreT_exp": [
            [
              2,
              3,
              3
            ],
            [
              2,
              2,
              2
            ],
            [
              2,
              2,
              2
            ]
          ]
        },
        "paragraph_scoreT_avg": 2.2666667,
        "paragraph_id": "001"
      }
    ],
    "essay_scoreT": [
      29.4,
      24,
      25.2
    ],
    "essay_scoreT_avg": 26.200003,
    "essay_scoreT_detail": {
      "essay_scoreT_org": [
        [
          3,
          0,
          3,
          3
        ],
        [
          2,
          0,
          2,
          2
        ],
        [
          2,
          0,
          3,
          3
        ]
      ],
      "essay_scoreT_cont": [
        [
          3,
          3,
          3,
          3
        ],
        [
          3,
          3,
          3,
          3
        ],
        [
          3,
          3,
          3,
          3
        ]
      ],
      "essay_scoreT_exp": [
        [
          2,
          3,
          3
        ],
        [
          2,
          2,
          2
        ],
        [
          2,
          2,
          2
        ]
      ]
    }
  },
  "student": {
    "date": "2021.12.15",
    "student_educated": true,
    "student_grade": "고등_1학년",
    "location": "044",
    "student_grade_group": "고등",
    "student_reading": 2
  },
  "rubric": {
    "essay_grade": "고등_1학년",
    "organization_weight": {
      "org_paragraph": 0,
      "org": 3,
      "org_essay": 6,
      "org_coherence": 3,
      "org_quantity": 1
    },
    "essay_type": "찬성반대",
    "content_weight": {
      "con_clearance": 3,
      "con_novelty": 3,
      "con": 4,
      "con_prompt": 1,
      "con_description": 3
    },
    "essay_main_subject": "비혼주의자에 대한 본인의 의견",
    "expression_weight": {
      "exp_style": 4,
      "exp_grammar": 2,
      "exp_vocab": 4,
      "exp": 3
    }
  },
  "correction": [],
  "info": {
    "essay_id": "ESSAY_66207",
    "essay_prompt": " \"\"연애는 필수, 결혼은 선택! 가슴이 뛰는 대로 가면 돼\"\".\n\n 유명한 유행가의 노래 가사처럼, 청년들에게 결혼은 이제 필수가 아닌 하나의 선택 사항입니다. 연애, 결혼, 출산을 포기한다는 의미의 '3포세대'라는 말이 나오기 무섭게 5포 세대, N포세대까지 등장할 정도로 취업난, 치솟는 부동산 가격 등 여러 사회·경제적 요인들로 청년층을 위축시켰습니다.\n\n 모두가 이러한 이유로 '결혼을 포기'하는 것만은 아닙니다. 개인의 행복을 위해 '비혼을 선택'하는 청년들도 늘고 있습니다. 이처럼 최근 전통적인 가치관에서 벗어나 연애와 동거는 하면서 결혼이라는 제도에 묶여 관계에서 파생되는 책임을 벗어나 자유로운 삶을 추구하는 비혼주의자가 늘고 있습니다.\n\n 다만, 개인의 자유로운 선택에 따라 비혼주의를 하지만 주변에서는 아직 고운 시선으로 바라보지 않는 사람도 많습니다. 결혼이라는 제도에 대해서 선택이 아닌 필수라고 생각하는 사람들도 많지요. 개개인이 모여 사회가 형성되기 때문에 사회의 가장 작은 단위인 가족을 이루는 것도 사회 구성원으로서의 큰 역할이라고 생각하는 사람들도 있습니다.\n\n 여러분은 결혼을 꼭 해야 한다고 생각하시나요? 아니면 결혼은 선택의 문제라고 생각하시나요? 비혼주의에 대해 찬성하는 입장 반대를 선택하여 자신의 의견을 작성해주세요. 그리고 그렇게 생각한 이유에 대해서 작성해주세요.",
    "essay_type": "찬성반대",
    "essay_level": "2",
    "essay_len": 823,
    "essay_main_subject": "비혼주의자에 대한 본인의 의견"
  }
}