{
  "paragraph": [
    {
      "paragraph_txt": "저의 비혼주의자에 대한 의견은 찬성입니다.#@문장구분# 왜냐하면 시대가 변한만큼 결혼에 대한 인식도 변화하였다고 생각하기 때문입니다.#@문장구분# 결혼에 대한 단점을 말해보자면 요즘에 취업도 잘 되지 않고, 집값도 많이 오르고 있기 때문에 경제난을 겪을 수 있고, 개인의 자유가 없어지기 때문에 결혼을 하면 힘들 수 있기 때문입니다.#@문장구분# 그리고 결혼을 하면 막대한 양육비가 들어서 힘들 수 있고, 제가 경력을 쌓으려고 일을 할 때 아이 때문에 경력이 단절 됄 수도 있기 때문입니다.#@문장구분# 그리고 결혼을 하면 배우자의 가족분들과 자주 뵙는 일이 생길텐데 그 과정에서 서로 의견충돌이 생겨서 갈등이 발생할 수 있기 때문입니다.#@문장구분# 그리고 배우자와 서로 배려를 하다 보면 과도한 배려가 오히려 저의 삶을 제한할 수도 있기 때문입니다.#@문장구분# 그리고 많은 사람들이 결혼을 하고 아이를 낳는데 아이를 낳아 기를 때 그 시간이 적어도 20년이라는 시간이 걸리기 때문에 저의 청년 시절을 아이를 낳고 기르는데 시간을 보내어 제 개인의 시간이 많지 않을 것 같습니다.#@문장구분# 그런데 만약 결혼을 했을 때 배우자와 갈등 없이 제 개인만의 시간이 자유롭고 아이에 대한 나라의 지원과 복지가 더 좋으면 결혼에 대한 의견이 바뀔 수 있을 것 같은데 아직은 나라의 지원과 복지가 좋지 않은 것 같아서 저는 비혼주의자에 대하여 찬성하는 입장입니다.#@문장구분# 연애는 필수 결혼은 선택이라는 노래 가사가 있듯이 저의 생각 또한 같습니다.#@문장구분# 결혼하면 경제적으로도 힘들뿐더러 정신적으로 육체적으로 많이 힘들어 집니다.#@문장구분# 아이를 보는 것이 보통일이 아니기 때문이죠.#@문장구분#이러한 희생을 감수하고서라도 결혼을 해 아이를 낳는 사람들을 폄하하는 것이 아닙니다. #@문장구분#저는 그런 사람들을 존중합니다.#@문장구분# 하지만 저는 비혼주의에 대한 생각은 긍정적으로 생각합니다.#@문장구분#",
      "paragraph_len": 1143,
      "paragraph_id": "001"
    }
  ],
  "score": {
    "paragraph_score": [
      {
        "paragraph_scoreT": [
          2.4,
          2.8,
          2
        ],
        "paragraph_scoreT_detail": {
          "paragraph_scoreT_exp": [
            [
              2,
              2,
              3
            ],
            [
              2,
              3,
              3
            ],
            [
              2,
              2,
              2
            ]
          ]
        },
        "paragraph_scoreT_avg": 2.3999999,
        "paragraph_id": "001"
      }
    ],
    "essay_scoreT": [
      27,
      29.4,
      22.4
    ],
    "essay_scoreT_avg": 26.266668,
    "essay_scoreT_detail": {
      "essay_scoreT_org": [
        [
          3,
          0,
          3,
          3
        ],
        [
          3,
          0,
          3,
          3
        ],
        [
          2,
          0,
          2,
          2
        ]
      ],
      "essay_scoreT_cont": [
        [
          3,
          2,
          3,
          3
        ],
        [
          3,
          3,
          3,
          3
        ],
        [
          3,
          2,
          2,
          3
        ]
      ],
      "essay_scoreT_exp": [
        [
          2,
          2,
          3
        ],
        [
          2,
          3,
          3
        ],
        [
          2,
          2,
          2
        ]
      ]
    }
  },
  "student": {
    "date": "2021.11.08",
    "student_educated": true,
    "student_grade": "고등_1학년",
    "location": "054",
    "student_grade_group": "고등",
    "student_reading": 1
  },
  "rubric": {
    "essay_grade": "고등_1학년",
    "organization_weight": {
      "org_paragraph": 0,
      "org": 3,
      "org_essay": 6,
      "org_coherence": 3,
      "org_quantity": 1
    },
    "essay_type": "찬성반대",
    "content_weight": {
      "con_clearance": 3,
      "con_novelty": 3,
      "con": 4,
      "con_prompt": 1,
      "con_description": 3
    },
    "essay_main_subject": "비혼주의자에 대한 본인의 의견",
    "expression_weight": {
      "exp_style": 4,
      "exp_grammar": 2,
      "exp_vocab": 4,
      "exp": 3
    }
  },
  "correction": [],
  "info": {
    "essay_id": "ESSAY_44293",
    "essay_prompt": " \"\"연애는 필수, 결혼은 선택! 가슴이 뛰는 대로 가면 돼\"\".\n\n 유명한 유행가의 노래 가사처럼, 청년들에게 결혼은 이제 필수가 아닌 하나의 선택 사항입니다. 연애, 결혼, 출산을 포기한다는 의미의 '3포세대'라는 말이 나오기 무섭게 5포 세대, N포세대까지 등장할 정도로 취업난, 치솟는 부동산 가격 등 여러 사회·경제적 요인들로 청년층을 위축시켰습니다.\n\n 모두가 이러한 이유로 '결혼을 포기'하는 것만은 아닙니다. 개인의 행복을 위해 '비혼을 선택'하는 청년들도 늘고 있습니다. 이처럼 최근 전통적인 가치관에서 벗어나 연애와 동거는 하면서 결혼이라는 제도에 묶여 관계에서 파생되는 책임을 벗어나 자유로운 삶을 추구하는 비혼주의자가 늘고 있습니다.\n\n 다만, 개인의 자유로운 선택에 따라 비혼주의를 하지만 주변에서는 아직 고운 시선으로 바라보지 않는 사람도 많습니다. 결혼이라는 제도에 대해서 선택이 아닌 필수라고 생각하는 사람들도 많지요. 개개인이 모여 사회가 형성되기 때문에 사회의 가장 작은 단위인 가족을 이루는 것도 사회 구성원으로서의 큰 역할이라고 생각하는 사람들도 있습니다.\n\n 여러분은 결혼을 꼭 해야 한다고 생각하시나요? 아니면 결혼은 선택의 문제라고 생각하시나요? 비혼주의에 대해 찬성하는 입장 반대를 선택하여 자신의 의견을 작성해주세요. 그리고 그렇게 생각한 이유에 대해서 작성해주세요.",
    "essay_type": "찬성반대",
    "essay_level": "2",
    "essay_len": 864,
    "essay_main_subject": "비혼주의자에 대한 본인의 의견"
  }
}