{
  "paragraph": [
    {
      "paragraph_txt": "옛 어른들은 결혼은 꼭 해야 한다고 말씀하시는데 시대가 변화하면서 결혼은 필수가 아닌 선택이 되었습니다.#@문장구분# 저 또한 결혼은 꼭 해야 한다고 생각하지는 않습니다.#@문장구분# 한 가정을 꾸리고 산다는 것은 좋은 일이지만 그만큼 내가 포기하여야 하는 것들도 많이 생기기 때문입니다.#@문장구분# 저희 가족은 화목하게 잘 살고 있지만 TV에서 뉴스나 다큐멘터리를 보다보면 결혼하고 싸우고 이혼하고 자식들과 따로 사는 사람을 볼 때 마다 결혼을 한다고 행복하지 않다는 사실을 알게 되었습니다.#@문장구분# 특히 연예인들을 보면 결혼하고 얼마 안되서 이혼하는 사례가 많이 있습니다.#@문장구분# 연예부터 시작하여 결혼까지의 과정과 결혼 후 이혼까지의 과정을 보면 시간적으로 손해를 많이 보며, 감정 소모도 심하게 들기 때문에 굳이 저런 수고를 감수 하면서 결혼 하는지 이해하기 힘듭니다.#@문장구분# 또한 결혼으로 들어가는 비용도 만만치 않게 들어가고 있으며, 결혼 후에 집을 구하기 위해서는 또 많은 빚을 지게 되고 빚만으로도 집을 구하지 못하는 사람도 많습니다.#@문장구분# 경제적인 여유가 되지도 않은 상황에서 결혼은 하늘에 별 따기 이며, 결혼 후 애기를 낳는 것 또한 경제적인 여유가 없으면 낳기 힘듭니다.#@문장구분# 아이 1명을 대학교까지 보내는데 8억이라는 돈이 들어간다고 하는데 8억을 벌기도 힘들 뿐만 아니라 그만큼의 돈을 벌기 위해서는 모든 것을 포기하고 돈만 벌고 한 푼이라도 아끼기 위해서 나 자 자신을 희생하여야 하는 것도 저는 무리라고 생각합니다.#@문장구분# 이러한 이야기를 부모님이나 어른에게 말씀드리면 결혼하고 애기를 낳으면 어떻게든 살 수 있다고 하지만 부모님 시대에는 경제 호황기여서 가능하지만 지금은 경제 침체기여서 취직하기도 힘든 상황이여서 시대가 달라진 것을 이해하시지 못하셔서 가끔씩은 답답할 때도 있습니다.#@문장구분# 이러한 상황을 고려해 본다면 저는 결혼을 안하는 것이 맞다고 생각합니다.#@문장구분#",
      "paragraph_len": 1123,
      "paragraph_id": "001"
    }
  ],
  "score": {
    "paragraph_score": [
      {
        "paragraph_scoreT": [
          3,
          2.4,
          2.4
        ],
        "paragraph_scoreT_detail": {
          "paragraph_scoreT_exp": [
            [
              3,
              3,
              3
            ],
            [
              2,
              2,
              3
            ],
            [
              2,
              2,
              3
            ]
          ]
        },
        "paragraph_scoreT_avg": 2.6000001,
        "paragraph_id": "001"
      }
    ],
    "essay_scoreT": [
      30,
      28.2,
      28.2
    ],
    "essay_scoreT_avg": 28.800001,
    "essay_scoreT_detail": {
      "essay_scoreT_org": [
        [
          3,
          0,
          3,
          3
        ],
        [
          3,
          0,
          3,
          3
        ],
        [
          3,
          0,
          3,
          3
        ]
      ],
      "essay_scoreT_cont": [
        [
          3,
          3,
          3,
          3
        ],
        [
          3,
          3,
          3,
          3
        ],
        [
          3,
          3,
          3,
          3
        ]
      ],
      "essay_scoreT_exp": [
        [
          3,
          3,
          3
        ],
        [
          2,
          2,
          3
        ],
        [
          2,
          2,
          3
        ]
      ]
    }
  },
  "student": {
    "date": "2021.12.15",
    "student_educated": true,
    "student_grade": "고등_1학년",
    "location": "042",
    "student_grade_group": "고등",
    "student_reading": 2
  },
  "rubric": {
    "essay_grade": "고등_1학년",
    "organization_weight": {
      "org_paragraph": 0,
      "org": 3,
      "org_essay": 6,
      "org_coherence": 3,
      "org_quantity": 1
    },
    "essay_type": "찬성반대",
    "content_weight": {
      "con_clearance": 3,
      "con_novelty": 3,
      "con": 4,
      "con_prompt": 1,
      "con_description": 3
    },
    "essay_main_subject": "비혼주의자에 대한 본인의 의견",
    "expression_weight": {
      "exp_style": 4,
      "exp_grammar": 2,
      "exp_vocab": 4,
      "exp": 3
    }
  },
  "correction": [],
  "info": {
    "essay_id": "ESSAY_61865",
    "essay_prompt": " \"\"연애는 필수, 결혼은 선택! 가슴이 뛰는 대로 가면 돼\"\".\n\n 유명한 유행가의 노래 가사처럼, 청년들에게 결혼은 이제 필수가 아닌 하나의 선택 사항입니다. 연애, 결혼, 출산을 포기한다는 의미의 '3포세대'라는 말이 나오기 무섭게 5포 세대, N포세대까지 등장할 정도로 취업난, 치솟는 부동산 가격 등 여러 사회·경제적 요인들로 청년층을 위축시켰습니다.\n\n 모두가 이러한 이유로 '결혼을 포기'하는 것만은 아닙니다. 개인의 행복을 위해 '비혼을 선택'하는 청년들도 늘고 있습니다. 이처럼 최근 전통적인 가치관에서 벗어나 연애와 동거는 하면서 결혼이라는 제도에 묶여 관계에서 파생되는 책임을 벗어나 자유로운 삶을 추구하는 비혼주의자가 늘고 있습니다.\n\n 다만, 개인의 자유로운 선택에 따라 비혼주의를 하지만 주변에서는 아직 고운 시선으로 바라보지 않는 사람도 많습니다. 결혼이라는 제도에 대해서 선택이 아닌 필수라고 생각하는 사람들도 많지요. 개개인이 모여 사회가 형성되기 때문에 사회의 가장 작은 단위인 가족을 이루는 것도 사회 구성원으로서의 큰 역할이라고 생각하는 사람들도 있습니다.\n\n 여러분은 결혼을 꼭 해야 한다고 생각하시나요? 아니면 결혼은 선택의 문제라고 생각하시나요? 비혼주의에 대해 찬성하는 입장 반대를 선택하여 자신의 의견을 작성해주세요. 그리고 그렇게 생각한 이유에 대해서 작성해주세요.",
    "essay_type": "찬성반대",
    "essay_level": "2",
    "essay_len": 903,
    "essay_main_subject": "비혼주의자에 대한 본인의 의견"
  }
}