{
  "paragraph": [
    {
      "paragraph_txt": "나는 비혼주의자이다.#@문장구분# 여자들은 결혼을 하면 아이를 낳아야 한다.#@문장구분# 요즘에는 둘만 잘사는 집도 많지만 엄마는 아이가 두사람을 이어주는 다리역할을 한다고 한다.#@문장구분# 결혼한 처음에는 서로가 서로에게 맞춰주면서 배려하고 아껴주고 하겠지만 서로 다른환경에서 살고 자라다보니 성격차이가 있을 수도 있고 뜨거웠던 핫팩도 시간이 가면서 식는 것처럼 사랑이 식어서 일수도 있고 다툼이 생기거나 해도 도와주는 사람이 없으면 계속 서로 비난하고 미워하게 된다고 한다.#@문장구분# 하지만 결혼하고 아이를 낳으면 아이는 누가 키워주나?#@문장구분# 남편이 키워주나?#@문장구분# 시집식구들이 키워주나?#@문장구분# 보통은 내가 키워야하거나 친정엄마가 키워야한다.#@문장구분# 아기가 뱃속에 있는 10개월동안 아내는 점점 불러오는 무거운 몸으로 직장을 다닌다.#@문장구분# 뛰어다니지도 못하고 엎드려 눕지도 못하는 것같다.#@문장구분# 아기가 태어나면 아내는 몸이 회복도 되기전에 아기에게 모유먹이고 재우고 계속우는 아기 때문에 산모우울증에 걸리는 아내들도 많다고 한다.#@문장구분# 일년 육아 휴직을 낸다해도 집안일이며 아기보는 일은 쉽지 않을 것같다.#@문장구분# 젓병씻고 목욕시키고 놀아주고 아내에게는 전혀 개인시간을 가질 여유가 없다.#@문장구분# 그러나 아기가 잘때면 지쳐서 아기와 같이 잠이든다.#@문장구분# 다음날 똑같은 일들의 연속이다.#@문장구분# 그래서 82년생 김지영을 보면 우울증에걸려 정신이 오락가락한다.#@문장구분# 여자들에게 결혼이란 자기를 버려야만 하는 것같다.#@문장구분# 우리 엄마도 그렇게 나를 키우셨다 생각하니 가슴이 먹먹하다.#@문장구분# 나는 하고싶은 일이 많다.#@문장구분# 아내는 하고싶은 일을 포기하고 살아야한다.#@문장구분# 남편과 아기,명의 아이를 키우는 것이라했다.#@문장구분# 만약 동생을 또 낳으면 아내는 똑같은 일을 또 겪어야 한다.#@문장구분# 나는 결혼을 하고 싶지 않다.#@문장구분#",
      "paragraph_len": 1280,
      "paragraph_id": "001"
    }
  ],
  "score": {
    "paragraph_score": [
      {
        "paragraph_scoreT": [
          3,
          2.4,
          2.8
        ],
        "paragraph_scoreT_detail": {
          "paragraph_scoreT_exp": [
            [
              3,
              3,
              3
            ],
            [
              2,
              2,
              3
            ],
            [
              2,
              3,
              3
            ]
          ]
        },
        "paragraph_scoreT_avg": 2.7333333,
        "paragraph_id": "001"
      }
    ],
    "essay_scoreT": [
      30,
      27,
      28.2
    ],
    "essay_scoreT_avg": 28.4,
    "essay_scoreT_detail": {
      "essay_scoreT_org": [
        [
          3,
          0,
          3,
          3
        ],
        [
          3,
          0,
          3,
          3
        ],
        [
          3,
          0,
          3,
          3
        ]
      ],
      "essay_scoreT_cont": [
        [
          3,
          3,
          3,
          3
        ],
        [
          2,
          3,
          3,
          3
        ],
        [
          3,
          3,
          3,
          3
        ]
      ],
      "essay_scoreT_exp": [
        [
          3,
          3,
          3
        ],
        [
          2,
          2,
          3
        ],
        [
          2,
          3,
          2
        ]
      ]
    }
  },
  "student": {
    "date": "2021.12.15",
    "student_educated": true,
    "student_grade": "고등_1학년",
    "location": "044",
    "student_grade_group": "고등",
    "student_reading": 1
  },
  "rubric": {
    "essay_grade": "고등_1학년",
    "organization_weight": {
      "org_paragraph": 0,
      "org": 3,
      "org_essay": 6,
      "org_coherence": 3,
      "org_quantity": 1
    },
    "essay_type": "찬성반대",
    "content_weight": {
      "con_clearance": 3,
      "con_novelty": 3,
      "con": 4,
      "con_prompt": 1,
      "con_description": 3
    },
    "essay_main_subject": "비혼주의자에 대한 본인의 의견",
    "expression_weight": {
      "exp_style": 4,
      "exp_grammar": 2,
      "exp_vocab": 4,
      "exp": 3
    }
  },
  "correction": [],
  "info": {
    "essay_id": "ESSAY_66200",
    "essay_prompt": " \"\"연애는 필수, 결혼은 선택! 가슴이 뛰는 대로 가면 돼\"\".\n\n 유명한 유행가의 노래 가사처럼, 청년들에게 결혼은 이제 필수가 아닌 하나의 선택 사항입니다. 연애, 결혼, 출산을 포기한다는 의미의 '3포세대'라는 말이 나오기 무섭게 5포 세대, N포세대까지 등장할 정도로 취업난, 치솟는 부동산 가격 등 여러 사회·경제적 요인들로 청년층을 위축시켰습니다.\n\n 모두가 이러한 이유로 '결혼을 포기'하는 것만은 아닙니다. 개인의 행복을 위해 '비혼을 선택'하는 청년들도 늘고 있습니다. 이처럼 최근 전통적인 가치관에서 벗어나 연애와 동거는 하면서 결혼이라는 제도에 묶여 관계에서 파생되는 책임을 벗어나 자유로운 삶을 추구하는 비혼주의자가 늘고 있습니다.\n\n 다만, 개인의 자유로운 선택에 따라 비혼주의를 하지만 주변에서는 아직 고운 시선으로 바라보지 않는 사람도 많습니다. 결혼이라는 제도에 대해서 선택이 아닌 필수라고 생각하는 사람들도 많지요. 개개인이 모여 사회가 형성되기 때문에 사회의 가장 작은 단위인 가족을 이루는 것도 사회 구성원으로서의 큰 역할이라고 생각하는 사람들도 있습니다.\n\n 여러분은 결혼을 꼭 해야 한다고 생각하시나요? 아니면 결혼은 선택의 문제라고 생각하시나요? 비혼주의에 대해 찬성하는 입장 반대를 선택하여 자신의 의견을 작성해주세요. 그리고 그렇게 생각한 이유에 대해서 작성해주세요.",
    "essay_type": "찬성반대",
    "essay_level": "2",
    "essay_len": 820,
    "essay_main_subject": "비혼주의자에 대한 본인의 의견"
  }
}