{
  "paragraph": [
    {
      "paragraph_txt": "결혼을 하냐 안하냐 그것이 문제로다.#@문장구분# 나는 결혼을 반드시 해야 한다는 것에 반대한다.#@문장구분# 결혼은 선택이다.#@문장구분# 옛날처럼 결혼할 나이가 되면 반드시 결혼을 해야 한다는 생각은 정말 옛날식 사고방식이 아닐 수 없다.#@문장구분# 요즘은 개성과 창의가 없으면 살아남기 힘든세상이다.#@문장구분# 이런세상이라고 온 나라가 어려서부터 창의 교육을 시키며 개성을 강요하는 것이 아닌가.#@문장구분# 결혼이라는 것도 태어날때부터 반드시 해야하는 본성은 아니다.#@문장구분# 결혼이라는 제도 자체가 사회적 관습이니까 말이다.#@문장구분# 옛날 농경사회에는 사람이 곧 돈이며 사람이 얼마나 많이 있느냐가 재산의 척도 였다면 지금은 그렇지 않다.#@문장구분# 사람 한명이 몇 천명을 먹여살릴수도 있는 시대이기 때문이다.#@문장구분# 난 결혼을 반대하는 아니 결혼을 하지말라는 말이 아니라 결혼을 강요하지 말라는 말이다.#@문장구분# 결혼도 한 사람의 선택의 문제이니 말이다.#@문장구분# 게다가 요즘은 결혼이라는 것이 강요하거나 몰아붙이기 식으로 할 것이 아니다.#@문장구분# 우선 사회적 환경이 결혼을 더욱더 힘들게 한다.#@문장구분# 요즘은 대학졸업해서 취업하기가 바늘구멍 통과하기 만큼 힘든세상이며 취업을 한다고 해도 기본 생활비가 많이 들기 때문에 돈을 모아 결혼을 해서 가정을 꾸릴만큼의 여유를 가질 수 있는 청년들은 흔치 않다.#@문장구분# 우선 집값은 천정부지로 치솟고 물가도 많이 올랐다.#@문장구분# 너도나도 다 있는 차한대쯤은 있어야 결혼을 할 수 있다.#@문장구분# 뿐만이 아니다 얼마전 엄마가 청소기를 샀는데 청소기 한 대가 100만원이 넘는 시대이다.#@문장구분# 그러니 청년들이 쥐꼬리만한 월급을 받아서 결혼을 할 수 있는냔 말이다.#@문장구분# 비혼주의는 선택이 아니라 비혼일 수 밖에 없는 사회이다.#@문장구분# 고로 금수저로 태어나지 못한 나는 비혼주의자가 될 수 밖에 없다.#@문장구분#",
      "paragraph_len": 1242,
      "paragraph_id": "001"
    }
  ],
  "score": {
    "paragraph_score": [
      {
        "paragraph_scoreT": [
          1.4,
          1.6,
          1.6
        ],
        "paragraph_scoreT_detail": {
          "paragraph_scoreT_exp": [
            [
              1,
              2,
              1
            ],
            [
              2,
              1,
              2
            ],
            [
              2,
              2,
              1
            ]
          ]
        },
        "paragraph_scoreT_avg": 1.5333333,
        "paragraph_id": "001"
      }
    ],
    "essay_scoreT": [
      17.7,
      21.900002,
      20.7
    ],
    "essay_scoreT_avg": 20.1,
    "essay_scoreT_detail": {
      "essay_scoreT_org": [
        [
          2,
          0,
          2,
          3
        ],
        [
          2,
          0,
          2,
          3
        ],
        [
          2,
          0,
          2,
          3
        ]
      ],
      "essay_scoreT_cont": [
        [
          2,
          1,
          3,
          2
        ],
        [
          3,
          2,
          3,
          3
        ],
        [
          3,
          2,
          3,
          2
        ]
      ],
      "essay_scoreT_exp": [
        [
          1,
          2,
          1
        ],
        [
          2,
          1,
          2
        ],
        [
          2,
          2,
          1
        ]
      ]
    }
  },
  "student": {
    "date": "2021.12.20",
    "student_educated": true,
    "student_grade": "고등_1학년",
    "location": "063",
    "student_grade_group": "고등",
    "student_reading": 1
  },
  "rubric": {
    "essay_grade": "고등_1학년",
    "organization_weight": {
      "org_paragraph": 0,
      "org": 3,
      "org_essay": 6,
      "org_coherence": 3,
      "org_quantity": 1
    },
    "essay_type": "찬성반대",
    "content_weight": {
      "con_clearance": 3,
      "con_novelty": 3,
      "con": 4,
      "con_prompt": 1,
      "con_description": 3
    },
    "essay_main_subject": "비혼주의자에 대한 본인의 의견",
    "expression_weight": {
      "exp_style": 4,
      "exp_grammar": 2,
      "exp_vocab": 4,
      "exp": 3
    }
  },
  "correction": [],
  "info": {
    "essay_id": "ESSAY_76550",
    "essay_prompt": " \"\"연애는 필수, 결혼은 선택! 가슴이 뛰는 대로 가면 돼\"\".\n\n 유명한 유행가의 노래 가사처럼, 청년들에게 결혼은 이제 필수가 아닌 하나의 선택 사항입니다. 연애, 결혼, 출산을 포기한다는 의미의 '3포세대'라는 말이 나오기 무섭게 5포 세대, N포세대까지 등장할 정도로 취업난, 치솟는 부동산 가격 등 여러 사회·경제적 요인들로 청년층을 위축시켰습니다.\n\n 모두가 이러한 이유로 '결혼을 포기'하는 것만은 아닙니다. 개인의 행복을 위해 '비혼을 선택'하는 청년들도 늘고 있습니다. 이처럼 최근 전통적인 가치관에서 벗어나 연애와 동거는 하면서 결혼이라는 제도에 묶여 관계에서 파생되는 책임을 벗어나 자유로운 삶을 추구하는 비혼주의자가 늘고 있습니다.\n\n 다만, 개인의 자유로운 선택에 따라 비혼주의를 하지만 주변에서는 아직 고운 시선으로 바라보지 않는 사람도 많습니다. 결혼이라는 제도에 대해서 선택이 아닌 필수라고 생각하는 사람들도 많지요. 개개인이 모여 사회가 형성되기 때문에 사회의 가장 작은 단위인 가족을 이루는 것도 사회 구성원으로서의 큰 역할이라고 생각하는 사람들도 있습니다.\n\n 여러분은 결혼을 꼭 해야 한다고 생각하시나요? 아니면 결혼은 선택의 문제라고 생각하시나요? 비혼주의에 대해 찬성하는 입장 반대를 선택하여 자신의 의견을 작성해주세요. 그리고 그렇게 생각한 이유에 대해서 작성해주세요.",
    "essay_type": "찬성반대",
    "essay_level": "2",
    "essay_len": 822,
    "essay_main_subject": "비혼주의자에 대한 본인의 의견"
  }
}