{
  "paragraph": [
    {
      "paragraph_txt": "요즘 결혼을 하지 않고 혼자사는 사람들이 늘어가고 있다고 한다.#@문장구분# 그렇다면 이렇게 갑자기 왜 혼자 사는 비율이 늘어나게 되었을까?#@문장구분# 먼저 요즘은 혼자 지내는 흔히 혼밥, 혼술등 다양한 말들이 나올정도로 혼자 사는게 트렌드가 되었다.#@문장구분# 혼자 살기 때문에 좀 외로운 부분은 있겠지만 대부분의 사람들은 혼자 사는것을 만족하며 살아가는 것을 볼 수 있다.#@문장구분# 그리고 가장 큰 이유는 바로 예전과 비교해서 결혼을 하는 사람들이 많이 줄었음을 알 수 있다.#@문장구분# 특히 연애는 하더라도 결혼까지는 하지 않는 사람들이 많다.#@문장구분# 그 이유는 무엇일지 생각해보면 결혼을 하지 않고 자유롭게 자신이 원하는 삶을 추구하거나 또 경제적으로 많은 돈이 들기 때문이라고 생각한다.#@문장구분# 취업도 힘들고 돈버는것에 목매여있는 요즘시대에서는  결혼을 한다면 확실히 자신이 하고 싶은 것을 하는데 조금 어려운 부분이 있다고 생각한다.#@문장구분# 아니 조금이아니라 엄청나게 여렵다. 거의 불가능하다.#@문장구분# 그래서 완전한 자유를 위해 결혼은 하지 않는 사람들이 있다.#@문장구분# 또 결혼을 하면 집도 사야되고 가전제품등 여러부분에서 많은 돈이 들기 때문에 이것도 이유가 될수 있다.#@문장구분# 지금까지 단점만 이야기 했지만 나의 결론은 비혼주의에 대해 반대한다.#@문장구분# 한번사는 인생에서 이미 혼자서 사는 즐거움은 너무나도 많이 느껴보았다.#@문장구분# 하지만 생물학적으로 주어진 이 숙명을 행하지 않고 죽는 것은 너무나도 억울하고 부조리하다고 생각한다.#@문장구분# 따라서 나는 결혼을 하지 않는 것은 멍청한 짓 이라고 생각한다.#@문장구분# 그로인해 받는 고통이 너무 클지라도 결혼을하고 아이를 낳고 나의 아이가 커서 결혼을 하면서 생물학적으로 기능하는 것을 보지 못한것보다 가치없는 삶은 없다고 생각한다.#@문장구분# 따라서 비혼주의에 반대한다.#@문장구분#",
      "paragraph_len": 1177,
      "paragraph_id": "001"
    }
  ],
  "score": {
    "paragraph_score": [
      {
        "paragraph_scoreT": [
          3,
          3,
          3
        ],
        "paragraph_scoreT_detail": {
          "paragraph_scoreT_exp": [
            [
              3,
              3,
              3
            ],
            [
              3,
              3,
              3
            ],
            [
              3,
              3,
              3
            ]
          ]
        },
        "paragraph_scoreT_avg": 3,
        "paragraph_id": "001"
      }
    ],
    "essay_scoreT": [
      28.8,
      28.8,
      30
    ],
    "essay_scoreT_avg": 29.199999,
    "essay_scoreT_detail": {
      "essay_scoreT_org": [
        [
          3,
          0,
          3,
          3
        ],
        [
          3,
          0,
          3,
          3
        ],
        [
          3,
          0,
          3,
          3
        ]
      ],
      "essay_scoreT_cont": [
        [
          3,
          2,
          3,
          3
        ],
        [
          3,
          2,
          3,
          3
        ],
        [
          3,
          3,
          3,
          3
        ]
      ],
      "essay_scoreT_exp": [
        [
          3,
          3,
          3
        ],
        [
          3,
          3,
          3
        ],
        [
          3,
          3,
          3
        ]
      ]
    }
  },
  "student": {
    "date": "2021.12.21",
    "student_educated": true,
    "student_grade": "고등_1학년",
    "location": "063",
    "student_grade_group": "고등",
    "student_reading": 3
  },
  "rubric": {
    "essay_grade": "고등_1학년",
    "organization_weight": {
      "org_paragraph": 0,
      "org": 3,
      "org_essay": 6,
      "org_coherence": 3,
      "org_quantity": 1
    },
    "essay_type": "찬성반대",
    "content_weight": {
      "con_clearance": 3,
      "con_novelty": 3,
      "con": 4,
      "con_prompt": 1,
      "con_description": 3
    },
    "essay_main_subject": "비혼주의자에 대한 본인의 의견",
    "expression_weight": {
      "exp_style": 4,
      "exp_grammar": 2,
      "exp_vocab": 4,
      "exp": 3
    }
  },
  "correction": [],
  "info": {
    "essay_id": "ESSAY_72074",
    "essay_prompt": " \"\"연애는 필수, 결혼은 선택! 가슴이 뛰는 대로 가면 돼\"\".\n\n 유명한 유행가의 노래 가사처럼, 청년들에게 결혼은 이제 필수가 아닌 하나의 선택 사항입니다. 연애, 결혼, 출산을 포기한다는 의미의 '3포세대'라는 말이 나오기 무섭게 5포 세대, N포세대까지 등장할 정도로 취업난, 치솟는 부동산 가격 등 여러 사회·경제적 요인들로 청년층을 위축시켰습니다.\n\n 모두가 이러한 이유로 '결혼을 포기'하는 것만은 아닙니다. 개인의 행복을 위해 '비혼을 선택'하는 청년들도 늘고 있습니다. 이처럼 최근 전통적인 가치관에서 벗어나 연애와 동거는 하면서 결혼이라는 제도에 묶여 관계에서 파생되는 책임을 벗어나 자유로운 삶을 추구하는 비혼주의자가 늘고 있습니다.\n\n 다만, 개인의 자유로운 선택에 따라 비혼주의를 하지만 주변에서는 아직 고운 시선으로 바라보지 않는 사람도 많습니다. 결혼이라는 제도에 대해서 선택이 아닌 필수라고 생각하는 사람들도 많지요. 개개인이 모여 사회가 형성되기 때문에 사회의 가장 작은 단위인 가족을 이루는 것도 사회 구성원으로서의 큰 역할이라고 생각하는 사람들도 있습니다.\n\n 여러분은 결혼을 꼭 해야 한다고 생각하시나요? 아니면 결혼은 선택의 문제라고 생각하시나요? 비혼주의에 대해 찬성하는 입장 반대를 선택하여 자신의 의견을 작성해주세요. 그리고 그렇게 생각한 이유에 대해서 작성해주세요.",
    "essay_type": "찬성반대",
    "essay_level": "2",
    "essay_len": 837,
    "essay_main_subject": "비혼주의자에 대한 본인의 의견"
  }
}