{
  "paragraph": [
    {
      "paragraph_txt": "'비혼주의자'란 '결혼은 필수가 아니라 선택이라고 생각하는 이'를 일컫는 말이다.#@문장구분# 미혼은 혼인상태가 아님을 뜻하지만 비혼은 혼인할 '의지'가 없음을 뜻하는 용어다.#@문장구분# 결혼 제도를 거부하는 사람을 의미한다.#@문장구분# 현대사회에서는 자발적인 비혼주의자보다 강제적인 비혼주의자일 가능성이 크다고 한다.#@문장구분# 비싼 물가와 집값, 아이에게 들어갈 돈, 결혼비용과 출산비용 등 '결혼'에는 젊은 남녀가 감당하기 어려운 많은 돈이 필요하기 때문에 결혼하기를 망설이는 사람들이 늘어나고 있다.#@문장구분# ",
      "paragraph_len": 359,
      "paragraph_id": "001"
    },
    {
      "paragraph_txt": " 연애나 결혼으로 상처를 받은 경험 때문에 비혼주의자가 되었을 수도 있다.#@문장구분# 다시 연애를 하게 되더라도 결혼만은 무서워서 피하고 싶은 마음이다.#@문장구분#  또, 결혼에는 많은 책임이 따르는데, 이런 부담이 싫어서 결혼하기를 거부할 수도 있다.#@문장구분# 결혼을 하면 두 사람은 하나의 가정이 되고, 다양한 사회적 책임이 따르게 된다.#@문장구분# 어떤 이유로 비혼주의자가 되었든, 나는 비혼주의자들을 존중해주어야 한다고 생각한다.#@문장구분# 애초에 비혼주의가 나쁜 건 아니니까 반대할 이유는 없다고 생각한다.#@문장구분# 세상에는 다양한 견해를 가진 다양한 사람들이 존재한다.#@문장구분# 이 다양성을 인정하고 차별 없는 눈으로 바라본다면 좀 더 평화롭고 행복한 세상이 될 수 있을 것이다.#@문장구분# 그러지 않으면 현재 비판받고있는 레디컬 페미니즘이나 pc 주의랑 다를것이 없다고 생각한다.#@문장구분#",
      "paragraph_len": 578,
      "paragraph_id": "002"
    },
    {
      "paragraph_txt": " 다만, 비혼주의자들 중에서 연애나 동거를 하고 있는 사람들은 상대방에게 본인은 결혼할 마음이 없다는 것을 꼭 알려 줘야 한다.#@문장구분# 그렇게 상대방에 대한 기본적인 예의를 지키며 서로 사랑한다면 문제될 것은 없다고 생각한다.#@문장구분# 위 기술한 이유들로 나는 비혼을 반대한다.#@문장구분#",
      "paragraph_len": 206,
      "paragraph_id": "003"
    }
  ],
  "score": {
    "paragraph_score": [
      {
        "paragraph_scoreT": [
          2.8,
          2.8,
          2.8
        ],
        "paragraph_scoreT_detail": {
          "paragraph_scoreT_exp": [
            [
              2,
              3,
              3
            ],
            [
              2,
              3,
              3
            ],
            [
              2,
              3,
              3
            ]
          ]
        },
        "paragraph_scoreT_avg": 2.8,
        "paragraph_id": "001"
      },
      {
        "paragraph_scoreT": [
          2.8,
          2.8,
          2.8
        ],
        "paragraph_scoreT_detail": {
          "paragraph_scoreT_exp": [
            [
              2,
              3,
              3
            ],
            [
              2,
              3,
              3
            ],
            [
              2,
              3,
              3
            ]
          ]
        },
        "paragraph_scoreT_avg": 2.8,
        "paragraph_id": "002"
      },
      {
        "paragraph_scoreT": [
          3,
          2.8,
          2.8
        ],
        "paragraph_scoreT_detail": {
          "paragraph_scoreT_exp": [
            [
              3,
              3,
              3
            ],
            [
              2,
              3,
              3
            ],
            [
              2,
              3,
              3
            ]
          ]
        },
        "paragraph_scoreT_avg": 2.8666668,
        "paragraph_id": "003"
      }
    ],
    "essay_scoreT": [
      29.4,
      29.4,
      27.900002
    ],
    "essay_scoreT_avg": 28.9,
    "essay_scoreT_detail": {
      "essay_scoreT_org": [
        [
          3,
          0,
          3,
          3
        ],
        [
          3,
          0,
          3,
          3
        ],
        [
          3,
          0,
          3,
          2
        ]
      ],
      "essay_scoreT_cont": [
        [
          3,
          3,
          3,
          3
        ],
        [
          3,
          3,
          3,
          3
        ],
        [
          3,
          2,
          3,
          3
        ]
      ],
      "essay_scoreT_exp": [
        [
          2,
          3,
          3
        ],
        [
          2,
          3,
          3
        ],
        [
          2,
          3,
          3
        ]
      ]
    }
  },
  "student": {
    "date": "2021.10.01",
    "student_educated": true,
    "student_grade": "고등_1학년",
    "location": "051",
    "student_grade_group": "고등",
    "student_reading": 1
  },
  "rubric": {
    "essay_grade": "고등_1학년",
    "organization_weight": {
      "org_paragraph": 0,
      "org": 3,
      "org_essay": 6,
      "org_coherence": 3,
      "org_quantity": 1
    },
    "essay_type": "찬성반대",
    "content_weight": {
      "con_clearance": 3,
      "con_novelty": 3,
      "con": 4,
      "con_prompt": 1,
      "con_description": 3
    },
    "essay_main_subject": "비혼주의자에 대한 본인의 의견",
    "expression_weight": {
      "exp_style": 4,
      "exp_grammar": 2,
      "exp_vocab": 4,
      "exp": 3
    }
  },
  "correction": [],
  "info": {
    "essay_id": "ESSAY_37082",
    "essay_prompt": " \"\"연애는 필수, 결혼은 선택! 가슴이 뛰는 대로 가면 돼\"\".\n\n 유명한 유행가의 노래 가사처럼, 청년들에게 결혼은 이제 필수가 아닌 하나의 선택 사항입니다. 연애, 결혼, 출산을 포기한다는 의미의 '3포세대'라는 말이 나오기 무섭게 5포 세대, N포세대까지 등장할 정도로 취업난, 치솟는 부동산 가격 등 여러 사회·경제적 요인들로 청년층을 위축시켰습니다.\n\n 모두가 이러한 이유로 '결혼을 포기'하는 것만은 아닙니다. 개인의 행복을 위해 '비혼을 선택'하는 청년들도 늘고 있습니다. 이처럼 최근 전통적인 가치관에서 벗어나 연애와 동거는 하면서 결혼이라는 제도에 묶여 관계에서 파생되는 책임을 벗어나 자유로운 삶을 추구하는 비혼주의자가 늘고 있습니다.\n\n 다만, 개인의 자유로운 선택에 따라 비혼주의를 하지만 주변에서는 아직 고운 시선으로 바라보지 않는 사람도 많습니다. 결혼이라는 제도에 대해서 선택이 아닌 필수라고 생각하는 사람들도 많지요. 개개인이 모여 사회가 형성되기 때문에 사회의 가장 작은 단위인 가족을 이루는 것도 사회 구성원으로서의 큰 역할이라고 생각하는 사람들도 있습니다.\n\n 여러분은 결혼을 꼭 해야 한다고 생각하시나요? 아니면 결혼은 선택의 문제라고 생각하시나요? 비혼주의에 대해 찬성하는 입장 반대를 선택하여 자신의 의견을 작성해주세요. 그리고 그렇게 생각한 이유에 대해서 작성해주세요.",
    "essay_type": "찬성반대",
    "essay_level": "2",
    "essay_len": 807,
    "essay_main_subject": "비혼주의자에 대한 본인의 의견"
  }
}