{
  "paragraph": [
    {
      "paragraph_txt": "안녕하세요.#@문장구분# 갈수록 비혼주의자임을 선언/생각하는 사람들이 많아지고 있는 추세입니다. #@문장구분#저는 이러한 현상이 사회적 영향과 밀접한 관련이 있다고 생각했습니다.#@문장구분# 주휘정 한국직업능력개발원 부위원장은 논문에서 남성과 여성의 결혼에 경제적 영향이 끼치는 영향을 분석했습니다.#@문장구분# 그 결과 남성이 집을 소유할 경우 결혼할 확률이 7.2배 높아진다는 부분을 확인했습니다.#@문장구분# 또한 정규직 남성은 비정규직 남성보다 결혼할 확률이 4.6배 높게 나타났다고 합니다.#@문장구분# 반면에 여성은 이와 다른 양상을 드러냈는데, 이재경 이화여대 교수의 논문에 의하면 심층면접 시 고학력 여성은 완벽한 결혼을 위해 결혼을 지연하고 저학력 여성은 결혼에 대해 적극적이지 않다고 분석했습니다.#@문장구분# 여자들이 돈이나 사회적 지위가 있는 남자를 선호하는 현상은 남자들이 예쁜 여자를 좋아하는 현상처럼 현재에도 없어지지 않고 있는 인간의 원초적인 본능 중에 하나라는 걸 알 수 있는 연구로 보입니다.#@문장구분# 결혼은 현실이기 때문에 아무래도 연애에 비해 조건을 따지게 되면서 결혼으로 인하여 어떠한 현실적 이득을 볼 수 있는지를 냉정하게 고려하는 것 같습니다.#@문장구분# 여성의 사회 진출이 늘어나게 되며 이러한 현상은 조금씩 줄어들고 있지만 대신 비혼주의가 늘고있는 것이죠.#@문장구분# 결혼에 대한 좋은 혜택이 많이 나오더라도 사회적인 물가나 인식이 개선되지 않는 이상 비혼주의자는 존재할 것입니다. #@문장구분#저는 기혼자도 비혼주의자도 아니며 결혼 적령기와는 다소 거리가 먼 학생입니다.#@문장구분#이런 입장에서 비혼주의를 바라봐보았는데요.#@문장구분# 저는 결혼적령기에 놓인 사람들이 느낄 부담감이 다소 안쓰럽습니다.#@문장구분# 결혼을 할지는 개인의 선택의 자유이지만 사회적인 인식과 사회적 강요 속에 결혼을 포기하는 사례도 많을 것 같았습니다.#@문장구분# 오히려 찬반을 토론하기 보다는 청년층에 대한 복지나 혜택에 대해서 심도깊은 이야기를 나눠보는 것이 좋지 않을까 싶습니다.#@문장구분# 여러분 생각은 어떠신가요?#@문장구분#",
      "paragraph_len": 1269,
      "paragraph_id": "001"
    }
  ],
  "score": {
    "paragraph_score": [
      {
        "paragraph_scoreT": [
          3,
          3,
          2.6
        ],
        "paragraph_scoreT_detail": {
          "paragraph_scoreT_exp": [
            [
              3,
              3,
              3
            ],
            [
              3,
              3,
              3
            ],
            [
              3,
              2,
              3
            ]
          ]
        },
        "paragraph_scoreT_avg": 2.8666668,
        "paragraph_id": "001"
      }
    ],
    "essay_scoreT": [
      27,
      26.6,
      27.599998
    ],
    "essay_scoreT_avg": 27.066666,
    "essay_scoreT_detail": {
      "essay_scoreT_org": [
        [
          2,
          0,
          3,
          3
        ],
        [
          2,
          0,
          3,
          3
        ],
        [
          3,
          0,
          3,
          3
        ]
      ],
      "essay_scoreT_cont": [
        [
          3,
          2,
          3,
          3
        ],
        [
          2,
          3,
          2,
          3
        ],
        [
          2,
          3,
          3,
          3
        ]
      ],
      "essay_scoreT_exp": [
        [
          3,
          3,
          3
        ],
        [
          3,
          3,
          3
        ],
        [
          3,
          2,
          3
        ]
      ]
    }
  },
  "student": {
    "date": "2021.12.03",
    "student_educated": true,
    "student_grade": "고등_1학년",
    "location": "063",
    "student_grade_group": "고등",
    "student_reading": 2
  },
  "rubric": {
    "essay_grade": "고등_1학년",
    "organization_weight": {
      "org_paragraph": 0,
      "org": 3,
      "org_essay": 6,
      "org_coherence": 3,
      "org_quantity": 1
    },
    "essay_type": "찬성반대",
    "content_weight": {
      "con_clearance": 3,
      "con_novelty": 3,
      "con": 4,
      "con_prompt": 1,
      "con_description": 3
    },
    "essay_main_subject": "비혼주의자에 대한 본인의 의견",
    "expression_weight": {
      "exp_style": 4,
      "exp_grammar": 2,
      "exp_vocab": 4,
      "exp": 3
    }
  },
  "correction": [],
  "info": {
    "essay_id": "ESSAY_54727",
    "essay_prompt": " \"\"연애는 필수, 결혼은 선택! 가슴이 뛰는 대로 가면 돼\"\".\n\n 유명한 유행가의 노래 가사처럼, 청년들에게 결혼은 이제 필수가 아닌 하나의 선택 사항입니다. 연애, 결혼, 출산을 포기한다는 의미의 '3포세대'라는 말이 나오기 무섭게 5포 세대, N포세대까지 등장할 정도로 취업난, 치솟는 부동산 가격 등 여러 사회·경제적 요인들로 청년층을 위축시켰습니다.\n\n 모두가 이러한 이유로 '결혼을 포기'하는 것만은 아닙니다. 개인의 행복을 위해 '비혼을 선택'하는 청년들도 늘고 있습니다. 이처럼 최근 전통적인 가치관에서 벗어나 연애와 동거는 하면서 결혼이라는 제도에 묶여 관계에서 파생되는 책임을 벗어나 자유로운 삶을 추구하는 비혼주의자가 늘고 있습니다.\n\n 다만, 개인의 자유로운 선택에 따라 비혼주의를 하지만 주변에서는 아직 고운 시선으로 바라보지 않는 사람도 많습니다. 결혼이라는 제도에 대해서 선택이 아닌 필수라고 생각하는 사람들도 많지요. 개개인이 모여 사회가 형성되기 때문에 사회의 가장 작은 단위인 가족을 이루는 것도 사회 구성원으로서의 큰 역할이라고 생각하는 사람들도 있습니다.\n\n 여러분은 결혼을 꼭 해야 한다고 생각하시나요? 아니면 결혼은 선택의 문제라고 생각하시나요? 비혼주의에 대해 찬성하는 입장 반대를 선택하여 자신의 의견을 작성해주세요. 그리고 그렇게 생각한 이유에 대해서 작성해주세요.",
    "essay_type": "찬성반대",
    "essay_level": "2",
    "essay_len": 931,
    "essay_main_subject": "비혼주의자에 대한 본인의 의견"
  }
}