{
  "paragraph": [
    {
      "paragraph_txt": "나는 비혼주의에 대해 찬성한다.#@문장구분#비혼주의를 찬성하는 이유는 결혼을 하고 안하고의 문제는 개인의 자유이고, 현재 결혼을 한다고 해서 개인의 삶이 더 편해지는 것이 아니기 때문에 비혼주의를 찬성하게 된 거 같다.#@문장구분# 내가 생각하는 요즘 결혼 관련된 사람들의 생각은 결혼이 아닌 비혼 혹은 결혼 후 아이를 가지지 않는 것이라고 생각한다.#@문장구분# 왜냐하면 결혼을 하게 되면 경제적인 문제가 발생하기 때문이고, 결혼 후 아이를 가지지 않는 것은 남녀가 결혼 후 아이를 가지게 되면 부모 중 한 명이 휴직을 해야하는데 그 과정에서 복직의 고민과 경제적인 이유로 인한 문제가 발생하기 때문이다.#@문장구분# 인터넷에서 비혼주의와 관련된 많은 자료들을 찾아보았는데 비혼의 배경에는 두 집단이 존재하는 거 같다.#@문장구분# '어쩔 수 없이' 비혼을 선택한 사람들과 '자발적'으로 비혼을 선택하는 사람들로 나뉜다.#@문장구분# 먼저 어쩔 수 없이 비혼을 선택하는 요인으로 첫째는 계속되는 경제불황과 그에 따른 고용불안이고, 둘째는 기존 가족문화에 대한 피로라고 한다.#@문장구분# 이러한 자료를 찾아본 결과 비혼은 많은 요인으로 인해 생겨난 것이고 이것은 함부로 어떻게 할 수 없다는 것이라는 것을 알게되었다.#@문장구분# 하지만 비혼주의자의 수가 상승하게 되면 그에 따른  대표적인 문제점으로는 저출산 문제이다.#@문장구분# 비혼주의자들이 늘어나게 되서면 결혼을 하지 않게되면 자연스게 출산을 하지 않게 되고 그렇게 되면 인구가 줄어들기 때문에 저출산으로 인해 다른 여러가지 많은 문제들이 생겨날 수 있다.#@문장구분# 하지만 그럼에도 비혼을 무조건 반대할 수는 없다.#@문장구분# 비혼은 위에서 이야기 했던 거처럼 개인의 자유인데 그 자유를 뺏는다는 것은 권리를 침해하는 것이기 때문에 반대해서는 안된다고 생각한다.#@문장구분# 그래도 비혼주의를 반대 한다면 여러 사람들의 자유를 침해하는 것이기 때문에 비혼주의에 대한 나의 의견은 찬성이다.#@문장구분#",
      "paragraph_len": 1158,
      "paragraph_id": "001"
    }
  ],
  "score": {
    "paragraph_score": [
      {
        "paragraph_scoreT": [
          3,
          2.4,
          3
        ],
        "paragraph_scoreT_detail": {
          "paragraph_scoreT_exp": [
            [
              3,
              3,
              3
            ],
            [
              2,
              3,
              2
            ],
            [
              3,
              3,
              3
            ]
          ]
        },
        "paragraph_scoreT_avg": 2.8,
        "paragraph_id": "001"
      }
    ],
    "essay_scoreT": [
      30,
      26.100002,
      30
    ],
    "essay_scoreT_avg": 28.700003,
    "essay_scoreT_detail": {
      "essay_scoreT_org": [
        [
          3,
          0,
          3,
          3
        ],
        [
          3,
          0,
          2,
          3
        ],
        [
          3,
          0,
          3,
          3
        ]
      ],
      "essay_scoreT_cont": [
        [
          3,
          3,
          3,
          3
        ],
        [
          3,
          2,
          3,
          3
        ],
        [
          3,
          3,
          3,
          3
        ]
      ],
      "essay_scoreT_exp": [
        [
          3,
          3,
          3
        ],
        [
          2,
          3,
          2
        ],
        [
          3,
          3,
          3
        ]
      ]
    }
  },
  "student": {
    "date": "2021.12.20",
    "student_educated": true,
    "student_grade": "고등_1학년",
    "location": "063",
    "student_grade_group": "고등",
    "student_reading": 1
  },
  "rubric": {
    "essay_grade": "고등_1학년",
    "organization_weight": {
      "org_paragraph": 0,
      "org": 3,
      "org_essay": 6,
      "org_coherence": 3,
      "org_quantity": 1
    },
    "essay_type": "찬성반대",
    "content_weight": {
      "con_clearance": 3,
      "con_novelty": 3,
      "con": 4,
      "con_prompt": 1,
      "con_description": 3
    },
    "essay_main_subject": "비혼주의자에 대한 본인의 의견",
    "expression_weight": {
      "exp_style": 4,
      "exp_grammar": 2,
      "exp_vocab": 4,
      "exp": 3
    }
  },
  "correction": [],
  "info": {
    "essay_id": "ESSAY_71912",
    "essay_prompt": " \"\"연애는 필수, 결혼은 선택! 가슴이 뛰는 대로 가면 돼\"\".\n\n 유명한 유행가의 노래 가사처럼, 청년들에게 결혼은 이제 필수가 아닌 하나의 선택 사항입니다. 연애, 결혼, 출산을 포기한다는 의미의 '3포세대'라는 말이 나오기 무섭게 5포 세대, N포세대까지 등장할 정도로 취업난, 치솟는 부동산 가격 등 여러 사회·경제적 요인들로 청년층을 위축시켰습니다.\n\n 모두가 이러한 이유로 '결혼을 포기'하는 것만은 아닙니다. 개인의 행복을 위해 '비혼을 선택'하는 청년들도 늘고 있습니다. 이처럼 최근 전통적인 가치관에서 벗어나 연애와 동거는 하면서 결혼이라는 제도에 묶여 관계에서 파생되는 책임을 벗어나 자유로운 삶을 추구하는 비혼주의자가 늘고 있습니다.\n\n 다만, 개인의 자유로운 선택에 따라 비혼주의를 하지만 주변에서는 아직 고운 시선으로 바라보지 않는 사람도 많습니다. 결혼이라는 제도에 대해서 선택이 아닌 필수라고 생각하는 사람들도 많지요. 개개인이 모여 사회가 형성되기 때문에 사회의 가장 작은 단위인 가족을 이루는 것도 사회 구성원으로서의 큰 역할이라고 생각하는 사람들도 있습니다.\n\n 여러분은 결혼을 꼭 해야 한다고 생각하시나요? 아니면 결혼은 선택의 문제라고 생각하시나요? 비혼주의에 대해 찬성하는 입장 반대를 선택하여 자신의 의견을 작성해주세요. 그리고 그렇게 생각한 이유에 대해서 작성해주세요.",
    "essay_type": "찬성반대",
    "essay_level": "2",
    "essay_len": 899,
    "essay_main_subject": "비혼주의자에 대한 본인의 의견"
  }
}