{
  "paragraph": [
    {
      "paragraph_txt": "전통적인 가치관에서 벗어나 연애와 동거는 하면서 결혼이라는 제도에 묶여 관계에서 파생되는 책임에서 벗어나 좀더 자유롭고 더욱 자유로운 삶을 추구하는 비혼주의자가 늘어나고 있는데 저는 이러한 자유를 추구하는 비혼주의에 대한 반대하는 입장입니다.#@문장구분#",
      "paragraph_len": 155,
      "paragraph_id": "001"
    },
    {
      "paragraph_txt": " 왜냐하면 저는 사람과 사람의 유대관계를 좀더 중요하게 생각하기 때문입니다.#@문장구분#\n일단 가장 먼저 비혼주의에 대한 반대하는 입장으로써 첫 번째 의견은 이렇습니다.#@문장구분#\n가장 먼저 결혼이라는 것은 하나의 약속이라고 생각하는데 사람과 사람이 결혼이라는 약속을 통해서 남은 여생을 함께 하겠다는 약속인 것입니다.#@문장구분# 불확실한 미래에 상호간의 약속을 함으로써 서로가 서로의 미래를 함깨하도록 보장하겠다는 것입니다.#@문장구분# 그렇기에 결혼을 하지 않고서 지낸다는 것은 그만큼 서로가 헤어질수도 있는것이고 바람을 피울수도 있는 것 이지만 결혼이라는 약속을 통해서 서로가 합의하게 된다면 그러한 불확실한 부분들을 조금이나마 완화시킬수 있기 때문입니다.#@문장구분#",
      "paragraph_len": 444,
      "paragraph_id": "002"
    },
    {
      "paragraph_txt": " 두 번째로는 아이를 가질수 있다 라는 것입니다.#@문장구분# 물론 결혼하지 않고서도 아이를 가질수는 있겠지만\n 비혼인 경우에 아이를 가지게 되면 부부의 부모님들이 생각할 경우에 맞지 않다고 생각할 것이며 출생신고서를 작성할 경우에도 어려움이 뒤따를수도 있습니다.#@문장구분# 하물며 태어난 아이는 미래에  부모가 서로 헤어질 수도 있는데 남겨진 아이는 한창 성장할 나이에 한부모 가정이 될수도 있고 이외에도 많은 불편함이나 어려움이 있을수 있습니다.#@문장구분#",
      "paragraph_len": 298,
      "paragraph_id": "003"
    },
    {
      "paragraph_txt": " 마지막 세 번째로 현재 저출산으로 인해 사회가 많이 불안정합니다.#@문장구분# 출산율이 늘어나지 않으면 당장 경제 위기가 올수도 있는데 비혼은 저출산을 야기하는 행동이라고 생각합니다.#@문장구분# 따라서 저는 비혼에 대해서 반대합니다.#@문장구분#",
      "paragraph_len": 178,
      "paragraph_id": "004"
    }
  ],
  "score": {
    "paragraph_score": [
      {
        "paragraph_scoreT": [
          3,
          2.8,
          2
        ],
        "paragraph_scoreT_detail": {
          "paragraph_scoreT_exp": [
            [
              3,
              3,
              3
            ],
            [
              2,
              3,
              3
            ],
            [
              2,
              2,
              2
            ]
          ]
        },
        "paragraph_scoreT_avg": 2.6000001,
        "paragraph_id": "001"
      },
      {
        "paragraph_scoreT": [
          3,
          2.8,
          2
        ],
        "paragraph_scoreT_detail": {
          "paragraph_scoreT_exp": [
            [
              3,
              3,
              3
            ],
            [
              2,
              3,
              3
            ],
            [
              2,
              2,
              2
            ]
          ]
        },
        "paragraph_scoreT_avg": 2.6000001,
        "paragraph_id": "002"
      },
      {
        "paragraph_scoreT": [
          3,
          2.8,
          2
        ],
        "paragraph_scoreT_detail": {
          "paragraph_scoreT_exp": [
            [
              3,
              3,
              3
            ],
            [
              2,
              3,
              3
            ],
            [
              2,
              2,
              2
            ]
          ]
        },
        "paragraph_scoreT_avg": 2.6000001,
        "paragraph_id": "003"
      },
      {
        "paragraph_scoreT": [
          3,
          2.8,
          2
        ],
        "paragraph_scoreT_detail": {
          "paragraph_scoreT_exp": [
            [
              3,
              3,
              3
            ],
            [
              2,
              3,
              3
            ],
            [
              2,
              2,
              2
            ]
          ]
        },
        "paragraph_scoreT_avg": 2.6000001,
        "paragraph_id": "004"
      }
    ],
    "essay_scoreT": [
      30,
      29.4,
      20
    ],
    "essay_scoreT_avg": 26.466667,
    "essay_scoreT_detail": {
      "essay_scoreT_org": [
        [
          3,
          0,
          3,
          3
        ],
        [
          3,
          0,
          3,
          3
        ],
        [
          2,
          0,
          2,
          2
        ]
      ],
      "essay_scoreT_cont": [
        [
          3,
          3,
          3,
          3
        ],
        [
          3,
          3,
          3,
          3
        ],
        [
          2,
          2,
          2,
          2
        ]
      ],
      "essay_scoreT_exp": [
        [
          3,
          3,
          3
        ],
        [
          2,
          3,
          3
        ],
        [
          2,
          2,
          2
        ]
      ]
    }
  },
  "student": {
    "date": "2021.08.02",
    "student_educated": true,
    "student_grade": "고등_1학년",
    "location": "063",
    "student_grade_group": "고등",
    "student_reading": 3
  },
  "rubric": {
    "essay_grade": "고등_1학년",
    "organization_weight": {
      "org_paragraph": 0,
      "org": 3,
      "org_essay": 6,
      "org_coherence": 3,
      "org_quantity": 1
    },
    "essay_type": "찬성반대",
    "content_weight": {
      "con_clearance": 3,
      "con_novelty": 3,
      "con": 4,
      "con_prompt": 1,
      "con_description": 3
    },
    "essay_main_subject": "비혼주의자에 대한 본인의 의견",
    "expression_weight": {
      "exp_style": 4,
      "exp_grammar": 2,
      "exp_vocab": 4,
      "exp": 3
    }
  },
  "correction": [],
  "info": {
    "essay_id": "ESSAY_37152",
    "essay_prompt": " \"\"연애는 필수, 결혼은 선택! 가슴이 뛰는 대로 가면 돼\"\".\n\n 유명한 유행가의 노래 가사처럼, 청년들에게 결혼은 이제 필수가 아닌 하나의 선택 사항입니다. 연애, 결혼, 출산을 포기한다는 의미의 '3포세대'라는 말이 나오기 무섭게 5포 세대, N포세대까지 등장할 정도로 취업난, 치솟는 부동산 가격 등 여러 사회·경제적 요인들로 청년층을 위축시켰습니다.\n\n 모두가 이러한 이유로 '결혼을 포기'하는 것만은 아닙니다. 개인의 행복을 위해 '비혼을 선택'하는 청년들도 늘고 있습니다. 이처럼 최근 전통적인 가치관에서 벗어나 연애와 동거는 하면서 결혼이라는 제도에 묶여 관계에서 파생되는 책임을 벗어나 자유로운 삶을 추구하는 비혼주의자가 늘고 있습니다.\n\n 다만, 개인의 자유로운 선택에 따라 비혼주의를 하지만 주변에서는 아직 고운 시선으로 바라보지 않는 사람도 많습니다. 결혼이라는 제도에 대해서 선택이 아닌 필수라고 생각하는 사람들도 많지요. 개개인이 모여 사회가 형성되기 때문에 사회의 가장 작은 단위인 가족을 이루는 것도 사회 구성원으로서의 큰 역할이라고 생각하는 사람들도 있습니다.\n\n 여러분은 결혼을 꼭 해야 한다고 생각하시나요? 아니면 결혼은 선택의 문제라고 생각하시나요? 비혼주의에 대해 찬성하는 입장 반대를 선택하여 자신의 의견을 작성해주세요. 그리고 그렇게 생각한 이유에 대해서 작성해주세요.",
    "essay_type": "찬성반대",
    "essay_level": "2",
    "essay_len": 841,
    "essay_main_subject": "비혼주의자에 대한 본인의 의견"
  }
}