{
  "paragraph": [
    {
      "paragraph_txt": "남녀 갈등의 원인은 제가 생각하기에는 신체의 다름은 어쩔수 없는건데 그 다름의 차이로 생기는 결과를 소수의 여자들이 부정을 하고 있는거에 있어서 생기는거 같습니다.#@문장구분# 남녀 평등이라는 사상은 누구나 지지합니다.#@문장구분# 하지만 다름을 차별로 인식하여 다른 조건을 가진 이성을 틀리다고 생각해서는 안된다고 생각합니다.#@문장구분# 그래서 이러한 틀린 사고방식을 가지고 있는 특정 사이트를 폐쇠하고 남녀평등에 대한 교육을 더욱 해야할거 같습니다. #@문장구분#그 이유는 이렇습니다.#@문장구분# 특정 메갈리아 라는 사이트에선 처음엔 분명히 남성평등이라는 좋은 목적으로 하였지만 어떤이유인지 변질돼어서 남성을 비하하고 신체나 이런것을 다르게 태어난것에 의한 결과를 차별이나 부정적인 의미를 부여합니다.#@문장구분# 분명히 여성이 노력해서 할수있는것이기도 하고 법적으로도 그런 어려움을 도와주기 위한 시스템이 마련되어 있음에도 불구하고 말입니다.#@문장구분# 이러한 안좋은 결과만 도태하고 조금의 호기심으로 들어왔다가 잘못된 정보에 더욱더 빠져들면 들수록 SNS에서 남녀갈등이 빈번하게 일어나며 심하게 일어나고 있습니다.#@문장구분# 이것은 그런 잘못된 정보에 노출되어서 싸움을 하는 남녀의 문제가 아니라 그런 거짓된 정보를 계속해서 퍼트리고 싸움을 부추기는 그 메갈리아 라는 사이트가 잘못되었다고 생각합니다.#@문장구분# 이러한 사이트에 들어가는 이유도 남녀평등에 대한 호기심이기 때문에 이러한 정보를 잘알려주는 사이트를 국가에서 하나 개설 하여서 운영하고 남녀평등이라는 교육을 더 많이 시키면 앞으로에 여기에 더하여서 남성도 일간베스트라는 사이트를 정지시키거나 막아서 남녀갈등의 싸움을 부추기는것을 멈춰야합니다.#@문장구분# 국가에서 더욱 제제를 해주시면 남녀갈등이 점점 줄어들것이고 서로 인권을 존중하는 문화를 양성할수 있는 기회가 잦아질것입니다.#@문장구분# 저는 그렇기 때문에 남녀갈등을 부추기는 웹사이트를 국가에서 막고 남녀평등에 대한 교육을 더욱더 해주셨으면 좋겠습니다.#@문장구분#",
      "paragraph_len": 1164,
      "paragraph_id": "001"
    }
  ],
  "score": {
    "paragraph_score": [
      {
        "paragraph_scoreT": [
          2.6,
          3,
          2.8
        ],
        "paragraph_scoreT_detail": {
          "paragraph_scoreT_exp": [
            [
              3,
              2,
              3
            ],
            [
              3,
              3,
              3
            ],
            [
              2,
              3,
              3
            ]
          ]
        },
        "paragraph_scoreT_avg": 2.8,
        "paragraph_id": "001"
      }
    ],
    "essay_scoreT": [
      27.599998,
      28.4,
      25.4
    ],
    "essay_scoreT_avg": 27.133333,
    "essay_scoreT_detail": {
      "essay_scoreT_org": [
        [
          3,
          0,
          3,
          3
        ],
        [
          3,
          0,
          3,
          3
        ],
        [
          3,
          0,
          3,
          3
        ]
      ],
      "essay_scoreT_cont": [
        [
          3,
          2,
          3,
          3
        ],
        [
          3,
          2,
          2,
          3
        ],
        [
          2,
          2,
          2,
          2
        ]
      ],
      "essay_scoreT_exp": [
        [
          3,
          2,
          3
        ],
        [
          3,
          3,
          3
        ],
        [
          2,
          3,
          3
        ]
      ]
    }
  },
  "student": {
    "date": "2021.12.15",
    "student_educated": true,
    "student_grade": "고등_1학년",
    "location": "063",
    "student_grade_group": "고등",
    "student_reading": 2
  },
  "rubric": {
    "essay_grade": "고등_1학년",
    "organization_weight": {
      "org_paragraph": 0,
      "org": 3,
      "org_essay": 6,
      "org_coherence": 3,
      "org_quantity": 1
    },
    "essay_type": "대안제시",
    "content_weight": {
      "con_clearance": 3,
      "con_novelty": 3,
      "con": 4,
      "con_prompt": 1,
      "con_description": 3
    },
    "essay_main_subject": "남녀 갈등 해결 방안",
    "expression_weight": {
      "exp_style": 4,
      "exp_grammar": 2,
      "exp_vocab": 4,
      "exp": 3
    }
  },
  "correction": [],
  "info": {
    "essay_id": "ESSAY_62442",
    "essay_prompt": " 남녀 갈등은 최근 우리 사회에서 가장 뜨거운 이슈 중 하나입니다. 이러한 갈등은 아직 간극을 좁히지 못하고 현재 사회적인 문제로 자리 잡았습니다.\n\n 군 가산점 문제, 일자리 문제 등 여러 가지 비교 자료들을 토대로 토론을 하고 이를 통해 갈등을 해결하고자 하는 노력이 이루어지고 있습니다.\n\n 과거에는 성차별 심했던 시기가 있었습니다. 여자와 남자를 구별 지어 일을 주는 경우도 많았습니다. 하지만, 현재는 여자와 남자라는 성별을 떠나서 나이, 국적을 불문하고 모두에게 평등한 기회를 주기 위해 노력하고 있습니다.\n\n 이렇게 모두의 노력에도 불구하고 아직 해결되지 않았거나 해결될 기미가 보이지 않는 양성평등 문제가 있을까요?\n\n 아주 작은 사소한 일이라도 좋습니다. 여러분이 생각하는 우리 주변의 양성평등 문제를 하나 작성해보고 어떻게 해결할 수 있을지 혹은 무엇이 바뀌어야 해결될 것 같은지 본인의 생각을 설명해주세요. ",
    "essay_type": "대안제시",
    "essay_level": "1",
    "essay_len": 925,
    "essay_main_subject": "남녀 갈등 해결 방안"
  }
}