{
  "paragraph": [
    {
      "paragraph_txt": "첫째, 주민지원 협의체를 대신하여 정부의 주도 하에 시의회가 직접 관리하되, 지역주민, 시민단체, 관리업체를 대상으로 공청회를 열어 의견을 수렴하고 면밀하게검토한 후 개선방안을 마련하여 체계적인 제도를 확립한다.#@문장구분#\n둘째, 시의회 전담부서를 만든다.#@문장구분# 관련부냐에 경험과 지식이 있는 전문가를 영입하고 실무자를 충분히 선발하여 관리업체를 효율적이고 체계적으로 관리하고, 예산관리의 투명성을 위해 감시감독기구의 권한을 강화하고, 실질적인 감시감독이 이루어질 수 있도록 관리체계를 확립한다.#@문장구분#\n셋째, 쓰레기 매립과 관련하여 국내외 우수사례의 노하우와 관리체계를 파악하고 정보를 분석하며 가능하다면 모범적으로 운영하고 있는 지역에 관리자 및 실무자를 파견하여 현지의 운영체계와 다양한 노하우를 배워오도록 한 후 전주시의 특성을 고려하여 제도에 반영하는 것이다.#@문장구분# 그렇다면 쓰레기 매립과 관련한 국내외 우수사례는 어떤 것들이 있을까?#@문장구분# \n한 사례로, 2025년 개장을 목표로 하고 있는 해운대 수목원이 있다.#@문장구분# 해운대 수목원이 들어설 예정인 지역은 1887년부터 1993년까지 부산시의 쓰레기 매립장으로 사용되던 곳이로 악취와 매탄가스, 침출수 등으로 인한 피해로 부산시의 대표적인 혐오시설지구였다.#@문장구분# 그러나 자연적인 안정기간을 거친 후, 거액의 자금을 마련하여 오염수와 매탄가스를 빼내고 흙을 교체한는 등 각고의 노력을 거친 끝에 결실을 앞두고 있다.#@문장구분# \n다른 예시를 살펴보자.#@문장구분# 2001년부터 가동한 일본의 마이시마 소각장은 외관을 보면 테마파크나 놀이시설을 방불케 한다.#@문장구분# 또한, 체험시설을 마련하고 인근 초등학교 교육과정에 반영하여 어릴때부터 분리수거를 하는 법과 쓰레기의 양을 줄이는 방법을 몸에 익히게 하고 있으며, 주변에 노인복지시설을 건립하여 소각여열을 활용한 온실, 온탕, 목욕탕 등의 서비스를 제공하고 있다.#@문장구분# 이 복지시설에는 주변 어르신들의 발길이 끊이지 않고 있다고 한다.#@문장구분# \n이와 같은 모범사례로부터 다양한 노하우를 배워와 전주시의 쓰레기 대란 문제를 해결하여야하고 앞으로 같은 일이 반복되지 않도록 국가적 차원의 방침이 필요하다고 생각한다.#@문장구분#",
      "paragraph_len": 1286,
      "paragraph_id": "001"
    }
  ],
  "score": {
    "paragraph_score": [
      {
        "paragraph_scoreT": [
          3,
          3,
          3
        ],
        "paragraph_scoreT_detail": {
          "paragraph_scoreT_exp": [
            [
              3,
              3,
              3
            ],
            [
              3,
              3,
              3
            ],
            [
              3,
              3,
              3
            ]
          ]
        },
        "paragraph_scoreT_avg": 3,
        "paragraph_id": "001"
      }
    ],
    "essay_scoreT": [
      25.099998,
      29.1,
      30
    ],
    "essay_scoreT_avg": 28.066666,
    "essay_scoreT_detail": {
      "essay_scoreT_org": [
        [
          2,
          0,
          3,
          2
        ],
        [
          3,
          0,
          2,
          3
        ],
        [
          3,
          0,
          3,
          3
        ]
      ],
      "essay_scoreT_cont": [
        [
          3,
          2,
          2,
          2
        ],
        [
          3,
          3,
          3,
          3
        ],
        [
          3,
          3,
          3,
          3
        ]
      ],
      "essay_scoreT_exp": [
        [
          3,
          3,
          3
        ],
        [
          3,
          3,
          3
        ],
        [
          3,
          3,
          3
        ]
      ]
    }
  },
  "student": {
    "date": "2021.09.10",
    "student_educated": true,
    "student_grade": "고등_1학년",
    "location": "051",
    "student_grade_group": "고등",
    "student_reading": 1
  },
  "rubric": {
    "essay_grade": "고등_1학년",
    "organization_weight": {
      "org_paragraph": 0,
      "org": 3,
      "org_essay": 6,
      "org_coherence": 3,
      "org_quantity": 1
    },
    "essay_type": "대안제시",
    "content_weight": {
      "con_clearance": 3,
      "con_novelty": 3,
      "con": 4,
      "con_prompt": 1,
      "con_description": 3
    },
    "essay_main_subject": "혐오시설 건설문제에 대한 본인의 생각",
    "expression_weight": {
      "exp_style": 4,
      "exp_grammar": 2,
      "exp_vocab": 4,
      "exp": 3
    }
  },
  "correction": [],
  "info": {
    "essay_id": "ESSAY_33884",
    "essay_prompt": " 혐오 시설이란 지역 주민에게 공포감이나 고통을 주거나, 주변 지역의 쾌적성이 훼손됨으로써 집값이나 땅값이 내려가는 등 부정적인 외부효과를 유발하는 시설을 의미합니다.\n\n 대표적인 혐오 시설에는 쓰레기 매립장, 원자력발전소, 소각장, 유류저장소 등이 있습니다.\n\n 매립지, 소각장, 쓰레기 하치장 같은 혐오 시설은 그리 위험하지는 않지만, 쓰레기를 취급한다는 점에서 혐오감을 주며, 주변 환경오염 문제가 갈등을 일으킵니다. 특히 소각장은 인구밀도가 높은 대도시에 건설된다는 점에서 반대 운동이 일기도 합니다.\n\n 그런데 서로 반대만 하다 보면 입지를 찾지 못해 결국 모든 주민의 삶의 질이 저하될 수 있습니다.\n\n 정부 차원에서 가장 적절한 장소를 선별하여 건설 후 주변 사람들에게 혜택을 주는 방식이 적절한 방법일까요? 아니면 혐오 시설만을 모아둔 부지를 따로 정해서 건설해야 할까요? 아니면 모든 도시가 공평하게 혐오 시설 건설에 대한 부담을 지니고 하나씩 건설해야 할까요?\n\n 모두가 만족할만한 결과를 내기란 정말 어려운 문제이지만 여러분이 생각하는 가장 합리적이고 좋은 방법을 생각해보세요. 그리고 그 방법을 대안으로 제시하고 그 근거에 대해 작성해주세요.",
    "essay_type": "대안제시",
    "essay_level": "1",
    "essay_len": 1028,
    "essay_main_subject": "혐오시설 건설문제에 대한 본인의 생각"
  }
}