{
  "paragraph": [
    {
      "paragraph_txt": "저는 미투 운동하면 힘이 없고 약한 약자의 여자를 권력을 가진 연장자인 남성이 성추행을 하여 여성측에서 그 사실을 폭로하고 가해자인 남성측이 비난의 화살을 받는 장면이 떠오릅니다.#@문장구분# 그냥 미투운동이라고 하면 떠오르는 이미지가 이런 모양인 것 같습니다.#@문장구분# 미투 운동이 한창일 때 제 주위에는 중학교 때 동창 친구가 중학교 선생님을 미투 했다더라는 등 근거없는 여러 가지 소문이 시냇물에 낙엽 떠다니듯이 둥둥 떠다녔습니다.#@문장구분# 아니면 말고식의 근거 없는 소문들은 한참 뜨겁게 관심을 받다가 어느 순간 사그라 들었습니다.#@문장구분# 이렇듯 미투운동은 남성, 나이 많은 남성에 대해 성급한 일반화가 되면서 삐뚤어진 성의식으로 변질되었던 것 같습니다.#@문장구분# 이런 모습의 사회는 미투 운동이 나오면 남성에 대한 분노표출과 불만 표시, 성급한 일반화가 되어 다른 물증이나 근거 없이 단지 피해자의 폭로만을 근거로 경찰 수사까지 들어가기도 하였습니다.#@문장구분# 온라인상에서는 \"모든 남성이 성범죄자는 아니니 남녀갈등으로 비화하지 말라\"라는 글이 올라오기도 하고 텔레비전의 100분토론의 주제로 젠더갈등이 나와서 남녀 젊은 정치인들이 나와서 남자와 여자를 대변하여 설전을 벌이는 모습을 보이기도 하였습니다.#@문장구분# 100분 토론에서 여성입장에서 성폭행의 거의 모든 피해자는 여성이다.#@문장구분# 왜 여성들이 표현하면 않되느냐 하면서 남성을 잠재적 성범죄자들로 몰아가는 분위기로 만들었고 남성대표 성급한 일반화를 하고 있다.#@문장구분# 그렇지 않은 남성이 더 많다.#@문장구분# 여성이 범죄의 대상이 아니라 범죄자들은 약한 사람을 대상으로 한 것이다 라며 반대 의견을 내놓기도 하였습니다.#@문장구분# 저는 남성쪽 의견에 찬성하였습니다.#@문장구분# 그 범죄자들이 어쩌다 남자였고 성범죄자였으니 대상이 여성이 된것이지 여성혐오때문은 아니었을 것이고 우리 주위에는 용감하고 정의롭고 매너 있는 남성들이 많이 존재합니다.#@문장구분#",
      "paragraph_len": 1156,
      "paragraph_id": "001"
    }
  ],
  "score": {
    "paragraph_score": [
      {
        "paragraph_scoreT": [
          3,
          2.8,
          2.6
        ],
        "paragraph_scoreT_detail": {
          "paragraph_scoreT_exp": [
            [
              3,
              3,
              3
            ],
            [
              2,
              3,
              3
            ],
            [
              3,
              2,
              3
            ]
          ]
        },
        "paragraph_scoreT_avg": 2.8,
        "paragraph_id": "001"
      }
    ],
    "essay_scoreT": [
      30,
      26.099998,
      24.9
    ],
    "essay_scoreT_avg": 27,
    "essay_scoreT_detail": {
      "essay_scoreT_org": [
        [
          3,
          0,
          3,
          3
        ],
        [
          2,
          0,
          3,
          2
        ],
        [
          2,
          0,
          2,
          3
        ]
      ],
      "essay_scoreT_cont": [
        [
          3,
          3,
          3,
          3
        ],
        [
          3,
          2,
          3,
          3
        ],
        [
          3,
          2,
          3,
          3
        ]
      ],
      "essay_scoreT_exp": [
        [
          3,
          3,
          3
        ],
        [
          2,
          3,
          3
        ],
        [
          3,
          2,
          3
        ]
      ]
    }
  },
  "student": {
    "date": "2021.12.15",
    "student_educated": true,
    "student_grade": "고등_1학년",
    "location": "063",
    "student_grade_group": "고등",
    "student_reading": 2
  },
  "rubric": {
    "essay_grade": "고등_1학년",
    "organization_weight": {
      "org_paragraph": 0,
      "org": 3,
      "org_essay": 6,
      "org_coherence": 3,
      "org_quantity": 1
    },
    "essay_type": "대안제시",
    "content_weight": {
      "con_clearance": 3,
      "con_novelty": 3,
      "con": 4,
      "con_prompt": 1,
      "con_description": 3
    },
    "essay_main_subject": "남녀 갈등 해결 방안",
    "expression_weight": {
      "exp_style": 4,
      "exp_grammar": 2,
      "exp_vocab": 4,
      "exp": 3
    }
  },
  "correction": [],
  "info": {
    "essay_id": "ESSAY_62542",
    "essay_prompt": " 남녀 갈등은 최근 우리 사회에서 가장 뜨거운 이슈 중 하나입니다. 이러한 갈등은 아직 간극을 좁히지 못하고 현재 사회적인 문제로 자리 잡았습니다.\n\n 군 가산점 문제, 일자리 문제 등 여러 가지 비교 자료들을 토대로 토론을 하고 이를 통해 갈등을 해결하고자 하는 노력이 이루어지고 있습니다.\n\n 과거에는 성차별 심했던 시기가 있었습니다. 여자와 남자를 구별 지어 일을 주는 경우도 많았습니다. 하지만, 현재는 여자와 남자라는 성별을 떠나서 나이, 국적을 불문하고 모두에게 평등한 기회를 주기 위해 노력하고 있습니다.\n\n 이렇게 모두의 노력에도 불구하고 아직 해결되지 않았거나 해결될 기미가 보이지 않는 양성평등 문제가 있을까요?\n\n 아주 작은 사소한 일이라도 좋습니다. 여러분이 생각하는 우리 주변의 양성평등 문제를 하나 작성해보고 어떻게 해결할 수 있을지 혹은 무엇이 바뀌어야 해결될 것 같은지 본인의 생각을 설명해주세요. ",
    "essay_type": "대안제시",
    "essay_level": "1",
    "essay_len": 898,
    "essay_main_subject": "남녀 갈등 해결 방안"
  }
}