{
  "paragraph": [
    {
      "paragraph_txt": "요즘 사회에서는 남녀갈등 문제가 많이 발생하고 있습니다. #@문장구분#남녀갈등이란 주제를 가지고 문제를 말해보고 해결방안을 제시해보겠습니다.#@문장구분# 첫 번째, 여성 할당제입니다.#@문장구분# 여성 할당제란, 어느 한 기업에서 무조건 여성들을 일정 비율에 맞게 채용이나 승진을 하게 만드는 제도입니다.#@문장구분# 이 제도로 인해서 여성들의 사회진출이 수월해지겠지만, 남성들은 불이익을 얻게 됩니다.#@문장구분# 여성들이 사회로 나가면서 일자리도 그만큼 사라지게 될것이고 그만큼 남성들이 취업을 하기 좀더 어려워 질수도 있습니다.#@문장구분# 채용에 있어 성차별은 있으면 안됩니다.#@문장구분# 그렇기 때문에 저는 이 제도를 반대합니다.#@문장구분# 두 번째, 군가산점 제도입니다.#@문장구분# 군가산점이란 군대를 다녀온 사람에게 취업에 도움이 될수 있게끔 하는 가산점 제도입니다.#@문장구분# 저는 이 제도를 찬성합니다.#@문장구분# 하지만 이 제도에는 문제점이 있습니다.#@문장구분# 여성들은 이 제도의 혜택을 받지 못한다는 것입니다.#@문장구분# 이 문제점을 해결하기 위해 저는 여성 모병제를 해야 한다고 생각합니다.#@문장구분# 모병제란 군대를 자신이 선택해서 갈 수있게 하는 제도입니다.#@문장구분# 이 제도를 실시하게 되면 여성들은 군가산점을 받을수 있는 기회가 주어지고, 남녀갈등도 점점 사라지게 될것입니다.#@문장구분# 그리고 지금 대한민국의 징집률이 94%라는 뉴스 기사를 봤습니다. #@문장구분#즉 성인 남자라면 어디가 아파도 공익으로 군대를 간다는 것입니다.#@문장구분# 하지만 모병제나 여성징병제를 실시하면 진짜 몸이 아파서 공익을 가던 남자들이 면제를 받고 그 자리에 여자들이 대체하면서 좋은 시너지를 발산할 수 있을 것 같습니다.#@문장구분# 앞으로 이러한 갈등이 빨리 해결 돼 서로 사랑하고 아껴주는 사회가 왔으면 좋겠습니다.#@문장구분#",
      "paragraph_len": 1194,
      "paragraph_id": "001"
    }
  ],
  "score": {
    "paragraph_score": [
      {
        "paragraph_scoreT": [
          2,
          3,
          3
        ],
        "paragraph_scoreT_detail": {
          "paragraph_scoreT_exp": [
            [
              2,
              2,
              2
            ],
            [
              3,
              3,
              3
            ],
            [
              3,
              3,
              3
            ]
          ]
        },
        "paragraph_scoreT_avg": 2.6666667,
        "paragraph_id": "001"
      }
    ],
    "essay_scoreT": [
      24.199999,
      30,
      27.3
    ],
    "essay_scoreT_avg": 27.166666,
    "essay_scoreT_detail": {
      "essay_scoreT_org": [
        [
          3,
          0,
          2,
          2
        ],
        [
          3,
          0,
          3,
          3
        ],
        [
          2,
          0,
          2,
          3
        ]
      ],
      "essay_scoreT_cont": [
        [
          3,
          2,
          2,
          3
        ],
        [
          3,
          3,
          3,
          3
        ],
        [
          3,
          3,
          3,
          3
        ]
      ],
      "essay_scoreT_exp": [
        [
          2,
          2,
          2
        ],
        [
          3,
          3,
          3
        ],
        [
          3,
          3,
          3
        ]
      ]
    }
  },
  "student": {
    "date": "2021.11.01",
    "student_educated": true,
    "student_grade": "고등_1학년",
    "location": "054",
    "student_grade_group": "고등",
    "student_reading": 1
  },
  "rubric": {
    "essay_grade": "고등_1학년",
    "organization_weight": {
      "org_paragraph": 0,
      "org": 3,
      "org_essay": 6,
      "org_coherence": 3,
      "org_quantity": 1
    },
    "essay_type": "대안제시",
    "content_weight": {
      "con_clearance": 3,
      "con_novelty": 3,
      "con": 4,
      "con_prompt": 1,
      "con_description": 3
    },
    "essay_main_subject": "남녀 갈등 해결 방안",
    "expression_weight": {
      "exp_style": 4,
      "exp_grammar": 2,
      "exp_vocab": 4,
      "exp": 3
    }
  },
  "correction": [],
  "info": {
    "essay_id": "ESSAY_47291",
    "essay_prompt": " 남녀 갈등은 최근 우리 사회에서 가장 뜨거운 이슈 중 하나입니다. 이러한 갈등은 아직 간극을 좁히지 못하고 현재 사회적인 문제로 자리 잡았습니다.\n\n 군 가산점 문제, 일자리 문제 등 여러 가지 비교 자료들을 토대로 토론을 하고 이를 통해 갈등을 해결하고자 하는 노력이 이루어지고 있습니다.\n\n 과거에는 성차별 심했던 시기가 있었습니다. 여자와 남자를 구별 지어 일을 주는 경우도 많았습니다. 하지만, 현재는 여자와 남자라는 성별을 떠나서 나이, 국적을 불문하고 모두에게 평등한 기회를 주기 위해 노력하고 있습니다.\n\n 이렇게 모두의 노력에도 불구하고 아직 해결되지 않았거나 해결될 기미가 보이지 않는 양성평등 문제가 있을까요?\n\n 아주 작은 사소한 일이라도 좋습니다. 여러분이 생각하는 우리 주변의 양성평등 문제를 하나 작성해보고 어떻게 해결할 수 있을지 혹은 무엇이 바뀌어야 해결될 것 같은지 본인의 생각을 설명해주세요. ",
    "essay_type": "대안제시",
    "essay_level": "1",
    "essay_len": 795,
    "essay_main_subject": "남녀 갈등 해결 방안"
  }
}