{
  "paragraph": [
    {
      "paragraph_txt": "옛날에는 '여성이니 시집만 잘 가면 된다.', '집안일은 모두 여자가.', '육아는 모두 여자가.', 하는 고지식한 생각들이 있었고 '남성이니 밖에서 일만 해야 한다.', '남성이니 몸 쓰는 일은 모두가 남자가 해야 한다.', '남자는 세 번만 울어야 한다.' 등등 차별을 보여주는 말들이 돌았다.#@문장구분# 남녀는 결코 차별할 존재가 아닌데 말이다.#@문장구분# 지금은 많이 변화고 하고 있습니다.#@문장구분#  예를 들어 네일아트나 메이크업아티스트와 같은 미용 계통의 일도 섬세함이 요구되는 여자들이 아닌 남자들도 그런 직업을 많이 갖는 추세이다.#@문장구분# 이것에 대한 우리의 올바른 시선이라 함은 남자가 할 수 있는 직업, 여자가 할 수 있는 직업.#@문장구분# 이렇게 선을 그어 버리는 게 아니라 모두다 할 수 있는, 성차이를 두지 않는 것이라 할 수 있다. #@문장구분#그러므로 우리는 남녀간의 서로를 존중해주고 서로에 대해 양보를 조금씩 해줌으로써 앞으로 나아가 성장하며 남녀간의 조화를 이루며 남녀갈등이 없는 사회를 만들어야 합니다.#@문장구분# 과거에 동방예의지국이라고 불렸던 대한민국이여!#@문장구분# 예의를 잃더라도 양성평등은 향상시키고 양성평등을 향상시키면 예의가 발전될 것이며 동방의 변화와 창조, 그리고 예의와 평등의 나라 대한민국이 될 수 있을 것이다.#@문장구분# 그러기 위해서는 우리의 노력이 필요하다고 생각한다.#@문장구분# 조금씩 조금씩 노력해 나가다 보면 남자와 여자가 서로 사랑하고 아껴주며 배려해주는 그런 사회가 오리라 믿는다.#@문장구분# 나도 그 사회가 오도록 노력해야겠다고 다짐한다.#@문장구분# 꼭 죽기 전까지 그런 사회가 와서 이제 더 이상 남자와 여자가 서로 헐뜯고 비방하고 욕하는 사회가 아닌, 서로 배려하고 아껴주고 사랑해주는 그런 사회가 왔으면 좋겠다.#@문장구분#",
      "paragraph_len": 1078,
      "paragraph_id": "001"
    }
  ],
  "score": {
    "paragraph_score": [
      {
        "paragraph_scoreT": [
          3,
          3,
          2.8
        ],
        "paragraph_scoreT_detail": {
          "paragraph_scoreT_exp": [
            [
              3,
              3,
              3
            ],
            [
              3,
              3,
              3
            ],
            [
              2,
              3,
              3
            ]
          ]
        },
        "paragraph_scoreT_avg": 2.9333334,
        "paragraph_id": "001"
      }
    ],
    "essay_scoreT": [
      27.300001,
      28.4,
      29.4
    ],
    "essay_scoreT_avg": 28.366667,
    "essay_scoreT_detail": {
      "essay_scoreT_org": [
        [
          3,
          0,
          3,
          2
        ],
        [
          3,
          0,
          3,
          3
        ],
        [
          3,
          0,
          3,
          3
        ]
      ],
      "essay_scoreT_cont": [
        [
          3,
          2,
          3,
          2
        ],
        [
          3,
          2,
          2,
          3
        ],
        [
          3,
          3,
          3,
          3
        ]
      ],
      "essay_scoreT_exp": [
        [
          3,
          3,
          3
        ],
        [
          3,
          3,
          3
        ],
        [
          2,
          3,
          3
        ]
      ]
    }
  },
  "student": {
    "date": "2021.12.13",
    "student_educated": true,
    "student_grade": "고등_1학년",
    "location": "063",
    "student_grade_group": "고등",
    "student_reading": 2
  },
  "rubric": {
    "essay_grade": "고등_1학년",
    "organization_weight": {
      "org_paragraph": 0,
      "org": 3,
      "org_essay": 6,
      "org_coherence": 3,
      "org_quantity": 1
    },
    "essay_type": "대안제시",
    "content_weight": {
      "con_clearance": 3,
      "con_novelty": 3,
      "con": 4,
      "con_prompt": 1,
      "con_description": 3
    },
    "essay_main_subject": "남녀 갈등 해결 방안",
    "expression_weight": {
      "exp_style": 4,
      "exp_grammar": 2,
      "exp_vocab": 4,
      "exp": 3
    }
  },
  "correction": [],
  "info": {
    "essay_id": "ESSAY_62488",
    "essay_prompt": " 남녀 갈등은 최근 우리 사회에서 가장 뜨거운 이슈 중 하나입니다. 이러한 갈등은 아직 간극을 좁히지 못하고 현재 사회적인 문제로 자리 잡았습니다.\n\n 군 가산점 문제, 일자리 문제 등 여러 가지 비교 자료들을 토대로 토론을 하고 이를 통해 갈등을 해결하고자 하는 노력이 이루어지고 있습니다.\n\n 과거에는 성차별 심했던 시기가 있었습니다. 여자와 남자를 구별 지어 일을 주는 경우도 많았습니다. 하지만, 현재는 여자와 남자라는 성별을 떠나서 나이, 국적을 불문하고 모두에게 평등한 기회를 주기 위해 노력하고 있습니다.\n\n 이렇게 모두의 노력에도 불구하고 아직 해결되지 않았거나 해결될 기미가 보이지 않는 양성평등 문제가 있을까요?\n\n 아주 작은 사소한 일이라도 좋습니다. 여러분이 생각하는 우리 주변의 양성평등 문제를 하나 작성해보고 어떻게 해결할 수 있을지 혹은 무엇이 바뀌어야 해결될 것 같은지 본인의 생각을 설명해주세요. ",
    "essay_type": "대안제시",
    "essay_level": "1",
    "essay_len": 818,
    "essay_main_subject": "남녀 갈등 해결 방안"
  }
}