{
  "paragraph": [
    {
      "paragraph_txt": "우리나라 헌법에는 남녀차별 금지 및 구제에 관한 법률이 있습니다.#@문장구분# 이법은 남녀 평등이념에 따라 고용, 교육, 재화, 시설, 용역 등의 제공 및 이용, 법과 정책의 집행에 있어서 남녀차별을 금지하고 이로 인한 피해자의 권익을 구제함으로써 사회의 모든 영역에서 남녀 평등을 실혐함을 목적으로 한다 라고 적혀 있습니다.#@문장구분# 저는 이 헌법을 읽으면서 아직 우리가 사는 대한 민국의 사회에는 많은 남녀차별이 존재하고 있고 우리 생활속에 아무도 눈치 채지 못한 남녀차별이 많이 있지만 이런 차별을 없애고 공정하고 공평한 기회를 제공하기 위해 국가에서 조금이나마 노력하고 생각하고 있었구나 라는 생각을 하게 되었습니다.#@문장구분# 이법의 시행이 2005년었습니다.#@문장구분# 이런 남녀평등을 시행하고자 노력한지 아직 10년도 채 되지 않았다는 사실이 너무 놀라웠고 그래서 우리 부모님 세대의 어머니들이 사회생활하기 너무 힘들었으며 영화 80년생 김지영이 엄마와 이모들이 눈물을 흘리며 보고 있던 이유를 아주 조금 이해할수 있을거 같았습니다.#@문장구분# 여성의 지위가 많이 향상되고 있으며 기존에는 존재하던 성차별이 반대로 역전하여 역차별이 존재한다고 까지 합니다.#@문장구분# 저는 여성차별도 반대하지만 남성 차별도 반대합니다.#@문장구분# 차별은 모두 옳지 않은 행동이기 때문입니다.#@문장구분# 하지만 아직 여성의 경우 남성에 비해 많은 차별을 겪고 있는 것이 분명합니다.#@문장구분# 대기업, 공기업이나 공무원이 아닌 이상 결혼과 출산을 하면 거즘 다니던 직장을 그만두게 됩니다.#@문장구분# 육아와 병행하여 자신의 직업을 수행하기에 우리나라의 보육환경이 그다지 좋지 않기 때문이기도 하고 육아를 병행하며 사회생활을 하는 여성들에 대한 회사의 이미지가 좋지 않아 퇴사를 강요당하기도 한다고 합니다.#@문장구분# 육아를 마치고 복직을 원하지만 경력단절 여성이 쉽사리 사회생활을 시작하기는 쉬운일이 아니라고 합니다.#@문장구분# 저희 언니는 큰 병원의 간호사입니다.#@문장구분# 결혼 4년차가 넘었지만 출산을 미루고 있습니다.#@문장구분# 아이가 생기면 간호사로 3교대 일도 못하게 될것이고 아이를 케어할 도우미를 구하기에 비용적 측면도 매우 크다고 고민을 합니다.#@문장구분# 하지만 일을 그만두고 싶지 않아서 조금더 커리어를 쌓고 싶어서 출산을 미루는 상황이라고 합니다.#@문장구분# 이런 문제는 국가에서 보육환경을 보다 좋게 제공해 준다면 얼마나 좋을까요?#@문장구분# 저도 10년후에 언니와 같은 고민을 하게될거라고 생각합니다.#@문장구분# 하지만 정부시책이 나와서 10년후 제가 고민없이 출산을 하였으면 좋겠습니다.#@문장구분#",
      "paragraph_len": 1564,
      "paragraph_id": "001"
    }
  ],
  "score": {
    "paragraph_score": [
      {
        "paragraph_scoreT": [
          3,
          2.8,
          3
        ],
        "paragraph_scoreT_detail": {
          "paragraph_scoreT_exp": [
            [
              3,
              3,
              3
            ],
            [
              2,
              3,
              3
            ],
            [
              3,
              3,
              3
            ]
          ]
        },
        "paragraph_scoreT_avg": 2.9333334,
        "paragraph_id": "001"
      }
    ],
    "essay_scoreT": [
      27.900002,
      28.2,
      28.8
    ],
    "essay_scoreT_avg": 28.300001,
    "essay_scoreT_detail": {
      "essay_scoreT_org": [
        [
          3,
          0,
          2,
          3
        ],
        [
          3,
          0,
          3,
          3
        ],
        [
          3,
          0,
          3,
          3
        ]
      ],
      "essay_scoreT_cont": [
        [
          3,
          2,
          3,
          3
        ],
        [
          3,
          2,
          3,
          3
        ],
        [
          3,
          2,
          3,
          3
        ]
      ],
      "essay_scoreT_exp": [
        [
          3,
          3,
          3
        ],
        [
          2,
          3,
          3
        ],
        [
          3,
          3,
          3
        ]
      ]
    }
  },
  "student": {
    "date": "2021.12.03",
    "student_educated": true,
    "student_grade": "고등_1학년",
    "location": "063",
    "student_grade_group": "고등",
    "student_reading": 2
  },
  "rubric": {
    "essay_grade": "고등_1학년",
    "organization_weight": {
      "org_paragraph": 0,
      "org": 3,
      "org_essay": 6,
      "org_coherence": 3,
      "org_quantity": 1
    },
    "essay_type": "대안제시",
    "content_weight": {
      "con_clearance": 3,
      "con_novelty": 3,
      "con": 4,
      "con_prompt": 1,
      "con_description": 3
    },
    "essay_main_subject": "남녀 갈등 해결 방안",
    "expression_weight": {
      "exp_style": 4,
      "exp_grammar": 2,
      "exp_vocab": 4,
      "exp": 3
    }
  },
  "correction": [],
  "info": {
    "essay_id": "ESSAY_53662",
    "essay_prompt": " 남녀 갈등은 최근 우리 사회에서 가장 뜨거운 이슈 중 하나입니다. 이러한 갈등은 아직 간극을 좁히지 못하고 현재 사회적인 문제로 자리 잡았습니다.\n\n 군 가산점 문제, 일자리 문제 등 여러 가지 비교 자료들을 토대로 토론을 하고 이를 통해 갈등을 해결하고자 하는 노력이 이루어지고 있습니다.\n\n 과거에는 성차별 심했던 시기가 있었습니다. 여자와 남자를 구별 지어 일을 주는 경우도 많았습니다. 하지만, 현재는 여자와 남자라는 성별을 떠나서 나이, 국적을 불문하고 모두에게 평등한 기회를 주기 위해 노력하고 있습니다.\n\n 이렇게 모두의 노력에도 불구하고 아직 해결되지 않았거나 해결될 기미가 보이지 않는 양성평등 문제가 있을까요?\n\n 아주 작은 사소한 일이라도 좋습니다. 여러분이 생각하는 우리 주변의 양성평등 문제를 하나 작성해보고 어떻게 해결할 수 있을지 혹은 무엇이 바뀌어야 해결될 것 같은지 본인의 생각을 설명해주세요. ",
    "essay_type": "대안제시",
    "essay_level": "1",
    "essay_len": 1184,
    "essay_main_subject": "남녀 갈등 해결 방안"
  }
}