{
  "paragraph": [
    {
      "paragraph_txt": "혐오시설은 수목장, 쓰레기 소각장 등의 시설을 말한다.#@문장구분# 이러한 시설들의 설치에 대해 해당 지역의 주민들과 인근 지역의 주민들은 대기오염, 악취, 소음, 단순 혐오 등을 이유로 강하게 반대하고 있다.#@문장구분# 하지만 이러한 시설들은 혐오 시설이긴 하지만 우리의 삶에 필요한 시설들이다.#@문장구분# 그렇기에 혐오시설 설치를 두고 기업과 시설 설치 지역 인근 주민 간의 갈등이 발생한다.#@문장구분# 그렇다면 이러한 갈등을 해결하기 위한 방법에는 뭐가 있을까?#@문장구분# 첫번째 해결 방안은 혐오시설의 지하화이다.#@문장구분# 혐오시설의 지하화는 말그대로 혐오시설을 지하에 설치하는 방식이다.#@문장구분# 이를 시행한다면 악취 문제를 해결할 수 있고, 눈에는 보이지 않기 때문에 단순 혐오의 문제도 해결할 수 있다.#@문장구분# 하지만 수질오염, 토양오염 등의 문제가 발생할 수 있으며, 지하에 설치할 수 있는 시설이 많지 않다는 단점이 있다.#@문장구분# 두 번째 해결방안은 시설 내부와 외부의 디자인에 신경을 쓰는 것이다.#@문장구분# 일본의 한 쓰레기 소각장은 알록달록한 다양한 색채를 사용하여 놀이시설을 방불케하는 디자인으로 소각장 설립을 반대하는 주민들의 반발심을 줄였고, 체험 프로그램 등을 통해 소각장이 새로운 교육시설의 역할도 할 수 있게 되었다.#@문장구분# 세 번째 해결방안은 혐오시설에 대한 인식을 개선하는 것이다.#@문장구분# 인식 개전을 위해 교육을 실시하든지 체험 프로그램을 만들고면 인식을 심어줄 수 있다.#@문장구분# 한 수목장은 수목장 인식개선을 위해 '사랑하는 사람이 잠든 숲'이라는 슬로건을 걸었고, 이로인해 수목장을 찾는 사람들이 많아졌다.#@문장구분# 또한 수목장에 대해 반발하던 인근 주민들의 소리가 점점 줄었다.#@문장구분# 네 번째 해결방안은 정부의 정책마련이다.#@문장구분# 예를 들면 공간적 토지이용 정책을 만드는 것이다.#@문장구분# 정책을 만들어 갈등을 예방할 수 있다. #@문장구분#이러한 갈등을 예장하고 해결하기 위해서는 혐오 시설로 고통 받을 주민들과 혐오시설을 건설 해야하는 정부와 기업이 서로 이해하는 마음을 가지고 소통하여 최대한 양쪽 모두가 만족스러운 결과를 얻는 것이 가장 좋은 해결방안이다.#@문장구분# 또여기에 적절한 보상이 현실적인 보상이 뒤따라야 한다.#@문장구분#",
      "paragraph_len": 1408,
      "paragraph_id": "001"
    }
  ],
  "score": {
    "paragraph_score": [
      {
        "paragraph_scoreT": [
          2.8,
          2.8,
          2.8
        ],
        "paragraph_scoreT_detail": {
          "paragraph_scoreT_exp": [
            [
              2,
              3,
              3
            ],
            [
              2,
              3,
              3
            ],
            [
              2,
              3,
              3
            ]
          ]
        },
        "paragraph_scoreT_avg": 2.8,
        "paragraph_id": "001"
      }
    ],
    "essay_scoreT": [
      28.2,
      27,
      29.4
    ],
    "essay_scoreT_avg": 28.199999,
    "essay_scoreT_detail": {
      "essay_scoreT_org": [
        [
          3,
          0,
          3,
          3
        ],
        [
          3,
          0,
          3,
          3
        ],
        [
          3,
          0,
          3,
          3
        ]
      ],
      "essay_scoreT_cont": [
        [
          3,
          2,
          3,
          3
        ],
        [
          2,
          2,
          3,
          3
        ],
        [
          3,
          3,
          3,
          3
        ]
      ],
      "essay_scoreT_exp": [
        [
          2,
          3,
          3
        ],
        [
          2,
          3,
          3
        ],
        [
          2,
          3,
          3
        ]
      ]
    }
  },
  "student": {
    "date": "2021.12.09",
    "student_educated": true,
    "student_grade": "고등_1학년",
    "location": "063",
    "student_grade_group": "고등",
    "student_reading": 2
  },
  "rubric": {
    "essay_grade": "고등_1학년",
    "organization_weight": {
      "org_paragraph": 0,
      "org": 3,
      "org_essay": 6,
      "org_coherence": 3,
      "org_quantity": 1
    },
    "essay_type": "대안제시",
    "content_weight": {
      "con_clearance": 3,
      "con_novelty": 3,
      "con": 4,
      "con_prompt": 1,
      "con_description": 3
    },
    "essay_main_subject": "혐오시설 건설문제에 대한 본인의 생각",
    "expression_weight": {
      "exp_style": 4,
      "exp_grammar": 2,
      "exp_vocab": 4,
      "exp": 3
    }
  },
  "correction": [],
  "info": {
    "essay_id": "ESSAY_60457",
    "essay_prompt": " 혐오 시설이란 지역 주민에게 공포감이나 고통을 주거나, 주변 지역의 쾌적성이 훼손됨으로써 집값이나 땅값이 내려가는 등 부정적인 외부효과를 유발하는 시설을 의미합니다.\n\n 대표적인 혐오 시설에는 쓰레기 매립장, 원자력발전소, 소각장, 유류저장소 등이 있습니다.\n\n 매립지, 소각장, 쓰레기 하치장 같은 혐오 시설은 그리 위험하지는 않지만, 쓰레기를 취급한다는 점에서 혐오감을 주며, 주변 환경오염 문제가 갈등을 일으킵니다. 특히 소각장은 인구밀도가 높은 대도시에 건설된다는 점에서 반대 운동이 일기도 합니다.\n\n 그런데 서로 반대만 하다 보면 입지를 찾지 못해 결국 모든 주민의 삶의 질이 저하될 수 있습니다.\n\n 정부 차원에서 가장 적절한 장소를 선별하여 건설 후 주변 사람들에게 혜택을 주는 방식이 적절한 방법일까요? 아니면 혐오 시설만을 모아둔 부지를 따로 정해서 건설해야 할까요? 아니면 모든 도시가 공평하게 혐오 시설 건설에 대한 부담을 지니고 하나씩 건설해야 할까요?\n\n 모두가 만족할만한 결과를 내기란 정말 어려운 문제이지만 여러분이 생각하는 가장 합리적이고 좋은 방법을 생각해보세요. 그리고 그 방법을 대안으로 제시하고 그 근거에 대해 작성해주세요.",
    "essay_type": "대안제시",
    "essay_level": "1",
    "essay_len": 1008,
    "essay_main_subject": "혐오시설 건설문제에 대한 본인의 생각"
  }
}