{
  "paragraph": [
    {
      "paragraph_txt": "혐오시설은 우리들에게 공포감이나 고통을 주거나, 주변 지역의 쾌적성을 훼손하는 등 부정적인 외부효과를 유발하는 시설을 의미한다.#@문장구분# 대표적인 시설로는 쓰레기 매립장, 원자로 발전소, 소각장 등이 있다.#@문장구분# 이 혐오시설들에 대한 문제 상황들을 어떻게 해결하면 좋을까?#@문장구분# 일단 첫 번째로 해결방안으로는 혐오시설이 있는 지역에 거주하는 주민들의 세금을 감면하는 것이다.#@문장구분# 왜냐하면 거주하는 지역 근처에 쓰레기 매립장과 같은 혐오시설이 있으면 냄새 등의 고통을 받기 때문이다.#@문장구분# 그러므로 혐오시설이 잇는 지역들은 세금을 감면을 해주어야 타당하다고 생각을 한다.#@문장구분# 그 다음 두 번째로는 정부가 개입을 하여서 보상 혹은 징수를 해주는 것이다.#@문장구분# 그 이유로는 원자력 발전소, 소각장, 유류저장소 등의 혐오시설이 자신이 거주하는 지역 근처에 있다면 다 타지역으로 이사를 갈 것이기 때문이다.#@문장구분# 그렇게 된다면 혐오시설이 없는 지역으로 사람들이 모이게 되면서 인구가 급증이 될 것이다.#@문장구분# 이 상황을 막기 위해서는 혐오시설이 잇는 주변에 사는 주민들에게 보상을 해주어야 마땅하다고 생각한다.#@문장구분# 세 번째로는 마을 주민들을 위해서 수영장, 헬스 케어 등의 주민들을 위한 편익 시설들이 지어져야 한다고 생가가한다.#@문장구분# 혐오시설 때문에 불편한데 이런 편익 시설들이 없으면 어떻게 생활을 합니까.#@문장구분# 그러니 주민들을 위한 헬스 케어, 수영장 등의 편익 시설을 설립하면서 다른 활동들을 할 수 있도록 해주는 것이다.#@문장구분# 마지막 네번째로 내가 생각한 대안은 하수처리장 등을 지하수에 설치하고 공원 등을 만들어 주는 것이다.#@문장구분# 혐오시설 때문에 항상 냄새에 고통반고 공포감을 받으며 산다.#@문장구분# 그런 기분을 풀저루 좋은 시설의 공원을 지어주어서 그나마 쾌적한 공간을 돌아다니면서 혐소시설로 인해 고통받았던 마음을 치유하라는 의미해서 생각했다.#@문장구분# 혐오시설은 없어져서는 안되는 것들이라 생각한다.#@문장구분# 그래서 위에 적힌 해결방안들 말고도 더 좋은 방안들이 있으면 좀 더 좋은 쪽으로 나아가면 좋겠다.#@문장구분#",
      "paragraph_len": 1319,
      "paragraph_id": "001"
    }
  ],
  "score": {
    "paragraph_score": [
      {
        "paragraph_scoreT": [
          2.6,
          2,
          2.2
        ],
        "paragraph_scoreT_detail": {
          "paragraph_scoreT_exp": [
            [
              3,
              2,
              3
            ],
            [
              2,
              2,
              2
            ],
            [
              3,
              2,
              2
            ]
          ]
        },
        "paragraph_scoreT_avg": 2.2666667,
        "paragraph_id": "001"
      }
    ],
    "essay_scoreT": [
      27,
      24.300001,
      26.300001
    ],
    "essay_scoreT_avg": 25.866669,
    "essay_scoreT_detail": {
      "essay_scoreT_org": [
        [
          2,
          0,
          3,
          3
        ],
        [
          3,
          0,
          3,
          2
        ],
        [
          3,
          0,
          2,
          3
        ]
      ],
      "essay_scoreT_cont": [
        [
          3,
          3,
          3,
          3
        ],
        [
          3,
          2,
          3,
          2
        ],
        [
          3,
          3,
          2,
          3
        ]
      ],
      "essay_scoreT_exp": [
        [
          3,
          2,
          3
        ],
        [
          2,
          2,
          2
        ],
        [
          3,
          2,
          2
        ]
      ]
    }
  },
  "student": {
    "date": "2021.09.10",
    "student_educated": true,
    "student_grade": "고등_1학년",
    "location": "051",
    "student_grade_group": "고등",
    "student_reading": 1
  },
  "rubric": {
    "essay_grade": "고등_1학년",
    "organization_weight": {
      "org_paragraph": 0,
      "org": 3,
      "org_essay": 6,
      "org_coherence": 3,
      "org_quantity": 1
    },
    "essay_type": "대안제시",
    "content_weight": {
      "con_clearance": 3,
      "con_novelty": 3,
      "con": 4,
      "con_prompt": 1,
      "con_description": 3
    },
    "essay_main_subject": "혐오시설 건설문제에 대한 본인의 생각",
    "expression_weight": {
      "exp_style": 4,
      "exp_grammar": 2,
      "exp_vocab": 4,
      "exp": 3
    }
  },
  "correction": [],
  "info": {
    "essay_id": "ESSAY_33890",
    "essay_prompt": " 혐오 시설이란 지역 주민에게 공포감이나 고통을 주거나, 주변 지역의 쾌적성이 훼손됨으로써 집값이나 땅값이 내려가는 등 부정적인 외부효과를 유발하는 시설을 의미합니다.\n\n 대표적인 혐오 시설에는 쓰레기 매립장, 원자력발전소, 소각장, 유류저장소 등이 있습니다.\n\n 매립지, 소각장, 쓰레기 하치장 같은 혐오 시설은 그리 위험하지는 않지만, 쓰레기를 취급한다는 점에서 혐오감을 주며, 주변 환경오염 문제가 갈등을 일으킵니다. 특히 소각장은 인구밀도가 높은 대도시에 건설된다는 점에서 반대 운동이 일기도 합니다.\n\n 그런데 서로 반대만 하다 보면 입지를 찾지 못해 결국 모든 주민의 삶의 질이 저하될 수 있습니다.\n\n 정부 차원에서 가장 적절한 장소를 선별하여 건설 후 주변 사람들에게 혜택을 주는 방식이 적절한 방법일까요? 아니면 혐오 시설만을 모아둔 부지를 따로 정해서 건설해야 할까요? 아니면 모든 도시가 공평하게 혐오 시설 건설에 대한 부담을 지니고 하나씩 건설해야 할까요?\n\n 모두가 만족할만한 결과를 내기란 정말 어려운 문제이지만 여러분이 생각하는 가장 합리적이고 좋은 방법을 생각해보세요. 그리고 그 방법을 대안으로 제시하고 그 근거에 대해 작성해주세요.",
    "essay_type": "대안제시",
    "essay_level": "1",
    "essay_len": 960,
    "essay_main_subject": "혐오시설 건설문제에 대한 본인의 생각"
  }
}