{
  "paragraph": [
    {
      "paragraph_txt": "혐오시설 설립에 많은 주민들과의 갈등이 발생하고 있다.#@문장구분# 이럴 경우 혐오시설 설립을 추진하고 있는 지자체에서의 일방적 밀어붙이기로는 절대 해결되지 않고 상호 존중과 대화, 주민 참여 등을 통해 윈-윈의 합리적 결론을 도출해야 한다.#@문장구분# 최근 각 지자체에서는 님비 현상에 대한 지속적인 해결을 지자체 및 행정뿐만 아니라 시민과 함께 풀어가려는 노력을 많이 시도하고 있으며 성공한 사례도 종종 보이고 있다.#@문장구분# 무조건 혐오시설이라고 하여 반대만 할 것이아니라 혐오시설이 생김으로 인해 긍정적인 역할을 해주고 있는 그런 혐오시설등을 직접 방문하거나 그런 부분들을 영상으로 보여주거나 하는것들도 주민들에게  다양한 방안을 제시함으로써 서로 이해관계의 폭을 좁혀나가는 좋은 결과를 맺고 있다.#@문장구분# 지자체와 지역 주민간의 갈등을 해소하기 위해서는 우선 지역 갈등에 대한 인식의 전환이 필요한데 이를 단순히 지역 이기주의로 치부하는 태도를 지양하고, 상호 불신감을 해소하는 것이 우선시 되어야 한다.#@문장구분# 또한 경제원칙을 적용해 수익자나 수혜자가 그 비용을 부담하고 피해자나 피해 예상자에게는 합당한 보상이 주어져야 할 것이다.#@문장구분# 폐자원을 에너지로 전환시키는 친환경 에너지 타운사업의 경우 폐자원이 에너지가 되고 마을에 보탬이 되자 기피시설 입지로 피해를 입던 마을 주민의 인식을 긍정적으로 변화시키는 계기가 됐다.#@문장구분# 우리지역내 혐오시설 기피현상을 해결하기 위해서는 발상의 전환이 필요하다.#@문장구분#님비 시설이든 핌피 시설이든 지역이나 지역주민들에게 꼭 필요한 시설이기 때문에 이는 피할 수 없는 문제이다.#@문장구분# 이를 해결하기 위해서는 지역 갈등을 조정할 수 있는 제도적 장치가 마련돼야 하고, 기존의 일방적이고 하향적인 방식에서 보다 주민들의 참여적인 상향식으로 바꿀 필요가 있을 것이다.#@문장구분# 지역주민과 충분한 대화와 공정하고 투명한 행정처리 절차를 통해 소수의 희생에 대해서는 정당한 보상을 제공하고 그 부담을 다수가 함께 나누도록 해야 할 것이다.#@문장구분#",
      "paragraph_len": 1172,
      "paragraph_id": "001"
    }
  ],
  "score": {
    "paragraph_score": [
      {
        "paragraph_scoreT": [
          3,
          3,
          3
        ],
        "paragraph_scoreT_detail": {
          "paragraph_scoreT_exp": [
            [
              3,
              3,
              3
            ],
            [
              3,
              3,
              3
            ],
            [
              3,
              3,
              3
            ]
          ]
        },
        "paragraph_scoreT_avg": 3,
        "paragraph_id": "001"
      }
    ],
    "essay_scoreT": [
      28.8,
      28.8,
      30
    ],
    "essay_scoreT_avg": 29.199999,
    "essay_scoreT_detail": {
      "essay_scoreT_org": [
        [
          3,
          0,
          3,
          3
        ],
        [
          3,
          0,
          3,
          3
        ],
        [
          3,
          0,
          3,
          3
        ]
      ],
      "essay_scoreT_cont": [
        [
          3,
          2,
          3,
          3
        ],
        [
          3,
          2,
          3,
          3
        ],
        [
          3,
          3,
          3,
          3
        ]
      ],
      "essay_scoreT_exp": [
        [
          3,
          3,
          3
        ],
        [
          3,
          3,
          3
        ],
        [
          3,
          3,
          3
        ]
      ]
    }
  },
  "student": {
    "date": "2021.11.18",
    "student_educated": true,
    "student_grade": "고등_1학년",
    "location": "063",
    "student_grade_group": "고등",
    "student_reading": 1
  },
  "rubric": {
    "essay_grade": "고등_1학년",
    "organization_weight": {
      "org_paragraph": 0,
      "org": 3,
      "org_essay": 6,
      "org_coherence": 3,
      "org_quantity": 1
    },
    "essay_type": "대안제시",
    "content_weight": {
      "con_clearance": 3,
      "con_novelty": 3,
      "con": 4,
      "con_prompt": 1,
      "con_description": 3
    },
    "essay_main_subject": "혐오시설 건설문제에 대한 본인의 생각",
    "expression_weight": {
      "exp_style": 4,
      "exp_grammar": 2,
      "exp_vocab": 4,
      "exp": 3
    }
  },
  "correction": [],
  "info": {
    "essay_id": "ESSAY_47356",
    "essay_prompt": " 혐오 시설이란 지역 주민에게 공포감이나 고통을 주거나, 주변 지역의 쾌적성이 훼손됨으로써 집값이나 땅값이 내려가는 등 부정적인 외부효과를 유발하는 시설을 의미합니다.\n\n 대표적인 혐오 시설에는 쓰레기 매립장, 원자력발전소, 소각장, 유류저장소 등이 있습니다.\n\n 매립지, 소각장, 쓰레기 하치장 같은 혐오 시설은 그리 위험하지는 않지만, 쓰레기를 취급한다는 점에서 혐오감을 주며, 주변 환경오염 문제가 갈등을 일으킵니다. 특히 소각장은 인구밀도가 높은 대도시에 건설된다는 점에서 반대 운동이 일기도 합니다.\n\n 그런데 서로 반대만 하다 보면 입지를 찾지 못해 결국 모든 주민의 삶의 질이 저하될 수 있습니다.\n\n 정부 차원에서 가장 적절한 장소를 선별하여 건설 후 주변 사람들에게 혜택을 주는 방식이 적절한 방법일까요? 아니면 혐오 시설만을 모아둔 부지를 따로 정해서 건설해야 할까요? 아니면 모든 도시가 공평하게 혐오 시설 건설에 대한 부담을 지니고 하나씩 건설해야 할까요?\n\n 모두가 만족할만한 결과를 내기란 정말 어려운 문제이지만 여러분이 생각하는 가장 합리적이고 좋은 방법을 생각해보세요. 그리고 그 방법을 대안으로 제시하고 그 근거에 대해 작성해주세요.",
    "essay_type": "대안제시",
    "essay_level": "1",
    "essay_len": 953,
    "essay_main_subject": "혐오시설 건설문제에 대한 본인의 생각"
  }
}