{
  "paragraph": [
    {
      "paragraph_txt": "수행평가 주제를 보고 요즘 심각한 문제를 드러내고 있는 혐오표현에 관심이 갔다.#@문장구분# 그렇게 혐오표현에 대해 조사를 하던 중 전라북도 교육청에서 중학생들을 대상으로 혐오표현을 쓰거나 들은적이 있는지에 대해 조사를 해봤다는 기사에 관심이 갔다.#@문장구분# 이 기사를 읽고 혐오표현의 심각성을 더 또렷히 알게 되었고 그에 대응해 이 문제를 해결하기 위한 대안을 내어보려한다.#@문장구분# 일단 기사에서 가장 주목할 점은 설문조사 대상이 중학생이었다는 것이다.#@문장구분# 이로써 많이 이른 나이에 이러한 문제를 접한다는 것을 알수 있다.#@문장구분# 이 문제를 해결하기 위해 가정과 학교내에서의 교육이 더욱 많이 필요할 것 같았고, 윗선배나 친구들 사이에서 혐오표현에 경각심을 가지고 언어예절에 조심하여 대화를 할 필요가 있어보였다.#@문장구분# 둘째 문제는 친구들 사이의 대화에서 또래애들이 쓰는 단어니 나도 써도 되겠지? 라는 생각을 가진다는 것이다.#@문장구분# 이렇게 혐오표현에 적응하고 혐오표현을 자연스럽게 쓰면 이 친구들은 자신이 잘못된 언어를 쓰고 있다는걸 깨닫지 못한다는 것이다.#@문장구분# 이에 대한 해결책은 교실이나 교내에 요즘 학생들이 많이 쓰는 혐오 표현을 써놓던지 선생님들이 수시로 대화에 참여해 잘못된 언행을 고쳐주거나 혐오표현에 대해 자세히 설명해주어 학생들의 무너진 경각심을 일깨워 주면 좋겠다고 생각했다. #@문장구분#이렇게하면 자신이 잘못된 단어나 언행을 하고 있다는 것을 느낄수 있을 것 같았다.#@문장구분# 셋째, 요즘 학생들이 유튜브나 넷플릭스등 많은 엔터테인먼트 앱을 쓰면서 혐오표현들을 쉽게 접한다는 것입니다.#@문장구분# 저도 유튜브를 볼때마다 눈살이 찌푸려지는 혐오표현들을 많이 들었는데 이러한 영상들이 제한없이 퍼져 많은 학생과 연령구분없는 아이들이 접한다.#@문장구분#",
      "paragraph_len": 1065,
      "paragraph_id": "001"
    }
  ],
  "score": {
    "paragraph_score": [
      {
        "paragraph_scoreT": [
          3,
          3,
          2.8
        ],
        "paragraph_scoreT_detail": {
          "paragraph_scoreT_exp": [
            [
              3,
              3,
              3
            ],
            [
              3,
              3,
              3
            ],
            [
              2,
              3,
              3
            ]
          ]
        },
        "paragraph_scoreT_avg": 2.9333334,
        "paragraph_id": "001"
      }
    ],
    "essay_scoreT": [
      30,
      26.3,
      25.2
    ],
    "essay_scoreT_avg": 27.166666,
    "essay_scoreT_detail": {
      "essay_scoreT_org": [
        [
          3,
          0,
          3,
          3
        ],
        [
          2,
          0,
          3,
          2
        ],
        [
          2,
          0,
          3,
          3
        ]
      ],
      "essay_scoreT_cont": [
        [
          3,
          3,
          3,
          3
        ],
        [
          3,
          2,
          2,
          3
        ],
        [
          3,
          2,
          3,
          2
        ]
      ],
      "essay_scoreT_exp": [
        [
          3,
          3,
          3
        ],
        [
          3,
          3,
          3
        ],
        [
          2,
          3,
          3
        ]
      ]
    }
  },
  "student": {
    "date": "2021.12.15",
    "student_educated": true,
    "student_grade": "고등_1학년",
    "location": "063",
    "student_grade_group": "고등",
    "student_reading": 2
  },
  "rubric": {
    "essay_grade": "고등_1학년",
    "organization_weight": {
      "org_paragraph": 0,
      "org": 3,
      "org_essay": 6,
      "org_coherence": 3,
      "org_quantity": 1
    },
    "essay_type": "대안제시",
    "content_weight": {
      "con_clearance": 3,
      "con_novelty": 3,
      "con": 4,
      "con_prompt": 1,
      "con_description": 3
    },
    "essay_main_subject": "남녀 갈등 해결 방안",
    "expression_weight": {
      "exp_style": 4,
      "exp_grammar": 2,
      "exp_vocab": 4,
      "exp": 3
    }
  },
  "correction": [],
  "info": {
    "essay_id": "ESSAY_62523",
    "essay_prompt": " 남녀 갈등은 최근 우리 사회에서 가장 뜨거운 이슈 중 하나입니다. 이러한 갈등은 아직 간극을 좁히지 못하고 현재 사회적인 문제로 자리 잡았습니다.\n\n 군 가산점 문제, 일자리 문제 등 여러 가지 비교 자료들을 토대로 토론을 하고 이를 통해 갈등을 해결하고자 하는 노력이 이루어지고 있습니다.\n\n 과거에는 성차별 심했던 시기가 있었습니다. 여자와 남자를 구별 지어 일을 주는 경우도 많았습니다. 하지만, 현재는 여자와 남자라는 성별을 떠나서 나이, 국적을 불문하고 모두에게 평등한 기회를 주기 위해 노력하고 있습니다.\n\n 이렇게 모두의 노력에도 불구하고 아직 해결되지 않았거나 해결될 기미가 보이지 않는 양성평등 문제가 있을까요?\n\n 아주 작은 사소한 일이라도 좋습니다. 여러분이 생각하는 우리 주변의 양성평등 문제를 하나 작성해보고 어떻게 해결할 수 있을지 혹은 무엇이 바뀌어야 해결될 것 같은지 본인의 생각을 설명해주세요. ",
    "essay_type": "대안제시",
    "essay_level": "1",
    "essay_len": 826,
    "essay_main_subject": "남녀 갈등 해결 방안"
  }
}