{
  "paragraph": [
    {
      "paragraph_txt": "님비(NIMBY)는 '내 뒷마당에서는 안 된다'(not in my backyard)는 말의 약어로, 지역이기주의를 뜻하는 신조어이다.#@문장구분# 현재 우리나라에서도 장애인 시설, 쓰레기 소각장, 하수 처리장, 화장장, 핵폐기물 처리장 등의 공공시설물을 자신들이 사는 지역에 설치하는 것을 반대하는 지역 주민들의 집단 이기주의로 사회적인 문제가 되었다.#@문장구분# 님비는 지방자치제가 발달하면서 정부와 지방 정부와 지역 주민들 간의 갈등으로 퍼지면서 심각한 사회적인 현상으로 지적되고 있다.#@문장구분# 내가 살고 있는 이 지역에 내가 살고 있는 내 동네에 혐오시설 쓰레기 소각장, 교도소, 화장장, 폐기물 처리장 등이 생기는걸 극구 반대하고 있는 게 요즘의 현실라고 생각된다.#@문장구분# 좋은 백화점 마트도 아닌 혐오시설이 생긴다니 말 그대로 혐오스러운 생각인데, 과연 이러한 혐오시설 등이 내가 살고있는 이 지역에 생기면 과연 안 좋기만 한 것인지 생각해보았다.#@문장구분# 부정적인 측면에서 보자면 몇 십가지의 이유를 나열 할 것이다.#@문장구분# 당연히 내가 살고 있는 지역에 위와 같은 시설들이 들어온다면 지금 당장은 되게 걱정이 되고 불쾌할 것같다.#@문장구분# 하지만 가끔 인터넷이나 매체 를통해서 접하게 된 혐오시설의 장점에 대한 기사를 본 적이 있다.#@문장구분# 처음에는 혐오시설들이 들어선다고 하였을 때 커다란 문제점들 지자체와 주민들의 의견을 좁히는 일들이 결코 쉽고 만만치 않았다.#@문장구분# 하지만 지자체에서 주민들에게 내건 협상을 가지고 서로의 의견조율을 해가면서 양쪽 모두에게 서운함 없이 서로에게 윈윈이 되는 방안들을 찾아가며 혐오시설들이 설립된 곳들이 많다.#@문장구분# 그리고 그 혐오시설로 인해 지역발전 및 지역활성화를 위한 새로운 현상들도 생겨나고 있다.#@문장구분# 그래서 처음에 혐오시설 건설에 대한 문제를 반대했던 지역주민들도 반기는 일이 생기기도 하는 것을 보았다.#@문장구분# 어느 것이라도 중간의 타협점을 찾아서 서로에게 도움이 되는 그런 일들이 생겼으면 좋겠다.#@문장구분# 혐오시설이라도 말이다.#@문장구분# 그리고 그를 이용한 지역경제 발전을 위한 방안도 꾸준히 중앙정부나 지방정부에서는 노력을 해야 한다고 생각된다.#@문장구분#",
      "paragraph_len": 1308,
      "paragraph_id": "001"
    }
  ],
  "score": {
    "paragraph_score": [
      {
        "paragraph_scoreT": [
          3,
          3,
          3
        ],
        "paragraph_scoreT_detail": {
          "paragraph_scoreT_exp": [
            [
              3,
              3,
              3
            ],
            [
              3,
              3,
              3
            ],
            [
              3,
              3,
              3
            ]
          ]
        },
        "paragraph_scoreT_avg": 3,
        "paragraph_id": "001"
      }
    ],
    "essay_scoreT": [
      30,
      30,
      30
    ],
    "essay_scoreT_avg": 30,
    "essay_scoreT_detail": {
      "essay_scoreT_org": [
        [
          3,
          0,
          3,
          3
        ],
        [
          3,
          0,
          3,
          3
        ],
        [
          3,
          0,
          3,
          3
        ]
      ],
      "essay_scoreT_cont": [
        [
          3,
          3,
          3,
          3
        ],
        [
          3,
          3,
          3,
          3
        ],
        [
          3,
          3,
          3,
          3
        ]
      ],
      "essay_scoreT_exp": [
        [
          3,
          3,
          3
        ],
        [
          3,
          3,
          3
        ],
        [
          3,
          3,
          3
        ]
      ]
    }
  },
  "student": {
    "date": "2021.11.22",
    "student_educated": true,
    "student_grade": "고등_1학년",
    "location": "063",
    "student_grade_group": "고등",
    "student_reading": 2
  },
  "rubric": {
    "essay_grade": "고등_1학년",
    "organization_weight": {
      "org_paragraph": 0,
      "org": 3,
      "org_essay": 6,
      "org_coherence": 3,
      "org_quantity": 1
    },
    "essay_type": "대안제시",
    "content_weight": {
      "con_clearance": 3,
      "con_novelty": 3,
      "con": 4,
      "con_prompt": 1,
      "con_description": 3
    },
    "essay_main_subject": "혐오시설 건설문제에 대한 본인의 생각",
    "expression_weight": {
      "exp_style": 4,
      "exp_grammar": 2,
      "exp_vocab": 4,
      "exp": 3
    }
  },
  "correction": [],
  "info": {
    "essay_id": "ESSAY_51873",
    "essay_prompt": " 혐오 시설이란 지역 주민에게 공포감이나 고통을 주거나, 주변 지역의 쾌적성이 훼손됨으로써 집값이나 땅값이 내려가는 등 부정적인 외부효과를 유발하는 시설을 의미합니다.\n\n 대표적인 혐오 시설에는 쓰레기 매립장, 원자력발전소, 소각장, 유류저장소 등이 있습니다.\n\n 매립지, 소각장, 쓰레기 하치장 같은 혐오 시설은 그리 위험하지는 않지만, 쓰레기를 취급한다는 점에서 혐오감을 주며, 주변 환경오염 문제가 갈등을 일으킵니다. 특히 소각장은 인구밀도가 높은 대도시에 건설된다는 점에서 반대 운동이 일기도 합니다.\n\n 그런데 서로 반대만 하다 보면 입지를 찾지 못해 결국 모든 주민의 삶의 질이 저하될 수 있습니다.\n\n 정부 차원에서 가장 적절한 장소를 선별하여 건설 후 주변 사람들에게 혜택을 주는 방식이 적절한 방법일까요? 아니면 혐오 시설만을 모아둔 부지를 따로 정해서 건설해야 할까요? 아니면 모든 도시가 공평하게 혐오 시설 건설에 대한 부담을 지니고 하나씩 건설해야 할까요?\n\n 모두가 만족할만한 결과를 내기란 정말 어려운 문제이지만 여러분이 생각하는 가장 합리적이고 좋은 방법을 생각해보세요. 그리고 그 방법을 대안으로 제시하고 그 근거에 대해 작성해주세요.",
    "essay_type": "대안제시",
    "essay_level": "1",
    "essay_len": 1008,
    "essay_main_subject": "혐오시설 건설문제에 대한 본인의 생각"
  }
}