{
  "paragraph": [
    {
      "paragraph_txt": "남혐, 여혐등의 혐오표현들이 일상화되어서 올해 5월에 조사한 결과 1000명중 682명이 혐오표현을 실제로 들었고 이는 2년전인 19년도보다 6.7%정도 증가한 수치이며 점점 갈수록 수치가 증가하는 것으로 보인다.#@문장구분# 그렇기에 반드시 우리는 해결방안을 생각해내야한다.#@문장구분#\n \n 이를 해결하기 위해서는 첫 번째로 가정에서나 학교에서 혐오표현에 대한 교육을 해야한다. #@문장구분#혐오표현을 쓰는 아이들의 비중 또한 무시 할수없기 때문이다.#@문장구분# 특히 인터넷등을 통해 아이들이 그러한 것들에 친숙해지기 때문이다.#@문장구분# 그렇기에 가정에서나 학교에서 사태의 심각성을 아이들에게 알려주고 쓰지않도록 주의를 주어서 미리 예방을 해야한다.#@문장구분#\n \n 두번째로는 앞에서 말했듯이 인터넷속에서 혐오표현을 많이쓰고 만들어지기 때문에 이러한 표현을 쓰는 사이트를 막아야한다.#@문장구분# 이러한 사이트들이 있기 때문에 혐오표현을 많이 쓰고 만들어지기 때문에 이러한 표현을 쓰는 사이트를 막아야한다.#@문장구분# 이러한 사이트들이 있기때문에 혐오표현 또한 늘어나면서 우리가 알아듣지도 못하는 단어들이 생기고 쓰여지고 있다.#@문장구분# 그래서 우리는 무심코 쓴 단어나 표현들 때문에 일상생활이 힘들정도다. #@문장구분#실제로 한 연예인이 모르고 쓴 동작이 혐오표현에 해당된다며 네티즌들에게 비판을 듣는 사례가 있었다.#@문장구분# 이처럼 우리는 알지도 못했던 표현들 때문에 말을 하더라도 조심하게된다.#@문장구분# 우리는 혐오표현이 더 이상 생기지않고 쓰지않기 위해서는 이전 사이틀들을 막아서 예방해야한다.#@문장구분#",
      "paragraph_len": 973,
      "paragraph_id": "001"
    },
    {
      "paragraph_txt": " 세 번째로 우리 스스로 사태의 심각성을 인지하고 쓰지않도록 노력해야한다.#@문장구분# 앞에서 말한 것처럼 교육을 하고 혐오표현을 쓰는 사이트들을 막는다고 하더라고 우리 스스로가 무분별하게 쓴다면 의미가없다.#@문장구분# 주변에서 혐오표현을 쓰는 사람을 피하게되면 그런 사람들의 점점 늘어날 것이므로 적극적으로 나서서 알려주어야한다.#@문장구분#",
      "paragraph_len": 232,
      "paragraph_id": "002"
    }
  ],
  "score": {
    "paragraph_score": [
      {
        "paragraph_scoreT": [
          2.6,
          3,
          3
        ],
        "paragraph_scoreT_detail": {
          "paragraph_scoreT_exp": [
            [
              3,
              3,
              2
            ],
            [
              3,
              3,
              3
            ],
            [
              3,
              3,
              3
            ]
          ]
        },
        "paragraph_scoreT_avg": 2.8666668,
        "paragraph_id": "001"
      },
      {
        "paragraph_scoreT": [
          2.6,
          3,
          3
        ],
        "paragraph_scoreT_detail": {
          "paragraph_scoreT_exp": [
            [
              3,
              3,
              2
            ],
            [
              3,
              3,
              3
            ],
            [
              3,
              3,
              3
            ]
          ]
        },
        "paragraph_scoreT_avg": 2.8666668,
        "paragraph_id": "002"
      }
    ],
    "essay_scoreT": [
      23.7,
      30,
      25.5
    ],
    "essay_scoreT_avg": 26.4,
    "essay_scoreT_detail": {
      "essay_scoreT_org": [
        [
          2,
          0,
          2,
          3
        ],
        [
          3,
          0,
          3,
          3
        ],
        [
          3,
          0,
          2,
          3
        ]
      ],
      "essay_scoreT_cont": [
        [
          2,
          2,
          3,
          3
        ],
        [
          3,
          3,
          3,
          3
        ],
        [
          2,
          2,
          3,
          2
        ]
      ],
      "essay_scoreT_exp": [
        [
          3,
          3,
          2
        ],
        [
          3,
          3,
          3
        ],
        [
          3,
          3,
          3
        ]
      ]
    }
  },
  "student": {
    "date": "2021.09.03",
    "student_educated": true,
    "student_grade": "고등_1학년",
    "location": "051",
    "student_grade_group": "고등",
    "student_reading": 1
  },
  "rubric": {
    "essay_grade": "고등_1학년",
    "organization_weight": {
      "org_paragraph": 0,
      "org": 3,
      "org_essay": 6,
      "org_coherence": 3,
      "org_quantity": 1
    },
    "essay_type": "대안제시",
    "content_weight": {
      "con_clearance": 3,
      "con_novelty": 3,
      "con": 4,
      "con_prompt": 1,
      "con_description": 3
    },
    "essay_main_subject": "남녀 갈등 해결 방안",
    "expression_weight": {
      "exp_style": 4,
      "exp_grammar": 2,
      "exp_vocab": 4,
      "exp": 3
    }
  },
  "correction": [],
  "info": {
    "essay_id": "ESSAY_35603",
    "essay_prompt": " 남녀 갈등은 최근 우리 사회에서 가장 뜨거운 이슈 중 하나입니다. 이러한 갈등은 아직 간극을 좁히지 못하고 현재 사회적인 문제로 자리 잡았습니다.\n\n 군 가산점 문제, 일자리 문제 등 여러 가지 비교 자료들을 토대로 토론을 하고 이를 통해 갈등을 해결하고자 하는 노력이 이루어지고 있습니다.\n\n 과거에는 성차별 심했던 시기가 있었습니다. 여자와 남자를 구별 지어 일을 주는 경우도 많았습니다. 하지만, 현재는 여자와 남자라는 성별을 떠나서 나이, 국적을 불문하고 모두에게 평등한 기회를 주기 위해 노력하고 있습니다.\n\n 이렇게 모두의 노력에도 불구하고 아직 해결되지 않았거나 해결될 기미가 보이지 않는 양성평등 문제가 있을까요?\n\n 아주 작은 사소한 일이라도 좋습니다. 여러분이 생각하는 우리 주변의 양성평등 문제를 하나 작성해보고 어떻게 해결할 수 있을지 혹은 무엇이 바뀌어야 해결될 것 같은지 본인의 생각을 설명해주세요. ",
    "essay_type": "대안제시",
    "essay_level": "1",
    "essay_len": 888,
    "essay_main_subject": "남녀 갈등 해결 방안"
  }
}