{
  "paragraph": [
    {
      "paragraph_txt": "요즘 페이스북으나 인스타를 보면 남녀에 관한 차별이나 혐오발언이 나오기도 합니다.#@문장구분#\n그것을 볼때마다 한번씩은 들어가 보기도 하였습니다.#@문장구분#\n그러면 남녀 차별에 관한 이야기들도 많고 혐오발언도 많이 나오기도 하는데 사람들이 왜 그렇게 남녀 혐오를 하고 그러는지 잘은 모르겠지만 저도 남녀 차별을 받는다는 생각을 할때가 있고 느낄 때가 많습니다.#@문장구분#\n남녀 차별이 없어질거 같지는 않을거 같고 사람들이 서로를 존중하고 양보하면서 지내야 서로에 대한 남녀 차별 혐오발언이 없어 질거 같지만 쉽게 해결 될 것은 아니라고 생각이 됩니다.#@문장구분#\n사람의 인권은 중요하고 필요한 것인데 서로 인권을 무시하고 하면서 남녀 차별, 서로에 대한 혐오 발언이 나오는거 같은데 인권이 중요한다는걸 알면 그러지 않을 거라고 생각을 했습니다.#@문장구분#\n사람들이 서로 존주하고 이해해주고 양보 하면 인권도 존중 받고, 피해 받지 않을것이라고 생각을 하고, 다들 피해 보지않고 남녀 차별,혐오발언을 하지 않을 것 같다고 생각을 한다.#@문장구분#\n남녀 혐오발언을 하면 서로 상처만 남을 것이라고 생각하고 서로 도와주면 해결 될거라고 생각한다.#@문장구분# 그리고 혐오를 조장하는 사람은 극히 일부에 불과하다는 것을 인지해야한다.#@문장구분# 인터넷이나 sns에 떠도는 남녀혐오적 발언은 현생에서 도퇴된 사람들이 현생에서는 자신의 말을 들어주지 않아서 인터넷 상에서 사람들의 관심을 받기 위해 극단적으로 혐오를 조장하거나 말을 하는 것일 뿐이다.#@문장구분# 그런 선동에 놀아나서는 안된다고 생각한다.#@문장구분# 서로 사랑하기 바쁜데 혐오까지 하기에는 시간이 너무 아깝다.#@문장구분# 앞으로 이런것들을 더 잘 깨치는 사람이 되어 남녀 서로 사랑하고 아껴주는 사회가 왔으면 좋겠다.#@문장구분#",
      "paragraph_len": 1052,
      "paragraph_id": "001"
    }
  ],
  "score": {
    "paragraph_score": [
      {
        "paragraph_scoreT": [
          2.2,
          3,
          3
        ],
        "paragraph_scoreT_detail": {
          "paragraph_scoreT_exp": [
            [
              3,
              2,
              2
            ],
            [
              3,
              3,
              3
            ],
            [
              3,
              3,
              3
            ]
          ]
        },
        "paragraph_scoreT_avg": 2.7333333,
        "paragraph_id": "001"
      }
    ],
    "essay_scoreT": [
      21.9,
      28.8,
      30
    ],
    "essay_scoreT_avg": 26.9,
    "essay_scoreT_detail": {
      "essay_scoreT_org": [
        [
          2,
          0,
          3,
          2
        ],
        [
          3,
          0,
          3,
          3
        ],
        [
          3,
          0,
          3,
          3
        ]
      ],
      "essay_scoreT_cont": [
        [
          2,
          2,
          3,
          2
        ],
        [
          3,
          2,
          3,
          3
        ],
        [
          3,
          3,
          3,
          3
        ]
      ],
      "essay_scoreT_exp": [
        [
          3,
          2,
          2
        ],
        [
          3,
          3,
          3
        ],
        [
          3,
          3,
          3
        ]
      ]
    }
  },
  "student": {
    "date": "2021.10.31",
    "student_educated": true,
    "student_grade": "고등_1학년",
    "location": "063",
    "student_grade_group": "고등",
    "student_reading": 1
  },
  "rubric": {
    "essay_grade": "고등_1학년",
    "organization_weight": {
      "org_paragraph": 0,
      "org": 3,
      "org_essay": 6,
      "org_coherence": 3,
      "org_quantity": 1
    },
    "essay_type": "대안제시",
    "content_weight": {
      "con_clearance": 3,
      "con_novelty": 3,
      "con": 4,
      "con_prompt": 1,
      "con_description": 3
    },
    "essay_main_subject": "남녀 갈등 해결 방안",
    "expression_weight": {
      "exp_style": 4,
      "exp_grammar": 2,
      "exp_vocab": 4,
      "exp": 3
    }
  },
  "correction": [],
  "info": {
    "essay_id": "ESSAY_43953",
    "essay_prompt": " 남녀 갈등은 최근 우리 사회에서 가장 뜨거운 이슈 중 하나입니다. 이러한 갈등은 아직 간극을 좁히지 못하고 현재 사회적인 문제로 자리 잡았습니다.\n\n 군 가산점 문제, 일자리 문제 등 여러 가지 비교 자료들을 토대로 토론을 하고 이를 통해 갈등을 해결하고자 하는 노력이 이루어지고 있습니다.\n\n 과거에는 성차별 심했던 시기가 있었습니다. 여자와 남자를 구별 지어 일을 주는 경우도 많았습니다. 하지만, 현재는 여자와 남자라는 성별을 떠나서 나이, 국적을 불문하고 모두에게 평등한 기회를 주기 위해 노력하고 있습니다.\n\n 이렇게 모두의 노력에도 불구하고 아직 해결되지 않았거나 해결될 기미가 보이지 않는 양성평등 문제가 있을까요?\n\n 아주 작은 사소한 일이라도 좋습니다. 여러분이 생각하는 우리 주변의 양성평등 문제를 하나 작성해보고 어떻게 해결할 수 있을지 혹은 무엇이 바뀌어야 해결될 것 같은지 본인의 생각을 설명해주세요. ",
    "essay_type": "대안제시",
    "essay_level": "1",
    "essay_len": 812,
    "essay_main_subject": "남녀 갈등 해결 방안"
  }
}