{
  "paragraph": [
    {
      "paragraph_txt": "혐오시설이라고 불리는 쓰레기 매립장, 원자력발전소, 소각장, 유류저장소는 공공의 이익을 준다.#@문장구분# 하지만 주민들은 이러한 시설이 자신의 지역에 들어서는 것을 꺼려하는 경우가 많다.#@문장구분# 이러한 행동을 님비현상이라고 한다.#@문장구분# 님비현상에서는 지역 이기주의 현상이 나타난다는 문제점이 있다.#@문장구분# 혐오시설이 자신이 사는 지역에 들어선다면 찬성하는 사람들 보다 반대하는 사람들이 더 많을 것이다.#@문장구분# 하지만 반대하더라도 소각장, 쓰레기처리장은 쾌적한 삶을 위해서는 꼭 필요한 시설이다.#@문장구분# 서로 반대한다고 해서 건설하지 않을 수는 없다.#@문장구분# 만약 소각장과 쓰레기 처리장이 없다면 쓰레기를 처리하는데 어려움을 겪을 것이며 그에 따른 피해는 우리에게 돌아올 것이다.#@문장구분# 따라서 정부에서는 이 문제들을 해결하기 위해서 혐오시설 건설에 대한 정책들을 펼쳐야 할 것이다.#@문장구분# 혐오시설이 들어설 지역에 사는 주민들에게 그에 따른 보상을 해주는 방법이 있다.#@문장구분# 금전적으로 보상금을 지급해주는 방법이 있고 금전적이지 않더라도 더 쾌적한 삶을 누릴 수 있도록 하는 방법이 있다.#@문장구분# 혐오시설이라고 해서 없어서는 안돼므로 혐오시설을 주민들이 사는 지역과 구분하여 혐오시설을 한곳에 집중시켜서 다양하게 분포하는 방법보다 겪는 피해는 줄어들 것이라고 생각한다.#@문장구분# 소각장이나 분뇨 처리장은 주민들의 건강에 해로울 수 있다.#@문장구분# 이에 따라서 환경영향평가를 실시하여 상태를 주기적으로 관찰하며 피해를 최소화 시켜야 한다.#@문장구분# 혐오시설이 있는 지역에는 주민들이 사는 것을 꺼려할 것이다.#@문장구분# 혐오시설에 있는 주민들이 문화에 소외받지 않고 문화를 잘 누릴 수 있도록 문화시설들을 확충하는 방법도 있다.#@문장구분# 소각장에서는 쓰레기를 태워서 처리한다.#@문장구분# 쓰레기를 처리하는 방법에는 쓰레기를 태우는 방법 외에도 존재할 것이다.#@문장구분# 따라서 피해를 최소화 할 수 있는 쓰레기 처리 기술을 개발하고 적용하면 효과적일 것이라고 생각한다.#@문장구분# 주민들이 혐오시설이 들어섬에 따라서 겪는 피해에 대한 불만이 생긴다면 문제점을 파악해서 적극적으로 해결하는데 집중해야한다.#@문장구분#\n 이처럼 국가에서도 많은 노력을 기울여야 하지만 개인도 노력을 해야한다.#@문장구분# 쓰레기 처리장, 소각장등 혐오시설에 대해서 무조건 반대하고 부정적으로 생각하는 경우가 많다.#@문장구분# 자신의 편리를 위해서 서로가 반대하면 이 문제는 쉽게 해결되지 않고 앞으로 계속될 것이다.#@문장구분# 스스로 혐오시설에 대해서 어떤 생각을 가지고 있으며 너무 부정적으로만 생각하고 있지는 않은지 점검해 보는 자세도 필요하다.#@문장구분# 자신이 잘못된 생각을 가지고 있다면 지금이라도 바꿔서 앞으로를 위해 노력해야한다.#@문장구분#",
      "paragraph_len": 1736,
      "paragraph_id": "001"
    }
  ],
  "score": {
    "paragraph_score": [
      {
        "paragraph_scoreT": [
          3,
          3,
          3
        ],
        "paragraph_scoreT_detail": {
          "paragraph_scoreT_exp": [
            [
              3,
              3,
              3
            ],
            [
              3,
              3,
              3
            ],
            [
              3,
              3,
              3
            ]
          ]
        },
        "paragraph_scoreT_avg": 3,
        "paragraph_id": "001"
      }
    ],
    "essay_scoreT": [
      30,
      30,
      30
    ],
    "essay_scoreT_avg": 30,
    "essay_scoreT_detail": {
      "essay_scoreT_org": [
        [
          3,
          0,
          3,
          3
        ],
        [
          3,
          0,
          3,
          3
        ],
        [
          3,
          0,
          3,
          3
        ]
      ],
      "essay_scoreT_cont": [
        [
          3,
          3,
          3,
          3
        ],
        [
          3,
          3,
          3,
          3
        ],
        [
          3,
          3,
          3,
          3
        ]
      ],
      "essay_scoreT_exp": [
        [
          3,
          3,
          3
        ],
        [
          3,
          3,
          3
        ],
        [
          3,
          3,
          3
        ]
      ]
    }
  },
  "student": {
    "date": "2021.10.22",
    "student_educated": true,
    "student_grade": "고등_1학년",
    "location": "063",
    "student_grade_group": "고등",
    "student_reading": 2
  },
  "rubric": {
    "essay_grade": "고등_1학년",
    "organization_weight": {
      "org_paragraph": 0,
      "org": 3,
      "org_essay": 6,
      "org_coherence": 3,
      "org_quantity": 1
    },
    "essay_type": "대안제시",
    "content_weight": {
      "con_clearance": 3,
      "con_novelty": 3,
      "con": 4,
      "con_prompt": 1,
      "con_description": 3
    },
    "essay_main_subject": "혐오시설 건설문제에 대한 본인의 생각",
    "expression_weight": {
      "exp_style": 4,
      "exp_grammar": 2,
      "exp_vocab": 4,
      "exp": 3
    }
  },
  "correction": [],
  "info": {
    "essay_id": "ESSAY_42628",
    "essay_prompt": " 혐오 시설이란 지역 주민에게 공포감이나 고통을 주거나, 주변 지역의 쾌적성이 훼손됨으로써 집값이나 땅값이 내려가는 등 부정적인 외부효과를 유발하는 시설을 의미합니다.\n\n 대표적인 혐오 시설에는 쓰레기 매립장, 원자력발전소, 소각장, 유류저장소 등이 있습니다.\n\n 매립지, 소각장, 쓰레기 하치장 같은 혐오 시설은 그리 위험하지는 않지만, 쓰레기를 취급한다는 점에서 혐오감을 주며, 주변 환경오염 문제가 갈등을 일으킵니다. 특히 소각장은 인구밀도가 높은 대도시에 건설된다는 점에서 반대 운동이 일기도 합니다.\n\n 그런데 서로 반대만 하다 보면 입지를 찾지 못해 결국 모든 주민의 삶의 질이 저하될 수 있습니다.\n\n 정부 차원에서 가장 적절한 장소를 선별하여 건설 후 주변 사람들에게 혜택을 주는 방식이 적절한 방법일까요? 아니면 혐오 시설만을 모아둔 부지를 따로 정해서 건설해야 할까요? 아니면 모든 도시가 공평하게 혐오 시설 건설에 대한 부담을 지니고 하나씩 건설해야 할까요?\n\n 모두가 만족할만한 결과를 내기란 정말 어려운 문제이지만 여러분이 생각하는 가장 합리적이고 좋은 방법을 생각해보세요. 그리고 그 방법을 대안으로 제시하고 그 근거에 대해 작성해주세요.",
    "essay_type": "대안제시",
    "essay_level": "1",
    "essay_len": 1236,
    "essay_main_subject": "혐오시설 건설문제에 대한 본인의 생각"
  }
}