{
  "paragraph": [
    {
      "paragraph_txt": "최근 남녀 갈등은 우리 사회에서 뜨거운 이슈 중 하나입니다.#@문장구분# 남녀 갈등은 증오와 혐오로 이어지며 나아가 사회적인 문제로도 자리잡고 있습니다.#@문장구분# 우선 남녀갈등이 시작된 시발점은 2016년 5월에 있었던 '서울 강남역 살인사건'입니다.#@문장구분# 이 사건은 여자가 서로 일면식도 없었던 남자에게 무참하게 살해되었던 사건이 발생하였습니다.#@문장구분# 이 사건은 사람들이 여성혐오 범죄로 규정되며 젠더 폭력이 이슈화 되는 계기가 되었습니다.#@문장구분# 그리고 직장인 익명 어플리케이션인 '블라인드'에는 '모든 남성이 성범죄자는 아니니 남녀갈등으로 비화화지 말자'라는 내용의 글이 올라왔습니다.#@문장구분# 글은 게시가 되자마자 온라인 여론의 공분을 샀습니다.#@문장구분# '성폭행범의 거의 모든 피해자는 여성', '왜 우리는 표현을 하면 안 되냐'등의 댓글이 달리며 남성이 잠재적 성 범죄자가 되는 분위기가 만들어졌고 남성에 대한 무차별적 비난이 잇달았습니다.#@문장구분#",
      "paragraph_len": 604,
      "paragraph_id": "001"
    },
    {
      "paragraph_txt": "저는 남녀 갈등을 해결하기 위해 언론과 방송도 노력해야 한다고 생각합니다.#@문장구분# 물론 많이 노력하지만, 어떤 일부 언론, 황색 언론의 경우 아주 자극적이고 서로 화가 나게끔 기사를 씁니다.#@문장구분# 그런 것들이 젠더 갈등을 증폭시킬 수 있기 때문에 어떤 방송이라든지 이런 것들을 재점검하고, 상대 성에 대해서 비판하고 혐오하는 것이 어느 누구에게 도움 되지 않는 것 같습니다.#@문장구분# 그러니까 사실 젠더 감성은 대단히 중요한 문제인데, 그와 동시에 상대에 대해 극단적으로 배제하는 마음이 아니라 소통하려고 하는 마음 자세, 태도가 필요한 시점이라고 생각합니다.#@문장구분#",
      "paragraph_len": 381,
      "paragraph_id": "002"
    },
    {
      "paragraph_txt": " 마지막으로 너무 한쪽에만 귀를 기울이지 말자.#@문장구분# 이 말이 무엇이냐 하면 예전 시대는 남성의 말에 만 귀를 귀울였고 요즘시대에는 저러한 모습을 없애기 위하여 여성의 목소리에 귀를 기울이고 있습니다.#@문장구분# 이러한 것들 처럼 너무 한쪽의 목소리에만 귀를 기울이다 보면 언젠가는 또 남성중심, 여성중심으로 넘어갈 것입니다.#@문장구분# 그러니 사회적으로 양쪽의 목소리에 귀를 기울여 사회적 정책을 시행하는 것이 가장 좋은 방법이라 생각이 듭니다.#@문장구분#",
      "paragraph_len": 315,
      "paragraph_id": "003"
    }
  ],
  "score": {
    "paragraph_score": [
      {
        "paragraph_scoreT": [
          3,
          2.8,
          3
        ],
        "paragraph_scoreT_detail": {
          "paragraph_scoreT_exp": [
            [
              3,
              3,
              3
            ],
            [
              2,
              3,
              3
            ],
            [
              3,
              3,
              3
            ]
          ]
        },
        "paragraph_scoreT_avg": 2.9333334,
        "paragraph_id": "001"
      },
      {
        "paragraph_scoreT": [
          3,
          2.8,
          3
        ],
        "paragraph_scoreT_detail": {
          "paragraph_scoreT_exp": [
            [
              3,
              3,
              3
            ],
            [
              2,
              3,
              3
            ],
            [
              3,
              3,
              3
            ]
          ]
        },
        "paragraph_scoreT_avg": 2.9333334,
        "paragraph_id": "002"
      },
      {
        "paragraph_scoreT": [
          3,
          2.8,
          3
        ],
        "paragraph_scoreT_detail": {
          "paragraph_scoreT_exp": [
            [
              3,
              3,
              3
            ],
            [
              2,
              3,
              3
            ],
            [
              3,
              3,
              3
            ]
          ]
        },
        "paragraph_scoreT_avg": 2.9333334,
        "paragraph_id": "003"
      }
    ],
    "essay_scoreT": [
      30,
      29.4,
      29.7
    ],
    "essay_scoreT_avg": 29.700003,
    "essay_scoreT_detail": {
      "essay_scoreT_org": [
        [
          3,
          0,
          3,
          3
        ],
        [
          3,
          0,
          3,
          3
        ],
        [
          3,
          0,
          3,
          2
        ]
      ],
      "essay_scoreT_cont": [
        [
          3,
          3,
          3,
          3
        ],
        [
          3,
          3,
          3,
          3
        ],
        [
          3,
          3,
          3,
          3
        ]
      ],
      "essay_scoreT_exp": [
        [
          3,
          3,
          3
        ],
        [
          2,
          3,
          3
        ],
        [
          3,
          3,
          3
        ]
      ]
    }
  },
  "student": {
    "date": "2021.09.13",
    "student_educated": true,
    "student_grade": "고등_1학년",
    "location": "051",
    "student_grade_group": "고등",
    "student_reading": 3
  },
  "rubric": {
    "essay_grade": "고등_1학년",
    "organization_weight": {
      "org_paragraph": 0,
      "org": 3,
      "org_essay": 6,
      "org_coherence": 3,
      "org_quantity": 1
    },
    "essay_type": "대안제시",
    "content_weight": {
      "con_clearance": 3,
      "con_novelty": 3,
      "con": 4,
      "con_prompt": 1,
      "con_description": 3
    },
    "essay_main_subject": "남녀 갈등 해결 방안",
    "expression_weight": {
      "exp_style": 4,
      "exp_grammar": 2,
      "exp_vocab": 4,
      "exp": 3
    }
  },
  "correction": [],
  "info": {
    "essay_id": "ESSAY_34623",
    "essay_prompt": " 남녀 갈등은 최근 우리 사회에서 가장 뜨거운 이슈 중 하나입니다. 이러한 갈등은 아직 간극을 좁히지 못하고 현재 사회적인 문제로 자리 잡았습니다.\n\n 군 가산점 문제, 일자리 문제 등 여러 가지 비교 자료들을 토대로 토론을 하고 이를 통해 갈등을 해결하고자 하는 노력이 이루어지고 있습니다.\n\n 과거에는 성차별 심했던 시기가 있었습니다. 여자와 남자를 구별 지어 일을 주는 경우도 많았습니다. 하지만, 현재는 여자와 남자라는 성별을 떠나서 나이, 국적을 불문하고 모두에게 평등한 기회를 주기 위해 노력하고 있습니다.\n\n 이렇게 모두의 노력에도 불구하고 아직 해결되지 않았거나 해결될 기미가 보이지 않는 양성평등 문제가 있을까요?\n\n 아주 작은 사소한 일이라도 좋습니다. 여러분이 생각하는 우리 주변의 양성평등 문제를 하나 작성해보고 어떻게 해결할 수 있을지 혹은 무엇이 바뀌어야 해결될 것 같은지 본인의 생각을 설명해주세요. ",
    "essay_type": "대안제시",
    "essay_level": "1",
    "essay_len": 984,
    "essay_main_subject": "남녀 갈등 해결 방안"
  }
}