{
  "paragraph": [
    {
      "paragraph_txt": "우리 주위에 흔하지 않지만 꼭 있어야 하는 시설인 혐오시설 즉 교도소, 쓰레기 매립장 등 다양한 시설이 우리에게 존재한다.#@문장구분# 나는 이 시설을 어떻게하면 모두 공평하게 나눌 수 있을 지 생각해보았다 일단 모두가 공평하다고 생각할만큼 이 혐오시설을 나눌 수는 없다. #@문장구분#흔히 우리가 얘기하는 님비현상과 핌피현상이 있다.#@문장구분# 이 현상은 공공 목적의 혐오 시설이나 위해 시설의 설치를 반대하는 지역 주민들의 행동을 나타내는 말로 혐오시설을 자신의 거주지역에 들어서서는 안된다는 지역이기주의를 가리키는 님비현상과 산업 단지, 위락 시설, 대학교나 종합병원 등 지역의 복지 증진 및 재정 수입 증가가 예상되는 개발이나 시설의 입지를 둘러싼 지역 간의 집단적인 경쟁 현상을 말하는 핌피현상으로 나뉜다.#@문장구분# 이 현상이 나타나는 것을 보면 간단하게 생각할 수 있다.#@문장구분# \" 우린 우리 주위에 혐오시설이 오는 것을 싫어한다\" 라고. 이런 성향을 가진 우리에게 어떻게 하면 공평하게 나눌 수 있을까 ?#@문장구분# 일단 나의 생각은 이렇다,#@문장구분# 혐오시설을 설치하는 지역 주민들에게 금전적 지원을 하고 다른 지역 사람들이 부정적인 시선으로 보지 않게 디자인 등을 세련되게 디자인하여 만드는 것과 혐오시설 주위에 찜질방, 헬스장 등을 건립하는 것이다.#@문장구분# 이처럼 타지역 사람들이 하고싶어하지 않는 혐오시설을 설치하는 지역에 보상을 주면 너도 나도 할 것이라고 생각한다.#@문장구분# 예를 들자면 자신의 마을에 납골당을 건립하고 건립 기간동안 주민들에게 지원금을 주고, 납골당 주위에 지역의 복지 증진 및 재정 수입이 증가되는 헬스장, 찜질방 등을 건립하면 주민들도 정부도 모두가 만족하는 현상이 일어날 것이라고 생각한다.#@문장구분# 이 방법 중에서도 이미 시행되는 것도 있을 것이고 앞으로 시행될 것도 있다고 보고 이처럼 내가 예시를 든 해결방안을 정부가 사용한다면 우리 나라의 쓰레기 매립지, 소각장 등을 살치하는 것에 대하여 어려움을 느끼는 정부가 더욱 편하고 또 혐오시설을 관광지로 만든다면 더욱 더 그 지역은 발전할 수 있을 것이라고 생각한다.#@문장구분#",
      "paragraph_len": 1210,
      "paragraph_id": "001"
    }
  ],
  "score": {
    "paragraph_score": [
      {
        "paragraph_scoreT": [
          3,
          2.6,
          2.6
        ],
        "paragraph_scoreT_detail": {
          "paragraph_scoreT_exp": [
            [
              3,
              3,
              3
            ],
            [
              3,
              2,
              3
            ],
            [
              3,
              3,
              2
            ]
          ]
        },
        "paragraph_scoreT_avg": 2.7333333,
        "paragraph_id": "001"
      }
    ],
    "essay_scoreT": [
      27.9,
      25.5,
      28.8
    ],
    "essay_scoreT_avg": 27.4,
    "essay_scoreT_detail": {
      "essay_scoreT_org": [
        [
          2,
          0,
          3,
          2
        ],
        [
          2,
          0,
          3,
          2
        ],
        [
          3,
          0,
          3,
          3
        ]
      ],
      "essay_scoreT_cont": [
        [
          3,
          3,
          3,
          3
        ],
        [
          3,
          2,
          3,
          3
        ],
        [
          3,
          3,
          3,
          3
        ]
      ],
      "essay_scoreT_exp": [
        [
          3,
          3,
          3
        ],
        [
          3,
          2,
          3
        ],
        [
          3,
          3,
          2
        ]
      ]
    }
  },
  "student": {
    "date": "2021.12.02",
    "student_educated": true,
    "student_grade": "고등_1학년",
    "location": "041",
    "student_grade_group": "고등",
    "student_reading": 2
  },
  "rubric": {
    "essay_grade": "고등_1학년",
    "organization_weight": {
      "org_paragraph": 0,
      "org": 3,
      "org_essay": 6,
      "org_coherence": 3,
      "org_quantity": 1
    },
    "essay_type": "대안제시",
    "content_weight": {
      "con_clearance": 3,
      "con_novelty": 3,
      "con": 4,
      "con_prompt": 1,
      "con_description": 3
    },
    "essay_main_subject": "혐오시설 건설문제에 대한 본인의 생각",
    "expression_weight": {
      "exp_style": 4,
      "exp_grammar": 2,
      "exp_vocab": 4,
      "exp": 3
    }
  },
  "correction": [],
  "info": {
    "essay_id": "ESSAY_53622",
    "essay_prompt": " 혐오 시설이란 지역 주민에게 공포감이나 고통을 주거나, 주변 지역의 쾌적성이 훼손됨으로써 집값이나 땅값이 내려가는 등 부정적인 외부효과를 유발하는 시설을 의미합니다.\n\n 대표적인 혐오 시설에는 쓰레기 매립장, 원자력발전소, 소각장, 유류저장소 등이 있습니다.\n\n 매립지, 소각장, 쓰레기 하치장 같은 혐오 시설은 그리 위험하지는 않지만, 쓰레기를 취급한다는 점에서 혐오감을 주며, 주변 환경오염 문제가 갈등을 일으킵니다. 특히 소각장은 인구밀도가 높은 대도시에 건설된다는 점에서 반대 운동이 일기도 합니다.\n\n 그런데 서로 반대만 하다 보면 입지를 찾지 못해 결국 모든 주민의 삶의 질이 저하될 수 있습니다.\n\n 정부 차원에서 가장 적절한 장소를 선별하여 건설 후 주변 사람들에게 혜택을 주는 방식이 적절한 방법일까요? 아니면 혐오 시설만을 모아둔 부지를 따로 정해서 건설해야 할까요? 아니면 모든 도시가 공평하게 혐오 시설 건설에 대한 부담을 지니고 하나씩 건설해야 할까요?\n\n 모두가 만족할만한 결과를 내기란 정말 어려운 문제이지만 여러분이 생각하는 가장 합리적이고 좋은 방법을 생각해보세요. 그리고 그 방법을 대안으로 제시하고 그 근거에 대해 작성해주세요.",
    "essay_type": "대안제시",
    "essay_level": "1",
    "essay_len": 990,
    "essay_main_subject": "혐오시설 건설문제에 대한 본인의 생각"
  }
}