{
  "paragraph": [
    {
      "paragraph_txt": "나는 쓰레기 매립장, 소각장같은 혐오시설에 대하여 긍정적이지도 부정적이지도 않다.#@문장구분# 왜냐하면 우리가 살아가려면 혐오시설들이 존재 할 수밖에 없다고 생각한다.#@문장구분# 우리가 쓰레기를 조금 배출하는가?#@문장구분# 아니다 우리는 쓰레기를 지나치게 많이 배출하고 있다 우리동네에 쓰레기 매립장 소각장 같은것이 있다면 불쾌하기는 하겠지만 딱히 데모같은 반대운동 같은 반대를  할 생각은 없다.#@문장구분# 왜냐하면 위에 말했던것 처럼 우리가 쾌적하게 생활하려면 그것들이 존재해야 하기 때문이다.#@문장구분# 나는 혐오시설이 존재해야 한다고 생각한다.#@문장구분# 게속 반대만 하다보면 위에 주제에 적힌것 처럼 입지를 찾지 못해 주민들이 고통 받을 수도 있다.#@문장구분#그래서 내가 생각 해본 대안에는 2가지가 있는데 첫번째 대안은 모든 주민이 그냥 납득하고 혐오시설을 건설 하는 것이다.#@문장구분# 우리가 살아가는데 필요한 시설이기에 모든 주민들이 납득 하고  혐오시설을 건설 할 수밖에 없다.#@문장구분# 두번째 대안은 대한민국 주위에는 이름 모를 섬들이 제법 많다.#@문장구분#그 섬들중 몇개의 섬을 골라서 혐오시설을 제작하는 것이다.#@문장구분# 내 대안에 혼란을 일으킬수도 있을것 같은대 섬 주위에 바다에 버리지 않고 섬에서 처리하는게 좋다고 생각한다.#@문장구분# 대한민국 주위에 이름모를 섬들에 사람들이 거주 하고 있을때에는 나라에서 돈을 지원해 주어서 우리나라에 살수 있게 해주는 것이 좋을것 같다.#@문장구분# 그리고 우리나라 주위의 섬으로 어떻게 옮길 꺼냐면 만약 쓰레기 매립지나 소각장을 건설 한다면 모아온 쓰레기를 배나 비행기에 모아서 섬으로 보내는 방법이 있다.#@문장구분# 섬들은 제주도와 비슷할테니  배로는 대충 3~4시간밖에 소요 되지 않을것이고 비행기는 30분 정도밖에 걸리지 않을것이다.#@문장구분# 이렇게 문제해결 대안을 2가지를 내세워 보았다.#@문장구분#",
      "paragraph_len": 1161,
      "paragraph_id": "001"
    }
  ],
  "score": {
    "paragraph_score": [
      {
        "paragraph_scoreT": [
          2,
          3,
          2.6
        ],
        "paragraph_scoreT_detail": {
          "paragraph_scoreT_exp": [
            [
              2,
              2,
              2
            ],
            [
              3,
              3,
              3
            ],
            [
              3,
              3,
              2
            ]
          ]
        },
        "paragraph_scoreT_avg": 2.5333333,
        "paragraph_id": "001"
      }
    ],
    "essay_scoreT": [
      18,
      27.5,
      20.199999
    ],
    "essay_scoreT_avg": 21.9,
    "essay_scoreT_detail": {
      "essay_scoreT_org": [
        [
          2,
          0,
          2,
          2
        ],
        [
          3,
          0,
          2,
          3
        ],
        [
          3,
          0,
          3,
          1
        ]
      ],
      "essay_scoreT_cont": [
        [
          2,
          1,
          0,
          2
        ],
        [
          3,
          2,
          2,
          3
        ],
        [
          1,
          1,
          1,
          1
        ]
      ],
      "essay_scoreT_exp": [
        [
          2,
          2,
          2
        ],
        [
          3,
          3,
          3
        ],
        [
          3,
          3,
          2
        ]
      ]
    }
  },
  "student": {
    "date": "2021.09.02",
    "student_educated": true,
    "student_grade": "고등_1학년",
    "location": "051",
    "student_grade_group": "고등",
    "student_reading": 2
  },
  "rubric": {
    "essay_grade": "고등_1학년",
    "organization_weight": {
      "org_paragraph": 0,
      "org": 3,
      "org_essay": 6,
      "org_coherence": 3,
      "org_quantity": 1
    },
    "essay_type": "대안제시",
    "content_weight": {
      "con_clearance": 3,
      "con_novelty": 3,
      "con": 4,
      "con_prompt": 1,
      "con_description": 3
    },
    "essay_main_subject": "혐오시설 건설문제에 대한 본인의 생각",
    "expression_weight": {
      "exp_style": 4,
      "exp_grammar": 2,
      "exp_vocab": 4,
      "exp": 3
    }
  },
  "correction": [],
  "info": {
    "essay_id": "ESSAY_34036",
    "essay_prompt": " 혐오 시설이란 지역 주민에게 공포감이나 고통을 주거나, 주변 지역의 쾌적성이 훼손됨으로써 집값이나 땅값이 내려가는 등 부정적인 외부효과를 유발하는 시설을 의미합니다.\n\n 대표적인 혐오 시설에는 쓰레기 매립장, 원자력발전소, 소각장, 유류저장소 등이 있습니다.\n\n 매립지, 소각장, 쓰레기 하치장 같은 혐오 시설은 그리 위험하지는 않지만, 쓰레기를 취급한다는 점에서 혐오감을 주며, 주변 환경오염 문제가 갈등을 일으킵니다. 특히 소각장은 인구밀도가 높은 대도시에 건설된다는 점에서 반대 운동이 일기도 합니다.\n\n 그런데 서로 반대만 하다 보면 입지를 찾지 못해 결국 모든 주민의 삶의 질이 저하될 수 있습니다.\n\n 정부 차원에서 가장 적절한 장소를 선별하여 건설 후 주변 사람들에게 혜택을 주는 방식이 적절한 방법일까요? 아니면 혐오 시설만을 모아둔 부지를 따로 정해서 건설해야 할까요? 아니면 모든 도시가 공평하게 혐오 시설 건설에 대한 부담을 지니고 하나씩 건설해야 할까요?\n\n 모두가 만족할만한 결과를 내기란 정말 어려운 문제이지만 여러분이 생각하는 가장 합리적이고 좋은 방법을 생각해보세요. 그리고 그 방법을 대안으로 제시하고 그 근거에 대해 작성해주세요.",
    "essay_type": "대안제시",
    "essay_level": "1",
    "essay_len": 842,
    "essay_main_subject": "혐오시설 건설문제에 대한 본인의 생각"
  }
}