{
  "paragraph": [
    {
      "paragraph_txt": "오늘날 우리나라에서는 사소한 것부터 중대한 것까지 남녀 차별 및 갈등으로 이어지는 경우가 많다.#@문장구분# 우리나라에서 이렇게 왜 남녀 갈등이 극심해진 원인과 그에 대한 개선 방안을 알아보자.#@문장구분#\n   첫 번째 원인으로 남녀 간의 고용 성차별이 있다.#@문장구분# 우리나라는 1990년대 이후 산업화를 통한 경제구조의 확대에 따라 여성의 경제참가율이 증가하였다.#@문장구분# 그러나 '여성들은 일을 잘 하지 못한다.'라는 인식과 '남성 우대 채용'이라는 근거로 고용 성차별을 당했다고 주장한다.#@문장구분# 그것과 반대로 남성들도 고용 성차별에 시달리고 있다.#@문장구분# 예로 들어 여성 할당제가 있다.#@문장구분# 두 번째 원인으로는 여고, 남고, 여대, 군대 등등 남녀 분리교육이 있다.#@문장구분# 그로 \n 인해 공동체 간의 소통이 부족해지고 서로를 이해하지 못하는 경우가 있다.#@문장구분#\n   세 번째 원인으로 재산권 상속권이 장남에게 독점 및 집중된 현상은 유교문화가 우리나라 사상에 뿌려 놓은 대표적인 악습항목으로 꼽힌다.#@문장구분# 한 여성학자는 공적 영역에서 여성 참가율이 외국에 비해 훨씬 더 떨어지는 점을 예로 들어 한국 사회가 여전히 유교문화로 인한 성차별도 심각하다.#@문장구분# 온라인 상에서 '특정 손동작을 두고 남성혐오 인지를 따지는가 하면', '성범죄에 대해 남자여, '성범죄에 대해 남자였으면 차별이 심했을 것이다.' 등의 사회에서 논란이 되고 있는 사건은 퍼 날라 처벌의 공정성을 따지는 등이다.#@문장구분#\n   먼저 남녀 간의 고용 성차별에 대한 개선방안으로는 고용에서 성차별이 일어나지 않도록 공공 기관과 적극적 고용조치 미이행 기업을 대상으로 성 평등 교육을 촉진하고 평등한 고용 제도를 활성화 해야 한다.#@문장구분#\n   두 번째, 공동체 간의 소통 부족을 해결하기 위해서는 남녀공학 학교를 늘리는 등 남녀 간의 소통을 활성화시켜 이러한 남녀간의 소통 부족으로 인한 갈등이 사라지도록 해야한다.#@문장구분# 물론 남녀공학에서 남학생과 여학생이 서로 학업 집중을 반대하는 등 단점이 있긴 하지만 남학교, 여학교를 나누는 것은 거로를 통해 배우는 것과 협력하는 것을 막는 것이다고 또한, 학생들의 미래를 생각하면 이성과 교제하는 등, 사회성을 증가시키는 것도 중요하기 때문에 남녀공학 학교를 늘리는 것이 좋다고 생각한다.#@문장구분# 따라서 이러한 다른 공동체 간의 소통을 막는 벽을 없애야 한다.#@문장구분# 마지막으로, 세 번째 원인을 해결하기 위해서는 우리 서로가 서로의 성에 대해 이해와 인정이 필요하고 성에 대한 차이와 차별을 잘 구분해야 할 것이다.#@문장구분# 또한, 언론 방송에서는 특정한 성별에 치우치지 않고 중립적인 태도를 유지해야 할 것이며 양성평등에 대한 교육을 실시하고 왜곡된 성모습을 양산하는 매체를 개선해야 할 것이다.#@문장구분# 양성평등에 대한 교육을 실시하고 왜곡된 성모습을 양산하는 매체를 개선해야 할 것이다.#@문장구분# 마지막으로, 지금까지 우리는 남녀 간의 성차별에 대해 분석하고 이에 대한 해결방안으로 고용조치 미이행 기업을 대상으로 성 평등 교육을 촉진, 남녀공학 학교를 늘리기, 성에 대한 차이와 차별을 잘 구분해야 한다를 제시하였다.#@문장구분# 남녀 갈등을 근본적으로 해결하기 위해서는 서로의 성에대한 이해와 존중이 필요하다.#@문장구분# 그러므로 이해와 존중의 마음으로 '성차이'와 '성차별'을 구분하는 노력을 하자.#@문장구분#",
      "paragraph_len": 1986,
      "paragraph_id": "001"
    }
  ],
  "score": {
    "paragraph_score": [
      {
        "paragraph_scoreT": [
          3,
          3,
          3
        ],
        "paragraph_scoreT_detail": {
          "paragraph_scoreT_exp": [
            [
              3,
              3,
              3
            ],
            [
              3,
              3,
              3
            ],
            [
              3,
              3,
              3
            ]
          ]
        },
        "paragraph_scoreT_avg": 3,
        "paragraph_id": "001"
      }
    ],
    "essay_scoreT": [
      30,
      30,
      30
    ],
    "essay_scoreT_avg": 30,
    "essay_scoreT_detail": {
      "essay_scoreT_org": [
        [
          3,
          0,
          3,
          3
        ],
        [
          3,
          0,
          3,
          3
        ],
        [
          3,
          0,
          3,
          3
        ]
      ],
      "essay_scoreT_cont": [
        [
          3,
          3,
          3,
          3
        ],
        [
          3,
          3,
          3,
          3
        ],
        [
          3,
          3,
          3,
          3
        ]
      ],
      "essay_scoreT_exp": [
        [
          3,
          3,
          3
        ],
        [
          3,
          3,
          3
        ],
        [
          3,
          3,
          3
        ]
      ]
    }
  },
  "student": {
    "date": "2021.11.19",
    "student_educated": true,
    "student_grade": "고등_1학년",
    "location": "051",
    "student_grade_group": "고등",
    "student_reading": 1
  },
  "rubric": {
    "essay_grade": "고등_1학년",
    "organization_weight": {
      "org_paragraph": 0,
      "org": 3,
      "org_essay": 6,
      "org_coherence": 3,
      "org_quantity": 1
    },
    "essay_type": "대안제시",
    "content_weight": {
      "con_clearance": 3,
      "con_novelty": 3,
      "con": 4,
      "con_prompt": 1,
      "con_description": 3
    },
    "essay_main_subject": "남녀 갈등 해결 방안",
    "expression_weight": {
      "exp_style": 4,
      "exp_grammar": 2,
      "exp_vocab": 4,
      "exp": 3
    }
  },
  "correction": [],
  "info": {
    "essay_id": "ESSAY_48464",
    "essay_prompt": " 남녀 갈등은 최근 우리 사회에서 가장 뜨거운 이슈 중 하나입니다. 이러한 갈등은 아직 간극을 좁히지 못하고 현재 사회적인 문제로 자리 잡았습니다.\n\n 군 가산점 문제, 일자리 문제 등 여러 가지 비교 자료들을 토대로 토론을 하고 이를 통해 갈등을 해결하고자 하는 노력이 이루어지고 있습니다.\n\n 과거에는 성차별 심했던 시기가 있었습니다. 여자와 남자를 구별 지어 일을 주는 경우도 많았습니다. 하지만, 현재는 여자와 남자라는 성별을 떠나서 나이, 국적을 불문하고 모두에게 평등한 기회를 주기 위해 노력하고 있습니다.\n\n 이렇게 모두의 노력에도 불구하고 아직 해결되지 않았거나 해결될 기미가 보이지 않는 양성평등 문제가 있을까요?\n\n 아주 작은 사소한 일이라도 좋습니다. 여러분이 생각하는 우리 주변의 양성평등 문제를 하나 작성해보고 어떻게 해결할 수 있을지 혹은 무엇이 바뀌어야 해결될 것 같은지 본인의 생각을 설명해주세요. ",
    "essay_type": "대안제시",
    "essay_level": "1",
    "essay_len": 1546,
    "essay_main_subject": "남녀 갈등 해결 방안"
  }
}