{
  "paragraph": [
    {
      "paragraph_txt": "최근 혐오시설에 관한 문제가 많다.#@문장구분# 혐오시설이란 지역 주민에게 공포감이나 고통을 주거나, 주변 지역의 쾌적성이 훼손됨으로써 부정적인 외부효과를 유발하는 시설을 말한다.#@문장구분# 대표적으로는 쓰레기 매립장이나 소각장 같은 경우에는 그리 위험하지는 않지만 쓰레기를 취급한다는 점에서 혐오감을 주고 각종 환경오염 문제를 일으킬 수 있기 때문에 보통 혐오시설이 설치된 지역에는 나라에서 지원금을 지원해 보상을 한다.#@문장구분# 하지만 이런 보상절차에서 문제가 생겨 논란이다.#@문장구분#",
      "paragraph_len": 330,
      "paragraph_id": "001"
    },
    {
      "paragraph_txt": " 지난 2019년 전북 전주시에서 혐오시설과 관련한 지원금 지원절차 중 문제가 생겼다.#@문장구분# 위 지원금은 전주시가 아닌 주민 대표들이 모여 만들어진 주민지원 협의체에서 지원금을 횡령하고 갑질을 하기도 한 것이다.#@문장구분# 이는 지원금 배분 권한이 협의체에게만 있기 때문에 전주시도 어찌하지 못해 빚어진 문제이다.#@문장구분# 이러한 문제 상황을 해결하기 위해 앞으로의 대안 세 가지를 준비해보았다.#@문장구분#",
      "paragraph_len": 287,
      "paragraph_id": "002"
    },
    {
      "paragraph_txt": " 첫째로 지원금 배분권한을 시와 협의체에서 나눠가지는 것이다.#@문장구분# 협의체는 주민 대표들이 모여 만들어진 단체라 권한을 독식할 경우 이렇게 문제를 일으킬 가능성이 다분한 것이다. #@문장구분#시와 권한을 나누면 시에서 이러한 문제들을 막아줄 수 있기 때문에 해결이 될 것이다.#@문장구분#",
      "paragraph_len": 204,
      "paragraph_id": "003"
    },
    {
      "paragraph_txt": " 두 번째로는 정부 자체로 지원금을 배분하는 것이다.#@문장구분# 첫 번째 방법보다 번거롭기는 하겠지만 제일 문제가 안 일어날 수 있는 상황이다.#@문장구분# 필요한 배분은 혐오시설과 가깝거나 혐오시설로 인한 피해를 가장 많이 받는 시설이나 개인 순으로 지급하면 될 것이다.#@문장구분#",
      "paragraph_len": 199,
      "paragraph_id": "004"
    },
    {
      "paragraph_txt": " 세 번째는 근본적으로 횡령이나 갑질 자체를 막는 것이다.#@문장구분# 관련 법을 개정해 처벌을 강화하고 감사의 수준을 높이며 감사를 더욱 자주 하는 것으로 막을 수 있다.#@문장구분# 횡령이나 갑질 문제는 이 문제에서만 일어나는 일이 아니기 때문에 이로인해 더욱 갑질이나 횡령이 줄어들 수 있다.#@문장구분#",
      "paragraph_len": 212,
      "paragraph_id": "005"
    }
  ],
  "score": {
    "paragraph_score": [
      {
        "paragraph_scoreT": [
          3,
          3,
          2.2
        ],
        "paragraph_scoreT_detail": {
          "paragraph_scoreT_exp": [
            [
              3,
              3,
              3
            ],
            [
              3,
              3,
              3
            ],
            [
              3,
              2,
              2
            ]
          ]
        },
        "paragraph_scoreT_avg": 2.7333333,
        "paragraph_id": "001"
      },
      {
        "paragraph_scoreT": [
          3,
          3,
          2.6
        ],
        "paragraph_scoreT_detail": {
          "paragraph_scoreT_exp": [
            [
              3,
              3,
              3
            ],
            [
              3,
              3,
              3
            ],
            [
              3,
              3,
              2
            ]
          ]
        },
        "paragraph_scoreT_avg": 2.8666668,
        "paragraph_id": "002"
      },
      {
        "paragraph_scoreT": [
          3,
          3,
          2.6
        ],
        "paragraph_scoreT_detail": {
          "paragraph_scoreT_exp": [
            [
              3,
              3,
              3
            ],
            [
              3,
              3,
              3
            ],
            [
              3,
              3,
              2
            ]
          ]
        },
        "paragraph_scoreT_avg": 2.8666668,
        "paragraph_id": "003"
      },
      {
        "paragraph_scoreT": [
          3,
          3,
          2.8
        ],
        "paragraph_scoreT_detail": {
          "paragraph_scoreT_exp": [
            [
              3,
              3,
              3
            ],
            [
              3,
              3,
              3
            ],
            [
              2,
              3,
              3
            ]
          ]
        },
        "paragraph_scoreT_avg": 2.9333334,
        "paragraph_id": "004"
      },
      {
        "paragraph_scoreT": [
          3,
          3,
          3
        ],
        "paragraph_scoreT_detail": {
          "paragraph_scoreT_exp": [
            [
              3,
              3,
              3
            ],
            [
              3,
              3,
              3
            ],
            [
              3,
              3,
              3
            ]
          ]
        },
        "paragraph_scoreT_avg": 3,
        "paragraph_id": "005"
      }
    ],
    "essay_scoreT": [
      22.9,
      26.9,
      24.6
    ],
    "essay_scoreT_avg": 24.800001,
    "essay_scoreT_detail": {
      "essay_scoreT_org": [
        [
          2,
          0,
          2,
          3
        ],
        [
          2,
          0,
          2,
          3
        ],
        [
          2,
          0,
          3,
          3
        ]
      ],
      "essay_scoreT_cont": [
        [
          2,
          2,
          1,
          2
        ],
        [
          3,
          3,
          2,
          3
        ],
        [
          3,
          2,
          3,
          2
        ]
      ],
      "essay_scoreT_exp": [
        [
          3,
          3,
          3
        ],
        [
          3,
          3,
          3
        ],
        [
          3,
          2,
          3
        ]
      ]
    }
  },
  "student": {
    "date": "2021.09.07",
    "student_educated": true,
    "student_grade": "고등_1학년",
    "location": "051",
    "student_grade_group": "고등",
    "student_reading": 2
  },
  "rubric": {
    "essay_grade": "고등_1학년",
    "organization_weight": {
      "org_paragraph": 0,
      "org": 3,
      "org_essay": 6,
      "org_coherence": 3,
      "org_quantity": 1
    },
    "essay_type": "대안제시",
    "content_weight": {
      "con_clearance": 3,
      "con_novelty": 3,
      "con": 4,
      "con_prompt": 1,
      "con_description": 3
    },
    "essay_main_subject": "혐오시설 건설문제에 대한 본인의 생각",
    "expression_weight": {
      "exp_style": 4,
      "exp_grammar": 2,
      "exp_vocab": 4,
      "exp": 3
    }
  },
  "correction": [],
  "info": {
    "essay_id": "ESSAY_33827",
    "essay_prompt": " 혐오 시설이란 지역 주민에게 공포감이나 고통을 주거나, 주변 지역의 쾌적성이 훼손됨으로써 집값이나 땅값이 내려가는 등 부정적인 외부효과를 유발하는 시설을 의미합니다.\n\n 대표적인 혐오 시설에는 쓰레기 매립장, 원자력발전소, 소각장, 유류저장소 등이 있습니다.\n\n 매립지, 소각장, 쓰레기 하치장 같은 혐오 시설은 그리 위험하지는 않지만, 쓰레기를 취급한다는 점에서 혐오감을 주며, 주변 환경오염 문제가 갈등을 일으킵니다. 특히 소각장은 인구밀도가 높은 대도시에 건설된다는 점에서 반대 운동이 일기도 합니다.\n\n 그런데 서로 반대만 하다 보면 입지를 찾지 못해 결국 모든 주민의 삶의 질이 저하될 수 있습니다.\n\n 정부 차원에서 가장 적절한 장소를 선별하여 건설 후 주변 사람들에게 혜택을 주는 방식이 적절한 방법일까요? 아니면 혐오 시설만을 모아둔 부지를 따로 정해서 건설해야 할까요? 아니면 모든 도시가 공평하게 혐오 시설 건설에 대한 부담을 지니고 하나씩 건설해야 할까요?\n\n 모두가 만족할만한 결과를 내기란 정말 어려운 문제이지만 여러분이 생각하는 가장 합리적이고 좋은 방법을 생각해보세요. 그리고 그 방법을 대안으로 제시하고 그 근거에 대해 작성해주세요.",
    "essay_type": "대안제시",
    "essay_level": "1",
    "essay_len": 901,
    "essay_main_subject": "혐오시설 건설문제에 대한 본인의 생각"
  }
}