{
  "paragraph": [
    {
      "paragraph_txt": "바뀌어 가고있는 우리사회에서 남녀차별이라는 말은 조선시대 이후에 사라졌어야되는 말이라고 생각한다.#@문장구분# 남녀차별을 할 때 꼭 여자만 차별 받고 있다고 생각하면 안 된다.#@문장구분# 남자도 \"남자는 힘이 세기 때문에 군대에 가야한다\" 그리고 \"남자는 힘이 든 일만 해야지.\"라고 잘못된 생각은 가질 수 있기 때문이다.#@문장구분# 하지만 내가 꼭 여자라고 해서 여자 편을 드는 것만은 아니지만 현대사회 에서는 남자보다는 여자가 더 차별 받고 있다고 생각한다.#@문장구분# 여자는 \"왜 여자만 꼭 아기를 낳아야 되나요?\"라는 말도 있고 여자보다는 남자가 취직률도 더 높기 때문이다.#@문장구분# 그래도 사람들이 남녀차별을 \"차이다.\", 차별이다,\" 라는 말은 하지도 생각하지도 말아야 될 것이라고 생각한다.#@문장구분# 이런 내 의견에 찬성이라도 하듯이 한 TV프로그램에서는 주로 여자가 하는 손톱메이크업을 남자가 하고 있었다.#@문장구분# 사실은 나도'남자라서 정교함이 별로 없을 것 같은데 잘 될까??'라고 생각했다.#@문장구분# 하지만 나는 금세 '내가 바보였구나.'라고 생각했다.#@문장구분# 그 남자는 여자처럼 아니 여자보다도 더 잘하고 있었기 때문이다.#@문장구분# 처음엔 나처럼 '잘될까??\"라고 걱정하는 듯한 사람들도 금세 환한 얼굴로 변하였다.#@문장구분# 이렇게 남자도 얼마든지 여자의 직업을 할 수 있고 여자도 얼마든지 남자의 직업을 할 수 있다는 것을 다시 한번 깨닫게 해준 또 한번의 계기가 된 것이 같다. #@문장구분#이렇게 우리는 양성평등의 곁으로 다가가고 있다.#@문장구분# 하지만 어서 빨리 남녀 차별이 사라졌으면 한다. #@문장구분#그런 사회가 오면 우리 모두 행복하고 잘 살수 있을텐데 정말 아쉽다.#@문장구분# 남녀 서로 사랑하고 행복하게 지내는 사회가 오기를 나는 계속 빌고 있다.#@문장구분#",
      "paragraph_len": 1124,
      "paragraph_id": "001"
    }
  ],
  "score": {
    "paragraph_score": [
      {
        "paragraph_scoreT": [
          2.6,
          3,
          2.8
        ],
        "paragraph_scoreT_detail": {
          "paragraph_scoreT_exp": [
            [
              3,
              3,
              2
            ],
            [
              3,
              3,
              3
            ],
            [
              2,
              3,
              3
            ]
          ]
        },
        "paragraph_scoreT_avg": 2.8,
        "paragraph_id": "001"
      }
    ],
    "essay_scoreT": [
      22.9,
      28.4,
      26.599998
    ],
    "essay_scoreT_avg": 25.966665,
    "essay_scoreT_detail": {
      "essay_scoreT_org": [
        [
          3,
          0,
          3,
          2
        ],
        [
          3,
          0,
          3,
          3
        ],
        [
          3,
          0,
          3,
          3
        ]
      ],
      "essay_scoreT_cont": [
        [
          1,
          2,
          1,
          2
        ],
        [
          3,
          2,
          2,
          3
        ],
        [
          3,
          2,
          2,
          2
        ]
      ],
      "essay_scoreT_exp": [
        [
          3,
          3,
          2
        ],
        [
          3,
          3,
          3
        ],
        [
          2,
          3,
          3
        ]
      ]
    }
  },
  "student": {
    "date": "2021.12.13",
    "student_educated": true,
    "student_grade": "고등_1학년",
    "location": "063",
    "student_grade_group": "고등",
    "student_reading": 2
  },
  "rubric": {
    "essay_grade": "고등_1학년",
    "organization_weight": {
      "org_paragraph": 0,
      "org": 3,
      "org_essay": 6,
      "org_coherence": 3,
      "org_quantity": 1
    },
    "essay_type": "대안제시",
    "content_weight": {
      "con_clearance": 3,
      "con_novelty": 3,
      "con": 4,
      "con_prompt": 1,
      "con_description": 3
    },
    "essay_main_subject": "남녀 갈등 해결 방안",
    "expression_weight": {
      "exp_style": 4,
      "exp_grammar": 2,
      "exp_vocab": 4,
      "exp": 3
    }
  },
  "correction": [],
  "info": {
    "essay_id": "ESSAY_62447",
    "essay_prompt": " 남녀 갈등은 최근 우리 사회에서 가장 뜨거운 이슈 중 하나입니다. 이러한 갈등은 아직 간극을 좁히지 못하고 현재 사회적인 문제로 자리 잡았습니다.\n\n 군 가산점 문제, 일자리 문제 등 여러 가지 비교 자료들을 토대로 토론을 하고 이를 통해 갈등을 해결하고자 하는 노력이 이루어지고 있습니다.\n\n 과거에는 성차별 심했던 시기가 있었습니다. 여자와 남자를 구별 지어 일을 주는 경우도 많았습니다. 하지만, 현재는 여자와 남자라는 성별을 떠나서 나이, 국적을 불문하고 모두에게 평등한 기회를 주기 위해 노력하고 있습니다.\n\n 이렇게 모두의 노력에도 불구하고 아직 해결되지 않았거나 해결될 기미가 보이지 않는 양성평등 문제가 있을까요?\n\n 아주 작은 사소한 일이라도 좋습니다. 여러분이 생각하는 우리 주변의 양성평등 문제를 하나 작성해보고 어떻게 해결할 수 있을지 혹은 무엇이 바뀌어야 해결될 것 같은지 본인의 생각을 설명해주세요. ",
    "essay_type": "대안제시",
    "essay_level": "1",
    "essay_len": 804,
    "essay_main_subject": "남녀 갈등 해결 방안"
  }
}