{
  "paragraph": [
    {
      "paragraph_txt": "고속인터넷과 다양한 인터넷 서비스가 등장하면서 온라인에서의 표현의 자유를 보장받게 되었다.#@문장구분# 그러나 역으로 쉽게 혐오표현이 개인 미디어와 sns로 전파되며 사회적으로 큰 문제가 되고 있다.#@문장구분# 사람들도 인터넷에서 익명성의 뒤에 숨어 남과 집단을 상처주는 혐오표현을 통해 자신의 분노를 표출하고 있다.#@문장구분# 요즘은 혐오표현을 유행어처럼 받아들이며 무비판적으로 사용하고 있어 더욱 심각하다.#@문장구분# 뿐만 아니라 코로나로 오프라인 만남이 힘들어 인터넷 사용 시간이 증가한 요즘 예민한 문제인 남녀갈등에 대해 하나의 혐오문화가 생겨나고 있다.#@문장구분# 이를 해결하기 위해서는 사회적, 제도적인 방안이 필요하다.#@문장구분# 첫째, 학생들에게 관련 교육을 제공하는 것이다.#@문장구분# 학교에서 혐오표현 관련 수업을 들으며 일상생활 속 혐오표현들의 존재를 깨닫고 성찰하게 된 나로서는 이 방법이 어린 학생들에게 매우 유용하다고 생각한다.#@문장구분# 인터넷 접근성이 높아지며 인터넷 사용 연령층이 낮아지고 있어 청소년들이 혐오표현에 무방비하게 노출되고 있다.#@문장구분# 교육을 통해 이를 막지 않는다면 그들은 남녀갈등 문제를 혐오표현에 얼룩진 채로 바라보게 될 것이다.#@문장구분# 둘째, 커뮤니티 게시판이나 기사의 댓글에 적용되는 규제 기준을 보다 엄격히 하는 것이다.#@문장구분# 새로 생겨나는 혐오표현이 무엇이 있는지 재빠르게 확인하고 남을 비방하는 댓글은 블라인드 처리를 하는 등의 조치를 취하는 것이다.#@문장구분# 셋째, 영상플랫폼의 혐오표현 규제를 법으로 의무화하는 것이다.#@문장구분# 대표적인 영상플랫폼 중 하나인 유튜브는 한국 방송 심의위원회에서 권고한 사항의 대부분을 시정하고 있지 않다.#@문장구분# 유튜브에게 그를 시행하게 하도록 규제하는 사항이 없기 때문이다.#@문장구분# 동영상으로 세상을 더욱 자주 접하고 있는 지금 영상플랫폼의 자율 규제에만 전적으로 의존하고 있는 것은 혐오표현 문제를 방관하는 것이나 다름없다고 볼 수 있다.#@문장구분#",
      "paragraph_len": 1214,
      "paragraph_id": "001"
    }
  ],
  "score": {
    "paragraph_score": [
      {
        "paragraph_scoreT": [
          3,
          3,
          3
        ],
        "paragraph_scoreT_detail": {
          "paragraph_scoreT_exp": [
            [
              3,
              3,
              3
            ],
            [
              3,
              3,
              3
            ],
            [
              3,
              3,
              3
            ]
          ]
        },
        "paragraph_scoreT_avg": 3,
        "paragraph_id": "001"
      }
    ],
    "essay_scoreT": [
      21.699999,
      29.6,
      30
    ],
    "essay_scoreT_avg": 27.1,
    "essay_scoreT_detail": {
      "essay_scoreT_org": [
        [
          2,
          0,
          2,
          3
        ],
        [
          3,
          0,
          3,
          3
        ],
        [
          3,
          0,
          3,
          3
        ]
      ],
      "essay_scoreT_cont": [
        [
          1,
          2,
          1,
          2
        ],
        [
          3,
          3,
          2,
          3
        ],
        [
          3,
          3,
          3,
          3
        ]
      ],
      "essay_scoreT_exp": [
        [
          3,
          3,
          3
        ],
        [
          3,
          3,
          3
        ],
        [
          3,
          3,
          3
        ]
      ]
    }
  },
  "student": {
    "date": "2021.12.15",
    "student_educated": true,
    "student_grade": "고등_1학년",
    "location": "063",
    "student_grade_group": "고등",
    "student_reading": 2
  },
  "rubric": {
    "essay_grade": "고등_1학년",
    "organization_weight": {
      "org_paragraph": 0,
      "org": 3,
      "org_essay": 6,
      "org_coherence": 3,
      "org_quantity": 1
    },
    "essay_type": "대안제시",
    "content_weight": {
      "con_clearance": 3,
      "con_novelty": 3,
      "con": 4,
      "con_prompt": 1,
      "con_description": 3
    },
    "essay_main_subject": "남녀 갈등 해결 방안",
    "expression_weight": {
      "exp_style": 4,
      "exp_grammar": 2,
      "exp_vocab": 4,
      "exp": 3
    }
  },
  "correction": [],
  "info": {
    "essay_id": "ESSAY_62451",
    "essay_prompt": " 남녀 갈등은 최근 우리 사회에서 가장 뜨거운 이슈 중 하나입니다. 이러한 갈등은 아직 간극을 좁히지 못하고 현재 사회적인 문제로 자리 잡았습니다.\n\n 군 가산점 문제, 일자리 문제 등 여러 가지 비교 자료들을 토대로 토론을 하고 이를 통해 갈등을 해결하고자 하는 노력이 이루어지고 있습니다.\n\n 과거에는 성차별 심했던 시기가 있었습니다. 여자와 남자를 구별 지어 일을 주는 경우도 많았습니다. 하지만, 현재는 여자와 남자라는 성별을 떠나서 나이, 국적을 불문하고 모두에게 평등한 기회를 주기 위해 노력하고 있습니다.\n\n 이렇게 모두의 노력에도 불구하고 아직 해결되지 않았거나 해결될 기미가 보이지 않는 양성평등 문제가 있을까요?\n\n 아주 작은 사소한 일이라도 좋습니다. 여러분이 생각하는 우리 주변의 양성평등 문제를 하나 작성해보고 어떻게 해결할 수 있을지 혹은 무엇이 바뀌어야 해결될 것 같은지 본인의 생각을 설명해주세요. ",
    "essay_type": "대안제시",
    "essay_level": "1",
    "essay_len": 895,
    "essay_main_subject": "남녀 갈등 해결 방안"
  }
}