{
  "paragraph": [
    {
      "paragraph_txt": "요즈음 사회에서 남녀 갈등이 심화되고 있다.#@문장구분# 이 문제는 정치 뿐 아니라 연예계, 스포츠, SNS 등 우리 생활의 모든 부분에서 일어나고 있는데 최근 그 문제가 더욱 심각해지며 많은 사람들이 고통받고 있다.#@문장구분# 특히 SNS에서 주로 발생하는 불씨는 미디어에 노출되는 연예인과 스포츠 선수 등 에게 엄청난 고통을 안겨주었다.#@문장구분# 익명의 소통 공간에서 일명 남혐, 여혐이라는 단어 아래 서로의 성별을 논하며 서로를 혐오하는 이 문제는 특정 네이트판 뿐만 아니라 일반인들도 쉽게 사용할 수 있는 유튜브, 인스타, 페북 등으로 퍼지면서 더욱 문제가 심화되었다.#@문장구분# ",
      "paragraph_len": 385,
      "paragraph_id": "001"
    },
    {
      "paragraph_txt": " 이 사태를 해결하기 위해서는 강압적인 방법으로 제지하기 보단 올바른 사고방식을 가진 사람의 유입을 늘리는 방법이 좋다고 생각한다.#@문장구분# 억지로 네이트판과 소통창을 막고 제지하는 방법을 사용한다면 당시에는 개선된 것 처럼 보일 수 있다.#@문장구분# 하지만 그러한 싸이트는 온라인에서 계속해서 생성될 것이며 오히려 그들의 반발심을 자극하는 계기가 될 수 있다.#@문장구분# 이럴 경우 정치문제등 2차, 3차 문제로 까지 퍼질 우려가 있기 때문에 강압적인 억압방식은 좋지않다고 셍각한다.#@문장구분# 그렇다고 유하게 사람들을 설득하는 방법을 사용하는 경우도 결코 좋은 결과를 얻기 어려울 가능성이 높다.#@문장구분# 설득을 통한 방법은 각 분야의 전문가가 1:1로 상담을 하는 경우에도 한 사람의 마인드를 바꾸기는 쉽지 않다 그런데 1:1도 아닌 같은 생각으로 뭉친 다수의 사람들을 웹상으로 설득하기란 사실 불가능에 가깝다고 볼 수 있다#@문장구분#. 우리가 지금 가장 효과적으로 이 문제를 해결할 수 있는 방법은 SNS를 개선하는 것이다.#@문장구분# 지금 가장 발 빠르게 개선해야할 부분인 SNS를 개선시키려면 다수에게는 다수로 대응을 해야하는데 이 말의 본질적 의미를 보자면 다수의 생각을 바꾸고 억압시키기 보다 그 문제의 발화점인 SNS의 흐름을 바꿀 필요가 있다라는 것이다.#@문장구분# 그러기 위해서는 다수 즉 SNS의 흐름을 바꿀 수 있는 다수의 유입이 중요하다.#@문장구분# 우리가 일상 생활에 살아가면서는 그러한 차별적인 사고방식을 가진 사람을 쉽게 찾아보기 힘들다. #@문장구분#이러한 이유는 크게 2가지로 볼 수 있는데 첫번째는 그런 생각을 가지고 있는 사람이 소수이기 때문에 잘 눈에 띄지 않는 경우, 두번째는 그런 사람들이 주변에 있지만 사회적 시선 때문에 숨기고 사는 경우 로 볼 수 있다.#@문장구분# 이 이유를 바탕으로 생각을 해보면 우리는 또 2가지 경우로 예상을 해볼 수 있는데 첫번째 소수일 경우 SNS에만 특히 그들의 유입이 많다라는 것으로 볼 수 있고 두번째 숨기고 사는 경우 SNS의 흐름과 문화가 차별적인 발언을 허용하는 사람들의 유입이 많다 라는 것으로 볼 수 있다.#@문장구분# 이 두 문제를 공통적으로 본다면 우리는 해결점을 찾을 수 있는데 그 방법은 차별적인 사고방식이 아닌 올바르고 건강한 사고 방식을 가진 사람의 SNS 유입을 늘리는 것이다.#@문장구분# 이 방법을 이용한다면 당장 해결은 어렵더라도 천천히 SNS의 흐름이 변화하면서 남에 차별 문제가 해결 될 수 있을 것이라고 생각한다.#@문장구분#",
      "paragraph_len": 1446,
      "paragraph_id": "002"
    }
  ],
  "score": {
    "paragraph_score": [
      {
        "paragraph_scoreT": [
          3,
          2.8,
          2
        ],
        "paragraph_scoreT_detail": {
          "paragraph_scoreT_exp": [
            [
              3,
              3,
              3
            ],
            [
              2,
              3,
              3
            ],
            [
              2,
              2,
              2
            ]
          ]
        },
        "paragraph_scoreT_avg": 2.6000001,
        "paragraph_id": "001"
      },
      {
        "paragraph_scoreT": [
          3,
          2.8,
          2
        ],
        "paragraph_scoreT_detail": {
          "paragraph_scoreT_exp": [
            [
              3,
              3,
              3
            ],
            [
              2,
              3,
              3
            ],
            [
              2,
              2,
              2
            ]
          ]
        },
        "paragraph_scoreT_avg": 2.6000001,
        "paragraph_id": "002"
      }
    ],
    "essay_scoreT": [
      30,
      29.4,
      20.4
    ],
    "essay_scoreT_avg": 26.6,
    "essay_scoreT_detail": {
      "essay_scoreT_org": [
        [
          3,
          0,
          3,
          3
        ],
        [
          3,
          0,
          3,
          3
        ],
        [
          2,
          0,
          2,
          2
        ]
      ],
      "essay_scoreT_cont": [
        [
          3,
          3,
          3,
          3
        ],
        [
          3,
          3,
          3,
          3
        ],
        [
          2,
          2,
          3,
          2
        ]
      ],
      "essay_scoreT_exp": [
        [
          3,
          3,
          3
        ],
        [
          2,
          3,
          3
        ],
        [
          2,
          2,
          2
        ]
      ]
    }
  },
  "student": {
    "date": "2021.09.13",
    "student_educated": true,
    "student_grade": "고등_1학년",
    "location": "051",
    "student_grade_group": "고등",
    "student_reading": 3
  },
  "rubric": {
    "essay_grade": "고등_1학년",
    "organization_weight": {
      "org_paragraph": 0,
      "org": 3,
      "org_essay": 6,
      "org_coherence": 3,
      "org_quantity": 1
    },
    "essay_type": "대안제시",
    "content_weight": {
      "con_clearance": 3,
      "con_novelty": 3,
      "con": 4,
      "con_prompt": 1,
      "con_description": 3
    },
    "essay_main_subject": "남녀 갈등 해결 방안",
    "expression_weight": {
      "exp_style": 4,
      "exp_grammar": 2,
      "exp_vocab": 4,
      "exp": 3
    }
  },
  "correction": [],
  "info": {
    "essay_id": "ESSAY_34612",
    "essay_prompt": " 남녀 갈등은 최근 우리 사회에서 가장 뜨거운 이슈 중 하나입니다. 이러한 갈등은 아직 간극을 좁히지 못하고 현재 사회적인 문제로 자리 잡았습니다.\n\n 군 가산점 문제, 일자리 문제 등 여러 가지 비교 자료들을 토대로 토론을 하고 이를 통해 갈등을 해결하고자 하는 노력이 이루어지고 있습니다.\n\n 과거에는 성차별 심했던 시기가 있었습니다. 여자와 남자를 구별 지어 일을 주는 경우도 많았습니다. 하지만, 현재는 여자와 남자라는 성별을 떠나서 나이, 국적을 불문하고 모두에게 평등한 기회를 주기 위해 노력하고 있습니다.\n\n 이렇게 모두의 노력에도 불구하고 아직 해결되지 않았거나 해결될 기미가 보이지 않는 양성평등 문제가 있을까요?\n\n 아주 작은 사소한 일이라도 좋습니다. 여러분이 생각하는 우리 주변의 양성평등 문제를 하나 작성해보고 어떻게 해결할 수 있을지 혹은 무엇이 바뀌어야 해결될 것 같은지 본인의 생각을 설명해주세요. ",
    "essay_type": "대안제시",
    "essay_level": "1",
    "essay_len": 1473,
    "essay_main_subject": "남녀 갈등 해결 방안"
  }
}