{
  "paragraph": [
    {
      "paragraph_txt": "현대 사회에서 가장 많이 언급되는 것 중 하나인 성별 혐오.#@문장구분# 이들은 흔히 남혐, 또는 여혐이라 불린다.#@문장구분# 이에 관한 문제점은 꾸준히 제기된다.#@문장구분# 얼마 전, GS25 편의점에서 발행한 포스터에서 남혐표현이 사용되었다는 논란이 있었다.#@문장구분# 캠핑을 주제로 한 포스터에서 소시지를 엄지와 검지로 쥐었다는 게 그 표현이다. #@문장구분#일부 네티즌은 '억지다.', '저게 어딜 봐서 남혐이냐.' 등의 반응을 보였다.#@문장구분# 그 외에도 올림픽에 출전한 안산 선수의 짧은 머리를 향해 남혐한다는 억측을 내세우기도 했다.#@문장구분#",
      "paragraph_len": 408,
      "paragraph_id": "001"
    },
    {
      "paragraph_txt": " 어째서 이런 일이 일어나는가?#@문장구분# 근본적인 이유를 떠나서 우선 '익명성'이 보장된 인터넷 환경도 크게 기인했다고 생각한다.#@문장구분# 앞서 언급한 내용 모두 익명성이 보장된 SNS 환경에서 논란된 이야기이기 때문이다.#@문장구분# 그렇기에 나는 인터넷 실명제를 도입해야 한다고 생각한다.#@문장구분# 실명제가 이루어진다면 그런 억지스러운 생각과 억측을 남발할 수 없을 것이다.#@문장구분# 적어도 올리기 전 한 번이라도 더 생각해보지 않을까.#@문장구분#",
      "paragraph_len": 339,
      "paragraph_id": "002"
    },
    {
      "paragraph_txt": " 두 번째로 정부의 노력이 필요하다.#@문장구분# 남혐, 여혐과 관련된 문제가 날이 갈수록 심해지는 반면, 정부는 이에 관한 개입이나 대책을 전혀 내세우지 않는다.#@문장구분# 지나친 혐오 표현과 그에 따른 피해가 발생한다면 마땅한 처벌이 내려져야 한다.#@문장구분#",
      "paragraph_len": 188,
      "paragraph_id": "003"
    },
    {
      "paragraph_txt": " 세 번째로 잘못된 성 인식을 개선하기 위한 교육체계 개선이 필요하다.#@문장구분# 학교에서 이루어지는 성교육은 진부한 경향이 있다.#@문장구분# 성폭력, 성희롱 예방도 분명 중요하지만 현대 사회가 어떻게 변하는지, 그 변화에 따라 어떤 문제가 발생하는지에 따라 교육도 바뀌어야 한다고 생각한다.#@문장구분# 남혐, 여혐에 정확한 기준을 세울 수는 없지만 최소한의 예방은 이루어져야 한다.#@문장구분#",
      "paragraph_len": 276,
      "paragraph_id": "004"
    },
    {
      "paragraph_txt": " 앞서 말한 대안, 대책도 중요하지만, 무엇보다 중요한 것은 개개인의 생각 변화와 배려이다.#@문장구분# 말하기 전, 쓰기 전에 한 번만 더 생각해보도록 하자.#@문장구분#",
      "paragraph_len": 122,
      "paragraph_id": "005"
    }
  ],
  "score": {
    "paragraph_score": [
      {
        "paragraph_scoreT": [
          3,
          3,
          3
        ],
        "paragraph_scoreT_detail": {
          "paragraph_scoreT_exp": [
            [
              3,
              3,
              3
            ],
            [
              3,
              3,
              3
            ],
            [
              3,
              3,
              3
            ]
          ]
        },
        "paragraph_scoreT_avg": 3,
        "paragraph_id": "001"
      },
      {
        "paragraph_scoreT": [
          3,
          3,
          3
        ],
        "paragraph_scoreT_detail": {
          "paragraph_scoreT_exp": [
            [
              3,
              3,
              3
            ],
            [
              3,
              3,
              3
            ],
            [
              3,
              3,
              3
            ]
          ]
        },
        "paragraph_scoreT_avg": 3,
        "paragraph_id": "002"
      },
      {
        "paragraph_scoreT": [
          3,
          3,
          3
        ],
        "paragraph_scoreT_detail": {
          "paragraph_scoreT_exp": [
            [
              3,
              3,
              3
            ],
            [
              3,
              3,
              3
            ],
            [
              3,
              3,
              3
            ]
          ]
        },
        "paragraph_scoreT_avg": 3,
        "paragraph_id": "003"
      },
      {
        "paragraph_scoreT": [
          3,
          3,
          3
        ],
        "paragraph_scoreT_detail": {
          "paragraph_scoreT_exp": [
            [
              3,
              3,
              3
            ],
            [
              3,
              3,
              3
            ],
            [
              3,
              3,
              3
            ]
          ]
        },
        "paragraph_scoreT_avg": 3,
        "paragraph_id": "004"
      },
      {
        "paragraph_scoreT": [
          3,
          3,
          3
        ],
        "paragraph_scoreT_detail": {
          "paragraph_scoreT_exp": [
            [
              3,
              3,
              3
            ],
            [
              3,
              3,
              3
            ],
            [
              3,
              3,
              3
            ]
          ]
        },
        "paragraph_scoreT_avg": 3,
        "paragraph_id": "005"
      }
    ],
    "essay_scoreT": [
      28.8,
      30,
      27.900002
    ],
    "essay_scoreT_avg": 28.9,
    "essay_scoreT_detail": {
      "essay_scoreT_org": [
        [
          3,
          0,
          3,
          3
        ],
        [
          3,
          0,
          3,
          3
        ],
        [
          3,
          0,
          2,
          3
        ]
      ],
      "essay_scoreT_cont": [
        [
          3,
          2,
          3,
          3
        ],
        [
          3,
          3,
          3,
          3
        ],
        [
          3,
          2,
          3,
          3
        ]
      ],
      "essay_scoreT_exp": [
        [
          3,
          3,
          3
        ],
        [
          3,
          3,
          3
        ],
        [
          3,
          3,
          3
        ]
      ]
    }
  },
  "student": {
    "date": "2021.09.03",
    "student_educated": true,
    "student_grade": "고등_1학년",
    "location": "051",
    "student_grade_group": "고등",
    "student_reading": 1
  },
  "rubric": {
    "essay_grade": "고등_1학년",
    "organization_weight": {
      "org_paragraph": 0,
      "org": 3,
      "org_essay": 6,
      "org_coherence": 3,
      "org_quantity": 1
    },
    "essay_type": "대안제시",
    "content_weight": {
      "con_clearance": 3,
      "con_novelty": 3,
      "con": 4,
      "con_prompt": 1,
      "con_description": 3
    },
    "essay_main_subject": "남녀 갈등 해결 방안",
    "expression_weight": {
      "exp_style": 4,
      "exp_grammar": 2,
      "exp_vocab": 4,
      "exp": 3
    }
  },
  "correction": [],
  "info": {
    "essay_id": "ESSAY_35599",
    "essay_prompt": " 남녀 갈등은 최근 우리 사회에서 가장 뜨거운 이슈 중 하나입니다. 이러한 갈등은 아직 간극을 좁히지 못하고 현재 사회적인 문제로 자리 잡았습니다.\n\n 군 가산점 문제, 일자리 문제 등 여러 가지 비교 자료들을 토대로 토론을 하고 이를 통해 갈등을 해결하고자 하는 노력이 이루어지고 있습니다.\n\n 과거에는 성차별 심했던 시기가 있었습니다. 여자와 남자를 구별 지어 일을 주는 경우도 많았습니다. 하지만, 현재는 여자와 남자라는 성별을 떠나서 나이, 국적을 불문하고 모두에게 평등한 기회를 주기 위해 노력하고 있습니다.\n\n 이렇게 모두의 노력에도 불구하고 아직 해결되지 않았거나 해결될 기미가 보이지 않는 양성평등 문제가 있을까요?\n\n 아주 작은 사소한 일이라도 좋습니다. 여러분이 생각하는 우리 주변의 양성평등 문제를 하나 작성해보고 어떻게 해결할 수 있을지 혹은 무엇이 바뀌어야 해결될 것 같은지 본인의 생각을 설명해주세요. ",
    "essay_type": "대안제시",
    "essay_level": "1",
    "essay_len": 902,
    "essay_main_subject": "남녀 갈등 해결 방안"
  }
}