{
  "paragraph": [
    {
      "paragraph_txt": "현재, 우리나라에 남자와 여자가 서로 편을 나누어서 서로를 혐오하는 심각한 문제가 있다. #@문장구분#또 그들이 쓰는 여러 가지 상대를 공격하는 단어들이 인터넷에서 유행처럼 번지고 여러 공인들의 발언에 끼워맞추기를 해서 \"남자 혐오, 여자 혐오\" 아니냐면서 사람이 감당하지 못한 수준에까지 악플을 단다.#@문장구분# 지금부터 이 상황에 대한 내 생각을 말해볼 것이다.#@문장구분#",
      "paragraph_len": 251,
      "paragraph_id": "001"
    },
    {
      "paragraph_txt": "일단, 나는 극단적으로 말하자면 그런 사람들은 어떤 사람들인지 말하겠다#@문장구분#. #@문장구분# 일반적으로 우리는 모두 꿈을 이루겠다던지 책임질 가족이있다던지 뚜렷한 목표가 있다.#@문장구분# 그리고 우리는 이것들을 이루기위해 하루종일 학교에 가거나 직장을 가거나 사회생활을 하면서 하룰를 알차고 의미있게 보낸다.#@문장구분# 그러나 그들은 인생의 목표가 없다.#@문장구분# 매일 하루종일 한다는 것은 인터넷 밖에 없다.#@문장구분# 물론 여기서 인터넷을 비하하는건 아니다.#@문장구분# 우리는 5일을 열심히 일하고 주말이란 보상을 받는다. #@문장구분#그 여가시간에 우리는건전하게 인터넷을 이용한다.#@문장구분# 그러나 그들은 매일, 하루종일 인터넷을 하다보니까 인터넷의 바닥까지 깊숙이 들어간다.#@문장구분# 그 바닥까지 추락한 인생들끼리 모여서 그들이 뭉쳐서 맨처음 말한 사회문제가 일어난다는 것이다.#@문장구분# 그래서 이를 해결하려면 첫째, 그런 사회부적응자들을 위한 사이트나 커뮤니티를 강력하게 규제한다.#@문장구분# 물론 규제의 한계는 있겠지만 그래도 이렇게 유행처럼 크게 번지거나 규모가 커지는 일은 적을 것이다.#@문장구분# 둘째, 그들에게 만약 그런 사이트를 사용하다 걸리면 벌금대신 자기 개발과 목표 설정을 위한 수업을 실시하면 벌금대신 자기 개발과 목표 설정을 위한 수업을 실시한다.#@문장구분# 예를 들면 1주일에 5시간씩 1년으로 수업을 듣게 하면서 출퇴근의 의미를 알게해주는 것이고 일의 즐거움과 현재 자신의 상황을 깨우치제 하고 정신적으로 발전할 수 있을 것이다.#@문장구분# 셋째 #@문장구분# 한다면 악플 문제가 더욱 줄어들 것이다.#@문장구분#   ",
      "paragraph_len": 1092,
      "paragraph_id": "002"
    },
    {
      "paragraph_txt": "이상 내 의견을 들어줘서 고마운 마음으로 글을 마무리 하겠다.#@문장구분#",
      "paragraph_len": 54,
      "paragraph_id": "003"
    }
  ],
  "score": {
    "paragraph_score": [
      {
        "paragraph_scoreT": [
          3,
          2.2,
          2
        ],
        "paragraph_scoreT_detail": {
          "paragraph_scoreT_exp": [
            [
              3,
              3,
              3
            ],
            [
              3,
              2,
              2
            ],
            [
              2,
              2,
              2
            ]
          ]
        },
        "paragraph_scoreT_avg": 2.3999999,
        "paragraph_id": "001"
      },
      {
        "paragraph_scoreT": [
          3,
          2.2,
          2
        ],
        "paragraph_scoreT_detail": {
          "paragraph_scoreT_exp": [
            [
              3,
              3,
              3
            ],
            [
              3,
              2,
              2
            ],
            [
              2,
              2,
              2
            ]
          ]
        },
        "paragraph_scoreT_avg": 2.3999999,
        "paragraph_id": "002"
      },
      {
        "paragraph_scoreT": [
          3,
          2.2,
          2
        ],
        "paragraph_scoreT_detail": {
          "paragraph_scoreT_exp": [
            [
              3,
              3,
              3
            ],
            [
              3,
              2,
              2
            ],
            [
              2,
              2,
              2
            ]
          ]
        },
        "paragraph_scoreT_avg": 2.3999999,
        "paragraph_id": "003"
      }
    ],
    "essay_scoreT": [
      30,
      25.5,
      20.9
    ],
    "essay_scoreT_avg": 25.466667,
    "essay_scoreT_detail": {
      "essay_scoreT_org": [
        [
          3,
          0,
          3,
          3
        ],
        [
          2,
          0,
          3,
          2
        ],
        [
          2,
          0,
          3,
          2
        ]
      ],
      "essay_scoreT_cont": [
        [
          3,
          3,
          3,
          3
        ],
        [
          3,
          3,
          3,
          3
        ],
        [
          3,
          1,
          2,
          2
        ]
      ],
      "essay_scoreT_exp": [
        [
          3,
          3,
          3
        ],
        [
          3,
          2,
          2
        ],
        [
          2,
          2,
          2
        ]
      ]
    }
  },
  "student": {
    "date": "2021.09.07",
    "student_educated": true,
    "student_grade": "고등_1학년",
    "location": "051",
    "student_grade_group": "고등",
    "student_reading": 1
  },
  "rubric": {
    "essay_grade": "고등_1학년",
    "organization_weight": {
      "org_paragraph": 0,
      "org": 3,
      "org_essay": 6,
      "org_coherence": 3,
      "org_quantity": 1
    },
    "essay_type": "대안제시",
    "content_weight": {
      "con_clearance": 3,
      "con_novelty": 3,
      "con": 4,
      "con_prompt": 1,
      "con_description": 3
    },
    "essay_main_subject": "남녀 갈등 해결 방안",
    "expression_weight": {
      "exp_style": 4,
      "exp_grammar": 2,
      "exp_vocab": 4,
      "exp": 3
    }
  },
  "correction": [],
  "info": {
    "essay_id": "ESSAY_34232",
    "essay_prompt": " 남녀 갈등은 최근 우리 사회에서 가장 뜨거운 이슈 중 하나입니다. 이러한 갈등은 아직 간극을 좁히지 못하고 현재 사회적인 문제로 자리 잡았습니다.\n\n 군 가산점 문제, 일자리 문제 등 여러 가지 비교 자료들을 토대로 토론을 하고 이를 통해 갈등을 해결하고자 하는 노력이 이루어지고 있습니다.\n\n 과거에는 성차별 심했던 시기가 있었습니다. 여자와 남자를 구별 지어 일을 주는 경우도 많았습니다. 하지만, 현재는 여자와 남자라는 성별을 떠나서 나이, 국적을 불문하고 모두에게 평등한 기회를 주기 위해 노력하고 있습니다.\n\n 이렇게 모두의 노력에도 불구하고 아직 해결되지 않았거나 해결될 기미가 보이지 않는 양성평등 문제가 있을까요?\n\n 아주 작은 사소한 일이라도 좋습니다. 여러분이 생각하는 우리 주변의 양성평등 문제를 하나 작성해보고 어떻게 해결할 수 있을지 혹은 무엇이 바뀌어야 해결될 것 같은지 본인의 생각을 설명해주세요. ",
    "essay_type": "대안제시",
    "essay_level": "1",
    "essay_len": 1009,
    "essay_main_subject": "남녀 갈등 해결 방안"
  }
}