{
  "paragraph": [
    {
      "paragraph_txt": "혐오 시설은 인류가 살아가는데 필요한 에너지를 생산하기도 하며 인류가 만들어 낸 쓰레기들을 처리하기에 아예 건설하는 것을 싫어하거나 반대하는 것은 좋지 않다고 생각합니다.#@문장구분# 그러나 영화나 실제 있던 사건 중에 실제로 제대로 관리를 하지 않는 등의 사고가 나서 많은 사람이 죽거나 큰 부상을 입는 것을 알 수 있기 때문에 가까이에 있으면 불안하고 생활에 불편한 것은 사실이기에 어느 한지역이나 특정 장소를 정해서 멀리 건설하는 것도 좋다고 생각합니다.#@문장구분# 하지만 가장 좋은 것은 생활 속에서 쓰레기 등 환경오염에 문제가 될 것 들을 줄이며 혐오시설을 줄여 나가는 것이 가장 좋은 방법이라고 생각 합니다#@문장구분#",
      "paragraph_len": 392,
      "paragraph_id": "001"
    },
    {
      "paragraph_txt": " 만약 혐오 시설을 건설 하겠다는 지역 등 장소에는 혜택을 주도록 하는 방법도 좋다고 생각합니다.#@문장구분# 이러한 방법을 사용하면 혐오시설을 자기의 지역에 설치하려는 지자체가 많아질 것으로 예상됩니다.#@문장구분# 아무래도 그냥 설치하라고 명령을 하는 것보단 회유의 방식으로 혐오시설을 설치하는 곳에는 근린시설을 설치해주는 조건을 걸면 많은 지자체들이 서로 설치하려고 할 것입니다.#@문장구분#그리고 지금의 혐오시설은 그냥 딱 봐도 너무 혐오시설처럼 보입니다.#@문장구분# 일본의 사례를 보면 쓰레기 매립지를 설치하는 곳에 쓰레기를 재활용하여 만든 리사이클링 관광상품이나 체험관을 만들어 오히려 혐오시설을 관광지로 만드는 사례가 있습니다.#@문장구분# 우리나라도 일본의 사례를 벤치마킹해서 이용한다면 좋은 시너지를 발휘할 수 있을 것 같습니다. #@문장구분#그리고 학생들뿐만 아니라 어른들에게 혐오시설에 대한 안좋은 인식을 개선하는 교육을 실시하면 좋을 것 같습니다.#@문장구분# 혐오시설은 우리가 생활하는데 없어서는 안되는 그런 시설이라고 머릿속에 새겨주고 그 시설을 설치하는 지역을 무시하지 말고 따돌리지 말자는 말을 계속 하게된다면 무의식 중에 그러한 생각을 하게되어 혐오시설에 대한 인식이 많이 좋아질 것이라고 생각합니다.#@문장구분# 앞으로 이러한 노력을 통해 혐오시설 설치를 반대하는 사람들이 적어졌으면 좋겠습니다.#@문장구분#",
      "paragraph_len": 812,
      "paragraph_id": "002"
    }
  ],
  "score": {
    "paragraph_score": [
      {
        "paragraph_scoreT": [
          2.4,
          2.8,
          3
        ],
        "paragraph_scoreT_detail": {
          "paragraph_scoreT_exp": [
            [
              2,
              2,
              3
            ],
            [
              2,
              3,
              3
            ],
            [
              3,
              3,
              3
            ]
          ]
        },
        "paragraph_scoreT_avg": 2.7333333,
        "paragraph_id": "001"
      },
      {
        "paragraph_scoreT": [
          2.4,
          3,
          3
        ],
        "paragraph_scoreT_detail": {
          "paragraph_scoreT_exp": [
            [
              2,
              2,
              3
            ],
            [
              3,
              3,
              3
            ],
            [
              3,
              3,
              3
            ]
          ]
        },
        "paragraph_scoreT_avg": 2.8,
        "paragraph_id": "002"
      }
    ],
    "essay_scoreT": [
      25.4,
      28.2,
      30
    ],
    "essay_scoreT_avg": 27.866667,
    "essay_scoreT_detail": {
      "essay_scoreT_org": [
        [
          3,
          0,
          2,
          2
        ],
        [
          3,
          0,
          3,
          3
        ],
        [
          3,
          0,
          3,
          3
        ]
      ],
      "essay_scoreT_cont": [
        [
          3,
          2,
          2,
          3
        ],
        [
          3,
          2,
          3,
          3
        ],
        [
          3,
          3,
          3,
          3
        ]
      ],
      "essay_scoreT_exp": [
        [
          2,
          2,
          3
        ],
        [
          2,
          3,
          3
        ],
        [
          3,
          3,
          3
        ]
      ]
    }
  },
  "student": {
    "date": "2021.11.19",
    "student_educated": true,
    "student_grade": "고등_1학년",
    "location": "054",
    "student_grade_group": "고등",
    "student_reading": 3
  },
  "rubric": {
    "essay_grade": "고등_1학년",
    "organization_weight": {
      "org_paragraph": 0,
      "org": 3,
      "org_essay": 6,
      "org_coherence": 3,
      "org_quantity": 1
    },
    "essay_type": "대안제시",
    "content_weight": {
      "con_clearance": 3,
      "con_novelty": 3,
      "con": 4,
      "con_prompt": 1,
      "con_description": 3
    },
    "essay_main_subject": "혐오시설 건설문제에 대한 본인의 생각",
    "expression_weight": {
      "exp_style": 4,
      "exp_grammar": 2,
      "exp_vocab": 4,
      "exp": 3
    }
  },
  "correction": [],
  "info": {
    "essay_id": "ESSAY_47322",
    "essay_prompt": " 혐오 시설이란 지역 주민에게 공포감이나 고통을 주거나, 주변 지역의 쾌적성이 훼손됨으로써 집값이나 땅값이 내려가는 등 부정적인 외부효과를 유발하는 시설을 의미합니다.\n\n 대표적인 혐오 시설에는 쓰레기 매립장, 원자력발전소, 소각장, 유류저장소 등이 있습니다.\n\n 매립지, 소각장, 쓰레기 하치장 같은 혐오 시설은 그리 위험하지는 않지만, 쓰레기를 취급한다는 점에서 혐오감을 주며, 주변 환경오염 문제가 갈등을 일으킵니다. 특히 소각장은 인구밀도가 높은 대도시에 건설된다는 점에서 반대 운동이 일기도 합니다.\n\n 그런데 서로 반대만 하다 보면 입지를 찾지 못해 결국 모든 주민의 삶의 질이 저하될 수 있습니다.\n\n 정부 차원에서 가장 적절한 장소를 선별하여 건설 후 주변 사람들에게 혜택을 주는 방식이 적절한 방법일까요? 아니면 혐오 시설만을 모아둔 부지를 따로 정해서 건설해야 할까요? 아니면 모든 도시가 공평하게 혐오 시설 건설에 대한 부담을 지니고 하나씩 건설해야 할까요?\n\n 모두가 만족할만한 결과를 내기란 정말 어려운 문제이지만 여러분이 생각하는 가장 합리적이고 좋은 방법을 생각해보세요. 그리고 그 방법을 대안으로 제시하고 그 근거에 대해 작성해주세요.",
    "essay_type": "대안제시",
    "essay_level": "1",
    "essay_len": 967,
    "essay_main_subject": "혐오시설 건설문제에 대한 본인의 생각"
  }
}