{
  "paragraph": [
    {
      "paragraph_txt": "도쿄올림픽 4관왕 안산선수가 남성 혐오적 표현을 사용했다는 논란이 생겼고, 이에 대해 여명숙 전 게임물관리위원회 위원장이 2021년 8월 4일, 자신의 유튜브 채널을 통해 안산 선수가 SNS에서 '웅앵웅', '오조 오억'이라는 남성 혐오적 표현을 사용했다고 지적하면서, 안산 선수에게 페미니스트인지 아닌지 밝히라고 요구하였다.#@문장구분# 이번 사건을 통해 많은 이들이 페미니스트의 의미 자체를 부정적인 의미로 인식한다는 것을 알 수 있으며, 인터넷에 상당히 많은 젠더 혐오적 표현이 있다는 것을 알 수 있다.#@문장구분# 그렇다면 이러한 현상을 해결하기 위해선 어떠한 자세가 필요할까?#@문장구분# 우선 성에 관한 우리의 인식을 개선할 필요가 있다. #@문장구분#왜 차별하냐는 부정적인 인식이 아니라, 성평등을 이루자는 긍정적인 인식을 가질 필요성이 있다.#@문장구분# 또한 젠더 혐오적 공격을 당했을 때, 똑같이 혐오적 표현을 하여 복수하는 것이 아니라, 이러한 시선들이 모여 어떻게 이용당하는지 살펴볼 비판적인 생각을 가지고 있어야 한다.#@문장구분# 정치인들이 자신이 속해있는 정당의 이익을 위해 젠더갈등을 정치적 목적으로 이용하는 경우가 다수 있으니, 감정적으로 생각하는 것이 아닌 이성적인 판단을 해야 한다.#@문장구분# 마지막으로, 인터넷에 젠더 혐오적 표현을 올린 커뮤니티 사용자들에게 해당 계정을 정지시키거나, 벌금을 내게 하는 제재를 가한다.#@문장구분# 이러한 혐오적 표현들은 젠더갈등을 일으키고, 갈등이 심해지면 화합이 불가능한 사회적 혼란을 초래할 수 있기 때문에 강제적인 제재를 가할 필요가 있다.#@문장구분# 현재, 정보화 시대가 온 만큼, 나날이 남성, 여성 혐오적 표현이 많이 생겨나고 있는데, 이러한 상황일수록 우리 모두가 서로와 다름을 인정하는 포옹해야 할것이다.#@문장구분#",
      "paragraph_len": 1031,
      "paragraph_id": "001"
    }
  ],
  "score": {
    "paragraph_score": [
      {
        "paragraph_scoreT": [
          3,
          3,
          2.4
        ],
        "paragraph_scoreT_detail": {
          "paragraph_scoreT_exp": [
            [
              3,
              3,
              3
            ],
            [
              3,
              3,
              3
            ],
            [
              2,
              3,
              2
            ]
          ]
        },
        "paragraph_scoreT_avg": 2.8,
        "paragraph_id": "001"
      }
    ],
    "essay_scoreT": [
      30,
      26.7,
      27
    ],
    "essay_scoreT_avg": 27.9,
    "essay_scoreT_detail": {
      "essay_scoreT_org": [
        [
          3,
          0,
          3,
          3
        ],
        [
          2,
          0,
          3,
          2
        ],
        [
          3,
          0,
          3,
          3
        ]
      ],
      "essay_scoreT_cont": [
        [
          3,
          3,
          3,
          3
        ],
        [
          3,
          2,
          3,
          3
        ],
        [
          2,
          3,
          3,
          3
        ]
      ],
      "essay_scoreT_exp": [
        [
          3,
          3,
          3
        ],
        [
          3,
          3,
          3
        ],
        [
          2,
          3,
          2
        ]
      ]
    }
  },
  "student": {
    "date": "2021.12.15",
    "student_educated": true,
    "student_grade": "고등_1학년",
    "location": "063",
    "student_grade_group": "고등",
    "student_reading": 2
  },
  "rubric": {
    "essay_grade": "고등_1학년",
    "organization_weight": {
      "org_paragraph": 0,
      "org": 3,
      "org_essay": 6,
      "org_coherence": 3,
      "org_quantity": 1
    },
    "essay_type": "대안제시",
    "content_weight": {
      "con_clearance": 3,
      "con_novelty": 3,
      "con": 4,
      "con_prompt": 1,
      "con_description": 3
    },
    "essay_main_subject": "남녀 갈등 해결 방안",
    "expression_weight": {
      "exp_style": 4,
      "exp_grammar": 2,
      "exp_vocab": 4,
      "exp": 3
    }
  },
  "correction": [],
  "info": {
    "essay_id": "ESSAY_62510",
    "essay_prompt": " 남녀 갈등은 최근 우리 사회에서 가장 뜨거운 이슈 중 하나입니다. 이러한 갈등은 아직 간극을 좁히지 못하고 현재 사회적인 문제로 자리 잡았습니다.\n\n 군 가산점 문제, 일자리 문제 등 여러 가지 비교 자료들을 토대로 토론을 하고 이를 통해 갈등을 해결하고자 하는 노력이 이루어지고 있습니다.\n\n 과거에는 성차별 심했던 시기가 있었습니다. 여자와 남자를 구별 지어 일을 주는 경우도 많았습니다. 하지만, 현재는 여자와 남자라는 성별을 떠나서 나이, 국적을 불문하고 모두에게 평등한 기회를 주기 위해 노력하고 있습니다.\n\n 이렇게 모두의 노력에도 불구하고 아직 해결되지 않았거나 해결될 기미가 보이지 않는 양성평등 문제가 있을까요?\n\n 아주 작은 사소한 일이라도 좋습니다. 여러분이 생각하는 우리 주변의 양성평등 문제를 하나 작성해보고 어떻게 해결할 수 있을지 혹은 무엇이 바뀌어야 해결될 것 같은지 본인의 생각을 설명해주세요. ",
    "essay_type": "대안제시",
    "essay_level": "1",
    "essay_len": 831,
    "essay_main_subject": "남녀 갈등 해결 방안"
  }
}