{
  "paragraph": [
    {
      "paragraph_txt": "우리나라는 개개인의 사상에 대해 자유로운 민주주의 사회이다.#@문장구분# 물론 극단적으로 사회에 피해가 가지 않도록 경계해야 한다.#@문장구분# 극단적으로 사회에 피해가 가지 않도록 경계해야 한다.#@문장구분# 극단적인 경우가 아닐 경우에는 서로의 사상에 대해 포용하고 존중할 줄 알아야 한다.#@문장구분# 나는 남녀갈등에 대한 것은 당연한 것이라고 생각한다.#@문장구분# 왜냐하면 첫째는 우리의 사상 때문이다.#@문장구분# 우리의 역사 속에서는 남아선호사상 남아우월주의가 우선시되고, 여성은 우선시 하지 않았다.#@문장구분# 이것은 잘못된 것이 맞다.#@문장구분# 하지만 아직 이런 가치관을 가진 사람들이 많이 존재하고, 갑자기 바꾸려고 노력하면 갈등을 겪는 것이 당연하기 때문이다.#@문장구분# 둘째로 남녀평등이 실현되려면 무조건 발생되야 할 상황이기 때문이다.#@문장구분# 내 생각에는 남녀평등이 이 세상 속에 존재하려면 남녀 차별이 있어야 한다고 생각한다.#@문장구분# 마치 선이 있으려면 악이 있는 것과 같이 둘 중에 하나만 존재한다는 것은 있을 수가 없다.#@문장구분# 셋째로 민주주의 체제이기 때문이다.#@문장구분# 우리나라를 포함한 다른 나라들이 민주주의 국가인데 민주주의란 자고로 다양한 의견이 나오고 자신의 의견을 당당히 남에게 드러내고 많은 토론과 갈등을 겪으며 한 의견에 도달해야 한다.#@문장구분# 만약 갈등과 토론 없이 된다면 그것은 민주주의라고 말할 수 없기 때문이다.#@문장구분# 따라서 나는 남녀갈등에 대해 남녀평등이 되려면 서로 공존해야 한다고 생각한다.#@문장구분# 또 남자와 여자 신체적 조건이 다름을 인정하되 거기에 맞게 평등을 얘기 해야한다고 생각한다.#@문장구분# 또 다른 사람들은 여자도 군대에 가야 한다는 말을 많이 하는데 이건 맞는 말 같지는 않다.#@문장구분# 전쟁훈련에 여자는 체력적으로 힘들기 때문이다.#@문장구분#",
      "paragraph_len": 1180,
      "paragraph_id": "001"
    }
  ],
  "score": {
    "paragraph_score": [
      {
        "paragraph_scoreT": [
          3,
          3,
          3
        ],
        "paragraph_scoreT_detail": {
          "paragraph_scoreT_exp": [
            [
              3,
              3,
              3
            ],
            [
              3,
              3,
              3
            ],
            [
              3,
              3,
              3
            ]
          ]
        },
        "paragraph_scoreT_avg": 3,
        "paragraph_id": "001"
      }
    ],
    "essay_scoreT": [
      27.6,
      27.6,
      30
    ],
    "essay_scoreT_avg": 28.4,
    "essay_scoreT_detail": {
      "essay_scoreT_org": [
        [
          3,
          0,
          3,
          3
        ],
        [
          3,
          0,
          3,
          3
        ],
        [
          3,
          0,
          3,
          3
        ]
      ],
      "essay_scoreT_cont": [
        [
          2,
          2,
          3,
          3
        ],
        [
          3,
          2,
          3,
          2
        ],
        [
          3,
          3,
          3,
          3
        ]
      ],
      "essay_scoreT_exp": [
        [
          3,
          3,
          3
        ],
        [
          3,
          3,
          3
        ],
        [
          3,
          3,
          3
        ]
      ]
    }
  },
  "student": {
    "date": "2021.12.07",
    "student_educated": true,
    "student_grade": "고등_1학년",
    "location": "063",
    "student_grade_group": "고등",
    "student_reading": 2
  },
  "rubric": {
    "essay_grade": "고등_1학년",
    "organization_weight": {
      "org_paragraph": 0,
      "org": 3,
      "org_essay": 6,
      "org_coherence": 3,
      "org_quantity": 1
    },
    "essay_type": "대안제시",
    "content_weight": {
      "con_clearance": 3,
      "con_novelty": 3,
      "con": 4,
      "con_prompt": 1,
      "con_description": 3
    },
    "essay_main_subject": "남녀 갈등 해결 방안",
    "expression_weight": {
      "exp_style": 4,
      "exp_grammar": 2,
      "exp_vocab": 4,
      "exp": 3
    }
  },
  "correction": [],
  "info": {
    "essay_id": "ESSAY_57128",
    "essay_prompt": " 남녀 갈등은 최근 우리 사회에서 가장 뜨거운 이슈 중 하나입니다. 이러한 갈등은 아직 간극을 좁히지 못하고 현재 사회적인 문제로 자리 잡았습니다.\n\n 군 가산점 문제, 일자리 문제 등 여러 가지 비교 자료들을 토대로 토론을 하고 이를 통해 갈등을 해결하고자 하는 노력이 이루어지고 있습니다.\n\n 과거에는 성차별 심했던 시기가 있었습니다. 여자와 남자를 구별 지어 일을 주는 경우도 많았습니다. 하지만, 현재는 여자와 남자라는 성별을 떠나서 나이, 국적을 불문하고 모두에게 평등한 기회를 주기 위해 노력하고 있습니다.\n\n 이렇게 모두의 노력에도 불구하고 아직 해결되지 않았거나 해결될 기미가 보이지 않는 양성평등 문제가 있을까요?\n\n 아주 작은 사소한 일이라도 좋습니다. 여러분이 생각하는 우리 주변의 양성평등 문제를 하나 작성해보고 어떻게 해결할 수 있을지 혹은 무엇이 바뀌어야 해결될 것 같은지 본인의 생각을 설명해주세요. ",
    "essay_type": "대안제시",
    "essay_level": "1",
    "essay_len": 800,
    "essay_main_subject": "남녀 갈등 해결 방안"
  }
}