{
  "paragraph": [
    {
      "paragraph_txt": "우리는 오래전에는 사람이 죽으면 '그대로 산이나 공기' 좋은 공원 같은 곳에 묻어서 우리 곁에 늘 있다고 여기는 장지 방법을 택하였다.#@문장구분# 이후 산업화와 도사화가 진행됨에 따라 공간도 부족하여 납골당에 화장한 골분을 안치시키는 방법을 사용하였고, 자연스레 주위에 있으면 좀 불편하고 불쾌한 시설, 즉 혐오시설이 생겨났고, 이 혐오시설의 한 예가 수목장이다.#@문장구분# 나는 최근 본 뉴스, '사랑하는 사람이 잠든 숲....부정적 인식 개선하고 시설늘려'를 소개하여 여러분들과 함께 이 문제를 고민해 보려 한다.#@문장구분#이 뉴스의 주제는 간단히 말해 우리의 사랑하는 사람이 잠든 숲인 수목장에 대한 부정적인 인식을 버리고 적극적으로 수목장 시설을 늘려야 함을 말하고 있다.#@문장구분# 물론 이 뉴스의 주인공 산림청이 하는 말이다.#@문장구분# 먼저 사람들의 부정적인 인식부터 변화시키기 위한 노력을 보자.#@문장구분# 첫 번째, 국내 첫 수목장림 '하늘 숲 추모원'에서 주기적인 인식 개선 캠핑 페스티벌을 추진하는 것이다.#@문장구분# 둘째, 평소 가족들이 죽은 후 수목장을 할 의사를 알기 위한 '한국 수목장 실천 사업' 이다.#@문장구분# 수목장 의사를 고민하여 수목장에 대해 검색해 보여 인식의 변화가 생길 수도 있다는 것이다.#@문장구분# 마지막 세 번째, 보건복지부, 한국 장례 문화 진흥원등의 기관 및 단체와 함께 인식 개선 캠페인을 지속적으로 진행하는 것이다.#@문장구분# 그럼 사람들의 인식이 많이 바뀌었겠지요?#@문장구분# 다음의 차례는 인프라 확충, 인간 주체와 국내 수목장 활성화를 도모 하자는 대안이다.#@문장구분# 수목장에 대한 인식이 좋지 않아 수목장이 더욱 적어 의사가 있어도 하지 못하는 경우가 생겨선 안될 일이기 때문이다.#@문장구분#첫 번째, 장지문화를 총괄하는 보건복지부와 협엄하여 2018년 6월 장지 개정안을 발표하였다.#@문장구분#두 번째, 장례, 장지 관련 일반 공공기관을 한국 산림복지진흥원, 한국 산림중앙회등과 같은 산림 관리에 높은 이해와 전문성을 지닌 기관으로 성장시키거나 승격시키는 것이다.#@문장구분# 마지막은 위 기관들이 대유림 대부등을 통해 수목장 조성 및 운영을 할 수 잇도록 제도를 개선하고 정부 차원에서도 경제적 지원을 해 줘야 한다는 것이다.#@문장구분#",
      "paragraph_len": 1345,
      "paragraph_id": "001"
    }
  ],
  "score": {
    "paragraph_score": [
      {
        "paragraph_scoreT": [
          3,
          2.2,
          2
        ],
        "paragraph_scoreT_detail": {
          "paragraph_scoreT_exp": [
            [
              3,
              3,
              3
            ],
            [
              3,
              2,
              2
            ],
            [
              2,
              2,
              2
            ]
          ]
        },
        "paragraph_scoreT_avg": 2.3999999,
        "paragraph_id": "001"
      }
    ],
    "essay_scoreT": [
      30,
      25.400002,
      24
    ],
    "essay_scoreT_avg": 26.466667,
    "essay_scoreT_detail": {
      "essay_scoreT_org": [
        [
          3,
          0,
          3,
          3
        ],
        [
          2,
          0,
          3,
          3
        ],
        [
          2,
          0,
          3,
          3
        ]
      ],
      "essay_scoreT_cont": [
        [
          3,
          3,
          3,
          3
        ],
        [
          3,
          3,
          2,
          3
        ],
        [
          3,
          2,
          3,
          3
        ]
      ],
      "essay_scoreT_exp": [
        [
          3,
          3,
          3
        ],
        [
          3,
          2,
          2
        ],
        [
          2,
          2,
          2
        ]
      ]
    }
  },
  "student": {
    "date": "2021.10.19",
    "student_educated": true,
    "student_grade": "고등_1학년",
    "location": "051",
    "student_grade_group": "고등",
    "student_reading": 2
  },
  "rubric": {
    "essay_grade": "고등_1학년",
    "organization_weight": {
      "org_paragraph": 0,
      "org": 3,
      "org_essay": 6,
      "org_coherence": 3,
      "org_quantity": 1
    },
    "essay_type": "대안제시",
    "content_weight": {
      "con_clearance": 3,
      "con_novelty": 3,
      "con": 4,
      "con_prompt": 1,
      "con_description": 3
    },
    "essay_main_subject": "혐오시설 건설문제에 대한 본인의 생각",
    "expression_weight": {
      "exp_style": 4,
      "exp_grammar": 2,
      "exp_vocab": 4,
      "exp": 3
    }
  },
  "correction": [],
  "info": {
    "essay_id": "ESSAY_37468",
    "essay_prompt": " 혐오 시설이란 지역 주민에게 공포감이나 고통을 주거나, 주변 지역의 쾌적성이 훼손됨으로써 집값이나 땅값이 내려가는 등 부정적인 외부효과를 유발하는 시설을 의미합니다.\n\n 대표적인 혐오 시설에는 쓰레기 매립장, 원자력발전소, 소각장, 유류저장소 등이 있습니다.\n\n 매립지, 소각장, 쓰레기 하치장 같은 혐오 시설은 그리 위험하지는 않지만, 쓰레기를 취급한다는 점에서 혐오감을 주며, 주변 환경오염 문제가 갈등을 일으킵니다. 특히 소각장은 인구밀도가 높은 대도시에 건설된다는 점에서 반대 운동이 일기도 합니다.\n\n 그런데 서로 반대만 하다 보면 입지를 찾지 못해 결국 모든 주민의 삶의 질이 저하될 수 있습니다.\n\n 정부 차원에서 가장 적절한 장소를 선별하여 건설 후 주변 사람들에게 혜택을 주는 방식이 적절한 방법일까요? 아니면 혐오 시설만을 모아둔 부지를 따로 정해서 건설해야 할까요? 아니면 모든 도시가 공평하게 혐오 시설 건설에 대한 부담을 지니고 하나씩 건설해야 할까요?\n\n 모두가 만족할만한 결과를 내기란 정말 어려운 문제이지만 여러분이 생각하는 가장 합리적이고 좋은 방법을 생각해보세요. 그리고 그 방법을 대안으로 제시하고 그 근거에 대해 작성해주세요.",
    "essay_type": "대안제시",
    "essay_level": "1",
    "essay_len": 1028,
    "essay_main_subject": "혐오시설 건설문제에 대한 본인의 생각"
  }
}