{
  "paragraph": [
    {
      "paragraph_txt": "현재 남녀 갈등은 최고점에 오른거 같다고 생각합니다.#@문장구분# 제가 어렸을 때만 해도 남자와 여자를 구분 짓고 모함하는 언어는 쓰지 않았습니다.#@문장구분# 하지만 지금은 한남충, 한남, 김치녀, 페미, 200충 등의 비난하는 말들이 많아지면서 더욱 남녀 갈등이 심해지고 있다고 생각합니다.#@문장구분# 과거에는 남자와 여자가 할 수 있는 일이 정해져 있었고 그것에 대해서 아무도 불만을 가지고 있지 않았습니다.#@문장구분# 예를 들어서 저희 할머니와 할아버지 세대에는 남자는 주방에 들어가면 안 된다고 하셨으며, 밖에 일은 남자가 하는 것으로 단정 지으시고 그것에 대하여 아무런 불만을 가지고 있지 않았습니다.#@문장구분# 하지만 시대가 변하면서 남자도 주방에서 요리하고 육아도 맡아서 하는 상황이며, 여자도 밖에서 일하며 돈을 벌고 있습니다.#@문장구분# 건설업은 남자만 하는 일에서 요즘에는 여자들도 중장비를 배워서 일하고 있어 남자와 여자가 하는 일에 경계가 없어진 상황입니다.#@문장구분# 하지만 시대가 많이 변했다고 할지 언정 아직까지도 남자와 여자의 평등하게 지내기 힘든 부분이 있습니다.#@문장구분# 가령 군 복무를 생각해 본다면 남자는 의무적으로 군대를 가야하지만 여자는 의무가 아니기에 군대를 갈 필요가 없습니다.#@문장구분# 이러한 점 때문에 군 가산점을 주기 시작하였는데 여자 입장에서는 군 가산점에 대해서 많은 불만을 가지고 있어 결국에는 폐지가 되었으며, 이로 인하여 남자들도 불만이 생기기 시작하였습니다.#@문장구분# 자의적으로 가는 것이 아니고 타의적으로 가야하는 부분을 남자와 여자가 모두 자기 입장만 생각하고 자기에게 불리하면 희생하지 않을려고 하는 태도가 문제인거 같습니다.#@문장구분# 남자와 여자가 다름을 인정하고 받아드리고 그 부분에 대해서는 이해할려는 마음을 가지는 것이 평등의 시작이라고 생각합니다.#@문장구분#",
      "paragraph_len": 1084,
      "paragraph_id": "001"
    }
  ],
  "score": {
    "paragraph_score": [
      {
        "paragraph_scoreT": [
          2.8,
          2.8,
          3
        ],
        "paragraph_scoreT_detail": {
          "paragraph_scoreT_exp": [
            [
              2,
              3,
              3
            ],
            [
              2,
              3,
              3
            ],
            [
              3,
              3,
              3
            ]
          ]
        },
        "paragraph_scoreT_avg": 2.8666668,
        "paragraph_id": "001"
      }
    ],
    "essay_scoreT": [
      26.599998,
      28.2,
      26.099998
    ],
    "essay_scoreT_avg": 26.966665,
    "essay_scoreT_detail": {
      "essay_scoreT_org": [
        [
          3,
          0,
          3,
          3
        ],
        [
          3,
          0,
          3,
          3
        ],
        [
          2,
          0,
          2,
          3
        ]
      ],
      "essay_scoreT_cont": [
        [
          3,
          2,
          2,
          2
        ],
        [
          2,
          3,
          3,
          3
        ],
        [
          2,
          3,
          3,
          3
        ]
      ],
      "essay_scoreT_exp": [
        [
          2,
          3,
          3
        ],
        [
          2,
          3,
          3
        ],
        [
          3,
          3,
          3
        ]
      ]
    }
  },
  "student": {
    "date": "2021.12.13",
    "student_educated": true,
    "student_grade": "고등_1학년",
    "location": "063",
    "student_grade_group": "고등",
    "student_reading": 2
  },
  "rubric": {
    "essay_grade": "고등_1학년",
    "organization_weight": {
      "org_paragraph": 0,
      "org": 3,
      "org_essay": 6,
      "org_coherence": 3,
      "org_quantity": 1
    },
    "essay_type": "대안제시",
    "content_weight": {
      "con_clearance": 3,
      "con_novelty": 3,
      "con": 4,
      "con_prompt": 1,
      "con_description": 3
    },
    "essay_main_subject": "남녀 갈등 해결 방안",
    "expression_weight": {
      "exp_style": 4,
      "exp_grammar": 2,
      "exp_vocab": 4,
      "exp": 3
    }
  },
  "correction": [],
  "info": {
    "essay_id": "ESSAY_60291",
    "essay_prompt": " 남녀 갈등은 최근 우리 사회에서 가장 뜨거운 이슈 중 하나입니다. 이러한 갈등은 아직 간극을 좁히지 못하고 현재 사회적인 문제로 자리 잡았습니다.\n\n 군 가산점 문제, 일자리 문제 등 여러 가지 비교 자료들을 토대로 토론을 하고 이를 통해 갈등을 해결하고자 하는 노력이 이루어지고 있습니다.\n\n 과거에는 성차별 심했던 시기가 있었습니다. 여자와 남자를 구별 지어 일을 주는 경우도 많았습니다. 하지만, 현재는 여자와 남자라는 성별을 떠나서 나이, 국적을 불문하고 모두에게 평등한 기회를 주기 위해 노력하고 있습니다.\n\n 이렇게 모두의 노력에도 불구하고 아직 해결되지 않았거나 해결될 기미가 보이지 않는 양성평등 문제가 있을까요?\n\n 아주 작은 사소한 일이라도 좋습니다. 여러분이 생각하는 우리 주변의 양성평등 문제를 하나 작성해보고 어떻게 해결할 수 있을지 혹은 무엇이 바뀌어야 해결될 것 같은지 본인의 생각을 설명해주세요. ",
    "essay_type": "대안제시",
    "essay_level": "1",
    "essay_len": 844,
    "essay_main_subject": "남녀 갈등 해결 방안"
  }
}