{
  "paragraph": [
    {
      "paragraph_txt": "충북시 진천군 시민들은 이미 공동 생활폐기물 처리장이 있어 고통받고 있는데 한 업체가 쓰레기 매립장 건설을 추진하자 한 번 오염된 환경은 다시 살릴 수 없고 환경오염의 피해는 다시 인간들에게 되돌아오는 등 환경오염과 악취 발생, 소음 발생 등 생활권 침해를 이유로 쓰레기 매립장 건설을 반대하는 피켓 시위를 벌였다.#@문장구분# 이런 문제 상황을 해결하기 위한 대안으로는 먼저 시민들이 분리수거를 생활화하는 방법이 있다.#@문장구분# 분리수거를 생활화하면 일반 쓰레기로 버려지는 재활용 쓰레기가 줄어들어 쓰레기의 양도 같이 줄어들게 된다.#@문장구분# 또 일회용품의 사용을 줄이는 방법도 있는데 카페에서 플라스틱 컵 재신 텀블러를 쓰고 빨대도 플라스틱이 아닌 유리나 스테인리스를 소재로 한 빨대를 사용해 재사용이 가능하도록 해야 한다.#@문장구분# ",
      "paragraph_len": 471,
      "paragraph_id": "001"
    },
    {
      "paragraph_txt": " 기업이 할 수 있는 노력에는 비닐이나 플라스틱 포장지를 자연 분해가 가능한 소재로 만드는 방법이 있다.#@문장구분# 만약 현재 가장 많이 사용되고 있는 일회용품인 비닐과 플라스틱을 대신할 수 있는 자연 분해 소재가 개발된다면 쓰레기 매립장에 쓰레기를 매립해도 썩는데 걸리는 시간이 일반적인 비닐과 플라스틱보다 더 적게 걸릴 것이며 환경오염의 문제도 해결될 것이다.#@문장구분# ",
      "paragraph_len": 238,
      "paragraph_id": "002"
    },
    {
      "paragraph_txt": " 마지막으로 정부가 할 수 있는 노력에는 위의 내용처럼 자연 분해가 되는 소재를 만드는 기업들에게 자원을 지원해주는 것이다.#@문장구분# 자연 분해 소재를 개발하는 데에는 상당한 자본이 필요하므로 정부의 지원이 필수라고 생각한다.#@문장구분# 그리고 다른 방법에는 쓰레기 매립장을 건설하는 지역 주민들에게 복지시설을 건설해주거나 세금을 줄여주는 등 혜택을 제공하는 방법이 있다.#@문장구분# 이렇게 지역 주민들에게 혜택을 제공해준다면 지역 주민들의 반대도 조금은 사그라들 것이다.#@문장구분#",
      "paragraph_len": 327,
      "paragraph_id": "003"
    }
  ],
  "score": {
    "paragraph_score": [
      {
        "paragraph_scoreT": [
          3,
          3,
          2
        ],
        "paragraph_scoreT_detail": {
          "paragraph_scoreT_exp": [
            [
              3,
              3,
              3
            ],
            [
              3,
              3,
              3
            ],
            [
              2,
              2,
              2
            ]
          ]
        },
        "paragraph_scoreT_avg": 2.6666667,
        "paragraph_id": "001"
      },
      {
        "paragraph_scoreT": [
          3,
          3,
          2.6
        ],
        "paragraph_scoreT_detail": {
          "paragraph_scoreT_exp": [
            [
              3,
              3,
              3
            ],
            [
              3,
              3,
              3
            ],
            [
              3,
              3,
              2
            ]
          ]
        },
        "paragraph_scoreT_avg": 2.8666668,
        "paragraph_id": "002"
      },
      {
        "paragraph_scoreT": [
          3,
          3,
          3
        ],
        "paragraph_scoreT_detail": {
          "paragraph_scoreT_exp": [
            [
              3,
              3,
              3
            ],
            [
              3,
              3,
              3
            ],
            [
              3,
              3,
              3
            ]
          ]
        },
        "paragraph_scoreT_avg": 3,
        "paragraph_id": "003"
      }
    ],
    "essay_scoreT": [
      25.099998,
      30,
      25.4
    ],
    "essay_scoreT_avg": 26.833334,
    "essay_scoreT_detail": {
      "essay_scoreT_org": [
        [
          2,
          0,
          3,
          2
        ],
        [
          3,
          0,
          3,
          3
        ],
        [
          3,
          0,
          3,
          3
        ]
      ],
      "essay_scoreT_cont": [
        [
          2,
          2,
          2,
          3
        ],
        [
          3,
          3,
          3,
          3
        ],
        [
          2,
          3,
          2,
          3
        ]
      ],
      "essay_scoreT_exp": [
        [
          3,
          3,
          3
        ],
        [
          3,
          3,
          3
        ],
        [
          2,
          2,
          2
        ]
      ]
    }
  },
  "student": {
    "date": "2021.09.03",
    "student_educated": true,
    "student_grade": "고등_1학년",
    "location": "051",
    "student_grade_group": "고등",
    "student_reading": 1
  },
  "rubric": {
    "essay_grade": "고등_1학년",
    "organization_weight": {
      "org_paragraph": 0,
      "org": 3,
      "org_essay": 6,
      "org_coherence": 3,
      "org_quantity": 1
    },
    "essay_type": "대안제시",
    "content_weight": {
      "con_clearance": 3,
      "con_novelty": 3,
      "con": 4,
      "con_prompt": 1,
      "con_description": 3
    },
    "essay_main_subject": "혐오시설 건설문제에 대한 본인의 생각",
    "expression_weight": {
      "exp_style": 4,
      "exp_grammar": 2,
      "exp_vocab": 4,
      "exp": 3
    }
  },
  "correction": [],
  "info": {
    "essay_id": "ESSAY_33855",
    "essay_prompt": " 혐오 시설이란 지역 주민에게 공포감이나 고통을 주거나, 주변 지역의 쾌적성이 훼손됨으로써 집값이나 땅값이 내려가는 등 부정적인 외부효과를 유발하는 시설을 의미합니다.\n\n 대표적인 혐오 시설에는 쓰레기 매립장, 원자력발전소, 소각장, 유류저장소 등이 있습니다.\n\n 매립지, 소각장, 쓰레기 하치장 같은 혐오 시설은 그리 위험하지는 않지만, 쓰레기를 취급한다는 점에서 혐오감을 주며, 주변 환경오염 문제가 갈등을 일으킵니다. 특히 소각장은 인구밀도가 높은 대도시에 건설된다는 점에서 반대 운동이 일기도 합니다.\n\n 그런데 서로 반대만 하다 보면 입지를 찾지 못해 결국 모든 주민의 삶의 질이 저하될 수 있습니다.\n\n 정부 차원에서 가장 적절한 장소를 선별하여 건설 후 주변 사람들에게 혜택을 주는 방식이 적절한 방법일까요? 아니면 혐오 시설만을 모아둔 부지를 따로 정해서 건설해야 할까요? 아니면 모든 도시가 공평하게 혐오 시설 건설에 대한 부담을 지니고 하나씩 건설해야 할까요?\n\n 모두가 만족할만한 결과를 내기란 정말 어려운 문제이지만 여러분이 생각하는 가장 합리적이고 좋은 방법을 생각해보세요. 그리고 그 방법을 대안으로 제시하고 그 근거에 대해 작성해주세요.",
    "essay_type": "대안제시",
    "essay_level": "1",
    "essay_len": 842,
    "essay_main_subject": "혐오시설 건설문제에 대한 본인의 생각"
  }
}