{
  "paragraph": [
    {
      "paragraph_txt": "혐오시설이란 사람들이 매우 싫어하는 시설을 말한다.#@문장구분# 어느 지역에 혐오시설이 들어서면, 그 지역 주변의 부동산 가격이 폭락하기 때문에 사람들은 혐오시설을 싫어한다.#@문장구분# 사람들이 혐오시설을 싫어하는 이유는, 여러 가지가 있다.#@문장구분# 첫 번째, 시설이 그 주변 동시에 공포감을 조성하는 경우인데, 사형장, 교도소구치소, 특수학교, 묘지, 화장장, 정신병원, 전염병 격리시설등이 있다.#@문장구분# 우리나라뿐만 아니라, 전 세계적으로 쓰레기 배출, 또는 매립과 관련된 문제가 크게 대두되고 있다.#@문장구분# 우리나라 내에서만 봐도 점점 우리나라에는 쓰레기 매립할 장소가 줄어들고 있고, 최근에는 사람들의 주거 환경 근처에도 쓰레기 매립지 혹은 소각장이 생겨나서 국민들에게 많은 피해를 주고 있다.#@문장구분# 지금 당장은 아니지만, 점차적으로 이러한 문제를 해결하기 위한 세가지 대안들을 제시해 보려한다.#@문장구분# 먼저, 첫 번째는 재사용을 추진하는 것이다.#@문장구분# 인구의 증가로 쓰레기가 늘어나는 것은 일회용품의 사용도 큰 몫을 한다.#@문장구분# 예를 들어서 샴푸 또는 화장품, 세제 등을 다 사용하였으면 그 빈 공병을 바로 버리지 말고, 내용물을 리필할 수 있는 시스템을 활성화 시키거나, 지속적으로 재사용을 실천한 사람들에게는 그 제품을 구매할 때 가격을 절감해주는 것도 좋은 방법인 것 같다.#@문장구분# 두 번째 대안은 쓰레기 배출량이 지속적으로 감소하는 세대에게 세금, 혹은 관리비를 줄여주는 방법이다.#@문장구분# 마지막 대안은 옛 쓰레기 매립지였던 곳을 그 상태로 놔두기 보다는, 사람들이 자주 이용할 수 있는 공간으로 변화시키는 것도 좋을 것 같다.#@문장구분# 실제로 한 도시에서는 쓰레기 매립지였던 곳을 골프장으로 바꾸어 사람들이 여가를 즐길 수 있도록 했다.#@문장구분# 이처럼 골프잘 뿐만 아니라 생태공원 또는, 산책로 등을 만들어서 우리나라의 소중한 국토를 쓰레기 매립을 위해서만 낭비하지 말고, 국민들을 위해서도 변화시키는 것이 좋을 것 같다.#@문장구분#",
      "paragraph_len": 1199,
      "paragraph_id": "001"
    }
  ],
  "score": {
    "paragraph_score": [
      {
        "paragraph_scoreT": [
          3,
          3,
          3
        ],
        "paragraph_scoreT_detail": {
          "paragraph_scoreT_exp": [
            [
              3,
              3,
              3
            ],
            [
              3,
              3,
              3
            ],
            [
              3,
              3,
              3
            ]
          ]
        },
        "paragraph_scoreT_avg": 3,
        "paragraph_id": "001"
      }
    ],
    "essay_scoreT": [
      28.8,
      28.8,
      30
    ],
    "essay_scoreT_avg": 29.199999,
    "essay_scoreT_detail": {
      "essay_scoreT_org": [
        [
          3,
          0,
          3,
          3
        ],
        [
          3,
          0,
          3,
          3
        ],
        [
          3,
          0,
          3,
          3
        ]
      ],
      "essay_scoreT_cont": [
        [
          3,
          2,
          3,
          3
        ],
        [
          3,
          2,
          3,
          3
        ],
        [
          3,
          3,
          3,
          3
        ]
      ],
      "essay_scoreT_exp": [
        [
          3,
          3,
          3
        ],
        [
          3,
          3,
          3
        ],
        [
          3,
          3,
          3
        ]
      ]
    }
  },
  "student": {
    "date": "2021.12.09",
    "student_educated": true,
    "student_grade": "고등_1학년",
    "location": "063",
    "student_grade_group": "고등",
    "student_reading": 2
  },
  "rubric": {
    "essay_grade": "고등_1학년",
    "organization_weight": {
      "org_paragraph": 0,
      "org": 3,
      "org_essay": 6,
      "org_coherence": 3,
      "org_quantity": 1
    },
    "essay_type": "대안제시",
    "content_weight": {
      "con_clearance": 3,
      "con_novelty": 3,
      "con": 4,
      "con_prompt": 1,
      "con_description": 3
    },
    "essay_main_subject": "혐오시설 건설문제에 대한 본인의 생각",
    "expression_weight": {
      "exp_style": 4,
      "exp_grammar": 2,
      "exp_vocab": 4,
      "exp": 3
    }
  },
  "correction": [],
  "info": {
    "essay_id": "ESSAY_60455",
    "essay_prompt": " 혐오 시설이란 지역 주민에게 공포감이나 고통을 주거나, 주변 지역의 쾌적성이 훼손됨으로써 집값이나 땅값이 내려가는 등 부정적인 외부효과를 유발하는 시설을 의미합니다.\n\n 대표적인 혐오 시설에는 쓰레기 매립장, 원자력발전소, 소각장, 유류저장소 등이 있습니다.\n\n 매립지, 소각장, 쓰레기 하치장 같은 혐오 시설은 그리 위험하지는 않지만, 쓰레기를 취급한다는 점에서 혐오감을 주며, 주변 환경오염 문제가 갈등을 일으킵니다. 특히 소각장은 인구밀도가 높은 대도시에 건설된다는 점에서 반대 운동이 일기도 합니다.\n\n 그런데 서로 반대만 하다 보면 입지를 찾지 못해 결국 모든 주민의 삶의 질이 저하될 수 있습니다.\n\n 정부 차원에서 가장 적절한 장소를 선별하여 건설 후 주변 사람들에게 혜택을 주는 방식이 적절한 방법일까요? 아니면 혐오 시설만을 모아둔 부지를 따로 정해서 건설해야 할까요? 아니면 모든 도시가 공평하게 혐오 시설 건설에 대한 부담을 지니고 하나씩 건설해야 할까요?\n\n 모두가 만족할만한 결과를 내기란 정말 어려운 문제이지만 여러분이 생각하는 가장 합리적이고 좋은 방법을 생각해보세요. 그리고 그 방법을 대안으로 제시하고 그 근거에 대해 작성해주세요.",
    "essay_type": "대안제시",
    "essay_level": "1",
    "essay_len": 919,
    "essay_main_subject": "혐오시설 건설문제에 대한 본인의 생각"
  }
}