{
  "paragraph": [
    {
      "paragraph_txt": "누구도 원하지 않지만 꼭 있어야 하고 발생될 수밖에 없는 부분이 혐오시설에 관한 문제 인 것 같다.#@문장구분# 쓰레기가 며칠만 쌓여도 악취가 나고 눈살이 찌푸려 지고 지나가는 유기견과 유기묘들이 모여들어 헤쳐 놓는 것을 본다.#@문장구분# 생활에서 쓰레기는 어쩔 수 없이 나올 수밖에 없는 것인데 말이다.#@문장구분# 그런 혐오 시설이 자신 주변에 세워지면 주민들의 반발이 클 것이다.#@문장구분# 차라리 혐오 시설만을 모아 부지를 선정해서 관리하고 유지하는 방법이 괜찮지 않을까 생각이 든다.#@문장구분# 주민들의 반발을 살 걱정도 없고 모아서 관리를 잘 하면 처리도 수월할 것이라 생각된다.#@문장구분# 혐오시설을 모아 두었다고 해서 모두가 피해가고 싶은 곳이 아니라 이렇게 잘 처리해서 나가고 있다는 것을 만들어 학생들이 견학도 하고 관광할 수 있는 곳이 되도록 만들면 혐오 시설에 대한 이미지도 좋아지지 않을까 생각한다.#@문장구분# 예를 들면 쓰레기는 산처럼 쌓아두는 것이 아니라 재활용과 매립, 소각을 분리하고 재활용은 분리하고 세척하여 플라스틱이 옷으로 만들어 지기도 한다고 알고 있다 그 과정을 보여줄 수 있다면 쓰레기를 줄이고 재활용에 힘써 환경을 보존할 수 있는 분위기를 조성할 수 있고 연간 쓰레기가 얼마나 나오고 처리에는 어떤 비용이 들고 올해 우리의 목표는 얼마나 쓰레기를 줄이는데 있고 이렇게 나아가면 어떤 미래가 될지 통계가 나올거라 생각이 든다.#@문장구분# 뭐든지 투명하게 공개하고 다 같이 방법을 모색하고, 어려움을 다 같이 고민했으면 좋겠다.#@문장구분# 그래서  더 나은 방향으로 갈 수 있으면 한다.#@문장구분# 지구가 많이 오염되었다.#@문장구분# 우리도 지구의 일부분인데 더러운 것을 마구 배출하며 나 몰라라 했었다.#@문장구분# 사회적 분위기가 쓰레기를 줄이고 지구를 살리는데 마음을 같이하고 나만 생각하지 않고 우리의 후손들도 생각하여 지구의 수명을 늘리는데 동참되는 계기가 되었으면 좋겠다.#@문장구분# 모두가 조금씩 노력한다면 희망이 생기지 않을까 생각한다.#@문장구분# 지역을 설정하여 주민들과의 마찰 없이 혐오시설을 설립한다는 것에 한 표를 던진다.#@문장구분#",
      "paragraph_len": 1267,
      "paragraph_id": "001"
    }
  ],
  "score": {
    "paragraph_score": [
      {
        "paragraph_scoreT": [
          2.8,
          2.8,
          2.8
        ],
        "paragraph_scoreT_detail": {
          "paragraph_scoreT_exp": [
            [
              2,
              3,
              3
            ],
            [
              2,
              3,
              3
            ],
            [
              2,
              3,
              3
            ]
          ]
        },
        "paragraph_scoreT_avg": 2.8,
        "paragraph_id": "001"
      }
    ],
    "essay_scoreT": [
      29.4,
      28.2,
      28.2
    ],
    "essay_scoreT_avg": 28.6,
    "essay_scoreT_detail": {
      "essay_scoreT_org": [
        [
          3,
          0,
          3,
          3
        ],
        [
          3,
          0,
          3,
          3
        ],
        [
          3,
          0,
          3,
          3
        ]
      ],
      "essay_scoreT_cont": [
        [
          3,
          3,
          3,
          3
        ],
        [
          2,
          3,
          3,
          3
        ],
        [
          2,
          3,
          3,
          3
        ]
      ],
      "essay_scoreT_exp": [
        [
          2,
          3,
          3
        ],
        [
          2,
          3,
          3
        ],
        [
          2,
          3,
          3
        ]
      ]
    }
  },
  "student": {
    "date": "2021.12.14",
    "student_educated": true,
    "student_grade": "고등_1학년",
    "location": "042",
    "student_grade_group": "고등",
    "student_reading": 2
  },
  "rubric": {
    "essay_grade": "고등_1학년",
    "organization_weight": {
      "org_paragraph": 0,
      "org": 3,
      "org_essay": 6,
      "org_coherence": 3,
      "org_quantity": 1
    },
    "essay_type": "대안제시",
    "content_weight": {
      "con_clearance": 3,
      "con_novelty": 3,
      "con": 4,
      "con_prompt": 1,
      "con_description": 3
    },
    "essay_main_subject": "혐오시설 건설문제에 대한 본인의 생각",
    "expression_weight": {
      "exp_style": 4,
      "exp_grammar": 2,
      "exp_vocab": 4,
      "exp": 3
    }
  },
  "correction": [],
  "info": {
    "essay_id": "ESSAY_61693",
    "essay_prompt": " 혐오 시설이란 지역 주민에게 공포감이나 고통을 주거나, 주변 지역의 쾌적성이 훼손됨으로써 집값이나 땅값이 내려가는 등 부정적인 외부효과를 유발하는 시설을 의미합니다.\n\n 대표적인 혐오 시설에는 쓰레기 매립장, 원자력발전소, 소각장, 유류저장소 등이 있습니다.\n\n 매립지, 소각장, 쓰레기 하치장 같은 혐오 시설은 그리 위험하지는 않지만, 쓰레기를 취급한다는 점에서 혐오감을 주며, 주변 환경오염 문제가 갈등을 일으킵니다. 특히 소각장은 인구밀도가 높은 대도시에 건설된다는 점에서 반대 운동이 일기도 합니다.\n\n 그런데 서로 반대만 하다 보면 입지를 찾지 못해 결국 모든 주민의 삶의 질이 저하될 수 있습니다.\n\n 정부 차원에서 가장 적절한 장소를 선별하여 건설 후 주변 사람들에게 혜택을 주는 방식이 적절한 방법일까요? 아니면 혐오 시설만을 모아둔 부지를 따로 정해서 건설해야 할까요? 아니면 모든 도시가 공평하게 혐오 시설 건설에 대한 부담을 지니고 하나씩 건설해야 할까요?\n\n 모두가 만족할만한 결과를 내기란 정말 어려운 문제이지만 여러분이 생각하는 가장 합리적이고 좋은 방법을 생각해보세요. 그리고 그 방법을 대안으로 제시하고 그 근거에 대해 작성해주세요.",
    "essay_type": "대안제시",
    "essay_level": "1",
    "essay_len": 973,
    "essay_main_subject": "혐오시설 건설문제에 대한 본인의 생각"
  }
}