{
  "paragraph": [
    {
      "paragraph_txt": "모든 '성차별'이 이루어지는 이유는 바로 상대의 입장을 생각해 보지 않기 때문이다.#@문장구분# 입장을 바꿔 생각해 보는 것이 좋은 일이라고 생각한다.#@문장구분# 만약 차별하기 전에 먼저 상대의 입장을 생각해 보면 상대의 '권리'를 존중할 수 있고, 이해 할 수 있게 된다. #@문장구분#그리고 '권리'와 '신체'의 다름을 이해 할 수 있어야 한다.#@문장구분# 예를 들어 여자도 사실 군대에 갈 수 있지만, 남자의 체격이 더 크고 체력이 좋기 때문에 남자가 군대에 가는 것이다. #@문장구분#그리고 축구선수도 물론 남자축구선수, 여자축구선수 모두 있지만, 역시 월드컵이나, 축구경기를 할 때 남자축구선수들이 하는 경기들에 관심이 많다.#@문장구분# 이 역시 체격, 체력 조건 때문이다.#@문장구분# '성차별'을 하게 되면 사람의 자유와 '권리'를 빼앗아 간다.#@문장구분# 그때, '권리'와 '신체'의 다름을 판단하고 잘 이해할 수 있어야 한다.#@문장구분# 여기서 말한 이 세 가지의 방법을 지키면 점차 남, 녀 구분 없는 우리 모두가 평등해지는 '양성평등 사회'가 만들어 질 수 있을 것이다. #@문장구분#그러므로 여기서 말했던 '성차별'이 이루어지는 환경을 바꿔 보는 것이 어떨까?#@문장구분# 우리 모두가 앞으로 노력해 미래에는 '양성평등사회'를 맞이할 수 있게 되었으면 좋겠다.#@문장구분# 그리고 서로 다름을 인정하고 서로 배려해주면 언젠가는 남자와 여자가 서로를 이해하고 보듬어주며 서로 아껴주고 사랑해주는 그런 사회가 올 것이라고 믿는다.#@문장구분# 나는 그런 사회를 만들기 위해서 지금부터라도 노력해야 한다고 생각한다.#@문장구분# 남자와 여자는 신체적으로도 유전적으로도 많이 다르기 때문에 이러한 점을 잘 이해하고 보듬어주면 행복하고 밝은 미래를 그릴수 있을 것이라고 믿는다.#@문장구분#",
      "paragraph_len": 1097,
      "paragraph_id": "001"
    }
  ],
  "score": {
    "paragraph_score": [
      {
        "paragraph_scoreT": [
          3,
          2,
          3
        ],
        "paragraph_scoreT_detail": {
          "paragraph_scoreT_exp": [
            [
              3,
              3,
              3
            ],
            [
              2,
              2,
              2
            ],
            [
              3,
              3,
              3
            ]
          ]
        },
        "paragraph_scoreT_avg": 2.6666667,
        "paragraph_id": "001"
      }
    ],
    "essay_scoreT": [
      30,
      22.800001,
      27.6
    ],
    "essay_scoreT_avg": 26.800001,
    "essay_scoreT_detail": {
      "essay_scoreT_org": [
        [
          3,
          0,
          3,
          3
        ],
        [
          2,
          0,
          3,
          3
        ],
        [
          3,
          0,
          3,
          3
        ]
      ],
      "essay_scoreT_cont": [
        [
          3,
          3,
          3,
          3
        ],
        [
          3,
          2,
          3,
          2
        ],
        [
          3,
          2,
          3,
          2
        ]
      ],
      "essay_scoreT_exp": [
        [
          3,
          3,
          3
        ],
        [
          2,
          2,
          2
        ],
        [
          3,
          3,
          3
        ]
      ]
    }
  },
  "student": {
    "date": "2021.12.13",
    "student_educated": true,
    "student_grade": "고등_1학년",
    "location": "063",
    "student_grade_group": "고등",
    "student_reading": 2
  },
  "rubric": {
    "essay_grade": "고등_1학년",
    "organization_weight": {
      "org_paragraph": 0,
      "org": 3,
      "org_essay": 6,
      "org_coherence": 3,
      "org_quantity": 1
    },
    "essay_type": "대안제시",
    "content_weight": {
      "con_clearance": 3,
      "con_novelty": 3,
      "con": 4,
      "con_prompt": 1,
      "con_description": 3
    },
    "essay_main_subject": "남녀 갈등 해결 방안",
    "expression_weight": {
      "exp_style": 4,
      "exp_grammar": 2,
      "exp_vocab": 4,
      "exp": 3
    }
  },
  "correction": [],
  "info": {
    "essay_id": "ESSAY_62097",
    "essay_prompt": " 남녀 갈등은 최근 우리 사회에서 가장 뜨거운 이슈 중 하나입니다. 이러한 갈등은 아직 간극을 좁히지 못하고 현재 사회적인 문제로 자리 잡았습니다.\n\n 군 가산점 문제, 일자리 문제 등 여러 가지 비교 자료들을 토대로 토론을 하고 이를 통해 갈등을 해결하고자 하는 노력이 이루어지고 있습니다.\n\n 과거에는 성차별 심했던 시기가 있었습니다. 여자와 남자를 구별 지어 일을 주는 경우도 많았습니다. 하지만, 현재는 여자와 남자라는 성별을 떠나서 나이, 국적을 불문하고 모두에게 평등한 기회를 주기 위해 노력하고 있습니다.\n\n 이렇게 모두의 노력에도 불구하고 아직 해결되지 않았거나 해결될 기미가 보이지 않는 양성평등 문제가 있을까요?\n\n 아주 작은 사소한 일이라도 좋습니다. 여러분이 생각하는 우리 주변의 양성평등 문제를 하나 작성해보고 어떻게 해결할 수 있을지 혹은 무엇이 바뀌어야 해결될 것 같은지 본인의 생각을 설명해주세요. ",
    "essay_type": "대안제시",
    "essay_level": "1",
    "essay_len": 797,
    "essay_main_subject": "남녀 갈등 해결 방안"
  }
}