{
  "paragraph": [
    {
      "paragraph_txt": "폐기물 처리 시설 설치용 반대하는 것은 당연하다고 생각 할 수 있다.#@문장구분# 이 문제들을 어떻게 해결하면 좋을까?#@문장구분# 우선 제일 중요한 주민들과 업무를 보는 종사들과의  소통이다.#@문장구분# 서로의 입자이 너무나 다르기 때문에 소통이나 대화로 풀어가는 것이 가장 중요하다고 생각한다.#@문장구분# 주민들의 제안을 들어보고 부산시가 그 제안을 고려하여 서로 수정하며 가장 좋은 해결책으로 타협하는 것이다.#@문장구분# ",
      "paragraph_len": 307,
      "paragraph_id": "001"
    },
    {
      "paragraph_txt": " 두 번째는 폐기물 처리 시설 설치에 대한 보상이나 제도이다.#@문장구분# 어느 사람이 자신이 사는 동네에 폐기물 처리 시설이 만들어 졌으면 좋겠다는 사람이 얼마나 있을까?#@문장구분# 그러하기 때문에 그 동네 주민들에게는 보상을 해주는 것이다.#@문장구분# 예를 들어 세금 감면, 복지 시설 확대 등으로 보상을 해주어 조금이나마 타협을 하게 해주는 것이다.#@문장구분# 또한 폐기물 처리 시설에 관한 제도를 엄격하게 규정하여 그 법을 어길시에는 주민들에게는 보상을 어긴 이들에게는 벌금을 내게 하여 피해를 최소화 시켜야 한다.#@문장구분# 이러한 보상 및 제도 또한 주민들과의 소통으로 이루어져야 한다고 생각한다.#@문장구분#",
      "paragraph_len": 429,
      "paragraph_id": "002"
    },
    {
      "paragraph_txt": " 세 번째 해결방안은 폐기물 처리 시설이기 때문에 환경에 영향을 많이 준다#@문장구분# 이 폐기물을 잘 처리하여 재활용하면 어떨까?#@문장구분# 우선 폐기물로 만들 수 있는 에너지로 다양한 분야에 사용하는 바이 에너지와 같은 에너지로 부산시에서 연구하여 폐기물 재활용을 최대한 활용하여 환경에 최대한 적은 피해를 주지 않도록 하는 것이다.#@문장구분# 또한 부산시에서는 기장군에는 각별히 더 많은 환경에 대한 예산을 지원해주는 일자리까지 만들 수 있다.#@문장구분# 이 세가지를 적절히 사용하면 이 문제 상황을 문제없이 해결할 수 있다고 생각한다.#@문장구분#",
      "paragraph_len": 378,
      "paragraph_id": "003"
    }
  ],
  "score": {
    "paragraph_score": [
      {
        "paragraph_scoreT": [
          1.6,
          2.8,
          1.6
        ],
        "paragraph_scoreT_detail": {
          "paragraph_scoreT_exp": [
            [
              2,
              2,
              1
            ],
            [
              2,
              3,
              3
            ],
            [
              2,
              2,
              1
            ]
          ]
        },
        "paragraph_scoreT_avg": 2,
        "paragraph_id": "001"
      },
      {
        "paragraph_scoreT": [
          2,
          2.8,
          1.6
        ],
        "paragraph_scoreT_detail": {
          "paragraph_scoreT_exp": [
            [
              2,
              2,
              2
            ],
            [
              2,
              3,
              3
            ],
            [
              2,
              2,
              1
            ]
          ]
        },
        "paragraph_scoreT_avg": 2.1333334,
        "paragraph_id": "002"
      },
      {
        "paragraph_scoreT": [
          1.6,
          2.8,
          1.6
        ],
        "paragraph_scoreT_detail": {
          "paragraph_scoreT_exp": [
            [
              2,
              2,
              1
            ],
            [
              2,
              3,
              3
            ],
            [
              2,
              2,
              1
            ]
          ]
        },
        "paragraph_scoreT_avg": 2,
        "paragraph_id": "003"
      }
    ],
    "essay_scoreT": [
      16.1,
      29.4,
      17.6
    ],
    "essay_scoreT_avg": 21.033333,
    "essay_scoreT_detail": {
      "essay_scoreT_org": [
        [
          1,
          0,
          2,
          3
        ],
        [
          3,
          0,
          3,
          3
        ],
        [
          2,
          0,
          2,
          2
        ]
      ],
      "essay_scoreT_cont": [
        [
          2,
          1,
          2,
          2
        ],
        [
          3,
          3,
          3,
          3
        ],
        [
          2,
          1,
          2,
          2
        ]
      ],
      "essay_scoreT_exp": [
        [
          2,
          2,
          1
        ],
        [
          2,
          3,
          3
        ],
        [
          2,
          2,
          1
        ]
      ]
    }
  },
  "student": {
    "date": "2020.07.08",
    "student_educated": true,
    "student_grade": "고등_1학년",
    "location": "051",
    "student_grade_group": "고등",
    "student_reading": 1
  },
  "rubric": {
    "essay_grade": "고등_1학년",
    "organization_weight": {
      "org_paragraph": 0,
      "org": 3,
      "org_essay": 6,
      "org_coherence": 3,
      "org_quantity": 1
    },
    "essay_type": "대안제시",
    "content_weight": {
      "con_clearance": 3,
      "con_novelty": 3,
      "con": 4,
      "con_prompt": 1,
      "con_description": 3
    },
    "essay_main_subject": "혐오시설 건설문제에 대한 본인의 생각",
    "expression_weight": {
      "exp_style": 4,
      "exp_grammar": 2,
      "exp_vocab": 4,
      "exp": 3
    }
  },
  "correction": [],
  "info": {
    "essay_id": "ESSAY_34907",
    "essay_prompt": " 혐오 시설이란 지역 주민에게 공포감이나 고통을 주거나, 주변 지역의 쾌적성이 훼손됨으로써 집값이나 땅값이 내려가는 등 부정적인 외부효과를 유발하는 시설을 의미합니다.\n\n 대표적인 혐오 시설에는 쓰레기 매립장, 원자력발전소, 소각장, 유류저장소 등이 있습니다.\n\n 매립지, 소각장, 쓰레기 하치장 같은 혐오 시설은 그리 위험하지는 않지만, 쓰레기를 취급한다는 점에서 혐오감을 주며, 주변 환경오염 문제가 갈등을 일으킵니다. 특히 소각장은 인구밀도가 높은 대도시에 건설된다는 점에서 반대 운동이 일기도 합니다.\n\n 그런데 서로 반대만 하다 보면 입지를 찾지 못해 결국 모든 주민의 삶의 질이 저하될 수 있습니다.\n\n 정부 차원에서 가장 적절한 장소를 선별하여 건설 후 주변 사람들에게 혜택을 주는 방식이 적절한 방법일까요? 아니면 혐오 시설만을 모아둔 부지를 따로 정해서 건설해야 할까요? 아니면 모든 도시가 공평하게 혐오 시설 건설에 대한 부담을 지니고 하나씩 건설해야 할까요?\n\n 모두가 만족할만한 결과를 내기란 정말 어려운 문제이지만 여러분이 생각하는 가장 합리적이고 좋은 방법을 생각해보세요. 그리고 그 방법을 대안으로 제시하고 그 근거에 대해 작성해주세요.",
    "essay_type": "대안제시",
    "essay_level": "1",
    "essay_len": 798,
    "essay_main_subject": "혐오시설 건설문제에 대한 본인의 생각"
  }
}