{
  "paragraph": [
    {
      "paragraph_txt": "혐오시설을 생각하면 떠오르는게 한가지 있습니다.#@문장구분# 길거리에 세워져있는 예술이랍시고 세워놓은 건물이나 동상같은것들입니다.#@문장구분# 혐오시설은 사람들에게 혐오감과 불쾌감만을 주는 것만이 아닌 조화를 이루지 못하거나 그 의미를 다하지 못한다면 혐오시설이 된다고 생각합니다. #@문장구분#그리고 혐오시설은 생각보다 우리 주변에 많습니다.#@문장구분# 혐오시설은 무엇이 있을까요?#@문장구분# 혐오시설은 쓰레기 매립장, 원자력 발전소, 소각장, 소음을 유발하는 공장, 유루저장소 또 상황에 따라서 교도소 등이 있습니다쓰레기 매립장이 우리에게 이득이 되지만 우리가 살고있는 곳에 들어선다면 혐오합니다.#@문장구분# 피켓을 들고 반대시위를 하거나 청원을 올리거나 이기적인 행동을 하게 됩니다.#@문장구분# 반대에도 불구하고 쓰레기 매립장이 들어온다면? 잦은 신고와 불쾌함, 주변 부동산들이 피해를 입을것입니다.#@문장구분# 냄새나고 환경도 좋지않다고 생각되는 땅을 살 사람은 없을것입니다.#@문장구분# 혐오시설은 어디에다 지어야 하는가?를 문제로 두었을 때 저는 사람이 별로 없거나 값이 싼 땅, 개발할것이 없는 황무지 같은곳에 지어져야 합니다다.#@문장구분# 아니면 사람이 사는곳에 지어지는 대신에 그곳에 살고있는 주민들에게 해택을 주어야합니다.#@문장구분# 혐오시설이 건설된 지역은 지역 경제에 큰 타격을 입거나 주민들의 미움을 살수도 있습니다.#@문장구분# 따라서 그곳에 살고있는 주민에게 혜택을 주어야합니다.#@문장구분# 첫번쨰로는 교통을 편리하게 할 수 있는 지역 주민 카드를 제공해야 합니다.#@문장구분# 교통이 편리해지면 도시가 생성되서 주민들이 떠날 이유가 없기때문입니다.#@문장구분# 두번째, 나라에서 하는 행사를 몰아주는것도 있습니다.#@문장구분# 사람들의 발길이 끊인 공간에 다시 들일수있는 방법은 그만큼의 가치를 부여해야 합니다.#@문장구분# 셋째 공공시설을 지어주거나 축제를 하나 개발해주어야 합니다.#@문장구분# 공공시설을 지어준다면 주민들이 편안한 생활을 하루있을 것이고 축제가 있으면 지역 경제에 도움이 되기 때문입니다.#@문장구분#",
      "paragraph_len": 1290,
      "paragraph_id": "001"
    }
  ],
  "score": {
    "paragraph_score": [
      {
        "paragraph_scoreT": [
          3,
          3,
          3
        ],
        "paragraph_scoreT_detail": {
          "paragraph_scoreT_exp": [
            [
              3,
              3,
              3
            ],
            [
              3,
              3,
              3
            ],
            [
              3,
              3,
              3
            ]
          ]
        },
        "paragraph_scoreT_avg": 3,
        "paragraph_id": "001"
      }
    ],
    "essay_scoreT": [
      27,
      28.8,
      30
    ],
    "essay_scoreT_avg": 28.6,
    "essay_scoreT_detail": {
      "essay_scoreT_org": [
        [
          2,
          0,
          3,
          3
        ],
        [
          3,
          0,
          3,
          3
        ],
        [
          3,
          0,
          3,
          3
        ]
      ],
      "essay_scoreT_cont": [
        [
          3,
          2,
          3,
          3
        ],
        [
          3,
          2,
          3,
          3
        ],
        [
          3,
          3,
          3,
          3
        ]
      ],
      "essay_scoreT_exp": [
        [
          3,
          3,
          3
        ],
        [
          3,
          3,
          3
        ],
        [
          3,
          3,
          3
        ]
      ]
    }
  },
  "student": {
    "date": "2021.12.06",
    "student_educated": true,
    "student_grade": "고등_1학년",
    "location": "041",
    "student_grade_group": "고등",
    "student_reading": 2
  },
  "rubric": {
    "essay_grade": "고등_1학년",
    "organization_weight": {
      "org_paragraph": 0,
      "org": 3,
      "org_essay": 6,
      "org_coherence": 3,
      "org_quantity": 1
    },
    "essay_type": "대안제시",
    "content_weight": {
      "con_clearance": 3,
      "con_novelty": 3,
      "con": 4,
      "con_prompt": 1,
      "con_description": 3
    },
    "essay_main_subject": "혐오시설 건설문제에 대한 본인의 생각",
    "expression_weight": {
      "exp_style": 4,
      "exp_grammar": 2,
      "exp_vocab": 4,
      "exp": 3
    }
  },
  "correction": [],
  "info": {
    "essay_id": "ESSAY_54687",
    "essay_prompt": " 혐오 시설이란 지역 주민에게 공포감이나 고통을 주거나, 주변 지역의 쾌적성이 훼손됨으로써 집값이나 땅값이 내려가는 등 부정적인 외부효과를 유발하는 시설을 의미합니다.\n\n 대표적인 혐오 시설에는 쓰레기 매립장, 원자력발전소, 소각장, 유류저장소 등이 있습니다.\n\n 매립지, 소각장, 쓰레기 하치장 같은 혐오 시설은 그리 위험하지는 않지만, 쓰레기를 취급한다는 점에서 혐오감을 주며, 주변 환경오염 문제가 갈등을 일으킵니다. 특히 소각장은 인구밀도가 높은 대도시에 건설된다는 점에서 반대 운동이 일기도 합니다.\n\n 그런데 서로 반대만 하다 보면 입지를 찾지 못해 결국 모든 주민의 삶의 질이 저하될 수 있습니다.\n\n 정부 차원에서 가장 적절한 장소를 선별하여 건설 후 주변 사람들에게 혜택을 주는 방식이 적절한 방법일까요? 아니면 혐오 시설만을 모아둔 부지를 따로 정해서 건설해야 할까요? 아니면 모든 도시가 공평하게 혐오 시설 건설에 대한 부담을 지니고 하나씩 건설해야 할까요?\n\n 모두가 만족할만한 결과를 내기란 정말 어려운 문제이지만 여러분이 생각하는 가장 합리적이고 좋은 방법을 생각해보세요. 그리고 그 방법을 대안으로 제시하고 그 근거에 대해 작성해주세요.",
    "essay_type": "대안제시",
    "essay_level": "1",
    "essay_len": 910,
    "essay_main_subject": "혐오시설 건설문제에 대한 본인의 생각"
  }
}