{
  "paragraph": [
    {
      "paragraph_txt": "우리나라는 빠른 산업화로 인해 급속도로 성장하였고 옛날보다 더 잘살게 되었다.#@문장구분# 하지만 빈부격차로 인해 여전히 힘들게 사시는 분들도 계시고 도시화로 인해 농촌에 많은 사람이 살지 않아 힘들게 사시는 분들도 계신다.#@문장구분# 이렇게 산업화는 긍정적인 것도 있지만 부정적인 것도 있다. #@문장구분#나는 그 중 부정적인 영형을 끼치는 것이고 사회 교과서에서도 배웠을 때 어떤 방식으로 해결해야 할지 많은 고민을 안겨주었던 주제이기도 하고 실재로 근처에 쓰레기 버리는 곳을 싫어하는 것을 보았던 혐오시설의 건설 문제에 대해 다뤄 볼 것이다.#@문장구분# \n  혐오시설은 현대 사회에서 필수적으로 필요한 시설이라고 할 수 있는데 그 이유는 쓰레기 매립장을 예로 들면 1인당 쓰레기 배출량이 많은 우리나라에서 쓰레기 매립장이 없으면 쓰레기가 재대로 처리 되지 않아 큰 문제가 생기거나 그냥 자연에 버려 환경을 파괴하는 일을 초래 할 수 있다.#@문장구분# 또한 우리나라는 쓰레기를 완전히 처리하지 못하고 있어 쓰레기가 산처럼 쌓여 있는 곳이 있기 때문에 혐오시설은 매우 중요하다고 할 수 있다.#@문장구분#\n  하지만 혐오시설은 말 그대로 혐오시설 근처에 사는 사람들과 환경에 안 좋은 영향을 끼친다.#@문장구분# 그 이유는 쓰레기 소각장을 예로 들면 쓰레기 소각장은 음식물 쓰레기나 젖은 쓰레기는 잘 안타서 태우기 위해 다른 자원을 같이 태워야 하고 소각하는 과정에서 여러 오염물질이 배출되고 특히 다이옥신이라는 오염물질은 독성이 매우커서 인간에게 발암이나 질병을 야기할 수도 있기 때문에 많은 사람들이 자신이 사는 근처에 쓰레기 소각장이 설치되기를 꺼린다.#@문장구분#\n  그래서 나는 혐오시설이 필수적인 시설이기에 건설되면서 사람들에게 피해를 주지 않을 수 있는 방법이 필요하다고 생각했다.#@문장구분# 하지만 이 방법은 현실적이지 못하고 경제적으로 비효율적이라고 생각한다.#@문장구분# 내가 생각한 방법들은 다음과 같다.#@문장구분# 첫번째 방법으로는 근처에 사는 사람들이 없는 곳에 혐오시설을 건설하는 것이다. #@문장구분#그렇지만 환경문제를 개선하기 힘들다.#@문장구분# 환경을 생각한 방안이 아닌 사람들에게 피해를 가지 않도록 하는 방법이기 때문이다. #@문장구분#또한 쓰레기 매립지나 소각장 같은 경우는 어떤 지역에 쓰레기를 버려야 하는데 사람이 없는 곳까지 쓰레기를 처리하기 위해 옮기면서 비용이 많이 들 것이다.#@문장구분# 또한 우리나라는 국토에 비해 인구가 많아 사람이 많이 살고 있지 않는 곳을 찾기도 힘들다.#@문장구분# 또한 첫 번째 방법과 유사한 방법으로 어떠한 특정한 지역에 혐오시설만 존재하고 사람들이 거의 다니지 않게 만드는 것이다.#@문장구분# 이렇게 하면 특정한 지역만 환경 오염되기에 환경오염을 최소한으로 줄일 수 있고 사람들에게도 최소한으로 피해를 줄 수 있다.#@문장구분# 하지만 이러면 주변에 살던 사람들이 이사를 가야하고 쓰레기를 한곳으로 모으기 위해 교통비가 많이 드는 것처럼 혐오시설의 효율성이 떨어질 수 있다.#@문장구분# 또한 환경오염이 너무 심해져 다른 지역에도 안 좋은 영향을 끼칠 수도 있게 된다.#@문장구분# 마지막 방법으로 혐오시설을 만들지 않고 혐오시설을 대체할 수 있는 시설을 만드는 것이다.#@문장구분# 사람들이 혐오시설이 자신의 지역에 건설되기를 원하는 사람은 거의 없을 것이다.#@문장구분# 그래서 혐오시설 자체를 없애고 혐오시설의 역할을 하면서 사람들에게 피해를 주지 않는 시설을 만들면 된다,#@문장구분# 하지만 그것은 매우 힘들 것이다.#@문장구분# 혐오시설이 혐오시설임에도 쓰이고 있는 이유는 경제적이고 효율적이기 때문이다.#@문장구분# 원자력 발전소를 보면 아무리 안전하다지만 만약 사고가 발생하면 인근에 있는 모든 사람들이 큰 피해를 입을 수 있음에도 전기를 생산 할떄 매우 효율적이기 때문에 우리나라뿐만 아니라 다른 여러 나라들도 원자력 발전소를 이용하고 있다.#@문장구분#\n  이렇듯 장점보다는 단점이 더 많으며 현재에 사람들에게 있을 피해를 최소한으로 할 수 있지만 미래에 더 큰 피해를 줄 수 있다.#@문장구분# 그래서 주변에 사람이 적으면서 사람들이 많이 사는 곳과는 너무 멀지 않은 곳에 건설되는 것이 좋고 혐오시설 근처에 사는 사람이 피해를 입으면 보상해주고 근처에 사는 사람에게 혜택이 있도록 해주는 것이 가장 이상적이라고 생각한다.#@문장구분#",
      "paragraph_len": 2518,
      "paragraph_id": "001"
    }
  ],
  "score": {
    "paragraph_score": [
      {
        "paragraph_scoreT": [
          3,
          3,
          3
        ],
        "paragraph_scoreT_detail": {
          "paragraph_scoreT_exp": [
            [
              3,
              3,
              3
            ],
            [
              3,
              3,
              3
            ],
            [
              3,
              3,
              3
            ]
          ]
        },
        "paragraph_scoreT_avg": 3,
        "paragraph_id": "001"
      }
    ],
    "essay_scoreT": [
      30,
      30,
      30
    ],
    "essay_scoreT_avg": 30,
    "essay_scoreT_detail": {
      "essay_scoreT_org": [
        [
          3,
          0,
          3,
          3
        ],
        [
          3,
          0,
          3,
          3
        ],
        [
          3,
          0,
          3,
          3
        ]
      ],
      "essay_scoreT_cont": [
        [
          3,
          3,
          3,
          3
        ],
        [
          3,
          3,
          3,
          3
        ],
        [
          3,
          3,
          3,
          3
        ]
      ],
      "essay_scoreT_exp": [
        [
          3,
          3,
          3
        ],
        [
          3,
          3,
          3
        ],
        [
          3,
          3,
          3
        ]
      ]
    }
  },
  "student": {
    "date": "2021.10.24",
    "student_educated": true,
    "student_grade": "고등_1학년",
    "location": "063",
    "student_grade_group": "고등",
    "student_reading": 2
  },
  "rubric": {
    "essay_grade": "고등_1학년",
    "organization_weight": {
      "org_paragraph": 0,
      "org": 3,
      "org_essay": 6,
      "org_coherence": 3,
      "org_quantity": 1
    },
    "essay_type": "대안제시",
    "content_weight": {
      "con_clearance": 3,
      "con_novelty": 3,
      "con": 4,
      "con_prompt": 1,
      "con_description": 3
    },
    "essay_main_subject": "혐오시설 건설문제에 대한 본인의 생각",
    "expression_weight": {
      "exp_style": 4,
      "exp_grammar": 2,
      "exp_vocab": 4,
      "exp": 3
    }
  },
  "correction": [],
  "info": {
    "essay_id": "ESSAY_42642",
    "essay_prompt": " 혐오 시설이란 지역 주민에게 공포감이나 고통을 주거나, 주변 지역의 쾌적성이 훼손됨으로써 집값이나 땅값이 내려가는 등 부정적인 외부효과를 유발하는 시설을 의미합니다.\n\n 대표적인 혐오 시설에는 쓰레기 매립장, 원자력발전소, 소각장, 유류저장소 등이 있습니다.\n\n 매립지, 소각장, 쓰레기 하치장 같은 혐오 시설은 그리 위험하지는 않지만, 쓰레기를 취급한다는 점에서 혐오감을 주며, 주변 환경오염 문제가 갈등을 일으킵니다. 특히 소각장은 인구밀도가 높은 대도시에 건설된다는 점에서 반대 운동이 일기도 합니다.\n\n 그런데 서로 반대만 하다 보면 입지를 찾지 못해 결국 모든 주민의 삶의 질이 저하될 수 있습니다.\n\n 정부 차원에서 가장 적절한 장소를 선별하여 건설 후 주변 사람들에게 혜택을 주는 방식이 적절한 방법일까요? 아니면 혐오 시설만을 모아둔 부지를 따로 정해서 건설해야 할까요? 아니면 모든 도시가 공평하게 혐오 시설 건설에 대한 부담을 지니고 하나씩 건설해야 할까요?\n\n 모두가 만족할만한 결과를 내기란 정말 어려운 문제이지만 여러분이 생각하는 가장 합리적이고 좋은 방법을 생각해보세요. 그리고 그 방법을 대안으로 제시하고 그 근거에 대해 작성해주세요.",
    "essay_type": "대안제시",
    "essay_level": "1",
    "essay_len": 1958,
    "essay_main_subject": "혐오시설 건설문제에 대한 본인의 생각"
  }
}