{
  "paragraph": [
    {
      "paragraph_txt": "요즘은 남자들은 세상에서 살기가 힘들만큼 남녀차별이 심하다.#@문장구분# 조선시대때는 남자 중심 사회였다. #@문장구분#그때야 어쩔 수 없었지만 지금은 너무 뒤엉켜 버렸다. #@문장구분#남녀차별은 없다고 생각하는 사람은 대개 여자이다.#@문장구분# 이처럼 여자들은 좋은 대우를 받아서 자신들은 차별을 받고 있지 않다고 생각하는데 남자들은 점점 사회속에서 그 존재가 박해받고 있다.#@문장구분# 내 나이 또래 학생들은 학교에서 남녀차별에 압박 받고 있다.#@문장구분# 남녀차별은 대개 학교에서도 일어나고 있다. #@문장구분#남녀가 같이 나쁜일을 저지르더라도 그게 여자라면 체벌이 한층 더 낮아진다.#@문장구분# 여자 애들이 꾸중을 듣는다면 남자애들은 손바닥 등 다른 신체부위를 매로 맞을 것이다.#@문장구분# 다른 아이들은 모르지만 나인 경우 아주 많은 차별을 받고 있다. #@문장구분#큰일에서 사소한  일까지 모두 다 차별받고 있다.#@문장구분# 좀 별난 여자애들은 강한데 남자 애들을 때리는 경우도 가끔은 있다.#@문장구분# 그런 경우 남자애들이 선생님께 호소를 해도 남자는 강하다며 그깟 일은 아무것도 아니라면 그냥 지나치게 한다.#@문장구분# 우리 학교 모모선생님은 남녀를 지나 치게 차별을 한다.#@문장구분# 여자애들이 사고를 치면 이 모모선생님은\"이게 다 남자애들이 여자 애들을 주의 깊게 살피지 않은 탓이야\"라며 지나치게 아이들을 편애하고 있다.#@문장구분# 학교 선생님도 학원 선생님도 남자들이 더 강하니 남자들은 더 편애해도 된다는 생각을 버려야 한다고 생각한다.#@문장구분# 그런 사회 속에서 살면 선생님만 탓하고 그러면 더 좋아질건 아무것도 없다.#@문장구분# 즉 남녀차별을 해서 얻는 이익은 없다.#@문장구분# 남녀를 모두 평등하게 대하고 남자들의 존재도 여자들 만큼 중요시 여겼으면 좋겠다.#@문장구분# 모든 선생님이 남녀를 모두 평등하게 여긴다면 남녀 모두가 더욱 즐겁게 사회속에서 생활 할 수 있을 것이다. #@문장구분#작은 곳에서부터 시작되어야 한다.#@문장구분#",
      "paragraph_len": 1285,
      "paragraph_id": "001"
    }
  ],
  "score": {
    "paragraph_score": [
      {
        "paragraph_scoreT": [
          3,
          3,
          3
        ],
        "paragraph_scoreT_detail": {
          "paragraph_scoreT_exp": [
            [
              3,
              3,
              3
            ],
            [
              3,
              3,
              3
            ],
            [
              3,
              3,
              3
            ]
          ]
        },
        "paragraph_scoreT_avg": 3,
        "paragraph_id": "001"
      }
    ],
    "essay_scoreT": [
      28.8,
      29.7,
      28.8
    ],
    "essay_scoreT_avg": 29.1,
    "essay_scoreT_detail": {
      "essay_scoreT_org": [
        [
          3,
          0,
          3,
          3
        ],
        [
          3,
          0,
          3,
          2
        ],
        [
          3,
          0,
          3,
          3
        ]
      ],
      "essay_scoreT_cont": [
        [
          3,
          2,
          3,
          3
        ],
        [
          3,
          3,
          3,
          3
        ],
        [
          3,
          2,
          3,
          3
        ]
      ],
      "essay_scoreT_exp": [
        [
          3,
          3,
          3
        ],
        [
          3,
          3,
          3
        ],
        [
          3,
          3,
          3
        ]
      ]
    }
  },
  "student": {
    "date": "2021.12.13",
    "student_educated": true,
    "student_grade": "고등_1학년",
    "location": "063",
    "student_grade_group": "고등",
    "student_reading": 2
  },
  "rubric": {
    "essay_grade": "고등_1학년",
    "organization_weight": {
      "org_paragraph": 0,
      "org": 3,
      "org_essay": 6,
      "org_coherence": 3,
      "org_quantity": 1
    },
    "essay_type": "대안제시",
    "content_weight": {
      "con_clearance": 3,
      "con_novelty": 3,
      "con": 4,
      "con_prompt": 1,
      "con_description": 3
    },
    "essay_main_subject": "남녀 갈등 해결 방안",
    "expression_weight": {
      "exp_style": 4,
      "exp_grammar": 2,
      "exp_vocab": 4,
      "exp": 3
    }
  },
  "correction": [],
  "info": {
    "essay_id": "ESSAY_62100",
    "essay_prompt": " 남녀 갈등은 최근 우리 사회에서 가장 뜨거운 이슈 중 하나입니다. 이러한 갈등은 아직 간극을 좁히지 못하고 현재 사회적인 문제로 자리 잡았습니다.\n\n 군 가산점 문제, 일자리 문제 등 여러 가지 비교 자료들을 토대로 토론을 하고 이를 통해 갈등을 해결하고자 하는 노력이 이루어지고 있습니다.\n\n 과거에는 성차별 심했던 시기가 있었습니다. 여자와 남자를 구별 지어 일을 주는 경우도 많았습니다. 하지만, 현재는 여자와 남자라는 성별을 떠나서 나이, 국적을 불문하고 모두에게 평등한 기회를 주기 위해 노력하고 있습니다.\n\n 이렇게 모두의 노력에도 불구하고 아직 해결되지 않았거나 해결될 기미가 보이지 않는 양성평등 문제가 있을까요?\n\n 아주 작은 사소한 일이라도 좋습니다. 여러분이 생각하는 우리 주변의 양성평등 문제를 하나 작성해보고 어떻게 해결할 수 있을지 혹은 무엇이 바뀌어야 해결될 것 같은지 본인의 생각을 설명해주세요. ",
    "essay_type": "대안제시",
    "essay_level": "1",
    "essay_len": 855,
    "essay_main_subject": "남녀 갈등 해결 방안"
  }
}