{
  "paragraph": [
    {
      "paragraph_txt": "남자와 여자란 것은 서로 부족한 부분을 보완하고 발전해 나갈 수 있는 관계인데, 이제는 서로서로의 성을 죽이지 못해 안달 난 것처럼 행동하고 있다.#@문장구분# 분명한 것은 서로 배려하고 맞춰나가려는 생각을 하지 않고 증오와 갈등만 양산하고 있고 정책, 정치적으로 이득을 보려는 세력들도 문제가 많다.#@문장구분# 여성 보좌진이 지난 19대 국회의원 시절 피감기관의 지원으로 해외 출장을 다녀온 일이 문제가 되고 있다.#@문장구분# 야당과 일부 언론은 동행한 사람이 '여성'이라는 것에 초점을 맞추어 자극적인 발언으로 보좌진의 전문성과 능력을 무시하는 비하를 했다.#@문장구분# 이건 성차별적인 인식을 여지없이 드러내는 것이다.#@문장구분# 그런가 하면 지난 2018년, 한 여성 커뮤니티 사이트에 어떤 모델 남성의 나체사진이 올라온 것도 화제가 됐었다.#@문장구분# 일명 '몰카 범죄'라고 불리는 이러한 범죄는 남녀 갈등 결과의 양상으로 나타나기도 한다.#@문장구분# 이 외에도 손으로 이성인 다른 사람을 가격하고 심지어 살해까지 하는 참담한 사례도 있었다.#@문장구분# 그렇다면, 이런 남녀 갈등의 원인은 무엇일까?#@문장구분# 먼저, 옛날부터 지속되던 관습 중 남성 우대 관습을 꼽을 수 있다.#@문장구분# 집안일은 여자가 해야 한다든지 여성은 취업을 잘 안 시켜준다든지 등의 문제가 있다.#@문장구분# 비록 현대에 와서는 이러한 정도는 아니지만 원초적인 원인이라 하기엔 충분하다.#@문장구분# 그리고 두 번째로 특정 커뮤니티의 게시물을 문제로 꼽을 수 있다.#@문장구분# 여성주의, 즉 페미니즘은 본래 여성의 권리와 주체성을 확장하고 강화해야 한다는 것인데, 최근 이러한 페미니즘이 악성으로 변형되고 있다.#@문장구분# 앞서 말했듯이, 남성의 나체사진을 올리고 아무렇지 않게 깎아내리고, 남성을 비하하고 혐오하는 것을 목적으로 입에 담기 힘든 말이 쏟아지기도 한다.#@문장구분# 거듭 강조하지만, 남녀 갈등의 원인 가장 큰 비중을 차지하는 것이 바로 혐\n 오 게시물이다.#@문장구분# 해결 방안을 모색하기 전 간단히 예를 들면, 여성우월주의 사이트의 대표이자 심각한 남녀갈등을 야기하는 워마드라는 사이트에서는 '한남충'같은 혐오 표현이 주를 이룬다고 한다.#@문장구분# 이런 표현들이 이슈가 되어 남녀 갈등을 불러일으키는데, 이러한 게시물들은 네티즌으로 하여금 지울 수 있게 조치해야 한다는 의견들이 불거지고 있다.#@문장구분# 현재까지 남녀 갈등이 지속되고 있는 또 다른 까닭은 사회적 인식의 부재라고 할 수 있는데, 남녀 갈등에 대해 심각하다고는 하지만 적절한 논의없이 서로 혐오 표현을 남발하며 갈등은 커지고 애꿎은 기업과 사람이 논란에 휩싸이는 일이 일어나기도 한다.#@문장구분# 여기에 대한 해결책으로 남녀 갈등을 중대한 사회문제로 여기고 대대적인 공론화를 통해 사람들이 이 문제를 인식하고 남녀 갈등의 인식을 바꿔 남녀평등의 첫 출발로 도약해야 한다는 것이다.#@문장구분# 남녀 갈등이 절정으로 치닫은 지금 과거부터 관습처럼 박혀왔던 성 고정관념과 인식이 각종 차별로 드러나고 있는데 이는 잘 극복하면 남녀평등을 이룰 수 있다.#@문장구분# 하지만 그 과정에서 발생하는 혐오와 피해는 제재와 공론화를 통해 최소화하고 남녀 갈등에 대한 인식을 전환해 볼 필요가 있다.#@문장구분#",
      "paragraph_len": 1907,
      "paragraph_id": "001"
    }
  ],
  "score": {
    "paragraph_score": [
      {
        "paragraph_scoreT": [
          3,
          3,
          3
        ],
        "paragraph_scoreT_detail": {
          "paragraph_scoreT_exp": [
            [
              3,
              3,
              3
            ],
            [
              3,
              3,
              3
            ],
            [
              3,
              3,
              3
            ]
          ]
        },
        "paragraph_scoreT_avg": 3,
        "paragraph_id": "001"
      }
    ],
    "essay_scoreT": [
      27.6,
      28.2,
      30
    ],
    "essay_scoreT_avg": 28.6,
    "essay_scoreT_detail": {
      "essay_scoreT_org": [
        [
          3,
          0,
          3,
          3
        ],
        [
          2,
          0,
          3,
          3
        ],
        [
          3,
          0,
          3,
          3
        ]
      ],
      "essay_scoreT_cont": [
        [
          3,
          2,
          3,
          2
        ],
        [
          3,
          3,
          3,
          3
        ],
        [
          3,
          3,
          3,
          3
        ]
      ],
      "essay_scoreT_exp": [
        [
          3,
          3,
          3
        ],
        [
          3,
          3,
          3
        ],
        [
          3,
          3,
          3
        ]
      ]
    }
  },
  "student": {
    "date": "2021.11.19",
    "student_educated": true,
    "student_grade": "고등_1학년",
    "location": "051",
    "student_grade_group": "고등",
    "student_reading": 1
  },
  "rubric": {
    "essay_grade": "고등_1학년",
    "organization_weight": {
      "org_paragraph": 0,
      "org": 3,
      "org_essay": 6,
      "org_coherence": 3,
      "org_quantity": 1
    },
    "essay_type": "대안제시",
    "content_weight": {
      "con_clearance": 3,
      "con_novelty": 3,
      "con": 4,
      "con_prompt": 1,
      "con_description": 3
    },
    "essay_main_subject": "남녀 갈등 해결 방안",
    "expression_weight": {
      "exp_style": 4,
      "exp_grammar": 2,
      "exp_vocab": 4,
      "exp": 3
    }
  },
  "correction": [],
  "info": {
    "essay_id": "ESSAY_48457",
    "essay_prompt": " 남녀 갈등은 최근 우리 사회에서 가장 뜨거운 이슈 중 하나입니다. 이러한 갈등은 아직 간극을 좁히지 못하고 현재 사회적인 문제로 자리 잡았습니다.\n\n 군 가산점 문제, 일자리 문제 등 여러 가지 비교 자료들을 토대로 토론을 하고 이를 통해 갈등을 해결하고자 하는 노력이 이루어지고 있습니다.\n\n 과거에는 성차별 심했던 시기가 있었습니다. 여자와 남자를 구별 지어 일을 주는 경우도 많았습니다. 하지만, 현재는 여자와 남자라는 성별을 떠나서 나이, 국적을 불문하고 모두에게 평등한 기회를 주기 위해 노력하고 있습니다.\n\n 이렇게 모두의 노력에도 불구하고 아직 해결되지 않았거나 해결될 기미가 보이지 않는 양성평등 문제가 있을까요?\n\n 아주 작은 사소한 일이라도 좋습니다. 여러분이 생각하는 우리 주변의 양성평등 문제를 하나 작성해보고 어떻게 해결할 수 있을지 혹은 무엇이 바뀌어야 해결될 것 같은지 본인의 생각을 설명해주세요. ",
    "essay_type": "대안제시",
    "essay_level": "1",
    "essay_len": 1467,
    "essay_main_subject": "남녀 갈등 해결 방안"
  }
}