{
  "paragraph": [
    {
      "paragraph_txt": "혐오시설 건설 문제는 지역주민의 의견이 중요하다.#@문장구분# 하지만 혐오시설 건설을 좋아하는 지역 주민은 드물다 하지만 누군가 희생하지 않는다면 혐오 시설 문제를 해결 하기 어렵다.#@문장구분# 만약 내가 혐오 시설 건설을 하는곳의 지역 주민 이라면 나의집 집값을 떨어뜨리는 혐오시설의 건설에 반대 할것이다.#@문장구분# 하지만 내가 살고 있는 지역 이지만 사람이 살고 있지 않거나 동 떨어져 있는 곳이라면 찬성 할거 같다.#@문장구분# 그러므로 혐오시설 건설 문제는 지역 사람만의 문제가 아니라 모두 다같이 생각하고 의견을 나누어야 하는 문제이다.#@문장구분# 그러나 나와 의견이 다른 사람이 있을 수  도 있다.#@문장구분# 그치만 만약 내가 아니라 혐오 시설을 설치하는 곳에 내가 산다면 어떨까?#@문장구분#  그럼 대부분이 혐오 시설 건설에 반대 할것 이다.#@문장구분# 그러나 혐오 시설을 건설하는 곳에 그것의 대한 혜택을 주거나 정책을 마련하면 어떨까?#@문장구분# 그럼 반대 하던 사람의 일부도 찬성 할 수 있을것이다.#@문장구분# 이처럼 혐오시설 건설에 대한 사람들의 반발이 거세지는것은 정부의 옳바른 혜택이나 정책이 중요하다고 생각한다.#@문장구분# 그리고 혐오시설의 건설에는 안 좋은 점만 있다고 생각 할수는 없다.#@문장구분# 혐오시설이 건설에 된다면 혐오시설중 대표가 되는 원자력 발전소를 예로 들어보자.#@문장구분# 원자력 발전소가 사람들이  살지 않는곳이 아닌 사람들이 사는 도시의 근처에 짓는다면 어떻게 될까?#@문장구분# 일단 우리는 대부분이 에너지를 사용하지 않고서는 일상생활에 문제가 있을수 밖에 없다.#@문장구분# 현재 신재생 에너지라는 에너지를 활용 할려고 하지만 사실상 어렵다.#@문장구분# 하지만 최소한의 환경오혐을 줄일수 있는것은 원자력 발전소가 있다.#@문장구분# 이처럼 원자력 발전소의 안전이 확보가 된다면 그 지역의 경제가 발전 될수 있다고 생각한다.#@문장구분# 혐오시설은 사실 우리가 살아가기 위해서는 꼭 필요한 시설이다.#@문장구분# 이 시설을 설치한다고 반대만 한다면 절대로 이 문제가 해결되지 않을 것이다.#@문장구분# 앞으로 서로 배려하고 사랑하여 이러한 문제가 조속히 해결되는 사회가 왔으면 좋겠다.#@문장구분#",
      "paragraph_len": 1377,
      "paragraph_id": "001"
    }
  ],
  "score": {
    "paragraph_score": [
      {
        "paragraph_scoreT": [
          3,
          3,
          3
        ],
        "paragraph_scoreT_detail": {
          "paragraph_scoreT_exp": [
            [
              3,
              3,
              3
            ],
            [
              3,
              3,
              3
            ],
            [
              3,
              3,
              3
            ]
          ]
        },
        "paragraph_scoreT_avg": 3,
        "paragraph_id": "001"
      }
    ],
    "essay_scoreT": [
      30,
      26,
      26
    ],
    "essay_scoreT_avg": 27.333334,
    "essay_scoreT_detail": {
      "essay_scoreT_org": [
        [
          3,
          0,
          3,
          3
        ],
        [
          3,
          0,
          3,
          3
        ],
        [
          3,
          0,
          3,
          3
        ]
      ],
      "essay_scoreT_cont": [
        [
          3,
          3,
          3,
          3
        ],
        [
          2,
          2,
          2,
          2
        ],
        [
          2,
          2,
          2,
          2
        ]
      ],
      "essay_scoreT_exp": [
        [
          3,
          3,
          3
        ],
        [
          3,
          3,
          3
        ],
        [
          3,
          3,
          3
        ]
      ]
    }
  },
  "student": {
    "date": "2021.10.24",
    "student_educated": true,
    "student_grade": "고등_1학년",
    "location": "041",
    "student_grade_group": "고등",
    "student_reading": 1
  },
  "rubric": {
    "essay_grade": "고등_1학년",
    "organization_weight": {
      "org_paragraph": 0,
      "org": 3,
      "org_essay": 6,
      "org_coherence": 3,
      "org_quantity": 1
    },
    "essay_type": "대안제시",
    "content_weight": {
      "con_clearance": 3,
      "con_novelty": 3,
      "con": 4,
      "con_prompt": 1,
      "con_description": 3
    },
    "essay_main_subject": "혐오시설 건설문제에 대한 본인의 생각",
    "expression_weight": {
      "exp_style": 4,
      "exp_grammar": 2,
      "exp_vocab": 4,
      "exp": 3
    }
  },
  "correction": [],
  "info": {
    "essay_id": "ESSAY_51859",
    "essay_prompt": " 혐오 시설이란 지역 주민에게 공포감이나 고통을 주거나, 주변 지역의 쾌적성이 훼손됨으로써 집값이나 땅값이 내려가는 등 부정적인 외부효과를 유발하는 시설을 의미합니다.\n\n 대표적인 혐오 시설에는 쓰레기 매립장, 원자력발전소, 소각장, 유류저장소 등이 있습니다.\n\n 매립지, 소각장, 쓰레기 하치장 같은 혐오 시설은 그리 위험하지는 않지만, 쓰레기를 취급한다는 점에서 혐오감을 주며, 주변 환경오염 문제가 갈등을 일으킵니다. 특히 소각장은 인구밀도가 높은 대도시에 건설된다는 점에서 반대 운동이 일기도 합니다.\n\n 그런데 서로 반대만 하다 보면 입지를 찾지 못해 결국 모든 주민의 삶의 질이 저하될 수 있습니다.\n\n 정부 차원에서 가장 적절한 장소를 선별하여 건설 후 주변 사람들에게 혜택을 주는 방식이 적절한 방법일까요? 아니면 혐오 시설만을 모아둔 부지를 따로 정해서 건설해야 할까요? 아니면 모든 도시가 공평하게 혐오 시설 건설에 대한 부담을 지니고 하나씩 건설해야 할까요?\n\n 모두가 만족할만한 결과를 내기란 정말 어려운 문제이지만 여러분이 생각하는 가장 합리적이고 좋은 방법을 생각해보세요. 그리고 그 방법을 대안으로 제시하고 그 근거에 대해 작성해주세요.",
    "essay_type": "대안제시",
    "essay_level": "1",
    "essay_len": 957,
    "essay_main_subject": "혐오시설 건설문제에 대한 본인의 생각"
  }
}