{
  "paragraph": [
    {
      "paragraph_txt": "혐오 시설이란 지역 주민에게 공포감이나 고통을 주거나, 주변 지역의 쾌적성이 훼손됨으로써 집값이나 땅값이 내려가는 등 부정적인 외부효과를 유발하는 시설을 의미합니다.#@문장구분#\n  \n대표적인 혐오 시설에는 쓰레기 매립장, 원자력발전소, 소각장, 유류저장소 등이 있습니다.#@문장구분# 저는 최근에 혐오시설 설치에 대한 논란 중에 특수학교에 관한 내용을 본적이 있다.#@문장구분# 학부모들이 무릎을 꿇으며 애원하는 것이 안타까웠다 왜 특수학교를 혐오시설로 규정하는 것이 옳지 건지 생각할 수 있지만 특수학교 또한 그 지역 주민들에게 땅값이 떨어지는 피해를 주므로 혐오시설로 규정 될 수 있다.#@문장구분# 일반 고등학교 대학교가 들어온다하면 아마도 대 환영 이였을 것이다.#@문장구분# 학군형성으로. 사람들의 관점은 참 이기적인거 같다 내가 보기에 장애를 갖어 불편해 보이는 사람이 혐오 라는 생각. 무섭다는 생각이 들었다#@문장구분# 누구나 장애는 경험하고 나에게 내 가족에게 올 수 있는 것인데 내일 아니라고 혐오로 단정 짓는 생각이 무섭다 혐오시설 설치에 관해서는 공익을 위함과 반대 측의 불편이 공존하므로 님비현상님비현상 (NIMBY) \"Not In My Backyard\"이 일어날 수 밖에 없다고 생각 한다. #@문장구분#정부, 설치 찬성 측과 지역주민, 설치 반대 측이 의견이 잘 타협되어야 한다.#@문장구분# 반대 측이 반대시위를 하며 본인들의 이익을 챙기는 것은 필연적인 일이다.#@문장구분# 정부 측은 이들에게 최대한의 혜택을 주어야 한다고 생각한다.#@문장구분# 그 주변의 주민들에게 전기세를 면제해주는 혜택을 준다고 한다.#@문장구분# 쓰레기 처리장 주변에서도 쓰레기 처리 비용을 감면해 주는 등 최선의 혜택을 주면 님비현상 (NIMBY) \"Not In My Backyard\"혐오시설이 핌비, 선호시설이 될 수 도 있다고 생각한다.#@문장구분# 하지만 이러한 혜택을 준다고 선호시설이 되는 경우는 드물다.#@문장구분# 혜택을 준다 해서 혐오시설이 주는 피해요인은 극복하기 어려운 것이 사실이다#@문장구분#",
      "paragraph_len": 1203,
      "paragraph_id": "001"
    }
  ],
  "score": {
    "paragraph_score": [
      {
        "paragraph_scoreT": [
          2.6,
          3,
          3
        ],
        "paragraph_scoreT_detail": {
          "paragraph_scoreT_exp": [
            [
              3,
              3,
              2
            ],
            [
              3,
              3,
              3
            ],
            [
              3,
              3,
              3
            ]
          ]
        },
        "paragraph_scoreT_avg": 2.8666668,
        "paragraph_id": "001"
      }
    ],
    "essay_scoreT": [
      27.599998,
      28.8,
      30
    ],
    "essay_scoreT_avg": 28.799997,
    "essay_scoreT_detail": {
      "essay_scoreT_org": [
        [
          3,
          0,
          3,
          3
        ],
        [
          3,
          0,
          3,
          3
        ],
        [
          3,
          0,
          3,
          3
        ]
      ],
      "essay_scoreT_cont": [
        [
          3,
          2,
          3,
          3
        ],
        [
          3,
          2,
          3,
          3
        ],
        [
          3,
          3,
          3,
          3
        ]
      ],
      "essay_scoreT_exp": [
        [
          3,
          3,
          2
        ],
        [
          3,
          3,
          3
        ],
        [
          3,
          3,
          3
        ]
      ]
    }
  },
  "student": {
    "date": "2021.12.06",
    "student_educated": true,
    "student_grade": "고등_1학년",
    "location": "063",
    "student_grade_group": "고등",
    "student_reading": 2
  },
  "rubric": {
    "essay_grade": "고등_1학년",
    "organization_weight": {
      "org_paragraph": 0,
      "org": 3,
      "org_essay": 6,
      "org_coherence": 3,
      "org_quantity": 1
    },
    "essay_type": "대안제시",
    "content_weight": {
      "con_clearance": 3,
      "con_novelty": 3,
      "con": 4,
      "con_prompt": 1,
      "con_description": 3
    },
    "essay_main_subject": "혐오시설 건설문제에 대한 본인의 생각",
    "expression_weight": {
      "exp_style": 4,
      "exp_grammar": 2,
      "exp_vocab": 4,
      "exp": 3
    }
  },
  "correction": [],
  "info": {
    "essay_id": "ESSAY_57102",
    "essay_prompt": " 혐오 시설이란 지역 주민에게 공포감이나 고통을 주거나, 주변 지역의 쾌적성이 훼손됨으로써 집값이나 땅값이 내려가는 등 부정적인 외부효과를 유발하는 시설을 의미합니다.\n\n 대표적인 혐오 시설에는 쓰레기 매립장, 원자력발전소, 소각장, 유류저장소 등이 있습니다.\n\n 매립지, 소각장, 쓰레기 하치장 같은 혐오 시설은 그리 위험하지는 않지만, 쓰레기를 취급한다는 점에서 혐오감을 주며, 주변 환경오염 문제가 갈등을 일으킵니다. 특히 소각장은 인구밀도가 높은 대도시에 건설된다는 점에서 반대 운동이 일기도 합니다.\n\n 그런데 서로 반대만 하다 보면 입지를 찾지 못해 결국 모든 주민의 삶의 질이 저하될 수 있습니다.\n\n 정부 차원에서 가장 적절한 장소를 선별하여 건설 후 주변 사람들에게 혜택을 주는 방식이 적절한 방법일까요? 아니면 혐오 시설만을 모아둔 부지를 따로 정해서 건설해야 할까요? 아니면 모든 도시가 공평하게 혐오 시설 건설에 대한 부담을 지니고 하나씩 건설해야 할까요?\n\n 모두가 만족할만한 결과를 내기란 정말 어려운 문제이지만 여러분이 생각하는 가장 합리적이고 좋은 방법을 생각해보세요. 그리고 그 방법을 대안으로 제시하고 그 근거에 대해 작성해주세요.",
    "essay_type": "대안제시",
    "essay_level": "1",
    "essay_len": 923,
    "essay_main_subject": "혐오시설 건설문제에 대한 본인의 생각"
  }
}