{
  "paragraph": [
    {
      "paragraph_txt": "혐오시설들이 사람들이 생활하는데에 꼭 필요한 시설이라는 점은 틀림이 없다고 생각한다.#@문장구분# 그렇기 때문에 어쩔 수 없이 한 지역에 설치하면, 그 지역주민들에게 혜택을 주는 것이 그 지역주민들도 납득가고 이해 할 수도 있는 가장 효과적인 방안이라고 생각한다.#@문장구분# 혐오시설들은 지역주민들도 꼭 사용해야 하는 시설인데다가, 더불어 혜택 또한 주기 때문에 서로 윈윈이 되리라고 생각한다.#@문장구분# 설치된 혐오시설로 지역주민들에게 주는 혜택 덕분에 지역주민들이 이사를 가는것보다 다른 지역주민들이 새로 이사를 와, 집 값이 떨어져버리는 문제 또한 해결 할 수 있을 것이다.#@문장구분# 그렇기에 혐오시설을 설치한 지역의 주민들에게 혜택을 주는 방법을 선택해, 혐오시설 건설에 대한 문제를 해결하여야 한다.#@문장구분# 하지만 이러한 방법들에도 허점이 있다고 생각한다.#@문장구분# 혐오시설을 설치한다고 아무리 혜택을 준다고 해도 혐오시설은 혐오시설이라고 생각하기 때문에 이러한 인식을 바꿔야 된다고 생각합니다.#@문장구분# 우선 인식을 바꾸기 위해서는 일본처럼 혐오시설을 설치하는 지역에 혜택을 주는 법안을 발의하면 좋을 것 같다고 생각한다.#@문장구분# 이런 법안이 발의되면 혐오시설을 자기 지역에 유치하려는 지자체들이 많아질 것이고 혐오시설에 대한 인식이 좋아질 것으로 예상된다.#@문장구분# 그 시설이 들어온다고 엄청 난 피해가 있는것도 아니고, 희생이 필요한것도 아닌데 왜이렇게 반대를 하시는지 궁금합니다.#@문장구분# 물론 쓰레기하치장은 냄새나 오염,공기등이 안좋아진다고 생각하실수도 있지만 우리가 버리는 쓰레기를 버리는곳입니다.#@문장구분# 우리가 음식을 남기지않고 다 먹거나, 먹을 만큼 덜어두고 먹다보면 음식물 쓰레기가 없어지지 않을까요?#@문장구분# 정말 아예 없어지긴 어려울거라는건 압니다.#@문장구분# 하지만 우리들이 맨날 먹고 버리는 음식물 때문에 환경도 안좋아진다는걸 알고 계시나요?#@문장구분# 그러니 서로 양보하고 서로 타엽하여 더 낳은 미래를 만들어 나가야 할 것입니다.#@문장구분#",
      "paragraph_len": 1215,
      "paragraph_id": "001"
    }
  ],
  "score": {
    "paragraph_score": [
      {
        "paragraph_scoreT": [
          2.8,
          2.8,
          2.4
        ],
        "paragraph_scoreT_detail": {
          "paragraph_scoreT_exp": [
            [
              2,
              3,
              3
            ],
            [
              2,
              3,
              3
            ],
            [
              2,
              2,
              3
            ]
          ]
        },
        "paragraph_scoreT_avg": 2.6666667,
        "paragraph_id": "001"
      }
    ],
    "essay_scoreT": [
      26.1,
      26.1,
      28.2
    ],
    "essay_scoreT_avg": 26.800001,
    "essay_scoreT_detail": {
      "essay_scoreT_org": [
        [
          3,
          0,
          2,
          3
        ],
        [
          3,
          0,
          2,
          3
        ],
        [
          3,
          0,
          3,
          3
        ]
      ],
      "essay_scoreT_cont": [
        [
          3,
          2,
          3,
          2
        ],
        [
          3,
          2,
          3,
          2
        ],
        [
          3,
          3,
          3,
          3
        ]
      ],
      "essay_scoreT_exp": [
        [
          2,
          3,
          3
        ],
        [
          2,
          3,
          3
        ],
        [
          2,
          2,
          3
        ]
      ]
    }
  },
  "student": {
    "date": "2021.12.13",
    "student_educated": true,
    "student_grade": "고등_1학년",
    "location": "063",
    "student_grade_group": "고등",
    "student_reading": 2
  },
  "rubric": {
    "essay_grade": "고등_1학년",
    "organization_weight": {
      "org_paragraph": 0,
      "org": 3,
      "org_essay": 6,
      "org_coherence": 3,
      "org_quantity": 1
    },
    "essay_type": "대안제시",
    "content_weight": {
      "con_clearance": 3,
      "con_novelty": 3,
      "con": 4,
      "con_prompt": 1,
      "con_description": 3
    },
    "essay_main_subject": "혐오시설 건설문제에 대한 본인의 생각",
    "expression_weight": {
      "exp_style": 4,
      "exp_grammar": 2,
      "exp_vocab": 4,
      "exp": 3
    }
  },
  "correction": [],
  "info": {
    "essay_id": "ESSAY_63043",
    "essay_prompt": " 혐오 시설이란 지역 주민에게 공포감이나 고통을 주거나, 주변 지역의 쾌적성이 훼손됨으로써 집값이나 땅값이 내려가는 등 부정적인 외부효과를 유발하는 시설을 의미합니다.\n\n 대표적인 혐오 시설에는 쓰레기 매립장, 원자력발전소, 소각장, 유류저장소 등이 있습니다.\n\n 매립지, 소각장, 쓰레기 하치장 같은 혐오 시설은 그리 위험하지는 않지만, 쓰레기를 취급한다는 점에서 혐오감을 주며, 주변 환경오염 문제가 갈등을 일으킵니다. 특히 소각장은 인구밀도가 높은 대도시에 건설된다는 점에서 반대 운동이 일기도 합니다.\n\n 그런데 서로 반대만 하다 보면 입지를 찾지 못해 결국 모든 주민의 삶의 질이 저하될 수 있습니다.\n\n 정부 차원에서 가장 적절한 장소를 선별하여 건설 후 주변 사람들에게 혜택을 주는 방식이 적절한 방법일까요? 아니면 혐오 시설만을 모아둔 부지를 따로 정해서 건설해야 할까요? 아니면 모든 도시가 공평하게 혐오 시설 건설에 대한 부담을 지니고 하나씩 건설해야 할까요?\n\n 모두가 만족할만한 결과를 내기란 정말 어려운 문제이지만 여러분이 생각하는 가장 합리적이고 좋은 방법을 생각해보세요. 그리고 그 방법을 대안으로 제시하고 그 근거에 대해 작성해주세요.",
    "essay_type": "대안제시",
    "essay_level": "1",
    "essay_len": 915,
    "essay_main_subject": "혐오시설 건설문제에 대한 본인의 생각"
  }
}