{
  "paragraph": [
    {
      "paragraph_txt": "내가 4학년 때였는데 친구에게 공기를 배워서 집에 왔었던 때가 있었다.#@문장구분# \"오빠! 우리 공기놀이 하자.\"\"그래, 너 부터 해라.\" 하며 재미있게 하고 있는데 엄마가 좀 보시다가 \" 음, 상우야. 남자가 공기놀이를 하는 건 좀 아닌 거 같은데........\" 하시며 슬쩍 끼어들으시는 것이었다.#@문장구분# \"엄마! 이게 뭐 어때서! 법으로 정해진 것도 아니잖아. 이거 해도 되는 거야. 우리 반 남자애들도 하는데.......\" 하면 내가 크게 실망했던 적이 있었다.#@문장구분# 나는 그 때 엄마까지도 남녀 차별을 했기 때문에 짜증이 났었다.#@문장구분# 솔직히 우리가 노는 것에도 차별을 하니까 말이다.#@문장구분# 어릴 때에는 누구나 섞여서 놓는 것이 정상적이다.#@문장구분# 그리고 공기놀이가 여자들만 하는 것이라면 남자에게는 팔지도 않는 비밀 거래가 됐을 것이다. #@문장구분#공기놀이도 엄연한 놀이이다.#@문장구분#그러니 자유롭게 놀 수 있도록 해야 한다. #@문장구분#우리의 일상생활에서는 이렇게 많은 양성평등이 일어난다.#@문장구분# 그렇기 때문에 고정관념도 생겨난 것이다.#@문장구분# 그렇다면 이런 고정관념과 양성평등이 없어지기 위해서는 어떻게 해야 할까?#@문장구분# 조금 더 폭 넓은 생각을 가지고 고정관념을 없애야 한다.#@문장구분# 그리고 양성평등을 줄이려면 다른 사람을 이해시키고 설득시키는 것도 중요하다고 생각한다.#@문장구분#  직접 실천하여 다른 사람들도 바뀔수 있도록 서로 도와가는 사회가 되길 바란다.#@문장구분# 이러한 고정관념을 바꾸면 간호사 하면 당연히 여자일것이라고 생각하는 것과 엔지니어라고 하면 당연히 남자라고 생각하는 그런 고정관념이 사라질 것이라고 믿는다.#@문장구분# 직업을 가지는데에는 성별이 필요 없고 오직 능력만 필요 있다고 생각하는 그런 사회가 오리라 믿는다.#@문장구분#",
      "paragraph_len": 1139,
      "paragraph_id": "001"
    }
  ],
  "score": {
    "paragraph_score": [
      {
        "paragraph_scoreT": [
          3,
          3,
          3
        ],
        "paragraph_scoreT_detail": {
          "paragraph_scoreT_exp": [
            [
              3,
              3,
              3
            ],
            [
              3,
              3,
              3
            ],
            [
              3,
              3,
              3
            ]
          ]
        },
        "paragraph_scoreT_avg": 3,
        "paragraph_id": "001"
      }
    ],
    "essay_scoreT": [
      28.5,
      28.4,
      30
    ],
    "essay_scoreT_avg": 28.966667,
    "essay_scoreT_detail": {
      "essay_scoreT_org": [
        [
          3,
          0,
          3,
          2
        ],
        [
          3,
          0,
          3,
          3
        ],
        [
          3,
          0,
          3,
          3
        ]
      ],
      "essay_scoreT_cont": [
        [
          3,
          2,
          3,
          3
        ],
        [
          3,
          2,
          2,
          3
        ],
        [
          3,
          3,
          3,
          3
        ]
      ],
      "essay_scoreT_exp": [
        [
          3,
          3,
          3
        ],
        [
          3,
          3,
          3
        ],
        [
          3,
          3,
          3
        ]
      ]
    }
  },
  "student": {
    "date": "2021.12.13",
    "student_educated": true,
    "student_grade": "고등_1학년",
    "location": "063",
    "student_grade_group": "고등",
    "student_reading": 2
  },
  "rubric": {
    "essay_grade": "고등_1학년",
    "organization_weight": {
      "org_paragraph": 0,
      "org": 3,
      "org_essay": 6,
      "org_coherence": 3,
      "org_quantity": 1
    },
    "essay_type": "대안제시",
    "content_weight": {
      "con_clearance": 3,
      "con_novelty": 3,
      "con": 4,
      "con_prompt": 1,
      "con_description": 3
    },
    "essay_main_subject": "남녀 갈등 해결 방안",
    "expression_weight": {
      "exp_style": 4,
      "exp_grammar": 2,
      "exp_vocab": 4,
      "exp": 3
    }
  },
  "correction": [],
  "info": {
    "essay_id": "ESSAY_62482",
    "essay_prompt": " 남녀 갈등은 최근 우리 사회에서 가장 뜨거운 이슈 중 하나입니다. 이러한 갈등은 아직 간극을 좁히지 못하고 현재 사회적인 문제로 자리 잡았습니다.\n\n 군 가산점 문제, 일자리 문제 등 여러 가지 비교 자료들을 토대로 토론을 하고 이를 통해 갈등을 해결하고자 하는 노력이 이루어지고 있습니다.\n\n 과거에는 성차별 심했던 시기가 있었습니다. 여자와 남자를 구별 지어 일을 주는 경우도 많았습니다. 하지만, 현재는 여자와 남자라는 성별을 떠나서 나이, 국적을 불문하고 모두에게 평등한 기회를 주기 위해 노력하고 있습니다.\n\n 이렇게 모두의 노력에도 불구하고 아직 해결되지 않았거나 해결될 기미가 보이지 않는 양성평등 문제가 있을까요?\n\n 아주 작은 사소한 일이라도 좋습니다. 여러분이 생각하는 우리 주변의 양성평등 문제를 하나 작성해보고 어떻게 해결할 수 있을지 혹은 무엇이 바뀌어야 해결될 것 같은지 본인의 생각을 설명해주세요. ",
    "essay_type": "대안제시",
    "essay_level": "1",
    "essay_len": 799,
    "essay_main_subject": "남녀 갈등 해결 방안"
  }
}