{
  "paragraph": [
    {
      "paragraph_txt": "양성평등이라는 것은 남녀차별이 없어야 한다는 것에 대한 남녀 차별에 대해서 말한 것이다.#@문장구분# 남녀 차별이란 어떤 여ㅁ자와 남자가 있는데 그 두 사람이 축구부에 갔을 때 남자만 받아주고, 여자는 안 받아주는 것, 요리를 배우러 남자가 같을 때 안 들여보내 주는 것을 말한다. #@문장구분#말로도 양성평등은 통하기도 한다.#@문장구분# \"너는 남자니까 요리사는 되지 마렴.\", \"너는 여자니까 봐준다.\", \"나는 남자잖아.\", \"원래 여자가 남자보다 힘이 약해.\", \"남자는 울면 안 돼.\" 등 여러 가지 일상생활에서 그런 말 등이 쓰인다.#@문장구분# 이를 보면 이미 우리의 생활에 양성평등이 되지 않고 차별이 되고 있었다는 것을 알 수 있다. #@문장구분#옛날에는 이런 양성평등이 심하고 더욱 더 많았었다.#@문장구분# 사람들이 잘 알듯이 남자만 서당에 다니고, 여자는 배우지를 못하며 집안일을 하는 것이다. #@문장구분#그리고 남자는 절대로 부엌에 들어가지를 못하는 것, 여자가 무조건 집안일을 하는 것, 여자는 치마를 입어야 하고 남자는 안 입어도 된다는 것이 있다. #@문장구분#그리고 가장 큰 예인 것은 남자만 제사를 지내고 여자는 제사를 못 올린다는 것이었다.#@문장구분# 그 때에는 당연한 것이겠지만 지금 생각하면 한심하게 느껴 질 것이다.#@문장구분# 지금은 여자도 회사를 다니고, 배우고 남자도 집안일을 하는 더욱 더 남녀차별이 없어진 시대가 왔기 때문이다.#@문장구분# 그렇지만 아직까지도 남녀 차별은 남아 있다.#@문장구분#  우리 사회가 변화되기 위해서는 가정에서의 성의식 변화가 우선인것같습니다.#@문장구분# 가정내 성평등가치관이 올바르게 정립되었을때 사회는 자연적으로 변화되어 있을 것입니다. #@문장구분#그러기 위해서 국가적으로 가정 성평등교육에 관하여 캠패인이라도 벌여야 된다고 생각합니다.#@문장구분#",
      "paragraph_len": 1127,
      "paragraph_id": "001"
    }
  ],
  "score": {
    "paragraph_score": [
      {
        "paragraph_scoreT": [
          3,
          3,
          3
        ],
        "paragraph_scoreT_detail": {
          "paragraph_scoreT_exp": [
            [
              3,
              3,
              3
            ],
            [
              3,
              3,
              3
            ],
            [
              3,
              3,
              3
            ]
          ]
        },
        "paragraph_scoreT_avg": 3,
        "paragraph_id": "001"
      }
    ],
    "essay_scoreT": [
      28.5,
      29.6,
      30
    ],
    "essay_scoreT_avg": 29.366667,
    "essay_scoreT_detail": {
      "essay_scoreT_org": [
        [
          3,
          0,
          3,
          2
        ],
        [
          3,
          0,
          3,
          3
        ],
        [
          3,
          0,
          3,
          3
        ]
      ],
      "essay_scoreT_cont": [
        [
          3,
          2,
          3,
          3
        ],
        [
          3,
          3,
          2,
          3
        ],
        [
          3,
          3,
          3,
          3
        ]
      ],
      "essay_scoreT_exp": [
        [
          3,
          3,
          3
        ],
        [
          3,
          3,
          3
        ],
        [
          3,
          3,
          3
        ]
      ]
    }
  },
  "student": {
    "date": "2021.12.13",
    "student_educated": true,
    "student_grade": "고등_1학년",
    "location": "063",
    "student_grade_group": "고등",
    "student_reading": 2
  },
  "rubric": {
    "essay_grade": "고등_1학년",
    "organization_weight": {
      "org_paragraph": 0,
      "org": 3,
      "org_essay": 6,
      "org_coherence": 3,
      "org_quantity": 1
    },
    "essay_type": "대안제시",
    "content_weight": {
      "con_clearance": 3,
      "con_novelty": 3,
      "con": 4,
      "con_prompt": 1,
      "con_description": 3
    },
    "essay_main_subject": "남녀 갈등 해결 방안",
    "expression_weight": {
      "exp_style": 4,
      "exp_grammar": 2,
      "exp_vocab": 4,
      "exp": 3
    }
  },
  "correction": [],
  "info": {
    "essay_id": "ESSAY_62478",
    "essay_prompt": " 남녀 갈등은 최근 우리 사회에서 가장 뜨거운 이슈 중 하나입니다. 이러한 갈등은 아직 간극을 좁히지 못하고 현재 사회적인 문제로 자리 잡았습니다.\n\n 군 가산점 문제, 일자리 문제 등 여러 가지 비교 자료들을 토대로 토론을 하고 이를 통해 갈등을 해결하고자 하는 노력이 이루어지고 있습니다.\n\n 과거에는 성차별 심했던 시기가 있었습니다. 여자와 남자를 구별 지어 일을 주는 경우도 많았습니다. 하지만, 현재는 여자와 남자라는 성별을 떠나서 나이, 국적을 불문하고 모두에게 평등한 기회를 주기 위해 노력하고 있습니다.\n\n 이렇게 모두의 노력에도 불구하고 아직 해결되지 않았거나 해결될 기미가 보이지 않는 양성평등 문제가 있을까요?\n\n 아주 작은 사소한 일이라도 좋습니다. 여러분이 생각하는 우리 주변의 양성평등 문제를 하나 작성해보고 어떻게 해결할 수 있을지 혹은 무엇이 바뀌어야 해결될 것 같은지 본인의 생각을 설명해주세요. ",
    "essay_type": "대안제시",
    "essay_level": "1",
    "essay_len": 812,
    "essay_main_subject": "남녀 갈등 해결 방안"
  }
}