{
  "paragraph": [
    {
      "paragraph_txt": "더욱 심각해지고 있는 남녀혐오 문제에 대한 해결방안을 국가, 기관과 기업, 개인으로 나누어 3가지를 생각해 보았다.#@문장구분# 첫 번째로 국가적 차원에서는 혐오문제에 맞서 싸울 수 있는 정책을 국회에서 제정해야 한다.#@문장구분# 혐오문제는 개인이 노력해서 해결할 수 있는 문제가 아니기 때문에 국가가 나서서 정책을 제정해야 한다고 생각한다.#@문장구분# 예를들면 SNS상에서의 남녀혐오 표현을 자동삭제가 되도록 하거나 검열을 통해 금지시키는 것 등이 있을 것이다.#@문장구분# 2번째로 기관과 기업의 차원에서는 학교나 회사 등에서 성평등 교육을  활성화 시키는 것이다.#@문장구분# 학교에서는 학교폭력예방교육이나 화재예방교육은 자주 실시되지만 남녀혐오문제를 예방하기 위한 성평등교육은 거의 실시된 적이 없다.#@문장구분# 어릴 때 올바른 성평등 인식을 위해 주기적으로 성평등 교육을 실시해야 한다고 생각한다.#@문장구분# 마지막으로 세 번째 개인적 차원으로는 페미니즘에 대해 공부하고 생각해 보아야 한다.#@문장구분# 남녀 불구하고 페미니즘을 통해 자신의 혐오를 드러내는 사람들이 늘고 있다.#@문장구분# 개인은 페미니즘은 무엇인지 페미니스트들은 어떤 것을 주장하는지 공부하여 잘 모르고 무작정 남녀혐오를 일삼지 않도록 해야한다.#@문장구분# 또한 자신과 다르게 페미니즘을 주장하지 않는다고 해서 상대방을 욕하거나 또다른 혐오문제를 만들지 않도록 해야한다.#@문장구분#\n \n 남성만이 홀로 살아가거나 여성만이 홀로 살아갈 수는 없다.#@문장구분# 다양한 남성과 여성이 서로 협력하여 살아가야 하기 때문에 일상화되어 버린 남녀혐오 문제는 심각한 사회문제들 중 하나이고 사라져야할 사회문제이다.#@문장구분# 하루빨리 남녀혐오 문제가 해결되어 성평등한 사회가 되었으면한다.#@문장구분#",
      "paragraph_len": 1068,
      "paragraph_id": "001"
    }
  ],
  "score": {
    "paragraph_score": [
      {
        "paragraph_scoreT": [
          2,
          2.8,
          2.6
        ],
        "paragraph_scoreT_detail": {
          "paragraph_scoreT_exp": [
            [
              2,
              2,
              2
            ],
            [
              2,
              3,
              3
            ],
            [
              3,
              3,
              2
            ]
          ]
        },
        "paragraph_scoreT_avg": 2.4666667,
        "paragraph_id": "001"
      }
    ],
    "essay_scoreT": [
      26.4,
      29.4,
      22.199999
    ],
    "essay_scoreT_avg": 26,
    "essay_scoreT_detail": {
      "essay_scoreT_org": [
        [
          3,
          0,
          3,
          1
        ],
        [
          3,
          0,
          3,
          3
        ],
        [
          2,
          0,
          2,
          2
        ]
      ],
      "essay_scoreT_cont": [
        [
          3,
          3,
          3,
          3
        ],
        [
          3,
          3,
          3,
          3
        ],
        [
          2,
          2,
          3,
          2
        ]
      ],
      "essay_scoreT_exp": [
        [
          2,
          2,
          2
        ],
        [
          2,
          3,
          3
        ],
        [
          3,
          3,
          2
        ]
      ]
    }
  },
  "student": {
    "date": "2021.09.08",
    "student_educated": true,
    "student_grade": "고등_1학년",
    "location": "051",
    "student_grade_group": "고등",
    "student_reading": 1
  },
  "rubric": {
    "essay_grade": "고등_1학년",
    "organization_weight": {
      "org_paragraph": 0,
      "org": 3,
      "org_essay": 6,
      "org_coherence": 3,
      "org_quantity": 1
    },
    "essay_type": "대안제시",
    "content_weight": {
      "con_clearance": 3,
      "con_novelty": 3,
      "con": 4,
      "con_prompt": 1,
      "con_description": 3
    },
    "essay_main_subject": "남녀 갈등 해결 방안",
    "expression_weight": {
      "exp_style": 4,
      "exp_grammar": 2,
      "exp_vocab": 4,
      "exp": 3
    }
  },
  "correction": [],
  "info": {
    "essay_id": "ESSAY_34651",
    "essay_prompt": " 남녀 갈등은 최근 우리 사회에서 가장 뜨거운 이슈 중 하나입니다. 이러한 갈등은 아직 간극을 좁히지 못하고 현재 사회적인 문제로 자리 잡았습니다.\n\n 군 가산점 문제, 일자리 문제 등 여러 가지 비교 자료들을 토대로 토론을 하고 이를 통해 갈등을 해결하고자 하는 노력이 이루어지고 있습니다.\n\n 과거에는 성차별 심했던 시기가 있었습니다. 여자와 남자를 구별 지어 일을 주는 경우도 많았습니다. 하지만, 현재는 여자와 남자라는 성별을 떠나서 나이, 국적을 불문하고 모두에게 평등한 기회를 주기 위해 노력하고 있습니다.\n\n 이렇게 모두의 노력에도 불구하고 아직 해결되지 않았거나 해결될 기미가 보이지 않는 양성평등 문제가 있을까요?\n\n 아주 작은 사소한 일이라도 좋습니다. 여러분이 생각하는 우리 주변의 양성평등 문제를 하나 작성해보고 어떻게 해결할 수 있을지 혹은 무엇이 바뀌어야 해결될 것 같은지 본인의 생각을 설명해주세요. ",
    "essay_type": "대안제시",
    "essay_level": "1",
    "essay_len": 789,
    "essay_main_subject": "남녀 갈등 해결 방안"
  }
}