{
  "paragraph": [
    {
      "paragraph_txt": "지난 28일, 충북 진천군 초평면에서 초평에 쓰레기 매립장을 설치하지 말라는 피켓시위가 일어났다.#@문장구분# 이미 음성군과의 공동 생활폐기물 매립장을 운영하면서 많은 피해를 입고 있다는 것이 그 이유였다.#@문장구분# 하지만 '쓰레기 매립지'와 같은 시설도 주민들을 위해서는 반드시 필요하다.#@문장구분# 이처럼 모두에게 이익이되는 공공시설이지만 위험시설·혐오시설이라는 이유로 자신의 주변에 설치되는 것을 꺼려하는 행위를 '님비현상'이라고 부른다.#@문장구분#",
      "paragraph_len": 310,
      "paragraph_id": "001"
    },
    {
      "paragraph_txt": " 이러한 님비현상을 해결하기 위한 방안에는 어떤 것이 있을까?#@문장구분# 원활하게 주민들의 동의를 구하기 위해서는 먼저, 그들에게 '지역 전체'를 범위로 하는 큰 '보상'이 필요하다.#@문장구분# 예를 들어, 쓰레기 매립장의 운영기관이 끝나면 그 공간에 주민들을 위한 편의시설 및 생태공원 등을 설치하는 것이다.#@문장구분# 이를 미리 제시하면 입주민들은 곧 자신이 겪게될 불편함 보다 훗날 자신에게 돌아올 이익이 더 크다는 생각을 할 것이고 이를 통해 마을 주민들의 원활한 동의를 구할 수 있을 것이다.#@문장구분# ",
      "paragraph_len": 343,
      "paragraph_id": "002"
    },
    {
      "paragraph_txt": " 하지만 이러한 방안만으로는 쓰레기 매립지와 같은 혐오시설과 함께 살아가고 있는 주민들의 불편함을 낮출 수는 없다.#@문장구분# 따라서 이들 '개인'에게 주는 당장의 적절한 대우 및 대가가 필요하다.#@문장구분# 그 지역 주민들에게 복지혜택을 제공하거나 보상금 등을 적절히 지원한다면 주민들이 혐오시설로부터 겪는 불편함을 완화시키는데 도움이 될 것이다.#@문장구분# ",
      "paragraph_len": 244,
      "paragraph_id": "003"
    },
    {
      "paragraph_txt": " 이러한 님비현상을 해결할 수 있는 마지막 방안은 쓰레기 매립지와 같은 혐오시설을 설치하는 과정을 공정하게 제공하며 투명한 행정절차를 밟고 있음을 증명하는 것이다.#@문장구분# 이로 인해 혐오시설 및 위험시설 건설에 관한 주민들의 불안함을 완화시킬 수 있고 더불어 주민들과의 합의가 완만하게 성사될 가능성이 높아진다.#@문장구분#",
      "paragraph_len": 210,
      "paragraph_id": "004"
    },
    {
      "paragraph_txt": " 쓰레기 매입장과 같은 공공시설은 단순히 혐오시설로만 인식되며 모두가 기피해서는 안된다.#@문장구분# 이는, 주민들의 노력과 더불어 정부의 좋은 정책도 꼭 필요한 사안이다.#@문장구분# 따라서 위와 같은 해결방안을 통해, 우리 사회에서 빈번히 일어나는 '님비현상'을 잘 해결해야 한다.#@문장구분#",
      "paragraph_len": 205,
      "paragraph_id": "005"
    }
  ],
  "score": {
    "paragraph_score": [
      {
        "paragraph_scoreT": [
          3,
          3,
          3
        ],
        "paragraph_scoreT_detail": {
          "paragraph_scoreT_exp": [
            [
              3,
              3,
              3
            ],
            [
              3,
              3,
              3
            ],
            [
              3,
              3,
              3
            ]
          ]
        },
        "paragraph_scoreT_avg": 3,
        "paragraph_id": "001"
      },
      {
        "paragraph_scoreT": [
          3,
          3,
          3
        ],
        "paragraph_scoreT_detail": {
          "paragraph_scoreT_exp": [
            [
              3,
              3,
              3
            ],
            [
              3,
              3,
              3
            ],
            [
              3,
              3,
              3
            ]
          ]
        },
        "paragraph_scoreT_avg": 3,
        "paragraph_id": "002"
      },
      {
        "paragraph_scoreT": [
          3,
          3,
          3
        ],
        "paragraph_scoreT_detail": {
          "paragraph_scoreT_exp": [
            [
              3,
              3,
              3
            ],
            [
              3,
              3,
              3
            ],
            [
              3,
              3,
              3
            ]
          ]
        },
        "paragraph_scoreT_avg": 3,
        "paragraph_id": "003"
      },
      {
        "paragraph_scoreT": [
          3,
          3,
          2.8
        ],
        "paragraph_scoreT_detail": {
          "paragraph_scoreT_exp": [
            [
              3,
              3,
              3
            ],
            [
              3,
              3,
              3
            ],
            [
              2,
              3,
              3
            ]
          ]
        },
        "paragraph_scoreT_avg": 2.9333334,
        "paragraph_id": "004"
      },
      {
        "paragraph_scoreT": [
          3,
          3,
          3
        ],
        "paragraph_scoreT_detail": {
          "paragraph_scoreT_exp": [
            [
              3,
              3,
              3
            ],
            [
              3,
              3,
              3
            ],
            [
              3,
              3,
              3
            ]
          ]
        },
        "paragraph_scoreT_avg": 3,
        "paragraph_id": "005"
      }
    ],
    "essay_scoreT": [
      23.3,
      30,
      24.5
    ],
    "essay_scoreT_avg": 25.933334,
    "essay_scoreT_detail": {
      "essay_scoreT_org": [
        [
          2,
          0,
          2,
          3
        ],
        [
          3,
          0,
          3,
          3
        ],
        [
          2,
          0,
          2,
          3
        ]
      ],
      "essay_scoreT_cont": [
        [
          2,
          2,
          2,
          2
        ],
        [
          3,
          3,
          3,
          3
        ],
        [
          3,
          2,
          2,
          2
        ]
      ],
      "essay_scoreT_exp": [
        [
          3,
          3,
          3
        ],
        [
          3,
          3,
          3
        ],
        [
          3,
          3,
          3
        ]
      ]
    }
  },
  "student": {
    "date": "2021.09.03",
    "student_educated": true,
    "student_grade": "고등_1학년",
    "location": "051",
    "student_grade_group": "고등",
    "student_reading": 1
  },
  "rubric": {
    "essay_grade": "고등_1학년",
    "organization_weight": {
      "org_paragraph": 0,
      "org": 3,
      "org_essay": 6,
      "org_coherence": 3,
      "org_quantity": 1
    },
    "essay_type": "대안제시",
    "content_weight": {
      "con_clearance": 3,
      "con_novelty": 3,
      "con": 4,
      "con_prompt": 1,
      "con_description": 3
    },
    "essay_main_subject": "혐오시설 건설문제에 대한 본인의 생각",
    "expression_weight": {
      "exp_style": 4,
      "exp_grammar": 2,
      "exp_vocab": 4,
      "exp": 3
    }
  },
  "correction": [],
  "info": {
    "essay_id": "ESSAY_33844",
    "essay_prompt": " 혐오 시설이란 지역 주민에게 공포감이나 고통을 주거나, 주변 지역의 쾌적성이 훼손됨으로써 집값이나 땅값이 내려가는 등 부정적인 외부효과를 유발하는 시설을 의미합니다.\n\n 대표적인 혐오 시설에는 쓰레기 매립장, 원자력발전소, 소각장, 유류저장소 등이 있습니다.\n\n 매립지, 소각장, 쓰레기 하치장 같은 혐오 시설은 그리 위험하지는 않지만, 쓰레기를 취급한다는 점에서 혐오감을 주며, 주변 환경오염 문제가 갈등을 일으킵니다. 특히 소각장은 인구밀도가 높은 대도시에 건설된다는 점에서 반대 운동이 일기도 합니다.\n\n 그런데 서로 반대만 하다 보면 입지를 찾지 못해 결국 모든 주민의 삶의 질이 저하될 수 있습니다.\n\n 정부 차원에서 가장 적절한 장소를 선별하여 건설 후 주변 사람들에게 혜택을 주는 방식이 적절한 방법일까요? 아니면 혐오 시설만을 모아둔 부지를 따로 정해서 건설해야 할까요? 아니면 모든 도시가 공평하게 혐오 시설 건설에 대한 부담을 지니고 하나씩 건설해야 할까요?\n\n 모두가 만족할만한 결과를 내기란 정말 어려운 문제이지만 여러분이 생각하는 가장 합리적이고 좋은 방법을 생각해보세요. 그리고 그 방법을 대안으로 제시하고 그 근거에 대해 작성해주세요.",
    "essay_type": "대안제시",
    "essay_level": "1",
    "essay_len": 1002,
    "essay_main_subject": "혐오시설 건설문제에 대한 본인의 생각"
  }
}