{
  "paragraph": [
    {
      "paragraph_txt": "지역에 혐오 시설이 생김으로써 집값, 땅값이 내려간다.#@문장구분# 그로 인해 혐오 시설에 대한 부정적인 인식이 많이 잡혀있다.#@문장구분# 물론 쓰레기 매립장, 원자력 발전소, 소각장 등 지역의 쾌적성과 안전성을 헤치는 게 가장 큰 문제이다.#@문장구분# 하지만 우리가 지금 당장 원자력이 없으면 안 되고, 소각장, 쓰레기 매립장이 없으면 우리 사회는 돌아가지 못하는 상황까지 올 수 있다고 생각한다.#@문장구분#  \n 우리가 살아가는데 꼭 필요한 시설들이라는 것이다.#@문장구분#그렇다면 그에 대한 부정적인 인식부터 바꿔야 한다고 생각한다.#@문장구분# 가장 좋은 방법은 쓰레기 매립장에서 소음이 나오지 않는 것이고, 원자력 발전소의 폭발 가능성, 오염수 배출 가능성 등을 철저하게 배제시키는 것이다.#@문장구분# 하지만 이것은 현재 우리의 기술력으로는 부족하다고 생각한다.#@문장구분# 지금 당장 바꿀 수 없는 것이다.#@문장구분# 정부에서는 혐오 시설을 건설하면서 그에 맞는 체험 프로그램이나, 일자리 창출, 문화 시설을 같이 만든다면 혐오 시설에 대한 인식도 많이 바뀔 수 있을 것이라고 생각한다.#@문장구분# 그 이유는 혐오 시설에 관한 체험 프로그램이 만들어진다면 그로 인해 그 지역은 관광지로 급 부상 할 수 있을 것이다.#@문장구분# 요즘 시대에 일자리 창출은 지역사회의 큰 문제이고, 문화 시설이 생기면 그 주변으로 사람들이 몰리게 되고 그렇게 되면 땅값, 집값이 올라갈 수 있다고 생각하기 때문입니다.#@문장구분# 그리고 혐오 시설을 모든 지역에 하나씩 골고루 설치하는 게 맞는 방법이라고 생각한다.#@문장구분# 왜냐하면 어느 지역에는 설치하고 어느 지역에는 설치하지 않는다면 분명히 혐오 시설로 인해 집값, 땅값에서 차이가 생길 수밖에 없고, 그렇게 되면 인식은 현재와 별다를 게 없을 것이라고 생각한다.#@문장구분#\n 그러므로 나는 모든 지역에 골고루 혐오 시설을 설치를 하고 문화시설, 혐오 시설과 관련된 체험 프로그램, 혐오 시설로 인해 창출되는 일자리가 필요하다고 생각한다.#@문장구분# \n 그렇게 된다면 혐오시설에 대한 부정적 인식이 많이 바뀌지 않을까 하는 생각을 가지고 있다.#@문장구분#",
      "paragraph_len": 1284,
      "paragraph_id": "001"
    }
  ],
  "score": {
    "paragraph_score": [
      {
        "paragraph_scoreT": [
          3,
          2.8,
          2.8
        ],
        "paragraph_scoreT_detail": {
          "paragraph_scoreT_exp": [
            [
              3,
              3,
              3
            ],
            [
              2,
              3,
              3
            ],
            [
              2,
              3,
              3
            ]
          ]
        },
        "paragraph_scoreT_avg": 2.8666668,
        "paragraph_id": "001"
      }
    ],
    "essay_scoreT": [
      30,
      27.3,
      27.3
    ],
    "essay_scoreT_avg": 28.199999,
    "essay_scoreT_detail": {
      "essay_scoreT_org": [
        [
          3,
          0,
          3,
          3
        ],
        [
          3,
          0,
          2,
          3
        ],
        [
          3,
          0,
          2,
          3
        ]
      ],
      "essay_scoreT_cont": [
        [
          3,
          3,
          3,
          3
        ],
        [
          2,
          3,
          3,
          3
        ],
        [
          2,
          3,
          3,
          3
        ]
      ],
      "essay_scoreT_exp": [
        [
          3,
          3,
          3
        ],
        [
          2,
          3,
          3
        ],
        [
          2,
          3,
          3
        ]
      ]
    }
  },
  "student": {
    "date": "2021.12.10",
    "student_educated": true,
    "student_grade": "고등_1학년",
    "location": "063",
    "student_grade_group": "고등",
    "student_reading": 1
  },
  "rubric": {
    "essay_grade": "고등_1학년",
    "organization_weight": {
      "org_paragraph": 0,
      "org": 3,
      "org_essay": 6,
      "org_coherence": 3,
      "org_quantity": 1
    },
    "essay_type": "대안제시",
    "content_weight": {
      "con_clearance": 3,
      "con_novelty": 3,
      "con": 4,
      "con_prompt": 1,
      "con_description": 3
    },
    "essay_main_subject": "혐오시설 건설문제에 대한 본인의 생각",
    "expression_weight": {
      "exp_style": 4,
      "exp_grammar": 2,
      "exp_vocab": 4,
      "exp": 3
    }
  },
  "correction": [],
  "info": {
    "essay_id": "ESSAY_61697",
    "essay_prompt": " 혐오 시설이란 지역 주민에게 공포감이나 고통을 주거나, 주변 지역의 쾌적성이 훼손됨으로써 집값이나 땅값이 내려가는 등 부정적인 외부효과를 유발하는 시설을 의미합니다.\n\n 대표적인 혐오 시설에는 쓰레기 매립장, 원자력발전소, 소각장, 유류저장소 등이 있습니다.\n\n 매립지, 소각장, 쓰레기 하치장 같은 혐오 시설은 그리 위험하지는 않지만, 쓰레기를 취급한다는 점에서 혐오감을 주며, 주변 환경오염 문제가 갈등을 일으킵니다. 특히 소각장은 인구밀도가 높은 대도시에 건설된다는 점에서 반대 운동이 일기도 합니다.\n\n 그런데 서로 반대만 하다 보면 입지를 찾지 못해 결국 모든 주민의 삶의 질이 저하될 수 있습니다.\n\n 정부 차원에서 가장 적절한 장소를 선별하여 건설 후 주변 사람들에게 혜택을 주는 방식이 적절한 방법일까요? 아니면 혐오 시설만을 모아둔 부지를 따로 정해서 건설해야 할까요? 아니면 모든 도시가 공평하게 혐오 시설 건설에 대한 부담을 지니고 하나씩 건설해야 할까요?\n\n 모두가 만족할만한 결과를 내기란 정말 어려운 문제이지만 여러분이 생각하는 가장 합리적이고 좋은 방법을 생각해보세요. 그리고 그 방법을 대안으로 제시하고 그 근거에 대해 작성해주세요.",
    "essay_type": "대안제시",
    "essay_level": "1",
    "essay_len": 965,
    "essay_main_subject": "혐오시설 건설문제에 대한 본인의 생각"
  }
}