{
  "paragraph": [
    {
      "paragraph_txt": "여러분들은 '남혐', '여혐'이라는 단어를 들어 보셨나요?#@문장구분# '남성이 여성을 혐오하고 동시에 여성이 남성을 혐오한다'. #@문장구분#남성과 여성이라는 단어에서 자유로울 수 있는 사람은 과연 몇이나 될까요?#@문장구분# 서로를 미워하는 모양새는 같아 보이지만 각자의 이유는 너무 다릅니다.#@문장구분# 따라서 과거의 익숙했던 '혐오'라는 단어에 비하여 그 매듭을 풀기가 훨씬 더 복잡해졌습니다.#@문장구분# 인류 사회학자, 진화론자, 인권운동가 등 다양한 전문가들이 각자의 관점에서 남녀 갈등에 대해서 이야기를 합니다.#@문장구분# 제가 남녀 갈등의 모든 것을 설명할 수는 없지만 정신과 의사의 시각은 이럴 수도 있구나 하고 보셨으면 좋겠습니다.#@문장구분# 남녀 갈등은 왜 발생을 할까요?#@문장구분#\n \n요즘의 정보들은 과거에 비해서 실시간으로 사회연결망, 스트리밍 서비스 등에 연결되어 있습니다.#@문장구분# 왜 나만 이렇게 힘들어야 하지?#@문장구분# 왜 남성 또는 여성만 희생하고 살아야 하지? 라는 생각의 파급이 커졌습니다.#@문장구분# 세상이라는 시스템은 기성세대의 느린 변화에 맞춰서 구축되어 있습니다.#@문장구분# 이에 반해 남녀 갈등의 주인공인 10대~30대들에게는 이해되지 않는 부분이 많습니다.#@문장구분# 기존의 부모 세대의 성 역할처럼 살지 말아야겠다는 생각을 합니다.#@문장구분# 경직되어 있던 성 역할은 수평적인 정보의 물결을 타고 온라인에서부터 부서지기 시작합니다.#@문장구분# 간혹 술자리에서나, 친구들과 하소연하듯 털어놓고 휘발되어 버릴 만한 이야기들도 인터넷이라는 원고지에 기록물로 남겨져 반복되어 재생산됩니다.#@문장구분# 물론 성 역할의 변화에 필요한 내용도 있지만 혐오를 불러일으킬 정도의 극단적인 게시물의 내용은 사람의 뇌를 자극해서 그것을 확대 생산하는 역기능을 낳기도 합니다. #@문장구분#남혐, 여혐이라는 갈등해결 방법을 위해서는 시대가 바뀜에 따라 많이 평등화가 되어가고있지만 아직도 역부족인 남녀평등에 대한 해결책 및 개선점으로는 오픈마인드 평등에대한 인식개선이 우선이라고 생각됩니다.#@문장구분# 분명히 남,여의 다름이 있지만 이 다름이 상하관계가 아닌 수평관계적으로 평등하다는 인식을 해야한다고 생각됩니다.#@문장구분#",
      "paragraph_len": 1357,
      "paragraph_id": "001"
    }
  ],
  "score": {
    "paragraph_score": [
      {
        "paragraph_scoreT": [
          3,
          3,
          3
        ],
        "paragraph_scoreT_detail": {
          "paragraph_scoreT_exp": [
            [
              3,
              3,
              3
            ],
            [
              3,
              3,
              3
            ],
            [
              3,
              3,
              3
            ]
          ]
        },
        "paragraph_scoreT_avg": 3,
        "paragraph_id": "001"
      }
    ],
    "essay_scoreT": [
      30,
      27.6,
      28.8
    ],
    "essay_scoreT_avg": 28.799997,
    "essay_scoreT_detail": {
      "essay_scoreT_org": [
        [
          3,
          0,
          3,
          3
        ],
        [
          3,
          0,
          3,
          3
        ],
        [
          3,
          0,
          3,
          3
        ]
      ],
      "essay_scoreT_cont": [
        [
          3,
          3,
          3,
          3
        ],
        [
          2,
          2,
          3,
          3
        ],
        [
          3,
          2,
          3,
          3
        ]
      ],
      "essay_scoreT_exp": [
        [
          3,
          3,
          3
        ],
        [
          3,
          3,
          3
        ],
        [
          3,
          3,
          3
        ]
      ]
    }
  },
  "student": {
    "date": "2021.11.18",
    "student_educated": true,
    "student_grade": "고등_1학년",
    "location": "063",
    "student_grade_group": "고등",
    "student_reading": 2
  },
  "rubric": {
    "essay_grade": "고등_1학년",
    "organization_weight": {
      "org_paragraph": 0,
      "org": 3,
      "org_essay": 6,
      "org_coherence": 3,
      "org_quantity": 1
    },
    "essay_type": "대안제시",
    "content_weight": {
      "con_clearance": 3,
      "con_novelty": 3,
      "con": 4,
      "con_prompt": 1,
      "con_description": 3
    },
    "essay_main_subject": "남녀 갈등 해결 방안",
    "expression_weight": {
      "exp_style": 4,
      "exp_grammar": 2,
      "exp_vocab": 4,
      "exp": 3
    }
  },
  "correction": [],
  "info": {
    "essay_id": "ESSAY_50508",
    "essay_prompt": " 남녀 갈등은 최근 우리 사회에서 가장 뜨거운 이슈 중 하나입니다. 이러한 갈등은 아직 간극을 좁히지 못하고 현재 사회적인 문제로 자리 잡았습니다.\n\n 군 가산점 문제, 일자리 문제 등 여러 가지 비교 자료들을 토대로 토론을 하고 이를 통해 갈등을 해결하고자 하는 노력이 이루어지고 있습니다.\n\n 과거에는 성차별 심했던 시기가 있었습니다. 여자와 남자를 구별 지어 일을 주는 경우도 많았습니다. 하지만, 현재는 여자와 남자라는 성별을 떠나서 나이, 국적을 불문하고 모두에게 평등한 기회를 주기 위해 노력하고 있습니다.\n\n 이렇게 모두의 노력에도 불구하고 아직 해결되지 않았거나 해결될 기미가 보이지 않는 양성평등 문제가 있을까요?\n\n 아주 작은 사소한 일이라도 좋습니다. 여러분이 생각하는 우리 주변의 양성평등 문제를 하나 작성해보고 어떻게 해결할 수 있을지 혹은 무엇이 바뀌어야 해결될 것 같은지 본인의 생각을 설명해주세요. ",
    "essay_type": "대안제시",
    "essay_level": "1",
    "essay_len": 977,
    "essay_main_subject": "남녀 갈등 해결 방안"
  }
}