{
  "paragraph": [
    {
      "paragraph_txt": "최근 우리사회는 '아파트'라는 공동주택을 중심으로 님비성 지역이기주의가 갈수록 심화되고 있다.#@문장구분# 이유는 고품격을 내새운 아파트 땅값, 집값이 떨어진다는 간단한 이유이다.#@문장구분# 혐오시설이 단순히 쓰레기 매립장, 납골당, 화장터등이 아니다.#@문장구분# 집값에 도움이 되지 않으면 무조건 혐오시설이 된다는 것이 문제이다.#@문장구분# 얼마전 장애인특수학교 설립을 위해 장애아를 둔 부모들이 무릎을 꿇고 있는 장면을 티브이를 통해 봤다.#@문장구분# 얼마전엔 노인실버센터추진 계획이 백지화 됐다고 기뻐하는 뉴스를 보기도 했다.#@문장구분# 왜 노인요양시설이 혐오시설이 되고 장애인특수학교하나 만드는데 그 부모들이 무릎까지 꿇어야 하는지 참으로 한심했다.#@문장구분# 우리는 누구나 노인이 될것이고 우리는 누구든지 잠재적 장애인들이다.#@문장구분# 그렇다면 왜 이런 문제들이 생기는 것일까?#@문장구분# 재산의 척도가 집, 아파트, 땅으로만 되기 때문이 아닐까?#@문장구분# 그다지 집값이 내 재산을 만드는 가장 큰 기준이 되지 않는 다면 아파트값 하락 또는 상승에 이렇게 목을 매지는 않을 것 같다.#@문장구분# 또한 사회적 인식개선또한 중요한다.#@문장구분# 우선 혐오시설이라는 단어를 없애야 할 것 같다.#@문장구분# 혐오시설이라 하니 정말 혐오스러운 것들이란 생각이 우선 들고 그 옆에 가면 안될 것 같다.#@문장구분# 혐오시설이 아니라 우리가 살아가는 데 필요한 필요시설이 아닐까.#@문장구분# 우선 용어부터 개선하고 인식을 바꿔야 할 것이다.#@문장구분# 요즘들어 이런 시설유치 반대현상이 많아지니 정부에서 이래 저래 당근정책을 사용하는데 당근정책뿐만 아니라 만약 이런 시설유치를 반대하거나 해당지역에 필요시설이 한 개도 없는 지역에는 필요시설이용불가라던지 세금을 올린다던지 하는등 채찍질도 필요하다고 생각이 든다.#@문장구분# 이제는 재산권을 앞세운 사람들의 이기심만 지켜주는 것이 아닌 우리 공동체가 살아갈 수 있도록 강력한 법제정으로 처벌 및 제재를 가해야 한다고 생각한다.#@문장구분# 이렇게 하다보면 언젠가는 이러한 혐오시설 설치에 관한 문제를 잘 해결할 수 있다고 생각한다.#@문장구분#",
      "paragraph_len": 1321,
      "paragraph_id": "001"
    }
  ],
  "score": {
    "paragraph_score": [
      {
        "paragraph_scoreT": [
          3,
          3,
          2.8
        ],
        "paragraph_scoreT_detail": {
          "paragraph_scoreT_exp": [
            [
              3,
              3,
              3
            ],
            [
              3,
              3,
              3
            ],
            [
              2,
              3,
              3
            ]
          ]
        },
        "paragraph_scoreT_avg": 2.9333334,
        "paragraph_id": "001"
      }
    ],
    "essay_scoreT": [
      28.8,
      28.8,
      29.4
    ],
    "essay_scoreT_avg": 29,
    "essay_scoreT_detail": {
      "essay_scoreT_org": [
        [
          3,
          0,
          3,
          3
        ],
        [
          3,
          0,
          3,
          3
        ],
        [
          3,
          0,
          3,
          3
        ]
      ],
      "essay_scoreT_cont": [
        [
          3,
          2,
          3,
          3
        ],
        [
          3,
          2,
          3,
          3
        ],
        [
          3,
          3,
          3,
          3
        ]
      ],
      "essay_scoreT_exp": [
        [
          3,
          3,
          3
        ],
        [
          3,
          3,
          3
        ],
        [
          2,
          3,
          3
        ]
      ]
    }
  },
  "student": {
    "date": "2021.12.15",
    "student_educated": true,
    "student_grade": "고등_1학년",
    "location": "042",
    "student_grade_group": "고등",
    "student_reading": 3
  },
  "rubric": {
    "essay_grade": "고등_1학년",
    "organization_weight": {
      "org_paragraph": 0,
      "org": 3,
      "org_essay": 6,
      "org_coherence": 3,
      "org_quantity": 1
    },
    "essay_type": "대안제시",
    "content_weight": {
      "con_clearance": 3,
      "con_novelty": 3,
      "con": 4,
      "con_prompt": 1,
      "con_description": 3
    },
    "essay_main_subject": "혐오시설 건설문제에 대한 본인의 생각",
    "expression_weight": {
      "exp_style": 4,
      "exp_grammar": 2,
      "exp_vocab": 4,
      "exp": 3
    }
  },
  "correction": [],
  "info": {
    "essay_id": "ESSAY_62995",
    "essay_prompt": " 혐오 시설이란 지역 주민에게 공포감이나 고통을 주거나, 주변 지역의 쾌적성이 훼손됨으로써 집값이나 땅값이 내려가는 등 부정적인 외부효과를 유발하는 시설을 의미합니다.\n\n 대표적인 혐오 시설에는 쓰레기 매립장, 원자력발전소, 소각장, 유류저장소 등이 있습니다.\n\n 매립지, 소각장, 쓰레기 하치장 같은 혐오 시설은 그리 위험하지는 않지만, 쓰레기를 취급한다는 점에서 혐오감을 주며, 주변 환경오염 문제가 갈등을 일으킵니다. 특히 소각장은 인구밀도가 높은 대도시에 건설된다는 점에서 반대 운동이 일기도 합니다.\n\n 그런데 서로 반대만 하다 보면 입지를 찾지 못해 결국 모든 주민의 삶의 질이 저하될 수 있습니다.\n\n 정부 차원에서 가장 적절한 장소를 선별하여 건설 후 주변 사람들에게 혜택을 주는 방식이 적절한 방법일까요? 아니면 혐오 시설만을 모아둔 부지를 따로 정해서 건설해야 할까요? 아니면 모든 도시가 공평하게 혐오 시설 건설에 대한 부담을 지니고 하나씩 건설해야 할까요?\n\n 모두가 만족할만한 결과를 내기란 정말 어려운 문제이지만 여러분이 생각하는 가장 합리적이고 좋은 방법을 생각해보세요. 그리고 그 방법을 대안으로 제시하고 그 근거에 대해 작성해주세요.",
    "essay_type": "대안제시",
    "essay_level": "1",
    "essay_len": 941,
    "essay_main_subject": "혐오시설 건설문제에 대한 본인의 생각"
  }
}