{
  "paragraph": [
    {
      "paragraph_txt": "저는 남녀혐오 발언 및 갈등이 심각한 문제라고 생각합니다.#@문장구분# 왜냐하면 첫째로 요즘 사회가 양성평등을 추구하고 있고, 많은 사람들이 노력하고 있는데 sns상에서 일부 사람들이 혐오발언이나 갈등이 빚어지면 잘 노력하고 있는 사람들이 피해를 입기 때문이다.#@문장구분# 요즘에 사회적으로 성관련 문제가 되고 있는데 이런 문제가 발생하는 것도 성에 대해 잘못된 인색을 가지고 있는 사람들이 문제를 만들어서 사회를 어지럽히게 만든다.#@문장구분# 남자라도 여성처럼 다닐 수 있고 여성도 마찬가지다.#@문장구분# 요즘 시대가 양성평등이 중요시 되는 시기인데, 이렇게 극단적인 성 인식을 가지고 있는 사람들의 인식이 바뀔 필요가 있다.#@문장구분# 둘째로 인권문제가 발생할 수 있다.#@문장구분# 남성이 여성을 비하하고 여성이 남성을 비하하면서 인간이 가지고 있는 기본적 권리까지 침해할 수 있다.#@문장구분# sns에 무심코 남긴 글로 상대방이 상처를 입고 심지어는 자살로 이어진다면 명백한 인권침해이고 큰 사회적 문제가 될 수 있기 때문에 sns에 글을 올릴 때 무심코 성차별적인 발언을 하고 있는지 잘 확인하면서 올려야 겠다는 생각을 해야한다.#@문장구분# 따라서 이런 문제들이 발생할 수 있기 때문에 상대 혐오발언 문제가 심각한 문제라고 생각합니다.#@문장구분#",
      "paragraph_len": 770,
      "paragraph_id": "001"
    }
  ],
  "score": {
    "paragraph_score": [
      {
        "paragraph_scoreT": [
          2.6,
          2.4,
          2.8
        ],
        "paragraph_scoreT_detail": {
          "paragraph_scoreT_exp": [
            [
              3,
              3,
              2
            ],
            [
              2,
              2,
              3
            ],
            [
              2,
              3,
              3
            ]
          ]
        },
        "paragraph_scoreT_avg": 2.6000001,
        "paragraph_id": "001"
      }
    ],
    "essay_scoreT": [
      21.8,
      23.1,
      27.3
    ],
    "essay_scoreT_avg": 24.066666,
    "essay_scoreT_detail": {
      "essay_scoreT_org": [
        [
          2,
          0,
          2,
          2
        ],
        [
          2,
          0,
          2,
          3
        ],
        [
          3,
          0,
          2,
          3
        ]
      ],
      "essay_scoreT_cont": [
        [
          2,
          2,
          2,
          2
        ],
        [
          3,
          2,
          3,
          2
        ],
        [
          3,
          2,
          3,
          3
        ]
      ],
      "essay_scoreT_exp": [
        [
          3,
          3,
          2
        ],
        [
          2,
          2,
          3
        ],
        [
          2,
          3,
          3
        ]
      ]
    }
  },
  "student": {
    "date": "2021.09.23",
    "student_educated": true,
    "student_grade": "고등_1학년",
    "location": "051",
    "student_grade_group": "고등",
    "student_reading": 1
  },
  "rubric": {
    "essay_grade": "고등_1학년",
    "organization_weight": {
      "org_paragraph": 0,
      "org": 3,
      "org_essay": 6,
      "org_coherence": 3,
      "org_quantity": 1
    },
    "essay_type": "대안제시",
    "content_weight": {
      "con_clearance": 3,
      "con_novelty": 3,
      "con": 4,
      "con_prompt": 1,
      "con_description": 3
    },
    "essay_main_subject": "남녀 갈등 해결 방안",
    "expression_weight": {
      "exp_style": 4,
      "exp_grammar": 2,
      "exp_vocab": 4,
      "exp": 3
    }
  },
  "correction": [],
  "info": {
    "essay_id": "ESSAY_35522",
    "essay_prompt": " 남녀 갈등은 최근 우리 사회에서 가장 뜨거운 이슈 중 하나입니다. 이러한 갈등은 아직 간극을 좁히지 못하고 현재 사회적인 문제로 자리 잡았습니다.\n\n 군 가산점 문제, 일자리 문제 등 여러 가지 비교 자료들을 토대로 토론을 하고 이를 통해 갈등을 해결하고자 하는 노력이 이루어지고 있습니다.\n\n 과거에는 성차별 심했던 시기가 있었습니다. 여자와 남자를 구별 지어 일을 주는 경우도 많았습니다. 하지만, 현재는 여자와 남자라는 성별을 떠나서 나이, 국적을 불문하고 모두에게 평등한 기회를 주기 위해 노력하고 있습니다.\n\n 이렇게 모두의 노력에도 불구하고 아직 해결되지 않았거나 해결될 기미가 보이지 않는 양성평등 문제가 있을까요?\n\n 아주 작은 사소한 일이라도 좋습니다. 여러분이 생각하는 우리 주변의 양성평등 문제를 하나 작성해보고 어떻게 해결할 수 있을지 혹은 무엇이 바뀌어야 해결될 것 같은지 본인의 생각을 설명해주세요. ",
    "essay_type": "대안제시",
    "essay_level": "1",
    "essay_len": 590,
    "essay_main_subject": "남녀 갈등 해결 방안"
  }
}