{
  "paragraph": [
    {
      "paragraph_txt": "부정적인 외부효과를 유발하는 시설인 혐오시설은 사람들에게 안좋은 여향을 끼치기 때문에 사람 기피하고 싶어한다.#@문장구분#d; 혐오시설의 대표적인 예시로는 경찰서,소방서(범죄자들이나 다친 사람들을 직접 목격하게 되어 추격을 줄 수 있다는 악영향이 있음),군부대,교도소/구치소,장례 관련 시설.쓰레게 매립장,대학교9시험이 끝나고서 술자리를 갖거나 하는등의 행위등으로 주변에 피해를 주기도 함),공장,원자력 발전소등이 있는데 어떤 시설은 땅 값이 덜어지게 하여 부동산에 피해를 준다거나 악취,소음등의 안좋은 영향을 끼치는 등의 여러 가지 이유가 있어 혐오 시설로 구분되는데 이 혐오 시설들은 어떠한 지역에 세워질 경우 그 지역 사람들에게 여러 가지 악영향을 끼치기 때문에 그 지역에 혐오시설을 짓고자 하면은 당연히 반대할 것이므로 이 혐오시설을 세우기 위해서는 여러한 기준과 공간 활용등을 통한 방벙으로 혐오시설을 세워야 한다.#@문장구분#우선 첫 번째로는 정부나 기업등이 그 지역 사람들에게 마땅한 보상을 주거나 징수하는 방법이 있다.#@문장구분# 이 방법의 경우에는 혐오 시설을 세우더라도 그 지역 사람들에게도 보상이 돌아가기 때문에 어느정도는 윈윈이 되는 셈이다.#@문장구분#그리고 두 번째로는 폐가와 같이 이미 사용하지 않는 공간등을 토지 개발하여서 활용하는 것이다.#@문장구분#정부에서 사람들이 사는 주거 지역과 떨어져 있는 폐가와 같은 공간들을 사들여 그 자리에 혐오 시설을 세우는 것이다,#@문장구분# 이렇게 할 경우 물론 어떤 혐오 시설이냐에 따라 다르겠지만 주변에 큰 피해를 입히지는 않는다는 장점이 있다.#@문장구분#세번째로는 한 지역을 지정하여서 설립 계획을 세워 혐오시설을 설립하기 위한 자리로써 선정하여 혐오 시설을 설립하는 것이다.#@문장구분# 이런 방식을 쓸 경우 사람들의 불만을 줄일 수 있으며 토지를 이용함으로써 발생하는 외부효과를 방지 할 수 있다는 장점이 존재한다#@문장구분#  \n 위에서 설명한 것처럼 이러한 방식을 통하여 혐오시설을 설립한다면 부정적인 외부효과를 최소화 시키고 이러한 방식의 장점을 살릴 수 있을 것이다.#@문장구분#",
      "paragraph_len": 1175,
      "paragraph_id": "001"
    }
  ],
  "score": {
    "paragraph_score": [
      {
        "paragraph_scoreT": [
          3,
          3,
          2.8
        ],
        "paragraph_scoreT_detail": {
          "paragraph_scoreT_exp": [
            [
              3,
              3,
              3
            ],
            [
              3,
              3,
              3
            ],
            [
              2,
              3,
              3
            ]
          ]
        },
        "paragraph_scoreT_avg": 2.9333334,
        "paragraph_id": "001"
      }
    ],
    "essay_scoreT": [
      30,
      25.5,
      27.3
    ],
    "essay_scoreT_avg": 27.6,
    "essay_scoreT_detail": {
      "essay_scoreT_org": [
        [
          3,
          0,
          3,
          3
        ],
        [
          3,
          0,
          2,
          3
        ],
        [
          3,
          0,
          2,
          3
        ]
      ],
      "essay_scoreT_cont": [
        [
          3,
          3,
          3,
          3
        ],
        [
          2,
          2,
          3,
          2
        ],
        [
          2,
          3,
          3,
          3
        ]
      ],
      "essay_scoreT_exp": [
        [
          3,
          3,
          3
        ],
        [
          3,
          3,
          3
        ],
        [
          2,
          3,
          3
        ]
      ]
    }
  },
  "student": {
    "date": "2021.10.24",
    "student_educated": true,
    "student_grade": "고등_1학년",
    "location": "063",
    "student_grade_group": "고등",
    "student_reading": 1
  },
  "rubric": {
    "essay_grade": "고등_1학년",
    "organization_weight": {
      "org_paragraph": 0,
      "org": 3,
      "org_essay": 6,
      "org_coherence": 3,
      "org_quantity": 1
    },
    "essay_type": "대안제시",
    "content_weight": {
      "con_clearance": 3,
      "con_novelty": 3,
      "con": 4,
      "con_prompt": 1,
      "con_description": 3
    },
    "essay_main_subject": "혐오시설 건설문제에 대한 본인의 생각",
    "expression_weight": {
      "exp_style": 4,
      "exp_grammar": 2,
      "exp_vocab": 4,
      "exp": 3
    }
  },
  "correction": [],
  "info": {
    "essay_id": "ESSAY_42653",
    "essay_prompt": " 혐오 시설이란 지역 주민에게 공포감이나 고통을 주거나, 주변 지역의 쾌적성이 훼손됨으로써 집값이나 땅값이 내려가는 등 부정적인 외부효과를 유발하는 시설을 의미합니다.\n\n 대표적인 혐오 시설에는 쓰레기 매립장, 원자력발전소, 소각장, 유류저장소 등이 있습니다.\n\n 매립지, 소각장, 쓰레기 하치장 같은 혐오 시설은 그리 위험하지는 않지만, 쓰레기를 취급한다는 점에서 혐오감을 주며, 주변 환경오염 문제가 갈등을 일으킵니다. 특히 소각장은 인구밀도가 높은 대도시에 건설된다는 점에서 반대 운동이 일기도 합니다.\n\n 그런데 서로 반대만 하다 보면 입지를 찾지 못해 결국 모든 주민의 삶의 질이 저하될 수 있습니다.\n\n 정부 차원에서 가장 적절한 장소를 선별하여 건설 후 주변 사람들에게 혜택을 주는 방식이 적절한 방법일까요? 아니면 혐오 시설만을 모아둔 부지를 따로 정해서 건설해야 할까요? 아니면 모든 도시가 공평하게 혐오 시설 건설에 대한 부담을 지니고 하나씩 건설해야 할까요?\n\n 모두가 만족할만한 결과를 내기란 정말 어려운 문제이지만 여러분이 생각하는 가장 합리적이고 좋은 방법을 생각해보세요. 그리고 그 방법을 대안으로 제시하고 그 근거에 대해 작성해주세요.",
    "essay_type": "대안제시",
    "essay_level": "1",
    "essay_len": 975,
    "essay_main_subject": "혐오시설 건설문제에 대한 본인의 생각"
  }
}