{
  "paragraph": [
    {
      "paragraph_txt": "혐오 시설에는 쓰레기 매립장, 원자력발전소, 소각장, 유류저장소 등이 있습니다.#@문장구분#\n  \n 매립지, 소각장, 쓰레기 하치장 같은 지역 주민에게 공포감이나 고통을 주거나, 주변 지역의 쾌적성이 훼손됨으로써 집값이나 땅값이 내려가는 등 부정적인 외부효과를 유발하는 시설이 혐오시설이라고 한다.#@문장구분# '님비'(NIMBY, not in my backyard)라는 용어가 생겨날 만큼 현대인들의 혐오시설 기피 현상은 그 정도가 심한 편이다.#@문장구분# 누구나 피해를 입고 싶어하지는 않기 때문에 혐오 시설이 주변에 지어지는 것을 반대할 수는 있지만, 그 지역의 모든 사람들이 혐오 시설 설치에 반대한다면 주민들과 지자체 모두에게 이득이 없을 것이다.#@문장구분# 혐오시설은 사람들에게는 혐오를 받지만, 역설적으로 우리에게 꼭 필요한 시설이기 때문에, 어딘가에는 혐오 시설이 지어져야 한다.#@문장구분# 우리는 이 문제점을 해결하기 위해 여러 가지 정책을 시행하고 있다.#@문장구분# 혐오 시설을 설치하기 위해 건설 예정지역 주민에게 충분한 정보를 제공하고 설득과 협의를 통해 이해를 구하기도 하고 공공의 이익을 위해 집값 하락 등 불이익을 감수하게 된 지역 주민에게 적정한 보상을 제공을 해주기도 한다.#@문장구분# 이러한 방법이 실제로 효과가 있지만 조금 더 본질적으로 접근해서, 만약 혐오 시설에 대한 인식을 긍정적으로 변화시킨다면 혐오 시설을 기피하는 현상이 크게 줄어들 것이라고 생각한다.#@문장구분#서로 반대만 하다 보면 입지를 찾지 못해 결국 모든 주민의 삶의 질이 저하될 수 있습니다.#@문장구분#\n \n 정부 차원에서 가장 적절한 장소를 선별하여 건설 후 주변 사람들에게 혜택을 주는 방식이 적절한 방법인거 같다.#@문장구분#  모든 도시가 공평하게 혐오 시설 건설하지 못할거라면  모두가 만족할만한 결과를 내기 힘들거라면 충분한 보상을 해줘야 한다고 생각한다.#@문장구분# 님비현상'(NIMBY, not in my backyard)' 핌비현상 'Please In My Front Yard\"이 공존해야 한다고 생각한다.#@문장구분#",
      "paragraph_len": 1193,
      "paragraph_id": "001"
    }
  ],
  "score": {
    "paragraph_score": [
      {
        "paragraph_scoreT": [
          2.6,
          2.6,
          3
        ],
        "paragraph_scoreT_detail": {
          "paragraph_scoreT_exp": [
            [
              3,
              2,
              3
            ],
            [
              3,
              2,
              3
            ],
            [
              3,
              3,
              3
            ]
          ]
        },
        "paragraph_scoreT_avg": 2.7333333,
        "paragraph_id": "001"
      }
    ],
    "essay_scoreT": [
      27.599998,
      27.599998,
      30
    ],
    "essay_scoreT_avg": 28.4,
    "essay_scoreT_detail": {
      "essay_scoreT_org": [
        [
          3,
          0,
          3,
          3
        ],
        [
          3,
          0,
          3,
          3
        ],
        [
          3,
          0,
          3,
          3
        ]
      ],
      "essay_scoreT_cont": [
        [
          3,
          2,
          3,
          3
        ],
        [
          3,
          2,
          3,
          3
        ],
        [
          3,
          3,
          3,
          3
        ]
      ],
      "essay_scoreT_exp": [
        [
          3,
          2,
          3
        ],
        [
          3,
          2,
          3
        ],
        [
          3,
          3,
          3
        ]
      ]
    }
  },
  "student": {
    "date": "2021.12.06",
    "student_educated": true,
    "student_grade": "고등_1학년",
    "location": "063",
    "student_grade_group": "고등",
    "student_reading": 2
  },
  "rubric": {
    "essay_grade": "고등_1학년",
    "organization_weight": {
      "org_paragraph": 0,
      "org": 3,
      "org_essay": 6,
      "org_coherence": 3,
      "org_quantity": 1
    },
    "essay_type": "대안제시",
    "content_weight": {
      "con_clearance": 3,
      "con_novelty": 3,
      "con": 4,
      "con_prompt": 1,
      "con_description": 3
    },
    "essay_main_subject": "혐오시설 건설문제에 대한 본인의 생각",
    "expression_weight": {
      "exp_style": 4,
      "exp_grammar": 2,
      "exp_vocab": 4,
      "exp": 3
    }
  },
  "correction": [],
  "info": {
    "essay_id": "ESSAY_57104",
    "essay_prompt": " 혐오 시설이란 지역 주민에게 공포감이나 고통을 주거나, 주변 지역의 쾌적성이 훼손됨으로써 집값이나 땅값이 내려가는 등 부정적인 외부효과를 유발하는 시설을 의미합니다.\n\n 대표적인 혐오 시설에는 쓰레기 매립장, 원자력발전소, 소각장, 유류저장소 등이 있습니다.\n\n 매립지, 소각장, 쓰레기 하치장 같은 혐오 시설은 그리 위험하지는 않지만, 쓰레기를 취급한다는 점에서 혐오감을 주며, 주변 환경오염 문제가 갈등을 일으킵니다. 특히 소각장은 인구밀도가 높은 대도시에 건설된다는 점에서 반대 운동이 일기도 합니다.\n\n 그런데 서로 반대만 하다 보면 입지를 찾지 못해 결국 모든 주민의 삶의 질이 저하될 수 있습니다.\n\n 정부 차원에서 가장 적절한 장소를 선별하여 건설 후 주변 사람들에게 혜택을 주는 방식이 적절한 방법일까요? 아니면 혐오 시설만을 모아둔 부지를 따로 정해서 건설해야 할까요? 아니면 모든 도시가 공평하게 혐오 시설 건설에 대한 부담을 지니고 하나씩 건설해야 할까요?\n\n 모두가 만족할만한 결과를 내기란 정말 어려운 문제이지만 여러분이 생각하는 가장 합리적이고 좋은 방법을 생각해보세요. 그리고 그 방법을 대안으로 제시하고 그 근거에 대해 작성해주세요.",
    "essay_type": "대안제시",
    "essay_level": "1",
    "essay_len": 953,
    "essay_main_subject": "혐오시설 건설문제에 대한 본인의 생각"
  }
}