{
  "paragraph": [
    {
      "paragraph_txt": "쓰레기 매립장, 원자력 발전소, 소각장.#@문장구분# 이것들은 살면서 한 번쯤 들어봤을 장소일 것입니다.#@문장구분# 이러한 곳을 통틀어 혐오시설이라 칭하는데, 이런 혐오시설이 어디에 자리 잡고 있는지 아시나요? #@문장구분#그리고 혐오시설로 인해 발생하는 갈등을 알고 있나요?#@문장구분# ",
      "paragraph_len": 215,
      "paragraph_id": "001"
    },
    {
      "paragraph_txt": " 최근 인천, 서울 수도권 지역에 대표적인 혐오시설인 쓰레기 매립장으로 인해 문제가 발생하였습니다.#@문장구분# 쓰레기 매립장이 자신의 지역에 들어오는 것을 거부하고 반대하는 사람들이 있었기 때문입니다.#@문장구분# 대부분의 사람들이 쓰레기 매립장이 자신의 거주지 주변에 세워지는 것을 꺼려 합니다.#@문장구분# 쓰레기 매립장으로 인해 발생하는 여러 가지의 문제 때문입니다.#@문장구분# 에를 들어 지하수 오염, 악취 발생, 집값 문제 등이 있습니다.#@문장구분# 이렇게 다들 기피하는 쓰레기 매립장.#@문장구분# 해결방안은 무엇이 있을까요? #@문장구분#가장 좋은 방안은 쓰레기 배출을 차단하는 것입니다.#@문장구분# 하지만 요즘 같은 산업 사회에서 쓰레기 배출을 차단은 쉽지 않습니다.#@문장구분# 게다가 코로나19로 인해 배달, 포장 등으로 인해 쓰레기 사용량이 더욱 증가했기 때문입니다.#@문장구분# 하지만 쓰레기 배출을 최소화한다면 필요한 쓰레기 매립장이 줄어들 것이고 그러면 자연스럽게 그로 인한 갈등도 서서히 사라질 것입니다.#@문장구분# 조금은 불편하더라도 쓰레기 배출을 줄이면 쓰레기 매립장으로 인해 발생하는 갈등이 해결될 것입니다.#@문장구분# ",
      "paragraph_len": 751,
      "paragraph_id": "002"
    },
    {
      "paragraph_txt": " 쓰레기 매립장과 비슷한 다른 사례로 ㅇㅇ지역에 소각장 지하수가 오염되고 검은 연기가 발생하여 지역 주민들이 불안에 떨게 된 것입니다.#@문장구분# 환경부에서 검은 연기는 빛의 굴절로 인해 보이는 것으로 크게 문제가 없다 하였지만, 그럼에도 불구하고 주민들의 공포는 쉽사리 사그라들지 못했습니다.#@문장구분# 이에 대한 해결방안으로 주변 지역 환경을 관리하는 시스템을 갖추고 환경 수치를 지역 주민에게 공개하여 주민들이 직접 볼 수 있게 한다면 해결될 수 있습니다.#@문장구분# 마지막으로 혐오 시설이 들어오는 지역에는 정부에서 피해 보상금을 지불해 주고 있습니다.#@문장구분# 그래서 소수의 사람들은 혐오시설이 들어오는 것에 찬성하고 있습니다. #@문장구분#이처럼 피해 보상금을 적절하게 지불해주고 지역 환경을 꼼꼼히 관리해 준다면 혐오시설이 들어오는 것에 찬성하는 사람이 늘어나고 문제가 해결될 것입니다.#@문장구분# 하루빨리 혐오시설로 인한 갈등이 해결되었으면 좋겠습니다.#@문장구분#",
      "paragraph_len": 589,
      "paragraph_id": "003"
    }
  ],
  "score": {
    "paragraph_score": [
      {
        "paragraph_scoreT": [
          3,
          3,
          2
        ],
        "paragraph_scoreT_detail": {
          "paragraph_scoreT_exp": [
            [
              3,
              3,
              3
            ],
            [
              3,
              3,
              3
            ],
            [
              2,
              2,
              2
            ]
          ]
        },
        "paragraph_scoreT_avg": 2.6666667,
        "paragraph_id": "001"
      },
      {
        "paragraph_scoreT": [
          3,
          2.8,
          2
        ],
        "paragraph_scoreT_detail": {
          "paragraph_scoreT_exp": [
            [
              3,
              3,
              3
            ],
            [
              2,
              3,
              3
            ],
            [
              2,
              2,
              2
            ]
          ]
        },
        "paragraph_scoreT_avg": 2.6000001,
        "paragraph_id": "002"
      },
      {
        "paragraph_scoreT": [
          3,
          2.4,
          2
        ],
        "paragraph_scoreT_detail": {
          "paragraph_scoreT_exp": [
            [
              3,
              3,
              3
            ],
            [
              2,
              3,
              2
            ],
            [
              2,
              2,
              2
            ]
          ]
        },
        "paragraph_scoreT_avg": 2.4666667,
        "paragraph_id": "003"
      }
    ],
    "essay_scoreT": [
      28.8,
      22.7,
      20
    ],
    "essay_scoreT_avg": 23.833334,
    "essay_scoreT_detail": {
      "essay_scoreT_org": [
        [
          3,
          0,
          3,
          3
        ],
        [
          2,
          0,
          2,
          3
        ],
        [
          2,
          0,
          2,
          2
        ]
      ],
      "essay_scoreT_cont": [
        [
          3,
          2,
          3,
          3
        ],
        [
          2,
          2,
          2,
          3
        ],
        [
          2,
          2,
          2,
          2
        ]
      ],
      "essay_scoreT_exp": [
        [
          3,
          3,
          3
        ],
        [
          2,
          3,
          2
        ],
        [
          2,
          2,
          2
        ]
      ]
    }
  },
  "student": {
    "date": "2021.09.03",
    "student_educated": true,
    "student_grade": "고등_1학년",
    "location": "051",
    "student_grade_group": "고등",
    "student_reading": 1
  },
  "rubric": {
    "essay_grade": "고등_1학년",
    "organization_weight": {
      "org_paragraph": 0,
      "org": 3,
      "org_essay": 6,
      "org_coherence": 3,
      "org_quantity": 1
    },
    "essay_type": "대안제시",
    "content_weight": {
      "con_clearance": 3,
      "con_novelty": 3,
      "con": 4,
      "con_prompt": 1,
      "con_description": 3
    },
    "essay_main_subject": "혐오시설 건설문제에 대한 본인의 생각",
    "expression_weight": {
      "exp_style": 4,
      "exp_grammar": 2,
      "exp_vocab": 4,
      "exp": 3
    }
  },
  "correction": [],
  "info": {
    "essay_id": "ESSAY_33845",
    "essay_prompt": " 혐오 시설이란 지역 주민에게 공포감이나 고통을 주거나, 주변 지역의 쾌적성이 훼손됨으로써 집값이나 땅값이 내려가는 등 부정적인 외부효과를 유발하는 시설을 의미합니다.\n\n 대표적인 혐오 시설에는 쓰레기 매립장, 원자력발전소, 소각장, 유류저장소 등이 있습니다.\n\n 매립지, 소각장, 쓰레기 하치장 같은 혐오 시설은 그리 위험하지는 않지만, 쓰레기를 취급한다는 점에서 혐오감을 주며, 주변 환경오염 문제가 갈등을 일으킵니다. 특히 소각장은 인구밀도가 높은 대도시에 건설된다는 점에서 반대 운동이 일기도 합니다.\n\n 그런데 서로 반대만 하다 보면 입지를 찾지 못해 결국 모든 주민의 삶의 질이 저하될 수 있습니다.\n\n 정부 차원에서 가장 적절한 장소를 선별하여 건설 후 주변 사람들에게 혜택을 주는 방식이 적절한 방법일까요? 아니면 혐오 시설만을 모아둔 부지를 따로 정해서 건설해야 할까요? 아니면 모든 도시가 공평하게 혐오 시설 건설에 대한 부담을 지니고 하나씩 건설해야 할까요?\n\n 모두가 만족할만한 결과를 내기란 정말 어려운 문제이지만 여러분이 생각하는 가장 합리적이고 좋은 방법을 생각해보세요. 그리고 그 방법을 대안으로 제시하고 그 근거에 대해 작성해주세요.",
    "essay_type": "대안제시",
    "essay_level": "1",
    "essay_len": 1100,
    "essay_main_subject": "혐오시설 건설문제에 대한 본인의 생각"
  }
}