{
  "paragraph": [
    {
      "paragraph_txt": "최근 물류업계에서는 훼손된 개발제한구역(그린벨트) 녹지를 복원하면서 물류 거점을 확보하는 '훼손지 정비 사업'이 신시장으로 떠오르고 있다.#@문장구분#\n최근 땅값 급등으로 도심 인근 사업 부지 확보가 어려운 가운데 상대적으로 저렴하고 도심과 가까운 그린 벨트 토지가 주목받는 의미이다.#@문장구분#\n훼손지 정비 사업이란 그린벨트 내 축사 등 동식물 시설로 허가를 받았지만, 불법으로 전용해 창고나 건물을 지으면서 훼손된 토지를 정비해 녹지 기능을 회복하고 친환경 물류센터를 짓는 사업이다.#@문장구분# 사업자는 공공 기여 형식으로 공원, 녹지, 도로 등 기반 시설을 설치하고 합법적으로 물류센터를 설치할 수 있다.#@문장구분#\n훼손지 정비는 물류센터를 운용하는 사업자나 원주민 모두에게 이득이 되는 윈-윈 사업으로 물류센터를 운용하는 화주 입장에서는 그간 도심에서 멀리 떨어진 물류센터로는\n 한계가 있었던 도시 물류 서비스를 원활하게 제공할 수 있게 되며 원주민은 혐오 시설을 없애는 동시에 물류센터 고용을 통한 일자리까지 확보가 가능하다.#@문장구분#\n협동조합이나 지주 공동 사업, 지자체 공동 사업 방식으로 주민들이 사업에 참여하는 '열린 물류'도 좋은 방안으로 꼽힌다.#@문장구분# 이런 식으로 지역 주민에게 공포감이나 고통을 주거나, 주변 지역의 쾌적성이 훼손됨으로써 집값이나 땅값이 내려가는 등 부정적인 효과를 유발하는 시설들은 아직 매립지나, 소각장, 쓰레기 하차장 등 많은 곳에 있지만 위에 설명을 해준 훼손지 정비 사업과 같이 혐오시설을 이용할 수 있는 방안도 늘어가고 있기 때문에 혐오시설을 이용하여 사업자나 원주민에게 윈-윈 효과를 야기할 수 있는 방안을 찾아 땅이 필요한 사람에게는 땅을 이용할 수 있는 방안으로 원주민에게는 삶의 질을 회복할 수 있는 방향이 앞으로도 더 발전할 것으로 기대된다.#@문장구분#\n그러기 위해서는 원주민의 생각을 더많이 들어보고 더욱더 관찰하고 들어주는 태도가 필요하다고 생각합니다.#@문장구분#",
      "paragraph_len": 1080,
      "paragraph_id": "001"
    }
  ],
  "score": {
    "paragraph_score": [
      {
        "paragraph_scoreT": [
          3,
          2.8,
          2.8
        ],
        "paragraph_scoreT_detail": {
          "paragraph_scoreT_exp": [
            [
              3,
              3,
              3
            ],
            [
              2,
              3,
              3
            ],
            [
              2,
              3,
              3
            ]
          ]
        },
        "paragraph_scoreT_avg": 2.8666668,
        "paragraph_id": "001"
      }
    ],
    "essay_scoreT": [
      29.1,
      29.4,
      28.2
    ],
    "essay_scoreT_avg": 28.9,
    "essay_scoreT_detail": {
      "essay_scoreT_org": [
        [
          3,
          0,
          2,
          3
        ],
        [
          3,
          0,
          3,
          3
        ],
        [
          3,
          0,
          3,
          3
        ]
      ],
      "essay_scoreT_cont": [
        [
          3,
          3,
          3,
          3
        ],
        [
          3,
          3,
          3,
          3
        ],
        [
          3,
          2,
          3,
          3
        ]
      ],
      "essay_scoreT_exp": [
        [
          3,
          3,
          3
        ],
        [
          2,
          3,
          3
        ],
        [
          2,
          3,
          3
        ]
      ]
    }
  },
  "student": {
    "date": "2021.10.12",
    "student_educated": true,
    "student_grade": "고등_1학년",
    "location": "02",
    "student_grade_group": "고등",
    "student_reading": 1
  },
  "rubric": {
    "essay_grade": "고등_1학년",
    "organization_weight": {
      "org_paragraph": 0,
      "org": 3,
      "org_essay": 6,
      "org_coherence": 3,
      "org_quantity": 1
    },
    "essay_type": "대안제시",
    "content_weight": {
      "con_clearance": 3,
      "con_novelty": 3,
      "con": 4,
      "con_prompt": 1,
      "con_description": 3
    },
    "essay_main_subject": "혐오시설 건설문제에 대한 본인의 생각",
    "expression_weight": {
      "exp_style": 4,
      "exp_grammar": 2,
      "exp_vocab": 4,
      "exp": 3
    }
  },
  "correction": [],
  "info": {
    "essay_id": "ESSAY_37158",
    "essay_prompt": " 혐오 시설이란 지역 주민에게 공포감이나 고통을 주거나, 주변 지역의 쾌적성이 훼손됨으로써 집값이나 땅값이 내려가는 등 부정적인 외부효과를 유발하는 시설을 의미합니다.\n\n 대표적인 혐오 시설에는 쓰레기 매립장, 원자력발전소, 소각장, 유류저장소 등이 있습니다.\n\n 매립지, 소각장, 쓰레기 하치장 같은 혐오 시설은 그리 위험하지는 않지만, 쓰레기를 취급한다는 점에서 혐오감을 주며, 주변 환경오염 문제가 갈등을 일으킵니다. 특히 소각장은 인구밀도가 높은 대도시에 건설된다는 점에서 반대 운동이 일기도 합니다.\n\n 그런데 서로 반대만 하다 보면 입지를 찾지 못해 결국 모든 주민의 삶의 질이 저하될 수 있습니다.\n\n 정부 차원에서 가장 적절한 장소를 선별하여 건설 후 주변 사람들에게 혜택을 주는 방식이 적절한 방법일까요? 아니면 혐오 시설만을 모아둔 부지를 따로 정해서 건설해야 할까요? 아니면 모든 도시가 공평하게 혐오 시설 건설에 대한 부담을 지니고 하나씩 건설해야 할까요?\n\n 모두가 만족할만한 결과를 내기란 정말 어려운 문제이지만 여러분이 생각하는 가장 합리적이고 좋은 방법을 생각해보세요. 그리고 그 방법을 대안으로 제시하고 그 근거에 대해 작성해주세요.",
    "essay_type": "대안제시",
    "essay_level": "1",
    "essay_len": 920,
    "essay_main_subject": "혐오시설 건설문제에 대한 본인의 생각"
  }
}