{
  "paragraph": [
    {
      "paragraph_txt": "다들 기억하고있을 것입니다.#@문장구분# 부안군이 폐기장 유치 신청을 받아들이고 일을 진행했다가, 지역 주민들의 반대로 대규모 집회와 문제를 일으켰습니다. #@문장구분#이러한 문제가 생기면 해결할수 있는 방법은 뭐가 있을까요.#@문장구분# 해결하기 위해서는 우선 지역 주민들을 설득하는 것이 최우선입니다.#@문장구분# 설득되지 않은 상황에서 무엇을 진행하려 하면 이도 저도 안되고 싸움만 날 것이기 때문입니다.#@문장구분# 그 다음이 첫째, 정부가 부안에다가 핵 폐기장 설립을 한다면 지역 주민들이 원하는 것들을  들어주는 것이다.#@문장구분# 예로는 지역 홍보나 금전적 도움과 세금을 줄여주는 것 해양을 이용한 관광지를 더 만들어준다던지 이런것이 있습니다.#@문장구분# 두 번째로는 도시끼리 재매도시를 맺어서 서로 물질적으로든 책임지고 해결해 주는 것입니다.#@문장구분#공공의 이익을 위해 만들어지는 혐오시설이니 만큼 이 핵 폐기장을 설치했을 때 발생하는 문제를 정부나 어느 한 도시에서 책임지고 해결해 준다면 지역 주민들의 걱정도 조금은 없어질 것이기 때문입니다.#@문장구분# 세 번째로는 시설을 설치하고 나서 그 시설에 관한 일자리를 마련해 준다면 설립하는 데에 지역 주민들이 동의할지도 모르기 때문입니다.#@문장구분# 부안 지역에 취업이 안되고 있는 청년들을 위해 그 부안 지역 주민들이 받아들일 지도 모르기 때문입니다. #@문장구분#마지막으로는 핵 폐기장이 들어서면 환경도 안 좋아질 텐데 이것을 대비하여 공기가 맑아지는 나무 심기 캠페인 등을 시행한다면 반대가 그리 심하지 않을 것 같고 또 환경을 개선할 만한 시설을 설치하면 문제 해결하는 것에 가까이 다가갈 수 있을 것 같습니다.#@문장구분# 일단은 어느 한쪽만 이득을 보거나 한쪽만 피해를 입는다면 그건 올바른 상황이 아니라고 생각합니다. #@문장구분#그리고 정부는 강제적으로 지역 주민들의 의견을 무시하면서 결정을 하면 안 되고, 지역 주민들도 자신의 이익이 되지 않으면 바로 반대하는 것도 안된다고 생각합니다.#@문장구분# 서로 상호작용을 통해 서로를 이해하고 배려하고 가장 합리적이고 좋은 방법을 생각해 봐야 합니다.#@문장구분#",
      "paragraph_len": 1259,
      "paragraph_id": "001"
    }
  ],
  "score": {
    "paragraph_score": [
      {
        "paragraph_scoreT": [
          3,
          3,
          2.6
        ],
        "paragraph_scoreT_detail": {
          "paragraph_scoreT_exp": [
            [
              3,
              3,
              3
            ],
            [
              3,
              3,
              3
            ],
            [
              3,
              3,
              2
            ]
          ]
        },
        "paragraph_scoreT_avg": 2.8666668,
        "paragraph_id": "001"
      }
    ],
    "essay_scoreT": [
      30,
      28.4,
      27.599998
    ],
    "essay_scoreT_avg": 28.666666,
    "essay_scoreT_detail": {
      "essay_scoreT_org": [
        [
          3,
          0,
          3,
          3
        ],
        [
          3,
          0,
          3,
          3
        ],
        [
          3,
          0,
          3,
          3
        ]
      ],
      "essay_scoreT_cont": [
        [
          3,
          3,
          3,
          3
        ],
        [
          2,
          3,
          2,
          3
        ],
        [
          3,
          2,
          3,
          3
        ]
      ],
      "essay_scoreT_exp": [
        [
          3,
          3,
          3
        ],
        [
          3,
          3,
          3
        ],
        [
          3,
          3,
          2
        ]
      ]
    }
  },
  "student": {
    "date": "2021.12.08",
    "student_educated": true,
    "student_grade": "고등_1학년",
    "location": "063",
    "student_grade_group": "고등",
    "student_reading": 1
  },
  "rubric": {
    "essay_grade": "고등_1학년",
    "organization_weight": {
      "org_paragraph": 0,
      "org": 3,
      "org_essay": 6,
      "org_coherence": 3,
      "org_quantity": 1
    },
    "essay_type": "대안제시",
    "content_weight": {
      "con_clearance": 3,
      "con_novelty": 3,
      "con": 4,
      "con_prompt": 1,
      "con_description": 3
    },
    "essay_main_subject": "혐오시설 건설문제에 대한 본인의 생각",
    "expression_weight": {
      "exp_style": 4,
      "exp_grammar": 2,
      "exp_vocab": 4,
      "exp": 3
    }
  },
  "correction": [],
  "info": {
    "essay_id": "ESSAY_61071",
    "essay_prompt": " 혐오 시설이란 지역 주민에게 공포감이나 고통을 주거나, 주변 지역의 쾌적성이 훼손됨으로써 집값이나 땅값이 내려가는 등 부정적인 외부효과를 유발하는 시설을 의미합니다.\n\n 대표적인 혐오 시설에는 쓰레기 매립장, 원자력발전소, 소각장, 유류저장소 등이 있습니다.\n\n 매립지, 소각장, 쓰레기 하치장 같은 혐오 시설은 그리 위험하지는 않지만, 쓰레기를 취급한다는 점에서 혐오감을 주며, 주변 환경오염 문제가 갈등을 일으킵니다. 특히 소각장은 인구밀도가 높은 대도시에 건설된다는 점에서 반대 운동이 일기도 합니다.\n\n 그런데 서로 반대만 하다 보면 입지를 찾지 못해 결국 모든 주민의 삶의 질이 저하될 수 있습니다.\n\n 정부 차원에서 가장 적절한 장소를 선별하여 건설 후 주변 사람들에게 혜택을 주는 방식이 적절한 방법일까요? 아니면 혐오 시설만을 모아둔 부지를 따로 정해서 건설해야 할까요? 아니면 모든 도시가 공평하게 혐오 시설 건설에 대한 부담을 지니고 하나씩 건설해야 할까요?\n\n 모두가 만족할만한 결과를 내기란 정말 어려운 문제이지만 여러분이 생각하는 가장 합리적이고 좋은 방법을 생각해보세요. 그리고 그 방법을 대안으로 제시하고 그 근거에 대해 작성해주세요.",
    "essay_type": "대안제시",
    "essay_level": "1",
    "essay_len": 960,
    "essay_main_subject": "혐오시설 건설문제에 대한 본인의 생각"
  }
}