{
  "paragraph": [
    {
      "paragraph_txt": "요즘 사회에서는 일상화된 남혐, 여혐표현들이 매우 예민한 문제로 자리잡고 있다.#@문장구분# 남혐, 여혐표현들이 문제가 되는 이유는 한 사람이 남혐, 여혐표현을 한번이라도 하게된다면 대립되는 양측이 나뉘게 되고 결국에는 서로 싸우게 되고 그 과정에서 서로가 서로를 미워하는 상황이 생기고 그 과정에서 몇몇사람들이 피해를 보기 때문이다.#@문장구분# 또한 인터넷상에서 공식적인 입장이 드러나지 않은 상황에서 일단 비난만 하는 상황또한 만들어지는 경우가 많아 피해자를 줄이고 남혐, 여혐표현 문제를 해결하여 서로가 상생하는 사회를 만들기위해 남혐,여혐문제를 해결하여야한다.#@문장구분# \n 1번째 문제해결방안은 '남성측과 여성측이 공식적인 자리에서 서로가 서로의 오해를 풀자'이다.#@문장구분# 왜냐하면 남혐, 여혐문제의 운인중에는 서로의 소통의 부재가 자리잡고 있기 때문에 공식적인 자리에서 서로에 대한 오해를 풀고 자신들의 입장을 밝히면 소통문제를 해결함과 동시에 서로의 입장을 이해하여 문제가 해결될 수 있다.#@문장구분#",
      "paragraph_len": 582,
      "paragraph_id": "001"
    },
    {
      "paragraph_txt": " 2번째 해결방안은 '서로 상생하고 차별없이 사는 인식가지기'이다.#@문장구분# 왜냐하면 서로가 서로를 위해 생활하는 상생관계를 유지하는 인식을 가지고 생활하면 서로에 대한 편견과 인식이 바뀌어 갈등없이 생활할수있을 것이다.#@문장구분#",
      "paragraph_len": 158,
      "paragraph_id": "002"
    },
    {
      "paragraph_txt": " 3번째 문제해결방안은 '남혐, 여혐에 논란에 휩싸인 사람이나 기업등의 공식적인 입장, 객관적인 증거없이 비난하고 혐오하지않기'이다.#@문장구분# 왜냐하면 요즘 사회에서 여혐,남혐문제는 인터넷등에서 익명을 이용하여 공식적인 입장이나 객관적인 증거없이 악플등으로 비난하는 상황이 많이 생기게 된다.#@문장구분# 때문에 남혐, 여혐표현을 사용하였다고 하여 피해자의 공식적인 입장이나 객관적인 증거없이 비난하게되면 남혐, 여혐문제가 더욱 심해질수있기 때문에  이러한 문제를 해결하기위해 공식적인 입장과 객관적인 증거를 기다리고 만약 공식적인 입장과 객관적인 증거가 드러나도 많이 비난하지는 말자.#@문장구분#",
      "paragraph_len": 376,
      "paragraph_id": "003"
    }
  ],
  "score": {
    "paragraph_score": [
      {
        "paragraph_scoreT": [
          2.6,
          2.2,
          3
        ],
        "paragraph_scoreT_detail": {
          "paragraph_scoreT_exp": [
            [
              3,
              2,
              3
            ],
            [
              3,
              2,
              2
            ],
            [
              3,
              3,
              3
            ]
          ]
        },
        "paragraph_scoreT_avg": 2.6000001,
        "paragraph_id": "001"
      },
      {
        "paragraph_scoreT": [
          2.6,
          2.2,
          3
        ],
        "paragraph_scoreT_detail": {
          "paragraph_scoreT_exp": [
            [
              3,
              2,
              3
            ],
            [
              3,
              2,
              2
            ],
            [
              3,
              3,
              3
            ]
          ]
        },
        "paragraph_scoreT_avg": 2.6000001,
        "paragraph_id": "002"
      },
      {
        "paragraph_scoreT": [
          2.6,
          2.2,
          3
        ],
        "paragraph_scoreT_detail": {
          "paragraph_scoreT_exp": [
            [
              3,
              2,
              3
            ],
            [
              3,
              2,
              2
            ],
            [
              3,
              3,
              3
            ]
          ]
        },
        "paragraph_scoreT_avg": 2.6000001,
        "paragraph_id": "003"
      }
    ],
    "essay_scoreT": [
      27.599998,
      22.5,
      28.8
    ],
    "essay_scoreT_avg": 26.299997,
    "essay_scoreT_detail": {
      "essay_scoreT_org": [
        [
          3,
          0,
          3,
          3
        ],
        [
          2,
          0,
          2,
          3
        ],
        [
          3,
          0,
          3,
          3
        ]
      ],
      "essay_scoreT_cont": [
        [
          3,
          2,
          3,
          3
        ],
        [
          3,
          2,
          3,
          2
        ],
        [
          3,
          2,
          3,
          3
        ]
      ],
      "essay_scoreT_exp": [
        [
          3,
          2,
          3
        ],
        [
          3,
          2,
          2
        ],
        [
          3,
          3,
          3
        ]
      ]
    }
  },
  "student": {
    "date": "2021.09.03",
    "student_educated": true,
    "student_grade": "고등_1학년",
    "location": "051",
    "student_grade_group": "고등",
    "student_reading": 1
  },
  "rubric": {
    "essay_grade": "고등_1학년",
    "organization_weight": {
      "org_paragraph": 0,
      "org": 3,
      "org_essay": 6,
      "org_coherence": 3,
      "org_quantity": 1
    },
    "essay_type": "대안제시",
    "content_weight": {
      "con_clearance": 3,
      "con_novelty": 3,
      "con": 4,
      "con_prompt": 1,
      "con_description": 3
    },
    "essay_main_subject": "남녀 갈등 해결 방안",
    "expression_weight": {
      "exp_style": 4,
      "exp_grammar": 2,
      "exp_vocab": 4,
      "exp": 3
    }
  },
  "correction": [],
  "info": {
    "essay_id": "ESSAY_35601",
    "essay_prompt": " 남녀 갈등은 최근 우리 사회에서 가장 뜨거운 이슈 중 하나입니다. 이러한 갈등은 아직 간극을 좁히지 못하고 현재 사회적인 문제로 자리 잡았습니다.\n\n 군 가산점 문제, 일자리 문제 등 여러 가지 비교 자료들을 토대로 토론을 하고 이를 통해 갈등을 해결하고자 하는 노력이 이루어지고 있습니다.\n\n 과거에는 성차별 심했던 시기가 있었습니다. 여자와 남자를 구별 지어 일을 주는 경우도 많았습니다. 하지만, 현재는 여자와 남자라는 성별을 떠나서 나이, 국적을 불문하고 모두에게 평등한 기회를 주기 위해 노력하고 있습니다.\n\n 이렇게 모두의 노력에도 불구하고 아직 해결되지 않았거나 해결될 기미가 보이지 않는 양성평등 문제가 있을까요?\n\n 아주 작은 사소한 일이라도 좋습니다. 여러분이 생각하는 우리 주변의 양성평등 문제를 하나 작성해보고 어떻게 해결할 수 있을지 혹은 무엇이 바뀌어야 해결될 것 같은지 본인의 생각을 설명해주세요. ",
    "essay_type": "대안제시",
    "essay_level": "1",
    "essay_len": 921,
    "essay_main_subject": "남녀 갈등 해결 방안"
  }
}