{
  "paragraph": [
    {
      "paragraph_txt": "앞에서 말한 기사 말고 또 다른 혐오에 대한 기사가 있다.#@문장구분# 2020 도쿄올림픽에서 양궁 3관왕을 한 안산선수에게 페미니스트가 아닌가? #@문장구분#하는 질문을 받았다. #@문장구분#그 이유는 숏컷에 여대에 페미니스트 조건이라고 한다. #@문장구분#또한 과거 SNS에서 남성혐오 발언 '웅앵웅, 오조오억' 이라고 했다고 한다.#@문장구분# 그래서 안산선수에게 페미니스트 인지 아닌지  답을 요구했다.#@문장구분# 코로나19로 인해 비대면식 온라인에서 혐오발언이 증가했다.#@문장구분#사람들에게 질문을 했다.#@문장구분# 혐오발언을 자신이 들었던 사람은 2/3 이나 되고, 자신이 혐오발언을 했다는 사람은 1/3이었다. #@문장구분#코로나19 전보다 혐오발언이 늘었다고 동의한 사람은 72.4%였다. #@문장구분#이러한 기사를 찾아보고 내가 생각한 대안들은 먼저 상대방의 입장을 생각해 보는 것이다.#@문장구분# 자신이 그냥 했던 혐오발언에 상처입기도 하고 고통을 주기도 하기 때문에 배려해야한다.#@문장구분# 두 번째는 자신이 원래 갖고 있던 생각과 편견을 바꾸어 보는 것이다. #@문장구분#편견을 갖고 있다면 저사람은 저럴꺼야 하고 자신의 틀에 막혀 사람들의 새로운 모습을 보지 못할 것이다.#@문장구분# 세 번째는 혐오발언에 대한 벌의 수위를 높이는 것이다.#@문장구분# 벌의 수위를 높인다면 강제로라도 혐오발언을 하는 사람들이 줄어들 것이기 때문이다. #@문장구분#마지막으로는  혐오발언을 줄이자는 캠페인을 만들어 보는 것이다.#@문장구분#캠페인활동을 하면서 문제의 심각성을 깨닫고 적극적으로 노력한다면 혐오발언을 하는 사람들을 줄일수 있을지 모른다. #@문장구분#제가 생각한 대안들은 총4가지입니다. #@문장구분#이 대안들이 지켜진다면 정말 혐오발언을 하는 사람도 듣는사람도 줄어들 것이다. #@문장구분#결론은 일상화된 남성, 여성 혐오 코로나19 전보다 혐오사용이 높아진 지금 해결해야할 문제로 손꼽히고 있다. #@문장구분#기사를 찾아보니 남성, 여성혐오 말고도 우리가 미국에 갔을 때 아시아인 혐오에 대한 기사도 보게 되었다.#@문장구분# 그 기사를 보니 슬펐다. #@문장구분#그래서 하루빨리 남성, 여성혐오도 아시아인 혐오도 사라졌으면 좋겠다. #@문장구분#그 발언 한마디 때문에 폭행으로 이어지기도 하고 상처받기도 하기 때문이다. #@문장구분#모두 힘을 합쳐서 좀 더 나은 세상을 만들어 갔으면 합니다! #@문장구분#우리 모두 조금씩 노력해봅시다!#@문장구분#",
      "paragraph_len": 1574,
      "paragraph_id": "001"
    }
  ],
  "score": {
    "paragraph_score": [
      {
        "paragraph_scoreT": [
          2,
          3,
          2
        ],
        "paragraph_scoreT_detail": {
          "paragraph_scoreT_exp": [
            [
              2,
              2,
              2
            ],
            [
              3,
              3,
              3
            ],
            [
              2,
              2,
              2
            ]
          ]
        },
        "paragraph_scoreT_avg": 2.3333333,
        "paragraph_id": "001"
      }
    ],
    "essay_scoreT": [
      23.3,
      28.8,
      19.8
    ],
    "essay_scoreT_avg": 23.966665,
    "essay_scoreT_detail": {
      "essay_scoreT_org": [
        [
          3,
          0,
          2,
          3
        ],
        [
          3,
          0,
          3,
          3
        ],
        [
          1,
          0,
          2,
          2
        ]
      ],
      "essay_scoreT_cont": [
        [
          3,
          2,
          2,
          2
        ],
        [
          3,
          2,
          3,
          3
        ],
        [
          3,
          2,
          3,
          2
        ]
      ],
      "essay_scoreT_exp": [
        [
          2,
          2,
          2
        ],
        [
          3,
          3,
          3
        ],
        [
          2,
          2,
          2
        ]
      ]
    }
  },
  "student": {
    "date": "2021.09.03",
    "student_educated": true,
    "student_grade": "고등_1학년",
    "location": "051",
    "student_grade_group": "고등",
    "student_reading": 2
  },
  "rubric": {
    "essay_grade": "고등_1학년",
    "organization_weight": {
      "org_paragraph": 0,
      "org": 3,
      "org_essay": 6,
      "org_coherence": 3,
      "org_quantity": 1
    },
    "essay_type": "대안제시",
    "content_weight": {
      "con_clearance": 3,
      "con_novelty": 3,
      "con": 4,
      "con_prompt": 1,
      "con_description": 3
    },
    "essay_main_subject": "남녀 갈등 해결 방안",
    "expression_weight": {
      "exp_style": 4,
      "exp_grammar": 2,
      "exp_vocab": 4,
      "exp": 3
    }
  },
  "correction": [],
  "info": {
    "essay_id": "ESSAY_34683",
    "essay_prompt": " 남녀 갈등은 최근 우리 사회에서 가장 뜨거운 이슈 중 하나입니다. 이러한 갈등은 아직 간극을 좁히지 못하고 현재 사회적인 문제로 자리 잡았습니다.\n\n 군 가산점 문제, 일자리 문제 등 여러 가지 비교 자료들을 토대로 토론을 하고 이를 통해 갈등을 해결하고자 하는 노력이 이루어지고 있습니다.\n\n 과거에는 성차별 심했던 시기가 있었습니다. 여자와 남자를 구별 지어 일을 주는 경우도 많았습니다. 하지만, 현재는 여자와 남자라는 성별을 떠나서 나이, 국적을 불문하고 모두에게 평등한 기회를 주기 위해 노력하고 있습니다.\n\n 이렇게 모두의 노력에도 불구하고 아직 해결되지 않았거나 해결될 기미가 보이지 않는 양성평등 문제가 있을까요?\n\n 아주 작은 사소한 일이라도 좋습니다. 여러분이 생각하는 우리 주변의 양성평등 문제를 하나 작성해보고 어떻게 해결할 수 있을지 혹은 무엇이 바뀌어야 해결될 것 같은지 본인의 생각을 설명해주세요. ",
    "essay_type": "대안제시",
    "essay_level": "1",
    "essay_len": 1036,
    "essay_main_subject": "남녀 갈등 해결 방안"
  }
}