{
  "paragraph": [
    {
      "paragraph_txt": "혐오시설 건설을 두고 지역간의 갈등은 해당 혐오시설의 편익을 누리는 지자체가 다수인 데 반하여 그로 인한 부담은 특정 지자체에만 귀속되는 경우에 발생한다.#@문장구분# 그리고 지자체 내부에서 갈등은 자치단체장과 주민들 사이의 의사소통의 잘 이루어지지 않으며 주민들의 여론수렴 미흡한 경우, 또는 자치단체장의 독단적 정책추진 등으로 인해 발생한다.#@문장구분# 갈등의 원인과 유형에 따라 적합한 대응 방안이 달라질 수 있을 것인데, 이런 님비 현상으로 인한 갈등을 해결하기 위해서는 합리적인 갈등 및 분쟁조정 시스템을 구축하는 것이 필요하다.#@문장구분# 특히 입장이 서로 다른 지자체와 지역주민간, 혹은 각 지자체들 끼리의 협상을 통해 합의에 도달하기 위해서는 서로 대치하여 본인의 의견만 주장할 것이 아니라 중립적인 입장에서 분쟁조정이 가능한 전문가가 개입하여 중재하는 것이 좋은 방안 이라고 생각한다.#@문장구분# 그리고 혐호시설의 입지선정 이전에 해당 시설의 필요성에 대한 사회적 합의를 형성할 필요가 있을 것이다.#@문장구분# 입지선정 초기 단계부터 관련 정보를 공개하고 전문적인 조사기관의 환경영향 평가 등을 실시함으로써 정책추진의 전 과정의 투명성과 공정성을 확보해야한다.#@문장구분# 혐호시설 관련 갈등이 격화되는 이유 중의 하나는 당국의 일방적 정책추진에 대한 주민들의 반발이기 때문에 입지 선정 단계부터 주민 참여를 활성화하는 제도적 장치를 마련하는 것이 갈등 완화 및 합의 형성을 위해 중요한 포인트가 될 것이다.#@문장구분# 혐호시설의 입지로 인한 피해는 경제적으로 보상되어야 하며, 직접적인 설치 지역뿐만 아니라 인근 지역의 주민들에게도 그 피해 정도에 따라 보상이 이루어져야 한다.#@문장구분# 각 지역에 서로 다른 비선호시설을 설치하고 있는 인근 지역간의 빅딜을 통하여 비선호시설을 공동 이용하면 지역이기주의 현상인 님비 현상을 방지하고 지역간 자원 이용의 효율성을 얻을수 있을 것이며 모두가 만족하는 결과가 나올것이라고 예상해 본다.#@문장구분#",
      "paragraph_len": 1109,
      "paragraph_id": "001"
    }
  ],
  "score": {
    "paragraph_score": [
      {
        "paragraph_scoreT": [
          3,
          3,
          3
        ],
        "paragraph_scoreT_detail": {
          "paragraph_scoreT_exp": [
            [
              3,
              3,
              3
            ],
            [
              3,
              3,
              3
            ],
            [
              3,
              3,
              3
            ]
          ]
        },
        "paragraph_scoreT_avg": 3,
        "paragraph_id": "001"
      }
    ],
    "essay_scoreT": [
      28.8,
      28.8,
      30
    ],
    "essay_scoreT_avg": 29.199999,
    "essay_scoreT_detail": {
      "essay_scoreT_org": [
        [
          3,
          0,
          3,
          3
        ],
        [
          3,
          0,
          3,
          3
        ],
        [
          3,
          0,
          3,
          3
        ]
      ],
      "essay_scoreT_cont": [
        [
          3,
          2,
          3,
          3
        ],
        [
          3,
          2,
          3,
          3
        ],
        [
          3,
          3,
          3,
          3
        ]
      ],
      "essay_scoreT_exp": [
        [
          3,
          3,
          3
        ],
        [
          3,
          3,
          3
        ],
        [
          3,
          3,
          3
        ]
      ]
    }
  },
  "student": {
    "date": "2021.11.18",
    "student_educated": true,
    "student_grade": "고등_1학년",
    "location": "063",
    "student_grade_group": "고등",
    "student_reading": 1
  },
  "rubric": {
    "essay_grade": "고등_1학년",
    "organization_weight": {
      "org_paragraph": 0,
      "org": 3,
      "org_essay": 6,
      "org_coherence": 3,
      "org_quantity": 1
    },
    "essay_type": "대안제시",
    "content_weight": {
      "con_clearance": 3,
      "con_novelty": 3,
      "con": 4,
      "con_prompt": 1,
      "con_description": 3
    },
    "essay_main_subject": "혐오시설 건설문제에 대한 본인의 생각",
    "expression_weight": {
      "exp_style": 4,
      "exp_grammar": 2,
      "exp_vocab": 4,
      "exp": 3
    }
  },
  "correction": [],
  "info": {
    "essay_id": "ESSAY_47357",
    "essay_prompt": " 혐오 시설이란 지역 주민에게 공포감이나 고통을 주거나, 주변 지역의 쾌적성이 훼손됨으로써 집값이나 땅값이 내려가는 등 부정적인 외부효과를 유발하는 시설을 의미합니다.\n\n 대표적인 혐오 시설에는 쓰레기 매립장, 원자력발전소, 소각장, 유류저장소 등이 있습니다.\n\n 매립지, 소각장, 쓰레기 하치장 같은 혐오 시설은 그리 위험하지는 않지만, 쓰레기를 취급한다는 점에서 혐오감을 주며, 주변 환경오염 문제가 갈등을 일으킵니다. 특히 소각장은 인구밀도가 높은 대도시에 건설된다는 점에서 반대 운동이 일기도 합니다.\n\n 그런데 서로 반대만 하다 보면 입지를 찾지 못해 결국 모든 주민의 삶의 질이 저하될 수 있습니다.\n\n 정부 차원에서 가장 적절한 장소를 선별하여 건설 후 주변 사람들에게 혜택을 주는 방식이 적절한 방법일까요? 아니면 혐오 시설만을 모아둔 부지를 따로 정해서 건설해야 할까요? 아니면 모든 도시가 공평하게 혐오 시설 건설에 대한 부담을 지니고 하나씩 건설해야 할까요?\n\n 모두가 만족할만한 결과를 내기란 정말 어려운 문제이지만 여러분이 생각하는 가장 합리적이고 좋은 방법을 생각해보세요. 그리고 그 방법을 대안으로 제시하고 그 근거에 대해 작성해주세요.",
    "essay_type": "대안제시",
    "essay_level": "1",
    "essay_len": 929,
    "essay_main_subject": "혐오시설 건설문제에 대한 본인의 생각"
  }
}