{
  "paragraph": [
    {
      "paragraph_txt": "최근 남녀갈등이 더욱 심각해지기 시작했다.#@문장구분# 이런 남녀갈등이 일어나는 이유는 다양하다. #@문장구분#그 중 대표적인 이유는 성범죄와 여성 전용 시설의 과한 도입 그리고 남녀갈등을 유발하는 커뮤니티의 활발한 활동이며 이로 인해 남녀갈등은 더욱 심각해지고 있다.#@문장구분# 또 방송의 수위가 높아질수록 불쾌감을 느끼는 사람들이 늘어나기 시작했고, 여성과 남성을 서로 비하하는 말들인 '김치녀', '한남' 등 많은 말들이 사용되고 있다.#@문장구분# 이 글은 이러한 문제점에 대해서 알아보고 그러한 문제점에 대해서 해결방안을 제시하고자 한다.#@문장구분# 첫 번째로 남녀갈등의 원인은 성범죄이다.#@문장구분# 이 성범죄의 해결방안으로는 다음과 같은 것들이 있다.#@문장구분# 대검찰청의 조사에 따르면 성범죄 피해는 남성보다 여성이 많은 것으로 나타났다.#@문장구분#그리고 요즘 조금씩 강화되고 있는 성범죄에 관한 법률 또한 더더욱 강화해야한다.#@문장구분# 그리고 모든 사람들이 성폭력피해상담소나 성폭력피해자보호시설 같은 사회적인 기관을 잘 알고 도움을 받을 줄 알아야 하고 이러한 기관들을 더 많이 누릴필요가 있다.#@문장구분# 또한 성에 대한 정확한 정보 제공과 부정적인 사고의 개선을 위하여 체계적인 성교육을 실시하고 이를 통해 성범죄 피해에 적극적으로 대처하는 힘을 길러줄 필요가 있다.#@문장구분# 두 번째로 남녀갈등을 심화시키는 데 큰 영향을 끼치는 정책이 있다.#@문장구분# 바로 여성전용시설이다.#@문장구분# 여성전용주차장, 여성전용도서관 등 여성을 대상으로 일어나는 범죄를 예방하기 만들어진 것이다.#@문장구분# 하지만 이러한 정책은 남성을 잠재적 가해자로 보는 잘못된 사회적 인식을 심어줄 수 있다.#@문장구분# 또한 여성전용시설은 오히려 범죄 발생의 현장이 되기 쉽다.#@문장구분# 충동적으로 범죄를 저지르는 사람이 아니라 계획적으로 범죄를 저지르는 사람에게 있어서 남성이 없는 여성전용시설은 범죄를 일으키기에 수월한 장소가 될 수 있다.#@문장구분# 이 문제을 해결할 수 있는 방안은 여성전용시설 제도를 없애는 것이다.#@문장구분# 이 제도를 없앰으로써 심화되고 있는 남녀갈등을 해결하고 소비되는 세금을 아낄 수 있다.#@문장구분# 세 번째로 가장 대표적인 남녀갈등의 원인인 커뮤니티이다.#@문장구분# 남녀갈등을 심화시키는 커뮤니티에는 여초 커뮤니티와 남초 커뮤니티가 있다.#@문장구분# 연예계, 미용, 육아, 페미니즘 관련 커뮤니티는 여초인 경우가 많다.#@문장구분# 그리고 게임, 스포츠, 자동차, 전자기기 관련 커뮤니티는 남초인 경우가 많다.#@문장구분# 여초 사이트는 페미니즘에는 우호적이되 남성혐오 표현 사용은 엄격히 금하는 여초 사이트도 있는 반면, 노골적인 남성혐오 표현을 방치하면서 사실상 조장하는 막장 여초 사이트도 있다.#@문장구분# 그리고 시간이 지날수록 중립적이었던 남초 커뮤니티도 심화되는 성별 갈등 때문에 여성에 대한 일반화가 심화되고 있다.#@문장구분# 이러한 커뮤니티들 때문에 남녀갈등이 조정되고 심화되고 있다.#@문장구분# 성범죄, 여성 전용시설의 과도한 도입 그리고 남녀갈등을 유발하는 커뮤니티의 활발한 활동 등 남녀갈등을 유발하는 문제를 해결하기 위해 일상 속에서 실천할 수 있는 해결 방안은 성범죄에 대해 관심을 가져주고 남녀갈등을 유발하는 사이트에 들어가지 않고 여성 남성을 서로 비하하는 말들인 '김치녀' '한남' 등 그런 말들을 사용하지 않고 여성이든 남성이든 서로를 배려해준다면 남녀갈등의 문제를 해결할 수 있다.#@문장구분#",
      "paragraph_len": 2085,
      "paragraph_id": "001"
    }
  ],
  "score": {
    "paragraph_score": [
      {
        "paragraph_scoreT": [
          3,
          3,
          3
        ],
        "paragraph_scoreT_detail": {
          "paragraph_scoreT_exp": [
            [
              3,
              3,
              3
            ],
            [
              3,
              3,
              3
            ],
            [
              3,
              3,
              3
            ]
          ]
        },
        "paragraph_scoreT_avg": 3,
        "paragraph_id": "001"
      }
    ],
    "essay_scoreT": [
      28.8,
      28.8,
      30
    ],
    "essay_scoreT_avg": 29.199999,
    "essay_scoreT_detail": {
      "essay_scoreT_org": [
        [
          3,
          0,
          3,
          3
        ],
        [
          3,
          0,
          3,
          3
        ],
        [
          3,
          0,
          3,
          3
        ]
      ],
      "essay_scoreT_cont": [
        [
          3,
          3,
          3,
          2
        ],
        [
          3,
          2,
          3,
          3
        ],
        [
          3,
          3,
          3,
          3
        ]
      ],
      "essay_scoreT_exp": [
        [
          3,
          3,
          3
        ],
        [
          3,
          3,
          3
        ],
        [
          3,
          3,
          3
        ]
      ]
    }
  },
  "student": {
    "date": "2021.11.19",
    "student_educated": true,
    "student_grade": "고등_1학년",
    "location": "051",
    "student_grade_group": "고등",
    "student_reading": 1
  },
  "rubric": {
    "essay_grade": "고등_1학년",
    "organization_weight": {
      "org_paragraph": 0,
      "org": 3,
      "org_essay": 6,
      "org_coherence": 3,
      "org_quantity": 1
    },
    "essay_type": "대안제시",
    "content_weight": {
      "con_clearance": 3,
      "con_novelty": 3,
      "con": 4,
      "con_prompt": 1,
      "con_description": 3
    },
    "essay_main_subject": "남녀 갈등 해결 방안",
    "expression_weight": {
      "exp_style": 4,
      "exp_grammar": 2,
      "exp_vocab": 4,
      "exp": 3
    }
  },
  "correction": [],
  "info": {
    "essay_id": "ESSAY_48456",
    "essay_prompt": " 남녀 갈등은 최근 우리 사회에서 가장 뜨거운 이슈 중 하나입니다. 이러한 갈등은 아직 간극을 좁히지 못하고 현재 사회적인 문제로 자리 잡았습니다.\n\n 군 가산점 문제, 일자리 문제 등 여러 가지 비교 자료들을 토대로 토론을 하고 이를 통해 갈등을 해결하고자 하는 노력이 이루어지고 있습니다.\n\n 과거에는 성차별 심했던 시기가 있었습니다. 여자와 남자를 구별 지어 일을 주는 경우도 많았습니다. 하지만, 현재는 여자와 남자라는 성별을 떠나서 나이, 국적을 불문하고 모두에게 평등한 기회를 주기 위해 노력하고 있습니다.\n\n 이렇게 모두의 노력에도 불구하고 아직 해결되지 않았거나 해결될 기미가 보이지 않는 양성평등 문제가 있을까요?\n\n 아주 작은 사소한 일이라도 좋습니다. 여러분이 생각하는 우리 주변의 양성평등 문제를 하나 작성해보고 어떻게 해결할 수 있을지 혹은 무엇이 바뀌어야 해결될 것 같은지 본인의 생각을 설명해주세요. ",
    "essay_type": "대안제시",
    "essay_level": "1",
    "essay_len": 1546,
    "essay_main_subject": "남녀 갈등 해결 방안"
  }
}