{
  "paragraph": [
    {
      "paragraph_txt": "첫 번째로, 지방단체에서 혐오시설의 설치에 걸맞는 보상을 해주거나 다른 방안을 통해 배려해 주는 것이다.#@문장구분# 구체적인 방법으로는 직접적인 보상금을 지불하거나 그 지역의 장학생 선발 인원을 늘리거나 그 지역 인근에 철도역을 설치하여 역세권을 만들어 교통을 편리하게 해주는 것이다.#@문장구분# ",
      "paragraph_len": 194,
      "paragraph_id": "001"
    },
    {
      "paragraph_txt": "  두 번째로, 혐오시설을 만들 때 지역에 득이 되는 공공시설을 함께 설치하는 방법이 있다.#@문장구분# 철도, 하수처리장, 원자력 발전소와 같은 혐오시설을 아예 지하에 설치하고 그 위, 지상에는 공원을 설치하는 등 공공시설을 같이 설치한다.#@문장구분# 사례로는 오산시의 '오산OO공원'은 쓰레기 소각장 위 지상에 있는 공원으로 생태공원과 체육시설을 만들어 지역 주민들의 좋은 반응을 얻었다.#@문장구분# 또한, 부천시는 쓰레기 소각장을 아트벙커로 리모델링하여 전시하여 지역 사람들에게 예술교육의 기회와 볼거리를 제공하여 성공한 사례가 있다.#@문장구분# ",
      "paragraph_len": 364,
      "paragraph_id": "002"
    },
    {
      "paragraph_txt": "  세 번째로, 혐오시설 주변을 멋지게 정비하여 관광객을 유치해 지역의 경제적 이득을 주는 방법이 있다.#@문장구분# 잘 알려진 사례로써 일본의 마이시마 인공섬은 쓰레기 소각장을 멋지게 리모델링하여 놀이공원처럼 꾸몄다.#@문장구분# 이로 인해 혐오시설이었던 쓰레기 매립장은 관광객들도 찾아오게 된 랜드마크가 되었다.#@문장구분# 그리고 광주의 말이 많았던 혐오시설인 상무 소각장 근처에 시립도서관을 건설하고 커뮤니티타운을 만들어 발전시켰다.#@문장구분# 그 효과로 지역주민들의 큰 호응을 얻었으며 관광객도 증가했다고 한다.#@문장구분# 또 다른 방안으로는 친환경적인 역발상을 이용해 이득을 얻는 것이다.#@문장구분# 앞서 언급했던 일본의 마이시마 쓰레기 소각장은 소각과정에서 발생하는 열을 사용하여 물을 데우고 노인복지시설로 물을 공급하는 역발상적인 방법이 있었다.#@문장구분# ",
      "paragraph_len": 527,
      "paragraph_id": "003"
    },
    {
      "paragraph_txt": "  그렇지만 가장 중요한 것은 지역주민들과 시의 원만한 소통과 합의가 중요하다고 생각한다.#@문장구분# 지역주민들도 무작정 혐오시설을 반대하기보다는 배려하는 부분도 있어야하고 시도 지역주민들의 의견을 반영해 혜택이나 보상금을 지불해 더 이상의 갈등을 최소화해야한다.#@문장구분#",
      "paragraph_len": 181,
      "paragraph_id": "004"
    }
  ],
  "score": {
    "paragraph_score": [
      {
        "paragraph_scoreT": [
          2,
          2.8,
          2.2
        ],
        "paragraph_scoreT_detail": {
          "paragraph_scoreT_exp": [
            [
              2,
              2,
              2
            ],
            [
              2,
              3,
              3
            ],
            [
              3,
              2,
              2
            ]
          ]
        },
        "paragraph_scoreT_avg": 2.3333333,
        "paragraph_id": "001"
      },
      {
        "paragraph_scoreT": [
          2.4,
          2.8,
          2.2
        ],
        "paragraph_scoreT_detail": {
          "paragraph_scoreT_exp": [
            [
              2,
              3,
              2
            ],
            [
              2,
              3,
              3
            ],
            [
              3,
              2,
              2
            ]
          ]
        },
        "paragraph_scoreT_avg": 2.4666665,
        "paragraph_id": "002"
      },
      {
        "paragraph_scoreT": [
          2.4,
          2.8,
          2.2
        ],
        "paragraph_scoreT_detail": {
          "paragraph_scoreT_exp": [
            [
              2,
              3,
              2
            ],
            [
              2,
              3,
              3
            ],
            [
              3,
              2,
              2
            ]
          ]
        },
        "paragraph_scoreT_avg": 2.4666665,
        "paragraph_id": "003"
      },
      {
        "paragraph_scoreT": [
          2,
          2.8,
          2.2
        ],
        "paragraph_scoreT_detail": {
          "paragraph_scoreT_exp": [
            [
              2,
              2,
              2
            ],
            [
              2,
              3,
              3
            ],
            [
              3,
              2,
              2
            ]
          ]
        },
        "paragraph_scoreT_avg": 2.3333333,
        "paragraph_id": "004"
      }
    ],
    "essay_scoreT": [
      23.3,
      29.4,
      22.5
    ],
    "essay_scoreT_avg": 25.066666,
    "essay_scoreT_detail": {
      "essay_scoreT_org": [
        [
          3,
          0,
          2,
          3
        ],
        [
          3,
          0,
          3,
          3
        ],
        [
          2,
          0,
          2,
          3
        ]
      ],
      "essay_scoreT_cont": [
        [
          3,
          2,
          2,
          2
        ],
        [
          3,
          3,
          3,
          3
        ],
        [
          3,
          2,
          3,
          2
        ]
      ],
      "essay_scoreT_exp": [
        [
          2,
          2,
          2
        ],
        [
          2,
          3,
          3
        ],
        [
          3,
          2,
          2
        ]
      ]
    }
  },
  "student": {
    "date": "2021.09.06",
    "student_educated": true,
    "student_grade": "고등_1학년",
    "location": "051",
    "student_grade_group": "고등",
    "student_reading": 1
  },
  "rubric": {
    "essay_grade": "고등_1학년",
    "organization_weight": {
      "org_paragraph": 0,
      "org": 3,
      "org_essay": 6,
      "org_coherence": 3,
      "org_quantity": 1
    },
    "essay_type": "대안제시",
    "content_weight": {
      "con_clearance": 3,
      "con_novelty": 3,
      "con": 4,
      "con_prompt": 1,
      "con_description": 3
    },
    "essay_main_subject": "혐오시설 건설문제에 대한 본인의 생각",
    "expression_weight": {
      "exp_style": 4,
      "exp_grammar": 2,
      "exp_vocab": 4,
      "exp": 3
    }
  },
  "correction": [],
  "info": {
    "essay_id": "ESSAY_34903",
    "essay_prompt": " 혐오 시설이란 지역 주민에게 공포감이나 고통을 주거나, 주변 지역의 쾌적성이 훼손됨으로써 집값이나 땅값이 내려가는 등 부정적인 외부효과를 유발하는 시설을 의미합니다.\n\n 대표적인 혐오 시설에는 쓰레기 매립장, 원자력발전소, 소각장, 유류저장소 등이 있습니다.\n\n 매립지, 소각장, 쓰레기 하치장 같은 혐오 시설은 그리 위험하지는 않지만, 쓰레기를 취급한다는 점에서 혐오감을 주며, 주변 환경오염 문제가 갈등을 일으킵니다. 특히 소각장은 인구밀도가 높은 대도시에 건설된다는 점에서 반대 운동이 일기도 합니다.\n\n 그런데 서로 반대만 하다 보면 입지를 찾지 못해 결국 모든 주민의 삶의 질이 저하될 수 있습니다.\n\n 정부 차원에서 가장 적절한 장소를 선별하여 건설 후 주변 사람들에게 혜택을 주는 방식이 적절한 방법일까요? 아니면 혐오 시설만을 모아둔 부지를 따로 정해서 건설해야 할까요? 아니면 모든 도시가 공평하게 혐오 시설 건설에 대한 부담을 지니고 하나씩 건설해야 할까요?\n\n 모두가 만족할만한 결과를 내기란 정말 어려운 문제이지만 여러분이 생각하는 가장 합리적이고 좋은 방법을 생각해보세요. 그리고 그 방법을 대안으로 제시하고 그 근거에 대해 작성해주세요.",
    "essay_type": "대안제시",
    "essay_level": "1",
    "essay_len": 972,
    "essay_main_subject": "혐오시설 건설문제에 대한 본인의 생각"
  }
}