{
  "paragraph": [
    {
      "paragraph_txt": "쓰레기 매립장같이 쓰레기 관련 혐오시설이 있는 지역은 넘쳐나는 쓰레기들로 악취가 심하고 파리와 같은 해충들도 많이 생길 것이다.#@문장구분# 뿐만 아니라  쓰레기에서 오는 폐수와 매립장에 스며들어간 빗물로 인해 지하수가 오염되는 등 여러 환경문제가 발생 될 것이다. #@문장구분#그래서 사람들은 이 지역을 기피하고 집값이 떨어지는 문제가 생겨서 갈등이 발생한다.#@문장구분# ",
      "paragraph_len": 249,
      "paragraph_id": "001"
    },
    {
      "paragraph_txt": " 이를 해결하기 위해 정부가 내세울 수 있는 방안은 첫째로 세금을 감면해 주거나 일정 금액 이상의 보조금을 지원해 주는 것이다.#@문장구분# 피해를 입은 만큼 또는 그 이상의 금액을 지원해 준다면 강력하게 반대하는 사람들은 줄어들 것이다.#@문장구분# 둘째로는 필요한 문화시설을 만들어 주는 것이다. #@문장구분#기피 시설을 하나 새웠으니 평소 그 지역에 필요했던 문화시설, 편의시설을 새워준다면 그 지역에도 어느 정도 이익이 생길 것이다.#@문장구분# 또한 그 지역의 상징을 살려 관광명소를 만들어 준다면 오히려 사람들이 몰려 집값이 마냥 떨어지지만은 않을 것이다. #@문장구분#셋째로는 돈이 좀 많이 들더라고 악취가 많이 안나도 환경오염도 최대한 줄일 수 있게 정말 좋은 시설로 만들어 주는 것이다.#@문장구분# 설립 장소가 정해졌다고 아무렇게나 막 짓는 것이 아니라 계속 연구하고 고민한다면 앞으로 있을 혐오시설 설치에 관한 갈등이 줄어들 것이다.#@문장구분# 마지막으로 정부가 내세울 수 있는 대안은 설치할 때 충분히 주민들과 대화를 나눠 투명하고 확실한 절차를 가지는 것이다.#@문장구분# 여러 화의를 통한 주민들의 의견수렴, 현재 그 지역의 환경조사, 보상에 대한 약속 등을 통해 자세한 설명으로 설득시킨다면 갈등이 줄어갈 것이다.#@문장구분# ",
      "paragraph_len": 764,
      "paragraph_id": "002"
    },
    {
      "paragraph_txt": " 그밖에도 쓰레기 관련 혐오시설 갈등을 줄일 수 있게 개인이 실천할 수 있는 방안도 있다.#@문장구분# 그것은 근본적인 문제로 돌아가 쓰레기 배출량 자체를 줄이는 것이다. #@문장구분#개개인이 분리수거를 잘하고 일회용품 사용량도 줄인다면 쓰레기의 양 자체가 적어져 혐오시설을 세울 빈도와 횟수가 줄 것이다. #@문장구분#설치 수가 적어지니 당연히 갈등도 줄어들 것이다.#@문장구분#",
      "paragraph_len": 265,
      "paragraph_id": "003"
    }
  ],
  "score": {
    "paragraph_score": [
      {
        "paragraph_scoreT": [
          3,
          3,
          2.4
        ],
        "paragraph_scoreT_detail": {
          "paragraph_scoreT_exp": [
            [
              3,
              3,
              3
            ],
            [
              3,
              3,
              3
            ],
            [
              2,
              3,
              2
            ]
          ]
        },
        "paragraph_scoreT_avg": 2.8,
        "paragraph_id": "001"
      },
      {
        "paragraph_scoreT": [
          3,
          3,
          2
        ],
        "paragraph_scoreT_detail": {
          "paragraph_scoreT_exp": [
            [
              3,
              3,
              3
            ],
            [
              3,
              3,
              3
            ],
            [
              2,
              2,
              2
            ]
          ]
        },
        "paragraph_scoreT_avg": 2.6666667,
        "paragraph_id": "002"
      },
      {
        "paragraph_scoreT": [
          3,
          3,
          2.6
        ],
        "paragraph_scoreT_detail": {
          "paragraph_scoreT_exp": [
            [
              3,
              3,
              3
            ],
            [
              3,
              3,
              3
            ],
            [
              3,
              3,
              2
            ]
          ]
        },
        "paragraph_scoreT_avg": 2.8666668,
        "paragraph_id": "003"
      }
    ],
    "essay_scoreT": [
      30,
      27.300001,
      21.5
    ],
    "essay_scoreT_avg": 26.266668,
    "essay_scoreT_detail": {
      "essay_scoreT_org": [
        [
          3,
          0,
          3,
          3
        ],
        [
          3,
          0,
          3,
          2
        ],
        [
          2,
          0,
          2,
          3
        ]
      ],
      "essay_scoreT_cont": [
        [
          3,
          3,
          3,
          3
        ],
        [
          3,
          2,
          3,
          2
        ],
        [
          2,
          2,
          2,
          2
        ]
      ],
      "essay_scoreT_exp": [
        [
          3,
          3,
          3
        ],
        [
          3,
          3,
          3
        ],
        [
          2,
          2,
          3
        ]
      ]
    }
  },
  "student": {
    "date": "2021.09.07",
    "student_educated": true,
    "student_grade": "고등_1학년",
    "location": "051",
    "student_grade_group": "고등",
    "student_reading": 1
  },
  "rubric": {
    "essay_grade": "고등_1학년",
    "organization_weight": {
      "org_paragraph": 0,
      "org": 3,
      "org_essay": 6,
      "org_coherence": 3,
      "org_quantity": 1
    },
    "essay_type": "대안제시",
    "content_weight": {
      "con_clearance": 3,
      "con_novelty": 3,
      "con": 4,
      "con_prompt": 1,
      "con_description": 3
    },
    "essay_main_subject": "혐오시설 건설문제에 대한 본인의 생각",
    "expression_weight": {
      "exp_style": 4,
      "exp_grammar": 2,
      "exp_vocab": 4,
      "exp": 3
    }
  },
  "correction": [],
  "info": {
    "essay_id": "ESSAY_33825",
    "essay_prompt": " 혐오 시설이란 지역 주민에게 공포감이나 고통을 주거나, 주변 지역의 쾌적성이 훼손됨으로써 집값이나 땅값이 내려가는 등 부정적인 외부효과를 유발하는 시설을 의미합니다.\n\n 대표적인 혐오 시설에는 쓰레기 매립장, 원자력발전소, 소각장, 유류저장소 등이 있습니다.\n\n 매립지, 소각장, 쓰레기 하치장 같은 혐오 시설은 그리 위험하지는 않지만, 쓰레기를 취급한다는 점에서 혐오감을 주며, 주변 환경오염 문제가 갈등을 일으킵니다. 특히 소각장은 인구밀도가 높은 대도시에 건설된다는 점에서 반대 운동이 일기도 합니다.\n\n 그런데 서로 반대만 하다 보면 입지를 찾지 못해 결국 모든 주민의 삶의 질이 저하될 수 있습니다.\n\n 정부 차원에서 가장 적절한 장소를 선별하여 건설 후 주변 사람들에게 혜택을 주는 방식이 적절한 방법일까요? 아니면 혐오 시설만을 모아둔 부지를 따로 정해서 건설해야 할까요? 아니면 모든 도시가 공평하게 혐오 시설 건설에 대한 부담을 지니고 하나씩 건설해야 할까요?\n\n 모두가 만족할만한 결과를 내기란 정말 어려운 문제이지만 여러분이 생각하는 가장 합리적이고 좋은 방법을 생각해보세요. 그리고 그 방법을 대안으로 제시하고 그 근거에 대해 작성해주세요.",
    "essay_type": "대안제시",
    "essay_level": "1",
    "essay_len": 963,
    "essay_main_subject": "혐오시설 건설문제에 대한 본인의 생각"
  }
}