{
  "paragraph": [
    {
      "paragraph_txt": "남녀 갈등이 일어나는 이유를 생각해보니 남자는 남자로만 살아왔기 때문에 여자들이 하는 이야기 중에서 이해가 안 되는 부분이 있을 겁니다.#@문장구분# 반대로 여자의 입장에서도 남자들이 하는 이야기 중에서 이해가 안 되는 부분이 있을 겁니다.#@문장구분# 여자로만 살아왔기 때문에 남자가 하는 이야기는 전혀 공감을 못 하는 것이죠.#@문장구분# 이것이 남자들과 여자들의 입장 차이입니다.#@문장구분# 상대방의 입장에서 생각을 하는 방법을 몰라서 이런 일이 생기는 걸까?? 라고 생각하는 사람들이 많습니다.#@문장구분# 하지만 저는 개인적으로 고집이라고 생각합니다.#@문장구분# 이해 못 할 얘기만 계속하면 시간이 흐를수록 점점 감정이 앞서고 이성을 잃어가면서 상대방 얘기는 무시하고 자신이 할 얘기만 하게 됩니다.#@문장구분# 그러다가 표현까지 점점 극단적이고 자극적이며, 과격해지는 것 같습니다.#@문장구분# 남자가 없으면, 여자는 살아갈 수 없고 여자가 없으면, 남자도 살아갈 수 없다고 생각합니다.#@문장구분# 남녀 차별이 예전보다는 좋아졌지만 안 좋은 문제들이 발생합니다.#@문장구분# 예를 들어 여자 화장실엔 아기 기저귀 가는 곳이 있고 남자 화장실엔 없는 것인데요.#@문장구분# 요즘에는 남자들도 아기들을 보는 사람들이 많아져서 화장실에서 기저귀를 갈아야 할 때 불편함을 겪고 있습니다.#@문장구분# 제가 만약 남자였더라면 밖에 아기들을 데리고 나오기가 싫어질 것 같습니다.#@문장구분# 그 이유는 여자들 말고도 남자들도 아기들을 돌봐주는데 아기 기저귀를 갈아줘야 하는 상황이 왔을 때 여자 화장실에만 있다고 한다면 화가 날 것 같습니다.#@문장구분# 이럴 때 남녀 차별을 느낄 것 같습니다.#@문장구분# 아직은 남자보다는 여자들이 더 아기를 더 많이 데리고 다니고 있기 때문이지 않을까 싶습니다.#@문장구분# 이렇게 사소한 일상에서도 남녀 차별이 존재하는데요.#@문장구분# 별일이 아닌 것 같지만 생각해보면 정말 많은 불편함을 많이 겪고 있는 것 같습니다.#@문장구분# 우리가 평소에 남녀 차별을 위해 노력할 점은 서로의 생각을 존중해주고 차별을 최대한 하지 않도록 하는 방법이라고 생각합니다.#@문장구분# 남녀 차별 방지를 위해 사회나 국가가 노력해야 할 점에는 무엇이 있나 생각해봤는데 남자는 생산적인 일이나 여성은 가꾸는 일을 하는 쪽으로 일자리 창출이 많이 형성되면 차별이 없을 거라고 봅니다.#@문장구분# 그리고 제일 중요한 것은 모든 권리에 대한 존중이라고도 생각합니다.#@문장구분#",
      "paragraph_len": 1507,
      "paragraph_id": "001"
    }
  ],
  "score": {
    "paragraph_score": [
      {
        "paragraph_scoreT": [
          2.8,
          2.4,
          2.4
        ],
        "paragraph_scoreT_detail": {
          "paragraph_scoreT_exp": [
            [
              2,
              3,
              3
            ],
            [
              2,
              2,
              3
            ],
            [
              2,
              2,
              3
            ]
          ]
        },
        "paragraph_scoreT_avg": 2.5333333,
        "paragraph_id": "001"
      }
    ],
    "essay_scoreT": [
      29.4,
      27,
      27
    ],
    "essay_scoreT_avg": 27.800001,
    "essay_scoreT_detail": {
      "essay_scoreT_org": [
        [
          3,
          0,
          3,
          3
        ],
        [
          3,
          0,
          3,
          3
        ],
        [
          3,
          0,
          3,
          3
        ]
      ],
      "essay_scoreT_cont": [
        [
          3,
          3,
          3,
          3
        ],
        [
          2,
          3,
          3,
          3
        ],
        [
          2,
          3,
          3,
          3
        ]
      ],
      "essay_scoreT_exp": [
        [
          2,
          3,
          3
        ],
        [
          2,
          2,
          3
        ],
        [
          2,
          2,
          3
        ]
      ]
    }
  },
  "student": {
    "date": "2021.12.10",
    "student_educated": true,
    "student_grade": "고등_1학년",
    "location": "063",
    "student_grade_group": "고등",
    "student_reading": 2
  },
  "rubric": {
    "essay_grade": "고등_1학년",
    "organization_weight": {
      "org_paragraph": 0,
      "org": 3,
      "org_essay": 6,
      "org_coherence": 3,
      "org_quantity": 1
    },
    "essay_type": "대안제시",
    "content_weight": {
      "con_clearance": 3,
      "con_novelty": 3,
      "con": 4,
      "con_prompt": 1,
      "con_description": 3
    },
    "essay_main_subject": "남녀 갈등 해결 방안",
    "expression_weight": {
      "exp_style": 4,
      "exp_grammar": 2,
      "exp_vocab": 4,
      "exp": 3
    }
  },
  "correction": [],
  "info": {
    "essay_id": "ESSAY_61699",
    "essay_prompt": " 남녀 갈등은 최근 우리 사회에서 가장 뜨거운 이슈 중 하나입니다. 이러한 갈등은 아직 간극을 좁히지 못하고 현재 사회적인 문제로 자리 잡았습니다.\n\n 군 가산점 문제, 일자리 문제 등 여러 가지 비교 자료들을 토대로 토론을 하고 이를 통해 갈등을 해결하고자 하는 노력이 이루어지고 있습니다.\n\n 과거에는 성차별 심했던 시기가 있었습니다. 여자와 남자를 구별 지어 일을 주는 경우도 많았습니다. 하지만, 현재는 여자와 남자라는 성별을 떠나서 나이, 국적을 불문하고 모두에게 평등한 기회를 주기 위해 노력하고 있습니다.\n\n 이렇게 모두의 노력에도 불구하고 아직 해결되지 않았거나 해결될 기미가 보이지 않는 양성평등 문제가 있을까요?\n\n 아주 작은 사소한 일이라도 좋습니다. 여러분이 생각하는 우리 주변의 양성평등 문제를 하나 작성해보고 어떻게 해결할 수 있을지 혹은 무엇이 바뀌어야 해결될 것 같은지 본인의 생각을 설명해주세요. ",
    "essay_type": "대안제시",
    "essay_level": "1",
    "essay_len": 1087,
    "essay_main_subject": "남녀 갈등 해결 방안"
  }
}