{
  "paragraph": [
    {
      "paragraph_txt": "남성과 여성의 '차이'를 이해하고 존중하는 태도들을 개인이 지녀야 한다.#@문장구분# 차별'과 '차이'는 다른 개념이나, 온라인상에선 이 차이를 차별로 인식하여 서로 다른 성별을 조롱하고 혐오하는 일이 요즘 비일비재하고 있다.#@문장구분# 전반적으로 남성이 여성보단 강한 육체적 노동을 견딜만한 신체를 지녔기 때문에 전문직에 남성의 비율이 높아 남녀간 평균 임금격차가 발생하는 것인데, 이를 여성에 대한 차별로 인식하고 남성혐오 발언을 내뱉는 것이 그 예시이다.#@문장구분# 혹은  항상 젠더이슈가 있는 뉴스면, 사실도 제대로 확인하지 않고 무조건 나랑 같은편의 의견, 뉴스만 수용하려는 사람들이 많아질수록, 갈등은 심화되고 문제의 본질은 잊혀저 제대로된 해결책을 제시하지 못하게 돼고, 결국 병든사회로까지 이어지게 된다. #@문장구분#특히 요즘엔 이런 갈등을 통해 이득을 보려는 세력까지 개입하면서 더욱 난장판이 된 상태인데, 이러한 세력에 속아넘어가 그들의 배를 불리는 멍청한 행위는 자제해야 한다.#@문장구분# 마지막으로, 갈등을 해결하고 더 나은 사회를 만들기 위해, 유권자들과 정치인들 둘다 양심을 가지고 더 이상 이러한 갈등을 이용하여선 안된다.#@문장구분# 특히 일부 정치인은 특정성별만 옹호하여 그 성별의 표를 끌어올리려고 하는데, 유권자는 이에 현혹되지 말아야 하며, 정치인은 이러한 행위를 하는 것을 자제하여야 한다.#@문장구분# 지금 이런식의 젠더갈등을 이용한 정치인들의 공작은 더 이상 진행되어선 안된다.#@문장구분# 지금 우리나라, 아니 세계는 대 혐오의 시대를 살아가고 있다고 해도 과언이 아니다.#@문장구분# 이러한 갈등을 해결하여 병든 사회를 치유하고, 더 나은세계로 나아갔으면하는 마음이다.#@문장구분#",
      "paragraph_len": 988,
      "paragraph_id": "001"
    }
  ],
  "score": {
    "paragraph_score": [
      {
        "paragraph_scoreT": [
          3,
          3,
          2.8
        ],
        "paragraph_scoreT_detail": {
          "paragraph_scoreT_exp": [
            [
              3,
              3,
              3
            ],
            [
              3,
              3,
              3
            ],
            [
              2,
              3,
              3
            ]
          ]
        },
        "paragraph_scoreT_avg": 2.9333334,
        "paragraph_id": "001"
      }
    ],
    "essay_scoreT": [
      29.7,
      28.4,
      29.4
    ],
    "essay_scoreT_avg": 29.166666,
    "essay_scoreT_detail": {
      "essay_scoreT_org": [
        [
          3,
          0,
          3,
          2
        ],
        [
          3,
          0,
          3,
          3
        ],
        [
          3,
          0,
          3,
          3
        ]
      ],
      "essay_scoreT_cont": [
        [
          3,
          3,
          3,
          3
        ],
        [
          3,
          2,
          2,
          3
        ],
        [
          3,
          3,
          3,
          3
        ]
      ],
      "essay_scoreT_exp": [
        [
          3,
          3,
          3
        ],
        [
          3,
          3,
          3
        ],
        [
          2,
          3,
          3
        ]
      ]
    }
  },
  "student": {
    "date": "2021.12.15",
    "student_educated": true,
    "student_grade": "고등_1학년",
    "location": "063",
    "student_grade_group": "고등",
    "student_reading": 2
  },
  "rubric": {
    "essay_grade": "고등_1학년",
    "organization_weight": {
      "org_paragraph": 0,
      "org": 3,
      "org_essay": 6,
      "org_coherence": 3,
      "org_quantity": 1
    },
    "essay_type": "대안제시",
    "content_weight": {
      "con_clearance": 3,
      "con_novelty": 3,
      "con": 4,
      "con_prompt": 1,
      "con_description": 3
    },
    "essay_main_subject": "남녀 갈등 해결 방안",
    "expression_weight": {
      "exp_style": 4,
      "exp_grammar": 2,
      "exp_vocab": 4,
      "exp": 3
    }
  },
  "correction": [],
  "info": {
    "essay_id": "ESSAY_62446",
    "essay_prompt": " 남녀 갈등은 최근 우리 사회에서 가장 뜨거운 이슈 중 하나입니다. 이러한 갈등은 아직 간극을 좁히지 못하고 현재 사회적인 문제로 자리 잡았습니다.\n\n 군 가산점 문제, 일자리 문제 등 여러 가지 비교 자료들을 토대로 토론을 하고 이를 통해 갈등을 해결하고자 하는 노력이 이루어지고 있습니다.\n\n 과거에는 성차별 심했던 시기가 있었습니다. 여자와 남자를 구별 지어 일을 주는 경우도 많았습니다. 하지만, 현재는 여자와 남자라는 성별을 떠나서 나이, 국적을 불문하고 모두에게 평등한 기회를 주기 위해 노력하고 있습니다.\n\n 이렇게 모두의 노력에도 불구하고 아직 해결되지 않았거나 해결될 기미가 보이지 않는 양성평등 문제가 있을까요?\n\n 아주 작은 사소한 일이라도 좋습니다. 여러분이 생각하는 우리 주변의 양성평등 문제를 하나 작성해보고 어떻게 해결할 수 있을지 혹은 무엇이 바뀌어야 해결될 것 같은지 본인의 생각을 설명해주세요. ",
    "essay_type": "대안제시",
    "essay_level": "1",
    "essay_len": 789,
    "essay_main_subject": "남녀 갈등 해결 방안"
  }
}