{
  "paragraph": [
    {
      "paragraph_txt": "혐오시설 건설은 많은 사람들이 꺼려하고 있는문제이다.#@문장구분# 혐오시설은 사회에서 매우 부정적인 인식이 있기 때문에 모두가 좋아할수는없다.#@문장구분# 그리고 만약 교도소 같은곳에서 범죄자들이 탈옥을하면 동내가 안전하지 못하고 어린이나 노약자, 여성등 위험해질수있기때문에 혐오시설은 우리마을에 건설되는 것이 꺼려진다.#@문장구분# 혐오시설이 꺼려저도  어느곳에는 존재 해야만한다.#@문장구분# 그렇기 때문에 혐오시설 건설에 대한것이 계속 문제가 되고있다.#@문장구분# 혐오시설이 우리 도시에 건설이 되어진다고 했을때 꺼려지는 것이다.#@문장구분# 먼저 혐오시설이 우리 도시에 들어서면 그 도시 사람들에게 좋은 이득이 있어야한다.#@문장구분# 그렇기때문에 그도시 사람들에게 경제적, 사회적 지원을 더 해주어야한다.#@문장구분# 다음으로의 대안은 건설할때 주위에 초등학교나 유치원, 중학교 등등 많은 어린이나 취약계층, 사회적 소수자가 없는곳에 위치하도록 해야한다.#@문장구분#왜냐하면 어린이는 아직판단력이 부족하고 범죄의 쉽게휩싸일 것이고 반항할수있는힘이 적기 때문이다 모두가 혐오시설 건설을 꺼려한다면 섬에 건설하는것이다.#@문장구분# 모두가 혐오시설을 꺼려하면 장소를 선택하기 애매할것이다.#@문장구분# 그래서 섬같은곳에 유해시설을 건설한다면 모두가 피해를 보지않고 교도소에서 탈옥을 하더라도 우리 사회에 쉽게 나오지 못할 것이고 나오려고해도 배를타야해서 쉽게 나오지 못할 것이다.#@문장구분# 그리고 혐오시설을 너무 부정적으로 생각하지 않았으면 좋겠다.#@문장구분# 왜냐하면 혐오시설은 우리가 살아가는 데 꼭 필요한 시설들이기 때문이다.#@문장구분# 어느 한 곳에는 설치를 해야 하는데 혐오시설을 설치한 지역을 무시하고 차별하면 어느 지역이 자신의 지역에 혐오시설을 설치하는 것을 찬성하겠는가?#@문장구분# 서로 이해하고 배려하여 이 문제가 신속히 처리되는 사회가 왔으면 좋겠다.#@문장구분# 그래야 서로서로 사랑하고 아끼며 서로 존중해주는 사회가 와야 혐오시설에 대한 인식도 좋아지고 서로 설치하려 할 것이기 때문이다.#@문장구분#",
      "paragraph_len": 1251,
      "paragraph_id": "001"
    }
  ],
  "score": {
    "paragraph_score": [
      {
        "paragraph_scoreT": [
          2.8,
          3,
          3
        ],
        "paragraph_scoreT_detail": {
          "paragraph_scoreT_exp": [
            [
              2,
              3,
              3
            ],
            [
              3,
              3,
              3
            ],
            [
              3,
              3,
              3
            ]
          ]
        },
        "paragraph_scoreT_avg": 2.9333334,
        "paragraph_id": "001"
      }
    ],
    "essay_scoreT": [
      29.4,
      30,
      30
    ],
    "essay_scoreT_avg": 29.800001,
    "essay_scoreT_detail": {
      "essay_scoreT_org": [
        [
          3,
          0,
          3,
          3
        ],
        [
          3,
          0,
          3,
          3
        ],
        [
          3,
          0,
          3,
          3
        ]
      ],
      "essay_scoreT_cont": [
        [
          3,
          3,
          3,
          3
        ],
        [
          3,
          3,
          3,
          3
        ],
        [
          3,
          3,
          3,
          3
        ]
      ],
      "essay_scoreT_exp": [
        [
          2,
          3,
          3
        ],
        [
          3,
          3,
          3
        ],
        [
          3,
          3,
          3
        ]
      ]
    }
  },
  "student": {
    "date": "2021.11.26",
    "student_educated": true,
    "student_grade": "고등_1학년",
    "location": "041",
    "student_grade_group": "고등",
    "student_reading": 1
  },
  "rubric": {
    "essay_grade": "고등_1학년",
    "organization_weight": {
      "org_paragraph": 0,
      "org": 3,
      "org_essay": 6,
      "org_coherence": 3,
      "org_quantity": 1
    },
    "essay_type": "대안제시",
    "content_weight": {
      "con_clearance": 3,
      "con_novelty": 3,
      "con": 4,
      "con_prompt": 1,
      "con_description": 3
    },
    "essay_main_subject": "혐오시설 건설문제에 대한 본인의 생각",
    "expression_weight": {
      "exp_style": 4,
      "exp_grammar": 2,
      "exp_vocab": 4,
      "exp": 3
    }
  },
  "correction": [],
  "info": {
    "essay_id": "ESSAY_51857",
    "essay_prompt": " 혐오 시설이란 지역 주민에게 공포감이나 고통을 주거나, 주변 지역의 쾌적성이 훼손됨으로써 집값이나 땅값이 내려가는 등 부정적인 외부효과를 유발하는 시설을 의미합니다.\n\n 대표적인 혐오 시설에는 쓰레기 매립장, 원자력발전소, 소각장, 유류저장소 등이 있습니다.\n\n 매립지, 소각장, 쓰레기 하치장 같은 혐오 시설은 그리 위험하지는 않지만, 쓰레기를 취급한다는 점에서 혐오감을 주며, 주변 환경오염 문제가 갈등을 일으킵니다. 특히 소각장은 인구밀도가 높은 대도시에 건설된다는 점에서 반대 운동이 일기도 합니다.\n\n 그런데 서로 반대만 하다 보면 입지를 찾지 못해 결국 모든 주민의 삶의 질이 저하될 수 있습니다.\n\n 정부 차원에서 가장 적절한 장소를 선별하여 건설 후 주변 사람들에게 혜택을 주는 방식이 적절한 방법일까요? 아니면 혐오 시설만을 모아둔 부지를 따로 정해서 건설해야 할까요? 아니면 모든 도시가 공평하게 혐오 시설 건설에 대한 부담을 지니고 하나씩 건설해야 할까요?\n\n 모두가 만족할만한 결과를 내기란 정말 어려운 문제이지만 여러분이 생각하는 가장 합리적이고 좋은 방법을 생각해보세요. 그리고 그 방법을 대안으로 제시하고 그 근거에 대해 작성해주세요.",
    "essay_type": "대안제시",
    "essay_level": "1",
    "essay_len": 911,
    "essay_main_subject": "혐오시설 건설문제에 대한 본인의 생각"
  }
}