{
  "paragraph": [
    {
      "paragraph_txt": "요즘 상업용 부동산 시장 최대 화두는 물류라고 한다.#@문장구분# 온라인 상거래 확산과 코로나 팬데믹 여파로 물류부동산 수요가 폭증세다.#@문장구분# 물류 부동산 개발에 뛰어드는 기업이나 개인도 늘고 있다.#@문장구분# 이와 관련해 물류 부동산 개발 교육 강좌의 강사로 나서는 멘토는 \"주민을 설득하려면 그럴 만한 대안이 제시해야 된다\"라고 했다.#@문장구분#\n주민 반대를 극복할 현실적이고 합리적인 대안을 찾아내는 것이 중요한 과제라고 했다.#@문장구분#",
      "paragraph_len": 320,
      "paragraph_id": "001"
    },
    {
      "paragraph_txt": " 경기 여주시 '남여주 물류단지', '안성제4일반산업단지', '거제해양 플랜트산업' 등 풍부한 개발 경험을 갖고 있는 강사는 주민 반대가 가장 큰 리스크이다.#@문장구분# 요즘 주민들은 물류센터가 들어오면 소음, 진동, 배기가스, 안전 문제를 걱정한다.#@문장구분# 혐오시설로 생각하는 것이다.#@문장구분# 물류센터 개발 예정지역 주민들이 반대해 실패한 사례도 적지 않다며 예를 들어 신세계는 경기 구리갈매지구에 '이마트 네오 물류센터'를 2017년부터 짓기로 했는데 같은 해 주민들이 극렬하게 반대하는 바람에 사업이 틀어졌다며 앞으로 대형 물류단지는 지역 주민과의 소통이 사업의 첫단추를 잘꿰는 관건이라고 생각했다고 한다.#@문장구분# 이런 식으로 부동산 개발에 오랫동안 발 담군 사람도 가장 먼저 주민의 삶의 질 저하를 걱정하며, 그에 상응하는 보상이나 대책을 생각해야 한다고 말했다.#@문장구분#\n경기도 하남시에서는 광역화장장 유치 문제를 놓고 지역 주민들과 갈등을 빚고 있는 가운데 님비를 극복한 수원시 연화장의 성공사례가 새롭게 조명되고 있다.#@문장구분# 주민들은 당시 \"아파트 베란다에서 화장장에서 발생하는 연기를 볼 수 있을정도\" 라며 주거지역에 너무 인접해 있어 이전을 요구했는데 수원시가 주민과의 대화를 포기하기 않고 주민대표들을 해외에 보내 선진 장묘시설을 둘러보도록 하고 간담회나 주민설명회를 지속적으로 개최하면서 화장장 유치의 불가피성을 알렸다고 한다.#@문장구분#",
      "paragraph_len": 812,
      "paragraph_id": "002"
    },
    {
      "paragraph_txt": " 이러하듯 주민들과 잘 협의해서 한다면 좋을듯 하다.#@문장구분#",
      "paragraph_len": 49,
      "paragraph_id": "003"
    }
  ],
  "score": {
    "paragraph_score": [
      {
        "paragraph_scoreT": [
          3,
          2.8,
          2.8
        ],
        "paragraph_scoreT_detail": {
          "paragraph_scoreT_exp": [
            [
              3,
              3,
              3
            ],
            [
              2,
              3,
              3
            ],
            [
              2,
              3,
              3
            ]
          ]
        },
        "paragraph_scoreT_avg": 2.8666668,
        "paragraph_id": "001"
      },
      {
        "paragraph_scoreT": [
          3,
          2.8,
          2.8
        ],
        "paragraph_scoreT_detail": {
          "paragraph_scoreT_exp": [
            [
              3,
              3,
              3
            ],
            [
              2,
              3,
              3
            ],
            [
              2,
              3,
              3
            ]
          ]
        },
        "paragraph_scoreT_avg": 2.8666668,
        "paragraph_id": "002"
      },
      {
        "paragraph_scoreT": [
          2.2,
          2.8,
          2.8
        ],
        "paragraph_scoreT_detail": {
          "paragraph_scoreT_exp": [
            [
              3,
              2,
              2
            ],
            [
              2,
              3,
              3
            ],
            [
              2,
              3,
              3
            ]
          ]
        },
        "paragraph_scoreT_avg": 2.6000001,
        "paragraph_id": "003"
      }
    ],
    "essay_scoreT": [
      27,
      29.4,
      28.2
    ],
    "essay_scoreT_avg": 28.200003,
    "essay_scoreT_detail": {
      "essay_scoreT_org": [
        [
          2,
          0,
          3,
          3
        ],
        [
          3,
          0,
          3,
          3
        ],
        [
          3,
          0,
          3,
          3
        ]
      ],
      "essay_scoreT_cont": [
        [
          3,
          2,
          3,
          3
        ],
        [
          3,
          3,
          3,
          3
        ],
        [
          3,
          2,
          3,
          3
        ]
      ],
      "essay_scoreT_exp": [
        [
          3,
          3,
          3
        ],
        [
          2,
          3,
          3
        ],
        [
          2,
          3,
          3
        ]
      ]
    }
  },
  "student": {
    "date": "2021.10.13",
    "student_educated": true,
    "student_grade": "고등_1학년",
    "location": "02",
    "student_grade_group": "고등",
    "student_reading": 3
  },
  "rubric": {
    "essay_grade": "고등_1학년",
    "organization_weight": {
      "org_paragraph": 0,
      "org": 3,
      "org_essay": 6,
      "org_coherence": 3,
      "org_quantity": 1
    },
    "essay_type": "대안제시",
    "content_weight": {
      "con_clearance": 3,
      "con_novelty": 3,
      "con": 4,
      "con_prompt": 1,
      "con_description": 3
    },
    "essay_main_subject": "혐오시설 건설문제에 대한 본인의 생각",
    "expression_weight": {
      "exp_style": 4,
      "exp_grammar": 2,
      "exp_vocab": 4,
      "exp": 3
    }
  },
  "correction": [],
  "info": {
    "essay_id": "ESSAY_37159",
    "essay_prompt": " 혐오 시설이란 지역 주민에게 공포감이나 고통을 주거나, 주변 지역의 쾌적성이 훼손됨으로써 집값이나 땅값이 내려가는 등 부정적인 외부효과를 유발하는 시설을 의미합니다.\n\n 대표적인 혐오 시설에는 쓰레기 매립장, 원자력발전소, 소각장, 유류저장소 등이 있습니다.\n\n 매립지, 소각장, 쓰레기 하치장 같은 혐오 시설은 그리 위험하지는 않지만, 쓰레기를 취급한다는 점에서 혐오감을 주며, 주변 환경오염 문제가 갈등을 일으킵니다. 특히 소각장은 인구밀도가 높은 대도시에 건설된다는 점에서 반대 운동이 일기도 합니다.\n\n 그런데 서로 반대만 하다 보면 입지를 찾지 못해 결국 모든 주민의 삶의 질이 저하될 수 있습니다.\n\n 정부 차원에서 가장 적절한 장소를 선별하여 건설 후 주변 사람들에게 혜택을 주는 방식이 적절한 방법일까요? 아니면 혐오 시설만을 모아둔 부지를 따로 정해서 건설해야 할까요? 아니면 모든 도시가 공평하게 혐오 시설 건설에 대한 부담을 지니고 하나씩 건설해야 할까요?\n\n 모두가 만족할만한 결과를 내기란 정말 어려운 문제이지만 여러분이 생각하는 가장 합리적이고 좋은 방법을 생각해보세요. 그리고 그 방법을 대안으로 제시하고 그 근거에 대해 작성해주세요.",
    "essay_type": "대안제시",
    "essay_level": "1",
    "essay_len": 925,
    "essay_main_subject": "혐오시설 건설문제에 대한 본인의 생각"
  }
}