{
  "paragraph": [
    {
      "paragraph_txt": "앞으로 세상에는 혐오시설이라 불리는 시설들이 더욱더 많이 생길것이라 생각된다.#@문장구분# 왜냐하면 기존 시설등은 이미 수용의 한계점에 다달았기 때문이다.#@문장구분# 그렇다면 앞으로 이런시설등이 더욱 많이 생길것인데 아직도 우리주변에는 재산권 또는 건강을 해칠 수 있다는 이유로 반대의 목소리가 높다.#@문장구분# 나는 혐오시설 인근유치에 대해 찬성도 또는 크게 반성도 하지 않지만 만약 내가 사는 현재보다 환경이 나빠진다면 당연히 반대할 것 같기도 하다.#@문장구분# 앞으로는 생활폐기물을 매립하는 것이 불법이 되고 무조건 소각을 해야 한다고 한다.#@문장구분# 그러기 위해서는 소각장이 곳곳에 들어서게 될 것 같다.#@문장구분# 쓰레기를 소각하는데 발생하는 열로 많은 지역주민들에게 해택을 준다고는 하지만 쓰레기 소각으로 인한 환경문제는 여전히 큰 걸림돌이 될 것이다.#@문장구분# 이런것들을 해결하기 위해서는 국가적 차원의 연구와 과학발전이 필요하다고 생각된다.#@문장구분# 정말 하루밤 사이에 세상이 바뀌는 현대사회에서 왜 우리는 가장 필요한 이런 기본시설들에 대한 연구는 빨리 이루어지지 않는 것일까?#@문장구분# 그것은 관심이 없기 때문일 것이다.#@문장구분# 하지만 앞으로 우리사회에 가장 핵심적이고 직접적인 이 문제를 해결하기 위해선 많은 국민적 관심과 정부의 탄탄한 정책으로 환경문제 해결을 위한 과학발전에 힘을 쏟아야 할 것이다.#@문장구분# 백신을 만드는데 기본 10년이 걸린다고했지만 이번 코로나로 인해 많은 국제사회의 관심으로 일년만에 백신을 만들어 내지 않았는가 말이다.#@문장구분# 그러니 우리가 모두 관심을 갖고 적극적 지원을 한다면 이런 환경문제를 개선할 방법은 쉽게 찾을 수도 있다.#@문장구분# 건강을 담보로 무조건적인 양보만이 아니라 정말 건강하게 살 수 있는 확신을 준다면 이런 반대도 없어질 것이라 생각된다#@문장구분# 이렇게 잘 혐오시설 설치에 관한 문제를 해결하면 서로서로 잘 화합하고 보듬어 주는 아름다운 사회가 되리라 나는 믿는다.#@문장구분# 서로 이해하고 화합하고 사이좋게 지낸다면 앞으로의 미래에는 혐오시설 설치와 같은 문제로 서로 싸우지 않을 것이다라고 나는 믿는다.#@문장구분#",
      "paragraph_len": 1291,
      "paragraph_id": "001"
    }
  ],
  "score": {
    "paragraph_score": [
      {
        "paragraph_scoreT": [
          3,
          3,
          2.8
        ],
        "paragraph_scoreT_detail": {
          "paragraph_scoreT_exp": [
            [
              3,
              3,
              3
            ],
            [
              3,
              3,
              3
            ],
            [
              2,
              3,
              3
            ]
          ]
        },
        "paragraph_scoreT_avg": 2.9333334,
        "paragraph_id": "001"
      }
    ],
    "essay_scoreT": [
      28.8,
      28.8,
      29.4
    ],
    "essay_scoreT_avg": 29,
    "essay_scoreT_detail": {
      "essay_scoreT_org": [
        [
          3,
          0,
          3,
          3
        ],
        [
          3,
          0,
          3,
          3
        ],
        [
          3,
          0,
          3,
          3
        ]
      ],
      "essay_scoreT_cont": [
        [
          3,
          2,
          3,
          3
        ],
        [
          3,
          2,
          3,
          3
        ],
        [
          3,
          3,
          3,
          3
        ]
      ],
      "essay_scoreT_exp": [
        [
          3,
          3,
          3
        ],
        [
          3,
          3,
          3
        ],
        [
          2,
          3,
          3
        ]
      ]
    }
  },
  "student": {
    "date": "2021.12.15",
    "student_educated": true,
    "student_grade": "고등_1학년",
    "location": "042",
    "student_grade_group": "고등",
    "student_reading": 3
  },
  "rubric": {
    "essay_grade": "고등_1학년",
    "organization_weight": {
      "org_paragraph": 0,
      "org": 3,
      "org_essay": 6,
      "org_coherence": 3,
      "org_quantity": 1
    },
    "essay_type": "대안제시",
    "content_weight": {
      "con_clearance": 3,
      "con_novelty": 3,
      "con": 4,
      "con_prompt": 1,
      "con_description": 3
    },
    "essay_main_subject": "혐오시설 건설문제에 대한 본인의 생각",
    "expression_weight": {
      "exp_style": 4,
      "exp_grammar": 2,
      "exp_vocab": 4,
      "exp": 3
    }
  },
  "correction": [],
  "info": {
    "essay_id": "ESSAY_62996",
    "essay_prompt": " 혐오 시설이란 지역 주민에게 공포감이나 고통을 주거나, 주변 지역의 쾌적성이 훼손됨으로써 집값이나 땅값이 내려가는 등 부정적인 외부효과를 유발하는 시설을 의미합니다.\n\n 대표적인 혐오 시설에는 쓰레기 매립장, 원자력발전소, 소각장, 유류저장소 등이 있습니다.\n\n 매립지, 소각장, 쓰레기 하치장 같은 혐오 시설은 그리 위험하지는 않지만, 쓰레기를 취급한다는 점에서 혐오감을 주며, 주변 환경오염 문제가 갈등을 일으킵니다. 특히 소각장은 인구밀도가 높은 대도시에 건설된다는 점에서 반대 운동이 일기도 합니다.\n\n 그런데 서로 반대만 하다 보면 입지를 찾지 못해 결국 모든 주민의 삶의 질이 저하될 수 있습니다.\n\n 정부 차원에서 가장 적절한 장소를 선별하여 건설 후 주변 사람들에게 혜택을 주는 방식이 적절한 방법일까요? 아니면 혐오 시설만을 모아둔 부지를 따로 정해서 건설해야 할까요? 아니면 모든 도시가 공평하게 혐오 시설 건설에 대한 부담을 지니고 하나씩 건설해야 할까요?\n\n 모두가 만족할만한 결과를 내기란 정말 어려운 문제이지만 여러분이 생각하는 가장 합리적이고 좋은 방법을 생각해보세요. 그리고 그 방법을 대안으로 제시하고 그 근거에 대해 작성해주세요.",
    "essay_type": "대안제시",
    "essay_level": "1",
    "essay_len": 971,
    "essay_main_subject": "혐오시설 건설문제에 대한 본인의 생각"
  }
}