{
  "paragraph": [
    {
      "paragraph_txt": "우리의 일상생활에서는 많은 양성평등이 일어난다. #@문장구분#그렇기 때문에 고정관념도 생겨난 것일 꺼다.#@문장구분# 그래서 직업에도 차이가 나고 노는 것에도 차이가 나는 것일 꺼다.#@문장구분# 그렇다면 이런 고정관념과 양성평등이 없어지기 위해서는 어떻게 해야 할까?#@문장구분# 우선은 고정관념을 없애야 한다.#@문장구분# 고정관념은 무엇무엇은 꼭 이래야 한다고 다른 사람의 의견을 안 듣고 자기 의견만 계속 고집하는 것을 말한다.#@문장구분# 마치 여자는 이런 것을 해야 하고 남자는 이런 것을 해야 한다는 것처럼 말이다.#@문장구분# 이렇게 고정관념을 없앤다면 '어, 그래. 그것은 그럴 수도 있겠구나. ', '이것은 바뀔 수도 있구나.' 하고 조금 더 폭 넓은 생각을 가질 수 있을 것이다.#@문장구분# 고로 남녀 편견에 대한 생각을 줄일 수도 있을 것이다.#@문장구분# 그리고 양성평등을 줄이려면 다른 사람을 이해시키고 설득 시키는 것도 중요하다. #@문장구분#무조건 '양성평등이 되어야 해! 남녀 차별이 되면 안 돼! '하고 마구 소리치는 것 보다는' 왜냐하면 남녀 차별을 하면 서로서로 많은 점들이 불편하기 때문이야.#@문장구분# 예를 들어....... '하며 설명하는 식으로 나가는 것이 훨씬 더 좋은 방식이다.#@문장구분# 그러므로 사람을 설득시키고 이해를 하는 것도 좋은 방법이다.#@문장구분# 하지만 가장 중요한 것은 실천이라고 생각한다.#@문장구분# 아무리 머릿속에 집어넣고 이론을 공부한다 해도 막상 실천을 하지 않으면 그저 그냥 하나의 생각으로 남아있어버리기 때문이다. #@문장구분#그래서 나는 생각이나 배움보다는 실천이 가장 중요하다고 생각한다.#@문장구분# 우리 모두 머릿속으로만 남녀평등을 떠올리지 말고 남녀평등을 실천해보면 좋을 것같다.#@문장구분# 생각하는 것도 중요하지만 실천하는 것이야말로 정말로 중요하다는 것을 깨달았으면 좋겠다.#@문장구분#",
      "paragraph_len": 1172,
      "paragraph_id": "001"
    }
  ],
  "score": {
    "paragraph_score": [
      {
        "paragraph_scoreT": [
          3,
          3,
          2.8
        ],
        "paragraph_scoreT_detail": {
          "paragraph_scoreT_exp": [
            [
              3,
              3,
              3
            ],
            [
              3,
              3,
              3
            ],
            [
              2,
              3,
              3
            ]
          ]
        },
        "paragraph_scoreT_avg": 2.9333334,
        "paragraph_id": "001"
      }
    ],
    "essay_scoreT": [
      26.1,
      28.4,
      26.599998
    ],
    "essay_scoreT_avg": 27.033333,
    "essay_scoreT_detail": {
      "essay_scoreT_org": [
        [
          3,
          0,
          3,
          2
        ],
        [
          3,
          0,
          3,
          3
        ],
        [
          3,
          0,
          3,
          3
        ]
      ],
      "essay_scoreT_cont": [
        [
          2,
          2,
          3,
          2
        ],
        [
          3,
          2,
          2,
          3
        ],
        [
          3,
          2,
          2,
          2
        ]
      ],
      "essay_scoreT_exp": [
        [
          3,
          3,
          3
        ],
        [
          3,
          3,
          3
        ],
        [
          2,
          3,
          3
        ]
      ]
    }
  },
  "student": {
    "date": "2021.12.13",
    "student_educated": true,
    "student_grade": "고등_1학년",
    "location": "063",
    "student_grade_group": "고등",
    "student_reading": 2
  },
  "rubric": {
    "essay_grade": "고등_1학년",
    "organization_weight": {
      "org_paragraph": 0,
      "org": 3,
      "org_essay": 6,
      "org_coherence": 3,
      "org_quantity": 1
    },
    "essay_type": "대안제시",
    "content_weight": {
      "con_clearance": 3,
      "con_novelty": 3,
      "con": 4,
      "con_prompt": 1,
      "con_description": 3
    },
    "essay_main_subject": "남녀 갈등 해결 방안",
    "expression_weight": {
      "exp_style": 4,
      "exp_grammar": 2,
      "exp_vocab": 4,
      "exp": 3
    }
  },
  "correction": [],
  "info": {
    "essay_id": "ESSAY_62479",
    "essay_prompt": " 남녀 갈등은 최근 우리 사회에서 가장 뜨거운 이슈 중 하나입니다. 이러한 갈등은 아직 간극을 좁히지 못하고 현재 사회적인 문제로 자리 잡았습니다.\n\n 군 가산점 문제, 일자리 문제 등 여러 가지 비교 자료들을 토대로 토론을 하고 이를 통해 갈등을 해결하고자 하는 노력이 이루어지고 있습니다.\n\n 과거에는 성차별 심했던 시기가 있었습니다. 여자와 남자를 구별 지어 일을 주는 경우도 많았습니다. 하지만, 현재는 여자와 남자라는 성별을 떠나서 나이, 국적을 불문하고 모두에게 평등한 기회를 주기 위해 노력하고 있습니다.\n\n 이렇게 모두의 노력에도 불구하고 아직 해결되지 않았거나 해결될 기미가 보이지 않는 양성평등 문제가 있을까요?\n\n 아주 작은 사소한 일이라도 좋습니다. 여러분이 생각하는 우리 주변의 양성평등 문제를 하나 작성해보고 어떻게 해결할 수 있을지 혹은 무엇이 바뀌어야 해결될 것 같은지 본인의 생각을 설명해주세요. ",
    "essay_type": "대안제시",
    "essay_level": "1",
    "essay_len": 812,
    "essay_main_subject": "남녀 갈등 해결 방안"
  }
}