{
  "paragraph": [
    {
      "paragraph_txt": "혐오시설에 관련한 대안 첫 번째는 혐오 시설 관련 운영자가 주변 주민들에게 보상을 해주어야 한다는 것이다.#@문장구분# 혐오 시설은 불쾌함, 고통 등 부정적인 외부효과를 주는 시설로 환경 피해도 주지만 주변 주민들이 가장 큰 피해를 입는다.#@문장구분# 그 예로 원자력 발전소가 있다.#@문장구분#물론 우리 사회에 필요한 에너지 자원을 보관하고 있지만 주민들은 건강피해를 늘 우려하며 살아야 한다.#@문장구분# 따라서 혐오 시설 주변 주민들에게 어느 정도 보상을 해주어야 한다고 생각한다.#@문장구분# 두 번째는 국가에서 시설을 관리하는 것이다.#@문장구분# 대부분의 시설들은 공익을 위해 국가에서 체계적으로 운영하고 있지만 몇몇의 시설들은 신경 쓰지 않고 운영하기 때문이다.#@문장구분# 그 예로 남양주의 물류창고가 있다.#@문장구분# 주거단지에 건설되는 물류창고는 소음, 대기오염, 도로 파괴 등의 문제를 가져오게 되지만 개인이 운영하는 시설이기 때문에 법적으로 제지할 수가 없다.#@문장구분# 따라서 공익을 위해 여러 혐오 시설의 피해를 참았던 주민들이 현재 항의를 하고 있는 상태이다.#@문장구분# 이렇듯 시민들에게 피해를 주는 시설인 만큼 국가에서 체계적으로 관리를 하거나 조치를 취해야한다고 생각한다.#@문장구분# 마지막으로 혐오시설을 사람들이 거주하는 곳에서 떨어진 곳에 건설해야한다.#@문장구분# 불쾌함, 고통을 주는 시설이긴 하지만 사회에 꼭 필요한 시설들이기 때문이다.#@문장구분# 예를 들어 쓰레기 매립장과 같은 곳은 불쾌함을 주지만 쓰레기를 처리하기 위해서는 필요한 시설이고, 교도소와 같은 시설도 사람들의 불안감을 극대화시키고 기피하는 곳이지만 범죄자들을 가두고 수용하기 위해서는 꼭 필요한 시설이다.#@문장구분# 그렇기 때문에 혐오시설이나 우리 사회에 필요한 시설들은 사람들이 사는 곳에서 멀리 떨어진 곳에 건설해야 한다고 생각한다.#@문장구분#",
      "paragraph_len": 1130,
      "paragraph_id": "001"
    }
  ],
  "score": {
    "paragraph_score": [
      {
        "paragraph_scoreT": [
          2.8,
          2.8,
          2.4
        ],
        "paragraph_scoreT_detail": {
          "paragraph_scoreT_exp": [
            [
              2,
              3,
              3
            ],
            [
              2,
              3,
              3
            ],
            [
              2,
              3,
              2
            ]
          ]
        },
        "paragraph_scoreT_avg": 2.6666667,
        "paragraph_id": "001"
      }
    ],
    "essay_scoreT": [
      28.5,
      24.9,
      26.6
    ],
    "essay_scoreT_avg": 26.666666,
    "essay_scoreT_detail": {
      "essay_scoreT_org": [
        [
          3,
          0,
          2,
          3
        ],
        [
          2,
          0,
          3,
          2
        ],
        [
          3,
          0,
          3,
          3
        ]
      ],
      "essay_scoreT_cont": [
        [
          3,
          3,
          3,
          3
        ],
        [
          3,
          1,
          3,
          3
        ],
        [
          3,
          2,
          2,
          3
        ]
      ],
      "essay_scoreT_exp": [
        [
          2,
          3,
          3
        ],
        [
          2,
          3,
          3
        ],
        [
          2,
          3,
          2
        ]
      ]
    }
  },
  "student": {
    "date": "2021.09.07",
    "student_educated": true,
    "student_grade": "고등_1학년",
    "location": "051",
    "student_grade_group": "고등",
    "student_reading": 1
  },
  "rubric": {
    "essay_grade": "고등_1학년",
    "organization_weight": {
      "org_paragraph": 0,
      "org": 3,
      "org_essay": 6,
      "org_coherence": 3,
      "org_quantity": 1
    },
    "essay_type": "대안제시",
    "content_weight": {
      "con_clearance": 3,
      "con_novelty": 3,
      "con": 4,
      "con_prompt": 1,
      "con_description": 3
    },
    "essay_main_subject": "혐오시설 건설문제에 대한 본인의 생각",
    "expression_weight": {
      "exp_style": 4,
      "exp_grammar": 2,
      "exp_vocab": 4,
      "exp": 3
    }
  },
  "correction": [],
  "info": {
    "essay_id": "ESSAY_34937",
    "essay_prompt": " 혐오 시설이란 지역 주민에게 공포감이나 고통을 주거나, 주변 지역의 쾌적성이 훼손됨으로써 집값이나 땅값이 내려가는 등 부정적인 외부효과를 유발하는 시설을 의미합니다.\n\n 대표적인 혐오 시설에는 쓰레기 매립장, 원자력발전소, 소각장, 유류저장소 등이 있습니다.\n\n 매립지, 소각장, 쓰레기 하치장 같은 혐오 시설은 그리 위험하지는 않지만, 쓰레기를 취급한다는 점에서 혐오감을 주며, 주변 환경오염 문제가 갈등을 일으킵니다. 특히 소각장은 인구밀도가 높은 대도시에 건설된다는 점에서 반대 운동이 일기도 합니다.\n\n 그런데 서로 반대만 하다 보면 입지를 찾지 못해 결국 모든 주민의 삶의 질이 저하될 수 있습니다.\n\n 정부 차원에서 가장 적절한 장소를 선별하여 건설 후 주변 사람들에게 혜택을 주는 방식이 적절한 방법일까요? 아니면 혐오 시설만을 모아둔 부지를 따로 정해서 건설해야 할까요? 아니면 모든 도시가 공평하게 혐오 시설 건설에 대한 부담을 지니고 하나씩 건설해야 할까요?\n\n 모두가 만족할만한 결과를 내기란 정말 어려운 문제이지만 여러분이 생각하는 가장 합리적이고 좋은 방법을 생각해보세요. 그리고 그 방법을 대안으로 제시하고 그 근거에 대해 작성해주세요.",
    "essay_type": "대안제시",
    "essay_level": "1",
    "essay_len": 831,
    "essay_main_subject": "혐오시설 건설문제에 대한 본인의 생각"
  }
}