{
  "paragraph": [
    {
      "paragraph_txt": "요즘 점점 일상생활에서 남녀간의 문제가 심각해져 가고 있다.#@문장구분# 단순히 숏컷을 했다는 이유로 상대를 페미니스트로 몰아가고 온라인 커뮤니티에 있는 몇 몇 여초 사이트에서는 남성들을 노골적으로 깍아내리고 있다. #@문장구분#이처럼 지금 일상생활에서 자리 잡아버린 여험, 남혐 문제를 해결하기 위해서는 대체 어떤 방안을 내세워야 되는 것인가 단도진입적으로 말하면 지금 딱히 내세울 만한 방안은 없다.#@문장구분# 지금 문제를 법적으로 해결한다고 해결되는 문제도 아니기 때문이다. #@문장구분#이 문제는 법적으로 처벌을 하거나 조치를 취하는 것 보다 사람들의 인식과 생각을 바꾸는게 중요하다.#@문장구분# 일부 사람들이 가지고 있는 남녀에 관한 편견과 고정관념에서 점점 벗어나게 노력하면 그 전보다는 괜찮은 모습을 보일 수 있다. #@문장구분#그렇다면 그러기 위해선 어떤 방법이 있을까.#@문장구분#",
      "paragraph_len": 539,
      "paragraph_id": "001"
    },
    {
      "paragraph_txt": " 첫 번재로는 공익광고를 한다 광고는 사람들이 어디서든 쉽게 접할 수 있고 공익광고로써 더욱 더 사람들한테 와 닿을 수 있기 때문이다.#@문장구분#",
      "paragraph_len": 95,
      "paragraph_id": "002"
    },
    {
      "paragraph_txt": " 두 번째는 학교에서 남녀 문제에 관한 교육을 실시한다.#@문장구분# 학교에서부터 교육을 통해 인식을 인식을 바꿀 수 있기 때문이다.#@문장구분#\n \n 세 번째는 남녀 문제에 관한 뉴스를 한다. #@문장구분#뉴스도 광고 다음으로 사람들이 어디서든 쉽게 접할 수 있는 미디어이기 때문에 뉴스를 통해 알리는 것도 효과적이다.#@문장구분#\n \n 우리 일상생활에 자리 잡아버린 남녀 문제를 해결하려면 우리들도 많이 노력해야 되고 우리 서로 남녀를 존중하면서 나쁜 인식을 바꿔야 된다.#@문장구분#",
      "paragraph_len": 338,
      "paragraph_id": "003"
    }
  ],
  "score": {
    "paragraph_score": [
      {
        "paragraph_scoreT": [
          1.6,
          2.8,
          2
        ],
        "paragraph_scoreT_detail": {
          "paragraph_scoreT_exp": [
            [
              2,
              2,
              1
            ],
            [
              2,
              3,
              3
            ],
            [
              2,
              2,
              2
            ]
          ]
        },
        "paragraph_scoreT_avg": 2.1333334,
        "paragraph_id": "001"
      },
      {
        "paragraph_scoreT": [
          1.6,
          2.8,
          2
        ],
        "paragraph_scoreT_detail": {
          "paragraph_scoreT_exp": [
            [
              2,
              2,
              1
            ],
            [
              2,
              3,
              3
            ],
            [
              2,
              2,
              2
            ]
          ]
        },
        "paragraph_scoreT_avg": 2.1333334,
        "paragraph_id": "002"
      },
      {
        "paragraph_scoreT": [
          2,
          2.8,
          2
        ],
        "paragraph_scoreT_detail": {
          "paragraph_scoreT_exp": [
            [
              2,
              2,
              2
            ],
            [
              2,
              3,
              3
            ],
            [
              2,
              2,
              2
            ]
          ]
        },
        "paragraph_scoreT_avg": 2.2666667,
        "paragraph_id": "003"
      }
    ],
    "essay_scoreT": [
      17,
      28.2,
      21.2
    ],
    "essay_scoreT_avg": 22.133333,
    "essay_scoreT_detail": {
      "essay_scoreT_org": [
        [
          2,
          0,
          1,
          3
        ],
        [
          3,
          0,
          3,
          3
        ],
        [
          2,
          0,
          2,
          2
        ]
      ],
      "essay_scoreT_cont": [
        [
          2,
          1,
          2,
          2
        ],
        [
          3,
          2,
          3,
          3
        ],
        [
          3,
          2,
          2,
          2
        ]
      ],
      "essay_scoreT_exp": [
        [
          2,
          2,
          1
        ],
        [
          2,
          3,
          3
        ],
        [
          2,
          2,
          2
        ]
      ]
    }
  },
  "student": {
    "date": "2021.09.07",
    "student_educated": true,
    "student_grade": "고등_1학년",
    "location": "051",
    "student_grade_group": "고등",
    "student_reading": 1
  },
  "rubric": {
    "essay_grade": "고등_1학년",
    "organization_weight": {
      "org_paragraph": 0,
      "org": 3,
      "org_essay": 6,
      "org_coherence": 3,
      "org_quantity": 1
    },
    "essay_type": "대안제시",
    "content_weight": {
      "con_clearance": 3,
      "con_novelty": 3,
      "con": 4,
      "con_prompt": 1,
      "con_description": 3
    },
    "essay_main_subject": "남녀 갈등 해결 방안",
    "expression_weight": {
      "exp_style": 4,
      "exp_grammar": 2,
      "exp_vocab": 4,
      "exp": 3
    }
  },
  "correction": [],
  "info": {
    "essay_id": "ESSAY_34682",
    "essay_prompt": " 남녀 갈등은 최근 우리 사회에서 가장 뜨거운 이슈 중 하나입니다. 이러한 갈등은 아직 간극을 좁히지 못하고 현재 사회적인 문제로 자리 잡았습니다.\n\n 군 가산점 문제, 일자리 문제 등 여러 가지 비교 자료들을 토대로 토론을 하고 이를 통해 갈등을 해결하고자 하는 노력이 이루어지고 있습니다.\n\n 과거에는 성차별 심했던 시기가 있었습니다. 여자와 남자를 구별 지어 일을 주는 경우도 많았습니다. 하지만, 현재는 여자와 남자라는 성별을 떠나서 나이, 국적을 불문하고 모두에게 평등한 기회를 주기 위해 노력하고 있습니다.\n\n 이렇게 모두의 노력에도 불구하고 아직 해결되지 않았거나 해결될 기미가 보이지 않는 양성평등 문제가 있을까요?\n\n 아주 작은 사소한 일이라도 좋습니다. 여러분이 생각하는 우리 주변의 양성평등 문제를 하나 작성해보고 어떻게 해결할 수 있을지 혹은 무엇이 바뀌어야 해결될 것 같은지 본인의 생각을 설명해주세요. ",
    "essay_type": "대안제시",
    "essay_level": "1",
    "essay_len": 718,
    "essay_main_subject": "남녀 갈등 해결 방안"
  }
}