{
  "paragraph": [
    {
      "paragraph_txt": "얼마전 오랜만에 할머니 생신으로 이모와 이모부를 만나뵙게 되었습니다.#@문장구분# 이모부는 많이 제가 많이 컷다면서 예뻐졌다며 칭찬을 해주셨습니다.#@문장구분# 이뻐졌다는 말에 그냥 기분이 좋은 건 다른 모든 사람들도 좋은 칭찬을 받아 기분이 좋은 것이 맞을 겁니다.#@문장구분# 그런데 이모가 말씀하셨습니다.#@문장구분# 공부는 잘하고 있는지 어떤 과로 진학을 하려고 하는지, 하고 싶은 일은 무엇인지 물어보셨습니다.#@문장구분# 아무래도 지금 매우 고민이 많은 시기이기도 하고 제 인생에 대한 설계를 신중히 하고 있기 때문에 머뭇 머뭇 거리자 이모부님이 말씀하셨습니다.#@문장구분# \"여자는 이쁘면 다 끝나는 거다. 예쁘면 시집도 잘가고 그렇게 공부 열심히 할 필요도 없어. 공부잘해서 잘나봐야 머리만 아프다\"#@문장구분# 저는 깜짝 놀랐습니다.#@문장구분# 학교나 집에서 항상 부모님과 선생님께 들은 말은 남녀평등에 대한 이야기이고 남녀 평등을 위해 국회에서 법안도 발의되어 시행되어가고 여성의 사회적 지휘가 매우 많이 향상되어서 현재는 여성에 대한 사회적 차별이 극심하지 않다고 하였는데 우리집에서 이런 차별적 발언을 직접 듣게 되다니...#@문장구분# 저는 서운한 마음과 안타까운 마음이 들었습니다.#@문장구분# 내가 딸이 아니고 조카라서 이런 말을 하시나 오해도 했습니다.#@문장구분# 그런데 어른들이 모두 하하 웃으시며 대수럽지 않게 생각하시는 것 같아 집에와서 부모님께 말씀드렸습니다.#@문장구분# 어머니는 그게 무슨 성차별이냐며 그런말도 못하니 그러십니다.#@문장구분# 학교에서 배우는 성차별이 저희 가정에서도 일어나고 있는 것입니다.#@문장구분# 가정에서 이런 지경인데 사회는 얼마나 더 심각할까요?#@문장구분# 우리 사회가 변화되기 위해서는 가정에서의 성의식 변화가 우선인것같습니다.#@문장구분# 가정내 성평등가치관이 올바르게 정립되었을때 사회는 자연적으로 변화되어 있을 것입니다.#@문장구분# 그러기 위해서 국가적으로 가정 성평등교육에 관하여 캠패인이라도 벌여야 된다고 생각합니다.#@문장구분#",
      "paragraph_len": 1250,
      "paragraph_id": "001"
    }
  ],
  "score": {
    "paragraph_score": [
      {
        "paragraph_scoreT": [
          3,
          2,
          3
        ],
        "paragraph_scoreT_detail": {
          "paragraph_scoreT_exp": [
            [
              3,
              3,
              3
            ],
            [
              2,
              2,
              2
            ],
            [
              3,
              3,
              3
            ]
          ]
        },
        "paragraph_scoreT_avg": 2.6666667,
        "paragraph_id": "001"
      }
    ],
    "essay_scoreT": [
      28.8,
      23.099998,
      27.6
    ],
    "essay_scoreT_avg": 26.5,
    "essay_scoreT_detail": {
      "essay_scoreT_org": [
        [
          3,
          0,
          3,
          3
        ],
        [
          2,
          0,
          2,
          3
        ],
        [
          3,
          0,
          3,
          3
        ]
      ],
      "essay_scoreT_cont": [
        [
          3,
          2,
          3,
          3
        ],
        [
          3,
          2,
          3,
          3
        ],
        [
          3,
          2,
          3,
          2
        ]
      ],
      "essay_scoreT_exp": [
        [
          3,
          3,
          3
        ],
        [
          2,
          2,
          2
        ],
        [
          3,
          3,
          3
        ]
      ]
    }
  },
  "student": {
    "date": "2021.12.03",
    "student_educated": true,
    "student_grade": "고등_1학년",
    "location": "063",
    "student_grade_group": "고등",
    "student_reading": 2
  },
  "rubric": {
    "essay_grade": "고등_1학년",
    "organization_weight": {
      "org_paragraph": 0,
      "org": 3,
      "org_essay": 6,
      "org_coherence": 3,
      "org_quantity": 1
    },
    "essay_type": "대안제시",
    "content_weight": {
      "con_clearance": 3,
      "con_novelty": 3,
      "con": 4,
      "con_prompt": 1,
      "con_description": 3
    },
    "essay_main_subject": "남녀 갈등 해결 방안",
    "expression_weight": {
      "exp_style": 4,
      "exp_grammar": 2,
      "exp_vocab": 4,
      "exp": 3
    }
  },
  "correction": [],
  "info": {
    "essay_id": "ESSAY_53659",
    "essay_prompt": " 남녀 갈등은 최근 우리 사회에서 가장 뜨거운 이슈 중 하나입니다. 이러한 갈등은 아직 간극을 좁히지 못하고 현재 사회적인 문제로 자리 잡았습니다.\n\n 군 가산점 문제, 일자리 문제 등 여러 가지 비교 자료들을 토대로 토론을 하고 이를 통해 갈등을 해결하고자 하는 노력이 이루어지고 있습니다.\n\n 과거에는 성차별 심했던 시기가 있었습니다. 여자와 남자를 구별 지어 일을 주는 경우도 많았습니다. 하지만, 현재는 여자와 남자라는 성별을 떠나서 나이, 국적을 불문하고 모두에게 평등한 기회를 주기 위해 노력하고 있습니다.\n\n 이렇게 모두의 노력에도 불구하고 아직 해결되지 않았거나 해결될 기미가 보이지 않는 양성평등 문제가 있을까요?\n\n 아주 작은 사소한 일이라도 좋습니다. 여러분이 생각하는 우리 주변의 양성평등 문제를 하나 작성해보고 어떻게 해결할 수 있을지 혹은 무엇이 바뀌어야 해결될 것 같은지 본인의 생각을 설명해주세요. ",
    "essay_type": "대안제시",
    "essay_level": "1",
    "essay_len": 890,
    "essay_main_subject": "남녀 갈등 해결 방안"
  }
}