{
  "paragraph": [
    {
      "paragraph_txt": "양성평등이란?#@문장구분# 남성과 여성을 차별하지 않고 공정하게 대우하는 것이다.#@문장구분# 옛날 조선시대까지는 남녀 차별이 심했다.#@문장구분# 공부를 해서 벼슬을 하거나 바깥일을 하는 것은 모두 남자들만이 할 수 있었다.#@문장구분# 옛날 바깥일은 농사와 같이 힘을 써서 하는 일들이 많았기 때문에 힘이 센 남자들이 주로 했었고, 여자들은 집안일만 하면 된다고 생각했다.#@문장구분# 그래서 아들을 딸 보다 더 귀하게 생각하고 아들을 못 낳으면 쫓겨나기도 했었다.#@문장구분# 이런 생각들이 지금까지도 계속 남아 남녀차별이 여기저기 생겨나고 남아있었다.#@문장구분# 남자가 여자보다 우선이라는 생각이 머릿속에 박혀있어 떠나지 않고 있었던 것이다.#@문장구분# 하지만 요즘은 어떤가? #@문장구분#기술의 발달로 인해 힘을 써서 하는 일보다 머리를 써서 하는 일들이 많아지고 여자가 할 일들도 많아졌다.#@문장구분# 경찰, 의사, 법관, 군인, 국회 의원 등 예전에 남자들이 주로 했던 일을 하는 여성들이 점점 더 많이 늘어나고 있다.#@문장구분# 이제는 우리 생각도 달라져야 한다.#@문장구분# 그리고 남녀 구분 하지말고 서로 힘을 합쳐 노력해야 한다.#@문장구분# 앞으로 더 낳은 삶을 살기 위해서 라도 양성평등이 보편화 대야 한다.#@문장구분# 모두가 이런 생각을 가진다면 미래에는 '차별'이라는 단어가 없어지고 모두가 평등한 사회가 될것이라고 생각한다.#@문장구분# 어서 빨리 이러한 '차별'이 사라져서 남녀가 서로 사랑하고 아껴주는 그런 사회가 왔으면 좋겠다.#@문장구분# 언젠가 그 날이 오면 남자와 여자가 서로 아껴주고 사랑해주며 욕과 비난대신 예쁜말과 사랑스러운 말을 전하리라 믿는다.#@문장구분# 나는 그 날이 올 때까지 절대로 죽지 않고 그 날이 오는 것을 꼭 보고 죽을 것이다.#@문장구분#그 날이 오기만들 기다리며 그 때까지 절대로 죽지 않고 살 것이다.#@문장구분#",
      "paragraph_len": 1193,
      "paragraph_id": "001"
    }
  ],
  "score": {
    "paragraph_score": [
      {
        "paragraph_scoreT": [
          2.8,
          3,
          2.8
        ],
        "paragraph_scoreT_detail": {
          "paragraph_scoreT_exp": [
            [
              2,
              3,
              3
            ],
            [
              3,
              3,
              3
            ],
            [
              2,
              3,
              3
            ]
          ]
        },
        "paragraph_scoreT_avg": 2.8666668,
        "paragraph_id": "001"
      }
    ],
    "essay_scoreT": [
      27.900002,
      28.4,
      25.4
    ],
    "essay_scoreT_avg": 27.233335,
    "essay_scoreT_detail": {
      "essay_scoreT_org": [
        [
          3,
          0,
          3,
          2
        ],
        [
          3,
          0,
          3,
          3
        ],
        [
          3,
          0,
          3,
          3
        ]
      ],
      "essay_scoreT_cont": [
        [
          3,
          2,
          3,
          3
        ],
        [
          3,
          2,
          2,
          3
        ],
        [
          2,
          2,
          2,
          2
        ]
      ],
      "essay_scoreT_exp": [
        [
          2,
          3,
          3
        ],
        [
          3,
          3,
          3
        ],
        [
          2,
          3,
          3
        ]
      ]
    }
  },
  "student": {
    "date": "2021.12.13",
    "student_educated": true,
    "student_grade": "고등_1학년",
    "location": "063",
    "student_grade_group": "고등",
    "student_reading": 2
  },
  "rubric": {
    "essay_grade": "고등_1학년",
    "organization_weight": {
      "org_paragraph": 0,
      "org": 3,
      "org_essay": 6,
      "org_coherence": 3,
      "org_quantity": 1
    },
    "essay_type": "대안제시",
    "content_weight": {
      "con_clearance": 3,
      "con_novelty": 3,
      "con": 4,
      "con_prompt": 1,
      "con_description": 3
    },
    "essay_main_subject": "남녀 갈등 해결 방안",
    "expression_weight": {
      "exp_style": 4,
      "exp_grammar": 2,
      "exp_vocab": 4,
      "exp": 3
    }
  },
  "correction": [],
  "info": {
    "essay_id": "ESSAY_62450",
    "essay_prompt": " 남녀 갈등은 최근 우리 사회에서 가장 뜨거운 이슈 중 하나입니다. 이러한 갈등은 아직 간극을 좁히지 못하고 현재 사회적인 문제로 자리 잡았습니다.\n\n 군 가산점 문제, 일자리 문제 등 여러 가지 비교 자료들을 토대로 토론을 하고 이를 통해 갈등을 해결하고자 하는 노력이 이루어지고 있습니다.\n\n 과거에는 성차별 심했던 시기가 있었습니다. 여자와 남자를 구별 지어 일을 주는 경우도 많았습니다. 하지만, 현재는 여자와 남자라는 성별을 떠나서 나이, 국적을 불문하고 모두에게 평등한 기회를 주기 위해 노력하고 있습니다.\n\n 이렇게 모두의 노력에도 불구하고 아직 해결되지 않았거나 해결될 기미가 보이지 않는 양성평등 문제가 있을까요?\n\n 아주 작은 사소한 일이라도 좋습니다. 여러분이 생각하는 우리 주변의 양성평등 문제를 하나 작성해보고 어떻게 해결할 수 있을지 혹은 무엇이 바뀌어야 해결될 것 같은지 본인의 생각을 설명해주세요. ",
    "essay_type": "대안제시",
    "essay_level": "1",
    "essay_len": 814,
    "essay_main_subject": "남녀 갈등 해결 방안"
  }
}