{
  "paragraph": [
    {
      "paragraph_txt": "원자력 발전소, 소각장, 유류저장소, 매립지, 소각장, 쓰레기 하치장 등의 혐오시설은 사람들이 꺼리는 대표적인 시설이지만 공공의 이익을 위해 꼭 필요한 시설이므로 사람들이 건설을 반대한다고 해서 짓지 않을 수 없다.#@문장구분# 그렇기 때문에 어느 지역에 불가피하게 혐오시설을 지을 경우, 그에 대한 적절한 보상을 마련해주는 것이 님비 현상을 해결하는 방법이라고 본다.#@문장구분# ",
      "paragraph_len": 240,
      "paragraph_id": "001"
    },
    {
      "paragraph_txt": "첫 번째 방법은 핌피 현상을 이용하는 것이다.#@문장구분# 혐오시설 건설을 반대하는 현상을 우리가 줄여서 님비 현상이라고 부르는데, 핌피 현상은 그에 반대되는 개념으로, 지역 주민들이 선호시설 유치를 적극적으로 요구하는 현상이다.#@문장구분# 핌피 현상의 대표적은 사례로는 철도 역 건설, 공공 의대 설립 등이 있는데 님비 현상과 핌피 현상이 같이 일어나는 지역의 경우 혐오 시설을 건설하는 대신 주민들이 바라는 선호 시설 또한 유치해주면서 타협점을 찾을 수 있다.#@문장구분# ",
      "paragraph_len": 307,
      "paragraph_id": "002"
    },
    {
      "paragraph_txt": "두 번째 방법은 국가에서 금전적 보상을 제공해주는 것이다.#@문장구분# 혐오시설이 건설된 지역의 주민들에게는 세금을 감면해준다던지, 그 지역의 지가가 내려간 경우에는 행정손해전보제도 등을 활용하여 입은 손실을 보상해준다던지, 지역 간의 상호 이해관계가 얽힌 상황에서 그 지역에게 이득이 되도록 일부 행정 작용을 조절해 주는 등 금전적 보상을 제공해준다면 지역 주민들도 어느 정도 혐오시설 유치를 받아들일 수 있을 것이다.#@문장구분# ",
      "paragraph_len": 269,
      "paragraph_id": "003"
    },
    {
      "paragraph_txt": "물론 혐오시설을 좋아할 지역 주민은 아무도 없겠지만 혐오시설은 공공의 이익을 위해 불가피하게 건설해야하는 것이 어쩔 수 없는 현상이기 때문에 지역 주민들 모두 지역 이기주의에서 벗어나 공공의 이익을 위해 어느 정도 배려하고 타협하는 모습이 필요하다.#@문장구분# 또한 국가 또한 마음대로 혐오시설을 건설하지 말고 일정한 준거를 세운 후 지역 주민들에게 최대한 피해가 가지 않는 방향으로 타협하는 면모를 보이는 것이 필요해 보인다.#@문장구분#",
      "paragraph_len": 273,
      "paragraph_id": "004"
    }
  ],
  "score": {
    "paragraph_score": [
      {
        "paragraph_scoreT": [
          3,
          2.2,
          2.4
        ],
        "paragraph_scoreT_detail": {
          "paragraph_scoreT_exp": [
            [
              3,
              3,
              3
            ],
            [
              3,
              2,
              2
            ],
            [
              2,
              3,
              2
            ]
          ]
        },
        "paragraph_scoreT_avg": 2.5333333,
        "paragraph_id": "001"
      },
      {
        "paragraph_scoreT": [
          3,
          2.2,
          2.4
        ],
        "paragraph_scoreT_detail": {
          "paragraph_scoreT_exp": [
            [
              3,
              3,
              3
            ],
            [
              3,
              2,
              2
            ],
            [
              2,
              3,
              2
            ]
          ]
        },
        "paragraph_scoreT_avg": 2.5333333,
        "paragraph_id": "002"
      },
      {
        "paragraph_scoreT": [
          3,
          2.2,
          2.4
        ],
        "paragraph_scoreT_detail": {
          "paragraph_scoreT_exp": [
            [
              3,
              3,
              3
            ],
            [
              3,
              2,
              2
            ],
            [
              2,
              3,
              2
            ]
          ]
        },
        "paragraph_scoreT_avg": 2.5333333,
        "paragraph_id": "003"
      },
      {
        "paragraph_scoreT": [
          3,
          2.2,
          2.4
        ],
        "paragraph_scoreT_detail": {
          "paragraph_scoreT_exp": [
            [
              3,
              3,
              3
            ],
            [
              3,
              2,
              2
            ],
            [
              2,
              3,
              2
            ]
          ]
        },
        "paragraph_scoreT_avg": 2.5333333,
        "paragraph_id": "004"
      }
    ],
    "essay_scoreT": [
      30,
      26.7,
      26.6
    ],
    "essay_scoreT_avg": 27.766668,
    "essay_scoreT_detail": {
      "essay_scoreT_org": [
        [
          3,
          0,
          3,
          3
        ],
        [
          3,
          0,
          2,
          3
        ],
        [
          3,
          0,
          3,
          3
        ]
      ],
      "essay_scoreT_cont": [
        [
          3,
          3,
          3,
          3
        ],
        [
          3,
          3,
          3,
          3
        ],
        [
          3,
          2,
          2,
          3
        ]
      ],
      "essay_scoreT_exp": [
        [
          3,
          3,
          3
        ],
        [
          3,
          2,
          2
        ],
        [
          2,
          3,
          2
        ]
      ]
    }
  },
  "student": {
    "date": "2021.09.03",
    "student_educated": true,
    "student_grade": "고등_1학년",
    "location": "051",
    "student_grade_group": "고등",
    "student_reading": 1
  },
  "rubric": {
    "essay_grade": "고등_1학년",
    "organization_weight": {
      "org_paragraph": 0,
      "org": 3,
      "org_essay": 6,
      "org_coherence": 3,
      "org_quantity": 1
    },
    "essay_type": "대안제시",
    "content_weight": {
      "con_clearance": 3,
      "con_novelty": 3,
      "con": 4,
      "con_prompt": 1,
      "con_description": 3
    },
    "essay_main_subject": "혐오시설 건설문제에 대한 본인의 생각",
    "expression_weight": {
      "exp_style": 4,
      "exp_grammar": 2,
      "exp_vocab": 4,
      "exp": 3
    }
  },
  "correction": [],
  "info": {
    "essay_id": "ESSAY_34366",
    "essay_prompt": " 혐오 시설이란 지역 주민에게 공포감이나 고통을 주거나, 주변 지역의 쾌적성이 훼손됨으로써 집값이나 땅값이 내려가는 등 부정적인 외부효과를 유발하는 시설을 의미합니다.\n\n 대표적인 혐오 시설에는 쓰레기 매립장, 원자력발전소, 소각장, 유류저장소 등이 있습니다.\n\n 매립지, 소각장, 쓰레기 하치장 같은 혐오 시설은 그리 위험하지는 않지만, 쓰레기를 취급한다는 점에서 혐오감을 주며, 주변 환경오염 문제가 갈등을 일으킵니다. 특히 소각장은 인구밀도가 높은 대도시에 건설된다는 점에서 반대 운동이 일기도 합니다.\n\n 그런데 서로 반대만 하다 보면 입지를 찾지 못해 결국 모든 주민의 삶의 질이 저하될 수 있습니다.\n\n 정부 차원에서 가장 적절한 장소를 선별하여 건설 후 주변 사람들에게 혜택을 주는 방식이 적절한 방법일까요? 아니면 혐오 시설만을 모아둔 부지를 따로 정해서 건설해야 할까요? 아니면 모든 도시가 공평하게 혐오 시설 건설에 대한 부담을 지니고 하나씩 건설해야 할까요?\n\n 모두가 만족할만한 결과를 내기란 정말 어려운 문제이지만 여러분이 생각하는 가장 합리적이고 좋은 방법을 생각해보세요. 그리고 그 방법을 대안으로 제시하고 그 근거에 대해 작성해주세요.",
    "essay_type": "대안제시",
    "essay_level": "1",
    "essay_len": 916,
    "essay_main_subject": "혐오시설 건설문제에 대한 본인의 생각"
  }
}