{
  "paragraph": [
    {
      "paragraph_txt": "요즘 사회적으로 문제가 되고있는 성갈등, 즉 젠더갈등에 대해서 관심이 이전부터 많았다.#@문장구분# 현재 대한민국은 국민 모두가 살기 좋은 나라는 아니어도 기본권 등과 치안은 확실하게 보장되어있는 좋은 나라이다.#@문장구분# 최근들어, 페미니스트 라는 여성인권을 위한 단체가 증가하였는데 이들이 주장하는 것은 이렇다.#@문장구분# 성평등, 여성인권, 여성취업증가이다.#@문장구분# 나는 이것의 근본에서부터 문제가 있다고 생각한다.#@문장구분# 이미 대한민국은 성평등, 즉 능력만 있다면 누구나 취업을 제대로 할 수 있고 인권이 이미 제대로 보장되어있기 때문이다.#@문장구분# 또한 일부 래디컬(급진적) 페미니스트들은 군인을 라고, 한국 남성을 이라고 벌레에 비유하는 등 수많은 악성 남혐 용어들을 입에 달고 산다.#@문장구분# 또한, 이에대해 반박을 하거나 대응이라도 할시 같은 프레임을 씌워 사회적으로 비난을 받도록 하는 악랄한 짓도 서슴없이 하고 있다.#@문장구분# 나는 이에대해 3가지 해결책을 제시한다.#@문장구분# 첫째, 여성인권을 위하는 것이 아닌 모두의 인권을 위해 정부가 앞장서야 한다고 생각한다.#@문장구분# 문 대통령은 페미니스트 대통령이 되겠다고 발언한 적이 있는데, 성평등한 시대에서 시대착오적인 페미니즘은 젠더갈등을 유발하고, 또한 페미니즘을 긍정적으로 생각하는 일부 사람들이 투표를 자신의 정당으로 하게끔 유도하는 표몰이 밖에 되지 않는다 생각해서 지금 대통령은 페미니즘을 표몰이 수단으로 밖에 생각하지 않는 것 같다고 나는 생각한다.#@문장구분# 두 번째, 시대착오적인 성갈등을 조장하는 여성가족부를 폐지해야한다.#@문장구분# 최근 여가부 폐지론이 자주 나오는데 이는 당연하다고 생각한다.#@문장구분# 왜냐하면 현재 여가부는 하는 일 없이 성갈등만 유발하는 부서이기 때문이다.#@문장구분# 여성인권을 위해 힘을 썼다고 하지만 정작 하는일은 남성 역차별을 주도하고 세금만 잡아먹고 있는 것이 현실이다.#@문장구분# 마지막으로, 동일 임금을 주장할 것이 아닌 능력에 따라 임금을 받는 것을 지향하자이다.#@문장구분# 여성 할당제로 여성을 장애인보다 대우를 더 잘 받는게 아닌 동일한 조건에서 능력있는 사람을 뽑는 것이 회사, 공무원 등에 더 이롭기 때문이다.#@문장구분# 따라서 나는 이 문제에 대해 이러한 대안을 주장한다.#@문장구분#",
      "paragraph_len": 1426,
      "paragraph_id": "001"
    }
  ],
  "score": {
    "paragraph_score": [
      {
        "paragraph_scoreT": [
          3,
          3,
          2
        ],
        "paragraph_scoreT_detail": {
          "paragraph_scoreT_exp": [
            [
              3,
              3,
              3
            ],
            [
              3,
              3,
              3
            ],
            [
              2,
              2,
              2
            ]
          ]
        },
        "paragraph_scoreT_avg": 2.6666667,
        "paragraph_id": "001"
      }
    ],
    "essay_scoreT": [
      30,
      30,
      24
    ],
    "essay_scoreT_avg": 28,
    "essay_scoreT_detail": {
      "essay_scoreT_org": [
        [
          3,
          0,
          3,
          3
        ],
        [
          3,
          0,
          3,
          3
        ],
        [
          2,
          0,
          3,
          3
        ]
      ],
      "essay_scoreT_cont": [
        [
          3,
          3,
          3,
          3
        ],
        [
          3,
          3,
          3,
          3
        ],
        [
          3,
          2,
          3,
          3
        ]
      ],
      "essay_scoreT_exp": [
        [
          3,
          3,
          3
        ],
        [
          3,
          3,
          3
        ],
        [
          2,
          2,
          2
        ]
      ]
    }
  },
  "student": {
    "date": "2021.09.07",
    "student_educated": true,
    "student_grade": "고등_1학년",
    "location": "051",
    "student_grade_group": "고등",
    "student_reading": 2
  },
  "rubric": {
    "essay_grade": "고등_1학년",
    "organization_weight": {
      "org_paragraph": 0,
      "org": 3,
      "org_essay": 6,
      "org_coherence": 3,
      "org_quantity": 1
    },
    "essay_type": "대안제시",
    "content_weight": {
      "con_clearance": 3,
      "con_novelty": 3,
      "con": 4,
      "con_prompt": 1,
      "con_description": 3
    },
    "essay_main_subject": "남녀 갈등 해결 방안",
    "expression_weight": {
      "exp_style": 4,
      "exp_grammar": 2,
      "exp_vocab": 4,
      "exp": 3
    }
  },
  "correction": [],
  "info": {
    "essay_id": "ESSAY_34299",
    "essay_prompt": " 남녀 갈등은 최근 우리 사회에서 가장 뜨거운 이슈 중 하나입니다. 이러한 갈등은 아직 간극을 좁히지 못하고 현재 사회적인 문제로 자리 잡았습니다.\n\n 군 가산점 문제, 일자리 문제 등 여러 가지 비교 자료들을 토대로 토론을 하고 이를 통해 갈등을 해결하고자 하는 노력이 이루어지고 있습니다.\n\n 과거에는 성차별 심했던 시기가 있었습니다. 여자와 남자를 구별 지어 일을 주는 경우도 많았습니다. 하지만, 현재는 여자와 남자라는 성별을 떠나서 나이, 국적을 불문하고 모두에게 평등한 기회를 주기 위해 노력하고 있습니다.\n\n 이렇게 모두의 노력에도 불구하고 아직 해결되지 않았거나 해결될 기미가 보이지 않는 양성평등 문제가 있을까요?\n\n 아주 작은 사소한 일이라도 좋습니다. 여러분이 생각하는 우리 주변의 양성평등 문제를 하나 작성해보고 어떻게 해결할 수 있을지 혹은 무엇이 바뀌어야 해결될 것 같은지 본인의 생각을 설명해주세요. ",
    "essay_type": "대안제시",
    "essay_level": "1",
    "essay_len": 1037,
    "essay_main_subject": "남녀 갈등 해결 방안"
  }
}