{
  "paragraph": [
    {
      "paragraph_txt": "우리가 살고 있는 지역사회는 많은 문제들을 가지고 있는데 특히 쓰레기 매립장이나 폐기물처리시설 같은 혐오 시설의 설치 문제로 님비현상이 더욱 심화되어가고 있습니다.#@문장구분#  님비현상이란, 사회적으로 필요한 혐오 시설이 자기 집 주변에 설치되는 것을 강력히 반대하고, 멀리 떨어진 지역에 지으려는 주민들의 이기심이 반영된 현상으로 'Not In My Back Yard'의 약어로, 직역하면 '우리 뒷마당에는 안된다.' 는 뜻입니다.#@문장구분#  특히 지방 자치제도를 시행하고 있는 나라들의 경우 각 도시와 지역마다 쓰레기소각장, 납골당, 화장터와 같은 시설을 다른 지방으로 떠넘기려고 하면서 갈등이 벌어지고, 법정 투쟁이 일어나는 경우까지 발생하고 있습니다.#@문장구분# 전라북도 부안군 위도에서 원전 수거물 관리시설 유치를 반대하는 지역 주민들과 중앙 정부 사이에 벌어졌던 대립도 이 때문이라 할 수 있습니다.#@문장구분# 저는 님비현상, 즉 혐오 시설 설치를 반대하는 현상을 해결하는 바람직한 방법은 혐오 시설을 모든 도시가 공평하게 혐오 시설 건설에 대한 부담을 지니고 하나씩은 건설해야 한다고 생각합니다.#@문장구분# 만약 혐오 시설만을 모아둔 부지를 따로 정해 건설하면 그 지역 주변에 있는 지역들도 피해를 볼 수 있고, 그 지역 사람들은 자신의 지방이 혐오 시설을 가져서 경제적으로나 환경적으로나 피해를 본다고 생각할 것입니다.#@문장구분# 그러므로 혐오 시설을 모아둔 부지를 따로 정해 건설하는 게 아닌, 모든 도시가 공평하게 부담을 지니고 건설해야 한다고 생각합니다.#@문장구분# 이를 이루려면 정부에서는 혐오 시설을 일정 수 이상 건설하는 정책을 만들어 시행하고, 지방들은 그 정책을 잘 지키고 시설물에 대한 안정성과 친환경성 등의 대책을 마련하여 주민들에게 적극적으로 알리며, 해당 시설에 대해 주민들이 가지고 있는 부정적인 인식을 개선할 수 있도록 대화와 타협을 활용해야 할 것입니다.#@문장구분# 이처럼 님비현상을 해결하려면 혐오 시설만을 모아둔 부지를 따로 정해 건설하는 것이 아닌, 모든 도시가 공평하게 혐오 시설 건설에 대한 부담을 지니고 일정 수 이상 건설하는 정책을 세워서 잘 시행하고 시설물에 대한 안정성과 친환경성 등의 대책을 마련하여 주민들에게 적극적으로 알리고, 해당 시설에 대해 주민들이 가지고 있는 부정적인 인식을 개선할 수 있도록 대화와 타협을 잘 활용해야 할 것입니다.#@문장구분#",
      "paragraph_len": 1310,
      "paragraph_id": "001"
    }
  ],
  "score": {
    "paragraph_score": [
      {
        "paragraph_scoreT": [
          3,
          3,
          2.8
        ],
        "paragraph_scoreT_detail": {
          "paragraph_scoreT_exp": [
            [
              3,
              3,
              3
            ],
            [
              3,
              3,
              3
            ],
            [
              2,
              3,
              3
            ]
          ]
        },
        "paragraph_scoreT_avg": 2.9333334,
        "paragraph_id": "001"
      }
    ],
    "essay_scoreT": [
      28.8,
      28.8,
      29.4
    ],
    "essay_scoreT_avg": 29,
    "essay_scoreT_detail": {
      "essay_scoreT_org": [
        [
          3,
          0,
          3,
          3
        ],
        [
          3,
          0,
          3,
          3
        ],
        [
          3,
          0,
          3,
          3
        ]
      ],
      "essay_scoreT_cont": [
        [
          3,
          2,
          3,
          3
        ],
        [
          3,
          2,
          3,
          3
        ],
        [
          3,
          3,
          3,
          3
        ]
      ],
      "essay_scoreT_exp": [
        [
          3,
          3,
          3
        ],
        [
          3,
          3,
          3
        ],
        [
          2,
          3,
          3
        ]
      ]
    }
  },
  "student": {
    "date": "2021.12.13",
    "student_educated": true,
    "student_grade": "고등_1학년",
    "location": "063",
    "student_grade_group": "고등",
    "student_reading": 2
  },
  "rubric": {
    "essay_grade": "고등_1학년",
    "organization_weight": {
      "org_paragraph": 0,
      "org": 3,
      "org_essay": 6,
      "org_coherence": 3,
      "org_quantity": 1
    },
    "essay_type": "대안제시",
    "content_weight": {
      "con_clearance": 3,
      "con_novelty": 3,
      "con": 4,
      "con_prompt": 1,
      "con_description": 3
    },
    "essay_main_subject": "혐오시설 건설문제에 대한 본인의 생각",
    "expression_weight": {
      "exp_style": 4,
      "exp_grammar": 2,
      "exp_vocab": 4,
      "exp": 3
    }
  },
  "correction": [],
  "info": {
    "essay_id": "ESSAY_61000",
    "essay_prompt": " 혐오 시설이란 지역 주민에게 공포감이나 고통을 주거나, 주변 지역의 쾌적성이 훼손됨으로써 집값이나 땅값이 내려가는 등 부정적인 외부효과를 유발하는 시설을 의미합니다.\n\n 대표적인 혐오 시설에는 쓰레기 매립장, 원자력발전소, 소각장, 유류저장소 등이 있습니다.\n\n 매립지, 소각장, 쓰레기 하치장 같은 혐오 시설은 그리 위험하지는 않지만, 쓰레기를 취급한다는 점에서 혐오감을 주며, 주변 환경오염 문제가 갈등을 일으킵니다. 특히 소각장은 인구밀도가 높은 대도시에 건설된다는 점에서 반대 운동이 일기도 합니다.\n\n 그런데 서로 반대만 하다 보면 입지를 찾지 못해 결국 모든 주민의 삶의 질이 저하될 수 있습니다.\n\n 정부 차원에서 가장 적절한 장소를 선별하여 건설 후 주변 사람들에게 혜택을 주는 방식이 적절한 방법일까요? 아니면 혐오 시설만을 모아둔 부지를 따로 정해서 건설해야 할까요? 아니면 모든 도시가 공평하게 혐오 시설 건설에 대한 부담을 지니고 하나씩 건설해야 할까요?\n\n 모두가 만족할만한 결과를 내기란 정말 어려운 문제이지만 여러분이 생각하는 가장 합리적이고 좋은 방법을 생각해보세요. 그리고 그 방법을 대안으로 제시하고 그 근거에 대해 작성해주세요.",
    "essay_type": "대안제시",
    "essay_level": "1",
    "essay_len": 1130,
    "essay_main_subject": "혐오시설 건설문제에 대한 본인의 생각"
  }
}