{
  "paragraph": [
    {
      "paragraph_txt": "남녀 갈등은 늘 있는 우리와도 공기같은 존재라고 할 수 있을거 같다.#@문장구분# 왜냐하면 남녀 갈등은 사람들의 시선으로도 나뉠수 있는 문제 같기 때문이다.#@문장구분# 나는 남녀 갈등은 서로의 성별을 지키며 서로의 선을 넘지않는다면 남녀 갈등이 아닌 그저 사람간의 갈등도 저하 될것이라고 느낀다.#@문장구분# 서로의 선이 어디까지이고 어느 정도인지 알수없다면 기본적인 사람간의 예를 지키면 될거 같다고 본다.#@문장구분# 만약 그것마저 넘는다면 남녀 갈등이 아닌 사람간의 갈등이 매우 심해 질수 도 있다.#@문장구분# 남녀는 성별을 떠나 각각의 사람이기 때문에 남녀 갈등이라고 단정지을 필요는 없는 것이다.#@문장구분# 마치 7살 아이들을 가르치듯 잘못한 것에는 잘못한 것이라고 이야기해주고 그 이야길 들은 사람은 자신의 행동을 조금만 조심하면 서로 좋은 관계 관계를 넘어서 갈등이 잘 나지 않는 국가 즉 세계가 될 것이다.#@문장구분# 이것으로 나의 의견은 그저 남녀 갈등을 남녀라고 결정짓지 말고 그저 하나의 인격체, 사람으로 보아 갈등을 해결하는 것이 낫다 이다.#@문장구분# 어떠한 대안을 확실히 정할 순 없지만 그래도 남녀 갈등을 덜 만들려면 서로의 관심과 서로의 예의, 선을 지키려는 노력이 필요하다.#@문장구분# 이러한 노력으로 남,녀 서로 싸우지 않고 화합하며 서로 협력하는 사회가 왔으면 좋겠다.#@문장구분# 사실 남녀갈등을 자신의 정치적 수단으로 이용하는 정치인들이 정말 문제라고 생각한다.#@문장구분# 보통의 평범한 남자와 여자는 서로 사랑하고 아껴주는 사이이다.#@문장구분# 하지만 자신들의 표를 얻기 위해 분란을 조장하고 서로 싸우게 만드는 그런 정치인들이 문제라고 생각한다.#@문장구분# 이러한 정치인들부터 근절해야한다고 생각한다.#@문장구분# 이러한 문제가 앞으로는 논점화되지않고 남녀 서로 사랑하고 아껴주는 사회가 왔으면 좋겠다.#@문장구분#",
      "paragraph_len": 1131,
      "paragraph_id": "001"
    }
  ],
  "score": {
    "paragraph_score": [
      {
        "paragraph_scoreT": [
          2.6,
          3,
          2.2
        ],
        "paragraph_scoreT_detail": {
          "paragraph_scoreT_exp": [
            [
              3,
              3,
              2
            ],
            [
              3,
              3,
              3
            ],
            [
              3,
              2,
              2
            ]
          ]
        },
        "paragraph_scoreT_avg": 2.6000001,
        "paragraph_id": "001"
      }
    ],
    "essay_scoreT": [
      23.899998,
      26.3,
      23.900002
    ],
    "essay_scoreT_avg": 24.699999,
    "essay_scoreT_detail": {
      "essay_scoreT_org": [
        [
          2,
          0,
          3,
          2
        ],
        [
          2,
          0,
          3,
          2
        ],
        [
          3,
          0,
          2,
          3
        ]
      ],
      "essay_scoreT_cont": [
        [
          3,
          2,
          2,
          2
        ],
        [
          3,
          2,
          2,
          3
        ],
        [
          2,
          2,
          2,
          3
        ]
      ],
      "essay_scoreT_exp": [
        [
          3,
          3,
          2
        ],
        [
          3,
          3,
          3
        ],
        [
          3,
          2,
          2
        ]
      ]
    }
  },
  "student": {
    "date": "2021.12.07",
    "student_educated": true,
    "student_grade": "고등_1학년",
    "location": "041",
    "student_grade_group": "고등",
    "student_reading": 1
  },
  "rubric": {
    "essay_grade": "고등_1학년",
    "organization_weight": {
      "org_paragraph": 0,
      "org": 3,
      "org_essay": 6,
      "org_coherence": 3,
      "org_quantity": 1
    },
    "essay_type": "대안제시",
    "content_weight": {
      "con_clearance": 3,
      "con_novelty": 3,
      "con": 4,
      "con_prompt": 1,
      "con_description": 3
    },
    "essay_main_subject": "남녀 갈등 해결 방안",
    "expression_weight": {
      "exp_style": 4,
      "exp_grammar": 2,
      "exp_vocab": 4,
      "exp": 3
    }
  },
  "correction": [],
  "info": {
    "essay_id": "ESSAY_56060",
    "essay_prompt": " 남녀 갈등은 최근 우리 사회에서 가장 뜨거운 이슈 중 하나입니다. 이러한 갈등은 아직 간극을 좁히지 못하고 현재 사회적인 문제로 자리 잡았습니다.\n\n 군 가산점 문제, 일자리 문제 등 여러 가지 비교 자료들을 토대로 토론을 하고 이를 통해 갈등을 해결하고자 하는 노력이 이루어지고 있습니다.\n\n 과거에는 성차별 심했던 시기가 있었습니다. 여자와 남자를 구별 지어 일을 주는 경우도 많았습니다. 하지만, 현재는 여자와 남자라는 성별을 떠나서 나이, 국적을 불문하고 모두에게 평등한 기회를 주기 위해 노력하고 있습니다.\n\n 이렇게 모두의 노력에도 불구하고 아직 해결되지 않았거나 해결될 기미가 보이지 않는 양성평등 문제가 있을까요?\n\n 아주 작은 사소한 일이라도 좋습니다. 여러분이 생각하는 우리 주변의 양성평등 문제를 하나 작성해보고 어떻게 해결할 수 있을지 혹은 무엇이 바뀌어야 해결될 것 같은지 본인의 생각을 설명해주세요. ",
    "essay_type": "대안제시",
    "essay_level": "1",
    "essay_len": 831,
    "essay_main_subject": "남녀 갈등 해결 방안"
  }
}