{
  "paragraph": [
    {
      "paragraph_txt": "이 글을 쓰기 위해 양성평등에 관한 책을 읽고 부모님의 이야기를 들으면서 눈이 트이기 시작했다.#@문장구분# 아주 사소한 것들, 이를테면 남자들이 여자가 운전하는 것을 탐탁치 못해한다는 것이나 정치인처럼 나라의 중대한 일을 맡는 직위에 있는 여자가 적다는 게 모두 평등하지 못한 예라는 것을 깨달은 것이다.#@문장구분# 그러니 앞서 한 말을 바로 잡자면 나는 남녀차별을 겪거나 보지 못한 것이 아니라 그 것을 겪고 보고 있으면서도 그 사실을 알지 못한 것이다.#@문장구분# 꼭 나뿐 만이 아니더라도 내 주위의 많은 친구들은 그 미묘하지만 분명한 차이를 보지 못하고 있는 듯하다.#@문장구분# 많은 사람이 그 것을 당연하다고 생각하고 정상적으로 여긴다.#@문장구분# 그러나 나중에 나를 비롯한 많은 여성들이 직장에서 불공평한 대우를 받거나 승진이 어려운 지금의 현실을 그대로 겪게 되는 것은 바라지도 않고 있어서는 안 될 일이다.#@문장구분# 그러므로 남녀차별에 대한 여성들의 대책이 즐비한 지금, 대안을 제시 해보자.#@문장구분# 틀에 박힌 남성상여성상을 버리자.#@문장구분# 우리들이 쉽게 떠올릴 수 있는 남성상은 활발하고 혈기왕성한 이미지와 대담하고 굳센 모습이다.#@문장구분# 반면 여성상의 대표적인 예는 얌전하고 성실하며 따뜻하고 지혜로운 이미지인 데다가 정신적인 면보다는 육체미가 강조된다.#@문장구분# 만일 여자가 앞에 말한 남성상을 강하게 지녔다면 \"계집애가 조신하지 못하군.\", \"정말 못 말리는 여자애야!\" 등의 많은 핀잔을 듣게 된다.#@문장구분# 이것은 여성뿐만이 아니라 남성에게도 해당되는 대표적인 남녀차별이다.#@문장구분# 핑크색의 아기자기한 옷과 장난감들을 좋아하는 어린 남동생을 보며 \"저 애는 남자애가 무슨 여자애 같아?\"하고 낄낄거렸던 나도 남녀차별을 했던 것이다.#@문장구분# 그리고 함부로 사내대장부라는 말을 들먹이고 남자라는 이유로 약간의 물러섬을 비웃는 행위 또한 당사자에게는 자칫 큰 불만으로 이어질 수 있다.#@문장구분# 남자는 이래야 하고 여자는 이래야 하는 잘못된 옛 법칙을 순화시키고 바꾸어야 하는데 아직 그 것이 완전히 이루어지지 않아 걱정이다.#@문장구분# 남성상여성상을 따지는 대신 조화로운 중성상을 강조한다면 더 평등하고 발전된 사회가 될 수 있을 것이다.#@문장구분#  언젠가 많은 사람들의 노력으로 남녀가 매달린 천칭이 수평이 될 것이라고 믿는다.#@문장구분# 꼭 그렇게 되길 바라는 마음이다.#@문장구분#",
      "paragraph_len": 1452,
      "paragraph_id": "001"
    }
  ],
  "score": {
    "paragraph_score": [
      {
        "paragraph_scoreT": [
          3,
          3,
          3
        ],
        "paragraph_scoreT_detail": {
          "paragraph_scoreT_exp": [
            [
              3,
              3,
              3
            ],
            [
              3,
              3,
              3
            ],
            [
              3,
              3,
              3
            ]
          ]
        },
        "paragraph_scoreT_avg": 3,
        "paragraph_id": "001"
      }
    ],
    "essay_scoreT": [
      30,
      28.4,
      30
    ],
    "essay_scoreT_avg": 29.466667,
    "essay_scoreT_detail": {
      "essay_scoreT_org": [
        [
          3,
          0,
          3,
          3
        ],
        [
          3,
          0,
          3,
          3
        ],
        [
          3,
          0,
          3,
          3
        ]
      ],
      "essay_scoreT_cont": [
        [
          3,
          3,
          3,
          3
        ],
        [
          3,
          2,
          2,
          3
        ],
        [
          3,
          3,
          3,
          3
        ]
      ],
      "essay_scoreT_exp": [
        [
          3,
          3,
          3
        ],
        [
          3,
          3,
          3
        ],
        [
          3,
          3,
          3
        ]
      ]
    }
  },
  "student": {
    "date": "2021.12.13",
    "student_educated": true,
    "student_grade": "고등_1학년",
    "location": "063",
    "student_grade_group": "고등",
    "student_reading": 2
  },
  "rubric": {
    "essay_grade": "고등_1학년",
    "organization_weight": {
      "org_paragraph": 0,
      "org": 3,
      "org_essay": 6,
      "org_coherence": 3,
      "org_quantity": 1
    },
    "essay_type": "대안제시",
    "content_weight": {
      "con_clearance": 3,
      "con_novelty": 3,
      "con": 4,
      "con_prompt": 1,
      "con_description": 3
    },
    "essay_main_subject": "남녀 갈등 해결 방안",
    "expression_weight": {
      "exp_style": 4,
      "exp_grammar": 2,
      "exp_vocab": 4,
      "exp": 3
    }
  },
  "correction": [],
  "info": {
    "essay_id": "ESSAY_62457",
    "essay_prompt": " 남녀 갈등은 최근 우리 사회에서 가장 뜨거운 이슈 중 하나입니다. 이러한 갈등은 아직 간극을 좁히지 못하고 현재 사회적인 문제로 자리 잡았습니다.\n\n 군 가산점 문제, 일자리 문제 등 여러 가지 비교 자료들을 토대로 토론을 하고 이를 통해 갈등을 해결하고자 하는 노력이 이루어지고 있습니다.\n\n 과거에는 성차별 심했던 시기가 있었습니다. 여자와 남자를 구별 지어 일을 주는 경우도 많았습니다. 하지만, 현재는 여자와 남자라는 성별을 떠나서 나이, 국적을 불문하고 모두에게 평등한 기회를 주기 위해 노력하고 있습니다.\n\n 이렇게 모두의 노력에도 불구하고 아직 해결되지 않았거나 해결될 기미가 보이지 않는 양성평등 문제가 있을까요?\n\n 아주 작은 사소한 일이라도 좋습니다. 여러분이 생각하는 우리 주변의 양성평등 문제를 하나 작성해보고 어떻게 해결할 수 있을지 혹은 무엇이 바뀌어야 해결될 것 같은지 본인의 생각을 설명해주세요. ",
    "essay_type": "대안제시",
    "essay_level": "1",
    "essay_len": 1088,
    "essay_main_subject": "남녀 갈등 해결 방안"
  }
}