{
  "paragraph": [
    {
      "paragraph_txt": "현대사회에 산업의 발달과 과학의 발전으로 인해 쓰레기는 급증하고 있으며 이러한 쓰레기를 매립, 또는 소각을 해야 할 문제가 발생하고 있다.#@문장구분# 넘쳐나는 쓰레기 처리를 위해서는 일부 지역에 쓰레기 매립장이나 소각장을 설립해야 하지만 지역 주민들의 반발로 인하여 이러한 혐오시설의 건립이 쉽지만은 않은 실정이다.#@문장구분# 쓰레기 매립장 설립시 해당 지역의 주택 가격의 하락으로 인해 지역주민의 민원이 발생하며, 악취와 소음으로 인한 피해가 발생되므로 충분한 보상과 그에 대한 대책이 필요할 것이다.#@문장구분# 매립지 주변 주민들이 희생하는 것은 그만큼 다른 지역 주민들에게 이익이 가는 것인데, 이 이익을 매립지 주변 주민들에게 돌아갈 수 있도록 해야한다.#@문장구분# 지자체에서는 진정성 있는 자세로 주민과 타협하여 주민들이 원하는 방향으로 매립지가 운영될 수 있도록 참여하고 감시해야 한다.#@문장구분# 쓰레기 매립장을 미술관이나 전시회장 같은 문화 체험 공간으로 변화시키면 좋을 것 같다.#@문장구분# 쓰레기 소각의 역할은 수행하지만 해당 시설의 외관을 아름답게 꾸며놓고 전시관을 만들어 놓는다면 보다 친숙하게 해당시설에 대해 인식할 수 있을 것이다.#@문장구분# 또한 근본적으로 쓰레기 분리수거를 장려하여 배출되는 쓰레기 양을 줄여야 한다.#@문장구분# 아파트나 가구 단위로 분리수거가 잘 되는 지역 주민에게는 쓰레기봉투 지급이나 재활용 분리수거용 가방 등을 지급해주는 등의 소소한 혜택으로도 주민들이 조금 더 관심을 가질 수 있을 것이다.#@문장구분# 그렇게 분리수거 문제의 개선으로 쓰레기 양이 줄어든다면 쓰레기 매립장이나 소각장등의 혐오시설도 줄어 들 수 있을 것이다.#@문장구분# 이러한 혐오시설이 결국은 우리에게 꼭 있어야만 하는 필요 시설이기에 무조건적인 시설의 건립 반대보다는 서로 이해하고 대화를 통한 해결이 필요할 것이다.#@문장구분# 우리는 지금부터라도 불필요한 쓰레기 양을 줄이고 분리수거를 철저히 하여 깨끗하고 쾌적한 환경이 될 수 있도록 작은 실천을 해야할 것이다.#@문장구분#",
      "paragraph_len": 1174,
      "paragraph_id": "001"
    }
  ],
  "score": {
    "paragraph_score": [
      {
        "paragraph_scoreT": [
          3,
          3,
          3
        ],
        "paragraph_scoreT_detail": {
          "paragraph_scoreT_exp": [
            [
              3,
              3,
              3
            ],
            [
              3,
              3,
              3
            ],
            [
              3,
              3,
              3
            ]
          ]
        },
        "paragraph_scoreT_avg": 3,
        "paragraph_id": "001"
      }
    ],
    "essay_scoreT": [
      28.5,
      28.4,
      30
    ],
    "essay_scoreT_avg": 28.966667,
    "essay_scoreT_detail": {
      "essay_scoreT_org": [
        [
          3,
          0,
          3,
          2
        ],
        [
          3,
          0,
          3,
          3
        ],
        [
          3,
          0,
          3,
          3
        ]
      ],
      "essay_scoreT_cont": [
        [
          3,
          2,
          3,
          3
        ],
        [
          3,
          2,
          2,
          3
        ],
        [
          3,
          3,
          3,
          3
        ]
      ],
      "essay_scoreT_exp": [
        [
          3,
          3,
          3
        ],
        [
          3,
          3,
          3
        ],
        [
          3,
          3,
          3
        ]
      ]
    }
  },
  "student": {
    "date": "2021.11.29",
    "student_educated": true,
    "student_grade": "고등_1학년",
    "location": "063",
    "student_grade_group": "고등",
    "student_reading": 2
  },
  "rubric": {
    "essay_grade": "고등_1학년",
    "organization_weight": {
      "org_paragraph": 0,
      "org": 3,
      "org_essay": 6,
      "org_coherence": 3,
      "org_quantity": 1
    },
    "essay_type": "대안제시",
    "content_weight": {
      "con_clearance": 3,
      "con_novelty": 3,
      "con": 4,
      "con_prompt": 1,
      "con_description": 3
    },
    "essay_main_subject": "혐오시설 건설문제에 대한 본인의 생각",
    "expression_weight": {
      "exp_style": 4,
      "exp_grammar": 2,
      "exp_vocab": 4,
      "exp": 3
    }
  },
  "correction": [],
  "info": {
    "essay_id": "ESSAY_53459",
    "essay_prompt": " 혐오 시설이란 지역 주민에게 공포감이나 고통을 주거나, 주변 지역의 쾌적성이 훼손됨으로써 집값이나 땅값이 내려가는 등 부정적인 외부효과를 유발하는 시설을 의미합니다.\n\n 대표적인 혐오 시설에는 쓰레기 매립장, 원자력발전소, 소각장, 유류저장소 등이 있습니다.\n\n 매립지, 소각장, 쓰레기 하치장 같은 혐오 시설은 그리 위험하지는 않지만, 쓰레기를 취급한다는 점에서 혐오감을 주며, 주변 환경오염 문제가 갈등을 일으킵니다. 특히 소각장은 인구밀도가 높은 대도시에 건설된다는 점에서 반대 운동이 일기도 합니다.\n\n 그런데 서로 반대만 하다 보면 입지를 찾지 못해 결국 모든 주민의 삶의 질이 저하될 수 있습니다.\n\n 정부 차원에서 가장 적절한 장소를 선별하여 건설 후 주변 사람들에게 혜택을 주는 방식이 적절한 방법일까요? 아니면 혐오 시설만을 모아둔 부지를 따로 정해서 건설해야 할까요? 아니면 모든 도시가 공평하게 혐오 시설 건설에 대한 부담을 지니고 하나씩 건설해야 할까요?\n\n 모두가 만족할만한 결과를 내기란 정말 어려운 문제이지만 여러분이 생각하는 가장 합리적이고 좋은 방법을 생각해보세요. 그리고 그 방법을 대안으로 제시하고 그 근거에 대해 작성해주세요.",
    "essay_type": "대안제시",
    "essay_level": "1",
    "essay_len": 934,
    "essay_main_subject": "혐오시설 건설문제에 대한 본인의 생각"
  }
}