{
  "paragraph": [
    {
      "paragraph_txt": "인구가 늘어남으로써 쓰레기는 계속 급증할 것이고 언젠가는 매립 또는 소각을 해야 할 문제가 발생할 것이다.#@문장구분# 그렇기에 쓰레기 소각지를 만드는 것에 대한 문제보단 쓰레기 소각지가 생겨남으로써 \n 생겨나는 여러 가지 환경 문제에 초점을 맞추고 해결을 해야 한다.#@문장구분#",
      "paragraph_len": 183,
      "paragraph_id": "001"
    },
    {
      "paragraph_txt": "  해결방안으로는 첫째, 쓰레기 소각지 인근 주변에 사는 곳에서 쓰레기 소각지가 있는 곳으로 돈을 준다든지, 집세가 떨어지는게 우려가 된다면 소각장의 수입금의 일부를 주는 등의 금전적 보상을 이러한 문제로 이러한 문제를 해결할 수 있다.#@문장구분# 둘째, 공기 정화 시스템을 쓰레기 소각지 내에 설치한다.#@문장구분# 쓰레기 소각으로 인한 냄새와 악취들을 잡아낼 수 있는 시스템을 공장 안에 설치해 이러한 문제를 해결할 수 있다.#@문장구분#",
      "paragraph_len": 287,
      "paragraph_id": "002"
    },
    {
      "paragraph_txt": " 셋째, 쓰레기 소각장을 설치할 때 주택가, 학원가를 벗어나 지어야 한다.#@문장구분#",
      "paragraph_len": 61,
      "paragraph_id": "003"
    },
    {
      "paragraph_txt": " 지을 때부터 우리가 자주 다니고 위치하는 곳에 쓰레기 소각장이 없다면 이러한 피해, 그리고 냄새와 소각할 때의 소음 등의 문제가 조금은 감소할 것이다.#@문장구분# 넷째, 관광시설, 편의시설과 같은 시설을 짓는다.#@문장구분# 백화점이나 편의시설 그리고 관광시설이 생긴다면 지역 경제를 활성화할 수 있는 것은 물론이고, 발전도 시킬 수 있다.#@문장구분# 그리고 쓰레기 매각지라는 인식보단 유명한 관광 장소 혹은 편의시설이 있는 곳과 같이 인식이 바뀌기 때문에 쓰레기 매각지가 있는 안좋은 인식을 벗어나서 관광 장소와 같은 좋은 인식과 이미지를 줄 수 있다.#@문장구분# ",
      "paragraph_len": 373,
      "paragraph_id": "004"
    },
    {
      "paragraph_txt": "  이렇게 문제를 해결하다 보면 쓰레기가 줄어 쓰레기 문제와 쓰레기 소각할 때의 냄새 그리고 인근 지역에 위치한 사람들의 피해를 줄일 수 있고, 관광 명소가 생겨남으로써 지역경제가 활성화되는 등 일석이조의 느낌으로 문제를 해결할 수 있다.#@문장구분#",
      "paragraph_len": 153,
      "paragraph_id": "005"
    }
  ],
  "score": {
    "paragraph_score": [
      {
        "paragraph_scoreT": [
          2.8,
          3,
          2.4
        ],
        "paragraph_scoreT_detail": {
          "paragraph_scoreT_exp": [
            [
              2,
              3,
              3
            ],
            [
              3,
              3,
              3
            ],
            [
              2,
              3,
              2
            ]
          ]
        },
        "paragraph_scoreT_avg": 2.7333336,
        "paragraph_id": "001"
      },
      {
        "paragraph_scoreT": [
          2,
          3,
          2.4
        ],
        "paragraph_scoreT_detail": {
          "paragraph_scoreT_exp": [
            [
              2,
              2,
              2
            ],
            [
              3,
              3,
              3
            ],
            [
              2,
              3,
              2
            ]
          ]
        },
        "paragraph_scoreT_avg": 2.4666667,
        "paragraph_id": "002"
      },
      {
        "paragraph_scoreT": [
          2,
          3,
          2.4
        ],
        "paragraph_scoreT_detail": {
          "paragraph_scoreT_exp": [
            [
              2,
              2,
              2
            ],
            [
              3,
              3,
              3
            ],
            [
              2,
              3,
              2
            ]
          ]
        },
        "paragraph_scoreT_avg": 2.4666667,
        "paragraph_id": "003"
      },
      {
        "paragraph_scoreT": [
          1.6,
          3,
          2.4
        ],
        "paragraph_scoreT_detail": {
          "paragraph_scoreT_exp": [
            [
              2,
              2,
              1
            ],
            [
              3,
              3,
              3
            ],
            [
              2,
              3,
              2
            ]
          ]
        },
        "paragraph_scoreT_avg": 2.3333333,
        "paragraph_id": "004"
      },
      {
        "paragraph_scoreT": [
          1.6,
          3,
          2.4
        ],
        "paragraph_scoreT_detail": {
          "paragraph_scoreT_exp": [
            [
              2,
              2,
              1
            ],
            [
              3,
              3,
              3
            ],
            [
              2,
              3,
              2
            ]
          ]
        },
        "paragraph_scoreT_avg": 2.3333333,
        "paragraph_id": "005"
      }
    ],
    "essay_scoreT": [
      18.2,
      28.8,
      22.800001
    ],
    "essay_scoreT_avg": 23.266668,
    "essay_scoreT_detail": {
      "essay_scoreT_org": [
        [
          2,
          0,
          1,
          3
        ],
        [
          3,
          0,
          3,
          3
        ],
        [
          2,
          0,
          2,
          2
        ]
      ],
      "essay_scoreT_cont": [
        [
          2,
          2,
          2,
          2
        ],
        [
          3,
          2,
          3,
          3
        ],
        [
          3,
          2,
          3,
          2
        ]
      ],
      "essay_scoreT_exp": [
        [
          2,
          2,
          1
        ],
        [
          3,
          3,
          3
        ],
        [
          2,
          3,
          2
        ]
      ]
    }
  },
  "student": {
    "date": "2021.09.07",
    "student_educated": true,
    "student_grade": "고등_1학년",
    "location": "051",
    "student_grade_group": "고등",
    "student_reading": 1
  },
  "rubric": {
    "essay_grade": "고등_1학년",
    "organization_weight": {
      "org_paragraph": 0,
      "org": 3,
      "org_essay": 6,
      "org_coherence": 3,
      "org_quantity": 1
    },
    "essay_type": "대안제시",
    "content_weight": {
      "con_clearance": 3,
      "con_novelty": 3,
      "con": 4,
      "con_prompt": 1,
      "con_description": 3
    },
    "essay_main_subject": "혐오시설 건설문제에 대한 본인의 생각",
    "expression_weight": {
      "exp_style": 4,
      "exp_grammar": 2,
      "exp_vocab": 4,
      "exp": 3
    }
  },
  "correction": [],
  "info": {
    "essay_id": "ESSAY_34938",
    "essay_prompt": " 혐오 시설이란 지역 주민에게 공포감이나 고통을 주거나, 주변 지역의 쾌적성이 훼손됨으로써 집값이나 땅값이 내려가는 등 부정적인 외부효과를 유발하는 시설을 의미합니다.\n\n 대표적인 혐오 시설에는 쓰레기 매립장, 원자력발전소, 소각장, 유류저장소 등이 있습니다.\n\n 매립지, 소각장, 쓰레기 하치장 같은 혐오 시설은 그리 위험하지는 않지만, 쓰레기를 취급한다는 점에서 혐오감을 주며, 주변 환경오염 문제가 갈등을 일으킵니다. 특히 소각장은 인구밀도가 높은 대도시에 건설된다는 점에서 반대 운동이 일기도 합니다.\n\n 그런데 서로 반대만 하다 보면 입지를 찾지 못해 결국 모든 주민의 삶의 질이 저하될 수 있습니다.\n\n 정부 차원에서 가장 적절한 장소를 선별하여 건설 후 주변 사람들에게 혜택을 주는 방식이 적절한 방법일까요? 아니면 혐오 시설만을 모아둔 부지를 따로 정해서 건설해야 할까요? 아니면 모든 도시가 공평하게 혐오 시설 건설에 대한 부담을 지니고 하나씩 건설해야 할까요?\n\n 모두가 만족할만한 결과를 내기란 정말 어려운 문제이지만 여러분이 생각하는 가장 합리적이고 좋은 방법을 생각해보세요. 그리고 그 방법을 대안으로 제시하고 그 근거에 대해 작성해주세요.",
    "essay_type": "대안제시",
    "essay_level": "1",
    "essay_len": 845,
    "essay_main_subject": "혐오시설 건설문제에 대한 본인의 생각"
  }
}