{
  "paragraph": [
    {
      "paragraph_txt": "혐오시설이라 하는 쓰레기 매립지, 소각장, 등 혐오 시설 건설문제는 즉 님비 상황으로 이어지게 되어있다.#@문장구분# 대부분의 사람들은 쓰레기와 관련된 것이랑 같이 생활하는 것을 싫어하고 원자력 발전소와 같은 위험한 건축물과 함께 살아가는 것 등 혐오시설은 자신의 삶의 질을 떨어트리는 건축물이라고 생각하기 때문에 님비 현상이 나타나는 것을 당연한 일이다.#@문장구분# 이러한 님비 현상Not in my backyard(NIMBY)을 해결하는 가장 좋은 방법은 주민과 지역과의 대화를 하여 필요한 요소를 보충하는 형태가 가장 좋다.#@문장구분# 시설은 사람이 별로 없는 지역에다가 설치해야 한다.#@문장구분# 물론 이때 소수의 사람이 희생 하지만 이 사람들에게 혜택을 줄 때 자본이 덜 들기 때문이다.#@문장구분# 그럼 무슨 혜택을 주어야 할까? #@문장구분#나는 매달 손해비를 주어야 한다고 생각한다.#@문장구분# 이때 손해비는 세금으로 주는 것이 아닌 쓰레기 매립지. 소각장 등을 다른 지역에서 사용할 때 다른 지역에서 돈을 내고 사용하도록 하고 이 돈으로 손해비를 주는 것이다.#@문장구분# 교도소 역시 혐오시설로 님비효과Not in my backyard(NIMBY) 가 나타나는 시설이지만 상업이 죽은 지역에 교도소와 같은 시설을 만든다면 그 지역 상업이 조금이나마 상승하는 효과를 주기 때문에 효과적으로 설치하여 해결할 수 있다.#@문장구분# 교도소뿐만 아니라 공항, 기차역 또한 상업이 죽은 곳에 위치하면 효과적으로 작용 할 것이다.#@문장구분# 돈 뿐아니라 세금감면도 해주고 건강도 신경줘야한다.#@문장구분# 또 사람이 살지 않는 지역에 설치하는 것이다.#@문장구분# 예를 들어 산속에다가 짓는 것이다.#@문장구분# 이렇게 되면 피해 받는 사람이 없고 피해받는 사람이 없기 때문에 보상을 안해줘도 되고 안해주면 돈을 아낄수 있다.#@문장구분# 그런데 또 생태계 파괴 어쩌고 하면서 환경단체들이 들고일어날 것이다. #@문장구분#누구에게나 만족은 없는거 같다.#@문장구분# 공익을 위한 것이니 만큼 서로서로 양보하고 좋은 합의점을 찾아야 겠다.#@문장구분#",
      "paragraph_len": 1265,
      "paragraph_id": "001"
    }
  ],
  "score": {
    "paragraph_score": [
      {
        "paragraph_scoreT": [
          3,
          3,
          2.4
        ],
        "paragraph_scoreT_detail": {
          "paragraph_scoreT_exp": [
            [
              3,
              3,
              3
            ],
            [
              3,
              3,
              3
            ],
            [
              2,
              2,
              3
            ]
          ]
        },
        "paragraph_scoreT_avg": 2.8,
        "paragraph_id": "001"
      }
    ],
    "essay_scoreT": [
      30,
      28.8,
      27
    ],
    "essay_scoreT_avg": 28.6,
    "essay_scoreT_detail": {
      "essay_scoreT_org": [
        [
          3,
          0,
          3,
          3
        ],
        [
          3,
          0,
          3,
          3
        ],
        [
          3,
          0,
          3,
          3
        ]
      ],
      "essay_scoreT_cont": [
        [
          3,
          3,
          3,
          3
        ],
        [
          3,
          2,
          3,
          3
        ],
        [
          2,
          3,
          3,
          3
        ]
      ],
      "essay_scoreT_exp": [
        [
          3,
          3,
          3
        ],
        [
          3,
          3,
          3
        ],
        [
          2,
          2,
          3
        ]
      ]
    }
  },
  "student": {
    "date": "2021.12.05",
    "student_educated": true,
    "student_grade": "고등_1학년",
    "location": "063",
    "student_grade_group": "고등",
    "student_reading": 1
  },
  "rubric": {
    "essay_grade": "고등_1학년",
    "organization_weight": {
      "org_paragraph": 0,
      "org": 3,
      "org_essay": 6,
      "org_coherence": 3,
      "org_quantity": 1
    },
    "essay_type": "대안제시",
    "content_weight": {
      "con_clearance": 3,
      "con_novelty": 3,
      "con": 4,
      "con_prompt": 1,
      "con_description": 3
    },
    "essay_main_subject": "혐오시설 건설문제에 대한 본인의 생각",
    "expression_weight": {
      "exp_style": 4,
      "exp_grammar": 2,
      "exp_vocab": 4,
      "exp": 3
    }
  },
  "correction": [],
  "info": {
    "essay_id": "ESSAY_56502",
    "essay_prompt": " 혐오 시설이란 지역 주민에게 공포감이나 고통을 주거나, 주변 지역의 쾌적성이 훼손됨으로써 집값이나 땅값이 내려가는 등 부정적인 외부효과를 유발하는 시설을 의미합니다.\n\n 대표적인 혐오 시설에는 쓰레기 매립장, 원자력발전소, 소각장, 유류저장소 등이 있습니다.\n\n 매립지, 소각장, 쓰레기 하치장 같은 혐오 시설은 그리 위험하지는 않지만, 쓰레기를 취급한다는 점에서 혐오감을 주며, 주변 환경오염 문제가 갈등을 일으킵니다. 특히 소각장은 인구밀도가 높은 대도시에 건설된다는 점에서 반대 운동이 일기도 합니다.\n\n 그런데 서로 반대만 하다 보면 입지를 찾지 못해 결국 모든 주민의 삶의 질이 저하될 수 있습니다.\n\n 정부 차원에서 가장 적절한 장소를 선별하여 건설 후 주변 사람들에게 혜택을 주는 방식이 적절한 방법일까요? 아니면 혐오 시설만을 모아둔 부지를 따로 정해서 건설해야 할까요? 아니면 모든 도시가 공평하게 혐오 시설 건설에 대한 부담을 지니고 하나씩 건설해야 할까요?\n\n 모두가 만족할만한 결과를 내기란 정말 어려운 문제이지만 여러분이 생각하는 가장 합리적이고 좋은 방법을 생각해보세요. 그리고 그 방법을 대안으로 제시하고 그 근거에 대해 작성해주세요.",
    "essay_type": "대안제시",
    "essay_level": "1",
    "essay_len": 925,
    "essay_main_subject": "혐오시설 건설문제에 대한 본인의 생각"
  }
}