{
  "paragraph": [
    {
      "paragraph_txt": "요즘 한국 사회는 남성은 남성대로 여성에게 불평등 하다고 느끼고있고 여성은 여성대로 남성에게 불평등 하다고 느끼면서 살아가고 있다.#@문장구분# 성범죄 사건이 일어나면 많은 여성이 남성을 이 사건의 범인이다라고 낙인을 찍어서 남성들은 자신이 범죄자가 아니라고 해명을 하는일도 벌어지고 있고 \"남성\"이라는 성별프레임으로 인해 피해자인 여성인 사건을 볼떄마다 여성은 남성을 적대시하는 것같다.#@문장구분#\n 그뿐만 아니라 특정 사건을 단순히 남성이라는 이유로 \"남자가 때렸다\" 또는 \"여자이기에 맞은 것이다.\"라고 보는 사회인만큼 여성이 '사회적으로 약한 위치' 라는걸 각인 시켜 남녀갈등을 유발하는 것이 아닐까싶다.#@문장구분# 이러한 남녀갈등을 해결할려면 먼저 남녀간의 단절이 아닌 남녀 간 소통이 필요한 것같다.#@문장구분# 남녀가 서로를 성별 프레임을 씌워서 생각하기 때문에 그로 인해 남녀갈등이 발생했다고 볼 수 있다.#@문장구분# 남자 입장에서 여성에 대한 목소리를 내고 있기도 하며, 여성도 마찬가지다.#@문장구분# 남성과 여성이 건전하게 소통할 수 있는 다양한 방법을 찾아서 사회적 합의를 끌어낼 수 있는 방안을 고민해봐야 한다.#@문장구분# 성별간의 불합리성에 대하여 주관적이아닌 객관적인 시각으로 말이다.#@문장구분# 또 여성에 치중된 정책 및 제도에 초점을 맞추지말고, 남성과 여성에 대한 여러 관점에서 정책을 수립해야한다.#@문장구분# 남녀간의 문제를 해결하기 위해선 남성만의 입장이나 여성만의 입장에서 접근하면 안되고 여성이 주가 돼서 일방적으로 문제를 해결하기 보단 남성과 여성을 동등하게 봐야한다.#@문장구분# 앞으로 더 많은 사람들의 인식이 개선이 돼 남녀차별 없는 사회가 빨리 와서 서로 사랑하고 아껴주는 사회가 됐으면 좋겠다.#@문장구분#",
      "paragraph_len": 1020,
      "paragraph_id": "001"
    }
  ],
  "score": {
    "paragraph_score": [
      {
        "paragraph_scoreT": [
          3,
          3,
          3
        ],
        "paragraph_scoreT_detail": {
          "paragraph_scoreT_exp": [
            [
              3,
              3,
              3
            ],
            [
              3,
              3,
              3
            ],
            [
              3,
              3,
              3
            ]
          ]
        },
        "paragraph_scoreT_avg": 3,
        "paragraph_id": "001"
      }
    ],
    "essay_scoreT": [
      30,
      28.8,
      28.5
    ],
    "essay_scoreT_avg": 29.1,
    "essay_scoreT_detail": {
      "essay_scoreT_org": [
        [
          3,
          0,
          3,
          3
        ],
        [
          3,
          0,
          3,
          3
        ],
        [
          3,
          0,
          3,
          2
        ]
      ],
      "essay_scoreT_cont": [
        [
          3,
          3,
          3,
          3
        ],
        [
          3,
          2,
          3,
          3
        ],
        [
          3,
          2,
          3,
          3
        ]
      ],
      "essay_scoreT_exp": [
        [
          3,
          3,
          3
        ],
        [
          3,
          3,
          3
        ],
        [
          3,
          3,
          3
        ]
      ]
    }
  },
  "student": {
    "date": "2021.10.24",
    "student_educated": true,
    "student_grade": "고등_1학년",
    "location": "063",
    "student_grade_group": "고등",
    "student_reading": 1
  },
  "rubric": {
    "essay_grade": "고등_1학년",
    "organization_weight": {
      "org_paragraph": 0,
      "org": 3,
      "org_essay": 6,
      "org_coherence": 3,
      "org_quantity": 1
    },
    "essay_type": "대안제시",
    "content_weight": {
      "con_clearance": 3,
      "con_novelty": 3,
      "con": 4,
      "con_prompt": 1,
      "con_description": 3
    },
    "essay_main_subject": "남녀 갈등 해결 방안",
    "expression_weight": {
      "exp_style": 4,
      "exp_grammar": 2,
      "exp_vocab": 4,
      "exp": 3
    }
  },
  "correction": [],
  "info": {
    "essay_id": "ESSAY_43931",
    "essay_prompt": " 남녀 갈등은 최근 우리 사회에서 가장 뜨거운 이슈 중 하나입니다. 이러한 갈등은 아직 간극을 좁히지 못하고 현재 사회적인 문제로 자리 잡았습니다.\n\n 군 가산점 문제, 일자리 문제 등 여러 가지 비교 자료들을 토대로 토론을 하고 이를 통해 갈등을 해결하고자 하는 노력이 이루어지고 있습니다.\n\n 과거에는 성차별 심했던 시기가 있었습니다. 여자와 남자를 구별 지어 일을 주는 경우도 많았습니다. 하지만, 현재는 여자와 남자라는 성별을 떠나서 나이, 국적을 불문하고 모두에게 평등한 기회를 주기 위해 노력하고 있습니다.\n\n 이렇게 모두의 노력에도 불구하고 아직 해결되지 않았거나 해결될 기미가 보이지 않는 양성평등 문제가 있을까요?\n\n 아주 작은 사소한 일이라도 좋습니다. 여러분이 생각하는 우리 주변의 양성평등 문제를 하나 작성해보고 어떻게 해결할 수 있을지 혹은 무엇이 바뀌어야 해결될 것 같은지 본인의 생각을 설명해주세요. ",
    "essay_type": "대안제시",
    "essay_level": "1",
    "essay_len": 800,
    "essay_main_subject": "남녀 갈등 해결 방안"
  }
}