{
  "paragraph": [
    {
      "paragraph_txt": "지난 여름 전주시가 2주정도 쓰레기 대란에 시달렸었다.#@문장구분# 주민지역협회가 정상적인 쓰레기 반입을 방해하면서 시작된 결과이다.#@문장구분# 쓰레기를 받아들이는 대신 해당 지역에 주민지원금을 준다며 3개의 협의체가 제안하는 액수가 16억원에 달한다.#@문장구분# 전주시의회가 위원회를 만들어 협의에 나섯지만 쉽지만은 안았다.#@문장구분# 시의회가 순순히 협의체의 말을 들어 줘야했지만 협의체 의도대로 위원을 선정하지 않고 제안을 받아들이지 않았다.#@문장구분# 제안을 순순히 받아 들였더라면 이러한 상황까지는 오지 않았을 것이다.#@문장구분# 생활폐기물 235t 중에서 50%만 수거 되었고 그 반은 수거가 되지 않았다고 한다.#@문장구분# 이러한 상황 때문에 전주시 골목골목 또 아파트 단지 쓰레기 장에는 생활 쓰레기들이 쌓여 있었다.#@문장구분# 이유를 몰랐던전주시 사람들은 싸여가는 쓰레기를 보며 눈살을 찌푸리고 행정을 욕하고 미관상.냄새로 많은 불평을 쏟아 내고 불쾌해 했다.#@문장구분# 우리는 2주간의 시간인데 쓰레기 매립장 소각장이 있는 주민들은 매일매일 쓰레기 차들이 지나다니고 내집앞에 서 처리하는 걸 보고 얼마나 힘들 었을지 조금이나마 짐작이 간다.#@문장구분# 여기서 생각나는 것이 님비(NIMBY) 현상은 '내 뒷마당에서는 안 된다(Not In My Backyard)'님비 현상이다 .#@문장구분# 참 이기적인 생각 같다#@문장구분# 지역주민들이 좀 더 나은 곳에서 살아갈 수 있고 지역 주민들에게 공포감이나 고통을 주지 않고, 주변 지역의 쾌적함이 훼손되지 않을 것이다.#@문장구분# 이러한 혐오시설을 바꾸기 위해서는 지역 주민들의 많은 노력과 끈기가 필요하다.#@문장구분# 포기하지 않는다면 전북 전주시는 쾌적한 곳으로 바꾸어야 할것이다.#@문장구분# 또 그만한 보상이 뒤따라야 할 것이다#@문장구분#정부 차원에서 가장 적절한 장소를 선별하여 건설 후 주변 사람들에게 혜택을 주는 방식이 적절한 방법할텐데 이게 지자체로 가거나 하면 안돼고 직접적으로 손해를 보고 불편함을 격는 주민이 보상 받아야 할것이다#@문장구분#",
      "paragraph_len": 1255,
      "paragraph_id": "001"
    }
  ],
  "score": {
    "paragraph_score": [
      {
        "paragraph_scoreT": [
          3,
          2.4,
          2.4
        ],
        "paragraph_scoreT_detail": {
          "paragraph_scoreT_exp": [
            [
              3,
              3,
              3
            ],
            [
              2,
              2,
              3
            ],
            [
              2,
              3,
              2
            ]
          ]
        },
        "paragraph_scoreT_avg": 2.6000001,
        "paragraph_id": "001"
      }
    ],
    "essay_scoreT": [
      30,
      27.3,
      28.2
    ],
    "essay_scoreT_avg": 28.5,
    "essay_scoreT_detail": {
      "essay_scoreT_org": [
        [
          3,
          0,
          3,
          3
        ],
        [
          3,
          0,
          2,
          3
        ],
        [
          3,
          0,
          3,
          3
        ]
      ],
      "essay_scoreT_cont": [
        [
          3,
          3,
          3,
          3
        ],
        [
          3,
          2,
          3,
          3
        ],
        [
          3,
          3,
          3,
          3
        ]
      ],
      "essay_scoreT_exp": [
        [
          3,
          3,
          3
        ],
        [
          2,
          3,
          3
        ],
        [
          2,
          3,
          2
        ]
      ]
    }
  },
  "student": {
    "date": "2021.12.09",
    "student_educated": true,
    "student_grade": "고등_1학년",
    "location": "063",
    "student_grade_group": "고등",
    "student_reading": 2
  },
  "rubric": {
    "essay_grade": "고등_1학년",
    "organization_weight": {
      "org_paragraph": 0,
      "org": 3,
      "org_essay": 6,
      "org_coherence": 3,
      "org_quantity": 1
    },
    "essay_type": "대안제시",
    "content_weight": {
      "con_clearance": 3,
      "con_novelty": 3,
      "con": 4,
      "con_prompt": 1,
      "con_description": 3
    },
    "essay_main_subject": "혐오시설 건설문제에 대한 본인의 생각",
    "expression_weight": {
      "exp_style": 4,
      "exp_grammar": 2,
      "exp_vocab": 4,
      "exp": 3
    }
  },
  "correction": [],
  "info": {
    "essay_id": "ESSAY_61322",
    "essay_prompt": " 혐오 시설이란 지역 주민에게 공포감이나 고통을 주거나, 주변 지역의 쾌적성이 훼손됨으로써 집값이나 땅값이 내려가는 등 부정적인 외부효과를 유발하는 시설을 의미합니다.\n\n 대표적인 혐오 시설에는 쓰레기 매립장, 원자력발전소, 소각장, 유류저장소 등이 있습니다.\n\n 매립지, 소각장, 쓰레기 하치장 같은 혐오 시설은 그리 위험하지는 않지만, 쓰레기를 취급한다는 점에서 혐오감을 주며, 주변 환경오염 문제가 갈등을 일으킵니다. 특히 소각장은 인구밀도가 높은 대도시에 건설된다는 점에서 반대 운동이 일기도 합니다.\n\n 그런데 서로 반대만 하다 보면 입지를 찾지 못해 결국 모든 주민의 삶의 질이 저하될 수 있습니다.\n\n 정부 차원에서 가장 적절한 장소를 선별하여 건설 후 주변 사람들에게 혜택을 주는 방식이 적절한 방법일까요? 아니면 혐오 시설만을 모아둔 부지를 따로 정해서 건설해야 할까요? 아니면 모든 도시가 공평하게 혐오 시설 건설에 대한 부담을 지니고 하나씩 건설해야 할까요?\n\n 모두가 만족할만한 결과를 내기란 정말 어려운 문제이지만 여러분이 생각하는 가장 합리적이고 좋은 방법을 생각해보세요. 그리고 그 방법을 대안으로 제시하고 그 근거에 대해 작성해주세요.",
    "essay_type": "대안제시",
    "essay_level": "1",
    "essay_len": 916,
    "essay_main_subject": "혐오시설 건설문제에 대한 본인의 생각"
  }
}