{
  "paragraph": [
    {
      "paragraph_txt": "사회에서 갈등은 언제나 발생하고 우리와 같이 살아가는 존재이다.#@문장구분# 이러한 갈등은 해결됨으로써 더 좋은 세상을 만들고 사회를 발전시킨다.#@문장구분# 하지만 남녀 간에 갈등은 모든 세대를 걸쳐서 해결되지 못하고 오히려 심화되고 있다.#@문장구분# 이러한 남녀갈등은 어떻게 해결할 수 있을까?#@문장구분#",
      "paragraph_len": 226,
      "paragraph_id": "001"
    },
    {
      "paragraph_txt": " 사실 남녀갈등은 서로 간 배려의 문제이다.#@문장구분# 우리가 꼭 해야할 '일'이 아니라 자신이 조금 손해를 보더라도 다른 사람을 위해서 베풀어 줄 수 있는 마음으로 해결될 수 있다.#@문장구분# 지금 사회는 자신은 조금이라도 손해를 보기 싫어하는 분위기이다.#@문장구분# 이러한 분위기에서 평화롭게 모두가 잘 사는 사회가 되기는 어려울 것이다.#@문장구분# 사회 구성원 한명 한명이 배려하고 노력할 때 우리가 바라는 남녀가 모두 행복한 사회가 될 것이다.#@문장구분#",
      "paragraph_len": 328,
      "paragraph_id": "002"
    },
    {
      "paragraph_txt": " 하지만 이러한 배려는 각자만의 노력으로는 부족하다.#@문장구분# 각자가 배려를 실현할 수 있도록 국가의 노력이 필요하다.#@문장구분# 사실 지금의 제도는 남녀가 충분히 불만을 가질 수 있다.#@문장구분# 예를 들어 군필자들은 취직을 할 때 더 유리하게 작용한다.#@문장구분# 또 간호사와 같은 직업들은 아직 여자가 더 어울린다고 생각한다.#@문장구분# 이러한 것들은 나라에서 제도를 만들어 더 이상 피해를 보지 않도록 확실히 보장해 주어야 한다.#@문장구분# 나라가 뒷받침 해주어야 개인도 나서서 배려하고 노력함으로 더 좋은 사회를 만들 수 있다.#@문장구분#",
      "paragraph_len": 405,
      "paragraph_id": "003"
    },
    {
      "paragraph_txt": " 남녀갈등의 가장 깊숙한 곳에 들어가 보면 결국엔 사회에 대한 불만일 것이다.#@문장구분# 남자와 여자는 평생 함께 해야 할 존재들이다.#@문장구분# 행복하고 좋은 환경에서 살기 위해서는 자신이 먼저 배려하고 좋은 사회를 만들기 위해서 노력해야 한다.#@문장구분# 모두가 행복한 사회는 각자의 희생이 조금씩은 따르기 마련이다.#@문장구분# 하지만 이 희생을 감수하며 개인과 국가가 함께 협력하여 노력한다면 남녀갈등은 역사의 한 기억으로 남을 것이다.#@문장구분#",
      "paragraph_len": 323,
      "paragraph_id": "004"
    }
  ],
  "score": {
    "paragraph_score": [
      {
        "paragraph_scoreT": [
          3,
          3,
          2
        ],
        "paragraph_scoreT_detail": {
          "paragraph_scoreT_exp": [
            [
              3,
              3,
              3
            ],
            [
              3,
              3,
              3
            ],
            [
              2,
              2,
              2
            ]
          ]
        },
        "paragraph_scoreT_avg": 2.6666667,
        "paragraph_id": "001"
      },
      {
        "paragraph_scoreT": [
          3,
          3,
          2
        ],
        "paragraph_scoreT_detail": {
          "paragraph_scoreT_exp": [
            [
              3,
              3,
              3
            ],
            [
              3,
              3,
              3
            ],
            [
              2,
              2,
              2
            ]
          ]
        },
        "paragraph_scoreT_avg": 2.6666667,
        "paragraph_id": "002"
      },
      {
        "paragraph_scoreT": [
          3,
          3,
          2.6
        ],
        "paragraph_scoreT_detail": {
          "paragraph_scoreT_exp": [
            [
              3,
              3,
              3
            ],
            [
              3,
              3,
              3
            ],
            [
              3,
              3,
              2
            ]
          ]
        },
        "paragraph_scoreT_avg": 2.8666668,
        "paragraph_id": "003"
      },
      {
        "paragraph_scoreT": [
          3,
          3,
          2.6
        ],
        "paragraph_scoreT_detail": {
          "paragraph_scoreT_exp": [
            [
              3,
              3,
              3
            ],
            [
              3,
              3,
              3
            ],
            [
              3,
              3,
              2
            ]
          ]
        },
        "paragraph_scoreT_avg": 2.8666668,
        "paragraph_id": "004"
      }
    ],
    "essay_scoreT": [
      28.5,
      27.6,
      21.5
    ],
    "essay_scoreT_avg": 25.866667,
    "essay_scoreT_detail": {
      "essay_scoreT_org": [
        [
          3,
          0,
          3,
          2
        ],
        [
          3,
          0,
          3,
          3
        ],
        [
          2,
          0,
          2,
          3
        ]
      ],
      "essay_scoreT_cont": [
        [
          3,
          2,
          3,
          3
        ],
        [
          3,
          2,
          3,
          2
        ],
        [
          2,
          2,
          2,
          2
        ]
      ],
      "essay_scoreT_exp": [
        [
          3,
          3,
          3
        ],
        [
          3,
          3,
          3
        ],
        [
          2,
          2,
          3
        ]
      ]
    }
  },
  "student": {
    "date": "2021.10.01",
    "student_educated": true,
    "student_grade": "고등_1학년",
    "location": "051",
    "student_grade_group": "고등",
    "student_reading": 1
  },
  "rubric": {
    "essay_grade": "고등_1학년",
    "organization_weight": {
      "org_paragraph": 0,
      "org": 3,
      "org_essay": 6,
      "org_coherence": 3,
      "org_quantity": 1
    },
    "essay_type": "대안제시",
    "content_weight": {
      "con_clearance": 3,
      "con_novelty": 3,
      "con": 4,
      "con_prompt": 1,
      "con_description": 3
    },
    "essay_main_subject": "남녀 갈등 해결 방안",
    "expression_weight": {
      "exp_style": 4,
      "exp_grammar": 2,
      "exp_vocab": 4,
      "exp": 3
    }
  },
  "correction": [],
  "info": {
    "essay_id": "ESSAY_36437",
    "essay_prompt": " 남녀 갈등은 최근 우리 사회에서 가장 뜨거운 이슈 중 하나입니다. 이러한 갈등은 아직 간극을 좁히지 못하고 현재 사회적인 문제로 자리 잡았습니다.\n\n 군 가산점 문제, 일자리 문제 등 여러 가지 비교 자료들을 토대로 토론을 하고 이를 통해 갈등을 해결하고자 하는 노력이 이루어지고 있습니다.\n\n 과거에는 성차별 심했던 시기가 있었습니다. 여자와 남자를 구별 지어 일을 주는 경우도 많았습니다. 하지만, 현재는 여자와 남자라는 성별을 떠나서 나이, 국적을 불문하고 모두에게 평등한 기회를 주기 위해 노력하고 있습니다.\n\n 이렇게 모두의 노력에도 불구하고 아직 해결되지 않았거나 해결될 기미가 보이지 않는 양성평등 문제가 있을까요?\n\n 아주 작은 사소한 일이라도 좋습니다. 여러분이 생각하는 우리 주변의 양성평등 문제를 하나 작성해보고 어떻게 해결할 수 있을지 혹은 무엇이 바뀌어야 해결될 것 같은지 본인의 생각을 설명해주세요. ",
    "essay_type": "대안제시",
    "essay_level": "1",
    "essay_len": 869,
    "essay_main_subject": "남녀 갈등 해결 방안"
  }
}