{
  "paragraph": [
    {
      "paragraph_txt": "혐오 시설이란 지역 주민에게 공포감이나 고통을 주거나, 주변 지역의 쾌적성이 훼손됨으로써 집값이나 땅값이 내려가는 등 부정적인 외부효과를 유발하는 시설을 의미한다하는데 요즘은 요양시설도 혐오라 인식하는 사람들이 많아지고 있다.#@문장구분# 경기도 양주시 덕정동에서는 최근에 대규모 택지를 개발하고, 식당이나 빌라등 여러 신축건물이 들어설 예정이었고, 그중에서 마을 한가운데 부지에 요양원이 들어설 예정이었다.#@문장구분# 요양원을 건설할 준비를 끝맞쳤지만, 예기치 못하게 연기가 된 것이다.#@문장구분# 이유는 주민들의 극구반대이었던 것이다.#@문장구분# 우리는 이런 현상을 님비현상이라 말한다.#@문장구분# 이것은 공통적으로는 이익이 가지만 자신이 속한 지역에는 연관이 없는 경우에 행위를 반대하는 이기적인 생각이다.#@문장구분# 그렇게 하면 사람들이 살지 않는 외딴 땅에 지었기 때문에 지역 사람들의 원성도 줄어들 것이다.#@문장구분# 그렇게 하면 인천의 대형 쓰레기 매립장에서 처리하는 쓰레기의 양이 많이 줄어들어 인천시의 사람들도 양보해 줄 것이다.#@문장구분# 두번째는 정부가 인천에게 좀 더 많은 혜택을 주는 것이다.#@문장구분# 인천시 사람들은 항상 악취에 시달리는데 아무 대가도 없이 그걸 받아들일 수는 없기 때문에 인천시에 정부가 한달에 한번 보조금을 내려주거나 정부에서 쓰레기를 처리해주면 인천시 사람들의 부담이 줄 것이다.#@문장구분# 세 번째는 우리나라에서 발생한 쓰레기를 외국에 보내서 처리하는 방법이다.#@문장구분# 돈은 많이 들겠지만 인천시의 사람들과 서울, 수도권 사람들이 싸우는 것보다는 더 나은 방식이라고 본다.#@문장구분# 쓰레기 처리의 문제가 인천시와 수도권의 문제가 아니라 우리나라의 문제이기 때문에 쓰레기를 외국에 보내서 처리하는 비용은 모금함을 개설하여 돈을 후원 받아 처리하고 모자란 돈은 정부가 채우면 될 것이다.#@문장구분# 인천시와 정부가 노력하여 해결책을 찾고 있는 만큼 우리 지역의 사람들도 인천시를 혐조하여 전국민이 만족할 만한 의견을 내어서 쓰레기 매립장에 대한 갈등이 나아졌으면 좋겠다.#@문장구분#",
      "paragraph_len": 1221,
      "paragraph_id": "001"
    }
  ],
  "score": {
    "paragraph_score": [
      {
        "paragraph_scoreT": [
          3,
          2.8,
          3
        ],
        "paragraph_scoreT_detail": {
          "paragraph_scoreT_exp": [
            [
              3,
              3,
              3
            ],
            [
              2,
              3,
              3
            ],
            [
              3,
              3,
              3
            ]
          ]
        },
        "paragraph_scoreT_avg": 2.9333334,
        "paragraph_id": "001"
      }
    ],
    "essay_scoreT": [
      30,
      24.5,
      25.5
    ],
    "essay_scoreT_avg": 26.666666,
    "essay_scoreT_detail": {
      "essay_scoreT_org": [
        [
          3,
          0,
          3,
          3
        ],
        [
          3,
          0,
          2,
          3
        ],
        [
          1,
          0,
          2,
          3
        ]
      ],
      "essay_scoreT_cont": [
        [
          3,
          3,
          3,
          3
        ],
        [
          2,
          2,
          2,
          2
        ],
        [
          3,
          3,
          3,
          3
        ]
      ],
      "essay_scoreT_exp": [
        [
          3,
          3,
          3
        ],
        [
          2,
          3,
          3
        ],
        [
          3,
          3,
          3
        ]
      ]
    }
  },
  "student": {
    "date": "2021.12.09",
    "student_educated": true,
    "student_grade": "고등_1학년",
    "location": "063",
    "student_grade_group": "고등",
    "student_reading": 2
  },
  "rubric": {
    "essay_grade": "고등_1학년",
    "organization_weight": {
      "org_paragraph": 0,
      "org": 3,
      "org_essay": 6,
      "org_coherence": 3,
      "org_quantity": 1
    },
    "essay_type": "대안제시",
    "content_weight": {
      "con_clearance": 3,
      "con_novelty": 3,
      "con": 4,
      "con_prompt": 1,
      "con_description": 3
    },
    "essay_main_subject": "혐오시설 건설문제에 대한 본인의 생각",
    "expression_weight": {
      "exp_style": 4,
      "exp_grammar": 2,
      "exp_vocab": 4,
      "exp": 3
    }
  },
  "correction": [],
  "info": {
    "essay_id": "ESSAY_61327",
    "essay_prompt": " 혐오 시설이란 지역 주민에게 공포감이나 고통을 주거나, 주변 지역의 쾌적성이 훼손됨으로써 집값이나 땅값이 내려가는 등 부정적인 외부효과를 유발하는 시설을 의미합니다.\n\n 대표적인 혐오 시설에는 쓰레기 매립장, 원자력발전소, 소각장, 유류저장소 등이 있습니다.\n\n 매립지, 소각장, 쓰레기 하치장 같은 혐오 시설은 그리 위험하지는 않지만, 쓰레기를 취급한다는 점에서 혐오감을 주며, 주변 환경오염 문제가 갈등을 일으킵니다. 특히 소각장은 인구밀도가 높은 대도시에 건설된다는 점에서 반대 운동이 일기도 합니다.\n\n 그런데 서로 반대만 하다 보면 입지를 찾지 못해 결국 모든 주민의 삶의 질이 저하될 수 있습니다.\n\n 정부 차원에서 가장 적절한 장소를 선별하여 건설 후 주변 사람들에게 혜택을 주는 방식이 적절한 방법일까요? 아니면 혐오 시설만을 모아둔 부지를 따로 정해서 건설해야 할까요? 아니면 모든 도시가 공평하게 혐오 시설 건설에 대한 부담을 지니고 하나씩 건설해야 할까요?\n\n 모두가 만족할만한 결과를 내기란 정말 어려운 문제이지만 여러분이 생각하는 가장 합리적이고 좋은 방법을 생각해보세요. 그리고 그 방법을 대안으로 제시하고 그 근거에 대해 작성해주세요.",
    "essay_type": "대안제시",
    "essay_level": "1",
    "essay_len": 942,
    "essay_main_subject": "혐오시설 건설문제에 대한 본인의 생각"
  }
}