{
  "paragraph": [
    {
      "paragraph_txt": "내 생각에는 정부 차원에서 가장 적절한 장소를 선별하여 그 주변 지역주민들에게 혜택을 주는 것이 가장 바람직하다고 생각한다.#@문장구분# 혐오 시설이기는 하지만 우리 사람에서 없어서는 안될 시설이기도 하다.#@문장구분# 어찌됐든 무조건 우리 나라 안에 혐오 시설이 있어야 한다면 가장 적절하고 알맞은 장소에 건설을 하는 것이 맞다.#@문장구분# 괜히 형평성, 공정성, 등을 맞추자고 전혀 적절하지도 않은 장소에 혐오시설을 건설했다가는 매우 효율이 떨어지고 또 억지로 건설했기 때문에 그 주변 지역주민들의 반발이 더욱 심할 것이다.#@문장구분# 하지만 알맞은 장소에 건설을 한다면 가장 효율적으로 혐오시설이 작동할 수가 있다.#@문장구분# 하지만 이 경우 마찬가지로 그 주변 지역주민들의 반발이 심할 것으로 예상이 되는데 이는 설득을 할 수 밖에 없다.#@문장구분# 주변 지역주민들이 혐오시설에 대해 제대로 모르고 다른 사람들의 분위기에 휩쓸려 무작정 비난, 비판을 하고 보는 걸 수도 있고 제대로 된 설명이 없다면 혐오시설 건설에 대해 납득을 하지 못할 것이다.#@문장구분# 그러므로 이 또한 정부차원에서 책임지고 설명과 설득을 해주어야 한다.#@문장구분# 나는 혐오시설이 나쁘지는 않다고 생각한다.#@문장구분# 혐오시설은 우리가 살아가는데 꼭 필요하다고 생각하기 때문이다.#@문장구분# 혐오시설이 없으면 우리주변에는 쓰레기가 있을 것이고 전기 생산량이 적어져 전기부족이 생기고 우리가 먹을 소고기나 돼지고기도 먹기 어려울 것이고 전기를 받기 어려워지고 죄수들을 가둬둘 곳이 없어지기 때문이다.#@문장구분# 그렇다고 주민들이 살아가는 가까운 곳에 이 혐오시설들을 건설한다면 주민들은 악취와 건강문제 혐오감과 공포감, 불안함을 느끼게 될 것이다.#@문장구분# 혐오시설을 건설하면 그곳에 사는 주민들이 반대를 한다.#@문장구분# 해결방법 중에 가장 적절한 장소를 선별하여 건설 후 주변 사람들에게 혜택을 주는 방식과 모든 도시가 공평하게 혐오 시설 건설에 대한 부담을 지니고 하나씩 건설하는 방식, 혐오 시설만을 모아둔 부지를 따로 정해서 건설하는 방식이 있다.#@문장구분#",
      "paragraph_len": 1229,
      "paragraph_id": "001"
    }
  ],
  "score": {
    "paragraph_score": [
      {
        "paragraph_scoreT": [
          3,
          3,
          3
        ],
        "paragraph_scoreT_detail": {
          "paragraph_scoreT_exp": [
            [
              3,
              3,
              3
            ],
            [
              3,
              3,
              3
            ],
            [
              3,
              3,
              3
            ]
          ]
        },
        "paragraph_scoreT_avg": 3,
        "paragraph_id": "001"
      }
    ],
    "essay_scoreT": [
      28.8,
      28.8,
      30
    ],
    "essay_scoreT_avg": 29.199999,
    "essay_scoreT_detail": {
      "essay_scoreT_org": [
        [
          3,
          0,
          3,
          3
        ],
        [
          3,
          0,
          3,
          3
        ],
        [
          3,
          0,
          3,
          3
        ]
      ],
      "essay_scoreT_cont": [
        [
          3,
          2,
          3,
          3
        ],
        [
          3,
          2,
          3,
          3
        ],
        [
          3,
          3,
          3,
          3
        ]
      ],
      "essay_scoreT_exp": [
        [
          3,
          3,
          3
        ],
        [
          3,
          3,
          3
        ],
        [
          3,
          3,
          3
        ]
      ]
    }
  },
  "student": {
    "date": "2021.12.13",
    "student_educated": true,
    "student_grade": "고등_1학년",
    "location": "063",
    "student_grade_group": "고등",
    "student_reading": 2
  },
  "rubric": {
    "essay_grade": "고등_1학년",
    "organization_weight": {
      "org_paragraph": 0,
      "org": 3,
      "org_essay": 6,
      "org_coherence": 3,
      "org_quantity": 1
    },
    "essay_type": "대안제시",
    "content_weight": {
      "con_clearance": 3,
      "con_novelty": 3,
      "con": 4,
      "con_prompt": 1,
      "con_description": 3
    },
    "essay_main_subject": "혐오시설 건설문제에 대한 본인의 생각",
    "expression_weight": {
      "exp_style": 4,
      "exp_grammar": 2,
      "exp_vocab": 4,
      "exp": 3
    }
  },
  "correction": [],
  "info": {
    "essay_id": "ESSAY_63040",
    "essay_prompt": " 혐오 시설이란 지역 주민에게 공포감이나 고통을 주거나, 주변 지역의 쾌적성이 훼손됨으로써 집값이나 땅값이 내려가는 등 부정적인 외부효과를 유발하는 시설을 의미합니다.\n\n 대표적인 혐오 시설에는 쓰레기 매립장, 원자력발전소, 소각장, 유류저장소 등이 있습니다.\n\n 매립지, 소각장, 쓰레기 하치장 같은 혐오 시설은 그리 위험하지는 않지만, 쓰레기를 취급한다는 점에서 혐오감을 주며, 주변 환경오염 문제가 갈등을 일으킵니다. 특히 소각장은 인구밀도가 높은 대도시에 건설된다는 점에서 반대 운동이 일기도 합니다.\n\n 그런데 서로 반대만 하다 보면 입지를 찾지 못해 결국 모든 주민의 삶의 질이 저하될 수 있습니다.\n\n 정부 차원에서 가장 적절한 장소를 선별하여 건설 후 주변 사람들에게 혜택을 주는 방식이 적절한 방법일까요? 아니면 혐오 시설만을 모아둔 부지를 따로 정해서 건설해야 할까요? 아니면 모든 도시가 공평하게 혐오 시설 건설에 대한 부담을 지니고 하나씩 건설해야 할까요?\n\n 모두가 만족할만한 결과를 내기란 정말 어려운 문제이지만 여러분이 생각하는 가장 합리적이고 좋은 방법을 생각해보세요. 그리고 그 방법을 대안으로 제시하고 그 근거에 대해 작성해주세요.",
    "essay_type": "대안제시",
    "essay_level": "1",
    "essay_len": 949,
    "essay_main_subject": "혐오시설 건설문제에 대한 본인의 생각"
  }
}