{
  "paragraph": [
    {
      "paragraph_txt": "혐오시설 유치에 대해 지자체와 주민들 간의 대립은 부산에서도 볼 수 있는데, 대표적으로 기장의 고리원자력발전소를 예로 들 수 있다. #@문장구분#당시 주민들은 그 무엇보다도 원자력발전소가 들어오면 어업과 같은 해양 산업에 차질이 생겨 자신들의 생업과 건강, 즉 주민들의 생존권의 보장이 안 되어 원전 측과 주민 측의 입장이 대립하였다. #@문장구분#하지만, 이후 주민들을 위하여 다양한 복지시설을 마련해주어 양측이 만족할 결과를 이끌어 낸 선례가 있다.#@문장구분#\n \n 앞에서 말한 원자력발전소가 들어서기 위해서는 조건이 있다.#@문장구분# 우선 발전소를 돌리며 돌아가는 터빈을 식히기 위한 냉각수를 위하여 많은 물이 필요한데, 이를 위해서 보통 바다 근처에 짓게 되어 주민들과 원전 측의 대립이 일어나는 지역을 보면 대부분 바다 근처 지역인 것을 알 수 있다.#@문장구분# 혐오시설은 분명 좋기만은 한 시설은 아니다. #@문장구분#우리의 대표 자산인 부동산 가격에도 악영향을 미칠 수 있고, 주변 지역 주민들의 건강에도 영향을 줄 수 있기에 혐오시설이 들어선다는 지역의 주민들은 이러한 이유들로 유치에 반대하는 경우가 허다하다.#@문장구분# 혐오시설들은 이러한 인식 때문에 '혐오'라는 꼬리표가 붙는 것이지만, 원전, 소각장, 유류 처리장 등과 같은 시설들은 하나같이 불필요한 시설이 아닌 우리 사회에서 꼭 있어야하고 국민의 생활에 도움을 주는 시설이기에 어느 곳인가에는 무조건 들어서야 한다.#@문장구분# ",
      "paragraph_len": 838,
      "paragraph_id": "001"
    },
    {
      "paragraph_txt": " 이런 혐오시설들을 유치하기 위해 지자체들은 많은 조사를 하고 많은 예비 후보들 중 가장 좋은 입지에 들어서는 것인데, 요즘 같이 국민들이 경제에 대한 관심이 높아진 시기에 혐오시설의 입지는 부동산 거래량이 가장 적고 인구가 적은 지역에 지어져야 하는 것이 바람직하다 할 수 있다.#@문장구분# 이런 혐오시설의 입지도 소수의 주민일지라도 결국 그들의 희생을 요하기에, 혐오시설을 짓고자 하는 측은 그 지역에 들어서는 이유를 주민들에게 자세히 설명을 하는 것은 당연하고, 위에서 말한 예시와 같이 복지시설을 지어주는 등 합당한 보상을 해주는 것이 바람직하다 생각한다.#@문장구분# 결국 누군가의 희생은 불가피하기에 다수의 행복을 위하여 소수의 무조건 적인 희생만이 아닌 소수의 피해도 보장을 해줄 방법으로 가는 것이 옳다고 생각한다.#@문장구분#",
      "paragraph_len": 455,
      "paragraph_id": "002"
    }
  ],
  "score": {
    "paragraph_score": [
      {
        "paragraph_scoreT": [
          3,
          2.2,
          2
        ],
        "paragraph_scoreT_detail": {
          "paragraph_scoreT_exp": [
            [
              3,
              3,
              3
            ],
            [
              3,
              2,
              2
            ],
            [
              2,
              2,
              2
            ]
          ]
        },
        "paragraph_scoreT_avg": 2.3999999,
        "paragraph_id": "001"
      },
      {
        "paragraph_scoreT": [
          3,
          2.2,
          2
        ],
        "paragraph_scoreT_detail": {
          "paragraph_scoreT_exp": [
            [
              3,
              3,
              3
            ],
            [
              3,
              2,
              2
            ],
            [
              2,
              2,
              2
            ]
          ]
        },
        "paragraph_scoreT_avg": 2.3999999,
        "paragraph_id": "002"
      }
    ],
    "essay_scoreT": [
      30,
      27.6,
      23.3
    ],
    "essay_scoreT_avg": 26.966665,
    "essay_scoreT_detail": {
      "essay_scoreT_org": [
        [
          3,
          0,
          3,
          3
        ],
        [
          3,
          0,
          3,
          3
        ],
        [
          2,
          0,
          3,
          2
        ]
      ],
      "essay_scoreT_cont": [
        [
          3,
          3,
          3,
          3
        ],
        [
          3,
          3,
          3,
          3
        ],
        [
          3,
          2,
          2,
          3
        ]
      ],
      "essay_scoreT_exp": [
        [
          3,
          3,
          3
        ],
        [
          3,
          2,
          2
        ],
        [
          2,
          2,
          2
        ]
      ]
    }
  },
  "student": {
    "date": "2021.09.03",
    "student_educated": true,
    "student_grade": "고등_1학년",
    "location": "051",
    "student_grade_group": "고등",
    "student_reading": 2
  },
  "rubric": {
    "essay_grade": "고등_1학년",
    "organization_weight": {
      "org_paragraph": 0,
      "org": 3,
      "org_essay": 6,
      "org_coherence": 3,
      "org_quantity": 1
    },
    "essay_type": "대안제시",
    "content_weight": {
      "con_clearance": 3,
      "con_novelty": 3,
      "con": 4,
      "con_prompt": 1,
      "con_description": 3
    },
    "essay_main_subject": "혐오시설 건설문제에 대한 본인의 생각",
    "expression_weight": {
      "exp_style": 4,
      "exp_grammar": 2,
      "exp_vocab": 4,
      "exp": 3
    }
  },
  "correction": [],
  "info": {
    "essay_id": "ESSAY_34271",
    "essay_prompt": " 혐오 시설이란 지역 주민에게 공포감이나 고통을 주거나, 주변 지역의 쾌적성이 훼손됨으로써 집값이나 땅값이 내려가는 등 부정적인 외부효과를 유발하는 시설을 의미합니다.\n\n 대표적인 혐오 시설에는 쓰레기 매립장, 원자력발전소, 소각장, 유류저장소 등이 있습니다.\n\n 매립지, 소각장, 쓰레기 하치장 같은 혐오 시설은 그리 위험하지는 않지만, 쓰레기를 취급한다는 점에서 혐오감을 주며, 주변 환경오염 문제가 갈등을 일으킵니다. 특히 소각장은 인구밀도가 높은 대도시에 건설된다는 점에서 반대 운동이 일기도 합니다.\n\n 그런데 서로 반대만 하다 보면 입지를 찾지 못해 결국 모든 주민의 삶의 질이 저하될 수 있습니다.\n\n 정부 차원에서 가장 적절한 장소를 선별하여 건설 후 주변 사람들에게 혜택을 주는 방식이 적절한 방법일까요? 아니면 혐오 시설만을 모아둔 부지를 따로 정해서 건설해야 할까요? 아니면 모든 도시가 공평하게 혐오 시설 건설에 대한 부담을 지니고 하나씩 건설해야 할까요?\n\n 모두가 만족할만한 결과를 내기란 정말 어려운 문제이지만 여러분이 생각하는 가장 합리적이고 좋은 방법을 생각해보세요. 그리고 그 방법을 대안으로 제시하고 그 근거에 대해 작성해주세요.",
    "essay_type": "대안제시",
    "essay_level": "1",
    "essay_len": 1077,
    "essay_main_subject": "혐오시설 건설문제에 대한 본인의 생각"
  }
}