{
  "paragraph": [
    {
      "paragraph_txt": "우리 주변에는 조금만 찾아봐도 많은 양성평등 문제가 있다.#@문장구분# 전체적으로 힘이 많이 드는 일들은 남성들이 하게끔 하거나, 기업에서의 채용 과정에서 여성들이 좀 꺼려지는 경향이 있다던가 말이다.#@문장구분# 그렇다면 이러한 문제들을 어떻게 해결해야 하는가?#@문장구분# 아니, 전제부터가 잘못됐다.#@문장구분# 우리는 이러한 문제들이 자연스러운 현상임을 인정할 필요가 있다.#@문장구분# 살아온 배경은 커녕 신체적인 조건조차 다른데 어떻게 평등이 실현될 수 있단 말인가?#@문장구분# 양성평등 같은 건 지금까지 존재하지도 않았고, 존재해선 안 된다.#@문장구분# 오히려 인간들은 서로 다르고 차별 받기 때문에 싸우고 경쟁하며 이를 통해 진보가 발생한다.#@문장구분# 불평등은 악이 아니다.#@문장구분# 평등이야말로 악이다.#@문장구분# 그러니 우리는 지금의 남녀 갈등 문제 또한 자연스럽게 받아들이면 된다.#@문장구분# 예전부터 누구나 생각하던 생각들이고 지금에 이르러서야 어떠한 상황들이 맞물려 살짝 과열됬을 뿐이다.#@문장구분# 해결법이랍시고 이 문제 아닌 문제를 어중간한 방법으로 틀어막으려 한다면 오히려 역효과가 날 수도 있다고 생각한다.#@문장구분# 따라서 정리해보면 지금의 남녀 갈등 문제는 굉장히 자연스러운 현상이며 건들 필요도, 의문을 가질 필요도 없다.#@문장구분# 오히려 남녀 관계가 더 돈독해지기 전의 작은 바람이라고 생각한다. 높으신 분들의 명석한 두뇌로 좋은 정책들을 생각해 내어 앞으로는 남녀가 갈등하지 않고 서로 화합하고 돕고사는 그런 세상이 왔으면 좋겠다.#@문장구분# 언젠가는 그런 날이 올 것이라 믿으며 나는 오늘도 양성평등한 세상을 꿈꾸며 열심히 노력할 것이다.#@문장구분# 나 하나쯤이야라는 생각보단 나 하나라도라는 생각을 가지며 나부터 양성평등을 실천한다면 앞으로 미래에는 양성평등한 사회가 올 것이라고 믿어 의심치않는다.#@문장구분#",
      "paragraph_len": 1161,
      "paragraph_id": "001"
    }
  ],
  "score": {
    "paragraph_score": [
      {
        "paragraph_scoreT": [
          3,
          2.8,
          2.2
        ],
        "paragraph_scoreT_detail": {
          "paragraph_scoreT_exp": [
            [
              3,
              3,
              3
            ],
            [
              2,
              3,
              3
            ],
            [
              3,
              2,
              2
            ]
          ]
        },
        "paragraph_scoreT_avg": 2.6666667,
        "paragraph_id": "001"
      }
    ],
    "essay_scoreT": [
      30,
      29.4,
      21.8
    ],
    "essay_scoreT_avg": 27.066666,
    "essay_scoreT_detail": {
      "essay_scoreT_org": [
        [
          3,
          0,
          3,
          3
        ],
        [
          3,
          0,
          3,
          3
        ],
        [
          2,
          0,
          2,
          2
        ]
      ],
      "essay_scoreT_cont": [
        [
          3,
          3,
          3,
          3
        ],
        [
          3,
          3,
          3,
          3
        ],
        [
          2,
          3,
          2,
          2
        ]
      ],
      "essay_scoreT_exp": [
        [
          3,
          3,
          3
        ],
        [
          2,
          3,
          3
        ],
        [
          3,
          2,
          2
        ]
      ]
    }
  },
  "student": {
    "date": "2021.12.06",
    "student_educated": true,
    "student_grade": "고등_1학년",
    "location": "051",
    "student_grade_group": "고등",
    "student_reading": 2
  },
  "rubric": {
    "essay_grade": "고등_1학년",
    "organization_weight": {
      "org_paragraph": 0,
      "org": 3,
      "org_essay": 6,
      "org_coherence": 3,
      "org_quantity": 1
    },
    "essay_type": "대안제시",
    "content_weight": {
      "con_clearance": 3,
      "con_novelty": 3,
      "con": 4,
      "con_prompt": 1,
      "con_description": 3
    },
    "essay_main_subject": "남녀 갈등 해결 방안",
    "expression_weight": {
      "exp_style": 4,
      "exp_grammar": 2,
      "exp_vocab": 4,
      "exp": 3
    }
  },
  "correction": [],
  "info": {
    "essay_id": "ESSAY_53675",
    "essay_prompt": " 남녀 갈등은 최근 우리 사회에서 가장 뜨거운 이슈 중 하나입니다. 이러한 갈등은 아직 간극을 좁히지 못하고 현재 사회적인 문제로 자리 잡았습니다.\n\n 군 가산점 문제, 일자리 문제 등 여러 가지 비교 자료들을 토대로 토론을 하고 이를 통해 갈등을 해결하고자 하는 노력이 이루어지고 있습니다.\n\n 과거에는 성차별 심했던 시기가 있었습니다. 여자와 남자를 구별 지어 일을 주는 경우도 많았습니다. 하지만, 현재는 여자와 남자라는 성별을 떠나서 나이, 국적을 불문하고 모두에게 평등한 기회를 주기 위해 노력하고 있습니다.\n\n 이렇게 모두의 노력에도 불구하고 아직 해결되지 않았거나 해결될 기미가 보이지 않는 양성평등 문제가 있을까요?\n\n 아주 작은 사소한 일이라도 좋습니다. 여러분이 생각하는 우리 주변의 양성평등 문제를 하나 작성해보고 어떻게 해결할 수 있을지 혹은 무엇이 바뀌어야 해결될 것 같은지 본인의 생각을 설명해주세요. ",
    "essay_type": "대안제시",
    "essay_level": "1",
    "essay_len": 821,
    "essay_main_subject": "남녀 갈등 해결 방안"
  }
}