{
  "paragraph": [
    {
      "paragraph_txt": "위 4가지 중에서 남녀 갈등 해결방안과 가장 밀접한 관계를 지닌 것을 고르면 경청일 것이다.#@문장구분# 보통 남녀 차별의 양상은 이러하다.#@문장구분# 한 쪽의 성에만 이익이 주어졌거나 반대로 불이익이 주어지면 왜 차별하냐는 목소리가 나오게 된다.#@문장구분# 이러한 양상 속에서 충돌하여 그 에너지로 혐오발언과 갈등이 방출 되는 것이다.#@문장구분# 그럼 위 와 같은 남녀 갈등을 해결하기 위해서는 무엇이 필요할까?#@문장구분# 서로의 이야기를 듣지 않으니 서로의 상황과 입장을 고려할 수 없을 것이고, 일방적으로 쏘아붙이니 말의 강도나 세기만 더욱 커져나가게 되는 것이다.#@문장구분# 우리는 다른 과정 없이 자신들의 뜻'만'을 명확히 전달한다.#@문장구분# 심지어 명확하지 않고 오히려 본질을 흐릴 때도 있다.#@문장구분# 자신의 뜻을 명확히 전달하는 것은 경청을 한 후에 전달해도 늦지않다.#@문장구분# 아니, 오히려 더욱 효과적일 수 있다.#@문장구분# 경청을 하게 된다면 서로의 상황과 입장을 이해하게 되고 그러면 갈등이 아닌 대화를 통해 타협점을 찾거나, 화해가 가능해질 것이다.#@문장구분# 다른 원인도 있다.#@문장구분# 바로 인권이 주제가 될 수 있는데, 인권은 인간으로써 마땅히 누려야 할 권리를 뜻 한다.#@문장구분# 따라서 위 문제와 연관지어 설명하자면 특정 그룹이 자신들이 마땅히 누려야 할 권리가 '침해' 당했다고 생각하였을 때 이다.#@문장구분# 침해 당한 인권은 나라에서 보상하여 줄 수 있다.#@문장구분# 지금까지 우리가 남녀 편을 갈라서 갈등이 생겼을 때 어느 한 쪽이 보상해준 적이 있는가?#@문장구분# 또, 원만하게 타협점을 찾아서 해결 된 적이 있는가?#@문장구분# 우리는 그 누구도 이익을 얻을 수 없음에도 그저 승부욕에 휩싸여 서로 손해보는 싸움을 하고 있는 것이다.#@문장구분# 인권은 나라에서 보장해주고, 침해도 나라에서부터 시작된다.#@문장구분# 우리가 만약 인권을 '침해' 받았다면 그것은 다른 그룹의 잘 못이 아닌, 나라의 잘 못임을 알고 정당한 방법으로 항의해야 한다.#@문장구분# 명심하자. 우리는 어릴 때부터 남의 이야기를 경청하라는 이야기를 수도 없이 들어왔다.#@문장구분# 그리고, 인권이 침해 되었을 때 역사를 돌이켜보면 나라에 맞서 싸웠지 우리끼리 치고박고 싸운 적은 없다.#@문장구분# 그럼 이유를 다시금 생각해보고우리가 이득이 생길 때도 자신들만 가지지 말고 서로 나눈다면 어느 한 쪽에만 이익 또는 불이익이 분배되는 일 또한 자연스레 줄어들어 사라질 것이라 믿는다.#@문장구분#",
      "paragraph_len": 1558,
      "paragraph_id": "001"
    }
  ],
  "score": {
    "paragraph_score": [
      {
        "paragraph_scoreT": [
          3,
          3,
          3
        ],
        "paragraph_scoreT_detail": {
          "paragraph_scoreT_exp": [
            [
              3,
              3,
              3
            ],
            [
              3,
              3,
              3
            ],
            [
              3,
              3,
              3
            ]
          ]
        },
        "paragraph_scoreT_avg": 3,
        "paragraph_id": "001"
      }
    ],
    "essay_scoreT": [
      30,
      28.8,
      30
    ],
    "essay_scoreT_avg": 29.6,
    "essay_scoreT_detail": {
      "essay_scoreT_org": [
        [
          3,
          0,
          3,
          3
        ],
        [
          3,
          0,
          3,
          3
        ],
        [
          3,
          0,
          3,
          3
        ]
      ],
      "essay_scoreT_cont": [
        [
          3,
          3,
          3,
          3
        ],
        [
          3,
          2,
          3,
          3
        ],
        [
          3,
          3,
          3,
          3
        ]
      ],
      "essay_scoreT_exp": [
        [
          3,
          3,
          3
        ],
        [
          3,
          3,
          3
        ],
        [
          3,
          3,
          3
        ]
      ]
    }
  },
  "student": {
    "date": "2021.12.07",
    "student_educated": true,
    "student_grade": "고등_1학년",
    "location": "063",
    "student_grade_group": "고등",
    "student_reading": 2
  },
  "rubric": {
    "essay_grade": "고등_1학년",
    "organization_weight": {
      "org_paragraph": 0,
      "org": 3,
      "org_essay": 6,
      "org_coherence": 3,
      "org_quantity": 1
    },
    "essay_type": "대안제시",
    "content_weight": {
      "con_clearance": 3,
      "con_novelty": 3,
      "con": 4,
      "con_prompt": 1,
      "con_description": 3
    },
    "essay_main_subject": "남녀 갈등 해결 방안",
    "expression_weight": {
      "exp_style": 4,
      "exp_grammar": 2,
      "exp_vocab": 4,
      "exp": 3
    }
  },
  "correction": [],
  "info": {
    "essay_id": "ESSAY_57119",
    "essay_prompt": " 남녀 갈등은 최근 우리 사회에서 가장 뜨거운 이슈 중 하나입니다. 이러한 갈등은 아직 간극을 좁히지 못하고 현재 사회적인 문제로 자리 잡았습니다.\n\n 군 가산점 문제, 일자리 문제 등 여러 가지 비교 자료들을 토대로 토론을 하고 이를 통해 갈등을 해결하고자 하는 노력이 이루어지고 있습니다.\n\n 과거에는 성차별 심했던 시기가 있었습니다. 여자와 남자를 구별 지어 일을 주는 경우도 많았습니다. 하지만, 현재는 여자와 남자라는 성별을 떠나서 나이, 국적을 불문하고 모두에게 평등한 기회를 주기 위해 노력하고 있습니다.\n\n 이렇게 모두의 노력에도 불구하고 아직 해결되지 않았거나 해결될 기미가 보이지 않는 양성평등 문제가 있을까요?\n\n 아주 작은 사소한 일이라도 좋습니다. 여러분이 생각하는 우리 주변의 양성평등 문제를 하나 작성해보고 어떻게 해결할 수 있을지 혹은 무엇이 바뀌어야 해결될 것 같은지 본인의 생각을 설명해주세요. ",
    "essay_type": "대안제시",
    "essay_level": "1",
    "essay_len": 1101,
    "essay_main_subject": "남녀 갈등 해결 방안"
  }
}