{
  "paragraph": [
    {
      "paragraph_txt": "요즈음 성차별적인 언행이 뜨거운 감자인데, 이런 일들을 근본적으로 막으려면 첫째, 다수의 사람들이 성차별적 단어라 인식하고 있고 사용하는 걸 좋지 않게 생각한다면 사용하는 걸 지양하자 몇 몇 예를 들자면 \"오조오억\", \"허버허버\", \"김치녀\" 등이 있다.#@문장구분# 남초(남자전용사이트)나 여초(여성전용사이트)를 이용하지 않는 나도 여러 이슈가 터지면서 저런 단어들이 안 좋은 목적으로 사용한다는 걸 인지하고 있다.#@문장구분# 설령 저런 단어들이 나쁘지않은 목적으로 만들어졌다 하더라도 지금은 안 좋은 뜻으로 사용되니 사용하지 않는 것이 좋을 것 같다.#@문장구분# 둘째, 성별에 따른 다름을 인정하자. #@문장구분#보통의 남자는 일반적으로 보통의 여자보다 신체적인 능력이 뛰어나다. #@문장구분#이건 편견이나 불공평한 것이 아니라 우리 인류가 살아남기 위해 택한 것일 뿐이다.#@문장구분# 그렇기에 우리는 우리에게 주어진 조건에 맞게 살아나가야 한다. #@문장구분#그렇지만 이렇게 남자가 더 우월하게 가지고 있는 능력을 모든 남성이나 여성에게 일반화시키며 강요해서는 안 된다.#@문장구분# 또 요즘에 경찰이나 소방관등 여러 몸을 써야하는 직업에 왜 여자를 많이 고용하지 않느냐고, 이건 성차별이 아니냐는 몇몇 개념없는 사람들이 있는데 그건 어쩔 수 없다.#@문장구분# 사람들의 목숨이 걸린 일이기에 여러 상황에 대처할 수 있고 할 수 있는 일이 많은 신체적으로 우월한 능력을 가진 사람을 뽑을 수밖에 없는데, 이런 우월한 사람을 뽑기위해 만든 조건에 골격이니 근육량 등 선천적으로 차이가 날 수밖에 없는 남성과 여성이기에 인정하고 차이를 받아들여야한다.#@문장구분# 셋째, 젠더갈등을 유발하지 말자 내가 유튜브를 볼 때마다 누가 어떤 잘못을 하면 그 사람 행동 자체를 까는 게 아니라 그 사람의 성별을 까내리는 사람들이 있다. #@문장구분#그런 사람들이 없어지는 게 맞지만 그건 힘들기에 그런 사람들이 계속 존재한다면 거기에 반응을 해주지 않았음 한다.#@문장구분# 한 번 물고 넘어지면 끝없기 때문에 싹을 잘라야한다.#@문장구분# 여러 매체에서 이런 젠더갈등을 일으키는 말들을 보면 판단력이 부족한 어린아이들이나 심지어 어른들까지도 잘못된 가치관을 갖고 자신과 다른 성별을 혐오할 수 있으니 이런 문제들이 시급히 해결됐음 한다.#@문장구분#",
      "paragraph_len": 1328,
      "paragraph_id": "001"
    }
  ],
  "score": {
    "paragraph_score": [
      {
        "paragraph_scoreT": [
          3,
          2.2,
          2.8
        ],
        "paragraph_scoreT_detail": {
          "paragraph_scoreT_exp": [
            [
              3,
              3,
              3
            ],
            [
              3,
              2,
              2
            ],
            [
              2,
              3,
              3
            ]
          ]
        },
        "paragraph_scoreT_avg": 2.6666667,
        "paragraph_id": "001"
      }
    ],
    "essay_scoreT": [
      30,
      24.600002,
      26.400002
    ],
    "essay_scoreT_avg": 27,
    "essay_scoreT_detail": {
      "essay_scoreT_org": [
        [
          3,
          0,
          3,
          3
        ],
        [
          2,
          0,
          3,
          3
        ],
        [
          2,
          0,
          3,
          3
        ]
      ],
      "essay_scoreT_cont": [
        [
          3,
          3,
          3,
          3
        ],
        [
          3,
          3,
          3,
          2
        ],
        [
          3,
          2,
          3,
          3
        ]
      ],
      "essay_scoreT_exp": [
        [
          3,
          3,
          3
        ],
        [
          3,
          2,
          2
        ],
        [
          2,
          3,
          3
        ]
      ]
    }
  },
  "student": {
    "date": "2021.09.07",
    "student_educated": true,
    "student_grade": "고등_1학년",
    "location": "051",
    "student_grade_group": "고등",
    "student_reading": 2
  },
  "rubric": {
    "essay_grade": "고등_1학년",
    "organization_weight": {
      "org_paragraph": 0,
      "org": 3,
      "org_essay": 6,
      "org_coherence": 3,
      "org_quantity": 1
    },
    "essay_type": "대안제시",
    "content_weight": {
      "con_clearance": 3,
      "con_novelty": 3,
      "con": 4,
      "con_prompt": 1,
      "con_description": 3
    },
    "essay_main_subject": "남녀 갈등 해결 방안",
    "expression_weight": {
      "exp_style": 4,
      "exp_grammar": 2,
      "exp_vocab": 4,
      "exp": 3
    }
  },
  "correction": [],
  "info": {
    "essay_id": "ESSAY_34294",
    "essay_prompt": " 남녀 갈등은 최근 우리 사회에서 가장 뜨거운 이슈 중 하나입니다. 이러한 갈등은 아직 간극을 좁히지 못하고 현재 사회적인 문제로 자리 잡았습니다.\n\n 군 가산점 문제, 일자리 문제 등 여러 가지 비교 자료들을 토대로 토론을 하고 이를 통해 갈등을 해결하고자 하는 노력이 이루어지고 있습니다.\n\n 과거에는 성차별 심했던 시기가 있었습니다. 여자와 남자를 구별 지어 일을 주는 경우도 많았습니다. 하지만, 현재는 여자와 남자라는 성별을 떠나서 나이, 국적을 불문하고 모두에게 평등한 기회를 주기 위해 노력하고 있습니다.\n\n 이렇게 모두의 노력에도 불구하고 아직 해결되지 않았거나 해결될 기미가 보이지 않는 양성평등 문제가 있을까요?\n\n 아주 작은 사소한 일이라도 좋습니다. 여러분이 생각하는 우리 주변의 양성평등 문제를 하나 작성해보고 어떻게 해결할 수 있을지 혹은 무엇이 바뀌어야 해결될 것 같은지 본인의 생각을 설명해주세요. ",
    "essay_type": "대안제시",
    "essay_level": "1",
    "essay_len": 1049,
    "essay_main_subject": "남녀 갈등 해결 방안"
  }
}