{
  "paragraph": [
    {
      "paragraph_txt": "남혐, 여혐이 주 목적인 사이트들이 많이 개설되고, 이에 가입하는 사람들도 많아지고, 남혐.여혐에 해당하는 단어들을 많이 쓴다.#@문장구분# 그리고, 이 문제가 심각하여 요즘 해결해야 할 아주 중요한 문제로 여겨진다.#@문장구분# 지금부터, 이 남혐/여혐 문제를 해결할 수 있는 방안을 소개하겠다.#@문장구분# 일단 개인적인 측면에서의 해결방안은 '남녀의 입장을 바꿔 생각해보기'이다.#@문장구분# 무조건 서로를 비난하는 것 보다 생각을 하고 말 할필요가 있다.#@문장구분# 또, 개인적인 측면으로 남혐/여혐을 뜻하는 단어를 잘 모르고 유행어처럼 사용하는 사람이 있으면 단어의 정확한 뜻을 알려주며, 그 단어를 사용하지 못하도록 한다. #@문장구분#그리고 중요한 것은 앞 페이지에 말한 '안산'선수에 관한 의혹같은 것들은 의혹은 의혹이니 혼동에 의해서 선수를 비난하고 공격하는 자세를 가지면 안된다.#@문장구분# 알고보면 의혹이 거짓으로 판별될 수도 있기 때문에 무작정 비난하면 안된다.#@문장구분# 사회적인 측면으로써의 해결방안은 먼저 앞에 말한 확인되지 않은 사실을 게시하여 사람들에게 혼동을 주면 안된다.#@문장구분# 그리고, 남혐/여혐이 없는 세상을 만들자라는 주제의 캠페인을 실시하고, 학교에서 남혐/여혐 방지 교육을 한다.#@문장구분# 정부에서는 남혐/여혐을 할시에 처벌을 강화하고, 남혐/여혐이 주 목적인 사이트들에 제재를 가하거나 사이트를 삭제 시키는 것이 좋을것같다.#@문장구분# 또, 여성과남성의 임금을 똑같이 하여 남녀 차별과 불만이 없어지도록 하는 것이 좋을것같다. #@문장구분#이렇게 남혐/여혐 문제의 해결책을 다뤄 보았는데, 나는 이 문제에 대해서 안타깝게 생각한다.#@문장구분#  일단 남자나 여자나 같은 사람인데 왜 서로 잡아먹으려 하는지 모르겠다.#@문장구분#",
      "paragraph_len": 1072,
      "paragraph_id": "001"
    }
  ],
  "score": {
    "paragraph_score": [
      {
        "paragraph_scoreT": [
          3,
          2.6,
          2.6
        ],
        "paragraph_scoreT_detail": {
          "paragraph_scoreT_exp": [
            [
              3,
              3,
              3
            ],
            [
              3,
              3,
              2
            ],
            [
              3,
              2,
              3
            ]
          ]
        },
        "paragraph_scoreT_avg": 2.7333333,
        "paragraph_id": "001"
      }
    ],
    "essay_scoreT": [
      30,
      25.099998,
      25.8
    ],
    "essay_scoreT_avg": 26.966665,
    "essay_scoreT_detail": {
      "essay_scoreT_org": [
        [
          3,
          0,
          3,
          3
        ],
        [
          2,
          0,
          3,
          2
        ],
        [
          2,
          0,
          3,
          3
        ]
      ],
      "essay_scoreT_cont": [
        [
          3,
          3,
          3,
          3
        ],
        [
          3,
          2,
          2,
          3
        ],
        [
          3,
          3,
          3,
          2
        ]
      ],
      "essay_scoreT_exp": [
        [
          3,
          3,
          3
        ],
        [
          3,
          3,
          2
        ],
        [
          3,
          2,
          3
        ]
      ]
    }
  },
  "student": {
    "date": "2021.12.15",
    "student_educated": true,
    "student_grade": "고등_1학년",
    "location": "063",
    "student_grade_group": "고등",
    "student_reading": 2
  },
  "rubric": {
    "essay_grade": "고등_1학년",
    "organization_weight": {
      "org_paragraph": 0,
      "org": 3,
      "org_essay": 6,
      "org_coherence": 3,
      "org_quantity": 1
    },
    "essay_type": "대안제시",
    "content_weight": {
      "con_clearance": 3,
      "con_novelty": 3,
      "con": 4,
      "con_prompt": 1,
      "con_description": 3
    },
    "essay_main_subject": "남녀 갈등 해결 방안",
    "expression_weight": {
      "exp_style": 4,
      "exp_grammar": 2,
      "exp_vocab": 4,
      "exp": 3
    }
  },
  "correction": [],
  "info": {
    "essay_id": "ESSAY_62502",
    "essay_prompt": " 남녀 갈등은 최근 우리 사회에서 가장 뜨거운 이슈 중 하나입니다. 이러한 갈등은 아직 간극을 좁히지 못하고 현재 사회적인 문제로 자리 잡았습니다.\n\n 군 가산점 문제, 일자리 문제 등 여러 가지 비교 자료들을 토대로 토론을 하고 이를 통해 갈등을 해결하고자 하는 노력이 이루어지고 있습니다.\n\n 과거에는 성차별 심했던 시기가 있었습니다. 여자와 남자를 구별 지어 일을 주는 경우도 많았습니다. 하지만, 현재는 여자와 남자라는 성별을 떠나서 나이, 국적을 불문하고 모두에게 평등한 기회를 주기 위해 노력하고 있습니다.\n\n 이렇게 모두의 노력에도 불구하고 아직 해결되지 않았거나 해결될 기미가 보이지 않는 양성평등 문제가 있을까요?\n\n 아주 작은 사소한 일이라도 좋습니다. 여러분이 생각하는 우리 주변의 양성평등 문제를 하나 작성해보고 어떻게 해결할 수 있을지 혹은 무엇이 바뀌어야 해결될 것 같은지 본인의 생각을 설명해주세요. ",
    "essay_type": "대안제시",
    "essay_level": "1",
    "essay_len": 792,
    "essay_main_subject": "남녀 갈등 해결 방안"
  }
}