{
  "paragraph": [
    {
      "paragraph_txt": "여자는 집안 일을 해야하며 남자는 밖에서 일을 해야 한다는 것은 올바르지 못한 생각이라고 생각한다.#@문장구분# 동물을 분류해 보면 말을 할 수 있고 생각 할 수 있는 등 뛰어난 머리를 가진 고등동물이 있는 반면 뛰어나지 못한 하등 동물이 있다. #@문장구분#그리고 한가지 방법이 더 있는데 그것은 남자와 여자다.#@문장구분# 하지만 이들 보다 더 뛰어난 머리를 가진 우리 사람의 다른 점은 남자와 여자는 머리에서 발끝까지 모두 다르다는 점이다.#@문장구분# 하지만 우리의 공통점은 똑같은 대우를 받아야하는 사람이라는 것이다.#@문장구분# 하지만 우리의 선조 들은 모두 똑같이 귀중한 생명을 가지고 있는 사람을 차별한다라는 점에서라도 잘못됐다고 생각한다.#@문장구분# 굳이 여자와 남자를 차별해야 했을까???#@문장구분# 남자는 집안을 먹여 살리고 대를 잊기 때문에 학교에 다니고, 여자는 남편만 잘 만다면 된다고 집안을 하라고 한다.#@문장구분# 이렇게 바르지 못한 생각을 하고 여태껏 살아온 우리들이다.#@문장구분# 남녀 칠세 부동석 이라는 말이 있다.#@문장구분# 여자와 남자는 일곱 세가 되면 따로 떨어져서 생활해야 한다 라는 뜻이다.#@문장구분# 하지만 우리 사회는 급속도로 달라지고 있다.#@문장구분# 그래서 양성평등이라는 말이 생겼다고 생각한다.#@문장구분# 우리의 생활, 작은 의식에서부터 양성평등의 사고를 가지고 조화로운 세상을 만들어 나갈 준비를 해나가야 한다고 생각한다.#@문장구분# 앞으로의 미래는 남녀 서로 사랑하고 아껴주며 화목하게 지내는 미래를 꿈꾸면 좋겠다. #@문장구분#그렇게 된다면 서로 싸우지 않고 혐오하지 않고 서로서로 사랑하며 아껴주는 사회가 될 것이라고 믿어 의심치 않는다.#@문장구분# 그런 사회가 오기만을 손꼽아 기다린다. #@문장구분#나는 그런 미래가 올 때까지 끝까지 살아남을 것이다.#@문장구분# 화이팅팅팅!!#@문장구분#",
      "paragraph_len": 1182,
      "paragraph_id": "001"
    }
  ],
  "score": {
    "paragraph_score": [
      {
        "paragraph_scoreT": [
          3,
          3,
          3
        ],
        "paragraph_scoreT_detail": {
          "paragraph_scoreT_exp": [
            [
              3,
              3,
              3
            ],
            [
              3,
              3,
              3
            ],
            [
              3,
              3,
              3
            ]
          ]
        },
        "paragraph_scoreT_avg": 3,
        "paragraph_id": "001"
      }
    ],
    "essay_scoreT": [
      25.199999,
      28.4,
      30
    ],
    "essay_scoreT_avg": 27.866667,
    "essay_scoreT_detail": {
      "essay_scoreT_org": [
        [
          3,
          0,
          2,
          2
        ],
        [
          3,
          0,
          3,
          3
        ],
        [
          3,
          0,
          3,
          3
        ]
      ],
      "essay_scoreT_cont": [
        [
          2,
          2,
          3,
          2
        ],
        [
          3,
          2,
          2,
          3
        ],
        [
          3,
          3,
          3,
          3
        ]
      ],
      "essay_scoreT_exp": [
        [
          3,
          3,
          3
        ],
        [
          3,
          3,
          3
        ],
        [
          3,
          3,
          3
        ]
      ]
    }
  },
  "student": {
    "date": "2021.12.13",
    "student_educated": true,
    "student_grade": "고등_1학년",
    "location": "063",
    "student_grade_group": "고등",
    "student_reading": 2
  },
  "rubric": {
    "essay_grade": "고등_1학년",
    "organization_weight": {
      "org_paragraph": 0,
      "org": 3,
      "org_essay": 6,
      "org_coherence": 3,
      "org_quantity": 1
    },
    "essay_type": "대안제시",
    "content_weight": {
      "con_clearance": 3,
      "con_novelty": 3,
      "con": 4,
      "con_prompt": 1,
      "con_description": 3
    },
    "essay_main_subject": "남녀 갈등 해결 방안",
    "expression_weight": {
      "exp_style": 4,
      "exp_grammar": 2,
      "exp_vocab": 4,
      "exp": 3
    }
  },
  "correction": [],
  "info": {
    "essay_id": "ESSAY_62448",
    "essay_prompt": " 남녀 갈등은 최근 우리 사회에서 가장 뜨거운 이슈 중 하나입니다. 이러한 갈등은 아직 간극을 좁히지 못하고 현재 사회적인 문제로 자리 잡았습니다.\n\n 군 가산점 문제, 일자리 문제 등 여러 가지 비교 자료들을 토대로 토론을 하고 이를 통해 갈등을 해결하고자 하는 노력이 이루어지고 있습니다.\n\n 과거에는 성차별 심했던 시기가 있었습니다. 여자와 남자를 구별 지어 일을 주는 경우도 많았습니다. 하지만, 현재는 여자와 남자라는 성별을 떠나서 나이, 국적을 불문하고 모두에게 평등한 기회를 주기 위해 노력하고 있습니다.\n\n 이렇게 모두의 노력에도 불구하고 아직 해결되지 않았거나 해결될 기미가 보이지 않는 양성평등 문제가 있을까요?\n\n 아주 작은 사소한 일이라도 좋습니다. 여러분이 생각하는 우리 주변의 양성평등 문제를 하나 작성해보고 어떻게 해결할 수 있을지 혹은 무엇이 바뀌어야 해결될 것 같은지 본인의 생각을 설명해주세요. ",
    "essay_type": "대안제시",
    "essay_level": "1",
    "essay_len": 802,
    "essay_main_subject": "남녀 갈등 해결 방안"
  }
}