{
  "paragraph": [
    {
      "paragraph_txt": "혐오 시설을 건설한다는것은 당연히 누구에게나 불편한 일이다.#@문장구분# 간단하게 주변에서만 찾아봐도 쓰레기 매립지나 대형 발전소, 페차장, 화장터가 있는데 그곳에 있는 팻말만 보아도 빨간 글씨로 반대한다고 적혀있다 하지만 모두가 싫어해도 누구는 해야할일 이라서 반대가 있어도 그곳에 입지하는 곳이 있다#@문장구분# 그래서 정부는 입지가 확정된 곳에 여러가지 혜택을 주는데 하지만 대부분이 촌이나 시골이기에 아무리 생각해도 주는 인센티브가 너무 부실하다고 생긱한다#@문장구분# 그 인센티브만큼의 가치가 있다면 혐오시설 입지를 반대하지는 않을텐데 말이다 하지만 이것도 문제가 있는데 입지하는데 들어가는 비용도 정부가 담당하고 인센티브도 정부가 담당하면 메우 국가의 제정 상태가 악화될수있다#@문장구분# 다시 인센티브 말고 입지 반대를 회유할만한 정책을 펼치는 것이 있다 #@문장구분#그 지역과 주변 지역을 세금 감면, 인프라 구축, 도시화 사업,기업이전, 공장이전등이 있을것 같다.#@문장구분#  그외에 해외 사례를 찾아보니 미국에서는 쓰레기 매립장 설치가 급한데 미국 정부는 뉴욕 근교 아이슬립이란 곳에서 배출된 쓰레기를 처리하지 못하자 3,168t에 달하는 쓰레기를 바지선 '모브로 4000호'에 싣고 미국 남부 해안까지 6개월 동안 항해하면서 9,600㎞를 떠돌아 다녀야 했다.#@문장구분# 노스캐롤라이나, 플로리다, 엘라배마, 미시시피, 루이지애나, 텍사스 등 미국 남부 6개주를 찾았지만 받아주는 곳이 없었다.#@문장구분# 당시 해당 지역 주민들이 외친 말이 바로 'Not In My Backyard'였다.#@문장구분# 중남미로 방향을 돌려 멕시코, 벨리즈, 바하마까지 갔지만 역시 실패하고 결국 아이슬립으로 되돌아왔다.#@문장구분# 그래서 여기서 님비라는 말이 나타났고 미국정부는 설치해주는 도시 지역에 많은 인센티브를 주기위해 정책을 시행했고 도시 전체 차원에서 이익을 모두가 같이보고 손해도 공평하게 보는 방안을 탐색하여 혐오시설을 설치하였다.#@문장구분#",
      "paragraph_len": 1133,
      "paragraph_id": "001"
    }
  ],
  "score": {
    "paragraph_score": [
      {
        "paragraph_scoreT": [
          3,
          3,
          3
        ],
        "paragraph_scoreT_detail": {
          "paragraph_scoreT_exp": [
            [
              3,
              3,
              3
            ],
            [
              3,
              3,
              3
            ],
            [
              3,
              3,
              3
            ]
          ]
        },
        "paragraph_scoreT_avg": 3,
        "paragraph_id": "001"
      }
    ],
    "essay_scoreT": [
      26,
      29.1,
      30
    ],
    "essay_scoreT_avg": 28.366667,
    "essay_scoreT_detail": {
      "essay_scoreT_org": [
        [
          3,
          0,
          3,
          3
        ],
        [
          3,
          0,
          2,
          3
        ],
        [
          3,
          0,
          3,
          3
        ]
      ],
      "essay_scoreT_cont": [
        [
          2,
          2,
          2,
          2
        ],
        [
          3,
          3,
          3,
          3
        ],
        [
          3,
          3,
          3,
          3
        ]
      ],
      "essay_scoreT_exp": [
        [
          3,
          3,
          3
        ],
        [
          3,
          3,
          3
        ],
        [
          3,
          3,
          3
        ]
      ]
    }
  },
  "student": {
    "date": "2021.10.24",
    "student_educated": true,
    "student_grade": "고등_1학년",
    "location": "063",
    "student_grade_group": "고등",
    "student_reading": 2
  },
  "rubric": {
    "essay_grade": "고등_1학년",
    "organization_weight": {
      "org_paragraph": 0,
      "org": 3,
      "org_essay": 6,
      "org_coherence": 3,
      "org_quantity": 1
    },
    "essay_type": "대안제시",
    "content_weight": {
      "con_clearance": 3,
      "con_novelty": 3,
      "con": 4,
      "con_prompt": 1,
      "con_description": 3
    },
    "essay_main_subject": "혐오시설 건설문제에 대한 본인의 생각",
    "expression_weight": {
      "exp_style": 4,
      "exp_grammar": 2,
      "exp_vocab": 4,
      "exp": 3
    }
  },
  "correction": [],
  "info": {
    "essay_id": "ESSAY_42651",
    "essay_prompt": " 혐오 시설이란 지역 주민에게 공포감이나 고통을 주거나, 주변 지역의 쾌적성이 훼손됨으로써 집값이나 땅값이 내려가는 등 부정적인 외부효과를 유발하는 시설을 의미합니다.\n\n 대표적인 혐오 시설에는 쓰레기 매립장, 원자력발전소, 소각장, 유류저장소 등이 있습니다.\n\n 매립지, 소각장, 쓰레기 하치장 같은 혐오 시설은 그리 위험하지는 않지만, 쓰레기를 취급한다는 점에서 혐오감을 주며, 주변 환경오염 문제가 갈등을 일으킵니다. 특히 소각장은 인구밀도가 높은 대도시에 건설된다는 점에서 반대 운동이 일기도 합니다.\n\n 그런데 서로 반대만 하다 보면 입지를 찾지 못해 결국 모든 주민의 삶의 질이 저하될 수 있습니다.\n\n 정부 차원에서 가장 적절한 장소를 선별하여 건설 후 주변 사람들에게 혜택을 주는 방식이 적절한 방법일까요? 아니면 혐오 시설만을 모아둔 부지를 따로 정해서 건설해야 할까요? 아니면 모든 도시가 공평하게 혐오 시설 건설에 대한 부담을 지니고 하나씩 건설해야 할까요?\n\n 모두가 만족할만한 결과를 내기란 정말 어려운 문제이지만 여러분이 생각하는 가장 합리적이고 좋은 방법을 생각해보세요. 그리고 그 방법을 대안으로 제시하고 그 근거에 대해 작성해주세요.",
    "essay_type": "대안제시",
    "essay_level": "1",
    "essay_len": 913,
    "essay_main_subject": "혐오시설 건설문제에 대한 본인의 생각"
  }
}