{
  "paragraph": [
    {
      "paragraph_txt": "최근 남녀갈등 문제를 언론이나 미디어에서 쉽게 접할 수 있습니다.#@문장구분# 한국사회의 남녀갈등은 비단 최근의 새로운 현상만은 아닐 것입니다.#@문장구분# 식민지 시기 공창제 반대운동, 축첩 반대 운동, 해방 이후 호주제 폐지를 골자로 했던 가족법 개정 운동, 2000년대 초반 군 가산점제를 둘러싼 대립 등 당시 사회의 가부장적 질서에 도전하고 대안을 모색하기 위한 여성들의 움직임은 언제나 차별을 유지하려하는 집단과 충돌해 왔습니다.#@문장구분# 학계에서 간간히 논의되던 '젠더갈등' 이라는 용어가 한국 사회에서 폭발적으로 등장하기 시작한 것은 최근 몇 년 사이입니다.#@문장구분# 언론은 불법 촬영에 대해 '동일 범죄 동일 처벌'을 내세웠던 혜화역 시위, 이수역 쌍방 폭행 사건, 곰탕집 성희롱 사건, 20대 남성의 대통령 지지율 하락 등의 현상을 젠더 갈등의 대표적인 사례로 언급했습니다.#@문장구분# 한국 사회의 역사상 처음으로 일상 속 성차별과 젠더 폭력에 맞선 행동이 봇물처럼 쏟아져 나오던 때 '젠더 갈등'이 그 어느 때보다도 강력하게 공론장에서 부각된 것은 어찌보면 필연일지도 모릅니다.#@문장구분# 하지만 최근의 남녀 갈등은 누가 갈등하고 왜 갈등하고 있는가 라는 부분에서 이전과는 다른 측면이 있습니다.#@문장구분# 과거의 사회에서는 기성세대의 남성이 차별을 통해 특권을 누리는 집단이었지만, 현재는 스스로를 사회적 약자, 역차별의 피해자로 규정하는 남성들과의 갈등이라는 점이 예전과는 다른 부분입니다.#@문장구분# 그렇기에 최근의 남녀 갈등은 성차별의 존재를 인정하는 집단이 아니라 차별이 엄연히 지속되는 현실에도 불구하고 더 이상 성차별은 없다고 주장하는 집단과의 갈등이라고 볼 수 있습니다.#@문장구분# 이처럼 남녀갈등이 심화되고 있는 현대 사회에서 이제는 서로 이해하고 인정하며 남녀갈등을 극복할수 있는 노력이 필요한 시점인 것 같습니다.#@문장구분#",
      "paragraph_len": 1070,
      "paragraph_id": "001"
    }
  ],
  "score": {
    "paragraph_score": [
      {
        "paragraph_scoreT": [
          3,
          3,
          2.2
        ],
        "paragraph_scoreT_detail": {
          "paragraph_scoreT_exp": [
            [
              3,
              3,
              3
            ],
            [
              3,
              3,
              3
            ],
            [
              3,
              2,
              2
            ]
          ]
        },
        "paragraph_scoreT_avg": 2.7333333,
        "paragraph_id": "001"
      }
    ],
    "essay_scoreT": [
      27.5,
      26.6,
      25.1
    ],
    "essay_scoreT_avg": 26.4,
    "essay_scoreT_detail": {
      "essay_scoreT_org": [
        [
          2,
          0,
          3,
          2
        ],
        [
          2,
          0,
          3,
          3
        ],
        [
          3,
          0,
          2,
          3
        ]
      ],
      "essay_scoreT_cont": [
        [
          3,
          3,
          2,
          3
        ],
        [
          3,
          2,
          2,
          3
        ],
        [
          3,
          2,
          2,
          3
        ]
      ],
      "essay_scoreT_exp": [
        [
          3,
          3,
          3
        ],
        [
          3,
          3,
          3
        ],
        [
          3,
          2,
          2
        ]
      ]
    }
  },
  "student": {
    "date": "2021.12.04",
    "student_educated": true,
    "student_grade": "고등_1학년",
    "location": "063",
    "student_grade_group": "고등",
    "student_reading": 2
  },
  "rubric": {
    "essay_grade": "고등_1학년",
    "organization_weight": {
      "org_paragraph": 0,
      "org": 3,
      "org_essay": 6,
      "org_coherence": 3,
      "org_quantity": 1
    },
    "essay_type": "대안제시",
    "content_weight": {
      "con_clearance": 3,
      "con_novelty": 3,
      "con": 4,
      "con_prompt": 1,
      "con_description": 3
    },
    "essay_main_subject": "남녀 갈등 해결 방안",
    "expression_weight": {
      "exp_style": 4,
      "exp_grammar": 2,
      "exp_vocab": 4,
      "exp": 3
    }
  },
  "correction": [],
  "info": {
    "essay_id": "ESSAY_54798",
    "essay_prompt": " 남녀 갈등은 최근 우리 사회에서 가장 뜨거운 이슈 중 하나입니다. 이러한 갈등은 아직 간극을 좁히지 못하고 현재 사회적인 문제로 자리 잡았습니다.\n\n 군 가산점 문제, 일자리 문제 등 여러 가지 비교 자료들을 토대로 토론을 하고 이를 통해 갈등을 해결하고자 하는 노력이 이루어지고 있습니다.\n\n 과거에는 성차별 심했던 시기가 있었습니다. 여자와 남자를 구별 지어 일을 주는 경우도 많았습니다. 하지만, 현재는 여자와 남자라는 성별을 떠나서 나이, 국적을 불문하고 모두에게 평등한 기회를 주기 위해 노력하고 있습니다.\n\n 이렇게 모두의 노력에도 불구하고 아직 해결되지 않았거나 해결될 기미가 보이지 않는 양성평등 문제가 있을까요?\n\n 아주 작은 사소한 일이라도 좋습니다. 여러분이 생각하는 우리 주변의 양성평등 문제를 하나 작성해보고 어떻게 해결할 수 있을지 혹은 무엇이 바뀌어야 해결될 것 같은지 본인의 생각을 설명해주세요. ",
    "essay_type": "대안제시",
    "essay_level": "1",
    "essay_len": 870,
    "essay_main_subject": "남녀 갈등 해결 방안"
  }
}