{
  "paragraph": [
    {
      "paragraph_txt": "혐오시설'에 대한 'nimby'현상이란, 쓰레기 소각장, 원자력 발전소 종교건물 등 공익을 위해서는 반드시 필요한 시설이지만, 개인이 속한 지역에는 이롭지 않다고 생각되어 이를 반대하는 현상입니다.#@문장구분# 민주주의의 보편화로 인해 국민생활에 대한 의견표출이 늘고, 지역 이기주의의 확산에 따라 이러한 현상의 빈도가 점점 늘고 있습니다.#@문장구분# 이는 소수 주민들과 그 사회간의 단순한 갈등뿐만아니라, 정치적인 문제로도 이어질 수 있기에 여러 단체들은 이를 해결하기 위해서 다음과 같은 해결방안을 실천해야 한다고 생각합니다.#@문장구분#",
      "paragraph_len": 343,
      "paragraph_id": "001"
    },
    {
      "paragraph_txt": "  가장 기본적인 방법으로, 대화와 타협, 그리고 조율의 방법으로, 서로의 이해관계를 헤아려 보는 것이 중요합니다.#@문장구분# 이떄, 서로는 기대이익을 부풀리지 않고, 서로의 입장에서 도덕과 윤리의식을 포함하는 참여의식을 지녀야 합니다.#@문장구분# ",
      "paragraph_len": 167,
      "paragraph_id": "002"
    },
    {
      "paragraph_txt": "  하지만, 아무래도 주민들과 지방자치단체 등의 이익과 손해를 둘러싼 갈등이기에, 쉽사리 해결될 문제가 아니라고 판단될 때는 국가의 적극적 개입을 촉진시켜 외부에서 해결되도록 할 수 있습니다.#@문장구분# 또한, 사후 배상또는 보상을 확실히 하여야 합니다.#@문장구분# 소수의 주민과 단체간의 의견이 충돌할 경우, 일부 인센티브를 지원하여 서로의 갈등을 완화시키는 방법이 필요합니다.#@문장구분# 실제로 제주도의 폐수처리장 설치문제를 두고, 갈등이 있었는데 건설하는 단체 측에서 시의 지원을 받아 추가적인 친화경 바이오 에너지를 활용할 수 있는 시설을 건축하기로 했다.#@문장구분# 에너지를 만들어 이윤을 내고, 바이오 에너지를 통해 주민들에게 무상으로 온수를 공급한다는 점에서 서로의 갈등이 완화되었습니다.#@문장구분# 추가적으로, 청주의 에너지 타운 설치 등의 예가 있습니다.#@문장구분#",
      "paragraph_len": 521,
      "paragraph_id": "003"
    }
  ],
  "score": {
    "paragraph_score": [
      {
        "paragraph_scoreT": [
          3,
          3,
          3
        ],
        "paragraph_scoreT_detail": {
          "paragraph_scoreT_exp": [
            [
              3,
              3,
              3
            ],
            [
              3,
              3,
              3
            ],
            [
              3,
              3,
              3
            ]
          ]
        },
        "paragraph_scoreT_avg": 3,
        "paragraph_id": "001"
      },
      {
        "paragraph_scoreT": [
          2.6,
          3,
          3
        ],
        "paragraph_scoreT_detail": {
          "paragraph_scoreT_exp": [
            [
              3,
              2,
              3
            ],
            [
              3,
              3,
              3
            ],
            [
              3,
              3,
              3
            ]
          ]
        },
        "paragraph_scoreT_avg": 2.8666668,
        "paragraph_id": "002"
      },
      {
        "paragraph_scoreT": [
          2.6,
          3,
          2.6
        ],
        "paragraph_scoreT_detail": {
          "paragraph_scoreT_exp": [
            [
              3,
              2,
              3
            ],
            [
              3,
              3,
              3
            ],
            [
              3,
              2,
              3
            ]
          ]
        },
        "paragraph_scoreT_avg": 2.7333333,
        "paragraph_id": "003"
      }
    ],
    "essay_scoreT": [
      24.3,
      24.9,
      27
    ],
    "essay_scoreT_avg": 25.4,
    "essay_scoreT_detail": {
      "essay_scoreT_org": [
        [
          2,
          0,
          3,
          2
        ],
        [
          2,
          0,
          2,
          3
        ],
        [
          2,
          0,
          3,
          3
        ]
      ],
      "essay_scoreT_cont": [
        [
          3,
          2,
          3,
          2
        ],
        [
          3,
          2,
          3,
          2
        ],
        [
          3,
          2,
          3,
          3
        ]
      ],
      "essay_scoreT_exp": [
        [
          3,
          2,
          3
        ],
        [
          3,
          3,
          3
        ],
        [
          3,
          3,
          3
        ]
      ]
    }
  },
  "student": {
    "date": "2021.09.07",
    "student_educated": true,
    "student_grade": "고등_1학년",
    "location": "051",
    "student_grade_group": "고등",
    "student_reading": 2
  },
  "rubric": {
    "essay_grade": "고등_1학년",
    "organization_weight": {
      "org_paragraph": 0,
      "org": 3,
      "org_essay": 6,
      "org_coherence": 3,
      "org_quantity": 1
    },
    "essay_type": "대안제시",
    "content_weight": {
      "con_clearance": 3,
      "con_novelty": 3,
      "con": 4,
      "con_prompt": 1,
      "con_description": 3
    },
    "essay_main_subject": "혐오시설 건설문제에 대한 본인의 생각",
    "expression_weight": {
      "exp_style": 4,
      "exp_grammar": 2,
      "exp_vocab": 4,
      "exp": 3
    }
  },
  "correction": [],
  "info": {
    "essay_id": "ESSAY_33820",
    "essay_prompt": " 혐오 시설이란 지역 주민에게 공포감이나 고통을 주거나, 주변 지역의 쾌적성이 훼손됨으로써 집값이나 땅값이 내려가는 등 부정적인 외부효과를 유발하는 시설을 의미합니다.\n\n 대표적인 혐오 시설에는 쓰레기 매립장, 원자력발전소, 소각장, 유류저장소 등이 있습니다.\n\n 매립지, 소각장, 쓰레기 하치장 같은 혐오 시설은 그리 위험하지는 않지만, 쓰레기를 취급한다는 점에서 혐오감을 주며, 주변 환경오염 문제가 갈등을 일으킵니다. 특히 소각장은 인구밀도가 높은 대도시에 건설된다는 점에서 반대 운동이 일기도 합니다.\n\n 그런데 서로 반대만 하다 보면 입지를 찾지 못해 결국 모든 주민의 삶의 질이 저하될 수 있습니다.\n\n 정부 차원에서 가장 적절한 장소를 선별하여 건설 후 주변 사람들에게 혜택을 주는 방식이 적절한 방법일까요? 아니면 혐오 시설만을 모아둔 부지를 따로 정해서 건설해야 할까요? 아니면 모든 도시가 공평하게 혐오 시설 건설에 대한 부담을 지니고 하나씩 건설해야 할까요?\n\n 모두가 만족할만한 결과를 내기란 정말 어려운 문제이지만 여러분이 생각하는 가장 합리적이고 좋은 방법을 생각해보세요. 그리고 그 방법을 대안으로 제시하고 그 근거에 대해 작성해주세요.",
    "essay_type": "대안제시",
    "essay_level": "1",
    "essay_len": 816,
    "essay_main_subject": "혐오시설 건설문제에 대한 본인의 생각"
  }
}