{
  "paragraph": [
    {
      "paragraph_txt": "도시미관상 문제로 제기된 전주 효자공원묘지라는 곳이 있다.#@문장구분# 이곳은 서부신시가지와 인접하고 혁신도시와 서부신시가지를 연결하는 도로 인근에 위치해 꾸준히 미관상 문제가 제기되오던 혐오시설 중 한 곳이다.#@문장구분# 전주시는 효자공원묘지 대책 마련을 위한 다울마당을 개최하고 향후 방향 설정에 나섰다고 한다.#@문장구분# 다울마당에서는 대부분이 공원화를 통한 시민 편익시설 설치로 의견이 모아졌고 시는 공원화를 위해 먼저 효자공원묘지 내 사유지 대부분이 도로에 인접한 점을 고려해 장기미집행 시설로 묶인 개인 개인 사유지를 우선 매입하는 안을 고려 중이라고 한다.#@문장구분# 공원화는 최초 도로에 인접하고, 신시가지에서 시야에 들어오는 석축 형태로 구성된 무연고 묘 등을 포함한 봉분은 화장을 통한 봉안당, 자연장, 이장을 유도한다는 방침을 세웠다.#@문장구분# 화장시설인 승화원과 관련해 40년 된 노후시설로 이전의 필요성에 공감대를 형성하고 효자공원 묘지 내로 이전하는 안을 검토 중이며 시는 승화원 내 화장로 6기 중 4기를 교체하는 등 시설 노후화가 심각한 상태였다.#@문장구분# 시는 승화원이 공원묘지 인근에 있는 점, 노후화, 미관상 이유 등으로 공원묘지 내 북측에 있는 개인사유지를 매입해 추진하는 안을 유력하게 검토하고 있다고 한다.#@문장구분# 이런식으로 노후화로 인한 이전이나 미관상의 이유로 혐오시설로 분리된 시설이었으나 시가 직접 나서 공원화로 추진하는 등의 모습을 보인 것에 대해 만족할만한 결과로 다가올 수 있지 않나 싶다.#@문장구분# 최근 이런 식으로 노후화 등의 이유로 더 이상 사용마저 불가능한 혐오시설의 경우 공원 등의 미관조성, 문화적 가치가 있는 시설 등으로 탈바꿈하는 경우가 있는데 이런 것을 혐오 시설을 짓기 전부터 미리 계획을 해서 혐오 시설 구축에 대한 인식을 조금이나마 개선하는 방향이 매우 중요할 것이라고 생각한다.#@문장구분#",
      "paragraph_len": 1061,
      "paragraph_id": "001"
    },
    {
      "paragraph_txt": " 혐오시설에 대한 구축을 하기전 그에대한 인식방안이나 대책또한 매우 중요하다고 생각한다.#@문장구분#",
      "paragraph_len": 69,
      "paragraph_id": "002"
    }
  ],
  "score": {
    "paragraph_score": [
      {
        "paragraph_scoreT": [
          3,
          2.4,
          2.8
        ],
        "paragraph_scoreT_detail": {
          "paragraph_scoreT_exp": [
            [
              3,
              3,
              3
            ],
            [
              2,
              2,
              3
            ],
            [
              2,
              3,
              3
            ]
          ]
        },
        "paragraph_scoreT_avg": 2.7333333,
        "paragraph_id": "001"
      },
      {
        "paragraph_scoreT": [
          2.8,
          2.4,
          2.8
        ],
        "paragraph_scoreT_detail": {
          "paragraph_scoreT_exp": [
            [
              2,
              3,
              3
            ],
            [
              2,
              2,
              3
            ],
            [
              2,
              3,
              3
            ]
          ]
        },
        "paragraph_scoreT_avg": 2.6666667,
        "paragraph_id": "002"
      }
    ],
    "essay_scoreT": [
      27.3,
      21.2,
      28.2
    ],
    "essay_scoreT_avg": 25.566666,
    "essay_scoreT_detail": {
      "essay_scoreT_org": [
        [
          3,
          0,
          2,
          3
        ],
        [
          2,
          0,
          2,
          2
        ],
        [
          3,
          0,
          3,
          3
        ]
      ],
      "essay_scoreT_cont": [
        [
          3,
          2,
          3,
          3
        ],
        [
          2,
          2,
          2,
          2
        ],
        [
          3,
          2,
          3,
          3
        ]
      ],
      "essay_scoreT_exp": [
        [
          2,
          3,
          3
        ],
        [
          2,
          2,
          3
        ],
        [
          2,
          3,
          3
        ]
      ]
    }
  },
  "student": {
    "date": "2021.10.18",
    "student_educated": true,
    "student_grade": "고등_1학년",
    "location": "02",
    "student_grade_group": "고등",
    "student_reading": 2
  },
  "rubric": {
    "essay_grade": "고등_1학년",
    "organization_weight": {
      "org_paragraph": 0,
      "org": 3,
      "org_essay": 6,
      "org_coherence": 3,
      "org_quantity": 1
    },
    "essay_type": "대안제시",
    "content_weight": {
      "con_clearance": 3,
      "con_novelty": 3,
      "con": 4,
      "con_prompt": 1,
      "con_description": 3
    },
    "essay_main_subject": "혐오시설 건설문제에 대한 본인의 생각",
    "expression_weight": {
      "exp_style": 4,
      "exp_grammar": 2,
      "exp_vocab": 4,
      "exp": 3
    }
  },
  "correction": [],
  "info": {
    "essay_id": "ESSAY_37984",
    "essay_prompt": " 혐오 시설이란 지역 주민에게 공포감이나 고통을 주거나, 주변 지역의 쾌적성이 훼손됨으로써 집값이나 땅값이 내려가는 등 부정적인 외부효과를 유발하는 시설을 의미합니다.\n\n 대표적인 혐오 시설에는 쓰레기 매립장, 원자력발전소, 소각장, 유류저장소 등이 있습니다.\n\n 매립지, 소각장, 쓰레기 하치장 같은 혐오 시설은 그리 위험하지는 않지만, 쓰레기를 취급한다는 점에서 혐오감을 주며, 주변 환경오염 문제가 갈등을 일으킵니다. 특히 소각장은 인구밀도가 높은 대도시에 건설된다는 점에서 반대 운동이 일기도 합니다.\n\n 그런데 서로 반대만 하다 보면 입지를 찾지 못해 결국 모든 주민의 삶의 질이 저하될 수 있습니다.\n\n 정부 차원에서 가장 적절한 장소를 선별하여 건설 후 주변 사람들에게 혜택을 주는 방식이 적절한 방법일까요? 아니면 혐오 시설만을 모아둔 부지를 따로 정해서 건설해야 할까요? 아니면 모든 도시가 공평하게 혐오 시설 건설에 대한 부담을 지니고 하나씩 건설해야 할까요?\n\n 모두가 만족할만한 결과를 내기란 정말 어려운 문제이지만 여러분이 생각하는 가장 합리적이고 좋은 방법을 생각해보세요. 그리고 그 방법을 대안으로 제시하고 그 근거에 대해 작성해주세요.",
    "essay_type": "대안제시",
    "essay_level": "1",
    "essay_len": 933,
    "essay_main_subject": "혐오시설 건설문제에 대한 본인의 생각"
  }
}