{
  "paragraph": [
    {
      "paragraph_txt": "물론 언제나 우리 삶엔 양성평등에 고려를 해야 되자만, 지금으써 제일 많이 생각해야될 큰 문제이다.#@문장구분# 양성평등을 유지를 하기위해서는 '남녀차별'을 깊게 생각하야 한다.#@문장구분# 남녀차별은 어디에서나 볼수 있다.#@문장구분#정말 남녀차별은 하루 빨리 없어져야 할 큰 단어이기도 하며, 큰 문제이기도 하다.#@문장구분# 모두가 조금만 이해해주고 협력만 해준다면 어느듯 양성평등을 유지할 것이다.#@문장구분# ' 남자는 이걸 못한다. 여자는 여자 니깐 이걸 못할것이다.!' 라는 부정적인 생각을 버리자! 이다.#@문장구분# 긍정적으로 '남자는 이걸 잘할수있다! 여자는 섬세하니깐 할수있다!' 라는 말로 되살려 보고 그렇게 생각을 하는 것이다.#@문장구분# 양성평등은 모두가 똑같이 대우를 받는것이라고 생각한다.#@문장구분# 양성평등을 유지를 하기위해서는 '남녀차별'을 깊게 생각하야 한다.#@문장구분# 모두가 조금만 이해해주고 협력만 해준다면 어느듯 양성평등을 유지할 것이다.#@문장구분# 정말 하루 빨리 양성평등으로 유지 되고 남녀 차별도 하루 빨리 사라져야 한다. #@문장구분#그래야지만 , 작은 씨앗이 싹이나고 꽃이되고 열매가 맺은 과정을 볼수 있을 것이다.#@문장구분#우리는 열매가 열리는 것처럼 양성평등도 곱게 열려야 할 것이다.#@문장구분# 그 열매가 열려 따먹을 수 있을 때까지 우리 모두 열심히 살면서 꼭 그 날을 기다려야겠다.#@문장구분# 나는 꼭 죽기 전에 남자와 여자가 서로 평등한 사회가 오는 것을 봐야겠다.#@문장구분# 남자와 여자 서로 사랑하고 아껴주며 화목하게 지내야지 왜 싸우고 헐뜯고 비방하는건지 잘 모르겠다.#@문장구분# 서로 사랑하고 아껴줘도 모자른 시간인데, 서로 싸우고 헐뜯고 비방이나 하고있다니.... 나는 서로를 사랑하고 아껴주는 사람이 먼저 되어야겠다.#@문장구분#",
      "paragraph_len": 1126,
      "paragraph_id": "001"
    }
  ],
  "score": {
    "paragraph_score": [
      {
        "paragraph_scoreT": [
          2.4,
          2.8,
          3
        ],
        "paragraph_scoreT_detail": {
          "paragraph_scoreT_exp": [
            [
              2,
              2,
              3
            ],
            [
              2,
              3,
              3
            ],
            [
              3,
              3,
              3
            ]
          ]
        },
        "paragraph_scoreT_avg": 2.7333333,
        "paragraph_id": "001"
      }
    ],
    "essay_scoreT": [
      25.500002,
      27.8,
      30
    ],
    "essay_scoreT_avg": 27.766668,
    "essay_scoreT_detail": {
      "essay_scoreT_org": [
        [
          3,
          0,
          3,
          2
        ],
        [
          3,
          0,
          3,
          3
        ],
        [
          3,
          0,
          3,
          3
        ]
      ],
      "essay_scoreT_cont": [
        [
          3,
          2,
          3,
          2
        ],
        [
          3,
          2,
          2,
          3
        ],
        [
          3,
          3,
          3,
          3
        ]
      ],
      "essay_scoreT_exp": [
        [
          2,
          2,
          3
        ],
        [
          2,
          3,
          3
        ],
        [
          3,
          3,
          3
        ]
      ]
    }
  },
  "student": {
    "date": "2021.12.13",
    "student_educated": true,
    "student_grade": "고등_1학년",
    "location": "063",
    "student_grade_group": "고등",
    "student_reading": 2
  },
  "rubric": {
    "essay_grade": "고등_1학년",
    "organization_weight": {
      "org_paragraph": 0,
      "org": 3,
      "org_essay": 6,
      "org_coherence": 3,
      "org_quantity": 1
    },
    "essay_type": "대안제시",
    "content_weight": {
      "con_clearance": 3,
      "con_novelty": 3,
      "con": 4,
      "con_prompt": 1,
      "con_description": 3
    },
    "essay_main_subject": "남녀 갈등 해결 방안",
    "expression_weight": {
      "exp_style": 4,
      "exp_grammar": 2,
      "exp_vocab": 4,
      "exp": 3
    }
  },
  "correction": [],
  "info": {
    "essay_id": "ESSAY_62453",
    "essay_prompt": " 남녀 갈등은 최근 우리 사회에서 가장 뜨거운 이슈 중 하나입니다. 이러한 갈등은 아직 간극을 좁히지 못하고 현재 사회적인 문제로 자리 잡았습니다.\n\n 군 가산점 문제, 일자리 문제 등 여러 가지 비교 자료들을 토대로 토론을 하고 이를 통해 갈등을 해결하고자 하는 노력이 이루어지고 있습니다.\n\n 과거에는 성차별 심했던 시기가 있었습니다. 여자와 남자를 구별 지어 일을 주는 경우도 많았습니다. 하지만, 현재는 여자와 남자라는 성별을 떠나서 나이, 국적을 불문하고 모두에게 평등한 기회를 주기 위해 노력하고 있습니다.\n\n 이렇게 모두의 노력에도 불구하고 아직 해결되지 않았거나 해결될 기미가 보이지 않는 양성평등 문제가 있을까요?\n\n 아주 작은 사소한 일이라도 좋습니다. 여러분이 생각하는 우리 주변의 양성평등 문제를 하나 작성해보고 어떻게 해결할 수 있을지 혹은 무엇이 바뀌어야 해결될 것 같은지 본인의 생각을 설명해주세요. ",
    "essay_type": "대안제시",
    "essay_level": "1",
    "essay_len": 787,
    "essay_main_subject": "남녀 갈등 해결 방안"
  }
}