{
  "paragraph": [
    {
      "paragraph_txt": "우리나라에는 많은 에너지를 원자력발전소로부터 얻고 있다.#@문장구분# 하지만 일본에서 대지진으로 인한 방사능 유출로 많은 사람이 죽고 수십 년 동안 고통받는다는 것을 알게 된 이후로 원자력발전소와 인근 주민들 사이의 갈등과 피해는 심각해지고 있다. #@문장구분#지금도 계속되고 있는 이 문제를 하루 빨리 해결하기 위해서는 대안을 찾아야하고 내가 제시할 대안은 3가지 정도이다.#@문장구분#",
      "paragraph_len": 256,
      "paragraph_id": "001"
    },
    {
      "paragraph_txt": " 첫째, 모든 세대를 위한 보상을 해주는 것이다. #@문장구분#먼저 모든 사람들에게 방사능 피폭 확인을 위한 의료 서비스를 주기적으로 계속 제공한다. #@문장구분#그리고 노인분들께는 요양원 같은 서비스시설을 만들어드리고 청년층에게는 장학금 또는 취업할 때 취업 혜택을 줄 수도 있다. #@문장구분#원자력 발전소를 담당하는 한수원, 혹은 다른 공기업과 연결해서 혜택을 주는 것이다. #@문장구분#이렇게 의료서비스와 다양한 혜택을 제공한다면 주민들의 걱저이 줄어들 수 있다.#@문장구분#",
      "paragraph_len": 335,
      "paragraph_id": "002"
    },
    {
      "paragraph_txt": " 둘째, 보상이 아닌 주민들을 최대한 효율적인 방법으로 이주시키는 것이다.#@문장구분# 현재 주민들의 땅과 집을 한수원이 사서 주민들은 그 돈으로 이주하고 그 땅에 발전소 직원들을 위한 시설 그리고 아파트를 만들 수 있다.#@문장구분# 다른 방법으로는 그 지역의 상권을 만들기 위해 산 땅을 다른 사람에게 다시 팔 수도 있다. #@문장구분#최대한 돈을 적게 써서 주민들을 이주시키는 것이다.#@문장구분#\n마지막으로는 결국 궁극적인 목표 탈원전을 하는 것이다.#@문장구분# 이 방법은 현재보다는 미래 세대를 위한 것이다. #@문장구분#조금씩 천천히 원자력만큼의 에너지 생산이 가능한 기술로 대체한다면 탈원전이 가능할 것이고 미래의 인근 주민들은 걱정없이 편하게 살 수 있을 것이다.#@문장구분#\n내가 생각한 방법 이외에도 다른 대안이 충분히 있을 수 있다.#@문장구분# 하지만 모든 대안의 목표가 원자력과 관련된 문제를 해결하는 것이고 하루 빨리 대안을 실행해야 한다는 것은 동일하다.#@문장구분# 얼른 문제가 해결되어 모두가 걱정없이 살았으면 좋겠다.#@문장구분#",
      "paragraph_len": 669,
      "paragraph_id": "003"
    }
  ],
  "score": {
    "paragraph_score": [
      {
        "paragraph_scoreT": [
          3,
          3,
          2
        ],
        "paragraph_scoreT_detail": {
          "paragraph_scoreT_exp": [
            [
              3,
              3,
              3
            ],
            [
              3,
              3,
              3
            ],
            [
              2,
              2,
              2
            ]
          ]
        },
        "paragraph_scoreT_avg": 2.6666667,
        "paragraph_id": "001"
      },
      {
        "paragraph_scoreT": [
          3,
          3,
          3
        ],
        "paragraph_scoreT_detail": {
          "paragraph_scoreT_exp": [
            [
              3,
              3,
              3
            ],
            [
              3,
              3,
              3
            ],
            [
              3,
              3,
              3
            ]
          ]
        },
        "paragraph_scoreT_avg": 3,
        "paragraph_id": "002"
      },
      {
        "paragraph_scoreT": [
          3,
          3,
          3
        ],
        "paragraph_scoreT_detail": {
          "paragraph_scoreT_exp": [
            [
              3,
              3,
              3
            ],
            [
              3,
              3,
              3
            ],
            [
              3,
              3,
              3
            ]
          ]
        },
        "paragraph_scoreT_avg": 3,
        "paragraph_id": "003"
      }
    ],
    "essay_scoreT": [
      26.900002,
      24.9,
      27.800001
    ],
    "essay_scoreT_avg": 26.533335,
    "essay_scoreT_detail": {
      "essay_scoreT_org": [
        [
          3,
          0,
          3,
          2
        ],
        [
          2,
          0,
          2,
          3
        ],
        [
          2,
          0,
          3,
          3
        ]
      ],
      "essay_scoreT_cont": [
        [
          2,
          2,
          2,
          3
        ],
        [
          3,
          2,
          3,
          2
        ],
        [
          3,
          3,
          2,
          3
        ]
      ],
      "essay_scoreT_exp": [
        [
          3,
          3,
          3
        ],
        [
          3,
          3,
          3
        ],
        [
          3,
          3,
          3
        ]
      ]
    }
  },
  "student": {
    "date": "2021.09.07",
    "student_educated": true,
    "student_grade": "고등_1학년",
    "location": "051",
    "student_grade_group": "고등",
    "student_reading": 2
  },
  "rubric": {
    "essay_grade": "고등_1학년",
    "organization_weight": {
      "org_paragraph": 0,
      "org": 3,
      "org_essay": 6,
      "org_coherence": 3,
      "org_quantity": 1
    },
    "essay_type": "대안제시",
    "content_weight": {
      "con_clearance": 3,
      "con_novelty": 3,
      "con": 4,
      "con_prompt": 1,
      "con_description": 3
    },
    "essay_main_subject": "혐오시설 건설문제에 대한 본인의 생각",
    "expression_weight": {
      "exp_style": 4,
      "exp_grammar": 2,
      "exp_vocab": 4,
      "exp": 3
    }
  },
  "correction": [],
  "info": {
    "essay_id": "ESSAY_33877",
    "essay_prompt": " 혐오 시설이란 지역 주민에게 공포감이나 고통을 주거나, 주변 지역의 쾌적성이 훼손됨으로써 집값이나 땅값이 내려가는 등 부정적인 외부효과를 유발하는 시설을 의미합니다.\n\n 대표적인 혐오 시설에는 쓰레기 매립장, 원자력발전소, 소각장, 유류저장소 등이 있습니다.\n\n 매립지, 소각장, 쓰레기 하치장 같은 혐오 시설은 그리 위험하지는 않지만, 쓰레기를 취급한다는 점에서 혐오감을 주며, 주변 환경오염 문제가 갈등을 일으킵니다. 특히 소각장은 인구밀도가 높은 대도시에 건설된다는 점에서 반대 운동이 일기도 합니다.\n\n 그런데 서로 반대만 하다 보면 입지를 찾지 못해 결국 모든 주민의 삶의 질이 저하될 수 있습니다.\n\n 정부 차원에서 가장 적절한 장소를 선별하여 건설 후 주변 사람들에게 혜택을 주는 방식이 적절한 방법일까요? 아니면 혐오 시설만을 모아둔 부지를 따로 정해서 건설해야 할까요? 아니면 모든 도시가 공평하게 혐오 시설 건설에 대한 부담을 지니고 하나씩 건설해야 할까요?\n\n 모두가 만족할만한 결과를 내기란 정말 어려운 문제이지만 여러분이 생각하는 가장 합리적이고 좋은 방법을 생각해보세요. 그리고 그 방법을 대안으로 제시하고 그 근거에 대해 작성해주세요.",
    "essay_type": "대안제시",
    "essay_level": "1",
    "essay_len": 905,
    "essay_main_subject": "혐오시설 건설문제에 대한 본인의 생각"
  }
}