{
  "paragraph": [
    {
      "paragraph_txt": "과거에는 성차별 심했던 시기에 여자와 남자를 구별 지어 일을 주는 경우도 많았지만 현재는 여자와 남자라는 성별을 떠나서 나이, 국적을 불문하고 모두에게 평등한 기회를 주기 위해 노력하고 있다.#@문장구분# 인류는 현대사회로 들어서면서 신분보다 자유와 평등을 강조했다.#@문장구분# 몇 년 전만 하더라도 페미니스트들의 남성혐오 문제는 소수의 목소리로써 큰 사회적 문제로 여겨지지 않았다.#@문장구분# 하지만 이 페미니즘을 정치적 수단으로 이용함으로써 '평등'에 예민한 이대남들의 분노를 샀다.#@문장구분# 턱없이 낮아진 여경 채용 기준이나 여성할당제, 여성관련 혜택과 복지정책 등에 분노한 이대남들 중 일부는 여성혐오로 나아가기도 했다.#@문장구분# 이렇게 2021년 대한민국은 여성과 남성이 양극화되어 서로를 혐오하고 배척하는 젠더갈등이 극도로 심화된 것이다.#@문장구분# 하지만 각 성은 서로가 없으면 존재할 수 없다.#@문장구분# 남성이 없으면 여성은 없다.#@문장구분# 여성이 없다면 남성 또한 존재할 수 없다.#@문장구분# 그렇기 때문에 조화와 화합의 대한민국을 만들기 위해선 이 남녀간 혐오문제는 꼭 사라져야만 하는 사회문제이다.#@문장구분# 그렇다면 이 남혐/여혐의 해결책은 무엇일까?#@문장구분# 첫 번째로는 각 성에 대한 차이를 인정하는 것이다.#@문장구분# 남성과 여성은 같은 인간이지만 분명 큰 차이가 존재하고 이 차이는 결코 사라지지 않을 것이다.#@문장구분# 우리는 이 차이를 이해하고 인정해야만 한다.#@문장구분# 각 성의 '다름'을 혐오해서는 안된다.#@문장구분# 두 번째 남혐/여혐 표현 사용하지 않기이다.#@문장구분# 너무 당연한 이야기이지만 각 성에 대한 혐오심을 불러 일으키는 혐오표현은 자제해야만 한다.#@문장구분# 앞으로는 혐오 표현이 무엇인지, 어떤 것이 혐오 표현인지 구별할 수 있고, 이를 수정해나갈 수 있는 사회를 만들어 나가야한다. #@문장구분#이것이 진정한 평등을 위해서는 꼭 필요한 것이 아닐까.#@문장구분#",
      "paragraph_len": 1230,
      "paragraph_id": "001"
    }
  ],
  "score": {
    "paragraph_score": [
      {
        "paragraph_scoreT": [
          3,
          3,
          2.4
        ],
        "paragraph_scoreT_detail": {
          "paragraph_scoreT_exp": [
            [
              3,
              3,
              3
            ],
            [
              3,
              3,
              3
            ],
            [
              2,
              3,
              2
            ]
          ]
        },
        "paragraph_scoreT_avg": 2.8,
        "paragraph_id": "001"
      }
    ],
    "essay_scoreT": [
      30,
      29.7,
      26.100002
    ],
    "essay_scoreT_avg": 28.6,
    "essay_scoreT_detail": {
      "essay_scoreT_org": [
        [
          3,
          0,
          3,
          3
        ],
        [
          3,
          0,
          3,
          2
        ],
        [
          3,
          0,
          2,
          3
        ]
      ],
      "essay_scoreT_cont": [
        [
          3,
          3,
          3,
          3
        ],
        [
          3,
          3,
          3,
          3
        ],
        [
          3,
          2,
          3,
          3
        ]
      ],
      "essay_scoreT_exp": [
        [
          3,
          3,
          3
        ],
        [
          3,
          3,
          3
        ],
        [
          2,
          3,
          2
        ]
      ]
    }
  },
  "student": {
    "date": "2021.12.15",
    "student_educated": true,
    "student_grade": "고등_1학년",
    "location": "063",
    "student_grade_group": "고등",
    "student_reading": 2
  },
  "rubric": {
    "essay_grade": "고등_1학년",
    "organization_weight": {
      "org_paragraph": 0,
      "org": 3,
      "org_essay": 6,
      "org_coherence": 3,
      "org_quantity": 1
    },
    "essay_type": "대안제시",
    "content_weight": {
      "con_clearance": 3,
      "con_novelty": 3,
      "con": 4,
      "con_prompt": 1,
      "con_description": 3
    },
    "essay_main_subject": "남녀 갈등 해결 방안",
    "expression_weight": {
      "exp_style": 4,
      "exp_grammar": 2,
      "exp_vocab": 4,
      "exp": 3
    }
  },
  "correction": [],
  "info": {
    "essay_id": "ESSAY_62509",
    "essay_prompt": " 남녀 갈등은 최근 우리 사회에서 가장 뜨거운 이슈 중 하나입니다. 이러한 갈등은 아직 간극을 좁히지 못하고 현재 사회적인 문제로 자리 잡았습니다.\n\n 군 가산점 문제, 일자리 문제 등 여러 가지 비교 자료들을 토대로 토론을 하고 이를 통해 갈등을 해결하고자 하는 노력이 이루어지고 있습니다.\n\n 과거에는 성차별 심했던 시기가 있었습니다. 여자와 남자를 구별 지어 일을 주는 경우도 많았습니다. 하지만, 현재는 여자와 남자라는 성별을 떠나서 나이, 국적을 불문하고 모두에게 평등한 기회를 주기 위해 노력하고 있습니다.\n\n 이렇게 모두의 노력에도 불구하고 아직 해결되지 않았거나 해결될 기미가 보이지 않는 양성평등 문제가 있을까요?\n\n 아주 작은 사소한 일이라도 좋습니다. 여러분이 생각하는 우리 주변의 양성평등 문제를 하나 작성해보고 어떻게 해결할 수 있을지 혹은 무엇이 바뀌어야 해결될 것 같은지 본인의 생각을 설명해주세요. ",
    "essay_type": "대안제시",
    "essay_level": "1",
    "essay_len": 851,
    "essay_main_subject": "남녀 갈등 해결 방안"
  }
}