{
  "paragraph": [
    {
      "paragraph_txt": "우리나라에서는 여성들이 사회생활에 경력 및 회사생활에서의 성차별 등을 대다수가 경험한다고 합니다.#@문장구분# 드라나마 영화를 보면 회사내에 여성들은 총무, 회계 등 비 창의적 업무를 맡는 경우가 대다수로 표현되고 회사내 최고 직급자는 거의 중년 남성이 나오기도 합니다.#@문장구분# 여성의 최고 직급자의 경우 많은 시련과 주위 사람들의 공격에 힘든 모습이 보이는가 하면 독하고 사나운 이미지의 여성 최고 직급자는 가정이 매우 화목하지 못하거나 이혼녀이거나 혹은 가정문제를 가지고 있는 이미지를 많이 보여줍니다.#@문장구분# 저는 이런 것들이 지금 우리 사회의 현 모습이라고 생각합니다.#@문장구분# 회사생활에서 여성이 좋은 직급까지 올라가기 위해 남편이나 자녀들의 희생이 있어야 하고 이런 희생을 감수하기에 너무 고통스럽고 힘들기 때문에 가정에 많은 문제가 발생하며 이런 문제 발생을 외면하고 사회적 자신의 발전에 올인한 여성은 독하고 사나운 여성이 될 수밖에 없는 사회적 분위기 라는 것이 무척 마음 아픕니다.#@문장구분# 반면 남성의 경우 그런 이미지는 거의 존재 하지 않습니다.#@문장구분# 실제 우리 나라 기업들에 여성 관리자가 몇 명이나 될까요?#@문장구분# 우리나라는 조선시대 100년부터 유교사상에 길들여져 왔습니다.#@문장구분# 이런유교사상은 여성은 집에서 살림이나 예쁘게 하고 얌전하게 시키는대로 복종하며 살아야 한다는 것을 가르칩니다.#@문장구분# 이런 문화적 영향이 사회에까지 영향을 미쳐 지금에까지 여성들의 사회생활에 많은 제한과 제약을 가져온 것입니다.#@문장구분# 그런데 어떤 연구를 보니 기업관리자가 여성인 경우 그회사화는 성차별 경험이 매주 적게 나오며 공개토론문화까지 활성되고 인사관리제도가 공식화 되어있는 경우 확연히 줄어드는 결과가 나왔다고 합니다.#@문장구분# 이것은 기업의 조직문화나 구조가 성차별을 만들고 있으며 오픈된 의견수렴과 공정한 인사제도만 있어도 성차별이 완화된다는 것을 나타냅니다.#@문장구분# 저는 열심히 공부해서 여성관리직까지 제 경력을 쌓게 된다면 여성을 배제하는 시스템을 평등하게 오픈된 시스템으로 고쳐보고 싶습니다.#@문장구분#",
      "paragraph_len": 1226,
      "paragraph_id": "001"
    }
  ],
  "score": {
    "paragraph_score": [
      {
        "paragraph_scoreT": [
          3,
          2.8,
          2.8
        ],
        "paragraph_scoreT_detail": {
          "paragraph_scoreT_exp": [
            [
              3,
              3,
              3
            ],
            [
              2,
              3,
              3
            ],
            [
              2,
              3,
              3
            ]
          ]
        },
        "paragraph_scoreT_avg": 2.8666668,
        "paragraph_id": "001"
      }
    ],
    "essay_scoreT": [
      30,
      27.3,
      26.9
    ],
    "essay_scoreT_avg": 28.066666,
    "essay_scoreT_detail": {
      "essay_scoreT_org": [
        [
          3,
          0,
          3,
          3
        ],
        [
          3,
          0,
          2,
          3
        ],
        [
          3,
          0,
          2,
          3
        ]
      ],
      "essay_scoreT_cont": [
        [
          3,
          3,
          3,
          3
        ],
        [
          3,
          2,
          3,
          3
        ],
        [
          2,
          3,
          2,
          3
        ]
      ],
      "essay_scoreT_exp": [
        [
          3,
          3,
          3
        ],
        [
          2,
          3,
          3
        ],
        [
          2,
          3,
          3
        ]
      ]
    }
  },
  "student": {
    "date": "2021.12.03",
    "student_educated": true,
    "student_grade": "고등_1학년",
    "location": "063",
    "student_grade_group": "고등",
    "student_reading": 2
  },
  "rubric": {
    "essay_grade": "고등_1학년",
    "organization_weight": {
      "org_paragraph": 0,
      "org": 3,
      "org_essay": 6,
      "org_coherence": 3,
      "org_quantity": 1
    },
    "essay_type": "대안제시",
    "content_weight": {
      "con_clearance": 3,
      "con_novelty": 3,
      "con": 4,
      "con_prompt": 1,
      "con_description": 3
    },
    "essay_main_subject": "남녀 갈등 해결 방안",
    "expression_weight": {
      "exp_style": 4,
      "exp_grammar": 2,
      "exp_vocab": 4,
      "exp": 3
    }
  },
  "correction": [],
  "info": {
    "essay_id": "ESSAY_53664",
    "essay_prompt": " 남녀 갈등은 최근 우리 사회에서 가장 뜨거운 이슈 중 하나입니다. 이러한 갈등은 아직 간극을 좁히지 못하고 현재 사회적인 문제로 자리 잡았습니다.\n\n 군 가산점 문제, 일자리 문제 등 여러 가지 비교 자료들을 토대로 토론을 하고 이를 통해 갈등을 해결하고자 하는 노력이 이루어지고 있습니다.\n\n 과거에는 성차별 심했던 시기가 있었습니다. 여자와 남자를 구별 지어 일을 주는 경우도 많았습니다. 하지만, 현재는 여자와 남자라는 성별을 떠나서 나이, 국적을 불문하고 모두에게 평등한 기회를 주기 위해 노력하고 있습니다.\n\n 이렇게 모두의 노력에도 불구하고 아직 해결되지 않았거나 해결될 기미가 보이지 않는 양성평등 문제가 있을까요?\n\n 아주 작은 사소한 일이라도 좋습니다. 여러분이 생각하는 우리 주변의 양성평등 문제를 하나 작성해보고 어떻게 해결할 수 있을지 혹은 무엇이 바뀌어야 해결될 것 같은지 본인의 생각을 설명해주세요. ",
    "essay_type": "대안제시",
    "essay_level": "1",
    "essay_len": 966,
    "essay_main_subject": "남녀 갈등 해결 방안"
  }
}