{
  "paragraph": [
    {
      "paragraph_txt": "혐오시설 건설에 대해 많은 문제가 나와서 이슈가 되고 있다.#@문장구분# 이 이슈에 대해서는 우리 지역에 혐오시설이 생기느냐 그렇지 않느냐에 따른 찬반부터 우리지역에 생기는 경우 집값이 떨어지거나 그런 경우를 얘기를 한다.#@문장구분# 말그래도 혐오시설이란 곳을 말그대로 혐오스러워 하는 곳들을 혐오시설이라고 한다.#@문장구분#  예를 들면 소각장이나 쓰레기매립장,화장장건설에 대해 주민과 건설관계자측에서 갈등이 발생한다.#@문장구분# 더군다나 쓰레기매립장, 소각장과 같은 시설이 없으면 모든주민의 삶이 저하될 수 있는 문제가 발생한다.#@문장구분# 이러한 문제를 해결하기 위해서는 소각장, 쓰레기매립장같은 혐오시설을 사람이 많은 대도시에 설립하지말고 사람들이 없는 곳에 설립하면 된다고 생각한다.#@문장구분# 하지만 위와같은 곳을 적합한 곳을 찾기는 쉽지가 않다. #@문장구분#어느 한적한 시골마을이나 사람들이 많이 근접하지 않은 곳들을 찾긴는 하지만 그에 마땅한 곳을 찾기는 쉽지는 않은 것이다.#@문장구분# 예를 들면 사람들이 주거하지 않는지역,고속도로 근처등에 건설해야된다고 생각한다.#@문장구분# 왜냐하면 이러한 곳에서 혐오시설을 건설하면 주민들과의 갈등이 없어질수 있기 때문이다.#@문장구분#그리고 소각장과 쓰레기매립장은 꼭 있어야 한다고 생각한다.#@문장구분#그 이유는 우리나라는 국토는 작은데 쓰레기배출량이 많기 때문이고 쓰레기를 처리하는 과정 중 제일 간단하고 효율적인 방법이 소각이라고 한다.#@문장구분# 예를 들어 쓰레기를 매립하거나 바다에 버린다고 가정하면 쓰레기를 매립하면 쓰레기가 몇년,몇 백년 동안 분해되지 않아 토양오염이 발생하고 바다에 버리면 수질오염이 발생한다.#@문장구분# 특히 런던 협약을 통해 바다에 쓰레기를 배출하지 말자고 약속했기 때문에 바다에는 쓰레기를 배출하기는 어렵다.#@문장구분# 혐오시설을 설립하기에는 개인의 문제가 아니라 지역자체나 정부에서 양쪽에게 손해가 가지 않도록 협의점을 찾아서 서로에게 윈윈이 될수 있는 그런 방안을 찾는게 맞다고 생각을 한다.#@문장구분# 누구 하나의 이익에 치우치지 않도록 말이다.#@문장구분#",
      "paragraph_len": 1257,
      "paragraph_id": "001"
    }
  ],
  "score": {
    "paragraph_score": [
      {
        "paragraph_scoreT": [
          2.8,
          2.4,
          2.6
        ],
        "paragraph_scoreT_detail": {
          "paragraph_scoreT_exp": [
            [
              2,
              3,
              3
            ],
            [
              2,
              3,
              2
            ],
            [
              3,
              2,
              3
            ]
          ]
        },
        "paragraph_scoreT_avg": 2.6,
        "paragraph_id": "001"
      }
    ],
    "essay_scoreT": [
      26.9,
      24.8,
      24.9
    ],
    "essay_scoreT_avg": 25.533333,
    "essay_scoreT_detail": {
      "essay_scoreT_org": [
        [
          2,
          0,
          3,
          2
        ],
        [
          2,
          0,
          3,
          3
        ],
        [
          2,
          0,
          2,
          3
        ]
      ],
      "essay_scoreT_cont": [
        [
          3,
          3,
          2,
          3
        ],
        [
          3,
          2,
          2,
          3
        ],
        [
          3,
          2,
          3,
          3
        ]
      ],
      "essay_scoreT_exp": [
        [
          2,
          3,
          3
        ],
        [
          2,
          3,
          2
        ],
        [
          3,
          2,
          3
        ]
      ]
    }
  },
  "student": {
    "date": "2021.12.03",
    "student_educated": true,
    "student_grade": "고등_1학년",
    "location": "051",
    "student_grade_group": "고등",
    "student_reading": 2
  },
  "rubric": {
    "essay_grade": "고등_1학년",
    "organization_weight": {
      "org_paragraph": 0,
      "org": 3,
      "org_essay": 6,
      "org_coherence": 3,
      "org_quantity": 1
    },
    "essay_type": "대안제시",
    "content_weight": {
      "con_clearance": 3,
      "con_novelty": 3,
      "con": 4,
      "con_prompt": 1,
      "con_description": 3
    },
    "essay_main_subject": "혐오시설 건설문제에 대한 본인의 생각",
    "expression_weight": {
      "exp_style": 4,
      "exp_grammar": 2,
      "exp_vocab": 4,
      "exp": 3
    }
  },
  "correction": [],
  "info": {
    "essay_id": "ESSAY_53627",
    "essay_prompt": " 혐오 시설이란 지역 주민에게 공포감이나 고통을 주거나, 주변 지역의 쾌적성이 훼손됨으로써 집값이나 땅값이 내려가는 등 부정적인 외부효과를 유발하는 시설을 의미합니다.\n\n 대표적인 혐오 시설에는 쓰레기 매립장, 원자력발전소, 소각장, 유류저장소 등이 있습니다.\n\n 매립지, 소각장, 쓰레기 하치장 같은 혐오 시설은 그리 위험하지는 않지만, 쓰레기를 취급한다는 점에서 혐오감을 주며, 주변 환경오염 문제가 갈등을 일으킵니다. 특히 소각장은 인구밀도가 높은 대도시에 건설된다는 점에서 반대 운동이 일기도 합니다.\n\n 그런데 서로 반대만 하다 보면 입지를 찾지 못해 결국 모든 주민의 삶의 질이 저하될 수 있습니다.\n\n 정부 차원에서 가장 적절한 장소를 선별하여 건설 후 주변 사람들에게 혜택을 주는 방식이 적절한 방법일까요? 아니면 혐오 시설만을 모아둔 부지를 따로 정해서 건설해야 할까요? 아니면 모든 도시가 공평하게 혐오 시설 건설에 대한 부담을 지니고 하나씩 건설해야 할까요?\n\n 모두가 만족할만한 결과를 내기란 정말 어려운 문제이지만 여러분이 생각하는 가장 합리적이고 좋은 방법을 생각해보세요. 그리고 그 방법을 대안으로 제시하고 그 근거에 대해 작성해주세요.",
    "essay_type": "대안제시",
    "essay_level": "1",
    "essay_len": 940,
    "essay_main_subject": "혐오시설 건설문제에 대한 본인의 생각"
  }
}