{
  "paragraph": [
    {
      "paragraph_txt": "요즘들어 사회에서 떠오르는 하나의문제 남녀차별.#@문장구분# 옛날에는 남자가 여자보다 훨씬더 귀중했다.#@문장구분#요즘은 이런문제가 많이 수그러졌지만, 아직도 이러한문제가 일어나는 상황은있다.#@문장구분# 여자라면 무조건적으로 집안일만해야하는것처럼 말한다.#@문장구분# 여자가 아이를 낳고, 계속해서 회사를 다니면,이상한눈치로 처다보는게 이사회이다.#@문장구분# 운전만 해도 그렇다.#@문장구분# 여자들이 운전 못하면 집에서 밥이나 하지 왜 차를 끓고 나왔냐 이런식으로 욕을한다.#@문장구분# 여자가 꼭 밥을 해야하는 것처럼 말이다.#@문장구분# 여자라는 단어로 가질수없는 직업들도있다.#@문장구분# 물론 창피해서 그런것일수도있겠지만... 여군, 여자버스운전기사, 여자 비행사... 등등... 여자도 모두할수있는직업이다.#@문장구분# 그럼에도불구하고, 우리사회에서는 거의받아주질않는다.#@문장구분# 조선시대의 한 제도.#@문장구분# 젊고 힘쎈 남자가 집안을 다스리는 제도.#@문장구분# 즉. 아버지가 집안을 다스리는 제도.#@문장구분# 가부장제도이다.#@문장구분# 가부장제도가 요즘은 사라졌지만, 비슷한 상황이있다.#@문장구분# 남자의 말이라면. 여자가 무조건적으로 복종해야하는상황. 정말 어이가없는상황이다.#@문장구분# 다같은 인간으로서 인권을가진 사람으로서. 평등해야하지않은가... 하지만 평등하지못한게 우리의사회이다.#@문장구분# 그렇지만 지금부터라도. 우리가 모두함께 노력한다면. 남녀차별, 극복할수있지않을까?#@문장구분# 우리모두 함께 남녀차별문제를 극복하자.#@문장구분# 서로서로 사랑하고 아껴주면 이러한 남녀차별 문제를 극복해 내지 않을까 싶다.#@문장구분# 서로서로 정말 사랑하고 아껴주는 세상이 왔으면 좋겠다.#@문장구분# 그 날이 올 때까지 나도 남녀평등에 이바지 해야겠다.#@문장구분# 아자아자 화이팅!#@문장구분#",
      "paragraph_len": 1227,
      "paragraph_id": "001"
    }
  ],
  "score": {
    "paragraph_score": [
      {
        "paragraph_scoreT": [
          3,
          3,
          2.8
        ],
        "paragraph_scoreT_detail": {
          "paragraph_scoreT_exp": [
            [
              3,
              3,
              3
            ],
            [
              3,
              3,
              3
            ],
            [
              2,
              3,
              3
            ]
          ]
        },
        "paragraph_scoreT_avg": 2.9333334,
        "paragraph_id": "001"
      }
    ],
    "essay_scoreT": [
      26,
      28.4,
      26.599998
    ],
    "essay_scoreT_avg": 27,
    "essay_scoreT_detail": {
      "essay_scoreT_org": [
        [
          3,
          0,
          3,
          3
        ],
        [
          3,
          0,
          3,
          3
        ],
        [
          3,
          0,
          3,
          3
        ]
      ],
      "essay_scoreT_cont": [
        [
          2,
          2,
          2,
          2
        ],
        [
          3,
          2,
          2,
          3
        ],
        [
          3,
          2,
          2,
          2
        ]
      ],
      "essay_scoreT_exp": [
        [
          3,
          3,
          3
        ],
        [
          3,
          3,
          3
        ],
        [
          2,
          3,
          3
        ]
      ]
    }
  },
  "student": {
    "date": "2021.12.13",
    "student_educated": true,
    "student_grade": "고등_1학년",
    "location": "063",
    "student_grade_group": "고등",
    "student_reading": 2
  },
  "rubric": {
    "essay_grade": "고등_1학년",
    "organization_weight": {
      "org_paragraph": 0,
      "org": 3,
      "org_essay": 6,
      "org_coherence": 3,
      "org_quantity": 1
    },
    "essay_type": "대안제시",
    "content_weight": {
      "con_clearance": 3,
      "con_novelty": 3,
      "con": 4,
      "con_prompt": 1,
      "con_description": 3
    },
    "essay_main_subject": "남녀 갈등 해결 방안",
    "expression_weight": {
      "exp_style": 4,
      "exp_grammar": 2,
      "exp_vocab": 4,
      "exp": 3
    }
  },
  "correction": [],
  "info": {
    "essay_id": "ESSAY_62492",
    "essay_prompt": " 남녀 갈등은 최근 우리 사회에서 가장 뜨거운 이슈 중 하나입니다. 이러한 갈등은 아직 간극을 좁히지 못하고 현재 사회적인 문제로 자리 잡았습니다.\n\n 군 가산점 문제, 일자리 문제 등 여러 가지 비교 자료들을 토대로 토론을 하고 이를 통해 갈등을 해결하고자 하는 노력이 이루어지고 있습니다.\n\n 과거에는 성차별 심했던 시기가 있었습니다. 여자와 남자를 구별 지어 일을 주는 경우도 많았습니다. 하지만, 현재는 여자와 남자라는 성별을 떠나서 나이, 국적을 불문하고 모두에게 평등한 기회를 주기 위해 노력하고 있습니다.\n\n 이렇게 모두의 노력에도 불구하고 아직 해결되지 않았거나 해결될 기미가 보이지 않는 양성평등 문제가 있을까요?\n\n 아주 작은 사소한 일이라도 좋습니다. 여러분이 생각하는 우리 주변의 양성평등 문제를 하나 작성해보고 어떻게 해결할 수 있을지 혹은 무엇이 바뀌어야 해결될 것 같은지 본인의 생각을 설명해주세요. ",
    "essay_type": "대안제시",
    "essay_level": "1",
    "essay_len": 747,
    "essay_main_subject": "남녀 갈등 해결 방안"
  }
}