{
  "paragraph": [
    {
      "paragraph_txt": "의지를 지닌 두 성격의 대립 현상이며 다른 의견, 행동, 신념, 정서, 목표로 인해서 충돌하는 갈등 중 남녀 갈등은 사람과 사람의 외적 갈등이다.#@문장구분# 이런 갈등의 지속은 서로의 차별을 낳고 잘못된 고정관념과 비판, 비난 그리고 남녀 간의 싸움을 일으킬 수 있다.#@문장구분# 이런 남녀 간의 갈등은 완전히 해결하기는 어렵다 보지만 갈등의 불을 어느 정도 저지 할 수 있다.#@문장구분# 남녀 갈등의 해결 방안은 교육과 문화으로 나누어 말하면 남녀 갈등은 교육에서부터 바로 잡아야한다,#@문장구분# 도덕 수업으로 '서로 존중하고 하세요.' 이런 간단한 교육이 아닌 남녀를 존중하고 이해할 수 있는 더 깊은 교육이 필요하다.#@문장구분# 우선 남자학교, 여자학교가 아닌 남녀 공학 학교을 어릴 때 다니게하여 남녀가 공존할 수 있게 해 이해를 높일 수 있다.#@문장구분# 또한 남녀가 함께 단체 생활과 활동을 하면서 남녀가 서로 협력할 수 있게 할 수 있다.#@문장구분# 잔혹할 수 있지만 동물과 함께 자란 아이(동물 속에서 자란 8명의 아이들 \"당시의 사진과 현재의 모습\" 작성자 신비과학reze2010)를 사례를 들면 어릴때부터 동물과 함께 자란 아이는 함께 자란 동물의 행동을 따라 갔다.#@문장구분# 즉, 어릴 때 부터 남녀가 함께 자라다 보면 서로에 대해 알고 서로를 닮고 따라가며 이해하고 존중할 수 있을 것이다.#@문장구분# 어릴 때 어떤 환경 속에서 자라왔냐가 중요하단 말이다.#@문장구분# 또한 그 안에서의 교육은 남녀를 섞어 하는 협동활동을 하여 남녀 서로의 장단점을 이해하고 서로가 그 장점을 살릴 수 있게 하여 공존할 수 있게 해야 한다. #@문장구분#또한 성교육이나 도덕 교육으로 남녀 간의 잘못된 고정 관념을 바로 잡아주어야 한다.#@문장구분# \"남자니깐 ~해야되\",\" 여자니깐 ~해야되\"라는 고정관념은 싹 다 뽑아내어 갈등이나 비난, 비판을 줄일 수 있게 한다.#@문장구분# 남녀 서로를 비하하는 발언을 하면 학교에서 반성문 등의 벌을 주어 이게 얼마나 잘못된 지를 인지하게 한다.#@문장구분# 스스로의 발언을 인지할 수 있게하는 교육에 예시로 남녀 간의 서로의 생각을 적어 작성한 생각 중 잘못된 점을 지적해준다.#@문장구분#(단, 지적은 남녀 서로가 한다면 오히려 불화를 일으킬 수 있으니 중재하는 한 사람이 개인적으로 해준다.)#@문장구분# 문화적 측면에서 해결 방안을 제시하자면 남녀의 입장을 담은 영화나 드라마, 책, 웹툰 등을 통해 서로를 이해할 수도 있을 것이다,#@문장구분# 또한 포스터나 광고 등의 매체를 이용할 수 도 있다.#@문장구분# 뉴스로도 남녀갈등의 심각성을 알릴 수 있고 블로그에 사례를 작성해 사람들에게 알릴 수 있다.#@문장구분# 정보가 많이 발달한 시점에서는 서로가 차별 받는다 느끼면 개인이 스스로 사람들에게 알리고 소통할 수 있을 것이다.#@문장구분# 이외에도 갈등에는 생각의 전환이 필요하다.#@문장구분# 갈등 상황의 예시로 \"군 복무를 왜 남자만 히느냐\"로 가정을 하면 카바타 람다스(세계적인 여성운동가)는 \"성별의 구분 없이 모두 국가에 봉사할 많은 방식이 있다는 인식으로 나아가야한다.(중앙일보)\"라고 하였다.#@문장구분# 즉, 이 말은 국가를 위한 봉사가 군 복무만 있는 것이 아니라 다른 봉사를 할 수 있다고 생각한다,#@문장구분# 또한 이 사람은 여성의 군 복무가 남녀 갈등 문제 해결에 있어서 본질인지 고민해야 한다고 했다.#@문장구분# 내가 생각 하기엔 여성이 군 복무를 한다면 '남녀 모두 군 복무를 해 평등 하다' 라고 생각할지 몰라도 근본적인 문제인 경제적 손해 등을 해결 할 수는 없다,#@문장구분# 그렇다면 생각을 바꾸어 '군복무를 여성도 해야한다'가 아닌 '군 복무에 대한 손해와 비용을 어떻게 해야되는가'로 문제가 전환 된다. #@문장구분#즉, 남녀 갈등의 원인에 근본적인 문제 상황을 찾고 그 문제를 남녀에 대한 차별이 아닌 그 문제를 근본적으로 어떻게 해결 가능한가로 생각을 전환 해야한다.#@문장구분# 그렇다면 남녀갈등의 문제가 조금이라도 줄어들 것이다.#@문장구분# 카비타 람다스(세계적인 여성운동가)의 말을 인용하자면 그는 \"남녀 갈등은 정부나 외부로부터 해결되지 않는다.#@문장구분# 한국의 젊은이 손에 달려있다.#@문장구분# 양측의 배려심 있고 현명한 대화가 필요하다.(중앙일보)\"라고 말했다. #@문장구분#이 말은 정부나 외부가 아무리 정책을 내세워도 인간의 내면에는 이해가 부족할 수 있다.#@문장구분# 따라서 배려심이 있게 대하기 위해서는 서로에 대한 이해가 필요하다. #@문장구분#문화적 측면을 이용해 서로를 이해하고 교육적 측면을 이용해 대화에 접점을 만들어 주어 갈등을 조금이나마 해결할 수 있을 것이다.#@문장구분# 또한 지금 있는 남녀 갈등 상황은 그 문제에 근본적인 문제를 찾고 생각을 전환을 해 남녀 차별과 평등으로 나가지 않고 그 문제를 직접적으로 해결하는 것으로 전환을 하여 남녀 갈등 문제를 조금이라도 줄일 수 있을 것이다.#@문장구분#",
      "paragraph_len": 2900,
      "paragraph_id": "001"
    }
  ],
  "score": {
    "paragraph_score": [
      {
        "paragraph_scoreT": [
          3,
          2.4,
          2.4
        ],
        "paragraph_scoreT_detail": {
          "paragraph_scoreT_exp": [
            [
              3,
              3,
              3
            ],
            [
              2,
              2,
              3
            ],
            [
              2,
              2,
              3
            ]
          ]
        },
        "paragraph_scoreT_avg": 2.6000001,
        "paragraph_id": "001"
      }
    ],
    "essay_scoreT": [
      27.6,
      28.2,
      25.5
    ],
    "essay_scoreT_avg": 27.1,
    "essay_scoreT_detail": {
      "essay_scoreT_org": [
        [
          3,
          0,
          3,
          3
        ],
        [
          3,
          0,
          3,
          3
        ],
        [
          2,
          0,
          2,
          3
        ]
      ],
      "essay_scoreT_cont": [
        [
          2,
          2,
          3,
          3
        ],
        [
          3,
          3,
          3,
          3
        ],
        [
          3,
          3,
          3,
          3
        ]
      ],
      "essay_scoreT_exp": [
        [
          3,
          3,
          3
        ],
        [
          2,
          2,
          3
        ],
        [
          2,
          2,
          3
        ]
      ]
    }
  },
  "student": {
    "date": "2021.12.07",
    "student_educated": true,
    "student_grade": "고등_1학년",
    "location": "041",
    "student_grade_group": "고등",
    "student_reading": 2
  },
  "rubric": {
    "essay_grade": "고등_1학년",
    "organization_weight": {
      "org_paragraph": 0,
      "org": 3,
      "org_essay": 6,
      "org_coherence": 3,
      "org_quantity": 1
    },
    "essay_type": "대안제시",
    "content_weight": {
      "con_clearance": 3,
      "con_novelty": 3,
      "con": 4,
      "con_prompt": 1,
      "con_description": 3
    },
    "essay_main_subject": "남녀 갈등 해결 방안",
    "expression_weight": {
      "exp_style": 4,
      "exp_grammar": 2,
      "exp_vocab": 4,
      "exp": 3
    }
  },
  "correction": [],
  "info": {
    "essay_id": "ESSAY_57090",
    "essay_prompt": " 남녀 갈등은 최근 우리 사회에서 가장 뜨거운 이슈 중 하나입니다. 이러한 갈등은 아직 간극을 좁히지 못하고 현재 사회적인 문제로 자리 잡았습니다.\n\n 군 가산점 문제, 일자리 문제 등 여러 가지 비교 자료들을 토대로 토론을 하고 이를 통해 갈등을 해결하고자 하는 노력이 이루어지고 있습니다.\n\n 과거에는 성차별 심했던 시기가 있었습니다. 여자와 남자를 구별 지어 일을 주는 경우도 많았습니다. 하지만, 현재는 여자와 남자라는 성별을 떠나서 나이, 국적을 불문하고 모두에게 평등한 기회를 주기 위해 노력하고 있습니다.\n\n 이렇게 모두의 노력에도 불구하고 아직 해결되지 않았거나 해결될 기미가 보이지 않는 양성평등 문제가 있을까요?\n\n 아주 작은 사소한 일이라도 좋습니다. 여러분이 생각하는 우리 주변의 양성평등 문제를 하나 작성해보고 어떻게 해결할 수 있을지 혹은 무엇이 바뀌어야 해결될 것 같은지 본인의 생각을 설명해주세요. ",
    "essay_type": "대안제시",
    "essay_level": "1",
    "essay_len": 2200,
    "essay_main_subject": "남녀 갈등 해결 방안"
  }
}