{
  "paragraph": [
    {
      "paragraph_txt": "우리 고모 집에는 자식이 딸 하나, 아들 하나가 있는데 고모는 아들을 왕자처럼 받들고 딸은 하녀취급을 한다.#@문장구분#난 그런 모습을 볼 때마다 고모도 여자이면서 왜 남자,여자 차별 하는지 모르겠다는 생각이 든다.#@문장구분# 이런 어른의 잘못된 생각 때문에 우리 사회에 아직도 남녀차별이 사라지지 않고 남아있는 것이다.#@문장구분#아무리 옛 조상님들이 남존여비 사상이 강했다고는 하지만 강산이 몇 번이나 바뀌는 많은 시간이 지났는데도 아직 그런 잘못된 생각이 바뀌지 않는 건 우리들의 노력이 많이 부족해서 인 것 같다.#@문장구분#말로만 평등을 외치면서 행동으로는 아직도 남자가 여자보다 중요하다는 보여주는 많은 예들이 그것을 보여준다.#@문장구분#남자와 여자는 생긴 모습만 조금 다를 뿐이지 똑같은 사람이기 때문에 차별을 해서는 안 된다.#@문장구분#사람은 누구나 평등할 권리가 있다.#@문장구분#앞으로 남녀가 모두 평등한 사회를 만들기 위해 우리는 서로를 존중하고 이해해주며 배려를 해주어야 한다.#@문장구분#또한,지금까지 가져온 잘못된 생각도 버리고 양성평등을 실천에 옮겨야한다.#@문장구분# 남자,여자 평등한 사회는 발전 가능성이 있다.#@문장구분# 성별이 아니라 개인의 능력에 따라 인정받을 수 있기 때문에 그만큼 더 노력하는 자세가 길러질 것이며 서로를 존중하고 배려하는 분위기가 스스로 만들어 질 것이다.#@문장구분# 앞으로 우리나라가 세계 속에서 우뚝 서기 위해서도 양성평등사회는 반드시 이루어져야 할 것이다.#@문장구분#지금이라도 우리 모두 남녀모두 평등한 양성평등 사회를 만들기 위해 노력을 아끼지 말고 이제는 나하나 쯤이야 하는 생각은 멀리 던져버리고 내가 먼저라는 생각을 중심으로 모두가 평등한 사회를 만들기 위해 열심히 노력하자.#@문장구분#",
      "paragraph_len": 1047,
      "paragraph_id": "001"
    }
  ],
  "score": {
    "paragraph_score": [
      {
        "paragraph_scoreT": [
          3,
          3,
          2.8
        ],
        "paragraph_scoreT_detail": {
          "paragraph_scoreT_exp": [
            [
              3,
              3,
              3
            ],
            [
              3,
              3,
              3
            ],
            [
              2,
              3,
              3
            ]
          ]
        },
        "paragraph_scoreT_avg": 2.9333334,
        "paragraph_id": "001"
      }
    ],
    "essay_scoreT": [
      27.300001,
      30,
      29.4
    ],
    "essay_scoreT_avg": 28.900002,
    "essay_scoreT_detail": {
      "essay_scoreT_org": [
        [
          3,
          0,
          3,
          2
        ],
        [
          3,
          0,
          3,
          3
        ],
        [
          3,
          0,
          3,
          3
        ]
      ],
      "essay_scoreT_cont": [
        [
          3,
          2,
          3,
          2
        ],
        [
          3,
          3,
          3,
          3
        ],
        [
          3,
          3,
          3,
          3
        ]
      ],
      "essay_scoreT_exp": [
        [
          3,
          3,
          3
        ],
        [
          3,
          3,
          3
        ],
        [
          2,
          3,
          3
        ]
      ]
    }
  },
  "student": {
    "date": "2021.12.14",
    "student_educated": true,
    "student_grade": "고등_1학년",
    "location": "063",
    "student_grade_group": "고등",
    "student_reading": 2
  },
  "rubric": {
    "essay_grade": "고등_1학년",
    "organization_weight": {
      "org_paragraph": 0,
      "org": 3,
      "org_essay": 6,
      "org_coherence": 3,
      "org_quantity": 1
    },
    "essay_type": "대안제시",
    "content_weight": {
      "con_clearance": 3,
      "con_novelty": 3,
      "con": 4,
      "con_prompt": 1,
      "con_description": 3
    },
    "essay_main_subject": "남녀 갈등 해결 방안",
    "expression_weight": {
      "exp_style": 4,
      "exp_grammar": 2,
      "exp_vocab": 4,
      "exp": 3
    }
  },
  "correction": [],
  "info": {
    "essay_id": "ESSAY_62491",
    "essay_prompt": " 남녀 갈등은 최근 우리 사회에서 가장 뜨거운 이슈 중 하나입니다. 이러한 갈등은 아직 간극을 좁히지 못하고 현재 사회적인 문제로 자리 잡았습니다.\n\n 군 가산점 문제, 일자리 문제 등 여러 가지 비교 자료들을 토대로 토론을 하고 이를 통해 갈등을 해결하고자 하는 노력이 이루어지고 있습니다.\n\n 과거에는 성차별 심했던 시기가 있었습니다. 여자와 남자를 구별 지어 일을 주는 경우도 많았습니다. 하지만, 현재는 여자와 남자라는 성별을 떠나서 나이, 국적을 불문하고 모두에게 평등한 기회를 주기 위해 노력하고 있습니다.\n\n 이렇게 모두의 노력에도 불구하고 아직 해결되지 않았거나 해결될 기미가 보이지 않는 양성평등 문제가 있을까요?\n\n 아주 작은 사소한 일이라도 좋습니다. 여러분이 생각하는 우리 주변의 양성평등 문제를 하나 작성해보고 어떻게 해결할 수 있을지 혹은 무엇이 바뀌어야 해결될 것 같은지 본인의 생각을 설명해주세요. ",
    "essay_type": "대안제시",
    "essay_level": "1",
    "essay_len": 787,
    "essay_main_subject": "남녀 갈등 해결 방안"
  }
}