{
  "paragraph": [
    {
      "paragraph_txt": "나는 남녀갈등에 대해 매우 부정적으로 생각한다.#@문장구분# 왜냐하면 사회 붕괴의 초석이라고 생각하기 때문이다.#@문장구분# 고령화 사회인 지금 출산율을 높여서 고령화 비율을 낮춰야 하지만, 대한민국이 여러 정책과 정보들이 남녀갈등을 발생시키고 있다.#@문장구분# 그로인하여 이성을 좋지 않게 생각하고 심한 경우 결혼을 두려워하는 이들도 있다.#@문장구분# 정부는 여자를 사회적 약자로 규정하지만 나는 약자라고 생각하지 않는다.#@문장구분# 물론 여자라서, 남자라서 피해를 보는 분이 생기기는 할 것이다.#@문장구분# 하지만 지금 현대 사회에서는 남녀는 거의 평등하다고 생각한다.#@문장구분# 대한민국에서는 페미, 메갈등 다양한 사회적 신념을 지녀도 상관없다고 생각한다.#@문장구분# 채식주의자가 극성이 된다면 고기를 먹으면 안된다면서 남에게 피해를 주듯 양성평등도 건전하게 할 수 있다고 생각한다.#@문장구분# 하지만 해외의 페미니즘과 다르게 대한민국의 페미니즘은 극성이다라고 생각한다.#@문장구분# 따라서 나는 이런 사회적 신념을 강요하는 사회가 아닌 서로 협력하며 양보하는 사회가 된다면 좋을 것 같다.#@문장구분#",
      "paragraph_len": 714,
      "paragraph_id": "001"
    }
  ],
  "score": {
    "paragraph_score": [
      {
        "paragraph_scoreT": [
          3,
          2.6,
          3
        ],
        "paragraph_scoreT_detail": {
          "paragraph_scoreT_exp": [
            [
              3,
              3,
              3
            ],
            [
              3,
              3,
              2
            ],
            [
              3,
              3,
              3
            ]
          ]
        },
        "paragraph_scoreT_avg": 2.8666668,
        "paragraph_id": "001"
      }
    ],
    "essay_scoreT": [
      27.300001,
      23.4,
      26.7
    ],
    "essay_scoreT_avg": 25.800001,
    "essay_scoreT_detail": {
      "essay_scoreT_org": [
        [
          3,
          0,
          3,
          2
        ],
        [
          2,
          0,
          2,
          2
        ],
        [
          3,
          0,
          2,
          3
        ]
      ],
      "essay_scoreT_cont": [
        [
          2,
          2,
          3,
          3
        ],
        [
          3,
          2,
          3,
          2
        ],
        [
          2,
          2,
          3,
          3
        ]
      ],
      "essay_scoreT_exp": [
        [
          3,
          3,
          3
        ],
        [
          3,
          3,
          2
        ],
        [
          3,
          3,
          3
        ]
      ]
    }
  },
  "student": {
    "date": "2021.09.23",
    "student_educated": true,
    "student_grade": "고등_1학년",
    "location": "051",
    "student_grade_group": "고등",
    "student_reading": 1
  },
  "rubric": {
    "essay_grade": "고등_1학년",
    "organization_weight": {
      "org_paragraph": 0,
      "org": 3,
      "org_essay": 6,
      "org_coherence": 3,
      "org_quantity": 1
    },
    "essay_type": "대안제시",
    "content_weight": {
      "con_clearance": 3,
      "con_novelty": 3,
      "con": 4,
      "con_prompt": 1,
      "con_description": 3
    },
    "essay_main_subject": "남녀 갈등 해결 방안",
    "expression_weight": {
      "exp_style": 4,
      "exp_grammar": 2,
      "exp_vocab": 4,
      "exp": 3
    }
  },
  "correction": [],
  "info": {
    "essay_id": "ESSAY_35520",
    "essay_prompt": " 남녀 갈등은 최근 우리 사회에서 가장 뜨거운 이슈 중 하나입니다. 이러한 갈등은 아직 간극을 좁히지 못하고 현재 사회적인 문제로 자리 잡았습니다.\n\n 군 가산점 문제, 일자리 문제 등 여러 가지 비교 자료들을 토대로 토론을 하고 이를 통해 갈등을 해결하고자 하는 노력이 이루어지고 있습니다.\n\n 과거에는 성차별 심했던 시기가 있었습니다. 여자와 남자를 구별 지어 일을 주는 경우도 많았습니다. 하지만, 현재는 여자와 남자라는 성별을 떠나서 나이, 국적을 불문하고 모두에게 평등한 기회를 주기 위해 노력하고 있습니다.\n\n 이렇게 모두의 노력에도 불구하고 아직 해결되지 않았거나 해결될 기미가 보이지 않는 양성평등 문제가 있을까요?\n\n 아주 작은 사소한 일이라도 좋습니다. 여러분이 생각하는 우리 주변의 양성평등 문제를 하나 작성해보고 어떻게 해결할 수 있을지 혹은 무엇이 바뀌어야 해결될 것 같은지 본인의 생각을 설명해주세요. ",
    "essay_type": "대안제시",
    "essay_level": "1",
    "essay_len": 494,
    "essay_main_subject": "남녀 갈등 해결 방안"
  }
}