{
  "paragraph": [
    {
      "paragraph_txt": "위 문제 상황에서 오군소라는 한 남성이 기장에 국제적 멸종 위기인 도리 도롱뇽과 반딧불이들이 많이 서식하고 있어 만약에 쓰레기 폐기 처리 시설물이 생겨 환경에 대한 문제도 언급했는데 그에 대한 해결방안인 동식물들이 비교적 많이 살지 않은 지역인 대도시와 대도시 사이 예를 들어 부산과 대구 사이인 울산 양산정도가 될 것이다.#@문장구분# 하지만 이것에도 문제가 많다.#@문장구분# 사람이 많이 살지 않고 동식물들이 비교적 적다는 이유만으로 그렇게 해선 안된다고 생각한다.#@문장구분# 그리고 오군이 쓰레기 폐기물 처리 시설주변에 수 많은 아파트와 학교 또 공장들이 자리를 잡았다고 한다.#@문장구분# 주변이라는건 반경 1키로미터 미만 정도를 떨어져있어 주변이라고 한 것이다.#@문장구분# 솔직히 1키로라고 하면 어느정도인지 알면서도 잘 모르겠지만 저 정도거리는 일반건전한 남성이 뛰어서 3분이면 가는 거리이다.#@문장구분# 그럼에도 불구하고 학교와 아파트 주변에 폐기물처리 시설을 지어야한다는 이유는 정말로 지을곳이 없다는 이야기 같다.#@문장구분# 사람들이 쓰레기폐기물처리시설을 주변에 있어 꺼려한다면 이 방안도 괜찮다.#@문장구분# 학교와 아파트 반경3키로 이상 거리에 짖고 또 그지역에 정부가 관입하여 상황을 살피고 문제가 있으면 그에 대한 문제를 정부가 배상을 해줘야된다 .#@문장구분# ",
      "paragraph_len": 786,
      "paragraph_id": "001"
    },
    {
      "paragraph_txt": " 하지만 나는 왜 쓰레기 폐기물처리시설만을 만들어야 쓰레기를 없앨수 있는지 잘 모르겠다.#@문장구분# 애초에 쓰레기양이 적으면 더 이상 시설물을 짖지 않다고 된다고 생각을 해서 마지막 해결방안은 쓰레기 자체를 줄이는 것이다.#@문장구분# 그 방법은 쓰레기 줄이기 캠패인둥과 같은 조직들이 많이 생기고 정부에서 지원금들을 지원해줘야고 생각한다#@문장구분#",
      "paragraph_len": 236,
      "paragraph_id": "002"
    }
  ],
  "score": {
    "paragraph_score": [
      {
        "paragraph_scoreT": [
          1.2,
          2,
          2
        ],
        "paragraph_scoreT_detail": {
          "paragraph_scoreT_exp": [
            [
              2,
              1,
              1
            ],
            [
              2,
              2,
              2
            ],
            [
              2,
              2,
              2
            ]
          ]
        },
        "paragraph_scoreT_avg": 1.7333332,
        "paragraph_id": "001"
      },
      {
        "paragraph_scoreT": [
          1.8,
          2,
          2
        ],
        "paragraph_scoreT_detail": {
          "paragraph_scoreT_exp": [
            [
              1,
              2,
              2
            ],
            [
              2,
              2,
              2
            ],
            [
              2,
              2,
              2
            ]
          ]
        },
        "paragraph_scoreT_avg": 1.9333334,
        "paragraph_id": "002"
      }
    ],
    "essay_scoreT": [
      17.3,
      20,
      18.8
    ],
    "essay_scoreT_avg": 18.699999,
    "essay_scoreT_detail": {
      "essay_scoreT_org": [
        [
          1,
          0,
          2,
          3
        ],
        [
          2,
          0,
          2,
          2
        ],
        [
          2,
          0,
          2,
          2
        ]
      ],
      "essay_scoreT_cont": [
        [
          2,
          2,
          2,
          1
        ],
        [
          2,
          2,
          2,
          2
        ],
        [
          2,
          1,
          2,
          2
        ]
      ],
      "essay_scoreT_exp": [
        [
          2,
          2,
          2
        ],
        [
          2,
          2,
          2
        ],
        [
          2,
          2,
          2
        ]
      ]
    }
  },
  "student": {
    "date": "2021.09.08",
    "student_educated": true,
    "student_grade": "고등_1학년",
    "location": "051",
    "student_grade_group": "고등",
    "student_reading": 1
  },
  "rubric": {
    "essay_grade": "고등_1학년",
    "organization_weight": {
      "org_paragraph": 0,
      "org": 3,
      "org_essay": 6,
      "org_coherence": 3,
      "org_quantity": 1
    },
    "essay_type": "대안제시",
    "content_weight": {
      "con_clearance": 3,
      "con_novelty": 3,
      "con": 4,
      "con_prompt": 1,
      "con_description": 3
    },
    "essay_main_subject": "혐오시설 건설문제에 대한 본인의 생각",
    "expression_weight": {
      "exp_style": 4,
      "exp_grammar": 2,
      "exp_vocab": 4,
      "exp": 3
    }
  },
  "correction": [],
  "info": {
    "essay_id": "ESSAY_34894",
    "essay_prompt": " 혐오 시설이란 지역 주민에게 공포감이나 고통을 주거나, 주변 지역의 쾌적성이 훼손됨으로써 집값이나 땅값이 내려가는 등 부정적인 외부효과를 유발하는 시설을 의미합니다.\n\n 대표적인 혐오 시설에는 쓰레기 매립장, 원자력발전소, 소각장, 유류저장소 등이 있습니다.\n\n 매립지, 소각장, 쓰레기 하치장 같은 혐오 시설은 그리 위험하지는 않지만, 쓰레기를 취급한다는 점에서 혐오감을 주며, 주변 환경오염 문제가 갈등을 일으킵니다. 특히 소각장은 인구밀도가 높은 대도시에 건설된다는 점에서 반대 운동이 일기도 합니다.\n\n 그런데 서로 반대만 하다 보면 입지를 찾지 못해 결국 모든 주민의 삶의 질이 저하될 수 있습니다.\n\n 정부 차원에서 가장 적절한 장소를 선별하여 건설 후 주변 사람들에게 혜택을 주는 방식이 적절한 방법일까요? 아니면 혐오 시설만을 모아둔 부지를 따로 정해서 건설해야 할까요? 아니면 모든 도시가 공평하게 혐오 시설 건설에 대한 부담을 지니고 하나씩 건설해야 할까요?\n\n 모두가 만족할만한 결과를 내기란 정말 어려운 문제이지만 여러분이 생각하는 가장 합리적이고 좋은 방법을 생각해보세요. 그리고 그 방법을 대안으로 제시하고 그 근거에 대해 작성해주세요.",
    "essay_type": "대안제시",
    "essay_level": "1",
    "essay_len": 784,
    "essay_main_subject": "혐오시설 건설문제에 대한 본인의 생각"
  }
}