{
  "paragraph": [
    {
      "paragraph_txt": "우리나라는 예로부터 남존여비, 남아 선호사상 등 조선시대 때부터 여자와 남자를 차별 해왔습니다.#@문장구분# 이 사상은 현재까지 이어졌고 몇 년 전까지만 해도 남녀가 하는 일이 나뉘었었고 같은 일을 해도 받은 급여가 눈에 띄게 차이가 났습니다.#@문장구분# 또한, 이 사상은 우리나라만 있는 것이 아니고 해외에서도 이러한 남존여비 때문에 여성의 참정권이 인정되지 않자 영국과 미국, 프랑스에서 여성의 참정권을 인정해 달라는 여성 참정권 운동이 일어났었다.#@문장구분# 그 결과 여성의 참정권이 인정 되었고 여성은 보다 나은 삶을 살게 되었다. #@문장구분#하지만 현재 남녀평등 인식이 많이 좋아졌지만 아직 사회 곳곳에 이런 사상이 남아있습니다. #@문장구분#저는 이런 사상이 남녀 갈등을 초래하고 양성평등 문제의 가장 큰 원인이 아닐 까 생각 합니다.#@문장구분# 남녀 갈등의 가장 큰 예는 요즘 가장 화제가 되고 있는 \"여자도 군대에 가야한다.\"라는 논제 인 것 같습니다.#@문장구분# 전쟁에서 여자 남자할 것 없이 다 죽는데 가야한다 라는 입장도 있고 여성은 사회적 약자에 속하고 남성과는 다른 체력을 가지고 있으므로 가지 않아야 한다는 입장도 있습니다.#@문장구분# 저는 이러한 남녀갈등의 예시를 보며 한 가지 논제에도 다양한 근거에 따른 입장이 있다는 걸 알았기에 우리 모두가 서로를 이해하고 남존여비와 같은 사상은 머리 안에서 지우고 충분한 대화와 서로를 이해하는 맘을 통해 적절한 해결책을 찾을 수 있을 것이라 생각합니다. #@문장구분#서로간에 남녀 신체적인 부분역시 다름을 인정을 하고 남자로써 혹은 여자로써 분명히 잘하는 부분들이 있을 것인데 언제까지 이 다름을 가지고 계속 문제화 할것인지 말이다.#@문장구분# 서로 다름을 인정하는곳에서 남녀 차별의 문제는 조금 바뀌지 않을까?#@문장구분#",
      "paragraph_len": 1042,
      "paragraph_id": "001"
    }
  ],
  "score": {
    "paragraph_score": [
      {
        "paragraph_scoreT": [
          2.6,
          3,
          2.8
        ],
        "paragraph_scoreT_detail": {
          "paragraph_scoreT_exp": [
            [
              3,
              3,
              2
            ],
            [
              3,
              3,
              3
            ],
            [
              2,
              3,
              3
            ]
          ]
        },
        "paragraph_scoreT_avg": 2.8,
        "paragraph_id": "001"
      }
    ],
    "essay_scoreT": [
      19,
      27.2,
      29.4
    ],
    "essay_scoreT_avg": 25.199999,
    "essay_scoreT_detail": {
      "essay_scoreT_org": [
        [
          2,
          0,
          2,
          2
        ],
        [
          3,
          0,
          3,
          3
        ],
        [
          3,
          0,
          3,
          3
        ]
      ],
      "essay_scoreT_cont": [
        [
          1,
          1,
          1,
          2
        ],
        [
          3,
          1,
          2,
          3
        ],
        [
          3,
          3,
          3,
          3
        ]
      ],
      "essay_scoreT_exp": [
        [
          3,
          3,
          2
        ],
        [
          3,
          3,
          3
        ],
        [
          2,
          3,
          3
        ]
      ]
    }
  },
  "student": {
    "date": "2021.12.01",
    "student_educated": true,
    "student_grade": "고등_1학년",
    "location": "063",
    "student_grade_group": "고등",
    "student_reading": 1
  },
  "rubric": {
    "essay_grade": "고등_1학년",
    "organization_weight": {
      "org_paragraph": 0,
      "org": 3,
      "org_essay": 6,
      "org_coherence": 3,
      "org_quantity": 1
    },
    "essay_type": "대안제시",
    "content_weight": {
      "con_clearance": 3,
      "con_novelty": 3,
      "con": 4,
      "con_prompt": 1,
      "con_description": 3
    },
    "essay_main_subject": "남녀 갈등 해결 방안",
    "expression_weight": {
      "exp_style": 4,
      "exp_grammar": 2,
      "exp_vocab": 4,
      "exp": 3
    }
  },
  "correction": [],
  "info": {
    "essay_id": "ESSAY_53488",
    "essay_prompt": " 남녀 갈등은 최근 우리 사회에서 가장 뜨거운 이슈 중 하나입니다. 이러한 갈등은 아직 간극을 좁히지 못하고 현재 사회적인 문제로 자리 잡았습니다.\n\n 군 가산점 문제, 일자리 문제 등 여러 가지 비교 자료들을 토대로 토론을 하고 이를 통해 갈등을 해결하고자 하는 노력이 이루어지고 있습니다.\n\n 과거에는 성차별 심했던 시기가 있었습니다. 여자와 남자를 구별 지어 일을 주는 경우도 많았습니다. 하지만, 현재는 여자와 남자라는 성별을 떠나서 나이, 국적을 불문하고 모두에게 평등한 기회를 주기 위해 노력하고 있습니다.\n\n 이렇게 모두의 노력에도 불구하고 아직 해결되지 않았거나 해결될 기미가 보이지 않는 양성평등 문제가 있을까요?\n\n 아주 작은 사소한 일이라도 좋습니다. 여러분이 생각하는 우리 주변의 양성평등 문제를 하나 작성해보고 어떻게 해결할 수 있을지 혹은 무엇이 바뀌어야 해결될 것 같은지 본인의 생각을 설명해주세요. ",
    "essay_type": "대안제시",
    "essay_level": "1",
    "essay_len": 822,
    "essay_main_subject": "남녀 갈등 해결 방안"
  }
}