{
  "paragraph": [
    {
      "paragraph_txt": "남혐과 여혐은 아주 큰 이슈이다.#@문장구분# 이들은 서로 물고 뜯으며 싸우고 있는데, 이것은 개인의 문제가 아니라고 생각한다.#@문장구분# 이를 고치기 위한 세 가지 대안을 제시하여 보겠다.#@문장구분# 첫째, 사회제도의 개편, 최근 이런 일이 있었다. #@문장구분#여성이 남성을 집으로 초대하여 앞에서 옷을 벗는 등 남성을 유혹하는 행위를 했고, 남성은 여성에게 관계를 제안했으나, 무산 되고 말았다.#@문장구분# 그 직후 여성은 남성을 \"강제추행\"과 \"주거침입죄\" 등 으로 고소했고, 다행히 근처 cctv에 여성이 남성을 유혹하고 함께 집으로 들어가는 장면이 포착되어 결국 고소는 실패 하였으나, 현재 그 남성은 주변에서 좋지 않은 시선과 트라우마로 하루 하루를 보내고 있다고 밝혔다.#@문장구분# 그렇다면 먼저 유혹하고 관계를 원했던 여성이 왜 그를 고소 하였을까?#@문장구분# 이는 과거에 남성과 여성의 동의로 함께 관계를 하였으나 근처에는 cctv가 존재하지 않았는데, 여성은 이를 악용하여 남성을 고소한다고 협박해 합의금을 받았던 사례가 있었다.#@문장구분# 정부는 실제로 증거가 충분치 않아도 정액반응과 일관된 진술, cctv등 정확한 정보가 없으면 여성의 편을 들어주고 있으며, 사람들의 반응은 여성이 먼저 \"관계를 통해 고소하지 않겠다\" 라는 서약서를 제출하여야 하며, 녹음기로 합의 한 것을 밝힌 후에야 관계를 하였고 고소를 피할 수 있다고 말하여 많은 공감을 받았습니다.#@문장구분#",
      "paragraph_len": 847,
      "paragraph_id": "001"
    },
    {
      "paragraph_txt": " 둘째, 학교의 바른 교육이 필요합니다.#@문장구분# 페미니스트 중에서는 청소년 페미니스트가 많은데.#@문장구분# 이는 궁금증과 소속감을 느끼기 위해 발생 하고, 이것을 학교에서 바른 것을 가르쳐 주지 않고 있다.#@문장구분# 과거에는 페미니즘의 뜻이 지금과는 달랐지만, 결국 남혐주의로 의미가 변질 되었고 호기심으로 시작하는 학생들이 커서 어른이 될 때까지 이를 벗어나지 못하고 있다.#@문장구분# 성교육에 페미니즘에 관한 내용을 추가하여 페미니스트가 정확히 어떤 문제가 있는지 밝히길 바란다.#@문장구분# 현재 성교육 프로그램을 담당하고 있는 여성가족부에 꽤 많은 페미니스트가 존재하고 있고, 많은 사람들이 여가부의 폐지를 원한다.#@문장구분# 하루 빨리 개편되기를 바란다. 세 번째는 바른 가정교육이다.#@문장구분# 페미니스트의 일부는 부모의 성폭행으로 인해 나타나기도 하며, 아직 할아버지 (고 부모)세대는 남아가 여아 보다 더 좋다라는 차별이 존재하기도 한다.#@문장구분#",
      "paragraph_len": 597,
      "paragraph_id": "002"
    },
    {
      "paragraph_txt": " 하지만 많이 나아지고 있기 때문에 곧 남아,여아 주의는 점차 사라질 것으로 본다.#@문장구분#",
      "paragraph_len": 66,
      "paragraph_id": "003"
    },
    {
      "paragraph_txt": " 여성들의 부탁을 과거엔 남성들이 들어주는 것이 대다수였으며, 좋은 것이 좋은 것 이라고 양보하며 살아갔다.#@문장구분# 하지만 현재 이런 상황이 유지되고 남혐이 더 심해지면 일본과 같이 여성의 지위가 1980년대 쯤으로 떨어지는 역효과를 낼수도 있기 때문에 하루빨리 학교와 국가 개인이 고쳐 나가야 할 것 같다.#@문장구분#",
      "paragraph_len": 208,
      "paragraph_id": "004"
    }
  ],
  "score": {
    "paragraph_score": [
      {
        "paragraph_scoreT": [
          3,
          3,
          3
        ],
        "paragraph_scoreT_detail": {
          "paragraph_scoreT_exp": [
            [
              3,
              3,
              3
            ],
            [
              3,
              3,
              3
            ],
            [
              3,
              3,
              3
            ]
          ]
        },
        "paragraph_scoreT_avg": 3,
        "paragraph_id": "001"
      },
      {
        "paragraph_scoreT": [
          3,
          3,
          3
        ],
        "paragraph_scoreT_detail": {
          "paragraph_scoreT_exp": [
            [
              3,
              3,
              3
            ],
            [
              3,
              3,
              3
            ],
            [
              3,
              3,
              3
            ]
          ]
        },
        "paragraph_scoreT_avg": 3,
        "paragraph_id": "002"
      },
      {
        "paragraph_scoreT": [
          3,
          3,
          3
        ],
        "paragraph_scoreT_detail": {
          "paragraph_scoreT_exp": [
            [
              3,
              3,
              3
            ],
            [
              3,
              3,
              3
            ],
            [
              3,
              3,
              3
            ]
          ]
        },
        "paragraph_scoreT_avg": 3,
        "paragraph_id": "003"
      },
      {
        "paragraph_scoreT": [
          3,
          3,
          3
        ],
        "paragraph_scoreT_detail": {
          "paragraph_scoreT_exp": [
            [
              3,
              3,
              3
            ],
            [
              3,
              3,
              3
            ],
            [
              3,
              3,
              3
            ]
          ]
        },
        "paragraph_scoreT_avg": 3,
        "paragraph_id": "004"
      }
    ],
    "essay_scoreT": [
      28.8,
      28.8,
      27.900002
    ],
    "essay_scoreT_avg": 28.5,
    "essay_scoreT_detail": {
      "essay_scoreT_org": [
        [
          3,
          0,
          3,
          3
        ],
        [
          3,
          0,
          3,
          3
        ],
        [
          3,
          0,
          2,
          3
        ]
      ],
      "essay_scoreT_cont": [
        [
          3,
          2,
          3,
          3
        ],
        [
          3,
          2,
          3,
          3
        ],
        [
          3,
          2,
          3,
          3
        ]
      ],
      "essay_scoreT_exp": [
        [
          3,
          3,
          3
        ],
        [
          3,
          3,
          3
        ],
        [
          3,
          3,
          3
        ]
      ]
    }
  },
  "student": {
    "date": "2021.09.03",
    "student_educated": true,
    "student_grade": "고등_1학년",
    "location": "051",
    "student_grade_group": "고등",
    "student_reading": 1
  },
  "rubric": {
    "essay_grade": "고등_1학년",
    "organization_weight": {
      "org_paragraph": 0,
      "org": 3,
      "org_essay": 6,
      "org_coherence": 3,
      "org_quantity": 1
    },
    "essay_type": "대안제시",
    "content_weight": {
      "con_clearance": 3,
      "con_novelty": 3,
      "con": 4,
      "con_prompt": 1,
      "con_description": 3
    },
    "essay_main_subject": "남녀 갈등 해결 방안",
    "expression_weight": {
      "exp_style": 4,
      "exp_grammar": 2,
      "exp_vocab": 4,
      "exp": 3
    }
  },
  "correction": [],
  "info": {
    "essay_id": "ESSAY_35608",
    "essay_prompt": " 남녀 갈등은 최근 우리 사회에서 가장 뜨거운 이슈 중 하나입니다. 이러한 갈등은 아직 간극을 좁히지 못하고 현재 사회적인 문제로 자리 잡았습니다.\n\n 군 가산점 문제, 일자리 문제 등 여러 가지 비교 자료들을 토대로 토론을 하고 이를 통해 갈등을 해결하고자 하는 노력이 이루어지고 있습니다.\n\n 과거에는 성차별 심했던 시기가 있었습니다. 여자와 남자를 구별 지어 일을 주는 경우도 많았습니다. 하지만, 현재는 여자와 남자라는 성별을 떠나서 나이, 국적을 불문하고 모두에게 평등한 기회를 주기 위해 노력하고 있습니다.\n\n 이렇게 모두의 노력에도 불구하고 아직 해결되지 않았거나 해결될 기미가 보이지 않는 양성평등 문제가 있을까요?\n\n 아주 작은 사소한 일이라도 좋습니다. 여러분이 생각하는 우리 주변의 양성평등 문제를 하나 작성해보고 어떻게 해결할 수 있을지 혹은 무엇이 바뀌어야 해결될 것 같은지 본인의 생각을 설명해주세요. ",
    "essay_type": "대안제시",
    "essay_level": "1",
    "essay_len": 1324,
    "essay_main_subject": "남녀 갈등 해결 방안"
  }
}