{
  "paragraph": [
    {
      "paragraph_txt": "요즘, 내가 길을 지나갈 때 바닥에 쓰레기가 많이 보인다.#@문장구분# 이런 쓰레기는 길거리에서 악취가 나는 것을 유도할분만 아니라 쓰레기를 보는 우리의 기분을 나쁘께 한다.#@문장구분# 또, 쓰레기가 길가에 굴러다니면 안전사고가 일어날 수도 있다. #@문장구분#이러한 문제 상황을 해결하기 위한 대안에는 무엇이 있을까?#@문장구분#",
      "paragraph_len": 238,
      "paragraph_id": "001"
    },
    {
      "paragraph_txt": " 첫쨰, 쓰레기 무단 투기에 대한 단속을 강화하고 과태료나 잘못에 대한 처벌을 강화한다. #@문장구분#많은 사람들이 마음대로 쓰레기를 무단 투기하는데, 이에 대한 단속을 강화하고 처벌을 강화하면 사람들이 경각심을 느껴서 무단투기가 줄어들 것 같다.#@문장구분#",
      "paragraph_len": 171,
      "paragraph_id": "002"
    },
    {
      "paragraph_txt": " 둘째, 해양쓰레기 처리 문제에 대한 개정안을 조정하여 발표한다. #@문장구분#해양쓰레기가 많아서 바다에 있는 동물과 식물에게도 피해가 가고 있다.#@문장구분# 이를 해결하기 위해서 지금 법을 고쳐서 사람들이 바다에 쓰레기를 무단 투기하는 것을 말아야 하고 바다 생물을 잘 보존하여야 한다.#@문장구분# 예를 들면, '바다에 쓰레기 무단투기를 하면 길거리에서 쓰레기 줍기 10시간을 해야 한다.'와 같은 개정안이 나오면 좋겠다.#@문장구분#",
      "paragraph_len": 298,
      "paragraph_id": "003"
    },
    {
      "paragraph_txt": " 셋째, 길거리에 CCTV나 쓰레기통을 설치한다.#@문장구분# 비용은 많이 들겠지만 가장 확실한 방법인 것 같다.#@문장구분# CCTV를 설치하게 되면, 사람들이 CCTV가 있는 것을 봐거 쓰레기를 버리지 않게 된다.#@문장구분# 그리고 쓰레기통을 설치하게 되면 사람들이 쓰레기통에 쓰레기를 버리게 된다.#@문장구분# 나도 저번에 아이스크림을 먹고 버스정류장에서 버스를 기자리고 있었는데 버스정류장 옆에 쓰레기통이 설치가 되어 있어서 쓰레기를 버렸다.#@문장구분# 쓰레기통이 곳곳에 있으면 편한거 같다.#@문장구분#",
      "paragraph_len": 366,
      "paragraph_id": "004"
    },
    {
      "paragraph_txt": " 오늘 생각해 낸 3가지 해결하기 위한 대안을 실천하게 된다면 쓰레기 무단 투기 문제뿐만 아니라 다른 환경문제도 해결할 수 있을 것 같다.#@문장구분#",
      "paragraph_len": 97,
      "paragraph_id": "005"
    }
  ],
  "score": {
    "paragraph_score": [
      {
        "paragraph_scoreT": [
          3,
          3,
          3
        ],
        "paragraph_scoreT_detail": {
          "paragraph_scoreT_exp": [
            [
              3,
              3,
              3
            ],
            [
              3,
              3,
              3
            ],
            [
              3,
              3,
              3
            ]
          ]
        },
        "paragraph_scoreT_avg": 3,
        "paragraph_id": "001"
      },
      {
        "paragraph_scoreT": [
          3,
          3,
          3
        ],
        "paragraph_scoreT_detail": {
          "paragraph_scoreT_exp": [
            [
              3,
              3,
              3
            ],
            [
              3,
              3,
              3
            ],
            [
              3,
              3,
              3
            ]
          ]
        },
        "paragraph_scoreT_avg": 3,
        "paragraph_id": "002"
      },
      {
        "paragraph_scoreT": [
          3,
          3,
          3
        ],
        "paragraph_scoreT_detail": {
          "paragraph_scoreT_exp": [
            [
              3,
              3,
              3
            ],
            [
              3,
              3,
              3
            ],
            [
              3,
              3,
              3
            ]
          ]
        },
        "paragraph_scoreT_avg": 3,
        "paragraph_id": "003"
      },
      {
        "paragraph_scoreT": [
          3,
          3,
          3
        ],
        "paragraph_scoreT_detail": {
          "paragraph_scoreT_exp": [
            [
              3,
              3,
              3
            ],
            [
              3,
              3,
              3
            ],
            [
              3,
              3,
              3
            ]
          ]
        },
        "paragraph_scoreT_avg": 3,
        "paragraph_id": "004"
      },
      {
        "paragraph_scoreT": [
          3,
          3,
          2
        ],
        "paragraph_scoreT_detail": {
          "paragraph_scoreT_exp": [
            [
              3,
              3,
              3
            ],
            [
              3,
              3,
              3
            ],
            [
              2,
              2,
              2
            ]
          ]
        },
        "paragraph_scoreT_avg": 2.6666667,
        "paragraph_id": "005"
      }
    ],
    "essay_scoreT": [
      26.5,
      25.699999,
      26.9
    ],
    "essay_scoreT_avg": 26.366667,
    "essay_scoreT_detail": {
      "essay_scoreT_org": [
        [
          3,
          0,
          3,
          2
        ],
        [
          2,
          0,
          2,
          3
        ],
        [
          2,
          0,
          2,
          3
        ]
      ],
      "essay_scoreT_cont": [
        [
          2,
          2,
          1,
          3
        ],
        [
          2,
          3,
          2,
          3
        ],
        [
          3,
          3,
          2,
          3
        ]
      ],
      "essay_scoreT_exp": [
        [
          3,
          3,
          3
        ],
        [
          3,
          3,
          3
        ],
        [
          3,
          3,
          3
        ]
      ]
    }
  },
  "student": {
    "date": "2021.09.03",
    "student_educated": true,
    "student_grade": "고등_1학년",
    "location": "051",
    "student_grade_group": "고등",
    "student_reading": 1
  },
  "rubric": {
    "essay_grade": "고등_1학년",
    "organization_weight": {
      "org_paragraph": 0,
      "org": 3,
      "org_essay": 6,
      "org_coherence": 3,
      "org_quantity": 1
    },
    "essay_type": "대안제시",
    "content_weight": {
      "con_clearance": 3,
      "con_novelty": 3,
      "con": 4,
      "con_prompt": 1,
      "con_description": 3
    },
    "essay_main_subject": "혐오시설 건설문제에 대한 본인의 생각",
    "expression_weight": {
      "exp_style": 4,
      "exp_grammar": 2,
      "exp_vocab": 4,
      "exp": 3
    }
  },
  "correction": [],
  "info": {
    "essay_id": "ESSAY_33835",
    "essay_prompt": " 혐오 시설이란 지역 주민에게 공포감이나 고통을 주거나, 주변 지역의 쾌적성이 훼손됨으로써 집값이나 땅값이 내려가는 등 부정적인 외부효과를 유발하는 시설을 의미합니다.\n\n 대표적인 혐오 시설에는 쓰레기 매립장, 원자력발전소, 소각장, 유류저장소 등이 있습니다.\n\n 매립지, 소각장, 쓰레기 하치장 같은 혐오 시설은 그리 위험하지는 않지만, 쓰레기를 취급한다는 점에서 혐오감을 주며, 주변 환경오염 문제가 갈등을 일으킵니다. 특히 소각장은 인구밀도가 높은 대도시에 건설된다는 점에서 반대 운동이 일기도 합니다.\n\n 그런데 서로 반대만 하다 보면 입지를 찾지 못해 결국 모든 주민의 삶의 질이 저하될 수 있습니다.\n\n 정부 차원에서 가장 적절한 장소를 선별하여 건설 후 주변 사람들에게 혜택을 주는 방식이 적절한 방법일까요? 아니면 혐오 시설만을 모아둔 부지를 따로 정해서 건설해야 할까요? 아니면 모든 도시가 공평하게 혐오 시설 건설에 대한 부담을 지니고 하나씩 건설해야 할까요?\n\n 모두가 만족할만한 결과를 내기란 정말 어려운 문제이지만 여러분이 생각하는 가장 합리적이고 좋은 방법을 생각해보세요. 그리고 그 방법을 대안으로 제시하고 그 근거에 대해 작성해주세요.",
    "essay_type": "대안제시",
    "essay_level": "1",
    "essay_len": 839,
    "essay_main_subject": "혐오시설 건설문제에 대한 본인의 생각"
  }
}