{
  "paragraph": [
    {
      "paragraph_txt": "남성과 여성은 태어날 때부터 신체 차이가 난다.#@문장구분# 그건 어쩔 수 없다.#@문장구분# 학교에서 달리기나 줄넘기를 할 때 남학생 보다 여학생이 시험에 통과하는 기준이 낮다.#@문장구분# 이것을 두고 남학생들이 체육시험 때마다 불만이 많은데, 나는 이것이 타당하다고 생각한다.#@문장구분# 평등이란, 무조건 똑같게 대우하는 것이 아니고 차이를 인정하면서 차별을 하지 않는 것이라는 말이라고 생각한다.#@문장구분# 만약에 남학생들의 신체조건이 여학생들만큼 되지 않는다면 당연히 시험 기준을 여학생들 보다 낮춰야 한다. #@문장구분#그 외 다른 학교생활에서는 남학생과 여학생이 모두 똑같이 한다.#@문장구분# 청소도 힘이 세다고 남학생들이 더 많이 하는 것이 아니고 똑같이 한다.#@문장구분# 이런 것은 신체 차이에 영향을 받지 않는 일이기 때문이다.#@문장구분# 남녀차별이란, 꼭 여자들만 차별을 받는 것은 아니다.#@문장구분# '남자애가 어떻게 여자처럼 요리하는 것을 좋아하니?' '무슨 여자애가 남자애들 하는 놀이를 하니?' 이런 말을 하면서 간호사가 꿈이라는 남자를 보고 '남자가 간호사를 어떻게 해?'라고 말하는 것도 남자가 차별을 받는 것이다.#@문장구분# 이처럼 남자가 차별 받는 경우도 많다.#@문장구분# 하지만 여성이 차별 받는 경우가 더 많기 때문에 양성평등이라고 하면 여성이 차별 받지 않아야 되는 것처럼 생각된다.#@문장구분# 이제는 여성이 하는 일, 남성이 하는 일이라고 딱 나누면 안된다.#@문장구분# 그리고 여자라서 안 된다거나 남자라서 안 된다고 생각하는 것도 없어져야 한다.#@문장구분# 생각만 하지 말고 실천을 하자.#@문장구분# 평등이 이루어지기 위해서는 우리가 힘을 합쳐 노력해야 한다.#@문장구분# 당당히 내 생각을 펼치고 내 꿈을 향해 한 걸음 한 걸음 걸어가자. #@문장구분#그 날이 올 때까지 아디다스도리토스.....#@문장구분#",
      "paragraph_len": 1189,
      "paragraph_id": "001"
    }
  ],
  "score": {
    "paragraph_score": [
      {
        "paragraph_scoreT": [
          3,
          2.2,
          3
        ],
        "paragraph_scoreT_detail": {
          "paragraph_scoreT_exp": [
            [
              3,
              3,
              3
            ],
            [
              3,
              2,
              2
            ],
            [
              3,
              3,
              3
            ]
          ]
        },
        "paragraph_scoreT_avg": 2.7333333,
        "paragraph_id": "001"
      }
    ],
    "essay_scoreT": [
      28.5,
      26,
      30
    ],
    "essay_scoreT_avg": 28.166666,
    "essay_scoreT_detail": {
      "essay_scoreT_org": [
        [
          3,
          0,
          3,
          2
        ],
        [
          3,
          0,
          3,
          3
        ],
        [
          3,
          0,
          3,
          3
        ]
      ],
      "essay_scoreT_cont": [
        [
          3,
          2,
          3,
          3
        ],
        [
          3,
          2,
          2,
          3
        ],
        [
          3,
          3,
          3,
          3
        ]
      ],
      "essay_scoreT_exp": [
        [
          3,
          3,
          3
        ],
        [
          3,
          2,
          2
        ],
        [
          3,
          3,
          3
        ]
      ]
    }
  },
  "student": {
    "date": "2021.12.13",
    "student_educated": true,
    "student_grade": "고등_1학년",
    "location": "063",
    "student_grade_group": "고등",
    "student_reading": 2
  },
  "rubric": {
    "essay_grade": "고등_1학년",
    "organization_weight": {
      "org_paragraph": 0,
      "org": 3,
      "org_essay": 6,
      "org_coherence": 3,
      "org_quantity": 1
    },
    "essay_type": "대안제시",
    "content_weight": {
      "con_clearance": 3,
      "con_novelty": 3,
      "con": 4,
      "con_prompt": 1,
      "con_description": 3
    },
    "essay_main_subject": "남녀 갈등 해결 방안",
    "expression_weight": {
      "exp_style": 4,
      "exp_grammar": 2,
      "exp_vocab": 4,
      "exp": 3
    }
  },
  "correction": [],
  "info": {
    "essay_id": "ESSAY_62452",
    "essay_prompt": " 남녀 갈등은 최근 우리 사회에서 가장 뜨거운 이슈 중 하나입니다. 이러한 갈등은 아직 간극을 좁히지 못하고 현재 사회적인 문제로 자리 잡았습니다.\n\n 군 가산점 문제, 일자리 문제 등 여러 가지 비교 자료들을 토대로 토론을 하고 이를 통해 갈등을 해결하고자 하는 노력이 이루어지고 있습니다.\n\n 과거에는 성차별 심했던 시기가 있었습니다. 여자와 남자를 구별 지어 일을 주는 경우도 많았습니다. 하지만, 현재는 여자와 남자라는 성별을 떠나서 나이, 국적을 불문하고 모두에게 평등한 기회를 주기 위해 노력하고 있습니다.\n\n 이렇게 모두의 노력에도 불구하고 아직 해결되지 않았거나 해결될 기미가 보이지 않는 양성평등 문제가 있을까요?\n\n 아주 작은 사소한 일이라도 좋습니다. 여러분이 생각하는 우리 주변의 양성평등 문제를 하나 작성해보고 어떻게 해결할 수 있을지 혹은 무엇이 바뀌어야 해결될 것 같은지 본인의 생각을 설명해주세요. ",
    "essay_type": "대안제시",
    "essay_level": "1",
    "essay_len": 805,
    "essay_main_subject": "남녀 갈등 해결 방안"
  }
}