{
  "paragraph": [
    {
      "paragraph_txt": "나는 요즘 남녀혐오 발언에 대해 아주 가관이라고 생각합니다.#@문장구분# 왜냐하면 서로 싸울 이유가 없음에도 서로 헐뜯고 비방하고 싸우기 때문입니다.#@문장구분# 유튜브에 보겸이라고 제가 즐겁게 봤었던 유튜버가 있었습니다.#@문장구분# 그는 자신의 이름인 보겸과 인사말인 하이루를 합쳐 보겸 + 하이루 = 보이루라는 말을 썼습니다.#@문장구분# 하지만 윤X선 교수가 여성성기 + 하이루 = 보이루라고 주장하며 보겸을 저격했습니다.#@문장구분# #@이름#은 엄청난 욕설과 비방을 듣게 되었고 소송을 이겼음에도 자신의 얼굴을 성형했습니다. #@문장구분#실제로 저도 중학교 3학년때 게임 팀보이스로 여성 유저가 남성 유저들을 성희롱하는 것을 듣고, 또 성희롱을 당했습니다. #@문장구분#요즘 사람들이 예민한거 같습니다.#@문장구분# 초등학교 때만해도 별 이야기가 없었는데 갑자기 여성과 남성을 나누면서 서로 갈등이 생기기 시작했습니다.#@문장구분# 얼마전에는 한 중등 체육교사가 학생 수행평가로 앞구르기를 도와주다가 성추행으로 신고 당하고 일자리를 잃었다는 소식을 들었습니다. #@문장구분#진짜 너무 충격이었습니다.#@문장구분# 이렇게까지 해야하나 생각이 들고 저도 약간 혐오에 대한 감정이 생기기 시작했습니다.#@문장구분# 물론 페미니스트 중에서도 무조건적으로 남녀에 대한 비방을 하고 살아가는 통칭 꼴페미 분들만 혐오합니다. #@문장구분#저는 다시 예전의 모습으로 돌아가서 성차별없는 세상에서 살고 싶습니다.#@문장구분#",
      "paragraph_len": 933,
      "paragraph_id": "001"
    }
  ],
  "score": {
    "paragraph_score": [
      {
        "paragraph_scoreT": [
          3,
          2.6,
          2.8
        ],
        "paragraph_scoreT_detail": {
          "paragraph_scoreT_exp": [
            [
              3,
              3,
              3
            ],
            [
              3,
              2,
              3
            ],
            [
              2,
              3,
              3
            ]
          ]
        },
        "paragraph_scoreT_avg": 2.8,
        "paragraph_id": "001"
      }
    ],
    "essay_scoreT": [
      27.300001,
      23.7,
      26.699999
    ],
    "essay_scoreT_avg": 25.9,
    "essay_scoreT_detail": {
      "essay_scoreT_org": [
        [
          3,
          0,
          3,
          2
        ],
        [
          2,
          0,
          2,
          3
        ],
        [
          2,
          0,
          2,
          3
        ]
      ],
      "essay_scoreT_cont": [
        [
          2,
          2,
          3,
          3
        ],
        [
          3,
          2,
          3,
          2
        ],
        [
          3,
          3,
          3,
          3
        ]
      ],
      "essay_scoreT_exp": [
        [
          3,
          3,
          3
        ],
        [
          3,
          2,
          3
        ],
        [
          2,
          3,
          3
        ]
      ]
    }
  },
  "student": {
    "date": "2021.09.23",
    "student_educated": true,
    "student_grade": "고등_1학년",
    "location": "051",
    "student_grade_group": "고등",
    "student_reading": 1
  },
  "rubric": {
    "essay_grade": "고등_1학년",
    "organization_weight": {
      "org_paragraph": 0,
      "org": 3,
      "org_essay": 6,
      "org_coherence": 3,
      "org_quantity": 1
    },
    "essay_type": "대안제시",
    "content_weight": {
      "con_clearance": 3,
      "con_novelty": 3,
      "con": 4,
      "con_prompt": 1,
      "con_description": 3
    },
    "essay_main_subject": "남녀 갈등 해결 방안",
    "expression_weight": {
      "exp_style": 4,
      "exp_grammar": 2,
      "exp_vocab": 4,
      "exp": 3
    }
  },
  "correction": [],
  "info": {
    "essay_id": "ESSAY_35519",
    "essay_prompt": " 남녀 갈등은 최근 우리 사회에서 가장 뜨거운 이슈 중 하나입니다. 이러한 갈등은 아직 간극을 좁히지 못하고 현재 사회적인 문제로 자리 잡았습니다.\n\n 군 가산점 문제, 일자리 문제 등 여러 가지 비교 자료들을 토대로 토론을 하고 이를 통해 갈등을 해결하고자 하는 노력이 이루어지고 있습니다.\n\n 과거에는 성차별 심했던 시기가 있었습니다. 여자와 남자를 구별 지어 일을 주는 경우도 많았습니다. 하지만, 현재는 여자와 남자라는 성별을 떠나서 나이, 국적을 불문하고 모두에게 평등한 기회를 주기 위해 노력하고 있습니다.\n\n 이렇게 모두의 노력에도 불구하고 아직 해결되지 않았거나 해결될 기미가 보이지 않는 양성평등 문제가 있을까요?\n\n 아주 작은 사소한 일이라도 좋습니다. 여러분이 생각하는 우리 주변의 양성평등 문제를 하나 작성해보고 어떻게 해결할 수 있을지 혹은 무엇이 바뀌어야 해결될 것 같은지 본인의 생각을 설명해주세요. ",
    "essay_type": "대안제시",
    "essay_level": "1",
    "essay_len": 637,
    "essay_main_subject": "남녀 갈등 해결 방안"
  }
}