{
  "paragraph": [
    {
      "paragraph_txt": "요즘 페이스북, 유튜브. 인스타 등 다양한 sns에서 사람들이 남성혐오, 여성혐오 등 이야기를 하는데 이런 혐오 등을 없애기 위해서는 서로를 이해하고 배려 할 줄알아야 된다고 생각한다.#@문장구분# 최근의 대표적인 남성혐오, 여성혐오의 경우는 얼마전에 출시한 '제2의 나라' 라는 게임에서 한 때 인기가 많았던 '#@이름#' 이라는 유튜보의 인사말인 '' 라는 단어가 금지어가 되어 많은 이야기가 있었다.#@문장구분# 또한 군문제 , 여경 등 다양한 성별에 대한 문제가 많은데 이런 부분에서 남성과 여성이 서로를 생각하며 조금 더 넓은 시야에서 이해를 하고 서로를 존중했으면 어떨까 라는 생각이 든다.#@문장구분# 최근 sns에서 나오는 젠더문제를 살펴보면 예전에는 웃고 넘어갔던 문제들을 가지고 본인이 불편하다고, 혹은 맘에 들지 않는다고 이게 맞냐는 투로 네티즌들에게 동의와 공감을 구하는 글을 올려 많은 호응을 얻고 무엇이 제대로 되있는지소 모른체 비난하는 경우가 많다고 생각한다.#@문장구분#남성과 여성은 인간이라는 종족 아래에 같은 생명체다.#@문장구분# 하지만 성별이 다르다는 이유만으로 서로를 욕하고 때리면 안된다고 생각한다.#@문장구분# 그러니 우리는 같은 사람 대 사람으로 상대방을 대우해주고 상대방의 부족한 부분을 욕을 하는 것이 아닌 배려를 해주고 때로는 배려를 받은 사람은 그게 당연하다,#@문장구분# 원래 그래야한다 등의 반응이 아닌 진심으로 감사하는 마음을 갖고 자신이 남에게 받은 배려만큼 남을 배려하다 보면 언젠간 모두가 서로를 배려하고 존중해주는 사회가 도래 할 거라고 생각이 들고 남녀 모두 서로 다름을 인정하고 서로의 단점을 보완해 나가면서 조화롭게 살아갔으면 한다고 생각한다.#@문장구분#",
      "paragraph_len": 983,
      "paragraph_id": "001"
    }
  ],
  "score": {
    "paragraph_score": [
      {
        "paragraph_scoreT": [
          2.4,
          2.8,
          2
        ],
        "paragraph_scoreT_detail": {
          "paragraph_scoreT_exp": [
            [
              2,
              3,
              2
            ],
            [
              2,
              3,
              3
            ],
            [
              2,
              2,
              2
            ]
          ]
        },
        "paragraph_scoreT_avg": 2.3999999,
        "paragraph_id": "001"
      }
    ],
    "essay_scoreT": [
      27,
      27.6,
      21.2
    ],
    "essay_scoreT_avg": 25.266668,
    "essay_scoreT_detail": {
      "essay_scoreT_org": [
        [
          3,
          0,
          3,
          3
        ],
        [
          2,
          0,
          3,
          3
        ],
        [
          2,
          0,
          2,
          2
        ]
      ],
      "essay_scoreT_cont": [
        [
          3,
          3,
          3,
          2
        ],
        [
          3,
          3,
          3,
          3
        ],
        [
          3,
          2,
          2,
          2
        ]
      ],
      "essay_scoreT_exp": [
        [
          2,
          3,
          2
        ],
        [
          2,
          3,
          3
        ],
        [
          2,
          2,
          2
        ]
      ]
    }
  },
  "student": {
    "date": "2021.10.01",
    "student_educated": true,
    "student_grade": "고등_1학년",
    "location": "051",
    "student_grade_group": "고등",
    "student_reading": 1
  },
  "rubric": {
    "essay_grade": "고등_1학년",
    "organization_weight": {
      "org_paragraph": 0,
      "org": 3,
      "org_essay": 6,
      "org_coherence": 3,
      "org_quantity": 1
    },
    "essay_type": "대안제시",
    "content_weight": {
      "con_clearance": 3,
      "con_novelty": 3,
      "con": 4,
      "con_prompt": 1,
      "con_description": 3
    },
    "essay_main_subject": "남녀 갈등 해결 방안",
    "expression_weight": {
      "exp_style": 4,
      "exp_grammar": 2,
      "exp_vocab": 4,
      "exp": 3
    }
  },
  "correction": [],
  "info": {
    "essay_id": "ESSAY_37034",
    "essay_prompt": " 남녀 갈등은 최근 우리 사회에서 가장 뜨거운 이슈 중 하나입니다. 이러한 갈등은 아직 간극을 좁히지 못하고 현재 사회적인 문제로 자리 잡았습니다.\n\n 군 가산점 문제, 일자리 문제 등 여러 가지 비교 자료들을 토대로 토론을 하고 이를 통해 갈등을 해결하고자 하는 노력이 이루어지고 있습니다.\n\n 과거에는 성차별 심했던 시기가 있었습니다. 여자와 남자를 구별 지어 일을 주는 경우도 많았습니다. 하지만, 현재는 여자와 남자라는 성별을 떠나서 나이, 국적을 불문하고 모두에게 평등한 기회를 주기 위해 노력하고 있습니다.\n\n 이렇게 모두의 노력에도 불구하고 아직 해결되지 않았거나 해결될 기미가 보이지 않는 양성평등 문제가 있을까요?\n\n 아주 작은 사소한 일이라도 좋습니다. 여러분이 생각하는 우리 주변의 양성평등 문제를 하나 작성해보고 어떻게 해결할 수 있을지 혹은 무엇이 바뀌어야 해결될 것 같은지 본인의 생각을 설명해주세요. ",
    "essay_type": "대안제시",
    "essay_level": "1",
    "essay_len": 798,
    "essay_main_subject": "남녀 갈등 해결 방안"
  }
}