{
  "paragraph": [
    {
      "paragraph_txt": "최근 인천 서구 쓰레기매립장에 반입되는 쓰레기의 양이 작년보다 증가하고 있으며, 매립장 포화 시기가 예상보다 앞당겨질 것으로 보인다.#@문장구분# 그리하여 쓰레기매립장에 관하여 수도권 3개 자치단체(서울,경기,인천)에서는 논쟁을 펼치고 있다.#@문장구분# 1992년부터 지금ᄁᆞ지 경기,서울,인천에서 나오는 산업폐기물, 생활쓰레기 등을 인천 서구 쓰레기매립장에서 처리해오고 있었다.#@문장구분# 하지만 인천주민들은 \n우리지역이 아닌 타지역의 폐기물과 쓰레기를 왜 우리지역에서 처리하느냐는 불만이 나와 인천시는 2025년을 마지막으로 쓰레기매립장 사용을 중단할 것이라고 하였다.#@문장구분# 하지만 경기,서울시는 폐기물 처리 장소가 마련되기 전 대략 2028년까지는 계속해서 인천 서구 매립장에서 처리하자는 의견이 나왔다.#@문장구분# 각 수도권 3개 자치단체에서 인천시는 각 지역에서 나오는 폐기물들은 각 지역에서 해결하자고 하였으나, 서울시(오세훈)는  아파트를 지을 공간도 없다며 인천에서 폐기물을 처리해야 한다고 주장한다.#@문장구분# 하지만 인천주민들은 쓰레기매립장으로 인해 주변환경이 악화될 뿐만 아니라 집값이 떨어지는 등 지역주민들에게 공포감이나 고통을 주기 때문에 더 불만이 표출되고 있는 상황이다.#@문장구분# 이 문제를 해결하기 위해서는 우선 '폐기물 줄이기'의 합의점을 찾아야한다.#@문장구분# 어쩻든 2025년까진 계속 인천에서 처리해야 하기 때문에 최소한의 산업폐기물, 생활쓰레기 등을 줄여야한다.#@문장구분# 두 번째로는, 친환경 매립지를 설치하는 것이다.#@문장구분# 하지만 친환경 매립지라 해도 지역주민들의 분쟁은 끊이지 않을 것이기 때문에 지역주민과의 소통을 통헤서도 합의점을 찾아야한다.#@문장구분# 세 번쨰로는 환경부에서의 적극적인 대처가 필요하다. 현재 불만이 커져가고 있지만 정작 환경부는 소극적인 인센티브만 지원해주고 있다.#@문장구분# 따라서 인천주민들이 고통을 겪고있고, 매립장으로 인해 집값이 떨어지는 것에 대해 적극적으로 지원해 주어야한다.#@문장구분# \n이 뿐만 아니라 수도권 3개 자치단체에서는 지역주민들에게 더 관심을 가져야 할 뿐만 아니라 서로 간의 갈등의 최소 합의점을 찾아 하루 빨리 이 문제를 해결해야한다.#@문장구분#",
      "paragraph_len": 1288,
      "paragraph_id": "001"
    }
  ],
  "score": {
    "paragraph_score": [
      {
        "paragraph_scoreT": [
          2.6,
          3,
          2
        ],
        "paragraph_scoreT_detail": {
          "paragraph_scoreT_exp": [
            [
              3,
              2,
              3
            ],
            [
              3,
              3,
              3
            ],
            [
              2,
              2,
              2
            ]
          ]
        },
        "paragraph_scoreT_avg": 2.5333333,
        "paragraph_id": "001"
      }
    ],
    "essay_scoreT": [
      27.599998,
      25.099998,
      25.4
    ],
    "essay_scoreT_avg": 26.033333,
    "essay_scoreT_detail": {
      "essay_scoreT_org": [
        [
          3,
          0,
          3,
          3
        ],
        [
          2,
          0,
          3,
          2
        ],
        [
          3,
          0,
          3,
          3
        ]
      ],
      "essay_scoreT_cont": [
        [
          3,
          2,
          3,
          3
        ],
        [
          3,
          2,
          2,
          2
        ],
        [
          3,
          2,
          2,
          3
        ]
      ],
      "essay_scoreT_exp": [
        [
          3,
          2,
          3
        ],
        [
          3,
          3,
          3
        ],
        [
          2,
          2,
          2
        ]
      ]
    }
  },
  "student": {
    "date": "2021.09.10",
    "student_educated": true,
    "student_grade": "고등_1학년",
    "location": "051",
    "student_grade_group": "고등",
    "student_reading": 2
  },
  "rubric": {
    "essay_grade": "고등_1학년",
    "organization_weight": {
      "org_paragraph": 0,
      "org": 3,
      "org_essay": 6,
      "org_coherence": 3,
      "org_quantity": 1
    },
    "essay_type": "대안제시",
    "content_weight": {
      "con_clearance": 3,
      "con_novelty": 3,
      "con": 4,
      "con_prompt": 1,
      "con_description": 3
    },
    "essay_main_subject": "혐오시설 건설문제에 대한 본인의 생각",
    "expression_weight": {
      "exp_style": 4,
      "exp_grammar": 2,
      "exp_vocab": 4,
      "exp": 3
    }
  },
  "correction": [],
  "info": {
    "essay_id": "ESSAY_33880",
    "essay_prompt": " 혐오 시설이란 지역 주민에게 공포감이나 고통을 주거나, 주변 지역의 쾌적성이 훼손됨으로써 집값이나 땅값이 내려가는 등 부정적인 외부효과를 유발하는 시설을 의미합니다.\n\n 대표적인 혐오 시설에는 쓰레기 매립장, 원자력발전소, 소각장, 유류저장소 등이 있습니다.\n\n 매립지, 소각장, 쓰레기 하치장 같은 혐오 시설은 그리 위험하지는 않지만, 쓰레기를 취급한다는 점에서 혐오감을 주며, 주변 환경오염 문제가 갈등을 일으킵니다. 특히 소각장은 인구밀도가 높은 대도시에 건설된다는 점에서 반대 운동이 일기도 합니다.\n\n 그런데 서로 반대만 하다 보면 입지를 찾지 못해 결국 모든 주민의 삶의 질이 저하될 수 있습니다.\n\n 정부 차원에서 가장 적절한 장소를 선별하여 건설 후 주변 사람들에게 혜택을 주는 방식이 적절한 방법일까요? 아니면 혐오 시설만을 모아둔 부지를 따로 정해서 건설해야 할까요? 아니면 모든 도시가 공평하게 혐오 시설 건설에 대한 부담을 지니고 하나씩 건설해야 할까요?\n\n 모두가 만족할만한 결과를 내기란 정말 어려운 문제이지만 여러분이 생각하는 가장 합리적이고 좋은 방법을 생각해보세요. 그리고 그 방법을 대안으로 제시하고 그 근거에 대해 작성해주세요.",
    "essay_type": "대안제시",
    "essay_level": "1",
    "essay_len": 1009,
    "essay_main_subject": "혐오시설 건설문제에 대한 본인의 생각"
  }
}