{
  "paragraph": [
    {
      "paragraph_txt": "우선 이 글을 쓰기에 앞서 한 가지 말할 것은 나는 여성혐오, 남성혐오 둘 다 아주 싫어하는 사람이라는 것이고, 더 이상 남녀간의 무의미한 싸움이 그만 되었으면 하는 사람이라는 것이다.#@문장구분# 요즘 시대를 살아가며 인터넷에선 사람들이 서로 헐뜯고 비난하고 화를 내는 모습을 자주 목격할 수 있다.#@문장구분# 요즈음 사람들은 서로에게 왜 이렇게나 화가 나 있는 걸까?#@문장구분# 그리고 이런 서로에게 아무 이익 없는 싸움에 사람들은 왜 이렇게나 붉으락푸르락하는 걸까?#@문장구분# 나는 이 문제에 대해 근본적인 의문이 들었다.#@문장구분# 그리고 그 의문은 쉽게 해결되었다.#@문장구분# 내가 내린 이 분쟁의 원인은 본인의 상황에 화가 나 있고, 그 화를 남을 탓해서 표출하는 것으로 즐거움을 느끼는 사람들이 너무도 많다는 것이다.#@문장구분# 탓은 또 다른 탓을 낳아 분쟁으로 잇는 바보같은 짓이다.#@문장구분# 이러한 탓들은 오늘 마트에 장 보러 갔는데 비가 와서 쫄딱 젖었으니 이것은 장 보러 갔다 와달라고 한 남편 탓, 오늘이 승진 날이었는데 승진을 못한 것은 어제 술자리에서 빨리 집에 들어오라며 전화한 아내 탓이라고 하는 것과 같은 무논리적인 악순환을 만든다.#@문장구분# 그렇다면 우리는 왜 이렇게 남 탓을 하는 것이 습관화되었을까?#@문장구분# 그 이유는 인터넷에서 쉽게 알 수 있다.#@문장구분# 화는 옮는 전염병과 같아서 누군가 어떤 문제에 대해 화를 내면 사람들은 그것에 쉽게 동조한다.#@문장구분# 또한 화를 내는 행위는 묘한 즐거움을 줘서 중독과도 같다.#@문장구분# 그래서 너무 많은 정보를 인터넷에서 습득할 수 있는 요즘같은 시대엔 여러 가지 당연한 사회의 질서들을 비합리적이고 어떻게든 바꿔야 한다는 의견들을 쉽게 접할 수 있고, 또 그러한 의견들에 동조되기 쉽다.#@문장구분# 그러다 보니 당연한 본인들의 상황이 더 이상 당연하게 여겨지지 않고, 그것에서 오는 분노를 남에게 탓하는 것으로 표출하며 이상한 쾌감을 얻게 된다.#@문장구분# 따라서 '탓'은 여성과 남성의 사회적 능력이 다름을 인정하지 않고, 그 무엇의 역할에도 충실하지 않으면서 여성이 살림을 하고, 남성이 일을 하는 것은 남녀 차별이라는 이중적인 잣대를 들이미는 사람들이 증가하는 커다란 사회적 문제를 일으킨다.#@문장구분# 결론적으로 내가 하고자 하는 말은 남성혐오든 여성혐오든 모든 혐오들을 멈추기 위해선 우리 현대인들이 서로를 탓하는 것. 즉, 서로의 분노를 북돋으며 화를 내는 것으로 쾌감을 느끼는 이 이상한 중독이 비정상적이라는 것을 인식하고 벗어나야 한다는 것이다.#@문장구분#",
      "paragraph_len": 1504,
      "paragraph_id": "001"
    }
  ],
  "score": {
    "paragraph_score": [
      {
        "paragraph_scoreT": [
          2.2,
          3,
          2.6
        ],
        "paragraph_scoreT_detail": {
          "paragraph_scoreT_exp": [
            [
              3,
              2,
              2
            ],
            [
              3,
              3,
              3
            ],
            [
              3,
              3,
              2
            ]
          ]
        },
        "paragraph_scoreT_avg": 2.6,
        "paragraph_id": "001"
      }
    ],
    "essay_scoreT": [
      22.099998,
      23.699999,
      22.099998
    ],
    "essay_scoreT_avg": 22.633331,
    "essay_scoreT_detail": {
      "essay_scoreT_org": [
        [
          2,
          0,
          2,
          3
        ],
        [
          2,
          0,
          2,
          3
        ],
        [
          2,
          0,
          2,
          3
        ]
      ],
      "essay_scoreT_cont": [
        [
          3,
          2,
          2,
          2
        ],
        [
          2,
          2,
          3,
          2
        ],
        [
          2,
          2,
          2,
          2
        ]
      ],
      "essay_scoreT_exp": [
        [
          3,
          2,
          2
        ],
        [
          3,
          3,
          3
        ],
        [
          3,
          3,
          2
        ]
      ]
    }
  },
  "student": {
    "date": "2021.10.01",
    "student_educated": true,
    "student_grade": "고등_1학년",
    "location": "051",
    "student_grade_group": "고등",
    "student_reading": 1
  },
  "rubric": {
    "essay_grade": "고등_1학년",
    "organization_weight": {
      "org_paragraph": 0,
      "org": 3,
      "org_essay": 6,
      "org_coherence": 3,
      "org_quantity": 1
    },
    "essay_type": "대안제시",
    "content_weight": {
      "con_clearance": 3,
      "con_novelty": 3,
      "con": 4,
      "con_prompt": 1,
      "con_description": 3
    },
    "essay_main_subject": "남녀 갈등 해결 방안",
    "expression_weight": {
      "exp_style": 4,
      "exp_grammar": 2,
      "exp_vocab": 4,
      "exp": 3
    }
  },
  "correction": [],
  "info": {
    "essay_id": "ESSAY_36440",
    "essay_prompt": " 남녀 갈등은 최근 우리 사회에서 가장 뜨거운 이슈 중 하나입니다. 이러한 갈등은 아직 간극을 좁히지 못하고 현재 사회적인 문제로 자리 잡았습니다.\n\n 군 가산점 문제, 일자리 문제 등 여러 가지 비교 자료들을 토대로 토론을 하고 이를 통해 갈등을 해결하고자 하는 노력이 이루어지고 있습니다.\n\n 과거에는 성차별 심했던 시기가 있었습니다. 여자와 남자를 구별 지어 일을 주는 경우도 많았습니다. 하지만, 현재는 여자와 남자라는 성별을 떠나서 나이, 국적을 불문하고 모두에게 평등한 기회를 주기 위해 노력하고 있습니다.\n\n 이렇게 모두의 노력에도 불구하고 아직 해결되지 않았거나 해결될 기미가 보이지 않는 양성평등 문제가 있을까요?\n\n 아주 작은 사소한 일이라도 좋습니다. 여러분이 생각하는 우리 주변의 양성평등 문제를 하나 작성해보고 어떻게 해결할 수 있을지 혹은 무엇이 바뀌어야 해결될 것 같은지 본인의 생각을 설명해주세요. ",
    "essay_type": "대안제시",
    "essay_level": "1",
    "essay_len": 1164,
    "essay_main_subject": "남녀 갈등 해결 방안"
  }
}