{
  "paragraph": [
    {
      "paragraph_txt": "나는 혐오시설 같은 것을 도시에 짓는 것을 반대한다.#@문장구분# 왜냐하면 혐오시설 중 대부분의 시설은 환경에 문제를 주거나 도시에서의 생활을 힘들게 하는 시설이 있기 때문이다.#@문장구분# 특히 원자력 발전소 같은 시설은 사고가 나면 막을 수 없을 정도로 피해를 주게 된다.#@문장구분# 이러한 이유 때문에 많은 사람들은 이러한 시설이 자신이 살고 있는 곳에 들어오는 것을 반대하고 있다.#@문장구분# 소각장이나 쓰레기매립지 같은 곳은 시민들이 살고 있는 곳에 공기를 오염시킨다.#@문장구분# 이러한 사람이 많이 살고 있는 곳에 이런 시설이 지어지는 이유는 바로 시설을 건설할 수 있는 장소가 부족하기 때문이다.#@문장구분# 장소가 부족한 이유는 도시를 지으면서 이러한 장소를 지을 수 있는 공간이 확보되지 않기 때문이다.#@문장구분# 이런 방법을 해결하는 방안이 아직까지는 많이 없다 사람들은 이런 시설들을 한곳에 짓는 방법은 없나요 라고 하는데 사실상 한곳에 짓는다는 말은 쉽게 나오지만 시설을 한곳에 지으려면 기존에 필요하던 공간보다 더 많은 공간을 확보해야만 해서 한 곳에 짓는방법은 사실상 어렵다고 볼 수 있다.#@문장구분# 내가 생각하는 이런 혐오시설 건설 반대 문제를 해결하지 위해서는 혐오시설  중에 같이 지어서 활용을 할 수 있는 시설을 합하는 방법이다.#@문장구분# 예를 들면 쓰레기매립지와 소각장을 합하는 방법인데 같이 활용할 수 있는 시설을 같이 지으면 한 곳에서 다른곳 으로 이동해야하는 시간을 줄일 수있다.#@문장구분# 하지만 단점으로는 혐오시설 중 같이지을수 없는게 대부분이라 같이 짓는 것이 어렵다.#@문장구분# 그리고 또다른 단점으로는 공간 확보도 어렵다.#@문장구분# 공간이 확보되는 것이 어려운 이유는 두 시설이상을 같이 짓기 위해서는 더 큰 공간이 필요하기 때문에 더 짓기 어려울수도 있다.#@문장구분# 혐오시설은 우리가 필요로 하지만 필요로 하는 공간이 필요하기 때문에 자연스럽게 우리가 사는 도시로 오게된다.#@문장구분# 언젠가는 혐오시설을 해결하는 방안을 정부가 마련하거나 국민의 목소리가 정부에 전달되기를 기대하고 있다.#@문장구분#",
      "paragraph_len": 1246,
      "paragraph_id": "001"
    }
  ],
  "score": {
    "paragraph_score": [
      {
        "paragraph_scoreT": [
          2,
          2.8,
          3
        ],
        "paragraph_scoreT_detail": {
          "paragraph_scoreT_exp": [
            [
              2,
              2,
              2
            ],
            [
              2,
              3,
              3
            ],
            [
              3,
              3,
              3
            ]
          ]
        },
        "paragraph_scoreT_avg": 2.6000001,
        "paragraph_id": "001"
      }
    ],
    "essay_scoreT": [
      21.2,
      26.599998,
      28.4
    ],
    "essay_scoreT_avg": 25.4,
    "essay_scoreT_detail": {
      "essay_scoreT_org": [
        [
          2,
          0,
          2,
          2
        ],
        [
          3,
          0,
          3,
          3
        ],
        [
          3,
          0,
          3,
          3
        ]
      ],
      "essay_scoreT_cont": [
        [
          2,
          2,
          2,
          3
        ],
        [
          3,
          2,
          2,
          2
        ],
        [
          3,
          2,
          2,
          3
        ]
      ],
      "essay_scoreT_exp": [
        [
          2,
          2,
          2
        ],
        [
          2,
          3,
          3
        ],
        [
          3,
          3,
          3
        ]
      ]
    }
  },
  "student": {
    "date": "2021.11.08",
    "student_educated": true,
    "student_grade": "고등_1학년",
    "location": "054",
    "student_grade_group": "고등",
    "student_reading": 2
  },
  "rubric": {
    "essay_grade": "고등_1학년",
    "organization_weight": {
      "org_paragraph": 0,
      "org": 3,
      "org_essay": 6,
      "org_coherence": 3,
      "org_quantity": 1
    },
    "essay_type": "대안제시",
    "content_weight": {
      "con_clearance": 3,
      "con_novelty": 3,
      "con": 4,
      "con_prompt": 1,
      "con_description": 3
    },
    "essay_main_subject": "혐오시설 건설문제에 대한 본인의 생각",
    "expression_weight": {
      "exp_style": 4,
      "exp_grammar": 2,
      "exp_vocab": 4,
      "exp": 3
    }
  },
  "correction": [],
  "info": {
    "essay_id": "ESSAY_40872",
    "essay_prompt": " 혐오 시설이란 지역 주민에게 공포감이나 고통을 주거나, 주변 지역의 쾌적성이 훼손됨으로써 집값이나 땅값이 내려가는 등 부정적인 외부효과를 유발하는 시설을 의미합니다.\n\n 대표적인 혐오 시설에는 쓰레기 매립장, 원자력발전소, 소각장, 유류저장소 등이 있습니다.\n\n 매립지, 소각장, 쓰레기 하치장 같은 혐오 시설은 그리 위험하지는 않지만, 쓰레기를 취급한다는 점에서 혐오감을 주며, 주변 환경오염 문제가 갈등을 일으킵니다. 특히 소각장은 인구밀도가 높은 대도시에 건설된다는 점에서 반대 운동이 일기도 합니다.\n\n 그런데 서로 반대만 하다 보면 입지를 찾지 못해 결국 모든 주민의 삶의 질이 저하될 수 있습니다.\n\n 정부 차원에서 가장 적절한 장소를 선별하여 건설 후 주변 사람들에게 혜택을 주는 방식이 적절한 방법일까요? 아니면 혐오 시설만을 모아둔 부지를 따로 정해서 건설해야 할까요? 아니면 모든 도시가 공평하게 혐오 시설 건설에 대한 부담을 지니고 하나씩 건설해야 할까요?\n\n 모두가 만족할만한 결과를 내기란 정말 어려운 문제이지만 여러분이 생각하는 가장 합리적이고 좋은 방법을 생각해보세요. 그리고 그 방법을 대안으로 제시하고 그 근거에 대해 작성해주세요.",
    "essay_type": "대안제시",
    "essay_level": "1",
    "essay_len": 947,
    "essay_main_subject": "혐오시설 건설문제에 대한 본인의 생각"
  }
}