{
  "paragraph": [
    {
      "paragraph_txt": "첫번째 해결방안으로는 무게측정기를 개발하고 수시로 다이옥신 검사를 하는 것이 있다.#@문장구분# 쓰레기를 버릴 때에 무게측정기를 사용하여서 무게에 따른 벌금을 매기게 되면 자동적으로 쓰레기를 버리는 양도 줄어들게 될 것이다.#@문장구분# 충주에 있는 소각장을 가동하지 못하게 한다고 해도 이 소각장은 다른 곳에 생기게 될 것이다.#@문장구분# 그러면 그 지역 사람들이 소각장에 대한 반대 운동을 하게 되면 뫼비우스의 띄와 같은 현상이 생긴다.#@문장구분# 그러니 처음부터 쓰레기의 양을 줄이면 소각장도 줄어들게 될 것이다.#@문장구분# 그러니 무게측정기를 사용하여 쓰레기의 무게에 따라 벌금을 매겨서 쓰레기의 양을 줄이면 소각장도 줄어들게 될 것이다.#@문장구분# 그러니 무게측정기를 사용하여 쓰레기의 무게에 따라 벌금을 매겨서 쓰레기의 양을 줄여야 한다.#@문장구분# 다이옥신 검사는 비용이 비싸서 1년 2번 정도 하는 검사인데 이 검사를 수시로 시행하여 소각장이 가동되는 것을 엄격하게 제안해야 한다.#@문장구분# 두 번째 해결방안으로는 소각장을 랜드마크로 만드는 것이 있다.#@문장구분# 사람들이 소각장이 혐오시설이라는 것을 계속 생기게 된다.#@문장구분# 그러니 생각의 전환하자는 것이다.#@문장구분# 이미 일본에서는 오사카의 한 인공섬을 소각장으로 하여서 랜드마크로 사용하고 있다.#@문장구분# 소각장의 겉모습을 유니버셜 스튜디오와 같은 형식으로 만든 것이다.#@문장구분# 이처럼 우리나라도 꼭 놀이공원의 형태가 아니어도 소각장을 랜드마크와 같은 형식으로 꾸며서 사람들이 소각장을 혐오 시설이라고 느끼지 않도록 해야 한다.#@문장구분# 마지막 해결방안은 소각장이 불법으로 과도하게 가동을 시킨다면 벌금을 매기는 것과 재활용을 하는 것이다.#@문장구분# 우리가 지금 겪고 있는 이 상황에 대해서 선진국들은 미리 경험하였다.#@문장구분# EU에서는 이 문제를 과도한 벌금 부과를 통하여 어느 정도 문제를 잡았다.#@문장구분# 우리나라도 이와 같이 벌금을 부과하여 소각장이 과도하게 작용되지 않도록 해야 한다.#@문장구분# 재활용하는 것은 우리가 유치원을 다녔을 때부터 배운 것인데 이를 적극 실천해야 한다.#@문장구분# 재활용을 통해서 조금이라도 쓰레기를 줄여서 소각장이 조금이라고 덜 가동되도록 한다.#@문장구분# 우리가 쓰레기를 버리는 만큼 소각장이 과도하게 사용되어 우리의 삶에 피해를 주는 것은 부메랑 효과라고 할 수 있는데 이것이 발생하지 않도록 해야 한다.#@문장구분#",
      "paragraph_len": 1496,
      "paragraph_id": "001"
    }
  ],
  "score": {
    "paragraph_score": [
      {
        "paragraph_scoreT": [
          3,
          3,
          3
        ],
        "paragraph_scoreT_detail": {
          "paragraph_scoreT_exp": [
            [
              3,
              3,
              3
            ],
            [
              3,
              3,
              3
            ],
            [
              3,
              3,
              3
            ]
          ]
        },
        "paragraph_scoreT_avg": 3,
        "paragraph_id": "001"
      }
    ],
    "essay_scoreT": [
      26.6,
      28.8,
      28.4
    ],
    "essay_scoreT_avg": 27.933334,
    "essay_scoreT_detail": {
      "essay_scoreT_org": [
        [
          2,
          0,
          3,
          3
        ],
        [
          3,
          0,
          3,
          3
        ],
        [
          3,
          0,
          2,
          2
        ]
      ],
      "essay_scoreT_cont": [
        [
          2,
          3,
          2,
          3
        ],
        [
          3,
          2,
          3,
          3
        ],
        [
          3,
          3,
          2,
          3
        ]
      ],
      "essay_scoreT_exp": [
        [
          3,
          3,
          3
        ],
        [
          3,
          3,
          3
        ],
        [
          3,
          3,
          3
        ]
      ]
    }
  },
  "student": {
    "date": "2021.09.08",
    "student_educated": true,
    "student_grade": "고등_1학년",
    "location": "051",
    "student_grade_group": "고등",
    "student_reading": 2
  },
  "rubric": {
    "essay_grade": "고등_1학년",
    "organization_weight": {
      "org_paragraph": 0,
      "org": 3,
      "org_essay": 6,
      "org_coherence": 3,
      "org_quantity": 1
    },
    "essay_type": "대안제시",
    "content_weight": {
      "con_clearance": 3,
      "con_novelty": 3,
      "con": 4,
      "con_prompt": 1,
      "con_description": 3
    },
    "essay_main_subject": "혐오시설 건설문제에 대한 본인의 생각",
    "expression_weight": {
      "exp_style": 4,
      "exp_grammar": 2,
      "exp_vocab": 4,
      "exp": 3
    }
  },
  "correction": [],
  "info": {
    "essay_id": "ESSAY_33932",
    "essay_prompt": " 혐오 시설이란 지역 주민에게 공포감이나 고통을 주거나, 주변 지역의 쾌적성이 훼손됨으로써 집값이나 땅값이 내려가는 등 부정적인 외부효과를 유발하는 시설을 의미합니다.\n\n 대표적인 혐오 시설에는 쓰레기 매립장, 원자력발전소, 소각장, 유류저장소 등이 있습니다.\n\n 매립지, 소각장, 쓰레기 하치장 같은 혐오 시설은 그리 위험하지는 않지만, 쓰레기를 취급한다는 점에서 혐오감을 주며, 주변 환경오염 문제가 갈등을 일으킵니다. 특히 소각장은 인구밀도가 높은 대도시에 건설된다는 점에서 반대 운동이 일기도 합니다.\n\n 그런데 서로 반대만 하다 보면 입지를 찾지 못해 결국 모든 주민의 삶의 질이 저하될 수 있습니다.\n\n 정부 차원에서 가장 적절한 장소를 선별하여 건설 후 주변 사람들에게 혜택을 주는 방식이 적절한 방법일까요? 아니면 혐오 시설만을 모아둔 부지를 따로 정해서 건설해야 할까요? 아니면 모든 도시가 공평하게 혐오 시설 건설에 대한 부담을 지니고 하나씩 건설해야 할까요?\n\n 모두가 만족할만한 결과를 내기란 정말 어려운 문제이지만 여러분이 생각하는 가장 합리적이고 좋은 방법을 생각해보세요. 그리고 그 방법을 대안으로 제시하고 그 근거에 대해 작성해주세요.",
    "essay_type": "대안제시",
    "essay_level": "1",
    "essay_len": 1078,
    "essay_main_subject": "혐오시설 건설문제에 대한 본인의 생각"
  }
}