{
  "paragraph": [
    {
      "paragraph_txt": "최근 뉴스들을 보면 혐오시설 건설에 대한 지역 주민들의 반대 운동 소식들을 볼 수 있는데요.#@문장구분# 혐오시설이란 도대체 무엇이기에 주민들이 반대운동을 하는 것일까요?#@문장구분# 혐오시설이란 단어 그대로 혐오감을 주는 시설로써 지역 주민에게 공포감이나 고통을 주거나, 주변 지역의 쾌적성이 훼손됨으로써 집값이나 땅값이 내려가는 등 여러 부정적인 외부효과를 유발하는 시설을 의미합니다.#@문장구분# 그렇다면 이런 시설들의 건설로 인해 생기는 문제들에는 무엇이 있을까요?#@문장구분# 혐오 시설로 인해 생기는 문제들 중 하나는 부동산 가격 하락입니다.#@문장구분# 전철역 인근 역세권의 집값이 비싸고 산골짜기 후미진 곳의 집값이 저렴한 것처럼 부동산은 주변 환경에 따라 가격 변동이 심한 편인데 근처에 산업폐기물 시설 같은 혐오시설이 건설되게 된다면 그에 따라서 주위의 부동산 가격들이 하락하게 되면서 지역 주민들이 금전적으로 손해를 보는 상황이 발생하는 문제가 일어납니다.#@문장구분#\n   혐오시설로 인해 생겨나는 또 다른 문제는 교통에 관한 문제입니다.#@문장구분# 산업폐기물 처리시설에서는 해당 지역에서 발생하는 쓰레기 외에 전국 곳곳의 쓰레기를 처리합니다.#@문장구분# 그러므로 쓰레기를 가득 실은 트럭들은 수시로 우리 동네에 들락거리게 되면서 트럭들이 길을 막고 교통체증이 발생하여 사람들이 이동할 때 힘들어지는 문제점이 생깁니다.#@문장구분# 혐오시설 건설로 인해 주민들의 금전적 손해가 발생합니다.#@문장구분# 하지만 손해를 보는 이가 있듯이 이 건설로 인해 혜텍을 누리는 주민들이 생깁니다.#@문장구분# 이들에게 적절한 이용료를 받아 피해 주민들에게 금전적 보상을 제공할 수 있습니다.#@문장구분# 또한 정신적 보상으로 문화시설, 오락 레크리에이션 시설을 제공, 여러 생활기반시설과 복지 시설을 확충합니다.#@문장구분# 혐오시설 건설로 일자리가 생기게 되는데 이 일자리에 지역 주민을 우선적으로 고용하도록 합니다.#@문장구분# 동시에 주민들의 관리운영 참여를 허용하여 주민들의 불안감 해소를 도울 수 있도록 합니다.#@문장구분# 산업폐기물 처리시설로 인하여 교통이 불편해지고 여러 가지 애로사항이 생기는 문제를 해결하기 위해서 많은 해결책들이 필요합니다.#@문장구분# 그중 쓰레기를 가득 실은 트럭이 동네에 들락거리며 길을 막아 동네 사람들이 이동하는 데 불편함을 겪습니다.#@문장구분# 이런 문제를 해결하기 위해 사람들이 많이 다니지 않는 시간대인 새벽 시간에 쓰레기차가 이동할 수 있게 하고 쓰레기차의 전용 도로를 만들어 사람들이 이동의 불편함을 줄일 수 있습니다.#@문장구분# 혐오시설 건설은 부동산 가격의 하락과 교통의 불편 등 많은 문제점을 가져옵니다.#@문장구분# 먼저 부동산 가격이 하락한 주민들에게 금전적인 문제점을 개선하는 등의 특혜를 제공하는 방법이 있습니다.#@문장구분# 또 주민들의 불안감을 해소하도록 시설관리 운영 참여를 허용합니다.#@문장구분# 마지막으로 교통의 불편 문제도 혐오시설 관련 운반 차량 전용차선 설치 또는 교통이 혼잡하지 않은 시간대에 운행을 하도록 해 개선을 할 수 있습니다.#@문장구분# 이를 통해 주민들이 더 이상 혐오시설을 거부하지 않고 수용하여 발전된 모습을 볼 수 있었으면 좋겠습니다.#@문장구분#",
      "paragraph_len": 1903,
      "paragraph_id": "001"
    }
  ],
  "score": {
    "paragraph_score": [
      {
        "paragraph_scoreT": [
          3,
          3,
          3
        ],
        "paragraph_scoreT_detail": {
          "paragraph_scoreT_exp": [
            [
              3,
              3,
              3
            ],
            [
              3,
              3,
              3
            ],
            [
              3,
              3,
              3
            ]
          ]
        },
        "paragraph_scoreT_avg": 3,
        "paragraph_id": "001"
      }
    ],
    "essay_scoreT": [
      28.8,
      28.8,
      30
    ],
    "essay_scoreT_avg": 29.199999,
    "essay_scoreT_detail": {
      "essay_scoreT_org": [
        [
          3,
          0,
          3,
          3
        ],
        [
          3,
          0,
          3,
          3
        ],
        [
          3,
          0,
          3,
          3
        ]
      ],
      "essay_scoreT_cont": [
        [
          3,
          2,
          3,
          3
        ],
        [
          3,
          2,
          3,
          3
        ],
        [
          3,
          3,
          3,
          3
        ]
      ],
      "essay_scoreT_exp": [
        [
          3,
          3,
          3
        ],
        [
          3,
          3,
          3
        ],
        [
          3,
          3,
          3
        ]
      ]
    }
  },
  "student": {
    "date": "2021.11.19",
    "student_educated": true,
    "student_grade": "고등_1학년",
    "location": "051",
    "student_grade_group": "고등",
    "student_reading": 1
  },
  "rubric": {
    "essay_grade": "고등_1학년",
    "organization_weight": {
      "org_paragraph": 0,
      "org": 3,
      "org_essay": 6,
      "org_coherence": 3,
      "org_quantity": 1
    },
    "essay_type": "대안제시",
    "content_weight": {
      "con_clearance": 3,
      "con_novelty": 3,
      "con": 4,
      "con_prompt": 1,
      "con_description": 3
    },
    "essay_main_subject": "혐오시설 건설문제에 대한 본인의 생각",
    "expression_weight": {
      "exp_style": 4,
      "exp_grammar": 2,
      "exp_vocab": 4,
      "exp": 3
    }
  },
  "correction": [],
  "info": {
    "essay_id": "ESSAY_48477",
    "essay_prompt": " 혐오 시설이란 지역 주민에게 공포감이나 고통을 주거나, 주변 지역의 쾌적성이 훼손됨으로써 집값이나 땅값이 내려가는 등 부정적인 외부효과를 유발하는 시설을 의미합니다.\n\n 대표적인 혐오 시설에는 쓰레기 매립장, 원자력발전소, 소각장, 유류저장소 등이 있습니다.\n\n 매립지, 소각장, 쓰레기 하치장 같은 혐오 시설은 그리 위험하지는 않지만, 쓰레기를 취급한다는 점에서 혐오감을 주며, 주변 환경오염 문제가 갈등을 일으킵니다. 특히 소각장은 인구밀도가 높은 대도시에 건설된다는 점에서 반대 운동이 일기도 합니다.\n\n 그런데 서로 반대만 하다 보면 입지를 찾지 못해 결국 모든 주민의 삶의 질이 저하될 수 있습니다.\n\n 정부 차원에서 가장 적절한 장소를 선별하여 건설 후 주변 사람들에게 혜택을 주는 방식이 적절한 방법일까요? 아니면 혐오 시설만을 모아둔 부지를 따로 정해서 건설해야 할까요? 아니면 모든 도시가 공평하게 혐오 시설 건설에 대한 부담을 지니고 하나씩 건설해야 할까요?\n\n 모두가 만족할만한 결과를 내기란 정말 어려운 문제이지만 여러분이 생각하는 가장 합리적이고 좋은 방법을 생각해보세요. 그리고 그 방법을 대안으로 제시하고 그 근거에 대해 작성해주세요.",
    "essay_type": "대안제시",
    "essay_level": "1",
    "essay_len": 1443,
    "essay_main_subject": "혐오시설 건설문제에 대한 본인의 생각"
  }
}