{
  "paragraph": [
    {
      "paragraph_txt": "혐오 시설 건설문제는 즉 님비 상황으로 이어지게 되어있다.#@문장구분# 대부분의 사람들은 쓰레기와 관련된 것이랑 같이 생활하는 것을 싫어하고 원자력 발전소와 같은 위험한 건축물과 함께 살아가는 것 등 혐오시설은 자신의 삶의 질을 떨어트리는 건축물이라고 생각하기 때문에 님비현상 (NIMBY) \"Not In My Backyard\"이 나타나는 것을 당연한 일이다.#@문장구분# 이러한 님비현상(NIMBY) \"Not In My Backyard\"을 해결하는 가장 좋은 방법은 주민과 지역과의 대화를 하여 필요한 요소를 보충하는 형태가 가장 좋다.#@문장구분# 주민에게는 이러한 시설을 들어오도록 허락하는 대신 평소에 지역에 필요한 시설, 요소들을 요구하여 자신의 필요요소를 가져갈 수 있고 혐오시설을 건설하는 측에서는 이 부분에 대한 지원을 많이 하여 님비현상 (NIMBY) \"Not In My Backyard\" 해결하는 것이 바람직하다.#@문장구분# 쓰레기소각장 주변 지역 사람들이 피해를 보고 있습니다.#@문장구분# 대신 주변 지역 사람들은 근처 편의시설 공공시설을 좀 더 싸게 이용할 수 있게 해주고 있습니다.#@문장구분# 이렇게 근처에 편의시설을 설치해 혐오시설로 인한 피해를 어느 정도 완화해주는 방법도 괜찮다고 생각합니다.#@문장구분# 그래서 저는 집 근처에 편하게 즐길 수 있는 운동이나 독서 활동 같은 것을 할 수 있는 편의시설인 도서관 및 트레이닝 룸 같은 것이 혐오시설이 설치된 주변 지역에 생기면 더 좋을 것 같다고 생각합니다.#@문장구분# 그리고 이후 아파트에 이사를 오는 주민이 생길 경우 그 주민이 이사를 좀 더 쉽게 할 수 있게 도와주는 것이 좋을 것 같습니다.#@문장구분# 예를 들어 세금을 감면해주고 건강검진을 무료료 해주기도 하고 이런 식으로 저는 이 문제를 해결 할 수 있을 것 같습니다.#@문장구분# 혐오시설만 짓는게 아니라 편의시설도 공공시설도 같이 지어주는게 맞다고 생각합니다.#@문장구분# 그래야 큰 무리없이 공익을 위해 혐오시설도 받아드릴수 있을꺼 같습니다.#@문장구분#",
      "paragraph_len": 1167,
      "paragraph_id": "001"
    }
  ],
  "score": {
    "paragraph_score": [
      {
        "paragraph_scoreT": [
          3,
          3,
          3
        ],
        "paragraph_scoreT_detail": {
          "paragraph_scoreT_exp": [
            [
              3,
              3,
              3
            ],
            [
              3,
              3,
              3
            ],
            [
              3,
              3,
              3
            ]
          ]
        },
        "paragraph_scoreT_avg": 3,
        "paragraph_id": "001"
      }
    ],
    "essay_scoreT": [
      28.8,
      28.8,
      30
    ],
    "essay_scoreT_avg": 29.199999,
    "essay_scoreT_detail": {
      "essay_scoreT_org": [
        [
          3,
          0,
          3,
          3
        ],
        [
          3,
          0,
          3,
          3
        ],
        [
          3,
          0,
          3,
          3
        ]
      ],
      "essay_scoreT_cont": [
        [
          3,
          2,
          3,
          3
        ],
        [
          3,
          2,
          3,
          3
        ],
        [
          3,
          3,
          3,
          3
        ]
      ],
      "essay_scoreT_exp": [
        [
          3,
          3,
          3
        ],
        [
          3,
          3,
          3
        ],
        [
          3,
          3,
          3
        ]
      ]
    }
  },
  "student": {
    "date": "2021.12.06",
    "student_educated": true,
    "student_grade": "고등_1학년",
    "location": "063",
    "student_grade_group": "고등",
    "student_reading": 2
  },
  "rubric": {
    "essay_grade": "고등_1학년",
    "organization_weight": {
      "org_paragraph": 0,
      "org": 3,
      "org_essay": 6,
      "org_coherence": 3,
      "org_quantity": 1
    },
    "essay_type": "대안제시",
    "content_weight": {
      "con_clearance": 3,
      "con_novelty": 3,
      "con": 4,
      "con_prompt": 1,
      "con_description": 3
    },
    "essay_main_subject": "혐오시설 건설문제에 대한 본인의 생각",
    "expression_weight": {
      "exp_style": 4,
      "exp_grammar": 2,
      "exp_vocab": 4,
      "exp": 3
    }
  },
  "correction": [],
  "info": {
    "essay_id": "ESSAY_57100",
    "essay_prompt": " 혐오 시설이란 지역 주민에게 공포감이나 고통을 주거나, 주변 지역의 쾌적성이 훼손됨으로써 집값이나 땅값이 내려가는 등 부정적인 외부효과를 유발하는 시설을 의미합니다.\n\n 대표적인 혐오 시설에는 쓰레기 매립장, 원자력발전소, 소각장, 유류저장소 등이 있습니다.\n\n 매립지, 소각장, 쓰레기 하치장 같은 혐오 시설은 그리 위험하지는 않지만, 쓰레기를 취급한다는 점에서 혐오감을 주며, 주변 환경오염 문제가 갈등을 일으킵니다. 특히 소각장은 인구밀도가 높은 대도시에 건설된다는 점에서 반대 운동이 일기도 합니다.\n\n 그런데 서로 반대만 하다 보면 입지를 찾지 못해 결국 모든 주민의 삶의 질이 저하될 수 있습니다.\n\n 정부 차원에서 가장 적절한 장소를 선별하여 건설 후 주변 사람들에게 혜택을 주는 방식이 적절한 방법일까요? 아니면 혐오 시설만을 모아둔 부지를 따로 정해서 건설해야 할까요? 아니면 모든 도시가 공평하게 혐오 시설 건설에 대한 부담을 지니고 하나씩 건설해야 할까요?\n\n 모두가 만족할만한 결과를 내기란 정말 어려운 문제이지만 여러분이 생각하는 가장 합리적이고 좋은 방법을 생각해보세요. 그리고 그 방법을 대안으로 제시하고 그 근거에 대해 작성해주세요.",
    "essay_type": "대안제시",
    "essay_level": "1",
    "essay_len": 927,
    "essay_main_subject": "혐오시설 건설문제에 대한 본인의 생각"
  }
}