{
  "paragraph": [
    {
      "paragraph_txt": "앞서 말한 bj들이 사용하는 자신들만의 유행어를 이상하게 재해석하여 그 사람을 나락으로 보내거나 논란이 일어나서 하라고 억지로 까는 사람들이 존재한다.#@문장구분# 우선 이를 해결하기 위해서 위해서는 bj들이 자신들만의 유행어를 사용할 때 그 뜻이 무엇이든지를 명백하게 알려야하고 이것을 이상하게 재해석하는 그런 사람들은 명예훼손으로 될 수 있음으로 처벌을 엄하게 해야한다.#@문장구분# 그리고 이러한 남형, 여혐 문제는 잘못되면 성희롱, 성폭력으로도 이어질 수 있다. #@문장구분#앞의 보겸의 상황처럼 페미니스트들이 보겸의 '보이루'를 \"보X하이루' 아니냐\" 이런식으로 말하였는데 이것의 시초를 발견하였을 때 범인은 20대 한 여성 대학생이었다.#@문장구분# 보시다시피 남성 66%, 여성 74%라는 것은 이 문제가 정말 심각하다는 것으로 볼 수 있다.#@문장구분#",
      "paragraph_len": 494,
      "paragraph_id": "001"
    },
    {
      "paragraph_txt": "그리고 나도 가끔씩 길을 걷다거나 주변에서 학생들이(초,중,고) 남형, 여혐 발언을 하는 것을 많이 들은적이 있다.#@문장구분# 이것을 해결하려면 교육을 좀 더 강화해야한다.#@문장구분# 우선 남혐, 여혐은 성차별적인 발언이므로 성교육을 개선해야한다. #@문장구분#학교측에서는 교육을 자주하고 처벌까지도 생각을 해봐야한다.#@문장구분# 우리가 평화를 바라는데 남성, 여성이 이렇게 서로를 비하하는 발언을 해서는 안된다고 생각한다.#@문장구분# 정부측에서는 보겸과 같은 일에 귀를 귀울여 주어야한다. #@문장구분#보겸은 #@이름# 교수에게 1억 손해 소송을 걸었는데도 불구하고 아무헌 대답을 듣지 못하고 #@이름# 교수도 이를 무시하고 있었다. #@문장구분#이럴 때 정부가 개입을 하여 도와주어야하는데 아무런 소식을 듣지못한 보겸은 혼자서 유튜브에 영상을 올리고 있었다. #@문장구분#이런 문제에 귀를 귀울려줄 사이트나 그런 것을 만들어서 많은 사람들의 이야기를 들어보아야한다.#@문장구분# 그리고 그 문제를 확인하고 검토를 해서 만약 진실이라면 그 사람은 조사하여 처벌을 하여야한다. #@문장구분#미 문제는 어린 청소년들이 제일 심각하다,#@문장구분# 그러니 사회적으로 큰 문제가 될수있음으로 정부는 이문제에 큰 관심을 가져야한다.#@문장구분#",
      "paragraph_len": 822,
      "paragraph_id": "002"
    }
  ],
  "score": {
    "paragraph_score": [
      {
        "paragraph_scoreT": [
          3,
          2.2,
          1.4
        ],
        "paragraph_scoreT_detail": {
          "paragraph_scoreT_exp": [
            [
              3,
              3,
              3
            ],
            [
              3,
              2,
              2
            ],
            [
              1,
              2,
              1
            ]
          ]
        },
        "paragraph_scoreT_avg": 2.2,
        "paragraph_id": "001"
      },
      {
        "paragraph_scoreT": [
          3,
          2.2,
          1.4
        ],
        "paragraph_scoreT_detail": {
          "paragraph_scoreT_exp": [
            [
              3,
              3,
              3
            ],
            [
              3,
              2,
              2
            ],
            [
              1,
              2,
              1
            ]
          ]
        },
        "paragraph_scoreT_avg": 2.2,
        "paragraph_id": "002"
      }
    ],
    "essay_scoreT": [
      30,
      20.9,
      20.599998
    ],
    "essay_scoreT_avg": 23.833334,
    "essay_scoreT_detail": {
      "essay_scoreT_org": [
        [
          3,
          0,
          3,
          3
        ],
        [
          2,
          0,
          2,
          3
        ],
        [
          2,
          0,
          3,
          3
        ]
      ],
      "essay_scoreT_cont": [
        [
          3,
          3,
          3,
          3
        ],
        [
          2,
          2,
          2,
          2
        ],
        [
          2,
          2,
          2,
          3
        ]
      ],
      "essay_scoreT_exp": [
        [
          3,
          3,
          3
        ],
        [
          3,
          2,
          2
        ],
        [
          1,
          2,
          1
        ]
      ]
    }
  },
  "student": {
    "date": "2021.09.07",
    "student_educated": true,
    "student_grade": "고등_1학년",
    "location": "051",
    "student_grade_group": "고등",
    "student_reading": 2
  },
  "rubric": {
    "essay_grade": "고등_1학년",
    "organization_weight": {
      "org_paragraph": 0,
      "org": 3,
      "org_essay": 6,
      "org_coherence": 3,
      "org_quantity": 1
    },
    "essay_type": "대안제시",
    "content_weight": {
      "con_clearance": 3,
      "con_novelty": 3,
      "con": 4,
      "con_prompt": 1,
      "con_description": 3
    },
    "essay_main_subject": "남녀 갈등 해결 방안",
    "expression_weight": {
      "exp_style": 4,
      "exp_grammar": 2,
      "exp_vocab": 4,
      "exp": 3
    }
  },
  "correction": [],
  "info": {
    "essay_id": "ESSAY_34227",
    "essay_prompt": " 남녀 갈등은 최근 우리 사회에서 가장 뜨거운 이슈 중 하나입니다. 이러한 갈등은 아직 간극을 좁히지 못하고 현재 사회적인 문제로 자리 잡았습니다.\n\n 군 가산점 문제, 일자리 문제 등 여러 가지 비교 자료들을 토대로 토론을 하고 이를 통해 갈등을 해결하고자 하는 노력이 이루어지고 있습니다.\n\n 과거에는 성차별 심했던 시기가 있었습니다. 여자와 남자를 구별 지어 일을 주는 경우도 많았습니다. 하지만, 현재는 여자와 남자라는 성별을 떠나서 나이, 국적을 불문하고 모두에게 평등한 기회를 주기 위해 노력하고 있습니다.\n\n 이렇게 모두의 노력에도 불구하고 아직 해결되지 않았거나 해결될 기미가 보이지 않는 양성평등 문제가 있을까요?\n\n 아주 작은 사소한 일이라도 좋습니다. 여러분이 생각하는 우리 주변의 양성평등 문제를 하나 작성해보고 어떻게 해결할 수 있을지 혹은 무엇이 바뀌어야 해결될 것 같은지 본인의 생각을 설명해주세요. ",
    "essay_type": "대안제시",
    "essay_level": "1",
    "essay_len": 950,
    "essay_main_subject": "남녀 갈등 해결 방안"
  }
}