{
  "paragraph": [
    {
      "paragraph_txt": "현대사회에서는 남녀갈등의 이슈가 심상치 않습니다.#@문장구분# 이 현상을 제대로 이해하기 위해서는 먼저 남녀갈등의 본질은 무엇이고, 왜 갈등이 부각되었는지를 생각해 볼 필요가 있습니다.#@문장구분# 또한 이를 보도하는 한국 언론의 태도에 문제가 없는지도 살펴보아야 할 것입니다.#@문장구분# 올림픽 양궁 금메달리스트인 안산 선수의 숏컷 헤어스타일에 대해 '숏컷하면 페미니스트 아닌가요?' 라는 댓글이 달리면서 금메달리스트에 대한 페미논란이 벌어졌습니다.#@문장구분# 안산 선수에 대한 마녀사냥과 숏컷인증샷, 페미선수의 금메달을 박탈하자 라는 청와대 청원까지 등장했고, 또 반대편에서는 안산 선수를 지키기 위한 해시태그 운동도 벌어졌습니다.#@문장구분# 한국의 언론은 이를 남녀갈등, 젠더논란, 젠더갈등의 자극적인 시선으로 보도를 쏟아냈지만, 외신은 이에 대한 문제를 여성에 대한 전형적인 온라인 학대로 규정했습니다.#@문장구분# 우리나라 언론들은 이러한 문제들을 더욱 자극적이고 극대화시켜 남녀간의 갈등을 부추기는 결과를 초래하는 것은 아닌지 생각해 볼 문제입니다.#@문장구분# 온라인 커뮤니티 및 sns에 올라온 날것 그대로의 발언 또는 혐오표현을 있는 그대로 중계하기에 급급해하지 말고, 게시물 속 내용이 사실에 입각한 것인가, 적절한 것인가에 대한 검증할 책임이 있습니다.#@문장구분# 남녀갈등을 부추기는 이러한 언론들이 좀더 중립적이고 사실에 입각한 보도를 해나가는 변화를 기대해 봅니다.#@문장구분# 그렇다면 남녀간의 갈등도 조금은 완화되지 않을까 생각됩니다.#@문장구분# 여성과 남성이 서로간의 다름을 이해하고 서로간에 혐오하는 본인의 태도에 문제는 없었는지 다시 한번 살펴보길 바라며 남녀간에 평화롭고 다툼없는 행복한 사회가 되었으면 하는 바람입니다.#@문장구분#",
      "paragraph_len": 1025,
      "paragraph_id": "001"
    }
  ],
  "score": {
    "paragraph_score": [
      {
        "paragraph_scoreT": [
          3,
          3,
          2.2
        ],
        "paragraph_scoreT_detail": {
          "paragraph_scoreT_exp": [
            [
              3,
              3,
              3
            ],
            [
              3,
              3,
              3
            ],
            [
              3,
              2,
              2
            ]
          ]
        },
        "paragraph_scoreT_avg": 2.7333333,
        "paragraph_id": "001"
      }
    ],
    "essay_scoreT": [
      25.5,
      26.3,
      23.900002
    ],
    "essay_scoreT_avg": 25.233332,
    "essay_scoreT_detail": {
      "essay_scoreT_org": [
        [
          2,
          0,
          3,
          2
        ],
        [
          2,
          0,
          3,
          2
        ],
        [
          3,
          0,
          2,
          3
        ]
      ],
      "essay_scoreT_cont": [
        [
          3,
          2,
          3,
          2
        ],
        [
          3,
          2,
          2,
          3
        ],
        [
          2,
          2,
          2,
          3
        ]
      ],
      "essay_scoreT_exp": [
        [
          3,
          3,
          3
        ],
        [
          3,
          3,
          3
        ],
        [
          3,
          2,
          2
        ]
      ]
    }
  },
  "student": {
    "date": "2021.12.04",
    "student_educated": true,
    "student_grade": "고등_1학년",
    "location": "063",
    "student_grade_group": "고등",
    "student_reading": 1
  },
  "rubric": {
    "essay_grade": "고등_1학년",
    "organization_weight": {
      "org_paragraph": 0,
      "org": 3,
      "org_essay": 6,
      "org_coherence": 3,
      "org_quantity": 1
    },
    "essay_type": "대안제시",
    "content_weight": {
      "con_clearance": 3,
      "con_novelty": 3,
      "con": 4,
      "con_prompt": 1,
      "con_description": 3
    },
    "essay_main_subject": "남녀 갈등 해결 방안",
    "expression_weight": {
      "exp_style": 4,
      "exp_grammar": 2,
      "exp_vocab": 4,
      "exp": 3
    }
  },
  "correction": [],
  "info": {
    "essay_id": "ESSAY_54797",
    "essay_prompt": " 남녀 갈등은 최근 우리 사회에서 가장 뜨거운 이슈 중 하나입니다. 이러한 갈등은 아직 간극을 좁히지 못하고 현재 사회적인 문제로 자리 잡았습니다.\n\n 군 가산점 문제, 일자리 문제 등 여러 가지 비교 자료들을 토대로 토론을 하고 이를 통해 갈등을 해결하고자 하는 노력이 이루어지고 있습니다.\n\n 과거에는 성차별 심했던 시기가 있었습니다. 여자와 남자를 구별 지어 일을 주는 경우도 많았습니다. 하지만, 현재는 여자와 남자라는 성별을 떠나서 나이, 국적을 불문하고 모두에게 평등한 기회를 주기 위해 노력하고 있습니다.\n\n 이렇게 모두의 노력에도 불구하고 아직 해결되지 않았거나 해결될 기미가 보이지 않는 양성평등 문제가 있을까요?\n\n 아주 작은 사소한 일이라도 좋습니다. 여러분이 생각하는 우리 주변의 양성평등 문제를 하나 작성해보고 어떻게 해결할 수 있을지 혹은 무엇이 바뀌어야 해결될 것 같은지 본인의 생각을 설명해주세요. ",
    "essay_type": "대안제시",
    "essay_level": "1",
    "essay_len": 805,
    "essay_main_subject": "남녀 갈등 해결 방안"
  }
}