{
  "paragraph": [
    {
      "paragraph_txt": "우선 혐오시설이란 지역 주민에게 공포, 불안감을 주거나, 주변 지역의 환경이 오염되고 땅값이 떨어지는 등 부정적인 영향을 끼치는 시설을 말한다.#@문장구분# 이러한 시설들은 도시를 유지하는데에는 꼭 필요한 시설들 이지만 부정적인 영향이 있기 때문에 대도시에 설치하기가 매우 힘든 상황이다.#@문장구분# 이러한 문제를 해결하기 위한 방법으로는 우선 지금도 시행중인 혐오시설과 긍정적인 시설을 동시에 건설하는 것이다.#@문장구분# 실제로 우리 지역에도 쓰레기 소각장과 수영장을 동시에 건설해서 반발을 줄인 사례가 있다.#@문장구분# 그렇지만 이 방법은 시설을 두 가지 건설해야하기 때문에 비용이 많이 든다는 단점이 존재한다.#@문장구분# 두 번째로는 각각 혐오시설의 특성에 맞춰 단점을 최소화하고 장점을 최대한 부각하는 것이다.#@문장구분# 예를 들어 쓰레기 소각장의 경우 단점을 최소화 하기 위해 정화 장치를 최대한 갖추고 주변 피해를 최소화 하는 것이다.#@문장구분#그리고 장점을 부각하기 위해 소각로의 열을 난방으로 사용해 그 지역 난방 비용을 줄일 수 있는 시설로 만드는 것이다.#@문장구분# 이런 정보들을 이용해 반대하는 시민들과 모여 서로 합의 한다면 반발을 줄일수있을 것이락 생각한다.#@문장구분# 다른 방법으로는 혐오시설이 들어서는 지역에 그에 걸맞는 혜택을 주는 것이다.#@문장구분# 예를 들어 원자력 발전소가 들어서는 지역에는 전기세 감면, 화장장이 들어서는 지역은 화장 비용 감면 등이 있을 수 있다.#@문장구분# 물론 이 방법에는 비용이 많이 들어가게 되겠지만, 그 혜택이 크면 클수록 혐오시설에 대한 거부감이 줄어들고오히려 수요가 생길 수도 있다는 점에서 가장 이상적인  혐오시설 처리 방법이라고 생각한다.#@문장구분#또한 혐오시설의 부정적인 영향의 오해를 바로잡는 것도 매우 중요하다.#@문장구분# 혐오시설에 관한 시선들 중 존재하는 오해들을 바로잡아야한다.#@문장구분# 그런 정보가 제대로 전달되어지지 않는다면 소문은 과장되고  혐오시설에 대한 과도한 거부감이 생길 것이다.#@문장구분# 따라서 정확한 통계를 만들고 혐오시설이 들어서는 지역에 알린다면 그러한 거부감을 줄일 수 있다.#@문장구분# 혐오시설은 우리 생활에서 없어서는 안되지만 모두가 싫어하는 필요악인 상황이다.#@문장구분# 따라서 혐오시설의 거부감을 줄이고 완만하게 설치할 수 있는 방법을 찾는 것이 매우 중요하다고 생각한다.#@문장구분#",
      "paragraph_len": 1424,
      "paragraph_id": "001"
    }
  ],
  "score": {
    "paragraph_score": [
      {
        "paragraph_scoreT": [
          3,
          3,
          3
        ],
        "paragraph_scoreT_detail": {
          "paragraph_scoreT_exp": [
            [
              3,
              3,
              3
            ],
            [
              3,
              3,
              3
            ],
            [
              3,
              3,
              3
            ]
          ]
        },
        "paragraph_scoreT_avg": 3,
        "paragraph_id": "001"
      }
    ],
    "essay_scoreT": [
      30,
      28.8,
      30
    ],
    "essay_scoreT_avg": 29.6,
    "essay_scoreT_detail": {
      "essay_scoreT_org": [
        [
          3,
          0,
          3,
          3
        ],
        [
          3,
          0,
          3,
          3
        ],
        [
          3,
          0,
          3,
          3
        ]
      ],
      "essay_scoreT_cont": [
        [
          3,
          3,
          3,
          3
        ],
        [
          3,
          2,
          3,
          3
        ],
        [
          3,
          3,
          3,
          3
        ]
      ],
      "essay_scoreT_exp": [
        [
          3,
          3,
          3
        ],
        [
          3,
          3,
          3
        ],
        [
          3,
          3,
          3
        ]
      ]
    }
  },
  "student": {
    "date": "2021.10.24",
    "student_educated": true,
    "student_grade": "고등_1학년",
    "location": "063",
    "student_grade_group": "고등",
    "student_reading": 1
  },
  "rubric": {
    "essay_grade": "고등_1학년",
    "organization_weight": {
      "org_paragraph": 0,
      "org": 3,
      "org_essay": 6,
      "org_coherence": 3,
      "org_quantity": 1
    },
    "essay_type": "대안제시",
    "content_weight": {
      "con_clearance": 3,
      "con_novelty": 3,
      "con": 4,
      "con_prompt": 1,
      "con_description": 3
    },
    "essay_main_subject": "혐오시설 건설문제에 대한 본인의 생각",
    "expression_weight": {
      "exp_style": 4,
      "exp_grammar": 2,
      "exp_vocab": 4,
      "exp": 3
    }
  },
  "correction": [],
  "info": {
    "essay_id": "ESSAY_42647",
    "essay_prompt": " 혐오 시설이란 지역 주민에게 공포감이나 고통을 주거나, 주변 지역의 쾌적성이 훼손됨으로써 집값이나 땅값이 내려가는 등 부정적인 외부효과를 유발하는 시설을 의미합니다.\n\n 대표적인 혐오 시설에는 쓰레기 매립장, 원자력발전소, 소각장, 유류저장소 등이 있습니다.\n\n 매립지, 소각장, 쓰레기 하치장 같은 혐오 시설은 그리 위험하지는 않지만, 쓰레기를 취급한다는 점에서 혐오감을 주며, 주변 환경오염 문제가 갈등을 일으킵니다. 특히 소각장은 인구밀도가 높은 대도시에 건설된다는 점에서 반대 운동이 일기도 합니다.\n\n 그런데 서로 반대만 하다 보면 입지를 찾지 못해 결국 모든 주민의 삶의 질이 저하될 수 있습니다.\n\n 정부 차원에서 가장 적절한 장소를 선별하여 건설 후 주변 사람들에게 혜택을 주는 방식이 적절한 방법일까요? 아니면 혐오 시설만을 모아둔 부지를 따로 정해서 건설해야 할까요? 아니면 모든 도시가 공평하게 혐오 시설 건설에 대한 부담을 지니고 하나씩 건설해야 할까요?\n\n 모두가 만족할만한 결과를 내기란 정말 어려운 문제이지만 여러분이 생각하는 가장 합리적이고 좋은 방법을 생각해보세요. 그리고 그 방법을 대안으로 제시하고 그 근거에 대해 작성해주세요.",
    "essay_type": "대안제시",
    "essay_level": "1",
    "essay_len": 1066,
    "essay_main_subject": "혐오시설 건설문제에 대한 본인의 생각"
  }
}