{
  "paragraph": [
    {
      "paragraph_txt": "님비(NIMBY) 현상은 Not In My BackYard로, 자신이 거주하는 지역에 쓰레기 소각장 같은 혐오 시설 건설하는 것을 반대하는 경향을 말한다.#@문장구분# 그 누구도 주변에 혐오 시설이 건설되기를 바라지 않는다.#@문장구분# 지역의 쾌적성이 훼손됨으로써 집값이나 땅값이 내려가고, 환경 오염 문제가 발생하기 때문이다.#@문장구분# 그러나 서로 반대만 하다 보면 입지를 찾지 못해 결국 모든 주민의 삶의 질이 저하될 수 있다.#@문장구분# 따라서 혐오 시설 건설의 합의점을 찾고 주민들의 반감을 줄이는 방안을 모색해야 한다.#@문장구분#",
      "paragraph_len": 371,
      "paragraph_id": "001"
    },
    {
      "paragraph_txt": " 먼저, 혐오 시설을 지하화하여 새로운 공간으로 재탄생시킬 수 있다.#@문장구분# 하남시의 유니온파크는 주민 반대에 가로막힌 쓰레기 처리시설 조성의 대안으로 꼽힌다.#@문장구분# 겉보기에는 평범한 공원처럼 보이지만 하수를 내보내는 펌프장, 쓰레기 소각장, 재활용 및 음식물 압축시설이 모두 지하에 있다.#@문장구분# 지상에는 주민들이 자유롭게 이용할 수 있는 체육시설과 전망시설, 산책로, 녹지공간 등이 조성되었다.#@문장구분# 환경기준을 철저히 준수하고 배출가스를 정화해 주민들의 건강 문제도 해결했다.#@문장구분# ",
      "paragraph_len": 355,
      "paragraph_id": "002"
    },
    {
      "paragraph_txt": " 또한 혐오 시설의 인근 지역에 각종 혜택을 제공할 수 있다.#@문장구분# 지역에 주거, 산업, 문화 시설 등의 개발을 지원하고 세금을 감면하는 방안이 있다.#@문장구분# 경주의 방사성 폐기물 처분장의 경우, 경주 시민의 전기요금과 방송 수신료 등에 대해 약 3000억 원을 지원하고 있다.#@문장구분#",
      "paragraph_len": 208,
      "paragraph_id": "003"
    },
    {
      "paragraph_txt": " 마지막으로, 혐오 시설에 대한 인식을 개선할 수 있다.#@문장구분# '혐오 시설'이 아닌 '필수 시설'이라는 표현을 사용하여 우리 생활에서 없어선 안 된다는 점을 강조해야 한다.#@문장구분# 내가 불편함을 감수하는 것이 모두의 안녕과 편의를 위한 것이라고 설득해야 한다.#@문장구분#",
      "paragraph_len": 198,
      "paragraph_id": "004"
    }
  ],
  "score": {
    "paragraph_score": [
      {
        "paragraph_scoreT": [
          3,
          3,
          3
        ],
        "paragraph_scoreT_detail": {
          "paragraph_scoreT_exp": [
            [
              3,
              3,
              3
            ],
            [
              3,
              3,
              3
            ],
            [
              3,
              3,
              3
            ]
          ]
        },
        "paragraph_scoreT_avg": 3,
        "paragraph_id": "001"
      },
      {
        "paragraph_scoreT": [
          3,
          3,
          3
        ],
        "paragraph_scoreT_detail": {
          "paragraph_scoreT_exp": [
            [
              3,
              3,
              3
            ],
            [
              3,
              3,
              3
            ],
            [
              3,
              3,
              3
            ]
          ]
        },
        "paragraph_scoreT_avg": 3,
        "paragraph_id": "002"
      },
      {
        "paragraph_scoreT": [
          3,
          3,
          2.8
        ],
        "paragraph_scoreT_detail": {
          "paragraph_scoreT_exp": [
            [
              3,
              3,
              3
            ],
            [
              3,
              3,
              3
            ],
            [
              2,
              3,
              3
            ]
          ]
        },
        "paragraph_scoreT_avg": 2.9333334,
        "paragraph_id": "003"
      },
      {
        "paragraph_scoreT": [
          3,
          3,
          2.8
        ],
        "paragraph_scoreT_detail": {
          "paragraph_scoreT_exp": [
            [
              3,
              3,
              3
            ],
            [
              3,
              3,
              3
            ],
            [
              2,
              3,
              3
            ]
          ]
        },
        "paragraph_scoreT_avg": 2.9333334,
        "paragraph_id": "004"
      }
    ],
    "essay_scoreT": [
      27.9,
      28.5,
      25.099998
    ],
    "essay_scoreT_avg": 27.166666,
    "essay_scoreT_detail": {
      "essay_scoreT_org": [
        [
          2,
          0,
          3,
          2
        ],
        [
          3,
          0,
          3,
          2
        ],
        [
          2,
          0,
          2,
          3
        ]
      ],
      "essay_scoreT_cont": [
        [
          3,
          3,
          3,
          3
        ],
        [
          3,
          2,
          3,
          3
        ],
        [
          3,
          2,
          2,
          3
        ]
      ],
      "essay_scoreT_exp": [
        [
          3,
          3,
          3
        ],
        [
          3,
          3,
          3
        ],
        [
          2,
          3,
          3
        ]
      ]
    }
  },
  "student": {
    "date": "2021.09.13",
    "student_educated": true,
    "student_grade": "고등_1학년",
    "location": "051",
    "student_grade_group": "고등",
    "student_reading": 3
  },
  "rubric": {
    "essay_grade": "고등_1학년",
    "organization_weight": {
      "org_paragraph": 0,
      "org": 3,
      "org_essay": 6,
      "org_coherence": 3,
      "org_quantity": 1
    },
    "essay_type": "대안제시",
    "content_weight": {
      "con_clearance": 3,
      "con_novelty": 3,
      "con": 4,
      "con_prompt": 1,
      "con_description": 3
    },
    "essay_main_subject": "혐오시설 건설문제에 대한 본인의 생각",
    "expression_weight": {
      "exp_style": 4,
      "exp_grammar": 2,
      "exp_vocab": 4,
      "exp": 3
    }
  },
  "correction": [],
  "info": {
    "essay_id": "ESSAY_33918",
    "essay_prompt": " 혐오 시설이란 지역 주민에게 공포감이나 고통을 주거나, 주변 지역의 쾌적성이 훼손됨으로써 집값이나 땅값이 내려가는 등 부정적인 외부효과를 유발하는 시설을 의미합니다.\n\n 대표적인 혐오 시설에는 쓰레기 매립장, 원자력발전소, 소각장, 유류저장소 등이 있습니다.\n\n 매립지, 소각장, 쓰레기 하치장 같은 혐오 시설은 그리 위험하지는 않지만, 쓰레기를 취급한다는 점에서 혐오감을 주며, 주변 환경오염 문제가 갈등을 일으킵니다. 특히 소각장은 인구밀도가 높은 대도시에 건설된다는 점에서 반대 운동이 일기도 합니다.\n\n 그런데 서로 반대만 하다 보면 입지를 찾지 못해 결국 모든 주민의 삶의 질이 저하될 수 있습니다.\n\n 정부 차원에서 가장 적절한 장소를 선별하여 건설 후 주변 사람들에게 혜택을 주는 방식이 적절한 방법일까요? 아니면 혐오 시설만을 모아둔 부지를 따로 정해서 건설해야 할까요? 아니면 모든 도시가 공평하게 혐오 시설 건설에 대한 부담을 지니고 하나씩 건설해야 할까요?\n\n 모두가 만족할만한 결과를 내기란 정말 어려운 문제이지만 여러분이 생각하는 가장 합리적이고 좋은 방법을 생각해보세요. 그리고 그 방법을 대안으로 제시하고 그 근거에 대해 작성해주세요.",
    "essay_type": "대안제시",
    "essay_level": "1",
    "essay_len": 819,
    "essay_main_subject": "혐오시설 건설문제에 대한 본인의 생각"
  }
}