{
  "paragraph": [
    {
      "paragraph_txt": "현재 대부분의 사람들은 자신에게는 이득만을 추구하고 손해라고 생각되는 일은 기피하려 합니다.#@문장구분# 따라서 이들에게 이득이 가는 행위이게 생각 되도록 하여야 한다 생각합니다.#@문장구분# 혐오 시설이 자리하게 되는 지역에 사는 주민에게 땅값등의 금전적 손해를 배상해주고, 이 이외에도 이를 통한 손해를 줄이기 위해 지역에 도움이 되는 시설을 건설하고 유지를 하여야 한다 생각합니다.#@문장구분# 또한 이렇게 되더라도 지역 주민들은 시설과 보상을 비교하며 받아들일지 거부할지 정할 것 이라 예상이 되기 때문에 무지의 베일을 적용 하여, 어느 지역에 건설 하는지를 숨기고 건설 예정 지역을 포함한 무작위 지역 주민에게 투표를 시켜 건설의 찬/반 여부를 판단 하여야 한다 생각 합니다.#@문장구분# 이를 통해 반대가 과반 이상일 경우 건설 계획을 취소하고, 건설에 따른 보상을 늘려서 다시 투표를 시도 하여야 한다 생각 합니다.#@문장구분# 이런 노력을 하였음에도 불구하고 혐오 시설 건설이 확정 되지 않고 보류 될 수도 있습니다.#@문장구분# 이 경우에는 시민들이 기피하는 이유를 조사하고, 이를 해결 할 방안을 모색하여 다시 투표를 시도 하여야 합니다.#@문장구분# 이와 같은 보상 증가, 조사를 통하여도 건설이 불가능 할지 신도시 개발 계획과 함께 혐오 시설 건설 계획을 세워서 국토 발전 이라는 명분과 함께 진행 하여야 한다 생각합니다.#@문장구분# 이런 방식으로 계획 한다면 결과적으론 지역이 발전하게 되고, 이에 따라서 지역 주민이 가진 손해를 이익이 상회하게 되기 때문에 문제가 없을 것 이라 생각합니다.#@문장구분# 혐오시설 설치에 대한 문제 때문에 지역 사람들이 서로 싸우고 죽이려고 드는 것을 보고는 저는 정말 마음이 아팠습니다.#@문장구분# 이제 정치인들이 이러한 문제를 잘 해결해서 다른 지역사람들끼리 싸우는 것을 막고 혐오시설 설치에 관한 문제를 신속히 해결해주었으면 좋겠습니다.#@문장구분# 앞으로 혐오시설 설치 문제가 잘 해결되어 서로 아끼고 사랑하는 대한민국이 되었으면 좋겠습니다.#@문장구분# 이상입니다.#@문장구분#",
      "paragraph_len": 1203,
      "paragraph_id": "001"
    }
  ],
  "score": {
    "paragraph_score": [
      {
        "paragraph_scoreT": [
          3,
          3,
          3
        ],
        "paragraph_scoreT_detail": {
          "paragraph_scoreT_exp": [
            [
              3,
              3,
              3
            ],
            [
              3,
              3,
              3
            ],
            [
              3,
              3,
              3
            ]
          ]
        },
        "paragraph_scoreT_avg": 3,
        "paragraph_id": "001"
      }
    ],
    "essay_scoreT": [
      30,
      30,
      30
    ],
    "essay_scoreT_avg": 30,
    "essay_scoreT_detail": {
      "essay_scoreT_org": [
        [
          3,
          0,
          3,
          3
        ],
        [
          3,
          0,
          3,
          3
        ],
        [
          3,
          0,
          3,
          3
        ]
      ],
      "essay_scoreT_cont": [
        [
          3,
          3,
          3,
          3
        ],
        [
          3,
          3,
          3,
          3
        ],
        [
          3,
          3,
          3,
          3
        ]
      ],
      "essay_scoreT_exp": [
        [
          3,
          3,
          3
        ],
        [
          3,
          3,
          3
        ],
        [
          3,
          3,
          3
        ]
      ]
    }
  },
  "student": {
    "date": "2021.11.26",
    "student_educated": true,
    "student_grade": "고등_1학년",
    "location": "041",
    "student_grade_group": "고등",
    "student_reading": 2
  },
  "rubric": {
    "essay_grade": "고등_1학년",
    "organization_weight": {
      "org_paragraph": 0,
      "org": 3,
      "org_essay": 6,
      "org_coherence": 3,
      "org_quantity": 1
    },
    "essay_type": "대안제시",
    "content_weight": {
      "con_clearance": 3,
      "con_novelty": 3,
      "con": 4,
      "con_prompt": 1,
      "con_description": 3
    },
    "essay_main_subject": "혐오시설 건설문제에 대한 본인의 생각",
    "expression_weight": {
      "exp_style": 4,
      "exp_grammar": 2,
      "exp_vocab": 4,
      "exp": 3
    }
  },
  "correction": [],
  "info": {
    "essay_id": "ESSAY_51860",
    "essay_prompt": " 혐오 시설이란 지역 주민에게 공포감이나 고통을 주거나, 주변 지역의 쾌적성이 훼손됨으로써 집값이나 땅값이 내려가는 등 부정적인 외부효과를 유발하는 시설을 의미합니다.\n\n 대표적인 혐오 시설에는 쓰레기 매립장, 원자력발전소, 소각장, 유류저장소 등이 있습니다.\n\n 매립지, 소각장, 쓰레기 하치장 같은 혐오 시설은 그리 위험하지는 않지만, 쓰레기를 취급한다는 점에서 혐오감을 주며, 주변 환경오염 문제가 갈등을 일으킵니다. 특히 소각장은 인구밀도가 높은 대도시에 건설된다는 점에서 반대 운동이 일기도 합니다.\n\n 그런데 서로 반대만 하다 보면 입지를 찾지 못해 결국 모든 주민의 삶의 질이 저하될 수 있습니다.\n\n 정부 차원에서 가장 적절한 장소를 선별하여 건설 후 주변 사람들에게 혜택을 주는 방식이 적절한 방법일까요? 아니면 혐오 시설만을 모아둔 부지를 따로 정해서 건설해야 할까요? 아니면 모든 도시가 공평하게 혐오 시설 건설에 대한 부담을 지니고 하나씩 건설해야 할까요?\n\n 모두가 만족할만한 결과를 내기란 정말 어려운 문제이지만 여러분이 생각하는 가장 합리적이고 좋은 방법을 생각해보세요. 그리고 그 방법을 대안으로 제시하고 그 근거에 대해 작성해주세요.",
    "essay_type": "대안제시",
    "essay_level": "1",
    "essay_len": 943,
    "essay_main_subject": "혐오시설 건설문제에 대한 본인의 생각"
  }
}