{
  "paragraph": [
    {
      "paragraph_txt": "아무리 여성들의 사회 진출이 높아지고 지위가 향상되었다고 해도 아직까지 동등하게 인정받지 못하고 있다.#@문장구분# 오래전부터 우리 여성들은 '여자'라는 이유만으로 차별받았다.#@문장구분# 왜 차별받아야 하는 지조차 제대로 모르면서... 이런 의식이 대대로 전해지면서 우리 머릿속에 깊이 새겨지게 된 것이다.#@문장구분# 내가 더욱 화나는 것은 그 시대 여자들이 그것을 당연하게 받아들이고 이 것이 지금까지도 남아있어 우리들에게 그 사실들을 다시 인식시켜 주신다는 것이다.#@문장구분# 그렇기 때문에 아직까지도 우리 사회에서 남녀차별이 뿌리 뽑히지 못하고 있는 것이다.#@문장구분# 또 뉴스나 텔레비전에서 보면 남자들의 경우 자신들이 힘이 세다는 이유만으로 자신들은 일을 해야 하고 여자들은 온갖 집안일을 시키는 경우가 많다.#@문장구분# 아직 우리 사회에서 남녀차별은 사라지지 않고 있다.#@문장구분# 여전히 남자와 여자를 동등하게 보고 있지 못하는 경우가 많다. #@문장구분#우리의 머릿속에 예전부터 남아있던 남녀차별을 이제 우리 스스로가 없애야 한다. #@문장구분#남녀 사이에 보이지 않는 벽을 뚫어야 하고 허물어야 한다.#@문장구분# 그렇지 않으면 우리 여자들은 계속 동등하게 대우받지 못할 것이며 사회에서 많은 불편을 또 다시 겪게 되고 우리 후손들도 지금처럼 이런 대우를 받게 될 것이다.#@문장구분# 능력으로 평가받는 시대가 오기를, 서로가 평등해지는 그 날을 난 고대하고 또 스스로도 노력할 것이다.#@문장구분# '모두에게 똑같이 햇살이 비치는 그날까지!'우리 모두 남자와 여자 서로 평등해지도록 노력하자!#@문장구분# 그 날이 오기만을 나는 손꼽아 기다리고 있다.#@문장구분#꼭 그 날이 오도록 우리 서로 노력하고 서로 힘쓰자! #@문장구분#서로서로 사랑하고 아껴주는 사회를 만들어 보자 이말이다!#@문장구분#",
      "paragraph_len": 1118,
      "paragraph_id": "001"
    }
  ],
  "score": {
    "paragraph_score": [
      {
        "paragraph_scoreT": [
          3,
          3,
          3
        ],
        "paragraph_scoreT_detail": {
          "paragraph_scoreT_exp": [
            [
              3,
              3,
              3
            ],
            [
              3,
              3,
              3
            ],
            [
              3,
              3,
              3
            ]
          ]
        },
        "paragraph_scoreT_avg": 3,
        "paragraph_id": "001"
      }
    ],
    "essay_scoreT": [
      22.900002,
      28.4,
      30
    ],
    "essay_scoreT_avg": 27.1,
    "essay_scoreT_detail": {
      "essay_scoreT_org": [
        [
          3,
          0,
          3,
          2
        ],
        [
          3,
          0,
          3,
          3
        ],
        [
          3,
          0,
          3,
          3
        ]
      ],
      "essay_scoreT_cont": [
        [
          1,
          2,
          1,
          1
        ],
        [
          3,
          2,
          2,
          3
        ],
        [
          3,
          3,
          3,
          3
        ]
      ],
      "essay_scoreT_exp": [
        [
          3,
          3,
          3
        ],
        [
          3,
          3,
          3
        ],
        [
          3,
          3,
          3
        ]
      ]
    }
  },
  "student": {
    "date": "2021.12.13",
    "student_educated": true,
    "student_grade": "고등_1학년",
    "location": "063",
    "student_grade_group": "고등",
    "student_reading": 2
  },
  "rubric": {
    "essay_grade": "고등_1학년",
    "organization_weight": {
      "org_paragraph": 0,
      "org": 3,
      "org_essay": 6,
      "org_coherence": 3,
      "org_quantity": 1
    },
    "essay_type": "대안제시",
    "content_weight": {
      "con_clearance": 3,
      "con_novelty": 3,
      "con": 4,
      "con_prompt": 1,
      "con_description": 3
    },
    "essay_main_subject": "남녀 갈등 해결 방안",
    "expression_weight": {
      "exp_style": 4,
      "exp_grammar": 2,
      "exp_vocab": 4,
      "exp": 3
    }
  },
  "correction": [],
  "info": {
    "essay_id": "ESSAY_62484",
    "essay_prompt": " 남녀 갈등은 최근 우리 사회에서 가장 뜨거운 이슈 중 하나입니다. 이러한 갈등은 아직 간극을 좁히지 못하고 현재 사회적인 문제로 자리 잡았습니다.\n\n 군 가산점 문제, 일자리 문제 등 여러 가지 비교 자료들을 토대로 토론을 하고 이를 통해 갈등을 해결하고자 하는 노력이 이루어지고 있습니다.\n\n 과거에는 성차별 심했던 시기가 있었습니다. 여자와 남자를 구별 지어 일을 주는 경우도 많았습니다. 하지만, 현재는 여자와 남자라는 성별을 떠나서 나이, 국적을 불문하고 모두에게 평등한 기회를 주기 위해 노력하고 있습니다.\n\n 이렇게 모두의 노력에도 불구하고 아직 해결되지 않았거나 해결될 기미가 보이지 않는 양성평등 문제가 있을까요?\n\n 아주 작은 사소한 일이라도 좋습니다. 여러분이 생각하는 우리 주변의 양성평등 문제를 하나 작성해보고 어떻게 해결할 수 있을지 혹은 무엇이 바뀌어야 해결될 것 같은지 본인의 생각을 설명해주세요. ",
    "essay_type": "대안제시",
    "essay_level": "1",
    "essay_len": 799,
    "essay_main_subject": "남녀 갈등 해결 방안"
  }
}