{
  "paragraph": [
    {
      "paragraph_txt": "혐오시설 건설문제는 오늘날 발생하는 논쟁의 주된 주제 중 하나이다.#@문장구분#\n 혐오시설이라고 불리는 쓰레기 매립장, 원자력발전소, 소각장, 유류저장소는 공공의 이익을 준다.#@문장구분#\n 하지만 현재 주민들은 이러한 시설이 자신의 지역에 들어서는 것을 꺼려 하는 사람이 대다수 이다.#@문장구분#\n 혐오시설을 적합한 장소에 건설하려는 정부와, 혐오시설이 자기 거주지에 건설되는 것을 반대하는 지역 주민들의 갈등은 끊이질 않는다.#@문장구분#\n 이러한 현상을 님비현상이라고 부른다.#@문장구분# 하지만 반대하더라도 소각장, 쓰레기처리장은 쾌적한 삶을 위해서는 꼭 필요한 시설이고 서로 반대한다고 해서 건설하지 않을 수는 없다.#@문장구분#\n 따라서 나는, 혐오시설 건설에는 일종의 '보상'이 뒤따라야 한다고 생각한다.#@문장구분#\n 첫번째로 먼저 혐오시설을 건설하는 대신, 선호시설도 같이 건설하는 방법이 있는데 여기서 선호시설이란, 이름에서도 충분히 유추할 수 있듯이 병원, 공원, 미술관 등 주민들에게 여가생활이나 편의 시설을 제공하는 긍정적인 효과를 가진 시설을 말한다.#@문장구분# 그러므로 불편한 삶을 편하게 만들어 주고  오히려 불편한 점이 개선되었 으므로 이득이라는 생각을 가질수 있게 한다.#@문장구분#\n 두번째는 혐오시설을 주민들이 사는 지역과 구분하여 혐오시설을 한곳에 집중시켜서 다양하게 분포하는 방법보다 겪는 피해는 줄어들 것이라고 생각한다.#@문장구분# 소각장이나 분뇨 처리장은 주민들의 건강에 해로울 수 있다.#@문장구분# 이에 따라서 환경영향평가를 실시하여 상태를 주기적으로 관찰하며 피해를 최소화 시켜야 한다.#@문장구분#\n 부정적인 요소를 모두 없애면 혐오시설은 더 이상 혐오시설이 아니게 된다고 생각할 수 있다.#@문장구분#\n 최근 들어 혐오시설을 개선할 수 있는 많은 기술이 개발되고 있다고 한다.#@문장구분# 화장터에 친환경 필터를 설치하면 매연 속 다이옥신, 수은 등 오염물질의 배출량을 90% 이상 제거할 수 있다고 한다.#@문장구분# 이런 기술을 더 많이 발전시켜 적용하면 사람들이 우려하는 점도 많이 줄어들 것이고, 따라서 혐오시설에 대한 거부감도 줄어들 것으로 예상할 수 있다.#@문장구분#",
      "paragraph_len": 1292,
      "paragraph_id": "001"
    }
  ],
  "score": {
    "paragraph_score": [
      {
        "paragraph_scoreT": [
          3,
          3,
          3
        ],
        "paragraph_scoreT_detail": {
          "paragraph_scoreT_exp": [
            [
              3,
              3,
              3
            ],
            [
              3,
              3,
              3
            ],
            [
              3,
              3,
              3
            ]
          ]
        },
        "paragraph_scoreT_avg": 3,
        "paragraph_id": "001"
      }
    ],
    "essay_scoreT": [
      28.8,
      28.8,
      30
    ],
    "essay_scoreT_avg": 29.199999,
    "essay_scoreT_detail": {
      "essay_scoreT_org": [
        [
          3,
          0,
          3,
          3
        ],
        [
          3,
          0,
          3,
          3
        ],
        [
          3,
          0,
          3,
          3
        ]
      ],
      "essay_scoreT_cont": [
        [
          3,
          2,
          3,
          3
        ],
        [
          3,
          2,
          3,
          3
        ],
        [
          3,
          3,
          3,
          3
        ]
      ],
      "essay_scoreT_exp": [
        [
          3,
          3,
          3
        ],
        [
          3,
          3,
          3
        ],
        [
          3,
          3,
          3
        ]
      ]
    }
  },
  "student": {
    "date": "2021.12.13",
    "student_educated": true,
    "student_grade": "고등_1학년",
    "location": "063",
    "student_grade_group": "고등",
    "student_reading": 2
  },
  "rubric": {
    "essay_grade": "고등_1학년",
    "organization_weight": {
      "org_paragraph": 0,
      "org": 3,
      "org_essay": 6,
      "org_coherence": 3,
      "org_quantity": 1
    },
    "essay_type": "대안제시",
    "content_weight": {
      "con_clearance": 3,
      "con_novelty": 3,
      "con": 4,
      "con_prompt": 1,
      "con_description": 3
    },
    "essay_main_subject": "혐오시설 건설문제에 대한 본인의 생각",
    "expression_weight": {
      "exp_style": 4,
      "exp_grammar": 2,
      "exp_vocab": 4,
      "exp": 3
    }
  },
  "correction": [],
  "info": {
    "essay_id": "ESSAY_63041",
    "essay_prompt": " 혐오 시설이란 지역 주민에게 공포감이나 고통을 주거나, 주변 지역의 쾌적성이 훼손됨으로써 집값이나 땅값이 내려가는 등 부정적인 외부효과를 유발하는 시설을 의미합니다.\n\n 대표적인 혐오 시설에는 쓰레기 매립장, 원자력발전소, 소각장, 유류저장소 등이 있습니다.\n\n 매립지, 소각장, 쓰레기 하치장 같은 혐오 시설은 그리 위험하지는 않지만, 쓰레기를 취급한다는 점에서 혐오감을 주며, 주변 환경오염 문제가 갈등을 일으킵니다. 특히 소각장은 인구밀도가 높은 대도시에 건설된다는 점에서 반대 운동이 일기도 합니다.\n\n 그런데 서로 반대만 하다 보면 입지를 찾지 못해 결국 모든 주민의 삶의 질이 저하될 수 있습니다.\n\n 정부 차원에서 가장 적절한 장소를 선별하여 건설 후 주변 사람들에게 혜택을 주는 방식이 적절한 방법일까요? 아니면 혐오 시설만을 모아둔 부지를 따로 정해서 건설해야 할까요? 아니면 모든 도시가 공평하게 혐오 시설 건설에 대한 부담을 지니고 하나씩 건설해야 할까요?\n\n 모두가 만족할만한 결과를 내기란 정말 어려운 문제이지만 여러분이 생각하는 가장 합리적이고 좋은 방법을 생각해보세요. 그리고 그 방법을 대안으로 제시하고 그 근거에 대해 작성해주세요.",
    "essay_type": "대안제시",
    "essay_level": "1",
    "essay_len": 972,
    "essay_main_subject": "혐오시설 건설문제에 대한 본인의 생각"
  }
}