{
  "paragraph": [
    {
      "paragraph_txt": "대표적인 혐오 시설 중 하나인 쓰레기 소각장으로 인한 환경문제 , 집값 폭락에 대한 지역 주민들의 반발이 거세다. #@문장구분#그렇다고 이런 기피 시설의 건설을 금지하는 것도 현실적인 방안은 아니다.#@문장구분# 넘쳐나는 쓰레기들을 처리하는 시설이 어딘가엔 반드시 존재해야 하기 때문이다.#@문장구분# 그렇다면 우리는 쓰레기 소각장과 같은 시설을 건설하되, 이로 인해 발생하는 주민들의 피해에 대한 반발까지 해소시켜야 하는 입장이다.#@문장구분# 이러한 '님비(NIMBY) (Not In My Backyard)' 현상을 극복하려면 목표 시설을 건립하기 위해 내가 대안을 마련해야한다.#@문장구분# 대안은 소각장과 같은 혐오 시설에 대한 이미지를 개선하는 것이다.#@문장구분# 혐오 시설에 대한 집값 폭락 문제의 중심에는 미관상의 문제가 있는데, 이미지를 개선하여 이를 해결하자는 것이다.#@문장구분# 혐오시설 주변에 편의시설을 제공하므로써 함께 어우를수 있는 공원같은 것을 만들어야한다.#@문장구분# 이렇게 혐오 시설 외관을 바꾸거나 여러 활동을 지원하여 인식을 좋게 바꾸고 지역 경제 발전에 기여하는 것도 좋은 방법인 것 같다.#@문장구분# 또 복합 시설 지원이 있다.#@문장구분# 소각장 건설에 의해 주민들이 입는 피해에 대한 불만을 경제적인 지원으로 상쇄시키자는 것이다.#@문장구분# 도서관, 문화센터, 여가 시설 등의 복합 시설을 지원하여 집값 폭락에 대한 주민들의 걱정을 해소시켜 반발이 수그러들게 할 수 있다.#@문장구분# 이처럼 양측의 협조와 대화를 통해 위치를 선정하여 서로의 갈등을 해결할 수 있다.#@문장구분# 이러한 대안들을 실행하기 위해서는 양측의 협조와 배려가 매우 중요하고, 이를 통해 우리는 더욱 나은 방향으로 나아갈 수 있을 것이다.#@문장구분# 혐오시설로 인한 갈등은 사라질 수 있을까. #@문장구분#'그렇다'라는 확신의 대답은 아직 어려운 것이 사실이다.#@문장구분#하지만 많은 사람이 혐오시설의 갈등에 관심을 가지고, 더 좋은 대안들이 마련된다면 혐오시설의 갈등을 없앴으면 좋겠다.#@문장구분#",
      "paragraph_len": 1244,
      "paragraph_id": "001"
    }
  ],
  "score": {
    "paragraph_score": [
      {
        "paragraph_scoreT": [
          3,
          2.6,
          3
        ],
        "paragraph_scoreT_detail": {
          "paragraph_scoreT_exp": [
            [
              3,
              3,
              3
            ],
            [
              3,
              2,
              3
            ],
            [
              3,
              3,
              3
            ]
          ]
        },
        "paragraph_scoreT_avg": 2.8666668,
        "paragraph_id": "001"
      }
    ],
    "essay_scoreT": [
      30,
      27.599998,
      30
    ],
    "essay_scoreT_avg": 29.199999,
    "essay_scoreT_detail": {
      "essay_scoreT_org": [
        [
          3,
          0,
          3,
          3
        ],
        [
          3,
          0,
          3,
          3
        ],
        [
          3,
          0,
          3,
          3
        ]
      ],
      "essay_scoreT_cont": [
        [
          3,
          3,
          3,
          3
        ],
        [
          2,
          3,
          3,
          3
        ],
        [
          3,
          3,
          3,
          3
        ]
      ],
      "essay_scoreT_exp": [
        [
          3,
          3,
          3
        ],
        [
          3,
          2,
          3
        ],
        [
          3,
          3,
          3
        ]
      ]
    }
  },
  "student": {
    "date": "2021.12.08",
    "student_educated": true,
    "student_grade": "고등_1학년",
    "location": "063",
    "student_grade_group": "고등",
    "student_reading": 2
  },
  "rubric": {
    "essay_grade": "고등_1학년",
    "organization_weight": {
      "org_paragraph": 0,
      "org": 3,
      "org_essay": 6,
      "org_coherence": 3,
      "org_quantity": 1
    },
    "essay_type": "대안제시",
    "content_weight": {
      "con_clearance": 3,
      "con_novelty": 3,
      "con": 4,
      "con_prompt": 1,
      "con_description": 3
    },
    "essay_main_subject": "혐오시설 건설문제에 대한 본인의 생각",
    "expression_weight": {
      "exp_style": 4,
      "exp_grammar": 2,
      "exp_vocab": 4,
      "exp": 3
    }
  },
  "correction": [],
  "info": {
    "essay_id": "ESSAY_61122",
    "essay_prompt": " 혐오 시설이란 지역 주민에게 공포감이나 고통을 주거나, 주변 지역의 쾌적성이 훼손됨으로써 집값이나 땅값이 내려가는 등 부정적인 외부효과를 유발하는 시설을 의미합니다.\n\n 대표적인 혐오 시설에는 쓰레기 매립장, 원자력발전소, 소각장, 유류저장소 등이 있습니다.\n\n 매립지, 소각장, 쓰레기 하치장 같은 혐오 시설은 그리 위험하지는 않지만, 쓰레기를 취급한다는 점에서 혐오감을 주며, 주변 환경오염 문제가 갈등을 일으킵니다. 특히 소각장은 인구밀도가 높은 대도시에 건설된다는 점에서 반대 운동이 일기도 합니다.\n\n 그런데 서로 반대만 하다 보면 입지를 찾지 못해 결국 모든 주민의 삶의 질이 저하될 수 있습니다.\n\n 정부 차원에서 가장 적절한 장소를 선별하여 건설 후 주변 사람들에게 혜택을 주는 방식이 적절한 방법일까요? 아니면 혐오 시설만을 모아둔 부지를 따로 정해서 건설해야 할까요? 아니면 모든 도시가 공평하게 혐오 시설 건설에 대한 부담을 지니고 하나씩 건설해야 할까요?\n\n 모두가 만족할만한 결과를 내기란 정말 어려운 문제이지만 여러분이 생각하는 가장 합리적이고 좋은 방법을 생각해보세요. 그리고 그 방법을 대안으로 제시하고 그 근거에 대해 작성해주세요.",
    "essay_type": "대안제시",
    "essay_level": "1",
    "essay_len": 905,
    "essay_main_subject": "혐오시설 건설문제에 대한 본인의 생각"
  }
}