{
  "paragraph": [
    {
      "paragraph_txt": "혐오 시설이 다시 건축되는 거에 저는 좋다고 생각합니다.#@문장구분# 여기서 혐오 시설이란 지역 주민에게 공포감이나 고통을 주거나, 주변 지역의 쾌적성이 훼손됨으로써 집값이나 땅값이 내려가는 등 부정적인 외부효과를 유발하는 시설을 의미합니다.#@문장구분# 대표적인 혐오 시설에는 쓰레기 매립장, 원자력발전소, 소각장, 유류저장소 등이 있습니다. #@문장구분#매립지, 소각장, 쓰레기 처리장 같은 혐오 시설은 그리 위험하지는 않지만, 쓰레기를 취급한다는 점에서 혐오감을 주며, 주변 환경오염 문제가 갈등을 일으킵니다.#@문장구분# 혐오 시설의 해결 방안은 정부가 직접적으로 개입해서 개선해야 한다고 생각합니다.#@문장구분# 국민이 직접 개선해 나가기에는 한계가 있고 또 참여하지 않는 사람들도 있기 때문에 국가가 적극적으로 개입하는 것이 좋다고 생각합니다. #@문장구분#토지개발에 좀 더 힘을 써서 관리하면 혐오 시설도 개선될 거 같다고 생각합니다.#@문장구분# 하지만 국가가 나서기에도 한계가 있다고 생각합니다.#@문장구분# 왜냐하면 국가가 강제로 밀어붙여 혐오시설을 설치한다면 그 지역 주민들의 반대가 엄청나게 거세질 것이고, 국가에 대한 불신이 생길것입니다.#@문장구분# 언젠가는 저 지역처럼 내 지역에도 저런 혐오시설이 생기겠지라는 생각이 만연할 것이고, 국가에 대한 다른 정책이나 사업을 실행하는데 걸림돌로 작용할 것입니다.#@문장구분# 그래서 어느정도는 국가가 나서서 강제로 집행하되 너무 중대한 사안이나 주민들의 반대가 거세다면 우리나라 헌법정신인 민주주의로 결정하는 것이 좋을 것 같다고 생각합니다.#@문장구분# 혐오시설을 설치할 지역의 주민들에게 설치해주는 대신 보상이나 다른 근린시설을 설치하는 조건으로 투표를 해 설치에 찬성한다고 하면 설치하고 보상을 주고 설치에 반대한다면 다른 지역에 다시 투표를 진행하는 이런 방식이 좋을 것 같다고 생각합니다.#@문장구분# 내가 제시한 방법들이 무조건 좋은 대안은 아니다.#@문장구분# 혐오시설 설치에 관한 문제를 해결하기 위해서는 서로 토론하고 의견을 주고받으며 해결해야한다고 생각한다.#@문장구분#앞으로 이러한 문제가 잘 해결되었으면 좋겠다.#@문장구분#",
      "paragraph_len": 1757,
      "paragraph_id": "001"
    }
  ],
  "score": {
    "paragraph_score": [
      {
        "paragraph_scoreT": [
          3,
          2.6,
          2.6
        ],
        "paragraph_scoreT_detail": {
          "paragraph_scoreT_exp": [
            [
              3,
              3,
              3
            ],
            [
              3,
              3,
              2
            ],
            [
              3,
              2,
              3
            ]
          ]
        },
        "paragraph_scoreT_avg": 2.7333333,
        "paragraph_id": "001"
      }
    ],
    "essay_scoreT": [
      27.800001,
      25.4,
      24.5
    ],
    "essay_scoreT_avg": 25.9,
    "essay_scoreT_detail": {
      "essay_scoreT_org": [
        [
          2,
          0,
          3,
          3
        ],
        [
          2,
          0,
          3,
          3
        ],
        [
          2,
          0,
          2,
          3
        ]
      ],
      "essay_scoreT_cont": [
        [
          3,
          3,
          2,
          3
        ],
        [
          3,
          2,
          2,
          3
        ],
        [
          2,
          3,
          2,
          3
        ]
      ],
      "essay_scoreT_exp": [
        [
          3,
          3,
          3
        ],
        [
          3,
          3,
          2
        ],
        [
          3,
          2,
          3
        ]
      ]
    }
  },
  "student": {
    "date": "2021.12.06",
    "student_educated": true,
    "student_grade": "고등_1학년",
    "location": "051",
    "student_grade_group": "고등",
    "student_reading": 1
  },
  "rubric": {
    "essay_grade": "고등_1학년",
    "organization_weight": {
      "org_paragraph": 0,
      "org": 3,
      "org_essay": 6,
      "org_coherence": 3,
      "org_quantity": 1
    },
    "essay_type": "대안제시",
    "content_weight": {
      "con_clearance": 3,
      "con_novelty": 3,
      "con": 4,
      "con_prompt": 1,
      "con_description": 3
    },
    "essay_main_subject": "혐오시설 건설문제에 대한 본인의 생각",
    "expression_weight": {
      "exp_style": 4,
      "exp_grammar": 2,
      "exp_vocab": 4,
      "exp": 3
    }
  },
  "correction": [],
  "info": {
    "essay_id": "ESSAY_53629",
    "essay_prompt": " 혐오 시설이란 지역 주민에게 공포감이나 고통을 주거나, 주변 지역의 쾌적성이 훼손됨으로써 집값이나 땅값이 내려가는 등 부정적인 외부효과를 유발하는 시설을 의미합니다.\n\n 대표적인 혐오 시설에는 쓰레기 매립장, 원자력발전소, 소각장, 유류저장소 등이 있습니다.\n\n 매립지, 소각장, 쓰레기 하치장 같은 혐오 시설은 그리 위험하지는 않지만, 쓰레기를 취급한다는 점에서 혐오감을 주며, 주변 환경오염 문제가 갈등을 일으킵니다. 특히 소각장은 인구밀도가 높은 대도시에 건설된다는 점에서 반대 운동이 일기도 합니다.\n\n 그런데 서로 반대만 하다 보면 입지를 찾지 못해 결국 모든 주민의 삶의 질이 저하될 수 있습니다.\n\n 정부 차원에서 가장 적절한 장소를 선별하여 건설 후 주변 사람들에게 혜택을 주는 방식이 적절한 방법일까요? 아니면 혐오 시설만을 모아둔 부지를 따로 정해서 건설해야 할까요? 아니면 모든 도시가 공평하게 혐오 시설 건설에 대한 부담을 지니고 하나씩 건설해야 할까요?\n\n 모두가 만족할만한 결과를 내기란 정말 어려운 문제이지만 여러분이 생각하는 가장 합리적이고 좋은 방법을 생각해보세요. 그리고 그 방법을 대안으로 제시하고 그 근거에 대해 작성해주세요.",
    "essay_type": "대안제시",
    "essay_level": "1",
    "essay_len": 968,
    "essay_main_subject": "혐오시설 건설문제에 대한 본인의 생각"
  }
}