{
  "paragraph": [
    {
      "paragraph_txt": "주제 2번에 대한 대안을 생각해보았다.#@문장구분# 먼저 나는 주제 2번에 대한 관련 기사를 찾아보았는데 이 주제를 보자마자 나는 바로 도쿄 올림픽에서 최초로 3관왕을 한 안산 선수의 페미 논란이 생각났다.#@문장구분# 안산 선수는 1년 전 까지만 해도 장발을 유지하고 있었는데 도쿄 올림픽을 앞두고 짧게 자른 것 같았다.#@문장구분# 안산 선수는 많은 논란을 이겨내고 혼성전과 단체전 개인전까지 3관왕을 해냈다.#@문장구분# 그렇다면 첫 번째로 내가 생각하는 해결방안은 페미 논란을 일으킨 모든 사람들을 명예훼손 혐의로 경찰에 넘겨서 구속을 해야 한다고 생각한다.#@문장구분# 그리고 두 번째 해결방안은 법도 문제가 있다고 생각한다. #@문장구분#나는 명예훼손은 매우 심각한 범죄라고 생각한다.#@문장구분# 그렇기 때문에 법으로 명예훼손에 대한 처벌을 아주 강하게 내려야 한다고 생각한다.#@문장구분# 최대 무기징역형까지 징역형을 내려야 한다고 생각한다.#@문장구분# 그리고 마지막 3번째는 네이버, 다음같은 모든 사이트의 댓글 코너를 폐지해야 한다고 생각한다.#@문장구분# 애초에 그냥 이런 댓글을 입력할 수 있는 기능이 있었기 때문에 이런 논란이 일어났다고 생각한다.#@문장구분# 그렇기 때문에 유튜브를 제외한 모든 사이트의 댓글을 없애야 한다고 생각한다. #@문장구분#근데 여기서 유튜브를 제외한 이유는 컨텐츠 추천을 받아야 하기 때문이다.#@문장구분# 자, 어쨌든 최초로 3관왕을 한 안산 선수를 욕하는 게 비판하는 게 까는 게 아니라고 생각한다.#@문장구분# 숏컷도 하나의 매력 있는 헤어스타일이라고 생각한다. #@문장구분#그렇기 때문에 위에서 말했던 것처럼 안산 선수를 욕한 모든 사람에게 구속 영장을 신청해야 한다고 생각한다.#@문장구분#",
      "paragraph_len": 1077,
      "paragraph_id": "001"
    }
  ],
  "score": {
    "paragraph_score": [
      {
        "paragraph_scoreT": [
          3,
          2.6,
          3
        ],
        "paragraph_scoreT_detail": {
          "paragraph_scoreT_exp": [
            [
              3,
              3,
              3
            ],
            [
              3,
              3,
              2
            ],
            [
              3,
              3,
              3
            ]
          ]
        },
        "paragraph_scoreT_avg": 2.8666668,
        "paragraph_id": "001"
      }
    ],
    "essay_scoreT": [
      27.6,
      26.4,
      29.1
    ],
    "essay_scoreT_avg": 27.699999,
    "essay_scoreT_detail": {
      "essay_scoreT_org": [
        [
          3,
          0,
          3,
          3
        ],
        [
          3,
          0,
          3,
          3
        ],
        [
          3,
          0,
          2,
          3
        ]
      ],
      "essay_scoreT_cont": [
        [
          2,
          2,
          3,
          3
        ],
        [
          3,
          2,
          3,
          2
        ],
        [
          3,
          3,
          3,
          3
        ]
      ],
      "essay_scoreT_exp": [
        [
          3,
          3,
          3
        ],
        [
          3,
          3,
          2
        ],
        [
          3,
          3,
          3
        ]
      ]
    }
  },
  "student": {
    "date": "2021.09.03",
    "student_educated": true,
    "student_grade": "고등_1학년",
    "location": "051",
    "student_grade_group": "고등",
    "student_reading": 1
  },
  "rubric": {
    "essay_grade": "고등_1학년",
    "organization_weight": {
      "org_paragraph": 0,
      "org": 3,
      "org_essay": 6,
      "org_coherence": 3,
      "org_quantity": 1
    },
    "essay_type": "대안제시",
    "content_weight": {
      "con_clearance": 3,
      "con_novelty": 3,
      "con": 4,
      "con_prompt": 1,
      "con_description": 3
    },
    "essay_main_subject": "남녀 갈등 해결 방안",
    "expression_weight": {
      "exp_style": 4,
      "exp_grammar": 2,
      "exp_vocab": 4,
      "exp": 3
    }
  },
  "correction": [],
  "info": {
    "essay_id": "ESSAY_35611",
    "essay_prompt": " 남녀 갈등은 최근 우리 사회에서 가장 뜨거운 이슈 중 하나입니다. 이러한 갈등은 아직 간극을 좁히지 못하고 현재 사회적인 문제로 자리 잡았습니다.\n\n 군 가산점 문제, 일자리 문제 등 여러 가지 비교 자료들을 토대로 토론을 하고 이를 통해 갈등을 해결하고자 하는 노력이 이루어지고 있습니다.\n\n 과거에는 성차별 심했던 시기가 있었습니다. 여자와 남자를 구별 지어 일을 주는 경우도 많았습니다. 하지만, 현재는 여자와 남자라는 성별을 떠나서 나이, 국적을 불문하고 모두에게 평등한 기회를 주기 위해 노력하고 있습니다.\n\n 이렇게 모두의 노력에도 불구하고 아직 해결되지 않았거나 해결될 기미가 보이지 않는 양성평등 문제가 있을까요?\n\n 아주 작은 사소한 일이라도 좋습니다. 여러분이 생각하는 우리 주변의 양성평등 문제를 하나 작성해보고 어떻게 해결할 수 있을지 혹은 무엇이 바뀌어야 해결될 것 같은지 본인의 생각을 설명해주세요. ",
    "essay_type": "대안제시",
    "essay_level": "1",
    "essay_len": 758,
    "essay_main_subject": "남녀 갈등 해결 방안"
  }
}