{
  "paragraph": [
    {
      "paragraph_txt": "저는 우리나라가 양성평등에 가까워지고 있다고 생각하는 편이었습니다.#@문장구분# 중동 국가들에서 명예살인이 일어나는 것을 보고 한국에서 태어나 다행이라고 생각했습니다.#@문장구분# 그런데 학교에서 강의를 듣고 생각이 조금 달라졌습니다.#@문장구분# 졸업생이 직접 진로에 대한 강의를 해 주셨는데 서울대학교를 나왔음에도 여자라는 이유로 취업에 난관이 있었다는 이야기였습니다.#@문장구분# 직장에서의 성차별은 옛날 이야기라고만 생각했는데 아직까지도 완전히 사라지지는 않았다는 것을 그때 깨닫게 되었습니다.#@문장구분# 사회에 만연하는 성차별을 제쳐놓고 보아도 지금의 한국은 남녀평등을 이루기에는 불가능할 것 같다는 생각이 가끔씩 듭니다.#@문장구분# 예전에는 교제하던 연인이 상대를 해코지했다는 기사가 나오면 사람들이 가해자를 욕했지만 이제 사람들은 가해자의 성별을 욕합니다.#@문장구분# 성별로 편을 갈라 혐오를 조장하고 상대방을 도발하는 자극적인 표현들을 지속적으로 생산해 사회 통합의 큰 걸림돌이 되고 있습니다.#@문장구분# 남녀 평등을 이루려면 이러한 풍조부터 제일 먼저 없어져야 한다고 생각합니다.#@문장구분# 이뿐만 아니라 명백한 차별임에도 당연한 것으로 여겨지는 것들도 바꾸어야 합니다.#@문장구분# 여경은 경찰로 불려야 하고 남간호사가 아니라 간호사가 맞는 호칭이지만 직업에 대한 고정관념이 이런 호칭들을 만들어냈습니다.#@문장구분# 고정관념은 말 그대로 머릿속에 박히는 것과 마찬가지이기 때문에 양성평등한 사고를 이끌어내는 데에도 장애물이 될 수 있을 것입니다.#@문장구분# 그동안 살아오고 생각해왔던 방식을 바꾸는 것은 불편한 일이지만 지금 당장을 편하게 살기 위해 조금 더 평등한 사회를 버리는 것은 옳은 일이 아니라고 생각합니다.#@문장구분#",
      "paragraph_len": 1042,
      "paragraph_id": "001"
    }
  ],
  "score": {
    "paragraph_score": [
      {
        "paragraph_scoreT": [
          3,
          3,
          3
        ],
        "paragraph_scoreT_detail": {
          "paragraph_scoreT_exp": [
            [
              3,
              3,
              3
            ],
            [
              3,
              3,
              3
            ],
            [
              3,
              3,
              3
            ]
          ]
        },
        "paragraph_scoreT_avg": 3,
        "paragraph_id": "001"
      }
    ],
    "essay_scoreT": [
      30,
      30,
      30
    ],
    "essay_scoreT_avg": 30,
    "essay_scoreT_detail": {
      "essay_scoreT_org": [
        [
          3,
          0,
          3,
          3
        ],
        [
          3,
          0,
          3,
          3
        ],
        [
          3,
          0,
          3,
          3
        ]
      ],
      "essay_scoreT_cont": [
        [
          3,
          3,
          3,
          3
        ],
        [
          3,
          3,
          3,
          3
        ],
        [
          3,
          3,
          3,
          3
        ]
      ],
      "essay_scoreT_exp": [
        [
          3,
          3,
          3
        ],
        [
          3,
          3,
          3
        ],
        [
          3,
          3,
          3
        ]
      ]
    }
  },
  "student": {
    "date": "2021.12.10",
    "student_educated": true,
    "student_grade": "고등_1학년",
    "location": "063",
    "student_grade_group": "고등",
    "student_reading": 2
  },
  "rubric": {
    "essay_grade": "고등_1학년",
    "organization_weight": {
      "org_paragraph": 0,
      "org": 3,
      "org_essay": 6,
      "org_coherence": 3,
      "org_quantity": 1
    },
    "essay_type": "대안제시",
    "content_weight": {
      "con_clearance": 3,
      "con_novelty": 3,
      "con": 4,
      "con_prompt": 1,
      "con_description": 3
    },
    "essay_main_subject": "남녀 갈등 해결 방안",
    "expression_weight": {
      "exp_style": 4,
      "exp_grammar": 2,
      "exp_vocab": 4,
      "exp": 3
    }
  },
  "correction": [],
  "info": {
    "essay_id": "ESSAY_61700",
    "essay_prompt": " 남녀 갈등은 최근 우리 사회에서 가장 뜨거운 이슈 중 하나입니다. 이러한 갈등은 아직 간극을 좁히지 못하고 현재 사회적인 문제로 자리 잡았습니다.\n\n 군 가산점 문제, 일자리 문제 등 여러 가지 비교 자료들을 토대로 토론을 하고 이를 통해 갈등을 해결하고자 하는 노력이 이루어지고 있습니다.\n\n 과거에는 성차별 심했던 시기가 있었습니다. 여자와 남자를 구별 지어 일을 주는 경우도 많았습니다. 하지만, 현재는 여자와 남자라는 성별을 떠나서 나이, 국적을 불문하고 모두에게 평등한 기회를 주기 위해 노력하고 있습니다.\n\n 이렇게 모두의 노력에도 불구하고 아직 해결되지 않았거나 해결될 기미가 보이지 않는 양성평등 문제가 있을까요?\n\n 아주 작은 사소한 일이라도 좋습니다. 여러분이 생각하는 우리 주변의 양성평등 문제를 하나 작성해보고 어떻게 해결할 수 있을지 혹은 무엇이 바뀌어야 해결될 것 같은지 본인의 생각을 설명해주세요. ",
    "essay_type": "대안제시",
    "essay_level": "1",
    "essay_len": 782,
    "essay_main_subject": "남녀 갈등 해결 방안"
  }
}