{
  "paragraph": [
    {
      "paragraph_txt": "이 문제는 사회적으로도 이슈가 되고 있는데요.#@문장구분# 이 문제를 해결하기 위해서는 먼저 남녀가 서로를 다르다는 관점에서 벗어나 우리는 모두 사회적 관계를 이어나가고자 한다는 생각을 해야 된다는 것입니다.#@문장구분# 이 문제는 처음 서로를 다르게 보는 관점 때문이라고 생각하기 때문입니다.#@문장구분# 또, 이 문제를 해결하기 위해 사회에서는 제도부터 남녀를 평등한 존재로 봐야합니다.#@문장구분# 그리고 남녀갈등의 원인은 인식의 차이, 실질적인 남녀평등이 이루어지지 않은 사회현상 등이 있습니다.#@문장구분# 인식의 차이를 좁히기 위한 해결방안으로는 의사소통의 장을 마련하여 소통을 활발히 하면서 인식의 차이를 좁혀 나가는 것입니다.#@문장구분# 실질적 남녀평등을 이루기 위한 해결방안으로는 차별 금지 법 등 정책, 제도, 헌법을 마련함으로써 차별이 이루어 찌 않는 실질적 평등구현 등이 있습니다.#@문장구분# 남녀 갈등의 예로는 병역의무를 남자들은 군대를 고민할 때 여자들은 군대 복무를 하지 않으며 심지어 민방위 교육도 면제, 공용주차장까지 범람하는 여성 전용 주차공간, 여성 전용 문화센터, 여자들은 공부 안해도 여자대학들로 쉽게 인서울 가능, 범죄 피해자도 여자만 지원함, 여자만 납세 의무 면제, 군대 간 사람 입사 시험 응시 제한 자기 자신을 위해 군대가는 것도 아니구 국민들 생명과 재산을 지키려 희생하는 남자들 이중차별, 여성에게만 혜택을 주는 각종 정책 등이 있습니다.#@문장구분# 그런 남녀 차별을 유발하는 정책들을 없애야한다고 생각하며 좀더 남녀 모두가 납득할 수 있는 정책을 내고 사회에 서로 도움이 될 수 있는 생각을 가지고 살아야 한다고 생각합니다.#@문장구분# 남녀 모두 서로 돕지 않으면 이 남녀갈등을 해결할수 없습니다.#@문장구분# 서로 무엇이 우선인지 생각하고 이 문제를 해결해야 한다고 생각합니다.#@문장구분#",
      "paragraph_len": 1067,
      "paragraph_id": "001"
    }
  ],
  "score": {
    "paragraph_score": [
      {
        "paragraph_scoreT": [
          3,
          2.4,
          2
        ],
        "paragraph_scoreT_detail": {
          "paragraph_scoreT_exp": [
            [
              3,
              3,
              3
            ],
            [
              2,
              2,
              3
            ],
            [
              2,
              2,
              2
            ]
          ]
        },
        "paragraph_scoreT_avg": 2.4666667,
        "paragraph_id": "001"
      }
    ],
    "essay_scoreT": [
      25.800001,
      21.2,
      20
    ],
    "essay_scoreT_avg": 22.333334,
    "essay_scoreT_detail": {
      "essay_scoreT_org": [
        [
          2,
          0,
          3,
          3
        ],
        [
          2,
          0,
          2,
          2
        ],
        [
          2,
          0,
          2,
          2
        ]
      ],
      "essay_scoreT_cont": [
        [
          3,
          2,
          3,
          2
        ],
        [
          2,
          2,
          2,
          2
        ],
        [
          2,
          2,
          2,
          2
        ]
      ],
      "essay_scoreT_exp": [
        [
          3,
          3,
          3
        ],
        [
          2,
          2,
          3
        ],
        [
          2,
          2,
          2
        ]
      ]
    }
  },
  "student": {
    "date": "2021.10.01",
    "student_educated": true,
    "student_grade": "고등_1학년",
    "location": "051",
    "student_grade_group": "고등",
    "student_reading": 1
  },
  "rubric": {
    "essay_grade": "고등_1학년",
    "organization_weight": {
      "org_paragraph": 0,
      "org": 3,
      "org_essay": 6,
      "org_coherence": 3,
      "org_quantity": 1
    },
    "essay_type": "대안제시",
    "content_weight": {
      "con_clearance": 3,
      "con_novelty": 3,
      "con": 4,
      "con_prompt": 1,
      "con_description": 3
    },
    "essay_main_subject": "남녀 갈등 해결 방안",
    "expression_weight": {
      "exp_style": 4,
      "exp_grammar": 2,
      "exp_vocab": 4,
      "exp": 3
    }
  },
  "correction": [],
  "info": {
    "essay_id": "ESSAY_37036",
    "essay_prompt": " 남녀 갈등은 최근 우리 사회에서 가장 뜨거운 이슈 중 하나입니다. 이러한 갈등은 아직 간극을 좁히지 못하고 현재 사회적인 문제로 자리 잡았습니다.\n\n 군 가산점 문제, 일자리 문제 등 여러 가지 비교 자료들을 토대로 토론을 하고 이를 통해 갈등을 해결하고자 하는 노력이 이루어지고 있습니다.\n\n 과거에는 성차별 심했던 시기가 있었습니다. 여자와 남자를 구별 지어 일을 주는 경우도 많았습니다. 하지만, 현재는 여자와 남자라는 성별을 떠나서 나이, 국적을 불문하고 모두에게 평등한 기회를 주기 위해 노력하고 있습니다.\n\n 이렇게 모두의 노력에도 불구하고 아직 해결되지 않았거나 해결될 기미가 보이지 않는 양성평등 문제가 있을까요?\n\n 아주 작은 사소한 일이라도 좋습니다. 여러분이 생각하는 우리 주변의 양성평등 문제를 하나 작성해보고 어떻게 해결할 수 있을지 혹은 무엇이 바뀌어야 해결될 것 같은지 본인의 생각을 설명해주세요. ",
    "essay_type": "대안제시",
    "essay_level": "1",
    "essay_len": 847,
    "essay_main_subject": "남녀 갈등 해결 방안"
  }
}