{
  "paragraph": [
    {
      "paragraph_txt": "혐오 시설이란 지역 주민에게 공포감이나 고통을 주거나, 주변 지역의 쾌적성이 훼손됨으로써 집값이나 땅값이 내려가는 등 부정적인 효과를 유발하는 시설을 뜻한다.#@문장구분# 주거지역 근처에 쓰레기 매립지가 들어와 사람들의 반발을 사고 또 건립당시 지자체가 지역주민과 약속한 것들을 이행 해주시않는 곳을을 번번히 봐와 좀더 확실한 보상 방안을 마련해줘야 할것이다.#@문장구분# 하지만 자치단체에서도 당장은 처리를 해줄수 없는 사정과 여건이 있을 것이다.#@문장구분# 서로 조금씩 노력하며 차차 해결에 나가면 될 문제인 것 같다.#@문장구분# 근본적인 원인이되는 쓰레기 양을 줄이는데 노력해야 할 것이다.#@문장구분# 내가 생각한 첫번째 대안은 제일 기본적인 일회용품 사용을 줄이기와 분리수거 잘하기가 있다.#@문장구분# 일회용품 사용을 줄인다면 매립되는 쓰레기도 적어질 것 이고 그렇다면 쓰레기 매립지는 줄어들 것이다.#@문장구분# 또 분리수거를 잘하면 일반쓰레기의 배출량이 줄어들며 위와 비슷한 결과를 낳을 수 있을 것 이다.#@문장구분# 두 번째 대안은 쓰레기 매립장을 사람들이 거주하지 않는 한 지역을 사들여 매립장을 몰아놓는 것 이다.#@문장구분# 사람들이 거주하지 않는곳에 땅을 사들여 모두 쓰레기 매립지로 만들면 불만이 잦아들 것이다.#@문장구분# 마지막으로 세 번째 대안은 경기도 하남시에 있는 쓰레기 매립지처럼 꾸미면 좋을 것 같다.#@문장구분# 경기도 하남시에 있는 쓰레기 매립지는 사람들에게 거부감을 주지 않기 위해 예쁘게 꾸며놓았다.#@문장구분# 매립지 꼭대기엔 전망대를 만들어 놓기도 하고 이처럼 쓰레기 매집지를 꾸며 사람들이 별 거부없이 와서 구경하고 산책이나 여가생활을 할 수 있는 시설들을 만들어놓으면 좋을 것 같다.#@문장구분# 첫 번째 대안처럼 모든사람들이 일상생활에서 쉽게 실천 할 수 있는 일 이고 우리 환경과 지구를 위해서라면 쓰레기를 줄이는 것이 가장 중요하다고 생각했기 때문이다.#@문장구분# 환경은 내가살아가는 지구를 살리는 일이다.#@문장구분# 앞으로 사람들이 환경에 관심을 많이 가지고 실천해 줬으면 좋겠다.#@문장구분#",
      "paragraph_len": 1250,
      "paragraph_id": "001"
    }
  ],
  "score": {
    "paragraph_score": [
      {
        "paragraph_scoreT": [
          3,
          3,
          3
        ],
        "paragraph_scoreT_detail": {
          "paragraph_scoreT_exp": [
            [
              3,
              3,
              3
            ],
            [
              3,
              3,
              3
            ],
            [
              3,
              3,
              3
            ]
          ]
        },
        "paragraph_scoreT_avg": 3,
        "paragraph_id": "001"
      }
    ],
    "essay_scoreT": [
      30,
      28.5,
      26.7
    ],
    "essay_scoreT_avg": 28.4,
    "essay_scoreT_detail": {
      "essay_scoreT_org": [
        [
          3,
          0,
          3,
          3
        ],
        [
          3,
          0,
          3,
          2
        ],
        [
          3,
          0,
          2,
          3
        ]
      ],
      "essay_scoreT_cont": [
        [
          3,
          3,
          3,
          3
        ],
        [
          3,
          2,
          3,
          3
        ],
        [
          3,
          2,
          3,
          2
        ]
      ],
      "essay_scoreT_exp": [
        [
          3,
          3,
          3
        ],
        [
          3,
          3,
          3
        ],
        [
          3,
          3,
          3
        ]
      ]
    }
  },
  "student": {
    "date": "2021.12.08",
    "student_educated": true,
    "student_grade": "고등_1학년",
    "location": "063",
    "student_grade_group": "고등",
    "student_reading": 2
  },
  "rubric": {
    "essay_grade": "고등_1학년",
    "organization_weight": {
      "org_paragraph": 0,
      "org": 3,
      "org_essay": 6,
      "org_coherence": 3,
      "org_quantity": 1
    },
    "essay_type": "대안제시",
    "content_weight": {
      "con_clearance": 3,
      "con_novelty": 3,
      "con": 4,
      "con_prompt": 1,
      "con_description": 3
    },
    "essay_main_subject": "혐오시설 건설문제에 대한 본인의 생각",
    "expression_weight": {
      "exp_style": 4,
      "exp_grammar": 2,
      "exp_vocab": 4,
      "exp": 3
    }
  },
  "correction": [],
  "info": {
    "essay_id": "ESSAY_60440",
    "essay_prompt": " 혐오 시설이란 지역 주민에게 공포감이나 고통을 주거나, 주변 지역의 쾌적성이 훼손됨으로써 집값이나 땅값이 내려가는 등 부정적인 외부효과를 유발하는 시설을 의미합니다.\n\n 대표적인 혐오 시설에는 쓰레기 매립장, 원자력발전소, 소각장, 유류저장소 등이 있습니다.\n\n 매립지, 소각장, 쓰레기 하치장 같은 혐오 시설은 그리 위험하지는 않지만, 쓰레기를 취급한다는 점에서 혐오감을 주며, 주변 환경오염 문제가 갈등을 일으킵니다. 특히 소각장은 인구밀도가 높은 대도시에 건설된다는 점에서 반대 운동이 일기도 합니다.\n\n 그런데 서로 반대만 하다 보면 입지를 찾지 못해 결국 모든 주민의 삶의 질이 저하될 수 있습니다.\n\n 정부 차원에서 가장 적절한 장소를 선별하여 건설 후 주변 사람들에게 혜택을 주는 방식이 적절한 방법일까요? 아니면 혐오 시설만을 모아둔 부지를 따로 정해서 건설해야 할까요? 아니면 모든 도시가 공평하게 혐오 시설 건설에 대한 부담을 지니고 하나씩 건설해야 할까요?\n\n 모두가 만족할만한 결과를 내기란 정말 어려운 문제이지만 여러분이 생각하는 가장 합리적이고 좋은 방법을 생각해보세요. 그리고 그 방법을 대안으로 제시하고 그 근거에 대해 작성해주세요.",
    "essay_type": "대안제시",
    "essay_level": "1",
    "essay_len": 930,
    "essay_main_subject": "혐오시설 건설문제에 대한 본인의 생각"
  }
}