{
  "paragraph": [
    {
      "paragraph_txt": "요즘에는 인터넷이 발달하면서 서로 소통을 할 수 있는 창구가 많다.#@문장구분# 흔히 여자가 대부분인 커뮤니티 사이트를 '여초 사이트', 남자가 대부분인 커뮤니티 사이트를 '남초 사이트'라고 불린다.#@문장구분#\n이런 사이트에서 서로 남혐, 여혐에 대해서도 말이 많이 나오는데, 문제가 된 것은 양궁 국가대표인 '안산 선수'가 숏컷, 여대 출신이라는 이유로 페미니스트라며 논란을 조장한 남초 사이트에서부터 문제가 되었는데, 이는 안산 선수의 인스타 게시물에 써 있는 '오조오억'이라는 단어 때문에 논란이 더욱 커졌다.#@문장구분#\n남초 사이트에선 '오조오억'이라는 단어가 남자의 정자가 쓸데없이 5조5억개나 있다는 뜻을 내포하며, 여초 사이트에서 남성을 혐오하거나 비하할 때 쓰는 것이라고 주장했다.#@문장구분#\n그리고 이런 일들은 그 사이트에 가입 해 있는 모두가 아닌 일부 사용자들이 그렇게 하는 것인데,모두가 그렇다고 생각하는 것에 대한 문제도 있다.#@문장구분#\n이런 문제들은 결국에 더더욱 커져서 사회적 문제의 큰 부분들로 자리할 것이다.#@문장구분#\n이를 해결하기 위한 방법에는 이런 젠더 갈등이 젠더무지에서 비롯된 것이기에 젠더무지에서 벗어날 수 있도록 이것에 대한 교육을 하는 것이 좋을 것 같다.#@문장구분#\n예를 들어서 캠페인을 통하여 이런 문제를 더 알리고 서로를 알아가면서 점점 이 문제를 해결 해 나갔으면 좋겠다.#@문장구분# 그리고 서로에 대한 이해심을 높이는 것이 중요하다. #@문장구분#왜냐하면 이해심이 없다면 교육을 진행하던 무엇을 하던 받아들이지 못하기 때문에 서로에 대한 이해심을 높이는 게 중요하다.#@문장구분# 그리고 마지막으로는 그런 문제가 많이 나오는 특정 사이트를 규제하는 방법이 있다.#@문장구분#\n그 사이트 자체를 없애는 것은 불만이 많을테니까 게임에서 욕이나 특정단어를 채팅에 치면 '♡♡, ☆☆'로 대체 되거나 '욕설, 비방 등이 포함된 댓글입니다.'라고 뜨게 하여 그런 댓글들은 쓰지 못하게 규제하는 것도 좋은 방법이라고 생각한다.#@문장구분# 서로 다르니까 이해하기 어렵겠지만 서로 존중하는 모습을 보인다면 이러한 문제는 점차 사라질 것이다.#@문장구분#",
      "paragraph_len": 1237,
      "paragraph_id": "001"
    }
  ],
  "score": {
    "paragraph_score": [
      {
        "paragraph_scoreT": [
          2.2,
          2.6,
          2.4
        ],
        "paragraph_scoreT_detail": {
          "paragraph_scoreT_exp": [
            [
              3,
              2,
              2
            ],
            [
              3,
              2,
              3
            ],
            [
              2,
              3,
              2
            ]
          ]
        },
        "paragraph_scoreT_avg": 2.4,
        "paragraph_id": "001"
      }
    ],
    "essay_scoreT": [
      26,
      26.1,
      23.1
    ],
    "essay_scoreT_avg": 25.066666,
    "essay_scoreT_detail": {
      "essay_scoreT_org": [
        [
          3,
          0,
          3,
          3
        ],
        [
          3,
          0,
          3,
          2
        ],
        [
          2,
          0,
          2,
          3
        ]
      ],
      "essay_scoreT_cont": [
        [
          3,
          2,
          2,
          3
        ],
        [
          3,
          2,
          3,
          2
        ],
        [
          3,
          2,
          3,
          2
        ]
      ],
      "essay_scoreT_exp": [
        [
          3,
          2,
          2
        ],
        [
          3,
          2,
          3
        ],
        [
          2,
          3,
          2
        ]
      ]
    }
  },
  "student": {
    "date": "2021.09.07",
    "student_educated": true,
    "student_grade": "고등_1학년",
    "location": "051",
    "student_grade_group": "고등",
    "student_reading": 1
  },
  "rubric": {
    "essay_grade": "고등_1학년",
    "organization_weight": {
      "org_paragraph": 0,
      "org": 3,
      "org_essay": 6,
      "org_coherence": 3,
      "org_quantity": 1
    },
    "essay_type": "대안제시",
    "content_weight": {
      "con_clearance": 3,
      "con_novelty": 3,
      "con": 4,
      "con_prompt": 1,
      "con_description": 3
    },
    "essay_main_subject": "남녀 갈등 해결 방안",
    "expression_weight": {
      "exp_style": 4,
      "exp_grammar": 2,
      "exp_vocab": 4,
      "exp": 3
    }
  },
  "correction": [],
  "info": {
    "essay_id": "ESSAY_33834",
    "essay_prompt": " 남녀 갈등은 최근 우리 사회에서 가장 뜨거운 이슈 중 하나입니다. 이러한 갈등은 아직 간극을 좁히지 못하고 현재 사회적인 문제로 자리 잡았습니다.\n\n 군 가산점 문제, 일자리 문제 등 여러 가지 비교 자료들을 토대로 토론을 하고 이를 통해 갈등을 해결하고자 하는 노력이 이루어지고 있습니다.\n\n 과거에는 성차별 심했던 시기가 있었습니다. 여자와 남자를 구별 지어 일을 주는 경우도 많았습니다. 하지만, 현재는 여자와 남자라는 성별을 떠나서 나이, 국적을 불문하고 모두에게 평등한 기회를 주기 위해 노력하고 있습니다.\n\n 이렇게 모두의 노력에도 불구하고 아직 해결되지 않았거나 해결될 기미가 보이지 않는 양성평등 문제가 있을까요?\n\n 아주 작은 사소한 일이라도 좋습니다. 여러분이 생각하는 우리 주변의 양성평등 문제를 하나 작성해보고 어떻게 해결할 수 있을지 혹은 무엇이 바뀌어야 해결될 것 같은지 본인의 생각을 설명해주세요. ",
    "essay_type": "대안제시",
    "essay_level": "1",
    "essay_len": 978,
    "essay_main_subject": "남녀 갈등 해결 방안"
  }
}