{
  "paragraph": [
    {
      "paragraph_txt": "혐오시설이란 지역 주민에게 공포감이나 고통을 주거나 주변 지역의 쾌적성이 훼손됨으로써 집값이나 땅값이 내려가는 등 부정적인 외부효과를 유발하는 구치소, 쓰레기 매립장 등의 시설이다.#@문장구분# 이런 시설이 우리의 지역 근처나 우리 집 옆으로 온다면 꺼려할 수밖에 없다.#@문장구분# 하지만 그에 비해 좋은 시설들은 자신의 지역 근처에 두고 싶어한다.#@문장구분# 이는 인가의 이기적인 면모를 보여준다.#@문장구분# 우리는 이러한 문제들을 분석하고, 이에 대한 해결책을 찾고자 한다.#@문장구분# 요즘 혐오시설 기피 문제가 점점 심각해지고 있다.#@문장구분# 이러한 현상을 '님비현상'이라고 하는데 님비현상은 공공의 이익은 되지만 자신이 속한 지역에는 이익이 되지 않는 일을 반대하는 행동을 말한다.#@문장구분# 이러한 현상은 우리 주변에도 흔히 일어나고 있는데 그 대표적인 예시에는 부산구치소 이전 문제가 있다.#@문장구분# 국제 신문의 기사에 따르면 부산구치소의 이전이 10년째 거론되고 있지만 이전되고 있지 않아서 지역 주민들의 반발이 일고 있다고 한다.#@문장구분# 이 밖에도 장애인 학교, 쓰레기매립장 등 이른바 '혐오시설'이 주민들의 반발을 사는 현상이 일어나고 있다.#@문장구분# 그렇다면 이러한 현상이 일어나는 원인은 무엇일까?#@문장구분# 첫째로는 혐오 시설이 주민들의 쾌적하게 살 권리를 침해할 수 있어 그 주변 집값에 변동을 줄 수 있다는 문제 때문이다.#@문장구분# 실제로 대한 국토·도시계획학회지에서 실시한 조사에 의하면 혐오시설 주변 2km 이내의 아파트의 집값 변동의 폭이 다른 구역에 비해 집값 변동이 컸다고 한다.#@문장구분# 둘째로는 혐오시설로 인해 주민들의 삶의 질이 떨어질 수 있다는 것이다.#@문장구분# 앞서 나왔던 구치소는 범죄자들이 출소 후 또는 탈옥을 한 후에 다시 범죄를 일으킬 가능성이 있어 주민들의 불안을 야기하고, 하수처리장과 쓰레기 매립장 등은 악취를 유발하고, 공기의 질을 떨어뜨려 주민들의 불편을 일으킨다.#@문장구분# 실제로 대전대학교의 연구에 따르면 환경 민원의 약 20%가 악취 현상으로 인한 민원이고, 하수처리장에서 나오는 화학물질이 악취와의 상관성이 0.8~0.9 정도로 높게 측정되었다고 한다.#@문장구분#   그렇다면 '님비현상'이라 불리는 이러한 현상들을 해결 할 수 있는 방법에는 무엇이 있을까?#@문장구분# 바로 주민과의 소통이다.#@문장구분# 주민들과의 소통을 통해 마을 거주민들이 원하는 복지정책을 마련한다거나 주변에 선호시설을 짓는 것을 대가로 할 수 있다.#@문장구분# 한국 학회지의 논문에 따르면, 서울추모공원, 충청 대전추모공원, 호남 광주영락공원, 영남 울산하늘공원을 대상으로 조사해본 결과 화장장 4개소의 조사결과 지역주민에 대해 경제적인 보상을 통해 해결하는 경향이 두드러졌다고 한다.#@문장구분# 혐오시설로 인해 땅값이 내려간다면 주민들과 의논을 통해 다른 방식으로 보상하여 해결하는 방법이 있었다.#@문장구분# 이렇듯 님비현상은 물론 해결하기 어려운 사회적 문제이지만 지역 주민들과의 합의와 의견을 나눔으로써 서로의 의견을 조율하고, 지역 주민들이 바라는 바를 파악하여 여러 사회적 갈등을 해결 할 수 있는 사회가 되기를 바란다.#@문장구분#",
      "paragraph_len": 1873,
      "paragraph_id": "001"
    }
  ],
  "score": {
    "paragraph_score": [
      {
        "paragraph_scoreT": [
          3,
          3,
          3
        ],
        "paragraph_scoreT_detail": {
          "paragraph_scoreT_exp": [
            [
              3,
              3,
              3
            ],
            [
              3,
              3,
              3
            ],
            [
              3,
              3,
              3
            ]
          ]
        },
        "paragraph_scoreT_avg": 3,
        "paragraph_id": "001"
      }
    ],
    "essay_scoreT": [
      28.8,
      28.4,
      30
    ],
    "essay_scoreT_avg": 29.066666,
    "essay_scoreT_detail": {
      "essay_scoreT_org": [
        [
          3,
          0,
          3,
          3
        ],
        [
          3,
          0,
          3,
          3
        ],
        [
          3,
          0,
          3,
          3
        ]
      ],
      "essay_scoreT_cont": [
        [
          3,
          2,
          3,
          3
        ],
        [
          3,
          2,
          2,
          3
        ],
        [
          3,
          3,
          3,
          3
        ]
      ],
      "essay_scoreT_exp": [
        [
          3,
          3,
          3
        ],
        [
          3,
          3,
          3
        ],
        [
          3,
          3,
          3
        ]
      ]
    }
  },
  "student": {
    "date": "2021.11.19",
    "student_educated": true,
    "student_grade": "고등_1학년",
    "location": "051",
    "student_grade_group": "고등",
    "student_reading": 1
  },
  "rubric": {
    "essay_grade": "고등_1학년",
    "organization_weight": {
      "org_paragraph": 0,
      "org": 3,
      "org_essay": 6,
      "org_coherence": 3,
      "org_quantity": 1
    },
    "essay_type": "대안제시",
    "content_weight": {
      "con_clearance": 3,
      "con_novelty": 3,
      "con": 4,
      "con_prompt": 1,
      "con_description": 3
    },
    "essay_main_subject": "혐오시설 건설문제에 대한 본인의 생각",
    "expression_weight": {
      "exp_style": 4,
      "exp_grammar": 2,
      "exp_vocab": 4,
      "exp": 3
    }
  },
  "correction": [],
  "info": {
    "essay_id": "ESSAY_48471",
    "essay_prompt": " 혐오 시설이란 지역 주민에게 공포감이나 고통을 주거나, 주변 지역의 쾌적성이 훼손됨으로써 집값이나 땅값이 내려가는 등 부정적인 외부효과를 유발하는 시설을 의미합니다.\n\n 대표적인 혐오 시설에는 쓰레기 매립장, 원자력발전소, 소각장, 유류저장소 등이 있습니다.\n\n 매립지, 소각장, 쓰레기 하치장 같은 혐오 시설은 그리 위험하지는 않지만, 쓰레기를 취급한다는 점에서 혐오감을 주며, 주변 환경오염 문제가 갈등을 일으킵니다. 특히 소각장은 인구밀도가 높은 대도시에 건설된다는 점에서 반대 운동이 일기도 합니다.\n\n 그런데 서로 반대만 하다 보면 입지를 찾지 못해 결국 모든 주민의 삶의 질이 저하될 수 있습니다.\n\n 정부 차원에서 가장 적절한 장소를 선별하여 건설 후 주변 사람들에게 혜택을 주는 방식이 적절한 방법일까요? 아니면 혐오 시설만을 모아둔 부지를 따로 정해서 건설해야 할까요? 아니면 모든 도시가 공평하게 혐오 시설 건설에 대한 부담을 지니고 하나씩 건설해야 할까요?\n\n 모두가 만족할만한 결과를 내기란 정말 어려운 문제이지만 여러분이 생각하는 가장 합리적이고 좋은 방법을 생각해보세요. 그리고 그 방법을 대안으로 제시하고 그 근거에 대해 작성해주세요.",
    "essay_type": "대안제시",
    "essay_level": "1",
    "essay_len": 1433,
    "essay_main_subject": "혐오시설 건설문제에 대한 본인의 생각"
  }
}