{
  "paragraph": [
    {
      "paragraph_txt": "요즘 현대 사회에서 sns을 이용한 남녀 차별 발언 문제와 서로의 남녀 비하 발언으로 인해 많은 사람들이 불편하고 피해를 호소하고 있다.#@문장구분#이러한 현상으로 인해 요즘 추구하는 남녀 평등은 이루어 지지 않는것은 물론 오히려 남녀 사이에 문제가 생겨 더욱 협동이 안될 수 있다.#@문장구분# 사람들이 행복하게 살아가기 위해서는 성별이라는 제한없이 서로 더불어 살아가는 세상 즉 서로 협동하며 살아가는 세상이 필요한데 남녀 혐오발언을 하면 서로 갈등만 생겨 양쪽 모두다 행복하게는 살아가기 힘들것이다.#@문장구분#\n이러한 문제를 해결하기 위해서는 서로를 인정해주어야 하는것이다.#@문장구분# 서로 각자의 약점이 들어났을때 비하하고 혐오발언을 하는것이  아니라 보듬어주고 격려해주며 그 사람의 인권을 존중해주어야 한다.#@문장구분# 만약 이런 상황이 이루어지면 서로의 믿음이 생겨 서로 협력하며 살아갈 수 있을것이다.#@문장구분# \n또한 남녀 모두  상대 성별을 존중해주어야 하는것이다.#@문장구분# 잘못을 하였을 때 특정 성별을 비하하는것이 아니라는것이다.#@문장구분# 물론 그렇다고 격려만 하라는것도 아니다.#@문장구분# 잘못하였을때는 성별과 관련이 있지않게 그 사람의 잘못을 비판하는것이라는거다.#@문장구분# 물론 그러한 비판도 잘못한 사람의 인권을 존중하며 과도한 비판을 하여서는 안 된다는 것이다.#@문장구분#\n남성과 여성 모두 인권이 있고 인간으로서 존중받아야할 가치가 있는 사람들이다.#@문장구분# 이러한 사람들을 혐오발언으로 상처를 주고 갈등이 일어나면 서로의 믿음에 불신이 생겨 효율적으로 일을 하지 못할것이다.#@문장구분# 서로를 믿고 혐오발언을 하지않으면 조금 더 효율적인 생산적인 일을 할 수 있을것이라고 본다.#@문장구분# 이러한 경우에는 사람의 인권을 생각하며 조금더 상대방을 존중하는 생각으로 말을 하면 될것이다.#@문장구분#\n따라서 상대방을 존중하며 서로를 인정해주며 잘못하였을땐 특정 성별을 욕하는것이 아닌 한 사람의 잘못을 비판하고 그 비판도 정도를 지키며 비판을 하여야 한다고 본다.#@문장구분#",
      "paragraph_len": 1233,
      "paragraph_id": "001"
    }
  ],
  "score": {
    "paragraph_score": [
      {
        "paragraph_scoreT": [
          3,
          3,
          2.4
        ],
        "paragraph_scoreT_detail": {
          "paragraph_scoreT_exp": [
            [
              3,
              3,
              3
            ],
            [
              3,
              3,
              3
            ],
            [
              2,
              3,
              2
            ]
          ]
        },
        "paragraph_scoreT_avg": 2.8,
        "paragraph_id": "001"
      }
    ],
    "essay_scoreT": [
      29.7,
      27.300001,
      22.1
    ],
    "essay_scoreT_avg": 26.366667,
    "essay_scoreT_detail": {
      "essay_scoreT_org": [
        [
          3,
          0,
          3,
          2
        ],
        [
          3,
          0,
          3,
          2
        ],
        [
          2,
          0,
          3,
          2
        ]
      ],
      "essay_scoreT_cont": [
        [
          3,
          3,
          3,
          3
        ],
        [
          3,
          2,
          3,
          2
        ],
        [
          2,
          2,
          2,
          2
        ]
      ],
      "essay_scoreT_exp": [
        [
          3,
          3,
          3
        ],
        [
          3,
          3,
          3
        ],
        [
          2,
          3,
          2
        ]
      ]
    }
  },
  "student": {
    "date": "2021.08.11",
    "student_educated": true,
    "student_grade": "고등_1학년",
    "location": "051",
    "student_grade_group": "고등",
    "student_reading": 1
  },
  "rubric": {
    "essay_grade": "고등_1학년",
    "organization_weight": {
      "org_paragraph": 0,
      "org": 3,
      "org_essay": 6,
      "org_coherence": 3,
      "org_quantity": 1
    },
    "essay_type": "대안제시",
    "content_weight": {
      "con_clearance": 3,
      "con_novelty": 3,
      "con": 4,
      "con_prompt": 1,
      "con_description": 3
    },
    "essay_main_subject": "남녀 갈등 해결 방안",
    "expression_weight": {
      "exp_style": 4,
      "exp_grammar": 2,
      "exp_vocab": 4,
      "exp": 3
    }
  },
  "correction": [],
  "info": {
    "essay_id": "ESSAY_34052",
    "essay_prompt": " 남녀 갈등은 최근 우리 사회에서 가장 뜨거운 이슈 중 하나입니다. 이러한 갈등은 아직 간극을 좁히지 못하고 현재 사회적인 문제로 자리 잡았습니다.\n\n 군 가산점 문제, 일자리 문제 등 여러 가지 비교 자료들을 토대로 토론을 하고 이를 통해 갈등을 해결하고자 하는 노력이 이루어지고 있습니다.\n\n 과거에는 성차별 심했던 시기가 있었습니다. 여자와 남자를 구별 지어 일을 주는 경우도 많았습니다. 하지만, 현재는 여자와 남자라는 성별을 떠나서 나이, 국적을 불문하고 모두에게 평등한 기회를 주기 위해 노력하고 있습니다.\n\n 이렇게 모두의 노력에도 불구하고 아직 해결되지 않았거나 해결될 기미가 보이지 않는 양성평등 문제가 있을까요?\n\n 아주 작은 사소한 일이라도 좋습니다. 여러분이 생각하는 우리 주변의 양성평등 문제를 하나 작성해보고 어떻게 해결할 수 있을지 혹은 무엇이 바뀌어야 해결될 것 같은지 본인의 생각을 설명해주세요. ",
    "essay_type": "대안제시",
    "essay_level": "1",
    "essay_len": 913,
    "essay_main_subject": "남녀 갈등 해결 방안"
  }
}