{
  "paragraph": [
    {
      "paragraph_txt": "위와 같은 남혐, 여혐과 같은 사회 문제는 성 갈등의 문제와 같다고 할 수 있는데 이는 성 평등이 이루어지면 위와 같은 문제가 해결 될 수 있음을 의미합니다.#@문장구분#",
      "paragraph_len": 108,
      "paragraph_id": "001"
    },
    {
      "paragraph_txt": " 첫째, 정부와 정부기관에서는 위와 같은 사회 문제를 해결하기 위한 성평등과 관련된 제도를 마련해야합니다. #@문장구분#현 정부기관인 여가부는 여성부를 넘어 가족부터 노인, 아동 성폭력등을 해결하기 위한 방안을 마련하고 이러한 문제가 생기지 않도록하는 활동을 이어나가고 있습니다.#@문장구분# 하지만, 그런 성평등과 같은 문제를 여성끼리 논의하여 정한다는 모순이 있습니다. #@문장구분#보다 형평성이 있는 제도를 마련하기 위해서는 여성인권기관만 관여할 것이 아니라 여성인권기관과 남성인권기관이 같이 풀어가며 해결해야합니다. #@문장구분#또 여성에게 이로운 법안이 나왔을 경우 남성에게 이로운 법안도 제시하는 것과 같은 차별이 생기지 않도록 하는 방법도 있습니다.#@문장구분# 고용차별, 직장 내 불평등과 같은 관행을 철폐하고 여성이 인권을 보장 받을 수 있도록 사회적 제도를 보완해야하며 여성이 임신, 출산, 수요 등과 같은 사유로써 불이익을 받지 않도록 여성이 권익이 보장되어야 합니다.#@문장구분#",
      "paragraph_len": 582,
      "paragraph_id": "002"
    },
    {
      "paragraph_txt": " 둘째, 사회적 인식이 개선되어야 합니다.#@문장구분# 잘못된 성의 고정관념에서 벗어나고 관습을 철폐하며 성의 차이를 인식하고 서로 존중해야합니다.#@문장구분# 왜곡된 여성의 모습을 다루는 대중 매체에서 성 평등에 대한 내용을 다루도록 하여 보다 쉽고 간단하게 노출됨을 이용해 사회적 인식 개선에 도움을 주어야 합니다.#@문장구분# 또 남혐, 여혐의 문제성만 인식할 게 아니라 그 문제의 심각성, 그에 따른 처벌의 정도 등을 각인 시킬 수 있도록 해야합니다.#@문장구분#",
      "paragraph_len": 315,
      "paragraph_id": "003"
    },
    {
      "paragraph_txt": " 셋째, 올바른 사회를 위한 변화된 교육을 해야합니다.#@문장구분# 요즘 청소년들 사이에서도 남혐, 여혐 발언이 오가는 일이 매우 많은데 이는 학교측에서 올바른 교육과 빠른 대처가 필요함을 의미합니다.#@문장구분# 근본적으로는 같은 사람임을 교육시키고 성 평등을 위한 교육을 어릴 때부터 실시하여 양성평등이 이루어지도록 하는 교육이 필요합니다.#@문장구분#",
      "paragraph_len": 238,
      "paragraph_id": "004"
    }
  ],
  "score": {
    "paragraph_score": [
      {
        "paragraph_scoreT": [
          3,
          3,
          3
        ],
        "paragraph_scoreT_detail": {
          "paragraph_scoreT_exp": [
            [
              3,
              3,
              3
            ],
            [
              3,
              3,
              3
            ],
            [
              3,
              3,
              3
            ]
          ]
        },
        "paragraph_scoreT_avg": 3,
        "paragraph_id": "001"
      },
      {
        "paragraph_scoreT": [
          3,
          3,
          3
        ],
        "paragraph_scoreT_detail": {
          "paragraph_scoreT_exp": [
            [
              3,
              3,
              3
            ],
            [
              3,
              3,
              3
            ],
            [
              3,
              3,
              3
            ]
          ]
        },
        "paragraph_scoreT_avg": 3,
        "paragraph_id": "002"
      },
      {
        "paragraph_scoreT": [
          3,
          3,
          3
        ],
        "paragraph_scoreT_detail": {
          "paragraph_scoreT_exp": [
            [
              3,
              3,
              3
            ],
            [
              3,
              3,
              3
            ],
            [
              3,
              3,
              3
            ]
          ]
        },
        "paragraph_scoreT_avg": 3,
        "paragraph_id": "003"
      },
      {
        "paragraph_scoreT": [
          3,
          3,
          3
        ],
        "paragraph_scoreT_detail": {
          "paragraph_scoreT_exp": [
            [
              3,
              3,
              3
            ],
            [
              3,
              3,
              3
            ],
            [
              3,
              3,
              3
            ]
          ]
        },
        "paragraph_scoreT_avg": 3,
        "paragraph_id": "004"
      }
    ],
    "essay_scoreT": [
      28.8,
      28.8,
      26.7
    ],
    "essay_scoreT_avg": 28.1,
    "essay_scoreT_detail": {
      "essay_scoreT_org": [
        [
          3,
          0,
          3,
          3
        ],
        [
          3,
          0,
          3,
          3
        ],
        [
          3,
          0,
          2,
          3
        ]
      ],
      "essay_scoreT_cont": [
        [
          3,
          2,
          3,
          3
        ],
        [
          3,
          2,
          3,
          3
        ],
        [
          2,
          2,
          3,
          3
        ]
      ],
      "essay_scoreT_exp": [
        [
          3,
          3,
          3
        ],
        [
          3,
          3,
          3
        ],
        [
          3,
          3,
          3
        ]
      ]
    }
  },
  "student": {
    "date": "2021.09.03",
    "student_educated": true,
    "student_grade": "고등_1학년",
    "location": "051",
    "student_grade_group": "고등",
    "student_reading": 1
  },
  "rubric": {
    "essay_grade": "고등_1학년",
    "organization_weight": {
      "org_paragraph": 0,
      "org": 3,
      "org_essay": 6,
      "org_coherence": 3,
      "org_quantity": 1
    },
    "essay_type": "대안제시",
    "content_weight": {
      "con_clearance": 3,
      "con_novelty": 3,
      "con": 4,
      "con_prompt": 1,
      "con_description": 3
    },
    "essay_main_subject": "남녀 갈등 해결 방안",
    "expression_weight": {
      "exp_style": 4,
      "exp_grammar": 2,
      "exp_vocab": 4,
      "exp": 3
    }
  },
  "correction": [],
  "info": {
    "essay_id": "ESSAY_35604",
    "essay_prompt": " 남녀 갈등은 최근 우리 사회에서 가장 뜨거운 이슈 중 하나입니다. 이러한 갈등은 아직 간극을 좁히지 못하고 현재 사회적인 문제로 자리 잡았습니다.\n\n 군 가산점 문제, 일자리 문제 등 여러 가지 비교 자료들을 토대로 토론을 하고 이를 통해 갈등을 해결하고자 하는 노력이 이루어지고 있습니다.\n\n 과거에는 성차별 심했던 시기가 있었습니다. 여자와 남자를 구별 지어 일을 주는 경우도 많았습니다. 하지만, 현재는 여자와 남자라는 성별을 떠나서 나이, 국적을 불문하고 모두에게 평등한 기회를 주기 위해 노력하고 있습니다.\n\n 이렇게 모두의 노력에도 불구하고 아직 해결되지 않았거나 해결될 기미가 보이지 않는 양성평등 문제가 있을까요?\n\n 아주 작은 사소한 일이라도 좋습니다. 여러분이 생각하는 우리 주변의 양성평등 문제를 하나 작성해보고 어떻게 해결할 수 있을지 혹은 무엇이 바뀌어야 해결될 것 같은지 본인의 생각을 설명해주세요. ",
    "essay_type": "대안제시",
    "essay_level": "1",
    "essay_len": 970,
    "essay_main_subject": "남녀 갈등 해결 방안"
  }
}