{
  "paragraph": [
    {
      "paragraph_txt": "남녀 갈등은 정말 해결하기 어려운 일이라고 생각한다.#@문장구분# 남자와 여자는 체급과 가지고 있는 근력, 힘의 세기가 다르다.#@문장구분# 그래서 똑같은 조건으로 결정을 할 수 없다고 생각한다.#@문장구분# 하지만 이러한 조건들을 결정하는 과정에서도 많은 갈등을 생긱고 있는게 현재 문제라고 생각한다.#@문장구분#\n예를들면 경찰같이 누군가를 제압할 수 있는 힘이 필요한 직업을 생각해보자.#@문장구분# 양성평등을 주장하며 남자와 여자가 모든 시험 기준을 같게 한다면 그건 여자에게 불리하다고 생각한다.#@문장구분# 남자와 여자는 체급에서부터, 신체적인 특징들로부터 차이가 나기 때문이다.#@문장구분# 하지만 그렇다고 경찰을 뽑을 때 여성의 비율을 정해놓고 뽑는다면 최근 이슈가 되었던 여경이 범인을 제압하지 못해 지나가던 시민이 제압하는 경우가 생길 수 있다.#@문장구분# 경찰은 시민을 지켜주기 위한 존재이기 때문에 누군가를 제압할 수는 있어야한다.#@문장구분# 하지만 여경이라는 이유로 힘이 세지 않아서 제압을 하지 못한다면 그건 경찰을 할 자격이 없는 것이다.#@문장구분#\n이럴땐 어떻게 해야할까?라는 생각을 하였다.#@문장구분# 경찰시험을 볼 때 여성의 합격 비율을 정해놓는다면 그건 남성을 차별하는 것이고, 경찰시험을 볼 때 남녀가 같은 기준을 놓고 시험을 본다면 그건 여성을 차별하는 것이라고 생각이 들기 때문이다.#@문장구분# \n그래서 나는 경찰시험을 볼 때 여성들만의 기준이 있으면 좋겠다고 생각한다.#@문장구분# 남자와 여자의 기준을 다르게 하는 것이다.#@문장구분#그렇다면 체급차이로 인해 여성들이 차별받는다는 말이 없을 것이라고 생각한다.#@문장구분# 그리고 경찰시험에서 여성들의 기준을 누군가를 제압 할 정도의 무력을 행사할 수 있는 정도이어야 한다고 생각한다.#@문장구분# 그렇다면 여경이어도 시민들을 지켜줄 수 있을 것이다.#@문장구분# 물론 그정도까지가 되려면 남성보다 체력적으로 더 많은 노력을 할 수 있다.#@문장구분# 하지만 경찰이라는 직업이 시민을 지키는 존재임으로 누군가를 제압도 못 할 정도인데 경찰을 되고 싶어하는 사람들이 문제라고 생각한다.#@문장구분#\n내가 제시한 방법대로 한다면 여경에 대한 남녀 갈등이 조금은 해결되지 않을까라는 생각을 한다.#@문장구분#",
      "paragraph_len": 1381,
      "paragraph_id": "001"
    }
  ],
  "score": {
    "paragraph_score": [
      {
        "paragraph_scoreT": [
          3,
          2.4,
          2.8
        ],
        "paragraph_scoreT_detail": {
          "paragraph_scoreT_exp": [
            [
              3,
              3,
              3
            ],
            [
              2,
              2,
              3
            ],
            [
              2,
              3,
              3
            ]
          ]
        },
        "paragraph_scoreT_avg": 2.7333333,
        "paragraph_id": "001"
      }
    ],
    "essay_scoreT": [
      30,
      27,
      27.6
    ],
    "essay_scoreT_avg": 28.199999,
    "essay_scoreT_detail": {
      "essay_scoreT_org": [
        [
          3,
          0,
          3,
          3
        ],
        [
          3,
          0,
          3,
          3
        ],
        [
          2,
          0,
          3,
          3
        ]
      ],
      "essay_scoreT_cont": [
        [
          3,
          3,
          3,
          3
        ],
        [
          2,
          3,
          3,
          3
        ],
        [
          3,
          3,
          3,
          3
        ]
      ],
      "essay_scoreT_exp": [
        [
          3,
          3,
          3
        ],
        [
          2,
          2,
          3
        ],
        [
          2,
          3,
          3
        ]
      ]
    }
  },
  "student": {
    "date": "2021.12.09",
    "student_educated": true,
    "student_grade": "고등_1학년",
    "location": "063",
    "student_grade_group": "고등",
    "student_reading": 1
  },
  "rubric": {
    "essay_grade": "고등_1학년",
    "organization_weight": {
      "org_paragraph": 0,
      "org": 3,
      "org_essay": 6,
      "org_coherence": 3,
      "org_quantity": 1
    },
    "essay_type": "대안제시",
    "content_weight": {
      "con_clearance": 3,
      "con_novelty": 3,
      "con": 4,
      "con_prompt": 1,
      "con_description": 3
    },
    "essay_main_subject": "남녀 갈등 해결 방안",
    "expression_weight": {
      "exp_style": 4,
      "exp_grammar": 2,
      "exp_vocab": 4,
      "exp": 3
    }
  },
  "correction": [],
  "info": {
    "essay_id": "ESSAY_61695",
    "essay_prompt": " 남녀 갈등은 최근 우리 사회에서 가장 뜨거운 이슈 중 하나입니다. 이러한 갈등은 아직 간극을 좁히지 못하고 현재 사회적인 문제로 자리 잡았습니다.\n\n 군 가산점 문제, 일자리 문제 등 여러 가지 비교 자료들을 토대로 토론을 하고 이를 통해 갈등을 해결하고자 하는 노력이 이루어지고 있습니다.\n\n 과거에는 성차별 심했던 시기가 있었습니다. 여자와 남자를 구별 지어 일을 주는 경우도 많았습니다. 하지만, 현재는 여자와 남자라는 성별을 떠나서 나이, 국적을 불문하고 모두에게 평등한 기회를 주기 위해 노력하고 있습니다.\n\n 이렇게 모두의 노력에도 불구하고 아직 해결되지 않았거나 해결될 기미가 보이지 않는 양성평등 문제가 있을까요?\n\n 아주 작은 사소한 일이라도 좋습니다. 여러분이 생각하는 우리 주변의 양성평등 문제를 하나 작성해보고 어떻게 해결할 수 있을지 혹은 무엇이 바뀌어야 해결될 것 같은지 본인의 생각을 설명해주세요. ",
    "essay_type": "대안제시",
    "essay_level": "1",
    "essay_len": 982,
    "essay_main_subject": "남녀 갈등 해결 방안"
  }
}