{
  "paragraph": [
    {
      "paragraph_txt": "남녀 성차별 문제를 해결하기 위해서는 사회집단 전체의 노력이 필요하다.#@문장구분# 정부적 차원, 사회적 차원, 개인적 차원으로 해결방안을 세분화 시켜 성차별을 확실히 예방하는 것이 중요하다.#@문장구분# 우선 첫 번째, 정부적 차원으로는 정부가 성평든 관련 법규 및 제도를 만들어 일상에서 일어나는 차별이나 발언을 제지하여야 하며, 군대에 대한 비리를 바로 잡아야한다.#@문장구분# 요즘 이슈가 되고 있는 \"여성 징병제\"에 대한 남성들의 찬성이 늘어나고 있는 추세이기 때문에 이 제도에 대한 결정을 하루 빨리 정부에서 발표하여 남녀 각자의 부담을 조금이나마 덜었으면 한다.#@문장구분# 두 번째, 사회적 차원에서는 직장 내 불평등을 완화시키고 고용차별관행을 철폐 시켜야 한다.#@문장구분# 특히 남녀임금차별은 우리 사회에 너무나도 흔히 보이는 사례들이기 때문에 이러한 비리가 일어나지 않도록 정직한 태도로 서로를 대하여야 한다.#@문장구분# 또한 캠페인을 실시하여 사람들의 인식을 개선하는 방안도 효과적일 것이다.#@문장구분# 학생들에게는 10대에 공감이 될 만한 사례들을 찾아 마음을 동요 시키거나, 어린이들에게는 주변 사물이나 생물에 대한 접근으로 성차별을 이해 시키는 것이 좋은 방안이 될 것이다.#@문장구분# 성차별 예방 교육을 통해 잘 몰랐던 성차별에 대한 개념을 다시 배우며 교에 대한 효과를 끌어낼 수 있는 좋은 기회라고 본다.#@문장구분# 마지막, 세 번째 개인적 차원으로는 다른 성별에 대한 정확한 이해와 존중이 필요하고, 이를 끌어내려면 사회 속에서 부딪히는 문제들을 자연스레 받아들이며 해결하려는 자세도 중요하다.#@문장구분# 또 남자와 여자를 성이 아닌 그저 하나의 인간이라고 포용할 수 있는 태도가 필요할 것이며 이를 통해 별이 아닌 인품과 능력으로 사람을 판단하는 능력을 길러야 할 것이다.#@문장구분# 아울러 주변에서 성차별에 관한 가해나 피해를 겪었을 때에는 옆에서 정확하고 냉정한 조언이나 도움을 주는 것이 우리 사회에서 성평등을 실천할 수 있는 자신의 노력일 것이다.#@문장구분# 개인과 집단 모두 올바른 성평등에 대한 인식을 확실히 길렀으면 한다.#@문장구분#",
      "paragraph_len": 1230,
      "paragraph_id": "001"
    }
  ],
  "score": {
    "paragraph_score": [
      {
        "paragraph_scoreT": [
          3,
          3,
          3
        ],
        "paragraph_scoreT_detail": {
          "paragraph_scoreT_exp": [
            [
              3,
              3,
              3
            ],
            [
              3,
              3,
              3
            ],
            [
              3,
              3,
              3
            ]
          ]
        },
        "paragraph_scoreT_avg": 3,
        "paragraph_id": "001"
      }
    ],
    "essay_scoreT": [
      26.7,
      27.900002,
      30
    ],
    "essay_scoreT_avg": 28.200003,
    "essay_scoreT_detail": {
      "essay_scoreT_org": [
        [
          3,
          0,
          2,
          3
        ],
        [
          3,
          0,
          2,
          3
        ],
        [
          3,
          0,
          3,
          3
        ]
      ],
      "essay_scoreT_cont": [
        [
          3,
          2,
          3,
          2
        ],
        [
          3,
          2,
          3,
          3
        ],
        [
          3,
          3,
          3,
          3
        ]
      ],
      "essay_scoreT_exp": [
        [
          3,
          3,
          3
        ],
        [
          3,
          3,
          3
        ],
        [
          3,
          3,
          3
        ]
      ]
    }
  },
  "student": {
    "date": "2021.12.07",
    "student_educated": true,
    "student_grade": "고등_1학년",
    "location": "063",
    "student_grade_group": "고등",
    "student_reading": 2
  },
  "rubric": {
    "essay_grade": "고등_1학년",
    "organization_weight": {
      "org_paragraph": 0,
      "org": 3,
      "org_essay": 6,
      "org_coherence": 3,
      "org_quantity": 1
    },
    "essay_type": "대안제시",
    "content_weight": {
      "con_clearance": 3,
      "con_novelty": 3,
      "con": 4,
      "con_prompt": 1,
      "con_description": 3
    },
    "essay_main_subject": "남녀 갈등 해결 방안",
    "expression_weight": {
      "exp_style": 4,
      "exp_grammar": 2,
      "exp_vocab": 4,
      "exp": 3
    }
  },
  "correction": [],
  "info": {
    "essay_id": "ESSAY_57113",
    "essay_prompt": " 남녀 갈등은 최근 우리 사회에서 가장 뜨거운 이슈 중 하나입니다. 이러한 갈등은 아직 간극을 좁히지 못하고 현재 사회적인 문제로 자리 잡았습니다.\n\n 군 가산점 문제, 일자리 문제 등 여러 가지 비교 자료들을 토대로 토론을 하고 이를 통해 갈등을 해결하고자 하는 노력이 이루어지고 있습니다.\n\n 과거에는 성차별 심했던 시기가 있었습니다. 여자와 남자를 구별 지어 일을 주는 경우도 많았습니다. 하지만, 현재는 여자와 남자라는 성별을 떠나서 나이, 국적을 불문하고 모두에게 평등한 기회를 주기 위해 노력하고 있습니다.\n\n 이렇게 모두의 노력에도 불구하고 아직 해결되지 않았거나 해결될 기미가 보이지 않는 양성평등 문제가 있을까요?\n\n 아주 작은 사소한 일이라도 좋습니다. 여러분이 생각하는 우리 주변의 양성평등 문제를 하나 작성해보고 어떻게 해결할 수 있을지 혹은 무엇이 바뀌어야 해결될 것 같은지 본인의 생각을 설명해주세요. ",
    "essay_type": "대안제시",
    "essay_level": "1",
    "essay_len": 971,
    "essay_main_subject": "남녀 갈등 해결 방안"
  }
}