{
  "paragraph": [
    {
      "paragraph_txt": "우리가 생각하는 보통의 혐오시설이라 함은 쓰레기 소각장, 납골당, 화장터, 심지어 장애인 시설들을 생각합니다.#@문장구분# 우리가 혐오시설이라 생각하지 않는 시설들도 법령으로 규정하면 혐오시설로 분류되고는 하는데 학교도 권익에 대한 우려로 혐오시설에 속합니다.#@문장구분# 이게 왜 혐오시설이지 싶은 시설들 중에서 제가 선택하게 된 혐오시설은 교도소, 공장, 쓰레기 소각장, 특수학교입니다.#@문장구분# 교도소는 교도소 주변에 거주하시는 분들에게 공포감을 조성하고 공장은 기계가 돌아가는 소리로 고통을 주며 새어 나오는 냄새나 연기들로 쾌적성을 훼손합니다.#@문장구분# 그리고 쓰레기 소각장은 지나가는 사람들이나 거주하는 사람들 모두의 쾌적성을 훼손하며 특수학교는 우리와 너무나도 다른 사람들로부터 공포를 느끼거나 고통을 받고는 합니다.#@문장구분# 혐오시설에서 일하거나 머무는 사람들은 사회로부터 소외되거나 일반 사람들과 같은 시선을 받지 못합니다.#@문장구분# 그러나 사회는 더불어 살아가는 세상이기에 이 혐오시설들이 없다면 사회에서는 문제가 끊임없이 나오고 사회로부터 소외된 사람들이 억울함을 느끼며 싸움이 일어날 수도 있습니다.#@문장구분# 그리고 혐오시설이라 꼽히는 건물들이 사라진다면 원래 그곳에 있어야 할 사람들이 사라지고 여러 난관에 봉착해 경제를 굴러가게 하는 것이 어려워질 것입니다.#@문장구분# 혐오시설은 누군가의 직장이자, 누군가의 버팀목입니다.#@문장구분# 동등한 대우를 해주지 않을 거라면 혐오시설이 있어야 하는 게 맞습니다.#@문장구분# 특수학교가 없다면 장애가 있는 사람들은 교육과 학교가 없어 자기가 하고 싶은 일을 포기하게 될지도 모릅니다.#@문장구분# 실제로 특수학교가 적어 일반 학교에 다니는 특수학교 학생들과 학부모님들과 일반학교에 다니는 학생들과 학부모님들이 대립을 하는 일도 있었다고 합니다.#@문장구분# 이렇게 우리에게 많은 도움을 주고 많은 영향을 끼치는 혐오시설을 건설하는 것에 대해 서로 한 발짝씩 이해하는 것은 어떨까요?#@문장구분#",
      "paragraph_len": 1167,
      "paragraph_id": "001"
    }
  ],
  "score": {
    "paragraph_score": [
      {
        "paragraph_scoreT": [
          2.6,
          2.6,
          3
        ],
        "paragraph_scoreT_detail": {
          "paragraph_scoreT_exp": [
            [
              3,
              3,
              2
            ],
            [
              3,
              3,
              2
            ],
            [
              3,
              3,
              3
            ]
          ]
        },
        "paragraph_scoreT_avg": 2.7333333,
        "paragraph_id": "001"
      }
    ],
    "essay_scoreT": [
      27.599998,
      28.4,
      30
    ],
    "essay_scoreT_avg": 28.666666,
    "essay_scoreT_detail": {
      "essay_scoreT_org": [
        [
          3,
          0,
          3,
          3
        ],
        [
          3,
          0,
          3,
          3
        ],
        [
          3,
          0,
          3,
          3
        ]
      ],
      "essay_scoreT_cont": [
        [
          3,
          2,
          3,
          3
        ],
        [
          3,
          3,
          2,
          3
        ],
        [
          3,
          3,
          3,
          3
        ]
      ],
      "essay_scoreT_exp": [
        [
          3,
          3,
          2
        ],
        [
          3,
          3,
          2
        ],
        [
          3,
          3,
          3
        ]
      ]
    }
  },
  "student": {
    "date": "2021.12.13",
    "student_educated": true,
    "student_grade": "고등_1학년",
    "location": "063",
    "student_grade_group": "고등",
    "student_reading": 2
  },
  "rubric": {
    "essay_grade": "고등_1학년",
    "organization_weight": {
      "org_paragraph": 0,
      "org": 3,
      "org_essay": 6,
      "org_coherence": 3,
      "org_quantity": 1
    },
    "essay_type": "대안제시",
    "content_weight": {
      "con_clearance": 3,
      "con_novelty": 3,
      "con": 4,
      "con_prompt": 1,
      "con_description": 3
    },
    "essay_main_subject": "혐오시설 건설문제에 대한 본인의 생각",
    "expression_weight": {
      "exp_style": 4,
      "exp_grammar": 2,
      "exp_vocab": 4,
      "exp": 3
    }
  },
  "correction": [],
  "info": {
    "essay_id": "ESSAY_63045",
    "essay_prompt": " 혐오 시설이란 지역 주민에게 공포감이나 고통을 주거나, 주변 지역의 쾌적성이 훼손됨으로써 집값이나 땅값이 내려가는 등 부정적인 외부효과를 유발하는 시설을 의미합니다.\n\n 대표적인 혐오 시설에는 쓰레기 매립장, 원자력발전소, 소각장, 유류저장소 등이 있습니다.\n\n 매립지, 소각장, 쓰레기 하치장 같은 혐오 시설은 그리 위험하지는 않지만, 쓰레기를 취급한다는 점에서 혐오감을 주며, 주변 환경오염 문제가 갈등을 일으킵니다. 특히 소각장은 인구밀도가 높은 대도시에 건설된다는 점에서 반대 운동이 일기도 합니다.\n\n 그런데 서로 반대만 하다 보면 입지를 찾지 못해 결국 모든 주민의 삶의 질이 저하될 수 있습니다.\n\n 정부 차원에서 가장 적절한 장소를 선별하여 건설 후 주변 사람들에게 혜택을 주는 방식이 적절한 방법일까요? 아니면 혐오 시설만을 모아둔 부지를 따로 정해서 건설해야 할까요? 아니면 모든 도시가 공평하게 혐오 시설 건설에 대한 부담을 지니고 하나씩 건설해야 할까요?\n\n 모두가 만족할만한 결과를 내기란 정말 어려운 문제이지만 여러분이 생각하는 가장 합리적이고 좋은 방법을 생각해보세요. 그리고 그 방법을 대안으로 제시하고 그 근거에 대해 작성해주세요.",
    "essay_type": "대안제시",
    "essay_level": "1",
    "essay_len": 907,
    "essay_main_subject": "혐오시설 건설문제에 대한 본인의 생각"
  }
}