{
  "paragraph": [
    {
      "paragraph_txt": "예전부터 계속 혐오시설의 건설로 인해 많은 주민들이 피해를 입게된다 주민들이 계속 피해를 입게되면 불만을 품어 시청에 항의를 넣거나 시위나 운동등으로 또 한창 시끄러워질 것이다#@문장구분# 그렇기에 사회문제중 해결해야할 문제중 하나이다.#@문장구분# 이를 해결하기 위해선 첫 번째로 혐오시설을 제거하여 재건축 시키는 것이다.#@문장구분# 물론 다 제거하라는 것이 아니라 아직까지도 혐오시설로 피해를 보고있는 지역에 한해서이다.#@문장구분# 별로 쓰이지도 않고 냄새나 발암물질만 풍기는 혐오시설을 제거해 친환경적인 작은 쉼터나 건물을 지어 피해를 입었던 주민들을 위해 쾌적하고 원활한 장소까지 주어 일석이조로 불만과 문제들을 해결할수 있다.#@문장구분# 두 번째로 하수찌꺼기등을 포함하는 혐오수반시설을 지하에다 건설하는 것이다.#@문장구분# 더러운 액체나 하수찌꺼기등들을 주민들이 사는 지역에 있는 혐오시설로 버리는 경우가 많은데 이는 다른 혐오시설보다 더럽고 혹시모를 방사는 오염이 될 수 있어 훨씬 위험하다.#@문장구분# 그렇기에 주민들이 냄새 맡을수도 없고 다가가기도 어려운 지하에 설치하는 것이다.#@문장구분# 지금도 그런 혐오시설이 지하에 있는 것도 있긴 하지만 나는 거의 모든 하수찌꺼기등을 포함하는 혐오시설이 지하에 개설,건설 되었으면 하는 바램이다.#@문장구분# 세 번째로 냄새를 방지 시키거나 혐오시설을 관리하는 환경미화원들을 늘리는 방법이다.#@문장구분# 냄새를 방지하여 조금이나마 주민들의 불만을 없애고 환경미화원들로 혐오시설 주변을 청소하며 주민들이 더 화내지 않도록 하며 혐오시설에서 발암물질 같은 위험한 물질들이 나오지 않도록 주변환경을 쾌적하도록 줄이기 위해서 냄새 방지나 환경미화원들의 노력으로 이 문제를 조금이나마 해결하였으면 좋겠다.#@문장구분#",
      "paragraph_len": 1025,
      "paragraph_id": "001"
    }
  ],
  "score": {
    "paragraph_score": [
      {
        "paragraph_scoreT": [
          3,
          3,
          3
        ],
        "paragraph_scoreT_detail": {
          "paragraph_scoreT_exp": [
            [
              3,
              3,
              3
            ],
            [
              3,
              3,
              3
            ],
            [
              3,
              3,
              3
            ]
          ]
        },
        "paragraph_scoreT_avg": 3,
        "paragraph_id": "001"
      }
    ],
    "essay_scoreT": [
      26.3,
      26.7,
      25.400002
    ],
    "essay_scoreT_avg": 26.133333,
    "essay_scoreT_detail": {
      "essay_scoreT_org": [
        [
          2,
          0,
          3,
          2
        ],
        [
          2,
          0,
          3,
          2
        ],
        [
          2,
          0,
          3,
          3
        ]
      ],
      "essay_scoreT_cont": [
        [
          2,
          3,
          2,
          3
        ],
        [
          3,
          2,
          3,
          3
        ],
        [
          3,
          2,
          2,
          2
        ]
      ],
      "essay_scoreT_exp": [
        [
          3,
          3,
          3
        ],
        [
          3,
          3,
          3
        ],
        [
          3,
          3,
          3
        ]
      ]
    }
  },
  "student": {
    "date": "2020.07.08",
    "student_educated": true,
    "student_grade": "고등_1학년",
    "location": "051",
    "student_grade_group": "고등",
    "student_reading": 1
  },
  "rubric": {
    "essay_grade": "고등_1학년",
    "organization_weight": {
      "org_paragraph": 0,
      "org": 3,
      "org_essay": 6,
      "org_coherence": 3,
      "org_quantity": 1
    },
    "essay_type": "대안제시",
    "content_weight": {
      "con_clearance": 3,
      "con_novelty": 3,
      "con": 4,
      "con_prompt": 1,
      "con_description": 3
    },
    "essay_main_subject": "혐오시설 건설문제에 대한 본인의 생각",
    "expression_weight": {
      "exp_style": 4,
      "exp_grammar": 2,
      "exp_vocab": 4,
      "exp": 3
    }
  },
  "correction": [],
  "info": {
    "essay_id": "ESSAY_33936",
    "essay_prompt": " 혐오 시설이란 지역 주민에게 공포감이나 고통을 주거나, 주변 지역의 쾌적성이 훼손됨으로써 집값이나 땅값이 내려가는 등 부정적인 외부효과를 유발하는 시설을 의미합니다.\n\n 대표적인 혐오 시설에는 쓰레기 매립장, 원자력발전소, 소각장, 유류저장소 등이 있습니다.\n\n 매립지, 소각장, 쓰레기 하치장 같은 혐오 시설은 그리 위험하지는 않지만, 쓰레기를 취급한다는 점에서 혐오감을 주며, 주변 환경오염 문제가 갈등을 일으킵니다. 특히 소각장은 인구밀도가 높은 대도시에 건설된다는 점에서 반대 운동이 일기도 합니다.\n\n 그런데 서로 반대만 하다 보면 입지를 찾지 못해 결국 모든 주민의 삶의 질이 저하될 수 있습니다.\n\n 정부 차원에서 가장 적절한 장소를 선별하여 건설 후 주변 사람들에게 혜택을 주는 방식이 적절한 방법일까요? 아니면 혐오 시설만을 모아둔 부지를 따로 정해서 건설해야 할까요? 아니면 모든 도시가 공평하게 혐오 시설 건설에 대한 부담을 지니고 하나씩 건설해야 할까요?\n\n 모두가 만족할만한 결과를 내기란 정말 어려운 문제이지만 여러분이 생각하는 가장 합리적이고 좋은 방법을 생각해보세요. 그리고 그 방법을 대안으로 제시하고 그 근거에 대해 작성해주세요.",
    "essay_type": "대안제시",
    "essay_level": "1",
    "essay_len": 806,
    "essay_main_subject": "혐오시설 건설문제에 대한 본인의 생각"
  }
}