{
  "paragraph": [
    {
      "paragraph_txt": "sns발달로인한 sns를 통한 남녀갈등은 순간순간 감정에 의해 생기는 경우가 많기 때문에 기본 에티켓 정도만 지켜도 갈등을 줄일수 있을것이다.#@문장구분# 둘째,혐오발언은 자신에게 돌아온다는 것을 알아야한다.#@문장구분# 혐오발언을 들은 상대는 당연히 그 사람에게도 혐오발언을 할 것이다.#@문장구분# 그렇다 보면 감정이 고조되어 갈등이 발생한다.#@문장구분# 같은 남혐, 여혐과 같은 사회 문제는 성 갈등의 문제와 같다고 할 수 있는데 이는 성 평등이 이루어지면 위와 같은 문제가 해결 될 수 있음을 의미합니다.#@문장구분# 자신의 기분과 상대의 기분을 위해서라도 혐오발언은 하지 말아야 한다.#@문장구분# sns에서의 싸움은 의미없는 싸움일 뿐이다.#@문장구분# 그 누가 서로 익명을 띄며 싸우는 곳에 사회적 능력을 행사할 것인가.#@문장구분# 서로 싸우기만 하고 헐뜯기 바쁜 곳을?#@문장구분# 갈등을 해결할수 있는 사회적 능력이 있는 사람들은 자신의 의견을 표현해야 할 곳을 안다.#@문장구분# 또 정부와 정부기관에서는 위와 같은 사회 문제를 해결하기 위한 성평등과 관련된 제도를 마련해야합니다.#@문장구분# 현 정부기관인 여가부는 여성부를 넘어 가족부터 노인, 아동 성폭력등을 해결하기 위한 방안을 마련하고 이러한 문제가 생기지 않도록하는 활동을 이어나가고 있습니다.#@문장구분# 하지만, 그런 성평등과 같은 문제를 여성끼리 논의하여 정한다는 모순이 있습니다.#@문장구분# 보다 형평성이 있는 제도를 마련하기 위해서는 여성인권기관만 관여할 것이 아니라 여성인권기관과 남성인권기관이 같이 풀어가며 해결해야합니다.#@문장구분# 또 여성에게 이로운 법안이 나왔을 경우 남성에게 이로운 법안도 제시하는 것과 같은 차별이 생기지 않도록 하는 방법도 있습니다.#@문장구분# 고용차별, 직장 내 불평등과 같은 관행을 철폐하고 여성이 인권을 보장 받을 수 있도록 사회적 제도를 보완해야하며 여성이 임신, 출산, 수요 등과 같은 사유로써 불이익을 받지 않도록 여성이 권익이 보장되어야 합니다.#@문장구분#",
      "paragraph_len": 1214,
      "paragraph_id": "001"
    }
  ],
  "score": {
    "paragraph_score": [
      {
        "paragraph_scoreT": [
          3,
          3,
          2.8
        ],
        "paragraph_scoreT_detail": {
          "paragraph_scoreT_exp": [
            [
              3,
              3,
              3
            ],
            [
              3,
              3,
              3
            ],
            [
              2,
              3,
              3
            ]
          ]
        },
        "paragraph_scoreT_avg": 2.9333334,
        "paragraph_id": "001"
      }
    ],
    "essay_scoreT": [
      28.8,
      28.8,
      29.4
    ],
    "essay_scoreT_avg": 29,
    "essay_scoreT_detail": {
      "essay_scoreT_org": [
        [
          3,
          0,
          3,
          3
        ],
        [
          3,
          0,
          3,
          3
        ],
        [
          3,
          0,
          3,
          3
        ]
      ],
      "essay_scoreT_cont": [
        [
          3,
          2,
          3,
          3
        ],
        [
          3,
          2,
          3,
          3
        ],
        [
          3,
          3,
          3,
          3
        ]
      ],
      "essay_scoreT_exp": [
        [
          3,
          3,
          3
        ],
        [
          3,
          3,
          3
        ],
        [
          2,
          3,
          3
        ]
      ]
    }
  },
  "student": {
    "date": "2021.12.07",
    "student_educated": true,
    "student_grade": "고등_1학년",
    "location": "063",
    "student_grade_group": "고등",
    "student_reading": 1
  },
  "rubric": {
    "essay_grade": "고등_1학년",
    "organization_weight": {
      "org_paragraph": 0,
      "org": 3,
      "org_essay": 6,
      "org_coherence": 3,
      "org_quantity": 1
    },
    "essay_type": "대안제시",
    "content_weight": {
      "con_clearance": 3,
      "con_novelty": 3,
      "con": 4,
      "con_prompt": 1,
      "con_description": 3
    },
    "essay_main_subject": "남녀 갈등 해결 방안",
    "expression_weight": {
      "exp_style": 4,
      "exp_grammar": 2,
      "exp_vocab": 4,
      "exp": 3
    }
  },
  "correction": [],
  "info": {
    "essay_id": "ESSAY_57121",
    "essay_prompt": " 남녀 갈등은 최근 우리 사회에서 가장 뜨거운 이슈 중 하나입니다. 이러한 갈등은 아직 간극을 좁히지 못하고 현재 사회적인 문제로 자리 잡았습니다.\n\n 군 가산점 문제, 일자리 문제 등 여러 가지 비교 자료들을 토대로 토론을 하고 이를 통해 갈등을 해결하고자 하는 노력이 이루어지고 있습니다.\n\n 과거에는 성차별 심했던 시기가 있었습니다. 여자와 남자를 구별 지어 일을 주는 경우도 많았습니다. 하지만, 현재는 여자와 남자라는 성별을 떠나서 나이, 국적을 불문하고 모두에게 평등한 기회를 주기 위해 노력하고 있습니다.\n\n 이렇게 모두의 노력에도 불구하고 아직 해결되지 않았거나 해결될 기미가 보이지 않는 양성평등 문제가 있을까요?\n\n 아주 작은 사소한 일이라도 좋습니다. 여러분이 생각하는 우리 주변의 양성평등 문제를 하나 작성해보고 어떻게 해결할 수 있을지 혹은 무엇이 바뀌어야 해결될 것 같은지 본인의 생각을 설명해주세요. ",
    "essay_type": "대안제시",
    "essay_level": "1",
    "essay_len": 894,
    "essay_main_subject": "남녀 갈등 해결 방안"
  }
}