{
  "paragraph": [
    {
      "paragraph_txt": "'성차별'이란 인간의 '권리'를 차별하는 것으로 인간의 권리와 인격을 침해하고, 심지어 인간의 능력과 희망을 없애기도 한다.#@문장구분# 하지만 무조건 성차별이 옳지 않다고 볼 수도 없다. #@문장구분#왜냐하면 남, 녀는 신체적인 조건도 다르고, 여자만 출산, 임신을 할 수 있고, 각자 가진 힘도 다르기 때문이다.#@문장구분# 하지만 이런 점을 제외한 각자의 능력을 따져서 하나하나 차별하는 것은 엄연히 '성차별'이라고 할 수 있다.#@문장구분# 이러한 '성차별'이 우리 사회에 나타나면서 타인의 억압과 야유 때문에 그 꿈에 대해 좌절하기도 한다.#@문장구분# 우리 주위를 살펴보면 '성차별'에 관한 내용들이 매우 많다.#@문장구분# '성차별'을 없애기 위해서는 우선 '성차별'이 이루어지는 환경을 없애야 한다고 생각한다.#@문장구분# 사람들은 어떤 환경에 계속 접하다 보면 그 환경에 익숙해지게 된다.#@문장구분# 그러면 '성차별'과 같은 시각, 고정관념 등이 만들어지게 되는 것이다.#@문장구분# 그러므로 우리는 '성차별'이 이루어지는 환경을 바꿔야 한다. #@문장구분#그 중 먼저 우리가 보는'시각'을 바꿔보는 것이 어떨까?#@문장구분# 우리는 대부분 '남자는 남자다운 행동을, 여자는 여자다운 행동을' 이런 생각을 하기도 한다.#@문장구분# 이 생각 때문에 우리는 남, 녀를 보는 시각이 달라지는 것이다. #@문장구분#하지만 그런 생각보다는 각자의 능력을 기준으로 해 바라보는 시각을 바꿔 보면 보다 인간의 '권리'를 덜 침해 할 수 있고, 오히려 그 꿈에 대한 자신감을 얻을 수 있게 될 것이다.#@문장구분# 꼭 남자와 여자가 서로 사랑하고 화합하며 서로 배려해주고 아껴주는 그런 사회가 왔으면 좋을 것 같다.#@문장구분# 나는 남자와 여자가 서로 사랑하고 아껴주며 배려해주는 그런 사회가 올 것이라고 정말 믿어 의심치않는다.#@문장구분#",
      "paragraph_len": 1131,
      "paragraph_id": "001"
    }
  ],
  "score": {
    "paragraph_score": [
      {
        "paragraph_scoreT": [
          3,
          2.8,
          2.8
        ],
        "paragraph_scoreT_detail": {
          "paragraph_scoreT_exp": [
            [
              3,
              3,
              3
            ],
            [
              2,
              3,
              3
            ],
            [
              2,
              3,
              3
            ]
          ]
        },
        "paragraph_scoreT_avg": 2.8666668,
        "paragraph_id": "001"
      }
    ],
    "essay_scoreT": [
      30,
      28.2,
      29.4
    ],
    "essay_scoreT_avg": 29.199999,
    "essay_scoreT_detail": {
      "essay_scoreT_org": [
        [
          3,
          0,
          3,
          3
        ],
        [
          3,
          0,
          3,
          3
        ],
        [
          3,
          0,
          3,
          3
        ]
      ],
      "essay_scoreT_cont": [
        [
          3,
          3,
          3,
          3
        ],
        [
          2,
          3,
          3,
          3
        ],
        [
          3,
          3,
          3,
          3
        ]
      ],
      "essay_scoreT_exp": [
        [
          3,
          3,
          3
        ],
        [
          2,
          3,
          3
        ],
        [
          2,
          3,
          3
        ]
      ]
    }
  },
  "student": {
    "date": "2021.12.13",
    "student_educated": true,
    "student_grade": "고등_1학년",
    "location": "063",
    "student_grade_group": "고등",
    "student_reading": 2
  },
  "rubric": {
    "essay_grade": "고등_1학년",
    "organization_weight": {
      "org_paragraph": 0,
      "org": 3,
      "org_essay": 6,
      "org_coherence": 3,
      "org_quantity": 1
    },
    "essay_type": "대안제시",
    "content_weight": {
      "con_clearance": 3,
      "con_novelty": 3,
      "con": 4,
      "con_prompt": 1,
      "con_description": 3
    },
    "essay_main_subject": "남녀 갈등 해결 방안",
    "expression_weight": {
      "exp_style": 4,
      "exp_grammar": 2,
      "exp_vocab": 4,
      "exp": 3
    }
  },
  "correction": [],
  "info": {
    "essay_id": "ESSAY_62096",
    "essay_prompt": " 남녀 갈등은 최근 우리 사회에서 가장 뜨거운 이슈 중 하나입니다. 이러한 갈등은 아직 간극을 좁히지 못하고 현재 사회적인 문제로 자리 잡았습니다.\n\n 군 가산점 문제, 일자리 문제 등 여러 가지 비교 자료들을 토대로 토론을 하고 이를 통해 갈등을 해결하고자 하는 노력이 이루어지고 있습니다.\n\n 과거에는 성차별 심했던 시기가 있었습니다. 여자와 남자를 구별 지어 일을 주는 경우도 많았습니다. 하지만, 현재는 여자와 남자라는 성별을 떠나서 나이, 국적을 불문하고 모두에게 평등한 기회를 주기 위해 노력하고 있습니다.\n\n 이렇게 모두의 노력에도 불구하고 아직 해결되지 않았거나 해결될 기미가 보이지 않는 양성평등 문제가 있을까요?\n\n 아주 작은 사소한 일이라도 좋습니다. 여러분이 생각하는 우리 주변의 양성평등 문제를 하나 작성해보고 어떻게 해결할 수 있을지 혹은 무엇이 바뀌어야 해결될 것 같은지 본인의 생각을 설명해주세요. ",
    "essay_type": "대안제시",
    "essay_level": "1",
    "essay_len": 811,
    "essay_main_subject": "남녀 갈등 해결 방안"
  }
}