{
  "paragraph": [
    {
      "paragraph_txt": "남녀 갈등은 인류가 발전 함에 따라 더욱더 심화 되어가고 있다.#@문장구분# 과거 조선시대를 예를 들면 대표적으로 유교적인 사회를 바탕으로 가부장적이고 남성 우월주의의 가치관이 자리잡고 있었는데 근대 사회로 넘어가게 되고 나라를 빼앗기게 되면서 민주주의의 사상이 자리잡게 되는 과정에서 여성의 자유와 평등 또한 중요시 되어가는 사회로 바뀌게 되었다.#@문장구분# 어찌보면 나라의 발전과 더불어 무조건 따라오게 되는게 옛 풍습의 비판적 시선과 여성차별에 대한 개선방안이다.#@문장구분# 옛날 사람들의 고정관념은 바뀌기 쉽지 않을 수 있다.#@문장구분# 하지만 나의 입장에서 생각해보면 나는 남성우월적인 시대가 아닌 남녀 평등 사회에 태어나 남녀평등이 이루어져 조화를 이워야 하는 시기에 태어난 것이다.#@문장구분# 나는 조선시대 처럼 가부장적이고 남녀 차별이 있던 사회를 살아오지 않았고 단지 과거 사람들의 고정관념으로 인해 남녀의 갈등이 생겨나 사회적과 정신적으로 피해를 보고있는 것과 같은 기분이다.#@문장구분# 또한 뉴스나 기사에서 조두순과 같은 성범죄자 처럼 극히 일부의 정신적 문제가 있는 남성들 혹은 여성들로 인해 대한민국의 남성들 혹은 여성들이 피해를 보지 않아야 된다고 생각한다.#@문장구분# 최근 생겨난 단어 중에 한국 남자를 비하하는 , 여성을 비하하는  등의 단어가 생겨난 이유 또한 마찬가지 인 것이다.#@문장구분# 남녀의 인권이 더욱 존중됨에 따라 사람들은 더 많은 것을 원해하고 그것을 얻기위해 서로 경쟁하는 사회로 바뀌는 것은 옳지 않은 일이다.#@문장구분# 결론적으로 남녀는 서로 자신만의 능력과 노력을 통해 평등한 존재로써 살아가야 된다고 생각한다.#@문장구분# 과거에 남자만 하던일 여자만 하던일 등의 차별적인 태도나 가치관을 옳바르게 판단하고 발전해 나아 가야되며 고정관념을 깨고 서로 상고상조 하며 나아갈 수 있는 사회가 되어야 한다.#@문장구분# 여자는 목소리가 크면 안된다, 남자는 울면 안된다, 여자는 집안일, 남자는 바깥일 등등 이제는 모두 사라져가야 한다.#@문장구분# 이런 말들을 따지기엔 더 이상의 발전과 타협이 아닌 둘중 하나의 굴복이 있어야 하고 피해만 커져갈 뿐이다.#@문장구분# 앞서 말한 것과 같이 남녀는 두가지의 생물로 보는 것이 아니라 단 하나의 인간으로 보아야 하고 같은 사회를 살아가는 공동체이기에 서로 타협하고 념녀의 인권이 중시되는 사회로 나아가야 된다.#@문장구분#",
      "paragraph_len": 1402,
      "paragraph_id": "001"
    }
  ],
  "score": {
    "paragraph_score": [
      {
        "paragraph_scoreT": [
          3,
          3,
          3
        ],
        "paragraph_scoreT_detail": {
          "paragraph_scoreT_exp": [
            [
              3,
              3,
              3
            ],
            [
              3,
              3,
              3
            ],
            [
              3,
              3,
              3
            ]
          ]
        },
        "paragraph_scoreT_avg": 3,
        "paragraph_id": "001"
      }
    ],
    "essay_scoreT": [
      30,
      28.8,
      30
    ],
    "essay_scoreT_avg": 29.6,
    "essay_scoreT_detail": {
      "essay_scoreT_org": [
        [
          3,
          0,
          3,
          3
        ],
        [
          3,
          0,
          3,
          3
        ],
        [
          3,
          0,
          3,
          3
        ]
      ],
      "essay_scoreT_cont": [
        [
          3,
          3,
          3,
          3
        ],
        [
          3,
          2,
          3,
          3
        ],
        [
          3,
          3,
          3,
          3
        ]
      ],
      "essay_scoreT_exp": [
        [
          3,
          3,
          3
        ],
        [
          3,
          3,
          3
        ],
        [
          3,
          3,
          3
        ]
      ]
    }
  },
  "student": {
    "date": "2021.10.31",
    "student_educated": true,
    "student_grade": "고등_1학년",
    "location": "063",
    "student_grade_group": "고등",
    "student_reading": 1
  },
  "rubric": {
    "essay_grade": "고등_1학년",
    "organization_weight": {
      "org_paragraph": 0,
      "org": 3,
      "org_essay": 6,
      "org_coherence": 3,
      "org_quantity": 1
    },
    "essay_type": "대안제시",
    "content_weight": {
      "con_clearance": 3,
      "con_novelty": 3,
      "con": 4,
      "con_prompt": 1,
      "con_description": 3
    },
    "essay_main_subject": "남녀 갈등 해결 방안",
    "expression_weight": {
      "exp_style": 4,
      "exp_grammar": 2,
      "exp_vocab": 4,
      "exp": 3
    }
  },
  "correction": [],
  "info": {
    "essay_id": "ESSAY_43930",
    "essay_prompt": " 남녀 갈등은 최근 우리 사회에서 가장 뜨거운 이슈 중 하나입니다. 이러한 갈등은 아직 간극을 좁히지 못하고 현재 사회적인 문제로 자리 잡았습니다.\n\n 군 가산점 문제, 일자리 문제 등 여러 가지 비교 자료들을 토대로 토론을 하고 이를 통해 갈등을 해결하고자 하는 노력이 이루어지고 있습니다.\n\n 과거에는 성차별 심했던 시기가 있었습니다. 여자와 남자를 구별 지어 일을 주는 경우도 많았습니다. 하지만, 현재는 여자와 남자라는 성별을 떠나서 나이, 국적을 불문하고 모두에게 평등한 기회를 주기 위해 노력하고 있습니다.\n\n 이렇게 모두의 노력에도 불구하고 아직 해결되지 않았거나 해결될 기미가 보이지 않는 양성평등 문제가 있을까요?\n\n 아주 작은 사소한 일이라도 좋습니다. 여러분이 생각하는 우리 주변의 양성평등 문제를 하나 작성해보고 어떻게 해결할 수 있을지 혹은 무엇이 바뀌어야 해결될 것 같은지 본인의 생각을 설명해주세요. ",
    "essay_type": "대안제시",
    "essay_level": "1",
    "essay_len": 1101,
    "essay_main_subject": "남녀 갈등 해결 방안"
  }
}