{
  "paragraph": [
    {
      "paragraph_txt": "지금 우리의 가장 큰 문제가 무엇일까? 환경오염, 교통문제, 주거문제 등 많은 문제가 우리 사회에서 일어나고 있다.#@문장구분# 하지만 내가 생각하는 가장 큰 문제는 젠더 갈등.#@문장구분# 즉, 여성과 남성에 대한 혐오표현으로인한 갈등이라고 생각한다.#@문장구분# 환경과 사람의 갈등은 우리 눈에 쉽게 보이고, 심각성을 깨닫고 고쳐야한다는 것을 모두가 아는 반면에, 이런 혐오적인 발언에 대해 심각성조차 깨닫지 못 하고, 자신이 하는 말이 혐오표현이라는 것도 모르는 사람이 많다.#@문장구분# 혐오라고 해서 그저 싫어하는 것을 드러내는 말들이 혐오표현이라고 생각하는 사람도 많을 것이다.#@문장구분# 여성, 남성혐오표현이란, 여성 혹은 남성을 단순히 싫어하는 것이 아니라 어떠한 기준과 편견의 프레임을 씌우는 것을 말한다.#@문장구분# 김치녀, 된장녀, 한남과 같이 \"이러한 행동을 하는 사람을 김치녀, 된장녀, 한남이야.\"라고 하는 것이 혐오표현인 것이다.#@문장구분#",
      "paragraph_len": 579,
      "paragraph_id": "001"
    },
    {
      "paragraph_txt": " 어떤 문제들보다 고치기 힘든 혐오표현을 완화하기 위해서는 크게 개인적 측면과 정부적 측면으로 나눌 수 있다.#@문장구분# 먼저 개인적 측면에서는 서로 입장을 바꾸어 생각해보는 것이다.#@문장구분# 그렇게 생각하다보면 서로를 이해할 수 있을 것이고, 비로소 중립적인 자세를 가질 수 있게 될 것이다.#@문장구분# 정부적 측면에서의 해결방안을 말하기 전에 군복무 중인 여성 중사가 지속적으로 성폭행, 성추행을 당해 자살을 한 사건은 모두가 알 것이다.#@문장구분# 따라서 정부는 우선적으로 이런 군대 비리를 해결해야한다고 생각한다.#@문장구분# 또한 여성이라고 임금을 적게 받거나 남성이라고 짧은 출산휴가를 받아서는 안된다라고 생각한다.#@문장구분# 이런 혐오표현이 줄어들기위해서는 이런 사회부터 바뀌어야한다. #@문장구분#공평한 임금과 출산휴가를 보장 받아야한다.#@문장구분# ",
      "paragraph_len": 539,
      "paragraph_id": "002"
    },
    {
      "paragraph_txt": " 우리는 왜 혐오표현을 쓰는 것일까?#@문장구분# 우리의 무지함이 사회문제로 번지고 있는 사례 중 대표적인 사례이다.#@문장구분# 마지막으로 우리는 모두가 이런 사회적인 성차별과 성편견을 없애도록 힘써야한다.#@문장구분#",
      "paragraph_len": 162,
      "paragraph_id": "003"
    }
  ],
  "score": {
    "paragraph_score": [
      {
        "paragraph_scoreT": [
          3,
          2.8,
          1.6
        ],
        "paragraph_scoreT_detail": {
          "paragraph_scoreT_exp": [
            [
              3,
              3,
              3
            ],
            [
              2,
              3,
              3
            ],
            [
              2,
              1,
              2
            ]
          ]
        },
        "paragraph_scoreT_avg": 2.4666667,
        "paragraph_id": "001"
      },
      {
        "paragraph_scoreT": [
          3,
          2.8,
          1.6
        ],
        "paragraph_scoreT_detail": {
          "paragraph_scoreT_exp": [
            [
              3,
              3,
              3
            ],
            [
              2,
              3,
              3
            ],
            [
              2,
              1,
              2
            ]
          ]
        },
        "paragraph_scoreT_avg": 2.4666667,
        "paragraph_id": "002"
      },
      {
        "paragraph_scoreT": [
          3,
          2.8,
          1.6
        ],
        "paragraph_scoreT_detail": {
          "paragraph_scoreT_exp": [
            [
              3,
              3,
              3
            ],
            [
              2,
              3,
              3
            ],
            [
              2,
              1,
              2
            ]
          ]
        },
        "paragraph_scoreT_avg": 2.4666667,
        "paragraph_id": "003"
      }
    ],
    "essay_scoreT": [
      28.8,
      29.4,
      14.900001
    ],
    "essay_scoreT_avg": 24.366667,
    "essay_scoreT_detail": {
      "essay_scoreT_org": [
        [
          3,
          0,
          3,
          3
        ],
        [
          3,
          0,
          3,
          3
        ],
        [
          1,
          0,
          1,
          2
        ]
      ],
      "essay_scoreT_cont": [
        [
          3,
          2,
          3,
          3
        ],
        [
          3,
          3,
          3,
          3
        ],
        [
          2,
          2,
          2,
          1
        ]
      ],
      "essay_scoreT_exp": [
        [
          3,
          3,
          3
        ],
        [
          2,
          3,
          3
        ],
        [
          2,
          1,
          2
        ]
      ]
    }
  },
  "student": {
    "date": "2021.09.08",
    "student_educated": true,
    "student_grade": "고등_1학년",
    "location": "051",
    "student_grade_group": "고등",
    "student_reading": 2
  },
  "rubric": {
    "essay_grade": "고등_1학년",
    "organization_weight": {
      "org_paragraph": 0,
      "org": 3,
      "org_essay": 6,
      "org_coherence": 3,
      "org_quantity": 1
    },
    "essay_type": "대안제시",
    "content_weight": {
      "con_clearance": 3,
      "con_novelty": 3,
      "con": 4,
      "con_prompt": 1,
      "con_description": 3
    },
    "essay_main_subject": "남녀 갈등 해결 방안",
    "expression_weight": {
      "exp_style": 4,
      "exp_grammar": 2,
      "exp_vocab": 4,
      "exp": 3
    }
  },
  "correction": [],
  "info": {
    "essay_id": "ESSAY_34652",
    "essay_prompt": " 남녀 갈등은 최근 우리 사회에서 가장 뜨거운 이슈 중 하나입니다. 이러한 갈등은 아직 간극을 좁히지 못하고 현재 사회적인 문제로 자리 잡았습니다.\n\n 군 가산점 문제, 일자리 문제 등 여러 가지 비교 자료들을 토대로 토론을 하고 이를 통해 갈등을 해결하고자 하는 노력이 이루어지고 있습니다.\n\n 과거에는 성차별 심했던 시기가 있었습니다. 여자와 남자를 구별 지어 일을 주는 경우도 많았습니다. 하지만, 현재는 여자와 남자라는 성별을 떠나서 나이, 국적을 불문하고 모두에게 평등한 기회를 주기 위해 노력하고 있습니다.\n\n 이렇게 모두의 노력에도 불구하고 아직 해결되지 않았거나 해결될 기미가 보이지 않는 양성평등 문제가 있을까요?\n\n 아주 작은 사소한 일이라도 좋습니다. 여러분이 생각하는 우리 주변의 양성평등 문제를 하나 작성해보고 어떻게 해결할 수 있을지 혹은 무엇이 바뀌어야 해결될 것 같은지 본인의 생각을 설명해주세요. ",
    "essay_type": "대안제시",
    "essay_level": "1",
    "essay_len": 926,
    "essay_main_subject": "남녀 갈등 해결 방안"
  }
}