{
  "paragraph": [
    {
      "paragraph_txt": "동물 보호 센터 설립 부지로 처음 선택한 장소 인근의 주민들이 냄새가 나고, 소음문제가 일어나는 혐오시설 이라며 극구 반대하였다.#@문장구분# 그리하여 고성군에서는 계속해서 설립 부지를 찾고 있지만 올해 안으로 설립을 시작해야 한다고 한다.#@문장구분# 이를 해결할 방법들이 총 4가지가 있다.#@문장구분# 첫째, 가장 좋은 방법인 타협이다.#@문장구분# 군에서는 무조건 올해안에 설립을 시작해야하는 것이고, 주민들의 입장에서는 피해를 입기 때문에 반대하는 상황이다.#@문장구분# 그렇기 때문에 양측에서는 너무 자신들에게 유리한 방안만 요구하지 말고, 양측의 의견을 어느정도 타협할 수 있는 타협점을 찾는 것이다.#@문장구분# 둘째, 적당한 손해배상을 해주는 것이다.#@문장구분# 주민들의 생활 영역안에 동물 보호 센터가 생긴다면 어쩔 수 없는 강아지 짖는 소리와 같은 소음 문제들과 냄새 때문에 불편하고 혐오스러울 수 있다.#@문장구분# 그렇기 때문에 어느 정도의 손해배상을 하여 또 다른 타협점을 찾을 수 있을 것이다.#@문장구분# 셋쩨, 계속해서 타협점을 찾지 못한다면 국가측에서 강제적으로 개입하는 방법도 있다.#@문장구분# 원래 고성군에서 유기동물들을 관리하던 병원이 관리 부실 실태가 밝혀진 이 상황에서 계속해서 이 병원이 관리를 할 없고, 그렇다면 이 유기동물들을 관리해 줄 장소가 없다.#@문장구분# 그렇기 때문에 동물 보호 센터는 무조건 생겨야 한다.#@문장구분# 하지만 계속해서 부지 근처의 주민들이 반대한다면 국가 측에서 강압적으로 할 수 밖에 없다.#@문장구분# 아무리 민주주의 국가이지만 이러한 문제를 해결하기 위해서는 어쩔 수 없다고 생각한다.#@문장구분# 넷째, 가장 기초적인 해결방안으로 동물 보호 센터가 더 이상은 생기지 않도록 키우던 동물들을 길에 버리면 안된다.#@문장구분# 처음에는 열심히 키우며 이뻐하다가 시간이 흘러 키우기 힘들어지면 길에 내다버려 유기동물들이 많이 생긴다.#@문장구분# 이렇게 계속 유기동물들이 늘어나면 동물 보호 센터가 생길 수 밖에 없고 또 주민들과의 갈등이 생길 것이다.#@문장구분# 그렇기 때문에 반려동물과 유기동물에 대해 인식을 바꿀 필요도 있다고 생각한다.#@문장구분#",
      "paragraph_len": 1318,
      "paragraph_id": "001"
    }
  ],
  "score": {
    "paragraph_score": [
      {
        "paragraph_scoreT": [
          2.8,
          2.8,
          2
        ],
        "paragraph_scoreT_detail": {
          "paragraph_scoreT_exp": [
            [
              2,
              3,
              3
            ],
            [
              2,
              3,
              3
            ],
            [
              2,
              2,
              2
            ]
          ]
        },
        "paragraph_scoreT_avg": 2.5333333,
        "paragraph_id": "001"
      }
    ],
    "essay_scoreT": [
      26.400002,
      27.2,
      18.8
    ],
    "essay_scoreT_avg": 24.133333,
    "essay_scoreT_detail": {
      "essay_scoreT_org": [
        [
          2,
          0,
          3,
          3
        ],
        [
          2,
          0,
          3,
          3
        ],
        [
          2,
          0,
          2,
          2
        ]
      ],
      "essay_scoreT_cont": [
        [
          3,
          2,
          3,
          3
        ],
        [
          3,
          3,
          2,
          3
        ],
        [
          2,
          1,
          2,
          2
        ]
      ],
      "essay_scoreT_exp": [
        [
          2,
          3,
          3
        ],
        [
          2,
          3,
          3
        ],
        [
          2,
          2,
          2
        ]
      ]
    }
  },
  "student": {
    "date": "2021.09.08",
    "student_educated": true,
    "student_grade": "고등_1학년",
    "location": "051",
    "student_grade_group": "고등",
    "student_reading": 1
  },
  "rubric": {
    "essay_grade": "고등_1학년",
    "organization_weight": {
      "org_paragraph": 0,
      "org": 3,
      "org_essay": 6,
      "org_coherence": 3,
      "org_quantity": 1
    },
    "essay_type": "대안제시",
    "content_weight": {
      "con_clearance": 3,
      "con_novelty": 3,
      "con": 4,
      "con_prompt": 1,
      "con_description": 3
    },
    "essay_main_subject": "혐오시설 건설문제에 대한 본인의 생각",
    "expression_weight": {
      "exp_style": 4,
      "exp_grammar": 2,
      "exp_vocab": 4,
      "exp": 3
    }
  },
  "correction": [],
  "info": {
    "essay_id": "ESSAY_34898",
    "essay_prompt": " 혐오 시설이란 지역 주민에게 공포감이나 고통을 주거나, 주변 지역의 쾌적성이 훼손됨으로써 집값이나 땅값이 내려가는 등 부정적인 외부효과를 유발하는 시설을 의미합니다.\n\n 대표적인 혐오 시설에는 쓰레기 매립장, 원자력발전소, 소각장, 유류저장소 등이 있습니다.\n\n 매립지, 소각장, 쓰레기 하치장 같은 혐오 시설은 그리 위험하지는 않지만, 쓰레기를 취급한다는 점에서 혐오감을 주며, 주변 환경오염 문제가 갈등을 일으킵니다. 특히 소각장은 인구밀도가 높은 대도시에 건설된다는 점에서 반대 운동이 일기도 합니다.\n\n 그런데 서로 반대만 하다 보면 입지를 찾지 못해 결국 모든 주민의 삶의 질이 저하될 수 있습니다.\n\n 정부 차원에서 가장 적절한 장소를 선별하여 건설 후 주변 사람들에게 혜택을 주는 방식이 적절한 방법일까요? 아니면 혐오 시설만을 모아둔 부지를 따로 정해서 건설해야 할까요? 아니면 모든 도시가 공평하게 혐오 시설 건설에 대한 부담을 지니고 하나씩 건설해야 할까요?\n\n 모두가 만족할만한 결과를 내기란 정말 어려운 문제이지만 여러분이 생각하는 가장 합리적이고 좋은 방법을 생각해보세요. 그리고 그 방법을 대안으로 제시하고 그 근거에 대해 작성해주세요.",
    "essay_type": "대안제시",
    "essay_level": "1",
    "essay_len": 958,
    "essay_main_subject": "혐오시설 건설문제에 대한 본인의 생각"
  }
}