{
  "paragraph": [
    {
      "paragraph_txt": "혐오 시설 건설을 반대하는 현상을 님비 현상이라고 한다.#@문장구분# 님비는 '내 뒤 마당에는 안 돼(Not in my backyard)'는 영엉의 약자로, 혐오시설, 위험시설 등이 자신의 지역에 설치하는 것을 강력하게 반대하는 시민들을 일컸는 신조어이다#@문장구분# 님비(NIMBY) 현상은 최근에 일어나는 쓰레기 소각장, 오물 처리장, 원자력 발전소, 요양원, 고아원, 건설 폐기장, 교도소, 정화조, 소방서, 구치소 등의 '필요성은 원칙적으로 찬성하지만 내 주변 지역은 안되' 라는 이기주의 현상을 말한다.#@문장구분# 그러면 이러한 건물들을 반대하는 이유는 무엇일까?#@문장구분# 그 이유는 대부분 사람들이 살고 있는 지역의 땅값이나 아파트 가격이 떨어질 것을 우려하거나 환경이 나빠질 것이라 판단 해서 이다.#@문장구분# 이러한 행동들이 지역의 이기주의적으로 바뀌게 해서 사회적 문제가 된다.#@문장구분# 그러면 이러한 문제들을 해결할 수 있는 방법은 무엇이 있을까?#@문장구분# 어느 한 지역이 님비 현상으로 주민들의 반대가 컸는데 합의를 통해 이에 따른 보상을 하는 방법이 여러 지역게 많이 있었다.#@문장구분# 이런 보상을 하는 방법 또한 하나의 방법이 될 수 있다.#@문장구분# 이러한 방법 외에도 국가가 공개적을 개입하는 방법, 개인에게 이러한 방법 외에도 국가가 공개적으로 개입하는 벙법, 개인에게 권한을 부여하여 처리하는 방법, 등이 있다.#@문장구분# 이러한 방법으로 긍정적으로 해결한 사례는 제주도에서 주민들과의 혐의를 거처 보상금을 지불하여 해결한 사례가 있다.#@문장구분# 또는 부정적인 사례는 어느 한 지역에 요양원을 건설 할려고 했지만, 주민들의 반대로 진행이 늦어지고 있는 상황이였다.#@문장구분#  우리는 나이가 들어서 요양원을 갈 수도 있는 처지라는 것을 알고 그들을 이해하려는 자세가 필요하다.#@문장구분# 또는 다른 혐오 시설도 적절한 타협점을 찾아서 해결 하려는 자세가 필요하다.#@문장구분# 직접적은 보상도 있어야 한다.#@문장구분# 내 손에 잡히는게 있으면 아마도 마음이 변할수도 있을것이다.#@문장구분#",
      "paragraph_len": 1244,
      "paragraph_id": "001"
    }
  ],
  "score": {
    "paragraph_score": [
      {
        "paragraph_scoreT": [
          3,
          2,
          2.8
        ],
        "paragraph_scoreT_detail": {
          "paragraph_scoreT_exp": [
            [
              3,
              3,
              3
            ],
            [
              2,
              2,
              2
            ],
            [
              2,
              3,
              3
            ]
          ]
        },
        "paragraph_scoreT_avg": 2.6000001,
        "paragraph_id": "001"
      }
    ],
    "essay_scoreT": [
      30,
      20.3,
      29.4
    ],
    "essay_scoreT_avg": 26.566666,
    "essay_scoreT_detail": {
      "essay_scoreT_org": [
        [
          3,
          0,
          3,
          3
        ],
        [
          2,
          0,
          2,
          3
        ],
        [
          3,
          0,
          3,
          3
        ]
      ],
      "essay_scoreT_cont": [
        [
          3,
          3,
          3,
          3
        ],
        [
          2,
          2,
          2,
          2
        ],
        [
          3,
          3,
          3,
          3
        ]
      ],
      "essay_scoreT_exp": [
        [
          3,
          3,
          3
        ],
        [
          2,
          2,
          2
        ],
        [
          2,
          3,
          3
        ]
      ]
    }
  },
  "student": {
    "date": "2021.12.09",
    "student_educated": true,
    "student_grade": "고등_1학년",
    "location": "063",
    "student_grade_group": "고등",
    "student_reading": 2
  },
  "rubric": {
    "essay_grade": "고등_1학년",
    "organization_weight": {
      "org_paragraph": 0,
      "org": 3,
      "org_essay": 6,
      "org_coherence": 3,
      "org_quantity": 1
    },
    "essay_type": "대안제시",
    "content_weight": {
      "con_clearance": 3,
      "con_novelty": 3,
      "con": 4,
      "con_prompt": 1,
      "con_description": 3
    },
    "essay_main_subject": "혐오시설 건설문제에 대한 본인의 생각",
    "expression_weight": {
      "exp_style": 4,
      "exp_grammar": 2,
      "exp_vocab": 4,
      "exp": 3
    }
  },
  "correction": [],
  "info": {
    "essay_id": "ESSAY_61318",
    "essay_prompt": " 혐오 시설이란 지역 주민에게 공포감이나 고통을 주거나, 주변 지역의 쾌적성이 훼손됨으로써 집값이나 땅값이 내려가는 등 부정적인 외부효과를 유발하는 시설을 의미합니다.\n\n 대표적인 혐오 시설에는 쓰레기 매립장, 원자력발전소, 소각장, 유류저장소 등이 있습니다.\n\n 매립지, 소각장, 쓰레기 하치장 같은 혐오 시설은 그리 위험하지는 않지만, 쓰레기를 취급한다는 점에서 혐오감을 주며, 주변 환경오염 문제가 갈등을 일으킵니다. 특히 소각장은 인구밀도가 높은 대도시에 건설된다는 점에서 반대 운동이 일기도 합니다.\n\n 그런데 서로 반대만 하다 보면 입지를 찾지 못해 결국 모든 주민의 삶의 질이 저하될 수 있습니다.\n\n 정부 차원에서 가장 적절한 장소를 선별하여 건설 후 주변 사람들에게 혜택을 주는 방식이 적절한 방법일까요? 아니면 혐오 시설만을 모아둔 부지를 따로 정해서 건설해야 할까요? 아니면 모든 도시가 공평하게 혐오 시설 건설에 대한 부담을 지니고 하나씩 건설해야 할까요?\n\n 모두가 만족할만한 결과를 내기란 정말 어려운 문제이지만 여러분이 생각하는 가장 합리적이고 좋은 방법을 생각해보세요. 그리고 그 방법을 대안으로 제시하고 그 근거에 대해 작성해주세요.",
    "essay_type": "대안제시",
    "essay_level": "1",
    "essay_len": 925,
    "essay_main_subject": "혐오시설 건설문제에 대한 본인의 생각"
  }
}