{
  "paragraph": [
    {
      "paragraph_txt": "혐오시설은 지역 주민에게는 공포감이나 고통을 조성할 수 있는 시설을 말한다.#@문장구분# 특히 요즘처럼 아파트 단지와 같이 인프라를 모두 모아서 사용할 수 있는 시설들이 생겨나고 있는 시점에서 혐오시설이 건설된다는 것은 현재 거주하고 있는 집값에 대한 문제가 있는 것이 아닌 문화적으로, 환경적으로도 피해가 갈 수 있다는 점에서 가장 큰 문제라고 생각한다.#@문장구분# 이런 혐오시설과 관련된 여러가지 문제점들을 어떤 식으로 해결해야 모두가 만족할만한 방법이 나올 것인가 생각을 해보았다.#@문장구분# 아파트 단지와 같은 단지 시설에는 무조건적으로 혐오시설을 하나 건설해야 된다는 조항이 생기면 어떨까 라는 생각을 먼저 해보았는데 그렇게 되면 아파트 단지와 같은 시설들을 기피하게 되는 또 다른 방식의 혐오가 생길뿐 해결방안이 될 것이라는 생각은 들지 않았다.#@문장구분# 두번째는 혐오시설을 모아두는 부지를 따로 정하는 것이다.#@문장구분# 하지만 이도 정답이 아니라 생각한다.#@문장구분# 혐오시설을 모아두는 곳을 정하는 것도 어려운 문제가 되겠지만 정한 이후에도 해당 부지의 관리 문제라던가 그 근처에는 다른 것을 못 놓는 등의 문제점들이 발생할 것이다.#@문장구분# 이러한 부지에 대한 문제 및 지정을 하는 것 자체가 어느 지역 어느 부지이냐도 상당한 큰 문제라고 생각된다.#@문장구분# 지금 혐오시설 한 곳 짓는 것도 사람들이 기피하고 있는 실정인데 모아두면 99는 행복할 수 있으나 그 근처에 있는 1은 행복하지 않을 수 있다.#@문장구분# 다수의 행복을 위해 소수를 포기하는 것이 좋은 방법이라고는 생각되지 않기 때문에 이 방법도 실질적인 문제의 해결책이라고 생각은 되지 않는다.#@문장구분# 이 외에도 여러 가지 방법을 생각하고 있으나, 역시 혐오시설에 대한 건설 계획을 미리 알리고 관리 방법 등의 세세한 계획을 미리 설명하여 인지시키는 것이 가장 좋은 방법이 아닐까 싶다.#@문장구분#현실적은 관리 방법 및 부수적이고 세부적인 계획들에 대한 방안책 등 이로운점에 대한 인식을 하는 것 또한 지역주민에 대한 배려가 아닐까?#@문장구분#",
      "paragraph_len": 1192,
      "paragraph_id": "001"
    }
  ],
  "score": {
    "paragraph_score": [
      {
        "paragraph_scoreT": [
          3,
          2.8,
          2
        ],
        "paragraph_scoreT_detail": {
          "paragraph_scoreT_exp": [
            [
              3,
              3,
              3
            ],
            [
              2,
              3,
              3
            ],
            [
              2,
              2,
              2
            ]
          ]
        },
        "paragraph_scoreT_avg": 2.6000001,
        "paragraph_id": "001"
      }
    ],
    "essay_scoreT": [
      27,
      29.4,
      21.6
    ],
    "essay_scoreT_avg": 26,
    "essay_scoreT_detail": {
      "essay_scoreT_org": [
        [
          2,
          0,
          3,
          3
        ],
        [
          3,
          0,
          3,
          3
        ],
        [
          2,
          0,
          2,
          2
        ]
      ],
      "essay_scoreT_cont": [
        [
          3,
          3,
          3,
          2
        ],
        [
          3,
          3,
          3,
          3
        ],
        [
          3,
          2,
          3,
          2
        ]
      ],
      "essay_scoreT_exp": [
        [
          3,
          3,
          3
        ],
        [
          2,
          3,
          3
        ],
        [
          2,
          2,
          2
        ]
      ]
    }
  },
  "student": {
    "date": "2021.10.18",
    "student_educated": true,
    "student_grade": "고등_1학년",
    "location": "02",
    "student_grade_group": "고등",
    "student_reading": 2
  },
  "rubric": {
    "essay_grade": "고등_1학년",
    "organization_weight": {
      "org_paragraph": 0,
      "org": 3,
      "org_essay": 6,
      "org_coherence": 3,
      "org_quantity": 1
    },
    "essay_type": "대안제시",
    "content_weight": {
      "con_clearance": 3,
      "con_novelty": 3,
      "con": 4,
      "con_prompt": 1,
      "con_description": 3
    },
    "essay_main_subject": "혐오시설 건설문제에 대한 본인의 생각",
    "expression_weight": {
      "exp_style": 4,
      "exp_grammar": 2,
      "exp_vocab": 4,
      "exp": 3
    }
  },
  "correction": [],
  "info": {
    "essay_id": "ESSAY_37977",
    "essay_prompt": " 혐오 시설이란 지역 주민에게 공포감이나 고통을 주거나, 주변 지역의 쾌적성이 훼손됨으로써 집값이나 땅값이 내려가는 등 부정적인 외부효과를 유발하는 시설을 의미합니다.\n\n 대표적인 혐오 시설에는 쓰레기 매립장, 원자력발전소, 소각장, 유류저장소 등이 있습니다.\n\n 매립지, 소각장, 쓰레기 하치장 같은 혐오 시설은 그리 위험하지는 않지만, 쓰레기를 취급한다는 점에서 혐오감을 주며, 주변 환경오염 문제가 갈등을 일으킵니다. 특히 소각장은 인구밀도가 높은 대도시에 건설된다는 점에서 반대 운동이 일기도 합니다.\n\n 그런데 서로 반대만 하다 보면 입지를 찾지 못해 결국 모든 주민의 삶의 질이 저하될 수 있습니다.\n\n 정부 차원에서 가장 적절한 장소를 선별하여 건설 후 주변 사람들에게 혜택을 주는 방식이 적절한 방법일까요? 아니면 혐오 시설만을 모아둔 부지를 따로 정해서 건설해야 할까요? 아니면 모든 도시가 공평하게 혐오 시설 건설에 대한 부담을 지니고 하나씩 건설해야 할까요?\n\n 모두가 만족할만한 결과를 내기란 정말 어려운 문제이지만 여러분이 생각하는 가장 합리적이고 좋은 방법을 생각해보세요. 그리고 그 방법을 대안으로 제시하고 그 근거에 대해 작성해주세요.",
    "essay_type": "대안제시",
    "essay_level": "1",
    "essay_len": 954,
    "essay_main_subject": "혐오시설 건설문제에 대한 본인의 생각"
  }
}