{
  "paragraph": [
    {
      "paragraph_txt": "혐오시설이 마을에 들어선다는건 혐오라는 꼬리표가 붙는 것이지만, 일명 혐오시설이라고 불리는 쓰레기 매립장, 소각장, 쓰레기하차장 등의 위험하지 않지만 혐오감을 주는 시설에 대해서 나쁜 이미지를 좋은 혜택들과 이점들을 강조하고, 혐오시설을 짓는 것과 동시에 주민 모두의 공유공간 및 교육공간, 휴식 공간들을 디자인하고 설립하여 금전적 이익이나, 피해를 주는 부분을 최소화시키는 방법을 연구하는 방안도 있다.#@문장구분# 아닌 우리 사회에서 꼭 있어야 하고 국민의 생활에 도움을 주는 시설이기에 어느 곳인가에는 꼭설치되야하는 시설이다.#@문장구분# 지자체에선 혐오시설들을 유치하기 위해 많은 조사를 하고 많은 예비 후보들 중 가장 좋은 입지를 선택해 진행하는 것인데, 요즘 같이 국민들이 경제,부동산에 대한 관심이 높아진 시기에 혐오시설의 입지는 부동산 거래량이 가장 적고 인구가 적은 지역에 지어져야 하는 것이 바람직하다 할 수 있다. #@문장구분#하지만 이런 혐오시설의 입지도 소수의 주민일지라도 결국 그들의 희생을 요하기에, 혐오시설을 짓고자 하는 측은 그 지역에 들어서는 이유를 주민들에게 자세히 설명을 하는 것은 당연하고, 복지시설을 지어주는 등 합당한 보상을 해주는 것이 바람직하다 생각한다.#@문장구분# 결국 누군가의 희생은 불가피하기에 다수의 행복을 위하여 소수의 무조건 적인 희생만강요하는 것이 아닌 서로 상생할 수 있는 방법을 찾는게 옳은 방법이라 생각한다.#@문장구분# 누구나 내 집 주변이 깔끔하고 좋은 시설들만 있기를 바라는 욕심이 있을 수 밖에 없지만, 그렇다면 사회와 공공적으로 필요한 시설물이지만, 혐오, 기피 시설들이 설 곳이 없고, 우리의 삶의 질은 저하된다 공공의를 위한 시설임이 분명하기에 소수가 희생이 아닌 합당한 보상을 한 다음 진행해야 맞다고 생각한다.#@문장구분# 정부 차원에서 가장 적절한 장소를 선별하여 건설 후 주변 사람들에게 혜택을 주는 방식이 적절한 가장 적합한 방법이라 생각한다.#@문장구분#",
      "paragraph_len": 1066,
      "paragraph_id": "001"
    }
  ],
  "score": {
    "paragraph_score": [
      {
        "paragraph_scoreT": [
          2.8,
          2.8,
          3
        ],
        "paragraph_scoreT_detail": {
          "paragraph_scoreT_exp": [
            [
              2,
              3,
              3
            ],
            [
              2,
              3,
              3
            ],
            [
              3,
              3,
              3
            ]
          ]
        },
        "paragraph_scoreT_avg": 2.8666668,
        "paragraph_id": "001"
      }
    ],
    "essay_scoreT": [
      28.2,
      28.2,
      30
    ],
    "essay_scoreT_avg": 28.800001,
    "essay_scoreT_detail": {
      "essay_scoreT_org": [
        [
          3,
          0,
          3,
          3
        ],
        [
          3,
          0,
          3,
          3
        ],
        [
          3,
          0,
          3,
          3
        ]
      ],
      "essay_scoreT_cont": [
        [
          3,
          2,
          3,
          3
        ],
        [
          3,
          2,
          3,
          3
        ],
        [
          3,
          3,
          3,
          3
        ]
      ],
      "essay_scoreT_exp": [
        [
          2,
          3,
          3
        ],
        [
          2,
          3,
          3
        ],
        [
          3,
          3,
          3
        ]
      ]
    }
  },
  "student": {
    "date": "2021.12.06",
    "student_educated": true,
    "student_grade": "고등_1학년",
    "location": "063",
    "student_grade_group": "고등",
    "student_reading": 1
  },
  "rubric": {
    "essay_grade": "고등_1학년",
    "organization_weight": {
      "org_paragraph": 0,
      "org": 3,
      "org_essay": 6,
      "org_coherence": 3,
      "org_quantity": 1
    },
    "essay_type": "대안제시",
    "content_weight": {
      "con_clearance": 3,
      "con_novelty": 3,
      "con": 4,
      "con_prompt": 1,
      "con_description": 3
    },
    "essay_main_subject": "혐오시설 건설문제에 대한 본인의 생각",
    "expression_weight": {
      "exp_style": 4,
      "exp_grammar": 2,
      "exp_vocab": 4,
      "exp": 3
    }
  },
  "correction": [],
  "info": {
    "essay_id": "ESSAY_57096",
    "essay_prompt": " 혐오 시설이란 지역 주민에게 공포감이나 고통을 주거나, 주변 지역의 쾌적성이 훼손됨으로써 집값이나 땅값이 내려가는 등 부정적인 외부효과를 유발하는 시설을 의미합니다.\n\n 대표적인 혐오 시설에는 쓰레기 매립장, 원자력발전소, 소각장, 유류저장소 등이 있습니다.\n\n 매립지, 소각장, 쓰레기 하치장 같은 혐오 시설은 그리 위험하지는 않지만, 쓰레기를 취급한다는 점에서 혐오감을 주며, 주변 환경오염 문제가 갈등을 일으킵니다. 특히 소각장은 인구밀도가 높은 대도시에 건설된다는 점에서 반대 운동이 일기도 합니다.\n\n 그런데 서로 반대만 하다 보면 입지를 찾지 못해 결국 모든 주민의 삶의 질이 저하될 수 있습니다.\n\n 정부 차원에서 가장 적절한 장소를 선별하여 건설 후 주변 사람들에게 혜택을 주는 방식이 적절한 방법일까요? 아니면 혐오 시설만을 모아둔 부지를 따로 정해서 건설해야 할까요? 아니면 모든 도시가 공평하게 혐오 시설 건설에 대한 부담을 지니고 하나씩 건설해야 할까요?\n\n 모두가 만족할만한 결과를 내기란 정말 어려운 문제이지만 여러분이 생각하는 가장 합리적이고 좋은 방법을 생각해보세요. 그리고 그 방법을 대안으로 제시하고 그 근거에 대해 작성해주세요.",
    "essay_type": "대안제시",
    "essay_level": "1",
    "essay_len": 927,
    "essay_main_subject": "혐오시설 건설문제에 대한 본인의 생각"
  }
}