{
  "paragraph": [
    {
      "paragraph_txt": "시간이 가면 갈수록 심화되어 가고 있는 젠더 갈등.#@문장구분# 개인적으로 나는 뉴스로만 들었지 직접적으로 경험해보지 못한 젠더 갈등을 이번 글쓰기 수행평가를 통해 알아볼 수 있는 좋은 기회라고 생각했기에 이번 글을 쓰게 되었다.#@문장구분# 그러면 이제  대표적인 젠더 갈등 사건에 대해 알아보자.#@문장구분# 여성시대 등 대다수의 여초커뮤니티에서 군대를 바캉스에 빗대어 군캉스라 하고 군대를 가는 남성들이 군가산점 군대월급 등을 받으면서도 힘들다고 징징거린다 식으로 비하했다.#@문장구분# 이에 남성들은 그러면 여성징병제를 시행해서 여성도 군대를 가야된다 했지만 도리어 여초커뮤니티에선 출산 등을 앞세워 가지않겠다해서 발생하였다.#@문장구분# 이수역 폭행사건은 2018년 11월 이수역 한 주점에서 발생한 폭행사건이다.#@문장구분# 이 사건이 어째서 젠더갈등을 불렀는지 알아보자.#@문장구분# A씨 일행이 B씨 일행을 보고 \"한남충이 돈없어서 싸구려 맥주집에 여친을 데려온다\"는 등의 남녀 혐오 표현으로 시비가 붙어 폭행사건이 일어났다.#@문장구분# 여초커뮤니티 회원들은 군가산점, 군인월급 등을 자신들에게 불평등하게 작용한다 생각하고 이에 불만을 제기했다.#@문장구분# 하지만 이 과정에서 군대를, 군캉스 군인을 군무새 등으로 비하하며 공격적으로 말하였고 군대를 캠프 정도로 인식하고 있는 태도가 많은 남초커뮤니티 회원들을 화나게했다.#@문장구분# 이수역 폭행사건이 남녀 갈등의 이슈가 된 문제점을 알아보자.#@문장구분# 이 사건은 단순 폭행사건으로 끝날 수 있었음에도 A씨 일행이 SNS와 청원 게시판을 통해 뼈가 다 보이는 사진과 \"여자라는 이유로 맞았다\"는 등의 말들로 큰 이슈가 되었다.#@문장구분# 남녀 평등을 위하여 성 차별 인식 개선 캠페인을 여는 것으로 현재 서로에게 깊게 뿌리박힌 고정관념을 해소하는 게 어떨까 싶다.#@문장구분# SNS상에서 이쁜말 고운말 쓰기 캠페인을 해시태그를 통하여 아름다운 넷상 댓글 토론 환경을 조성하면 감정적이기보다 그나마 이성적으로 객관성을 가지고 토론할 수 있을 거 같다.#@문장구분# 인터넷의 발달로 온라인에서의 남녀갈등이 고조되고 있다.#@문장구분# 이번 이수역 사건도 SNS에 다양한 여혐과 남혐 발언이 쓰여지고 있다.#@문장구분# 지금 네이버 웹툰에서는 댓글 검열 기능을 사용하고 있다.#@문장구분# 남혐과 여혐 발언으로 온라인 분쟁을 막기 위해 네이버 웹툰 댓글 기능과 같이 정부는 새로운 제도를 만들어 온라인에서의 남혐과 여혐발언을 제제하도록 해야한다.#@문장구분# 위와 같이 현재에 대두되고 있는 젠더 갈등. 객관적으로, 이성적으로 문제를 바라봤다면 그리 크게 문제되지 않을 수 있던 일로 서로의 묵은 감정과 거친 언사로 감정적으로 싸움이 번지는 경우도 많다.#@문장구분# 따라서 위의 해결 방법으로 조금이나마 젠더 갈등이 줄었으면 하는 바이다.#@문장구분#",
      "paragraph_len": 1673,
      "paragraph_id": "001"
    }
  ],
  "score": {
    "paragraph_score": [
      {
        "paragraph_scoreT": [
          3,
          3,
          3
        ],
        "paragraph_scoreT_detail": {
          "paragraph_scoreT_exp": [
            [
              3,
              3,
              3
            ],
            [
              3,
              3,
              3
            ],
            [
              3,
              3,
              3
            ]
          ]
        },
        "paragraph_scoreT_avg": 3,
        "paragraph_id": "001"
      }
    ],
    "essay_scoreT": [
      30,
      28.8,
      30
    ],
    "essay_scoreT_avg": 29.6,
    "essay_scoreT_detail": {
      "essay_scoreT_org": [
        [
          3,
          0,
          3,
          3
        ],
        [
          3,
          0,
          3,
          3
        ],
        [
          3,
          0,
          3,
          3
        ]
      ],
      "essay_scoreT_cont": [
        [
          3,
          3,
          3,
          3
        ],
        [
          3,
          2,
          3,
          3
        ],
        [
          3,
          3,
          3,
          3
        ]
      ],
      "essay_scoreT_exp": [
        [
          3,
          3,
          3
        ],
        [
          3,
          3,
          3
        ],
        [
          3,
          3,
          3
        ]
      ]
    }
  },
  "student": {
    "date": "2021.11.19",
    "student_educated": true,
    "student_grade": "고등_1학년",
    "location": "051",
    "student_grade_group": "고등",
    "student_reading": 1
  },
  "rubric": {
    "essay_grade": "고등_1학년",
    "organization_weight": {
      "org_paragraph": 0,
      "org": 3,
      "org_essay": 6,
      "org_coherence": 3,
      "org_quantity": 1
    },
    "essay_type": "대안제시",
    "content_weight": {
      "con_clearance": 3,
      "con_novelty": 3,
      "con": 4,
      "con_prompt": 1,
      "con_description": 3
    },
    "essay_main_subject": "남녀 갈등 해결 방안",
    "expression_weight": {
      "exp_style": 4,
      "exp_grammar": 2,
      "exp_vocab": 4,
      "exp": 3
    }
  },
  "correction": [],
  "info": {
    "essay_id": "ESSAY_48458",
    "essay_prompt": " 남녀 갈등은 최근 우리 사회에서 가장 뜨거운 이슈 중 하나입니다. 이러한 갈등은 아직 간극을 좁히지 못하고 현재 사회적인 문제로 자리 잡았습니다.\n\n 군 가산점 문제, 일자리 문제 등 여러 가지 비교 자료들을 토대로 토론을 하고 이를 통해 갈등을 해결하고자 하는 노력이 이루어지고 있습니다.\n\n 과거에는 성차별 심했던 시기가 있었습니다. 여자와 남자를 구별 지어 일을 주는 경우도 많았습니다. 하지만, 현재는 여자와 남자라는 성별을 떠나서 나이, 국적을 불문하고 모두에게 평등한 기회를 주기 위해 노력하고 있습니다.\n\n 이렇게 모두의 노력에도 불구하고 아직 해결되지 않았거나 해결될 기미가 보이지 않는 양성평등 문제가 있을까요?\n\n 아주 작은 사소한 일이라도 좋습니다. 여러분이 생각하는 우리 주변의 양성평등 문제를 하나 작성해보고 어떻게 해결할 수 있을지 혹은 무엇이 바뀌어야 해결될 것 같은지 본인의 생각을 설명해주세요. ",
    "essay_type": "대안제시",
    "essay_level": "1",
    "essay_len": 1273,
    "essay_main_subject": "남녀 갈등 해결 방안"
  }
}