{
  "paragraph": [
    {
      "paragraph_txt": "우리지역에 혐오시설은 절대 않된다며 각 지역에서 주장하는 현상을 님비현상이라고 한다.#@문장구분# 이런 님비현상은 전국의 곳곳에 발생하고 있다.#@문장구분# 그 누가 나의 집 앞마당에 고통과 공포감을 조성하는 시설이 들어온다면 환영하겠는가?#@문장구분# 하지만 여러 지역의 시와 군에서 님비현상을 극복하고 기피시설들은 주민들이 환영하며 건립하고 성공적으로 운영되어 오고 있다고 한다.#@문장구분# 가축분뇨로 퇴비를 만들어 주는 시설은 이 시설에 대한 수많은 사업 설명회, 간담회를 거치고 주민들의 시설 견학등으로 설득시켰고 시설의 설립으로 가축분뇨의 재활용 길이 새로이 열리게 되었다고 한다.#@문장구분# 어떤 지역의 하수 처리장의 경우 지자체와 주민들의 수많은 논의로 하수처리시설을 지하에 설치하도록 계획하고 공원 조성하여 현재는 주민들이 사계절 이용가능한 편의시설이 되어 이젠 지역의 기피시설이 아닌 대표적인 쉼터로써 자리 잡은 상태이다.#@문장구분# 뿐만아니라 자원순환센터에서는 학생들의 견학과 체험을 접목시켜 자원재활용의 중요성과 환경을 살리는 체험을 하는 견학명소로 유명해지고 있다.#@문장구분# 서울의 당인리 발전소는 이명박 대통령시절 홍대와 월드컵공원 및 주변의 문화지역과 연계하여 대규모 복합문화공간으로 조성되어 문화창작 공간으로 변신하였다.#@문장구분# 지자체와 해당 지역 주민들 간에 모두가 만족할 만한 결과를 내는 방법은 지자체와 주민들이 마음을 열고 머리를 맞대어 지혜를 모아 협의 하였을 때 혐오시설은 복지시설과 휴식공간, 문화공간으로 탈바꿈 시켜주는 상생방안을 마련해 주는 것을 볼수 있다.#@문장구분# 이해, 배려, 존중이 있고 서로의 이야기를 들어주고 도시가 발전할수 있는 방안은 많은 토론과 의견조율이 이루어지고 이루어졌다.#@문장구분# 지자체에서 주민들의 이해를 얻기 위해 진정성 있게 노력한다면 지역이기주의인 님비현상도 줄어들것이고 주민들의 요구에 진중히 생각하여 접목시켜 사업을 추진한다면 모두가 만족하는 결과를 얻을수 있을 것이라고 생각한다.#@문장구분# 내가 생각하는 가장 합리적이고 좋은 방법은 대화와 이해 이다.#@문장구분#",
      "paragraph_len": 1201,
      "paragraph_id": "001"
    }
  ],
  "score": {
    "paragraph_score": [
      {
        "paragraph_scoreT": [
          2.8,
          2.8,
          3
        ],
        "paragraph_scoreT_detail": {
          "paragraph_scoreT_exp": [
            [
              2,
              3,
              3
            ],
            [
              2,
              3,
              3
            ],
            [
              3,
              3,
              3
            ]
          ]
        },
        "paragraph_scoreT_avg": 2.8666668,
        "paragraph_id": "001"
      }
    ],
    "essay_scoreT": [
      28.2,
      28.2,
      30
    ],
    "essay_scoreT_avg": 28.800001,
    "essay_scoreT_detail": {
      "essay_scoreT_org": [
        [
          3,
          0,
          3,
          3
        ],
        [
          3,
          0,
          3,
          3
        ],
        [
          3,
          0,
          3,
          3
        ]
      ],
      "essay_scoreT_cont": [
        [
          3,
          2,
          3,
          3
        ],
        [
          3,
          2,
          3,
          3
        ],
        [
          3,
          3,
          3,
          3
        ]
      ],
      "essay_scoreT_exp": [
        [
          2,
          3,
          3
        ],
        [
          2,
          3,
          3
        ],
        [
          3,
          3,
          3
        ]
      ]
    }
  },
  "student": {
    "date": "2021.11.18",
    "student_educated": true,
    "student_grade": "고등_1학년",
    "location": "063",
    "student_grade_group": "고등",
    "student_reading": 1
  },
  "rubric": {
    "essay_grade": "고등_1학년",
    "organization_weight": {
      "org_paragraph": 0,
      "org": 3,
      "org_essay": 6,
      "org_coherence": 3,
      "org_quantity": 1
    },
    "essay_type": "대안제시",
    "content_weight": {
      "con_clearance": 3,
      "con_novelty": 3,
      "con": 4,
      "con_prompt": 1,
      "con_description": 3
    },
    "essay_main_subject": "혐오시설 건설문제에 대한 본인의 생각",
    "expression_weight": {
      "exp_style": 4,
      "exp_grammar": 2,
      "exp_vocab": 4,
      "exp": 3
    }
  },
  "correction": [],
  "info": {
    "essay_id": "ESSAY_47353",
    "essay_prompt": " 혐오 시설이란 지역 주민에게 공포감이나 고통을 주거나, 주변 지역의 쾌적성이 훼손됨으로써 집값이나 땅값이 내려가는 등 부정적인 외부효과를 유발하는 시설을 의미합니다.\n\n 대표적인 혐오 시설에는 쓰레기 매립장, 원자력발전소, 소각장, 유류저장소 등이 있습니다.\n\n 매립지, 소각장, 쓰레기 하치장 같은 혐오 시설은 그리 위험하지는 않지만, 쓰레기를 취급한다는 점에서 혐오감을 주며, 주변 환경오염 문제가 갈등을 일으킵니다. 특히 소각장은 인구밀도가 높은 대도시에 건설된다는 점에서 반대 운동이 일기도 합니다.\n\n 그런데 서로 반대만 하다 보면 입지를 찾지 못해 결국 모든 주민의 삶의 질이 저하될 수 있습니다.\n\n 정부 차원에서 가장 적절한 장소를 선별하여 건설 후 주변 사람들에게 혜택을 주는 방식이 적절한 방법일까요? 아니면 혐오 시설만을 모아둔 부지를 따로 정해서 건설해야 할까요? 아니면 모든 도시가 공평하게 혐오 시설 건설에 대한 부담을 지니고 하나씩 건설해야 할까요?\n\n 모두가 만족할만한 결과를 내기란 정말 어려운 문제이지만 여러분이 생각하는 가장 합리적이고 좋은 방법을 생각해보세요. 그리고 그 방법을 대안으로 제시하고 그 근거에 대해 작성해주세요.",
    "essay_type": "대안제시",
    "essay_level": "1",
    "essay_len": 961,
    "essay_main_subject": "혐오시설 건설문제에 대한 본인의 생각"
  }
}