{
  "paragraph": [
    {
      "paragraph_txt": "나는 혐오시설 건설은 꼭 필요하다고 생각한다. #@문장구분#혐오 시설은 쓰레기 매립장, 원자력 발전소 등 건설함으로써 주변 환경이 오염 될 수 있고 냄새가 나거나 위험에 빠질 수 있는 요소를 포함하는 건물 등을 일컫는다.#@문장구분# 나는 이 혐오시설이 미관을 망쳐도 우리의 원활한 삶을 위해 꼭 필요하다고 생각한다.#@문장구분# 예를 들어 원자력 발전소는 우리가 가장 많이 사용하는 전기를 생산하는 곳 중 하나인데 핵분열 연쇄반응을 통해서 발생한 에너지로 만든 수증기로 터빈발전기를 돌려 전기를 생산하는 발전방식을 이용하는 곳이다.#@문장구분# 우리나라는 원자력 발전소에서 많은 양의 전기가 만들어 지기 때문에 대부분의 전기를 원자력 발전소에서 끌어다 쓰는데 만약 이 원자력 발전소가 없었다면 우리는 지금처럼 풍족하게 전기를 사용하지 못할 것이다.#@문장구분# 또한, 쓰레기 매립지도 우리는 연평균 셀 수 없이 많은 양의 쓰레기를 배출해 내고 있는데 이를 처리 하지 못하면 우리국가는 쓰레기가 가득 찬 국가가 될 것이며 그렇다고 쓰레기를 바다로 배출하면 바다가 오염되어 바다 생물이 삶의 터전을 잃고 죽어 나갈 것이고 이는 환경오염으로 인한 지구 온난화가 더 심해 질 것 이다.#@문장구분# 내가 살고 있는 지역에 쓰레기 매립장이 생긴다고 하면 싫겠지만 그렇게 되면 넘쳐나는 쓰레기들은 어쩔것인가?#@문장구분# 무조건 적으로 반대만 할 일이 아니다.#@문장구분# 지역에 생김으로 인해서 발생되는 문제점들을 지자체와 합의를 해서 지역적으로 필요한 부분들을 서로 합의점을 찾는다면 서로에게 좋지 않을까?#@문장구분# 나는 사람들의 거센 반대에 충분한 상호 협의를 통해 적절한 타협점을 찾아 사람이 많이 안사는 곳이나 주변 환경오염을 최소화하는 내에서 혐오 시설 건설이 이루어 져야한다고 생각한다.#@문장구분# 서로의 합의점을 찾아서 문제점을 최소화 해서  서로에게 좋은 부분들을 챙겨준다면 이러한 잡음도 줄어들것이라고 생각된다.#@문장구분#",
      "paragraph_len": 1116,
      "paragraph_id": "001"
    }
  ],
  "score": {
    "paragraph_score": [
      {
        "paragraph_scoreT": [
          3,
          3,
          3
        ],
        "paragraph_scoreT_detail": {
          "paragraph_scoreT_exp": [
            [
              3,
              3,
              3
            ],
            [
              3,
              3,
              3
            ],
            [
              3,
              3,
              3
            ]
          ]
        },
        "paragraph_scoreT_avg": 3,
        "paragraph_id": "001"
      }
    ],
    "essay_scoreT": [
      26.900002,
      28.4,
      30
    ],
    "essay_scoreT_avg": 28.433334,
    "essay_scoreT_detail": {
      "essay_scoreT_org": [
        [
          3,
          0,
          3,
          2
        ],
        [
          3,
          0,
          3,
          3
        ],
        [
          3,
          0,
          3,
          3
        ]
      ],
      "essay_scoreT_cont": [
        [
          2,
          2,
          2,
          3
        ],
        [
          3,
          2,
          2,
          3
        ],
        [
          3,
          3,
          3,
          3
        ]
      ],
      "essay_scoreT_exp": [
        [
          3,
          3,
          3
        ],
        [
          3,
          3,
          3
        ],
        [
          3,
          3,
          3
        ]
      ]
    }
  },
  "student": {
    "date": "2021.12.01",
    "student_educated": true,
    "student_grade": "고등_1학년",
    "location": "063",
    "student_grade_group": "고등",
    "student_reading": 2
  },
  "rubric": {
    "essay_grade": "고등_1학년",
    "organization_weight": {
      "org_paragraph": 0,
      "org": 3,
      "org_essay": 6,
      "org_coherence": 3,
      "org_quantity": 1
    },
    "essay_type": "대안제시",
    "content_weight": {
      "con_clearance": 3,
      "con_novelty": 3,
      "con": 4,
      "con_prompt": 1,
      "con_description": 3
    },
    "essay_main_subject": "혐오시설 건설문제에 대한 본인의 생각",
    "expression_weight": {
      "exp_style": 4,
      "exp_grammar": 2,
      "exp_vocab": 4,
      "exp": 3
    }
  },
  "correction": [],
  "info": {
    "essay_id": "ESSAY_53485",
    "essay_prompt": " 혐오 시설이란 지역 주민에게 공포감이나 고통을 주거나, 주변 지역의 쾌적성이 훼손됨으로써 집값이나 땅값이 내려가는 등 부정적인 외부효과를 유발하는 시설을 의미합니다.\n\n 대표적인 혐오 시설에는 쓰레기 매립장, 원자력발전소, 소각장, 유류저장소 등이 있습니다.\n\n 매립지, 소각장, 쓰레기 하치장 같은 혐오 시설은 그리 위험하지는 않지만, 쓰레기를 취급한다는 점에서 혐오감을 주며, 주변 환경오염 문제가 갈등을 일으킵니다. 특히 소각장은 인구밀도가 높은 대도시에 건설된다는 점에서 반대 운동이 일기도 합니다.\n\n 그런데 서로 반대만 하다 보면 입지를 찾지 못해 결국 모든 주민의 삶의 질이 저하될 수 있습니다.\n\n 정부 차원에서 가장 적절한 장소를 선별하여 건설 후 주변 사람들에게 혜택을 주는 방식이 적절한 방법일까요? 아니면 혐오 시설만을 모아둔 부지를 따로 정해서 건설해야 할까요? 아니면 모든 도시가 공평하게 혐오 시설 건설에 대한 부담을 지니고 하나씩 건설해야 할까요?\n\n 모두가 만족할만한 결과를 내기란 정말 어려운 문제이지만 여러분이 생각하는 가장 합리적이고 좋은 방법을 생각해보세요. 그리고 그 방법을 대안으로 제시하고 그 근거에 대해 작성해주세요.",
    "essay_type": "대안제시",
    "essay_level": "1",
    "essay_len": 898,
    "essay_main_subject": "혐오시설 건설문제에 대한 본인의 생각"
  }
}