{
  "paragraph": [
    {
      "paragraph_txt": "요즘 혐오 시설에 대한 문제가 많이 일어나고 있다.#@문장구분# 2021년 여름, 수도권 지역 주민들과 지방 단체에서 쓰레기 소각장 설치를 두고 갈등이 일어났다.#@문장구분# 지역 주민들은 조금이라도 더 쾌적한 환경에서 살고 싶어하고 쓰레기 악취와 같은 불쾌한 냄새 때문에 반대하지만 지방 단체에서는 쓰레기 소각장을 설치해야 한다고 주장하였다. #@문장구분#그렇다면 이와 같이 쓰레기 소각장, 매립장 설치에 관한 갈등은 어떻게 해결해야할까?#@문장구분#\n해결방안 첫 번째는 한 가정에서 나오는 쓰레기의 양을 줄이는 것이다. #@문장구분#우리는 살아가면서 나도 모르게 일회용품을 사용하는 경우가 대다수이고 정말 작은 쓰레기지만 우리는 매일 쓰레기를 만들고 있다.#@문장구분# 또 요즘에는 한국의 배달 문화가 많이 발달 되어 배달 음식을 많이 시켜 먹고 있다.#@문장구분# 그래서 요즘엔 일회용품 사용도 굉장히 늘었을 것이다. #@문장구분#그렇기 때문에 우리는 지금이라도 일회용품 사용을 줄이고 카페에 갈 때에는 개인 머그컵을 가져가는 것을 습관화 시켜야 한다.#@문장구분# 그리고 배달을 시켜 먹는 횟수도 점점 낮춰야 한다.#@문장구분# \n해결방법 두 번째는 지역 주민들과 쓰레기 소각장의 거리를 정해놓고 그 거리 밖으로 설치하는 것이다.#@문장구분# 주민들은 더 쾌적하고 불쾌하지 않고 깨끗한 환경에서 사는 것을 바라고 있다. #@문장구분#그래서 만약 주민들이 거주하고 있는 공간 근처에 쓰레기 소각장을 설치하게 되면 많은 문제가 일어날 것이다.#@문장구분# 따라서 거주 공간과 몇m 정도 떨어진 곳에 설치할 것이라고 주민들에게 공지를 하고 설치하면 갈등이 많이 최소화될 것이다.#@문장구분#\n해결방안 세 번째는 소통이다. #@문장구분#주민들은 쓰레기 소각장 설치에 대해 반대하고 있고 지방 단체에서는 찬성하고 있다.#@문장구분# 이렇게 각자의 주장만 내세울 게 아니라 서로 타협하면서 서로 만족해하는 결과가 나올 수 있도록 원만한 대화가 필요하다.#@문장구분#\n이처럼 쓰레기 소각장에 대한 불만이 많지만 서로 노력하면서 문제를 빨리 해결해야 할 것 같다.#@문장구분#",
      "paragraph_len": 1280,
      "paragraph_id": "001"
    }
  ],
  "score": {
    "paragraph_score": [
      {
        "paragraph_scoreT": [
          3,
          2,
          3
        ],
        "paragraph_scoreT_detail": {
          "paragraph_scoreT_exp": [
            [
              3,
              3,
              3
            ],
            [
              2,
              2,
              2
            ],
            [
              3,
              3,
              3
            ]
          ]
        },
        "paragraph_scoreT_avg": 2.6666667,
        "paragraph_id": "001"
      }
    ],
    "essay_scoreT": [
      25.099998,
      23.099998,
      26.3
    ],
    "essay_scoreT_avg": 24.833334,
    "essay_scoreT_detail": {
      "essay_scoreT_org": [
        [
          2,
          0,
          3,
          2
        ],
        [
          2,
          0,
          2,
          3
        ],
        [
          2,
          0,
          3,
          2
        ]
      ],
      "essay_scoreT_cont": [
        [
          3,
          2,
          2,
          2
        ],
        [
          3,
          3,
          3,
          2
        ],
        [
          3,
          2,
          2,
          3
        ]
      ],
      "essay_scoreT_exp": [
        [
          3,
          3,
          3
        ],
        [
          2,
          2,
          2
        ],
        [
          3,
          3,
          3
        ]
      ]
    }
  },
  "student": {
    "date": "2021.09.07",
    "student_educated": true,
    "student_grade": "고등_1학년",
    "location": "051",
    "student_grade_group": "고등",
    "student_reading": 2
  },
  "rubric": {
    "essay_grade": "고등_1학년",
    "organization_weight": {
      "org_paragraph": 0,
      "org": 3,
      "org_essay": 6,
      "org_coherence": 3,
      "org_quantity": 1
    },
    "essay_type": "대안제시",
    "content_weight": {
      "con_clearance": 3,
      "con_novelty": 3,
      "con": 4,
      "con_prompt": 1,
      "con_description": 3
    },
    "essay_main_subject": "혐오시설 건설문제에 대한 본인의 생각",
    "expression_weight": {
      "exp_style": 4,
      "exp_grammar": 2,
      "exp_vocab": 4,
      "exp": 3
    }
  },
  "correction": [],
  "info": {
    "essay_id": "ESSAY_33874",
    "essay_prompt": " 혐오 시설이란 지역 주민에게 공포감이나 고통을 주거나, 주변 지역의 쾌적성이 훼손됨으로써 집값이나 땅값이 내려가는 등 부정적인 외부효과를 유발하는 시설을 의미합니다.\n\n 대표적인 혐오 시설에는 쓰레기 매립장, 원자력발전소, 소각장, 유류저장소 등이 있습니다.\n\n 매립지, 소각장, 쓰레기 하치장 같은 혐오 시설은 그리 위험하지는 않지만, 쓰레기를 취급한다는 점에서 혐오감을 주며, 주변 환경오염 문제가 갈등을 일으킵니다. 특히 소각장은 인구밀도가 높은 대도시에 건설된다는 점에서 반대 운동이 일기도 합니다.\n\n 그런데 서로 반대만 하다 보면 입지를 찾지 못해 결국 모든 주민의 삶의 질이 저하될 수 있습니다.\n\n 정부 차원에서 가장 적절한 장소를 선별하여 건설 후 주변 사람들에게 혜택을 주는 방식이 적절한 방법일까요? 아니면 혐오 시설만을 모아둔 부지를 따로 정해서 건설해야 할까요? 아니면 모든 도시가 공평하게 혐오 시설 건설에 대한 부담을 지니고 하나씩 건설해야 할까요?\n\n 모두가 만족할만한 결과를 내기란 정말 어려운 문제이지만 여러분이 생각하는 가장 합리적이고 좋은 방법을 생각해보세요. 그리고 그 방법을 대안으로 제시하고 그 근거에 대해 작성해주세요.",
    "essay_type": "대안제시",
    "essay_level": "1",
    "essay_len": 922,
    "essay_main_subject": "혐오시설 건설문제에 대한 본인의 생각"
  }
}