{
  "paragraph": [
    {
      "paragraph_txt": "약 2년 전, 한창 젠더 갈등이 최고조였을 때 정말 아수라장이었다.#@문장구분# 서구권에서 넘어온 페미니즘이 우리나라에 들어와 안 좋은 쪽으로 변질되어 급진적 페미니스트들이 수면 위로 올라와 주목을 받을 때 말이다. #@문장구분#보통 인권 향상 운동이면 대다수가 긍정적으로 보는 경향이 있는데 급진적 페미니스트(이 글에선 페미라 줄여 부르겠다)이 한 인권 향상 운동은 모두에게 좋게 받아들여지지 않았다. #@문장구분#특히 남성 쪽에서는 이 주장에 분노를 하는 사람들이 많았다. #@문장구분#과연 왜 그랬을까? #@문장구분#이걸 풀어야 현 사태를 파악할 수 있고, 해결 방안을 찾을 수 있다 생각이 든다. #@문장구분#당시 페미들이 요구한 것은 현 남성들이 누리는 혜택을 달라는 것이었다.#@문장구분# 즉 완전한 평등, 그리고 그간 차별 받은 것에 대한 보상 요구였다. #@문장구분#(보상 요구를 대놓고 하진 않은 것 같지만, 주장하는 것들을 보면 보상 요구 같이 보이는 항목이 있어 넣었다)#@문장구분#  본격적으로 시작하기 앞서, 최대한 객관적으로 쓸 거지만 내가 남자이기 때문에 편파적일 수 있다는 점 참고 부탁드린다. #@문장구분#과거엔 여성 투표권을, 근래에는 군 가산점 제도 폐지를, 지금은 쿼터제까지.. 갈수록 정당한 것들을 빼앗는 것 같다.#@문장구분#여성 투표권!#@문장구분# 당연한 것이고 마땅히 누려야 하는 것이다. #@문장구분#근데 군 가산점 제도부터 뭔가 이상해지기 시작했다. #@문장구분#군 복무를 마친 남성들에게 취업에 영향을 주는 가산점을 주는 것인데, 당시 여성은 군대를 가지 않았기에 부당하다고 여길 수 있다.#@문장구분# 그래서 남성들이 1년 반의 시간을 강제로 국가를 위해 희생하는데 받는 것이 나아졌나? #@문장구분#그렇지도 않다. #@문장구분#그래도 일단 이해하고 넘어가자.#@문장구분# 근대에 들어선 쿼터제부터 시작하여 이유 상관 없이 결과의 평등을 요구하기 시작했다.#@문장구분# 여성들의 평균 임금이 적기에 인상하라!#@문장구분# 특정 직업군에 여성이 부족하기에 여성을 추가 고용하는 쿼터제를 시행하라! 등 5살 애가 떼 쓰는 것 같았다.#@문장구분# 이미 많은 사람들이 반박했지만, 간단히 반박해보겠다.#@문장구분# 1. 여성 평균 임금이 적은 이유는 남성에 비해 급여 적은 일을 하기 때문이다. #@문장구분#돈이 되는 공대에 여성이 많은가 남성이 많은가?#@문장구분# 2. 쿼터제를 시행하라는 헛소리다. #@문장구분#현 초등 교사는 여성이 더 많다.#@문장구분# 그럼 앞으로 남성을 더 압도적으로 뽑아야 할 것이다. #@문장구분#광부, 공사장 막노동, 택배 상하차 일 등 흔히 3D업종에도 적용해라.#@문장구분# 만약 쿼터제가 시행되고 모든 직장에 50%는 남성, 나머지는 여성이라고 하면, 국가가 개인의 직업을 결정하는 세상이 될 것이다.#@문장구분# 여성의 자유를 주장하는 단체에서 인류 전체의 자유를 억압하는 것이 과연 옳은 일일까?#@문장구분# 내가 이 상황을 특히 심각하게 받아들인 이유는, 이 이슈 이후 내가 생각하기에 잘 못된 성교육(젠더 이해)이 만연하게 되었고, 중학교 때에는 선생님들을 대상으로 하는 수업을 지나가다 보게 되었는데, 남성이 여태껏 모든 항목에서 절대적 우위를 가지고 있다 라는 말을 듣고 사태의 심각성을 다시 느꼈다.#@문장구분# 과거에 비해서 왜 이렇게 되었을까? #@문장구분#가장 큰 이유는 과거에는 여성과 남성은 서로 도움을 필요로 했기 때문이다. #@문장구분#하지만 지금은 남녀 모두 평등한 위치에서 경쟁을 하기 때문에 동업자기 보다는 경쟁 상대로 보는 경향이 커진 것 같다.#@문장구분# 그렇기에 경쟁에서 이기기 위해 낡아빠진 성 고정관념을 가져와 남성들을 끌어내리고, 자신들의 출반선을 높이려고 하는 것 같다.#@문장구분# 물론 경쟁률을 낮춰라 라고는 못하겠지만, 대놓고 경쟁하기 보다는 여성과 남성의 경쟁 구도나 경쟁 종목을 좀 나눴으면 좋겠다. #@문장구분#아니면 협업이라도 할 수 있는 사회적 구조를 만들거나. #@문장구분#평등한 것은 중요한데, 평등을 무기로 자신들의 이권을 가져가지 않았으면 좋겠다.#@문장구분# 인권은 방패이지, 칼이 아니기 때문이다.#@문장구분#",
      "paragraph_len": 2559,
      "paragraph_id": "001"
    }
  ],
  "score": {
    "paragraph_score": [
      {
        "paragraph_scoreT": [
          3,
          2.6,
          2.4
        ],
        "paragraph_scoreT_detail": {
          "paragraph_scoreT_exp": [
            [
              3,
              3,
              3
            ],
            [
              3,
              3,
              2
            ],
            [
              2,
              2,
              3
            ]
          ]
        },
        "paragraph_scoreT_avg": 2.6666667,
        "paragraph_id": "001"
      }
    ],
    "essay_scoreT": [
      30,
      26.099998,
      24.8
    ],
    "essay_scoreT_avg": 26.966665,
    "essay_scoreT_detail": {
      "essay_scoreT_org": [
        [
          3,
          0,
          3,
          3
        ],
        [
          2,
          0,
          2,
          3
        ],
        [
          2,
          0,
          3,
          3
        ]
      ],
      "essay_scoreT_cont": [
        [
          3,
          3,
          3,
          3
        ],
        [
          3,
          3,
          3,
          3
        ],
        [
          3,
          2,
          2,
          3
        ]
      ],
      "essay_scoreT_exp": [
        [
          3,
          3,
          3
        ],
        [
          3,
          3,
          2
        ],
        [
          2,
          2,
          3
        ]
      ]
    }
  },
  "student": {
    "date": "2021.09.03",
    "student_educated": true,
    "student_grade": "고등_1학년",
    "location": "051",
    "student_grade_group": "고등",
    "student_reading": 2
  },
  "rubric": {
    "essay_grade": "고등_1학년",
    "organization_weight": {
      "org_paragraph": 0,
      "org": 3,
      "org_essay": 6,
      "org_coherence": 3,
      "org_quantity": 1
    },
    "essay_type": "대안제시",
    "content_weight": {
      "con_clearance": 3,
      "con_novelty": 3,
      "con": 4,
      "con_prompt": 1,
      "con_description": 3
    },
    "essay_main_subject": "남녀 갈등 해결 방안",
    "expression_weight": {
      "exp_style": 4,
      "exp_grammar": 2,
      "exp_vocab": 4,
      "exp": 3
    }
  },
  "correction": [],
  "info": {
    "essay_id": "ESSAY_34269",
    "essay_prompt": " 남녀 갈등은 최근 우리 사회에서 가장 뜨거운 이슈 중 하나입니다. 이러한 갈등은 아직 간극을 좁히지 못하고 현재 사회적인 문제로 자리 잡았습니다.\n\n 군 가산점 문제, 일자리 문제 등 여러 가지 비교 자료들을 토대로 토론을 하고 이를 통해 갈등을 해결하고자 하는 노력이 이루어지고 있습니다.\n\n 과거에는 성차별 심했던 시기가 있었습니다. 여자와 남자를 구별 지어 일을 주는 경우도 많았습니다. 하지만, 현재는 여자와 남자라는 성별을 떠나서 나이, 국적을 불문하고 모두에게 평등한 기회를 주기 위해 노력하고 있습니다.\n\n 이렇게 모두의 노력에도 불구하고 아직 해결되지 않았거나 해결될 기미가 보이지 않는 양성평등 문제가 있을까요?\n\n 아주 작은 사소한 일이라도 좋습니다. 여러분이 생각하는 우리 주변의 양성평등 문제를 하나 작성해보고 어떻게 해결할 수 있을지 혹은 무엇이 바뀌어야 해결될 것 같은지 본인의 생각을 설명해주세요. ",
    "essay_type": "대안제시",
    "essay_level": "1",
    "essay_len": 1781,
    "essay_main_subject": "남녀 갈등 해결 방안"
  }
}