{
  "paragraph": [
    {
      "paragraph_txt": "요즘 여자들은 세상에서 살기가 힘들만큼 남녀차별이 심했다.#@문장구분# 조선시대때는 남자 중심 사회였다.#@문장구분# 여자들은 집 안일만 하며 밖에 나갈 수 없었고,남자들은 바깥 일을 하며 부엌에는 들어가지도 못하게 했다.#@문장구분# 모두들 남자들을 우대하였고, 여자들은 천한 존재였다.#@문장구분# 학교에서도 물론 사회에서도 지금까지 남녀를 차별하는 곳이 많다.#@문장구분# 학교에서는 선생님들께서는 무거운 짐을 옮길 때마다 힘이 센 남학생들만 시킨다.#@문장구분# 물론 그 것은 여학생들에게는 편한 일이지만, 또 다른 각도에서 본다면 그 것은 남녀를 차별 한다고 볼 수 있다.#@문장구분# 남자니까 당연히 무거운 짐을 옮겨야 한다는 고정관념으로 인해서 우리 사람들은 피해 받고 있다. #@문장구분#미국에서는 결혼을 하면 여자들은 무조건 남자의 성을 따라야 했다고 한다. #@문장구분#그러나 지금은 제도가 바뀌어 꼭 그렇게 하지 않아도 된다고 한다. #@문장구분#자유로운 줄만 알았던 미국에서도 이런 남녀차별이 있었다.#@문장구분# 우리 나라 뿐만 아니라 전 세계적으로 여자와 남자를 차별하면 안된다.#@문장구분# 여자니까, 남자니까 이런 말은 결국 남녀차별에 해당되는 것이다.#@문장구분# 요즘은 남자만 했던 일을 여자도 하고, 여자만 했던 일을 남자도 할 수 있는 시대다.#@문장구분# 앞으로 정부에서 적극적으로 양성평등에 대하여 관심을 가지며, 누구나 평등한 사회에서 살 수 있도록 해주었으면 좋겠다. #@문장구분#그러기 위해서는 우리 모두 함께 힘을 합쳐 서로서로 배려하고 아껴주는 사회를 만들어야 한다고 생각한다. #@문장구분#우선 서로 아끼고 사랑해주기 위해서는 교육이 필요하다. #@문장구분#아무래도 교육을 하면 조금이나마 성평등적인 생각이 자리잡게되고 조금이나마 성평등적으로 행동하려 하기 때문이기 때문이다.#@문장구분#",
      "paragraph_len": 1151,
      "paragraph_id": "001"
    }
  ],
  "score": {
    "paragraph_score": [
      {
        "paragraph_scoreT": [
          3,
          3,
          3
        ],
        "paragraph_scoreT_detail": {
          "paragraph_scoreT_exp": [
            [
              3,
              3,
              3
            ],
            [
              3,
              3,
              3
            ],
            [
              3,
              3,
              3
            ]
          ]
        },
        "paragraph_scoreT_avg": 3,
        "paragraph_id": "001"
      }
    ],
    "essay_scoreT": [
      23.699999,
      28.5,
      27.2
    ],
    "essay_scoreT_avg": 26.466665,
    "essay_scoreT_detail": {
      "essay_scoreT_org": [
        [
          2,
          0,
          2,
          3
        ],
        [
          3,
          0,
          3,
          2
        ],
        [
          3,
          0,
          3,
          3
        ]
      ],
      "essay_scoreT_cont": [
        [
          2,
          2,
          3,
          2
        ],
        [
          3,
          2,
          3,
          3
        ],
        [
          3,
          1,
          2,
          3
        ]
      ],
      "essay_scoreT_exp": [
        [
          3,
          3,
          3
        ],
        [
          3,
          3,
          3
        ],
        [
          3,
          3,
          3
        ]
      ]
    }
  },
  "student": {
    "date": "2021.12.13",
    "student_educated": true,
    "student_grade": "고등_1학년",
    "location": "063",
    "student_grade_group": "고등",
    "student_reading": 2
  },
  "rubric": {
    "essay_grade": "고등_1학년",
    "organization_weight": {
      "org_paragraph": 0,
      "org": 3,
      "org_essay": 6,
      "org_coherence": 3,
      "org_quantity": 1
    },
    "essay_type": "대안제시",
    "content_weight": {
      "con_clearance": 3,
      "con_novelty": 3,
      "con": 4,
      "con_prompt": 1,
      "con_description": 3
    },
    "essay_main_subject": "남녀 갈등 해결 방안",
    "expression_weight": {
      "exp_style": 4,
      "exp_grammar": 2,
      "exp_vocab": 4,
      "exp": 3
    }
  },
  "correction": [],
  "info": {
    "essay_id": "ESSAY_62147",
    "essay_prompt": " 남녀 갈등은 최근 우리 사회에서 가장 뜨거운 이슈 중 하나입니다. 이러한 갈등은 아직 간극을 좁히지 못하고 현재 사회적인 문제로 자리 잡았습니다.\n\n 군 가산점 문제, 일자리 문제 등 여러 가지 비교 자료들을 토대로 토론을 하고 이를 통해 갈등을 해결하고자 하는 노력이 이루어지고 있습니다.\n\n 과거에는 성차별 심했던 시기가 있었습니다. 여자와 남자를 구별 지어 일을 주는 경우도 많았습니다. 하지만, 현재는 여자와 남자라는 성별을 떠나서 나이, 국적을 불문하고 모두에게 평등한 기회를 주기 위해 노력하고 있습니다.\n\n 이렇게 모두의 노력에도 불구하고 아직 해결되지 않았거나 해결될 기미가 보이지 않는 양성평등 문제가 있을까요?\n\n 아주 작은 사소한 일이라도 좋습니다. 여러분이 생각하는 우리 주변의 양성평등 문제를 하나 작성해보고 어떻게 해결할 수 있을지 혹은 무엇이 바뀌어야 해결될 것 같은지 본인의 생각을 설명해주세요. ",
    "essay_type": "대안제시",
    "essay_level": "1",
    "essay_len": 791,
    "essay_main_subject": "남녀 갈등 해결 방안"
  }
}