{
  "paragraph": [
    {
      "paragraph_txt": "혐오시설이란, 지역 주민에게 공포감이나 고통을 주거나 주변지역의 쾌적성이 훼손됨으로써 집값이나 땅값이 내려가는 등 외부적으로 부정적인 영향을 미치는 시설을 의미한다#@문장구분# 최근 기장에서 산업폐기물 매립장 설치에 관해 사업체와 지역단체간의 대립이 있었다.#@문장구분# 당연히 지역주민들은 좋지않게 생각할 수 있겠지만 이런 혐오시설은 어디엔가는 있어야 사람들이 살아갈 수 있다.#@문장구분# 그렇다면 이에 따른 해결 방안이나 대안이 없을까?#@문장구분# 우선, 설치를 하기 전, 지역주민들에게 혜택을 주거나 환경보전을 위한 대책을 미리 마련한뒤, 알려야한다.#@문장구분# 앞서 말했던 기장군에서는 산업폐기물로 인한 폐수, 연기 등 안전권을 침해하는 것과 반경 1.5km이내에 있는 장안사에서의 수행활동에 해를 끼친다는 얘기를 통해 설치를 반대했다.#@문장구분# 사람들이 쓰레기 매립장을 설치해도 안전할 수 있게, 피해를 받지않도록 도움을 줄것이라는 내용을 미리 알림으로써 불안감과 두려움을 덜어내줄 수 있다.#@문장구분# 두 번째로, 폐기물의 양을 줄이는 것이다.#@문장구분# 현재 우리나라에는 산업폐기물 매립장이 포화상태이기 때문에 매립지 대란이 일어나고 있다.#@문장구분# 그 근본적인 원인이 바로 폐기물의 막대한 양이다.#@문장구분# 폐기물의 양부터 줄인다면, 서서히 폐기물 매립지의 수도 줄어들 것이다.#@문장구분# 그렇다면 폐기물의 양을 줄이기 위해서는 어떻게 해야할까?#@문장구분# 우선 사람들에게 현재 상황의 심각성을 알리고, 폐기물의 양에 대한 생각을 일깨워줘야한다고 생각한다.#@문장구분# 그러나 우리는 쓰레기양을 갑자기 많이 줄이기는 힘들다.#@문장구분# 그래서 세 번째로, 폐기물 재활용 비율을 늘리는 방법이 필요하다고 생각한다.#@문장구분# 산업폐기물 뿐만 아니라 생활 폐기물까지 재활용을 해야한다.#@문장구분# 그러기 위해서는 요즘 발견된 바이오 공학이 도움이 될것이라 생각한다.#@문장구분# 플라스틱을 먹는 곰팡이균을 이용하거나, 폐기물을 분해하는 능력을 가진 박테리아의 사용은 플리스틱 등 일상생활에서 버려지는 폐기물등의 양을 줄일뿐더러 재활용까지도 가능하게 한다.#@문장구분# 매립장 설치 장소가 눈에 띄게 부족한 현재 상황에, 조금의 노력과 이런 대안들로 반드시 해결할 수 있을 것이라 생각한다.#@문장구분#",
      "paragraph_len": 1389,
      "paragraph_id": "001"
    }
  ],
  "score": {
    "paragraph_score": [
      {
        "paragraph_scoreT": [
          3,
          2.2,
          2
        ],
        "paragraph_scoreT_detail": {
          "paragraph_scoreT_exp": [
            [
              3,
              3,
              3
            ],
            [
              3,
              2,
              2
            ],
            [
              2,
              2,
              2
            ]
          ]
        },
        "paragraph_scoreT_avg": 2.3999999,
        "paragraph_id": "001"
      }
    ],
    "essay_scoreT": [
      30,
      23.7,
      25.2
    ],
    "essay_scoreT_avg": 26.300001,
    "essay_scoreT_detail": {
      "essay_scoreT_org": [
        [
          3,
          0,
          3,
          3
        ],
        [
          2,
          0,
          2,
          3
        ],
        [
          2,
          0,
          3,
          3
        ]
      ],
      "essay_scoreT_cont": [
        [
          3,
          3,
          3,
          3
        ],
        [
          3,
          2,
          3,
          3
        ],
        [
          3,
          3,
          3,
          3
        ]
      ],
      "essay_scoreT_exp": [
        [
          3,
          3,
          3
        ],
        [
          3,
          2,
          2
        ],
        [
          2,
          2,
          2
        ]
      ]
    }
  },
  "student": {
    "date": "2021.10.19",
    "student_educated": true,
    "student_grade": "고등_1학년",
    "location": "051",
    "student_grade_group": "고등",
    "student_reading": 1
  },
  "rubric": {
    "essay_grade": "고등_1학년",
    "organization_weight": {
      "org_paragraph": 0,
      "org": 3,
      "org_essay": 6,
      "org_coherence": 3,
      "org_quantity": 1
    },
    "essay_type": "대안제시",
    "content_weight": {
      "con_clearance": 3,
      "con_novelty": 3,
      "con": 4,
      "con_prompt": 1,
      "con_description": 3
    },
    "essay_main_subject": "혐오시설 건설문제에 대한 본인의 생각",
    "expression_weight": {
      "exp_style": 4,
      "exp_grammar": 2,
      "exp_vocab": 4,
      "exp": 3
    }
  },
  "correction": [],
  "info": {
    "essay_id": "ESSAY_37426",
    "essay_prompt": " 혐오 시설이란 지역 주민에게 공포감이나 고통을 주거나, 주변 지역의 쾌적성이 훼손됨으로써 집값이나 땅값이 내려가는 등 부정적인 외부효과를 유발하는 시설을 의미합니다.\n\n 대표적인 혐오 시설에는 쓰레기 매립장, 원자력발전소, 소각장, 유류저장소 등이 있습니다.\n\n 매립지, 소각장, 쓰레기 하치장 같은 혐오 시설은 그리 위험하지는 않지만, 쓰레기를 취급한다는 점에서 혐오감을 주며, 주변 환경오염 문제가 갈등을 일으킵니다. 특히 소각장은 인구밀도가 높은 대도시에 건설된다는 점에서 반대 운동이 일기도 합니다.\n\n 그런데 서로 반대만 하다 보면 입지를 찾지 못해 결국 모든 주민의 삶의 질이 저하될 수 있습니다.\n\n 정부 차원에서 가장 적절한 장소를 선별하여 건설 후 주변 사람들에게 혜택을 주는 방식이 적절한 방법일까요? 아니면 혐오 시설만을 모아둔 부지를 따로 정해서 건설해야 할까요? 아니면 모든 도시가 공평하게 혐오 시설 건설에 대한 부담을 지니고 하나씩 건설해야 할까요?\n\n 모두가 만족할만한 결과를 내기란 정말 어려운 문제이지만 여러분이 생각하는 가장 합리적이고 좋은 방법을 생각해보세요. 그리고 그 방법을 대안으로 제시하고 그 근거에 대해 작성해주세요.",
    "essay_type": "대안제시",
    "essay_level": "1",
    "essay_len": 1011,
    "essay_main_subject": "혐오시설 건설문제에 대한 본인의 생각"
  }
}