{
  "paragraph": [
    {
      "paragraph_txt": "남녀간의 sns내 갈등과 혐오 발언이 심화되어가고 있다.#@문장구분#이는 현재 사회적으로도 굉장히 중요한 난제라고 생각한다.#@문장구분# 우리나라는 과거부터 남녀간의 성에 따라서 여러 가지로 다른 대우를 받은 것은 누구나 아는 사실이다.#@문장구분# 이것이 사회적으로 양성평등을 추구하고 최대한 보장하는 세대에 다다르면서 우리나라도 양성평등을 보장하기 시작하였다.#@문장구분# 그로인해 남녀의 역할과 대우에 차이가 없고 서로 동등한 인간으로서 대우하는 것이 상식으로 되어 갔다.#@문장구분# 하지만 이것이 계기가되어 더욱 공평한 남녀평등을 위해 노력하는 여성들이 생기기 시작하였고 그 사람들을 페미니스트라고 하였다.#@문장구분# 그러나 그러한 운동이 변질되어 여성 우월주의에 가까운 잘못된 사상을 가진 레디컬 페미니스트들이 일부 생겨나고 그로인해 페미니스트 자체를 오해하는 경향이 생겨나기 시작하였다.#@문장구분# sns에서의 혐오 발언도 이러한 잘못된 페미니즘과 그 페미니즘을 오해한 사람 사이에서 의 언쟁이 일어나 결국 남녀 혐오발언으로 이어지는 것이다.#@문장구분# 레디컬 페미니즘으로 인해 페미니즘 자체의 인식이 저하되었고 그로인해 여성 인권을 신장시키는 운동이 아예 잘못되었다 라는 인식을 가진 사람이 생기기도 했다.#@문장구분# 뭐든지 과하면 좋지 않다.#@문장구분# 이러한 현상을 해결하기 위해서는 개인이 아닌 사회적 측면에서 해결을 해야한다고 생각한다.#@문장구분#",
      "paragraph_len": 859,
      "paragraph_id": "001"
    },
    {
      "paragraph_txt": " 사회적 능력과 인권의 관점에서 해결방안을 마련해 보자면 나는 잘못된 페미니즘의 인식을 뿌리뽑고 서로를 인권을 가진 대등한 인간이자 서로 같은 위치에 있는 사람이라는 것을 다시금 생각해 보도록 하게 해야한다 생각한다.#@문장구분# 또 한가지 인터넷 실명제를 사용해 인터넷상에서 분란을 조장하는 글을쓰는 사람을 없애는것도 나쁘지 않은 방법일 것 같다.#@문장구분#",
      "paragraph_len": 228,
      "paragraph_id": "002"
    }
  ],
  "score": {
    "paragraph_score": [
      {
        "paragraph_scoreT": [
          3,
          2.4,
          2.8
        ],
        "paragraph_scoreT_detail": {
          "paragraph_scoreT_exp": [
            [
              3,
              3,
              3
            ],
            [
              2,
              3,
              2
            ],
            [
              2,
              3,
              3
            ]
          ]
        },
        "paragraph_scoreT_avg": 2.7333333,
        "paragraph_id": "001"
      },
      {
        "paragraph_scoreT": [
          3,
          2.4,
          2.8
        ],
        "paragraph_scoreT_detail": {
          "paragraph_scoreT_exp": [
            [
              3,
              3,
              3
            ],
            [
              2,
              3,
              2
            ],
            [
              2,
              3,
              3
            ]
          ]
        },
        "paragraph_scoreT_avg": 2.7333333,
        "paragraph_id": "002"
      }
    ],
    "essay_scoreT": [
      29.6,
      21.2,
      28.2
    ],
    "essay_scoreT_avg": 26.333334,
    "essay_scoreT_detail": {
      "essay_scoreT_org": [
        [
          3,
          0,
          3,
          3
        ],
        [
          2,
          0,
          2,
          2
        ],
        [
          3,
          0,
          3,
          3
        ]
      ],
      "essay_scoreT_cont": [
        [
          3,
          3,
          2,
          3
        ],
        [
          2,
          2,
          2,
          2
        ],
        [
          3,
          2,
          3,
          3
        ]
      ],
      "essay_scoreT_exp": [
        [
          3,
          3,
          3
        ],
        [
          2,
          3,
          2
        ],
        [
          2,
          3,
          3
        ]
      ]
    }
  },
  "student": {
    "date": "2021.10.01",
    "student_educated": true,
    "student_grade": "고등_1학년",
    "location": "051",
    "student_grade_group": "고등",
    "student_reading": 1
  },
  "rubric": {
    "essay_grade": "고등_1학년",
    "organization_weight": {
      "org_paragraph": 0,
      "org": 3,
      "org_essay": 6,
      "org_coherence": 3,
      "org_quantity": 1
    },
    "essay_type": "대안제시",
    "content_weight": {
      "con_clearance": 3,
      "con_novelty": 3,
      "con": 4,
      "con_prompt": 1,
      "con_description": 3
    },
    "essay_main_subject": "남녀 갈등 해결 방안",
    "expression_weight": {
      "exp_style": 4,
      "exp_grammar": 2,
      "exp_vocab": 4,
      "exp": 3
    }
  },
  "correction": [],
  "info": {
    "essay_id": "ESSAY_37033",
    "essay_prompt": " 남녀 갈등은 최근 우리 사회에서 가장 뜨거운 이슈 중 하나입니다. 이러한 갈등은 아직 간극을 좁히지 못하고 현재 사회적인 문제로 자리 잡았습니다.\n\n 군 가산점 문제, 일자리 문제 등 여러 가지 비교 자료들을 토대로 토론을 하고 이를 통해 갈등을 해결하고자 하는 노력이 이루어지고 있습니다.\n\n 과거에는 성차별 심했던 시기가 있었습니다. 여자와 남자를 구별 지어 일을 주는 경우도 많았습니다. 하지만, 현재는 여자와 남자라는 성별을 떠나서 나이, 국적을 불문하고 모두에게 평등한 기회를 주기 위해 노력하고 있습니다.\n\n 이렇게 모두의 노력에도 불구하고 아직 해결되지 않았거나 해결될 기미가 보이지 않는 양성평등 문제가 있을까요?\n\n 아주 작은 사소한 일이라도 좋습니다. 여러분이 생각하는 우리 주변의 양성평등 문제를 하나 작성해보고 어떻게 해결할 수 있을지 혹은 무엇이 바뀌어야 해결될 것 같은지 본인의 생각을 설명해주세요. ",
    "essay_type": "대안제시",
    "essay_level": "1",
    "essay_len": 831,
    "essay_main_subject": "남녀 갈등 해결 방안"
  }
}