{
  "paragraph": [
    {
      "paragraph_txt": "지난 16일 #@소속# #@이름#가 남성 혐오 표현을 사용한 사실이 밝혀졌다.#@문장구분# #@소속# #@이름#는 자신의 유튜브 계정에 7건의 카카오톡 문자 메시지를 공개한 것이다.#@문장구분# 내용에 따르면 '한남', 'X팔' 등 조롱과 비방의 말이 가득했다.#@문장구분# #@이름#는 2013년에도 한강에 투신한 #@이름#를 향해 '한강에 빠져 죽은 한남 XX'라고 언급을 해 논란이 되었던 적이 있다.#@문장구분# 이에 #@이름#는 '미러링의 일환일 뿐'이라며 '맥락을 무시하고 조롱과 비방으로 매도해서는 안된다'고 했다.#@문장구분# 한편 #@이름#는 이번 폭로가 #@이름#로부터 나라를 지키기 위한 공익의 목적임을 강조했다.#@문장구분#",
      "paragraph_len": 556,
      "paragraph_id": "001"
    },
    {
      "paragraph_txt": " 최근 우리 사회에 혐오 표현이 가득해지고 있다.#@문장구분# 위의 상황처럼 남녀 혐오뿐만 아니라 종교, 인종 둥 혐오표현의 종류도 다양해지고 수위도 점점 올라가고 있다.#@문장구분#",
      "paragraph_len": 128,
      "paragraph_id": "002"
    },
    {
      "paragraph_txt": " 이런 혐오 표현 문제를 해결하기 위한 3가지 방법이 있다. #@문장구분#먼저, 혐오 표현 사용에 대한 법적인 규제를 더 강화하는 것이다.#@문장구분# 일본 오사카, 프랑스, 벨기에, 영국 등 많은 나라들이 지역법, 헌법, 인종차별 금지법 등에서 혐오 표현을 강하게 규제하고 있다.#@문장구분# 우리나라도 위의 나라들처럼 혐오 표현 관련 법안을 만들고 더 강화시켜야 한다.#@문장구분#",
      "paragraph_len": 267,
      "paragraph_id": "003"
    },
    {
      "paragraph_txt": " 둘째, AI를 이용한 필터링 기능을 사용하는 것이다.#@문장구분# 현재 네이버, 다음 등 몇몇의 인터넷 플랫폼에서 욕설과 관련된 말을 AI가 학습을 해 스스로 지우는 필터링 기능을 사용하고 있다.#@문장구분# 지금의 필터링 기능에 혐오 표현에 대한 것들을 학습을 시키고 이 기능을 몇몇이 아닌 모든 인터넷 플랫폼에 의무적으로 적용을 시킨다면 혐오 표현이 줄어들 것이다.#@문장구분#",
      "paragraph_len": 253,
      "paragraph_id": "004"
    },
    {
      "paragraph_txt": " 마지막으로, 청소년들을 대상으로 한 교육이다.#@문장구분# 청소년에게 혐오 표현을 썼을 때 어떤 처벌을 받을 수 있는지, 왜 쓰면 안되는지를 가르치는 것이다.#@문장구분# 청소년들만 인터넷을 사용하는 것은 아니지만 그들의 사상을 정립해 나가는 시기에 올바른 사상을 심어주고, 이런 교육을 계속 하다보면 미래에는 혐오 표현이 줄어들 것이다.#@문장구분#",
      "paragraph_len": 236,
      "paragraph_id": "005"
    },
    {
      "paragraph_txt": " 혐오 표현이 만연해지고 있는 우리 사회에 법적인 규제, 필터링 기능, 교육을 통해 혐오표현을 줄일 수 있을 것이고, 우리 모두 혐오 표현을 줄이기 위해 노력해야 한다.#@문장구분#",
      "paragraph_len": 114,
      "paragraph_id": "006"
    }
  ],
  "score": {
    "paragraph_score": [
      {
        "paragraph_scoreT": [
          3,
          2.6,
          2.6
        ],
        "paragraph_scoreT_detail": {
          "paragraph_scoreT_exp": [
            [
              3,
              3,
              3
            ],
            [
              3,
              2,
              3
            ],
            [
              3,
              2,
              3
            ]
          ]
        },
        "paragraph_scoreT_avg": 2.7333333,
        "paragraph_id": "001"
      },
      {
        "paragraph_scoreT": [
          3,
          2.6,
          2.6
        ],
        "paragraph_scoreT_detail": {
          "paragraph_scoreT_exp": [
            [
              3,
              3,
              3
            ],
            [
              3,
              2,
              3
            ],
            [
              3,
              2,
              3
            ]
          ]
        },
        "paragraph_scoreT_avg": 2.7333333,
        "paragraph_id": "002"
      },
      {
        "paragraph_scoreT": [
          2.6,
          2.6,
          2.6
        ],
        "paragraph_scoreT_detail": {
          "paragraph_scoreT_exp": [
            [
              3,
              3,
              2
            ],
            [
              3,
              2,
              3
            ],
            [
              3,
              2,
              3
            ]
          ]
        },
        "paragraph_scoreT_avg": 2.6,
        "paragraph_id": "003"
      },
      {
        "paragraph_scoreT": [
          2.6,
          2.6,
          2.6
        ],
        "paragraph_scoreT_detail": {
          "paragraph_scoreT_exp": [
            [
              3,
              3,
              2
            ],
            [
              3,
              2,
              3
            ],
            [
              3,
              2,
              3
            ]
          ]
        },
        "paragraph_scoreT_avg": 2.6,
        "paragraph_id": "004"
      },
      {
        "paragraph_scoreT": [
          2.6,
          2.6,
          2.6
        ],
        "paragraph_scoreT_detail": {
          "paragraph_scoreT_exp": [
            [
              3,
              3,
              2
            ],
            [
              3,
              2,
              3
            ],
            [
              3,
              2,
              3
            ]
          ]
        },
        "paragraph_scoreT_avg": 2.6,
        "paragraph_id": "005"
      },
      {
        "paragraph_scoreT": [
          2.6,
          2.6,
          2.6
        ],
        "paragraph_scoreT_detail": {
          "paragraph_scoreT_exp": [
            [
              3,
              3,
              2
            ],
            [
              3,
              2,
              3
            ],
            [
              3,
              2,
              3
            ]
          ]
        },
        "paragraph_scoreT_avg": 2.6,
        "paragraph_id": "006"
      }
    ],
    "essay_scoreT": [
      23.7,
      24.6,
      27.9
    ],
    "essay_scoreT_avg": 25.400002,
    "essay_scoreT_detail": {
      "essay_scoreT_org": [
        [
          2,
          0,
          2,
          3
        ],
        [
          2,
          0,
          3,
          3
        ],
        [
          3,
          0,
          2,
          3
        ]
      ],
      "essay_scoreT_cont": [
        [
          2,
          2,
          3,
          3
        ],
        [
          3,
          2,
          3,
          2
        ],
        [
          3,
          3,
          3,
          3
        ]
      ],
      "essay_scoreT_exp": [
        [
          3,
          3,
          2
        ],
        [
          3,
          2,
          3
        ],
        [
          3,
          2,
          3
        ]
      ]
    }
  },
  "student": {
    "date": "2021.09.03",
    "student_educated": true,
    "student_grade": "고등_1학년",
    "location": "051",
    "student_grade_group": "고등",
    "student_reading": 1
  },
  "rubric": {
    "essay_grade": "고등_1학년",
    "organization_weight": {
      "org_paragraph": 0,
      "org": 3,
      "org_essay": 6,
      "org_coherence": 3,
      "org_quantity": 1
    },
    "essay_type": "대안제시",
    "content_weight": {
      "con_clearance": 3,
      "con_novelty": 3,
      "con": 4,
      "con_prompt": 1,
      "con_description": 3
    },
    "essay_main_subject": "남녀 갈등 해결 방안",
    "expression_weight": {
      "exp_style": 4,
      "exp_grammar": 2,
      "exp_vocab": 4,
      "exp": 3
    }
  },
  "correction": [],
  "info": {
    "essay_id": "ESSAY_35610",
    "essay_prompt": " 남녀 갈등은 최근 우리 사회에서 가장 뜨거운 이슈 중 하나입니다. 이러한 갈등은 아직 간극을 좁히지 못하고 현재 사회적인 문제로 자리 잡았습니다.\n\n 군 가산점 문제, 일자리 문제 등 여러 가지 비교 자료들을 토대로 토론을 하고 이를 통해 갈등을 해결하고자 하는 노력이 이루어지고 있습니다.\n\n 과거에는 성차별 심했던 시기가 있었습니다. 여자와 남자를 구별 지어 일을 주는 경우도 많았습니다. 하지만, 현재는 여자와 남자라는 성별을 떠나서 나이, 국적을 불문하고 모두에게 평등한 기회를 주기 위해 노력하고 있습니다.\n\n 이렇게 모두의 노력에도 불구하고 아직 해결되지 않았거나 해결될 기미가 보이지 않는 양성평등 문제가 있을까요?\n\n 아주 작은 사소한 일이라도 좋습니다. 여러분이 생각하는 우리 주변의 양성평등 문제를 하나 작성해보고 어떻게 해결할 수 있을지 혹은 무엇이 바뀌어야 해결될 것 같은지 본인의 생각을 설명해주세요. ",
    "essay_type": "대안제시",
    "essay_level": "1",
    "essay_len": 1077,
    "essay_main_subject": "남녀 갈등 해결 방안"
  }
}