{
  "paragraph": [
    {
      "paragraph_txt": "밀양 송전탑 문제는 2008년부터 현재까지 아직 해결이 되지 않은 문제로 밀양 지역 주민들과 한국 전력 공사 간의 합의가 이루어지지 않고 있다.#@문장구분# 이로 인해 자살을 한 밀양 주민이 두 명이나 되며, 시위를 벌이다 여러명의 사상자가 발생하기도 했다.#@문장구분#",
      "paragraph_len": 177,
      "paragraph_id": "001"
    },
    {
      "paragraph_txt": " 더이상 피해자가 나오지 않기 위해 이 문제를 해결할 방안으로는 첫째, 이 사건의 논점인 '고전압 송전탑에서 나오는 전자파는 인체에 유해한가, 유해하지 않은가'에 대한 한국 전력 공사의 주장인 송전탑의 전자기파는 인체에 유해하지 않음에 대해 명확한 근거를 밀양 주민들에게 제시하여 밀양 주민들을 안심시켜 주어야 합니다. #@문장구분#송전탑 설치에 반대하는 밀양 지역 주민들과 일부 환경 단체들은 고전압 송전선 근처에 장기간 노출되면 인체에 해롭다는 주장을 했습니다.#@문장구분# 하지만 그와 반대로 한국 전력 공사는 송전탑의 전자파가 암환자나 가축 피해를 발생시킨다는 정확한 근거는 어디에도 없음을 밝혔다.#@문장구분# 또한 실제로 전자파에 예민한 꿀벌조차 송전탑에 집을 짓고 살고있으며, 송전탑 근처에서 생활하는 다른 지역 주민들도 건강에 아무 이상 없이 잘 살고 있다고 덧붙여 말했다.#@문장구분# 한전은 이에 대한 연구 결과나 보고서 등 정확한 근거물을 밀양 주민들에게 밀양 시민들에게 보여줌으로써 그들을 안정시키고 그들과 합의를 볼 필요가 있습니다.#@문장구분#",
      "paragraph_len": 607,
      "paragraph_id": "002"
    },
    {
      "paragraph_txt": " 둘째, 한국 전력 공사는 밀양 시민들을 설득하기 위해 약속했던 지역 개발 산업에 대한 구체적인 계획과 방안을 내놓고 이를 실천시킵니다.#@문장구분# 밀양 주민들을 설득시키기 위해 지역 경제를 활성화 시키겠다고 했던 그들의 말을 실현시켜 밀양 주민들이 송전탑 설치에 합의하도록 합니다.#@문장구분#\n셋째, 지역 주민 모두에게 보상을 해줍니다.#@문장구분# 피해에 대한 금전적인 보상을 해주거나 전기세를 면제해주는 등의 충분한 보상을 보장해줌으로써 지역 주민들과 합의를 봅니다.#@문장구분#",
      "paragraph_len": 325,
      "paragraph_id": "003"
    }
  ],
  "score": {
    "paragraph_score": [
      {
        "paragraph_scoreT": [
          3,
          3,
          3
        ],
        "paragraph_scoreT_detail": {
          "paragraph_scoreT_exp": [
            [
              3,
              3,
              3
            ],
            [
              3,
              3,
              3
            ],
            [
              3,
              3,
              3
            ]
          ]
        },
        "paragraph_scoreT_avg": 3,
        "paragraph_id": "001"
      },
      {
        "paragraph_scoreT": [
          3,
          3,
          3
        ],
        "paragraph_scoreT_detail": {
          "paragraph_scoreT_exp": [
            [
              3,
              3,
              3
            ],
            [
              3,
              3,
              3
            ],
            [
              3,
              3,
              3
            ]
          ]
        },
        "paragraph_scoreT_avg": 3,
        "paragraph_id": "002"
      },
      {
        "paragraph_scoreT": [
          3,
          3,
          2.4
        ],
        "paragraph_scoreT_detail": {
          "paragraph_scoreT_exp": [
            [
              3,
              3,
              3
            ],
            [
              3,
              3,
              3
            ],
            [
              2,
              3,
              2
            ]
          ]
        },
        "paragraph_scoreT_avg": 2.8,
        "paragraph_id": "003"
      }
    ],
    "essay_scoreT": [
      26.7,
      27.9,
      24.9
    ],
    "essay_scoreT_avg": 26.5,
    "essay_scoreT_detail": {
      "essay_scoreT_org": [
        [
          2,
          0,
          3,
          2
        ],
        [
          2,
          0,
          3,
          2
        ],
        [
          2,
          0,
          2,
          3
        ]
      ],
      "essay_scoreT_cont": [
        [
          3,
          2,
          3,
          3
        ],
        [
          3,
          3,
          3,
          3
        ],
        [
          3,
          2,
          3,
          2
        ]
      ],
      "essay_scoreT_exp": [
        [
          3,
          3,
          3
        ],
        [
          3,
          3,
          3
        ],
        [
          3,
          3,
          3
        ]
      ]
    }
  },
  "student": {
    "date": "2021.09.07",
    "student_educated": true,
    "student_grade": "고등_1학년",
    "location": "051",
    "student_grade_group": "고등",
    "student_reading": 3
  },
  "rubric": {
    "essay_grade": "고등_1학년",
    "organization_weight": {
      "org_paragraph": 0,
      "org": 3,
      "org_essay": 6,
      "org_coherence": 3,
      "org_quantity": 1
    },
    "essay_type": "대안제시",
    "content_weight": {
      "con_clearance": 3,
      "con_novelty": 3,
      "con": 4,
      "con_prompt": 1,
      "con_description": 3
    },
    "essay_main_subject": "혐오시설 건설문제에 대한 본인의 생각",
    "expression_weight": {
      "exp_style": 4,
      "exp_grammar": 2,
      "exp_vocab": 4,
      "exp": 3
    }
  },
  "correction": [],
  "info": {
    "essay_id": "ESSAY_33863",
    "essay_prompt": " 혐오 시설이란 지역 주민에게 공포감이나 고통을 주거나, 주변 지역의 쾌적성이 훼손됨으로써 집값이나 땅값이 내려가는 등 부정적인 외부효과를 유발하는 시설을 의미합니다.\n\n 대표적인 혐오 시설에는 쓰레기 매립장, 원자력발전소, 소각장, 유류저장소 등이 있습니다.\n\n 매립지, 소각장, 쓰레기 하치장 같은 혐오 시설은 그리 위험하지는 않지만, 쓰레기를 취급한다는 점에서 혐오감을 주며, 주변 환경오염 문제가 갈등을 일으킵니다. 특히 소각장은 인구밀도가 높은 대도시에 건설된다는 점에서 반대 운동이 일기도 합니다.\n\n 그런데 서로 반대만 하다 보면 입지를 찾지 못해 결국 모든 주민의 삶의 질이 저하될 수 있습니다.\n\n 정부 차원에서 가장 적절한 장소를 선별하여 건설 후 주변 사람들에게 혜택을 주는 방식이 적절한 방법일까요? 아니면 혐오 시설만을 모아둔 부지를 따로 정해서 건설해야 할까요? 아니면 모든 도시가 공평하게 혐오 시설 건설에 대한 부담을 지니고 하나씩 건설해야 할까요?\n\n 모두가 만족할만한 결과를 내기란 정말 어려운 문제이지만 여러분이 생각하는 가장 합리적이고 좋은 방법을 생각해보세요. 그리고 그 방법을 대안으로 제시하고 그 근거에 대해 작성해주세요.",
    "essay_type": "대안제시",
    "essay_level": "1",
    "essay_len": 894,
    "essay_main_subject": "혐오시설 건설문제에 대한 본인의 생각"
  }
}