{
  "paragraph": [
    {
      "paragraph_txt": "주변을 둘러보면 남녀차별이 일어나는 현상을 볼 수 있다.#@문장구분# 버스나 지하철 또는 주차장을 보면 여성 전용 자리가 있는걸 볼 수 있다.#@문장구분# 또, 남자는 밖에 나가 일을 하고 여자는 집에서 집안일을 하는 인식이 아예 없어진 상태는 아니다.#@문장구분# 또, 남자만 상주를 하는 경우나, 대통령은 남자만 해야 된다. 라는 인식들은 아직 남아있는 상태이다.#@문장구분# 과연 이게 옳은 일 일까?#@문장구분# 더 나은 미래를 만들기 위해서는 현재의 우리가 먼저 노력을 하면서 인식을 바꿔나가야 할 때인 것 같다.#@문장구분# 이를 해결하기 위해서는 우리는 무슨 노력을 해야 할까?#@문장구분# 알아보기 전에 먼저 8년째 양성평등 나라의 1등인 아이슬란드의 특징과 이유를 알아보자.#@문장구분# \n첫 번째 취업 여성이 평균 2명의 아이를 가졌을 때 일과 육아를 병행할 수 있도록 국가지원을 해준다.#@문장구분# 두 번째 우리나라에서는 보기 드문 공평한 가사분담이 아이슬란드에서는 일반적인 현상이라고 한다.#@문장구분# 직장 남성이 사용할 수 있는 육아 휴가 제도를 평균 90%는 사용한다고 한다.#@문장구분# 세 번째 아이슬란드에서는 유치원~고등학교 때까지 양성평등에 대해 교육을 받는 게 법으로 지정되어 있고 절반의 학교에서는 페미니즘 과목을 만들어 양성평등의 교육을 받을 수 있게 할 수 있다.#@문장구분# 네 번째 남성보다 여성의 대학교 졸업 수가 두 배는 더 많으며, 높은 교육 성취도를 자랑한다고 한다.#@문장구분# 다섯 번째와 여섯 번째 전체 여성 중 약 75%의 여성들이 경제활동에 참여할 정도로 세계 최고 여성 취업률을 보여, 기업임 원 중 40%의 여성들이 할당제를 강제하고, 40%의 여성이 장관을 계속 유지할 수 있도록 할당제를 도입했다고 한다.#@문장구분# 이런 예시들을 보면서 우리나라와 많은 차이점을 보일 수 있다.#@문장구분# 우리나라의 남녀차별을 줄이고 양성평등을 높이기 위해서는 우리는 좀 더 집중을 해서 바라볼 수 밖에 없다.#@문장구분# 가장 중요한 방법은  '카피'라고 생각한다.#@문장구분# 좋은 점을 카피하면서 우리나라의 좋은 점도 만들어나갈 수 있다.#@문장구분# 우리에게 가장 중요한 것은 사람들의 머릿속에 박혀있는 인식을 바꿔나가는 것이다.#@문장구분# 이 인식을 바꾸기 위해서는 가장 일상적인 평범한 것부터 하나씩 바꿔 나가야 된다.#@문장구분# 남자와 여자가 가사분담을 공평하게 나누고, 집안일을 하는 남자를 무시하지 말고, 남자 대신 일을 나가는 여자를 멋지게 보지 말고, 남자도 여자와 같은 육아 휴직 제도를 똑같은 시간을 준다. #@문장구분#우리는 이제 육아휴직을 쓴 남자들을 우러러 볼때이다.#@문장구분# 그리고 어릴 때부터 인식을 바꿔주는 것도 가장 중요하다고 생각한다.#@문장구분# 우리나라도 양성평등 교육을 법으로 해야 될 필요가 있다.#@문장구분# 또, 여자가 경제활동을 한다고 무시하면 안된다. #@문장구분#우리는 이제 여자가 세상을 바꿔야 되는 시대이다.#@문장구분# 다른 해결 방안 으로는 다른 성에 관한 편견을 버리고 존중하는 마음을 가져야 한며 남자와 여자가 조화를 이뤄 아름다운 사회를 만들어 나아갔으면 좋겠다.#@문장구분#",
      "paragraph_len": 1922,
      "paragraph_id": "001"
    }
  ],
  "score": {
    "paragraph_score": [
      {
        "paragraph_scoreT": [
          3,
          3,
          3
        ],
        "paragraph_scoreT_detail": {
          "paragraph_scoreT_exp": [
            [
              3,
              3,
              3
            ],
            [
              3,
              3,
              3
            ],
            [
              3,
              3,
              3
            ]
          ]
        },
        "paragraph_scoreT_avg": 3,
        "paragraph_id": "001"
      }
    ],
    "essay_scoreT": [
      27,
      26.6,
      28.2
    ],
    "essay_scoreT_avg": 27.266668,
    "essay_scoreT_detail": {
      "essay_scoreT_org": [
        [
          2,
          0,
          3,
          3
        ],
        [
          2,
          0,
          3,
          3
        ],
        [
          2,
          0,
          3,
          3
        ]
      ],
      "essay_scoreT_cont": [
        [
          3,
          2,
          3,
          3
        ],
        [
          3,
          2,
          2,
          3
        ],
        [
          3,
          3,
          3,
          3
        ]
      ],
      "essay_scoreT_exp": [
        [
          3,
          3,
          3
        ],
        [
          3,
          3,
          3
        ],
        [
          3,
          3,
          3
        ]
      ]
    }
  },
  "student": {
    "date": "2021.11.29",
    "student_educated": true,
    "student_grade": "고등_1학년",
    "location": "041",
    "student_grade_group": "고등",
    "student_reading": 1
  },
  "rubric": {
    "essay_grade": "고등_1학년",
    "organization_weight": {
      "org_paragraph": 0,
      "org": 3,
      "org_essay": 6,
      "org_coherence": 3,
      "org_quantity": 1
    },
    "essay_type": "대안제시",
    "content_weight": {
      "con_clearance": 3,
      "con_novelty": 3,
      "con": 4,
      "con_prompt": 1,
      "con_description": 3
    },
    "essay_main_subject": "남녀 갈등 해결 방안",
    "expression_weight": {
      "exp_style": 4,
      "exp_grammar": 2,
      "exp_vocab": 4,
      "exp": 3
    }
  },
  "correction": [],
  "info": {
    "essay_id": "ESSAY_54709",
    "essay_prompt": " 남녀 갈등은 최근 우리 사회에서 가장 뜨거운 이슈 중 하나입니다. 이러한 갈등은 아직 간극을 좁히지 못하고 현재 사회적인 문제로 자리 잡았습니다.\n\n 군 가산점 문제, 일자리 문제 등 여러 가지 비교 자료들을 토대로 토론을 하고 이를 통해 갈등을 해결하고자 하는 노력이 이루어지고 있습니다.\n\n 과거에는 성차별 심했던 시기가 있었습니다. 여자와 남자를 구별 지어 일을 주는 경우도 많았습니다. 하지만, 현재는 여자와 남자라는 성별을 떠나서 나이, 국적을 불문하고 모두에게 평등한 기회를 주기 위해 노력하고 있습니다.\n\n 이렇게 모두의 노력에도 불구하고 아직 해결되지 않았거나 해결될 기미가 보이지 않는 양성평등 문제가 있을까요?\n\n 아주 작은 사소한 일이라도 좋습니다. 여러분이 생각하는 우리 주변의 양성평등 문제를 하나 작성해보고 어떻게 해결할 수 있을지 혹은 무엇이 바뀌어야 해결될 것 같은지 본인의 생각을 설명해주세요. ",
    "essay_type": "대안제시",
    "essay_level": "1",
    "essay_len": 1383,
    "essay_main_subject": "남녀 갈등 해결 방안"
  }
}