{
  "paragraph": [
    {
      "paragraph_txt": "점차 시간이 지날수록 지구의 평균온도가 1도가 올라감에 따라 여러 문제들이 나타나고 있다.#@문장구분# 북극에 있는 빙하가 녹아서 물의 깊이가 높아지고, 수온이 올라가는 등의 문제가 나타난다.#@문장구분# 이 문제들을 일으키는 원인들은 대기오염, 수질오염, 토양오염 등이 있다.#@문장구분# 여기서 대기오염에 집중적으로 이야기를 해보자면 대기오염은 쓰레기를 매립하거나 소각하는 부분에서 일어난다.#@문장구분# 그래서 쓰레기 매립장과 쓰레기 소각장을 소음, 악취, 대기오염과 같은 이유 때문에 자신의 집 주변이나 지역에 설치하는 것을 반대한다.#@문장구분# 실제로 인천시와 전주에서는 이와같은 문제 때문에 의회를 열었다.#@문장구분# 인하대 교수는 쓰레기 매립장과 소각장이 악취, 소음, 대기오염이 문제라면 현재 그것들을 해결할 수 있는 친환경적인 소각기술과 시설이 준비되어 있다고 하였다.#@문장구분# 그래서 내가 생각하는 첫 번째 문제해결 방법은 이 시설들을 지하 부분으로 옮기는 것이다.#@문장구분# 지하로 옮기게 되면 외관상으로 보이지 않고 땅속에 있기 때문에 소음과 악취가 덜 하다.#@문장구분# 두 번째는 주민들과 합의하에 쓰레기를 소각 및 매립하고 나온 돈을 지원하고 그 외에도 초기에 설치비용도 지원하는 것이다.#@문장구분# 세 번째는 상부 부분에 주민들의 여가활동을 즐길 수 있는 여러 편의 시설을 설치하는 것이다.#@문장구분# 예를 들면 체육관, 카페, 도서관 등이 있다.#@문장구분# 이렇게 하면 주민들도 덕분에 여가시설을 즐길 수 있고 또, 쾌적한 환경유지도 할 수 있기 때문에 지하에 쓰레기 소각장 및 매립지가 있다는 사실도 까먹게 된다.#@문장구분# 네 번째는 쓰레기 매립기술을 보다 더 발전 시켜서 대기오염이 되지 않게 하는 것이다.#@문장구분# 대기오염이 안 되게 친환경적으로 매립, 소각할 수 있는 기술을 더욱 적극 활용하여 소음, 악취, 환경오염을 줄이고 친환경발전기금도 얻어 여러 방면으로 활용이 가능하게 하면 이러한 혐오시설을 좋은 인식과 안전성도 보장할 수 있을 것 같다.#@문장구분#",
      "paragraph_len": 1214,
      "paragraph_id": "001"
    }
  ],
  "score": {
    "paragraph_score": [
      {
        "paragraph_scoreT": [
          3,
          3,
          3
        ],
        "paragraph_scoreT_detail": {
          "paragraph_scoreT_exp": [
            [
              3,
              3,
              3
            ],
            [
              3,
              3,
              3
            ],
            [
              3,
              3,
              3
            ]
          ]
        },
        "paragraph_scoreT_avg": 3,
        "paragraph_id": "001"
      }
    ],
    "essay_scoreT": [
      25.5,
      24.9,
      27
    ],
    "essay_scoreT_avg": 25.800001,
    "essay_scoreT_detail": {
      "essay_scoreT_org": [
        [
          2,
          0,
          3,
          2
        ],
        [
          2,
          0,
          2,
          3
        ],
        [
          2,
          0,
          3,
          3
        ]
      ],
      "essay_scoreT_cont": [
        [
          3,
          2,
          3,
          2
        ],
        [
          3,
          2,
          3,
          2
        ],
        [
          3,
          2,
          3,
          3
        ]
      ],
      "essay_scoreT_exp": [
        [
          3,
          3,
          3
        ],
        [
          3,
          3,
          3
        ],
        [
          3,
          3,
          3
        ]
      ]
    }
  },
  "student": {
    "date": "2021.09.10",
    "student_educated": true,
    "student_grade": "고등_1학년",
    "location": "051",
    "student_grade_group": "고등",
    "student_reading": 1
  },
  "rubric": {
    "essay_grade": "고등_1학년",
    "organization_weight": {
      "org_paragraph": 0,
      "org": 3,
      "org_essay": 6,
      "org_coherence": 3,
      "org_quantity": 1
    },
    "essay_type": "대안제시",
    "content_weight": {
      "con_clearance": 3,
      "con_novelty": 3,
      "con": 4,
      "con_prompt": 1,
      "con_description": 3
    },
    "essay_main_subject": "혐오시설 건설문제에 대한 본인의 생각",
    "expression_weight": {
      "exp_style": 4,
      "exp_grammar": 2,
      "exp_vocab": 4,
      "exp": 3
    }
  },
  "correction": [],
  "info": {
    "essay_id": "ESSAY_33899",
    "essay_prompt": " 혐오 시설이란 지역 주민에게 공포감이나 고통을 주거나, 주변 지역의 쾌적성이 훼손됨으로써 집값이나 땅값이 내려가는 등 부정적인 외부효과를 유발하는 시설을 의미합니다.\n\n 대표적인 혐오 시설에는 쓰레기 매립장, 원자력발전소, 소각장, 유류저장소 등이 있습니다.\n\n 매립지, 소각장, 쓰레기 하치장 같은 혐오 시설은 그리 위험하지는 않지만, 쓰레기를 취급한다는 점에서 혐오감을 주며, 주변 환경오염 문제가 갈등을 일으킵니다. 특히 소각장은 인구밀도가 높은 대도시에 건설된다는 점에서 반대 운동이 일기도 합니다.\n\n 그런데 서로 반대만 하다 보면 입지를 찾지 못해 결국 모든 주민의 삶의 질이 저하될 수 있습니다.\n\n 정부 차원에서 가장 적절한 장소를 선별하여 건설 후 주변 사람들에게 혜택을 주는 방식이 적절한 방법일까요? 아니면 혐오 시설만을 모아둔 부지를 따로 정해서 건설해야 할까요? 아니면 모든 도시가 공평하게 혐오 시설 건설에 대한 부담을 지니고 하나씩 건설해야 할까요?\n\n 모두가 만족할만한 결과를 내기란 정말 어려운 문제이지만 여러분이 생각하는 가장 합리적이고 좋은 방법을 생각해보세요. 그리고 그 방법을 대안으로 제시하고 그 근거에 대해 작성해주세요.",
    "essay_type": "대안제시",
    "essay_level": "1",
    "essay_len": 915,
    "essay_main_subject": "혐오시설 건설문제에 대한 본인의 생각"
  }
}