{
  "paragraph": [
    {
      "paragraph_txt": "혐오시설은 모두가 원하지 않지만 우리에게 꼭 필요한 시설이기 때문에 건설이 불가피하다.#@문장구분# 우리가 혐오시설 건설을 반대하는 이유는 간단하다.#@문장구분# 지역 주민들에게 피해를 주고, 건설에 따른 긍정적인 효과가 없기 때문이다.#@문장구분# 소각장을 예시로 들면 소각장에서 쓰레기와 폐기물을 태우는 과정에서 발생하는 해로운 공기와 쓰레기가 한 곳에 모여 발생할 수 있는 비위생적인 문제, 집값이 떨어지는 등 여러 부정적인 문제들이 발생하기 때문에 건설을 반대한다.#@문장구분# 하지만 현재 우리나라는 인구대비 국토가 매우 좁기 때문에 쓰레기를 매립할 공간이 많이 부족하다.#@문장구분# 또한, 증가하는 쓰레기로 인해 존재하는 매립장도 포화상태이다.#@문장구분# 그렇기 때문에 소각장을 건설하는 것은 피할 수 없다.#@문장구분# 이러한 복합적인 이유들이 공존하는 가운데, 소각장 설치를 반대하는 목소리 때문에 소각장 설치가 늦어지고 쓰레기는 더욱 늘어갈 뿐이다.#@문장구분# 이 문제를 해결하기 위해서는 소각장뿐만 아니라 여러 혐오 시설들을 건설하는데 긍정적인 효과가 있어야한다.#@문장구분# 내가 생각한 대안은 혐오시설을 건설하는 대신, 혐오시설과 함께 모두가 사용할 수 있는 공공시설을 제공하는 것이다.#@문장구분# 예를 들어 화장장이나 소각장을 공원과 함께 건설하여 관광이나 여가를 위한 공간으로 재구성한다면 긍정적인 효과를 불러일으킬 수 있다고 생각한다.#@문장구분# 또한, 공공시설은 특정한 사람들이 아닌 모든 사람들이 이용할 수 있기 때문에 모두가 보상을 받는다는 것 또한 큰 장점이다.#@문장구분# 하지만 원자력 발전소와 같이 공포감을 조성할 수 있는 시설 같은 경우에는 반대의 목소리가 높아질 수 있다.#@문장구분# 이를 해결하기 위해 원자력 발전소의 긍정적인 효과와 안전성을 강조하도록 하고, 건설을 통해 얻을 수 있는 불이익을 보상할 수 있는 제도를 마련함으로써 문제를 해결할 수 있도록 하는 것이다.#@문장구분# 결론은 혐오시설을 건설하는 대신 지역 주민들이 모두가 사용할 수 있는 공공시설을 혐오시설과 함께 마련할 수 있도록 하고, 원자력 발전소와 같이 공포감을 조성할 수 있는 시설에 대해서는, 건설을 통해 얻을 수 있는 긍정적 효과와 안전성을 강조하고, 불이익에 대한 보상을 할 수 있는 제도를 마련해 문제를 해결할 수 있다고 생각한다.#@문장구분#",
      "paragraph_len": 1360,
      "paragraph_id": "001"
    }
  ],
  "score": {
    "paragraph_score": [
      {
        "paragraph_scoreT": [
          3,
          3,
          3
        ],
        "paragraph_scoreT_detail": {
          "paragraph_scoreT_exp": [
            [
              3,
              3,
              3
            ],
            [
              3,
              3,
              3
            ],
            [
              3,
              3,
              3
            ]
          ]
        },
        "paragraph_scoreT_avg": 3,
        "paragraph_id": "001"
      }
    ],
    "essay_scoreT": [
      27.6,
      30,
      30
    ],
    "essay_scoreT_avg": 29.199999,
    "essay_scoreT_detail": {
      "essay_scoreT_org": [
        [
          3,
          0,
          3,
          3
        ],
        [
          3,
          0,
          3,
          3
        ],
        [
          3,
          0,
          3,
          3
        ]
      ],
      "essay_scoreT_cont": [
        [
          2,
          2,
          3,
          3
        ],
        [
          3,
          3,
          3,
          3
        ],
        [
          3,
          3,
          3,
          3
        ]
      ],
      "essay_scoreT_exp": [
        [
          3,
          3,
          3
        ],
        [
          3,
          3,
          3
        ],
        [
          3,
          3,
          3
        ]
      ]
    }
  },
  "student": {
    "date": "2021.10.24",
    "student_educated": true,
    "student_grade": "고등_1학년",
    "location": "063",
    "student_grade_group": "고등",
    "student_reading": 1
  },
  "rubric": {
    "essay_grade": "고등_1학년",
    "organization_weight": {
      "org_paragraph": 0,
      "org": 3,
      "org_essay": 6,
      "org_coherence": 3,
      "org_quantity": 1
    },
    "essay_type": "대안제시",
    "content_weight": {
      "con_clearance": 3,
      "con_novelty": 3,
      "con": 4,
      "con_prompt": 1,
      "con_description": 3
    },
    "essay_main_subject": "혐오시설 건설문제에 대한 본인의 생각",
    "expression_weight": {
      "exp_style": 4,
      "exp_grammar": 2,
      "exp_vocab": 4,
      "exp": 3
    }
  },
  "correction": [],
  "info": {
    "essay_id": "ESSAY_42649",
    "essay_prompt": " 혐오 시설이란 지역 주민에게 공포감이나 고통을 주거나, 주변 지역의 쾌적성이 훼손됨으로써 집값이나 땅값이 내려가는 등 부정적인 외부효과를 유발하는 시설을 의미합니다.\n\n 대표적인 혐오 시설에는 쓰레기 매립장, 원자력발전소, 소각장, 유류저장소 등이 있습니다.\n\n 매립지, 소각장, 쓰레기 하치장 같은 혐오 시설은 그리 위험하지는 않지만, 쓰레기를 취급한다는 점에서 혐오감을 주며, 주변 환경오염 문제가 갈등을 일으킵니다. 특히 소각장은 인구밀도가 높은 대도시에 건설된다는 점에서 반대 운동이 일기도 합니다.\n\n 그런데 서로 반대만 하다 보면 입지를 찾지 못해 결국 모든 주민의 삶의 질이 저하될 수 있습니다.\n\n 정부 차원에서 가장 적절한 장소를 선별하여 건설 후 주변 사람들에게 혜택을 주는 방식이 적절한 방법일까요? 아니면 혐오 시설만을 모아둔 부지를 따로 정해서 건설해야 할까요? 아니면 모든 도시가 공평하게 혐오 시설 건설에 대한 부담을 지니고 하나씩 건설해야 할까요?\n\n 모두가 만족할만한 결과를 내기란 정말 어려운 문제이지만 여러분이 생각하는 가장 합리적이고 좋은 방법을 생각해보세요. 그리고 그 방법을 대안으로 제시하고 그 근거에 대해 작성해주세요.",
    "essay_type": "대안제시",
    "essay_level": "1",
    "essay_len": 1060,
    "essay_main_subject": "혐오시설 건설문제에 대한 본인의 생각"
  }
}