{
  "paragraph": [
    {
      "paragraph_txt": "우리는 어렸을 때부터 양성평등 이라는 말을 많이 듣고 학교에서도 남자와 여자는 동등하다는 것을 교육받았었다.#@문장구분# 살아가다가 남자로써 불리한 것을 요구하여 불만이 쌓일 때도 있고 여자로써 불리한 것을 요구하여 불만이 쌓일 경우도 있다.#@문장구분# 특히 요즘들어 남자와 여자 서로가 서로를 매우 불쾌해 하며 혐오하는 경우가 늘어가고 있다.#@문장구분# 심지어 서로를 향한 심한 헌담과 혐오표현을 하여 사회분위기를 망치고 있다.#@문장구분# 왜 서로를 싫어하며 혐오하고 있는지는 각 개인마다 차이가 있겠지만 주로 3가지로 나뉜다.#@문장구분# 첫째, 소셜미디어, 인터넷에 남녀에 관한 가짜뉴스를 각성하는 것이다.#@문장구분# 이 행위가 어떤 악영향을 끼치냐면 이 가짜뉴스를 본 사람들은 거의 대부분 의심을 하지 않고 그대로 믿어 버리기 때문에 서로가 서로를 혐오하도록 야기시킨다.#@문장구분# 둘째 너무나 발전된 과학, 인터넷기술 때문이다.#@문장구분# 가짜뉴스나 허위사실들이 인터넷에 너무 발전하여 유튜브, 블로그, SNS 등에 빨리 제시되어 많은 사람들이 보기 때문에 더 야기시킨다.#@문장구분# 셋째, 사회환경에 대한 불만족 때문이다.#@문장구분# 여자는 남성에 비해 실업율이 굉장이 높다.#@문장구분# 회사 안에서도 승진이 늦기때문이고, 남자는 여자가 안가는 군대를 가야하는 사실에 더욱 서로를 혐오한다.#@문장구분# 이러한 사회분위기를 망치는 서로를 향한 비난과 혐오는 이제는 사라져야 한다.#@문장구분# 그렇기에 우리는 이 문제를 해결해야하는 방안을 찾아 실천하도록 노력해야한다.#@문장구분# 먼저, 인터넷에 가짜뉴스 작성을 하지 않아야한다.#@문장구분# 그러한 뉴스를 보고 믿는 사람이 있기 때문에 정확한 사실인지 확인하고 기사를 작성해야한다.#@문장구분# 또, 남자와 여자를 차별이라고 생각하지 말고 차이라고 생각해야한다.#@문장구분# 마지막으로 각 기업은 남녀의 승진, 일을 똑같이 해야한다.#@문장구분# 남녀의 업무에 차이를 두지않고, 동등하게 대해야한다.#@문장구분# 이러한 것들을 잘 시킨다면 서로를 향한 혐오 표현은 줄어들 것이다.#@문장구분#",
      "paragraph_len": 1308,
      "paragraph_id": "001"
    }
  ],
  "score": {
    "paragraph_score": [
      {
        "paragraph_scoreT": [
          3,
          2.2,
          2
        ],
        "paragraph_scoreT_detail": {
          "paragraph_scoreT_exp": [
            [
              3,
              3,
              3
            ],
            [
              3,
              2,
              2
            ],
            [
              2,
              2,
              2
            ]
          ]
        },
        "paragraph_scoreT_avg": 2.3999999,
        "paragraph_id": "001"
      }
    ],
    "essay_scoreT": [
      30,
      23.900002,
      24
    ],
    "essay_scoreT_avg": 25.966667,
    "essay_scoreT_detail": {
      "essay_scoreT_org": [
        [
          3,
          0,
          3,
          3
        ],
        [
          3,
          0,
          2,
          3
        ],
        [
          2,
          0,
          3,
          3
        ]
      ],
      "essay_scoreT_cont": [
        [
          3,
          3,
          3,
          3
        ],
        [
          3,
          2,
          2,
          2
        ],
        [
          3,
          2,
          3,
          3
        ]
      ],
      "essay_scoreT_exp": [
        [
          3,
          3,
          3
        ],
        [
          3,
          2,
          2
        ],
        [
          2,
          2,
          2
        ]
      ]
    }
  },
  "student": {
    "date": "2021.10.19",
    "student_educated": true,
    "student_grade": "고등_1학년",
    "location": "051",
    "student_grade_group": "고등",
    "student_reading": 2
  },
  "rubric": {
    "essay_grade": "고등_1학년",
    "organization_weight": {
      "org_paragraph": 0,
      "org": 3,
      "org_essay": 6,
      "org_coherence": 3,
      "org_quantity": 1
    },
    "essay_type": "대안제시",
    "content_weight": {
      "con_clearance": 3,
      "con_novelty": 3,
      "con": 4,
      "con_prompt": 1,
      "con_description": 3
    },
    "essay_main_subject": "남녀 갈등 해결 방안",
    "expression_weight": {
      "exp_style": 4,
      "exp_grammar": 2,
      "exp_vocab": 4,
      "exp": 3
    }
  },
  "correction": [],
  "info": {
    "essay_id": "ESSAY_37454",
    "essay_prompt": " 남녀 갈등은 최근 우리 사회에서 가장 뜨거운 이슈 중 하나입니다. 이러한 갈등은 아직 간극을 좁히지 못하고 현재 사회적인 문제로 자리 잡았습니다.\n\n 군 가산점 문제, 일자리 문제 등 여러 가지 비교 자료들을 토대로 토론을 하고 이를 통해 갈등을 해결하고자 하는 노력이 이루어지고 있습니다.\n\n 과거에는 성차별 심했던 시기가 있었습니다. 여자와 남자를 구별 지어 일을 주는 경우도 많았습니다. 하지만, 현재는 여자와 남자라는 성별을 떠나서 나이, 국적을 불문하고 모두에게 평등한 기회를 주기 위해 노력하고 있습니다.\n\n 이렇게 모두의 노력에도 불구하고 아직 해결되지 않았거나 해결될 기미가 보이지 않는 양성평등 문제가 있을까요?\n\n 아주 작은 사소한 일이라도 좋습니다. 여러분이 생각하는 우리 주변의 양성평등 문제를 하나 작성해보고 어떻게 해결할 수 있을지 혹은 무엇이 바뀌어야 해결될 것 같은지 본인의 생각을 설명해주세요. ",
    "essay_type": "대안제시",
    "essay_level": "1",
    "essay_len": 908,
    "essay_main_subject": "남녀 갈등 해결 방안"
  }
}