{
  "paragraph": [
    {
      "paragraph_txt": "요즘에 sns에서 남녀 비하발언등을 많이 하는데 이러한 행위는 아주 큰 문제점이다.#@문장구분# 남녀 비하발언은 남성과 여성의 서로의 신체 부위등으로 서로를 비하발언 하는 것이다.#@문장구분# 이를 해결하기 위해서는 우선 남녀에 대한 편견 자체를 바꿔야 한다고 생각한다.#@문장구분# 일단 남녀에 대한 편견이나 고정관념이 있기 때문에 서로를 비하발언 하는 것이라고 생각한다. #@문장구분#서로를 욕하다가 결국에는 서로의 성에 대해 공격하기 시작하면서 너가 여자라서 그렇다 너가 남자니까 이해 못한다등 과 같은 비하발언으로 공격한다.#@문장구분# 결국 서로의 비하발언이 결국에는 심해져 이게 사회적으로 큰 문제가 된다.#@문장구분# 두번째로는 서로에 대한 이해가 커야한다.#@문장구분# 옛날에는 남녀차별로 남자가 할수있는 것과 여자가 할수있는 것이 나누어져 있다고 했다.#@문장구분# 예를 들면 남자가 축구를 더 잘하고 여자는 축구를 못한다고 한다는 생각, 여자가 집안일을 더잘하고 남자는 집안일을 못한다는 생각등 남녀차별의 비하발언이 될 수 있다.#@문장구분# 하지만 요즘에는 전혀 그렇지 않다.#@문장구분# 오히려 남자가 옛날에 여자가 했던 일을 더 잘할 수도 있고 그 반대의 경우도 있다고 생각한다. #@문장구분#그러므로 서로에 대한 이해심이 커야 한다고 생각한다.#@문장구분# 세번째로 sns에서 자신이 한사람에게 남녀에 관한 비하발언을 했을 지어도 그것은 전국 모든 남녀에게 비하발언을 한것과 같다.#@문장구분# 만약 그렇게 된다면 사회적으로도 큰문제가 될수있다.#@문장구분# 이러한 것들을 완벽히 해결하기 위해서 비하발언 관련 법들도 만들어 졌으면 하는 바이다.#@문장구분# 또한 sns에서 서로에 대한 비하발언을 하면 당사자에 대한 sns계정 관련에 대한 불이익을 줬으면 한다.#@문장구분# 마지막으로 강조하자면 남녀 비하발언은 사회적으로 큰문제가 될수 있으면 sns뿐만 아니라 어디에서든 해서는 안된다는 사회적문제임을 강조한다.#@문장구분# 그리고 다시한번 이러한 문제들이 빨리 해결 됐으면 하는 바이다.#@문장구분#",
      "paragraph_len": 1258,
      "paragraph_id": "001"
    }
  ],
  "score": {
    "paragraph_score": [
      {
        "paragraph_scoreT": [
          3,
          2.4,
          2.4
        ],
        "paragraph_scoreT_detail": {
          "paragraph_scoreT_exp": [
            [
              3,
              3,
              3
            ],
            [
              2,
              2,
              3
            ],
            [
              2,
              2,
              3
            ]
          ]
        },
        "paragraph_scoreT_avg": 2.6000001,
        "paragraph_id": "001"
      }
    ],
    "essay_scoreT": [
      30,
      24.3,
      27
    ],
    "essay_scoreT_avg": 27.1,
    "essay_scoreT_detail": {
      "essay_scoreT_org": [
        [
          3,
          0,
          3,
          3
        ],
        [
          2,
          0,
          2,
          3
        ],
        [
          3,
          0,
          3,
          3
        ]
      ],
      "essay_scoreT_cont": [
        [
          3,
          3,
          3,
          3
        ],
        [
          2,
          3,
          3,
          3
        ],
        [
          2,
          3,
          3,
          3
        ]
      ],
      "essay_scoreT_exp": [
        [
          3,
          3,
          3
        ],
        [
          2,
          2,
          3
        ],
        [
          2,
          2,
          3
        ]
      ]
    }
  },
  "student": {
    "date": "2021.12.15",
    "student_educated": true,
    "student_grade": "고등_1학년",
    "location": "063",
    "student_grade_group": "고등",
    "student_reading": 3
  },
  "rubric": {
    "essay_grade": "고등_1학년",
    "organization_weight": {
      "org_paragraph": 0,
      "org": 3,
      "org_essay": 6,
      "org_coherence": 3,
      "org_quantity": 1
    },
    "essay_type": "대안제시",
    "content_weight": {
      "con_clearance": 3,
      "con_novelty": 3,
      "con": 4,
      "con_prompt": 1,
      "con_description": 3
    },
    "essay_main_subject": "남녀 갈등 해결 방안",
    "expression_weight": {
      "exp_style": 4,
      "exp_grammar": 2,
      "exp_vocab": 4,
      "exp": 3
    }
  },
  "correction": [],
  "info": {
    "essay_id": "ESSAY_62098",
    "essay_prompt": " 남녀 갈등은 최근 우리 사회에서 가장 뜨거운 이슈 중 하나입니다. 이러한 갈등은 아직 간극을 좁히지 못하고 현재 사회적인 문제로 자리 잡았습니다.\n\n 군 가산점 문제, 일자리 문제 등 여러 가지 비교 자료들을 토대로 토론을 하고 이를 통해 갈등을 해결하고자 하는 노력이 이루어지고 있습니다.\n\n 과거에는 성차별 심했던 시기가 있었습니다. 여자와 남자를 구별 지어 일을 주는 경우도 많았습니다. 하지만, 현재는 여자와 남자라는 성별을 떠나서 나이, 국적을 불문하고 모두에게 평등한 기회를 주기 위해 노력하고 있습니다.\n\n 이렇게 모두의 노력에도 불구하고 아직 해결되지 않았거나 해결될 기미가 보이지 않는 양성평등 문제가 있을까요?\n\n 아주 작은 사소한 일이라도 좋습니다. 여러분이 생각하는 우리 주변의 양성평등 문제를 하나 작성해보고 어떻게 해결할 수 있을지 혹은 무엇이 바뀌어야 해결될 것 같은지 본인의 생각을 설명해주세요. ",
    "essay_type": "대안제시",
    "essay_level": "1",
    "essay_len": 898,
    "essay_main_subject": "남녀 갈등 해결 방안"
  }
}