{
  "paragraph": [
    {
      "paragraph_txt": "혐오 시설에는 교도소, 소각장, 원자력 발전소 등있다.#@문장구분# 하지만 이러한 시설들은 우리 일상에 매우 중요하지만 대다수에 사람들은 님비현상으로 자기 지역에 설치되는 것을 꺼린다.#@문장구분#하지만 어딘가에는 설치 되어야 하고 어느 지역에 설치를 하던 누군가는 피해를 받는다.#@문장구분# 그래서 혐오 시설을 건설할때는 잘 조사하고 건설해야 한다.#@문장구분# 그러면 혐오시설 건설에 대해 어떻게 해결해야할까?#@문장구분#\n나는 일단 교도소 같은 환경오염 물질을 배출해서 직접적으로 삶에 영향을 끼치는 혐오 시설이 아닌 심리적으로 영향을 주는 시설인 교도소를 대도시권 내에 설치 해야한다고 생각 한다.#@문장구분# 왜냐하면 일단 영화에서는 교도소에서 탈옥을 자주 한다는걸로 나와 매우 위험해 보이지만 실제로는 탈옥이 거의 불가능하고 오히려 교도소가 있기에 그 지역의 보안이 강화되어 오히려 치안이 좋아질수 있다.#@문장구분# 또한 현재 대한민국은 대도시권의 집값이 말도 안되게 높게 측정이 되어 서민들은 집을 사기가 매우 힘든데 대도시권에 교도소를 설치 함으로서 집값도 낮출 수 있을 것 같다.#@문장구분# 또한 출소자들이 나올 때 그 가족들이 마중 나오고 그 지역에서 함께 밥을 사먹고 쇼핑하는 등 소비를 함으로써 그 지역의 경제가 활성화 될수도 있다.#@문장구분# 이것은 실제로도 입증이 되었는데, 청송군을 예를 들수 있다.#@문장구분# 이미 청송군은 교도소가 4개나 있는데 여자 교도소를 1개 더 만들어 종합교정타운을 만들겠다고 계획을 세웠다.#@문장구분#\n두 번째로 쓰레기 매립지, 소각장, 등 시설은 사람이 별로 없는 지역에다가 설치해야 한다.#@문장구분# 물론 이때 소수의 사람이 희생하지만 이 사람들에게 혜택을 줄 때 자본이 덜 들기 때문이다.#@문장구분# 그럼 무슨 혜택을 주어야 할까?#@문장구분# 나는 매달 손해비를 주어야 한다고 생각한다.#@문장구분# 이때 손해비는 세금으로 주는 것이 아닌 쓰레기 매립지. 소각장 등을 다른 지역에서 사용할 때 다른 지역에서 돈을 내고 사용하도록 하고 이 돈으로 손해비를 주는 것이다.#@문장구분#\n마지막으로 사람이 살지 않는 지역에 설치하는 것이다.#@문장구분# 예를 들어 산속에다가 짓는 것이다.#@문장구분#\n이렇게 되면 피해 받는 사람이 없고 피해받는 사람이 없기 때문에 보상을 안해줘도 되고 안해주면 돈을 아낄수 있다.#@문장구분# 그래서 이 아낀 돈으로 산에다 설치하여 산으로 가는 길을 정비하면 된다.#@문장구분#",
      "paragraph_len": 1482,
      "paragraph_id": "001"
    }
  ],
  "score": {
    "paragraph_score": [
      {
        "paragraph_scoreT": [
          3,
          3,
          3
        ],
        "paragraph_scoreT_detail": {
          "paragraph_scoreT_exp": [
            [
              3,
              3,
              3
            ],
            [
              3,
              3,
              3
            ],
            [
              3,
              3,
              3
            ]
          ]
        },
        "paragraph_scoreT_avg": 3,
        "paragraph_id": "001"
      }
    ],
    "essay_scoreT": [
      30,
      28.8,
      30
    ],
    "essay_scoreT_avg": 29.6,
    "essay_scoreT_detail": {
      "essay_scoreT_org": [
        [
          3,
          0,
          3,
          3
        ],
        [
          3,
          0,
          3,
          3
        ],
        [
          3,
          0,
          3,
          3
        ]
      ],
      "essay_scoreT_cont": [
        [
          3,
          3,
          3,
          3
        ],
        [
          3,
          2,
          3,
          3
        ],
        [
          3,
          3,
          3,
          3
        ]
      ],
      "essay_scoreT_exp": [
        [
          3,
          3,
          3
        ],
        [
          3,
          3,
          3
        ],
        [
          3,
          3,
          3
        ]
      ]
    }
  },
  "student": {
    "date": "2021.10.22",
    "student_educated": true,
    "student_grade": "고등_1학년",
    "location": "063",
    "student_grade_group": "고등",
    "student_reading": 2
  },
  "rubric": {
    "essay_grade": "고등_1학년",
    "organization_weight": {
      "org_paragraph": 0,
      "org": 3,
      "org_essay": 6,
      "org_coherence": 3,
      "org_quantity": 1
    },
    "essay_type": "대안제시",
    "content_weight": {
      "con_clearance": 3,
      "con_novelty": 3,
      "con": 4,
      "con_prompt": 1,
      "con_description": 3
    },
    "essay_main_subject": "혐오시설 건설문제에 대한 본인의 생각",
    "expression_weight": {
      "exp_style": 4,
      "exp_grammar": 2,
      "exp_vocab": 4,
      "exp": 3
    }
  },
  "correction": [],
  "info": {
    "essay_id": "ESSAY_42633",
    "essay_prompt": " 혐오 시설이란 지역 주민에게 공포감이나 고통을 주거나, 주변 지역의 쾌적성이 훼손됨으로써 집값이나 땅값이 내려가는 등 부정적인 외부효과를 유발하는 시설을 의미합니다.\n\n 대표적인 혐오 시설에는 쓰레기 매립장, 원자력발전소, 소각장, 유류저장소 등이 있습니다.\n\n 매립지, 소각장, 쓰레기 하치장 같은 혐오 시설은 그리 위험하지는 않지만, 쓰레기를 취급한다는 점에서 혐오감을 주며, 주변 환경오염 문제가 갈등을 일으킵니다. 특히 소각장은 인구밀도가 높은 대도시에 건설된다는 점에서 반대 운동이 일기도 합니다.\n\n 그런데 서로 반대만 하다 보면 입지를 찾지 못해 결국 모든 주민의 삶의 질이 저하될 수 있습니다.\n\n 정부 차원에서 가장 적절한 장소를 선별하여 건설 후 주변 사람들에게 혜택을 주는 방식이 적절한 방법일까요? 아니면 혐오 시설만을 모아둔 부지를 따로 정해서 건설해야 할까요? 아니면 모든 도시가 공평하게 혐오 시설 건설에 대한 부담을 지니고 하나씩 건설해야 할까요?\n\n 모두가 만족할만한 결과를 내기란 정말 어려운 문제이지만 여러분이 생각하는 가장 합리적이고 좋은 방법을 생각해보세요. 그리고 그 방법을 대안으로 제시하고 그 근거에 대해 작성해주세요.",
    "essay_type": "대안제시",
    "essay_level": "1",
    "essay_len": 1082,
    "essay_main_subject": "혐오시설 건설문제에 대한 본인의 생각"
  }
}