{
  "paragraph": [
    {
      "paragraph_txt": "아무런 범죄의 동기가 없는 여성 혐오 폭행 및 살인, 성폭행 범죄가 큰 사건 사고와 문제들이 생겨났습니다.#@문장구분# ",
      "paragraph_len": 80,
      "paragraph_id": "001"
    },
    {
      "paragraph_txt": "뿐만 아니라 온라인에서는 일간베스트 저장소에서는 여성 혐오, 장애인, 성 소수자에 대한 비하, 극우 성향을 보여주는 사이트와 워마드라는 남성 혐오, 극단적인 여성 우월주의 같은 것들을 표방하는 사이트를 사용한 온라인 범죄들도 있습니다.#@문장구분# 근데 이게 과연 없었는데 갑자기 생겨난 것은 아닙니다.#@문장구분# sns와 스마트폰의 발달로 분명 옛날이라면 신문 모퉁이의 몇 줄로 끝났을 사건일지도 모르지만 우리는 이 문제들을 직면할 수밖에 없는 상황입니다.#@문장구분# 이를 못 본 척 무시하며 살아갈 수 없습니다.#@문장구분# 이 남녀 혐오발언 및 갈등을 해결하기 위해서는 근본적으로 어렸을 때부터 교육기관과 부모님, 주변 모든 환경에서 성 평등의식, 존중하는 자세를 배워야 하고 가르쳐야 한다고 생각합니다.#@문장구분# 보수적이고 폐쇄적인 생각을 주입식 교육만 하는 것이 아닌 다름을 인정하는 높은 의식 수준으로 교육해야 합니다.#@문장구분# 남녀 모두 같은 인간이고, 다르고, 부족한 부분이 존재할 수밖에 없는 인간이라는 것을 우리 모두 인정하고 배려하고 존중해야 합니다.#@문장구분# 혐오하며 서로를 괴롭히는 것은 그 누구에게도 득이 될 수 없습니다.#@문장구분# ",
      "paragraph_len": 706,
      "paragraph_id": "002"
    },
    {
      "paragraph_txt": "또한 남자는 원래 이렇다.#@문장구분# 여자는 이렇게 해야 한다.#@문장구분# 같은 이분법적인 사고를 지양해야 합니다.#@문장구분# 남자가 뭐가 아프다고 그래?#@문장구분# 남자가 울어?#@문장구분# 같이 어렸을 때부터 그렇게 남자는 약한 모습을 모이면 안 되는 것만 같은 무의식을 갖게 함으로써 소통의 부재가 시작되는 것 같습니다.#@문장구분# ",
      "paragraph_len": 272,
      "paragraph_id": "003"
    },
    {
      "paragraph_txt": "남자도 여자도 아프면 울고, 강함과 약함이 존재하는 사람임을 인정해주고, 서로를 존중합시다.#@문장구분#",
      "paragraph_len": 71,
      "paragraph_id": "004"
    }
  ],
  "score": {
    "paragraph_score": [
      {
        "paragraph_scoreT": [
          3,
          3,
          3
        ],
        "paragraph_scoreT_detail": {
          "paragraph_scoreT_exp": [
            [
              3,
              3,
              3
            ],
            [
              3,
              3,
              3
            ],
            [
              3,
              3,
              3
            ]
          ]
        },
        "paragraph_scoreT_avg": 3,
        "paragraph_id": "001"
      },
      {
        "paragraph_scoreT": [
          3,
          3,
          3
        ],
        "paragraph_scoreT_detail": {
          "paragraph_scoreT_exp": [
            [
              3,
              3,
              3
            ],
            [
              3,
              3,
              3
            ],
            [
              3,
              3,
              3
            ]
          ]
        },
        "paragraph_scoreT_avg": 3,
        "paragraph_id": "002"
      },
      {
        "paragraph_scoreT": [
          3,
          3,
          3
        ],
        "paragraph_scoreT_detail": {
          "paragraph_scoreT_exp": [
            [
              3,
              3,
              3
            ],
            [
              3,
              3,
              3
            ],
            [
              3,
              3,
              3
            ]
          ]
        },
        "paragraph_scoreT_avg": 3,
        "paragraph_id": "003"
      },
      {
        "paragraph_scoreT": [
          3,
          3,
          3
        ],
        "paragraph_scoreT_detail": {
          "paragraph_scoreT_exp": [
            [
              3,
              3,
              3
            ],
            [
              3,
              3,
              3
            ],
            [
              3,
              3,
              3
            ]
          ]
        },
        "paragraph_scoreT_avg": 3,
        "paragraph_id": "004"
      }
    ],
    "essay_scoreT": [
      28.8,
      26.099998,
      28.2
    ],
    "essay_scoreT_avg": 27.699999,
    "essay_scoreT_detail": {
      "essay_scoreT_org": [
        [
          3,
          0,
          3,
          3
        ],
        [
          2,
          0,
          2,
          3
        ],
        [
          2,
          0,
          3,
          3
        ]
      ],
      "essay_scoreT_cont": [
        [
          3,
          2,
          3,
          3
        ],
        [
          3,
          2,
          3,
          3
        ],
        [
          3,
          3,
          3,
          3
        ]
      ],
      "essay_scoreT_exp": [
        [
          3,
          3,
          3
        ],
        [
          3,
          3,
          3
        ],
        [
          3,
          3,
          3
        ]
      ]
    }
  },
  "student": {
    "date": "2021.09.07",
    "student_educated": true,
    "student_grade": "고등_1학년",
    "location": "02",
    "student_grade_group": "고등",
    "student_reading": 1
  },
  "rubric": {
    "essay_grade": "고등_1학년",
    "organization_weight": {
      "org_paragraph": 0,
      "org": 3,
      "org_essay": 6,
      "org_coherence": 3,
      "org_quantity": 1
    },
    "essay_type": "대안제시",
    "content_weight": {
      "con_clearance": 3,
      "con_novelty": 3,
      "con": 4,
      "con_prompt": 1,
      "con_description": 3
    },
    "essay_main_subject": "남녀 갈등 해결 방안",
    "expression_weight": {
      "exp_style": 4,
      "exp_grammar": 2,
      "exp_vocab": 4,
      "exp": 3
    }
  },
  "correction": [],
  "info": {
    "essay_id": "ESSAY_35615",
    "essay_prompt": " 남녀 갈등은 최근 우리 사회에서 가장 뜨거운 이슈 중 하나입니다. 이러한 갈등은 아직 간극을 좁히지 못하고 현재 사회적인 문제로 자리 잡았습니다.\n\n 군 가산점 문제, 일자리 문제 등 여러 가지 비교 자료들을 토대로 토론을 하고 이를 통해 갈등을 해결하고자 하는 노력이 이루어지고 있습니다.\n\n 과거에는 성차별 심했던 시기가 있었습니다. 여자와 남자를 구별 지어 일을 주는 경우도 많았습니다. 하지만, 현재는 여자와 남자라는 성별을 떠나서 나이, 국적을 불문하고 모두에게 평등한 기회를 주기 위해 노력하고 있습니다.\n\n 이렇게 모두의 노력에도 불구하고 아직 해결되지 않았거나 해결될 기미가 보이지 않는 양성평등 문제가 있을까요?\n\n 아주 작은 사소한 일이라도 좋습니다. 여러분이 생각하는 우리 주변의 양성평등 문제를 하나 작성해보고 어떻게 해결할 수 있을지 혹은 무엇이 바뀌어야 해결될 것 같은지 본인의 생각을 설명해주세요. ",
    "essay_type": "대안제시",
    "essay_level": "1",
    "essay_len": 816,
    "essay_main_subject": "남녀 갈등 해결 방안"
  }
}