{
  "paragraph": [
    {
      "paragraph_txt": "최근 남녀간의 갈등이 사회적으로 문제가 되고 있습니다.#@문장구분# 남자와 여자는 경쟁해야 할 존재가 아닌 서로 화합해야 할 존재임에도 불구하고 현재사회에서 페미니즘은 남성을 잠재적인 가해자로, 여성을 피해자로 몰아가는 서사로 인하여 남녀간의 양극화가 심화되고 있습니다.#@문장구분# 이러한 남녀갈등이 계속되면서 언론이나 미디어에도 연일 남녀갈등을 부추기는 기사와 이슈들이 끊이지 않고 있습니다.#@문장구분#",
      "paragraph_len": 267,
      "paragraph_id": "001"
    },
    {
      "paragraph_txt": "이러한 남녀갈등을 최소화 하기 위해서는 여성주의에 치중된 정책 및 제도에 초점을 맞추지 말고, 남성과 여성에 대한 다각적인 관점에 입각한 정책을 수립해야 할 것입니다.#@문장구분# 남녀갈등을 해결하려면 여성만의 입장이나 남성만의 입장에서만 접근해서는 안될 것입니다.#@문장구분# 여성가족부에는 많은 '성평등' 혹은 '젠더' 라는 이름하에 펼쳐진 여성 편향적 정책들이 존재하고 있습니다.#@문장구분# 그러나 남성을 잠재적 가해자로 만들고 여성을 피해자로 보게끔 만드는 이러한 정책들로 인해 오히려 남녀갈등이 심화된다고 생각합니다.#@문장구분# 여성은 남성을 경계하고, 남성도 성별 논란에 휩싸이고 싶지 않아서 여성으로부터 거리를 두게 되는 실정입니다.#@문장구분# 따라서 진정한 양성평등을 위해서는 여성이 주가 되어 일방적으로 문제를 해결하려고 하는 것이 아니라 실질적으로 남성과 여성을 동등하게 바라보는 성에대한 공정한 정책을 마련해야 할 것입니다.#@문장구분#",
      "paragraph_len": 560,
      "paragraph_id": "002"
    },
    {
      "paragraph_txt": "또한 현 세대의 젊은 남녀는 각각의 고유한 성 정체성을 인지할 필요가 있으며 인간의 완전치 않은 존재이므로 여성도 남성도 상대의 역할이 필요할 것입니다.#@문장구분# 따라서 남성과 여성의 고유한 성 역할이 회복되어야 할 것이고 그렇게 남녀관계가 갈등관계가 아닌 상호 보완적인 관계가 될수 있을 때, 비로소 함께 성장할 수 있을것이라 생각됩니다.#@문장구분#",
      "paragraph_len": 225,
      "paragraph_id": "003"
    }
  ],
  "score": {
    "paragraph_score": [
      {
        "paragraph_scoreT": [
          3,
          3,
          2.2
        ],
        "paragraph_scoreT_detail": {
          "paragraph_scoreT_exp": [
            [
              3,
              3,
              3
            ],
            [
              3,
              3,
              3
            ],
            [
              3,
              2,
              2
            ]
          ]
        },
        "paragraph_scoreT_avg": 2.7333333,
        "paragraph_id": "001"
      },
      {
        "paragraph_scoreT": [
          3,
          3,
          2.2
        ],
        "paragraph_scoreT_detail": {
          "paragraph_scoreT_exp": [
            [
              3,
              3,
              3
            ],
            [
              3,
              3,
              3
            ],
            [
              3,
              2,
              2
            ]
          ]
        },
        "paragraph_scoreT_avg": 2.7333333,
        "paragraph_id": "002"
      },
      {
        "paragraph_scoreT": [
          3,
          3,
          2.2
        ],
        "paragraph_scoreT_detail": {
          "paragraph_scoreT_exp": [
            [
              3,
              3,
              3
            ],
            [
              3,
              3,
              3
            ],
            [
              3,
              2,
              2
            ]
          ]
        },
        "paragraph_scoreT_avg": 2.7333333,
        "paragraph_id": "003"
      }
    ],
    "essay_scoreT": [
      26.3,
      27,
      23.900002
    ],
    "essay_scoreT_avg": 25.733332,
    "essay_scoreT_detail": {
      "essay_scoreT_org": [
        [
          2,
          0,
          3,
          2
        ],
        [
          2,
          0,
          3,
          3
        ],
        [
          3,
          0,
          2,
          3
        ]
      ],
      "essay_scoreT_cont": [
        [
          3,
          2,
          2,
          3
        ],
        [
          3,
          2,
          3,
          3
        ],
        [
          2,
          2,
          2,
          3
        ]
      ],
      "essay_scoreT_exp": [
        [
          3,
          3,
          3
        ],
        [
          3,
          3,
          3
        ],
        [
          3,
          2,
          2
        ]
      ]
    }
  },
  "student": {
    "date": "2021.12.04",
    "student_educated": true,
    "student_grade": "고등_1학년",
    "location": "063",
    "student_grade_group": "고등",
    "student_reading": 3
  },
  "rubric": {
    "essay_grade": "고등_1학년",
    "organization_weight": {
      "org_paragraph": 0,
      "org": 3,
      "org_essay": 6,
      "org_coherence": 3,
      "org_quantity": 1
    },
    "essay_type": "대안제시",
    "content_weight": {
      "con_clearance": 3,
      "con_novelty": 3,
      "con": 4,
      "con_prompt": 1,
      "con_description": 3
    },
    "essay_main_subject": "남녀 갈등 해결 방안",
    "expression_weight": {
      "exp_style": 4,
      "exp_grammar": 2,
      "exp_vocab": 4,
      "exp": 3
    }
  },
  "correction": [],
  "info": {
    "essay_id": "ESSAY_54802",
    "essay_prompt": " 남녀 갈등은 최근 우리 사회에서 가장 뜨거운 이슈 중 하나입니다. 이러한 갈등은 아직 간극을 좁히지 못하고 현재 사회적인 문제로 자리 잡았습니다.\n\n 군 가산점 문제, 일자리 문제 등 여러 가지 비교 자료들을 토대로 토론을 하고 이를 통해 갈등을 해결하고자 하는 노력이 이루어지고 있습니다.\n\n 과거에는 성차별 심했던 시기가 있었습니다. 여자와 남자를 구별 지어 일을 주는 경우도 많았습니다. 하지만, 현재는 여자와 남자라는 성별을 떠나서 나이, 국적을 불문하고 모두에게 평등한 기회를 주기 위해 노력하고 있습니다.\n\n 이렇게 모두의 노력에도 불구하고 아직 해결되지 않았거나 해결될 기미가 보이지 않는 양성평등 문제가 있을까요?\n\n 아주 작은 사소한 일이라도 좋습니다. 여러분이 생각하는 우리 주변의 양성평등 문제를 하나 작성해보고 어떻게 해결할 수 있을지 혹은 무엇이 바뀌어야 해결될 것 같은지 본인의 생각을 설명해주세요. ",
    "essay_type": "대안제시",
    "essay_level": "1",
    "essay_len": 837,
    "essay_main_subject": "남녀 갈등 해결 방안"
  }
}