{
  "paragraph": [
    {
      "paragraph_txt": "쓰레기 매립장, 원자력 발전소, 소각장, 유류저장소, 쓰레기 하치장 등 여러 혐오 시설들 때문에 지역 주민에게 공포감이나 고통을 주거나, 주변 지역의 쾌적성이 훼손됨으로써 집값이나 땅값이 내려가는 등의 문제 상황 해결을 위해서 세 가지 방법을 생각해봤다.#@문장구분#",
      "paragraph_len": 162,
      "paragraph_id": "001"
    },
    {
      "paragraph_txt": "첫 번째, 위와 같은 시설들을 설치할 때는 지역 주민들의 동의하에 설치할 수 있도록 한다.#@문장구분# 지역 주민들의 동의하에 시설들을 설치하게 된다면 주민들도 동의한 것이기 때문에 갈등이 더 적어지거나 갈등이 생기지 않을 수 있다.#@문장구분#",
      "paragraph_len": 163,
      "paragraph_id": "002"
    },
    {
      "paragraph_txt": "두 번째, 그 시설을 설치하기 위해 주민들이 다른 지역이나 위와 같은 시설들이 없는 곳으로 갈 수 있도록 이사보조금 같은 것들을 지원해준다.#@문장구분# 위와 같은 혐오 시설들이 생기면 주민들도 불편할 것이기 때문에 쾌적한 곳으로 옮길 수 있도록 한다면 주민들의 불편도 줄어들 것이다.#@문장구분#",
      "paragraph_len": 192,
      "paragraph_id": "003"
    },
    {
      "paragraph_txt": "세 번째, 자연친화적 시설들을 개발한다.#@문장구분# 쓰레기 매립장과 소각장들은 환경을 쉽게 파괴할 수 있는 시설들이다.#@문장구분# 따라서 자연친화적인 방법으로 쓰레기를 모아두거나 태우지않고 환경파괴를 덜하는 방식으로 쓰레기를 처리할 수 있는 시설을 개발하면 주민들의 혐오감도 줄어들 것이고 환경파괴도 감소할 것이며 그것들로 인한 갈등도 감소할 것이다.#@문장구분#",
      "paragraph_len": 244,
      "paragraph_id": "004"
    }
  ],
  "score": {
    "paragraph_score": [
      {
        "paragraph_scoreT": [
          3,
          3,
          3
        ],
        "paragraph_scoreT_detail": {
          "paragraph_scoreT_exp": [
            [
              3,
              3,
              3
            ],
            [
              3,
              3,
              3
            ],
            [
              3,
              3,
              3
            ]
          ]
        },
        "paragraph_scoreT_avg": 3,
        "paragraph_id": "001"
      },
      {
        "paragraph_scoreT": [
          3,
          3,
          2.8
        ],
        "paragraph_scoreT_detail": {
          "paragraph_scoreT_exp": [
            [
              3,
              3,
              3
            ],
            [
              3,
              3,
              3
            ],
            [
              2,
              3,
              3
            ]
          ]
        },
        "paragraph_scoreT_avg": 2.9333334,
        "paragraph_id": "002"
      },
      {
        "paragraph_scoreT": [
          3,
          3,
          2.8
        ],
        "paragraph_scoreT_detail": {
          "paragraph_scoreT_exp": [
            [
              3,
              3,
              3
            ],
            [
              3,
              3,
              3
            ],
            [
              2,
              3,
              3
            ]
          ]
        },
        "paragraph_scoreT_avg": 2.9333334,
        "paragraph_id": "003"
      },
      {
        "paragraph_scoreT": [
          3,
          3,
          2
        ],
        "paragraph_scoreT_detail": {
          "paragraph_scoreT_exp": [
            [
              3,
              3,
              3
            ],
            [
              3,
              3,
              3
            ],
            [
              2,
              2,
              2
            ]
          ]
        },
        "paragraph_scoreT_avg": 2.6666667,
        "paragraph_id": "004"
      }
    ],
    "essay_scoreT": [
      25.2,
      29.7,
      23
    ],
    "essay_scoreT_avg": 25.966667,
    "essay_scoreT_detail": {
      "essay_scoreT_org": [
        [
          2,
          0,
          3,
          1
        ],
        [
          3,
          0,
          3,
          2
        ],
        [
          2,
          0,
          2,
          2
        ]
      ],
      "essay_scoreT_cont": [
        [
          3,
          2,
          3,
          2
        ],
        [
          3,
          3,
          3,
          3
        ],
        [
          3,
          2,
          2,
          2
        ]
      ],
      "essay_scoreT_exp": [
        [
          3,
          3,
          3
        ],
        [
          3,
          3,
          3
        ],
        [
          3,
          2,
          3
        ]
      ]
    }
  },
  "student": {
    "date": "2021.09.07",
    "student_educated": true,
    "student_grade": "고등_1학년",
    "location": "051",
    "student_grade_group": "고등",
    "student_reading": 2
  },
  "rubric": {
    "essay_grade": "고등_1학년",
    "organization_weight": {
      "org_paragraph": 0,
      "org": 3,
      "org_essay": 6,
      "org_coherence": 3,
      "org_quantity": 1
    },
    "essay_type": "대안제시",
    "content_weight": {
      "con_clearance": 3,
      "con_novelty": 3,
      "con": 4,
      "con_prompt": 1,
      "con_description": 3
    },
    "essay_main_subject": "혐오시설 건설문제에 대한 본인의 생각",
    "expression_weight": {
      "exp_style": 4,
      "exp_grammar": 2,
      "exp_vocab": 4,
      "exp": 3
    }
  },
  "correction": [],
  "info": {
    "essay_id": "ESSAY_33828",
    "essay_prompt": " 혐오 시설이란 지역 주민에게 공포감이나 고통을 주거나, 주변 지역의 쾌적성이 훼손됨으로써 집값이나 땅값이 내려가는 등 부정적인 외부효과를 유발하는 시설을 의미합니다.\n\n 대표적인 혐오 시설에는 쓰레기 매립장, 원자력발전소, 소각장, 유류저장소 등이 있습니다.\n\n 매립지, 소각장, 쓰레기 하치장 같은 혐오 시설은 그리 위험하지는 않지만, 쓰레기를 취급한다는 점에서 혐오감을 주며, 주변 환경오염 문제가 갈등을 일으킵니다. 특히 소각장은 인구밀도가 높은 대도시에 건설된다는 점에서 반대 운동이 일기도 합니다.\n\n 그런데 서로 반대만 하다 보면 입지를 찾지 못해 결국 모든 주민의 삶의 질이 저하될 수 있습니다.\n\n 정부 차원에서 가장 적절한 장소를 선별하여 건설 후 주변 사람들에게 혜택을 주는 방식이 적절한 방법일까요? 아니면 혐오 시설만을 모아둔 부지를 따로 정해서 건설해야 할까요? 아니면 모든 도시가 공평하게 혐오 시설 건설에 대한 부담을 지니고 하나씩 건설해야 할까요?\n\n 모두가 만족할만한 결과를 내기란 정말 어려운 문제이지만 여러분이 생각하는 가장 합리적이고 좋은 방법을 생각해보세요. 그리고 그 방법을 대안으로 제시하고 그 근거에 대해 작성해주세요.",
    "essay_type": "대안제시",
    "essay_level": "1",
    "essay_len": 608,
    "essay_main_subject": "혐오시설 건설문제에 대한 본인의 생각"
  }
}