{
  "paragraph": [
    {
      "paragraph_txt": "이렇게 폐허되고, 가축들과 주민들이 여전히 고통받고 있는 장정마을의 문제를 해결하기위해 첫 번째 본질적이며 주민 중심적은 협력을 구축한다.#@문장구분# 당시 수차례 신고가 들어왔음에도 이를 간과한 익산시 관련 공무원을 조사하며, 혐오시설 관련법을 개정하는 것이 무엇보다 중요하다.#@문장구분# 이를 통해 신고가 접수되면, 혐오시설로부터 받는 피해들을 미리 정정해서 주민들이 암에걸려 투병하는일은 줄어들 것이다.#@문장구분# 두 번째, 비료공장으로 인해 피해를 입은 장정마을 주민들에게 의료비지원 및 상담치료를 실시한다.#@문장구분# 사실상 장정마을의 가장 큰 문제를 주민들의 두려움과 혐오감이 여전히 남아있는 것이다.#@문장구분# 80여명 중 15명이 암으로 죽고, 10명이 피부암 등으로 투병중이며 몇몇 주민은 아직도 큰 공장같은 것을 보면 몸을 떨정도로 두려움에 사로잡혀 있다고한다. #@문장구분#따라서 피해입은 주민들에게 의료비지원과 상담치료를 함께 병행한다면 자신의 삶의 터전인 장정마을에 대한 혐오감이 조금이나마 해소 될 것으로 보인다.#@문장구분# 세 번째, 정화작업 및 생태공원이나 시민포럼을 실시한다.#@문장구분# 그동안의 'ㄱ ' 사 비료공장으로 인해 오염되었던 저수지와 까만 먼지로 뒤덮인 집 창문틀을 정화하고 청소한다.#@문장구분# 이를 통해 예전의 쾌적했던 장정마을로 복구를하는 것이다.#@문장구분# 또한, 장정마을에는 가재나 도룡뇽등 쾌적함과 동시에 생태계도 다양한다.#@문장구분#  'ㄱ '사의 비료공장이 있던 곳에 생태공원을 만들다면 여러 동식물들을 통해 장정마을의 생태계다양성은 유지되고, 생태공원을 방문하는 주민들을 자신의 마을의 자무심을 느끼고 이전의 불안감 또한 해소될 것으로 보인다.#@문장구분# 마지막으로 시민포럼을 통해, 피해를 입은 장정마을이 현재 어떤 식으로 치유되고 있으며 어떻게 새롭고 쾌적한 마을로 거듭날 수 있을지 시민들에게 알려주는 것이다.#@문장구분# 이를 통해 주민들은 현재 마을의 상태를 알수 있으며 동시에 익산시에 가졌던 믿음직스럽지 못한 마음도 해소될 수 있을 것으로 보인다.#@문장구분#",
      "paragraph_len": 1217,
      "paragraph_id": "001"
    }
  ],
  "score": {
    "paragraph_score": [
      {
        "paragraph_scoreT": [
          3,
          2.6,
          2
        ],
        "paragraph_scoreT_detail": {
          "paragraph_scoreT_exp": [
            [
              3,
              3,
              3
            ],
            [
              3,
              3,
              2
            ],
            [
              2,
              2,
              2
            ]
          ]
        },
        "paragraph_scoreT_avg": 2.5333333,
        "paragraph_id": "001"
      }
    ],
    "essay_scoreT": [
      30,
      25.4,
      24
    ],
    "essay_scoreT_avg": 26.466667,
    "essay_scoreT_detail": {
      "essay_scoreT_org": [
        [
          3,
          0,
          3,
          3
        ],
        [
          2,
          0,
          3,
          3
        ],
        [
          2,
          0,
          3,
          3
        ]
      ],
      "essay_scoreT_cont": [
        [
          3,
          3,
          3,
          3
        ],
        [
          3,
          2,
          2,
          3
        ],
        [
          3,
          2,
          3,
          3
        ]
      ],
      "essay_scoreT_exp": [
        [
          3,
          3,
          3
        ],
        [
          3,
          3,
          2
        ],
        [
          2,
          2,
          2
        ]
      ]
    }
  },
  "student": {
    "date": "2021.10.19",
    "student_educated": true,
    "student_grade": "고등_1학년",
    "location": "051",
    "student_grade_group": "고등",
    "student_reading": 2
  },
  "rubric": {
    "essay_grade": "고등_1학년",
    "organization_weight": {
      "org_paragraph": 0,
      "org": 3,
      "org_essay": 6,
      "org_coherence": 3,
      "org_quantity": 1
    },
    "essay_type": "대안제시",
    "content_weight": {
      "con_clearance": 3,
      "con_novelty": 3,
      "con": 4,
      "con_prompt": 1,
      "con_description": 3
    },
    "essay_main_subject": "혐오시설 건설문제에 대한 본인의 생각",
    "expression_weight": {
      "exp_style": 4,
      "exp_grammar": 2,
      "exp_vocab": 4,
      "exp": 3
    }
  },
  "correction": [],
  "info": {
    "essay_id": "ESSAY_37420",
    "essay_prompt": " 혐오 시설이란 지역 주민에게 공포감이나 고통을 주거나, 주변 지역의 쾌적성이 훼손됨으로써 집값이나 땅값이 내려가는 등 부정적인 외부효과를 유발하는 시설을 의미합니다.\n\n 대표적인 혐오 시설에는 쓰레기 매립장, 원자력발전소, 소각장, 유류저장소 등이 있습니다.\n\n 매립지, 소각장, 쓰레기 하치장 같은 혐오 시설은 그리 위험하지는 않지만, 쓰레기를 취급한다는 점에서 혐오감을 주며, 주변 환경오염 문제가 갈등을 일으킵니다. 특히 소각장은 인구밀도가 높은 대도시에 건설된다는 점에서 반대 운동이 일기도 합니다.\n\n 그런데 서로 반대만 하다 보면 입지를 찾지 못해 결국 모든 주민의 삶의 질이 저하될 수 있습니다.\n\n 정부 차원에서 가장 적절한 장소를 선별하여 건설 후 주변 사람들에게 혜택을 주는 방식이 적절한 방법일까요? 아니면 혐오 시설만을 모아둔 부지를 따로 정해서 건설해야 할까요? 아니면 모든 도시가 공평하게 혐오 시설 건설에 대한 부담을 지니고 하나씩 건설해야 할까요?\n\n 모두가 만족할만한 결과를 내기란 정말 어려운 문제이지만 여러분이 생각하는 가장 합리적이고 좋은 방법을 생각해보세요. 그리고 그 방법을 대안으로 제시하고 그 근거에 대해 작성해주세요.",
    "essay_type": "대안제시",
    "essay_level": "1",
    "essay_len": 937,
    "essay_main_subject": "혐오시설 건설문제에 대한 본인의 생각"
  }
}