{
  "paragraph": [
    {
      "paragraph_txt": "인류는 지금까지 개발을 통하여 오늘의 풍요로운 삶을 누리게 되었다.#@문장구분#우리의 삶 자체가 개발을 통하여 이루어 졌으며 앞으로 미래를 위한 더 나은 삶을 위하여 자연을 효과적으로 이용하기 위한 계획이 이루어져야 하지만 쓰레기를 취급한다는 점에서 혐오감을 주며, 주변 환경오염 문제로 갈등을 일으키는 혐오시설의 문제점이 발생하고 있다.#@문장구분# 혐오시설과 같은 의미의 단어인 \"님비현상\"이란 'Not in My Backyard'라는 영어 구절의 각 단어 머리글자를 따서 만든 신조이고 간단하게 요약하자면 '내 뒷마당에서는 안 된다'는 이기주의적 의미로 통용되기 시작한, 유해시설 설치를 기피하는 현상이다.#@문장구분#우리나라도 지방자치단체 실시 이후 님비현상이 급증하는 추세이며, 국민들의 환경에 대한 의식이 높아감에 따라 쓰레기소각장 등의 유치를 집단으로 거부하고 있다.#@문장구분# 우리나라의 사례로는 청주권광역쓰레기 소각장이있고 충북 청주시와 청원군이 소각장 건립을 놓고 갈등한 사례이다.#@문장구분# 왜 이러한 혐오시설의 입지저항이 발생하는 것일까?#@문장구분# 그 원인은 첫째 혐오시설 입지에 따른 토지가격 하락 등 경제적인 손실에 대한 피해의식, 둘째 국내외적으로 위험시설의 사고가 빈번히 발생함으로 인하여 잠재적 위해시설에 대한 공포심의 극대화, 셋째 혐오시설을 설치함에 있어, 관련 지역주민의 여론수렴, 계획수행 과정에서 주민참여 등의 민주적 절차가 무시됨으로써 발생한다.#@문장구분#  이러한 환경 혐오시설 입지저항의 구체적 극복방안으로는 혐오시설의 설치에 있어서 님비현상을 극복해야 하므로 구체적이고 실질적인 주민참여제도의 정립과 철저한 환경오염관리와 경제적 피해에 대한 조사, 합리적 절차에 의한 입지선정이 필요하고 환경혐오 시설의 안전관리 실태를 주민과 전문가에게 공개하여 국민의 신뢰를 구축하는 것도 중요하다.#@문장구분#또한 환경혐오 시설이 입지함에 따라 지역주민이 입을 지기하락 등 상대적인 불이익을 적절한 보상으로 조정하여 집단 민원의 요인을 줄여야 하고, 이를 위해서는 공공편익시설의 개방에 따른 이익을 철저히 환수하여 환경기초시설의 입지에 따른 손실을 보상해 주는 정책개발이 필요하다.#@문장구분# 우리나라의 해결사례는 부산 남구 용호매립지 입구의 남부하수처리장 및 수영하수처리장과 서울시와 경기도는 전국 자치단체로는 처음으로 쓰레기와 하수를 교환 처리하는 님비현상과 입지선정 문제를 해결하는 방안인 '환경빅딜'을 달성하였다.#@문장구분# 따라서 혐오시설의 건설의 입지저항은 사업시행자와 정책입안자랑 지역주민, 전문가들이 모여서 국가의 이익과 지역주민의 이익을 적절하게 조화 시킨다면 혐오시설 건설의 문제점을 극복할 수 있을 거라고 생각한다.#@문장구분#",
      "paragraph_len": 1483,
      "paragraph_id": "001"
    }
  ],
  "score": {
    "paragraph_score": [
      {
        "paragraph_scoreT": [
          3,
          3,
          3
        ],
        "paragraph_scoreT_detail": {
          "paragraph_scoreT_exp": [
            [
              3,
              3,
              3
            ],
            [
              3,
              3,
              3
            ],
            [
              3,
              3,
              3
            ]
          ]
        },
        "paragraph_scoreT_avg": 3,
        "paragraph_id": "001"
      }
    ],
    "essay_scoreT": [
      30,
      30,
      30
    ],
    "essay_scoreT_avg": 30,
    "essay_scoreT_detail": {
      "essay_scoreT_org": [
        [
          3,
          0,
          3,
          3
        ],
        [
          3,
          0,
          3,
          3
        ],
        [
          3,
          0,
          3,
          3
        ]
      ],
      "essay_scoreT_cont": [
        [
          3,
          3,
          3,
          3
        ],
        [
          3,
          3,
          3,
          3
        ],
        [
          3,
          3,
          3,
          3
        ]
      ],
      "essay_scoreT_exp": [
        [
          3,
          3,
          3
        ],
        [
          3,
          3,
          3
        ],
        [
          3,
          3,
          3
        ]
      ]
    }
  },
  "student": {
    "date": "2021.10.24",
    "student_educated": true,
    "student_grade": "고등_1학년",
    "location": "063",
    "student_grade_group": "고등",
    "student_reading": 1
  },
  "rubric": {
    "essay_grade": "고등_1학년",
    "organization_weight": {
      "org_paragraph": 0,
      "org": 3,
      "org_essay": 6,
      "org_coherence": 3,
      "org_quantity": 1
    },
    "essay_type": "대안제시",
    "content_weight": {
      "con_clearance": 3,
      "con_novelty": 3,
      "con": 4,
      "con_prompt": 1,
      "con_description": 3
    },
    "essay_main_subject": "혐오시설 건설문제에 대한 본인의 생각",
    "expression_weight": {
      "exp_style": 4,
      "exp_grammar": 2,
      "exp_vocab": 4,
      "exp": 3
    }
  },
  "correction": [],
  "info": {
    "essay_id": "ESSAY_42637",
    "essay_prompt": " 혐오 시설이란 지역 주민에게 공포감이나 고통을 주거나, 주변 지역의 쾌적성이 훼손됨으로써 집값이나 땅값이 내려가는 등 부정적인 외부효과를 유발하는 시설을 의미합니다.\n\n 대표적인 혐오 시설에는 쓰레기 매립장, 원자력발전소, 소각장, 유류저장소 등이 있습니다.\n\n 매립지, 소각장, 쓰레기 하치장 같은 혐오 시설은 그리 위험하지는 않지만, 쓰레기를 취급한다는 점에서 혐오감을 주며, 주변 환경오염 문제가 갈등을 일으킵니다. 특히 소각장은 인구밀도가 높은 대도시에 건설된다는 점에서 반대 운동이 일기도 합니다.\n\n 그런데 서로 반대만 하다 보면 입지를 찾지 못해 결국 모든 주민의 삶의 질이 저하될 수 있습니다.\n\n 정부 차원에서 가장 적절한 장소를 선별하여 건설 후 주변 사람들에게 혜택을 주는 방식이 적절한 방법일까요? 아니면 혐오 시설만을 모아둔 부지를 따로 정해서 건설해야 할까요? 아니면 모든 도시가 공평하게 혐오 시설 건설에 대한 부담을 지니고 하나씩 건설해야 할까요?\n\n 모두가 만족할만한 결과를 내기란 정말 어려운 문제이지만 여러분이 생각하는 가장 합리적이고 좋은 방법을 생각해보세요. 그리고 그 방법을 대안으로 제시하고 그 근거에 대해 작성해주세요.",
    "essay_type": "대안제시",
    "essay_level": "1",
    "essay_len": 1266,
    "essay_main_subject": "혐오시설 건설문제에 대한 본인의 생각"
  }
}