{
  "paragraph": [
    {
      "paragraph_txt": "21세기의 한국에서는 남성과 여성의 보이지 않는 갈등이 지속되고 있다.#@문장구분# 양성평등이란 본래'남성과 여성이 서로 존중하고 인정해 주는 것'이라는 의미이다.#@문장구분# 이는 어떤 면에서는 실현 되지만 또 다른 이면에서는 실현되지 않는 경우가 대부분이다.#@문장구분# 전에 내가 본 청소년 영상제의 주제는'양성평등'이였는데,학생들의 인터뷰내용을 보니 양성평등에 대한 생각은 많고도 다양했다.#@문장구분#'양성평등에 대한 느낌이 어떤가?'가 질문이였는데 소수의 학생들은 '양성평등이라고 하면 존중이라는 단어가 가장 먼저 떠오른다'고 말하며'양성평등은 우리 사회에 꼭 필요하다'라고 말하는 반면 다수 학생들은 시큰둥하게'별로 안좋다.'라고 답하였다.#@문장구분# 또 다른 질문은 '남녀는 따로 고유한 역할이 있다고 생각하나?'였는데 이의 의견은 반반이였다.#@문장구분# 고유한 역할이 없다고 말하는 의견 중 남자들은 '남자만 군대가 가야한다는 것이 부담스럽다'라는 의견이,여자들은'여자만 집안일을 도맡아 해야 한다는 고정관념은 없어져야 한다'는 의견이 다수였다.#@문장구분#그렇다.#@문장구분#고유한 역할이라 따질이유가 뭐가 있는가?#@문장구분#내가 하면 내 일인 것이지.#@문장구분#이처럼 양성평등에 대한 의견은 다양하고,대립되는 의견이 많아서 양성평등이 이루어 질 수 없다고 생각하는 소리도 많다.#@문장구분#그러나 내 생각은 다르다.#@문장구분#양성평등은 서로에 대한 배려이다.#@문장구분#더불어 행복할 수 있는 세상이되었으면 좋겠다.#@문장구분# 어서 빨리 남자와 여자 서로 사랑하고 아껴주며 보듬어주는 사회가 왔으면 좋겠다.#@문장구분# 그 날이 오면 남자와 여자 서로 사랑하고 배려하는 사회가 되리라 믿어의심치않는다.#@문장구분# 파이팅팅팅~#@문장구분#",
      "paragraph_len": 1099,
      "paragraph_id": "001"
    }
  ],
  "score": {
    "paragraph_score": [
      {
        "paragraph_scoreT": [
          3,
          3,
          2.8
        ],
        "paragraph_scoreT_detail": {
          "paragraph_scoreT_exp": [
            [
              3,
              3,
              3
            ],
            [
              3,
              3,
              3
            ],
            [
              2,
              3,
              3
            ]
          ]
        },
        "paragraph_scoreT_avg": 2.9333334,
        "paragraph_id": "001"
      }
    ],
    "essay_scoreT": [
      28.5,
      28.4,
      29.4
    ],
    "essay_scoreT_avg": 28.766668,
    "essay_scoreT_detail": {
      "essay_scoreT_org": [
        [
          3,
          0,
          3,
          2
        ],
        [
          3,
          0,
          3,
          3
        ],
        [
          3,
          0,
          3,
          3
        ]
      ],
      "essay_scoreT_cont": [
        [
          3,
          3,
          3,
          2
        ],
        [
          3,
          2,
          2,
          3
        ],
        [
          3,
          3,
          3,
          3
        ]
      ],
      "essay_scoreT_exp": [
        [
          3,
          3,
          3
        ],
        [
          3,
          3,
          3
        ],
        [
          2,
          3,
          3
        ]
      ]
    }
  },
  "student": {
    "date": "2021.12.13",
    "student_educated": true,
    "student_grade": "고등_1학년",
    "location": "063",
    "student_grade_group": "고등",
    "student_reading": 2
  },
  "rubric": {
    "essay_grade": "고등_1학년",
    "organization_weight": {
      "org_paragraph": 0,
      "org": 3,
      "org_essay": 6,
      "org_coherence": 3,
      "org_quantity": 1
    },
    "essay_type": "대안제시",
    "content_weight": {
      "con_clearance": 3,
      "con_novelty": 3,
      "con": 4,
      "con_prompt": 1,
      "con_description": 3
    },
    "essay_main_subject": "남녀 갈등 해결 방안",
    "expression_weight": {
      "exp_style": 4,
      "exp_grammar": 2,
      "exp_vocab": 4,
      "exp": 3
    }
  },
  "correction": [],
  "info": {
    "essay_id": "ESSAY_62456",
    "essay_prompt": " 남녀 갈등은 최근 우리 사회에서 가장 뜨거운 이슈 중 하나입니다. 이러한 갈등은 아직 간극을 좁히지 못하고 현재 사회적인 문제로 자리 잡았습니다.\n\n 군 가산점 문제, 일자리 문제 등 여러 가지 비교 자료들을 토대로 토론을 하고 이를 통해 갈등을 해결하고자 하는 노력이 이루어지고 있습니다.\n\n 과거에는 성차별 심했던 시기가 있었습니다. 여자와 남자를 구별 지어 일을 주는 경우도 많았습니다. 하지만, 현재는 여자와 남자라는 성별을 떠나서 나이, 국적을 불문하고 모두에게 평등한 기회를 주기 위해 노력하고 있습니다.\n\n 이렇게 모두의 노력에도 불구하고 아직 해결되지 않았거나 해결될 기미가 보이지 않는 양성평등 문제가 있을까요?\n\n 아주 작은 사소한 일이라도 좋습니다. 여러분이 생각하는 우리 주변의 양성평등 문제를 하나 작성해보고 어떻게 해결할 수 있을지 혹은 무엇이 바뀌어야 해결될 것 같은지 본인의 생각을 설명해주세요. ",
    "essay_type": "대안제시",
    "essay_level": "1",
    "essay_len": 759,
    "essay_main_subject": "남녀 갈등 해결 방안"
  }
}