{
  "paragraph": [
    {
      "paragraph_txt": "성차별이란 말 그대로 성별로 차별하는 것을 의미하며, 양성평등이란 남성과 여성이 개인과 집단 사이에서 차별 없이 똑같이 대한다는 것을 말한다.#@문장구분# 현대사회에 양성평등이란 말이 나온 게 얼마나 좋은가?#@문장구분# 남녀 모두 차별 없이 사회집단생활을 누릴 수 있도록 자신이 하고자 하는 일에 아무 걱정 없이 열정과 꿈을 펼칠 수 있다는데 생각만 해도 마음이 두근거린다.#@문장구분# 하지만 이런 생각이 현대사회에서는 좀처럼 적용되지 않고 불평등한 사회가 찾아온다.#@문장구분# 비록 전통사회보다는 나아졌지만, 여전히 성차별은 존재한다.#@문장구분# 또한, 우리가 사회의 겉을 볼 때는 모르지만, 그 내면을 보면 성차별에 대한 문제가 심각하다는 것을 알 수 있다.#@문장구분# 전통사회에서의 모습을 보자면 집안일은 여자가 도맡아 해결하고 일은 남자가 도맡아 담당한다.#@문장구분# 이외에 많은 좋지 않은 전통생활습관이 현재까지 영향이 끼치어 성차별이라는 문제가 발생하고 있다.#@문장구분# 예전부터 여성의 사회참여운동이나 시위를 지속적이며 힘 있는 행동으로 확대해나갔으며 현재까지 계속 양성평등의 중요성이 주목받고 있다.#@문장구분# 성차별이 개개인을 구속하고 집단의 걸림돌이 되어 사람마다 자신의 주장과 행동에 대한 제한이 불가피하며 사회의 발전을 저해하는 것뿐만 아니라 선진국 또는 바람직한 국가로 나아가는데 방해가 된다는 것인데 이를 극복하기 위해서는 성차별에 대한 생각을 떨쳐버리고 양성평등이란 선진적 시민의식을 갖춤으로 선진국을 위해 국가의 노력도 필요하지만, 무엇보다 개인이 성차별에 대한 관념을 잊고 양성평등을 위한 적극적인 노력이 요구되어야 한다.#@문장구분# 그로 인해 국가와 개인에 의한 바람직한 사회가 형성된다는 것이다.#@문장구분#",
      "paragraph_len": 1015,
      "paragraph_id": "001"
    }
  ],
  "score": {
    "paragraph_score": [
      {
        "paragraph_scoreT": [
          3,
          3,
          3
        ],
        "paragraph_scoreT_detail": {
          "paragraph_scoreT_exp": [
            [
              3,
              3,
              3
            ],
            [
              3,
              3,
              3
            ],
            [
              3,
              3,
              3
            ]
          ]
        },
        "paragraph_scoreT_avg": 3,
        "paragraph_id": "001"
      }
    ],
    "essay_scoreT": [
      30,
      30,
      30
    ],
    "essay_scoreT_avg": 30,
    "essay_scoreT_detail": {
      "essay_scoreT_org": [
        [
          3,
          0,
          3,
          3
        ],
        [
          3,
          0,
          3,
          3
        ],
        [
          3,
          0,
          3,
          3
        ]
      ],
      "essay_scoreT_cont": [
        [
          3,
          3,
          3,
          3
        ],
        [
          3,
          3,
          3,
          3
        ],
        [
          3,
          3,
          3,
          3
        ]
      ],
      "essay_scoreT_exp": [
        [
          3,
          3,
          3
        ],
        [
          3,
          3,
          3
        ],
        [
          3,
          3,
          3
        ]
      ]
    }
  },
  "student": {
    "date": "2021.12.13",
    "student_educated": true,
    "student_grade": "고등_1학년",
    "location": "063",
    "student_grade_group": "고등",
    "student_reading": 2
  },
  "rubric": {
    "essay_grade": "고등_1학년",
    "organization_weight": {
      "org_paragraph": 0,
      "org": 3,
      "org_essay": 6,
      "org_coherence": 3,
      "org_quantity": 1
    },
    "essay_type": "대안제시",
    "content_weight": {
      "con_clearance": 3,
      "con_novelty": 3,
      "con": 4,
      "con_prompt": 1,
      "con_description": 3
    },
    "essay_main_subject": "남녀 갈등 해결 방안",
    "expression_weight": {
      "exp_style": 4,
      "exp_grammar": 2,
      "exp_vocab": 4,
      "exp": 3
    }
  },
  "correction": [],
  "info": {
    "essay_id": "ESSAY_62039",
    "essay_prompt": " 남녀 갈등은 최근 우리 사회에서 가장 뜨거운 이슈 중 하나입니다. 이러한 갈등은 아직 간극을 좁히지 못하고 현재 사회적인 문제로 자리 잡았습니다.\n\n 군 가산점 문제, 일자리 문제 등 여러 가지 비교 자료들을 토대로 토론을 하고 이를 통해 갈등을 해결하고자 하는 노력이 이루어지고 있습니다.\n\n 과거에는 성차별 심했던 시기가 있었습니다. 여자와 남자를 구별 지어 일을 주는 경우도 많았습니다. 하지만, 현재는 여자와 남자라는 성별을 떠나서 나이, 국적을 불문하고 모두에게 평등한 기회를 주기 위해 노력하고 있습니다.\n\n 이렇게 모두의 노력에도 불구하고 아직 해결되지 않았거나 해결될 기미가 보이지 않는 양성평등 문제가 있을까요?\n\n 아주 작은 사소한 일이라도 좋습니다. 여러분이 생각하는 우리 주변의 양성평등 문제를 하나 작성해보고 어떻게 해결할 수 있을지 혹은 무엇이 바뀌어야 해결될 것 같은지 본인의 생각을 설명해주세요. ",
    "essay_type": "대안제시",
    "essay_level": "1",
    "essay_len": 795,
    "essay_main_subject": "남녀 갈등 해결 방안"
  }
}