{
  "paragraph": [
    {
      "paragraph_txt": "혐오시설은 혐오감을 주는 시설이라는 뜻의 단어로, 대표적으로 쓰레기 매립장, 원자력발전소, 소각장, 유류저장소 등이 있다.#@문장구분# 다른 관점으로 부동산 용어사전에 나오는 혐오시설이라는 단어는 사람들이 싫어하는 시설물로 사람들이 혐오감을 느끼는 시설물들을 말한다.#@문장구분# 또한 교도소, 도살장, 고압변전소, 원자력발전소, 화장장, 가스저장소, 연탄공장 등이 있으며 이러한 혐오시설은 환경적, 안전적으로 주변에 영향을 주기 때문에 님비 현상을 초래하고 주변지가나 주택의 가격을 하락시키기 때문에 이러한 시설물을 새로 건설할 때는 지역 주민의 민원이 발생하며, 잡음이 생겨 힘들기도 하다.#@문장구분# 협상에 따라 보상을 해주는 경우가 있다고 정의하고 있지만 지역 주민의 민원을 만족시키기에는 턱없이 부적하다고 느껴진다.#@문장구분# 혐오시설은 크게 주민과 부동산 업자들의 사이에서 일어나는 트러블이라고 생각하여 부동산 용어사전을 이용한 것인데, 협상에 따라 보상을 해줘야 하는 경우가 있는 시설이라고 부를 정도로 주민의 삶에 크게 영향을 줄 수 있는 시설임에 틀림이 없다.#@문장구분# 이런 혐오시설을 어떤 식으로 이용하거나 건설해야 주민들과 부동산 업자들 양측에게 윈-윈의 결과로 나타날 수 있을까?#@문장구분# 내 생각에는 소각장이나 화장장 등 나중에 그 시설을 사용하지 않게 되었을 때 방치하지 않도록 주민시설로 바꾸는 등의 계획을 세우고 주민들에게 허락을 받는 것이다.#@문장구분# 최근 뉴스 기사들을 찾아보면 혐오시설 중에 방치하고 버려진 곳들이 있는데 손 쓸 수 있는 방안이 없어서 얘기가 나오는 곳들이 있다고 한다.#@문장구분# 이런 혐오시설들은 대부분 부지가 커서 주민센터나 놀이터 등의 모습으로 탈바꿈하여 주민들이 사용할 수 있는 시설로 바꿀 수 있기 때문에 이런 식으로 추후 대안에 대한 것을 미리 계획하여 혐오시설 관리에 대한 것을 주민들에게 설명을 해야 주민들도 조금이라도 더 혐오시설 설립에 대한 이해를 할 수 있을 것 이라고 생각한다.#@문장구분#",
      "paragraph_len": 1113,
      "paragraph_id": "001"
    }
  ],
  "score": {
    "paragraph_score": [
      {
        "paragraph_scoreT": [
          3,
          2.4,
          2
        ],
        "paragraph_scoreT_detail": {
          "paragraph_scoreT_exp": [
            [
              3,
              3,
              3
            ],
            [
              2,
              3,
              2
            ],
            [
              2,
              2,
              2
            ]
          ]
        },
        "paragraph_scoreT_avg": 2.4666667,
        "paragraph_id": "001"
      }
    ],
    "essay_scoreT": [
      28.8,
      24.5,
      21.6
    ],
    "essay_scoreT_avg": 24.966667,
    "essay_scoreT_detail": {
      "essay_scoreT_org": [
        [
          3,
          0,
          3,
          3
        ],
        [
          3,
          0,
          2,
          3
        ],
        [
          2,
          0,
          2,
          2
        ]
      ],
      "essay_scoreT_cont": [
        [
          3,
          2,
          3,
          3
        ],
        [
          3,
          2,
          2,
          2
        ],
        [
          2,
          2,
          3,
          3
        ]
      ],
      "essay_scoreT_exp": [
        [
          3,
          3,
          3
        ],
        [
          2,
          3,
          2
        ],
        [
          2,
          2,
          2
        ]
      ]
    }
  },
  "student": {
    "date": "2021.10.18",
    "student_educated": true,
    "student_grade": "고등_1학년",
    "location": "02",
    "student_grade_group": "고등",
    "student_reading": 1
  },
  "rubric": {
    "essay_grade": "고등_1학년",
    "organization_weight": {
      "org_paragraph": 0,
      "org": 3,
      "org_essay": 6,
      "org_coherence": 3,
      "org_quantity": 1
    },
    "essay_type": "대안제시",
    "content_weight": {
      "con_clearance": 3,
      "con_novelty": 3,
      "con": 4,
      "con_prompt": 1,
      "con_description": 3
    },
    "essay_main_subject": "혐오시설 건설문제에 대한 본인의 생각",
    "expression_weight": {
      "exp_style": 4,
      "exp_grammar": 2,
      "exp_vocab": 4,
      "exp": 3
    }
  },
  "correction": [],
  "info": {
    "essay_id": "ESSAY_37983",
    "essay_prompt": " 혐오 시설이란 지역 주민에게 공포감이나 고통을 주거나, 주변 지역의 쾌적성이 훼손됨으로써 집값이나 땅값이 내려가는 등 부정적인 외부효과를 유발하는 시설을 의미합니다.\n\n 대표적인 혐오 시설에는 쓰레기 매립장, 원자력발전소, 소각장, 유류저장소 등이 있습니다.\n\n 매립지, 소각장, 쓰레기 하치장 같은 혐오 시설은 그리 위험하지는 않지만, 쓰레기를 취급한다는 점에서 혐오감을 주며, 주변 환경오염 문제가 갈등을 일으킵니다. 특히 소각장은 인구밀도가 높은 대도시에 건설된다는 점에서 반대 운동이 일기도 합니다.\n\n 그런데 서로 반대만 하다 보면 입지를 찾지 못해 결국 모든 주민의 삶의 질이 저하될 수 있습니다.\n\n 정부 차원에서 가장 적절한 장소를 선별하여 건설 후 주변 사람들에게 혜택을 주는 방식이 적절한 방법일까요? 아니면 혐오 시설만을 모아둔 부지를 따로 정해서 건설해야 할까요? 아니면 모든 도시가 공평하게 혐오 시설 건설에 대한 부담을 지니고 하나씩 건설해야 할까요?\n\n 모두가 만족할만한 결과를 내기란 정말 어려운 문제이지만 여러분이 생각하는 가장 합리적이고 좋은 방법을 생각해보세요. 그리고 그 방법을 대안으로 제시하고 그 근거에 대해 작성해주세요.",
    "essay_type": "대안제시",
    "essay_level": "1",
    "essay_len": 934,
    "essay_main_subject": "혐오시설 건설문제에 대한 본인의 생각"
  }
}