{
  "paragraph": [
    {
      "paragraph_txt": "요즘 sns나 여러 커뮤니티 사이트를 보면 남녀 혐오 발언이 많이 사용되고 있고 남녀 갈등 또한 심화되고 있는 것이 보인다.#@문장구분# 남녀 갈등이 심화 된 이유는 남자와 여자는 차이점이 많지만 그 차이점을 이해하거나 남의 말을 듣지 않고 오로지 자신의 말만 하고 믿기 때문이다.#@문장구분# 과거에도 남녀 갈등은 있었겠지만 sns나 인터넷이 발전하게 되면서 남에게 혐오 발언을 사용하는 접근성이 과거보다 높아지게 되었고 결과적으로 남녀 갈등이 더 심화 되었다고 생각한다.#@문장구분# 남녀 혐오 발언을 하게 되면 하지 않아도 될 감정을 소모하거나 상관없는 다른 사람들에게 피해를 주게 된다.#@문장구분# 이런 피해들을 줄이고 사람들이 행복하게 삶을 살아가기 위해서는 남녀 갈등을 해결해야 한다고 생각한다.#@문장구분# 해결방안으로 쉽게 대화를 통해 서로를 이해하는 것이 있다.#@문장구분# 그러나 남녀 혐오발언을 사용하는 사람들은 서로의 말을 듣고 남녀 갈등을 해결을 하려 하지 않기 때문에 실천 가능성이 작다는 단점이 있다.#@문장구분# 다음으로는 남녀 혐오 발언을 사용한 사람은 벌금을 물게 하는 해결방안이 있다.#@문장구분# 그러나 인간은 모두 다른 누구에게 간섭받지 않고 자유롭게 행동할 수 있는 자유가 있다.#@문장구분# 하지만 질서 유지를 위해서는 기본권을 제한할 수 있다.#@문장구분# 그래서 이 해결방안이 실천 가능성이 없진 않다.#@문장구분# 다른 해결방안으로는 차별금지법 등 정책, 제도, 규범을 개정하는 것이다.#@문장구분# 하지만 이 해결방안은 정책, 제도, 규범을 개정하는데 긴 시간이 걸린다는 단점이 있다.#@문장구분# 나는 남녀 갈등이 줄어들고 sns나 인터넷이 하루라도 빨리 깨끗해졌으면 좋겠다고 생각한다.#@문장구분# 이런 매채를 통한 규범적인 부분을 보완하여서 문제점이 사라졌으면 좋겠다.#@문장구분#",
      "paragraph_len": 1111,
      "paragraph_id": "001"
    }
  ],
  "score": {
    "paragraph_score": [
      {
        "paragraph_scoreT": [
          3,
          2.8,
          3
        ],
        "paragraph_scoreT_detail": {
          "paragraph_scoreT_exp": [
            [
              3,
              3,
              3
            ],
            [
              2,
              3,
              3
            ],
            [
              3,
              3,
              3
            ]
          ]
        },
        "paragraph_scoreT_avg": 2.9333334,
        "paragraph_id": "001"
      }
    ],
    "essay_scoreT": [
      30,
      29.4,
      27.300001
    ],
    "essay_scoreT_avg": 28.900002,
    "essay_scoreT_detail": {
      "essay_scoreT_org": [
        [
          3,
          0,
          3,
          3
        ],
        [
          3,
          0,
          3,
          3
        ],
        [
          3,
          0,
          3,
          2
        ]
      ],
      "essay_scoreT_cont": [
        [
          3,
          3,
          3,
          3
        ],
        [
          3,
          3,
          3,
          3
        ],
        [
          3,
          2,
          3,
          2
        ]
      ],
      "essay_scoreT_exp": [
        [
          3,
          3,
          3
        ],
        [
          2,
          3,
          3
        ],
        [
          3,
          3,
          3
        ]
      ]
    }
  },
  "student": {
    "date": "2021.10.20",
    "student_educated": true,
    "student_grade": "고등_1학년",
    "location": "063",
    "student_grade_group": "고등",
    "student_reading": 1
  },
  "rubric": {
    "essay_grade": "고등_1학년",
    "organization_weight": {
      "org_paragraph": 0,
      "org": 3,
      "org_essay": 6,
      "org_coherence": 3,
      "org_quantity": 1
    },
    "essay_type": "대안제시",
    "content_weight": {
      "con_clearance": 3,
      "con_novelty": 3,
      "con": 4,
      "con_prompt": 1,
      "con_description": 3
    },
    "essay_main_subject": "남녀 갈등 해결 방안",
    "expression_weight": {
      "exp_style": 4,
      "exp_grammar": 2,
      "exp_vocab": 4,
      "exp": 3
    }
  },
  "correction": [],
  "info": {
    "essay_id": "ESSAY_43925",
    "essay_prompt": " 남녀 갈등은 최근 우리 사회에서 가장 뜨거운 이슈 중 하나입니다. 이러한 갈등은 아직 간극을 좁히지 못하고 현재 사회적인 문제로 자리 잡았습니다.\n\n 군 가산점 문제, 일자리 문제 등 여러 가지 비교 자료들을 토대로 토론을 하고 이를 통해 갈등을 해결하고자 하는 노력이 이루어지고 있습니다.\n\n 과거에는 성차별 심했던 시기가 있었습니다. 여자와 남자를 구별 지어 일을 주는 경우도 많았습니다. 하지만, 현재는 여자와 남자라는 성별을 떠나서 나이, 국적을 불문하고 모두에게 평등한 기회를 주기 위해 노력하고 있습니다.\n\n 이렇게 모두의 노력에도 불구하고 아직 해결되지 않았거나 해결될 기미가 보이지 않는 양성평등 문제가 있을까요?\n\n 아주 작은 사소한 일이라도 좋습니다. 여러분이 생각하는 우리 주변의 양성평등 문제를 하나 작성해보고 어떻게 해결할 수 있을지 혹은 무엇이 바뀌어야 해결될 것 같은지 본인의 생각을 설명해주세요. ",
    "essay_type": "대안제시",
    "essay_level": "1",
    "essay_len": 811,
    "essay_main_subject": "남녀 갈등 해결 방안"
  }
}