{
  "paragraph": [
    {
      "paragraph_txt": "혐오시설 건설문제에 대해서는 ' 모든 도시가 공평하게 그에 대한 부담을 지니고 최소한 하나씩 건설한다. ' 라는 대안을 낼 수 있을 것 같습니다.#@문장구분# 이에 대한 이유로는, 기본적으로 사람이 살고 있는 곳에서는 기본적으로 쓰레기가 나올 수밖에 없으며 이를 처리하기 위해서는 각 도시마다 최대한 하나 이상의 혐오시설을 설치할 수밖에 없기 때문입니다.#@문장구분# 만일 쓰레기를 처리하는 혐오시설이 도시 내에 존재하지 않거나 그 수가 너무 적어 다량의 쓰레기 폐기물들을 취급하기 힘들게 된다면, 다른 지역의 것을 이용하거나 기존의 시설에 쌓여있던 쓰레기들이 제대로 처리되어 취급이 가능해질 때까지의 대기 시간이 발생할 수밖에 없을 것입니다. #@문장구분#그동안 발생하는 쓰레기는 계속 남아 악취와 불쾌감을 유발할 것이며, 그것으로 인한 추가 피해는 더욱 클 것입니다.#@문장구분# 인구밀도가 높은 곳의 경우는 사람이 많은 것으로 인해 쓰레기는 배로 늘어날 것이며, 그에 따른 교통량이 많을 것인데 더욱 빨리 쓰레기를 수거하기 힘든 상황이 될 것입니다.#@문장구분# 물론 그로 인한 피해도 동반되는 것이니 쓰레기를 수거해 처리하는 과정이 길어질수록, 대기 시간동안의 불만과 피해 또한 배로 늘어나는 것은 당연지사입니다.#@문장구분# 그리하여 피해를 줄이고, 사람들의 편의를 위해서라면 ' 모든 도시가 공평하게 그에 대한 부담을 지니고 최소한 하나씩 건설한다.' 라는 대안이 알맞은 것 같습니다.#@문장구분# 허나 혐오 시설이 너무 거주지와 가까울 경우에도 문제가 발생할 수밖에 없으므로, 꽤나 거리를 두되, 도시 내의 폐기물들을 빨리 수거해 처리할 수 있을 만큼의 거리를 두게 하는 것이 현 시점으로써는 최대한 많은 사람들의 요구 조건을 충족시킬 수 있는 방법이 아닐까 싶습니다.#@문장구분# 그리고 또 하나의 방법은 혐오시설을 설치하는 지자체에는 병원이나 공단같은 좋은 시설을 같이 설치하는 방법이 있다.#@문장구분# 이 방법을 실행하면 너나 할것없이 자기 지자체에 혐오시설을 들일려고 할 것이다.#@문장구분#",
      "paragraph_len": 1145,
      "paragraph_id": "001"
    }
  ],
  "score": {
    "paragraph_score": [
      {
        "paragraph_scoreT": [
          2.8,
          2.8,
          2.6
        ],
        "paragraph_scoreT_detail": {
          "paragraph_scoreT_exp": [
            [
              2,
              3,
              3
            ],
            [
              2,
              3,
              3
            ],
            [
              3,
              2,
              3
            ]
          ]
        },
        "paragraph_scoreT_avg": 2.7333333,
        "paragraph_id": "001"
      }
    ],
    "essay_scoreT": [
      23.899998,
      26.400002,
      28.8
    ],
    "essay_scoreT_avg": 26.366667,
    "essay_scoreT_detail": {
      "essay_scoreT_org": [
        [
          2,
          0,
          2,
          3
        ],
        [
          2,
          0,
          3,
          3
        ],
        [
          3,
          0,
          3,
          3
        ]
      ],
      "essay_scoreT_cont": [
        [
          3,
          2,
          2,
          2
        ],
        [
          3,
          2,
          3,
          3
        ],
        [
          3,
          3,
          3,
          3
        ]
      ],
      "essay_scoreT_exp": [
        [
          2,
          3,
          3
        ],
        [
          2,
          3,
          3
        ],
        [
          3,
          2,
          3
        ]
      ]
    }
  },
  "student": {
    "date": "2021.11.16",
    "student_educated": true,
    "student_grade": "고등_1학년",
    "location": "054",
    "student_grade_group": "고등",
    "student_reading": 1
  },
  "rubric": {
    "essay_grade": "고등_1학년",
    "organization_weight": {
      "org_paragraph": 0,
      "org": 3,
      "org_essay": 6,
      "org_coherence": 3,
      "org_quantity": 1
    },
    "essay_type": "대안제시",
    "content_weight": {
      "con_clearance": 3,
      "con_novelty": 3,
      "con": 4,
      "con_prompt": 1,
      "con_description": 3
    },
    "essay_main_subject": "혐오시설 건설문제에 대한 본인의 생각",
    "expression_weight": {
      "exp_style": 4,
      "exp_grammar": 2,
      "exp_vocab": 4,
      "exp": 3
    }
  },
  "correction": [],
  "info": {
    "essay_id": "ESSAY_47319",
    "essay_prompt": " 혐오 시설이란 지역 주민에게 공포감이나 고통을 주거나, 주변 지역의 쾌적성이 훼손됨으로써 집값이나 땅값이 내려가는 등 부정적인 외부효과를 유발하는 시설을 의미합니다.\n\n 대표적인 혐오 시설에는 쓰레기 매립장, 원자력발전소, 소각장, 유류저장소 등이 있습니다.\n\n 매립지, 소각장, 쓰레기 하치장 같은 혐오 시설은 그리 위험하지는 않지만, 쓰레기를 취급한다는 점에서 혐오감을 주며, 주변 환경오염 문제가 갈등을 일으킵니다. 특히 소각장은 인구밀도가 높은 대도시에 건설된다는 점에서 반대 운동이 일기도 합니다.\n\n 그런데 서로 반대만 하다 보면 입지를 찾지 못해 결국 모든 주민의 삶의 질이 저하될 수 있습니다.\n\n 정부 차원에서 가장 적절한 장소를 선별하여 건설 후 주변 사람들에게 혜택을 주는 방식이 적절한 방법일까요? 아니면 혐오 시설만을 모아둔 부지를 따로 정해서 건설해야 할까요? 아니면 모든 도시가 공평하게 혐오 시설 건설에 대한 부담을 지니고 하나씩 건설해야 할까요?\n\n 모두가 만족할만한 결과를 내기란 정말 어려운 문제이지만 여러분이 생각하는 가장 합리적이고 좋은 방법을 생각해보세요. 그리고 그 방법을 대안으로 제시하고 그 근거에 대해 작성해주세요.",
    "essay_type": "대안제시",
    "essay_level": "1",
    "essay_len": 945,
    "essay_main_subject": "혐오시설 건설문제에 대한 본인의 생각"
  }
}