{
  "paragraph": [
    {
      "paragraph_txt": "혐오 시설이란 지역 주민에게 공포감이나 고통을 주거나, 주변 지역의 쾌적성이 훼손됨으로써 집값이나 땅값이 내려가는 등 부정적인 외부효과를 유발하는 시설을 의미한다.#@문장구분#",
      "paragraph_len": 111,
      "paragraph_id": "001"
    },
    {
      "paragraph_txt": " 대표적인 혐오 시설에는 쓰레기 매립장, 원자력발전소, 소각장, 유류저장소 등이있다.#@문장구분# 혐오시설 설립에 있어서 마을 주민들과의 갈등을 줄이기 위해서 서로의 협조가 가장 중요한 것 같다.#@문장구분# 첫째, 마을 주민들에게 소각장에서 쓰레기를 소각하는 날을 미리 알려 주민들이 그날은 조취를 취할 수 있게끔 한다.#@문장구분# 무턱대고 소각을 해버린다면 아무 조취도 취하지 못한 주민들은 창문을 연 상태로 연기를 그대로 마실 수도 있을테고, 갑자기 나오는 연기에 놀래는 마을 주민들이 있을 수도 있을 것이다.#@문장구분# 두 번째, 소각장을 설치하는 대신에 소각장에서 할 수 있는 일자리를 제공한다.#@문장구분# 요즘 취업률도 저조한 상황에 쓰레기도 소각하고 일자리도 얻으면 일석이조일 것이다.#@문장구분# 쓰레기를 소각하는 일을 하면서 알게 되는 쓰레기 배출량이라던가 일회용품 사용량이면 쓰레기가 제일 많은지도 배워가며, 자신이 느낀 것을 토대로 일회용품 사용도 줄이게 될 것이고, 일회용품 사용이 줄어드는 것을 봄으로써 느끼는 뿌듯함도 생길 것이다.#@문장구분# 많은 것도 배워가고 일자리도 얻고 쓰레기도 소각하니 이보다 좋을 수는 없을 것이다.#@문장구분# 그리고 나중에 쓰레기를 소각하다 보면 생기는 관심으로 관련 일자리를 알아본다거나 봉사활동에도 참여할 수 있게 되는 아주 좋은 영향력을 줄 수도 있을 것 같다.#@문장구분# 세 번째, 달마다 종량제 봉투를 지급한다.#@문장구분# 주부들은 종량제 봉투의 필요성을 매우 잘 알고 있을 것이다.#@문장구분# 쓰레기 소각을 할때에도 종량제 봉투에 담아서 버려야 한다면 종량제 봉투를 지급하는 것이 당연하다.#@문장구분# 그러면 버리는 입장에서도 받은 종량제 봉투로 담으니 손해 볼것이 없으며, 소각장을 설치하고 싶어하는 사람도 마음 편하게 둘 다 좋은 마음으로 손해보지 않고 소각할 수 있을 것이다.#@문장구분# 쓰레기를 소각하게 되면 생기는 문제들도 많을 것이다.#@문장구분#",
      "paragraph_len": 1156,
      "paragraph_id": "002"
    }
  ],
  "score": {
    "paragraph_score": [
      {
        "paragraph_scoreT": [
          3,
          3,
          3
        ],
        "paragraph_scoreT_detail": {
          "paragraph_scoreT_exp": [
            [
              3,
              3,
              3
            ],
            [
              3,
              3,
              3
            ],
            [
              3,
              3,
              3
            ]
          ]
        },
        "paragraph_scoreT_avg": 3,
        "paragraph_id": "001"
      },
      {
        "paragraph_scoreT": [
          3,
          3,
          3
        ],
        "paragraph_scoreT_detail": {
          "paragraph_scoreT_exp": [
            [
              3,
              3,
              3
            ],
            [
              3,
              3,
              3
            ],
            [
              3,
              3,
              3
            ]
          ]
        },
        "paragraph_scoreT_avg": 3,
        "paragraph_id": "002"
      }
    ],
    "essay_scoreT": [
      28.8,
      27,
      30
    ],
    "essay_scoreT_avg": 28.6,
    "essay_scoreT_detail": {
      "essay_scoreT_org": [
        [
          3,
          0,
          3,
          3
        ],
        [
          2,
          0,
          3,
          3
        ],
        [
          3,
          0,
          3,
          3
        ]
      ],
      "essay_scoreT_cont": [
        [
          2,
          3,
          3,
          3
        ],
        [
          3,
          2,
          3,
          3
        ],
        [
          3,
          3,
          3,
          3
        ]
      ],
      "essay_scoreT_exp": [
        [
          3,
          3,
          3
        ],
        [
          3,
          3,
          3
        ],
        [
          3,
          3,
          3
        ]
      ]
    }
  },
  "student": {
    "date": "2021.12.08",
    "student_educated": true,
    "student_grade": "고등_1학년",
    "location": "063",
    "student_grade_group": "고등",
    "student_reading": 2
  },
  "rubric": {
    "essay_grade": "고등_1학년",
    "organization_weight": {
      "org_paragraph": 0,
      "org": 3,
      "org_essay": 6,
      "org_coherence": 3,
      "org_quantity": 1
    },
    "essay_type": "대안제시",
    "content_weight": {
      "con_clearance": 3,
      "con_novelty": 3,
      "con": 4,
      "con_prompt": 1,
      "con_description": 3
    },
    "essay_main_subject": "혐오시설 건설문제에 대한 본인의 생각",
    "expression_weight": {
      "exp_style": 4,
      "exp_grammar": 2,
      "exp_vocab": 4,
      "exp": 3
    }
  },
  "correction": [],
  "info": {
    "essay_id": "ESSAY_60438",
    "essay_prompt": " 혐오 시설이란 지역 주민에게 공포감이나 고통을 주거나, 주변 지역의 쾌적성이 훼손됨으로써 집값이나 땅값이 내려가는 등 부정적인 외부효과를 유발하는 시설을 의미합니다.\n\n 대표적인 혐오 시설에는 쓰레기 매립장, 원자력발전소, 소각장, 유류저장소 등이 있습니다.\n\n 매립지, 소각장, 쓰레기 하치장 같은 혐오 시설은 그리 위험하지는 않지만, 쓰레기를 취급한다는 점에서 혐오감을 주며, 주변 환경오염 문제가 갈등을 일으킵니다. 특히 소각장은 인구밀도가 높은 대도시에 건설된다는 점에서 반대 운동이 일기도 합니다.\n\n 그런데 서로 반대만 하다 보면 입지를 찾지 못해 결국 모든 주민의 삶의 질이 저하될 수 있습니다.\n\n 정부 차원에서 가장 적절한 장소를 선별하여 건설 후 주변 사람들에게 혜택을 주는 방식이 적절한 방법일까요? 아니면 혐오 시설만을 모아둔 부지를 따로 정해서 건설해야 할까요? 아니면 모든 도시가 공평하게 혐오 시설 건설에 대한 부담을 지니고 하나씩 건설해야 할까요?\n\n 모두가 만족할만한 결과를 내기란 정말 어려운 문제이지만 여러분이 생각하는 가장 합리적이고 좋은 방법을 생각해보세요. 그리고 그 방법을 대안으로 제시하고 그 근거에 대해 작성해주세요.",
    "essay_type": "대안제시",
    "essay_level": "1",
    "essay_len": 970,
    "essay_main_subject": "혐오시설 건설문제에 대한 본인의 생각"
  }
}