{
  "paragraph": [
    {
      "paragraph_txt": "최근 우리나라의 발전이 빠르게 일어나면서 많은 쓰레기나 위험 물질들이 포함되어 있는 시설들이 많아지고 있다.#@문장구분#\n이러한 시설들은 악취를 풍기는 것 뿐만 아니라 건강에 해를 끼치게 하는 요소들도 많다.#@문장구분# 그리고 주변지역의 쾌적성이 훼손됨으로써 집값이나 땅값이 내려가는 부정적인 외부 현상들이 나타나기도 한다.#@문장구분#\n이러한 현상들 때문에 최근에는 nimby(never in my backyadr)현상이 자주 일어나고 있다.#@문장구분# 만약 모든 사람들을 생각하면서 이러한 혐오시설을 건설하려면 어떻게 해야할까?#@문장구분#\n나의 생각으로는 모든 사람들의 의견을 수용하는 것은 사실상 불가능 하다는 것이다.#@문장구분# 왜냐하면 한사람 한사람의 의견을 신경쓰다보면 사실상 사람이 살지 않는 곳은 거의 없을것이며 어쩔수 없이 어느 곳에는 혐오시설이 생길 수밖에 없다는 것이다.#@문장구분#\n그러하기 때문에 민주주의 원칙에 따라 과반수의 의견이 중요하기 때문에  나의 생각은 최대한 사람의 수가 적은 장소에 혐오시설을 짓는 것이다.#@문장구분#\n그렇다면 무작정 사람들이 적다고 해서 혐오시설을 지으면 끝나는것인가?#@문장구분# 그렇지도 않다.#@문장구분# 그곳에 거주하는 사람들은 자신들도 같은 한 나라의 국민이고 우리들도 이런 혐오시설에 대해서 불편받지 않을 권리가 있다고 주장할 것이다.#@문장구분# 이러한 내용들에 대해서는 불편함을 호소하는 그들에게 혐오시설로 느끼는 고통을 대체할수 있는 혜택을 주는 것이다.#@문장구분#\n실제로 현재 강원도 영월군 영월읍에서는 교도소나 군부시설 등 혐오시설 등이 모두 있다.#@문장구분# 처음에는 이 지역도 주민들의 반대가 심하였으나 지금은 주민들과 함께 지내고 있다.#@문장구분# 이 영월군에서의 최대 소비처는 영월교도소이다.#@문장구분#또한 평소에 평균 연령대가 높았던 영월마을에서는 교도소에서 일손돕기로 나와서 농작물 생산에 도움을 주고 교정활동에 까지 긍정적 영향을 미쳤다는 것이다.#@문장구분#\n이러한 간접적인 혜택뿐만 아니라 다양한 혜택들을 제공해서 혐오시설에 대한 생각을 완하시켜주어야 한다.#@문장구분# 또한 이러한 혐오시설을 외관상이나 생각하면 떠오르게 되는 이미지들을 바꾸어 주어서 혐오스럽지 않고 친근하게 다가오게 하도록 하는 것도 하나의 방법일수 있다.#@문장구분#",
      "paragraph_len": 1380,
      "paragraph_id": "001"
    }
  ],
  "score": {
    "paragraph_score": [
      {
        "paragraph_scoreT": [
          3,
          3,
          3
        ],
        "paragraph_scoreT_detail": {
          "paragraph_scoreT_exp": [
            [
              3,
              3,
              3
            ],
            [
              3,
              3,
              3
            ],
            [
              3,
              3,
              3
            ]
          ]
        },
        "paragraph_scoreT_avg": 3,
        "paragraph_id": "001"
      }
    ],
    "essay_scoreT": [
      30,
      25.800001,
      30
    ],
    "essay_scoreT_avg": 28.6,
    "essay_scoreT_detail": {
      "essay_scoreT_org": [
        [
          3,
          0,
          3,
          3
        ],
        [
          2,
          0,
          3,
          3
        ],
        [
          3,
          0,
          3,
          3
        ]
      ],
      "essay_scoreT_cont": [
        [
          3,
          3,
          3,
          3
        ],
        [
          3,
          2,
          3,
          2
        ],
        [
          3,
          3,
          3,
          3
        ]
      ],
      "essay_scoreT_exp": [
        [
          3,
          3,
          3
        ],
        [
          3,
          3,
          3
        ],
        [
          3,
          3,
          3
        ]
      ]
    }
  },
  "student": {
    "date": "2021.10.21",
    "student_educated": true,
    "student_grade": "고등_1학년",
    "location": "063",
    "student_grade_group": "고등",
    "student_reading": 1
  },
  "rubric": {
    "essay_grade": "고등_1학년",
    "organization_weight": {
      "org_paragraph": 0,
      "org": 3,
      "org_essay": 6,
      "org_coherence": 3,
      "org_quantity": 1
    },
    "essay_type": "대안제시",
    "content_weight": {
      "con_clearance": 3,
      "con_novelty": 3,
      "con": 4,
      "con_prompt": 1,
      "con_description": 3
    },
    "essay_main_subject": "혐오시설 건설문제에 대한 본인의 생각",
    "expression_weight": {
      "exp_style": 4,
      "exp_grammar": 2,
      "exp_vocab": 4,
      "exp": 3
    }
  },
  "correction": [],
  "info": {
    "essay_id": "ESSAY_44063",
    "essay_prompt": " 혐오 시설이란 지역 주민에게 공포감이나 고통을 주거나, 주변 지역의 쾌적성이 훼손됨으로써 집값이나 땅값이 내려가는 등 부정적인 외부효과를 유발하는 시설을 의미합니다.\n\n 대표적인 혐오 시설에는 쓰레기 매립장, 원자력발전소, 소각장, 유류저장소 등이 있습니다.\n\n 매립지, 소각장, 쓰레기 하치장 같은 혐오 시설은 그리 위험하지는 않지만, 쓰레기를 취급한다는 점에서 혐오감을 주며, 주변 환경오염 문제가 갈등을 일으킵니다. 특히 소각장은 인구밀도가 높은 대도시에 건설된다는 점에서 반대 운동이 일기도 합니다.\n\n 그런데 서로 반대만 하다 보면 입지를 찾지 못해 결국 모든 주민의 삶의 질이 저하될 수 있습니다.\n\n 정부 차원에서 가장 적절한 장소를 선별하여 건설 후 주변 사람들에게 혜택을 주는 방식이 적절한 방법일까요? 아니면 혐오 시설만을 모아둔 부지를 따로 정해서 건설해야 할까요? 아니면 모든 도시가 공평하게 혐오 시설 건설에 대한 부담을 지니고 하나씩 건설해야 할까요?\n\n 모두가 만족할만한 결과를 내기란 정말 어려운 문제이지만 여러분이 생각하는 가장 합리적이고 좋은 방법을 생각해보세요. 그리고 그 방법을 대안으로 제시하고 그 근거에 대해 작성해주세요.",
    "essay_type": "대안제시",
    "essay_level": "1",
    "essay_len": 1020,
    "essay_main_subject": "혐오시설 건설문제에 대한 본인의 생각"
  }
}