{
  "paragraph": [
    {
      "paragraph_txt": "최근 sns에서의 남녀 혐오발언 및 갈등이 심화되고 있다.#@문장구분# 이는 아주 심각한 문제이기 때문에 해결해야 할 사항이다.#@문장구분# 양성평등이란 말이 있다.#@문장구분# 그 말의 뜻은 서로 평등하다는 뜻인데 우리 사회는 남녀 혐오발언을 많이 한다.#@문장구분# 이는 서로가 서로를 이해하거나 존중하지 않고 차별한다는 것과 같다.#@문장구분# 사회에서는 이를 해결하기 위해 '존중의 날'을 만들어야 할 것 같다.#@문장구분# 이날은 서로가 서로를 존중하고 차별하지 않으며 혐오발언을 하지 않고 서로를 이해해야 한다.#@문장구분# 인권의 관점으로 보면 상대방을 존중하지 않는 것이기 때문에 인권을 침해하는 행동이다.#@문장구분# 이 역시 해결해야 할 중요한 문제다.#@문장구분# 인권은 모두가 평등하게 주어지는 것이다.#@문장구분# 따라서 인권을 침해하는 행동이기 때문에 엄중히 금해야 할 사항이다.#@문장구분# 우리가 함께 해결해야 하기 때문에 더욱 열심히 노력해야 한다.#@문장구분# 즉, 남녀 혐오발언이나 갈등은 행복할 권리가 사라지는 것과 같다는 것인데 이를 금하면 행복할 권리를 그나마 좀 더 찾을 수 있을 것 같다.#@문장구분# 앞으로 이러한 혐오가 줄어들어 서로를 사랑하고 존중하는 사회가 왔으면 좋겠다.#@문장구분# 그러기 위해서는 우리 모두가 함께 힘을 합쳐 혐오를 조장하는 사람들을 이상한 취급하는 것이 좋을 것같다.#@문장구분# 그러면 이상한 취급 당하지 않기 위해서 혐오적인 발언을 하는 사람이 줄어들테고, 그럼 혐오가 점점 사라질 것이기 때문이다.#@문장구분# 어서 빨리 서로 혐오하는 사회가 가고 서로 아껴주고 사랑해주는 사회가 왔으면 좋겠다.#@문장구분# 그러기 위해서는 우리들의 노력이 필요하다고 생각한다.#@문장구분# 서로 사랑하기에도 시간이 모자른데 서로 혐오하다는 것이 말이 안된다.#@문장구분# 앞으로 혐오를 조장하는 사람들에게는 불이익이 주는 법이 생겼으면 좋겠다.#@문장구분#",
      "paragraph_len": 1223,
      "paragraph_id": "001"
    }
  ],
  "score": {
    "paragraph_score": [
      {
        "paragraph_scoreT": [
          3,
          3,
          3
        ],
        "paragraph_scoreT_detail": {
          "paragraph_scoreT_exp": [
            [
              3,
              3,
              3
            ],
            [
              3,
              3,
              3
            ],
            [
              3,
              3,
              3
            ]
          ]
        },
        "paragraph_scoreT_avg": 3,
        "paragraph_id": "001"
      }
    ],
    "essay_scoreT": [
      28.1,
      28.8,
      30
    ],
    "essay_scoreT_avg": 28.966667,
    "essay_scoreT_detail": {
      "essay_scoreT_org": [
        [
          3,
          0,
          3,
          2
        ],
        [
          3,
          0,
          3,
          3
        ],
        [
          3,
          0,
          3,
          3
        ]
      ],
      "essay_scoreT_cont": [
        [
          3,
          3,
          2,
          2
        ],
        [
          3,
          2,
          3,
          3
        ],
        [
          3,
          3,
          3,
          3
        ]
      ],
      "essay_scoreT_exp": [
        [
          3,
          3,
          3
        ],
        [
          3,
          3,
          3
        ],
        [
          3,
          3,
          3
        ]
      ]
    }
  },
  "student": {
    "date": "2020.10.31",
    "student_educated": true,
    "student_grade": "고등_1학년",
    "location": "063",
    "student_grade_group": "고등",
    "student_reading": 3
  },
  "rubric": {
    "essay_grade": "고등_1학년",
    "organization_weight": {
      "org_paragraph": 0,
      "org": 3,
      "org_essay": 6,
      "org_coherence": 3,
      "org_quantity": 1
    },
    "essay_type": "대안제시",
    "content_weight": {
      "con_clearance": 3,
      "con_novelty": 3,
      "con": 4,
      "con_prompt": 1,
      "con_description": 3
    },
    "essay_main_subject": "남녀 갈등 해결 방안",
    "expression_weight": {
      "exp_style": 4,
      "exp_grammar": 2,
      "exp_vocab": 4,
      "exp": 3
    }
  },
  "correction": [],
  "info": {
    "essay_id": "ESSAY_43940",
    "essay_prompt": " 남녀 갈등은 최근 우리 사회에서 가장 뜨거운 이슈 중 하나입니다. 이러한 갈등은 아직 간극을 좁히지 못하고 현재 사회적인 문제로 자리 잡았습니다.\n\n 군 가산점 문제, 일자리 문제 등 여러 가지 비교 자료들을 토대로 토론을 하고 이를 통해 갈등을 해결하고자 하는 노력이 이루어지고 있습니다.\n\n 과거에는 성차별 심했던 시기가 있었습니다. 여자와 남자를 구별 지어 일을 주는 경우도 많았습니다. 하지만, 현재는 여자와 남자라는 성별을 떠나서 나이, 국적을 불문하고 모두에게 평등한 기회를 주기 위해 노력하고 있습니다.\n\n 이렇게 모두의 노력에도 불구하고 아직 해결되지 않았거나 해결될 기미가 보이지 않는 양성평등 문제가 있을까요?\n\n 아주 작은 사소한 일이라도 좋습니다. 여러분이 생각하는 우리 주변의 양성평등 문제를 하나 작성해보고 어떻게 해결할 수 있을지 혹은 무엇이 바뀌어야 해결될 것 같은지 본인의 생각을 설명해주세요. ",
    "essay_type": "대안제시",
    "essay_level": "1",
    "essay_len": 823,
    "essay_main_subject": "남녀 갈등 해결 방안"
  }
}