{
  "paragraph": [
    {
      "paragraph_txt": "자신이 사는 지역에 쓰레기 매립지 님비(NIMBY) 현상 '내 뒷마당에서는 안 된다(Not In My Backyard)'을 불러온다.#@문장구분# 내집 앞엔 누구에게나 반갑지 않은 소식이다.#@문장구분# 하지만 우리가 쓰레기를 배출하는 것은  어쩔 수 없이 나오고 쓰레기를 처리할있는 방법, 시설은  꼭 필요한 필수 시설이다.#@문장구분# 이러한 시설을 짓는 것을 반대하는 이유는 악취, 안전 문제, 지역 이미지 훼손 등이 있다.#@문장구분# 모두가 싫어하는 혐오시설을 짓기 위한 해결방안 세 가지를 알아보자. #@문장구분#먼저 첫 번째 혐오시설에 대한 인식 개선이 필요하다.#@문장구분# 이 시설들은 우리가 살아가기 위해 반드시 있어야 하는 시설이고 종류에는 쓰레기매립장 원자력발전소와 같은 시설이 있다.#@문장구분# 사실 이러한 시설들은 그 지역에서 거주하는 사람들도 사용하고 있는 시설이다.#@문장구분# 따라서 무작정 거부 대상으로만 생각할 것이 아니라 내가 배려를 하여 우리 모두가 편안한 삶을 살 수 있게 하여 사회발전에 기여할 수 있다고 생각하는 것이 필요하다고 생각한다.#@문장구분# 이를 위해 정부에서 다양한 정보와 교육을 지원해야 한다고 생각한다.#@문장구분# 두 번째로는 나만 싫어하는 것이 아니고 우리 모두가 싫어한다는 생각을 갖고 배려하는 마음을 가져야 한다고 생각한다.#@문장구분# 물론왜 하필 우리 지역이냐? 라는 생각이 들 수도 있다.#@문장구분# 하지만 자기 입장만 생각하여 배려를 하지 않는다면 그 피해는 그대로 자신에게 올 것이다.#@문장구분# 어딘가에는 꼭 지어져야 하는 시설이므로 그 부분에서는 지역 주민들의 배려가 필요하다고 생각한다.#@문장구분# 세 번째로는 님비시설과 가깝게 살고 있는 주민들을 위한 법을 개정해야 한다고 생각한다.#@문장구분# 이러한 시설과 가깝게 살고 있는 사람들은 악취, 안전 문제, 소음 등으로 인해 안전하고 편안한 곳에서 살 권리가 침해받을 수 있다고 생각한다.#@문장구분# 따라서 시설과 지역 주민이 거주하는 집을 일정 거리 이상으로 더 늘리는 법을 개정하거나 또는 그 지역 사람들에게 다양한 혜택을 주는 것도 이러한 문제를 해결 할수 있는 방안이라고 생각한다.#@문장구분#",
      "paragraph_len": 1308,
      "paragraph_id": "001"
    }
  ],
  "score": {
    "paragraph_score": [
      {
        "paragraph_scoreT": [
          2.8,
          2.8,
          2.8
        ],
        "paragraph_scoreT_detail": {
          "paragraph_scoreT_exp": [
            [
              2,
              3,
              3
            ],
            [
              2,
              3,
              3
            ],
            [
              2,
              3,
              3
            ]
          ]
        },
        "paragraph_scoreT_avg": 2.8,
        "paragraph_id": "001"
      }
    ],
    "essay_scoreT": [
      28.2,
      28.2,
      29.4
    ],
    "essay_scoreT_avg": 28.6,
    "essay_scoreT_detail": {
      "essay_scoreT_org": [
        [
          3,
          0,
          3,
          3
        ],
        [
          3,
          0,
          3,
          3
        ],
        [
          3,
          0,
          3,
          3
        ]
      ],
      "essay_scoreT_cont": [
        [
          3,
          2,
          3,
          3
        ],
        [
          3,
          2,
          3,
          3
        ],
        [
          3,
          3,
          3,
          3
        ]
      ],
      "essay_scoreT_exp": [
        [
          2,
          3,
          3
        ],
        [
          2,
          3,
          3
        ],
        [
          2,
          3,
          3
        ]
      ]
    }
  },
  "student": {
    "date": "2021.12.09",
    "student_educated": true,
    "student_grade": "고등_1학년",
    "location": "063",
    "student_grade_group": "고등",
    "student_reading": 2
  },
  "rubric": {
    "essay_grade": "고등_1학년",
    "organization_weight": {
      "org_paragraph": 0,
      "org": 3,
      "org_essay": 6,
      "org_coherence": 3,
      "org_quantity": 1
    },
    "essay_type": "대안제시",
    "content_weight": {
      "con_clearance": 3,
      "con_novelty": 3,
      "con": 4,
      "con_prompt": 1,
      "con_description": 3
    },
    "essay_main_subject": "혐오시설 건설문제에 대한 본인의 생각",
    "expression_weight": {
      "exp_style": 4,
      "exp_grammar": 2,
      "exp_vocab": 4,
      "exp": 3
    }
  },
  "correction": [],
  "info": {
    "essay_id": "ESSAY_60445",
    "essay_prompt": " 혐오 시설이란 지역 주민에게 공포감이나 고통을 주거나, 주변 지역의 쾌적성이 훼손됨으로써 집값이나 땅값이 내려가는 등 부정적인 외부효과를 유발하는 시설을 의미합니다.\n\n 대표적인 혐오 시설에는 쓰레기 매립장, 원자력발전소, 소각장, 유류저장소 등이 있습니다.\n\n 매립지, 소각장, 쓰레기 하치장 같은 혐오 시설은 그리 위험하지는 않지만, 쓰레기를 취급한다는 점에서 혐오감을 주며, 주변 환경오염 문제가 갈등을 일으킵니다. 특히 소각장은 인구밀도가 높은 대도시에 건설된다는 점에서 반대 운동이 일기도 합니다.\n\n 그런데 서로 반대만 하다 보면 입지를 찾지 못해 결국 모든 주민의 삶의 질이 저하될 수 있습니다.\n\n 정부 차원에서 가장 적절한 장소를 선별하여 건설 후 주변 사람들에게 혜택을 주는 방식이 적절한 방법일까요? 아니면 혐오 시설만을 모아둔 부지를 따로 정해서 건설해야 할까요? 아니면 모든 도시가 공평하게 혐오 시설 건설에 대한 부담을 지니고 하나씩 건설해야 할까요?\n\n 모두가 만족할만한 결과를 내기란 정말 어려운 문제이지만 여러분이 생각하는 가장 합리적이고 좋은 방법을 생각해보세요. 그리고 그 방법을 대안으로 제시하고 그 근거에 대해 작성해주세요.",
    "essay_type": "대안제시",
    "essay_level": "1",
    "essay_len": 968,
    "essay_main_subject": "혐오시설 건설문제에 대한 본인의 생각"
  }
}