{
  "paragraph": [
    {
      "paragraph_txt": "혐오시설을 설치하는것은 당연하게도 반발을 얻을 수 밖에 없다. #@문장구분#그이유로는 혐오시설로 지정된 대부분의 이유는 그 시설을 설치하여서 얻는 부작용을 그옆에 있는 사람들이 얻기때문이다.#@문장구분# 예를 들어 원자력 발전소의 경우 일단 터질 위험이 잠재되어있다. #@문장구분#그리고 다른  혐오시설인 소각장은 쓰레기 타는 냄새가 민가에 바로 들어오고 이러한 것들이 들어오면 그주변에 있는 집값은 당연히 떨어진다.#@문장구분# 누가 집옆에 쓰레기장이 있는것을 좋아 하겠는가?#@문장구분# 그러나 이렇게 험오시설을 건설하는것을 반대하는것의 가장 큰 문제점은 이러한 시설들이 우리가 살아가기 위해서 무조건 필요하기 때문이다.#@문장구분# 일단 하수 처리장이나 쓰레기 하차장은 없으면 도시에 쓰례기들이 넘쳐날것이고 하수는 그대로 강이나 바다로 갈것이다.#@문장구분# 이러한 것으로 피해를 얻는 것도 당연히 인간이다.#@문장구분# 그리고 이러한 시설들을 멀리다가 짓기에는 어려운 점이 사람이 많은 대도시에서 이러한 시설을 더 많이 필요하기 때문이다.#@문장구분# 이러한 이유들로 우리는 혐오시설을 지을 수 밖에 없다.#@문장구분# 그러나 이를 어디에는 두고 어디에는 두지않는다면 사람들은 그에대한 불만을 제기할수밖에 없다.#@문장구분# 이러한 내용들을 바탕으로 나는 이 문제에 대한 해결책들을 생각해 보았다.#@문장구분# 일단 주변 사람들을 문제를 해결하려면 정부 차원에서 그에대한 보상을 줄 수 밖에 없다.#@문장구분# 아무리 공공시설이라지만 그피해를 온전히 그 주변에 시민들만 입는것은 말이 되지 않으므로 주변에 있지 않은 다른사람들로부터 그에대한 보상금을 얻으면  이러한 문제들을 해결하기 쉽다.#@문장구분# 그러므로 우리는 혐오시설 근처에 주민들에게 감사하고 그에대한 보상금을 지불하자.#@문장구분# 물론 세금의 형태로 국가에게 가는 형식이다.#@문장구분#",
      "paragraph_len": 1137,
      "paragraph_id": "001"
    }
  ],
  "score": {
    "paragraph_score": [
      {
        "paragraph_scoreT": [
          3,
          3,
          3
        ],
        "paragraph_scoreT_detail": {
          "paragraph_scoreT_exp": [
            [
              3,
              3,
              3
            ],
            [
              3,
              3,
              3
            ],
            [
              3,
              3,
              3
            ]
          ]
        },
        "paragraph_scoreT_avg": 3,
        "paragraph_id": "001"
      }
    ],
    "essay_scoreT": [
      25.099998,
      24.5,
      25.400002
    ],
    "essay_scoreT_avg": 25,
    "essay_scoreT_detail": {
      "essay_scoreT_org": [
        [
          2,
          0,
          3,
          2
        ],
        [
          2,
          0,
          2,
          3
        ],
        [
          2,
          0,
          3,
          3
        ]
      ],
      "essay_scoreT_cont": [
        [
          3,
          2,
          2,
          2
        ],
        [
          2,
          2,
          2,
          3
        ],
        [
          2,
          2,
          2,
          3
        ]
      ],
      "essay_scoreT_exp": [
        [
          3,
          3,
          3
        ],
        [
          3,
          3,
          3
        ],
        [
          3,
          3,
          3
        ]
      ]
    }
  },
  "student": {
    "date": "2021.09.07",
    "student_educated": true,
    "student_grade": "고등_1학년",
    "location": "051",
    "student_grade_group": "고등",
    "student_reading": 2
  },
  "rubric": {
    "essay_grade": "고등_1학년",
    "organization_weight": {
      "org_paragraph": 0,
      "org": 3,
      "org_essay": 6,
      "org_coherence": 3,
      "org_quantity": 1
    },
    "essay_type": "대안제시",
    "content_weight": {
      "con_clearance": 3,
      "con_novelty": 3,
      "con": 4,
      "con_prompt": 1,
      "con_description": 3
    },
    "essay_main_subject": "혐오시설 건설문제에 대한 본인의 생각",
    "expression_weight": {
      "exp_style": 4,
      "exp_grammar": 2,
      "exp_vocab": 4,
      "exp": 3
    }
  },
  "correction": [],
  "info": {
    "essay_id": "ESSAY_33793",
    "essay_prompt": " 혐오 시설이란 지역 주민에게 공포감이나 고통을 주거나, 주변 지역의 쾌적성이 훼손됨으로써 집값이나 땅값이 내려가는 등 부정적인 외부효과를 유발하는 시설을 의미합니다.\n\n 대표적인 혐오 시설에는 쓰레기 매립장, 원자력발전소, 소각장, 유류저장소 등이 있습니다.\n\n 매립지, 소각장, 쓰레기 하치장 같은 혐오 시설은 그리 위험하지는 않지만, 쓰레기를 취급한다는 점에서 혐오감을 주며, 주변 환경오염 문제가 갈등을 일으킵니다. 특히 소각장은 인구밀도가 높은 대도시에 건설된다는 점에서 반대 운동이 일기도 합니다.\n\n 그런데 서로 반대만 하다 보면 입지를 찾지 못해 결국 모든 주민의 삶의 질이 저하될 수 있습니다.\n\n 정부 차원에서 가장 적절한 장소를 선별하여 건설 후 주변 사람들에게 혜택을 주는 방식이 적절한 방법일까요? 아니면 혐오 시설만을 모아둔 부지를 따로 정해서 건설해야 할까요? 아니면 모든 도시가 공평하게 혐오 시설 건설에 대한 부담을 지니고 하나씩 건설해야 할까요?\n\n 모두가 만족할만한 결과를 내기란 정말 어려운 문제이지만 여러분이 생각하는 가장 합리적이고 좋은 방법을 생각해보세요. 그리고 그 방법을 대안으로 제시하고 그 근거에 대해 작성해주세요.",
    "essay_type": "대안제시",
    "essay_level": "1",
    "essay_len": 818,
    "essay_main_subject": "혐오시설 건설문제에 대한 본인의 생각"
  }
}