{
  "paragraph": [
    {
      "paragraph_txt": "사회적인 공공의 이익은 되지만,개인에게는 불이익이 되는 일을반대하는 이기주의 행동을님비현상이라로 말합니다.#@문장구분# 지역 주민들이 싫어할 시설인 쓰레기 처리장, 화장장, 교도소, 방폐장 등땅값이 떨어질 우려가 있는 공공시설 설치를반대하는 시위는 현재까지도 진행되고 있습니다.#@문장구분# 이러한 지역에 손실이 되는 시설은 기피시설, 혐오시설로 정의되고,이의 범위는 점점 확대되고 있으며,선진국에서는 시설을 설치하기 위해 일자리 제공, 세금 감면 등 지역 주민들에게 보상을 해주는 사례도 있습니다.#@문장구분#",
      "paragraph_len": 325,
      "paragraph_id": "001"
    },
    {
      "paragraph_txt": " 방사선 폐기물 처분장 입지를 위해 경북 울진부터, 충남 안면도, 전북 부안 순서로 후보지가 결정되었으나 주민들의 격렬한 반대로 무산되었다.#@문장구분# 결국 2005년 특별법 제정으로 방사선 폐기물 처분장 입지 지역 지원을 명문화한 후 힘겹게 주민 투표를 거쳐 경주시로 결정되었다.#@문장구분# 핌피현상과 님비현상의 대표적인 사례를 보면서 핌피현상은 어떤 이유든 모두가 원하는 시설이기 때문에 모두가 공평할 수 있는 방법을 찾아야한다는 것을 알 수 있고 님비현상은 지역 주민 모두에게 공포감이나 고통을 주거나, 주변 지역의 쾌적성이 훼손됨으로써 경제적인 부분이나 지역 주민들의 건강 상태에 부정적인 영향을 준다는 것을 위의 대표 사례를 보고 알 수 있다.#@문장구분# 그렇게 때문에 혐오시설을 건설하려면 방사선 폐끼물 처분장 사례와 같이 지역 주민들에게 적절한 보상을 해야하고 꼭 설치해야하는 시설은 특별법을 제정하여 지역 지원을 명문화를 해주어야 한다는 것을 알 수 있다.#@문장구분# 혐오시설을 설치 하고 아무리 혜택을 준다 해도 혐오시설은 혐오시설이기라 생각하기 때문에 이러한 인식을 바꿔야 된다고 생각합니다.#@문장구분#",
      "paragraph_len": 641,
      "paragraph_id": "002"
    },
    {
      "paragraph_txt": " 혐오시설은 주민들과 정부가 협의해 주민들이 이해를 하되 정부가 약간의 혜택을 주는 방향으로 법안이 발의 되면 좋을 것 같습니다.#@문장구분# 법안이 발의되면 혐오시설을 자기 지역에 유치하려는 지자체들이 많아질  것이고 혐오시설에 대한 인식이 어느 정도 수용할수 있는 범위가 생길 것으로 생각 됩니다.#@문장구분#",
      "paragraph_len": 201,
      "paragraph_id": "003"
    }
  ],
  "score": {
    "paragraph_score": [
      {
        "paragraph_scoreT": [
          3,
          3,
          2.8
        ],
        "paragraph_scoreT_detail": {
          "paragraph_scoreT_exp": [
            [
              3,
              3,
              3
            ],
            [
              3,
              3,
              3
            ],
            [
              2,
              3,
              3
            ]
          ]
        },
        "paragraph_scoreT_avg": 2.9333334,
        "paragraph_id": "001"
      },
      {
        "paragraph_scoreT": [
          3,
          3,
          2.8
        ],
        "paragraph_scoreT_detail": {
          "paragraph_scoreT_exp": [
            [
              3,
              3,
              3
            ],
            [
              3,
              3,
              3
            ],
            [
              2,
              3,
              3
            ]
          ]
        },
        "paragraph_scoreT_avg": 2.9333334,
        "paragraph_id": "002"
      },
      {
        "paragraph_scoreT": [
          3,
          3,
          2.8
        ],
        "paragraph_scoreT_detail": {
          "paragraph_scoreT_exp": [
            [
              3,
              3,
              3
            ],
            [
              3,
              3,
              3
            ],
            [
              2,
              3,
              3
            ]
          ]
        },
        "paragraph_scoreT_avg": 2.9333334,
        "paragraph_id": "003"
      }
    ],
    "essay_scoreT": [
      27,
      27,
      29.4
    ],
    "essay_scoreT_avg": 27.800001,
    "essay_scoreT_detail": {
      "essay_scoreT_org": [
        [
          2,
          0,
          3,
          3
        ],
        [
          2,
          0,
          3,
          3
        ],
        [
          3,
          0,
          3,
          3
        ]
      ],
      "essay_scoreT_cont": [
        [
          3,
          2,
          3,
          3
        ],
        [
          3,
          2,
          3,
          3
        ],
        [
          3,
          3,
          3,
          3
        ]
      ],
      "essay_scoreT_exp": [
        [
          3,
          3,
          3
        ],
        [
          3,
          3,
          3
        ],
        [
          2,
          3,
          3
        ]
      ]
    }
  },
  "student": {
    "date": "2021.12.13",
    "student_educated": true,
    "student_grade": "고등_1학년",
    "location": "063",
    "student_grade_group": "고등",
    "student_reading": 2
  },
  "rubric": {
    "essay_grade": "고등_1학년",
    "organization_weight": {
      "org_paragraph": 0,
      "org": 3,
      "org_essay": 6,
      "org_coherence": 3,
      "org_quantity": 1
    },
    "essay_type": "대안제시",
    "content_weight": {
      "con_clearance": 3,
      "con_novelty": 3,
      "con": 4,
      "con_prompt": 1,
      "con_description": 3
    },
    "essay_main_subject": "혐오시설 건설문제에 대한 본인의 생각",
    "expression_weight": {
      "exp_style": 4,
      "exp_grammar": 2,
      "exp_vocab": 4,
      "exp": 3
    }
  },
  "correction": [],
  "info": {
    "essay_id": "ESSAY_63036",
    "essay_prompt": " 혐오 시설이란 지역 주민에게 공포감이나 고통을 주거나, 주변 지역의 쾌적성이 훼손됨으로써 집값이나 땅값이 내려가는 등 부정적인 외부효과를 유발하는 시설을 의미합니다.\n\n 대표적인 혐오 시설에는 쓰레기 매립장, 원자력발전소, 소각장, 유류저장소 등이 있습니다.\n\n 매립지, 소각장, 쓰레기 하치장 같은 혐오 시설은 그리 위험하지는 않지만, 쓰레기를 취급한다는 점에서 혐오감을 주며, 주변 환경오염 문제가 갈등을 일으킵니다. 특히 소각장은 인구밀도가 높은 대도시에 건설된다는 점에서 반대 운동이 일기도 합니다.\n\n 그런데 서로 반대만 하다 보면 입지를 찾지 못해 결국 모든 주민의 삶의 질이 저하될 수 있습니다.\n\n 정부 차원에서 가장 적절한 장소를 선별하여 건설 후 주변 사람들에게 혜택을 주는 방식이 적절한 방법일까요? 아니면 혐오 시설만을 모아둔 부지를 따로 정해서 건설해야 할까요? 아니면 모든 도시가 공평하게 혐오 시설 건설에 대한 부담을 지니고 하나씩 건설해야 할까요?\n\n 모두가 만족할만한 결과를 내기란 정말 어려운 문제이지만 여러분이 생각하는 가장 합리적이고 좋은 방법을 생각해보세요. 그리고 그 방법을 대안으로 제시하고 그 근거에 대해 작성해주세요.",
    "essay_type": "대안제시",
    "essay_level": "1",
    "essay_len": 971,
    "essay_main_subject": "혐오시설 건설문제에 대한 본인의 생각"
  }
}