{
  "paragraph": [
    {
      "paragraph_txt": "먼저 제가 생각하는 남녀 혐오발언를 유발시키는 근복적인 이유는 요즘 비혼주의가 많아지는 것과 남녀가 서로 만나지를 못해 남녀 사이의 혐오와 갈등이 생겨나면서 심화된다고 생각합니다.#@문장구분# 그래서 이 문제를 해결하기 위한 첫 번째 방법은 서로를 이해 할 수 있도록 남녀에서 각각 대표를 정하여 서로의 문제에 대한 회의를 열어 문제를 해결 할 수 있는 방법을 찾는 것입니다.#@문장구분# 국가나 기업에서 남녀가 서로가 협동 할 수 있는 활동을 만들어 활동을 하게 만든다.#@문장구분#\n 남녀가 서로 혐오하는 이유는 또 요즘 계속 남녀 혐오에 대한 발언 문제가 계속 생겨나고 있다.#@문장구분# 근데 계속 문제가 생겨 나면서 서로를 혐오를 하고 또 문제가 생겨나면서 또 서로를 혐오하는 것이 계속 반복되어 남녀 갈등이 더 심해진다.#@문장구분# 이 문제를 해결하기 위해서는 어느 한 쪽이 문제에 대해 이해하는 것이다.#@문장구분# 그런데 어느 한 쪽이 이해를 하면 남녀 차별이라고 하는 사람이 생기기 때문에 이 문제는 국가가 중재를 해주어야 문제가 해결이 되고 조금이라도 남녀 갈등을 해결 할 수 있다.#@문장구분#\n 그리고 제일 심한 문제는 페미니스트가 남녀 혐오에 가장 문제라고 생각한다.#@문장구분# 왜냐하면 시위를 한다고 생각하지만 자신들을 위해 남자 혐오를 하여 남녀 혐오를 가장 심화 시키는 주된 원인이라고 생각한다.#@문장구분# 이 문제를 해결하기 위해서는 지속적인 시위를 통해 패미니스트가 잘못 되었다는 것을 알려주고 국가에서 지원을 해주어야 한다고 생각한다#@문장구분# 그리고 우리들이 적극적으로 나서야한다고 생각한다.#@문장구분#",
      "paragraph_len": 953,
      "paragraph_id": "001"
    }
  ],
  "score": {
    "paragraph_score": [
      {
        "paragraph_scoreT": [
          3,
          3,
          1.6
        ],
        "paragraph_scoreT_detail": {
          "paragraph_scoreT_exp": [
            [
              3,
              3,
              3
            ],
            [
              3,
              3,
              3
            ],
            [
              2,
              2,
              1
            ]
          ]
        },
        "paragraph_scoreT_avg": 2.5333333,
        "paragraph_id": "001"
      }
    ],
    "essay_scoreT": [
      30,
      27.6,
      19.7
    ],
    "essay_scoreT_avg": 25.766668,
    "essay_scoreT_detail": {
      "essay_scoreT_org": [
        [
          3,
          0,
          3,
          3
        ],
        [
          3,
          0,
          3,
          3
        ],
        [
          2,
          0,
          3,
          2
        ]
      ],
      "essay_scoreT_cont": [
        [
          3,
          3,
          3,
          3
        ],
        [
          3,
          2,
          3,
          2
        ],
        [
          3,
          2,
          2,
          1
        ]
      ],
      "essay_scoreT_exp": [
        [
          3,
          3,
          3
        ],
        [
          3,
          3,
          3
        ],
        [
          2,
          2,
          1
        ]
      ]
    }
  },
  "student": {
    "date": "2021.08.08",
    "student_educated": true,
    "student_grade": "고등_1학년",
    "location": "051",
    "student_grade_group": "고등",
    "student_reading": 1
  },
  "rubric": {
    "essay_grade": "고등_1학년",
    "organization_weight": {
      "org_paragraph": 0,
      "org": 3,
      "org_essay": 6,
      "org_coherence": 3,
      "org_quantity": 1
    },
    "essay_type": "대안제시",
    "content_weight": {
      "con_clearance": 3,
      "con_novelty": 3,
      "con": 4,
      "con_prompt": 1,
      "con_description": 3
    },
    "essay_main_subject": "남녀 갈등 해결 방안",
    "expression_weight": {
      "exp_style": 4,
      "exp_grammar": 2,
      "exp_vocab": 4,
      "exp": 3
    }
  },
  "correction": [],
  "info": {
    "essay_id": "ESSAY_34050",
    "essay_prompt": " 남녀 갈등은 최근 우리 사회에서 가장 뜨거운 이슈 중 하나입니다. 이러한 갈등은 아직 간극을 좁히지 못하고 현재 사회적인 문제로 자리 잡았습니다.\n\n 군 가산점 문제, 일자리 문제 등 여러 가지 비교 자료들을 토대로 토론을 하고 이를 통해 갈등을 해결하고자 하는 노력이 이루어지고 있습니다.\n\n 과거에는 성차별 심했던 시기가 있었습니다. 여자와 남자를 구별 지어 일을 주는 경우도 많았습니다. 하지만, 현재는 여자와 남자라는 성별을 떠나서 나이, 국적을 불문하고 모두에게 평등한 기회를 주기 위해 노력하고 있습니다.\n\n 이렇게 모두의 노력에도 불구하고 아직 해결되지 않았거나 해결될 기미가 보이지 않는 양성평등 문제가 있을까요?\n\n 아주 작은 사소한 일이라도 좋습니다. 여러분이 생각하는 우리 주변의 양성평등 문제를 하나 작성해보고 어떻게 해결할 수 있을지 혹은 무엇이 바뀌어야 해결될 것 같은지 본인의 생각을 설명해주세요. ",
    "essay_type": "대안제시",
    "essay_level": "1",
    "essay_len": 733,
    "essay_main_subject": "남녀 갈등 해결 방안"
  }
}