{
  "paragraph": [
    {
      "paragraph_txt": "양성평등이란, 여자와 남자가 모든 것에서 동등한 대우를 받고 모든 면에서 권리와 이익을 평등하게 가지는 것이라고 한다.#@문장구분# 아주 먼 옛날 조선시대에 우리 조상들은 남녀 차별이 심하여 여자들이 많은 불이익을 받았다고들 한다.#@문장구분# '남녀칠세부동석'이라고 하여 7살만 되면 남자 여자 함께 자리에 앉아서도 안 된다고 하였고 모든 집안일은 여자들이 도맡아 했다.#@문장구분# 여자는 남자와 함께 밥도 못 먹었다고 한다.#@문장구분# 요즘에는 우리 사회가 많이 변화되어 남자와 여자의 하는 일이 많이 구분되어 지지 않는다.#@문장구분# 우리 집안에서만 봐도 아빠께서 쉬는 날이면 청소도 하시고 설거지도 해주신다. #@문장구분#그런데, 가끔 나와 형이 설거지 하고 싶다고 하면 할머니께서는 무슨 남자가 그런 걸 하고 싶냐고 말씀하실 때도 있다. #@문장구분#딸만 있는 고모한테, 그래도 아들을 낳아야지....라며 말씀 하시는 것도 들은 적이 있다.#@문장구분# 처음에는 남자가...무슨 상관일까? 라고 생각했는데 여러 가지 책과 이야기를 보니 예전 우리 조상들의 삶에서 왜 그런 말씀을 하셨는지 알 것 같다.#@문장구분# 우리의 생활 곳곳에는 아직 남녀 차별이 보이지 않게 존재한다.#@문장구분# 이런 남녀차별은 더 지우기 힘들고, 사회적 모순만 끊임없이 낳을 뿐이다.#@문장구분# 우리는 양성 평등을 작은 생활 습관에서부터 실천해야 한다.#@문장구분# 남녀차별적인 태도부터 바꿔야 한다고 생각한다.#@문장구분# 태도를 바꾸기 위해서는 우선적으로 교육을 해야한다고 생각한다.#@문장구분# 하지만 교육이 끝이 아니라고 또 생각한다.#@문장구분# 교육이 끝나면 실천이 또 중요하다고 생각한다. #@문장구분#머릿속에 들어있는 이론을 실천을 해이자만이 정말로 의미있는 행동이기 때문이다.#@문장구분#꼭 남녀평등을 실천하는 사람이 되도록 노력하자.#@문장구분#",
      "paragraph_len": 1162,
      "paragraph_id": "001"
    }
  ],
  "score": {
    "paragraph_score": [
      {
        "paragraph_scoreT": [
          3,
          2.4,
          2.4
        ],
        "paragraph_scoreT_detail": {
          "paragraph_scoreT_exp": [
            [
              3,
              3,
              3
            ],
            [
              2,
              2,
              3
            ],
            [
              2,
              2,
              3
            ]
          ]
        },
        "paragraph_scoreT_avg": 2.6000001,
        "paragraph_id": "001"
      }
    ],
    "essay_scoreT": [
      30,
      25.2,
      25.2
    ],
    "essay_scoreT_avg": 26.800001,
    "essay_scoreT_detail": {
      "essay_scoreT_org": [
        [
          3,
          0,
          3,
          3
        ],
        [
          2,
          0,
          3,
          3
        ],
        [
          2,
          0,
          3,
          3
        ]
      ],
      "essay_scoreT_cont": [
        [
          3,
          3,
          3,
          3
        ],
        [
          2,
          3,
          3,
          3
        ],
        [
          2,
          3,
          3,
          3
        ]
      ],
      "essay_scoreT_exp": [
        [
          3,
          3,
          3
        ],
        [
          2,
          2,
          3
        ],
        [
          2,
          2,
          3
        ]
      ]
    }
  },
  "student": {
    "date": "2021.12.13",
    "student_educated": true,
    "student_grade": "고등_1학년",
    "location": "063",
    "student_grade_group": "고등",
    "student_reading": 2
  },
  "rubric": {
    "essay_grade": "고등_1학년",
    "organization_weight": {
      "org_paragraph": 0,
      "org": 3,
      "org_essay": 6,
      "org_coherence": 3,
      "org_quantity": 1
    },
    "essay_type": "대안제시",
    "content_weight": {
      "con_clearance": 3,
      "con_novelty": 3,
      "con": 4,
      "con_prompt": 1,
      "con_description": 3
    },
    "essay_main_subject": "남녀 갈등 해결 방안",
    "expression_weight": {
      "exp_style": 4,
      "exp_grammar": 2,
      "exp_vocab": 4,
      "exp": 3
    }
  },
  "correction": [],
  "info": {
    "essay_id": "ESSAY_61879",
    "essay_prompt": " 남녀 갈등은 최근 우리 사회에서 가장 뜨거운 이슈 중 하나입니다. 이러한 갈등은 아직 간극을 좁히지 못하고 현재 사회적인 문제로 자리 잡았습니다.\n\n 군 가산점 문제, 일자리 문제 등 여러 가지 비교 자료들을 토대로 토론을 하고 이를 통해 갈등을 해결하고자 하는 노력이 이루어지고 있습니다.\n\n 과거에는 성차별 심했던 시기가 있었습니다. 여자와 남자를 구별 지어 일을 주는 경우도 많았습니다. 하지만, 현재는 여자와 남자라는 성별을 떠나서 나이, 국적을 불문하고 모두에게 평등한 기회를 주기 위해 노력하고 있습니다.\n\n 이렇게 모두의 노력에도 불구하고 아직 해결되지 않았거나 해결될 기미가 보이지 않는 양성평등 문제가 있을까요?\n\n 아주 작은 사소한 일이라도 좋습니다. 여러분이 생각하는 우리 주변의 양성평등 문제를 하나 작성해보고 어떻게 해결할 수 있을지 혹은 무엇이 바뀌어야 해결될 것 같은지 본인의 생각을 설명해주세요. ",
    "essay_type": "대안제시",
    "essay_level": "1",
    "essay_len": 804,
    "essay_main_subject": "남녀 갈등 해결 방안"
  }
}