{
  "paragraph": [
    {
      "paragraph_txt": "남녀 차별은 특히, 학교, 집에서도 많이 일어난다.#@문장구분#  초등학교에서의 경험이다.#@문장구분# 나의 꿈은 작가, 축구선수, 요리사 이었다.#@문장구분# 그래서 3학년 때 나의 꿈을 발표했던 적이 있었다.#@문장구분# \"저의 꿈은 작, 축, 요, 즉 작가, 축구선수, 요리사 입니다.#@문장구분# \" 그 순간 갑자기 조용해지더니 \"야! 여자가 축구선수가 뭔데?\". \"와~! 진짜 웃긴다.\", \"너 축구선수 이름 아니?\", \"정화야, 정말이야?\" 하고 여러 사람의 비웃음과 함께 놀라움이 터져 나왔다.#@문장구분# '어? 내가 뭘 잘못했나?....... 근데 대게 부끄럽네........' 하고 생각했던 것을 떠올리면 너무나도 화가 나고 짜증이 난다.#@문장구분# 도대체 왜 여자는 축구선수가 되면 안 된다는 것일까?#@문장구분# 현재 지금 월드컵이나 큰 축구대회에서는 여자가 안 나가지만 여자 축구단이 있다는 것을 나는 조사로 통해서 잘 알고 있었다.#@문장구분# 그러면 그 사람들은 여자가 아니란 말인가?#@문장구분# 나는 정말 섭섭했다.#@문장구분# 그리고 아직도 남녀 차별이 있는 것이 싫었다.#@문장구분# 솔직히 말해서는 여자축구선수는 별로 없다.#@문장구분# 하지만 나는 그렇게 많이 없는 것이 원래는 하고 싶은 사람들이 있었지만 \"무엇은 하면 안 된다.\" 라는 고정관념 때문에 그 꿈이 없어졌다고 생각한다.#@문장구분# 남자들도 축구선수는 많아도 다 잘하는 것은 아니지 않는가?#@문장구분# 우리는 학교에서부터 남녀차별을 겪고 잘못된 인식이 생기고 있다.#@문장구분#  이렇듯 우리 사회가 변화되려면 학교, 가ㅂ정에서의 성의식 변화가 우선으로 되어야 한다고 생각한다.#@문장구분# 학교, 가정에서 성평등 가치관이 올바르게 정립 되었을 때 우리 사회는 자연적으로 변화 될 것이다.#@문장구분# 이러한 인식을 바꾸는 것부터가 성평등을 실현하는 일이라고 믿어의심치 않는다.#@문장구분#",
      "paragraph_len": 1189,
      "paragraph_id": "001"
    }
  ],
  "score": {
    "paragraph_score": [
      {
        "paragraph_scoreT": [
          2.8,
          3,
          2.8
        ],
        "paragraph_scoreT_detail": {
          "paragraph_scoreT_exp": [
            [
              2,
              3,
              3
            ],
            [
              3,
              3,
              3
            ],
            [
              2,
              3,
              3
            ]
          ]
        },
        "paragraph_scoreT_avg": 2.8666668,
        "paragraph_id": "001"
      }
    ],
    "essay_scoreT": [
      28.2,
      28.4,
      29.4
    ],
    "essay_scoreT_avg": 28.666666,
    "essay_scoreT_detail": {
      "essay_scoreT_org": [
        [
          3,
          0,
          3,
          3
        ],
        [
          3,
          0,
          3,
          3
        ],
        [
          3,
          0,
          3,
          3
        ]
      ],
      "essay_scoreT_cont": [
        [
          3,
          2,
          3,
          3
        ],
        [
          3,
          2,
          2,
          3
        ],
        [
          3,
          3,
          3,
          3
        ]
      ],
      "essay_scoreT_exp": [
        [
          2,
          3,
          3
        ],
        [
          3,
          3,
          3
        ],
        [
          2,
          3,
          3
        ]
      ]
    }
  },
  "student": {
    "date": "2021.12.13",
    "student_educated": true,
    "student_grade": "고등_1학년",
    "location": "063",
    "student_grade_group": "고등",
    "student_reading": 2
  },
  "rubric": {
    "essay_grade": "고등_1학년",
    "organization_weight": {
      "org_paragraph": 0,
      "org": 3,
      "org_essay": 6,
      "org_coherence": 3,
      "org_quantity": 1
    },
    "essay_type": "대안제시",
    "content_weight": {
      "con_clearance": 3,
      "con_novelty": 3,
      "con": 4,
      "con_prompt": 1,
      "con_description": 3
    },
    "essay_main_subject": "남녀 갈등 해결 방안",
    "expression_weight": {
      "exp_style": 4,
      "exp_grammar": 2,
      "exp_vocab": 4,
      "exp": 3
    }
  },
  "correction": [],
  "info": {
    "essay_id": "ESSAY_62481",
    "essay_prompt": " 남녀 갈등은 최근 우리 사회에서 가장 뜨거운 이슈 중 하나입니다. 이러한 갈등은 아직 간극을 좁히지 못하고 현재 사회적인 문제로 자리 잡았습니다.\n\n 군 가산점 문제, 일자리 문제 등 여러 가지 비교 자료들을 토대로 토론을 하고 이를 통해 갈등을 해결하고자 하는 노력이 이루어지고 있습니다.\n\n 과거에는 성차별 심했던 시기가 있었습니다. 여자와 남자를 구별 지어 일을 주는 경우도 많았습니다. 하지만, 현재는 여자와 남자라는 성별을 떠나서 나이, 국적을 불문하고 모두에게 평등한 기회를 주기 위해 노력하고 있습니다.\n\n 이렇게 모두의 노력에도 불구하고 아직 해결되지 않았거나 해결될 기미가 보이지 않는 양성평등 문제가 있을까요?\n\n 아주 작은 사소한 일이라도 좋습니다. 여러분이 생각하는 우리 주변의 양성평등 문제를 하나 작성해보고 어떻게 해결할 수 있을지 혹은 무엇이 바뀌어야 해결될 것 같은지 본인의 생각을 설명해주세요. ",
    "essay_type": "대안제시",
    "essay_level": "1",
    "essay_len": 809,
    "essay_main_subject": "남녀 갈등 해결 방안"
  }
}