{
  "paragraph": [
    {
      "paragraph_txt": "현제는 남녀평등을 넘어 남녀갈등 혹은 남녀혐오의 시대를 가고 있는 듯 하다.#@문장구분# 인터넷에 떠도는 기사나 뉴스만 봐도 한남충, 된장녀등 모든 사회적 문제에 남녀평등을 넘어 혐오를 조장하고 있다.#@문장구분# 우리네 가정을 하나하나 들여다 보면 남녀를 불문하고 나의 가족들인데 왜 사회를 남녀라는 잣대만을 들이대고 서로 비난하고 헐뜯는지 잘 모르겠다.#@문장구분# 우리사회에 남녀불평등은 참으로 많다.#@문장구분# 우선 임금격차, 사회적 업무등을 보면 아직도 우리 사회는 남녀불평등의 세계에 있다고 볼 수 있다. #@문장구분#그럼 이 남녀갈등, 혐오를 어떻게 하면 해결할 수 있을까?#@문장구분# 남녀갈등이 혐오로까지 번진 것은 사회적 문제가 크다고 생각한다.#@문장구분# 예전같지 않고 남자든 여자든 취업이 제대로 이루어지지 않으니 작은 취업의 문을 열자니 남녀간의 갈등이 더 심해지는 것 같다.#@문장구분# 취업이 안되니 사회적안정이 안되고 사회적, 경제적으로 불안하니 서로간에 나의 파이를 뺏기지 않으려는 몸부림에서 갈등과 혐오가 나오는 것 같다.#@문장구분# 이러한 문제를 해결하려면 근본적으로 취업이 보장되고 거기에 기반하는 재정적 안정, 고용의 안정성이 요구되는 것같다.#@문장구분# 이는 우리 개개인이 해결할 수는 없고 국가와 기업들간의 협의와 고뇌로 문제를 해결해 내야 하지 않을까 싶다.#@문장구분# 그리고 우리의 인식을 바꿔야 한다고 생각한다.#@문장구분# 인터넷에 올라오는 글들은 100분의 1 아니 10000분의 1의 사람의 생각 즉, 극소수의 의견일 뿐인데 그 자극적인 글을 보고 대부분의 사람들은 이렇게 생각한다 라고 일반화 하기가 너무 성급하다고 생각한다.#@문장구분# 또 이러한 글들만 보고 성급히 정책을 만들어 지금의 대한민국이 되었다고 생각한다.#@문장구분# 높으신 분들의 똑똑한 머리로 어서 빨리 좋은 정책들이 나와 남녀갈등이 해결되었으면 좋겠다.#@문장구분#",
      "paragraph_len": 1146,
      "paragraph_id": "001"
    }
  ],
  "score": {
    "paragraph_score": [
      {
        "paragraph_scoreT": [
          2.8,
          2.6,
          2
        ],
        "paragraph_scoreT_detail": {
          "paragraph_scoreT_exp": [
            [
              2,
              3,
              3
            ],
            [
              3,
              2,
              3
            ],
            [
              2,
              2,
              2
            ]
          ]
        },
        "paragraph_scoreT_avg": 2.4666665,
        "paragraph_id": "001"
      }
    ],
    "essay_scoreT": [
      26.099998,
      28.8,
      25.7
    ],
    "essay_scoreT_avg": 26.866667,
    "essay_scoreT_detail": {
      "essay_scoreT_org": [
        [
          2,
          0,
          3,
          2
        ],
        [
          3,
          0,
          3,
          3
        ],
        [
          3,
          0,
          2,
          3
        ]
      ],
      "essay_scoreT_cont": [
        [
          3,
          2,
          3,
          3
        ],
        [
          3,
          3,
          3,
          3
        ],
        [
          3,
          3,
          2,
          3
        ]
      ],
      "essay_scoreT_exp": [
        [
          2,
          3,
          3
        ],
        [
          3,
          2,
          3
        ],
        [
          2,
          2,
          2
        ]
      ]
    }
  },
  "student": {
    "date": "2021.11.19",
    "student_educated": true,
    "student_grade": "고등_1학년",
    "location": "063",
    "student_grade_group": "고등",
    "student_reading": 1
  },
  "rubric": {
    "essay_grade": "고등_1학년",
    "organization_weight": {
      "org_paragraph": 0,
      "org": 3,
      "org_essay": 6,
      "org_coherence": 3,
      "org_quantity": 1
    },
    "essay_type": "대안제시",
    "content_weight": {
      "con_clearance": 3,
      "con_novelty": 3,
      "con": 4,
      "con_prompt": 1,
      "con_description": 3
    },
    "essay_main_subject": "남녀 갈등 해결 방안",
    "expression_weight": {
      "exp_style": 4,
      "exp_grammar": 2,
      "exp_vocab": 4,
      "exp": 3
    }
  },
  "correction": [],
  "info": {
    "essay_id": "ESSAY_47316",
    "essay_prompt": " 남녀 갈등은 최근 우리 사회에서 가장 뜨거운 이슈 중 하나입니다. 이러한 갈등은 아직 간극을 좁히지 못하고 현재 사회적인 문제로 자리 잡았습니다.\n\n 군 가산점 문제, 일자리 문제 등 여러 가지 비교 자료들을 토대로 토론을 하고 이를 통해 갈등을 해결하고자 하는 노력이 이루어지고 있습니다.\n\n 과거에는 성차별 심했던 시기가 있었습니다. 여자와 남자를 구별 지어 일을 주는 경우도 많았습니다. 하지만, 현재는 여자와 남자라는 성별을 떠나서 나이, 국적을 불문하고 모두에게 평등한 기회를 주기 위해 노력하고 있습니다.\n\n 이렇게 모두의 노력에도 불구하고 아직 해결되지 않았거나 해결될 기미가 보이지 않는 양성평등 문제가 있을까요?\n\n 아주 작은 사소한 일이라도 좋습니다. 여러분이 생각하는 우리 주변의 양성평등 문제를 하나 작성해보고 어떻게 해결할 수 있을지 혹은 무엇이 바뀌어야 해결될 것 같은지 본인의 생각을 설명해주세요. ",
    "essay_type": "대안제시",
    "essay_level": "1",
    "essay_len": 846,
    "essay_main_subject": "남녀 갈등 해결 방안"
  }
}