{
  "paragraph": [
    {
      "paragraph_txt": "사람들은 보통 혐오시설이 내 땅 인근에 들어서면 부동산 값이 떨어질 것으로 예상하고 가만히 있지 않는다.#@문장구분#  보통의 혐오시설이라 함은 쓰레기 소각장, 납골당, 화장터, 심지어 장애인시설들을 말한다.#@문장구분# 하지만 그 혐오시설에 대해 무조건 반대할 말한 일은 아니라고 생각된다.#@문장구분# 혐오시설이 들어서면서 얻는 인프라효과 또한 무시할 수 없어서다.#@문장구분#혐오시설이 들어선다는 정보 자체가 사람들의 관심과 호기심을 유발하는 요소가 될 수도 있다.#@문장구분# 특히 아직도 님비현상이 만연한 것을 보면 선진국이 되려면 아직 먼 듯하다.#@문장구분#장애인 시설이 들어선다는 것은 사회적 이슈거리로 떠오를 수 있고, 인구유입 또한 기대할 수 있다.#@문장구분#\n 체류형 인구가 아니더라도, 장애인봉사자와 관계자 방문이 그것이다.#@문장구분# 연예스타 등 공인들도 방송국 촬영팀과 함께 방문해 자신의 봉사활동을 과감히 알리면서 자기 PR를 확고히 한다.#@문장구분# 지역주민과 지차체에서 서로 돕는 상황이 되어야 한다고 생각된다.#@문장구분# 보상차원에서 다른 개발을 해주려고 하거나, 각종 세금을 감면하는 등 나름대로의 또 다른 이익과 혜택을 주려고 노력할 것이다.#@문장구분# 위례신도시를 건설하기 위해 이천 마장면 주민들이 대단한 결심을 한 바 있다.#@문장구분# 위례신도시 지역의 주민들은 군사시설보호구역을 해제하는 덕을 본 대신, 이천 마장면 주민들은 때아닌 폭풍을 맞았다.#@문장구분# 없던 군사시설이 들어오면서 군사시설보호구역이 지정된 것!#@문장구분# 그 대신 정부와 지자체는 주민들에게 큰 약속을 해주었다.#@문장구분# 인근에 택지개발지구 지정을 약속한 것.#@문장구분# 이것이 진정한 지자체와 주민간의 윈-윈 이라는 것이다.#@문장구분# 혐오시설이 들어서는 지역의 주민들은 무턱대고 반대로만 맞서거나, 일관하지 말고, 왜 우리 지역에 그런 시설이 들어서는지, 들어설 수밖에 없는 상황인지 구체적으로 알아보는 것도 괜찮겠다.#@문장구분#  장기적인 규제 사항이 없는 한 혐오시설은 개발에 장애가 될 수 없다.#@문장구분# 이와같이 생각을 바꾸어 어짜피 생겨야 할 수밖에 없다면 그 시설이 생김으로 인해서 지자체에나 국가에서 보상받을 수 있는 부분에 대해 충분히 보상적인 부분을 받고 서로간의 합의점을 찾아서 서로에게 좋은 부분을 찾았으면 좋겠다.#@문장구분# 무조건적인 반대만이 능사는 아니라고 생각된다.#@문장구분#",
      "paragraph_len": 1477,
      "paragraph_id": "001"
    }
  ],
  "score": {
    "paragraph_score": [
      {
        "paragraph_scoreT": [
          3,
          3,
          3
        ],
        "paragraph_scoreT_detail": {
          "paragraph_scoreT_exp": [
            [
              3,
              3,
              3
            ],
            [
              3,
              3,
              3
            ],
            [
              3,
              3,
              3
            ]
          ]
        },
        "paragraph_scoreT_avg": 3,
        "paragraph_id": "001"
      }
    ],
    "essay_scoreT": [
      30,
      28.8,
      30
    ],
    "essay_scoreT_avg": 29.6,
    "essay_scoreT_detail": {
      "essay_scoreT_org": [
        [
          3,
          0,
          3,
          3
        ],
        [
          3,
          0,
          3,
          3
        ],
        [
          3,
          0,
          3,
          3
        ]
      ],
      "essay_scoreT_cont": [
        [
          3,
          3,
          3,
          3
        ],
        [
          3,
          2,
          3,
          3
        ],
        [
          3,
          3,
          3,
          3
        ]
      ],
      "essay_scoreT_exp": [
        [
          3,
          3,
          3
        ],
        [
          3,
          3,
          3
        ],
        [
          3,
          3,
          3
        ]
      ]
    }
  },
  "student": {
    "date": "2021.11.19",
    "student_educated": true,
    "student_grade": "고등_1학년",
    "location": "063",
    "student_grade_group": "고등",
    "student_reading": 2
  },
  "rubric": {
    "essay_grade": "고등_1학년",
    "organization_weight": {
      "org_paragraph": 0,
      "org": 3,
      "org_essay": 6,
      "org_coherence": 3,
      "org_quantity": 1
    },
    "essay_type": "대안제시",
    "content_weight": {
      "con_clearance": 3,
      "con_novelty": 3,
      "con": 4,
      "con_prompt": 1,
      "con_description": 3
    },
    "essay_main_subject": "혐오시설 건설문제에 대한 본인의 생각",
    "expression_weight": {
      "exp_style": 4,
      "exp_grammar": 2,
      "exp_vocab": 4,
      "exp": 3
    }
  },
  "correction": [],
  "info": {
    "essay_id": "ESSAY_50510",
    "essay_prompt": " 혐오 시설이란 지역 주민에게 공포감이나 고통을 주거나, 주변 지역의 쾌적성이 훼손됨으로써 집값이나 땅값이 내려가는 등 부정적인 외부효과를 유발하는 시설을 의미합니다.\n\n 대표적인 혐오 시설에는 쓰레기 매립장, 원자력발전소, 소각장, 유류저장소 등이 있습니다.\n\n 매립지, 소각장, 쓰레기 하치장 같은 혐오 시설은 그리 위험하지는 않지만, 쓰레기를 취급한다는 점에서 혐오감을 주며, 주변 환경오염 문제가 갈등을 일으킵니다. 특히 소각장은 인구밀도가 높은 대도시에 건설된다는 점에서 반대 운동이 일기도 합니다.\n\n 그런데 서로 반대만 하다 보면 입지를 찾지 못해 결국 모든 주민의 삶의 질이 저하될 수 있습니다.\n\n 정부 차원에서 가장 적절한 장소를 선별하여 건설 후 주변 사람들에게 혜택을 주는 방식이 적절한 방법일까요? 아니면 혐오 시설만을 모아둔 부지를 따로 정해서 건설해야 할까요? 아니면 모든 도시가 공평하게 혐오 시설 건설에 대한 부담을 지니고 하나씩 건설해야 할까요?\n\n 모두가 만족할만한 결과를 내기란 정말 어려운 문제이지만 여러분이 생각하는 가장 합리적이고 좋은 방법을 생각해보세요. 그리고 그 방법을 대안으로 제시하고 그 근거에 대해 작성해주세요.",
    "essay_type": "대안제시",
    "essay_level": "1",
    "essay_len": 1060,
    "essay_main_subject": "혐오시설 건설문제에 대한 본인의 생각"
  }
}