{
  "paragraph": [
    {
      "paragraph_txt": "최근 광주 광산구 황룡강변에 들어서는 폐기물처리장을 두고 행복추구권과 사유재산권이 충돌하고 있다고 한다.#@문장구분# 인허가권 행사로 돌파구를 찾으려 한 지방자치단체가 법원으로부터 부당한 행정이라고 지적받으면서 근본적인 문제 해결을 위한 갈등관리 역량이 시험대에 올랐다고 한다.#@문장구분#",
      "paragraph_len": 188,
      "paragraph_id": "001"
    },
    {
      "paragraph_txt": " 2021년 05월 02일 광주 광산구에 따르면 황룡강변 폐기물처리장 신설을 반대하는 광산 및 임곡동주민이 오는 3일부터 광산구청 앞에서 연일 집회를 연다고 예고했다.#@문장구분# 주민들은 2년 전 이맘때에도 폐기물처리장에 반대하며 장기간 단체행동을 이어갔다.#@문장구분# 구청 마당에 모여 구호를 외치고, 때로는 구청장 집무실을 점거했다.#@문장구분# 노승일 전 K스포츠재단 부장이 폐기물처리장 반대 행동에 동참하여 주목받기도 했다.#@문장구분# 주민들이 2년 만에 단체행동을 재개하는 이유는 폐기물처리장 운영을 계획한 정원산업개발이 광산구와 광주시를 상대로 제기한 행정소송에서 승소했기 때문이다.#@문장구분# 타지역에서 폐기물처리사업을 하던 정원산업은 2018년 7월 광산동 황룡강변 공장 건물과 땅을 사들였다.#@문장구분#",
      "paragraph_len": 485,
      "paragraph_id": "002"
    },
    {
      "paragraph_txt": " 정원산업은 공장 건물과 땅의 용도변경 절차를 거쳐 광산구로부터 폐기물처리사업계획을, 광주시로부터 하천 점용허가를 획득했다.#@문장구분# 정원산업의 사업계획은 최종 인허가 단계인 시설물 사용 허가를 앞두고 폐기물처리장을 혐오시설로 규정한 주민들의 집단민원에 제동이 걸렸다고 한다.#@문장구분# 이런 식으로 최근 혐오시설에 대한 반대운동도 크게 이슈화가 되고 있다.#@문장구분# 물론 행복추구권은 삶의 질에 있어 굉장히 중요한 부분 중 하나이다.#@문장구분# 하지만, 필수적인 삶의 질 향상도 중요하다는 점을 주민들이 꼭 기억한다는 점을 강조하고 싶다.#@문장구분#내 고장에 혐오시설을 반대할수 있다고 생각하나 내 고장이 아니면 이런 혐오시설은 어디 가는지도 생각 해봐야 한다.#@문장구분# 혐오시설을 어떻게 저변환경과 잘 어울리며 살수 있는 방안을 만드는게 우선이다고 생각한다.#@문장구분#",
      "paragraph_len": 533,
      "paragraph_id": "003"
    }
  ],
  "score": {
    "paragraph_score": [
      {
        "paragraph_scoreT": [
          3,
          2.8,
          2.8
        ],
        "paragraph_scoreT_detail": {
          "paragraph_scoreT_exp": [
            [
              3,
              3,
              3
            ],
            [
              2,
              3,
              3
            ],
            [
              2,
              3,
              3
            ]
          ]
        },
        "paragraph_scoreT_avg": 2.8666668,
        "paragraph_id": "001"
      },
      {
        "paragraph_scoreT": [
          2.4,
          2.8,
          2.8
        ],
        "paragraph_scoreT_detail": {
          "paragraph_scoreT_exp": [
            [
              2,
              3,
              2
            ],
            [
              2,
              3,
              3
            ],
            [
              2,
              3,
              3
            ]
          ]
        },
        "paragraph_scoreT_avg": 2.6666667,
        "paragraph_id": "002"
      },
      {
        "paragraph_scoreT": [
          2.8,
          2.8,
          2.8
        ],
        "paragraph_scoreT_detail": {
          "paragraph_scoreT_exp": [
            [
              2,
              3,
              3
            ],
            [
              2,
              3,
              3
            ],
            [
              2,
              3,
              3
            ]
          ]
        },
        "paragraph_scoreT_avg": 2.8,
        "paragraph_id": "003"
      }
    ],
    "essay_scoreT": [
      26.400002,
      29.4,
      28.2
    ],
    "essay_scoreT_avg": 28,
    "essay_scoreT_detail": {
      "essay_scoreT_org": [
        [
          2,
          0,
          3,
          3
        ],
        [
          3,
          0,
          3,
          3
        ],
        [
          3,
          0,
          3,
          3
        ]
      ],
      "essay_scoreT_cont": [
        [
          3,
          2,
          3,
          3
        ],
        [
          3,
          3,
          3,
          3
        ],
        [
          3,
          2,
          3,
          3
        ]
      ],
      "essay_scoreT_exp": [
        [
          2,
          3,
          3
        ],
        [
          2,
          3,
          3
        ],
        [
          2,
          3,
          3
        ]
      ]
    }
  },
  "student": {
    "date": "2021.10.13",
    "student_educated": true,
    "student_grade": "고등_1학년",
    "location": "02",
    "student_grade_group": "고등",
    "student_reading": 2
  },
  "rubric": {
    "essay_grade": "고등_1학년",
    "organization_weight": {
      "org_paragraph": 0,
      "org": 3,
      "org_essay": 6,
      "org_coherence": 3,
      "org_quantity": 1
    },
    "essay_type": "대안제시",
    "content_weight": {
      "con_clearance": 3,
      "con_novelty": 3,
      "con": 4,
      "con_prompt": 1,
      "con_description": 3
    },
    "essay_main_subject": "혐오시설 건설문제에 대한 본인의 생각",
    "expression_weight": {
      "exp_style": 4,
      "exp_grammar": 2,
      "exp_vocab": 4,
      "exp": 3
    }
  },
  "correction": [],
  "info": {
    "essay_id": "ESSAY_37160",
    "essay_prompt": " 혐오 시설이란 지역 주민에게 공포감이나 고통을 주거나, 주변 지역의 쾌적성이 훼손됨으로써 집값이나 땅값이 내려가는 등 부정적인 외부효과를 유발하는 시설을 의미합니다.\n\n 대표적인 혐오 시설에는 쓰레기 매립장, 원자력발전소, 소각장, 유류저장소 등이 있습니다.\n\n 매립지, 소각장, 쓰레기 하치장 같은 혐오 시설은 그리 위험하지는 않지만, 쓰레기를 취급한다는 점에서 혐오감을 주며, 주변 환경오염 문제가 갈등을 일으킵니다. 특히 소각장은 인구밀도가 높은 대도시에 건설된다는 점에서 반대 운동이 일기도 합니다.\n\n 그런데 서로 반대만 하다 보면 입지를 찾지 못해 결국 모든 주민의 삶의 질이 저하될 수 있습니다.\n\n 정부 차원에서 가장 적절한 장소를 선별하여 건설 후 주변 사람들에게 혜택을 주는 방식이 적절한 방법일까요? 아니면 혐오 시설만을 모아둔 부지를 따로 정해서 건설해야 할까요? 아니면 모든 도시가 공평하게 혐오 시설 건설에 대한 부담을 지니고 하나씩 건설해야 할까요?\n\n 모두가 만족할만한 결과를 내기란 정말 어려운 문제이지만 여러분이 생각하는 가장 합리적이고 좋은 방법을 생각해보세요. 그리고 그 방법을 대안으로 제시하고 그 근거에 대해 작성해주세요.",
    "essay_type": "대안제시",
    "essay_level": "1",
    "essay_len": 910,
    "essay_main_subject": "혐오시설 건설문제에 대한 본인의 생각"
  }
}