{
  "paragraph": [
    {
      "paragraph_txt": "정부가 2025년 인천매립지가 종료되는 가운데 대체매립지를 아직 구하지 못하고 있다.#@문장구분#\n 정부는 매립지를 지정되는 지역에 2500억원을 제시했지만 인천 51%나 반대를 했다.#@문장구분#\n 서울, 경기,모두 마차가지이다.#@문장구분# 인천주민이 아닌 사람들이 봐도 서울,경기 등 수도권에서 발생하는 쓰레기들은 인천에 매각한다는 것을 이해할 수 없을 것이다.#@문장구분#\n 이상적이면서도 실행하기 어려운 대안 중 하나는 각자 지역에 발생하는 쓰레기들은 각자지역에 매립하는 것이다.#@문장구분# 그렇게 되면 지역별갈등도 없어질 것이다.#@문장구분#\n 두 번째,대안으로는 신도시를 만드는 것이다.#@문장구분#\n 신도시로 주택난이나 취업난 해결하는 것이다.#@문장구분#근처 동네에 장례식장이 들어선다고 했을 때 많은 말들이 있었다.#@문장구분#그 장례식장이 들어선 이후에 지어진 아파트에 사는 주민들은 반발없이 잘 지내고 있다.#@문장구분#\n 그렇게되면 님비현상이 없어질 것이다.#@문장구분#\n 님비현상이란 매립지, 소각장, 원자력 발전소 등이 주변지역에 들어서게 되면서 지역의 집값이나 땅값이 내려가 부정적인 효과를 불러일으키키 때문에 우리지역에 들어서는 것을 반대하는 현상이다.#@문장구분#\n 대체매립지가 들어서기 전까지 계속 인천에 매립하자는 수도권의 지역들 (서울,경기 )등이나 새로운 매립지가 정해지기 전부터 인천에 더 이상 매립하지 말자는 두 반응,모두 님비현상이다.#@문장구분#",
      "paragraph_len": 893,
      "paragraph_id": "001"
    }
  ],
  "score": {
    "paragraph_score": [
      {
        "paragraph_scoreT": [
          1.6,
          2,
          2
        ],
        "paragraph_scoreT_detail": {
          "paragraph_scoreT_exp": [
            [
              2,
              2,
              1
            ],
            [
              2,
              2,
              2
            ],
            [
              2,
              2,
              2
            ]
          ]
        },
        "paragraph_scoreT_avg": 1.8666667,
        "paragraph_id": "001"
      }
    ],
    "essay_scoreT": [
      22.8,
      17.5,
      20
    ],
    "essay_scoreT_avg": 20.1,
    "essay_scoreT_detail": {
      "essay_scoreT_org": [
        [
          2,
          0,
          3,
          3
        ],
        [
          2,
          0,
          1,
          2
        ],
        [
          2,
          0,
          2,
          2
        ]
      ],
      "essay_scoreT_cont": [
        [
          3,
          2,
          3,
          3
        ],
        [
          2,
          1,
          1,
          2
        ],
        [
          2,
          2,
          2,
          2
        ]
      ],
      "essay_scoreT_exp": [
        [
          2,
          2,
          1
        ],
        [
          2,
          2,
          2
        ],
        [
          2,
          2,
          2
        ]
      ]
    }
  },
  "student": {
    "date": "2021.09.06",
    "student_educated": true,
    "student_grade": "고등_1학년",
    "location": "051",
    "student_grade_group": "고등",
    "student_reading": 1
  },
  "rubric": {
    "essay_grade": "고등_1학년",
    "organization_weight": {
      "org_paragraph": 0,
      "org": 3,
      "org_essay": 6,
      "org_coherence": 3,
      "org_quantity": 1
    },
    "essay_type": "대안제시",
    "content_weight": {
      "con_clearance": 3,
      "con_novelty": 3,
      "con": 4,
      "con_prompt": 1,
      "con_description": 3
    },
    "essay_main_subject": "혐오시설 건설문제에 대한 본인의 생각",
    "expression_weight": {
      "exp_style": 4,
      "exp_grammar": 2,
      "exp_vocab": 4,
      "exp": 3
    }
  },
  "correction": [],
  "info": {
    "essay_id": "ESSAY_34902",
    "essay_prompt": " 혐오 시설이란 지역 주민에게 공포감이나 고통을 주거나, 주변 지역의 쾌적성이 훼손됨으로써 집값이나 땅값이 내려가는 등 부정적인 외부효과를 유발하는 시설을 의미합니다.\n\n 대표적인 혐오 시설에는 쓰레기 매립장, 원자력발전소, 소각장, 유류저장소 등이 있습니다.\n\n 매립지, 소각장, 쓰레기 하치장 같은 혐오 시설은 그리 위험하지는 않지만, 쓰레기를 취급한다는 점에서 혐오감을 주며, 주변 환경오염 문제가 갈등을 일으킵니다. 특히 소각장은 인구밀도가 높은 대도시에 건설된다는 점에서 반대 운동이 일기도 합니다.\n\n 그런데 서로 반대만 하다 보면 입지를 찾지 못해 결국 모든 주민의 삶의 질이 저하될 수 있습니다.\n\n 정부 차원에서 가장 적절한 장소를 선별하여 건설 후 주변 사람들에게 혜택을 주는 방식이 적절한 방법일까요? 아니면 혐오 시설만을 모아둔 부지를 따로 정해서 건설해야 할까요? 아니면 모든 도시가 공평하게 혐오 시설 건설에 대한 부담을 지니고 하나씩 건설해야 할까요?\n\n 모두가 만족할만한 결과를 내기란 정말 어려운 문제이지만 여러분이 생각하는 가장 합리적이고 좋은 방법을 생각해보세요. 그리고 그 방법을 대안으로 제시하고 그 근거에 대해 작성해주세요.",
    "essay_type": "대안제시",
    "essay_level": "1",
    "essay_len": 636,
    "essay_main_subject": "혐오시설 건설문제에 대한 본인의 생각"
  }
}