{
  "paragraph": [
    {
      "paragraph_txt": "최근 들어 펜스룰, 미투운동, 잘못된 페미니즘과 같은 남녀갈등이 심화되고 더욱 격화되고 있다.#@문장구분# 여성은 아직도 여자라는 이유로 차별받는다고 하고 남성은 이제는 여자보다는 남자가 더 차별당한다고 주장한다.#@문장구분# 이런 갈등은 근본적인 원인이 무엇이며 이 갈등을 해결하려면 어떻게 해야 할까?#@문장구분# \n   이전부터 유리천장과 같은 회사 내의 성차별 문제, 임금문제, 학교내의 성차별, 군대 가산점 문제 등의 다양한 형태로 남녀갈등은 계속되어왔다.#@문장구분# 남녀갈등은 최근 들어 페미니즘이 주목받으면서 펜스룰, 무조건적인 배려, 관습적인 성차별적 인식 등의 수많은 형태로 급격하게 증가하고 그 정도가 심화되고 있다.#@문장구분# 이러한 남녀갈등은 특히 온라인 공간, 즉 인터넷 상에서 매우 활발하게 벌어지고 있는데, 주로 사소한 의견차이가 남녀갈등으로 변질되고, 일단 남녀갈등으로 변질되어버리면 원래의 쟁점은 잊은채, 서로에게 맹목적인 비난을 하는 형태로 나타난다.#@문장구분# 펜스룰의 본래의 이름은 머데스토선언으로 의도하지 않은 성적 논란의 발생을 피하기 위하여 남성이 자신의 아내를 제외한 다른 여성과 단 둘이 무언가를 하지 않는다 라는 개인적인 신념 혹은 행동방식이지만 우리나라에서는 펜스룰이라 불리며 남성이 여성들의 성범죄 무고를 피하기위한 방어기제 혹은 대처법을 포괄한 뜻으로 쓰인다.#@문장구분# 그리하여 남성들은 여성과의 접촉을 피하게 되면서 이러한 말이 퍼져갔다.#@문장구분# 펜스 룰이 확산된 이유는 펜스 룰이 상대방으로부터 무고를 받기 싫어 그에 대한 방어책으로 나오는 것이기 때문이다.#@문장구분# 한마디로 '내가 하는 행동들이 내 의지와 관계없이 성폭력이 될 수 있다는 두려움에서 비롯되는 행동인 것이다.#@문장구분# 펜스 룰을 실행하지 않고 여성을 1:1로 만나면서 대화하고 업무를 보더라도 정상적인 사고방식을 가지고 서로 교감하고, 다른 사람의 인권을 존중하고, 성폭력만 안 하면 아무 문제없으며, 상대가 이성이 아니고, 나보다 낮은 사람이 아닌 동등한 사람의 입장에서 대화를 한다면 차별 없이도 성폭력 문제를 조금이나마 해결할 수 있을 것이다.#@문장구분#  지금까지 남녀 갈등에 대해 알아보고 현재 심화되고 있는 갈등 상황을 보았다.#@문장구분# 그리고 남녀 갈등 문제 중 펜스룰과 왜곡된 페미니즘에 대해 분석해 보고 그에 대한 해결방안을 모색해 보았다.#@문장구분# 남녀 모두 행복한 사회로 나아가기 위해 서로 관심을 가지고 평화적으로 해결해 나갈 수 있으면 좋겠다.#@문장구분#",
      "paragraph_len": 1432,
      "paragraph_id": "001"
    }
  ],
  "score": {
    "paragraph_score": [
      {
        "paragraph_scoreT": [
          3,
          3,
          3
        ],
        "paragraph_scoreT_detail": {
          "paragraph_scoreT_exp": [
            [
              3,
              3,
              3
            ],
            [
              3,
              3,
              3
            ],
            [
              3,
              3,
              3
            ]
          ]
        },
        "paragraph_scoreT_avg": 3,
        "paragraph_id": "001"
      }
    ],
    "essay_scoreT": [
      30,
      30,
      28.8
    ],
    "essay_scoreT_avg": 29.6,
    "essay_scoreT_detail": {
      "essay_scoreT_org": [
        [
          3,
          0,
          3,
          3
        ],
        [
          3,
          0,
          3,
          3
        ],
        [
          3,
          0,
          3,
          3
        ]
      ],
      "essay_scoreT_cont": [
        [
          3,
          3,
          3,
          3
        ],
        [
          3,
          3,
          3,
          3
        ],
        [
          3,
          2,
          3,
          3
        ]
      ],
      "essay_scoreT_exp": [
        [
          3,
          3,
          3
        ],
        [
          3,
          3,
          3
        ],
        [
          3,
          3,
          3
        ]
      ]
    }
  },
  "student": {
    "date": "2021.11.19",
    "student_educated": true,
    "student_grade": "고등_1학년",
    "location": "051",
    "student_grade_group": "고등",
    "student_reading": 1
  },
  "rubric": {
    "essay_grade": "고등_1학년",
    "organization_weight": {
      "org_paragraph": 0,
      "org": 3,
      "org_essay": 6,
      "org_coherence": 3,
      "org_quantity": 1
    },
    "essay_type": "대안제시",
    "content_weight": {
      "con_clearance": 3,
      "con_novelty": 3,
      "con": 4,
      "con_prompt": 1,
      "con_description": 3
    },
    "essay_main_subject": "남녀 갈등 해결 방안",
    "expression_weight": {
      "exp_style": 4,
      "exp_grammar": 2,
      "exp_vocab": 4,
      "exp": 3
    }
  },
  "correction": [],
  "info": {
    "essay_id": "ESSAY_48461",
    "essay_prompt": " 남녀 갈등은 최근 우리 사회에서 가장 뜨거운 이슈 중 하나입니다. 이러한 갈등은 아직 간극을 좁히지 못하고 현재 사회적인 문제로 자리 잡았습니다.\n\n 군 가산점 문제, 일자리 문제 등 여러 가지 비교 자료들을 토대로 토론을 하고 이를 통해 갈등을 해결하고자 하는 노력이 이루어지고 있습니다.\n\n 과거에는 성차별 심했던 시기가 있었습니다. 여자와 남자를 구별 지어 일을 주는 경우도 많았습니다. 하지만, 현재는 여자와 남자라는 성별을 떠나서 나이, 국적을 불문하고 모두에게 평등한 기회를 주기 위해 노력하고 있습니다.\n\n 이렇게 모두의 노력에도 불구하고 아직 해결되지 않았거나 해결될 기미가 보이지 않는 양성평등 문제가 있을까요?\n\n 아주 작은 사소한 일이라도 좋습니다. 여러분이 생각하는 우리 주변의 양성평등 문제를 하나 작성해보고 어떻게 해결할 수 있을지 혹은 무엇이 바뀌어야 해결될 것 같은지 본인의 생각을 설명해주세요. ",
    "essay_type": "대안제시",
    "essay_level": "1",
    "essay_len": 1152,
    "essay_main_subject": "남녀 갈등 해결 방안"
  }
}