{
  "paragraph": [
    {
      "paragraph_txt": "요즘 인터넷에서 '페미니스트', '일베'라는 용어를 자주 볼 수 있다.#@문장구분# 우선 페미니스트란 남성혐오를 주로 하는 집단인데, 최근 들어 유튜버 #@이름#이 한사람과 엮여 피해를 보고 있다.#@문장구분# 일단, #@이름#의 인사말 '보이루'는 보겸+하이루 라는 뜻인데, xx대학교 #@이름#가 보이루는 여성혐오를 방불케 한다는 논문을 써서 지금까지 논란이 되고 두사람은 법정싸움 중이다.#@문장구분# #@이름#의 말에 이르면, 보이루가 여성의 신체부분을 비하하는 말이라고 하는데, 이 논란은 2017년에도 한번 있었다. #@문장구분#그러나 #@이름#이 잘해명하고 넘어갔다.#@문장구분# 근데 이미 끝난 일을 #@이름#가 논문을 써버린 것이다. 이 때문에 #@이름#은 결국 넷상에 다시 얼굴을 감추기 위해 성형수술까지 하는 사건이 초래되었다.#@문장구분# 이로 인해 많은 사람들이 #@이름#을 위로하는 중이다.#@문장구분# #@이름#을 비롯해서 많은 남혐, 여혐이 초래하는 요즘, 어떡해야 이 문제들을 해결할 수 있을까?#@문장구분# 우선, 올바른 성평등 교육을 받고 남자 여자 모두 사회의 공동체로써 서로 부족한 점들을 보완해주며 살아가야한다.#@문장구분# 이런 방안은 지금의 문제점을 줄여줄 수 있을 뿐만 아니라, 우리사회의 발전의 원동력이 되고 오해받곤한다.#@문장구분# 하루빨리 이런문제들이 해결되어 모두가 잘 살 수 있는 세상이 왔으면 좋겠다.#@문장구분# 그리고 페미니스트같은 각종 남혐여혐 집단이 모여서 집회를 할 때, 무관심이 최고의 대책이라는 기사가 나왔다. #@문장구분#그런쪽의 사람들은 남녀평등을 주장하는게 아니라, 서로가 더 우월하다는 주장을 하고 있다.#@문장구분# 그렇기에 관심을 애초에 주지 않는다면, 그건 의미없는 집회도 점차 사라지고 사회의 평등이 찾아와서 우리나라 사회가 발전하는데에 큰 기여를 할 것이다.#@문장구분#",
      "paragraph_len": 1226,
      "paragraph_id": "001"
    }
  ],
  "score": {
    "paragraph_score": [
      {
        "paragraph_scoreT": [
          3,
          3,
          2.6
        ],
        "paragraph_scoreT_detail": {
          "paragraph_scoreT_exp": [
            [
              3,
              3,
              3
            ],
            [
              3,
              3,
              3
            ],
            [
              3,
              2,
              3
            ]
          ]
        },
        "paragraph_scoreT_avg": 2.8666668,
        "paragraph_id": "001"
      }
    ],
    "essay_scoreT": [
      28.8,
      27.6,
      26.7
    ],
    "essay_scoreT_avg": 27.700003,
    "essay_scoreT_detail": {
      "essay_scoreT_org": [
        [
          3,
          0,
          3,
          3
        ],
        [
          3,
          0,
          3,
          3
        ],
        [
          3,
          0,
          2,
          3
        ]
      ],
      "essay_scoreT_cont": [
        [
          3,
          2,
          3,
          3
        ],
        [
          3,
          2,
          3,
          2
        ],
        [
          2,
          3,
          3,
          3
        ]
      ],
      "essay_scoreT_exp": [
        [
          3,
          3,
          3
        ],
        [
          3,
          3,
          3
        ],
        [
          3,
          2,
          3
        ]
      ]
    }
  },
  "student": {
    "date": "2021.09.03",
    "student_educated": true,
    "student_grade": "고등_1학년",
    "location": "051",
    "student_grade_group": "고등",
    "student_reading": 1
  },
  "rubric": {
    "essay_grade": "고등_1학년",
    "organization_weight": {
      "org_paragraph": 0,
      "org": 3,
      "org_essay": 6,
      "org_coherence": 3,
      "org_quantity": 1
    },
    "essay_type": "대안제시",
    "content_weight": {
      "con_clearance": 3,
      "con_novelty": 3,
      "con": 4,
      "con_prompt": 1,
      "con_description": 3
    },
    "essay_main_subject": "남녀 갈등 해결 방안",
    "expression_weight": {
      "exp_style": 4,
      "exp_grammar": 2,
      "exp_vocab": 4,
      "exp": 3
    }
  },
  "correction": [],
  "info": {
    "essay_id": "ESSAY_35606",
    "essay_prompt": " 남녀 갈등은 최근 우리 사회에서 가장 뜨거운 이슈 중 하나입니다. 이러한 갈등은 아직 간극을 좁히지 못하고 현재 사회적인 문제로 자리 잡았습니다.\n\n 군 가산점 문제, 일자리 문제 등 여러 가지 비교 자료들을 토대로 토론을 하고 이를 통해 갈등을 해결하고자 하는 노력이 이루어지고 있습니다.\n\n 과거에는 성차별 심했던 시기가 있었습니다. 여자와 남자를 구별 지어 일을 주는 경우도 많았습니다. 하지만, 현재는 여자와 남자라는 성별을 떠나서 나이, 국적을 불문하고 모두에게 평등한 기회를 주기 위해 노력하고 있습니다.\n\n 이렇게 모두의 노력에도 불구하고 아직 해결되지 않았거나 해결될 기미가 보이지 않는 양성평등 문제가 있을까요?\n\n 아주 작은 사소한 일이라도 좋습니다. 여러분이 생각하는 우리 주변의 양성평등 문제를 하나 작성해보고 어떻게 해결할 수 있을지 혹은 무엇이 바뀌어야 해결될 것 같은지 본인의 생각을 설명해주세요. ",
    "essay_type": "대안제시",
    "essay_level": "1",
    "essay_len": 817,
    "essay_main_subject": "남녀 갈등 해결 방안"
  }
}