{
  "paragraph": [
    {
      "paragraph_txt": "혐오 시설 건설 문제와 같은 현상을 우리는 흔히 님비, 핌피 현상이라 부른다.#@문장구분# 님비 현상은 개인에게 불이익이 되는 일을 반대하는 이기적인 행동을 의미하며 핌피 현상은 수익성이 있는 시설을 본인 지역에 유치하려는 이기적인 행동을 의미한다.#@문장구분# 님비 현상의 예로는 방폐장 입지 선정 반대나 대구시 동구 K-2 비행장 건설 문제를 찾을 수 있었다.#@문장구분# 또 핌피 현상의 예로는 오송역 경부 고속선 설치 문제나 김해 국제공항 확장 문제를 찾을 수 있었다.#@문장구분# 이렇게 서로에게 이익이 되는 행동만을 추구하는 것을 이기적이라고 비난할 수는 있겠지만 비판할 권리는 그 누구에게도 없다고 생각한다.#@문장구분# 왜냐하면 우리는 모두 인간다운 건강하고 쾌적한 환경 속에서 생존할 수 있는 권리인 환경권을 가지고 있고 그를 주장할 권리가 있기 때문이다.#@문장구분# 그렇기 때문에 제 3자의 입장인 나의 입장에서 보았을 때 그 누구의 입장도 잘못되었다고 말할 수 없다.#@문장구분# 물론 나도 내가 제 3자가 아닌 당사자가 되었을 때는 나에게 유리한 판단을 내릴 수 있다.#@문장구분# 아마 그럴 것이다.#@문장구분# 이렇게 그 누구의 입장에서는 이기적이어 보일 수 있겠지만 또 다른 누구의 입장에서는 당연한 권리를 주장하는 행위일 뿐이다.#@문장구분#하지만 현재 우리는 서로의 입장 차이를 이해하거나 생각하려는 태도를 전혀 보이고 있지 않다.#@문장구분# 오로지 서로의 이기심에만 포커스를 맞추고 누가 누가 더 이기적인가에 대해 다투고 있을 뿐이다.#@문장구분# 이렇게 서로가 서로의 거울임을 인지하지 못한 채 서로가 서로를 꾸짖으며 감정의 골만 깊어져가는 사태 속에서 과연 이 문제가 해결될 수 있을까에 대해서 명확한 답을 내리기란 어렵다고 생각한다.#@문장구분# 나는 인간이 지닌 본연의 이기심이란 양날의 검이라고 생각한다.#@문장구분# 외부적인 위험으로부터의 이기심은 나의 손을 잡아주기도 하지만 때로는 다른 사람의 손을 져버리고 나의 손을 잡아주는 것이다.#@문장구분# 혐오 시설 건설 문제로 확장해 생각해 보면 우리의 이기심이, 나의 이기심이 우리의, 나의 환경을 건강하고 쾌적하게 해주면기도 하지만 때로는 우리가, 내가 떠밀어 넘겨버린 혐오 시설이 다른 누군가에게로 전해져 그 누군가의 환경을 아프게 불쾌하게 해면서 우리를, 나를 비로소 행복하게 해주는 것이다.#@문장구분# 누군가의 아픔을 대가로 우리의 행복을 추구하는 것은 결코 진정한 행복이 될 수 없다고 생각한다.#@문장구분# 또한 한 순간의 행복이 영원할 것이라 생각하는 것만큼 어리석은 판단 또한 없다고 생각한다.#@문장구분# 또 내가 한 선택에 대한 결과는 좋든, 나쁘든 어떤 형태로든 나에게로 돌아오기 마련이다.#@문장구분# 매 순간의 선택에는 신중해야 하며 혐오 시설 건설 문제와 같이 서로의 환경에 따라 여러 가지로 입장이 갈릴 수 있는 문제는 서로의 입장에서 생각해보고 이해하려 노력하는 역지사지의 자세를 가지는 것이 우선이라고 생각한다.#@문장구분# 그러고서 그 후에야 서로에게 가장 이타적이면서 합리적인 합의점을 찾아가야 한다고 생각한다.#@문장구분#",
      "paragraph_len": 1816,
      "paragraph_id": "001"
    }
  ],
  "score": {
    "paragraph_score": [
      {
        "paragraph_scoreT": [
          3,
          3,
          3
        ],
        "paragraph_scoreT_detail": {
          "paragraph_scoreT_exp": [
            [
              3,
              3,
              3
            ],
            [
              3,
              3,
              3
            ],
            [
              3,
              3,
              3
            ]
          ]
        },
        "paragraph_scoreT_avg": 3,
        "paragraph_id": "001"
      }
    ],
    "essay_scoreT": [
      28.8,
      28.8,
      30
    ],
    "essay_scoreT_avg": 29.199999,
    "essay_scoreT_detail": {
      "essay_scoreT_org": [
        [
          3,
          0,
          3,
          3
        ],
        [
          3,
          0,
          3,
          3
        ],
        [
          3,
          0,
          3,
          3
        ]
      ],
      "essay_scoreT_cont": [
        [
          3,
          2,
          3,
          3
        ],
        [
          3,
          2,
          3,
          3
        ],
        [
          3,
          3,
          3,
          3
        ]
      ],
      "essay_scoreT_exp": [
        [
          3,
          3,
          3
        ],
        [
          3,
          3,
          3
        ],
        [
          3,
          3,
          3
        ]
      ]
    }
  },
  "student": {
    "date": "2021.12.07",
    "student_educated": true,
    "student_grade": "고등_1학년",
    "location": "055",
    "student_grade_group": "고등",
    "student_reading": 1
  },
  "rubric": {
    "essay_grade": "고등_1학년",
    "organization_weight": {
      "org_paragraph": 0,
      "org": 3,
      "org_essay": 6,
      "org_coherence": 3,
      "org_quantity": 1
    },
    "essay_type": "대안제시",
    "content_weight": {
      "con_clearance": 3,
      "con_novelty": 3,
      "con": 4,
      "con_prompt": 1,
      "con_description": 3
    },
    "essay_main_subject": "혐오시설 건설문제에 대한 본인의 생각",
    "expression_weight": {
      "exp_style": 4,
      "exp_grammar": 2,
      "exp_vocab": 4,
      "exp": 3
    }
  },
  "correction": [],
  "info": {
    "essay_id": "ESSAY_57115",
    "essay_prompt": " 혐오 시설이란 지역 주민에게 공포감이나 고통을 주거나, 주변 지역의 쾌적성이 훼손됨으로써 집값이나 땅값이 내려가는 등 부정적인 외부효과를 유발하는 시설을 의미합니다.\n\n 대표적인 혐오 시설에는 쓰레기 매립장, 원자력발전소, 소각장, 유류저장소 등이 있습니다.\n\n 매립지, 소각장, 쓰레기 하치장 같은 혐오 시설은 그리 위험하지는 않지만, 쓰레기를 취급한다는 점에서 혐오감을 주며, 주변 환경오염 문제가 갈등을 일으킵니다. 특히 소각장은 인구밀도가 높은 대도시에 건설된다는 점에서 반대 운동이 일기도 합니다.\n\n 그런데 서로 반대만 하다 보면 입지를 찾지 못해 결국 모든 주민의 삶의 질이 저하될 수 있습니다.\n\n 정부 차원에서 가장 적절한 장소를 선별하여 건설 후 주변 사람들에게 혜택을 주는 방식이 적절한 방법일까요? 아니면 혐오 시설만을 모아둔 부지를 따로 정해서 건설해야 할까요? 아니면 모든 도시가 공평하게 혐오 시설 건설에 대한 부담을 지니고 하나씩 건설해야 할까요?\n\n 모두가 만족할만한 결과를 내기란 정말 어려운 문제이지만 여러분이 생각하는 가장 합리적이고 좋은 방법을 생각해보세요. 그리고 그 방법을 대안으로 제시하고 그 근거에 대해 작성해주세요.",
    "essay_type": "대안제시",
    "essay_level": "1",
    "essay_len": 1398,
    "essay_main_subject": "혐오시설 건설문제에 대한 본인의 생각"
  }
}