{
  "paragraph": [
    {
      "paragraph_txt": "저는 아직 학생이기 때문에 직접 겪어본 일을 연관 지어 설명하겠습니다.#@문장구분# 초등,중학교를 남녀공학을 다니면서 선생님들이 차별하지 않으시는 것 같지만 남학생과 여학생에게 시키는 일이 조금씩 다른 것 같습니다.#@문장구분# 언제나 남학생은 무거운 물건을 옮겨야 하고 여학생은 가벼운 물건을 옮기는 모습을 봤습니다.#@문장구분# 그러나 현재에도 남자와 여자라는 성별과 나이, 국적을 불문하고 모두에게 평등한 기회를 주기 위해 노력하고 있다고는 하지만 실제로는 실천되고 있지 않습니다.#@문장구분# 약간의 발전은 있을 수 있으나 과거부터 이어져온 남녀 갈등 문제이기에 모두가 함께 남녀 갈등 문제를 해결하기 노력해야 합니다.#@문장구분# 따라서 양성평등을 위해 모두가 더 노력하며 양성평등 글짓기, 양성평등 축제 같은 행사를 통해 양성평등을 위한 행사를 개최하는 것이 좋을 것 같습니다.#@문장구분# 그리고 앞으로는 남,녀 구분 없이 일을 정하고 일을 시키는 것이 좋을 것 같습니다.#@문장구분# 또 남자를 생각하면 떠오르는 직업, 여자를 생각하면 떠오르는 직업이 있는데 그런 것들을 다 없애기 위해서는 교육이 필요하다고 생각합니다.#@문장구분# 페미니스트 선생 말고 제대로 된 선생님이 성평등 교육을 하면 그 교육을 듣는 학생들도 교육을 들으면서 많은 것들을 깨달을 것 같습니다.#@문장구분# 그리고 남녀평등이 실현되기 위해서는 무엇보다도 가장 먼저 여성징병제가 실시되어야 한다고 생각합니다.#@문장구분# 지금 남성 징집률이 94%라는 뉴스 기사를 봤습니다. #@문장구분#장애로 인해 면제 받아야 될 사람들도 4급 공익으로라도 해서 군대를 간다는 말입니다. #@문장구분#하지만 그런 장애를 가진 사람들이 면제를 받고 그 자리를 여성징집으로 채운다면 장애를 가진 남성들이 군대를 가지 않아도 되어 군 사기 증진에 도움이 될 수 있다고 생각합니다.#@문장구분#",
      "paragraph_len": 1098,
      "paragraph_id": "001"
    }
  ],
  "score": {
    "paragraph_score": [
      {
        "paragraph_scoreT": [
          2.4,
          2.4,
          2.6
        ],
        "paragraph_scoreT_detail": {
          "paragraph_scoreT_exp": [
            [
              2,
              2,
              3
            ],
            [
              2,
              2,
              3
            ],
            [
              3,
              2,
              3
            ]
          ]
        },
        "paragraph_scoreT_avg": 2.4666667,
        "paragraph_id": "001"
      }
    ],
    "essay_scoreT": [
      24.5,
      23.1,
      27.599998
    ],
    "essay_scoreT_avg": 25.066666,
    "essay_scoreT_detail": {
      "essay_scoreT_org": [
        [
          2,
          0,
          3,
          2
        ],
        [
          2,
          0,
          2,
          3
        ],
        [
          3,
          0,
          3,
          3
        ]
      ],
      "essay_scoreT_cont": [
        [
          3,
          2,
          2,
          3
        ],
        [
          3,
          2,
          3,
          2
        ],
        [
          3,
          2,
          3,
          3
        ]
      ],
      "essay_scoreT_exp": [
        [
          2,
          2,
          3
        ],
        [
          2,
          2,
          3
        ],
        [
          3,
          2,
          3
        ]
      ]
    }
  },
  "student": {
    "date": "2021.11.18",
    "student_educated": true,
    "student_grade": "고등_1학년",
    "location": "054",
    "student_grade_group": "고등",
    "student_reading": 2
  },
  "rubric": {
    "essay_grade": "고등_1학년",
    "organization_weight": {
      "org_paragraph": 0,
      "org": 3,
      "org_essay": 6,
      "org_coherence": 3,
      "org_quantity": 1
    },
    "essay_type": "대안제시",
    "content_weight": {
      "con_clearance": 3,
      "con_novelty": 3,
      "con": 4,
      "con_prompt": 1,
      "con_description": 3
    },
    "essay_main_subject": "남녀 갈등 해결 방안",
    "expression_weight": {
      "exp_style": 4,
      "exp_grammar": 2,
      "exp_vocab": 4,
      "exp": 3
    }
  },
  "correction": [],
  "info": {
    "essay_id": "ESSAY_47285",
    "essay_prompt": " 남녀 갈등은 최근 우리 사회에서 가장 뜨거운 이슈 중 하나입니다. 이러한 갈등은 아직 간극을 좁히지 못하고 현재 사회적인 문제로 자리 잡았습니다.\n\n 군 가산점 문제, 일자리 문제 등 여러 가지 비교 자료들을 토대로 토론을 하고 이를 통해 갈등을 해결하고자 하는 노력이 이루어지고 있습니다.\n\n 과거에는 성차별 심했던 시기가 있었습니다. 여자와 남자를 구별 지어 일을 주는 경우도 많았습니다. 하지만, 현재는 여자와 남자라는 성별을 떠나서 나이, 국적을 불문하고 모두에게 평등한 기회를 주기 위해 노력하고 있습니다.\n\n 이렇게 모두의 노력에도 불구하고 아직 해결되지 않았거나 해결될 기미가 보이지 않는 양성평등 문제가 있을까요?\n\n 아주 작은 사소한 일이라도 좋습니다. 여러분이 생각하는 우리 주변의 양성평등 문제를 하나 작성해보고 어떻게 해결할 수 있을지 혹은 무엇이 바뀌어야 해결될 것 같은지 본인의 생각을 설명해주세요. ",
    "essay_type": "대안제시",
    "essay_level": "1",
    "essay_len": 838,
    "essay_main_subject": "남녀 갈등 해결 방안"
  }
}