{
  "paragraph": [
    {
      "paragraph_txt": "남녀 갈등은 혐오로까지 변질되고 있다.#@문장구분# 해결하기 위해 3가지 대안을 생각해 보았다.#@문장구분# 첫 번째, 남녀 간의 소통을 지향해야 한다.#@문장구분# 내가 생각하는 현재 남녀갈등의 심화 이유는 대화가 부족해서 인 것 같다.#@문장구분# 이들은 서로를 성별 프레임을 씌워 생각하고 자신과 신념, 이념을 함께하는 연대, 단체에 들어가 활동한다.#@문장구분# 이러한 활동으로 그들은 각자 '내가 더 불공평하다' 라는 생각을 하며 남녀 혐오 문제에 대한 주관적 입장을 가지게 된다.#@문장구분# 하지만 대화를 통해 남성, 여성이 서로가 불공정하다고 생각하는 것을 나누고 서로 협의 한다면 남녀 혐오, 갈등의 사례는 줄어들 것 같다.#@문장구분# 내가 생각한 두 번째 대안은 남성, 여성 다 관점적인 정책을 만드는 것이다.#@문장구분# 현재 나와 있는 정책을 보면 여성 편향된 정책이 많고 이러한 정책들은 남성들이 불공평 불합리 하다고 느낀다.#@문장구분# 또한 흔히 알려진 여성가족부가 만든 몇가지 정책은 남성들에게 큰 반감을 사고 있다.#@문장구분# 이는 남성을 잠재적 가해자로, 여성을 피해자로 만들어 매우 불공평한 정책들을 만든다고 남성들은 주장한다.#@문장구분# 그러므로 남녀 혐오, 갈등을 줄이기 위해서는 여성 편향된 정책들을 바로잡고 다 관점적 정책을 제시해야 할 것이다.#@문장구분# 내가 생각한 마지막 대안은 남성, 여성이 상호보완적 관계임을 인식해야 한다는 것이다.#@문장구분# 요즘 20, 30대 들이 홀로서기를 주장하며 혼자사는 사람들이 많아졌다.#@문장구분# 하지만 여성들에게는 남성들이 할 수 없는, 조금은 부족한 능력들을 가지고 있고 남성들도 마찬가지로 여성들에게는 조금 힘든 일을 할 수 있는 능력이 있다.#@문장구분# 인류는 절대 혼자 살아갈 수 없다. 우리는 함께 살아야 하는 종족이다.#@문장구분#",
      "paragraph_len": 1125,
      "paragraph_id": "001"
    }
  ],
  "score": {
    "paragraph_score": [
      {
        "paragraph_scoreT": [
          3,
          3,
          3
        ],
        "paragraph_scoreT_detail": {
          "paragraph_scoreT_exp": [
            [
              3,
              3,
              3
            ],
            [
              3,
              3,
              3
            ],
            [
              3,
              3,
              3
            ]
          ]
        },
        "paragraph_scoreT_avg": 3,
        "paragraph_id": "001"
      }
    ],
    "essay_scoreT": [
      30,
      26.7,
      26.9
    ],
    "essay_scoreT_avg": 27.866667,
    "essay_scoreT_detail": {
      "essay_scoreT_org": [
        [
          3,
          0,
          3,
          3
        ],
        [
          2,
          0,
          3,
          2
        ],
        [
          2,
          0,
          2,
          3
        ]
      ],
      "essay_scoreT_cont": [
        [
          3,
          3,
          3,
          3
        ],
        [
          3,
          2,
          3,
          3
        ],
        [
          3,
          3,
          2,
          3
        ]
      ],
      "essay_scoreT_exp": [
        [
          3,
          3,
          3
        ],
        [
          3,
          3,
          3
        ],
        [
          3,
          3,
          3
        ]
      ]
    }
  },
  "student": {
    "date": "2021.12.15",
    "student_educated": true,
    "student_grade": "고등_1학년",
    "location": "063",
    "student_grade_group": "고등",
    "student_reading": 2
  },
  "rubric": {
    "essay_grade": "고등_1학년",
    "organization_weight": {
      "org_paragraph": 0,
      "org": 3,
      "org_essay": 6,
      "org_coherence": 3,
      "org_quantity": 1
    },
    "essay_type": "대안제시",
    "content_weight": {
      "con_clearance": 3,
      "con_novelty": 3,
      "con": 4,
      "con_prompt": 1,
      "con_description": 3
    },
    "essay_main_subject": "남녀 갈등 해결 방안",
    "expression_weight": {
      "exp_style": 4,
      "exp_grammar": 2,
      "exp_vocab": 4,
      "exp": 3
    }
  },
  "correction": [],
  "info": {
    "essay_id": "ESSAY_62533",
    "essay_prompt": " 남녀 갈등은 최근 우리 사회에서 가장 뜨거운 이슈 중 하나입니다. 이러한 갈등은 아직 간극을 좁히지 못하고 현재 사회적인 문제로 자리 잡았습니다.\n\n 군 가산점 문제, 일자리 문제 등 여러 가지 비교 자료들을 토대로 토론을 하고 이를 통해 갈등을 해결하고자 하는 노력이 이루어지고 있습니다.\n\n 과거에는 성차별 심했던 시기가 있었습니다. 여자와 남자를 구별 지어 일을 주는 경우도 많았습니다. 하지만, 현재는 여자와 남자라는 성별을 떠나서 나이, 국적을 불문하고 모두에게 평등한 기회를 주기 위해 노력하고 있습니다.\n\n 이렇게 모두의 노력에도 불구하고 아직 해결되지 않았거나 해결될 기미가 보이지 않는 양성평등 문제가 있을까요?\n\n 아주 작은 사소한 일이라도 좋습니다. 여러분이 생각하는 우리 주변의 양성평등 문제를 하나 작성해보고 어떻게 해결할 수 있을지 혹은 무엇이 바뀌어야 해결될 것 같은지 본인의 생각을 설명해주세요. ",
    "essay_type": "대안제시",
    "essay_level": "1",
    "essay_len": 806,
    "essay_main_subject": "남녀 갈등 해결 방안"
  }
}