{
  "paragraph": [
    {
      "paragraph_txt": "최근 서울 외곽의 한 폐기물 처리업체가 '혐오 시설'로 낙인이 찍혀 지하로 들어가면서 노동자들이 하루 40t 내외의 재활용 쓰레기 분리작업을 습한 공기와 곰팡이, 쥐, 그리고 심한 악취 사이에서 할 수밖에 없게 된 일이 일어났다.#@문장구분# 추가로 인근의 주민들은 악취가 퍼진다며 업체 내에 통풍장치를 다는 것에도 심한 반발을 일으켰다고 한다.#@문장구분# 이러한 문제를 어떻게 해결할 수 있을까?#@문장구분#",
      "paragraph_len": 269,
      "paragraph_id": "001"
    },
    {
      "paragraph_txt": "  표면적으로 폐기물 분리작업은 불가피한 것이기에 지역 주민들의 반발은 바람직하지 않다고 생각할 수 있다.#@문장구분# 하지만 그 시설 때문에 주민들도 집값이 내려가는 큰 피해를 입는다.#@문장구분# 그래서 생각해 본 이 문제의 근본적인 원인은 쓰레기 문제이다.#@문장구분# 첫 번째 대안, 쓰레기 분리수거를 장려하기 위한 정책 추진이다.#@문장구분# 예를 들어 아파트나 각 가구를 단위로 분리수거를 잘하고 있는지 검사를 하고 우수한 집단에 작은 선물이나 세금감면 등의 보상을 주는 방법이 있을 수 있다.#@문장구분# 그렇게 근본적 원인인 분리수거 문제가 개선된다면, 그만큼 쓰레기를 취급하는 혐오 시설도 줄어들 수 있을 것이다.#@문장구분# 두 번째로, 혐오시설 노동자들의 노동환경 개선을 위해 충분한 환기 시설을 갖춘다.#@문장구분# 지하에서 그렇게 일하는 것은 명백한 노동권 침해이다.#@문장구분# 그런데 창문을 통한 일반적인 환기가 너무 심한 악취를 불러온다면 업체 건물 중앙에 빈 공간을 만들어 온도 차에 의한 공기의 이동을 이용한 환기 시설을 이용하여 안의 냄새나고 습한 공기가 그 빈 공간에 머물러 있다가 나가는 시간을 조절할 수 있다.#@문장구분# 마지막 방법은 혐오시설과 주거 단지 사이의 거리를 멀리 떨어뜨려 놓고, 그 사이에 공원을 조성하는 것이다.#@문장구분# 그렇게 하면 혐오시설과 시민들의 생활공간 사이의 거리가 멀어서 악취 때문에 받는 고통도 적을뿐더러 공원으로 인해 쓰레기를 취급하는 혐오시설의 공기도 정화되고 집값이 오르는 효과도 가져올 수 있을 것이다.#@문장구분#",
      "paragraph_len": 925,
      "paragraph_id": "002"
    },
    {
      "paragraph_txt": "  이와 같이 혐오시설 문제를 해결하기 위한 방법에는 쓰레기 분리수거 문제의 해결과 시설의 환기시설 갖추기, 그리고 충분한 거리와 공원 조성하기 등이 있다.#@문장구분#",
      "paragraph_len": 107,
      "paragraph_id": "003"
    }
  ],
  "score": {
    "paragraph_score": [
      {
        "paragraph_scoreT": [
          2,
          2,
          2
        ],
        "paragraph_scoreT_detail": {
          "paragraph_scoreT_exp": [
            [
              2,
              2,
              2
            ],
            [
              2,
              2,
              2
            ],
            [
              2,
              2,
              2
            ]
          ]
        },
        "paragraph_scoreT_avg": 2,
        "paragraph_id": "001"
      },
      {
        "paragraph_scoreT": [
          1.6,
          2,
          2
        ],
        "paragraph_scoreT_detail": {
          "paragraph_scoreT_exp": [
            [
              2,
              1,
              2
            ],
            [
              2,
              2,
              2
            ],
            [
              2,
              2,
              2
            ]
          ]
        },
        "paragraph_scoreT_avg": 1.8666667,
        "paragraph_id": "002"
      },
      {
        "paragraph_scoreT": [
          1.6,
          2,
          2
        ],
        "paragraph_scoreT_detail": {
          "paragraph_scoreT_exp": [
            [
              2,
              1,
              2
            ],
            [
              2,
              2,
              2
            ],
            [
              2,
              2,
              2
            ]
          ]
        },
        "paragraph_scoreT_avg": 1.8666667,
        "paragraph_id": "003"
      }
    ],
    "essay_scoreT": [
      17.900002,
      18.8,
      18.8
    ],
    "essay_scoreT_avg": 18.5,
    "essay_scoreT_detail": {
      "essay_scoreT_org": [
        [
          2,
          0,
          2,
          3
        ],
        [
          2,
          0,
          2,
          2
        ],
        [
          2,
          0,
          2,
          2
        ]
      ],
      "essay_scoreT_cont": [
        [
          2,
          1,
          2,
          2
        ],
        [
          2,
          1,
          2,
          2
        ],
        [
          2,
          1,
          2,
          2
        ]
      ],
      "essay_scoreT_exp": [
        [
          2,
          1,
          2
        ],
        [
          2,
          2,
          2
        ],
        [
          2,
          2,
          2
        ]
      ]
    }
  },
  "student": {
    "date": "2021.09.07",
    "student_educated": true,
    "student_grade": "고등_1학년",
    "location": "051",
    "student_grade_group": "고등",
    "student_reading": 1
  },
  "rubric": {
    "essay_grade": "고등_1학년",
    "organization_weight": {
      "org_paragraph": 0,
      "org": 3,
      "org_essay": 6,
      "org_coherence": 3,
      "org_quantity": 1
    },
    "essay_type": "대안제시",
    "content_weight": {
      "con_clearance": 3,
      "con_novelty": 3,
      "con": 4,
      "con_prompt": 1,
      "con_description": 3
    },
    "essay_main_subject": "혐오시설 건설문제에 대한 본인의 생각",
    "expression_weight": {
      "exp_style": 4,
      "exp_grammar": 2,
      "exp_vocab": 4,
      "exp": 3
    }
  },
  "correction": [],
  "info": {
    "essay_id": "ESSAY_34935",
    "essay_prompt": " 혐오 시설이란 지역 주민에게 공포감이나 고통을 주거나, 주변 지역의 쾌적성이 훼손됨으로써 집값이나 땅값이 내려가는 등 부정적인 외부효과를 유발하는 시설을 의미합니다.\n\n 대표적인 혐오 시설에는 쓰레기 매립장, 원자력발전소, 소각장, 유류저장소 등이 있습니다.\n\n 매립지, 소각장, 쓰레기 하치장 같은 혐오 시설은 그리 위험하지는 않지만, 쓰레기를 취급한다는 점에서 혐오감을 주며, 주변 환경오염 문제가 갈등을 일으킵니다. 특히 소각장은 인구밀도가 높은 대도시에 건설된다는 점에서 반대 운동이 일기도 합니다.\n\n 그런데 서로 반대만 하다 보면 입지를 찾지 못해 결국 모든 주민의 삶의 질이 저하될 수 있습니다.\n\n 정부 차원에서 가장 적절한 장소를 선별하여 건설 후 주변 사람들에게 혜택을 주는 방식이 적절한 방법일까요? 아니면 혐오 시설만을 모아둔 부지를 따로 정해서 건설해야 할까요? 아니면 모든 도시가 공평하게 혐오 시설 건설에 대한 부담을 지니고 하나씩 건설해야 할까요?\n\n 모두가 만족할만한 결과를 내기란 정말 어려운 문제이지만 여러분이 생각하는 가장 합리적이고 좋은 방법을 생각해보세요. 그리고 그 방법을 대안으로 제시하고 그 근거에 대해 작성해주세요.",
    "essay_type": "대안제시",
    "essay_level": "1",
    "essay_len": 1005,
    "essay_main_subject": "혐오시설 건설문제에 대한 본인의 생각"
  }
}