{
  "paragraph": [
    {
      "paragraph_txt": "모든 일에는 희생이 필요하다고 생각합니다.#@문장구분# 하지만 그 누구도 희생하지 않는다면 일은 돌아가지 않고 더욱 악화되기 마련입니다.#@문장구분# 누군가가 희생을 한다면 그에 맞는 보상이 주어져야 한다고 생각합니다.#@문장구분# 저 역시 제가 살고 있는 지역에 혐오시설이 들어오게 된다면 반대 할 생각입니다.#@문장구분# 이유는 혐오시설이 들어오게 되면 제가 살고 있는 지역에 대한 부정적인 이미지가 생겨나서 많은 사람들이 그 지역에 대한 선입견을 가지게 될 수 있으며, 기피하는 현상이 일어날 수도 있으며, 환경오염으로 건강상에도 좋지 않아 많은 타격을 입게 되어 지역 발전에도 많은 문제가 생길 수 있다고 생각합니다.#@문장구분# 하지만 이러한 부분을 걱정하는 지역 주민들에게 합당한 보상이 이루어 진다면 혐오시설 건설에 찬성할 수도 있다고 생각합니다.#@문장구분# 우선 혐오시설을 운영하는 직원을 채용 할 시에는 지역 주민을 필수로 몇 프로 이상 채용하여 지역 이탈을 줄이고 환경오염에 대한 주민들의 걱정을 해소 시킬 수 있도록 분기별로 무료 건강검진을 진행해주고 세금 감면, 혐오시설 지역에 대한 위로금 지급, 혐오시설 건설 지역에 대한 학생들이 대학 입학 시 등록금 지원 또는 대학 입학 시 추가 가산점 제도 등의 보상을 준다고 지역마다 공지를 하고 혐오시설 건설에 대한 찬성과 반대투표를 하여 찬성하는 지역으로 혐오시설 건설을 추진하면 될 것 같습니다.#@문장구분# 만약에 모든 지역에서 혐오시설 건설에 반대 하게 된다면 지역마다 원하는 보상을 수집하여 정부에서 해 줄 수 있는 보상을 논의하여 다시 공지하고 찬성률이 75%이상인 지역만 따로 선별하여 지역주민들과 논의하고 조율하여 혐오시설 건설 추진을 진행 하는게 좋다고 생각합니다.#@문장구분# 무조건 혐오시설이 지역에 들어오는 것이 나쁜게 아니라는 인식을 심여주는 것이 가장 중요하며, 혐오시설이 있는 지역도 살기 좋고 많은 혜택이 주어 진다면 어느 지역이라도 혐오시설을 건설할 수 있다고 생각합니다.#@문장구분#",
      "paragraph_len": 1115,
      "paragraph_id": "001"
    }
  ],
  "score": {
    "paragraph_score": [
      {
        "paragraph_scoreT": [
          3,
          2.8,
          3
        ],
        "paragraph_scoreT_detail": {
          "paragraph_scoreT_exp": [
            [
              3,
              3,
              3
            ],
            [
              2,
              3,
              3
            ],
            [
              3,
              3,
              3
            ]
          ]
        },
        "paragraph_scoreT_avg": 2.9333334,
        "paragraph_id": "001"
      }
    ],
    "essay_scoreT": [
      30,
      28.8,
      30
    ],
    "essay_scoreT_avg": 29.6,
    "essay_scoreT_detail": {
      "essay_scoreT_org": [
        [
          3,
          0,
          3,
          3
        ],
        [
          3,
          0,
          3,
          3
        ],
        [
          3,
          0,
          3,
          3
        ]
      ],
      "essay_scoreT_cont": [
        [
          3,
          3,
          3,
          3
        ],
        [
          3,
          2,
          3,
          3
        ],
        [
          3,
          3,
          3,
          3
        ]
      ],
      "essay_scoreT_exp": [
        [
          3,
          3,
          3
        ],
        [
          3,
          3,
          3
        ],
        [
          3,
          3,
          3
        ]
      ]
    }
  },
  "student": {
    "date": "2021.12.13",
    "student_educated": true,
    "student_grade": "고등_1학년",
    "location": "063",
    "student_grade_group": "고등",
    "student_reading": 1
  },
  "rubric": {
    "essay_grade": "고등_1학년",
    "organization_weight": {
      "org_paragraph": 0,
      "org": 3,
      "org_essay": 6,
      "org_coherence": 3,
      "org_quantity": 1
    },
    "essay_type": "대안제시",
    "content_weight": {
      "con_clearance": 3,
      "con_novelty": 3,
      "con": 4,
      "con_prompt": 1,
      "con_description": 3
    },
    "essay_main_subject": "혐오시설 건설문제에 대한 본인의 생각",
    "expression_weight": {
      "exp_style": 4,
      "exp_grammar": 2,
      "exp_vocab": 4,
      "exp": 3
    }
  },
  "correction": [],
  "info": {
    "essay_id": "ESSAY_61329",
    "essay_prompt": " 혐오 시설이란 지역 주민에게 공포감이나 고통을 주거나, 주변 지역의 쾌적성이 훼손됨으로써 집값이나 땅값이 내려가는 등 부정적인 외부효과를 유발하는 시설을 의미합니다.\n\n 대표적인 혐오 시설에는 쓰레기 매립장, 원자력발전소, 소각장, 유류저장소 등이 있습니다.\n\n 매립지, 소각장, 쓰레기 하치장 같은 혐오 시설은 그리 위험하지는 않지만, 쓰레기를 취급한다는 점에서 혐오감을 주며, 주변 환경오염 문제가 갈등을 일으킵니다. 특히 소각장은 인구밀도가 높은 대도시에 건설된다는 점에서 반대 운동이 일기도 합니다.\n\n 그런데 서로 반대만 하다 보면 입지를 찾지 못해 결국 모든 주민의 삶의 질이 저하될 수 있습니다.\n\n 정부 차원에서 가장 적절한 장소를 선별하여 건설 후 주변 사람들에게 혜택을 주는 방식이 적절한 방법일까요? 아니면 혐오 시설만을 모아둔 부지를 따로 정해서 건설해야 할까요? 아니면 모든 도시가 공평하게 혐오 시설 건설에 대한 부담을 지니고 하나씩 건설해야 할까요?\n\n 모두가 만족할만한 결과를 내기란 정말 어려운 문제이지만 여러분이 생각하는 가장 합리적이고 좋은 방법을 생각해보세요. 그리고 그 방법을 대안으로 제시하고 그 근거에 대해 작성해주세요.",
    "essay_type": "대안제시",
    "essay_level": "1",
    "essay_len": 936,
    "essay_main_subject": "혐오시설 건설문제에 대한 본인의 생각"
  }
}