{
  "paragraph": [
    {
      "paragraph_txt": "하루가 다르게 변해간다는 21세기의 한국에서는 남성과 여성의 보이지 않는 갈등이 지속되고 있다.#@문장구분#시간이 흘러감에 따라 더 발달 되고 있는 우리 사회라지만 더디게 변화하는 한 가지가 있다면 바로 '양성평등'이 아닐까 싶다.#@문장구분#양성평등 이란 본래'남성과 여성이 서로 존중하고 인정해 주는 것'이라는 의미를 지니고 있는데 이는 어떤 면에서는 실현되지만또 다른 이면에서는 실현되지 않는 경우가 대부분 이다.#@문장구분# 가장 흔한 예로 직업을 들 수 있다.#@문장구분#비행기 조종사라 하면 대부분 하늘을 멋지게 가르는 남자 조종사가 떠오를 것이다.#@문장구분#물론 요즘에는 그렇게 생각하지 않는 사람들도 많아졌지만 말이다.#@문장구분#또 다른 예로는 교과서가 있는데 교과서에는 우리들의 이해를 돕기 위한 삽화가종종 그려져 있을 때가 있다.#@문장구분#그런데 유심히 보면,교과서도 양성평등과는 거리가 멀다는 생각을 할 수 있다.#@문장구분#그 이유는 그림에 있는데 집안일을 하는 그림에는 항상 여자가,직장에서 일을 하는 그림에는 대부분 남자가 등장한다.#@문장구분#물론 보편적인 생각이기는 하지만 이 또한 양성 차별이라고 볼 수 있다.#@문장구분# 남자와 여자가 만나야지만 '좋을 호'가 만들어진다.#@문장구분#앞으로 우리는 양성평등의 실현은 나부터라는 생각을 가지고 미래 우리 사회를 좋은 세상으로 만들기 위해 남자와 여자가 협력할 수 있는 세상이 만들어지기를 간절히 바란다.#@문장구분# 그 세상을 만들기 위해서는 개인들의 노력이 필요하다.#@문장구분# 1명이서 노력하는 것보다 여러명이서 노력하는 것이 더더욱 시너지가 좋고 더더욱 빠르게 효과를 볼 수 있기 때문이다.#@문장구분# 나 하나 쯤이야라는 마음보다는 나부터라도 라는 마음을 가지고 먼저 나서서 남녀평등을 이룰 수 있게 한다면 좋을 것이다.#@문장구분#",
      "paragraph_len": 1106,
      "paragraph_id": "001"
    }
  ],
  "score": {
    "paragraph_score": [
      {
        "paragraph_scoreT": [
          3,
          3,
          2.8
        ],
        "paragraph_scoreT_detail": {
          "paragraph_scoreT_exp": [
            [
              3,
              3,
              3
            ],
            [
              3,
              3,
              3
            ],
            [
              2,
              3,
              3
            ]
          ]
        },
        "paragraph_scoreT_avg": 2.9333334,
        "paragraph_id": "001"
      }
    ],
    "essay_scoreT": [
      28.5,
      28.4,
      29.4
    ],
    "essay_scoreT_avg": 28.766668,
    "essay_scoreT_detail": {
      "essay_scoreT_org": [
        [
          3,
          0,
          3,
          2
        ],
        [
          3,
          0,
          3,
          3
        ],
        [
          3,
          0,
          3,
          3
        ]
      ],
      "essay_scoreT_cont": [
        [
          3,
          2,
          3,
          3
        ],
        [
          3,
          2,
          2,
          3
        ],
        [
          3,
          3,
          3,
          3
        ]
      ],
      "essay_scoreT_exp": [
        [
          3,
          3,
          3
        ],
        [
          3,
          3,
          3
        ],
        [
          2,
          3,
          3
        ]
      ]
    }
  },
  "student": {
    "date": "2021.12.13",
    "student_educated": true,
    "student_grade": "고등_1학년",
    "location": "063",
    "student_grade_group": "고등",
    "student_reading": 2
  },
  "rubric": {
    "essay_grade": "고등_1학년",
    "organization_weight": {
      "org_paragraph": 0,
      "org": 3,
      "org_essay": 6,
      "org_coherence": 3,
      "org_quantity": 1
    },
    "essay_type": "대안제시",
    "content_weight": {
      "con_clearance": 3,
      "con_novelty": 3,
      "con": 4,
      "con_prompt": 1,
      "con_description": 3
    },
    "essay_main_subject": "남녀 갈등 해결 방안",
    "expression_weight": {
      "exp_style": 4,
      "exp_grammar": 2,
      "exp_vocab": 4,
      "exp": 3
    }
  },
  "correction": [],
  "info": {
    "essay_id": "ESSAY_62454",
    "essay_prompt": " 남녀 갈등은 최근 우리 사회에서 가장 뜨거운 이슈 중 하나입니다. 이러한 갈등은 아직 간극을 좁히지 못하고 현재 사회적인 문제로 자리 잡았습니다.\n\n 군 가산점 문제, 일자리 문제 등 여러 가지 비교 자료들을 토대로 토론을 하고 이를 통해 갈등을 해결하고자 하는 노력이 이루어지고 있습니다.\n\n 과거에는 성차별 심했던 시기가 있었습니다. 여자와 남자를 구별 지어 일을 주는 경우도 많았습니다. 하지만, 현재는 여자와 남자라는 성별을 떠나서 나이, 국적을 불문하고 모두에게 평등한 기회를 주기 위해 노력하고 있습니다.\n\n 이렇게 모두의 노력에도 불구하고 아직 해결되지 않았거나 해결될 기미가 보이지 않는 양성평등 문제가 있을까요?\n\n 아주 작은 사소한 일이라도 좋습니다. 여러분이 생각하는 우리 주변의 양성평등 문제를 하나 작성해보고 어떻게 해결할 수 있을지 혹은 무엇이 바뀌어야 해결될 것 같은지 본인의 생각을 설명해주세요. ",
    "essay_type": "대안제시",
    "essay_level": "1",
    "essay_len": 807,
    "essay_main_subject": "남녀 갈등 해결 방안"
  }
}