{
  "paragraph": [
    {
      "paragraph_txt": "우리나라는 전쟁 이후 급격한 산업화로 인해 겉으로 보는 사회는 엄청난 성장을 이루었을지라도 사람들 개개인의 시민 의식의 성장은 따라오지 못하여, 우리 사회에서는 아직도 많은 차별들이 이루어지고 이에 대표적으로 나타는 사례가 여성 차별이다.#@문장구분# 이러한 여성 차별로 일부 여성들은 자신들에 대한 부정적 시선을 바로잡기 위해 노력하는 경우가 있는가 하면, 자신들이 받는 부정적 시선을 어쩌면 반대되는 쪽인 남성을 향한 혐오로도 이어지고, 이에 남성들 또한 맞서 서로를 향한 혐오가 가중되는 현상을 볼 수 있다.#@문장구분# 아직도 우리 사회에는 수많은 차별, 고정관념이 존재하고 예로부터 여성들이 남성들에 비해 상대적으로 많은 차별적 대우를 받은 것은 사실이다.#@문장구분# 이에 인권에 대한 관심이 높아지는 요즘 시기에 여성들이 자신들의 잃었던 권리를 되찾기 위해 많은 노력을 한다.#@문장구분# 이들 중 대다수는 자신들의 분야에서 열심히 하여 인식을 바꾸기 위해 노력하고 바꾼 것을 볼 수 있지만, 어느 이들은 사회에 불만을 가지고 자신들이 받은 차별적 대우들은 모두 남성들로부터 비롯된 것이기에 남성들은 향한 혐오발언을 날리고, 남성들 또한 대응을 하며 결국은 sns속 진흙탕 싸움이 일어나는데, 이런 서로를 향한 혐오발언들이 사회적 문제를 떠오르며 관심이 없었는데도 관심을 가지게 되다 보니 보며 이러한 혐오발언을 혐오발언으로 맞서는 행위도 결국은 더많은 혐오와 갈등이 일어나 결국은 남녀의 사회적 통합을 해칠 수 있다.#@문장구분# 우리 사회에서도 여성들을 돕기 위한 많은 정책과 방안들이 존재한다.#@문장구분# 하지만, 여성들 중 일부는 이것으로는 부족하며 남성들의 권리를 빼앗아 자신들에게 돌려달라는 의견을 내놓기도 한다.#@문장구분# 나는 이런 생각은 굉장히 잘못 되었으며, 객관적으로 지금의 우리사회는 양성평등이 상당히 이루어졌으며, 이에 여성들도 충분한 권리를 보장받고 있다.#@문장구분#",
      "paragraph_len": 1061,
      "paragraph_id": "001"
    }
  ],
  "score": {
    "paragraph_score": [
      {
        "paragraph_scoreT": [
          3,
          3,
          2.2
        ],
        "paragraph_scoreT_detail": {
          "paragraph_scoreT_exp": [
            [
              3,
              3,
              3
            ],
            [
              3,
              3,
              3
            ],
            [
              3,
              2,
              2
            ]
          ]
        },
        "paragraph_scoreT_avg": 2.7333333,
        "paragraph_id": "001"
      }
    ],
    "essay_scoreT": [
      30,
      27,
      26.400002
    ],
    "essay_scoreT_avg": 27.800001,
    "essay_scoreT_detail": {
      "essay_scoreT_org": [
        [
          3,
          0,
          3,
          3
        ],
        [
          2,
          0,
          3,
          3
        ],
        [
          3,
          0,
          3,
          3
        ]
      ],
      "essay_scoreT_cont": [
        [
          3,
          3,
          3,
          3
        ],
        [
          3,
          2,
          3,
          3
        ],
        [
          3,
          3,
          3,
          2
        ]
      ],
      "essay_scoreT_exp": [
        [
          3,
          3,
          3
        ],
        [
          3,
          3,
          3
        ],
        [
          3,
          2,
          2
        ]
      ]
    }
  },
  "student": {
    "date": "2021.12.15",
    "student_educated": true,
    "student_grade": "고등_1학년",
    "location": "063",
    "student_grade_group": "고등",
    "student_reading": 2
  },
  "rubric": {
    "essay_grade": "고등_1학년",
    "organization_weight": {
      "org_paragraph": 0,
      "org": 3,
      "org_essay": 6,
      "org_coherence": 3,
      "org_quantity": 1
    },
    "essay_type": "대안제시",
    "content_weight": {
      "con_clearance": 3,
      "con_novelty": 3,
      "con": 4,
      "con_prompt": 1,
      "con_description": 3
    },
    "essay_main_subject": "남녀 갈등 해결 방안",
    "expression_weight": {
      "exp_style": 4,
      "exp_grammar": 2,
      "exp_vocab": 4,
      "exp": 3
    }
  },
  "correction": [],
  "info": {
    "essay_id": "ESSAY_62499",
    "essay_prompt": " 남녀 갈등은 최근 우리 사회에서 가장 뜨거운 이슈 중 하나입니다. 이러한 갈등은 아직 간극을 좁히지 못하고 현재 사회적인 문제로 자리 잡았습니다.\n\n 군 가산점 문제, 일자리 문제 등 여러 가지 비교 자료들을 토대로 토론을 하고 이를 통해 갈등을 해결하고자 하는 노력이 이루어지고 있습니다.\n\n 과거에는 성차별 심했던 시기가 있었습니다. 여자와 남자를 구별 지어 일을 주는 경우도 많았습니다. 하지만, 현재는 여자와 남자라는 성별을 떠나서 나이, 국적을 불문하고 모두에게 평등한 기회를 주기 위해 노력하고 있습니다.\n\n 이렇게 모두의 노력에도 불구하고 아직 해결되지 않았거나 해결될 기미가 보이지 않는 양성평등 문제가 있을까요?\n\n 아주 작은 사소한 일이라도 좋습니다. 여러분이 생각하는 우리 주변의 양성평등 문제를 하나 작성해보고 어떻게 해결할 수 있을지 혹은 무엇이 바뀌어야 해결될 것 같은지 본인의 생각을 설명해주세요. ",
    "essay_type": "대안제시",
    "essay_level": "1",
    "essay_len": 901,
    "essay_main_subject": "남녀 갈등 해결 방안"
  }
}