{
  "paragraph": [
    {
      "paragraph_txt": "인간들이 자신의 편리함과 귀찮다는 이유로 쓰레기들을 논 곳에 그대로 놔두거나 쓰레기통이 아닌 길거리나 풀숲같은 곳에 아무데나 버리고 오는 경우들이 많다.#@문장구분# 그래서 동물들이 그 쓰레기들을 먹이로 착각하여 먹고 목에서 막혀 숨을 못쉬고 죽는 경우들이 많다.#@문장구분# 이러한 자신의 편리함만 생각하다 다른 생물들이 피해를 보기 때문에 우리들이 길을 지나가거나 놀러 갔을 때 쓰레기통이 아닌 길거리 등에 버려진 쓰레기를 보면 그냥 지날갈것이 아니라 그 쓰레기를 주워 주위에 쓰레기통에 버리면 그러한 일들을 완전히 없애지는 못하지만 줄일수는 있다.#@문장구분# 그리고 그 쓰레기 버린 사람들을 CCTV를 더 많이 설치하거나 봉사자들이 주기적으로 돌아다니는 등 단속을 더 강화해야한다.#@문장구분# 그리고 그 쓰레기 버린 사람들을 벌금을 더 늘리는 등 제재도 더욱 더 강화해야한다.#@문장구분# 또 일회용품들을 많이 길거리에 버리고 하니 일회용품을 줄이고 텀블러나 머그컵 사용을 늘려야 할 거 같다.#@문장구분# 예를 들어 해변 주위에 카페가 많아 그 카페에서 산 음료를 먹고 그냥 길거리에 버리는 경우가 많은데 카페에 텀블러를 들고 가서 여기에 담아주세요라고하고 텀블러 사용을 늘이면 눈에 띄게 쓰레기들이 줄을 것이다.#@문장구분# 그리고 해변에 보면 비닐쓰레기가 많은데 비닐봉지 값을 더 올리고 공짜로 주는 편의점이 있으면 벌금 등을 내도록하여 비닐봉지 쓰레기를 줄이도록한다.#@문장구분# 또 쓰레기통 배치를 늘여 해변가에서 배달음식을 시켜 먹고 가까운 위치에서 버리도록 하는것도 좋은 방법인 것 같다.#@문장구분# 처음에는 이런 일들이 귀찮고 힘들게 느껴질수도 있지만 한 번씩만 노력 하더라도 다른 생물의 생명을 살릴수도 있고 우리가 앞으로 살, 우리 후손들이 살 환경을 보다 더 좋게 할 수 있으니 귀찮더라도 조금만 노력하자.#@문장구분#",
      "paragraph_len": 1053,
      "paragraph_id": "001"
    }
  ],
  "score": {
    "paragraph_score": [
      {
        "paragraph_scoreT": [
          1.2,
          1.6,
          1.4
        ],
        "paragraph_scoreT_detail": {
          "paragraph_scoreT_exp": [
            [
              2,
              1,
              1
            ],
            [
              2,
              1,
              2
            ],
            [
              1,
              2,
              1
            ]
          ]
        },
        "paragraph_scoreT_avg": 1.4000001,
        "paragraph_id": "001"
      }
    ],
    "essay_scoreT": [
      16.1,
      18.5,
      16.1
    ],
    "essay_scoreT_avg": 16.9,
    "essay_scoreT_detail": {
      "essay_scoreT_org": [
        [
          2,
          0,
          0,
          3
        ],
        [
          2,
          0,
          2,
          1
        ],
        [
          2,
          0,
          2,
          3
        ]
      ],
      "essay_scoreT_cont": [
        [
          3,
          1,
          2,
          2
        ],
        [
          2,
          2,
          2,
          2
        ],
        [
          2,
          1,
          2,
          1
        ]
      ],
      "essay_scoreT_exp": [
        [
          2,
          1,
          1
        ],
        [
          2,
          1,
          2
        ],
        [
          1,
          2,
          1
        ]
      ]
    }
  },
  "student": {
    "date": "2021.09.07",
    "student_educated": true,
    "student_grade": "고등_1학년",
    "location": "051",
    "student_grade_group": "고등",
    "student_reading": 1
  },
  "rubric": {
    "essay_grade": "고등_1학년",
    "organization_weight": {
      "org_paragraph": 0,
      "org": 3,
      "org_essay": 6,
      "org_coherence": 3,
      "org_quantity": 1
    },
    "essay_type": "대안제시",
    "content_weight": {
      "con_clearance": 3,
      "con_novelty": 3,
      "con": 4,
      "con_prompt": 1,
      "con_description": 3
    },
    "essay_main_subject": "혐오시설 건설문제에 대한 본인의 생각",
    "expression_weight": {
      "exp_style": 4,
      "exp_grammar": 2,
      "exp_vocab": 4,
      "exp": 3
    }
  },
  "correction": [
    {
      "sentence_corr_txt_grammar": "인간들은 자신의 편리함과 귀찮음을 이유로 쓰레기들을 그대로 놔두거나 쓰레기통이 아닌 길거리나 풀숲 같은 곳에 아무데나 버리고 오는 경우가 많다.",
      "sentence_corr_reason": [
        "띄어쓰기",
        "",
        "",
        "불필요"
      ],
      "sentence_id": "0001",
      "sentence_corr_type": [
        "문법",
        "문법",
        "문법",
        "스타일링"
      ],
      "sentence_corr_detail_type": [
        "맞춤법",
        "조사",
        "어미",
        "기타"
      ],
      "sentence_txt": "<문법_조사>인간들이</문법_조사> 자신의 <문법_어미>편리함과 귀찮다는 이유로</문법_어미> <스타일링_기타>쓰레기들을 논 곳에 그대로 놔두거나</스타일링_기타> 쓰레기통이 아닌 길거리나 <문법_맞춤법>풀숲같은</문법_맞춤법> 곳에 아무데나 버리고 오는 경우들이 많다.",
      "sentence_corr_txt_styling": "인간들은 자신의 편리함과 귀찮음을 이유로 쓰레기들을 그대로 놔두거나 쓰레기통이 아닌 길거리나 풀숲 같은 곳에 아무데나 버리고 오는 경우가 많다.",
      "paragraph_id": "001"
    },
    {
      "sentence_corr_txt_grammar": " 그래서 동물들이 그 쓰레기들을 먹이로 착각하여 먹고 목에서 막혀 숨을 못 쉬고 죽는 경우들이 많다.",
      "sentence_corr_reason": [
        "띄어쓰기"
      ],
      "sentence_id": "0002",
      "sentence_corr_type": [
        "문법"
      ],
      "sentence_corr_detail_type": [
        "맞춤법"
      ],
      "sentence_txt": " 그래서 동물들이 그 쓰레기들을 먹이로 착각하여 먹고 목에서 막혀 숨을 <문법_맞춤법>못쉬고</문법_맞춤법> 죽는 경우들이 많다.",
      "sentence_corr_txt_styling": "",
      "paragraph_id": "001"
    },
    {
      "sentence_corr_txt_grammar": " 이렇게 자신의 편리함만 생각하다 보면 다른 생물들이 피해를 보기 때문에 우리들이 길을 지나가거나 놀러 갔을 때 쓰레기통이 아닌 길거리에 버려진 쓰레기를 보면 그냥 지나갈 것이 아니라 그 쓰레기를 주워 쓰레기통에 버리면 그러한 일들을 완전히 없애지는 못할지라도 줄일 수는 있다.",
      "sentence_corr_reason": [
        "",
        "불필요",
        "띄어쓰기",
        "띄어쓰기"
      ],
      "sentence_id": "0003",
      "sentence_corr_type": [
        "스타일링",
        "스타일링",
        "문법",
        "문법"
      ],
      "sentence_corr_detail_type": [
        "담화 맥락 오류",
        "기타",
        "맞춤법",
        "어미"
      ],
      "sentence_txt": " <스타일링_담화 맥락 오류>이러한</스타일링_담화 맥락 오류> 자신의 편리함만 생각하다 다른 생물들이 피해를 보기 때문에 우리들이 길을 지나가거나 놀러 갔을 때 쓰레기통이 아닌 <스타일링_기타>길거리 등에</스타일링_기타> 버려진 쓰레기를 보면 그냥 <문법_맞춤법><문법_어미>지날갈것이</문법_어미></문법_맞춤법> 아니라 그 쓰레기를 주워 주위에 쓰레기통에 버리면 그러한 일들을 완전히 없애지는 못하지만 줄일수는 있다.",
      "sentence_corr_txt_styling": " 이렇게 자신의 편리함만 생각하다 보면 다른 생물들이 피해를 보기 때문에 우리들이 길을 지나가거나 놀러 갔을 때 쓰레기통이 아닌 길거리에 버려진 쓰레기를 보면 그냥 지나갈 것이 아니라 그 쓰레기를 주워 쓰레기통에 버리면 그러한 일들을 완전히 없애지는 못할지라도 줄일 수는 있다.",
      "paragraph_id": "001"
    },
    {
      "sentence_corr_txt_grammar": " 그리고 그 쓰레기 버린 사람들은 CCTV를 더 많이 설치하거나 봉사자들이 주기적으로 돌아다니도록 하는 등 단속을 더 강화해야 한다.",
      "sentence_corr_reason": [
        "",
        "",
        "띄어쓰기"
      ],
      "sentence_id": "0004",
      "sentence_corr_type": [
        "문법",
        "스타일링",
        "문법"
      ],
      "sentence_corr_detail_type": [
        "조사",
        "담화 맥락 오류",
        "맞춤법"
      ],
      "sentence_txt": " 그리고 그 쓰레기 버린 <문법_조사>사람들을</문법_조사> CCTV를 더 많이 설치하거나 봉사자들이 주기적으로 <스타일링_담화 맥락 오류>돌아다니는 등</스타일링_담화 맥락 오류> 단속을 더 <문법_맞춤법>강화해야한다.</문법_맞춤법>",
      "sentence_corr_txt_styling": " 그리고 그 쓰레기 버린 사람들은 CCTV를 더 많이 설치하거나 봉사자들이 주기적으로 돌아다니도록 하는 등 단속을 더 강화해야 한다.",
      "paragraph_id": "001"
    },
    {
      "sentence_corr_txt_grammar": " 그리고 쓰레기 투기 관련 벌금을 더 늘리는 등 제재 수단도 더욱 더 강화해야 한다.",
      "sentence_corr_reason": [
        "",
        "",
        ""
      ],
      "sentence_id": "0005",
      "sentence_corr_type": [
        "문법",
        "문법",
        "문법"
      ],
      "sentence_corr_detail_type": [
        "맞춤법",
        "담화 맥락 오류",
        "패러프레이징"
      ],
      "sentence_txt": " <문법_맞춤법><문법_담화 맥락 오류><문법_패러프레이징>그리고 그 쓰레기 버린 사람들을 벌금을 더 늘리는 등 제재도 더욱 더 강화해야한다.</문법_패러프레이징></문법_담화 맥락 오류></문법_맞춤법>",
      "sentence_corr_txt_styling": "",
      "paragraph_id": "001"
    },
    {
      "sentence_corr_txt_grammar": "",
      "sentence_corr_reason": [
        "",
        "",
        "구어체 자제"
      ],
      "sentence_id": "0006",
      "sentence_corr_type": [
        "스타일링",
        "스타일링",
        "스타일링"
      ],
      "sentence_corr_detail_type": [
        "조사",
        "담화 맥락 오류",
        "기타"
      ],
      "sentence_txt": " 또 <스타일링_조사><스타일링_담화 맥락 오류>일회용품들을 많이 길<스타일링_기타>거</스타일링_기타>리에 버리고 하니</스타일링_담화 맥락 오류></스타일링_조사> 일회용품을 줄이고 텀블러나 머그컵 사용을 늘려야 할 <스타일링_기타>거</스타일링_기타> 같다.",
      "sentence_corr_txt_styling": " 또 일회용품들이 많이 버려지니 일회용품을 줄이고 텀블러나 머그컵 사용을 늘려야 할 것 같다.",
      "paragraph_id": "001"
    },
    {
      "sentence_corr_txt_grammar": " 예를 들어 해변 주위에 카페가 많아 그 카페에서 산 음료를 먹고 그냥 길거리에 버리는 경우가 많은데 카페에서 일회용품이 아닌 텀블러를 사용한다면 눈에 띄게 쓰레기들이 줄어들 것이다.",
      "sentence_corr_reason": [
        "",
        ""
      ],
      "sentence_id": "0007",
      "sentence_corr_type": [
        "스타일링",
        "문법"
      ],
      "sentence_corr_detail_type": [
        "담화 맥락 오류",
        "어미"
      ],
      "sentence_txt": " 예를 들어 해변 주위에 카페가 많아 그 카페에서 산 음료를 먹고 그냥 길거리에 버리는 경우가 많은데 <스타일링_담화 맥락 오류>카페에 텀블러를 들고 가서 여기에 담아주세요라고하고 텀블러 사용을 늘이면</스타일링_담화 맥락 오류> 눈에 띄게 쓰레기들이 <문법_어미>줄을 것이다.</문법_어미>",
      "sentence_corr_txt_styling": " 예를 들어 해변 주위에 카페가 많아 그 카페에서 산 음료를 먹고 그냥 길거리에 버리는 경우가 많은데 카페에서 일회용품이 아닌 텀블러를 사용한다면 눈에 띄게 쓰레기들이 줄어들 것이다.",
      "paragraph_id": "001"
    },
    {
      "sentence_corr_txt_grammar": " 그리고 해변에 보면 비닐쓰레기가 많은데 비닐봉지 값을 더 올리고 공짜로 주는 편의점이 있으면 벌금 등을 내도록하여 비닐봉지 쓰레기를 줄이도록 해야 한다.",
      "sentence_corr_reason": [
        "",
        ""
      ],
      "sentence_id": "0008",
      "sentence_corr_type": [
        "문법",
        "문법"
      ],
      "sentence_corr_detail_type": [
        "맞춤법",
        "어미"
      ],
      "sentence_txt": " 그리고 해변에 보면 비닐쓰레기가 많은데 비닐봉지 값을 더 올리고 공짜로 주는 편의점이 있으면 벌금 등을 내도록하여 비닐봉지 쓰레기를 <문법_맞춤법><문법_어미>줄이도록한다.</문법_어미></문법_맞춤법>",
      "sentence_corr_txt_styling": "",
      "paragraph_id": "001"
    },
    {
      "sentence_corr_txt_grammar": " 또 쓰레기통 배치를 늘려 가까운 위치에서 바로 버리도록 하는 것도 좋은 방법인 것 같다.",
      "sentence_corr_reason": [
        "",
        "불필요",
        "불필요",
        "띄어쓰기"
      ],
      "sentence_id": "0009",
      "sentence_corr_type": [
        "문법",
        "스타일링",
        "스타일링",
        "문법"
      ],
      "sentence_corr_detail_type": [
        "어미",
        "담화 맥락 오류",
        "기타",
        "맞춤법"
      ],
      "sentence_txt": " 또 쓰레기통 배치를 <문법_어미>늘여</문법_어미> <스타일링_담화 맥락 오류><스타일링_기타>해변가에서 배달음식을 시켜 먹고 가까운 위치에서</스타일링_기타></스타일링_담화 맥락 오류> 버리도록 <문법_맞춤법>하는것도</문법_맞춤법> 좋은 방법인 것 같다.",
      "sentence_corr_txt_styling": " 또 쓰레기통 배치를 늘려 가까운 위치에서 바로 버리도록 하는 것도 좋은 방법인 것 같다.",
      "paragraph_id": "001"
    },
    {
      "sentence_corr_txt_grammar": " 처음에는 이런 일들이 귀찮고 힘들게 느껴질 수도 있다. 하지만 한번씩만 노력하면 다른 생물의 생명을 살릴 수도 있고 우리가 앞으로 살, 우리 후손들이 살 환경을 보다 더 좋게 할 수 있으니 귀찮더라도 조금만 노력하자.",
      "sentence_corr_reason": [
        "띄어쓰기",
        "문장이 지나치게 긺",
        ""
      ],
      "sentence_id": "0010",
      "sentence_corr_type": [
        "문법",
        "스타일링",
        "문법"
      ],
      "sentence_corr_detail_type": [
        "맞춤법",
        "기타",
        "어미"
      ],
      "sentence_txt": " 처음에는 이런 일들이 귀찮고 힘들게 <문법_맞춤법>느껴질수도</문법_맞춤법> <스타일링_기타>있지만 </스타일링_기타><문법_어미>한 번씩만 노력 하더라도</문법_어미> 다른 생물의 생명을 살릴수도 있고 우리가 앞으로 살, 우리 후손들이 살 환경을 보다 더 좋게 할 수 있으니 귀찮더라도 조금만 노력하자.",
      "sentence_corr_txt_styling": " 처음에는 이런 일들이 귀찮고 힘들게 느껴질 수도 있다. 하지만 한번씩만 노력하면 다른 생물의 생명을 살릴 수도 있고 우리가 앞으로 살, 우리 후손들이 살 환경을 보다 더 좋게 할 수 있으니 귀찮더라도 조금만 노력하자.",
      "paragraph_id": "001"
    }
  ],
  "info": {
    "essay_id": "ESSAY_34925",
    "essay_prompt": " 혐오 시설이란 지역 주민에게 공포감이나 고통을 주거나, 주변 지역의 쾌적성이 훼손됨으로써 집값이나 땅값이 내려가는 등 부정적인 외부효과를 유발하는 시설을 의미합니다.\n\n 대표적인 혐오 시설에는 쓰레기 매립장, 원자력발전소, 소각장, 유류저장소 등이 있습니다.\n\n 매립지, 소각장, 쓰레기 하치장 같은 혐오 시설은 그리 위험하지는 않지만, 쓰레기를 취급한다는 점에서 혐오감을 주며, 주변 환경오염 문제가 갈등을 일으킵니다. 특히 소각장은 인구밀도가 높은 대도시에 건설된다는 점에서 반대 운동이 일기도 합니다.\n\n 그런데 서로 반대만 하다 보면 입지를 찾지 못해 결국 모든 주민의 삶의 질이 저하될 수 있습니다.\n\n 정부 차원에서 가장 적절한 장소를 선별하여 건설 후 주변 사람들에게 혜택을 주는 방식이 적절한 방법일까요? 아니면 혐오 시설만을 모아둔 부지를 따로 정해서 건설해야 할까요? 아니면 모든 도시가 공평하게 혐오 시설 건설에 대한 부담을 지니고 하나씩 건설해야 할까요?\n\n 모두가 만족할만한 결과를 내기란 정말 어려운 문제이지만 여러분이 생각하는 가장 합리적이고 좋은 방법을 생각해보세요. 그리고 그 방법을 대안으로 제시하고 그 근거에 대해 작성해주세요.",
    "essay_type": "대안제시",
    "essay_level": "1",
    "essay_len": 853,
    "essay_main_subject": "혐오시설 건설문제에 대한 본인의 생각"
  }
}