{
  "paragraph": [
    {
      "paragraph_txt": "혐오시설 건설에 대하여는 정부 차원에서 가장 적절한 장소를 선별하여 건설 후 주변 사람들에게 혜택을 주는 방식은 반발을 일으키기에 충분한 이유라고 본다.#@문장구분# 왜냐하면 자신의 의견이 확실히 정해진 것이 아닌 그저 막무가내인 선택이기 때문이다.#@문장구분# 혜택이 주어진다고 해도 그 혜택이 너무 크면 다른 사람들의 반발 너무 적으면 혐오시설 사람들의 반발이 일어날 수 있을 것이다.#@문장구분# 아니면 혐오 시설만을 모아둔 부지를 따로 정해서 건설한다면 그 지역으로 무언가를 운송할 때 불편함을 초래할 것이다.#@문장구분# 그리하여 이 방법도 좋은 방법이 아니다.#@문장구분# 아니면 모든 도시가 공평하게 혐오 시설 건설에 대한 부담을 지니고 하나씩 건설해야 하나?#@문장구분# 이 방법에 대하여는 우리나라의 관광지의 측면 즉 외국인들이 우리나라를 보는 시각이 달라질 것을 대비해야한다.#@문장구분# 내가 내린 대안은 주요 수도 외의 지역에 혐오시설을 건설하는 것이다.#@문장구분# 사실 혐오시설은 확실한 대안이 별로 없다.#@문장구분#이것으로 혐오시설을 다 정의 할 순 없겠지만 혐오시설이 많아지지 않게 쓰레기를 많이 버리지 않거나 위생용품 사용을 줄이는 방법이 있다.#@문장구분# 그리고 우선적으로 혐오시설에 대한 인식을 개설할 필요가 있다고 생각한다.#@문장구분# 지금의 혐오시설에 대한 인식은 어떤 한 지역에 그 혐오시설이 들어오면 땅값 떨어지는 것은 당연하고 냄새가 나고 보기 흉하고 주변 상권이 아예 죽어버리는 그런 참담한 상황이 발생하게 된다.#@문장구분# 이러한 상황을 막기 위해서는 혐오시설이 가지고 있는 안좋은 인식을 조금이나마 좋게 바꾸는 것이 급선무라고 생각한다.#@문장구분# 혐오시설에 대한 인식을 바꾸면 아무래도 지금보다는 자신의 지역에 들어온다는 것을 반대하거나 꺼리지는 않을 것이라고 생각한다. #@문장구분#그리고 지금 혐오시설을 설치하는 지역에 대한 보상이 적다고 생각한다.#@문장구분# 그래서 그 보상을 포기하더라도 혐오시설 설치를 반대하는 것이라고 생각한다. #@문장구분#그래서 혐오시설을 설치하는 지역에 더 많은 보상을 주는 것이 좋을 것 같다.#@문장구분#",
      "paragraph_len": 1285,
      "paragraph_id": "001"
    }
  ],
  "score": {
    "paragraph_score": [
      {
        "paragraph_scoreT": [
          3,
          3,
          2.6
        ],
        "paragraph_scoreT_detail": {
          "paragraph_scoreT_exp": [
            [
              3,
              3,
              3
            ],
            [
              3,
              3,
              3
            ],
            [
              3,
              2,
              3
            ]
          ]
        },
        "paragraph_scoreT_avg": 2.8666668,
        "paragraph_id": "001"
      }
    ],
    "essay_scoreT": [
      25.5,
      30,
      27.599998
    ],
    "essay_scoreT_avg": 27.699999,
    "essay_scoreT_detail": {
      "essay_scoreT_org": [
        [
          2,
          0,
          3,
          2
        ],
        [
          3,
          0,
          3,
          3
        ],
        [
          3,
          0,
          3,
          3
        ]
      ],
      "essay_scoreT_cont": [
        [
          2,
          2,
          3,
          3
        ],
        [
          3,
          3,
          3,
          3
        ],
        [
          3,
          2,
          3,
          3
        ]
      ],
      "essay_scoreT_exp": [
        [
          3,
          3,
          3
        ],
        [
          3,
          3,
          3
        ],
        [
          3,
          2,
          3
        ]
      ]
    }
  },
  "student": {
    "date": "2021.12.07",
    "student_educated": true,
    "student_grade": "고등_1학년",
    "location": "041",
    "student_grade_group": "고등",
    "student_reading": 1
  },
  "rubric": {
    "essay_grade": "고등_1학년",
    "organization_weight": {
      "org_paragraph": 0,
      "org": 3,
      "org_essay": 6,
      "org_coherence": 3,
      "org_quantity": 1
    },
    "essay_type": "대안제시",
    "content_weight": {
      "con_clearance": 3,
      "con_novelty": 3,
      "con": 4,
      "con_prompt": 1,
      "con_description": 3
    },
    "essay_main_subject": "혐오시설 건설문제에 대한 본인의 생각",
    "expression_weight": {
      "exp_style": 4,
      "exp_grammar": 2,
      "exp_vocab": 4,
      "exp": 3
    }
  },
  "correction": [],
  "info": {
    "essay_id": "ESSAY_57089",
    "essay_prompt": " 혐오 시설이란 지역 주민에게 공포감이나 고통을 주거나, 주변 지역의 쾌적성이 훼손됨으로써 집값이나 땅값이 내려가는 등 부정적인 외부효과를 유발하는 시설을 의미합니다.\n\n 대표적인 혐오 시설에는 쓰레기 매립장, 원자력발전소, 소각장, 유류저장소 등이 있습니다.\n\n 매립지, 소각장, 쓰레기 하치장 같은 혐오 시설은 그리 위험하지는 않지만, 쓰레기를 취급한다는 점에서 혐오감을 주며, 주변 환경오염 문제가 갈등을 일으킵니다. 특히 소각장은 인구밀도가 높은 대도시에 건설된다는 점에서 반대 운동이 일기도 합니다.\n\n 그런데 서로 반대만 하다 보면 입지를 찾지 못해 결국 모든 주민의 삶의 질이 저하될 수 있습니다.\n\n 정부 차원에서 가장 적절한 장소를 선별하여 건설 후 주변 사람들에게 혜택을 주는 방식이 적절한 방법일까요? 아니면 혐오 시설만을 모아둔 부지를 따로 정해서 건설해야 할까요? 아니면 모든 도시가 공평하게 혐오 시설 건설에 대한 부담을 지니고 하나씩 건설해야 할까요?\n\n 모두가 만족할만한 결과를 내기란 정말 어려운 문제이지만 여러분이 생각하는 가장 합리적이고 좋은 방법을 생각해보세요. 그리고 그 방법을 대안으로 제시하고 그 근거에 대해 작성해주세요.",
    "essay_type": "대안제시",
    "essay_level": "1",
    "essay_len": 947,
    "essay_main_subject": "혐오시설 건설문제에 대한 본인의 생각"
  }
}