{
  "paragraph": [
    {
      "paragraph_txt": "요즘 여성 징병제와 더 나아가서는 모병제에 대한 이야기들이 나오고 있습니다.#@문장구분# 여성징병제를 도입하자는 청와대 민원도 본 적이 있습니다.#@문장구분# 그런데 이들의 취지를 보면 과연 이것이 군 모집에 대한 진지한 고민에서 나온 것인지 의심이 됩니다.#@문장구분# 모든 국민이 국방의 의무가 있다면서 남성만 군대에 가고 왜 여성은 지원해야지만 가는 것일까? 라는 의문을 가지고 있는 사람들이 있을 것입니다.#@문장구분# 사실 이러한 논의의 출발은 남녀갈등에서 시작 된 것이라고 생각됩니다.#@문장구분# 근래에 남녀갈등과 같은 사회적 문제가 발생하는 원인에는 페미니즘의 탈을 쓴 집단의 영향이 있을 것입니다.#@문장구분# 어디서나 본질을 흐리는 변이된 이단이 있기 마련입니다.#@문장구분# 페미니즘 이라는 이름으로 근본적인 취지를 외면한 채 여성 우월주의를 외치고 남성을 비하하는 남성혐오까지 이르는 집단이 출현하고 있습니다.#@문장구분# 그들의 군 복무자들에 대한 이유 없는 비하와 군필자들에 대한 멸시로 인하여 많은 남성들은 분노하였습니다.#@문장구분# 또한 일부 남성들은 반 페미니즘, 안티페미니즘 이라는 이름으로 어떠한 이념에 근거하지않고 오로지 성별의 차이로 똑같이 이성을 비하하고 깍아내리기 일쑤입니다.#@문장구분# 그러면서 여자들도 군대를 가야지 왜 남자만 군대를 가냐며 기존의 병역 의무에 대한 이의를 제기한 것이라 생각합니다.#@문장구분# ",
      "paragraph_len": 849,
      "paragraph_id": "001"
    },
    {
      "paragraph_txt": "여성은 근본적으로 남성과 신체적으로 차이가 있는데 과연 이를 극복하고 여성징병제에 많은 여성이 모집할 것은 힘들어 보입니다.#@문장구분# 또한 여군을 위한 별도의 기타 시설들이 새로 생겨나야 하려면 많은 시간과 경제적 소모가 필요할 것이기에 여성징병제라는 제도는 쉽게 이루어지기는 힘들 것이라 생각됩니다.#@문장구분#  남녀가 특정 집단과 같이 조롱하고 비하하는 것이 아닌 사회적으로 서로를 인정하고 예우하는 분위기를 조성해 준다면 더욱 바람직한 방향의 군 복무 제도가 수립 될 것으로 생각됩니다.#@문장구분#",
      "paragraph_len": 324,
      "paragraph_id": "002"
    },
    {
      "paragraph_txt": "남녀간의 갈등을 최소화 할 수 있도록 조금씩은 서로 이해하고 배려하는 사회가 되었으면 합니다.#@문장구분#",
      "paragraph_len": 72,
      "paragraph_id": "003"
    }
  ],
  "score": {
    "paragraph_score": [
      {
        "paragraph_scoreT": [
          3,
          3,
          2.2
        ],
        "paragraph_scoreT_detail": {
          "paragraph_scoreT_exp": [
            [
              3,
              3,
              3
            ],
            [
              3,
              3,
              3
            ],
            [
              3,
              2,
              2
            ]
          ]
        },
        "paragraph_scoreT_avg": 2.7333333,
        "paragraph_id": "001"
      },
      {
        "paragraph_scoreT": [
          3,
          3,
          2.2
        ],
        "paragraph_scoreT_detail": {
          "paragraph_scoreT_exp": [
            [
              3,
              3,
              3
            ],
            [
              3,
              3,
              3
            ],
            [
              3,
              2,
              2
            ]
          ]
        },
        "paragraph_scoreT_avg": 2.7333333,
        "paragraph_id": "002"
      },
      {
        "paragraph_scoreT": [
          3,
          3,
          2.2
        ],
        "paragraph_scoreT_detail": {
          "paragraph_scoreT_exp": [
            [
              3,
              3,
              3
            ],
            [
              3,
              3,
              3
            ],
            [
              3,
              2,
              2
            ]
          ]
        },
        "paragraph_scoreT_avg": 2.7333333,
        "paragraph_id": "003"
      }
    ],
    "essay_scoreT": [
      27,
      27.800001,
      23.900002
    ],
    "essay_scoreT_avg": 26.233335,
    "essay_scoreT_detail": {
      "essay_scoreT_org": [
        [
          2,
          0,
          3,
          3
        ],
        [
          2,
          0,
          3,
          3
        ],
        [
          3,
          0,
          2,
          3
        ]
      ],
      "essay_scoreT_cont": [
        [
          3,
          2,
          3,
          3
        ],
        [
          3,
          3,
          2,
          3
        ],
        [
          2,
          2,
          2,
          3
        ]
      ],
      "essay_scoreT_exp": [
        [
          3,
          3,
          3
        ],
        [
          3,
          3,
          3
        ],
        [
          3,
          2,
          2
        ]
      ]
    }
  },
  "student": {
    "date": "2021.12.04",
    "student_educated": true,
    "student_grade": "고등_1학년",
    "location": "063",
    "student_grade_group": "고등",
    "student_reading": 2
  },
  "rubric": {
    "essay_grade": "고등_1학년",
    "organization_weight": {
      "org_paragraph": 0,
      "org": 3,
      "org_essay": 6,
      "org_coherence": 3,
      "org_quantity": 1
    },
    "essay_type": "대안제시",
    "content_weight": {
      "con_clearance": 3,
      "con_novelty": 3,
      "con": 4,
      "con_prompt": 1,
      "con_description": 3
    },
    "essay_main_subject": "남녀 갈등 해결 방안",
    "expression_weight": {
      "exp_style": 4,
      "exp_grammar": 2,
      "exp_vocab": 4,
      "exp": 3
    }
  },
  "correction": [],
  "info": {
    "essay_id": "ESSAY_54799",
    "essay_prompt": " 남녀 갈등은 최근 우리 사회에서 가장 뜨거운 이슈 중 하나입니다. 이러한 갈등은 아직 간극을 좁히지 못하고 현재 사회적인 문제로 자리 잡았습니다.\n\n 군 가산점 문제, 일자리 문제 등 여러 가지 비교 자료들을 토대로 토론을 하고 이를 통해 갈등을 해결하고자 하는 노력이 이루어지고 있습니다.\n\n 과거에는 성차별 심했던 시기가 있었습니다. 여자와 남자를 구별 지어 일을 주는 경우도 많았습니다. 하지만, 현재는 여자와 남자라는 성별을 떠나서 나이, 국적을 불문하고 모두에게 평등한 기회를 주기 위해 노력하고 있습니다.\n\n 이렇게 모두의 노력에도 불구하고 아직 해결되지 않았거나 해결될 기미가 보이지 않는 양성평등 문제가 있을까요?\n\n 아주 작은 사소한 일이라도 좋습니다. 여러분이 생각하는 우리 주변의 양성평등 문제를 하나 작성해보고 어떻게 해결할 수 있을지 혹은 무엇이 바뀌어야 해결될 것 같은지 본인의 생각을 설명해주세요. ",
    "essay_type": "대안제시",
    "essay_level": "1",
    "essay_len": 949,
    "essay_main_subject": "남녀 갈등 해결 방안"
  }
}