{
  "paragraph": [
    {
      "paragraph_txt": "자기가 사는 지역에 혐오시설이 들어서면 반대하는 사람들이 항상 있다.#@문장구분# 하지만 그렇게 모두가 반대한다면 혐오시설을 어디에 설치할 것인가?#@문장구분# 그래서 나는 혐오시설이 어느 한 지역에 설치된다면 정부에서 그 지역에 보상을 해주어야한다고 생각한다.#@문장구분# 혐오시설이 들어서면 그 지역의 땅값, 집값 등이 내려가거나 사람들이 그 지역을 기피할 수 있다.#@문장구분# 그렇기에 쇼핑몰이나 영화관 등 사람들이 좋아할만한 시설들을 지어준다던지 하는 보상을 해주어야 혐오시설이 들어서는 것을 무작정 반대하지 않을 것이라고 생각한다.#@문장구분#\n앞 기사 같은 경우 소각장이 설치되기로 한 곳 근처에 전주천 바람길이 있어 유해가스가 대량으로 근처 주거시설이나 교육기관 등으로 이동될 것을 걱정하며 소각장 설치를 반대하였다.#@문장구분# 하지만 소각장 내에서나 근처에서 자체적으로 유해가스나 물질 등을 처리할 수 있는 시설을 설치하거나 유해가스가 이동하는 것을 막을 수 있다면 근처에 있는 주거단지나 교육기관 등에 미치는 피해를 최소화할 수 있을 것이다.#@문장구분#\n의료 폐기물을 설치하기로 한 기관에서 의도적으로 환경영향평가에서 하루 50톤 이상 처리시 평가를 진행하는 것을 알고 48톤으로 의도적으로 조절하여 조사를 피한 것으로 밝혀졌다.#@문장구분# 그래서 환경청은 기준을 조금 더 낮게 잡고 이번 경우에는 조사를 실시하여 주변 공간을 쾌적하게 만들기 위해 환경청  에서 노력해야한다고 생각한다.#@문장구분#\n혐오시설 설치를 반대한다고 계속 설치를 미루거나 위치를 옮기게 된다면 어딘가에는 무조건 설치되야 할 혐오시설을 설치하지 못하는 경우가 생길 수 있다.#@문장구분# 그렇기에 혐오시설 설치시 생기는 피해를 최소화할 것을 보장하고 그에 따른 보상과 예방을 확실히 한다면 혐오시설 설치에 대한 반대가 줄어들 수 있을 것이라 생각한다.#@문장구분#",
      "paragraph_len": 1073,
      "paragraph_id": "001"
    }
  ],
  "score": {
    "paragraph_score": [
      {
        "paragraph_scoreT": [
          3,
          3,
          2
        ],
        "paragraph_scoreT_detail": {
          "paragraph_scoreT_exp": [
            [
              3,
              3,
              3
            ],
            [
              3,
              3,
              3
            ],
            [
              2,
              2,
              2
            ]
          ]
        },
        "paragraph_scoreT_avg": 2.6666667,
        "paragraph_id": "001"
      }
    ],
    "essay_scoreT": [
      28.5,
      27.9,
      21.5
    ],
    "essay_scoreT_avg": 25.966667,
    "essay_scoreT_detail": {
      "essay_scoreT_org": [
        [
          3,
          0,
          3,
          2
        ],
        [
          2,
          0,
          3,
          2
        ],
        [
          2,
          0,
          2,
          3
        ]
      ],
      "essay_scoreT_cont": [
        [
          3,
          2,
          3,
          3
        ],
        [
          3,
          3,
          3,
          3
        ],
        [
          2,
          2,
          2,
          3
        ]
      ],
      "essay_scoreT_exp": [
        [
          3,
          3,
          3
        ],
        [
          3,
          3,
          3
        ],
        [
          2,
          2,
          2
        ]
      ]
    }
  },
  "student": {
    "date": "2021.09.08",
    "student_educated": true,
    "student_grade": "고등_1학년",
    "location": "051",
    "student_grade_group": "고등",
    "student_reading": 1
  },
  "rubric": {
    "essay_grade": "고등_1학년",
    "organization_weight": {
      "org_paragraph": 0,
      "org": 3,
      "org_essay": 6,
      "org_coherence": 3,
      "org_quantity": 1
    },
    "essay_type": "대안제시",
    "content_weight": {
      "con_clearance": 3,
      "con_novelty": 3,
      "con": 4,
      "con_prompt": 1,
      "con_description": 3
    },
    "essay_main_subject": "혐오시설 건설문제에 대한 본인의 생각",
    "expression_weight": {
      "exp_style": 4,
      "exp_grammar": 2,
      "exp_vocab": 4,
      "exp": 3
    }
  },
  "correction": [],
  "info": {
    "essay_id": "ESSAY_33930",
    "essay_prompt": " 혐오 시설이란 지역 주민에게 공포감이나 고통을 주거나, 주변 지역의 쾌적성이 훼손됨으로써 집값이나 땅값이 내려가는 등 부정적인 외부효과를 유발하는 시설을 의미합니다.\n\n 대표적인 혐오 시설에는 쓰레기 매립장, 원자력발전소, 소각장, 유류저장소 등이 있습니다.\n\n 매립지, 소각장, 쓰레기 하치장 같은 혐오 시설은 그리 위험하지는 않지만, 쓰레기를 취급한다는 점에서 혐오감을 주며, 주변 환경오염 문제가 갈등을 일으킵니다. 특히 소각장은 인구밀도가 높은 대도시에 건설된다는 점에서 반대 운동이 일기도 합니다.\n\n 그런데 서로 반대만 하다 보면 입지를 찾지 못해 결국 모든 주민의 삶의 질이 저하될 수 있습니다.\n\n 정부 차원에서 가장 적절한 장소를 선별하여 건설 후 주변 사람들에게 혜택을 주는 방식이 적절한 방법일까요? 아니면 혐오 시설만을 모아둔 부지를 따로 정해서 건설해야 할까요? 아니면 모든 도시가 공평하게 혐오 시설 건설에 대한 부담을 지니고 하나씩 건설해야 할까요?\n\n 모두가 만족할만한 결과를 내기란 정말 어려운 문제이지만 여러분이 생각하는 가장 합리적이고 좋은 방법을 생각해보세요. 그리고 그 방법을 대안으로 제시하고 그 근거에 대해 작성해주세요.",
    "essay_type": "대안제시",
    "essay_level": "1",
    "essay_len": 854,
    "essay_main_subject": "혐오시설 건설문제에 대한 본인의 생각"
  }
}