{
  "paragraph": [
    {
      "paragraph_txt": "우리는 사회에서도 똑같은 조건의 여자와 남자가 취직을 하려고 면접을 보면 남자는 여자보다 기술이 좋다거나 직장 생활을 하려면 체력이 뒷받침 되어야 하는데 '여자는 남자보다 체력이 떨어진다.' 등의 잘못된 고정관념 때문에 남자가 취직을 할 확률이 여자보다 높다고 생각한다.#@문장구분# 하지만 여자와 남자는 성만 다를 뿐 사회에서는 다를 것 하나 없는 하나의 구성원에 불과하다.#@문장구분# 그런데 우리가 잘못된 지식이나 고정관념을 갖고 있어서 우리가 남자와 여자를 차별된 시선으로 바라보고, 그렇게 생각함으로써 남녀차별을 사회에서 만들어진 법이 아닌 우리가 만들어 가는 것이다.#@문장구분# 그런데 우리가 말하는 사회는 그런 사람들이 거미줄처럼 얽히고 얽혀서 만들 생활의 중심지일지도 모른다.#@문장구분# 하지만 사회가 있기에 사람은 존중받을 권리가 주어진다.#@문장구분# 그렇기 때문에 여자와 남자를 차별하기 보다는 양성평등으로 남자와 여자를 차별하지 말고 내가 가지고 있는 고정관념이란 벽을 깨고 바라보는 시선이 필요하다고 생각한다.#@문장구분# 우리가 사는 사회의 법은 우리 스스로 만들어 가는 것이다.#@문장구분# 그래서 우리는 남자와 여자를 차별하고 비판하기 보다는 남자와 여자가 서로 다른 성을 존중해 줄 필요가 있다고 생각한다.#@문장구분# 좀 더 나은 사회가 될수 있도록 말이다.#@문장구분# 서로 존중하고 배려해주면 지금보다 좋은 사회가 되리라 믿는다. #@문장구분#지금은 너무 서로를 배려하지 않고 존중하지 않아 서로 욕하고 헐뜯고 어떻게 해서든지 서로를 못잡아먹어 안달인데 정말 그런 사람들을 보고있으면 너무 구역질이 난다.#@문장구분# 왜 그렇게까지 서로를 못잡아먹어 안달일까? 나는 이러한 태도부터 먼저 바꿔야 한다고 생각한다.#@문장구분#",
      "paragraph_len": 1031,
      "paragraph_id": "001"
    }
  ],
  "score": {
    "paragraph_score": [
      {
        "paragraph_scoreT": [
          3,
          3,
          3
        ],
        "paragraph_scoreT_detail": {
          "paragraph_scoreT_exp": [
            [
              3,
              3,
              3
            ],
            [
              3,
              3,
              3
            ],
            [
              3,
              3,
              3
            ]
          ]
        },
        "paragraph_scoreT_avg": 3,
        "paragraph_id": "001"
      }
    ],
    "essay_scoreT": [
      30,
      30,
      30
    ],
    "essay_scoreT_avg": 30,
    "essay_scoreT_detail": {
      "essay_scoreT_org": [
        [
          3,
          0,
          3,
          3
        ],
        [
          3,
          0,
          3,
          3
        ],
        [
          3,
          0,
          3,
          3
        ]
      ],
      "essay_scoreT_cont": [
        [
          3,
          3,
          3,
          3
        ],
        [
          3,
          3,
          3,
          3
        ],
        [
          3,
          3,
          3,
          3
        ]
      ],
      "essay_scoreT_exp": [
        [
          3,
          3,
          3
        ],
        [
          3,
          3,
          3
        ],
        [
          3,
          3,
          3
        ]
      ]
    }
  },
  "student": {
    "date": "2021.12.13",
    "student_educated": true,
    "student_grade": "고등_1학년",
    "location": "063",
    "student_grade_group": "고등",
    "student_reading": 2
  },
  "rubric": {
    "essay_grade": "고등_1학년",
    "organization_weight": {
      "org_paragraph": 0,
      "org": 3,
      "org_essay": 6,
      "org_coherence": 3,
      "org_quantity": 1
    },
    "essay_type": "대안제시",
    "content_weight": {
      "con_clearance": 3,
      "con_novelty": 3,
      "con": 4,
      "con_prompt": 1,
      "con_description": 3
    },
    "essay_main_subject": "남녀 갈등 해결 방안",
    "expression_weight": {
      "exp_style": 4,
      "exp_grammar": 2,
      "exp_vocab": 4,
      "exp": 3
    }
  },
  "correction": [],
  "info": {
    "essay_id": "ESSAY_61870",
    "essay_prompt": " 남녀 갈등은 최근 우리 사회에서 가장 뜨거운 이슈 중 하나입니다. 이러한 갈등은 아직 간극을 좁히지 못하고 현재 사회적인 문제로 자리 잡았습니다.\n\n 군 가산점 문제, 일자리 문제 등 여러 가지 비교 자료들을 토대로 토론을 하고 이를 통해 갈등을 해결하고자 하는 노력이 이루어지고 있습니다.\n\n 과거에는 성차별 심했던 시기가 있었습니다. 여자와 남자를 구별 지어 일을 주는 경우도 많았습니다. 하지만, 현재는 여자와 남자라는 성별을 떠나서 나이, 국적을 불문하고 모두에게 평등한 기회를 주기 위해 노력하고 있습니다.\n\n 이렇게 모두의 노력에도 불구하고 아직 해결되지 않았거나 해결될 기미가 보이지 않는 양성평등 문제가 있을까요?\n\n 아주 작은 사소한 일이라도 좋습니다. 여러분이 생각하는 우리 주변의 양성평등 문제를 하나 작성해보고 어떻게 해결할 수 있을지 혹은 무엇이 바뀌어야 해결될 것 같은지 본인의 생각을 설명해주세요. ",
    "essay_type": "대안제시",
    "essay_level": "1",
    "essay_len": 791,
    "essay_main_subject": "남녀 갈등 해결 방안"
  }
}