{
  "paragraph": [
    {
      "paragraph_txt": "요즘 문제가 되며 욕도먹고 논란도 되고 있는 페미니스트들은  페미니즘이라는 본질을 벗어나 논리없이 자신이 겪은 온갖 부조리를 남성우월주의에 엮으며 피해망상을 하며 사회적 물의를 빚고 그 말도  안되는 무논리와 객관적이지 못한 개인의 의견을 남녀 할 것없이 강요를 하며 공감을 하지 못한다#@문장구분# 판단되면 무조건 여혐  쓰레기 등등으로 몰아가며  자신들이 하는 말이 뭔지도 모른채 집회만 하면  사람들이 알아주고 목소리 크면 이기는 줄 알며 소리를 지르고 그 영향이 정부  국회의원  연구원등등에 까지 퍼지며  부서가 만들어지기도 한다.#@문장구분#  자신이 어떤 위치에 있는지도 모르고 자신의 발언의 영향력은 뇌에 넣지도 않은채  필터없이 적고  생각없이 말과 행동을 해  한사람의 인생을 망치고 성형을 시키는 것을 보면 그들이 이 사회에 얼마나 많이 퍼져있고 그 말도 안되는  행동들을 대통령은 페미니즘 이라는 단어에만 꽅혀 그사람들을 지지하고 페미니스트들의 진짜 행보와 페미니즘과는 다른 그사람들의 개념 사상 무논리를 모른채 여가부  페미 지지선언등을 하고있다.#@문장구분#",
      "paragraph_len": 589,
      "paragraph_id": "001"
    },
    {
      "paragraph_txt": "이런상황을 보면 정권이 바뀌면 조금 사그라 들까 생각도 들고  최근 여가부의 잉여세금 공중폭파사실을 이준석 당대표가  알고 폐지를 주장하고 마인크래프트 셧다운 논란이 겹치며 말도 안됬던 셨다운제가 드디어 사라지기도 하는  등  페미니스트 들의  생각없이 하는 행동들이 미치는 사회의 영향들이 조금식 줄어들고 있다.#@문장구분#",
      "paragraph_len": 195,
      "paragraph_id": "002"
    },
    {
      "paragraph_txt": " 이러한 문제는 모든사람들이 같은 생각을 공유하고 이해하는 초능력이 아닌 이상 불가능 하다고 생각한다.#@문장구분# 하지만 대부분의 사람들이  페미니즘과 현재의 페미니스트들의 대부분은 다르다는 것을 알고 객관적인 시선과 깨어진 생각을 가지고 다시 들여다 봐 준다면  당연하게도 대부분의 그들의 생각과 논리는 허점이 너무나 많고 말이 안되는 억지 땡깡들이 너무 많기에 많은 사람들이 알아준다면 그리고 비난 또한 새로운 논란의 시발점이 될 수 있기에 모든 페미니스트들을 마녀사냥하듯 욕하지 말고 비논리의 의견을 사회에 무분별하게 퍼트리는 그 사람들만을  정당하고 좀 깨끗한 방법으로서 공공연하게 그들의 논리를 하나하나 조져준다면 큰 논란 사건사고없이  사람들을  페미니스트들의 이상한 행보를 이해시켜서 잘못임을 인지시켜줄 수 있다고 생각한다.#@문장구분#",
      "paragraph_len": 446,
      "paragraph_id": "003"
    }
  ],
  "score": {
    "paragraph_score": [
      {
        "paragraph_scoreT": [
          2.4,
          2,
          1.6
        ],
        "paragraph_scoreT_detail": {
          "paragraph_scoreT_exp": [
            [
              2,
              2,
              3
            ],
            [
              2,
              2,
              2
            ],
            [
              2,
              2,
              1
            ]
          ]
        },
        "paragraph_scoreT_avg": 2,
        "paragraph_id": "001"
      },
      {
        "paragraph_scoreT": [
          2,
          2,
          1.6
        ],
        "paragraph_scoreT_detail": {
          "paragraph_scoreT_exp": [
            [
              2,
              2,
              2
            ],
            [
              2,
              2,
              2
            ],
            [
              2,
              2,
              1
            ]
          ]
        },
        "paragraph_scoreT_avg": 1.8666667,
        "paragraph_id": "002"
      },
      {
        "paragraph_scoreT": [
          2,
          2,
          1.6
        ],
        "paragraph_scoreT_detail": {
          "paragraph_scoreT_exp": [
            [
              2,
              2,
              2
            ],
            [
              2,
              2,
              2
            ],
            [
              2,
              2,
              1
            ]
          ]
        },
        "paragraph_scoreT_avg": 1.8666667,
        "paragraph_id": "003"
      }
    ],
    "essay_scoreT": [
      20,
      20.3,
      18.8
    ],
    "essay_scoreT_avg": 19.699999,
    "essay_scoreT_detail": {
      "essay_scoreT_org": [
        [
          2,
          0,
          2,
          2
        ],
        [
          2,
          0,
          2,
          3
        ],
        [
          2,
          0,
          2,
          2
        ]
      ],
      "essay_scoreT_cont": [
        [
          2,
          2,
          2,
          2
        ],
        [
          2,
          2,
          2,
          2
        ],
        [
          2,
          2,
          2,
          2
        ]
      ],
      "essay_scoreT_exp": [
        [
          2,
          2,
          2
        ],
        [
          2,
          2,
          2
        ],
        [
          2,
          2,
          1
        ]
      ]
    }
  },
  "student": {
    "date": "2021.09.13",
    "student_educated": true,
    "student_grade": "고등_1학년",
    "location": "051",
    "student_grade_group": "고등",
    "student_reading": 2
  },
  "rubric": {
    "essay_grade": "고등_1학년",
    "organization_weight": {
      "org_paragraph": 0,
      "org": 3,
      "org_essay": 6,
      "org_coherence": 3,
      "org_quantity": 1
    },
    "essay_type": "대안제시",
    "content_weight": {
      "con_clearance": 3,
      "con_novelty": 3,
      "con": 4,
      "con_prompt": 1,
      "con_description": 3
    },
    "essay_main_subject": "남녀 갈등 해결 방안",
    "expression_weight": {
      "exp_style": 4,
      "exp_grammar": 2,
      "exp_vocab": 4,
      "exp": 3
    }
  },
  "correction": [],
  "info": {
    "essay_id": "ESSAY_34629",
    "essay_prompt": " 남녀 갈등은 최근 우리 사회에서 가장 뜨거운 이슈 중 하나입니다. 이러한 갈등은 아직 간극을 좁히지 못하고 현재 사회적인 문제로 자리 잡았습니다.\n\n 군 가산점 문제, 일자리 문제 등 여러 가지 비교 자료들을 토대로 토론을 하고 이를 통해 갈등을 해결하고자 하는 노력이 이루어지고 있습니다.\n\n 과거에는 성차별 심했던 시기가 있었습니다. 여자와 남자를 구별 지어 일을 주는 경우도 많았습니다. 하지만, 현재는 여자와 남자라는 성별을 떠나서 나이, 국적을 불문하고 모두에게 평등한 기회를 주기 위해 노력하고 있습니다.\n\n 이렇게 모두의 노력에도 불구하고 아직 해결되지 않았거나 해결될 기미가 보이지 않는 양성평등 문제가 있을까요?\n\n 아주 작은 사소한 일이라도 좋습니다. 여러분이 생각하는 우리 주변의 양성평등 문제를 하나 작성해보고 어떻게 해결할 수 있을지 혹은 무엇이 바뀌어야 해결될 것 같은지 본인의 생각을 설명해주세요. ",
    "essay_type": "대안제시",
    "essay_level": "1",
    "essay_len": 1114,
    "essay_main_subject": "남녀 갈등 해결 방안"
  }
}