{
  "paragraph": [
    {
      "paragraph_txt": "이러한 문제를 해결하기 위해 대안을 생각해보았다#@문장구분# \n첫 번째 시설에서 유발되는 오염물질의 양을 일관된 기준을 합의 하에 정한다.#@문장구분# 그 시설이 있음으로써 벌어드리는 경제적 편익과 부정적인 외부효과 사이에 기준을 정한다.#@문장구분# 기장에 세워질 방산업체는 인체에 해로운 청산가리를 녹이는 공장이라고 한다 제대로 된 규정을 정하지 않는다면 주민들의 건강이 악화될 수 있다.#@문장구분# 정부가 정해준 규칙에 공장은 임하면서 이 규칙을 잘 지키는지 주민들의 충동적인 감시를 하면서 이 규칙을 잘 지키는지 주민들의 능동적인 감시를 통해 의견차이를 맞추어 간다.#@문장구분#\n두 번째는 보조금을 주는 정책을 마련한다. #@문장구분#솔직히 첫 번째로 제시한 대안은 주관적으로 개개인별 느끼는 것이 어렵게 될지도 모른다.#@문장구분# 이와 달리 보조금을 방산업체와의 거리를 비교하여 거리별로 보조금의 액수를 다르게 하여 방산업체에게 부정적인 생각을 되도록 하지 않게 만든다.#@문장구분# 보조금은 정확한 기준에 따라 지급되기 때문에 주민들의 반발이 없을 것이다. #@문장구분#보조금을 지급함으로써 소비를 늘려 지역경제발전에 보탬이 될 수도 있다.#@문장구분#\n세 번째로는 방산업체 관련 일자리를 기장 주민들에게 우선적으로 기회를 주는 정책을 실시한다. #@문장구분#앞에서 기장시 공무원이 방산업체가 설립되면 좋은 장점 중 일자리의 증가로 지역경제가 발전된다고 했다.#@문장구분# 요즘같은 취업불경기에 국가의 시설인 방산업체를 관리하는 일원들을 뽑을 때 우선권을 주어 일자리도 늘어나 취업도 잘되고 지역경제도 발전되는 일석이조의 혜택을 누를 수 있다.#@문장구분# \n물론 지역주민들이 입장으로는 시설이 지역에 들어오지 않는 것이 최선이겠지만 만약 들어오겠다고 거의 확신이 되면 서로서로 피해는 덜 받고 혜택을 받을 수 있게 의견을 능동적으로 수용해야한다. #@문장구분#이런 상황이 부산 기장뿐만 아니라 여러 지역에서 빈번히 일어나는 상황이다.#@문장구분# 자신의 의견만 고집하는 것이 아니라 여러 사람들의 입장을 들어보면서 수용할 것은 수용하고 적극적으로 대항할 것은 대항하여 바람직하게 이 사회현상이 원활하게 해결되었으면 좋겠다.#@문장구분#",
      "paragraph_len": 1301,
      "paragraph_id": "001"
    }
  ],
  "score": {
    "paragraph_score": [
      {
        "paragraph_scoreT": [
          3,
          3,
          3
        ],
        "paragraph_scoreT_detail": {
          "paragraph_scoreT_exp": [
            [
              3,
              3,
              3
            ],
            [
              3,
              3,
              3
            ],
            [
              3,
              3,
              3
            ]
          ]
        },
        "paragraph_scoreT_avg": 3,
        "paragraph_id": "001"
      }
    ],
    "essay_scoreT": [
      28.8,
      24.9,
      24.5
    ],
    "essay_scoreT_avg": 26.066666,
    "essay_scoreT_detail": {
      "essay_scoreT_org": [
        [
          3,
          0,
          3,
          3
        ],
        [
          2,
          0,
          2,
          3
        ],
        [
          2,
          0,
          2,
          3
        ]
      ],
      "essay_scoreT_cont": [
        [
          3,
          2,
          3,
          3
        ],
        [
          3,
          2,
          3,
          2
        ],
        [
          2,
          2,
          2,
          3
        ]
      ],
      "essay_scoreT_exp": [
        [
          3,
          3,
          3
        ],
        [
          3,
          3,
          3
        ],
        [
          3,
          3,
          3
        ]
      ]
    }
  },
  "student": {
    "date": "2021.09.07",
    "student_educated": true,
    "student_grade": "고등_1학년",
    "location": "051",
    "student_grade_group": "고등",
    "student_reading": 1
  },
  "rubric": {
    "essay_grade": "고등_1학년",
    "organization_weight": {
      "org_paragraph": 0,
      "org": 3,
      "org_essay": 6,
      "org_coherence": 3,
      "org_quantity": 1
    },
    "essay_type": "대안제시",
    "content_weight": {
      "con_clearance": 3,
      "con_novelty": 3,
      "con": 4,
      "con_prompt": 1,
      "con_description": 3
    },
    "essay_main_subject": "혐오시설 건설문제에 대한 본인의 생각",
    "expression_weight": {
      "exp_style": 4,
      "exp_grammar": 2,
      "exp_vocab": 4,
      "exp": 3
    }
  },
  "correction": [],
  "info": {
    "essay_id": "ESSAY_33833",
    "essay_prompt": " 혐오 시설이란 지역 주민에게 공포감이나 고통을 주거나, 주변 지역의 쾌적성이 훼손됨으로써 집값이나 땅값이 내려가는 등 부정적인 외부효과를 유발하는 시설을 의미합니다.\n\n 대표적인 혐오 시설에는 쓰레기 매립장, 원자력발전소, 소각장, 유류저장소 등이 있습니다.\n\n 매립지, 소각장, 쓰레기 하치장 같은 혐오 시설은 그리 위험하지는 않지만, 쓰레기를 취급한다는 점에서 혐오감을 주며, 주변 환경오염 문제가 갈등을 일으킵니다. 특히 소각장은 인구밀도가 높은 대도시에 건설된다는 점에서 반대 운동이 일기도 합니다.\n\n 그런데 서로 반대만 하다 보면 입지를 찾지 못해 결국 모든 주민의 삶의 질이 저하될 수 있습니다.\n\n 정부 차원에서 가장 적절한 장소를 선별하여 건설 후 주변 사람들에게 혜택을 주는 방식이 적절한 방법일까요? 아니면 혐오 시설만을 모아둔 부지를 따로 정해서 건설해야 할까요? 아니면 모든 도시가 공평하게 혐오 시설 건설에 대한 부담을 지니고 하나씩 건설해야 할까요?\n\n 모두가 만족할만한 결과를 내기란 정말 어려운 문제이지만 여러분이 생각하는 가장 합리적이고 좋은 방법을 생각해보세요. 그리고 그 방법을 대안으로 제시하고 그 근거에 대해 작성해주세요.",
    "essay_type": "대안제시",
    "essay_level": "1",
    "essay_len": 982,
    "essay_main_subject": "혐오시설 건설문제에 대한 본인의 생각"
  }
}