{
  "paragraph": [
    {
      "paragraph_txt": "요즘 성 문제에 대한 사람들의 인식이 확대되며 예전에는 그리 문제가 되지 않았던 남녀를 가르는 발언, 글귀가 논란으로 재조명되고 있다.#@문장구분# 뿐만 아니라 사람들마다 성 문제를 바라보는 관점과 그들의 가치관이 다르다보니 자신의 생각을 좀 더 자유롭게 표현할 수 있는 SNS 상에서 남녀간의 갈등이 심화되고 있다.#@문장구분# 이러한 문제는 남성과 여성이 대립하고, 서로에 대한 혐오감이 생겨 남성 혐오 단체, 여성 혐오 단체 등 사회적으로도 큰 문제가 된다.#@문장구분#\n 이러한 문제를 해결하기 위해서는 남녀평등에 관한 법이나 정책을 제정하기 보다 사람들의 인식의 변환이 더욱 효과적일 것이다.#@문장구분# 법과 정책도 효과가 있긴 하겠지만, 남녀평등 실현을 목적으로 내세운 정책들이 특정 성별의 권리를 빼앗거나 과도하게 부여하는 특성을 지녀 사람들의 비판을 받은 사례도 충분히 있었다.#@문장구분# '여성할당제'의 경우 그 필요성에 대하여 TV 프로그램 <100분 토론> 에 주제로 선정되기도 하였다.#@문장구분# 따라서 남녀갈등 문제를 해결하기 위해서는, 갈등을 조장하는 사람들을 비롯한 모든 사람이 현재 서로에 대한 인식을 변화할 필요가 있다.#@문장구분#\n 서로에 대한 인식을 변화하기 위해서는 먼저 남성과 여성이 서로간의 차이를 없애기 보다는  이해해야 한다고 생각한다.#@문장구분# 예를 들어 신체적 차이는 여성이 극복하기 힘든 차이 중 하나다.#@문장구분# 그러나 이 차이를 없애려고 한다면 여러가지 상황에서 여성에게 뜻하지 않은 특권이 주어지게 되고, 이에 대해 반발하는 사람들이 있을 것이다.#@문장구분# 나는 남성과 여성이 서로의 차이를 받아들이고, 부족한 부분이 있다면 서로 도와가는 것이 해결책이라 생각한다.#@문장구분# 그리고 남성과 여성의 갈등을 대화로 해결해야 한다고 생각한다.#@문장구분# SNS상에서 여성 혐오 단체와 남성 혐오 단체의 게시물을 보면 각자 사실을 왜곡하여 서로를 까내리는데, 이는 서로의 갈등만 심화될 뿐이다.#@문장구분# 이 문제를 해결하기 위해서는 서로 무시하지 않고 비난하지 않는 대화를 하여 갈등을 풀어야 한다고 생각한다.#@문장구분#",
      "paragraph_len": 1249,
      "paragraph_id": "001"
    }
  ],
  "score": {
    "paragraph_score": [
      {
        "paragraph_scoreT": [
          3,
          3,
          2.6
        ],
        "paragraph_scoreT_detail": {
          "paragraph_scoreT_exp": [
            [
              3,
              3,
              3
            ],
            [
              3,
              3,
              3
            ],
            [
              3,
              3,
              2
            ]
          ]
        },
        "paragraph_scoreT_avg": 2.8666668,
        "paragraph_id": "001"
      }
    ],
    "essay_scoreT": [
      30,
      27.6,
      23.899998
    ],
    "essay_scoreT_avg": 27.166666,
    "essay_scoreT_detail": {
      "essay_scoreT_org": [
        [
          3,
          0,
          3,
          3
        ],
        [
          3,
          0,
          3,
          3
        ],
        [
          2,
          0,
          3,
          2
        ]
      ],
      "essay_scoreT_cont": [
        [
          3,
          3,
          3,
          3
        ],
        [
          3,
          2,
          3,
          2
        ],
        [
          3,
          2,
          2,
          2
        ]
      ],
      "essay_scoreT_exp": [
        [
          3,
          3,
          3
        ],
        [
          3,
          3,
          3
        ],
        [
          3,
          3,
          2
        ]
      ]
    }
  },
  "student": {
    "date": "2021.08.15",
    "student_educated": true,
    "student_grade": "고등_1학년",
    "location": "051",
    "student_grade_group": "고등",
    "student_reading": 1
  },
  "rubric": {
    "essay_grade": "고등_1학년",
    "organization_weight": {
      "org_paragraph": 0,
      "org": 3,
      "org_essay": 6,
      "org_coherence": 3,
      "org_quantity": 1
    },
    "essay_type": "대안제시",
    "content_weight": {
      "con_clearance": 3,
      "con_novelty": 3,
      "con": 4,
      "con_prompt": 1,
      "con_description": 3
    },
    "essay_main_subject": "남녀 갈등 해결 방안",
    "expression_weight": {
      "exp_style": 4,
      "exp_grammar": 2,
      "exp_vocab": 4,
      "exp": 3
    }
  },
  "correction": [],
  "info": {
    "essay_id": "ESSAY_34053",
    "essay_prompt": " 남녀 갈등은 최근 우리 사회에서 가장 뜨거운 이슈 중 하나입니다. 이러한 갈등은 아직 간극을 좁히지 못하고 현재 사회적인 문제로 자리 잡았습니다.\n\n 군 가산점 문제, 일자리 문제 등 여러 가지 비교 자료들을 토대로 토론을 하고 이를 통해 갈등을 해결하고자 하는 노력이 이루어지고 있습니다.\n\n 과거에는 성차별 심했던 시기가 있었습니다. 여자와 남자를 구별 지어 일을 주는 경우도 많았습니다. 하지만, 현재는 여자와 남자라는 성별을 떠나서 나이, 국적을 불문하고 모두에게 평등한 기회를 주기 위해 노력하고 있습니다.\n\n 이렇게 모두의 노력에도 불구하고 아직 해결되지 않았거나 해결될 기미가 보이지 않는 양성평등 문제가 있을까요?\n\n 아주 작은 사소한 일이라도 좋습니다. 여러분이 생각하는 우리 주변의 양성평등 문제를 하나 작성해보고 어떻게 해결할 수 있을지 혹은 무엇이 바뀌어야 해결될 것 같은지 본인의 생각을 설명해주세요. ",
    "essay_type": "대안제시",
    "essay_level": "1",
    "essay_len": 964,
    "essay_main_subject": "남녀 갈등 해결 방안"
  }
}