{
  "paragraph": [
    {
      "paragraph_txt": "시설 입지와 시설의 원활한 운영을 위해서는 혐오시설로 인해 피해를 입는 지역과 혜택을 보는 지역 간의 형평성도모에 관한 기준 등을 마련해야한다.#@문장구분# 피해를 입는 지역의 시설입지 반대의 큰 이유는 환경피해우려, 땅값하락, 기술의 신뢰성이 떨어지는 것들이 있다.#@문장구분# 그 지역 주민들과 환경협약을 맺거나 기술의 신뢰성등을 보여주여 주민들의 피해를 최소화 하는 것이 필요하다.#@문장구분# 혜택을 보는 지역은 피해입는 지역에게 일정량의 보상을 하는 등의 형평성을 유지시킨다.#@문장구분# 두 번째로 시설입지의 공개가 필요하다.#@문장구분# 지금까지 혐오시설 건설에 있어서는 주민들이 알 경우 입지지연, 주민들과의 분쟁을 이유로 비밀리에 진행되던 경우가 많았다.#@문장구분#하지만 춘천시나 다른 지역들의 쓰레기 매립지 등의 사례들처럼 시설의 입지와 운영에 있어 주민들이 참여하는 것이 필요하다. #@문장구분#시설입지에 대해 주민들과 시자체가 의논하여 결정하고 주민들과 환경단체가 함께 하여 의견을 냈을 때 긍정적인 효과가 발생할 수 있다는 것을 인지해야한다.#@문장구분# 시설을 운영할 때는 주민들이 감시함으로써 주민 참여와 같은 실질적인 해결 방안이 필요하다. #@문장구분#마지막으로 혐오 시설을 새로운 모습으로 탈바꿈 하는 것이다.#@문장구분# 대표적인 사례로는 일본 오사카의 마이시마 소각장이 있다.#@문장구분# 소각장의 외관을 알록달록한 곡선형의 모습으로 꾸며 놀이공원 같은 모습을 줬을 뿐 아니라 내부도 체험시설로 꾸며놓았다.#@문장구분# 소각장 견학을 통해 올바른 분리수거법을 배우고 쓰레기를 줄이도록 한다.#@문장구분# 또한 소각장으로 들어오는 가구 중 쓸 만한 것은 주민들이 가져갈 수 있게끔 하며, 소각장 옆에 노인복지센터, 온천, 목욕탕 등의 시설을 설치하여 주민들의 신뢰 뿐만 아니라 관광명소로 자리 잡았다.#@문장구분# 이처럼 우리나라의 여러 시설도 체험관처럼 꾸민다면 외관상의 문제도 해결할 수 있고 관광명소로 자리잡는다면 땅값하락의 문제도 해결될 것이다.#@문장구분# 소각장이나 매립지같은 시설은 어딘가에 설치가 필요하다. #@문장구분#주민들과 시자체 간의 갈등을 줄이기 위해서는 서로의 입장에 대한 배려가 가장 필요하다고 생각한다.#@문장구분#",
      "paragraph_len": 1329,
      "paragraph_id": "001"
    }
  ],
  "score": {
    "paragraph_score": [
      {
        "paragraph_scoreT": [
          3,
          3,
          3
        ],
        "paragraph_scoreT_detail": {
          "paragraph_scoreT_exp": [
            [
              3,
              3,
              3
            ],
            [
              3,
              3,
              3
            ],
            [
              3,
              3,
              3
            ]
          ]
        },
        "paragraph_scoreT_avg": 3,
        "paragraph_id": "001"
      }
    ],
    "essay_scoreT": [
      28.5,
      24.2,
      25.800001
    ],
    "essay_scoreT_avg": 26.166666,
    "essay_scoreT_detail": {
      "essay_scoreT_org": [
        [
          3,
          0,
          3,
          2
        ],
        [
          2,
          0,
          2,
          2
        ],
        [
          2,
          0,
          3,
          3
        ]
      ],
      "essay_scoreT_cont": [
        [
          3,
          2,
          3,
          3
        ],
        [
          3,
          2,
          2,
          2
        ],
        [
          2,
          3,
          3,
          2
        ]
      ],
      "essay_scoreT_exp": [
        [
          3,
          3,
          3
        ],
        [
          3,
          3,
          3
        ],
        [
          3,
          3,
          3
        ]
      ]
    }
  },
  "student": {
    "date": "2021.09.07",
    "student_educated": true,
    "student_grade": "고등_1학년",
    "location": "051",
    "student_grade_group": "고등",
    "student_reading": 1
  },
  "rubric": {
    "essay_grade": "고등_1학년",
    "organization_weight": {
      "org_paragraph": 0,
      "org": 3,
      "org_essay": 6,
      "org_coherence": 3,
      "org_quantity": 1
    },
    "essay_type": "대안제시",
    "content_weight": {
      "con_clearance": 3,
      "con_novelty": 3,
      "con": 4,
      "con_prompt": 1,
      "con_description": 3
    },
    "essay_main_subject": "혐오시설 건설문제에 대한 본인의 생각",
    "expression_weight": {
      "exp_style": 4,
      "exp_grammar": 2,
      "exp_vocab": 4,
      "exp": 3
    }
  },
  "correction": [],
  "info": {
    "essay_id": "ESSAY_33867",
    "essay_prompt": " 혐오 시설이란 지역 주민에게 공포감이나 고통을 주거나, 주변 지역의 쾌적성이 훼손됨으로써 집값이나 땅값이 내려가는 등 부정적인 외부효과를 유발하는 시설을 의미합니다.\n\n 대표적인 혐오 시설에는 쓰레기 매립장, 원자력발전소, 소각장, 유류저장소 등이 있습니다.\n\n 매립지, 소각장, 쓰레기 하치장 같은 혐오 시설은 그리 위험하지는 않지만, 쓰레기를 취급한다는 점에서 혐오감을 주며, 주변 환경오염 문제가 갈등을 일으킵니다. 특히 소각장은 인구밀도가 높은 대도시에 건설된다는 점에서 반대 운동이 일기도 합니다.\n\n 그런데 서로 반대만 하다 보면 입지를 찾지 못해 결국 모든 주민의 삶의 질이 저하될 수 있습니다.\n\n 정부 차원에서 가장 적절한 장소를 선별하여 건설 후 주변 사람들에게 혜택을 주는 방식이 적절한 방법일까요? 아니면 혐오 시설만을 모아둔 부지를 따로 정해서 건설해야 할까요? 아니면 모든 도시가 공평하게 혐오 시설 건설에 대한 부담을 지니고 하나씩 건설해야 할까요?\n\n 모두가 만족할만한 결과를 내기란 정말 어려운 문제이지만 여러분이 생각하는 가장 합리적이고 좋은 방법을 생각해보세요. 그리고 그 방법을 대안으로 제시하고 그 근거에 대해 작성해주세요.",
    "essay_type": "대안제시",
    "essay_level": "1",
    "essay_len": 992,
    "essay_main_subject": "혐오시설 건설문제에 대한 본인의 생각"
  }
}