{
  "paragraph": [
    {
      "paragraph_txt": "지역 주민에게 공포감이나 고통을 주거나, 주변 지역의 쾌적성이 훼손됨으로써 집값이나  땅값이 내려가는 등 부정적인 외부효과를 유발하는 시설을 의미하는 혐오시설.#@문장구분# 대표적인 혐오시설에는 쓰레기 매립장, 원자력발전소, 소각장, 유류저장소 등등이 있는데 저는 이러한 혐오시설 건설문제에 대하여 대안을 생각해 보았습니다.#@문장구분# 가장먼저 매우 간단한 방법인데, 혐오시설을 도시의 외곽에 설치하는 것입니다.#@문장구분# 물론 이런경우라면 도시외곽에 거주하는 주민들은 당연히 반대하겠지만 그런 주민분들에게 보상금을  지원해준다면 외곽에 설치할수 있습니다.#@문장구분# 도시에 설치해가면서 도시주민들에게 보상을 해주게 된다면 당연히 인구밀도가 높은 도시에서 더 많은 자본이 소비되어 보상을 해주겠지만 도시의 외곽이라면 인구밀도가 낮기 때문에 비교적 저비용으로 효율을 낼수 있습니다.#@문장구분# 이러한 방법을 통한다면 단점으로는 해당 도시에서 발생된 각종 폐기물 처리의 경우 해당 처리시설로 옮기는데 발생하는 추가적인 비용이 있을 수 있으나 그 정도는 미미하다고 판단되므로 여러 가지 주변시설의 값어치나 미관, 또 보상금 등등을 고려해 보았을 때 가장 쉽고 빠르며 효율적인 방법이라고 판단됩니다.#@문장구분# 두 번째 방법으로는 혐오시설로만 이루어진 구역을 만드는 것은 어떠할까 생각해보았는데 먼저 장점으로는 각종 혐오시설들이 한곳에 모이게 된다면 해당 혐오시설로 인해서 고통받는  주민들 또한 줄어 들것이며 비슷한 부류의 건축물들이 모여있기 때문에 하나의 인프라 정비로 여러 가지 건축물들이 효과를 누릴수 있어 효과적입니다.#@문장구분#예를 들자면 유류 저장고가 특정 구역에 몰려있다면 유류저장고 차량이 번거롭게 여러군데를 돌 필요없이 한번의 운행으로 효율적인 저장을 할수도 있으며 쓰레기 소각장의 경우에도 쓰레기차량 또한 한번의 운행으로 처리가 가능하듯이 도로 라는 인프라 구축을 통해 여러 가지 시설들이 효율적으로 가동될수 있다는 것이 장점이라고 생각합니다. #@문장구분#이러한 대안들을 생각해 보았습니다.#@문장구분#",
      "paragraph_len": 1140,
      "paragraph_id": "001"
    }
  ],
  "score": {
    "paragraph_score": [
      {
        "paragraph_scoreT": [
          2.6,
          3,
          3
        ],
        "paragraph_scoreT_detail": {
          "paragraph_scoreT_exp": [
            [
              3,
              3,
              2
            ],
            [
              3,
              3,
              3
            ],
            [
              3,
              3,
              3
            ]
          ]
        },
        "paragraph_scoreT_avg": 2.8666668,
        "paragraph_id": "001"
      }
    ],
    "essay_scoreT": [
      24.9,
      27,
      25.4
    ],
    "essay_scoreT_avg": 25.766668,
    "essay_scoreT_detail": {
      "essay_scoreT_org": [
        [
          2,
          0,
          2,
          3
        ],
        [
          2,
          0,
          3,
          3
        ],
        [
          2,
          0,
          2,
          2
        ]
      ],
      "essay_scoreT_cont": [
        [
          3,
          2,
          3,
          3
        ],
        [
          3,
          2,
          3,
          3
        ],
        [
          3,
          2,
          2,
          3
        ]
      ],
      "essay_scoreT_exp": [
        [
          3,
          3,
          2
        ],
        [
          3,
          3,
          3
        ],
        [
          3,
          3,
          3
        ]
      ]
    }
  },
  "student": {
    "date": "2021.08.03",
    "student_educated": true,
    "student_grade": "고등_1학년",
    "location": "063",
    "student_grade_group": "고등",
    "student_reading": 2
  },
  "rubric": {
    "essay_grade": "고등_1학년",
    "organization_weight": {
      "org_paragraph": 0,
      "org": 3,
      "org_essay": 6,
      "org_coherence": 3,
      "org_quantity": 1
    },
    "essay_type": "대안제시",
    "content_weight": {
      "con_clearance": 3,
      "con_novelty": 3,
      "con": 4,
      "con_prompt": 1,
      "con_description": 3
    },
    "essay_main_subject": "혐오시설 건설문제에 대한 본인의 생각",
    "expression_weight": {
      "exp_style": 4,
      "exp_grammar": 2,
      "exp_vocab": 4,
      "exp": 3
    }
  },
  "correction": [],
  "info": {
    "essay_id": "ESSAY_36385",
    "essay_prompt": " 혐오 시설이란 지역 주민에게 공포감이나 고통을 주거나, 주변 지역의 쾌적성이 훼손됨으로써 집값이나 땅값이 내려가는 등 부정적인 외부효과를 유발하는 시설을 의미합니다.\n\n 대표적인 혐오 시설에는 쓰레기 매립장, 원자력발전소, 소각장, 유류저장소 등이 있습니다.\n\n 매립지, 소각장, 쓰레기 하치장 같은 혐오 시설은 그리 위험하지는 않지만, 쓰레기를 취급한다는 점에서 혐오감을 주며, 주변 환경오염 문제가 갈등을 일으킵니다. 특히 소각장은 인구밀도가 높은 대도시에 건설된다는 점에서 반대 운동이 일기도 합니다.\n\n 그런데 서로 반대만 하다 보면 입지를 찾지 못해 결국 모든 주민의 삶의 질이 저하될 수 있습니다.\n\n 정부 차원에서 가장 적절한 장소를 선별하여 건설 후 주변 사람들에게 혜택을 주는 방식이 적절한 방법일까요? 아니면 혐오 시설만을 모아둔 부지를 따로 정해서 건설해야 할까요? 아니면 모든 도시가 공평하게 혐오 시설 건설에 대한 부담을 지니고 하나씩 건설해야 할까요?\n\n 모두가 만족할만한 결과를 내기란 정말 어려운 문제이지만 여러분이 생각하는 가장 합리적이고 좋은 방법을 생각해보세요. 그리고 그 방법을 대안으로 제시하고 그 근거에 대해 작성해주세요.",
    "essay_type": "대안제시",
    "essay_level": "1",
    "essay_len": 961,
    "essay_main_subject": "혐오시설 건설문제에 대한 본인의 생각"
  }
}