{
  "paragraph": [
    {
      "paragraph_txt": "동물장묘시설을 건설함으로써 발생하는 여러 가지 문제들을 해결하기 위한 대안이 몇 가지 있다.#@문장구분# ",
      "paragraph_len": 72,
      "paragraph_id": "001"
    },
    {
      "paragraph_txt": "첫 번째로, 동물장묘시설을 단순하게 동물들이 장례식을 치르는 공간으로만 사용하기보다는 동물들과 함께 산책할 수 있는 산책로를 만들거나, 애견 미용실, 반려동물과 함께 뛰어놀 수 있는 놀이터를 만드는 등의 복합적인 편의시설로 만드는 것이다.#@문장구분# 화성시에서는 이미 쓰레기 매립장을 우리가 흔히 생각하는 쓰레기 매립장보다는 예술관이 연상되는 디자인으로 건축하고 주민들이 참여할 수 있는 여러 프로그램을 운영하여 주민들은 쓰레기 매립장이 들어온 것에 긍정적인 반응을 보였고, 만족해했다.#@문장구분# 이처럼 울산의 한 지역에 들어올 장묘시설도 복합적인 편의시설로 들어온다면 주민들의 반발이 조금은 줄어들 것이다.#@문장구분#",
      "paragraph_len": 389,
      "paragraph_id": "002"
    },
    {
      "paragraph_txt": "두 번째로, 음식물 자원화 시설로 인해 악취가 심했는데 장묘시설까지 들어온다면 악취가 더욱 심해져 주민들의 삶의 질이 낮아진다.#@문장구분# 그래서 이를 해결하기 위해서는 악취를 줄일 수 있는 모든 기술과 개선공사를 정부에서 지원해 주는 것이다.#@문장구분# 이렇다면 악취가 전보다 확연하게 줄어들 것이다.#@문장구분# ",
      "paragraph_len": 218,
      "paragraph_id": "003"
    },
    {
      "paragraph_txt": "세 번째로, 매해 반려동물을 키우는 사람이 증가하고 있지만 동물 장묘 시설은 턱없이 부족하고 추가적으로 건설되지 않는다면 많은 죽은 동물들이 쓰레기 봉투에 버려질 것이기에 동물장묘시설은 혐오시설이 아니라 우리에게 꼭 필요한 필요시설이라는 인식으로 개선할 수 있도록 다양한 프로그램을 운영하거나 캠페인 활동을 하는 등의 노력을 해야 한다.#@문장구분#",
      "paragraph_len": 208,
      "paragraph_id": "004"
    },
    {
      "paragraph_txt": "네 번째로, 지역주민들이 혐오시설이 그 지역에 있는 만큼 많은 피해를 입게됨으로 지역주민들은 다른 지역주민과는 달리 여러 혜택을 주는 것이다.#@문장구분# 예를 들면, 장묘할 때 필요한 배용을 할인하는 것이다.#@문장구분# 이러한 대안들로 위 문제 상황으로 해결한다면 원활하게 해결될 것이다.#@문장구분#",
      "paragraph_len": 209,
      "paragraph_id": "005"
    }
  ],
  "score": {
    "paragraph_score": [
      {
        "paragraph_scoreT": [
          3,
          3,
          2
        ],
        "paragraph_scoreT_detail": {
          "paragraph_scoreT_exp": [
            [
              3,
              3,
              3
            ],
            [
              3,
              3,
              3
            ],
            [
              2,
              2,
              2
            ]
          ]
        },
        "paragraph_scoreT_avg": 2.6666667,
        "paragraph_id": "001"
      },
      {
        "paragraph_scoreT": [
          3,
          3,
          2
        ],
        "paragraph_scoreT_detail": {
          "paragraph_scoreT_exp": [
            [
              3,
              3,
              3
            ],
            [
              3,
              3,
              3
            ],
            [
              2,
              2,
              2
            ]
          ]
        },
        "paragraph_scoreT_avg": 2.6666667,
        "paragraph_id": "002"
      },
      {
        "paragraph_scoreT": [
          3,
          3,
          2.8
        ],
        "paragraph_scoreT_detail": {
          "paragraph_scoreT_exp": [
            [
              3,
              3,
              3
            ],
            [
              3,
              3,
              3
            ],
            [
              2,
              3,
              3
            ]
          ]
        },
        "paragraph_scoreT_avg": 2.9333334,
        "paragraph_id": "003"
      },
      {
        "paragraph_scoreT": [
          3,
          3,
          2.4
        ],
        "paragraph_scoreT_detail": {
          "paragraph_scoreT_exp": [
            [
              3,
              3,
              3
            ],
            [
              3,
              3,
              3
            ],
            [
              2,
              3,
              2
            ]
          ]
        },
        "paragraph_scoreT_avg": 2.8,
        "paragraph_id": "004"
      },
      {
        "paragraph_scoreT": [
          3,
          2.6,
          2
        ],
        "paragraph_scoreT_detail": {
          "paragraph_scoreT_exp": [
            [
              3,
              3,
              3
            ],
            [
              3,
              2,
              3
            ],
            [
              2,
              2,
              2
            ]
          ]
        },
        "paragraph_scoreT_avg": 2.5333333,
        "paragraph_id": "005"
      }
    ],
    "essay_scoreT": [
      29.6,
      28.8,
      22.1
    ],
    "essay_scoreT_avg": 26.833334,
    "essay_scoreT_detail": {
      "essay_scoreT_org": [
        [
          3,
          0,
          3,
          3
        ],
        [
          3,
          0,
          3,
          3
        ],
        [
          3,
          0,
          2,
          3
        ]
      ],
      "essay_scoreT_cont": [
        [
          3,
          3,
          2,
          3
        ],
        [
          3,
          2,
          3,
          3
        ],
        [
          2,
          2,
          2,
          2
        ]
      ],
      "essay_scoreT_exp": [
        [
          3,
          3,
          3
        ],
        [
          3,
          3,
          3
        ],
        [
          2,
          2,
          2
        ]
      ]
    }
  },
  "student": {
    "date": "2021.09.07",
    "student_educated": true,
    "student_grade": "고등_1학년",
    "location": "051",
    "student_grade_group": "고등",
    "student_reading": 3
  },
  "rubric": {
    "essay_grade": "고등_1학년",
    "organization_weight": {
      "org_paragraph": 0,
      "org": 3,
      "org_essay": 6,
      "org_coherence": 3,
      "org_quantity": 1
    },
    "essay_type": "대안제시",
    "content_weight": {
      "con_clearance": 3,
      "con_novelty": 3,
      "con": 4,
      "con_prompt": 1,
      "con_description": 3
    },
    "essay_main_subject": "혐오시설 건설문제에 대한 본인의 생각",
    "expression_weight": {
      "exp_style": 4,
      "exp_grammar": 2,
      "exp_vocab": 4,
      "exp": 3
    }
  },
  "correction": [],
  "info": {
    "essay_id": "ESSAY_33795",
    "essay_prompt": " 혐오 시설이란 지역 주민에게 공포감이나 고통을 주거나, 주변 지역의 쾌적성이 훼손됨으로써 집값이나 땅값이 내려가는 등 부정적인 외부효과를 유발하는 시설을 의미합니다.\n\n 대표적인 혐오 시설에는 쓰레기 매립장, 원자력발전소, 소각장, 유류저장소 등이 있습니다.\n\n 매립지, 소각장, 쓰레기 하치장 같은 혐오 시설은 그리 위험하지는 않지만, 쓰레기를 취급한다는 점에서 혐오감을 주며, 주변 환경오염 문제가 갈등을 일으킵니다. 특히 소각장은 인구밀도가 높은 대도시에 건설된다는 점에서 반대 운동이 일기도 합니다.\n\n 그런데 서로 반대만 하다 보면 입지를 찾지 못해 결국 모든 주민의 삶의 질이 저하될 수 있습니다.\n\n 정부 차원에서 가장 적절한 장소를 선별하여 건설 후 주변 사람들에게 혜택을 주는 방식이 적절한 방법일까요? 아니면 혐오 시설만을 모아둔 부지를 따로 정해서 건설해야 할까요? 아니면 모든 도시가 공평하게 혐오 시설 건설에 대한 부담을 지니고 하나씩 건설해야 할까요?\n\n 모두가 만족할만한 결과를 내기란 정말 어려운 문제이지만 여러분이 생각하는 가장 합리적이고 좋은 방법을 생각해보세요. 그리고 그 방법을 대안으로 제시하고 그 근거에 대해 작성해주세요.",
    "essay_type": "대안제시",
    "essay_level": "1",
    "essay_len": 885,
    "essay_main_subject": "혐오시설 건설문제에 대한 본인의 생각"
  }
}