{
  "paragraph": [
    {
      "paragraph_txt": "혐오시설이 정말 주민들에게 큰 불편을 끼치고 주민들의 안전과 건강에 위협이 되는 경우도 있지만 그렇지 않은 경우도 많다.#@문장구분# 따라서 각 시설들이 안전하게 관리될 것이며 혐오시설과 지역주민들이 함께 살아갈 수 있다는 사실을 지역주민들에게 적극적으로 홍보해야 한다.#@문장구분# 특히 이미 설치된 혐오시설을 투명하고 안전하게 관리하는 것이 중요하다.#@문장구분# 혐오시설이 올바르게 관리하는 것은 시설의 설립취지와 목적을 달성하는 과정일 뿐만 아니라 해당시설에 대한 지역주민들의 반감을 줄이는 데에도 큰 도움이 될 것이다.#@문장구분# \n 또한 혐오시설 설치와 그에 따른 인센티브라는 결과에만 집중하기 보다는 정부와 주민간의 적극적인 소통이 필요하다.#@문장구분# YTN사이언스의 보도 자료에 따르면 시설을 설치하고자 하는 정부 측에서는 혐오시설과 인센티브 등 결과를 중요하게 생각하는 반면, 주민 측에서는 시설 설치에 관한 논의와 소통 등의 과정을 더 중요하게 여긴다는 것을 알 수 있다.#@문장구분# 그러므로 시설을 설치하고자 하는 정부 측과 주민 측은 장애인 관련 시설을 장애인 취업활동과 연계한 지역 카페테리아로 활용하거나 쓰레기 소각장 폐열을 주민편의를 위해 사용하는 등 혐오시설을 다른 방향으로 활용할 수 없는지, 혹은 혐오시설로 인해 발생하는 주민 불편을 줄이는 방법은 없는지 적극적으로 소통해야 한다.#@문장구분#",
      "paragraph_len": 781,
      "paragraph_id": "001"
    }
  ],
  "score": {
    "paragraph_score": [
      {
        "paragraph_scoreT": [
          3,
          2.2,
          2.4
        ],
        "paragraph_scoreT_detail": {
          "paragraph_scoreT_exp": [
            [
              3,
              3,
              3
            ],
            [
              3,
              2,
              2
            ],
            [
              2,
              3,
              2
            ]
          ]
        },
        "paragraph_scoreT_avg": 2.5333333,
        "paragraph_id": "001"
      }
    ],
    "essay_scoreT": [
      29.7,
      21.8,
      22.1
    ],
    "essay_scoreT_avg": 24.533333,
    "essay_scoreT_detail": {
      "essay_scoreT_org": [
        [
          3,
          0,
          3,
          2
        ],
        [
          2,
          0,
          2,
          2
        ],
        [
          2,
          0,
          3,
          2
        ]
      ],
      "essay_scoreT_cont": [
        [
          3,
          3,
          3,
          3
        ],
        [
          3,
          2,
          2,
          2
        ],
        [
          2,
          2,
          2,
          2
        ]
      ],
      "essay_scoreT_exp": [
        [
          3,
          3,
          3
        ],
        [
          3,
          2,
          2
        ],
        [
          2,
          3,
          2
        ]
      ]
    }
  },
  "student": {
    "date": "2021.09.06",
    "student_educated": true,
    "student_grade": "고등_1학년",
    "location": "051",
    "student_grade_group": "고등",
    "student_reading": 1
  },
  "rubric": {
    "essay_grade": "고등_1학년",
    "organization_weight": {
      "org_paragraph": 0,
      "org": 3,
      "org_essay": 6,
      "org_coherence": 3,
      "org_quantity": 1
    },
    "essay_type": "대안제시",
    "content_weight": {
      "con_clearance": 3,
      "con_novelty": 3,
      "con": 4,
      "con_prompt": 1,
      "con_description": 3
    },
    "essay_main_subject": "혐오시설 건설문제에 대한 본인의 생각",
    "expression_weight": {
      "exp_style": 4,
      "exp_grammar": 2,
      "exp_vocab": 4,
      "exp": 3
    }
  },
  "correction": [],
  "info": {
    "essay_id": "ESSAY_34364",
    "essay_prompt": " 혐오 시설이란 지역 주민에게 공포감이나 고통을 주거나, 주변 지역의 쾌적성이 훼손됨으로써 집값이나 땅값이 내려가는 등 부정적인 외부효과를 유발하는 시설을 의미합니다.\n\n 대표적인 혐오 시설에는 쓰레기 매립장, 원자력발전소, 소각장, 유류저장소 등이 있습니다.\n\n 매립지, 소각장, 쓰레기 하치장 같은 혐오 시설은 그리 위험하지는 않지만, 쓰레기를 취급한다는 점에서 혐오감을 주며, 주변 환경오염 문제가 갈등을 일으킵니다. 특히 소각장은 인구밀도가 높은 대도시에 건설된다는 점에서 반대 운동이 일기도 합니다.\n\n 그런데 서로 반대만 하다 보면 입지를 찾지 못해 결국 모든 주민의 삶의 질이 저하될 수 있습니다.\n\n 정부 차원에서 가장 적절한 장소를 선별하여 건설 후 주변 사람들에게 혜택을 주는 방식이 적절한 방법일까요? 아니면 혐오 시설만을 모아둔 부지를 따로 정해서 건설해야 할까요? 아니면 모든 도시가 공평하게 혐오 시설 건설에 대한 부담을 지니고 하나씩 건설해야 할까요?\n\n 모두가 만족할만한 결과를 내기란 정말 어려운 문제이지만 여러분이 생각하는 가장 합리적이고 좋은 방법을 생각해보세요. 그리고 그 방법을 대안으로 제시하고 그 근거에 대해 작성해주세요.",
    "essay_type": "대안제시",
    "essay_level": "1",
    "essay_len": 642,
    "essay_main_subject": "혐오시설 건설문제에 대한 본인의 생각"
  }
}