{
  "paragraph": [
    {
      "paragraph_txt": "예전 티브이 뉴스에서 원자력발전소 건설을 앞두고 주민들이 항의 하는 뉴스를 본적이있다.#@문장구분# 주민들은 격렬하게 항의했던 것으로 기억한다.#@문장구분# 어느 누구도 혐오시설이 집근처에 들어오는 것을 좋아하지는 않을 것이다.#@문장구분# 그렇다고 이런 시설들이 없을 수는 없다.#@문장구분# 왜냐하면 우리 생활에 있어 필수불가결한 시설들이기 때문이다.#@문장구분# 만약 이런 시설들의 건설을 계속해서 반대한다면 곧 그 피해는 우리 모두가 짊어지게 될 것이다.#@문장구분# 그러면 이런시설은 어디에 건설해야 할까?#@문장구분# 가장큰 문제는 집값이 비싸고 잘 사는 사람들이 있는 지역은 그 영향력이 크니 이런 시설들이 들어서지 않고 못살고 먹고 살기 바빠 항의 조차 할 수 없는 빈민층이거나 소규모 지역으로 몰릴 수 밖에 없다.#@문장구분# 이런 현상은 결국 우리사회의 차별과 편견을 만들 수 밖에 없다.#@문장구분# 그렇다면 이런 혐오시설은 어디에 건설을 해야 할까?#@문장구분# 문제는 어디가 아닌 것 같다.#@문장구분# 혐오시설에 대한 이미지를 개선하는 수 밖에는 없다.#@문장구분# 미관상 안좋은 혐오시설등은 아이디어를 내어 누가 보아도 미관상 좋지 않다는 인상을 주지 않는 공간으로 만들면 될 것 같다.#@문장구분# 소각장의 외벽을 아름답게 꾸민다던지 냄새가 나지 않는 장치를 한다던지.#@문장구분# 여러가시 시설들에 대한 보완을 만들고 그 시설이 들어오면 많은 혜택을 주민들에게 돌려준다면 크게 거부하지 않을 것이다.#@문장구분# 또한 위험시설에 대한 문제는 국가예산을 들여 안전성을 확보함으로써 신뢰감을 쌓고 한편으로는 만약에 위험이 발생했을 경우 그 손해에 대한 담보를 확실하게 해준다면 어느정도 혐오시설에 대한 반감을 줄어들게 해줄것이라고 생각한다.#@문장구분# 우리 삶을 살아가는데 꼭 필요한 혐오시설들. 국가의 관심과 다양한 해결방안을 제시하면 해결될거라 본다.#@문장구분# 이러한 방법들로 어서 빨리 이러한 문제가 해결되어 서로 화합하고 배려하는 사회가 되었으면 좋겠다.#@문장구분# 그러면 평화롭고 행복한 사회가 될 것이다.#@문장구분# 혐오시설에 대한 인식도 좋아지고 서로 배려하는 사회가 될 것이다.#@문장구분#",
      "paragraph_len": 1346,
      "paragraph_id": "001"
    }
  ],
  "score": {
    "paragraph_score": [
      {
        "paragraph_scoreT": [
          3,
          3,
          3
        ],
        "paragraph_scoreT_detail": {
          "paragraph_scoreT_exp": [
            [
              3,
              3,
              3
            ],
            [
              3,
              3,
              3
            ],
            [
              3,
              3,
              3
            ]
          ]
        },
        "paragraph_scoreT_avg": 3,
        "paragraph_id": "001"
      }
    ],
    "essay_scoreT": [
      28.8,
      28.8,
      30
    ],
    "essay_scoreT_avg": 29.199999,
    "essay_scoreT_detail": {
      "essay_scoreT_org": [
        [
          3,
          0,
          3,
          3
        ],
        [
          3,
          0,
          3,
          3
        ],
        [
          3,
          0,
          3,
          3
        ]
      ],
      "essay_scoreT_cont": [
        [
          3,
          2,
          3,
          3
        ],
        [
          3,
          2,
          3,
          3
        ],
        [
          3,
          3,
          3,
          3
        ]
      ],
      "essay_scoreT_exp": [
        [
          3,
          3,
          3
        ],
        [
          3,
          3,
          3
        ],
        [
          3,
          3,
          3
        ]
      ]
    }
  },
  "student": {
    "date": "2021.11.19",
    "student_educated": true,
    "student_grade": "고등_1학년",
    "location": "063",
    "student_grade_group": "고등",
    "student_reading": 1
  },
  "rubric": {
    "essay_grade": "고등_1학년",
    "organization_weight": {
      "org_paragraph": 0,
      "org": 3,
      "org_essay": 6,
      "org_coherence": 3,
      "org_quantity": 1
    },
    "essay_type": "대안제시",
    "content_weight": {
      "con_clearance": 3,
      "con_novelty": 3,
      "con": 4,
      "con_prompt": 1,
      "con_description": 3
    },
    "essay_main_subject": "혐오시설 건설문제에 대한 본인의 생각",
    "expression_weight": {
      "exp_style": 4,
      "exp_grammar": 2,
      "exp_vocab": 4,
      "exp": 3
    }
  },
  "correction": [],
  "info": {
    "essay_id": "ESSAY_47325",
    "essay_prompt": " 혐오 시설이란 지역 주민에게 공포감이나 고통을 주거나, 주변 지역의 쾌적성이 훼손됨으로써 집값이나 땅값이 내려가는 등 부정적인 외부효과를 유발하는 시설을 의미합니다.\n\n 대표적인 혐오 시설에는 쓰레기 매립장, 원자력발전소, 소각장, 유류저장소 등이 있습니다.\n\n 매립지, 소각장, 쓰레기 하치장 같은 혐오 시설은 그리 위험하지는 않지만, 쓰레기를 취급한다는 점에서 혐오감을 주며, 주변 환경오염 문제가 갈등을 일으킵니다. 특히 소각장은 인구밀도가 높은 대도시에 건설된다는 점에서 반대 운동이 일기도 합니다.\n\n 그런데 서로 반대만 하다 보면 입지를 찾지 못해 결국 모든 주민의 삶의 질이 저하될 수 있습니다.\n\n 정부 차원에서 가장 적절한 장소를 선별하여 건설 후 주변 사람들에게 혜택을 주는 방식이 적절한 방법일까요? 아니면 혐오 시설만을 모아둔 부지를 따로 정해서 건설해야 할까요? 아니면 모든 도시가 공평하게 혐오 시설 건설에 대한 부담을 지니고 하나씩 건설해야 할까요?\n\n 모두가 만족할만한 결과를 내기란 정말 어려운 문제이지만 여러분이 생각하는 가장 합리적이고 좋은 방법을 생각해보세요. 그리고 그 방법을 대안으로 제시하고 그 근거에 대해 작성해주세요.",
    "essay_type": "대안제시",
    "essay_level": "1",
    "essay_len": 946,
    "essay_main_subject": "혐오시설 건설문제에 대한 본인의 생각"
  }
}