{
  "paragraph": [
    {
      "paragraph_txt": "미국만 해도 그렇다. 그들은 'Ladies and Gentlemen'이라고 말한다.#@문장구분# 그것을 또 우리는 '신사숙녀 여러분'으로 해석한다.#@문장구분# 나는 우리나라가 미국처럼 선진국이 되려면 남자보다는 여자를 더 중요시해주어야 한다고 생각한다.#@문장구분# 신체적으로도 여자들보다 힘이 센 남자들은 여자들을 보호해 주어야하고 억압되어 있던 여자들은 자신의 능력과 갖은 끼를 발산할 수 있어야 한다.#@문장구분# 여자들은 이미 많은 차별을 겪고 있다.#@문장구분# 특히 어르신들의 남자를 무조건 적으로 우선시하는 경향이 누그러지지 않을 듯 하다.#@문장구분# 지금도 변하고 있는 추세처럼은 보이나, 우리 집안의 할머니만 봐도 여태 뿌리가 사라지지 않은 것만 같아 안타깝다.#@문장구분# 어쩔 수 없는 것이 아니라 반드시 극복 해 나가야할 일이라고 생각한다.#@문장구분# 남녀 차별이 심해질수록 남녀 간의 대립과 반목은 더 심해질 것이고 사회에 악영향을 끼치게 될 수도 있기 때문이다.#@문장구분# 나는 이 양성평등 글짓기를 하며 양성평등이 얼마나 부족하고 얼마나 필요한가에 대하여 절실히 깨닫게 되었고, 양성평등을 하기 위한 실천을 하려면 실천의지가 가장 중요하다는 것도 깨달았다. #@문장구분#그리고 비록 일상생활에서 양성평등을 찾기는 힘들겠지만 늘 생활화 시키면 적어도 한 가지는 찾을 수 있을 것이다.#@문장구분# 그리고 일상생활에서도 반영해 노력 해야한다.#@문장구분# 이렇게 조금씩 조금씩 반영하다 보면 언젠가는 남자와 여자가 서로 사랑하고 아껴주고 배려해주는 그런 사회가 올 것이라 믿는다.#@문장구분# 그런 사회가 오면 이제 더 이상 싸우고 욕하고 비방하고 헐뜯는 그런 사회가 사라지고 서로 아껴주고 배려해주고 사랑해주는 그런 사회가 올 것이라고 나는 믿는다.#@문장구분#",
      "paragraph_len": 1074,
      "paragraph_id": "001"
    }
  ],
  "score": {
    "paragraph_score": [
      {
        "paragraph_scoreT": [
          2.6,
          3,
          2.8
        ],
        "paragraph_scoreT_detail": {
          "paragraph_scoreT_exp": [
            [
              3,
              2,
              3
            ],
            [
              3,
              3,
              3
            ],
            [
              2,
              3,
              3
            ]
          ]
        },
        "paragraph_scoreT_avg": 2.8,
        "paragraph_id": "001"
      }
    ],
    "essay_scoreT": [
      25.7,
      30,
      26.599998
    ],
    "essay_scoreT_avg": 27.433334,
    "essay_scoreT_detail": {
      "essay_scoreT_org": [
        [
          3,
          0,
          3,
          2
        ],
        [
          3,
          0,
          3,
          3
        ],
        [
          3,
          0,
          3,
          3
        ]
      ],
      "essay_scoreT_cont": [
        [
          3,
          2,
          2,
          2
        ],
        [
          3,
          3,
          3,
          3
        ],
        [
          3,
          2,
          2,
          2
        ]
      ],
      "essay_scoreT_exp": [
        [
          3,
          2,
          3
        ],
        [
          3,
          3,
          3
        ],
        [
          2,
          3,
          3
        ]
      ]
    }
  },
  "student": {
    "date": "2021.12.13",
    "student_educated": true,
    "student_grade": "고등_1학년",
    "location": "063",
    "student_grade_group": "고등",
    "student_reading": 2
  },
  "rubric": {
    "essay_grade": "고등_1학년",
    "organization_weight": {
      "org_paragraph": 0,
      "org": 3,
      "org_essay": 6,
      "org_coherence": 3,
      "org_quantity": 1
    },
    "essay_type": "대안제시",
    "content_weight": {
      "con_clearance": 3,
      "con_novelty": 3,
      "con": 4,
      "con_prompt": 1,
      "con_description": 3
    },
    "essay_main_subject": "남녀 갈등 해결 방안",
    "expression_weight": {
      "exp_style": 4,
      "exp_grammar": 2,
      "exp_vocab": 4,
      "exp": 3
    }
  },
  "correction": [],
  "info": {
    "essay_id": "ESSAY_62489",
    "essay_prompt": " 남녀 갈등은 최근 우리 사회에서 가장 뜨거운 이슈 중 하나입니다. 이러한 갈등은 아직 간극을 좁히지 못하고 현재 사회적인 문제로 자리 잡았습니다.\n\n 군 가산점 문제, 일자리 문제 등 여러 가지 비교 자료들을 토대로 토론을 하고 이를 통해 갈등을 해결하고자 하는 노력이 이루어지고 있습니다.\n\n 과거에는 성차별 심했던 시기가 있었습니다. 여자와 남자를 구별 지어 일을 주는 경우도 많았습니다. 하지만, 현재는 여자와 남자라는 성별을 떠나서 나이, 국적을 불문하고 모두에게 평등한 기회를 주기 위해 노력하고 있습니다.\n\n 이렇게 모두의 노력에도 불구하고 아직 해결되지 않았거나 해결될 기미가 보이지 않는 양성평등 문제가 있을까요?\n\n 아주 작은 사소한 일이라도 좋습니다. 여러분이 생각하는 우리 주변의 양성평등 문제를 하나 작성해보고 어떻게 해결할 수 있을지 혹은 무엇이 바뀌어야 해결될 것 같은지 본인의 생각을 설명해주세요. ",
    "essay_type": "대안제시",
    "essay_level": "1",
    "essay_len": 794,
    "essay_main_subject": "남녀 갈등 해결 방안"
  }
}