{
  "paragraph": [
    {
      "paragraph_txt": "남녀평등이라는 것은 두 성별이 고루 평등한 생활을 하는 것이지 '여자'만을 존중해야 하며 '남자'는 중요하지 않다는 식으로 해석되어 서는 안된다.#@문장구분# 그럼에도 불구하고 많은 여성들은 '남녀평등'이 여자가 대우 받는 것이라고 생각 하는 사람들도 많이 있다.#@문장구분# 남자가 여자를 보호 해야한다는 당연한 생각도 어떻게 보면 평등하지 못하다고 생각한다.#@문장구분# 무거운짐은 남자가 들어야 하고 힘쓰는 일도 남자가 해야 한다.#@문장구분# 어떻게 보면 이런 일들이 당연시 되어 가고 있다.#@문장구분# 심지어 남자가 무거운 것을 들지 못하거나, 힘이 약하면 남자가 저런것도 못드냐며 비운는 사람들도 있다.#@문장구분# 남녀평등을 논하기 전에 잘못된 고정관념 먼저 바로 잡아야 한다고 생각한다.#@문장구분# 남녀평등이 정확하게 어떤 뜻인지부터 배워야 하고 그것을 기반으로 정책을 만들어 가야 한다.#@문장구분# 학교에서도 아직 여자가 먼저 인것들도 많다.#@문장구분# 공정하길 바란다면 그곳에서부터 바로 잡아야 하지 않을까 생각한다.#@문장구분#물론 신체적으로 다른점도 있다.#@문장구분# 그래서 여자가 잘 하는 것 남자가 잘하는 것이 나눠져 있지만 그걸 당연시 해서는 안된다.#@문장구분#  두 성별이 자신이 할 일을 하며 남녀 할 것 없이 고르게 생겨나는 사회가 만들어져야 한다는 것을 말하고 싶을 뿐이다.#@문장구분# 어서 빨리 남자 여자 할 것 없이 능력에 따라 사람을 채용하는 사회가 와서 서로 싸우지 않고 아껴주고 사랑해주며 보듬어주는 세상이 왔으면 좋겠다. #@문장구분#그런 세상이 오면 우리 모두 혐오하지 않고 서로 사랑하고 아껴주고 보듬어주면서 살아갈텐데 정말 안타깝다. #@문장구분#어서 빨리 혐오가 사라지는 사회가 왔으면 좋겠다.#@문장구분# 그런 세상이 올 때까지 나는 계속 기다릴 것이다.#@문장구분#화이팅!#@문장구분#",
      "paragraph_len": 1159,
      "paragraph_id": "001"
    }
  ],
  "score": {
    "paragraph_score": [
      {
        "paragraph_scoreT": [
          3,
          3,
          2.4
        ],
        "paragraph_scoreT_detail": {
          "paragraph_scoreT_exp": [
            [
              3,
              3,
              3
            ],
            [
              3,
              3,
              3
            ],
            [
              2,
              2,
              3
            ]
          ]
        },
        "paragraph_scoreT_avg": 2.8,
        "paragraph_id": "001"
      }
    ],
    "essay_scoreT": [
      28.5,
      28.4,
      28.2
    ],
    "essay_scoreT_avg": 28.366669,
    "essay_scoreT_detail": {
      "essay_scoreT_org": [
        [
          3,
          0,
          3,
          2
        ],
        [
          3,
          0,
          3,
          3
        ],
        [
          3,
          0,
          3,
          3
        ]
      ],
      "essay_scoreT_cont": [
        [
          3,
          2,
          3,
          3
        ],
        [
          3,
          2,
          2,
          3
        ],
        [
          3,
          3,
          3,
          3
        ]
      ],
      "essay_scoreT_exp": [
        [
          3,
          3,
          3
        ],
        [
          3,
          3,
          3
        ],
        [
          2,
          2,
          3
        ]
      ]
    }
  },
  "student": {
    "date": "2021.12.13",
    "student_educated": true,
    "student_grade": "고등_1학년",
    "location": "063",
    "student_grade_group": "고등",
    "student_reading": 2
  },
  "rubric": {
    "essay_grade": "고등_1학년",
    "organization_weight": {
      "org_paragraph": 0,
      "org": 3,
      "org_essay": 6,
      "org_coherence": 3,
      "org_quantity": 1
    },
    "essay_type": "대안제시",
    "content_weight": {
      "con_clearance": 3,
      "con_novelty": 3,
      "con": 4,
      "con_prompt": 1,
      "con_description": 3
    },
    "essay_main_subject": "남녀 갈등 해결 방안",
    "expression_weight": {
      "exp_style": 4,
      "exp_grammar": 2,
      "exp_vocab": 4,
      "exp": 3
    }
  },
  "correction": [],
  "info": {
    "essay_id": "ESSAY_62445",
    "essay_prompt": " 남녀 갈등은 최근 우리 사회에서 가장 뜨거운 이슈 중 하나입니다. 이러한 갈등은 아직 간극을 좁히지 못하고 현재 사회적인 문제로 자리 잡았습니다.\n\n 군 가산점 문제, 일자리 문제 등 여러 가지 비교 자료들을 토대로 토론을 하고 이를 통해 갈등을 해결하고자 하는 노력이 이루어지고 있습니다.\n\n 과거에는 성차별 심했던 시기가 있었습니다. 여자와 남자를 구별 지어 일을 주는 경우도 많았습니다. 하지만, 현재는 여자와 남자라는 성별을 떠나서 나이, 국적을 불문하고 모두에게 평등한 기회를 주기 위해 노력하고 있습니다.\n\n 이렇게 모두의 노력에도 불구하고 아직 해결되지 않았거나 해결될 기미가 보이지 않는 양성평등 문제가 있을까요?\n\n 아주 작은 사소한 일이라도 좋습니다. 여러분이 생각하는 우리 주변의 양성평등 문제를 하나 작성해보고 어떻게 해결할 수 있을지 혹은 무엇이 바뀌어야 해결될 것 같은지 본인의 생각을 설명해주세요. ",
    "essay_type": "대안제시",
    "essay_level": "1",
    "essay_len": 801,
    "essay_main_subject": "남녀 갈등 해결 방안"
  }
}