{
  "paragraph": [
    {
      "paragraph_txt": "요즘 sns를 이용하다보면 페미, 여혐 등의 단어를 심심찮게 찾아볼 수 있고 그 아래 댓글에는 남성과 여성으로 나뉘어 싸움이 벌어지고 있다.#@문장구분# 이러한 상황이 많아지면서 남녀갈등은 큰 사회문제로 떠올랐다.#@문장구분# 이러한 남녀갈등은 남성과 여성간의 분쟁을 더욱 조장하고 신뢰를 떨어뜨린다. 그렇다면 남녀갈등의 원인은 무엇일까?#@문장구분#\n 먼저 제도가 미비함에 있다.#@문장구분# 남성과 여성 사이의 균형을 맞추는 평등한 법이나 갈등을 제재해 줄 수단이 부족하니 한쪽의 불만이 커지면 다른 쪽에서도 목소리를 내어 갈등이 생기는 것이다.#@문장구분# 또한 사람들사이의 이해가 사라지고 혐오만 자라고 있기 때문이기도 하다.#@문장구분# 남녀의 차이에 따른 다른 대우를 이해하지 못하고 서로를 깎아내리기에만 급급하니 갈등은 사라지지 않는다.#@문장구분# 남녀갈등을 줄이고 서로를 이해하는 평등한 세상으로 나아가기 위해 우리는 무엇을 해야 할까?#@문장구분#\n 가장 중요한 것은 바로 양보와 이해이다.#@문장구분# 남녀갈등 속에서 남성과 여성의 주장을 살펴보면 꼭 이렇다.#@문장구분# 남성은 되는데 왜 여성은 안 되느냐, 여성에게는 이렇지 않으면서 왜 남성에게는 이러는 것이냐 등이다.#@문장구분# 서로 상대가 보장받고 있는 것은 모두 보장받으려고 하고 상대가 감내하고 있는 불평등은 별 거 아니라는 듯 깎아내린다.#@문장구분# 이래서는 갈등이 심화되기만 할 뿐이다.#@문장구분# 그렇기에 우리는 양보하고 이해하는 자세를 가져야 한다.#@문장구분# 현실적으로 남녀 모두에게 똑같이 적용하기 어려운 부분은 한 발 물러서서 양보하고 마음을 넓게 가지는 것이다.#@문장구분# 군복무 문제나 여성전용시설 등이 보통 이러한 갈등의 쟁점이 되는데 당장 불만만을 표출하는 것보다 이해하는 마음으로 평화롭게 문제를 해결해 나가야 한다.#@문장구분# \n또한 남녀의 차이에서 오는 다른 대우를 이해해야 한다.#@문장구분# 아무리 평등하게 남녀를 대우하려 해도 남성과 여성 사이에는 뚜렷한 신체적 차이가 있다.#@문장구분# 남녀는 똑같이 평가할 수 없는 차이가 분명 존재하고 이는 남녀의 활동이나 사회적 역할에 약간의 차이를 만든다.#@문장구분# 우리는 이것을 인정하고 받아들여야 한다.#@문장구분#\n 두 번째로는 사회적으로 성평등을 이루기 위해 노력해야 한다는 것이다.#@문장구분#\n현대사회는 더이상 농업사회가 아닌 정보사회이다.#@문장구분# 육체적 능력보다는 명석한 두뇌가 더욱 중요시된다.#@문장구분# 따라서 남녀의 능력은 신체적 능력이 중요하던 과거와는 달리 비슷하게 되었고 그만큼 남녀의 사회적 능력도 같게 평가되어야 한다.#@문장구분# 또한 인권이 확립되고 민주주의를 갖춘 지금에서는 남녀를 동일한 가치로 보고 그들을 능력으로만 판단하는 것이 옳다.#@문장구분# 사회적 차원에서 남녀를 부당하게 차별하는 것을 금지하고 성평등을 도모하는 법과 제도를 갖춘다면 보다 더 효과적으로 성평등으로 나아갈 수 있을 것이다.#@문장구분#\n 성평등을 이루고 남녀갈등을 줄이기 위해서는 개인과 사회의 노력 중 하나만 충족되는 것이 아니라 두 가지가 모두 이루어져야 조화롭게 갈등을 해결할 수 있다.#@문장구분# 우리가 혐오가 아닌 존중의 표현을 사용하며 바르게 의사소통하고 의견을 나눈다면 남녀갈등은 점점 줄어들 것이다.#@문장구분# 우리가 남녀갈등을 줄이기 위해 노력하는 그 순간부터 우리는 성평등으로 한 걸음 나아가는 것이다.#@문장구분#",
      "paragraph_len": 2071,
      "paragraph_id": "001"
    }
  ],
  "score": {
    "paragraph_score": [
      {
        "paragraph_scoreT": [
          2.6,
          2.6,
          2.4
        ],
        "paragraph_scoreT_detail": {
          "paragraph_scoreT_exp": [
            [
              3,
              3,
              2
            ],
            [
              3,
              3,
              2
            ],
            [
              2,
              3,
              2
            ]
          ]
        },
        "paragraph_scoreT_avg": 2.5333333,
        "paragraph_id": "001"
      }
    ],
    "essay_scoreT": [
      24.2,
      23.7,
      22.7
    ],
    "essay_scoreT_avg": 23.533335,
    "essay_scoreT_detail": {
      "essay_scoreT_org": [
        [
          2,
          0,
          3,
          3
        ],
        [
          2,
          0,
          2,
          3
        ],
        [
          2,
          0,
          2,
          3
        ]
      ],
      "essay_scoreT_cont": [
        [
          3,
          2,
          2,
          2
        ],
        [
          3,
          2,
          3,
          2
        ],
        [
          2,
          2,
          2,
          3
        ]
      ],
      "essay_scoreT_exp": [
        [
          3,
          3,
          2
        ],
        [
          3,
          3,
          2
        ],
        [
          2,
          3,
          2
        ]
      ]
    }
  },
  "student": {
    "date": "2021.10.01",
    "student_educated": true,
    "student_grade": "고등_1학년",
    "location": "051",
    "student_grade_group": "고등",
    "student_reading": 1
  },
  "rubric": {
    "essay_grade": "고등_1학년",
    "organization_weight": {
      "org_paragraph": 0,
      "org": 3,
      "org_essay": 6,
      "org_coherence": 3,
      "org_quantity": 1
    },
    "essay_type": "대안제시",
    "content_weight": {
      "con_clearance": 3,
      "con_novelty": 3,
      "con": 4,
      "con_prompt": 1,
      "con_description": 3
    },
    "essay_main_subject": "남녀 갈등 해결 방안",
    "expression_weight": {
      "exp_style": 4,
      "exp_grammar": 2,
      "exp_vocab": 4,
      "exp": 3
    }
  },
  "correction": [],
  "info": {
    "essay_id": "ESSAY_36469",
    "essay_prompt": " 남녀 갈등은 최근 우리 사회에서 가장 뜨거운 이슈 중 하나입니다. 이러한 갈등은 아직 간극을 좁히지 못하고 현재 사회적인 문제로 자리 잡았습니다.\n\n 군 가산점 문제, 일자리 문제 등 여러 가지 비교 자료들을 토대로 토론을 하고 이를 통해 갈등을 해결하고자 하는 노력이 이루어지고 있습니다.\n\n 과거에는 성차별 심했던 시기가 있었습니다. 여자와 남자를 구별 지어 일을 주는 경우도 많았습니다. 하지만, 현재는 여자와 남자라는 성별을 떠나서 나이, 국적을 불문하고 모두에게 평등한 기회를 주기 위해 노력하고 있습니다.\n\n 이렇게 모두의 노력에도 불구하고 아직 해결되지 않았거나 해결될 기미가 보이지 않는 양성평등 문제가 있을까요?\n\n 아주 작은 사소한 일이라도 좋습니다. 여러분이 생각하는 우리 주변의 양성평등 문제를 하나 작성해보고 어떻게 해결할 수 있을지 혹은 무엇이 바뀌어야 해결될 것 같은지 본인의 생각을 설명해주세요. ",
    "essay_type": "대안제시",
    "essay_level": "1",
    "essay_len": 1491,
    "essay_main_subject": "남녀 갈등 해결 방안"
  }
}