{
  "paragraph": [
    {
      "paragraph_txt": "세상은 언제나 변화한다.#@문장구분#그 중에서 남자와 여자의 하는 일이 점점 경계가 사라지고 있다.#@문장구분# 양성평이란?#@문장구분# 남녀차별을 당연시하는 것에서 벗어나 남녀 차별하지 않고 똑같이 대하는 것을 말한다.#@문장구분# 조선시대 때부터 점차 남자와 여자를 구별하기 시작했다. #@문장구분#그 후 아직도 남아있는 남녀차별은 한 번씩 심각한 문제로 제기되기도 한다.#@문장구분#그러나 여기서 우리가 결코 무시해서는 안 될 중요한 사실이 있다.#@문장구분# 그것은 남녀의 차이를 인정하지 않고 평등을 주장하는 것은 잘못된 것이라는 사실이다.#@문장구분# 왜냐하면 모든 것이 평등해도 신체 구조상 남녀의 구별은 있고 특히 임신과 출산은 무조건 여자의 몫이기 때문이다.#@문장구분# 차이는 인정하되 차별이 있어서는 안 된다.#@문장구분# 하지만 신체의 특징을 제외하면 모두가 똑같은 인간인데, 성이 다르다고 해서 차별받는 일은 옳지 않다.#@문장구분# 여자니까 얌전해야 하고, 여자니까 더욱 조심스럽게 행동해야 한다거나 남자니까 울면 안 되고, 남자니까 무서운 것도 티내면 안 되고, 남자니까 더 책임감을 가져야 한다는 생각은 신체 구조와 아무런 상관도 없는 것이니 옳지 않다.#@문장구분# 물론 앞에서 보았듯이 남자가 더 잘 할 수 있는 일, 여자가 더 잘 할 수 있는 일은 따로 있다.#@문장구분# 하지만 그것들을 하나하나 따져서 자로 재듯이 여자의 일과 남자의 일로 구분하는 것은 엄연한 차별이다.#@문장구분# 이러한 나의 생각이 이 사회를 변화시키고, 더 나아가서 이 나라를 변화시키는 계기가 되었으면 좋겠다.#@문장구분#원래 노력 없이 이루어지는 일은 없다.#@문장구분# 한 사람 한 사람의 작은 노력들이 모여야 남녀차별을 변화시킬 수 있을 것이다.#@문장구분# 이 글이 양성평등을 향한 작은 발걸음이 되길 바라는 마음이다.#@문장구분# 남녀 서로 사랑하자!#@문장구분#",
      "paragraph_len": 1190,
      "paragraph_id": "001"
    }
  ],
  "score": {
    "paragraph_score": [
      {
        "paragraph_scoreT": [
          3,
          3,
          3
        ],
        "paragraph_scoreT_detail": {
          "paragraph_scoreT_exp": [
            [
              3,
              3,
              3
            ],
            [
              3,
              3,
              3
            ],
            [
              3,
              3,
              3
            ]
          ]
        },
        "paragraph_scoreT_avg": 3,
        "paragraph_id": "001"
      }
    ],
    "essay_scoreT": [
      26.4,
      28.4,
      30
    ],
    "essay_scoreT_avg": 28.266668,
    "essay_scoreT_detail": {
      "essay_scoreT_org": [
        [
          3,
          0,
          2,
          2
        ],
        [
          3,
          0,
          3,
          3
        ],
        [
          3,
          0,
          3,
          3
        ]
      ],
      "essay_scoreT_cont": [
        [
          3,
          2,
          3,
          2
        ],
        [
          3,
          2,
          2,
          3
        ],
        [
          3,
          3,
          3,
          3
        ]
      ],
      "essay_scoreT_exp": [
        [
          3,
          3,
          3
        ],
        [
          3,
          3,
          3
        ],
        [
          3,
          3,
          3
        ]
      ]
    }
  },
  "student": {
    "date": "2021.12.13",
    "student_educated": true,
    "student_grade": "고등_1학년",
    "location": "063",
    "student_grade_group": "고등",
    "student_reading": 2
  },
  "rubric": {
    "essay_grade": "고등_1학년",
    "organization_weight": {
      "org_paragraph": 0,
      "org": 3,
      "org_essay": 6,
      "org_coherence": 3,
      "org_quantity": 1
    },
    "essay_type": "대안제시",
    "content_weight": {
      "con_clearance": 3,
      "con_novelty": 3,
      "con": 4,
      "con_prompt": 1,
      "con_description": 3
    },
    "essay_main_subject": "남녀 갈등 해결 방안",
    "expression_weight": {
      "exp_style": 4,
      "exp_grammar": 2,
      "exp_vocab": 4,
      "exp": 3
    }
  },
  "correction": [],
  "info": {
    "essay_id": "ESSAY_62449",
    "essay_prompt": " 남녀 갈등은 최근 우리 사회에서 가장 뜨거운 이슈 중 하나입니다. 이러한 갈등은 아직 간극을 좁히지 못하고 현재 사회적인 문제로 자리 잡았습니다.\n\n 군 가산점 문제, 일자리 문제 등 여러 가지 비교 자료들을 토대로 토론을 하고 이를 통해 갈등을 해결하고자 하는 노력이 이루어지고 있습니다.\n\n 과거에는 성차별 심했던 시기가 있었습니다. 여자와 남자를 구별 지어 일을 주는 경우도 많았습니다. 하지만, 현재는 여자와 남자라는 성별을 떠나서 나이, 국적을 불문하고 모두에게 평등한 기회를 주기 위해 노력하고 있습니다.\n\n 이렇게 모두의 노력에도 불구하고 아직 해결되지 않았거나 해결될 기미가 보이지 않는 양성평등 문제가 있을까요?\n\n 아주 작은 사소한 일이라도 좋습니다. 여러분이 생각하는 우리 주변의 양성평등 문제를 하나 작성해보고 어떻게 해결할 수 있을지 혹은 무엇이 바뀌어야 해결될 것 같은지 본인의 생각을 설명해주세요. ",
    "essay_type": "대안제시",
    "essay_level": "1",
    "essay_len": 811,
    "essay_main_subject": "남녀 갈등 해결 방안"
  }
}