{
  "paragraph": [
    {
      "paragraph_txt": "혐오시설이란 곳이 우리가 살아가는 삶에 있어서 꼭 필요한 시설이기는 하지만 입지를 반대하는 경우가 많다.#@문장구분# 최근 혐오시설은 최근 각 지자체마다 다양한 이유로 그 시설이 들어올 수 있도록 환영하는 곳이 늘고 있다고 한다.#@문장구분# 에너지 자립, 가계경제증가, 관광자원 활성화 등 혐오시설을 긍정적인 사례로 전환한 강원도 영월 홍천군이 어떤 식으로 타 지자체에 새로운 방향을 제시했는지 사례에 대해서 소개하고자 한다.#@문장구분# 2019년 강원도에서는 혐오시설 유치전이 벌어졌다.#@문장구분# 영월군과 태백시, 횡성군에서 서로 강원 태백지역의 하수처리장을 유치하겠다고 나선 것이다.#@문장구분# 인구유출이 계속되는 3곳의 지자체가 방안으로 마련한 것이 혐오시설을 유치해서 인구유출을 막기 위함이었다고 한다.#@문장구분# 이 인구유출을 막기위함이 이 싸움 태백시의 승리로 마무리됐지만 영월군은 인구유출과 농촌 문제를 해결하기 위해 이전부터 혐오시설 유치에 앞장 섰다고 한다.#@문장구분# 영월군 영월읍에는 영월교도소를 비롯해 군부대와 태양광발전소가 모두 있다.#@문장구분# 이들 모두 혐오시설이기에 주민 반대나 환경단체의 반대로 부침을 겪었지만 현재는 주민들과 상생 방안을 마련해 어울리고 있다.#@문장구분# 영월군에서 생산하는 농산물의 최대 소비처는 영월교도소이다.#@문장구분# 게다가 평균연령이 높은 농촌마을에 일손 돕기로 교정활동에까지 영향을 미치고 있다.#@문장구분# 일주일에 2회 교정활동은 마을 어르신들에게 큰 도움이 되고 있다.#@문장구분#",
      "paragraph_len": 919,
      "paragraph_id": "001"
    },
    {
      "paragraph_txt": "팔괴마을 어르신은 \"처음에는 우리 마을 인근에 교도소가 들어서서 범죄자 마을이 될까 싶어 우려스러웠지만, 현재는 그들의 일손이 우리에게 큰 도움이 되고, 농산물 소비에도 영향을 주고 있어 마을 전체에 도움이 되고 있다고\"고 말했다.#@문장구분# 이는 군부대도 마찬가지였다.#@문장구분# 전국 최대규모의 태양광발전단지인 영월 태양광발전소는 현재까지도 공사가 진행 중이다.#@문장구분# 친환경 에너지지만 살림에 위치한 만큼 막대한 산림훼손으로 반대에 크게 부딪쳤지만, 에너지타운 조성과 에너지 자립이 주민 설득에 크게 기여했다고 한다.#@문장구분#",
      "paragraph_len": 356,
      "paragraph_id": "002"
    }
  ],
  "score": {
    "paragraph_score": [
      {
        "paragraph_scoreT": [
          3,
          2.8,
          2
        ],
        "paragraph_scoreT_detail": {
          "paragraph_scoreT_exp": [
            [
              3,
              3,
              3
            ],
            [
              2,
              3,
              3
            ],
            [
              2,
              2,
              2
            ]
          ]
        },
        "paragraph_scoreT_avg": 2.6000001,
        "paragraph_id": "001"
      },
      {
        "paragraph_scoreT": [
          3,
          2.8,
          2
        ],
        "paragraph_scoreT_detail": {
          "paragraph_scoreT_exp": [
            [
              3,
              3,
              3
            ],
            [
              2,
              3,
              3
            ],
            [
              2,
              2,
              2
            ]
          ]
        },
        "paragraph_scoreT_avg": 2.6000001,
        "paragraph_id": "002"
      }
    ],
    "essay_scoreT": [
      30,
      29.4,
      20.4
    ],
    "essay_scoreT_avg": 26.6,
    "essay_scoreT_detail": {
      "essay_scoreT_org": [
        [
          3,
          0,
          3,
          3
        ],
        [
          3,
          0,
          3,
          3
        ],
        [
          2,
          0,
          2,
          2
        ]
      ],
      "essay_scoreT_cont": [
        [
          3,
          3,
          3,
          3
        ],
        [
          3,
          3,
          3,
          3
        ],
        [
          2,
          2,
          3,
          2
        ]
      ],
      "essay_scoreT_exp": [
        [
          3,
          3,
          3
        ],
        [
          2,
          3,
          3
        ],
        [
          2,
          2,
          2
        ]
      ]
    }
  },
  "student": {
    "date": "2021.10.18",
    "student_educated": true,
    "student_grade": "고등_1학년",
    "location": "02",
    "student_grade_group": "고등",
    "student_reading": 3
  },
  "rubric": {
    "essay_grade": "고등_1학년",
    "organization_weight": {
      "org_paragraph": 0,
      "org": 3,
      "org_essay": 6,
      "org_coherence": 3,
      "org_quantity": 1
    },
    "essay_type": "대안제시",
    "content_weight": {
      "con_clearance": 3,
      "con_novelty": 3,
      "con": 4,
      "con_prompt": 1,
      "con_description": 3
    },
    "essay_main_subject": "혐오시설 건설문제에 대한 본인의 생각",
    "expression_weight": {
      "exp_style": 4,
      "exp_grammar": 2,
      "exp_vocab": 4,
      "exp": 3
    }
  },
  "correction": [],
  "info": {
    "essay_id": "ESSAY_38001",
    "essay_prompt": " 혐오 시설이란 지역 주민에게 공포감이나 고통을 주거나, 주변 지역의 쾌적성이 훼손됨으로써 집값이나 땅값이 내려가는 등 부정적인 외부효과를 유발하는 시설을 의미합니다.\n\n 대표적인 혐오 시설에는 쓰레기 매립장, 원자력발전소, 소각장, 유류저장소 등이 있습니다.\n\n 매립지, 소각장, 쓰레기 하치장 같은 혐오 시설은 그리 위험하지는 않지만, 쓰레기를 취급한다는 점에서 혐오감을 주며, 주변 환경오염 문제가 갈등을 일으킵니다. 특히 소각장은 인구밀도가 높은 대도시에 건설된다는 점에서 반대 운동이 일기도 합니다.\n\n 그런데 서로 반대만 하다 보면 입지를 찾지 못해 결국 모든 주민의 삶의 질이 저하될 수 있습니다.\n\n 정부 차원에서 가장 적절한 장소를 선별하여 건설 후 주변 사람들에게 혜택을 주는 방식이 적절한 방법일까요? 아니면 혐오 시설만을 모아둔 부지를 따로 정해서 건설해야 할까요? 아니면 모든 도시가 공평하게 혐오 시설 건설에 대한 부담을 지니고 하나씩 건설해야 할까요?\n\n 모두가 만족할만한 결과를 내기란 정말 어려운 문제이지만 여러분이 생각하는 가장 합리적이고 좋은 방법을 생각해보세요. 그리고 그 방법을 대안으로 제시하고 그 근거에 대해 작성해주세요.",
    "essay_type": "대안제시",
    "essay_level": "1",
    "essay_len": 958,
    "essay_main_subject": "혐오시설 건설문제에 대한 본인의 생각"
  }
}