{
  "paragraph": [
    {
      "paragraph_txt": "우리나라 사회에선 남녀갈등 문제는 쉽게 해결할 수 없는 문제일 것입니다.#@문장구분# 한 여자 학생이 페미니스트적인 발언을 했는데 남자 학생들이 그걸 듣고 왕따를 시킨 일이 있었습니다.#@문장구분# 저는 그걸 보고 남녀갈등 문제를 조금이나마 해소하려면 어떻게 해야 할까를 생각을 해봤습니다.#@문장구분# 일단 남녀관계의 단절이 아닌 남녀 간 소통을 해야 할 거 같습니다.#@문장구분# 남녀가 자기주장이 너무 심한 거 같아요.#@문장구분# 남자 입장에서는 여자에 대한 목소리를 내고, 여자도 자기 관점에서 남자에 대한 목소리를 내고 있습니다.#@문장구분# 이에 따라 같이 공존해서 살아가야 하는 사회에서 따로 살아가게 되기 마련입니다.#@문장구분# 따라서 남자와 여자가 원활하게 소통할 수 있는 다양한 방법과 창구를 열어서 사회적으로 다가갈 수 있게 만들었으면 좋겠습니다.#@문장구분# 또한 우리나라는 여성들에게 치중된 정책 및 제도가 많습니다.#@문장구분# 초점을 여성에게만 맞추지 말고 남성과 여성에 대한 다양한 관점에서 정책을 수립해야 합니다.#@문장구분# 남녀갈등을 해결하려면 여성만의 입장이나 남성만의 입장에서만 접근해서는 안 되고, 남성을 잠재적 가해자로 보고 여성을 피해자라 보는 시선들부터 고쳐야 할 거 같습니다.#@문장구분# 남성은 이런 시선이 느껴진다고 해서 여성들을 피하거나 비아냥거리지 않고 오히려 서슴없이 다가가는 남성과 여성이 동등하게 바라보는 시선을 가져야 합니다.#@문장구분# 마지막으로 페미니스트라는 단체는 남자 없이 자신만의 힘으로 살아가고자 하는 단체인데 우리나라의 출산율 문제도 있고, 사람이 태어나는 순간부터 여성과 남자는 하나의 쌍으로 이루어지게 태어났으니 갈등 관계가 아닌 상호보완적인 관계가 되면 남녀가 함께 좋은 사회를 꾸려나가며 성장할 수 있지 않냐고 생각합니다.#@문장구분#",
      "paragraph_len": 1076,
      "paragraph_id": "001"
    }
  ],
  "score": {
    "paragraph_score": [
      {
        "paragraph_scoreT": [
          3,
          3,
          2
        ],
        "paragraph_scoreT_detail": {
          "paragraph_scoreT_exp": [
            [
              3,
              3,
              3
            ],
            [
              3,
              3,
              3
            ],
            [
              2,
              2,
              2
            ]
          ]
        },
        "paragraph_scoreT_avg": 2.6666667,
        "paragraph_id": "001"
      }
    ],
    "essay_scoreT": [
      30,
      30,
      23.099998
    ],
    "essay_scoreT_avg": 27.699999,
    "essay_scoreT_detail": {
      "essay_scoreT_org": [
        [
          3,
          0,
          3,
          3
        ],
        [
          3,
          0,
          3,
          3
        ],
        [
          2,
          0,
          2,
          3
        ]
      ],
      "essay_scoreT_cont": [
        [
          3,
          3,
          3,
          3
        ],
        [
          3,
          3,
          3,
          3
        ],
        [
          2,
          3,
          3,
          3
        ]
      ],
      "essay_scoreT_exp": [
        [
          3,
          3,
          3
        ],
        [
          3,
          3,
          3
        ],
        [
          2,
          2,
          2
        ]
      ]
    }
  },
  "student": {
    "date": "2021.12.14",
    "student_educated": true,
    "student_grade": "고등_1학년",
    "location": "042",
    "student_grade_group": "고등",
    "student_reading": 3
  },
  "rubric": {
    "essay_grade": "고등_1학년",
    "organization_weight": {
      "org_paragraph": 0,
      "org": 3,
      "org_essay": 6,
      "org_coherence": 3,
      "org_quantity": 1
    },
    "essay_type": "대안제시",
    "content_weight": {
      "con_clearance": 3,
      "con_novelty": 3,
      "con": 4,
      "con_prompt": 1,
      "con_description": 3
    },
    "essay_main_subject": "남녀 갈등 해결 방안",
    "expression_weight": {
      "exp_style": 4,
      "exp_grammar": 2,
      "exp_vocab": 4,
      "exp": 3
    }
  },
  "correction": [],
  "info": {
    "essay_id": "ESSAY_61694",
    "essay_prompt": " 남녀 갈등은 최근 우리 사회에서 가장 뜨거운 이슈 중 하나입니다. 이러한 갈등은 아직 간극을 좁히지 못하고 현재 사회적인 문제로 자리 잡았습니다.\n\n 군 가산점 문제, 일자리 문제 등 여러 가지 비교 자료들을 토대로 토론을 하고 이를 통해 갈등을 해결하고자 하는 노력이 이루어지고 있습니다.\n\n 과거에는 성차별 심했던 시기가 있었습니다. 여자와 남자를 구별 지어 일을 주는 경우도 많았습니다. 하지만, 현재는 여자와 남자라는 성별을 떠나서 나이, 국적을 불문하고 모두에게 평등한 기회를 주기 위해 노력하고 있습니다.\n\n 이렇게 모두의 노력에도 불구하고 아직 해결되지 않았거나 해결될 기미가 보이지 않는 양성평등 문제가 있을까요?\n\n 아주 작은 사소한 일이라도 좋습니다. 여러분이 생각하는 우리 주변의 양성평등 문제를 하나 작성해보고 어떻게 해결할 수 있을지 혹은 무엇이 바뀌어야 해결될 것 같은지 본인의 생각을 설명해주세요. ",
    "essay_type": "대안제시",
    "essay_level": "1",
    "essay_len": 816,
    "essay_main_subject": "남녀 갈등 해결 방안"
  }
}