{
  "paragraph": [
    {
      "paragraph_txt": "8월 한 아파트 입주자들의 1층 요양 시설 입주 반대 주장과 많은 지역에서의 요양 시설 건립 반대와 같은 일들이 최근 많이 일어나고 있다.#@문장구분# 이 문제를 해결하기 위해서 할 수 있는 것으로는 무엇이 있을까?#@문장구분# 첫 번째는 주민들의 반발로 만들어진 \"2종 일반 거주 지역의 요양 시설 및 정신 병원의 건립 및 입주 금지\"라는 조례를 폐지하여서 최근 심해지고 있는 고령화로 인한 노인 복지의 증가를 해결할 수 있도록 해야한다.#@문장구분# 두 번째는 정부와 행정기관에서 앞장서 요양 시설을 혐오시설이라고 생각하는 국민들의 인식들을 요양시설은 혐오시설이 아닌 사회적 필수 기반 시설이라고 바뀌게 홍보와 캠페인 등을 통해 바꾸어야 한다.#@문장구분# 세 번째는 요양 시설 운영자는 주민들에게 생활에 피해가 가지않게 건립 후 주변환경을 청결하게 조성하고 건물의 사후관리와 감독을 철저하게 하여 주민들에게 불편을 끼치지 않도록 노력해야 한다.#@문장구분# 네 번째는 시설 운영자가 마을 주민들과 소통하며 원만한 관계를 이어나가 요양 시설이 혐오시설이라는 선입견을 없애야 한다.#@문장구분# 다섯 번째는 주민들도 인식을 바꾸어야 한다.#@문장구분# 앞서 말했던 대안들이 지켜지더라도 그 지역사람들의 인식이 요양시설은 혐오 시설이다 라고 박혀있으면 아무 소용이 없게 되는 것이다.#@문장구분# 사람은 누구나 늙게되고 자신도 요양시설에 들어가야 할때가 생길수도 있는거다.#@문장구분# 그게 아니더라도 자신의 부모님 또는 할아버지, 할머니 즉 자신의 가족 중 한명이 그 요양시설에 갈 수 있다 라는 것을 감안해 요양시설은 혐오시설이 아니라 사회적 필수 시설이라고 인식하며 무작정 입주를 반대는 것보다는 시설 운영자와 소통하여 불편한 사항을 원만하게 해결해 나갈수 있도록 노력해야 한다.#@문장구분# 이처럼 이런 사회문제의 해결은 개인뿐만이 아니라 더 나아가 정부와 시설운영자 그리고 주민들의 노력이 필요로 한다.#@문장구분#",
      "paragraph_len": 1108,
      "paragraph_id": "001"
    }
  ],
  "score": {
    "paragraph_score": [
      {
        "paragraph_scoreT": [
          3,
          3,
          2
        ],
        "paragraph_scoreT_detail": {
          "paragraph_scoreT_exp": [
            [
              3,
              3,
              3
            ],
            [
              3,
              3,
              3
            ],
            [
              2,
              2,
              2
            ]
          ]
        },
        "paragraph_scoreT_avg": 2.6666667,
        "paragraph_id": "001"
      }
    ],
    "essay_scoreT": [
      29.7,
      24.6,
      26.6
    ],
    "essay_scoreT_avg": 26.966667,
    "essay_scoreT_detail": {
      "essay_scoreT_org": [
        [
          3,
          0,
          3,
          2
        ],
        [
          2,
          0,
          2,
          2
        ],
        [
          3,
          0,
          3,
          3
        ]
      ],
      "essay_scoreT_cont": [
        [
          3,
          3,
          3,
          3
        ],
        [
          3,
          2,
          3,
          2
        ],
        [
          3,
          3,
          2,
          3
        ]
      ],
      "essay_scoreT_exp": [
        [
          3,
          3,
          3
        ],
        [
          3,
          3,
          3
        ],
        [
          2,
          2,
          2
        ]
      ]
    }
  },
  "student": {
    "date": "2021.09.10",
    "student_educated": true,
    "student_grade": "고등_1학년",
    "location": "051",
    "student_grade_group": "고등",
    "student_reading": 2
  },
  "rubric": {
    "essay_grade": "고등_1학년",
    "organization_weight": {
      "org_paragraph": 0,
      "org": 3,
      "org_essay": 6,
      "org_coherence": 3,
      "org_quantity": 1
    },
    "essay_type": "대안제시",
    "content_weight": {
      "con_clearance": 3,
      "con_novelty": 3,
      "con": 4,
      "con_prompt": 1,
      "con_description": 3
    },
    "essay_main_subject": "혐오시설 건설문제에 대한 본인의 생각",
    "expression_weight": {
      "exp_style": 4,
      "exp_grammar": 2,
      "exp_vocab": 4,
      "exp": 3
    }
  },
  "correction": [],
  "info": {
    "essay_id": "ESSAY_33881",
    "essay_prompt": " 혐오 시설이란 지역 주민에게 공포감이나 고통을 주거나, 주변 지역의 쾌적성이 훼손됨으로써 집값이나 땅값이 내려가는 등 부정적인 외부효과를 유발하는 시설을 의미합니다.\n\n 대표적인 혐오 시설에는 쓰레기 매립장, 원자력발전소, 소각장, 유류저장소 등이 있습니다.\n\n 매립지, 소각장, 쓰레기 하치장 같은 혐오 시설은 그리 위험하지는 않지만, 쓰레기를 취급한다는 점에서 혐오감을 주며, 주변 환경오염 문제가 갈등을 일으킵니다. 특히 소각장은 인구밀도가 높은 대도시에 건설된다는 점에서 반대 운동이 일기도 합니다.\n\n 그런데 서로 반대만 하다 보면 입지를 찾지 못해 결국 모든 주민의 삶의 질이 저하될 수 있습니다.\n\n 정부 차원에서 가장 적절한 장소를 선별하여 건설 후 주변 사람들에게 혜택을 주는 방식이 적절한 방법일까요? 아니면 혐오 시설만을 모아둔 부지를 따로 정해서 건설해야 할까요? 아니면 모든 도시가 공평하게 혐오 시설 건설에 대한 부담을 지니고 하나씩 건설해야 할까요?\n\n 모두가 만족할만한 결과를 내기란 정말 어려운 문제이지만 여러분이 생각하는 가장 합리적이고 좋은 방법을 생각해보세요. 그리고 그 방법을 대안으로 제시하고 그 근거에 대해 작성해주세요.",
    "essay_type": "대안제시",
    "essay_level": "1",
    "essay_len": 889,
    "essay_main_subject": "혐오시설 건설문제에 대한 본인의 생각"
  }
}