{
  "paragraph": [
    {
      "paragraph_txt": "남녀 갈등에 대해 이야기해보려 한다.#@문장구분# 요즘 남혐 여혐이라는 단어들을 들어 볼 수 있습니다.#@문장구분# 남성이 여성을 혐오하고 동시에 여성이 남성을 혐오한다는 말입니다.#@문장구분# 서로의 다른 생각과 차이 이유는 너무 다르며 남녀 갈등은 오래전부터 지속되어 왔습니다.#@문장구분# 세월의 변화의 따라 원인과 이유는 여러 가지겠지만.. 왜 남자만 또는 왜 여자만 희생해야 하지라는 근본이 있는 것 같습니다.#@문장구분# 기존의 세대는 남녀의 성 역할이 다르다고 생각하며 살아왔고, 남자 즉 아버지가 군대를 가고 경제활동을 주로했으며 여자 어머니는 아이를 낳고 가정을 돌봐 왔습니다.#@문장구분# 그렇기 때문에 남자가 하는 일 여자가 하는 일이 많이 구분 지어지고 남녀 갈등이 대두되어 왔습니다.#@문장구분# 현재의 사람들은 여자들도 경제활동에 대다수 하고 있고 집안일 또한 분담해서 하고 있지만 갈등이 해소되지 않는 것 같습니다.#@문장구분# 요즘, 페미니스트니 즉 성별로 인해 발생하는 정치 경제 사회 문화적 차별을 없애야 한다는 견해나 사상을 가진 사람들도 많이 있습니다.#@문장구분# 그리고 일부 에서는 남녀 폄하 주의로 퇴색하는 면들을 보이기도 하는데 문제가 있는 것 같습니다.#@문장구분# 건강한 대화를 통해 서로의 역할을 이해하고 빠르게 변하고 있는 시대에 맞춰서 소통하고 이해하며 살아가야 할 것입니다.#@문장구분# 이러한 노력으로 인해 남녀 서로 사랑하고 아껴주는 사회가 와서 혐오나 비하같은 것들은 사라졌으면 좋겠습니다.#@문장구분# 그러기 위해서는 너부터가 아닌 나부터 바뀌어야 한다고 생각합니다.#@문장구분# 나 하나 쯤이야 라는 생각을 버리고 나부터 바뀌자 라는 생각으로 나먼저 행동을 바꾸고 나먼저 생각을 바꾸어 나가다 보면 좋은 세상이 될 것이라고 생각합니다.#@문장구분#",
      "paragraph_len": 1083,
      "paragraph_id": "001"
    }
  ],
  "score": {
    "paragraph_score": [
      {
        "paragraph_scoreT": [
          2.8,
          3,
          3
        ],
        "paragraph_scoreT_detail": {
          "paragraph_scoreT_exp": [
            [
              2,
              3,
              3
            ],
            [
              3,
              3,
              3
            ],
            [
              3,
              3,
              3
            ]
          ]
        },
        "paragraph_scoreT_avg": 2.9333334,
        "paragraph_id": "001"
      }
    ],
    "essay_scoreT": [
      24.5,
      28.8,
      28.8
    ],
    "essay_scoreT_avg": 27.366667,
    "essay_scoreT_detail": {
      "essay_scoreT_org": [
        [
          2,
          0,
          3,
          2
        ],
        [
          3,
          0,
          3,
          3
        ],
        [
          3,
          0,
          3,
          3
        ]
      ],
      "essay_scoreT_cont": [
        [
          3,
          2,
          2,
          2
        ],
        [
          3,
          2,
          3,
          3
        ],
        [
          3,
          2,
          3,
          3
        ]
      ],
      "essay_scoreT_exp": [
        [
          2,
          3,
          3
        ],
        [
          3,
          3,
          3
        ],
        [
          3,
          3,
          3
        ]
      ]
    }
  },
  "student": {
    "date": "2021.11.20",
    "student_educated": true,
    "student_grade": "고등_1학년",
    "location": "063",
    "student_grade_group": "고등",
    "student_reading": 1
  },
  "rubric": {
    "essay_grade": "고등_1학년",
    "organization_weight": {
      "org_paragraph": 0,
      "org": 3,
      "org_essay": 6,
      "org_coherence": 3,
      "org_quantity": 1
    },
    "essay_type": "대안제시",
    "content_weight": {
      "con_clearance": 3,
      "con_novelty": 3,
      "con": 4,
      "con_prompt": 1,
      "con_description": 3
    },
    "essay_main_subject": "남녀 갈등 해결 방안",
    "expression_weight": {
      "exp_style": 4,
      "exp_grammar": 2,
      "exp_vocab": 4,
      "exp": 3
    }
  },
  "correction": [],
  "info": {
    "essay_id": "ESSAY_47318",
    "essay_prompt": " 남녀 갈등은 최근 우리 사회에서 가장 뜨거운 이슈 중 하나입니다. 이러한 갈등은 아직 간극을 좁히지 못하고 현재 사회적인 문제로 자리 잡았습니다.\n\n 군 가산점 문제, 일자리 문제 등 여러 가지 비교 자료들을 토대로 토론을 하고 이를 통해 갈등을 해결하고자 하는 노력이 이루어지고 있습니다.\n\n 과거에는 성차별 심했던 시기가 있었습니다. 여자와 남자를 구별 지어 일을 주는 경우도 많았습니다. 하지만, 현재는 여자와 남자라는 성별을 떠나서 나이, 국적을 불문하고 모두에게 평등한 기회를 주기 위해 노력하고 있습니다.\n\n 이렇게 모두의 노력에도 불구하고 아직 해결되지 않았거나 해결될 기미가 보이지 않는 양성평등 문제가 있을까요?\n\n 아주 작은 사소한 일이라도 좋습니다. 여러분이 생각하는 우리 주변의 양성평등 문제를 하나 작성해보고 어떻게 해결할 수 있을지 혹은 무엇이 바뀌어야 해결될 것 같은지 본인의 생각을 설명해주세요. ",
    "essay_type": "대안제시",
    "essay_level": "1",
    "essay_len": 805,
    "essay_main_subject": "남녀 갈등 해결 방안"
  }
}