{
  "paragraph": [
    {
      "paragraph_txt": "우리는 영화 <판도라>를 보고 우리에게 원전사고의 위험성을 상기시키는 계기가 되었다.#@문장구분# 많은 사람들이 원전에 대해 두려움을 갖고 탈원전을 주장하기도 하지만 막상 탈원전을 한다면 국가전력이 부족해지는 문제가 생길수 있다.#@문장구분# 산업화 이후 많은 원전이 설립 되었는데 원전이 어디에 위치해 있는지 부터 알아보자.#@문장구분# 부산에 8기 경주에 6기 울진에 10기 영광에 6기가 배치되어있고,  한국의 원전밀집도는 4천km2 으로 다른 러시아 ,미국, 중국과의 밀집도가 수십에서 수백배 차이가 난다.#@문장구분# 우리나라 원전의 면적은 1기당 약 900m2로 총 34기가 있으므로 30600m2를 차지한다.#@문장구분# 태양광, 태양열발전은 원전보다 더 많은 토지면적을 필요로 한다.#@문장구분# 이러한 원전에 대한 문제점을 살펴보자면 첫 번째로 시민들이 원전에 대해 신뢰성이 없다는 점이다.#@문장구분# 원전에서 외부적인 원인(자연재해, 융합로고장)에 의해 삼중수소가 유출 된다면 인근 지역에 있는 시민들이 대거 생물학적 피해를 보게 되고, 결과적으로 신뢰를 할수 없는 상황이 된다.#@문장구분# 두 번째로는 원전사용으로 생성되는 고열을 해수로 냉각시켜야 한다는 점이다.#@문장구분# 초고열을 냉각시키는 데 해수를 사용하면 인근 바다보다 약 7°C 가 높아지며 주변 해수의 수온 ,밀도, 점성을 변화시키며 용존산소량(물속에 녹아든 산소) 감소, 해수 수직운동을 방해한다.#@문장구분# 결과 인근 해안에 생물이 조성하기 힘든 환경이 된다.#@문장구분# 세 번째로는 해양폐기물 즉 원전 오염수 방류이다.#@문장구분# 원전오염수를 바다에 방류하기 위해서는 삼중수소를 바닷물에 희석시켜 방류해야 된다.#@문장구분# 이런 방식으로 방류한다고 해도 삼중수소 반감기가 12~13년이므로 리스크가 크다.#@문장구분# 이 문제들에 대한 해결방안을 알아보자.#@문장구분# 먼저, 원전 문제에 대한 개선 방안은 어떤것이 있을까?#@문장구분# 첫 번째 해결방안은 원전을 줄이고 신재생에너지를 도입하는것이다.#@문장구분# 신재생 에너지를 도입함으로써 결과적으로 원자력 발전소의 수가 줄어들게 된다.#@문장구분# 두 번째는 원전 인근지역에 지원금을 주는 것이다.#@문장구분# 예시 사례로  2018년 기금4340억원으로 원전이 위치한 5개 기초지자체에 지원을 했다.#@문장구분# 이 지원금들은 고용,소득 증대, 사회 복지, 교육, 기업유치, 지역경제, 주거 환경 개선 등에 사용되었다.#@문장구분#  세 번째 해결방안 폐기물 처리 방법이다.#@문장구분# 방사능 폐기물은 표층처분, 동굴 처분,매립형 처분 정도가 있는데 가장 유용하게 사용되는 것은 매립형 처분이며, 저준위 폐기물은 80~130m에 매립하고 고준위 폐기물은 300~1000m정도 깊이에 매립한다.#@문장구분# 이처럼 원전이 우리에게 주는 단점이 있지만 이를 보완하면서 일상생활을 지속해 나가야 한다는것을 강조하는 바이다.#@문장구분#",
      "paragraph_len": 1767,
      "paragraph_id": "001"
    }
  ],
  "score": {
    "paragraph_score": [
      {
        "paragraph_scoreT": [
          3,
          3,
          3
        ],
        "paragraph_scoreT_detail": {
          "paragraph_scoreT_exp": [
            [
              3,
              3,
              3
            ],
            [
              3,
              3,
              3
            ],
            [
              3,
              3,
              3
            ]
          ]
        },
        "paragraph_scoreT_avg": 3,
        "paragraph_id": "001"
      }
    ],
    "essay_scoreT": [
      24.4,
      30,
      30
    ],
    "essay_scoreT_avg": 28.133333,
    "essay_scoreT_detail": {
      "essay_scoreT_org": [
        [
          3,
          0,
          3,
          3
        ],
        [
          3,
          0,
          3,
          3
        ],
        [
          3,
          0,
          3,
          3
        ]
      ],
      "essay_scoreT_cont": [
        [
          1,
          1,
          1,
          3
        ],
        [
          3,
          3,
          3,
          3
        ],
        [
          3,
          3,
          3,
          3
        ]
      ],
      "essay_scoreT_exp": [
        [
          3,
          3,
          3
        ],
        [
          3,
          3,
          3
        ],
        [
          3,
          3,
          3
        ]
      ]
    }
  },
  "student": {
    "date": "2021.11.19",
    "student_educated": true,
    "student_grade": "고등_1학년",
    "location": "051",
    "student_grade_group": "고등",
    "student_reading": 1
  },
  "rubric": {
    "essay_grade": "고등_1학년",
    "organization_weight": {
      "org_paragraph": 0,
      "org": 3,
      "org_essay": 6,
      "org_coherence": 3,
      "org_quantity": 1
    },
    "essay_type": "대안제시",
    "content_weight": {
      "con_clearance": 3,
      "con_novelty": 3,
      "con": 4,
      "con_prompt": 1,
      "con_description": 3
    },
    "essay_main_subject": "혐오시설 건설문제에 대한 본인의 생각",
    "expression_weight": {
      "exp_style": 4,
      "exp_grammar": 2,
      "exp_vocab": 4,
      "exp": 3
    }
  },
  "correction": [],
  "info": {
    "essay_id": "ESSAY_48472",
    "essay_prompt": " 혐오 시설이란 지역 주민에게 공포감이나 고통을 주거나, 주변 지역의 쾌적성이 훼손됨으로써 집값이나 땅값이 내려가는 등 부정적인 외부효과를 유발하는 시설을 의미합니다.\n\n 대표적인 혐오 시설에는 쓰레기 매립장, 원자력발전소, 소각장, 유류저장소 등이 있습니다.\n\n 매립지, 소각장, 쓰레기 하치장 같은 혐오 시설은 그리 위험하지는 않지만, 쓰레기를 취급한다는 점에서 혐오감을 주며, 주변 환경오염 문제가 갈등을 일으킵니다. 특히 소각장은 인구밀도가 높은 대도시에 건설된다는 점에서 반대 운동이 일기도 합니다.\n\n 그런데 서로 반대만 하다 보면 입지를 찾지 못해 결국 모든 주민의 삶의 질이 저하될 수 있습니다.\n\n 정부 차원에서 가장 적절한 장소를 선별하여 건설 후 주변 사람들에게 혜택을 주는 방식이 적절한 방법일까요? 아니면 혐오 시설만을 모아둔 부지를 따로 정해서 건설해야 할까요? 아니면 모든 도시가 공평하게 혐오 시설 건설에 대한 부담을 지니고 하나씩 건설해야 할까요?\n\n 모두가 만족할만한 결과를 내기란 정말 어려운 문제이지만 여러분이 생각하는 가장 합리적이고 좋은 방법을 생각해보세요. 그리고 그 방법을 대안으로 제시하고 그 근거에 대해 작성해주세요.",
    "essay_type": "대안제시",
    "essay_level": "1",
    "essay_len": 1281,
    "essay_main_subject": "혐오시설 건설문제에 대한 본인의 생각"
  }
}