{
  "paragraph": [
    {
      "paragraph_txt": "혐오 시설을 건설한 시, 군에 지원 혹은 혜택을 주거나 혐오 시설이라는 이름 자체를 바꿀 수 있도록 노력하는 게 현재로는 최선의 방안이라고 생각합니다.#@문장구분# 혐오 시설이라는 이름 자체가 사람들이 기피하고 불쾌해 하는 것이라는 건데 현재 대한민국이라는 인구밀도가 높은 나라에서 제대로된 부지를 찾기도 힘들고 결국엔 그 부지에 근처에 살고 있는 사람들과 합의를 해야 하는 경우가 많다.#@문장구분# 결국 합의점을 찾기 위해선 서로가 만족할 만한 걸 찾아야 할텐데 두 가지 정도가 있다고 생각한다 첫째 건설한 시,군 시민들만에 혜택을 주는 게 첫 번째 합의점이라고 생각한다.#@문장구분# 이런 시설이 들어올 때 땅값이 떨어진다라는 얘기를 많이 한다.#@문장구분# 결국 땅 값이나 주변의 인식 등을 보장을 금전적인 보상이나 사후 가정에 각종 지원 등을 줘야 합의점을 찾을 것이고 두 번째는 혐오 시설이이지만 사람들에게 혐오스럽지 않은 시설을 만드는 것이다.#@문장구분# 실제로 덴마크의 코헨하겐시라는 도시에는 혐오 시설이 있지만 그 시설을 혐오스럽게 생각하는 사람이 없다.#@문장구분# 왜냐하면 건물 자체를 산처럼 지어 스키장과 등산로를 만들어 시민들의 인식을 바꿔주었고 최점단 정화 시설을 갖춰 오염 물질을 거의 배출하지 않고 쓰레기 소각 열로 약 18만 가구의 전력과 난방을 제공하여 모두가 만족스러운 결과를 만들었기 때문이다.#@문장구분# 현재 대한민국에는 두 번째 방안이 현실적이라고 생각합니다.#@문장구분# 제가 제시한 방안이 무조건 해결책은 아닙니다.#@문장구분# 그저 참고용일뿐입니다.#@문장구분# 저보다 더 뛰어나신 분들이 더 좋은 방안을 간구해 내서 앞으로는 혐오시설 설치와 같은 문제로 서로 싸우고 헐뜯고 비방하는 일이 없었으면 좋겠습니다.#@문장구분# 이에 앞서 저는 혐오시설에 대한 인식을 개선해야 한다고 생각합니다.#@문장구분# 왜냐하면 혐오시설이라고 말만 들어도 부정적인 생각이 떠오르기 때문에 우선적으로 이러한 인식을 개선해 혐오시설에 대한 생각과 인식을 바꿔야 될 것이라고 봅니다.#@문장구분#",
      "paragraph_len": 1189,
      "paragraph_id": "001"
    }
  ],
  "score": {
    "paragraph_score": [
      {
        "paragraph_scoreT": [
          3,
          3,
          3
        ],
        "paragraph_scoreT_detail": {
          "paragraph_scoreT_exp": [
            [
              3,
              3,
              3
            ],
            [
              3,
              3,
              3
            ],
            [
              3,
              3,
              3
            ]
          ]
        },
        "paragraph_scoreT_avg": 3,
        "paragraph_id": "001"
      }
    ],
    "essay_scoreT": [
      30,
      30,
      30
    ],
    "essay_scoreT_avg": 30,
    "essay_scoreT_detail": {
      "essay_scoreT_org": [
        [
          3,
          0,
          3,
          3
        ],
        [
          3,
          0,
          3,
          3
        ],
        [
          3,
          0,
          3,
          3
        ]
      ],
      "essay_scoreT_cont": [
        [
          3,
          3,
          3,
          3
        ],
        [
          3,
          3,
          3,
          3
        ],
        [
          3,
          3,
          3,
          3
        ]
      ],
      "essay_scoreT_exp": [
        [
          3,
          3,
          3
        ],
        [
          3,
          3,
          3
        ],
        [
          3,
          3,
          3
        ]
      ]
    }
  },
  "student": {
    "date": "2021.11.28",
    "student_educated": true,
    "student_grade": "고등_1학년",
    "location": "054",
    "student_grade_group": "고등",
    "student_reading": 1
  },
  "rubric": {
    "essay_grade": "고등_1학년",
    "organization_weight": {
      "org_paragraph": 0,
      "org": 3,
      "org_essay": 6,
      "org_coherence": 3,
      "org_quantity": 1
    },
    "essay_type": "대안제시",
    "content_weight": {
      "con_clearance": 3,
      "con_novelty": 3,
      "con": 4,
      "con_prompt": 1,
      "con_description": 3
    },
    "essay_main_subject": "혐오시설 건설문제에 대한 본인의 생각",
    "expression_weight": {
      "exp_style": 4,
      "exp_grammar": 2,
      "exp_vocab": 4,
      "exp": 3
    }
  },
  "correction": [],
  "info": {
    "essay_id": "ESSAY_51866",
    "essay_prompt": " 혐오 시설이란 지역 주민에게 공포감이나 고통을 주거나, 주변 지역의 쾌적성이 훼손됨으로써 집값이나 땅값이 내려가는 등 부정적인 외부효과를 유발하는 시설을 의미합니다.\n\n 대표적인 혐오 시설에는 쓰레기 매립장, 원자력발전소, 소각장, 유류저장소 등이 있습니다.\n\n 매립지, 소각장, 쓰레기 하치장 같은 혐오 시설은 그리 위험하지는 않지만, 쓰레기를 취급한다는 점에서 혐오감을 주며, 주변 환경오염 문제가 갈등을 일으킵니다. 특히 소각장은 인구밀도가 높은 대도시에 건설된다는 점에서 반대 운동이 일기도 합니다.\n\n 그런데 서로 반대만 하다 보면 입지를 찾지 못해 결국 모든 주민의 삶의 질이 저하될 수 있습니다.\n\n 정부 차원에서 가장 적절한 장소를 선별하여 건설 후 주변 사람들에게 혜택을 주는 방식이 적절한 방법일까요? 아니면 혐오 시설만을 모아둔 부지를 따로 정해서 건설해야 할까요? 아니면 모든 도시가 공평하게 혐오 시설 건설에 대한 부담을 지니고 하나씩 건설해야 할까요?\n\n 모두가 만족할만한 결과를 내기란 정말 어려운 문제이지만 여러분이 생각하는 가장 합리적이고 좋은 방법을 생각해보세요. 그리고 그 방법을 대안으로 제시하고 그 근거에 대해 작성해주세요.",
    "essay_type": "대안제시",
    "essay_level": "1",
    "essay_len": 929,
    "essay_main_subject": "혐오시설 건설문제에 대한 본인의 생각"
  }
}