{
  "paragraph": [
    {
      "paragraph_txt": "혐오시설 건설에 대한 저의 생각은 안 좋다고 생각을 합니다.#@문장구분# 혐오시설이란 지역 주민에게 공포감을 주거나 주변 지역의 쾌적성이 훼손됨으로써 집값이나 땅값이 내려가는 등 부정적인 외부효과를 유발하는 시설을 의미합니다.#@문장구분# 대표적인 혐오시설로는 쓰레기 매립장 및 소각장, 원자력발전소, 소각장, 유류저장소, 교도소,도살장, 고압변전소, 화장장, 하수처리장, 축사 및 돈사, 양계장, 묘지, 납골당 등이 있습니다.#@문장구분# 매립지, 소각장, 쓰레기하차장 같은 혐오시설은 그리 위험하지는 않지만 쓰레기를 취급한다는 점에서 혐오감을 주며, 주변 환경오염 문제가 갈등을 일으키는데, 저는 이 환경오염을 준다는 점에서 혐오시설 건설을 안 좋게 보고 있습니다.#@문장구분# 특히, 소각장은 인구밀도가 높은 대도시에 건설된다는 점에서 반대운동이 일어나기도 합니다.#@문장구분# 최근 신재생에너지를 통해 관심을 받고있는 원자력 발전소, 또, 우리의 더 나은 삶을 위해 소수의 지역에 설치되고 있는 쓰레기 매립장까지. 이 모든 것은 우리가 싫어하지만 필요로 하는 시설이며, 우리 주변에 설치하는 것은 싫지만 다른 지역에 설치하기를 기원하는 것이 대부분이다.#@문장구분# 우리에게 이러한 모순적인 생각을 가지게 하는 것을, 혐오시설이라고 한다.#@문장구분# 혐오 시설이란 지역 주민에게 공포감이나 고통을 주거나, 주변 지역의 쾌적성이 훼손됨으로써 집값이나 땅값이 내려가는 등 부정적인 외부효과를 유발하는 시설을 의미한다.#@문장구분# 어느 지역에 혐오시설이 들어서면 그 지역의 부동산 가격이 하락하므로 님비현상에 의해 혐오시설건립에 반대하는 일이 많다.#@문장구분#",
      "paragraph_len": 938,
      "paragraph_id": "001"
    },
    {
      "paragraph_txt": " 하지만 그 혐오시설에 대해 무조건 반대할 말한 일은 아니라고 생각된다.#@문장구분# 혐오시설이 들어서면서 얻는 인프라효과 무시할 수 없을 것이다.#@문장구분# 아마 보상차원에서 다른 개발을 해주려고 하거나, 각종 세금을 감면하는 등 나름대로의 또 다른 이익과 혜택을 주려고 노력할 것이다.#@문장구분# 그러니 우리는 서로 화합하여 지역주민과 지차체에서 서로 돕는 상황이 되어야 한다고 생각된다.#@문장구분#",
      "paragraph_len": 280,
      "paragraph_id": "002"
    }
  ],
  "score": {
    "paragraph_score": [
      {
        "paragraph_scoreT": [
          2.6,
          2.2,
          3
        ],
        "paragraph_scoreT_detail": {
          "paragraph_scoreT_exp": [
            [
              3,
              2,
              3
            ],
            [
              3,
              2,
              2
            ],
            [
              3,
              3,
              3
            ]
          ]
        },
        "paragraph_scoreT_avg": 2.6000001,
        "paragraph_id": "001"
      },
      {
        "paragraph_scoreT": [
          3,
          3,
          3
        ],
        "paragraph_scoreT_detail": {
          "paragraph_scoreT_exp": [
            [
              3,
              3,
              3
            ],
            [
              3,
              3,
              3
            ],
            [
              3,
              3,
              3
            ]
          ]
        },
        "paragraph_scoreT_avg": 3,
        "paragraph_id": "002"
      }
    ],
    "essay_scoreT": [
      26.7,
      25.5,
      30
    ],
    "essay_scoreT_avg": 27.4,
    "essay_scoreT_detail": {
      "essay_scoreT_org": [
        [
          3,
          0,
          2,
          3
        ],
        [
          3,
          0,
          2,
          3
        ],
        [
          3,
          0,
          3,
          3
        ]
      ],
      "essay_scoreT_cont": [
        [
          3,
          2,
          3,
          3
        ],
        [
          3,
          2,
          3,
          3
        ],
        [
          3,
          3,
          3,
          3
        ]
      ],
      "essay_scoreT_exp": [
        [
          3,
          2,
          3
        ],
        [
          3,
          2,
          2
        ],
        [
          3,
          3,
          3
        ]
      ]
    }
  },
  "student": {
    "date": "2021.12.13",
    "student_educated": true,
    "student_grade": "고등_1학년",
    "location": "063",
    "student_grade_group": "고등",
    "student_reading": 2
  },
  "rubric": {
    "essay_grade": "고등_1학년",
    "organization_weight": {
      "org_paragraph": 0,
      "org": 3,
      "org_essay": 6,
      "org_coherence": 3,
      "org_quantity": 1
    },
    "essay_type": "대안제시",
    "content_weight": {
      "con_clearance": 3,
      "con_novelty": 3,
      "con": 4,
      "con_prompt": 1,
      "con_description": 3
    },
    "essay_main_subject": "혐오시설 건설문제에 대한 본인의 생각",
    "expression_weight": {
      "exp_style": 4,
      "exp_grammar": 2,
      "exp_vocab": 4,
      "exp": 3
    }
  },
  "correction": [],
  "info": {
    "essay_id": "ESSAY_63046",
    "essay_prompt": " 혐오 시설이란 지역 주민에게 공포감이나 고통을 주거나, 주변 지역의 쾌적성이 훼손됨으로써 집값이나 땅값이 내려가는 등 부정적인 외부효과를 유발하는 시설을 의미합니다.\n\n 대표적인 혐오 시설에는 쓰레기 매립장, 원자력발전소, 소각장, 유류저장소 등이 있습니다.\n\n 매립지, 소각장, 쓰레기 하치장 같은 혐오 시설은 그리 위험하지는 않지만, 쓰레기를 취급한다는 점에서 혐오감을 주며, 주변 환경오염 문제가 갈등을 일으킵니다. 특히 소각장은 인구밀도가 높은 대도시에 건설된다는 점에서 반대 운동이 일기도 합니다.\n\n 그런데 서로 반대만 하다 보면 입지를 찾지 못해 결국 모든 주민의 삶의 질이 저하될 수 있습니다.\n\n 정부 차원에서 가장 적절한 장소를 선별하여 건설 후 주변 사람들에게 혜택을 주는 방식이 적절한 방법일까요? 아니면 혐오 시설만을 모아둔 부지를 따로 정해서 건설해야 할까요? 아니면 모든 도시가 공평하게 혐오 시설 건설에 대한 부담을 지니고 하나씩 건설해야 할까요?\n\n 모두가 만족할만한 결과를 내기란 정말 어려운 문제이지만 여러분이 생각하는 가장 합리적이고 좋은 방법을 생각해보세요. 그리고 그 방법을 대안으로 제시하고 그 근거에 대해 작성해주세요.",
    "essay_type": "대안제시",
    "essay_level": "1",
    "essay_len": 961,
    "essay_main_subject": "혐오시설 건설문제에 대한 본인의 생각"
  }
}