{
  "paragraph": [
    {
      "paragraph_txt": "나는 남녀 혐오 발언 및 갈등에 대해 불필요한 논쟁이라 생각한다.#@문장구분# 왜냐하면 원래부터 남자와 여자는 서로다른 신체구조를 가지고 있어 그로인해 발생하는 생활양식에 차이로 인한 갈등, 또 뇌구조도 차이가 있기 때문에 서로 생각의 차이가 발생하여 생기는 갈등 등이 생길수 밖에 없다.#@문장구분# 인권 선언에서는 모든 사람은 평등하다고 주장했기 때문이다.#@문장구분# 위의 말대로 인간은 누구나 평등하고 양성평등이 기본이 되는 사회가 만들어져야지 한쪽 성별에 치우쳐 있는 사회가 만들어지면 안된다.#@문장구분# 요즘 유튜브를 보면 \"페미\"에 대항하기 위해 남자들을 위한 단체가 필요하다며 유튜브 채널을 개설하는 경우도 있는데, 현재 한국 사회의 변색되고 왜곡된 페미의 뜻을 없애고 진정한 성 평등을 향해 나가는 건강한 국가로 성장할 수 있으리라 생각한다.#@문장구분# 이 또한 좋게 보이지 않는다.#@문장구분# 결국에는 남성과 여성으로 편 가르기에 불과하다고 보기 때문이다.#@문장구분# 따라서 나는 정말로 양성 모두를 위하는 단체가 생겨야 한다고 생각한다.#@문장구분# 또한 사람들이 남녀 편가르기에 집중하지 말고 평등이란게 무엇인지 생각하고 인지하여 한쪽 성별에 지나치게 치우쳐있는 사회적 제도, 인식, 문제점 등을 천천히 단계적으로 교체해 나가야 한다고 생각한다.#@문장구분# 현재 성별의 차이로 인해 생기고 있는 가장 많이 대두되고 있는 문제, 남녀 임금차별이나 병역의 의무 같은 점에 대해서 나라에서 공청회를 열어 많은 사람들의 의견을 듣고 해결책을 찾아보며 바로 문제를 해결할 수 있을 것이라고 생각한다.#@문장구분# 현재 넷상에서 서로 싸우기만 하고 서로를 이해하지 못하고 있으나 직접 대면하고 서로의 의견을 명확히 제시한다면 논리적인 해결방안이 나오리라 믿는다.#@문장구분#",
      "paragraph_len": 1035,
      "paragraph_id": "001"
    }
  ],
  "score": {
    "paragraph_score": [
      {
        "paragraph_scoreT": [
          3,
          3,
          3
        ],
        "paragraph_scoreT_detail": {
          "paragraph_scoreT_exp": [
            [
              3,
              3,
              3
            ],
            [
              3,
              3,
              3
            ],
            [
              3,
              3,
              3
            ]
          ]
        },
        "paragraph_scoreT_avg": 3,
        "paragraph_id": "001"
      }
    ],
    "essay_scoreT": [
      28.8,
      28.8,
      30
    ],
    "essay_scoreT_avg": 29.199999,
    "essay_scoreT_detail": {
      "essay_scoreT_org": [
        [
          3,
          0,
          3,
          3
        ],
        [
          3,
          0,
          3,
          3
        ],
        [
          3,
          0,
          3,
          3
        ]
      ],
      "essay_scoreT_cont": [
        [
          3,
          2,
          3,
          3
        ],
        [
          3,
          2,
          3,
          3
        ],
        [
          3,
          3,
          3,
          3
        ]
      ],
      "essay_scoreT_exp": [
        [
          3,
          3,
          3
        ],
        [
          3,
          3,
          3
        ],
        [
          3,
          3,
          3
        ]
      ]
    }
  },
  "student": {
    "date": "2021.12.07",
    "student_educated": true,
    "student_grade": "고등_1학년",
    "location": "063",
    "student_grade_group": "고등",
    "student_reading": 2
  },
  "rubric": {
    "essay_grade": "고등_1학년",
    "organization_weight": {
      "org_paragraph": 0,
      "org": 3,
      "org_essay": 6,
      "org_coherence": 3,
      "org_quantity": 1
    },
    "essay_type": "대안제시",
    "content_weight": {
      "con_clearance": 3,
      "con_novelty": 3,
      "con": 4,
      "con_prompt": 1,
      "con_description": 3
    },
    "essay_main_subject": "남녀 갈등 해결 방안",
    "expression_weight": {
      "exp_style": 4,
      "exp_grammar": 2,
      "exp_vocab": 4,
      "exp": 3
    }
  },
  "correction": [],
  "info": {
    "essay_id": "ESSAY_57112",
    "essay_prompt": " 남녀 갈등은 최근 우리 사회에서 가장 뜨거운 이슈 중 하나입니다. 이러한 갈등은 아직 간극을 좁히지 못하고 현재 사회적인 문제로 자리 잡았습니다.\n\n 군 가산점 문제, 일자리 문제 등 여러 가지 비교 자료들을 토대로 토론을 하고 이를 통해 갈등을 해결하고자 하는 노력이 이루어지고 있습니다.\n\n 과거에는 성차별 심했던 시기가 있었습니다. 여자와 남자를 구별 지어 일을 주는 경우도 많았습니다. 하지만, 현재는 여자와 남자라는 성별을 떠나서 나이, 국적을 불문하고 모두에게 평등한 기회를 주기 위해 노력하고 있습니다.\n\n 이렇게 모두의 노력에도 불구하고 아직 해결되지 않았거나 해결될 기미가 보이지 않는 양성평등 문제가 있을까요?\n\n 아주 작은 사소한 일이라도 좋습니다. 여러분이 생각하는 우리 주변의 양성평등 문제를 하나 작성해보고 어떻게 해결할 수 있을지 혹은 무엇이 바뀌어야 해결될 것 같은지 본인의 생각을 설명해주세요. ",
    "essay_type": "대안제시",
    "essay_level": "1",
    "essay_len": 816,
    "essay_main_subject": "남녀 갈등 해결 방안"
  }
}