{
  "paragraph": [
    {
      "paragraph_txt": "혐오시설이란 지역 주민에게 공포감이나 고통을 주거나, 주변 지역의 쾌적성이 훼손됨으로써 집값이나 땅값이 내려가는 등 부정적인 외부효과를 유발하는 시설을 의미한다.#@문장구분#",
      "paragraph_len": 110,
      "paragraph_id": "001"
    },
    {
      "paragraph_txt": " 혐오시설로 인해 발생하는 사회적문제 로는 기준이 명확하지 않아, 혐오시설이 아닌데 오해를 하는 경우가 있다.#@문장구분# 그리고 대표적으로 자신이 구매하려는 부동산 주위에 혐오시설이 있으면 가격이 저렴해도 구매를 꺼려해 부동산 불황이 발생한다.#@문장구분#",
      "paragraph_len": 170,
      "paragraph_id": "002"
    },
    {
      "paragraph_txt": " 그럼 혐오시설을 짓지 않으면 되지 않냐? 라고 물어본다면, 대표적으로 쓰레기 매립당, 원자로 발전소, 소각장, 유류 저장소인 혐오시설의 공통점은 우리에게 혐오감을 주지만, 꼭 필요한 시설이라는 점이다.#@문장구분#",
      "paragraph_len": 133,
      "paragraph_id": "003"
    },
    {
      "paragraph_txt": " 이문제를 해결하기 위한 여섯가지 대안이 있다.#@문장구분# 첫번째 혐오시설 걸립 예정지의 주민들을 설득하고, 주민들의 의견을 적극적으로 수렴해야 한다. #@문장구분#강제로 시설을 설치할 경우 주민들의 반발을 더욱 거세질 것 이다.#@문장구분# 두 번째 추진과정과 결정과정을 투명하게 공개해야 한다.#@문장구분# 세 번째 정부와 회사들은 주민들에게 사회 경제적 불이익에 대한 직접보상이 이뤄져야 한다.#@문장구분# 네 번째는 정부와 기업, 주민들이 혐오시설의 인식을 개선하려고 노력해야 한다.#@문장구분# 예로는 일본의 한 지역이 쓰레기 소각장에 그림은 그려 넣어 우중충하고 어두운 분위기를 깨끗하고 밝게 변화시킴으로써 사람들의 인식을 개선 시킨 사례가 있다.#@문장구분# 다섯 번째로는 원자로 발전소, 소각장으로 불안해 하는 주민들에게 주기적으로 실험해 안전하다고 알려주어 주민들이 불안함을 가지고 생활하지 않도록 해야한다.#@문장구분#우리도 역시 혐오시설에 대해 무조건 부정적으로 만 생각하지 말고 정부와 기업에게 정당한 보상을 요구하는 등 우리 지역을 현대화하고 편리시설이 생기는 등 좋은 기회가 될 수 있음을 알아야 한다.#@문장구분# ",
      "paragraph_len": 701,
      "paragraph_id": "004"
    },
    {
      "paragraph_txt": " 우리에게 꼭 필요한 시설에 혐오가 아닌 다른 감정을 가져보는건 어떤가요?#@문장구분#",
      "paragraph_len": 61,
      "paragraph_id": "005"
    }
  ],
  "score": {
    "paragraph_score": [
      {
        "paragraph_scoreT": [
          3,
          3,
          2
        ],
        "paragraph_scoreT_detail": {
          "paragraph_scoreT_exp": [
            [
              3,
              3,
              3
            ],
            [
              3,
              3,
              3
            ],
            [
              2,
              2,
              2
            ]
          ]
        },
        "paragraph_scoreT_avg": 2.6666667,
        "paragraph_id": "001"
      },
      {
        "paragraph_scoreT": [
          3,
          3,
          2.8
        ],
        "paragraph_scoreT_detail": {
          "paragraph_scoreT_exp": [
            [
              3,
              3,
              3
            ],
            [
              3,
              3,
              3
            ],
            [
              2,
              3,
              3
            ]
          ]
        },
        "paragraph_scoreT_avg": 2.9333334,
        "paragraph_id": "002"
      },
      {
        "paragraph_scoreT": [
          3,
          3,
          2
        ],
        "paragraph_scoreT_detail": {
          "paragraph_scoreT_exp": [
            [
              3,
              3,
              3
            ],
            [
              3,
              3,
              3
            ],
            [
              2,
              2,
              2
            ]
          ]
        },
        "paragraph_scoreT_avg": 2.6666667,
        "paragraph_id": "003"
      },
      {
        "paragraph_scoreT": [
          3,
          3,
          2
        ],
        "paragraph_scoreT_detail": {
          "paragraph_scoreT_exp": [
            [
              3,
              3,
              3
            ],
            [
              3,
              3,
              3
            ],
            [
              2,
              2,
              2
            ]
          ]
        },
        "paragraph_scoreT_avg": 2.6666667,
        "paragraph_id": "004"
      },
      {
        "paragraph_scoreT": [
          3,
          3,
          1.4
        ],
        "paragraph_scoreT_detail": {
          "paragraph_scoreT_exp": [
            [
              3,
              3,
              3
            ],
            [
              3,
              3,
              3
            ],
            [
              1,
              2,
              1
            ]
          ]
        },
        "paragraph_scoreT_avg": 2.4666667,
        "paragraph_id": "005"
      }
    ],
    "essay_scoreT": [
      29.7,
      24.9,
      20
    ],
    "essay_scoreT_avg": 24.866667,
    "essay_scoreT_detail": {
      "essay_scoreT_org": [
        [
          3,
          0,
          3,
          2
        ],
        [
          2,
          0,
          2,
          3
        ],
        [
          2,
          0,
          2,
          2
        ]
      ],
      "essay_scoreT_cont": [
        [
          3,
          3,
          3,
          3
        ],
        [
          3,
          2,
          3,
          2
        ],
        [
          2,
          2,
          2,
          2
        ]
      ],
      "essay_scoreT_exp": [
        [
          3,
          3,
          3
        ],
        [
          3,
          3,
          3
        ],
        [
          2,
          2,
          2
        ]
      ]
    }
  },
  "student": {
    "date": "2021.09.03",
    "student_educated": true,
    "student_grade": "고등_1학년",
    "location": "051",
    "student_grade_group": "고등",
    "student_reading": 1
  },
  "rubric": {
    "essay_grade": "고등_1학년",
    "organization_weight": {
      "org_paragraph": 0,
      "org": 3,
      "org_essay": 6,
      "org_coherence": 3,
      "org_quantity": 1
    },
    "essay_type": "대안제시",
    "content_weight": {
      "con_clearance": 3,
      "con_novelty": 3,
      "con": 4,
      "con_prompt": 1,
      "con_description": 3
    },
    "essay_main_subject": "혐오시설 건설문제에 대한 본인의 생각",
    "expression_weight": {
      "exp_style": 4,
      "exp_grammar": 2,
      "exp_vocab": 4,
      "exp": 3
    }
  },
  "correction": [],
  "info": {
    "essay_id": "ESSAY_33857",
    "essay_prompt": " 혐오 시설이란 지역 주민에게 공포감이나 고통을 주거나, 주변 지역의 쾌적성이 훼손됨으로써 집값이나 땅값이 내려가는 등 부정적인 외부효과를 유발하는 시설을 의미합니다.\n\n 대표적인 혐오 시설에는 쓰레기 매립장, 원자력발전소, 소각장, 유류저장소 등이 있습니다.\n\n 매립지, 소각장, 쓰레기 하치장 같은 혐오 시설은 그리 위험하지는 않지만, 쓰레기를 취급한다는 점에서 혐오감을 주며, 주변 환경오염 문제가 갈등을 일으킵니다. 특히 소각장은 인구밀도가 높은 대도시에 건설된다는 점에서 반대 운동이 일기도 합니다.\n\n 그런데 서로 반대만 하다 보면 입지를 찾지 못해 결국 모든 주민의 삶의 질이 저하될 수 있습니다.\n\n 정부 차원에서 가장 적절한 장소를 선별하여 건설 후 주변 사람들에게 혜택을 주는 방식이 적절한 방법일까요? 아니면 혐오 시설만을 모아둔 부지를 따로 정해서 건설해야 할까요? 아니면 모든 도시가 공평하게 혐오 시설 건설에 대한 부담을 지니고 하나씩 건설해야 할까요?\n\n 모두가 만족할만한 결과를 내기란 정말 어려운 문제이지만 여러분이 생각하는 가장 합리적이고 좋은 방법을 생각해보세요. 그리고 그 방법을 대안으로 제시하고 그 근거에 대해 작성해주세요.",
    "essay_type": "대안제시",
    "essay_level": "1",
    "essay_len": 906,
    "essay_main_subject": "혐오시설 건설문제에 대한 본인의 생각"
  }
}