{
  "paragraph": [
    {
      "paragraph_txt": "남녀 간의 갈등이 증가하면서 남녀 간의 갈등의 해결이 중요 사안으로 떠오르고 있다.#@문장구분# 이에 이런 문제를 해결하기 위해서는 남녀 간이 서로의 불만과 문제를 들어주는 마음가짐을 가져야한다#@문장구분# 하지만 우리 한국은 이런 생각을 가지지 않은 극단적 페미니스트들도 있다.#@문장구분# 이에 이런 극단적 페미니스트들의 불만과 문제는 들어주되 일리가 있는 말이라면 그 문제를 수용하고 일리가 없으며 자신의 이익만을 생각하면 이런 말은 수용하지 말아야한다.#@문장구분# 극단적 남성우월주위 사상을 가진 사람도 마찬가지이다.#@문장구분# 이렇게 남녀 서로 간의 불만과 문제를 들어주며 모인 문제들과 불만을 서로 해결하기 위해서 정부도 적극적으로 개입을 해야 하기에 이런 모인 문제와 모인 불만을 제시하고 이런 모인 문제와 불만을 해결하기 위한 해결방안도 남녀가 서로 말을 맞추어 가며 해결방안을 맞추어 가며 해결방안을 찾아야한다#@문장구분# 이렇게 남녀가 서로 말을 들어주며 만든 해결방안도 같이 정부에 제시해야한다.#@문장구분# 이로 인해 정부는 국민들이 문제를 찾아주고 그에 대한 문제 해결방안을 제시해주었기에 문제와 대략적인 해결방안의 틀을 만드는 것에 도움이 될 것이다.#@문장구분# 이에 정부는 빠르게 남녀 간의 문제, 불만을 수용하고 해결할 수 있는 방안을 제시하여 남녀 간의 갈등이라는 중요한 사회적인 문제를 해결을 하게 될 것이며 이에 남녀 간의 사이는 나아질 것 이다.#@문장구분# 그리고 이런 사회적 해결을 하기 위한 다른 사회적 노력은 남녀 간의 차별이 없도록 노력해야 할 것 이다.#@문장구분# 우리나라는 옛날에 유교를 믿었기에 여성차별이 옛날에 심하였지만 지금은 여성차별이 나아지긴 하였지만 아직도 여성차별은 남아있다#@문장구분# 그렇다고 남성차별도 없는 것은 아니다.#@문장구분# 그러니 우리는 이런 악습은 없애기 위해 노력해야한다.#@문장구분# 이에 사람들은 남녀를 보는 자신의 편협이 되어있는 시각을 넓히도록 노력해야하며 이해할 수 있도록 노력해야한다.#@문장구분# 그리고 정부는 남녀 간의 차별을 동조하지 않도록 하며 정부적 차원에서 학생들이 남녀 간을 보는 시선을 넓힐 수 있도록 하는 교육을 받을 수 있게 도와주며 남녀 간의 차별을 해결하기 위한 법을 제정해 주어야한다.#@문장구분# 이로 인하여 남녀 간의 갈등은 줄어들 것이며 이에 좋은 영향으로 우리나라의 사회적문제중 하나인 저 출산 문제를 어느 정도 해결하는 것에 도움이 될 것으로 보인다.#@문장구분#",
      "paragraph_len": 1436,
      "paragraph_id": "001"
    }
  ],
  "score": {
    "paragraph_score": [
      {
        "paragraph_scoreT": [
          2.6,
          3,
          3
        ],
        "paragraph_scoreT_detail": {
          "paragraph_scoreT_exp": [
            [
              3,
              3,
              2
            ],
            [
              3,
              3,
              3
            ],
            [
              3,
              3,
              3
            ]
          ]
        },
        "paragraph_scoreT_avg": 2.8666668,
        "paragraph_id": "001"
      }
    ],
    "essay_scoreT": [
      24.8,
      30,
      28.8
    ],
    "essay_scoreT_avg": 27.866667,
    "essay_scoreT_detail": {
      "essay_scoreT_org": [
        [
          3,
          0,
          3,
          3
        ],
        [
          3,
          0,
          3,
          3
        ],
        [
          3,
          0,
          3,
          3
        ]
      ],
      "essay_scoreT_cont": [
        [
          2,
          2,
          2,
          2
        ],
        [
          3,
          3,
          3,
          3
        ],
        [
          3,
          3,
          3,
          2
        ]
      ],
      "essay_scoreT_exp": [
        [
          3,
          3,
          2
        ],
        [
          3,
          3,
          3
        ],
        [
          3,
          3,
          3
        ]
      ]
    }
  },
  "student": {
    "date": "2021.10.21",
    "student_educated": true,
    "student_grade": "고등_1학년",
    "location": "063",
    "student_grade_group": "고등",
    "student_reading": 3
  },
  "rubric": {
    "essay_grade": "고등_1학년",
    "organization_weight": {
      "org_paragraph": 0,
      "org": 3,
      "org_essay": 6,
      "org_coherence": 3,
      "org_quantity": 1
    },
    "essay_type": "대안제시",
    "content_weight": {
      "con_clearance": 3,
      "con_novelty": 3,
      "con": 4,
      "con_prompt": 1,
      "con_description": 3
    },
    "essay_main_subject": "남녀 갈등 해결 방안",
    "expression_weight": {
      "exp_style": 4,
      "exp_grammar": 2,
      "exp_vocab": 4,
      "exp": 3
    }
  },
  "correction": [],
  "info": {
    "essay_id": "ESSAY_43924",
    "essay_prompt": " 남녀 갈등은 최근 우리 사회에서 가장 뜨거운 이슈 중 하나입니다. 이러한 갈등은 아직 간극을 좁히지 못하고 현재 사회적인 문제로 자리 잡았습니다.\n\n 군 가산점 문제, 일자리 문제 등 여러 가지 비교 자료들을 토대로 토론을 하고 이를 통해 갈등을 해결하고자 하는 노력이 이루어지고 있습니다.\n\n 과거에는 성차별 심했던 시기가 있었습니다. 여자와 남자를 구별 지어 일을 주는 경우도 많았습니다. 하지만, 현재는 여자와 남자라는 성별을 떠나서 나이, 국적을 불문하고 모두에게 평등한 기회를 주기 위해 노력하고 있습니다.\n\n 이렇게 모두의 노력에도 불구하고 아직 해결되지 않았거나 해결될 기미가 보이지 않는 양성평등 문제가 있을까요?\n\n 아주 작은 사소한 일이라도 좋습니다. 여러분이 생각하는 우리 주변의 양성평등 문제를 하나 작성해보고 어떻게 해결할 수 있을지 혹은 무엇이 바뀌어야 해결될 것 같은지 본인의 생각을 설명해주세요. ",
    "essay_type": "대안제시",
    "essay_level": "1",
    "essay_len": 1116,
    "essay_main_subject": "남녀 갈등 해결 방안"
  }
}