{
  "paragraph": [
    {
      "paragraph_txt": "여성을 위한 정책,혜택들이 나오면 남성들이 비난하고, 남녀갈등은 심화된다.#@문장구분# 남녀갈등을 해소하기 위해서는 표면적으로 보이는 정책, 혜택들로는 불가능하다고 생각한다.#@문장구분# 여성의 사회 참여 확대, 남성의 특정 직종 진출 확대와 같은 것들로는 남녀갈등을 완전히 없앨 수 없다.#@문장구분# 오히려 남녀가 서로 싸우게 되는 이유가 될 수 있다.#@문장구분# 앞서 말한 것처럼 현재 젊은 사람들은 사회에서 살아가기 힘들다.#@문장구분# 그런 상황에서 갈등이 일어나지 않고 평화롭다면 그게 이상한 일인 것이다.#@문장구분# 남녀갈등이 아니더라도 다른 어떤 갈등이 일어날 가능성은 크다고 생각한다.#@문장구분# 그러므로 남녀갈등을 해결하려면 젊은 사람들이 더 사회에서 활약할 수 있게 해줘야 한다.#@문장구분# 국가에서 다 해결해라는 뜻이 아니라, 국가는 젊은 사람들이 더 성장해서 사회의 한 자리를 담당할 수 있는 기회를 보장해 주고, 젊은 사람들도 스스로 가치를 높이고 자신이 발전해서 사회에서 활약하면서 자신의 가치를 인정받고 정당한 보상을 받는다면 지금처럼 많은 사람들이 남녀사이에 갈등을 일으키는 것에 동조하지는 않을 것이다.#@문장구분# 외모, 체형, 등 겉으로 판단하지 말아야 한다.#@문장구분# 앞서 위에 뉴스기사에서 말했듯이 묻지마 살인사건 범인은 여성 혐오를 가지고 있어서 살인을 저지를 수 있다고 보듯이 특정 인물들이 아닌 우리 모두가 서로의 인격을 겉으로 판단하여 많은 일들이 일어나게 되기 때문이다.#@문장구분# 따라서 우리 모두는 앞으로 상대방을 평가하고 혐오스러운 발언 등을 하면서 두 번 다시는 이런 묻지마 살인 사건이 일어나지 않기 위해서 외모, 체형 등으로 판단하지 말아야 한다.#@문장구분# 마지막으로, 우리가 시각적으로 보는 관점들을 좁게 보지 말고 넓게 바라보며 이에 따라 고정관념의 틀을 깨야 한다고 생각한다.#@문장구분# 우리 들은 남자들을 이래 해야 해, 여자들은 저래야 해 라는 말을 많이 한다.#@문장구분# 하지만 이런 것들로 시작되어 갈등이 빚어지고 있기 때문에 고정관념의 틀을 깨야한다고 생각한다.#@문장구분#",
      "paragraph_len": 1240,
      "paragraph_id": "001"
    }
  ],
  "score": {
    "paragraph_score": [
      {
        "paragraph_scoreT": [
          3,
          3,
          3
        ],
        "paragraph_scoreT_detail": {
          "paragraph_scoreT_exp": [
            [
              3,
              3,
              3
            ],
            [
              3,
              3,
              3
            ],
            [
              3,
              3,
              3
            ]
          ]
        },
        "paragraph_scoreT_avg": 3,
        "paragraph_id": "001"
      }
    ],
    "essay_scoreT": [
      28.8,
      28.8,
      30
    ],
    "essay_scoreT_avg": 29.199999,
    "essay_scoreT_detail": {
      "essay_scoreT_org": [
        [
          3,
          0,
          3,
          3
        ],
        [
          3,
          0,
          3,
          3
        ],
        [
          3,
          0,
          3,
          3
        ]
      ],
      "essay_scoreT_cont": [
        [
          3,
          2,
          3,
          3
        ],
        [
          3,
          2,
          3,
          3
        ],
        [
          3,
          3,
          3,
          3
        ]
      ],
      "essay_scoreT_exp": [
        [
          3,
          3,
          3
        ],
        [
          3,
          3,
          3
        ],
        [
          3,
          3,
          3
        ]
      ]
    }
  },
  "student": {
    "date": "2021.12.07",
    "student_educated": true,
    "student_grade": "고등_1학년",
    "location": "063",
    "student_grade_group": "고등",
    "student_reading": 2
  },
  "rubric": {
    "essay_grade": "고등_1학년",
    "organization_weight": {
      "org_paragraph": 0,
      "org": 3,
      "org_essay": 6,
      "org_coherence": 3,
      "org_quantity": 1
    },
    "essay_type": "대안제시",
    "content_weight": {
      "con_clearance": 3,
      "con_novelty": 3,
      "con": 4,
      "con_prompt": 1,
      "con_description": 3
    },
    "essay_main_subject": "남녀 갈등 해결 방안",
    "expression_weight": {
      "exp_style": 4,
      "exp_grammar": 2,
      "exp_vocab": 4,
      "exp": 3
    }
  },
  "correction": [],
  "info": {
    "essay_id": "ESSAY_57124",
    "essay_prompt": " 남녀 갈등은 최근 우리 사회에서 가장 뜨거운 이슈 중 하나입니다. 이러한 갈등은 아직 간극을 좁히지 못하고 현재 사회적인 문제로 자리 잡았습니다.\n\n 군 가산점 문제, 일자리 문제 등 여러 가지 비교 자료들을 토대로 토론을 하고 이를 통해 갈등을 해결하고자 하는 노력이 이루어지고 있습니다.\n\n 과거에는 성차별 심했던 시기가 있었습니다. 여자와 남자를 구별 지어 일을 주는 경우도 많았습니다. 하지만, 현재는 여자와 남자라는 성별을 떠나서 나이, 국적을 불문하고 모두에게 평등한 기회를 주기 위해 노력하고 있습니다.\n\n 이렇게 모두의 노력에도 불구하고 아직 해결되지 않았거나 해결될 기미가 보이지 않는 양성평등 문제가 있을까요?\n\n 아주 작은 사소한 일이라도 좋습니다. 여러분이 생각하는 우리 주변의 양성평등 문제를 하나 작성해보고 어떻게 해결할 수 있을지 혹은 무엇이 바뀌어야 해결될 것 같은지 본인의 생각을 설명해주세요. ",
    "essay_type": "대안제시",
    "essay_level": "1",
    "essay_len": 941,
    "essay_main_subject": "남녀 갈등 해결 방안"
  }
}