{
  "paragraph": [
    {
      "paragraph_txt": "혐오시설이란 사람들에게 불쾌감을 주는 시설을 말한다.#@문장구분# 혐오시설의 종류는 다양한데 소음이 잦거나 쾌적하지 못한 시설을 주로 혐오 시설이라고 한다. #@문장구분#그러나 사람들을 자신의 아파트 가격이 떨어지는 것을 우려하여 노인요양시설을 혐오시설로 취급하면서 노인요양시설이 지어지는 것에 대해 반대를 하고 있다.#@문장구분#",
      "paragraph_len": 224,
      "paragraph_id": "001"
    },
    {
      "paragraph_txt": " 이러한 사회 문제를 해결하기 위한 방안으로는 첫 번째로 노인요양시설에서 노인 분들을 잘 보살펴 드리고 요양시설의 내부도 쾌적하게 유지하며 주민 분들의 인식이 좋게 변하도록 하는 것이다.#@문장구분# 그리고 시설 건물의 외양을 하나의 예술 작품처럼 예쁘게 꾸며 주민들이 거부감이 들지 않도록 하는 것이다. #@문장구분#시설을 예술 작품처럼 꾸민다면 사람들은 이를 보러 그 지역에 놀러 갈 수도 있고 그러면 이 시설이 지역의 하나의 랜드마크가 되어 오히려 집값이 크게 오를 수도 있다.#@문장구분#",
      "paragraph_len": 316,
      "paragraph_id": "002"
    },
    {
      "paragraph_txt": " 다음으로는 노인요양시설 안에 재활 병원, 체육 공원, 휴게 시설 등의 편의 시설들을 설치하여 사람들의 노인요양시설에 대한 인식을 긍정적으로 바꾸는 것이다.#@문장구분# 내부에 그러한 편의 시설들이 설치된다면 노인요양시설을 이용하는 사람들도 더 편안하게 이용할 수 있을 것이다.#@문장구분# ",
      "paragraph_len": 189,
      "paragraph_id": "003"
    },
    {
      "paragraph_txt": " 마지막으로는 노인요양시설을 설치했을 때 집값이 더 오른 실제 사례들을 주민들에게 제시하여 주민들의 노인요양시설 건립에 대한 생각을 바꾸도록 설득하는 것이다. #@문장구분#주민들이 노인요양시설 건립을 반대하는 주된 이유는 자신의 집값이 떨어지는 것이기 때문에 집값이 오른 실제 사례들을 보여준다면 사람들의 걱정을 잠재워 사람들의 생각까지 바꿀 수 있을 것이다.#@문장구분#",
      "paragraph_len": 234,
      "paragraph_id": "004"
    },
    {
      "paragraph_txt": " 사람들이 혐오시설 건립을 꺼리는 이유는 집값이 떨어진다는 이유가 제일 크다.#@문장구분# 위에 제시된 해결방안들은 다 집값이 떨어지는 것을 방지하고 오히려 집값이 오를 수도 있는 방안들이기 때문에 위의 해결방안들을 이용해 사람들이 혐오 시설을 덜 꺼릴 수 있게 되면 좋을 것 같다.#@문장구분#",
      "paragraph_len": 191,
      "paragraph_id": "005"
    }
  ],
  "score": {
    "paragraph_score": [
      {
        "paragraph_scoreT": [
          3,
          3,
          2
        ],
        "paragraph_scoreT_detail": {
          "paragraph_scoreT_exp": [
            [
              3,
              3,
              3
            ],
            [
              3,
              3,
              3
            ],
            [
              2,
              2,
              2
            ]
          ]
        },
        "paragraph_scoreT_avg": 2.6666667,
        "paragraph_id": "001"
      },
      {
        "paragraph_scoreT": [
          3,
          3,
          2.2
        ],
        "paragraph_scoreT_detail": {
          "paragraph_scoreT_exp": [
            [
              3,
              3,
              3
            ],
            [
              3,
              3,
              3
            ],
            [
              3,
              2,
              2
            ]
          ]
        },
        "paragraph_scoreT_avg": 2.7333333,
        "paragraph_id": "002"
      },
      {
        "paragraph_scoreT": [
          3,
          3,
          3
        ],
        "paragraph_scoreT_detail": {
          "paragraph_scoreT_exp": [
            [
              3,
              3,
              3
            ],
            [
              3,
              3,
              3
            ],
            [
              3,
              3,
              3
            ]
          ]
        },
        "paragraph_scoreT_avg": 3,
        "paragraph_id": "003"
      },
      {
        "paragraph_scoreT": [
          3,
          3,
          3
        ],
        "paragraph_scoreT_detail": {
          "paragraph_scoreT_exp": [
            [
              3,
              3,
              3
            ],
            [
              3,
              3,
              3
            ],
            [
              3,
              3,
              3
            ]
          ]
        },
        "paragraph_scoreT_avg": 3,
        "paragraph_id": "004"
      },
      {
        "paragraph_scoreT": [
          3,
          3,
          3
        ],
        "paragraph_scoreT_detail": {
          "paragraph_scoreT_exp": [
            [
              3,
              3,
              3
            ],
            [
              3,
              3,
              3
            ],
            [
              3,
              3,
              3
            ]
          ]
        },
        "paragraph_scoreT_avg": 3,
        "paragraph_id": "005"
      }
    ],
    "essay_scoreT": [
      29.7,
      28.8,
      26
    ],
    "essay_scoreT_avg": 28.166666,
    "essay_scoreT_detail": {
      "essay_scoreT_org": [
        [
          3,
          0,
          3,
          2
        ],
        [
          3,
          0,
          3,
          3
        ],
        [
          3,
          0,
          3,
          3
        ]
      ],
      "essay_scoreT_cont": [
        [
          3,
          3,
          3,
          3
        ],
        [
          3,
          2,
          3,
          3
        ],
        [
          3,
          2,
          2,
          3
        ]
      ],
      "essay_scoreT_exp": [
        [
          3,
          3,
          3
        ],
        [
          3,
          3,
          3
        ],
        [
          3,
          2,
          2
        ]
      ]
    }
  },
  "student": {
    "date": "2021.09.07",
    "student_educated": true,
    "student_grade": "고등_1학년",
    "location": "051",
    "student_grade_group": "고등",
    "student_reading": 1
  },
  "rubric": {
    "essay_grade": "고등_1학년",
    "organization_weight": {
      "org_paragraph": 0,
      "org": 3,
      "org_essay": 6,
      "org_coherence": 3,
      "org_quantity": 1
    },
    "essay_type": "대안제시",
    "content_weight": {
      "con_clearance": 3,
      "con_novelty": 3,
      "con": 4,
      "con_prompt": 1,
      "con_description": 3
    },
    "essay_main_subject": "혐오시설 건설문제에 대한 본인의 생각",
    "expression_weight": {
      "exp_style": 4,
      "exp_grammar": 2,
      "exp_vocab": 4,
      "exp": 3
    }
  },
  "correction": [],
  "info": {
    "essay_id": "ESSAY_33875",
    "essay_prompt": " 혐오 시설이란 지역 주민에게 공포감이나 고통을 주거나, 주변 지역의 쾌적성이 훼손됨으로써 집값이나 땅값이 내려가는 등 부정적인 외부효과를 유발하는 시설을 의미합니다.\n\n 대표적인 혐오 시설에는 쓰레기 매립장, 원자력발전소, 소각장, 유류저장소 등이 있습니다.\n\n 매립지, 소각장, 쓰레기 하치장 같은 혐오 시설은 그리 위험하지는 않지만, 쓰레기를 취급한다는 점에서 혐오감을 주며, 주변 환경오염 문제가 갈등을 일으킵니다. 특히 소각장은 인구밀도가 높은 대도시에 건설된다는 점에서 반대 운동이 일기도 합니다.\n\n 그런데 서로 반대만 하다 보면 입지를 찾지 못해 결국 모든 주민의 삶의 질이 저하될 수 있습니다.\n\n 정부 차원에서 가장 적절한 장소를 선별하여 건설 후 주변 사람들에게 혜택을 주는 방식이 적절한 방법일까요? 아니면 혐오 시설만을 모아둔 부지를 따로 정해서 건설해야 할까요? 아니면 모든 도시가 공평하게 혐오 시설 건설에 대한 부담을 지니고 하나씩 건설해야 할까요?\n\n 모두가 만족할만한 결과를 내기란 정말 어려운 문제이지만 여러분이 생각하는 가장 합리적이고 좋은 방법을 생각해보세요. 그리고 그 방법을 대안으로 제시하고 그 근거에 대해 작성해주세요.",
    "essay_type": "대안제시",
    "essay_level": "1",
    "essay_len": 924,
    "essay_main_subject": "혐오시설 건설문제에 대한 본인의 생각"
  }
}