{
  "paragraph": [
    {
      "paragraph_txt": "제가 생각하는 양성평등에 가까워지는 방법은 같은 기준입니다.#@문장구분# 현재 우리나라에서  양성평등을 외치는 사람들의 의견을 들어보면, 남녀 모두가 똑같은 대우를 받는 것입니다.#@문장구분# 하지만 저는 모두가 똑같은 대우를 받는 것은 불가능하다고 생각합니다.#@문장구분#직무 수행 능력이 뛰어난 사람과 수행 능력이 떨어지는 사람과 임금은 당연히 다를 수밖에 없습니다.#@문장구분# 하지만 우리나라에서 평등을 외치는 사람들은 오직 동일 임금만을 외치고 있습니다.#@문장구분# 자신이 한 만큼 버는 곳이 회사이지만, 이들은 노동의 강도나 양을 고려하지 않고, 받는 임금이 다른 이유가 그저 남녀라고 생각합니다.#@문장구분# 하지만 이런 노동의 강도가 다른 일을 뽑을 때는 남녀의 기준이 다른데, 그런 이유가 무엇입니까?#@문장구분# 바로 남녀의 신체적 차이 때문입니다.#@문장구분# 대체적으로 남자가 여자보다 체내 근육량이 더 많기 때문에 몸을 쓰는 직종들은 남자를 선호합니다. #@문장구분#그리고 몸을 쓰는 대부분의 직업들은 입금을 많이 받는 편입니다.#@문장구분# 그렇다면 이런 문제점들을 해결하기 위해서는 무엇이 필요합니까?#@문장구분# 바로 직원을 뽑는 기준입니다.#@문장구분# 대부분의 회사들은 여자와 남자의 기준이 다른데 이러한 문제점들을 고치기 위해서는, 바로 기준을 남녀 모두 똑같이 하는 것입니다.#@문장구분# 예를 들자면, 현재 우리나라의 경찰 신체 검사 기준은 남자가 여자보다 더 높은 기준을 요구합니다.#@문장구분# 하지만 영미권의 경우는 남녀가 동일한 기준을 요구합니다.#@문장구분# 이처럼 기준의 남녀의 차이를 두지 않고 같게 하는 것입니다. #@문장구분#앞으로 남녀 서로 차별하지 않고 서로서로 존중하고 배려해주는 사회가 와서 갈등같은 것은 사라지는 행복하고 예쁜 사회가 왔으면 좋겠습니다.#@문장구분#",
      "paragraph_len": 1133,
      "paragraph_id": "001"
    }
  ],
  "score": {
    "paragraph_score": [
      {
        "paragraph_scoreT": [
          2.4,
          2.4,
          2
        ],
        "paragraph_scoreT_detail": {
          "paragraph_scoreT_exp": [
            [
              2,
              2,
              3
            ],
            [
              2,
              3,
              2
            ],
            [
              2,
              2,
              2
            ]
          ]
        },
        "paragraph_scoreT_avg": 2.2666667,
        "paragraph_id": "001"
      }
    ],
    "essay_scoreT": [
      25.800001,
      23.3,
      23.6
    ],
    "essay_scoreT_avg": 24.233332,
    "essay_scoreT_detail": {
      "essay_scoreT_org": [
        [
          3,
          0,
          3,
          3
        ],
        [
          2,
          0,
          3,
          2
        ],
        [
          2,
          0,
          3,
          3
        ]
      ],
      "essay_scoreT_cont": [
        [
          3,
          2,
          3,
          2
        ],
        [
          3,
          2,
          2,
          2
        ],
        [
          3,
          2,
          2,
          3
        ]
      ],
      "essay_scoreT_exp": [
        [
          2,
          2,
          3
        ],
        [
          2,
          3,
          2
        ],
        [
          2,
          2,
          2
        ]
      ]
    }
  },
  "student": {
    "date": "2021.11.12",
    "student_educated": true,
    "student_grade": "고등_1학년",
    "location": "054",
    "student_grade_group": "고등",
    "student_reading": 1
  },
  "rubric": {
    "essay_grade": "고등_1학년",
    "organization_weight": {
      "org_paragraph": 0,
      "org": 3,
      "org_essay": 6,
      "org_coherence": 3,
      "org_quantity": 1
    },
    "essay_type": "대안제시",
    "content_weight": {
      "con_clearance": 3,
      "con_novelty": 3,
      "con": 4,
      "con_prompt": 1,
      "con_description": 3
    },
    "essay_main_subject": "남녀 갈등 해결 방안",
    "expression_weight": {
      "exp_style": 4,
      "exp_grammar": 2,
      "exp_vocab": 4,
      "exp": 3
    }
  },
  "correction": [],
  "info": {
    "essay_id": "ESSAY_44862",
    "essay_prompt": " 남녀 갈등은 최근 우리 사회에서 가장 뜨거운 이슈 중 하나입니다. 이러한 갈등은 아직 간극을 좁히지 못하고 현재 사회적인 문제로 자리 잡았습니다.\n\n 군 가산점 문제, 일자리 문제 등 여러 가지 비교 자료들을 토대로 토론을 하고 이를 통해 갈등을 해결하고자 하는 노력이 이루어지고 있습니다.\n\n 과거에는 성차별 심했던 시기가 있었습니다. 여자와 남자를 구별 지어 일을 주는 경우도 많았습니다. 하지만, 현재는 여자와 남자라는 성별을 떠나서 나이, 국적을 불문하고 모두에게 평등한 기회를 주기 위해 노력하고 있습니다.\n\n 이렇게 모두의 노력에도 불구하고 아직 해결되지 않았거나 해결될 기미가 보이지 않는 양성평등 문제가 있을까요?\n\n 아주 작은 사소한 일이라도 좋습니다. 여러분이 생각하는 우리 주변의 양성평등 문제를 하나 작성해보고 어떻게 해결할 수 있을지 혹은 무엇이 바뀌어야 해결될 것 같은지 본인의 생각을 설명해주세요. ",
    "essay_type": "대안제시",
    "essay_level": "1",
    "essay_len": 794,
    "essay_main_subject": "남녀 갈등 해결 방안"
  }
}