{
  "paragraph": [
    {
      "paragraph_txt": "남혐, 여혐 등 혐오 표현이 우리의 일상이 되었다. #@문장구분#이러한 문제를 해결하려면 첫 번째로 인터넷 댓글 기능에 혐오 표현을 못 쓰게 하는 기능을 만들면 좋을 것 같다.#@문장구분# 기술이 발달하면서 요즘에는 휴대전화나 컴퓨터가 없는 집은 보기 힘들다.#@문장구분# 심지어 유치원생들도 놀 때 TV대신 부모의 휴대전화로 유튜브를 많이 본다.#@문장구분# 이렇게 어린 나이에 무분별한 혐오 표현에 노출되기 쉬워졌다.#@문장구분# 따라서 인터넷 기사나 유튜브의 댓글에 혐오 표현 방지 기능이 생기면 어린아이들이 일찍부터 혐오 표현에 노출되는 일을 조금이나마 줄일 수 있다. #@문장구분#두 번째 해결방안으로는 성평등 교육을 지금보다 더 확실히 해야한다. #@문장구분#요즘 특히 학교에서는 성평등 교육을 안 하는 학교가 드물다.#@문장구분# 하지만 중요한 성평등 교육을 학교 방송으로만 하게 되면 대면 수업보다 학생들의 집중력이 떨어진다.#@문장구분# 결국 성평등에 주의깊은 학생이 아니라면 자신들의 떠드는 시간으로 보내버린다.#@문장구분# 따라서 비대면으로 했을 때 집중을 못 하는 학생들을 위해 대면 수업으로 더욱 집중적으로 교육을 하는 것이 필요하다고 생각한다.#@문장구분# 마지막 해결방안으로는 성평등 챌린지를 하면 좋을 것 같다.#@문장구분# 유명 연예인들이나 유튜버, 또는 일반인들이 이런 챌린지 영상을 만들어 올리면 인터넷을 보는 사람들에게 좋은 영향력을 끼치고, 성차별에 대한 경각심을 키워줄 수 있다고 생각한다. #@문장구분#특히 10대들이 많이 보는 곳에 올리면 혐오 표현 노출도 줄게 되어서 sns를 적극 활용하면 좋을 것 같다.#@문장구분# 혐오 표현이 무분별하게 사용되는게 슬펐지만 이것을 해결하기 위해서 여러 사람들이 노력해주어 행복한 사회가 되었으면 좋겠다.#@문장구분#",
      "paragraph_len": 1090,
      "paragraph_id": "001"
    }
  ],
  "score": {
    "paragraph_score": [
      {
        "paragraph_scoreT": [
          3,
          2.2,
          2
        ],
        "paragraph_scoreT_detail": {
          "paragraph_scoreT_exp": [
            [
              3,
              3,
              3
            ],
            [
              3,
              2,
              2
            ],
            [
              2,
              2,
              2
            ]
          ]
        },
        "paragraph_scoreT_avg": 2.3999999,
        "paragraph_id": "001"
      }
    ],
    "essay_scoreT": [
      30,
      27.300001,
      22.5
    ],
    "essay_scoreT_avg": 26.6,
    "essay_scoreT_detail": {
      "essay_scoreT_org": [
        [
          3,
          0,
          3,
          3
        ],
        [
          3,
          0,
          3,
          2
        ],
        [
          2,
          0,
          3,
          2
        ]
      ],
      "essay_scoreT_cont": [
        [
          3,
          3,
          3,
          3
        ],
        [
          3,
          3,
          3,
          3
        ],
        [
          3,
          2,
          3,
          2
        ]
      ],
      "essay_scoreT_exp": [
        [
          3,
          3,
          3
        ],
        [
          3,
          2,
          2
        ],
        [
          2,
          2,
          2
        ]
      ]
    }
  },
  "student": {
    "date": "2021.09.10",
    "student_educated": true,
    "student_grade": "고등_1학년",
    "location": "051",
    "student_grade_group": "고등",
    "student_reading": 3
  },
  "rubric": {
    "essay_grade": "고등_1학년",
    "organization_weight": {
      "org_paragraph": 0,
      "org": 3,
      "org_essay": 6,
      "org_coherence": 3,
      "org_quantity": 1
    },
    "essay_type": "대안제시",
    "content_weight": {
      "con_clearance": 3,
      "con_novelty": 3,
      "con": 4,
      "con_prompt": 1,
      "con_description": 3
    },
    "essay_main_subject": "남녀 갈등 해결 방안",
    "expression_weight": {
      "exp_style": 4,
      "exp_grammar": 2,
      "exp_vocab": 4,
      "exp": 3
    }
  },
  "correction": [],
  "info": {
    "essay_id": "ESSAY_34311",
    "essay_prompt": " 남녀 갈등은 최근 우리 사회에서 가장 뜨거운 이슈 중 하나입니다. 이러한 갈등은 아직 간극을 좁히지 못하고 현재 사회적인 문제로 자리 잡았습니다.\n\n 군 가산점 문제, 일자리 문제 등 여러 가지 비교 자료들을 토대로 토론을 하고 이를 통해 갈등을 해결하고자 하는 노력이 이루어지고 있습니다.\n\n 과거에는 성차별 심했던 시기가 있었습니다. 여자와 남자를 구별 지어 일을 주는 경우도 많았습니다. 하지만, 현재는 여자와 남자라는 성별을 떠나서 나이, 국적을 불문하고 모두에게 평등한 기회를 주기 위해 노력하고 있습니다.\n\n 이렇게 모두의 노력에도 불구하고 아직 해결되지 않았거나 해결될 기미가 보이지 않는 양성평등 문제가 있을까요?\n\n 아주 작은 사소한 일이라도 좋습니다. 여러분이 생각하는 우리 주변의 양성평등 문제를 하나 작성해보고 어떻게 해결할 수 있을지 혹은 무엇이 바뀌어야 해결될 것 같은지 본인의 생각을 설명해주세요. ",
    "essay_type": "대안제시",
    "essay_level": "1",
    "essay_len": 790,
    "essay_main_subject": "남녀 갈등 해결 방안"
  }
}