{
  "paragraph": [
    {
      "paragraph_txt": "거주지 근처에 소각장을 설치하는 것에 대해서 찬성하는 사람들과 반대하는 사람들과의 갈등이 일어나고 있다고 한다.#@문장구분# '신규 광역자원회수시설(쓰레기 소각장) 건립 설문조사 결과'에 따르면 서울시민의 69.6%는 '거주지 근처에 소각장을 설치하는 데 찬성하느냐'는 질문에 \"그렇다\"라고 답했다.#@문장구분# 반대는 25.7%, 모름은 4.7%였다.#@문장구분# '쓰레기 소각장에 대해 어떻게 생각하느냐'는 질문에는 '어쩔 수 없이 선택해야 할 시설'이라는 응답이 72.7%로 가장 많았고, 이어 '쓰레기처리 문제 해결 좋은 방법'은 20.6%, '혐오 시설'은 5.2%등의 순이었다.#@문장구분# 소각장 설치에 반대하는 이유로는 '건강상 피해'는 52.0%, '소각시설 발생 악취'는 11.9%, '운반 차량으로 인한 황경오염'은 11.9%, '경제적 손실'은 10.1%, 기타 4.2% 등의 순으로 응답이 많았다.#@문장구분# 소각장 설치를 반대하는 주민을 가장 효과적으로 설득할 수 있는 방법으로는 76.5%가 '소각장 지하 설치, 지상에 공원, 체육시설 등 주민편익시설 설치, 난방료 지원 등 혜택 제공'을 꼽았다.#@문장구분# 쓰레기 소각장 설치에 따른 경제적 혜택으로는 '난방요금 및 아파트 관리비 지원'이 69.5%로 가장 많았고 이어 '주민편익시설 설치 및 이용료 감면'이 48.2%, '주민고용 일자리 창출'이 37.7% 등의 순이었다.#@문장구분# 한편 서울시가 자치구청장 25명에게 별도로 찬반 의견을 물은 결과 응답자 20명 가운데 17명은 쓰레기 소각장 설치를 반대했다.#@문장구분# 앞서 말했듯이 거주지 근처에 소각장을 설치하는 것에 대해서 찬성하는 사람들과 반대하는 사람들과의 갈등이 일어나고 있다고 말했는데, 이에 대한 나의 의견은 쓰레기 소각장을 거주지 근처에 설치하는 것에 찬성하고, 이유는 인구 밀도가 높으면 높을수록 쓰레기의 양도 증가할 것이고, 이를 처리하기 위해 소각장이 필요할 것이다.#@문장구분# 다시 말해서 어쩔 수 없이 설치해야 하는 시설이라고 생각을 한다.#@문장구분# 대신 거주지 근처에 소각장을 설치하는 것에 대해서 반대하는 사람들을 설득하기 위해서 조사결과에서 말했듯이 소각장을 지하에 설치하는 것도 좋은 방안이고, 나의 생각은 소각장에서 정말로 건강을 해치는 유해 물질이 나오는지 확인하고, 만약 나온다면 이 수치를 모두가 볼 수 있게 제공 하고, 이에 따른 혜택을 제공하는 것도 좋은 방안이라고 생각을 한다.#@문장구분#",
      "paragraph_len": 1364,
      "paragraph_id": "001"
    }
  ],
  "score": {
    "paragraph_score": [
      {
        "paragraph_scoreT": [
          3,
          3,
          3
        ],
        "paragraph_scoreT_detail": {
          "paragraph_scoreT_exp": [
            [
              3,
              3,
              3
            ],
            [
              3,
              3,
              3
            ],
            [
              3,
              3,
              3
            ]
          ]
        },
        "paragraph_scoreT_avg": 3,
        "paragraph_id": "001"
      }
    ],
    "essay_scoreT": [
      30,
      28.8,
      30
    ],
    "essay_scoreT_avg": 29.6,
    "essay_scoreT_detail": {
      "essay_scoreT_org": [
        [
          3,
          0,
          3,
          3
        ],
        [
          3,
          0,
          3,
          3
        ],
        [
          3,
          0,
          3,
          3
        ]
      ],
      "essay_scoreT_cont": [
        [
          3,
          3,
          3,
          3
        ],
        [
          3,
          2,
          3,
          3
        ],
        [
          3,
          3,
          3,
          3
        ]
      ],
      "essay_scoreT_exp": [
        [
          3,
          3,
          3
        ],
        [
          3,
          3,
          3
        ],
        [
          3,
          3,
          3
        ]
      ]
    }
  },
  "student": {
    "date": "2021.10.24",
    "student_educated": true,
    "student_grade": "고등_1학년",
    "location": "063",
    "student_grade_group": "고등",
    "student_reading": 1
  },
  "rubric": {
    "essay_grade": "고등_1학년",
    "organization_weight": {
      "org_paragraph": 0,
      "org": 3,
      "org_essay": 6,
      "org_coherence": 3,
      "org_quantity": 1
    },
    "essay_type": "대안제시",
    "content_weight": {
      "con_clearance": 3,
      "con_novelty": 3,
      "con": 4,
      "con_prompt": 1,
      "con_description": 3
    },
    "essay_main_subject": "혐오시설 건설문제에 대한 본인의 생각",
    "expression_weight": {
      "exp_style": 4,
      "exp_grammar": 2,
      "exp_vocab": 4,
      "exp": 3
    }
  },
  "correction": [],
  "info": {
    "essay_id": "ESSAY_42646",
    "essay_prompt": " 혐오 시설이란 지역 주민에게 공포감이나 고통을 주거나, 주변 지역의 쾌적성이 훼손됨으로써 집값이나 땅값이 내려가는 등 부정적인 외부효과를 유발하는 시설을 의미합니다.\n\n 대표적인 혐오 시설에는 쓰레기 매립장, 원자력발전소, 소각장, 유류저장소 등이 있습니다.\n\n 매립지, 소각장, 쓰레기 하치장 같은 혐오 시설은 그리 위험하지는 않지만, 쓰레기를 취급한다는 점에서 혐오감을 주며, 주변 환경오염 문제가 갈등을 일으킵니다. 특히 소각장은 인구밀도가 높은 대도시에 건설된다는 점에서 반대 운동이 일기도 합니다.\n\n 그런데 서로 반대만 하다 보면 입지를 찾지 못해 결국 모든 주민의 삶의 질이 저하될 수 있습니다.\n\n 정부 차원에서 가장 적절한 장소를 선별하여 건설 후 주변 사람들에게 혜택을 주는 방식이 적절한 방법일까요? 아니면 혐오 시설만을 모아둔 부지를 따로 정해서 건설해야 할까요? 아니면 모든 도시가 공평하게 혐오 시설 건설에 대한 부담을 지니고 하나씩 건설해야 할까요?\n\n 모두가 만족할만한 결과를 내기란 정말 어려운 문제이지만 여러분이 생각하는 가장 합리적이고 좋은 방법을 생각해보세요. 그리고 그 방법을 대안으로 제시하고 그 근거에 대해 작성해주세요.",
    "essay_type": "대안제시",
    "essay_level": "1",
    "essay_len": 1144,
    "essay_main_subject": "혐오시설 건설문제에 대한 본인의 생각"
  }
}