{
  "paragraph": [
    {
      "paragraph_txt": "지난 몇 년간 다른 나라들은 체르노빌 원전 사고, 후쿠시마 원전 사고 등 원자력발전소의 위험성을 인지하고 탈원전을 시행하는 가운데 우리나라는 참 아이러니하게도 원자력발전소를 더 지으려 하고 심지어는 수명이 끝난 원자력발전소를 보수하여 재가동까지 하려 했다.#@문장구분# 물론 원자력발전소 사고가 극히 드물고 내진설 비까지 되어있다고는 하지만 그 위험성이 너무나도 큰데 우리나라는 왜 이렇게 원자력발전소에 집착을하고 이를 해결하려면 무엇을 해야 할까?#@문장구분# 먼저 우리나라가 원자력발전소애 집착하는 이유는 다른 발전소에 비해 많은 전기를 얻을 수 있고 심지어 어떠한 매연도 나오지 않아 비교적 친환경적이란 것이다.#@문장구분# 하지만 매년 방사능 폐기물 문제도 심각한 수준이고 위험성도 높다. #@문장구분#이를 해결하기 위해서 첫 번째로는 우리가 전기에너지를 아껴 써야 한다.#@문장구분# 원자력발전소가 만들어내는 많은 양의 전기가 필요한 이유는 우리가 그만큼 전기를 많이 소비한다는 것이다.#@문장구분# 우리가 전기사용을 줄인다면 원자력발전소에 의존하지 않아도 된다.#@문장구분# 두 번째로는 원자력을 대체할 에너지의 개발이다.#@문장구분# 원자력을 대체할 안전하고 친환경적인 에너지를 연구 및 개발만 한다면 더 이상 원자력발전소에 의존하지 않아도 될 것이고 원자력발전소는 점차 사라질 것이다. #@문장구분#세 번째로는 원자력발전소의 위험성을 최소화하는 방법에  대한 연구 및 개발을 하는 것이다.#@문장구분# 원자력발전소의 가장 큰 문제점은 만약 사고가 났을 때 그 피해가 크다는 것이다.#@문장구분# 이것을 해결하기 위한 여러 방법들을 연구하여 원자력발전소가 더 이상 위험하지 않다면 원자력발전소는 많은 전기에너지를 생산하는 동시에 친환경적인 그야말로 꿈의 에너지가 될 것이다.#@문장구분# 물론 위의 세가지 방법이 실현 가능성이 희박할지 몰라도 성공한다면 정말 효과적인 해결책이 될 것이다.#@문장구분#",
      "paragraph_len": 1128,
      "paragraph_id": "001"
    }
  ],
  "score": {
    "paragraph_score": [
      {
        "paragraph_scoreT": [
          3,
          2,
          3
        ],
        "paragraph_scoreT_detail": {
          "paragraph_scoreT_exp": [
            [
              3,
              3,
              3
            ],
            [
              2,
              2,
              2
            ],
            [
              3,
              3,
              3
            ]
          ]
        },
        "paragraph_scoreT_avg": 2.6666667,
        "paragraph_id": "001"
      }
    ],
    "essay_scoreT": [
      26.3,
      24.300001,
      30
    ],
    "essay_scoreT_avg": 26.866667,
    "essay_scoreT_detail": {
      "essay_scoreT_org": [
        [
          2,
          0,
          3,
          2
        ],
        [
          3,
          0,
          3,
          2
        ],
        [
          3,
          0,
          3,
          3
        ]
      ],
      "essay_scoreT_cont": [
        [
          2,
          3,
          2,
          3
        ],
        [
          3,
          2,
          3,
          2
        ],
        [
          3,
          3,
          3,
          3
        ]
      ],
      "essay_scoreT_exp": [
        [
          3,
          3,
          3
        ],
        [
          2,
          2,
          2
        ],
        [
          3,
          3,
          3
        ]
      ]
    }
  },
  "student": {
    "date": "2021.09.07",
    "student_educated": true,
    "student_grade": "고등_1학년",
    "location": "051",
    "student_grade_group": "고등",
    "student_reading": 1
  },
  "rubric": {
    "essay_grade": "고등_1학년",
    "organization_weight": {
      "org_paragraph": 0,
      "org": 3,
      "org_essay": 6,
      "org_coherence": 3,
      "org_quantity": 1
    },
    "essay_type": "대안제시",
    "content_weight": {
      "con_clearance": 3,
      "con_novelty": 3,
      "con": 4,
      "con_prompt": 1,
      "con_description": 3
    },
    "essay_main_subject": "혐오시설 건설문제에 대한 본인의 생각",
    "expression_weight": {
      "exp_style": 4,
      "exp_grammar": 2,
      "exp_vocab": 4,
      "exp": 3
    }
  },
  "correction": [],
  "info": {
    "essay_id": "ESSAY_33866",
    "essay_prompt": " 혐오 시설이란 지역 주민에게 공포감이나 고통을 주거나, 주변 지역의 쾌적성이 훼손됨으로써 집값이나 땅값이 내려가는 등 부정적인 외부효과를 유발하는 시설을 의미합니다.\n\n 대표적인 혐오 시설에는 쓰레기 매립장, 원자력발전소, 소각장, 유류저장소 등이 있습니다.\n\n 매립지, 소각장, 쓰레기 하치장 같은 혐오 시설은 그리 위험하지는 않지만, 쓰레기를 취급한다는 점에서 혐오감을 주며, 주변 환경오염 문제가 갈등을 일으킵니다. 특히 소각장은 인구밀도가 높은 대도시에 건설된다는 점에서 반대 운동이 일기도 합니다.\n\n 그런데 서로 반대만 하다 보면 입지를 찾지 못해 결국 모든 주민의 삶의 질이 저하될 수 있습니다.\n\n 정부 차원에서 가장 적절한 장소를 선별하여 건설 후 주변 사람들에게 혜택을 주는 방식이 적절한 방법일까요? 아니면 혐오 시설만을 모아둔 부지를 따로 정해서 건설해야 할까요? 아니면 모든 도시가 공평하게 혐오 시설 건설에 대한 부담을 지니고 하나씩 건설해야 할까요?\n\n 모두가 만족할만한 결과를 내기란 정말 어려운 문제이지만 여러분이 생각하는 가장 합리적이고 좋은 방법을 생각해보세요. 그리고 그 방법을 대안으로 제시하고 그 근거에 대해 작성해주세요.",
    "essay_type": "대안제시",
    "essay_level": "1",
    "essay_len": 870,
    "essay_main_subject": "혐오시설 건설문제에 대한 본인의 생각"
  }
}