{
  "paragraph": [
    {
      "paragraph_txt": "위의 문제 상황에서 여성과 남성들이 서로를 혐오하고 멀리하는 이유는 따로있다.#@문장구분# 바로 일부 남성, 여성들이 거짓 혐오소문을 퍼뜨리는 것이다.#@문장구분# 왜냐하면 실제로 차별을 겪고 자란 세대는 바로 우리 어머니 세대이거늘, 혜택이란 혜택은 다 받고 자란 20대 여성들이 권리를 주장한다는 것이다. #@문장구분#20대 남성군인 들이 나라를 지켜주는 대가로 스타벅스가 커피할인 이벤트를 진행했을 때, 여성혐오라며 스타벅스를 공격하던 일부 여성들, 나라를 지키는 댓가로 받던 군가산점마저 여성혐오라며 폐지하고, '보'라는 글자가 여성의 성기를 뜻하고 한국 남자는 모두 벌레라고 정의한 어느 세종대 교수의 논문까지..#@문장구분# 이를 막기 위해선 보다 강력한 대안이 필요하다. #@문장구분#그 대안 중 첫 번째로, 여성가족부를 폐지해야한다.#@문장구분# 김대중 정부때 창설된 여성가족부는 OECD국가중 대한민국 여성인권 순위가 최하위권이라며 통계를 조작하여 발표하였고, 성인지 예산 36조원으로 80만원짜리 고급 코스요리 회식을 하고, 여성전용 도서관, 여성전용 영화관등 장애인들 전용도 없는 마당에 그러한 시설을 국민의 혈세로 만들어 여성들을 장애인보다도 못한 존재로 만들었다.#@문장구분# 또한 박원순, 오거돈 성추행사태때 누구보다 먼저 여성 피해자를 두둔해야 했음에도 불구하고, 이를 침묵했다.#@문장구분# 여성의 권리를 증진한다는 부서가 오히려 여성의 권리를 짓밟은 셈이다.#@문장구분# 따라서, 이따위 세금도둑부를 폐지하고, 이에 들어가던 세금을 지역경제 활성화, 청년층 자금지원, 6.25전쟁 참전용사분들게 나누어 드리는 것이 옳다고 본다.#@문장구분# 두 번째는, 거짓 혐오소문을 퍼뜨리는 사람들에 대한 처벌강화이다.#@문장구분# 있지도 않은 거짓 소문을 퍼뜨리고 분열을 조장하는 세력은 강력한 처벌을 받아야 마땅하다.#@문장구분# 실제로, 여성혐오를 규탄한다는 집회를 열어대던 어느 한 '정당'의 단체 채팅방에서, 대표라는 사람이 차마 눈 뜨고 보기 힘들정도의 남성비하표현과 혐오표현을 사용했으며, 단지 기자가 남자라는 이유로 성차별적 표현을 남발하고 비하했다.#@문장구분# 언론조작과 통계 조작으로 얼룩져 있었다.#@문장구분# 이를 막기 위해선 처벌을 강화하고 엄중한 벌을 내리는 것이 필수적이다 라고 본다.#@문장구분# 마지막으로, 우리들의 서로를 향한 존중이다.#@문장구분# 서로에 대해 까내리기 전에 이것이 옳은 행동인가를 생각하고, 여성과 남성혐오 표현들을 쓰지 않고, 서로서로를 보듬어 주며 살아간다면 우리 사회는 더 나은 성평등사회로 나아갈 수 있을 것이다.#@문장구분#",
      "paragraph_len": 1511,
      "paragraph_id": "001"
    }
  ],
  "score": {
    "paragraph_score": [
      {
        "paragraph_scoreT": [
          2,
          2.8,
          1.6
        ],
        "paragraph_scoreT_detail": {
          "paragraph_scoreT_exp": [
            [
              2,
              2,
              2
            ],
            [
              2,
              3,
              3
            ],
            [
              2,
              1,
              2
            ]
          ]
        },
        "paragraph_scoreT_avg": 2.1333334,
        "paragraph_id": "001"
      }
    ],
    "essay_scoreT": [
      23.099998,
      28.2,
      18.8
    ],
    "essay_scoreT_avg": 23.366667,
    "essay_scoreT_detail": {
      "essay_scoreT_org": [
        [
          2,
          0,
          2,
          3
        ],
        [
          3,
          0,
          3,
          3
        ],
        [
          2,
          0,
          2,
          2
        ]
      ],
      "essay_scoreT_cont": [
        [
          3,
          2,
          3,
          3
        ],
        [
          3,
          2,
          3,
          3
        ],
        [
          2,
          2,
          2,
          2
        ]
      ],
      "essay_scoreT_exp": [
        [
          2,
          2,
          2
        ],
        [
          2,
          3,
          3
        ],
        [
          2,
          1,
          2
        ]
      ]
    }
  },
  "student": {
    "date": "2021.09.08",
    "student_educated": true,
    "student_grade": "고등_1학년",
    "location": "051",
    "student_grade_group": "고등",
    "student_reading": 3
  },
  "rubric": {
    "essay_grade": "고등_1학년",
    "organization_weight": {
      "org_paragraph": 0,
      "org": 3,
      "org_essay": 6,
      "org_coherence": 3,
      "org_quantity": 1
    },
    "essay_type": "대안제시",
    "content_weight": {
      "con_clearance": 3,
      "con_novelty": 3,
      "con": 4,
      "con_prompt": 1,
      "con_description": 3
    },
    "essay_main_subject": "남녀 갈등 해결 방안",
    "expression_weight": {
      "exp_style": 4,
      "exp_grammar": 2,
      "exp_vocab": 4,
      "exp": 3
    }
  },
  "correction": [],
  "info": {
    "essay_id": "ESSAY_34645",
    "essay_prompt": " 남녀 갈등은 최근 우리 사회에서 가장 뜨거운 이슈 중 하나입니다. 이러한 갈등은 아직 간극을 좁히지 못하고 현재 사회적인 문제로 자리 잡았습니다.\n\n 군 가산점 문제, 일자리 문제 등 여러 가지 비교 자료들을 토대로 토론을 하고 이를 통해 갈등을 해결하고자 하는 노력이 이루어지고 있습니다.\n\n 과거에는 성차별 심했던 시기가 있었습니다. 여자와 남자를 구별 지어 일을 주는 경우도 많았습니다. 하지만, 현재는 여자와 남자라는 성별을 떠나서 나이, 국적을 불문하고 모두에게 평등한 기회를 주기 위해 노력하고 있습니다.\n\n 이렇게 모두의 노력에도 불구하고 아직 해결되지 않았거나 해결될 기미가 보이지 않는 양성평등 문제가 있을까요?\n\n 아주 작은 사소한 일이라도 좋습니다. 여러분이 생각하는 우리 주변의 양성평등 문제를 하나 작성해보고 어떻게 해결할 수 있을지 혹은 무엇이 바뀌어야 해결될 것 같은지 본인의 생각을 설명해주세요. ",
    "essay_type": "대안제시",
    "essay_level": "1",
    "essay_len": 1171,
    "essay_main_subject": "남녀 갈등 해결 방안"
  }
}