{
  "paragraph": [
    {
      "paragraph_txt": "최근 코로나 19 사태가 장기화되며 혐오 표현이 급증하였다.#@문장구분# 이런 혐오 표현의 대상은 주로 사회적 약자인데, 혐오표현으로 인해 이들은 사회에서 더욱 고립되고 있다. #@문장구분#이를 막기 위해 혐오표현에 대한 대안이 꼭 필요하다.#@문장구분#",
      "paragraph_len": 181,
      "paragraph_id": "001"
    },
    {
      "paragraph_txt": " 첫째, 혐오표현에 대한 규제가 필요하다.#@문장구분# 사실 지금도 혐오표현 규제에 대한 찬반토론이 계속 이루어지고 있다.#@문장구분# 사람들의 표현의 자유가 존중되어야 한다는 주장도 맞지만, 피해가 커지고 있으므로 규제는 필수적이라 본다.#@문장구분# 따라서 혐오표현의 가장 큰 악영향인 '선동'을 법적으로 규정하고 입법화하여 형사처벌의 대상으로 삼아야 한다고 생각한다. #@문장구분#또한, 온라인 포털사이트 등에서도 규제를 해야한다.#@문장구분# 인스타그램, 페이스북 등 외국 포털사이트에는 모두 혐오표현의 정의와 관련조항이 있는 반면, 우리나라 사이트 중에는 카카오밖에 없다.#@문장구분# 따라서 모든 포털사이트에서 혐오표현을 정의하고 조항을 만들어 혐오표현 사용을 통제해야 한다.#@문장구분#",
      "paragraph_len": 482,
      "paragraph_id": "002"
    },
    {
      "paragraph_txt": " 둘째, 대항 표현을 활성화해야 한다. #@문장구분#혐오표현은 개인의 문제가 아니다.#@문장구분# 따라서 이에 대한 반응도 공동체가 함께 해야 한다. #@문장구분#혐오표현에 대해 집단적으로 반응하고 반대하는 움직임이 생긴다면 혐오표현의 피해자가 아닌 혐오표현을 사용한 사람이 고립되어 혐오표현을 줄이는 효과를 낳을 수 있을 것이다.#@문장구분#",
      "paragraph_len": 244,
      "paragraph_id": "003"
    },
    {
      "paragraph_txt": " 셋째, 혐오표현과 관련된 교육이 필요하다.#@문장구분# 현 MZ세대와 앞으로의 미래 세대는 어릴 적부터 미디어와 가까이 지내며 어린 나이에 혐오표현을 많이 접하게 될 것이다.#@문장구분# 그리고 어린 만큼 쉽게 혐오사상에 휩쓸려 선동될 우려가 있다. #@문장구분#따라서 학교에서 의무적으로 혐오표현을 가르치고, 그것이 왜 잘못되었고 대응은 어떻게 해야 하는지 세세하게 가르치며 아이들의 도덕적 윤리의식을 일깨워줘야 한다.#@문장구분#",
      "paragraph_len": 295,
      "paragraph_id": "004"
    },
    {
      "paragraph_txt": " 현재 혐오표현이 점점 심화되고 있는 만큼, 우리의 대안도 다양화되고 체계적으로 발전해야 한다.#@문장구분# 규제와 대항표현, 그리고 교육을 통해 혐오표현이 줄어들기를 바란다.#@문장구분#",
      "paragraph_len": 131,
      "paragraph_id": "005"
    }
  ],
  "score": {
    "paragraph_score": [
      {
        "paragraph_scoreT": [
          3,
          2.2,
          2.2
        ],
        "paragraph_scoreT_detail": {
          "paragraph_scoreT_exp": [
            [
              3,
              3,
              3
            ],
            [
              3,
              2,
              2
            ],
            [
              3,
              2,
              2
            ]
          ]
        },
        "paragraph_scoreT_avg": 2.4666665,
        "paragraph_id": "001"
      },
      {
        "paragraph_scoreT": [
          3,
          2.2,
          3
        ],
        "paragraph_scoreT_detail": {
          "paragraph_scoreT_exp": [
            [
              3,
              3,
              3
            ],
            [
              3,
              2,
              2
            ],
            [
              3,
              3,
              3
            ]
          ]
        },
        "paragraph_scoreT_avg": 2.7333333,
        "paragraph_id": "002"
      },
      {
        "paragraph_scoreT": [
          3,
          2.2,
          2.6
        ],
        "paragraph_scoreT_detail": {
          "paragraph_scoreT_exp": [
            [
              3,
              3,
              3
            ],
            [
              3,
              2,
              2
            ],
            [
              3,
              2,
              3
            ]
          ]
        },
        "paragraph_scoreT_avg": 2.6,
        "paragraph_id": "003"
      },
      {
        "paragraph_scoreT": [
          3,
          2.2,
          2.6
        ],
        "paragraph_scoreT_detail": {
          "paragraph_scoreT_exp": [
            [
              3,
              3,
              3
            ],
            [
              3,
              2,
              2
            ],
            [
              3,
              2,
              3
            ]
          ]
        },
        "paragraph_scoreT_avg": 2.6,
        "paragraph_id": "004"
      },
      {
        "paragraph_scoreT": [
          3,
          2.2,
          2.8
        ],
        "paragraph_scoreT_detail": {
          "paragraph_scoreT_exp": [
            [
              3,
              3,
              3
            ],
            [
              3,
              2,
              2
            ],
            [
              2,
              3,
              3
            ]
          ]
        },
        "paragraph_scoreT_avg": 2.6666667,
        "paragraph_id": "005"
      }
    ],
    "essay_scoreT": [
      22.9,
      24.900002,
      27.3
    ],
    "essay_scoreT_avg": 25.033335,
    "essay_scoreT_detail": {
      "essay_scoreT_org": [
        [
          2,
          0,
          2,
          3
        ],
        [
          3,
          0,
          3,
          2
        ],
        [
          3,
          0,
          2,
          3
        ]
      ],
      "essay_scoreT_cont": [
        [
          2,
          2,
          1,
          2
        ],
        [
          3,
          2,
          3,
          2
        ],
        [
          3,
          2,
          3,
          3
        ]
      ],
      "essay_scoreT_exp": [
        [
          3,
          3,
          3
        ],
        [
          3,
          2,
          2
        ],
        [
          2,
          3,
          3
        ]
      ]
    }
  },
  "student": {
    "date": "2021.09.07",
    "student_educated": true,
    "student_grade": "고등_1학년",
    "location": "051",
    "student_grade_group": "고등",
    "student_reading": 2
  },
  "rubric": {
    "essay_grade": "고등_1학년",
    "organization_weight": {
      "org_paragraph": 0,
      "org": 3,
      "org_essay": 6,
      "org_coherence": 3,
      "org_quantity": 1
    },
    "essay_type": "대안제시",
    "content_weight": {
      "con_clearance": 3,
      "con_novelty": 3,
      "con": 4,
      "con_prompt": 1,
      "con_description": 3
    },
    "essay_main_subject": "혐오시설 건설문제에 대한 본인의 생각",
    "expression_weight": {
      "exp_style": 4,
      "exp_grammar": 2,
      "exp_vocab": 4,
      "exp": 3
    }
  },
  "correction": [],
  "info": {
    "essay_id": "ESSAY_33870",
    "essay_prompt": " 혐오 시설이란 지역 주민에게 공포감이나 고통을 주거나, 주변 지역의 쾌적성이 훼손됨으로써 집값이나 땅값이 내려가는 등 부정적인 외부효과를 유발하는 시설을 의미합니다.\n\n 대표적인 혐오 시설에는 쓰레기 매립장, 원자력발전소, 소각장, 유류저장소 등이 있습니다.\n\n 매립지, 소각장, 쓰레기 하치장 같은 혐오 시설은 그리 위험하지는 않지만, 쓰레기를 취급한다는 점에서 혐오감을 주며, 주변 환경오염 문제가 갈등을 일으킵니다. 특히 소각장은 인구밀도가 높은 대도시에 건설된다는 점에서 반대 운동이 일기도 합니다.\n\n 그런데 서로 반대만 하다 보면 입지를 찾지 못해 결국 모든 주민의 삶의 질이 저하될 수 있습니다.\n\n 정부 차원에서 가장 적절한 장소를 선별하여 건설 후 주변 사람들에게 혜택을 주는 방식이 적절한 방법일까요? 아니면 혐오 시설만을 모아둔 부지를 따로 정해서 건설해야 할까요? 아니면 모든 도시가 공평하게 혐오 시설 건설에 대한 부담을 지니고 하나씩 건설해야 할까요?\n\n 모두가 만족할만한 결과를 내기란 정말 어려운 문제이지만 여러분이 생각하는 가장 합리적이고 좋은 방법을 생각해보세요. 그리고 그 방법을 대안으로 제시하고 그 근거에 대해 작성해주세요.",
    "essay_type": "대안제시",
    "essay_level": "1",
    "essay_len": 942,
    "essay_main_subject": "혐오시설 건설문제에 대한 본인의 생각"
  }
}