{
  "paragraph": [
    {
      "paragraph_txt": "2020년 10월 처인구와 기흥구 주민들은 각자의 동네에 혐오시설인 쓰레기 소각장 설치를 반대하는 이른바 님비현상이 일어나고 있다.#@문장구분# 그래서 나는 오늘 그 싸움을 조금이나마 잠재울 수 있는 대안  3가지를 제시하려고 한다.#@문장구분# ",
      "paragraph_len": 164,
      "paragraph_id": "001"
    },
    {
      "paragraph_txt": "  먼저, 쓰레기 소각장을 전면 지하에 설치하자는 것이다.#@문장구분# 쓰레기 소각장의 냄새와 외관상 흉한 것이 설치반대의 가장 큰 이유라면 이를 지하에 설치하면 그 문제들이 모두 해결된다.#@문장구분# 실제로 우리나라 내에 있는 '유니온파크' 라는 곳은 소각장과 하수 처리시설을 전면 지하화하여 주민들의 불만을 잠재웠고 그 위에는 공원과 녹지를 형성하여 주민들의 편의시설을 확대했다.#@문장구분# 처음에는 이곳 주민들 또한 소각장 설치를 극구반대했지만 소각장이 눈에 보이지 않고 위에는 공원이 생기니 예전보다 만족도는 높아졌다고 말했다.#@문장구분# ",
      "paragraph_len": 361,
      "paragraph_id": "002"
    },
    {
      "paragraph_txt": "  두 번째로는 소각장 설치를 허용하면 주민들이 원하는 편의시설을 설치해주는 것이다.#@문장구분# 실제로 경상북도 하동에서는 주민들이 소각장 설치를 반대하자 소각장을 설치하는 대신 주민들이 원하는 편의시설을 설치해주겠다고 하여 소각장이 설치된 사례가 있었다.#@문장구분# 만약 용인시 또한 두 번째 대안을 통해 주민들과 소통한다면 주민들의 반응이 예전보다 싸늘하지 않을 것이고 주민들 또한 나쁘지않은 제안이기 때문에 모두에게 좋은 결과가 있을 것으로 예상된다.#@문장구분# ",
      "paragraph_len": 304,
      "paragraph_id": "003"
    },
    {
      "paragraph_txt": "  마지막 3번째로는 소각장을 여러군데 작게 설치하는 것이다.#@문장구분# 소각장의 설치가 각 구에 공평하지 않아서 발생된 싸움이라면 소각장이 조그만 규모로 각 구별로 있다면 모두에게 공평해서 다툼이 일어나지도 않을 것이고 쓰레기를 소각할 때에도 각 구별로 처리하면 되니 더욱 편리할 것이다.#@문장구분# 물론 초기비용은 많이 들겠지만 쓰레기를 이동할 때 드는 비용이 절약된다는 점에서는 이점이다.#@문장구분# ",
      "paragraph_len": 269,
      "paragraph_id": "004"
    },
    {
      "paragraph_txt": "  이외에도 쓰레기 소각장 설치문제를 해결할 수 있는 대안 방법에는 여러 가지가 존재할 것이다.#@문장구분# 하지만 이러한 문제해결의 근본적인 방법은 서로를 배려하고 본인이 어려움을 감수하더라도 공익을 위해 힘쓰는 자세이다.#@문장구분# 용인시가 적절한 대안을 통해 문제를 하루빨리 해결했으면 좋겠다.#@문장구분#",
      "paragraph_len": 214,
      "paragraph_id": "005"
    }
  ],
  "score": {
    "paragraph_score": [
      {
        "paragraph_scoreT": [
          3,
          3,
          2.4
        ],
        "paragraph_scoreT_detail": {
          "paragraph_scoreT_exp": [
            [
              3,
              3,
              3
            ],
            [
              3,
              3,
              3
            ],
            [
              2,
              3,
              2
            ]
          ]
        },
        "paragraph_scoreT_avg": 2.8,
        "paragraph_id": "001"
      },
      {
        "paragraph_scoreT": [
          3,
          3,
          2
        ],
        "paragraph_scoreT_detail": {
          "paragraph_scoreT_exp": [
            [
              3,
              3,
              3
            ],
            [
              3,
              3,
              3
            ],
            [
              2,
              2,
              2
            ]
          ]
        },
        "paragraph_scoreT_avg": 2.6666667,
        "paragraph_id": "002"
      },
      {
        "paragraph_scoreT": [
          3,
          3,
          3
        ],
        "paragraph_scoreT_detail": {
          "paragraph_scoreT_exp": [
            [
              3,
              3,
              3
            ],
            [
              3,
              3,
              3
            ],
            [
              3,
              3,
              3
            ]
          ]
        },
        "paragraph_scoreT_avg": 3,
        "paragraph_id": "003"
      },
      {
        "paragraph_scoreT": [
          3,
          3,
          3
        ],
        "paragraph_scoreT_detail": {
          "paragraph_scoreT_exp": [
            [
              3,
              3,
              3
            ],
            [
              3,
              3,
              3
            ],
            [
              3,
              3,
              3
            ]
          ]
        },
        "paragraph_scoreT_avg": 3,
        "paragraph_id": "004"
      },
      {
        "paragraph_scoreT": [
          3,
          3,
          2.4
        ],
        "paragraph_scoreT_detail": {
          "paragraph_scoreT_exp": [
            [
              3,
              3,
              3
            ],
            [
              3,
              3,
              3
            ],
            [
              2,
              2,
              3
            ]
          ]
        },
        "paragraph_scoreT_avg": 2.8,
        "paragraph_id": "005"
      }
    ],
    "essay_scoreT": [
      30,
      28.8,
      24.5
    ],
    "essay_scoreT_avg": 27.766668,
    "essay_scoreT_detail": {
      "essay_scoreT_org": [
        [
          3,
          0,
          3,
          3
        ],
        [
          3,
          0,
          3,
          3
        ],
        [
          2,
          0,
          2,
          3
        ]
      ],
      "essay_scoreT_cont": [
        [
          3,
          3,
          3,
          3
        ],
        [
          3,
          2,
          3,
          3
        ],
        [
          3,
          2,
          2,
          2
        ]
      ],
      "essay_scoreT_exp": [
        [
          3,
          3,
          3
        ],
        [
          3,
          3,
          3
        ],
        [
          3,
          3,
          3
        ]
      ]
    }
  },
  "student": {
    "date": "2021.09.03",
    "student_educated": true,
    "student_grade": "고등_1학년",
    "location": "051",
    "student_grade_group": "고등",
    "student_reading": 1
  },
  "rubric": {
    "essay_grade": "고등_1학년",
    "organization_weight": {
      "org_paragraph": 0,
      "org": 3,
      "org_essay": 6,
      "org_coherence": 3,
      "org_quantity": 1
    },
    "essay_type": "대안제시",
    "content_weight": {
      "con_clearance": 3,
      "con_novelty": 3,
      "con": 4,
      "con_prompt": 1,
      "con_description": 3
    },
    "essay_main_subject": "혐오시설 건설문제에 대한 본인의 생각",
    "expression_weight": {
      "exp_style": 4,
      "exp_grammar": 2,
      "exp_vocab": 4,
      "exp": 3
    }
  },
  "correction": [],
  "info": {
    "essay_id": "ESSAY_33856",
    "essay_prompt": " 혐오 시설이란 지역 주민에게 공포감이나 고통을 주거나, 주변 지역의 쾌적성이 훼손됨으로써 집값이나 땅값이 내려가는 등 부정적인 외부효과를 유발하는 시설을 의미합니다.\n\n 대표적인 혐오 시설에는 쓰레기 매립장, 원자력발전소, 소각장, 유류저장소 등이 있습니다.\n\n 매립지, 소각장, 쓰레기 하치장 같은 혐오 시설은 그리 위험하지는 않지만, 쓰레기를 취급한다는 점에서 혐오감을 주며, 주변 환경오염 문제가 갈등을 일으킵니다. 특히 소각장은 인구밀도가 높은 대도시에 건설된다는 점에서 반대 운동이 일기도 합니다.\n\n 그런데 서로 반대만 하다 보면 입지를 찾지 못해 결국 모든 주민의 삶의 질이 저하될 수 있습니다.\n\n 정부 차원에서 가장 적절한 장소를 선별하여 건설 후 주변 사람들에게 혜택을 주는 방식이 적절한 방법일까요? 아니면 혐오 시설만을 모아둔 부지를 따로 정해서 건설해야 할까요? 아니면 모든 도시가 공평하게 혐오 시설 건설에 대한 부담을 지니고 하나씩 건설해야 할까요?\n\n 모두가 만족할만한 결과를 내기란 정말 어려운 문제이지만 여러분이 생각하는 가장 합리적이고 좋은 방법을 생각해보세요. 그리고 그 방법을 대안으로 제시하고 그 근거에 대해 작성해주세요.",
    "essay_type": "대안제시",
    "essay_level": "1",
    "essay_len": 1021,
    "essay_main_subject": "혐오시설 건설문제에 대한 본인의 생각"
  }
}