{
  "paragraph": [
    {
      "paragraph_txt": "혐오시설이 주변에 건설된다 하면 우리는 부동산 가격의 하락 및 소음과 악취 문제로 반대에 부딪힐 것이다.#@문장구분# 주민들이 꺼려하는 기피 시설이기에 혐오시설의 건립이 추진되는 지역과 지자체의 갈등은 피할수 없다.#@문장구분# 실제로 여러 지역에서 혐오시설의 건설을 반대하여 몇 년동안 공사가 지연되거나 적절한 보상문제가 이루어지지 않아 갈등이 심화된 사례들을 많이 볼 수 있다.#@문장구분# 하지만 이러한 혐오시설을 조금 더 친환경적으로 재창출하고 쾌적한 환경으로 탈바꿈 한다면 사람들의 인식도 달라질 수 있다.#@문장구분# 최근 청양군에서는 친환경 에너지타운 조상사업 추진단을 구성하고 본격적인 사업진행에 나섰다.#@문장구분# 친환경 에너지타운은 소각장이나 가축분뇨 처리장 같은 폐자원처리시설에서 발생하는 에너지를 활용해 주변 영향지역 주민의 수익을 창출하는 사업으로 환경기초시설에 대한 부정적 인식 해소와 에너지 문제를 동시에 해결하는 모델이다.#@문장구분# 또한 경주시는 소각시설에서 발생하는 폐열을 활용해 웰빙센터(찜질방, 사우나 등 스포츠센터와 축구장 등 체육시설 배치)를 가동하는 한편 보문카라반파크(다목적 캠핑장)와 야외물놀이시설, 친환경 사랑방, 족욕장 등을 운영하고 있다.#@문장구분# 이렇듯 상황에 맞는 특색 사업을 선정, 폐기물처리시설 주변 주민의 일자리창출과 복리증진, 소득증대를 모색해 나간다면 혐오시설들이 주민들이 기피하는 시설이 아니라 해당 지역 주민들에게도 혜택이 돌아갈 수 있어 긍정적인 효과를 기대할 수 있을 것이다.#@문장구분# 이처럼 혐오시설 주변을 쾌적하게 재정비하여 관광객을 유치하고 그에 따른 경제적 이득을 해당지역 주민들에게 돌아갈 수 있도록 혜택을 준다면 주민들과 지자체간의 갈등도 해소 될 것이고, 혐오시설에 대한 주민들의 인식 또한 더 나아질 것이다.#@문장구분# 현재 건립되어 있는 쓰레기 매립장이나 소각장에도 이러한 에너지 시설들을 활용하여 개선해 나간다면 추후에 건립되어질 시설에 대한 마찰 또한 줄어들 것이다.#@문장구분#",
      "paragraph_len": 1127,
      "paragraph_id": "001"
    }
  ],
  "score": {
    "paragraph_score": [
      {
        "paragraph_scoreT": [
          3,
          3,
          3
        ],
        "paragraph_scoreT_detail": {
          "paragraph_scoreT_exp": [
            [
              3,
              3,
              3
            ],
            [
              3,
              3,
              3
            ],
            [
              3,
              3,
              3
            ]
          ]
        },
        "paragraph_scoreT_avg": 3,
        "paragraph_id": "001"
      }
    ],
    "essay_scoreT": [
      28.5,
      28.4,
      30
    ],
    "essay_scoreT_avg": 28.966667,
    "essay_scoreT_detail": {
      "essay_scoreT_org": [
        [
          3,
          0,
          3,
          2
        ],
        [
          3,
          0,
          3,
          3
        ],
        [
          3,
          0,
          3,
          3
        ]
      ],
      "essay_scoreT_cont": [
        [
          3,
          2,
          3,
          3
        ],
        [
          3,
          2,
          2,
          3
        ],
        [
          3,
          3,
          3,
          3
        ]
      ],
      "essay_scoreT_exp": [
        [
          3,
          3,
          3
        ],
        [
          3,
          3,
          3
        ],
        [
          3,
          3,
          3
        ]
      ]
    }
  },
  "student": {
    "date": "2021.11.29",
    "student_educated": true,
    "student_grade": "고등_1학년",
    "location": "063",
    "student_grade_group": "고등",
    "student_reading": 2
  },
  "rubric": {
    "essay_grade": "고등_1학년",
    "organization_weight": {
      "org_paragraph": 0,
      "org": 3,
      "org_essay": 6,
      "org_coherence": 3,
      "org_quantity": 1
    },
    "essay_type": "대안제시",
    "content_weight": {
      "con_clearance": 3,
      "con_novelty": 3,
      "con": 4,
      "con_prompt": 1,
      "con_description": 3
    },
    "essay_main_subject": "혐오시설 건설문제에 대한 본인의 생각",
    "expression_weight": {
      "exp_style": 4,
      "exp_grammar": 2,
      "exp_vocab": 4,
      "exp": 3
    }
  },
  "correction": [],
  "info": {
    "essay_id": "ESSAY_53460",
    "essay_prompt": " 혐오 시설이란 지역 주민에게 공포감이나 고통을 주거나, 주변 지역의 쾌적성이 훼손됨으로써 집값이나 땅값이 내려가는 등 부정적인 외부효과를 유발하는 시설을 의미합니다.\n\n 대표적인 혐오 시설에는 쓰레기 매립장, 원자력발전소, 소각장, 유류저장소 등이 있습니다.\n\n 매립지, 소각장, 쓰레기 하치장 같은 혐오 시설은 그리 위험하지는 않지만, 쓰레기를 취급한다는 점에서 혐오감을 주며, 주변 환경오염 문제가 갈등을 일으킵니다. 특히 소각장은 인구밀도가 높은 대도시에 건설된다는 점에서 반대 운동이 일기도 합니다.\n\n 그런데 서로 반대만 하다 보면 입지를 찾지 못해 결국 모든 주민의 삶의 질이 저하될 수 있습니다.\n\n 정부 차원에서 가장 적절한 장소를 선별하여 건설 후 주변 사람들에게 혜택을 주는 방식이 적절한 방법일까요? 아니면 혐오 시설만을 모아둔 부지를 따로 정해서 건설해야 할까요? 아니면 모든 도시가 공평하게 혐오 시설 건설에 대한 부담을 지니고 하나씩 건설해야 할까요?\n\n 모두가 만족할만한 결과를 내기란 정말 어려운 문제이지만 여러분이 생각하는 가장 합리적이고 좋은 방법을 생각해보세요. 그리고 그 방법을 대안으로 제시하고 그 근거에 대해 작성해주세요.",
    "essay_type": "대안제시",
    "essay_level": "1",
    "essay_len": 928,
    "essay_main_subject": "혐오시설 건설문제에 대한 본인의 생각"
  }
}