{
  "paragraph": [
    {
      "paragraph_txt": "외부 효과란 금전적 거래 없이 어떤 경제 주체의 행위가 다른 경제 주체에게 영향을 미치는 효과 혹은 현상으로 그 중 지역 주민 또는 모든 이들에게 고통을 주거나 그 지역의 쾌적성이 훼손됨으로써 부정적인 외부 효과가 생기는데, 부정적인 외부 효과에는 경제의 손실로 침체될 수 있으며, 환경에도 큰 영향을 미친다.#@문장구분# 한 사례를 들어보자면 어떤 지역에 원자료 발전소가 설치된다고 했을 때, 원자력 소로 인해 그 지역의 환경이 오염되고 지역 경제 부실로 집 값이 떨어질 가능성이 생긴다.#@문장구분# 이로 인해 정부는 부정적인 외부 효과를 파악하여 지역 주민들에게 정확히 알려야 한다.#@문장구분#예를 들어 최첨단 장비 시설로 원자력 발전소에서 발생하는 환경 오염 물질을 최대한 줄일 수 있도록 하고, 지역 주민들이 편리하게 이용할 수 있는 편의 시설을 제공해야 한다.#@문장구분# 즉 이러한 외부 효과를 최대한 줄일 수 있게 정부나 사회단체에서 최대한 노력해야 한다.#@문장구분# 두 번째로는 최근 코로나19 사태로 인해 지역 뿐만이 아니라 모든 국가 경제에서 피해가 있는데, 이로 인해 부정적인 외부 효과도 늘어나고 있다.#@문장구분# 코로나19 사태로 거리 두기와 각종 마스크 사용 지침, 편의 시설 이용 제한 등이 실시되면서 각 지역의 상점이나 여가 생활을 즐길 관광지 등이 큰 경제적 피해를 입게 되었다.#@문장구분# 정부는 이러한 경제 손실을 해결하기 위해 지역 경제가 침체되지 않도록 정부가 직접 국가 자금인 재난 지원금을 기부하면서 지역 경제 침체를 막고 있다.#@문장구분# 환경으로 예를 들어보자면 일본의 후쿠시마가 있는데, 후쿠시마는 과거에 원자력 발전소의 사고로 환경과 경제에 막대한 피해를 입었다.#@문장구분# 뿐만 아니라 원자력 발전소의 사고 여파로 발생한 방사능이 해류에 따라 흘러가면서 전 세계에 피해를 입히고 있다.#@문장구분# 게다가 일본 정부는 이러한 방사능을 그대로 냅두고 있다는 점이다.#@문장구분# 이로 인해 환경 오염의 피해는 점차 증가하여 부정적인 외부 효과가 점차 더 증가될 것이라는 의미이다.#@문장구분# 즉 여기서 부정적인 외부효과를 해결하는 것이 얼마나 중요한 지 알 수 있다.#@문장구분# 외부 효과는 긍정과 부정이 있지만 자칫 나 하나라는 생각으로 개인에서 단체로 단체에서 전 세계로 그 영향이 확대될 수 있음을 보여준다.#@문장구분# 즉 공동으로 생활하는 환경에서 개인의 피해를 확산시키지 않도록 노력해야 한다#@문장구분#",
      "paragraph_len": 1415,
      "paragraph_id": "001"
    }
  ],
  "score": {
    "paragraph_score": [
      {
        "paragraph_scoreT": [
          3,
          3,
          3
        ],
        "paragraph_scoreT_detail": {
          "paragraph_scoreT_exp": [
            [
              3,
              3,
              3
            ],
            [
              3,
              3,
              3
            ],
            [
              3,
              3,
              3
            ]
          ]
        },
        "paragraph_scoreT_avg": 3,
        "paragraph_id": "001"
      }
    ],
    "essay_scoreT": [
      28.4,
      27.6,
      30
    ],
    "essay_scoreT_avg": 28.666666,
    "essay_scoreT_detail": {
      "essay_scoreT_org": [
        [
          3,
          0,
          3,
          3
        ],
        [
          3,
          0,
          3,
          3
        ],
        [
          3,
          0,
          3,
          3
        ]
      ],
      "essay_scoreT_cont": [
        [
          2,
          3,
          2,
          3
        ],
        [
          3,
          2,
          3,
          2
        ],
        [
          3,
          3,
          3,
          3
        ]
      ],
      "essay_scoreT_exp": [
        [
          3,
          3,
          3
        ],
        [
          3,
          3,
          3
        ],
        [
          3,
          3,
          3
        ]
      ]
    }
  },
  "student": {
    "date": "2021.10.24",
    "student_educated": true,
    "student_grade": "고등_1학년",
    "location": "063",
    "student_grade_group": "고등",
    "student_reading": 1
  },
  "rubric": {
    "essay_grade": "고등_1학년",
    "organization_weight": {
      "org_paragraph": 0,
      "org": 3,
      "org_essay": 6,
      "org_coherence": 3,
      "org_quantity": 1
    },
    "essay_type": "대안제시",
    "content_weight": {
      "con_clearance": 3,
      "con_novelty": 3,
      "con": 4,
      "con_prompt": 1,
      "con_description": 3
    },
    "essay_main_subject": "혐오시설 건설문제에 대한 본인의 생각",
    "expression_weight": {
      "exp_style": 4,
      "exp_grammar": 2,
      "exp_vocab": 4,
      "exp": 3
    }
  },
  "correction": [],
  "info": {
    "essay_id": "ESSAY_42641",
    "essay_prompt": " 혐오 시설이란 지역 주민에게 공포감이나 고통을 주거나, 주변 지역의 쾌적성이 훼손됨으로써 집값이나 땅값이 내려가는 등 부정적인 외부효과를 유발하는 시설을 의미합니다.\n\n 대표적인 혐오 시설에는 쓰레기 매립장, 원자력발전소, 소각장, 유류저장소 등이 있습니다.\n\n 매립지, 소각장, 쓰레기 하치장 같은 혐오 시설은 그리 위험하지는 않지만, 쓰레기를 취급한다는 점에서 혐오감을 주며, 주변 환경오염 문제가 갈등을 일으킵니다. 특히 소각장은 인구밀도가 높은 대도시에 건설된다는 점에서 반대 운동이 일기도 합니다.\n\n 그런데 서로 반대만 하다 보면 입지를 찾지 못해 결국 모든 주민의 삶의 질이 저하될 수 있습니다.\n\n 정부 차원에서 가장 적절한 장소를 선별하여 건설 후 주변 사람들에게 혜택을 주는 방식이 적절한 방법일까요? 아니면 혐오 시설만을 모아둔 부지를 따로 정해서 건설해야 할까요? 아니면 모든 도시가 공평하게 혐오 시설 건설에 대한 부담을 지니고 하나씩 건설해야 할까요?\n\n 모두가 만족할만한 결과를 내기란 정말 어려운 문제이지만 여러분이 생각하는 가장 합리적이고 좋은 방법을 생각해보세요. 그리고 그 방법을 대안으로 제시하고 그 근거에 대해 작성해주세요.",
    "essay_type": "대안제시",
    "essay_level": "1",
    "essay_len": 1115,
    "essay_main_subject": "혐오시설 건설문제에 대한 본인의 생각"
  }
}