{
  "paragraph": [
    {
      "paragraph_txt": "요즘 SNS에서는 남녀 혐오 발언 및 갈등이 늘고 있다.#@문장구분# 남녀 혐오 갈등의 예시를 들면 남자와 여자가 서로 생리와 군대의 고통을 비교하면서 갈등이 일어나는 경우가 있다.#@문장구분# 이런 갈등이 일어나는 이유를 생각해 봤는데 남자와 여자 둘 다 그걸 겪어보지 않았기 때문에 이 갈등이 일어나는 거 같다.#@문장구분# 또한 범죄가 일어나면 '무조건 남자가 범죄를 저질렀다'라고 단정 짓는 문제 때문에 서로 갈등이 일어나는 경우도 있다.#@문장구분# 그래서 이러한 갈등이 지속적으로 이어가고 있어서 해결방안을 생각해 보았다.#@문장구분# 먼저 여성 인권 침해 중 사례를 조사해서 침해되는 사례가 없도록 하고, 반대로 남성 인권도 중요하므로 남성 인권 침해 중 사례를 조사해서 남녀 서로 중립적인 자세로 보고 행동하는 것이 남녀 갈등 해결의 출발점인 거 같다.#@문장구분# 두 번째로 남성 혐오, 여성 혐오를 개인이나 일부 집단의 문제로 치부하지 말고 사회 전체가 인식을 바꾸려고 노력을 해야 한다.#@문장구분# 인식을 바꿔야 하는 이유는 새벽 4시에 한 술집에서 여성 2명과 남성들 사이에서 싸움이 일어났다.#@문장구분# 이 사건의 피해자 여성이 머리에 붕대를 감고 피를 흘리는 모습이 인터넷에 유포되어 논란이 되었었다.#@문장구분# 그래서 술집에서 일어난 폭행 사건은 여성이 남성 다수로부터 집단 폭행을 당했다고 국민 청원을 제시하면서 알려지게 되었다.#@문장구분# 그래서 이 청원은 하루 만에 참여 인원이 30만 명을 돌파하면서 순식간에 이슈화가 되었다.#@문장구분# 하지만 그 결과 남성에게 폭행을 당했다고 주장한 여성 중 1명이 \"사건이 이렇게 커질 줄 몰랐다\"라며 경찰이 신고 이후 출동하는 데 오래 걸렸거나 분리 조사가 이뤄지지 않았다는 등의 거짓말로 물의를 일으킨 것에 대해 사과를 했으며 이로 인해 국민을 분노케 한 사건이 있었다.#@문장구분# 그래서 이 사건이 온라인에서 여성과 남성으로 나뉘어 서로 갈등이 이어졌다.#@문장구분# 이 사건에 결과는 양측의 쌍방 상해로 결론 내리며 사건이 종결되었다.#@문장구분# 결국에 이 사건도 잘못된 성 인식 때문에 남성만 억울하게 처벌받을 뻔했다.#@문장구분# 그래서 하루빨리 올바른 성 인식으로 남녀 갈등이 해결돼 평화로운 사회가 됐으면 좋겠다.#@문장구분#",
      "paragraph_len": 1341,
      "paragraph_id": "001"
    }
  ],
  "score": {
    "paragraph_score": [
      {
        "paragraph_scoreT": [
          3,
          3,
          3
        ],
        "paragraph_scoreT_detail": {
          "paragraph_scoreT_exp": [
            [
              3,
              3,
              3
            ],
            [
              3,
              3,
              3
            ],
            [
              3,
              3,
              3
            ]
          ]
        },
        "paragraph_scoreT_avg": 3,
        "paragraph_id": "001"
      }
    ],
    "essay_scoreT": [
      29.7,
      28.8,
      30
    ],
    "essay_scoreT_avg": 29.5,
    "essay_scoreT_detail": {
      "essay_scoreT_org": [
        [
          3,
          0,
          3,
          2
        ],
        [
          3,
          0,
          3,
          3
        ],
        [
          3,
          0,
          3,
          3
        ]
      ],
      "essay_scoreT_cont": [
        [
          3,
          3,
          3,
          3
        ],
        [
          3,
          2,
          3,
          3
        ],
        [
          3,
          3,
          3,
          3
        ]
      ],
      "essay_scoreT_exp": [
        [
          3,
          3,
          3
        ],
        [
          3,
          3,
          3
        ],
        [
          3,
          3,
          3
        ]
      ]
    }
  },
  "student": {
    "date": "2021.10.24",
    "student_educated": true,
    "student_grade": "고등_1학년",
    "location": "063",
    "student_grade_group": "고등",
    "student_reading": 3
  },
  "rubric": {
    "essay_grade": "고등_1학년",
    "organization_weight": {
      "org_paragraph": 0,
      "org": 3,
      "org_essay": 6,
      "org_coherence": 3,
      "org_quantity": 1
    },
    "essay_type": "대안제시",
    "content_weight": {
      "con_clearance": 3,
      "con_novelty": 3,
      "con": 4,
      "con_prompt": 1,
      "con_description": 3
    },
    "essay_main_subject": "남녀 갈등 해결 방안",
    "expression_weight": {
      "exp_style": 4,
      "exp_grammar": 2,
      "exp_vocab": 4,
      "exp": 3
    }
  },
  "correction": [],
  "info": {
    "essay_id": "ESSAY_43955",
    "essay_prompt": " 남녀 갈등은 최근 우리 사회에서 가장 뜨거운 이슈 중 하나입니다. 이러한 갈등은 아직 간극을 좁히지 못하고 현재 사회적인 문제로 자리 잡았습니다.\n\n 군 가산점 문제, 일자리 문제 등 여러 가지 비교 자료들을 토대로 토론을 하고 이를 통해 갈등을 해결하고자 하는 노력이 이루어지고 있습니다.\n\n 과거에는 성차별 심했던 시기가 있었습니다. 여자와 남자를 구별 지어 일을 주는 경우도 많았습니다. 하지만, 현재는 여자와 남자라는 성별을 떠나서 나이, 국적을 불문하고 모두에게 평등한 기회를 주기 위해 노력하고 있습니다.\n\n 이렇게 모두의 노력에도 불구하고 아직 해결되지 않았거나 해결될 기미가 보이지 않는 양성평등 문제가 있을까요?\n\n 아주 작은 사소한 일이라도 좋습니다. 여러분이 생각하는 우리 주변의 양성평등 문제를 하나 작성해보고 어떻게 해결할 수 있을지 혹은 무엇이 바뀌어야 해결될 것 같은지 본인의 생각을 설명해주세요. ",
    "essay_type": "대안제시",
    "essay_level": "1",
    "essay_len": 1021,
    "essay_main_subject": "남녀 갈등 해결 방안"
  }
}