{
  "paragraph": [
    {
      "paragraph_txt": "제2의 서울 세종시의 인구가 급증하여 자연스레 폐기물의 양도 늘어나게 되었고, 기존의 폐기물 처리시설만으로는 감당하기 어려운 상황에 놓였다.#@문장구분# 이에 따라 지난달 세종시는 쓰레기 소각시설을 포함한 친환경 종합타운 건립사업을 추진했으나 이의 후보지로 선정된 전동면 송성리 주민들의 반대로 갈등을 겪게 되었다.#@문장구분# 자신들의 삶의 터전에 폐기물 처리시설을 들여놓을 수 없다는 이유로 각종 의혹들을 제기하며 반대하게 된 것이다.#@문장구분# 세종시가 이 문제를 해결하기 위해서는 가장 먼저 소통이 중요하다.#@문장구분# 송성리 주변 지역 주민들을 대상으로 간담회나 기자회견을 열어 소통의 계기를 마련해야 한다.#@문장구분# 둘째, 쓰레기 소각시설 외에 주민들이 편히 이용하고 즐길 수 있는 편의시설들을 도입하여 주민들의 생활에 더 큰 만족감을 준다며 주변 지역 주민들 또한 이 시설에 대해 크게 반발하지 않을 것이라 생각된다.#@문장구분# 또한 산소 없이 열로 쓰레기를 태워 환경오염을 불식시키는 방법도 주민들이 쓰레기 소각시설 설치를 반대하는 문제를 해결할 수 있을 것이다.#@문장구분# 셋째, 폐기물 처리시설을 혐오 시설이라 받아들이게 되는 이미지를 벗기기 위해 예술적인 외관으로 건설한다.#@문장구분# 많은 사람들이 폐기물 처리시설을 혐오 시설이라 생각하고 있고, '혐오 시설'이라는 단어만으로도 왠지 모를 거부감과 불쾌함이 생긴다.#@문장구분# 보기 좋고 쾌적해 보이도록 건설한다면 이러한 문제 또한 해결될 것이라 생각한다.#@문장구분# 마지막으로 주변 지역 주민들의 피해를 줄이기 위해 세종시에서 일정 지원금을 지급하는 방법이 있다.#@문장구분# 혐오 시설을 설치하게 되면 쾌적성의 이유로 집값, 땅값 등이 낮아져 피해를 보게 될까봐 반대를 하기도 하는데 지원금과 주변 시설들에 발전을 약속한다면 이 문제가 어느 정도 해결될 수 있을 것이다.#@문장구분# 지역주민에게 꼭 필요한 공공시설, 병원, 또 공기를 정화 시킬 수 있는 공원 같은 것들을 만들어주면 좋을거같다.#@문장구분# 세금 감면 혜택도 좋은 방법이다.#@문장구분#",
      "paragraph_len": 1215,
      "paragraph_id": "001"
    }
  ],
  "score": {
    "paragraph_score": [
      {
        "paragraph_scoreT": [
          3,
          3,
          2.8
        ],
        "paragraph_scoreT_detail": {
          "paragraph_scoreT_exp": [
            [
              3,
              3,
              3
            ],
            [
              3,
              3,
              3
            ],
            [
              2,
              3,
              3
            ]
          ]
        },
        "paragraph_scoreT_avg": 2.9333334,
        "paragraph_id": "001"
      }
    ],
    "essay_scoreT": [
      28.8,
      28.8,
      29.4
    ],
    "essay_scoreT_avg": 29,
    "essay_scoreT_detail": {
      "essay_scoreT_org": [
        [
          3,
          0,
          3,
          3
        ],
        [
          3,
          0,
          3,
          3
        ],
        [
          3,
          0,
          3,
          3
        ]
      ],
      "essay_scoreT_cont": [
        [
          3,
          2,
          3,
          3
        ],
        [
          3,
          2,
          3,
          3
        ],
        [
          3,
          3,
          3,
          3
        ]
      ],
      "essay_scoreT_exp": [
        [
          3,
          3,
          3
        ],
        [
          3,
          3,
          3
        ],
        [
          2,
          3,
          3
        ]
      ]
    }
  },
  "student": {
    "date": "2021.12.09",
    "student_educated": true,
    "student_grade": "고등_1학년",
    "location": "063",
    "student_grade_group": "고등",
    "student_reading": 2
  },
  "rubric": {
    "essay_grade": "고등_1학년",
    "organization_weight": {
      "org_paragraph": 0,
      "org": 3,
      "org_essay": 6,
      "org_coherence": 3,
      "org_quantity": 1
    },
    "essay_type": "대안제시",
    "content_weight": {
      "con_clearance": 3,
      "con_novelty": 3,
      "con": 4,
      "con_prompt": 1,
      "con_description": 3
    },
    "essay_main_subject": "혐오시설 건설문제에 대한 본인의 생각",
    "expression_weight": {
      "exp_style": 4,
      "exp_grammar": 2,
      "exp_vocab": 4,
      "exp": 3
    }
  },
  "correction": [],
  "info": {
    "essay_id": "ESSAY_60452",
    "essay_prompt": " 혐오 시설이란 지역 주민에게 공포감이나 고통을 주거나, 주변 지역의 쾌적성이 훼손됨으로써 집값이나 땅값이 내려가는 등 부정적인 외부효과를 유발하는 시설을 의미합니다.\n\n 대표적인 혐오 시설에는 쓰레기 매립장, 원자력발전소, 소각장, 유류저장소 등이 있습니다.\n\n 매립지, 소각장, 쓰레기 하치장 같은 혐오 시설은 그리 위험하지는 않지만, 쓰레기를 취급한다는 점에서 혐오감을 주며, 주변 환경오염 문제가 갈등을 일으킵니다. 특히 소각장은 인구밀도가 높은 대도시에 건설된다는 점에서 반대 운동이 일기도 합니다.\n\n 그런데 서로 반대만 하다 보면 입지를 찾지 못해 결국 모든 주민의 삶의 질이 저하될 수 있습니다.\n\n 정부 차원에서 가장 적절한 장소를 선별하여 건설 후 주변 사람들에게 혜택을 주는 방식이 적절한 방법일까요? 아니면 혐오 시설만을 모아둔 부지를 따로 정해서 건설해야 할까요? 아니면 모든 도시가 공평하게 혐오 시설 건설에 대한 부담을 지니고 하나씩 건설해야 할까요?\n\n 모두가 만족할만한 결과를 내기란 정말 어려운 문제이지만 여러분이 생각하는 가장 합리적이고 좋은 방법을 생각해보세요. 그리고 그 방법을 대안으로 제시하고 그 근거에 대해 작성해주세요.",
    "essay_type": "대안제시",
    "essay_level": "1",
    "essay_len": 935,
    "essay_main_subject": "혐오시설 건설문제에 대한 본인의 생각"
  }
}