{
  "paragraph": [
    {
      "paragraph_txt": "님비(NIMBY) 현상은 '내 뒷마당에서는 안 된다(Not In My Backyard)'님비현상이 일어나는 원인이 무엇일까?#@문장구분# 첫 번째, 지방자치제의 발달로 지방자치단체를 둘러싼 님비 현상이 심화되고 있다.#@문장구분# 두 번째, 정치와 행정에 대한 믿음 부족과 정부와 국민 간의 상호 의사소통체계가 부실하다는 것이다.#@문장구분# 님비 현상은 국민들의 적극적인 사회참여와 국민들의 권리의식이 높아진다는 장점이 있지만, 지역 이기주의로 이어져 개인의 이익만을 중시하고 공동체의 이익을 신경 쓰지 않는다는 단점도 있다.#@문장구분# 그렇다면 님비 현상을 해결할 수 있는 방안들을 알아보자.#@문장구분# 첫 번째, 주민들이 자신의 지역을 안심하고 맡길 수 있는 정부가 되도록 정치와 행정에 대한 믿음을 회복하는 것이다.#@문장구분# 사람들이 꺼려하는 시설을 건설하고자 하면 그 지역에서 발생할 수 있는 문제점들에 대한 해결책이나 보상 방안을 미리 구축하여 놓는 것이다.#@문장구분# 이로 인해 주민들은 정부의 책임감을 느껴 믿음을 회복하게 되고 해결책과 보상 방안을 얘기함으로써 정부와 국민 간의 상호 의사소통체계가 발전될 것이다.#@문장구분# 두 번째, 핌피 현상(PIMFY)  시설을 이용하는 것이다.#@문장구분# 핌피 시설'이란 'Put In My Front Yard'로서 사람들이 선호하는 시설들로 자신들의 지역에 건설하여 이익을 보고자 하는 현상이다.#@문장구분# 사람들이 혐오시설을 꺼리는 이유가 자신들에게 이익보다는 손해가 더 클것이라 판단하기 때문이다.#@문장구분# 이를 해결하기 위해서 님비 시설을 건설 후 핌피 시설을 지어주겠다는 경제적 약속을 맺거나 서울시 서초구 원지동의 사례를 보면 님비 시설인 장례식장과 핌피 시설인 종합병원을 같이 지은 메디컬 센터를 짓는 발상의 전환을 보일 수도 있다.#@문장구분# 세 번째, 님비(NIMBY)의 주변경관을 바꾸는 것이다.#@문장구분# 님비 시설은 사람들의 눈살을 찌푸리게 한다.#@문장구분# 이를 해결하기 위해 님비(NIMBY)의 시설의 디자인을 신경 쓰거나 님비 시설의 주변 시설들을 아름답게 가꾸어 주민들의 눈살 찌푸리는 빈도를 줄이고 정부가 관광객 유치를 약속하여 경제적 이익을 약속하는 해결방안이 있다.#@문장구분#",
      "paragraph_len": 1310,
      "paragraph_id": "001"
    }
  ],
  "score": {
    "paragraph_score": [
      {
        "paragraph_scoreT": [
          3,
          3,
          3
        ],
        "paragraph_scoreT_detail": {
          "paragraph_scoreT_exp": [
            [
              3,
              3,
              3
            ],
            [
              3,
              3,
              3
            ],
            [
              3,
              3,
              3
            ]
          ]
        },
        "paragraph_scoreT_avg": 3,
        "paragraph_id": "001"
      }
    ],
    "essay_scoreT": [
      30,
      30,
      27.900002
    ],
    "essay_scoreT_avg": 29.300001,
    "essay_scoreT_detail": {
      "essay_scoreT_org": [
        [
          3,
          0,
          3,
          3
        ],
        [
          3,
          0,
          3,
          3
        ],
        [
          3,
          0,
          2,
          3
        ]
      ],
      "essay_scoreT_cont": [
        [
          3,
          3,
          3,
          3
        ],
        [
          3,
          3,
          3,
          3
        ],
        [
          3,
          3,
          3,
          2
        ]
      ],
      "essay_scoreT_exp": [
        [
          3,
          3,
          3
        ],
        [
          3,
          3,
          3
        ],
        [
          3,
          3,
          3
        ]
      ]
    }
  },
  "student": {
    "date": "2021.12.08",
    "student_educated": true,
    "student_grade": "고등_1학년",
    "location": "063",
    "student_grade_group": "고등",
    "student_reading": 1
  },
  "rubric": {
    "essay_grade": "고등_1학년",
    "organization_weight": {
      "org_paragraph": 0,
      "org": 3,
      "org_essay": 6,
      "org_coherence": 3,
      "org_quantity": 1
    },
    "essay_type": "대안제시",
    "content_weight": {
      "con_clearance": 3,
      "con_novelty": 3,
      "con": 4,
      "con_prompt": 1,
      "con_description": 3
    },
    "essay_main_subject": "혐오시설 건설문제에 대한 본인의 생각",
    "expression_weight": {
      "exp_style": 4,
      "exp_grammar": 2,
      "exp_vocab": 4,
      "exp": 3
    }
  },
  "correction": [],
  "info": {
    "essay_id": "ESSAY_60437",
    "essay_prompt": " 혐오 시설이란 지역 주민에게 공포감이나 고통을 주거나, 주변 지역의 쾌적성이 훼손됨으로써 집값이나 땅값이 내려가는 등 부정적인 외부효과를 유발하는 시설을 의미합니다.\n\n 대표적인 혐오 시설에는 쓰레기 매립장, 원자력발전소, 소각장, 유류저장소 등이 있습니다.\n\n 매립지, 소각장, 쓰레기 하치장 같은 혐오 시설은 그리 위험하지는 않지만, 쓰레기를 취급한다는 점에서 혐오감을 주며, 주변 환경오염 문제가 갈등을 일으킵니다. 특히 소각장은 인구밀도가 높은 대도시에 건설된다는 점에서 반대 운동이 일기도 합니다.\n\n 그런데 서로 반대만 하다 보면 입지를 찾지 못해 결국 모든 주민의 삶의 질이 저하될 수 있습니다.\n\n 정부 차원에서 가장 적절한 장소를 선별하여 건설 후 주변 사람들에게 혜택을 주는 방식이 적절한 방법일까요? 아니면 혐오 시설만을 모아둔 부지를 따로 정해서 건설해야 할까요? 아니면 모든 도시가 공평하게 혐오 시설 건설에 대한 부담을 지니고 하나씩 건설해야 할까요?\n\n 모두가 만족할만한 결과를 내기란 정말 어려운 문제이지만 여러분이 생각하는 가장 합리적이고 좋은 방법을 생각해보세요. 그리고 그 방법을 대안으로 제시하고 그 근거에 대해 작성해주세요.",
    "essay_type": "대안제시",
    "essay_level": "1",
    "essay_len": 1010,
    "essay_main_subject": "혐오시설 건설문제에 대한 본인의 생각"
  }
}