{
  "paragraph": [
    {
      "paragraph_txt": "앞서 다루었던 쓰레기 건설에 의한 집값 하락의 문제를 해결하기 위한 방안들로써는 첫 번째로 쓰레기 매립지 근처 주민들을 더욱 쾌적한 조건으로 옮겨주거나 금전적인 보상을 해주는 것이다.#@문장구분# 이러한 첫 번째 해결방안은 정부와 쓰레기 매립지 근처 주민들이 생각하는 보상의 정도가 다를수도 있으며 합의에 이르는 과정에서 분쟁으로 변절 될 수도 있다는 점에서 양측이 서로 예절을 지키고 가능한 많은 의견을 서로 받아들이며 양측이 모두 가장 만족할 수 있는 합의점에 도달하는 것이 이 해결책의 가장 큰 중요성이 될 것이다.#@문장구분# \n두 번째 해결방안으로는 쓰레기 매립지 근처 주민들에게만 대한민국 정부에서 특별한 혜택들을 주는 것이다.#@문장구분# 예를 들어 쓰레기 매립지 인근 주민들에게만 세금을 줄여준다거나 이러한 문제상황에 대한 연금제도를 따로 만들어 그들에게만 주는 것 또한 좋은 해결방안이 될 수도 있다.#@문장구분# 하지만 이와같은 세금 문제나 연금과 같은 것들은 시에서는 해결 할수 없는 큰 문제이기 때문에 이 또한 거주민과 정부가 잘 타협에 이를 수 있어야 할 것이다.#@문장구분# 그러나 문제가 하나 더 있는데 연금과 같이 장기적으로 지원해주는 서비스에 대해서는 한국의 국민들의 지지도 받아야 된다는 점에서 큰 어려움이 있을수 있지만 서로 배려하고 이해해 나간다면 충분히 실현 가능한 좋은 해결방안이라 생각한다.#@문장구분# \n마지막으로 세 번째는 쓰레기 매립지를 한국에 건설하는 것이 아닌 다른 외국에 쓰레기를 돈을 주고 넘기는 방안이 하나 존재하는데 이러한 방법은 주로 선진국에서 사용하는 쓰레기 처리 방안 중 하나로 돈이 많이 들어갈수는 있지만 자국에서 쓰레기를 매립하지 않아도 된다는 장점이 크다.#@문장구분# 우리나라도 선진국에 속하기에 이를 실현 하게 할 국가 예산은 가지고 있어 실현이 가능하다고 생각하며 이러한 방법은 주민들과 정부의 다툼도 줄일 것이다.#@문장구분#",
      "paragraph_len": 1056,
      "paragraph_id": "001"
    }
  ],
  "score": {
    "paragraph_score": [
      {
        "paragraph_scoreT": [
          3,
          3,
          3
        ],
        "paragraph_scoreT_detail": {
          "paragraph_scoreT_exp": [
            [
              3,
              3,
              3
            ],
            [
              3,
              3,
              3
            ],
            [
              3,
              3,
              3
            ]
          ]
        },
        "paragraph_scoreT_avg": 3,
        "paragraph_id": "001"
      }
    ],
    "essay_scoreT": [
      28.1,
      28.8,
      25.800001
    ],
    "essay_scoreT_avg": 27.566668,
    "essay_scoreT_detail": {
      "essay_scoreT_org": [
        [
          3,
          0,
          3,
          2
        ],
        [
          3,
          0,
          3,
          3
        ],
        [
          2,
          0,
          3,
          3
        ]
      ],
      "essay_scoreT_cont": [
        [
          2,
          3,
          2,
          3
        ],
        [
          3,
          2,
          3,
          3
        ],
        [
          3,
          2,
          3,
          2
        ]
      ],
      "essay_scoreT_exp": [
        [
          3,
          3,
          3
        ],
        [
          3,
          3,
          3
        ],
        [
          3,
          3,
          3
        ]
      ]
    }
  },
  "student": {
    "date": "2021.09.03",
    "student_educated": true,
    "student_grade": "고등_1학년",
    "location": "051",
    "student_grade_group": "고등",
    "student_reading": 1
  },
  "rubric": {
    "essay_grade": "고등_1학년",
    "organization_weight": {
      "org_paragraph": 0,
      "org": 3,
      "org_essay": 6,
      "org_coherence": 3,
      "org_quantity": 1
    },
    "essay_type": "대안제시",
    "content_weight": {
      "con_clearance": 3,
      "con_novelty": 3,
      "con": 4,
      "con_prompt": 1,
      "con_description": 3
    },
    "essay_main_subject": "혐오시설 건설문제에 대한 본인의 생각",
    "expression_weight": {
      "exp_style": 4,
      "exp_grammar": 2,
      "exp_vocab": 4,
      "exp": 3
    }
  },
  "correction": [],
  "info": {
    "essay_id": "ESSAY_33853",
    "essay_prompt": " 혐오 시설이란 지역 주민에게 공포감이나 고통을 주거나, 주변 지역의 쾌적성이 훼손됨으로써 집값이나 땅값이 내려가는 등 부정적인 외부효과를 유발하는 시설을 의미합니다.\n\n 대표적인 혐오 시설에는 쓰레기 매립장, 원자력발전소, 소각장, 유류저장소 등이 있습니다.\n\n 매립지, 소각장, 쓰레기 하치장 같은 혐오 시설은 그리 위험하지는 않지만, 쓰레기를 취급한다는 점에서 혐오감을 주며, 주변 환경오염 문제가 갈등을 일으킵니다. 특히 소각장은 인구밀도가 높은 대도시에 건설된다는 점에서 반대 운동이 일기도 합니다.\n\n 그런데 서로 반대만 하다 보면 입지를 찾지 못해 결국 모든 주민의 삶의 질이 저하될 수 있습니다.\n\n 정부 차원에서 가장 적절한 장소를 선별하여 건설 후 주변 사람들에게 혜택을 주는 방식이 적절한 방법일까요? 아니면 혐오 시설만을 모아둔 부지를 따로 정해서 건설해야 할까요? 아니면 모든 도시가 공평하게 혐오 시설 건설에 대한 부담을 지니고 하나씩 건설해야 할까요?\n\n 모두가 만족할만한 결과를 내기란 정말 어려운 문제이지만 여러분이 생각하는 가장 합리적이고 좋은 방법을 생각해보세요. 그리고 그 방법을 대안으로 제시하고 그 근거에 대해 작성해주세요.",
    "essay_type": "대안제시",
    "essay_level": "1",
    "essay_len": 897,
    "essay_main_subject": "혐오시설 건설문제에 대한 본인의 생각"
  }
}