{
  "paragraph": [
    {
      "paragraph_txt": "이처럼 지역 주민에게 고통을 주는 문제점의 대안을 게시할 것이다.#@문장구분# ",
      "paragraph_len": 57,
      "paragraph_id": "001"
    },
    {
      "paragraph_txt": " 먼저 첫째, 공사를 시행할 시 주민이 입주하기 전에 미리 사전 동의를 얻고 시행하여야 한다.#@문장구분# 뉴스 기사에도 나왔다시피 사전에 알려주지 않고 시행이 되었기 때문에 이런 문제가 생기는 것이다.#@문장구분# 당장 시작하지 않아도 몇 년 뒤에라도 할 예정이 있는 경우에만 시행하는 쪽으로 가야 한다.#@문장구분#",
      "paragraph_len": 217,
      "paragraph_id": "002"
    },
    {
      "paragraph_txt": "  둘째 만약 갑작스럽게 공사를 꼭 진행해야 할 경우에는 구청에서 여분의 돈을 지급해야 한다.#@문장구분# 편안한 집에서 피해를 보는 것이기 때문에 구청에서 지급하는 돈으로 조금의 이득도 봐야 된다고 생각한다.#@문장구분# 많은 돈이 아니더라도 이 정도의 제안은 충분히 가능하다고 본다.#@문장구분#",
      "paragraph_len": 206,
      "paragraph_id": "003"
    },
    {
      "paragraph_txt": " 셋째, 주민들이 입주하기 전에 가능한 빨리 공사를 시작한다.#@문장구분# 입주객을 모으고 홍보하는 것도 중요하지만 새 건물인만큼 소음이나 피해 같은 것은 최소화 하여야 하는 것이 당연하다.#@문장구분# 그렇기 때문에 입주객을 받는 그 시점부터라도 공사를 미리 시작하여야 한다.#@문장구분# ",
      "paragraph_len": 202,
      "paragraph_id": "004"
    },
    {
      "paragraph_txt": " 길을 가다보면 어느 한 빌라 앞에 현수막으로 \"자동차 소음만 들리는 집, 이게 집이냐!\" 라는 문구를 길을 가면서 본 적이 있다.#@문장구분# 나도 이 길을 지날 때면 시끄러워서 여기 사람들은 얼마나 괴롭고 고통스러울지 예상이 안 간다.#@문장구분# 그 주변은 신호등이 존재하는 골목길인데 그 반대편은 공사를 하고 있는 와중에 도로는 시끄러워서 집을 비우거나 이사를 하는 현장을 종종 길을 가며 보았다.#@문장구분# ",
      "paragraph_len": 273,
      "paragraph_id": "005"
    },
    {
      "paragraph_txt": " 앞서 말한 것처럼 자동차가 빵빵대는 소음도 주민들은 힘들어하는데 더 시끄러운 공사 현장도 많은 피해를 주기 때문에 제시한 해결 방안들로 좀 더 살아가기 편한 도시를 만들어야 한다.#@문장구분# 많이는 아니지만 조금이라도 더 나은 환경을 위해 이 대안을 기여했으면 좋겠다.#@문장구분#",
      "paragraph_len": 185,
      "paragraph_id": "006"
    }
  ],
  "score": {
    "paragraph_score": [
      {
        "paragraph_scoreT": [
          2.2,
          2.8,
          2
        ],
        "paragraph_scoreT_detail": {
          "paragraph_scoreT_exp": [
            [
              3,
              2,
              2
            ],
            [
              2,
              3,
              3
            ],
            [
              2,
              2,
              2
            ]
          ]
        },
        "paragraph_scoreT_avg": 2.3333333,
        "paragraph_id": "001"
      },
      {
        "paragraph_scoreT": [
          1.6,
          2.8,
          2
        ],
        "paragraph_scoreT_detail": {
          "paragraph_scoreT_exp": [
            [
              2,
              2,
              1
            ],
            [
              2,
              3,
              3
            ],
            [
              2,
              2,
              2
            ]
          ]
        },
        "paragraph_scoreT_avg": 2.1333334,
        "paragraph_id": "002"
      },
      {
        "paragraph_scoreT": [
          1.6,
          2.8,
          2
        ],
        "paragraph_scoreT_detail": {
          "paragraph_scoreT_exp": [
            [
              2,
              2,
              1
            ],
            [
              2,
              3,
              3
            ],
            [
              2,
              2,
              2
            ]
          ]
        },
        "paragraph_scoreT_avg": 2.1333334,
        "paragraph_id": "003"
      },
      {
        "paragraph_scoreT": [
          1.2,
          2.8,
          2
        ],
        "paragraph_scoreT_detail": {
          "paragraph_scoreT_exp": [
            [
              2,
              1,
              1
            ],
            [
              2,
              3,
              3
            ],
            [
              2,
              2,
              2
            ]
          ]
        },
        "paragraph_scoreT_avg": 2,
        "paragraph_id": "004"
      },
      {
        "paragraph_scoreT": [
          2,
          2.8,
          2
        ],
        "paragraph_scoreT_detail": {
          "paragraph_scoreT_exp": [
            [
              2,
              2,
              2
            ],
            [
              2,
              3,
              3
            ],
            [
              2,
              2,
              2
            ]
          ]
        },
        "paragraph_scoreT_avg": 2.2666667,
        "paragraph_id": "005"
      },
      {
        "paragraph_scoreT": [
          1.6,
          2.8,
          2
        ],
        "paragraph_scoreT_detail": {
          "paragraph_scoreT_exp": [
            [
              2,
              2,
              1
            ],
            [
              2,
              3,
              3
            ],
            [
              2,
              2,
              2
            ]
          ]
        },
        "paragraph_scoreT_avg": 2.1333334,
        "paragraph_id": "006"
      }
    ],
    "essay_scoreT": [
      15.700001,
      29.4,
      18.8
    ],
    "essay_scoreT_avg": 21.3,
    "essay_scoreT_detail": {
      "essay_scoreT_org": [
        [
          1,
          0,
          2,
          3
        ],
        [
          3,
          0,
          3,
          3
        ],
        [
          2,
          0,
          2,
          2
        ]
      ],
      "essay_scoreT_cont": [
        [
          2,
          1,
          1,
          2
        ],
        [
          3,
          3,
          3,
          3
        ],
        [
          2,
          1,
          2,
          2
        ]
      ],
      "essay_scoreT_exp": [
        [
          2,
          2,
          1
        ],
        [
          2,
          3,
          3
        ],
        [
          2,
          2,
          2
        ]
      ]
    }
  },
  "student": {
    "date": "2021.09.06",
    "student_educated": true,
    "student_grade": "고등_1학년",
    "location": "051",
    "student_grade_group": "고등",
    "student_reading": 1
  },
  "rubric": {
    "essay_grade": "고등_1학년",
    "organization_weight": {
      "org_paragraph": 0,
      "org": 3,
      "org_essay": 6,
      "org_coherence": 3,
      "org_quantity": 1
    },
    "essay_type": "대안제시",
    "content_weight": {
      "con_clearance": 3,
      "con_novelty": 3,
      "con": 4,
      "con_prompt": 1,
      "con_description": 3
    },
    "essay_main_subject": "혐오시설 건설문제에 대한 본인의 생각",
    "expression_weight": {
      "exp_style": 4,
      "exp_grammar": 2,
      "exp_vocab": 4,
      "exp": 3
    }
  },
  "correction": [],
  "info": {
    "essay_id": "ESSAY_34909",
    "essay_prompt": " 혐오 시설이란 지역 주민에게 공포감이나 고통을 주거나, 주변 지역의 쾌적성이 훼손됨으로써 집값이나 땅값이 내려가는 등 부정적인 외부효과를 유발하는 시설을 의미합니다.\n\n 대표적인 혐오 시설에는 쓰레기 매립장, 원자력발전소, 소각장, 유류저장소 등이 있습니다.\n\n 매립지, 소각장, 쓰레기 하치장 같은 혐오 시설은 그리 위험하지는 않지만, 쓰레기를 취급한다는 점에서 혐오감을 주며, 주변 환경오염 문제가 갈등을 일으킵니다. 특히 소각장은 인구밀도가 높은 대도시에 건설된다는 점에서 반대 운동이 일기도 합니다.\n\n 그런데 서로 반대만 하다 보면 입지를 찾지 못해 결국 모든 주민의 삶의 질이 저하될 수 있습니다.\n\n 정부 차원에서 가장 적절한 장소를 선별하여 건설 후 주변 사람들에게 혜택을 주는 방식이 적절한 방법일까요? 아니면 혐오 시설만을 모아둔 부지를 따로 정해서 건설해야 할까요? 아니면 모든 도시가 공평하게 혐오 시설 건설에 대한 부담을 지니고 하나씩 건설해야 할까요?\n\n 모두가 만족할만한 결과를 내기란 정말 어려운 문제이지만 여러분이 생각하는 가장 합리적이고 좋은 방법을 생각해보세요. 그리고 그 방법을 대안으로 제시하고 그 근거에 대해 작성해주세요.",
    "essay_type": "대안제시",
    "essay_level": "1",
    "essay_len": 850,
    "essay_main_subject": "혐오시설 건설문제에 대한 본인의 생각"
  }
}