{
  "paragraph": [
    {
      "paragraph_txt": "사람들에게 혐오 시설에는는 쓰레기 매립장, 원자력발전소, 소각장, 유류저장소와 같은 혐오 시설을 지역 주민에게 공포감이나 고통을 주거나, 주변 지역의 쾌적성이 훼손됨으로써 집값이나 땅값이 내려가는 등 부정적인 외부효과 때문에 주변에 혐오 시설이 생기는 것을 꺼리곤 한다.#@문장구분# 하지만 우리가 모두 피하다 보면 혐오 시설로 불리는 시설들은 지을 곳이 사라지고 우리는 필요할 때 이용하지 못하게 된다 그래서 나는 혐오 시설의 건립지를 공개적인 투표를 통해 만들었으면 한다.#@문장구분# 그 도시에 지을 그것이라면 여러 부지를 선택한 후 시민들에게 어떤 곳이 건립지로 알맞은지 공개적인 투표로 결정하면 좋겠다.#@문장구분# 또 지역 주민들의 의사가 반영된 장소가 건립지로 선택될 것이다.#@문장구분# 민주주의 방식인 투표를 이용하면 불만이 최소로 줄어들고 제일 합리적인 장소가 선정될 것이다.#@문장구분# 하지만 이러한 투표방식에도 불만이 생길 수 있는데, 민주주의의 절차로 문제를 해결하면 효과적으로 문제를 해결할 수 있을 것이고 불만도 작아질 것이다.#@문장구분# 우리 모두 혐오 시설을 꺼리는 건 사실이고 모두가 만족할 만한 결과가 나올 수는 없지만 모두의 편이와 이익, 삶의 질을 위해서는 혐오 시설 건립이 꼭 필요하다고 생각하고 문제해결을 위해서는 민주주의적인 절차인 공개투표 방식이 적적하다고 생각한다.#@문장구분# 혐오시설은 우리가 살아가는데, 없어서는 안될 시설들이다.#@문장구분# 하지만 보기 흉하다는 이유로, 냄새가 난다는 이유로 자신들의 사는 곳에 건설하는 것을 꺼려한다.#@문장구분#님비현상 (NIMBY) \"Not In My Backyard\" 내 뒷마당은 안돼!!!! 하지만 이런 이기주의가 빨리 사라져 서로 이해하고 배려해서 혐오시설 설치문제가 잘 해결되었으면 좋겠다.#@문장구분# 그렇게 되려면 정부에서도 적절한 보상절차가 있어야 한다고 생각한다.#@문장구분# 다들 꺼리는 시설을 받아들이는 희생을 감수해야 하는 지역주민들에게 타지역사람들이 부러워 할만한 큰 보상이 따라야 시설을 만드는데 들어가는 시간과 비용을 절약할수 있을꺼 같다#@문장구분#",
      "paragraph_len": 1204,
      "paragraph_id": "001"
    }
  ],
  "score": {
    "paragraph_score": [
      {
        "paragraph_scoreT": [
          2.8,
          2.8,
          3
        ],
        "paragraph_scoreT_detail": {
          "paragraph_scoreT_exp": [
            [
              2,
              3,
              3
            ],
            [
              2,
              3,
              3
            ],
            [
              3,
              3,
              3
            ]
          ]
        },
        "paragraph_scoreT_avg": 2.8666668,
        "paragraph_id": "001"
      }
    ],
    "essay_scoreT": [
      28.2,
      28.2,
      30
    ],
    "essay_scoreT_avg": 28.800001,
    "essay_scoreT_detail": {
      "essay_scoreT_org": [
        [
          3,
          0,
          3,
          3
        ],
        [
          3,
          0,
          3,
          3
        ],
        [
          3,
          0,
          3,
          3
        ]
      ],
      "essay_scoreT_cont": [
        [
          3,
          2,
          3,
          3
        ],
        [
          3,
          2,
          3,
          3
        ],
        [
          3,
          3,
          3,
          3
        ]
      ],
      "essay_scoreT_exp": [
        [
          2,
          3,
          3
        ],
        [
          2,
          3,
          3
        ],
        [
          3,
          3,
          3
        ]
      ]
    }
  },
  "student": {
    "date": "2021.12.06",
    "student_educated": true,
    "student_grade": "고등_1학년",
    "location": "063",
    "student_grade_group": "고등",
    "student_reading": 2
  },
  "rubric": {
    "essay_grade": "고등_1학년",
    "organization_weight": {
      "org_paragraph": 0,
      "org": 3,
      "org_essay": 6,
      "org_coherence": 3,
      "org_quantity": 1
    },
    "essay_type": "대안제시",
    "content_weight": {
      "con_clearance": 3,
      "con_novelty": 3,
      "con": 4,
      "con_prompt": 1,
      "con_description": 3
    },
    "essay_main_subject": "혐오시설 건설문제에 대한 본인의 생각",
    "expression_weight": {
      "exp_style": 4,
      "exp_grammar": 2,
      "exp_vocab": 4,
      "exp": 3
    }
  },
  "correction": [],
  "info": {
    "essay_id": "ESSAY_57107",
    "essay_prompt": " 혐오 시설이란 지역 주민에게 공포감이나 고통을 주거나, 주변 지역의 쾌적성이 훼손됨으로써 집값이나 땅값이 내려가는 등 부정적인 외부효과를 유발하는 시설을 의미합니다.\n\n 대표적인 혐오 시설에는 쓰레기 매립장, 원자력발전소, 소각장, 유류저장소 등이 있습니다.\n\n 매립지, 소각장, 쓰레기 하치장 같은 혐오 시설은 그리 위험하지는 않지만, 쓰레기를 취급한다는 점에서 혐오감을 주며, 주변 환경오염 문제가 갈등을 일으킵니다. 특히 소각장은 인구밀도가 높은 대도시에 건설된다는 점에서 반대 운동이 일기도 합니다.\n\n 그런데 서로 반대만 하다 보면 입지를 찾지 못해 결국 모든 주민의 삶의 질이 저하될 수 있습니다.\n\n 정부 차원에서 가장 적절한 장소를 선별하여 건설 후 주변 사람들에게 혜택을 주는 방식이 적절한 방법일까요? 아니면 혐오 시설만을 모아둔 부지를 따로 정해서 건설해야 할까요? 아니면 모든 도시가 공평하게 혐오 시설 건설에 대한 부담을 지니고 하나씩 건설해야 할까요?\n\n 모두가 만족할만한 결과를 내기란 정말 어려운 문제이지만 여러분이 생각하는 가장 합리적이고 좋은 방법을 생각해보세요. 그리고 그 방법을 대안으로 제시하고 그 근거에 대해 작성해주세요.",
    "essay_type": "대안제시",
    "essay_level": "1",
    "essay_len": 964,
    "essay_main_subject": "혐오시설 건설문제에 대한 본인의 생각"
  }
}