{
  "paragraph": [
    {
      "paragraph_txt": "첫째, 남녀 간의 대립이 아닌 화합을 해야 한다.#@문장구분# 남성과 여성이 서로를 성별 프레임을 씌워 생각하고 있기 때문에 남녀 간의 분열이 일어난다고 생각된다.#@문장구분# 남초 커뮤니티에서는 남성의 입장에서 여성에 대한 생각을 얘기하고 있으며, 여성도 마찬가지이다.#@문장구분#따라서 남성과 여성이 서로 건전하게 소통을 하여 사회적인 화합의 창구를 열고 이 문제를 해결할 방안을 고민해야 한다. #@문장구분#그래야 서로 \"자기가 더 불평등하다\"라고 주장하는 남녀가 이 시대의 성별 간의 불합리성을 주관적인 시각이 아닌 객관적인 시각으로 바라볼 수 있을 것이다.#@문장구분#",
      "paragraph_len": 388,
      "paragraph_id": "001"
    },
    {
      "paragraph_txt": "둘째, 여성주의에 치우쳐진 제도 및 정책에 초점을 맞추지 말고 남성과 여성을 동등하게 생각한 정책을 마련해야 한다.#@문장구분# 여성 복지부에서는 '성 평등'이라는 이름의 여성 편향 정책들이 많이 있다. #@문장구분#양성평등을 위해서는 남성들만의 주장과, 여성들만의 주장이 아닌 모두의 주장을 다 들어주어야 한다. #@문장구분#그러므로 어느 한 쪽으로 치우쳐진 제도, 정책이 아닌 모두가 만족할 수 있는 제도를 마련해야 한다.#@문장구분#",
      "paragraph_len": 297,
      "paragraph_id": "002"
    },
    {
      "paragraph_txt": "셋째, 남성과 여성은 서로의 본질적인 가치를 알 필요가 있다.#@문장구분# 본래 인간은 완전한 존재가 아니라서 혼자서만 살아갈 수 없다.#@문장구분# 그러므로 남녀 서로의 역할이 필요하다.#@문장구분# 지금처럼 서로를 물고 뜯는 갈등의 관계가 아닌 상호보완적인 관계를 이루어 살아가야 한다.#@문장구분#",
      "paragraph_len": 221,
      "paragraph_id": "003"
    },
    {
      "paragraph_txt": "넷째, 남성과 여성이 화합할 수 있는 캠페인을 실시한다. #@문장구분#캠페인에 참가함으로써 서로 소통하며 자신의 생각을 바꿔 나아가고, 서로의 입장을 좀 더 잘 이해할 수 있게 될 것이다.#@문장구분# 적극적인 마음을 가지고 화합을 하고자 한다면 우리 사회의 문제를 더 빨리 해결할 수 있을 것이다.#@문장구분#",
      "paragraph_len": 213,
      "paragraph_id": "004"
    },
    {
      "paragraph_txt": "남녀는 경쟁 관계가 아닌 상호보완하며 화합해야 하는 존재이다. #@문장구분#이뿐만 아니라 서로 배려하고 존중하며 살아가야 한다.#@문장구분#",
      "paragraph_len": 104,
      "paragraph_id": "005"
    }
  ],
  "score": {
    "paragraph_score": [
      {
        "paragraph_scoreT": [
          3,
          2.6,
          2.4
        ],
        "paragraph_scoreT_detail": {
          "paragraph_scoreT_exp": [
            [
              3,
              3,
              3
            ],
            [
              3,
              3,
              2
            ],
            [
              2,
              3,
              2
            ]
          ]
        },
        "paragraph_scoreT_avg": 2.6666667,
        "paragraph_id": "001"
      },
      {
        "paragraph_scoreT": [
          3,
          2.6,
          2.4
        ],
        "paragraph_scoreT_detail": {
          "paragraph_scoreT_exp": [
            [
              3,
              3,
              3
            ],
            [
              3,
              3,
              2
            ],
            [
              2,
              3,
              2
            ]
          ]
        },
        "paragraph_scoreT_avg": 2.6666667,
        "paragraph_id": "002"
      },
      {
        "paragraph_scoreT": [
          3,
          2.6,
          2.4
        ],
        "paragraph_scoreT_detail": {
          "paragraph_scoreT_exp": [
            [
              3,
              3,
              3
            ],
            [
              3,
              3,
              2
            ],
            [
              2,
              3,
              2
            ]
          ]
        },
        "paragraph_scoreT_avg": 2.6666667,
        "paragraph_id": "003"
      },
      {
        "paragraph_scoreT": [
          3,
          2.6,
          2.4
        ],
        "paragraph_scoreT_detail": {
          "paragraph_scoreT_exp": [
            [
              3,
              3,
              3
            ],
            [
              3,
              3,
              2
            ],
            [
              2,
              3,
              2
            ]
          ]
        },
        "paragraph_scoreT_avg": 2.6666667,
        "paragraph_id": "004"
      },
      {
        "paragraph_scoreT": [
          3,
          2.6,
          2.4
        ],
        "paragraph_scoreT_detail": {
          "paragraph_scoreT_exp": [
            [
              3,
              3,
              3
            ],
            [
              3,
              3,
              2
            ],
            [
              2,
              3,
              2
            ]
          ]
        },
        "paragraph_scoreT_avg": 2.6666667,
        "paragraph_id": "005"
      }
    ],
    "essay_scoreT": [
      30,
      23.3,
      24.8
    ],
    "essay_scoreT_avg": 26.033333,
    "essay_scoreT_detail": {
      "essay_scoreT_org": [
        [
          3,
          0,
          3,
          3
        ],
        [
          2,
          0,
          2,
          3
        ],
        [
          2,
          0,
          3,
          3
        ]
      ],
      "essay_scoreT_cont": [
        [
          3,
          3,
          3,
          3
        ],
        [
          3,
          2,
          2,
          2
        ],
        [
          3,
          2,
          2,
          3
        ]
      ],
      "essay_scoreT_exp": [
        [
          3,
          3,
          3
        ],
        [
          3,
          3,
          2
        ],
        [
          2,
          3,
          2
        ]
      ]
    }
  },
  "student": {
    "date": "2021.09.07",
    "student_educated": true,
    "student_grade": "고등_1학년",
    "location": "051",
    "student_grade_group": "고등",
    "student_reading": 2
  },
  "rubric": {
    "essay_grade": "고등_1학년",
    "organization_weight": {
      "org_paragraph": 0,
      "org": 3,
      "org_essay": 6,
      "org_coherence": 3,
      "org_quantity": 1
    },
    "essay_type": "대안제시",
    "content_weight": {
      "con_clearance": 3,
      "con_novelty": 3,
      "con": 4,
      "con_prompt": 1,
      "con_description": 3
    },
    "essay_main_subject": "남녀 갈등 해결 방안",
    "expression_weight": {
      "exp_style": 4,
      "exp_grammar": 2,
      "exp_vocab": 4,
      "exp": 3
    }
  },
  "correction": [],
  "info": {
    "essay_id": "ESSAY_34235",
    "essay_prompt": " 남녀 갈등은 최근 우리 사회에서 가장 뜨거운 이슈 중 하나입니다. 이러한 갈등은 아직 간극을 좁히지 못하고 현재 사회적인 문제로 자리 잡았습니다.\n\n 군 가산점 문제, 일자리 문제 등 여러 가지 비교 자료들을 토대로 토론을 하고 이를 통해 갈등을 해결하고자 하는 노력이 이루어지고 있습니다.\n\n 과거에는 성차별 심했던 시기가 있었습니다. 여자와 남자를 구별 지어 일을 주는 경우도 많았습니다. 하지만, 현재는 여자와 남자라는 성별을 떠나서 나이, 국적을 불문하고 모두에게 평등한 기회를 주기 위해 노력하고 있습니다.\n\n 이렇게 모두의 노력에도 불구하고 아직 해결되지 않았거나 해결될 기미가 보이지 않는 양성평등 문제가 있을까요?\n\n 아주 작은 사소한 일이라도 좋습니다. 여러분이 생각하는 우리 주변의 양성평등 문제를 하나 작성해보고 어떻게 해결할 수 있을지 혹은 무엇이 바뀌어야 해결될 것 같은지 본인의 생각을 설명해주세요. ",
    "essay_type": "대안제시",
    "essay_level": "1",
    "essay_len": 873,
    "essay_main_subject": "남녀 갈등 해결 방안"
  }
}