{
  "paragraph": [
    {
      "paragraph_txt": "인터넷에서나 SNS나 심지어는 공중파 TV프로그램  서도 우리는 남혐여혐표현을 자주 보게 되었다.#@문장구분# 표현은 한 사람이나 특정 단체나 인종을 비하하고 혐오하는 것이 아닌 성별을 비하하고 까내리는 표현이기에 이런 표현이 많아지고 자주 듣게되는 만큼 성별갈등은 당연히 더 깊어진다.#@문장구분# 이런 표현들은 당연히 사라져야하고 줄여나가야 하는 사회적 문제이다.#@문장구분#  이런 표현을 줄이고 없애기 위한 방법으로 난 이렇게 생각해 보았다.#@문장구분# 인터넷과 SNS의 발달과 쉬운 접근성으로 어린 친구들까지 이런 혐오표현을 접할 수 있다.#@문장구분# 따라서  어린 친구들이 이런 표현을 알지 못하도록 저학년의 인터넷 사용 제제와 여려 사이트의 제제가 있었으면 좋겠다.#@문장구분# 초등생들이 이런 표현을 쉽게 접할 수 있는 인터넷 사이트나 SNS를 이용못하게 차단하거나 제제를 하여 혐오표현은 물론 다른 욕설이나 폭언 등 그리고 여려 부정적인 악영향을 차단시킬 수 있다.#@문장구분# 어린 나이부터 이런것들을 알게되면 중고등생 그리고 대학생, 사회인이 될때 더 심한 젠더갈등을 불러올 수 있다.#@문장구분#<br/><br/> 둘째로 인터넷을 할 때 자신이 한 행동과 채팅이나 말이 기록이 되어야 한다.#@문장구분# 인터넷 사이트나 SNS 이용자가 한 행동이나 썼던 글들을 사이트에서 기록하여 그 사용자가 혐오표현이나 그런것들이 아니라도 안 좋은 말을 하였을 때 쉽게 신고하고 그 사용자를 제제하고 처벌할 수 있게 했으면 좋겠다.#@문장구분# 그럼 많은 사용자들이 인터넷에서 혐오표현을 쓰지 않을 수 있고 혐오표현은 밖에서 보단 인터넷 안에서 더 자주 보이기에 남녀의 갈등을 줄일 수 있다.#@문장구분# 마지막으로 젠더갈들이 줄지 않는 이유중 하나가 사람들의 무관심이라고 생각하기에 학교에서의 교육과 뉴스이 보도를 늘려야 한다고 생각한다.#@문장구분# 학교에서 혐오표현의 심각성을 알리고 뉴스에서도 자주 보도하여 이것이 큰 사회 문제라는 것을 알려 많은 사람들이 이 문제에 대하여 깊게 고민할 수 있게 해야한다고 생각한다.#@문장구분# 자신의 문제가 아니라고 이것이 민감한 문제가 아니라고 계속 모른 척 한다면 그것은 회피일 뿐이기에 이 문제는 더 심해질 수 있다.#@문장구분#",
      "paragraph_len": 1308,
      "paragraph_id": "001"
    }
  ],
  "score": {
    "paragraph_score": [
      {
        "paragraph_scoreT": [
          2,
          2.8,
          1.6
        ],
        "paragraph_scoreT_detail": {
          "paragraph_scoreT_exp": [
            [
              2,
              2,
              2
            ],
            [
              2,
              3,
              3
            ],
            [
              2,
              1,
              2
            ]
          ]
        },
        "paragraph_scoreT_avg": 2.1333334,
        "paragraph_id": "001"
      }
    ],
    "essay_scoreT": [
      18.5,
      27.900002,
      20.400002
    ],
    "essay_scoreT_avg": 22.266668,
    "essay_scoreT_detail": {
      "essay_scoreT_org": [
        [
          1,
          0,
          2,
          3
        ],
        [
          3,
          0,
          3,
          2
        ],
        [
          2,
          0,
          2,
          2
        ]
      ],
      "essay_scoreT_cont": [
        [
          2,
          2,
          2,
          2
        ],
        [
          3,
          2,
          3,
          3
        ],
        [
          3,
          2,
          3,
          2
        ]
      ],
      "essay_scoreT_exp": [
        [
          2,
          2,
          2
        ],
        [
          2,
          3,
          3
        ],
        [
          2,
          1,
          2
        ]
      ]
    }
  },
  "student": {
    "date": "2021.09.07",
    "student_educated": true,
    "student_grade": "고등_1학년",
    "location": "051",
    "student_grade_group": "고등",
    "student_reading": 2
  },
  "rubric": {
    "essay_grade": "고등_1학년",
    "organization_weight": {
      "org_paragraph": 0,
      "org": 3,
      "org_essay": 6,
      "org_coherence": 3,
      "org_quantity": 1
    },
    "essay_type": "대안제시",
    "content_weight": {
      "con_clearance": 3,
      "con_novelty": 3,
      "con": 4,
      "con_prompt": 1,
      "con_description": 3
    },
    "essay_main_subject": "남녀 갈등 해결 방안",
    "expression_weight": {
      "exp_style": 4,
      "exp_grammar": 2,
      "exp_vocab": 4,
      "exp": 3
    }
  },
  "correction": [],
  "info": {
    "essay_id": "ESSAY_34678",
    "essay_prompt": " 남녀 갈등은 최근 우리 사회에서 가장 뜨거운 이슈 중 하나입니다. 이러한 갈등은 아직 간극을 좁히지 못하고 현재 사회적인 문제로 자리 잡았습니다.\n\n 군 가산점 문제, 일자리 문제 등 여러 가지 비교 자료들을 토대로 토론을 하고 이를 통해 갈등을 해결하고자 하는 노력이 이루어지고 있습니다.\n\n 과거에는 성차별 심했던 시기가 있었습니다. 여자와 남자를 구별 지어 일을 주는 경우도 많았습니다. 하지만, 현재는 여자와 남자라는 성별을 떠나서 나이, 국적을 불문하고 모두에게 평등한 기회를 주기 위해 노력하고 있습니다.\n\n 이렇게 모두의 노력에도 불구하고 아직 해결되지 않았거나 해결될 기미가 보이지 않는 양성평등 문제가 있을까요?\n\n 아주 작은 사소한 일이라도 좋습니다. 여러분이 생각하는 우리 주변의 양성평등 문제를 하나 작성해보고 어떻게 해결할 수 있을지 혹은 무엇이 바뀌어야 해결될 것 같은지 본인의 생각을 설명해주세요. ",
    "essay_type": "대안제시",
    "essay_level": "1",
    "essay_len": 1009,
    "essay_main_subject": "남녀 갈등 해결 방안"
  }
}