{
  "paragraph": [
    {
      "paragraph_txt": "혐오 시설은 사람이 살아가기에 매우 중요한 시설입니다.#@문장구분# 하지만 안 좋은 인식으로 자기 지역에 건설되는 것을 싫어하지요.#@문장구분# 우리에게 꼭 필요한 시설을 왜 싫어할까요?? #@문장구분#그 지역을 바라보는 시선이 달라지고, 부동산 가격이 하락하므로 님비 현상이 나타나기 때문입니다.#@문장구분# 하지만 좋은점 을 없을까요??#@문장구분#　청주에는 청주여자교도소가 유명합니다.#@문장구분# 교도소도 혐오 시설중 하나인데 청주의 대부분의 사람들은 교도소가 더 생기기를 바랍니다.#@문장구분# 왜냐하면 청주의 지역 상권이 올라가 지역이 돈을 벌기 때문입니다.#@문장구분# 또 혐오시설 건설에 성공사례도 있습니다.#@문장구분# 하지만 장점보다 단점이 훨씬 많은 혐오 시설을 어떻게 하면 좋을까요?? #@문장구분#첮째 사람들의 인식을 바꾸는 것이 가장 중요하다고 생각합니다.#@문장구분# 인식을 바꾸면 사람들이 보는 시선과 하는 행동이 많이 달라져, 지역에 많은 영향을 끼칠 것입니다.#@문장구분# 하지만 사람의 인식을 바꾸는 게 가장 어렵다고 생각하기도 합니다.#@문장구분# 둘째 혐오 시설이 아닌 사람들이 즐길 수 있는 공간처럼 만드는 것입니다.#@문장구분# 그러면 더 많은 사람들이 찾아올 것이고, 혐오 시설이 지어지는 것을 거부하지 않을 것입니다.#@문장구분# 예를 들어 공원처럼 시설을 예쁘게 꾸미고 위혐 하지 않고 악취가 나지 않도록 계속 적인 연구가 필요할 것입니다.#@문장구분# 셋째 혐오 시설이 지어지는 지역에 혜택을 주는 방법입니다.#@문장구분# 넷째 지하에 혐오 시설을 위한 지역을 만들어 사람 대신 혐오 시설을 짓는 것입니다.#@문장구분# 물론 지하에서 올라오는 연기는 사람이 많이 살지 않는 지역으로 연기는 뺴는것입니다.#@문장구분# 가장 어렵고 합리적이지 못한 방법이지만 미래를 생각하면 가장 좋은 방법 중 하나입니다.#@문장구분# 모두가 만족할만한 방법을 찾는 것이 가장 어렵다고 생각합니다.#@문장구분# 그래도 가장 중요한 것은 사람들의 인식을 바꾸는 것이 가장 중요하다고 생각합니다.#@문장구분# 사람들의 인식을 바꾸지 못하면 계속해서 편견이 생기고 그 편견으로 인해 혐오시설에 대한 인식이 더 안좋아지는 악순환이 계속 발생할 것이기 때문입니다.#@문장구분# 결국 혐오시설은 우리가 살아가는데 꼭 필요한 부분인데 그것에 대한 인식이 안 좋아지면 우리 모두에게 이점이 되는 것이 없기 때문에 혐오시설에 대한 인식을 개선하는 것이 우선이라고 생각합니다.#@문장구분#",
      "paragraph_len": 1543,
      "paragraph_id": "001"
    }
  ],
  "score": {
    "paragraph_score": [
      {
        "paragraph_scoreT": [
          3,
          3,
          2.8
        ],
        "paragraph_scoreT_detail": {
          "paragraph_scoreT_exp": [
            [
              3,
              3,
              3
            ],
            [
              3,
              3,
              3
            ],
            [
              2,
              3,
              3
            ]
          ]
        },
        "paragraph_scoreT_avg": 2.9333334,
        "paragraph_id": "001"
      }
    ],
    "essay_scoreT": [
      30,
      28.4,
      29.4
    ],
    "essay_scoreT_avg": 29.266668,
    "essay_scoreT_detail": {
      "essay_scoreT_org": [
        [
          3,
          0,
          3,
          3
        ],
        [
          3,
          0,
          3,
          3
        ],
        [
          3,
          0,
          3,
          3
        ]
      ],
      "essay_scoreT_cont": [
        [
          3,
          3,
          3,
          3
        ],
        [
          3,
          2,
          2,
          3
        ],
        [
          3,
          3,
          3,
          3
        ]
      ],
      "essay_scoreT_exp": [
        [
          3,
          3,
          3
        ],
        [
          3,
          3,
          3
        ],
        [
          2,
          3,
          3
        ]
      ]
    }
  },
  "student": {
    "date": "2021.12.03",
    "student_educated": true,
    "student_grade": "고등_1학년",
    "location": "041",
    "student_grade_group": "고등",
    "student_reading": 1
  },
  "rubric": {
    "essay_grade": "고등_1학년",
    "organization_weight": {
      "org_paragraph": 0,
      "org": 3,
      "org_essay": 6,
      "org_coherence": 3,
      "org_quantity": 1
    },
    "essay_type": "대안제시",
    "content_weight": {
      "con_clearance": 3,
      "con_novelty": 3,
      "con": 4,
      "con_prompt": 1,
      "con_description": 3
    },
    "essay_main_subject": "혐오시설 건설문제에 대한 본인의 생각",
    "expression_weight": {
      "exp_style": 4,
      "exp_grammar": 2,
      "exp_vocab": 4,
      "exp": 3
    }
  },
  "correction": [],
  "info": {
    "essay_id": "ESSAY_54688",
    "essay_prompt": " 혐오 시설이란 지역 주민에게 공포감이나 고통을 주거나, 주변 지역의 쾌적성이 훼손됨으로써 집값이나 땅값이 내려가는 등 부정적인 외부효과를 유발하는 시설을 의미합니다.\n\n 대표적인 혐오 시설에는 쓰레기 매립장, 원자력발전소, 소각장, 유류저장소 등이 있습니다.\n\n 매립지, 소각장, 쓰레기 하치장 같은 혐오 시설은 그리 위험하지는 않지만, 쓰레기를 취급한다는 점에서 혐오감을 주며, 주변 환경오염 문제가 갈등을 일으킵니다. 특히 소각장은 인구밀도가 높은 대도시에 건설된다는 점에서 반대 운동이 일기도 합니다.\n\n 그런데 서로 반대만 하다 보면 입지를 찾지 못해 결국 모든 주민의 삶의 질이 저하될 수 있습니다.\n\n 정부 차원에서 가장 적절한 장소를 선별하여 건설 후 주변 사람들에게 혜택을 주는 방식이 적절한 방법일까요? 아니면 혐오 시설만을 모아둔 부지를 따로 정해서 건설해야 할까요? 아니면 모든 도시가 공평하게 혐오 시설 건설에 대한 부담을 지니고 하나씩 건설해야 할까요?\n\n 모두가 만족할만한 결과를 내기란 정말 어려운 문제이지만 여러분이 생각하는 가장 합리적이고 좋은 방법을 생각해보세요. 그리고 그 방법을 대안으로 제시하고 그 근거에 대해 작성해주세요.",
    "essay_type": "대안제시",
    "essay_level": "1",
    "essay_len": 1063,
    "essay_main_subject": "혐오시설 건설문제에 대한 본인의 생각"
  }
}