{
  "paragraph": [
    {
      "paragraph_txt": "제가 생각하기에 가장 많이 이야기되는 군 가산점 제도가 없어져야 한다는 것입니다.#@문장구분# 그래서 이걸 주제로 남녀평등에 관한 말씀을 드려보겠습니다.#@문장구분# 일단 군 가산점이 필요한 이유에 대해 생각해봅시다.#@문장구분# 군대가 필요하다고는 생각을 하실 겁니다.#@문장구분# 그런데 군대가 있으려면 병사들이 있어야 하지 않겠습니까?#@문장구분# 가고 싶어 하시는 분들도 있겠지만 그런데 가고 싶어 하는 사람이 없거나 부족하다면 강제로라도 데려가야 국가와 시민들의 안전이 보장될 것인데 강제로 갔다가 그 시간 동안 아무것도 못 하고 훈련만 받는 게 좋지 않을 거로 생각합니다. #@문장구분#그래서 주어지는 게 군 가산점이라고 생각하는데 그래도 군 가산점이 없어져야 한다고 생각하신다면 오히려 모두가 만족하고 이익을 볼 수 있는 여성분들이 군대를 신체검사나 체력 시험 등을 통하여 남녀차별 없이 뽑아야 하는 게 더 옳다고 말씀드리고 싶습니다.#@문장구분# 군 가산점에 관해 이야기를 해보자면 일단 군 가산점을 처음 만들 때 국가에서 제대로 만들어야 하지 않았을까? 라는 의문이 듭니다.#@문장구분# 왜냐하면, 일단 군 가산점을 주는 것 자체도 헌법에 위배되는 행동인데 그걸 만들어 내서 공무원과 공기업에만 혜택이 있게 만들어서 문제를 만들었나 생각합니다.#@문장구분# 부분적인 혜택보다 공무원이나 공기업을 가지 않는 다른 군필자들도 차별 없이 모두에게 보상을 줘야 하는 것이 아닌가에 대해 생각을 해보면 조금은 그런 생각과 말들이 줄어들 수 있지 않을까 생각합니다.#@문장구분# 왜 그러냐 하면 공무원 시험에서 가산점을 주는 경우를 보면 합격선에 걸쳐서 아쉽게 떨어지시는 분들이 많은데 거기서 가산점을 줘버리면서 생기는 것은 남녀 차별뿐이라고 생각하는데 다른 혜택 예를 들면 보험료나 세금 같은 부분에서 할인을 더해준다든지 이런 더 좋은 방법들이 있었지 않았느냐는 게 제 생각입니다.#@문장구분#",
      "paragraph_len": 1095,
      "paragraph_id": "001"
    }
  ],
  "score": {
    "paragraph_score": [
      {
        "paragraph_scoreT": [
          2.4,
          2.4,
          3
        ],
        "paragraph_scoreT_detail": {
          "paragraph_scoreT_exp": [
            [
              2,
              2,
              3
            ],
            [
              2,
              3,
              2
            ],
            [
              3,
              3,
              3
            ]
          ]
        },
        "paragraph_scoreT_avg": 2.6000001,
        "paragraph_id": "001"
      }
    ],
    "essay_scoreT": [
      18.2,
      23.1,
      24.9
    ],
    "essay_scoreT_avg": 22.066668,
    "essay_scoreT_detail": {
      "essay_scoreT_org": [
        [
          1,
          0,
          2,
          2
        ],
        [
          2,
          0,
          2,
          3
        ],
        [
          2,
          0,
          2,
          3
        ]
      ],
      "essay_scoreT_cont": [
        [
          1,
          2,
          2,
          2
        ],
        [
          3,
          2,
          3,
          2
        ],
        [
          3,
          2,
          3,
          2
        ]
      ],
      "essay_scoreT_exp": [
        [
          2,
          2,
          3
        ],
        [
          2,
          3,
          2
        ],
        [
          3,
          3,
          3
        ]
      ]
    }
  },
  "student": {
    "date": "2021.11.17",
    "student_educated": true,
    "student_grade": "고등_1학년",
    "location": "054",
    "student_grade_group": "고등",
    "student_reading": 1
  },
  "rubric": {
    "essay_grade": "고등_1학년",
    "organization_weight": {
      "org_paragraph": 0,
      "org": 3,
      "org_essay": 6,
      "org_coherence": 3,
      "org_quantity": 1
    },
    "essay_type": "대안제시",
    "content_weight": {
      "con_clearance": 3,
      "con_novelty": 3,
      "con": 4,
      "con_prompt": 1,
      "con_description": 3
    },
    "essay_main_subject": "남녀 갈등 해결 방안",
    "expression_weight": {
      "exp_style": 4,
      "exp_grammar": 2,
      "exp_vocab": 4,
      "exp": 3
    }
  },
  "correction": [],
  "info": {
    "essay_id": "ESSAY_47289",
    "essay_prompt": " 남녀 갈등은 최근 우리 사회에서 가장 뜨거운 이슈 중 하나입니다. 이러한 갈등은 아직 간극을 좁히지 못하고 현재 사회적인 문제로 자리 잡았습니다.\n\n 군 가산점 문제, 일자리 문제 등 여러 가지 비교 자료들을 토대로 토론을 하고 이를 통해 갈등을 해결하고자 하는 노력이 이루어지고 있습니다.\n\n 과거에는 성차별 심했던 시기가 있었습니다. 여자와 남자를 구별 지어 일을 주는 경우도 많았습니다. 하지만, 현재는 여자와 남자라는 성별을 떠나서 나이, 국적을 불문하고 모두에게 평등한 기회를 주기 위해 노력하고 있습니다.\n\n 이렇게 모두의 노력에도 불구하고 아직 해결되지 않았거나 해결될 기미가 보이지 않는 양성평등 문제가 있을까요?\n\n 아주 작은 사소한 일이라도 좋습니다. 여러분이 생각하는 우리 주변의 양성평등 문제를 하나 작성해보고 어떻게 해결할 수 있을지 혹은 무엇이 바뀌어야 해결될 것 같은지 본인의 생각을 설명해주세요. ",
    "essay_type": "대안제시",
    "essay_level": "1",
    "essay_len": 875,
    "essay_main_subject": "남녀 갈등 해결 방안"
  }
}