{
  "paragraph": [
    {
      "paragraph_txt": "요즘 남녀 사이에 갈등이 고조되고 있습니다.#@문장구분# 가라앉았다가도 다시 치솟는 서로 간의 혐오로 감정의 골도 깊어지고만 있습니다.#@문장구분# 현재 사회는 직업에 대한 성별 인식이 사라지고 있고 몸 쓰는 것도 여자가 할 수 있으며 몸을 쓰지 않는 일들도 남자가 할 수 있는 세상입니다.#@문장구분#전체적으로 힘이 많이 드는 일들은 남성들이 하게끔 하거나, 기업에서의 채용 과정에서 여성들이 좀 꺼려지는 경향이 있다던가 말이다.#@문장구분# 그렇다면 이러한 문제들을 어떻게 해결해야 하는가?#@문장구분# 아니, 전제부터가 잘못됐다.#@문장구분# 우리는 이러한 문제들이 자연스러운 현상임을 인정할 필요가 있다.#@문장구분# 살아온 배경은 커녕 신체적인 조건조차 다른데 어떻게 평등이 실현될 수 있단 말인가?#@문장구분#\n예를들어 우리나라를 한참이나 떠들썩하게 했던 미투운동을 기억하십니까?#@문장구분# 저는 미투 운동하면 힘이 없고 약한 약자의 여자를 권력을 가진 연장자인 남성이 성추행을 하여 여성측에서 그 사실을 폭로하고 가해자인 남성측이 비난의 화살을 받는 장면이 떠오릅니다.#@문장구분# 그냥 미투운동이라고 하면 떠오르는 이미지가 이런 모양인 것 같습니다.#@문장구분# 미투 운동이 한창일 때 제 주위에는 중학교 때 동창 친구가 중학교 선생님을 미투 했다더라는 등 근거없는 여러 가지 소문이 시냇물에 낙엽 떠다니듯이 둥둥 떠다녔습니다.#@문장구분# 아니면 말고식의 근거 없는 소문들은 한참 뜨겁게 관심을 받다가 어느 순간 사그라 들었습니다.#@문장구분# 이렇듯 미투운동은 남성, 나이 많은 남성에 대해 성급한 일반화가 되면서 삐뚤어진 성의식으로 변질되었던 것 같습니다.#@문장구분# 이런 모습의 사회는 미투 운동이 나오면 남성에 대한 분노표출과 불만 표시, 성급한 일반화가 되어 다른 물증이나 근거 없이 단지 피해자의 폭로만을 근거로 경찰 수사까지 들어가기도 하였습니다.#@문장구분# 하지만 남자도 여자로 인해 미투를당할수있다는겁니다.#@문장구분# 하지만 미투는 여자만 당한다는 생각에 남자들의미투는 그냥 묵히고말때가있습니다.#@문장구분# 이럴때는 어떻게 해야 하는지  정말 궁금합니다.#@문장구분#",
      "paragraph_len": 1302,
      "paragraph_id": "001"
    }
  ],
  "score": {
    "paragraph_score": [
      {
        "paragraph_scoreT": [
          3,
          2,
          2
        ],
        "paragraph_scoreT_detail": {
          "paragraph_scoreT_exp": [
            [
              3,
              3,
              3
            ],
            [
              2,
              2,
              2
            ],
            [
              2,
              2,
              2
            ]
          ]
        },
        "paragraph_scoreT_avg": 2.3333333,
        "paragraph_id": "001"
      }
    ],
    "essay_scoreT": [
      30,
      20.699999,
      28.2
    ],
    "essay_scoreT_avg": 26.299997,
    "essay_scoreT_detail": {
      "essay_scoreT_org": [
        [
          3,
          0,
          3,
          3
        ],
        [
          2,
          0,
          2,
          3
        ],
        [
          3,
          0,
          3,
          3
        ]
      ],
      "essay_scoreT_cont": [
        [
          3,
          3,
          3,
          3
        ],
        [
          0,
          3,
          3,
          3
        ],
        [
          3,
          3,
          3,
          3
        ]
      ],
      "essay_scoreT_exp": [
        [
          3,
          3,
          3
        ],
        [
          2,
          2,
          2
        ],
        [
          2,
          2,
          3
        ]
      ]
    }
  },
  "student": {
    "date": "2021.12.14",
    "student_educated": true,
    "student_grade": "고등_1학년",
    "location": "063",
    "student_grade_group": "고등",
    "student_reading": 2
  },
  "rubric": {
    "essay_grade": "고등_1학년",
    "organization_weight": {
      "org_paragraph": 0,
      "org": 3,
      "org_essay": 6,
      "org_coherence": 3,
      "org_quantity": 1
    },
    "essay_type": "대안제시",
    "content_weight": {
      "con_clearance": 3,
      "con_novelty": 3,
      "con": 4,
      "con_prompt": 1,
      "con_description": 3
    },
    "essay_main_subject": "남녀 갈등 해결 방안",
    "expression_weight": {
      "exp_style": 4,
      "exp_grammar": 2,
      "exp_vocab": 4,
      "exp": 3
    }
  },
  "correction": [],
  "info": {
    "essay_id": "ESSAY_61867",
    "essay_prompt": " 남녀 갈등은 최근 우리 사회에서 가장 뜨거운 이슈 중 하나입니다. 이러한 갈등은 아직 간극을 좁히지 못하고 현재 사회적인 문제로 자리 잡았습니다.\n\n 군 가산점 문제, 일자리 문제 등 여러 가지 비교 자료들을 토대로 토론을 하고 이를 통해 갈등을 해결하고자 하는 노력이 이루어지고 있습니다.\n\n 과거에는 성차별 심했던 시기가 있었습니다. 여자와 남자를 구별 지어 일을 주는 경우도 많았습니다. 하지만, 현재는 여자와 남자라는 성별을 떠나서 나이, 국적을 불문하고 모두에게 평등한 기회를 주기 위해 노력하고 있습니다.\n\n 이렇게 모두의 노력에도 불구하고 아직 해결되지 않았거나 해결될 기미가 보이지 않는 양성평등 문제가 있을까요?\n\n 아주 작은 사소한 일이라도 좋습니다. 여러분이 생각하는 우리 주변의 양성평등 문제를 하나 작성해보고 어떻게 해결할 수 있을지 혹은 무엇이 바뀌어야 해결될 것 같은지 본인의 생각을 설명해주세요. ",
    "essay_type": "대안제시",
    "essay_level": "1",
    "essay_len": 943,
    "essay_main_subject": "남녀 갈등 해결 방안"
  }
}