{
  "paragraph": [
    {
      "paragraph_txt": "온/오프라인 구분없이 혐오표현들이 나뒹구는 상황이 한 창이다.#@문장구분# 이러한 사태가 발생하게 된 이유 중 가장 큰 이유가 제대로된 처벌이 없기 때문이다.#@문장구분# 혐오표현을 사용했을 때 자신에게 돌아오는 직접적인 불이익이 없어서 사용에 대한 망설임이 없는 것이다.#@문장구분# 그래서 우리는 혐오표현과 관련된 명예훼손에 대한 처벌을 강화해야한다.#@문장구분# 가해자가 받게 되는 처벌이 강해진다면, 사람들은 경각심을 가지게 돼 혐오표현 사용이 감소할 것이다.#@문장구분#<br/><br/> 코로나 사태로 인해 우리가 SNS나 플랫폼을 이용하는 시간이 늘었다.#@문장구분# 그로 인해 댓글이나 게시물로 자신의 의견을 자유롭게 얘기할 수 잇는 기회가 늘ᄋᅠᆻ고, 동시에 혐오 표현의 사용도 증가했다.#@문장구분# 따라서 내가 생각한 방안은 '댓글 셧다운제' 이다.#@문장구분# 특정 SNS에서 혐오표현을 사용한 횟수가 일정한 횟수를 넘어버리면 한달 동안 그 SNS에서는 댓글을 쓸 수가 없게 된다.#@문장구분# 한달이 지나 다시 댓글을 쓸 수 있어도 혐오 표현을 사용할 수 있는 기회는 처음보다 줄고 댓글 제한 기간은 더 는다.#@문장구분# 이런 형식의 셧다운제를 모든 SNS와 플랫폼이 도입하게 된다면 적어도 온라인에서의 혐오표현사용은 감소할 것이다.#@문장구분#<br/><br/> 금지어를 지정하는 방법도 있다.#@문장구분# 혐오표현들을 전부 금지어로 지정해서 금지어를 사용한 댓글이나 게시물은 게시가 안된다.#@문장구분# 실제로 최근 연예인들과 팬들이 문자형식으로 소통할 수 있는 앱이 출시되었는데, 팬들과 연예인이 채팅을 보낼때에 그 채팅에 금지어가 포함되어 있다면 전송이 불가하다고 한다.#@문장구분# 따라서 혐오표현이 없는 소통이 오고 갈 수 없게 되는 것이다.#@문장구분# 온라인 뿐만 아니라 오프라인에서도 활발히 사용되고 있는 혐오표현들, 이 문제를 해결하기 위해선 철저한 교육이 꼭 필요하다고 생각한다.#@문장구분# 현재 학생들이 사회에 나갔을 때 혐오표현을 사용하지 않도록 수업시간에 혐오표현에 관련된 신문기사를 읽고 서로의 생각을 공유하는 토론시간을 가지거나 독서시간 활동에서는 혐오표현을 사용하지 않게 그 문제를 다룰 책을 읽고 독후감을 써서 제출하거나 등등 강제적인 교육이 꼭 필요하다고 생각한다.#@문장구분# 당장은 효과가 미미할지 몰라도, 이러한 교육이 무의식 중 학생들을 파고들으 혐오표현을 줄일 수 있게 되는 것이다.#@문장구분# 혐오는 또 다른 혐오를 낳으며 이것이 지속되면 우리는 혐오 투성이의 사회에 계속 살게 될 것이다.#@문장구분# 우리가 문제점을 파악하고 뿌리를 뽑는 것에 힘을 쓰면 분명 혐오표현이 존재하지않는 사회에서 살 수 있게 될 것이다.#@문장구분#",
      "paragraph_len": 1630,
      "paragraph_id": "001"
    }
  ],
  "score": {
    "paragraph_score": [
      {
        "paragraph_scoreT": [
          2.8,
          2.4,
          3
        ],
        "paragraph_scoreT_detail": {
          "paragraph_scoreT_exp": [
            [
              2,
              3,
              3
            ],
            [
              2,
              3,
              2
            ],
            [
              3,
              3,
              3
            ]
          ]
        },
        "paragraph_scoreT_avg": 2.7333333,
        "paragraph_id": "001"
      }
    ],
    "essay_scoreT": [
      29,
      22.8,
      28.8
    ],
    "essay_scoreT_avg": 26.866667,
    "essay_scoreT_detail": {
      "essay_scoreT_org": [
        [
          3,
          0,
          3,
          3
        ],
        [
          2,
          0,
          3,
          3
        ],
        [
          3,
          0,
          3,
          3
        ]
      ],
      "essay_scoreT_cont": [
        [
          3,
          3,
          2,
          3
        ],
        [
          2,
          2,
          3,
          2
        ],
        [
          3,
          3,
          3,
          2
        ]
      ],
      "essay_scoreT_exp": [
        [
          2,
          3,
          3
        ],
        [
          2,
          3,
          2
        ],
        [
          3,
          3,
          3
        ]
      ]
    }
  },
  "student": {
    "date": "2021.09.07",
    "student_educated": true,
    "student_grade": "고등_1학년",
    "location": "051",
    "student_grade_group": "고등",
    "student_reading": 1
  },
  "rubric": {
    "essay_grade": "고등_1학년",
    "organization_weight": {
      "org_paragraph": 0,
      "org": 3,
      "org_essay": 6,
      "org_coherence": 3,
      "org_quantity": 1
    },
    "essay_type": "대안제시",
    "content_weight": {
      "con_clearance": 3,
      "con_novelty": 3,
      "con": 4,
      "con_prompt": 1,
      "con_description": 3
    },
    "essay_main_subject": "남녀 갈등 해결 방안",
    "expression_weight": {
      "exp_style": 4,
      "exp_grammar": 2,
      "exp_vocab": 4,
      "exp": 3
    }
  },
  "correction": [],
  "info": {
    "essay_id": "ESSAY_34776",
    "essay_prompt": " 남녀 갈등은 최근 우리 사회에서 가장 뜨거운 이슈 중 하나입니다. 이러한 갈등은 아직 간극을 좁히지 못하고 현재 사회적인 문제로 자리 잡았습니다.\n\n 군 가산점 문제, 일자리 문제 등 여러 가지 비교 자료들을 토대로 토론을 하고 이를 통해 갈등을 해결하고자 하는 노력이 이루어지고 있습니다.\n\n 과거에는 성차별 심했던 시기가 있었습니다. 여자와 남자를 구별 지어 일을 주는 경우도 많았습니다. 하지만, 현재는 여자와 남자라는 성별을 떠나서 나이, 국적을 불문하고 모두에게 평등한 기회를 주기 위해 노력하고 있습니다.\n\n 이렇게 모두의 노력에도 불구하고 아직 해결되지 않았거나 해결될 기미가 보이지 않는 양성평등 문제가 있을까요?\n\n 아주 작은 사소한 일이라도 좋습니다. 여러분이 생각하는 우리 주변의 양성평등 문제를 하나 작성해보고 어떻게 해결할 수 있을지 혹은 무엇이 바뀌어야 해결될 것 같은지 본인의 생각을 설명해주세요. ",
    "essay_type": "대안제시",
    "essay_level": "1",
    "essay_len": 1190,
    "essay_main_subject": "남녀 갈등 해결 방안"
  }
}