{
  "paragraph": [
    {
      "paragraph_txt": "혐오 시설 건설문제는 즉 님비 상황으로 이어지게 되어있다.#@문장구분# 대부분의 사람들은 쓰레기와 관련된 것이랑 같이 생활하는 것을 싫어하고 원자력 발전소와 같은 위험한 건축물과 함께 살아가는 것 등 혐오시설은 자신의 삶의 질을 떨어트리는 건축물이라고 생각하기 때문에 님비 현상이 나타나는 것을 당연한 일이다.#@문장구분# 이러한 님비 현상을 해결하는 가장 좋은 방법은 주민과 지역과의 대화를 하여 필요한 요소를 보충하는 형태가 가장 좋다.#@문장구분# 주민에게는 이러한 시설을 들어오도록 허락하는 대신 평소에 지역에 필요한 시설, 요소들을 요구하여 자신의 필요요소를 가져갈 수 있고 혐오시설을 건설하는 측에서는 이 부분에 대한 지원을 많이 하여 님비 현상을 해결하는 것이 바람직하다.#@문장구분# 예로 들어 문화시설이 부족한 지역에서는 혐오시설을 들어오게 하는 대신 문화 시설을 요구하여 시민들의 문화시설의 향상을 노릴 수 있어 금전적으로 부족한 지역의 시민들은 금전적으로 보상을 하여 혐오시설을 건설할 수 있을 것이다.#@문장구분# 혐오시설의 님비현상의 이유를 해결하여 효과적인 시설로 만들어 해결 할 수 있을 것이다.#@문장구분# 예로 쓰레기 매립장과 소각장은 더럽다는 인식이 박혀있기 때문에 님비현상이 일어날 것이다.#@문장구분# 그럼 더럽다는 인식을 줄이면 님비현상이 점차 낮아질 것이다.#@문장구분# 소각장 같은  혐오시설을 친환경적이게 설계를 하여 지역 시민들에게 안전감을 주고 주민들에게 필요한 것을 도와줄 시 해결할 수 있을 것이다.#@문장구분# 심지어 친환경적인 시설로 도약한다면 혐오시설이었던 것이 지역 주민들에게는 더 효과적이고 이로운 시설이 될 것이다.#@문장구분# 혐오시설은 필요하고나 효과적인 위치에 설치하여 효과를 내기위해 설치하여 지역 주민들에게 긍정적 효과를 주어야한다.#@문장구분# 님비 시설일지라도 누군가에게는 필요할 수 있는 시설이기 때문에 좋은 곳에 위치를 정하게 된다면 시설을 반발이 적게 설치할 수 있을 것이다.#@문장구분# 이러한 예시로는 교도소 설치에 대한 지역이 있다.#@문장구분# 교도소 역시 혐오시설로 님비 효과가 나타나는 시설이지만 상업이 죽은 지역에 교도소와 같은 시설을 만든다면 그 지역 상업이 조금이나마 상승하는 효과를 주기 때문에 효과적으로 설치하여 해결할 수 있다.#@문장구분# 교도소뿐만 아니라 공항, 기차역 또한 상업이 죽은 곳에 위치하면 효과적으로 작용 할 것이다.#@문장구분# 그리고 님비시설을 다른 시설과 융합을 하여 사람들에게 혐오감을 덜 주도록 해야 한다.#@문장구분# 예로 차량기지를 철도역, 공항에 설치하여 효과적으로 만들어 줄 것이다.#@문장구분#",
      "paragraph_len": 1524,
      "paragraph_id": "001"
    }
  ],
  "score": {
    "paragraph_score": [
      {
        "paragraph_scoreT": [
          3,
          3,
          3
        ],
        "paragraph_scoreT_detail": {
          "paragraph_scoreT_exp": [
            [
              3,
              3,
              3
            ],
            [
              3,
              3,
              3
            ],
            [
              3,
              3,
              3
            ]
          ]
        },
        "paragraph_scoreT_avg": 3,
        "paragraph_id": "001"
      }
    ],
    "essay_scoreT": [
      30,
      28.8,
      30
    ],
    "essay_scoreT_avg": 29.6,
    "essay_scoreT_detail": {
      "essay_scoreT_org": [
        [
          3,
          0,
          3,
          3
        ],
        [
          3,
          0,
          3,
          3
        ],
        [
          3,
          0,
          3,
          3
        ]
      ],
      "essay_scoreT_cont": [
        [
          3,
          3,
          3,
          3
        ],
        [
          3,
          2,
          3,
          3
        ],
        [
          3,
          3,
          3,
          3
        ]
      ],
      "essay_scoreT_exp": [
        [
          3,
          3,
          3
        ],
        [
          3,
          3,
          3
        ],
        [
          3,
          3,
          3
        ]
      ]
    }
  },
  "student": {
    "date": "2021.10.21",
    "student_educated": true,
    "student_grade": "고등_1학년",
    "location": "063",
    "student_grade_group": "고등",
    "student_reading": 2
  },
  "rubric": {
    "essay_grade": "고등_1학년",
    "organization_weight": {
      "org_paragraph": 0,
      "org": 3,
      "org_essay": 6,
      "org_coherence": 3,
      "org_quantity": 1
    },
    "essay_type": "대안제시",
    "content_weight": {
      "con_clearance": 3,
      "con_novelty": 3,
      "con": 4,
      "con_prompt": 1,
      "con_description": 3
    },
    "essay_main_subject": "혐오시설 건설문제에 대한 본인의 생각",
    "expression_weight": {
      "exp_style": 4,
      "exp_grammar": 2,
      "exp_vocab": 4,
      "exp": 3
    }
  },
  "correction": [],
  "info": {
    "essay_id": "ESSAY_42634",
    "essay_prompt": " 혐오 시설이란 지역 주민에게 공포감이나 고통을 주거나, 주변 지역의 쾌적성이 훼손됨으로써 집값이나 땅값이 내려가는 등 부정적인 외부효과를 유발하는 시설을 의미합니다.\n\n 대표적인 혐오 시설에는 쓰레기 매립장, 원자력발전소, 소각장, 유류저장소 등이 있습니다.\n\n 매립지, 소각장, 쓰레기 하치장 같은 혐오 시설은 그리 위험하지는 않지만, 쓰레기를 취급한다는 점에서 혐오감을 주며, 주변 환경오염 문제가 갈등을 일으킵니다. 특히 소각장은 인구밀도가 높은 대도시에 건설된다는 점에서 반대 운동이 일기도 합니다.\n\n 그런데 서로 반대만 하다 보면 입지를 찾지 못해 결국 모든 주민의 삶의 질이 저하될 수 있습니다.\n\n 정부 차원에서 가장 적절한 장소를 선별하여 건설 후 주변 사람들에게 혜택을 주는 방식이 적절한 방법일까요? 아니면 혐오 시설만을 모아둔 부지를 따로 정해서 건설해야 할까요? 아니면 모든 도시가 공평하게 혐오 시설 건설에 대한 부담을 지니고 하나씩 건설해야 할까요?\n\n 모두가 만족할만한 결과를 내기란 정말 어려운 문제이지만 여러분이 생각하는 가장 합리적이고 좋은 방법을 생각해보세요. 그리고 그 방법을 대안으로 제시하고 그 근거에 대해 작성해주세요.",
    "essay_type": "대안제시",
    "essay_level": "1",
    "essay_len": 1184,
    "essay_main_subject": "혐오시설 건설문제에 대한 본인의 생각"
  }
}