{
  "paragraph": [
    {
      "paragraph_txt": "첫번째로 여혐, 남혐에 사용되는 표현 같은 것에 대해 동영상을 만들어야 한다고 생각한다.#@문장구분# 왜냐하면 뉴스에 나오는 여혐, 남혐에 대한 표현을 나도 모르는 것도 많고 도대체 왜  저 표현이 혐오를 뜻하는지도 사실 이해가 되지 않기 때문이다.#@문장구분# 이러한 동영상을 만든다면 공인들이나 사회의 저명한 인사들이 조심해서 표현을 쓰게 될 것이고, 이렇게 된다면 여혐, 남혐의 표현에 대한 논란은 줄어들 것이고, 안산 선수처럼 죄 없는 사람이 비난을 받을 일도 없을 것이다.#@문장구분# ",
      "paragraph_len": 316,
      "paragraph_id": "001"
    },
    {
      "paragraph_txt": " 두 번째로는 각 단체에서 불합리한 대우를 받는 것에 대한 입장표명이나 캠페인은 좋지만 그렇다고 상대에 대한 모욕이나 비난의 목소리는 내지 말아야 한다고 생각한다.#@문장구분# 잘못에 대해 이야기하는 것도 좋지만 서로가 어떻게 하면 공존할 수 있고, 어떻게 하면 서로가 기분 나빠하지 않을 수 있는, 서로의 인권이 존중될 수 있는 방법을 찾아야 한다.#@문장구분# 그렇기에 각 여성, 남성 단체들은 서로의 주장만을 내세울 것이 아니라 직접 만나서 서로의 입장을 들어보고 같이 해결할 수 있는 방법을 찾아야 한다.#@문장구분#",
      "paragraph_len": 332,
      "paragraph_id": "002"
    },
    {
      "paragraph_txt": " 세 번째로는, 바로 우리의 성의식의 향상이다.#@문장구분# 지금 충분히 교육을 통해 올바른 시민의식에 대한 내용을 학습하고 있지만, 이보다 더 중요한 것은 우리의 노력이다.#@문장구분# 우리는 여전히 성차별을 당한다. 알아챌 수 있는 없지만 우리 생활 깊숙이 자리잡고 있다.#@문장구분# 이에 대해서 이 문제를 뿌리 뽑는 것은 어렵겠지만 지금부터라도 우리가 서로를 이성으로 생각하고 성별을 나누는 것이 아니라 같이 살아가는 사회 구성원으로 생각해야 한다.#@문장구분#",
      "paragraph_len": 314,
      "paragraph_id": "003"
    }
  ],
  "score": {
    "paragraph_score": [
      {
        "paragraph_scoreT": [
          3,
          3,
          2.6
        ],
        "paragraph_scoreT_detail": {
          "paragraph_scoreT_exp": [
            [
              3,
              3,
              3
            ],
            [
              3,
              3,
              3
            ],
            [
              3,
              2,
              3
            ]
          ]
        },
        "paragraph_scoreT_avg": 2.8666668,
        "paragraph_id": "001"
      },
      {
        "paragraph_scoreT": [
          3,
          3,
          3
        ],
        "paragraph_scoreT_detail": {
          "paragraph_scoreT_exp": [
            [
              3,
              3,
              3
            ],
            [
              3,
              3,
              3
            ],
            [
              3,
              3,
              3
            ]
          ]
        },
        "paragraph_scoreT_avg": 3,
        "paragraph_id": "002"
      },
      {
        "paragraph_scoreT": [
          2.8,
          3,
          3
        ],
        "paragraph_scoreT_detail": {
          "paragraph_scoreT_exp": [
            [
              2,
              3,
              3
            ],
            [
              3,
              3,
              3
            ],
            [
              3,
              3,
              3
            ]
          ]
        },
        "paragraph_scoreT_avg": 2.9333334,
        "paragraph_id": "003"
      }
    ],
    "essay_scoreT": [
      30,
      25.8,
      26.6
    ],
    "essay_scoreT_avg": 27.466667,
    "essay_scoreT_detail": {
      "essay_scoreT_org": [
        [
          3,
          0,
          3,
          3
        ],
        [
          2,
          0,
          2,
          2
        ],
        [
          2,
          0,
          3,
          3
        ]
      ],
      "essay_scoreT_cont": [
        [
          3,
          3,
          3,
          3
        ],
        [
          3,
          2,
          3,
          3
        ],
        [
          3,
          2,
          2,
          3
        ]
      ],
      "essay_scoreT_exp": [
        [
          3,
          3,
          3
        ],
        [
          3,
          3,
          3
        ],
        [
          3,
          3,
          3
        ]
      ]
    }
  },
  "student": {
    "date": "2021.09.07",
    "student_educated": true,
    "student_grade": "고등_1학년",
    "location": "051",
    "student_grade_group": "고등",
    "student_reading": 1
  },
  "rubric": {
    "essay_grade": "고등_1학년",
    "organization_weight": {
      "org_paragraph": 0,
      "org": 3,
      "org_essay": 6,
      "org_coherence": 3,
      "org_quantity": 1
    },
    "essay_type": "대안제시",
    "content_weight": {
      "con_clearance": 3,
      "con_novelty": 3,
      "con": 4,
      "con_prompt": 1,
      "con_description": 3
    },
    "essay_main_subject": "남녀 갈등 해결 방안",
    "expression_weight": {
      "exp_style": 4,
      "exp_grammar": 2,
      "exp_vocab": 4,
      "exp": 3
    }
  },
  "correction": [],
  "info": {
    "essay_id": "ESSAY_33812",
    "essay_prompt": " 남녀 갈등은 최근 우리 사회에서 가장 뜨거운 이슈 중 하나입니다. 이러한 갈등은 아직 간극을 좁히지 못하고 현재 사회적인 문제로 자리 잡았습니다.\n\n 군 가산점 문제, 일자리 문제 등 여러 가지 비교 자료들을 토대로 토론을 하고 이를 통해 갈등을 해결하고자 하는 노력이 이루어지고 있습니다.\n\n 과거에는 성차별 심했던 시기가 있었습니다. 여자와 남자를 구별 지어 일을 주는 경우도 많았습니다. 하지만, 현재는 여자와 남자라는 성별을 떠나서 나이, 국적을 불문하고 모두에게 평등한 기회를 주기 위해 노력하고 있습니다.\n\n 이렇게 모두의 노력에도 불구하고 아직 해결되지 않았거나 해결될 기미가 보이지 않는 양성평등 문제가 있을까요?\n\n 아주 작은 사소한 일이라도 좋습니다. 여러분이 생각하는 우리 주변의 양성평등 문제를 하나 작성해보고 어떻게 해결할 수 있을지 혹은 무엇이 바뀌어야 해결될 것 같은지 본인의 생각을 설명해주세요. ",
    "essay_type": "대안제시",
    "essay_level": "1",
    "essay_len": 767,
    "essay_main_subject": "남녀 갈등 해결 방안"
  }
}