{
  "paragraph": [
    {
      "paragraph_txt": "최근 신재생에너지를 통해 관심을 받고있는 원자력 발전소, 또, 우리의 더 나은 삶을 위해 소수의 지역에 설치되고 있는 쓰레기 매립장까지. 이 모든 것은 우리가 싫어하지만 필요로 하는 시설이며, 우리 주변에 설치하는 것은 싫지만 다른 지역에 설치하기를 기원하는 것이 대부분이다.#@문장구분# 우리에게 이러한 모순적인 생각을 가지게 하는 것을, 혐오시설이라고 한다.#@문장구분# 혐오 시설이란 지역 주민에게 공포감이나 고통을 주거나, 주변 지역의 쾌적성이 훼손됨으로써 집값이나 땅값이 내려가는 등 부정적인 외부효과를 유발하는 시설을 의미한다.#@문장구분# 어느 지역에 혐오시설이 들어서면 그 지역의 부동산 가격이 하락하므로 님비현상에 의해 혐오시설건립에 반대하는 일이 많다.#@문장구분# 또, 주민들의 삶의 만족도가 현저히 떨어지기 때문에 이러한 혐오시설을 주로 교외 지역에 설치하려고 하고, 다양한 문제점을 가지고 있는 시설로 간주하며 우리가 이를 통해 얻은 이익은 무시하고 자신의 눈 앞에서 치워버리자는 생각을 가지고 있다.#@문장구분# 그럼 이러한 문제점들을 해결하기 위해서는 어떻게 해야 할까. #@문장구분#지금 현재 법령과 보상 관련 내용은, 혐오시설을 설치하는 대신 여러 가지 이점과 혜택 등을 대가로 제시하고, 인구가 희박한 국유지로 이전하는 방안도 있지만 그러면 해당 혐오시설 근무자들의 출퇴근 문제와 주변에 음식점이 없는 편의시설 부재 등의 문제가 발생한다는 어려움을 가지고 있다.#@문장구분# 그리고 혐오시설을 법령으로 규정하면 이러한 혐오시설의 유치 및 분쟁 발생 시중재책이 마련된다.#@문장구분# 앞으로 우리는 더 관심을 가지고 있는 문제들을 모색해 나가야 하며, 미래 우리 자손에게도 적용될 수 있는 해결책들을 만들어 나가야 한다.#@문장구분# 이러한 문제들을 잘 해결해서 서로 싸우지말고 잘 지내고 잘 화합하는 사회가 왔으면 좋겠다.#@문장구분#미래에는 이러한 문제로 인해 싸우는 일이 없어지기를 소망하며 이 글을 마친다.#@문장구분# 그럼 아디다스도리토스....#@문장구분#",
      "paragraph_len": 1162,
      "paragraph_id": "001"
    }
  ],
  "score": {
    "paragraph_score": [
      {
        "paragraph_scoreT": [
          3,
          3,
          2.2
        ],
        "paragraph_scoreT_detail": {
          "paragraph_scoreT_exp": [
            [
              3,
              3,
              3
            ],
            [
              3,
              3,
              3
            ],
            [
              3,
              2,
              2
            ]
          ]
        },
        "paragraph_scoreT_avg": 2.7333333,
        "paragraph_id": "001"
      }
    ],
    "essay_scoreT": [
      27.9,
      25.099998,
      23.3
    ],
    "essay_scoreT_avg": 25.433334,
    "essay_scoreT_detail": {
      "essay_scoreT_org": [
        [
          2,
          0,
          3,
          2
        ],
        [
          2,
          0,
          3,
          2
        ],
        [
          2,
          0,
          2,
          3
        ]
      ],
      "essay_scoreT_cont": [
        [
          3,
          3,
          3,
          3
        ],
        [
          3,
          2,
          2,
          2
        ],
        [
          2,
          2,
          2,
          3
        ]
      ],
      "essay_scoreT_exp": [
        [
          3,
          3,
          3
        ],
        [
          3,
          3,
          3
        ],
        [
          3,
          2,
          3
        ]
      ]
    }
  },
  "student": {
    "date": "2021.12.06",
    "student_educated": true,
    "student_grade": "고등_1학년",
    "location": "051",
    "student_grade_group": "고등",
    "student_reading": 2
  },
  "rubric": {
    "essay_grade": "고등_1학년",
    "organization_weight": {
      "org_paragraph": 0,
      "org": 3,
      "org_essay": 6,
      "org_coherence": 3,
      "org_quantity": 1
    },
    "essay_type": "대안제시",
    "content_weight": {
      "con_clearance": 3,
      "con_novelty": 3,
      "con": 4,
      "con_prompt": 1,
      "con_description": 3
    },
    "essay_main_subject": "혐오시설 건설문제에 대한 본인의 생각",
    "expression_weight": {
      "exp_style": 4,
      "exp_grammar": 2,
      "exp_vocab": 4,
      "exp": 3
    }
  },
  "correction": [],
  "info": {
    "essay_id": "ESSAY_53630",
    "essay_prompt": " 혐오 시설이란 지역 주민에게 공포감이나 고통을 주거나, 주변 지역의 쾌적성이 훼손됨으로써 집값이나 땅값이 내려가는 등 부정적인 외부효과를 유발하는 시설을 의미합니다.\n\n 대표적인 혐오 시설에는 쓰레기 매립장, 원자력발전소, 소각장, 유류저장소 등이 있습니다.\n\n 매립지, 소각장, 쓰레기 하치장 같은 혐오 시설은 그리 위험하지는 않지만, 쓰레기를 취급한다는 점에서 혐오감을 주며, 주변 환경오염 문제가 갈등을 일으킵니다. 특히 소각장은 인구밀도가 높은 대도시에 건설된다는 점에서 반대 운동이 일기도 합니다.\n\n 그런데 서로 반대만 하다 보면 입지를 찾지 못해 결국 모든 주민의 삶의 질이 저하될 수 있습니다.\n\n 정부 차원에서 가장 적절한 장소를 선별하여 건설 후 주변 사람들에게 혜택을 주는 방식이 적절한 방법일까요? 아니면 혐오 시설만을 모아둔 부지를 따로 정해서 건설해야 할까요? 아니면 모든 도시가 공평하게 혐오 시설 건설에 대한 부담을 지니고 하나씩 건설해야 할까요?\n\n 모두가 만족할만한 결과를 내기란 정말 어려운 문제이지만 여러분이 생각하는 가장 합리적이고 좋은 방법을 생각해보세요. 그리고 그 방법을 대안으로 제시하고 그 근거에 대해 작성해주세요.",
    "essay_type": "대안제시",
    "essay_level": "1",
    "essay_len": 924,
    "essay_main_subject": "혐오시설 건설문제에 대한 본인의 생각"
  }
}