{
  "paragraph": [
    {
      "paragraph_txt": "더불어민주당은 서경대 군사학과 조동연교수를 두고 '예쁜 브로치'에 빗댄바 있다.#@문장구분# 여성을 사람이 아닌 장신구에 비유해 여성에 대한 차별과 폭력을 정당화하는 인식을 만들었음은 물론이고, 전문직여성의 권위를 모두 평가절하 하였다.#@문장구분# 미투운동과 페미니즘정치인에 반발하는 백래시현상은 여자후보 포스터 훼손이나 장난감 망치로 삶은 돼지머리를 내리쳤던 20년 강남역 인근 '안티페미니스트 집회'현장에서, 그리고 많은 여성혐오범죄에서 여실히 보여주고 있다.#@문장구분#\n 현재 대한민국 사회에서 일어나고 있는 남녀 갈등 문제 중 가장 큰 부분이 바로 '페미니즘'에 대한 문제라고 생각한다.#@문장구분# 페미니즘에 대한 잘못된 이해가 오히려 더 큰 남녀 갈등 문제를 빚었다는 것이다.#@문장구분# 영어 용어인 페미니즘은 한자어로 '여성주의'라고 일컫으며, 본래의 그 의미는 여성의 성별로 인해 발생하는 정치, 경제, 사회 문화적 차별을 없애야 한다는 견해이다.#@문장구분# 페미니즘의 목적은 여성을 억압하는 젠더 불평등과 여성의 사회적 인식 및 지위를 기술하는데 집중하는 것이다.#@문장구분# 하지만 일부 페미니즘을 지지하는 사람들이 남성들에 대한 혐오적 견해를 밝히면서 남녀간의 갈등 문제로 페미니즘이 새롭게 발생하게 된 것이다.#@문장구분# 본래의 페미니즘이 나타나게 된, 즉, 여성이 겪는 차별의 배경에는 사회적인 편견과 오랜 역사를 거쳐오며 뿌리깊게 자리잡은 사회 전반에 대한 편견 때문에 일어난 것이지 오로지 남성 때문에 일어난 차별은 아니라는 것이다.#@문장구분# 페미니즘의 또다른 문제로 이런 안티 페미니즘의 백래시현상과 일부 사이트에서의 극페미니스트가 등장하기도 하면서 본격적인 남성 혐오에 대한 판을 꾸려가기도 하였다는 점이다.#@문장구분# 페미니즘을 주장하는 사람들 중에 일부는 여성이 남성에 비해 과도한 차별을 받고 있다고 주장하면서 아주 사소한 것 하나까지 차별이라고 주장하는 사람들이 있다.#@문장구분# 이는 페미니즘을 반대하는 남성의 시각에서 바라보았을 때는 역차별로 받아들여질 수 있다.#@문장구분# 신유진 (2020.2)은 페미니즘에 관련된 문제 중에 단어의 문제들 또한 존재한다고 주장하였다.#@문장구분# 실제로 트위터와 같은 소셜 미디어 사이트에서는 '웅앵웅', '오조오억'등 남성들의 여성 비하적인 발언들 때문에 페미니즘 문제가 더욱 부각되는 경우가 많다.#@문장구분#따라서 이런 모든 복합적인 요소들을 살펴보았을 때, 페미니즘과 관련된 남녀 갈등 문제를 해결하기 위해서는 첫째, 남녀간의 서로를 비하하는 단어들을 소멸시키고, 둘째, 페미니즘과 관련하여 여성은 절대 우위를 가지는 것도 아니라는 것을 인식하며, 셋째, '페미니즘'이라는 틀 안에 있어서 오로지 여성은 약자로만 취급받아왔다는 인식을 버려야 하는 것이 필요하다고 생각한다.#@문장구분#",
      "paragraph_len": 1588,
      "paragraph_id": "001"
    }
  ],
  "score": {
    "paragraph_score": [
      {
        "paragraph_scoreT": [
          3,
          3,
          2.6
        ],
        "paragraph_scoreT_detail": {
          "paragraph_scoreT_exp": [
            [
              3,
              3,
              3
            ],
            [
              3,
              3,
              3
            ],
            [
              3,
              3,
              2
            ]
          ]
        },
        "paragraph_scoreT_avg": 2.8666668,
        "paragraph_id": "001"
      }
    ],
    "essay_scoreT": [
      27,
      27,
      23.3
    ],
    "essay_scoreT_avg": 25.766668,
    "essay_scoreT_detail": {
      "essay_scoreT_org": [
        [
          2,
          0,
          3,
          3
        ],
        [
          2,
          0,
          3,
          3
        ],
        [
          2,
          0,
          2,
          3
        ]
      ],
      "essay_scoreT_cont": [
        [
          3,
          2,
          3,
          3
        ],
        [
          3,
          2,
          3,
          3
        ],
        [
          2,
          2,
          2,
          3
        ]
      ],
      "essay_scoreT_exp": [
        [
          3,
          3,
          3
        ],
        [
          3,
          3,
          3
        ],
        [
          3,
          3,
          2
        ]
      ]
    }
  },
  "student": {
    "date": "2021.12.07",
    "student_educated": true,
    "student_grade": "고등_1학년",
    "location": "031",
    "student_grade_group": "고등",
    "student_reading": 2
  },
  "rubric": {
    "essay_grade": "고등_1학년",
    "organization_weight": {
      "org_paragraph": 0,
      "org": 3,
      "org_essay": 6,
      "org_coherence": 3,
      "org_quantity": 1
    },
    "essay_type": "대안제시",
    "content_weight": {
      "con_clearance": 3,
      "con_novelty": 3,
      "con": 4,
      "con_prompt": 1,
      "con_description": 3
    },
    "essay_main_subject": "남녀 갈등 해결 방안",
    "expression_weight": {
      "exp_style": 4,
      "exp_grammar": 2,
      "exp_vocab": 4,
      "exp": 3
    }
  },
  "correction": [],
  "info": {
    "essay_id": "ESSAY_56058",
    "essay_prompt": " 남녀 갈등은 최근 우리 사회에서 가장 뜨거운 이슈 중 하나입니다. 이러한 갈등은 아직 간극을 좁히지 못하고 현재 사회적인 문제로 자리 잡았습니다.\n\n 군 가산점 문제, 일자리 문제 등 여러 가지 비교 자료들을 토대로 토론을 하고 이를 통해 갈등을 해결하고자 하는 노력이 이루어지고 있습니다.\n\n 과거에는 성차별 심했던 시기가 있었습니다. 여자와 남자를 구별 지어 일을 주는 경우도 많았습니다. 하지만, 현재는 여자와 남자라는 성별을 떠나서 나이, 국적을 불문하고 모두에게 평등한 기회를 주기 위해 노력하고 있습니다.\n\n 이렇게 모두의 노력에도 불구하고 아직 해결되지 않았거나 해결될 기미가 보이지 않는 양성평등 문제가 있을까요?\n\n 아주 작은 사소한 일이라도 좋습니다. 여러분이 생각하는 우리 주변의 양성평등 문제를 하나 작성해보고 어떻게 해결할 수 있을지 혹은 무엇이 바뀌어야 해결될 것 같은지 본인의 생각을 설명해주세요. ",
    "essay_type": "대안제시",
    "essay_level": "1",
    "essay_len": 1291,
    "essay_main_subject": "남녀 갈등 해결 방안"
  }
}