{
  "paragraph": [
    {
      "paragraph_txt": "최근에는 길에서도 화장을 하거나 치마를 입은 남성들을 자주 볼 수 있다.#@문장구분# 하지만 불과 몇 년 전만 해도 화장이나 치마는 주로 여성의 것으로 여겨졌으며 이를 어긴 남성들에 대한 시선이 곱지만은 못했다.#@문장구분# 사실상 지금도 많이 다를 바는 없다.#@문장구분# 유튜브나 SNS 등을 통해 남성 뷰티에 대한 관심도가 높아지면서 남성의 화장에 대한 인식이 어느 정도는 바뀌었다고 할 수는 있겠지만 치마는 다르다.#@문장구분# 현재까지도 남성이 치마를 입는 것에 대해서 남성들마저도 거부감을 느끼는 경우가 많다.#@문장구분# 사실 어떻게 보면 하나의 옷일 뿐이고 하나의 개성일 뿐이다.#@문장구분# 여성들 중에서도 치마 대신에 바지를 즐겨 입는 경우가 있듯이 남성들 중에서도 바지 대신에 치마를 즐겨 입을 수 있다고 생각한다.#@문장구분# 우리가 이렇게까지 남성의 치마 착용에 대해 거부감을 느끼는 이유는 무엇인가에 대해 생각해 보았다#@문장구분# 아마도 익숙해진 상황이 불러온 잘못된 관념에 의한 것이 아닐까 생각한다.#@문장구분# 조선 시대로 거슬러 올라가 보아도 여성들의 한복부터 치마였으며 여학생들의 교복의 시초부터 치마였다.#@문장구분# 치마를 주로 입는 것이 여성이었기에 그러한 상황에 너무 익숙해져 버렸고 치마를 입는 것은 여성이라는 관념이 생겨버리며 남성은 치마를 입으면 안된다는 편견이 생겨버린 것이다.#@문장구분# 만약 치마를 처음 입었던 것이 여성이 아니라 남성이었다면 어땠을까.#@문장구분# 현재의 우리가 생각했을 때는 불가능하다고 말할지도 모르겠지만 시초가 그러했다면 결과는 달랐을 것이다.#@문장구분# 오히려 여성이 치마를 입는 것에 대한 거부감이 있었을 수도 있다.#@문장구분# 이런 점에서 남성이 치마를 입는 것에 대해서 남자이기 때문에 치마를 입어서는 안된다는 말은 이제 더 이상 하지 않고 떠올리지 않으려 노력할 필요가 있다.#@문장구분# 나는 남녀 양성평등을 위해서는 스스로의 생각부터 절제할 수 있어야 한다고 생각한다.#@문장구분# 모든 남녀 불평등은 과거부터 시작되어 현재까지 전해져왔다.#@문장구분# 과거에는 남성이 여성보다 우월한 존재로 여겨졌지만 현재는 그렇지 않음에도 불구하고 우리는 그 인식을 그대로 가지고 있을 뿐 아니라 그대로 행동하고 있다.#@문장구분# 이미 자리 잡혀버린 인식을 고치기란 어려울 것을 안다. #@문장구분#결국 우리가 우리의 인식을 바로 잡아가기 위해서는 우리의 잘못된 생각을 통제할 능력이 필요하다고 생각한다.#@문장구분#",
      "paragraph_len": 1492,
      "paragraph_id": "001"
    }
  ],
  "score": {
    "paragraph_score": [
      {
        "paragraph_scoreT": [
          3,
          3,
          2.2
        ],
        "paragraph_scoreT_detail": {
          "paragraph_scoreT_exp": [
            [
              3,
              3,
              3
            ],
            [
              3,
              3,
              3
            ],
            [
              3,
              2,
              2
            ]
          ]
        },
        "paragraph_scoreT_avg": 2.7333333,
        "paragraph_id": "001"
      }
    ],
    "essay_scoreT": [
      26.6,
      26.6,
      23.3
    ],
    "essay_scoreT_avg": 25.5,
    "essay_scoreT_detail": {
      "essay_scoreT_org": [
        [
          2,
          0,
          3,
          3
        ],
        [
          2,
          0,
          3,
          3
        ],
        [
          2,
          0,
          2,
          3
        ]
      ],
      "essay_scoreT_cont": [
        [
          3,
          2,
          2,
          3
        ],
        [
          3,
          2,
          2,
          3
        ],
        [
          2,
          2,
          2,
          3
        ]
      ],
      "essay_scoreT_exp": [
        [
          3,
          3,
          3
        ],
        [
          3,
          3,
          3
        ],
        [
          3,
          2,
          3
        ]
      ]
    }
  },
  "student": {
    "date": "2021.12.07",
    "student_educated": true,
    "student_grade": "고등_1학년",
    "location": "055",
    "student_grade_group": "고등",
    "student_reading": 1
  },
  "rubric": {
    "essay_grade": "고등_1학년",
    "organization_weight": {
      "org_paragraph": 0,
      "org": 3,
      "org_essay": 6,
      "org_coherence": 3,
      "org_quantity": 1
    },
    "essay_type": "대안제시",
    "content_weight": {
      "con_clearance": 3,
      "con_novelty": 3,
      "con": 4,
      "con_prompt": 1,
      "con_description": 3
    },
    "essay_main_subject": "남녀 갈등 해결 방안",
    "expression_weight": {
      "exp_style": 4,
      "exp_grammar": 2,
      "exp_vocab": 4,
      "exp": 3
    }
  },
  "correction": [],
  "info": {
    "essay_id": "ESSAY_56066",
    "essay_prompt": " 남녀 갈등은 최근 우리 사회에서 가장 뜨거운 이슈 중 하나입니다. 이러한 갈등은 아직 간극을 좁히지 못하고 현재 사회적인 문제로 자리 잡았습니다.\n\n 군 가산점 문제, 일자리 문제 등 여러 가지 비교 자료들을 토대로 토론을 하고 이를 통해 갈등을 해결하고자 하는 노력이 이루어지고 있습니다.\n\n 과거에는 성차별 심했던 시기가 있었습니다. 여자와 남자를 구별 지어 일을 주는 경우도 많았습니다. 하지만, 현재는 여자와 남자라는 성별을 떠나서 나이, 국적을 불문하고 모두에게 평등한 기회를 주기 위해 노력하고 있습니다.\n\n 이렇게 모두의 노력에도 불구하고 아직 해결되지 않았거나 해결될 기미가 보이지 않는 양성평등 문제가 있을까요?\n\n 아주 작은 사소한 일이라도 좋습니다. 여러분이 생각하는 우리 주변의 양성평등 문제를 하나 작성해보고 어떻게 해결할 수 있을지 혹은 무엇이 바뀌어야 해결될 것 같은지 본인의 생각을 설명해주세요. ",
    "essay_type": "대안제시",
    "essay_level": "1",
    "essay_len": 1094,
    "essay_main_subject": "남녀 갈등 해결 방안"
  }
}