{
  "paragraph": [
    {
      "paragraph_txt": "나는 애초에 남녀차별 같은 것은 없어야 한다고 생각한다.#@문장구분# 어차피 남자가 없으면 여자가 없고, 여자가 없으면 남자도 없기 때문이다.#@문장구분# 이것은 나무뿌리와 같은 역할을 한다.#@문장구분#'위' 라는 여자와 '어' 라는 남자가 있는데 이 둘이가 아기를 낳았다.#@문장구분# 그런데 그 아기가 '콘' 와 '쿤' 이 있었다.#@문장구분# 이 둘은 또 다시 결혼해서 '칭' 과 '창' 이라는 아이를 낳았다.#@문장구분# 이로써 남자가 없으면 여자가 없고, 여자가 없으면 남자가 없다는 것을 알 수 있다.#@문장구분# 만약 그 때도 남녀차별이 있었다면 지금의 인류가 없었을 지도 모른다.#@문장구분# 그리고 내가 읽은 '열세 살 키라' 에서도 도넛을 비유하여 도넛의 링은 인격이고 구멍은 돈이라고 했다. #@문장구분#그와 같이 링은 여자와 남자를 뜻하고 알맹이는 새로운 생명, 융합을 말한다.#@문장구분# 링이 없으면 구멍도 없고 구멍이 없으면 링도 없다.#@문장구분# 게다가 여자라는 인격을 가진 역사와 지평을 남자라는 인격을 가진 역사와 지평과 함께 섞는다면 그러니까 합친다면 원래보다 더 넓은 지평과 생각을 얻을 수 있을 것이다.#@문장구분# 그러므로 남자, 여자는 모두 다 소중한 것이고 차별 같은 것은 지금부터 하나씩 하나씩 없애 나가면 될 것이다. #@문장구분#그렇게 하다 보면 곧 남녀 차별이라는 단어도 없어질 지도 모르고, 양성평등 이라는 단어도 굳이 쓰지 않아도 될 것이다.#@문장구분# 하나 하나 잘 따져가면서 남자와 여자의 다른점을 인정하고 서로 합의점을 찾아 잘 해결하면 좋을 것 같다.#@문장구분# 남자와 여자는 유전적으로도 신체적으로도 많이 다르기 때문에 그 점을 인정하고 서로 배려해주면 남녀 차별이 사라질 것이라고 믿어의심치 않는다.#@문장구분# 어서 빨리 남녀 차별이 사라지는 사회가 오는 것을 보고싶다.#@문장구분# 화이팅!#@문장구분#",
      "paragraph_len": 1173,
      "paragraph_id": "001"
    }
  ],
  "score": {
    "paragraph_score": [
      {
        "paragraph_scoreT": [
          3,
          3,
          2.8
        ],
        "paragraph_scoreT_detail": {
          "paragraph_scoreT_exp": [
            [
              3,
              3,
              3
            ],
            [
              3,
              3,
              3
            ],
            [
              2,
              3,
              3
            ]
          ]
        },
        "paragraph_scoreT_avg": 2.9333334,
        "paragraph_id": "001"
      }
    ],
    "essay_scoreT": [
      27.599998,
      28.4,
      29.4
    ],
    "essay_scoreT_avg": 28.466667,
    "essay_scoreT_detail": {
      "essay_scoreT_org": [
        [
          3,
          0,
          2,
          2
        ],
        [
          3,
          0,
          3,
          3
        ],
        [
          3,
          0,
          3,
          3
        ]
      ],
      "essay_scoreT_cont": [
        [
          2,
          3,
          3,
          3
        ],
        [
          3,
          2,
          2,
          3
        ],
        [
          3,
          3,
          3,
          3
        ]
      ],
      "essay_scoreT_exp": [
        [
          3,
          3,
          3
        ],
        [
          3,
          3,
          3
        ],
        [
          2,
          3,
          3
        ]
      ]
    }
  },
  "student": {
    "date": "2021.12.13",
    "student_educated": true,
    "student_grade": "고등_1학년",
    "location": "063",
    "student_grade_group": "고등",
    "student_reading": 2
  },
  "rubric": {
    "essay_grade": "고등_1학년",
    "organization_weight": {
      "org_paragraph": 0,
      "org": 3,
      "org_essay": 6,
      "org_coherence": 3,
      "org_quantity": 1
    },
    "essay_type": "대안제시",
    "content_weight": {
      "con_clearance": 3,
      "con_novelty": 3,
      "con": 4,
      "con_prompt": 1,
      "con_description": 3
    },
    "essay_main_subject": "남녀 갈등 해결 방안",
    "expression_weight": {
      "exp_style": 4,
      "exp_grammar": 2,
      "exp_vocab": 4,
      "exp": 3
    }
  },
  "correction": [],
  "info": {
    "essay_id": "ESSAY_62480",
    "essay_prompt": " 남녀 갈등은 최근 우리 사회에서 가장 뜨거운 이슈 중 하나입니다. 이러한 갈등은 아직 간극을 좁히지 못하고 현재 사회적인 문제로 자리 잡았습니다.\n\n 군 가산점 문제, 일자리 문제 등 여러 가지 비교 자료들을 토대로 토론을 하고 이를 통해 갈등을 해결하고자 하는 노력이 이루어지고 있습니다.\n\n 과거에는 성차별 심했던 시기가 있었습니다. 여자와 남자를 구별 지어 일을 주는 경우도 많았습니다. 하지만, 현재는 여자와 남자라는 성별을 떠나서 나이, 국적을 불문하고 모두에게 평등한 기회를 주기 위해 노력하고 있습니다.\n\n 이렇게 모두의 노력에도 불구하고 아직 해결되지 않았거나 해결될 기미가 보이지 않는 양성평등 문제가 있을까요?\n\n 아주 작은 사소한 일이라도 좋습니다. 여러분이 생각하는 우리 주변의 양성평등 문제를 하나 작성해보고 어떻게 해결할 수 있을지 혹은 무엇이 바뀌어야 해결될 것 같은지 본인의 생각을 설명해주세요. ",
    "essay_type": "대안제시",
    "essay_level": "1",
    "essay_len": 814,
    "essay_main_subject": "남녀 갈등 해결 방안"
  }
}