{
  "paragraph": [
    {
      "paragraph_txt": "요즘 남녀 갈등이 sns상으로 심화되고 있다.#@문장구분# 예전까지는 보통 특정 사이트에서만 소규모로 일어났지만 2018년 미투 운동을 시작으로 전국적인 정치,사회적 이슈가 되었다.#@문장구분# 그리고 이에 불을 붙인 사건이 바로 n번방 사건이다.#@문장구분# 이 n번방 사건으로 인해 남녀 갈등이 전국적 사회 이슈가 되고 그 갈등이 더욱 심화되는 계기가 된다.#@문장구분#하지만 코로나로 인해 잠잠해지는가 싶던 남녀 갈등은 결국 또다른 사건으로 폭발하는데 그가 바로 2021년 5월 1일 GS25의 캠핑 관련 포스터에 메갈리아라는 사이트를 상징하는 로고의 일부가 발견되면서 그 전의 포스터들도 유사한 모양과함께 주목을 받았다.#@문장구분#이에 여러 인터넷 사이트에서 남성과 여성의 갈등이 심화되었고 이후 2021 재보궐 선거와 5차 여성징병제 청원을 거치면서 갈등이 고조되었다.#@문장구분# 나는 이런 남녀 갈등이 의미가 없다고 생각한다.#@문장구분# 남자와 여자는 신체적으로 다르기 때문에 서로 해야 할 일이 다르고 이를 인정하고 서로의 위치에서 최선을 다해야 한다고 생각한다.#@문장구분# 예를 들어 여경을 뽑을 때 공정한 경쟁을 통해 뽑힌 여경이 아닌 여성이라는 이유로 특혜를 받아 경찰이 된 여성은 아마 남성보다 낮은 성과를 낼 것이다.#@문장구분# 이런 부분이 아니라도 전산 특화 여경 등 여성이 잘 할 수 있는 일은 놔두고 굳이 남성과 다른 조건으로 같은 일을 하려는 것은 멍청한 행동인 것 같다.#@문장구분# 이를 도와줄 수 있는 제도가 바로 학생들에게 바른 교육을 해주는 것이다.#@문장구분#  일부 페미니즘 교사들의 세뇌교육은 매우 잘못되었다고 할 수 있는데 이런 교육이 아닌 서로를 이해하고 각자의 위치에서 최선을 다하도록 알려주고 아이들이 좋아하는 놀이와 결합하거나 캠패인을 진행하여 서로의 장점을 인정하고 자신의 위치에서 최선을 다해야 한다고 생각한다.#@문장구분# 이런 교육이나 캠패인이 활발하게 진행되어서 미래에는 꼭 우리나라의 남녀갈등이 많이 해소될 수 있었으면 정말 좋을 것 같다.#@문장구분#",
      "paragraph_len": 1190,
      "paragraph_id": "001"
    }
  ],
  "score": {
    "paragraph_score": [
      {
        "paragraph_scoreT": [
          3,
          3,
          2
        ],
        "paragraph_scoreT_detail": {
          "paragraph_scoreT_exp": [
            [
              3,
              3,
              3
            ],
            [
              3,
              3,
              3
            ],
            [
              2,
              2,
              2
            ]
          ]
        },
        "paragraph_scoreT_avg": 2.6666667,
        "paragraph_id": "001"
      }
    ],
    "essay_scoreT": [
      30,
      28.5,
      22.4
    ],
    "essay_scoreT_avg": 26.966667,
    "essay_scoreT_detail": {
      "essay_scoreT_org": [
        [
          3,
          0,
          3,
          3
        ],
        [
          3,
          0,
          3,
          2
        ],
        [
          2,
          0,
          2,
          2
        ]
      ],
      "essay_scoreT_cont": [
        [
          3,
          3,
          3,
          3
        ],
        [
          3,
          2,
          3,
          3
        ],
        [
          3,
          2,
          2,
          3
        ]
      ],
      "essay_scoreT_exp": [
        [
          3,
          3,
          3
        ],
        [
          3,
          3,
          3
        ],
        [
          2,
          2,
          2
        ]
      ]
    }
  },
  "student": {
    "date": "2021.08.15",
    "student_educated": true,
    "student_grade": "고등_1학년",
    "location": "051",
    "student_grade_group": "고등",
    "student_reading": 1
  },
  "rubric": {
    "essay_grade": "고등_1학년",
    "organization_weight": {
      "org_paragraph": 0,
      "org": 3,
      "org_essay": 6,
      "org_coherence": 3,
      "org_quantity": 1
    },
    "essay_type": "대안제시",
    "content_weight": {
      "con_clearance": 3,
      "con_novelty": 3,
      "con": 4,
      "con_prompt": 1,
      "con_description": 3
    },
    "essay_main_subject": "남녀 갈등 해결 방안",
    "expression_weight": {
      "exp_style": 4,
      "exp_grammar": 2,
      "exp_vocab": 4,
      "exp": 3
    }
  },
  "correction": [],
  "info": {
    "essay_id": "ESSAY_34048",
    "essay_prompt": " 남녀 갈등은 최근 우리 사회에서 가장 뜨거운 이슈 중 하나입니다. 이러한 갈등은 아직 간극을 좁히지 못하고 현재 사회적인 문제로 자리 잡았습니다.\n\n 군 가산점 문제, 일자리 문제 등 여러 가지 비교 자료들을 토대로 토론을 하고 이를 통해 갈등을 해결하고자 하는 노력이 이루어지고 있습니다.\n\n 과거에는 성차별 심했던 시기가 있었습니다. 여자와 남자를 구별 지어 일을 주는 경우도 많았습니다. 하지만, 현재는 여자와 남자라는 성별을 떠나서 나이, 국적을 불문하고 모두에게 평등한 기회를 주기 위해 노력하고 있습니다.\n\n 이렇게 모두의 노력에도 불구하고 아직 해결되지 않았거나 해결될 기미가 보이지 않는 양성평등 문제가 있을까요?\n\n 아주 작은 사소한 일이라도 좋습니다. 여러분이 생각하는 우리 주변의 양성평등 문제를 하나 작성해보고 어떻게 해결할 수 있을지 혹은 무엇이 바뀌어야 해결될 것 같은지 본인의 생각을 설명해주세요. ",
    "essay_type": "대안제시",
    "essay_level": "1",
    "essay_len": 930,
    "essay_main_subject": "남녀 갈등 해결 방안"
  }
}