{
  "paragraph": [
    {
      "paragraph_txt": "저희 어머니는 항상 저에게 말씀하십니다.#@문장구분# \"너는 어째 여자애가 왜그러니? 청소도 깨끗하게 하지 않고 정리정돈도 하지 않고 이렇게 어지르고 다닐꺼니?\",#@문장구분# \"여자아이가 되어서 예쁘게 하고 다녀야지 머리가 이게 머니?\"#@문장구분# 이런 잔소리를 늘어놓으실 때 마다 저는 생각합니다.#@문장구분# 여자아이인거랑 청소랑 정리 정돈이 무슨 상관관계가 있는 건지, 왜 여자는 예쁘게 머리를 단정하게 묶고 다녀야 하는 건지 따져 묻고 싶을때가 있습니다.#@문장구분# 하지만 그럴 경우 \"여자가 따박따박 대들고 험하게 말하고 그러면 않된다\" 라고 하실것이 뻔하기에 그냥 내버려 둡니다.#@문장구분# 저는 이런 것들이 성차별이라고 생각합니다.#@문장구분# 제가 이런 고민을 친구에게 말하면 남자친구들은 이렇게 말합니다.#@문장구분# \"나는 남자아이라서 울지도 못한다\",#@문장구분# \"나는 남자라서 맨날 양보하래\"#@문장구분# 정말 재미있는 친구는 \"엄마가 고추 떨어진다고 주방에서 나가래\"#@문장구분# 이렇게 말해서 웃기는 했지만 이런 것이 남녀 성차별의 실체 아닐까요?#@문장구분# 부모님들은 여자는 여자답게 남자는 남자답게 언니는 언니답게 역할을 정해주십니다.#@문장구분# 하지만 저는 저답게 살고 싶습니다.#@문장구분# 여자답게 남자 답게 게 아니라 저는 저답게 청소랑 정리 정돈은 하지 못하고 머리도 예쁘게 꾸미거나 깔끔하게 다니지는 못하지만 책읽고 그림그리는거 좋아하는 제 모습 그대로 살고 싶습니다.#@문장구분# 저는 어릴때 부모님이 예쁜 공주인형을 많이 사주셨습니다.#@문장구분# 엄마는 왜 인형놀이 같은걸 않좋아하느냐고 물어보시는데 저는 공주인형보다 동물인형을 좋아하고 동물놀이가 재미있었습니다.#@문장구분# 제 취향이 공주가 아니라 동물인 것입니다.#@문장구분# 그럼에도 부모님은 저의 기질이나 취향보다 여자니까, 예쁜 드레스와 공주인형, 구두를 사주셨습니다.#@문장구분# 부모님들은 이제부터라도 아이의 성별이 아닌 취향과 개성과 사고방식을 존중해 주시고 나다움이 충분히 나타날수 있도록 성차별적 언어구사를 조심하셔야 된다고 생각합니다.#@문장구분#",
      "paragraph_len": 1310,
      "paragraph_id": "001"
    }
  ],
  "score": {
    "paragraph_score": [
      {
        "paragraph_scoreT": [
          3,
          2.8,
          3
        ],
        "paragraph_scoreT_detail": {
          "paragraph_scoreT_exp": [
            [
              3,
              3,
              3
            ],
            [
              2,
              3,
              3
            ],
            [
              3,
              3,
              3
            ]
          ]
        },
        "paragraph_scoreT_avg": 2.9333334,
        "paragraph_id": "001"
      }
    ],
    "essay_scoreT": [
      30,
      28.5,
      28.4
    ],
    "essay_scoreT_avg": 28.966667,
    "essay_scoreT_detail": {
      "essay_scoreT_org": [
        [
          3,
          0,
          3,
          3
        ],
        [
          3,
          0,
          2,
          3
        ],
        [
          3,
          0,
          3,
          3
        ]
      ],
      "essay_scoreT_cont": [
        [
          3,
          3,
          3,
          3
        ],
        [
          3,
          3,
          3,
          3
        ],
        [
          3,
          2,
          2,
          3
        ]
      ],
      "essay_scoreT_exp": [
        [
          3,
          3,
          3
        ],
        [
          2,
          3,
          3
        ],
        [
          3,
          3,
          3
        ]
      ]
    }
  },
  "student": {
    "date": "2021.12.03",
    "student_educated": true,
    "student_grade": "고등_1학년",
    "location": "063",
    "student_grade_group": "고등",
    "student_reading": 2
  },
  "rubric": {
    "essay_grade": "고등_1학년",
    "organization_weight": {
      "org_paragraph": 0,
      "org": 3,
      "org_essay": 6,
      "org_coherence": 3,
      "org_quantity": 1
    },
    "essay_type": "대안제시",
    "content_weight": {
      "con_clearance": 3,
      "con_novelty": 3,
      "con": 4,
      "con_prompt": 1,
      "con_description": 3
    },
    "essay_main_subject": "남녀 갈등 해결 방안",
    "expression_weight": {
      "exp_style": 4,
      "exp_grammar": 2,
      "exp_vocab": 4,
      "exp": 3
    }
  },
  "correction": [],
  "info": {
    "essay_id": "ESSAY_53666",
    "essay_prompt": " 남녀 갈등은 최근 우리 사회에서 가장 뜨거운 이슈 중 하나입니다. 이러한 갈등은 아직 간극을 좁히지 못하고 현재 사회적인 문제로 자리 잡았습니다.\n\n 군 가산점 문제, 일자리 문제 등 여러 가지 비교 자료들을 토대로 토론을 하고 이를 통해 갈등을 해결하고자 하는 노력이 이루어지고 있습니다.\n\n 과거에는 성차별 심했던 시기가 있었습니다. 여자와 남자를 구별 지어 일을 주는 경우도 많았습니다. 하지만, 현재는 여자와 남자라는 성별을 떠나서 나이, 국적을 불문하고 모두에게 평등한 기회를 주기 위해 노력하고 있습니다.\n\n 이렇게 모두의 노력에도 불구하고 아직 해결되지 않았거나 해결될 기미가 보이지 않는 양성평등 문제가 있을까요?\n\n 아주 작은 사소한 일이라도 좋습니다. 여러분이 생각하는 우리 주변의 양성평등 문제를 하나 작성해보고 어떻게 해결할 수 있을지 혹은 무엇이 바뀌어야 해결될 것 같은지 본인의 생각을 설명해주세요. ",
    "essay_type": "대안제시",
    "essay_level": "1",
    "essay_len": 910,
    "essay_main_subject": "남녀 갈등 해결 방안"
  }
}