{
  "paragraph": [
    {
      "paragraph_txt": "우리는 최근 '양성평등'이라는 단어를 심심찮지 않게 보게 됩니다.#@문장구분# 이는 즉 우리 사회에서 양성평등이라는 주제가 떠오름과 동시에 문제가 있다는 것을 나타내기도 합니다.#@문장구분#  우리 나라가 양성평등이 이루어지지 않았던 이유를 한가지로 내용을 말해 볼까 합니다.#@문장구분# 우리나라 사람들의 머릿속에 오랫동안 뿌리내려온 고정관념 즉 유교적 사상 때문입니다.#@문장구분# 우리나라는 옛 문헌들에 의하면 고려시대까지만 해도 남성과 여성에 대한 차별이 거의 없었다고 합니다.#@문장구분# 하지만, 조선이라는 나라가 건국되고 초기에는 유교 - 초기에는 성리학, 후에는 실학 - 를 통치이념으로 택하고 각 마을의 지방의 향리가 백성들을 교화시키는 유향소라는 곳에서 유교적인 사상을 가르치면서 그때부터 남녀가 차별대우를 받았습니다.#@문장구분# 사실상 조선이라는 사회가 남녀차별을 발생시키고 더 나아가서 심화시켰다고도 볼 수 있습니다.#@문장구분#물론 시대가 바뀌어 가면서 점차 사라지고 있지만 아직까지는 우리나라에 큰 영향을 미치고 있습니다.#@문장구분#  예로 남학생에게 \"남자가 울어서 되겠니?, 남자애가 무슨 여자애처럼 그렇게 하고 다니냐?, 너는 남자가 그 정도 일도 못하니?\" 같은 것들이 있습니다.#@문장구분# 이런 말도 역시나 남녀차별일뿐더러 남자라는 이유만으로 자신의 감정이나 자유에 제한을 받는 경우입니다.#@문장구분# 특히, 얼마 전에는 남자들은 이러한 압박들로 인해서 잘못된 길로 들어서게 될 가능성이 더 크다는 통계도 나왔습니다.#@문장구분# 물론 과거에는 많은 국민들의 머릿속에 있는 고정관념 때문에 엄두도 내지 못했던 양성평등에 얽힌 수많은 문제들이 우리가 살아가는 현대사회에서는 이러한 점차 개선되어가고 있는 것은 사실입니다.#@문장구분# 우리나라 국민의 정서 속에 깊이 뿌리박힌 생각, 즉, \"남자는 귀하고 여자는 천하다, 남자아이는 씩씩해야 하고 여자아이는 다소곳해야 한다.\" 같은 식의 은 이제 우리들의 머릿속에서 지워버려야 할 때이고 앞으로 더 노력해야 할 부분 이라고 생각 합니다.#@문장구분#",
      "paragraph_len": 1197,
      "paragraph_id": "001"
    }
  ],
  "score": {
    "paragraph_score": [
      {
        "paragraph_scoreT": [
          3,
          2,
          2
        ],
        "paragraph_scoreT_detail": {
          "paragraph_scoreT_exp": [
            [
              3,
              3,
              3
            ],
            [
              2,
              2,
              2
            ],
            [
              2,
              2,
              2
            ]
          ]
        },
        "paragraph_scoreT_avg": 2.3333333,
        "paragraph_id": "001"
      }
    ],
    "essay_scoreT": [
      30,
      20.3,
      23.099998
    ],
    "essay_scoreT_avg": 24.466665,
    "essay_scoreT_detail": {
      "essay_scoreT_org": [
        [
          3,
          0,
          3,
          3
        ],
        [
          2,
          0,
          2,
          3
        ],
        [
          2,
          0,
          2,
          3
        ]
      ],
      "essay_scoreT_cont": [
        [
          3,
          3,
          3,
          3
        ],
        [
          2,
          2,
          2,
          2
        ],
        [
          2,
          3,
          3,
          3
        ]
      ],
      "essay_scoreT_exp": [
        [
          3,
          3,
          3
        ],
        [
          2,
          2,
          2
        ],
        [
          2,
          2,
          2
        ]
      ]
    }
  },
  "student": {
    "date": "2021.12.13",
    "student_educated": true,
    "student_grade": "고등_1학년",
    "location": "063",
    "student_grade_group": "고등",
    "student_reading": 2
  },
  "rubric": {
    "essay_grade": "고등_1학년",
    "organization_weight": {
      "org_paragraph": 0,
      "org": 3,
      "org_essay": 6,
      "org_coherence": 3,
      "org_quantity": 1
    },
    "essay_type": "대안제시",
    "content_weight": {
      "con_clearance": 3,
      "con_novelty": 3,
      "con": 4,
      "con_prompt": 1,
      "con_description": 3
    },
    "essay_main_subject": "남녀 갈등 해결 방안",
    "expression_weight": {
      "exp_style": 4,
      "exp_grammar": 2,
      "exp_vocab": 4,
      "exp": 3
    }
  },
  "correction": [],
  "info": {
    "essay_id": "ESSAY_62053",
    "essay_prompt": " 남녀 갈등은 최근 우리 사회에서 가장 뜨거운 이슈 중 하나입니다. 이러한 갈등은 아직 간극을 좁히지 못하고 현재 사회적인 문제로 자리 잡았습니다.\n\n 군 가산점 문제, 일자리 문제 등 여러 가지 비교 자료들을 토대로 토론을 하고 이를 통해 갈등을 해결하고자 하는 노력이 이루어지고 있습니다.\n\n 과거에는 성차별 심했던 시기가 있었습니다. 여자와 남자를 구별 지어 일을 주는 경우도 많았습니다. 하지만, 현재는 여자와 남자라는 성별을 떠나서 나이, 국적을 불문하고 모두에게 평등한 기회를 주기 위해 노력하고 있습니다.\n\n 이렇게 모두의 노력에도 불구하고 아직 해결되지 않았거나 해결될 기미가 보이지 않는 양성평등 문제가 있을까요?\n\n 아주 작은 사소한 일이라도 좋습니다. 여러분이 생각하는 우리 주변의 양성평등 문제를 하나 작성해보고 어떻게 해결할 수 있을지 혹은 무엇이 바뀌어야 해결될 것 같은지 본인의 생각을 설명해주세요. ",
    "essay_type": "대안제시",
    "essay_level": "1",
    "essay_len": 938,
    "essay_main_subject": "남녀 갈등 해결 방안"
  }
}