{
  "paragraph": [
    {
      "paragraph_txt": "이와같은 상황에 나는 다음과 같은 해결방안을 제시하고 싶다.#@문장구분# 첫째, '상생형 이익 공유제'를 실시한다.#@문장구분# 우선 '상생형 이익 공유제'란 서로상호 협력간에 상생을 바탕으로 모두에게 이익이 되는 해결방안을 타협하는 것이다.#@문장구분# 주민들의 의견인 도심에는 수소 충전소를 집값 하락 때문에 짓지 말아달라는 의견과 시자체의 의견인 수소 충전소를 지어야한다는 의견을 타협하면 도심의 외곽에 짓는 해결방안을 마련할 수가 있다.#@문장구분# 이러면 집값 하락문제도 해결이 된다.#@문장구분# 둘째, 정부가 수소차의 이용을 늘릴수 있게 관련 대책 방안과 지원을 해주어야 한다.#@문장구분# 아직까지 수소차가 나온지 꽤 되었음에도 LPG차가 많다.#@문장구분# 하지만 정부가 나서서 더 홍보하여 수소차 이용자수를 늘리도록 해야하는데 예를 들면 지금도 일부 지원금을 지급하지만 더 파격적으로 수소차의 가격 40%를 지원해주고 수소 충전소 설치 관련 법안 또한 만들어주는 것과 부지 문제에도 적극적으로 개입하여 부지제공 및 편의시설추가 등을 정부에서 나서서실행하고 이를 바탕으로 더 많이 홍보해야 한다.#@문장구분# 셋째, 주민들은 아파트의 지상 주차장이나 공공장소 주차장 등에는 수소차 전용 충전 주차면을 만드는 것을 허락해주어야 한다는 대안이 있다.#@문장구분# 수소차 충전 주차면이란 주차공간 2~3칸에는 수소차 전용 충전 공간으로 만들어야 한다는 대안이다.#@문장구분# 그리고 마지막으로 넷째, '그린뉴딜' 정책을 실시해야 한다.#@문장구분# '그린뉴딜'이란 '그린'과 '뉴딜'의 조합으로 환경과 사람을 중심으로 하여 지속 가능한 발전을 하는 정책이다.#@문장구분# 수소차는 수소와 산소의 결합으로 전기동력을 이용하여 가는 무공해차이다.#@문장구분# 수소차는 내연 냄새나 진동 또한 없으며 배기가스가 나오지 않아 환경오염 예방도 실천 할수 있고 깨끗한 친환경 도시라는 점을 활용하여 부동산 문제도 해결하고 모두 함께 참여하도록 시자체에서도 더 홍보하여 환경도 지키고 건강도 챙길수 있다는 점을 강조한다.#@문장구분# 그래서 이용자수를 더 늘리는 대안도 있다.#@문장구분# 나는 이런 사회문제를 보고 이 4가지 대안을 생각해냈다.#@문장구분#",
      "paragraph_len": 1303,
      "paragraph_id": "001"
    }
  ],
  "score": {
    "paragraph_score": [
      {
        "paragraph_scoreT": [
          2.8,
          2.4,
          2.4
        ],
        "paragraph_scoreT_detail": {
          "paragraph_scoreT_exp": [
            [
              2,
              3,
              3
            ],
            [
              2,
              3,
              2
            ],
            [
              2,
              3,
              2
            ]
          ]
        },
        "paragraph_scoreT_avg": 2.5333333,
        "paragraph_id": "001"
      }
    ],
    "essay_scoreT": [
      27.2,
      21.5,
      23.7
    ],
    "essay_scoreT_avg": 24.133333,
    "essay_scoreT_detail": {
      "essay_scoreT_org": [
        [
          2,
          0,
          3,
          3
        ],
        [
          2,
          0,
          2,
          3
        ],
        [
          2,
          0,
          3,
          2
        ]
      ],
      "essay_scoreT_cont": [
        [
          3,
          3,
          2,
          3
        ],
        [
          2,
          2,
          2,
          2
        ],
        [
          2,
          2,
          3,
          3
        ]
      ],
      "essay_scoreT_exp": [
        [
          2,
          3,
          3
        ],
        [
          2,
          3,
          2
        ],
        [
          2,
          3,
          2
        ]
      ]
    }
  },
  "student": {
    "date": "2020.09.08",
    "student_educated": true,
    "student_grade": "고등_1학년",
    "location": "051",
    "student_grade_group": "고등",
    "student_reading": 1
  },
  "rubric": {
    "essay_grade": "고등_1학년",
    "organization_weight": {
      "org_paragraph": 0,
      "org": 3,
      "org_essay": 6,
      "org_coherence": 3,
      "org_quantity": 1
    },
    "essay_type": "대안제시",
    "content_weight": {
      "con_clearance": 3,
      "con_novelty": 3,
      "con": 4,
      "con_prompt": 1,
      "con_description": 3
    },
    "essay_main_subject": "혐오시설 건설문제에 대한 본인의 생각",
    "expression_weight": {
      "exp_style": 4,
      "exp_grammar": 2,
      "exp_vocab": 4,
      "exp": 3
    }
  },
  "correction": [],
  "info": {
    "essay_id": "ESSAY_34897",
    "essay_prompt": " 혐오 시설이란 지역 주민에게 공포감이나 고통을 주거나, 주변 지역의 쾌적성이 훼손됨으로써 집값이나 땅값이 내려가는 등 부정적인 외부효과를 유발하는 시설을 의미합니다.\n\n 대표적인 혐오 시설에는 쓰레기 매립장, 원자력발전소, 소각장, 유류저장소 등이 있습니다.\n\n 매립지, 소각장, 쓰레기 하치장 같은 혐오 시설은 그리 위험하지는 않지만, 쓰레기를 취급한다는 점에서 혐오감을 주며, 주변 환경오염 문제가 갈등을 일으킵니다. 특히 소각장은 인구밀도가 높은 대도시에 건설된다는 점에서 반대 운동이 일기도 합니다.\n\n 그런데 서로 반대만 하다 보면 입지를 찾지 못해 결국 모든 주민의 삶의 질이 저하될 수 있습니다.\n\n 정부 차원에서 가장 적절한 장소를 선별하여 건설 후 주변 사람들에게 혜택을 주는 방식이 적절한 방법일까요? 아니면 혐오 시설만을 모아둔 부지를 따로 정해서 건설해야 할까요? 아니면 모든 도시가 공평하게 혐오 시설 건설에 대한 부담을 지니고 하나씩 건설해야 할까요?\n\n 모두가 만족할만한 결과를 내기란 정말 어려운 문제이지만 여러분이 생각하는 가장 합리적이고 좋은 방법을 생각해보세요. 그리고 그 방법을 대안으로 제시하고 그 근거에 대해 작성해주세요.",
    "essay_type": "대안제시",
    "essay_level": "1",
    "essay_len": 1009,
    "essay_main_subject": "혐오시설 건설문제에 대한 본인의 생각"
  }
}