{
  "paragraph": [
    {
      "paragraph_txt": "옛날에는 남자와 여자가 구분이 되어 있어서 여자보다는 남자가 많이 우대되었다고 한다.#@문장구분# 그래서 지속되는 남녀차별로 인해 양성평등(양성평등이란? 남자와 여자의 신체적 차이와 남자 여자 각각의 타고난 성에 의한 차이를 극복하여 평등하게 하자는 것.)이 생겨 나면서 남녀차별은 점차 줄어들고 있다. #@문장구분#하지만 아직까지는 남자와 여자에 대한 고정관념이란 넘어야할 산이 많이 있다.#@문장구분# 그래서 나는 남녀차별에 대한 고정관념을 깨고 양성평등이 꼭 이루어 져야 한다고 생각한다.#@문장구분# 왜냐하면 학교에서 체육시간이 되면 몇몇 여자 애들은 남자 애들과 함께 축구를 하고 싶다고 하면 남자 애들은 \"무슨 여자가 축구를 해?\"하면서 불평, 불만을 늘어놓고는 한다.#@문장구분# 꼭 축구는 남자만 하는 거이 아니고 남자 여자 구분 없이 모두가 즐길 수 있는 스포츠 인데도 불과하고 남녀 차별로 인해 차별의 말을 듣기도 한다.#@문장구분# 학교 뿐만 아니라 직장, 가정에서도 우리는 차별된 말을 듣고는 할 것이다. #@문장구분#그러니 우리는 고정관념의 벽을 깨고, 서로의 성을 이해하고 존중해주면서 노력하고 실천해 나아가야 평등화된 사회에 한발 다가서게 되는것이다.#@문장구분# 그래야 미래는 차별화된 비판적인 사회보다는 평등화된 열린사회가 눈앞에 펼쳐질 것이라고 생각한다.#@문장구분# 그런 평등화된 열린사회가 되기 위해서는 우리 모두의 노력이 필요하다고 생각한다.#@문장구분# 지금은 남자와 여자가 서로 헐뜯고 비방하고 서로 못죽여서 안달인데 나는 정말 그런 사회가 너무 싫다.#@문장구분# 지금부터라도 이런 사회가 바뀌어야 한다고 생각한다.#@문장구분# 우선 바뀌기 위해서는 우리들부터 노력해야 한다고 생각한다.#@문장구분# 우리라도 노력해야 이런 사회가 조금이나마 바뀌지 않을까하고 나는 오늘도 열심히 산다.#@문장구분#",
      "paragraph_len": 1100,
      "paragraph_id": "001"
    }
  ],
  "score": {
    "paragraph_score": [
      {
        "paragraph_scoreT": [
          3,
          3,
          3
        ],
        "paragraph_scoreT_detail": {
          "paragraph_scoreT_exp": [
            [
              3,
              3,
              3
            ],
            [
              3,
              3,
              3
            ],
            [
              3,
              3,
              3
            ]
          ]
        },
        "paragraph_scoreT_avg": 3,
        "paragraph_id": "001"
      }
    ],
    "essay_scoreT": [
      30,
      30,
      30
    ],
    "essay_scoreT_avg": 30,
    "essay_scoreT_detail": {
      "essay_scoreT_org": [
        [
          3,
          0,
          3,
          3
        ],
        [
          3,
          0,
          3,
          3
        ],
        [
          3,
          0,
          3,
          3
        ]
      ],
      "essay_scoreT_cont": [
        [
          3,
          3,
          3,
          3
        ],
        [
          3,
          3,
          3,
          3
        ],
        [
          3,
          3,
          3,
          3
        ]
      ],
      "essay_scoreT_exp": [
        [
          3,
          3,
          3
        ],
        [
          3,
          3,
          3
        ],
        [
          3,
          3,
          3
        ]
      ]
    }
  },
  "student": {
    "date": "2021.12.13",
    "student_educated": true,
    "student_grade": "고등_1학년",
    "location": "063",
    "student_grade_group": "고등",
    "student_reading": 2
  },
  "rubric": {
    "essay_grade": "고등_1학년",
    "organization_weight": {
      "org_paragraph": 0,
      "org": 3,
      "org_essay": 6,
      "org_coherence": 3,
      "org_quantity": 1
    },
    "essay_type": "대안제시",
    "content_weight": {
      "con_clearance": 3,
      "con_novelty": 3,
      "con": 4,
      "con_prompt": 1,
      "con_description": 3
    },
    "essay_main_subject": "남녀 갈등 해결 방안",
    "expression_weight": {
      "exp_style": 4,
      "exp_grammar": 2,
      "exp_vocab": 4,
      "exp": 3
    }
  },
  "correction": [],
  "info": {
    "essay_id": "ESSAY_61868",
    "essay_prompt": " 남녀 갈등은 최근 우리 사회에서 가장 뜨거운 이슈 중 하나입니다. 이러한 갈등은 아직 간극을 좁히지 못하고 현재 사회적인 문제로 자리 잡았습니다.\n\n 군 가산점 문제, 일자리 문제 등 여러 가지 비교 자료들을 토대로 토론을 하고 이를 통해 갈등을 해결하고자 하는 노력이 이루어지고 있습니다.\n\n 과거에는 성차별 심했던 시기가 있었습니다. 여자와 남자를 구별 지어 일을 주는 경우도 많았습니다. 하지만, 현재는 여자와 남자라는 성별을 떠나서 나이, 국적을 불문하고 모두에게 평등한 기회를 주기 위해 노력하고 있습니다.\n\n 이렇게 모두의 노력에도 불구하고 아직 해결되지 않았거나 해결될 기미가 보이지 않는 양성평등 문제가 있을까요?\n\n 아주 작은 사소한 일이라도 좋습니다. 여러분이 생각하는 우리 주변의 양성평등 문제를 하나 작성해보고 어떻게 해결할 수 있을지 혹은 무엇이 바뀌어야 해결될 것 같은지 본인의 생각을 설명해주세요. ",
    "essay_type": "대안제시",
    "essay_level": "1",
    "essay_len": 820,
    "essay_main_subject": "남녀 갈등 해결 방안"
  }
}