{
  "paragraph": [
    {
      "paragraph_txt": "현재 대두되고 있는 젠더문제의 근본적인 이유는 현재 정부가 젠더문제를 심화시켜 자신들의 이익으로 만들고 있다.#@문장구분# 이에 대한 근거로는 야당인 국민의 힘에서 여성가족부 페지론를 주장하였만 여당인 더불어민주당에서는 \"여성가족부 페지론은 성평등 실현의 가치를 쉽게 무시하고,사회적 화합을 외치면서 젠더 갈등을 오히려 부치기고 있다\"며 \"출발선이 다른 데 기회의 평등을 주장하는 것은 이미 평등이 아니다\"라고 지적했다.#@문장구분# 이말은 출발선이 다르니까 여성에게 해택을 몰아줘야 이게 평등이다라는 이 수준 낮은 몽상들의 주장이다.#@문장구분# 이 근거를 토대로 더불어 민주당은 여성을 출발선이 다른 보살펴야 하는 하등한 동물로 취급하고 있다.#@문장구분#이것은 분명한 여성혐오 이다.#@문장구분# 평등을 주장하지만 여성혐오를 조장하고 모든 해택은 여성에게만 주고 있다.#@문장구분# 참 모순적인 단체이다.#@문장구분# 또한 그 모순의 집합체인 여성가족부는 디지털 성범죄,출산정책등 '여성'을 강조하면서 자기들이 가져가서 제대로 될수있는 일도 망치고 있다.#@문장구분# 이러한 여가부가 하는일 모두는 복지부나 교육부,인권위,경찰청이 할수있는일이고 하고 있는 일이다.#@문장구분# 여성가족부가 다른  행정기관이 하는 일을 가져와서 망친일의 예를 보자면 출상장려정책을 시행해야하는데 여성가족부는 비혼을 장려하였다.#@문장구분# 또,여성가족부는 지난20년간 사각지대에 놓여 있는 취약계층을 보호하고 성폭력과 관력해 '2차 피해'라는 개념조차 없었는데 여성가족부가과련 지침을 마련했다며 여성가족부 폐지론에대해 이렇게 반박하였다.#@문장구분# 그렇지만 이후에 \"박원순,오거돈 권력형 성범죄 맞냐\"라는 질문에는 답을 회피하는 모순적인 모습을 보여주며 성범죄 피해들을 위한것이 아닌 자신들이 기득권을 위한 모습으로 밖에 보이지 않는다.#@문장구분# 그리고 더불어 민주당이 여성을 사회적 약자로 정의하는 근거로는 전혜숙 민주당최고위원이 말하기를 \"금융,승진,취업,정치 참여 등 거의 모든 사회 지표상 성차별이 엄연히 존재하는 현실이다.\" 라고 했다.#@문장구분# 그러니까 금윰,승진,취업,정치 다 편하고 몸안쓰고 좋은 것들에만 성차별을 찾고있으며 회사 안에서 야근이나 숙지이나 지방발령에서는 성차별을 찾고있지도 않는다.#@문장구분# 하지만 승진에만 성차별을 찾는다는 것과 공사장 인부, 택배기사 등과 같은 몸쓰는 일은 재쳐두고 금융이나 정치? 이래 놓고 모든 사회 지표라고 하고있다.#@문장구분# 이런 모순적인이고 자신들의 기득권을 위해 젠더 갈등을 일으키는 현정부를 끌어내리고 새로운 정부을 만들기 전에는 현재의 젠더 갈등은 절대 끝나지 않을 것이다.#@문장구분#",
      "paragraph_len": 1526,
      "paragraph_id": "001"
    }
  ],
  "score": {
    "paragraph_score": [
      {
        "paragraph_scoreT": [
          3,
          3,
          3
        ],
        "paragraph_scoreT_detail": {
          "paragraph_scoreT_exp": [
            [
              3,
              3,
              3
            ],
            [
              3,
              3,
              3
            ],
            [
              3,
              3,
              3
            ]
          ]
        },
        "paragraph_scoreT_avg": 3,
        "paragraph_id": "001"
      }
    ],
    "essay_scoreT": [
      30,
      27.2,
      28.4
    ],
    "essay_scoreT_avg": 28.533333,
    "essay_scoreT_detail": {
      "essay_scoreT_org": [
        [
          3,
          0,
          3,
          3
        ],
        [
          3,
          0,
          3,
          3
        ],
        [
          3,
          0,
          3,
          3
        ]
      ],
      "essay_scoreT_cont": [
        [
          3,
          3,
          3,
          3
        ],
        [
          2,
          2,
          2,
          3
        ],
        [
          2,
          3,
          2,
          3
        ]
      ],
      "essay_scoreT_exp": [
        [
          3,
          3,
          3
        ],
        [
          3,
          3,
          3
        ],
        [
          3,
          3,
          3
        ]
      ]
    }
  },
  "student": {
    "date": "2021.10.23",
    "student_educated": true,
    "student_grade": "고등_1학년",
    "location": "063",
    "student_grade_group": "고등",
    "student_reading": 2
  },
  "rubric": {
    "essay_grade": "고등_1학년",
    "organization_weight": {
      "org_paragraph": 0,
      "org": 3,
      "org_essay": 6,
      "org_coherence": 3,
      "org_quantity": 1
    },
    "essay_type": "대안제시",
    "content_weight": {
      "con_clearance": 3,
      "con_novelty": 3,
      "con": 4,
      "con_prompt": 1,
      "con_description": 3
    },
    "essay_main_subject": "남녀 갈등 해결 방안",
    "expression_weight": {
      "exp_style": 4,
      "exp_grammar": 2,
      "exp_vocab": 4,
      "exp": 3
    }
  },
  "correction": [],
  "info": {
    "essay_id": "ESSAY_43929",
    "essay_prompt": " 남녀 갈등은 최근 우리 사회에서 가장 뜨거운 이슈 중 하나입니다. 이러한 갈등은 아직 간극을 좁히지 못하고 현재 사회적인 문제로 자리 잡았습니다.\n\n 군 가산점 문제, 일자리 문제 등 여러 가지 비교 자료들을 토대로 토론을 하고 이를 통해 갈등을 해결하고자 하는 노력이 이루어지고 있습니다.\n\n 과거에는 성차별 심했던 시기가 있었습니다. 여자와 남자를 구별 지어 일을 주는 경우도 많았습니다. 하지만, 현재는 여자와 남자라는 성별을 떠나서 나이, 국적을 불문하고 모두에게 평등한 기회를 주기 위해 노력하고 있습니다.\n\n 이렇게 모두의 노력에도 불구하고 아직 해결되지 않았거나 해결될 기미가 보이지 않는 양성평등 문제가 있을까요?\n\n 아주 작은 사소한 일이라도 좋습니다. 여러분이 생각하는 우리 주변의 양성평등 문제를 하나 작성해보고 어떻게 해결할 수 있을지 혹은 무엇이 바뀌어야 해결될 것 같은지 본인의 생각을 설명해주세요. ",
    "essay_type": "대안제시",
    "essay_level": "1",
    "essay_len": 1206,
    "essay_main_subject": "남녀 갈등 해결 방안"
  }
}