{
  "paragraph": [
    {
      "paragraph_txt": "님비현상이란 '내 뒷마당에서는 안 된다'는 이기주의적 의미로 통용되기 시작한, 유해시설 설치를 기피하는 현상을 말한다.#@문장구분# 국가 전체적으로는 방사능 오염 쓰레기 처리장 같은 시설의 필요성을 인정하지만 내가 살고있는 주거 지역에 들어서는 것은 반대하는 지역 이기주의로 이러한 혐오시설의 건립을 반대하고 있다. #@문장구분#우리나라에서도 이러한 님비현상이 급증하는 추세이며, 국민들의 환경에 대한 의식 수준이 높아짐에 따라 쓰레기 소각장 등의 건립을 집단으로 거부하고 있는 사례들을 쉽게 찾아볼 수 있다. #@문장구분#각 지역의 많은 사람들이 혐오시설의 건립을 반대하고 갈등을 빚고 있는 요즘, 각 지자체에서는 해당 지역의 주민들에게 적절한 보상과 해결책을 도출해 내야할 것이다.#@문장구분# 무엇보다도 혐오시설 건립의 가장 큰 이유는 혐오시설 건립시 해당 지역의 집값 하락이 큰 비중을 차지한다.#@문장구분# 따라서 금전적인 보상 뿐 아니라 혐오시설에 대한 인식을 개선할만한 노력이 필요하다.#@문장구분# 혐오시설을 떠올리면 악취와, 소음, 매연등의 사유로 기피하게 되는데 공기정화 시설이나 소음과 미세먼지 저감장치등을 활용하여 친환경적인 시설들로 탈바꿈 할 수 있도록 많은 발전이 이루어져야 한다.#@문장구분# 또한 소각장 등에서 발생하는 에너지를 활용하여 금전적인 이득이 발생한다면 이 또한 주민들에게 혜택이 돌아갈 수 있도록 대책이 마련되어야 한다.#@문장구분# 또한 혐오시설의 외관을 깔끔하고 쾌적하게 변화시키고 문화시설이나 체육시설을 같이 설립하게 된다면 많은 사람들이 해당지역을 찾게 될 것이고 관광객도 늘어날 것이다.#@문장구분# 이렇게 혐오시설에 대한 인식이 개선이 되고 지역 주민들에게 적절한 보상이 이루어져 지자체와 주민간의 갈등이 해소되고 해결점을 찾는다면 이 사회의 님비현상도 줄어들 것이다.#@문장구분# 지역 이기주의가 팽배한 사회가 아닌 서로 조금씩 양보하고 공공의 이익을 위하여 희생할 수 있는 따뜻한 지역사회가 되었으면 한다.#@문장구분#",
      "paragraph_len": 1136,
      "paragraph_id": "001"
    }
  ],
  "score": {
    "paragraph_score": [
      {
        "paragraph_scoreT": [
          3,
          3,
          3
        ],
        "paragraph_scoreT_detail": {
          "paragraph_scoreT_exp": [
            [
              3,
              3,
              3
            ],
            [
              3,
              3,
              3
            ],
            [
              3,
              3,
              3
            ]
          ]
        },
        "paragraph_scoreT_avg": 3,
        "paragraph_id": "001"
      }
    ],
    "essay_scoreT": [
      28.5,
      28.4,
      30
    ],
    "essay_scoreT_avg": 28.966667,
    "essay_scoreT_detail": {
      "essay_scoreT_org": [
        [
          3,
          0,
          3,
          2
        ],
        [
          3,
          0,
          3,
          3
        ],
        [
          3,
          0,
          3,
          3
        ]
      ],
      "essay_scoreT_cont": [
        [
          3,
          2,
          3,
          3
        ],
        [
          3,
          2,
          2,
          3
        ],
        [
          3,
          3,
          3,
          3
        ]
      ],
      "essay_scoreT_exp": [
        [
          3,
          3,
          3
        ],
        [
          3,
          3,
          3
        ],
        [
          3,
          3,
          3
        ]
      ]
    }
  },
  "student": {
    "date": "2021.11.29",
    "student_educated": true,
    "student_grade": "고등_1학년",
    "location": "063",
    "student_grade_group": "고등",
    "student_reading": 1
  },
  "rubric": {
    "essay_grade": "고등_1학년",
    "organization_weight": {
      "org_paragraph": 0,
      "org": 3,
      "org_essay": 6,
      "org_coherence": 3,
      "org_quantity": 1
    },
    "essay_type": "대안제시",
    "content_weight": {
      "con_clearance": 3,
      "con_novelty": 3,
      "con": 4,
      "con_prompt": 1,
      "con_description": 3
    },
    "essay_main_subject": "혐오시설 건설문제에 대한 본인의 생각",
    "expression_weight": {
      "exp_style": 4,
      "exp_grammar": 2,
      "exp_vocab": 4,
      "exp": 3
    }
  },
  "correction": [],
  "info": {
    "essay_id": "ESSAY_53461",
    "essay_prompt": " 혐오 시설이란 지역 주민에게 공포감이나 고통을 주거나, 주변 지역의 쾌적성이 훼손됨으로써 집값이나 땅값이 내려가는 등 부정적인 외부효과를 유발하는 시설을 의미합니다.\n\n 대표적인 혐오 시설에는 쓰레기 매립장, 원자력발전소, 소각장, 유류저장소 등이 있습니다.\n\n 매립지, 소각장, 쓰레기 하치장 같은 혐오 시설은 그리 위험하지는 않지만, 쓰레기를 취급한다는 점에서 혐오감을 주며, 주변 환경오염 문제가 갈등을 일으킵니다. 특히 소각장은 인구밀도가 높은 대도시에 건설된다는 점에서 반대 운동이 일기도 합니다.\n\n 그런데 서로 반대만 하다 보면 입지를 찾지 못해 결국 모든 주민의 삶의 질이 저하될 수 있습니다.\n\n 정부 차원에서 가장 적절한 장소를 선별하여 건설 후 주변 사람들에게 혜택을 주는 방식이 적절한 방법일까요? 아니면 혐오 시설만을 모아둔 부지를 따로 정해서 건설해야 할까요? 아니면 모든 도시가 공평하게 혐오 시설 건설에 대한 부담을 지니고 하나씩 건설해야 할까요?\n\n 모두가 만족할만한 결과를 내기란 정말 어려운 문제이지만 여러분이 생각하는 가장 합리적이고 좋은 방법을 생각해보세요. 그리고 그 방법을 대안으로 제시하고 그 근거에 대해 작성해주세요.",
    "essay_type": "대안제시",
    "essay_level": "1",
    "essay_len": 917,
    "essay_main_subject": "혐오시설 건설문제에 대한 본인의 생각"
  }
}