{
  "paragraph": [
    {
      "paragraph_txt": "저는 남녀 갈등에 대해 부정적으로 봅니다.#@문장구분# 요즘 sns 같은데 보면 남성과 여성의 극단적인 사이트에서 서로를 물고 뜯는 양상이 보이는데요.#@문장구분# 그것 때문에 요즘 사람들에게도 사상이 옮겨가고 있습니다.#@문장구분# 흔히 말하는 여혐과 남혐인데요.#@문장구분# 저는 그들이 서로 잘못된 정보로 여혐과 남혐을 조장하는게 아니라고 생각합니다.#@문장구분# 물론 제대로 된 사실이 있고 그거를 바탕으로 서로를 싫어하는거 일텐데.#@문장구분# 얘네들은 좀 심각합니다.#@문장구분# \n 무슨 하이에나 같이 하나 잘못 된게 있으면 그걸 끝까지 물어뜯어 주장합니다.#@문장구분# 예를 들어 남자 한명이 성범죄를 일으켰다고 합시다.#@문장구분# 그럼 평범한 사람들은 저 미친놈 정도의 인식으로 끝납니다.#@문장구분# 하지만 여성 극단 단체들은 역시 남자들은 늑대야 이러면서 남혐을 주장하게 되는것이죠.#@문장구분# 분명 사실을 기반한 주장이지만 그 정도 범죄를 일으킬 사람이 여자였으면 결과가 달랐을까요.#@문장구분# 범죄를 일으킨다는건 정신상으로 흔들리거나 불안정하다는 뜻입니다.#@문장구분# 즉 성과는 아무 관련이 없다고 저는 생각합니다.#@문장구분# 즉 남녀를 갈라서 서로 물어뜯는 행위는 무의미합니다.#@문장구분# 아마도 그들의 전쟁은 끝나지 않을테죠.#@문장구분# 그런데 문제는 요즘 사람들이 가볍게 저런 주장들은 우연히 듣습니다.#@문장구분# 그러면 사상이 주입 되버리는 겁니다.#@문장구분#  왜냐면 맞는 말이기 때문입니다.#@문장구분# 그들은 틀린 주장을 하는게 아니에요.#@문장구분# 작은 일을 크게 부풀리거나 해서 포장하기 때문이죠.#@문장구분# 그래서 저는 남녀 갈등 관련된 정보나 영상을 보면 항상 중립적으로 봅니다.#@문장구분# 근데 요즘 학생들은 아닌거 같더라고요.#@문장구분# 그래서 남녀 갈등은 더 심화 되는게 아닐까 생각합니다.#@문장구분# 남녀가 할 수 있는 일은 서로 다른것도 있습니다.#@문장구분# 신체 능력이 다르기 때문입니다.#@문장구분# 그렇기에 서로 어울리는 일이 있습니다.#@문장구분# 그런데 남자가 할 수 있는 일을 예를 들어 힘을 쓰는 일이라고 칩시다.#@문장구분# 그 일을 여자가 쉽게 할 수 있을까요?#@문장구분# 아뇨 물론 가능한 사람들도 있겠지만 대부분 무리입니다.#@문장구분# 그렇다고 하지 말라고 하면 평등하지 않죠#@문장구분# 그래서 남녀 문제는 참 힘든 것 같습니다.#@문장구분# 그리고 인권에 문젠데 솔직히 요즘 사회에 누가 더 인권을 침해 받냐라고 물으면 대부분 다 없다고 생각할 거 같습니다.#@문장구분# 그 부분 인권 문제에서는 많이 해결 하려고 많은 분들이 노력을 하신것이라고 생각합니다.#@문장구분#",
      "paragraph_len": 1772,
      "paragraph_id": "001"
    }
  ],
  "score": {
    "paragraph_score": [
      {
        "paragraph_scoreT": [
          2,
          2.4,
          3
        ],
        "paragraph_scoreT_detail": {
          "paragraph_scoreT_exp": [
            [
              2,
              2,
              2
            ],
            [
              2,
              3,
              2
            ],
            [
              3,
              3,
              3
            ]
          ]
        },
        "paragraph_scoreT_avg": 2.4666667,
        "paragraph_id": "001"
      }
    ],
    "essay_scoreT": [
      23.099998,
      23.6,
      30
    ],
    "essay_scoreT_avg": 25.566666,
    "essay_scoreT_detail": {
      "essay_scoreT_org": [
        [
          2,
          0,
          2,
          3
        ],
        [
          2,
          0,
          3,
          3
        ],
        [
          3,
          0,
          3,
          3
        ]
      ],
      "essay_scoreT_cont": [
        [
          3,
          2,
          3,
          3
        ],
        [
          2,
          2,
          2,
          3
        ],
        [
          3,
          3,
          3,
          3
        ]
      ],
      "essay_scoreT_exp": [
        [
          2,
          2,
          2
        ],
        [
          2,
          3,
          2
        ],
        [
          3,
          3,
          3
        ]
      ]
    }
  },
  "student": {
    "date": "2021.10.21",
    "student_educated": true,
    "student_grade": "고등_1학년",
    "location": "063",
    "student_grade_group": "고등",
    "student_reading": 1
  },
  "rubric": {
    "essay_grade": "고등_1학년",
    "organization_weight": {
      "org_paragraph": 0,
      "org": 3,
      "org_essay": 6,
      "org_coherence": 3,
      "org_quantity": 1
    },
    "essay_type": "대안제시",
    "content_weight": {
      "con_clearance": 3,
      "con_novelty": 3,
      "con": 4,
      "con_prompt": 1,
      "con_description": 3
    },
    "essay_main_subject": "남녀 갈등 해결 방안",
    "expression_weight": {
      "exp_style": 4,
      "exp_grammar": 2,
      "exp_vocab": 4,
      "exp": 3
    }
  },
  "correction": [],
  "info": {
    "essay_id": "ESSAY_43927",
    "essay_prompt": " 남녀 갈등은 최근 우리 사회에서 가장 뜨거운 이슈 중 하나입니다. 이러한 갈등은 아직 간극을 좁히지 못하고 현재 사회적인 문제로 자리 잡았습니다.\n\n 군 가산점 문제, 일자리 문제 등 여러 가지 비교 자료들을 토대로 토론을 하고 이를 통해 갈등을 해결하고자 하는 노력이 이루어지고 있습니다.\n\n 과거에는 성차별 심했던 시기가 있었습니다. 여자와 남자를 구별 지어 일을 주는 경우도 많았습니다. 하지만, 현재는 여자와 남자라는 성별을 떠나서 나이, 국적을 불문하고 모두에게 평등한 기회를 주기 위해 노력하고 있습니다.\n\n 이렇게 모두의 노력에도 불구하고 아직 해결되지 않았거나 해결될 기미가 보이지 않는 양성평등 문제가 있을까요?\n\n 아주 작은 사소한 일이라도 좋습니다. 여러분이 생각하는 우리 주변의 양성평등 문제를 하나 작성해보고 어떻게 해결할 수 있을지 혹은 무엇이 바뀌어야 해결될 것 같은지 본인의 생각을 설명해주세요. ",
    "essay_type": "대안제시",
    "essay_level": "1",
    "essay_len": 1092,
    "essay_main_subject": "남녀 갈등 해결 방안"
  }
}