{
  "paragraph": [
    {
      "paragraph_txt": "사람들은 우리에게 필요한 쓰레기 매립장, 원자력발전소, 소각장, 유류저장소등과 같은 혐오 시설을 지역 주민에게 공포감이나 고통을 준다고 생각하고 주변 지역의 쾌적성이 훼손됨으로써 집값이나 땅값이 내려가는 등 부정적인 외부효과 때문에 주변에 혐오 시설이 생기는 것을 꺼리곤 한다.#@문장구분# 하지만 우리가 모두 피하다 보면 혐오 시설로 불리는 시설들은 지을 곳이 사라지고 우리는 필요할 때 이용하지 못하게 된다.#@문장구분# 인간의 윤택한 생활을 위해선 다양한 시설을 필요로 한다.#@문장구분# 님비현상이란 감정은 이기적인 생각 같다.#@문장구분# 이러한 시설이 건립될수록 사람들은 더욱더 사람다운 삶을 살아나갈 수 있을 것이며, 삶의 만족도를 올려줄 수 있을 것이다.#@문장구분# 혐오시설도 이에 필요한 시설이긴 하지만, 삶의 만족도를 올려줄 수 있다는 장점에는 모순적인 면을 가진다.#@문장구분# 혐오시설이 존재함으로써 만족시킬 수 있지만, 혐오시설이 자신이 거주하는 지역에 건축된다고 하면 이는 삶의 만족도를 떨어트릴 수있다고 반대를 한다.#@문장구분#중요한 것은,삶의 질을 위해서는 혐오 시설 건립이 꼭 필요하다고 생각하고 문제해결을 위해서는 민주주의적인 절차인 공개투표 방식이 적적하다고 생각한다.#@문장구분# 혐오시설을 건축하여 생기는 이런 감정이, 몇몇 사람들에게 국한되는 것이 아닌, 거의 모두 이러한 감정을 느끼기 때문에 난감해 하는 것이다.#@문장구분#님비라는 이런 감정을 통하여, 혐오시설을 건축하거나 이전할 때 지역 간의 상당한 마찰을 겪게 된다.#@문장구분# 님비현상이 생성되는 것은 막을 수 없다.#@문장구분# 님비현상이 형성된다면 혐오시설을 건축할 때 상당한 시간을 잡아먹게 되고, 이 시설이 필요한 다른 거주지역 또한 불편함을 겪을 것이며, 단순하게 건축지를 바꾸는 선택으로는 님비현상의 끝없는 반복으로 끊을 수 없는 순환구조가 만들어질 것이다.#@문장구분# 혐오시설은 우리가 살아가는데 없어서는 안될 시설들이다.#@문장구분# 하지만 보기 흉하다는 이유로, 냄새가 난다는 이유로 자신들의 사는 곳에 건설하는 것을 꺼려한다.#@문장구분# 하지만 이런 이기주의가 빨리 사라져 서로 이해하고 배려해서 혐오시설 설치문제가 잘 해결되었으면 좋겠다.#@문장구분#",
      "paragraph_len": 1303,
      "paragraph_id": "001"
    }
  ],
  "score": {
    "paragraph_score": [
      {
        "paragraph_scoreT": [
          3,
          3,
          3
        ],
        "paragraph_scoreT_detail": {
          "paragraph_scoreT_exp": [
            [
              3,
              3,
              3
            ],
            [
              3,
              3,
              3
            ],
            [
              3,
              3,
              3
            ]
          ]
        },
        "paragraph_scoreT_avg": 3,
        "paragraph_id": "001"
      }
    ],
    "essay_scoreT": [
      28.8,
      28.8,
      30
    ],
    "essay_scoreT_avg": 29.199999,
    "essay_scoreT_detail": {
      "essay_scoreT_org": [
        [
          3,
          0,
          3,
          3
        ],
        [
          3,
          0,
          3,
          3
        ],
        [
          3,
          0,
          3,
          3
        ]
      ],
      "essay_scoreT_cont": [
        [
          3,
          2,
          3,
          3
        ],
        [
          3,
          2,
          3,
          3
        ],
        [
          3,
          3,
          3,
          3
        ]
      ],
      "essay_scoreT_exp": [
        [
          3,
          3,
          3
        ],
        [
          3,
          3,
          3
        ],
        [
          3,
          3,
          3
        ]
      ]
    }
  },
  "student": {
    "date": "2021.12.07",
    "student_educated": true,
    "student_grade": "고등_1학년",
    "location": "063",
    "student_grade_group": "고등",
    "student_reading": 2
  },
  "rubric": {
    "essay_grade": "고등_1학년",
    "organization_weight": {
      "org_paragraph": 0,
      "org": 3,
      "org_essay": 6,
      "org_coherence": 3,
      "org_quantity": 1
    },
    "essay_type": "대안제시",
    "content_weight": {
      "con_clearance": 3,
      "con_novelty": 3,
      "con": 4,
      "con_prompt": 1,
      "con_description": 3
    },
    "essay_main_subject": "혐오시설 건설문제에 대한 본인의 생각",
    "expression_weight": {
      "exp_style": 4,
      "exp_grammar": 2,
      "exp_vocab": 4,
      "exp": 3
    }
  },
  "correction": [],
  "info": {
    "essay_id": "ESSAY_57110",
    "essay_prompt": " 혐오 시설이란 지역 주민에게 공포감이나 고통을 주거나, 주변 지역의 쾌적성이 훼손됨으로써 집값이나 땅값이 내려가는 등 부정적인 외부효과를 유발하는 시설을 의미합니다.\n\n 대표적인 혐오 시설에는 쓰레기 매립장, 원자력발전소, 소각장, 유류저장소 등이 있습니다.\n\n 매립지, 소각장, 쓰레기 하치장 같은 혐오 시설은 그리 위험하지는 않지만, 쓰레기를 취급한다는 점에서 혐오감을 주며, 주변 환경오염 문제가 갈등을 일으킵니다. 특히 소각장은 인구밀도가 높은 대도시에 건설된다는 점에서 반대 운동이 일기도 합니다.\n\n 그런데 서로 반대만 하다 보면 입지를 찾지 못해 결국 모든 주민의 삶의 질이 저하될 수 있습니다.\n\n 정부 차원에서 가장 적절한 장소를 선별하여 건설 후 주변 사람들에게 혜택을 주는 방식이 적절한 방법일까요? 아니면 혐오 시설만을 모아둔 부지를 따로 정해서 건설해야 할까요? 아니면 모든 도시가 공평하게 혐오 시설 건설에 대한 부담을 지니고 하나씩 건설해야 할까요?\n\n 모두가 만족할만한 결과를 내기란 정말 어려운 문제이지만 여러분이 생각하는 가장 합리적이고 좋은 방법을 생각해보세요. 그리고 그 방법을 대안으로 제시하고 그 근거에 대해 작성해주세요.",
    "essay_type": "대안제시",
    "essay_level": "1",
    "essay_len": 1006,
    "essay_main_subject": "혐오시설 건설문제에 대한 본인의 생각"
  }
}