{
  "paragraph": [
    {
      "paragraph_txt": "저는 최근에 일어나고 있는 남녀 갈등 사례를 얘기 해 보고 제가 생각하는 방안에 대해 설명해 보겠습니다.#@문장구분# 최근에 일어나고 있는 갈등 중에서 군 가산점 문제가 있습니다.#@문장구분#군 가산점은 1999년도에 폐지된 제도입니다.#@문장구분# 폐지된 이유는 평등권과 선택의 자유를 침해한다고 폐지된 것입니다.#@문장구분# 저는 이에 대해 군 가산점이 다시 부활해야 한다는 의견입니다.#@문장구분# 한국 남성들은 18개월이라는 기간 동안 군 복무를 해야 합니다.#@문장구분# 이는 자신이 원하지도 않는 것을 해야 하는 강제성을 띠고 있습니다. #@문장구분#제가 생각하기에 군 복무를 마친 사람에게는 보상을 해줘야 한다고 생각합니다.#@문장구분# 그게 남성이든 여성이든지 말입니다.#@문장구분# 현재 우리나라의 징병제는 남성들만 군대를 갑니다.#@문장구분# 여성들은 원해도 갈 수 없습니다.#@문장구분# 저는 여성들이 군대를 못 가는 것에 대해 불공정하다고 생각합니다.#@문장구분# 여성들도 군대에 가고 싶으면 갈 수 있게 여성 모병제를 실시하여서 남녀 상관없이 군대에 갔다 오는 사람에게는 군 가산점을 주는 혜택을 준다면 서로가 평등해지고 나라의 국방력이 강화되는 현상이 일어날 것이라고 생각합니다.#@문장구분# 그러기에 저는 군 가산점 부활과 여성모병제를 실시하여야 한다고 생각합니다.#@문장구분# 두 번째는 여성 할당제입니다.#@문장구분# 여성할당제는 사회 어떠한 분야에서 일정 비율 이상을 여성이 차지해야 하는 제도입니다.#@문장구분#저는 이 제도에 대해 반대합니다. #@문장구분#실력주의 사회에서 여성이라는 이유로 자리를 차지한다는 것은 불공정하다고 생각합니다.#@문장구분# 불 못 끄는 소방관, 상황 해결 못하고 지나가던 남성에게 도움 청한 여경 등 여성 할당제의 문제는 계속 나오고 있습니다.#@문장구분# 저는 불 못 끄는 소방관, 상황 해결 못하는 경찰은 필요하지 않다고 생각합니다.#@문장구분# 그게 남성이든지 여성이든지 말입니다.#@문장구분# 또한 여성 할당제가 생긴 이유는 여성이 사회 진출이 어렵다고 생각하기에 만들어진 제도입니다.#@문장구분# 당시에는 여성의 사회 진출이 어려웠으나 2021년 현재는 남녀가 차별 받지 않고 동일하게 사회 진출을 할 수 있습니다.#@문장구분# 그러기에 시대에 맞지 않는 여성 할당제는 폐지하고 남성과 여성의 차이 없이 동일한 조건으로 오로지 능력만 보고 채용하는 것이 공정하다고 생각합니다.#@문장구분#",
      "paragraph_len": 1522,
      "paragraph_id": "001"
    }
  ],
  "score": {
    "paragraph_score": [
      {
        "paragraph_scoreT": [
          2.4,
          3,
          2.6
        ],
        "paragraph_scoreT_detail": {
          "paragraph_scoreT_exp": [
            [
              2,
              2,
              3
            ],
            [
              3,
              3,
              3
            ],
            [
              3,
              2,
              3
            ]
          ]
        },
        "paragraph_scoreT_avg": 2.6666667,
        "paragraph_id": "001"
      }
    ],
    "essay_scoreT": [
      22.7,
      28.8,
      26.7
    ],
    "essay_scoreT_avg": 26.066666,
    "essay_scoreT_detail": {
      "essay_scoreT_org": [
        [
          2,
          0,
          2,
          3
        ],
        [
          3,
          0,
          3,
          3
        ],
        [
          3,
          0,
          2,
          3
        ]
      ],
      "essay_scoreT_cont": [
        [
          2,
          2,
          2,
          3
        ],
        [
          3,
          2,
          3,
          3
        ],
        [
          3,
          2,
          3,
          3
        ]
      ],
      "essay_scoreT_exp": [
        [
          2,
          2,
          3
        ],
        [
          3,
          3,
          3
        ],
        [
          3,
          2,
          3
        ]
      ]
    }
  },
  "student": {
    "date": "2021.11.17",
    "student_educated": true,
    "student_grade": "고등_1학년",
    "location": "054",
    "student_grade_group": "고등",
    "student_reading": 2
  },
  "rubric": {
    "essay_grade": "고등_1학년",
    "organization_weight": {
      "org_paragraph": 0,
      "org": 3,
      "org_essay": 6,
      "org_coherence": 3,
      "org_quantity": 1
    },
    "essay_type": "대안제시",
    "content_weight": {
      "con_clearance": 3,
      "con_novelty": 3,
      "con": 4,
      "con_prompt": 1,
      "con_description": 3
    },
    "essay_main_subject": "남녀 갈등 해결 방안",
    "expression_weight": {
      "exp_style": 4,
      "exp_grammar": 2,
      "exp_vocab": 4,
      "exp": 3
    }
  },
  "correction": [],
  "info": {
    "essay_id": "ESSAY_47290",
    "essay_prompt": " 남녀 갈등은 최근 우리 사회에서 가장 뜨거운 이슈 중 하나입니다. 이러한 갈등은 아직 간극을 좁히지 못하고 현재 사회적인 문제로 자리 잡았습니다.\n\n 군 가산점 문제, 일자리 문제 등 여러 가지 비교 자료들을 토대로 토론을 하고 이를 통해 갈등을 해결하고자 하는 노력이 이루어지고 있습니다.\n\n 과거에는 성차별 심했던 시기가 있었습니다. 여자와 남자를 구별 지어 일을 주는 경우도 많았습니다. 하지만, 현재는 여자와 남자라는 성별을 떠나서 나이, 국적을 불문하고 모두에게 평등한 기회를 주기 위해 노력하고 있습니다.\n\n 이렇게 모두의 노력에도 불구하고 아직 해결되지 않았거나 해결될 기미가 보이지 않는 양성평등 문제가 있을까요?\n\n 아주 작은 사소한 일이라도 좋습니다. 여러분이 생각하는 우리 주변의 양성평등 문제를 하나 작성해보고 어떻게 해결할 수 있을지 혹은 무엇이 바뀌어야 해결될 것 같은지 본인의 생각을 설명해주세요. ",
    "essay_type": "대안제시",
    "essay_level": "1",
    "essay_len": 1046,
    "essay_main_subject": "남녀 갈등 해결 방안"
  }
}