{
  "paragraph": [
    {
      "paragraph_txt": "요즘 여성과 남성의 혐오 표현에 대한 말이 많다.#@문장구분# 그래서 그런 의도가 전혀 없었음에도 불구하고 혐오 표현이라며 비난을 받고 사과를 해야 하는 경우가 잦다.#@문장구분# 심지어 '이런게 혐오 표현이라고?' 라 생각될 정도로 억지스러운 주장도 끊이질 않고 있다.#@문장구분# 예를 들어, 안산 선수의 숏컷이 남성을 혐오하는 것이라며 비난을 받기도 했다.#@문장구분# 그런데 유명한 ,등 논란이 되는 혐오 표현들은 어디에서 나오는 것인가? 라는 의문이 생길 때가 있는데 그 답은 남성/여성 혐오를 하는 사이트에서 시작한다.#@문장구분# 그들은 서로 다른 성별을 가지고 있다는 이유로 적대시하고 억지스러운 주장을 하며 자신과 다른 성별을 까내린다.#@문장구분# 그렇기 때문에 내가 생각한 대안은 남성/여성 혐오 사이트를 적극적으로 삭제하기 위해 노력해야 하고 다수의 일반인이 보아도 혐오 표현이 아니다 싶은 언행을 하였음에도 논란에 휩쓸리고 사과를 하게 되는 그런 상황은 더 이상 만들어져선 안 되기 때문에 그들에게 강력한 처벌 또한 내려야 한다고 생각한다.#@문장구분# 그 다음으로 생각한 대안은 아무리 사이트를 삭제하고 처벌을 내려도 한계를 있을 수 있기 때문에 사람들에게 보여지는 공인은 혐오 표현에 대한 교육이 필요하다고 생각한다.#@문장구분# 마지막으로 가장 중요하다고 생각하는 것은 사람들의 마음이 마지막으로 가장 중요하다고 생각한다.#@문장구분# 무조건 까려고 들지 말고 정말 이 사람이 의도적으로 혐오 표현이라고 하는 것을 썼는지 정확하게 판단하고 의도적인 부분이 정확하게 드러났다면 비판은 필요하지만 익명 뒤에 숨어 그 사람의 인권을 침해하는 말을 하는 것은 절대 있어선 안된다.#@문장구분# 심지어 그런 의도로 혐오 표현이라는 것이 아니라는 게 드러났음에도 불구하고 익명 뒤에 숨어서 악플을 달아 사람의 목숨을 위협하는 언행 또한 하면 안된다고 생각한다.#@문장구분#",
      "paragraph_len": 1115,
      "paragraph_id": "001"
    }
  ],
  "score": {
    "paragraph_score": [
      {
        "paragraph_scoreT": [
          3,
          2.6,
          2.4
        ],
        "paragraph_scoreT_detail": {
          "paragraph_scoreT_exp": [
            [
              3,
              3,
              3
            ],
            [
              3,
              3,
              2
            ],
            [
              2,
              3,
              2
            ]
          ]
        },
        "paragraph_scoreT_avg": 2.6666667,
        "paragraph_id": "001"
      }
    ],
    "essay_scoreT": [
      30,
      26.4,
      26.6
    ],
    "essay_scoreT_avg": 27.666666,
    "essay_scoreT_detail": {
      "essay_scoreT_org": [
        [
          3,
          0,
          3,
          3
        ],
        [
          3,
          0,
          3,
          3
        ],
        [
          3,
          0,
          3,
          3
        ]
      ],
      "essay_scoreT_cont": [
        [
          3,
          3,
          3,
          3
        ],
        [
          3,
          2,
          3,
          2
        ],
        [
          3,
          2,
          2,
          3
        ]
      ],
      "essay_scoreT_exp": [
        [
          3,
          3,
          3
        ],
        [
          3,
          3,
          2
        ],
        [
          2,
          3,
          2
        ]
      ]
    }
  },
  "student": {
    "date": "2021.09.07",
    "student_educated": true,
    "student_grade": "고등_1학년",
    "location": "051",
    "student_grade_group": "고등",
    "student_reading": 2
  },
  "rubric": {
    "essay_grade": "고등_1학년",
    "organization_weight": {
      "org_paragraph": 0,
      "org": 3,
      "org_essay": 6,
      "org_coherence": 3,
      "org_quantity": 1
    },
    "essay_type": "대안제시",
    "content_weight": {
      "con_clearance": 3,
      "con_novelty": 3,
      "con": 4,
      "con_prompt": 1,
      "con_description": 3
    },
    "essay_main_subject": "남녀 갈등 해결 방안",
    "expression_weight": {
      "exp_style": 4,
      "exp_grammar": 2,
      "exp_vocab": 4,
      "exp": 3
    }
  },
  "correction": [],
  "info": {
    "essay_id": "ESSAY_34300",
    "essay_prompt": " 남녀 갈등은 최근 우리 사회에서 가장 뜨거운 이슈 중 하나입니다. 이러한 갈등은 아직 간극을 좁히지 못하고 현재 사회적인 문제로 자리 잡았습니다.\n\n 군 가산점 문제, 일자리 문제 등 여러 가지 비교 자료들을 토대로 토론을 하고 이를 통해 갈등을 해결하고자 하는 노력이 이루어지고 있습니다.\n\n 과거에는 성차별 심했던 시기가 있었습니다. 여자와 남자를 구별 지어 일을 주는 경우도 많았습니다. 하지만, 현재는 여자와 남자라는 성별을 떠나서 나이, 국적을 불문하고 모두에게 평등한 기회를 주기 위해 노력하고 있습니다.\n\n 이렇게 모두의 노력에도 불구하고 아직 해결되지 않았거나 해결될 기미가 보이지 않는 양성평등 문제가 있을까요?\n\n 아주 작은 사소한 일이라도 좋습니다. 여러분이 생각하는 우리 주변의 양성평등 문제를 하나 작성해보고 어떻게 해결할 수 있을지 혹은 무엇이 바뀌어야 해결될 것 같은지 본인의 생각을 설명해주세요. ",
    "essay_type": "대안제시",
    "essay_level": "1",
    "essay_len": 883,
    "essay_main_subject": "남녀 갈등 해결 방안"
  }
}