{
  "paragraph": [
    {
      "paragraph_txt": "전 세계에는 성공하여 이름이 알려진 여자들이 많다.#@문장구분# 필리핀과 아일랜드 같은 나라에서는 여자대통령도 나와 수많은 기사들을 쏟아냈다.#@문장구분# 물론, 우리나라에서도 여자가 정치에 손을 뻗고, 여자검사도 나오고, 예술분야에서는 이름을 떨친 여성들이 더욱 많다.#@문장구분# 많은 소녀들은 그들을 보면서 꿈을 키우고, 자신감을 얻고, 자신의 롤 모델로 삼기도 한다.#@문장구분# 아무리 요즘 시대가 변해서 남녀차별이 없어졌다고 하지만 완전하게 평등한 사회는 아닌 것 같다.#@문장구분# 의사도 아직까지 남자가 많고 남자 간호사 보다는 여자 간호사가 많은 것 같다.#@문장구분# 판사도 대부분 남자고, 티비에 나오는 국회의원들도 대부분 남자들이다 힘쓰는 일이나 과격적인 운동은 남자가, 조물거리며 꾸미기나 가벼운 운동은 여자가, 학교에서만 봐도 이렇듯 아직까지도 남자 여자가 구분 되어지니 말이다.#@문장구분# 사람들이 바라보는 시선과 고정관념이 문제인 것 같다.#@문장구분# 나부터라도 남자인데....라는 생각을 버려야 할것 같다. #@문장구분#친구들도 모두 남자라서.. 여자라서..라는 생각부터 접고, 남자여자 구분하기 보다는 직업은 직업으로써 존중하고, 하는일은 하는일 그대로 바라보는 시선이 중요한것 같다.#@문장구분# 모든 일을 남녀 구분 없이 나란히, 나란히 함께 가는 우리 사회를 위하여 모두 노력해야 할것이다.#@문장구분# 우리 사회가 평등의 울타리로 가득 했으면 좋겠다.#@문장구분# 그러기 위해서는 우선적으로 평등하다고 생각하는 것들을 실천해야 한다고 생각한다.#@문장구분# 내 생각에는 남녀 할당제는 평등하지 않다고 생각한다.#@문장구분#능력이 없으면 당연히 떨어지는 건데 남자라고 여자라고 합격시켜주는 것은 공정한 평가방식이 아니라고 생각한다.#@문장구분# 그래서 이러한 법들부터 폐지하는 것이 남녀평등의 실현이라고 생각한다.#@문장구분#",
      "paragraph_len": 1141,
      "paragraph_id": "001"
    }
  ],
  "score": {
    "paragraph_score": [
      {
        "paragraph_scoreT": [
          3,
          3,
          3
        ],
        "paragraph_scoreT_detail": {
          "paragraph_scoreT_exp": [
            [
              3,
              3,
              3
            ],
            [
              3,
              3,
              3
            ],
            [
              3,
              3,
              3
            ]
          ]
        },
        "paragraph_scoreT_avg": 3,
        "paragraph_id": "001"
      }
    ],
    "essay_scoreT": [
      30,
      30,
      30
    ],
    "essay_scoreT_avg": 30,
    "essay_scoreT_detail": {
      "essay_scoreT_org": [
        [
          3,
          0,
          3,
          3
        ],
        [
          3,
          0,
          3,
          3
        ],
        [
          3,
          0,
          3,
          3
        ]
      ],
      "essay_scoreT_cont": [
        [
          3,
          3,
          3,
          3
        ],
        [
          3,
          3,
          3,
          3
        ],
        [
          3,
          3,
          3,
          3
        ]
      ],
      "essay_scoreT_exp": [
        [
          3,
          3,
          3
        ],
        [
          3,
          3,
          3
        ],
        [
          3,
          3,
          3
        ]
      ]
    }
  },
  "student": {
    "date": "2021.12.13",
    "student_educated": true,
    "student_grade": "고등_1학년",
    "location": "063",
    "student_grade_group": "고등",
    "student_reading": 2
  },
  "rubric": {
    "essay_grade": "고등_1학년",
    "organization_weight": {
      "org_paragraph": 0,
      "org": 3,
      "org_essay": 6,
      "org_coherence": 3,
      "org_quantity": 1
    },
    "essay_type": "대안제시",
    "content_weight": {
      "con_clearance": 3,
      "con_novelty": 3,
      "con": 4,
      "con_prompt": 1,
      "con_description": 3
    },
    "essay_main_subject": "남녀 갈등 해결 방안",
    "expression_weight": {
      "exp_style": 4,
      "exp_grammar": 2,
      "exp_vocab": 4,
      "exp": 3
    }
  },
  "correction": [],
  "info": {
    "essay_id": "ESSAY_61927",
    "essay_prompt": " 남녀 갈등은 최근 우리 사회에서 가장 뜨거운 이슈 중 하나입니다. 이러한 갈등은 아직 간극을 좁히지 못하고 현재 사회적인 문제로 자리 잡았습니다.\n\n 군 가산점 문제, 일자리 문제 등 여러 가지 비교 자료들을 토대로 토론을 하고 이를 통해 갈등을 해결하고자 하는 노력이 이루어지고 있습니다.\n\n 과거에는 성차별 심했던 시기가 있었습니다. 여자와 남자를 구별 지어 일을 주는 경우도 많았습니다. 하지만, 현재는 여자와 남자라는 성별을 떠나서 나이, 국적을 불문하고 모두에게 평등한 기회를 주기 위해 노력하고 있습니다.\n\n 이렇게 모두의 노력에도 불구하고 아직 해결되지 않았거나 해결될 기미가 보이지 않는 양성평등 문제가 있을까요?\n\n 아주 작은 사소한 일이라도 좋습니다. 여러분이 생각하는 우리 주변의 양성평등 문제를 하나 작성해보고 어떻게 해결할 수 있을지 혹은 무엇이 바뀌어야 해결될 것 같은지 본인의 생각을 설명해주세요. ",
    "essay_type": "대안제시",
    "essay_level": "1",
    "essay_len": 823,
    "essay_main_subject": "남녀 갈등 해결 방안"
  }
}