{
  "paragraph": [
    {
      "paragraph_txt": "사람들은 자신이 주거하고 있는 지역에 혐오 시설을 설치하는 것을 대부분 반대하는데 그 이유로는 자신이 소유하고있는 집의 가격이 떨어질수있다는 걱정 때문이다.#@문장구분# 하지만 혐오시설은 우리들이 살아가는데 꼭 필요한 시설들이고 없어서는 안된다.#@문장구분# 이 갈등을 해결하는 것이 매우 중요하다.#@문장구분#",
      "paragraph_len": 213,
      "paragraph_id": "001"
    },
    {
      "paragraph_txt": "쓰레기 매립지는 대표적인 혐오시설이다.#@문장구분#이것을 설치하면 심한 악치가 발생하고 비가 오면 쌓여있는 쓰레기에서 오염수가 흘러나와 수질오염의 가능성이 있다.#@문장구분#이를 해결하기위해서는 바이오 에너지를 이용한다.#@문장구분#과학기술의 발달로 음식불쓰레기 등을 바이오에너지로 변환할수있게 되었다.#@문장구분#이렇게 만들어진 에너지를 지역 주민들에게 공급하여 주민들에게 도움이 되도록 만든다면 불만이 줄어들것이고 태양에너지를 추가로 설치하면 더 좋을 것이다.#@문장구분#",
      "paragraph_len": 331,
      "paragraph_id": "002"
    },
    {
      "paragraph_txt": " 다음은 요즘 문제가 되고있는 수소,전기 충전소이다. #@문장구분#최근 기술발달과 환경문제가 결합되어 수소차,전기차 사용이 늘고 충전소를 설치하게 되었는데 폭팔의 위험성에 대한 불안으로 반대하는 사람들이 많이 있다.#@문장구분# 이를 해결하기 위해선 먼저 수소에 대한 막연한 공포심을 해소시켜주는것이다.#@문장구분# 우리는 수소가 위험하자는 생각을 하고있는데 이것을 해소시켜준다면 반대하는 사람들도 줄어들 것이다.#@문장구분#두번째로는 아파트 단지 내에 충전소 설치를 반대하는 사람이 있는데 충전소로 인해 전기가 인상된다는 걱정 때문이다.#@문장구분# 이는 설치히한 아파트에는 전기료를 면제해주는 방법이 있다.#@문장구분# 혐오시설 설치를 할 때 도서관,공원 등 문화시설,공공시설을 같이 설치를 한다면 지역 주민들도 자신들이 누릴수있는 시설이 늘어나 혐오시설에 대한 불만을 해소시켜줄 수 있는 좋은 방법중 하나이다.#@문장구분#",
      "paragraph_len": 554,
      "paragraph_id": "003"
    },
    {
      "paragraph_txt": "하지만 가장 중요한 것은 주민들과 함께 논의,토런을 하고 서로의 입장과 처지를 생각하며 갈등을 풀어나갈 의지를 가지고 대화와 타협을 하는 것이 문제 해결의 가장 좋은 방법이다.#@문장구분#",
      "paragraph_len": 118,
      "paragraph_id": "004"
    }
  ],
  "score": {
    "paragraph_score": [
      {
        "paragraph_scoreT": [
          3,
          3,
          2.2
        ],
        "paragraph_scoreT_detail": {
          "paragraph_scoreT_exp": [
            [
              3,
              3,
              3
            ],
            [
              3,
              3,
              3
            ],
            [
              3,
              2,
              2
            ]
          ]
        },
        "paragraph_scoreT_avg": 2.7333333,
        "paragraph_id": "001"
      },
      {
        "paragraph_scoreT": [
          2.6,
          3,
          2
        ],
        "paragraph_scoreT_detail": {
          "paragraph_scoreT_exp": [
            [
              3,
              2,
              3
            ],
            [
              3,
              3,
              3
            ],
            [
              2,
              2,
              2
            ]
          ]
        },
        "paragraph_scoreT_avg": 2.5333333,
        "paragraph_id": "002"
      },
      {
        "paragraph_scoreT": [
          2.6,
          3,
          2.4
        ],
        "paragraph_scoreT_detail": {
          "paragraph_scoreT_exp": [
            [
              3,
              2,
              3
            ],
            [
              3,
              3,
              3
            ],
            [
              2,
              3,
              2
            ]
          ]
        },
        "paragraph_scoreT_avg": 2.6666667,
        "paragraph_id": "003"
      },
      {
        "paragraph_scoreT": [
          3,
          3,
          2.4
        ],
        "paragraph_scoreT_detail": {
          "paragraph_scoreT_exp": [
            [
              3,
              3,
              3
            ],
            [
              3,
              3,
              3
            ],
            [
              2,
              2,
              3
            ]
          ]
        },
        "paragraph_scoreT_avg": 2.8,
        "paragraph_id": "004"
      }
    ],
    "essay_scoreT": [
      27.599998,
      27.3,
      23.3
    ],
    "essay_scoreT_avg": 26.066666,
    "essay_scoreT_detail": {
      "essay_scoreT_org": [
        [
          3,
          0,
          3,
          3
        ],
        [
          2,
          0,
          2,
          3
        ],
        [
          2,
          0,
          2,
          3
        ]
      ],
      "essay_scoreT_cont": [
        [
          3,
          2,
          3,
          3
        ],
        [
          3,
          3,
          3,
          3
        ],
        [
          3,
          2,
          2,
          2
        ]
      ],
      "essay_scoreT_exp": [
        [
          3,
          2,
          3
        ],
        [
          3,
          3,
          3
        ],
        [
          3,
          2,
          3
        ]
      ]
    }
  },
  "student": {
    "date": "2021.09.07",
    "student_educated": true,
    "student_grade": "고등_1학년",
    "location": "051",
    "student_grade_group": "고등",
    "student_reading": 3
  },
  "rubric": {
    "essay_grade": "고등_1학년",
    "organization_weight": {
      "org_paragraph": 0,
      "org": 3,
      "org_essay": 6,
      "org_coherence": 3,
      "org_quantity": 1
    },
    "essay_type": "대안제시",
    "content_weight": {
      "con_clearance": 3,
      "con_novelty": 3,
      "con": 4,
      "con_prompt": 1,
      "con_description": 3
    },
    "essay_main_subject": "혐오시설 건설문제에 대한 본인의 생각",
    "expression_weight": {
      "exp_style": 4,
      "exp_grammar": 2,
      "exp_vocab": 4,
      "exp": 3
    }
  },
  "correction": [],
  "info": {
    "essay_id": "ESSAY_33822",
    "essay_prompt": " 혐오 시설이란 지역 주민에게 공포감이나 고통을 주거나, 주변 지역의 쾌적성이 훼손됨으로써 집값이나 땅값이 내려가는 등 부정적인 외부효과를 유발하는 시설을 의미합니다.\n\n 대표적인 혐오 시설에는 쓰레기 매립장, 원자력발전소, 소각장, 유류저장소 등이 있습니다.\n\n 매립지, 소각장, 쓰레기 하치장 같은 혐오 시설은 그리 위험하지는 않지만, 쓰레기를 취급한다는 점에서 혐오감을 주며, 주변 환경오염 문제가 갈등을 일으킵니다. 특히 소각장은 인구밀도가 높은 대도시에 건설된다는 점에서 반대 운동이 일기도 합니다.\n\n 그런데 서로 반대만 하다 보면 입지를 찾지 못해 결국 모든 주민의 삶의 질이 저하될 수 있습니다.\n\n 정부 차원에서 가장 적절한 장소를 선별하여 건설 후 주변 사람들에게 혜택을 주는 방식이 적절한 방법일까요? 아니면 혐오 시설만을 모아둔 부지를 따로 정해서 건설해야 할까요? 아니면 모든 도시가 공평하게 혐오 시설 건설에 대한 부담을 지니고 하나씩 건설해야 할까요?\n\n 모두가 만족할만한 결과를 내기란 정말 어려운 문제이지만 여러분이 생각하는 가장 합리적이고 좋은 방법을 생각해보세요. 그리고 그 방법을 대안으로 제시하고 그 근거에 대해 작성해주세요.",
    "essay_type": "대안제시",
    "essay_level": "1",
    "essay_len": 903,
    "essay_main_subject": "혐오시설 건설문제에 대한 본인의 생각"
  }
}