{
  "paragraph": [
    {
      "paragraph_txt": "누구나 혐오시설이 들어오게 된다면 무조건 반대를 할 것입니다.#@문장구분# 우선 내가 살고 있는 지역에 매립지, 소각장, 쓰레기하차장 등 혐오시설이 들어오게 된다면 누가 그 지역에서 살고 싶겠습니까?#@문장구분# 하지만 혐오시설을 어느 지역이든 간에 건설을 하지 않으면 사회적으로 굉장한 피해를 입으며 삶의 질이 저하된다는 사실을 알기에 어느 지역이든간에 건설을 해야겠지요.#@문장구분# 만약 저희 지역에 혐오시설이 들어오게 된다면 어느 분야의 혐오시설이 들어오는지부터 파악할 것이고 살면서 크게 불편함이나 건강에 위험이 없다면 어느정도의 혜택을 준다면 받아드릴 의향이 있습니다.#@문장구분# 제가 생각하는 혜택은 우선적으로 나중에 학생들이 수능이나 수시를 볼 때 농어촌 전형 같은 혐오시설 전형을 만들어 학생들에게 혜택을 주겠습니다.#@문장구분# 학구열이 많은 부모님 같은 경우에는 학군을 굉장히 중요시 여기며, 자식들이 더 좋은 대학교를 들어갈 수 있다면 어느 정도 희생을 할 것입니다.#@문장구분# 그렇게 혐오시설 전형이 생기게 되면 이러한 혜택을 받기 위해서 타 지역에서도 이사를 올 수 있다고 생각하며, 학생들이 많이 유입되면 학원도 늘어 날 것이고 그렇게 된다면 학업의 질이 높아 질 수 있다고 생각합니다.#@문장구분# 두 번째 혜택으로는 직장입니다.#@문장구분# 혐오시설 건설로 인하여 발생하는 일자리는 우선적으로 혐오시설이 생기는 지역에 공지를 하여 인원을 충당하여 일자리를 구하러 타 지역으로 나가지 않아도 돼서 지역주민 이탈이 감소할 것입니다.#@문장구분# 또한 이러한 일자리 제공으로 인하여 타직역에서도 혐오시설이 건설되는 지역으로 올 수 도 있어 지역 경제가 살아날 수 있다고 생각합니다.#@문장구분# 마지막으로 혜택은 부동산 가격입니다.#@문장구분# 혐오시설로 인하여 부모님께서 가장 걱정하는 부분이 집값 또는 땅값이 떨어져서 자산이 손실되는 것입니다.#@문장구분# 이러한 자산 손실을 방지할 수 있도록 정부에서 적정한 가격을 책정해주고 그 이하로 집이나 땅값이 떨어지지 않도록 조정해주면 혐오시설이 건설된다고 하면 어느 지역에서든 자기 지역에 먼저 건설해달라고 할 것 같습니다.#@문장구분#",
      "paragraph_len": 1241,
      "paragraph_id": "001"
    }
  ],
  "score": {
    "paragraph_score": [
      {
        "paragraph_scoreT": [
          3,
          2.8,
          3
        ],
        "paragraph_scoreT_detail": {
          "paragraph_scoreT_exp": [
            [
              3,
              3,
              3
            ],
            [
              2,
              3,
              3
            ],
            [
              3,
              3,
              3
            ]
          ]
        },
        "paragraph_scoreT_avg": 2.9333334,
        "paragraph_id": "001"
      }
    ],
    "essay_scoreT": [
      30,
      27.6,
      30
    ],
    "essay_scoreT_avg": 29.199999,
    "essay_scoreT_detail": {
      "essay_scoreT_org": [
        [
          3,
          0,
          3,
          3
        ],
        [
          2,
          0,
          3,
          3
        ],
        [
          3,
          0,
          3,
          3
        ]
      ],
      "essay_scoreT_cont": [
        [
          3,
          3,
          3,
          3
        ],
        [
          3,
          3,
          3,
          3
        ],
        [
          3,
          3,
          3,
          3
        ]
      ],
      "essay_scoreT_exp": [
        [
          3,
          3,
          3
        ],
        [
          2,
          3,
          3
        ],
        [
          3,
          3,
          3
        ]
      ]
    }
  },
  "student": {
    "date": "2021.12.13",
    "student_educated": true,
    "student_grade": "고등_1학년",
    "location": "063",
    "student_grade_group": "고등",
    "student_reading": 2
  },
  "rubric": {
    "essay_grade": "고등_1학년",
    "organization_weight": {
      "org_paragraph": 0,
      "org": 3,
      "org_essay": 6,
      "org_coherence": 3,
      "org_quantity": 1
    },
    "essay_type": "대안제시",
    "content_weight": {
      "con_clearance": 3,
      "con_novelty": 3,
      "con": 4,
      "con_prompt": 1,
      "con_description": 3
    },
    "essay_main_subject": "혐오시설 건설문제에 대한 본인의 생각",
    "expression_weight": {
      "exp_style": 4,
      "exp_grammar": 2,
      "exp_vocab": 4,
      "exp": 3
    }
  },
  "correction": [],
  "info": {
    "essay_id": "ESSAY_61330",
    "essay_prompt": " 혐오 시설이란 지역 주민에게 공포감이나 고통을 주거나, 주변 지역의 쾌적성이 훼손됨으로써 집값이나 땅값이 내려가는 등 부정적인 외부효과를 유발하는 시설을 의미합니다.\n\n 대표적인 혐오 시설에는 쓰레기 매립장, 원자력발전소, 소각장, 유류저장소 등이 있습니다.\n\n 매립지, 소각장, 쓰레기 하치장 같은 혐오 시설은 그리 위험하지는 않지만, 쓰레기를 취급한다는 점에서 혐오감을 주며, 주변 환경오염 문제가 갈등을 일으킵니다. 특히 소각장은 인구밀도가 높은 대도시에 건설된다는 점에서 반대 운동이 일기도 합니다.\n\n 그런데 서로 반대만 하다 보면 입지를 찾지 못해 결국 모든 주민의 삶의 질이 저하될 수 있습니다.\n\n 정부 차원에서 가장 적절한 장소를 선별하여 건설 후 주변 사람들에게 혜택을 주는 방식이 적절한 방법일까요? 아니면 혐오 시설만을 모아둔 부지를 따로 정해서 건설해야 할까요? 아니면 모든 도시가 공평하게 혐오 시설 건설에 대한 부담을 지니고 하나씩 건설해야 할까요?\n\n 모두가 만족할만한 결과를 내기란 정말 어려운 문제이지만 여러분이 생각하는 가장 합리적이고 좋은 방법을 생각해보세요. 그리고 그 방법을 대안으로 제시하고 그 근거에 대해 작성해주세요.",
    "essay_type": "대안제시",
    "essay_level": "1",
    "essay_len": 982,
    "essay_main_subject": "혐오시설 건설문제에 대한 본인의 생각"
  }
}