{
  "paragraph": [
    {
      "paragraph_txt": "저는 고용 및 직장생활에서의 양성불평등이 있다고 생각합니다.#@문장구분#  제가 그렇게 생각한이유는 첫째, 여성은 고용차별을 받습니다.#@문장구분# 대다수의 여성들은 노동할 기회가 지극히 제한되어 불가피하게 ' 여성적인 일'로 여겨지는 단순 미숙련직과 남성보조직에 취업하게 됩니다.#@문장구분#둘째, 여성들은 가장 중요한 차별이라 할 수 있는 임금 차별을 받습니다.#@문장구분# 그 차이가 세계 어느 나라보 다도 심해서 선진국은 말할 것도 없으며, 우리 나라보다 못 사는 나라에 비해서도 차별이 심한 편입니다.#@문장구분#셋째, 여성들은 불안정 고용상태에 놓여있습니다.#@문장구분# 결혼, 임신, 출산이 곧바로 해고의 이유가 되기도 하 고, 심지어는 윗사람에게 공손하지 않았다는 사소한 이유로 해고되는 여성도 있습니다.#@문장구분#그리고 저는 가족에서도 양성불평등이 있을수도 있다고 생각합니다.#@문장구분#\n그 이유는 많은 부모들이 전통적인 성역할에 따라 자녀를 양육하는데, 딸에게는 주로 어머니의 일을 시키고 아들에게는 주로 아버지의 일을 시킵니다.#@문장구분# 그리고 자녀가 자신의 성에 적합하다고 생각되는 행동을 하면 적극적으로 보상하고 권장하며, 그렇지 않은 행동을 하면 탐탁지 않게 여기거나 벌을 내리기도 합니다.#@문장구분# 예를 들어 아들에게 자율성과 성취, 경쟁, 감정 통제를 더욱 강화하고 딸에게는 의존성이나 다소곳한 태도, 타인에 대한 배려를 더 많이 강화하는데, 보통 딸보다는 아들에게 이와 같은 사회화의 압력을 더 많이 행사하는 것으로 보입니다.#@문장구분#저는 양성평등 문제가 점점 없어져야 된다고 생각하고, 이 문제가 없어질려면 어릴때부터 양성평등에 대한 문제를 교육을 자주 시킨다면 점점 양성평등 문제가 사라질것이라고 생각합니다.#@문장구분#",
      "paragraph_len": 1034,
      "paragraph_id": "001"
    }
  ],
  "score": {
    "paragraph_score": [
      {
        "paragraph_scoreT": [
          2.8,
          2.4,
          2.4
        ],
        "paragraph_scoreT_detail": {
          "paragraph_scoreT_exp": [
            [
              2,
              3,
              3
            ],
            [
              2,
              2,
              3
            ],
            [
              2,
              2,
              3
            ]
          ]
        },
        "paragraph_scoreT_avg": 2.5333333,
        "paragraph_id": "001"
      }
    ],
    "essay_scoreT": [
      29.4,
      22.400002,
      24.2
    ],
    "essay_scoreT_avg": 25.333334,
    "essay_scoreT_detail": {
      "essay_scoreT_org": [
        [
          3,
          0,
          3,
          3
        ],
        [
          2,
          0,
          2,
          2
        ],
        [
          3,
          0,
          2,
          2
        ]
      ],
      "essay_scoreT_cont": [
        [
          3,
          3,
          3,
          3
        ],
        [
          3,
          2,
          2,
          2
        ],
        [
          2,
          2,
          2,
          3
        ]
      ],
      "essay_scoreT_exp": [
        [
          2,
          3,
          3
        ],
        [
          2,
          2,
          3
        ],
        [
          2,
          2,
          3
        ]
      ]
    }
  },
  "student": {
    "date": "2021.11.12",
    "student_educated": true,
    "student_grade": "고등_1학년",
    "location": "054",
    "student_grade_group": "고등",
    "student_reading": 1
  },
  "rubric": {
    "essay_grade": "고등_1학년",
    "organization_weight": {
      "org_paragraph": 0,
      "org": 3,
      "org_essay": 6,
      "org_coherence": 3,
      "org_quantity": 1
    },
    "essay_type": "대안제시",
    "content_weight": {
      "con_clearance": 3,
      "con_novelty": 3,
      "con": 4,
      "con_prompt": 1,
      "con_description": 3
    },
    "essay_main_subject": "남녀 갈등 해결 방안",
    "expression_weight": {
      "exp_style": 4,
      "exp_grammar": 2,
      "exp_vocab": 4,
      "exp": 3
    }
  },
  "correction": [],
  "info": {
    "essay_id": "ESSAY_44863",
    "essay_prompt": " 남녀 갈등은 최근 우리 사회에서 가장 뜨거운 이슈 중 하나입니다. 이러한 갈등은 아직 간극을 좁히지 못하고 현재 사회적인 문제로 자리 잡았습니다.\n\n 군 가산점 문제, 일자리 문제 등 여러 가지 비교 자료들을 토대로 토론을 하고 이를 통해 갈등을 해결하고자 하는 노력이 이루어지고 있습니다.\n\n 과거에는 성차별 심했던 시기가 있었습니다. 여자와 남자를 구별 지어 일을 주는 경우도 많았습니다. 하지만, 현재는 여자와 남자라는 성별을 떠나서 나이, 국적을 불문하고 모두에게 평등한 기회를 주기 위해 노력하고 있습니다.\n\n 이렇게 모두의 노력에도 불구하고 아직 해결되지 않았거나 해결될 기미가 보이지 않는 양성평등 문제가 있을까요?\n\n 아주 작은 사소한 일이라도 좋습니다. 여러분이 생각하는 우리 주변의 양성평등 문제를 하나 작성해보고 어떻게 해결할 수 있을지 혹은 무엇이 바뀌어야 해결될 것 같은지 본인의 생각을 설명해주세요. ",
    "essay_type": "대안제시",
    "essay_level": "1",
    "essay_len": 794,
    "essay_main_subject": "남녀 갈등 해결 방안"
  }
}