{
  "paragraph": [
    {
      "paragraph_txt": "혐오시설은 인간이 조금 더 편리한 생활을 누리기 위하여 발생한 환경오염문제에 따른 불가피한 문제의 결과이다.#@문장구분# 제시문에서 소개된 쓰레기 매립장, 소각장 등 이외에 교도소, 소년원 등도 혐오 시설이라고 할 수 있는데, 모두가 익히 알고 있다시피, 혐오 시설의 건설 반대는 대부분 쾌적성 훼손과 집값 하락 때문이라는 이유로 일어나게 된다.#@문장구분# 이에 따라 불가피하게 설치해야만 하는 혐오시설을 과연 어디에 건설을 해야 할지가 가장 큰 문제라고 할 수 있는데, 이에 따른 해결책을 찾아보려고 한다.#@문장구분# ",
      "paragraph_len": 332,
      "paragraph_id": "001"
    },
    {
      "paragraph_txt": " 본인은 혐오 시설만을 모아둔 부지를 따로 정해서 탈영토화 하되 탈코드화 하여 건설해야 한다고 본다.#@문장구분# '정부 차원에서 가장 적절한 장소'라는 기준은 모호하다.#@문장구분# 아무리 적절한 장소를 선별한다 한들 헌법에 명시되어 있는 국민들의 기본 권리를 침해할 수밖에 없기 때문에 주민과의 합의 과정에서 불필요한 시간과 비용이 소모될 우려가 있다.#@문장구분# 현재 개발이 되지 않은 지역들 중 아무것도 건설되지 않은 채 개발을 '기다리고'만 있는 토지들이 여러 군데 있다.#@문장구분# 따라서 정부에서는 이 토지에 혐오시설을 건설하여 주민들의 삶의 질 저하를 최소화할 수 있도록 해야 함과 동시에 마을구조와 비슷한 '덴마크 스트로스트룀 교도소', 톱니바퀴 모양의 '아이슬란드 여성교도소', 블록 단위의 '아이오와 여자교도소', 캠버스 형태의 '라스콜리나스 구금 및 재입국시설'과 같이 전형적인 혐오시설의 탈구조화를 통해 일반인의 혐오감을 감소시키고, 교정시설의 교화와 사회적응을 고려하여 탈영토화되 탈구조화여 건강한 이미지로 네트워크 되어야 한다.#@문장구분#",
      "paragraph_len": 608,
      "paragraph_id": "002"
    },
    {
      "paragraph_txt": " 남양주시의 에코-랜드 사례의 경우에는 쓰레기 매립장을 건설할 때 주민들의 매립장에 대한 혐오감을 없애기 위해서 친환경적인 토지라는 의미의 에코-랜드라는 명칭을 사용하고, 건설과 법원 판결 이후에도 주민과의 갈등을 합리적으로 해결하고자 적극적인 대화, 주민설명회, 견학 등의 노력을 기울인 결과 주민들과의 문제가 해결될 수 있었으며, 환경시설 입지과정에서의 공공갈등 관리의 성공적인 사례로 꼽히고 있다.#@문장구분# 경제적 요인, 불확실성 요인에 관한 관리, 참여적 갈등요인에 대한 관리, 환경적 요인에 관한 관리로 분쟁을 조정하고 갈등을 해소시킬 수 있었던 사례이다.#@문장구분#",
      "paragraph_len": 351,
      "paragraph_id": "003"
    },
    {
      "paragraph_txt": " 위 두 사례를 토대로 혐오시설 건설에 대한 해결책을 제시하려고 한다.#@문장구분# 첫째, 혐오시설의 탈영토화 및 탈구조화를 하는 것이다.#@문장구분# 구조적이고 전형적인 기존의 시설의 형태로는 일반인의 혐오감은 물론이고 건강한 네트워크 및 재사회화 또한 기대하기 어렵다. #@문장구분#둘째,'혐오시설'의 단어 사용을 자제하는 것이다.#@문장구분# 주민들의 입장에서 쓰레기 매립장과 같은 시설들은 충분히 혐오시설이 될 수도 있으나 사회적인 측면에서 볼 때는 꼭 필요한 장소라고 할 수 있다. #@문장구분#이에 따라 주민들의 인식을 변화시키기 위하여 '에코-랜드'와 같은 친환경적인 용어를 사용하고, 해당 지역주민과의 지속적인 갈등해소를 위해 노력해야 한다.#@문장구분# 셋째, 혐오시설의 '박물관화'를 진행하는 것도 좋은 방법이 될 수 있다.#@문장구분# 견학이나 체험공간을 마련하여, 혐오 시설에 대한 안 좋은 인식을 변화시키고 학생들에게 환경에 대한 교육을 진행할 수 있는 일석이조의 효과를 기대할 수 있다는 것이 장점이다.#@문장구분# 넷째, 혐오시설이 건설되는 지역의 주민들에게 일정 금액의 보조금을 지급하는 것이다.#@문장구분# 코로나-19 시대가 시작된 이후, 정부에서는 각 도별로 생활지원금을 지급하는 정책을 실시하였다.#@문장구분# 이에 따라 국민들은 지급된 생활지원금을 생필품, 문화생활 소비 등에 사용하였으며 이를 통해 지역 경제 성장의 효과를 관찰할 수 있었다.#@문장구분# 만약 혐오시설이 건설되고, 해당 지역 주민들에게 보조금을 지급하는 정책을 실시하게 된다면 생활지원금 지급 정책과 같은 경제 성장의 효과를 일부 기대할 수 있을 것이다.#@문장구분# 혐오시설은 집값을 떨어뜨리고 주민들의 삶의 질을 저하시키기만 하는 존재가 아닌, 더 나은 환경 조성과 주민들의 안전 및 생활에 대한 효율적인 방안을 실천하는 시설이다.#@문장구분# 우리는 '혐오시설'에 대한 인을 변화하고, 꾸준한 교육 및 활동을 통해 혐오시설에 대한 인식개선과 부차적 갈등해소를 통한 관계를 지속하여야 한다.#@문장구분#",
      "paragraph_len": 1197,
      "paragraph_id": "004"
    }
  ],
  "score": {
    "paragraph_score": [
      {
        "paragraph_scoreT": [
          3,
          3,
          3
        ],
        "paragraph_scoreT_detail": {
          "paragraph_scoreT_exp": [
            [
              3,
              3,
              3
            ],
            [
              3,
              3,
              3
            ],
            [
              3,
              3,
              3
            ]
          ]
        },
        "paragraph_scoreT_avg": 3,
        "paragraph_id": "001"
      },
      {
        "paragraph_scoreT": [
          3,
          3,
          2.6
        ],
        "paragraph_scoreT_detail": {
          "paragraph_scoreT_exp": [
            [
              3,
              3,
              3
            ],
            [
              3,
              3,
              3
            ],
            [
              3,
              2,
              3
            ]
          ]
        },
        "paragraph_scoreT_avg": 2.8666668,
        "paragraph_id": "002"
      },
      {
        "paragraph_scoreT": [
          3,
          3,
          3
        ],
        "paragraph_scoreT_detail": {
          "paragraph_scoreT_exp": [
            [
              3,
              3,
              3
            ],
            [
              3,
              3,
              3
            ],
            [
              3,
              3,
              3
            ]
          ]
        },
        "paragraph_scoreT_avg": 3,
        "paragraph_id": "003"
      },
      {
        "paragraph_scoreT": [
          3,
          3,
          2.6
        ],
        "paragraph_scoreT_detail": {
          "paragraph_scoreT_exp": [
            [
              3,
              3,
              3
            ],
            [
              3,
              3,
              3
            ],
            [
              3,
              2,
              3
            ]
          ]
        },
        "paragraph_scoreT_avg": 2.8666668,
        "paragraph_id": "004"
      }
    ],
    "essay_scoreT": [
      27,
      30,
      28.8
    ],
    "essay_scoreT_avg": 28.6,
    "essay_scoreT_detail": {
      "essay_scoreT_org": [
        [
          2,
          0,
          3,
          3
        ],
        [
          3,
          0,
          3,
          3
        ],
        [
          3,
          0,
          3,
          3
        ]
      ],
      "essay_scoreT_cont": [
        [
          3,
          2,
          3,
          3
        ],
        [
          3,
          3,
          3,
          3
        ],
        [
          3,
          3,
          3,
          3
        ]
      ],
      "essay_scoreT_exp": [
        [
          3,
          3,
          3
        ],
        [
          3,
          3,
          3
        ],
        [
          3,
          2,
          3
        ]
      ]
    }
  },
  "student": {
    "date": "2021.12.07",
    "student_educated": true,
    "student_grade": "고등_1학년",
    "location": "031",
    "student_grade_group": "고등",
    "student_reading": 2
  },
  "rubric": {
    "essay_grade": "고등_1학년",
    "organization_weight": {
      "org_paragraph": 0,
      "org": 3,
      "org_essay": 6,
      "org_coherence": 3,
      "org_quantity": 1
    },
    "essay_type": "대안제시",
    "content_weight": {
      "con_clearance": 3,
      "con_novelty": 3,
      "con": 4,
      "con_prompt": 1,
      "con_description": 3
    },
    "essay_main_subject": "혐오시설 건설문제에 대한 본인의 생각",
    "expression_weight": {
      "exp_style": 4,
      "exp_grammar": 2,
      "exp_vocab": 4,
      "exp": 3
    }
  },
  "correction": [],
  "info": {
    "essay_id": "ESSAY_57083",
    "essay_prompt": " 혐오 시설이란 지역 주민에게 공포감이나 고통을 주거나, 주변 지역의 쾌적성이 훼손됨으로써 집값이나 땅값이 내려가는 등 부정적인 외부효과를 유발하는 시설을 의미합니다.\n\n 대표적인 혐오 시설에는 쓰레기 매립장, 원자력발전소, 소각장, 유류저장소 등이 있습니다.\n\n 매립지, 소각장, 쓰레기 하치장 같은 혐오 시설은 그리 위험하지는 않지만, 쓰레기를 취급한다는 점에서 혐오감을 주며, 주변 환경오염 문제가 갈등을 일으킵니다. 특히 소각장은 인구밀도가 높은 대도시에 건설된다는 점에서 반대 운동이 일기도 합니다.\n\n 그런데 서로 반대만 하다 보면 입지를 찾지 못해 결국 모든 주민의 삶의 질이 저하될 수 있습니다.\n\n 정부 차원에서 가장 적절한 장소를 선별하여 건설 후 주변 사람들에게 혜택을 주는 방식이 적절한 방법일까요? 아니면 혐오 시설만을 모아둔 부지를 따로 정해서 건설해야 할까요? 아니면 모든 도시가 공평하게 혐오 시설 건설에 대한 부담을 지니고 하나씩 건설해야 할까요?\n\n 모두가 만족할만한 결과를 내기란 정말 어려운 문제이지만 여러분이 생각하는 가장 합리적이고 좋은 방법을 생각해보세요. 그리고 그 방법을 대안으로 제시하고 그 근거에 대해 작성해주세요.",
    "essay_type": "대안제시",
    "essay_level": "1",
    "essay_len": 2015,
    "essay_main_subject": "혐오시설 건설문제에 대한 본인의 생각"
  }
}