{
  "paragraph": [
    {
      "paragraph_txt": "최근 20년간 운영해오던 쓰레기 매립지를 새로운 곳으로 옮겨야한다.#@문장구분# 폐기물 처리정책으로 더 이상 쓰레기를 땅에 묻을 수 없는 상황도 더해졌다.#@문장구분# 땅에 묻으면 자원 낭비, 시간 낭비가 되고 환경 오염도 유발하기 때문이다.#@문장구분# 따라서 무조건 쓰레기를 소각해야 하는 상황에서 아무도 자신의 동네에는 매립지가 지어지면 안된다는 의견이다.#@문장구분# 즉, 님비증후군이다.#@문장구분# 유해시설은 꼭 필요하지만 자신의 동네에서는 안된다는 이기적인 현상을 말한다.#@문장구분# 이런한 문제를 해결하기 위해서 우리는 민주적인 생각을 가지고 문제에 접급해야 한다.#@문장구분#",
      "paragraph_len": 423,
      "paragraph_id": "001"
    },
    {
      "paragraph_txt": " 첫 째, 넓은 시각으로 문제를 바라보는 관점을 가져야 한다.#@문장구분# 자신의 피해만 생각하기 보다는 사회의 문제, 우리나라의 상황을 더 들여다보는 방법으로 접근하는 것이다.#@문장구분# 나무보다는 숲을 보는 시각이 모인다면 문제를 충분히 해결할 수 있을 것이다.#@문장구분# ",
      "paragraph_len": 196,
      "paragraph_id": "002"
    },
    {
      "paragraph_txt": " 두 번째로 상호 의존적으로 사람들에게 다가가는 방법이다.#@문장구분# 악하고 강압적으로 요구하기 보다는 대화와 타협을 해야한다.#@문장구분# 사람들의 의견을 듣고 그 중간점을 찾아서 잘 타협을 한다면 사람들과 사회 모두가 만족하는 방법으로 문제를 해결할 수 있을 것이다.#@문장구분# ",
      "paragraph_len": 199,
      "paragraph_id": "003"
    },
    {
      "paragraph_txt": " 세 번째로 이러한 유해시설을 짓게되는 동네의 주민들에게 사전보상, 사후배상을 철저히 해주는 것이다.#@문장구분# 남들을 배려해주는 만큼 그만큼 혜택도 있으면 사람들도 만족하는 사회에서 살 수 있을 것이다.#@문장구분# 예를 들면 우리나라의 한 지역에서는 쓰레기 소각장을 짓는 대신 사람들에게 친환경 에너지를 사용한 온수를 무상으로 제공해주었다고 한다.#@문장구분# 이런 사회 보상이 있다면 우리 모두가 만족하는 민주적인 사회가 될 수 있을 것이다.#@문장구분#",
      "paragraph_len": 310,
      "paragraph_id": "004"
    }
  ],
  "score": {
    "paragraph_score": [
      {
        "paragraph_scoreT": [
          3,
          3,
          2.8
        ],
        "paragraph_scoreT_detail": {
          "paragraph_scoreT_exp": [
            [
              3,
              3,
              3
            ],
            [
              3,
              3,
              3
            ],
            [
              2,
              3,
              3
            ]
          ]
        },
        "paragraph_scoreT_avg": 2.9333334,
        "paragraph_id": "001"
      },
      {
        "paragraph_scoreT": [
          3,
          3,
          3
        ],
        "paragraph_scoreT_detail": {
          "paragraph_scoreT_exp": [
            [
              3,
              3,
              3
            ],
            [
              3,
              3,
              3
            ],
            [
              3,
              3,
              3
            ]
          ]
        },
        "paragraph_scoreT_avg": 3,
        "paragraph_id": "002"
      },
      {
        "paragraph_scoreT": [
          3,
          3,
          3
        ],
        "paragraph_scoreT_detail": {
          "paragraph_scoreT_exp": [
            [
              3,
              3,
              3
            ],
            [
              3,
              3,
              3
            ],
            [
              3,
              3,
              3
            ]
          ]
        },
        "paragraph_scoreT_avg": 3,
        "paragraph_id": "003"
      },
      {
        "paragraph_scoreT": [
          3,
          3,
          3
        ],
        "paragraph_scoreT_detail": {
          "paragraph_scoreT_exp": [
            [
              3,
              3,
              3
            ],
            [
              3,
              3,
              3
            ],
            [
              3,
              3,
              3
            ]
          ]
        },
        "paragraph_scoreT_avg": 3,
        "paragraph_id": "004"
      }
    ],
    "essay_scoreT": [
      26.900002,
      25.5,
      25.699999
    ],
    "essay_scoreT_avg": 26.033333,
    "essay_scoreT_detail": {
      "essay_scoreT_org": [
        [
          3,
          0,
          3,
          2
        ],
        [
          2,
          0,
          3,
          2
        ],
        [
          2,
          0,
          2,
          3
        ]
      ],
      "essay_scoreT_cont": [
        [
          3,
          2,
          2,
          2
        ],
        [
          3,
          2,
          3,
          2
        ],
        [
          3,
          2,
          2,
          3
        ]
      ],
      "essay_scoreT_exp": [
        [
          3,
          3,
          3
        ],
        [
          3,
          3,
          3
        ],
        [
          3,
          3,
          3
        ]
      ]
    }
  },
  "student": {
    "date": "2021.09.03",
    "student_educated": true,
    "student_grade": "고등_1학년",
    "location": "051",
    "student_grade_group": "고등",
    "student_reading": 1
  },
  "rubric": {
    "essay_grade": "고등_1학년",
    "organization_weight": {
      "org_paragraph": 0,
      "org": 3,
      "org_essay": 6,
      "org_coherence": 3,
      "org_quantity": 1
    },
    "essay_type": "대안제시",
    "content_weight": {
      "con_clearance": 3,
      "con_novelty": 3,
      "con": 4,
      "con_prompt": 1,
      "con_description": 3
    },
    "essay_main_subject": "혐오시설 건설문제에 대한 본인의 생각",
    "expression_weight": {
      "exp_style": 4,
      "exp_grammar": 2,
      "exp_vocab": 4,
      "exp": 3
    }
  },
  "correction": [],
  "info": {
    "essay_id": "ESSAY_33837",
    "essay_prompt": " 혐오 시설이란 지역 주민에게 공포감이나 고통을 주거나, 주변 지역의 쾌적성이 훼손됨으로써 집값이나 땅값이 내려가는 등 부정적인 외부효과를 유발하는 시설을 의미합니다.\n\n 대표적인 혐오 시설에는 쓰레기 매립장, 원자력발전소, 소각장, 유류저장소 등이 있습니다.\n\n 매립지, 소각장, 쓰레기 하치장 같은 혐오 시설은 그리 위험하지는 않지만, 쓰레기를 취급한다는 점에서 혐오감을 주며, 주변 환경오염 문제가 갈등을 일으킵니다. 특히 소각장은 인구밀도가 높은 대도시에 건설된다는 점에서 반대 운동이 일기도 합니다.\n\n 그런데 서로 반대만 하다 보면 입지를 찾지 못해 결국 모든 주민의 삶의 질이 저하될 수 있습니다.\n\n 정부 차원에서 가장 적절한 장소를 선별하여 건설 후 주변 사람들에게 혜택을 주는 방식이 적절한 방법일까요? 아니면 혐오 시설만을 모아둔 부지를 따로 정해서 건설해야 할까요? 아니면 모든 도시가 공평하게 혐오 시설 건설에 대한 부담을 지니고 하나씩 건설해야 할까요?\n\n 모두가 만족할만한 결과를 내기란 정말 어려운 문제이지만 여러분이 생각하는 가장 합리적이고 좋은 방법을 생각해보세요. 그리고 그 방법을 대안으로 제시하고 그 근거에 대해 작성해주세요.",
    "essay_type": "대안제시",
    "essay_level": "1",
    "essay_len": 795,
    "essay_main_subject": "혐오시설 건설문제에 대한 본인의 생각"
  }
}