{
  "paragraph": [
    {
      "paragraph_txt": "우리 사회는 현재 양성평등에 대한 문제가 많이 있다.#@문장구분# 그 중 하나는 여성의 육아휴직에 따른 경력단절이다.#@문장구분# 여성은 임신을 하게되면 대부분의 여성이 경력단절을 겪게된다.#@문장구분# 또한 경력단절이고 애엄마라는 타이틀 때문에 재취업이 되지도 않는다.#@문장구분# 이러한 문제는 어떻게 해결하면 좋을까?#@문장구분#\n 나는 전에 친구와 이러한 주제로 이야기를 나눈적이 있다.#@문장구분# 그 친구는 여성이 경력 단절이 되기 싫으면 아기를 낳으면 안 된다고 생각을 했다.#@문장구분# 그러면서 아기도 낳고 싶고, 경력이 단절되기 싫다는 건 개인의 욕심이라고 하였다.#@문장구분# 내가 여자라서 그럴지는 몰라도 이러한 말을 듣고 기분이 나빴다.#@문장구분# 내가 일을 하고 싶으면 아기를 포기하고 , 아기를 얻기 위해서는 내 사회적 지위를 포기하라는 말로 들렸다.#@문장구분# \n 남녀가 결혼을 하고 아기를 가지게 되었다.#@문장구분# 아기를 낳게 되었고 그러한 과정에서 여성은 무조건적으로 경력단절을 겪는다.#@문장구분# 하지만 남성은 선택적이다.#@문장구분# 이러한 부분으로 인해 많은 여성들이 아기를 낳기 싫어하고, 회사에서도 아기를 낳을 사람이나, 아기가 있는 사람은 잘 뽑으려고 하지 않는다.#@문장구분# \n 회사 입장에서는 이해가 가지만 나는 이러한 현상 자체가 남녀 불평등이라고 생각한다.#@문장구분# 하지만 그렇다고 아기를 낳으며 일을 쉬는 동안에도 경력으로 인정해달라고 하는 것은 이기적이라는 생각이 든다.#@문장구분# \n 이러한 문제를 어떻게 해결할 수 있을까?라는 생각을 하였다.#@문장구분# \n 육아휴직을 가는 여성들에게 퇴사를 하라는 압박을 주지 않고, 육아휴직 제도가 모든 기업에 안정적으로 정착되어 있다면 문제가 해결되지 않을까? 생각하였다.#@문장구분# 또한 기업에서 지원자가 결혼을 했는지, 아기가 있는지 등 배경을 보지 않고 단순히 그 지원자의 경력, 능력만 보고 뽑는다면 괜찮지 않을까? 라는 생각을 하였다.#@문장구분# 나는 육아휴직 이후에 겪게 될 취업난을 해결해주면 육아휴직에 대한 여성의 경력단절 문제가 조금은 해결될 것이라고 생각한다.#@문장구분#",
      "paragraph_len": 1327,
      "paragraph_id": "001"
    }
  ],
  "score": {
    "paragraph_score": [
      {
        "paragraph_scoreT": [
          2.8,
          3,
          3
        ],
        "paragraph_scoreT_detail": {
          "paragraph_scoreT_exp": [
            [
              2,
              3,
              3
            ],
            [
              3,
              3,
              3
            ],
            [
              3,
              3,
              3
            ]
          ]
        },
        "paragraph_scoreT_avg": 2.9333334,
        "paragraph_id": "001"
      }
    ],
    "essay_scoreT": [
      29.4,
      30,
      30
    ],
    "essay_scoreT_avg": 29.800001,
    "essay_scoreT_detail": {
      "essay_scoreT_org": [
        [
          3,
          0,
          3,
          3
        ],
        [
          3,
          0,
          3,
          3
        ],
        [
          3,
          0,
          3,
          3
        ]
      ],
      "essay_scoreT_cont": [
        [
          3,
          3,
          3,
          3
        ],
        [
          3,
          3,
          3,
          3
        ],
        [
          3,
          3,
          3,
          3
        ]
      ],
      "essay_scoreT_exp": [
        [
          2,
          3,
          3
        ],
        [
          3,
          3,
          3
        ],
        [
          3,
          3,
          3
        ]
      ]
    }
  },
  "student": {
    "date": "2021.12.09",
    "student_educated": true,
    "student_grade": "고등_1학년",
    "location": "063",
    "student_grade_group": "고등",
    "student_reading": 1
  },
  "rubric": {
    "essay_grade": "고등_1학년",
    "organization_weight": {
      "org_paragraph": 0,
      "org": 3,
      "org_essay": 6,
      "org_coherence": 3,
      "org_quantity": 1
    },
    "essay_type": "대안제시",
    "content_weight": {
      "con_clearance": 3,
      "con_novelty": 3,
      "con": 4,
      "con_prompt": 1,
      "con_description": 3
    },
    "essay_main_subject": "남녀 갈등 해결 방안",
    "expression_weight": {
      "exp_style": 4,
      "exp_grammar": 2,
      "exp_vocab": 4,
      "exp": 3
    }
  },
  "correction": [],
  "info": {
    "essay_id": "ESSAY_61696",
    "essay_prompt": " 남녀 갈등은 최근 우리 사회에서 가장 뜨거운 이슈 중 하나입니다. 이러한 갈등은 아직 간극을 좁히지 못하고 현재 사회적인 문제로 자리 잡았습니다.\n\n 군 가산점 문제, 일자리 문제 등 여러 가지 비교 자료들을 토대로 토론을 하고 이를 통해 갈등을 해결하고자 하는 노력이 이루어지고 있습니다.\n\n 과거에는 성차별 심했던 시기가 있었습니다. 여자와 남자를 구별 지어 일을 주는 경우도 많았습니다. 하지만, 현재는 여자와 남자라는 성별을 떠나서 나이, 국적을 불문하고 모두에게 평등한 기회를 주기 위해 노력하고 있습니다.\n\n 이렇게 모두의 노력에도 불구하고 아직 해결되지 않았거나 해결될 기미가 보이지 않는 양성평등 문제가 있을까요?\n\n 아주 작은 사소한 일이라도 좋습니다. 여러분이 생각하는 우리 주변의 양성평등 문제를 하나 작성해보고 어떻게 해결할 수 있을지 혹은 무엇이 바뀌어야 해결될 것 같은지 본인의 생각을 설명해주세요. ",
    "essay_type": "대안제시",
    "essay_level": "1",
    "essay_len": 927,
    "essay_main_subject": "남녀 갈등 해결 방안"
  }
}