{
  "paragraph": [
    {
      "paragraph_txt": "21세기 현재 우리들은 최근 주위에서 '양성평등'이라는 단어를 심심찮지 않게 보게 됩니다.#@문장구분# 양성평등을 논하기에 앞서 권리평등과 의무평등이 다름을 알아야 합니다.#@문장구분#  많은 남성들은 여성들이 양성평등을 주장하면 가장 먼저 이렇게 주장한다. #@문장구분#\"그렇다면 여자도 군대를 가야지!\"그러면 잠시 여성들의 말문은 막히게 된다. #@문장구분#그건 뭔가 아닌 것 같지만 이론적으로 보면 그래야 양성이 평등하기 때문이다.#@문장구분# 하지만 나는 그 주장이 평등하지 않다는 것에 대해 생각하다가 권리가 평등한 것과 의무가 평등한 것은 다르다는 것을 깨달았다. #@문장구분#남녀차별의 원인은 서로 다른 대우, 즉 권리를 남성 쪽에게 더 많이 부여한다는 것에 있다. #@문장구분#차별받는 여성들이 원하는 것은 그 권리를 똑같이 달라는 요구이다. #@문장구분# 그러나 남녀가 아무리 평등하다고는 하나 신체적으로 주어지는 조건은 다르다.#@문장구분# 대부분 남성의 몸과 체력은 여성보다 더 강하니 당연히 가혹한 군역의 의무를 가져야 한다.#@문장구분# 권리와는 상관없이 그 고유한 성이 가진 특징이 의무의 이유가 되는 것이다.#@문장구분# 소수의 체력 좋은 여성들을 위한 여군도 있는데 도대체 무엇이 불공평하다는 것인가.#@문장구분# 만일 그것조차 남녀차별이라면 남자는 왜 아기를 낳지 않는 거냐고 해도 할 말은 없다.#@문장구분# 양성평등의 구분을 정확하게 짓고 바르게 행하는 것이 무엇보다 중요하다.#@문장구분# 앞서 말한, 내가 생각하는 가장 중요한 양성평등의 대안은 틀에 박힌 남성상,여성상을 버리는 것, 여성에 대한 엄격함을 없애는 것, 그리고 권리평등과 의무평등이 다름을 알고 양성평등을 바르게 행하는 것이다.#@문장구분# 예부터 우리 조상들은 남존여비의 사상을 받들어 여성들을 차별했고 그 전통이 그대로 이어져 지금의 사회까지 물들여 졌다.#@문장구분# 하다못해 우리는 그것이 차별인지도 모르고 당사자인 여성들까지 당연하다고 생각한다.#@문장구분# 소수의 여성들이 양성평등한 사회를 완성하고자 노력하는데도 아직 많은 사람들이 그들에게 무관심한 눈길을 보내는 실정이니 이 문제가 선진국에 비해 뒤쳐질 수밖에 없다.#@문장구분# 남녀가 상호협조와 이해라는 끈으로 사소한 일상의 일부터 조금씩 자신과 사회를 엮어나간다면 어느새 완전한 양성평등의 사회에서 살고 있는 우리들을 발견하게 될 것이다.#@문장구분#",
      "paragraph_len": 1435,
      "paragraph_id": "001"
    }
  ],
  "score": {
    "paragraph_score": [
      {
        "paragraph_scoreT": [
          2.6,
          3,
          3
        ],
        "paragraph_scoreT_detail": {
          "paragraph_scoreT_exp": [
            [
              3,
              3,
              2
            ],
            [
              3,
              3,
              3
            ],
            [
              3,
              3,
              3
            ]
          ]
        },
        "paragraph_scoreT_avg": 2.8666668,
        "paragraph_id": "001"
      }
    ],
    "essay_scoreT": [
      18.9,
      28.4,
      30
    ],
    "essay_scoreT_avg": 25.766668,
    "essay_scoreT_detail": {
      "essay_scoreT_org": [
        [
          2,
          0,
          2,
          3
        ],
        [
          3,
          0,
          3,
          3
        ],
        [
          3,
          0,
          3,
          3
        ]
      ],
      "essay_scoreT_cont": [
        [
          1,
          2,
          0,
          1
        ],
        [
          3,
          2,
          2,
          3
        ],
        [
          3,
          3,
          3,
          3
        ]
      ],
      "essay_scoreT_exp": [
        [
          3,
          3,
          2
        ],
        [
          3,
          3,
          3
        ],
        [
          3,
          3,
          3
        ]
      ]
    }
  },
  "student": {
    "date": "2021.12.13",
    "student_educated": true,
    "student_grade": "고등_1학년",
    "location": "063",
    "student_grade_group": "고등",
    "student_reading": 2
  },
  "rubric": {
    "essay_grade": "고등_1학년",
    "organization_weight": {
      "org_paragraph": 0,
      "org": 3,
      "org_essay": 6,
      "org_coherence": 3,
      "org_quantity": 1
    },
    "essay_type": "대안제시",
    "content_weight": {
      "con_clearance": 3,
      "con_novelty": 3,
      "con": 4,
      "con_prompt": 1,
      "con_description": 3
    },
    "essay_main_subject": "남녀 갈등 해결 방안",
    "expression_weight": {
      "exp_style": 4,
      "exp_grammar": 2,
      "exp_vocab": 4,
      "exp": 3
    }
  },
  "correction": [],
  "info": {
    "essay_id": "ESSAY_62475",
    "essay_prompt": " 남녀 갈등은 최근 우리 사회에서 가장 뜨거운 이슈 중 하나입니다. 이러한 갈등은 아직 간극을 좁히지 못하고 현재 사회적인 문제로 자리 잡았습니다.\n\n 군 가산점 문제, 일자리 문제 등 여러 가지 비교 자료들을 토대로 토론을 하고 이를 통해 갈등을 해결하고자 하는 노력이 이루어지고 있습니다.\n\n 과거에는 성차별 심했던 시기가 있었습니다. 여자와 남자를 구별 지어 일을 주는 경우도 많았습니다. 하지만, 현재는 여자와 남자라는 성별을 떠나서 나이, 국적을 불문하고 모두에게 평등한 기회를 주기 위해 노력하고 있습니다.\n\n 이렇게 모두의 노력에도 불구하고 아직 해결되지 않았거나 해결될 기미가 보이지 않는 양성평등 문제가 있을까요?\n\n 아주 작은 사소한 일이라도 좋습니다. 여러분이 생각하는 우리 주변의 양성평등 문제를 하나 작성해보고 어떻게 해결할 수 있을지 혹은 무엇이 바뀌어야 해결될 것 같은지 본인의 생각을 설명해주세요. ",
    "essay_type": "대안제시",
    "essay_level": "1",
    "essay_len": 1055,
    "essay_main_subject": "남녀 갈등 해결 방안"
  }
}