{
  "paragraph": [
    {
      "paragraph_txt": "나는 남녀사이의 갈등의 이유는 당연한 얘기겠지만 나는 좀 다르다.#@문장구분# 나도 여자친구와 갈등이 많았다.#@문장구분#",
      "paragraph_len": 94,
      "paragraph_id": "001"
    },
    {
      "paragraph_txt": " 물론 다른이유도 있겠지만 나는 의사소통때문에 갈등이 일어난다고 생각한다.#@문장구분# 내가 생각하는 것이 여자는 반대로 생각 할 수 있다#@문장구분# 그런데 나는 그걸 모르고  계속 그런 일이 반복되어 갈등이 일어난다고 생각한다.#@문장구분#",
      "paragraph_len": 175,
      "paragraph_id": "002"
    },
    {
      "paragraph_txt": " 먼저 해결방안에 대해서 말해보자면 해결방안을 제시할때는 문제의 원인부터 찾으시면 효과적입니다.#@문장구분# \n 남녀갈등의 원인은 인식의 차이, 실질적인 남녀평등이 이루어지지 않은 사회현상 등이 있습니다.#@문장구분#\n 인식의 차이를 좁히기 위한 해결방안으로는 의사소통의 장을 마련하여 소통을 활발히 하면서 인식의 차이를 좁혀나가는 것입니다.#@문장구분# 실질적인 남녀평등을 이루기 위한 해결방안으로는 차별금지법 등 정책, 제도, 규범을 마련함으로써 차별이 이루어지지 않는 실질적 평등 구현이 있다.#@문장구분# 불교에 남혐 여혐 남녀갈등불교의 입장에서 해결방안 세상은 윤회하는 것이므로 전생에 인연이 있으니자비로서 \n포용하고 서로가 화합 상생하는 것이 라는 말이 있듯이 하지만 이런 내용들은 우리같은 10대에게는 이해가 안될 수도 있다.#@문장구분# 10대에서 남녀갈등을 극복하려면 흥분하지말고 상대방의 입장을 생각해봐야한다.#@문장구분#",
      "paragraph_len": 548,
      "paragraph_id": "003"
    },
    {
      "paragraph_txt": " 싸움에는 내 잘못이 없을수는 없으니 내 잘못을 생각하고 화내지말고 나의 서운함을 침착하게 말하면서 갈등을 해결해야한다고 생각한다.#@문장구분# 대선 가까워오니 이용하는 건데 멍청한 사람들이 우루루 몰렸을 뿐이에요.#@문장구분# 그들은 인터넷에서 싸운다고 하는데요현실과 어떤 상관도 없는데싸운다고 합니다.#@문장구분#\n 그러는 몇 년 동안 여성차별 문제도 남성차별 문제도 해결된 건 단 하나도 없었죠.#@문장구분#\n 그냥 골만 깊어 갈뿐 법률도 지원도 제대로 마련된 건 없어요.#@문장구분# 제대로 요청한 사람도 없었죠.#@문장구분# 왜냐면 합리적인 대화가 이루어진 적이 없었거든요.#@문장구분# 네티즌들도 더 나은 사회를 바라는 사람보단 욕하고 싶은 사람들이 더 많은 것 같네요.#@문장구분# 저런 멍청이가 되지 않도록 모두들 지성을 잃지 맙시다.#@문장구분#",
      "paragraph_len": 543,
      "paragraph_id": "004"
    },
    {
      "paragraph_txt": " 문제점은 남녀의 갈등은 결국 해체를 불러일으킬수 있다.#@문장구분# 결론족으로 해결방안은 많은 대화를 통해 서로를 이해하고 가정에서의 역할을 상황에 맞게 분담하여 해결하면 되리라 생각합니다.#@문장구분# 정상적인 사고를 가진 남녀들은 이런 사회 현상에도 불구하고 서로 혐오하지 않고 잘 살아가고 있습니다.#@문장구분# 온라인에서 일어나는 갈등등을 깊게 보지 마시고 10대에서 남녀갈등을 극복하려면 흥분하지말고 상대방의 입장을 생각해봐야한다.#@문장구분# 싸움에는 내 잘못이 없을수는 없으니 내 잘못을 생각하고 화내지말고 나의 서운함을 침착하게 말하면서 갈등을 해결해야한다고 생각한다.#@문장구분#",
      "paragraph_len": 399,
      "paragraph_id": "005"
    }
  ],
  "score": {
    "paragraph_score": [
      {
        "paragraph_scoreT": [
          2.4,
          3,
          3
        ],
        "paragraph_scoreT_detail": {
          "paragraph_scoreT_exp": [
            [
              2,
              3,
              2
            ],
            [
              3,
              3,
              3
            ],
            [
              3,
              3,
              3
            ]
          ]
        },
        "paragraph_scoreT_avg": 2.8,
        "paragraph_id": "001"
      },
      {
        "paragraph_scoreT": [
          3,
          3,
          3
        ],
        "paragraph_scoreT_detail": {
          "paragraph_scoreT_exp": [
            [
              3,
              3,
              3
            ],
            [
              3,
              3,
              3
            ],
            [
              3,
              3,
              3
            ]
          ]
        },
        "paragraph_scoreT_avg": 3,
        "paragraph_id": "002"
      },
      {
        "paragraph_scoreT": [
          2.6,
          3,
          3
        ],
        "paragraph_scoreT_detail": {
          "paragraph_scoreT_exp": [
            [
              3,
              3,
              2
            ],
            [
              3,
              3,
              3
            ],
            [
              3,
              3,
              3
            ]
          ]
        },
        "paragraph_scoreT_avg": 2.8666668,
        "paragraph_id": "003"
      },
      {
        "paragraph_scoreT": [
          2,
          3,
          3
        ],
        "paragraph_scoreT_detail": {
          "paragraph_scoreT_exp": [
            [
              2,
              2,
              2
            ],
            [
              3,
              3,
              3
            ],
            [
              3,
              3,
              3
            ]
          ]
        },
        "paragraph_scoreT_avg": 2.6666667,
        "paragraph_id": "004"
      },
      {
        "paragraph_scoreT": [
          2.6,
          2.8,
          3
        ],
        "paragraph_scoreT_detail": {
          "paragraph_scoreT_exp": [
            [
              3,
              3,
              2
            ],
            [
              2,
              3,
              3
            ],
            [
              3,
              3,
              3
            ]
          ]
        },
        "paragraph_scoreT_avg": 2.8,
        "paragraph_id": "005"
      }
    ],
    "essay_scoreT": [
      22.5,
      23.099998,
      30
    ],
    "essay_scoreT_avg": 25.199999,
    "essay_scoreT_detail": {
      "essay_scoreT_org": [
        [
          2,
          0,
          2,
          3
        ],
        [
          2,
          0,
          2,
          3
        ],
        [
          3,
          0,
          3,
          3
        ]
      ],
      "essay_scoreT_cont": [
        [
          3,
          2,
          3,
          2
        ],
        [
          2,
          2,
          3,
          2
        ],
        [
          3,
          3,
          3,
          3
        ]
      ],
      "essay_scoreT_exp": [
        [
          3,
          2,
          2
        ],
        [
          2,
          3,
          3
        ],
        [
          3,
          3,
          3
        ]
      ]
    }
  },
  "student": {
    "date": "2021.10.24",
    "student_educated": true,
    "student_grade": "고등_1학년",
    "location": "063",
    "student_grade_group": "고등",
    "student_reading": 1
  },
  "rubric": {
    "essay_grade": "고등_1학년",
    "organization_weight": {
      "org_paragraph": 0,
      "org": 3,
      "org_essay": 6,
      "org_coherence": 3,
      "org_quantity": 1
    },
    "essay_type": "대안제시",
    "content_weight": {
      "con_clearance": 3,
      "con_novelty": 3,
      "con": 4,
      "con_prompt": 1,
      "con_description": 3
    },
    "essay_main_subject": "남녀 갈등 해결 방안",
    "expression_weight": {
      "exp_style": 4,
      "exp_grammar": 2,
      "exp_vocab": 4,
      "exp": 3
    }
  },
  "correction": [],
  "info": {
    "essay_id": "ESSAY_43926",
    "essay_prompt": " 남녀 갈등은 최근 우리 사회에서 가장 뜨거운 이슈 중 하나입니다. 이러한 갈등은 아직 간극을 좁히지 못하고 현재 사회적인 문제로 자리 잡았습니다.\n\n 군 가산점 문제, 일자리 문제 등 여러 가지 비교 자료들을 토대로 토론을 하고 이를 통해 갈등을 해결하고자 하는 노력이 이루어지고 있습니다.\n\n 과거에는 성차별 심했던 시기가 있었습니다. 여자와 남자를 구별 지어 일을 주는 경우도 많았습니다. 하지만, 현재는 여자와 남자라는 성별을 떠나서 나이, 국적을 불문하고 모두에게 평등한 기회를 주기 위해 노력하고 있습니다.\n\n 이렇게 모두의 노력에도 불구하고 아직 해결되지 않았거나 해결될 기미가 보이지 않는 양성평등 문제가 있을까요?\n\n 아주 작은 사소한 일이라도 좋습니다. 여러분이 생각하는 우리 주변의 양성평등 문제를 하나 작성해보고 어떻게 해결할 수 있을지 혹은 무엇이 바뀌어야 해결될 것 같은지 본인의 생각을 설명해주세요. ",
    "essay_type": "대안제시",
    "essay_level": "1",
    "essay_len": 1267,
    "essay_main_subject": "남녀 갈등 해결 방안"
  }
}