{
  "paragraph": [
    {
      "paragraph_txt": "우리사회는 아직 까지도 남녀 갈등에 문제를 해결하지 못했습니다.#@문장구분# 많은 사람들은 남녀 갈등이 안 일어나게 노력을 해도 해결되지 않은 양성평등 문제가 나오고 있습니다.#@문장구분# 우리나라만이 아닙니다.#@문장구분# 전 세계가 양성평등 문제가 일어납니다.#@문장구분# 이것은 문제가 많이 됩니다.#@문장구분# 예를 들어 아랍 중동권 쪽으로 가면 여자보다는 남자의 인권이 더 높고 여자는 재산권이 없고 외출 할시 부르카 같은걸 입어야 외출이 가능 하고 안 착용할시 경찰한테 잡혀가고 폭행을 당하는 듯 여자들의 자유가 속박되어 있죠.#@문장구분# 저희는 이렇게 심하지는 않지만 우리나라도 곳곳에서 양성평등 문제가 나오고 있습니다.#@문장구분# 저의 주변에서는 이러한 문제가 보이지 않았고 관심도 없었습니다.#@문장구분# 왜냐하면 이게 일어날까 나한테 피해가 갈까 만약 했다 해도 문제가 생길까? 라는 생각을 했습니다.#@문장구분# 이걸 쓰고도 관심은 없을 것입니다. #@문장구분#하지만 이 글쓰기를 함으로써 조금이나마 관심을 가져서 새롭고 왜 내가 관심을 안 가졌었는지 반성을 하게 되었습니다.#@문장구분# \n그래서 저는 이 양성평등 문제를 해결하기 위한 방법들을 제시해 보겠습니다.#@문장구분# 우선 군 가산점을 받을 수 있게 여자들도 군대를 보내야 합니다.#@문장구분# 왜냐하면 남자들만 군대를 가고 여자들은 군대를 안갑니다.#@문장구분# 저도 한 남자로써 남자들만 군대를 갈 수 없습니다.#@문장구분# 적어도 여자가 남자들보다 빨리 전역을 시키는 것으로 여자들도 군대를 보내고 군 가산점을 주어야 한다고 생각합니다. #@문장구분#우리나라는 현실보다는 가상에서 남녀 차별이 많이 일어납니다.#@문장구분# 특히 sns나 게임 같은 곳에서 성차별이 많이 일어나요.#@문장구분#그래서 이 문제를 해결하기 위해 사람들은 성차별 발언이나 이런 채팅을 안했으면 하고 엄격하게 벌했으면 합니다.#@문장구분# 옛날에는 지금보다 양성평등 문제가 많이 일어났다.#@문장구분# 하지만 남자든 여자든 사람들에게는 인권이라는 것이 있습니다.#@문장구분# 우리도 인권이 있듯 남들도 인권이 있습니다.#@문장구분# 그렇기에 우리 모두 존중하고 배려하고 남녀 갈등이 안 일어났으면 하는 바람이 있습니다.#@문장구분# 마지막으로 방법은 사람들에게 남녀 차별이 얼마나 문제가 되고 하면 안되는 짓이라는 것을 사람들에게 알려야하고 다시는 양성평등 문제를 해결했으면 하는 바에 제가 생각한 남녀 차별을 어떻게 하면 해결할 수 있을지에 대해 방법을 글로 써봅니다.#@문장구분# 현실적으로 안될꺼 같지만 저로서는 이게 최선의 방법이라고 생각합니다.#@문장구분# 감사합니다.#@문장구분#",
      "paragraph_len": 1656,
      "paragraph_id": "001"
    }
  ],
  "score": {
    "paragraph_score": [
      {
        "paragraph_scoreT": [
          1.6,
          2.2,
          2.4
        ],
        "paragraph_scoreT_detail": {
          "paragraph_scoreT_exp": [
            [
              2,
              2,
              1
            ],
            [
              3,
              2,
              2
            ],
            [
              2,
              2,
              3
            ]
          ]
        },
        "paragraph_scoreT_avg": 2.0666668,
        "paragraph_id": "001"
      }
    ],
    "essay_scoreT": [
      17.3,
      23.400002,
      24.8
    ],
    "essay_scoreT_avg": 21.833334,
    "essay_scoreT_detail": {
      "essay_scoreT_org": [
        [
          1,
          0,
          2,
          3
        ],
        [
          2,
          0,
          3,
          3
        ],
        [
          2,
          0,
          3,
          3
        ]
      ],
      "essay_scoreT_cont": [
        [
          2,
          2,
          2,
          2
        ],
        [
          3,
          2,
          3,
          2
        ],
        [
          3,
          2,
          2,
          3
        ]
      ],
      "essay_scoreT_exp": [
        [
          2,
          2,
          1
        ],
        [
          3,
          2,
          2
        ],
        [
          2,
          2,
          3
        ]
      ]
    }
  },
  "student": {
    "date": "2021.11.17",
    "student_educated": true,
    "student_grade": "고등_1학년",
    "location": "054",
    "student_grade_group": "고등",
    "student_reading": 2
  },
  "rubric": {
    "essay_grade": "고등_1학년",
    "organization_weight": {
      "org_paragraph": 0,
      "org": 3,
      "org_essay": 6,
      "org_coherence": 3,
      "org_quantity": 1
    },
    "essay_type": "대안제시",
    "content_weight": {
      "con_clearance": 3,
      "con_novelty": 3,
      "con": 4,
      "con_prompt": 1,
      "con_description": 3
    },
    "essay_main_subject": "남녀 갈등 해결 방안",
    "expression_weight": {
      "exp_style": 4,
      "exp_grammar": 2,
      "exp_vocab": 4,
      "exp": 3
    }
  },
  "correction": [],
  "info": {
    "essay_id": "ESSAY_47286",
    "essay_prompt": " 남녀 갈등은 최근 우리 사회에서 가장 뜨거운 이슈 중 하나입니다. 이러한 갈등은 아직 간극을 좁히지 못하고 현재 사회적인 문제로 자리 잡았습니다.\n\n 군 가산점 문제, 일자리 문제 등 여러 가지 비교 자료들을 토대로 토론을 하고 이를 통해 갈등을 해결하고자 하는 노력이 이루어지고 있습니다.\n\n 과거에는 성차별 심했던 시기가 있었습니다. 여자와 남자를 구별 지어 일을 주는 경우도 많았습니다. 하지만, 현재는 여자와 남자라는 성별을 떠나서 나이, 국적을 불문하고 모두에게 평등한 기회를 주기 위해 노력하고 있습니다.\n\n 이렇게 모두의 노력에도 불구하고 아직 해결되지 않았거나 해결될 기미가 보이지 않는 양성평등 문제가 있을까요?\n\n 아주 작은 사소한 일이라도 좋습니다. 여러분이 생각하는 우리 주변의 양성평등 문제를 하나 작성해보고 어떻게 해결할 수 있을지 혹은 무엇이 바뀌어야 해결될 것 같은지 본인의 생각을 설명해주세요. ",
    "essay_type": "대안제시",
    "essay_level": "1",
    "essay_len": 1137,
    "essay_main_subject": "남녀 갈등 해결 방안"
  }
}