{
  "paragraph": [
    {
      "paragraph_txt": "젠더갈등은 시간이 지날수록 더욱더 심해지고 있는 심각한 문제이다.#@문장구분# 심지어 남혐, 여혐과 같이 혐오를 하는 사람들도 생기고 있다.#@문장구분# 이 문제를 해결하기 위해 내가 생각한 대안을 말해보자면 첫째, 각 성별을 대표하는 당 대표들의 토론을 통하여 문제점과 옳고 그름을 바로 잡는 방송을 하는 것이다.#@문장구분# 대표적인 사례로 이준석 대표와 신지예 대표의 토론이 있다.#@문장구분# 토론을 주기적으로 하면 서로간의 불만사항을 알 수 있다고 생각한다.#@문장구분# 두 번째, 남성들 대부분은 현 존재하는 여성가족부를 비판하고 있다.#@문장구분# 그 이유는 나라에서 많은 지원금을 받고 있기 때문이다.#@문장구분# 하지만 하는일이 정확하게 무엇인지, 그 활동으로 인하여 나아진 점이 있었는지 불분명했기 때문이다. #@문장구분#이 문제점을 해결하기 위해서는 여성가족부와 같은 남성들을 대변해주는 당을 세우는 것 또는 여성가족부의 활동과 지원금들이 어ᄄᅠᇂ게 어디로 사용되는지 일부 공개를 하는 방법들이 있다.#@문장구분# 이렇게 말하는 이유는 이번 주제 때문이다.#@문장구분# 만약 일부 남성들의 주장으로 인하여 여성가족부가 사라지게 된다면 일부 여성들은 불만이 쌓일 것이다. #@문장구분#그렇기 때문이에 최대한 서로간의 불만이 덜 생기는 방법을 생각해낸 것 이 위에 말했던 방안이다.#@문장구분# 마지막으로 셋째, 방송, 논문, 기사 등에서 한쪽 성별로 기울어진 내용, 시청률과 자신들의 이익을 위해서 사실적 확인이 되지 않은 내용을 사용하지 못하게 막아야 한다. #@문장구분#세 개의 방안 중에서 세 번째가 가장 중요하다고 생각하는데, 그 이유는 우리나라에서 실제로 개인의 이익을 위해 말이 안되는, 너무 한쪽 성별을 비난하는 글을 쓰기 때문이다. #@문장구분#이런 것 하나하나 모여서 젠더갈등을 형성한다는 생각도 든다. #@문장구분#그렇기 때문이 세 번째 방안이 가장 중요하다고 생각한다. 하루빨리 젠더갈등이 해결됐으면 좋겠다.#@문장구분#",
      "paragraph_len": 1192,
      "paragraph_id": "001"
    }
  ],
  "score": {
    "paragraph_score": [
      {
        "paragraph_scoreT": [
          2,
          2,
          2
        ],
        "paragraph_scoreT_detail": {
          "paragraph_scoreT_exp": [
            [
              2,
              2,
              2
            ],
            [
              2,
              2,
              2
            ],
            [
              2,
              2,
              2
            ]
          ]
        },
        "paragraph_scoreT_avg": 2,
        "paragraph_id": "001"
      }
    ],
    "essay_scoreT": [
      24.3,
      20.3,
      21.9
    ],
    "essay_scoreT_avg": 22.166666,
    "essay_scoreT_detail": {
      "essay_scoreT_org": [
        [
          2,
          0,
          2,
          3
        ],
        [
          2,
          0,
          2,
          3
        ],
        [
          2,
          0,
          2,
          3
        ]
      ],
      "essay_scoreT_cont": [
        [
          3,
          3,
          3,
          3
        ],
        [
          2,
          2,
          2,
          2
        ],
        [
          3,
          2,
          3,
          2
        ]
      ],
      "essay_scoreT_exp": [
        [
          2,
          2,
          2
        ],
        [
          2,
          2,
          2
        ],
        [
          2,
          2,
          2
        ]
      ]
    }
  },
  "student": {
    "date": "2021.09.08",
    "student_educated": true,
    "student_grade": "고등_1학년",
    "location": "051",
    "student_grade_group": "고등",
    "student_reading": 1
  },
  "rubric": {
    "essay_grade": "고등_1학년",
    "organization_weight": {
      "org_paragraph": 0,
      "org": 3,
      "org_essay": 6,
      "org_coherence": 3,
      "org_quantity": 1
    },
    "essay_type": "대안제시",
    "content_weight": {
      "con_clearance": 3,
      "con_novelty": 3,
      "con": 4,
      "con_prompt": 1,
      "con_description": 3
    },
    "essay_main_subject": "남녀 갈등 해결 방안",
    "expression_weight": {
      "exp_style": 4,
      "exp_grammar": 2,
      "exp_vocab": 4,
      "exp": 3
    }
  },
  "correction": [],
  "info": {
    "essay_id": "ESSAY_34647",
    "essay_prompt": " 남녀 갈등은 최근 우리 사회에서 가장 뜨거운 이슈 중 하나입니다. 이러한 갈등은 아직 간극을 좁히지 못하고 현재 사회적인 문제로 자리 잡았습니다.\n\n 군 가산점 문제, 일자리 문제 등 여러 가지 비교 자료들을 토대로 토론을 하고 이를 통해 갈등을 해결하고자 하는 노력이 이루어지고 있습니다.\n\n 과거에는 성차별 심했던 시기가 있었습니다. 여자와 남자를 구별 지어 일을 주는 경우도 많았습니다. 하지만, 현재는 여자와 남자라는 성별을 떠나서 나이, 국적을 불문하고 모두에게 평등한 기회를 주기 위해 노력하고 있습니다.\n\n 이렇게 모두의 노력에도 불구하고 아직 해결되지 않았거나 해결될 기미가 보이지 않는 양성평등 문제가 있을까요?\n\n 아주 작은 사소한 일이라도 좋습니다. 여러분이 생각하는 우리 주변의 양성평등 문제를 하나 작성해보고 어떻게 해결할 수 있을지 혹은 무엇이 바뀌어야 해결될 것 같은지 본인의 생각을 설명해주세요. ",
    "essay_type": "대안제시",
    "essay_level": "1",
    "essay_len": 873,
    "essay_main_subject": "남녀 갈등 해결 방안"
  }
}