{
  "paragraph": [
    {
      "paragraph_txt": "남녀 갈등 성차별적인 사례들은 우리가 살아가고 있는 현실에서 많이 볼 수 있다.#@문장구분# 가장 일반적인 군가산제를 볼 수가 있다.#@문장구분# 남자들의 입장에서 당연하게 누릴 권리라고 생각 하는 경우도 있겠지만 여성의 경우 출산을 했다고 하여 직장에 다니건 다니지 않건 가산제? 그런게 있을까?#@문장구분# 이런 얘기를 한다면 남성들의 반발이 심할 것이다.#@문장구분# 가장 흔한 예로 여성들의 육아휴직 제도에 대하여 말하고 싶다.#@문장구분# 오래전보다는 여성들을 위한 정책이나 제도들이 많이 좋아진 것은 사실이라고 생각된다.#@문장구분# 하지만 여성들이 휴직계를 내고 다시 복직을 하거나 그에 따른 불이익이나 눈치를 보게 된다.#@문장구분# 맘 편히 낼 수 있는 그런 회사들도 있겠지만 여성들의 경우 그러기가 쉽지가 않은 것 같다.#@문장구분# 여성들은 일과 육아를 동시에 병행을 하면서도 그런 불이익을 다 감당해내는 것 같다.#@문장구분# 여성들을 위한 주차장 여성들을 위한 개선점들은 여전히 변화가 되어가고있지만 아직도 먼 것 같다.#@문장구분# 직장 내 승진에 있어서도 여성들에 차별이 있는 것 같다.#@문장구분# 일 잘하는 여성들도 있지만 CEO들도 보면 대부분 남성들이 많은 것 같다.#@문장구분# 여성들을 위해 배려를 한다고는 하지만 여성들이 체감할 수 있을 만큼의 생활이 과연 얼마나 될까?#@문장구분# 남성들의 입장에서는 같이 일하고 같은 대우라고 생각을 하면서 같은 직장 내에서도 여성이 할 수 있는 일 남성이 할 수 있는 일을 가른다.#@문장구분# 상황에 따라 여성들이 하기 힘들일들도 있지만 꿋꿋히 남녀 상관없이 하는 일들도 많다.#@문장구분# 물론 신체적으로 남성과 여성이 할 수 있는 일이 다를 수는 있지만 그런 이유로  여성들이 육아에 그리고 직장에서 일을 할 수 있는 경단녀들이 많이 생기지 않도록 이 사회에서 현실적인 부분을 개선 해주고 말뿐이 아닌 눈치 보지 않고 휴직을 사용할 수 있는 복직후에도 맘편히 일할 수 있는 그런 사회가 만들어졌으면 좋겠다.#@문장구분#",
      "paragraph_len": 1217,
      "paragraph_id": "001"
    }
  ],
  "score": {
    "paragraph_score": [
      {
        "paragraph_scoreT": [
          3,
          2.8,
          3
        ],
        "paragraph_scoreT_detail": {
          "paragraph_scoreT_exp": [
            [
              3,
              3,
              3
            ],
            [
              2,
              3,
              3
            ],
            [
              3,
              3,
              3
            ]
          ]
        },
        "paragraph_scoreT_avg": 2.9333334,
        "paragraph_id": "001"
      }
    ],
    "essay_scoreT": [
      30,
      29.4,
      30
    ],
    "essay_scoreT_avg": 29.800001,
    "essay_scoreT_detail": {
      "essay_scoreT_org": [
        [
          3,
          0,
          3,
          3
        ],
        [
          3,
          0,
          3,
          3
        ],
        [
          3,
          0,
          3,
          3
        ]
      ],
      "essay_scoreT_cont": [
        [
          3,
          3,
          3,
          3
        ],
        [
          3,
          3,
          3,
          3
        ],
        [
          3,
          3,
          3,
          3
        ]
      ],
      "essay_scoreT_exp": [
        [
          3,
          3,
          3
        ],
        [
          2,
          3,
          3
        ],
        [
          3,
          3,
          3
        ]
      ]
    }
  },
  "student": {
    "date": "2021.11.04",
    "student_educated": true,
    "student_grade": "고등_1학년",
    "location": "063",
    "student_grade_group": "고등",
    "student_reading": 1
  },
  "rubric": {
    "essay_grade": "고등_1학년",
    "organization_weight": {
      "org_paragraph": 0,
      "org": 3,
      "org_essay": 6,
      "org_coherence": 3,
      "org_quantity": 1
    },
    "essay_type": "대안제시",
    "content_weight": {
      "con_clearance": 3,
      "con_novelty": 3,
      "con": 4,
      "con_prompt": 1,
      "con_description": 3
    },
    "essay_main_subject": "남녀 갈등 해결 방안",
    "expression_weight": {
      "exp_style": 4,
      "exp_grammar": 2,
      "exp_vocab": 4,
      "exp": 3
    }
  },
  "correction": [],
  "info": {
    "essay_id": "ESSAY_40868",
    "essay_prompt": " 남녀 갈등은 최근 우리 사회에서 가장 뜨거운 이슈 중 하나입니다. 이러한 갈등은 아직 간극을 좁히지 못하고 현재 사회적인 문제로 자리 잡았습니다.\n\n 군 가산점 문제, 일자리 문제 등 여러 가지 비교 자료들을 토대로 토론을 하고 이를 통해 갈등을 해결하고자 하는 노력이 이루어지고 있습니다.\n\n 과거에는 성차별 심했던 시기가 있었습니다. 여자와 남자를 구별 지어 일을 주는 경우도 많았습니다. 하지만, 현재는 여자와 남자라는 성별을 떠나서 나이, 국적을 불문하고 모두에게 평등한 기회를 주기 위해 노력하고 있습니다.\n\n 이렇게 모두의 노력에도 불구하고 아직 해결되지 않았거나 해결될 기미가 보이지 않는 양성평등 문제가 있을까요?\n\n 아주 작은 사소한 일이라도 좋습니다. 여러분이 생각하는 우리 주변의 양성평등 문제를 하나 작성해보고 어떻게 해결할 수 있을지 혹은 무엇이 바뀌어야 해결될 것 같은지 본인의 생각을 설명해주세요. ",
    "essay_type": "대안제시",
    "essay_level": "1",
    "essay_len": 898,
    "essay_main_subject": "남녀 갈등 해결 방안"
  }
}