{
  "paragraph": [
    {
      "paragraph_txt": "오늘날 과학기술이 발전되면서 삶의 질이 향상되었지만 반대로 쓰레기 소각장 같은 혐오시설의 필요성이 요구되기도한다.#@문장구분# 이러한 혐오시설을 자신이 속한 지역에 설치하는 것을 반대하는 현상을 님비현상이라고 한다.#@문장구분# 또한 님비현상과 반대되는 핌피현상이 있는데 핌피현상이란 수익성있는 사업을 자신이 속한 지역에 설치하겠다는 현상이다.#@문장구분# 이러한 님비현상의 원인에는 먼저 환경적인 측면이 있다.#@문장구분# 식수, 매연, 소음, 조망권, 일조권 등 삶의 질에 직간접적 연관이 있는 환경적 저해요소를 가진 혐오시설은 기피 대상이다.#@문장구분# 과학적으로 아무런 해가 없다고 해도, 과거 시설의 이미지나 시설 자체가 가진 혐오적 이미지로 기피하는 경우도 있다.#@문장구분# 또 다른 원인으로는 부동산이 있다.#@문장구분# 부정적 영향을 미칠 요소를 가진 시설이 들어올 계획이 들리면 상당히 부동산에서는 꺼림칙할 수밖에 없고 아무리 저렴해도 구매하지 않으려는 경향을 띄게 되어 해당 지역에 부동산 시장은 불황을 맞게 된다.#@문장구분# 또한 공동묘지, 화장장, 장례 관련 시설은 스산하고 흉한 느낌 때문에 해당 지역 주민들에게 공포감을 주기도 한다.#@문장구분# 그리고 혐오시설을 거부하는 과정에서 지역 갈등이 발생하기도 하는 등 여러 문제들이 발생한다.#@문장구분#이러한 님비현상의 해결방안으로는 첫 번째로 지방자치단체에서 그에 걸맞은 보상을 해주거나 배려하는 방식으로 이 현상을 해결할 수 있다.#@문장구분# 핌피 현상의 단골이 되는 병원이나 영화관 또는 쇼핑몰을 지어 준다든지, 장학생 선발을 늘린다든지, 아니면 직접적으로 보상금을 주는 식이다.#@문장구분# 예를 들어 대표적인 혐오시설 중 하나인 차량기지는 인접지역에 철도역을 만들어서 주변지역을 역세권으로 만들어 줄 수 있다.#@문장구분# 또한 혐오시설과 편의 시설의 융합을 할 수 있다.#@문장구분# 소각장으로 수기된 가구 중 상태가 좋은 것들은 건물 2층 전시장에 배치하여 필요한 주민이 가져갈 수 있게도 하고 소각장 옆에 노인 복지 시설을 설립해 운영할 수도 있다.#@문장구분# 소각열을 활용할 목욕탕 온실을 개방해 다양한 편의 시설과 융합하거나 혐오시설을 디자인 하여 다른 시설처럼 보이게 할 수도 있을 것이다.#@문장구분# 결론적으로 혐오시설은 사람들이 원하지 않은 시설로 기피하려는 님비현상이 발생하고 이로인해 지역 갈등이 발생하기도 한다.#@문장구분# 하지만 우리 생활에 필요한 시설이기에 적절한 보상이나 각종 혜택, 대화와 타협 등의 방법으로 해결한다면 우리 삶의 질이 한단계 더 높아질 뿐 아니라 좀 더 쾌적한 생활을 할 수 있을 것이다.#@문장구분#",
      "paragraph_len": 1544,
      "paragraph_id": "001"
    }
  ],
  "score": {
    "paragraph_score": [
      {
        "paragraph_scoreT": [
          3,
          3,
          2.8
        ],
        "paragraph_scoreT_detail": {
          "paragraph_scoreT_exp": [
            [
              3,
              3,
              3
            ],
            [
              3,
              3,
              3
            ],
            [
              2,
              3,
              3
            ]
          ]
        },
        "paragraph_scoreT_avg": 2.9333334,
        "paragraph_id": "001"
      }
    ],
    "essay_scoreT": [
      30,
      28.8,
      29.4
    ],
    "essay_scoreT_avg": 29.4,
    "essay_scoreT_detail": {
      "essay_scoreT_org": [
        [
          3,
          0,
          3,
          3
        ],
        [
          3,
          0,
          3,
          3
        ],
        [
          3,
          0,
          3,
          3
        ]
      ],
      "essay_scoreT_cont": [
        [
          3,
          3,
          3,
          3
        ],
        [
          3,
          2,
          3,
          3
        ],
        [
          3,
          3,
          3,
          3
        ]
      ],
      "essay_scoreT_exp": [
        [
          3,
          3,
          3
        ],
        [
          3,
          3,
          3
        ],
        [
          2,
          3,
          3
        ]
      ]
    }
  },
  "student": {
    "date": "2021.11.19",
    "student_educated": true,
    "student_grade": "고등_1학년",
    "location": "051",
    "student_grade_group": "고등",
    "student_reading": 1
  },
  "rubric": {
    "essay_grade": "고등_1학년",
    "organization_weight": {
      "org_paragraph": 0,
      "org": 3,
      "org_essay": 6,
      "org_coherence": 3,
      "org_quantity": 1
    },
    "essay_type": "대안제시",
    "content_weight": {
      "con_clearance": 3,
      "con_novelty": 3,
      "con": 4,
      "con_prompt": 1,
      "con_description": 3
    },
    "essay_main_subject": "혐오시설 건설문제에 대한 본인의 생각",
    "expression_weight": {
      "exp_style": 4,
      "exp_grammar": 2,
      "exp_vocab": 4,
      "exp": 3
    }
  },
  "correction": [],
  "info": {
    "essay_id": "ESSAY_48473",
    "essay_prompt": " 혐오 시설이란 지역 주민에게 공포감이나 고통을 주거나, 주변 지역의 쾌적성이 훼손됨으로써 집값이나 땅값이 내려가는 등 부정적인 외부효과를 유발하는 시설을 의미합니다.\n\n 대표적인 혐오 시설에는 쓰레기 매립장, 원자력발전소, 소각장, 유류저장소 등이 있습니다.\n\n 매립지, 소각장, 쓰레기 하치장 같은 혐오 시설은 그리 위험하지는 않지만, 쓰레기를 취급한다는 점에서 혐오감을 주며, 주변 환경오염 문제가 갈등을 일으킵니다. 특히 소각장은 인구밀도가 높은 대도시에 건설된다는 점에서 반대 운동이 일기도 합니다.\n\n 그런데 서로 반대만 하다 보면 입지를 찾지 못해 결국 모든 주민의 삶의 질이 저하될 수 있습니다.\n\n 정부 차원에서 가장 적절한 장소를 선별하여 건설 후 주변 사람들에게 혜택을 주는 방식이 적절한 방법일까요? 아니면 혐오 시설만을 모아둔 부지를 따로 정해서 건설해야 할까요? 아니면 모든 도시가 공평하게 혐오 시설 건설에 대한 부담을 지니고 하나씩 건설해야 할까요?\n\n 모두가 만족할만한 결과를 내기란 정말 어려운 문제이지만 여러분이 생각하는 가장 합리적이고 좋은 방법을 생각해보세요. 그리고 그 방법을 대안으로 제시하고 그 근거에 대해 작성해주세요.",
    "essay_type": "대안제시",
    "essay_level": "1",
    "essay_len": 1184,
    "essay_main_subject": "혐오시설 건설문제에 대한 본인의 생각"
  }
}