{
  "paragraph": [
    {
      "paragraph_txt": "경북 신도시에서 주민들이 쓰레기를 처리해 혐오감을 주는 혐오 시설 중 하나인 소각장으로 인해 환경 윤리 문제를 겪으며 몸살을 앓고 있고, 불편함을 겪고 있다.#@문장구분# 경북 구청 신도시에는 경북 구청 신도시의 생활 폐기물뿐만 아니라 경북 북부 지역 11개 시·군의 생활 폐기물까지도 경북 도청 신도시에 처리하고 있다.#@문장구분# 이로 인해 경북 구청 신도시 주민들이 더 고통 받는 것이다.#@문장구분# 그렇다면 이 환경 문제를 해결하기 위해 어떻게 해야 할까?#@문장구분#",
      "paragraph_len": 319,
      "paragraph_id": "001"
    },
    {
      "paragraph_txt": " 첫 번째로, 현재 경북 구청 신도시의 생활 폐기물을 처리하고 있는 소각장인 맑은 누리 파크는 경북 그린 에너지 센터와 운영 계약을 체결하고 있다.#@문장구분# 따라서 이 계약을 고려해 이 계약이 끝나면 경북 북부 지역 11개 시·군의 생활 폐기물 즉, 쓰레기를 처리하기 위해서 각자 자체 소각장을 만들어야 한다.#@문장구분# 그러기 위해선 꼭 경북 북부 지역 11개의 시·군과 미리 협약을 맺어야 할 것이다.#@문장구분#",
      "paragraph_len": 275,
      "paragraph_id": "002"
    },
    {
      "paragraph_txt": " 두 번째로, 경북 구청 신도시의 소각장인 맑은 누리 파크를 환경 기준에 따라 교체해야 한다.#@문장구분# 그렇게 되면 환경 유해 물질을 줄이고 예방할 수 있을 것이고, 경북 구청 신도시의 주민들이 겪고 있는 악취 문제도 더 줄어들 것이다.#@문장구분#",
      "paragraph_len": 167,
      "paragraph_id": "003"
    },
    {
      "paragraph_txt": " 세 번째로, 맑은 누리 파크에 평범한 주민 감시 요원이 아닌 민간 환경 단체 전문 요원을 배치해야 한다.#@문장구분# 그렇게 되면 민간 환경 단체 전문 요원을 소각장인 맑은 누리 파크에 배치하니 소각장 관리도 더 잘 될 것이며, 경북 구청 신도시의 주민들도 더욱 안심하여 신뢰할 것이다.#@문장구분#",
      "paragraph_len": 194,
      "paragraph_id": "004"
    },
    {
      "paragraph_txt": " 이렇게 경북 구청 신도시의 주민 환경 문제를 해결하기 위해서 신도시에 같이 생활 폐기물을 처리하고 있는 북부권 11개의 시·군이 각자 자체 소각장을 만들고, 소각장을 환경 기준에 따라 교체하고, 소각장 요원을 민간 환경 단체 전문 요원으로 배치하면 경북 구청 신도시의 주민 환경 문제를 더 해결해 나갈 수 있을 것이고, 주민들도 더는 소각장의 악취 등의 문제로 고통받지 않게 될 것이다.#@문장구분#",
      "paragraph_len": 237,
      "paragraph_id": "005"
    }
  ],
  "score": {
    "paragraph_score": [
      {
        "paragraph_scoreT": [
          3,
          3,
          3
        ],
        "paragraph_scoreT_detail": {
          "paragraph_scoreT_exp": [
            [
              3,
              3,
              3
            ],
            [
              3,
              3,
              3
            ],
            [
              3,
              3,
              3
            ]
          ]
        },
        "paragraph_scoreT_avg": 3,
        "paragraph_id": "001"
      },
      {
        "paragraph_scoreT": [
          3,
          3,
          3
        ],
        "paragraph_scoreT_detail": {
          "paragraph_scoreT_exp": [
            [
              3,
              3,
              3
            ],
            [
              3,
              3,
              3
            ],
            [
              3,
              3,
              3
            ]
          ]
        },
        "paragraph_scoreT_avg": 3,
        "paragraph_id": "002"
      },
      {
        "paragraph_scoreT": [
          3,
          3,
          3
        ],
        "paragraph_scoreT_detail": {
          "paragraph_scoreT_exp": [
            [
              3,
              3,
              3
            ],
            [
              3,
              3,
              3
            ],
            [
              3,
              3,
              3
            ]
          ]
        },
        "paragraph_scoreT_avg": 3,
        "paragraph_id": "003"
      },
      {
        "paragraph_scoreT": [
          3,
          3,
          3
        ],
        "paragraph_scoreT_detail": {
          "paragraph_scoreT_exp": [
            [
              3,
              3,
              3
            ],
            [
              3,
              3,
              3
            ],
            [
              3,
              3,
              3
            ]
          ]
        },
        "paragraph_scoreT_avg": 3,
        "paragraph_id": "004"
      },
      {
        "paragraph_scoreT": [
          3,
          3,
          3
        ],
        "paragraph_scoreT_detail": {
          "paragraph_scoreT_exp": [
            [
              3,
              3,
              3
            ],
            [
              3,
              3,
              3
            ],
            [
              3,
              3,
              3
            ]
          ]
        },
        "paragraph_scoreT_avg": 3,
        "paragraph_id": "005"
      }
    ],
    "essay_scoreT": [
      28.1,
      28.8,
      27
    ],
    "essay_scoreT_avg": 27.966667,
    "essay_scoreT_detail": {
      "essay_scoreT_org": [
        [
          3,
          0,
          3,
          2
        ],
        [
          3,
          0,
          3,
          3
        ],
        [
          2,
          0,
          2,
          2
        ]
      ],
      "essay_scoreT_cont": [
        [
          2,
          3,
          2,
          3
        ],
        [
          3,
          2,
          3,
          3
        ],
        [
          3,
          3,
          3,
          3
        ]
      ],
      "essay_scoreT_exp": [
        [
          3,
          3,
          3
        ],
        [
          3,
          3,
          3
        ],
        [
          3,
          3,
          3
        ]
      ]
    }
  },
  "student": {
    "date": "2021.09.03",
    "student_educated": true,
    "student_grade": "고등_1학년",
    "location": "051",
    "student_grade_group": "고등",
    "student_reading": 1
  },
  "rubric": {
    "essay_grade": "고등_1학년",
    "organization_weight": {
      "org_paragraph": 0,
      "org": 3,
      "org_essay": 6,
      "org_coherence": 3,
      "org_quantity": 1
    },
    "essay_type": "대안제시",
    "content_weight": {
      "con_clearance": 3,
      "con_novelty": 3,
      "con": 4,
      "con_prompt": 1,
      "con_description": 3
    },
    "essay_main_subject": "혐오시설 건설문제에 대한 본인의 생각",
    "expression_weight": {
      "exp_style": 4,
      "exp_grammar": 2,
      "exp_vocab": 4,
      "exp": 3
    }
  },
  "correction": [],
  "info": {
    "essay_id": "ESSAY_33847",
    "essay_prompt": " 혐오 시설이란 지역 주민에게 공포감이나 고통을 주거나, 주변 지역의 쾌적성이 훼손됨으로써 집값이나 땅값이 내려가는 등 부정적인 외부효과를 유발하는 시설을 의미합니다.\n\n 대표적인 혐오 시설에는 쓰레기 매립장, 원자력발전소, 소각장, 유류저장소 등이 있습니다.\n\n 매립지, 소각장, 쓰레기 하치장 같은 혐오 시설은 그리 위험하지는 않지만, 쓰레기를 취급한다는 점에서 혐오감을 주며, 주변 환경오염 문제가 갈등을 일으킵니다. 특히 소각장은 인구밀도가 높은 대도시에 건설된다는 점에서 반대 운동이 일기도 합니다.\n\n 그런데 서로 반대만 하다 보면 입지를 찾지 못해 결국 모든 주민의 삶의 질이 저하될 수 있습니다.\n\n 정부 차원에서 가장 적절한 장소를 선별하여 건설 후 주변 사람들에게 혜택을 주는 방식이 적절한 방법일까요? 아니면 혐오 시설만을 모아둔 부지를 따로 정해서 건설해야 할까요? 아니면 모든 도시가 공평하게 혐오 시설 건설에 대한 부담을 지니고 하나씩 건설해야 할까요?\n\n 모두가 만족할만한 결과를 내기란 정말 어려운 문제이지만 여러분이 생각하는 가장 합리적이고 좋은 방법을 생각해보세요. 그리고 그 방법을 대안으로 제시하고 그 근거에 대해 작성해주세요.",
    "essay_type": "대안제시",
    "essay_level": "1",
    "essay_len": 962,
    "essay_main_subject": "혐오시설 건설문제에 대한 본인의 생각"
  }
}