{
  "paragraph": [
    {
      "paragraph_txt": "우리의 생활에 일상화가 되어버린 남혐, 여혐, 이대로 상황이 계속 이어지면 더 나은 삶을 기대할 수는 없다.#@문장구분# 한 뉴스기사에서는 여성 혐오로 인한 문제 사건이 일어나기도 하였다.#@문장구분# 따라서 지금 이 시대에서 갈등이 계속 일어나고 있는 문제, 혐오 발언 이것을 해결하기 위한 방법 3가지가 있다.#@문장구분#",
      "paragraph_len": 221,
      "paragraph_id": "001"
    },
    {
      "paragraph_txt": " 첫째, 모든 여성들이 아닌 페미니즘 즉 여성특혜정책 그리고 여성가족부를 폐지해야 한다고 생각한다.#@문장구분# 왜냐하면  우리가 살아가는 지금 시대는 페미니스틀의 어이가 없는 오해들로 많은 남성들을 꺼려하고 혐오하고 있다. #@문장구분#이것으로 의해 많은 남성들도 역으로 반박하며 갈등을 일으키고 있다.#@문장구분# 따라서  여성특혜정책 및 여성가족부를 폐지시켜 더 이상의 갈등을 없애도록 해나가야한다고 생각한다.#@문장구분#",
      "paragraph_len": 291,
      "paragraph_id": "002"
    },
    {
      "paragraph_txt": " 둘째, 외모, 체형, 등 겉으로 판단하지 말아야한다.#@문장구분# 앞서 위에 뉴스기사에서 말했듯이 묻지마 살인사건 범인은 여성 혐오를 가지고 있어서 살인을 저지를 수 있다고 보듯이 특정 인물들이 아닌 우리 모두가 서로의 인격을 겉으로 판단하여 많은 일들이 일어나게 되기 때문이다.#@문장구분# 따라서 우리 모두는 앞으로 상대방을 평가하고 혐오스러운 발언 등을 하면서 두 번 다시는  이런 묻지마 살인 사건이 일어나지 않기 위해서 외모, 체형 등으로 판단하지 말아야 한다.#@문장구분#",
      "paragraph_len": 310,
      "paragraph_id": "003"
    },
    {
      "paragraph_txt": " 마지막으로, 우리가 시각적으로 보는 관점들을 좁게 보지 말고 넓게 바라보며 이에 따라 고정관념의 틀을 깨야한다고 생각한다. 우리들은 남자들을 이래 해야 해, 여자들은 저래야 해 라는 말을 많이 한다.#@문장구분# 하지만 이런 것들로 시작되어 갈등이 빚어지고 있기 때문에 고정관념의 틀을 깨야한다고 생각한다.#@문장구분#",
      "paragraph_len": 205,
      "paragraph_id": "004"
    },
    {
      "paragraph_txt": "  앞서 남성, 여성 혐오 발언을 해결하기 위한 3가지 방법을 제시하긴 하였지만 가장 좋은 법의 생각은 우리 모두가 이 문제를 해결하기 위해서 무언가를 폐지하는 것보다 서로 존중하고 배려하며 살아가면 조금이나마 나은 삶을 살아갈 수 있다고 본다.#@문장구분#",
      "paragraph_len": 157,
      "paragraph_id": "005"
    }
  ],
  "score": {
    "paragraph_score": [
      {
        "paragraph_scoreT": [
          3,
          3,
          3
        ],
        "paragraph_scoreT_detail": {
          "paragraph_scoreT_exp": [
            [
              3,
              3,
              3
            ],
            [
              3,
              3,
              3
            ],
            [
              3,
              3,
              3
            ]
          ]
        },
        "paragraph_scoreT_avg": 3,
        "paragraph_id": "001"
      },
      {
        "paragraph_scoreT": [
          3,
          3,
          3
        ],
        "paragraph_scoreT_detail": {
          "paragraph_scoreT_exp": [
            [
              3,
              3,
              3
            ],
            [
              3,
              3,
              3
            ],
            [
              3,
              3,
              3
            ]
          ]
        },
        "paragraph_scoreT_avg": 3,
        "paragraph_id": "002"
      },
      {
        "paragraph_scoreT": [
          3,
          3,
          3
        ],
        "paragraph_scoreT_detail": {
          "paragraph_scoreT_exp": [
            [
              3,
              3,
              3
            ],
            [
              3,
              3,
              3
            ],
            [
              3,
              3,
              3
            ]
          ]
        },
        "paragraph_scoreT_avg": 3,
        "paragraph_id": "003"
      },
      {
        "paragraph_scoreT": [
          3,
          3,
          3
        ],
        "paragraph_scoreT_detail": {
          "paragraph_scoreT_exp": [
            [
              3,
              3,
              3
            ],
            [
              3,
              3,
              3
            ],
            [
              3,
              3,
              3
            ]
          ]
        },
        "paragraph_scoreT_avg": 3,
        "paragraph_id": "004"
      },
      {
        "paragraph_scoreT": [
          3,
          3,
          3
        ],
        "paragraph_scoreT_detail": {
          "paragraph_scoreT_exp": [
            [
              3,
              3,
              3
            ],
            [
              3,
              3,
              3
            ],
            [
              3,
              3,
              3
            ]
          ]
        },
        "paragraph_scoreT_avg": 3,
        "paragraph_id": "005"
      }
    ],
    "essay_scoreT": [
      28.8,
      30,
      27
    ],
    "essay_scoreT_avg": 28.6,
    "essay_scoreT_detail": {
      "essay_scoreT_org": [
        [
          3,
          0,
          3,
          3
        ],
        [
          3,
          0,
          3,
          3
        ],
        [
          2,
          0,
          3,
          3
        ]
      ],
      "essay_scoreT_cont": [
        [
          3,
          2,
          3,
          3
        ],
        [
          3,
          3,
          3,
          3
        ],
        [
          3,
          2,
          3,
          3
        ]
      ],
      "essay_scoreT_exp": [
        [
          3,
          3,
          3
        ],
        [
          3,
          3,
          3
        ],
        [
          3,
          3,
          3
        ]
      ]
    }
  },
  "student": {
    "date": "2021.09.03",
    "student_educated": true,
    "student_grade": "고등_1학년",
    "location": "051",
    "student_grade_group": "고등",
    "student_reading": 1
  },
  "rubric": {
    "essay_grade": "고등_1학년",
    "organization_weight": {
      "org_paragraph": 0,
      "org": 3,
      "org_essay": 6,
      "org_coherence": 3,
      "org_quantity": 1
    },
    "essay_type": "대안제시",
    "content_weight": {
      "con_clearance": 3,
      "con_novelty": 3,
      "con": 4,
      "con_prompt": 1,
      "con_description": 3
    },
    "essay_main_subject": "남녀 갈등 해결 방안",
    "expression_weight": {
      "exp_style": 4,
      "exp_grammar": 2,
      "exp_vocab": 4,
      "exp": 3
    }
  },
  "correction": [],
  "info": {
    "essay_id": "ESSAY_35605",
    "essay_prompt": " 남녀 갈등은 최근 우리 사회에서 가장 뜨거운 이슈 중 하나입니다. 이러한 갈등은 아직 간극을 좁히지 못하고 현재 사회적인 문제로 자리 잡았습니다.\n\n 군 가산점 문제, 일자리 문제 등 여러 가지 비교 자료들을 토대로 토론을 하고 이를 통해 갈등을 해결하고자 하는 노력이 이루어지고 있습니다.\n\n 과거에는 성차별 심했던 시기가 있었습니다. 여자와 남자를 구별 지어 일을 주는 경우도 많았습니다. 하지만, 현재는 여자와 남자라는 성별을 떠나서 나이, 국적을 불문하고 모두에게 평등한 기회를 주기 위해 노력하고 있습니다.\n\n 이렇게 모두의 노력에도 불구하고 아직 해결되지 않았거나 해결될 기미가 보이지 않는 양성평등 문제가 있을까요?\n\n 아주 작은 사소한 일이라도 좋습니다. 여러분이 생각하는 우리 주변의 양성평등 문제를 하나 작성해보고 어떻게 해결할 수 있을지 혹은 무엇이 바뀌어야 해결될 것 같은지 본인의 생각을 설명해주세요. ",
    "essay_type": "대안제시",
    "essay_level": "1",
    "essay_len": 933,
    "essay_main_subject": "남녀 갈등 해결 방안"
  }
}