{
  "paragraph": [
    {
      "paragraph_txt": "인천 쓰레기 매립지의 종료로 인해서 많은 언론과 문제점이 나오고 있다.#@문장구분# 인천 쓰레기 매립지는 1992년부터 약 30년 동안 매립지로 운영하다 2025년 드디어 종료를 앞두고 있는 상황이다.#@문장구분# 우리가 무심코 사용하는 일회용품과 쓰레기로 인해 지구까지도 악영향을 주었지만, 그 행동에 대한 책임은 회피하고 편안함만 누리려고 한다.#@문장구분# 우리의 행동 때문에 생겨나 버린 엄청난 쓰레기를 현재 감당하기에 힘들 정도의 양이 되버렸고 이일을 해결하려면 혐오시설이 갖춰져야 하지만 극심한 반대로 갈피를 잃고 있다.#@문장구분# 이러한 문제점을 해결하기위해서는 어떻게든 해결방안이 갖춰져야 할 것 이다.#@문장구분#",
      "paragraph_len": 418,
      "paragraph_id": "001"
    },
    {
      "paragraph_txt": " 첫번째로 쓰레기 매립지가 운영되는 지역엔 환경오염과 쓰레기를 취급한다는 점에서 혐오감을 주어 이 지역 시민들은 불만이 많을 것 이다.#@문장구분# 이런 불만을 조금이라도 줄이고 혜택을 누릴수 있다는 강력한 무언가가 필요할 것이다.#@문장구분# 그로는 그지역에만 다양한 복지시설을 설치해주는 것이다.#@문장구분# 물론 이것으로 모든게 보상받지는 못할것이고 불편함은 계속될테지만 장애인시설 노인복지시설 어린이대공원, 어린이 복지회관 등 많은 복지시설이 갖추어진 곳이라면 이를 반기는 사람들도 반드시 있을 것이라고 생각한다.#@문장구분# 두 번째로는 관광지로 지정하는 것이다.#@문장구분#",
      "paragraph_len": 392,
      "paragraph_id": "002"
    },
    {
      "paragraph_txt": " 쓰레기 매립지가 있는 혐오스러운 곳이라는 이미지를 버리게하고 유명한 자연물이나 건물을 통해 관광지 라는 보다 더 크게 씌워주는 것이다.#@문장구분# 마지막 세 번째로 세금을 건드는 일은 국민에게 예민할 일일지 모르지만 그 지역 사람들의 불편과 불만들은 우리가 생각하는 그 이상이라고 생각한다.#@문장구분# 그들의 불편함을 보상해주는 뚜렷한 혜택을 필요하다고 생각하며 다른 지역에 비해 10%정도 감면하는 방안도 나쁘지 않다고 생각한다.#@문장구분# 앞으로 나도 모든 행동은 다시 우리에게 돌아올 것이라는 점을 인지하고 나라에서 친환경을 위해 힘쓰고 국민들이 이를 통해 더 변할 수 있게 많은 노력을 해주셨으면 좋겠다.#@문장구분#",
      "paragraph_len": 405,
      "paragraph_id": "003"
    }
  ],
  "score": {
    "paragraph_score": [
      {
        "paragraph_scoreT": [
          3,
          3,
          2
        ],
        "paragraph_scoreT_detail": {
          "paragraph_scoreT_exp": [
            [
              3,
              3,
              3
            ],
            [
              3,
              3,
              3
            ],
            [
              2,
              2,
              2
            ]
          ]
        },
        "paragraph_scoreT_avg": 2.6666667,
        "paragraph_id": "001"
      },
      {
        "paragraph_scoreT": [
          2.8,
          3,
          2
        ],
        "paragraph_scoreT_detail": {
          "paragraph_scoreT_exp": [
            [
              2,
              3,
              3
            ],
            [
              3,
              3,
              3
            ],
            [
              2,
              2,
              2
            ]
          ]
        },
        "paragraph_scoreT_avg": 2.6000001,
        "paragraph_id": "002"
      },
      {
        "paragraph_scoreT": [
          2.8,
          2.8,
          2
        ],
        "paragraph_scoreT_detail": {
          "paragraph_scoreT_exp": [
            [
              2,
              3,
              3
            ],
            [
              2,
              3,
              3
            ],
            [
              2,
              2,
              2
            ]
          ]
        },
        "paragraph_scoreT_avg": 2.5333333,
        "paragraph_id": "003"
      }
    ],
    "essay_scoreT": [
      28.2,
      29.4,
      20
    ],
    "essay_scoreT_avg": 25.866667,
    "essay_scoreT_detail": {
      "essay_scoreT_org": [
        [
          3,
          0,
          3,
          3
        ],
        [
          3,
          0,
          3,
          3
        ],
        [
          2,
          0,
          2,
          2
        ]
      ],
      "essay_scoreT_cont": [
        [
          3,
          2,
          3,
          3
        ],
        [
          3,
          3,
          3,
          3
        ],
        [
          2,
          2,
          2,
          2
        ]
      ],
      "essay_scoreT_exp": [
        [
          2,
          3,
          3
        ],
        [
          2,
          3,
          3
        ],
        [
          2,
          2,
          2
        ]
      ]
    }
  },
  "student": {
    "date": "2020.09.06",
    "student_educated": true,
    "student_grade": "고등_1학년",
    "location": "051",
    "student_grade_group": "고등",
    "student_reading": 2
  },
  "rubric": {
    "essay_grade": "고등_1학년",
    "organization_weight": {
      "org_paragraph": 0,
      "org": 3,
      "org_essay": 6,
      "org_coherence": 3,
      "org_quantity": 1
    },
    "essay_type": "대안제시",
    "content_weight": {
      "con_clearance": 3,
      "con_novelty": 3,
      "con": 4,
      "con_prompt": 1,
      "con_description": 3
    },
    "essay_main_subject": "혐오시설 건설문제에 대한 본인의 생각",
    "expression_weight": {
      "exp_style": 4,
      "exp_grammar": 2,
      "exp_vocab": 4,
      "exp": 3
    }
  },
  "correction": [],
  "info": {
    "essay_id": "ESSAY_34924",
    "essay_prompt": " 혐오 시설이란 지역 주민에게 공포감이나 고통을 주거나, 주변 지역의 쾌적성이 훼손됨으로써 집값이나 땅값이 내려가는 등 부정적인 외부효과를 유발하는 시설을 의미합니다.\n\n 대표적인 혐오 시설에는 쓰레기 매립장, 원자력발전소, 소각장, 유류저장소 등이 있습니다.\n\n 매립지, 소각장, 쓰레기 하치장 같은 혐오 시설은 그리 위험하지는 않지만, 쓰레기를 취급한다는 점에서 혐오감을 주며, 주변 환경오염 문제가 갈등을 일으킵니다. 특히 소각장은 인구밀도가 높은 대도시에 건설된다는 점에서 반대 운동이 일기도 합니다.\n\n 그런데 서로 반대만 하다 보면 입지를 찾지 못해 결국 모든 주민의 삶의 질이 저하될 수 있습니다.\n\n 정부 차원에서 가장 적절한 장소를 선별하여 건설 후 주변 사람들에게 혜택을 주는 방식이 적절한 방법일까요? 아니면 혐오 시설만을 모아둔 부지를 따로 정해서 건설해야 할까요? 아니면 모든 도시가 공평하게 혐오 시설 건설에 대한 부담을 지니고 하나씩 건설해야 할까요?\n\n 모두가 만족할만한 결과를 내기란 정말 어려운 문제이지만 여러분이 생각하는 가장 합리적이고 좋은 방법을 생각해보세요. 그리고 그 방법을 대안으로 제시하고 그 근거에 대해 작성해주세요.",
    "essay_type": "대안제시",
    "essay_level": "1",
    "essay_len": 939,
    "essay_main_subject": "혐오시설 건설문제에 대한 본인의 생각"
  }
}