{
  "paragraph": [
    {
      "paragraph_txt": "양성평등이란 무엇일까요? #@문장구분#우리는 이것이 무엇인지부터 생각하고 넘어가야 합니다.#@문장구분# 일반적으로 양성평등, 다른 말로는 남녀평등이라고도 불리었던 이 말은 남성과 여성이 특별히 한쪽에 대한 편견이나 우대 없이 동등한 지위를 보장받고, 법률적, 사회적으로 차별을 하지 않는다는 원칙이며 좀 더 나아가자면 현대사회에서 성별의 차이에 의해서 직장이나 어떤 일에 대하여 차별을 받지 않고 자기 자신의 능력에 따라 그 정도가 정해지는 것이라고 볼 수 있습니다.#@문장구분# 저는 양성평등이 이루어지지 않았던 이류에 대해서 얘기해 보자면, 우리나라는 옛 문헌들에 의하면 고려시대까지만 해도 남성과 여성에 대한 차별이 거의 없었다고 합니다. #@문장구분#하지만, 조선이라는 나라가 건국되고 초기에는 유교 - 초기에는 성리학, 후에는 실학 - 를 통치이념으로 택하고 각 마을의 지방의 향리가 백성들을 교화시키는 유향소라는 곳에서 유교적인 사상을 가르치면서 그때부터 남녀가 차별대우를 받았습니다.#@문장구분# 사실상 조선이라는 사회가 남녀차별을 발생시키고 더 나아가서 심화시켰다고도 볼 수 있습니다.#@문장구분# 한가지 예로 우리나라에서는 단체로 하는 운동 - 특히 축구나 야구 같은 구기 종목 등 - 을 할 때, 체육수업을 제외하고는 남학생과 여학생이 함께하는 일이 잘 없으며 실제로 여학생이 하려고 하더라고 거의 불가능합니다.#@문장구분# 또한, 일부 어른들께서는 이렇게도 말씀하십니다.#@문장구분# \"여자가 뛰어다니면 어니 쓰나?, 무슨 여자애가 그렇게 칠칠맞지 못하니?, 곱게 앉아나 있을 것이지. 쯧쯧쯧......\" 이런 말투로 그나마 운동을 하고 싶어 하는 여학생들의 마음까지도 흔들어 버리는 경우가 많이 있습니다.#@문장구분# 듣는 사람의 입장에서는 정말로 자신이 무언가 하고 싶은데 그것을 하고 싶은 마음과 의지가 와르르 무너져 버리는 정말 심각하게 받아드릴 수 있는 말입니다.#@문장구분# 물론 과거에는 많은 국민들의 머릿속에 있는 고정관념 때문에 엄두도 내지 못했던 양성평등에 얽힌 수많은 문제들이 우리가 살아가는 현대사회에서는 이러한 점차 개선되어가고 있는 것은 사실입니다.#@문장구분# 여성고용문제나 출산휴가, 공무원시험의 가산점, 남녀 간의 임금격차 같은 것들이 이에 속합니다.#@문장구분# 하지만, 우리나라는 아직까지도 특유의 동양적 사고로 남녀에 대한 차별이 매우 심한 나라입니다.#@문장구분# 지금이라도 우리 모두 남녀모두 평등한 양성평등 사회를 만들기 위해 노력을 아끼지 말고 내가 먼저라는 생각을 중심으로 모두가 평등한 사회를 만들기 위해 열심히 노력해야 할 것입니다.#@문장구분#",
      "paragraph_len": 1473,
      "paragraph_id": "001"
    }
  ],
  "score": {
    "paragraph_score": [
      {
        "paragraph_scoreT": [
          3,
          3,
          3
        ],
        "paragraph_scoreT_detail": {
          "paragraph_scoreT_exp": [
            [
              3,
              3,
              3
            ],
            [
              3,
              3,
              3
            ],
            [
              3,
              3,
              3
            ]
          ]
        },
        "paragraph_scoreT_avg": 3,
        "paragraph_id": "001"
      }
    ],
    "essay_scoreT": [
      26,
      30,
      30
    ],
    "essay_scoreT_avg": 28.666666,
    "essay_scoreT_detail": {
      "essay_scoreT_org": [
        [
          3,
          0,
          3,
          3
        ],
        [
          3,
          0,
          3,
          3
        ],
        [
          3,
          0,
          3,
          3
        ]
      ],
      "essay_scoreT_cont": [
        [
          2,
          2,
          2,
          2
        ],
        [
          3,
          3,
          3,
          3
        ],
        [
          3,
          3,
          3,
          3
        ]
      ],
      "essay_scoreT_exp": [
        [
          3,
          3,
          3
        ],
        [
          3,
          3,
          3
        ],
        [
          3,
          3,
          3
        ]
      ]
    }
  },
  "student": {
    "date": "2021.12.13",
    "student_educated": true,
    "student_grade": "고등_1학년",
    "location": "063",
    "student_grade_group": "고등",
    "student_reading": 2
  },
  "rubric": {
    "essay_grade": "고등_1학년",
    "organization_weight": {
      "org_paragraph": 0,
      "org": 3,
      "org_essay": 6,
      "org_coherence": 3,
      "org_quantity": 1
    },
    "essay_type": "대안제시",
    "content_weight": {
      "con_clearance": 3,
      "con_novelty": 3,
      "con": 4,
      "con_prompt": 1,
      "con_description": 3
    },
    "essay_main_subject": "남녀 갈등 해결 방안",
    "expression_weight": {
      "exp_style": 4,
      "exp_grammar": 2,
      "exp_vocab": 4,
      "exp": 3
    }
  },
  "correction": [],
  "info": {
    "essay_id": "ESSAY_62099",
    "essay_prompt": " 남녀 갈등은 최근 우리 사회에서 가장 뜨거운 이슈 중 하나입니다. 이러한 갈등은 아직 간극을 좁히지 못하고 현재 사회적인 문제로 자리 잡았습니다.\n\n 군 가산점 문제, 일자리 문제 등 여러 가지 비교 자료들을 토대로 토론을 하고 이를 통해 갈등을 해결하고자 하는 노력이 이루어지고 있습니다.\n\n 과거에는 성차별 심했던 시기가 있었습니다. 여자와 남자를 구별 지어 일을 주는 경우도 많았습니다. 하지만, 현재는 여자와 남자라는 성별을 떠나서 나이, 국적을 불문하고 모두에게 평등한 기회를 주기 위해 노력하고 있습니다.\n\n 이렇게 모두의 노력에도 불구하고 아직 해결되지 않았거나 해결될 기미가 보이지 않는 양성평등 문제가 있을까요?\n\n 아주 작은 사소한 일이라도 좋습니다. 여러분이 생각하는 우리 주변의 양성평등 문제를 하나 작성해보고 어떻게 해결할 수 있을지 혹은 무엇이 바뀌어야 해결될 것 같은지 본인의 생각을 설명해주세요. ",
    "essay_type": "대안제시",
    "essay_level": "1",
    "essay_len": 1193,
    "essay_main_subject": "남녀 갈등 해결 방안"
  }
}