{
  "paragraph": [
    {
      "paragraph_txt": "혐오시설 건설에 대해 많은 문제가 나와서 이슈가 되고 있다.#@문장구분# 이 이슈에 대해서는 우리 지역에 혐오시설이 생기느냐 그렇지 않느냐에 따른 찬반부터 우리지역에 생기는 경우 집값이 떨어지거나 그런 경우를 얘기를 한다.#@문장구분# 이처럼 혐오시설 설치에 관해서는 공익을 위함과 반대 측의 불편이 공존 하므로 님비현상이 일어날 수 밖에 없다고 생각 한다.#@문장구분# 말그대로 혐오시설이란 혐오스러워 하는 곳들을 혐오시설이라고 한다.#@문장구분# 예를 들면 소각장이나 쓰레기매립장,화장장건설에 대해 주민과 건설관계자측에서 갈등이 발생한다.#@문장구분# 더군다나 쓰레기매립장, 소각장과 같은 시설이 없으면 모든주민의 삶이 저하될 수 있는 문제가 발생한다.#@문장구분# 이러한 문제를 해결하기 위해서는 소각장, 쓰레기매립장같은 혐오시설을 사람이 많은 대도시에 설립하지말고 사람들이 없는 곳에 설립하면 된다고 생각한다.#@문장구분# 또, 주민들의 삶의 만족도가 현저히 떨어지기 때문에 이러한 혐오시설을 주로 교외 지역에 설치하려고 하고, 다양한 문제점을 가지고 있는 시설로 간주하며 우리가 이를 통해 얻은 이익은 무시하고 자신의 눈 앞에서 치워버리자는 생각을 가지고 있다.#@문장구분# 그럼 이러한 문제점들을 해결하기 위해서는 어떻게 해야 할까.#@문장구분# 정부 측은 이들에게 최대한의 혜택을 주어야 한다고 생각한다.#@문장구분# 쓰레기 처리장 주변에서도 쓰레기 처리 비용을 감면해 주는 등 최선의 혜택을 주면 님비, 혐오시설이 핌비, 선호시설이 될 수 도 있다고 생각한다.#@문장구분# 하지만 이러한 혜택을 준다 해서 혐오시설이 주는 피해요인은 극복하기 어려운 것은 사실이다.#@문장구분# 그러니 지금 현재는 혐오시설을 설치하는 대신 여러 가지 이점과 혜택 등을 대가로 제시하고, 인구가 희박한 국유지로 이전하는 방안도 있을 것 같 다.#@문장구분# 그리고 혐오시설을 법령으로 규정하면 이러한 혐오시설의 유치 및 분쟁 발생 시중재책이 마련된다.#@문장구분# 앞으로 우리는 더 관심을 가지고 있는 문제들을 모색해 나가야 한다.#@문장구분#",
      "paragraph_len": 1224,
      "paragraph_id": "001"
    }
  ],
  "score": {
    "paragraph_score": [
      {
        "paragraph_scoreT": [
          1.8,
          2.4,
          2
        ],
        "paragraph_scoreT_detail": {
          "paragraph_scoreT_exp": [
            [
              1,
              2,
              2
            ],
            [
              2,
              3,
              2
            ],
            [
              2,
              2,
              2
            ]
          ]
        },
        "paragraph_scoreT_avg": 2.0666666,
        "paragraph_id": "001"
      }
    ],
    "essay_scoreT": [
      26.4,
      28.2,
      27
    ],
    "essay_scoreT_avg": 27.199999,
    "essay_scoreT_detail": {
      "essay_scoreT_org": [
        [
          3,
          0,
          3,
          3
        ],
        [
          3,
          0,
          3,
          3
        ],
        [
          3,
          0,
          3,
          3
        ]
      ],
      "essay_scoreT_cont": [
        [
          3,
          3,
          3,
          3
        ],
        [
          3,
          3,
          3,
          3
        ],
        [
          3,
          3,
          3,
          3
        ]
      ],
      "essay_scoreT_exp": [
        [
          1,
          2,
          2
        ],
        [
          2,
          3,
          2
        ],
        [
          2,
          2,
          2
        ]
      ]
    }
  },
  "student": {
    "date": "2021.12.13",
    "student_educated": true,
    "student_grade": "고등_1학년",
    "location": "063",
    "student_grade_group": "고등",
    "student_reading": 2
  },
  "rubric": {
    "essay_grade": "고등_1학년",
    "organization_weight": {
      "org_paragraph": 0,
      "org": 3,
      "org_essay": 6,
      "org_coherence": 3,
      "org_quantity": 1
    },
    "essay_type": "대안제시",
    "content_weight": {
      "con_clearance": 3,
      "con_novelty": 3,
      "con": 4,
      "con_prompt": 1,
      "con_description": 3
    },
    "essay_main_subject": "혐오시설 건설문제에 대한 본인의 생각",
    "expression_weight": {
      "exp_style": 4,
      "exp_grammar": 2,
      "exp_vocab": 4,
      "exp": 3
    }
  },
  "correction": [],
  "info": {
    "essay_id": "ESSAY_63050",
    "essay_prompt": " 혐오 시설이란 지역 주민에게 공포감이나 고통을 주거나, 주변 지역의 쾌적성이 훼손됨으로써 집값이나 땅값이 내려가는 등 부정적인 외부효과를 유발하는 시설을 의미합니다.\n\n 대표적인 혐오 시설에는 쓰레기 매립장, 원자력발전소, 소각장, 유류저장소 등이 있습니다.\n\n 매립지, 소각장, 쓰레기 하치장 같은 혐오 시설은 그리 위험하지는 않지만, 쓰레기를 취급한다는 점에서 혐오감을 주며, 주변 환경오염 문제가 갈등을 일으킵니다. 특히 소각장은 인구밀도가 높은 대도시에 건설된다는 점에서 반대 운동이 일기도 합니다.\n\n 그런데 서로 반대만 하다 보면 입지를 찾지 못해 결국 모든 주민의 삶의 질이 저하될 수 있습니다.\n\n 정부 차원에서 가장 적절한 장소를 선별하여 건설 후 주변 사람들에게 혜택을 주는 방식이 적절한 방법일까요? 아니면 혐오 시설만을 모아둔 부지를 따로 정해서 건설해야 할까요? 아니면 모든 도시가 공평하게 혐오 시설 건설에 대한 부담을 지니고 하나씩 건설해야 할까요?\n\n 모두가 만족할만한 결과를 내기란 정말 어려운 문제이지만 여러분이 생각하는 가장 합리적이고 좋은 방법을 생각해보세요. 그리고 그 방법을 대안으로 제시하고 그 근거에 대해 작성해주세요.",
    "essay_type": "대안제시",
    "essay_level": "1",
    "essay_len": 924,
    "essay_main_subject": "혐오시설 건설문제에 대한 본인의 생각"
  }
}