{
  "paragraph": [
    {
      "paragraph_txt": "요즘 sns나 인터넷상에서 남녀차별적인 발언이 수없이 많아지고 남녀혐오발언을 심심찮게 하는 것을 볼 수 있다.#@문장구분# 분명 이런 남녀차별은 어딘가에서 비롯되는 것인데, 어떤 일 때문에 이렇게 남녀가 서로를 혐오하고 비판적으로 보게 된 것일까?#@문장구분#",
      "paragraph_len": 171,
      "paragraph_id": "001"
    },
    {
      "paragraph_txt": " 먼저 우리나라는 고정관념이 다른 나라보다 상당히 많이 존재한다.#@문장구분# 예를 들어 '남자는 주방에 오면 안  된다.'#@문장구분# '여성은 집안에서 집안일이나 할 것이지 밖에 나가 일을 도와봤자 도움이 안 된다.'등 옛날부터 전해져 내려오는 남녀 차별적 인식이 강하게 박혀있는 것이다.#@문장구분# 게다가 1900년 후반이나 2000년 초반엔 이런 이유로 사회에 나가는 여성들이 차별받기도 하였다.#@문장구분# 예를 들자면 '여성은 결혼을 하여 임신을 한다면 그 기간 동안 유급휴가를 주는 것은 너무 회사에게 큰 타격이므로 여성은 모집하지 않는다. '라는 등 여성을 강하게 차별하는 회사의 조침도 문제가 되었다.#@문장구분# 이렇게 여성들이 사회에서 얻을 수 있는 자리가 그리 마땅하지 않은 상황, 차별적인 대우를 받으며 생활을 하는 여성들이 스트레스를 보이는 것도 자주 발생하고 있다. #@문장구분#그리고 이때부터가 남녀 간의 갈등이 심화되었다.#@문장구분# ",
      "paragraph_len": 577,
      "paragraph_id": "002"
    },
    {
      "paragraph_txt": " 하지만 그의 반대되는 경우도 존재한다.#@문장구분# 여성이 차별받는 것이 부조리 하다고 생각하여 여성들에게 유리한 조건의 공공시설이나 법안을 제출하는 경우가 가끔씩 발생하는데, 정말 심각하게 남성을 차별하는 것인데 허용되는 경우가 있어 남성들은 역차별을 주장하는 것이다,#@문장구분# 예를 들자면 제천 여성 도서관을 예로 들 수 있을 것이다.#@문장구분# 도서관을 설립하는데 부지를 지원해준 할머니는 \"학생이 2만5000명이나 되는 현실에 사용할만한 도서관은 고작 문화회관 뿐이다.\"라며 도서관을 설립하게 도왔다.#@문장구분# 그리고 분명히 할머니의 부탁은 제천 시립 도서관을 건설해 달라고 했지만 어이없게도 제천 시립 도서관이 아닌 제천 여성 도서관이 설립된 것이다.#@문장구분# 남성이 2만5000명이나 되는 학생 중에 최소 1만 명은 될 텐데 굳이 여성도서관을 지은 이유는 아직 이해할 수가 없는 일이다.#@문장구분# 이렇게 사회에선 점점 남성 역차별 사건도 증가하고 있다.#@문장구분#",
      "paragraph_len": 591,
      "paragraph_id": "003"
    },
    {
      "paragraph_txt": " 이렇게 우리는 많은 사회적으로 차별하는 사례들을 겪는다.#@문장구분# 그럼 우리는 서로 존중하면서 살기위해선 어떤 노력이 필요할까?#@문장구분# 먼저, 우리나라만의 고정관념을 없애야한다.#@문장구분# 우리 서로 여성과 남성이 자신이 할 수 있는 최고의 일을 해서 그런 고정관념을 깨야한다.#@문장구분# 만약 이러한 고정관념이 사라지지 않는다면 우리 사회는 절대로 변화할 수 없을 것이다.#@문장구분# 둘째, 상호간의 존중이 필요하다.#@문장구분# 혐오발언, 역차별, 혐오를 지지하는 단체 등등 우리가 단 순간에 해결할 수 있는 문제들이 많지 않다.#@문장구분# 우리는 천천히 하나하나씩 서로를 존중하며 같은 건 같게 대우하고 , 다른 건 다르게 대우하는 자세가 필요하다.#@문장구분# 이러한 행동들이 하나하나씩 합쳐져서 큰일을 낳게 된다면 도미노처럼 다른 일들은 순차적으로 쉽게 해결될 것이다.#@문장구분#",
      "paragraph_len": 569,
      "paragraph_id": "004"
    }
  ],
  "score": {
    "paragraph_score": [
      {
        "paragraph_scoreT": [
          2.6,
          3,
          3
        ],
        "paragraph_scoreT_detail": {
          "paragraph_scoreT_exp": [
            [
              3,
              3,
              2
            ],
            [
              3,
              3,
              3
            ],
            [
              3,
              3,
              3
            ]
          ]
        },
        "paragraph_scoreT_avg": 2.8666668,
        "paragraph_id": "001"
      },
      {
        "paragraph_scoreT": [
          2.6,
          3,
          2.2
        ],
        "paragraph_scoreT_detail": {
          "paragraph_scoreT_exp": [
            [
              3,
              3,
              2
            ],
            [
              3,
              3,
              3
            ],
            [
              3,
              2,
              2
            ]
          ]
        },
        "paragraph_scoreT_avg": 2.6000001,
        "paragraph_id": "002"
      },
      {
        "paragraph_scoreT": [
          2.6,
          3,
          2.8
        ],
        "paragraph_scoreT_detail": {
          "paragraph_scoreT_exp": [
            [
              3,
              3,
              2
            ],
            [
              3,
              3,
              3
            ],
            [
              2,
              3,
              3
            ]
          ]
        },
        "paragraph_scoreT_avg": 2.8,
        "paragraph_id": "003"
      },
      {
        "paragraph_scoreT": [
          2.6,
          3,
          2.4
        ],
        "paragraph_scoreT_detail": {
          "paragraph_scoreT_exp": [
            [
              3,
              3,
              2
            ],
            [
              3,
              3,
              3
            ],
            [
              2,
              3,
              2
            ]
          ]
        },
        "paragraph_scoreT_avg": 2.6666667,
        "paragraph_id": "004"
      }
    ],
    "essay_scoreT": [
      25.8,
      26,
      21.5
    ],
    "essay_scoreT_avg": 24.433334,
    "essay_scoreT_detail": {
      "essay_scoreT_org": [
        [
          2,
          0,
          3,
          3
        ],
        [
          3,
          0,
          3,
          3
        ],
        [
          2,
          0,
          2,
          3
        ]
      ],
      "essay_scoreT_cont": [
        [
          3,
          2,
          3,
          3
        ],
        [
          2,
          2,
          2,
          2
        ],
        [
          2,
          2,
          2,
          2
        ]
      ],
      "essay_scoreT_exp": [
        [
          3,
          3,
          2
        ],
        [
          3,
          3,
          3
        ],
        [
          2,
          3,
          2
        ]
      ]
    }
  },
  "student": {
    "date": "2021.10.01",
    "student_educated": true,
    "student_grade": "고등_1학년",
    "location": "051",
    "student_grade_group": "고등",
    "student_reading": 1
  },
  "rubric": {
    "essay_grade": "고등_1학년",
    "organization_weight": {
      "org_paragraph": 0,
      "org": 3,
      "org_essay": 6,
      "org_coherence": 3,
      "org_quantity": 1
    },
    "essay_type": "대안제시",
    "content_weight": {
      "con_clearance": 3,
      "con_novelty": 3,
      "con": 4,
      "con_prompt": 1,
      "con_description": 3
    },
    "essay_main_subject": "남녀 갈등 해결 방안",
    "expression_weight": {
      "exp_style": 4,
      "exp_grammar": 2,
      "exp_vocab": 4,
      "exp": 3
    }
  },
  "correction": [],
  "info": {
    "essay_id": "ESSAY_36422",
    "essay_prompt": " 남녀 갈등은 최근 우리 사회에서 가장 뜨거운 이슈 중 하나입니다. 이러한 갈등은 아직 간극을 좁히지 못하고 현재 사회적인 문제로 자리 잡았습니다.\n\n 군 가산점 문제, 일자리 문제 등 여러 가지 비교 자료들을 토대로 토론을 하고 이를 통해 갈등을 해결하고자 하는 노력이 이루어지고 있습니다.\n\n 과거에는 성차별 심했던 시기가 있었습니다. 여자와 남자를 구별 지어 일을 주는 경우도 많았습니다. 하지만, 현재는 여자와 남자라는 성별을 떠나서 나이, 국적을 불문하고 모두에게 평등한 기회를 주기 위해 노력하고 있습니다.\n\n 이렇게 모두의 노력에도 불구하고 아직 해결되지 않았거나 해결될 기미가 보이지 않는 양성평등 문제가 있을까요?\n\n 아주 작은 사소한 일이라도 좋습니다. 여러분이 생각하는 우리 주변의 양성평등 문제를 하나 작성해보고 어떻게 해결할 수 있을지 혹은 무엇이 바뀌어야 해결될 것 같은지 본인의 생각을 설명해주세요. ",
    "essay_type": "대안제시",
    "essay_level": "1",
    "essay_len": 1415,
    "essay_main_subject": "남녀 갈등 해결 방안"
  }
}