{
  "paragraph": [
    {
      "paragraph_txt": "혐오 시설이란 지역 주민에게 공포감이나 고통을 주거나, 주변 지역의 쾌적성이 훼손됨으로써 집값이나 땅값이 내려가는 등 부정적인 외부효과를 유발하는 시설을 의미한다.#@문장구분# 본인이 살고 있는 지역에 혐오시설을 두고 싶은 마음을 지니고 있지 않을 것이다.#@문장구분#\n \n 대표적인 혐오 시설에는 쓰레기 매립장, 원자력발전소, 소각장, 유류저장소 등이 있다.#@문장구분# 그중 하수처리장을 설치하면 좋지않은 외관과 약취의 문제는 피할 수 없다.#@문장구분# 그로인해 지역주민들은 하수처리시설 설치를 반대한다.#@문장구분# 하지만 그러한 문제들은 해결할 수 있다.#@문장구분# 해결방안으로는 하수처리시설을 지하에 설치하는 것이다.#@문장구분#지금의 과학 기술로 충분히 가능하기 때문에 실현 가능성이 충분하다.#@문장구분# 하수처리시설을 지하에 설치함으로서 외부로 나가는 악취를 막을 수 있다.#@문장구분# 외관상으로도 이득이다.#@문장구분# 밖으로 노출되어있는 하수처리장은 외적으로 많은 손해를 보는데 지하에 설치하면 외관을 숨길수 있어서 이득이다.#@문장구분# 밖으로 노출되어있는 하수처리장은 외적으로 많은 손해를 보는데 지하에 설치하면 외관을 숨길 수 있어서 이득이다.#@문장구분# 또하나의 해결방안은 하수처리시설의 상부에 테마공원을 설치하는 것이다.#@문장구분# 지역주민들의 의견중 하수처리시설로 인해서 관광객이 줄 것이다. 라는 의견이 있었다.#@문장구분# 이를 수용하여 하수처리시설 상부에 테마공원을 만들어 주변 관광지와 연계를 하면 될 것이다.#@문장구분# 그렇게 하면 관광객은 줄지 않을 것이고 새로운 관광지가 생기는 것이니 오히려 관광객이 늘 수 도 있다.#@문장구분# 마찬가지로 외관상의 문제도 덩달아 해결될 것이다 하수처리시설 상부에 아름다운 조성이 있다면 분명히 감미롭고 예쁠 것이다.#@문장구분# 마지막으로 해결방안은 지역주민 보상이다.#@문장구분# 가장 현실적인 해결방안인데 하각별히 더 많은 환경에 대한 예산을 지원해주는 일자리까지 만들 수 있다.#@문장구분# 적절히 사용하면 이 문제 상황을 문제없이 해결할 수 있다고 생각한다.#@문장구분#",
      "paragraph_len": 1305,
      "paragraph_id": "001"
    }
  ],
  "score": {
    "paragraph_score": [
      {
        "paragraph_scoreT": [
          2.4,
          2.4,
          2.8
        ],
        "paragraph_scoreT_detail": {
          "paragraph_scoreT_exp": [
            [
              2,
              3,
              2
            ],
            [
              2,
              3,
              2
            ],
            [
              2,
              3,
              3
            ]
          ]
        },
        "paragraph_scoreT_avg": 2.5333335,
        "paragraph_id": "001"
      }
    ],
    "essay_scoreT": [
      27,
      27,
      29.4
    ],
    "essay_scoreT_avg": 27.800001,
    "essay_scoreT_detail": {
      "essay_scoreT_org": [
        [
          3,
          0,
          3,
          3
        ],
        [
          3,
          0,
          3,
          3
        ],
        [
          3,
          0,
          3,
          3
        ]
      ],
      "essay_scoreT_cont": [
        [
          3,
          2,
          3,
          3
        ],
        [
          3,
          2,
          3,
          3
        ],
        [
          3,
          3,
          3,
          3
        ]
      ],
      "essay_scoreT_exp": [
        [
          2,
          3,
          2
        ],
        [
          2,
          3,
          2
        ],
        [
          2,
          3,
          3
        ]
      ]
    }
  },
  "student": {
    "date": "2021.12.08",
    "student_educated": true,
    "student_grade": "고등_1학년",
    "location": "063",
    "student_grade_group": "고등",
    "student_reading": 2
  },
  "rubric": {
    "essay_grade": "고등_1학년",
    "organization_weight": {
      "org_paragraph": 0,
      "org": 3,
      "org_essay": 6,
      "org_coherence": 3,
      "org_quantity": 1
    },
    "essay_type": "대안제시",
    "content_weight": {
      "con_clearance": 3,
      "con_novelty": 3,
      "con": 4,
      "con_prompt": 1,
      "con_description": 3
    },
    "essay_main_subject": "혐오시설 건설문제에 대한 본인의 생각",
    "expression_weight": {
      "exp_style": 4,
      "exp_grammar": 2,
      "exp_vocab": 4,
      "exp": 3
    }
  },
  "correction": [],
  "info": {
    "essay_id": "ESSAY_61065",
    "essay_prompt": " 혐오 시설이란 지역 주민에게 공포감이나 고통을 주거나, 주변 지역의 쾌적성이 훼손됨으로써 집값이나 땅값이 내려가는 등 부정적인 외부효과를 유발하는 시설을 의미합니다.\n\n 대표적인 혐오 시설에는 쓰레기 매립장, 원자력발전소, 소각장, 유류저장소 등이 있습니다.\n\n 매립지, 소각장, 쓰레기 하치장 같은 혐오 시설은 그리 위험하지는 않지만, 쓰레기를 취급한다는 점에서 혐오감을 주며, 주변 환경오염 문제가 갈등을 일으킵니다. 특히 소각장은 인구밀도가 높은 대도시에 건설된다는 점에서 반대 운동이 일기도 합니다.\n\n 그런데 서로 반대만 하다 보면 입지를 찾지 못해 결국 모든 주민의 삶의 질이 저하될 수 있습니다.\n\n 정부 차원에서 가장 적절한 장소를 선별하여 건설 후 주변 사람들에게 혜택을 주는 방식이 적절한 방법일까요? 아니면 혐오 시설만을 모아둔 부지를 따로 정해서 건설해야 할까요? 아니면 모든 도시가 공평하게 혐오 시설 건설에 대한 부담을 지니고 하나씩 건설해야 할까요?\n\n 모두가 만족할만한 결과를 내기란 정말 어려운 문제이지만 여러분이 생각하는 가장 합리적이고 좋은 방법을 생각해보세요. 그리고 그 방법을 대안으로 제시하고 그 근거에 대해 작성해주세요.",
    "essay_type": "대안제시",
    "essay_level": "1",
    "essay_len": 906,
    "essay_main_subject": "혐오시설 건설문제에 대한 본인의 생각"
  }
}