{
  "paragraph": [
    {
      "paragraph_txt": "쓰레기 매립장, 특수학교 등 혐오시설을 반대하는 지역 주민들로 인해 생기는 문제를 해결하기 위한 대안으로 어떤 것이 있을까?#@문장구분# 첫째, 혐오시설이 세워질 곳 주변 주민분들게 지원금을 주는 것이다.#@문장구분# 아무 혜택도 없이 무작정 혐오시설을 짓는 것을 허락해달라고 한다면 반발이 심할 것이다.#@문장구분# 많은 혜택은 아니지만 지원금을 주며 허락을 구한다면 더욱 쉽게 허락을 받을 수 있지 않을까라는 생각이 듭니다.#@문장구분# 그리고 둘째, 혐오시설을 부정적인 이미지로 보이지 않도록 디자인에 신경을 써서 문화시설처럼 보이도록 하는 것이다.#@문장구분# 혐오시설이 아주 예쁘게 디자인되었다면 길을 지나가다 보게 되면 인상을 쓰는 대신 미소를 짓게 될 것입니다.#@문장구분# 일본 오사카에 있는 한 쓰레기 매립장은 겉으로 보기엔 놀이시설로 보이는 디자인을 하고 있다.#@문장구분# 알록달록한 색과 곡선들로 이루어진 디자인이 혐오시설이라고는 상상도 못할 정도이다.#@문장구분# 이처럼 혐오시설의 디자인을 사람들에게 긍정적인 이미지로 보이게 한다면 주민들의 반발이 없어지게 될 것이다.#@문장구분# 오히려 이런 예쁜 건물 지어달라고 할 수도 있을 것이다.#@문장구분# 셋째, 환경오염, 쾌적한 환경 훼손 등의 문제가 발생하지 않도록 노력한다.#@문장구분# 하수처리 시설같은 곳은 악취도 많이 나기 때문데 주민들의 반발이 더욱 심할 것이다.#@문장구분# 어느 한 하수처리 시설은 악취가 너무 심해서 주민들의 불만도 많고 근처 아파트에는 빈집이 많이 생겼다고 한다.#@문장구분# 이 문제를 해결하기 위해 이 하수처리 시설을 새로 짓기로 하였다.#@문장구분# 시설이 오래되었기도 하여서 깨끗하게 기계들을 바꾸고 냄새도 덜 나도록 한다면 이 지역 주민들의 불만이 줄어들 것이다.#@문장구분# 이처럼 쾌적한 환경을 위해 노력한다면 지역 주민들의 반발이 더욱 줄어들 수 있을 것이라고 생각한다.#@문장구분#",
      "paragraph_len": 1162,
      "paragraph_id": "001"
    }
  ],
  "score": {
    "paragraph_score": [
      {
        "paragraph_scoreT": [
          3,
          3,
          2.6
        ],
        "paragraph_scoreT_detail": {
          "paragraph_scoreT_exp": [
            [
              3,
              3,
              3
            ],
            [
              3,
              3,
              3
            ],
            [
              3,
              3,
              2
            ]
          ]
        },
        "paragraph_scoreT_avg": 2.8666668,
        "paragraph_id": "001"
      }
    ],
    "essay_scoreT": [
      29.7,
      27.9,
      25.8
    ],
    "essay_scoreT_avg": 27.799997,
    "essay_scoreT_detail": {
      "essay_scoreT_org": [
        [
          3,
          0,
          3,
          2
        ],
        [
          2,
          0,
          3,
          2
        ],
        [
          2,
          0,
          3,
          3
        ]
      ],
      "essay_scoreT_cont": [
        [
          3,
          3,
          3,
          3
        ],
        [
          3,
          3,
          3,
          3
        ],
        [
          3,
          3,
          3,
          2
        ]
      ],
      "essay_scoreT_exp": [
        [
          3,
          3,
          3
        ],
        [
          3,
          3,
          3
        ],
        [
          3,
          3,
          2
        ]
      ]
    }
  },
  "student": {
    "date": "2021.09.10",
    "student_educated": true,
    "student_grade": "고등_1학년",
    "location": "051",
    "student_grade_group": "고등",
    "student_reading": 3
  },
  "rubric": {
    "essay_grade": "고등_1학년",
    "organization_weight": {
      "org_paragraph": 0,
      "org": 3,
      "org_essay": 6,
      "org_coherence": 3,
      "org_quantity": 1
    },
    "essay_type": "대안제시",
    "content_weight": {
      "con_clearance": 3,
      "con_novelty": 3,
      "con": 4,
      "con_prompt": 1,
      "con_description": 3
    },
    "essay_main_subject": "혐오시설 건설문제에 대한 본인의 생각",
    "expression_weight": {
      "exp_style": 4,
      "exp_grammar": 2,
      "exp_vocab": 4,
      "exp": 3
    }
  },
  "correction": [],
  "info": {
    "essay_id": "ESSAY_33906",
    "essay_prompt": " 혐오 시설이란 지역 주민에게 공포감이나 고통을 주거나, 주변 지역의 쾌적성이 훼손됨으로써 집값이나 땅값이 내려가는 등 부정적인 외부효과를 유발하는 시설을 의미합니다.\n\n 대표적인 혐오 시설에는 쓰레기 매립장, 원자력발전소, 소각장, 유류저장소 등이 있습니다.\n\n 매립지, 소각장, 쓰레기 하치장 같은 혐오 시설은 그리 위험하지는 않지만, 쓰레기를 취급한다는 점에서 혐오감을 주며, 주변 환경오염 문제가 갈등을 일으킵니다. 특히 소각장은 인구밀도가 높은 대도시에 건설된다는 점에서 반대 운동이 일기도 합니다.\n\n 그런데 서로 반대만 하다 보면 입지를 찾지 못해 결국 모든 주민의 삶의 질이 저하될 수 있습니다.\n\n 정부 차원에서 가장 적절한 장소를 선별하여 건설 후 주변 사람들에게 혜택을 주는 방식이 적절한 방법일까요? 아니면 혐오 시설만을 모아둔 부지를 따로 정해서 건설해야 할까요? 아니면 모든 도시가 공평하게 혐오 시설 건설에 대한 부담을 지니고 하나씩 건설해야 할까요?\n\n 모두가 만족할만한 결과를 내기란 정말 어려운 문제이지만 여러분이 생각하는 가장 합리적이고 좋은 방법을 생각해보세요. 그리고 그 방법을 대안으로 제시하고 그 근거에 대해 작성해주세요.",
    "essay_type": "대안제시",
    "essay_level": "1",
    "essay_len": 843,
    "essay_main_subject": "혐오시설 건설문제에 대한 본인의 생각"
  }
}