{
  "paragraph": [
    {
      "paragraph_txt": "요즘에 혐오시설과 관련된 문제들이 많이 발생하고 있습니다.#@문장구분# 경기도에선 쓰레기 소각장 이전을 위한 일로 지역단체들과 주민들이 격렬하게 반대하여 이전에 난항을 겪었던 사건이 있었습니다.#@문장구분# 쓰레기 소각장이 건설된다면 자연들도 오염되고 무엇보다 주변지역의 주민들이 많은 피해를 얻게 됩니다.#@문장구분# 하은 사람들이 자신의 거주지에 쓰레기 매립장 설립을 강경하게 반대하는 이유 중 하나가 바로 악취 때문인데, 지금도 이 악취로 인해 많은 주민들이 고통받고 있으며 이는 집값 하락에도 큰 영향을 끼치지 않을 수도 없습니다.#@문장구분# 저는 첫 번째로 소각장 주변에 나무와 꽃과 같은 식물들을 심어야 한다고 생각합니다.#@문장구분# 가장 먼저 나무는 산소를 만들어주는 좋은 식물입니다.#@문장구분# 쓰레기 소각장에서 쓰레기가 소각하는 과정에서 이산화탄소가 생기게 되고, 또 악취도 생기게 됩니다.#@문장구분# 하지만 나무가 있다면 이 안 좋은 공기들을 정화해 주어 완벽하진 못하겠지만 공기의 상태가 좋아질 것이며 나무와 꽃이 있다면 소각장 주변도 화사한 화사하게 변할 것입니다.#@문장구분# 두 번째 대안으로는 주민들에게 안 좋은 공기와 악취로 받는 피해를 줄일 수 있는 물품들을 제공합니다.#@문장구분# 소각장 주변 주민들은 특히나 공기, 악취 등으로 고생할 것입니다.#@문장구분# 이에 대해 공기청정기와 악취 제거제 등을 제공하며 또 바깥의 공기들이 잘 들어오지 않도록 집안의 창문들을 튼튼하게 교체해 주는 방법들이 있습니다.#@문장구분# 마지막 세 번째로는 주변 주민들에게 일자리를 최우선적으로 제공해 주는 것입니다.#@문장구분# 쓰레기 소각장이 생기면 일자리 또한 생길 것입니다.#@문장구분# 우리에게 쓰레기 매립장은 꼭 필요한 존재이다.#@문장구분# 따라서 우리 모두 조금씩만 양보하여 당장 우리가 직면한 환경오염 문제를 해결할 수있습니다.#@문장구분# 각 지역의 많은 사람들이 매립장 설립을 문제로 갈등을 빚고 있는 요즘, 정부가 중립의 의견으로 직접 나서서 문제 해결에 앞장선다면, 모든 사람들이 만족할 만한 해결방안이나 보상을 도출해낼 것이고, 그러면 사람들과의 갈등도 없애고, 환경오염 문제 해결도 할 수 있는 일석이조의 효과를 가져올 것이다.#@문장구분#",
      "paragraph_len": 1321,
      "paragraph_id": "001"
    }
  ],
  "score": {
    "paragraph_score": [
      {
        "paragraph_scoreT": [
          3,
          3,
          3
        ],
        "paragraph_scoreT_detail": {
          "paragraph_scoreT_exp": [
            [
              3,
              3,
              3
            ],
            [
              3,
              3,
              3
            ],
            [
              3,
              3,
              3
            ]
          ]
        },
        "paragraph_scoreT_avg": 3,
        "paragraph_id": "001"
      }
    ],
    "essay_scoreT": [
      30,
      30,
      24.9
    ],
    "essay_scoreT_avg": 28.300001,
    "essay_scoreT_detail": {
      "essay_scoreT_org": [
        [
          3,
          0,
          3,
          3
        ],
        [
          3,
          0,
          3,
          3
        ],
        [
          2,
          0,
          2,
          3
        ]
      ],
      "essay_scoreT_cont": [
        [
          3,
          3,
          3,
          3
        ],
        [
          3,
          3,
          3,
          3
        ],
        [
          3,
          2,
          3,
          2
        ]
      ],
      "essay_scoreT_exp": [
        [
          3,
          3,
          3
        ],
        [
          3,
          3,
          3
        ],
        [
          3,
          3,
          3
        ]
      ]
    }
  },
  "student": {
    "date": "2021.12.08",
    "student_educated": true,
    "student_grade": "고등_1학년",
    "location": "063",
    "student_grade_group": "고등",
    "student_reading": 1
  },
  "rubric": {
    "essay_grade": "고등_1학년",
    "organization_weight": {
      "org_paragraph": 0,
      "org": 3,
      "org_essay": 6,
      "org_coherence": 3,
      "org_quantity": 1
    },
    "essay_type": "대안제시",
    "content_weight": {
      "con_clearance": 3,
      "con_novelty": 3,
      "con": 4,
      "con_prompt": 1,
      "con_description": 3
    },
    "essay_main_subject": "혐오시설 건설문제에 대한 본인의 생각",
    "expression_weight": {
      "exp_style": 4,
      "exp_grammar": 2,
      "exp_vocab": 4,
      "exp": 3
    }
  },
  "correction": [],
  "info": {
    "essay_id": "ESSAY_60436",
    "essay_prompt": " 혐오 시설이란 지역 주민에게 공포감이나 고통을 주거나, 주변 지역의 쾌적성이 훼손됨으로써 집값이나 땅값이 내려가는 등 부정적인 외부효과를 유발하는 시설을 의미합니다.\n\n 대표적인 혐오 시설에는 쓰레기 매립장, 원자력발전소, 소각장, 유류저장소 등이 있습니다.\n\n 매립지, 소각장, 쓰레기 하치장 같은 혐오 시설은 그리 위험하지는 않지만, 쓰레기를 취급한다는 점에서 혐오감을 주며, 주변 환경오염 문제가 갈등을 일으킵니다. 특히 소각장은 인구밀도가 높은 대도시에 건설된다는 점에서 반대 운동이 일기도 합니다.\n\n 그런데 서로 반대만 하다 보면 입지를 찾지 못해 결국 모든 주민의 삶의 질이 저하될 수 있습니다.\n\n 정부 차원에서 가장 적절한 장소를 선별하여 건설 후 주변 사람들에게 혜택을 주는 방식이 적절한 방법일까요? 아니면 혐오 시설만을 모아둔 부지를 따로 정해서 건설해야 할까요? 아니면 모든 도시가 공평하게 혐오 시설 건설에 대한 부담을 지니고 하나씩 건설해야 할까요?\n\n 모두가 만족할만한 결과를 내기란 정말 어려운 문제이지만 여러분이 생각하는 가장 합리적이고 좋은 방법을 생각해보세요. 그리고 그 방법을 대안으로 제시하고 그 근거에 대해 작성해주세요.",
    "essay_type": "대안제시",
    "essay_level": "1",
    "essay_len": 1001,
    "essay_main_subject": "혐오시설 건설문제에 대한 본인의 생각"
  }
}