{
  "paragraph": [
    {
      "paragraph_txt": "요즘 사람들이 쓰레기 매립지 또는 소각장 등에 대해 혐오감이나 거부감들을 느끼는 경우가 많다.#@문장구분# 이런문제를 해결하기위해 여러 가지 해결 방안을 내놓고 있다.#@문장구분# 나 또한 이 문제에 대한 해결방안을 생각해보았다.#@문장구분# 첫 번째 해경방안으로는 사람들이 공포감을 덜 느낄 수 있도록 친숙한 이미지를 사용한다. #@문장구분#쓰레기 매립장, 원자력 발전소 건물에 그림을 그려 사람들이 보기에 불편하지 않도록 만들고 포스터같은 것을 만들어 사람들에게 쓰레기는 처리하는 것에 대해 귀여운 캐릭터가 설명하는 것도 방안이 될 수 있다고 생각한다.#@문장구분# 두 번쨰 해결방안은 쓰레기 매립장, 소각장을 체험시켜주는 것이다.#@문장구분# 나 또한 이런 장소에 대한 혐오감, 역겨움 들을 느꼈지만 실제로 쓰레기 소각장에 가보았을 때부터 생각이 달라졌다.#@문장구분# 사람들이 생각하는 것만큼 소각장 내부는 더러운 장소가 아니었다.#@문장구분# 깔끔하고 깨끗한 시설을 보고 놀랐고 냄새같은 것도 없어 놀랐다.#@문장구분# 다른 사람들도 이런 장소를 가서 직접 느껴보는 것도 괜찮다고 생각한다.#@문장구분#",
      "paragraph_len": 696,
      "paragraph_id": "001"
    }
  ],
  "score": {
    "paragraph_score": [
      {
        "paragraph_scoreT": [
          3,
          3,
          2
        ],
        "paragraph_scoreT_detail": {
          "paragraph_scoreT_exp": [
            [
              3,
              3,
              3
            ],
            [
              3,
              3,
              3
            ],
            [
              2,
              2,
              2
            ]
          ]
        },
        "paragraph_scoreT_avg": 2.6666667,
        "paragraph_id": "001"
      }
    ],
    "essay_scoreT": [
      26.400002,
      25.5,
      23
    ],
    "essay_scoreT_avg": 24.966667,
    "essay_scoreT_detail": {
      "essay_scoreT_org": [
        [
          2,
          0,
          3,
          1
        ],
        [
          2,
          0,
          3,
          2
        ],
        [
          3,
          0,
          3,
          3
        ]
      ],
      "essay_scoreT_cont": [
        [
          3,
          3,
          3,
          2
        ],
        [
          3,
          2,
          3,
          2
        ],
        [
          2,
          2,
          2,
          2
        ]
      ],
      "essay_scoreT_exp": [
        [
          3,
          3,
          3
        ],
        [
          3,
          3,
          3
        ],
        [
          2,
          2,
          2
        ]
      ]
    }
  },
  "student": {
    "date": "2021.09.07",
    "student_educated": true,
    "student_grade": "고등_1학년",
    "location": "051",
    "student_grade_group": "고등",
    "student_reading": 2
  },
  "rubric": {
    "essay_grade": "고등_1학년",
    "organization_weight": {
      "org_paragraph": 0,
      "org": 3,
      "org_essay": 6,
      "org_coherence": 3,
      "org_quantity": 1
    },
    "essay_type": "대안제시",
    "content_weight": {
      "con_clearance": 3,
      "con_novelty": 3,
      "con": 4,
      "con_prompt": 1,
      "con_description": 3
    },
    "essay_main_subject": "혐오시설 건설문제에 대한 본인의 생각",
    "expression_weight": {
      "exp_style": 4,
      "exp_grammar": 2,
      "exp_vocab": 4,
      "exp": 3
    }
  },
  "correction": [],
  "info": {
    "essay_id": "ESSAY_33826",
    "essay_prompt": " 혐오 시설이란 지역 주민에게 공포감이나 고통을 주거나, 주변 지역의 쾌적성이 훼손됨으로써 집값이나 땅값이 내려가는 등 부정적인 외부효과를 유발하는 시설을 의미합니다.\n\n 대표적인 혐오 시설에는 쓰레기 매립장, 원자력발전소, 소각장, 유류저장소 등이 있습니다.\n\n 매립지, 소각장, 쓰레기 하치장 같은 혐오 시설은 그리 위험하지는 않지만, 쓰레기를 취급한다는 점에서 혐오감을 주며, 주변 환경오염 문제가 갈등을 일으킵니다. 특히 소각장은 인구밀도가 높은 대도시에 건설된다는 점에서 반대 운동이 일기도 합니다.\n\n 그런데 서로 반대만 하다 보면 입지를 찾지 못해 결국 모든 주민의 삶의 질이 저하될 수 있습니다.\n\n 정부 차원에서 가장 적절한 장소를 선별하여 건설 후 주변 사람들에게 혜택을 주는 방식이 적절한 방법일까요? 아니면 혐오 시설만을 모아둔 부지를 따로 정해서 건설해야 할까요? 아니면 모든 도시가 공평하게 혐오 시설 건설에 대한 부담을 지니고 하나씩 건설해야 할까요?\n\n 모두가 만족할만한 결과를 내기란 정말 어려운 문제이지만 여러분이 생각하는 가장 합리적이고 좋은 방법을 생각해보세요. 그리고 그 방법을 대안으로 제시하고 그 근거에 대해 작성해주세요.",
    "essay_type": "대안제시",
    "essay_level": "1",
    "essay_len": 497,
    "essay_main_subject": "혐오시설 건설문제에 대한 본인의 생각"
  }
}