{
  "paragraph": [
    {
      "paragraph_txt": "아무도 본인이 살고 있는 지역에 혐오시설을 두고 싶은 마음을 지니고 있지 않을 것이다.#@문장구분# 양평군 양동면의 마을 주민들도 폐기물 소각 분진으로 인해 발암물질이 생길 것을 염려하고, 플라스틱과 같은 쓰레기에서 다이옥신이 발생해 고엽제나 제초제와 같은 성분으로 주민들을 위협할 것이라 말하고, 암 발생, 기형아 출산, 불임 문제, 단립한 축사로 고통받고 있는데 여기에 쓰레기 사업까지 추진되어 주민들의 반대의 목소리가 커지고 있다.#@문장구분# 이에 대해 업체 관계자는 스마트 청정에너지 발전 산업 단지 조성을 위한 것이지 소각장 건립이 주목적이 아니라고 했다.#@문장구분# 폐기물을 활용하여 에너지를 생산할 수 있는 자원순환사업을 실시하기 위해서 쓰레기 소각장 건립을 하려고 한다는 것이다.#@문장구분#\n \n  하지만 땅값 저하, 지역의 쾌적성 하락 등의 이유로 반대하는 양동면 주민들을 위해서 업체나 정부측 에서 전기세 혜택을 주어야 한다.#@문장구분# 청정에너지 발전 사업 단지로써, 에너지를 생산할 수 있는 장소로써, 지역주민들 에게 다른 지역과는 다르게 에너지 생산이 가능하므로 전기세 혜택을 주어야 한다.#@문장구분# 두 번째로는 자녀들을 대상으로 한 복지 기금 지원 제도를 실행해야 한다는 것이다.#@문장구분# 지역의 쾌적성을 염려해 아이들이 살기 좋지 못하다는 판단을 할 가능성을 최대한 막기 위해서 자녀들을 위한 복지 혜택이 마련되어야 한다고 생각한다.#@문장구분#",
      "paragraph_len": 824,
      "paragraph_id": "001"
    },
    {
      "paragraph_txt": "   그리고 최첨단 장치를 이용하여 주민들의 피해를 최소화 해야하고 친환경적인 구조를 사용해서 주변환경을 보다 더 개선 시키기 위해 노력해야 한다.#@문장구분# 무엇보다도 혐오시설을 건립하기 위해서는 정부와 업체의 지속적인 지원과, 주민들의 피해 최소화, 주민들에게 제공할 수 있는 복지와 혜택을 해주어야 한다.#@문장구분# 주민들과 업체의 협력이 이루어진다면 보다 혐오 시설 관련 문제의 해결은 앞으로도 더 쉬워질 것이다.#@문장구분#",
      "paragraph_len": 283,
      "paragraph_id": "002"
    }
  ],
  "score": {
    "paragraph_score": [
      {
        "paragraph_scoreT": [
          1.6,
          2.8,
          1.6
        ],
        "paragraph_scoreT_detail": {
          "paragraph_scoreT_exp": [
            [
              2,
              2,
              1
            ],
            [
              2,
              3,
              3
            ],
            [
              2,
              2,
              1
            ]
          ]
        },
        "paragraph_scoreT_avg": 2,
        "paragraph_id": "001"
      },
      {
        "paragraph_scoreT": [
          2,
          2.8,
          1.6
        ],
        "paragraph_scoreT_detail": {
          "paragraph_scoreT_exp": [
            [
              2,
              2,
              2
            ],
            [
              2,
              3,
              3
            ],
            [
              2,
              2,
              1
            ]
          ]
        },
        "paragraph_scoreT_avg": 2.1333334,
        "paragraph_id": "002"
      }
    ],
    "essay_scoreT": [
      17.900002,
      29.4,
      17.6
    ],
    "essay_scoreT_avg": 21.633333,
    "essay_scoreT_detail": {
      "essay_scoreT_org": [
        [
          2,
          0,
          2,
          3
        ],
        [
          3,
          0,
          3,
          3
        ],
        [
          2,
          0,
          2,
          2
        ]
      ],
      "essay_scoreT_cont": [
        [
          2,
          1,
          2,
          2
        ],
        [
          3,
          3,
          3,
          3
        ],
        [
          2,
          1,
          2,
          2
        ]
      ],
      "essay_scoreT_exp": [
        [
          2,
          2,
          1
        ],
        [
          2,
          3,
          3
        ],
        [
          2,
          2,
          1
        ]
      ]
    }
  },
  "student": {
    "date": "2020.09.06",
    "student_educated": true,
    "student_grade": "고등_1학년",
    "location": "051",
    "student_grade_group": "고등",
    "student_reading": 1
  },
  "rubric": {
    "essay_grade": "고등_1학년",
    "organization_weight": {
      "org_paragraph": 0,
      "org": 3,
      "org_essay": 6,
      "org_coherence": 3,
      "org_quantity": 1
    },
    "essay_type": "대안제시",
    "content_weight": {
      "con_clearance": 3,
      "con_novelty": 3,
      "con": 4,
      "con_prompt": 1,
      "con_description": 3
    },
    "essay_main_subject": "혐오시설 건설문제에 대한 본인의 생각",
    "expression_weight": {
      "exp_style": 4,
      "exp_grammar": 2,
      "exp_vocab": 4,
      "exp": 3
    }
  },
  "correction": [],
  "info": {
    "essay_id": "ESSAY_34905",
    "essay_prompt": " 혐오 시설이란 지역 주민에게 공포감이나 고통을 주거나, 주변 지역의 쾌적성이 훼손됨으로써 집값이나 땅값이 내려가는 등 부정적인 외부효과를 유발하는 시설을 의미합니다.\n\n 대표적인 혐오 시설에는 쓰레기 매립장, 원자력발전소, 소각장, 유류저장소 등이 있습니다.\n\n 매립지, 소각장, 쓰레기 하치장 같은 혐오 시설은 그리 위험하지는 않지만, 쓰레기를 취급한다는 점에서 혐오감을 주며, 주변 환경오염 문제가 갈등을 일으킵니다. 특히 소각장은 인구밀도가 높은 대도시에 건설된다는 점에서 반대 운동이 일기도 합니다.\n\n 그런데 서로 반대만 하다 보면 입지를 찾지 못해 결국 모든 주민의 삶의 질이 저하될 수 있습니다.\n\n 정부 차원에서 가장 적절한 장소를 선별하여 건설 후 주변 사람들에게 혜택을 주는 방식이 적절한 방법일까요? 아니면 혐오 시설만을 모아둔 부지를 따로 정해서 건설해야 할까요? 아니면 모든 도시가 공평하게 혐오 시설 건설에 대한 부담을 지니고 하나씩 건설해야 할까요?\n\n 모두가 만족할만한 결과를 내기란 정말 어려운 문제이지만 여러분이 생각하는 가장 합리적이고 좋은 방법을 생각해보세요. 그리고 그 방법을 대안으로 제시하고 그 근거에 대해 작성해주세요.",
    "essay_type": "대안제시",
    "essay_level": "1",
    "essay_len": 889,
    "essay_main_subject": "혐오시설 건설문제에 대한 본인의 생각"
  }
}