{
  "paragraph": [
    {
      "paragraph_txt": "과거로부터의 전통적인 남녀의 역할,정부의 정책, 범죄, 발달한 커뮤니티에서 사용되는 각종 혐오 표현들과 대립 등이 도화선이 되어 사람들의 감정과 사회 전체에 크코 작은 영향을 주고 있다.#@문장구분# 앞으로 더 많은 사람들이 행복한 사회를 만들기 위해 이런 문제를 해결할 수 있는 방법에서는 무엇이 있을까?#@문장구분# 우선 무조건적인 평등을 추구해서는 안된다는 것이다.#@문장구분# 쉽게 말하자면, 과정의 공정함 및 결과의 질과 양보다 결과의 균등에 더 집중된 시스템이다.#@문장구분# 과정을 천천히 밟아올라가면서 하나씩 따져본 다음 내리는 결론과 이미 정해진 목적을 만을 향해서 과정을 배제해버라고 내린 결론은 결과가 비슷해보인다고 하더라도 완전히 다른 것이다.#@문장구분# 따라서 이제부터 우리에게 필요한 것은 남녀간의 평등이 아니라 조화이다.#@문장구분# 서로에게 타고난 능력과 성질의 차이를 인정하고 상호보완할 수 있을 때 사회가 앞으로 더 나아갈 수 있게 될 것이다.#@문장구분# 그리고 다음으로는 스스로 잘못된 사상에 빠지지 않도록 주의하는 것이 필요하다.#@문장구분# 2010년대에 들어서면서 페미니즘이 창궐하기 시작하며 그 대부분의 사람들이 '래디컬라이즈', 즉 극단화된 형태로 이 사회에 많은 이슈가 되기도 하였다.#@문장구분# 또 적지 않은 이들이 이 흐름에 동조하게 되면서 남녀간의 이분법적 대립은 커져만 갔고, 남성혐오와 여성혐오 가지고 서로를 깎아내린다.#@문장구분# 사회의 악을 없애려면 자기 자신이 가지고 있는 악을 먼저 없애야 한다는 말이 있듯이, 자기 자신이 잘못된 사상에 빠지고 있진 않은 되돌아 보아야 할 필요가 있고 주위에 그런 사람이 있으면 도움을 주어야 한다.#@문장구분# 남녀 어느쪽이든 피해를 받고 있거나 불공평함을 느낀다면 그것으로 경쟁하며 서로를 까내려야 할 것이 아니라 차이를 인정하고 협력해나가는 것이 중요하다.#@문장구분# 우리에게는 이것말고도 해결해야 할 문제가 산더미처럼 남았다.#@문장구분#",
      "paragraph_len": 1148,
      "paragraph_id": "001"
    }
  ],
  "score": {
    "paragraph_score": [
      {
        "paragraph_scoreT": [
          3,
          3,
          3
        ],
        "paragraph_scoreT_detail": {
          "paragraph_scoreT_exp": [
            [
              3,
              3,
              3
            ],
            [
              3,
              3,
              3
            ],
            [
              3,
              3,
              3
            ]
          ]
        },
        "paragraph_scoreT_avg": 3,
        "paragraph_id": "001"
      }
    ],
    "essay_scoreT": [
      30,
      26.7,
      26.6
    ],
    "essay_scoreT_avg": 27.766668,
    "essay_scoreT_detail": {
      "essay_scoreT_org": [
        [
          3,
          0,
          3,
          3
        ],
        [
          2,
          0,
          3,
          2
        ],
        [
          2,
          0,
          3,
          3
        ]
      ],
      "essay_scoreT_cont": [
        [
          3,
          3,
          3,
          3
        ],
        [
          3,
          2,
          3,
          3
        ],
        [
          3,
          2,
          2,
          3
        ]
      ],
      "essay_scoreT_exp": [
        [
          3,
          3,
          3
        ],
        [
          3,
          3,
          3
        ],
        [
          3,
          3,
          3
        ]
      ]
    }
  },
  "student": {
    "date": "2021.12.15",
    "student_educated": true,
    "student_grade": "고등_1학년",
    "location": "063",
    "student_grade_group": "고등",
    "student_reading": 2
  },
  "rubric": {
    "essay_grade": "고등_1학년",
    "organization_weight": {
      "org_paragraph": 0,
      "org": 3,
      "org_essay": 6,
      "org_coherence": 3,
      "org_quantity": 1
    },
    "essay_type": "대안제시",
    "content_weight": {
      "con_clearance": 3,
      "con_novelty": 3,
      "con": 4,
      "con_prompt": 1,
      "con_description": 3
    },
    "essay_main_subject": "남녀 갈등 해결 방안",
    "expression_weight": {
      "exp_style": 4,
      "exp_grammar": 2,
      "exp_vocab": 4,
      "exp": 3
    }
  },
  "correction": [],
  "info": {
    "essay_id": "ESSAY_62501",
    "essay_prompt": " 남녀 갈등은 최근 우리 사회에서 가장 뜨거운 이슈 중 하나입니다. 이러한 갈등은 아직 간극을 좁히지 못하고 현재 사회적인 문제로 자리 잡았습니다.\n\n 군 가산점 문제, 일자리 문제 등 여러 가지 비교 자료들을 토대로 토론을 하고 이를 통해 갈등을 해결하고자 하는 노력이 이루어지고 있습니다.\n\n 과거에는 성차별 심했던 시기가 있었습니다. 여자와 남자를 구별 지어 일을 주는 경우도 많았습니다. 하지만, 현재는 여자와 남자라는 성별을 떠나서 나이, 국적을 불문하고 모두에게 평등한 기회를 주기 위해 노력하고 있습니다.\n\n 이렇게 모두의 노력에도 불구하고 아직 해결되지 않았거나 해결될 기미가 보이지 않는 양성평등 문제가 있을까요?\n\n 아주 작은 사소한 일이라도 좋습니다. 여러분이 생각하는 우리 주변의 양성평등 문제를 하나 작성해보고 어떻게 해결할 수 있을지 혹은 무엇이 바뀌어야 해결될 것 같은지 본인의 생각을 설명해주세요. ",
    "essay_type": "대안제시",
    "essay_level": "1",
    "essay_len": 889,
    "essay_main_subject": "남녀 갈등 해결 방안"
  }
}