{
  "paragraph": [
    {
      "paragraph_txt": "혐오시설은 누구나 다 싫어합니다.#@문장구분# 하지만 우리가 생활하는데에는 혐오시설은 꼭 필요한 시설이므로 지역 주민들을 설득할 수 밖에 없습니다.#@문장구분# 우선 주민들에게 혐오시설의 필요성을 알려주고 어딘가에는 꼭 혐오시설을 설치해야한다는 사실을 받아드려야 한다고 생각합니다.#@문장구분# 혐오시설을 받아들이지 않으면 주민들의 삶의질이 저하될수 있다는 사실을 알려야 합니다.#@문장구분# 그 다음에는 주민들이 만족할 수 있을만한 제도를 만들어서 집값이나 땅값이 내려가는것을 최대한 막아야 한다고 생각합니다.#@문장구분# 아무래도 혐오시설이 있다보니 타격이 없지는 않겠지#@문장구분# 타격이 있는만큼 다른 부분을 더 강화해서 그 타격을 만회해야 합니다.#@문장구분# 예를들어  서비스업을 좀 더 강화한다던지 의학적으로 혜택을 받는다 던지 그러한 방법으로 타격을 만회할 방법을 찾는것이 중요하다고 생각합니다.#@문장구분# 주민들이 서로 반대만 한다고 이 문제는 해결되지 않습니다.#@문장구분# 어딘가에는 꼭 설치되어야하는 시설이므로 주민들의 마음이 가장 중요합니다.#@문장구분# 모든 주민들이 동의해야만 설치할 수 있기 때문에 모든 주민들의 도움이 필요합니다.#@문장구분#",
      "paragraph_len": 744,
      "paragraph_id": "001"
    }
  ],
  "score": {
    "paragraph_score": [
      {
        "paragraph_scoreT": [
          3,
          2.2,
          2
        ],
        "paragraph_scoreT_detail": {
          "paragraph_scoreT_exp": [
            [
              3,
              3,
              3
            ],
            [
              3,
              2,
              2
            ],
            [
              2,
              2,
              2
            ]
          ]
        },
        "paragraph_scoreT_avg": 2.3999999,
        "paragraph_id": "001"
      }
    ],
    "essay_scoreT": [
      29.7,
      21.2,
      20.599998
    ],
    "essay_scoreT_avg": 23.833334,
    "essay_scoreT_detail": {
      "essay_scoreT_org": [
        [
          3,
          0,
          3,
          2
        ],
        [
          2,
          0,
          3,
          1
        ],
        [
          1,
          0,
          2,
          2
        ]
      ],
      "essay_scoreT_cont": [
        [
          3,
          3,
          3,
          3
        ],
        [
          2,
          2,
          2,
          2
        ],
        [
          3,
          2,
          2,
          3
        ]
      ],
      "essay_scoreT_exp": [
        [
          3,
          3,
          3
        ],
        [
          3,
          2,
          2
        ],
        [
          2,
          2,
          2
        ]
      ]
    }
  },
  "student": {
    "date": "2021.09.06",
    "student_educated": true,
    "student_grade": "고등_1학년",
    "location": "051",
    "student_grade_group": "고등",
    "student_reading": 2
  },
  "rubric": {
    "essay_grade": "고등_1학년",
    "organization_weight": {
      "org_paragraph": 0,
      "org": 3,
      "org_essay": 6,
      "org_coherence": 3,
      "org_quantity": 1
    },
    "essay_type": "대안제시",
    "content_weight": {
      "con_clearance": 3,
      "con_novelty": 3,
      "con": 4,
      "con_prompt": 1,
      "con_description": 3
    },
    "essay_main_subject": "혐오시설 건설문제에 대한 본인의 생각",
    "expression_weight": {
      "exp_style": 4,
      "exp_grammar": 2,
      "exp_vocab": 4,
      "exp": 3
    }
  },
  "correction": [],
  "info": {
    "essay_id": "ESSAY_34365",
    "essay_prompt": " 혐오 시설이란 지역 주민에게 공포감이나 고통을 주거나, 주변 지역의 쾌적성이 훼손됨으로써 집값이나 땅값이 내려가는 등 부정적인 외부효과를 유발하는 시설을 의미합니다.\n\n 대표적인 혐오 시설에는 쓰레기 매립장, 원자력발전소, 소각장, 유류저장소 등이 있습니다.\n\n 매립지, 소각장, 쓰레기 하치장 같은 혐오 시설은 그리 위험하지는 않지만, 쓰레기를 취급한다는 점에서 혐오감을 주며, 주변 환경오염 문제가 갈등을 일으킵니다. 특히 소각장은 인구밀도가 높은 대도시에 건설된다는 점에서 반대 운동이 일기도 합니다.\n\n 그런데 서로 반대만 하다 보면 입지를 찾지 못해 결국 모든 주민의 삶의 질이 저하될 수 있습니다.\n\n 정부 차원에서 가장 적절한 장소를 선별하여 건설 후 주변 사람들에게 혜택을 주는 방식이 적절한 방법일까요? 아니면 혐오 시설만을 모아둔 부지를 따로 정해서 건설해야 할까요? 아니면 모든 도시가 공평하게 혐오 시설 건설에 대한 부담을 지니고 하나씩 건설해야 할까요?\n\n 모두가 만족할만한 결과를 내기란 정말 어려운 문제이지만 여러분이 생각하는 가장 합리적이고 좋은 방법을 생각해보세요. 그리고 그 방법을 대안으로 제시하고 그 근거에 대해 작성해주세요.",
    "essay_type": "대안제시",
    "essay_level": "1",
    "essay_len": 524,
    "essay_main_subject": "혐오시설 건설문제에 대한 본인의 생각"
  }
}