{
  "paragraph": [
    {
      "paragraph_txt": "혐오시설이란 지역 주민에게 공포감을 주거나 주변 지역의 쾌적성이 훼손됨으로써 집값이나 땅값이 내려가는 등 부정적인 외부효과를 유발하는 시설을 뜻하며 이런 시설들로는 원자력발전소 같은 시설로 인한 건강도 염려되는 부분 도살장, 화장장, 소각장등이 있다.#@문장구분# 혐오시설과 같은 의미인 신조어 님비현상이란 말이 생겨났다.#@문장구분# 요즘엔 각종 사회병폐를 처리할 시설을 설치하려 할 때마다 지역주민들이 반발을 보이는 현상이다. #@문장구분#그럼, 혐오시설 건설문제에 대해 나의 생각은 혐오시설은 사람들이 매우 싫어하는 시설임과 동시에 우리 삶에 필요한 시설임을 잊지 않았으면 좋겠다.#@문장구분# 특히 이런 부정적 사례 말고도 긍정적인 사례 또한 많이 보이는데, 매립지, 소각장, 쓰레기하치장 같은 혐오 시설은 그리 위험하지는 않지만, 쓰레기를 취급한다는 점에서 혐오감을 주며, 주변 환경오염 문제가 갈등을 일으킵니다.#@문장구분# 특히 소각장은 인구밀도가 높은 대도시에 건설된다는 점에서 반대 운동이 일기도 합니다.#@문장구분# 많은 쓰레기를 내보내면서 내주변에 처리시설이 있는건 반대한다?#@문장구분# 이런 생각처럼 이기적인 생각은 없는거 같다. #@문장구분#제주도의 사례의 경우 본래에는 반대하였으나, 수 차례의 설득과 몇 십억의 배상으로 유치에 성공하였고, 홍천소매곡리는 하수처리장, 가축분뇨처리장 등 기피시설이 입지해 있어 악취피해, 집값하락으로 주민들이 떠나갔고 홍천에서도 가장 소외된 지역이자 에너지 고립지역이되었으나, 기피시설의 부지를 활용한 친환경에너지타운 개발사업을 통해 음식물쓰레기와 가축분뇨로 도시가스를 생산하여 각 가정에 보급함으로써 연료비를 크게 절감하게 되고 농촌관광의 활성화 등, 여러가지의 이점이 창출되면 서로서로 합으점을 찾는 방법인거 같다.#@문장구분#합의점은 보상금도 있겠지만 또 전국에 공평하게 혐오시설을 분배하지 못할 바엔 그 지역에 보상을 해주는 것이 맞다고 생각한다.#@문장구분#",
      "paragraph_len": 1096,
      "paragraph_id": "001"
    }
  ],
  "score": {
    "paragraph_score": [
      {
        "paragraph_scoreT": [
          2.8,
          2.8,
          3
        ],
        "paragraph_scoreT_detail": {
          "paragraph_scoreT_exp": [
            [
              2,
              3,
              3
            ],
            [
              2,
              3,
              3
            ],
            [
              3,
              3,
              3
            ]
          ]
        },
        "paragraph_scoreT_avg": 2.8666668,
        "paragraph_id": "001"
      }
    ],
    "essay_scoreT": [
      28.2,
      28.2,
      30
    ],
    "essay_scoreT_avg": 28.800001,
    "essay_scoreT_detail": {
      "essay_scoreT_org": [
        [
          3,
          0,
          3,
          3
        ],
        [
          3,
          0,
          3,
          3
        ],
        [
          3,
          0,
          3,
          3
        ]
      ],
      "essay_scoreT_cont": [
        [
          3,
          2,
          3,
          3
        ],
        [
          3,
          2,
          3,
          3
        ],
        [
          3,
          3,
          3,
          3
        ]
      ],
      "essay_scoreT_exp": [
        [
          2,
          3,
          3
        ],
        [
          2,
          3,
          3
        ],
        [
          3,
          3,
          3
        ]
      ]
    }
  },
  "student": {
    "date": "2021.12.05",
    "student_educated": true,
    "student_grade": "고등_1학년",
    "location": "063",
    "student_grade_group": "고등",
    "student_reading": 2
  },
  "rubric": {
    "essay_grade": "고등_1학년",
    "organization_weight": {
      "org_paragraph": 0,
      "org": 3,
      "org_essay": 6,
      "org_coherence": 3,
      "org_quantity": 1
    },
    "essay_type": "대안제시",
    "content_weight": {
      "con_clearance": 3,
      "con_novelty": 3,
      "con": 4,
      "con_prompt": 1,
      "con_description": 3
    },
    "essay_main_subject": "혐오시설 건설문제에 대한 본인의 생각",
    "expression_weight": {
      "exp_style": 4,
      "exp_grammar": 2,
      "exp_vocab": 4,
      "exp": 3
    }
  },
  "correction": [],
  "info": {
    "essay_id": "ESSAY_57098",
    "essay_prompt": " 혐오 시설이란 지역 주민에게 공포감이나 고통을 주거나, 주변 지역의 쾌적성이 훼손됨으로써 집값이나 땅값이 내려가는 등 부정적인 외부효과를 유발하는 시설을 의미합니다.\n\n 대표적인 혐오 시설에는 쓰레기 매립장, 원자력발전소, 소각장, 유류저장소 등이 있습니다.\n\n 매립지, 소각장, 쓰레기 하치장 같은 혐오 시설은 그리 위험하지는 않지만, 쓰레기를 취급한다는 점에서 혐오감을 주며, 주변 환경오염 문제가 갈등을 일으킵니다. 특히 소각장은 인구밀도가 높은 대도시에 건설된다는 점에서 반대 운동이 일기도 합니다.\n\n 그런데 서로 반대만 하다 보면 입지를 찾지 못해 결국 모든 주민의 삶의 질이 저하될 수 있습니다.\n\n 정부 차원에서 가장 적절한 장소를 선별하여 건설 후 주변 사람들에게 혜택을 주는 방식이 적절한 방법일까요? 아니면 혐오 시설만을 모아둔 부지를 따로 정해서 건설해야 할까요? 아니면 모든 도시가 공평하게 혐오 시설 건설에 대한 부담을 지니고 하나씩 건설해야 할까요?\n\n 모두가 만족할만한 결과를 내기란 정말 어려운 문제이지만 여러분이 생각하는 가장 합리적이고 좋은 방법을 생각해보세요. 그리고 그 방법을 대안으로 제시하고 그 근거에 대해 작성해주세요.",
    "essay_type": "대안제시",
    "essay_level": "1",
    "essay_len": 898,
    "essay_main_subject": "혐오시설 건설문제에 대한 본인의 생각"
  }
}