{
  "paragraph": [
    {
      "paragraph_txt": "최근 대선을 앞둔 정치권, 기업, 도쿄올림픽에서 첨예한 문제인 '젠더 갈등', 즉 남성 혐오, 여성 혐오에 대한 표현이 화두에 오르고 있다.#@문장구분# 이러한 문제는 온라인 커뮤니티에 그 화두에 오르고 있다.#@문장구분# 이러한 문제는 온라인 커뮤니티에 그러한 표현을 하는 사람들뿐만 아니라, 기자들이 언론 보도를 할 때, 생기는 주관적인 표현에서도 문제가 있다고 보았다.#@문장구분# 이러한 문제를 해결하기 위해 해결방안 및 대책을 3가지 이야기해 보겠다.#@문장구분#",
      "paragraph_len": 316,
      "paragraph_id": "001"
    },
    {
      "paragraph_txt": " 첫 번째, 우리나라는 개개인의 사상에 대해 자유로운 민주주의 사회이다.#@문장구분# 물론 극단적으로 사회에 피해가 가지 않도록 경계해야 한다.#@문장구분# 극단적으로 사회에 피해가 가지 않도록 경계해야 한다.#@문장구분# 극단적인 경우가 아닐 경우에는 서로의 사상에 대해 포용하고 존중할 줄 알아야 한다.#@문장구분#",
      "paragraph_len": 230,
      "paragraph_id": "002"
    },
    {
      "paragraph_txt": " 두 번째, 이러한 젠더갈등에 관한 문제를 기자들은 피하려고 하면 안된다.#@문장구분# 최근에 논란이 된 '안산 선수' 보도에서도 그 기사를 읽은 독자들이 기사의 내용에 의존해 댓글이나 의견을 말했다는 사람들이 대다수였다.#@문장구분# 그러므로 보도를 하는 기자들은 주관된 내용이 들어가면 안된다는 점, 없는 이야기를 더 불려서 과장되게 써서 사회에 더 큰 갈등이 생기지 않도록 해야 한다.#@문장구분# 다시 말해, 기자들이 객관적인 보도를 하여야만, 애초에 이러한 문제도 사회적 갈등 속에서 큰 화두로 오르지 않고 큰 갈등이 일어나지 않을 것이다.#@문장구분#",
      "paragraph_len": 366,
      "paragraph_id": "003"
    },
    {
      "paragraph_txt": " 마지막으로, 여혐, 남혐이 일상화된 표현이 되었다는 것의 근본적인 문제를 알아야 한다.#@문장구분# 안산 선수에게 머리가 숏컷인 것을 지적하면서 페미니스트라고 하며 언론이나 댓글 속에서 비하한 문제를 보자.#@문장구분# 우리나라는 올림픽이라는 거대한 축제 속에서 우리나라 국가대표를 우리나라 국민들이 지적하였다는 것은 원래 우리나라 속에서 서로에 대한 이해와 존중이 부족하다는 것을 알 수 있다.#@문장구분# 앞으로 이러한 문제가 심화되지 않기 위해서는 서로에 대해 더 포용적인 태도를 가져 갈등 없는 행복한 사회를 만들어 나가야 한다.#@문장구분#",
      "paragraph_len": 360,
      "paragraph_id": "004"
    },
    {
      "paragraph_txt": " 앞으로 이러한 3가지 해결방안을 가지고 실천해 나간다면, 젠더 갈등뿐만 아니라 다른 갈등들도 잘 해소해나갈 수 있을 것이다.#@문장구분#",
      "paragraph_len": 90,
      "paragraph_id": "005"
    }
  ],
  "score": {
    "paragraph_score": [
      {
        "paragraph_scoreT": [
          2,
          2.4,
          2.6
        ],
        "paragraph_scoreT_detail": {
          "paragraph_scoreT_exp": [
            [
              2,
              2,
              2
            ],
            [
              2,
              2,
              3
            ],
            [
              3,
              2,
              3
            ]
          ]
        },
        "paragraph_scoreT_avg": 2.3333333,
        "paragraph_id": "001"
      },
      {
        "paragraph_scoreT": [
          2,
          2.4,
          2.6
        ],
        "paragraph_scoreT_detail": {
          "paragraph_scoreT_exp": [
            [
              2,
              2,
              2
            ],
            [
              2,
              2,
              3
            ],
            [
              3,
              2,
              3
            ]
          ]
        },
        "paragraph_scoreT_avg": 2.3333333,
        "paragraph_id": "002"
      },
      {
        "paragraph_scoreT": [
          2,
          2.4,
          2.6
        ],
        "paragraph_scoreT_detail": {
          "paragraph_scoreT_exp": [
            [
              2,
              2,
              2
            ],
            [
              2,
              2,
              3
            ],
            [
              3,
              2,
              3
            ]
          ]
        },
        "paragraph_scoreT_avg": 2.3333333,
        "paragraph_id": "003"
      },
      {
        "paragraph_scoreT": [
          2,
          2.4,
          2.6
        ],
        "paragraph_scoreT_detail": {
          "paragraph_scoreT_exp": [
            [
              2,
              2,
              2
            ],
            [
              2,
              2,
              3
            ],
            [
              3,
              2,
              3
            ]
          ]
        },
        "paragraph_scoreT_avg": 2.3333333,
        "paragraph_id": "004"
      },
      {
        "paragraph_scoreT": [
          2,
          2.4,
          2.6
        ],
        "paragraph_scoreT_detail": {
          "paragraph_scoreT_exp": [
            [
              2,
              2,
              2
            ],
            [
              2,
              2,
              3
            ],
            [
              3,
              2,
              3
            ]
          ]
        },
        "paragraph_scoreT_avg": 2.3333333,
        "paragraph_id": "005"
      }
    ],
    "essay_scoreT": [
      21.5,
      26.400002,
      28.8
    ],
    "essay_scoreT_avg": 25.566666,
    "essay_scoreT_detail": {
      "essay_scoreT_org": [
        [
          2,
          0,
          2,
          3
        ],
        [
          2,
          0,
          3,
          3
        ],
        [
          3,
          0,
          3,
          3
        ]
      ],
      "essay_scoreT_cont": [
        [
          2,
          2,
          2,
          3
        ],
        [
          3,
          3,
          3,
          3
        ],
        [
          3,
          3,
          3,
          3
        ]
      ],
      "essay_scoreT_exp": [
        [
          2,
          2,
          2
        ],
        [
          2,
          2,
          3
        ],
        [
          3,
          2,
          3
        ]
      ]
    }
  },
  "student": {
    "date": "2021.09.03",
    "student_educated": true,
    "student_grade": "고등_1학년",
    "location": "051",
    "student_grade_group": "고등",
    "student_reading": 1
  },
  "rubric": {
    "essay_grade": "고등_1학년",
    "organization_weight": {
      "org_paragraph": 0,
      "org": 3,
      "org_essay": 6,
      "org_coherence": 3,
      "org_quantity": 1
    },
    "essay_type": "대안제시",
    "content_weight": {
      "con_clearance": 3,
      "con_novelty": 3,
      "con": 4,
      "con_prompt": 1,
      "con_description": 3
    },
    "essay_main_subject": "남녀 갈등 해결 방안",
    "expression_weight": {
      "exp_style": 4,
      "exp_grammar": 2,
      "exp_vocab": 4,
      "exp": 3
    }
  },
  "correction": [],
  "info": {
    "essay_id": "ESSAY_35602",
    "essay_prompt": " 남녀 갈등은 최근 우리 사회에서 가장 뜨거운 이슈 중 하나입니다. 이러한 갈등은 아직 간극을 좁히지 못하고 현재 사회적인 문제로 자리 잡았습니다.\n\n 군 가산점 문제, 일자리 문제 등 여러 가지 비교 자료들을 토대로 토론을 하고 이를 통해 갈등을 해결하고자 하는 노력이 이루어지고 있습니다.\n\n 과거에는 성차별 심했던 시기가 있었습니다. 여자와 남자를 구별 지어 일을 주는 경우도 많았습니다. 하지만, 현재는 여자와 남자라는 성별을 떠나서 나이, 국적을 불문하고 모두에게 평등한 기회를 주기 위해 노력하고 있습니다.\n\n 이렇게 모두의 노력에도 불구하고 아직 해결되지 않았거나 해결될 기미가 보이지 않는 양성평등 문제가 있을까요?\n\n 아주 작은 사소한 일이라도 좋습니다. 여러분이 생각하는 우리 주변의 양성평등 문제를 하나 작성해보고 어떻게 해결할 수 있을지 혹은 무엇이 바뀌어야 해결될 것 같은지 본인의 생각을 설명해주세요. ",
    "essay_type": "대안제시",
    "essay_level": "1",
    "essay_len": 1030,
    "essay_main_subject": "남녀 갈등 해결 방안"
  }
}