{
  "paragraph": [
    {
      "paragraph_txt": "우선 이러한 혐오 표현으로부터 아이들과 미래 사회를 보호하기 위해 메갈리아, 워마드, 일간베스트 저장소 등의 커뮤니티를 사용하지 않아야 한다.#@문장구분# 이 커뮤니티들은 특정 성별을 혐오하는 사이트로 혐오 표현에 의한 갈등을 조성하는 가장 큰 근원이다.#@문장구분# 지금도 계속 이러한 커뮤니티에서 수위 높고 유해한 혐오 표현을 만들어 내고 있고 이 커뮤니티를 통해 혐오 표현이 퍼져나가고 있다.#@문장구분# 따라서 혐오 표현의 근원지인 커뮤니티에서 벗어나는 것이 중요하다.#@문장구분#",
      "paragraph_len": 325,
      "paragraph_id": "001"
    },
    {
      "paragraph_txt": " 다음으로, 기자와 언론이 정확하지 않은 정보나 소수의 의견을 일반화하여 자극적인 기사를 생산하지 않아야 한다.#@문장구분# 요즘의 언론은 화제성, 이슈를 위해 사실 여부를 확인하지 않고 자극적으로 기사를 쓰기에 급급하다.#@문장구분# 이러한 언론을 통해 특정 성별이나 집단에 대한 혐오 문제가 기사화되고 있고 대중들은 기사의 사실 여부를 확인하기보다 자극적인 내용에 집중하는 경향이 있고 이러한 내용이 왜곡되어 전해지면서 남녀갈등이 심화하기도 한다.#@문장구분# 따라서 언론은 정확한 정보만을 전달해야 하고 대중들은 기사의 표면적인 내용뿐만 아니라 이면적인 내용도 잘 살펴봐야 한다.#@문장구분#",
      "paragraph_len": 386,
      "paragraph_id": "002"
    },
    {
      "paragraph_txt": " 마지막으로 그 무엇보다 중요한 것은 하나의 사회에서 서로 다른 두 성별이 공존하기 위해 서로 양보하고 배려하는 마음을 가지는 것이다.#@문장구분# 혐오 표현이 많은 갈등을 야기하고 있고 사회적인 큰 문제가 되고 있다는 것을 사람들은 알고 있지만, 서로를 배려하는 마음이 부족하다.#@문장구분# 자신이나 자신이 속한 집단의 권리를 위해 다른 집단의 권리를 침해하는 일은 없어야 한다.#@문장구분# 그리고 우리가 노력해서 혐오로부터 세상을 보호해야 미래 사회를 살아갈 아이들도 혐오에서 벗어난 조화로운 사회를 살아갈 수 있을 것이다.#@문장구분#",
      "paragraph_len": 356,
      "paragraph_id": "003"
    }
  ],
  "score": {
    "paragraph_score": [
      {
        "paragraph_scoreT": [
          3,
          2.8,
          2
        ],
        "paragraph_scoreT_detail": {
          "paragraph_scoreT_exp": [
            [
              3,
              3,
              3
            ],
            [
              2,
              3,
              3
            ],
            [
              2,
              2,
              2
            ]
          ]
        },
        "paragraph_scoreT_avg": 2.6000001,
        "paragraph_id": "001"
      },
      {
        "paragraph_scoreT": [
          3,
          2.8,
          2
        ],
        "paragraph_scoreT_detail": {
          "paragraph_scoreT_exp": [
            [
              3,
              3,
              3
            ],
            [
              2,
              3,
              3
            ],
            [
              2,
              2,
              2
            ]
          ]
        },
        "paragraph_scoreT_avg": 2.6000001,
        "paragraph_id": "002"
      },
      {
        "paragraph_scoreT": [
          3,
          2.8,
          2
        ],
        "paragraph_scoreT_detail": {
          "paragraph_scoreT_exp": [
            [
              3,
              3,
              3
            ],
            [
              2,
              3,
              3
            ],
            [
              2,
              2,
              2
            ]
          ]
        },
        "paragraph_scoreT_avg": 2.6000001,
        "paragraph_id": "003"
      }
    ],
    "essay_scoreT": [
      30,
      26,
      21.6
    ],
    "essay_scoreT_avg": 25.866667,
    "essay_scoreT_detail": {
      "essay_scoreT_org": [
        [
          3,
          0,
          3,
          3
        ],
        [
          2,
          0,
          2,
          2
        ],
        [
          2,
          0,
          2,
          2
        ]
      ],
      "essay_scoreT_cont": [
        [
          3,
          3,
          3,
          3
        ],
        [
          3,
          3,
          2,
          3
        ],
        [
          3,
          2,
          3,
          2
        ]
      ],
      "essay_scoreT_exp": [
        [
          3,
          3,
          3
        ],
        [
          2,
          3,
          3
        ],
        [
          2,
          2,
          2
        ]
      ]
    }
  },
  "student": {
    "date": "2021.09.07",
    "student_educated": true,
    "student_grade": "고등_1학년",
    "location": "051",
    "student_grade_group": "고등",
    "student_reading": 1
  },
  "rubric": {
    "essay_grade": "고등_1학년",
    "organization_weight": {
      "org_paragraph": 0,
      "org": 3,
      "org_essay": 6,
      "org_coherence": 3,
      "org_quantity": 1
    },
    "essay_type": "대안제시",
    "content_weight": {
      "con_clearance": 3,
      "con_novelty": 3,
      "con": 4,
      "con_prompt": 1,
      "con_description": 3
    },
    "essay_main_subject": "남녀 갈등 해결 방안",
    "expression_weight": {
      "exp_style": 4,
      "exp_grammar": 2,
      "exp_vocab": 4,
      "exp": 3
    }
  },
  "correction": [],
  "info": {
    "essay_id": "ESSAY_34674",
    "essay_prompt": " 남녀 갈등은 최근 우리 사회에서 가장 뜨거운 이슈 중 하나입니다. 이러한 갈등은 아직 간극을 좁히지 못하고 현재 사회적인 문제로 자리 잡았습니다.\n\n 군 가산점 문제, 일자리 문제 등 여러 가지 비교 자료들을 토대로 토론을 하고 이를 통해 갈등을 해결하고자 하는 노력이 이루어지고 있습니다.\n\n 과거에는 성차별 심했던 시기가 있었습니다. 여자와 남자를 구별 지어 일을 주는 경우도 많았습니다. 하지만, 현재는 여자와 남자라는 성별을 떠나서 나이, 국적을 불문하고 모두에게 평등한 기회를 주기 위해 노력하고 있습니다.\n\n 이렇게 모두의 노력에도 불구하고 아직 해결되지 않았거나 해결될 기미가 보이지 않는 양성평등 문제가 있을까요?\n\n 아주 작은 사소한 일이라도 좋습니다. 여러분이 생각하는 우리 주변의 양성평등 문제를 하나 작성해보고 어떻게 해결할 수 있을지 혹은 무엇이 바뀌어야 해결될 것 같은지 본인의 생각을 설명해주세요. ",
    "essay_type": "대안제시",
    "essay_level": "1",
    "essay_len": 832,
    "essay_main_subject": "남녀 갈등 해결 방안"
  }
}