{
  "paragraph": [
    {
      "paragraph_txt": "저희 언니는 대학졸업후 취업을 준비중입니다.#@문장구분# 통통한 체격의 언니는 4년대 간호학과를 졸업예정입니다.#@문장구분# 언니는 큰 대학병원들에 면접을 보러갑니다.#@문장구분# 그런데 저는 깜짝 놀랐습니다.#@문장구분# 언니가 첫 번째 대학병원 면접에 떨어지고 난후 다이어트를 시작하였기 때문입니다.#@문장구분# 교수님께서 뚱뚱해서 떨어진 것 같으니 무조건 44 사이즈로 다이어트를 하라고 말씀하셨다고 합니다.#@문장구분# 언니는 독을 품은 듯 운동도 하고 절식을 하면서 55반 사이즈에서 정말 44 사이즈까지 다이어트를 하였고 하반기 대형병원에 합격하였습니다.#@문장구분# 저는 간호사라면 건장하고 힘이 좋아야 되지 않을까?#@문장구분# 밤샘 근무도 해야 하고 언니 선배님들 말을 들어보면 공부도 의사만큼 많이 시킨다고 하던데 건강해야 되는데 저렇게 비쩍 마르면 무슨 일을 할수 있을까?#@문장구분# 저는 언니가 쓰러질까봐 걱정도 되었기 때문입니다.#@문장구분# 하지만 대형 병원에서 원하는 간호사는 날씬하고 예쁜 이미지의 여성 간호사를 원한다니 을의 입장인 언니는 어쩔 수 없었던 것이었을 것입니다.#@문장구분# 저는 이런 것들이 불평등 하다고 생각합니다.#@문장구분# 의사나 임상병리사나 물리치료사 남성을 뽑을때도 날씬한 사람을 뽑을까요?#@문장구분# 남성간호사를 뽑을때도 얼굴이 예쁘장하고 날씬한 남자를 뽑진 않을 것입니다.#@문장구분# 간호사라면 주사를 잘놓거나 마음가짐이 헌신적인 면을 더 보고 직원을 채용해야 하는게 정상일텐데 우리나라의 이름만 대면 알아주는 대형 병원의 채용현황에 어이가 없었습니다.#@문장구분# 채용공고에 날씬하고 예뻐야 함은 적혀 있지 않습니다,#@문장구분# 하지만 통통한 여성은 매번 면접에서 떨어진다고 하니 관례처럼 대학교의 교수들이 다이어트를 말하고 면접전 면접에 입고갈 옷까지 검사하는 진풍경이 벌어지는 것은 아닐까 라고 생각합니다.#@문장구분# 이것은 지금 채용을 하는 채용면접관들의 인식이므로 당장 바꿀수 없을 것입니다.#@문장구분# 기성세대들이 바뀌지 않으면 우리나라는 발전하지 않습니다.#@문장구분# 여성은 날씬하고 예뻐야 한다는 외모지상주의가 사라져야 합니다.#@문장구분# 그러기 위해서는 여성들이 스스로 당당하고 스스로를 아끼고 사랑해야 한다고 생각합니다.#@문장구분#",
      "paragraph_len": 1406,
      "paragraph_id": "001"
    }
  ],
  "score": {
    "paragraph_score": [
      {
        "paragraph_scoreT": [
          3,
          2.4,
          3
        ],
        "paragraph_scoreT_detail": {
          "paragraph_scoreT_exp": [
            [
              3,
              3,
              3
            ],
            [
              2,
              3,
              2
            ],
            [
              3,
              3,
              3
            ]
          ]
        },
        "paragraph_scoreT_avg": 2.8,
        "paragraph_id": "001"
      }
    ],
    "essay_scoreT": [
      30,
      26.100002,
      28.8
    ],
    "essay_scoreT_avg": 28.300001,
    "essay_scoreT_detail": {
      "essay_scoreT_org": [
        [
          3,
          0,
          3,
          3
        ],
        [
          3,
          0,
          2,
          3
        ],
        [
          3,
          0,
          3,
          3
        ]
      ],
      "essay_scoreT_cont": [
        [
          3,
          3,
          3,
          3
        ],
        [
          3,
          2,
          3,
          3
        ],
        [
          3,
          2,
          3,
          3
        ]
      ],
      "essay_scoreT_exp": [
        [
          3,
          3,
          3
        ],
        [
          2,
          3,
          2
        ],
        [
          3,
          3,
          3
        ]
      ]
    }
  },
  "student": {
    "date": "2021.12.03",
    "student_educated": true,
    "student_grade": "고등_1학년",
    "location": "063",
    "student_grade_group": "고등",
    "student_reading": 2
  },
  "rubric": {
    "essay_grade": "고등_1학년",
    "organization_weight": {
      "org_paragraph": 0,
      "org": 3,
      "org_essay": 6,
      "org_coherence": 3,
      "org_quantity": 1
    },
    "essay_type": "대안제시",
    "content_weight": {
      "con_clearance": 3,
      "con_novelty": 3,
      "con": 4,
      "con_prompt": 1,
      "con_description": 3
    },
    "essay_main_subject": "남녀 갈등 해결 방안",
    "expression_weight": {
      "exp_style": 4,
      "exp_grammar": 2,
      "exp_vocab": 4,
      "exp": 3
    }
  },
  "correction": [],
  "info": {
    "essay_id": "ESSAY_53663",
    "essay_prompt": " 남녀 갈등은 최근 우리 사회에서 가장 뜨거운 이슈 중 하나입니다. 이러한 갈등은 아직 간극을 좁히지 못하고 현재 사회적인 문제로 자리 잡았습니다.\n\n 군 가산점 문제, 일자리 문제 등 여러 가지 비교 자료들을 토대로 토론을 하고 이를 통해 갈등을 해결하고자 하는 노력이 이루어지고 있습니다.\n\n 과거에는 성차별 심했던 시기가 있었습니다. 여자와 남자를 구별 지어 일을 주는 경우도 많았습니다. 하지만, 현재는 여자와 남자라는 성별을 떠나서 나이, 국적을 불문하고 모두에게 평등한 기회를 주기 위해 노력하고 있습니다.\n\n 이렇게 모두의 노력에도 불구하고 아직 해결되지 않았거나 해결될 기미가 보이지 않는 양성평등 문제가 있을까요?\n\n 아주 작은 사소한 일이라도 좋습니다. 여러분이 생각하는 우리 주변의 양성평등 문제를 하나 작성해보고 어떻게 해결할 수 있을지 혹은 무엇이 바뀌어야 해결될 것 같은지 본인의 생각을 설명해주세요. ",
    "essay_type": "대안제시",
    "essay_level": "1",
    "essay_len": 986,
    "essay_main_subject": "남녀 갈등 해결 방안"
  }
}