{
  "paragraph": [
    {
      "paragraph_txt": "일상생활에서 예를 들자면 남녀가 평등해야 한다고, 체육시간 달리기나 축구 등을 하는데 기준을 똑같이 하고 하는 것은 차이에 따라 불공평한 것이기 때문에 꼭 올바른 양성평등만은 아닌 것 같습니다.#@문장구분#\n그래서 차이에 따라 어느 정도 기준을 정해놓고 차별은 없지만 구별은 있어야지 공평한 양성 평등이 될 것이라고 생각합니다.#@문장구분# 그 구별이 없다면 공평한 양성 평등이 되지 않기 때문에 구별과 기준이 확실히 있어야 공평한 영성평등이 될 것입니다.#@문장구분#\n또한, 사람이 태어날 때부터 신체적 조건이 다르고 능력도 다르고 취향도 달라 똑같이 행동할 수 없고, 양성 평등을 모든 것에는 적용 할 수 없다고 생각합니다.#@문장구분# 신체적으로 차별한다는 것 자체가 남녀평등이 되기가 남녀평등은 점차 사라진다고 생각하지만 아직도 일상생활에서 남녀평등이 많이 일어납니다.#@문장구분# 예를 들면 매년, 추석이나 설날이면 여자아이들은 엄마를 도와서 전을 부치고 송편을 빚고 음식을 만듭니다.#@문장구분# 명절이 되면 여자들만 대부분 요리를 하고 남자들은 잘 안합니다.#@문장구분# 하지만, 정작 오빠들은 TV를 보며 시식만 해주고 도움은 주지 않습니다.#@문장구분#\n또, 할아버지 산소를 가는 것도 여자 애들은 집에서 TV를 보고 있으라하시고 남자들만 데리고 갔다 옵니다.#@문장구분# 이걸 보면서 어른들의 인식도 변화되어야 아이들의 인식도 변화되겠다고 생각했습니다.#@문장구분# 남자들도 이제는 여자들을 도우면서 함께 일하는 추세가 되었으면 좋겠다고 생각합니다.#@문장구분# 물론 지금도 남자들이 요리를 하는 사람들이 있지만 아직까지는 많지는 않기 때문에 얼른 시대가 바뀌어 남자들도 같이하는 방식으로 바뀌면 좋겠습니다.#@문장구분#\n현대의 사회는 성차별에 대한 의식이 향상되었으며 차별의 감수성이 많이 상승 하였습니다.#@문장구분# 하지만 아직까지 늦은 성적인 차별에 대한 감수성이 고정관념 혹은 편견이 아직 만연해 있지만, 이러한 결과로 현대의 사회에서 상적인 차별에 대한 상당히 심각한 문제는 해결된 것이라 생각하는 경향이 있습니다.#@문장구분# 이에 따라 이런 낮은 수준의 차별적인 감수성과 성별의 고정관념에 대한 사회적인 변화를 위하여 상당한 노력이 있어야 한다고 생각합니다.#@문장구분#\n이글을 쓰면서 느낀 점은 아직도 남녀평등이 이루어 진 것 같지 않아 좀 더 남녀평등이 생활화 되면 좋겠다고 생각했고 옛날 속담부터 시작해 직장생활에 있기까지 너무 많은 차별 사례가 있어서 빨리 고쳐야지 평등하고 공평한 사회가 올 것 이라고 생각했습니다.#@문장구분# 빨리 노력하지 않으면 점점 늦어지고 남녀평등이 생활화되기 까지 점차 늦어질 것 입니다.#@문장구분# 하루라도 빨리 되기 위해서는 남녀평등이 원활히 이루어지면 좋겠다고 생각합니다.#@문장구분# 요즘의 평등은 좋아졌지만 아직은 다 그러지는 못했다고 생각을 하기 때문에 제일 먼저 해야 할 일은 남녀평등이 되기 위해  우리는 그것을 위해 노력하고 그것을 받아들여야 한다고 생각합니다.#@문장구분# 앞으로도 평등한 사회가 되기 위해 사람들이 조금만 더 노력하면 남녀차별이 점차 사라지지 않을까? 라는 생각이 듭니다.#@문장구분#",
      "paragraph_len": 1822,
      "paragraph_id": "001"
    }
  ],
  "score": {
    "paragraph_score": [
      {
        "paragraph_scoreT": [
          3,
          2,
          3
        ],
        "paragraph_scoreT_detail": {
          "paragraph_scoreT_exp": [
            [
              3,
              3,
              3
            ],
            [
              2,
              2,
              2
            ],
            [
              3,
              3,
              3
            ]
          ]
        },
        "paragraph_scoreT_avg": 2.6666667,
        "paragraph_id": "001"
      }
    ],
    "essay_scoreT": [
      30,
      24,
      30
    ],
    "essay_scoreT_avg": 28,
    "essay_scoreT_detail": {
      "essay_scoreT_org": [
        [
          3,
          0,
          3,
          3
        ],
        [
          2,
          0,
          3,
          3
        ],
        [
          3,
          0,
          3,
          3
        ]
      ],
      "essay_scoreT_cont": [
        [
          3,
          3,
          3,
          3
        ],
        [
          2,
          3,
          3,
          3
        ],
        [
          3,
          3,
          3,
          3
        ]
      ],
      "essay_scoreT_exp": [
        [
          3,
          3,
          3
        ],
        [
          2,
          2,
          2
        ],
        [
          3,
          3,
          3
        ]
      ]
    }
  },
  "student": {
    "date": "2021.12.10",
    "student_educated": true,
    "student_grade": "고등_1학년",
    "location": "063",
    "student_grade_group": "고등",
    "student_reading": 2
  },
  "rubric": {
    "essay_grade": "고등_1학년",
    "organization_weight": {
      "org_paragraph": 0,
      "org": 3,
      "org_essay": 6,
      "org_coherence": 3,
      "org_quantity": 1
    },
    "essay_type": "대안제시",
    "content_weight": {
      "con_clearance": 3,
      "con_novelty": 3,
      "con": 4,
      "con_prompt": 1,
      "con_description": 3
    },
    "essay_main_subject": "남녀 갈등 해결 방안",
    "expression_weight": {
      "exp_style": 4,
      "exp_grammar": 2,
      "exp_vocab": 4,
      "exp": 3
    }
  },
  "correction": [],
  "info": {
    "essay_id": "ESSAY_61698",
    "essay_prompt": " 남녀 갈등은 최근 우리 사회에서 가장 뜨거운 이슈 중 하나입니다. 이러한 갈등은 아직 간극을 좁히지 못하고 현재 사회적인 문제로 자리 잡았습니다.\n\n 군 가산점 문제, 일자리 문제 등 여러 가지 비교 자료들을 토대로 토론을 하고 이를 통해 갈등을 해결하고자 하는 노력이 이루어지고 있습니다.\n\n 과거에는 성차별 심했던 시기가 있었습니다. 여자와 남자를 구별 지어 일을 주는 경우도 많았습니다. 하지만, 현재는 여자와 남자라는 성별을 떠나서 나이, 국적을 불문하고 모두에게 평등한 기회를 주기 위해 노력하고 있습니다.\n\n 이렇게 모두의 노력에도 불구하고 아직 해결되지 않았거나 해결될 기미가 보이지 않는 양성평등 문제가 있을까요?\n\n 아주 작은 사소한 일이라도 좋습니다. 여러분이 생각하는 우리 주변의 양성평등 문제를 하나 작성해보고 어떻게 해결할 수 있을지 혹은 무엇이 바뀌어야 해결될 것 같은지 본인의 생각을 설명해주세요. ",
    "essay_type": "대안제시",
    "essay_level": "1",
    "essay_len": 1422,
    "essay_main_subject": "남녀 갈등 해결 방안"
  }
}