{
  "paragraph": [
    {
      "paragraph_txt": "최근들어 님비 라는 현상이 생겼다.#@문장구분# 님비는 My Back yard 라는 뜻으로 자신의 도시에서 나는 쓰레기는 자신의 지역에서 처리하라는 뜻이다.#@문장구분#",
      "paragraph_len": 120,
      "paragraph_id": "001"
    },
    {
      "paragraph_txt": " 님비는 심각한 사회적 문제이다.#@문장구분# 왜냐하면 쓰레기는 늘어만가는데 처리할 쓰레기매립지를 건설하자니 주민들의 반발이 심해 쓰레기를 버릴곳이 사라져가기 때문이다.#@문장구분# 이에 해결 방안을 생각해보았다. #@문장구분#처음으로는 주민들이 올바른 시민의식을 가져야한다는 것이다.#@문장구분# 쓰레기를 버릴곳이 없어지는 것이 주민모두의 문제이기도 하다.#@문장구분# 두 번째로는 지역간의 배려도 있어야 한다고 생각한다.#@문장구분# 쓰레기매립지가 크거나 많이 남는 도시들은 다른도시의 쓰레기를 배려해서 받아주어야 쓰레기매립지가 부족하거나 쓰레기 배출량이 높은 지역이 편안해진다.#@문장구분# 지역간의 배려가 님비현상을 사라지게 할 수 있다.#@문장구분# 마지막으로는 이 문제의 근본을 줄이는 것이다.#@문장구분# 바로 쓰레기 배출량을 줄이는 것이다.#@문장구분# 쓰레기가 배출되는 양이 줄어든다면 지역간의 갈등인 님비로 사라질 것이기 떄문이다. #@문장구분#우리가 자주쓰는 비닐 이런것들이 썩으려면 얼마나 걸리는지 아는가? #@문장구분#이런 제활용도 안되는 쓰레기들을 줄이면 님비 현상이 서서히 사라질 것이다.#@문장구분# 최근들어 다른 나라에서만 있던 님비 현상이 우리나라에도 침투하여 많은 지역간의 갈등이 생기고 주민들이 힘들어 하고 있다. #@문장구분#이 문제의 해걸방안은 솔찍히 지역간의 배려 주민들의 배려밖에 없다.#@문장구분# 쓰레기문제는 점점 더욱 심해만간다. #@문장구분#이를 해결하기위해 조금씩 한걸음씩이라도 배려한다면 이 님비 현상은 해결될 것이다.#@문장구분#",
      "paragraph_len": 996,
      "paragraph_id": "002"
    }
  ],
  "score": {
    "paragraph_score": [
      {
        "paragraph_scoreT": [
          3,
          3,
          3
        ],
        "paragraph_scoreT_detail": {
          "paragraph_scoreT_exp": [
            [
              3,
              3,
              3
            ],
            [
              3,
              3,
              3
            ],
            [
              3,
              3,
              3
            ]
          ]
        },
        "paragraph_scoreT_avg": 3,
        "paragraph_id": "001"
      },
      {
        "paragraph_scoreT": [
          3,
          3,
          2.6
        ],
        "paragraph_scoreT_detail": {
          "paragraph_scoreT_exp": [
            [
              3,
              3,
              3
            ],
            [
              3,
              3,
              3
            ],
            [
              3,
              2,
              3
            ]
          ]
        },
        "paragraph_scoreT_avg": 2.8666668,
        "paragraph_id": "002"
      }
    ],
    "essay_scoreT": [
      28.1,
      29.7,
      23.3
    ],
    "essay_scoreT_avg": 27.033335,
    "essay_scoreT_detail": {
      "essay_scoreT_org": [
        [
          3,
          0,
          3,
          2
        ],
        [
          3,
          0,
          3,
          2
        ],
        [
          2,
          0,
          2,
          3
        ]
      ],
      "essay_scoreT_cont": [
        [
          3,
          2,
          2,
          3
        ],
        [
          3,
          3,
          3,
          3
        ],
        [
          3,
          2,
          2,
          2
        ]
      ],
      "essay_scoreT_exp": [
        [
          3,
          3,
          3
        ],
        [
          3,
          3,
          3
        ],
        [
          3,
          2,
          3
        ]
      ]
    }
  },
  "student": {
    "date": "2021.09.07",
    "student_educated": true,
    "student_grade": "고등_1학년",
    "location": "051",
    "student_grade_group": "고등",
    "student_reading": 2
  },
  "rubric": {
    "essay_grade": "고등_1학년",
    "organization_weight": {
      "org_paragraph": 0,
      "org": 3,
      "org_essay": 6,
      "org_coherence": 3,
      "org_quantity": 1
    },
    "essay_type": "대안제시",
    "content_weight": {
      "con_clearance": 3,
      "con_novelty": 3,
      "con": 4,
      "con_prompt": 1,
      "con_description": 3
    },
    "essay_main_subject": "혐오시설 건설문제에 대한 본인의 생각",
    "expression_weight": {
      "exp_style": 4,
      "exp_grammar": 2,
      "exp_vocab": 4,
      "exp": 3
    }
  },
  "correction": [],
  "info": {
    "essay_id": "ESSAY_33829",
    "essay_prompt": " 혐오 시설이란 지역 주민에게 공포감이나 고통을 주거나, 주변 지역의 쾌적성이 훼손됨으로써 집값이나 땅값이 내려가는 등 부정적인 외부효과를 유발하는 시설을 의미합니다.\n\n 대표적인 혐오 시설에는 쓰레기 매립장, 원자력발전소, 소각장, 유류저장소 등이 있습니다.\n\n 매립지, 소각장, 쓰레기 하치장 같은 혐오 시설은 그리 위험하지는 않지만, 쓰레기를 취급한다는 점에서 혐오감을 주며, 주변 환경오염 문제가 갈등을 일으킵니다. 특히 소각장은 인구밀도가 높은 대도시에 건설된다는 점에서 반대 운동이 일기도 합니다.\n\n 그런데 서로 반대만 하다 보면 입지를 찾지 못해 결국 모든 주민의 삶의 질이 저하될 수 있습니다.\n\n 정부 차원에서 가장 적절한 장소를 선별하여 건설 후 주변 사람들에게 혜택을 주는 방식이 적절한 방법일까요? 아니면 혐오 시설만을 모아둔 부지를 따로 정해서 건설해야 할까요? 아니면 모든 도시가 공평하게 혐오 시설 건설에 대한 부담을 지니고 하나씩 건설해야 할까요?\n\n 모두가 만족할만한 결과를 내기란 정말 어려운 문제이지만 여러분이 생각하는 가장 합리적이고 좋은 방법을 생각해보세요. 그리고 그 방법을 대안으로 제시하고 그 근거에 대해 작성해주세요.",
    "essay_type": "대안제시",
    "essay_level": "1",
    "essay_len": 739,
    "essay_main_subject": "혐오시설 건설문제에 대한 본인의 생각"
  }
}