{
  "paragraph": [
    {
      "paragraph_txt": "갈등이 생기는 이유는 많지만 그 중 직업에 의한 갈등이 있고, 성에 의한 갈등도 있습니다.#@문장구분# 직업에 의한 갈등 같은 경우 많은 직업 중에 군인과 경찰을 예로 들 수 있습니다.#@문장구분# 경찰과 군인은 예전부터 남자들이 주로 하던 직업이었습니다.#@문장구분# 하지만 시간이 갈수록 여자의 인권을 더 존중해 주자는 의미에서 여경과 여군을 고용하기 시작했습니다.#@문장구분# 하지만 남자와 여자의 장점이 다르듯 전투를 하고, 범인을 잡는 과정에서 힘을 남자보다 쓰지 못하는 여자를 고용하는 데 있어서 문제가 많이 생겼습니다.#@문장구분# 저는 이것에 대해서 남자와 여자의 장점이 다르기에 이런 직업에 있어서는 힘이 필요하기 때문에 남자를 더 많이 고용해야 하고, 세심하고 말을 잘하는 여자에게는 방송 쪽 일에 고용을 더 많이 하는 방법이 있다고 생각합니다.#@문장구분# 하지만 이렇게 되면 직업 사이에 임금 격차가 발생하여 어쩔 수없이 다시 갈등이 발생할 것입니다.#@문장구분# 그렇기에 임금을 더 많이 주는 직종에서 세금을 더 떼고 그 세금을 임금을 적게 주는 직종에 주는 방법이 있다고 생각합니다.#@문장구분# 그렇지만 또 여기서 일에 난이도가 달라 임금의 차이는 발생할 수 있다고 생각합니다.#@문장구분# 그렇기에 법으로 일마다 난이도를 측정하여 어려운 직업은 시간을 줄이거나, 휴식 시간을 더 주고, 쉬운 직업은 시간을 조금 더 늘리면 될 것 같습니다.#@문장구분# 일마다 난이도를 정하는 것은 그것을 측정하는 사람들을 만드는 것입니다.#@문장구분# 나이 대마다 남자, 여자를 구하여 모든 직업을 체험해 보게 한 뒤에 측정 기준에 따라 평가를 하게 합니다.#@문장구분# 성에 의한 갈등은 여러 사이트나 sns에서 글을 쓰며 시작이 됩니다.#@문장구분# 이 것을 없애기 위해서는 제가 생각하는 가장 좋은 방법은 많은 사람들이 익명이 보장되기 때문에 서로를 비하하고 갈등을 심화하기 때문에 익명이라는 것 자체를 없애는 것입니다.#@문장구분# 하지만 이것은 실현되기 힘들기 때문에 비하하는 글을 쓴 사람에 한해 익명을 다시 못 쓰게 하고, 큰 처벌을 내리는 것입니다.#@문장구분# 그리고 이렇게 글이 많아지는 이유로는 서로를 비하하는 사이트나 sns에 가입하기 정말 간단하기 때문에 한 사람이 많은 계정으로 더 많은 글을 만들어내는 이유도 있습니다.#@문장구분# 그러므로 정부에서 이런 사이트를 따로 관리하는 부서를 만들어 관리하여, 사이트에서 익명을 보장해주나 그 부서에서는 누가 썼는지 확인할 수 있게 시스템을 만들어 비하하는 글이나, 갈등을 일으키는 글을 쓰는 사람이 있으면, 벌금을 물거나 처벌을 하는 것입니다.#@문장구분#",
      "paragraph_len": 1531,
      "paragraph_id": "001"
    }
  ],
  "score": {
    "paragraph_score": [
      {
        "paragraph_scoreT": [
          3,
          3,
          3
        ],
        "paragraph_scoreT_detail": {
          "paragraph_scoreT_exp": [
            [
              3,
              3,
              3
            ],
            [
              3,
              3,
              3
            ],
            [
              3,
              3,
              3
            ]
          ]
        },
        "paragraph_scoreT_avg": 3,
        "paragraph_id": "001"
      }
    ],
    "essay_scoreT": [
      30,
      28.8,
      28.4
    ],
    "essay_scoreT_avg": 29.066666,
    "essay_scoreT_detail": {
      "essay_scoreT_org": [
        [
          3,
          0,
          3,
          3
        ],
        [
          3,
          0,
          3,
          3
        ],
        [
          3,
          0,
          3,
          3
        ]
      ],
      "essay_scoreT_cont": [
        [
          3,
          3,
          3,
          3
        ],
        [
          3,
          2,
          3,
          3
        ],
        [
          3,
          2,
          2,
          3
        ]
      ],
      "essay_scoreT_exp": [
        [
          3,
          3,
          3
        ],
        [
          3,
          3,
          3
        ],
        [
          3,
          3,
          3
        ]
      ]
    }
  },
  "student": {
    "date": "2021.10.24",
    "student_educated": true,
    "student_grade": "고등_1학년",
    "location": "063",
    "student_grade_group": "고등",
    "student_reading": 1
  },
  "rubric": {
    "essay_grade": "고등_1학년",
    "organization_weight": {
      "org_paragraph": 0,
      "org": 3,
      "org_essay": 6,
      "org_coherence": 3,
      "org_quantity": 1
    },
    "essay_type": "대안제시",
    "content_weight": {
      "con_clearance": 3,
      "con_novelty": 3,
      "con": 4,
      "con_prompt": 1,
      "con_description": 3
    },
    "essay_main_subject": "남녀 갈등 해결 방안",
    "expression_weight": {
      "exp_style": 4,
      "exp_grammar": 2,
      "exp_vocab": 4,
      "exp": 3
    }
  },
  "correction": [],
  "info": {
    "essay_id": "ESSAY_43954",
    "essay_prompt": " 남녀 갈등은 최근 우리 사회에서 가장 뜨거운 이슈 중 하나입니다. 이러한 갈등은 아직 간극을 좁히지 못하고 현재 사회적인 문제로 자리 잡았습니다.\n\n 군 가산점 문제, 일자리 문제 등 여러 가지 비교 자료들을 토대로 토론을 하고 이를 통해 갈등을 해결하고자 하는 노력이 이루어지고 있습니다.\n\n 과거에는 성차별 심했던 시기가 있었습니다. 여자와 남자를 구별 지어 일을 주는 경우도 많았습니다. 하지만, 현재는 여자와 남자라는 성별을 떠나서 나이, 국적을 불문하고 모두에게 평등한 기회를 주기 위해 노력하고 있습니다.\n\n 이렇게 모두의 노력에도 불구하고 아직 해결되지 않았거나 해결될 기미가 보이지 않는 양성평등 문제가 있을까요?\n\n 아주 작은 사소한 일이라도 좋습니다. 여러분이 생각하는 우리 주변의 양성평등 문제를 하나 작성해보고 어떻게 해결할 수 있을지 혹은 무엇이 바뀌어야 해결될 것 같은지 본인의 생각을 설명해주세요. ",
    "essay_type": "대안제시",
    "essay_level": "1",
    "essay_len": 1191,
    "essay_main_subject": "남녀 갈등 해결 방안"
  }
}