{
  "paragraph": [
    {
      "paragraph_txt": "아파트 세대주들은 자신들이 살고있는 아파트의 집값하락과 자신들에게 더 편한 편의시설대신 자신들에겐 도움이 되지 않는 노인요양시설이 오는 것에 불만을 가져 아파트 단지회의를 통해 노인요양시설을 설치하지 않기로 했다.#@문장구분# 그러나 노인들도 세대주이기 떄문에 결코 무시만 할 수 없는 입장이다.#@문장구분# 이 사태를 해결하기 위해선,",
      "paragraph_len": 214,
      "paragraph_id": "001"
    },
    {
      "paragraph_txt": " 첫째, 노인들도 아파트의 사는사람으로써 동등하게 관리비를 내기 때문에 노인요양시설을 설치해야한다.#@문장구분# 노인들과 같은 아파트 주민앋.#@문장구분# 앞으로 고령화 사회가 더 심화되고 있는 양상인데, 노인들의 의견을 막상 무시하고 넘어갈 수 없는 노릇이다.#@문장구분# 가장 근본적으로 돈을 똑같이 내기 때문에, 그 사람들을 위한 시설을 지어주어야 한다.#@문장구분#",
      "paragraph_len": 260,
      "paragraph_id": "002"
    },
    {
      "paragraph_txt": " 두 번째로, 노인요양시설은 흔히 일자리가 없어진 낮에 시간이 널널한 노인들이나, 몸이 불편한 노인들이 자주 찾아오신다.#@문장구분# 노인들은 단지 행동에서나 젊은 층에 비해 느린 것이지, 경험이나 고등사고활동은 결코 뒤쳐진다고 할 수 없을 것이다.#@문장구분# 그래서 능력 있는 노인들은 아직 일할 수 있는 노인들도 있기 때문에, 일자리를 확대한다던지 노인들이 어느정도 어떤 생산적인 활동을 할수있도록 정부나 지자체에서 확대해 주어야 한다.#@문장구분#",
      "paragraph_len": 293,
      "paragraph_id": "003"
    },
    {
      "paragraph_txt": " 마지막으로 혹시 실버타운이라고 들어봤나?#@문장구분# 노인들을 위한 곳이라고 들어는 보았는데, 솔직히 말해서 다니는 주변 사람을 본 적이 없다.#@문장구분# 실버타운에 사람이 잘 가지 않는 이유는 무엇이라고 생각하는가?#@문장구분# 아마 첫 번째로는 제대로 된 시설확보와 믿을만 못 되는 관리라고 생각한다.#@문장구분# 실버타운만으로는 노인들도 비슷한 나이대끼리 모여 좋고, 젊은 층과의 세대 갈등도 없어서 매우 큰 방안이라고 생각한다.#@문장구분# 정부나 지자체에서 초고령화사회로 접어들면서 실버타운같이 노인들을 위한 시설에 투자를 좀 더 많이 해야한다.#@문장구분#",
      "paragraph_len": 397,
      "paragraph_id": "004"
    }
  ],
  "score": {
    "paragraph_score": [
      {
        "paragraph_scoreT": [
          3,
          3,
          2.6
        ],
        "paragraph_scoreT_detail": {
          "paragraph_scoreT_exp": [
            [
              3,
              3,
              3
            ],
            [
              3,
              3,
              3
            ],
            [
              3,
              2,
              3
            ]
          ]
        },
        "paragraph_scoreT_avg": 2.8666668,
        "paragraph_id": "001"
      },
      {
        "paragraph_scoreT": [
          2.8,
          3,
          3
        ],
        "paragraph_scoreT_detail": {
          "paragraph_scoreT_exp": [
            [
              2,
              3,
              3
            ],
            [
              3,
              3,
              3
            ],
            [
              3,
              3,
              3
            ]
          ]
        },
        "paragraph_scoreT_avg": 2.9333334,
        "paragraph_id": "002"
      },
      {
        "paragraph_scoreT": [
          3,
          3,
          3
        ],
        "paragraph_scoreT_detail": {
          "paragraph_scoreT_exp": [
            [
              3,
              3,
              3
            ],
            [
              3,
              3,
              3
            ],
            [
              3,
              3,
              3
            ]
          ]
        },
        "paragraph_scoreT_avg": 3,
        "paragraph_id": "003"
      },
      {
        "paragraph_scoreT": [
          3,
          3,
          3
        ],
        "paragraph_scoreT_detail": {
          "paragraph_scoreT_exp": [
            [
              3,
              3,
              3
            ],
            [
              3,
              3,
              3
            ],
            [
              3,
              3,
              3
            ]
          ]
        },
        "paragraph_scoreT_avg": 3,
        "paragraph_id": "004"
      }
    ],
    "essay_scoreT": [
      26.8,
      27.6,
      26.6
    ],
    "essay_scoreT_avg": 27,
    "essay_scoreT_detail": {
      "essay_scoreT_org": [
        [
          3,
          0,
          3,
          3
        ],
        [
          3,
          0,
          3,
          3
        ],
        [
          2,
          0,
          3,
          3
        ]
      ],
      "essay_scoreT_cont": [
        [
          2,
          2,
          1,
          3
        ],
        [
          3,
          2,
          3,
          2
        ],
        [
          3,
          2,
          2,
          3
        ]
      ],
      "essay_scoreT_exp": [
        [
          3,
          3,
          3
        ],
        [
          3,
          3,
          3
        ],
        [
          3,
          3,
          3
        ]
      ]
    }
  },
  "student": {
    "date": "2021.09.07",
    "student_educated": true,
    "student_grade": "고등_1학년",
    "location": "051",
    "student_grade_group": "고등",
    "student_reading": 3
  },
  "rubric": {
    "essay_grade": "고등_1학년",
    "organization_weight": {
      "org_paragraph": 0,
      "org": 3,
      "org_essay": 6,
      "org_coherence": 3,
      "org_quantity": 1
    },
    "essay_type": "대안제시",
    "content_weight": {
      "con_clearance": 3,
      "con_novelty": 3,
      "con": 4,
      "con_prompt": 1,
      "con_description": 3
    },
    "essay_main_subject": "혐오시설 건설문제에 대한 본인의 생각",
    "expression_weight": {
      "exp_style": 4,
      "exp_grammar": 2,
      "exp_vocab": 4,
      "exp": 3
    }
  },
  "correction": [],
  "info": {
    "essay_id": "ESSAY_33813",
    "essay_prompt": " 혐오 시설이란 지역 주민에게 공포감이나 고통을 주거나, 주변 지역의 쾌적성이 훼손됨으로써 집값이나 땅값이 내려가는 등 부정적인 외부효과를 유발하는 시설을 의미합니다.\n\n 대표적인 혐오 시설에는 쓰레기 매립장, 원자력발전소, 소각장, 유류저장소 등이 있습니다.\n\n 매립지, 소각장, 쓰레기 하치장 같은 혐오 시설은 그리 위험하지는 않지만, 쓰레기를 취급한다는 점에서 혐오감을 주며, 주변 환경오염 문제가 갈등을 일으킵니다. 특히 소각장은 인구밀도가 높은 대도시에 건설된다는 점에서 반대 운동이 일기도 합니다.\n\n 그런데 서로 반대만 하다 보면 입지를 찾지 못해 결국 모든 주민의 삶의 질이 저하될 수 있습니다.\n\n 정부 차원에서 가장 적절한 장소를 선별하여 건설 후 주변 사람들에게 혜택을 주는 방식이 적절한 방법일까요? 아니면 혐오 시설만을 모아둔 부지를 따로 정해서 건설해야 할까요? 아니면 모든 도시가 공평하게 혐오 시설 건설에 대한 부담을 지니고 하나씩 건설해야 할까요?\n\n 모두가 만족할만한 결과를 내기란 정말 어려운 문제이지만 여러분이 생각하는 가장 합리적이고 좋은 방법을 생각해보세요. 그리고 그 방법을 대안으로 제시하고 그 근거에 대해 작성해주세요.",
    "essay_type": "대안제시",
    "essay_level": "1",
    "essay_len": 870,
    "essay_main_subject": "혐오시설 건설문제에 대한 본인의 생각"
  }
}