{
  "paragraph": [
    {
      "paragraph_txt": "혐오 시설의 잘못된 인식을 바로 잡기 위해 첫째, 혐오 시설 및 요양 병원에 대한 인식 개선 교육을 실시해야 한다.#@문장구분# 혐오 시설이라 불리는 기관들은 사회 구성에 있어서 꼭 필요한 시설인데, 모든 사회 구성원들이 이런 시설의 건축을 반대한다면 사회 시스템 전반에 문제가 발생할 것이다.#@문장구분# 만약 쓰레기 매립지가 한곳도 없다면 우리나라는 쓰레기 처리 문제에 대응할 방법이 없다.#@문장구분# 또, 요양 병원이라는 곳은 시설 특성상 아픈 분들이 많아서 119의 출동이 잦아 시끄러울 수도 있지만 사람의 목숨과 관련된 일인 것도 고려해야 한다.#@문장구분# 혐오 시설이 건축된다면 그에 따르는 일자리도 늘어날 것이고, 지역 발전을 위한 지원도 증가할 것이다.#@문장구분# 이처럼 혐오 시설의 긍정적인 면도 알 수 있도록 학교나 정부 기관이 나서서 인식 개선 교육을 실시해야 한다.#@문장구분#",
      "paragraph_len": 528,
      "paragraph_id": "001"
    },
    {
      "paragraph_txt": "  둘째, 창의적이고 친환경적인 아이디어의 접목은 주민들로 하여금 쾌적함과 더 높은 접근성을 느낄 수 있게 할 것이다.#@문장구분# 한 지역의 에너지 관련 시설에서는 시설 한편에 지역 주민들을 위한 북 카페를 설치했다.#@문장구분# 낯설었던 시설에 접근성을 더하여 혐오 시설에 대한 안좋았던 인식을 고치고 오히려 쾌적함을 느낄 수 있도록 한 것이다.#@문장구분# 어느 한 쓰레기 소각장에는 산소 없이 쓰레기를 소각하는 기술을 접목시켜 환경 오염에 대한 고민을 줄였다.#@문장구분# 이 방식은 쓰레기 냄새도 줄여 주민들의 만족을 얻고 있다.#@문장구분# \n \n 마지막으로 혐오 시설의 건축 논의 시, 지역 주민들과 정부 기관의 충분한 조율이 필요하다.#@문장구분# 기사 내용처럼, 정부 기관은 허가했으나 주민들의 반발이 심할 경우 건축업자는 큰 곤란을 겪을 수 있다.#@문장구분# 정부 기관과 주민들 간의 충분한 논의를 통해 적절한 타협과 보상을 실시하여야 한다.#@문장구분# 모두에게 완벽한 방안을 찾기는 어렵겠지만, 서로에게 가장 적은 피해가 가는 방안은 찾을 수 있을 것이다.#@문장구분# ",
      "paragraph_len": 673,
      "paragraph_id": "002"
    },
    {
      "paragraph_txt": "  위 방법들을 통해 혐오 시설에 대한 인식 개선과 주민 및 정부 기관의 피해 최소화를 기대해 볼 수 있다.#@문장구분#",
      "paragraph_len": 80,
      "paragraph_id": "003"
    }
  ],
  "score": {
    "paragraph_score": [
      {
        "paragraph_scoreT": [
          2,
          2.8,
          2
        ],
        "paragraph_scoreT_detail": {
          "paragraph_scoreT_exp": [
            [
              2,
              2,
              2
            ],
            [
              2,
              3,
              3
            ],
            [
              2,
              2,
              2
            ]
          ]
        },
        "paragraph_scoreT_avg": 2.2666667,
        "paragraph_id": "001"
      },
      {
        "paragraph_scoreT": [
          2.6,
          2.8,
          2
        ],
        "paragraph_scoreT_detail": {
          "paragraph_scoreT_exp": [
            [
              3,
              2,
              3
            ],
            [
              2,
              3,
              3
            ],
            [
              2,
              2,
              2
            ]
          ]
        },
        "paragraph_scoreT_avg": 2.4666665,
        "paragraph_id": "002"
      },
      {
        "paragraph_scoreT": [
          3,
          2.8,
          2
        ],
        "paragraph_scoreT_detail": {
          "paragraph_scoreT_exp": [
            [
              3,
              3,
              3
            ],
            [
              2,
              3,
              3
            ],
            [
              2,
              2,
              2
            ]
          ]
        },
        "paragraph_scoreT_avg": 2.6000001,
        "paragraph_id": "003"
      }
    ],
    "essay_scoreT": [
      25.4,
      29.4,
      18.8
    ],
    "essay_scoreT_avg": 24.533333,
    "essay_scoreT_detail": {
      "essay_scoreT_org": [
        [
          2,
          0,
          3,
          3
        ],
        [
          3,
          0,
          3,
          3
        ],
        [
          2,
          0,
          2,
          2
        ]
      ],
      "essay_scoreT_cont": [
        [
          3,
          2,
          2,
          3
        ],
        [
          3,
          3,
          3,
          3
        ],
        [
          2,
          1,
          2,
          2
        ]
      ],
      "essay_scoreT_exp": [
        [
          3,
          2,
          3
        ],
        [
          2,
          3,
          3
        ],
        [
          2,
          2,
          2
        ]
      ]
    }
  },
  "student": {
    "date": "2020.09.06",
    "student_educated": true,
    "student_grade": "고등_1학년",
    "location": "051",
    "student_grade_group": "고등",
    "student_reading": 2
  },
  "rubric": {
    "essay_grade": "고등_1학년",
    "organization_weight": {
      "org_paragraph": 0,
      "org": 3,
      "org_essay": 6,
      "org_coherence": 3,
      "org_quantity": 1
    },
    "essay_type": "대안제시",
    "content_weight": {
      "con_clearance": 3,
      "con_novelty": 3,
      "con": 4,
      "con_prompt": 1,
      "con_description": 3
    },
    "essay_main_subject": "혐오시설 건설문제에 대한 본인의 생각",
    "expression_weight": {
      "exp_style": 4,
      "exp_grammar": 2,
      "exp_vocab": 4,
      "exp": 3
    }
  },
  "correction": [],
  "info": {
    "essay_id": "ESSAY_34904",
    "essay_prompt": " 혐오 시설이란 지역 주민에게 공포감이나 고통을 주거나, 주변 지역의 쾌적성이 훼손됨으로써 집값이나 땅값이 내려가는 등 부정적인 외부효과를 유발하는 시설을 의미합니다.\n\n 대표적인 혐오 시설에는 쓰레기 매립장, 원자력발전소, 소각장, 유류저장소 등이 있습니다.\n\n 매립지, 소각장, 쓰레기 하치장 같은 혐오 시설은 그리 위험하지는 않지만, 쓰레기를 취급한다는 점에서 혐오감을 주며, 주변 환경오염 문제가 갈등을 일으킵니다. 특히 소각장은 인구밀도가 높은 대도시에 건설된다는 점에서 반대 운동이 일기도 합니다.\n\n 그런데 서로 반대만 하다 보면 입지를 찾지 못해 결국 모든 주민의 삶의 질이 저하될 수 있습니다.\n\n 정부 차원에서 가장 적절한 장소를 선별하여 건설 후 주변 사람들에게 혜택을 주는 방식이 적절한 방법일까요? 아니면 혐오 시설만을 모아둔 부지를 따로 정해서 건설해야 할까요? 아니면 모든 도시가 공평하게 혐오 시설 건설에 대한 부담을 지니고 하나씩 건설해야 할까요?\n\n 모두가 만족할만한 결과를 내기란 정말 어려운 문제이지만 여러분이 생각하는 가장 합리적이고 좋은 방법을 생각해보세요. 그리고 그 방법을 대안으로 제시하고 그 근거에 대해 작성해주세요.",
    "essay_type": "대안제시",
    "essay_level": "1",
    "essay_len": 965,
    "essay_main_subject": "혐오시설 건설문제에 대한 본인의 생각"
  }
}