{
  "paragraph": [
    {
      "paragraph_txt": "첫째, 인터넷의 환경을 개선해야 합니다.#@문장구분#\n왜냐하면 이러한 갈등은 우리 사회가 급격하게 발전했지만 그 속도를 맞추지 못하고 조금씩 나아가는 우리의 의식 속에서부터 시작하였습니다.#@문장구분# 조금씩 피어오던 젠더갈등을 사람들은 인터넷에서 비슷한 생각을 하는 사람을 만나 서로 의견을 나누다가 대거유입이 되고 언어와 표현이 거칠게 되었습니다.#@문장구분# 이러한 극단적인 젠더갈등의 상황 속에서 제가 생각한 대안은 '인터넷 실명제 도입'입니다.#@문장구분# 사람들은 익명 속에 숨어서로 혐오하고 비판합니다.#@문장구분# 만약 인터넷 실명제가 도입된다면 어떻게 변화할까요?#@문장구분# 젠더 갈등이 급브레이크를 밟게 될 것입니다.#@문장구분# 그렇게 될 수 있는 이유는 사람들은 다른 사람의 평가에 예민하고 현실 속에 살아갑니다.#@문장구분# 그 현실에는 남성과 여성 모두가 공존하고 있고, 자신이 한 젠더갈등의 발언이 밝혀져 주의 사람들에게 들키기를 바라는 사람은 없을 것입니다.#@문장구분# 만약 발언을 하더라도 그 말에 대한 책임을 지는 것이 맞다고 생각합니다.#@문장구분#",
      "paragraph_len": 682,
      "paragraph_id": "001"
    },
    {
      "paragraph_txt": " 둘째, 교육환경의 개선입니다.#@문장구분#\n왜냐하면 젠더갈등은 우리의 어릴 때부터 시작하지 않았습니다.#@문장구분# 어느 정도 자란 뒤 배웠던 사회와는 다른 현실을 마주하고 갈등이 심해지고 혼란을 야기하는 것이였습니다.#@문장구분# 만약 학창시절ㅇ[ 이러한 문제점을 학생들에게 인식하게 하고 우리가 대처해 나아가야할 자세와 태도에 대해 충분하게 가르쳐줬으면 사태가 이렇게까지 커지고 심해지지는 않을 것이라는 생각이 듭니다.#@문장구분#",
      "paragraph_len": 296,
      "paragraph_id": "002"
    },
    {
      "paragraph_txt": " 마지막으로 셋째, 가장 근본적이고 기초적으로 올바른 마음을 가지기입니다.#@문장구분#\n이 문제에 대해 다르게 된 이유로, 젠더갈등이라는 문제가 시작된 것도 많은 사람의 마음에서 시작된 것입니다.#@문장구분# 무작정 다른 성을 비판하고 미워하지 말고 상대방의 입장을 조금이라도 생각하고 자신을 반성하는 마음을 가지면 사뢰의 갈등과 혼란은 사라질 수 있을 것입니다.#@문장구분#",
      "paragraph_len": 249,
      "paragraph_id": "003"
    }
  ],
  "score": {
    "paragraph_score": [
      {
        "paragraph_scoreT": [
          3,
          3,
          3
        ],
        "paragraph_scoreT_detail": {
          "paragraph_scoreT_exp": [
            [
              3,
              3,
              3
            ],
            [
              3,
              3,
              3
            ],
            [
              3,
              3,
              3
            ]
          ]
        },
        "paragraph_scoreT_avg": 3,
        "paragraph_id": "001"
      },
      {
        "paragraph_scoreT": [
          2.6,
          3,
          3
        ],
        "paragraph_scoreT_detail": {
          "paragraph_scoreT_exp": [
            [
              3,
              2,
              3
            ],
            [
              3,
              3,
              3
            ],
            [
              3,
              3,
              3
            ]
          ]
        },
        "paragraph_scoreT_avg": 2.8666668,
        "paragraph_id": "002"
      },
      {
        "paragraph_scoreT": [
          2.6,
          3,
          3
        ],
        "paragraph_scoreT_detail": {
          "paragraph_scoreT_exp": [
            [
              3,
              2,
              3
            ],
            [
              3,
              3,
              3
            ],
            [
              3,
              3,
              3
            ]
          ]
        },
        "paragraph_scoreT_avg": 2.8666668,
        "paragraph_id": "003"
      }
    ],
    "essay_scoreT": [
      25.3,
      22.8,
      27.3
    ],
    "essay_scoreT_avg": 25.133331,
    "essay_scoreT_detail": {
      "essay_scoreT_org": [
        [
          3,
          0,
          3,
          2
        ],
        [
          3,
          0,
          3,
          3
        ],
        [
          2,
          0,
          2,
          3
        ]
      ],
      "essay_scoreT_cont": [
        [
          2,
          2,
          1,
          3
        ],
        [
          0,
          2,
          0,
          2
        ],
        [
          3,
          3,
          3,
          3
        ]
      ],
      "essay_scoreT_exp": [
        [
          3,
          2,
          3
        ],
        [
          3,
          3,
          3
        ],
        [
          3,
          3,
          3
        ]
      ]
    }
  },
  "student": {
    "date": "2021.09.03",
    "student_educated": true,
    "student_grade": "고등_1학년",
    "location": "051",
    "student_grade_group": "고등",
    "student_reading": 1
  },
  "rubric": {
    "essay_grade": "고등_1학년",
    "organization_weight": {
      "org_paragraph": 0,
      "org": 3,
      "org_essay": 6,
      "org_coherence": 3,
      "org_quantity": 1
    },
    "essay_type": "대안제시",
    "content_weight": {
      "con_clearance": 3,
      "con_novelty": 3,
      "con": 4,
      "con_prompt": 1,
      "con_description": 3
    },
    "essay_main_subject": "혐오시설 건설문제에 대한 본인의 생각",
    "expression_weight": {
      "exp_style": 4,
      "exp_grammar": 2,
      "exp_vocab": 4,
      "exp": 3
    }
  },
  "correction": [],
  "info": {
    "essay_id": "ESSAY_33838",
    "essay_prompt": " 혐오 시설이란 지역 주민에게 공포감이나 고통을 주거나, 주변 지역의 쾌적성이 훼손됨으로써 집값이나 땅값이 내려가는 등 부정적인 외부효과를 유발하는 시설을 의미합니다.\n\n 대표적인 혐오 시설에는 쓰레기 매립장, 원자력발전소, 소각장, 유류저장소 등이 있습니다.\n\n 매립지, 소각장, 쓰레기 하치장 같은 혐오 시설은 그리 위험하지는 않지만, 쓰레기를 취급한다는 점에서 혐오감을 주며, 주변 환경오염 문제가 갈등을 일으킵니다. 특히 소각장은 인구밀도가 높은 대도시에 건설된다는 점에서 반대 운동이 일기도 합니다.\n\n 그런데 서로 반대만 하다 보면 입지를 찾지 못해 결국 모든 주민의 삶의 질이 저하될 수 있습니다.\n\n 정부 차원에서 가장 적절한 장소를 선별하여 건설 후 주변 사람들에게 혜택을 주는 방식이 적절한 방법일까요? 아니면 혐오 시설만을 모아둔 부지를 따로 정해서 건설해야 할까요? 아니면 모든 도시가 공평하게 혐오 시설 건설에 대한 부담을 지니고 하나씩 건설해야 할까요?\n\n 모두가 만족할만한 결과를 내기란 정말 어려운 문제이지만 여러분이 생각하는 가장 합리적이고 좋은 방법을 생각해보세요. 그리고 그 방법을 대안으로 제시하고 그 근거에 대해 작성해주세요.",
    "essay_type": "대안제시",
    "essay_level": "1",
    "essay_len": 892,
    "essay_main_subject": "혐오시설 건설문제에 대한 본인의 생각"
  }
}