{
  "paragraph": [
    {
      "paragraph_txt": "최근 들어 남녀 갈등이 더욱 고조되고 있다.#@문장구분# 심지어는 웹툰에 쓰이는 만화적 요소를 혐오 발언으로 잘못 인식하여 벌점 테러를 하는 등 적극적인 움직임도 보인다.#@문장구분# 왜 이런 일이 일어나는 걸까?#@문장구분# 모든 문제의 근원은 성 역할 고정관념과 선천적인 다름 사이의 차이를 분간하지 못하기 때문이라 생각한다.#@문장구분# 우리는 남녀의 선천적 다름에 무엇이 있는지 알아야 한다.#@문장구분#",
      "paragraph_len": 295,
      "paragraph_id": "001"
    },
    {
      "paragraph_txt": " 대표적으로 신체가 있다.#@문장구분# 대부분의 남성은 여성에 비해 신체적 능력이 뛰어나고 대부분의 여성은 남성에 비해 신체적 능력이 떨어진다.#@문장구분# 이건 우리 모두가 아는 다름이다.#@문장구분# 하지만 언제나 예외가 있을 수 있다는 것을 알아야 한다.#@문장구분# '여자니까 들기 힘들겠다.', '남자가 이것도 못 드니?'와 같은 말들은 다름을 인정하는 것이 아니다.#@문장구분# 선천적인 다름으로부터 파생된 고정관념일 뿐이다.#@문장구분#\n \n 그럼 사회적 능력은 어떨까? 이것도 타고나는 다름에 속할까?#@문장구분# 당연히 아니다.#@문장구분# 사회적 능력은 어디까지나 개인의 역량과 관련돼 있다.#@문장구분# 이것을 무시하고 막무가내로 남녀를 차별하는 것은 심각한 인권 침해이다.#@문장구분#\n \n 우리나라는 불과 몇 십 년 전만 해도 남성 중심의 사회였다.#@문장구분# 하지만 최근 들어 이 차별의 바다에 새로운 바람이 불고 있다.#@문장구분# 불합리한 성차별을 바로잡기 위해 '페미니즘'이 등장한 것이다.#@문장구분#\n \n 하지만 모든 것이 좋게만 흘러가지는 않았다.#@문장구분# 페미니즘의 진짜 의미가 '남혐'으로 잘못 인식되기 시작했다.#@문장구분# 앞서 말했듯 우리나라는 남성 중심의 사회였다.#@문장구분# 즉 이에 대항하여 여성의 인권을 되찾아야 했다.#@문장구분# 이러한 과정 속에서 과분하게 주어졌던 남성의 권리들이 점차 사라졌고, 일부 남성들은 이를 '남성 혐오'로 받아들였다.#@문장구분# 변질된 페미니즘이 지금의 상황을 초래한 것이다.#@문장구분#",
      "paragraph_len": 1020,
      "paragraph_id": "002"
    },
    {
      "paragraph_txt": " 이를 바로잡기 위해서는 현 사태를 객관적으로 볼 줄 알아야 한다.#@문장구분# 어떠한 사회적인 움직임이 무조건적으로 필요하다는 뜻이다.#@문장구분# TV 방송과 같은 공개적이고 영향력이 큰 매체에서 지속적으로 이 문제를 다룬다면 얼마 지나지 않아 긍정적인 바람이 불 것이다.#@문장구분# 지금의 우리 사회는 남녀 갈등에 매우 민감하게 반응한다.#@문장구분# 변화무쌍하다는 의미이기 때문에 어찌 보면 남녀평등 실현의 최고의 환경이라 할 수 있다.#@문장구분#",
      "paragraph_len": 321,
      "paragraph_id": "003"
    }
  ],
  "score": {
    "paragraph_score": [
      {
        "paragraph_scoreT": [
          2.2,
          2.6,
          3
        ],
        "paragraph_scoreT_detail": {
          "paragraph_scoreT_exp": [
            [
              3,
              2,
              2
            ],
            [
              3,
              3,
              2
            ],
            [
              3,
              3,
              3
            ]
          ]
        },
        "paragraph_scoreT_avg": 2.6000001,
        "paragraph_id": "001"
      },
      {
        "paragraph_scoreT": [
          2.2,
          2.6,
          3
        ],
        "paragraph_scoreT_detail": {
          "paragraph_scoreT_exp": [
            [
              3,
              2,
              2
            ],
            [
              3,
              3,
              2
            ],
            [
              3,
              3,
              3
            ]
          ]
        },
        "paragraph_scoreT_avg": 2.6000001,
        "paragraph_id": "002"
      },
      {
        "paragraph_scoreT": [
          2.2,
          2.6,
          3
        ],
        "paragraph_scoreT_detail": {
          "paragraph_scoreT_exp": [
            [
              3,
              2,
              2
            ],
            [
              3,
              3,
              2
            ],
            [
              3,
              3,
              3
            ]
          ]
        },
        "paragraph_scoreT_avg": 2.6000001,
        "paragraph_id": "003"
      }
    ],
    "essay_scoreT": [
      23.3,
      23.7,
      25.400002
    ],
    "essay_scoreT_avg": 24.133333,
    "essay_scoreT_detail": {
      "essay_scoreT_org": [
        [
          2,
          0,
          2,
          3
        ],
        [
          2,
          0,
          2,
          3
        ],
        [
          2,
          0,
          3,
          3
        ]
      ],
      "essay_scoreT_cont": [
        [
          3,
          2,
          2,
          3
        ],
        [
          3,
          2,
          3,
          2
        ],
        [
          3,
          2,
          2,
          2
        ]
      ],
      "essay_scoreT_exp": [
        [
          3,
          2,
          2
        ],
        [
          3,
          3,
          2
        ],
        [
          3,
          3,
          3
        ]
      ]
    }
  },
  "student": {
    "date": "2021.10.01",
    "student_educated": true,
    "student_grade": "고등_1학년",
    "location": "051",
    "student_grade_group": "고등",
    "student_reading": 1
  },
  "rubric": {
    "essay_grade": "고등_1학년",
    "organization_weight": {
      "org_paragraph": 0,
      "org": 3,
      "org_essay": 6,
      "org_coherence": 3,
      "org_quantity": 1
    },
    "essay_type": "대안제시",
    "content_weight": {
      "con_clearance": 3,
      "con_novelty": 3,
      "con": 4,
      "con_prompt": 1,
      "con_description": 3
    },
    "essay_main_subject": "남녀 갈등 해결 방안",
    "expression_weight": {
      "exp_style": 4,
      "exp_grammar": 2,
      "exp_vocab": 4,
      "exp": 3
    }
  },
  "correction": [],
  "info": {
    "essay_id": "ESSAY_36438",
    "essay_prompt": " 남녀 갈등은 최근 우리 사회에서 가장 뜨거운 이슈 중 하나입니다. 이러한 갈등은 아직 간극을 좁히지 못하고 현재 사회적인 문제로 자리 잡았습니다.\n\n 군 가산점 문제, 일자리 문제 등 여러 가지 비교 자료들을 토대로 토론을 하고 이를 통해 갈등을 해결하고자 하는 노력이 이루어지고 있습니다.\n\n 과거에는 성차별 심했던 시기가 있었습니다. 여자와 남자를 구별 지어 일을 주는 경우도 많았습니다. 하지만, 현재는 여자와 남자라는 성별을 떠나서 나이, 국적을 불문하고 모두에게 평등한 기회를 주기 위해 노력하고 있습니다.\n\n 이렇게 모두의 노력에도 불구하고 아직 해결되지 않았거나 해결될 기미가 보이지 않는 양성평등 문제가 있을까요?\n\n 아주 작은 사소한 일이라도 좋습니다. 여러분이 생각하는 우리 주변의 양성평등 문제를 하나 작성해보고 어떻게 해결할 수 있을지 혹은 무엇이 바뀌어야 해결될 것 같은지 본인의 생각을 설명해주세요. ",
    "essay_type": "대안제시",
    "essay_level": "1",
    "essay_len": 1061,
    "essay_main_subject": "남녀 갈등 해결 방안"
  }
}