{
  "paragraph": [
    {
      "paragraph_txt": "혐오시설이라는 단어만 들어도 부정적인 생각이 먼저 든다.#@문장구분# 혐오스럽다. 찜짐하다. 무섭다등의 부정적인 편견을 가지고 있다.#@문장구분# 그리고 교도소라는 단어에 대한 또한 긍정보다는 부정의 이미지를 떠올리게 되는데, 우리가 살고 있는 지역 가까이는 내 동네에 혐오시설이 있다면 어떨까?#@문장구분# 교도소, 장례식장 등#@문장구분# 제가 살고 있는 동네는 참으로 조용하고 공기도 좋은 동네이다.#@문장구분# 그런데 집에서 5분 거리에 교도소와 장계식장이 바로 옆으로 위치해 있다.#@문장구분# 그 중에서도 제가 이야기 하고자 하는 혐오시설은 전주교도소이다.#@문장구분# 우리가 살고있는 동네에 위치한 전주교도소는 범죄의 형량이 높은 죄수들이 있는곳이라고 들었다.#@문장구분# 그래서인지 무섭기도 하고 혐오스럽고 불편한 마음이 있다.#@문장구분# 한참은 교도소 이전문제를 두고 문제가 다루어져왔다.#@문장구분# 물론 몇 년전부터 교도소 이전문제에 대해서 나왔지만 교도소 이전 부지에사는 주민들의 거주문제등 쉽지않은가보다.#@문장구분# 그런데 교도소 이전하는 곳은 바로 옆동네인 1,2분 거리로 이동을 한다는게 무슨 의미가 있나 싶다.#@문장구분# 처음에는 혐오시설의 이전이 나와서 주변의 아파트값이 상승할 것이라는 예상과는 달리 교도소 내 반경내로 움직인다고 생각을 하니 굳이 예산을 낭비해 가면서 옮겨야 하나 라는 생각이 든다.#@문장구분# 물론 반드시 필요한 수용시설이지만 어느 한 마을에 위치해있다는 것이 불편함을 주는 것 사실이다.#@문장구분# 그 수용시설이 우리들에게 직접접인 피해를 주는건 없지만 혐오시설에 대하 불편한 인식은 마찬가지이다.#@문장구분# 교도소 이전을 하게 된다면 그 부지에 편의시설이 들어온다고는 하는데 교도소라는 혐오시설을 잘 활용하게 된다면 전체적인 철거가 아닌 익산에 교도소 셋트장처럼 그런 아이디어로 교도소라는 시설을 그대로 잘보존해서 교도소에 대한 인식을 바꾸어줄 필요가 있을 것 같다.#@문장구분# 시설에 대한 궁금증 그런 부분들을 보존해서 교도소라는 곳에 대한 이미지 개선 및 활용을 잘 하게 된다면 좋을 것 같다.#@문장구분#",
      "paragraph_len": 1272,
      "paragraph_id": "001"
    }
  ],
  "score": {
    "paragraph_score": [
      {
        "paragraph_scoreT": [
          2.2,
          2.2,
          3
        ],
        "paragraph_scoreT_detail": {
          "paragraph_scoreT_exp": [
            [
              3,
              2,
              2
            ],
            [
              3,
              2,
              2
            ],
            [
              3,
              3,
              3
            ]
          ]
        },
        "paragraph_scoreT_avg": 2.4666667,
        "paragraph_id": "001"
      }
    ],
    "essay_scoreT": [
      22.7,
      27.6,
      30
    ],
    "essay_scoreT_avg": 26.766668,
    "essay_scoreT_detail": {
      "essay_scoreT_org": [
        [
          2,
          0,
          2,
          1
        ],
        [
          3,
          0,
          3,
          3
        ],
        [
          3,
          0,
          3,
          3
        ]
      ],
      "essay_scoreT_cont": [
        [
          2,
          3,
          2,
          3
        ],
        [
          3,
          3,
          3,
          3
        ],
        [
          3,
          3,
          3,
          3
        ]
      ],
      "essay_scoreT_exp": [
        [
          3,
          2,
          2
        ],
        [
          3,
          2,
          2
        ],
        [
          3,
          3,
          3
        ]
      ]
    }
  },
  "student": {
    "date": "2021.11.03",
    "student_educated": true,
    "student_grade": "고등_1학년",
    "location": "063",
    "student_grade_group": "고등",
    "student_reading": 1
  },
  "rubric": {
    "essay_grade": "고등_1학년",
    "organization_weight": {
      "org_paragraph": 0,
      "org": 3,
      "org_essay": 6,
      "org_coherence": 3,
      "org_quantity": 1
    },
    "essay_type": "대안제시",
    "content_weight": {
      "con_clearance": 3,
      "con_novelty": 3,
      "con": 4,
      "con_prompt": 1,
      "con_description": 3
    },
    "essay_main_subject": "혐오시설 건설문제에 대한 본인의 생각",
    "expression_weight": {
      "exp_style": 4,
      "exp_grammar": 2,
      "exp_vocab": 4,
      "exp": 3
    }
  },
  "correction": [],
  "info": {
    "essay_id": "ESSAY_40873",
    "essay_prompt": " 혐오 시설이란 지역 주민에게 공포감이나 고통을 주거나, 주변 지역의 쾌적성이 훼손됨으로써 집값이나 땅값이 내려가는 등 부정적인 외부효과를 유발하는 시설을 의미합니다.\n\n 대표적인 혐오 시설에는 쓰레기 매립장, 원자력발전소, 소각장, 유류저장소 등이 있습니다.\n\n 매립지, 소각장, 쓰레기 하치장 같은 혐오 시설은 그리 위험하지는 않지만, 쓰레기를 취급한다는 점에서 혐오감을 주며, 주변 환경오염 문제가 갈등을 일으킵니다. 특히 소각장은 인구밀도가 높은 대도시에 건설된다는 점에서 반대 운동이 일기도 합니다.\n\n 그런데 서로 반대만 하다 보면 입지를 찾지 못해 결국 모든 주민의 삶의 질이 저하될 수 있습니다.\n\n 정부 차원에서 가장 적절한 장소를 선별하여 건설 후 주변 사람들에게 혜택을 주는 방식이 적절한 방법일까요? 아니면 혐오 시설만을 모아둔 부지를 따로 정해서 건설해야 할까요? 아니면 모든 도시가 공평하게 혐오 시설 건설에 대한 부담을 지니고 하나씩 건설해야 할까요?\n\n 모두가 만족할만한 결과를 내기란 정말 어려운 문제이지만 여러분이 생각하는 가장 합리적이고 좋은 방법을 생각해보세요. 그리고 그 방법을 대안으로 제시하고 그 근거에 대해 작성해주세요.",
    "essay_type": "대안제시",
    "essay_level": "1",
    "essay_len": 933,
    "essay_main_subject": "혐오시설 건설문제에 대한 본인의 생각"
  }
}