{
  "paragraph": [
    {
      "paragraph_txt": "내가 생각하는 가장 이상적인 혐오시설은 홍천군의 사례에서 찾을 수 있었다.#@문장구분# 이에 대한 방안에 대해 생각해보았는데 홍천군의 소매곡리는 환경기초시설이 밀집 되어 있는 곳으로 혐오 시설이 굉장히 밀집되어 냄새나는 마을로 불릴 정도였다고 하며, 주민들이 냄새 안 맡고 하루만 살아봤으면 하는 것이 소원이라고 할 정도이니 더 이상 무슨 말이 필요하겠는가.#@문장구분# 이런 소매곡리는 혐오시설을 친환경에너지 시설로 전환하여 온실가스를 감축하여 에너지를 생산하고 환경문제까지 동시에 해결하는 것은 물론 주민소득의 증대로 이어지는 결과를 가져올 수 있었다.#@문장구분# 이것은 모두 소매곡리의 주민들의 기술과 의지로 폐기물을 자원화 시켰기 때문이다.#@문장구분# 주민들의 강력한 의지가 아니었다면 이런 식으로 홍천군같이 혐오시설의 문제점을 발전시킬 수 없었을 것이다.#@문장구분# 혐오시설을 자신들의 사업적인 방향성을 극대화하여 사용하는 것이 가장 이상적인 사례라고 생각한다.#@문장구분# 혐오시설은 지역 주민에게 공포감 또는 고통을 주는 등의 부정적인 외부효과를 가져올 수 있다.#@문장구분# 소매곡리의 사람들도 냄새 안 맡고 하루만 사는 것이 소원일 정도였으니 부정적인 외부효과에 대해 더 얘기하지 않아도 알 수 있을 것이라고 생각한다.#@문장구분# 하지만, 소개해준 사례처럼 이것을 이용하는 방안을 주민들과 해당 지역에서 꾸준히 고민하고 서로 토론을 하여 기술을 연구하여 활용하는 등 부정을 긍정으로 전환시킬 수 있는 방법도 있을 것이라고 생각한다.#@문장구분# 물론 이 또한 모두가 만족하며 흡족해 할 수 있는 결과는 아니라고 생각한다.#@문장구분# 허나 시도하지 않는 것은 모두를 불만족 속에서 구르게 하는 것과 다름이 없다고 생각한다.#@문장구분# 혐오시설은 부정적인 외부효과를 가져올 수도 있지만 우리에게 꼭 필요한 시설임에는 틀림이 없다라고 생각한다.#@문장구분# 그에 긍정과 부정은 한끝이라고 생각하며 조금만 시선을 틀어서 긍정적인 면모로 생각한다면 끝에는 좋은 방향의 활용법이 있을 것이다.#@문장구분#",
      "paragraph_len": 1188,
      "paragraph_id": "001"
    }
  ],
  "score": {
    "paragraph_score": [
      {
        "paragraph_scoreT": [
          3,
          2.8,
          3
        ],
        "paragraph_scoreT_detail": {
          "paragraph_scoreT_exp": [
            [
              3,
              3,
              3
            ],
            [
              2,
              3,
              3
            ],
            [
              3,
              3,
              3
            ]
          ]
        },
        "paragraph_scoreT_avg": 2.9333334,
        "paragraph_id": "001"
      }
    ],
    "essay_scoreT": [
      25.400002,
      29.4,
      28.8
    ],
    "essay_scoreT_avg": 27.866669,
    "essay_scoreT_detail": {
      "essay_scoreT_org": [
        [
          2,
          0,
          3,
          3
        ],
        [
          3,
          0,
          3,
          3
        ],
        [
          3,
          0,
          3,
          3
        ]
      ],
      "essay_scoreT_cont": [
        [
          3,
          2,
          2,
          2
        ],
        [
          3,
          3,
          3,
          3
        ],
        [
          3,
          2,
          3,
          3
        ]
      ],
      "essay_scoreT_exp": [
        [
          3,
          3,
          3
        ],
        [
          2,
          3,
          3
        ],
        [
          3,
          3,
          3
        ]
      ]
    }
  },
  "student": {
    "date": "2021.10.18",
    "student_educated": true,
    "student_grade": "고등_1학년",
    "location": "02",
    "student_grade_group": "고등",
    "student_reading": 1
  },
  "rubric": {
    "essay_grade": "고등_1학년",
    "organization_weight": {
      "org_paragraph": 0,
      "org": 3,
      "org_essay": 6,
      "org_coherence": 3,
      "org_quantity": 1
    },
    "essay_type": "대안제시",
    "content_weight": {
      "con_clearance": 3,
      "con_novelty": 3,
      "con": 4,
      "con_prompt": 1,
      "con_description": 3
    },
    "essay_main_subject": "혐오시설 건설문제에 대한 본인의 생각",
    "expression_weight": {
      "exp_style": 4,
      "exp_grammar": 2,
      "exp_vocab": 4,
      "exp": 3
    }
  },
  "correction": [],
  "info": {
    "essay_id": "ESSAY_37981",
    "essay_prompt": " 혐오 시설이란 지역 주민에게 공포감이나 고통을 주거나, 주변 지역의 쾌적성이 훼손됨으로써 집값이나 땅값이 내려가는 등 부정적인 외부효과를 유발하는 시설을 의미합니다.\n\n 대표적인 혐오 시설에는 쓰레기 매립장, 원자력발전소, 소각장, 유류저장소 등이 있습니다.\n\n 매립지, 소각장, 쓰레기 하치장 같은 혐오 시설은 그리 위험하지는 않지만, 쓰레기를 취급한다는 점에서 혐오감을 주며, 주변 환경오염 문제가 갈등을 일으킵니다. 특히 소각장은 인구밀도가 높은 대도시에 건설된다는 점에서 반대 운동이 일기도 합니다.\n\n 그런데 서로 반대만 하다 보면 입지를 찾지 못해 결국 모든 주민의 삶의 질이 저하될 수 있습니다.\n\n 정부 차원에서 가장 적절한 장소를 선별하여 건설 후 주변 사람들에게 혜택을 주는 방식이 적절한 방법일까요? 아니면 혐오 시설만을 모아둔 부지를 따로 정해서 건설해야 할까요? 아니면 모든 도시가 공평하게 혐오 시설 건설에 대한 부담을 지니고 하나씩 건설해야 할까요?\n\n 모두가 만족할만한 결과를 내기란 정말 어려운 문제이지만 여러분이 생각하는 가장 합리적이고 좋은 방법을 생각해보세요. 그리고 그 방법을 대안으로 제시하고 그 근거에 대해 작성해주세요.",
    "essay_type": "대안제시",
    "essay_level": "1",
    "essay_len": 929,
    "essay_main_subject": "혐오시설 건설문제에 대한 본인의 생각"
  }
}