{
  "paragraph": [
    {
      "paragraph_txt": "혐오시설이란 자칫 사람들에게 불쾌감이나 스트레스를 조성 할 수도 있는 시설들을 의미한다.#@문장구분#\n이러한 시설들은 혐오감을 조성 할 수도 있지만, 우리에게 꼭 필요한 시실임에는 틀림이 없다.#@문장구분#\n대표적으로 쓰레기 매립장, 원자력발전소 등이 있다. 이러한 시설들이 본인의 마을 혹은 동네에 설치되는 것을 사람들은 대부분 반대한다.#@문장구분# 이러한 현상을 님비현상 (NIMBY) 이라고 한다.#@문장구분# \n반대로 좋은 문화시설과 편의시설들은 본인의 마을에 설치하길 찬성하는 현상은 핌비현상(PIMBY) 이라고한다.#@문장구분#\n위와 같은 현상을 해결하기 위해서는 일정한 지역에 설치하고, 그 지역주민들에게 혜택을 주는 방법이 가장 효과적이라고 생각한다.#@문장구분# 그 이유는 혐오시설들이 사람들이 생활하는데에 꼭 필요한 시설이라는 점은 틀림이 없다.#@문장구분# 그렇기 때문에 어쩔 수 없이 한 지역에 설치하면, 그 지역주민들에게 혜택을 주는 것이 그 지역주민들도 납득가고 이해 할 수도 있는 가장 효과적인 방안이라고 생각한다.#@문장구분#\n혐오시설들은 지역주민들도 꼭 사용해야하는 시설인데다가, 더불어 혜택 또한 주기 때문에 서로 윈윈이 되리라고 생각한다.#@문장구분# 설치된 혐오시설로 지역주민들에게 주는 혜택 덕분에 지역주민들이 이사를 가는것보다 다른 지역주민들이 새로 이사를 와, 집 값이 떨어져버리는 문제 또한 해결 할 수 있을 것이다.#@문장구분# 그렇기에 혐오시설을 설치한 지역의 주민들에게 혜택을 주는 방법을 선택해, 혐오시설 건설에 대한 문제를 해결하여야 한다.#@문장구분# 하지만 이러한 방법들에도 허점이 있다고 생각한다.#@문장구분# 혐오시설을 설치한다고 아무리 혜택을 준다고 해도 혐오시설은 혐오시설이라고 생각하기 때문에 이러한 인식을 바꿔야 된다고 생각합니다.#@문장구분# 우선 인식을 바꾸기 위해서는 일본처럼 혐오시설을 설치하는 지역에 혜택을 주는 법안을 발의하면 좋을 것 같다고 생각한다.#@문장구분# 이런 법안이 발의되면 혐오시설을 자기 지역에 유치하려는 지자체들이 많아질 것이고 혐오시설에 대한 인식이 좋아질 것으로 예상된다.#@문장구분#",
      "paragraph_len": 1250,
      "paragraph_id": "001"
    }
  ],
  "score": {
    "paragraph_score": [
      {
        "paragraph_scoreT": [
          3,
          2.8,
          3
        ],
        "paragraph_scoreT_detail": {
          "paragraph_scoreT_exp": [
            [
              3,
              3,
              3
            ],
            [
              2,
              3,
              3
            ],
            [
              3,
              3,
              3
            ]
          ]
        },
        "paragraph_scoreT_avg": 2.9333334,
        "paragraph_id": "001"
      }
    ],
    "essay_scoreT": [
      30,
      29.4,
      26.3
    ],
    "essay_scoreT_avg": 28.566666,
    "essay_scoreT_detail": {
      "essay_scoreT_org": [
        [
          3,
          0,
          3,
          3
        ],
        [
          3,
          0,
          3,
          3
        ],
        [
          3,
          0,
          2,
          3
        ]
      ],
      "essay_scoreT_cont": [
        [
          3,
          3,
          3,
          3
        ],
        [
          3,
          3,
          3,
          3
        ],
        [
          2,
          2,
          2,
          3
        ]
      ],
      "essay_scoreT_exp": [
        [
          3,
          3,
          3
        ],
        [
          2,
          3,
          3
        ],
        [
          3,
          3,
          3
        ]
      ]
    }
  },
  "student": {
    "date": "2021.11.15",
    "student_educated": true,
    "student_grade": "고등_1학년",
    "location": "054",
    "student_grade_group": "고등",
    "student_reading": 2
  },
  "rubric": {
    "essay_grade": "고등_1학년",
    "organization_weight": {
      "org_paragraph": 0,
      "org": 3,
      "org_essay": 6,
      "org_coherence": 3,
      "org_quantity": 1
    },
    "essay_type": "대안제시",
    "content_weight": {
      "con_clearance": 3,
      "con_novelty": 3,
      "con": 4,
      "con_prompt": 1,
      "con_description": 3
    },
    "essay_main_subject": "혐오시설 건설문제에 대한 본인의 생각",
    "expression_weight": {
      "exp_style": 4,
      "exp_grammar": 2,
      "exp_vocab": 4,
      "exp": 3
    }
  },
  "correction": [],
  "info": {
    "essay_id": "ESSAY_44236",
    "essay_prompt": " 혐오 시설이란 지역 주민에게 공포감이나 고통을 주거나, 주변 지역의 쾌적성이 훼손됨으로써 집값이나 땅값이 내려가는 등 부정적인 외부효과를 유발하는 시설을 의미합니다.\n\n 대표적인 혐오 시설에는 쓰레기 매립장, 원자력발전소, 소각장, 유류저장소 등이 있습니다.\n\n 매립지, 소각장, 쓰레기 하치장 같은 혐오 시설은 그리 위험하지는 않지만, 쓰레기를 취급한다는 점에서 혐오감을 주며, 주변 환경오염 문제가 갈등을 일으킵니다. 특히 소각장은 인구밀도가 높은 대도시에 건설된다는 점에서 반대 운동이 일기도 합니다.\n\n 그런데 서로 반대만 하다 보면 입지를 찾지 못해 결국 모든 주민의 삶의 질이 저하될 수 있습니다.\n\n 정부 차원에서 가장 적절한 장소를 선별하여 건설 후 주변 사람들에게 혜택을 주는 방식이 적절한 방법일까요? 아니면 혐오 시설만을 모아둔 부지를 따로 정해서 건설해야 할까요? 아니면 모든 도시가 공평하게 혐오 시설 건설에 대한 부담을 지니고 하나씩 건설해야 할까요?\n\n 모두가 만족할만한 결과를 내기란 정말 어려운 문제이지만 여러분이 생각하는 가장 합리적이고 좋은 방법을 생각해보세요. 그리고 그 방법을 대안으로 제시하고 그 근거에 대해 작성해주세요.",
    "essay_type": "대안제시",
    "essay_level": "1",
    "essay_len": 950,
    "essay_main_subject": "혐오시설 건설문제에 대한 본인의 생각"
  }
}