{
  "paragraph": [
    {
      "paragraph_txt": "첫 번째로는 온라인 인터넷 속에서 익명성이 너무나도 잘 보장되기 때문인 것 같다.#@문장구분# 그러므로 댓글을 어디사는 누가 언제 어디서 달았는지 바로 알 수 있게끔 하는 것이다.#@문장구분# 그러면 쉽게 악플을 달지 못하고 범죄를 저지를 수 없을 것이다.#@문장구분#  둘째로는 인터넷 으로 일어나는 범죄 예를 들어 보이피싱, 사칭, 악플, 욕설,성희롱 등 다양한 사이버 온라인 범죄가 일어나고 있으므로 온라인 인터넷 또는 사이버 범죄 관련 법을 강화시키고 처벌의 수위를 높이는 것이다.#@문장구분# 지금 현재의 법은 처벌이 매우 약하다.#@문장구분# 그러므로 법을 강화시켜 집 방구석에서 손가락 하나만 움직여 아무렇지 않게 달아 사람에게 상처를 입히고 심하면 죽기에 이르기 까지 하는 사람들에게 법으로나마 법적으로 처벌을 주어 죄책감과 느끼게 하고 잘못을 반성하게 만들어야 할 것이다.#@문장구분# 셋째로는 가정교육이나 학교교육을 통해 사이버 범죄나 온라인으로 하는 범죄도 엄연한 범죄고 어렸을 때부터 교육을 시켜야한다.#@문장구분# 소수의 사람들 또는 집단들은 자기가 악플을 달고 욕설을 하는 것이 잘못된 일이고 처벌을 받을 수 있다는 사실을 인지를 하지 못하는 사람들도 많다.#@문장구분# 그러므로 다양한 교육을 통해 머릿속에 인식이 박혀야한다.#@문장구분# 온라인에서 모르는 사람과 아무렇지 않게 욕을 주고받고 사생활을 공유하고 대화를 주고 받는다.#@문장구분# 이러한 사회 속에서 사회자체도 변화하고 있다.#@문장구분# 고로 사람들도 변하고 다양한 사람들이 생겨난다.#@문장구분# 좋은 부분도 있지만 부정적인 부분도 있다.#@문장구분# 자기만의 사상과 생각 가치관 신념등 모두가 다르다.#@문장구분# 그렇게 바뀌는 사회속 나쁜행동을 하거나 이상한 행동을 하는 이해할 수 없는 사람들이 많다.#@문장구분# 그러므로 마지막으로 제시하고 싶은 것은 자기스스로를 지켜야한다는 것이다.#@문장구분# 인터넷 속에서 욕설을 듣거나 안좋은일을 당해도 아무렇지 않게 행동하고 무시아닌 무시도 필요하다.#@문장구분# 자기만의 멘탈을 지키는 방법과 자기 자신을 보호해야한다.#@문장구분# 자기만 슬프고 힘든 것은 좋지않다.#@문장구분# 악플러는 처벌또는 무시를 통해 다시 자기만의 당당한 삶을 살아가는 것이 중요하다.#@문장구분# 아무리 법을 개선하고 노력하지만 그대로 악플러나 범죄는 언제 어디에서든 사라지지않고 생길 수밖에 없다.#@문장구분# 자기자신을 보호하자는 것이 마지막 대안이다.#@문장구분#",
      "paragraph_len": 1514,
      "paragraph_id": "001"
    }
  ],
  "score": {
    "paragraph_score": [
      {
        "paragraph_scoreT": [
          1,
          3,
          2
        ],
        "paragraph_scoreT_detail": {
          "paragraph_scoreT_exp": [
            [
              1,
              1,
              1
            ],
            [
              3,
              3,
              3
            ],
            [
              2,
              2,
              2
            ]
          ]
        },
        "paragraph_scoreT_avg": 2,
        "paragraph_id": "001"
      }
    ],
    "essay_scoreT": [
      15.699999,
      30,
      20
    ],
    "essay_scoreT_avg": 21.9,
    "essay_scoreT_detail": {
      "essay_scoreT_org": [
        [
          2,
          0,
          2,
          3
        ],
        [
          3,
          0,
          3,
          3
        ],
        [
          2,
          0,
          2,
          2
        ]
      ],
      "essay_scoreT_cont": [
        [
          2,
          1,
          1,
          2
        ],
        [
          3,
          3,
          3,
          3
        ],
        [
          2,
          2,
          2,
          2
        ]
      ],
      "essay_scoreT_exp": [
        [
          1,
          1,
          1
        ],
        [
          3,
          3,
          3
        ],
        [
          2,
          2,
          2
        ]
      ]
    }
  },
  "student": {
    "date": "2021.07.08",
    "student_educated": true,
    "student_grade": "고등_1학년",
    "location": "051",
    "student_grade_group": "고등",
    "student_reading": 2
  },
  "rubric": {
    "essay_grade": "고등_1학년",
    "organization_weight": {
      "org_paragraph": 0,
      "org": 3,
      "org_essay": 6,
      "org_coherence": 3,
      "org_quantity": 1
    },
    "essay_type": "대안제시",
    "content_weight": {
      "con_clearance": 3,
      "con_novelty": 3,
      "con": 4,
      "con_prompt": 1,
      "con_description": 3
    },
    "essay_main_subject": "남녀 갈등 해결 방안",
    "expression_weight": {
      "exp_style": 4,
      "exp_grammar": 2,
      "exp_vocab": 4,
      "exp": 3
    }
  },
  "correction": [],
  "info": {
    "essay_id": "ESSAY_34768",
    "essay_prompt": " 남녀 갈등은 최근 우리 사회에서 가장 뜨거운 이슈 중 하나입니다. 이러한 갈등은 아직 간극을 좁히지 못하고 현재 사회적인 문제로 자리 잡았습니다.\n\n 군 가산점 문제, 일자리 문제 등 여러 가지 비교 자료들을 토대로 토론을 하고 이를 통해 갈등을 해결하고자 하는 노력이 이루어지고 있습니다.\n\n 과거에는 성차별 심했던 시기가 있었습니다. 여자와 남자를 구별 지어 일을 주는 경우도 많았습니다. 하지만, 현재는 여자와 남자라는 성별을 떠나서 나이, 국적을 불문하고 모두에게 평등한 기회를 주기 위해 노력하고 있습니다.\n\n 이렇게 모두의 노력에도 불구하고 아직 해결되지 않았거나 해결될 기미가 보이지 않는 양성평등 문제가 있을까요?\n\n 아주 작은 사소한 일이라도 좋습니다. 여러분이 생각하는 우리 주변의 양성평등 문제를 하나 작성해보고 어떻게 해결할 수 있을지 혹은 무엇이 바뀌어야 해결될 것 같은지 본인의 생각을 설명해주세요. ",
    "essay_type": "대안제시",
    "essay_level": "1",
    "essay_len": 1074,
    "essay_main_subject": "남녀 갈등 해결 방안"
  }
}