{
  "paragraph": [
    {
      "paragraph_txt": "지난 7월 말 한 서울외각지역 폐기물 처리장에서 주민들과의 갈등으로 폐기물처리장에서의 노동자들이 좋지 않은 환경에서 일을하고있습니다.#@문장구분# 이곳은 야외폐기물처리장이 아닌 지하에 창문 하나 없는 곳에서 음식물 쓰레기와 무더운 여름, 높은 습도로 악취가 심해 환기를 시켜야 하지만 주민들의 악취 민원이 들어와 환기는 물론 악취가 나갈까봐 쪽문 하나 제대로 열지 못하고 일을 한다고 합니다.#@문장구분# 그리고 창문도 없고 에어컨도 없는 오로지 선풍기만으로 일을합니다.#@문장구분# 그런데 플라스틱, 종이, 유리, 페트병 등을 다치지 않고 안전하게 분리하기 위해 모자,마스크, 장갑 두 겹, 토시, 앞치마 등으로 무장을 하고 일을 하기 때문에 일이 끝나고나면 머리부터 발끝까지 땀 때문에 몸에다 붙어있다고하였고 일을 할 때 목에 땀을 흘려 유리조각이 목에 붙어 집에오면 유리조각이 떨어져 있다고합니다.#@문장구분# 그리고 이곳에 분리수거를 대신해주는 기계가 있다고하지만 쓰레기보다 일반쓰레기가 더 많아 결국 사람이 해야하는 일이라고 합니다.#@문장구분# 주민들의 악취민원 때문에 환기도 못하여 악취가 가득하고 덥고 습한 공간에서 일하는 상황을 해결하기 위해 폐기물처리장 주변 주민들이 악취가 심하더라도 이 상황을 조금이나마 해결하기 위해 이해를 해주시거나 계속 환기를 시키진 못하더라도 하루에 몇 시간을 정해 그 시간에만이라도 환기를 할 수 있도록 합니다.#@문장구분# 만약 주민들이 절대 환기를 하면 안된다고 하면 일을 조금이나마 덜기 위해 분리수거를 평소에 열심히 해야한다고 생각합니다.#@문장구분# 그리고 조금이나마 환기를 하지 못해 일어나는 높은 온도와 습한 공기를 위해 에어컨을 설치해야한다고 생각합니다.#@문장구분# 비록 폐기물 처리장 주변 주민분들이 쓰레기 악취문제로 힘드시겠지만 이 상황을 조금이나마 이해해주셨으면 좋겠다는 생각이 들었습니다.#@문장구분#",
      "paragraph_len": 1052,
      "paragraph_id": "001"
    }
  ],
  "score": {
    "paragraph_score": [
      {
        "paragraph_scoreT": [
          3,
          3,
          3
        ],
        "paragraph_scoreT_detail": {
          "paragraph_scoreT_exp": [
            [
              3,
              3,
              3
            ],
            [
              3,
              3,
              3
            ],
            [
              3,
              3,
              3
            ]
          ]
        },
        "paragraph_scoreT_avg": 3,
        "paragraph_id": "001"
      }
    ],
    "essay_scoreT": [
      23.9,
      24.6,
      24.5
    ],
    "essay_scoreT_avg": 24.333334,
    "essay_scoreT_detail": {
      "essay_scoreT_org": [
        [
          2,
          0,
          3,
          2
        ],
        [
          2,
          0,
          2,
          2
        ],
        [
          2,
          0,
          2,
          3
        ]
      ],
      "essay_scoreT_cont": [
        [
          2,
          2,
          2,
          2
        ],
        [
          3,
          2,
          3,
          2
        ],
        [
          3,
          2,
          2,
          2
        ]
      ],
      "essay_scoreT_exp": [
        [
          3,
          3,
          3
        ],
        [
          3,
          3,
          3
        ],
        [
          3,
          3,
          3
        ]
      ]
    }
  },
  "student": {
    "date": "2021.09.07",
    "student_educated": true,
    "student_grade": "고등_1학년",
    "location": "051",
    "student_grade_group": "고등",
    "student_reading": 1
  },
  "rubric": {
    "essay_grade": "고등_1학년",
    "organization_weight": {
      "org_paragraph": 0,
      "org": 3,
      "org_essay": 6,
      "org_coherence": 3,
      "org_quantity": 1
    },
    "essay_type": "대안제시",
    "content_weight": {
      "con_clearance": 3,
      "con_novelty": 3,
      "con": 4,
      "con_prompt": 1,
      "con_description": 3
    },
    "essay_main_subject": "혐오시설 건설문제에 대한 본인의 생각",
    "expression_weight": {
      "exp_style": 4,
      "exp_grammar": 2,
      "exp_vocab": 4,
      "exp": 3
    }
  },
  "correction": [],
  "info": {
    "essay_id": "ESSAY_33832",
    "essay_prompt": " 혐오 시설이란 지역 주민에게 공포감이나 고통을 주거나, 주변 지역의 쾌적성이 훼손됨으로써 집값이나 땅값이 내려가는 등 부정적인 외부효과를 유발하는 시설을 의미합니다.\n\n 대표적인 혐오 시설에는 쓰레기 매립장, 원자력발전소, 소각장, 유류저장소 등이 있습니다.\n\n 매립지, 소각장, 쓰레기 하치장 같은 혐오 시설은 그리 위험하지는 않지만, 쓰레기를 취급한다는 점에서 혐오감을 주며, 주변 환경오염 문제가 갈등을 일으킵니다. 특히 소각장은 인구밀도가 높은 대도시에 건설된다는 점에서 반대 운동이 일기도 합니다.\n\n 그런데 서로 반대만 하다 보면 입지를 찾지 못해 결국 모든 주민의 삶의 질이 저하될 수 있습니다.\n\n 정부 차원에서 가장 적절한 장소를 선별하여 건설 후 주변 사람들에게 혜택을 주는 방식이 적절한 방법일까요? 아니면 혐오 시설만을 모아둔 부지를 따로 정해서 건설해야 할까요? 아니면 모든 도시가 공평하게 혐오 시설 건설에 대한 부담을 지니고 하나씩 건설해야 할까요?\n\n 모두가 만족할만한 결과를 내기란 정말 어려운 문제이지만 여러분이 생각하는 가장 합리적이고 좋은 방법을 생각해보세요. 그리고 그 방법을 대안으로 제시하고 그 근거에 대해 작성해주세요.",
    "essay_type": "대안제시",
    "essay_level": "1",
    "essay_len": 874,
    "essay_main_subject": "혐오시설 건설문제에 대한 본인의 생각"
  }
}