{
  "paragraph": [
    {
      "paragraph_txt": "우리 주변에는 항상 작거나 큰 차별들이 존재한다.#@문장구분# 특히 성별 문제에서는 더 그런 경향이 있다.#@문장구분# 사실 남녀 모두 평등을 원할 것이겠지만 여자들은 과거부터 물건 취급을 당하는 일이 있기도 했고 남자보다 덜한 대위를 해줬기 때문에 더 일어서서 나서는 모습을 볼 수 있지만 이 또한 자연스러운 현상이다.#@문장구분# 몇몇의 사람들은 SNS에서 항상 뜨는 페미니스트를 보고 여성우월주의를 원하는 사람들이라고 하지만 페미니스트는 여성과 남성의 평등한 정치적 사회적 위치를 원하는 단체이다.#@문장구분# 개인적인 의견이지만 '페미니스트' 라는 단어를 만든 것이 남녀 사이를 더 멀어지게 한 것 같다고 느낀다.#@문장구분# 왜냐하면 페미니스트라는 단체를 만듦으로써 여성들이 소속감을 느낄 수 있는 장소가 마련되어서 남성들에 대한 불만이 많이 쌓여질 것 같고 이것에 대해 더 싸움이 많아 질 것 같다고 느끼기 때문이다.#@문장구분# 하지만 이게 꼭 나쁜 것은 아니다.#@문장구분# 남녀 갈등을 해결하기 위해서는 우선 서로 이성적으로 판단하며 의견을 절충해나갈 수 있어야 한다.#@문장구분# 어렵겠지만 서로 인정할 부분은 인정해주고 대화를 이어나가기 위해서 서로를 막무가내로 비난 하지 말아야 한다.#@문장구분# 또한 어렸을 때부터 남녀에 대한 올바른 생각을 갖고 자랄 수 있게 도와주어야 한다.#@문장구분# 이렇게 교육해나가다보면 언젠가는 서로 사랑하고 아껴주는 사회가 도래하지 않을까하고 조심스레 생각해본다.#@문장구분# 그리고 극성폐미니스트들을 때려잡아야 한다고 생각한다.#@문장구분# 나는 사람이 항문으로만 똥을 싸는줄 알았다.#@문장구분# 하지만 페미니스트들을 보고 사람이 머리로도 똥을 쌀 수 있구나 하고 느꼈다.#@문장구분# 1920년 폐지된 태형을 부활해 남에게 상처준 사람들에게 태형을 부과하면 좋을 것같다.#@문장구분# 남의 눈에서 눈물나게 하면 나의 눈에서는 피눈물난다는 것을 일깨워주는 좋은 기회일 것 같다.#@문장구분#",
      "paragraph_len": 1187,
      "paragraph_id": "001"
    }
  ],
  "score": {
    "paragraph_score": [
      {
        "paragraph_scoreT": [
          2.2,
          1.6,
          2
        ],
        "paragraph_scoreT_detail": {
          "paragraph_scoreT_exp": [
            [
              3,
              2,
              2
            ],
            [
              2,
              1,
              2
            ],
            [
              2,
              2,
              2
            ]
          ]
        },
        "paragraph_scoreT_avg": 1.9333334,
        "paragraph_id": "001"
      }
    ],
    "essay_scoreT": [
      23,
      20.3,
      20.3
    ],
    "essay_scoreT_avg": 21.199999,
    "essay_scoreT_detail": {
      "essay_scoreT_org": [
        [
          2,
          0,
          3,
          3
        ],
        [
          2,
          0,
          2,
          3
        ],
        [
          2,
          0,
          2,
          3
        ]
      ],
      "essay_scoreT_cont": [
        [
          2,
          2,
          2,
          3
        ],
        [
          3,
          2,
          2,
          2
        ],
        [
          2,
          2,
          2,
          2
        ]
      ],
      "essay_scoreT_exp": [
        [
          3,
          2,
          2
        ],
        [
          2,
          1,
          2
        ],
        [
          2,
          2,
          2
        ]
      ]
    }
  },
  "student": {
    "date": "2021.12.08",
    "student_educated": true,
    "student_grade": "고등_1학년",
    "location": "041",
    "student_grade_group": "고등",
    "student_reading": 1
  },
  "rubric": {
    "essay_grade": "고등_1학년",
    "organization_weight": {
      "org_paragraph": 0,
      "org": 3,
      "org_essay": 6,
      "org_coherence": 3,
      "org_quantity": 1
    },
    "essay_type": "대안제시",
    "content_weight": {
      "con_clearance": 3,
      "con_novelty": 3,
      "con": 4,
      "con_prompt": 1,
      "con_description": 3
    },
    "essay_main_subject": "남녀 갈등 해결 방안",
    "expression_weight": {
      "exp_style": 4,
      "exp_grammar": 2,
      "exp_vocab": 4,
      "exp": 3
    }
  },
  "correction": [],
  "info": {
    "essay_id": "ESSAY_57088",
    "essay_prompt": " 남녀 갈등은 최근 우리 사회에서 가장 뜨거운 이슈 중 하나입니다. 이러한 갈등은 아직 간극을 좁히지 못하고 현재 사회적인 문제로 자리 잡았습니다.\n\n 군 가산점 문제, 일자리 문제 등 여러 가지 비교 자료들을 토대로 토론을 하고 이를 통해 갈등을 해결하고자 하는 노력이 이루어지고 있습니다.\n\n 과거에는 성차별 심했던 시기가 있었습니다. 여자와 남자를 구별 지어 일을 주는 경우도 많았습니다. 하지만, 현재는 여자와 남자라는 성별을 떠나서 나이, 국적을 불문하고 모두에게 평등한 기회를 주기 위해 노력하고 있습니다.\n\n 이렇게 모두의 노력에도 불구하고 아직 해결되지 않았거나 해결될 기미가 보이지 않는 양성평등 문제가 있을까요?\n\n 아주 작은 사소한 일이라도 좋습니다. 여러분이 생각하는 우리 주변의 양성평등 문제를 하나 작성해보고 어떻게 해결할 수 있을지 혹은 무엇이 바뀌어야 해결될 것 같은지 본인의 생각을 설명해주세요. ",
    "essay_type": "대안제시",
    "essay_level": "1",
    "essay_len": 867,
    "essay_main_subject": "남녀 갈등 해결 방안"
  }
}