{
  "paragraph": [
    {
      "paragraph_txt": "혐오시설은 누구나 처음엔 싫다는 느낌이 들 수 있습니다.#@문장구분# 하지만 반대만 하다보면 무언가 바뀌긴 할까요?#@문장구분# 그렇다고 찬성을 강요하는건 아닙니다.#@문장구분# 일단 저는 그 시설을 혐오시설이라고 부르는것에서 잘못됬다고 생각합니다.#@문장구분# 공동묘지,납골당,쓰레기하치장은 사람들이 보기엔 좋은 시설이라고 생각이 안드는건 당연하다고 생각이 듭니다.#@문장구분# 하지만, 그 시설이 들어온다고 엄청 난 피해가 있는것도 아니고, 희생이 필요한것도 아닌데 왜이렇게 반대를 하시는지 궁금합니다.#@문장구분# 물론 쓰레기하치장은 냄새나 오염,공기등이 안좋아진다고 생각하실수도 있지만 우리가 버리는 쓰레기를 버리는곳입니다.#@문장구분# 우리가 음식을 남기지않고 다 먹거나, 먹을 만큼 덜어두고 먹다보면 음식물 쓰레기가 없어지지 않을까요?#@문장구분# 정말 아예 없어지긴 어려울거라는건 압니다.#@문장구분# 하지만 우리들이 맨날 먹고 버리는 음식물 때문에 환경도 안좋아진다는걸 알고 계시나요?#@문장구분# 저는 이런 시설 건설에 찬성하는 입장입니다.#@문장구분# 모든 도시에 공평하게 하나씩 짓는건 무리라고 생각이 들기 때문에 한 지역(구)에 사용안하는 곳을 선정해서 공동쓰레기 하치장을 만드는건 어떨까요?#@문장구분# 정말 사람들이 많이 안가고, 소문이 안나는 한곳을 지정하여서 그곳에 시설을 설치하는 의견입니다.#@문장구분# 우리가 많이 지나가고 그런곳에 하치장이 들어오게 된다면 전보다 더 심각한 문제가 생길거같습니다.#@문장구분# 주민들의 의견을 다 합해서 사용안하는 곳을 선정하여 시설을 설치하게 되는게 가장 좋은방법 아닐까요? #@문장구분#그렇게 하면 우리나라의 헌법 정신인 민주주의 정신에도 부합하고 사람들의 의견을 취합하여 경정한 사안이기 때문에 불만도 줄어들 것으로 예상합니다.#@문장구분# 앞으로 이러한 방식으로 점차 혐오시설 설치에 관한 문제를 잘 해결하여 우리 모두 평화롭고 화합하며 잘 지내는 사회가 도래하여 밝은 미래를 꿈꾸는 우리나라가 되었으면 좋겠습니다.#@문장구분#우리 모두 화이팅!#@문장구분#",
      "paragraph_len": 1260,
      "paragraph_id": "001"
    }
  ],
  "score": {
    "paragraph_score": [
      {
        "paragraph_scoreT": [
          2.6,
          3,
          2.2
        ],
        "paragraph_scoreT_detail": {
          "paragraph_scoreT_exp": [
            [
              3,
              3,
              2
            ],
            [
              3,
              3,
              3
            ],
            [
              3,
              2,
              2
            ]
          ]
        },
        "paragraph_scoreT_avg": 2.6000001,
        "paragraph_id": "001"
      }
    ],
    "essay_scoreT": [
      25.099998,
      28.5,
      23.7
    ],
    "essay_scoreT_avg": 25.766668,
    "essay_scoreT_detail": {
      "essay_scoreT_org": [
        [
          2,
          0,
          3,
          2
        ],
        [
          3,
          0,
          3,
          2
        ],
        [
          2,
          0,
          2,
          3
        ]
      ],
      "essay_scoreT_cont": [
        [
          3,
          2,
          2,
          3
        ],
        [
          3,
          2,
          3,
          3
        ],
        [
          3,
          2,
          3,
          3
        ]
      ],
      "essay_scoreT_exp": [
        [
          3,
          3,
          2
        ],
        [
          3,
          3,
          3
        ],
        [
          3,
          2,
          2
        ]
      ]
    }
  },
  "student": {
    "date": "2021.12.04",
    "student_educated": true,
    "student_grade": "고등_1학년",
    "location": "02",
    "student_grade_group": "고등",
    "student_reading": 2
  },
  "rubric": {
    "essay_grade": "고등_1학년",
    "organization_weight": {
      "org_paragraph": 0,
      "org": 3,
      "org_essay": 6,
      "org_coherence": 3,
      "org_quantity": 1
    },
    "essay_type": "대안제시",
    "content_weight": {
      "con_clearance": 3,
      "con_novelty": 3,
      "con": 4,
      "con_prompt": 1,
      "con_description": 3
    },
    "essay_main_subject": "혐오시설 건설문제에 대한 본인의 생각",
    "expression_weight": {
      "exp_style": 4,
      "exp_grammar": 2,
      "exp_vocab": 4,
      "exp": 3
    }
  },
  "correction": [],
  "info": {
    "essay_id": "ESSAY_53633",
    "essay_prompt": " 혐오 시설이란 지역 주민에게 공포감이나 고통을 주거나, 주변 지역의 쾌적성이 훼손됨으로써 집값이나 땅값이 내려가는 등 부정적인 외부효과를 유발하는 시설을 의미합니다.\n\n 대표적인 혐오 시설에는 쓰레기 매립장, 원자력발전소, 소각장, 유류저장소 등이 있습니다.\n\n 매립지, 소각장, 쓰레기 하치장 같은 혐오 시설은 그리 위험하지는 않지만, 쓰레기를 취급한다는 점에서 혐오감을 주며, 주변 환경오염 문제가 갈등을 일으킵니다. 특히 소각장은 인구밀도가 높은 대도시에 건설된다는 점에서 반대 운동이 일기도 합니다.\n\n 그런데 서로 반대만 하다 보면 입지를 찾지 못해 결국 모든 주민의 삶의 질이 저하될 수 있습니다.\n\n 정부 차원에서 가장 적절한 장소를 선별하여 건설 후 주변 사람들에게 혜택을 주는 방식이 적절한 방법일까요? 아니면 혐오 시설만을 모아둔 부지를 따로 정해서 건설해야 할까요? 아니면 모든 도시가 공평하게 혐오 시설 건설에 대한 부담을 지니고 하나씩 건설해야 할까요?\n\n 모두가 만족할만한 결과를 내기란 정말 어려운 문제이지만 여러분이 생각하는 가장 합리적이고 좋은 방법을 생각해보세요. 그리고 그 방법을 대안으로 제시하고 그 근거에 대해 작성해주세요.",
    "essay_type": "대안제시",
    "essay_level": "1",
    "essay_len": 902,
    "essay_main_subject": "혐오시설 건설문제에 대한 본인의 생각"
  }
}