{
  "paragraph": [
    {
      "paragraph_txt": "남녀 갈등 해결의 출발점은 직장을 가짐에 있어 동등한 기회를 보장받는 것에서 시작합니다.#@문장구분# 남녀가 성별에 관계 없이 동일하게 그 일에 필요한 능력만으로 평가받을 때, 비로소 남녀 갈등이 해결을 향해 나아갈 수 있겠습니다.#@문장구분# 여성이 전문성을 나타낼 수 있는 분야에서는 여성 노동자의 비율이 높고, 남성이 전문성을 나타낼 수 있는 분야에서는 남성 노동자의 비율이 높은 것이 당연할 것입니다.#@문장구분# 여성과 남성의 신체는 분명한 차이를 갖고 있기 때문에, 서로가 두각을 나타낼 수 있는 분야가 당연히 다를 수 밖에 없습니다.#@문장구분# 이러한 절대적 요건에서 비롯되는 차이는 인정하되, 이것 때문에 차별을 해서는 안됩니다.#@문장구분# 또한 직장 내에서도 성별이 아닌 업무적인 면으로만 평가되어야 합니다.#@문장구분# 여성이라는 이유로, 혹은 남성이라는 이유로 선입견에 빠져 해당 성별을 무시하거나 평가절하하는 일이 발생한다면, 남녀 갈등은 전혀 해결을 향해 나아갈 수 없을 것입니다.#@문장구분# 권리에 대해 동일한 기회를 부여 받는 것은 직장을 구하는 일에서만 그치면 안됩니다.#@문장구분# 현재는 많이 사라졌지만, 불과 100여년 전만 해도 여성은 교육이나 의료 서비스를 제공받음에 있어 굉장히 많은 제한을 받아왔습니다. #@문장구분#이러한 불평등이 지금 시대에 와서는 많이 개선되었으나, 여전히 개선되지 않은 것들이나, 아직 개선되지 못한 지역들이 존재할 수 있습니다.#@문장구분# 아직 불평등이 존재하는 부분들을 찾아 개선해 나가다 보면, 언젠가 남녀 갈등이 모두 해소된 사회를 맞이할 수 있다고 생각합니다.#@문장구분# 이러한 것들은 모두 굉장히 기본적이라고 생각될 수 있으나, 이러한 기본적인 것들조차 아직 갖추어지지 않은 것이 우리 사회의 현실입니다.#@문장구분# SNS보다는 조금 더 내 주변에 있는 사람들의 불편에 귀를 기울이고, 남녀 관계 없이 차별과 불평등으로 고통받고 있는 사람들을 도와주면서 조금씩 더 좋은 사회를 만들어나가야 합니다.#@문장구분#",
      "paragraph_len": 1174,
      "paragraph_id": "001"
    }
  ],
  "score": {
    "paragraph_score": [
      {
        "paragraph_scoreT": [
          3,
          3,
          2.2
        ],
        "paragraph_scoreT_detail": {
          "paragraph_scoreT_exp": [
            [
              3,
              3,
              3
            ],
            [
              3,
              3,
              3
            ],
            [
              3,
              2,
              2
            ]
          ]
        },
        "paragraph_scoreT_avg": 2.7333333,
        "paragraph_id": "001"
      }
    ],
    "essay_scoreT": [
      25.699999,
      27,
      23.3
    ],
    "essay_scoreT_avg": 25.333334,
    "essay_scoreT_detail": {
      "essay_scoreT_org": [
        [
          2,
          0,
          2,
          3
        ],
        [
          2,
          0,
          3,
          3
        ],
        [
          2,
          0,
          2,
          3
        ]
      ],
      "essay_scoreT_cont": [
        [
          3,
          2,
          2,
          3
        ],
        [
          3,
          2,
          3,
          3
        ],
        [
          2,
          2,
          2,
          3
        ]
      ],
      "essay_scoreT_exp": [
        [
          3,
          3,
          3
        ],
        [
          3,
          3,
          3
        ],
        [
          3,
          2,
          3
        ]
      ]
    }
  },
  "student": {
    "date": "2021.12.08",
    "student_educated": true,
    "student_grade": "고등_1학년",
    "location": "063",
    "student_grade_group": "고등",
    "student_reading": 2
  },
  "rubric": {
    "essay_grade": "고등_1학년",
    "organization_weight": {
      "org_paragraph": 0,
      "org": 3,
      "org_essay": 6,
      "org_coherence": 3,
      "org_quantity": 1
    },
    "essay_type": "대안제시",
    "content_weight": {
      "con_clearance": 3,
      "con_novelty": 3,
      "con": 4,
      "con_prompt": 1,
      "con_description": 3
    },
    "essay_main_subject": "남녀 갈등 해결 방안",
    "expression_weight": {
      "exp_style": 4,
      "exp_grammar": 2,
      "exp_vocab": 4,
      "exp": 3
    }
  },
  "correction": [],
  "info": {
    "essay_id": "ESSAY_56062",
    "essay_prompt": " 남녀 갈등은 최근 우리 사회에서 가장 뜨거운 이슈 중 하나입니다. 이러한 갈등은 아직 간극을 좁히지 못하고 현재 사회적인 문제로 자리 잡았습니다.\n\n 군 가산점 문제, 일자리 문제 등 여러 가지 비교 자료들을 토대로 토론을 하고 이를 통해 갈등을 해결하고자 하는 노력이 이루어지고 있습니다.\n\n 과거에는 성차별 심했던 시기가 있었습니다. 여자와 남자를 구별 지어 일을 주는 경우도 많았습니다. 하지만, 현재는 여자와 남자라는 성별을 떠나서 나이, 국적을 불문하고 모두에게 평등한 기회를 주기 위해 노력하고 있습니다.\n\n 이렇게 모두의 노력에도 불구하고 아직 해결되지 않았거나 해결될 기미가 보이지 않는 양성평등 문제가 있을까요?\n\n 아주 작은 사소한 일이라도 좋습니다. 여러분이 생각하는 우리 주변의 양성평등 문제를 하나 작성해보고 어떻게 해결할 수 있을지 혹은 무엇이 바뀌어야 해결될 것 같은지 본인의 생각을 설명해주세요. ",
    "essay_type": "대안제시",
    "essay_level": "1",
    "essay_len": 914,
    "essay_main_subject": "남녀 갈등 해결 방안"
  }
}