{
  "paragraph": [
    {
      "paragraph_txt": "가장 먼저 이와 같은 혐오시설들은 사람들에게 객관적인 피해를 얼마만큼 주는지에 따라 나눌 필요가 있다. #@문장구분#인체에 매우 위험하고 오랜시간 노출되면 사람의 수명에 지장을 줄 정도의 위험시설, 즉 핵발전소, 독극물 저장소 등을 1그룸, 사람의 수명에는 영향을 미치지 않으나 장기적으로는 건강에 위해가 될 수 있을 정도의 주의시설, 즉 쓰레기 소각장/매립장, 폐수 처리장 등을 2그룸, 사람의 수명과 건강에 아무런 위협이 되지 않으나 사람들의 시선이 좋지 못한 시설, 즉 교도소, 특수학교 등이 있다.#@문장구분# 국가는 당연하게도 1그룹에 가까울수록 사람들의 거주지/밀집지역에서 되도록 멀리 떨어지도록 해야할 것이며, 3그룹은 사람들이 밀집한 곳에 있을수록 좋지만 사람들의 시선이 그저 좋지 못할 뿐이고 심지어 그저 사람들의 이기심에 의해 혐오시설로 지정된 것이므로 사익만을 쫓는 사람들의 이기주의를 억제하기 위해 어느 정도 국가의 강압이 들어가야 한다고 생각한다.#@문장구분# 다시말해 1그룹과 2그룹은 되도록 도시에서 떨어지도록 위치시키고, 사람들의 이기주의에 의해 혐오시설로 지정된 3그룹은 국가의 강압으로 사람들과 되도록 가까이 있게 해야한다는 것이다.#@문장구분# 하지만 강압은 결국 어디까지나 사람들을 선도하기위한 목적일 뿐이므로, 또한 우리나라는 민주국가이므로 근처 주민들과의 긴밀한 협상과 대화가 충분히 이루어진 후 적절하게 위치를 선정하는 방법이 우선시되어야 할것이며, 강압적인 방법은 최후의 차선책으로만 두어야 할 것이다.#@문장구분# 추가적으로 2그룹은 사람들의 건강에 위해를 가할 수 있으므로 되도록 인구 밀집지역으로부터 멀리 떨어져 있어야 하지만, 동시에 너무 멀리 떨어져 있으면 시설의 효율성이 저하 될 수 있으므로 전문가와의 지속적인 대화를 통해 위치선정이 이루어져야 할 것이다.#@문장구분#",
      "paragraph_len": 987,
      "paragraph_id": "001"
    }
  ],
  "score": {
    "paragraph_score": [
      {
        "paragraph_scoreT": [
          3,
          2,
          2
        ],
        "paragraph_scoreT_detail": {
          "paragraph_scoreT_exp": [
            [
              3,
              3,
              3
            ],
            [
              2,
              2,
              2
            ],
            [
              2,
              2,
              2
            ]
          ]
        },
        "paragraph_scoreT_avg": 2.3333333,
        "paragraph_id": "001"
      }
    ],
    "essay_scoreT": [
      30,
      21.8,
      23.3
    ],
    "essay_scoreT_avg": 25.033333,
    "essay_scoreT_detail": {
      "essay_scoreT_org": [
        [
          3,
          0,
          3,
          3
        ],
        [
          2,
          0,
          2,
          2
        ],
        [
          2,
          0,
          3,
          2
        ]
      ],
      "essay_scoreT_cont": [
        [
          3,
          3,
          3,
          3
        ],
        [
          2,
          2,
          2,
          2
        ],
        [
          3,
          2,
          2,
          3
        ]
      ],
      "essay_scoreT_exp": [
        [
          3,
          3,
          3
        ],
        [
          3,
          3,
          2
        ],
        [
          2,
          2,
          2
        ]
      ]
    }
  },
  "student": {
    "date": "2021.09.02",
    "student_educated": true,
    "student_grade": "고등_1학년",
    "location": "051",
    "student_grade_group": "고등",
    "student_reading": 2
  },
  "rubric": {
    "essay_grade": "고등_1학년",
    "organization_weight": {
      "org_paragraph": 0,
      "org": 3,
      "org_essay": 6,
      "org_coherence": 3,
      "org_quantity": 1
    },
    "essay_type": "대안제시",
    "content_weight": {
      "con_clearance": 3,
      "con_novelty": 3,
      "con": 4,
      "con_prompt": 1,
      "con_description": 3
    },
    "essay_main_subject": "혐오시설 건설문제에 대한 본인의 생각",
    "expression_weight": {
      "exp_style": 4,
      "exp_grammar": 2,
      "exp_vocab": 4,
      "exp": 3
    }
  },
  "correction": [],
  "info": {
    "essay_id": "ESSAY_34265",
    "essay_prompt": " 혐오 시설이란 지역 주민에게 공포감이나 고통을 주거나, 주변 지역의 쾌적성이 훼손됨으로써 집값이나 땅값이 내려가는 등 부정적인 외부효과를 유발하는 시설을 의미합니다.\n\n 대표적인 혐오 시설에는 쓰레기 매립장, 원자력발전소, 소각장, 유류저장소 등이 있습니다.\n\n 매립지, 소각장, 쓰레기 하치장 같은 혐오 시설은 그리 위험하지는 않지만, 쓰레기를 취급한다는 점에서 혐오감을 주며, 주변 환경오염 문제가 갈등을 일으킵니다. 특히 소각장은 인구밀도가 높은 대도시에 건설된다는 점에서 반대 운동이 일기도 합니다.\n\n 그런데 서로 반대만 하다 보면 입지를 찾지 못해 결국 모든 주민의 삶의 질이 저하될 수 있습니다.\n\n 정부 차원에서 가장 적절한 장소를 선별하여 건설 후 주변 사람들에게 혜택을 주는 방식이 적절한 방법일까요? 아니면 혐오 시설만을 모아둔 부지를 따로 정해서 건설해야 할까요? 아니면 모든 도시가 공평하게 혐오 시설 건설에 대한 부담을 지니고 하나씩 건설해야 할까요?\n\n 모두가 만족할만한 결과를 내기란 정말 어려운 문제이지만 여러분이 생각하는 가장 합리적이고 좋은 방법을 생각해보세요. 그리고 그 방법을 대안으로 제시하고 그 근거에 대해 작성해주세요.",
    "essay_type": "대안제시",
    "essay_level": "1",
    "essay_len": 868,
    "essay_main_subject": "혐오시설 건설문제에 대한 본인의 생각"
  }
}