{
  "paragraph": [
    {
      "paragraph_txt": "혐오 시설에는 교도소, 소각장, 원자력 발전소 등있다.#@문장구분# 하지만 이러한 시설들은 우리 일상에 매우 중요하지만 대다수에 사람들은 님비현상으로 자기 지역에 설치되는 것을 꺼린다.#@문장구분# 참 이기적인 생각 같다.#@문장구분# 내가 버린 쓰레긴 내가 치워야하는데 그걸 하기 싫어 하는 거나 마찮가지라 생각한다.#@문장구분# 하지만 어딘가에는 설치 되어야 하고 어느 지역에 설치를 하던 누군가는 피해를 받는다.#@문장구분# 그래서 혐오 시설을 건설 할때는 잘 조사하고 건설해야 한다.#@문장구분# 그러면 혐오시설 건설에 대해 어떻게 해결해야할까?#@문장구분# 나는 일단 교도소 같은 환경오염 물질을 배출해서 직접적으로 삶에 영향을 끼치는 혐오 시설이 아닌 심리적으로 영향을 주는 시설인 교도소를 대도시권 내에 설치 해야한다고 생각 한다.#@문장구분# 왜냐하면 일단 교도소가있다고 생활에 불편함을 주는건 전혀없다.#@문장구분# 범죄자가 옆에 있다는 생각 때문에 불편한 것 뿐이다.#@문장구분# 내삶에 직접적인 어떤 영향도 주질 않는다는걸로 나와 매우 위험해 보이지만 실제로는 탈옥이 거의 불가능하고 오히려 교도소가 있기에 그 지역의 보안이 강화되어 오히려 치안이 좋아질수 있다.#@문장구분# 또한 현재 대한민국은 대도시권의 집값이 말도 안되게 높게 측정이 되어 서민들은 집을 사기가 매우 힘든데 대도시권에 교도소를 설치 함으로서 집값도 낮출 수 있을 것 같다.#@문장구분# 또한 출소자들이 나올 때 그 가족들이 마중 나오고 그 지역에서 함께 밥을 사먹고 쇼핑하는 등 소비를 함으로써 그 지역의 경제가 활성화 될수도 있다.#@문장구분# 모두가 만족 할만한 결과를 내기란 정말 어려운 문제이지만 여러분이 생각하는 가장 합리적이고 좋은 방법은 뭘까 생각해본다.#@문장구분# 만족이란 없을 것이다.#@문장구분# 하지만 다수를 위해 정부도 지역주민도 지자체도 다같이 머리를 맞데면 좋은 결과가 나올꺼라 생각한다.#@문장구분# 서로 반대만 하다 보면 입지를 찾지 못해 결국 모든 주민의 삶의 질이 저하될 수 있습니다.#@문장구분# 정부 차원에서 가장 적절한 장소를 선별하여 건설 했다면 지역주민에게 적절한 보상이 따라야 하는건 당연하다 생각한다.#@문장구분#",
      "paragraph_len": 1327,
      "paragraph_id": "001"
    }
  ],
  "score": {
    "paragraph_score": [
      {
        "paragraph_scoreT": [
          3,
          3,
          3
        ],
        "paragraph_scoreT_detail": {
          "paragraph_scoreT_exp": [
            [
              3,
              3,
              3
            ],
            [
              3,
              3,
              3
            ],
            [
              3,
              3,
              3
            ]
          ]
        },
        "paragraph_scoreT_avg": 3,
        "paragraph_id": "001"
      }
    ],
    "essay_scoreT": [
      30,
      30,
      28.8
    ],
    "essay_scoreT_avg": 29.6,
    "essay_scoreT_detail": {
      "essay_scoreT_org": [
        [
          3,
          0,
          3,
          3
        ],
        [
          3,
          0,
          3,
          3
        ],
        [
          3,
          0,
          3,
          3
        ]
      ],
      "essay_scoreT_cont": [
        [
          3,
          3,
          3,
          3
        ],
        [
          3,
          3,
          3,
          3
        ],
        [
          2,
          3,
          3,
          3
        ]
      ],
      "essay_scoreT_exp": [
        [
          3,
          3,
          3
        ],
        [
          3,
          3,
          3
        ],
        [
          3,
          3,
          3
        ]
      ]
    }
  },
  "student": {
    "date": "2021.12.05",
    "student_educated": true,
    "student_grade": "고등_1학년",
    "location": "063",
    "student_grade_group": "고등",
    "student_reading": 1
  },
  "rubric": {
    "essay_grade": "고등_1학년",
    "organization_weight": {
      "org_paragraph": 0,
      "org": 3,
      "org_essay": 6,
      "org_coherence": 3,
      "org_quantity": 1
    },
    "essay_type": "대안제시",
    "content_weight": {
      "con_clearance": 3,
      "con_novelty": 3,
      "con": 4,
      "con_prompt": 1,
      "con_description": 3
    },
    "essay_main_subject": "혐오시설 건설문제에 대한 본인의 생각",
    "expression_weight": {
      "exp_style": 4,
      "exp_grammar": 2,
      "exp_vocab": 4,
      "exp": 3
    }
  },
  "correction": [],
  "info": {
    "essay_id": "ESSAY_56500",
    "essay_prompt": " 혐오 시설이란 지역 주민에게 공포감이나 고통을 주거나, 주변 지역의 쾌적성이 훼손됨으로써 집값이나 땅값이 내려가는 등 부정적인 외부효과를 유발하는 시설을 의미합니다.\n\n 대표적인 혐오 시설에는 쓰레기 매립장, 원자력발전소, 소각장, 유류저장소 등이 있습니다.\n\n 매립지, 소각장, 쓰레기 하치장 같은 혐오 시설은 그리 위험하지는 않지만, 쓰레기를 취급한다는 점에서 혐오감을 주며, 주변 환경오염 문제가 갈등을 일으킵니다. 특히 소각장은 인구밀도가 높은 대도시에 건설된다는 점에서 반대 운동이 일기도 합니다.\n\n 그런데 서로 반대만 하다 보면 입지를 찾지 못해 결국 모든 주민의 삶의 질이 저하될 수 있습니다.\n\n 정부 차원에서 가장 적절한 장소를 선별하여 건설 후 주변 사람들에게 혜택을 주는 방식이 적절한 방법일까요? 아니면 혐오 시설만을 모아둔 부지를 따로 정해서 건설해야 할까요? 아니면 모든 도시가 공평하게 혐오 시설 건설에 대한 부담을 지니고 하나씩 건설해야 할까요?\n\n 모두가 만족할만한 결과를 내기란 정말 어려운 문제이지만 여러분이 생각하는 가장 합리적이고 좋은 방법을 생각해보세요. 그리고 그 방법을 대안으로 제시하고 그 근거에 대해 작성해주세요.",
    "essay_type": "대안제시",
    "essay_level": "1",
    "essay_len": 967,
    "essay_main_subject": "혐오시설 건설문제에 대한 본인의 생각"
  }
}