{
  "paragraph": [
    {
      "paragraph_txt": "혐오시설로 인한 주민과 지자체의 대립은 기장의 고리원자력발전소를 예로 들 수 있다.#@문장구분# 당시 주민들은 그 무엇보다도 원자력발전소가 들어오면 어업과 같은 생계에 자신들의 생업과 건강, 즉 주민들의 생존권의 보장이 안 되어 원전 측과 주민 측의 입장이 대립하였다. #@문장구분#하지만, 이후 주민들을 위하여 다양한 복지시설을 마련해주어 양측이 만족할 결과를 이끌어 낸 선례가 있다.#@문장구분# ",
      "paragraph_len": 263,
      "paragraph_id": "001"
    },
    {
      "paragraph_txt": " 원자력발전소가 들어서기 위해서는 조건은 발전소를 돌리며 돌아가는 터빈을 식히기 위한 냉각수를 위하여 많은 물이 필요하다.#@문장구분# 이를 위해서 보통 바다 근처에 짓게 되어 주민들과 원전 측의 대립이 일어나는 지역을 보면 대부분 바다 근처 지역인 것을 알 수 있다.#@문장구분# 혐오시설은 단어에서 주는 느낀처럼 분명 좋기만은 한 시설은 아니다.#@문장구분# 부동산 가격에도 악영향을 미칠 수 있고, 주변 지역 주민들의 건강에도 영향을 줄 수 있기에 혐오시설이 들어선다는 지역의 주민들은 이러한 이유들로 유치에 반대하는 경우가많다.#@문장구분# 혐오시설들은 이러한 인식 때문에 반대한 이를 해결하기위해선 주민들을 위한 복지를 신경써야 할것이다.#@문장구분#\n \n혐오시설중 하나로 꼽히는 교도소 설치에 대한 지역이 있다. #@문장구분#교도소 역시 혐오시설로 님비 Not in my backyard(NIMBY) 효과가 나타나는 시설이지만 상업이 죽은 지역에 교도소와 같은 시설을 만든다면 교도소 면회객들 또 상시 출퇴근하는 교도소 직원들 의 편의시설들이 생겨날것이고 이로 인해 그 지역 상업이 조금이나마 상승하는 효과를 기대할수있기 때문에 다 방면 여러 가지를 생각해서 무조건적인 반대는 안될꺼 같다.#@문장구분# 혐오시설이 우리생활에 꼭 필요한 시설들이 이기에 이기적인 님비 Not in my backyard(NIMBY) 현상 같은 이런 생각을 버리고 적절한 타엽으로 정부에서는 합리적 보상으로 보상해줘야 할꺼 같다.#@문장구분# 주민의 삶의 질을 높일수 있는 그런 시설 건립도 필요할 것이다.#@문장구분#",
      "paragraph_len": 905,
      "paragraph_id": "002"
    }
  ],
  "score": {
    "paragraph_score": [
      {
        "paragraph_scoreT": [
          3,
          3,
          3
        ],
        "paragraph_scoreT_detail": {
          "paragraph_scoreT_exp": [
            [
              3,
              3,
              3
            ],
            [
              3,
              3,
              3
            ],
            [
              3,
              3,
              3
            ]
          ]
        },
        "paragraph_scoreT_avg": 3,
        "paragraph_id": "001"
      },
      {
        "paragraph_scoreT": [
          3,
          3,
          3
        ],
        "paragraph_scoreT_detail": {
          "paragraph_scoreT_exp": [
            [
              3,
              3,
              3
            ],
            [
              3,
              3,
              3
            ],
            [
              3,
              3,
              3
            ]
          ]
        },
        "paragraph_scoreT_avg": 3,
        "paragraph_id": "002"
      }
    ],
    "essay_scoreT": [
      27,
      28.8,
      30
    ],
    "essay_scoreT_avg": 28.6,
    "essay_scoreT_detail": {
      "essay_scoreT_org": [
        [
          2,
          0,
          3,
          3
        ],
        [
          3,
          0,
          3,
          3
        ],
        [
          3,
          0,
          3,
          3
        ]
      ],
      "essay_scoreT_cont": [
        [
          3,
          2,
          3,
          3
        ],
        [
          3,
          2,
          3,
          3
        ],
        [
          3,
          3,
          3,
          3
        ]
      ],
      "essay_scoreT_exp": [
        [
          3,
          3,
          3
        ],
        [
          3,
          3,
          3
        ],
        [
          3,
          3,
          3
        ]
      ]
    }
  },
  "student": {
    "date": "2021.12.06",
    "student_educated": true,
    "student_grade": "고등_1학년",
    "location": "063",
    "student_grade_group": "고등",
    "student_reading": 2
  },
  "rubric": {
    "essay_grade": "고등_1학년",
    "organization_weight": {
      "org_paragraph": 0,
      "org": 3,
      "org_essay": 6,
      "org_coherence": 3,
      "org_quantity": 1
    },
    "essay_type": "대안제시",
    "content_weight": {
      "con_clearance": 3,
      "con_novelty": 3,
      "con": 4,
      "con_prompt": 1,
      "con_description": 3
    },
    "essay_main_subject": "혐오시설 건설문제에 대한 본인의 생각",
    "expression_weight": {
      "exp_style": 4,
      "exp_grammar": 2,
      "exp_vocab": 4,
      "exp": 3
    }
  },
  "correction": [],
  "info": {
    "essay_id": "ESSAY_57097",
    "essay_prompt": " 혐오 시설이란 지역 주민에게 공포감이나 고통을 주거나, 주변 지역의 쾌적성이 훼손됨으로써 집값이나 땅값이 내려가는 등 부정적인 외부효과를 유발하는 시설을 의미합니다.\n\n 대표적인 혐오 시설에는 쓰레기 매립장, 원자력발전소, 소각장, 유류저장소 등이 있습니다.\n\n 매립지, 소각장, 쓰레기 하치장 같은 혐오 시설은 그리 위험하지는 않지만, 쓰레기를 취급한다는 점에서 혐오감을 주며, 주변 환경오염 문제가 갈등을 일으킵니다. 특히 소각장은 인구밀도가 높은 대도시에 건설된다는 점에서 반대 운동이 일기도 합니다.\n\n 그런데 서로 반대만 하다 보면 입지를 찾지 못해 결국 모든 주민의 삶의 질이 저하될 수 있습니다.\n\n 정부 차원에서 가장 적절한 장소를 선별하여 건설 후 주변 사람들에게 혜택을 주는 방식이 적절한 방법일까요? 아니면 혐오 시설만을 모아둔 부지를 따로 정해서 건설해야 할까요? 아니면 모든 도시가 공평하게 혐오 시설 건설에 대한 부담을 지니고 하나씩 건설해야 할까요?\n\n 모두가 만족할만한 결과를 내기란 정말 어려운 문제이지만 여러분이 생각하는 가장 합리적이고 좋은 방법을 생각해보세요. 그리고 그 방법을 대안으로 제시하고 그 근거에 대해 작성해주세요.",
    "essay_type": "대안제시",
    "essay_level": "1",
    "essay_len": 931,
    "essay_main_subject": "혐오시설 건설문제에 대한 본인의 생각"
  }
}