{
  "paragraph": [
    {
      "paragraph_txt": "제가 생각하는 적절한 장소는 도시 한가운데 보다는 바다 쪽에 설치하여 그 주민들에게 많은 혜택을 주는 조건으로 허가를 받은뒤에 설치해야한다고 생각합니다.#@문장구분# 저의 생각은 도시는 안되고 바다쪽에는 된다가 아니라 도시한가운데 설치하는것은 대도시에 인구가 많고 바다 쪽에 설치하는대신 많은 혜택을 조건으로 하기때문에 더 좋은 방법이라고 생각했습니다.#@문장구분# 대도시 가운데 설치한다고해도 그 많은사람들에게 혜택을 주는것 보가 바다 쪽에 설치하면 아무래도 대도시보단 인구가 적기때문에 경재적인 문제에서도 더 좋은생각이라고 생각합니다.#@문장구분# 또 다른 방법은 혐오시설을 설치하는 지자체에 근린시설 설치와 같은 혜택을 주면 너나 할것없이 서로 혐오시설을 설치하려고 할 것이다.#@문장구분# 즉 지금의 혐오시설 설치에는 설치하는 지자체에 보조금 조금 주는 것 뿐인데, 보조금 말고 다른 좋은 시설들을 같이 설치해주면 서로 설치하려고 할 것이다.#@문장구분# 예를들어 지금 서울시의 쓰레기 처리 문제가 심각한데, 쓰레기 매립장을 강원도나 경기도 쪽에 설치하는 조건으로 쓰레기 매립장 설치 지역에 공단이나 공기업을 이사시켜 지역경제에 활성화 시키는 것이 좋을 것 같다.#@문장구분# 일례로 방사능 물질이 묻은 장갑과 작업복을 처리하는 일이 있었다.#@문장구분# 어떠한 지자체도 자기의 지역에 그것들을 묻는 것을 반대했다.#@문장구분# 하지만 정부에서 공기업 이전을 조건으로 하자 너나 할것없이 서로 자기의 지역에 묻으려고 했다.#@문장구분# 결국 경주에 묻었다. #@문장구분#즉 이러한 방법이 무조건적인 해결책이 될 수는 없지만, 완화책이 될 수 있을 것 같다.#@문장구분# 앞으로 혐오시설에 대한 인식이 전환이 돼 서로 혐오시설을 설치를 유치해 금전적으로 또 관광적으로 좋아지는 계기가 되었으면 좋겠다.#@문장구분# 어서 빨리 높으신 분들의 똑똑한 머리로 이러한 문제를 신속히 해결해 서로 갈등없고 싸우지 않는 사회가 왔으면 좋겠다.#@문장구분# 그 때가 오면 우리나라도 평화롭고 행복한 나라가 될 수 있으리가 믿겠다.#@문장구분#",
      "paragraph_len": 1209,
      "paragraph_id": "001"
    }
  ],
  "score": {
    "paragraph_score": [
      {
        "paragraph_scoreT": [
          2,
          2.8,
          2.4
        ],
        "paragraph_scoreT_detail": {
          "paragraph_scoreT_exp": [
            [
              2,
              2,
              2
            ],
            [
              2,
              3,
              3
            ],
            [
              2,
              2,
              3
            ]
          ]
        },
        "paragraph_scoreT_avg": 2.4,
        "paragraph_id": "001"
      }
    ],
    "essay_scoreT": [
      22.400002,
      27.3,
      25.2
    ],
    "essay_scoreT_avg": 24.966667,
    "essay_scoreT_detail": {
      "essay_scoreT_org": [
        [
          2,
          0,
          3,
          3
        ],
        [
          3,
          0,
          2,
          3
        ],
        [
          2,
          0,
          2,
          2
        ]
      ],
      "essay_scoreT_cont": [
        [
          2,
          2,
          2,
          3
        ],
        [
          3,
          2,
          3,
          3
        ],
        [
          3,
          3,
          3,
          3
        ]
      ],
      "essay_scoreT_exp": [
        [
          2,
          2,
          2
        ],
        [
          2,
          3,
          3
        ],
        [
          2,
          2,
          3
        ]
      ]
    }
  },
  "student": {
    "date": "2021.11.18",
    "student_educated": true,
    "student_grade": "고등_1학년",
    "location": "054",
    "student_grade_group": "고등",
    "student_reading": 2
  },
  "rubric": {
    "essay_grade": "고등_1학년",
    "organization_weight": {
      "org_paragraph": 0,
      "org": 3,
      "org_essay": 6,
      "org_coherence": 3,
      "org_quantity": 1
    },
    "essay_type": "대안제시",
    "content_weight": {
      "con_clearance": 3,
      "con_novelty": 3,
      "con": 4,
      "con_prompt": 1,
      "con_description": 3
    },
    "essay_main_subject": "혐오시설 건설문제에 대한 본인의 생각",
    "expression_weight": {
      "exp_style": 4,
      "exp_grammar": 2,
      "exp_vocab": 4,
      "exp": 3
    }
  },
  "correction": [],
  "info": {
    "essay_id": "ESSAY_47323",
    "essay_prompt": " 혐오 시설이란 지역 주민에게 공포감이나 고통을 주거나, 주변 지역의 쾌적성이 훼손됨으로써 집값이나 땅값이 내려가는 등 부정적인 외부효과를 유발하는 시설을 의미합니다.\n\n 대표적인 혐오 시설에는 쓰레기 매립장, 원자력발전소, 소각장, 유류저장소 등이 있습니다.\n\n 매립지, 소각장, 쓰레기 하치장 같은 혐오 시설은 그리 위험하지는 않지만, 쓰레기를 취급한다는 점에서 혐오감을 주며, 주변 환경오염 문제가 갈등을 일으킵니다. 특히 소각장은 인구밀도가 높은 대도시에 건설된다는 점에서 반대 운동이 일기도 합니다.\n\n 그런데 서로 반대만 하다 보면 입지를 찾지 못해 결국 모든 주민의 삶의 질이 저하될 수 있습니다.\n\n 정부 차원에서 가장 적절한 장소를 선별하여 건설 후 주변 사람들에게 혜택을 주는 방식이 적절한 방법일까요? 아니면 혐오 시설만을 모아둔 부지를 따로 정해서 건설해야 할까요? 아니면 모든 도시가 공평하게 혐오 시설 건설에 대한 부담을 지니고 하나씩 건설해야 할까요?\n\n 모두가 만족할만한 결과를 내기란 정말 어려운 문제이지만 여러분이 생각하는 가장 합리적이고 좋은 방법을 생각해보세요. 그리고 그 방법을 대안으로 제시하고 그 근거에 대해 작성해주세요.",
    "essay_type": "대안제시",
    "essay_level": "1",
    "essay_len": 929,
    "essay_main_subject": "혐오시설 건설문제에 대한 본인의 생각"
  }
}