{
  "paragraph": [
    {
      "paragraph_txt": "능안마을에서의 노인복지시설 설립 반대 시위가 불거졌다.#@문장구분# 시에서는 주민들의 반대까지는 막을 수 없다는 입장이다.#@문장구분# 이에 건축주 A씨는 법적으로 허가된 건물을 짓는 것을 반대하는 것과 그에 무책임한 태도로 방관하는 시가 답답하다는 심정을 내비치며 고소를 준비한다는 입장을 내놓았다.#@문장구분# 지역주민은 건축주뿐만 아니라 건물이 들어서는 것을 허가한 시에 대해서도 불만을 토로했다.#@문장구분# 반년 넘게 이어진 이 갈등을 포함한 여러 지역에서의 님비현상, 어떻게 해결할 수 있을까?#@문장구분# \n첫 번째로는 주민참여를 유도할 수 있다.#@문장구분# 시설이 들어올 장소를 주민과 함께 탐색하고, 타당성 검토 등을 주민에게 맡겨 최대한 주민들이 의견을 반영하여 타협점을 찾는 것이다.#@문장구분# 실제로 전용 진출입차도를 개설하는 등 준비와 진행 과정에 주민들이 참여함으로써 갈등이 완만하게 해결된 성공적인 사례도 있다.#@문장구분# 앞서 예시로 든 능안마을의 경우에도 앰뷸런스 차량 전용 도로를 만들면 주민들의 반발이 한층 가라앉을 것이다.#@문장구분# \n두 번째로는 주민들이 피해보는 만큼의 혜택을 주는 방법이 있다.#@문장구분# 능안마을 주민들은 마을 이미지와 상권 하락, 도 문화재 보호를 이유로 노인복지시설 설립을 반대하였다.#@문장구분# 이에 건축주는 직원과 보호자가 장기적으로 생활할 시설로 경제를 활성화하고, 또 노인복지시설로 마을의 이미지를 부정적인게 아닌 긍적적으로 만들어나갈 수 있다고 말했다.#@문장구분# 이런 방법들이 실효성을 갖고 주민들에게 혜택을 줄 수 있도록 시에서도 노력을 기울여야한다.#@문장구분# 도 문화재 보호에 대해서도 주민들이 걱정하는 문제에 귀 기울여 적극적으로 해결해야 한다.#@문장구분# \n마지막으로 근본적 문제인 님비현상에 대한 인식을 개선할 수 있다.#@문장구분# 사회구성원 모두가 님비현상을 지역이기주의라는 부정적사고가 아닌 지역주민과 함께 도모하고 타협하는 긍정적 시선으로 바라보아야 한다.#@문장구분# \n이렇게 여러 지역사회에서 문제가 되는 님비현상과 그 해결방안에 대해 알아보았다.#@문장구분# 주민들의 입장과 건축주의 입장을 잘 이해하고 모두가 만족할만한 타협점을 찾는 것이 중요한 것 같다.#@문장구분# 사회적인 갈등은 불가피한 것이기에 커다란 사회문제로 번지지 않도록 사회구성원들의 관심과 노력이 필요하다.#@문장구분#",
      "paragraph_len": 1423,
      "paragraph_id": "001"
    }
  ],
  "score": {
    "paragraph_score": [
      {
        "paragraph_scoreT": [
          3,
          3,
          3
        ],
        "paragraph_scoreT_detail": {
          "paragraph_scoreT_exp": [
            [
              3,
              3,
              3
            ],
            [
              3,
              3,
              3
            ],
            [
              3,
              3,
              3
            ]
          ]
        },
        "paragraph_scoreT_avg": 3,
        "paragraph_id": "001"
      }
    ],
    "essay_scoreT": [
      28.8,
      27.900002,
      25.699999
    ],
    "essay_scoreT_avg": 27.466667,
    "essay_scoreT_detail": {
      "essay_scoreT_org": [
        [
          3,
          0,
          3,
          3
        ],
        [
          3,
          0,
          2,
          3
        ],
        [
          2,
          0,
          2,
          3
        ]
      ],
      "essay_scoreT_cont": [
        [
          3,
          2,
          3,
          3
        ],
        [
          3,
          3,
          3,
          2
        ],
        [
          2,
          3,
          2,
          3
        ]
      ],
      "essay_scoreT_exp": [
        [
          3,
          3,
          3
        ],
        [
          3,
          3,
          3
        ],
        [
          3,
          3,
          3
        ]
      ]
    }
  },
  "student": {
    "date": "2021.09.08",
    "student_educated": true,
    "student_grade": "고등_1학년",
    "location": "051",
    "student_grade_group": "고등",
    "student_reading": 2
  },
  "rubric": {
    "essay_grade": "고등_1학년",
    "organization_weight": {
      "org_paragraph": 0,
      "org": 3,
      "org_essay": 6,
      "org_coherence": 3,
      "org_quantity": 1
    },
    "essay_type": "대안제시",
    "content_weight": {
      "con_clearance": 3,
      "con_novelty": 3,
      "con": 4,
      "con_prompt": 1,
      "con_description": 3
    },
    "essay_main_subject": "혐오시설 건설문제에 대한 본인의 생각",
    "expression_weight": {
      "exp_style": 4,
      "exp_grammar": 2,
      "exp_vocab": 4,
      "exp": 3
    }
  },
  "correction": [],
  "info": {
    "essay_id": "ESSAY_33927",
    "essay_prompt": " 혐오 시설이란 지역 주민에게 공포감이나 고통을 주거나, 주변 지역의 쾌적성이 훼손됨으로써 집값이나 땅값이 내려가는 등 부정적인 외부효과를 유발하는 시설을 의미합니다.\n\n 대표적인 혐오 시설에는 쓰레기 매립장, 원자력발전소, 소각장, 유류저장소 등이 있습니다.\n\n 매립지, 소각장, 쓰레기 하치장 같은 혐오 시설은 그리 위험하지는 않지만, 쓰레기를 취급한다는 점에서 혐오감을 주며, 주변 환경오염 문제가 갈등을 일으킵니다. 특히 소각장은 인구밀도가 높은 대도시에 건설된다는 점에서 반대 운동이 일기도 합니다.\n\n 그런데 서로 반대만 하다 보면 입지를 찾지 못해 결국 모든 주민의 삶의 질이 저하될 수 있습니다.\n\n 정부 차원에서 가장 적절한 장소를 선별하여 건설 후 주변 사람들에게 혜택을 주는 방식이 적절한 방법일까요? 아니면 혐오 시설만을 모아둔 부지를 따로 정해서 건설해야 할까요? 아니면 모든 도시가 공평하게 혐오 시설 건설에 대한 부담을 지니고 하나씩 건설해야 할까요?\n\n 모두가 만족할만한 결과를 내기란 정말 어려운 문제이지만 여러분이 생각하는 가장 합리적이고 좋은 방법을 생각해보세요. 그리고 그 방법을 대안으로 제시하고 그 근거에 대해 작성해주세요.",
    "essay_type": "대안제시",
    "essay_level": "1",
    "essay_len": 1045,
    "essay_main_subject": "혐오시설 건설문제에 대한 본인의 생각"
  }
}