{
  "paragraph": [
    {
      "paragraph_txt": "나는 남녀갈등의 원인은 일부의 사람들이 제공하고 있다고 본다.#@문장구분# 서로간의 갈등이 생기는 이유는 일부 남성 혐오자들이 양성평등을 가장한 남성혐오로 sns상에서 익명으로 남성들을 비하하기 때문이다.#@문장구분# 일부 남성 혐오자들은 지금껏 안중근, 윤봉길의 사진에 욱일기를 합성하여 조롱하고, 홍대 몰카사건의 범인이 여자이니 봐주라고 시위하고, 자신들과 안좋게 헤어진 일반 남성들의 신상을 sns상에서 공유하고, 군대다녀온 남성들을 라고 비하하고, 한국남자들은 모두 이라는 심한 단어를 쓰며 논문을 쓰고, 그 논문을 반박하는 사람을 고소하고, 임원여성할당제 교수여성할당제를 주장하면서 초등학교선생 남성할당제는 반대하고, 이수역폭행사건을 여성혐오로 조작하고, 버스에 앉아있는 일반 남성들 뒤에서 칼을 들고 인증사진을 찍어 sns에 올리는 등 정상적인 사고를 가진 사람이 할 수 없는 짓들을 일상으로 여기며 해왔다.#@문장구분# 이런 일부 남성 혐오자들이 이렇게 비정상적인 짓을 하고도 죄책감을 느끼거나 처벌을 받지 않는 이유는 나라에서 이들을 도와주고 있기 때문이다.#@문장구분# 문재인은 대통령에 취임하고 여성 가족부라는 여성을 위한 단체에 대한 지원을 늘렸다.#@문장구분# 그 결과 여성 가족부는 1년에 성인지예산으로만 36조를 써버리는 대단한 업적을 달성했다.#@문장구분# 또, 올림픽에서 좋은 성과를 거둔 안산에 대한 논란이 최근에 있었는데, 기사들엔 남성 커뮤니티에서 안산의 머리가 짧다는 이유로 안산을 비하하고 sns에 욕을 했다며 남성 커뮤니티를 비판했는데, 이것 역시 이 나라를 믿고 거짓 기사를 쓴 남성 혐오자들의 짓이다.#@문장구분# 안산에게 욕을 한 이유는 안산의 과거 sns에서 남성혐오 발언을 사용한 것이 발견되어서인데, 남성혐오 기자들은 이 사실은 단 한번도 언급하지 않고 머리가 짧다는 이유만으로 욕을 한 것으로 기사를 썼다.#@문장구분# 더 놀라운점은, 남성혐오단체에서 김제덕 선수가 탈락했을 때, ,이라는 입에 담기도 힘든 욕설과 혐오단어를 쓰며 조롱했지만, 이건 단 한 개의 기사화가 되지 않았다는 점이다.#@문장구분# 왜냐하면 이런 기사를 쓰게되면 즉시 고소장이 날라오고 사회적으로 뭍혀버리기 때문이다.#@문장구분# 또한, 몇 개월 전 남성혐오단체에 가입되어있는 초등교사들이 단체적으로 어린 학생들에게 남성혐오사상을 강조하고, 그 사상에 반대하는 학생은 의도적으로 따돌림을 당하게 만든 사건이 있었다.#@문장구분# 이에 분노한 사람들은 즉시 청와대 국민청원에 이 문제를 제시했지만, 20만명이 넘고 30만명이 넘고 40만명이 가까이 되었는데도 국가는 이 사건을 모른체 하고 지나갔다.#@문장구분# 이건 엄연한 불법 행위이고 불법 행위를 떠나 인간이 할 수 있는 행동이 아니다.#@문장구분# 이런 사건들 말고도 불법으로 몸을 파는 여성들에게 보조금을 지원해주는 등 이 나라는 현재 여성을 위한 나라로 변해있다.#@문장구분# 이런 문제들을 개선하려면, 문재인, 이재명 같은 남성혐오사상을 가지고 있는 대통령 대신, 정말 실력과 능력을 기반으로 한 양성평등을 외치는 대통령이 뽑혀 여성가족부같은 세금만 받아먹는 단체들을 없애야한다.#@문장구분#",
      "paragraph_len": 1802,
      "paragraph_id": "001"
    }
  ],
  "score": {
    "paragraph_score": [
      {
        "paragraph_scoreT": [
          2.2,
          2.6,
          3
        ],
        "paragraph_scoreT_detail": {
          "paragraph_scoreT_exp": [
            [
              3,
              2,
              2
            ],
            [
              3,
              3,
              2
            ],
            [
              3,
              3,
              3
            ]
          ]
        },
        "paragraph_scoreT_avg": 2.6000001,
        "paragraph_id": "001"
      }
    ],
    "essay_scoreT": [
      26.400002,
      26.4,
      26.3
    ],
    "essay_scoreT_avg": 26.366669,
    "essay_scoreT_detail": {
      "essay_scoreT_org": [
        [
          3,
          0,
          3,
          3
        ],
        [
          3,
          0,
          3,
          3
        ],
        [
          3,
          0,
          2,
          3
        ]
      ],
      "essay_scoreT_cont": [
        [
          3,
          2,
          3,
          3
        ],
        [
          2,
          2,
          3,
          3
        ],
        [
          2,
          2,
          2,
          3
        ]
      ],
      "essay_scoreT_exp": [
        [
          3,
          2,
          2
        ],
        [
          3,
          3,
          2
        ],
        [
          3,
          3,
          3
        ]
      ]
    }
  },
  "student": {
    "date": "2021.10.22",
    "student_educated": true,
    "student_grade": "고등_1학년",
    "location": "063",
    "student_grade_group": "고등",
    "student_reading": 1
  },
  "rubric": {
    "essay_grade": "고등_1학년",
    "organization_weight": {
      "org_paragraph": 0,
      "org": 3,
      "org_essay": 6,
      "org_coherence": 3,
      "org_quantity": 1
    },
    "essay_type": "대안제시",
    "content_weight": {
      "con_clearance": 3,
      "con_novelty": 3,
      "con": 4,
      "con_prompt": 1,
      "con_description": 3
    },
    "essay_main_subject": "남녀 갈등 해결 방안",
    "expression_weight": {
      "exp_style": 4,
      "exp_grammar": 2,
      "exp_vocab": 4,
      "exp": 3
    }
  },
  "correction": [],
  "info": {
    "essay_id": "ESSAY_43937",
    "essay_prompt": " 남녀 갈등은 최근 우리 사회에서 가장 뜨거운 이슈 중 하나입니다. 이러한 갈등은 아직 간극을 좁히지 못하고 현재 사회적인 문제로 자리 잡았습니다.\n\n 군 가산점 문제, 일자리 문제 등 여러 가지 비교 자료들을 토대로 토론을 하고 이를 통해 갈등을 해결하고자 하는 노력이 이루어지고 있습니다.\n\n 과거에는 성차별 심했던 시기가 있었습니다. 여자와 남자를 구별 지어 일을 주는 경우도 많았습니다. 하지만, 현재는 여자와 남자라는 성별을 떠나서 나이, 국적을 불문하고 모두에게 평등한 기회를 주기 위해 노력하고 있습니다.\n\n 이렇게 모두의 노력에도 불구하고 아직 해결되지 않았거나 해결될 기미가 보이지 않는 양성평등 문제가 있을까요?\n\n 아주 작은 사소한 일이라도 좋습니다. 여러분이 생각하는 우리 주변의 양성평등 문제를 하나 작성해보고 어떻게 해결할 수 있을지 혹은 무엇이 바뀌어야 해결될 것 같은지 본인의 생각을 설명해주세요. ",
    "essay_type": "대안제시",
    "essay_level": "1",
    "essay_len": 1462,
    "essay_main_subject": "남녀 갈등 해결 방안"
  }
}