{
  "paragraph": [
    {
      "paragraph_txt": "혐오시설이란 지역 주민에게 공포감이나 고통을 주거나, 주변 지역의 쾌적성이 훼손됨으로써 집값이나 땅값이 내려가는 등 부정적인 외부효과를 유발하는 시설을 말한다.#@문장구분# 그 예로서 쓰레기매립장, 교도소가 대표적이다.#@문장구분# 혐오시설로 인한 지역 주민들 싸움은 오늘날에도 끊이지 않고 있다.#@문장구분# 이것을 어디에 건설해서 문제를 해결하자라는 것보다 나는 다른 쪽으로 먼저 문제를 해결해야 된다고 본다.#@문장구분# 쓰레기 매립장인 경우에는 쓰레기가 너무 많이 생겨나니까 처리할 방법이 없으니 쓰레기 매립장이 생기는 것이다.#@문장구분# 그러니 쓰레기가 많이 일어나지 않도록 최대한 쓰레기가 나오지 않게 쓰레기를 줄이는 활동을 우선으로 해야 된다고 생각한다.#@문장구분# 교도소인 경우에는 나쁜 일을 하는 범죄자들이 생기니까 교도소라는 시설이 생긴 것이다.#@문장구분# 그러니 범죄자들이 생기지 않도록 국가의 적극적인 인성예방교육 등이 필요하다고 본다.#@문장구분# 어디에 건설하자는 문제를 해결하기 위해서는 이런 예방방법을 먼저 한 다음 그래도 해결이 안 된다면 그때 어디 건설할지 지역주민간의 협의가 필요하다고 본다.#@문장구분# 쓰레기를 줄여보고, 예방교육을 했지만 이 문제가 해결되지 않거나 화장장, 묘지, 정신병원등 예방을 할 수 없는 시설들은 건설하는 지역의 주민들에게 어느 정도 혜택을 줘야 된다고 본다.#@문장구분# 예를 들어 지원금을 준다거나 다른 지역으로 이사를 갈 수 있는 보조금을 준다거나 여러 혜택을 생각해 볼 수 있다.#@문장구분# 혜택을 조건으로 걸고 지역의 다반수가 찬성을 한다면 순조롭게 혐오시설을 건설할 수 있다.#@문장구분# 만약 혜택을 준다고 했지만 반대가 강하다면 깔끔하게 포기하고 다른 지역을 찾아나서는 것도 또 다른 방법이 될 수도 있다고 생각한다.#@문장구분# 이러한 과정 중에서는 지역 주민들의 적극적인 참여와 원활한 의사소통을 바탕으로 서로를 배려하며 협의하는 것이 중요하다.#@문장구분# 우리는 이러한 문제들을 자신의 일처럼 관심을 기울이고 더 좋은 해결방안을 찾기 위해 끊임없이 생각하고 노력해야 된다.#@문장구분#",
      "paragraph_len": 1245,
      "paragraph_id": "001"
    }
  ],
  "score": {
    "paragraph_score": [
      {
        "paragraph_scoreT": [
          3,
          3,
          3
        ],
        "paragraph_scoreT_detail": {
          "paragraph_scoreT_exp": [
            [
              3,
              3,
              3
            ],
            [
              3,
              3,
              3
            ],
            [
              3,
              3,
              3
            ]
          ]
        },
        "paragraph_scoreT_avg": 3,
        "paragraph_id": "001"
      }
    ],
    "essay_scoreT": [
      28.8,
      28.8,
      30
    ],
    "essay_scoreT_avg": 29.199999,
    "essay_scoreT_detail": {
      "essay_scoreT_org": [
        [
          3,
          0,
          3,
          3
        ],
        [
          3,
          0,
          3,
          3
        ],
        [
          3,
          0,
          3,
          3
        ]
      ],
      "essay_scoreT_cont": [
        [
          3,
          2,
          3,
          3
        ],
        [
          3,
          2,
          3,
          3
        ],
        [
          3,
          3,
          3,
          3
        ]
      ],
      "essay_scoreT_exp": [
        [
          3,
          3,
          3
        ],
        [
          3,
          3,
          3
        ],
        [
          3,
          3,
          3
        ]
      ]
    }
  },
  "student": {
    "date": "2021.12.07",
    "student_educated": true,
    "student_grade": "고등_1학년",
    "location": "055",
    "student_grade_group": "고등",
    "student_reading": 1
  },
  "rubric": {
    "essay_grade": "고등_1학년",
    "organization_weight": {
      "org_paragraph": 0,
      "org": 3,
      "org_essay": 6,
      "org_coherence": 3,
      "org_quantity": 1
    },
    "essay_type": "대안제시",
    "content_weight": {
      "con_clearance": 3,
      "con_novelty": 3,
      "con": 4,
      "con_prompt": 1,
      "con_description": 3
    },
    "essay_main_subject": "혐오시설 건설문제에 대한 본인의 생각",
    "expression_weight": {
      "exp_style": 4,
      "exp_grammar": 2,
      "exp_vocab": 4,
      "exp": 3
    }
  },
  "correction": [],
  "info": {
    "essay_id": "ESSAY_57118",
    "essay_prompt": " 혐오 시설이란 지역 주민에게 공포감이나 고통을 주거나, 주변 지역의 쾌적성이 훼손됨으로써 집값이나 땅값이 내려가는 등 부정적인 외부효과를 유발하는 시설을 의미합니다.\n\n 대표적인 혐오 시설에는 쓰레기 매립장, 원자력발전소, 소각장, 유류저장소 등이 있습니다.\n\n 매립지, 소각장, 쓰레기 하치장 같은 혐오 시설은 그리 위험하지는 않지만, 쓰레기를 취급한다는 점에서 혐오감을 주며, 주변 환경오염 문제가 갈등을 일으킵니다. 특히 소각장은 인구밀도가 높은 대도시에 건설된다는 점에서 반대 운동이 일기도 합니다.\n\n 그런데 서로 반대만 하다 보면 입지를 찾지 못해 결국 모든 주민의 삶의 질이 저하될 수 있습니다.\n\n 정부 차원에서 가장 적절한 장소를 선별하여 건설 후 주변 사람들에게 혜택을 주는 방식이 적절한 방법일까요? 아니면 혐오 시설만을 모아둔 부지를 따로 정해서 건설해야 할까요? 아니면 모든 도시가 공평하게 혐오 시설 건설에 대한 부담을 지니고 하나씩 건설해야 할까요?\n\n 모두가 만족할만한 결과를 내기란 정말 어려운 문제이지만 여러분이 생각하는 가장 합리적이고 좋은 방법을 생각해보세요. 그리고 그 방법을 대안으로 제시하고 그 근거에 대해 작성해주세요.",
    "essay_type": "대안제시",
    "essay_level": "1",
    "essay_len": 946,
    "essay_main_subject": "혐오시설 건설문제에 대한 본인의 생각"
  }
}