{
  "paragraph": [
    {
      "paragraph_txt": "양성평등 실현은 의식의 문제\"세상의 절반은 여성\"이라는 말을 흔히 한다.#@문장구분#이 말에 이의를 제기하는 사람은 없다.#@문장구분# 그러나 세상의 절반인 여성이 이 땅에서 사람대접을 받고 살게 된 지는 그리 오래되지 않았다.#@문장구분# 지금도 곳곳에서 여성에 대한 차별이 행해지고 있다.#@문장구분# 그래서 \"양성 평등\"이라는 말이 생겨난 것 같다.#@문장구분# 물론 남성에 대한 차별이 전혀 없는 것은 아니다. #@문장구분#그러나 \"양성평등\"을 이야기 할 때는 주로 여성에 대한 차별을 말한다.#@문장구분# 사회 제도 속에서 여성에게 기회를 주지 않는 많은 조건들이 있기 때문에 여성차별이 보이게 또는 보이지 않게 계속되는 것이다.#@문장구분# 양성평등의 사회는 말 그대로 남녀가 함께 공존해가는 사회이다.#@문장구분# 의식에서든, 제도에서든 어떤 한 편으로 기울지 않고 서로를 존중해주면서 또 서로 협력하면서 가야 한다고 생각한다.#@문장구분# 어느 한 쪽이 소외감을 느낀다면 진정한 의미에서의 양성평등이 아니라고 본다.#@문장구분# 나는 그 책임이 우리 청소년에게 많이 있다고 생각한다.#@문장구분# 우리는 좋은 교육의 기회를 동등하게 받았고 따라서 어른들의 세대에 비해 양성평등을 실현할 수 있는 가능성을 훨씬 더 많이 가지고 있다.#@문장구분# 우리의 생활, 작은 의식에서부터 양성평등의 사고를 가지고 조화로운 세상을 만들어 나갈 준비를 해나가야 할 것이다.#@문장구분# 우선 새로운 세상에 나아갈 준비를 하기 전에 의식수준의 개선이 필요하다고 생각한다.#@문장구분#새로운 세상으로 나아갔지만 정작 의식수준은 그 자리에 머물러 있다고 한다면 새로운 세상으로 나아간 의미가 없기 때문이다. #@문장구분#그래서 의식수준의 개선이 필요하다고 생각한다.#@문장구분# 그리고 의식수준이 개선된 후 실천하는 것도 매우 중요하다고 생각한다.#@문장구분#",
      "paragraph_len": 1160,
      "paragraph_id": "001"
    }
  ],
  "score": {
    "paragraph_score": [
      {
        "paragraph_scoreT": [
          3,
          3,
          2.8
        ],
        "paragraph_scoreT_detail": {
          "paragraph_scoreT_exp": [
            [
              3,
              3,
              3
            ],
            [
              3,
              3,
              3
            ],
            [
              2,
              3,
              3
            ]
          ]
        },
        "paragraph_scoreT_avg": 2.9333334,
        "paragraph_id": "001"
      }
    ],
    "essay_scoreT": [
      24.8,
      28.4,
      29.4
    ],
    "essay_scoreT_avg": 27.533333,
    "essay_scoreT_detail": {
      "essay_scoreT_org": [
        [
          3,
          0,
          2,
          2
        ],
        [
          3,
          0,
          3,
          3
        ],
        [
          3,
          0,
          3,
          3
        ]
      ],
      "essay_scoreT_cont": [
        [
          2,
          2,
          2,
          2
        ],
        [
          3,
          2,
          2,
          3
        ],
        [
          3,
          3,
          3,
          3
        ]
      ],
      "essay_scoreT_exp": [
        [
          3,
          3,
          3
        ],
        [
          3,
          3,
          3
        ],
        [
          2,
          3,
          3
        ]
      ]
    }
  },
  "student": {
    "date": "2021.12.13",
    "student_educated": true,
    "student_grade": "고등_1학년",
    "location": "063",
    "student_grade_group": "고등",
    "student_reading": 2
  },
  "rubric": {
    "essay_grade": "고등_1학년",
    "organization_weight": {
      "org_paragraph": 0,
      "org": 3,
      "org_essay": 6,
      "org_coherence": 3,
      "org_quantity": 1
    },
    "essay_type": "대안제시",
    "content_weight": {
      "con_clearance": 3,
      "con_novelty": 3,
      "con": 4,
      "con_prompt": 1,
      "con_description": 3
    },
    "essay_main_subject": "남녀 갈등 해결 방안",
    "expression_weight": {
      "exp_style": 4,
      "exp_grammar": 2,
      "exp_vocab": 4,
      "exp": 3
    }
  },
  "correction": [],
  "info": {
    "essay_id": "ESSAY_62441",
    "essay_prompt": " 남녀 갈등은 최근 우리 사회에서 가장 뜨거운 이슈 중 하나입니다. 이러한 갈등은 아직 간극을 좁히지 못하고 현재 사회적인 문제로 자리 잡았습니다.\n\n 군 가산점 문제, 일자리 문제 등 여러 가지 비교 자료들을 토대로 토론을 하고 이를 통해 갈등을 해결하고자 하는 노력이 이루어지고 있습니다.\n\n 과거에는 성차별 심했던 시기가 있었습니다. 여자와 남자를 구별 지어 일을 주는 경우도 많았습니다. 하지만, 현재는 여자와 남자라는 성별을 떠나서 나이, 국적을 불문하고 모두에게 평등한 기회를 주기 위해 노력하고 있습니다.\n\n 이렇게 모두의 노력에도 불구하고 아직 해결되지 않았거나 해결될 기미가 보이지 않는 양성평등 문제가 있을까요?\n\n 아주 작은 사소한 일이라도 좋습니다. 여러분이 생각하는 우리 주변의 양성평등 문제를 하나 작성해보고 어떻게 해결할 수 있을지 혹은 무엇이 바뀌어야 해결될 것 같은지 본인의 생각을 설명해주세요. ",
    "essay_type": "대안제시",
    "essay_level": "1",
    "essay_len": 801,
    "essay_main_subject": "남녀 갈등 해결 방안"
  }
}