{
  "paragraph": [
    {
      "paragraph_txt": "요즘은 그렇게 남녀차별이 심각하지 않지만 그래도 많은 곳에서는 차별이 지속되고 있다.#@문장구분#  내가 중학교 때 겪었던 일이다.#@문장구분# 그 날 따라 왠지 몸이 무겁고, 기운이 없었다.#@문장구분# 잠이 덜 깨서 그런 것이라고, 괜찮아 질 거라고 생각했다.#@문장구분# 그 날은 과학 시험을 보는 날이였는데 시험 보면서도 자꾸 머리가 아파왔다.#@문장구분# 그러다 시험 치는 도중에 어느 남학생이 머리가 아프다며 선생님께 조퇴를 해도 되냐고 여쭈었더니 선생님께서는 약 안 먹었냐며, 보건실은 다녀 왔냐는 등 걱정을 많이 하셨다.#@문장구분# 그 남학생이 간 후 나도 계속 망설이다가 선생님께 조퇴를 해야 겠다고 말씀드리니 나에게 화를 내셨다.#@문장구분# 꾀병이 아니냐는 둥 시험지는 다 풀었느냐는 둥 걱정은 커녕 오히려 화를 내셨다.#@문장구분# 정말 너무 억울하고, 분하였다.#@문장구분# 왜 똑같이 아팠는데 그 남학생은 걱정을 해주고, 나에게는 그렇게 화를 내셨는지 그 땐 미처 몰랐다.#@문장구분# 그러나 지금 생각해 보니 그 것도 일종의 남녀차별이라는 것을 알게되었다.#@문장구분# 그 날 나는 몹시 아파 병원에서 주사를 맞고 약까지 처방을 받았다.#@문장구분# 몹시 기분이 나쁜일이였다.#@문장구분# 사회 뿐만 아니라 학교에서도 아직 남녀차별이 지속 되고 있다.#@문장구분#  여자니까, 남자니까 이런 말은 결국 남녀차별에 해당되는 것이다.#@문장구분# 우리 여자들도 대부분이 남자를 어떻게 이기냐는 생각에 남자들이 다 하게 내버려 두는 경우가 많다.#@문장구분# 그렇게 하나하나 남자들만이 차지하면 우리 여자들은 설 수 있는 기회를 잃게 된다.#@문장구분# 작은 것부터 남녀차별의 벽을 깨고, 누구나 평등한 사회를 만들어 나가야 한다.#@문장구분# 어서 빨리 서로서로 사랑하며 아껴주어 누구나 평등한 사회가 왔으면 좋겠다.#@문장구분# 그럼 그 날이 올때까지 나는 계속 성평등을 외치겠다.#@문장구분#",
      "paragraph_len": 1223,
      "paragraph_id": "001"
    }
  ],
  "score": {
    "paragraph_score": [
      {
        "paragraph_scoreT": [
          3,
          3,
          2.8
        ],
        "paragraph_scoreT_detail": {
          "paragraph_scoreT_exp": [
            [
              3,
              3,
              3
            ],
            [
              3,
              3,
              3
            ],
            [
              2,
              3,
              3
            ]
          ]
        },
        "paragraph_scoreT_avg": 2.9333334,
        "paragraph_id": "001"
      }
    ],
    "essay_scoreT": [
      30,
      30,
      29.4
    ],
    "essay_scoreT_avg": 29.800001,
    "essay_scoreT_detail": {
      "essay_scoreT_org": [
        [
          3,
          0,
          3,
          3
        ],
        [
          3,
          0,
          3,
          3
        ],
        [
          3,
          0,
          3,
          3
        ]
      ],
      "essay_scoreT_cont": [
        [
          3,
          3,
          3,
          3
        ],
        [
          3,
          3,
          3,
          3
        ],
        [
          3,
          3,
          3,
          3
        ]
      ],
      "essay_scoreT_exp": [
        [
          3,
          3,
          3
        ],
        [
          3,
          3,
          3
        ],
        [
          2,
          3,
          3
        ]
      ]
    }
  },
  "student": {
    "date": "2021.12.13",
    "student_educated": true,
    "student_grade": "고등_1학년",
    "location": "063",
    "student_grade_group": "고등",
    "student_reading": 2
  },
  "rubric": {
    "essay_grade": "고등_1학년",
    "organization_weight": {
      "org_paragraph": 0,
      "org": 3,
      "org_essay": 6,
      "org_coherence": 3,
      "org_quantity": 1
    },
    "essay_type": "대안제시",
    "content_weight": {
      "con_clearance": 3,
      "con_novelty": 3,
      "con": 4,
      "con_prompt": 1,
      "con_description": 3
    },
    "essay_main_subject": "남녀 갈등 해결 방안",
    "expression_weight": {
      "exp_style": 4,
      "exp_grammar": 2,
      "exp_vocab": 4,
      "exp": 3
    }
  },
  "correction": [],
  "info": {
    "essay_id": "ESSAY_62148",
    "essay_prompt": " 남녀 갈등은 최근 우리 사회에서 가장 뜨거운 이슈 중 하나입니다. 이러한 갈등은 아직 간극을 좁히지 못하고 현재 사회적인 문제로 자리 잡았습니다.\n\n 군 가산점 문제, 일자리 문제 등 여러 가지 비교 자료들을 토대로 토론을 하고 이를 통해 갈등을 해결하고자 하는 노력이 이루어지고 있습니다.\n\n 과거에는 성차별 심했던 시기가 있었습니다. 여자와 남자를 구별 지어 일을 주는 경우도 많았습니다. 하지만, 현재는 여자와 남자라는 성별을 떠나서 나이, 국적을 불문하고 모두에게 평등한 기회를 주기 위해 노력하고 있습니다.\n\n 이렇게 모두의 노력에도 불구하고 아직 해결되지 않았거나 해결될 기미가 보이지 않는 양성평등 문제가 있을까요?\n\n 아주 작은 사소한 일이라도 좋습니다. 여러분이 생각하는 우리 주변의 양성평등 문제를 하나 작성해보고 어떻게 해결할 수 있을지 혹은 무엇이 바뀌어야 해결될 것 같은지 본인의 생각을 설명해주세요. ",
    "essay_type": "대안제시",
    "essay_level": "1",
    "essay_len": 823,
    "essay_main_subject": "남녀 갈등 해결 방안"
  }
}