{
  "paragraph": [
    {
      "paragraph_txt": "혐오 시설에는 쓰레기 매립장, 원자력발전소, 소각장, 매립지, 소각장, 쓰레기 하치장 같은 혐오 시설은 그리 위험하지는 않지만, 쓰레기를 취급한다는 점에서 혐오감을 주며, 주변 환경오염 문제가 갈등을 일으킵니다.#@문장구분#먼저 대도시에서 많은 쓰레기가 발생하는 것은 사실이므로 그 지역 내에서 결정하는 것이 옳다.#@문장구분# 그러나 만약 쓰레기 처리장 설치를 원하는 지역이 있는지 먼저 조사해야 한다.#@문장구분# 어느 도시에선 교정시설 유치로 지역경제를 살리면서 교도소를 혐오시설에서 선호시설로, 님비현상 (NIMBY) \"Not In My Backyard\" 에서 핌비현상 'Please In My Front Yard\" 로 바꾼 사례가 있으며 지역주민 70%가 교도시설 유치를 추진하고 있다고 한다.#@문장구분# 고령으로 노령화 된 작은도시에 교도소시설이 들어오게됨에 따라 교통. 상업 숙박업등이 경기가 되살아나 활력을 기대 한다고 한다.#@문장구분# 또한 쓰레기 처리 시설 같은 시설 설치가 일자리 창출을 이끌어 내기도 한다고 한다.#@문장구분# 쓰레기 매립장 같은 경우 환경오염이나 냄새등 이러한 문제들은 적당한 정부의 보상이 뒤따라야 한다고 생각한다.#@문장구분# 님비현상 (NIMBY) \"Not In My Backyard\" 으로거부 되는 시설들 설립 요건에 핌비현상 'Please In My Front Yard\" 시설 이 같이 따라가야 한다고 생각한다.#@문장구분# 지역 조사 후 만약 결정되지 않는다면 두 번째로 정부에서 님비시설 설치 시 혜택을 먼저 제시 후 제안해야 한다.#@문장구분# 정부와 지역주민들의 갈등이 일어나는 이유 중 설치 시 보상을 모호하게 선정하여 갈등이 일어나는 경우도 있고 만약 혜택과 보상에 만족한 어떤 지역이 시설설치를 추진할 수도 있기 때문이다.#@문장구분# 마지막으로 이러한 과정에도 선정지역이 없을 시 제비뽑기로 정하는 것이 옳다고 생각한다.#@문장구분# 이런 중요한 사항을 제비뽑기로 정하는가 할 수도 있지만 대부분의 사람들이 인정할 수 있고 이 사항을 수용할 수 있게 하는 방법은 지역 내 설치 가능한 모든 구역을 동일 선상에 두고 제비뽑기를 해야 한다고 생각한다.#@문장구분#",
      "paragraph_len": 1234,
      "paragraph_id": "001"
    }
  ],
  "score": {
    "paragraph_score": [
      {
        "paragraph_scoreT": [
          3,
          3,
          3
        ],
        "paragraph_scoreT_detail": {
          "paragraph_scoreT_exp": [
            [
              3,
              3,
              3
            ],
            [
              3,
              3,
              3
            ],
            [
              3,
              3,
              3
            ]
          ]
        },
        "paragraph_scoreT_avg": 3,
        "paragraph_id": "001"
      }
    ],
    "essay_scoreT": [
      28.8,
      28.8,
      30
    ],
    "essay_scoreT_avg": 29.199999,
    "essay_scoreT_detail": {
      "essay_scoreT_org": [
        [
          3,
          0,
          3,
          3
        ],
        [
          3,
          0,
          3,
          3
        ],
        [
          3,
          0,
          3,
          3
        ]
      ],
      "essay_scoreT_cont": [
        [
          3,
          2,
          3,
          3
        ],
        [
          3,
          2,
          3,
          3
        ],
        [
          3,
          3,
          3,
          3
        ]
      ],
      "essay_scoreT_exp": [
        [
          3,
          3,
          3
        ],
        [
          3,
          3,
          3
        ],
        [
          3,
          3,
          3
        ]
      ]
    }
  },
  "student": {
    "date": "2021.12.06",
    "student_educated": true,
    "student_grade": "고등_1학년",
    "location": "063",
    "student_grade_group": "고등",
    "student_reading": 2
  },
  "rubric": {
    "essay_grade": "고등_1학년",
    "organization_weight": {
      "org_paragraph": 0,
      "org": 3,
      "org_essay": 6,
      "org_coherence": 3,
      "org_quantity": 1
    },
    "essay_type": "대안제시",
    "content_weight": {
      "con_clearance": 3,
      "con_novelty": 3,
      "con": 4,
      "con_prompt": 1,
      "con_description": 3
    },
    "essay_main_subject": "혐오시설 건설문제에 대한 본인의 생각",
    "expression_weight": {
      "exp_style": 4,
      "exp_grammar": 2,
      "exp_vocab": 4,
      "exp": 3
    }
  },
  "correction": [],
  "info": {
    "essay_id": "ESSAY_57101",
    "essay_prompt": " 혐오 시설이란 지역 주민에게 공포감이나 고통을 주거나, 주변 지역의 쾌적성이 훼손됨으로써 집값이나 땅값이 내려가는 등 부정적인 외부효과를 유발하는 시설을 의미합니다.\n\n 대표적인 혐오 시설에는 쓰레기 매립장, 원자력발전소, 소각장, 유류저장소 등이 있습니다.\n\n 매립지, 소각장, 쓰레기 하치장 같은 혐오 시설은 그리 위험하지는 않지만, 쓰레기를 취급한다는 점에서 혐오감을 주며, 주변 환경오염 문제가 갈등을 일으킵니다. 특히 소각장은 인구밀도가 높은 대도시에 건설된다는 점에서 반대 운동이 일기도 합니다.\n\n 그런데 서로 반대만 하다 보면 입지를 찾지 못해 결국 모든 주민의 삶의 질이 저하될 수 있습니다.\n\n 정부 차원에서 가장 적절한 장소를 선별하여 건설 후 주변 사람들에게 혜택을 주는 방식이 적절한 방법일까요? 아니면 혐오 시설만을 모아둔 부지를 따로 정해서 건설해야 할까요? 아니면 모든 도시가 공평하게 혐오 시설 건설에 대한 부담을 지니고 하나씩 건설해야 할까요?\n\n 모두가 만족할만한 결과를 내기란 정말 어려운 문제이지만 여러분이 생각하는 가장 합리적이고 좋은 방법을 생각해보세요. 그리고 그 방법을 대안으로 제시하고 그 근거에 대해 작성해주세요.",
    "essay_type": "대안제시",
    "essay_level": "1",
    "essay_len": 994,
    "essay_main_subject": "혐오시설 건설문제에 대한 본인의 생각"
  }
}