{
  "paragraph": [
    {
      "paragraph_txt": "부정적 외부효과는 해결할 수 없다는 견해이다.#@문장구분# 왜 그렇게 생각하는가?#@문장구분# 외부효과의 정의에 대해서 생각해볼 필요가 있다.#@문장구분# 외부효과는 사회적 최적수준보다 적거나 많게 생산되어 그에 맞는 대가나 처벌이 부족하거나 없는 시장실패의 종류 중에 하나를 의미한다.#@문장구분# 여기서 긍정적 외부효과는 특허와 같이 사회적 최적 수준보다 적게 생산 되지만 많이 생산되면 생산될수록 사회에 좋은 영향을 끼치는 외부효과이고, 부정적 외부효과는 혐오시설 건설, 공공장소에서의 흡연, 등 사회적 최적수준보다 많게 생산되어 생산이 적으면 적을수록 좋은 외부효과를 의미한다.#@문장구분# 나는 이 외부효과의 정의에서 이미 모순이 있다고 생각한다.#@문장구분# 분명 '사회적 최적 수준'에서 '사회'가 가리키는 말은 불특정 소수가 아니다.#@문장구분# 아주 보편적인 그저 일반적인 사람을 가리키는 것이다.#@문장구분# 즉, 소수의 누군가에게는 부정적인 영향일지라도 대부분의 사람들이 긍정적인 영향을 끼칠 것으로 에상되거나 그런 일이 발생한다면 그것을 긍정적 외부효과라 하는 것이고 이와 반대되는 효과를 부정적 외부효과라고 하는 것이다.#@문장구분# 결국 모순은 부정적 외부효과라고 할지라도 용어처럼 모두에게 부정적인 입장이 취해지는 것이 아니라 누군가에게는 그 효과가 이득이 되기 때문에 사회적 최적 수준보다 많게 생산되는 것이고, 그로써 대다수의 사람들이 피해를 본다는 것이다.#@문장구분# 예시로 기업의 오염수 방류를 들자면 여기서 소수의 사람은 오염수를 방류하고자 하는 기업가일 것이고 대다수의 보편적인 사람들은 우리와 같은 일반적인 사람일 것이다.#@문장구분# 여기서 피해는 누가 보는가?#@문장구분# 우리 같이 일반적인 사람들이 본다.#@문장구분# 오염수 방류로 인해 환경 파괴,등 대부분의 사람들은 직간접적으로 피해를 볼 것이다.#@문장구분# 그러나 여기서 소수의 사람들, 즉 기업가들은 피해를 간접적으로 볼지는 모르더라도 어쨌든 직접적으로는 이익을 얻게 된다.#@문장구분# 오염수처리 드는 비용을 절약할 수 있으니 기업은 이익이 된다.#@문장구분# 그럼 기업은 굳이 자신들에게 이익되지 못하는 부분으로 행동하지 않을 것이다.#@문장구분# 그것이 비록 비윤리적인 행동일지라도 말이다.#@문장구분# 그래서 정부가 아무리 오염수 방류의 규제와 같이 사회적 최적수준 보다 많게 생산되는 부정적 외부효과의 생산량을 낮추기 위해 노력할지라도 근본이 자기의 이익을 위해 행동하는 것이기 때문에 그 부정적 외부효과가 생산되는 원천은 막을 수 없다는 것이다.#@문장구분# 그렇기에 지역 주민에게 부정적인 외부효과는 해결할 수 없는 것이다.#@문장구분# 분명 누군가 소수의 사람들은 이 혐오시설을 도시에 유치함으로써 이익되는 사람들이 있을 것이다.#@문장구분# 대부분의 사람들이 반대의 입장을 취한다고 그 혐오시설은 유치하지 않는 것은 아니다.#@문장구분# 실제 사례로 보더라도 대부분의 주민들이 반대했어도 절대적으로 화장터 시설이 부족하여 정부가 화장터 개설의 적극적인 입장을 취한 사건같은 부분에서도 알 수 있는 일이다.#@문장구분# 내가 여기서 강조하고 싶은 부분은 이것이다.#@문장구분# 과연 대부분의 사람들이 부정적인 입장이라고 해서 그게 과연 부정적 외부효과라고 말할 수 있는 것인가?#@문장구분# 화장터 개설을 예시로 들자면 정부의 개입으로 개설된 공공재는 단기적으로 보았을 때 대부분의 사람들은 반대할 것으로 전망된다.#@문장구분# 하지만 장기적으로 보았을 때 정부는 공공재 부족이라는 시장실패를 해결하기 위해 적극적인 조치를 취한 것이고 이로써 국민들 중에 일부는 주변에 화장터 개설로써 편의를 보는 사람도 생겨날 것이다.#@문장구분# 그럼 국민들 중의 대다수는 정부의 개입으로 어떠한 대가도 받지 않고 환경오염 같이 부정적인 영향을 끼칠 것으로 우려했으니까 부정적 외부효과인 것인가?#@문장구분# 국민들 중 일부는 시설 확충으로써 이익을 보았고 어떠한 노력이나 대가도 치르지 않았으니까 긍정적 외부효과로 봐야하는 것인가?#@문장구분# 역시 모순이라는 것이다.#@문장구분# 그렇기 때문에 사회 만연해 있는 외부효과를 다 해결한다?#@문장구분# 그것은 말이 안되는 것이고 미시적으로는 해결된 것처럼 보일 수 있는 정책이 나타나더라도 결국에는 그 정책이 거시적인 안목에서는 또 다른 외부효과를 만연할 수도 있다고 생각한다.#@문장구분#",
      "paragraph_len": 2572,
      "paragraph_id": "001"
    }
  ],
  "score": {
    "paragraph_score": [
      {
        "paragraph_scoreT": [
          3,
          2.8,
          2
        ],
        "paragraph_scoreT_detail": {
          "paragraph_scoreT_exp": [
            [
              3,
              3,
              3
            ],
            [
              2,
              3,
              3
            ],
            [
              2,
              2,
              2
            ]
          ]
        },
        "paragraph_scoreT_avg": 2.6000001,
        "paragraph_id": "001"
      }
    ],
    "essay_scoreT": [
      30,
      29.4,
      20.3
    ],
    "essay_scoreT_avg": 26.566666,
    "essay_scoreT_detail": {
      "essay_scoreT_org": [
        [
          3,
          0,
          3,
          3
        ],
        [
          3,
          0,
          3,
          3
        ],
        [
          2,
          0,
          2,
          3
        ]
      ],
      "essay_scoreT_cont": [
        [
          3,
          3,
          3,
          3
        ],
        [
          3,
          3,
          3,
          3
        ],
        [
          2,
          2,
          2,
          2
        ]
      ],
      "essay_scoreT_exp": [
        [
          3,
          3,
          3
        ],
        [
          2,
          3,
          3
        ],
        [
          2,
          2,
          2
        ]
      ]
    }
  },
  "student": {
    "date": "2021.10.24",
    "student_educated": true,
    "student_grade": "고등_1학년",
    "location": "063",
    "student_grade_group": "고등",
    "student_reading": 2
  },
  "rubric": {
    "essay_grade": "고등_1학년",
    "organization_weight": {
      "org_paragraph": 0,
      "org": 3,
      "org_essay": 6,
      "org_coherence": 3,
      "org_quantity": 1
    },
    "essay_type": "대안제시",
    "content_weight": {
      "con_clearance": 3,
      "con_novelty": 3,
      "con": 4,
      "con_prompt": 1,
      "con_description": 3
    },
    "essay_main_subject": "혐오시설 건설문제에 대한 본인의 생각",
    "expression_weight": {
      "exp_style": 4,
      "exp_grammar": 2,
      "exp_vocab": 4,
      "exp": 3
    }
  },
  "correction": [],
  "info": {
    "essay_id": "ESSAY_44242",
    "essay_prompt": " 혐오 시설이란 지역 주민에게 공포감이나 고통을 주거나, 주변 지역의 쾌적성이 훼손됨으로써 집값이나 땅값이 내려가는 등 부정적인 외부효과를 유발하는 시설을 의미합니다.\n\n 대표적인 혐오 시설에는 쓰레기 매립장, 원자력발전소, 소각장, 유류저장소 등이 있습니다.\n\n 매립지, 소각장, 쓰레기 하치장 같은 혐오 시설은 그리 위험하지는 않지만, 쓰레기를 취급한다는 점에서 혐오감을 주며, 주변 환경오염 문제가 갈등을 일으킵니다. 특히 소각장은 인구밀도가 높은 대도시에 건설된다는 점에서 반대 운동이 일기도 합니다.\n\n 그런데 서로 반대만 하다 보면 입지를 찾지 못해 결국 모든 주민의 삶의 질이 저하될 수 있습니다.\n\n 정부 차원에서 가장 적절한 장소를 선별하여 건설 후 주변 사람들에게 혜택을 주는 방식이 적절한 방법일까요? 아니면 혐오 시설만을 모아둔 부지를 따로 정해서 건설해야 할까요? 아니면 모든 도시가 공평하게 혐오 시설 건설에 대한 부담을 지니고 하나씩 건설해야 할까요?\n\n 모두가 만족할만한 결과를 내기란 정말 어려운 문제이지만 여러분이 생각하는 가장 합리적이고 좋은 방법을 생각해보세요. 그리고 그 방법을 대안으로 제시하고 그 근거에 대해 작성해주세요.",
    "essay_type": "대안제시",
    "essay_level": "1",
    "essay_len": 1933,
    "essay_main_subject": "혐오시설 건설문제에 대한 본인의 생각"
  }
}