{
  "paragraph": [
    {
      "paragraph_txt": "만약 혐오시설 즉 매립지, 소각장, 쓰레기하차장 등을 우리가 거주하는 아파트 옆에 설치하게 된다면 거의 90% 이상의 입주민들은 당연히 반대할 것이다.#@문장구분# 만약에 나였어도 반대할 것 같다.#@문장구분#\n혐오시설이 자신이 거주하는 아파트 근처에 건설되면, 악취뿐만 아니라 아파트 매매가격도 당연히 내려갈 것이고 피해가 엄청 많을 것이다.#@문장구분# \n그렇다면 \"혐오시설을 우리나라에 설치를 하지 않으면 되지 않나?\"라는 생각이 들 수도 있을 것이다.#@문장구분#\n그러나 혐오시설이 없다면, 우리 삶이 원활하게 돌아가지 않아서 혼돈을 불러일으킬 것이다.#@문장구분# 비록 혐오시설이라고 불리는 것이지만, 우리나라에는 없어서는 안 되는 꼭 중요한 시설들이기 때문이다.#@문장구분#\n만약 우리나라에 쓰레기 처리소가 없다면 온통 쓰레기로 뒤덮여서 국민들이 정상적인 삶을 살지 못할 것이다.#@문장구분#\n또한 원자력발전소가 없다면, 원활하게 돌아갈 수 있을까? #@문장구분#내 생각엔 아니라고 생각한다.#@문장구분#\n이러한 혐오시설 설치에 대한 찬성 반대에 대한 의견이 너무나 많이 충돌하여서 심지어 혐오시설 설치 찬성 반대에 관련한 책들도 나오고 있다.#@문장구분# \n그래서 내 생각에는 혐오시설을 설치하는 대신에 나라나 정부에서 수익이나 이익을 주는 것이 합당한 것 같다.#@문장구분# 실제로도 혐오시설을 설치하는 대신 보상을 한 사례들이 종종 있다.#@문장구분# \n공공폐자원관리시설 입후보지를 공모한다고 밝힌 다음에, 환경부 부지로 선정된 지역에는 운영이익금의 최대 60%를 제공하는 등의 현명한 방안으로 서로 동의를 구한 후 설치하는 것이 옳다고 생각이 든다.#@문장구분#\n혐오시설 설치 반대하는 입주민들을 떠올리면, 나는 우리나라 속담의 \"달면 삼키고 쓰면 뱉는다(감탄고토)\"라는 말이 떠오른다.#@문장구분#\n물론 혐오시설 설치 반대 하는 사람들 말고도 많은 사람들이 행태가 저렇다는 것을 알 수 있다.#@문장구분# \n누구나 그러는 것이 어떻게 보면 당연하다는 생각이 든다.#@문장구분#\n나였어도 당연히 단 것이 좋은 것이고, 쓴 것이 안 좋은 것이라는 생각이 가장 먼저 들기 때문이다.#@문장구분#\n그러나 어떨 때 보면, 정말 몸에 좋은 한약들은 쓰지만 몸에는 도움이 되고 좋다.#@문장구분# \n한약이 과연 우리한테 안 좋은 것인가? #@문장구분#그것은 아니다.#@문장구분#\n혐오시설들이 비록 우리 입장에서는 쓰기만 하다고 생각할 수도 있지만, 우리나라가 더 이상 환경오염 문제에 피해를 덜 받기 위해서는 반드시 설치를 해야만 하는 좋은 것이다.#@문장구분#\n우리가 피해를 지속적으로 받지만 그것을 참으면서 혐오시설을 옆에 설치하는 것을 찬성하라고 강요하는 것이 아니다.#@문장구분#\n그러나 나라나 정부가 어느 정도 이익을 준다는 보장 하에는 혐오시설을 설치하는 것이 비록 주변 사람들에게 힘들겠지만, 우리나라가 원활하게 돌아가기 위해서는 조금 양보해주는 것이 현명한 처사가 아닐까? 라는 생각이 든다.#@문장구분#",
      "paragraph_len": 1769,
      "paragraph_id": "001"
    }
  ],
  "score": {
    "paragraph_score": [
      {
        "paragraph_scoreT": [
          3,
          2.2,
          2
        ],
        "paragraph_scoreT_detail": {
          "paragraph_scoreT_exp": [
            [
              3,
              3,
              3
            ],
            [
              3,
              2,
              2
            ],
            [
              2,
              2,
              2
            ]
          ]
        },
        "paragraph_scoreT_avg": 2.3999999,
        "paragraph_id": "001"
      }
    ],
    "essay_scoreT": [
      30,
      23.7,
      23.6
    ],
    "essay_scoreT_avg": 25.766668,
    "essay_scoreT_detail": {
      "essay_scoreT_org": [
        [
          3,
          0,
          3,
          3
        ],
        [
          2,
          0,
          2,
          3
        ],
        [
          2,
          0,
          3,
          3
        ]
      ],
      "essay_scoreT_cont": [
        [
          3,
          3,
          3,
          3
        ],
        [
          2,
          3,
          3,
          3
        ],
        [
          3,
          2,
          2,
          3
        ]
      ],
      "essay_scoreT_exp": [
        [
          3,
          3,
          3
        ],
        [
          3,
          2,
          2
        ],
        [
          2,
          2,
          2
        ]
      ]
    }
  },
  "student": {
    "date": "2021.09.03",
    "student_educated": true,
    "student_grade": "고등_1학년",
    "location": "051",
    "student_grade_group": "고등",
    "student_reading": 3
  },
  "rubric": {
    "essay_grade": "고등_1학년",
    "organization_weight": {
      "org_paragraph": 0,
      "org": 3,
      "org_essay": 6,
      "org_coherence": 3,
      "org_quantity": 1
    },
    "essay_type": "대안제시",
    "content_weight": {
      "con_clearance": 3,
      "con_novelty": 3,
      "con": 4,
      "con_prompt": 1,
      "con_description": 3
    },
    "essay_main_subject": "혐오시설 건설문제에 대한 본인의 생각",
    "expression_weight": {
      "exp_style": 4,
      "exp_grammar": 2,
      "exp_vocab": 4,
      "exp": 3
    }
  },
  "correction": [],
  "info": {
    "essay_id": "ESSAY_34270",
    "essay_prompt": " 혐오 시설이란 지역 주민에게 공포감이나 고통을 주거나, 주변 지역의 쾌적성이 훼손됨으로써 집값이나 땅값이 내려가는 등 부정적인 외부효과를 유발하는 시설을 의미합니다.\n\n 대표적인 혐오 시설에는 쓰레기 매립장, 원자력발전소, 소각장, 유류저장소 등이 있습니다.\n\n 매립지, 소각장, 쓰레기 하치장 같은 혐오 시설은 그리 위험하지는 않지만, 쓰레기를 취급한다는 점에서 혐오감을 주며, 주변 환경오염 문제가 갈등을 일으킵니다. 특히 소각장은 인구밀도가 높은 대도시에 건설된다는 점에서 반대 운동이 일기도 합니다.\n\n 그런데 서로 반대만 하다 보면 입지를 찾지 못해 결국 모든 주민의 삶의 질이 저하될 수 있습니다.\n\n 정부 차원에서 가장 적절한 장소를 선별하여 건설 후 주변 사람들에게 혜택을 주는 방식이 적절한 방법일까요? 아니면 혐오 시설만을 모아둔 부지를 따로 정해서 건설해야 할까요? 아니면 모든 도시가 공평하게 혐오 시설 건설에 대한 부담을 지니고 하나씩 건설해야 할까요?\n\n 모두가 만족할만한 결과를 내기란 정말 어려운 문제이지만 여러분이 생각하는 가장 합리적이고 좋은 방법을 생각해보세요. 그리고 그 방법을 대안으로 제시하고 그 근거에 대해 작성해주세요.",
    "essay_type": "대안제시",
    "essay_level": "1",
    "essay_len": 1309,
    "essay_main_subject": "혐오시설 건설문제에 대한 본인의 생각"
  }
}