{
  "paragraph": [
    {
      "paragraph_txt": "우선 남녀 평등을 이루기 위해서는 과거를 알아야 한다고 생각한다.#@문장구분# 과거에는 농경사회로 생계를 유지하는 가정이 많았기 때문에 비교적 힘이 강한 남성의 필요성이 강조되어 남성들이 권력을 차지 했다고 생각한다.#@문장구분# 하지만 현대에는 힘이 드는 직업이 아닌 독창성을 살리거나 지식을 바탕으로 돈을 버는 직업도 많기에 여성들이 돈을 벌어 생계를 유지할 수 있게 되었다.#@문장구분# 하지만 예로부터 남성들이 집안에서 권력을 가지고 사회에서도 일을 잘한다는 고정관념이 있어 여성들이 평등을 추구하기 어려웠다.#@문장구분# 그래서 요즘은 페미니스트, 여성가족부 등등이 평등을 외치며 활동하고 있다.#@문장구분# 하지만 그 과정에서 옳지 않은 부분이 있어 남녀 간의 갈등이 잦아지고 있다.#@문장구분# 예들 들면 '탈코르셋'이 있다.#@문장구분# 탈코르셋은 여성들이 꾸밈노동으로 많은 수고를 하고 있어서 이제는 남들의 시선 때문에 꾸며야 하는 억압에서 해방되자는 취지로 만들어졌다.#@문장구분# 하지만 자신을 꾸미는 것을 좋아하고 아이돌, 유튜버와 같이 돈을 벌기 위해 꾸밈을 해야 하는 사람들에게 \"꾸미지 마세요\"라고 탈코르셋을 강요하는 행동은 그분들의 꾸밀 자유를 억압하는 행동이며 그 사람들을 인정하지 못하는 행동처럼 보인다.#@문장구분#\n하지만 사회는 평등을 외치는 사람들에 의해 바뀌고 있다고 생각한다.#@문장구분# 예전에는 여성들이 할 수 없다고 생각되었던 특정직업들이 이제는 가능하게 되었고, 남성은 일하고 여성은 집안일을 해야 한다.#@문장구분# 남자는 주방에 들어가면 안 된다.#@문장구분# 라는 등에 고정관념들이 깨지고 있기 때문이다.#@문장구분# 이러한 상황으로 봤을 때 위 사람들의 노력은 대단하다.#@문장구분# 하지만 아직까지도 남녀 간의 갈등은 끝나지 않았기에 위 사람들의 노력이 아직은 더 필요하다.#@문장구분# 그리고 노력을 해야 하는 사람들은 위의 일부 사람들만 하는 것이 아닌 모든 사람의 노력이 필요하다.#@문장구분# 남자와 여자가 아닌 사람과 사람으로 서로의 단점을 보완하고, 서로를 존중하는 마음이 가져야 한다.#@문장구분# 그러면 인식이 변화되어 갈등이 잦아들 것이다.#@문장구분#",
      "paragraph_len": 1312,
      "paragraph_id": "001"
    }
  ],
  "score": {
    "paragraph_score": [
      {
        "paragraph_scoreT": [
          3,
          3,
          2.6
        ],
        "paragraph_scoreT_detail": {
          "paragraph_scoreT_exp": [
            [
              3,
              3,
              3
            ],
            [
              3,
              3,
              3
            ],
            [
              3,
              3,
              2
            ]
          ]
        },
        "paragraph_scoreT_avg": 2.8666668,
        "paragraph_id": "001"
      }
    ],
    "essay_scoreT": [
      30,
      28.8,
      25.7
    ],
    "essay_scoreT_avg": 28.166666,
    "essay_scoreT_detail": {
      "essay_scoreT_org": [
        [
          3,
          0,
          3,
          3
        ],
        [
          3,
          0,
          3,
          3
        ],
        [
          3,
          0,
          3,
          2
        ]
      ],
      "essay_scoreT_cont": [
        [
          3,
          3,
          3,
          3
        ],
        [
          3,
          2,
          3,
          3
        ],
        [
          3,
          2,
          2,
          2
        ]
      ],
      "essay_scoreT_exp": [
        [
          3,
          3,
          3
        ],
        [
          3,
          3,
          3
        ],
        [
          3,
          3,
          2
        ]
      ]
    }
  },
  "student": {
    "date": "2021.08.15",
    "student_educated": true,
    "student_grade": "고등_1학년",
    "location": "051",
    "student_grade_group": "고등",
    "student_reading": 1
  },
  "rubric": {
    "essay_grade": "고등_1학년",
    "organization_weight": {
      "org_paragraph": 0,
      "org": 3,
      "org_essay": 6,
      "org_coherence": 3,
      "org_quantity": 1
    },
    "essay_type": "대안제시",
    "content_weight": {
      "con_clearance": 3,
      "con_novelty": 3,
      "con": 4,
      "con_prompt": 1,
      "con_description": 3
    },
    "essay_main_subject": "남녀 갈등 해결 방안",
    "expression_weight": {
      "exp_style": 4,
      "exp_grammar": 2,
      "exp_vocab": 4,
      "exp": 3
    }
  },
  "correction": [],
  "info": {
    "essay_id": "ESSAY_34051",
    "essay_prompt": " 남녀 갈등은 최근 우리 사회에서 가장 뜨거운 이슈 중 하나입니다. 이러한 갈등은 아직 간극을 좁히지 못하고 현재 사회적인 문제로 자리 잡았습니다.\n\n 군 가산점 문제, 일자리 문제 등 여러 가지 비교 자료들을 토대로 토론을 하고 이를 통해 갈등을 해결하고자 하는 노력이 이루어지고 있습니다.\n\n 과거에는 성차별 심했던 시기가 있었습니다. 여자와 남자를 구별 지어 일을 주는 경우도 많았습니다. 하지만, 현재는 여자와 남자라는 성별을 떠나서 나이, 국적을 불문하고 모두에게 평등한 기회를 주기 위해 노력하고 있습니다.\n\n 이렇게 모두의 노력에도 불구하고 아직 해결되지 않았거나 해결될 기미가 보이지 않는 양성평등 문제가 있을까요?\n\n 아주 작은 사소한 일이라도 좋습니다. 여러분이 생각하는 우리 주변의 양성평등 문제를 하나 작성해보고 어떻게 해결할 수 있을지 혹은 무엇이 바뀌어야 해결될 것 같은지 본인의 생각을 설명해주세요. ",
    "essay_type": "대안제시",
    "essay_level": "1",
    "essay_len": 952,
    "essay_main_subject": "남녀 갈등 해결 방안"
  }
}