{
  "paragraph": [
    {
      "paragraph_txt": "제주시 도평동 주민과 도평초등학교 학부모 등으로 이루어진 도평동 폐유리 재가공 시설 반대 비상대책위원회는 2일 10시 제주시청 앞에서 피켓 시위를 벌였다.#@문장구분# 주민들은 폐유리를 보관, 가공하고 처리하는 과정에서 주변 환경오염과 노인, 아이들의 건강 악화가 우려된다며 반대 시위를 벌였는데, 이러한 문제를 원만하게 해결하기 위한 대안을 알아보자.#@문장구분#",
      "paragraph_len": 230,
      "paragraph_id": "001"
    },
    {
      "paragraph_txt": " 첫 번째 대안은 시설의 긍정적인 이미지를 주민들에게 홍보하여 설득하는 것이다.#@문장구분# 주변 환경이 오염되지 않는다는 것을 명백하게 검증해서 그 결과를 주민들에게 알려 혐오 시설이라는 이미지를 탈피하는 것이다.#@문장구분# 인근에 노인 요양 시설, 도평초등학교, 시의 소하천 등이 있어 환경오염 문제를 우려하고 있지만, 환경오염의 수준이 미비하다는 것을 알리고 시설 주변에 미세먼지 측정 기기를 달아놓으면 주민들도 안심할 수 있을 것이다.#@문장구분#",
      "paragraph_len": 294,
      "paragraph_id": "002"
    },
    {
      "paragraph_txt": " 두 번째 대안은 폐유리 재가공 물품을 이용한 사업을 진행하여 지역 경제 발전에 이바지하는 것이다.#@문장구분# 폐유리를 재가공한 물품이기 때문에 환경친화적이고 재료도 부족할 일이 없다.#@문장구분# 또한 유리 사업은 수요가 높기 때문에 지역 경제 발전에 많은 도움을 줄 수 있다.#@문장구분# 그리고 재가공 물품을 활용하여 전시회를 긍정적인 이미지를 어필하고 아이들이 직접 체험할 수 있는 체험 행사를 실시하면 주민들의 반대가 줄어들 것이다.#@문장구분#",
      "paragraph_len": 307,
      "paragraph_id": "003"
    },
    {
      "paragraph_txt": " 마지막 대안은 지원금을 주는 것이다.#@문장구분# 건강 악화를 우려하는 것이 가장 큰 반대 이유이므로 건강지원금을 한 가구당 얼마씩 지급하면 시설 건설을 찬성할 것 이다.#@문장구분# 단순히 쓰레기를 다루는 시설이라서 혐오 감이 들어 반대하는 사람도 없지 않다고 보기 때문에 그러한 반대를 줄이기 위함이다.#@문장구분#",
      "paragraph_len": 218,
      "paragraph_id": "004"
    },
    {
      "paragraph_txt": " 무엇보다 꼭 필요한 시설이기 때문에 건설하는 것이니 무작정 반대하기보다는 지역의 미래를 생각해보는 것도 좋을 것 같다.#@문장구분#",
      "paragraph_len": 87,
      "paragraph_id": "005"
    }
  ],
  "score": {
    "paragraph_score": [
      {
        "paragraph_scoreT": [
          3,
          3,
          3
        ],
        "paragraph_scoreT_detail": {
          "paragraph_scoreT_exp": [
            [
              3,
              3,
              3
            ],
            [
              3,
              3,
              3
            ],
            [
              3,
              3,
              3
            ]
          ]
        },
        "paragraph_scoreT_avg": 3,
        "paragraph_id": "001"
      },
      {
        "paragraph_scoreT": [
          3,
          3,
          3
        ],
        "paragraph_scoreT_detail": {
          "paragraph_scoreT_exp": [
            [
              3,
              3,
              3
            ],
            [
              3,
              3,
              3
            ],
            [
              3,
              3,
              3
            ]
          ]
        },
        "paragraph_scoreT_avg": 3,
        "paragraph_id": "002"
      },
      {
        "paragraph_scoreT": [
          3,
          3,
          3
        ],
        "paragraph_scoreT_detail": {
          "paragraph_scoreT_exp": [
            [
              3,
              3,
              3
            ],
            [
              3,
              3,
              3
            ],
            [
              3,
              3,
              3
            ]
          ]
        },
        "paragraph_scoreT_avg": 3,
        "paragraph_id": "003"
      },
      {
        "paragraph_scoreT": [
          3,
          3,
          3
        ],
        "paragraph_scoreT_detail": {
          "paragraph_scoreT_exp": [
            [
              3,
              3,
              3
            ],
            [
              3,
              3,
              3
            ],
            [
              3,
              3,
              3
            ]
          ]
        },
        "paragraph_scoreT_avg": 3,
        "paragraph_id": "004"
      },
      {
        "paragraph_scoreT": [
          3,
          3,
          3
        ],
        "paragraph_scoreT_detail": {
          "paragraph_scoreT_exp": [
            [
              3,
              3,
              3
            ],
            [
              3,
              3,
              3
            ],
            [
              3,
              3,
              3
            ]
          ]
        },
        "paragraph_scoreT_avg": 3,
        "paragraph_id": "005"
      }
    ],
    "essay_scoreT": [
      28.8,
      30,
      28.2
    ],
    "essay_scoreT_avg": 29,
    "essay_scoreT_detail": {
      "essay_scoreT_org": [
        [
          3,
          0,
          2,
          2
        ],
        [
          3,
          0,
          3,
          3
        ],
        [
          2,
          0,
          3,
          3
        ]
      ],
      "essay_scoreT_cont": [
        [
          3,
          3,
          3,
          3
        ],
        [
          3,
          3,
          3,
          3
        ],
        [
          3,
          3,
          3,
          3
        ]
      ],
      "essay_scoreT_exp": [
        [
          3,
          3,
          3
        ],
        [
          3,
          3,
          3
        ],
        [
          3,
          3,
          3
        ]
      ]
    }
  },
  "student": {
    "date": "2021.09.03",
    "student_educated": true,
    "student_grade": "고등_1학년",
    "location": "051",
    "student_grade_group": "고등",
    "student_reading": 1
  },
  "rubric": {
    "essay_grade": "고등_1학년",
    "organization_weight": {
      "org_paragraph": 0,
      "org": 3,
      "org_essay": 6,
      "org_coherence": 3,
      "org_quantity": 1
    },
    "essay_type": "대안제시",
    "content_weight": {
      "con_clearance": 3,
      "con_novelty": 3,
      "con": 4,
      "con_prompt": 1,
      "con_description": 3
    },
    "essay_main_subject": "혐오시설 건설문제에 대한 본인의 생각",
    "expression_weight": {
      "exp_style": 4,
      "exp_grammar": 2,
      "exp_vocab": 4,
      "exp": 3
    }
  },
  "correction": [],
  "info": {
    "essay_id": "ESSAY_33842",
    "essay_prompt": " 혐오 시설이란 지역 주민에게 공포감이나 고통을 주거나, 주변 지역의 쾌적성이 훼손됨으로써 집값이나 땅값이 내려가는 등 부정적인 외부효과를 유발하는 시설을 의미합니다.\n\n 대표적인 혐오 시설에는 쓰레기 매립장, 원자력발전소, 소각장, 유류저장소 등이 있습니다.\n\n 매립지, 소각장, 쓰레기 하치장 같은 혐오 시설은 그리 위험하지는 않지만, 쓰레기를 취급한다는 점에서 혐오감을 주며, 주변 환경오염 문제가 갈등을 일으킵니다. 특히 소각장은 인구밀도가 높은 대도시에 건설된다는 점에서 반대 운동이 일기도 합니다.\n\n 그런데 서로 반대만 하다 보면 입지를 찾지 못해 결국 모든 주민의 삶의 질이 저하될 수 있습니다.\n\n 정부 차원에서 가장 적절한 장소를 선별하여 건설 후 주변 사람들에게 혜택을 주는 방식이 적절한 방법일까요? 아니면 혐오 시설만을 모아둔 부지를 따로 정해서 건설해야 할까요? 아니면 모든 도시가 공평하게 혐오 시설 건설에 대한 부담을 지니고 하나씩 건설해야 할까요?\n\n 모두가 만족할만한 결과를 내기란 정말 어려운 문제이지만 여러분이 생각하는 가장 합리적이고 좋은 방법을 생각해보세요. 그리고 그 방법을 대안으로 제시하고 그 근거에 대해 작성해주세요.",
    "essay_type": "대안제시",
    "essay_level": "1",
    "essay_len": 885,
    "essay_main_subject": "혐오시설 건설문제에 대한 본인의 생각"
  }
}