{
  "paragraph": [
    {
      "paragraph_txt": "지역주민들이 지역 주변에 혐오시설을 건설하는 것을 반대하는 이유에는 여러 가지가 있을 것이다.#@문장구분# 혐오시설이 건설되면서 생길 수 있는 것은 소음, 냄새, 안정성, 집값 등의 여러 가지의 문제가 있다. #@문장구분#하지만 이런 일들은 돈에 의해서만 해결이 가능하다고 생각한다. #@문장구분#적정의 보상금을 주는 것 외에는 별다른 해결 방법이 없다고 생각한다.#@문장구분# 왜냐하면 소음문제를 해결하기 위해서 방음을 할 장치가 필요할 것이기에 돈이 들어갈 것이다.#@문장구분# 냄새문제 역시, 악취 제거제와 냄새가 너무 많이 날 경우 이사를 가야하기에 돈이 역시 필요하다.#@문장구분# 안정성문제 역시 안정성이 보장되지 않는 위험한 건물을 지역 주변에 세우려고 한다면, 위험을 감수하고도 동의 할 수 있는 대안은 돈 밖에 없다고 생각한다.#@문장구분# 어떠한 다른 대안도 위험성을 막아줄 수 없기에 위험을 감수할 대안은 돈 밖에 없을 것이다.#@문장구분# 당연하지만 지역주변에 혐오시설이 생긴다면 집값이 떨어지는 것은 당연한 일일 것이다.#@문장구분# 집값이 떨어진다면 집값이 떨어지는 감소폭보다 보상금을 더 주어야 혐오시설을 건설할 수 있을 것이라고 생각한다.#@문장구분# 혐오시설을 지으면 여러 가지의 문제에 시달리게 되어 삶의 질이 떨어지지만 보상금을 통해 문화생활, 경제적 안정감을 주어 삶의 질을 끌어 올릴 수 있다고 생각한다. #@문장구분#그렇기에 이런 혐오시설을 짓는다면 지역 주변 주민에게 요구치를 충족하는 보상금을 주는 것이 가장 쉽고, 확실한 갈등 방지를 위한 해결 방법이라고 생각한다.#@문장구분#",
      "paragraph_len": 952,
      "paragraph_id": "001"
    }
  ],
  "score": {
    "paragraph_score": [
      {
        "paragraph_scoreT": [
          3,
          2.2,
          2
        ],
        "paragraph_scoreT_detail": {
          "paragraph_scoreT_exp": [
            [
              3,
              3,
              3
            ],
            [
              3,
              2,
              2
            ],
            [
              2,
              2,
              2
            ]
          ]
        },
        "paragraph_scoreT_avg": 2.3999999,
        "paragraph_id": "001"
      }
    ],
    "essay_scoreT": [
      30,
      22.2,
      23.3
    ],
    "essay_scoreT_avg": 25.166666,
    "essay_scoreT_detail": {
      "essay_scoreT_org": [
        [
          3,
          0,
          3,
          3
        ],
        [
          2,
          0,
          2,
          2
        ],
        [
          2,
          0,
          3,
          2
        ]
      ],
      "essay_scoreT_cont": [
        [
          3,
          3,
          3,
          3
        ],
        [
          3,
          2,
          3,
          2
        ],
        [
          3,
          2,
          2,
          3
        ]
      ],
      "essay_scoreT_exp": [
        [
          3,
          3,
          3
        ],
        [
          3,
          2,
          2
        ],
        [
          2,
          2,
          2
        ]
      ]
    }
  },
  "student": {
    "date": "2021.09.02",
    "student_educated": true,
    "student_grade": "고등_1학년",
    "location": "051",
    "student_grade_group": "고등",
    "student_reading": 1
  },
  "rubric": {
    "essay_grade": "고등_1학년",
    "organization_weight": {
      "org_paragraph": 0,
      "org": 3,
      "org_essay": 6,
      "org_coherence": 3,
      "org_quantity": 1
    },
    "essay_type": "대안제시",
    "content_weight": {
      "con_clearance": 3,
      "con_novelty": 3,
      "con": 4,
      "con_prompt": 1,
      "con_description": 3
    },
    "essay_main_subject": "혐오시설 건설문제에 대한 본인의 생각",
    "expression_weight": {
      "exp_style": 4,
      "exp_grammar": 2,
      "exp_vocab": 4,
      "exp": 3
    }
  },
  "correction": [],
  "info": {
    "essay_id": "ESSAY_34264",
    "essay_prompt": " 혐오 시설이란 지역 주민에게 공포감이나 고통을 주거나, 주변 지역의 쾌적성이 훼손됨으로써 집값이나 땅값이 내려가는 등 부정적인 외부효과를 유발하는 시설을 의미합니다.\n\n 대표적인 혐오 시설에는 쓰레기 매립장, 원자력발전소, 소각장, 유류저장소 등이 있습니다.\n\n 매립지, 소각장, 쓰레기 하치장 같은 혐오 시설은 그리 위험하지는 않지만, 쓰레기를 취급한다는 점에서 혐오감을 주며, 주변 환경오염 문제가 갈등을 일으킵니다. 특히 소각장은 인구밀도가 높은 대도시에 건설된다는 점에서 반대 운동이 일기도 합니다.\n\n 그런데 서로 반대만 하다 보면 입지를 찾지 못해 결국 모든 주민의 삶의 질이 저하될 수 있습니다.\n\n 정부 차원에서 가장 적절한 장소를 선별하여 건설 후 주변 사람들에게 혜택을 주는 방식이 적절한 방법일까요? 아니면 혐오 시설만을 모아둔 부지를 따로 정해서 건설해야 할까요? 아니면 모든 도시가 공평하게 혐오 시설 건설에 대한 부담을 지니고 하나씩 건설해야 할까요?\n\n 모두가 만족할만한 결과를 내기란 정말 어려운 문제이지만 여러분이 생각하는 가장 합리적이고 좋은 방법을 생각해보세요. 그리고 그 방법을 대안으로 제시하고 그 근거에 대해 작성해주세요.",
    "essay_type": "대안제시",
    "essay_level": "1",
    "essay_len": 714,
    "essay_main_subject": "혐오시설 건설문제에 대한 본인의 생각"
  }
}