{
  "paragraph": [
    {
      "paragraph_txt": "혐오시설은 이름과 같이 사람들에게 혐오감을 주거나 불편함, 또는 경제적인 불이익을 가져다 줄 수 있는 시설들을 말한다.#@문장구분# 혐오시설은 기준이 정확하게 정해져 있지 않아 쓰레기 매립장(소각장), 폐기물 처리장, 하수처리장, 사육장과 같이 더러운 시설들만 아니라 경찰서, 소방서, 군부대, 교도소, 대학교 같은 시설도 지역 주민들의 불만에 따라 혐오시설로 분류될 수 있다.#@문장구분# 혐오시설은 꼭 필요한 존재이지만 염오시설을 짓겠다는 지역은 반대를 하는 문제점이 있다.#@문장구분# 왜냐하면 혐오시설이 있는 지역의 부동산 시장의 거래가 불황이 되고 일단 혐오시설이 지어지면 다른 지역들도 반대하기 때문에 부동산 불황이 지속된다.#@문장구분# 그리고 쓰레기나 폐기물처리로 인한 환경오염으로 지역 주민들의 건강에 영향을 미칠 수 있는 등 부정적인 영향을 끼칠 수 있기 때문이다.#@문장구분# 하지만 나는 아무리 불이익이 있더라도 혐오시설은 계속 지어져야 한다고 생각해 이런 문제들을 해결하기 위한 방법들을 생각해 보았다.#@문장구분# 첫 번째로는 불경제 문제를 해결하기 위한 혐오시설을 지을 때 지하철역, 기차역, 버스터미널 등 지역에 이익이 되는 시설들을 지어 사람들이 그 지역을 방문할 수 있도록 장려한다.#@문장구분# 두 번째, 수질 오염, 악취, 환경오염 등의 문제를 해결하기 위해서는 정화시설을 설치해 주거나 악취나 환경오염이 발생하지 않게 확실하게 소각하거나 일정 수준의 보호법을 만들어야 한다.#@문장구분# 세 번째는 건강을 위협하는 문제를 해결할 수 있게 의료복지를 증진하고 병원과 같은 의료시설을 만드는 것이다.#@문장구분# 마지막으로 가장 쉬운 방법으로는 정부가 직접 나서서 전문기관을 만들고 관리, 조사 기관을 만들어 지속적으로 관련 업체를 감시하고 조사할 수 있도록 해야 한다.#@문장구분# 이렇게 다양한 방면으로 문제들을 해결하려 해도 모두가 만족할 수는 없지만 끊임없이 논의하고 토론해야만 누구도 불만 없이 혐오시설을 받아들일 수 있을 것이다.#@문장구분#",
      "paragraph_len": 1143,
      "paragraph_id": "001"
    }
  ],
  "score": {
    "paragraph_score": [
      {
        "paragraph_scoreT": [
          3,
          3,
          2.6
        ],
        "paragraph_scoreT_detail": {
          "paragraph_scoreT_exp": [
            [
              3,
              3,
              3
            ],
            [
              3,
              3,
              3
            ],
            [
              3,
              3,
              2
            ]
          ]
        },
        "paragraph_scoreT_avg": 2.8666668,
        "paragraph_id": "001"
      }
    ],
    "essay_scoreT": [
      30,
      26.3,
      28.4
    ],
    "essay_scoreT_avg": 28.233332,
    "essay_scoreT_detail": {
      "essay_scoreT_org": [
        [
          3,
          0,
          3,
          3
        ],
        [
          2,
          0,
          3,
          2
        ],
        [
          3,
          0,
          3,
          3
        ]
      ],
      "essay_scoreT_cont": [
        [
          3,
          3,
          3,
          3
        ],
        [
          3,
          2,
          2,
          3
        ],
        [
          3,
          3,
          2,
          3
        ]
      ],
      "essay_scoreT_exp": [
        [
          3,
          3,
          3
        ],
        [
          3,
          3,
          3
        ],
        [
          3,
          3,
          2
        ]
      ]
    }
  },
  "student": {
    "date": "2021.10.24",
    "student_educated": true,
    "student_grade": "고등_1학년",
    "location": "063",
    "student_grade_group": "고등",
    "student_reading": 1
  },
  "rubric": {
    "essay_grade": "고등_1학년",
    "organization_weight": {
      "org_paragraph": 0,
      "org": 3,
      "org_essay": 6,
      "org_coherence": 3,
      "org_quantity": 1
    },
    "essay_type": "대안제시",
    "content_weight": {
      "con_clearance": 3,
      "con_novelty": 3,
      "con": 4,
      "con_prompt": 1,
      "con_description": 3
    },
    "essay_main_subject": "혐오시설 건설문제에 대한 본인의 생각",
    "expression_weight": {
      "exp_style": 4,
      "exp_grammar": 2,
      "exp_vocab": 4,
      "exp": 3
    }
  },
  "correction": [],
  "info": {
    "essay_id": "ESSAY_44061",
    "essay_prompt": " 혐오 시설이란 지역 주민에게 공포감이나 고통을 주거나, 주변 지역의 쾌적성이 훼손됨으로써 집값이나 땅값이 내려가는 등 부정적인 외부효과를 유발하는 시설을 의미합니다.\n\n 대표적인 혐오 시설에는 쓰레기 매립장, 원자력발전소, 소각장, 유류저장소 등이 있습니다.\n\n 매립지, 소각장, 쓰레기 하치장 같은 혐오 시설은 그리 위험하지는 않지만, 쓰레기를 취급한다는 점에서 혐오감을 주며, 주변 환경오염 문제가 갈등을 일으킵니다. 특히 소각장은 인구밀도가 높은 대도시에 건설된다는 점에서 반대 운동이 일기도 합니다.\n\n 그런데 서로 반대만 하다 보면 입지를 찾지 못해 결국 모든 주민의 삶의 질이 저하될 수 있습니다.\n\n 정부 차원에서 가장 적절한 장소를 선별하여 건설 후 주변 사람들에게 혜택을 주는 방식이 적절한 방법일까요? 아니면 혐오 시설만을 모아둔 부지를 따로 정해서 건설해야 할까요? 아니면 모든 도시가 공평하게 혐오 시설 건설에 대한 부담을 지니고 하나씩 건설해야 할까요?\n\n 모두가 만족할만한 결과를 내기란 정말 어려운 문제이지만 여러분이 생각하는 가장 합리적이고 좋은 방법을 생각해보세요. 그리고 그 방법을 대안으로 제시하고 그 근거에 대해 작성해주세요.",
    "essay_type": "대안제시",
    "essay_level": "1",
    "essay_len": 924,
    "essay_main_subject": "혐오시설 건설문제에 대한 본인의 생각"
  }
}