{
  "paragraph": [
    {
      "paragraph_txt": "내 친구의 여동생의 일이다.#@문장구분# 입학을 하게 된 친구의 동생.#@문장구분# 1학년에 입학하는 설레는 마음으로 교복을 맞추러 갔었는데, 바지로 맞추려고 하니(여학생 교복은 치마, 바지 둘 중 하나 선택 가능) 주변에 계시던 아주머니께서 건넨 한마디.#@문장구분# '쯧쯧, 어머 여자애가 여자답지 못하고....' 그 말 한마디에 새 학기의 설레는 마음은커녕 괜한 위축감이 들었다고 한다.#@문장구분# 그러나 더 견딜 수 없는 사실은 같은 또래 친구들 중에서도 조선시대에서 튀어나온 듯, 아직도 '남자는 남자답게. 여자는 여자답게'라는 사고방식을 가진 학생들이 더러 있다는 것이다.#@문장구분# 기술시간에는 당연히 남자가 잘 해야 하고, 가정시간에는 당연히 여자가 월등히 잘해야 하는 것일까? #@문장구분#1학년 가정 실습시간에 떡볶이를 만드는 과정에서 칼질을 잘 못하는 나에게 한 남학생이 이렇게 말했다.#@문장구분# '여자애가 이런 것도 못하냐? 집에서 뭐하길래 이런거 하나 못하냐.' 나는 듣자마자 '너는 그래서 남자애가 앞치마 매고 잘난척하는 게 자랑이냐? 남자 망신 다 시킨다.'라고 한마디 쏘아붙였다.#@문장구분# 순간 나는 속에서 끓어오르는 부끄러움에 얼굴이 붉어질 수밖에 없었다.#@문장구분# 나름대로 학생들 사이에서 열심히 양성평등에 앞장서고 있었다고 자부했는데, 그런 내가 남녀차별의 발언을 하다니.#@문장구분# 나 자신조차도 그런 고정관념을 깨버리지 못했던 것이었다. #@문장구분#고정관념을 바꾸는 작은 일에서부터 양성평등은 시작되는 것인데 말이다.#@문장구분# 이렇듯 우리는 말은 양성평등을 논하고 있지만, 잘 고쳐지지 않는 부분도 많다.#@문장구분# 항상 인지하고 어린 나이에서부터 교육받아야 한다.#@문장구분# 학교에서부터 바뀌어야 한다고 생각한다.#@문장구분# 좀 더 노력해 더 나은 미래를 만들어갔으면 좋겠다.#@문장구분#",
      "paragraph_len": 1132,
      "paragraph_id": "001"
    }
  ],
  "score": {
    "paragraph_score": [
      {
        "paragraph_scoreT": [
          3,
          3,
          2.8
        ],
        "paragraph_scoreT_detail": {
          "paragraph_scoreT_exp": [
            [
              3,
              3,
              3
            ],
            [
              3,
              3,
              3
            ],
            [
              2,
              3,
              3
            ]
          ]
        },
        "paragraph_scoreT_avg": 2.9333334,
        "paragraph_id": "001"
      }
    ],
    "essay_scoreT": [
      29.7,
      29.6,
      29.4
    ],
    "essay_scoreT_avg": 29.566668,
    "essay_scoreT_detail": {
      "essay_scoreT_org": [
        [
          3,
          0,
          3,
          2
        ],
        [
          3,
          0,
          3,
          3
        ],
        [
          3,
          0,
          3,
          3
        ]
      ],
      "essay_scoreT_cont": [
        [
          3,
          3,
          3,
          3
        ],
        [
          3,
          3,
          2,
          3
        ],
        [
          3,
          3,
          3,
          3
        ]
      ],
      "essay_scoreT_exp": [
        [
          3,
          3,
          3
        ],
        [
          3,
          3,
          3
        ],
        [
          2,
          3,
          3
        ]
      ]
    }
  },
  "student": {
    "date": "2021.12.13",
    "student_educated": true,
    "student_grade": "고등_1학년",
    "location": "063",
    "student_grade_group": "고등",
    "student_reading": 2
  },
  "rubric": {
    "essay_grade": "고등_1학년",
    "organization_weight": {
      "org_paragraph": 0,
      "org": 3,
      "org_essay": 6,
      "org_coherence": 3,
      "org_quantity": 1
    },
    "essay_type": "대안제시",
    "content_weight": {
      "con_clearance": 3,
      "con_novelty": 3,
      "con": 4,
      "con_prompt": 1,
      "con_description": 3
    },
    "essay_main_subject": "남녀 갈등 해결 방안",
    "expression_weight": {
      "exp_style": 4,
      "exp_grammar": 2,
      "exp_vocab": 4,
      "exp": 3
    }
  },
  "correction": [],
  "info": {
    "essay_id": "ESSAY_62477",
    "essay_prompt": " 남녀 갈등은 최근 우리 사회에서 가장 뜨거운 이슈 중 하나입니다. 이러한 갈등은 아직 간극을 좁히지 못하고 현재 사회적인 문제로 자리 잡았습니다.\n\n 군 가산점 문제, 일자리 문제 등 여러 가지 비교 자료들을 토대로 토론을 하고 이를 통해 갈등을 해결하고자 하는 노력이 이루어지고 있습니다.\n\n 과거에는 성차별 심했던 시기가 있었습니다. 여자와 남자를 구별 지어 일을 주는 경우도 많았습니다. 하지만, 현재는 여자와 남자라는 성별을 떠나서 나이, 국적을 불문하고 모두에게 평등한 기회를 주기 위해 노력하고 있습니다.\n\n 이렇게 모두의 노력에도 불구하고 아직 해결되지 않았거나 해결될 기미가 보이지 않는 양성평등 문제가 있을까요?\n\n 아주 작은 사소한 일이라도 좋습니다. 여러분이 생각하는 우리 주변의 양성평등 문제를 하나 작성해보고 어떻게 해결할 수 있을지 혹은 무엇이 바뀌어야 해결될 것 같은지 본인의 생각을 설명해주세요. ",
    "essay_type": "대안제시",
    "essay_level": "1",
    "essay_len": 812,
    "essay_main_subject": "남녀 갈등 해결 방안"
  }
}