{
  "paragraph": [
    {
      "paragraph_txt": "요즈음 남녀 갈등이 최고조로 일고 있다.#@문장구분# 뉴스에서는 심심하다 싶으면 젠더문제로 인한 사건을 보도하고 있다.#@문장구분# 필자는 이런 상황을 처음에는 관심을 가지지 않았는데, 가면 갈수록 심해지는걸 보고 관련 자료를 찾아보기 시작했다.#@문장구분# 2000년대 초반부터 크고 작은 사건으로 시작해서 필자가 생각하기에 요즘 남녀갈등이 심해진 계기로 생각되는 남성대표 연대 성재기의 한강 투신사건까지는 크게 문제될건 없어보인다.#@문장구분#\n하지만 성재기의 투신 이후 소위 '불편한 사람'들이 많아졌다고 생각한다.#@문장구분# 2014년에는 홍철아 장가가자 라는 프로그램이 무한도전에서 방영되었다.#@문장구분# 불편한 사람들이 클레임을 걸어 결국 2부가 취소되고 제작진들이 사과하였다.#@문장구분# 2015년 나는 페미니스트입니다 해시태그 운동, 이후  메갈리아 탄생까지 레디컬 페미니스트들이 나오면서 본격적인 젠더분쟁이 시작됬다고 생각한다.#@문장구분# 원래 페미니즘은 여성이 남성과 같아지는, 양성이 평등해지는 그런 사상이였는데 점차 변질되면서 레디컬 페미니스트들이 나오기 시작했다. #@문장구분#또 PC(political correctness)주의자들이 나오기 시작하면서 불편한 사람이 늘어나고 있다. #@문장구분#이 두 단체들의 공통점은 평등을 내세워서 자신이 불편한것들, 자신이 보기 싫은것들을 없애버리려고 하는 성향이 있다.#@문장구분#\n21년 5월 26~27일 한국일보에서 성인을 대상으로한 여론조사결과 페미니즘 페미니스트에 거부감이든다에 52.7%가 동의하였고 35.8%가 동의하지 않는다고 했으며 나머지는 잘 모른다고 답변했다. #@문장구분#우리나라 국민의 절반 정도가 무엇이 잘못되었는지 인지하고 있지 못한다고 말할수도 있다. #@문장구분#우리는 이러한 현상을 바로잡기 위해 사회적 전반에 걸쳐 노력이 필요한데  열등감이 생기니까 세상을 부정적으로 바라보고 어떠한 현상에 대해 불편하게 바라본다고 생각한다.#@문장구분# 그러니까 떼쓰듯이 나 이거 싫다고 징징대는 것이다.#@문장구분# 따라서 사회에선 더욱 노력을 중요하게 여겨 가만히 앉아서 떼만쓰는 사람들보단 자신이 미래를 위해 노력하고 열심히 나아가는 사람을 더욱 주목해 자연스럽게 도태되게 만들어야 한다고 생각한다.#@문장구분# 그러면 세상을 불편하게 바라보는 사람들은 없어질거라고 생각한다.#@문장구분#",
      "paragraph_len": 1401,
      "paragraph_id": "001"
    }
  ],
  "score": {
    "paragraph_score": [
      {
        "paragraph_scoreT": [
          3,
          3,
          2
        ],
        "paragraph_scoreT_detail": {
          "paragraph_scoreT_exp": [
            [
              3,
              3,
              3
            ],
            [
              3,
              3,
              3
            ],
            [
              2,
              2,
              2
            ]
          ]
        },
        "paragraph_scoreT_avg": 2.6666667,
        "paragraph_id": "001"
      }
    ],
    "essay_scoreT": [
      30,
      30,
      23.6
    ],
    "essay_scoreT_avg": 27.866667,
    "essay_scoreT_detail": {
      "essay_scoreT_org": [
        [
          3,
          0,
          3,
          3
        ],
        [
          3,
          0,
          3,
          3
        ],
        [
          2,
          0,
          3,
          3
        ]
      ],
      "essay_scoreT_cont": [
        [
          3,
          3,
          3,
          3
        ],
        [
          3,
          3,
          3,
          3
        ],
        [
          3,
          2,
          2,
          3
        ]
      ],
      "essay_scoreT_exp": [
        [
          3,
          3,
          3
        ],
        [
          3,
          3,
          3
        ],
        [
          2,
          2,
          2
        ]
      ]
    }
  },
  "student": {
    "date": "2021.08.02",
    "student_educated": true,
    "student_grade": "고등_1학년",
    "location": "063",
    "student_grade_group": "고등",
    "student_reading": 1
  },
  "rubric": {
    "essay_grade": "고등_1학년",
    "organization_weight": {
      "org_paragraph": 0,
      "org": 3,
      "org_essay": 6,
      "org_coherence": 3,
      "org_quantity": 1
    },
    "essay_type": "대안제시",
    "content_weight": {
      "con_clearance": 3,
      "con_novelty": 3,
      "con": 4,
      "con_prompt": 1,
      "con_description": 3
    },
    "essay_main_subject": "남녀 갈등 해결 방안",
    "expression_weight": {
      "exp_style": 4,
      "exp_grammar": 2,
      "exp_vocab": 4,
      "exp": 3
    }
  },
  "correction": [],
  "info": {
    "essay_id": "ESSAY_34278",
    "essay_prompt": " 남녀 갈등은 최근 우리 사회에서 가장 뜨거운 이슈 중 하나입니다. 이러한 갈등은 아직 간극을 좁히지 못하고 현재 사회적인 문제로 자리 잡았습니다.\n\n 군 가산점 문제, 일자리 문제 등 여러 가지 비교 자료들을 토대로 토론을 하고 이를 통해 갈등을 해결하고자 하는 노력이 이루어지고 있습니다.\n\n 과거에는 성차별 심했던 시기가 있었습니다. 여자와 남자를 구별 지어 일을 주는 경우도 많았습니다. 하지만, 현재는 여자와 남자라는 성별을 떠나서 나이, 국적을 불문하고 모두에게 평등한 기회를 주기 위해 노력하고 있습니다.\n\n 이렇게 모두의 노력에도 불구하고 아직 해결되지 않았거나 해결될 기미가 보이지 않는 양성평등 문제가 있을까요?\n\n 아주 작은 사소한 일이라도 좋습니다. 여러분이 생각하는 우리 주변의 양성평등 문제를 하나 작성해보고 어떻게 해결할 수 있을지 혹은 무엇이 바뀌어야 해결될 것 같은지 본인의 생각을 설명해주세요. ",
    "essay_type": "대안제시",
    "essay_level": "1",
    "essay_len": 1083,
    "essay_main_subject": "남녀 갈등 해결 방안"
  }
}