{
  "paragraph": [
    {
      "paragraph_txt": "혐오시설은 주민들과 정부가 협의해 주민들이 이해를 하되 정부가 약간의 혜택을 주는 방향으로 갔으면 좋겠다고 생각합니다.#@문장구분# 쓰래기 매립지,소각장,유류정재소,원자력 발전소등 매우 크게 위험하지는 않지만 집값이 떨어지거나 다른 이유등으로 반대운동이나 시위가 일어납니다.#@문장구분# 하지만 이러한 시설은 우리들의 삶에 꼭 필요한것이고 누군가는 담당해야 할일 입니다.#@문장구분# \"나만아니면 돼\"라는 생각으로 미루고 미루다 보면 결국 우리 전체가 피해를 입게 됩니다.#@문장구분# 그리고 일본의 사례를 예로 들어보자면 일본의 한 소각장은 주민들의 양해를 구하고 소각장의 건물 외형을 독특하고 아름답게 짓고\n 오염수치검사,유독성 폐기물 반입을 철저히 금지하여 주민들의 마음을 열게하여 지금은 대표 관광지,랜드마크로 자리 잡게 되었습니다.#@문장구분# 우리나라도 안정성 검사를 철저히 하고,그 수치를 눈으로 확실히 보여주고 주민들의 설득을 얻고 이해를 받으면 모두가 행복하고 더 나아갈수 있는 것이 됩니다.#@문장구분#\n예를 들어 쓰래기 소각장만들지 않으면 쓰래기를 매립하는 양이 많아지고 토지오염이 됩니다.#@문장구분# 또 원자력 발전소를 짓지 않으면 우리 쓸 에너지가 없어집니다.#@문장구분# 지금은 괞찮겠지만 언젠가는 우리에게 되돌아 올것입니다.#@문장구분# 그래서 저의 생각은 정부가 주민들의 마음을 열만한 혜택이나 방안을 제시하고 거주 주민들을 자신들이 조금은 피해를 입더라도 우리들의 미래를 위하여 한빌자국 물러서주는 것이 좋다고 생각합니다.#@문장구분# 그리고 또 일본의 사례처럼 소각장의 디자인을 독특하게 하거나 다른 아이디어를 제시하여 정부차원에서 조금은 돈이 들더라도 주민들의 생각을 바꾸고 인식을 바꾸고 그들을 이해 시키는 것이 우선이라고 생각합니다.#@문장구분# 서로 이해하고 화합하여 서로를 존중하고 배려하는 사회가 되어 혐오시설 설치에 대한 문제가 조속히 해결되는 사회가 되었으면 좋겠습니다.#@문장구분# 서로서로 화합을 이루며 행복하게 생활합시다.#@문장구분#",
      "paragraph_len": 1170,
      "paragraph_id": "001"
    }
  ],
  "score": {
    "paragraph_score": [
      {
        "paragraph_scoreT": [
          3,
          2.8,
          2.8
        ],
        "paragraph_scoreT_detail": {
          "paragraph_scoreT_exp": [
            [
              3,
              3,
              3
            ],
            [
              2,
              3,
              3
            ],
            [
              2,
              3,
              3
            ]
          ]
        },
        "paragraph_scoreT_avg": 2.8666668,
        "paragraph_id": "001"
      }
    ],
    "essay_scoreT": [
      30,
      29.4,
      26.599998
    ],
    "essay_scoreT_avg": 28.666666,
    "essay_scoreT_detail": {
      "essay_scoreT_org": [
        [
          3,
          0,
          3,
          3
        ],
        [
          3,
          0,
          3,
          3
        ],
        [
          3,
          0,
          3,
          3
        ]
      ],
      "essay_scoreT_cont": [
        [
          3,
          3,
          3,
          3
        ],
        [
          3,
          3,
          3,
          3
        ],
        [
          2,
          2,
          2,
          3
        ]
      ],
      "essay_scoreT_exp": [
        [
          3,
          3,
          3
        ],
        [
          2,
          3,
          3
        ],
        [
          2,
          3,
          3
        ]
      ]
    }
  },
  "student": {
    "date": "2021.11.12",
    "student_educated": true,
    "student_grade": "고등_1학년",
    "location": "054",
    "student_grade_group": "고등",
    "student_reading": 1
  },
  "rubric": {
    "essay_grade": "고등_1학년",
    "organization_weight": {
      "org_paragraph": 0,
      "org": 3,
      "org_essay": 6,
      "org_coherence": 3,
      "org_quantity": 1
    },
    "essay_type": "대안제시",
    "content_weight": {
      "con_clearance": 3,
      "con_novelty": 3,
      "con": 4,
      "con_prompt": 1,
      "con_description": 3
    },
    "essay_main_subject": "혐오시설 건설문제에 대한 본인의 생각",
    "expression_weight": {
      "exp_style": 4,
      "exp_grammar": 2,
      "exp_vocab": 4,
      "exp": 3
    }
  },
  "correction": [],
  "info": {
    "essay_id": "ESSAY_44240",
    "essay_prompt": " 혐오 시설이란 지역 주민에게 공포감이나 고통을 주거나, 주변 지역의 쾌적성이 훼손됨으로써 집값이나 땅값이 내려가는 등 부정적인 외부효과를 유발하는 시설을 의미합니다.\n\n 대표적인 혐오 시설에는 쓰레기 매립장, 원자력발전소, 소각장, 유류저장소 등이 있습니다.\n\n 매립지, 소각장, 쓰레기 하치장 같은 혐오 시설은 그리 위험하지는 않지만, 쓰레기를 취급한다는 점에서 혐오감을 주며, 주변 환경오염 문제가 갈등을 일으킵니다. 특히 소각장은 인구밀도가 높은 대도시에 건설된다는 점에서 반대 운동이 일기도 합니다.\n\n 그런데 서로 반대만 하다 보면 입지를 찾지 못해 결국 모든 주민의 삶의 질이 저하될 수 있습니다.\n\n 정부 차원에서 가장 적절한 장소를 선별하여 건설 후 주변 사람들에게 혜택을 주는 방식이 적절한 방법일까요? 아니면 혐오 시설만을 모아둔 부지를 따로 정해서 건설해야 할까요? 아니면 모든 도시가 공평하게 혐오 시설 건설에 대한 부담을 지니고 하나씩 건설해야 할까요?\n\n 모두가 만족할만한 결과를 내기란 정말 어려운 문제이지만 여러분이 생각하는 가장 합리적이고 좋은 방법을 생각해보세요. 그리고 그 방법을 대안으로 제시하고 그 근거에 대해 작성해주세요.",
    "essay_type": "대안제시",
    "essay_level": "1",
    "essay_len": 910,
    "essay_main_subject": "혐오시설 건설문제에 대한 본인의 생각"
  }
}