{
  "paragraph": [
    {
      "paragraph_txt": "우리가 사는 사회에는 여러 가지 형태의 필요한 혐오시설은 많다.#@문장구분# 그렇지만 이런 혐오시설을 아무런 지역적 특성이나 주민 의견의 반영 없이 설치하는 것에 매우 반대한다.#@문장구분# 지역을 잘 찾아보면 거주민이 거의 없어 주민들의 반발이 없을 만한 외진 지역이 있을 것인데 그런 곳을 찾지 않고 접근의 편의성이나 기타 여러 가지 이유로 앞으로 발전 가능한 지역에 혐오시설을 설치하겠다 계획이 나왔을 때는 이해가 되지 않았다.#@문장구분# 예전에 살던 지역에 화장터가 있었는데 지자체에서 그 지역의 발전을 위해 있던 화장터도 허물어 없앤 적이 있다.#@문장구분# 각 지자체는 지역선정에 온 힘을 쏟아서 선정해야 한다.#@문장구분# 그러나 꼭 필요한 시설이라면 무턱대고 계속 반대할 수 없는 노릇이지만 시설이 들어와서 피해가 생긴다면 찬성할 사람은 아무도 없을 것이다.#@문장구분# 뿐만 아니라 만약 생존권이 걸린 문제라면 더욱 그렇지 않겠는가.#@문장구분# 시설의 설립 계획 사전단계에서부터 주민들과 사업자, 행정 간에 의견 청취를 충분히 하고 서로 인정할 수 있는 합의사항을 이루어내야 한다고 생각한다.#@문장구분# 물론 가장 좋은 것은 인근 주민들에게 피해가 안 갈 수 있는 곳으로 사업지를 선정하는 것이겠지만 그게 힘들다면 피해를 최소화할 수 있도록 서로 서로 이야기하고 협력해야 한다고 생각한다.#@문장구분# 서로의 중간인 합의점을 찾아서 주민들에게 필요한 도움을 주거나 그에따른 시설이 생겼을 때 피해가 없도록 대책이 필요할 것이다.#@문장구분# 이런 문제를 슬기롭게 풀어나간 타 지역을 벤치마킹할 필요도 있을 것이다.#@문장구분# 지역선정, 주민과의 대화시도, 적정수준의 반대급부, 이후 관리 등 다양한 사례를 수집해 모델로 삼는 것도 방법이라 생각한다.#@문장구분# 어쨌든 어느곳에서나 어느시점에 혐오시설이라는 곳도 생겨야 하는데 그런 대책을 위해서 그에따른 자료들을 수집을 하고 기존 혐오시설들이 생긴곳들을 방문하여서 도움을 받는것도 큰 도움이 될 꺼라 생각된다. #@문장구분#추후에 생길 혐오시설에 대한 배려라고 생각된다.#@문장구분#",
      "paragraph_len": 1222,
      "paragraph_id": "001"
    }
  ],
  "score": {
    "paragraph_score": [
      {
        "paragraph_scoreT": [
          3,
          3,
          3
        ],
        "paragraph_scoreT_detail": {
          "paragraph_scoreT_exp": [
            [
              3,
              3,
              3
            ],
            [
              3,
              3,
              3
            ],
            [
              3,
              3,
              3
            ]
          ]
        },
        "paragraph_scoreT_avg": 3,
        "paragraph_id": "001"
      }
    ],
    "essay_scoreT": [
      28.8,
      30,
      30
    ],
    "essay_scoreT_avg": 29.6,
    "essay_scoreT_detail": {
      "essay_scoreT_org": [
        [
          3,
          0,
          3,
          3
        ],
        [
          3,
          0,
          3,
          3
        ],
        [
          3,
          0,
          3,
          3
        ]
      ],
      "essay_scoreT_cont": [
        [
          3,
          2,
          3,
          3
        ],
        [
          3,
          3,
          3,
          3
        ],
        [
          3,
          3,
          3,
          3
        ]
      ],
      "essay_scoreT_exp": [
        [
          3,
          3,
          3
        ],
        [
          3,
          3,
          3
        ],
        [
          3,
          3,
          3
        ]
      ]
    }
  },
  "student": {
    "date": "2021.11.18",
    "student_educated": true,
    "student_grade": "고등_1학년",
    "location": "063",
    "student_grade_group": "고등",
    "student_reading": 2
  },
  "rubric": {
    "essay_grade": "고등_1학년",
    "organization_weight": {
      "org_paragraph": 0,
      "org": 3,
      "org_essay": 6,
      "org_coherence": 3,
      "org_quantity": 1
    },
    "essay_type": "대안제시",
    "content_weight": {
      "con_clearance": 3,
      "con_novelty": 3,
      "con": 4,
      "con_prompt": 1,
      "con_description": 3
    },
    "essay_main_subject": "혐오시설 건설문제에 대한 본인의 생각",
    "expression_weight": {
      "exp_style": 4,
      "exp_grammar": 2,
      "exp_vocab": 4,
      "exp": 3
    }
  },
  "correction": [],
  "info": {
    "essay_id": "ESSAY_47355",
    "essay_prompt": " 혐오 시설이란 지역 주민에게 공포감이나 고통을 주거나, 주변 지역의 쾌적성이 훼손됨으로써 집값이나 땅값이 내려가는 등 부정적인 외부효과를 유발하는 시설을 의미합니다.\n\n 대표적인 혐오 시설에는 쓰레기 매립장, 원자력발전소, 소각장, 유류저장소 등이 있습니다.\n\n 매립지, 소각장, 쓰레기 하치장 같은 혐오 시설은 그리 위험하지는 않지만, 쓰레기를 취급한다는 점에서 혐오감을 주며, 주변 환경오염 문제가 갈등을 일으킵니다. 특히 소각장은 인구밀도가 높은 대도시에 건설된다는 점에서 반대 운동이 일기도 합니다.\n\n 그런데 서로 반대만 하다 보면 입지를 찾지 못해 결국 모든 주민의 삶의 질이 저하될 수 있습니다.\n\n 정부 차원에서 가장 적절한 장소를 선별하여 건설 후 주변 사람들에게 혜택을 주는 방식이 적절한 방법일까요? 아니면 혐오 시설만을 모아둔 부지를 따로 정해서 건설해야 할까요? 아니면 모든 도시가 공평하게 혐오 시설 건설에 대한 부담을 지니고 하나씩 건설해야 할까요?\n\n 모두가 만족할만한 결과를 내기란 정말 어려운 문제이지만 여러분이 생각하는 가장 합리적이고 좋은 방법을 생각해보세요. 그리고 그 방법을 대안으로 제시하고 그 근거에 대해 작성해주세요.",
    "essay_type": "대안제시",
    "essay_level": "1",
    "essay_len": 942,
    "essay_main_subject": "혐오시설 건설문제에 대한 본인의 생각"
  }
}