{
  "paragraph": [
    {
      "paragraph_txt": "최근 남녀차별을 해결하기 위해 많은 노력들을 하고있다.#@문장구분# 남녀차별 즉 성차별이란 성별의 차이로 인해 특정 사회나 단체에서 평등한 지위와 권리를 누리지 못하고 차별받는 것을 말한다.#@문장구분# 남자입장에서 생각해보면 여성들은 자신들이 사회적 약자라는 피해의식을 이용하여 남녀갈등을 부추긴다고 보인다.#@문장구분# 예를 들어 남녀사이에 어떤 문제가 발생했을 때 피해자가 여성이라면 몇몇 여성들은 ''남자가 때렸네'', ''여자니까 맞았네''라는 피해의식을 사회활동에 반영하여 차별을 논하곤 한다.#@문장구분# 여자 입장에서도 생각해보자.#@문장구분# 여자 입장에서도 인식이 안 좋은 점이 당연히 있다.#@문장구분# 대표적으로 직업차원에서의 차이가 있다.#@문장구분# 남자가 군인이거나 운동선수이면 다들 평범하게 받아들이지만, 여자가 이런 직업을 가진다면 다들 좋은 눈빛으로 보지는 않을 것이다.#@문장구분# 채용 면에서도 그렇다.#@문장구분# 육군사관학교의 경우 남 240명, 여 40명으로 여자를 훨씬 적게 뽑는 경우가 있다.#@문장구분# 남녀차별의 원인 중 남자입장에서 보았을 때, 위의 남녀차별에 대한 남자의 인식과 같이 여성들에게만 피해가 간다는 의식이 있다.#@문장구분# 모든 여성들이 그렇다는 것은 아니지만 몇몇 여성들은 이러한 피해의식을 이용하여 힘들고 어려운 일들은 대부분 남자에게 시키고 입으로는 임금 차이에 대해 말한다던지 여자는 경찰, 소방수, 군인 등의 기준을 낮춰야한다고 말하면서 한쪽에서는 평등을 논한다던지의 무책임하면서도 모순적인 이런 피해의식이 원인이 되는 것 같다.#@문장구분# 옛날 사상으로부터의 고정관념 중 여자의 입장은 집안일은 대부분 아내가 해야한다는 유교적 고정관념, 남아선호사상이 있다.#@문장구분# 구체적으로 과거 낳은 아이가 딸일 경우, 심하면 고의적으로 살해시키는 경우가 있었다.#@문장구분# 여자는 하인처럼 살아야한다는 남존여비사상이 있고 시민혁명, 산업혁명 이후엔 남성에게만 선거권이 주어졌었다.#@문장구분# 남녀차별의 해결방안에서 첫째 남성은 여성이라고 깔보지 않고 여성은 남성에게 의존하지 않는다.#@문장구분# 둘째, 한 가지 일에 대해 누가 더 잘한다라고 성차별 하지 않기.#@문장구분# 셋째, 직업을 가질 때 자신이 갖고있는 재능을 맘껏 활용하는 분야를 선택한다.#@문장구분# 적성에 맞지만 남성 또는 여성이 하는일이라서 안 된다는 생각을 없애야 한다.#@문장구분# 넷째, 학교에선 남자, 여자를 똑같이 대해야한다.#@문장구분# 신체적을 따지지 말고 정신적인 것은 동등하게 배워야한다.#@문장구분# 남녀가 서로 화합하는 상호보완적인 관계가 되면서 부족한 부분을 채워줄 수 있다.#@문장구분# 남녀차별을 하지 말자.#@문장구분#",
      "paragraph_len": 1638,
      "paragraph_id": "001"
    }
  ],
  "score": {
    "paragraph_score": [
      {
        "paragraph_scoreT": [
          2.6,
          3,
          3
        ],
        "paragraph_scoreT_detail": {
          "paragraph_scoreT_exp": [
            [
              3,
              3,
              2
            ],
            [
              3,
              3,
              3
            ],
            [
              3,
              3,
              3
            ]
          ]
        },
        "paragraph_scoreT_avg": 2.8666668,
        "paragraph_id": "001"
      }
    ],
    "essay_scoreT": [
      27.599998,
      30,
      28.2
    ],
    "essay_scoreT_avg": 28.6,
    "essay_scoreT_detail": {
      "essay_scoreT_org": [
        [
          3,
          0,
          3,
          3
        ],
        [
          3,
          0,
          3,
          3
        ],
        [
          2,
          0,
          3,
          3
        ]
      ],
      "essay_scoreT_cont": [
        [
          3,
          2,
          3,
          3
        ],
        [
          3,
          3,
          3,
          3
        ],
        [
          3,
          3,
          3,
          3
        ]
      ],
      "essay_scoreT_exp": [
        [
          3,
          3,
          2
        ],
        [
          3,
          3,
          3
        ],
        [
          3,
          3,
          3
        ]
      ]
    }
  },
  "student": {
    "date": "2021.11.19",
    "student_educated": true,
    "student_grade": "고등_1학년",
    "location": "051",
    "student_grade_group": "고등",
    "student_reading": 1
  },
  "rubric": {
    "essay_grade": "고등_1학년",
    "organization_weight": {
      "org_paragraph": 0,
      "org": 3,
      "org_essay": 6,
      "org_coherence": 3,
      "org_quantity": 1
    },
    "essay_type": "대안제시",
    "content_weight": {
      "con_clearance": 3,
      "con_novelty": 3,
      "con": 4,
      "con_prompt": 1,
      "con_description": 3
    },
    "essay_main_subject": "남녀 갈등 해결 방안",
    "expression_weight": {
      "exp_style": 4,
      "exp_grammar": 2,
      "exp_vocab": 4,
      "exp": 3
    }
  },
  "correction": [],
  "info": {
    "essay_id": "ESSAY_48460",
    "essay_prompt": " 남녀 갈등은 최근 우리 사회에서 가장 뜨거운 이슈 중 하나입니다. 이러한 갈등은 아직 간극을 좁히지 못하고 현재 사회적인 문제로 자리 잡았습니다.\n\n 군 가산점 문제, 일자리 문제 등 여러 가지 비교 자료들을 토대로 토론을 하고 이를 통해 갈등을 해결하고자 하는 노력이 이루어지고 있습니다.\n\n 과거에는 성차별 심했던 시기가 있었습니다. 여자와 남자를 구별 지어 일을 주는 경우도 많았습니다. 하지만, 현재는 여자와 남자라는 성별을 떠나서 나이, 국적을 불문하고 모두에게 평등한 기회를 주기 위해 노력하고 있습니다.\n\n 이렇게 모두의 노력에도 불구하고 아직 해결되지 않았거나 해결될 기미가 보이지 않는 양성평등 문제가 있을까요?\n\n 아주 작은 사소한 일이라도 좋습니다. 여러분이 생각하는 우리 주변의 양성평등 문제를 하나 작성해보고 어떻게 해결할 수 있을지 혹은 무엇이 바뀌어야 해결될 것 같은지 본인의 생각을 설명해주세요. ",
    "essay_type": "대안제시",
    "essay_level": "1",
    "essay_len": 1178,
    "essay_main_subject": "남녀 갈등 해결 방안"
  }
}