{
  "paragraph": [
    {
      "paragraph_txt": "요즘, 남자들 혐오하는 이상한 페미니스트들과, 여자들 혐오하는 남자들이 많이 생겨났다. #@문장구분#몇 년 전, 우리나라에서 묻지마 살인이 여러번 일어났었다.#@문장구분# 그 사건의 피해자가 대부분 여자였다. #@문장구분#그래서 몇몇 이상한 사람들이 여자라서 당했다고 물타기를 하였다. #@문장구분#그 뒤로 점점 남혐이 생기더니 페미에 대항한다는 핑계로 여혐하는 사람들이 생겼다.#@문장구분# ",
      "paragraph_len": 285,
      "paragraph_id": "001"
    },
    {
      "paragraph_txt": "첫 번째, 사회적으로  생각한다.#@문장구분# 그런 사이트에서 사람들이 남혐, 여혐 글쓰고 댓글로 물타기 하다가 그 글이나 게시물들이 각종 sns, 뉴스에 올라가면서 또 다시 많은 사람들이 남혐, 여혐을 하게 될 수도 있기 때문이다.#@문장구분# ",
      "paragraph_len": 177,
      "paragraph_id": "002"
    },
    {
      "paragraph_txt": "두 번째, 정부기관이나 대학교수 등과 같은 높은 사람들이 힘을 써야한다.#@문장구분# 대표적으로 #@이름# 교수의 논문이 문제가 되고 있다.#@문장구분# 논문의 내용에 한국의 어린아이들을 한남유충에 빗대고 나중에 커서는 한남충이 된다는 내용이었다. #@문장구분#여성가족부도 많은 예산을 받아서  이런 일들을 정부에서 막거나 그 기관을 폐지하고, ",
      "paragraph_len": 271,
      "paragraph_id": "003"
    },
    {
      "paragraph_txt": "마지막으로, #@문장구분# 오히려 외국에서는 여성전용주차장이 여성을 차별하는 것이라고 한다.#@문장구분# 여성과 남성이 같은 범죄를 저질러도 여자가 가벼운 형벌을 받을 때도 있다.#@문장구분# #@문장구분# 이렇게 악순환이 되면서 남혐, 여혐은 심해져간다.#@문장구분# 이것 말고도 대안은 많겠지만, 하루 빨리 좋은 대안이 나와서 남혐, 여혐 없던 한국으로 돌아가길 바란다.#@문장구분#",
      "paragraph_len": 320,
      "paragraph_id": "004"
    }
  ],
  "score": {
    "paragraph_score": [
      {
        "paragraph_scoreT": [
          3,
          2.2,
          1.8
        ],
        "paragraph_scoreT_detail": {
          "paragraph_scoreT_exp": [
            [
              3,
              3,
              3
            ],
            [
              3,
              2,
              2
            ],
            [
              1,
              2,
              2
            ]
          ]
        },
        "paragraph_scoreT_avg": 2.3333333,
        "paragraph_id": "001"
      },
      {
        "paragraph_scoreT": [
          3,
          2.2,
          1.8
        ],
        "paragraph_scoreT_detail": {
          "paragraph_scoreT_exp": [
            [
              3,
              3,
              3
            ],
            [
              3,
              2,
              2
            ],
            [
              1,
              2,
              2
            ]
          ]
        },
        "paragraph_scoreT_avg": 2.3333333,
        "paragraph_id": "002"
      },
      {
        "paragraph_scoreT": [
          3,
          2.2,
          1.8
        ],
        "paragraph_scoreT_detail": {
          "paragraph_scoreT_exp": [
            [
              3,
              3,
              3
            ],
            [
              3,
              2,
              2
            ],
            [
              1,
              2,
              2
            ]
          ]
        },
        "paragraph_scoreT_avg": 2.3333333,
        "paragraph_id": "003"
      },
      {
        "paragraph_scoreT": [
          3,
          2.2,
          1.8
        ],
        "paragraph_scoreT_detail": {
          "paragraph_scoreT_exp": [
            [
              3,
              3,
              3
            ],
            [
              3,
              2,
              2
            ],
            [
              1,
              2,
              2
            ]
          ]
        },
        "paragraph_scoreT_avg": 2.3333333,
        "paragraph_id": "004"
      }
    ],
    "essay_scoreT": [
      30,
      24.5,
      22.699999
    ],
    "essay_scoreT_avg": 25.733332,
    "essay_scoreT_detail": {
      "essay_scoreT_org": [
        [
          3,
          0,
          3,
          3
        ],
        [
          3,
          0,
          3,
          2
        ],
        [
          2,
          0,
          3,
          2
        ]
      ],
      "essay_scoreT_cont": [
        [
          3,
          3,
          3,
          3
        ],
        [
          3,
          2,
          2,
          2
        ],
        [
          3,
          2,
          2,
          3
        ]
      ],
      "essay_scoreT_exp": [
        [
          3,
          3,
          3
        ],
        [
          3,
          2,
          2
        ],
        [
          1,
          2,
          2
        ]
      ]
    }
  },
  "student": {
    "date": "2021.09.07",
    "student_educated": true,
    "student_grade": "고등_1학년",
    "location": "051",
    "student_grade_group": "고등",
    "student_reading": 2
  },
  "rubric": {
    "essay_grade": "고등_1학년",
    "organization_weight": {
      "org_paragraph": 0,
      "org": 3,
      "org_essay": 6,
      "org_coherence": 3,
      "org_quantity": 1
    },
    "essay_type": "대안제시",
    "content_weight": {
      "con_clearance": 3,
      "con_novelty": 3,
      "con": 4,
      "con_prompt": 1,
      "con_description": 3
    },
    "essay_main_subject": "남녀 갈등 해결 방안",
    "expression_weight": {
      "exp_style": 4,
      "exp_grammar": 2,
      "exp_vocab": 4,
      "exp": 3
    }
  },
  "correction": [],
  "info": {
    "essay_id": "ESSAY_34234",
    "essay_prompt": " 남녀 갈등은 최근 우리 사회에서 가장 뜨거운 이슈 중 하나입니다. 이러한 갈등은 아직 간극을 좁히지 못하고 현재 사회적인 문제로 자리 잡았습니다.\n\n 군 가산점 문제, 일자리 문제 등 여러 가지 비교 자료들을 토대로 토론을 하고 이를 통해 갈등을 해결하고자 하는 노력이 이루어지고 있습니다.\n\n 과거에는 성차별 심했던 시기가 있었습니다. 여자와 남자를 구별 지어 일을 주는 경우도 많았습니다. 하지만, 현재는 여자와 남자라는 성별을 떠나서 나이, 국적을 불문하고 모두에게 평등한 기회를 주기 위해 노력하고 있습니다.\n\n 이렇게 모두의 노력에도 불구하고 아직 해결되지 않았거나 해결될 기미가 보이지 않는 양성평등 문제가 있을까요?\n\n 아주 작은 사소한 일이라도 좋습니다. 여러분이 생각하는 우리 주변의 양성평등 문제를 하나 작성해보고 어떻게 해결할 수 있을지 혹은 무엇이 바뀌어야 해결될 것 같은지 본인의 생각을 설명해주세요. ",
    "essay_type": "대안제시",
    "essay_level": "1",
    "essay_len": 884,
    "essay_main_subject": "남녀 갈등 해결 방안"
  }
}