{
  "paragraph": [
    {
      "paragraph_txt": "우리나라는 조선시대부터 유교적 전통이 이어져 내려온 국가 입니다.#@문장구분# 유교적 전통이 매우 강하기 때문에 집안에서의 남녀 구분이 분명하고 역할도 확실히 나누어져 있는 모습이 많이 보여지고 있습니다.#@문장구분# 그리고 이런 모습은 시골로 내려갈수록 더욱 많이 나타난다고 합니다.#@문장구분# 명절이나 제사때가 되면 저희 어머니는 명절증후군, 제사증후군에 걸리십니다.#@문장구분# 허리도 아프시고 팔목도 시리시고 화가 머리끝까지 올라와 있는 것 같아서 되도록이면 말을 걸지 않으려고 노력합니다.#@문장구분# 그런데 그도 그럴것이 명절이 되어 할머니집에 내려가게 되면 어머니는 너무 많은 역할을 소화해 내셔야 합니다.#@문장구분# 며느리, 종부, 엄마, 아내 이렇게 네가지 역할을 소화하시느라 구슬땀을 흘리시고 다섯채반이 넘는 전과 떡과 나물, 생선들, 고기손질까지 하시느라 허리를 펴실수 없으십니다.#@문장구분# 반면 아버지는 장손이시고 아들이시기에 그리고 가장으로서 회사다니며 돈버시느라 힘드셨기에 안방 아랫목에서 낮잠을 주무십니다.#@문장구분# 그렇다고 어머니가 전업주부도 아니신데 할머니는 어머니가 돈버느라 고생한다는 소리는 않하십니다.#@문장구분# 이렇듯 명절이 되면 남녀차별이 확연히 가정내에서 발생합니다.#@문장구분# 어머니는 저에게 결혼은 하지 않는 것도 괜찮은 것 같으니 너의 인생을 즐기며 살라고 말씀하십니다.#@문장구분# 이 말씀은 그녀가 자신의 인생을 즐기고 살고 싶다는 소원을 말하는 것 같아서 마음이 많이 아팠습니다.#@문장구분# 그런데 이런 가정에서 자란 제가 나중에 제인생만 생각하며 살수 있을까요?#@문장구분# 보고 배운것이 도둑질이라는 말이 있습니다.#@문장구분# 저는 저도 모르게 여자는 요리도 잘해야 하고 어머니처럼 희생적인 어머니상이 최고의 어머니아닐까 생각합니다.#@문장구분# 그럼 저도 나중에 그런 희생하는 어머니가 되지 않을까요?#@문장구분# 저는 오늘 어머니께 말씀드릴껍니다.#@문장구분# \"어머니 인생을 즐기면서 사세요. 이제 그만 하셔도 됩니다\".#@문장구분#",
      "paragraph_len": 1248,
      "paragraph_id": "001"
    }
  ],
  "score": {
    "paragraph_score": [
      {
        "paragraph_scoreT": [
          3,
          2.8,
          3
        ],
        "paragraph_scoreT_detail": {
          "paragraph_scoreT_exp": [
            [
              3,
              3,
              3
            ],
            [
              2,
              3,
              3
            ],
            [
              3,
              3,
              3
            ]
          ]
        },
        "paragraph_scoreT_avg": 2.9333334,
        "paragraph_id": "001"
      }
    ],
    "essay_scoreT": [
      28.8,
      28.5,
      30
    ],
    "essay_scoreT_avg": 29.1,
    "essay_scoreT_detail": {
      "essay_scoreT_org": [
        [
          3,
          0,
          3,
          3
        ],
        [
          3,
          0,
          2,
          3
        ],
        [
          3,
          0,
          3,
          3
        ]
      ],
      "essay_scoreT_cont": [
        [
          3,
          2,
          3,
          3
        ],
        [
          3,
          3,
          3,
          3
        ],
        [
          3,
          3,
          3,
          3
        ]
      ],
      "essay_scoreT_exp": [
        [
          3,
          3,
          3
        ],
        [
          2,
          3,
          3
        ],
        [
          3,
          3,
          3
        ]
      ]
    }
  },
  "student": {
    "date": "2021.12.03",
    "student_educated": true,
    "student_grade": "고등_1학년",
    "location": "063",
    "student_grade_group": "고등",
    "student_reading": 2
  },
  "rubric": {
    "essay_grade": "고등_1학년",
    "organization_weight": {
      "org_paragraph": 0,
      "org": 3,
      "org_essay": 6,
      "org_coherence": 3,
      "org_quantity": 1
    },
    "essay_type": "대안제시",
    "content_weight": {
      "con_clearance": 3,
      "con_novelty": 3,
      "con": 4,
      "con_prompt": 1,
      "con_description": 3
    },
    "essay_main_subject": "남녀 갈등 해결 방안",
    "expression_weight": {
      "exp_style": 4,
      "exp_grammar": 2,
      "exp_vocab": 4,
      "exp": 3
    }
  },
  "correction": [],
  "info": {
    "essay_id": "ESSAY_53660",
    "essay_prompt": " 남녀 갈등은 최근 우리 사회에서 가장 뜨거운 이슈 중 하나입니다. 이러한 갈등은 아직 간극을 좁히지 못하고 현재 사회적인 문제로 자리 잡았습니다.\n\n 군 가산점 문제, 일자리 문제 등 여러 가지 비교 자료들을 토대로 토론을 하고 이를 통해 갈등을 해결하고자 하는 노력이 이루어지고 있습니다.\n\n 과거에는 성차별 심했던 시기가 있었습니다. 여자와 남자를 구별 지어 일을 주는 경우도 많았습니다. 하지만, 현재는 여자와 남자라는 성별을 떠나서 나이, 국적을 불문하고 모두에게 평등한 기회를 주기 위해 노력하고 있습니다.\n\n 이렇게 모두의 노력에도 불구하고 아직 해결되지 않았거나 해결될 기미가 보이지 않는 양성평등 문제가 있을까요?\n\n 아주 작은 사소한 일이라도 좋습니다. 여러분이 생각하는 우리 주변의 양성평등 문제를 하나 작성해보고 어떻게 해결할 수 있을지 혹은 무엇이 바뀌어야 해결될 것 같은지 본인의 생각을 설명해주세요. ",
    "essay_type": "대안제시",
    "essay_level": "1",
    "essay_len": 888,
    "essay_main_subject": "남녀 갈등 해결 방안"
  }
}