{
  "paragraph": [
    {
      "paragraph_txt": "혐오 시설에는 쓰레기 매립장, 원자력발전소, 소각장, 유류저장소 등이 있습니다.#@문장구분# 혐오감을 주며, 주변 환경오염 문제가 갈등을 일으킨다.#@문장구분# 혐오시설을 설치하는 것은 당연히 반발을 얻을수 밖에 없다.#@문장구분# 그 이유로는 혐오시설로 지정된 대부분의 이유는 낙후된 도서산간지역이 많다.#@문장구분# 인구가 적다는 이유로 혐오시설의 피해들은 예를 들어 원자력 발전소의 경우 일단 터질 위험이 잠재되어있다.#@문장구분# 그리고 다른 혐오시설인 소각장은 공기질을 저하시키고 매립지가 운영되는 지역엔 환경오염과 쓰레기를 취급한다는 점에서 혐오감을 주어 이 지역 시민들은 불만이 많을 것 이다.#@문장구분# 이러한 것들이 들어오면 그 주변에 있는 집값은 당연히 떨어진다.#@문장구분# 누가 쓰레기장 옆에서 살고싶겠는가 하지만 이러한 시설들은 필수불가결이다.#@문장구분# 시설들이 우리가 살아가기 위해서 무조건 필요하기 때문이다.#@문장구분# 일단 하수처리장이나 쓰레기 하차장은 없으면 내가버린 쓰레기들이 넘쳐날 것이고 하수는 그대로 강이나 바다로 흘러 들어가 바닷물을 오염시킬 것이다.#@문장구분# 이러한 피해를 얻는 것도 당연히 인간이다.#@문장구분# 그리고 이러한 시설들을 멀리다가 짓기에는 어려운 점이 사람이 많은 곳에서 이러는 혐오물질들이 많이 나온다.#@문장구분# 그래서 러한 시설을 더 많이 필요하기 때문이다.#@문장구분# 이러한 이유들로 우리는 혐오시설을 지을 수 밖에 없다.#@문장구분#그러나 이를 어디에는 두고 어디에는 두지않는다면 사람들은 그에대한 불만을 제기할수밖에 없다.#@문장구분# 이러한 내용들을 바탕으로 나는 이 문제에 대한 해결책들을 생각해 보았다.#@문장구분# 일단 주변 사람들을 문제를 해결하려면 정부 차원에서 그에대한 보상을 줄수 밖에 없다.#@문장구분# 보상으로는 그지역에 필요한 것들을 만들어주고 세금감면이나 일자리등으로 보상하면 될꺼 같다.#@문장구분#",
      "paragraph_len": 1188,
      "paragraph_id": "001"
    }
  ],
  "score": {
    "paragraph_score": [
      {
        "paragraph_scoreT": [
          2.8,
          3,
          2.8
        ],
        "paragraph_scoreT_detail": {
          "paragraph_scoreT_exp": [
            [
              2,
              3,
              3
            ],
            [
              3,
              3,
              3
            ],
            [
              2,
              3,
              3
            ]
          ]
        },
        "paragraph_scoreT_avg": 2.8666668,
        "paragraph_id": "001"
      }
    ],
    "essay_scoreT": [
      28.2,
      28.2,
      29.4
    ],
    "essay_scoreT_avg": 28.6,
    "essay_scoreT_detail": {
      "essay_scoreT_org": [
        [
          3,
          0,
          3,
          3
        ],
        [
          3,
          0,
          3,
          3
        ],
        [
          3,
          0,
          3,
          3
        ]
      ],
      "essay_scoreT_cont": [
        [
          3,
          2,
          3,
          3
        ],
        [
          3,
          2,
          3,
          3
        ],
        [
          3,
          3,
          3,
          3
        ]
      ],
      "essay_scoreT_exp": [
        [
          2,
          3,
          3
        ],
        [
          2,
          3,
          3
        ],
        [
          2,
          3,
          3
        ]
      ]
    }
  },
  "student": {
    "date": "2021.12.08",
    "student_educated": true,
    "student_grade": "고등_1학년",
    "location": "063",
    "student_grade_group": "고등",
    "student_reading": 2
  },
  "rubric": {
    "essay_grade": "고등_1학년",
    "organization_weight": {
      "org_paragraph": 0,
      "org": 3,
      "org_essay": 6,
      "org_coherence": 3,
      "org_quantity": 1
    },
    "essay_type": "대안제시",
    "content_weight": {
      "con_clearance": 3,
      "con_novelty": 3,
      "con": 4,
      "con_prompt": 1,
      "con_description": 3
    },
    "essay_main_subject": "혐오시설 건설문제에 대한 본인의 생각",
    "expression_weight": {
      "exp_style": 4,
      "exp_grammar": 2,
      "exp_vocab": 4,
      "exp": 3
    }
  },
  "correction": [],
  "info": {
    "essay_id": "ESSAY_61064",
    "essay_prompt": " 혐오 시설이란 지역 주민에게 공포감이나 고통을 주거나, 주변 지역의 쾌적성이 훼손됨으로써 집값이나 땅값이 내려가는 등 부정적인 외부효과를 유발하는 시설을 의미합니다.\n\n 대표적인 혐오 시설에는 쓰레기 매립장, 원자력발전소, 소각장, 유류저장소 등이 있습니다.\n\n 매립지, 소각장, 쓰레기 하치장 같은 혐오 시설은 그리 위험하지는 않지만, 쓰레기를 취급한다는 점에서 혐오감을 주며, 주변 환경오염 문제가 갈등을 일으킵니다. 특히 소각장은 인구밀도가 높은 대도시에 건설된다는 점에서 반대 운동이 일기도 합니다.\n\n 그런데 서로 반대만 하다 보면 입지를 찾지 못해 결국 모든 주민의 삶의 질이 저하될 수 있습니다.\n\n 정부 차원에서 가장 적절한 장소를 선별하여 건설 후 주변 사람들에게 혜택을 주는 방식이 적절한 방법일까요? 아니면 혐오 시설만을 모아둔 부지를 따로 정해서 건설해야 할까요? 아니면 모든 도시가 공평하게 혐오 시설 건설에 대한 부담을 지니고 하나씩 건설해야 할까요?\n\n 모두가 만족할만한 결과를 내기란 정말 어려운 문제이지만 여러분이 생각하는 가장 합리적이고 좋은 방법을 생각해보세요. 그리고 그 방법을 대안으로 제시하고 그 근거에 대해 작성해주세요.",
    "essay_type": "대안제시",
    "essay_level": "1",
    "essay_len": 829,
    "essay_main_subject": "혐오시설 건설문제에 대한 본인의 생각"
  }
}