{
  "paragraph": [
    {
      "paragraph_txt": "현대에 들어서 가장 중요시 되는 키워드들이 몇 있다.#@문장구분# 평화, 안전, 그리고 평등이다.#@문장구분# 우리는 평등에 대해 잘 알고 있으며, 그 필요성도 귀에 박히도록 들어 기억하고 있을 것이다.#@문장구분# 우리 사회는 지위, 나이, 신체 조건 등 모든 것에서 차별이 없어야 함을 주장하고 있다.#@문장구분# 허나 여전히 차별이 계속되어 오고 있으며, 그 중에서도 우리나라는 남녀차별에 대한 것이 가장 심각하다.#@문장구분# 남녀차별은 언제부터 시작되었을까?#@문장구분# 고려시대 때는 여성의 지위가 남성의 지위와 동등했으나, 조선시대 때부터 받아들인 유교로 인해 남녀차별이 시작되었다고 한다.#@문장구분# 옛부터 뿌리가 박힌 남녀차별은 현재까지 이어져 내려와, 여성의 지위와 권한이 상대적으로 낮은 우리 사회의 모습을 만들었다.#@문장구분# 과거를 되짚어 보며 얻는 교훈은 많고, 다시는 반복해야 하지 않을 실수도 예방할 수 있기 때문이다.#@문장구분# 허나, 우리는 과거에서 살면 안 된다.#@문장구분# 실수를 반복하지 않고, 예방하고, 오히려 앞으로 나아가며 우리의 미래를 더 나은 미래로 만들어야 한다.#@문장구분# 과거의 흔적인 남녀차별은 지우고, 우리의 삶에 진정한 양성평등을 놓아야 할 때가 왔다.#@문장구분# 시간은 기다려 주지 않으니, 우리는 당장이라도 양성평등을 위해 노력해야 할 것이다.#@문장구분# 서로 노력하고 힘쓰면 반드시 남자와 여자가 서로 사랑하고 아껴주고 배려해주는 그런 사회가 오리라 믿는다.#@문장구분# 지금의 사회는 너무 서로 죽이고 헐뜯고 비방하기만 하기 때문에 너무 무섭고 두렵다.#@문장구분# 그래서 이러한 상황을 없애고 서로 사랑하고 아껴주며 배려하고 지켜주는 그런 사회를 만들어야 할 것이라고 생각한다.#@문장구분# 꼭 그런 사회가 올 것이라고 나는 믿어의심치 않는다.#@문장구분#",
      "paragraph_len": 1136,
      "paragraph_id": "001"
    }
  ],
  "score": {
    "paragraph_score": [
      {
        "paragraph_scoreT": [
          3,
          3,
          3
        ],
        "paragraph_scoreT_detail": {
          "paragraph_scoreT_exp": [
            [
              3,
              3,
              3
            ],
            [
              3,
              3,
              3
            ],
            [
              3,
              3,
              3
            ]
          ]
        },
        "paragraph_scoreT_avg": 3,
        "paragraph_id": "001"
      }
    ],
    "essay_scoreT": [
      30,
      28.8,
      28.2
    ],
    "essay_scoreT_avg": 29,
    "essay_scoreT_detail": {
      "essay_scoreT_org": [
        [
          3,
          0,
          3,
          3
        ],
        [
          3,
          0,
          3,
          3
        ],
        [
          2,
          0,
          3,
          3
        ]
      ],
      "essay_scoreT_cont": [
        [
          3,
          3,
          3,
          3
        ],
        [
          2,
          3,
          3,
          3
        ],
        [
          3,
          3,
          3,
          3
        ]
      ],
      "essay_scoreT_exp": [
        [
          3,
          3,
          3
        ],
        [
          3,
          3,
          3
        ],
        [
          3,
          3,
          3
        ]
      ]
    }
  },
  "student": {
    "date": "2021.12.13",
    "student_educated": true,
    "student_grade": "고등_1학년",
    "location": "063",
    "student_grade_group": "고등",
    "student_reading": 2
  },
  "rubric": {
    "essay_grade": "고등_1학년",
    "organization_weight": {
      "org_paragraph": 0,
      "org": 3,
      "org_essay": 6,
      "org_coherence": 3,
      "org_quantity": 1
    },
    "essay_type": "대안제시",
    "content_weight": {
      "con_clearance": 3,
      "con_novelty": 3,
      "con": 4,
      "con_prompt": 1,
      "con_description": 3
    },
    "essay_main_subject": "남녀 갈등 해결 방안",
    "expression_weight": {
      "exp_style": 4,
      "exp_grammar": 2,
      "exp_vocab": 4,
      "exp": 3
    }
  },
  "correction": [],
  "info": {
    "essay_id": "ESSAY_61983",
    "essay_prompt": " 남녀 갈등은 최근 우리 사회에서 가장 뜨거운 이슈 중 하나입니다. 이러한 갈등은 아직 간극을 좁히지 못하고 현재 사회적인 문제로 자리 잡았습니다.\n\n 군 가산점 문제, 일자리 문제 등 여러 가지 비교 자료들을 토대로 토론을 하고 이를 통해 갈등을 해결하고자 하는 노력이 이루어지고 있습니다.\n\n 과거에는 성차별 심했던 시기가 있었습니다. 여자와 남자를 구별 지어 일을 주는 경우도 많았습니다. 하지만, 현재는 여자와 남자라는 성별을 떠나서 나이, 국적을 불문하고 모두에게 평등한 기회를 주기 위해 노력하고 있습니다.\n\n 이렇게 모두의 노력에도 불구하고 아직 해결되지 않았거나 해결될 기미가 보이지 않는 양성평등 문제가 있을까요?\n\n 아주 작은 사소한 일이라도 좋습니다. 여러분이 생각하는 우리 주변의 양성평등 문제를 하나 작성해보고 어떻게 해결할 수 있을지 혹은 무엇이 바뀌어야 해결될 것 같은지 본인의 생각을 설명해주세요. ",
    "essay_type": "대안제시",
    "essay_level": "1",
    "essay_len": 796,
    "essay_main_subject": "남녀 갈등 해결 방안"
  }
}