{
  "paragraph": [
    {
      "paragraph_txt": "요즈음 오프라인, 온라인에서 남성과 여성이 자신이 생활하면서 더 불리하다며 갈등하고 욕을 하고 폭력을 하는 사건들이 계속 늘어난다.#@문장구분# 여론에서는 10명 중 6명이 성별 갈등 심각하다고 직장(61%) > 가정(35%) > 학교(30%) 순으로 답하였다고 하였다.#@문장구분#",
      "paragraph_len": 190,
      "paragraph_id": "001"
    },
    {
      "paragraph_txt": " 먼저 남녀갈등이란, 남자와 여자를 아울러 이르는 말인 남녀에 개인이나 집단 사이에 목표나 이해관계가 달라 서로 적대시하거나 충돌하는 상태를 뜻하는 갈등을 합친 것을 말한다.#@문장구분# 이러한 남녀갈등으로 인해 서로 분노하며 멀어져 행복한 사회를 형성하지 못한다.#@문장구분#",
      "paragraph_len": 181,
      "paragraph_id": "002"
    },
    {
      "paragraph_txt": " 남녀갈등을 해결하는 방안은 여러 가지가 있다.#@문장구분#",
      "paragraph_len": 46,
      "paragraph_id": "003"
    },
    {
      "paragraph_txt": " 첫째, 남녀가 평등한 인식을 가져야 한다.#@문장구분# 한 전문가는 \"남성, 여성 관련 이슈가 터질 때마다 각 집단이 혐오로 대응하는 방식은 경계해야 한다\"라고 말했다.#@문장구분# 한국젠더법학회 김엘림 전 회장은 \"폭력에 폭력으로, 혐오에 혐오로 대항하는 것은 심한 갈등을 유발하고 문제 해결에 도움이 안 된다\"라며, \"성 구분 없이 평등하고 모두가 상생의 발전을 할 수 있는 사회를 만들어야 한다\"라고 당부하였다.#@문장구분# 인간의 본질을 잘 살펴보면 남성과 여성은 결핍의 존재인것을 알 수 있다. 즉, 서로 부족함을 함께 채워나갈 수 있는 존재라는 것이다.#@문장구분# 그러니 이슈에서 남녀 갈등 사건이 터지면 무조건 앞서나가 분노하며 싸움을 하지 말고 인간의 본질을 생각하며 평등한 인식을 가져야한다.#@문장구분#",
      "paragraph_len": 470,
      "paragraph_id": "004"
    },
    {
      "paragraph_txt": " 둘째, 언론과 방송이 남녀 갈등이 일어나지 않게 하도록 많은 관심을 가지고 노력해야한다.#@문장구분# 물론 평범한 노력은 하지만, 어떤 일부 언론, 황색 언론의 경우 아주 자극적이고 서로 화가 나게끔 기사를 쓴다.#@문장구분# 그런 것들이 남녀 갈등을 증폭시킬 수 있기 때문에 어떤 방송 윤리 강령이라든지 이런 것들을 재점검하고, 상대 성에 대해서 비판하고 혐오하는 것이 어느 누구에게 도움 되지 않는 것 같다.#@문장구분# 그러니까 사실 남녀간의 감성은 대단히 중요한 문제인데, 그와 동시에 상대에 대해 극단적으로 배제하는 마음이 아니라 소통하려고 하는 마음 자세, 태도가 절실하게 필요한 시점이라고 생각한다.#@문장구분# 그러니 언론과 방송은 분쟁을 불러일으키는 기사를 써서 이슈거리를 만들어 내지 말아야한다.#@문장구분# ",
      "paragraph_len": 473,
      "paragraph_id": "005"
    },
    {
      "paragraph_txt": " 마지막으로, 가정과 학교에서의 남녀 평등 교육을 더욱 강화시켜야 한다.#@문장구분# 처음에 여론의 성별 갈등 조사에서 셩별 갈등이 심각하다고 답한 사람 중 학교에 있는 학생들도 심각하다고 답했다.#@문장구분# 이러한 학생들은 서로 상대 성을 존중하는 것들을 보고 자라는 게 굉장히 중요한데, 가정에서 부모가 어떤 행동을 할 때 상대 성에 대한 존중하는 태도를 보여준다면 자식도 자연스럽게 내면화할 수 있는 계기가 되지 않을까?#@문장구분#",
      "paragraph_len": 285,
      "paragraph_id": "006"
    }
  ],
  "score": {
    "paragraph_score": [
      {
        "paragraph_scoreT": [
          1.6,
          2.8,
          2
        ],
        "paragraph_scoreT_detail": {
          "paragraph_scoreT_exp": [
            [
              2,
              2,
              1
            ],
            [
              2,
              3,
              3
            ],
            [
              2,
              2,
              2
            ]
          ]
        },
        "paragraph_scoreT_avg": 2.1333334,
        "paragraph_id": "001"
      },
      {
        "paragraph_scoreT": [
          2,
          2.8,
          2
        ],
        "paragraph_scoreT_detail": {
          "paragraph_scoreT_exp": [
            [
              2,
              2,
              2
            ],
            [
              2,
              3,
              3
            ],
            [
              2,
              2,
              2
            ]
          ]
        },
        "paragraph_scoreT_avg": 2.2666667,
        "paragraph_id": "002"
      },
      {
        "paragraph_scoreT": [
          2.6,
          2.8,
          2
        ],
        "paragraph_scoreT_detail": {
          "paragraph_scoreT_exp": [
            [
              3,
              3,
              2
            ],
            [
              2,
              3,
              3
            ],
            [
              2,
              2,
              2
            ]
          ]
        },
        "paragraph_scoreT_avg": 2.4666665,
        "paragraph_id": "003"
      },
      {
        "paragraph_scoreT": [
          2.8,
          2.8,
          2
        ],
        "paragraph_scoreT_detail": {
          "paragraph_scoreT_exp": [
            [
              2,
              3,
              3
            ],
            [
              2,
              3,
              3
            ],
            [
              2,
              2,
              2
            ]
          ]
        },
        "paragraph_scoreT_avg": 2.5333333,
        "paragraph_id": "004"
      },
      {
        "paragraph_scoreT": [
          2.4,
          2.8,
          2
        ],
        "paragraph_scoreT_detail": {
          "paragraph_scoreT_exp": [
            [
              2,
              2,
              3
            ],
            [
              2,
              3,
              3
            ],
            [
              2,
              2,
              2
            ]
          ]
        },
        "paragraph_scoreT_avg": 2.3999999,
        "paragraph_id": "005"
      },
      {
        "paragraph_scoreT": [
          2,
          2.8,
          2
        ],
        "paragraph_scoreT_detail": {
          "paragraph_scoreT_exp": [
            [
              2,
              2,
              2
            ],
            [
              2,
              3,
              3
            ],
            [
              2,
              2,
              2
            ]
          ]
        },
        "paragraph_scoreT_avg": 2.2666667,
        "paragraph_id": "006"
      }
    ],
    "essay_scoreT": [
      24.900002,
      29.4,
      24.300001
    ],
    "essay_scoreT_avg": 26.200003,
    "essay_scoreT_detail": {
      "essay_scoreT_org": [
        [
          3,
          0,
          2,
          3
        ],
        [
          3,
          0,
          3,
          3
        ],
        [
          3,
          0,
          3,
          2
        ]
      ],
      "essay_scoreT_cont": [
        [
          3,
          2,
          3,
          2
        ],
        [
          3,
          3,
          3,
          3
        ],
        [
          3,
          2,
          3,
          2
        ]
      ],
      "essay_scoreT_exp": [
        [
          2,
          3,
          2
        ],
        [
          2,
          3,
          3
        ],
        [
          2,
          2,
          2
        ]
      ]
    }
  },
  "student": {
    "date": "2021.09.13",
    "student_educated": true,
    "student_grade": "고등_1학년",
    "location": "051",
    "student_grade_group": "고등",
    "student_reading": 3
  },
  "rubric": {
    "essay_grade": "고등_1학년",
    "organization_weight": {
      "org_paragraph": 0,
      "org": 3,
      "org_essay": 6,
      "org_coherence": 3,
      "org_quantity": 1
    },
    "essay_type": "대안제시",
    "content_weight": {
      "con_clearance": 3,
      "con_novelty": 3,
      "con": 4,
      "con_prompt": 1,
      "con_description": 3
    },
    "essay_main_subject": "남녀 갈등 해결 방안",
    "expression_weight": {
      "exp_style": 4,
      "exp_grammar": 2,
      "exp_vocab": 4,
      "exp": 3
    }
  },
  "correction": [],
  "info": {
    "essay_id": "ESSAY_34609",
    "essay_prompt": " 남녀 갈등은 최근 우리 사회에서 가장 뜨거운 이슈 중 하나입니다. 이러한 갈등은 아직 간극을 좁히지 못하고 현재 사회적인 문제로 자리 잡았습니다.\n\n 군 가산점 문제, 일자리 문제 등 여러 가지 비교 자료들을 토대로 토론을 하고 이를 통해 갈등을 해결하고자 하는 노력이 이루어지고 있습니다.\n\n 과거에는 성차별 심했던 시기가 있었습니다. 여자와 남자를 구별 지어 일을 주는 경우도 많았습니다. 하지만, 현재는 여자와 남자라는 성별을 떠나서 나이, 국적을 불문하고 모두에게 평등한 기회를 주기 위해 노력하고 있습니다.\n\n 이렇게 모두의 노력에도 불구하고 아직 해결되지 않았거나 해결될 기미가 보이지 않는 양성평등 문제가 있을까요?\n\n 아주 작은 사소한 일이라도 좋습니다. 여러분이 생각하는 우리 주변의 양성평등 문제를 하나 작성해보고 어떻게 해결할 수 있을지 혹은 무엇이 바뀌어야 해결될 것 같은지 본인의 생각을 설명해주세요. ",
    "essay_type": "대안제시",
    "essay_level": "1",
    "essay_len": 1289,
    "essay_main_subject": "남녀 갈등 해결 방안"
  }
}