{
  "paragraph": [
    {
      "paragraph_txt": "대표적인 혐오 시설에는 쓰레기 매립장, 원자력발전소, 소각장, 유류저장소 등이 있습니다.#@문장구분# 매립지, 소각장, 쓰레기 하치장 같은 혐오 시설은 그리 위험하지는 않지만, 쓰레기를 취급한다는 점에서 혐오감을 주며, 주변 환경오염 문제가 갈등을 일으킵니다.#@문장구분# 이를 해결하기 위한 방법 중 하나로 혐오시설을 에너지와 엮는 것이다,#@문장구분# 소각장, 하수처리장, 분뇨처리장 등 \"쓰레기\"와 관련된 혐오시설은 주민들이 특히 더욱 기피한다,#@문장구분# 왜냐하면 이러한 시설에서는 다른 혐오시설과 달리 악취피해, 공기질저하, 집값하락 등 다양한 문제가 발생하기 때문이다,#@문장구분# 혐오시설의 종류에는 원자력발전소, 교도소, 화장장, 납골당, 묘지 등이 포함된다,#@문장구분# 혐오시설은 대부분의 사람들이 자신들의 주거지역 근처에 건설되는 것을 반대한다.#@문장구분# 이러한 현상은 님비증후군, 즉 유해시설 설치를 기피하는 현상이라고 볼 수 있다,#@문장구분# 혐오시설의 설립과정에서 반대하는 지역주민들과의 마찰은 없을 수 없다고 생각한다,#@문장구분# 누구라도 자신이 거주하는 지역 주변에 이런 혐오시설이 들어선다면 좋아할 사람은 거의 없을 것 이다.#@문장구분# 혐오시설의 건설은 그 주변의 땅값, 지역의 평판 등을 저하시켜 더더욱 반기지 않을 것이라고 생각한다.#@문장구분# 그렇다면 이러한 혐오시설의 건설 과정의 갈등의 해결 방법은 없을까.#@문장구분# 일단 정부의 보상 방법이 있다고 생각한다.#@문장구분# 정부가 직접 개입하여 지역주민들의 피해에 대한 적절한 보상과 조치를 통하여 인간다운 주거생활을 할 수 있는 권리인 주거권을 확실히 보장하여야 한다고 생각한다.#@문장구분# 현실적으로 혐오시설의 건설을 막는다는 것은 힘들다.#@문장구분# 어딘가에는 꼭 설치되어야 하는 시설들.#@문장구분# 이기적인 생각을 버리고 어느것이 합당한 방법인지 최선의 방법을 찾아야 할 것이다.#@문장구분# 나만 아니면 돼 라는 생각은 버려야한다#@문장구분# 왜 님비현상 (NIMBY) \"Not In My Backyard\" 이란 말이 나왔을까 생각해봐야한다#@문장구분#",
      "paragraph_len": 1295,
      "paragraph_id": "001"
    }
  ],
  "score": {
    "paragraph_score": [
      {
        "paragraph_scoreT": [
          2.6,
          2.6,
          3
        ],
        "paragraph_scoreT_detail": {
          "paragraph_scoreT_exp": [
            [
              3,
              2,
              3
            ],
            [
              3,
              2,
              3
            ],
            [
              3,
              3,
              3
            ]
          ]
        },
        "paragraph_scoreT_avg": 2.7333333,
        "paragraph_id": "001"
      }
    ],
    "essay_scoreT": [
      27.599998,
      27.599998,
      30
    ],
    "essay_scoreT_avg": 28.4,
    "essay_scoreT_detail": {
      "essay_scoreT_org": [
        [
          3,
          0,
          3,
          3
        ],
        [
          3,
          0,
          3,
          3
        ],
        [
          3,
          0,
          3,
          3
        ]
      ],
      "essay_scoreT_cont": [
        [
          3,
          2,
          3,
          3
        ],
        [
          3,
          2,
          3,
          3
        ],
        [
          3,
          3,
          3,
          3
        ]
      ],
      "essay_scoreT_exp": [
        [
          3,
          2,
          3
        ],
        [
          3,
          2,
          3
        ],
        [
          3,
          3,
          3
        ]
      ]
    }
  },
  "student": {
    "date": "2021.12.06",
    "student_educated": true,
    "student_grade": "고등_1학년",
    "location": "063",
    "student_grade_group": "고등",
    "student_reading": 2
  },
  "rubric": {
    "essay_grade": "고등_1학년",
    "organization_weight": {
      "org_paragraph": 0,
      "org": 3,
      "org_essay": 6,
      "org_coherence": 3,
      "org_quantity": 1
    },
    "essay_type": "대안제시",
    "content_weight": {
      "con_clearance": 3,
      "con_novelty": 3,
      "con": 4,
      "con_prompt": 1,
      "con_description": 3
    },
    "essay_main_subject": "혐오시설 건설문제에 대한 본인의 생각",
    "expression_weight": {
      "exp_style": 4,
      "exp_grammar": 2,
      "exp_vocab": 4,
      "exp": 3
    }
  },
  "correction": [],
  "info": {
    "essay_id": "ESSAY_57109",
    "essay_prompt": " 혐오 시설이란 지역 주민에게 공포감이나 고통을 주거나, 주변 지역의 쾌적성이 훼손됨으로써 집값이나 땅값이 내려가는 등 부정적인 외부효과를 유발하는 시설을 의미합니다.\n\n 대표적인 혐오 시설에는 쓰레기 매립장, 원자력발전소, 소각장, 유류저장소 등이 있습니다.\n\n 매립지, 소각장, 쓰레기 하치장 같은 혐오 시설은 그리 위험하지는 않지만, 쓰레기를 취급한다는 점에서 혐오감을 주며, 주변 환경오염 문제가 갈등을 일으킵니다. 특히 소각장은 인구밀도가 높은 대도시에 건설된다는 점에서 반대 운동이 일기도 합니다.\n\n 그런데 서로 반대만 하다 보면 입지를 찾지 못해 결국 모든 주민의 삶의 질이 저하될 수 있습니다.\n\n 정부 차원에서 가장 적절한 장소를 선별하여 건설 후 주변 사람들에게 혜택을 주는 방식이 적절한 방법일까요? 아니면 혐오 시설만을 모아둔 부지를 따로 정해서 건설해야 할까요? 아니면 모든 도시가 공평하게 혐오 시설 건설에 대한 부담을 지니고 하나씩 건설해야 할까요?\n\n 모두가 만족할만한 결과를 내기란 정말 어려운 문제이지만 여러분이 생각하는 가장 합리적이고 좋은 방법을 생각해보세요. 그리고 그 방법을 대안으로 제시하고 그 근거에 대해 작성해주세요.",
    "essay_type": "대안제시",
    "essay_level": "1",
    "essay_len": 915,
    "essay_main_subject": "혐오시설 건설문제에 대한 본인의 생각"
  }
}