{
  "paragraph": [
    {
      "paragraph_txt": "유교를 중요시하던 전통 사회에서 이제 산업의 고도화를 통해 오늘날의 현대 사회는 각자의 개성을 마음껏 발산할 수 있게 되었다.#@문장구분# 그리고 집에서 살림만 하였던 여자들을 돕기 위한 가전기기들의 발달은 여성들을 사회의 일원으로서 원하는 직장 생활도 할 수 있으며 여성들의 지위도 향상되게 해주었다.#@문장구분# 또한 여성들의 성향이 전통 사회에서처럼 내성적이 아닌 자신이 가지고 있는 재능을 보여주고 싶어 하는 경향도 있기 때문에 사회는 변해 가고 있다.#@문장구분# 이렇게 우리가 지금 살고 있는 현대 사회에서의 여성들의 비중은 많이 증가하였다.#@문장구분# 그럼에도 불가하고 아직도 우리의 사회에는 남녀라는 말이 공존한다.#@문장구분# 남자와 여자는 이론적으로도 다른 성을 가진 완전히 다른 개체이다. #@문장구분#하지만 같은 인간이며 인간은 차별을 받지 않아야 하는 동물이다.#@문장구분# 특히 이런 각자의 개성이 많이 표출되는 시대에서는 더욱 더 그렇다.#@문장구분# 여성들도 남성이 하는 일을 할 수 있고 오히려 더 잘 해낼 수 있는 힘을 가지고 있다.#@문장구분# 여성은 기본적으로 섬세하고 꼼꼼하며 민감하여 일을 능률적으로 해낼 수 있기 때문이다.#@문장구분# 남녀는 결코 차별할 존재가 아니다.#@문장구분#남녀는 서로 돕고 하나의 인류로써 양보해 주어야하는 존재이다.#@문장구분# 남녀는 다를 게 없다.#@문장구분# 한사람은 세심하고 꼼꼼하며 차분하다.#@문장구분# 하지만 또 한사람은 덜렁대고 대범한 성격이다.#@문장구분# 그래서 그 둘은 서로 다르다고 생각하고 친하지 않을 수가 있다.#@문장구분# 그 이유는 누구한사람이 양보해야하기 때문이다.#@문장구분# 하지만 그 둘은 누구보다 성격이 같은 사람보다 더 친할 수가 있다.#@문장구분# 남녀가 다르다는 것일 뿐 같은 인간이고 그러므로 평등하다.#@문장구분# 차별이라는 단어를 우리 사회에서 사라지게끔 할 수는 없겠지만 노력해볼 필요는 있을 것이다.#@문장구분#",
      "paragraph_len": 1231,
      "paragraph_id": "001"
    }
  ],
  "score": {
    "paragraph_score": [
      {
        "paragraph_scoreT": [
          3,
          3,
          3
        ],
        "paragraph_scoreT_detail": {
          "paragraph_scoreT_exp": [
            [
              3,
              3,
              3
            ],
            [
              3,
              3,
              3
            ],
            [
              3,
              3,
              3
            ]
          ]
        },
        "paragraph_scoreT_avg": 3,
        "paragraph_id": "001"
      }
    ],
    "essay_scoreT": [
      27.2,
      28.4,
      30
    ],
    "essay_scoreT_avg": 28.533333,
    "essay_scoreT_detail": {
      "essay_scoreT_org": [
        [
          3,
          0,
          3,
          3
        ],
        [
          3,
          0,
          3,
          3
        ],
        [
          3,
          0,
          3,
          3
        ]
      ],
      "essay_scoreT_cont": [
        [
          2,
          2,
          2,
          3
        ],
        [
          3,
          2,
          2,
          3
        ],
        [
          3,
          3,
          3,
          3
        ]
      ],
      "essay_scoreT_exp": [
        [
          3,
          3,
          3
        ],
        [
          3,
          3,
          3
        ],
        [
          3,
          3,
          3
        ]
      ]
    }
  },
  "student": {
    "date": "2021.12.13",
    "student_educated": true,
    "student_grade": "고등_1학년",
    "location": "063",
    "student_grade_group": "고등",
    "student_reading": 2
  },
  "rubric": {
    "essay_grade": "고등_1학년",
    "organization_weight": {
      "org_paragraph": 0,
      "org": 3,
      "org_essay": 6,
      "org_coherence": 3,
      "org_quantity": 1
    },
    "essay_type": "대안제시",
    "content_weight": {
      "con_clearance": 3,
      "con_novelty": 3,
      "con": 4,
      "con_prompt": 1,
      "con_description": 3
    },
    "essay_main_subject": "남녀 갈등 해결 방안",
    "expression_weight": {
      "exp_style": 4,
      "exp_grammar": 2,
      "exp_vocab": 4,
      "exp": 3
    }
  },
  "correction": [],
  "info": {
    "essay_id": "ESSAY_62486",
    "essay_prompt": " 남녀 갈등은 최근 우리 사회에서 가장 뜨거운 이슈 중 하나입니다. 이러한 갈등은 아직 간극을 좁히지 못하고 현재 사회적인 문제로 자리 잡았습니다.\n\n 군 가산점 문제, 일자리 문제 등 여러 가지 비교 자료들을 토대로 토론을 하고 이를 통해 갈등을 해결하고자 하는 노력이 이루어지고 있습니다.\n\n 과거에는 성차별 심했던 시기가 있었습니다. 여자와 남자를 구별 지어 일을 주는 경우도 많았습니다. 하지만, 현재는 여자와 남자라는 성별을 떠나서 나이, 국적을 불문하고 모두에게 평등한 기회를 주기 위해 노력하고 있습니다.\n\n 이렇게 모두의 노력에도 불구하고 아직 해결되지 않았거나 해결될 기미가 보이지 않는 양성평등 문제가 있을까요?\n\n 아주 작은 사소한 일이라도 좋습니다. 여러분이 생각하는 우리 주변의 양성평등 문제를 하나 작성해보고 어떻게 해결할 수 있을지 혹은 무엇이 바뀌어야 해결될 것 같은지 본인의 생각을 설명해주세요. ",
    "essay_type": "대안제시",
    "essay_level": "1",
    "essay_len": 831,
    "essay_main_subject": "남녀 갈등 해결 방안"
  }
}