{
  "paragraph": [
    {
      "paragraph_txt": "첫 번째로 혐오 시설을 관광 명소로 탈바꿈한다.#@문장구분# 이에 대한 예로 오사카의 마이시마 소각장이 있다.#@문장구분# 이 소각장 주변으로는 식물의 가지와 잎이 뻗어 있어 건물전체가 자연관 조화를 이룬다.#@문장구분# 건물 주변의 공원을 개방해 주민들이 자유롭게 즐길 수 있도록 하고, 어린이들에게는 친환경 교육장으로 쓰인다.#@문장구분# 또, 소각장에는 리사이클링 센터가 있는데 잘게 부순 철을 분리수거한 뒤 비철금속으로 판매한다.#@문장구분# 이렇게 마이시마 소각장은 혐오 시설이 갖은 고정관념을 깨고 시민이 직접 참여할 수 있는 공공 공간으로 탈바꿈했다.#@문장구분# 소각장이 소각과 파쇄의 물리적 수행의 기능 뿐만 아니라 친화경 공간으로 거듭나게 되며 기피 시설을 관람 명소로 탈바꿈한 훌륭한 사례이다.#@문장구분# 이렇게 혐오 시설을 바로 없애기 보다는 시민들의 고정관념을 깨고 시민이 직접 참여할 수 있는 공공 공간이자 관광 명소로 탈바꿈 하는 것이 좋은 방법이다.#@문장구분# 두 번째는 혐오 시설을 에너지 시설로 전환한다.#@문장구분# 소매무리에는 가축 분뇨 시설, 파액비 처리 시설, 쓰레기 처리 시설 등 기피 시설이 밀집되어 있다.#@문장구분# 이에 음식을 쓰레기와 분뇨를 활용해 에너지를 생상하여 각 가정에 공급하고, 외액비 시설을 처리, 판매하여, 태양광 발전 에너지를 설치했다.#@문장구분# 이는 주민들이 부정적으로 보는 혐오 시설을 통해 에너지를 얻으면서 그들의 고정관념을 깰 수 있는 기회가 되었다.#@문장구분# 그리고 지역 주민들이 직접 혐오 시설을 활용해 에너지를 얻는다는 점에서 주민들이 직접 지역 경제를 활성화 할 수 있다.#@문장구분# 세 번째는 혐오 시설에 대한 감시를 활성화한다.#@문장구분# 폐수 처리 시설에 감시정을 설치하여 폐수를 처리하는 과정에서 나타나는 오염 물질 등을 규제할 수 있다.#@문장구분# 감시가 활성화 된다면 주민들의 혐오 시설에 대한 건강 우려 문제를 해결 할 수 있을 것이다.#@문장구분#",
      "paragraph_len": 1191,
      "paragraph_id": "001"
    }
  ],
  "score": {
    "paragraph_score": [
      {
        "paragraph_scoreT": [
          3,
          2.2,
          2
        ],
        "paragraph_scoreT_detail": {
          "paragraph_scoreT_exp": [
            [
              3,
              3,
              3
            ],
            [
              3,
              2,
              2
            ],
            [
              2,
              2,
              2
            ]
          ]
        },
        "paragraph_scoreT_avg": 2.3999999,
        "paragraph_id": "001"
      }
    ],
    "essay_scoreT": [
      30,
      27.6,
      25.2
    ],
    "essay_scoreT_avg": 27.6,
    "essay_scoreT_detail": {
      "essay_scoreT_org": [
        [
          3,
          0,
          3,
          3
        ],
        [
          3,
          0,
          3,
          3
        ],
        [
          2,
          0,
          3,
          3
        ]
      ],
      "essay_scoreT_cont": [
        [
          3,
          3,
          3,
          3
        ],
        [
          3,
          3,
          3,
          3
        ],
        [
          3,
          3,
          3,
          3
        ]
      ],
      "essay_scoreT_exp": [
        [
          3,
          3,
          3
        ],
        [
          3,
          2,
          2
        ],
        [
          2,
          2,
          2
        ]
      ]
    }
  },
  "student": {
    "date": "2021.10.19",
    "student_educated": true,
    "student_grade": "고등_1학년",
    "location": "051",
    "student_grade_group": "고등",
    "student_reading": 2
  },
  "rubric": {
    "essay_grade": "고등_1학년",
    "organization_weight": {
      "org_paragraph": 0,
      "org": 3,
      "org_essay": 6,
      "org_coherence": 3,
      "org_quantity": 1
    },
    "essay_type": "대안제시",
    "content_weight": {
      "con_clearance": 3,
      "con_novelty": 3,
      "con": 4,
      "con_prompt": 1,
      "con_description": 3
    },
    "essay_main_subject": "혐오시설 건설문제에 대한 본인의 생각",
    "expression_weight": {
      "exp_style": 4,
      "exp_grammar": 2,
      "exp_vocab": 4,
      "exp": 3
    }
  },
  "correction": [],
  "info": {
    "essay_id": "ESSAY_37431",
    "essay_prompt": " 혐오 시설이란 지역 주민에게 공포감이나 고통을 주거나, 주변 지역의 쾌적성이 훼손됨으로써 집값이나 땅값이 내려가는 등 부정적인 외부효과를 유발하는 시설을 의미합니다.\n\n 대표적인 혐오 시설에는 쓰레기 매립장, 원자력발전소, 소각장, 유류저장소 등이 있습니다.\n\n 매립지, 소각장, 쓰레기 하치장 같은 혐오 시설은 그리 위험하지는 않지만, 쓰레기를 취급한다는 점에서 혐오감을 주며, 주변 환경오염 문제가 갈등을 일으킵니다. 특히 소각장은 인구밀도가 높은 대도시에 건설된다는 점에서 반대 운동이 일기도 합니다.\n\n 그런데 서로 반대만 하다 보면 입지를 찾지 못해 결국 모든 주민의 삶의 질이 저하될 수 있습니다.\n\n 정부 차원에서 가장 적절한 장소를 선별하여 건설 후 주변 사람들에게 혜택을 주는 방식이 적절한 방법일까요? 아니면 혐오 시설만을 모아둔 부지를 따로 정해서 건설해야 할까요? 아니면 모든 도시가 공평하게 혐오 시설 건설에 대한 부담을 지니고 하나씩 건설해야 할까요?\n\n 모두가 만족할만한 결과를 내기란 정말 어려운 문제이지만 여러분이 생각하는 가장 합리적이고 좋은 방법을 생각해보세요. 그리고 그 방법을 대안으로 제시하고 그 근거에 대해 작성해주세요.",
    "essay_type": "대안제시",
    "essay_level": "1",
    "essay_len": 872,
    "essay_main_subject": "혐오시설 건설문제에 대한 본인의 생각"
  }
}