{
  "paragraph": [
    {
      "paragraph_txt": "나는 지역 주민과 재학생에게 피해를 끼친 조형물을 뉴스로 본 것이 기억이나 조형물로 예를 들겠다.#@문장구분# 2016년 5월 21일.#@문장구분# 서울 홍익대학교 정문에 손가락 모양의 큰 조각상이 설치되었다.#@문장구분# 극우 성향의 온라인 커뮤니티 '일간베스트 저장소'일베를 상징하는 자음'ㅇ'과 'ㅂ'을 본떠 만든 작품이다.#@문장구분# '어디에나 있고, 아무 데도 없다'라는 제목의 이 작품은 홍대 조소과 4학년 홍 모 씨의 수럽 과제로 제작된 것이었다.#@문장구분# 홍 씨는 일베는 이미 우리 사회에 널리 퍼져있는 현상이고, 부정할 수 없는 실재라는 것을 표현하고 싶었다며 일베를 옹호하거나 비판하는 이분법적 해석을 위한 작품은 아니라고 선을 그었다.#@문장구분# 하지만, 특정 지역 비하와 성차별로 물의를 빚는 일베를 상징하는 조각상이 대학 정문에 버젓이 설치된 데 대해 비판이 쏟아졌다. #@문장구분#학교의 명예를 훼손시키고 있다며 일부 재학생들은 분노의 표시로 조각상에 계란을 던졌고, 조각상 주변에 마련된 게시판에는 작품의 철거와 사과를 요구하는 쪽지들이 빼곡이 붙기도 했다.#@문장구분# 작품이 공개된지 하루만에 조각상은 학생들에 의해 박살이 나버렸다.#@문장구분# 이들은 조각상을 부순 뒤에 '예술과 표현의 자유는 절대적인 권리가 아니다.'를 알라는 메시지를 남겼다. #@문장구분#조각상은 사라지고 없지만 논란은 '조각상도 표현의 자유이니 그대로 놔뒀어야 한다'는 주장과 '일베 자체가 불관용을 나타내는 세력이기 때문에 관용을 베풀어서는 안된다'는 주장으로 더욱 뜨겁게 불타올랐었다. #@문장구분#나는 일베를 매우 싫어하는 사람이지만 조각상을 과연 이런식으로 부쉈어야 했나 생각이든다.#@문장구분# 더 세련되고 민주주의에 걸맞는 방식으로 분쟁을 해결하여 조각상을 치웠으면 어땠나 생각이 든다.#@문장구분# 위 혐오시설 건설 문제도 이와 비슷한 것 같다. #@문장구분#서로 반대만 하니까 입지를 찾지 못해 결국 모든 주민의 삶의 질이 저하되는 것이다. #@문장구분#주민들과 소통하며, 서로의 의견을 존중하면서 이런저런 문제를 차근차근 해결하여 세련되고 민주주의에 걸맞는 방식으로 해결하면 어떨까 생각해본다.#@문장구분#",
      "paragraph_len": 1292,
      "paragraph_id": "001"
    }
  ],
  "score": {
    "paragraph_score": [
      {
        "paragraph_scoreT": [
          3,
          2.2,
          1.8
        ],
        "paragraph_scoreT_detail": {
          "paragraph_scoreT_exp": [
            [
              3,
              3,
              3
            ],
            [
              3,
              2,
              2
            ],
            [
              1,
              2,
              2
            ]
          ]
        },
        "paragraph_scoreT_avg": 2.3333333,
        "paragraph_id": "001"
      }
    ],
    "essay_scoreT": [
      30,
      21,
      23
    ],
    "essay_scoreT_avg": 24.666666,
    "essay_scoreT_detail": {
      "essay_scoreT_org": [
        [
          3,
          0,
          3,
          3
        ],
        [
          2,
          0,
          2,
          2
        ],
        [
          2,
          0,
          3,
          3
        ]
      ],
      "essay_scoreT_cont": [
        [
          3,
          3,
          3,
          3
        ],
        [
          2,
          2,
          3,
          2
        ],
        [
          3,
          2,
          2,
          3
        ]
      ],
      "essay_scoreT_exp": [
        [
          3,
          3,
          3
        ],
        [
          3,
          2,
          2
        ],
        [
          1,
          2,
          2
        ]
      ]
    }
  },
  "student": {
    "date": "2021.09.02",
    "student_educated": true,
    "student_grade": "고등_1학년",
    "location": "051",
    "student_grade_group": "고등",
    "student_reading": 1
  },
  "rubric": {
    "essay_grade": "고등_1학년",
    "organization_weight": {
      "org_paragraph": 0,
      "org": 3,
      "org_essay": 6,
      "org_coherence": 3,
      "org_quantity": 1
    },
    "essay_type": "대안제시",
    "content_weight": {
      "con_clearance": 3,
      "con_novelty": 3,
      "con": 4,
      "con_prompt": 1,
      "con_description": 3
    },
    "essay_main_subject": "혐오시설 건설문제에 대한 본인의 생각",
    "expression_weight": {
      "exp_style": 4,
      "exp_grammar": 2,
      "exp_vocab": 4,
      "exp": 3
    }
  },
  "correction": [],
  "info": {
    "essay_id": "ESSAY_34262",
    "essay_prompt": " 혐오 시설이란 지역 주민에게 공포감이나 고통을 주거나, 주변 지역의 쾌적성이 훼손됨으로써 집값이나 땅값이 내려가는 등 부정적인 외부효과를 유발하는 시설을 의미합니다.\n\n 대표적인 혐오 시설에는 쓰레기 매립장, 원자력발전소, 소각장, 유류저장소 등이 있습니다.\n\n 매립지, 소각장, 쓰레기 하치장 같은 혐오 시설은 그리 위험하지는 않지만, 쓰레기를 취급한다는 점에서 혐오감을 주며, 주변 환경오염 문제가 갈등을 일으킵니다. 특히 소각장은 인구밀도가 높은 대도시에 건설된다는 점에서 반대 운동이 일기도 합니다.\n\n 그런데 서로 반대만 하다 보면 입지를 찾지 못해 결국 모든 주민의 삶의 질이 저하될 수 있습니다.\n\n 정부 차원에서 가장 적절한 장소를 선별하여 건설 후 주변 사람들에게 혜택을 주는 방식이 적절한 방법일까요? 아니면 혐오 시설만을 모아둔 부지를 따로 정해서 건설해야 할까요? 아니면 모든 도시가 공평하게 혐오 시설 건설에 대한 부담을 지니고 하나씩 건설해야 할까요?\n\n 모두가 만족할만한 결과를 내기란 정말 어려운 문제이지만 여러분이 생각하는 가장 합리적이고 좋은 방법을 생각해보세요. 그리고 그 방법을 대안으로 제시하고 그 근거에 대해 작성해주세요.",
    "essay_type": "대안제시",
    "essay_level": "1",
    "essay_len": 973,
    "essay_main_subject": "혐오시설 건설문제에 대한 본인의 생각"
  }
}