{
  "paragraph": [
    {
      "paragraph_txt": "혹시 홍천군 친환경 에너지 타운, 사일로 슈퍼그래픽이라고 들어봤나요?#@문장구분# 이들은 에너지 자립·가계경제증가·관광자원 활성화 등 기피·혐오시설을 긍정적인 사례로 전환했습니다.#@문장구분# 기피·혐오시설이 '디자인'만으로 어떻게 긍정적 효과를 줄 수 있는지, 미래 도시디자인의 생각을 전환하게 하는 계기가 되었습니다. #@문장구분#혐오 시설을 건설할 장소를 고르기 위한 객관적인 기준이 필요합니다.#@문장구분# 저는 그 기준으로, 우리나라에서 해마다 지구 온난화 상벌점제도를 마련하여, 점수가 가장 낮은 지역에 혐오 시설을 건설하는 것이 옳다고 생각합니다.#@문장구분# 지구 온난화 상벌점제도란, 환경오염에 기여를 할 때마다 벌점을 주고, 친환경적인 개선을 할 때마다 그 지역에 상점을 주는 제도입니다.#@문장구분#",
      "paragraph_len": 480,
      "paragraph_id": "001"
    },
    {
      "paragraph_txt": " 첫 번째, 혐오 시설 건설 장소를 찾기에 합리적인 방법입니다.#@문장구분# 우리나라에서 쓰레기의 발생량이 점점 증가하고 있습니다.#@문장구분# 그래서 정부에서는 종이컵, 나무젓가락과 같은 일회용품의 사용을 규제합니다.#@문장구분# 또, 폐기물 부담금 제도와 쓰레기 종량제 봉투 사용 등으로 쓰레기 발생량에 따라 처리 비용을 부담하도록 하고 있습니다.#@문장구분# 이와 비슷한 방법으로, 환경오염에 가장 많이 기여한 지역, 지구 온난화 상벌점 제도를 통해 가장 낮은 점수를 얻은 지역을 혐오시설 건설 장소로 선정하는 것이 적합하다고 생각합니다.#@문장구분# ",
      "paragraph_len": 377,
      "paragraph_id": "002"
    },
    {
      "paragraph_txt": " 두 번째, 지구 온난화를 막는 것에 도움이 될 것입니다.#@문장구분# 만약 다른 지역 주민들이 지구 온난화 상벌점제도로 인해, 가장 낮은 점수를 얻은 지역이 혐오 시설 건설 입지로 선정된 모습을 본보기로 삼는다면, 다른 지역들도 쓰레기의 양을 줄이기 위해 노력을 하게 될 것입니다.#@문장구분# 또한, 더욱 많은 사람들이 환경오염에 관심을 가지고, 지구를 지키기 위한 운동에 참여할 수 있는 계기가 될 것입니다.#@문장구분# 더 많은 사람들이 재활용과 탄소발자국 줄이는 데에 집중한다면, 지구 온난화가 늦추어질 수 있습니다.#@문장구분#",
      "paragraph_len": 353,
      "paragraph_id": "003"
    },
    {
      "paragraph_txt": " 세 번째, 지구 온난화 상벌점제도를 마련한다면, 혐오 시설 건설 반대로 인한 싸움이 줄어들 것입니다.#@문장구분#",
      "paragraph_len": 77,
      "paragraph_id": "004"
    },
    {
      "paragraph_txt": " 부천시가 재정 부담을 줄이고자 자원순환센터를 인근 인천시 계양구 300t과 서울 강서구 130t을 함께 사용하는 광역화를 추진하면서 대장동 인근 주민들이 타 지자체 쓰레기 반입에 대해 강력히 반대하고 나서면서 사업 진행이 답보상태에 빠졌습니다.#@문장구분# 부천시에서는 주민 설득에 박차를 가하고 있지만, 인근 대장동 주민들의 반발은 좀처럼 수그러들지 않고 있습니다.#@문장구분# 만약 공정한 절차에 따라서 혐오 시설 건설 장소를 결정한다면, 이와 같은 분쟁을 줄어들 수 있습니다.#@문장구분#\n \n 혐오 시설 중에서도 쓰레기 매립장이 자신의 지역에 들어서는 것을 싫어하는 현상을 주로 님비현상이라고 합니다.#@문장구분# 늘어나는 범죄자, 마약중독자 AIDS환자, 산업폐기물, 핵폐기물 등 각종 사회병폐를 수용하거나 처리할 시설물을 설치하려 할 때마다 해당 지역주민들이 거센 반발을 보이는 형상을 정의하는 말로 미국에서 처음 사용되기 시작했습니다.#@문장구분# 쓰레기 소각장의 증축과 신축을 반대하는 주민의 시위를 지역 이기주의로 몰아가면 안 됩니다.#@문장구분# 그러므로 정부와 지역 주민, 시민 단체가 대화와 타협을 통해 문제를 해결하기 위해 노력해야 합니다.#@문장구분#",
      "paragraph_len": 694,
      "paragraph_id": "005"
    }
  ],
  "score": {
    "paragraph_score": [
      {
        "paragraph_scoreT": [
          3,
          3,
          2.2
        ],
        "paragraph_scoreT_detail": {
          "paragraph_scoreT_exp": [
            [
              3,
              3,
              3
            ],
            [
              3,
              3,
              3
            ],
            [
              3,
              2,
              2
            ]
          ]
        },
        "paragraph_scoreT_avg": 2.7333333,
        "paragraph_id": "001"
      },
      {
        "paragraph_scoreT": [
          3,
          3,
          2.2
        ],
        "paragraph_scoreT_detail": {
          "paragraph_scoreT_exp": [
            [
              3,
              3,
              3
            ],
            [
              3,
              3,
              3
            ],
            [
              3,
              2,
              2
            ]
          ]
        },
        "paragraph_scoreT_avg": 2.7333333,
        "paragraph_id": "002"
      },
      {
        "paragraph_scoreT": [
          3,
          3,
          2.2
        ],
        "paragraph_scoreT_detail": {
          "paragraph_scoreT_exp": [
            [
              3,
              3,
              3
            ],
            [
              3,
              3,
              3
            ],
            [
              3,
              2,
              2
            ]
          ]
        },
        "paragraph_scoreT_avg": 2.7333333,
        "paragraph_id": "003"
      },
      {
        "paragraph_scoreT": [
          3,
          3,
          2.2
        ],
        "paragraph_scoreT_detail": {
          "paragraph_scoreT_exp": [
            [
              3,
              3,
              3
            ],
            [
              3,
              3,
              3
            ],
            [
              3,
              2,
              2
            ]
          ]
        },
        "paragraph_scoreT_avg": 2.7333333,
        "paragraph_id": "004"
      },
      {
        "paragraph_scoreT": [
          3,
          3,
          2.2
        ],
        "paragraph_scoreT_detail": {
          "paragraph_scoreT_exp": [
            [
              3,
              3,
              3
            ],
            [
              3,
              3,
              3
            ],
            [
              3,
              2,
              2
            ]
          ]
        },
        "paragraph_scoreT_avg": 2.7333333,
        "paragraph_id": "005"
      }
    ],
    "essay_scoreT": [
      28.2,
      28.2,
      25.1
    ],
    "essay_scoreT_avg": 27.166666,
    "essay_scoreT_detail": {
      "essay_scoreT_org": [
        [
          2,
          0,
          3,
          3
        ],
        [
          2,
          0,
          3,
          3
        ],
        [
          3,
          0,
          2,
          3
        ]
      ],
      "essay_scoreT_cont": [
        [
          3,
          3,
          3,
          3
        ],
        [
          3,
          3,
          3,
          3
        ],
        [
          3,
          2,
          2,
          3
        ]
      ],
      "essay_scoreT_exp": [
        [
          3,
          3,
          3
        ],
        [
          3,
          3,
          3
        ],
        [
          3,
          2,
          2
        ]
      ]
    }
  },
  "student": {
    "date": "2021.11.30",
    "student_educated": true,
    "student_grade": "고등_1학년",
    "location": "042",
    "student_grade_group": "고등",
    "student_reading": 2
  },
  "rubric": {
    "essay_grade": "고등_1학년",
    "organization_weight": {
      "org_paragraph": 0,
      "org": 3,
      "org_essay": 6,
      "org_coherence": 3,
      "org_quantity": 1
    },
    "essay_type": "대안제시",
    "content_weight": {
      "con_clearance": 3,
      "con_novelty": 3,
      "con": 4,
      "con_prompt": 1,
      "con_description": 3
    },
    "essay_main_subject": "혐오시설 건설문제에 대한 본인의 생각",
    "expression_weight": {
      "exp_style": 4,
      "exp_grammar": 2,
      "exp_vocab": 4,
      "exp": 3
    }
  },
  "correction": [],
  "info": {
    "essay_id": "ESSAY_53624",
    "essay_prompt": " 혐오 시설이란 지역 주민에게 공포감이나 고통을 주거나, 주변 지역의 쾌적성이 훼손됨으로써 집값이나 땅값이 내려가는 등 부정적인 외부효과를 유발하는 시설을 의미합니다.\n\n 대표적인 혐오 시설에는 쓰레기 매립장, 원자력발전소, 소각장, 유류저장소 등이 있습니다.\n\n 매립지, 소각장, 쓰레기 하치장 같은 혐오 시설은 그리 위험하지는 않지만, 쓰레기를 취급한다는 점에서 혐오감을 주며, 주변 환경오염 문제가 갈등을 일으킵니다. 특히 소각장은 인구밀도가 높은 대도시에 건설된다는 점에서 반대 운동이 일기도 합니다.\n\n 그런데 서로 반대만 하다 보면 입지를 찾지 못해 결국 모든 주민의 삶의 질이 저하될 수 있습니다.\n\n 정부 차원에서 가장 적절한 장소를 선별하여 건설 후 주변 사람들에게 혜택을 주는 방식이 적절한 방법일까요? 아니면 혐오 시설만을 모아둔 부지를 따로 정해서 건설해야 할까요? 아니면 모든 도시가 공평하게 혐오 시설 건설에 대한 부담을 지니고 하나씩 건설해야 할까요?\n\n 모두가 만족할만한 결과를 내기란 정말 어려운 문제이지만 여러분이 생각하는 가장 합리적이고 좋은 방법을 생각해보세요. 그리고 그 방법을 대안으로 제시하고 그 근거에 대해 작성해주세요.",
    "essay_type": "대안제시",
    "essay_level": "1",
    "essay_len": 1530,
    "essay_main_subject": "혐오시설 건설문제에 대한 본인의 생각"
  }
}