{
  "paragraph": [
    {
      "paragraph_txt": "대표적인 혐오 시설에는 쓰레기 매립장, 원자력발전소, 소각장, 유류저장소등, 매립지, 소각장, 쓰레기 하치장 같은 혐오 시설은 그리 위험하지는 않지만, 쓰레기를 취급한다는 점에서 혐오감을 주며, 주변 환경오염 문제가 갈등을 일으킵니다#@문장구분# 또, 군부대도 마찬가지로 주변 부동산 시세 문제로 혐오시설로 생각을 많이 해왔습니다.#@문장구분# 하지만, 지금은 지역의 인구를 늘리고 경제에 기여하는 기관으로 그 인식이 변화하고 있다.#@문장구분# 전주에 있던 35사단이 임실로 이전할 당시에는 지역에서 반대가 심했으나, 군인을 통한 작은 소도시의 인구증가와 음식점, 숙박업.등 매출이 늘고 있다는 소식이 전해지기도 했다.#@문장구분# 이런 효과가 있다는 것과 혐오 시설에 대한 인식의 개선이 어떤 방법으로 이루어질 수 있을지를 알아볼 수 있었다.#@문장구분# 혐오 시설이 혐오를 받지 않기 위해서는, 혐오를 받는 요소를 제거하면 된다.#@문장구분# 매립지, 소각장, 쓰레기 하차장 같은 경우에는 환경오염을 최소화하여 주민들에게는 전혀 피해가 없다는 것을 증명할 수 있어야 할 것이다.#@문장구분# 원자력 발전소 또한 차폐 시설을 철저하게 만들고 주기적으로 검사하여 주민들에게 알리는 등, 시설의 안전성을 입증하고 사람들에게 알려야 할 것이다.#@문장구분# 또한 기존의 방법도 적극적으로 이용하여 혐오 시설 설치 지역에 여러 공공시설, 편이시설을 설치하면, 지자체와 주민들 모두에게 이득이 될 것이다.#@문장구분#혐오 시설을 반대하는 현상은 집단 이기주의 님비현상 (NIMBY) \"Not In My Backyard\" 같이 부정적으로 비추어질 수도 있지만, 핌비현상 'Please In My Front Yard\"으로 다가올수도 있을것이다 자신에게 피해가 된다고 생각하는 시설의 건설은 당연히 좋게 받아들여지기 어렵다#@문장구분# 그렇기 때문에 사람들의 본성을 존중하고, 그들의 인식을 변화시켜 공공에게 이익이 되는 선택을 유도해야 한다고 생각한다.#@문장구분#",
      "paragraph_len": 1126,
      "paragraph_id": "001"
    }
  ],
  "score": {
    "paragraph_score": [
      {
        "paragraph_scoreT": [
          2.6,
          2.6,
          3
        ],
        "paragraph_scoreT_detail": {
          "paragraph_scoreT_exp": [
            [
              3,
              2,
              3
            ],
            [
              3,
              2,
              3
            ],
            [
              3,
              3,
              3
            ]
          ]
        },
        "paragraph_scoreT_avg": 2.7333333,
        "paragraph_id": "001"
      }
    ],
    "essay_scoreT": [
      27.599998,
      27.599998,
      30
    ],
    "essay_scoreT_avg": 28.4,
    "essay_scoreT_detail": {
      "essay_scoreT_org": [
        [
          3,
          0,
          3,
          3
        ],
        [
          3,
          0,
          3,
          3
        ],
        [
          3,
          0,
          3,
          3
        ]
      ],
      "essay_scoreT_cont": [
        [
          3,
          2,
          3,
          3
        ],
        [
          3,
          2,
          3,
          3
        ],
        [
          3,
          3,
          3,
          3
        ]
      ],
      "essay_scoreT_exp": [
        [
          3,
          2,
          3
        ],
        [
          3,
          2,
          3
        ],
        [
          3,
          3,
          3
        ]
      ]
    }
  },
  "student": {
    "date": "2021.12.06",
    "student_educated": true,
    "student_grade": "고등_1학년",
    "location": "063",
    "student_grade_group": "고등",
    "student_reading": 2
  },
  "rubric": {
    "essay_grade": "고등_1학년",
    "organization_weight": {
      "org_paragraph": 0,
      "org": 3,
      "org_essay": 6,
      "org_coherence": 3,
      "org_quantity": 1
    },
    "essay_type": "대안제시",
    "content_weight": {
      "con_clearance": 3,
      "con_novelty": 3,
      "con": 4,
      "con_prompt": 1,
      "con_description": 3
    },
    "essay_main_subject": "혐오시설 건설문제에 대한 본인의 생각",
    "expression_weight": {
      "exp_style": 4,
      "exp_grammar": 2,
      "exp_vocab": 4,
      "exp": 3
    }
  },
  "correction": [],
  "info": {
    "essay_id": "ESSAY_57105",
    "essay_prompt": " 혐오 시설이란 지역 주민에게 공포감이나 고통을 주거나, 주변 지역의 쾌적성이 훼손됨으로써 집값이나 땅값이 내려가는 등 부정적인 외부효과를 유발하는 시설을 의미합니다.\n\n 대표적인 혐오 시설에는 쓰레기 매립장, 원자력발전소, 소각장, 유류저장소 등이 있습니다.\n\n 매립지, 소각장, 쓰레기 하치장 같은 혐오 시설은 그리 위험하지는 않지만, 쓰레기를 취급한다는 점에서 혐오감을 주며, 주변 환경오염 문제가 갈등을 일으킵니다. 특히 소각장은 인구밀도가 높은 대도시에 건설된다는 점에서 반대 운동이 일기도 합니다.\n\n 그런데 서로 반대만 하다 보면 입지를 찾지 못해 결국 모든 주민의 삶의 질이 저하될 수 있습니다.\n\n 정부 차원에서 가장 적절한 장소를 선별하여 건설 후 주변 사람들에게 혜택을 주는 방식이 적절한 방법일까요? 아니면 혐오 시설만을 모아둔 부지를 따로 정해서 건설해야 할까요? 아니면 모든 도시가 공평하게 혐오 시설 건설에 대한 부담을 지니고 하나씩 건설해야 할까요?\n\n 모두가 만족할만한 결과를 내기란 정말 어려운 문제이지만 여러분이 생각하는 가장 합리적이고 좋은 방법을 생각해보세요. 그리고 그 방법을 대안으로 제시하고 그 근거에 대해 작성해주세요.",
    "essay_type": "대안제시",
    "essay_level": "1",
    "essay_len": 907,
    "essay_main_subject": "혐오시설 건설문제에 대한 본인의 생각"
  }
}