{
  "paragraph": [
    {
      "paragraph_txt": "혐오시설 설치 자체가 그 주변 지역 사람들에게 피해가 발생하는 행위라고 생각하면 저는 그 피해만큼의 합당한 보상을 주면 혐오 시설을 설치하는 것의 대한 문제를 해결 할 수 있다고 생각했습니다.#@문장구분# 그래서 그 피해만큼의 보상을 해줘야 하는데 그것을 직접적으로 나타내기에는 어려우므로 그 주변 지역 주민들에게 세금 감면 등 지속적으로 피해를 보상해주는 것이 좋다고 생각하게 되었습니다.#@문장구분# 그래서 첫 번째로 생각한 것은 아까 말했던 주변 지역에 혐오시설을 설치 할 경우 적당한 세금 감면을 하는 것입니다.#@문장구분# 현재 대한민국 평균근로자 세금은 국가통계포탈에서 23.3%입니다.#@문장구분# 근데 만약 주변에 혐오시설을 설치했을 경우 세금을 23.3%에서 30%을 줄인 16.31%를 내는 것입니다.#@문장구분# 그래서 이렇게 줄어든 세금을 혐오시설과 먼 지역에서 대신 내면서 차별성을 두는 것입니다.#@문장구분#그래서 저는 이런 식으로 주변 지역 사람들에게 지속적인 보상을 하고 다른 사람들은 환경이 좋은 만큼 좀 더 돈을 많이 내게 하는 것이 좋다고 생각했습니다.#@문장구분# 그래서 이런 경우에는 혐오시설을 설치해도 합리적이라고 생각합니다.#@문장구분# 근데 만약 이런 경우에도 혐오시설을 설치하는 것이 더 안 좋다고 생각한다면 저는 두 번째로 근처에 편의시설을 설치하는 것이 좋을 것 같다고 생각합니다.#@문장구분# 예를 들어 이미 부송동 에는 소각장이 있습니다.#@문장구분# 그래서 주변 지역 사람들이 피해를 보고 있습니다.#@문장구분# 대신 주변 지역 사람들은 근처 수영장을 좀 더 싸게 이용할 수 있게 해주고 있습니다.#@문장구분# 이렇게 근처에 편의시설을 설치해 혐오시설로 인한 피해를 어느 정도 완화해주는 방법도 괜찮다고 생각합니다.#@문장구분# 그래서 저는 집 근처에 편하게 즐길 수 있는 운동이나 독서 활동 같은 것을 할 수 있는 편의시설인 도서관 및 트레이닝 룸 같은 것이 혐오시설이 설치된 주변 지역에 생기면 더 좋을 것 같다고 생각합니다.#@문장구분# 그리고 이후 아파트에 이사를 오는 주민이 생길 경우 그 주민이 이사를 좀 더 쉽게 할 수 있게 도와주는 것이 좋을 것 같습니다.#@문장구분# 예를 들어 이삿짐 옮기는 업체를 소개해주고 좀 더 싸게 할 수 있게 도와주고 또 필요한 가구들이 있을 경우 가구가 무엇이 좋은지 추천해 주는 것도 있을 것 같습니다.#@문장구분# 이런 식으로 저는 이 문제를 해결 할 수 있을 것 같습니다.#@문장구분#",
      "paragraph_len": 1446,
      "paragraph_id": "001"
    }
  ],
  "score": {
    "paragraph_score": [
      {
        "paragraph_scoreT": [
          3,
          3,
          3
        ],
        "paragraph_scoreT_detail": {
          "paragraph_scoreT_exp": [
            [
              3,
              3,
              3
            ],
            [
              3,
              3,
              3
            ],
            [
              3,
              3,
              3
            ]
          ]
        },
        "paragraph_scoreT_avg": 3,
        "paragraph_id": "001"
      }
    ],
    "essay_scoreT": [
      30,
      28.8,
      28.8
    ],
    "essay_scoreT_avg": 29.199999,
    "essay_scoreT_detail": {
      "essay_scoreT_org": [
        [
          3,
          0,
          3,
          3
        ],
        [
          3,
          0,
          3,
          3
        ],
        [
          3,
          0,
          3,
          3
        ]
      ],
      "essay_scoreT_cont": [
        [
          3,
          3,
          3,
          3
        ],
        [
          3,
          2,
          3,
          3
        ],
        [
          2,
          3,
          3,
          3
        ]
      ],
      "essay_scoreT_exp": [
        [
          3,
          3,
          3
        ],
        [
          3,
          3,
          3
        ],
        [
          3,
          3,
          3
        ]
      ]
    }
  },
  "student": {
    "date": "2021.10.23",
    "student_educated": true,
    "student_grade": "고등_1학년",
    "location": "063",
    "student_grade_group": "고등",
    "student_reading": 2
  },
  "rubric": {
    "essay_grade": "고등_1학년",
    "organization_weight": {
      "org_paragraph": 0,
      "org": 3,
      "org_essay": 6,
      "org_coherence": 3,
      "org_quantity": 1
    },
    "essay_type": "대안제시",
    "content_weight": {
      "con_clearance": 3,
      "con_novelty": 3,
      "con": 4,
      "con_prompt": 1,
      "con_description": 3
    },
    "essay_main_subject": "혐오시설 건설문제에 대한 본인의 생각",
    "expression_weight": {
      "exp_style": 4,
      "exp_grammar": 2,
      "exp_vocab": 4,
      "exp": 3
    }
  },
  "correction": [],
  "info": {
    "essay_id": "ESSAY_42638",
    "essay_prompt": " 혐오 시설이란 지역 주민에게 공포감이나 고통을 주거나, 주변 지역의 쾌적성이 훼손됨으로써 집값이나 땅값이 내려가는 등 부정적인 외부효과를 유발하는 시설을 의미합니다.\n\n 대표적인 혐오 시설에는 쓰레기 매립장, 원자력발전소, 소각장, 유류저장소 등이 있습니다.\n\n 매립지, 소각장, 쓰레기 하치장 같은 혐오 시설은 그리 위험하지는 않지만, 쓰레기를 취급한다는 점에서 혐오감을 주며, 주변 환경오염 문제가 갈등을 일으킵니다. 특히 소각장은 인구밀도가 높은 대도시에 건설된다는 점에서 반대 운동이 일기도 합니다.\n\n 그런데 서로 반대만 하다 보면 입지를 찾지 못해 결국 모든 주민의 삶의 질이 저하될 수 있습니다.\n\n 정부 차원에서 가장 적절한 장소를 선별하여 건설 후 주변 사람들에게 혜택을 주는 방식이 적절한 방법일까요? 아니면 혐오 시설만을 모아둔 부지를 따로 정해서 건설해야 할까요? 아니면 모든 도시가 공평하게 혐오 시설 건설에 대한 부담을 지니고 하나씩 건설해야 할까요?\n\n 모두가 만족할만한 결과를 내기란 정말 어려운 문제이지만 여러분이 생각하는 가장 합리적이고 좋은 방법을 생각해보세요. 그리고 그 방법을 대안으로 제시하고 그 근거에 대해 작성해주세요.",
    "essay_type": "대안제시",
    "essay_level": "1",
    "essay_len": 1107,
    "essay_main_subject": "혐오시설 건설문제에 대한 본인의 생각"
  }
}