{
  "paragraph": [
    {
      "paragraph_txt": "만약 우리집 앞에 혹은 뒤에 근처에 쓰레기 매립장, 원자력발전소, 소각장, 유류저장소 등이 세워진다고 생각을 해 보았다.#@문장구분# 나는 과연 공공의 이익을 위해서 나의 권리를 포기하고 이해할 수 있겠는가?#@문장구분# 어느 누구도 나의 권리와 이익을 포기하고 공공의 이익을 위해 희생하겠다고 나서는 일은 없을 거라고 생각한다.#@문장구분# 도시개발이 계속되어지고 대도시로 사람들이 몰리면서 대도시에서 발생하는 쓰레기가 감당되지 않을 만큼 넘쳐나고 있고 이런 쓰레기는 대도시 인근 혹은 주변지역으로 분산되어 나누어 지게 될 것이다.#@문장구분# 대도시 안에 혐오시설이 설립될 경우 많은 수의 주민들이 들고 일어나 자신들의 권리를 주장할 것이 뻔하기 때문에 인구 밀집도가 낮은 주변의 외곽지역에 설립을 추진하는 지방자치들이 많이 있다.#@문장구분# 나는 이런 정부의 방침에 매우 반대한다.#@문장구분# 낙후된 교통와 생활여건이 있지만 자신의 지역을 사랑하고 지켜온 지역 주민들의 입장이 되어보면 이해하게 될 것이다.#@문장구분#이런 시설이 건설된다면 혐오감도 주고 환경오염 문제도 발생할 것이기 때문이다. #@문장구분#그래서 폐기물 및 쓰레기 발생하는 지역내에 쓰레기는 해당 지역에서 처리하는 방법을 가져야 겠다.#@문장구분# 본인들이 발생시킨 쓰레기로 타인이 희생하면 않되기 때문이다.#@문장구분# 대도시에 그런 시설이 들어서면 많은 사람들이 불편해서 않된다는 의견도 있겠지만 편리한 교통과 생활여건, 교육환경등 이득이 있다면 이런 고충정도는 이해하고 넘어가야 할 것이다.#@문장구분# 현재 우리나라는 대도시로 고급인력들이 모이는 현상이 있다.#@문장구분# 그래서 지방이 소멸되고 있다고들 표현하기도 한다.#@문장구분# 노무현 대통령이 시행했던 중앙정부의 지방분권화가 제대로 이루어지지 않았기 때문인 것 같다. #@문장구분#주요 정부 시설들이 지방으로 분리 되어 운영된다면 대도시로 모이는 현상이나 이런 쓰레기 문제도 해결이 쉽게 될 것이다.#@문장구분# 우리나라 전체가 고루게 발전하고 지방대학과 수도권대학의 교육차도 줄어들 것이다.#@문장구분# 나는 우리나라의 중앙집중식, 대도시 중심의 경제 및 정치 발전 현상을 지방으로 분화시켜 고루 발전하게 된다면 해당 지역에서 발생되는 쓰레기는 해당지역에서 처리하는 방침이 제대로 실행 되리라고 생각한다.#@문장구분#",
      "paragraph_len": 1376,
      "paragraph_id": "001"
    }
  ],
  "score": {
    "paragraph_score": [
      {
        "paragraph_scoreT": [
          3,
          3,
          3
        ],
        "paragraph_scoreT_detail": {
          "paragraph_scoreT_exp": [
            [
              3,
              3,
              3
            ],
            [
              3,
              3,
              3
            ],
            [
              3,
              3,
              3
            ]
          ]
        },
        "paragraph_scoreT_avg": 3,
        "paragraph_id": "001"
      }
    ],
    "essay_scoreT": [
      28.8,
      28.8,
      30
    ],
    "essay_scoreT_avg": 29.199999,
    "essay_scoreT_detail": {
      "essay_scoreT_org": [
        [
          3,
          0,
          3,
          3
        ],
        [
          3,
          0,
          3,
          3
        ],
        [
          3,
          0,
          3,
          3
        ]
      ],
      "essay_scoreT_cont": [
        [
          3,
          2,
          3,
          3
        ],
        [
          3,
          2,
          3,
          3
        ],
        [
          3,
          3,
          3,
          3
        ]
      ],
      "essay_scoreT_exp": [
        [
          3,
          3,
          3
        ],
        [
          3,
          3,
          3
        ],
        [
          3,
          3,
          3
        ]
      ]
    }
  },
  "student": {
    "date": "2021.11.18",
    "student_educated": true,
    "student_grade": "고등_1학년",
    "location": "063",
    "student_grade_group": "고등",
    "student_reading": 2
  },
  "rubric": {
    "essay_grade": "고등_1학년",
    "organization_weight": {
      "org_paragraph": 0,
      "org": 3,
      "org_essay": 6,
      "org_coherence": 3,
      "org_quantity": 1
    },
    "essay_type": "대안제시",
    "content_weight": {
      "con_clearance": 3,
      "con_novelty": 3,
      "con": 4,
      "con_prompt": 1,
      "con_description": 3
    },
    "essay_main_subject": "혐오시설 건설문제에 대한 본인의 생각",
    "expression_weight": {
      "exp_style": 4,
      "exp_grammar": 2,
      "exp_vocab": 4,
      "exp": 3
    }
  },
  "correction": [],
  "info": {
    "essay_id": "ESSAY_47351",
    "essay_prompt": " 혐오 시설이란 지역 주민에게 공포감이나 고통을 주거나, 주변 지역의 쾌적성이 훼손됨으로써 집값이나 땅값이 내려가는 등 부정적인 외부효과를 유발하는 시설을 의미합니다.\n\n 대표적인 혐오 시설에는 쓰레기 매립장, 원자력발전소, 소각장, 유류저장소 등이 있습니다.\n\n 매립지, 소각장, 쓰레기 하치장 같은 혐오 시설은 그리 위험하지는 않지만, 쓰레기를 취급한다는 점에서 혐오감을 주며, 주변 환경오염 문제가 갈등을 일으킵니다. 특히 소각장은 인구밀도가 높은 대도시에 건설된다는 점에서 반대 운동이 일기도 합니다.\n\n 그런데 서로 반대만 하다 보면 입지를 찾지 못해 결국 모든 주민의 삶의 질이 저하될 수 있습니다.\n\n 정부 차원에서 가장 적절한 장소를 선별하여 건설 후 주변 사람들에게 혜택을 주는 방식이 적절한 방법일까요? 아니면 혐오 시설만을 모아둔 부지를 따로 정해서 건설해야 할까요? 아니면 모든 도시가 공평하게 혐오 시설 건설에 대한 부담을 지니고 하나씩 건설해야 할까요?\n\n 모두가 만족할만한 결과를 내기란 정말 어려운 문제이지만 여러분이 생각하는 가장 합리적이고 좋은 방법을 생각해보세요. 그리고 그 방법을 대안으로 제시하고 그 근거에 대해 작성해주세요.",
    "essay_type": "대안제시",
    "essay_level": "1",
    "essay_len": 1037,
    "essay_main_subject": "혐오시설 건설문제에 대한 본인의 생각"
  }
}