{
  "paragraph": [
    {
      "paragraph_txt": "혐오시설이란 지역주민에게 공포감이나 고통을 주거나, 주변지역의 쾌적성이 훼손됨으로써 집값이나 땅값이 내려가는 등 부정적인 외부효과를 유발하는 시설을 의미한다.#@문장구분# 이런 시설은 지역주민 대부분에게 피해를 끼치며 혐오감을 불러와 그 지역을 떠나게 할 수 있으며 누구의 선택도 받을 수 없는 지역이 될 수 있다.#@문장구분# 그러나 그렇다고해서 이런 시설을 없애고 새로 짓지 않을 수는 없다.#@문장구분# 그 이유는 이런 시설을 기반으로 우리의 삶이 더 향상되고 쾌적해지기 때문이다.#@문장구분# 이런 공공의 행복과 삶의 증진을 위해서라도 이런 혐오시설일 설치해야 하는 당연하다.#@문장구분# 지금까지 어디엔가는 이 시설이 존재하고 그 주민들 또한 많은 피해를 감수하며 지내왔을것이다.#@문장구분# 그러나 사람은 늘어나고 쓰레기 또한 늘어나는 것도 당연하다.#@문장구분# 그래서 우리는 당연하게도 혐오시설을 건설해야 한다.#@문장구분# 따라서 '필수적이지만 모두가 원하지 않는 이런 혐오시설을 정해진 위치에 모아 건설하고 그 혐오시설 주변을 박물관이나 전시관, 체험장 예쁘고 아기자기한 포토샵등 색다른 이 곳에서만 누릴 수 있는 관광지로 만드는 것이 어떨까?'하는것이 나의 생각이다.#@문장구분# 일단 혐오시설을 한군데 모아 둠으로써 많은 사람이 피하고 싶어하는 장소가 한 군데로 줄어들것이고 혐오시설에 대한 지역사람들과의 논쟁과 문제도 한군데로 줄어들이다.#@문장구분# 두번째로는 관광지로 지정하여 아름답게 꾸미면 주변 땅값 또한 올라갈것이다.#@문장구분# 혐오시설은 모두에게 불쾌한 냄새와 풍경을 줌으로써 혐오감을 불러일으키는데 시각적인 부분을 아름답게 바꾸면 혐오감도 줄어들게 될 것이며 관광지로 유명해짐으로 인해 많은 사람이 모여들것이고 그렇게되면 혐오시설오 인한 피해를 다 매꿀 수 있을뿐 아니라 보완하여 이익이 생길 가능성 또한 생긴다.#@문장구분# 이런 식으로 모두가 피하고 싶어하는 장소를 모두가 가고 싶은 장소로 변화시키는 것이 모두에게 이익이 되는 좋은 방법이라 생각한다.#@문장구분#",
      "paragraph_len": 1180,
      "paragraph_id": "001"
    }
  ],
  "score": {
    "paragraph_score": [
      {
        "paragraph_scoreT": [
          3,
          3,
          2.4
        ],
        "paragraph_scoreT_detail": {
          "paragraph_scoreT_exp": [
            [
              3,
              3,
              3
            ],
            [
              3,
              3,
              3
            ],
            [
              2,
              3,
              2
            ]
          ]
        },
        "paragraph_scoreT_avg": 2.8,
        "paragraph_id": "001"
      }
    ],
    "essay_scoreT": [
      27.9,
      29.7,
      24.5
    ],
    "essay_scoreT_avg": 27.366667,
    "essay_scoreT_detail": {
      "essay_scoreT_org": [
        [
          2,
          0,
          3,
          2
        ],
        [
          3,
          0,
          3,
          2
        ],
        [
          2,
          0,
          3,
          2
        ]
      ],
      "essay_scoreT_cont": [
        [
          3,
          3,
          3,
          3
        ],
        [
          3,
          3,
          3,
          3
        ],
        [
          2,
          3,
          2,
          3
        ]
      ],
      "essay_scoreT_exp": [
        [
          3,
          3,
          3
        ],
        [
          3,
          3,
          3
        ],
        [
          2,
          3,
          2
        ]
      ]
    }
  },
  "student": {
    "date": "2021.09.13",
    "student_educated": true,
    "student_grade": "고등_1학년",
    "location": "051",
    "student_grade_group": "고등",
    "student_reading": 3
  },
  "rubric": {
    "essay_grade": "고등_1학년",
    "organization_weight": {
      "org_paragraph": 0,
      "org": 3,
      "org_essay": 6,
      "org_coherence": 3,
      "org_quantity": 1
    },
    "essay_type": "대안제시",
    "content_weight": {
      "con_clearance": 3,
      "con_novelty": 3,
      "con": 4,
      "con_prompt": 1,
      "con_description": 3
    },
    "essay_main_subject": "혐오시설 건설문제에 대한 본인의 생각",
    "expression_weight": {
      "exp_style": 4,
      "exp_grammar": 2,
      "exp_vocab": 4,
      "exp": 3
    }
  },
  "correction": [],
  "info": {
    "essay_id": "ESSAY_33923",
    "essay_prompt": " 혐오 시설이란 지역 주민에게 공포감이나 고통을 주거나, 주변 지역의 쾌적성이 훼손됨으로써 집값이나 땅값이 내려가는 등 부정적인 외부효과를 유발하는 시설을 의미합니다.\n\n 대표적인 혐오 시설에는 쓰레기 매립장, 원자력발전소, 소각장, 유류저장소 등이 있습니다.\n\n 매립지, 소각장, 쓰레기 하치장 같은 혐오 시설은 그리 위험하지는 않지만, 쓰레기를 취급한다는 점에서 혐오감을 주며, 주변 환경오염 문제가 갈등을 일으킵니다. 특히 소각장은 인구밀도가 높은 대도시에 건설된다는 점에서 반대 운동이 일기도 합니다.\n\n 그런데 서로 반대만 하다 보면 입지를 찾지 못해 결국 모든 주민의 삶의 질이 저하될 수 있습니다.\n\n 정부 차원에서 가장 적절한 장소를 선별하여 건설 후 주변 사람들에게 혜택을 주는 방식이 적절한 방법일까요? 아니면 혐오 시설만을 모아둔 부지를 따로 정해서 건설해야 할까요? 아니면 모든 도시가 공평하게 혐오 시설 건설에 대한 부담을 지니고 하나씩 건설해야 할까요?\n\n 모두가 만족할만한 결과를 내기란 정말 어려운 문제이지만 여러분이 생각하는 가장 합리적이고 좋은 방법을 생각해보세요. 그리고 그 방법을 대안으로 제시하고 그 근거에 대해 작성해주세요.",
    "essay_type": "대안제시",
    "essay_level": "1",
    "essay_len": 922,
    "essay_main_subject": "혐오시설 건설문제에 대한 본인의 생각"
  }
}