{
  "paragraph": [
    {
      "paragraph_txt": "혐오시설 문제는 오늘날 발생하는 논쟁의 주된 주제 중 하나이다.#@문장구분# 혐오시설을 적합한 장소에 건설하려는 정부와, 혐오시설이 자기 거주지에 건설되는 것을 반대하는 지역 주민들의 갈등은 끊이질 않는다.#@문장구분# 서로 반대만 하다 보면 입지를 찾지 못해 결국 모든 주민의 삶의 질이 저하될 수 있습니다.#@문장구분# 혐오 시설은 그리 위험하지는 않지만, 쓰레기를 취급한다는 점에서 혐오감을 주며, 주변 환경오염 문제가 갈등을 일으킵니다.#@문장구분#",
      "paragraph_len": 307,
      "paragraph_id": "001"
    },
    {
      "paragraph_txt": " 정부 차원에서 가장 적절한 장소를 선별하여 건설 후 주변 사람들에게 혜택을 주는 방식이 적절한 방법일까 하는 생각을 한다.#@문장구분# 아니면 혐오 시설만을 모아둔 부지를 따로 정해서 건설해야 할까요?#@문장구분# 아니면 모든 도시가 공평하게 혐오 시설 건설에 대한 부담을 지니고 하나씩 건설해야 한다.#@문장구분# 사실 화장장이나 쓰레기 매립 등을 담당하는 혐오시설을 짓지 않는 것은 불가능하다.#@문장구분# 그러나 혐오시설을 건설했을 때, 인근 지역 주민들이 입게 되는 피해 또한 너무나 크다.#@문장구분# 따라서 나는, 혐오시설 건설에는 일종의 '보상'이 뒤따라야 한다고 생각한다.#@문장구분# 먼저 혐오시설을 건설하는 대신, 그지역에 필요한 시설도 같이 건설하는 방법이 있다.#@문장구분# 병원, 일자리를창출할 수 있는 것.#@문장구분# 미술관 등 주민들에게 여가생활이나 편의 시설을 제공하는 긍정적인 효과를 가진 시설을 말한다.#@문장구분# 만약 근처에 병원이 부족해서 치료를 받을 때마다 타 지역까지 이동해야하는 지역이 있다고 해보자.#@문장구분# 이 경우에, 이지역 주민들은 자신들의 거주지 주변에 쓰레기 매립지를 건설하는 대신, 큰 규모의 병원을 지역에 유치해달라고 정부에게 요청할 수 있다.#@문장구분# 물론 쓰레기 매립지 건설에 따른 피해가 발생할 것이다.#@문장구분# 그러나 그 대가로 병원, 공원 공공 편의시설등 편리한 시설을 얻었으므로, 지역 주민들의 불만, 피해는 어느정도 보상이되고 줄어들 수 있다. #@문장구분#오히려 불편한 점이 개선되었으므로 이득이라는 생각을 가질 수도 있다.#@문장구분#",
      "paragraph_len": 978,
      "paragraph_id": "002"
    }
  ],
  "score": {
    "paragraph_score": [
      {
        "paragraph_scoreT": [
          3,
          3,
          2.8
        ],
        "paragraph_scoreT_detail": {
          "paragraph_scoreT_exp": [
            [
              3,
              3,
              3
            ],
            [
              3,
              3,
              3
            ],
            [
              2,
              3,
              3
            ]
          ]
        },
        "paragraph_scoreT_avg": 2.9333334,
        "paragraph_id": "001"
      },
      {
        "paragraph_scoreT": [
          3,
          3,
          2.8
        ],
        "paragraph_scoreT_detail": {
          "paragraph_scoreT_exp": [
            [
              3,
              3,
              3
            ],
            [
              3,
              3,
              3
            ],
            [
              2,
              3,
              3
            ]
          ]
        },
        "paragraph_scoreT_avg": 2.9333334,
        "paragraph_id": "002"
      }
    ],
    "essay_scoreT": [
      28.8,
      28.8,
      29.4
    ],
    "essay_scoreT_avg": 29,
    "essay_scoreT_detail": {
      "essay_scoreT_org": [
        [
          3,
          0,
          3,
          3
        ],
        [
          3,
          0,
          3,
          3
        ],
        [
          3,
          0,
          3,
          3
        ]
      ],
      "essay_scoreT_cont": [
        [
          3,
          2,
          3,
          3
        ],
        [
          3,
          2,
          3,
          3
        ],
        [
          3,
          3,
          3,
          3
        ]
      ],
      "essay_scoreT_exp": [
        [
          3,
          3,
          3
        ],
        [
          3,
          3,
          3
        ],
        [
          2,
          3,
          3
        ]
      ]
    }
  },
  "student": {
    "date": "2021.12.06",
    "student_educated": true,
    "student_grade": "고등_1학년",
    "location": "063",
    "student_grade_group": "고등",
    "student_reading": 2
  },
  "rubric": {
    "essay_grade": "고등_1학년",
    "organization_weight": {
      "org_paragraph": 0,
      "org": 3,
      "org_essay": 6,
      "org_coherence": 3,
      "org_quantity": 1
    },
    "essay_type": "대안제시",
    "content_weight": {
      "con_clearance": 3,
      "con_novelty": 3,
      "con": 4,
      "con_prompt": 1,
      "con_description": 3
    },
    "essay_main_subject": "혐오시설 건설문제에 대한 본인의 생각",
    "expression_weight": {
      "exp_style": 4,
      "exp_grammar": 2,
      "exp_vocab": 4,
      "exp": 3
    }
  },
  "correction": [],
  "info": {
    "essay_id": "ESSAY_57092",
    "essay_prompt": " 혐오 시설이란 지역 주민에게 공포감이나 고통을 주거나, 주변 지역의 쾌적성이 훼손됨으로써 집값이나 땅값이 내려가는 등 부정적인 외부효과를 유발하는 시설을 의미합니다.\n\n 대표적인 혐오 시설에는 쓰레기 매립장, 원자력발전소, 소각장, 유류저장소 등이 있습니다.\n\n 매립지, 소각장, 쓰레기 하치장 같은 혐오 시설은 그리 위험하지는 않지만, 쓰레기를 취급한다는 점에서 혐오감을 주며, 주변 환경오염 문제가 갈등을 일으킵니다. 특히 소각장은 인구밀도가 높은 대도시에 건설된다는 점에서 반대 운동이 일기도 합니다.\n\n 그런데 서로 반대만 하다 보면 입지를 찾지 못해 결국 모든 주민의 삶의 질이 저하될 수 있습니다.\n\n 정부 차원에서 가장 적절한 장소를 선별하여 건설 후 주변 사람들에게 혜택을 주는 방식이 적절한 방법일까요? 아니면 혐오 시설만을 모아둔 부지를 따로 정해서 건설해야 할까요? 아니면 모든 도시가 공평하게 혐오 시설 건설에 대한 부담을 지니고 하나씩 건설해야 할까요?\n\n 모두가 만족할만한 결과를 내기란 정말 어려운 문제이지만 여러분이 생각하는 가장 합리적이고 좋은 방법을 생각해보세요. 그리고 그 방법을 대안으로 제시하고 그 근거에 대해 작성해주세요.",
    "essay_type": "대안제시",
    "essay_level": "1",
    "essay_len": 928,
    "essay_main_subject": "혐오시설 건설문제에 대한 본인의 생각"
  }
}