{
  "paragraph": [
    {
      "paragraph_txt": "이러한 문제는 시설의 필요성은 인정하지만 그 시설이 자기지역에 입지하는 것을 반대하는 '님비현상'이 발생했기 때문에 생긴 것이다.#@문장구분# 따라서 이러한 문제를 해결하려면 사람들이 살지 않는 곳에 혐오시설을 설치해서 피해를 줄이는것이 하나의 방법이라고 생각한다.#@문장구분# 물론, 이 방법을 통해서 문제가 완전히 해결될 것이라고 생각하지는 않는다.#@문장구분# 하지만 모든 사람의 삶의 질이 저하되는 것을 막기 위해서는 어딘가에는 혐오시설을 설치 해야하기 때문에 서로 꺼리는 상황이라면 결국 사람이 살지 않는 곳(지역, 섬 등) 어딘가에 혐오시설을 설치하는 것이 최선의 방법이라고 생각한다.#@문장구분# 또한, 혐오시설을 사람들과 멀리 떨어져 배치해놓음으로써 사람들의 갈등을 없앨 수 있다.#@문장구분# 그런데, 사람들이 이토록 혐오시설을 기피하지만 없애지 않는 이유를 (대표적인 혐오시설중 하나인) 원자력발전소를 예로 들어 말하면, 가장 큰 취약점인 방사선과 방사선 폐기물은 지구 환경과 인체에 매우 치명적인 독성을 가지고 있고 폐기물 처리비용이 매우 크다.#@문장구분# 또한, 어떤 원전이든 방사능이 유출될 가능성이 있다.#@문장구분# 그렇기 때문에 지역 주민들이 원자력발전소를 선호하지 않는다. #@문장구분#그럼에도 불구하고 원자력발전소가 필요한 이유는 우리가 얻는 이익 또한 존재하기 때문이다.#@문장구분# 첫째, 생산 단가가 다른 에너지 발전에 비해 싸다. 둘째, 유해물질이 방출되지 않는다.#@문장구분# 따라서 온실효과나 산성비로 인한 생태계 위협요인들을 제거할 수 있기 때문에 생태계문제가 해결가능하다.#@문장구분# 이러한 이점들이 있기 때문에 사람들이 혐오시설을 기피하지만 없애지 않는 것이다.#@문장구분# 결과적으로 혐오시설을 설치했을 경우, 주변지역이 피해를 보고 부정적인 효과가 발생하기 때문에 사람들이 혐오시설을 기피하는 것이다.#@문장구분# 그러므로 모든 사람들에게 부정적인 영향을 끼치지 않기 위해서는 사람이 살지 않는 곳에 혐오시설을 설치하는 것이 하나의 방법이 될 수 있다.#@문장구분#",
      "paragraph_len": 1201,
      "paragraph_id": "001"
    }
  ],
  "score": {
    "paragraph_score": [
      {
        "paragraph_scoreT": [
          3,
          3,
          3
        ],
        "paragraph_scoreT_detail": {
          "paragraph_scoreT_exp": [
            [
              3,
              3,
              3
            ],
            [
              3,
              3,
              3
            ],
            [
              3,
              3,
              3
            ]
          ]
        },
        "paragraph_scoreT_avg": 3,
        "paragraph_id": "001"
      }
    ],
    "essay_scoreT": [
      30,
      30,
      30
    ],
    "essay_scoreT_avg": 30,
    "essay_scoreT_detail": {
      "essay_scoreT_org": [
        [
          3,
          0,
          3,
          3
        ],
        [
          3,
          0,
          3,
          3
        ],
        [
          3,
          0,
          3,
          3
        ]
      ],
      "essay_scoreT_cont": [
        [
          3,
          3,
          3,
          3
        ],
        [
          3,
          3,
          3,
          3
        ],
        [
          3,
          3,
          3,
          3
        ]
      ],
      "essay_scoreT_exp": [
        [
          3,
          3,
          3
        ],
        [
          3,
          3,
          3
        ],
        [
          3,
          3,
          3
        ]
      ]
    }
  },
  "student": {
    "date": "2021.10.21",
    "student_educated": true,
    "student_grade": "고등_1학년",
    "location": "063",
    "student_grade_group": "고등",
    "student_reading": 3
  },
  "rubric": {
    "essay_grade": "고등_1학년",
    "organization_weight": {
      "org_paragraph": 0,
      "org": 3,
      "org_essay": 6,
      "org_coherence": 3,
      "org_quantity": 1
    },
    "essay_type": "대안제시",
    "content_weight": {
      "con_clearance": 3,
      "con_novelty": 3,
      "con": 4,
      "con_prompt": 1,
      "con_description": 3
    },
    "essay_main_subject": "혐오시설 건설문제에 대한 본인의 생각",
    "expression_weight": {
      "exp_style": 4,
      "exp_grammar": 2,
      "exp_vocab": 4,
      "exp": 3
    }
  },
  "correction": [],
  "info": {
    "essay_id": "ESSAY_42650",
    "essay_prompt": " 혐오 시설이란 지역 주민에게 공포감이나 고통을 주거나, 주변 지역의 쾌적성이 훼손됨으로써 집값이나 땅값이 내려가는 등 부정적인 외부효과를 유발하는 시설을 의미합니다.\n\n 대표적인 혐오 시설에는 쓰레기 매립장, 원자력발전소, 소각장, 유류저장소 등이 있습니다.\n\n 매립지, 소각장, 쓰레기 하치장 같은 혐오 시설은 그리 위험하지는 않지만, 쓰레기를 취급한다는 점에서 혐오감을 주며, 주변 환경오염 문제가 갈등을 일으킵니다. 특히 소각장은 인구밀도가 높은 대도시에 건설된다는 점에서 반대 운동이 일기도 합니다.\n\n 그런데 서로 반대만 하다 보면 입지를 찾지 못해 결국 모든 주민의 삶의 질이 저하될 수 있습니다.\n\n 정부 차원에서 가장 적절한 장소를 선별하여 건설 후 주변 사람들에게 혜택을 주는 방식이 적절한 방법일까요? 아니면 혐오 시설만을 모아둔 부지를 따로 정해서 건설해야 할까요? 아니면 모든 도시가 공평하게 혐오 시설 건설에 대한 부담을 지니고 하나씩 건설해야 할까요?\n\n 모두가 만족할만한 결과를 내기란 정말 어려운 문제이지만 여러분이 생각하는 가장 합리적이고 좋은 방법을 생각해보세요. 그리고 그 방법을 대안으로 제시하고 그 근거에 대해 작성해주세요.",
    "essay_type": "대안제시",
    "essay_level": "1",
    "essay_len": 921,
    "essay_main_subject": "혐오시설 건설문제에 대한 본인의 생각"
  }
}