{
  "paragraph": [
    {
      "paragraph_txt": "일본 원자력 발전소에서 흘러나오는 오염수로 인해 해양 관련 업종 및 스포츠에 막대한 피해가 발생하고 있다.#@문장구분# 그러면 이러한 피해를 막기 위해 어떻게 해야할까?#@문장구분#",
      "paragraph_len": 127,
      "paragraph_id": "001"
    },
    {
      "paragraph_txt": " 첫 번째로는 정부는 해안에 있는 오염물질을 검토하고 오염물질에 대한 대책방안을 마련해야한다. #@문장구분#원자력 발전소에서 발생되어 나오는 오염물질의 수는 우리들의 생각과 달리 많고 다양하다.#@문장구분# 그렇기 때문에 한 가지 방법으로 모든 오염 물질을 막는 것은 현실적으로 불가능하다.#@문장구분# 여러 가지 방법들이 많겠지만 한 가지 예시를 하나 들어본다면 우리나라를 기준으로 약 5km 떨어진 바다의 위치로부터 방류를 하는 방법이 있다.#@문장구분# ",
      "paragraph_len": 309,
      "paragraph_id": "002"
    },
    {
      "paragraph_txt": " 두 번째로는 해양수산부는 일본의 선박을 관리하고, 일본에서 수입되는 물품들의 원산지를 제대로 밝혀야한다.#@문장구분# 선박을 통해서 오염수가 들어올 수 있기 때문이다.#@문장구분# 또, 수입되는 물품이나 식품의 원산지를 밝혀 소비자가 신뢰하고 먹거리를 먹을 수 있도록 해야한다.#@문장구분# 소비자가 식품을 먹었다가 건강에 피해를 입는 일이 발생하지 않도록 해야한다.#@문장구분# 해양수산부뿐만 아니라 우리도 원산지를 잘 확인하고 구매해야하며 국내산을 되도록이면 구매하는 것이 좋다.#@문장구분# \n마지막으로는 정부가 해양 스포츠 및 해양업종에 대한 지원을 해주는 방법이 있다.#@문장구분# 지원을 함으로써 경기침체를 극복해 나갈 수 있으며 다시 경제력을 살리는데 기여할 수 있다.#@문장구분# 추가적으로 이벤트나 행사 등을 자주 개최하여 관광객을 불러들일 수 있으며 이것 또한 경기침체를 되살리는 방법 중 하나이다.#@문장구분# 행사 및 이벤트의 예시로는 대회를 개최할 수 있으며 해양 스포츠 이용료를 할인하는 방법 등이 있다.#@문장구분# ",
      "paragraph_len": 646,
      "paragraph_id": "003"
    },
    {
      "paragraph_txt": " 이런 국제적인 일은 한 나라에만 영향을 미치는 것이 아니라 주변 국가들에게까지 피해를 끼친다.#@문장구분# 그러므로 여러 국가들이 이러한 문제에 관심을 가지고 도와주어야하며 이러한 상황을 빨리 해결해 경기를 되살려야할 것이다.#@문장구분#",
      "paragraph_len": 160,
      "paragraph_id": "004"
    }
  ],
  "score": {
    "paragraph_score": [
      {
        "paragraph_scoreT": [
          3,
          3,
          2.8
        ],
        "paragraph_scoreT_detail": {
          "paragraph_scoreT_exp": [
            [
              3,
              3,
              3
            ],
            [
              3,
              3,
              3
            ],
            [
              2,
              3,
              3
            ]
          ]
        },
        "paragraph_scoreT_avg": 2.9333334,
        "paragraph_id": "001"
      },
      {
        "paragraph_scoreT": [
          3,
          3,
          3
        ],
        "paragraph_scoreT_detail": {
          "paragraph_scoreT_exp": [
            [
              3,
              3,
              3
            ],
            [
              3,
              3,
              3
            ],
            [
              3,
              3,
              3
            ]
          ]
        },
        "paragraph_scoreT_avg": 3,
        "paragraph_id": "002"
      },
      {
        "paragraph_scoreT": [
          3,
          3,
          3
        ],
        "paragraph_scoreT_detail": {
          "paragraph_scoreT_exp": [
            [
              3,
              3,
              3
            ],
            [
              3,
              3,
              3
            ],
            [
              3,
              3,
              3
            ]
          ]
        },
        "paragraph_scoreT_avg": 3,
        "paragraph_id": "003"
      },
      {
        "paragraph_scoreT": [
          3,
          3,
          2.2
        ],
        "paragraph_scoreT_detail": {
          "paragraph_scoreT_exp": [
            [
              3,
              3,
              3
            ],
            [
              3,
              3,
              3
            ],
            [
              3,
              2,
              2
            ]
          ]
        },
        "paragraph_scoreT_avg": 2.7333333,
        "paragraph_id": "004"
      }
    ],
    "essay_scoreT": [
      24.7,
      25.699999,
      26
    ],
    "essay_scoreT_avg": 25.466667,
    "essay_scoreT_detail": {
      "essay_scoreT_org": [
        [
          2,
          0,
          3,
          2
        ],
        [
          2,
          0,
          2,
          3
        ],
        [
          3,
          0,
          3,
          3
        ]
      ],
      "essay_scoreT_cont": [
        [
          2,
          2,
          1,
          3
        ],
        [
          2,
          3,
          2,
          3
        ],
        [
          2,
          2,
          2,
          3
        ]
      ],
      "essay_scoreT_exp": [
        [
          3,
          3,
          3
        ],
        [
          3,
          3,
          3
        ],
        [
          3,
          3,
          2
        ]
      ]
    }
  },
  "student": {
    "date": "2021.09.03",
    "student_educated": true,
    "student_grade": "고등_1학년",
    "location": "051",
    "student_grade_group": "고등",
    "student_reading": 1
  },
  "rubric": {
    "essay_grade": "고등_1학년",
    "organization_weight": {
      "org_paragraph": 0,
      "org": 3,
      "org_essay": 6,
      "org_coherence": 3,
      "org_quantity": 1
    },
    "essay_type": "대안제시",
    "content_weight": {
      "con_clearance": 3,
      "con_novelty": 3,
      "con": 4,
      "con_prompt": 1,
      "con_description": 3
    },
    "essay_main_subject": "혐오시설 건설문제에 대한 본인의 생각",
    "expression_weight": {
      "exp_style": 4,
      "exp_grammar": 2,
      "exp_vocab": 4,
      "exp": 3
    }
  },
  "correction": [],
  "info": {
    "essay_id": "ESSAY_33860",
    "essay_prompt": " 혐오 시설이란 지역 주민에게 공포감이나 고통을 주거나, 주변 지역의 쾌적성이 훼손됨으로써 집값이나 땅값이 내려가는 등 부정적인 외부효과를 유발하는 시설을 의미합니다.\n\n 대표적인 혐오 시설에는 쓰레기 매립장, 원자력발전소, 소각장, 유류저장소 등이 있습니다.\n\n 매립지, 소각장, 쓰레기 하치장 같은 혐오 시설은 그리 위험하지는 않지만, 쓰레기를 취급한다는 점에서 혐오감을 주며, 주변 환경오염 문제가 갈등을 일으킵니다. 특히 소각장은 인구밀도가 높은 대도시에 건설된다는 점에서 반대 운동이 일기도 합니다.\n\n 그런데 서로 반대만 하다 보면 입지를 찾지 못해 결국 모든 주민의 삶의 질이 저하될 수 있습니다.\n\n 정부 차원에서 가장 적절한 장소를 선별하여 건설 후 주변 사람들에게 혜택을 주는 방식이 적절한 방법일까요? 아니면 혐오 시설만을 모아둔 부지를 따로 정해서 건설해야 할까요? 아니면 모든 도시가 공평하게 혐오 시설 건설에 대한 부담을 지니고 하나씩 건설해야 할까요?\n\n 모두가 만족할만한 결과를 내기란 정말 어려운 문제이지만 여러분이 생각하는 가장 합리적이고 좋은 방법을 생각해보세요. 그리고 그 방법을 대안으로 제시하고 그 근거에 대해 작성해주세요.",
    "essay_type": "대안제시",
    "essay_level": "1",
    "essay_len": 910,
    "essay_main_subject": "혐오시설 건설문제에 대한 본인의 생각"
  }
}