{
  "paragraph": [
    {
      "paragraph_txt": "최근에 들어 사회가 발전하면서 남녀평등 사회가 강조되고 있지만 아직 많은 사람들이 서로를 비판한다.#@문장구분# 대체로 남자는 여자를 혐오하고, 여자는 남자를 혐오한다.#@문장구분# 그냥 생각으로 싫어하는 거라면 괜찮지만 요즘 매체가 발달하면서 댓글, 영상등 다양한 방법으로 상대를 비난한다.#@문장구분# 이것을 우리는 여혐, 남혐이라고 부른다.#@문장구분# 그냥 들으면 살면서 있을 수 있는 일이라고 생각하겠지만 사회적 문제가 될 만큼 심각한 문제이다.#@문장구분# 제가 찾은 기사만 봐도 알 수있듯이 그저 포털사이트에 여혐, 남혐에 관한 문구 하나가 올라온 것 만으로도 많은 비난을 받을만큼 중요한 일 이라는걸 알 수 있다.#@문장구분# 이러한 문제를 해결하기 위해서는 먼저 서로의 생각이나 방식을 인정해야한다.#@문장구분# 사람은 누구나 생각하는게 다르기 때문에 그것을 비난하거나 싫어하면 안된다.#@문장구분# 다른 사람의 생각을 인정하는 것만으로도 여혐, 남혐 문제에 큰 첫걸음을 남기는 것이다.#@문장구분# 다음으로는 서로를 비교하지 않는 것입니다.#@문장구분# 요즘같은 경쟁사회에 자신이 특별하다는 우월의식을 가진 사람들이 늘어나 상대방을 다양한 방법으로 무시하기 때문에 상대망을 무시하지 말고 존중해야 한다.#@문장구분# 마지막으로는 학교폭력, 컴퓨터 중독같은 문제를 해결하기위해 교육하듯이 여혐, 남혐에 관한 노래를 만들거나 포스터, 인터넷 사이트 게시물, 영상등으로 사람들에게 심각성을 일께워 줘야한다.#@문장구분# 이외에도 다양한 밥법으로 여혐, 남혐 문제를 해결할 수 있으니 서로 노력해 이러한 문제를 해결할 수 있도록 많은 노력을 해야한다.#@문장구분# 또 이 문제가 심각해지면 이에관한 법률을 만들어 예방하는 것도 좋은 방법이라고 생각한다.#@문장구분# 서로 노력해서 비난없는 사회를 만들었으면 좋겠다.#@문장구분#",
      "paragraph_len": 1112,
      "paragraph_id": "001"
    }
  ],
  "score": {
    "paragraph_score": [
      {
        "paragraph_scoreT": [
          2.4,
          2.8,
          1.2
        ],
        "paragraph_scoreT_detail": {
          "paragraph_scoreT_exp": [
            [
              2,
              3,
              2
            ],
            [
              2,
              3,
              3
            ],
            [
              2,
              1,
              1
            ]
          ]
        },
        "paragraph_scoreT_avg": 2.1333332,
        "paragraph_id": "001"
      }
    ],
    "essay_scoreT": [
      22.5,
      29.4,
      12.5
    ],
    "essay_scoreT_avg": 21.466667,
    "essay_scoreT_detail": {
      "essay_scoreT_org": [
        [
          2,
          0,
          2,
          1
        ],
        [
          3,
          0,
          3,
          3
        ],
        [
          1,
          0,
          1,
          2
        ]
      ],
      "essay_scoreT_cont": [
        [
          3,
          2,
          3,
          2
        ],
        [
          3,
          3,
          3,
          3
        ],
        [
          2,
          1,
          2,
          1
        ]
      ],
      "essay_scoreT_exp": [
        [
          2,
          3,
          2
        ],
        [
          2,
          3,
          3
        ],
        [
          2,
          1,
          1
        ]
      ]
    }
  },
  "student": {
    "date": "2021.09.08",
    "student_educated": true,
    "student_grade": "고등_1학년",
    "location": "051",
    "student_grade_group": "고등",
    "student_reading": 1
  },
  "rubric": {
    "essay_grade": "고등_1학년",
    "organization_weight": {
      "org_paragraph": 0,
      "org": 3,
      "org_essay": 6,
      "org_coherence": 3,
      "org_quantity": 1
    },
    "essay_type": "대안제시",
    "content_weight": {
      "con_clearance": 3,
      "con_novelty": 3,
      "con": 4,
      "con_prompt": 1,
      "con_description": 3
    },
    "essay_main_subject": "남녀 갈등 해결 방안",
    "expression_weight": {
      "exp_style": 4,
      "exp_grammar": 2,
      "exp_vocab": 4,
      "exp": 3
    }
  },
  "correction": [],
  "info": {
    "essay_id": "ESSAY_34667",
    "essay_prompt": " 남녀 갈등은 최근 우리 사회에서 가장 뜨거운 이슈 중 하나입니다. 이러한 갈등은 아직 간극을 좁히지 못하고 현재 사회적인 문제로 자리 잡았습니다.\n\n 군 가산점 문제, 일자리 문제 등 여러 가지 비교 자료들을 토대로 토론을 하고 이를 통해 갈등을 해결하고자 하는 노력이 이루어지고 있습니다.\n\n 과거에는 성차별 심했던 시기가 있었습니다. 여자와 남자를 구별 지어 일을 주는 경우도 많았습니다. 하지만, 현재는 여자와 남자라는 성별을 떠나서 나이, 국적을 불문하고 모두에게 평등한 기회를 주기 위해 노력하고 있습니다.\n\n 이렇게 모두의 노력에도 불구하고 아직 해결되지 않았거나 해결될 기미가 보이지 않는 양성평등 문제가 있을까요?\n\n 아주 작은 사소한 일이라도 좋습니다. 여러분이 생각하는 우리 주변의 양성평등 문제를 하나 작성해보고 어떻게 해결할 수 있을지 혹은 무엇이 바뀌어야 해결될 것 같은지 본인의 생각을 설명해주세요. ",
    "essay_type": "대안제시",
    "essay_level": "1",
    "essay_len": 812,
    "essay_main_subject": "남녀 갈등 해결 방안"
  }
}