{
  "paragraph": [
    {
      "paragraph_txt": "요즘 SNS나 인터넷, 각종 매체에서 남녀갈등이 일어나고 있는데 이런 갈등이 일어나는 이유는 여성이나 남성이 자신의 성별로 인해 차별을 받거나 부당한 대우를 받았기 때문입니다.#@문장구분# 최근 sns가 발달되고 미투에 가까운 본인이 당한 부당한일들을 알리는것에대해 꺼림이 없어지자 이러한 제보나 투고들이 많이 늘어나고있습니다.#@문장구분# sns의 순 기능으로써 작용하면서 억울한사람들의 한을 풀어주는 세상의 소통공간이 되면 좋다고 생각하지만, 문제는 사람들이 인터넷에서 자신의 억울함을 표현하는 것 까지는 좋은데 허위 사실을 만들어서 어떻게든 다른 성별을 무시하고 까내리고 성별간의 갈등을 만드려고 하는 것입니다.#@문장구분# 최근 여성시대라는 사이트에서 글쓴이 본인이 댓글을 쓰면 원래는 그냥 익명으로 나오지만 최근 업데이트로 인해 글쓴이 본인의 댓글이 글쓴이라고 나오게 되었습니다.#@문장구분# 그로인해 예전 글들도 같이 글쓴이 댓글이 보이게 되었는데 글쓴 본인이 본인글에 댓글을 달아 문제의 여론을 조작하고 반응들을 직접 다는 것을 볼수 있었습니다.#@문장구분# 본인이 직접 여론을 조작한것에 대해 저는 이러한 사회 현상에 대해 일단 남녀 갈등을 만드는 집단이 없어져야하고 평범한 사람들은 남녀의 사회적 능력이 다르다고 해도 서로의 인권을 침해지않고 성별을 존중하며 여자 , 남자라는 이유로 차별하지 않으며 살아야 한다고 생각합니다.#@문장구분# 그것을 생각하면 저는 차별을 없애기 위해서는 인터넷 실명제가 필요하다고 생각합니다.#@문장구분# 요즘 sns에서 나오는 남녀 갈등 문제를 보다보면 현실에서도 저렇게 말할수 있을까 라고생각합니다.#@문장구분# 물론 좋은 기능을 할수있겠지만 저는 현실에도 못할말은 인터넷에도 하면 안된다고 생각합니다.#@문장구분# 따라서 인터넷 실명제를 해야한다고 생각합니다.#@문장구분#",
      "paragraph_len": 1039,
      "paragraph_id": "001"
    }
  ],
  "score": {
    "paragraph_score": [
      {
        "paragraph_scoreT": [
          2.6,
          2.8,
          2
        ],
        "paragraph_scoreT_detail": {
          "paragraph_scoreT_exp": [
            [
              3,
              3,
              2
            ],
            [
              2,
              3,
              3
            ],
            [
              2,
              2,
              2
            ]
          ]
        },
        "paragraph_scoreT_avg": 2.4666665,
        "paragraph_id": "001"
      }
    ],
    "essay_scoreT": [
      27.599998,
      29.4,
      20
    ],
    "essay_scoreT_avg": 25.666666,
    "essay_scoreT_detail": {
      "essay_scoreT_org": [
        [
          3,
          0,
          3,
          3
        ],
        [
          3,
          0,
          3,
          3
        ],
        [
          2,
          0,
          2,
          2
        ]
      ],
      "essay_scoreT_cont": [
        [
          3,
          3,
          3,
          2
        ],
        [
          3,
          3,
          3,
          3
        ],
        [
          2,
          2,
          2,
          2
        ]
      ],
      "essay_scoreT_exp": [
        [
          3,
          3,
          2
        ],
        [
          2,
          3,
          3
        ],
        [
          2,
          2,
          2
        ]
      ]
    }
  },
  "student": {
    "date": "2021.10.01",
    "student_educated": true,
    "student_grade": "고등_1학년",
    "location": "051",
    "student_grade_group": "고등",
    "student_reading": 1
  },
  "rubric": {
    "essay_grade": "고등_1학년",
    "organization_weight": {
      "org_paragraph": 0,
      "org": 3,
      "org_essay": 6,
      "org_coherence": 3,
      "org_quantity": 1
    },
    "essay_type": "대안제시",
    "content_weight": {
      "con_clearance": 3,
      "con_novelty": 3,
      "con": 4,
      "con_prompt": 1,
      "con_description": 3
    },
    "essay_main_subject": "남녀 갈등 해결 방안",
    "expression_weight": {
      "exp_style": 4,
      "exp_grammar": 2,
      "exp_vocab": 4,
      "exp": 3
    }
  },
  "correction": [],
  "info": {
    "essay_id": "ESSAY_37035",
    "essay_prompt": " 남녀 갈등은 최근 우리 사회에서 가장 뜨거운 이슈 중 하나입니다. 이러한 갈등은 아직 간극을 좁히지 못하고 현재 사회적인 문제로 자리 잡았습니다.\n\n 군 가산점 문제, 일자리 문제 등 여러 가지 비교 자료들을 토대로 토론을 하고 이를 통해 갈등을 해결하고자 하는 노력이 이루어지고 있습니다.\n\n 과거에는 성차별 심했던 시기가 있었습니다. 여자와 남자를 구별 지어 일을 주는 경우도 많았습니다. 하지만, 현재는 여자와 남자라는 성별을 떠나서 나이, 국적을 불문하고 모두에게 평등한 기회를 주기 위해 노력하고 있습니다.\n\n 이렇게 모두의 노력에도 불구하고 아직 해결되지 않았거나 해결될 기미가 보이지 않는 양성평등 문제가 있을까요?\n\n 아주 작은 사소한 일이라도 좋습니다. 여러분이 생각하는 우리 주변의 양성평등 문제를 하나 작성해보고 어떻게 해결할 수 있을지 혹은 무엇이 바뀌어야 해결될 것 같은지 본인의 생각을 설명해주세요. ",
    "essay_type": "대안제시",
    "essay_level": "1",
    "essay_len": 839,
    "essay_main_subject": "남녀 갈등 해결 방안"
  }
}