{
  "paragraph": [
    {
      "paragraph_txt": "남녀 차별 문제가 해결되기 위해서는 우선 여성가족부가 사라져야 이 문제를 해결 방안을 찾을 수 있을거 같다.#@문장구분# 여성가족부가 있는한 이문제에 대하여 아무리 토의를 해봤자 아무런 효과가 없을듯하다.#@문장구분# 또한 요즘 사람들 인식이 너무 여성을 받들어주는 인식이 너무 크다고 생각한나.#@문장구분# 그러므로 우선 우리 사회에서의 인색개선, 여성가족부 폐지를 하고 서로서로 타협을 보면서 하나하나 맞춰가야한다고 생각한다. #@문장구분#그리고 혐오나 차별을 조장하는 사람들에 대한 처벌의 수위가 세게 나와야 한다고 생각한다. #@문장구분#요즘 인터넷에만 봐도 남녀혐오나 차별을 조장하는 글들이 자주 목격되는데 그런 사람들의 글은 진짜 100분의 1 아니 10000분의 1의 사람의 생각인데 그 소수의 생각이 다수의 생각이 아니라는 것을 인지해야 한다고 생각한다.#@문장구분# 그 소수의 생각을 가지고 정책을 만드니까 문제가 생기는 것이라고 생각한다.#@문장구분# 일예로 직장 내에 여성 비율이 적다고 여성할당제라는 바보같은 법을 만들어 남녀 성비를 5:5로 맞추는 법을 시행했다.#@문장구분# 그 결과 며칠전 수원에서 층간소음으로 인해 출동한 여경이 가해자가 피해자를 칼로 찌르는 광경을 목격하고도 그대로 도망쳤다고 뉴스에 나왔다.#@문장구분# 나는 이걸 보고 정말 화가났다.#@문장구분# 경찰은 시민을 보호해주는 사람들인데 그런 사람들을 능력을 보고 뽑는 것이 아닌, 그냥 여자 머리수만 맞추려고 뽑아 국민의 세금을 낭비하는 것이 정말 화가났다.#@문장구분# 여경은 투표소 못찾는 할머니를 투표소까지 데려다주었다고 특진을 하고 남경들은 열심히 범인잡고 취객들과 싸우는데 여경보다 승진이나 인사에서 밀린다는 것을 보고 정말 이게 나라가 맞나 싶었다.#@문장구분# 어서 빨리 이런 문제들이 해결 돼 남녀 서로 사랑하는 세상이 왔으면 좋겠다.#@문장구분#",
      "paragraph_len": 1097,
      "paragraph_id": "001"
    }
  ],
  "score": {
    "paragraph_score": [
      {
        "paragraph_scoreT": [
          2.8,
          2.4,
          2.4
        ],
        "paragraph_scoreT_detail": {
          "paragraph_scoreT_exp": [
            [
              2,
              3,
              3
            ],
            [
              2,
              2,
              3
            ],
            [
              2,
              2,
              3
            ]
          ]
        },
        "paragraph_scoreT_avg": 2.5333333,
        "paragraph_id": "001"
      }
    ],
    "essay_scoreT": [
      24.5,
      25.2,
      25.7
    ],
    "essay_scoreT_avg": 25.133333,
    "essay_scoreT_detail": {
      "essay_scoreT_org": [
        [
          2,
          0,
          3,
          2
        ],
        [
          2,
          0,
          3,
          3
        ],
        [
          3,
          0,
          2,
          3
        ]
      ],
      "essay_scoreT_cont": [
        [
          3,
          2,
          2,
          2
        ],
        [
          3,
          2,
          3,
          3
        ],
        [
          3,
          2,
          2,
          3
        ]
      ],
      "essay_scoreT_exp": [
        [
          2,
          3,
          3
        ],
        [
          2,
          2,
          3
        ],
        [
          2,
          2,
          3
        ]
      ]
    }
  },
  "student": {
    "date": "2021.01.18",
    "student_educated": true,
    "student_grade": "고등_1학년",
    "location": "054",
    "student_grade_group": "고등",
    "student_reading": 1
  },
  "rubric": {
    "essay_grade": "고등_1학년",
    "organization_weight": {
      "org_paragraph": 0,
      "org": 3,
      "org_essay": 6,
      "org_coherence": 3,
      "org_quantity": 1
    },
    "essay_type": "대안제시",
    "content_weight": {
      "con_clearance": 3,
      "con_novelty": 3,
      "con": 4,
      "con_prompt": 1,
      "con_description": 3
    },
    "essay_main_subject": "남녀 갈등 해결 방안",
    "expression_weight": {
      "exp_style": 4,
      "exp_grammar": 2,
      "exp_vocab": 4,
      "exp": 3
    }
  },
  "correction": [],
  "info": {
    "essay_id": "ESSAY_47293",
    "essay_prompt": " 남녀 갈등은 최근 우리 사회에서 가장 뜨거운 이슈 중 하나입니다. 이러한 갈등은 아직 간극을 좁히지 못하고 현재 사회적인 문제로 자리 잡았습니다.\n\n 군 가산점 문제, 일자리 문제 등 여러 가지 비교 자료들을 토대로 토론을 하고 이를 통해 갈등을 해결하고자 하는 노력이 이루어지고 있습니다.\n\n 과거에는 성차별 심했던 시기가 있었습니다. 여자와 남자를 구별 지어 일을 주는 경우도 많았습니다. 하지만, 현재는 여자와 남자라는 성별을 떠나서 나이, 국적을 불문하고 모두에게 평등한 기회를 주기 위해 노력하고 있습니다.\n\n 이렇게 모두의 노력에도 불구하고 아직 해결되지 않았거나 해결될 기미가 보이지 않는 양성평등 문제가 있을까요?\n\n 아주 작은 사소한 일이라도 좋습니다. 여러분이 생각하는 우리 주변의 양성평등 문제를 하나 작성해보고 어떻게 해결할 수 있을지 혹은 무엇이 바뀌어야 해결될 것 같은지 본인의 생각을 설명해주세요. ",
    "essay_type": "대안제시",
    "essay_level": "1",
    "essay_len": 837,
    "essay_main_subject": "남녀 갈등 해결 방안"
  }
}