{
  "paragraph": [
    {
      "paragraph_txt": "요즈음 남녀 혐오발언 및 갈등이 심화되고 있다.#@문장구분# 사실 이 남녀갈등은 생활하면서 피할수 없는 것이다.#@문장구분# 원래부터 남자와 여자는 서로다른 신체구조를 가지고 있어 그로인해 발생하는 생활양식에 차이로 인한 갈등, 또 뇌구조도 차이가 있기 때문에 서로 생각의 차이가 발생하여 생기는 갈등 등이 생길수 밖에 없다.#@문장구분# 하지만 현재 진행되고 있는 이 남녀갈등은 몇몇 단체에서는 종잡을수 없이 커지고 있다.#@문장구분# 그 예는 바로 급진적 페미니스트들을 대표하는 '메갈리아'(보통은 '메갈' 라고 부르는)와 그에 반하는 극우성향의 인터넷커뮤니티 '일간베스트' (보통은 '일베' 라고 부르는) 이 두 단체의 갈등이다.#@문장구분# 이 두 단체의 경우 서로를 헐뜯고 깎아 내리는 아주 원색적인 비난들을 서로 하고 있는데, 이것은 남녀갈등과는 전혀 상관이 없다.#@문장구분# 현재 일어나는 이런 원색적인 남녀 혐오발언 갈등들은 어쩌다 생겨나게 되었을까?#@문장구분#",
      "paragraph_len": 583,
      "paragraph_id": "001"
    },
    {
      "paragraph_txt": " 먼저 남녀 혐오발언이 일어나게 된 계기부터 알아보아야 한다.#@문장구분# 우리나라에서는 여성인권신장을 위하여 '페미니스트'들이 등장하기 시작하였는데 초창기에 이들이 하던 활동은 여성들의 인권신장을 위해 출산휴가제도 보장에 앞장서고, 성폭력을 예방하고, 성범죄자들이 합당한 처벌을 받을수 있게 하는 사회가 함께 성장할수 있는 활동에 전념하였지만, 이후 등장한 몇몇 급진적 페미니스트들에 의해 '여성'에만 치중한 활동을 시작하고, 그것이 주축이되며 문제가 발생하기 시작하였다.#@문장구분# 그로인해 남성에 대한 역차별 문제가 생겨나고, 남성들이 그에 반하는 목소리를 내며 갈등이 발생하기 시작한 것이다.#@문장구분#",
      "paragraph_len": 382,
      "paragraph_id": "002"
    },
    {
      "paragraph_txt": " 그럼 이런 문제들을 어떻게 해결해나가야 할까?#@문장구분# 바로 이성적으로 이해하는 것이다.#@문장구분# 지금 현재 남녀갈등의 가장 큰 문제는 이성적이고 논리적인 사고를 통한 문제해결방안 제시가 아닌 감정적이고 비이성적인 사고를 통한 문제해결방안을 제시하여 생긴 문제들이다.#@문장구분# 그럼 우리가 논리적이고 이성적인 사고로부터 만들어진 문제해결방안을 제시하려면 어떻게 해야될까?#@문장구분# 우리가 할수있는 것은 비이성적이고 감정적인 논리들, 말들로부터 떨어지고 비판적인 사고방식을 더욱 발달시키는 수 밖에는 없다.#@문장구분# 지금 우리는 여러 가짜뉴스들과 자극적인 말들로 가득찬 세상에서 성별에 관한 편협한 사고를 할 수도 있다.#@문장구분# 하지만 우리가 세상을 비판적이고 논리적으로 바라만 본다면 남녀갈등에 대한 이성적인 판단으로 많은 문제들을 해소하고 남녀 모두 평등하고, 아름답게 살아갈수 있는 좋은 환경을 만들 수 있을 것이다.#@문장구분#",
      "paragraph_len": 571,
      "paragraph_id": "003"
    }
  ],
  "score": {
    "paragraph_score": [
      {
        "paragraph_scoreT": [
          2.6,
          3,
          2
        ],
        "paragraph_scoreT_detail": {
          "paragraph_scoreT_exp": [
            [
              3,
              3,
              2
            ],
            [
              3,
              3,
              3
            ],
            [
              2,
              2,
              2
            ]
          ]
        },
        "paragraph_scoreT_avg": 2.5333333,
        "paragraph_id": "001"
      },
      {
        "paragraph_scoreT": [
          2.6,
          3,
          2.4
        ],
        "paragraph_scoreT_detail": {
          "paragraph_scoreT_exp": [
            [
              3,
              3,
              2
            ],
            [
              3,
              3,
              3
            ],
            [
              2,
              3,
              2
            ]
          ]
        },
        "paragraph_scoreT_avg": 2.6666667,
        "paragraph_id": "002"
      },
      {
        "paragraph_scoreT": [
          2.6,
          3,
          2
        ],
        "paragraph_scoreT_detail": {
          "paragraph_scoreT_exp": [
            [
              3,
              3,
              2
            ],
            [
              3,
              3,
              3
            ],
            [
              2,
              2,
              2
            ]
          ]
        },
        "paragraph_scoreT_avg": 2.5333333,
        "paragraph_id": "003"
      }
    ],
    "essay_scoreT": [
      23.3,
      26.099998,
      21.5
    ],
    "essay_scoreT_avg": 23.633331,
    "essay_scoreT_detail": {
      "essay_scoreT_org": [
        [
          2,
          0,
          2,
          3
        ],
        [
          2,
          0,
          2,
          3
        ],
        [
          2,
          0,
          2,
          3
        ]
      ],
      "essay_scoreT_cont": [
        [
          3,
          2,
          2,
          2
        ],
        [
          3,
          2,
          3,
          3
        ],
        [
          2,
          2,
          2,
          2
        ]
      ],
      "essay_scoreT_exp": [
        [
          3,
          3,
          2
        ],
        [
          3,
          3,
          3
        ],
        [
          2,
          2,
          3
        ]
      ]
    }
  },
  "student": {
    "date": "2021.10.01",
    "student_educated": true,
    "student_grade": "고등_1학년",
    "location": "051",
    "student_grade_group": "고등",
    "student_reading": 1
  },
  "rubric": {
    "essay_grade": "고등_1학년",
    "organization_weight": {
      "org_paragraph": 0,
      "org": 3,
      "org_essay": 6,
      "org_coherence": 3,
      "org_quantity": 1
    },
    "essay_type": "대안제시",
    "content_weight": {
      "con_clearance": 3,
      "con_novelty": 3,
      "con": 4,
      "con_prompt": 1,
      "con_description": 3
    },
    "essay_main_subject": "남녀 갈등 해결 방안",
    "expression_weight": {
      "exp_style": 4,
      "exp_grammar": 2,
      "exp_vocab": 4,
      "exp": 3
    }
  },
  "correction": [],
  "info": {
    "essay_id": "ESSAY_36389",
    "essay_prompt": " 남녀 갈등은 최근 우리 사회에서 가장 뜨거운 이슈 중 하나입니다. 이러한 갈등은 아직 간극을 좁히지 못하고 현재 사회적인 문제로 자리 잡았습니다.\n\n 군 가산점 문제, 일자리 문제 등 여러 가지 비교 자료들을 토대로 토론을 하고 이를 통해 갈등을 해결하고자 하는 노력이 이루어지고 있습니다.\n\n 과거에는 성차별 심했던 시기가 있었습니다. 여자와 남자를 구별 지어 일을 주는 경우도 많았습니다. 하지만, 현재는 여자와 남자라는 성별을 떠나서 나이, 국적을 불문하고 모두에게 평등한 기회를 주기 위해 노력하고 있습니다.\n\n 이렇게 모두의 노력에도 불구하고 아직 해결되지 않았거나 해결될 기미가 보이지 않는 양성평등 문제가 있을까요?\n\n 아주 작은 사소한 일이라도 좋습니다. 여러분이 생각하는 우리 주변의 양성평등 문제를 하나 작성해보고 어떻게 해결할 수 있을지 혹은 무엇이 바뀌어야 해결될 것 같은지 본인의 생각을 설명해주세요. ",
    "essay_type": "대안제시",
    "essay_level": "1",
    "essay_len": 1201,
    "essay_main_subject": "남녀 갈등 해결 방안"
  }
}