{
  "paragraph": [
    {
      "paragraph_txt": "쓰레기 매립지 꾸미기 캠페인을 개최하는 방법이 있다.#@문장구분# 쓰레기 매립지가 주민들에게 직접적으로 주는 피해가 없음에도 이러한 시설을 꺼리는 이유는 쓰레기 매립지에 대한 부정적인 인식이기 때문에 꾸미는 활동을 통해서 안 좋은 시각을 완화시키는 효과를 기대해 볼 수 있기 때문이다.#@문장구분# 쓰레기 맬입지 등과 같은 시설들이 혐오 시설이라 불리는 것 자체부터 상당한 문제가 있기 때문에 이러한 용어 사용을 자제하는 것과 동시에 시설 주변을 꾸미는 캠페인을 개최한다면 친근감 또한 기대해 볼 수 있을 것이다.#@문장구분# \n정부에서 쓰레기 매립지 근처에 살고 있는 주민들을 대상으로 금전적인 지원을 해주는 방법이 있다.#@문장구분# 사실 쓰레기 매립지는 악취 등 어떠한 피해도 주고 있지 않지만 이 시설이 본인에게 피해를 받아들이는 사람들이 많기 때문에 이러한 사람들의 불만의 목소리를 낮추어 줄 필요가 있다.#@문장구분# 정부의 금전적인 지원으로 주민들이 혜택을 얻을 수 있게 된다면 주민들의 불만의 목소리가 줄어들 것이라는 기대를 해볼 수 있을 것이다.#@문장구분# \n쓰레기 매립지에 대한 부정적인 인식과 무조건적으로 피해가 올 것이라고 생각하는 편견을 없애는 것이 가장 핵심적인 사항이기 때문에 이러한 인식 변화를 위한 교육이 필요하다고 생각한다.#@문장구분# 쓰레기 매립지 근처에 많이 다니는 학교에서 쓰레기 매립지에 대한 편견을 부수기 위한 교육을 한다면 이는 인식 변화에 좋은 영향을 줄 수 있을 것이다.#@문장구분# 특히 쓰레기 매립지는 악취를 풍기지 않는 등 피해를 주지 않는다는 것을 강조하면 더 큰 효과를 기대해 볼 수 있을 것 같다.#@문장구분# 학생들을 대상으로 하는 교육 뿐 아니라 어른들을 위한 설명회도 있다면 매우 큰 효과를 기대해 볼 수 있을 것이다.#@문장구분#",
      "paragraph_len": 1024,
      "paragraph_id": "001"
    }
  ],
  "score": {
    "paragraph_score": [
      {
        "paragraph_scoreT": [
          2.6,
          3,
          2.8
        ],
        "paragraph_scoreT_detail": {
          "paragraph_scoreT_exp": [
            [
              3,
              2,
              3
            ],
            [
              3,
              3,
              3
            ],
            [
              2,
              3,
              3
            ]
          ]
        },
        "paragraph_scoreT_avg": 2.8,
        "paragraph_id": "001"
      }
    ],
    "essay_scoreT": [
      26.1,
      29.7,
      26
    ],
    "essay_scoreT_avg": 27.266668,
    "essay_scoreT_detail": {
      "essay_scoreT_org": [
        [
          3,
          0,
          3,
          2
        ],
        [
          3,
          0,
          3,
          2
        ],
        [
          2,
          0,
          3,
          3
        ]
      ],
      "essay_scoreT_cont": [
        [
          3,
          2,
          3,
          2
        ],
        [
          3,
          3,
          3,
          3
        ],
        [
          3,
          2,
          2,
          3
        ]
      ],
      "essay_scoreT_exp": [
        [
          3,
          2,
          3
        ],
        [
          3,
          3,
          3
        ],
        [
          2,
          3,
          3
        ]
      ]
    }
  },
  "student": {
    "date": "2021.09.07",
    "student_educated": true,
    "student_grade": "고등_1학년",
    "location": "051",
    "student_grade_group": "고등",
    "student_reading": 2
  },
  "rubric": {
    "essay_grade": "고등_1학년",
    "organization_weight": {
      "org_paragraph": 0,
      "org": 3,
      "org_essay": 6,
      "org_coherence": 3,
      "org_quantity": 1
    },
    "essay_type": "대안제시",
    "content_weight": {
      "con_clearance": 3,
      "con_novelty": 3,
      "con": 4,
      "con_prompt": 1,
      "con_description": 3
    },
    "essay_main_subject": "혐오시설 건설문제에 대한 본인의 생각",
    "expression_weight": {
      "exp_style": 4,
      "exp_grammar": 2,
      "exp_vocab": 4,
      "exp": 3
    }
  },
  "correction": [],
  "info": {
    "essay_id": "ESSAY_33815",
    "essay_prompt": " 혐오 시설이란 지역 주민에게 공포감이나 고통을 주거나, 주변 지역의 쾌적성이 훼손됨으로써 집값이나 땅값이 내려가는 등 부정적인 외부효과를 유발하는 시설을 의미합니다.\n\n 대표적인 혐오 시설에는 쓰레기 매립장, 원자력발전소, 소각장, 유류저장소 등이 있습니다.\n\n 매립지, 소각장, 쓰레기 하치장 같은 혐오 시설은 그리 위험하지는 않지만, 쓰레기를 취급한다는 점에서 혐오감을 주며, 주변 환경오염 문제가 갈등을 일으킵니다. 특히 소각장은 인구밀도가 높은 대도시에 건설된다는 점에서 반대 운동이 일기도 합니다.\n\n 그런데 서로 반대만 하다 보면 입지를 찾지 못해 결국 모든 주민의 삶의 질이 저하될 수 있습니다.\n\n 정부 차원에서 가장 적절한 장소를 선별하여 건설 후 주변 사람들에게 혜택을 주는 방식이 적절한 방법일까요? 아니면 혐오 시설만을 모아둔 부지를 따로 정해서 건설해야 할까요? 아니면 모든 도시가 공평하게 혐오 시설 건설에 대한 부담을 지니고 하나씩 건설해야 할까요?\n\n 모두가 만족할만한 결과를 내기란 정말 어려운 문제이지만 여러분이 생각하는 가장 합리적이고 좋은 방법을 생각해보세요. 그리고 그 방법을 대안으로 제시하고 그 근거에 대해 작성해주세요.",
    "essay_type": "대안제시",
    "essay_level": "1",
    "essay_len": 825,
    "essay_main_subject": "혐오시설 건설문제에 대한 본인의 생각"
  }
}