{
  "paragraph": [
    {
      "paragraph_txt": "최근 안산선수는 과거 자신의 SNS에 '웅앵웅', ' 오조오억' 이라는 혐오발언을 사용하면서 이슈가 되었는데 여기서 오조오억이란 말은 본래 일반적인 인터넷 용어였으나 남혐을 하는 커뮤니티, 소위말해 메갈리아나 여성시대 같은 페미니스트 단체에서에서 한국남성을 비하할때 쓰는말로 쓰기시작되면서 남혐단어로 인식되었고, 웅앵웅은 웅얼웅얼과 비슷한 말로 주로 남혐을 하는 커뮤니티에서 남자들이 웅얼웅얼댄다 라는 뜻으로 사용되어 현재의 남혐용어가 되었다.#@문장구분# 현재 안산선수에 대한 이슈는 여혐이라고 되어있는데 이는 잘못된 것이다.#@문장구분# 남성들이 주로 사용하는 커뮤니티에서는 안산선수가 웅앵웅, 오조오억 이란 단어를 사용함에 있어서 문제를 제기한 것이다.#@문장구분# 이전에 올림픽 출전선수가 일베용어를 사용하면서 사과를 했던 적이 있었는데, 안산선수도 남성을 혐오하는 발언을 사용하였기에 이에대한 해명을 요구했던것이데  페미니즘을 따르는 사람을 뜻하고, 페미니즘이란 성별로 인한 정치, 경제, 사회 문화적 차별을 없애고자 하는 견해와 사상이다.#@문장구분# 물론 이념만 보면 나도 당연히 현재 시대에서 남녀 성별로 인한 차별은 없어져야 한다고 생각한다.#@문장구분# 하지만  정말 요즘보면 페미니스트들이 여성들의 인권이 낮다고 주장하여 장애인보다 더 많은 혜택을 누릴려고 하는것처럼 보이는것같다.#@문장구분# 육체적인것은 남자만 도맡아서 하기보단 남녀가 서로 힘을 합쳐서 같이 하려는 의식을 길러야하고, 남녀 성비를 따져가며 직업을 뽑기보단 능력을 우선시하는 사회가 되어야 한다.#@문장구분# 언론은 거짓된 정보를 써서는 안되고, 기사의내용을 부풀리고, 이익을 위해 어그로를 끄는 일은 없어져야 한다.#@문장구분#",
      "paragraph_len": 954,
      "paragraph_id": "001"
    }
  ],
  "score": {
    "paragraph_score": [
      {
        "paragraph_scoreT": [
          3,
          3,
          2.8
        ],
        "paragraph_scoreT_detail": {
          "paragraph_scoreT_exp": [
            [
              3,
              3,
              3
            ],
            [
              3,
              3,
              3
            ],
            [
              2,
              3,
              3
            ]
          ]
        },
        "paragraph_scoreT_avg": 2.9333334,
        "paragraph_id": "001"
      }
    ],
    "essay_scoreT": [
      27.300001,
      25.6,
      29.4
    ],
    "essay_scoreT_avg": 27.433334,
    "essay_scoreT_detail": {
      "essay_scoreT_org": [
        [
          3,
          0,
          3,
          2
        ],
        [
          3,
          0,
          3,
          3
        ],
        [
          3,
          0,
          3,
          3
        ]
      ],
      "essay_scoreT_cont": [
        [
          3,
          2,
          3,
          2
        ],
        [
          2,
          1,
          1,
          3
        ],
        [
          3,
          3,
          3,
          3
        ]
      ],
      "essay_scoreT_exp": [
        [
          3,
          3,
          3
        ],
        [
          3,
          3,
          3
        ],
        [
          2,
          3,
          3
        ]
      ]
    }
  },
  "student": {
    "date": "2021.12.15",
    "student_educated": true,
    "student_grade": "고등_1학년",
    "location": "063",
    "student_grade_group": "고등",
    "student_reading": 2
  },
  "rubric": {
    "essay_grade": "고등_1학년",
    "organization_weight": {
      "org_paragraph": 0,
      "org": 3,
      "org_essay": 6,
      "org_coherence": 3,
      "org_quantity": 1
    },
    "essay_type": "대안제시",
    "content_weight": {
      "con_clearance": 3,
      "con_novelty": 3,
      "con": 4,
      "con_prompt": 1,
      "con_description": 3
    },
    "essay_main_subject": "남녀 갈등 해결 방안",
    "expression_weight": {
      "exp_style": 4,
      "exp_grammar": 2,
      "exp_vocab": 4,
      "exp": 3
    }
  },
  "correction": [],
  "info": {
    "essay_id": "ESSAY_62383",
    "essay_prompt": " 남녀 갈등은 최근 우리 사회에서 가장 뜨거운 이슈 중 하나입니다. 이러한 갈등은 아직 간극을 좁히지 못하고 현재 사회적인 문제로 자리 잡았습니다.\n\n 군 가산점 문제, 일자리 문제 등 여러 가지 비교 자료들을 토대로 토론을 하고 이를 통해 갈등을 해결하고자 하는 노력이 이루어지고 있습니다.\n\n 과거에는 성차별 심했던 시기가 있었습니다. 여자와 남자를 구별 지어 일을 주는 경우도 많았습니다. 하지만, 현재는 여자와 남자라는 성별을 떠나서 나이, 국적을 불문하고 모두에게 평등한 기회를 주기 위해 노력하고 있습니다.\n\n 이렇게 모두의 노력에도 불구하고 아직 해결되지 않았거나 해결될 기미가 보이지 않는 양성평등 문제가 있을까요?\n\n 아주 작은 사소한 일이라도 좋습니다. 여러분이 생각하는 우리 주변의 양성평등 문제를 하나 작성해보고 어떻게 해결할 수 있을지 혹은 무엇이 바뀌어야 해결될 것 같은지 본인의 생각을 설명해주세요. ",
    "essay_type": "대안제시",
    "essay_level": "1",
    "essay_len": 794,
    "essay_main_subject": "남녀 갈등 해결 방안"
  }
}