{
  "paragraph": [
    {
      "paragraph_txt": "여혐 문제는 매스컴도 한 몫 한다고 생각한다.#@문장구분# 뉴스에 나오는 여혐, 남혐에 대한 표현을 나도 모르는 것도 많고 도대체 왜 저 표현이 혐오를 뜻하는지도 사실 이해가 되지 않기 때문이다.#@문장구분# 일부 커뮤니티에서 쓰는 단어든 일어나는 일들을 온 나라가 들석이게 떠들어된다.#@문장구분# 이런 기사들을 본다면 남녀노소 나  공인들이나 사회의 저명한 인사들이 조심해서 표현을 쓰게 될 것이고, 이렇게 된다면 여혐, 남혐의 표현에 대한 논란은 줄어들 것이고,여성이 권익이 보장되어야 합니다.#@문장구분# 둘째, 사회적 인식이 개선되어야 합니다.#@문장구분# 잘못된 성의 고정관념에서 벗어나고 관습을 철폐하며 성의 차이를 인식하고 서로 존중해야합니다.#@문장구분# 왜곡된 여성의 모습을 다루는 대중 매체에서 성 평등에 대한 내용을 다루도록 하여 보다 쉽고 간단하게 노출됨을 이용해 사회적 인식 개선에 도움을 주어야 합니다.#@문장구분# 또 남혐, 여혐의 문제성만 인식할 게 아니라 그 문제의 심각성, 그에 따른 처벌의 정도 등을 각인 시킬 수 있도록 해야합니다.#@문장구분# 셋째, 올바른 사회를 위한 변화된 교육을 해야합니다.#@문장구분# 요즘 청소년들 사이에서도 남혐, 여혐 발언이 오가는 일이 매우 많은데 이는 학교측에서 올바른 교육과 빠른 대처가 필요함을 의미합니다.#@문장구분# 근본적으로는 같은 사람임을 교육시키고 성 평등을 위한 교육을 어릴 때부터 실시하여 양성평등이 이루어지도록 하는 교육이 필요합니다.#@문장구분# 우리는 여전히 성차별을 당한다.#@문장구분# 알아챌 수 있는 없지만 우리 생활 깊숙이 자리잡고 있다.#@문장구분#이에 대해서 이 문제를 뿌리 뽑는 것은 어렵겠지만 지금부터라도 우리가 서로를 이성으로 생각하고 성별을 나누는 것이 아니라 같이 살아가는 사회 구성원으로 생각해야 한다.#@문장구분#",
      "paragraph_len": 1094,
      "paragraph_id": "001"
    }
  ],
  "score": {
    "paragraph_score": [
      {
        "paragraph_scoreT": [
          2.8,
          2.8,
          2.4
        ],
        "paragraph_scoreT_detail": {
          "paragraph_scoreT_exp": [
            [
              2,
              3,
              3
            ],
            [
              2,
              3,
              3
            ],
            [
              2,
              2,
              3
            ]
          ]
        },
        "paragraph_scoreT_avg": 2.6666667,
        "paragraph_id": "001"
      }
    ],
    "essay_scoreT": [
      26.599998,
      29.4,
      26.100002
    ],
    "essay_scoreT_avg": 27.366669,
    "essay_scoreT_detail": {
      "essay_scoreT_org": [
        [
          3,
          0,
          3,
          3
        ],
        [
          3,
          0,
          3,
          3
        ],
        [
          3,
          0,
          2,
          3
        ]
      ],
      "essay_scoreT_cont": [
        [
          3,
          2,
          2,
          2
        ],
        [
          3,
          3,
          3,
          3
        ],
        [
          3,
          3,
          3,
          2
        ]
      ],
      "essay_scoreT_exp": [
        [
          2,
          3,
          3
        ],
        [
          2,
          3,
          3
        ],
        [
          2,
          2,
          3
        ]
      ]
    }
  },
  "student": {
    "date": "2021.12.06",
    "student_educated": true,
    "student_grade": "고등_1학년",
    "location": "063",
    "student_grade_group": "고등",
    "student_reading": 2
  },
  "rubric": {
    "essay_grade": "고등_1학년",
    "organization_weight": {
      "org_paragraph": 0,
      "org": 3,
      "org_essay": 6,
      "org_coherence": 3,
      "org_quantity": 1
    },
    "essay_type": "대안제시",
    "content_weight": {
      "con_clearance": 3,
      "con_novelty": 3,
      "con": 4,
      "con_prompt": 1,
      "con_description": 3
    },
    "essay_main_subject": "남녀 갈등 해결 방안",
    "expression_weight": {
      "exp_style": 4,
      "exp_grammar": 2,
      "exp_vocab": 4,
      "exp": 3
    }
  },
  "correction": [],
  "info": {
    "essay_id": "ESSAY_60274",
    "essay_prompt": " 남녀 갈등은 최근 우리 사회에서 가장 뜨거운 이슈 중 하나입니다. 이러한 갈등은 아직 간극을 좁히지 못하고 현재 사회적인 문제로 자리 잡았습니다.\n\n 군 가산점 문제, 일자리 문제 등 여러 가지 비교 자료들을 토대로 토론을 하고 이를 통해 갈등을 해결하고자 하는 노력이 이루어지고 있습니다.\n\n 과거에는 성차별 심했던 시기가 있었습니다. 여자와 남자를 구별 지어 일을 주는 경우도 많았습니다. 하지만, 현재는 여자와 남자라는 성별을 떠나서 나이, 국적을 불문하고 모두에게 평등한 기회를 주기 위해 노력하고 있습니다.\n\n 이렇게 모두의 노력에도 불구하고 아직 해결되지 않았거나 해결될 기미가 보이지 않는 양성평등 문제가 있을까요?\n\n 아주 작은 사소한 일이라도 좋습니다. 여러분이 생각하는 우리 주변의 양성평등 문제를 하나 작성해보고 어떻게 해결할 수 있을지 혹은 무엇이 바뀌어야 해결될 것 같은지 본인의 생각을 설명해주세요. ",
    "essay_type": "대안제시",
    "essay_level": "1",
    "essay_len": 815,
    "essay_main_subject": "남녀 갈등 해결 방안"
  }
}