{
  "paragraph": [
    {
      "paragraph_txt": "문제 상황을 해결하기 위한 대안으로 첫째, 찬반 의견을 충분히 물색한 후 의견을 조율하는 것이다.#@문장구분# 반려견 놀이터는 국민 공청회를 거쳐야 할 의무가 없기 때문에 충분한 의견을 듣지 못한 채 설치되는 경우가 많다.#@문장구분# 그러나 찬성 의견이 있으면 반대 의견도 분명히 존재할 것이다.#@문장구분# 이때 양측 중 의견이 무시되는 쪽은 반발이 일어나기 쉽다.#@문장구분# 그렇기에 반려견 놀이터를 설립하기 전에 설문조사 등으로 찬성과 반대의 의견을 물색하고 서로 조율해 보아야 한다.#@문장구분#",
      "paragraph_len": 348,
      "paragraph_id": "001"
    },
    {
      "paragraph_txt": " 둘째, 이중창을 설치하기, 철조망이나 펜스를 높게 설치하기 등의 대안이 있다.#@문장구분# 출입문에 이중창을 설치하면 출입의 자유가 어느 정도 통제되어 반려견이 출입문 밖으로 나오는 것을 막을 수 있다.#@문장구분# 게다가 미취학 아동이나 호기심이 많은 아이들은 반려견 놀이터 안으로 들어가는 상황이 발생할 수도 있다.#@문장구분# 견주들에게는 착한 반려견이지만 항상 예상 외의 상황은 존재한다.#@문장구분# 그렇기 때문에 이중창 설치로 어린 아이들의 출입 역시 통제가 가능하다.#@문장구분# 그리고 반려견 놀이터 주위의 철조망, 펜스를 높게 하면 반려견이 그것을 뛰어넘어서 밖으로 탈출하는 것도 막을 수 있을 것이다.#@문장구분#",
      "paragraph_len": 432,
      "paragraph_id": "002"
    },
    {
      "paragraph_txt": " 셋째는 CCTV를 설치하는 것이다.#@문장구분# 위의 대안에도 걱정하는 주민들이 있을 수 있다.#@문장구분# CCTV를 설치함으로써 위험 요인에 더 적극적으로 대비할 수 있고 사고가 발생하였을 때 신속하게 대처하여 마무리할 수 있을 것이다.#@문장구분#\n마지막으로 찬성 측과 반대 측이 장소 선정과 반려견 놀이터 건설에 적극적으로 참여하게 하는 것이다.#@문장구분# 찬성 측은 반대의 의견이 있음에도 반려견 놀이터를 설립하는 것이기 때문에 반대 측의 의견을 어느 정도 수용할 필요성이 있다. #@문장구분#그렇기에 양측이 함께 장소 선정에 참여해야 한다.#@문장구분#",
      "paragraph_len": 395,
      "paragraph_id": "003"
    },
    {
      "paragraph_txt": " 위의 대안을 적절히 이용한다면 찬성 측과 반대 측이 모두 만족하는 결과를 낼 수 있을 것이다.#@문장구분#",
      "paragraph_len": 73,
      "paragraph_id": "004"
    }
  ],
  "score": {
    "paragraph_score": [
      {
        "paragraph_scoreT": [
          3,
          3,
          3
        ],
        "paragraph_scoreT_detail": {
          "paragraph_scoreT_exp": [
            [
              3,
              3,
              3
            ],
            [
              3,
              3,
              3
            ],
            [
              3,
              3,
              3
            ]
          ]
        },
        "paragraph_scoreT_avg": 3,
        "paragraph_id": "001"
      },
      {
        "paragraph_scoreT": [
          3,
          3,
          3
        ],
        "paragraph_scoreT_detail": {
          "paragraph_scoreT_exp": [
            [
              3,
              3,
              3
            ],
            [
              3,
              3,
              3
            ],
            [
              3,
              3,
              3
            ]
          ]
        },
        "paragraph_scoreT_avg": 3,
        "paragraph_id": "002"
      },
      {
        "paragraph_scoreT": [
          3,
          3,
          3
        ],
        "paragraph_scoreT_detail": {
          "paragraph_scoreT_exp": [
            [
              3,
              3,
              3
            ],
            [
              3,
              3,
              3
            ],
            [
              3,
              3,
              3
            ]
          ]
        },
        "paragraph_scoreT_avg": 3,
        "paragraph_id": "003"
      },
      {
        "paragraph_scoreT": [
          3,
          3,
          2
        ],
        "paragraph_scoreT_detail": {
          "paragraph_scoreT_exp": [
            [
              3,
              3,
              3
            ],
            [
              3,
              3,
              3
            ],
            [
              2,
              2,
              2
            ]
          ]
        },
        "paragraph_scoreT_avg": 2.6666667,
        "paragraph_id": "004"
      }
    ],
    "essay_scoreT": [
      24.7,
      17.5,
      25.699999
    ],
    "essay_scoreT_avg": 22.633333,
    "essay_scoreT_detail": {
      "essay_scoreT_org": [
        [
          2,
          0,
          3,
          2
        ],
        [
          1,
          0,
          1,
          2
        ],
        [
          2,
          0,
          2,
          3
        ]
      ],
      "essay_scoreT_cont": [
        [
          2,
          2,
          1,
          3
        ],
        [
          1,
          1,
          1,
          2
        ],
        [
          3,
          2,
          2,
          3
        ]
      ],
      "essay_scoreT_exp": [
        [
          3,
          3,
          3
        ],
        [
          3,
          3,
          3
        ],
        [
          3,
          3,
          3
        ]
      ]
    }
  },
  "student": {
    "date": "2021.09.03",
    "student_educated": true,
    "student_grade": "고등_1학년",
    "location": "051",
    "student_grade_group": "고등",
    "student_reading": 1
  },
  "rubric": {
    "essay_grade": "고등_1학년",
    "organization_weight": {
      "org_paragraph": 0,
      "org": 3,
      "org_essay": 6,
      "org_coherence": 3,
      "org_quantity": 1
    },
    "essay_type": "대안제시",
    "content_weight": {
      "con_clearance": 3,
      "con_novelty": 3,
      "con": 4,
      "con_prompt": 1,
      "con_description": 3
    },
    "essay_main_subject": "혐오시설 건설문제에 대한 본인의 생각",
    "expression_weight": {
      "exp_style": 4,
      "exp_grammar": 2,
      "exp_vocab": 4,
      "exp": 3
    }
  },
  "correction": [],
  "info": {
    "essay_id": "ESSAY_33861",
    "essay_prompt": " 혐오 시설이란 지역 주민에게 공포감이나 고통을 주거나, 주변 지역의 쾌적성이 훼손됨으로써 집값이나 땅값이 내려가는 등 부정적인 외부효과를 유발하는 시설을 의미합니다.\n\n 대표적인 혐오 시설에는 쓰레기 매립장, 원자력발전소, 소각장, 유류저장소 등이 있습니다.\n\n 매립지, 소각장, 쓰레기 하치장 같은 혐오 시설은 그리 위험하지는 않지만, 쓰레기를 취급한다는 점에서 혐오감을 주며, 주변 환경오염 문제가 갈등을 일으킵니다. 특히 소각장은 인구밀도가 높은 대도시에 건설된다는 점에서 반대 운동이 일기도 합니다.\n\n 그런데 서로 반대만 하다 보면 입지를 찾지 못해 결국 모든 주민의 삶의 질이 저하될 수 있습니다.\n\n 정부 차원에서 가장 적절한 장소를 선별하여 건설 후 주변 사람들에게 혜택을 주는 방식이 적절한 방법일까요? 아니면 혐오 시설만을 모아둔 부지를 따로 정해서 건설해야 할까요? 아니면 모든 도시가 공평하게 혐오 시설 건설에 대한 부담을 지니고 하나씩 건설해야 할까요?\n\n 모두가 만족할만한 결과를 내기란 정말 어려운 문제이지만 여러분이 생각하는 가장 합리적이고 좋은 방법을 생각해보세요. 그리고 그 방법을 대안으로 제시하고 그 근거에 대해 작성해주세요.",
    "essay_type": "대안제시",
    "essay_level": "1",
    "essay_len": 895,
    "essay_main_subject": "혐오시설 건설문제에 대한 본인의 생각"
  }
}