{
  "paragraph": [
    {
      "paragraph_txt": "요즘 들어 여성혐오, 남성혐오가 많은 인터넷에서든지 유튜브에서든지 커뮤니티에서든지 많이 보인다.#@문장구분# 그리고 사람들의 거의 80%가 여성혐오, 남성혐오가 심각하다고 생각하고 문제를 빨리 해결을 한다고 생각하는 사람이 많다.#@문장구분# 지금부터 여성혐오, 남성혐오를 해결하기 위한 대안을 써보면 개인적 차원에서의 해결이 가장 중요하다고 생각하는데 먼저 평등한 인식이 확대 되어야한다.#@문장구분# 이 인식이 확대 될려면 어릴때나 가정에서나 교육이 필요하다고 생각이 든다.#@문장구분# 그리고 두 번째로는 요즘들어 기사나 언론에서 젠더 갈등을 부추기는 것이 많다고 그래서 언론에서 갈등을 부추기는 것이 많은 자제가 필요하고 어떻게 문제를 해결할 것인지를 생각하는 기사 등을 올리면 좋겠다.#@문장구분# 그 다음으로는 인간의 본질을 살펴보면 여성과 남성은 결핍의 존재로 즉 다시 말해 서로의 부족함을 채워주는 존재라는 말인데 당연히 사람들마다 생각이나 입장은 다 다른 것은 맞지만 서로가 존중을 하면서 살아가는 것이 가장 중요하다고 생각한다.#@문장구분# 그리고 입장이나 생각의 차이를 최소화 할려면 서로간의 이해와 서로간의 소통도 중요하다고 생각한다.#@문장구분# \"너가 이러는 것이 마음에 안들어\"#@문장구분# 사회적으로는 \"이런게 마음에 안들어\" 등등 남녀가 서로 소통을 하다보면 서로가 이해하게 되고 나아질거라고 생각이든다.#@문장구분# 물론 법적으로 하면 되잖아라고 생각이 들 수가 있는데 나는 그것보다도 개인적인 차원에서 해결하는 것이 가장 좋다고 본다.#@문장구분# 마지막으로는 남성이든지 여성이든지 상대방의 성에 대한 잘못된 태도를 캠패인이라던지 교육을 통해 고치고 상대방에 대한 올바른 태도를 가져야 된다고 생가한다.#@문장구분# 이런 문제상황이 발전된지 10여년이 넘어 상황이 많이 심각하게 되었는데 서로 존중하는 삶과 평등한 삶이 될수 있게 많은 노력과 시간이 필요하다고 생각을 한다.#@문장구분#",
      "paragraph_len": 1119,
      "paragraph_id": "001"
    }
  ],
  "score": {
    "paragraph_score": [
      {
        "paragraph_scoreT": [
          2.8,
          3,
          1
        ],
        "paragraph_scoreT_detail": {
          "paragraph_scoreT_exp": [
            [
              2,
              3,
              3
            ],
            [
              3,
              3,
              3
            ],
            [
              1,
              1,
              1
            ]
          ]
        },
        "paragraph_scoreT_avg": 2.2666667,
        "paragraph_id": "001"
      }
    ],
    "essay_scoreT": [
      29.1,
      30,
      13.1
    ],
    "essay_scoreT_avg": 24.066666,
    "essay_scoreT_detail": {
      "essay_scoreT_org": [
        [
          3,
          0,
          3,
          2
        ],
        [
          3,
          0,
          3,
          3
        ],
        [
          1,
          0,
          1,
          2
        ]
      ],
      "essay_scoreT_cont": [
        [
          3,
          3,
          3,
          3
        ],
        [
          3,
          3,
          3,
          3
        ],
        [
          2,
          1,
          2,
          2
        ]
      ],
      "essay_scoreT_exp": [
        [
          2,
          3,
          3
        ],
        [
          3,
          3,
          3
        ],
        [
          1,
          1,
          1
        ]
      ]
    }
  },
  "student": {
    "date": "2021.09.08",
    "student_educated": true,
    "student_grade": "고등_1학년",
    "location": "051",
    "student_grade_group": "고등",
    "student_reading": 1
  },
  "rubric": {
    "essay_grade": "고등_1학년",
    "organization_weight": {
      "org_paragraph": 0,
      "org": 3,
      "org_essay": 6,
      "org_coherence": 3,
      "org_quantity": 1
    },
    "essay_type": "대안제시",
    "content_weight": {
      "con_clearance": 3,
      "con_novelty": 3,
      "con": 4,
      "con_prompt": 1,
      "con_description": 3
    },
    "essay_main_subject": "남녀 갈등 해결 방안",
    "expression_weight": {
      "exp_style": 4,
      "exp_grammar": 2,
      "exp_vocab": 4,
      "exp": 3
    }
  },
  "correction": [],
  "info": {
    "essay_id": "ESSAY_34666",
    "essay_prompt": " 남녀 갈등은 최근 우리 사회에서 가장 뜨거운 이슈 중 하나입니다. 이러한 갈등은 아직 간극을 좁히지 못하고 현재 사회적인 문제로 자리 잡았습니다.\n\n 군 가산점 문제, 일자리 문제 등 여러 가지 비교 자료들을 토대로 토론을 하고 이를 통해 갈등을 해결하고자 하는 노력이 이루어지고 있습니다.\n\n 과거에는 성차별 심했던 시기가 있었습니다. 여자와 남자를 구별 지어 일을 주는 경우도 많았습니다. 하지만, 현재는 여자와 남자라는 성별을 떠나서 나이, 국적을 불문하고 모두에게 평등한 기회를 주기 위해 노력하고 있습니다.\n\n 이렇게 모두의 노력에도 불구하고 아직 해결되지 않았거나 해결될 기미가 보이지 않는 양성평등 문제가 있을까요?\n\n 아주 작은 사소한 일이라도 좋습니다. 여러분이 생각하는 우리 주변의 양성평등 문제를 하나 작성해보고 어떻게 해결할 수 있을지 혹은 무엇이 바뀌어야 해결될 것 같은지 본인의 생각을 설명해주세요. ",
    "essay_type": "대안제시",
    "essay_level": "1",
    "essay_len": 879,
    "essay_main_subject": "남녀 갈등 해결 방안"
  }
}