{
  "paragraph": [
    {
      "paragraph_txt": "한국은 엄청난 경제성장을 이뤘고 이루고 있지만 한편으로는 많은 한국의 남성과 여성들이 서로 갈등을 하고 대립을 하고 있는 것 같다.#@문장구분# 이걸 통해서 확실히 지표 상으로는 모든 것을 말할 수 없다는 것을 알게 되었다.#@문장구분# 남녀가 이렇게 갈등이 심화되고 서로 싸우는 것은 서로 가치와 상식에 대한 생각이 다르기 때문에 생기는 것 같다.#@문장구분#이러한 때일수록 좀 더 서로 대화를 많이 했으면 좋겠다.#@문장구분# 페쇠적인 곳에서 자기의 생각과 같은 사람들끼리 모여 음지에서 활동하는게 아니라 서로 대화를 했으면 좋겠다.#@문장구분# 어떠한 방법으로든, 남혐 여혐을 주장하는 극단주의적인 사람들은 자기가 받아들이고 생각하고 있는 사상이나 관념이 잘못되었을 가능성을 전혀 생각하지 않는 것 같다.#@문장구분# 그러다보니 양 극단으로 나눠 서로 억지 비난만 하고 있고 구시대적인 행위인 것 같다.#@문장구분# 또한 정치적인 문제도 있는 것 같다.#@문장구분# 지금 시행되고 있는 여성주의에 치중된 정책 및 제도에 초점을 맞추지 말고 남성과 여성에 대한 많은 관점에 입각한 정책을 수립해야 한다.#@문장구분# 극단적 페미니즘의 주장 중 하나인 \"남성은 잠재적 가해자 여성은 무조건 피해자\"라는 주장도 결국은 이러한 정책이 한 몫 하는 것 같다.#@문장구분# 남녀 갈등을 해결하려면 여성만의 입장이나 남성만의 입장에서만 접근해서는 안된다.#@문장구분# 여성가족부에서는 '성 평등'이라는 이유로 여성편향된 정책들이 있는 것 같다.#@문장구분# 이러한 정책들 때문에 여성가족부들을 비난하는 남성들이 있고 또한 이러한 비난하는 남성들을 비난하는 여성들도 있기 때문에 결국은 남녀 갈등이 심화 될 수 밖에 없을 것 같다.#@문장구분# 그렇다 보니 여성은 남성을 경계하고 남성도 여성을 경계하는 것 같다.#@문장구분# 따라서 진정한 양성평등을 위해서는 남성과 여성을 동등하게 바라보는 정책이 필요 한 것 같다.#@문장구분# 결론적으로 결국 남성과 여성은 화합해야 할 존재인 것 같다.#@문장구분# 자신만의 진영에만 있는 것이 아니라 서로 성별 프레임을 씌우는 것이 아니라 서로 공동의 문제에 대해 소통하고 서로를 이해해보려는 자세가 필요 할 것 같다.#@문장구분#",
      "paragraph_len": 1320,
      "paragraph_id": "001"
    }
  ],
  "score": {
    "paragraph_score": [
      {
        "paragraph_scoreT": [
          2.8,
          2.8,
          2
        ],
        "paragraph_scoreT_detail": {
          "paragraph_scoreT_exp": [
            [
              2,
              3,
              3
            ],
            [
              2,
              3,
              3
            ],
            [
              2,
              2,
              2
            ]
          ]
        },
        "paragraph_scoreT_avg": 2.5333333,
        "paragraph_id": "001"
      }
    ],
    "essay_scoreT": [
      28.2,
      29.4,
      24
    ],
    "essay_scoreT_avg": 27.199999,
    "essay_scoreT_detail": {
      "essay_scoreT_org": [
        [
          3,
          0,
          3,
          3
        ],
        [
          3,
          0,
          3,
          3
        ],
        [
          2,
          0,
          2,
          2
        ]
      ],
      "essay_scoreT_cont": [
        [
          3,
          2,
          3,
          3
        ],
        [
          3,
          3,
          3,
          3
        ],
        [
          3,
          3,
          3,
          3
        ]
      ],
      "essay_scoreT_exp": [
        [
          2,
          3,
          3
        ],
        [
          2,
          3,
          3
        ],
        [
          2,
          2,
          2
        ]
      ]
    }
  },
  "student": {
    "date": "2021.09.13",
    "student_educated": true,
    "student_grade": "고등_1학년",
    "location": "051",
    "student_grade_group": "고등",
    "student_reading": 3
  },
  "rubric": {
    "essay_grade": "고등_1학년",
    "organization_weight": {
      "org_paragraph": 0,
      "org": 3,
      "org_essay": 6,
      "org_coherence": 3,
      "org_quantity": 1
    },
    "essay_type": "대안제시",
    "content_weight": {
      "con_clearance": 3,
      "con_novelty": 3,
      "con": 4,
      "con_prompt": 1,
      "con_description": 3
    },
    "essay_main_subject": "남녀 갈등 해결 방안",
    "expression_weight": {
      "exp_style": 4,
      "exp_grammar": 2,
      "exp_vocab": 4,
      "exp": 3
    }
  },
  "correction": [],
  "info": {
    "essay_id": "ESSAY_34625",
    "essay_prompt": " 남녀 갈등은 최근 우리 사회에서 가장 뜨거운 이슈 중 하나입니다. 이러한 갈등은 아직 간극을 좁히지 못하고 현재 사회적인 문제로 자리 잡았습니다.\n\n 군 가산점 문제, 일자리 문제 등 여러 가지 비교 자료들을 토대로 토론을 하고 이를 통해 갈등을 해결하고자 하는 노력이 이루어지고 있습니다.\n\n 과거에는 성차별 심했던 시기가 있었습니다. 여자와 남자를 구별 지어 일을 주는 경우도 많았습니다. 하지만, 현재는 여자와 남자라는 성별을 떠나서 나이, 국적을 불문하고 모두에게 평등한 기회를 주기 위해 노력하고 있습니다.\n\n 이렇게 모두의 노력에도 불구하고 아직 해결되지 않았거나 해결될 기미가 보이지 않는 양성평등 문제가 있을까요?\n\n 아주 작은 사소한 일이라도 좋습니다. 여러분이 생각하는 우리 주변의 양성평등 문제를 하나 작성해보고 어떻게 해결할 수 있을지 혹은 무엇이 바뀌어야 해결될 것 같은지 본인의 생각을 설명해주세요. ",
    "essay_type": "대안제시",
    "essay_level": "1",
    "essay_len": 981,
    "essay_main_subject": "남녀 갈등 해결 방안"
  }
}