{
  "paragraph": [
    {
      "paragraph_txt": "최근 여성도 군대에 가야 한다는 국민청원이 20만 명 이상의 동의를 받았다고 한다.#@문장구분# 줄어드는 출산율로 군 병력 보충에 차질을 겪고 있고 이미 군 간부로 여군을 모집하고 있어 여성의 육체적 능력이 결코 남성에 견주어도 뒤처지지 않는다는 주장이다.#@문장구분# 여성 징병제는 정치권으로도 확대되고 있다.#@문장구분# 남녀 모두 백일동안 의무적으로 기초군사 훈련을 받자는 남녀평등 복무제 도입을 제안한다거나 징병제를 모병제로 전환해야 한다는 이야기가 흘러나오고 있다.#@문장구분# 과거 헌재는 남성에게만 병역의무를 부과한 병역법에 대해 합헌결정을 했다.#@문장구분# 남성이 전투에 더 적합한 신체 능력을 갖추고 있으며 여성은 생리적 특성이나 임신과 출산으로 훈련과 전투에 어려움이 있을 수 있다는 결론을 만장일치로 내린 것이다.#@문장구분#",
      "paragraph_len": 496,
      "paragraph_id": "001"
    },
    {
      "paragraph_txt": "과거 이념과 지역 문제가 이제는 세대갈등, 남녀갈등으로 넘어오면서 더욱 안타까운 현실을 마주하게 되었다.#@문장구분# 갈등이 너무 없는 조직이나 사회보다는 적절한 갈등이 존재하는 경우가 더 미래지향적이긴 하다.#@문장구분# 서로에 대한 분석과 비판으로 더 나은 대안과 방안을 제시하게 되고 그 과정에서 이루어지는 대화와 타협은 상호작용과 변화를 통한 민감성을 증가시키며 갈등 해결의 질을 개선 시키기도 한다.#@문장구분# 그러나 갈등이 심화되면 자신과 다른 의견에 대해 적대감이 증가하고 서로에 대한 불안과 불신이 극대화되면서 조직과 사회의 발전을 저해시킨다.#@문장구분# 남성은 우리의 아버지이자 아들이고 여성은 우리의 어머니이자 딸이다.#@문장구분# 가족이라는 구성원으로서 남녀 모두 더불어 살아가는 존재이기에 지금의 갈등은 서로에 대한 양보와 배려로 해결하는 것이 바람직하다.#@문장구분#상대를 적대시 하는 것이 아니라 함께 소통하면서 성장해가는 소중한 파트너로 보는 시각이 필요하다.#@문장구분# 더불어 이성을 존중하고 인정하는 긍정적 공감대 형성이야말로 혼인율을 높이고 저출산을 극복할 수 있는 최선의 방안이다.#@문장구분# 남자와 여자이기 이전에 우리는 서로를 아끼고 사랑하는 소중한 가족이라는 사실도 꼭 명심하자.#@문장구분#",
      "paragraph_len": 754,
      "paragraph_id": "002"
    }
  ],
  "score": {
    "paragraph_score": [
      {
        "paragraph_scoreT": [
          3,
          3,
          3
        ],
        "paragraph_scoreT_detail": {
          "paragraph_scoreT_exp": [
            [
              3,
              3,
              3
            ],
            [
              3,
              3,
              3
            ],
            [
              3,
              3,
              3
            ]
          ]
        },
        "paragraph_scoreT_avg": 3,
        "paragraph_id": "001"
      },
      {
        "paragraph_scoreT": [
          3,
          3,
          2.6
        ],
        "paragraph_scoreT_detail": {
          "paragraph_scoreT_exp": [
            [
              3,
              3,
              3
            ],
            [
              3,
              3,
              3
            ],
            [
              3,
              3,
              2
            ]
          ]
        },
        "paragraph_scoreT_avg": 2.8666668,
        "paragraph_id": "002"
      }
    ],
    "essay_scoreT": [
      30,
      25.400002,
      30
    ],
    "essay_scoreT_avg": 28.466667,
    "essay_scoreT_detail": {
      "essay_scoreT_org": [
        [
          3,
          0,
          3,
          3
        ],
        [
          2,
          0,
          3,
          3
        ],
        [
          3,
          0,
          3,
          3
        ]
      ],
      "essay_scoreT_cont": [
        [
          3,
          3,
          3,
          3
        ],
        [
          2,
          2,
          2,
          3
        ],
        [
          3,
          3,
          3,
          3
        ]
      ],
      "essay_scoreT_exp": [
        [
          3,
          3,
          3
        ],
        [
          3,
          3,
          3
        ],
        [
          3,
          3,
          3
        ]
      ]
    }
  },
  "student": {
    "date": "2021.11.18",
    "student_educated": true,
    "student_grade": "고등_1학년",
    "location": "063",
    "student_grade_group": "고등",
    "student_reading": 2
  },
  "rubric": {
    "essay_grade": "고등_1학년",
    "organization_weight": {
      "org_paragraph": 0,
      "org": 3,
      "org_essay": 6,
      "org_coherence": 3,
      "org_quantity": 1
    },
    "essay_type": "대안제시",
    "content_weight": {
      "con_clearance": 3,
      "con_novelty": 3,
      "con": 4,
      "con_prompt": 1,
      "con_description": 3
    },
    "essay_main_subject": "남녀 갈등 해결 방안",
    "expression_weight": {
      "exp_style": 4,
      "exp_grammar": 2,
      "exp_vocab": 4,
      "exp": 3
    }
  },
  "correction": [],
  "info": {
    "essay_id": "ESSAY_50507",
    "essay_prompt": " 남녀 갈등은 최근 우리 사회에서 가장 뜨거운 이슈 중 하나입니다. 이러한 갈등은 아직 간극을 좁히지 못하고 현재 사회적인 문제로 자리 잡았습니다.\n\n 군 가산점 문제, 일자리 문제 등 여러 가지 비교 자료들을 토대로 토론을 하고 이를 통해 갈등을 해결하고자 하는 노력이 이루어지고 있습니다.\n\n 과거에는 성차별 심했던 시기가 있었습니다. 여자와 남자를 구별 지어 일을 주는 경우도 많았습니다. 하지만, 현재는 여자와 남자라는 성별을 떠나서 나이, 국적을 불문하고 모두에게 평등한 기회를 주기 위해 노력하고 있습니다.\n\n 이렇게 모두의 노력에도 불구하고 아직 해결되지 않았거나 해결될 기미가 보이지 않는 양성평등 문제가 있을까요?\n\n 아주 작은 사소한 일이라도 좋습니다. 여러분이 생각하는 우리 주변의 양성평등 문제를 하나 작성해보고 어떻게 해결할 수 있을지 혹은 무엇이 바뀌어야 해결될 것 같은지 본인의 생각을 설명해주세요. ",
    "essay_type": "대안제시",
    "essay_level": "1",
    "essay_len": 953,
    "essay_main_subject": "남녀 갈등 해결 방안"
  }
}