{
  "paragraph": [
    {
      "paragraph_txt": "요즘 등산이나 관광을 하러 산이나 관광지에 갔다가 생긴 쓰레기들을 아무 데나 버리고 오는 사람들이 많이 있다.#@문장구분# 이로 인해 쓰레기가 쌓여 생태계가 파괴되고 그 다음에 오는 사람들에게 많은 피해를 끼치고 있다.#@문장구분# 이를 해결하기 위해서는 나 뿐만 아니라 공동체의 노력이 매우 중요하다.#@문장구분# 자, 이제 해결 방안에 대해 이야기해 보자!#@문장구분# ",
      "paragraph_len": 261,
      "paragraph_id": "001"
    },
    {
      "paragraph_txt": " 첫 번쨰로 경고문을 붙이고 CCTV 설치를 강화해야 한다.#@문장구분# 생태 관광지에 가 보면 경관을 해친다는 이유로 CCTV가 설치되어 있지 않은 걸 볼 수 있다.#@문장구분# 하지만 이로 인해 쓰레기를 버리는 사람들이 늘어 쓰레기가 계속 생겨나고 있다.#@문장구분# 이것은 자연경관을 더 해치게 될 것이다.#@문장구분# ",
      "paragraph_len": 234,
      "paragraph_id": "002"
    },
    {
      "paragraph_txt": " 두 번째로 불법 쓰레기 무단 투기에 대한 경각심을 일깨우고, 캠페인을 통한 교육을 더욱 늘려야 한다.#@문장구분# 우리나라의 자연과 관광지는 현재 우리의 것이며 앞으로 계속 짘켜나가야 하는 것이다.#@문장구분# 하지만 이것을 잊고 쓰레기를 계속 버리다 보면 자연은 더욱 더 파괴될 것이며 우리의 시민 의식도 계속 떨어질 것이다.#@문장구분# 비록 캠페인이나 교육 활동을 해도 변하지 않는 사람들이 있을 것이지만, 나 한명이라도 깨닫게 되면 훗날 모든 사람의 의식이 바뀔 수 있을 것이다.#@문장구분#",
      "paragraph_len": 332,
      "paragraph_id": "003"
    },
    {
      "paragraph_txt": " 세 번쨰로 일회용품 사용을 줄여야 한다.#@문장구분# 우리는 평소 놀러를 갈 때 쉽게 처리하기 위해 일회용품을 많이 챙겨간다. #@문장구분#이것이 쓰레기가 많이 생기는 이유이다.#@문장구분# 비록 챙겨 다니기 귀찮아도 아무 데나 버리지 말고 꼭 쓰레기통에 버리거나 집 가서 처리를 할 걸 잊지 말아야 한다.#@문장구분#",
      "paragraph_len": 231,
      "paragraph_id": "004"
    },
    {
      "paragraph_txt": " 나 하나쯤은 괜찮겠지라 생각하는 사람들이 분명 많이 있을 것이다.#@문장구분# 하지만 나 하나의 노력으로 많은 사람들이 바뀔 수 있다는 것도 꼭 알아야 한다.#@문장구분# 그러ㅁ,로 쓰레기를 무단으로 버리지 말고 우리 세상을 지키고 변화시키기 위해 더욱 노력하자!#@문장구분#",
      "paragraph_len": 194,
      "paragraph_id": "005"
    }
  ],
  "score": {
    "paragraph_score": [
      {
        "paragraph_scoreT": [
          3,
          3,
          2
        ],
        "paragraph_scoreT_detail": {
          "paragraph_scoreT_exp": [
            [
              3,
              3,
              3
            ],
            [
              3,
              3,
              3
            ],
            [
              2,
              2,
              2
            ]
          ]
        },
        "paragraph_scoreT_avg": 2.6666667,
        "paragraph_id": "001"
      },
      {
        "paragraph_scoreT": [
          3,
          3,
          2.6
        ],
        "paragraph_scoreT_detail": {
          "paragraph_scoreT_exp": [
            [
              3,
              3,
              3
            ],
            [
              3,
              3,
              3
            ],
            [
              3,
              3,
              2
            ]
          ]
        },
        "paragraph_scoreT_avg": 2.8666668,
        "paragraph_id": "002"
      },
      {
        "paragraph_scoreT": [
          2.4,
          3,
          2.6
        ],
        "paragraph_scoreT_detail": {
          "paragraph_scoreT_exp": [
            [
              2,
              2,
              3
            ],
            [
              3,
              3,
              3
            ],
            [
              3,
              3,
              2
            ]
          ]
        },
        "paragraph_scoreT_avg": 2.6666667,
        "paragraph_id": "003"
      },
      {
        "paragraph_scoreT": [
          2.4,
          3,
          3
        ],
        "paragraph_scoreT_detail": {
          "paragraph_scoreT_exp": [
            [
              2,
              2,
              3
            ],
            [
              3,
              3,
              3
            ],
            [
              3,
              3,
              3
            ]
          ]
        },
        "paragraph_scoreT_avg": 2.8,
        "paragraph_id": "004"
      },
      {
        "paragraph_scoreT": [
          2.4,
          3,
          2
        ],
        "paragraph_scoreT_detail": {
          "paragraph_scoreT_exp": [
            [
              2,
              2,
              3
            ],
            [
              3,
              3,
              3
            ],
            [
              2,
              2,
              2
            ]
          ]
        },
        "paragraph_scoreT_avg": 2.4666667,
        "paragraph_id": "005"
      }
    ],
    "essay_scoreT": [
      25,
      26.9,
      25.4
    ],
    "essay_scoreT_avg": 25.766668,
    "essay_scoreT_detail": {
      "essay_scoreT_org": [
        [
          3,
          0,
          3,
          3
        ],
        [
          2,
          0,
          2,
          3
        ],
        [
          2,
          0,
          3,
          3
        ]
      ],
      "essay_scoreT_cont": [
        [
          2,
          2,
          1,
          3
        ],
        [
          3,
          3,
          2,
          3
        ],
        [
          3,
          2,
          2,
          3
        ]
      ],
      "essay_scoreT_exp": [
        [
          2,
          2,
          3
        ],
        [
          3,
          3,
          3
        ],
        [
          3,
          3,
          2
        ]
      ]
    }
  },
  "student": {
    "date": "2021.09.03",
    "student_educated": true,
    "student_grade": "고등_1학년",
    "location": "051",
    "student_grade_group": "고등",
    "student_reading": 1
  },
  "rubric": {
    "essay_grade": "고등_1학년",
    "organization_weight": {
      "org_paragraph": 0,
      "org": 3,
      "org_essay": 6,
      "org_coherence": 3,
      "org_quantity": 1
    },
    "essay_type": "대안제시",
    "content_weight": {
      "con_clearance": 3,
      "con_novelty": 3,
      "con": 4,
      "con_prompt": 1,
      "con_description": 3
    },
    "essay_main_subject": "혐오시설 건설문제에 대한 본인의 생각",
    "expression_weight": {
      "exp_style": 4,
      "exp_grammar": 2,
      "exp_vocab": 4,
      "exp": 3
    }
  },
  "correction": [],
  "info": {
    "essay_id": "ESSAY_33836",
    "essay_prompt": " 혐오 시설이란 지역 주민에게 공포감이나 고통을 주거나, 주변 지역의 쾌적성이 훼손됨으로써 집값이나 땅값이 내려가는 등 부정적인 외부효과를 유발하는 시설을 의미합니다.\n\n 대표적인 혐오 시설에는 쓰레기 매립장, 원자력발전소, 소각장, 유류저장소 등이 있습니다.\n\n 매립지, 소각장, 쓰레기 하치장 같은 혐오 시설은 그리 위험하지는 않지만, 쓰레기를 취급한다는 점에서 혐오감을 주며, 주변 환경오염 문제가 갈등을 일으킵니다. 특히 소각장은 인구밀도가 높은 대도시에 건설된다는 점에서 반대 운동이 일기도 합니다.\n\n 그런데 서로 반대만 하다 보면 입지를 찾지 못해 결국 모든 주민의 삶의 질이 저하될 수 있습니다.\n\n 정부 차원에서 가장 적절한 장소를 선별하여 건설 후 주변 사람들에게 혜택을 주는 방식이 적절한 방법일까요? 아니면 혐오 시설만을 모아둔 부지를 따로 정해서 건설해야 할까요? 아니면 모든 도시가 공평하게 혐오 시설 건설에 대한 부담을 지니고 하나씩 건설해야 할까요?\n\n 모두가 만족할만한 결과를 내기란 정말 어려운 문제이지만 여러분이 생각하는 가장 합리적이고 좋은 방법을 생각해보세요. 그리고 그 방법을 대안으로 제시하고 그 근거에 대해 작성해주세요.",
    "essay_type": "대안제시",
    "essay_level": "1",
    "essay_len": 881,
    "essay_main_subject": "혐오시설 건설문제에 대한 본인의 생각"
  }
}