{
  "paragraph": [
    {
      "paragraph_txt": "님비 현상과 핌피 현상은 대표적인 지역 이기주의라고 생각한다.#@문장구분#",
      "paragraph_len": 54,
      "paragraph_id": "001"
    },
    {
      "paragraph_txt": "누구나 내 집 주변이 깔끔하고 좋은 시설들만 있기를 바라는 욕심이 있을 수 밖에 없지만, 그렇다면 사회와 공공적으로 필요한 시설물이지만, 혐오, 기피 시설들이 설 곳이 없고, 우리의 삶의 질은 저하된다.#@문장구분#",
      "paragraph_len": 133,
      "paragraph_id": "002"
    },
    {
      "paragraph_txt": "금전적 이익이 예상되는 개발이나 시설들은 제발 우리 집 앞마당에 지어달란 호소인 핌피 현상을 오히려 역으로 이용하여 입지를 찾으면 어떨까? 라는 생각의 전환을 해본다.#@문장구분# 일명 혐오시설이라고 불리는 쓰레기 매립장, 소각장, 쓰레기하차장 등의 위험하지 않지만 혐오감을 주는 시설에 대해서 나쁜 이미지를 좋은 혜택들과 이점들을 강조하고, 혐오시설을 짓는 것과 동시에 주민 모두의 공유공간 및 교육공간, 휴식 공간들을 디자인하고 설립하여 금전적 이익이나, 피해를 주는 부분을 최소화시키는 방법을 연구하는 방안도 있다.#@문장구분# 그저 설득뿐만 있는 것이 아닌, 핌피 현상도 함께 생각하여 외부효과를 긍정적인 쪽으로 변화시키는 것이 중요하다.#@문장구분# 결국 타협과 배려를 하면서도 혐오시설이 들어오는게 좋을 일 없는 지역 사람들에게 더 좋은 공공적인 공간을 제공하고, 지역 홍보를 하는건 어떨까.#@문장구분# 지역 자체에 좋은 이미지를 심어주면 집값이나 땅값이 내려가는 일은 없을 것이다.#@문장구분#",
      "paragraph_len": 573,
      "paragraph_id": "003"
    },
    {
      "paragraph_txt": "합의를 할 때 일반적으로 하는 것이 아니라 투명하게 소통하고, 이점과 단점 모두 밝히며 협의점을 찾아야한다.#@문장구분#",
      "paragraph_len": 80,
      "paragraph_id": "004"
    },
    {
      "paragraph_txt": "누구나 살면서 쓰레기는 만들지만 그 이후에 쓰레기 처리에는 나 몰라라 하는 생각은 이기적인 생각이다.#@문장구분# 협의점을 찾는 것도 중요하지만, 평소의 의식을 바꾸려는 사회적 노력, 개인의 노력이 필요한 부분이다.#@문장구분# 많은 홍보, 교육, 체험들을 통해서 의식을 변화시키는 것이 더 먼저다.#@문장구분#",
      "paragraph_len": 213,
      "paragraph_id": "005"
    }
  ],
  "score": {
    "paragraph_score": [
      {
        "paragraph_scoreT": [
          3,
          3,
          3
        ],
        "paragraph_scoreT_detail": {
          "paragraph_scoreT_exp": [
            [
              3,
              3,
              3
            ],
            [
              3,
              3,
              3
            ],
            [
              3,
              3,
              3
            ]
          ]
        },
        "paragraph_scoreT_avg": 3,
        "paragraph_id": "001"
      },
      {
        "paragraph_scoreT": [
          3,
          3,
          3
        ],
        "paragraph_scoreT_detail": {
          "paragraph_scoreT_exp": [
            [
              3,
              3,
              3
            ],
            [
              3,
              3,
              3
            ],
            [
              3,
              3,
              3
            ]
          ]
        },
        "paragraph_scoreT_avg": 3,
        "paragraph_id": "002"
      },
      {
        "paragraph_scoreT": [
          3,
          3,
          3
        ],
        "paragraph_scoreT_detail": {
          "paragraph_scoreT_exp": [
            [
              3,
              3,
              3
            ],
            [
              3,
              3,
              3
            ],
            [
              3,
              3,
              3
            ]
          ]
        },
        "paragraph_scoreT_avg": 3,
        "paragraph_id": "003"
      },
      {
        "paragraph_scoreT": [
          3,
          3,
          3
        ],
        "paragraph_scoreT_detail": {
          "paragraph_scoreT_exp": [
            [
              3,
              3,
              3
            ],
            [
              3,
              3,
              3
            ],
            [
              3,
              3,
              3
            ]
          ]
        },
        "paragraph_scoreT_avg": 3,
        "paragraph_id": "004"
      },
      {
        "paragraph_scoreT": [
          3,
          3,
          3
        ],
        "paragraph_scoreT_detail": {
          "paragraph_scoreT_exp": [
            [
              3,
              3,
              3
            ],
            [
              3,
              3,
              3
            ],
            [
              3,
              3,
              3
            ]
          ]
        },
        "paragraph_scoreT_avg": 3,
        "paragraph_id": "005"
      }
    ],
    "essay_scoreT": [
      30,
      28.8,
      30
    ],
    "essay_scoreT_avg": 29.6,
    "essay_scoreT_detail": {
      "essay_scoreT_org": [
        [
          3,
          0,
          3,
          3
        ],
        [
          3,
          0,
          3,
          3
        ],
        [
          3,
          0,
          3,
          3
        ]
      ],
      "essay_scoreT_cont": [
        [
          3,
          3,
          3,
          3
        ],
        [
          3,
          2,
          3,
          3
        ],
        [
          3,
          3,
          3,
          3
        ]
      ],
      "essay_scoreT_exp": [
        [
          3,
          3,
          3
        ],
        [
          3,
          3,
          3
        ],
        [
          3,
          3,
          3
        ]
      ]
    }
  },
  "student": {
    "date": "2021.09.07",
    "student_educated": true,
    "student_grade": "고등_1학년",
    "location": "02",
    "student_grade_group": "고등",
    "student_reading": 2
  },
  "rubric": {
    "essay_grade": "고등_1학년",
    "organization_weight": {
      "org_paragraph": 0,
      "org": 3,
      "org_essay": 6,
      "org_coherence": 3,
      "org_quantity": 1
    },
    "essay_type": "대안제시",
    "content_weight": {
      "con_clearance": 3,
      "con_novelty": 3,
      "con": 4,
      "con_prompt": 1,
      "con_description": 3
    },
    "essay_main_subject": "혐오시설 건설문제에 대한 본인의 생각",
    "expression_weight": {
      "exp_style": 4,
      "exp_grammar": 2,
      "exp_vocab": 4,
      "exp": 3
    }
  },
  "correction": [],
  "info": {
    "essay_id": "ESSAY_35618",
    "essay_prompt": " 혐오 시설이란 지역 주민에게 공포감이나 고통을 주거나, 주변 지역의 쾌적성이 훼손됨으로써 집값이나 땅값이 내려가는 등 부정적인 외부효과를 유발하는 시설을 의미합니다.\n\n 대표적인 혐오 시설에는 쓰레기 매립장, 원자력발전소, 소각장, 유류저장소 등이 있습니다.\n\n 매립지, 소각장, 쓰레기 하치장 같은 혐오 시설은 그리 위험하지는 않지만, 쓰레기를 취급한다는 점에서 혐오감을 주며, 주변 환경오염 문제가 갈등을 일으킵니다. 특히 소각장은 인구밀도가 높은 대도시에 건설된다는 점에서 반대 운동이 일기도 합니다.\n\n 그런데 서로 반대만 하다 보면 입지를 찾지 못해 결국 모든 주민의 삶의 질이 저하될 수 있습니다.\n\n 정부 차원에서 가장 적절한 장소를 선별하여 건설 후 주변 사람들에게 혜택을 주는 방식이 적절한 방법일까요? 아니면 혐오 시설만을 모아둔 부지를 따로 정해서 건설해야 할까요? 아니면 모든 도시가 공평하게 혐오 시설 건설에 대한 부담을 지니고 하나씩 건설해야 할까요?\n\n 모두가 만족할만한 결과를 내기란 정말 어려운 문제이지만 여러분이 생각하는 가장 합리적이고 좋은 방법을 생각해보세요. 그리고 그 방법을 대안으로 제시하고 그 근거에 대해 작성해주세요.",
    "essay_type": "대안제시",
    "essay_level": "1",
    "essay_len": 842,
    "essay_main_subject": "혐오시설 건설문제에 대한 본인의 생각"
  }
}