{
  "paragraph": [
    {
      "paragraph_txt": "님비현상이 만연해진 요즘, 쓰레기 소각장의 건립을 두고 지방자치단체와 지역주민들의 갈등이 심화되고 있다.#@문장구분# 공익을 위하여 기피시설이라도 지을 수 밖에 없는 지자체와 \"하필 왜 우리지역이냐\" 라며 시설의 건립을 결사반대하는 주민들 양쪽의 입장이 모두 이해가된다.#@문장구분# 두 입장 모두 윈-윈할 방법은 없을까?#@문장구분#",
      "paragraph_len": 226,
      "paragraph_id": "001"
    },
    {
      "paragraph_txt": " 나는 충분히 많다고 생각한다.#@문장구분# 대표적인 해결책 세가지를 소개하겠다.#@문장구분# 첫째, 기피시설 건립이 확정된 지역의 주민들과 활발한 소통을 통하여 서로의 입장을 명확히 밝히고, 원만한 합의를 도출해내어 양측 모두 만족할 만한 결과를 내는 것이다.#@문장구분# 서로의 말을 잘 경청하고 상대방의 관점에서 이해해보며 토론과 합의를 해낸다면 좋을 것이다.#@문장구분# 특히, 소각장 건립 문제의 경우 오랜 연구를 통해 주민들이 우려하는 '쓰레기장에서의 중금속, 유해물질 배출로 인한 피해' 는 없다라는 결론이 나오면서, 주민과 지자체 간 토론 중에 이러한 사실을 전달하고 주민들의 좋지 않은 인식을 탈피시켜 합의에 이르게 하는 것이 좋을 것 같다.#@문장구분# \n \n 두 번째로는 적절한 보상을 주는 것이다.#@문장구분# 아무리 공익을 위한다지만 자신의 거주환경을 침해받을 수도 있는 지역주민들에게는 그에 합당한 것을 주어야한다.#@문장구분# 대표적인 예시로, 과거 대구에 전투기 비행장을 건립했을 때, 대구시는 동구 주민들에게 총 800억원의 소음피해보상금을 준 적이 있다.#@문장구분# 이외에도 기피시설이 설치되는 지역주민들에게 세금 감면을 해주거나, 정부에서 주민들이 만족할만한 혜택을 준다면 문제는 빠르게 해결될지 모른다.#@문장구분# ",
      "paragraph_len": 763,
      "paragraph_id": "002"
    },
    {
      "paragraph_txt": "  마지막 세 번째는 지자체가 아닌 지역주민, 즉 우리 스스로가 선진화된 시민의식을 갖추는 것이다.#@문장구분# 현재 우리나라의 폐기물 소각장, 매립지는 쓰레기 배출량의 증가로 인하여 완전한 포화상태이다.#@문장구분# 즉, 어딘가에는 소각장이 새롭게 지어져야 한다는 것이다. 이러한 불가피한 상황에서는 우리가 사회를 우선적으로 생각하고 자신의 권리만을 요구하는 이기적인 태도를 보이지 않으며, 배려하는 자세를 갖춰야한다.#@문장구분# 위에서 언급한 '문제에 대한 원만한 합의와 수용'을 통하여 상황을 해결해야 한다는 것이다.#@문장구분# 거듭된 경제발전으로 어느새 선진국 대열에 합류한 우리나라, 우리는 이 나라의 국민으로서 성숙하고 선진화된 시민의식을 가져야한다.#@문장구분#",
      "paragraph_len": 444,
      "paragraph_id": "003"
    }
  ],
  "score": {
    "paragraph_score": [
      {
        "paragraph_scoreT": [
          2.8,
          2.8,
          2
        ],
        "paragraph_scoreT_detail": {
          "paragraph_scoreT_exp": [
            [
              2,
              3,
              3
            ],
            [
              2,
              3,
              3
            ],
            [
              2,
              2,
              2
            ]
          ]
        },
        "paragraph_scoreT_avg": 2.5333333,
        "paragraph_id": "001"
      },
      {
        "paragraph_scoreT": [
          2.8,
          2.8,
          2
        ],
        "paragraph_scoreT_detail": {
          "paragraph_scoreT_exp": [
            [
              2,
              3,
              3
            ],
            [
              2,
              3,
              3
            ],
            [
              2,
              2,
              2
            ]
          ]
        },
        "paragraph_scoreT_avg": 2.5333333,
        "paragraph_id": "002"
      },
      {
        "paragraph_scoreT": [
          2.8,
          2.8,
          2
        ],
        "paragraph_scoreT_detail": {
          "paragraph_scoreT_exp": [
            [
              2,
              3,
              3
            ],
            [
              2,
              3,
              3
            ],
            [
              2,
              2,
              2
            ]
          ]
        },
        "paragraph_scoreT_avg": 2.5333333,
        "paragraph_id": "003"
      }
    ],
    "essay_scoreT": [
      28.5,
      29.4,
      20.4
    ],
    "essay_scoreT_avg": 26.1,
    "essay_scoreT_detail": {
      "essay_scoreT_org": [
        [
          3,
          0,
          2,
          3
        ],
        [
          3,
          0,
          3,
          3
        ],
        [
          2,
          0,
          2,
          2
        ]
      ],
      "essay_scoreT_cont": [
        [
          3,
          3,
          3,
          3
        ],
        [
          3,
          3,
          3,
          3
        ],
        [
          2,
          2,
          3,
          2
        ]
      ],
      "essay_scoreT_exp": [
        [
          2,
          3,
          3
        ],
        [
          2,
          3,
          3
        ],
        [
          2,
          2,
          2
        ]
      ]
    }
  },
  "student": {
    "date": "2021.09.06",
    "student_educated": true,
    "student_grade": "고등_1학년",
    "location": "051",
    "student_grade_group": "고등",
    "student_reading": 1
  },
  "rubric": {
    "essay_grade": "고등_1학년",
    "organization_weight": {
      "org_paragraph": 0,
      "org": 3,
      "org_essay": 6,
      "org_coherence": 3,
      "org_quantity": 1
    },
    "essay_type": "대안제시",
    "content_weight": {
      "con_clearance": 3,
      "con_novelty": 3,
      "con": 4,
      "con_prompt": 1,
      "con_description": 3
    },
    "essay_main_subject": "혐오시설 건설문제에 대한 본인의 생각",
    "expression_weight": {
      "exp_style": 4,
      "exp_grammar": 2,
      "exp_vocab": 4,
      "exp": 3
    }
  },
  "correction": [],
  "info": {
    "essay_id": "ESSAY_34915",
    "essay_prompt": " 혐오 시설이란 지역 주민에게 공포감이나 고통을 주거나, 주변 지역의 쾌적성이 훼손됨으로써 집값이나 땅값이 내려가는 등 부정적인 외부효과를 유발하는 시설을 의미합니다.\n\n 대표적인 혐오 시설에는 쓰레기 매립장, 원자력발전소, 소각장, 유류저장소 등이 있습니다.\n\n 매립지, 소각장, 쓰레기 하치장 같은 혐오 시설은 그리 위험하지는 않지만, 쓰레기를 취급한다는 점에서 혐오감을 주며, 주변 환경오염 문제가 갈등을 일으킵니다. 특히 소각장은 인구밀도가 높은 대도시에 건설된다는 점에서 반대 운동이 일기도 합니다.\n\n 그런데 서로 반대만 하다 보면 입지를 찾지 못해 결국 모든 주민의 삶의 질이 저하될 수 있습니다.\n\n 정부 차원에서 가장 적절한 장소를 선별하여 건설 후 주변 사람들에게 혜택을 주는 방식이 적절한 방법일까요? 아니면 혐오 시설만을 모아둔 부지를 따로 정해서 건설해야 할까요? 아니면 모든 도시가 공평하게 혐오 시설 건설에 대한 부담을 지니고 하나씩 건설해야 할까요?\n\n 모두가 만족할만한 결과를 내기란 정말 어려운 문제이지만 여러분이 생각하는 가장 합리적이고 좋은 방법을 생각해보세요. 그리고 그 방법을 대안으로 제시하고 그 근거에 대해 작성해주세요.",
    "essay_type": "대안제시",
    "essay_level": "1",
    "essay_len": 1097,
    "essay_main_subject": "혐오시설 건설문제에 대한 본인의 생각"
  }
}