{
  "paragraph": [
    {
      "paragraph_txt": "혐오시설이란 시설의 필요성과 중요성은 많은 사람들이 인정하고 있지만 자기 지역에 입지하는 것은 싫 어하는 시설을 말한다.#@문장구분# 예로 쓰레기 매립장, 원자력발전소, 소각장, 화장소 등을 예로 들 수 있다.#@문장구분# 이를 님비(Not No my BackYard) 현상이라 한다.#@문장구분# 이는 다른 지역의 이익은 돌아보지 않고 자기 지역의 이익이나 행복만을 추구하려는 태도나 입장인 지역 이기주의로 발생한다.#@문장구분# 이는 혐오시설의 필요성과 비례하는 리스크로 인해 발생하는데 이 리스크의 대한 대책을 어떻게 세우느냐에 따라, 어떻게 추진하느냐와 어떻게 추진하냐에 따라 혐오시설 입지나 방향에 큰 영향을 끼친다.#@문장구분# 그렇다면 이 문제를 해결하기 위해서는    기존에는 이러한 혐오시설 입지에 관한 결정이 어떻게 이루어 졌는지, 어떤 문제점이 있는지 알아봐야한다.#@문장구분# 기존에는 이러한 혐오시설 입지에 관한 결정이 어떻게 이루졌고, 리스크 대책의 견지에서 볼 때 어떤 문제점이 있을까? #@문장구분#첫째, 행정기관 등 권위 있는 기관이 정한 절차에 따라 결정하는 경우이다.#@문장구분# 주민투표운동이 활발히 일어나고 있는 것으로 잘 알 수 있다.#@문장구분# 입지 결정 과정의 투명성과 정보공개, 설명책임(accountability), 나아가서는 주민참여 문제를 제기하고 있다.#@문장구분# 둘째, 정치권력에 대한 연줄이나 발언력이 약해 소수의 집단이나 저소득층이 거주하는 지역 또는 소외지(시골) 고용확보, 세수 증가, 지역 활성화, 서비스 개선 등 물적 생활 조건의 개선과 맞바꾸어 혐오시설을 수용해온 측면이 있다.#@문장구분# 이 경우에는 환경 리스크가 소수의 집단이나 저소득층에 집중되게 된다.#@문장구분#  셋째, 각 주체나 지역간의 거래나 교섭을 통해 합의를 하는 경우이다.#@문장구분# 교섭은 이용 관계자의 리스크 인지에 좌우되는데, 교섭 경로나 공정한지 여부 또는 거래하거나 협력하는 쪽이 이익이라고 느끼는 것이 중요하다.#@문장구분# 예로 폐기물 발생을 최소화한다거나 시설의 안전성을 확보하는 연구나 노력이 시설뿐만 아니라 폐기물의 발생 자체의 억제나 운반까지 전체적으로 어느 정도 이루어지는지, 그리고 정보 공유화에 기초한  소통이 어느 정도인지에 따라 달라진다.#@문장구분# 거래나 보상의 결과로 리스크의 최소화 및 분산 공유화가 이루어지고 있다는 인식이 중요하다.#@문장구분#  이를 감안하면 혀오시설 입지문제와 리스크의 대책에는 새로운 틀이나 개념을 확립해야 한다.#@문장구분# 첫째, 현재의 접근방법은 입지문제를 시설 차원의 문제, 게다가 기술적인 문제따위로 보고 대처하는 경향이 있지만, 시스템 차원의 문제임을 먼저 인식해야 할 것이다.#@문장구분# 따라서 개별시설의 설치뿐만 아니라, 폐기물의 괴정의 일련의 틀이 토지이용계획에 통합되어야 하고, 이 일련의 틀을 담당하는 시스템의 대체적 설계를 다양하게 도출하여 선택 사항의 상대적 리스크 비교평가를 토대로 시스템 설계를 결정해야 할 것이다.#@문장구분#  둘째, 시설입지 책임을 지고 있는 제도, 구조나 조직에 대한 불신이 높다면 이것이 시설입지에 따르는 리스크 분배 개념에 대한 불안과 불신을 증폭시키는 데에 유의해야 한다.#@문장구분# 시설입지의 절차에 대한 새로운 윤리원칙을 제정할 필요가 있다.#@문장구분# \n  이처럼 우리에게 혐오시설 문제는 우리 생활에도 영향을 끼치므로 해결해야하는 중요한 과제이므로 이 문제에 대한 관심과 해결 방안에 대해 고민해야한다.#@문장구분#",
      "paragraph_len": 2014,
      "paragraph_id": "001"
    }
  ],
  "score": {
    "paragraph_score": [
      {
        "paragraph_scoreT": [
          3,
          3,
          3
        ],
        "paragraph_scoreT_detail": {
          "paragraph_scoreT_exp": [
            [
              3,
              3,
              3
            ],
            [
              3,
              3,
              3
            ],
            [
              3,
              3,
              3
            ]
          ]
        },
        "paragraph_scoreT_avg": 3,
        "paragraph_id": "001"
      }
    ],
    "essay_scoreT": [
      30,
      27.900002,
      28.8
    ],
    "essay_scoreT_avg": 28.9,
    "essay_scoreT_detail": {
      "essay_scoreT_org": [
        [
          3,
          0,
          3,
          3
        ],
        [
          3,
          0,
          2,
          3
        ],
        [
          3,
          0,
          3,
          3
        ]
      ],
      "essay_scoreT_cont": [
        [
          3,
          3,
          3,
          3
        ],
        [
          3,
          2,
          3,
          3
        ],
        [
          2,
          3,
          3,
          3
        ]
      ],
      "essay_scoreT_exp": [
        [
          3,
          3,
          3
        ],
        [
          3,
          3,
          3
        ],
        [
          3,
          3,
          3
        ]
      ]
    }
  },
  "student": {
    "date": "2021.10.24",
    "student_educated": true,
    "student_grade": "고등_1학년",
    "location": "063",
    "student_grade_group": "고등",
    "student_reading": 1
  },
  "rubric": {
    "essay_grade": "고등_1학년",
    "organization_weight": {
      "org_paragraph": 0,
      "org": 3,
      "org_essay": 6,
      "org_coherence": 3,
      "org_quantity": 1
    },
    "essay_type": "대안제시",
    "content_weight": {
      "con_clearance": 3,
      "con_novelty": 3,
      "con": 4,
      "con_prompt": 1,
      "con_description": 3
    },
    "essay_main_subject": "혐오시설 건설문제에 대한 본인의 생각",
    "expression_weight": {
      "exp_style": 4,
      "exp_grammar": 2,
      "exp_vocab": 4,
      "exp": 3
    }
  },
  "correction": [],
  "info": {
    "essay_id": "ESSAY_42639",
    "essay_prompt": " 혐오 시설이란 지역 주민에게 공포감이나 고통을 주거나, 주변 지역의 쾌적성이 훼손됨으로써 집값이나 땅값이 내려가는 등 부정적인 외부효과를 유발하는 시설을 의미합니다.\n\n 대표적인 혐오 시설에는 쓰레기 매립장, 원자력발전소, 소각장, 유류저장소 등이 있습니다.\n\n 매립지, 소각장, 쓰레기 하치장 같은 혐오 시설은 그리 위험하지는 않지만, 쓰레기를 취급한다는 점에서 혐오감을 주며, 주변 환경오염 문제가 갈등을 일으킵니다. 특히 소각장은 인구밀도가 높은 대도시에 건설된다는 점에서 반대 운동이 일기도 합니다.\n\n 그런데 서로 반대만 하다 보면 입지를 찾지 못해 결국 모든 주민의 삶의 질이 저하될 수 있습니다.\n\n 정부 차원에서 가장 적절한 장소를 선별하여 건설 후 주변 사람들에게 혜택을 주는 방식이 적절한 방법일까요? 아니면 혐오 시설만을 모아둔 부지를 따로 정해서 건설해야 할까요? 아니면 모든 도시가 공평하게 혐오 시설 건설에 대한 부담을 지니고 하나씩 건설해야 할까요?\n\n 모두가 만족할만한 결과를 내기란 정말 어려운 문제이지만 여러분이 생각하는 가장 합리적이고 좋은 방법을 생각해보세요. 그리고 그 방법을 대안으로 제시하고 그 근거에 대해 작성해주세요.",
    "essay_type": "대안제시",
    "essay_level": "1",
    "essay_len": 1574,
    "essay_main_subject": "혐오시설 건설문제에 대한 본인의 생각"
  }
}