{
  "paragraph": [
    {
      "paragraph_txt": "요즘은 인터넷과 미디어의 발달로 인해 현실에서 주고받기 힘든 말들을 인터넷이나 sns에서 익명의 힘을 빌려 과장되고 사실보다 부풀려진 글을 쓰는 사람들이 늘어나고 있습니다.#@문장구분# 지역감정이나 인종차별 등 여러 가지 이슈들도 많지만 요즘 젊은 세대의 사람들 사이에서 가장 와닿는 주제는 남녀간의 갈등과 성 갈등이 아닐까 싶습니다.#@문장구분# 다른 얽히고 설킨 많은 문제들처럼 뚜렷한 해결방안을 제시할 수는 없지만 저는 이 문제를 풀어볼 수 있는 방법을 생각 해보았습니다.#@문장구분#",
      "paragraph_len": 313,
      "paragraph_id": "001"
    },
    {
      "paragraph_txt": "그것은 전국의 전국의 남학교와 여학교를 없애고 모두 남녀 공학으로 만드는 것입니다.#@문장구분# 현재 우리나라는 초등학교까지는 남녀공학으로 생활을 하다가 중학교, 고등학교로 진학 할수록 남중, 여중, 남고, 여고의 비율이 점차 늘어납니다.#@문장구분# 저는 이러한 학교에서의 성의 분리가 남녀간의 갈등을 유발한다고 생각합니다.#@문장구분# 저는 중학교때까지 남녀공학에 다녔습니다.#@문장구분# 같은 공간에 남학생과 여학생이 같이 있다 하더라도 남학생은 남학생끼리, 여학생은 여학생끼리 생활하는 경우가 많습니다.#@문장구분# 이렇듯 주로 친하게 지내게 되는 이들은 동성 친구들입니다.#@문장구분# 그렇기에 학급에서 분란이 생길 경우 남녀 갈등으로 번지는 경우가 있습니다.#@문장구분# 하지만 남녀가 같이 활동하는 조직에서 남녀갈등이 생기더라도 입밖으로 잘 꺼내어지지 않고 이러한 상황들을 겪으면서 남녀간에 서로의 상황을 이해하는 계기가 생기기도 할 것입니다.#@문장구분# 하지만 남학교, 여학교로 분리되어 남녀간에 생길 수 있는 오해를 풀지못하고 생각만으로 넘어간다면 추후에 남녀 갈등이 더 심화되지 않을까 생각합니다.#@문장구분#",
      "paragraph_len": 693,
      "paragraph_id": "002"
    },
    {
      "paragraph_txt": "어차피 출산율이 감소되고 있어 인구수가 줄게 되면 남학교, 여학교들이 알아서 합쳐지기는 하겠지만 남학교, 여학교의 기형적인 교육환경으로 초래되고있는 남녀갈등과 앞으로 우리의 후손들이 살아갈 미래를 생각한다면 지금이라도 남녀공학으로 모조리 바꾸고 남녀 각반같은 시대착오적 행정을 금지시켜야 할 것입니다.#@문장구분#",
      "paragraph_len": 188,
      "paragraph_id": "003"
    }
  ],
  "score": {
    "paragraph_score": [
      {
        "paragraph_scoreT": [
          3,
          3,
          2.2
        ],
        "paragraph_scoreT_detail": {
          "paragraph_scoreT_exp": [
            [
              3,
              3,
              3
            ],
            [
              3,
              3,
              3
            ],
            [
              3,
              2,
              2
            ]
          ]
        },
        "paragraph_scoreT_avg": 2.7333333,
        "paragraph_id": "001"
      },
      {
        "paragraph_scoreT": [
          3,
          3,
          2.2
        ],
        "paragraph_scoreT_detail": {
          "paragraph_scoreT_exp": [
            [
              3,
              3,
              3
            ],
            [
              3,
              3,
              3
            ],
            [
              3,
              2,
              2
            ]
          ]
        },
        "paragraph_scoreT_avg": 2.7333333,
        "paragraph_id": "002"
      },
      {
        "paragraph_scoreT": [
          3,
          3,
          2.2
        ],
        "paragraph_scoreT_detail": {
          "paragraph_scoreT_exp": [
            [
              3,
              3,
              3
            ],
            [
              3,
              3,
              3
            ],
            [
              3,
              2,
              2
            ]
          ]
        },
        "paragraph_scoreT_avg": 2.7333333,
        "paragraph_id": "003"
      }
    ],
    "essay_scoreT": [
      27,
      26.6,
      23.900002
    ],
    "essay_scoreT_avg": 25.833334,
    "essay_scoreT_detail": {
      "essay_scoreT_org": [
        [
          2,
          0,
          3,
          3
        ],
        [
          2,
          0,
          3,
          3
        ],
        [
          3,
          0,
          2,
          3
        ]
      ],
      "essay_scoreT_cont": [
        [
          3,
          2,
          3,
          3
        ],
        [
          3,
          2,
          2,
          3
        ],
        [
          2,
          2,
          2,
          3
        ]
      ],
      "essay_scoreT_exp": [
        [
          3,
          3,
          3
        ],
        [
          3,
          3,
          3
        ],
        [
          3,
          2,
          2
        ]
      ]
    }
  },
  "student": {
    "date": "2021.12.04",
    "student_educated": true,
    "student_grade": "고등_1학년",
    "location": "063",
    "student_grade_group": "고등",
    "student_reading": 3
  },
  "rubric": {
    "essay_grade": "고등_1학년",
    "organization_weight": {
      "org_paragraph": 0,
      "org": 3,
      "org_essay": 6,
      "org_coherence": 3,
      "org_quantity": 1
    },
    "essay_type": "대안제시",
    "content_weight": {
      "con_clearance": 3,
      "con_novelty": 3,
      "con": 4,
      "con_prompt": 1,
      "con_description": 3
    },
    "essay_main_subject": "남녀 갈등 해결 방안",
    "expression_weight": {
      "exp_style": 4,
      "exp_grammar": 2,
      "exp_vocab": 4,
      "exp": 3
    }
  },
  "correction": [],
  "info": {
    "essay_id": "ESSAY_54800",
    "essay_prompt": " 남녀 갈등은 최근 우리 사회에서 가장 뜨거운 이슈 중 하나입니다. 이러한 갈등은 아직 간극을 좁히지 못하고 현재 사회적인 문제로 자리 잡았습니다.\n\n 군 가산점 문제, 일자리 문제 등 여러 가지 비교 자료들을 토대로 토론을 하고 이를 통해 갈등을 해결하고자 하는 노력이 이루어지고 있습니다.\n\n 과거에는 성차별 심했던 시기가 있었습니다. 여자와 남자를 구별 지어 일을 주는 경우도 많았습니다. 하지만, 현재는 여자와 남자라는 성별을 떠나서 나이, 국적을 불문하고 모두에게 평등한 기회를 주기 위해 노력하고 있습니다.\n\n 이렇게 모두의 노력에도 불구하고 아직 해결되지 않았거나 해결될 기미가 보이지 않는 양성평등 문제가 있을까요?\n\n 아주 작은 사소한 일이라도 좋습니다. 여러분이 생각하는 우리 주변의 양성평등 문제를 하나 작성해보고 어떻게 해결할 수 있을지 혹은 무엇이 바뀌어야 해결될 것 같은지 본인의 생각을 설명해주세요. ",
    "essay_type": "대안제시",
    "essay_level": "1",
    "essay_len": 938,
    "essay_main_subject": "남녀 갈등 해결 방안"
  }
}