{
  "paragraph": [
    {
      "paragraph_txt": "혐오시설은 말 그대로 사람들이 싫어하는 시설을 의미한다.#@문장구분# 그러나 혐오시설을 지정하는 데에는 명확한 기준이 없기 때문에, 우리는 주변의  거주민들 혹은 시설에 피해가 가는 것을 혐오시설 판단의 기준으로 삼았다.#@문장구분# 우리 근처에서 혐오시설이라 할 만한 시설들이 잘 보이지 않는데, 이는 우리 사회에 꼭 필요한 시설을 거부하고 자신들에게 이익이 되는 시설만 선호하는 현상이 있기 때문이다.#@문장구분# 이러한 현상 또는 생각을 지역이기주의라고 하는데, 이러한 생각이 만연해있는 것이 혐오시설 설치의 가장 큰 장벽이다.#@문장구분# 예를 들어, 대표적인 혐오시설인 쓰레기매립지가 가지는 문제점은 무엇일까?#@문장구분# 쓰레기매립지는 기본적으로 환경오염을 일으키며 주변에 악취를 일으킨다.#@문장구분# 또한 외관상으로도 결코 좋은 시설은 아니다.#@문장구분# 이는 주민들의 불편을 촉발시키며 결국 주민들의 삶의 질을 저하시킨다.#@문장구분# 또 다른 혐오시설로는 경찰서, 소방서가 있다.#@문장구분# 이것들은 물론 치안의 관점에서 보면 주변에 있으면 좋은 시설이다.#@문장구분# 그러나 사이렌으로 인한 불빛이나 소음이 문제가 되기도 하며, 또 경찰서의 경우 범죄자들을 다루는 시설이다보니 주민들에게 불편하고 찜찜한 느낌을 주기도 한다.#@문장구분# 혐오시설 설치로 인한 갈등의 해결방안으로 우리는 다음과 같은 방법들을 생각해 보았다.#@문장구분# 첫째, 혐오시설이 건설되는 지역에 지자체나 정부가 그 지역에 도로나 역과 같이 주변에 생기길 원하는 건물 혹은 시설을 지어주거나, 보상금을 주는 것과 같은 인센티브를 제공할 수 있다.#@문장구분# 이는 혐오시설의 설치를 권장하며, 설치를 선호하게 만드는 현상이 일어날 수 있다.#@문장구분# 둘째, 쓰레기 매립지나 하수처리장 소각장 같은 시설을 원래 역할을 하게 할 뿐만 아니라 체험 또는 견학을 할 수 있도록 지어 그 지역의 랜드마크로 만드는 것이다.#@문장구분# 그렇게 되면 랜드마크를 보러 온 관광객들 덕분에  지역 경제 활성화에 도움을 받을 수 있다.#@문장구분# 셋째, 지자체와 주민간의 합의를 통해서 평화적으로 갈등을 해결하는 방법이 있다.#@문장구분# 우리를 지켜주는 시설인 경찰서와 소방서가 불빛과 소음 문제로 인해 혐오시설이 되어버리고 말았다.#@문장구분#  이러한 문제들은 합의를 통해 저녁시간에는 불빛을 줄이고 사이렌 소리를 낮추는 것과 같은 방법으로 해결할 수 있다.#@문장구분#\n   여기까지 혐오시설의 개념과 현황, 문제점과 그 해결방안에 대해 자세히 다루어보았다.#@문장구분# 혐오시설은 우리에게 꼭 필요한 시설이지만, 불편함이 너무 큰 나머지 많은 사람에게 기피받고 있는 상황이다.#@문장구분# 공동체간의 원만한 합의를 통해 불편은 최소화하고 공익은 극대화하는 방안이 요구될 것으로 보인다.#@문장구분#",
      "paragraph_len": 1680,
      "paragraph_id": "001"
    }
  ],
  "score": {
    "paragraph_score": [
      {
        "paragraph_scoreT": [
          3,
          3,
          3
        ],
        "paragraph_scoreT_detail": {
          "paragraph_scoreT_exp": [
            [
              3,
              3,
              3
            ],
            [
              3,
              3,
              3
            ],
            [
              3,
              3,
              3
            ]
          ]
        },
        "paragraph_scoreT_avg": 3,
        "paragraph_id": "001"
      }
    ],
    "essay_scoreT": [
      30,
      28.8,
      30
    ],
    "essay_scoreT_avg": 29.6,
    "essay_scoreT_detail": {
      "essay_scoreT_org": [
        [
          3,
          0,
          3,
          3
        ],
        [
          3,
          0,
          3,
          3
        ],
        [
          3,
          0,
          3,
          3
        ]
      ],
      "essay_scoreT_cont": [
        [
          3,
          3,
          3,
          3
        ],
        [
          3,
          2,
          3,
          3
        ],
        [
          3,
          3,
          3,
          3
        ]
      ],
      "essay_scoreT_exp": [
        [
          3,
          3,
          3
        ],
        [
          3,
          3,
          3
        ],
        [
          3,
          3,
          3
        ]
      ]
    }
  },
  "student": {
    "date": "2021.11.19",
    "student_educated": true,
    "student_grade": "고등_1학년",
    "location": "051",
    "student_grade_group": "고등",
    "student_reading": 1
  },
  "rubric": {
    "essay_grade": "고등_1학년",
    "organization_weight": {
      "org_paragraph": 0,
      "org": 3,
      "org_essay": 6,
      "org_coherence": 3,
      "org_quantity": 1
    },
    "essay_type": "대안제시",
    "content_weight": {
      "con_clearance": 3,
      "con_novelty": 3,
      "con": 4,
      "con_prompt": 1,
      "con_description": 3
    },
    "essay_main_subject": "혐오시설 건설문제에 대한 본인의 생각",
    "expression_weight": {
      "exp_style": 4,
      "exp_grammar": 2,
      "exp_vocab": 4,
      "exp": 3
    }
  },
  "correction": [],
  "info": {
    "essay_id": "ESSAY_48474",
    "essay_prompt": " 혐오 시설이란 지역 주민에게 공포감이나 고통을 주거나, 주변 지역의 쾌적성이 훼손됨으로써 집값이나 땅값이 내려가는 등 부정적인 외부효과를 유발하는 시설을 의미합니다.\n\n 대표적인 혐오 시설에는 쓰레기 매립장, 원자력발전소, 소각장, 유류저장소 등이 있습니다.\n\n 매립지, 소각장, 쓰레기 하치장 같은 혐오 시설은 그리 위험하지는 않지만, 쓰레기를 취급한다는 점에서 혐오감을 주며, 주변 환경오염 문제가 갈등을 일으킵니다. 특히 소각장은 인구밀도가 높은 대도시에 건설된다는 점에서 반대 운동이 일기도 합니다.\n\n 그런데 서로 반대만 하다 보면 입지를 찾지 못해 결국 모든 주민의 삶의 질이 저하될 수 있습니다.\n\n 정부 차원에서 가장 적절한 장소를 선별하여 건설 후 주변 사람들에게 혜택을 주는 방식이 적절한 방법일까요? 아니면 혐오 시설만을 모아둔 부지를 따로 정해서 건설해야 할까요? 아니면 모든 도시가 공평하게 혐오 시설 건설에 대한 부담을 지니고 하나씩 건설해야 할까요?\n\n 모두가 만족할만한 결과를 내기란 정말 어려운 문제이지만 여러분이 생각하는 가장 합리적이고 좋은 방법을 생각해보세요. 그리고 그 방법을 대안으로 제시하고 그 근거에 대해 작성해주세요.",
    "essay_type": "대안제시",
    "essay_level": "1",
    "essay_len": 1240,
    "essay_main_subject": "혐오시설 건설문제에 대한 본인의 생각"
  }
}