{
  "paragraph": [
    {
      "paragraph_txt": "원래 있었던 남녀 갈등이 남녀 혐오로 변경되고 있다.#@문장구분# 여러 혐오 표현들을 만들어 가면서까지 고조되고 있고, 이러한 갈등과 서로에 대한 혐오 표현이 기업의 홍보 활동에도 좋지 못한 영향을 크게 미치고 있다.#@문장구분# 이를 해결하기 위한 방안으로는 무엇이 있을까?#@문장구분# 첫째, 남혐 여혐 표현에 대한 처벌이 있습니다.#@문장구분# 남혐 표현과 여혐 표현을 법적으로 금지시키고 지정하여 법으로 처벌하게 되면 처벌의 두려움에 함부로 사용하지 못할 것으로 예상이 됩니다.#@문장구분# 둘째, 남혐 여혐 표현을 만드는 여초, 남초 인터넷 카페를 폐지시키는 것이 있습니다.#@문장구분# 아무리 혐오표현을 법으로 지정하여 처벌을 시켜도 끊임없이 만들어지는 혐오 표현들을 주로 만드는 여초, 남초의 특정 인터넷 카페를 없애는 것이 효과적일 것입니다. #@문장구분#남혐과 여혐의 표현은 표현의 자유를 넘어 다른 집단에게 모욕적인 발언이 되므로 억압이 가능하다고 봅니다.#@문장구분# 셋째 , 남녀갈등을 조장하는 언론이나 기사, 유튜버들을 단속해야 한다고 봅니다.#@문장구분# 어찌보면 남혐 여혐과 같은 표현들은 애초에 근복적으로 남녀갈등이 심화됨에 따라 나타난 현상을 보이기에 우선적으로 남녀갈등의 해소가 이루어지는 것이 중요합니다.#@문장구분# 하지만 몇몇 언론과 기사, 유튜브에서 특정 성에 대하여 편파적이고 자극적으로 정보를 전달하여 남녀간의 갈등을 부추기고 혐오 발언의 사용을 간접적으로 촉진하고 있습니다.#@문장구분# 많은 사람들이 이러한 편파적이고 자극적인 내용에 자주 노출 되는 일을 최소화 하기 위해 이를 단속해야 한다고 봅니다.#@문장구분# 넷째, 남녀혐오 발언에 대한 성평등 교육과 캠페인을 시단체나 교육부에서 적극 실행하면 좋겠습니다.#@문장구분# 남녀 혐오 발언에 대한 교육은 학교에서 이미 이루어지고는 있지만 여러 학생들이 듣지 않거나 별 공감을 하지 않는다.#@문장구분#",
      "paragraph_len": 1134,
      "paragraph_id": "001"
    }
  ],
  "score": {
    "paragraph_score": [
      {
        "paragraph_scoreT": [
          3,
          3,
          2.8
        ],
        "paragraph_scoreT_detail": {
          "paragraph_scoreT_exp": [
            [
              3,
              3,
              3
            ],
            [
              3,
              3,
              3
            ],
            [
              2,
              3,
              3
            ]
          ]
        },
        "paragraph_scoreT_avg": 2.9333334,
        "paragraph_id": "001"
      }
    ],
    "essay_scoreT": [
      30,
      26.3,
      27.3
    ],
    "essay_scoreT_avg": 27.866667,
    "essay_scoreT_detail": {
      "essay_scoreT_org": [
        [
          3,
          0,
          3,
          3
        ],
        [
          2,
          0,
          3,
          2
        ],
        [
          3,
          0,
          2,
          3
        ]
      ],
      "essay_scoreT_cont": [
        [
          3,
          3,
          3,
          3
        ],
        [
          3,
          2,
          2,
          3
        ],
        [
          3,
          3,
          3,
          2
        ]
      ],
      "essay_scoreT_exp": [
        [
          3,
          3,
          3
        ],
        [
          3,
          3,
          3
        ],
        [
          2,
          3,
          3
        ]
      ]
    }
  },
  "student": {
    "date": "2021.12.15",
    "student_educated": true,
    "student_grade": "고등_1학년",
    "location": "063",
    "student_grade_group": "고등",
    "student_reading": 3
  },
  "rubric": {
    "essay_grade": "고등_1학년",
    "organization_weight": {
      "org_paragraph": 0,
      "org": 3,
      "org_essay": 6,
      "org_coherence": 3,
      "org_quantity": 1
    },
    "essay_type": "대안제시",
    "content_weight": {
      "con_clearance": 3,
      "con_novelty": 3,
      "con": 4,
      "con_prompt": 1,
      "con_description": 3
    },
    "essay_main_subject": "남녀 갈등 해결 방안",
    "expression_weight": {
      "exp_style": 4,
      "exp_grammar": 2,
      "exp_vocab": 4,
      "exp": 3
    }
  },
  "correction": [],
  "info": {
    "essay_id": "ESSAY_62528",
    "essay_prompt": " 남녀 갈등은 최근 우리 사회에서 가장 뜨거운 이슈 중 하나입니다. 이러한 갈등은 아직 간극을 좁히지 못하고 현재 사회적인 문제로 자리 잡았습니다.\n\n 군 가산점 문제, 일자리 문제 등 여러 가지 비교 자료들을 토대로 토론을 하고 이를 통해 갈등을 해결하고자 하는 노력이 이루어지고 있습니다.\n\n 과거에는 성차별 심했던 시기가 있었습니다. 여자와 남자를 구별 지어 일을 주는 경우도 많았습니다. 하지만, 현재는 여자와 남자라는 성별을 떠나서 나이, 국적을 불문하고 모두에게 평등한 기회를 주기 위해 노력하고 있습니다.\n\n 이렇게 모두의 노력에도 불구하고 아직 해결되지 않았거나 해결될 기미가 보이지 않는 양성평등 문제가 있을까요?\n\n 아주 작은 사소한 일이라도 좋습니다. 여러분이 생각하는 우리 주변의 양성평등 문제를 하나 작성해보고 어떻게 해결할 수 있을지 혹은 무엇이 바뀌어야 해결될 것 같은지 본인의 생각을 설명해주세요. ",
    "essay_type": "대안제시",
    "essay_level": "1",
    "essay_len": 854,
    "essay_main_subject": "남녀 갈등 해결 방안"
  }
}