{
  "paragraph": [
    {
      "paragraph_txt": "요즘 사회적으로 엄청 문제가 되고 있는 것이 남녀간의 성 갈등 문제입니다.#@문장구분# 이러한 문제는 성이 다르다는 것과 성에 따라 사회에서 근본적으로 요구하는 바가 다르기 때문에 당연히 생길 수 있다고 생각합니다.#@문장구분# 하지만 이러한 문제를 해결하기 위하여 평등으로 나아가야 할 문제이지 한쪽 성의 우월을 주장해서는 안됩니다.#@문장구분# 이러한 문제를 해결하기 위한 해결방안에 대해 알아 봅시다.#@문장구분#",
      "paragraph_len": 286,
      "paragraph_id": "001"
    },
    {
      "paragraph_txt": " 먼저 옛날부터 있던 남아선호사상은 이제 부터는 존재해서는 안되는 사상이라는 생각을 가지고 사회에 임해야 할 것입니다.#@문장구분# 하지만 여전히 이러한 사상이 조금이나마 사회에 남아 있을 것인데 이러한 문제로 인해서 여성이 있때까지 피해를 입어온 사실은 우리가 똑바로 바라 보아야 할 사회적 문제입니다.#@문장구분# 이러한 문제를 해결하기 위해서는 당연히 여성쪽의 지원이 필요한 정책을 사회적으로 도입시키는 방법 등이 있습니다. #@문장구분#그 예로는 채용률을 성비로 하여 일정 수준 맞춘다.#@문장구분# (경찰?)#@문장구분# 그리고 여성가족부 등의 형태로 사회적으로 도입되어 왔습니다.#@문장구분# 이러한 방법이 과거에 사회적으로 어려움을 겪었던 여성을 사회로 이끌어 오는 좋은 정책이 되었습니다.#@문장구분# 하지만 요즘 사회를 보면 오히려 남성이 행동과 발언에 대하여 조심해야 하는 사회가 왔습니다. #@문장구분#물론 차별이 아닌 평균적인 여러 범죄현상이나 이때까지의 모습을 토대로 나온 현상이지만 남성은 여성보다 좀 더 신중하고 조심히 행동해야 하는 시대가 왔습니다.#@문장구분# 이건 뭐 사람들의 시선이 바뀌지 않는다면 국가적 정책을 해도 힘들 것 같다고 생각이 듭니다.#@문장구분# ",
      "paragraph_len": 744,
      "paragraph_id": "002"
    },
    {
      "paragraph_txt": " 그 다음으로 차별과 차이를 사람들이 인정해야 합니다.#@문장구분# 요즘 사회가 너무나 민감하고 남을 헐뜯는 사회이다 보니 차이를 설명하더라도 차별이라 반응 하는 경우가 있습니다.#@문장구분# 남성과 여성은 각각의 장단점이 있기때문에 그것을 인지하고 사회적 생활에 임하는 태도가 무엇보다 중요할 것 같습니다.#@문장구분# 저런 태도로 사회 생활에 임하면 민감한 남녀 간의 갈등 문제도 좀 완화가 될 것 같습니다.#@문장구분#",
      "paragraph_len": 289,
      "paragraph_id": "003"
    },
    {
      "paragraph_txt": " 마지막으로 너무 한쪽에만 귀를 기울이지 말자.#@문장구분# 이 말이 무엇이냐 하면 예전 시대는 남성의 말에 만 귀를 귀울였고 요즘시대에는 저러한 모습을 없애기 위하여 여성의 목소리에 귀를 기울이고 있습니다.#@문장구분# 이러한 것들 처럼 너무 한쪽의 목소리에만 귀를 기울이다 보면 언젠가는 또 남성중심, 여성중심으로 넘어갈 것입니다.#@문장구분# 그러니 사회적으로 양쪽의 목소리에 귀를 기울여 사회적 정책을 시행하는 것이 가장 좋은 방법이라 생각이 듭니다.#@문장구분#",
      "paragraph_len": 315,
      "paragraph_id": "004"
    }
  ],
  "score": {
    "paragraph_score": [
      {
        "paragraph_scoreT": [
          2.8,
          2.8,
          2
        ],
        "paragraph_scoreT_detail": {
          "paragraph_scoreT_exp": [
            [
              2,
              3,
              3
            ],
            [
              2,
              3,
              3
            ],
            [
              2,
              2,
              2
            ]
          ]
        },
        "paragraph_scoreT_avg": 2.5333333,
        "paragraph_id": "001"
      },
      {
        "paragraph_scoreT": [
          2,
          2.8,
          2
        ],
        "paragraph_scoreT_detail": {
          "paragraph_scoreT_exp": [
            [
              2,
              2,
              2
            ],
            [
              2,
              3,
              3
            ],
            [
              2,
              2,
              2
            ]
          ]
        },
        "paragraph_scoreT_avg": 2.2666667,
        "paragraph_id": "002"
      },
      {
        "paragraph_scoreT": [
          2.2,
          2.8,
          2
        ],
        "paragraph_scoreT_detail": {
          "paragraph_scoreT_exp": [
            [
              3,
              2,
              2
            ],
            [
              2,
              3,
              3
            ],
            [
              2,
              2,
              2
            ]
          ]
        },
        "paragraph_scoreT_avg": 2.3333333,
        "paragraph_id": "003"
      },
      {
        "paragraph_scoreT": [
          1.6,
          2.8,
          2
        ],
        "paragraph_scoreT_detail": {
          "paragraph_scoreT_exp": [
            [
              2,
              2,
              1
            ],
            [
              2,
              3,
              3
            ],
            [
              2,
              2,
              2
            ]
          ]
        },
        "paragraph_scoreT_avg": 2.1333334,
        "paragraph_id": "004"
      }
    ],
    "essay_scoreT": [
      23.7,
      29.4,
      22.8
    ],
    "essay_scoreT_avg": 25.299997,
    "essay_scoreT_detail": {
      "essay_scoreT_org": [
        [
          3,
          0,
          2,
          3
        ],
        [
          3,
          0,
          3,
          3
        ],
        [
          2,
          0,
          2,
          2
        ]
      ],
      "essay_scoreT_cont": [
        [
          3,
          2,
          3,
          2
        ],
        [
          3,
          3,
          3,
          3
        ],
        [
          3,
          2,
          3,
          3
        ]
      ],
      "essay_scoreT_exp": [
        [
          2,
          2,
          2
        ],
        [
          2,
          3,
          3
        ],
        [
          2,
          2,
          2
        ]
      ]
    }
  },
  "student": {
    "date": "2021.09.13",
    "student_educated": true,
    "student_grade": "고등_1학년",
    "location": "051",
    "student_grade_group": "고등",
    "student_reading": 3
  },
  "rubric": {
    "essay_grade": "고등_1학년",
    "organization_weight": {
      "org_paragraph": 0,
      "org": 3,
      "org_essay": 6,
      "org_coherence": 3,
      "org_quantity": 1
    },
    "essay_type": "대안제시",
    "content_weight": {
      "con_clearance": 3,
      "con_novelty": 3,
      "con": 4,
      "con_prompt": 1,
      "con_description": 3
    },
    "essay_main_subject": "남녀 갈등 해결 방안",
    "expression_weight": {
      "exp_style": 4,
      "exp_grammar": 2,
      "exp_vocab": 4,
      "exp": 3
    }
  },
  "correction": [],
  "info": {
    "essay_id": "ESSAY_34614",
    "essay_prompt": " 남녀 갈등은 최근 우리 사회에서 가장 뜨거운 이슈 중 하나입니다. 이러한 갈등은 아직 간극을 좁히지 못하고 현재 사회적인 문제로 자리 잡았습니다.\n\n 군 가산점 문제, 일자리 문제 등 여러 가지 비교 자료들을 토대로 토론을 하고 이를 통해 갈등을 해결하고자 하는 노력이 이루어지고 있습니다.\n\n 과거에는 성차별 심했던 시기가 있었습니다. 여자와 남자를 구별 지어 일을 주는 경우도 많았습니다. 하지만, 현재는 여자와 남자라는 성별을 떠나서 나이, 국적을 불문하고 모두에게 평등한 기회를 주기 위해 노력하고 있습니다.\n\n 이렇게 모두의 노력에도 불구하고 아직 해결되지 않았거나 해결될 기미가 보이지 않는 양성평등 문제가 있을까요?\n\n 아주 작은 사소한 일이라도 좋습니다. 여러분이 생각하는 우리 주변의 양성평등 문제를 하나 작성해보고 어떻게 해결할 수 있을지 혹은 무엇이 바뀌어야 해결될 것 같은지 본인의 생각을 설명해주세요. ",
    "essay_type": "대안제시",
    "essay_level": "1",
    "essay_len": 1200,
    "essay_main_subject": "남녀 갈등 해결 방안"
  }
}