{
  "paragraph": [
    {
      "paragraph_txt": "님비란 \"Not In My Backyard\"의 약자로, 직역하자면 \"내 뒷마당은 안돼\" 이다.#@문장구분# 공장지대, 장례식장, 교도소 등 혐오시설을 환경, 경제, 치안 등을 이유로 지역 주민들이 설치를 반대하며 단체적 행동을 하는 것이다.#@문장구분# 님비현상의 문제점을 말해보자면 님비현상은 지나치면 지역감정 등과 같은 안 좋은 현상을 낳게 되며 남에게 해를 끼치는 나쁜 결과를 초래한다.#@문장구분# 또 집값을 포함한 수많은 사회적, 종교적 편견이 응축된 결과물이다.#@문장구분# 그래서 특정 계층이나 사회적 약자를 차별한다는 증거가 된다.#@문장구분# 이러한 님비현상의 원인은 어떤 것들이 있을까?#@문장구분#\n   혐오시설 건설 기피 문제의 원인 중 하나는 부동산 가격하락이다.#@문장구분# 자신이 구매하려는 부동산 인근에 혐오시설이 있다면 아무리 가격이 저렴해도 구매를 꺼려서 팔리지 않게 된다.#@문장구분# 그 결과 해당 지역의 부동산 시장의 거래는 불황이 지속될 수밖에 없다.#@문장구분# 두 번째 원인으로는 환경문제를 들 수 있다.#@문장구분# 2000년대부터 우리나라가 경제 대국이 되면서 주민들은 단순히 먹고사는 문제에서 벗어나 생활면에서 더 질 높은 삶에 관심을 가지기 시작했다.#@문장구분# 그래서 삶의 질에 직간접적 연관이 있는 환경적 저해 요소를 가진 시설은 기피 대상이 될 수밖에 없다.#@문장구분# 이러한 혐오시설 건설 기피 문제를 어떻게 해결할 수 있을까?#@문장구분# 대표적인 해결 방안으로는 혐오시설 건설에 그에 맞는 보상을 해주는 것이다.#@문장구분# 혐오시설과는 반대로 사람들이 선호하는 병원, 백화점, 버스터미널 등을 건설해 주거나 장학생 선발을 늘린다든지, 아니면 직접적으로 보상금을 주는 식이다.#@문장구분# 예를 들어 혐오시설인 차량기지는 인근지역에 철도역을 만들어 주거나 철도나 발전소의 경우 경의선 숲길과 같이 지하로 묻어버리고 지상에 공원을 만들 수도 있다.#@문장구분# 화장장의 경우 관내 이용자와 관 이용자의 이용요금에 차별화를 두는 것도 하나의 방안이 될 수 있다.#@문장구분# 이를 통해 화장장이 유치된 지역의 주민들에게는 혜택을 주고, 화장장 유치를 거부한 지역에는 대가를 치르게 하는 것이다.#@문장구분# 두 번째 해결 방안으로는 쓰레기장 같은 혐오시설을 특정 지역이 아니라 사람이 살지 않는 낙후된 지역으로 옮긴다면 주변 냄새도 덜 맡을 것이고 사람들의 생활에 대해 불편함도 줄어들 것이다.#@문장구분# 그리고 화장터 같은 것은 도심 쪽이 아니라 깊은 산속 주변에 위치시켜 설치하게 되면 악취를 덜 나게 피할 수도 있다.#@문장구분# 그런데 아이러니하게도 앞서 말한 문제점과 다르게 쓰레기매립장 같이 환경적으로 명확한 해악을 끼치거나 원자력 발전소같이 위험이 막대한 시설을 제외하면 오히려 득이 되는 경우도 많다.#@문장구분# 교도소나 경찰서, 군부대 같은 것은 지어지기만 해도 그 지역의 치안이 튼튼해지고, 시설 근무자나 면회객 덕에 지역경제가 활성화되기도 한다.#@문장구분# 이처럼 혐오시설에 관련하여 여러 가지 문제점이 있는데 혐오시설의 문제를 다른 지역으로 옮기거나 \n 특정 지역에 설치해서 더 나은 발전과 생활을 할 수 있도록 보완하면 개개인의 편리함과 이득뿐만 아니라 우리 전체의 이익을 볼 수 있을 것이다.#@문장구분#",
      "paragraph_len": 1920,
      "paragraph_id": "001"
    }
  ],
  "score": {
    "paragraph_score": [
      {
        "paragraph_scoreT": [
          3,
          3,
          3
        ],
        "paragraph_scoreT_detail": {
          "paragraph_scoreT_exp": [
            [
              3,
              3,
              3
            ],
            [
              3,
              3,
              3
            ],
            [
              3,
              3,
              3
            ]
          ]
        },
        "paragraph_scoreT_avg": 3,
        "paragraph_id": "001"
      }
    ],
    "essay_scoreT": [
      30,
      30,
      30
    ],
    "essay_scoreT_avg": 30,
    "essay_scoreT_detail": {
      "essay_scoreT_org": [
        [
          3,
          0,
          3,
          3
        ],
        [
          3,
          0,
          3,
          3
        ],
        [
          3,
          0,
          3,
          3
        ]
      ],
      "essay_scoreT_cont": [
        [
          3,
          3,
          3,
          3
        ],
        [
          3,
          3,
          3,
          3
        ],
        [
          3,
          3,
          3,
          3
        ]
      ],
      "essay_scoreT_exp": [
        [
          3,
          3,
          3
        ],
        [
          3,
          3,
          3
        ],
        [
          3,
          3,
          3
        ]
      ]
    }
  },
  "student": {
    "date": "2021.11.19",
    "student_educated": true,
    "student_grade": "고등_1학년",
    "location": "051",
    "student_grade_group": "고등",
    "student_reading": 1
  },
  "rubric": {
    "essay_grade": "고등_1학년",
    "organization_weight": {
      "org_paragraph": 0,
      "org": 3,
      "org_essay": 6,
      "org_coherence": 3,
      "org_quantity": 1
    },
    "essay_type": "대안제시",
    "content_weight": {
      "con_clearance": 3,
      "con_novelty": 3,
      "con": 4,
      "con_prompt": 1,
      "con_description": 3
    },
    "essay_main_subject": "혐오시설 건설문제에 대한 본인의 생각",
    "expression_weight": {
      "exp_style": 4,
      "exp_grammar": 2,
      "exp_vocab": 4,
      "exp": 3
    }
  },
  "correction": [],
  "info": {
    "essay_id": "ESSAY_48475",
    "essay_prompt": " 혐오 시설이란 지역 주민에게 공포감이나 고통을 주거나, 주변 지역의 쾌적성이 훼손됨으로써 집값이나 땅값이 내려가는 등 부정적인 외부효과를 유발하는 시설을 의미합니다.\n\n 대표적인 혐오 시설에는 쓰레기 매립장, 원자력발전소, 소각장, 유류저장소 등이 있습니다.\n\n 매립지, 소각장, 쓰레기 하치장 같은 혐오 시설은 그리 위험하지는 않지만, 쓰레기를 취급한다는 점에서 혐오감을 주며, 주변 환경오염 문제가 갈등을 일으킵니다. 특히 소각장은 인구밀도가 높은 대도시에 건설된다는 점에서 반대 운동이 일기도 합니다.\n\n 그런데 서로 반대만 하다 보면 입지를 찾지 못해 결국 모든 주민의 삶의 질이 저하될 수 있습니다.\n\n 정부 차원에서 가장 적절한 장소를 선별하여 건설 후 주변 사람들에게 혜택을 주는 방식이 적절한 방법일까요? 아니면 혐오 시설만을 모아둔 부지를 따로 정해서 건설해야 할까요? 아니면 모든 도시가 공평하게 혐오 시설 건설에 대한 부담을 지니고 하나씩 건설해야 할까요?\n\n 모두가 만족할만한 결과를 내기란 정말 어려운 문제이지만 여러분이 생각하는 가장 합리적이고 좋은 방법을 생각해보세요. 그리고 그 방법을 대안으로 제시하고 그 근거에 대해 작성해주세요.",
    "essay_type": "대안제시",
    "essay_level": "1",
    "essay_len": 1460,
    "essay_main_subject": "혐오시설 건설문제에 대한 본인의 생각"
  }
}