{
  "paragraph": [
    {
      "paragraph_txt": "혐오시설을 짓기 위해서는 당연히 최적의 부지를 찾는 것이 먼저 일 것이다.#@문장구분# 부지를 찾았다면 주변 환경을 잘 살펴보아야 할 것인데, 부지 주변의 주민들의 반발이 심하다면 그 주민들과 먼저 대화를 해봐야 할 것이다.#@문장구분# 대화를 통해 시설을 지으면 생기는 사회적 장점과 그 주위에 생길 수 있는 최소한의 장점을 찾아보고 주민들에게는 예상 되는 피해만큼의 보상을 적절히 제시 해야 할 것이다. #@문장구분#그렇다고 무조건적인 희생을 강요 해서도 안될 것이다.#@문장구분# 반대로 시설 건설에 반대하는 그 지역 주민들은 자신들의 편의 때문에 무작정 반대를 하는 것이 아닌 다른 유사한 시설들 주변에 사는 사람들의 생활 모습을 보고 그 분들의 작은 희생으로 우리가 이렇게 즐겁게 생활 하는구나 하는 점을 느낄 수 있으면 좋겠고, 이를 통해 한발자국 뒤로 물러나서 우리 사회를 위해 희생을 할 수 있다면 큰 충돌 없이 시설을 건설 할 수 있을 것이다.#@문장구분# 물론 시설 건설로 인한 땅값이나 집값의 감소는 피할 수 없고, 또 큰 손실이 될 수 있지만, 이후에 그 주위가 시설 건설로 인한 부정적 요인보다 더 많이 발전하고 개발이 된다면 땅값이나 집값은 물론 주민들의 삶의 질 또한 이전과 비슷해지거나 더 나아지지 않을까?#@문장구분# 이처럼 되기 위해서는 국가적 차원에서 다른지역보다 대우를 더 잘해주고 개발도 윗순위로 지정하여 주민들과 합의점을 찾는다면 이보다 좋은 결과는 없을것이라고 본다.#@문장구분# 지금 내가 살고 있는 아파트 바로 앞에는 미군 창고가, 거기서 조금만 더 가면 쓰레기 차들이 오가는 쓰레기장이 하나가 있는데, 그럼에도 불구하고 아무 탈 없이, 아주 만족스러운 삶을 살아가고 있다.#@문장구분# 이처럼 혐오시설들이 있어도 충분히 만족스러운 삶을 살 수 있기에 만약 새롭게 지어질 시설 주위에 사는 사람들도 긍정적인 마음을 가지고 살아갔으면 좋겠다. #@문장구분#그렇다면 빠른시간내에 필요한 시설들이 지어지고 많은 사회 구성원들이 마음놓고 편안한 삶을 살 수 있을 것이다.#@문장구분#",
      "paragraph_len": 1149,
      "paragraph_id": "001"
    }
  ],
  "score": {
    "paragraph_score": [
      {
        "paragraph_scoreT": [
          3,
          2.2,
          2
        ],
        "paragraph_scoreT_detail": {
          "paragraph_scoreT_exp": [
            [
              3,
              3,
              3
            ],
            [
              3,
              2,
              2
            ],
            [
              2,
              2,
              2
            ]
          ]
        },
        "paragraph_scoreT_avg": 2.3999999,
        "paragraph_id": "001"
      }
    ],
    "essay_scoreT": [
      30,
      25.800001,
      23.3
    ],
    "essay_scoreT_avg": 26.366669,
    "essay_scoreT_detail": {
      "essay_scoreT_org": [
        [
          3,
          0,
          3,
          3
        ],
        [
          2,
          0,
          3,
          3
        ],
        [
          2,
          0,
          3,
          2
        ]
      ],
      "essay_scoreT_cont": [
        [
          3,
          3,
          3,
          3
        ],
        [
          3,
          3,
          3,
          3
        ],
        [
          3,
          2,
          2,
          3
        ]
      ],
      "essay_scoreT_exp": [
        [
          3,
          3,
          3
        ],
        [
          3,
          2,
          2
        ],
        [
          2,
          2,
          2
        ]
      ]
    }
  },
  "student": {
    "date": "2021.09.02",
    "student_educated": true,
    "student_grade": "고등_1학년",
    "location": "051",
    "student_grade_group": "고등",
    "student_reading": 2
  },
  "rubric": {
    "essay_grade": "고등_1학년",
    "organization_weight": {
      "org_paragraph": 0,
      "org": 3,
      "org_essay": 6,
      "org_coherence": 3,
      "org_quantity": 1
    },
    "essay_type": "대안제시",
    "content_weight": {
      "con_clearance": 3,
      "con_novelty": 3,
      "con": 4,
      "con_prompt": 1,
      "con_description": 3
    },
    "essay_main_subject": "혐오시설 건설문제에 대한 본인의 생각",
    "expression_weight": {
      "exp_style": 4,
      "exp_grammar": 2,
      "exp_vocab": 4,
      "exp": 3
    }
  },
  "correction": [],
  "info": {
    "essay_id": "ESSAY_34266",
    "essay_prompt": " 혐오 시설이란 지역 주민에게 공포감이나 고통을 주거나, 주변 지역의 쾌적성이 훼손됨으로써 집값이나 땅값이 내려가는 등 부정적인 외부효과를 유발하는 시설을 의미합니다.\n\n 대표적인 혐오 시설에는 쓰레기 매립장, 원자력발전소, 소각장, 유류저장소 등이 있습니다.\n\n 매립지, 소각장, 쓰레기 하치장 같은 혐오 시설은 그리 위험하지는 않지만, 쓰레기를 취급한다는 점에서 혐오감을 주며, 주변 환경오염 문제가 갈등을 일으킵니다. 특히 소각장은 인구밀도가 높은 대도시에 건설된다는 점에서 반대 운동이 일기도 합니다.\n\n 그런데 서로 반대만 하다 보면 입지를 찾지 못해 결국 모든 주민의 삶의 질이 저하될 수 있습니다.\n\n 정부 차원에서 가장 적절한 장소를 선별하여 건설 후 주변 사람들에게 혜택을 주는 방식이 적절한 방법일까요? 아니면 혐오 시설만을 모아둔 부지를 따로 정해서 건설해야 할까요? 아니면 모든 도시가 공평하게 혐오 시설 건설에 대한 부담을 지니고 하나씩 건설해야 할까요?\n\n 모두가 만족할만한 결과를 내기란 정말 어려운 문제이지만 여러분이 생각하는 가장 합리적이고 좋은 방법을 생각해보세요. 그리고 그 방법을 대안으로 제시하고 그 근거에 대해 작성해주세요.",
    "essay_type": "대안제시",
    "essay_level": "1",
    "essay_len": 951,
    "essay_main_subject": "혐오시설 건설문제에 대한 본인의 생각"
  }
}