{
  "paragraph": [
    {
      "paragraph_txt": "우리가 말하는 혐오 시설이란 지역 주민에게 공포감이나 고통을 주거나, 주변 지역의 쾌적성이 훼손됨으로써 집값이나 땅값이 내려가고 또는 건강상의 문제를 일으킬수 있는 요소가 다분해 부정적인 외부효과를 유발하는 시설을말한다.#@문장구분# 대표적인 혐오 시설에는 쓰레기 매립장, 원자력발전소, 소각장, 유류저장소 등이 있습니다.#@문장구분# 이런시설들이 많을수록 사람은 편리하게 윤택하게 생활 할수 있을것입니다.#@문장구분# 혐오시설을 짓는거는 사람이 살아가는데 꼭 필요한 시설을 짓는 것이다.#@문장구분# 내 손에 안뭍히고 쓸땐 편의로 쓰고, 버리는건 혐오라는 생각이 문제인거 같다. #@문장구분#해당 지역 주민들이 만족할 수 있는 적절한 보상을 해야하며 설치 후에도 인력들을 보내 생활에 불이익이 없도록 시설을 잘 관리해야 하며, 지역주민들 누구에게도 평등하게 혜택이 돌아가야 한다고 생각한다.#@문장구분# 전체적 차원에서 공평하게 분담하도록 해야한다.#@문장구분# 그리고 나는 그러한 것들을 모두 아우르는 정부와 해당 지역 주민사이에 양보와 타협이 이루어져야 한다고 생각한다.#@문장구분# 정부뿐만 아니라 주민들도 그러한 시설들의 필요성을 인식하고 타협이 없이 무조건 반대만을 외치는 것은 아니라 생각하고, 시설의 설치에 대한 타협으로 세금감면, 일자리 제공등의 간접보상을 들 수 있다.#@문장구분# 이런 것들이 충분히 이루어지면 혐오시설을 그 지역의 경제를 죽이는 말 그대로의 혐오시설이 아닌 삶의 질이 저하되는 그런 시설이 아닌 우리지역에 있으므로 우리가 흔히 볼 수 있는 공공시설이 될 것이며 오히려 일자리가 창출 될 수도 있는 등 가능성은 많은 시설이며 그 지역의 가능성을 만들어 주는 것은 정부와 해당 지역의 주민이 적절하게 타협하며 정부의 대책이 중요하다고 생각한다.#@문장구분# 모두가 만족할만한 결과를 내기란 정말 어려운 문제이지만 공익을 위한 선택인 만큼 소수가 피해를 당하지안고 서로서로 윈윈할 수 있는 길을 합리적인 방법으로 보상을 해줬으면 좋겠다.#@문장구분#",
      "paragraph_len": 1140,
      "paragraph_id": "001"
    }
  ],
  "score": {
    "paragraph_score": [
      {
        "paragraph_scoreT": [
          2.2,
          2.6,
          2.8
        ],
        "paragraph_scoreT_detail": {
          "paragraph_scoreT_exp": [
            [
              3,
              2,
              2
            ],
            [
              3,
              2,
              3
            ],
            [
              2,
              3,
              3
            ]
          ]
        },
        "paragraph_scoreT_avg": 2.5333335,
        "paragraph_id": "001"
      }
    ],
    "essay_scoreT": [
      26.400002,
      27.599998,
      29.4
    ],
    "essay_scoreT_avg": 27.800001,
    "essay_scoreT_detail": {
      "essay_scoreT_org": [
        [
          3,
          0,
          3,
          3
        ],
        [
          3,
          0,
          3,
          3
        ],
        [
          3,
          0,
          3,
          3
        ]
      ],
      "essay_scoreT_cont": [
        [
          3,
          2,
          3,
          3
        ],
        [
          3,
          2,
          3,
          3
        ],
        [
          3,
          3,
          3,
          3
        ]
      ],
      "essay_scoreT_exp": [
        [
          3,
          2,
          2
        ],
        [
          3,
          2,
          3
        ],
        [
          2,
          3,
          3
        ]
      ]
    }
  },
  "student": {
    "date": "2021.12.05",
    "student_educated": true,
    "student_grade": "고등_1학년",
    "location": "063",
    "student_grade_group": "고등",
    "student_reading": 2
  },
  "rubric": {
    "essay_grade": "고등_1학년",
    "organization_weight": {
      "org_paragraph": 0,
      "org": 3,
      "org_essay": 6,
      "org_coherence": 3,
      "org_quantity": 1
    },
    "essay_type": "대안제시",
    "content_weight": {
      "con_clearance": 3,
      "con_novelty": 3,
      "con": 4,
      "con_prompt": 1,
      "con_description": 3
    },
    "essay_main_subject": "혐오시설 건설문제에 대한 본인의 생각",
    "expression_weight": {
      "exp_style": 4,
      "exp_grammar": 2,
      "exp_vocab": 4,
      "exp": 3
    }
  },
  "correction": [],
  "info": {
    "essay_id": "ESSAY_57106",
    "essay_prompt": " 혐오 시설이란 지역 주민에게 공포감이나 고통을 주거나, 주변 지역의 쾌적성이 훼손됨으로써 집값이나 땅값이 내려가는 등 부정적인 외부효과를 유발하는 시설을 의미합니다.\n\n 대표적인 혐오 시설에는 쓰레기 매립장, 원자력발전소, 소각장, 유류저장소 등이 있습니다.\n\n 매립지, 소각장, 쓰레기 하치장 같은 혐오 시설은 그리 위험하지는 않지만, 쓰레기를 취급한다는 점에서 혐오감을 주며, 주변 환경오염 문제가 갈등을 일으킵니다. 특히 소각장은 인구밀도가 높은 대도시에 건설된다는 점에서 반대 운동이 일기도 합니다.\n\n 그런데 서로 반대만 하다 보면 입지를 찾지 못해 결국 모든 주민의 삶의 질이 저하될 수 있습니다.\n\n 정부 차원에서 가장 적절한 장소를 선별하여 건설 후 주변 사람들에게 혜택을 주는 방식이 적절한 방법일까요? 아니면 혐오 시설만을 모아둔 부지를 따로 정해서 건설해야 할까요? 아니면 모든 도시가 공평하게 혐오 시설 건설에 대한 부담을 지니고 하나씩 건설해야 할까요?\n\n 모두가 만족할만한 결과를 내기란 정말 어려운 문제이지만 여러분이 생각하는 가장 합리적이고 좋은 방법을 생각해보세요. 그리고 그 방법을 대안으로 제시하고 그 근거에 대해 작성해주세요.",
    "essay_type": "대안제시",
    "essay_level": "1",
    "essay_len": 921,
    "essay_main_subject": "혐오시설 건설문제에 대한 본인의 생각"
  }
}