{
  "paragraph": [
    {
      "paragraph_txt": "남녀갈등이 자주 벌어지고 있는 현 시국을 살아가고 있는 한 사람으로서, 양 성별 간의 갈등은 실로 허무하다고 생각을 한 점이 있습니다.#@문장구분# 제 시각으로 보기에는 현재 성별을 달리하고 모든 사람은 많은 기회를 제공받고 있으며, 노력에 걸맞은 대가를 받고 있다 생각하고 있습니다.#@문장구분# 물론 제가 남성이라는 점에서 여성의 심정은 완벽히 이해할 수는 없는 것이 당연한 것입니다.#@문장구분# 허나, 과거 사회에 만연했던 가부장적 태도는 이제 몇몇 가정에만 해당되는 내용이지, 결국 현 사회는 변화를 거듭하였습니다.#@문장구분# 현재는 다르고, 과거는 과거에만 머무른다는 것입니다.#@문장구분# 어디에서 또 과거와 같이 여성이 차별을 받고 있는지는 당장의 저로서는 알 수 없습니다만, 현 사회는 확실하게 달라졌다 주장할 수 있습니다.#@문장구분# 여성도 제대로 목소리를 내어 의견을 주장할 수 있으며, 남성만 하던 일을 분담해 협업할 수 있으며 높은 위치로는 얼마든지 갈 수 있습니다. #@문장구분#그러하여 몇몇 극진적인 태도를 지닌 이들의 타 성별을 향한 혐오나 폭력은 실로 허무한 일입니다.#@문장구분# 이미 모두가 기회와 대가가 동일하게 주어졌는데, 어느 한 측이 더 많다 하며 싸울 이유가 어디에 있단 말입니까.#@문장구분# 이를 해결하기 위해서 우리가 할 수 있는 것은 뿌리부터 고쳐보는 것입니다.#@문장구분# 양성평등 교육을 실시하거나 타 성별을 향한 음해 활동을 멈추게 하는 것이지요.#@문장구분# 물론 사람이 모든 것을 이해할 수는 없는 것이 맞습니다.#@문장구분# 허나 사소한 노력부터 시작하여 의미 없는 싸움 정도는 막을 수 있지 않을까요?#@문장구분# 이것이 저의 의견입니다.#@문장구분# 앞으로 서로 사랑하고 아끼면서 행복한 사회를 만들어 나갔으면 좋겠습니다.#@문장구분# 우리 모두가 함께 노력하면 할 수 있습니다.#@문장구분#",
      "paragraph_len": 1137,
      "paragraph_id": "001"
    }
  ],
  "score": {
    "paragraph_score": [
      {
        "paragraph_scoreT": [
          2,
          3,
          2.4
        ],
        "paragraph_scoreT_detail": {
          "paragraph_scoreT_exp": [
            [
              2,
              2,
              2
            ],
            [
              3,
              3,
              3
            ],
            [
              2,
              2,
              3
            ]
          ]
        },
        "paragraph_scoreT_avg": 2.4666667,
        "paragraph_id": "001"
      }
    ],
    "essay_scoreT": [
      22.400002,
      27.900002,
      27
    ],
    "essay_scoreT_avg": 25.766668,
    "essay_scoreT_detail": {
      "essay_scoreT_org": [
        [
          2,
          0,
          3,
          3
        ],
        [
          3,
          0,
          2,
          3
        ],
        [
          3,
          0,
          3,
          3
        ]
      ],
      "essay_scoreT_cont": [
        [
          2,
          2,
          2,
          3
        ],
        [
          3,
          2,
          3,
          3
        ],
        [
          3,
          2,
          3,
          3
        ]
      ],
      "essay_scoreT_exp": [
        [
          2,
          2,
          2
        ],
        [
          3,
          3,
          3
        ],
        [
          2,
          2,
          3
        ]
      ]
    }
  },
  "student": {
    "date": "2021.11.15",
    "student_educated": true,
    "student_grade": "고등_1학년",
    "location": "054",
    "student_grade_group": "고등",
    "student_reading": 1
  },
  "rubric": {
    "essay_grade": "고등_1학년",
    "organization_weight": {
      "org_paragraph": 0,
      "org": 3,
      "org_essay": 6,
      "org_coherence": 3,
      "org_quantity": 1
    },
    "essay_type": "대안제시",
    "content_weight": {
      "con_clearance": 3,
      "con_novelty": 3,
      "con": 4,
      "con_prompt": 1,
      "con_description": 3
    },
    "essay_main_subject": "남녀 갈등 해결 방안",
    "expression_weight": {
      "exp_style": 4,
      "exp_grammar": 2,
      "exp_vocab": 4,
      "exp": 3
    }
  },
  "correction": [],
  "info": {
    "essay_id": "ESSAY_47292",
    "essay_prompt": " 남녀 갈등은 최근 우리 사회에서 가장 뜨거운 이슈 중 하나입니다. 이러한 갈등은 아직 간극을 좁히지 못하고 현재 사회적인 문제로 자리 잡았습니다.\n\n 군 가산점 문제, 일자리 문제 등 여러 가지 비교 자료들을 토대로 토론을 하고 이를 통해 갈등을 해결하고자 하는 노력이 이루어지고 있습니다.\n\n 과거에는 성차별 심했던 시기가 있었습니다. 여자와 남자를 구별 지어 일을 주는 경우도 많았습니다. 하지만, 현재는 여자와 남자라는 성별을 떠나서 나이, 국적을 불문하고 모두에게 평등한 기회를 주기 위해 노력하고 있습니다.\n\n 이렇게 모두의 노력에도 불구하고 아직 해결되지 않았거나 해결될 기미가 보이지 않는 양성평등 문제가 있을까요?\n\n 아주 작은 사소한 일이라도 좋습니다. 여러분이 생각하는 우리 주변의 양성평등 문제를 하나 작성해보고 어떻게 해결할 수 있을지 혹은 무엇이 바뀌어야 해결될 것 같은지 본인의 생각을 설명해주세요. ",
    "essay_type": "대안제시",
    "essay_level": "1",
    "essay_len": 817,
    "essay_main_subject": "남녀 갈등 해결 방안"
  }
}