{
  "paragraph": [
    {
      "paragraph_txt": "과거에는 성차별 심했던 시기가 있었습니다.#@문장구분# 비단 과거가 아니고 지금까지도 사회곳곳에 성차별이 만연하고 있습니다.#@문장구분# 가까이에 우리 할머니만 봐도 남아선호가 뚜렷합니다.#@문장구분# 가족모임에선 항상 남자들은 앉아있고 여자들만 음식준비 다과 준비에 분주합니다.#@문장구분# 이러튼 아직 우리 주변 사람들로 인해 보고 있습니다.#@문장구분# 남자 여자 할 일을 보고 자라는 지금 청소년들 머릿속에 자연스럽게 남자 여자가 다르다는걸 인식하고 살아가고있습니다.#@문장구분# 여자와 남자를 구별 지어 일을 주는 경우도 많았습니다.#@문장구분# 하지만, 현재는 여자와 남자라는 성별을 떠나서 나이, 국적을 불문하고 모두에게 평등한 기회를 주기 위해 노력하고 있습니다.#@문장구분# 사회적 인식이 개선되어야 합니다.#@문장구분# 잘못된 성의 고정관념에서 벗어나고 관습을 철폐하며 성의 차이를 인식하고 서로 존중해야합니다.#@문장구분# 왜곡된 여성의 모습을 다루는 대중 매체에서 성 평등에 대한 내용을 다루도록 하여 보다 쉽고 간단하게 노출됨을 이용해 사회적 인식 개선에 도움을 주어야 합니다.#@문장구분# 또 남혐, 여혐의 문제성만 인식할 게 아니라 그 문제의 심각성, 그에 따른 처벌의 정도 등을 각인 시킬 수 있도록 해야합니다.#@문장구분# 셋째, 올바른 사회를 위한 변화된 교육을 해야합니다.#@문장구분# 요즘 청소년들 사이에선 아주 쉽게 조금만 이상해도 쉽게 내뱉는 말들이 남혐, 여혐 발언이 오가는 일이 매우 많은데 sns를 즐겨하고 빠르게 반응하는 우리 청소년들이 생각하고 벧어야 하는 말들인거 같습니다.#@문장구분#이는 학교측에서 올바른 교육과 빠른 대처가 필요함을 의미합니다.#@문장구분# 근본적으로는 같은 사람임을 교육시키고 성 평등을 위한 교육을 어릴 때부터 실시하여 양성평등이 이루어지도록 하는 교육이 필요합니다.#@문장구분#",
      "paragraph_len": 1134,
      "paragraph_id": "001"
    }
  ],
  "score": {
    "paragraph_score": [
      {
        "paragraph_scoreT": [
          3,
          3,
          3
        ],
        "paragraph_scoreT_detail": {
          "paragraph_scoreT_exp": [
            [
              3,
              3,
              3
            ],
            [
              3,
              3,
              3
            ],
            [
              3,
              3,
              3
            ]
          ]
        },
        "paragraph_scoreT_avg": 3,
        "paragraph_id": "001"
      }
    ],
    "essay_scoreT": [
      28.8,
      28.8,
      30
    ],
    "essay_scoreT_avg": 29.199999,
    "essay_scoreT_detail": {
      "essay_scoreT_org": [
        [
          3,
          0,
          3,
          3
        ],
        [
          3,
          0,
          3,
          3
        ],
        [
          3,
          0,
          3,
          3
        ]
      ],
      "essay_scoreT_cont": [
        [
          3,
          2,
          3,
          3
        ],
        [
          3,
          2,
          3,
          3
        ],
        [
          3,
          3,
          3,
          3
        ]
      ],
      "essay_scoreT_exp": [
        [
          3,
          3,
          3
        ],
        [
          3,
          3,
          3
        ],
        [
          3,
          3,
          3
        ]
      ]
    }
  },
  "student": {
    "date": "2021.12.07",
    "student_educated": true,
    "student_grade": "고등_1학년",
    "location": "063",
    "student_grade_group": "고등",
    "student_reading": 1
  },
  "rubric": {
    "essay_grade": "고등_1학년",
    "organization_weight": {
      "org_paragraph": 0,
      "org": 3,
      "org_essay": 6,
      "org_coherence": 3,
      "org_quantity": 1
    },
    "essay_type": "대안제시",
    "content_weight": {
      "con_clearance": 3,
      "con_novelty": 3,
      "con": 4,
      "con_prompt": 1,
      "con_description": 3
    },
    "essay_main_subject": "남녀 갈등 해결 방안",
    "expression_weight": {
      "exp_style": 4,
      "exp_grammar": 2,
      "exp_vocab": 4,
      "exp": 3
    }
  },
  "correction": [],
  "info": {
    "essay_id": "ESSAY_57122",
    "essay_prompt": " 남녀 갈등은 최근 우리 사회에서 가장 뜨거운 이슈 중 하나입니다. 이러한 갈등은 아직 간극을 좁히지 못하고 현재 사회적인 문제로 자리 잡았습니다.\n\n 군 가산점 문제, 일자리 문제 등 여러 가지 비교 자료들을 토대로 토론을 하고 이를 통해 갈등을 해결하고자 하는 노력이 이루어지고 있습니다.\n\n 과거에는 성차별 심했던 시기가 있었습니다. 여자와 남자를 구별 지어 일을 주는 경우도 많았습니다. 하지만, 현재는 여자와 남자라는 성별을 떠나서 나이, 국적을 불문하고 모두에게 평등한 기회를 주기 위해 노력하고 있습니다.\n\n 이렇게 모두의 노력에도 불구하고 아직 해결되지 않았거나 해결될 기미가 보이지 않는 양성평등 문제가 있을까요?\n\n 아주 작은 사소한 일이라도 좋습니다. 여러분이 생각하는 우리 주변의 양성평등 문제를 하나 작성해보고 어떻게 해결할 수 있을지 혹은 무엇이 바뀌어야 해결될 것 같은지 본인의 생각을 설명해주세요. ",
    "essay_type": "대안제시",
    "essay_level": "1",
    "essay_len": 816,
    "essay_main_subject": "남녀 갈등 해결 방안"
  }
}