{
  "paragraph": [
    {
      "paragraph_txt": "남녀갈등은 최근 날이 갈수록 심해지고 있습니다.#@문장구분# 일베나 워마드 같은 사이트에서 집단적으로 너도나도 익명의 힘을 빌려 혐오를 일삼고 있습니다.#@문장구분# 남녀가 서로를 완전히 이해하는 것은 불가능하지만 서로의 탓을 하고 또한 한가지 잘못을 했을 때 그에 대한 복수라도 하듯 꼬리에 꼬리를 물고 서로를 비난하기에 바쁜 현실입니다.#@문장구분# 10년전, 15년전 까지만 해도 이렇게까지 서로 성별을 나누고 헐뜯을 것이라 예상하지는 못했을 것입니다.#@문장구분# 남녀갈등이 처음부터 이렇게 예민하지는 않았습니다.#@문장구분# 예전에는 남성우월주의에서 여성들의 인권을 외치는 남녀평등에 대한 이슈가 많았다면 현대 사회에서는 페미니즘 열풍이 불고 미투운동이 시작되고, 그리고 언론이나 미디어 등에서 이에 대한 이슈를 확대화 시키면서 이러한 갈등이 더욱 극대화 되고 있다고 생각합니다.#@문장구분# 일부 소수의 의견을 언론에서 자극적으로 기사화 시켜 그것을 일반화시키고 많은 사람이 생각하는 것처럼 만들다보니 커뮤니티에서는 서로를 욕하고 싸우게 되는 것 같습니다.#@문장구분# 숏컷 헤어스타일을 한 여자들에게 머리스타일이 숏컷 이라는 이유로 페미니스트라고 낙인찍으며 혐오하는 표현을 사용하는데 단지 저런 이유 하나로 혐오하는 요즘의 사회는 바뀌어야 할 것이며, 일베나 워마드같은 사이트에서 조장되고 있는 남녀갈등과 혐오가 심화되지 않도록 정부에서는 관련 법규를 강화해야 할 것입니다.#@문장구분# 남자를 혐오하는 여자, 여자를 혐오하는 남자가 늘어나는 현대 사회에서 우리는 서로의 다름을 인정하고 조금만 더 이해하고 배려한다면 좀 더 평화롭고 따뜻한 사회로 발전할 수 있을거라고 생각됩니다.#@문장구분#",
      "paragraph_len": 960,
      "paragraph_id": "001"
    }
  ],
  "score": {
    "paragraph_score": [
      {
        "paragraph_scoreT": [
          3,
          3,
          2.2
        ],
        "paragraph_scoreT_detail": {
          "paragraph_scoreT_exp": [
            [
              3,
              3,
              3
            ],
            [
              3,
              3,
              3
            ],
            [
              3,
              2,
              2
            ]
          ]
        },
        "paragraph_scoreT_avg": 2.7333333,
        "paragraph_id": "001"
      }
    ],
    "essay_scoreT": [
      26.3,
      26.3,
      23.900002
    ],
    "essay_scoreT_avg": 25.5,
    "essay_scoreT_detail": {
      "essay_scoreT_org": [
        [
          2,
          0,
          3,
          2
        ],
        [
          2,
          0,
          3,
          2
        ],
        [
          3,
          0,
          2,
          3
        ]
      ],
      "essay_scoreT_cont": [
        [
          3,
          2,
          2,
          3
        ],
        [
          3,
          2,
          2,
          3
        ],
        [
          2,
          2,
          2,
          3
        ]
      ],
      "essay_scoreT_exp": [
        [
          3,
          3,
          3
        ],
        [
          3,
          3,
          3
        ],
        [
          3,
          2,
          2
        ]
      ]
    }
  },
  "student": {
    "date": "2021.12.04",
    "student_educated": true,
    "student_grade": "고등_1학년",
    "location": "063",
    "student_grade_group": "고등",
    "student_reading": 1
  },
  "rubric": {
    "essay_grade": "고등_1학년",
    "organization_weight": {
      "org_paragraph": 0,
      "org": 3,
      "org_essay": 6,
      "org_coherence": 3,
      "org_quantity": 1
    },
    "essay_type": "대안제시",
    "content_weight": {
      "con_clearance": 3,
      "con_novelty": 3,
      "con": 4,
      "con_prompt": 1,
      "con_description": 3
    },
    "essay_main_subject": "남녀 갈등 해결 방안",
    "expression_weight": {
      "exp_style": 4,
      "exp_grammar": 2,
      "exp_vocab": 4,
      "exp": 3
    }
  },
  "correction": [],
  "info": {
    "essay_id": "ESSAY_54796",
    "essay_prompt": " 남녀 갈등은 최근 우리 사회에서 가장 뜨거운 이슈 중 하나입니다. 이러한 갈등은 아직 간극을 좁히지 못하고 현재 사회적인 문제로 자리 잡았습니다.\n\n 군 가산점 문제, 일자리 문제 등 여러 가지 비교 자료들을 토대로 토론을 하고 이를 통해 갈등을 해결하고자 하는 노력이 이루어지고 있습니다.\n\n 과거에는 성차별 심했던 시기가 있었습니다. 여자와 남자를 구별 지어 일을 주는 경우도 많았습니다. 하지만, 현재는 여자와 남자라는 성별을 떠나서 나이, 국적을 불문하고 모두에게 평등한 기회를 주기 위해 노력하고 있습니다.\n\n 이렇게 모두의 노력에도 불구하고 아직 해결되지 않았거나 해결될 기미가 보이지 않는 양성평등 문제가 있을까요?\n\n 아주 작은 사소한 일이라도 좋습니다. 여러분이 생각하는 우리 주변의 양성평등 문제를 하나 작성해보고 어떻게 해결할 수 있을지 혹은 무엇이 바뀌어야 해결될 것 같은지 본인의 생각을 설명해주세요. ",
    "essay_type": "대안제시",
    "essay_level": "1",
    "essay_len": 781,
    "essay_main_subject": "남녀 갈등 해결 방안"
  }
}