{
  "paragraph": [
    {
      "paragraph_txt": "요즘 남녀 사이에 갈등이 고조되고 있습니다.#@문장구분# 가라앉았다가도 다시 치솟는 서로 간의 혐오로 감정의 골도 깊어지고만 있습니다.#@문장구분# 현재 사회는 직업에 대한 성별 인식이 사라지고 있고 몸 쓰는 것도 여자가 할 수 있으며 몸을 쓰지 않는 일들도 남자가 할 수 있는 세상입니다.#@문장구분# 이런 세상에서 언제나 언급되는 것은 양성평등인데 양성평등이란 두 성별이 동등한 대우를 받는 것을 말합니다.#@문장구분# 남성이 더 좋은 대우를 받는 것도 아니고 여성이 더 좋은 대우를 받는 것도 아닌 동등한 출발선에서 시작하는 것.#@문장구분# 그것을 양성평등이라고 하며 결국 모두가 외쳐야 하는 것도 양성평등입니다.#@문장구분#",
      "paragraph_len": 432,
      "paragraph_id": "001"
    },
    {
      "paragraph_txt": "옛날에는 '여성이니 시집만 잘 가면 된다.', '집안일은 모두 여자가.', '육아는 모두 여자가.', 하는 고지식한 생각들이 있었고 '남성이니 밖에서 일만 해야 한다.', '남성이니 몸 쓰는 일은 모두가 남자가 해야 한다.', '남자는 세 번만 울어야 한다.' 등등 차별을 보여주는 말들이 돌았습니다.#@문장구분# 누가 더 낮고 높고 누가 더 대우를 받고 안 받고 가 아닌 동등한 것.#@문장구분# 그것이 우리가 원하는 것인데 언제부턴가 서로가 더 대우를 받아야 한다며 싸움이 나기 시작했습니다.#@문장구분# 그 싸움은 어린아이들도 볼 수 있는 웹툰 창에도 생겨나기 시작했습니다.#@문장구분# 그리고 뒤이어 나온 '여자도 군대를 가야 한다.', '여자 경찰은 하는 일이 뭐냐.' 등의 말들도 돌아다니기 시작했습니다.#@문장구분#\n 남성과 여성이 신체적 조건이 다른 건 맞지만 학생이 아닌 어른인데 체력 테스트 통과 기준이 2~30개씩 차이가 나는 건 불리하다고 생각할 수 있습니다.#@문장구분# 몸이 불편한 사람도 신체적 제한을 이겨내고 도전하는 경우도 많습니다.#@문장구분# 진짜 하고 싶은 사람은 자신에게 걸려있는 제한과 조건들을 모두 뛰어넘으려고 합니다.#@문장구분# 남성과 여성의 체력 테스트 차이를 4~5개로 줄이면 서로 한 발짝씩 양보할 수 있는 기준이지 않을까요?#@문장구분# 정말 하고 싶다면 그 차이와 신체적 조건을 뛰어넘을 테니까요.#@문장구분#",
      "paragraph_len": 837,
      "paragraph_id": "002"
    }
  ],
  "score": {
    "paragraph_score": [
      {
        "paragraph_scoreT": [
          3,
          2.6,
          2.6
        ],
        "paragraph_scoreT_detail": {
          "paragraph_scoreT_exp": [
            [
              3,
              3,
              3
            ],
            [
              3,
              3,
              2
            ],
            [
              3,
              3,
              2
            ]
          ]
        },
        "paragraph_scoreT_avg": 2.7333333,
        "paragraph_id": "001"
      },
      {
        "paragraph_scoreT": [
          3,
          2.6,
          2.6
        ],
        "paragraph_scoreT_detail": {
          "paragraph_scoreT_exp": [
            [
              3,
              3,
              3
            ],
            [
              3,
              3,
              2
            ],
            [
              3,
              3,
              2
            ]
          ]
        },
        "paragraph_scoreT_avg": 2.7333333,
        "paragraph_id": "002"
      }
    ],
    "essay_scoreT": [
      30,
      26.7,
      24.5
    ],
    "essay_scoreT_avg": 27.066666,
    "essay_scoreT_detail": {
      "essay_scoreT_org": [
        [
          3,
          0,
          3,
          3
        ],
        [
          3,
          0,
          2,
          3
        ],
        [
          2,
          0,
          2,
          3
        ]
      ],
      "essay_scoreT_cont": [
        [
          3,
          3,
          3,
          3
        ],
        [
          3,
          2,
          3,
          3
        ],
        [
          3,
          2,
          2,
          3
        ]
      ],
      "essay_scoreT_exp": [
        [
          3,
          3,
          3
        ],
        [
          3,
          3,
          2
        ],
        [
          3,
          3,
          2
        ]
      ]
    }
  },
  "student": {
    "date": "2021.12.05",
    "student_educated": true,
    "student_grade": "고등_1학년",
    "location": "02",
    "student_grade_group": "고등",
    "student_reading": 1
  },
  "rubric": {
    "essay_grade": "고등_1학년",
    "organization_weight": {
      "org_paragraph": 0,
      "org": 3,
      "org_essay": 6,
      "org_coherence": 3,
      "org_quantity": 1
    },
    "essay_type": "대안제시",
    "content_weight": {
      "con_clearance": 3,
      "con_novelty": 3,
      "con": 4,
      "con_prompt": 1,
      "con_description": 3
    },
    "essay_main_subject": "남녀 갈등 해결 방안",
    "expression_weight": {
      "exp_style": 4,
      "exp_grammar": 2,
      "exp_vocab": 4,
      "exp": 3
    }
  },
  "correction": [],
  "info": {
    "essay_id": "ESSAY_53676",
    "essay_prompt": " 남녀 갈등은 최근 우리 사회에서 가장 뜨거운 이슈 중 하나입니다. 이러한 갈등은 아직 간극을 좁히지 못하고 현재 사회적인 문제로 자리 잡았습니다.\n\n 군 가산점 문제, 일자리 문제 등 여러 가지 비교 자료들을 토대로 토론을 하고 이를 통해 갈등을 해결하고자 하는 노력이 이루어지고 있습니다.\n\n 과거에는 성차별 심했던 시기가 있었습니다. 여자와 남자를 구별 지어 일을 주는 경우도 많았습니다. 하지만, 현재는 여자와 남자라는 성별을 떠나서 나이, 국적을 불문하고 모두에게 평등한 기회를 주기 위해 노력하고 있습니다.\n\n 이렇게 모두의 노력에도 불구하고 아직 해결되지 않았거나 해결될 기미가 보이지 않는 양성평등 문제가 있을까요?\n\n 아주 작은 사소한 일이라도 좋습니다. 여러분이 생각하는 우리 주변의 양성평등 문제를 하나 작성해보고 어떻게 해결할 수 있을지 혹은 무엇이 바뀌어야 해결될 것 같은지 본인의 생각을 설명해주세요. ",
    "essay_type": "대안제시",
    "essay_level": "1",
    "essay_len": 951,
    "essay_main_subject": "남녀 갈등 해결 방안"
  }
}