{
  "paragraph": [
    {
      "paragraph_txt": "혐오시설 건설문제에 대한 나에 생각은 혐오시설이 뭔지 잘 몰랐는데 검색으로 통해 혐오시설이 뭔지 알게 되었다. 혐오시설은 교도소, 쓰레기 매립장, 소각장, 특수학교, 감염병 격리시설 같은 주민들에게 혐오감 공포감 정신적 피해를 주는 시설이다.#@문장구분# 이 시설들은 어쨋든 필요한 시설이다. #@문장구분#하지만 이 시설들이 들어온다고 하면 주민들의 반발이 항상 있다.#@문장구분# 나도 그런 상황을 본적이 있다.#@문장구분# 나는 그런 상황을 보면 좀 안타깝다.#@문장구분# 그럼 현재 교도소나 구치소 쓰레기 매립장 소각장 특수학교 등이 있는 지역은 의외로 발달되어 있지 않다.#@문장구분# 근데 실제로 모 지역에서 교도소 소년원 같은 교정시설이 3개가 있는 지역이 있었다. #@문장구분#그 지역 같은 경우엔 주민들의 반발이 심했었다.#@문장구분# 하지만 지금은 주민들도 피해만 보지 않고 이득을 보는 경우도 생겼다.#@문장구분# 그 이유는 교도소 면회 때문이다.#@문장구분# 교도소 면회를 잠깐 하러 오지만 먼 거리에서 오는 경우 숙소를 잡고 보는 경우가 많은데 그것 때문에 그 지역 숙박 업소 및 음식점이 활기를 찾는 경ㅇ우도 있었다.#@문장구분# 그리고 또한 코로나 19로 인한 격리시설이 부족했을때 경찰교육원을 사용했던 사례가 있었다.#@문장구분# 그때에도 그 지역 주민이 무섭다고 위험하다고 매출이 떨어진다고 반대했었다. #@문장구분#하지만 그 후 얼마되지 않아 나라에서 지원도 들어가고 격리시설 직원 환자들의 식사 생필품 같은것도 지역매장에서 구입하여 사용하는 사례로 지역 주민들에게 도움이 됐던적이 있었다.#@문장구분# 나의 생각은 서로 조금씩 배려하고 도와주고 이해해주면 서로 좋은 영향을 받는데 단순 혐오시설 이라는 이유만으로 반대하는 것은 좀 아니라고 생각한다.#@문장구분# 그런데 반대로 백화점 학교 마트 같은 좋은 시설은 제발 자기지역에 지어 달라고 난리를 친다.#@문장구분# 그걸 보고 나는 참 이기적이고 배려심이 없다고 느꼈다.#@문장구분# 만약 내가 그런 상황이 온다면 서로 이득을 보는 조건으로 혐오시설을 건설할 것 같다.#@문장구분# 서로서로 배려하고 아껴주는 사회가 와서 이러한 문제가 신속히 해결되었으면 좋겠다.#@문장구분#",
      "paragraph_len": 1344,
      "paragraph_id": "001"
    }
  ],
  "score": {
    "paragraph_score": [
      {
        "paragraph_scoreT": [
          2.8,
          3,
          3
        ],
        "paragraph_scoreT_detail": {
          "paragraph_scoreT_exp": [
            [
              2,
              3,
              3
            ],
            [
              3,
              3,
              3
            ],
            [
              3,
              3,
              3
            ]
          ]
        },
        "paragraph_scoreT_avg": 2.9333334,
        "paragraph_id": "001"
      }
    ],
    "essay_scoreT": [
      29.4,
      30,
      30
    ],
    "essay_scoreT_avg": 29.800001,
    "essay_scoreT_detail": {
      "essay_scoreT_org": [
        [
          3,
          0,
          3,
          3
        ],
        [
          3,
          0,
          3,
          3
        ],
        [
          3,
          0,
          3,
          3
        ]
      ],
      "essay_scoreT_cont": [
        [
          3,
          3,
          3,
          3
        ],
        [
          3,
          3,
          3,
          3
        ],
        [
          3,
          3,
          3,
          3
        ]
      ],
      "essay_scoreT_exp": [
        [
          2,
          3,
          3
        ],
        [
          3,
          3,
          3
        ],
        [
          3,
          3,
          3
        ]
      ]
    }
  },
  "student": {
    "date": "2021.11.26",
    "student_educated": true,
    "student_grade": "고등_1학년",
    "location": "041",
    "student_grade_group": "고등",
    "student_reading": 1
  },
  "rubric": {
    "essay_grade": "고등_1학년",
    "organization_weight": {
      "org_paragraph": 0,
      "org": 3,
      "org_essay": 6,
      "org_coherence": 3,
      "org_quantity": 1
    },
    "essay_type": "대안제시",
    "content_weight": {
      "con_clearance": 3,
      "con_novelty": 3,
      "con": 4,
      "con_prompt": 1,
      "con_description": 3
    },
    "essay_main_subject": "혐오시설 건설문제에 대한 본인의 생각",
    "expression_weight": {
      "exp_style": 4,
      "exp_grammar": 2,
      "exp_vocab": 4,
      "exp": 3
    }
  },
  "correction": [],
  "info": {
    "essay_id": "ESSAY_51856",
    "essay_prompt": " 혐오 시설이란 지역 주민에게 공포감이나 고통을 주거나, 주변 지역의 쾌적성이 훼손됨으로써 집값이나 땅값이 내려가는 등 부정적인 외부효과를 유발하는 시설을 의미합니다.\n\n 대표적인 혐오 시설에는 쓰레기 매립장, 원자력발전소, 소각장, 유류저장소 등이 있습니다.\n\n 매립지, 소각장, 쓰레기 하치장 같은 혐오 시설은 그리 위험하지는 않지만, 쓰레기를 취급한다는 점에서 혐오감을 주며, 주변 환경오염 문제가 갈등을 일으킵니다. 특히 소각장은 인구밀도가 높은 대도시에 건설된다는 점에서 반대 운동이 일기도 합니다.\n\n 그런데 서로 반대만 하다 보면 입지를 찾지 못해 결국 모든 주민의 삶의 질이 저하될 수 있습니다.\n\n 정부 차원에서 가장 적절한 장소를 선별하여 건설 후 주변 사람들에게 혜택을 주는 방식이 적절한 방법일까요? 아니면 혐오 시설만을 모아둔 부지를 따로 정해서 건설해야 할까요? 아니면 모든 도시가 공평하게 혐오 시설 건설에 대한 부담을 지니고 하나씩 건설해야 할까요?\n\n 모두가 만족할만한 결과를 내기란 정말 어려운 문제이지만 여러분이 생각하는 가장 합리적이고 좋은 방법을 생각해보세요. 그리고 그 방법을 대안으로 제시하고 그 근거에 대해 작성해주세요.",
    "essay_type": "대안제시",
    "essay_level": "1",
    "essay_len": 964,
    "essay_main_subject": "혐오시설 건설문제에 대한 본인의 생각"
  }
}