{
  "paragraph": [
    {
      "paragraph_txt": "혐오시설 건설문제는 님비현상으로 바라볼 수 있을 것 같다.#@문장구분# 만약 우리 동네에 화장터를 설치한다고 하면 대부분의 사람이 반대할 것이며 나 역시 반대할 것이다.#@문장구분# 이유는 흔하다.#@문장구분# 화장이라는 게 죽은 사람의 시체를 불에 태우는 건데 이걸 우리 동네에 설치하면 왠지모를 불안감과 안좋은 기운이 맴도는 것 같기 때문이다.#@문장구분# 하지만 반대로 생각해보면 화장터라는 공간은 시체처리를 위해 존재하긴 해야한다.#@문장구분# 이 말은 즉 누군가는 희생을 해야 한다는 것이다.#@문장구분# 혐오시설이라고 모두가 피하게 되면 막상 그 시설이 간절하게 필요로 할 때 시설의 도움을 받지 못할수도 있다.#@문장구분# 이번엔 혐오시설의 건설로 인한 이로움에 대해 알아보겠다.#@문장구분# 이로움이라 하면 혐오시설의 필요로 인해 타 지역에 방문하였는데 거리가 너무 멀어서 하룻밤을 자고 가야하는 경우가 생긴다.#@문장구분# 이러면 주변 상권이 활성화가 된다.#@문장구분# 혐오시설 건설이 필요하다고 생각한다.#@문장구분# 그리고 또 혐오시설이라고 다 냄새나고 보기 불편한 것은 아니다.#@문장구분# 일례로 일본의 사례를 보면 일본의 한 지방에 쓰레기 소각장을 설치하고 동시에 사람들이 관광와서 쓰레기 소각장에서 하는 일들을 보여주는 통유리를 설치했다고 한다.#@문장구분# 쓰레기를 소각하는 방법이 궁금한 사람들이 쓰레기 소각장으로 놀러와 쓰레기를 소각하는 것을 통유리를 통해 보고 요즘 유행하는 업사이클링도 체험해보고 거기서 파는 굿즈들도 사고 하면서 침체되었던 지역의 경제가 그 쓰레기 소각장 하나 설치되면서 엄청난 경제효과를 얻었다고한다.#@문장구분# 우리나라도 일본의 방식을 벤치마킹해 혐오시설을 설치하는 지역에 이런 관광지를 유치해 지역 경제에 활성화 시키는 방법도 좋을 것 같다.#@문장구분# 이러한 방법을 시용하면 님비현상도 줄어들고 서로 자기의 지역에 유치하려고 적극적으로 나설 것이라고 예상한다.#@문장구분# 혐오시설 설치에 대한 문제가 신속히 해결되어 서로 사랑하고 아껴주는 사회가 왔으면 좋겠다.#@문장구분# 이상이다.#@문장구분#",
      "paragraph_len": 1278,
      "paragraph_id": "001"
    }
  ],
  "score": {
    "paragraph_score": [
      {
        "paragraph_scoreT": [
          3,
          3,
          3
        ],
        "paragraph_scoreT_detail": {
          "paragraph_scoreT_exp": [
            [
              3,
              3,
              3
            ],
            [
              3,
              3,
              3
            ],
            [
              3,
              3,
              3
            ]
          ]
        },
        "paragraph_scoreT_avg": 3,
        "paragraph_id": "001"
      }
    ],
    "essay_scoreT": [
      30,
      30,
      30
    ],
    "essay_scoreT_avg": 30,
    "essay_scoreT_detail": {
      "essay_scoreT_org": [
        [
          3,
          0,
          3,
          3
        ],
        [
          3,
          0,
          3,
          3
        ],
        [
          3,
          0,
          3,
          3
        ]
      ],
      "essay_scoreT_cont": [
        [
          3,
          3,
          3,
          3
        ],
        [
          3,
          3,
          3,
          3
        ],
        [
          3,
          3,
          3,
          3
        ]
      ],
      "essay_scoreT_exp": [
        [
          3,
          3,
          3
        ],
        [
          3,
          3,
          3
        ],
        [
          3,
          3,
          3
        ]
      ]
    }
  },
  "student": {
    "date": "2021.11.26",
    "student_educated": true,
    "student_grade": "고등_1학년",
    "location": "041",
    "student_grade_group": "고등",
    "student_reading": 1
  },
  "rubric": {
    "essay_grade": "고등_1학년",
    "organization_weight": {
      "org_paragraph": 0,
      "org": 3,
      "org_essay": 6,
      "org_coherence": 3,
      "org_quantity": 1
    },
    "essay_type": "대안제시",
    "content_weight": {
      "con_clearance": 3,
      "con_novelty": 3,
      "con": 4,
      "con_prompt": 1,
      "con_description": 3
    },
    "essay_main_subject": "혐오시설 건설문제에 대한 본인의 생각",
    "expression_weight": {
      "exp_style": 4,
      "exp_grammar": 2,
      "exp_vocab": 4,
      "exp": 3
    }
  },
  "correction": [],
  "info": {
    "essay_id": "ESSAY_51858",
    "essay_prompt": " 혐오 시설이란 지역 주민에게 공포감이나 고통을 주거나, 주변 지역의 쾌적성이 훼손됨으로써 집값이나 땅값이 내려가는 등 부정적인 외부효과를 유발하는 시설을 의미합니다.\n\n 대표적인 혐오 시설에는 쓰레기 매립장, 원자력발전소, 소각장, 유류저장소 등이 있습니다.\n\n 매립지, 소각장, 쓰레기 하치장 같은 혐오 시설은 그리 위험하지는 않지만, 쓰레기를 취급한다는 점에서 혐오감을 주며, 주변 환경오염 문제가 갈등을 일으킵니다. 특히 소각장은 인구밀도가 높은 대도시에 건설된다는 점에서 반대 운동이 일기도 합니다.\n\n 그런데 서로 반대만 하다 보면 입지를 찾지 못해 결국 모든 주민의 삶의 질이 저하될 수 있습니다.\n\n 정부 차원에서 가장 적절한 장소를 선별하여 건설 후 주변 사람들에게 혜택을 주는 방식이 적절한 방법일까요? 아니면 혐오 시설만을 모아둔 부지를 따로 정해서 건설해야 할까요? 아니면 모든 도시가 공평하게 혐오 시설 건설에 대한 부담을 지니고 하나씩 건설해야 할까요?\n\n 모두가 만족할만한 결과를 내기란 정말 어려운 문제이지만 여러분이 생각하는 가장 합리적이고 좋은 방법을 생각해보세요. 그리고 그 방법을 대안으로 제시하고 그 근거에 대해 작성해주세요.",
    "essay_type": "대안제시",
    "essay_level": "1",
    "essay_len": 918,
    "essay_main_subject": "혐오시설 건설문제에 대한 본인의 생각"
  }
}