{
  "paragraph": [
    {
      "paragraph_txt": "현대사회로 들어서면서 신분보다 자유와 평등을 강조하게 되었다.#@문장구분# 우리 사회는 자유와 평등을 중요하게 여겨 각 정부에서 이를 시행할 수 있도록 보장해주려고 한다.#@문장구분# 하지만 지난 3월부터 권위에서 시작한 국가 기관 홍보물들의 조사 결과를 보면 700건이 넘는 홍보지에서 혐오 표현이 삽입되어 있었다.#@문장구분# 어찌 보면 매우 모순적인 일이라 보일 수 있는 상황이다.#@문장구분# 우리는 모순된 사회를 변화시키기 위해 대책을 생각해 내야 한다.#@문장구분# 내가 생각한 방안 또한 몇 가지 있다.#@문장구분# 첫째, 혐오 표현을 집중적으로 관리하는 부서가 필요하다. #@문장구분#홍보지와 같은 것들은 국가 전체에 아주 쉽게 공유된다. #@문장구분#이러한 홍보 지등을 마지막으로 감시하고 오류, 차별 표현이 있을 경우 다시 피드백을 통하려 고칠 수 있게 하는 것이다.#@문장구분# 둘째, 관련 법 조항을 수정한다.#@문장구분# 법이 생성될 경우 강제성을 가지게 된다.#@문장구분# 강제성은 현 상황을 가장 쉽게 해결할 수 있는 방안이다.#@문장구분# 예를 들어, 혐오 표현을 사용했을 때, 벌금과 같은 벌을 준다거나, 아니면 혐오 표현을 발견하고 이를 신고했을 때, 충분한 포상을 지불한다거나와 같은 것들을 말한다.#@문장구분# 다만 강제성이란 것은 자칫 위험한 결과를 초례할 수 있으니 이 점은 조심해야한다.#@문장구분# 마지막으로 교육에 힘을 실어야 한다.#@문장구분# 교육은 사람의 무의식 속에 어떠한 인식을 각인 시킬 수 있다.#@문장구분# 혐오 표현에 대한 교육을 학생, 회사원 등 상관없이 힘을 쏟아 실행하고 혐오 표현에 대한 경각심을 심는 것이다.#@문장구분# 다만 교육이 끝난 후 배운 내용을 생활 속에서 실천할 수 있는 환경을 조성해주어야 한다.#@문장구분# 그래야 효과가 제대로 나타날 수 있을 것이다. #@문장구분#우리는 자신도 모르는 사이에 수많은 혐오 표현과 마주하고 있다.#@문장구분# 앞으로는 혐오 표현이 무엇인지, 어떤 것이 혐오 표현인지 구별할 수 있어야한다.#@문장구분#",
      "paragraph_len": 1292,
      "paragraph_id": "001"
    }
  ],
  "score": {
    "paragraph_score": [
      {
        "paragraph_scoreT": [
          3,
          3,
          2.8
        ],
        "paragraph_scoreT_detail": {
          "paragraph_scoreT_exp": [
            [
              3,
              3,
              3
            ],
            [
              3,
              3,
              3
            ],
            [
              2,
              3,
              3
            ]
          ]
        },
        "paragraph_scoreT_avg": 2.9333334,
        "paragraph_id": "001"
      }
    ],
    "essay_scoreT": [
      30,
      26.3,
      27.3
    ],
    "essay_scoreT_avg": 27.866667,
    "essay_scoreT_detail": {
      "essay_scoreT_org": [
        [
          3,
          0,
          3,
          3
        ],
        [
          2,
          0,
          3,
          2
        ],
        [
          3,
          0,
          2,
          3
        ]
      ],
      "essay_scoreT_cont": [
        [
          3,
          3,
          3,
          3
        ],
        [
          3,
          2,
          2,
          3
        ],
        [
          3,
          2,
          3,
          3
        ]
      ],
      "essay_scoreT_exp": [
        [
          3,
          3,
          3
        ],
        [
          3,
          3,
          3
        ],
        [
          2,
          3,
          3
        ]
      ]
    }
  },
  "student": {
    "date": "2021.12.15",
    "student_educated": true,
    "student_grade": "고등_1학년",
    "location": "063",
    "student_grade_group": "고등",
    "student_reading": 2
  },
  "rubric": {
    "essay_grade": "고등_1학년",
    "organization_weight": {
      "org_paragraph": 0,
      "org": 3,
      "org_essay": 6,
      "org_coherence": 3,
      "org_quantity": 1
    },
    "essay_type": "대안제시",
    "content_weight": {
      "con_clearance": 3,
      "con_novelty": 3,
      "con": 4,
      "con_prompt": 1,
      "con_description": 3
    },
    "essay_main_subject": "남녀 갈등 해결 방안",
    "expression_weight": {
      "exp_style": 4,
      "exp_grammar": 2,
      "exp_vocab": 4,
      "exp": 3
    }
  },
  "correction": [],
  "info": {
    "essay_id": "ESSAY_62508",
    "essay_prompt": " 남녀 갈등은 최근 우리 사회에서 가장 뜨거운 이슈 중 하나입니다. 이러한 갈등은 아직 간극을 좁히지 못하고 현재 사회적인 문제로 자리 잡았습니다.\n\n 군 가산점 문제, 일자리 문제 등 여러 가지 비교 자료들을 토대로 토론을 하고 이를 통해 갈등을 해결하고자 하는 노력이 이루어지고 있습니다.\n\n 과거에는 성차별 심했던 시기가 있었습니다. 여자와 남자를 구별 지어 일을 주는 경우도 많았습니다. 하지만, 현재는 여자와 남자라는 성별을 떠나서 나이, 국적을 불문하고 모두에게 평등한 기회를 주기 위해 노력하고 있습니다.\n\n 이렇게 모두의 노력에도 불구하고 아직 해결되지 않았거나 해결될 기미가 보이지 않는 양성평등 문제가 있을까요?\n\n 아주 작은 사소한 일이라도 좋습니다. 여러분이 생각하는 우리 주변의 양성평등 문제를 하나 작성해보고 어떻게 해결할 수 있을지 혹은 무엇이 바뀌어야 해결될 것 같은지 본인의 생각을 설명해주세요. ",
    "essay_type": "대안제시",
    "essay_level": "1",
    "essay_len": 872,
    "essay_main_subject": "남녀 갈등 해결 방안"
  }
}