{
  "paragraph": [
    {
      "paragraph_txt": "혐오시설 건설에 대한 저의 생각은 안 좋다고 생각을 합니다.#@문장구분# 혐오시설이란 지역 주민에게 공포감을 주거나 주변 지역의 쾌적성이 훼손됨으로써 집값이나 땅값이 내려가는 등 부정적인 외부효과를 유발하는 시설을 의미합니다.#@문장구분# 대표적인 혐오시설로는 쓰레기 매립장 및 소각장, 원자력발전소, 소각장, 유류저장소, 교도소,도살장, 고압변전소, 화장장, 하수처리장, 축사 및 돈사, 양계장, 묘지, 납골당 등이 있습니다.#@문장구분# 매립지, 소각장, 쓰레기하차장 같은 혐오시설은 그리 위험하지는 않지만 쓰레기를 취급한다는 점에서 혐오감을 주며, 주변 환경오염 문제가 갈등을 일으키는데, 저는 이 환경오염을 준다는 점에서 혐오시설 건설을 안 좋게 보고 있습니다.#@문장구분# 특히, 소각장은 인구밀도가 높은 대도시에 건설된다는 점에서 반대운동이 일어나기도 합니다.#@문장구분# (소각장 같은 경우는 모든 사람이 자신의 집, 거주지역 근처에 오는 것을 다 반대합니다.)#@문장구분# 하지만 이 외에도 절이나 교회, 기도원, 요양원 등의 사회시설들조차 혐오시설이라 칭하기도 하는데요.#@문장구분# 엄밀히 말하자면 사람들에게 고통보다는 위안와 평안을 주는 삶의 휴식처임에도 불구하고 그 지역의 부동산가치를 하락시킨다는 이유로 혐오시설로 포함시키는 분들이 많이 있습니다.#@문장구분#",
      "paragraph_len": 766,
      "paragraph_id": "001"
    },
    {
      "paragraph_txt": " 그리고 혐오시설과 같은 뜻으로 사용되는 님비증후군이라는 말도 있는데, 'Not In My Backyard'(내 뒷마당에서는 안된다)의 머릿글자를 따서 만든 신조어로 이기주의적 의미로 통용되기 시작했으며, 유해시설 설치를 기피하는 현상을 말하는데요.#@문장구분# 점점 늘어나는 범죄자, 마약중독자 AIDS환자, 산업폐기물, 핵폐기물 등 각종 사회병폐를 수용하거나 처리할 시설물을 설치하려 할 때마다 해당 지역주민들이 거센 반발을 보이는 형상을 정의하는 말로 미국에서 처음 사용되기 시작했습니다.#@문장구분# 우리나라도 지방자치단체의 실시 이후 님비 증후군이 증가하는 추세이며 국민들의 환경에 대한 의식이 높아감에 따라서 쓰레기소각장 등의 유치를 거부하고 있습니다.#@문장구분#",
      "paragraph_len": 417,
      "paragraph_id": "002"
    }
  ],
  "score": {
    "paragraph_score": [
      {
        "paragraph_scoreT": [
          3,
          3,
          2.2
        ],
        "paragraph_scoreT_detail": {
          "paragraph_scoreT_exp": [
            [
              3,
              3,
              3
            ],
            [
              3,
              3,
              3
            ],
            [
              3,
              2,
              2
            ]
          ]
        },
        "paragraph_scoreT_avg": 2.7333333,
        "paragraph_id": "001"
      },
      {
        "paragraph_scoreT": [
          3,
          3,
          2.2
        ],
        "paragraph_scoreT_detail": {
          "paragraph_scoreT_exp": [
            [
              3,
              3,
              3
            ],
            [
              3,
              3,
              3
            ],
            [
              3,
              2,
              2
            ]
          ]
        },
        "paragraph_scoreT_avg": 2.7333333,
        "paragraph_id": "002"
      }
    ],
    "essay_scoreT": [
      26.3,
      26.3,
      23.3
    ],
    "essay_scoreT_avg": 25.299997,
    "essay_scoreT_detail": {
      "essay_scoreT_org": [
        [
          2,
          0,
          3,
          2
        ],
        [
          2,
          0,
          3,
          2
        ],
        [
          2,
          0,
          2,
          3
        ]
      ],
      "essay_scoreT_cont": [
        [
          3,
          2,
          2,
          3
        ],
        [
          3,
          2,
          2,
          3
        ],
        [
          2,
          2,
          2,
          3
        ]
      ],
      "essay_scoreT_exp": [
        [
          3,
          3,
          3
        ],
        [
          3,
          3,
          3
        ],
        [
          3,
          2,
          3
        ]
      ]
    }
  },
  "student": {
    "date": "2021.12.06",
    "student_educated": true,
    "student_grade": "고등_1학년",
    "location": "051",
    "student_grade_group": "고등",
    "student_reading": 1
  },
  "rubric": {
    "essay_grade": "고등_1학년",
    "organization_weight": {
      "org_paragraph": 0,
      "org": 3,
      "org_essay": 6,
      "org_coherence": 3,
      "org_quantity": 1
    },
    "essay_type": "대안제시",
    "content_weight": {
      "con_clearance": 3,
      "con_novelty": 3,
      "con": 4,
      "con_prompt": 1,
      "con_description": 3
    },
    "essay_main_subject": "혐오시설 건설문제에 대한 본인의 생각",
    "expression_weight": {
      "exp_style": 4,
      "exp_grammar": 2,
      "exp_vocab": 4,
      "exp": 3
    }
  },
  "correction": [],
  "info": {
    "essay_id": "ESSAY_53631",
    "essay_prompt": " 혐오 시설이란 지역 주민에게 공포감이나 고통을 주거나, 주변 지역의 쾌적성이 훼손됨으로써 집값이나 땅값이 내려가는 등 부정적인 외부효과를 유발하는 시설을 의미합니다.\n\n 대표적인 혐오 시설에는 쓰레기 매립장, 원자력발전소, 소각장, 유류저장소 등이 있습니다.\n\n 매립지, 소각장, 쓰레기 하치장 같은 혐오 시설은 그리 위험하지는 않지만, 쓰레기를 취급한다는 점에서 혐오감을 주며, 주변 환경오염 문제가 갈등을 일으킵니다. 특히 소각장은 인구밀도가 높은 대도시에 건설된다는 점에서 반대 운동이 일기도 합니다.\n\n 그런데 서로 반대만 하다 보면 입지를 찾지 못해 결국 모든 주민의 삶의 질이 저하될 수 있습니다.\n\n 정부 차원에서 가장 적절한 장소를 선별하여 건설 후 주변 사람들에게 혜택을 주는 방식이 적절한 방법일까요? 아니면 혐오 시설만을 모아둔 부지를 따로 정해서 건설해야 할까요? 아니면 모든 도시가 공평하게 혐오 시설 건설에 대한 부담을 지니고 하나씩 건설해야 할까요?\n\n 모두가 만족할만한 결과를 내기란 정말 어려운 문제이지만 여러분이 생각하는 가장 합리적이고 좋은 방법을 생각해보세요. 그리고 그 방법을 대안으로 제시하고 그 근거에 대해 작성해주세요.",
    "essay_type": "대안제시",
    "essay_level": "1",
    "essay_len": 966,
    "essay_main_subject": "혐오시설 건설문제에 대한 본인의 생각"
  }
}