{
  "paragraph": [
    {
      "paragraph_txt": "얼마전 뉴스에서 국가인권위원회 사업으로 정부부처의 홍보물에 대한 모니터링 진행한 결과 성차별 표현 사례가 다수 발생하였다며 이를 시정 할것을 권고하였다는 소식을 접하게 되었습니다.#@문장구분# 이제까지 살면서 홍보물을 보면서 한번도 성차별적 표현이라고 생각하지 못하였던 것들을 꼬집어서 보니 무릎을 탁 치며 성역할에 대한 고정관념이 나에게도 존재하였었다는 것을 깨닫게 되었습니다.#@문장구분# 우리는 어린시절부터 집안일은 여성, 암탉이 울면 집안이 망한다, 남자는 경제활동, 남자는 울지 않는다 등 일상적인 언어로도 많은 성차별적 발언도 서슴치 않고 해왔고 성역할에 대해 건설업이나 대표직은 남성, 간호사, 서비스업, 미용사는 여성 이라는 성차별적 역할고정관념을 조장해 왔습니다.#@문장구분# 이것은 텔레비젼에 나오는 예능, 드라마, 영화등 대중문화에 고스란히 뭍혀 무의식중에 우리들에게 강요되고 있었던 것입니다.#@문장구분# 전문가들은 이런 작고 사소한 문제가 성평등 해결과정에 걸림돌이 된다고 말하며 작은 우리의 습관 하나 하나 고쳐나가는 자세가 필요하다고 말합니다.#@문장구분# 저도 이말에 매우 동의합니다.#@문장구분# 요리사직업등은 여성이 표현되고 운전사나, 전문직의 이미지는 남성이 표현된 홍보포스터를 보고 깜짝 놀랐습니다.#@문장구분# 우리는 동네 홍보물에서도 태권도학원 태권도하는 남자아이, 댄스학원에 발레리나는 항상 여자아이로 표현 되었던 것도 다시 한번 생각하게 되었습니다.#@문장구분# 이런 성차별 고정관념을 조금씩 바꿔갈때 일상이 바뀌고 성차별적 고정관념과 편견이 깨지면서 우리 사회는 변화될것이고 이런 문제제기를 함으로써 저와같이 사람들의 인식이 깨어 나고 행동으로 나타나게 될것입니다.#@문장구분# 우리는 이런 잘못된 점을 인식하고 행동으로 바꾸어야 합니다.#@문장구분# 우리가 바뀌면 사회가 바뀌고 국가가 바뀐다는 사실을 명심해야 할 것입니다.#@문장구분#",
      "paragraph_len": 1085,
      "paragraph_id": "001"
    }
  ],
  "score": {
    "paragraph_score": [
      {
        "paragraph_scoreT": [
          3,
          2.4,
          3
        ],
        "paragraph_scoreT_detail": {
          "paragraph_scoreT_exp": [
            [
              3,
              3,
              3
            ],
            [
              2,
              3,
              2
            ],
            [
              3,
              3,
              3
            ]
          ]
        },
        "paragraph_scoreT_avg": 2.8,
        "paragraph_id": "001"
      }
    ],
    "essay_scoreT": [
      30,
      26.100002,
      30
    ],
    "essay_scoreT_avg": 28.700003,
    "essay_scoreT_detail": {
      "essay_scoreT_org": [
        [
          3,
          0,
          3,
          3
        ],
        [
          3,
          0,
          2,
          3
        ],
        [
          3,
          0,
          3,
          3
        ]
      ],
      "essay_scoreT_cont": [
        [
          3,
          3,
          3,
          3
        ],
        [
          3,
          2,
          3,
          3
        ],
        [
          3,
          3,
          3,
          3
        ]
      ],
      "essay_scoreT_exp": [
        [
          3,
          3,
          3
        ],
        [
          2,
          3,
          2
        ],
        [
          3,
          3,
          3
        ]
      ]
    }
  },
  "student": {
    "date": "2021.12.03",
    "student_educated": true,
    "student_grade": "고등_1학년",
    "location": "063",
    "student_grade_group": "고등",
    "student_reading": 2
  },
  "rubric": {
    "essay_grade": "고등_1학년",
    "organization_weight": {
      "org_paragraph": 0,
      "org": 3,
      "org_essay": 6,
      "org_coherence": 3,
      "org_quantity": 1
    },
    "essay_type": "대안제시",
    "content_weight": {
      "con_clearance": 3,
      "con_novelty": 3,
      "con": 4,
      "con_prompt": 1,
      "con_description": 3
    },
    "essay_main_subject": "남녀 갈등 해결 방안",
    "expression_weight": {
      "exp_style": 4,
      "exp_grammar": 2,
      "exp_vocab": 4,
      "exp": 3
    }
  },
  "correction": [],
  "info": {
    "essay_id": "ESSAY_53665",
    "essay_prompt": " 남녀 갈등은 최근 우리 사회에서 가장 뜨거운 이슈 중 하나입니다. 이러한 갈등은 아직 간극을 좁히지 못하고 현재 사회적인 문제로 자리 잡았습니다.\n\n 군 가산점 문제, 일자리 문제 등 여러 가지 비교 자료들을 토대로 토론을 하고 이를 통해 갈등을 해결하고자 하는 노력이 이루어지고 있습니다.\n\n 과거에는 성차별 심했던 시기가 있었습니다. 여자와 남자를 구별 지어 일을 주는 경우도 많았습니다. 하지만, 현재는 여자와 남자라는 성별을 떠나서 나이, 국적을 불문하고 모두에게 평등한 기회를 주기 위해 노력하고 있습니다.\n\n 이렇게 모두의 노력에도 불구하고 아직 해결되지 않았거나 해결될 기미가 보이지 않는 양성평등 문제가 있을까요?\n\n 아주 작은 사소한 일이라도 좋습니다. 여러분이 생각하는 우리 주변의 양성평등 문제를 하나 작성해보고 어떻게 해결할 수 있을지 혹은 무엇이 바뀌어야 해결될 것 같은지 본인의 생각을 설명해주세요. ",
    "essay_type": "대안제시",
    "essay_level": "1",
    "essay_len": 866,
    "essay_main_subject": "남녀 갈등 해결 방안"
  }
}