{
  "paragraph": [
    {
      "paragraph_txt": "근래 떠오르고 있는 혐오발언, 차별 문제는 날이 지날수록 더욱 심해지고 있으며 이로 인해 남녀간의 성대립이 심화되고 또한 갈등이 고조되어 폭언을 넘어 폭해에 이르는 사회적 문제가 되고 있다.#@문장구분# 때문에 우리들은 현재의 혐오, 차별등의 문제들에 대해 인식하고 해결방안을 모색할 필요가 있다.#@문장구분#",
      "paragraph_len": 199,
      "paragraph_id": "001"
    },
    {
      "paragraph_txt": " 첫 번째로는 인식 개선을 위한 교육을 하는 방법이 있다. #@문장구분#현재 우리나라는 남녀 혐오와 갈등 문제에 대한 교육 부분에서는 OECD가입 국가 중 하위권에 속한다.#@문장구분# 남녀간의 혐오,차별 문제는 인식 개선이 가장 주요하다고 할 수 있는데 교육이 되어 있지 않으니 이러한 갈등이 해결되기 어렵다.#@문장구분# 그렇기 때문에 교육을 통한 인식 개선을 하여 우리 사회는 함께 살아가는 곳이며 모두가 공존하여야 한다는 인식을 심어 주어야 한다.#@문장구분#",
      "paragraph_len": 313,
      "paragraph_id": "002"
    },
    {
      "paragraph_txt": "두 번째로는 법개정과 처벌 강화가 있다.#@문장구분# 우리나라는 남녀의 차이는 자신의 생각에 따라 의견이 달라질 수 있고 자기주관적인 생각이 들어갈 수 있는 부분이라 관련된 법은 있지만 사실 없다고 해도 무방한 정도의 법을 가지고 있다.#@문장구분# 그렇다면 혐오에 관련된 사건으로 인한 폭언과 폭행 문제에 대한 처벌을 강화할 수도 있지만 이 역시 처벌의 수위가 약하여 범죄 예방 부분에서는 아쉽다.#@문장구분# 따라서 빠른 법개정과 처벌 강화로 혐오에 대한 문제를 개선 하여야한다.#@문장구분#",
      "paragraph_len": 329,
      "paragraph_id": "003"
    },
    {
      "paragraph_txt": "마지막으로 남녀 혐오 방지를 위해 무료 상담소 운영이 있다.#@문장구분# 혐오 문제의 가해자, 피해자들에게 상담소 교육 프로그램을 통해 가해자에게는 인식 개선을 피해자에게는 상처받은 마음을 치료함으로써 사회구성원 모두가 서로서로를 이해하고 배려할 수 있는 마음을 가지게끔 하여야 한다. #@문장구분#또한 일반인들도 상담을 통해 인식 개선에 도움을 주 수 있다.#@문장구분#",
      "paragraph_len": 247,
      "paragraph_id": "004"
    }
  ],
  "score": {
    "paragraph_score": [
      {
        "paragraph_scoreT": [
          2,
          3,
          3
        ],
        "paragraph_scoreT_detail": {
          "paragraph_scoreT_exp": [
            [
              2,
              2,
              2
            ],
            [
              3,
              3,
              3
            ],
            [
              3,
              3,
              3
            ]
          ]
        },
        "paragraph_scoreT_avg": 2.6666667,
        "paragraph_id": "001"
      },
      {
        "paragraph_scoreT": [
          2,
          3,
          3
        ],
        "paragraph_scoreT_detail": {
          "paragraph_scoreT_exp": [
            [
              2,
              2,
              2
            ],
            [
              3,
              3,
              3
            ],
            [
              3,
              3,
              3
            ]
          ]
        },
        "paragraph_scoreT_avg": 2.6666667,
        "paragraph_id": "002"
      },
      {
        "paragraph_scoreT": [
          2,
          3,
          3
        ],
        "paragraph_scoreT_detail": {
          "paragraph_scoreT_exp": [
            [
              2,
              2,
              2
            ],
            [
              3,
              3,
              3
            ],
            [
              3,
              3,
              3
            ]
          ]
        },
        "paragraph_scoreT_avg": 2.6666667,
        "paragraph_id": "003"
      },
      {
        "paragraph_scoreT": [
          2,
          3,
          3
        ],
        "paragraph_scoreT_detail": {
          "paragraph_scoreT_exp": [
            [
              2,
              2,
              2
            ],
            [
              3,
              3,
              3
            ],
            [
              3,
              3,
              3
            ]
          ]
        },
        "paragraph_scoreT_avg": 2.6666667,
        "paragraph_id": "004"
      }
    ],
    "essay_scoreT": [
      21.5,
      24.9,
      30
    ],
    "essay_scoreT_avg": 25.466667,
    "essay_scoreT_detail": {
      "essay_scoreT_org": [
        [
          2,
          0,
          2,
          3
        ],
        [
          2,
          0,
          2,
          3
        ],
        [
          3,
          0,
          3,
          3
        ]
      ],
      "essay_scoreT_cont": [
        [
          2,
          2,
          2,
          3
        ],
        [
          3,
          2,
          3,
          2
        ],
        [
          3,
          3,
          3,
          3
        ]
      ],
      "essay_scoreT_exp": [
        [
          2,
          2,
          2
        ],
        [
          3,
          3,
          3
        ],
        [
          3,
          3,
          3
        ]
      ]
    }
  },
  "student": {
    "date": "2021.09.03",
    "student_educated": true,
    "student_grade": "고등_1학년",
    "location": "051",
    "student_grade_group": "고등",
    "student_reading": 1
  },
  "rubric": {
    "essay_grade": "고등_1학년",
    "organization_weight": {
      "org_paragraph": 0,
      "org": 3,
      "org_essay": 6,
      "org_coherence": 3,
      "org_quantity": 1
    },
    "essay_type": "대안제시",
    "content_weight": {
      "con_clearance": 3,
      "con_novelty": 3,
      "con": 4,
      "con_prompt": 1,
      "con_description": 3
    },
    "essay_main_subject": "남녀 갈등 해결 방안",
    "expression_weight": {
      "exp_style": 4,
      "exp_grammar": 2,
      "exp_vocab": 4,
      "exp": 3
    }
  },
  "correction": [],
  "info": {
    "essay_id": "ESSAY_35609",
    "essay_prompt": " 남녀 갈등은 최근 우리 사회에서 가장 뜨거운 이슈 중 하나입니다. 이러한 갈등은 아직 간극을 좁히지 못하고 현재 사회적인 문제로 자리 잡았습니다.\n\n 군 가산점 문제, 일자리 문제 등 여러 가지 비교 자료들을 토대로 토론을 하고 이를 통해 갈등을 해결하고자 하는 노력이 이루어지고 있습니다.\n\n 과거에는 성차별 심했던 시기가 있었습니다. 여자와 남자를 구별 지어 일을 주는 경우도 많았습니다. 하지만, 현재는 여자와 남자라는 성별을 떠나서 나이, 국적을 불문하고 모두에게 평등한 기회를 주기 위해 노력하고 있습니다.\n\n 이렇게 모두의 노력에도 불구하고 아직 해결되지 않았거나 해결될 기미가 보이지 않는 양성평등 문제가 있을까요?\n\n 아주 작은 사소한 일이라도 좋습니다. 여러분이 생각하는 우리 주변의 양성평등 문제를 하나 작성해보고 어떻게 해결할 수 있을지 혹은 무엇이 바뀌어야 해결될 것 같은지 본인의 생각을 설명해주세요. ",
    "essay_type": "대안제시",
    "essay_level": "1",
    "essay_len": 835,
    "essay_main_subject": "남녀 갈등 해결 방안"
  }
}