{
  "paragraph": [
    {
      "paragraph_txt": "남지역  주민에게 공포감이나 고통을 주거나 주변 지역의 쾌적성이 훼손됨으로TJ 집값이나 땅값이 내려가는 등 부정적인 외부효과를 유발하는 시설을 혐오시설이라고 하는데, 이러한 시설 중에서 쓰레기 소각장과 매립지와 같은 혐오시설과 관련하여 많은 문제가 일어나고 있다.#@문장구분# 지역 주민들은 쓰레기 소각장과 매립지를 설립할 때 지자체에서 보상과 복지를 강화한다해도 반대한다.#@문장구분# 그건 바로 이러한 시설을 설립한면 집값 하가, 농어촌의 경우 생산물 판매량 하락, 환경오염 그리고 대기오염으로 인한 건강피해 우려, 주변 미관 방해 등의 이유 때문이가소 생각되는데, 먼저 이러한 문제를 해결하기 위해선 쓰레기 배출량을 줄여야한다.#@문장구분# 재활용이나 업사이클링 등을 이용하여 쓰레기 배출량을 줄이게 되면 자원 낭비는 물론 쓰레기를 매립하거나 소각할 때 발생하는 악취나 이산화탄소가 줄어들게 된다.#@문장구분# 또한, 쓰레기 배출량이 줄어들게 되면 쓰레기 포화상태로 인한 추가 매립장과 소각장 설립이 필요 없어지게 되면서 설립 시에 부과되는 자본과 인력 등을 다른 곳에 효율적으로 활용할 수 있게 된다.#@문장구분# 두 번째로는 소각장과 매립지에 대한 시민들의 인식변화에 힘써야 한다.#@문장구분# 이러한 시설에 대한 안 좋은 시각 때문에 많은 사람들이 설립을 꺼려하고 있으므로 사람들의 인식개선에 힘쓴다면 시설을 건립한는데 있어서 갈등이 발생되지 않을 것이다.#@문장구분# 마지막 세 번째로는 현대화 시설을 활용하는 것이다.#@문장구분# 아무리 쓰레기 배출량을 줄인다하더라도 의료용 쓰레기와 공업용 쓰레기 등은 칠수적으로 배출되고 소각해야한다.#@문장구분# 이러한 것들을 소각할 때 이산화탄소와 환경오염 물질이 최소한으로 배출된다.#@문장구분# 이러한 사실을 활용하여 사람들로 하여금 소각장 등에 대한 거부감을 줄일 수 있을 것이다.#@문장구분#",
      "paragraph_len": 1068,
      "paragraph_id": "001"
    }
  ],
  "score": {
    "paragraph_score": [
      {
        "paragraph_scoreT": [
          3,
          3,
          2.6
        ],
        "paragraph_scoreT_detail": {
          "paragraph_scoreT_exp": [
            [
              3,
              3,
              3
            ],
            [
              3,
              3,
              3
            ],
            [
              3,
              3,
              2
            ]
          ]
        },
        "paragraph_scoreT_avg": 2.8666668,
        "paragraph_id": "001"
      }
    ],
    "essay_scoreT": [
      25.5,
      24.6,
      24.199999
    ],
    "essay_scoreT_avg": 24.766665,
    "essay_scoreT_detail": {
      "essay_scoreT_org": [
        [
          2,
          0,
          3,
          2
        ],
        [
          2,
          0,
          2,
          2
        ],
        [
          2,
          0,
          2,
          2
        ]
      ],
      "essay_scoreT_cont": [
        [
          3,
          2,
          3,
          2
        ],
        [
          3,
          2,
          3,
          2
        ],
        [
          3,
          2,
          2,
          3
        ]
      ],
      "essay_scoreT_exp": [
        [
          3,
          3,
          3
        ],
        [
          3,
          3,
          3
        ],
        [
          3,
          3,
          2
        ]
      ]
    }
  },
  "student": {
    "date": "2021.09.10",
    "student_educated": true,
    "student_grade": "고등_1학년",
    "location": "051",
    "student_grade_group": "고등",
    "student_reading": 3
  },
  "rubric": {
    "essay_grade": "고등_1학년",
    "organization_weight": {
      "org_paragraph": 0,
      "org": 3,
      "org_essay": 6,
      "org_coherence": 3,
      "org_quantity": 1
    },
    "essay_type": "대안제시",
    "content_weight": {
      "con_clearance": 3,
      "con_novelty": 3,
      "con": 4,
      "con_prompt": 1,
      "con_description": 3
    },
    "essay_main_subject": "혐오시설 건설문제에 대한 본인의 생각",
    "expression_weight": {
      "exp_style": 4,
      "exp_grammar": 2,
      "exp_vocab": 4,
      "exp": 3
    }
  },
  "correction": [],
  "info": {
    "essay_id": "ESSAY_33883",
    "essay_prompt": " 혐오 시설이란 지역 주민에게 공포감이나 고통을 주거나, 주변 지역의 쾌적성이 훼손됨으로써 집값이나 땅값이 내려가는 등 부정적인 외부효과를 유발하는 시설을 의미합니다.\n\n 대표적인 혐오 시설에는 쓰레기 매립장, 원자력발전소, 소각장, 유류저장소 등이 있습니다.\n\n 매립지, 소각장, 쓰레기 하치장 같은 혐오 시설은 그리 위험하지는 않지만, 쓰레기를 취급한다는 점에서 혐오감을 주며, 주변 환경오염 문제가 갈등을 일으킵니다. 특히 소각장은 인구밀도가 높은 대도시에 건설된다는 점에서 반대 운동이 일기도 합니다.\n\n 그런데 서로 반대만 하다 보면 입지를 찾지 못해 결국 모든 주민의 삶의 질이 저하될 수 있습니다.\n\n 정부 차원에서 가장 적절한 장소를 선별하여 건설 후 주변 사람들에게 혜택을 주는 방식이 적절한 방법일까요? 아니면 혐오 시설만을 모아둔 부지를 따로 정해서 건설해야 할까요? 아니면 모든 도시가 공평하게 혐오 시설 건설에 대한 부담을 지니고 하나씩 건설해야 할까요?\n\n 모두가 만족할만한 결과를 내기란 정말 어려운 문제이지만 여러분이 생각하는 가장 합리적이고 좋은 방법을 생각해보세요. 그리고 그 방법을 대안으로 제시하고 그 근거에 대해 작성해주세요.",
    "essay_type": "대안제시",
    "essay_level": "1",
    "essay_len": 849,
    "essay_main_subject": "혐오시설 건설문제에 대한 본인의 생각"
  }
}