{
  "paragraph": [
    {
      "paragraph_txt": "남자와 여자 서로 자기들이 불평등하다고 얘기한다.#@문장구분# 하지만 나는 그렇게 생각한다.#@문장구분# 이러한 생각을 해결하지 않는 다면 남녀는 서로를 생각하지 않을 것이라고 그러니 이것을 해결해야한다.#@문장구분#",
      "paragraph_len": 160,
      "paragraph_id": "001"
    },
    {
      "paragraph_txt": "먼저 남녀간의 소통이다.#@문장구분# 남녀가 서로를 성별 프레임을 씌워서 생각하기 때문에 그로 인해 남녀 간의 단절이 발생했다고 생각된다.#@문장구분# 남성의 비율이 대다수인 커뮤니티에서는 남자 입장에서 여성에 대한 목소리를 내고 있으며, 이는 여성도 마찬가지이다.#@문장구분# 또한, 서로 해결이 아닌 서로를 안좋게 바라보는 시선이 될 것이다.#@문장구분# 이는 남녀가 각자의 동굴에 갇혀 동굴 밖의 조화롭고 희망찬 내일을 바라보지 못하는 안타까운 분열이며 불통이다.#@문장구분# 따라서 남성과 여성이 함께 해결해 나갈 수 있는 다양한 방법을 찾아서 사회적 합의를 끌어낼 수 있는 방안을 고민해야 한다.#@문장구분# 그럴 때 비로소 서로 '자기가 더 불평등하다'라고 주장하는 남녀가 이 시대의 성별 간의 불합리성에 대하여 주관적 감정이 아닌 객관적 시각을 가질 수 있게 될 것이다.#@문장구분#",
      "paragraph_len": 536,
      "paragraph_id": "002"
    },
    {
      "paragraph_txt": "또 남성과 여성, 여러관점으로 바라보는 정책이 필요하다.#@문장구분# 여성주의에 집중된 정책 및 제도에 초점을 맞추지 말고, 남성과 여성에 대한 여러관점에서 바라볼 수 있는 정책을 수립해야 한다.#@문장구분# 남녀갈등을 해결하려면 여성만의 입장이나 남성만의 입장에서만 접근해서는 안 된다.#@문장구분# 여성가족부에서는 여성편향 정책들이 있다.#@문장구분# 그러나 남성을 잠재적 가해자로 보고 여성을 피해자로 보게 만드는 이 정책들로 인해 오히려 남녀갈등이 심화되었다.#@문장구분# 여성은 남성을 경계하고, 남성도 성별 논란에 휩싸이고 싶지 않아서 여성으로부터 거리를 두게 된다.#@문장구분# 따라서 진정한 양성평등을 위해서는 여성이 주가 되어 일방적으로 문제를 해결하려고 하는 것이 아니라 실질적으로 남성과 여성을 동등하게 바라보는 성 공평화에 대한 정책을 마련해야 한다.#@문장구분# ",
      "paragraph_len": 531,
      "paragraph_id": "003"
    },
    {
      "paragraph_txt": "마지막으로 남녀의 고유한 성 정체성이다.#@문장구분#",
      "paragraph_len": 42,
      "paragraph_id": "004"
    },
    {
      "paragraph_txt": "현세대의 남녀는 각각의 고유한 성 정체성을 인지할 필요가 있다.#@문장구분# 페미니스트들은 남자 없이 자신만의 힘으로 살아가고자 한다.#@문장구분# 그러나 본래 인간은 완전하지 않으므로 혼자서는 살 수 없는 존재다.#@문장구분# 따라서 인간은 완전하지 않으므로, 여성도 남성도 상대의 역할이 필요하다.#@문장구분# 따라서 남성과 여성의 고유한 성 역할이 회복되어야 한다.#@문장구분# 그렇게 남녀관계가 갈등 관계가 아닌 서로 부족한 것을 도와주는 관계가 될 때, 비로소 함께 성장할 수 있다.#@문장구분#",
      "paragraph_len": 360,
      "paragraph_id": "005"
    },
    {
      "paragraph_txt": "결론적으로, 남자와 여자는 경쟁해야 할 존재가 아닌 함께해야 할 존재이다.#@문장구분# 그러나 남녀는 서로 자기들이 불평등하다고 얘기한다.#@문장구분# 이러한 남녀는 자신만의 굴레에서 나와서 공동의 문제에 대해서 소통하고 서로의 마음을 이해하는 자세가 필요하다.#@문장구분#",
      "paragraph_len": 192,
      "paragraph_id": "006"
    }
  ],
  "score": {
    "paragraph_score": [
      {
        "paragraph_scoreT": [
          1.6,
          2.8,
          2
        ],
        "paragraph_scoreT_detail": {
          "paragraph_scoreT_exp": [
            [
              2,
              2,
              1
            ],
            [
              2,
              3,
              3
            ],
            [
              2,
              2,
              2
            ]
          ]
        },
        "paragraph_scoreT_avg": 2.1333334,
        "paragraph_id": "001"
      },
      {
        "paragraph_scoreT": [
          2,
          2.8,
          2
        ],
        "paragraph_scoreT_detail": {
          "paragraph_scoreT_exp": [
            [
              2,
              2,
              2
            ],
            [
              2,
              3,
              3
            ],
            [
              2,
              2,
              2
            ]
          ]
        },
        "paragraph_scoreT_avg": 2.2666667,
        "paragraph_id": "002"
      },
      {
        "paragraph_scoreT": [
          2.8,
          2.8,
          2
        ],
        "paragraph_scoreT_detail": {
          "paragraph_scoreT_exp": [
            [
              2,
              3,
              3
            ],
            [
              2,
              3,
              3
            ],
            [
              2,
              2,
              2
            ]
          ]
        },
        "paragraph_scoreT_avg": 2.5333333,
        "paragraph_id": "003"
      },
      {
        "paragraph_scoreT": [
          2.2,
          2.8,
          2
        ],
        "paragraph_scoreT_detail": {
          "paragraph_scoreT_exp": [
            [
              3,
              2,
              2
            ],
            [
              2,
              3,
              3
            ],
            [
              2,
              2,
              2
            ]
          ]
        },
        "paragraph_scoreT_avg": 2.3333333,
        "paragraph_id": "004"
      },
      {
        "paragraph_scoreT": [
          2,
          2.8,
          2
        ],
        "paragraph_scoreT_detail": {
          "paragraph_scoreT_exp": [
            [
              2,
              2,
              2
            ],
            [
              2,
              3,
              3
            ],
            [
              2,
              2,
              2
            ]
          ]
        },
        "paragraph_scoreT_avg": 2.2666667,
        "paragraph_id": "005"
      },
      {
        "paragraph_scoreT": [
          2.8,
          2.8,
          2
        ],
        "paragraph_scoreT_detail": {
          "paragraph_scoreT_exp": [
            [
              2,
              3,
              3
            ],
            [
              2,
              3,
              3
            ],
            [
              2,
              2,
              2
            ]
          ]
        },
        "paragraph_scoreT_avg": 2.5333333,
        "paragraph_id": "006"
      }
    ],
    "essay_scoreT": [
      28.5,
      29.4,
      20.4
    ],
    "essay_scoreT_avg": 26.1,
    "essay_scoreT_detail": {
      "essay_scoreT_org": [
        [
          3,
          0,
          2,
          3
        ],
        [
          3,
          0,
          3,
          3
        ],
        [
          2,
          0,
          2,
          2
        ]
      ],
      "essay_scoreT_cont": [
        [
          3,
          3,
          3,
          3
        ],
        [
          3,
          3,
          3,
          3
        ],
        [
          2,
          2,
          3,
          2
        ]
      ],
      "essay_scoreT_exp": [
        [
          2,
          3,
          3
        ],
        [
          2,
          3,
          3
        ],
        [
          2,
          2,
          2
        ]
      ]
    }
  },
  "student": {
    "date": "2021.09.13",
    "student_educated": true,
    "student_grade": "고등_1학년",
    "location": "051",
    "student_grade_group": "고등",
    "student_reading": 1
  },
  "rubric": {
    "essay_grade": "고등_1학년",
    "organization_weight": {
      "org_paragraph": 0,
      "org": 3,
      "org_essay": 6,
      "org_coherence": 3,
      "org_quantity": 1
    },
    "essay_type": "대안제시",
    "content_weight": {
      "con_clearance": 3,
      "con_novelty": 3,
      "con": 4,
      "con_prompt": 1,
      "con_description": 3
    },
    "essay_main_subject": "남녀 갈등 해결 방안",
    "expression_weight": {
      "exp_style": 4,
      "exp_grammar": 2,
      "exp_vocab": 4,
      "exp": 3
    }
  },
  "correction": [],
  "info": {
    "essay_id": "ESSAY_34618",
    "essay_prompt": " 남녀 갈등은 최근 우리 사회에서 가장 뜨거운 이슈 중 하나입니다. 이러한 갈등은 아직 간극을 좁히지 못하고 현재 사회적인 문제로 자리 잡았습니다.\n\n 군 가산점 문제, 일자리 문제 등 여러 가지 비교 자료들을 토대로 토론을 하고 이를 통해 갈등을 해결하고자 하는 노력이 이루어지고 있습니다.\n\n 과거에는 성차별 심했던 시기가 있었습니다. 여자와 남자를 구별 지어 일을 주는 경우도 많았습니다. 하지만, 현재는 여자와 남자라는 성별을 떠나서 나이, 국적을 불문하고 모두에게 평등한 기회를 주기 위해 노력하고 있습니다.\n\n 이렇게 모두의 노력에도 불구하고 아직 해결되지 않았거나 해결될 기미가 보이지 않는 양성평등 문제가 있을까요?\n\n 아주 작은 사소한 일이라도 좋습니다. 여러분이 생각하는 우리 주변의 양성평등 문제를 하나 작성해보고 어떻게 해결할 수 있을지 혹은 무엇이 바뀌어야 해결될 것 같은지 본인의 생각을 설명해주세요. ",
    "essay_type": "대안제시",
    "essay_level": "1",
    "essay_len": 1292,
    "essay_main_subject": "남녀 갈등 해결 방안"
  }
}