{
  "paragraph": [
    {
      "paragraph_txt": "과거에는 성차별 심했던 시기가 있었습니다.#@문장구분# 여자와 남자를 구별 지어 일을 주는 경우도 많았습니다.#@문장구분# 하지만, 현재는 여자와 남자라는 성별을 떠나서 나이, 국적을 불문하고 모두에게 평등한 기회를 주기 위해 노력하고 있습니다.#@문장구분#\n특정 집단이 대체적으로 그리고 대다수가 가지고 있는 특징을 일반화하여 혐오하는 것은 문제가 되지만, 경계하는 것은 문제가 되지 않는다고 생각한다.#@문장구분# 남녀의 혐오를 줄이기 위해서는 사람들이 무엇 때문에 혐오를 하고 화가 났는지 봐야 한다.#@문장구분# 평등하지 않을 때 화를 낼 것이다.#@문장구분# 직업에 극명한 성비가 나타나는 이유는 남녀간의 차별 때문이 아니라 평균적으로 남녀가 선호하는 직업이 다르기 때문이다.#@문장구분# 하지만 정부는 이를 인지하지 못하고 차별을 없앤다는 목적으로 경찰에 여경 비율을 맞추는 등 여러 가지 만행을 저지르고 있다.#@문장구분# 여경 비율을 맞추게 되면은 무조건 여경을 뽑아야 하기 때문에 경찰일에 맞지 않는 사람이 들어온다.#@문장구분# 더 화나는 것은 특진에 대한 문제이다.#@문장구분# 여경이 추위에 떠는 할머니에게 담뇨를 덮어주었다고 특진을 하고 남경은 그렇지 않다는 옳지 못하다.#@문장구분# 특진에도 최소한의 비율이 맞춰져 있는데 특진은 여자, 남자 5 대 5 로 맞춰야 한다.#@문장구분# 여자, 남자 비율은 1 대 10 이다.#@문장구분# 남자가 100이면 여자는 10이 있고, 특진이 10개 있다면 여자가 10명중 5명 받고 남자는 100명 중 5명 받는 것이다. #@문장구분#능력과 기여에 따라 성공할 수 있는 삶을 짓밟아 버리고 남자들에게 상대적 박탈감과 허무감을 주는 나라가 바뀔수 있다면 혐오가 조금 사라지고 행복한 사회가 올 것이라고 본다.#@문장구분# 정부는 여자를 사회적 약자로 규정하지만 나는 약자라고 생각하지 않는다.#@문장구분# 물론 여자라서, 남자라서 피해를 보는 분이 생기기는 할 것이다.#@문장구분# 하지만 지금 현대 사회에서는 남녀는 거의 평등하다고 생각한다.#@문장구분#\n물론 페미니스트 중에서도 무조건적으로 남녀에 대한 비방을 하고 살아가는 꼴페미 분들은빼고.#@문장구분#\n정말 저는 성차별없는 세상에서 살고 싶습니다.#@문장구분#",
      "paragraph_len": 1370,
      "paragraph_id": "001"
    }
  ],
  "score": {
    "paragraph_score": [
      {
        "paragraph_scoreT": [
          2.6,
          2,
          2
        ],
        "paragraph_scoreT_detail": {
          "paragraph_scoreT_exp": [
            [
              3,
              2,
              3
            ],
            [
              2,
              2,
              2
            ],
            [
              2,
              2,
              2
            ]
          ]
        },
        "paragraph_scoreT_avg": 2.2,
        "paragraph_id": "001"
      }
    ],
    "essay_scoreT": [
      28.8,
      25.8,
      25.8
    ],
    "essay_scoreT_avg": 26.799997,
    "essay_scoreT_detail": {
      "essay_scoreT_org": [
        [
          3,
          0,
          3,
          3
        ],
        [
          3,
          0,
          3,
          3
        ],
        [
          3,
          0,
          3,
          3
        ]
      ],
      "essay_scoreT_cont": [
        [
          3,
          3,
          3,
          3
        ],
        [
          2,
          3,
          3,
          3
        ],
        [
          2,
          3,
          3,
          3
        ]
      ],
      "essay_scoreT_exp": [
        [
          3,
          2,
          3
        ],
        [
          2,
          2,
          2
        ],
        [
          2,
          2,
          2
        ]
      ]
    }
  },
  "student": {
    "date": "2021.12.12",
    "student_educated": true,
    "student_grade": "고등_1학년",
    "location": "063",
    "student_grade_group": "고등",
    "student_reading": 1
  },
  "rubric": {
    "essay_grade": "고등_1학년",
    "organization_weight": {
      "org_paragraph": 0,
      "org": 3,
      "org_essay": 6,
      "org_coherence": 3,
      "org_quantity": 1
    },
    "essay_type": "대안제시",
    "content_weight": {
      "con_clearance": 3,
      "con_novelty": 3,
      "con": 4,
      "con_prompt": 1,
      "con_description": 3
    },
    "essay_main_subject": "남녀 갈등 해결 방안",
    "expression_weight": {
      "exp_style": 4,
      "exp_grammar": 2,
      "exp_vocab": 4,
      "exp": 3
    }
  },
  "correction": [],
  "info": {
    "essay_id": "ESSAY_61866",
    "essay_prompt": " 남녀 갈등은 최근 우리 사회에서 가장 뜨거운 이슈 중 하나입니다. 이러한 갈등은 아직 간극을 좁히지 못하고 현재 사회적인 문제로 자리 잡았습니다.\n\n 군 가산점 문제, 일자리 문제 등 여러 가지 비교 자료들을 토대로 토론을 하고 이를 통해 갈등을 해결하고자 하는 노력이 이루어지고 있습니다.\n\n 과거에는 성차별 심했던 시기가 있었습니다. 여자와 남자를 구별 지어 일을 주는 경우도 많았습니다. 하지만, 현재는 여자와 남자라는 성별을 떠나서 나이, 국적을 불문하고 모두에게 평등한 기회를 주기 위해 노력하고 있습니다.\n\n 이렇게 모두의 노력에도 불구하고 아직 해결되지 않았거나 해결될 기미가 보이지 않는 양성평등 문제가 있을까요?\n\n 아주 작은 사소한 일이라도 좋습니다. 여러분이 생각하는 우리 주변의 양성평등 문제를 하나 작성해보고 어떻게 해결할 수 있을지 혹은 무엇이 바뀌어야 해결될 것 같은지 본인의 생각을 설명해주세요. ",
    "essay_type": "대안제시",
    "essay_level": "1",
    "essay_len": 970,
    "essay_main_subject": "남녀 갈등 해결 방안"
  }
}