{
  "paragraph": [
    {
      "paragraph_txt": "요즘 젠더갈등은 이슈 중 이슈이다.#@문장구분# 이러한 젠더갈등을 해결할 방은 중 첫 번째는 초기교육부터 성인지교육을 철저하게 시키고 그 부모들도 받아야한다.#@문장구분# 주관적인 생각으로, 고등학교 정도로 오면 이런교육을 해도 소용없다고 생각한다.#@문장구분# 왜냐하면 10여년을 그렇게 살아오고 사회적인식을 자연스레 체화되어 그들의 생각은 바꾸기 힘이 꽤 들것이다.#@문장구분# 그러므로 성인지교육을 초등학교 저학년이 되기전에 교육받고 가정에서도 실시되어야한다.#@문장구분# 어릴때부터 그런교육을 받으면 습득하는 능력이 뛰어나 이러한 악습의 세대를 끊을 가능성이 크다.#@문장구분# 두 번째는 젠더갈등을 야기하는 이들에게 강력한 법적조치가 필요하다고 본다.#@문장구분# 편갈라 싸우게 하는 주범인 자극적인 기사제목, 유튜버들은 젠더갈등을 오용, 남용하는 경우가 다반사이다.#@문장구분# 그들의 주된 목적은 금전적인 이유이다.#@문장구분# 그러므로 자극적인 제목으로 사람들을 모으고 잘못된 내용을 대중에게 알려줘 갈등을 야기하는 경우가 많다.#@문장구분# 또한 흔히 남초사이트, 여초사이트에 이간질이 목적인 글을 올리는 경우가 있다.#@문장구분# 즉 여성이 남성인척을 하고, 남성이 여성인척 하여 분란을 야기하고 싸움을 조장한다.#@문장구분# 이는 꽤나큰 사회적문제이므로 개선해야 한다.#@문장구분# 세 번째는 우리모두 너무 예민해지지 말아야한다.#@문장구분# 젠더문제는 되게 다루기 예민한 문제이다, 사람들의 성에 대한 예민성도 이갈등에 한몫했다고 생각한다.#@문장구분# 예를 들어 친구들과 대화도중 '요즘 군대많이편하다며?'라는 빌언을 여사친이 하여 남사친이 듣고 기분이 몹시상하여 밤에 집에가서 컴퓨터로 커뮤니트 사이트에 게시하여 갈등을 일으키곤하다.#@문장구분# 근데 친구들이 우스겟소리로 하는 경우였을 것이고 농담은 농담으로 넘어갈 필요가 있다.#@문장구분# 또한 '남여갈등' 글을 '여자, 남자~~ 남자, 여자~~' 이런걸로 꼬투리 잡아 물고 넘어지는 극도의 예민함을 가진 사람들이 있다.#@문장구분# 별것도 아닌데, 괜한 분란을 야기할 필요가 전혀없다.#@문장구분# 우리가 넓은 시야와 마음, 아량으로 예전의 문제를 바라본다면 갈등을 일으킬만한 사건을 확실히 줄어들거 같다.#@문장구분#",
      "paragraph_len": 1380,
      "paragraph_id": "001"
    }
  ],
  "score": {
    "paragraph_score": [
      {
        "paragraph_scoreT": [
          2,
          2.8,
          2
        ],
        "paragraph_scoreT_detail": {
          "paragraph_scoreT_exp": [
            [
              2,
              2,
              2
            ],
            [
              2,
              3,
              3
            ],
            [
              2,
              2,
              2
            ]
          ]
        },
        "paragraph_scoreT_avg": 2.2666667,
        "paragraph_id": "001"
      }
    ],
    "essay_scoreT": [
      24.300001,
      29.4,
      21.6
    ],
    "essay_scoreT_avg": 25.1,
    "essay_scoreT_detail": {
      "essay_scoreT_org": [
        [
          3,
          0,
          3,
          2
        ],
        [
          3,
          0,
          3,
          3
        ],
        [
          2,
          0,
          2,
          2
        ]
      ],
      "essay_scoreT_cont": [
        [
          3,
          2,
          3,
          2
        ],
        [
          3,
          3,
          3,
          3
        ],
        [
          3,
          2,
          3,
          2
        ]
      ],
      "essay_scoreT_exp": [
        [
          2,
          2,
          2
        ],
        [
          2,
          3,
          3
        ],
        [
          2,
          2,
          2
        ]
      ]
    }
  },
  "student": {
    "date": "2021.09.08",
    "student_educated": true,
    "student_grade": "고등_1학년",
    "location": "051",
    "student_grade_group": "고등",
    "student_reading": 2
  },
  "rubric": {
    "essay_grade": "고등_1학년",
    "organization_weight": {
      "org_paragraph": 0,
      "org": 3,
      "org_essay": 6,
      "org_coherence": 3,
      "org_quantity": 1
    },
    "essay_type": "대안제시",
    "content_weight": {
      "con_clearance": 3,
      "con_novelty": 3,
      "con": 4,
      "con_prompt": 1,
      "con_description": 3
    },
    "essay_main_subject": "남녀 갈등 해결 방안",
    "expression_weight": {
      "exp_style": 4,
      "exp_grammar": 2,
      "exp_vocab": 4,
      "exp": 3
    }
  },
  "correction": [],
  "info": {
    "essay_id": "ESSAY_34650",
    "essay_prompt": " 남녀 갈등은 최근 우리 사회에서 가장 뜨거운 이슈 중 하나입니다. 이러한 갈등은 아직 간극을 좁히지 못하고 현재 사회적인 문제로 자리 잡았습니다.\n\n 군 가산점 문제, 일자리 문제 등 여러 가지 비교 자료들을 토대로 토론을 하고 이를 통해 갈등을 해결하고자 하는 노력이 이루어지고 있습니다.\n\n 과거에는 성차별 심했던 시기가 있었습니다. 여자와 남자를 구별 지어 일을 주는 경우도 많았습니다. 하지만, 현재는 여자와 남자라는 성별을 떠나서 나이, 국적을 불문하고 모두에게 평등한 기회를 주기 위해 노력하고 있습니다.\n\n 이렇게 모두의 노력에도 불구하고 아직 해결되지 않았거나 해결될 기미가 보이지 않는 양성평등 문제가 있을까요?\n\n 아주 작은 사소한 일이라도 좋습니다. 여러분이 생각하는 우리 주변의 양성평등 문제를 하나 작성해보고 어떻게 해결할 수 있을지 혹은 무엇이 바뀌어야 해결될 것 같은지 본인의 생각을 설명해주세요. ",
    "essay_type": "대안제시",
    "essay_level": "1",
    "essay_len": 980,
    "essay_main_subject": "남녀 갈등 해결 방안"
  }
}