{
  "paragraph": [
    {
      "paragraph_txt": "혐오시설은 크게 3가지로 분류된다.#@문장구분# 첫 번째로 주변 주민에게 공포감이나 고통을 주는 혐오시설인 사형장,묘지, 봉안당, 정신병원 등 매우 스산하고 흉한 느낌을 주므로 혐오시설 중에도 기피도가 높다. #@문장구분#두 번째로 주변지역의 쾌적성이 훼손되는 혐오시설인 차량사업소, 원자력발전소, 도축장, 쓰레기매립장 등이 있다. #@문장구분#세 번째로 정치적이거나 기타 처우, 권익에 대한 우려 등을 이유로 규정된 혐오시설인 대기업 운영 쇼핑시설 , 초등학교, 중학교, 고등학교 등 일반 교육 시설이 있다.#@문장구분# 위에 예시로 나온 혐오시설들은 우리가 살아가는데 참 많은 도움을 준다.#@문장구분# 이러한 혐오시설들은 not in my backyard, 즉 님비(NIMBY) 현상이 나오고 있다.#@문장구분# 집값이 떨어진다는 이유로 님비 현상이 발생하는데 위에서 서술하듯이 우리가 살아가는데 많은 도움을 주는, 꼭 필요한 시설들이다.#@문장구분# 따라서 어딘가에는 꼭 혐오시설이 들어가야 된다.#@문장구분# 그렇다고 사람이 많이 살지않는 촌동네나 외진곳에 혐오시설을 만들기에는 접근성이 좋지않는다.#@문장구분# 따라서 도시 인근에 혐오시설을 만들어야 되는데 나는 이런 혐오시설을 님비가 아닌 핌비(PIMPY)로 만들기 위해선 혐오시설에 대한 인식을 바꾸어야 된다고 생각한다.#@문장구분#혐오시설을 기피하는 이유는 집값 때문인데 혐오시설의 디자인을 바꾸거나 주변 환경을 이용해 관광지로 만들거나, 편의시설을 같이 만들거나 하는 방안으로 혐오시설의 인식을 바꾸었으면 한다. #@문장구분#실제로 울산의 굴화 하수처리장에는 산책로나 잔디밭, 인조잔디 축구장 운동시설이 있어 주민들이 이용하는 편의시설로 지역의 자랑거리가 되기도 했다. #@문장구분#또는 눈에 안보이게 만들면 된다.#@문장구분# 하수처리시설이나 쓰레기 매립장등 지하에 만들 수 있는 그런 시설들은 지하에 만들면 흉한 느낌도 들지 않고 주변지역의 쾌적성도 해치지 않는다. #@문장구분#마지막으로 이런 해결방안들은 서로 대화로 해결할 수 있다고 생각한다.#@문장구분# 개인의 생각이나 단체의 생각이 다르기 때문에 발생하는 님비 현상은 마음을 열고 서로 머리를 맞대어 의견을 나누고 생각을 모아야 쉽게 해결 할수 있을거다.#@문장구분#",
      "paragraph_len": 1326,
      "paragraph_id": "001"
    }
  ],
  "score": {
    "paragraph_score": [
      {
        "paragraph_scoreT": [
          3,
          2.6,
          2
        ],
        "paragraph_scoreT_detail": {
          "paragraph_scoreT_exp": [
            [
              3,
              3,
              3
            ],
            [
              3,
              3,
              2
            ],
            [
              2,
              2,
              2
            ]
          ]
        },
        "paragraph_scoreT_avg": 2.5333333,
        "paragraph_id": "001"
      }
    ],
    "essay_scoreT": [
      30,
      24.9,
      22.699999
    ],
    "essay_scoreT_avg": 25.866667,
    "essay_scoreT_detail": {
      "essay_scoreT_org": [
        [
          3,
          0,
          3,
          3
        ],
        [
          2,
          0,
          2,
          3
        ],
        [
          2,
          0,
          2,
          3
        ]
      ],
      "essay_scoreT_cont": [
        [
          3,
          3,
          3,
          3
        ],
        [
          3,
          2,
          3,
          3
        ],
        [
          3,
          2,
          2,
          3
        ]
      ],
      "essay_scoreT_exp": [
        [
          3,
          3,
          3
        ],
        [
          3,
          3,
          2
        ],
        [
          2,
          2,
          2
        ]
      ]
    }
  },
  "student": {
    "date": "2021.08.02",
    "student_educated": true,
    "student_grade": "고등_1학년",
    "location": "063",
    "student_grade_group": "고등",
    "student_reading": 1
  },
  "rubric": {
    "essay_grade": "고등_1학년",
    "organization_weight": {
      "org_paragraph": 0,
      "org": 3,
      "org_essay": 6,
      "org_coherence": 3,
      "org_quantity": 1
    },
    "essay_type": "대안제시",
    "content_weight": {
      "con_clearance": 3,
      "con_novelty": 3,
      "con": 4,
      "con_prompt": 1,
      "con_description": 3
    },
    "essay_main_subject": "혐오시설 건설문제에 대한 본인의 생각",
    "expression_weight": {
      "exp_style": 4,
      "exp_grammar": 2,
      "exp_vocab": 4,
      "exp": 3
    }
  },
  "correction": [],
  "info": {
    "essay_id": "ESSAY_34277",
    "essay_prompt": " 혐오 시설이란 지역 주민에게 공포감이나 고통을 주거나, 주변 지역의 쾌적성이 훼손됨으로써 집값이나 땅값이 내려가는 등 부정적인 외부효과를 유발하는 시설을 의미합니다.\n\n 대표적인 혐오 시설에는 쓰레기 매립장, 원자력발전소, 소각장, 유류저장소 등이 있습니다.\n\n 매립지, 소각장, 쓰레기 하치장 같은 혐오 시설은 그리 위험하지는 않지만, 쓰레기를 취급한다는 점에서 혐오감을 주며, 주변 환경오염 문제가 갈등을 일으킵니다. 특히 소각장은 인구밀도가 높은 대도시에 건설된다는 점에서 반대 운동이 일기도 합니다.\n\n 그런데 서로 반대만 하다 보면 입지를 찾지 못해 결국 모든 주민의 삶의 질이 저하될 수 있습니다.\n\n 정부 차원에서 가장 적절한 장소를 선별하여 건설 후 주변 사람들에게 혜택을 주는 방식이 적절한 방법일까요? 아니면 혐오 시설만을 모아둔 부지를 따로 정해서 건설해야 할까요? 아니면 모든 도시가 공평하게 혐오 시설 건설에 대한 부담을 지니고 하나씩 건설해야 할까요?\n\n 모두가 만족할만한 결과를 내기란 정말 어려운 문제이지만 여러분이 생각하는 가장 합리적이고 좋은 방법을 생각해보세요. 그리고 그 방법을 대안으로 제시하고 그 근거에 대해 작성해주세요.",
    "essay_type": "대안제시",
    "essay_level": "1",
    "essay_len": 1007,
    "essay_main_subject": "혐오시설 건설문제에 대한 본인의 생각"
  }
}