{
  "paragraph": [
    {
      "paragraph_txt": "혐오 시설에 따른 다양한 문제가 있다.#@문장구분# 경제적 측면에서나 환경적인 측면에서나 좋은 결과를 초래하지는 않는다.#@문장구분# 또한, 삶의 질을 저하시킨다는 느낌을 주며 많은 면적을 차지해 거주 주민들의 불만도 항시 존재한다.#@문장구분# 이러한 상황을 해결하기 위해서 갈등을 최소화 시킬 수 있는 방법을 모색하여야한다.#@문장구분# ",
      "paragraph_len": 243,
      "paragraph_id": "001"
    },
    {
      "paragraph_txt": " 첫째, 혐오 시설을 건설하는 대신, 주민들에게 혜택을 주는 것이다.#@문장구분# 예를 들어, A 지역에서는 장례식장 운영권을 주민들에게 제공함으로써 신속한 합의가 이루어졌다고한다.#@문장구분# 또 다른 예시로는 B지 역에 소각장과 종합폐기물시설 설치에 관해 막대한 반대가 있었으나 사회기반시설의 각종 혜택을 부여함으로써 유치에 성공할 수 있었다.#@문장구분# 이와 같이 피해를 주는 만큼 보상을 준다면 불만도 줄어들 것이다.#@문장구분# ",
      "paragraph_len": 298,
      "paragraph_id": "002"
    },
    {
      "paragraph_txt": " 둘째, 혐오시설을 분담하여 건설하는 것이다.#@문장구분# 원래 한 지역에 하나의 시설이 설치되기 마련이다.#@문장구분# 하지만 혐오시설을 건설한 후 두 지역에서 공동이용이 가능하다면 경제적 측면에서도 비용이 많이 절감될 것이다.#@문장구분# 실제로 이와 같이 하여서 2300억원이나 절감하였다.#@문장구분# 동시에 면적을 차지하는 공간도 줄어들어 불만도 함께 줄었다.#@문장구분# ",
      "paragraph_len": 279,
      "paragraph_id": "003"
    },
    {
      "paragraph_txt": " 셋째, 간척 사업을 실시하는 것이다.#@문장구분# 현재는 주민들이 거주하고 있는 지역에 건설을 하여 면적 차지 등과 같은 다양한 이유로 문제가 되고 있는데 애초에 혐오 시설을 목적으로 한 땅을 매립한다면 그러한 갈등이 초래하지 않을 것이다.#@문장구분# 면적 차지가 없을뿐더러 피해를 주는 크기도 훨씬 적기 때문이다.#@문장구분#",
      "paragraph_len": 224,
      "paragraph_id": "004"
    },
    {
      "paragraph_txt": " 끝으로, 인식을 개선하는 것이다.#@문장구분# 혐오 시설도 지어야하는 목적이 있기에 건설된 것이지 혐오를 주기 위한 목적으로 건설된 것이 아니다.#@문장구분# 혐오라는 단어로  인해 더 불쾌감을 주는 부분도 있다.#@문장구분# 한 아파트는 쓰레기 처리 과정을 투명 유리관으로 볼 수 있도록 만들어 주민들에게 좋은 평을 들었다.#@문장구분# 그 과정을 보여지는 것이 교육적인 측면에서도 좋기 때문이다.#@문장구분# 심지어 주변 학교에서는 현장체험학습으로 찾기도 한다.#@문장구분#이렇듯 혐오 시설도 노력한다면 더 나은 결과를 보여줄 수 있다는 것이다.#@문장구분# 그리고 인식을 개선한다면 당연히 사람들의 불만도도 자연스레 줄어들 것이다.#@문장구분#",
      "paragraph_len": 468,
      "paragraph_id": "005"
    }
  ],
  "score": {
    "paragraph_score": [
      {
        "paragraph_scoreT": [
          3,
          3,
          2
        ],
        "paragraph_scoreT_detail": {
          "paragraph_scoreT_exp": [
            [
              3,
              3,
              3
            ],
            [
              3,
              3,
              3
            ],
            [
              2,
              2,
              2
            ]
          ]
        },
        "paragraph_scoreT_avg": 2.6666667,
        "paragraph_id": "001"
      },
      {
        "paragraph_scoreT": [
          3,
          3,
          3
        ],
        "paragraph_scoreT_detail": {
          "paragraph_scoreT_exp": [
            [
              3,
              3,
              3
            ],
            [
              3,
              3,
              3
            ],
            [
              3,
              3,
              3
            ]
          ]
        },
        "paragraph_scoreT_avg": 3,
        "paragraph_id": "002"
      },
      {
        "paragraph_scoreT": [
          3,
          3,
          3
        ],
        "paragraph_scoreT_detail": {
          "paragraph_scoreT_exp": [
            [
              3,
              3,
              3
            ],
            [
              3,
              3,
              3
            ],
            [
              3,
              3,
              3
            ]
          ]
        },
        "paragraph_scoreT_avg": 3,
        "paragraph_id": "003"
      },
      {
        "paragraph_scoreT": [
          3,
          3,
          3
        ],
        "paragraph_scoreT_detail": {
          "paragraph_scoreT_exp": [
            [
              3,
              3,
              3
            ],
            [
              3,
              3,
              3
            ],
            [
              3,
              3,
              3
            ]
          ]
        },
        "paragraph_scoreT_avg": 3,
        "paragraph_id": "004"
      },
      {
        "paragraph_scoreT": [
          3,
          3,
          2.8
        ],
        "paragraph_scoreT_detail": {
          "paragraph_scoreT_exp": [
            [
              3,
              3,
              3
            ],
            [
              3,
              3,
              3
            ],
            [
              2,
              3,
              3
            ]
          ]
        },
        "paragraph_scoreT_avg": 2.9333334,
        "paragraph_id": "005"
      }
    ],
    "essay_scoreT": [
      30,
      27.300001,
      27.3
    ],
    "essay_scoreT_avg": 28.200003,
    "essay_scoreT_detail": {
      "essay_scoreT_org": [
        [
          3,
          0,
          3,
          3
        ],
        [
          3,
          0,
          3,
          2
        ],
        [
          2,
          0,
          2,
          3
        ]
      ],
      "essay_scoreT_cont": [
        [
          3,
          3,
          3,
          3
        ],
        [
          3,
          2,
          3,
          2
        ],
        [
          3,
          3,
          3,
          3
        ]
      ],
      "essay_scoreT_exp": [
        [
          3,
          3,
          3
        ],
        [
          3,
          3,
          3
        ],
        [
          3,
          3,
          3
        ]
      ]
    }
  },
  "student": {
    "date": "2021.09.03",
    "student_educated": true,
    "student_grade": "고등_1학년",
    "location": "051",
    "student_grade_group": "고등",
    "student_reading": 1
  },
  "rubric": {
    "essay_grade": "고등_1학년",
    "organization_weight": {
      "org_paragraph": 0,
      "org": 3,
      "org_essay": 6,
      "org_coherence": 3,
      "org_quantity": 1
    },
    "essay_type": "대안제시",
    "content_weight": {
      "con_clearance": 3,
      "con_novelty": 3,
      "con": 4,
      "con_prompt": 1,
      "con_description": 3
    },
    "essay_main_subject": "혐오시설 건설문제에 대한 본인의 생각",
    "expression_weight": {
      "exp_style": 4,
      "exp_grammar": 2,
      "exp_vocab": 4,
      "exp": 3
    }
  },
  "correction": [],
  "info": {
    "essay_id": "ESSAY_33839",
    "essay_prompt": " 혐오 시설이란 지역 주민에게 공포감이나 고통을 주거나, 주변 지역의 쾌적성이 훼손됨으로써 집값이나 땅값이 내려가는 등 부정적인 외부효과를 유발하는 시설을 의미합니다.\n\n 대표적인 혐오 시설에는 쓰레기 매립장, 원자력발전소, 소각장, 유류저장소 등이 있습니다.\n\n 매립지, 소각장, 쓰레기 하치장 같은 혐오 시설은 그리 위험하지는 않지만, 쓰레기를 취급한다는 점에서 혐오감을 주며, 주변 환경오염 문제가 갈등을 일으킵니다. 특히 소각장은 인구밀도가 높은 대도시에 건설된다는 점에서 반대 운동이 일기도 합니다.\n\n 그런데 서로 반대만 하다 보면 입지를 찾지 못해 결국 모든 주민의 삶의 질이 저하될 수 있습니다.\n\n 정부 차원에서 가장 적절한 장소를 선별하여 건설 후 주변 사람들에게 혜택을 주는 방식이 적절한 방법일까요? 아니면 혐오 시설만을 모아둔 부지를 따로 정해서 건설해야 할까요? 아니면 모든 도시가 공평하게 혐오 시설 건설에 대한 부담을 지니고 하나씩 건설해야 할까요?\n\n 모두가 만족할만한 결과를 내기란 정말 어려운 문제이지만 여러분이 생각하는 가장 합리적이고 좋은 방법을 생각해보세요. 그리고 그 방법을 대안으로 제시하고 그 근거에 대해 작성해주세요.",
    "essay_type": "대안제시",
    "essay_level": "1",
    "essay_len": 1043,
    "essay_main_subject": "혐오시설 건설문제에 대한 본인의 생각"
  }
}