{
  "paragraph": [
    {
      "paragraph_txt": "국민들 자신이 권한 일부를 국가에 이양한 것은 국가가 자신들의 권익을 보호해 줄 것이라는 기대가 있었기 때문이다.#@문장구분# 이런 기대는 모든 사회의 구성원들이 가지는 것이다.#@문장구분# 그러나 일부 사람들은 다수와 국가의 이익을 위해, 또는 공동체의 건전한 발전을 위해 개인이 혹은 소수의 사람들이 조금 희생할 수 있는 것이 아니냐의 논리을 가지고 있다.#@문장구분# 이런 논리를 가지고 충분한 보상이나 일자리 창출에 중점두지 않고 혐오 시설을 설치하려고 계획한 지방 자치 단체의 행동으로 많은 문제가 발생하여왔다.#@문장구분# 설치해야 할 시설의 혐오 정도를 고려하여 충분한 보상의 계획을 가지고 있되, 일방적으로 추진하는 것이 아니고, 해당 지역 주민들의 의견을 듣고 반영하는 과정을 충실하게 이행한다면 어떨까?#@문장구분# 이는 절차적 정의가 원활한 협의과정의 수행을 통해 실현되는 것이다.#@문장구분# 이익이 상충할 수밖에 없다면 그 이익들의 공통분모를 찾으려는 노력이 필요한 것이다.#@문장구분# 따라서 이러한 절차적 정의의 확립은 매우 요청되는 것이다.#@문장구분# '지역이기주의와 사회 갈등'의 문제에서 이러한 갈등이 반드시 무익하기만 한 것이 아니라는 것이다.#@문장구분# 지역 이기주의와 갈등은 결국 다원화된 사회를 구성하고 있는 개인과 지역이 자신이 권익을 실현하기 위해 투쟁하는 과정이다.#@문장구분# 이러한 갈등이 발생하게 되면 구성원들은 그 해결을 모색하게 되는데 그 모색의 과정에서 이전보다 더 나은 사회의 면모를 도출하는 경우가 종종 있다.#@문장구분# 구성원들이 공감하지 않으면 문제가 해결될 수 없기 때문에 문제 발생의 당사자들은 합리적이고 타당성 있는 해결책의 도출을 위해 지혜를 모으게 되어 대화와 타협, 협력과 책임의 자세를 습득하게 된다.#@문장구분# 이는 분명 사회 발전의 원동력이 될 수 있을 것이다.#@문장구분# 우리 옛말에 \"비 온 뒤에 땅이 굳는다.\"는 말이 있다. #@문장구분#갈등은 분열만을 낳은 사회악이 아니라 오히려 그 사회의 구성원들에게 한층 더 강한 결속력과 풍부한 자양분을 가진 사회적 토양을 형성하는 데 기여 할 수 있을 것이다.#@문장구분#",
      "paragraph_len": 1263,
      "paragraph_id": "001"
    }
  ],
  "score": {
    "paragraph_score": [
      {
        "paragraph_scoreT": [
          3,
          3,
          3
        ],
        "paragraph_scoreT_detail": {
          "paragraph_scoreT_exp": [
            [
              3,
              3,
              3
            ],
            [
              3,
              3,
              3
            ],
            [
              3,
              3,
              3
            ]
          ]
        },
        "paragraph_scoreT_avg": 3,
        "paragraph_id": "001"
      }
    ],
    "essay_scoreT": [
      28.8,
      28.8,
      30
    ],
    "essay_scoreT_avg": 29.199999,
    "essay_scoreT_detail": {
      "essay_scoreT_org": [
        [
          3,
          0,
          3,
          3
        ],
        [
          3,
          0,
          3,
          3
        ],
        [
          3,
          0,
          3,
          3
        ]
      ],
      "essay_scoreT_cont": [
        [
          3,
          2,
          3,
          3
        ],
        [
          3,
          2,
          3,
          3
        ],
        [
          3,
          3,
          3,
          3
        ]
      ],
      "essay_scoreT_exp": [
        [
          3,
          3,
          3
        ],
        [
          3,
          3,
          3
        ],
        [
          3,
          3,
          3
        ]
      ]
    }
  },
  "student": {
    "date": "2021.11.18",
    "student_educated": true,
    "student_grade": "고등_1학년",
    "location": "063",
    "student_grade_group": "고등",
    "student_reading": 1
  },
  "rubric": {
    "essay_grade": "고등_1학년",
    "organization_weight": {
      "org_paragraph": 0,
      "org": 3,
      "org_essay": 6,
      "org_coherence": 3,
      "org_quantity": 1
    },
    "essay_type": "대안제시",
    "content_weight": {
      "con_clearance": 3,
      "con_novelty": 3,
      "con": 4,
      "con_prompt": 1,
      "con_description": 3
    },
    "essay_main_subject": "혐오시설 건설문제에 대한 본인의 생각",
    "expression_weight": {
      "exp_style": 4,
      "exp_grammar": 2,
      "exp_vocab": 4,
      "exp": 3
    }
  },
  "correction": [],
  "info": {
    "essay_id": "ESSAY_47345",
    "essay_prompt": " 혐오 시설이란 지역 주민에게 공포감이나 고통을 주거나, 주변 지역의 쾌적성이 훼손됨으로써 집값이나 땅값이 내려가는 등 부정적인 외부효과를 유발하는 시설을 의미합니다.\n\n 대표적인 혐오 시설에는 쓰레기 매립장, 원자력발전소, 소각장, 유류저장소 등이 있습니다.\n\n 매립지, 소각장, 쓰레기 하치장 같은 혐오 시설은 그리 위험하지는 않지만, 쓰레기를 취급한다는 점에서 혐오감을 주며, 주변 환경오염 문제가 갈등을 일으킵니다. 특히 소각장은 인구밀도가 높은 대도시에 건설된다는 점에서 반대 운동이 일기도 합니다.\n\n 그런데 서로 반대만 하다 보면 입지를 찾지 못해 결국 모든 주민의 삶의 질이 저하될 수 있습니다.\n\n 정부 차원에서 가장 적절한 장소를 선별하여 건설 후 주변 사람들에게 혜택을 주는 방식이 적절한 방법일까요? 아니면 혐오 시설만을 모아둔 부지를 따로 정해서 건설해야 할까요? 아니면 모든 도시가 공평하게 혐오 시설 건설에 대한 부담을 지니고 하나씩 건설해야 할까요?\n\n 모두가 만족할만한 결과를 내기란 정말 어려운 문제이지만 여러분이 생각하는 가장 합리적이고 좋은 방법을 생각해보세요. 그리고 그 방법을 대안으로 제시하고 그 근거에 대해 작성해주세요.",
    "essay_type": "대안제시",
    "essay_level": "1",
    "essay_len": 963,
    "essay_main_subject": "혐오시설 건설문제에 대한 본인의 생각"
  }
}