{
  "paragraph": [
    {
      "paragraph_txt": "이 제시문을 봤을 때 과연 혐오시설을 모두가 싫어할까? 라는 생각이 먼저 들었습니다.#@문장구분#",
      "paragraph_len": 67,
      "paragraph_id": "001"
    },
    {
      "paragraph_txt": "대부분의 사람들은 혐오시설의 인식이 부정적인 이미지로 인식되어 있기 때문에 혐오시설이  유치되어 이득을 볼 수 있는 곳이 있다면 그곳은 주민들과의 합의하에 긍적적인 시너지 효과를 볼 수 있을 것 같습니다.#@문장구분# 해결책 및 새로운 방안을 제시할 경우 혐오시설에 대한 인식 및 생각이 바뀔 것이고 긍정적인 효과를 높이 기대해 볼 것이다.#@문장구분# 그것이 이번 주제에 대한 열쇠가 될 수 있지 않을까라고 생각했습니다.#@문장구분# 그래서 여러가지 뉴스기사를 찾아보니 강원도 영월의 이야기를 볼 수 있게 되었습니다.#@문장구분#",
      "paragraph_len": 349,
      "paragraph_id": "002"
    },
    {
      "paragraph_txt": "현재 영월군에는 총 세 개의 혐오시설이 설립되어 운영 중입니다.#@문장구분# 영월교도소, 군부대, 태양광발전소 이렇게 세 곳의 혐오시설이 있는데 사실 한 곳만 있어도 싫어하는 사람들이 많을텐데,  이런 장소가 총 세 개라는 것은 그만큼 혐오시설이 있다는 것은 이득보다는 불편함과 꺼림을 가져다 줄 수 있는데 생각을 바꾸면 이득을 가져다 줄 수 있기 때문이라고 생각합니다.#@문장구분# 그렇게 혐오시설에 대한 이야기를 보니, 영월은 고령화가 심각하여 농촌인구가 많기 때문에 힘이 있는 젊은 인력들이 필수불가결한 상황이었다고 합니다.#@문장구분# 이때 교도소가 설립되어 교도소의 사람들을 일주일에 한 번 정도 농촌 인력으로 사용하는 방안 및 대책을 수립하였고 처음에는 교도소가 지어진다고 했을 때 굉장히  많은 걱정과 편견 및 불편함이 있었지만 지금 생각하면 교도소의 설립으로 사람들이 인력이 부족했을 것이라고 얘기하는 영월군 주민의 인터뷰를 볼 수 있었습니다.#@문장구분# 이런 식으로 특수 상황에 의해 혐오시설 유치를 반기는 경우도 생기고 있다고 생각합니다.#@문장구분# 혐오시설에 대한 부정적인 인식 및 편견을 다른 대책 및 방안으로 모든 혐오시설을 반지지는 않지만 그에 따른 서로간의 방법을 찾아가며 한발 물러서서 그에따른 또다른 긍적적인 서로의 인식이 있다면 그에 맞춰 혐오시설을 짓는 방법은 어떨까 하는 생각입니다.#@문장구분#",
      "paragraph_len": 769,
      "paragraph_id": "003"
    }
  ],
  "score": {
    "paragraph_score": [
      {
        "paragraph_scoreT": [
          2.6,
          2.8,
          2
        ],
        "paragraph_scoreT_detail": {
          "paragraph_scoreT_exp": [
            [
              3,
              3,
              2
            ],
            [
              2,
              3,
              3
            ],
            [
              2,
              2,
              2
            ]
          ]
        },
        "paragraph_scoreT_avg": 2.4666665,
        "paragraph_id": "001"
      },
      {
        "paragraph_scoreT": [
          2.8,
          2.8,
          2
        ],
        "paragraph_scoreT_detail": {
          "paragraph_scoreT_exp": [
            [
              2,
              3,
              3
            ],
            [
              2,
              3,
              3
            ],
            [
              2,
              2,
              2
            ]
          ]
        },
        "paragraph_scoreT_avg": 2.5333333,
        "paragraph_id": "002"
      },
      {
        "paragraph_scoreT": [
          2.4,
          2.8,
          2
        ],
        "paragraph_scoreT_detail": {
          "paragraph_scoreT_exp": [
            [
              2,
              3,
              2
            ],
            [
              2,
              3,
              3
            ],
            [
              2,
              2,
              2
            ]
          ]
        },
        "paragraph_scoreT_avg": 2.3999999,
        "paragraph_id": "003"
      }
    ],
    "essay_scoreT": [
      26.900002,
      29.4,
      20.4
    ],
    "essay_scoreT_avg": 25.566668,
    "essay_scoreT_detail": {
      "essay_scoreT_org": [
        [
          3,
          0,
          2,
          3
        ],
        [
          3,
          0,
          3,
          3
        ],
        [
          2,
          0,
          2,
          2
        ]
      ],
      "essay_scoreT_cont": [
        [
          3,
          3,
          2,
          3
        ],
        [
          3,
          3,
          3,
          3
        ],
        [
          2,
          2,
          3,
          2
        ]
      ],
      "essay_scoreT_exp": [
        [
          2,
          3,
          2
        ],
        [
          2,
          3,
          3
        ],
        [
          2,
          2,
          2
        ]
      ]
    }
  },
  "student": {
    "date": "2021.10.18",
    "student_educated": true,
    "student_grade": "고등_1학년",
    "location": "02",
    "student_grade_group": "고등",
    "student_reading": 2
  },
  "rubric": {
    "essay_grade": "고등_1학년",
    "organization_weight": {
      "org_paragraph": 0,
      "org": 3,
      "org_essay": 6,
      "org_coherence": 3,
      "org_quantity": 1
    },
    "essay_type": "대안제시",
    "content_weight": {
      "con_clearance": 3,
      "con_novelty": 3,
      "con": 4,
      "con_prompt": 1,
      "con_description": 3
    },
    "essay_main_subject": "혐오시설 건설문제에 대한 본인의 생각",
    "expression_weight": {
      "exp_style": 4,
      "exp_grammar": 2,
      "exp_vocab": 4,
      "exp": 3
    }
  },
  "correction": [],
  "info": {
    "essay_id": "ESSAY_38003",
    "essay_prompt": " 혐오 시설이란 지역 주민에게 공포감이나 고통을 주거나, 주변 지역의 쾌적성이 훼손됨으로써 집값이나 땅값이 내려가는 등 부정적인 외부효과를 유발하는 시설을 의미합니다.\n\n 대표적인 혐오 시설에는 쓰레기 매립장, 원자력발전소, 소각장, 유류저장소 등이 있습니다.\n\n 매립지, 소각장, 쓰레기 하치장 같은 혐오 시설은 그리 위험하지는 않지만, 쓰레기를 취급한다는 점에서 혐오감을 주며, 주변 환경오염 문제가 갈등을 일으킵니다. 특히 소각장은 인구밀도가 높은 대도시에 건설된다는 점에서 반대 운동이 일기도 합니다.\n\n 그런데 서로 반대만 하다 보면 입지를 찾지 못해 결국 모든 주민의 삶의 질이 저하될 수 있습니다.\n\n 정부 차원에서 가장 적절한 장소를 선별하여 건설 후 주변 사람들에게 혜택을 주는 방식이 적절한 방법일까요? 아니면 혐오 시설만을 모아둔 부지를 따로 정해서 건설해야 할까요? 아니면 모든 도시가 공평하게 혐오 시설 건설에 대한 부담을 지니고 하나씩 건설해야 할까요?\n\n 모두가 만족할만한 결과를 내기란 정말 어려운 문제이지만 여러분이 생각하는 가장 합리적이고 좋은 방법을 생각해보세요. 그리고 그 방법을 대안으로 제시하고 그 근거에 대해 작성해주세요.",
    "essay_type": "대안제시",
    "essay_level": "1",
    "essay_len": 970,
    "essay_main_subject": "혐오시설 건설문제에 대한 본인의 생각"
  }
}