{
  "paragraph": [
    {
      "paragraph_txt": "님비 현상은 자기 거주지역에 부정적인 영향을 끼치는 시설, 즉 비선호시설이 설치되는 것을 반대하는 지역주민들의 태도를 지칭하며, 이러한 비선호시설에는 핵발전소, 쓰레기매립장, 궁해배출공장, 화장터, 공항, 병원, 감옥등 다양한 시설들이 포함된다.#@문장구분# 비선호시설의 편익과 부담이 여러 대상에게 균등하게 귀속되지 않는다는점에있다.#@문장구분# 비선호시설의 규모를 매우 작게 세분하여 각각의 편익과 부담을 동일한 지역에게 귀속시킬 수 없는 한, 님비 현상은 필연적으로 발생할 수밖에 없을 것이다.#@문장구분# 혐오시설의 이득은 타 지역 주민들과 공동으로 누리는 반면 피해는 특정 지역에 귀속될 수밖에 없다면, 피해지역 주민들에 대한 적절한 보상만이 문제를 해결할 수 있기 때문이다.#@문장구분# 보상이 합리적인 절차로 진행되기 위해 중요한 것은 해당 지역 주민들의 적극적인 태도이다.#@문장구분# 그런데 주민들의 반발을 지역이기주의 또는 집단이기주의로 매도하는 시각은 주민들과의 보상 합의를 어렵게 함으로써 문제 해결의 걸림돌로 작용하게 된다. #@문장구분#쓰레기소각장 등 혐오시설의 필요성이 일반적으로 인정되고있는 상황에서, 지역 주민들은 경제적 보상을 강하게 주장하게 되면 자신들의 행위가 집단이기주의로 비난받을 것이 두려워 경제적인 보상보다는 행정적이고 환경적인 문제만을 지적하는 경향이 있다.#@문장구분# 이처럼 주민들이 경제적인 요인에 대한 불만이 있음에도 불구하고 지역이기주의 등의 비난이 두려워 이를 공개적으로 표현하지 못하면서 절차상의 위법성 등의 명분에 매달리게 되면, 이는 협상의 진척에 장애가 될 뿐이다.#@문장구분# 적절한 경제적 보상을 위한 전제조건은 입지 선정을 비롯한 정책추진의 전 과정이 공정하고 투명하게 진행되어야 한다는 점이다.#@문장구분# 어떤 지역이건 기피할 수밖에 없는 혐오시설의 입지선정과 건설과정이 순조롭게 진행되기 위해서는 정책추진의 각 단계에서 사회적 합의가 필요하며, 이러한 합의를 전제로 해서만 적절한 보상에 관한 논의가 진행 될 때 모두가 만족할 결과를 도출하게 될 것이다.#@문장구분#",
      "paragraph_len": 1160,
      "paragraph_id": "001"
    }
  ],
  "score": {
    "paragraph_score": [
      {
        "paragraph_scoreT": [
          3,
          3,
          3
        ],
        "paragraph_scoreT_detail": {
          "paragraph_scoreT_exp": [
            [
              3,
              3,
              3
            ],
            [
              3,
              3,
              3
            ],
            [
              3,
              3,
              3
            ]
          ]
        },
        "paragraph_scoreT_avg": 3,
        "paragraph_id": "001"
      }
    ],
    "essay_scoreT": [
      28.8,
      28.8,
      30
    ],
    "essay_scoreT_avg": 29.199999,
    "essay_scoreT_detail": {
      "essay_scoreT_org": [
        [
          3,
          0,
          3,
          3
        ],
        [
          3,
          0,
          3,
          3
        ],
        [
          3,
          0,
          3,
          3
        ]
      ],
      "essay_scoreT_cont": [
        [
          3,
          2,
          3,
          3
        ],
        [
          3,
          2,
          3,
          3
        ],
        [
          3,
          3,
          3,
          3
        ]
      ],
      "essay_scoreT_exp": [
        [
          3,
          3,
          3
        ],
        [
          3,
          3,
          3
        ],
        [
          3,
          3,
          3
        ]
      ]
    }
  },
  "student": {
    "date": "2021.11.18",
    "student_educated": true,
    "student_grade": "고등_1학년",
    "location": "063",
    "student_grade_group": "고등",
    "student_reading": 2
  },
  "rubric": {
    "essay_grade": "고등_1학년",
    "organization_weight": {
      "org_paragraph": 0,
      "org": 3,
      "org_essay": 6,
      "org_coherence": 3,
      "org_quantity": 1
    },
    "essay_type": "대안제시",
    "content_weight": {
      "con_clearance": 3,
      "con_novelty": 3,
      "con": 4,
      "con_prompt": 1,
      "con_description": 3
    },
    "essay_main_subject": "혐오시설 건설문제에 대한 본인의 생각",
    "expression_weight": {
      "exp_style": 4,
      "exp_grammar": 2,
      "exp_vocab": 4,
      "exp": 3
    }
  },
  "correction": [],
  "info": {
    "essay_id": "ESSAY_47354",
    "essay_prompt": " 혐오 시설이란 지역 주민에게 공포감이나 고통을 주거나, 주변 지역의 쾌적성이 훼손됨으로써 집값이나 땅값이 내려가는 등 부정적인 외부효과를 유발하는 시설을 의미합니다.\n\n 대표적인 혐오 시설에는 쓰레기 매립장, 원자력발전소, 소각장, 유류저장소 등이 있습니다.\n\n 매립지, 소각장, 쓰레기 하치장 같은 혐오 시설은 그리 위험하지는 않지만, 쓰레기를 취급한다는 점에서 혐오감을 주며, 주변 환경오염 문제가 갈등을 일으킵니다. 특히 소각장은 인구밀도가 높은 대도시에 건설된다는 점에서 반대 운동이 일기도 합니다.\n\n 그런데 서로 반대만 하다 보면 입지를 찾지 못해 결국 모든 주민의 삶의 질이 저하될 수 있습니다.\n\n 정부 차원에서 가장 적절한 장소를 선별하여 건설 후 주변 사람들에게 혜택을 주는 방식이 적절한 방법일까요? 아니면 혐오 시설만을 모아둔 부지를 따로 정해서 건설해야 할까요? 아니면 모든 도시가 공평하게 혐오 시설 건설에 대한 부담을 지니고 하나씩 건설해야 할까요?\n\n 모두가 만족할만한 결과를 내기란 정말 어려운 문제이지만 여러분이 생각하는 가장 합리적이고 좋은 방법을 생각해보세요. 그리고 그 방법을 대안으로 제시하고 그 근거에 대해 작성해주세요.",
    "essay_type": "대안제시",
    "essay_level": "1",
    "essay_len": 960,
    "essay_main_subject": "혐오시설 건설문제에 대한 본인의 생각"
  }
}