{
  "paragraph": [
    {
      "paragraph_txt": "남성혐오 및 여성혐오, 현재 사회에서 걷잡을 수 없이 빠르게 확산되고 있는 사회적 문제 중 하나이다.#@문장구분# 이러한 문제는 누가 만들어내고 있는가?#@문장구분# 딱 한 무리를 콕 집어 이야기하는 것은 불가능 할 것이다.#@문장구분# 그렇지만 굳이 나눠보자면 온라인 시대를 주로 겪고 있는 20대가 중심이 된다고 볼 수 있다.#@문장구분# 그 외에도 보수 및 저소득층 등은 남성혐오의 태도를 보일 수도 있다고 한다.#@문장구분# 한 사회학과 교수는 \"소위 '페미' (페미니스트 지칭)라는 의미를 정확히 모른는 채 공격하는 사람들이 많다.\" 라고 언급한 것처럼, '페미'라는 단어를 보면 그 글의 내용과 상관없이 달려드는 태도를 가졌다고 한다.#@문장구분# 이러한 사회적 문제가 발생한 이유는 무엇일까.#@문장구분# 신종 코로나 바이러스 감염증 유행, 정치적 양극화, 청년 실업 등 경제 상황 악화와 오랜 남녀 갈등이 젠더 혐오로 바뀌는 것 등으로 볼 수 있을 것이다.#@문장구분# 그렇다면 이미 우리 주변에 넘치는 남녀혐오 문제를 어떻게 해결할 수 있을까?#@문장구분# 먼저, 온라인 시대에서의 해결 방법이다.#@문장구분# 이 문제가 여러 곳에서, 시시콜콜 한 것부터 말이 나온다고 하더라도, 인터넷 커뮤니티가 차지하는 비중은 외면할 수 없다.#@문장구분# 그렇기 때문에 특정 커뮤니티(소위 일베 내지는 워마드 등)를 삭제시켜버리는 등의 강력한 규제가 필요하다고 생각한다.#@문장구분# 본인들만의 혐오 단어를 만들어 애먼 사람들에게 무지성 비난을 하는 것도 어느 정도 막을 수 있을 뿐만 아니라, 또 다른 가해 및 피해를 막을 가능성이 높을 것으로 보인다.#@문장구분# 두 번째 방법으로는 언론 및 방송의 노력이다.#@문장구분# 쉽게 접하는 매체이니만큼 갈등을 조장하는 기사를 의도적으로 작성하는 행동을 제재해야 남녀갈등의 일부를 줄일 수 있다.#@문장구분# 마지막으로 남녀 서로를 혐오 및 공격의 대상이 아닌 사회를 공동으로 이끌어가는, 존중의 대상으로 대우하는 것이다.#@문장구분# 평소 남녀혐오 표현을 줄이고, 의식적으로라도 노력하는 것이 평화로운 사회를 향한 첫 걸음이 될 것이다.#@문장구분#",
      "paragraph_len": 1287,
      "paragraph_id": "001"
    }
  ],
  "score": {
    "paragraph_score": [
      {
        "paragraph_scoreT": [
          2.8,
          2.8,
          2.4
        ],
        "paragraph_scoreT_detail": {
          "paragraph_scoreT_exp": [
            [
              2,
              3,
              3
            ],
            [
              2,
              3,
              3
            ],
            [
              2,
              3,
              2
            ]
          ]
        },
        "paragraph_scoreT_avg": 2.6666667,
        "paragraph_id": "001"
      }
    ],
    "essay_scoreT": [
      29.1,
      29.4,
      24.3
    ],
    "essay_scoreT_avg": 27.6,
    "essay_scoreT_detail": {
      "essay_scoreT_org": [
        [
          3,
          0,
          3,
          2
        ],
        [
          3,
          0,
          3,
          3
        ],
        [
          2,
          0,
          2,
          3
        ]
      ],
      "essay_scoreT_cont": [
        [
          3,
          3,
          3,
          3
        ],
        [
          3,
          3,
          3,
          3
        ],
        [
          3,
          2,
          3,
          3
        ]
      ],
      "essay_scoreT_exp": [
        [
          2,
          3,
          3
        ],
        [
          2,
          3,
          3
        ],
        [
          2,
          3,
          2
        ]
      ]
    }
  },
  "student": {
    "date": "2021.09.08",
    "student_educated": true,
    "student_grade": "고등_1학년",
    "location": "051",
    "student_grade_group": "고등",
    "student_reading": 1
  },
  "rubric": {
    "essay_grade": "고등_1학년",
    "organization_weight": {
      "org_paragraph": 0,
      "org": 3,
      "org_essay": 6,
      "org_coherence": 3,
      "org_quantity": 1
    },
    "essay_type": "대안제시",
    "content_weight": {
      "con_clearance": 3,
      "con_novelty": 3,
      "con": 4,
      "con_prompt": 1,
      "con_description": 3
    },
    "essay_main_subject": "남녀 갈등 해결 방안",
    "expression_weight": {
      "exp_style": 4,
      "exp_grammar": 2,
      "exp_vocab": 4,
      "exp": 3
    }
  },
  "correction": [],
  "info": {
    "essay_id": "ESSAY_34662",
    "essay_prompt": " 남녀 갈등은 최근 우리 사회에서 가장 뜨거운 이슈 중 하나입니다. 이러한 갈등은 아직 간극을 좁히지 못하고 현재 사회적인 문제로 자리 잡았습니다.\n\n 군 가산점 문제, 일자리 문제 등 여러 가지 비교 자료들을 토대로 토론을 하고 이를 통해 갈등을 해결하고자 하는 노력이 이루어지고 있습니다.\n\n 과거에는 성차별 심했던 시기가 있었습니다. 여자와 남자를 구별 지어 일을 주는 경우도 많았습니다. 하지만, 현재는 여자와 남자라는 성별을 떠나서 나이, 국적을 불문하고 모두에게 평등한 기회를 주기 위해 노력하고 있습니다.\n\n 이렇게 모두의 노력에도 불구하고 아직 해결되지 않았거나 해결될 기미가 보이지 않는 양성평등 문제가 있을까요?\n\n 아주 작은 사소한 일이라도 좋습니다. 여러분이 생각하는 우리 주변의 양성평등 문제를 하나 작성해보고 어떻게 해결할 수 있을지 혹은 무엇이 바뀌어야 해결될 것 같은지 본인의 생각을 설명해주세요. ",
    "essay_type": "대안제시",
    "essay_level": "1",
    "essay_len": 947,
    "essay_main_subject": "남녀 갈등 해결 방안"
  }
}