{
  "paragraph": [
    {
      "paragraph_txt": "사실 오랜 옛날부터 남녀차별 문제는 있어 왔던 것이다.#@문장구분# 여자는 한평생 부엌 안에서 일만 해왔으며 남자는 밖에서 벼슬길에 올라 관직에도 머무르며 편안한 생활을 했었다.#@문장구분# 옛날부터 이어 내려온 유교정신이 우리 사회에 인식되어 남자만 할 수 있고 남자만이 해야하는 그런 생각이 시민들의 생각에 박혀있다.#@문장구분# 우리들은 옛날부터 아주 불평등하게 살아왔다.#@문장구분# 하지만 지금 이 시대는 글로벌 시대, 모든 사람의 인격과 개성을 존중하는 사회가 되었다.#@문장구분# 그래서 지금 우리는 여자의 인격과 개성을 존중하면서 살아가야 한다.#@문장구분# 일부 남성들은 남녀의 평등을 외치고 있는 실정이지만 대부분은 그렇치 않다.#@문장구분#하지만 남자와 여자 같이 남녀차별 문제에 동참하면서 남자는 자기가 잘못한 점도 깨닫고 앞으로 어떻게 해야겠다는 다짐도 할 수 있는 좋은 기회가 될 수 있을 것 같고, 여자는 앞으로 더욱 이런 문제에 관심을 가지고 귀 귀울이는 모습이 되었으면 한다. #@문장구분#여성들은 자신감과 집념을 가져야 한다.#@문장구분#집념을 가지므로 해서 한 문제를 끈질 길게 물고 늘어지면 자신이 더욱 발전하는 모습을 볼 수 있을 것이다.#@문장구분# 내가 한 예로 퀴리 부인의 이야기를 들어 보겠다.#@문장구분# 퀴리 부인은 폴로늄과 라듐을 발견하고 노벨상을 단독으로 2번이나 받을 만큼 위대한 위인이다.#@문장구분# 그러한 그녀에게도 시련이 닥쳐왔다. #@문장구분#그녀는 아버지가 사업이 망해 어쩔 수 없이 18살 때 가정교사 자리를 얻어 생계를 이어 갔다.#@문장구분# 그녀는 밤 늦게 까지 기숙사에서 빵과 버터 치즈만 먹고 살았다.#@문장구분# 그리고 그는 논문 발표의 두려움을 자신감으로 극복 했다고 한다.#@문장구분# 보통 여성들을 보면 두려움과 마주치게 되면 도망가기 마련인데 퀴리 부인은 두려움을 자신감으로 극복 했다고 하니 나도 놀랍다.#@문장구분# 여성들도 퀴리 부인을 닮아 이 세상을 헤쳐 나갔으면 한다.#@문장구분# 남녀의 사이를 좁히는 것이 우리들의 과제이고 의무이다. #@문장구분#사회적으로 평등해 진다고 해도, 남녀가 평등한 사회는 이루지 못할 것이다. #@문장구분#이 양성평등의 문제는 남녀노소 누구나 해결해야 갈 문제인 것이다.#@문장구분# 남자는 이래야 된다, 여자라서 이렇게 해야 한다.#@문장구분#또는 남자가 더 높다.#@문장구분# 여자가 더 높다 라는 식의 구별과 기준이 없어지고 개인의 개성에 따라 자신의 장점을 확대 시키고 남녀 차별이 없는 평등한 다양한 문화를 만들어 내는 사회, 다 함께 더불어 살아가는 사회가 되었으면 한다.#@문장구분#나는 열심히 도와서 이 세상에 남녀차별이 없어지는 그날까지 노력하고 또 노력할 것이다.#@문장구분#",
      "paragraph_len": 1679,
      "paragraph_id": "001"
    }
  ],
  "score": {
    "paragraph_score": [
      {
        "paragraph_scoreT": [
          3,
          3,
          2.8
        ],
        "paragraph_scoreT_detail": {
          "paragraph_scoreT_exp": [
            [
              3,
              3,
              3
            ],
            [
              3,
              3,
              3
            ],
            [
              2,
              3,
              3
            ]
          ]
        },
        "paragraph_scoreT_avg": 2.9333334,
        "paragraph_id": "001"
      }
    ],
    "essay_scoreT": [
      28.8,
      28.4,
      29.4
    ],
    "essay_scoreT_avg": 28.866667,
    "essay_scoreT_detail": {
      "essay_scoreT_org": [
        [
          3,
          0,
          3,
          3
        ],
        [
          3,
          0,
          3,
          3
        ],
        [
          3,
          0,
          3,
          3
        ]
      ],
      "essay_scoreT_cont": [
        [
          3,
          2,
          3,
          3
        ],
        [
          3,
          2,
          2,
          3
        ],
        [
          3,
          3,
          3,
          3
        ]
      ],
      "essay_scoreT_exp": [
        [
          3,
          3,
          3
        ],
        [
          3,
          3,
          3
        ],
        [
          2,
          3,
          3
        ]
      ]
    }
  },
  "student": {
    "date": "2021.12.13",
    "student_educated": true,
    "student_grade": "고등_1학년",
    "location": "063",
    "student_grade_group": "고등",
    "student_reading": 2
  },
  "rubric": {
    "essay_grade": "고등_1학년",
    "organization_weight": {
      "org_paragraph": 0,
      "org": 3,
      "org_essay": 6,
      "org_coherence": 3,
      "org_quantity": 1
    },
    "essay_type": "대안제시",
    "content_weight": {
      "con_clearance": 3,
      "con_novelty": 3,
      "con": 4,
      "con_prompt": 1,
      "con_description": 3
    },
    "essay_main_subject": "남녀 갈등 해결 방안",
    "expression_weight": {
      "exp_style": 4,
      "exp_grammar": 2,
      "exp_vocab": 4,
      "exp": 3
    }
  },
  "correction": [],
  "info": {
    "essay_id": "ESSAY_62440",
    "essay_prompt": " 남녀 갈등은 최근 우리 사회에서 가장 뜨거운 이슈 중 하나입니다. 이러한 갈등은 아직 간극을 좁히지 못하고 현재 사회적인 문제로 자리 잡았습니다.\n\n 군 가산점 문제, 일자리 문제 등 여러 가지 비교 자료들을 토대로 토론을 하고 이를 통해 갈등을 해결하고자 하는 노력이 이루어지고 있습니다.\n\n 과거에는 성차별 심했던 시기가 있었습니다. 여자와 남자를 구별 지어 일을 주는 경우도 많았습니다. 하지만, 현재는 여자와 남자라는 성별을 떠나서 나이, 국적을 불문하고 모두에게 평등한 기회를 주기 위해 노력하고 있습니다.\n\n 이렇게 모두의 노력에도 불구하고 아직 해결되지 않았거나 해결될 기미가 보이지 않는 양성평등 문제가 있을까요?\n\n 아주 작은 사소한 일이라도 좋습니다. 여러분이 생각하는 우리 주변의 양성평등 문제를 하나 작성해보고 어떻게 해결할 수 있을지 혹은 무엇이 바뀌어야 해결될 것 같은지 본인의 생각을 설명해주세요. ",
    "essay_type": "대안제시",
    "essay_level": "1",
    "essay_len": 1181,
    "essay_main_subject": "남녀 갈등 해결 방안"
  }
}