{
  "paragraph": [
    {
      "paragraph_txt": "2021년 5월 17일 환경부에 따르면 현재 운영중인 쓰레기 매립지는 215곳이나, 조만간 65곳이 차고 2030년 쯤에는 120곳이 찰 것이라고 추측했다.#@문장구분# 이렇듯 쓰레기가 넘쳐나는 상황에서, 서울과 인천, 경기도가 쓰레기 매립을 놓고 갈등을 빚고 있다.#@문장구분# 1990년대 이후부터 세 곳의 쓰레기는 인천에서 도맞고 있었으나, 최근들어 우리의 쓰레기도 아닌데 더 이상은 받아줄 수 없다는 의견이 나왔다.#@문장구분# 실제로 2020년 6월에 인천 시민 1000명을 대상으로 조사한 결과, 응답자의 83.4%가 2025년 이후로는 받지 말아야 한다고 응답했다.#@문장구분# 하지만 일구밀집지역인 서울에선 아파트를 짓기도 땅이 부족하다며 혐오시설인 쓰레기 매립지 건설을 회피했고, 경기도도 마찬가지인 입장이다.#@문장구분# 이 문제를 해결하기 위해서는 첫 번째로 국민의식의 향상과 정부의 정책 등의 방법으로 처리해야 할 쓰레기의 양을 줄임으로써 보다 근원적인 문제를 해결해야 할 것이며, 두 번째 방법으로는 서울, 경기, 인천의 수뇌부들이 한데 모여 조금씩이라도 서울과 경기가 차근차근 부담하겠다고 합의하면 인천의 시민들도 서울, 경기의 쓰레기에 보다 우호적인 입장을 가지게 될 수 있을 것이다.#@문장구분# 또 세 번째 방법으로는 교육과 홍보를 통해서 쓰레기 매립지의 중요성을 각 시민들에게 인식시킴으로써 혐오시설인 쓰레기 매립지 건설에 대해 가지고 있는 부정적인 시각을 바꾸어 줄 필요가 있다고 보여지며, 쓰레기 매립지가 시민들의 주거 환경에 부정적인 영향을 끼치는 것은사실이니(부도산, 냄새 등), 정부 차원에서 쓰레기 매립지를 건축한 지역의 시민들에게 그에 맞는 보상이나 혜택을 누리게 한다면 시민들의 불만도 가라앉을 것이다.#@문장구분# 빠른 시일 내에 인천, 서울, 경기가 원만한 협의를 통해 지금의 문제를 서로에게 긍정적인 방향으로 잘 해결할 수 있으면 좋겠다.#@문장구분#",
      "paragraph_len": 1057,
      "paragraph_id": "001"
    }
  ],
  "score": {
    "paragraph_score": [
      {
        "paragraph_scoreT": [
          3,
          2.6,
          3
        ],
        "paragraph_scoreT_detail": {
          "paragraph_scoreT_exp": [
            [
              3,
              3,
              3
            ],
            [
              3,
              3,
              2
            ],
            [
              3,
              3,
              3
            ]
          ]
        },
        "paragraph_scoreT_avg": 2.8666668,
        "paragraph_id": "001"
      }
    ],
    "essay_scoreT": [
      25.099998,
      27.300001,
      27
    ],
    "essay_scoreT_avg": 26.466667,
    "essay_scoreT_detail": {
      "essay_scoreT_org": [
        [
          2,
          0,
          3,
          2
        ],
        [
          3,
          0,
          3,
          2
        ],
        [
          2,
          0,
          3,
          3
        ]
      ],
      "essay_scoreT_cont": [
        [
          3,
          2,
          2,
          2
        ],
        [
          3,
          2,
          3,
          2
        ],
        [
          2,
          3,
          3,
          3
        ]
      ],
      "essay_scoreT_exp": [
        [
          3,
          3,
          3
        ],
        [
          3,
          3,
          3
        ],
        [
          3,
          3,
          3
        ]
      ]
    }
  },
  "student": {
    "date": "2021.09.10",
    "student_educated": true,
    "student_grade": "고등_1학년",
    "location": "051",
    "student_grade_group": "고등",
    "student_reading": 3
  },
  "rubric": {
    "essay_grade": "고등_1학년",
    "organization_weight": {
      "org_paragraph": 0,
      "org": 3,
      "org_essay": 6,
      "org_coherence": 3,
      "org_quantity": 1
    },
    "essay_type": "대안제시",
    "content_weight": {
      "con_clearance": 3,
      "con_novelty": 3,
      "con": 4,
      "con_prompt": 1,
      "con_description": 3
    },
    "essay_main_subject": "혐오시설 건설문제에 대한 본인의 생각",
    "expression_weight": {
      "exp_style": 4,
      "exp_grammar": 2,
      "exp_vocab": 4,
      "exp": 3
    }
  },
  "correction": [],
  "info": {
    "essay_id": "ESSAY_33888",
    "essay_prompt": " 혐오 시설이란 지역 주민에게 공포감이나 고통을 주거나, 주변 지역의 쾌적성이 훼손됨으로써 집값이나 땅값이 내려가는 등 부정적인 외부효과를 유발하는 시설을 의미합니다.\n\n 대표적인 혐오 시설에는 쓰레기 매립장, 원자력발전소, 소각장, 유류저장소 등이 있습니다.\n\n 매립지, 소각장, 쓰레기 하치장 같은 혐오 시설은 그리 위험하지는 않지만, 쓰레기를 취급한다는 점에서 혐오감을 주며, 주변 환경오염 문제가 갈등을 일으킵니다. 특히 소각장은 인구밀도가 높은 대도시에 건설된다는 점에서 반대 운동이 일기도 합니다.\n\n 그런데 서로 반대만 하다 보면 입지를 찾지 못해 결국 모든 주민의 삶의 질이 저하될 수 있습니다.\n\n 정부 차원에서 가장 적절한 장소를 선별하여 건설 후 주변 사람들에게 혜택을 주는 방식이 적절한 방법일까요? 아니면 혐오 시설만을 모아둔 부지를 따로 정해서 건설해야 할까요? 아니면 모든 도시가 공평하게 혐오 시설 건설에 대한 부담을 지니고 하나씩 건설해야 할까요?\n\n 모두가 만족할만한 결과를 내기란 정말 어려운 문제이지만 여러분이 생각하는 가장 합리적이고 좋은 방법을 생각해보세요. 그리고 그 방법을 대안으로 제시하고 그 근거에 대해 작성해주세요.",
    "essay_type": "대안제시",
    "essay_level": "1",
    "essay_len": 900,
    "essay_main_subject": "혐오시설 건설문제에 대한 본인의 생각"
  }
}