{
  "paragraph": [
    {
      "paragraph_txt": "나는 지역 주민에게 공포감이나 고통을 주거나, 주변 지역의 쾌적성이 훼손됨으로써 집값이나 땅값이 내려가는 등 부정적인 외부효과를 유발하는 시설 설치에 대한 건설문제에 대해서 해결할 수 있는 방안을 세 가지를 생각해보았다.#@문장구분# 먼저 첫 번째 혐오 시설과 핌비 시설을 같이 지어주는 것이다.#@문장구분# 예를 하나 들자면  소각장이라는 혐오 시설을 지을 때 수영장이라는 핌비 시설을 설치하는 것이다.#@문장구분# 소각장은 쓰레기를 태울 때 생기는 연기로 인한 환경오염과 쓰레기가 모임으로써 냄새도 난다.#@문장구분# 그러므로 사람들이 피하지만 여기에 수영장을 지어서 병주고 약을 준다면?#@문장구분# 사람들의 불만이 좀 사그라들 것이다.#@문장구분# 실제로 소각장에서 쓰레기를 태울 때의 열은 매우 뜨겁다.#@문장구분# 따라서 그것을 이용하여서 수영장을 짓고 그 수영장을 물을 데운다면 수영장을 유지하는 비용도 절감된다. #@문장구분#또 그 주변 지역 주민들에게는 더 할인해주는 혜택을 주어서 불만을 사그라지게 한다.#@문장구분# 실제로 익산에서 소각장을 짓고 옆에 수영장을 지어서 그 소각장 열로 수영장의 물의 온도를 유지시켜주며, 소각장 인근 주변의 지역 주민들에게는 수영장을 입장할 때에 있어서 할인 혜택을 준다고 한다.#@문장구분# 또 병원과 장례식장을 같이 짓는 경우도 있다.#@문장구분# 물론 병원과 장례식장의 상업적 목적으로 같이 짓는 경우도 있지만, 현 시점에서 사람들은 장례식장이 우리 지역에 들어온다는 것에 대해서 아직은 껄끄럽다고 생각하는 경우가 많다.#@문장구분# 하지만 병원을 같이 지음으로써 그 불만을 완화시킨다.#@문장구분# 두 번째 방안으로는 님비 시설들을 이용한 지역 문화 사업을 만드는 것이다.#@문장구분# 예를 들어서 님비 시설들인 소각장과 발전소, 물 재생 시설들을 직접 견학하고 탐방을 오게 하여서 학생들에게 환경적 문제에 대한 경각심을 일깨워 주고 우리 지역만의 새로운 견학 지점을 만들어서 문화 사업을 만드는 것이다. #@문장구분#실제로 강남구 일원동에서는 쓰레기 소각장과 물 재생 시설이라는 님비 시설들이 있는데 이를 이용하여서 친환경 생태 마을이라고 하여 에코 축제를 연다.#@문장구분# 또한 에코 투어라는 것을 하여서 학생들에게 쓰레기가 어떻게 처리되고 태워지는 지 물이 어떠한 방식으로 다시 깨끗하게 되는지를 알게 해주는 교육을 하여 환경을 다시 생각해주는 시간이 되게 한다.#@문장구분# 마지막 세 번째 방안으로는 님비 시설의 외관을 정말 보기 좋게 꾸며서 짓는다는 것이다.#@문장구분# 예를 들어서 물 재생 시설 같은 경우는 캐릭터를 새로 만들어 외관을 캐릭터로 보기 좋게 꾸민다거나, 교도소를 지역 건물들과 비교해도 뒤지지 않게 이쁘게 짓는 것이다.#@문장구분# 실제로 서울특별시 송파구에 있는 동부구치소라는 교도소는 송파구에 내에 있는 건물들 속에 있으며 외관이 우리가 알던 교도소처럼 껄끄럽게 생기지 않고 깔끔하게 생겨서 모르는 사람들은 가까이 가도 교도소인지 모른다고 한다.#@문장구분# 또 보통 교도소가 들어선다고 하면 주민들의 반대가 심하지만 이 교도소는 그렇게 심하지는 않았다고 한다.#@문장구분# 이로써 혐오 시설 건설 문제에 대한 해결 방안을 제시해봤다.#@문장구분#마지막으로 나는 혐오 시설 기피라는 것이 사람의 이기심으로 생기는 것이기 때문에 나쁜 것이라고는 생각 안 한다.#@문장구분#어쩔 수 없는 인간의 본성이라고 생각하기 때문이다. #@문장구분#하지만 서로 조금씩 양보하면 지금보다 훨씬 나아질 것이다.#@문장구분#",
      "paragraph_len": 2059,
      "paragraph_id": "001"
    }
  ],
  "score": {
    "paragraph_score": [
      {
        "paragraph_scoreT": [
          3,
          3,
          3
        ],
        "paragraph_scoreT_detail": {
          "paragraph_scoreT_exp": [
            [
              3,
              3,
              3
            ],
            [
              3,
              3,
              3
            ],
            [
              3,
              3,
              3
            ]
          ]
        },
        "paragraph_scoreT_avg": 3,
        "paragraph_id": "001"
      }
    ],
    "essay_scoreT": [
      30,
      30,
      30
    ],
    "essay_scoreT_avg": 30,
    "essay_scoreT_detail": {
      "essay_scoreT_org": [
        [
          3,
          0,
          3,
          3
        ],
        [
          3,
          0,
          3,
          3
        ],
        [
          3,
          0,
          3,
          3
        ]
      ],
      "essay_scoreT_cont": [
        [
          3,
          3,
          3,
          3
        ],
        [
          3,
          3,
          3,
          3
        ],
        [
          3,
          3,
          3,
          3
        ]
      ],
      "essay_scoreT_exp": [
        [
          3,
          3,
          3
        ],
        [
          3,
          3,
          3
        ],
        [
          3,
          3,
          3
        ]
      ]
    }
  },
  "student": {
    "date": "2021.10.24",
    "student_educated": true,
    "student_grade": "고등_1학년",
    "location": "063",
    "student_grade_group": "고등",
    "student_reading": 2
  },
  "rubric": {
    "essay_grade": "고등_1학년",
    "organization_weight": {
      "org_paragraph": 0,
      "org": 3,
      "org_essay": 6,
      "org_coherence": 3,
      "org_quantity": 1
    },
    "essay_type": "대안제시",
    "content_weight": {
      "con_clearance": 3,
      "con_novelty": 3,
      "con": 4,
      "con_prompt": 1,
      "con_description": 3
    },
    "essay_main_subject": "혐오시설 건설문제에 대한 본인의 생각",
    "expression_weight": {
      "exp_style": 4,
      "exp_grammar": 2,
      "exp_vocab": 4,
      "exp": 3
    }
  },
  "correction": [],
  "info": {
    "essay_id": "ESSAY_42640",
    "essay_prompt": " 혐오 시설이란 지역 주민에게 공포감이나 고통을 주거나, 주변 지역의 쾌적성이 훼손됨으로써 집값이나 땅값이 내려가는 등 부정적인 외부효과를 유발하는 시설을 의미합니다.\n\n 대표적인 혐오 시설에는 쓰레기 매립장, 원자력발전소, 소각장, 유류저장소 등이 있습니다.\n\n 매립지, 소각장, 쓰레기 하치장 같은 혐오 시설은 그리 위험하지는 않지만, 쓰레기를 취급한다는 점에서 혐오감을 주며, 주변 환경오염 문제가 갈등을 일으킵니다. 특히 소각장은 인구밀도가 높은 대도시에 건설된다는 점에서 반대 운동이 일기도 합니다.\n\n 그런데 서로 반대만 하다 보면 입지를 찾지 못해 결국 모든 주민의 삶의 질이 저하될 수 있습니다.\n\n 정부 차원에서 가장 적절한 장소를 선별하여 건설 후 주변 사람들에게 혜택을 주는 방식이 적절한 방법일까요? 아니면 혐오 시설만을 모아둔 부지를 따로 정해서 건설해야 할까요? 아니면 모든 도시가 공평하게 혐오 시설 건설에 대한 부담을 지니고 하나씩 건설해야 할까요?\n\n 모두가 만족할만한 결과를 내기란 정말 어려운 문제이지만 여러분이 생각하는 가장 합리적이고 좋은 방법을 생각해보세요. 그리고 그 방법을 대안으로 제시하고 그 근거에 대해 작성해주세요.",
    "essay_type": "대안제시",
    "essay_level": "1",
    "essay_len": 1561,
    "essay_main_subject": "혐오시설 건설문제에 대한 본인의 생각"
  }
}