{
  "paragraph": [
    {
      "paragraph_txt": "객관적 평가 방식은 객관적이고 공정하다고 생각되는 지표를 기준으로 삼고 그 지표에 따라 평가하는 방식이기 때문에 학업성적의 결과를 가지고 평가하는 방식입니다.#@문장구분# 따라서 학생이 학업성적을 높이기 위해 노력한 것들 보다 정답의 확률로만 평가하는 결과에 모든 것을 평가하는 방식인 것입니다.#@문장구분# 하지만 성공하는 인재들은 결과보다 과정을 중요시 여기며 어떤 목표를 성공하지 못할지언정 최선을 다하여 최고로 노력하는 과정이 더 중요하고 과정 중시 평가를 하게 된다면 앞으로 더 멋지게 성공하는 사람들이 생길 거라고 확신합니다.#@문장구분# 하지만 이런 것은 객관적 평가방식으로는 평가가 매우 힘들다는 것이 단점으로 나타나고 있다고 생각합니다.#@문장구분# 그래서 지금 사용하고 있는 객관적 평가방식이 최대의 평가 방식이긴 하지만 최고의 평가방식이라고 생각하지는 않습니다.#@문장구분# 그래서인지 나는 우리나라의 평가 방식을 한 가지만 보는 것이 아닌 결과와 과정을 두 가지 다 평가 할 수 있는 방법을 찾아야한다고 생각합니다.#@문장구분# 일단 가장 먼저 떠오르는 방식은 서술형 평가 입니다.#@문장구분# 또 서술형평가를 하면 어쩔 수 없이 주관적인 평가가 개입된다고는 하지만 내가 그동안 배웠던 과정을 서술한다는 생각으로 실행한다면 더할 나위 없이 모두가 반박할 수 없는 평가 방법이 될 수 있을 거라고 생각합니다.#@문장구분# 서술형 평가로 인해 완전한 답은 아니지만 그 비슷한 답, 또는 그 문제에 대한 범위를 배울 때 또 다르게 중요하다고 배웠던 거까지 해서 이 친구의 공부 과정을 알 수 있는 좋은 평가라고 생각합니다.#@문장구분# 이렇게 저는 서술형을 포함한 팀 과제에서도 결과도 보지만 그 결과를 내기 위한 과정을 팀원 들이 서로 평가해주면서 모든 것을 종합하여서 점수를 내고 평가를 하게 된다면 모두가 열심히 하려고 하는 사회 속에서 살아갈 수 있을거라고 생각합니다.#@문장구분#",
      "paragraph_len": 1084,
      "paragraph_id": "001"
    }
  ],
  "score": {
    "paragraph_score": [
      {
        "paragraph_scoreT": [
          3,
          3,
          3
        ],
        "paragraph_scoreT_detail": {
          "paragraph_scoreT_exp": [
            [
              3,
              3,
              3
            ],
            [
              3,
              3,
              3
            ],
            [
              3,
              3,
              3
            ]
          ]
        },
        "paragraph_scoreT_avg": 3,
        "paragraph_id": "001"
      }
    ],
    "essay_scoreT": [
      30,
      30,
      30
    ],
    "essay_scoreT_avg": 30,
    "essay_scoreT_detail": {
      "essay_scoreT_org": [
        [
          3,
          0,
          3,
          3
        ],
        [
          3,
          0,
          3,
          3
        ],
        [
          3,
          0,
          3,
          3
        ]
      ],
      "essay_scoreT_cont": [
        [
          3,
          3,
          3,
          3
        ],
        [
          3,
          3,
          3,
          3
        ],
        [
          3,
          3,
          3,
          3
        ]
      ],
      "essay_scoreT_exp": [
        [
          3,
          3,
          3
        ],
        [
          3,
          3,
          3
        ],
        [
          3,
          3,
          3
        ]
      ]
    }
  },
  "student": {
    "date": "2021.12.20",
    "student_educated": true,
    "student_grade": "고등_1학년",
    "location": "063",
    "student_grade_group": "고등",
    "student_reading": 1
  },
  "rubric": {
    "essay_grade": "고등_1학년",
    "organization_weight": {
      "org_paragraph": 0,
      "org": 3,
      "org_essay": 6,
      "org_coherence": 3,
      "org_quantity": 1
    },
    "essay_type": "주장",
    "content_weight": {
      "con_clearance": 3,
      "con_novelty": 3,
      "con": 4,
      "con_prompt": 1,
      "con_description": 3
    },
    "essay_main_subject": "평가에 대한 본인의 의견",
    "expression_weight": {
      "exp_style": 4,
      "exp_grammar": 2,
      "exp_vocab": 4,
      "exp": 3
    }
  },
  "correction": [],
  "info": {
    "essay_id": "ESSAY_71880",
    "essay_prompt": " 평가는 일반적으로 평가대상의 장점과 가치를 결정하는 과정을 말합니다.\n\n 세상에는 무수히 많은 평가 방법들이 존재하고 그 주제도 다양합니다.\n\n 우리나라의 경우는 어떨까요? 중간, 기말시험이 있고 미술과 같은 기본기와 창의성을 평가하는 과목도 있습니다. 체육과 같은 신체적인 능력을 평가하는 과목도 있지요. 모두 적절한 기준이 있으며 매우 객관적인 기준이라고 말합니다.\n\n 하지만 여러분이 생각하기에 모든 학생을 동일한 평가지표에 맞추어 평가하는 것이 올바른 방식이라고 생각하나요?\n\n 사람마다 특성이 존재하듯 각각의 목표 또한 다르고 성과도 다를 수 있습니다. 특정 기준에 의존해 본인의 성과도를 평가하는 것이 바르다고 생각되나요?\n\n 현재의 평가 방식은 최고의 객관적인 평가 방식이라고 생각하신다면 그 이유를 작성해주세요. 아니라면 어떤 평가 기준이 추가되어야 하고 또한 어떤 생각으로 평가가 이루어졌으면 좋겠는지 서술해 주세요.",
    "essay_type": "주장",
    "essay_level": "2",
    "essay_len": 884,
    "essay_main_subject": "평가에 대한 본인의 의견"
  }
}