{
  "paragraph": [
    {
      "paragraph_txt": "저는 현재 우리의 평가 방식에서 새로운 평가 기준이 추가되어야 한다고 생각합니다.#@문장구분# 평가는 평가대상의 장점과 가치를 결정하는 과정입니다.#@문장구분# 지금의 평가기준은 오로지 평가대상의 기본 능력치만 보고 있습니다. #@문장구분#그냥 단순히 공부만 시키고 그렇게 학습한 공부만으로 평가를 하고 있습니다. #@문장구분#저는 이런 평가 과정을 조금 바꾸어야 한다고 생각합니다.#@문장구분# 물론 단순한 주입식 교육도 중요합니다. #@문장구분#여러 가지 지식을 배울 수 있고 골고루 배울 수 있는 장점이 있다고 생각합니다.#@문장구분# 그렇지만 학생들이 왜 이런 공부를 하는지 의문을 품고 하는 공부는 의미가 없지 않을까요?#@문장구분# 요즘 학생들은 왜 이런 주입식 공부를 해야 하는지, 왜 그렇게 한 주입식 공부로 평가를 하는지에 대해 의문을 많이 품고 있습니다.#@문장구분# 우리나라의 기술발전과 미래를 생각해서라면 평가 기준에 창의력이라는 요소가 추가되어야 한다고 생각합니다.#@문장구분# 창의력은 정말 중요한 요소입니다.#@문장구분# 새로운 기술의 개발도, 미술과 음악같은 창작 활동도, 공부도 창의력이 없으면 안 됩니다. #@문장구분#우리나라를 책임질 학생들에게 창의력을 평가 과정에 넣고 학생들을 가르친다면 학생들은 창의력을 기르기 위해 여러 가지 생각을 거듭하고 반복 할 것이며 계속 그렇게 생각하다 보면 하나를 봐도 열을 생각하게 될것입니다.#@문장구분# 그렇게 된다면 학생들의 창의력이 눈에 뛰게 좋아질 것입니다.#@문장구분# 미술과 음악은 원래 창의력을 요구하는 과목이기 때문에 따로 평가 과정을 바꾸지 않아도 괜찮을 것 같고, 국어같은 경우에는 글짓기나 시쓰기, 수학같은 경우에는 쉽지만 창의력을 요구하는 그런 문제로 평가 하는것이 어떨까 싶습니다.#@문장구분# 쉬운문제 부터 차근차근 어려운 문제까지 풀어나가는 연습을 시킨다면 창의력과 수리력을 키우는데 큰 도움이 될 것입니다.#@문장구분#",
      "paragraph_len": 1170,
      "paragraph_id": "001"
    }
  ],
  "score": {
    "paragraph_score": [
      {
        "paragraph_scoreT": [
          2.6,
          3,
          2.6
        ],
        "paragraph_scoreT_detail": {
          "paragraph_scoreT_exp": [
            [
              3,
              3,
              2
            ],
            [
              3,
              3,
              3
            ],
            [
              3,
              2,
              3
            ]
          ]
        },
        "paragraph_scoreT_avg": 2.7333333,
        "paragraph_id": "001"
      }
    ],
    "essay_scoreT": [
      24.8,
      26,
      24.9
    ],
    "essay_scoreT_avg": 25.233332,
    "essay_scoreT_detail": {
      "essay_scoreT_org": [
        [
          3,
          0,
          3,
          3
        ],
        [
          2,
          0,
          3,
          3
        ],
        [
          2,
          0,
          2,
          3
        ]
      ],
      "essay_scoreT_cont": [
        [
          2,
          2,
          2,
          2
        ],
        [
          3,
          2,
          2,
          3
        ],
        [
          3,
          3,
          3,
          2
        ]
      ],
      "essay_scoreT_exp": [
        [
          3,
          3,
          2
        ],
        [
          2,
          3,
          3
        ],
        [
          3,
          2,
          3
        ]
      ]
    }
  },
  "student": {
    "date": "2021.12.19",
    "student_educated": true,
    "student_grade": "고등_1학년",
    "location": "054",
    "student_grade_group": "고등",
    "student_reading": 2
  },
  "rubric": {
    "essay_grade": "고등_1학년",
    "organization_weight": {
      "org_paragraph": 0,
      "org": 3,
      "org_essay": 6,
      "org_coherence": 3,
      "org_quantity": 1
    },
    "essay_type": "주장",
    "content_weight": {
      "con_clearance": 3,
      "con_novelty": 3,
      "con": 4,
      "con_prompt": 1,
      "con_description": 3
    },
    "essay_main_subject": "평가에 대한 본인의 의견",
    "expression_weight": {
      "exp_style": 4,
      "exp_grammar": 2,
      "exp_vocab": 4,
      "exp": 3
    }
  },
  "correction": [],
  "info": {
    "essay_id": "ESSAY_83371",
    "essay_prompt": " 평가는 일반적으로 평가대상의 장점과 가치를 결정하는 과정을 말합니다.\n\n 세상에는 무수히 많은 평가 방법들이 존재하고 그 주제도 다양합니다.\n\n 우리나라의 경우는 어떨까요? 중간, 기말시험이 있고 미술과 같은 기본기와 창의성을 평가하는 과목도 있습니다. 체육과 같은 신체적인 능력을 평가하는 과목도 있지요. 모두 적절한 기준이 있으며 매우 객관적인 기준이라고 말합니다.\n\n 하지만 여러분이 생각하기에 모든 학생을 동일한 평가지표에 맞추어 평가하는 것이 올바른 방식이라고 생각하나요?\n\n 사람마다 특성이 존재하듯 각각의 목표 또한 다르고 성과도 다를 수 있습니다. 특정 기준에 의존해 본인의 성과도를 평가하는 것이 바르다고 생각되나요?\n\n 현재의 평가 방식은 최고의 객관적인 평가 방식이라고 생각하신다면 그 이유를 작성해주세요. 아니라면 어떤 평가 기준이 추가되어야 하고 또한 어떤 생각으로 평가가 이루어졌으면 좋겠는지 서술해 주세요.",
    "essay_type": "주장",
    "essay_level": "2",
    "essay_len": 850,
    "essay_main_subject": "평가에 대한 본인의 의견"
  }
}