{
  "paragraph": [
    {
      "paragraph_txt": "우리는 초중고에 진학하여 학교를 다니며 중간, 기말 평가와 각종 수행 평가, 체육, 미술 등의 예체능 평가 등의 여러 평가 과정을 거친다.#@문장구분# 이런 평가에는 객관적이고 명확한 기준들이 존재하며 우린 그 기준에 맞추어 높은 점수를 받길 바라며 여러 평가를 준비한다.#@문장구분# 이런 평가 기준들이 어떤 이들한테는 그 기준이 각기 다른 우리 모두를 똑같은 기준으로 평가하며 한 카테고리 안에 가둔다고 생각하는 것 같다.#@문장구분# 난 이 의견도 얼추 이해가 되고 동의는 하지만 평가 그 자체에서는 우리가 무엇인가를 잘했는지 못했는지 무엇이 미흡한지, 보완해야 할지를 알아야 하기에 명확하고 객관적인 평가의 기둥이 있어야 한다고 생각한다.#@문장구분# 우리 모두가 각기 생긴 것도 다르고 생각하는 것도 다르고 처한 상황도 다르기에 우리가 다르다는 것은 인정한다.#@문장구분#하지만 우리 모두가 다르다고 각각의 사정을 모두 이해해주며 평가 기준을 각자에게 맞추기엔 우리라는 수가 너무 많고 모두를 평가하기엔 시간이 너무나 오래 걸리기에 명확한 기준을 정해 평가에 임하는 것이 옳다고 생각한다.#@문장구분# 물론 정말 피치 못할 사정이 있는 사람을 위해 그런 사람은 제출 기한을 늘려준다던지 모두의 평가 기준을 조금은 낮추어 준다던지 모두가 상호 이익이 될 수 있도록 평가 기준을 잡는 방법은 괜찮은 거 같다.#@문장구분#평균치의 평가능력의 지표가 있기는 하지만 그 평균치에 달하는 지표를 가지고 평가를 하는 것도 어느 정도 오차는 있을 것이다.#@문장구분# 신체적인 활동을 하는 체육같은 경우에도 평균치가 있겠지만 초단위나 미터에서도 미세한 부분을 가지고 객관적인 평가를 하기에는 오류가 있지 않을까?#@문장구분# 이런 평균치에 객관적인 평가를 하기에는 일정부분 정확성을 뒷받침 할 수 있는 일반화된 확실성이 보장되는 자료가 있어야 할 것이고 이러한 이유로 평가자와 피평가자가 서로 만족하는 결과를 얻을 수 있었으면 좋겠다.#@문장구분#",
      "paragraph_len": 1105,
      "paragraph_id": "001"
    }
  ],
  "score": {
    "paragraph_score": [
      {
        "paragraph_scoreT": [
          2.6,
          2.6,
          3
        ],
        "paragraph_scoreT_detail": {
          "paragraph_scoreT_exp": [
            [
              3,
              3,
              2
            ],
            [
              3,
              3,
              2
            ],
            [
              3,
              3,
              3
            ]
          ]
        },
        "paragraph_scoreT_avg": 2.7333333,
        "paragraph_id": "001"
      }
    ],
    "essay_scoreT": [
      26.7,
      26.7,
      30
    ],
    "essay_scoreT_avg": 27.800001,
    "essay_scoreT_detail": {
      "essay_scoreT_org": [
        [
          3,
          0,
          2,
          3
        ],
        [
          3,
          0,
          2,
          3
        ],
        [
          3,
          0,
          3,
          3
        ]
      ],
      "essay_scoreT_cont": [
        [
          3,
          2,
          3,
          3
        ],
        [
          3,
          2,
          3,
          3
        ],
        [
          3,
          3,
          3,
          3
        ]
      ],
      "essay_scoreT_exp": [
        [
          3,
          3,
          2
        ],
        [
          3,
          3,
          2
        ],
        [
          3,
          3,
          3
        ]
      ]
    }
  },
  "student": {
    "date": "2021.12.20",
    "student_educated": true,
    "student_grade": "고등_1학년",
    "location": "063",
    "student_grade_group": "고등",
    "student_reading": 1
  },
  "rubric": {
    "essay_grade": "고등_1학년",
    "organization_weight": {
      "org_paragraph": 0,
      "org": 3,
      "org_essay": 6,
      "org_coherence": 3,
      "org_quantity": 1
    },
    "essay_type": "주장",
    "content_weight": {
      "con_clearance": 3,
      "con_novelty": 3,
      "con": 4,
      "con_prompt": 1,
      "con_description": 3
    },
    "essay_main_subject": "평가에 대한 본인의 의견",
    "expression_weight": {
      "exp_style": 4,
      "exp_grammar": 2,
      "exp_vocab": 4,
      "exp": 3
    }
  },
  "correction": [],
  "info": {
    "essay_id": "ESSAY_71852",
    "essay_prompt": " 평가는 일반적으로 평가대상의 장점과 가치를 결정하는 과정을 말합니다.\n\n 세상에는 무수히 많은 평가 방법들이 존재하고 그 주제도 다양합니다.\n\n 우리나라의 경우는 어떨까요? 중간, 기말시험이 있고 미술과 같은 기본기와 창의성을 평가하는 과목도 있습니다. 체육과 같은 신체적인 능력을 평가하는 과목도 있지요. 모두 적절한 기준이 있으며 매우 객관적인 기준이라고 말합니다.\n\n 하지만 여러분이 생각하기에 모든 학생을 동일한 평가지표에 맞추어 평가하는 것이 올바른 방식이라고 생각하나요?\n\n 사람마다 특성이 존재하듯 각각의 목표 또한 다르고 성과도 다를 수 있습니다. 특정 기준에 의존해 본인의 성과도를 평가하는 것이 바르다고 생각되나요?\n\n 현재의 평가 방식은 최고의 객관적인 평가 방식이라고 생각하신다면 그 이유를 작성해주세요. 아니라면 어떤 평가 기준이 추가되어야 하고 또한 어떤 생각으로 평가가 이루어졌으면 좋겠는지 서술해 주세요.",
    "essay_type": "주장",
    "essay_level": "2",
    "essay_len": 907,
    "essay_main_subject": "평가에 대한 본인의 의견"
  }
}