{
  "paragraph": [
    {
      "paragraph_txt": "나는 학교에서의 시험으로 인한 평가의 증가로 시험의 범위가 더 나누어지고 부담감이 낮아지게하며 시험으로 인한 평가 비중을 낮추고 체험과 활동을 중시 하는 것이 학생의 진로 탐색과 적성을 찾을 수 있고 자신이 흥미있는 공부를 하는 것이 도움이 될 것이라 생각한다.#@문장구분# 그렇다고 완전히 이렇게 바뀌라는 것은 아니다.#@문장구분# 객관적인 평가가 필요할 수 도 있고 주관적인 평가가 필요한 경우가 있을 것이다.#@문장구분# 진로와 적성를 못 찾은 학생은 기존은 교육 방식으로 하여 기존의 평가를 해 아무것도 못하는 무기력한 상태가 나타나지 못하게 하고 적성과 진로가 있는 학생은 그 분야에서 필요한 것만 가르치고 전문적인 활동을 체험하고 경험을 쌓을 수 있는 전문 교육를 고등학교부터 실시하여 자신의 분야와 적성에 맞는 평가를 하는 것이 좋겠다라고 생각한다.#@문장구분# 그리고 위에 서술한 농어촌 특별전형에 사례에서도 몇몇이 이를 악용해 특별전형을 노린 부정입학도, 도시규모에 군, 읍, 면이 시승격과 동 설치를 거부하는 등에 부작용이 있을 수 있고 모두에 상황을 고려할 수 있는 확연한 기준도 없다는 점이 여기서도 문제가 됩니다.#@문장구분# 농어촌에서도 잘 사는 사람이 있고 도시에서도 소득수준이 낮은 경우가 있는데 일차원적 사고방식으로 '농어촌'특별 전형으로 획일화 시키는 것이 문제가 됩니다.#@문장구분# 또한 각자의 목표와 성과를 모두에게 동일한 기준으로 평가하는 것은 분명 문제가 있지만, 모두에 상황을 고려하여 모든 개인에 가치를 각각 평가할 수 있는 방법은 아직 없습니다.#@문장구분# 어떠한 방법으로도 그 사람이 추구해나갔던 삶과 그 사람에 가치를 평가할 방법은 없기 때문입니다.#@문장구분# 그렇기에 지금으로서는 모두에게 공평한 평가가 필요합니다.#@문장구분#",
      "paragraph_len": 1003,
      "paragraph_id": "001"
    }
  ],
  "score": {
    "paragraph_score": [
      {
        "paragraph_scoreT": [
          2.8,
          2.8,
          2.8
        ],
        "paragraph_scoreT_detail": {
          "paragraph_scoreT_exp": [
            [
              2,
              3,
              3
            ],
            [
              2,
              3,
              3
            ],
            [
              2,
              3,
              3
            ]
          ]
        },
        "paragraph_scoreT_avg": 2.8,
        "paragraph_id": "001"
      }
    ],
    "essay_scoreT": [
      27.5,
      27.3,
      26.699999
    ],
    "essay_scoreT_avg": 27.166666,
    "essay_scoreT_detail": {
      "essay_scoreT_org": [
        [
          3,
          0,
          3,
          2
        ],
        [
          3,
          0,
          2,
          3
        ],
        [
          2,
          0,
          2,
          3
        ]
      ],
      "essay_scoreT_cont": [
        [
          3,
          2,
          2,
          3
        ],
        [
          3,
          2,
          3,
          3
        ],
        [
          3,
          3,
          3,
          3
        ]
      ],
      "essay_scoreT_exp": [
        [
          2,
          3,
          3
        ],
        [
          2,
          3,
          3
        ],
        [
          2,
          3,
          3
        ]
      ]
    }
  },
  "student": {
    "date": "2021.12.27",
    "student_educated": true,
    "student_grade": "고등_1학년",
    "location": "063",
    "student_grade_group": "고등",
    "student_reading": 2
  },
  "rubric": {
    "essay_grade": "고등_1학년",
    "organization_weight": {
      "org_paragraph": 0,
      "org": 3,
      "org_essay": 6,
      "org_coherence": 3,
      "org_quantity": 1
    },
    "essay_type": "주장",
    "content_weight": {
      "con_clearance": 3,
      "con_novelty": 3,
      "con": 4,
      "con_prompt": 1,
      "con_description": 3
    },
    "essay_main_subject": "평가에 대한 본인의 의견",
    "expression_weight": {
      "exp_style": 4,
      "exp_grammar": 2,
      "exp_vocab": 4,
      "exp": 3
    }
  },
  "correction": [],
  "info": {
    "essay_id": "ESSAY_79613",
    "essay_prompt": " 평가는 일반적으로 평가대상의 장점과 가치를 결정하는 과정을 말합니다.\n\n 세상에는 무수히 많은 평가 방법들이 존재하고 그 주제도 다양합니다.\n\n 우리나라의 경우는 어떨까요? 중간, 기말시험이 있고 미술과 같은 기본기와 창의성을 평가하는 과목도 있습니다. 체육과 같은 신체적인 능력을 평가하는 과목도 있지요. 모두 적절한 기준이 있으며 매우 객관적인 기준이라고 말합니다.\n\n 하지만 여러분이 생각하기에 모든 학생을 동일한 평가지표에 맞추어 평가하는 것이 올바른 방식이라고 생각하나요?\n\n 사람마다 특성이 존재하듯 각각의 목표 또한 다르고 성과도 다를 수 있습니다. 특정 기준에 의존해 본인의 성과도를 평가하는 것이 바르다고 생각되나요?\n\n 현재의 평가 방식은 최고의 객관적인 평가 방식이라고 생각하신다면 그 이유를 작성해주세요. 아니라면 어떤 평가 기준이 추가되어야 하고 또한 어떤 생각으로 평가가 이루어졌으면 좋겠는지 서술해 주세요.",
    "essay_type": "주장",
    "essay_level": "2",
    "essay_len": 824,
    "essay_main_subject": "평가에 대한 본인의 의견"
  }
}