{
  "paragraph": [
    {
      "paragraph_txt": "전염병 백신에 대한 특허권 보장은 사회적 논란이 되어 왔다.#@문장구분# 2009년 대한민국에서 신종플루 사태가 발생했을 때도, 치료제인 타미플루의 공급이 부족해지자 해외기업의 특허권 강제실시 여부로 논란이 된 바 있다.#@문장구분# 이런 상황에서 전염병 백신 특허권을 인정해야 하는 가에 대한 논란이 다시 붉어졌고 다음 내용을 근거로 전염병 백신 특허권을 보장해야 한다.#@문장구분#",
      "paragraph_len": 254,
      "paragraph_id": "001"
    },
    {
      "paragraph_txt": " 먼저, 특허권 보장은 백신개발에 대한 동기부여가 된다.#@문장구분# 특허권은 기업의 사익을 보호할 수 있는 하한선의 수단이기 때문에 이를 활용하여 기업의 발전을 촉진시킬 수 있다.#@문장구분# 백신 개발에 드는 천문학적인 비용을 특허권으로 보상 받을 수 있어야 기업에서 백신 개발이 가능해지고 활발해질 것이다.#@문장구분#\n 다음으로 특허권 보장을 통해 국내산업을 보호할 수 있다.#@문장구분# 제약회사는 사익을 추구하는 기업이기 때문에 특허권을 보장하지 않는다면 경제적인 요인의 부재로 인해 국내기업들의 활동이 줄어들 것이므로 특허권 보장을 통해 제약산업의 운영을 재정적으로 보호해야 한다.#@문장구분# EU, 스위스, 캐나다, 제약회사 등 특허권 유예에 많이 반대하는 상황에 우리나라가 예외를 두면 국내산업이 뒤쳐질 것이다.#@문장구분#",
      "paragraph_len": 493,
      "paragraph_id": "002"
    },
    {
      "paragraph_txt": " 마지막으로 특허권 보장 시 향후 백신 개발의 발판이 되어 공익을 실현할 수 있다.#@문장구분# 핵심기술을 공개하더라도 사용하는 원료 및 제조사의 품질관리 능력 등에 따라 백신의 품질이 좌우될 수 있다.#@문장구분# 생산과정에서의 품질이 보장될 수 없다면, 결국 특허권 유예는 무의미해질 것이기에 특허권 유예가 양질의 백신 생산으로 이어질 수 있을지에 대해선 의문이다.#@문장구분# 특허권의 승인 이후 적용되는 '발명의 설명참작의 원리'와 특허권을 인정하지 않을 때 발생할 수 있는 '영업비밀제도'가 특허권을 보장하는 것이 기술 공유를 활성화시켜 백신 연구에 큰 도움이 될 것이다.#@문장구분#",
      "paragraph_len": 384,
      "paragraph_id": "003"
    }
  ],
  "score": {
    "paragraph_score": [
      {
        "paragraph_scoreT": [
          3,
          3,
          3
        ],
        "paragraph_scoreT_detail": {
          "paragraph_scoreT_exp": [
            [
              3,
              3,
              3
            ],
            [
              3,
              3,
              3
            ],
            [
              3,
              3,
              3
            ]
          ]
        },
        "paragraph_scoreT_avg": 3,
        "paragraph_id": "001"
      },
      {
        "paragraph_scoreT": [
          3,
          3,
          3
        ],
        "paragraph_scoreT_detail": {
          "paragraph_scoreT_exp": [
            [
              3,
              3,
              3
            ],
            [
              3,
              3,
              3
            ],
            [
              3,
              3,
              3
            ]
          ]
        },
        "paragraph_scoreT_avg": 3,
        "paragraph_id": "002"
      },
      {
        "paragraph_scoreT": [
          3,
          3,
          3
        ],
        "paragraph_scoreT_detail": {
          "paragraph_scoreT_exp": [
            [
              3,
              3,
              3
            ],
            [
              3,
              3,
              3
            ],
            [
              3,
              3,
              3
            ]
          ]
        },
        "paragraph_scoreT_avg": 3,
        "paragraph_id": "003"
      }
    ],
    "essay_scoreT": [
      30,
      30,
      28.4
    ],
    "essay_scoreT_avg": 29.466667,
    "essay_scoreT_detail": {
      "essay_scoreT_org": [
        [
          3,
          3,
          3,
          3
        ],
        [
          3,
          3,
          3,
          3
        ],
        [
          3,
          3,
          3,
          3
        ]
      ],
      "essay_scoreT_cont": [
        [
          3,
          3,
          3,
          3
        ],
        [
          3,
          3,
          3,
          3
        ],
        [
          3,
          2,
          2,
          3
        ]
      ],
      "essay_scoreT_exp": [
        [
          3,
          3,
          3
        ],
        [
          3,
          3,
          3
        ],
        [
          3,
          3,
          3
        ]
      ]
    }
  },
  "student": {
    "date": "2021.09.03",
    "student_educated": true,
    "student_grade": "고등_2학년",
    "location": "051",
    "student_grade_group": "고등",
    "student_reading": 1
  },
  "rubric": {
    "essay_grade": "고등_2학년",
    "organization_weight": {
      "org_paragraph": 3,
      "org": 3,
      "org_essay": 3,
      "org_coherence": 3,
      "org_quantity": 1
    },
    "essay_type": "주장",
    "content_weight": {
      "con_clearance": 3,
      "con_novelty": 3,
      "con": 4,
      "con_prompt": 1,
      "con_description": 3
    },
    "essay_main_subject": "지적 재산권에 대한 본인의 생각 작성",
    "expression_weight": {
      "exp_style": 4,
      "exp_grammar": 2,
      "exp_vocab": 4,
      "exp": 3
    }
  },
  "correction": [],
  "info": {
    "essay_id": "ESSAY_35657",
    "essay_prompt": " 지적재산권이란 특허권, 실용신안권, 상표권, 디자인권을 총칭하는 개념으로 지적재산권법은 정보생산자에게 일정기간 동안 시장에서의 배타적 지위를 부여하고 있습니다.\n\n 즉, 지적 재산권은 특정 사람이 생각/창작해낸 것을 다른사람들의 무분별한 이용으로 부터 지켜주는 것입니다. 이러한 지적재산권은 개인 혹은 회사 더 나아가 나라에 귀속될 수 있습니다.\n\n 다만, 코로나 시대인 요즘 전 세계적인 재앙인 코로나를 물리칠 수 있는 백신에 대한 지적재산권을 자유롭게 풀어야한다는 의견이 계속해서 나오고 있습니다. \n\n 지적 재산권이 있는 제약회사가 있는 나라의 경우 백신이 충분하며 백신을 맞는 것이 선택의 문제인 반면, 그렇지 못한 나라는 백신을 맞고 싶어도 맞지 못하는 사람들이 많고 항체가 없어 사망하는 경우도 비교적 많이 때문입니다.\n\n 전 세계의 문제를 해결하기 위해 수 많은 돈을 들여 개발한 백신의 지적재산권을 공유하는 것이 의무화 되어야 할까요? 아니면 회사의 선택에 맡겨야할까요? 보상은 어떻게 해야할까요? \n\n 전 세계에 무상으로 공개 해야 한다는 의견이 있을 수도 있고 무상으로 공개한 회사의 경우 팬더믹 상황이 종결 된 후 따로 보상을 해주어야 한다는 의견도 있을 겁니다. 지적재산권의 변하지 않는 신뢰를 위해서라도 무상 공개는 절대 있어서는 안된다는 의견도 있을 것입니다.\n\n 지금까지도 펜더믹 상황에서 코로나19 백신에 대한 특허권을 보장해야 하느냐 풀어야 하느냐 의견이 분분합니다. 이에 대한 자신의 주장을 작성해주세요. 또한, 그렇게 생각한 이유도 설명해주세요.",
    "essay_type": "주장",
    "essay_level": "1",
    "essay_len": 876,
    "essay_main_subject": "지적 재산권에 대한 본인의 생각 작성"
  }
}