{
  "paragraph": [
    {
      "paragraph_txt": "평가는 우리 일상 속에서 흔히 볼 수 있는 것이고 우리도 급식을 보면서 맛이 있는지의 유무를 판단하기도 한다.#@문장구분# 평가는 일반적으로 많은 사람들의 평균을 기준으로 실현된다.#@문장구분# 하지만 평가는 사람 개인만의 특성을 무시하는 점이 있다.#@문장구분# 예로 들자면 체육에서 농구 골대에 골 넣기가 수행 평가일 때, 선천적으로 팔 힘이 없는 친구는 농구 골대에 골을 넣기 힘들 수 있다.#@문장구분# 개인의 기준이 아닌 다른 사람들의 평균이 기준일 때는 자신의 신체 기준으로는 잘했는데 점수로는 만족하지 못할 점수를 받을 수도 있다.#@문장구분# 하지만 평가 제도는 없으면 안 된다.#@문장구분# 왜냐하면 개인의 능력을 잘 파악하여 기준표를 만들면 좋겠지만 이 과정에서는 많은 불편함이 있다.#@문장구분# 평가의 기준을 정하기 위해서 개인의 능력을 바탕으로 짜야하기 때문에 일부러 자신의 능력을 더 낮게 측정해놓고 수행 평가를 볼 때 쉽게 높은 점수를 취할 수 있다는 단점이 있다. #@문장구분#또한 자신의 능력을 일부러 더 낮게 측정해놨을 경우 그것이 참인지 거짓인지 구분하는 것도 상당히 어려울 것이다.#@문장구분# 누군가를 평가하는 일은 원래부터 논란이 많았지만 우리는 평가 속에 살아가고 있기 때문에 모두가 의견을 절충할 수 있는 방법으로 빨리 해결방안을 찾는 것이 좋겠다.#@문장구분# 앞으로는 개개인의 특성과 개성을 살려 평가하는 방법이 도입되었으면 좋겠다.#@문장구분# 개개인마다 성격도 다르고 자라온 환경도 다른데 일괄되고 똑같은 항목으로 평가하는 것은 불합리하다고 생각한다.#@문장구분# 그래서 앞으로는 개개인의 개성과 특성을 살려주는 평가방식으로 평가하는 것이 옳다고 본다.#@문장구분# 미래에는 사람이 적어져 한 사람 한 사람 중요한 시대가 올 것이기 때문에 그것에 미리 대비해두면 나쁘지 않을 것이라고 생각한다.#@문장구분# 이런 평가에 기준을 세우긴 매우 힘들고 복잡하겠지만 더 나은 평가를 위해선 꼭 필요하다고 생각한다.#@문장구분#",
      "paragraph_len": 1185,
      "paragraph_id": "001"
    }
  ],
  "score": {
    "paragraph_score": [
      {
        "paragraph_scoreT": [
          3,
          3,
          3
        ],
        "paragraph_scoreT_detail": {
          "paragraph_scoreT_exp": [
            [
              3,
              3,
              3
            ],
            [
              3,
              3,
              3
            ],
            [
              3,
              3,
              3
            ]
          ]
        },
        "paragraph_scoreT_avg": 3,
        "paragraph_id": "001"
      }
    ],
    "essay_scoreT": [
      28.8,
      28.4,
      30
    ],
    "essay_scoreT_avg": 29.066666,
    "essay_scoreT_detail": {
      "essay_scoreT_org": [
        [
          3,
          0,
          3,
          3
        ],
        [
          3,
          0,
          3,
          3
        ],
        [
          3,
          0,
          3,
          3
        ]
      ],
      "essay_scoreT_cont": [
        [
          3,
          2,
          3,
          3
        ],
        [
          3,
          2,
          2,
          3
        ],
        [
          3,
          3,
          3,
          3
        ]
      ],
      "essay_scoreT_exp": [
        [
          3,
          3,
          3
        ],
        [
          3,
          3,
          3
        ],
        [
          3,
          3,
          3
        ]
      ]
    }
  },
  "student": {
    "date": "2021.12.15",
    "student_educated": true,
    "student_grade": "고등_1학년",
    "location": "063",
    "student_grade_group": "고등",
    "student_reading": 1
  },
  "rubric": {
    "essay_grade": "고등_1학년",
    "organization_weight": {
      "org_paragraph": 0,
      "org": 3,
      "org_essay": 6,
      "org_coherence": 3,
      "org_quantity": 1
    },
    "essay_type": "주장",
    "content_weight": {
      "con_clearance": 3,
      "con_novelty": 3,
      "con": 4,
      "con_prompt": 1,
      "con_description": 3
    },
    "essay_main_subject": "평가에 대한 본인의 의견",
    "expression_weight": {
      "exp_style": 4,
      "exp_grammar": 2,
      "exp_vocab": 4,
      "exp": 3
    }
  },
  "correction": [],
  "info": {
    "essay_id": "ESSAY_62867",
    "essay_prompt": " 평가는 일반적으로 평가대상의 장점과 가치를 결정하는 과정을 말합니다.\n\n 세상에는 무수히 많은 평가 방법들이 존재하고 그 주제도 다양합니다.\n\n 우리나라의 경우는 어떨까요? 중간, 기말시험이 있고 미술과 같은 기본기와 창의성을 평가하는 과목도 있습니다. 체육과 같은 신체적인 능력을 평가하는 과목도 있지요. 모두 적절한 기준이 있으며 매우 객관적인 기준이라고 말합니다.\n\n 하지만 여러분이 생각하기에 모든 학생을 동일한 평가지표에 맞추어 평가하는 것이 올바른 방식이라고 생각하나요?\n\n 사람마다 특성이 존재하듯 각각의 목표 또한 다르고 성과도 다를 수 있습니다. 특정 기준에 의존해 본인의 성과도를 평가하는 것이 바르다고 생각되나요?\n\n 현재의 평가 방식은 최고의 객관적인 평가 방식이라고 생각하신다면 그 이유를 작성해주세요. 아니라면 어떤 평가 기준이 추가되어야 하고 또한 어떤 생각으로 평가가 이루어졌으면 좋겠는지 서술해 주세요.",
    "essay_type": "주장",
    "essay_level": "2",
    "essay_len": 885,
    "essay_main_subject": "평가에 대한 본인의 의견"
  }
}