{
  "paragraph": [
    {
      "paragraph_txt": "서점에서 책을 뒤적거리며 있다가 표지의 강렬한 빨간색 때문에 골라들게 된 책이었다.#@문장구분# 살인사건과 관련된 이야기라하길래 내가 좋아하는 장르인 '추리소설'인줄만 알았는데 책을 꼼꼼히 살펴보니 그런 내용은 아니었다.#@문장구분# 잠시 책을 내려놓을까 계산을 할까 망설였지만 이내 곧바로 계산대에서 계산을 해버린 뒤였다.#@문장구분# 집에 돌아와서 못다한 책 살피기나 해볼까 싶어 봤는데, 계산하기전에는 보지못한 [인종차별]에 관한 내용이 있는 책이었던 것이다.#@문장구분# (인종차별에 관한 얘기를 제일 싫어함) 이 책을 읽으면서 하퍼리의 앵무새 죽이기가 생각났다.#@문장구분# 구체적인 내용에 있어서는 차이가 있지만 두 이야기를 추상화시켜보면 결국은 인종차별에 대한 어른들의 특히 백인들의 잘못된 시각을 고발하는 내용이다.#@문장구분# 백인과 흑인, 백인과 황인, 황인과 흑인의 차이가 차이가 아닌 차별로 생각하는 그릇된 시각이 아직도 우리에게 그대로 남아있는 일이다. #@문장구분#이미 흑인 노예제도가 없어진지 언제인지 생각이 나지 않을 정도로 오래된 이야기이지만 아직도 현실에서도 현재 진행형의 이야기이다.#@문장구분# 그런데 누가 이렇게 차이를 차별로 심판할 자격이 있는가?#@문장구분# 조물주가 처음 인간을 만들 때 생김이 다르다고 해서 얼굴 피부색이 다르다고 해서, 국가를 달리 선택해서 태어났다고 해서 그것이 차이가 아니라 차별받고 핍박받아야 하는 대상으로 만들지는 않았을 것이다. #@문장구분#모두 평등한 조건에서 모두 인간답게 살 수 있도록 나름대로의 그릇으로 살아가도록 만든 것일 것이다.#@문장구분# 이 책의 주인공은 남자 아이 백인 버크와 여자 아이 흑인 튠이다.#@문장구분# 튠의 조상들이 버크의 농장에서 일하는 흑인으로 버크와 튠은 어릴 때부터 가장 절친한 친구 사이이다.#@문장구분# 하지만 동네에 살인 사건이 일어나면서 튠은 너무나도 어처구니 없이 범인으로 지목당한다.#@문장구분# 버크는 튠이 누명을 쓴 것이라고 생각하고 결백을 밝히기 위해서 노력한다.#@문장구분# 어린 청소년 시절 한번씩 겪을 수 있는 폭풍같은 사건이 지나가면서 평화는 찾아오지만 그 평화가 왠지 가슴을 아프게 한다.#@문장구분# 버크는 이런 소용돌이를 겪으면서 어른으로 성장해 가지만 어른이 된다는 것이 진실을 눈가리고 보지 못하고 적당한 현실과 타협하고 아닌 것을 정확하게 아니라고 이야기할 수 없는 것이 어른이 된다는 것은 아닌데....하는 아쉬움이 생겼다.#@문장구분# 이 이야기는 백인과 흑인의 차별에서만 그치는 것이 아니라 우리 생활에서도 마찬가지일 것이다.#@문장구분# 나와 조금 다르다고 해서 내 생각과 차이가 있다고 해서 그것을 차별로 받아들이고 배척해서는 안될 것이다. #@문장구분#더욱 다양화되어 가는 사회 속에서 고정관념이 만들어놓은 이것은 이래야 한다 는 생각에 대하여 다시 한번 생각해 봐야 할 이야기가 아닌가 싶다.",
      "paragraph_len": 1673,
      "paragraph_id": "001"
    }
  ],
  "score": {
    "paragraph_score": [
      {
        "paragraph_scoreT": [
          2.8,
          2.4,
          3
        ],
        "paragraph_scoreT_detail": {
          "paragraph_scoreT_exp": [
            [
              2,
              3,
              3
            ],
            [
              2,
              2,
              3
            ],
            [
              3,
              3,
              3
            ]
          ]
        },
        "paragraph_scoreT_avg": 2.7333333,
        "paragraph_id": "001"
      }
    ],
    "essay_scoreT": [
      26.599998,
      27,
      30
    ],
    "essay_scoreT_avg": 27.866667,
    "essay_scoreT_detail": {
      "essay_scoreT_org": [
        [
          3,
          3,
          3,
          3
        ],
        [
          3,
          3,
          3,
          3
        ],
        [
          3,
          3,
          3,
          3
        ]
      ],
      "essay_scoreT_cont": [
        [
          3,
          2,
          2,
          2
        ],
        [
          2,
          3,
          3,
          3
        ],
        [
          3,
          3,
          3,
          3
        ]
      ],
      "essay_scoreT_exp": [
        [
          2,
          3,
          3
        ],
        [
          2,
          2,
          3
        ],
        [
          3,
          3,
          3
        ]
      ]
    }
  },
  "student": {
    "date": "2021.12.08",
    "student_educated": true,
    "student_grade": "고등_2학년",
    "location": "063",
    "student_grade_group": "고등",
    "student_reading": 1
  },
  "rubric": {
    "essay_grade": "고등_2학년",
    "organization_weight": {
      "org_paragraph": 3,
      "org": 3,
      "org_essay": 3,
      "org_coherence": 3,
      "org_quantity": 1
    },
    "essay_type": "주장",
    "content_weight": {
      "con_clearance": 3,
      "con_novelty": 3,
      "con": 4,
      "con_prompt": 1,
      "con_description": 3
    },
    "essay_main_subject": "인종차별에 대한 본인의 생각",
    "expression_weight": {
      "exp_style": 4,
      "exp_grammar": 2,
      "exp_vocab": 4,
      "exp": 3
    }
  },
  "correction": [],
  "info": {
    "essay_id": "ESSAY_57431",
    "essay_prompt": " 최근 중국발 코로나바이러스로 인해 동양인에 대한 혐오감을 나타내는 서양인들이 늘어나고 있습니다. 그로 인해, 매스컴이나 SNS에서 인종차별을 받아 힘들어하는 동양인들을 자주 목격할 수 있습니다.\n\n 하지만, 최근에만 인종차별이 존재했을까요? 아닙니다. 아주 오래전부터 다른 인종에 대한 차별은 있었습니다.\n\n 우리나라에서는 인종차별을 안 하고 있을까요? 아닙니다. 우리나라에서도 알게 모르게 많은 부분에서 다른 국가의 사람들에 대해 인종차별을 하고 있으며 누군가에게 상처를 주고 있습니다.\n\n 즉, 인종차별은 누군가의 문제가 아니라 우리 모두의 문제입니다.\n\n 여러분들은 인종차별을 당해보신 적 있나요? 인종차별을 하는 사람들에 대해 어떻게 생각하시나요? 왜 생겨났다고 생각하나요? 인종차별을 근절하기 위해서는 어떻게 해야 할까요? 인종차별을 하는 사람들에 대해 전 세계적으로 처벌의 강도를 높여야 할까요?\n\n 인종차별을 하는 사람들에 대한 본인의 생각을 작성하고 인종차별은 해결할 수 있는 문제일지 아니면 해결하지 어려운 문제일지 작성해주세요. 또한, 그렇게 생각한 이유와 본인이 생각한 해결방법 혹은 해결할 수 없다면 왜 해결할 수 없다고 생각하는지 작성해주세요.",
    "essay_type": "주장",
    "essay_level": "1",
    "essay_len": 1294,
    "essay_main_subject": "인종차별에 대한 본인의 생각"
  }
}