{
  "paragraph": [
    {
      "paragraph_txt": "안녕하세요.#@문장구분# 저는 우리나라의 평가 방식이 다소 잘못된 방향으로 흘러가고 있다고 생각합니다.#@문장구분# 사람마다 특성이 존재하듯 각각의 목표 또한 다르고 성과도 다를 수 있다는 제시문을 읽었습니다.#@문장구분# 특정 기준에 의존해 본인의 성과도를 평가하는 것.#@문장구분# 저는 잘못된 평가 방식이라고 생각하는 입장입니다.#@문장구분# 특히나 중간고사와 기말고사를 통해 평가를 받는 우리나라의 학생들은 딱 하루의 시험 결과로 많은것들이 바뀌게 됩니다.#@문장구분# 그렇기 때문에 학생들은 밤을 세워가며 공부를 하는 안 좋은 습관을 들이게 됩니다.#@문장구분# 한창 성장할 나이에 이렇게 밤을 세워가며 공부를 하게 되면 성장에도 문제가 생기고 건강에도 이상이 생기게 됩니다.#@문장구분#학생들도 이를 인지하고 있지만 성적에 대한 부담감이 크기 때문에 하는 수 없이 밤을 세우기 쉽상입니다.#@문장구분# 따라서 저는 이러한 평가방식을 바꿔야 한다고 생각합니다.#@문장구분# 단 두 번의 시험을 통해 그들의 일년간 공부태도와 공부량을 평가하는 것이 아니라 평소에 꾸준히 노력하는 모습을 평가에 반영하는 쪽으로 흘러가야 학생들이 낮 수업시간에 집중하여 수업을 듣고 조는 일도 없어질 것이라고 생각합니다.#@문장구분# 혹은 슬슬 도입하는 학교들이 생기고 있는데 대학교처럼 원하는 과목을 선택해서 수강하는 식의 교육도 정말 좋은 도입이라고 생각했습니다.#@문장구분# 아직 저희 학교에는 도입되지 않았지만 그런 시스템을 통해 원하는 과목을 골라듣고 그 과목에 대한 깊은 이해력을 요구하는 방식이라면 학생들에게 더할 나위 없는 공부가 되지 않을까 생각해봅니다.#@문장구분# 신체적 능력을 요구하는 길을 걷는 학생이 수학에 가로막혀 좌절하는 그런 일은 없도록 말이지요.#@문장구분# 개인의 특성을 살리는 평가 방식이 하루 빨리 생겨나길 바랍니다.#@문장구분#",
      "paragraph_len": 1121,
      "paragraph_id": "001"
    }
  ],
  "score": {
    "paragraph_score": [
      {
        "paragraph_scoreT": [
          2,
          2,
          2.8
        ],
        "paragraph_scoreT_detail": {
          "paragraph_scoreT_exp": [
            [
              2,
              2,
              2
            ],
            [
              2,
              2,
              2
            ],
            [
              2,
              3,
              3
            ]
          ]
        },
        "paragraph_scoreT_avg": 2.2666667,
        "paragraph_id": "001"
      }
    ],
    "essay_scoreT": [
      20.699999,
      24.900002,
      29.4
    ],
    "essay_scoreT_avg": 25,
    "essay_scoreT_detail": {
      "essay_scoreT_org": [
        [
          2,
          0,
          2,
          3
        ],
        [
          3,
          0,
          2,
          3
        ],
        [
          3,
          0,
          3,
          3
        ]
      ],
      "essay_scoreT_cont": [
        [
          2,
          2,
          3,
          2
        ],
        [
          3,
          2,
          3,
          3
        ],
        [
          3,
          3,
          3,
          3
        ]
      ],
      "essay_scoreT_exp": [
        [
          2,
          2,
          2
        ],
        [
          2,
          2,
          2
        ],
        [
          2,
          3,
          3
        ]
      ]
    }
  },
  "student": {
    "date": "2021.12.28",
    "student_educated": true,
    "student_grade": "고등_1학년",
    "location": "063",
    "student_grade_group": "고등",
    "student_reading": 2
  },
  "rubric": {
    "essay_grade": "고등_1학년",
    "organization_weight": {
      "org_paragraph": 0,
      "org": 3,
      "org_essay": 6,
      "org_coherence": 3,
      "org_quantity": 1
    },
    "essay_type": "주장",
    "content_weight": {
      "con_clearance": 3,
      "con_novelty": 3,
      "con": 4,
      "con_prompt": 1,
      "con_description": 3
    },
    "essay_main_subject": "평가에 대한 본인의 의견",
    "expression_weight": {
      "exp_style": 4,
      "exp_grammar": 2,
      "exp_vocab": 4,
      "exp": 3
    }
  },
  "correction": [],
  "info": {
    "essay_id": "ESSAY_84136",
    "essay_prompt": " 평가는 일반적으로 평가대상의 장점과 가치를 결정하는 과정을 말합니다.\n\n 세상에는 무수히 많은 평가 방법들이 존재하고 그 주제도 다양합니다.\n\n 우리나라의 경우는 어떨까요? 중간, 기말시험이 있고 미술과 같은 기본기와 창의성을 평가하는 과목도 있습니다. 체육과 같은 신체적인 능력을 평가하는 과목도 있지요. 모두 적절한 기준이 있으며 매우 객관적인 기준이라고 말합니다.\n\n 하지만 여러분이 생각하기에 모든 학생을 동일한 평가지표에 맞추어 평가하는 것이 올바른 방식이라고 생각하나요?\n\n 사람마다 특성이 존재하듯 각각의 목표 또한 다르고 성과도 다를 수 있습니다. 특정 기준에 의존해 본인의 성과도를 평가하는 것이 바르다고 생각되나요?\n\n 현재의 평가 방식은 최고의 객관적인 평가 방식이라고 생각하신다면 그 이유를 작성해주세요. 아니라면 어떤 평가 기준이 추가되어야 하고 또한 어떤 생각으로 평가가 이루어졌으면 좋겠는지 서술해 주세요.",
    "essay_type": "주장",
    "essay_level": "2",
    "essay_len": 822,
    "essay_main_subject": "평가에 대한 본인의 의견"
  }
}