{
  "paragraph": [
    {
      "paragraph_txt": "수학능력시험, 줄여서 수능이라고 불리는 이 시험은 대한민국의 대학 입시에 필수 요소로서 대학에서 수학할 수 있는 사람을 선발하기 위해 교육부에서 해마다 실시하는 시험이다.#@문장구분# 보통의 학생들은 이 시험을 치르기 위한 기초 지식을 쌓기 위해 차근차근 초등, 중등, 고등 교육 과정에 따라 배우게 된다.#@문장구분# 이렇게 치르는 시험은 어쩌면 인생을 결정할 중차대한 사건이다.#@문장구분# 물론 대학에 들어가지 않고도 남에게 꿀리지 않고 자신의 인생을 사는 사람들도 있지만 학생 시절 공부한 노력을 이 수능이라는 시험을 통해 남에게 증명해 그 성과를 인정받고 자신이 원하는 계열의 회사를 들어가는 것도 큰 기쁨이다.#@문장구분# \n 수능은 그 무엇보다도 공평한 시험이다.#@문장구분# 몇십 명의 내로라하는 전문가들이 모여 몇 개월의 고심 끝에 훌륭한 수준의 문제를 내기 위해 노력한다.#@문장구분# [유퀴즈온더블럭]이라는 한 TV 프로그램에는 전 수능 출제위원이 나와 수능 출제에 대한 경험을 말하는데, 이 때 35일 동안 극비리에 몇 백명의 전문가들이 모여 부정 행위를 철저히 방지해 나가며 엄격한 관리 하에 문제를 내고 검토한다고 한다.#@문장구분# 이러한 노력으로 출제된 문제는 각 학교의 시험장에서 수능 시 메뉴얼에 따라 감독관들은 부정행위가 일어나는지 철저히 감시하기까지 해서 수능 성적이 나오고 등급이 나오게 된다.#@문장구분# 이토록 수많은 사람이 땀 흘려 일구어낸 시험이므로 시험 응시자 개개인의 노력에 따른 실력 그대로가 나올 수 밖에 없는 시험인 것이다.#@문장구분# 따라서 수능을 치르는 본질인 대학 입시에 필요한 능력 확인과 교육평가의 정의인 목표달성도 확인까지 모두 확인할 수 있는 것이다.#@문장구분#\n 그러나 교육평가의 정의 중 2가지 조건은 어디서 만족시킬 수 있는지 의문을 가진 사람들도 있을 것이다.#@문장구분# 2가지 조건은 바로 [의사결정을 위한 정보제공]과 [가치의 판단]이다.#@문장구분# 실질적으로 수능을 공부할 때 다른 사람에게 자신의 의견을 전달하기 위한 수단으로 언어를 배우는데 제2외국어는  필수 응시 과목이 아니지만 국어와 영어만큼은 필수로 응시해야 하는 과목으로서 공부해야 한다.#@문장구분# 국어 영역에서는 실질적인 문법의 형태와 우리말 속 세세한 요소들을 뜯어가며 이해도를 올리는데 기여한다.#@문장구분# 영어 영역 또한 국어와 마찬가지로 문법을 배우고 단어를 위주로 학습하게 되면서 의사소통을 하는데에 자신이 전달하려는 바를 바르게 전달할 수 있도록 한다.#@문장구분# 전달할 수 있는 능력은 갖추게 됐으므로 다른 과목을 살펴보자면 사회 탐구 영역과 과학 탐구 영역이 있다.#@문장구분# 여기서는 탐구 영역 속에서도 세분화된 과목에서 자신이 원하는 방향의 지식을 학습함으로 인해 [의사결정을 위한 정보제공]이라는 평가의 본질을 만족하게 된다.#@문장구분# 또한 공부를 하면서 얻는 지식과 선대의 사상을 수용하기도 하고 비판해보기도 하면서 여러 생각을 거쳐 정신적으로 성장하여 자신의 가치를 높이는 데에도 일조를 한다.#@문장구분# 이는 자신의 가치를 높여보고 다른 지식들의 가치를 탐구해보는 과정을 거치면서 [가치의 판단]의 경험을 접하게 되면서 이는 곧 평가의 본질과도 연결되는 것이다.#@문장구분#\n 이러한 이유로 인해 수능은 교육평가의 정의를 제대로 실현한다,#@문장구분#",
      "paragraph_len": 1906,
      "paragraph_id": "001"
    }
  ],
  "score": {
    "paragraph_score": [
      {
        "paragraph_scoreT": [
          3,
          3,
          2.6
        ],
        "paragraph_scoreT_detail": {
          "paragraph_scoreT_exp": [
            [
              3,
              3,
              3
            ],
            [
              3,
              3,
              3
            ],
            [
              3,
              3,
              2
            ]
          ]
        },
        "paragraph_scoreT_avg": 2.8666668,
        "paragraph_id": "001"
      }
    ],
    "essay_scoreT": [
      30,
      30,
      24.5
    ],
    "essay_scoreT_avg": 28.166666,
    "essay_scoreT_detail": {
      "essay_scoreT_org": [
        [
          3,
          0,
          3,
          3
        ],
        [
          3,
          0,
          3,
          3
        ],
        [
          3,
          0,
          3,
          2
        ]
      ],
      "essay_scoreT_cont": [
        [
          3,
          3,
          3,
          3
        ],
        [
          3,
          3,
          3,
          3
        ],
        [
          3,
          1,
          2,
          2
        ]
      ],
      "essay_scoreT_exp": [
        [
          3,
          3,
          3
        ],
        [
          3,
          3,
          3
        ],
        [
          3,
          3,
          2
        ]
      ]
    }
  },
  "student": {
    "date": "2021.09.02",
    "student_educated": true,
    "student_grade": "고등_1학년",
    "location": "051",
    "student_grade_group": "고등",
    "student_reading": 1
  },
  "rubric": {
    "essay_grade": "고등_1학년",
    "organization_weight": {
      "org_paragraph": 0,
      "org": 3,
      "org_essay": 6,
      "org_coherence": 3,
      "org_quantity": 1
    },
    "essay_type": "주장",
    "content_weight": {
      "con_clearance": 3,
      "con_novelty": 3,
      "con": 4,
      "con_prompt": 1,
      "con_description": 3
    },
    "essay_main_subject": "평가에 대한 본인의 의견",
    "expression_weight": {
      "exp_style": 4,
      "exp_grammar": 2,
      "exp_vocab": 4,
      "exp": 3
    }
  },
  "correction": [],
  "info": {
    "essay_id": "ESSAY_34055",
    "essay_prompt": " 평가는 일반적으로 평가대상의 장점과 가치를 결정하는 과정을 말합니다.\n\n 세상에는 무수히 많은 평가 방법들이 존재하고 그 주제도 다양합니다.\n\n 우리나라의 경우는 어떨까요? 중간, 기말시험이 있고 미술과 같은 기본기와 창의성을 평가하는 과목도 있습니다. 체육과 같은 신체적인 능력을 평가하는 과목도 있지요. 모두 적절한 기준이 있으며 매우 객관적인 기준이라고 말합니다.\n\n 하지만 여러분이 생각하기에 모든 학생을 동일한 평가지표에 맞추어 평가하는 것이 올바른 방식이라고 생각하나요?\n\n 사람마다 특성이 존재하듯 각각의 목표 또한 다르고 성과도 다를 수 있습니다. 특정 기준에 의존해 본인의 성과도를 평가하는 것이 바르다고 생각되나요?\n\n 현재의 평가 방식은 최고의 객관적인 평가 방식이라고 생각하신다면 그 이유를 작성해주세요. 아니라면 어떤 평가 기준이 추가되어야 하고 또한 어떤 생각으로 평가가 이루어졌으면 좋겠는지 서술해 주세요.",
    "essay_type": "주장",
    "essay_level": "2",
    "essay_len": 1507,
    "essay_main_subject": "평가에 대한 본인의 의견"
  }
}