{
  "paragraph": [
    {
      "paragraph_txt": "나도 외국 여행 할 때 인종차별을 당한 적이 있다. #@문장구분#내가 미국 뉴욕을 여행하던 때의 일이다.#@문장구분# 나는 처음가는 미국 여행에 들 뜬 마음을 갖고있었다. #@문장구분#그러나 나의 상상과 미국의 현실은 너무나도 달랐다.#@문장구분# 우선 길거리에서는 핫도그 냄새가 진동을 한다.#@문장구분# 미국 뉴욕의 중심부에 위치한 센터럴 파크에 갔는데, 거기에서 핫도그 파는 포차가 정말 많았다.#@문장구분# 듣기로는 거기서 핫도그를 팔기위해 자릿세를 내야하는데 그 자릿세가 일 년에 한화로 4억이라고 했다.#@문장구분# 정말 그 작은 포차에서 4억원이라는 매출을 내기 위해서 얼마나 많은 핫도그를 팔아야 할지 가늠이 가지 않았다.#@문장구분# 물론 나도 사먹었다.#@문장구분# 정말 맛있었다.#@문장구분# 핫도그를 센터럴 파크에서 먹고 있었다.#@문장구분# 근데 웬 백인 할머니가 오셔서 여기서 핫도그 먹으면 안된다고 나한테 소리지르면서 나가라고 했다. #@문장구분#나는 처음 겪어보는 일이라 정말 놀라 허겁지겁 센터럴 파크를 나갔다. #@문장구분#근데 인도사람, 흑인, 백인 할 것 없이 다 센터럴 파크 안에서 핫도그를 먹고 있었다.#@문장구분# 나는 어이가 없어 그 할머니에게 잘 못하는 영어로 따졌다.#@문장구분# 그랬더니 그 할머니가 내가 더럽다고 꺼지라고 했다. #@문장구분#나는 정말 어이가 없었다. #@문장구분#나는 그 때 인종차별을 당했다.#@문장구분# 다행이도 그 주변에 나와 할머니의 싸움을 보고있던 다른 한국인분과 다른 외국 사람들이 나를 도와줘서 억울함을 풀 수는 있었지만, 정말 짜증이 났다.#@문장구분# 그래서 나는 누구보다 더 인종차별에 대해 잘 안다고 생각한다.#@문장구분# 왜냐하면 직접 인종차별을 겪었기 때문이다.#@문장구분# 직접 인종차별을 겪어본 사람의 입장으로서 나는 인종차별이 절대 사라질 수 없다고 생각한다. #@문장구분#왜냐하면 인종차별을 하는 사람들은 자신의 특권의식에 사로잡혀 다른 사람을 낮잡아 보는 것이 일상이기 때문이다. #@문장구분#그래서 나는 절대로 인종차별이 사라질 수 없다고 생각한다. #@문장구분#그래서 나부터라도 인종차별을 하지 않는 사람이 되도록 노력해야 된다고 생각한다.#@문장구분#",
      "paragraph_len": 1420,
      "paragraph_id": "001"
    }
  ],
  "score": {
    "paragraph_score": [
      {
        "paragraph_scoreT": [
          2.6,
          2.4,
          2.2
        ],
        "paragraph_scoreT_detail": {
          "paragraph_scoreT_exp": [
            [
              3,
              3,
              2
            ],
            [
              2,
              2,
              3
            ],
            [
              3,
              2,
              2
            ]
          ]
        },
        "paragraph_scoreT_avg": 2.3999999,
        "paragraph_id": "001"
      }
    ],
    "essay_scoreT": [
      27.599998,
      28.2,
      25.5
    ],
    "essay_scoreT_avg": 27.1,
    "essay_scoreT_detail": {
      "essay_scoreT_org": [
        [
          3,
          3,
          3,
          3
        ],
        [
          3,
          3,
          3,
          3
        ],
        [
          3,
          3,
          2,
          3
        ]
      ],
      "essay_scoreT_cont": [
        [
          3,
          2,
          3,
          3
        ],
        [
          3,
          3,
          3,
          3
        ],
        [
          3,
          2,
          3,
          3
        ]
      ],
      "essay_scoreT_exp": [
        [
          3,
          3,
          2
        ],
        [
          2,
          2,
          3
        ],
        [
          3,
          2,
          2
        ]
      ]
    }
  },
  "student": {
    "date": "2021.11.30",
    "student_educated": true,
    "student_grade": "고등_2학년",
    "location": "063",
    "student_grade_group": "고등",
    "student_reading": 2
  },
  "rubric": {
    "essay_grade": "고등_2학년",
    "organization_weight": {
      "org_paragraph": 3,
      "org": 3,
      "org_essay": 3,
      "org_coherence": 3,
      "org_quantity": 1
    },
    "essay_type": "주장",
    "content_weight": {
      "con_clearance": 3,
      "con_novelty": 3,
      "con": 4,
      "con_prompt": 1,
      "con_description": 3
    },
    "essay_main_subject": "인종차별에 대한 본인의 생각",
    "expression_weight": {
      "exp_style": 4,
      "exp_grammar": 2,
      "exp_vocab": 4,
      "exp": 3
    }
  },
  "correction": [],
  "info": {
    "essay_id": "ESSAY_53127",
    "essay_prompt": " 최근 중국발 코로나바이러스로 인해 동양인에 대한 혐오감을 나타내는 서양인들이 늘어나고 있습니다. 그로 인해, 매스컴이나 SNS에서 인종차별을 받아 힘들어하는 동양인들을 자주 목격할 수 있습니다.\n\n 하지만, 최근에만 인종차별이 존재했을까요? 아닙니다. 아주 오래전부터 다른 인종에 대한 차별은 있었습니다.\n\n 우리나라에서는 인종차별을 안 하고 있을까요? 아닙니다. 우리나라에서도 알게 모르게 많은 부분에서 다른 국가의 사람들에 대해 인종차별을 하고 있으며 누군가에게 상처를 주고 있습니다.\n\n 즉, 인종차별은 누군가의 문제가 아니라 우리 모두의 문제입니다.\n\n 여러분들은 인종차별을 당해보신 적 있나요? 인종차별을 하는 사람들에 대해 어떻게 생각하시나요? 왜 생겨났다고 생각하나요? 인종차별을 근절하기 위해서는 어떻게 해야 할까요? 인종차별을 하는 사람들에 대해 전 세계적으로 처벌의 강도를 높여야 할까요?\n\n 인종차별을 하는 사람들에 대한 본인의 생각을 작성하고 인종차별은 해결할 수 있는 문제일지 아니면 해결하지 어려운 문제일지 작성해주세요. 또한, 그렇게 생각한 이유와 본인이 생각한 해결방법 혹은 해결할 수 없다면 왜 해결할 수 없다고 생각하는지 작성해주세요.",
    "essay_type": "주장",
    "essay_level": "1",
    "essay_len": 920,
    "essay_main_subject": "인종차별에 대한 본인의 생각"
  }
}