{
  "paragraph": [
    {
      "paragraph_txt": "세계가 하나이고 피부색에 상관없이 다 같은 인간이다. #@문장구분#동양인에 대한 차별은 다른 인종에 대한 백인 우월감, 또는 열등감에서 비롯된다고 볼 수 있다. #@문장구분#미국, 유럽과 같은 백인들 뿐만 아니라 흑인들도 동양인에 대해 차별하며 혐오 범죄를 일으키고 있는 것을 최근 뉴스를 통해 볼 수 있었다.#@문장구분# 동양인에 대한 차별은 다른 모든 인종들에서 나오는 만큼, 백인들의 우월주의만이 문제가 아님을 알 수 있다. #@문장구분#코로나19가 기폭제가 되면서 동양인에 대한 증오가 터져나오는 것은 동양인에 대한 열등감과 우월감이 공존하면서 일어난다고 생각한다. #@문장구분#미국을 보더라도, 백인과 흑인에게 동양인은 모두 차별과 증오의 대상이다. #@문장구분#동양인들이 미국에 들어가면서 일자리를 차지하게 되자 백인들과 흑인들의 일자리가 줄어들어 그 원망이 동양인에게 향하면서 생긴 증오가 아닐까 생각해볼 수 있다.#@문장구분# 또 나와 다르면 경계심을 가지고 대하기 때문에 자칫 이것이 혐오로 인종차별로 변질되기 쉽다.#@문장구분# 하지만 증오 범죄는 어떤 이유에서든 인정받을 수 없다. #@문장구분#동양인에 대한 차별을 하는 사람들이 다르게 만약 다른 세계에서 동양인과 자리가 바뀌어 자신들이 차별의 대상이 된다면 결국 그들도 옳지 않음을 느낄 것이기 때문이다. #@문장구분#자기 자신의 열등감을 다른 인종을 증오하면서 해소한다는 행동은 성숙하지 못한 모습이라고 생각한다.#@문장구분# 열등감이나 우월감을 마음 속으로 느끼더라도 그 감정을 직접적으로 해소하는 것은 동양인들 뿐만아니라 같은 인종의 다른 사람들에게도 피해를 준다.#@문장구분# 모든 사람들이 동양인을 차별하는 것은 아니고 동양인과 가까운 관계를 갖고 있는 사람들이 많다.#@문장구분# 동양인에 대한 증오를 표출하는 모습을 보는 그 사람들도 옳지 않음을 알 수 있을 것이다.",
      "paragraph_len": 1094,
      "paragraph_id": "001"
    }
  ],
  "score": {
    "paragraph_score": [
      {
        "paragraph_scoreT": [
          3,
          2.8,
          2.8
        ],
        "paragraph_scoreT_detail": {
          "paragraph_scoreT_exp": [
            [
              3,
              3,
              3
            ],
            [
              2,
              3,
              3
            ],
            [
              2,
              3,
              3
            ]
          ]
        },
        "paragraph_scoreT_avg": 2.8666668,
        "paragraph_id": "001"
      }
    ],
    "essay_scoreT": [
      30,
      27.6,
      27.6
    ],
    "essay_scoreT_avg": 28.4,
    "essay_scoreT_detail": {
      "essay_scoreT_org": [
        [
          3,
          3,
          3,
          3
        ],
        [
          2,
          2,
          3,
          3
        ],
        [
          2,
          2,
          3,
          3
        ]
      ],
      "essay_scoreT_cont": [
        [
          3,
          3,
          3,
          3
        ],
        [
          3,
          3,
          3,
          3
        ],
        [
          3,
          3,
          3,
          3
        ]
      ],
      "essay_scoreT_exp": [
        [
          3,
          3,
          3
        ],
        [
          2,
          3,
          3
        ],
        [
          2,
          3,
          3
        ]
      ]
    }
  },
  "student": {
    "date": "2021.12.10",
    "student_educated": true,
    "student_grade": "고등_2학년",
    "location": "063",
    "student_grade_group": "고등",
    "student_reading": 3
  },
  "rubric": {
    "essay_grade": "고등_2학년",
    "organization_weight": {
      "org_paragraph": 3,
      "org": 3,
      "org_essay": 3,
      "org_coherence": 3,
      "org_quantity": 1
    },
    "essay_type": "주장",
    "content_weight": {
      "con_clearance": 3,
      "con_novelty": 3,
      "con": 4,
      "con_prompt": 1,
      "con_description": 3
    },
    "essay_main_subject": "인종차별에 대한 본인의 생각",
    "expression_weight": {
      "exp_style": 4,
      "exp_grammar": 2,
      "exp_vocab": 4,
      "exp": 3
    }
  },
  "correction": [],
  "info": {
    "essay_id": "ESSAY_57391",
    "essay_prompt": " 최근 중국발 코로나바이러스로 인해 동양인에 대한 혐오감을 나타내는 서양인들이 늘어나고 있습니다. 그로 인해, 매스컴이나 SNS에서 인종차별을 받아 힘들어하는 동양인들을 자주 목격할 수 있습니다.\n\n 하지만, 최근에만 인종차별이 존재했을까요? 아닙니다. 아주 오래전부터 다른 인종에 대한 차별은 있었습니다.\n\n 우리나라에서는 인종차별을 안 하고 있을까요? 아닙니다. 우리나라에서도 알게 모르게 많은 부분에서 다른 국가의 사람들에 대해 인종차별을 하고 있으며 누군가에게 상처를 주고 있습니다.\n\n 즉, 인종차별은 누군가의 문제가 아니라 우리 모두의 문제입니다.\n\n 여러분들은 인종차별을 당해보신 적 있나요? 인종차별을 하는 사람들에 대해 어떻게 생각하시나요? 왜 생겨났다고 생각하나요? 인종차별을 근절하기 위해서는 어떻게 해야 할까요? 인종차별을 하는 사람들에 대해 전 세계적으로 처벌의 강도를 높여야 할까요?\n\n 인종차별을 하는 사람들에 대한 본인의 생각을 작성하고 인종차별은 해결할 수 있는 문제일지 아니면 해결하지 어려운 문제일지 작성해주세요. 또한, 그렇게 생각한 이유와 본인이 생각한 해결방법 혹은 해결할 수 없다면 왜 해결할 수 없다고 생각하는지 작성해주세요.",
    "essay_type": "주장",
    "essay_level": "1",
    "essay_len": 834,
    "essay_main_subject": "인종차별에 대한 본인의 생각"
  }
}