{
  "paragraph": [
    {
      "paragraph_txt": "나는 평가에 대해 기본적으로 부정적으로 생각하진 않지만 긍정적으로도 생각하진 않는데 사람을 평가한다는게 좋은것은 아니고 어찌됐든 기준을 정하고 사람을 이리저리 평가하는게 좋지 않다고 생각한다.#@문장구분#그 평가 기준은 누가 정하는가?#@문장구분# 평가기준 또한 사람이 정하는데 그 사람이 기준을 정할정도로 잘났다고 누가 판단하는가?#@문장구분# 이렇게 꼬리를 물고 물고 물면 끝도 없고 누군가 나를 평가 한다는 자체가 그 평가 받는 사람에겐 기분이 안좋을수있고 그 쓸모없는 기준 때문에 그 사람이 펌하 되고 자존감을 낮추는 그런것 때문에 사람을 망칠수도있고 기분이 안좋을 수도 있지만 또 평가기준이 없다면 누가 더 잘했는지 우열을 가리기 위해선 꼭 필요하고 사람을 평가하는 기준이 없다면 많이 사람들이 판칠게 뻔하고 만약 게임을 했을때 정확한 기준이 없었다면 승부를 가릴수도 없고 반칙을 하는 사람이 생겼을때 처벌을 할수도 없으니깐 그래도 사람을 평가하는 기준 말고는 그래도 경기 평가기준이나 다른 평가기준들은 그래도 있어야 한다고 생각한다.#@문장구분# 그래야 공정한 경기를 할수있고 억울함에 누명을 쓰는 사람이 없어야 하기 때문에 평가 기준은 어느정도 필요하다고 생각한다.#@문장구분# 그리고 평가를 하기 위해선 객관적인 평가 기준을 정해야 하는데 그런건 완벽할수없다.#@문장구분# 완벽이라는 게 싫고 100%라는 말이라는 말이 싫다.#@문장구분# 사람의 가능성은 무한한데 완벽은 어떤 의미로 삶의 끝이라고 생각한다.#@문장구분# 완벽을 정했다면 그 사람은 거기까지라고 생각한다.#@문장구분# 완벽을 정하지 않은 이상 계속 앞으로 나아가고 무한한 가능성을 가지고 있다고 생각한다. .#@문장구분# 그 무한한 가능성에서 결말을 내리는 것은 아직 조금 이르지 않을까?#@문장구분#",
      "paragraph_len": 1028,
      "paragraph_id": "001"
    }
  ],
  "score": {
    "paragraph_score": [
      {
        "paragraph_scoreT": [
          3,
          2,
          2.4
        ],
        "paragraph_scoreT_detail": {
          "paragraph_scoreT_exp": [
            [
              3,
              3,
              3
            ],
            [
              2,
              2,
              2
            ],
            [
              2,
              2,
              3
            ]
          ]
        },
        "paragraph_scoreT_avg": 2.4666667,
        "paragraph_id": "001"
      }
    ],
    "essay_scoreT": [
      27.2,
      25.8,
      24
    ],
    "essay_scoreT_avg": 25.666666,
    "essay_scoreT_detail": {
      "essay_scoreT_org": [
        [
          3,
          0,
          3,
          3
        ],
        [
          3,
          0,
          3,
          3
        ],
        [
          2,
          0,
          2,
          2
        ]
      ],
      "essay_scoreT_cont": [
        [
          2,
          2,
          2,
          3
        ],
        [
          2,
          3,
          3,
          3
        ],
        [
          2,
          3,
          3,
          3
        ]
      ],
      "essay_scoreT_exp": [
        [
          3,
          3,
          3
        ],
        [
          2,
          2,
          2
        ],
        [
          2,
          2,
          3
        ]
      ]
    }
  },
  "student": {
    "date": "2021.12.19",
    "student_educated": true,
    "student_grade": "고등_1학년",
    "location": "063",
    "student_grade_group": "고등",
    "student_reading": 2
  },
  "rubric": {
    "essay_grade": "고등_1학년",
    "organization_weight": {
      "org_paragraph": 0,
      "org": 3,
      "org_essay": 6,
      "org_coherence": 3,
      "org_quantity": 1
    },
    "essay_type": "주장",
    "content_weight": {
      "con_clearance": 3,
      "con_novelty": 3,
      "con": 4,
      "con_prompt": 1,
      "con_description": 3
    },
    "essay_main_subject": "평가에 대한 본인의 의견",
    "expression_weight": {
      "exp_style": 4,
      "exp_grammar": 2,
      "exp_vocab": 4,
      "exp": 3
    }
  },
  "correction": [],
  "info": {
    "essay_id": "ESSAY_72088",
    "essay_prompt": " 평가는 일반적으로 평가대상의 장점과 가치를 결정하는 과정을 말합니다.\n\n 세상에는 무수히 많은 평가 방법들이 존재하고 그 주제도 다양합니다.\n\n 우리나라의 경우는 어떨까요? 중간, 기말시험이 있고 미술과 같은 기본기와 창의성을 평가하는 과목도 있습니다. 체육과 같은 신체적인 능력을 평가하는 과목도 있지요. 모두 적절한 기준이 있으며 매우 객관적인 기준이라고 말합니다.\n\n 하지만 여러분이 생각하기에 모든 학생을 동일한 평가지표에 맞추어 평가하는 것이 올바른 방식이라고 생각하나요?\n\n 사람마다 특성이 존재하듯 각각의 목표 또한 다르고 성과도 다를 수 있습니다. 특정 기준에 의존해 본인의 성과도를 평가하는 것이 바르다고 생각되나요?\n\n 현재의 평가 방식은 최고의 객관적인 평가 방식이라고 생각하신다면 그 이유를 작성해주세요. 아니라면 어떤 평가 기준이 추가되어야 하고 또한 어떤 생각으로 평가가 이루어졌으면 좋겠는지 서술해 주세요.",
    "essay_type": "주장",
    "essay_level": "2",
    "essay_len": 809,
    "essay_main_subject": "평가에 대한 본인의 의견"
  }
}