{
  "paragraph": [
    {
      "paragraph_txt": "세상에는 무수히 많은 평가 방법들이 존재하고 그 주제도 다양하다.#@문장구분# 모든 학생을 동일한 평가지표에 맞추어 평가하는 것이 올바른 방식이라 생각하지는 안는다.#@문장구분# 사람마다 특성이 존재하듯 각각의 목표 또한 다르고 성과도 다를 수 있습니다.#@문장구분# 특정 기준에 의존해 본인의 성과도를 평가하는 것이 달라야 된다고 생각한다.#@문장구분# 수학능력시험에 대하여 정의를 제대로 실현하고 정정당당 하다고 생각한다.#@문장구분# 그러나 고등학교 3학년 즉 이번에 처음 치는 분들께서는 정정당당하지 못하고 자신들이 불리하다고 생각할 수 있다.#@문장구분# 자신들은 이번이 처음이지만 재수를 치는 사람들이 있기에 그렇게 생각하며 내가 생각하는 반대로 생각할 수도 있다.#@문장구분# 하지만 내가 정의를 제대로 실현하고 있다고 생각하는 이유는 노력은 배신하지 않기 때문이다.#@문장구분# 재수, 3수, 4수 치시는 분들을 비하하는 것이 아니라 그렇게 다시 시험을 치는 이유는 다른 사람들보다는 노력이 부족해서 그렇다고 생각한다.#@문장구분# 물론 여러번 시험을 치기에 조금은 유리할 수 있다.#@문장구분# 하지만 같은 문제가 나오는 것도 아니며 여러번 친다고 잘한다 하면 2번 칠 때 바로 붙지 생각하며 입장이 바뀔수도 있겠지만 나는 내 주장을 끝까지 이어 갈 것이다.#@문장구분# 노력하고 고생한 만큼 크면 편할 것이다.#@문장구분# 편하기 위해 수학능력시험을 치는 것이다.#@문장구분# 그렇게 중요한 수학능력시험이 난 정의를 제대로 실현하고 있다고 생각한다. #@문장구분#그렇지만 그것은 현실적으로 내가 생각하기에도 어려운 것 같다.#@문장구분#다음으로는 우리가 생각하기에 모든학생을 동일한 평가 지표에 맞추어 평가하는 것이 올바른 방식이라고 생각하는가 각자의 기준이 다르고 생각이 다르기 때문에 각자 판단에 맡긴다.#@문장구분#",
      "paragraph_len": 1125,
      "paragraph_id": "001"
    }
  ],
  "score": {
    "paragraph_score": [
      {
        "paragraph_scoreT": [
          3,
          2.6,
          2.2
        ],
        "paragraph_scoreT_detail": {
          "paragraph_scoreT_exp": [
            [
              3,
              3,
              3
            ],
            [
              3,
              3,
              2
            ],
            [
              3,
              2,
              2
            ]
          ]
        },
        "paragraph_scoreT_avg": 2.6000001,
        "paragraph_id": "001"
      }
    ],
    "essay_scoreT": [
      30,
      24.199999,
      23.3
    ],
    "essay_scoreT_avg": 25.833334,
    "essay_scoreT_detail": {
      "essay_scoreT_org": [
        [
          3,
          0,
          3,
          3
        ],
        [
          2,
          0,
          2,
          2
        ],
        [
          2,
          0,
          2,
          3
        ]
      ],
      "essay_scoreT_cont": [
        [
          3,
          3,
          3,
          3
        ],
        [
          3,
          2,
          2,
          3
        ],
        [
          2,
          2,
          2,
          3
        ]
      ],
      "essay_scoreT_exp": [
        [
          3,
          3,
          3
        ],
        [
          3,
          3,
          2
        ],
        [
          3,
          2,
          3
        ]
      ]
    }
  },
  "student": {
    "date": "2021.12.15",
    "student_educated": true,
    "student_grade": "고등_1학년",
    "location": "063",
    "student_grade_group": "고등",
    "student_reading": 2
  },
  "rubric": {
    "essay_grade": "고등_1학년",
    "organization_weight": {
      "org_paragraph": 0,
      "org": 3,
      "org_essay": 6,
      "org_coherence": 3,
      "org_quantity": 1
    },
    "essay_type": "주장",
    "content_weight": {
      "con_clearance": 3,
      "con_novelty": 3,
      "con": 4,
      "con_prompt": 1,
      "con_description": 3
    },
    "essay_main_subject": "평가에 대한 본인의 의견",
    "expression_weight": {
      "exp_style": 4,
      "exp_grammar": 2,
      "exp_vocab": 4,
      "exp": 3
    }
  },
  "correction": [],
  "info": {
    "essay_id": "ESSAY_62862",
    "essay_prompt": " 평가는 일반적으로 평가대상의 장점과 가치를 결정하는 과정을 말합니다.\n\n 세상에는 무수히 많은 평가 방법들이 존재하고 그 주제도 다양합니다.\n\n 우리나라의 경우는 어떨까요? 중간, 기말시험이 있고 미술과 같은 기본기와 창의성을 평가하는 과목도 있습니다. 체육과 같은 신체적인 능력을 평가하는 과목도 있지요. 모두 적절한 기준이 있으며 매우 객관적인 기준이라고 말합니다.\n\n 하지만 여러분이 생각하기에 모든 학생을 동일한 평가지표에 맞추어 평가하는 것이 올바른 방식이라고 생각하나요?\n\n 사람마다 특성이 존재하듯 각각의 목표 또한 다르고 성과도 다를 수 있습니다. 특정 기준에 의존해 본인의 성과도를 평가하는 것이 바르다고 생각되나요?\n\n 현재의 평가 방식은 최고의 객관적인 평가 방식이라고 생각하신다면 그 이유를 작성해주세요. 아니라면 어떤 평가 기준이 추가되어야 하고 또한 어떤 생각으로 평가가 이루어졌으면 좋겠는지 서술해 주세요.",
    "essay_type": "주장",
    "essay_level": "2",
    "essay_len": 805,
    "essay_main_subject": "평가에 대한 본인의 의견"
  }
}