{
  "paragraph": [
    {
      "paragraph_txt": "인종차별을 근절할 수는 없다고 생각합니다.#@문장구분# 왜냐하면 남아프리카 공화국 인종분리정책, LA 흑인 폭동 사건 등 이미 많은 나라에서 백인우월주의와 같은 인종차별적인 생각이 깊게 뿌리를 내렸기 때문입니다. #@문장구분#하지만 인종차별을 근절만큼은 아니라도 해결할 방법들을 여러 측면에서 찾아볼 수 있습니다.#@문장구분# 개인적 측면, 사회적 측면이 있습니다.#@문장구분#\n 먼저 개인이 나와 피부색, 생김새가 달라도 존중하고 배려하는 마음가짐을 가지는 게 개인적 측면에서 가장 중요하다고 생각합니다. #@문장구분#그리고 인종차별 문제에 관심을 기울여야 합니다. #@문장구분#왜냐하면 자신이 인종차별에 대한 지식이 없으면 자신이 인종차별을 하였거나 당했을 수도 있기 때문입니다. #@문장구분#또한 인종차별을 당한 피해자나 인종차별에 반대하는 운동가들에게 후원이나 지원을 하는 것입니다.#@문장구분# 지원함으로써 피해자들과 운동가들에게 희망을 줄 수 있다고 생각합니다. #@문장구분#개인이 행사하는 영향력은 작을지 몰라도 합쳐지면 큰 영향력을 행사할 수 있습니다.#@문장구분#\n 사회적 측면에선 제도와 여러 나라와 교류를 활발하게 하는 것입니다. #@문장구분#첫 번째로 초등학교에 다닐 때부터 백인, 흑인 등 여러 인종을 가진 사람들과 영상통화를 하며 직접 소통할 수 있게 시스템을 구축하는 것이 좋다고 생각합니다. #@문장구분#서로 준비해온 말을 하며 언어는 달라도 똑같은 사람이라는 생각들 들게 하는 것입니다.#@문장구분#\n 두 번째로 인종 차별금지법을 전 세계적으로 강화하며 통일하는 것입니다. #@문장구분#나라마다 인종차별에 대한 법적 처벌이 같지 않으면 처벌이 약한 나라에서는 분명 많은 인종차별주의자가 생길 수 있습니다.#@문장구분# 실제로 독일은 공식적, 사회적으로 인종차별을 하면 법적 처벌받는 방면 호주는 법의 효력이 강하지 않아 묻지 마 폭행 등 한국인 포함해 많은 아시아인을 차별하기 때문입니다.#@문장구분# 항상 사회에서 일어나는 문제는 개인이 귀를 기울이지 않으면 해결되지 않습니다. #@문장구분#국가에서 해결할 거라는 생각을 가지지 말고 나 자신부터 문제에 귀를 기울이면 분명 언젠가는 뿌리를 뽑을 수 있다고 생각합니다",
      "paragraph_len": 1311,
      "paragraph_id": "001"
    }
  ],
  "score": {
    "paragraph_score": [
      {
        "paragraph_scoreT": [
          3,
          3,
          3
        ],
        "paragraph_scoreT_detail": {
          "paragraph_scoreT_exp": [
            [
              3,
              3,
              3
            ],
            [
              3,
              3,
              3
            ],
            [
              3,
              3,
              3
            ]
          ]
        },
        "paragraph_scoreT_avg": 3,
        "paragraph_id": "001"
      }
    ],
    "essay_scoreT": [
      30,
      25.400002,
      30
    ],
    "essay_scoreT_avg": 28.466667,
    "essay_scoreT_detail": {
      "essay_scoreT_org": [
        [
          3,
          3,
          3,
          3
        ],
        [
          2,
          2,
          3,
          3
        ],
        [
          3,
          3,
          3,
          3
        ]
      ],
      "essay_scoreT_cont": [
        [
          3,
          3,
          3,
          3
        ],
        [
          2,
          2,
          2,
          3
        ],
        [
          3,
          3,
          3,
          3
        ]
      ],
      "essay_scoreT_exp": [
        [
          3,
          3,
          3
        ],
        [
          3,
          3,
          3
        ],
        [
          3,
          3,
          3
        ]
      ]
    }
  },
  "student": {
    "date": "2021.12.02",
    "student_educated": true,
    "student_grade": "고등_2학년",
    "location": "054",
    "student_grade_group": "고등",
    "student_reading": 2
  },
  "rubric": {
    "essay_grade": "고등_2학년",
    "organization_weight": {
      "org_paragraph": 3,
      "org": 3,
      "org_essay": 3,
      "org_coherence": 3,
      "org_quantity": 1
    },
    "essay_type": "주장",
    "content_weight": {
      "con_clearance": 3,
      "con_novelty": 3,
      "con": 4,
      "con_prompt": 1,
      "con_description": 3
    },
    "essay_main_subject": "인종차별에 대한 본인의 생각",
    "expression_weight": {
      "exp_style": 4,
      "exp_grammar": 2,
      "exp_vocab": 4,
      "exp": 3
    }
  },
  "correction": [],
  "info": {
    "essay_id": "ESSAY_61032",
    "essay_prompt": " 최근 중국발 코로나바이러스로 인해 동양인에 대한 혐오감을 나타내는 서양인들이 늘어나고 있습니다. 그로 인해, 매스컴이나 SNS에서 인종차별을 받아 힘들어하는 동양인들을 자주 목격할 수 있습니다.\n\n 하지만, 최근에만 인종차별이 존재했을까요? 아닙니다. 아주 오래전부터 다른 인종에 대한 차별은 있었습니다.\n\n 우리나라에서는 인종차별을 안 하고 있을까요? 아닙니다. 우리나라에서도 알게 모르게 많은 부분에서 다른 국가의 사람들에 대해 인종차별을 하고 있으며 누군가에게 상처를 주고 있습니다.\n\n 즉, 인종차별은 누군가의 문제가 아니라 우리 모두의 문제입니다.\n\n 여러분들은 인종차별을 당해보신 적 있나요? 인종차별을 하는 사람들에 대해 어떻게 생각하시나요? 왜 생겨났다고 생각하나요? 인종차별을 근절하기 위해서는 어떻게 해야 할까요? 인종차별을 하는 사람들에 대해 전 세계적으로 처벌의 강도를 높여야 할까요?\n\n 인종차별을 하는 사람들에 대한 본인의 생각을 작성하고 인종차별은 해결할 수 있는 문제일지 아니면 해결하지 어려운 문제일지 작성해주세요. 또한, 그렇게 생각한 이유와 본인이 생각한 해결방법 혹은 해결할 수 없다면 왜 해결할 수 없다고 생각하는지 작성해주세요.",
    "essay_type": "주장",
    "essay_level": "1",
    "essay_len": 972,
    "essay_main_subject": "인종차별에 대한 본인의 생각"
  }
}