{
  "paragraph": [
    {
      "paragraph_txt": "저는 수학능력시험이 제대로 실현 중이라고 생각합니다.#@문장구분# 이 수학능력시험을 통해 학생들의 등급을 매겨 각 학생의 성적을 보고 성적에 알맞은 학교에 들어가는 것이 적합하다고 생각하기 때문입니다.#@문장구분# 수학능력시험을 치는 것으로 자신의 점수를 몰랐던 학생들이 수능 시험을 통해 진로를 정해 갈 수 있는 기회도 되기 때문입니다.#@문장구분# 수능 시험이 자신의 미래에 큰 영향을 주는 시험이라서 학생들이 열심히 할텐데 이 시도가 학생들의 인생에서 집중을 할 수 있는 큰 기회가 될 수 있어서 수능시험이 제대로 잘 실현되는 것 같습니다.#@문장구분# 최근정부는 멘토링이나 자원 봉사와 같은 다른 방법으로 학생들이 대학 입학 포인트를 얻을 수 있도록 수능을 전면 개편하려고 시도했지만, 효과가 없었습니다.#@문장구분# 그러므로, 저는 현재의 평가 방식이 가장 객관적인 평가방식이 아니라고 생각합니다.#@문장구분# 저는 현재의 평가 방식이 교육의 정상화를 촉진하는 방향으로 이루어졌으면 합니다.#@문장구분# 논리적 사고력과 표현력을 바탕으로 한 지식의 습득과 탐구능력 등이 중요한평가 지표라 생각하지만 이걸 평가할 방법이 마땅하지 않습니다.#@문장구분# 수업을 통해 생각하는 능력을 기른 경험들을 해보고 현장에서 평가가 이뤄지니 어려움이 없다는 것이다.#@문장구분# 평가제도 자체가 아니라 수업 패러다임 자체가 바뀌어야 한다는 결론이 난다.#@문장구분# 하지만 현재의 교과서 검정체제에서는 성취기준이 복잡하다.#@문장구분# 교사들은 복잡한 성취기준에 맞춰 진도를 빼야한다.#@문장구분# 학생 참여형 수업이나 평가를 하려면 별도의 시간을 내야 하는게 현실이다.#@문장구분# 학생이 주도하는 참여형 수업이 이뤄지고 여기에 맞는 수행평가 방식의 평가가 필요하다.#@문장구분# 그러려면 교사의 전문성이 담보가 되야하고 교사 평가권에 대한 인정이 필요하다.#@문장구분# 이런것들이 담보가 안된 상태에서 수행평가만 한다는건 어려운 이야기다.#@문장구분# 그리고 교사별 평가 개념이 도입이 되고 실시가 되려면 교사들도 훈련이 돼있어야 한다고 생각한다.#@문장구분#",
      "paragraph_len": 1260,
      "paragraph_id": "001"
    }
  ],
  "score": {
    "paragraph_score": [
      {
        "paragraph_scoreT": [
          3,
          3,
          2.8
        ],
        "paragraph_scoreT_detail": {
          "paragraph_scoreT_exp": [
            [
              3,
              3,
              3
            ],
            [
              3,
              3,
              3
            ],
            [
              2,
              3,
              3
            ]
          ]
        },
        "paragraph_scoreT_avg": 2.9333334,
        "paragraph_id": "001"
      }
    ],
    "essay_scoreT": [
      24.5,
      27.2,
      28.2
    ],
    "essay_scoreT_avg": 26.633333,
    "essay_scoreT_detail": {
      "essay_scoreT_org": [
        [
          2,
          0,
          2,
          3
        ],
        [
          3,
          0,
          3,
          3
        ],
        [
          3,
          0,
          3,
          3
        ]
      ],
      "essay_scoreT_cont": [
        [
          2,
          2,
          2,
          3
        ],
        [
          3,
          2,
          2,
          2
        ],
        [
          3,
          2,
          3,
          3
        ]
      ],
      "essay_scoreT_exp": [
        [
          3,
          3,
          3
        ],
        [
          3,
          3,
          3
        ],
        [
          2,
          3,
          3
        ]
      ]
    }
  },
  "student": {
    "date": "2021.12.29",
    "student_educated": true,
    "student_grade": "고등_1학년",
    "location": "063",
    "student_grade_group": "고등",
    "student_reading": 2
  },
  "rubric": {
    "essay_grade": "고등_1학년",
    "organization_weight": {
      "org_paragraph": 0,
      "org": 3,
      "org_essay": 6,
      "org_coherence": 3,
      "org_quantity": 1
    },
    "essay_type": "주장",
    "content_weight": {
      "con_clearance": 3,
      "con_novelty": 3,
      "con": 4,
      "con_prompt": 1,
      "con_description": 3
    },
    "essay_main_subject": "평가에 대한 본인의 의견",
    "expression_weight": {
      "exp_style": 4,
      "exp_grammar": 2,
      "exp_vocab": 4,
      "exp": 3
    }
  },
  "correction": [],
  "info": {
    "essay_id": "ESSAY_84103",
    "essay_prompt": " 평가는 일반적으로 평가대상의 장점과 가치를 결정하는 과정을 말합니다.\n\n 세상에는 무수히 많은 평가 방법들이 존재하고 그 주제도 다양합니다.\n\n 우리나라의 경우는 어떨까요? 중간, 기말시험이 있고 미술과 같은 기본기와 창의성을 평가하는 과목도 있습니다. 체육과 같은 신체적인 능력을 평가하는 과목도 있지요. 모두 적절한 기준이 있으며 매우 객관적인 기준이라고 말합니다.\n\n 하지만 여러분이 생각하기에 모든 학생을 동일한 평가지표에 맞추어 평가하는 것이 올바른 방식이라고 생각하나요?\n\n 사람마다 특성이 존재하듯 각각의 목표 또한 다르고 성과도 다를 수 있습니다. 특정 기준에 의존해 본인의 성과도를 평가하는 것이 바르다고 생각되나요?\n\n 현재의 평가 방식은 최고의 객관적인 평가 방식이라고 생각하신다면 그 이유를 작성해주세요. 아니라면 어떤 평가 기준이 추가되어야 하고 또한 어떤 생각으로 평가가 이루어졌으면 좋겠는지 서술해 주세요.",
    "essay_type": "주장",
    "essay_level": "2",
    "essay_len": 922,
    "essay_main_subject": "평가에 대한 본인의 의견"
  }
}