{
  "paragraph": [
    {
      "paragraph_txt": "나는 코로나19 백신에 대한 특허권을 풀어야한다고 생각한다.#@문장구분# \n 몇몇 사람들은 제약회사들은 전염병이 터지면 약 1년에서 3년정도 백신을 제조하기 위해 우리의 상상을 초월하는 막대한 돈과 시간을 투자하기 때문에 백신에 대한 특허권을 보장해야 한다는 주장한다.#@문장구분# ",
      "paragraph_len": 184,
      "paragraph_id": "001"
    },
    {
      "paragraph_txt": " 하지만, 코로나19가 창궐한 상황에서 백신제조접을 전세계에 풀게되면 전세계 각국에서 백신을 제조하게 되어, 기존에 백신제조법보유국에서 백신이 배송되는 배송비도 들지 않고, 그만큼 시간도 소요되지 않기 때문에 훨씬 경제적이다.#@문장구분# 또한, 백신회사는 전세계적인 지지를 얻게 되고, 회사이미지가 크게 좋아지며, 공신력이 올라가 향후 수익에 큰 이익을 가져다줄 수 있다.#@문장구분# 또한, 백신 제조법을 특허로 계속 보호하고 있게된다면 백신을 몇몇 회사에서만 제조하게 되어 수요는 \n 자연스럽게 많아지고, 공급은 적어져 몇몇 제약회사들이 그 백신제조접을 독과점하여 백신값을 인상하\n 는 결과를 초래하게 된다.#@문장구분# 그러면 가난하거나 부유하지 않은 나라는 백신이 너무 비싸 구매를 못하게 \n 된다,#@문장구분# 이럴 때 백신제조법을 보유하고 있는 제약회사들이 백신제조에 관한 특허권을 풀게 된다면 가난\n 한 나라를 포함하여 전세계 각국에서 백신을 자유롭게 제조하여 빠르고 더 경제적으로 백신을 접종할수\n 있게 될 것이다.#@문장구분# 또한, 특허권 인정은 제약회사 사이의 비밀주의를 강화하여 부정적인 결과를 초래할 수 있다.#@문장구분# 특허권을 획득하기 위해 연구과정과 결과를 비밀로 부치는 비밀주의가 강화되면 미래의 과학연구와 혁신이 저해되는 결과가 발생할수있기 때문이다.#@문장구분# 우리나라가 의료용 면봉에 대한 \n 특허권을 인정하지 않아 코로나 사태속에서 공익이 증진된 사례가 있기 때문에 \n 특허권을 푸는 것이 맞다고 본다#@문장구분#",
      "paragraph_len": 863,
      "paragraph_id": "002"
    }
  ],
  "score": {
    "paragraph_score": [
      {
        "paragraph_scoreT": [
          2.8,
          3,
          2
        ],
        "paragraph_scoreT_detail": {
          "paragraph_scoreT_exp": [
            [
              2,
              3,
              3
            ],
            [
              3,
              3,
              3
            ],
            [
              2,
              2,
              2
            ]
          ]
        },
        "paragraph_scoreT_avg": 2.6000001,
        "paragraph_id": "001"
      },
      {
        "paragraph_scoreT": [
          2.8,
          3,
          2
        ],
        "paragraph_scoreT_detail": {
          "paragraph_scoreT_exp": [
            [
              2,
              3,
              3
            ],
            [
              3,
              3,
              3
            ],
            [
              2,
              2,
              2
            ]
          ]
        },
        "paragraph_scoreT_avg": 2.6000001,
        "paragraph_id": "002"
      }
    ],
    "essay_scoreT": [
      29.4,
      28.8,
      24.800001
    ],
    "essay_scoreT_avg": 27.666666,
    "essay_scoreT_detail": {
      "essay_scoreT_org": [
        [
          3,
          3,
          3,
          3
        ],
        [
          3,
          3,
          3,
          3
        ],
        [
          2,
          2,
          3,
          3
        ]
      ],
      "essay_scoreT_cont": [
        [
          3,
          3,
          3,
          3
        ],
        [
          3,
          2,
          3,
          3
        ],
        [
          3,
          3,
          2,
          3
        ]
      ],
      "essay_scoreT_exp": [
        [
          2,
          3,
          3
        ],
        [
          3,
          3,
          3
        ],
        [
          2,
          2,
          2
        ]
      ]
    }
  },
  "student": {
    "date": "2021.09.06",
    "student_educated": true,
    "student_grade": "고등_2학년",
    "location": "051",
    "student_grade_group": "고등",
    "student_reading": 1
  },
  "rubric": {
    "essay_grade": "고등_2학년",
    "organization_weight": {
      "org_paragraph": 3,
      "org": 3,
      "org_essay": 3,
      "org_coherence": 3,
      "org_quantity": 1
    },
    "essay_type": "주장",
    "content_weight": {
      "con_clearance": 3,
      "con_novelty": 3,
      "con": 4,
      "con_prompt": 1,
      "con_description": 3
    },
    "essay_main_subject": "지적 재산권에 대한 본인의 생각 작성",
    "expression_weight": {
      "exp_style": 4,
      "exp_grammar": 2,
      "exp_vocab": 4,
      "exp": 3
    }
  },
  "correction": [],
  "info": {
    "essay_id": "ESSAY_35661",
    "essay_prompt": " 지적재산권이란 특허권, 실용신안권, 상표권, 디자인권을 총칭하는 개념으로 지적재산권법은 정보생산자에게 일정기간 동안 시장에서의 배타적 지위를 부여하고 있습니다.\n\n 즉, 지적 재산권은 특정 사람이 생각/창작해낸 것을 다른사람들의 무분별한 이용으로 부터 지켜주는 것입니다. 이러한 지적재산권은 개인 혹은 회사 더 나아가 나라에 귀속될 수 있습니다.\n\n 다만, 코로나 시대인 요즘 전 세계적인 재앙인 코로나를 물리칠 수 있는 백신에 대한 지적재산권을 자유롭게 풀어야한다는 의견이 계속해서 나오고 있습니다. \n\n 지적 재산권이 있는 제약회사가 있는 나라의 경우 백신이 충분하며 백신을 맞는 것이 선택의 문제인 반면, 그렇지 못한 나라는 백신을 맞고 싶어도 맞지 못하는 사람들이 많고 항체가 없어 사망하는 경우도 비교적 많이 때문입니다.\n\n 전 세계의 문제를 해결하기 위해 수 많은 돈을 들여 개발한 백신의 지적재산권을 공유하는 것이 의무화 되어야 할까요? 아니면 회사의 선택에 맡겨야할까요? 보상은 어떻게 해야할까요? \n\n 전 세계에 무상으로 공개 해야 한다는 의견이 있을 수도 있고 무상으로 공개한 회사의 경우 팬더믹 상황이 종결 된 후 따로 보상을 해주어야 한다는 의견도 있을 겁니다. 지적재산권의 변하지 않는 신뢰를 위해서라도 무상 공개는 절대 있어서는 안된다는 의견도 있을 것입니다.\n\n 지금까지도 펜더믹 상황에서 코로나19 백신에 대한 특허권을 보장해야 하느냐 풀어야 하느냐 의견이 분분합니다. 이에 대한 자신의 주장을 작성해주세요. 또한, 그렇게 생각한 이유도 설명해주세요.",
    "essay_type": "주장",
    "essay_level": "1",
    "essay_len": 849,
    "essay_main_subject": "지적 재산권에 대한 본인의 생각 작성"
  }
}