{
  "paragraph": [
    {
      "paragraph_txt": "평가에 대한 개념은 문헌마다 조금씩 다르나, 양적 및 질적인 특성을 파악한 후 가치판단을 통하여 미래 방향을 설정해 주는 특징으로 설명됩니다.#@문장구분# 평가의 목적은 선별(screening)을 목적으로 하는 평가, 분류 및 배치 결정을 목적으로 하는 평가, 학생의 발달 정도를 결정하기 위한 평가, 프로그램 구성이나 교수 결정을 위한 평가, 프로그램의 효과를 알기 위한 평가로 분류할 수 있습니다.#@문장구분# 보통 평가라 하면 기준에 따른 한 개인에 대한 것을 떠올립니다.#@문장구분# 즉, 평가의 목적 중 학생의 발달 정도를 결정하기 위한 평가, 흔히 말하는 중간고사, 기말고사 등 학교에서 시행하는 시험들입니다.#@문장구분# 흔하게 학생 때부터 시험이라는 것을 통해 자신이 학교를 다니면서 들었던 수업의 성취도를 평가하는 것을 경험해왔습니다.#@문장구분# 하지만 이런 시험이라는 것은 사교육을 통해 억지로 성취도를 올리게 되며 사교육을 이용하지 않는 학생들은 그렇게 하는 학생들과는 성취도가 차이가 발생하게 되는 경우가 생기게 됩니다.#@문장구분# 애초부터 출발선이 같지 않다면 서로를 비교하게 되는 시험이라는 것도 올바른 것인지 의심하게 됩니다.#@문장구분# 또한, 학생들의 발달 정도를 결정하기 위한 목적이라고는 하지만 초중고의 교육과정을 거쳐서 결국 대학 진학이라는 목표에 도달하는 것이 시험의 목적이 아닌가 생각되고 이런 일련의 과정 중에서 학생들은 커다란 스트레스를 받게 됩니다.#@문장구분# 그래서 자신의 능력을 의심하게 되고 결국엔 부정적인 결과를 불러일으킬 수도 있습니다.#@문장구분# 이렇게 공정하지 않고 당사자에게 큰 압박을 주는 평가는 개개인을 무엇이라 말하기에는 부적절하다고 생각합니다.#@문장구분#",
      "paragraph_len": 986,
      "paragraph_id": "001"
    }
  ],
  "score": {
    "paragraph_score": [
      {
        "paragraph_scoreT": [
          3,
          3,
          3
        ],
        "paragraph_scoreT_detail": {
          "paragraph_scoreT_exp": [
            [
              3,
              3,
              3
            ],
            [
              3,
              3,
              3
            ],
            [
              3,
              3,
              3
            ]
          ]
        },
        "paragraph_scoreT_avg": 3,
        "paragraph_id": "001"
      }
    ],
    "essay_scoreT": [
      26.900002,
      24.2,
      30
    ],
    "essay_scoreT_avg": 27.033335,
    "essay_scoreT_detail": {
      "essay_scoreT_org": [
        [
          3,
          0,
          3,
          2
        ],
        [
          2,
          0,
          3,
          3
        ],
        [
          3,
          0,
          3,
          3
        ]
      ],
      "essay_scoreT_cont": [
        [
          2,
          2,
          2,
          3
        ],
        [
          3,
          1,
          2,
          2
        ],
        [
          3,
          3,
          3,
          3
        ]
      ],
      "essay_scoreT_exp": [
        [
          3,
          3,
          3
        ],
        [
          3,
          3,
          3
        ],
        [
          3,
          3,
          3
        ]
      ]
    }
  },
  "student": {
    "date": "2021.12.21",
    "student_educated": true,
    "student_grade": "고등_1학년",
    "location": "054",
    "student_grade_group": "고등",
    "student_reading": 1
  },
  "rubric": {
    "essay_grade": "고등_1학년",
    "organization_weight": {
      "org_paragraph": 0,
      "org": 3,
      "org_essay": 6,
      "org_coherence": 3,
      "org_quantity": 1
    },
    "essay_type": "주장",
    "content_weight": {
      "con_clearance": 3,
      "con_novelty": 3,
      "con": 4,
      "con_prompt": 1,
      "con_description": 3
    },
    "essay_main_subject": "평가에 대한 본인의 의견",
    "expression_weight": {
      "exp_style": 4,
      "exp_grammar": 2,
      "exp_vocab": 4,
      "exp": 3
    }
  },
  "correction": [],
  "info": {
    "essay_id": "ESSAY_83349",
    "essay_prompt": " 평가는 일반적으로 평가대상의 장점과 가치를 결정하는 과정을 말합니다.\n\n 세상에는 무수히 많은 평가 방법들이 존재하고 그 주제도 다양합니다.\n\n 우리나라의 경우는 어떨까요? 중간, 기말시험이 있고 미술과 같은 기본기와 창의성을 평가하는 과목도 있습니다. 체육과 같은 신체적인 능력을 평가하는 과목도 있지요. 모두 적절한 기준이 있으며 매우 객관적인 기준이라고 말합니다.\n\n 하지만 여러분이 생각하기에 모든 학생을 동일한 평가지표에 맞추어 평가하는 것이 올바른 방식이라고 생각하나요?\n\n 사람마다 특성이 존재하듯 각각의 목표 또한 다르고 성과도 다를 수 있습니다. 특정 기준에 의존해 본인의 성과도를 평가하는 것이 바르다고 생각되나요?\n\n 현재의 평가 방식은 최고의 객관적인 평가 방식이라고 생각하신다면 그 이유를 작성해주세요. 아니라면 어떤 평가 기준이 추가되어야 하고 또한 어떤 생각으로 평가가 이루어졌으면 좋겠는지 서술해 주세요.",
    "essay_type": "주장",
    "essay_level": "2",
    "essay_len": 786,
    "essay_main_subject": "평가에 대한 본인의 의견"
  }
}