{
  "paragraph": [
    {
      "paragraph_txt": "나는 우리나라가 학생들을 평가하는 방식이 객관적이지는 않다고 생각한다.#@문장구분# 내가 다니고 있는 학교는 사립학교로 재단에서 운영하는 학교이다.#@문장구분# 그래서 그런지 다른 국립고등학교에 비해서 더 공부를 잘하는 아이들과 잘하지 않는 아이들 사이의 차별대우가 심하고 특정 아이들에게만 더 잘 관리해주는 등의 문제가 발생하고 있고 있었다고 알고 있다.#@문장구분# 이러한 불평등한 대우는 절대 객관적인 기준이라고 말할 수 없다. #@문장구분#특히나 고등학교에서도 인서울, 특히 서울에 있는 대학교 중에서도 좋은 학교를 보내기 위해 학교에서 공부를 잘하는 아이들을 대우해주고 관리해주어야 좋은 대학교를 보낼 수 있기 때문에 더 많이 봐주는 것도 있다고 생각한다.#@문장구분# 하지만, 이렇게 차별대우와 주관적인 감정으로 더 잘해주고 있는데, 자신들이 객관적으로 평가하고 있다고 이야기 하는 것은 엄청난 문제이자 적폐라고 생각한다.#@문장구분# 그래서 이런 문제를 해결하기 위해서 우리나라가 강요하는 인식부터 바꿔야 한다고 생각한다.#@문장구분# 사실 학생이 좋은 성적을 받고 선생님이 좋은 점수를 줄 수밖에 없는 이유는 우리나라가 강요하는 좋은 대학 그리고 사람들의 학벌주의로 인한 문제 때문에 발생했다고 생각한다. #@문장구분#그래서 교육청이 올바르고 문제가 되지 않도록 하기 위한 학교의 목표와 기준을 만들고 서울에 있는 대학에 꼭 가야한다는 인식을 바꾸어야 한다고 생각한다.#@문장구분# 이렇게 교육의 목표를 아예 바꾸어서 학생들도 공부만이 성공하는 길이라는 인식을 없애고 선생님들과 부모님도 학생에게 무조건 공부를 강요하지 않는 상황을 만들어 정말 자신이 하고 싶은 일이 무엇인지 자체적으로 알아볼 수 있는 교육을 한다면 좋을 것이라고 생각한다.#@문장구분# 우리나라가 유독 더 공부만을 해야 성공할 수 있다는 인식이 강하게 있는데, 이런 인식을 변화시키기 위해 노력해야 한다고 생각한다.#@문장구분#",
      "paragraph_len": 1101,
      "paragraph_id": "001"
    }
  ],
  "score": {
    "paragraph_score": [
      {
        "paragraph_scoreT": [
          1.6,
          2.4,
          2.4
        ],
        "paragraph_scoreT_detail": {
          "paragraph_scoreT_exp": [
            [
              2,
              1,
              2
            ],
            [
              2,
              2,
              3
            ],
            [
              2,
              2,
              3
            ]
          ]
        },
        "paragraph_scoreT_avg": 2.1333334,
        "paragraph_id": "001"
      }
    ],
    "essay_scoreT": [
      20.3,
      26.100002,
      26.100002
    ],
    "essay_scoreT_avg": 24.166666,
    "essay_scoreT_detail": {
      "essay_scoreT_org": [
        [
          2,
          0,
          2,
          3
        ],
        [
          3,
          0,
          2,
          3
        ],
        [
          3,
          0,
          2,
          3
        ]
      ],
      "essay_scoreT_cont": [
        [
          3,
          2,
          2,
          2
        ],
        [
          3,
          3,
          3,
          2
        ],
        [
          3,
          2,
          3,
          3
        ]
      ],
      "essay_scoreT_exp": [
        [
          2,
          1,
          2
        ],
        [
          2,
          2,
          3
        ],
        [
          2,
          2,
          3
        ]
      ]
    }
  },
  "student": {
    "date": "2021.12.24",
    "student_educated": true,
    "student_grade": "고등_1학년",
    "location": "054",
    "student_grade_group": "고등",
    "student_reading": 1
  },
  "rubric": {
    "essay_grade": "고등_1학년",
    "organization_weight": {
      "org_paragraph": 0,
      "org": 3,
      "org_essay": 6,
      "org_coherence": 3,
      "org_quantity": 1
    },
    "essay_type": "주장",
    "content_weight": {
      "con_clearance": 3,
      "con_novelty": 3,
      "con": 4,
      "con_prompt": 1,
      "con_description": 3
    },
    "essay_main_subject": "평가에 대한 본인의 의견",
    "expression_weight": {
      "exp_style": 4,
      "exp_grammar": 2,
      "exp_vocab": 4,
      "exp": 3
    }
  },
  "correction": [],
  "info": {
    "essay_id": "ESSAY_78521",
    "essay_prompt": " 평가는 일반적으로 평가대상의 장점과 가치를 결정하는 과정을 말합니다.\n\n 세상에는 무수히 많은 평가 방법들이 존재하고 그 주제도 다양합니다.\n\n 우리나라의 경우는 어떨까요? 중간, 기말시험이 있고 미술과 같은 기본기와 창의성을 평가하는 과목도 있습니다. 체육과 같은 신체적인 능력을 평가하는 과목도 있지요. 모두 적절한 기준이 있으며 매우 객관적인 기준이라고 말합니다.\n\n 하지만 여러분이 생각하기에 모든 학생을 동일한 평가지표에 맞추어 평가하는 것이 올바른 방식이라고 생각하나요?\n\n 사람마다 특성이 존재하듯 각각의 목표 또한 다르고 성과도 다를 수 있습니다. 특정 기준에 의존해 본인의 성과도를 평가하는 것이 바르다고 생각되나요?\n\n 현재의 평가 방식은 최고의 객관적인 평가 방식이라고 생각하신다면 그 이유를 작성해주세요. 아니라면 어떤 평가 기준이 추가되어야 하고 또한 어떤 생각으로 평가가 이루어졌으면 좋겠는지 서술해 주세요.",
    "essay_type": "주장",
    "essay_level": "2",
    "essay_len": 882,
    "essay_main_subject": "평가에 대한 본인의 의견"
  }
}