{
  "paragraph": [
    {
      "paragraph_txt": "저는 지금 평가하는 부분에 대해서 바뀌어야 하는 부분이 많이 있다고 생각합니다.#@문장구분# 저희 사촌형은 공무원이고 3번의 낙방 끝에 공무원이 될 수 있었다고 합니다.#@문장구분# 저의 부모님께서도 제가 공무원을 하시기를 원하시면 안정된 직장에 나라 일을 할 수 있다는 점을 내세우면 지금 학업을 병행하면서 공무원 공부도 하고 있습니다.#@문장구분# 제가 도전하고 있는 분야는 9급 일반 행정입니다.#@문장구분# 공통과목은 국어, 영어, 한국사이고 전문 과목은 행정법총론, 행정학개론입니다. #@문장구분#공무원 준비를 하면서 왜 국어, 영어, 한국사에 대해서 공통과목으로 시험을 보는지에 대해서 의문입니다.#@문장구분# 많은 과목들 중에서 국어, 영어, 한국사를 봐야하는지에 대해서 명확하게 설명해주는 사람이 없습니다. #@문장구분#또한 코로나와 안정적인 직장을 원하는 젊은 사람들이 많아서져 매년 공무원 시험 응시자가 늘어나는 가운데, 지엽적이고 단편적인 지식을 묻는 현행 공무원시험에 대한 불만이 커지고 있습니다.#@문장구분# 저희 사촌형도 3수 끝에 공무원이 되었을 때 많은 불만이 있었습니다.#@문장구분# 예를 들어서 영어시험때 미뢰라는 단어가 나왔는데 과학적특징을 해설하는 문제 였는데 내가 살면서 미뢰라는 단어를 처음 들어봤으며, 죽기전까지 과연 미뢰라는 단어를 쓸까?#@문장구분# 일반적이나 생활적인 영어가 아닌 이런 과학적특징을 설명하는 문제를 왜 풀고 있는지 모르겠다고 하며, 이러한 적합한 소양이나 직무 능력에 대한 평가가 아니라 공무원 시험에 사람들이 하도 많이 응시하니깐 응시자를 걸러내기 위해서 변별력만 감안해 출제한거 같다며 억울해 하였습니다.#@문장구분# 이러한 문제를 내는 평가원들이 제대로 된 평가를 하고 있는지 궁금합니다.#@문장구분#",
      "paragraph_len": 1034,
      "paragraph_id": "001"
    }
  ],
  "score": {
    "paragraph_score": [
      {
        "paragraph_scoreT": [
          3,
          2.4,
          2.8
        ],
        "paragraph_scoreT_detail": {
          "paragraph_scoreT_exp": [
            [
              3,
              3,
              3
            ],
            [
              2,
              3,
              2
            ],
            [
              2,
              3,
              3
            ]
          ]
        },
        "paragraph_scoreT_avg": 2.7333333,
        "paragraph_id": "001"
      }
    ],
    "essay_scoreT": [
      30,
      26.100002,
      28.2
    ],
    "essay_scoreT_avg": 28.1,
    "essay_scoreT_detail": {
      "essay_scoreT_org": [
        [
          3,
          0,
          3,
          3
        ],
        [
          3,
          0,
          2,
          3
        ],
        [
          3,
          0,
          3,
          3
        ]
      ],
      "essay_scoreT_cont": [
        [
          3,
          3,
          3,
          3
        ],
        [
          3,
          2,
          3,
          3
        ],
        [
          2,
          3,
          3,
          3
        ]
      ],
      "essay_scoreT_exp": [
        [
          3,
          3,
          3
        ],
        [
          2,
          3,
          2
        ],
        [
          2,
          3,
          3
        ]
      ]
    }
  },
  "student": {
    "date": "2021.12.18",
    "student_educated": true,
    "student_grade": "고등_1학년",
    "location": "063",
    "student_grade_group": "고등",
    "student_reading": 1
  },
  "rubric": {
    "essay_grade": "고등_1학년",
    "organization_weight": {
      "org_paragraph": 0,
      "org": 3,
      "org_essay": 6,
      "org_coherence": 3,
      "org_quantity": 1
    },
    "essay_type": "주장",
    "content_weight": {
      "con_clearance": 3,
      "con_novelty": 3,
      "con": 4,
      "con_prompt": 1,
      "con_description": 3
    },
    "essay_main_subject": "평가에 대한 본인의 의견",
    "expression_weight": {
      "exp_style": 4,
      "exp_grammar": 2,
      "exp_vocab": 4,
      "exp": 3
    }
  },
  "correction": [],
  "info": {
    "essay_id": "ESSAY_78350",
    "essay_prompt": " 평가는 일반적으로 평가대상의 장점과 가치를 결정하는 과정을 말합니다.\n\n 세상에는 무수히 많은 평가 방법들이 존재하고 그 주제도 다양합니다.\n\n 우리나라의 경우는 어떨까요? 중간, 기말시험이 있고 미술과 같은 기본기와 창의성을 평가하는 과목도 있습니다. 체육과 같은 신체적인 능력을 평가하는 과목도 있지요. 모두 적절한 기준이 있으며 매우 객관적인 기준이라고 말합니다.\n\n 하지만 여러분이 생각하기에 모든 학생을 동일한 평가지표에 맞추어 평가하는 것이 올바른 방식이라고 생각하나요?\n\n 사람마다 특성이 존재하듯 각각의 목표 또한 다르고 성과도 다를 수 있습니다. 특정 기준에 의존해 본인의 성과도를 평가하는 것이 바르다고 생각되나요?\n\n 현재의 평가 방식은 최고의 객관적인 평가 방식이라고 생각하신다면 그 이유를 작성해주세요. 아니라면 어떤 평가 기준이 추가되어야 하고 또한 어떤 생각으로 평가가 이루어졌으면 좋겠는지 서술해 주세요.",
    "essay_type": "주장",
    "essay_level": "2",
    "essay_len": 794,
    "essay_main_subject": "평가에 대한 본인의 의견"
  }
}