{
  "paragraph": [
    {
      "paragraph_txt": "평가는 평가대상의 가치를 나눔과 동시에 그것으로 순위를 정하는 일이다.#@문장구분# 나는 교육평가의 가장 핵심적인 평가항목은 목표달성도 확인이라고 생각한다.#@문장구분# 목표달성 중심은 교육평가를 교육과정과 수업 활동을 통해 교육목표가 실제로 도달된 정도를 결정하는 과정으로 규정한다.#@문장구분# 여기서 주목해봐야 할 부분은 교육평가는 교육목표의 달성이 '교육과정과 수업 활동을 통해' 잘 이루어졌는지를 평가한다는 점이다.#@문장구분# 이 말인즉슨, 나는 평가는 모든 학생들이 다 받을 수 있는 공교육, 학교 수업만으로도 교육목표가 달성되는지를 확인 해야한다고 생각한다.#@문장구분# 사교육이 기승을 부리고 있는 가운데 ' 수학능력시험은 교육평가의 정의를 제대로 실현하고 있다고 생각하는가?'라는 질문에 대해 나는 아니라고 말할 것이다.#@문장구분# 요즘에는 정말 많은 학생들이 자신의 부족한 부분을 보충하기 위해 선택적으로 실시한다는 사교육의 근본적인 목적과는 달리, 요즘은 사교육으로 학교 수업을 대신하는 등의 공교육보다 사교육이 필수인 시대가 되었다.#@문장구분# 그에 대한 해결방안으로 대학수학능력시험부터 사교육을 억제하고 공교육을 정상화한다는 지침에 따라 한국교육과정평가원에서 감수하고 대학수학능력시험에는 수능특강, 수능완성과 같은 연계 교재도 출시되었지만 그 연계 수준은 점점 낮아지고 있다.#@문장구분# 이렇게 된다면 공교육의 결과를 평가하기 위한 항목이었던 수학능력시험은 결국에는 사교육에 따라 달라지는 것이 아닐까 라는 생각을 해본다.#@문장구분# 따라서 '공교육의 목표달성도를 결정하는 과정'이라는 교육평가의 정의에 수학능력시험이라는 지표는 부합하지 않으므로 그 정의를 제대로 실현하고 있다고 생각하지 않으며 사교육을 줄이는 것은 실질적으로 어려운 일이니 다시 수능 출제를 위한 연계율을 높이는 것이 맞다고 본다.#@문장구분#",
      "paragraph_len": 1051,
      "paragraph_id": "001"
    }
  ],
  "score": {
    "paragraph_score": [
      {
        "paragraph_scoreT": [
          3,
          3,
          3
        ],
        "paragraph_scoreT_detail": {
          "paragraph_scoreT_exp": [
            [
              3,
              3,
              3
            ],
            [
              3,
              3,
              3
            ],
            [
              3,
              3,
              3
            ]
          ]
        },
        "paragraph_scoreT_avg": 3,
        "paragraph_id": "001"
      }
    ],
    "essay_scoreT": [
      28.8,
      28.8,
      28.4
    ],
    "essay_scoreT_avg": 28.666666,
    "essay_scoreT_detail": {
      "essay_scoreT_org": [
        [
          3,
          0,
          3,
          3
        ],
        [
          3,
          0,
          3,
          3
        ],
        [
          3,
          0,
          3,
          3
        ]
      ],
      "essay_scoreT_cont": [
        [
          3,
          2,
          3,
          3
        ],
        [
          3,
          2,
          3,
          3
        ],
        [
          2,
          3,
          2,
          3
        ]
      ],
      "essay_scoreT_exp": [
        [
          3,
          3,
          3
        ],
        [
          3,
          3,
          3
        ],
        [
          3,
          3,
          3
        ]
      ]
    }
  },
  "student": {
    "date": "2021.12.20",
    "student_educated": true,
    "student_grade": "고등_1학년",
    "location": "063",
    "student_grade_group": "고등",
    "student_reading": 1
  },
  "rubric": {
    "essay_grade": "고등_1학년",
    "organization_weight": {
      "org_paragraph": 0,
      "org": 3,
      "org_essay": 6,
      "org_coherence": 3,
      "org_quantity": 1
    },
    "essay_type": "주장",
    "content_weight": {
      "con_clearance": 3,
      "con_novelty": 3,
      "con": 4,
      "con_prompt": 1,
      "con_description": 3
    },
    "essay_main_subject": "평가에 대한 본인의 의견",
    "expression_weight": {
      "exp_style": 4,
      "exp_grammar": 2,
      "exp_vocab": 4,
      "exp": 3
    }
  },
  "correction": [],
  "info": {
    "essay_id": "ESSAY_71855",
    "essay_prompt": " 평가는 일반적으로 평가대상의 장점과 가치를 결정하는 과정을 말합니다.\n\n 세상에는 무수히 많은 평가 방법들이 존재하고 그 주제도 다양합니다.\n\n 우리나라의 경우는 어떨까요? 중간, 기말시험이 있고 미술과 같은 기본기와 창의성을 평가하는 과목도 있습니다. 체육과 같은 신체적인 능력을 평가하는 과목도 있지요. 모두 적절한 기준이 있으며 매우 객관적인 기준이라고 말합니다.\n\n 하지만 여러분이 생각하기에 모든 학생을 동일한 평가지표에 맞추어 평가하는 것이 올바른 방식이라고 생각하나요?\n\n 사람마다 특성이 존재하듯 각각의 목표 또한 다르고 성과도 다를 수 있습니다. 특정 기준에 의존해 본인의 성과도를 평가하는 것이 바르다고 생각되나요?\n\n 현재의 평가 방식은 최고의 객관적인 평가 방식이라고 생각하신다면 그 이유를 작성해주세요. 아니라면 어떤 평가 기준이 추가되어야 하고 또한 어떤 생각으로 평가가 이루어졌으면 좋겠는지 서술해 주세요.",
    "essay_type": "주장",
    "essay_level": "2",
    "essay_len": 852,
    "essay_main_subject": "평가에 대한 본인의 의견"
  }
}