{
  "paragraph": [
    {
      "paragraph_txt": "평가는 필요하다.#@문장구분# 너무나도 필요한 것이라고 생각한다.#@문장구분# 왜냐하면 평가를 통해 자신이 무엇이 아직 미숙한지 알 수 있다.#@문장구분# 하지만 반대로 자신이 무엇을 잘 하는지 알 수 있어서 자기 자신에 대해 알 수 있는 아주 좋은 방법이라고 생각한다.#@문장구분#하지만 우리나라의 평가 방법은 너무나 잔혹하다.#@문장구분# 미국은 시험을 일주일에 한 번이였나?#@문장구분# 그런 식으로 평가를 수시로 하여 자신을 알아간다.#@문장구분# 하지만 우리나라는 일 년에 시험을 4번 밖에 보지 않는다.#@문장구분# 이 차이는 나는 너무나 큰 차이라고 생각한다.#@문장구분# 한국의 시험은 시험 기간에만 공부하는 식으로도 좋은 점수를 맞을 수 있다.#@문장구분# 하지만 이렇게 된다면 평소에도 공부를 열심히 하는 학생들은 불공평함을 느껴 항의를 하여 시험 난이도가 높아질 수도 있다.#@문장구분# 하지만 이렇게 되면 시험기간에만 공부하는 얘들이 아예 공부를 하지 않게 되어 시험의 평균 성적이 안 좋아지게 된다.#@문장구분# 그렇게 된다면 학교는 그 문제를 학생들에게서 찾는 것이 아닌 교사에게서 찾게 될 것이다.#@문장구분# 시험을 평소대로 낸 교사들은 갑자기 시험 성적이 많이 떨어졌다.#@문장구분# 교사가 잘 못 가르친게 아닌가 라는 소리를 듣게 된다.#@문장구분# 교사도 사람인지라 그러한 소리를 매 시험마다 들으면 버티기 힘들기 때문에 시험의 질이 낮아지게 된다.#@문장구분# 그렇게 된다면 우리나라 청소년들의 두뇌는 점점 뇌의 주름이 없어질 것이다.#@문장구분# 그렇기 때문에 우리나라도 2주나 한달에 한 번씩 쪽지 시험을 봐서 이 한달간 공부한걸 잘 이해하고 있을까 라는 것을 평가해 봐야한다.#@문장구분# 그래서 평가는 인간 역사상 빠질수 없는 방법이라고 생각한다.#@문장구분# 지금의 평가 방법이 문제가 있다고 생각하면 그 방법을 조금씩 수정해 나가는 방향을 채택해야지 평가 방법이 잘못되었다고 평가 자체를 바꿔버리는 것은 말이 안된다고 생각한다.#@문장구분#",
      "paragraph_len": 1260,
      "paragraph_id": "001"
    }
  ],
  "score": {
    "paragraph_score": [
      {
        "paragraph_scoreT": [
          3,
          2,
          2
        ],
        "paragraph_scoreT_detail": {
          "paragraph_scoreT_exp": [
            [
              3,
              3,
              3
            ],
            [
              2,
              2,
              2
            ],
            [
              2,
              2,
              2
            ]
          ]
        },
        "paragraph_scoreT_avg": 2.3333333,
        "paragraph_id": "001"
      }
    ],
    "essay_scoreT": [
      30,
      24,
      22.400002
    ],
    "essay_scoreT_avg": 25.466667,
    "essay_scoreT_detail": {
      "essay_scoreT_org": [
        [
          3,
          0,
          3,
          3
        ],
        [
          2,
          0,
          3,
          3
        ],
        [
          2,
          0,
          3,
          3
        ]
      ],
      "essay_scoreT_cont": [
        [
          3,
          3,
          3,
          3
        ],
        [
          2,
          3,
          3,
          3
        ],
        [
          3,
          2,
          2,
          2
        ]
      ],
      "essay_scoreT_exp": [
        [
          3,
          3,
          3
        ],
        [
          2,
          2,
          2
        ],
        [
          2,
          2,
          2
        ]
      ]
    }
  },
  "student": {
    "date": "2021.12.16",
    "student_educated": true,
    "student_grade": "고등_1학년",
    "location": "063",
    "student_grade_group": "고등",
    "student_reading": 3
  },
  "rubric": {
    "essay_grade": "고등_1학년",
    "organization_weight": {
      "org_paragraph": 0,
      "org": 3,
      "org_essay": 6,
      "org_coherence": 3,
      "org_quantity": 1
    },
    "essay_type": "주장",
    "content_weight": {
      "con_clearance": 3,
      "con_novelty": 3,
      "con": 4,
      "con_prompt": 1,
      "con_description": 3
    },
    "essay_main_subject": "평가에 대한 본인의 의견",
    "expression_weight": {
      "exp_style": 4,
      "exp_grammar": 2,
      "exp_vocab": 4,
      "exp": 3
    }
  },
  "correction": [],
  "info": {
    "essay_id": "ESSAY_65974",
    "essay_prompt": " 평가는 일반적으로 평가대상의 장점과 가치를 결정하는 과정을 말합니다.\n\n 세상에는 무수히 많은 평가 방법들이 존재하고 그 주제도 다양합니다.\n\n 우리나라의 경우는 어떨까요? 중간, 기말시험이 있고 미술과 같은 기본기와 창의성을 평가하는 과목도 있습니다. 체육과 같은 신체적인 능력을 평가하는 과목도 있지요. 모두 적절한 기준이 있으며 매우 객관적인 기준이라고 말합니다.\n\n 하지만 여러분이 생각하기에 모든 학생을 동일한 평가지표에 맞추어 평가하는 것이 올바른 방식이라고 생각하나요?\n\n 사람마다 특성이 존재하듯 각각의 목표 또한 다르고 성과도 다를 수 있습니다. 특정 기준에 의존해 본인의 성과도를 평가하는 것이 바르다고 생각되나요?\n\n 현재의 평가 방식은 최고의 객관적인 평가 방식이라고 생각하신다면 그 이유를 작성해주세요. 아니라면 어떤 평가 기준이 추가되어야 하고 또한 어떤 생각으로 평가가 이루어졌으면 좋겠는지 서술해 주세요.",
    "essay_type": "주장",
    "essay_level": "2",
    "essay_len": 861,
    "essay_main_subject": "평가에 대한 본인의 의견"
  }
}