{
  "paragraph": [
    {
      "paragraph_txt": "최근 코로나 시대가 끝나지 않고 지속되고 있는 가운데 지적재산권에 대한 문제가 두드러지고 있습니다. #@문장구분#지적재산권이란 특허권, 실용신안권, 상표권, 디자인권을 총칭하는 개념입니다. #@문장구분#저는 코로나 19 백신에 대한 특허권을 풀어야 한다고 생각합니다. #@문장구분#첫 번째로 많은 사람들의 목숨이 죽어가고 있으며 많은 사람들이 코로나 확진 판정을 받고 있습니다. #@문장구분#국내에서는 하루에 1천 명이 넘는 수가 확진 판정을 받고 있으며 세계에서도 몇천 명에서 몇만 명에 이르는 수가 확진 판정을 받고 있습니다.#@문장구분# 이런 펜더믹(전 세계적인 유행병) 상황에서 코로나19 백신에 대한 특허권을 보장한다면 몇몇 나라가 백신에 대한 독점권을 가지게 될 것입니다. #@문장구분#두 번째로 백신 확보에서 뒤처졌던 많은 국가들이 백신을 적극적으로 확보하는 과정에 주목하면서 저소득 국가가 소외될 수 있습니다.#@문장구분# 국제 비영리 보건기구 카이저패밀리재단(KFF)의 자료에 따르면 부자 나라들(1인당 GNI(국민총소득)이 12,356$ 이상)은 전 세계 성인 인구의 오직 19%만 차지하지만 전 세계 백신 수량의 54%를 사들인 것으로 밝혀졌고, 부자 나라들은 자국 인구의 두 배를 접종시킬 만큼 물량을 확보한 반면 (245%) 중, 저소득 국가들은 인구의 1/3에게 접종할 물량밖에 구하지 못했다고 합니다. #@문장구분# 마지막으로 불평등한 백신 접근성으로 인한 선진국과 개발 도상국과의 백신이 불공정하게 분배될 수 있습니다. #@문장구분#물론 선진국들이 기부하거나 빌려주면 된다고 생각하실 수도 있습니다. #@문장구분#실제로 미국은 캐나다와 멕시코에 나중에 갚을 것을 전제로 백신을 빌려주었고, 미국 바이든 대통령은 민주주의의 무기고가 되겠다고 선언했다. #@문장구분#하지만 이런 공여 행위는 미국인들이 충분히 예방주사를 맞은 다음의 일이었습니다. #@문장구분#사실 세계보건기구는 코로나19 유행 초기에 코로나 기술접근 풀이라는 플랫폼을 구축했습니다. #@문장구분#제조업자들이 자발적으로 기술특허를 공유해서, 보다 빠르고 널리 지식재산을 활용하자는 취지였습니다. #@문장구분#출범 당시 40개 이상 국가들이 지지를 표명했지만, 1년이 지나도록 이 플랫폼을 통해 자발적으로 특허를 공유한 기업은 하나도 없다고 합니다. #@문장구분#이쯤 되면, 백신의 충분한 공급과 평등한 접근을 가로막는 결정적 걸림돌이 바로 지식재산권이라는 것을 몸소 느낄 수 있게 해줍니다.#@문장구분# 지식재산권을 찬성하시는 분들은 그 창작의 고통과 자신의 창의성을 중요시하게 생각할 수도 있습니다. #@문장구분#하지만 전 세계에서 변이 바이러스는 끊임없이 생겨나게 될 것이며, 그렇게 된다면 백신을 맞은 사람들도 결코 안심할 수 없게 될 것입니다. #@문장구분#따라서 빠르고 공평하게 백신을 접종할 수 있도록 만드는 일은 매우 중요합니다.",
      "paragraph_len": 1652,
      "paragraph_id": "001"
    }
  ],
  "score": {
    "paragraph_score": [
      {
        "paragraph_scoreT": [
          3,
          3,
          3
        ],
        "paragraph_scoreT_detail": {
          "paragraph_scoreT_exp": [
            [
              3,
              3,
              3
            ],
            [
              3,
              3,
              3
            ],
            [
              3,
              3,
              3
            ]
          ]
        },
        "paragraph_scoreT_avg": 3,
        "paragraph_id": "001"
      }
    ],
    "essay_scoreT": [
      30,
      29.1,
      28.8
    ],
    "essay_scoreT_avg": 29.299997,
    "essay_scoreT_detail": {
      "essay_scoreT_org": [
        [
          3,
          3,
          3,
          3
        ],
        [
          2,
          3,
          3,
          3
        ],
        [
          3,
          3,
          3,
          3
        ]
      ],
      "essay_scoreT_cont": [
        [
          3,
          3,
          3,
          3
        ],
        [
          3,
          3,
          3,
          3
        ],
        [
          3,
          2,
          3,
          3
        ]
      ],
      "essay_scoreT_exp": [
        [
          3,
          3,
          3
        ],
        [
          3,
          3,
          3
        ],
        [
          3,
          3,
          3
        ]
      ]
    }
  },
  "student": {
    "date": "2021.10.22",
    "student_educated": true,
    "student_grade": "고등_2학년",
    "location": "063",
    "student_grade_group": "고등",
    "student_reading": 2
  },
  "rubric": {
    "essay_grade": "고등_2학년",
    "organization_weight": {
      "org_paragraph": 3,
      "org": 3,
      "org_essay": 3,
      "org_coherence": 3,
      "org_quantity": 1
    },
    "essay_type": "주장",
    "content_weight": {
      "con_clearance": 3,
      "con_novelty": 3,
      "con": 4,
      "con_prompt": 1,
      "con_description": 3
    },
    "essay_main_subject": "지적 재산권에 대한 본인의 생각 작성",
    "expression_weight": {
      "exp_style": 4,
      "exp_grammar": 2,
      "exp_vocab": 4,
      "exp": 3
    }
  },
  "correction": [],
  "info": {
    "essay_id": "ESSAY_44464",
    "essay_prompt": " 지적재산권이란 특허권, 실용신안권, 상표권, 디자인권을 총칭하는 개념으로 지적재산권법은 정보생산자에게 일정기간 동안 시장에서의 배타적 지위를 부여하고 있습니다.\n\n 즉, 지적 재산권은 특정 사람이 생각/창작해낸 것을 다른사람들의 무분별한 이용으로 부터 지켜주는 것입니다. 이러한 지적재산권은 개인 혹은 회사 더 나아가 나라에 귀속될 수 있습니다.\n\n 다만, 코로나 시대인 요즘 전 세계적인 재앙인 코로나를 물리칠 수 있는 백신에 대한 지적재산권을 자유롭게 풀어야한다는 의견이 계속해서 나오고 있습니다. \n\n 지적 재산권이 있는 제약회사가 있는 나라의 경우 백신이 충분하며 백신을 맞는 것이 선택의 문제인 반면, 그렇지 못한 나라는 백신을 맞고 싶어도 맞지 못하는 사람들이 많고 항체가 없어 사망하는 경우도 비교적 많이 때문입니다.\n\n 전 세계의 문제를 해결하기 위해 수 많은 돈을 들여 개발한 백신의 지적재산권을 공유하는 것이 의무화 되어야 할까요? 아니면 회사의 선택에 맡겨야할까요? 보상은 어떻게 해야할까요? \n\n 전 세계에 무상으로 공개 해야 한다는 의견이 있을 수도 있고 무상으로 공개한 회사의 경우 팬더믹 상황이 종결 된 후 따로 보상을 해주어야 한다는 의견도 있을 겁니다. 지적재산권의 변하지 않는 신뢰를 위해서라도 무상 공개는 절대 있어서는 안된다는 의견도 있을 것입니다.\n\n 지금까지도 펜더믹 상황에서 코로나19 백신에 대한 특허권을 보장해야 하느냐 풀어야 하느냐 의견이 분분합니다. 이에 대한 자신의 주장을 작성해주세요. 또한, 그렇게 생각한 이유도 설명해주세요.",
    "essay_type": "주장",
    "essay_level": "1",
    "essay_len": 1293,
    "essay_main_subject": "지적 재산권에 대한 본인의 생각 작성"
  }
}