{
  "paragraph": [
    {
      "paragraph_txt": "우리는 삶을 살면서 무수히 많은 평가를 거친다.#@문장구분# 중간 시험, 기말 시험, 수행 평가, 대학수학능력시험, 공무원 시험, 입사 시험 등의 시험이 한 예다.#@문장구분# 또 학교나 회사에 들어가기 위해 치르는 면접 역시 평가의 일종이며, 한 사람의 일거수일투족이나 삶의 궤적 역시 불특정 다수에게 평가의 대상이 된다.#@문장구분# 특히 인지도가 높은 연예인 등은 과장을 보태면 숨 쉬는 순간조차 평가 받는 직군이기도 하다.#@문장구분#  \n 이 중에서 우리가 가장 '평가'하면 가장 흔히 떠올리는 시험은 종류에 따라 수많은 평가 기준이 있다.#@문장구분# 오지선다 문제의 정오로 점수를 매겨 평가할 수도 있고, 논술 시험을 채점 기준에 따라 채점하여 평가할 수도 있을 것이며, 그도 아니면 평가하는 사람의 판단에 맞길 수도 있다.#@문장구분# \n 최근에는 그동안의 평가 방식이 개인에 대한 이해 없이 천편일률적이라는 의견이 제시되어 새로운 평가 지표를 찾는 움직임이 커지고 있다.#@문장구분# 그러나 나는 현재의 평가 지표가 사람들의 개성을 고려하지 않는다는 데에는 동의하지만, 그럼에도 그것이 최선이라고 생각한다.#@문장구분# 정형화된 평가 기준을 도입하지 않는다면 누군가가 각 개인을 평가하고 결정내려야 하는데, 이 과정에서 그 사람의 주관이 의도하지 않더라도 개입될 수 있기 때문이다.#@문장구분# 어떤 사람의 생각에 따라 평가가 좌우되는 것은 개인마다 달리 바라보고 결정하는 것이라고 보일 수도 있겠지만, 달리 보면 공정하지 않은 결과를 낳을 가능성이 더 높아질 것이기 때문이다.#@문장구분# 또한 이 과정에서 청탁이나 지인 관계 등으로 벌어질 부정 행위를 방지하는 데도 한계가 있다.#@문장구분# 이런 점에서 기존 평가 방식은 비록 개인의 개성은 덜 반영할지라도, 더 공정한 방식이라고 생각한다.#@문장구분#",
      "paragraph_len": 1065,
      "paragraph_id": "001"
    }
  ],
  "score": {
    "paragraph_score": [
      {
        "paragraph_scoreT": [
          3,
          3,
          2.2
        ],
        "paragraph_scoreT_detail": {
          "paragraph_scoreT_exp": [
            [
              3,
              3,
              3
            ],
            [
              3,
              3,
              3
            ],
            [
              3,
              2,
              2
            ]
          ]
        },
        "paragraph_scoreT_avg": 2.7333333,
        "paragraph_id": "001"
      }
    ],
    "essay_scoreT": [
      27.9,
      27.9,
      25.1
    ],
    "essay_scoreT_avg": 26.966667,
    "essay_scoreT_detail": {
      "essay_scoreT_org": [
        [
          2,
          0,
          3,
          2
        ],
        [
          2,
          0,
          3,
          2
        ],
        [
          3,
          0,
          2,
          3
        ]
      ],
      "essay_scoreT_cont": [
        [
          3,
          3,
          3,
          3
        ],
        [
          3,
          3,
          3,
          3
        ],
        [
          3,
          2,
          2,
          3
        ]
      ],
      "essay_scoreT_exp": [
        [
          3,
          3,
          3
        ],
        [
          3,
          3,
          3
        ],
        [
          3,
          2,
          2
        ]
      ]
    }
  },
  "student": {
    "date": "2021.12.02",
    "student_educated": true,
    "student_grade": "고등_1학년",
    "location": "063",
    "student_grade_group": "고등",
    "student_reading": 2
  },
  "rubric": {
    "essay_grade": "고등_1학년",
    "organization_weight": {
      "org_paragraph": 0,
      "org": 3,
      "org_essay": 6,
      "org_coherence": 3,
      "org_quantity": 1
    },
    "essay_type": "주장",
    "content_weight": {
      "con_clearance": 3,
      "con_novelty": 3,
      "con": 4,
      "con_prompt": 1,
      "con_description": 3
    },
    "essay_main_subject": "평가에 대한 본인의 의견",
    "expression_weight": {
      "exp_style": 4,
      "exp_grammar": 2,
      "exp_vocab": 4,
      "exp": 3
    }
  },
  "correction": [],
  "info": {
    "essay_id": "ESSAY_56063",
    "essay_prompt": " 평가는 일반적으로 평가대상의 장점과 가치를 결정하는 과정을 말합니다.\n\n 세상에는 무수히 많은 평가 방법들이 존재하고 그 주제도 다양합니다.\n\n 우리나라의 경우는 어떨까요? 중간, 기말시험이 있고 미술과 같은 기본기와 창의성을 평가하는 과목도 있습니다. 체육과 같은 신체적인 능력을 평가하는 과목도 있지요. 모두 적절한 기준이 있으며 매우 객관적인 기준이라고 말합니다.\n\n 하지만 여러분이 생각하기에 모든 학생을 동일한 평가지표에 맞추어 평가하는 것이 올바른 방식이라고 생각하나요?\n\n 사람마다 특성이 존재하듯 각각의 목표 또한 다르고 성과도 다를 수 있습니다. 특정 기준에 의존해 본인의 성과도를 평가하는 것이 바르다고 생각되나요?\n\n 현재의 평가 방식은 최고의 객관적인 평가 방식이라고 생각하신다면 그 이유를 작성해주세요. 아니라면 어떤 평가 기준이 추가되어야 하고 또한 어떤 생각으로 평가가 이루어졌으면 좋겠는지 서술해 주세요.",
    "essay_type": "주장",
    "essay_level": "2",
    "essay_len": 826,
    "essay_main_subject": "평가에 대한 본인의 의견"
  }
}