{
  "paragraph": [
    {
      "paragraph_txt": "현재의 평가 방식은 모두를 같은 기준으로 놓고 동등한 상태에서 평가하기 때문에 꽤 객관적인 방법이다. #@문장구분#그러나 모두를 같은 기준에 놓고 평가하기 때문에 개개인의 특수한 상황을 고려하지 못한 채로 평가가 진행된다는 문제점이 있다.#@문장구분# 따라서 기본적으로 지금의 평가 방식을 따르되 개개인의 특수한 상황, 수준, 목표, 능력 등에 따라 기준을 더 세분화하여 개별적으로 적용하여야 한다고 생각한다.#@문장구분# 이렇게 된다면 개인의 수준에 맞는 기준에 따라 그 안에서 가치를 결정하기 때문에 조금 더 나을 것이다.#@문장구분# 예를 들어 공부를 잘하는 사람들은 잘하는 사람에 맞는 기준을 적용하고 공부를 잘 못하는 사람들은 그것보다는 조금 더 낮은 기준을 적용하는 것이다. #@문장구분#이처럼 기준을 점점 더 세분화해나가면서 그에 맞게 평가를 진행하다 보면 지금의 평가 방식의 문제점들을 보완하고, 객관성도 지닌 더 훌륭한 평가 방식이 잘하지 못하는.#@문장구분#",
      "paragraph_len": 568,
      "paragraph_id": "001"
    }
  ],
  "score": {
    "paragraph_score": [
      {
        "paragraph_scoreT": [
          2,
          2.4,
          3
        ],
        "paragraph_scoreT_detail": {
          "paragraph_scoreT_exp": [
            [
              2,
              2,
              2
            ],
            [
              2,
              3,
              2
            ],
            [
              3,
              3,
              3
            ]
          ]
        },
        "paragraph_scoreT_avg": 2.4666667,
        "paragraph_id": "001"
      }
    ],
    "essay_scoreT": [
      20.699999,
      20.9,
      18.7
    ],
    "essay_scoreT_avg": 20.1,
    "essay_scoreT_detail": {
      "essay_scoreT_org": [
        [
          2,
          0,
          2,
          3
        ],
        [
          2,
          0,
          2,
          1
        ],
        [
          2,
          0,
          2,
          1
        ]
      ],
      "essay_scoreT_cont": [
        [
          2,
          2,
          3,
          2
        ],
        [
          2,
          2,
          2,
          2
        ],
        [
          1,
          1,
          1,
          1
        ]
      ],
      "essay_scoreT_exp": [
        [
          2,
          2,
          2
        ],
        [
          2,
          3,
          2
        ],
        [
          3,
          3,
          3
        ]
      ]
    }
  },
  "student": {
    "date": "2021.12.28",
    "student_educated": true,
    "student_grade": "고등_1학년",
    "location": "063",
    "student_grade_group": "고등",
    "student_reading": 1
  },
  "rubric": {
    "essay_grade": "고등_1학년",
    "organization_weight": {
      "org_paragraph": 0,
      "org": 3,
      "org_essay": 6,
      "org_coherence": 3,
      "org_quantity": 1
    },
    "essay_type": "주장",
    "content_weight": {
      "con_clearance": 3,
      "con_novelty": 3,
      "con": 4,
      "con_prompt": 1,
      "con_description": 3
    },
    "essay_main_subject": "평가에 대한 본인의 의견",
    "expression_weight": {
      "exp_style": 4,
      "exp_grammar": 2,
      "exp_vocab": 4,
      "exp": 3
    }
  },
  "correction": [],
  "info": {
    "essay_id": "ESSAY_84166",
    "essay_prompt": " 평가는 일반적으로 평가대상의 장점과 가치를 결정하는 과정을 말합니다.\n\n 세상에는 무수히 많은 평가 방법들이 존재하고 그 주제도 다양합니다.\n\n 우리나라의 경우는 어떨까요? 중간, 기말시험이 있고 미술과 같은 기본기와 창의성을 평가하는 과목도 있습니다. 체육과 같은 신체적인 능력을 평가하는 과목도 있지요. 모두 적절한 기준이 있으며 매우 객관적인 기준이라고 말합니다.\n\n 하지만 여러분이 생각하기에 모든 학생을 동일한 평가지표에 맞추어 평가하는 것이 올바른 방식이라고 생각하나요?\n\n 사람마다 특성이 존재하듯 각각의 목표 또한 다르고 성과도 다를 수 있습니다. 특정 기준에 의존해 본인의 성과도를 평가하는 것이 바르다고 생각되나요?\n\n 현재의 평가 방식은 최고의 객관적인 평가 방식이라고 생각하신다면 그 이유를 작성해주세요. 아니라면 어떤 평가 기준이 추가되어야 하고 또한 어떤 생각으로 평가가 이루어졌으면 좋겠는지 서술해 주세요.",
    "essay_type": "주장",
    "essay_level": "2",
    "essay_len": 448,
    "essay_main_subject": "평가에 대한 본인의 의견"
  }
}