{
  "paragraph": [
    {
      "paragraph_txt": "저는 어느정도 객관적인 기준을 가지고 평가를 내리는 과목들도 있는 반면에 객관적인 기준을 가지고 평가를 받지 못하는 과목도 존재한다고 생각합니다.#@문장구분# 체육과 같은 과목은 사람마다 신체적인 능력이 다르기 때문에 어쩔 수 없이 하나의 기준을 가지고 평가를 한다면 이에 대해 불만을 가지는 사람도 분명 존재할 것입니다.#@문장구분# 하지만 제시문에도 나왔던 것처럼 중간고사나 기말고사와 같은 시험들은 모두 동일한 출발선에서 시작하는 시험입니다.#@문장구분# 모두에게 같은 조건과 같은 시간이 주어집니다.#@문장구분# 어떤 아이는시험에 대해서 더 많은 정보를 아는 것도 아니고 또 다른 어떤 아이는 시험에 대해 아무런 정보를 얻지 않은 상태로 시험에 응시하는 것도 아닙니다.#@문장구분#  그저 같은 시간동안 얼마나 열심히 공부를 했느냐에 대한 차이입니다.#@문장구분# 자신의 노력한 양에 비례해서 점수를 얻을 수 있습니다.#@문장구분# 만약 자신이 공부를 열심히 하지 않았더라면 좋은 성적을 얻을 수 없을 것이고 자신이 공부를 열심히 했더라면 좋은 점수를 얻을 수 있을 것입니다.#@문장구분# 시험이 어렵거나 쉬울 때에도 나에게만 시험이 어렵 거나 쉽게 느껴지는 것이 아니고 모두에게도 그렇게 여겨지기 때문에 문제가 될 이유가 전혀 없습니다.#@문장구분# 나에게는 어려운 쉬험이 다른 사람에게는 쉽게 여겨진다면 저는 그것은 공부양의 차이라고 생각합니다.#@문장구분# 나보다 열심히 노력한 사람을 노력 없이 이기기란 쉽지 않습니다.#@문장구분# 또 만약에 성적이 저조하다고 해도 평가 방식의 문제가 아닌 자신의 노력 부족으로 인한 문제이기 때문에 아무도 평가 방식에 대해서는 불만을 토로하지 않을 것입니다.#@문장구분# 저는 이러한 평가 방식은 모두에게 동일한 조건이 주어지기 때문에 공정하다고 생각합니다.#@문장구분#",
      "paragraph_len": 1076,
      "paragraph_id": "001"
    }
  ],
  "score": {
    "paragraph_score": [
      {
        "paragraph_scoreT": [
          2.6,
          3,
          3
        ],
        "paragraph_scoreT_detail": {
          "paragraph_scoreT_exp": [
            [
              3,
              3,
              2
            ],
            [
              3,
              3,
              3
            ],
            [
              3,
              3,
              3
            ]
          ]
        },
        "paragraph_scoreT_avg": 2.8666668,
        "paragraph_id": "001"
      }
    ],
    "essay_scoreT": [
      22.099998,
      26.7,
      25.699999
    ],
    "essay_scoreT_avg": 24.833334,
    "essay_scoreT_detail": {
      "essay_scoreT_org": [
        [
          2,
          0,
          2,
          3
        ],
        [
          2,
          0,
          3,
          2
        ],
        [
          2,
          0,
          2,
          3
        ]
      ],
      "essay_scoreT_cont": [
        [
          2,
          2,
          2,
          2
        ],
        [
          3,
          2,
          3,
          3
        ],
        [
          2,
          3,
          2,
          3
        ]
      ],
      "essay_scoreT_exp": [
        [
          3,
          3,
          2
        ],
        [
          3,
          3,
          3
        ],
        [
          3,
          3,
          3
        ]
      ]
    }
  },
  "student": {
    "date": "2021.12.17",
    "student_educated": true,
    "student_grade": "고등_1학년",
    "location": "054",
    "student_grade_group": "고등",
    "student_reading": 1
  },
  "rubric": {
    "essay_grade": "고등_1학년",
    "organization_weight": {
      "org_paragraph": 0,
      "org": 3,
      "org_essay": 6,
      "org_coherence": 3,
      "org_quantity": 1
    },
    "essay_type": "주장",
    "content_weight": {
      "con_clearance": 3,
      "con_novelty": 3,
      "con": 4,
      "con_prompt": 1,
      "con_description": 3
    },
    "essay_main_subject": "평가에 대한 본인의 의견",
    "expression_weight": {
      "exp_style": 4,
      "exp_grammar": 2,
      "exp_vocab": 4,
      "exp": 3
    }
  },
  "correction": [],
  "info": {
    "essay_id": "ESSAY_83372",
    "essay_prompt": " 평가는 일반적으로 평가대상의 장점과 가치를 결정하는 과정을 말합니다.\n\n 세상에는 무수히 많은 평가 방법들이 존재하고 그 주제도 다양합니다.\n\n 우리나라의 경우는 어떨까요? 중간, 기말시험이 있고 미술과 같은 기본기와 창의성을 평가하는 과목도 있습니다. 체육과 같은 신체적인 능력을 평가하는 과목도 있지요. 모두 적절한 기준이 있으며 매우 객관적인 기준이라고 말합니다.\n\n 하지만 여러분이 생각하기에 모든 학생을 동일한 평가지표에 맞추어 평가하는 것이 올바른 방식이라고 생각하나요?\n\n 사람마다 특성이 존재하듯 각각의 목표 또한 다르고 성과도 다를 수 있습니다. 특정 기준에 의존해 본인의 성과도를 평가하는 것이 바르다고 생각되나요?\n\n 현재의 평가 방식은 최고의 객관적인 평가 방식이라고 생각하신다면 그 이유를 작성해주세요. 아니라면 어떤 평가 기준이 추가되어야 하고 또한 어떤 생각으로 평가가 이루어졌으면 좋겠는지 서술해 주세요.",
    "essay_type": "주장",
    "essay_level": "2",
    "essay_len": 816,
    "essay_main_subject": "평가에 대한 본인의 의견"
  }
}