{
  "paragraph": [
    {
      "paragraph_txt": "최근 코로나19 백신, 치료제 등 여러 가지 부문에서 핫한 키워드가 있습니다.#@문장구분# 먹을 수 있는 코로나19 알약 치료제, 몰누피라비르가 그 주인공입니다.#@문장구분# 몰누피라비르가 시장에 나오기까지 얼마 안 남았다는 분석들도 있으며, 미국은 몰누피라비르가 FDA의 승인을 받으면 올해 170만 세트를 구매하기로 했다며\n 2023년 1월까지 350만 세트 추가 구매를 하기로 했다고 합니다.#@문장구분# 여기에 한국이나 호주, 뉴질랜드, 싱가포르 등 아시아의 부유국들도 구매 협상에 나선 상태이며 EU도 FDA 승인을 신청하는 즉시 구매 협상에 나설 계획이라고 보도된 뉴스가 있습니다.#@문장구분# 이런 내용들은 본 사람들은 코로나19 백신때처럼 저소득 국가의 경우에는 치료제를 빠르게 얻을 수 없다는 점에서 임시로나마 지적재산권을 자유롭게 풀어야 한다고 얘기합니다.#@문장구분# 하지만 저는 생각이 다릅니다. 먼저, 백신에 대한 지적재산권 분쟁이 현재도\n 이뤄지고 있습니다. #@문장구분#그때 백신 제작사 측에서 얘기했던 보장 이유는 '재산권이 보장이 되어야 수입이 들어오며 수입이 들어오는 것이 다시 기술 발전에 사용'라는 이유였습니다.#@문장구분# 그리고 지금까지 그것이 이뤄지고 있기 때문에 현재처럼 빠른 시일에 먹는 알약 치료제의 개발까지 이뤄진 것이라고 생각합니다.#@문장구분#\n 그리고 두 번째로 알약 치료제 개발 회사 머크 측의 대안인 '복제약 생산 면허 계약'입니다.#@문장구분#\n 8개 인도 제약사에 복제약 생산권을 넘겨 109개 저소득 국가에 저렴하게 판매하겠다는 계획을 내세웠습니다.#@문장구분# 복제약 구매국에는 1세트당 가격을 10~20달러로 낮춰 판매하고, 나라마다 차등 가격제도 도입하고자 한다고 얘기했습니다.#@문장구분# 여기에는 백신 접종률이 3%에 불과한 사하라 사막 이남 아프리카 국가들이 포함됩니다.#@문장구분# 이런 식으로 아직 백신 보급률이 낮은 국가들에 대해서도 복제약 생산 면허 계약과 같이 다른 해결 방법도 등장하고 있기 때문에, 따라서 저는 백신에 대한 지적재산권을 보장해야 한다고 생각합니다.#@문장구분#",
      "paragraph_len": 1211,
      "paragraph_id": "001"
    }
  ],
  "score": {
    "paragraph_score": [
      {
        "paragraph_scoreT": [
          3,
          2.4,
          2
        ],
        "paragraph_scoreT_detail": {
          "paragraph_scoreT_exp": [
            [
              3,
              3,
              3
            ],
            [
              2,
              3,
              2
            ],
            [
              2,
              2,
              2
            ]
          ]
        },
        "paragraph_scoreT_avg": 2.4666667,
        "paragraph_id": "001"
      }
    ],
    "essay_scoreT": [
      27.900002,
      23.6,
      23.099998
    ],
    "essay_scoreT_avg": 24.866667,
    "essay_scoreT_detail": {
      "essay_scoreT_org": [
        [
          3,
          2,
          3,
          3
        ],
        [
          3,
          2,
          2,
          3
        ],
        [
          2,
          2,
          2,
          3
        ]
      ],
      "essay_scoreT_cont": [
        [
          3,
          2,
          3,
          3
        ],
        [
          3,
          2,
          2,
          2
        ],
        [
          3,
          2,
          3,
          3
        ]
      ],
      "essay_scoreT_exp": [
        [
          3,
          3,
          3
        ],
        [
          2,
          3,
          2
        ],
        [
          2,
          2,
          2
        ]
      ]
    }
  },
  "student": {
    "date": "2021.10.21",
    "student_educated": true,
    "student_grade": "고등_2학년",
    "location": "02",
    "student_grade_group": "고등",
    "student_reading": 2
  },
  "rubric": {
    "essay_grade": "고등_2학년",
    "organization_weight": {
      "org_paragraph": 3,
      "org": 3,
      "org_essay": 3,
      "org_coherence": 3,
      "org_quantity": 1
    },
    "essay_type": "주장",
    "content_weight": {
      "con_clearance": 3,
      "con_novelty": 3,
      "con": 4,
      "con_prompt": 1,
      "con_description": 3
    },
    "essay_main_subject": "지적 재산권에 대한 본인의 생각 작성",
    "expression_weight": {
      "exp_style": 4,
      "exp_grammar": 2,
      "exp_vocab": 4,
      "exp": 3
    }
  },
  "correction": [],
  "info": {
    "essay_id": "ESSAY_37939",
    "essay_prompt": " 지적재산권이란 특허권, 실용신안권, 상표권, 디자인권을 총칭하는 개념으로 지적재산권법은 정보생산자에게 일정기간 동안 시장에서의 배타적 지위를 부여하고 있습니다.\n\n 즉, 지적 재산권은 특정 사람이 생각/창작해낸 것을 다른사람들의 무분별한 이용으로 부터 지켜주는 것입니다. 이러한 지적재산권은 개인 혹은 회사 더 나아가 나라에 귀속될 수 있습니다.\n\n 다만, 코로나 시대인 요즘 전 세계적인 재앙인 코로나를 물리칠 수 있는 백신에 대한 지적재산권을 자유롭게 풀어야한다는 의견이 계속해서 나오고 있습니다. \n\n 지적 재산권이 있는 제약회사가 있는 나라의 경우 백신이 충분하며 백신을 맞는 것이 선택의 문제인 반면, 그렇지 못한 나라는 백신을 맞고 싶어도 맞지 못하는 사람들이 많고 항체가 없어 사망하는 경우도 비교적 많이 때문입니다.\n\n 전 세계의 문제를 해결하기 위해 수 많은 돈을 들여 개발한 백신의 지적재산권을 공유하는 것이 의무화 되어야 할까요? 아니면 회사의 선택에 맡겨야할까요? 보상은 어떻게 해야할까요? \n\n 전 세계에 무상으로 공개 해야 한다는 의견이 있을 수도 있고 무상으로 공개한 회사의 경우 팬더믹 상황이 종결 된 후 따로 보상을 해주어야 한다는 의견도 있을 겁니다. 지적재산권의 변하지 않는 신뢰를 위해서라도 무상 공개는 절대 있어서는 안된다는 의견도 있을 것입니다.\n\n 지금까지도 펜더믹 상황에서 코로나19 백신에 대한 특허권을 보장해야 하느냐 풀어야 하느냐 의견이 분분합니다. 이에 대한 자신의 주장을 작성해주세요. 또한, 그렇게 생각한 이유도 설명해주세요.",
    "essay_type": "주장",
    "essay_level": "1",
    "essay_len": 951,
    "essay_main_subject": "지적 재산권에 대한 본인의 생각 작성"
  }
}