{
  "paragraph": [
    {
      "paragraph_txt": "위에서 말한 것처럼 평가는 대상의 장점이나 가치를 결정하는 과정이기도 하지만, 요즘과 같은 경쟁이 빈번하게 일어나는 사회에서는 순위를 매기는 척도가 된다고도 생각합니다. #@문장구분#특정 회사나 대학에 들어가기 위해서 평가를 치르고 그 점수에 따라 순위가 매겨지고 합격과 불합격이 정해지는 경우가 많습니다.#@문장구분# 이렇게 경쟁 속에서의 평가는 목표로 하는 것이 같은 많은 사람들이 받게 되기 때문에 다 다르게 하기가 어렵다고 생각합니다.#@문장구분# 공정함의 기본적인 부분은 모두가 같아지는 것입니다.#@문장구분# 모두에게 같은 지표로 평가를 하게 되면 그 누구도 불만을 가질 수는 없을 것입니다.#@문장구분# 만약에 불만을 가지고 이의를 제기하게 된다면, 평가자의 태도와 관련된 부분을 지적할 수 있을 것입니다.#@문장구분# 평가의 지표는 같지만 만약 그 평가가 시험과 같이 문제를 풀고 정해진 답을 맞추지 못하면 점수가 깎이는 것과 같은 객관적인 것이 아니라, 대상의 태도나 말투와 같은 여러 가지를 보고 일정 점수를 평가자가 매기는 방식이라면 당연히 불합격한 피평가자들은 평가자들을 의심할 수 밖에 없게 됩니다.#@문장구분# 그래서 저는 아예 주관적인 생각이 모조리 배제된 객관적인 지표만을 가지고 평가해야 한다고 생각합니다.#@문장구분# 평가자가 존재하지 않도록 모든 평가가 시험으로만 이루어지게 된다면 정말 공평한 세상이 될 것이라고 생각합니다.#@문장구분# 만약 그 날 좋지 않은 일이 있었던 평가자가 피평가자들에게 좋지 않은 점수를 악의적으로 주게된다면 당연히 그 평가자에게 큰 문제가 있는 것이기 때문입니다.#@문장구분# 가장 중요한 것은 바로 공평함입니다.#@문장구분# 평가라는 것은 그 사람에 대한 설명이 되는 것이기 때문에 어쩌면 객관적인 지표가 될 수도 있기 때문입니다.#@문장구분#",
      "paragraph_len": 1057,
      "paragraph_id": "001"
    }
  ],
  "score": {
    "paragraph_score": [
      {
        "paragraph_scoreT": [
          2,
          2,
          2
        ],
        "paragraph_scoreT_detail": {
          "paragraph_scoreT_exp": [
            [
              2,
              2,
              2
            ],
            [
              2,
              2,
              2
            ],
            [
              2,
              2,
              2
            ]
          ]
        },
        "paragraph_scoreT_avg": 2,
        "paragraph_id": "001"
      }
    ],
    "essay_scoreT": [
      21.8,
      22.699999,
      23.099998
    ],
    "essay_scoreT_avg": 22.533333,
    "essay_scoreT_detail": {
      "essay_scoreT_org": [
        [
          3,
          0,
          3,
          3
        ],
        [
          2,
          0,
          2,
          3
        ],
        [
          2,
          0,
          2,
          3
        ]
      ],
      "essay_scoreT_cont": [
        [
          2,
          1,
          2,
          2
        ],
        [
          3,
          3,
          2,
          2
        ],
        [
          3,
          2,
          3,
          3
        ]
      ],
      "essay_scoreT_exp": [
        [
          2,
          2,
          2
        ],
        [
          2,
          2,
          2
        ],
        [
          2,
          2,
          2
        ]
      ]
    }
  },
  "student": {
    "date": "2021.12.18",
    "student_educated": true,
    "student_grade": "고등_1학년",
    "location": "054",
    "student_grade_group": "고등",
    "student_reading": 2
  },
  "rubric": {
    "essay_grade": "고등_1학년",
    "organization_weight": {
      "org_paragraph": 0,
      "org": 3,
      "org_essay": 6,
      "org_coherence": 3,
      "org_quantity": 1
    },
    "essay_type": "주장",
    "content_weight": {
      "con_clearance": 3,
      "con_novelty": 3,
      "con": 4,
      "con_prompt": 1,
      "con_description": 3
    },
    "essay_main_subject": "평가에 대한 본인의 의견",
    "expression_weight": {
      "exp_style": 4,
      "exp_grammar": 2,
      "exp_vocab": 4,
      "exp": 3
    }
  },
  "correction": [],
  "info": {
    "essay_id": "ESSAY_78513",
    "essay_prompt": " 평가는 일반적으로 평가대상의 장점과 가치를 결정하는 과정을 말합니다.\n\n 세상에는 무수히 많은 평가 방법들이 존재하고 그 주제도 다양합니다.\n\n 우리나라의 경우는 어떨까요? 중간, 기말시험이 있고 미술과 같은 기본기와 창의성을 평가하는 과목도 있습니다. 체육과 같은 신체적인 능력을 평가하는 과목도 있지요. 모두 적절한 기준이 있으며 매우 객관적인 기준이라고 말합니다.\n\n 하지만 여러분이 생각하기에 모든 학생을 동일한 평가지표에 맞추어 평가하는 것이 올바른 방식이라고 생각하나요?\n\n 사람마다 특성이 존재하듯 각각의 목표 또한 다르고 성과도 다를 수 있습니다. 특정 기준에 의존해 본인의 성과도를 평가하는 것이 바르다고 생각되나요?\n\n 현재의 평가 방식은 최고의 객관적인 평가 방식이라고 생각하신다면 그 이유를 작성해주세요. 아니라면 어떤 평가 기준이 추가되어야 하고 또한 어떤 생각으로 평가가 이루어졌으면 좋겠는지 서술해 주세요.",
    "essay_type": "주장",
    "essay_level": "2",
    "essay_len": 818,
    "essay_main_subject": "평가에 대한 본인의 의견"
  }
}