{
  "paragraph": [
    {
      "paragraph_txt": "학교에서도 평가, 학원에서도 평가. 어딜가든 평가가 없이는 이 지구가 돌아가지 않는 것 같다.#@문장구분# 나 역시도 평가의 세계에서 살고있는데 기준점이 명확하지 않는 평가로 인해서 스트레스도 많이 받은 일들이 많다.#@문장구분# 평가로 인해서 열심히 하는 계기가 되기도 하고, 오히려 독이 되어 평가로 인해서 포기하고 멋대로 살아가는 사람들도 있다.#@문장구분# 솔직히 말해서 평가로 인해서 열심히 살아가기 보다는 포기하고 멋대로 살아가는 것에 가깝긴 한데, 나는 그냥 어쩔 수 없이 하기 싫어도 꾸역꾸역해나가고 있다.#@문장구분# 가끔 학교 수행평가를 하면서 이 평가 기준은 도대체 어떻게 되어있길래 점수가 이렇게 나올까 생각을 많이 했었다.#@문장구분# 물론 평가 기준표가 있긴 하지만, 채점하는 선생님 기준으로 점수가 나오겠지 싶다.#@문장구분# 물론 오지선다형이 있는문제는 명확한 답이 있기 때문에 논란이 생기지는 않지만 글쓰기 수행평가라던가 작품 만들기 수행평가 같은 경우는 선생님의 생각인 주관적으로 평가가 된다.#@문장구분# 처음에는 선생님 주관적으로 평가하면 불공평 하지 않겠냐 싶지만, 이러한 작품을 평가하려면 선생님의 관점이 꼭 들어가야한다고 생각한다.#@문장구분# 게다가 서로의 관점이 다르니까 서로서로 이해하며 평가를하는 것이 맞다고 생각이 들었다.#@문장구분# 아직도 주관적인 평가와 객관적인 평가가 너무나도 헷갈리고 논란이 있지만 어쩔 수 없이 이러한 평가가 있어야만 이 세계와 지구가 돌아간다고 생각한다.#@문장구분#",
      "paragraph_len": 883,
      "paragraph_id": "001"
    }
  ],
  "score": {
    "paragraph_score": [
      {
        "paragraph_scoreT": [
          1.6,
          2.6,
          2.2
        ],
        "paragraph_scoreT_detail": {
          "paragraph_scoreT_exp": [
            [
              2,
              2,
              1
            ],
            [
              3,
              3,
              2
            ],
            [
              3,
              2,
              2
            ]
          ]
        },
        "paragraph_scoreT_avg": 2.1333332,
        "paragraph_id": "001"
      }
    ],
    "essay_scoreT": [
      13,
      27.599998,
      23.7
    ],
    "essay_scoreT_avg": 21.433334,
    "essay_scoreT_detail": {
      "essay_scoreT_org": [
        [
          1,
          0,
          1,
          1
        ],
        [
          3,
          0,
          3,
          3
        ],
        [
          2,
          0,
          2,
          3
        ]
      ],
      "essay_scoreT_cont": [
        [
          2,
          1,
          1,
          1
        ],
        [
          3,
          2,
          3,
          3
        ],
        [
          3,
          2,
          3,
          3
        ]
      ],
      "essay_scoreT_exp": [
        [
          2,
          2,
          1
        ],
        [
          3,
          3,
          2
        ],
        [
          3,
          2,
          2
        ]
      ]
    }
  },
  "student": {
    "date": "2021.12.14",
    "student_educated": true,
    "student_grade": "고등_1학년",
    "location": "054",
    "student_grade_group": "고등",
    "student_reading": 1
  },
  "rubric": {
    "essay_grade": "고등_1학년",
    "organization_weight": {
      "org_paragraph": 0,
      "org": 3,
      "org_essay": 6,
      "org_coherence": 3,
      "org_quantity": 1
    },
    "essay_type": "주장",
    "content_weight": {
      "con_clearance": 3,
      "con_novelty": 3,
      "con": 4,
      "con_prompt": 1,
      "con_description": 3
    },
    "essay_main_subject": "평가에 대한 본인의 의견",
    "expression_weight": {
      "exp_style": 4,
      "exp_grammar": 2,
      "exp_vocab": 4,
      "exp": 3
    }
  },
  "correction": [],
  "info": {
    "essay_id": "ESSAY_78936",
    "essay_prompt": " 평가는 일반적으로 평가대상의 장점과 가치를 결정하는 과정을 말합니다.\n\n 세상에는 무수히 많은 평가 방법들이 존재하고 그 주제도 다양합니다.\n\n 우리나라의 경우는 어떨까요? 중간, 기말시험이 있고 미술과 같은 기본기와 창의성을 평가하는 과목도 있습니다. 체육과 같은 신체적인 능력을 평가하는 과목도 있지요. 모두 적절한 기준이 있으며 매우 객관적인 기준이라고 말합니다.\n\n 하지만 여러분이 생각하기에 모든 학생을 동일한 평가지표에 맞추어 평가하는 것이 올바른 방식이라고 생각하나요?\n\n 사람마다 특성이 존재하듯 각각의 목표 또한 다르고 성과도 다를 수 있습니다. 특정 기준에 의존해 본인의 성과도를 평가하는 것이 바르다고 생각되나요?\n\n 현재의 평가 방식은 최고의 객관적인 평가 방식이라고 생각하신다면 그 이유를 작성해주세요. 아니라면 어떤 평가 기준이 추가되어야 하고 또한 어떤 생각으로 평가가 이루어졌으면 좋겠는지 서술해 주세요.",
    "essay_type": "주장",
    "essay_level": "2",
    "essay_len": 684,
    "essay_main_subject": "평가에 대한 본인의 의견"
  }
}