{
  "paragraph": [
    {
      "paragraph_txt": "한국 학생들의 학습 부담이 크다보니 교육청에서는 학생들에게 지필평가에 대한 부담을 줄이고 공부 이외의 능력을 평가하기 위해 수행평가의 비중을 늘리는 것을 선택했습니다.#@문장구분# 수행평가의 목적은 구체적인 상황에서 학생이 실제로 행동하는 과정이나 결과를 평가함으로써 학습결과나 성취 중심의 평가에서 벗어나 학습과정 중심의 평가를 지향하며, 또한 학생과 학생, 교사와 학생간의 협력을 중요시하는 것이 특징입니다.#@문장구분# 그리고 학생 스스로가 자신의 성취도를 보여 줄 수 있도록 결과물을 만들거나, 행동으로 나타내거나, 답을 작성하도록 합니다.#@문장구분# 여기서 학생이 자신의 지식이나 태도 등을 드러내기 위해 말하거나 만드는 것보다 더 나아가서 그것을 계획하고 준비하는 과정까지도 알 수 있습니다.#@문장구분# 따라서 수행평가란 단순히 하나의 평가방법이 아니라, 보편적인 교육평가방법을 새로 만들어내기 위하여 우리나라의 교육이 나아갈 방향을 제시하는 하나의 새로운 방법이라고 할 수 있습니다.#@문장구분# 하지만 이런 여러 가지를 평가하다보니 결국은 다시 학생들에게 오히려 학습 부담 비중을 더 늘리는 결과로 돌아왔습니다.#@문장구분# 예전처럼 수행평가를 그저 점수를 주는 식으로 하자니 학생의 역량을 확인 할 수 없고, 수행평가의 비중을 늘려 학습 과정 중심의 평가를 지향하며 학생 스스로가 자신의 성취도를 보여 줄 수 있는 결과물을 만들 수 있도록 유도를 하자니 지필평가까지 준비해야 하는 학생들의 부담이 더 늘어났습니다.#@문장구분# 하지만 학생들의 역량을 파악 할 수 있고 학생 스스로도 자신의 부족한 부분을 좀 더 보완하면서 성장할 수 있는 계기가 될 수 있으므로 수행평가의 방식은 적절하다고 생각합니다.#@문장구분#",
      "paragraph_len": 962,
      "paragraph_id": "001"
    }
  ],
  "score": {
    "paragraph_score": [
      {
        "paragraph_scoreT": [
          3,
          3,
          3
        ],
        "paragraph_scoreT_detail": {
          "paragraph_scoreT_exp": [
            [
              3,
              3,
              3
            ],
            [
              3,
              3,
              3
            ],
            [
              3,
              3,
              3
            ]
          ]
        },
        "paragraph_scoreT_avg": 3,
        "paragraph_id": "001"
      }
    ],
    "essay_scoreT": [
      28.1,
      28.4,
      30
    ],
    "essay_scoreT_avg": 28.833334,
    "essay_scoreT_detail": {
      "essay_scoreT_org": [
        [
          3,
          0,
          3,
          2
        ],
        [
          3,
          0,
          3,
          3
        ],
        [
          3,
          0,
          3,
          3
        ]
      ],
      "essay_scoreT_cont": [
        [
          3,
          2,
          2,
          3
        ],
        [
          3,
          2,
          2,
          3
        ],
        [
          3,
          3,
          3,
          3
        ]
      ],
      "essay_scoreT_exp": [
        [
          3,
          3,
          3
        ],
        [
          3,
          3,
          3
        ],
        [
          3,
          3,
          3
        ]
      ]
    }
  },
  "student": {
    "date": "2021.12.21",
    "student_educated": true,
    "student_grade": "고등_1학년",
    "location": "054",
    "student_grade_group": "고등",
    "student_reading": 1
  },
  "rubric": {
    "essay_grade": "고등_1학년",
    "organization_weight": {
      "org_paragraph": 0,
      "org": 3,
      "org_essay": 6,
      "org_coherence": 3,
      "org_quantity": 1
    },
    "essay_type": "주장",
    "content_weight": {
      "con_clearance": 3,
      "con_novelty": 3,
      "con": 4,
      "con_prompt": 1,
      "con_description": 3
    },
    "essay_main_subject": "평가에 대한 본인의 의견",
    "expression_weight": {
      "exp_style": 4,
      "exp_grammar": 2,
      "exp_vocab": 4,
      "exp": 3
    }
  },
  "correction": [],
  "info": {
    "essay_id": "ESSAY_83351",
    "essay_prompt": " 평가는 일반적으로 평가대상의 장점과 가치를 결정하는 과정을 말합니다.\n\n 세상에는 무수히 많은 평가 방법들이 존재하고 그 주제도 다양합니다.\n\n 우리나라의 경우는 어떨까요? 중간, 기말시험이 있고 미술과 같은 기본기와 창의성을 평가하는 과목도 있습니다. 체육과 같은 신체적인 능력을 평가하는 과목도 있지요. 모두 적절한 기준이 있으며 매우 객관적인 기준이라고 말합니다.\n\n 하지만 여러분이 생각하기에 모든 학생을 동일한 평가지표에 맞추어 평가하는 것이 올바른 방식이라고 생각하나요?\n\n 사람마다 특성이 존재하듯 각각의 목표 또한 다르고 성과도 다를 수 있습니다. 특정 기준에 의존해 본인의 성과도를 평가하는 것이 바르다고 생각되나요?\n\n 현재의 평가 방식은 최고의 객관적인 평가 방식이라고 생각하신다면 그 이유를 작성해주세요. 아니라면 어떤 평가 기준이 추가되어야 하고 또한 어떤 생각으로 평가가 이루어졌으면 좋겠는지 서술해 주세요.",
    "essay_type": "주장",
    "essay_level": "2",
    "essay_len": 802,
    "essay_main_subject": "평가에 대한 본인의 의견"
  }
}