{
  "paragraph": [
    {
      "paragraph_txt": "나는 사실 인종차별에 대해 깊이 생각해본 적이 없다.#@문장구분# 왜냐하면 한 번도 외국에 나가서 차별을 당하거나 외국인을 만날 때 인종차별을 해본 적이 없기 때문이다. #@문장구분#그런데 요즘 뉴스에 보면 코로나19때문인지 몰라도 동양인데 대한 차별이 많아지고있다고 한다.#@문장구분# 우선 캐나다의 경우 인종차별이 없기로 유명한 국가인데 코로나 바이러스가 터지고 나서 인종차별에 대한 신고가 3배 넘게 접수되었다고 한다.#@문장구분# 나는 그 뉴스를 보고 정말 안타까웠다. #@문장구분#코로나가 동양인들이 퍼트리고 싶어서 퍼트린 것이 아닌데 코로나 바이러스가 퍼진다고 인종차별을 한다는 것이 정말 안타까웟다. #@문장구분#다행이 내가 한국에 살아서 인종차별을 당하지 않았지만, 외국에 사는 교포들의 삶이 정말이지 걱정이 되었다. #@문장구분#이런 일들이 있은 뒤 나는 인종차별에 대해 깊고 심도있게 생각해보았다. #@문장구분#인종차별이란 자신과 다르다고 혐오감이 생기는 것인데, 이러한 이유로 인종차별이 미래에는 없어진다는 보장이 없다고 생각한다. #@문장구분#그래서 나는 어렸을 때부터 교육이 중요하다고 생각한다. #@문장구분#옛말에 이런 말이 있다.#@문장구분# 밥상머리 교육은 평생간다라는 말. #@문장구분#이 말은 즉슨 어렸을 때의 교육이 평생 사는 동안의 인격형성에 가장 중요하다는 말이다.#@문장구분# 그래서 나는 어렸을 때부터 부모님이 해주시는 교육이 정말 중요하다고 생각한다. #@문장구분#그래야 나중에 인격이 형성되는 나이에 인종차별은 나쁜 것이고 인종차별을 하는 사람은 구시대에 머물러 도퇴되는 사람이라고 생각하기 때문이다.#@문장구분# 그래서 나는 무엇보다도 교육이 먼저라고 생각한다. #@문장구분#그리고 교육으로 끝이 나면 안된다. #@문장구분#즉 머릿속에만 들어있는 이론을 우리 실생활에서 직접 써먹어야 한다는 말이다. #@문장구분#이러한 방법들을 잘 이용해 우리 모두 인종차별이 없는 사회에서 잘 살아가기를 빈다.#@문장구분#",
      "paragraph_len": 1229,
      "paragraph_id": "001"
    }
  ],
  "score": {
    "paragraph_score": [
      {
        "paragraph_scoreT": [
          2.8,
          2.4,
          2
        ],
        "paragraph_scoreT_detail": {
          "paragraph_scoreT_exp": [
            [
              2,
              3,
              3
            ],
            [
              2,
              2,
              3
            ],
            [
              2,
              2,
              2
            ]
          ]
        },
        "paragraph_scoreT_avg": 2.3999999,
        "paragraph_id": "001"
      }
    ],
    "essay_scoreT": [
      27.900002,
      26.100002,
      21.9
    ],
    "essay_scoreT_avg": 25.300001,
    "essay_scoreT_detail": {
      "essay_scoreT_org": [
        [
          3,
          3,
          3,
          2
        ],
        [
          3,
          3,
          2,
          3
        ],
        [
          2,
          2,
          2,
          3
        ]
      ],
      "essay_scoreT_cont": [
        [
          3,
          2,
          3,
          3
        ],
        [
          3,
          2,
          3,
          3
        ],
        [
          3,
          2,
          3,
          2
        ]
      ],
      "essay_scoreT_exp": [
        [
          2,
          3,
          3
        ],
        [
          2,
          2,
          3
        ],
        [
          2,
          2,
          2
        ]
      ]
    }
  },
  "student": {
    "date": "2021.11.30",
    "student_educated": true,
    "student_grade": "고등_2학년",
    "location": "063",
    "student_grade_group": "고등",
    "student_reading": 2
  },
  "rubric": {
    "essay_grade": "고등_2학년",
    "organization_weight": {
      "org_paragraph": 3,
      "org": 3,
      "org_essay": 3,
      "org_coherence": 3,
      "org_quantity": 1
    },
    "essay_type": "주장",
    "content_weight": {
      "con_clearance": 3,
      "con_novelty": 3,
      "con": 4,
      "con_prompt": 1,
      "con_description": 3
    },
    "essay_main_subject": "인종차별에 대한 본인의 생각",
    "expression_weight": {
      "exp_style": 4,
      "exp_grammar": 2,
      "exp_vocab": 4,
      "exp": 3
    }
  },
  "correction": [],
  "info": {
    "essay_id": "ESSAY_53122",
    "essay_prompt": " 최근 중국발 코로나바이러스로 인해 동양인에 대한 혐오감을 나타내는 서양인들이 늘어나고 있습니다. 그로 인해, 매스컴이나 SNS에서 인종차별을 받아 힘들어하는 동양인들을 자주 목격할 수 있습니다.\n\n 하지만, 최근에만 인종차별이 존재했을까요? 아닙니다. 아주 오래전부터 다른 인종에 대한 차별은 있었습니다.\n\n 우리나라에서는 인종차별을 안 하고 있을까요? 아닙니다. 우리나라에서도 알게 모르게 많은 부분에서 다른 국가의 사람들에 대해 인종차별을 하고 있으며 누군가에게 상처를 주고 있습니다.\n\n 즉, 인종차별은 누군가의 문제가 아니라 우리 모두의 문제입니다.\n\n 여러분들은 인종차별을 당해보신 적 있나요? 인종차별을 하는 사람들에 대해 어떻게 생각하시나요? 왜 생겨났다고 생각하나요? 인종차별을 근절하기 위해서는 어떻게 해야 할까요? 인종차별을 하는 사람들에 대해 전 세계적으로 처벌의 강도를 높여야 할까요?\n\n 인종차별을 하는 사람들에 대한 본인의 생각을 작성하고 인종차별은 해결할 수 있는 문제일지 아니면 해결하지 어려운 문제일지 작성해주세요. 또한, 그렇게 생각한 이유와 본인이 생각한 해결방법 혹은 해결할 수 없다면 왜 해결할 수 없다고 생각하는지 작성해주세요.",
    "essay_type": "주장",
    "essay_level": "1",
    "essay_len": 849,
    "essay_main_subject": "인종차별에 대한 본인의 생각"
  }
}