{
  "paragraph": [
    {
      "paragraph_txt": "체육시간에 오래매달리기 평가가 있었습니다.#@문장구분# 철봉에 매달려 어느정도 시간이 지나야 통화 하는 평가인데 참 불공평하다고 생각됩니다.#@문장구분# 전 팔힘이 매우 약하기 때문입니다.#@문장구분# 특히 체육이라는 시간이 체력단련을 해주는 시간이면 좋겠지만 그걸로 평가를 한다는건 잘못된 평가라고 생각합니다.#@문장구분# 저희 학교 체육과 수행평가에서 이런 경우가 있었습니다.#@문장구분# 리더를 맡을 친구들 여섯명을 선생님께서 선택하신후 가위바위보를 하고 이긴 순서로 팀을 반에서 뽑아가는 것입니다.#@문장구분# 남녀공학이지만 남자 여자 성비는 중요하지 않으며 이긴 순서로 마음껏 정하고  꼴등으로 수행평가 점수는 그룹별 차등 지급하겠다 이었습니다.#@문장구분# 이런 평가방식은 많은 오류를 가지고 있습니다.#@문장구분# 남자아이들은 여자아이들에 비해 신체조건이나 운동신경이 매우 좋은 편에 속합니다.#@문장구분# 그래서 남자학생들로 구성된 팀이 훨씬 유리한 고점에 올라서 불평등한 조건에 평가를 하게 되는 것입니다.#@문장구분# 뿐만 아니라 팀내에서도 열심히 활약하는 학생이 있는 반면 그냥 공을 피해 이리 저리 휘청거리는 학생도 존재 할것입니다.#@문장구분# 그룹내 활약상에 따라 지급하지 않고 일률적으로 지급한다는 것은 저희 학생들 표현으로 버스탔다 라는 표현이 맞습니다.#@문장구분# 잘하는 학생덕에 버스타고 편히 가는 것을 말합니다.#@문장구분# 이런 불평등 평가방식은 않된다고 생각합니다.#@문장구분# 체육 실기 평가의 경우 위와 같이 피구를 해야 하면 학생들이 팀을 꾸리고 난후 각팀의 전력을 보아 선생님께서 개입하여 너무 막강하거나 너무 약한 팀이 존재하지 않게 중간에서 중재하셔야 됩니다.#@문장구분# 위해 각 팀내 팀원들은 최선을 다할 것입니다.#@문장구분# 이렇듯 평가선생님의 평가기준은 매우 중요합니다.#@문장구분#",
      "paragraph_len": 1140,
      "paragraph_id": "001"
    }
  ],
  "score": {
    "paragraph_score": [
      {
        "paragraph_scoreT": [
          3,
          2.4,
          2.8
        ],
        "paragraph_scoreT_detail": {
          "paragraph_scoreT_exp": [
            [
              3,
              3,
              3
            ],
            [
              2,
              3,
              2
            ],
            [
              2,
              3,
              3
            ]
          ]
        },
        "paragraph_scoreT_avg": 2.7333333,
        "paragraph_id": "001"
      }
    ],
    "essay_scoreT": [
      30,
      26.100002,
      29.4
    ],
    "essay_scoreT_avg": 28.5,
    "essay_scoreT_detail": {
      "essay_scoreT_org": [
        [
          3,
          0,
          3,
          3
        ],
        [
          3,
          0,
          2,
          3
        ],
        [
          3,
          0,
          3,
          3
        ]
      ],
      "essay_scoreT_cont": [
        [
          3,
          3,
          3,
          3
        ],
        [
          3,
          2,
          3,
          3
        ],
        [
          3,
          3,
          3,
          3
        ]
      ],
      "essay_scoreT_exp": [
        [
          3,
          3,
          3
        ],
        [
          2,
          3,
          2
        ],
        [
          2,
          3,
          3
        ]
      ]
    }
  },
  "student": {
    "date": "2021.12.20",
    "student_educated": true,
    "student_grade": "고등_1학년",
    "location": "044",
    "student_grade_group": "고등",
    "student_reading": 2
  },
  "rubric": {
    "essay_grade": "고등_1학년",
    "organization_weight": {
      "org_paragraph": 0,
      "org": 3,
      "org_essay": 6,
      "org_coherence": 3,
      "org_quantity": 1
    },
    "essay_type": "주장",
    "content_weight": {
      "con_clearance": 3,
      "con_novelty": 3,
      "con": 4,
      "con_prompt": 1,
      "con_description": 3
    },
    "essay_main_subject": "평가에 대한 본인의 의견",
    "expression_weight": {
      "exp_style": 4,
      "exp_grammar": 2,
      "exp_vocab": 4,
      "exp": 3
    }
  },
  "correction": [],
  "info": {
    "essay_id": "ESSAY_71828",
    "essay_prompt": " 평가는 일반적으로 평가대상의 장점과 가치를 결정하는 과정을 말합니다.\n\n 세상에는 무수히 많은 평가 방법들이 존재하고 그 주제도 다양합니다.\n\n 우리나라의 경우는 어떨까요? 중간, 기말시험이 있고 미술과 같은 기본기와 창의성을 평가하는 과목도 있습니다. 체육과 같은 신체적인 능력을 평가하는 과목도 있지요. 모두 적절한 기준이 있으며 매우 객관적인 기준이라고 말합니다.\n\n 하지만 여러분이 생각하기에 모든 학생을 동일한 평가지표에 맞추어 평가하는 것이 올바른 방식이라고 생각하나요?\n\n 사람마다 특성이 존재하듯 각각의 목표 또한 다르고 성과도 다를 수 있습니다. 특정 기준에 의존해 본인의 성과도를 평가하는 것이 바르다고 생각되나요?\n\n 현재의 평가 방식은 최고의 객관적인 평가 방식이라고 생각하신다면 그 이유를 작성해주세요. 아니라면 어떤 평가 기준이 추가되어야 하고 또한 어떤 생각으로 평가가 이루어졌으면 좋겠는지 서술해 주세요.",
    "essay_type": "주장",
    "essay_level": "2",
    "essay_len": 801,
    "essay_main_subject": "평가에 대한 본인의 의견"
  }
}