{
  "paragraph": [
    {
      "paragraph_txt": "마이크로소프트의 공동 창업자 빌 게이츠가 언론과의 인터뷰에서 신종 코로나바이러스 감염증 백신 특허 포기 논쟁에 대해 반대한다는 입장을 밝힌 적이 있다.#@문장구분# 빌 게이츠는 스카이뉴스와의 인터뷰에서 \"백신 안전 문제는 매우 중요하기 때문에 백신 제조사들이 특허권을 포기하는 것이 옳은 행동이라고 생각하지 않는다\"고 주장했다.#@문장구분# 그는 \"전세계에 백신을 만들 수 있는 공장은 많지만 제조사들의 전문성이 배제된 채 무분별하게 백신이 만들어진다면 이것의 안정성을 담보할 수 없다\"며 \"백신 제조 공정은 매우 신중하게 검토하고 진행해야 한다\"고 덧붙였다.#@문장구분# 아울러 \"얀센의 백신 공장에서 생산하는 백신을 신중한 검토를 거쳐 인도 공장에서 생산하는 것에서 보여지듯 백신 공급 문제는 특허와 무관하다\"고 강조했다.#@문장구분# 빌 게이츠의 주장은 백신 보급을 위해 특허권 포기해야 한다는 주장에 대해 반대하는 미국 제약업계를 포함한 경제단체들과 입장을 같이 한다.#@문장구분# 미 상공회의소는 지난 1년 동안 여러 백신이 급속히 개발되고, 생산량이 크게 늘었으며, 이미 생산과 유통을 위해 마련돼 있는 260여 건의 파트너십 협정 등을 감안할 때 타이 대표의 발언은 부당하다고 말했다.#@문장구분# 변이, 변종 바이러스 등에 맞서 새 백신 연구와 개발 등에 꾸준히 자금을 쏟아부어야 하는 개발, 제조사들은 특허권 포기에 난색을 표했다.#@문장구분# 이에 대해 세계보건기구의 테드로스 아다놈게브레이수스 박사는\n \"백신 특허권을 일시적으로 포기한다고 하더라도 HIV 위기나 전쟁 때와 마찬가지로 기업들은 향후 자신들이 제조하는 제품에 대한 로열티를 받게 될 것이기 때문에 혁신을 못하는 것이 아니다\"고 주장했다고 한다.#@문장구분# 이렇듯 백신 특허권의 찬반 논쟁은 항상 뜨거운 편이지만, 나는 빌게이츠와 더 불어서 백신이 개발될 때 만든 회사만이 더욱 제대로 만들 수 있다고 생각하기 때문에 반대의 입장에 서게될 것 같다.#@문장구분#",
      "paragraph_len": 1094,
      "paragraph_id": "001"
    }
  ],
  "score": {
    "paragraph_score": [
      {
        "paragraph_scoreT": [
          3,
          3,
          3
        ],
        "paragraph_scoreT_detail": {
          "paragraph_scoreT_exp": [
            [
              3,
              3,
              3
            ],
            [
              3,
              3,
              3
            ],
            [
              3,
              3,
              3
            ]
          ]
        },
        "paragraph_scoreT_avg": 3,
        "paragraph_id": "001"
      }
    ],
    "essay_scoreT": [
      28.8,
      27.599998,
      30
    ],
    "essay_scoreT_avg": 28.799997,
    "essay_scoreT_detail": {
      "essay_scoreT_org": [
        [
          3,
          3,
          3,
          3
        ],
        [
          3,
          3,
          3,
          3
        ],
        [
          3,
          3,
          3,
          3
        ]
      ],
      "essay_scoreT_cont": [
        [
          3,
          2,
          3,
          3
        ],
        [
          3,
          2,
          3,
          3
        ],
        [
          3,
          3,
          3,
          3
        ]
      ],
      "essay_scoreT_exp": [
        [
          3,
          3,
          3
        ],
        [
          3,
          3,
          2
        ],
        [
          3,
          3,
          3
        ]
      ]
    }
  },
  "student": {
    "date": "2021.11.04",
    "student_educated": true,
    "student_grade": "고등_2학년",
    "location": "02",
    "student_grade_group": "고등",
    "student_reading": 2
  },
  "rubric": {
    "essay_grade": "고등_2학년",
    "organization_weight": {
      "org_paragraph": 3,
      "org": 3,
      "org_essay": 3,
      "org_coherence": 3,
      "org_quantity": 1
    },
    "essay_type": "주장",
    "content_weight": {
      "con_clearance": 3,
      "con_novelty": 3,
      "con": 4,
      "con_prompt": 1,
      "con_description": 3
    },
    "essay_main_subject": "지적 재산권에 대한 본인의 생각 작성",
    "expression_weight": {
      "exp_style": 4,
      "exp_grammar": 2,
      "exp_vocab": 4,
      "exp": 3
    }
  },
  "correction": [],
  "info": {
    "essay_id": "ESSAY_40762",
    "essay_prompt": " 지적재산권이란 특허권, 실용신안권, 상표권, 디자인권을 총칭하는 개념으로 지적재산권법은 정보생산자에게 일정기간 동안 시장에서의 배타적 지위를 부여하고 있습니다.\n\n 즉, 지적 재산권은 특정 사람이 생각/창작해낸 것을 다른사람들의 무분별한 이용으로 부터 지켜주는 것입니다. 이러한 지적재산권은 개인 혹은 회사 더 나아가 나라에 귀속될 수 있습니다.\n\n 다만, 코로나 시대인 요즘 전 세계적인 재앙인 코로나를 물리칠 수 있는 백신에 대한 지적재산권을 자유롭게 풀어야한다는 의견이 계속해서 나오고 있습니다. \n\n 지적 재산권이 있는 제약회사가 있는 나라의 경우 백신이 충분하며 백신을 맞는 것이 선택의 문제인 반면, 그렇지 못한 나라는 백신을 맞고 싶어도 맞지 못하는 사람들이 많고 항체가 없어 사망하는 경우도 비교적 많이 때문입니다.\n\n 전 세계의 문제를 해결하기 위해 수 많은 돈을 들여 개발한 백신의 지적재산권을 공유하는 것이 의무화 되어야 할까요? 아니면 회사의 선택에 맡겨야할까요? 보상은 어떻게 해야할까요? \n\n 전 세계에 무상으로 공개 해야 한다는 의견이 있을 수도 있고 무상으로 공개한 회사의 경우 팬더믹 상황이 종결 된 후 따로 보상을 해주어야 한다는 의견도 있을 겁니다. 지적재산권의 변하지 않는 신뢰를 위해서라도 무상 공개는 절대 있어서는 안된다는 의견도 있을 것입니다.\n\n 지금까지도 펜더믹 상황에서 코로나19 백신에 대한 특허권을 보장해야 하느냐 풀어야 하느냐 의견이 분분합니다. 이에 대한 자신의 주장을 작성해주세요. 또한, 그렇게 생각한 이유도 설명해주세요.",
    "essay_type": "주장",
    "essay_level": "1",
    "essay_len": 914,
    "essay_main_subject": "지적 재산권에 대한 본인의 생각 작성"
  }
}