{
  "paragraph": [
    {
      "paragraph_txt": "우리나라에서 가장 대표적인 평가 중 하나는 입시와 관련된 여러 시험이 아닐까 하고 생각합니다.#@문장구분# 그러나 저는 이 평가가 매우 좋지 못하다고 생각합니다.#@문장구분# 왜냐하면 입시와 관련된 평가는 성장중인 청소년들에게 가장 많은 영향을 줍니다.#@문장구분# 그러나 이런 평가는 아이들이 스스로를 그 평가 속에서 가두고 더 발전할 가능성을 낮추게 되는것 같습니다.#@문장구분# 특히 우리나라는 입시를 굉장히 중요하게 생각해 수능 날에는 비행기까지 행로를 바꿀정도입니다.#@문장구분# 그렇게 중요한 평가가 여러 시험들입니다.#@문장구분# 이 시험들이 중요한 만큼 아이들의 다양한 가능성이나 재능 성격등을 모두 고려한 평가이기라도 하면 그나마 좋을것 같다고 생각합니다.#@문장구분# 그러나 현실적으로 저런 모든 것들을 포함해 평가기준을 세우고 평가하기에는 어려움이 있기 때문에 오로지 점수 하나만으로 평가를 하게 됩니다.#@문장구분# 그렇게 되니 공부가 아닌 다른 재능과 능력을 가지고 있는 청소년들은 다른 사람들의 평가를 듣고 자신에 대한 불안감과 의심이 생길 수 있을것 같다고 생각합니다.#@문장구분# 특히 청소년들은 그런 평가에 더욱 민감할 나이이고 시험이라는 평가는 한눈에 비교가 가능하기 때문에 타인과 나를 더욱 비교하게 만드는 계기가 되는것 같다고도 생각합니다.#@문장구분# 물론 공부에 대한 평가를 하는것도 그쪽으로 재능이 있는 사람들과 인재를 발굴해내는 역할을 하긴 합니다.#@문장구분# 평가를 없애는것은 불가능 하기 때문에 저는 다른 방면으로 재능이 있는 사람들을 찾아내고 평가하는 객관적인 평가 기준을 마련해 주는것도 중요하다고 생각합니다.#@문장구분# 그렇게 된다면 더욱 더 많은 다양한 재능을 가진 청소년들이 사회에서 자신의 자리를 찾고 사회를 더욱 발전시킬수 있다고 생각합니다.#@문장구분#",
      "paragraph_len": 1074,
      "paragraph_id": "001"
    }
  ],
  "score": {
    "paragraph_score": [
      {
        "paragraph_scoreT": [
          2.8,
          2.6,
          3
        ],
        "paragraph_scoreT_detail": {
          "paragraph_scoreT_exp": [
            [
              2,
              3,
              3
            ],
            [
              3,
              3,
              2
            ],
            [
              3,
              3,
              3
            ]
          ]
        },
        "paragraph_scoreT_avg": 2.8,
        "paragraph_id": "001"
      }
    ],
    "essay_scoreT": [
      27,
      26.7,
      27
    ],
    "essay_scoreT_avg": 26.9,
    "essay_scoreT_detail": {
      "essay_scoreT_org": [
        [
          3,
          0,
          3,
          3
        ],
        [
          3,
          0,
          2,
          3
        ],
        [
          2,
          0,
          3,
          3
        ]
      ],
      "essay_scoreT_cont": [
        [
          3,
          2,
          3,
          2
        ],
        [
          3,
          2,
          3,
          3
        ],
        [
          3,
          2,
          3,
          3
        ]
      ],
      "essay_scoreT_exp": [
        [
          2,
          3,
          3
        ],
        [
          3,
          3,
          2
        ],
        [
          3,
          3,
          3
        ]
      ]
    }
  },
  "student": {
    "date": "2021.12.22",
    "student_educated": true,
    "student_grade": "고등_1학년",
    "location": "054",
    "student_grade_group": "고등",
    "student_reading": 1
  },
  "rubric": {
    "essay_grade": "고등_1학년",
    "organization_weight": {
      "org_paragraph": 0,
      "org": 3,
      "org_essay": 6,
      "org_coherence": 3,
      "org_quantity": 1
    },
    "essay_type": "주장",
    "content_weight": {
      "con_clearance": 3,
      "con_novelty": 3,
      "con": 4,
      "con_prompt": 1,
      "con_description": 3
    },
    "essay_main_subject": "평가에 대한 본인의 의견",
    "expression_weight": {
      "exp_style": 4,
      "exp_grammar": 2,
      "exp_vocab": 4,
      "exp": 3
    }
  },
  "correction": [],
  "info": {
    "essay_id": "ESSAY_78621",
    "essay_prompt": " 평가는 일반적으로 평가대상의 장점과 가치를 결정하는 과정을 말합니다.\n\n 세상에는 무수히 많은 평가 방법들이 존재하고 그 주제도 다양합니다.\n\n 우리나라의 경우는 어떨까요? 중간, 기말시험이 있고 미술과 같은 기본기와 창의성을 평가하는 과목도 있습니다. 체육과 같은 신체적인 능력을 평가하는 과목도 있지요. 모두 적절한 기준이 있으며 매우 객관적인 기준이라고 말합니다.\n\n 하지만 여러분이 생각하기에 모든 학생을 동일한 평가지표에 맞추어 평가하는 것이 올바른 방식이라고 생각하나요?\n\n 사람마다 특성이 존재하듯 각각의 목표 또한 다르고 성과도 다를 수 있습니다. 특정 기준에 의존해 본인의 성과도를 평가하는 것이 바르다고 생각되나요?\n\n 현재의 평가 방식은 최고의 객관적인 평가 방식이라고 생각하신다면 그 이유를 작성해주세요. 아니라면 어떤 평가 기준이 추가되어야 하고 또한 어떤 생각으로 평가가 이루어졌으면 좋겠는지 서술해 주세요.",
    "essay_type": "주장",
    "essay_level": "2",
    "essay_len": 814,
    "essay_main_subject": "평가에 대한 본인의 의견"
  }
}