{
  "paragraph": [
    {
      "paragraph_txt": "일반적으로 평가대상의 장점과 가치를 결정하는 과정을 평가라고 말합니다.#@문장구분# 모든 사람이 만족할 수 있는 평가기준이란 없다고 생각합니다.#@문장구분# 어떤 사람이 불공평한 것 같다고 기준을 바꾸게 되면 또 다른 사람이 불평등해지듯이 모든 사람이 만족할 수 있는 평가기준이란 없다고 생각합니다.#@문장구분# 세상에는 무수히 많은 평가 방법들이 존재하고 그 주제도 다양합니다. #@문장구분#또한 평가기준은 모든 사람에게 동일하게 적용되어야 하는 부분이라고 생각하는 바입니다.#@문장구분# 오히려 개개인마다 평가기준이 다 다르고 다 다르게 적용된다면 매우 주관적인 평가기준이라고 생각합니다. #@문장구분#우리나라의 경우는 어떨까요?#@문장구분# 중간, 기말시험이 있고 미술과 같은 기본기와 창의성을 평가하는 과목도 있습니다. #@문장구분#체육과 같은 신체적인 능력을 평가하는 과목도 있지요.#@문장구분# 모두 적절한 기준이 있으며 매우 객관적인 기준이라고 말합니다.#@문장구분# 하지만 여러분이 생각하기에 모든 학생을 동일한 평가지표에 맞추어 평가하는 것이 올바른 방식이라고 생각하나요? #@문장구분#개개인 마다 평가기준이 다 다르고 다 다르게 적용된다면 그 각자 다른 기준들을 만드는 것도 주관적이라고 생각됩니다. #@문장구분#사람마다 특성이 존재하듯 각각의 목표 또한 다르고 성과도 다를 수 있습니다.#@문장구분# 특정 기준에 의존해 본인의 성과도를 평가하는 것이 바르다고 생각되나요?#@문장구분#현재의 평가 방식은 최고의 객관적인 평가 방식이라고 생각하신다면 그 이유를 작성해주세요.#@문장구분# 아니라면 어떤 평가 기준이 추가되어야 하고 또한 어떤 생각으로 평가가 이루어졌으면 좋겠는지 서술해보면 그러므로 평가기준은 모두 동일하게 적용되는 것이 맞다고 생각합니다. #@문장구분#그리고 동일한 평가기준에 맞추어서 자신을 변화시켜야 한다고 생각합니다.#@문장구분#",
      "paragraph_len": 1155,
      "paragraph_id": "001"
    }
  ],
  "score": {
    "paragraph_score": [
      {
        "paragraph_scoreT": [
          0.6,
          0.6,
          2
        ],
        "paragraph_scoreT_detail": {
          "paragraph_scoreT_exp": [
            [
              1,
              1,
              0
            ],
            [
              1,
              1,
              0
            ],
            [
              2,
              2,
              2
            ]
          ]
        },
        "paragraph_scoreT_avg": 1.0666667,
        "paragraph_id": "001"
      }
    ],
    "essay_scoreT": [
      2.1000001,
      3,
      6.6
    ],
    "essay_scoreT_avg": 3.9000003,
    "essay_scoreT_detail": {
      "essay_scoreT_org": [
        [
          0,
          0,
          0,
          1
        ],
        [
          0,
          0,
          0,
          0
        ],
        [
          0,
          0,
          0,
          2
        ]
      ],
      "essay_scoreT_cont": [
        [
          0,
          0,
          0,
          0
        ],
        [
          1,
          0,
          0,
          0
        ],
        [
          0,
          0,
          0,
          0
        ]
      ],
      "essay_scoreT_exp": [
        [
          1,
          1,
          0
        ],
        [
          1,
          1,
          0
        ],
        [
          2,
          2,
          2
        ]
      ]
    }
  },
  "student": {
    "date": "2021.12.25",
    "student_educated": true,
    "student_grade": "고등_1학년",
    "location": "054",
    "student_grade_group": "고등",
    "student_reading": 1
  },
  "rubric": {
    "essay_grade": "고등_1학년",
    "organization_weight": {
      "org_paragraph": 0,
      "org": 3,
      "org_essay": 6,
      "org_coherence": 3,
      "org_quantity": 1
    },
    "essay_type": "주장",
    "content_weight": {
      "con_clearance": 3,
      "con_novelty": 3,
      "con": 4,
      "con_prompt": 1,
      "con_description": 3
    },
    "essay_main_subject": "평가에 대한 본인의 의견",
    "expression_weight": {
      "exp_style": 4,
      "exp_grammar": 2,
      "exp_vocab": 4,
      "exp": 3
    }
  },
  "correction": [],
  "info": {
    "essay_id": "ESSAY_78532",
    "essay_prompt": " 평가는 일반적으로 평가대상의 장점과 가치를 결정하는 과정을 말합니다.\n\n 세상에는 무수히 많은 평가 방법들이 존재하고 그 주제도 다양합니다.\n\n 우리나라의 경우는 어떨까요? 중간, 기말시험이 있고 미술과 같은 기본기와 창의성을 평가하는 과목도 있습니다. 체육과 같은 신체적인 능력을 평가하는 과목도 있지요. 모두 적절한 기준이 있으며 매우 객관적인 기준이라고 말합니다.\n\n 하지만 여러분이 생각하기에 모든 학생을 동일한 평가지표에 맞추어 평가하는 것이 올바른 방식이라고 생각하나요?\n\n 사람마다 특성이 존재하듯 각각의 목표 또한 다르고 성과도 다를 수 있습니다. 특정 기준에 의존해 본인의 성과도를 평가하는 것이 바르다고 생각되나요?\n\n 현재의 평가 방식은 최고의 객관적인 평가 방식이라고 생각하신다면 그 이유를 작성해주세요. 아니라면 어떤 평가 기준이 추가되어야 하고 또한 어떤 생각으로 평가가 이루어졌으면 좋겠는지 서술해 주세요.",
    "essay_type": "주장",
    "essay_level": "2",
    "essay_len": 815,
    "essay_main_subject": "평가에 대한 본인의 의견"
  }
}