{
  "paragraph": [
    {
      "paragraph_txt": "우리에게 평가는 필요하다.#@문장구분# 학생들을 평가할수 있는 방법은 시험 이외에는 없는거 같다는 생각이 든다.#@문장구분# 왜냐하면 평가를 통해 자신이 무엇이 아직 미숙한지 알 수 있다.#@문장구분# 하지만 반대로 자신이 무엇을 잘 하는지 알 수 있어서 자기 자신에 대해 알 수 있는 아주 좋은 방법이라고 생각한다.#@문장구분# 하지만 우리나라의 평가 방법은 너무나 잔혹하다.#@문장구분# 미국은 시험을 일주일에 한 번이였나 그런 식으로 평가를 수시로 하여 자신을 알아간다.#@문장구분# 하지만 우리나라는 일 년에 네번의 시험으로 학생을 평가한다.#@문장구분# 실수를 안하는것도 실력이고 시험기간 컨디션 조절도 실력이다지만. 잔인한 평가 방법이 아닌가 싶다.#@문장구분# 이 차이는 나는 너무나 큰 차이라고 생각한다.#@문장구분# 한국의 시험은 시험 기간에만 공부하는 식으로도 좋은 점수를 맞을 수 있다.#@문장구분# 하지만 이렇게 된다면 평소에도 공부를 열심히 하는 학생들은 불공평함을 느껴 항의를 하여 시험 난이도가 높아질 수도 있다.#@문장구분# 하지만 난이도 조절도 문제인거 같다.#@문장구분# 사교육과 공교육이 만들어낸 차이가 크다고 생각한다.#@문장구분# 학교 선생님들이 못가르킨다는게 아니다.#@문장구분# 학교에서는 주워진 교과서로 진도를 맞춰나가야 한다.#@문장구분# 반면 학원에서는 하고싶은 선행이나 복습이 가능하다.#@문장구분# 교사가 잘 못 가르친게 아닌가 라는 소리를 듣게 된다.#@문장구분# 우리들도 중간중간 수행 평가를 치르지만 이건 점수 반영 률이 아주 낮다.#@문장구분# 2주나 한달에 한 번씩 쪽지 시험을 봐서 이 한달간 공부한걸 잘 이해하고 있을까 라는 것을 평가해 봐야한다.#@문장구분# 평가와 평가로 보이지 않는 것들이 균등히 조화를 이룬다면 더 큰 인재를 만들고 나아가 한국이 더 높은 곳으로 나아갈 수 있게 되지 않을까 싶다.#@문장구분# 이것들이 내가 생각하는 평가에 대한 내 생각이다.#@문장구분#",
      "paragraph_len": 1248,
      "paragraph_id": "001"
    }
  ],
  "score": {
    "paragraph_score": [
      {
        "paragraph_scoreT": [
          2,
          2.4,
          2.8
        ],
        "paragraph_scoreT_detail": {
          "paragraph_scoreT_exp": [
            [
              2,
              2,
              2
            ],
            [
              2,
              3,
              2
            ],
            [
              2,
              3,
              3
            ]
          ]
        },
        "paragraph_scoreT_avg": 2.3999999,
        "paragraph_id": "001"
      }
    ],
    "essay_scoreT": [
      20.699999,
      26.100002,
      29.4
    ],
    "essay_scoreT_avg": 25.400002,
    "essay_scoreT_detail": {
      "essay_scoreT_org": [
        [
          2,
          0,
          2,
          3
        ],
        [
          3,
          0,
          2,
          3
        ],
        [
          3,
          0,
          3,
          3
        ]
      ],
      "essay_scoreT_cont": [
        [
          2,
          2,
          3,
          2
        ],
        [
          3,
          2,
          3,
          3
        ],
        [
          3,
          3,
          3,
          3
        ]
      ],
      "essay_scoreT_exp": [
        [
          2,
          2,
          2
        ],
        [
          2,
          3,
          2
        ],
        [
          2,
          3,
          3
        ]
      ]
    }
  },
  "student": {
    "date": "2021.12.29",
    "student_educated": true,
    "student_grade": "고등_1학년",
    "location": "063",
    "student_grade_group": "고등",
    "student_reading": 2
  },
  "rubric": {
    "essay_grade": "고등_1학년",
    "organization_weight": {
      "org_paragraph": 0,
      "org": 3,
      "org_essay": 6,
      "org_coherence": 3,
      "org_quantity": 1
    },
    "essay_type": "주장",
    "content_weight": {
      "con_clearance": 3,
      "con_novelty": 3,
      "con": 4,
      "con_prompt": 1,
      "con_description": 3
    },
    "essay_main_subject": "평가에 대한 본인의 의견",
    "expression_weight": {
      "exp_style": 4,
      "exp_grammar": 2,
      "exp_vocab": 4,
      "exp": 3
    }
  },
  "correction": [],
  "info": {
    "essay_id": "ESSAY_83950",
    "essay_prompt": " 평가는 일반적으로 평가대상의 장점과 가치를 결정하는 과정을 말합니다.\n\n 세상에는 무수히 많은 평가 방법들이 존재하고 그 주제도 다양합니다.\n\n 우리나라의 경우는 어떨까요? 중간, 기말시험이 있고 미술과 같은 기본기와 창의성을 평가하는 과목도 있습니다. 체육과 같은 신체적인 능력을 평가하는 과목도 있지요. 모두 적절한 기준이 있으며 매우 객관적인 기준이라고 말합니다.\n\n 하지만 여러분이 생각하기에 모든 학생을 동일한 평가지표에 맞추어 평가하는 것이 올바른 방식이라고 생각하나요?\n\n 사람마다 특성이 존재하듯 각각의 목표 또한 다르고 성과도 다를 수 있습니다. 특정 기준에 의존해 본인의 성과도를 평가하는 것이 바르다고 생각되나요?\n\n 현재의 평가 방식은 최고의 객관적인 평가 방식이라고 생각하신다면 그 이유를 작성해주세요. 아니라면 어떤 평가 기준이 추가되어야 하고 또한 어떤 생각으로 평가가 이루어졌으면 좋겠는지 서술해 주세요.",
    "essay_type": "주장",
    "essay_level": "2",
    "essay_len": 828,
    "essay_main_subject": "평가에 대한 본인의 의견"
  }
}