{
  "paragraph": [
    {
      "paragraph_txt": "한민국에서 태어난 아이들은 모두 수능을 위해 죽기 살리로 달려 간다.#@문장구분# 수학능력평가 시험. 이 하나의 공동 목표를 행해 달려간다.#@문장구분# 또 수학능력평가 시험을 치르는 날은 해당 학생뿐 아니라 온 나라가 수능에 맞춰져 돌아간다.#@문장구분# 영어 듣기 평가 시간에는 전국에 있는 모든 항공기 이착륙이 전면 통제되고, 수험생의 등교시간을 고려하여 대중교통 배차 간격을 단축 운행하며 행정 기관의 비상 운송차량 등을 지역별 수험생 주요 이동로에 배차하여 안전하게 시험장에 갈 수 있도록 돕기도 한다.#@문장구분# 또 대기업 공기업들 공무원들의 출근시간도 한시간 늦춰진다.#@문장구분# 또 왠만한 사이렌은 금지한다.#@문장구분# 이러하듯 수능시험날은 온 나라가 수능에 맞춰 돌아간다.#@문장구분# 나는 고작 몇시간 동안 치루는 시험이 전부가 돼서는 안된다고 생각한다.#@문장구분# 만약 1년의 교육 과정을 한꺼번에 평가하기 보다는 초등학교에서 중학교 중학교에서 고등학교를 올라갈 때 졸업시험을 본다면 수능에 대한 부담이 줄어들 것이다.#@문장구분# 또한 교육 평가의 대표적이 예로 모의고사가 있다.#@문장구분# 등급을 통해 평가가 이루어지며 학생들은 보다 더 좋은 등급을 받기 위해 경쟁을 하게된다.#@문장구분# 여기서 선의의 경쟁을 하게 된다면 기분 좋은 승부욕을 끌어올려 본인의 역량을 올릴수 있는 긍정적인 계기가 되지만 지자치게 비교를 하며 경쟁을 부추기게 되면 오히려 부정적인 영향이 올 것이라고 생각하기 때문에 지나친 경쟁과 평가 또한 악영향을 미칠것이다.#@문장구분# 그래서 나의 의견은 평가의 방식은 유지하되 방법을 조금씩 시대에 발맞춰 바꿔가야 한다고 생각한다.#@문장구분# 현재 저희가 평가받고 있는 시스템은 아주 예전부터 현재까지 바뀌지 않고 있기 때문입니다.#@문장구분# 시대가 변화하는것에 맞춰 평가도 바뀌어야 된다고 생각합니다.#@문장구분# 학교에서도 틀에 맞춰진 시험과 과제를 내고 그것에 따라 평가를 하는데 저는 불합리적이라고 생각합니다.#@문장구분#",
      "paragraph_len": 1209,
      "paragraph_id": "001"
    }
  ],
  "score": {
    "paragraph_score": [
      {
        "paragraph_scoreT": [
          2,
          2.4,
          2.8
        ],
        "paragraph_scoreT_detail": {
          "paragraph_scoreT_exp": [
            [
              2,
              2,
              2
            ],
            [
              2,
              3,
              2
            ],
            [
              2,
              3,
              3
            ]
          ]
        },
        "paragraph_scoreT_avg": 2.3999999,
        "paragraph_id": "001"
      }
    ],
    "essay_scoreT": [
      20.699999,
      26.100002,
      27
    ],
    "essay_scoreT_avg": 24.6,
    "essay_scoreT_detail": {
      "essay_scoreT_org": [
        [
          2,
          0,
          2,
          3
        ],
        [
          3,
          0,
          2,
          3
        ],
        [
          3,
          0,
          3,
          3
        ]
      ],
      "essay_scoreT_cont": [
        [
          2,
          2,
          3,
          2
        ],
        [
          3,
          2,
          3,
          3
        ],
        [
          3,
          2,
          3,
          2
        ]
      ],
      "essay_scoreT_exp": [
        [
          2,
          2,
          2
        ],
        [
          2,
          3,
          2
        ],
        [
          2,
          3,
          3
        ]
      ]
    }
  },
  "student": {
    "date": "2021.12.29",
    "student_educated": true,
    "student_grade": "고등_1학년",
    "location": "063",
    "student_grade_group": "고등",
    "student_reading": 2
  },
  "rubric": {
    "essay_grade": "고등_1학년",
    "organization_weight": {
      "org_paragraph": 0,
      "org": 3,
      "org_essay": 6,
      "org_coherence": 3,
      "org_quantity": 1
    },
    "essay_type": "주장",
    "content_weight": {
      "con_clearance": 3,
      "con_novelty": 3,
      "con": 4,
      "con_prompt": 1,
      "con_description": 3
    },
    "essay_main_subject": "평가에 대한 본인의 의견",
    "expression_weight": {
      "exp_style": 4,
      "exp_grammar": 2,
      "exp_vocab": 4,
      "exp": 3
    }
  },
  "correction": [],
  "info": {
    "essay_id": "ESSAY_83965",
    "essay_prompt": " 평가는 일반적으로 평가대상의 장점과 가치를 결정하는 과정을 말합니다.\n\n 세상에는 무수히 많은 평가 방법들이 존재하고 그 주제도 다양합니다.\n\n 우리나라의 경우는 어떨까요? 중간, 기말시험이 있고 미술과 같은 기본기와 창의성을 평가하는 과목도 있습니다. 체육과 같은 신체적인 능력을 평가하는 과목도 있지요. 모두 적절한 기준이 있으며 매우 객관적인 기준이라고 말합니다.\n\n 하지만 여러분이 생각하기에 모든 학생을 동일한 평가지표에 맞추어 평가하는 것이 올바른 방식이라고 생각하나요?\n\n 사람마다 특성이 존재하듯 각각의 목표 또한 다르고 성과도 다를 수 있습니다. 특정 기준에 의존해 본인의 성과도를 평가하는 것이 바르다고 생각되나요?\n\n 현재의 평가 방식은 최고의 객관적인 평가 방식이라고 생각하신다면 그 이유를 작성해주세요. 아니라면 어떤 평가 기준이 추가되어야 하고 또한 어떤 생각으로 평가가 이루어졌으면 좋겠는지 서술해 주세요.",
    "essay_type": "주장",
    "essay_level": "2",
    "essay_len": 890,
    "essay_main_subject": "평가에 대한 본인의 의견"
  }
}