{
  "paragraph": [
    {
      "paragraph_txt": "저는 코로나 백신에 대한 지적재산권의 권리를 보장해주어야 한다고 생각합니다.#@문장구분# 왜냐하면 백신을 개발하기 위해서 수많은 사람들과 천문학적인 비용이 들었을텐데 손익분기점도 넘기기 전에 돈을 포기하고 얼굴도 모르는 전 세계 사람들을 위해 자신의 시간과 노력을 기부하면 명예를 준다고 하면 그 누가 코로나 백신을 개발하려고 할까라는 의문을 가지게 합니다.#@문장구분# 원래 돈을 버는 사람들은 혼란 속에서 돈을 번다고 합니다.#@문장구분# 주식시장도 마찬가지라고 생각합니다.#@문장구분# 얼마 전 삼성전자의 주가가 9만원일 때가 있었습니다.#@문장구분# 그런데 코로나 백신이 개발되고 점점 위드 코로나를 하는 나라가 많아짐에 따라 전자기기의 수요가 줄 것으로 예상되 삼성전자의 주요 생산품인 반도체의 재고량이 많아져 주가가 9만원을 찍고 급락했습니다.#@문장구분# 하지만 그것도 잠시 6만 9천원까지 떨어진 삼성저자의 주가는 점점 안정세를 보이며 7만원 대 박스권 소위말해 안정권에 들어섰다는 것입니다.#@문장구분# 삼성전자 주가가 안정권에 들어선 이유는 바로 페닉바잉이라는 현상으로 설명할 수 있습니다.#@문장구분# 페닉바잉이랑 자신이 소유한 주식이 가격이 떨어져 급락하는 것을 막기 위해 더 구입한다는 것입니다.#@문장구분# 그래서 삼성전자의 주가가 떨어지다가 다시 안정권을 가졌다고 생각합니다.#@문장구분# 세상도 마찬가지라고 생각합니다.#@문장구분# 혼란한 상황 속에 그 혼란을 정리하는 사람이 돈을 버는 것이 마땅하다고 생각합니다.#@문장구분# 코로나라는 혼란한 상황 속에 백신 개발이라는 혼란을 잠재우는 사람이 바로 돈을 버는 것입니다.#@문장구분# 혹자는 돈 없는 후진국은 그럼 어떻게 백신을 구매하라는 것이냐라고 합니다.#@문장구분# 근데 저는 그 생각이 너무 오지랖이라고 생각합니다.#@문장구분# 우리나라에서 백신을 못맞고있는 사람부터 먼저 걱정을 해야지 생판 모르는 남의나라 다른 인종을 걱정하는 것이 정말 오지랖이라고 생각합니다.#@문장구분# 그래서 저는 코로나 백신에 대한 지적재산권을 보장해주어야 한다고 생각합니다.#@문장구분#",
      "paragraph_len": 1259,
      "paragraph_id": "001"
    }
  ],
  "score": {
    "paragraph_score": [
      {
        "paragraph_scoreT": [
          3,
          2.6,
          2.8
        ],
        "paragraph_scoreT_detail": {
          "paragraph_scoreT_exp": [
            [
              3,
              3,
              3
            ],
            [
              3,
              3,
              2
            ],
            [
              2,
              3,
              3
            ]
          ]
        },
        "paragraph_scoreT_avg": 2.8,
        "paragraph_id": "001"
      }
    ],
    "essay_scoreT": [
      28.8,
      27.599998,
      29.4
    ],
    "essay_scoreT_avg": 28.599998,
    "essay_scoreT_detail": {
      "essay_scoreT_org": [
        [
          3,
          3,
          3,
          3
        ],
        [
          3,
          3,
          3,
          3
        ],
        [
          3,
          3,
          3,
          3
        ]
      ],
      "essay_scoreT_cont": [
        [
          3,
          2,
          3,
          3
        ],
        [
          3,
          2,
          3,
          3
        ],
        [
          3,
          3,
          3,
          3
        ]
      ],
      "essay_scoreT_exp": [
        [
          3,
          3,
          3
        ],
        [
          3,
          3,
          2
        ],
        [
          2,
          3,
          3
        ]
      ]
    }
  },
  "student": {
    "date": "2021.12.01",
    "student_educated": true,
    "student_grade": "고등_2학년",
    "location": "063",
    "student_grade_group": "고등",
    "student_reading": 2
  },
  "rubric": {
    "essay_grade": "고등_2학년",
    "organization_weight": {
      "org_paragraph": 3,
      "org": 3,
      "org_essay": 3,
      "org_coherence": 3,
      "org_quantity": 1
    },
    "essay_type": "주장",
    "content_weight": {
      "con_clearance": 3,
      "con_novelty": 3,
      "con": 4,
      "con_prompt": 1,
      "con_description": 3
    },
    "essay_main_subject": "지적 재산권에 대한 본인의 생각 작성",
    "expression_weight": {
      "exp_style": 4,
      "exp_grammar": 2,
      "exp_vocab": 4,
      "exp": 3
    }
  },
  "correction": [],
  "info": {
    "essay_id": "ESSAY_53067",
    "essay_prompt": " 지적재산권이란 특허권, 실용신안권, 상표권, 디자인권을 총칭하는 개념으로 지적재산권법은 정보생산자에게 일정기간 동안 시장에서의 배타적 지위를 부여하고 있습니다.\n\n 즉, 지적 재산권은 특정 사람이 생각/창작해낸 것을 다른사람들의 무분별한 이용으로 부터 지켜주는 것입니다. 이러한 지적재산권은 개인 혹은 회사 더 나아가 나라에 귀속될 수 있습니다.\n\n 다만, 코로나 시대인 요즘 전 세계적인 재앙인 코로나를 물리칠 수 있는 백신에 대한 지적재산권을 자유롭게 풀어야한다는 의견이 계속해서 나오고 있습니다. \n\n 지적 재산권이 있는 제약회사가 있는 나라의 경우 백신이 충분하며 백신을 맞는 것이 선택의 문제인 반면, 그렇지 못한 나라는 백신을 맞고 싶어도 맞지 못하는 사람들이 많고 항체가 없어 사망하는 경우도 비교적 많이 때문입니다.\n\n 전 세계의 문제를 해결하기 위해 수 많은 돈을 들여 개발한 백신의 지적재산권을 공유하는 것이 의무화 되어야 할까요? 아니면 회사의 선택에 맡겨야할까요? 보상은 어떻게 해야할까요? \n\n 전 세계에 무상으로 공개 해야 한다는 의견이 있을 수도 있고 무상으로 공개한 회사의 경우 팬더믹 상황이 종결 된 후 따로 보상을 해주어야 한다는 의견도 있을 겁니다. 지적재산권의 변하지 않는 신뢰를 위해서라도 무상 공개는 절대 있어서는 안된다는 의견도 있을 것입니다.\n\n 지금까지도 펜더믹 상황에서 코로나19 백신에 대한 특허권을 보장해야 하느냐 풀어야 하느냐 의견이 분분합니다. 이에 대한 자신의 주장을 작성해주세요. 또한, 그렇게 생각한 이유도 설명해주세요.",
    "essay_type": "주장",
    "essay_level": "1",
    "essay_len": 919,
    "essay_main_subject": "지적 재산권에 대한 본인의 생각 작성"
  }
}