{
  "paragraph": [
    {
      "paragraph_txt": "나는 지금의 평가 방식이 옳지 않다고 생각한다.#@문장구분# 사람마다 개개인의 재능도 다르고 좋아 하는 것도 다른데 일괄적인 기준 아래 평가하는 것은 그 사람의 역량을 제대로 반영할 수 없다고 생각하기 때문이다.#@문장구분# 예를 들어 어떤 친구는 영어는 잘하는데 과학을 못한다.#@문장구분# 그런데 대학을 갈 때는 모든 것을 잘해야 갈 수 있다.#@문장구분# 국어, 영어, 수학 같은 주요 과목의 반영 비율이 똑같기 때문이다.#@문장구분# 하지만 나는 이것이 잘못되었다고 생각한다.#@문장구분# 예를 들어 영어영문학과를 가고 싶은 친구가 있다.#@문장구분# 그렇다면 영어와 사회과목의 비중을 높게 보고 수학의 비중을 줄이는 등 학과에 따라 조정이 필요하다고 본다.#@문장구분# 왜냐하면 학교에서 배우는 모든 과목이 그 과와 관련 있지 않은데 공평하게 보는 것은 조금 납득이 어렵기 때문이다.#@문장구분# 영어영문학과를 희망하는 데 수학은 크게 필요가 없다.#@문장구분# 차라리 수학 비중을 좀 더 낮추고 영어를 더 공부하는 편이 학과에 맞는 인재를 기르는데 더 용이 하다고 생각한다.#@문장구분# 그에 따라 지금의 평가 방식에서 가산점 제도로 조금 변화되었으면 좋겠다고 생각한다.#@문장구분# 단점을 보기보다는 강점을 보는 평가 방식으로 바꾸는 것이다.#@문장구분# 그러면 학생들의 자존감도 상승하고 부담감이 줄어들 수 있을 것 같다.#@문장구분# 그렇게 한다면 지금껏 빛을 발하지 못하던 인재를 발견할수도 있고 부담감이 줄어든만큼 시험 스트레스도 줄어들어서 많은 학생들이 전보다는 더 많이 웃을수 있고 또한 현재 학업스트레스로인한 자살률도 많이 낮아질것이라고 본다.#@문장구분# 이렇게 긍정적인 영향들이 많은데 평가방식을 바꾸지 않을 이유가 없다고 생각한다.#@문장구분# 나는 이 낡아빠진 평가방식을 바꾸고 현재 학생들 모두 기분좋은 학창시절을 보냈으면 좋겠다.#@문장구분#",
      "paragraph_len": 1160,
      "paragraph_id": "001"
    }
  ],
  "score": {
    "paragraph_score": [
      {
        "paragraph_scoreT": [
          2.8,
          2.4,
          3
        ],
        "paragraph_scoreT_detail": {
          "paragraph_scoreT_exp": [
            [
              2,
              3,
              3
            ],
            [
              2,
              3,
              2
            ],
            [
              3,
              3,
              3
            ]
          ]
        },
        "paragraph_scoreT_avg": 2.7333333,
        "paragraph_id": "001"
      }
    ],
    "essay_scoreT": [
      28.2,
      27,
      27.2
    ],
    "essay_scoreT_avg": 27.466667,
    "essay_scoreT_detail": {
      "essay_scoreT_org": [
        [
          3,
          0,
          3,
          3
        ],
        [
          3,
          0,
          3,
          3
        ],
        [
          3,
          0,
          3,
          3
        ]
      ],
      "essay_scoreT_cont": [
        [
          3,
          2,
          3,
          3
        ],
        [
          3,
          2,
          3,
          3
        ],
        [
          2,
          2,
          2,
          3
        ]
      ],
      "essay_scoreT_exp": [
        [
          2,
          3,
          3
        ],
        [
          2,
          3,
          2
        ],
        [
          3,
          3,
          3
        ]
      ]
    }
  },
  "student": {
    "date": "2021.12.14",
    "student_educated": true,
    "student_grade": "고등_1학년",
    "location": "054",
    "student_grade_group": "고등",
    "student_reading": 3
  },
  "rubric": {
    "essay_grade": "고등_1학년",
    "organization_weight": {
      "org_paragraph": 0,
      "org": 3,
      "org_essay": 6,
      "org_coherence": 3,
      "org_quantity": 1
    },
    "essay_type": "주장",
    "content_weight": {
      "con_clearance": 3,
      "con_novelty": 3,
      "con": 4,
      "con_prompt": 1,
      "con_description": 3
    },
    "essay_main_subject": "평가에 대한 본인의 의견",
    "expression_weight": {
      "exp_style": 4,
      "exp_grammar": 2,
      "exp_vocab": 4,
      "exp": 3
    }
  },
  "correction": [],
  "info": {
    "essay_id": "ESSAY_78996",
    "essay_prompt": " 평가는 일반적으로 평가대상의 장점과 가치를 결정하는 과정을 말합니다.\n\n 세상에는 무수히 많은 평가 방법들이 존재하고 그 주제도 다양합니다.\n\n 우리나라의 경우는 어떨까요? 중간, 기말시험이 있고 미술과 같은 기본기와 창의성을 평가하는 과목도 있습니다. 체육과 같은 신체적인 능력을 평가하는 과목도 있지요. 모두 적절한 기준이 있으며 매우 객관적인 기준이라고 말합니다.\n\n 하지만 여러분이 생각하기에 모든 학생을 동일한 평가지표에 맞추어 평가하는 것이 올바른 방식이라고 생각하나요?\n\n 사람마다 특성이 존재하듯 각각의 목표 또한 다르고 성과도 다를 수 있습니다. 특정 기준에 의존해 본인의 성과도를 평가하는 것이 바르다고 생각되나요?\n\n 현재의 평가 방식은 최고의 객관적인 평가 방식이라고 생각하신다면 그 이유를 작성해주세요. 아니라면 어떤 평가 기준이 추가되어야 하고 또한 어떤 생각으로 평가가 이루어졌으면 좋겠는지 서술해 주세요.",
    "essay_type": "주장",
    "essay_level": "2",
    "essay_len": 820,
    "essay_main_subject": "평가에 대한 본인의 의견"
  }
}