{
  "paragraph": [
    {
      "paragraph_txt": "나는 우리나라의 평가중 한 집단의 성적을 절대적 기준에 따라 평가하는 방식이며 \"목표 지향 평가\" 또는 \"준거 지향 평가\"라고도 하는 절대평가와 시험 성적 등을 비롯한 어떠한 기준 중의 하나로, 절대평가와 반대되는 개념이며 \"규준 지향 평가\"라고도하는 상대평가가 있다.#@문장구분# 일단 나는 이러한 절대평가와 상대평가가 서로 반대되는 성격이긴 하지만 각각 다른 방향에서는 객관적인 평가 방식이라고 생각한다.#@문장구분# 일단 절대평가는 학습자의 학업 성취도를 절대적인 기준에 따라 평가하는 일을 뜻한다.#@문장구분# 쉽게 이야기 하자면 절대평가란 '변하지 않는 기준'에 비추어 평가를 하는 방법이다.#@문장구분# 예를 들면, 60점 이상은 합격, 그 밑은 불합격이라는 기준을 세웠다면 얼마나 많은 사람이 60점 이상의 득점을 했는지에는 상관없이 점수가 60점만 넘으면 모두 합격시키겠다는 뜻이다.#@문장구분# 그리고 상대평가는 '기준이 변하는' 평가이다.#@문장구분# 예를 들어 한 학생이 받은 점수가 다른 학생들이 받은 점수에 의해 상대적으로 결정되는 평가방식'기준이 변한다'의 의미란, 사람들이 받은 점수에 따라 등급의 기준이 변한다는 것이다.#@문장구분# 쉽게 설명하자면, 점수가 높은 순으로 10명을 합격시키겠다고 하면 10등의 점수가 몇 점인지에 따라 합격의 기준이 변하는 것이다.#@문장구분# 우리나라는 수능에 이러한 상대평가를 적용시켰다.#@문장구분# 나는 이러한 평가 기준들이 둘다 객관적인 평과라고 생각한다.#@문장구분# 왜냐하면 일단 둘 다 효율을 높이기에 많은 영향을 차지하고 우리 평가 기준들에도 많이 사용되며 각기 다른 방면에서 좋은 성적을 나타내어 보이고 있기 때문이다.#@문장구분# 그리고 또한 이미 자리잡힌 이런 평가 기준들을 바꾸어 버리면 우리가 바뀌어 버린 기준에 적응하지 못하는 경우가 발생할 수도 있다.#@문장구분#",
      "paragraph_len": 1081,
      "paragraph_id": "001"
    }
  ],
  "score": {
    "paragraph_score": [
      {
        "paragraph_scoreT": [
          3,
          3,
          3
        ],
        "paragraph_scoreT_detail": {
          "paragraph_scoreT_exp": [
            [
              3,
              3,
              3
            ],
            [
              3,
              3,
              3
            ],
            [
              3,
              3,
              3
            ]
          ]
        },
        "paragraph_scoreT_avg": 3,
        "paragraph_id": "001"
      }
    ],
    "essay_scoreT": [
      28.8,
      28.8,
      28.4
    ],
    "essay_scoreT_avg": 28.666666,
    "essay_scoreT_detail": {
      "essay_scoreT_org": [
        [
          3,
          0,
          3,
          3
        ],
        [
          3,
          0,
          3,
          3
        ],
        [
          3,
          0,
          3,
          3
        ]
      ],
      "essay_scoreT_cont": [
        [
          3,
          2,
          3,
          3
        ],
        [
          3,
          2,
          3,
          3
        ],
        [
          2,
          3,
          2,
          3
        ]
      ],
      "essay_scoreT_exp": [
        [
          3,
          3,
          3
        ],
        [
          3,
          3,
          3
        ],
        [
          3,
          3,
          3
        ]
      ]
    }
  },
  "student": {
    "date": "2021.12.27",
    "student_educated": true,
    "student_grade": "고등_1학년",
    "location": "063",
    "student_grade_group": "고등",
    "student_reading": 2
  },
  "rubric": {
    "essay_grade": "고등_1학년",
    "organization_weight": {
      "org_paragraph": 0,
      "org": 3,
      "org_essay": 6,
      "org_coherence": 3,
      "org_quantity": 1
    },
    "essay_type": "주장",
    "content_weight": {
      "con_clearance": 3,
      "con_novelty": 3,
      "con": 4,
      "con_prompt": 1,
      "con_description": 3
    },
    "essay_main_subject": "평가에 대한 본인의 의견",
    "expression_weight": {
      "exp_style": 4,
      "exp_grammar": 2,
      "exp_vocab": 4,
      "exp": 3
    }
  },
  "correction": [],
  "info": {
    "essay_id": "ESSAY_79790",
    "essay_prompt": " 평가는 일반적으로 평가대상의 장점과 가치를 결정하는 과정을 말합니다.\n\n 세상에는 무수히 많은 평가 방법들이 존재하고 그 주제도 다양합니다.\n\n 우리나라의 경우는 어떨까요? 중간, 기말시험이 있고 미술과 같은 기본기와 창의성을 평가하는 과목도 있습니다. 체육과 같은 신체적인 능력을 평가하는 과목도 있지요. 모두 적절한 기준이 있으며 매우 객관적인 기준이라고 말합니다.\n\n 하지만 여러분이 생각하기에 모든 학생을 동일한 평가지표에 맞추어 평가하는 것이 올바른 방식이라고 생각하나요?\n\n 사람마다 특성이 존재하듯 각각의 목표 또한 다르고 성과도 다를 수 있습니다. 특정 기준에 의존해 본인의 성과도를 평가하는 것이 바르다고 생각되나요?\n\n 현재의 평가 방식은 최고의 객관적인 평가 방식이라고 생각하신다면 그 이유를 작성해주세요. 아니라면 어떤 평가 기준이 추가되어야 하고 또한 어떤 생각으로 평가가 이루어졌으면 좋겠는지 서술해 주세요.",
    "essay_type": "주장",
    "essay_level": "2",
    "essay_len": 841,
    "essay_main_subject": "평가에 대한 본인의 의견"
  }
}