{
  "paragraph": [
    {
      "paragraph_txt": "지필 서술형 평가는 강의식 수업과도 연동이 되면서 평가의 용이성 객관성 등을 담보할 수 있기 때문에 교사들 사이에서도 서술형 평가만 하자는 쪽이 힘이 실린다고 한다.#@문장구분# 이런상황에서 녹록지 않지만 일부분이라도 학생 참여형 수업을 하고 수업과 연동된 활동형 평가등을 시도했던 교사들은 더 이상 이런 방식의 수업과 평가를 하는게 쉽지않다.#@문장구분# 개념을 아는지 여부를 확인하는 수준으로 나오는 현재의 서술형 평가는 객관적인 기준이 명확해 논란을 줄일 수 있다.#@문장구분# 실제 수행평가를 제대로 하는 교사의 수업을 보면 아이들이 전혀 부담스러워하지 않는다.#@문장구분# 수업을 통해 생각하는 능력을 기른 경험들을 해보고 현장에서 평가가 이뤄지니 어려움이 없다는 것이다.#@문장구분#이 평가란 우리의 수행능력을 평가하고 평소했던 노력에 대해 평가하는 것이기 때문에 평소 노력해왔던 사람이라면 이 평가를 긍정적인 방향으로 볼 것이라고 생각한다.#@문장구분# 우리나라에는 수행평가라는 것이 있다#@문장구분# 이것은 학생평가 방식으로 넓은 개념으로는 지필평가 가운데선택형 문항을 제외한 서술형으로 쓰기 발표하기 등을 모두 포함하는 개념이라고 한다.#@문장구분# 수행평가를 둘러싸고는 여러논란이 있었지만 나름의 성과도 있다.#@문장구분#정기고사에서 실시하는 일회적인 평가방식에서 벗어나 학생의 다양한 능력을 측정하자는 취지에 맞게 다양한 활동들이 시도가 됐기 때문이다.#@문장구분# 수행평가의 평가 방법이 적절한 과목으로는 음악 미술 체육 등 실기위주 과목과 국어 사회등이 손꼽혀 왔다.#@문장구분# 하지만 정기고사의 서술형으로 수행평가를 대체 할 수도 있다는 등의 안이 나오면서 그나마 학생들의 다양한 활동을 장려했던 수행평가의 취지도 흔들리고 있다.#@문장구분# 장점과 가치를 결정하는 과정을 평가라고 하였을 때 이 평가는 우리에게 굉장히 중요한 역할을 한다.#@문장구분#",
      "paragraph_len": 1109,
      "paragraph_id": "001"
    }
  ],
  "score": {
    "paragraph_score": [
      {
        "paragraph_scoreT": [
          3,
          3,
          3
        ],
        "paragraph_scoreT_detail": {
          "paragraph_scoreT_exp": [
            [
              3,
              3,
              3
            ],
            [
              3,
              3,
              3
            ],
            [
              3,
              3,
              3
            ]
          ]
        },
        "paragraph_scoreT_avg": 3,
        "paragraph_id": "001"
      }
    ],
    "essay_scoreT": [
      24.9,
      28.4,
      26
    ],
    "essay_scoreT_avg": 26.433334,
    "essay_scoreT_detail": {
      "essay_scoreT_org": [
        [
          2,
          0,
          2,
          3
        ],
        [
          3,
          0,
          3,
          3
        ],
        [
          3,
          0,
          3,
          3
        ]
      ],
      "essay_scoreT_cont": [
        [
          2,
          2,
          3,
          3
        ],
        [
          3,
          2,
          2,
          3
        ],
        [
          2,
          2,
          2,
          2
        ]
      ],
      "essay_scoreT_exp": [
        [
          3,
          3,
          3
        ],
        [
          3,
          3,
          3
        ],
        [
          3,
          3,
          3
        ]
      ]
    }
  },
  "student": {
    "date": "2021.12.29",
    "student_educated": true,
    "student_grade": "고등_1학년",
    "location": "063",
    "student_grade_group": "고등",
    "student_reading": 2
  },
  "rubric": {
    "essay_grade": "고등_1학년",
    "organization_weight": {
      "org_paragraph": 0,
      "org": 3,
      "org_essay": 6,
      "org_coherence": 3,
      "org_quantity": 1
    },
    "essay_type": "주장",
    "content_weight": {
      "con_clearance": 3,
      "con_novelty": 3,
      "con": 4,
      "con_prompt": 1,
      "con_description": 3
    },
    "essay_main_subject": "평가에 대한 본인의 의견",
    "expression_weight": {
      "exp_style": 4,
      "exp_grammar": 2,
      "exp_vocab": 4,
      "exp": 3
    }
  },
  "correction": [],
  "info": {
    "essay_id": "ESSAY_84109",
    "essay_prompt": " 평가는 일반적으로 평가대상의 장점과 가치를 결정하는 과정을 말합니다.\n\n 세상에는 무수히 많은 평가 방법들이 존재하고 그 주제도 다양합니다.\n\n 우리나라의 경우는 어떨까요? 중간, 기말시험이 있고 미술과 같은 기본기와 창의성을 평가하는 과목도 있습니다. 체육과 같은 신체적인 능력을 평가하는 과목도 있지요. 모두 적절한 기준이 있으며 매우 객관적인 기준이라고 말합니다.\n\n 하지만 여러분이 생각하기에 모든 학생을 동일한 평가지표에 맞추어 평가하는 것이 올바른 방식이라고 생각하나요?\n\n 사람마다 특성이 존재하듯 각각의 목표 또한 다르고 성과도 다를 수 있습니다. 특정 기준에 의존해 본인의 성과도를 평가하는 것이 바르다고 생각되나요?\n\n 현재의 평가 방식은 최고의 객관적인 평가 방식이라고 생각하신다면 그 이유를 작성해주세요. 아니라면 어떤 평가 기준이 추가되어야 하고 또한 어떤 생각으로 평가가 이루어졌으면 좋겠는지 서술해 주세요.",
    "essay_type": "주장",
    "essay_level": "2",
    "essay_len": 849,
    "essay_main_subject": "평가에 대한 본인의 의견"
  }
}