{
  "paragraph": [
    {
      "paragraph_txt": "한국에서도 인종차별이 매우 심각하다. #@문장구분#모든사람이 그런 것은 아니지만 한국인들은 백인에게는 친절하고 우대하면서 동남아시아, 흑인등에게는 무시하거나 피하는 경향이 있다고 한다. #@문장구분#나와 다르다고 인격을 모독하거나 심한 폭행, 폭언, 집단괴롭힘과 같은 문제로 인하여 심각한 정신적 충격과 상처를 받는다고 하니 아직도 심각한 인종차별이 곳곳에 많이 남아 있음을 알고 있어야 될 것이다. #@문장구분#인종차별을 반대하기 위해 여러 가지 캠패인이 진행되고 있다. #@문장구분#바나나 인증 릴레이라는 캠페인은 비야레앙과 바드리드의 경기중에 코너킥을 차기위해 기다리던 선수에게 바나나를 던져 시작된 것으로 사람을 원숭이로 비하해 던진 바나나를 근수가 그대로 먹음으로써 인종차별에 대처하였다고 한다.#@문장구분# 그 관경을 보고 격분한 축구선수와 관람객들이 바나나 먹는 사진을 SNS에 올리며 시작된 것이다.#@문장구분# 인종차별에 반대하는 흑백사진 릴레이는 이이스버킷 챌린지와 비슷하게 유행처럼 퍼지는 인종차별 캠페인이다. #@문장구분#피부색 구분없이 특정인종을 차별하지 않고 평등하게 대우하자는 취지로 자신의 모습이 담긴 흑백사진을 게재한 후 다른 친구를 지목하는 방식으로 많은 연예인이 참여하며 인종차별 인식 개선에 힘을 실어주고 있다.#@문장구분# 마지막으로 인종차별 없애기 '나도 옥스퍼드입니다' 는 영국 옥스퍼드 대학교에서 인종차별을 없애기 위해 실시하는 프로젝트로 유색인종학생들이 이 대학생활중 겪은 인종차별에 대한 에피소드를 소개하며 인종차별 문제에 대하여 알리는 기회를 마련해서 화제가 되었고 하버드 대학교에서 먼저 시작해서 옥스퍼드로 넘어왔다고 한다. #@문장구분#이렇게 여러 가지 방식으로 인종차별에 대해 반대하는 캠페인들이 많이 있다. #@문장구분#나름 다름을 인정하고 서로의 문화와 외모를 열린 마음으로 받아 들인다면 살기좋은 지구촌이 될거라고 생각하며 나도 바나나인증과 흑백 사진 올리는 SNS 캠페인을 진행하여보았다.#@문장구분#",
      "paragraph_len": 1129,
      "paragraph_id": "001"
    }
  ],
  "score": {
    "paragraph_score": [
      {
        "paragraph_scoreT": [
          2.8,
          3,
          3
        ],
        "paragraph_scoreT_detail": {
          "paragraph_scoreT_exp": [
            [
              2,
              3,
              3
            ],
            [
              3,
              3,
              3
            ],
            [
              3,
              3,
              3
            ]
          ]
        },
        "paragraph_scoreT_avg": 2.9333334,
        "paragraph_id": "001"
      }
    ],
    "essay_scoreT": [
      27.900002,
      28.8,
      27.3
    ],
    "essay_scoreT_avg": 28,
    "essay_scoreT_detail": {
      "essay_scoreT_org": [
        [
          3,
          3,
          3,
          2
        ],
        [
          3,
          3,
          3,
          3
        ],
        [
          2,
          2,
          2,
          3
        ]
      ],
      "essay_scoreT_cont": [
        [
          3,
          2,
          3,
          3
        ],
        [
          3,
          2,
          3,
          3
        ],
        [
          3,
          3,
          3,
          3
        ]
      ],
      "essay_scoreT_exp": [
        [
          2,
          3,
          3
        ],
        [
          3,
          3,
          3
        ],
        [
          3,
          3,
          3
        ]
      ]
    }
  },
  "student": {
    "date": "2021.11.25",
    "student_educated": true,
    "student_grade": "고등_2학년",
    "location": "063",
    "student_grade_group": "고등",
    "student_reading": 1
  },
  "rubric": {
    "essay_grade": "고등_2학년",
    "organization_weight": {
      "org_paragraph": 3,
      "org": 3,
      "org_essay": 3,
      "org_coherence": 3,
      "org_quantity": 1
    },
    "essay_type": "주장",
    "content_weight": {
      "con_clearance": 3,
      "con_novelty": 3,
      "con": 4,
      "con_prompt": 1,
      "con_description": 3
    },
    "essay_main_subject": "인종차별에 대한 본인의 생각",
    "expression_weight": {
      "exp_style": 4,
      "exp_grammar": 2,
      "exp_vocab": 4,
      "exp": 3
    }
  },
  "correction": [],
  "info": {
    "essay_id": "ESSAY_53115",
    "essay_prompt": " 최근 중국발 코로나바이러스로 인해 동양인에 대한 혐오감을 나타내는 서양인들이 늘어나고 있습니다. 그로 인해, 매스컴이나 SNS에서 인종차별을 받아 힘들어하는 동양인들을 자주 목격할 수 있습니다.\n\n 하지만, 최근에만 인종차별이 존재했을까요? 아닙니다. 아주 오래전부터 다른 인종에 대한 차별은 있었습니다.\n\n 우리나라에서는 인종차별을 안 하고 있을까요? 아닙니다. 우리나라에서도 알게 모르게 많은 부분에서 다른 국가의 사람들에 대해 인종차별을 하고 있으며 누군가에게 상처를 주고 있습니다.\n\n 즉, 인종차별은 누군가의 문제가 아니라 우리 모두의 문제입니다.\n\n 여러분들은 인종차별을 당해보신 적 있나요? 인종차별을 하는 사람들에 대해 어떻게 생각하시나요? 왜 생겨났다고 생각하나요? 인종차별을 근절하기 위해서는 어떻게 해야 할까요? 인종차별을 하는 사람들에 대해 전 세계적으로 처벌의 강도를 높여야 할까요?\n\n 인종차별을 하는 사람들에 대한 본인의 생각을 작성하고 인종차별은 해결할 수 있는 문제일지 아니면 해결하지 어려운 문제일지 작성해주세요. 또한, 그렇게 생각한 이유와 본인이 생각한 해결방법 혹은 해결할 수 없다면 왜 해결할 수 없다고 생각하는지 작성해주세요.",
    "essay_type": "주장",
    "essay_level": "1",
    "essay_len": 910,
    "essay_main_subject": "인종차별에 대한 본인의 생각"
  }
}