{
  "paragraph": [
    {
      "paragraph_txt": "대학입시와 가장 연관성 있는 고등학교나 수능 시험에서의 부정행위는 정의를 해치는 가장 큰 이유 중 하나이다.#@문장구분# 나라에서도 부정행위를 막기 위해 제도를 만들지만 아직도 우리가 모르는 곳에서 유리한 인맥을 가지고 이득을 취하는 학생들이 많을 것이다.#@문장구분# 이런 것들을 없애고 오로지 학생 그자체로만 평가하는 것에서부터 정의가 실현된다고 생각한다.#@문장구분# 정의가 실현되기 위해서는 나라가 부정행위나 차별을 막아야 하며 학생들도 자신 스스로의 능력을 스스로 입증 할 수 있는 학생이 되어야 한다.#@문장구분# 그 때가 되면 비로소 정의가 실현되는 순간일 것이다.#@문장구분# 지금까지의 이야기가 너무 낙관적인 이야기일 수 있으나 원래 정의가 실현되기는 쉬운 일이 아니기 때문에 모두가 노력해야 하는 한다.#@문장구분#는 지표를 가지고 평가를 하는 것도 어느 정도 오차는 있을 것이다.#@문장구분# 신체적인 활동을 하는 체육같은 경우에도 평균치가 있겠지만 초단위나 미터에서도 미세한 부분을 가지고 객관적인 평가를 하기에는 문제가 있다고 생각한다.#@문장구분# 운동이나 다른것들은 사람마다의 노력도 분명 영향을 끼칠태지만 그  하지만 공부는 어떤가 물론 다른것처럼 사람마다의 재능도 영향을 끼치지만 재능보다도 주로 그 사람이 하는 노력에 따라서 성적이 많이 갈리기 때문에 제일 공평한 평가방법이라고 생각하는거 같다.#@문장구분# 그렇기에 그 사람이 해온 노력이 드러나는 수학능력시험에서 성적으로 사람의 가치를 매기고 평가하는것도 나는 잘못된 거라고 생각하지 않는다.#@문장구분# 그리고 나는 사람을 평가하는 것도 딱히 부정하지 않는다.#@문장구분# 사람을 그 사람의 능력에 따라서 평가하면 아까 말했듯 그 사람의 선척적 재능에 따라서 불평등한 평가가 될수도 있다.#@문장구분#",
      "paragraph_len": 1045,
      "paragraph_id": "001"
    }
  ],
  "score": {
    "paragraph_score": [
      {
        "paragraph_scoreT": [
          2.4,
          2.8,
          2.8
        ],
        "paragraph_scoreT_detail": {
          "paragraph_scoreT_exp": [
            [
              2,
              3,
              2
            ],
            [
              2,
              3,
              3
            ],
            [
              2,
              3,
              3
            ]
          ]
        },
        "paragraph_scoreT_avg": 2.6666667,
        "paragraph_id": "001"
      }
    ],
    "essay_scoreT": [
      20,
      28.2,
      25.5
    ],
    "essay_scoreT_avg": 24.566666,
    "essay_scoreT_detail": {
      "essay_scoreT_org": [
        [
          2,
          0,
          2,
          2
        ],
        [
          3,
          0,
          3,
          3
        ],
        [
          2,
          0,
          2,
          3
        ]
      ],
      "essay_scoreT_cont": [
        [
          2,
          1,
          2,
          2
        ],
        [
          3,
          2,
          3,
          3
        ],
        [
          3,
          2,
          3,
          3
        ]
      ],
      "essay_scoreT_exp": [
        [
          2,
          3,
          2
        ],
        [
          2,
          3,
          3
        ],
        [
          2,
          3,
          3
        ]
      ]
    }
  },
  "student": {
    "date": "2021.12.27",
    "student_educated": true,
    "student_grade": "고등_1학년",
    "location": "063",
    "student_grade_group": "고등",
    "student_reading": 2
  },
  "rubric": {
    "essay_grade": "고등_1학년",
    "organization_weight": {
      "org_paragraph": 0,
      "org": 3,
      "org_essay": 6,
      "org_coherence": 3,
      "org_quantity": 1
    },
    "essay_type": "주장",
    "content_weight": {
      "con_clearance": 3,
      "con_novelty": 3,
      "con": 4,
      "con_prompt": 1,
      "con_description": 3
    },
    "essay_main_subject": "평가에 대한 본인의 의견",
    "expression_weight": {
      "exp_style": 4,
      "exp_grammar": 2,
      "exp_vocab": 4,
      "exp": 3
    }
  },
  "correction": [],
  "info": {
    "essay_id": "ESSAY_79773",
    "essay_prompt": " 평가는 일반적으로 평가대상의 장점과 가치를 결정하는 과정을 말합니다.\n\n 세상에는 무수히 많은 평가 방법들이 존재하고 그 주제도 다양합니다.\n\n 우리나라의 경우는 어떨까요? 중간, 기말시험이 있고 미술과 같은 기본기와 창의성을 평가하는 과목도 있습니다. 체육과 같은 신체적인 능력을 평가하는 과목도 있지요. 모두 적절한 기준이 있으며 매우 객관적인 기준이라고 말합니다.\n\n 하지만 여러분이 생각하기에 모든 학생을 동일한 평가지표에 맞추어 평가하는 것이 올바른 방식이라고 생각하나요?\n\n 사람마다 특성이 존재하듯 각각의 목표 또한 다르고 성과도 다를 수 있습니다. 특정 기준에 의존해 본인의 성과도를 평가하는 것이 바르다고 생각되나요?\n\n 현재의 평가 방식은 최고의 객관적인 평가 방식이라고 생각하신다면 그 이유를 작성해주세요. 아니라면 어떤 평가 기준이 추가되어야 하고 또한 어떤 생각으로 평가가 이루어졌으면 좋겠는지 서술해 주세요.",
    "essay_type": "주장",
    "essay_level": "2",
    "essay_len": 806,
    "essay_main_subject": "평가에 대한 본인의 의견"
  }
}