{
  "paragraph": [
    {
      "paragraph_txt": "평가라는 것은 비단 학교에서 시험으로 하는 평가 외에도 사무실, 친구들 사이에서도 자신에 대한 평가가 이루어지기도 한다.#@문장구분# 이렇듯 평가들은 사람에게 있어서 가장 필수적인 요소 중 하나라고 생각된다.#@문장구분# 또한 평가는 소중한 우리만의 재산이며, 우리가 활용할 줄 알아야 된다고 생각한다.#@문장구분# 수학능력시험은 대학 교육에 필요한 수학능력 측정을 목적으로 하고 있다.#@문장구분# 이는 수학능력시험이 제대로 된 교육평가를 수행하고 있는 것임을 알려준다.#@문장구분# 왜냐하면, 교육평가는 단지, 목표달성중심 정의에 의해서만 판단되지 않는다.#@문장구분# 넓은 의미로 보았을 때, 가치, 장점을 판단하는 교육평가로도 볼 수 있는 것이다.#@문장구분# 대학 교육에 필요한 수학(修學) 능력 측정을 기반으로 하여 학생들의 가치를 판단하고자 함이 목적이기에, 교육평가의 정의를 제대로 실현하고 있다고 판단된다.#@문장구분# 문항을 풀이하는 과정을 전혀 평가하지 않고 순전히 결과만을 평가하고 있다는 것인데, 이러한 평가 과정에서는 대학 교육의 수학 능력을 온전히 평가하기 힘들다.#@문장구분# 이러한 이유들로 현재 시행되는 목표 달성 중심의 평가 과정에서는 본래의 취지인 대학 교육의 수학 능력을 제대로 평가하지 못할뿐더러 교육 평가의 정의 중 가치의 판단 또한 제대로 실현될 수 없다.#@문장구분# 따라서 많은 교육 분야 전문가들의 다양한 의견이나 개편안 등을 참고하여 현재 교육 과정의 문제점을 파악하고 대학수학능력시험의 본질적인 목표를 달성할 수 있도록 노력을 기울여야 할 것이다.#@문장구분# 고등학교의 교육에도 지대한 영향을 미쳐 고등학교 교육의 질적 저하를 가져오는 요인이 되는점, 수험생들에게 과중한 심리적 부담을 주면서 교육적 효과는 매우 낮다는 점 등등으로 설명하였다.#@문장구분# 현재의 대학수학능력시험이 학생이 학과와 적성이 맞는지를 평가하지 못하고 있다는 것을 의미한다.#@문장구분#",
      "paragraph_len": 1130,
      "paragraph_id": "001"
    }
  ],
  "score": {
    "paragraph_score": [
      {
        "paragraph_scoreT": [
          3,
          3,
          2.2
        ],
        "paragraph_scoreT_detail": {
          "paragraph_scoreT_exp": [
            [
              3,
              3,
              3
            ],
            [
              3,
              3,
              3
            ],
            [
              3,
              2,
              2
            ]
          ]
        },
        "paragraph_scoreT_avg": 2.7333333,
        "paragraph_id": "001"
      }
    ],
    "essay_scoreT": [
      30,
      24.5,
      23.900002
    ],
    "essay_scoreT_avg": 26.133333,
    "essay_scoreT_detail": {
      "essay_scoreT_org": [
        [
          3,
          0,
          3,
          3
        ],
        [
          2,
          0,
          2,
          3
        ],
        [
          3,
          0,
          2,
          3
        ]
      ],
      "essay_scoreT_cont": [
        [
          3,
          3,
          3,
          3
        ],
        [
          3,
          2,
          2,
          2
        ],
        [
          2,
          2,
          2,
          3
        ]
      ],
      "essay_scoreT_exp": [
        [
          3,
          3,
          3
        ],
        [
          3,
          3,
          3
        ],
        [
          3,
          2,
          2
        ]
      ]
    }
  },
  "student": {
    "date": "2021.12.29",
    "student_educated": true,
    "student_grade": "고등_1학년",
    "location": "063",
    "student_grade_group": "고등",
    "student_reading": 2
  },
  "rubric": {
    "essay_grade": "고등_1학년",
    "organization_weight": {
      "org_paragraph": 0,
      "org": 3,
      "org_essay": 6,
      "org_coherence": 3,
      "org_quantity": 1
    },
    "essay_type": "주장",
    "content_weight": {
      "con_clearance": 3,
      "con_novelty": 3,
      "con": 4,
      "con_prompt": 1,
      "con_description": 3
    },
    "essay_main_subject": "평가에 대한 본인의 의견",
    "expression_weight": {
      "exp_style": 4,
      "exp_grammar": 2,
      "exp_vocab": 4,
      "exp": 3
    }
  },
  "correction": [],
  "info": {
    "essay_id": "ESSAY_84019",
    "essay_prompt": " 평가는 일반적으로 평가대상의 장점과 가치를 결정하는 과정을 말합니다.\n\n 세상에는 무수히 많은 평가 방법들이 존재하고 그 주제도 다양합니다.\n\n 우리나라의 경우는 어떨까요? 중간, 기말시험이 있고 미술과 같은 기본기와 창의성을 평가하는 과목도 있습니다. 체육과 같은 신체적인 능력을 평가하는 과목도 있지요. 모두 적절한 기준이 있으며 매우 객관적인 기준이라고 말합니다.\n\n 하지만 여러분이 생각하기에 모든 학생을 동일한 평가지표에 맞추어 평가하는 것이 올바른 방식이라고 생각하나요?\n\n 사람마다 특성이 존재하듯 각각의 목표 또한 다르고 성과도 다를 수 있습니다. 특정 기준에 의존해 본인의 성과도를 평가하는 것이 바르다고 생각되나요?\n\n 현재의 평가 방식은 최고의 객관적인 평가 방식이라고 생각하신다면 그 이유를 작성해주세요. 아니라면 어떤 평가 기준이 추가되어야 하고 또한 어떤 생각으로 평가가 이루어졌으면 좋겠는지 서술해 주세요.",
    "essay_type": "주장",
    "essay_level": "2",
    "essay_len": 870,
    "essay_main_subject": "평가에 대한 본인의 의견"
  }
}