{
  "paragraph": [
    {
      "paragraph_txt": "저는 현재의 평가 방식이 그렇게 적절하지 못하다고 생각합니다.#@문장구분# 중간고사, 기말고사와 같은 시험은 문제에 오류가 없다면 최고의 객관성을 가질 수 있는 평가 방법일 것입니다.#@문장구분# 답이 명확하게 정해져 있기 때문입니다.#@문장구분# 하지만 제가 이러한 평가 방식이 적절하지 못하다고 생각하는 이유는 우리가 배우는 모든 과목에는 답이 정해져 있지 않기 때문입니다.#@문장구분# 하물며 답이 반드시 정해지는 수학마저도 그 풀이는 많게는 수십 가지가 나올 수 있습니다.#@문장구분# 대표적인 예시로 피타고라스 정리를 증명할 때 우리가 보통 학교에서 배우는 방법만 다섯 가지인 것을 보면 쉽게 알 수 있습니다.#@문장구분# 하지만 우리는 평가의 객관성과 공정성이라는 명분 아래에 문제의 답과 풀이를 하나로 정해버리고, 그에 어긋나는 답을 하면 점수를 깎습니다.#@문장구분# 제가 적절하지 못하다고 지적하는 부분은 바로 이러한 부분입니다.#@문장구분# 답이 무궁무진한 학문에서 답을 정해서 배우기 때문에 어쩌면 우리가 창의력이 부족해지는 것은 당연한 현상일지도 모릅니다.#@문장구분#   그래서 저는 현재의 평가 방식의 이러한 문제점을 보완하기 위해 만든 수행평가의 모습을 조금 바꿀 것을 제안합니다.#@문장구분# 물론 세부적인 내용 및 과정은 과목에 따라 다르겠지만, 큰 틀은 수업에서 배운 것을 바탕으로 실생활의 문제를 해결하는 방향으로 진행하면 좋겠다고 생각합니다.#@문장구분# 이렇게 평가를 진행한다면 시험으로 기본적인 지식적 역량을 평가하고, 변형된 수행평가를 통해 창의력을 기를 수 있으며, 결국은 실생활의 문제를 '해결'해야 하기 때문에 결과를 통해 수행평가에서 확보하기 쉽지 않은 최소한의 객관성도 잡을 수 있으리라 생각합니다.#@문장구분#",
      "paragraph_len": 1030,
      "paragraph_id": "001"
    }
  ],
  "score": {
    "paragraph_score": [
      {
        "paragraph_scoreT": [
          3,
          3,
          3
        ],
        "paragraph_scoreT_detail": {
          "paragraph_scoreT_exp": [
            [
              3,
              3,
              3
            ],
            [
              3,
              3,
              3
            ],
            [
              3,
              3,
              3
            ]
          ]
        },
        "paragraph_scoreT_avg": 3,
        "paragraph_id": "001"
      }
    ],
    "essay_scoreT": [
      28.8,
      28.8,
      27.2
    ],
    "essay_scoreT_avg": 28.266668,
    "essay_scoreT_detail": {
      "essay_scoreT_org": [
        [
          3,
          0,
          3,
          3
        ],
        [
          3,
          0,
          3,
          3
        ],
        [
          3,
          0,
          3,
          3
        ]
      ],
      "essay_scoreT_cont": [
        [
          3,
          2,
          3,
          3
        ],
        [
          3,
          2,
          3,
          3
        ],
        [
          2,
          2,
          2,
          3
        ]
      ],
      "essay_scoreT_exp": [
        [
          3,
          3,
          3
        ],
        [
          3,
          3,
          3
        ],
        [
          3,
          3,
          3
        ]
      ]
    }
  },
  "student": {
    "date": "2021.12.20",
    "student_educated": true,
    "student_grade": "고등_1학년",
    "location": "033",
    "student_grade_group": "고등",
    "student_reading": 3
  },
  "rubric": {
    "essay_grade": "고등_1학년",
    "organization_weight": {
      "org_paragraph": 0,
      "org": 3,
      "org_essay": 6,
      "org_coherence": 3,
      "org_quantity": 1
    },
    "essay_type": "주장",
    "content_weight": {
      "con_clearance": 3,
      "con_novelty": 3,
      "con": 4,
      "con_prompt": 1,
      "con_description": 3
    },
    "essay_main_subject": "평가에 대한 본인의 의견",
    "expression_weight": {
      "exp_style": 4,
      "exp_grammar": 2,
      "exp_vocab": 4,
      "exp": 3
    }
  },
  "correction": [],
  "info": {
    "essay_id": "ESSAY_76438",
    "essay_prompt": " 평가는 일반적으로 평가대상의 장점과 가치를 결정하는 과정을 말합니다.\n\n 세상에는 무수히 많은 평가 방법들이 존재하고 그 주제도 다양합니다.\n\n 우리나라의 경우는 어떨까요? 중간, 기말시험이 있고 미술과 같은 기본기와 창의성을 평가하는 과목도 있습니다. 체육과 같은 신체적인 능력을 평가하는 과목도 있지요. 모두 적절한 기준이 있으며 매우 객관적인 기준이라고 말합니다.\n\n 하지만 여러분이 생각하기에 모든 학생을 동일한 평가지표에 맞추어 평가하는 것이 올바른 방식이라고 생각하나요?\n\n 사람마다 특성이 존재하듯 각각의 목표 또한 다르고 성과도 다를 수 있습니다. 특정 기준에 의존해 본인의 성과도를 평가하는 것이 바르다고 생각되나요?\n\n 현재의 평가 방식은 최고의 객관적인 평가 방식이라고 생각하신다면 그 이유를 작성해주세요. 아니라면 어떤 평가 기준이 추가되어야 하고 또한 어떤 생각으로 평가가 이루어졌으면 좋겠는지 서술해 주세요.",
    "essay_type": "주장",
    "essay_level": "2",
    "essay_len": 795,
    "essay_main_subject": "평가에 대한 본인의 의견"
  }
}