{
  "paragraph": [
    {
      "paragraph_txt": "체육 같은 운동은 기준이 달라야한다.#@문장구분# 이유는 사람마다 키나 건강 상태등 신체가 전부 다르기 때문에 멀리뛰기나 위로 뛰는 운동 등 조건이 다른 경우가 많아서 불편할 경우가 있다.#@문장구분# 그렇기에 조사를 하여 키나 신체적 조건에 맞춰서 조사를 하여 평균에 따른 기준을 정하여야 한다고 생각 합니다.#@문장구분#\n모든 평가는 특정한 상황이 아닌 경우 대부분 평균적인 수준에 맞춰서 기준을 정하고 문제를 내는 것이 이상적이라고 생각합니다.#@문장구분# 그리고 남을 평가하는 방식은 옛날 고대시대부터 해오던 방식이다. #@문장구분#즉 과거부터 현재까지 남들의 가치를 매길 때 쓰는 보편적인 방법이라는 것이다. #@문장구분#그래서 나는 평가에 대해 긍정적으로 생각한다.#@문장구분# 하지만 간혹 평가에 대해 부정적인 인식을 갖고 있는 분들이 있다. #@문장구분#그 사람들 말로는 개개인들의 개성과 자율성을 무시하는 평가는 사라져야 한다고 한다.#@문장구분# 나도 개개인의 개성과 자율성을 인정해야 한다는 말에는 동의하지만, 이것을 무시하는 평가는 사라져야 한다는 말에는 동의하지 않는다.#@문장구분# 왜냐하면 개성과 자율성을 무시한 채 하는 객관적이고 절대적인 평가기준이 있어야 보편적인 사람들을 평가하기 좋기 때문이다.#@문장구분# 소수를 위해 다수를 희생해야 하는지에 대해서는 의문점을 가지게 된다.#@문장구분# 사람들을 평가하거나 점수를 줘야할 때 이러한 객관적이고 누구나 납득할 만한 기준이 없으면 과연 그 평가에 대해 사람들이 수긍하고 따르겠는가?#@문장구분# 나는 아니라고 본다.#@문장구분# 그래서 나는 평가에 대해서는 긍정적인 생각을 갖고 있다.#@문장구분# 과거에도 현재에도 미래에도 앞으로도 이러한 평가방식은 사라지지 않을 것이라고 생각한다.#@문장구분# 하지만 앞서 말했듯이 개개인의 개성과 자율성을 보장하는 평가방식도 개발되기를 바란다.#@문장구분#",
      "paragraph_len": 1160,
      "paragraph_id": "001"
    }
  ],
  "score": {
    "paragraph_score": [
      {
        "paragraph_scoreT": [
          2.4,
          3,
          2.2
        ],
        "paragraph_scoreT_detail": {
          "paragraph_scoreT_exp": [
            [
              2,
              3,
              2
            ],
            [
              3,
              3,
              3
            ],
            [
              3,
              2,
              2
            ]
          ]
        },
        "paragraph_scoreT_avg": 2.5333335,
        "paragraph_id": "001"
      }
    ],
    "essay_scoreT": [
      20,
      27,
      23.3
    ],
    "essay_scoreT_avg": 23.433334,
    "essay_scoreT_detail": {
      "essay_scoreT_org": [
        [
          2,
          0,
          2,
          2
        ],
        [
          2,
          0,
          3,
          3
        ],
        [
          2,
          0,
          2,
          3
        ]
      ],
      "essay_scoreT_cont": [
        [
          2,
          2,
          2,
          1
        ],
        [
          3,
          2,
          3,
          3
        ],
        [
          3,
          2,
          2,
          3
        ]
      ],
      "essay_scoreT_exp": [
        [
          2,
          3,
          2
        ],
        [
          3,
          3,
          3
        ],
        [
          3,
          2,
          2
        ]
      ]
    }
  },
  "student": {
    "date": "2021.11.20",
    "student_educated": true,
    "student_grade": "고등_1학년",
    "location": "054",
    "student_grade_group": "고등",
    "student_reading": 3
  },
  "rubric": {
    "essay_grade": "고등_1학년",
    "organization_weight": {
      "org_paragraph": 0,
      "org": 3,
      "org_essay": 6,
      "org_coherence": 3,
      "org_quantity": 1
    },
    "essay_type": "주장",
    "content_weight": {
      "con_clearance": 3,
      "con_novelty": 3,
      "con": 4,
      "con_prompt": 1,
      "con_description": 3
    },
    "essay_main_subject": "평가에 대한 본인의 의견",
    "expression_weight": {
      "exp_style": 4,
      "exp_grammar": 2,
      "exp_vocab": 4,
      "exp": 3
    }
  },
  "correction": [],
  "info": {
    "essay_id": "ESSAY_47282",
    "essay_prompt": " 평가는 일반적으로 평가대상의 장점과 가치를 결정하는 과정을 말합니다.\n\n 세상에는 무수히 많은 평가 방법들이 존재하고 그 주제도 다양합니다.\n\n 우리나라의 경우는 어떨까요? 중간, 기말시험이 있고 미술과 같은 기본기와 창의성을 평가하는 과목도 있습니다. 체육과 같은 신체적인 능력을 평가하는 과목도 있지요. 모두 적절한 기준이 있으며 매우 객관적인 기준이라고 말합니다.\n\n 하지만 여러분이 생각하기에 모든 학생을 동일한 평가지표에 맞추어 평가하는 것이 올바른 방식이라고 생각하나요?\n\n 사람마다 특성이 존재하듯 각각의 목표 또한 다르고 성과도 다를 수 있습니다. 특정 기준에 의존해 본인의 성과도를 평가하는 것이 바르다고 생각되나요?\n\n 현재의 평가 방식은 최고의 객관적인 평가 방식이라고 생각하신다면 그 이유를 작성해주세요. 아니라면 어떤 평가 기준이 추가되어야 하고 또한 어떤 생각으로 평가가 이루어졌으면 좋겠는지 서술해 주세요.",
    "essay_type": "주장",
    "essay_level": "2",
    "essay_len": 821,
    "essay_main_subject": "평가에 대한 본인의 의견"
  }
}