{
  "paragraph": [
    {
      "paragraph_txt": "우리는 무엇을 위해 공부하고 있을까?#@문장구분# 대부분의 학생이 대입, 입시라고 말할 것이다.#@문장구분# 여기서 현 입시에 중요한 영향력을 가진 대학 수학능력시험은 교육평가의 정의를 제대로 실현하고 있을까?#@문장구분# \n 요즘 대학들이 점점 수능이 아닌 다른 평가 방법을 선호하면서 수능 성적을 반영하지 않는 전형이 늘고 있다.#@문장구분# 또 수능을 반영하더라도 수능 등급 최저 기준을 완화하고 있다.#@문장구분# 대입정보포털 '어디가'의 자료에 따르면 수능 최저기준이 없는 수시 모집 비중도 점점 높아져 가고 있다.#@문장구분# 상황이 이렇다 보니 수능이 고등학교에서도 대학에서도 외면받고 있다.#@문장구분# 현장 변화를 담아내지 못한다.#@문장구분# 수학 능력을 제대로 평가하지 못한다는 의견도 나오고 있다.#@문장구분#\n 교육부는 학생부 종합전형에서 비교과를 대폭 축소하고 학생부 종합전형을 줄이며 수능 위주인 정시를 늘리는 방법을 대입의 공정성 강화의 방안으로 제시하였다.#@문장구분# 학종과 논술 위주 전형으로 몰리는 서울 주요 대학 정시 비율을 확대해 대입 전형 간의 불균형을 해소하고 공정성을 높인다는 취지이다.#@문장구분#\n 수능은 단 하루에 6개 영역을 8시간 동안 평가한다.#@문장구분# 또 이를 위해 아주 어릴 때부터 준비하고 실패하면 몇 년이나 재도전한다.#@문장구분# 아이들은 그 8시간 동안 긴장하며 6년 동안의 연습의 결과물을 보여준다.#@문장구분# 하루만에 6년의 결과를 보여준다는 것은 교육평가의 정의를 실현하지 못하고 있다고 생각한다.#@문장구분# 현재의 수능보다 더 교육적인 평가 방법은 얼마든지 있다.#@문장구분# 수능이 인재를 선발하는 데에 있어 변별이 잘 안 되더라도 우리 사회에 공정함과 신뢰가 뿌리내리지 않는 한, 수능이라는 형태의 시험은 계속되어 갈 수밖에 없다.#@문장구분#\n 변화하는 시대가 바라는 인재상 인재가 되기 위해 노력할 아이들을 위해 중고등학교 6년이라는 시간 그 시기에 아이들은 무엇을 해야 하고 대학 입시는 어떻게 변화해야 하는지 생각해보아야 한다.#@문장구분# 수능 성적표가 아이들을 괴롭히지 않는 그런 날이 오면 좋겠다.#@문장구분#",
      "paragraph_len": 1314,
      "paragraph_id": "001"
    }
  ],
  "score": {
    "paragraph_score": [
      {
        "paragraph_scoreT": [
          3,
          3,
          2
        ],
        "paragraph_scoreT_detail": {
          "paragraph_scoreT_exp": [
            [
              3,
              3,
              3
            ],
            [
              3,
              3,
              3
            ],
            [
              2,
              2,
              2
            ]
          ]
        },
        "paragraph_scoreT_avg": 2.6666667,
        "paragraph_id": "001"
      }
    ],
    "essay_scoreT": [
      30,
      28.5,
      25.4
    ],
    "essay_scoreT_avg": 27.966667,
    "essay_scoreT_detail": {
      "essay_scoreT_org": [
        [
          3,
          0,
          3,
          3
        ],
        [
          3,
          0,
          3,
          2
        ],
        [
          3,
          0,
          3,
          3
        ]
      ],
      "essay_scoreT_cont": [
        [
          3,
          3,
          3,
          3
        ],
        [
          3,
          2,
          3,
          3
        ],
        [
          3,
          2,
          2,
          3
        ]
      ],
      "essay_scoreT_exp": [
        [
          3,
          3,
          3
        ],
        [
          3,
          3,
          3
        ],
        [
          2,
          2,
          2
        ]
      ]
    }
  },
  "student": {
    "date": "2021.09.13",
    "student_educated": true,
    "student_grade": "고등_1학년",
    "location": "051",
    "student_grade_group": "고등",
    "student_reading": 1
  },
  "rubric": {
    "essay_grade": "고등_1학년",
    "organization_weight": {
      "org_paragraph": 0,
      "org": 3,
      "org_essay": 6,
      "org_coherence": 3,
      "org_quantity": 1
    },
    "essay_type": "주장",
    "content_weight": {
      "con_clearance": 3,
      "con_novelty": 3,
      "con": 4,
      "con_prompt": 1,
      "con_description": 3
    },
    "essay_main_subject": "평가에 대한 본인의 의견",
    "expression_weight": {
      "exp_style": 4,
      "exp_grammar": 2,
      "exp_vocab": 4,
      "exp": 3
    }
  },
  "correction": [],
  "info": {
    "essay_id": "ESSAY_34014",
    "essay_prompt": " 평가는 일반적으로 평가대상의 장점과 가치를 결정하는 과정을 말합니다.\n\n 세상에는 무수히 많은 평가 방법들이 존재하고 그 주제도 다양합니다.\n\n 우리나라의 경우는 어떨까요? 중간, 기말시험이 있고 미술과 같은 기본기와 창의성을 평가하는 과목도 있습니다. 체육과 같은 신체적인 능력을 평가하는 과목도 있지요. 모두 적절한 기준이 있으며 매우 객관적인 기준이라고 말합니다.\n\n 하지만 여러분이 생각하기에 모든 학생을 동일한 평가지표에 맞추어 평가하는 것이 올바른 방식이라고 생각하나요?\n\n 사람마다 특성이 존재하듯 각각의 목표 또한 다르고 성과도 다를 수 있습니다. 특정 기준에 의존해 본인의 성과도를 평가하는 것이 바르다고 생각되나요?\n\n 현재의 평가 방식은 최고의 객관적인 평가 방식이라고 생각하신다면 그 이유를 작성해주세요. 아니라면 어떤 평가 기준이 추가되어야 하고 또한 어떤 생각으로 평가가 이루어졌으면 좋겠는지 서술해 주세요.",
    "essay_type": "주장",
    "essay_level": "2",
    "essay_len": 934,
    "essay_main_subject": "평가에 대한 본인의 의견"
  }
}