{
  "paragraph": [
    {
      "paragraph_txt": "나는 얼마전에\"과정중심평가\"란 책을 읽은적이 있습니다.#@문장구분# 과정중심평가가 무엇인지에 대한 고민을 통해 과정중심평가에 대한 이해를 높이고 오해를 해결하고 동시에 실천 방안을 제시하고 있습니다.#@문장구분# 과정중심평가란 학교 현장에서 결과 위주로 이루어지는 학생평가의 문제점을 인식하고 해결하기 위해 출현한 것입니다.#@문장구분# 그러나 과정중심평가를 현장에 적용하기에는 그 개념이 명확하지 않아 학교 현장에서 실천에 어려움을 겪고 있습니다.#@문장구분# 또한 과정중심평가를 새로운 평가방법이라 여기는 오해 때문에 현장에서는 물론 학계에서도 혼란이 있었습니다.#@문장구분# 이런 점에서 강대일, 정창규 선생님이 집필하신 『과정중심평가란 무엇인가』는 학교 현장에서 과정중심평가를 실천할 수 있도록 독자의 이해를 돕고 안내하는 매우 유용한 책입니다.#@문장구분# 특히 이와 같은 저자의 고민과 해결은 독자들이 과정중심평가를 이해하고 실천하는 데, 더욱 실질적인 도움을 줄 것입니다.#@문장구분# 평가와 관련한 다양한 정의들과 양상들이 흘러넘쳐 오히려 교육 현장을 혼란스럽게 하는 요즘.  답답했던 마음을 시원하게 뚫어주는 바이블과 같은 내용을 정선하여 담고 있다.#@문장구분# 저자들과 평가라는 묵직한 주제를 가지고 이야기했던 7년여의 시간과 경험 속에서 그들이 평가를 통해 바꾸고 싶어 했던 진심을 알기에 이 책을 응원하고 추천합니다.#@문장구분# 책을 읽어보세요.#@문장구분# 이러한 이유들로 현재 시행되는 목표 달성 중심의 평가 과정에서는 본래의 취지인 대학 교육의 수학 능력을 제대로 평가하지 못할뿐더러 교육 평가의 정의 중 가치의 판단 또한 제대로 실현될 수 없다.#@문장구분# 따라서 많은 교육 분야 전문가들의 다양한 의견이나 개편안 등을 참고하여 현재 교육 과정의 문제점을 파악하고 대학수학능력시험의 본질적인 목표를 달성할 수 있도록 노력을 기울여야 할 것이다.#@문장구분#",
      "paragraph_len": 1102,
      "paragraph_id": "001"
    }
  ],
  "score": {
    "paragraph_score": [
      {
        "paragraph_scoreT": [
          1.8,
          2.8,
          2.4
        ],
        "paragraph_scoreT_detail": {
          "paragraph_scoreT_exp": [
            [
              1,
              2,
              2
            ],
            [
              2,
              3,
              3
            ],
            [
              2,
              2,
              3
            ]
          ]
        },
        "paragraph_scoreT_avg": 2.3333333,
        "paragraph_id": "001"
      }
    ],
    "essay_scoreT": [
      24,
      28.5,
      24.3
    ],
    "essay_scoreT_avg": 25.6,
    "essay_scoreT_detail": {
      "essay_scoreT_org": [
        [
          3,
          0,
          3,
          3
        ],
        [
          3,
          0,
          2,
          3
        ],
        [
          2,
          0,
          2,
          3
        ]
      ],
      "essay_scoreT_cont": [
        [
          3,
          1,
          3,
          3
        ],
        [
          3,
          3,
          3,
          3
        ],
        [
          3,
          2,
          3,
          3
        ]
      ],
      "essay_scoreT_exp": [
        [
          1,
          2,
          2
        ],
        [
          2,
          3,
          3
        ],
        [
          2,
          2,
          3
        ]
      ]
    }
  },
  "student": {
    "date": "2021.12.21",
    "student_educated": true,
    "student_grade": "고등_1학년",
    "location": "063",
    "student_grade_group": "고등",
    "student_reading": 2
  },
  "rubric": {
    "essay_grade": "고등_1학년",
    "organization_weight": {
      "org_paragraph": 0,
      "org": 3,
      "org_essay": 6,
      "org_coherence": 3,
      "org_quantity": 1
    },
    "essay_type": "주장",
    "content_weight": {
      "con_clearance": 3,
      "con_novelty": 3,
      "con": 4,
      "con_prompt": 1,
      "con_description": 3
    },
    "essay_main_subject": "평가에 대한 본인의 의견",
    "expression_weight": {
      "exp_style": 4,
      "exp_grammar": 2,
      "exp_vocab": 4,
      "exp": 3
    }
  },
  "correction": [],
  "info": {
    "essay_id": "ESSAY_76458",
    "essay_prompt": " 평가는 일반적으로 평가대상의 장점과 가치를 결정하는 과정을 말합니다.\n\n 세상에는 무수히 많은 평가 방법들이 존재하고 그 주제도 다양합니다.\n\n 우리나라의 경우는 어떨까요? 중간, 기말시험이 있고 미술과 같은 기본기와 창의성을 평가하는 과목도 있습니다. 체육과 같은 신체적인 능력을 평가하는 과목도 있지요. 모두 적절한 기준이 있으며 매우 객관적인 기준이라고 말합니다.\n\n 하지만 여러분이 생각하기에 모든 학생을 동일한 평가지표에 맞추어 평가하는 것이 올바른 방식이라고 생각하나요?\n\n 사람마다 특성이 존재하듯 각각의 목표 또한 다르고 성과도 다를 수 있습니다. 특정 기준에 의존해 본인의 성과도를 평가하는 것이 바르다고 생각되나요?\n\n 현재의 평가 방식은 최고의 객관적인 평가 방식이라고 생각하신다면 그 이유를 작성해주세요. 아니라면 어떤 평가 기준이 추가되어야 하고 또한 어떤 생각으로 평가가 이루어졌으면 좋겠는지 서술해 주세요.",
    "essay_type": "주장",
    "essay_level": "2",
    "essay_len": 862,
    "essay_main_subject": "평가에 대한 본인의 의견"
  }
}