{
  "paragraph": [
    {
      "paragraph_txt": "저는 현재의 평가 방식은 최고의 객관적인 평가 방식이라고 생각합니다.#@문장구분# 그 이유는 동일한 기준에 맞추어 평가하지 않는 평가 방식은 주관적인 견해가 들어간 평가 방식이라고 생각해서입니다.#@문장구분# 사람마다 특성이 존재하듯 각각의 목표가 다르다고 하여 그 목표에 맞춘 기준점을 바탕으로 평가를 내린다면 목표마다 기준이 달라질 것이고 결국 개인의 사정을 참고해주는 주관적인 평가 방식이 될 뿐이라고 생각합니다. #@문장구분#제 의견과 반대되는 읙견을 가진 사람들은 아마 이런 동일한 기준에 맞춘 평가는 융통성이 없다고 생각할 수 있겠습니다.#@문장구분# 특히 예체능을 하는 사람들은 더욱 그러지 않을까 생각이 듭니다.#@문장구분# 그러나 이들의 사정을 모두 고려하여 개개인의 특색에 맞춘 평가 방식을 이용한다고 한들 그 기준을 정하는건 누가 정하느냐에 따라 심한 차이가 오갈 것이며 결국 애매모호한 기준에 맞춘 평가를 받아 본인의 능력치보다 낮은 평가를 받게 될 지도 모릅니다. #@문장구분#개인의 특색을 완벽하게 이해하고 기준을 맞춰 준다면 좋겠지만 세상에는 수많은 사람들이 살고있고 그들을 전부 따로 따로 평가하려면 많은 시간과 인력이 필요하기 때문입니다.#@문장구분# 모두의 편의를 봐주기란 애초에 성립 불가한 조건이라는 것이지요.#@문장구분# 그렇기 때문에 저는 현재의 평가 방식이 최고의 객관적이자 효율적인 평가 방식이라고 생각합니다.#@문장구분# 전교생이 한 과목의 시험을 치룬다고 가정했을 때 개인의 목표에 따라 기준을 나누어 평가한다면 여러 그룹의 기준을 새로 정하고 그 방식에 맞추어 평가를 내려야하니 시간이 많이 소요되겠지만 같은 기준으로 평가하면 지금처럼 동시에 같은 시험을 치루고 비교가 쉬운니 평가 내리는 것에도 큰 어려움이 없을 것입니다.#@문장구분# 이상입니다.#@문장구분#",
      "paragraph_len": 1044,
      "paragraph_id": "001"
    }
  ],
  "score": {
    "paragraph_score": [
      {
        "paragraph_scoreT": [
          2,
          2.8,
          2.8
        ],
        "paragraph_scoreT_detail": {
          "paragraph_scoreT_exp": [
            [
              2,
              2,
              2
            ],
            [
              2,
              3,
              3
            ],
            [
              2,
              3,
              3
            ]
          ]
        },
        "paragraph_scoreT_avg": 2.5333335,
        "paragraph_id": "001"
      }
    ],
    "essay_scoreT": [
      20.699999,
      27.3,
      29.4
    ],
    "essay_scoreT_avg": 25.800001,
    "essay_scoreT_detail": {
      "essay_scoreT_org": [
        [
          2,
          0,
          2,
          3
        ],
        [
          3,
          0,
          2,
          3
        ],
        [
          3,
          0,
          3,
          3
        ]
      ],
      "essay_scoreT_cont": [
        [
          2,
          2,
          3,
          2
        ],
        [
          3,
          2,
          3,
          3
        ],
        [
          3,
          3,
          3,
          3
        ]
      ],
      "essay_scoreT_exp": [
        [
          2,
          2,
          2
        ],
        [
          2,
          3,
          3
        ],
        [
          2,
          3,
          3
        ]
      ]
    }
  },
  "student": {
    "date": "2021.12.28",
    "student_educated": true,
    "student_grade": "고등_1학년",
    "location": "063",
    "student_grade_group": "고등",
    "student_reading": 2
  },
  "rubric": {
    "essay_grade": "고등_1학년",
    "organization_weight": {
      "org_paragraph": 0,
      "org": 3,
      "org_essay": 6,
      "org_coherence": 3,
      "org_quantity": 1
    },
    "essay_type": "주장",
    "content_weight": {
      "con_clearance": 3,
      "con_novelty": 3,
      "con": 4,
      "con_prompt": 1,
      "con_description": 3
    },
    "essay_main_subject": "평가에 대한 본인의 의견",
    "expression_weight": {
      "exp_style": 4,
      "exp_grammar": 2,
      "exp_vocab": 4,
      "exp": 3
    }
  },
  "correction": [],
  "info": {
    "essay_id": "ESSAY_84143",
    "essay_prompt": " 평가는 일반적으로 평가대상의 장점과 가치를 결정하는 과정을 말합니다.\n\n 세상에는 무수히 많은 평가 방법들이 존재하고 그 주제도 다양합니다.\n\n 우리나라의 경우는 어떨까요? 중간, 기말시험이 있고 미술과 같은 기본기와 창의성을 평가하는 과목도 있습니다. 체육과 같은 신체적인 능력을 평가하는 과목도 있지요. 모두 적절한 기준이 있으며 매우 객관적인 기준이라고 말합니다.\n\n 하지만 여러분이 생각하기에 모든 학생을 동일한 평가지표에 맞추어 평가하는 것이 올바른 방식이라고 생각하나요?\n\n 사람마다 특성이 존재하듯 각각의 목표 또한 다르고 성과도 다를 수 있습니다. 특정 기준에 의존해 본인의 성과도를 평가하는 것이 바르다고 생각되나요?\n\n 현재의 평가 방식은 최고의 객관적인 평가 방식이라고 생각하신다면 그 이유를 작성해주세요. 아니라면 어떤 평가 기준이 추가되어야 하고 또한 어떤 생각으로 평가가 이루어졌으면 좋겠는지 서술해 주세요.",
    "essay_type": "주장",
    "essay_level": "2",
    "essay_len": 825,
    "essay_main_subject": "평가에 대한 본인의 의견"
  }
}