{
  "paragraph": [
    {
      "paragraph_txt": "안녕하세요.#@문장구분# 저는 우리나라의 평가 방식이 다소 잘못된 방향으로 흘러가고 있는게 아닐까 하는 생각을 합니다.#@문장구분# 그 이유는 앞서 알 수 있듯이 우리나라의 경우에는 중간, 기말고사 시험을 치루는데 그 안에는 국어, 수학, 영어, 과학 등의 과목을 넘어서서 미술, 음악, 체육 등 부가적인 능력까지 평가하곤 합니다.#@문장구분# 그러나 저는 이 많은 것들을 시험을 통해 평가한다는 점을 납득할 수 없습니다. #@문장구분#평가 항목에 부적합한 과목이라고 생각합니다.#@문장구분# 제가 직접 현 우리나라의 고등학생의 역할로 살아가면서 느낀 점들을 지금부터 이야기 해볼까 합니다.#@문장구분# 우선 첫 번째로, 중간고사와 기말고사를 보는 취지는 좋다고 생각합니다.#@문장구분# 자유학기제를 운영하면서 중학생 친구들은 시험을 보지 않는 학년을 경험한다고 알고있습니다.#@문장구분# 제 동생 또한 이러한 자유학기제의 영향을 받은 학생으로, 제가 옆에서 지켜본 바 시험을 치루지 않는다는 것은 학생의 본분을 잠시 잊게 만드는 경향이 있는 것 같습니다.#@문장구분# 저는 개인적으로 국어책을 매일매일 책이 닳도록 읽어도 문제를 풀어보지 않는 한에는 자신이 내용을 얼마나 정확히 숙지하고 있는지 알 수 없다고 생각하는 편입니다.#@문장구분# 그렇기 때문에 시험이라는 제도가 있는 것은 긍정적으로 바라보고 있습니다. #@문장구분#그러나 미술, 음악, 체육 등의 예체능 계열은 시험을 통해 평가할 필요가 없다고 생각합니다.#@문장구분# 이 과목들은 학생들에게 문화생활을 즐기게 해주는 수업이라고 생각합니다. #@문장구분#음악을 듣고 작품을 감상하고 운동을 통해 체력을 유지하는 겁니다.#@문장구분# 이걸 평가하기 시작한다면 이는 더 이상 여유로운 시간이 될 수 없다고 생각하기 때문입니다.#@문장구분# 따라서 평가 과목의 수정이 필요하다고 생각합니다.#@문장구분#",
      "paragraph_len": 1138,
      "paragraph_id": "001"
    }
  ],
  "score": {
    "paragraph_score": [
      {
        "paragraph_scoreT": [
          2,
          2.4,
          3
        ],
        "paragraph_scoreT_detail": {
          "paragraph_scoreT_exp": [
            [
              2,
              2,
              2
            ],
            [
              2,
              3,
              2
            ],
            [
              3,
              3,
              3
            ]
          ]
        },
        "paragraph_scoreT_avg": 2.4666667,
        "paragraph_id": "001"
      }
    ],
    "essay_scoreT": [
      20.699999,
      26.100002,
      30
    ],
    "essay_scoreT_avg": 25.6,
    "essay_scoreT_detail": {
      "essay_scoreT_org": [
        [
          2,
          0,
          2,
          3
        ],
        [
          3,
          0,
          2,
          3
        ],
        [
          3,
          0,
          3,
          3
        ]
      ],
      "essay_scoreT_cont": [
        [
          2,
          2,
          3,
          2
        ],
        [
          3,
          2,
          3,
          3
        ],
        [
          3,
          3,
          3,
          3
        ]
      ],
      "essay_scoreT_exp": [
        [
          2,
          2,
          2
        ],
        [
          2,
          3,
          2
        ],
        [
          3,
          3,
          3
        ]
      ]
    }
  },
  "student": {
    "date": "2021.12.28",
    "student_educated": true,
    "student_grade": "고등_1학년",
    "location": "063",
    "student_grade_group": "고등",
    "student_reading": 2
  },
  "rubric": {
    "essay_grade": "고등_1학년",
    "organization_weight": {
      "org_paragraph": 0,
      "org": 3,
      "org_essay": 6,
      "org_coherence": 3,
      "org_quantity": 1
    },
    "essay_type": "주장",
    "content_weight": {
      "con_clearance": 3,
      "con_novelty": 3,
      "con": 4,
      "con_prompt": 1,
      "con_description": 3
    },
    "essay_main_subject": "평가에 대한 본인의 의견",
    "expression_weight": {
      "exp_style": 4,
      "exp_grammar": 2,
      "exp_vocab": 4,
      "exp": 3
    }
  },
  "correction": [],
  "info": {
    "essay_id": "ESSAY_84135",
    "essay_prompt": " 평가는 일반적으로 평가대상의 장점과 가치를 결정하는 과정을 말합니다.\n\n 세상에는 무수히 많은 평가 방법들이 존재하고 그 주제도 다양합니다.\n\n 우리나라의 경우는 어떨까요? 중간, 기말시험이 있고 미술과 같은 기본기와 창의성을 평가하는 과목도 있습니다. 체육과 같은 신체적인 능력을 평가하는 과목도 있지요. 모두 적절한 기준이 있으며 매우 객관적인 기준이라고 말합니다.\n\n 하지만 여러분이 생각하기에 모든 학생을 동일한 평가지표에 맞추어 평가하는 것이 올바른 방식이라고 생각하나요?\n\n 사람마다 특성이 존재하듯 각각의 목표 또한 다르고 성과도 다를 수 있습니다. 특정 기준에 의존해 본인의 성과도를 평가하는 것이 바르다고 생각되나요?\n\n 현재의 평가 방식은 최고의 객관적인 평가 방식이라고 생각하신다면 그 이유를 작성해주세요. 아니라면 어떤 평가 기준이 추가되어야 하고 또한 어떤 생각으로 평가가 이루어졌으면 좋겠는지 서술해 주세요.",
    "essay_type": "주장",
    "essay_level": "2",
    "essay_len": 818,
    "essay_main_subject": "평가에 대한 본인의 의견"
  }
}