{
  "paragraph": [
    {
      "paragraph_txt": "난 당연히 현재 평가기준으로 옳지 않은것은 수능이라고 생각하고 가장 큰 문제는 평가의 변별력이 낮아지고 있다는 것 이다.#@문장구분# 2018 수능부터 영어 영역이 상대평가를 전면 중단하고 절대평가로 전환됨에 따라 상대적 지표로써의 활용성이 사라졌다.#@문장구분# 응시자들은 이를 이용하여 영어에 투자하던 공부 부담을 국·수·탐으로 분산하는 전략을 세워버린다.#@문장구분# 그렇게 또 국·수·탐 응시자들 실력만 상향 평준화시켰고, 출제자 입장에서는 또 난도를 높여버리는 방법을 써버린다.#@문장구분# 상술했듯이 2019 수능 국어가 14년 역사상 역대 최고난도로 출제되었고, 수학도 2017 수능 이래로 기이한 출제 방식을 보이고 있다.#@문장구분# 또한 2018학년도 입시 결과 당초 영어 절대평가 도입으로 인한 영어 변별력 약화가 외고에 불리하게 작용할 것이라는 예상과는 정반대 결과가 나왔다.#@문장구분# 외고에서 서울대 합격생 증가율이 더 높아진 것. #@문장구분#이는 절대평가로 전환해도 교육 특구의 강세를 막을 수 없으며 이 같은 정책 효력이 미미했다는 것을 방증한다.#@문장구분# 그리고 절대평가가 된 이상 변별력이 상대평가 시절보다는 훨씬 떨어질 것임이 분명하기에 전국의 거의 모든 대학교에서 영어 반영비율을 대폭 축소했다.#@문장구분# 특히 서울대학교는 영어 영역을 사실상 미반영한다고 해도 무방할 정도로 형식적인 수준으로 전락시켰다.#@문장구분# 결국 2018학년도 서울대학교 정시 모집에서 영어 영역 4등급이 합격하는 상황이 일어났다.#@문장구분# 이렇게 사실상 중요한 영어를 절대평가로 변경해버리면서 별로 중요하지도 않고 쉬운 과목으로 인식하여 무시해버리는, 즉 교육목적의 기능을 상실해 버리는 일이 발생한것이다.#@문장구분# 대한민국 최고시험이 교육목적의 기능을 상실하다니.. 놀랠 노자이다...#@문장구분#",
      "paragraph_len": 1082,
      "paragraph_id": "001"
    }
  ],
  "score": {
    "paragraph_score": [
      {
        "paragraph_scoreT": [
          2.8,
          2.8,
          2.4
        ],
        "paragraph_scoreT_detail": {
          "paragraph_scoreT_exp": [
            [
              2,
              3,
              3
            ],
            [
              2,
              3,
              3
            ],
            [
              2,
              2,
              3
            ]
          ]
        },
        "paragraph_scoreT_avg": 2.6666667,
        "paragraph_id": "001"
      }
    ],
    "essay_scoreT": [
      28.2,
      28.2,
      25.400002
    ],
    "essay_scoreT_avg": 27.266668,
    "essay_scoreT_detail": {
      "essay_scoreT_org": [
        [
          3,
          0,
          3,
          3
        ],
        [
          3,
          0,
          3,
          3
        ],
        [
          3,
          0,
          3,
          3
        ]
      ],
      "essay_scoreT_cont": [
        [
          3,
          2,
          3,
          3
        ],
        [
          3,
          2,
          3,
          3
        ],
        [
          2,
          2,
          2,
          3
        ]
      ],
      "essay_scoreT_exp": [
        [
          2,
          3,
          3
        ],
        [
          2,
          3,
          3
        ],
        [
          2,
          2,
          3
        ]
      ]
    }
  },
  "student": {
    "date": "2021.12.24",
    "student_educated": true,
    "student_grade": "고등_1학년",
    "location": "063",
    "student_grade_group": "고등",
    "student_reading": 1
  },
  "rubric": {
    "essay_grade": "고등_1학년",
    "organization_weight": {
      "org_paragraph": 0,
      "org": 3,
      "org_essay": 6,
      "org_coherence": 3,
      "org_quantity": 1
    },
    "essay_type": "주장",
    "content_weight": {
      "con_clearance": 3,
      "con_novelty": 3,
      "con": 4,
      "con_prompt": 1,
      "con_description": 3
    },
    "essay_main_subject": "평가에 대한 본인의 의견",
    "expression_weight": {
      "exp_style": 4,
      "exp_grammar": 2,
      "exp_vocab": 4,
      "exp": 3
    }
  },
  "correction": [],
  "info": {
    "essay_id": "ESSAY_76794",
    "essay_prompt": " 평가는 일반적으로 평가대상의 장점과 가치를 결정하는 과정을 말합니다.\n\n 세상에는 무수히 많은 평가 방법들이 존재하고 그 주제도 다양합니다.\n\n 우리나라의 경우는 어떨까요? 중간, 기말시험이 있고 미술과 같은 기본기와 창의성을 평가하는 과목도 있습니다. 체육과 같은 신체적인 능력을 평가하는 과목도 있지요. 모두 적절한 기준이 있으며 매우 객관적인 기준이라고 말합니다.\n\n 하지만 여러분이 생각하기에 모든 학생을 동일한 평가지표에 맞추어 평가하는 것이 올바른 방식이라고 생각하나요?\n\n 사람마다 특성이 존재하듯 각각의 목표 또한 다르고 성과도 다를 수 있습니다. 특정 기준에 의존해 본인의 성과도를 평가하는 것이 바르다고 생각되나요?\n\n 현재의 평가 방식은 최고의 객관적인 평가 방식이라고 생각하신다면 그 이유를 작성해주세요. 아니라면 어떤 평가 기준이 추가되어야 하고 또한 어떤 생각으로 평가가 이루어졌으면 좋겠는지 서술해 주세요.",
    "essay_type": "주장",
    "essay_level": "2",
    "essay_len": 822,
    "essay_main_subject": "평가에 대한 본인의 의견"
  }
}