{
  "paragraph": [
    {
      "paragraph_txt": "현재의 평가 방식은 현재로선 최선의 객관적인 평가 방식이라고 생각합니다.#@문장구분# 왜냐하면 평가는 누군가를 누군가와 비교를 하여 사람에게 점수를 매기는 것인데, 이는 사회의 흐름에 따라 변하기도 합니다.#@문장구분# 저는 평가를 통해 학생들의 장점과 가치를 판단하는 것은 겉으로 보기엔 합리적인 것처럼 보이지만 이는 겉으로만 그럴 뿐 실제로는 모순적이고 비합리적인 방법이라고 생각합니다.#@문장구분# 평가는 각 과목별로 객관적인 기준에 맞추어 학생들의 가치를 결정하는 것인데, 이는 개인별로 가진 특성과 장점을 모두 무시하고 일관된 기준으로 학생들을 평가하는 것이기에 개인의 정체성과 자유성에 혼란을 느끼며 오직 기준을 넘는 것을 목표로 하여 노력하면서 각자 자신만의 특기와 재능을 잃어버리게 되는 결과를 초래하게 될 것입니다.#@문장구분# 자신이 자신을 평가한다고 할 때 그 평가는 객관이지 못할 수도 있다.#@문장구분# 어떤 사람은 자기 자신을 너무 과소평가하고, 어떤 사람은 과대평가하기도 한다.#@문장구분# 또 이런 평가는 개인의 감정에 따라 쉽게 변하기 때문에 자기 자신을 객관적으로 평가하기란 힘든 일이다.#@문장구분# 하지만 사회 다수에 의해 내려진 평가라면 이런 개인적인 평가와 과소, 과대평가에서 조금 자유로워질 수 있고, 자신의 부족한 점도 깨달아 그것을 보완해나간다면 더욱 사회에 필요한 사람이 될 수도 있다.#@문장구분# 다른 평가 방법을 사용한다면 그 새로운 평가 방법도 언젠가는 잘못된 방식이라고 또 다른 평가방법이 생길 수 있다.#@문장구분# 나는 그래서 지금의 평가방법이 좋은 것 같다.#@문장구분# 이러한 평가방법이 보편화 되어 개개인을 존중하고 가치있게 받아들여 다양하고 개성있는 사회가 도래했으면 좋겠다.#@문장구분#",
      "paragraph_len": 1013,
      "paragraph_id": "001"
    }
  ],
  "score": {
    "paragraph_score": [
      {
        "paragraph_scoreT": [
          2.6,
          3,
          2.4
        ],
        "paragraph_scoreT_detail": {
          "paragraph_scoreT_exp": [
            [
              3,
              3,
              2
            ],
            [
              3,
              3,
              3
            ],
            [
              2,
              3,
              2
            ]
          ]
        },
        "paragraph_scoreT_avg": 2.6666667,
        "paragraph_id": "001"
      }
    ],
    "essay_scoreT": [
      23.3,
      27.9,
      24.5
    ],
    "essay_scoreT_avg": 25.233332,
    "essay_scoreT_detail": {
      "essay_scoreT_org": [
        [
          2,
          0,
          2,
          3
        ],
        [
          2,
          0,
          3,
          2
        ],
        [
          3,
          0,
          2,
          3
        ]
      ],
      "essay_scoreT_cont": [
        [
          3,
          2,
          2,
          2
        ],
        [
          3,
          3,
          3,
          3
        ],
        [
          2,
          2,
          2,
          3
        ]
      ],
      "essay_scoreT_exp": [
        [
          3,
          3,
          2
        ],
        [
          3,
          3,
          3
        ],
        [
          2,
          3,
          2
        ]
      ]
    }
  },
  "student": {
    "date": "2021.12.29",
    "student_educated": true,
    "student_grade": "고등_1학년",
    "location": "063",
    "student_grade_group": "고등",
    "student_reading": 2
  },
  "rubric": {
    "essay_grade": "고등_1학년",
    "organization_weight": {
      "org_paragraph": 0,
      "org": 3,
      "org_essay": 6,
      "org_coherence": 3,
      "org_quantity": 1
    },
    "essay_type": "주장",
    "content_weight": {
      "con_clearance": 3,
      "con_novelty": 3,
      "con": 4,
      "con_prompt": 1,
      "con_description": 3
    },
    "essay_main_subject": "평가에 대한 본인의 의견",
    "expression_weight": {
      "exp_style": 4,
      "exp_grammar": 2,
      "exp_vocab": 4,
      "exp": 3
    }
  },
  "correction": [],
  "info": {
    "essay_id": "ESSAY_83933",
    "essay_prompt": " 평가는 일반적으로 평가대상의 장점과 가치를 결정하는 과정을 말합니다.\n\n 세상에는 무수히 많은 평가 방법들이 존재하고 그 주제도 다양합니다.\n\n 우리나라의 경우는 어떨까요? 중간, 기말시험이 있고 미술과 같은 기본기와 창의성을 평가하는 과목도 있습니다. 체육과 같은 신체적인 능력을 평가하는 과목도 있지요. 모두 적절한 기준이 있으며 매우 객관적인 기준이라고 말합니다.\n\n 하지만 여러분이 생각하기에 모든 학생을 동일한 평가지표에 맞추어 평가하는 것이 올바른 방식이라고 생각하나요?\n\n 사람마다 특성이 존재하듯 각각의 목표 또한 다르고 성과도 다를 수 있습니다. 특정 기준에 의존해 본인의 성과도를 평가하는 것이 바르다고 생각되나요?\n\n 현재의 평가 방식은 최고의 객관적인 평가 방식이라고 생각하신다면 그 이유를 작성해주세요. 아니라면 어떤 평가 기준이 추가되어야 하고 또한 어떤 생각으로 평가가 이루어졌으면 좋겠는지 서술해 주세요.",
    "essay_type": "주장",
    "essay_level": "2",
    "essay_len": 794,
    "essay_main_subject": "평가에 대한 본인의 의견"
  }
}