{
  "paragraph": [
    {
      "paragraph_txt": "저는 코로나 백신에 대한 지적재산권을 의무화 하는 것에 반대합니다.#@문장구분# 왜냐하면 지금과 같은 혼란 속에서 자기 잇속만 챙기려고 하는 행위는 정말 나쁜 행동이라고 생각하기 때문입니다.#@문장구분# 지금 코로나로 인해 많은 사람들이 고통을 받고 죽는 사람들도 많아지는데 그것을 이용해 돈을 벌어들이는 것은 정말 사람이 할 짓이 아니라고 생각합니다.#@문장구분# 특히 제시문에도 나와있듯이 지적재산권의 변하지 않는 신뢰를 위해서라도 무상 공개는 절대로 안된다고 하는 사람들이 있습니다.#@문장구분# 하지만 제 생각은 그것과 코로나 백신과는 엄연히 다른 문제라고 생각합니다.#@문장구분# 당연히 지적재산권을 보호해주어야 하는 것이 맞습니다.#@문장구분# 왜냐하면 하나의 창작물이 나오기까지의 시간과 비용을 보상받는 행위가 바로 지적재산권 보호라고 생각합니다.#@문장구분# 하지만 지금곽 같은 코로나 상황에서는 적용되지 않는 말인 것 같습니다.#@문장구분# 수많은 사람의 고통보다 돈이 먼저인 사람들에게는 이해가 되지 않는 상황이겠지만, 제가 만약 코로나 백신을 개발한 사람이라고 치면 저는 전 세계 사람들에게 원가만 받고 코로나 백신을 만드는 레시피까지 공개할 것입니다.#@문장구분# 특히 지금 가장 문제가 되고있는 것은 바로 코로나 변이입니다.#@문장구분# 변이가 생기는 이유는 많은 사람들이 코로나에 걸려 점점 면역체를 갖게되어 그 면역체를 피하기 위해 코로나 바이러스가 스스로 변하기 때문입니다.#@문장구분# 그래서 변이가 생기지 않게 하기 위해서는 우선 코로나에 많은 사람들이 걸리지 않게 하는 방법이 있는데 그렇게 하기 위해서는 우선 많은 사람들에게 백신을 맞게 해야한다고 생각합니다.#@문장구분# 그런데 지금 백신의 가격이 비싸서 아프리카와 같은 후진국들은 백신을 구매할 수 없는 지경이라고 합니다.#@문장구분# 그래서 점점 코로나 확진자의 수가 늘어나고 있다고 합니다.#@문장구분# 특히 지금 남아공에서 생긴 코로나 변이바이러스 오미크론이 확산되고 있다고 합니다.#@문장구분# 그래서 저는 더욱 악화되는 코로나를 막기 위해 백신에 대한 지적재산권 행사를 금지해야 한다고 생각합니다.#@문장구분#",
      "paragraph_len": 1276,
      "paragraph_id": "001"
    }
  ],
  "score": {
    "paragraph_score": [
      {
        "paragraph_scoreT": [
          3,
          3,
          3
        ],
        "paragraph_scoreT_detail": {
          "paragraph_scoreT_exp": [
            [
              3,
              3,
              3
            ],
            [
              3,
              3,
              3
            ],
            [
              3,
              3,
              3
            ]
          ]
        },
        "paragraph_scoreT_avg": 3,
        "paragraph_id": "001"
      }
    ],
    "essay_scoreT": [
      30,
      30,
      28.4
    ],
    "essay_scoreT_avg": 29.466667,
    "essay_scoreT_detail": {
      "essay_scoreT_org": [
        [
          3,
          3,
          3,
          3
        ],
        [
          3,
          3,
          3,
          3
        ],
        [
          3,
          3,
          3,
          3
        ]
      ],
      "essay_scoreT_cont": [
        [
          3,
          3,
          3,
          3
        ],
        [
          3,
          3,
          3,
          3
        ],
        [
          3,
          2,
          2,
          3
        ]
      ],
      "essay_scoreT_exp": [
        [
          3,
          3,
          3
        ],
        [
          3,
          3,
          3
        ],
        [
          3,
          3,
          3
        ]
      ]
    }
  },
  "student": {
    "date": "2021.12.01",
    "student_educated": true,
    "student_grade": "고등_2학년",
    "location": "063",
    "student_grade_group": "고등",
    "student_reading": 2
  },
  "rubric": {
    "essay_grade": "고등_2학년",
    "organization_weight": {
      "org_paragraph": 3,
      "org": 3,
      "org_essay": 3,
      "org_coherence": 3,
      "org_quantity": 1
    },
    "essay_type": "주장",
    "content_weight": {
      "con_clearance": 3,
      "con_novelty": 3,
      "con": 4,
      "con_prompt": 1,
      "con_description": 3
    },
    "essay_main_subject": "지적 재산권에 대한 본인의 생각 작성",
    "expression_weight": {
      "exp_style": 4,
      "exp_grammar": 2,
      "exp_vocab": 4,
      "exp": 3
    }
  },
  "correction": [],
  "info": {
    "essay_id": "ESSAY_53070",
    "essay_prompt": " 지적재산권이란 특허권, 실용신안권, 상표권, 디자인권을 총칭하는 개념으로 지적재산권법은 정보생산자에게 일정기간 동안 시장에서의 배타적 지위를 부여하고 있습니다.\n\n 즉, 지적 재산권은 특정 사람이 생각/창작해낸 것을 다른사람들의 무분별한 이용으로 부터 지켜주는 것입니다. 이러한 지적재산권은 개인 혹은 회사 더 나아가 나라에 귀속될 수 있습니다.\n\n 다만, 코로나 시대인 요즘 전 세계적인 재앙인 코로나를 물리칠 수 있는 백신에 대한 지적재산권을 자유롭게 풀어야한다는 의견이 계속해서 나오고 있습니다. \n\n 지적 재산권이 있는 제약회사가 있는 나라의 경우 백신이 충분하며 백신을 맞는 것이 선택의 문제인 반면, 그렇지 못한 나라는 백신을 맞고 싶어도 맞지 못하는 사람들이 많고 항체가 없어 사망하는 경우도 비교적 많이 때문입니다.\n\n 전 세계의 문제를 해결하기 위해 수 많은 돈을 들여 개발한 백신의 지적재산권을 공유하는 것이 의무화 되어야 할까요? 아니면 회사의 선택에 맡겨야할까요? 보상은 어떻게 해야할까요? \n\n 전 세계에 무상으로 공개 해야 한다는 의견이 있을 수도 있고 무상으로 공개한 회사의 경우 팬더믹 상황이 종결 된 후 따로 보상을 해주어야 한다는 의견도 있을 겁니다. 지적재산권의 변하지 않는 신뢰를 위해서라도 무상 공개는 절대 있어서는 안된다는 의견도 있을 것입니다.\n\n 지금까지도 펜더믹 상황에서 코로나19 백신에 대한 특허권을 보장해야 하느냐 풀어야 하느냐 의견이 분분합니다. 이에 대한 자신의 주장을 작성해주세요. 또한, 그렇게 생각한 이유도 설명해주세요.",
    "essay_type": "주장",
    "essay_level": "1",
    "essay_len": 956,
    "essay_main_subject": "지적 재산권에 대한 본인의 생각 작성"
  }
}