{
  "paragraph": [
    {
      "paragraph_txt": "미국 제약회사 화이자가 95개 저소득 국가에 한해 자사의 코로나19 치료 알약의 복제약 제조를 허용하기로 했다고 밝혔습니다. #@문장구분#미국 식품의약품 FDA에 긴급사용승인도 신청했다고 전해집니다.#@문장구분#\n화이자는 이를 위해 유엔이 지원하는 의료단체 극제의약특허풀 MPP와의 라이선스 계약을 맺었고, MPP가 해당 국가와 재계약을 하는 방식으로 돌아갈 것이라고 합니다. #@문장구분#화이자는 코로나19 비상 사태 동안은 치료알약에 대한 로열티를 받지 않는데, 앞서 복제약을 허용한 머크앤컴퍼니의 계약과 거의 비슷한 상황을 보여주고 있다고 전문가들은 말합니다.#@문장구분# 화이자가 복제약을 허용한 95개의 나라는 전 세계 인구의 53%정도로 추산된다고 합니다. #@문장구분#MPP 이사 찰스 고어는 \"상대적으로 투요하기 쉽고, 치료 비용이 저렴하고 생산 비용도 비싸지 않습니다.#@문장구분# 사람들이 병원에 가지 않아도 되고, 저소득 및 중간 소득 국가에 매우 적합합니다.\"라고 인터뷰했습니다.#@문장구분# 물론 이에 대해 여러 나라들이 화이자를 반기기도 하지만, 마냥 그렇지만은 않습니다. #@문장구분#국경없는 이사회에서는 성명을 통해 95개 나라에 쿠바와 이라크, 리비아 등 저소득 국가 다수가 빠져있으며 코로나19 사망자 수가 세계 최대 수준인 브라질 등이 제외 된 점이 유감이라고 전했습니다.#@문장구분# 그러면서 결국 코로나19 사태 해결의 핵심은 백신 특허를 개방하는 데 있다고 강조했습니다.#@문장구분# 하지만 저는 화이자의 이번 행보에 대해 박수를 보내주고 싶습니다.#@문장구분# 백신 특허를 개방하는 것은 굉장히 위험한 일입니다.#@문장구분# 개방으로 인해 해당 회사에서 얻을 수 있는 이득이나 개발, 연구비 등을 충당하지 못한다는 점은 나중에 코로나19와 같은 사태가 다시 일어났을 때 위험이 될 수 있는 부분이기 때문입니다.#@문장구분# 그 와중에도 다른 방법을 찾아 저소득 국가에 도움을 주려는 화이자의 행보는 칭찬받아 마땅할 것이라고 생각하며 백신 특허가 개방하는 것이 해결의 핵심이라는 국경없는 이사회의 의견은 사람을 제외한 다른 요소들을 전부 배제했기 때문에 나올 수 있는 소리라고 생각하여 반대합니다.#@문장구분#",
      "paragraph_len": 1273,
      "paragraph_id": "001"
    }
  ],
  "score": {
    "paragraph_score": [
      {
        "paragraph_scoreT": [
          3,
          2.8,
          2.4
        ],
        "paragraph_scoreT_detail": {
          "paragraph_scoreT_exp": [
            [
              3,
              3,
              3
            ],
            [
              2,
              3,
              3
            ],
            [
              2,
              2,
              3
            ]
          ]
        },
        "paragraph_scoreT_avg": 2.7333336,
        "paragraph_id": "001"
      }
    ],
    "essay_scoreT": [
      28.8,
      23.6,
      26.100002
    ],
    "essay_scoreT_avg": 26.166666,
    "essay_scoreT_detail": {
      "essay_scoreT_org": [
        [
          3,
          3,
          3,
          3
        ],
        [
          2,
          3,
          2,
          3
        ],
        [
          2,
          3,
          3,
          3
        ]
      ],
      "essay_scoreT_cont": [
        [
          2,
          3,
          3,
          3
        ],
        [
          2,
          2,
          2,
          2
        ],
        [
          3,
          2,
          3,
          3
        ]
      ],
      "essay_scoreT_exp": [
        [
          3,
          3,
          3
        ],
        [
          2,
          3,
          3
        ],
        [
          2,
          2,
          3
        ]
      ]
    }
  },
  "student": {
    "date": "2021.11.20",
    "student_educated": true,
    "student_grade": "고등_2학년",
    "location": "02",
    "student_grade_group": "고등",
    "student_reading": 2
  },
  "rubric": {
    "essay_grade": "고등_2학년",
    "organization_weight": {
      "org_paragraph": 3,
      "org": 3,
      "org_essay": 3,
      "org_coherence": 3,
      "org_quantity": 1
    },
    "essay_type": "주장",
    "content_weight": {
      "con_clearance": 3,
      "con_novelty": 3,
      "con": 4,
      "con_prompt": 1,
      "con_description": 3
    },
    "essay_main_subject": "지적 재산권에 대한 본인의 생각 작성",
    "expression_weight": {
      "exp_style": 4,
      "exp_grammar": 2,
      "exp_vocab": 4,
      "exp": 3
    }
  },
  "correction": [],
  "info": {
    "essay_id": "ESSAY_45933",
    "essay_prompt": " 지적재산권이란 특허권, 실용신안권, 상표권, 디자인권을 총칭하는 개념으로 지적재산권법은 정보생산자에게 일정기간 동안 시장에서의 배타적 지위를 부여하고 있습니다.\n\n 즉, 지적 재산권은 특정 사람이 생각/창작해낸 것을 다른사람들의 무분별한 이용으로 부터 지켜주는 것입니다. 이러한 지적재산권은 개인 혹은 회사 더 나아가 나라에 귀속될 수 있습니다.\n\n 다만, 코로나 시대인 요즘 전 세계적인 재앙인 코로나를 물리칠 수 있는 백신에 대한 지적재산권을 자유롭게 풀어야한다는 의견이 계속해서 나오고 있습니다. \n\n 지적 재산권이 있는 제약회사가 있는 나라의 경우 백신이 충분하며 백신을 맞는 것이 선택의 문제인 반면, 그렇지 못한 나라는 백신을 맞고 싶어도 맞지 못하는 사람들이 많고 항체가 없어 사망하는 경우도 비교적 많이 때문입니다.\n\n 전 세계의 문제를 해결하기 위해 수 많은 돈을 들여 개발한 백신의 지적재산권을 공유하는 것이 의무화 되어야 할까요? 아니면 회사의 선택에 맡겨야할까요? 보상은 어떻게 해야할까요? \n\n 전 세계에 무상으로 공개 해야 한다는 의견이 있을 수도 있고 무상으로 공개한 회사의 경우 팬더믹 상황이 종결 된 후 따로 보상을 해주어야 한다는 의견도 있을 겁니다. 지적재산권의 변하지 않는 신뢰를 위해서라도 무상 공개는 절대 있어서는 안된다는 의견도 있을 것입니다.\n\n 지금까지도 펜더믹 상황에서 코로나19 백신에 대한 특허권을 보장해야 하느냐 풀어야 하느냐 의견이 분분합니다. 이에 대한 자신의 주장을 작성해주세요. 또한, 그렇게 생각한 이유도 설명해주세요.",
    "essay_type": "주장",
    "essay_level": "1",
    "essay_len": 993,
    "essay_main_subject": "지적 재산권에 대한 본인의 생각 작성"
  }
}