{
  "paragraph": [
    {
      "paragraph_txt": "유럽 여행을 간다는 사람들 중 벨기에 경험을 들려주는 이들의 이야기를 들어보면, 아무렇지도 않게 동양인들을 조롱하는 눈을 찢고 흑인을 보고 식민지 출신 노예라고 말하는 곳이 바로 벨기에라고 합니다. #@문장구분#단적으로 예를 들자면, 인류 역사상 마지막 인간 동물원이 열린 곳이 바로 벨기에입니다.#@문장구분# 아무리 재능과 지식, 식견을 갖추더라도 유색인종인 학생들은 직업 교육 학교로만 보내려 한다는 보고서가 존재하고 있으며, 브뤼셀 자유대학 공식 보고서에서는 석사 학위 이상을 가진 흑인들은 취업에 걸리는 시간이 평균 1년이라는 논문도 있습니다(백인들은 평균 3개월). 이 과정에서 인터뷰나 조사 등에서 명백한 인종차별적인 요소들이 산재해 있기도 합니다. #@문장구분#수도인 브뤼셀에서도 이런 인종차별은 남의 이야기가 아닌데, 레 누아로라고 얼굴을 검게 칠하고 돌아다니면서 동냥을 하는 행사가 지속되고 있습니다. #@문장구분#프랑스 등 인근 유럽 국가에서도 인종차별은 심하지만, 다른 나라에서는 '인종차별을 반대하는' 시늉이라도 하는 수준이라면 벨기에는 그마저도 하지 않는다는 게 그 심각성을 더하고 있습니다.#@문장구분# 벨기에가 인종차별 이유는 첫번째로 오래 전부터 다원화가 되었던 인접 국가들과는 달리 벨기에는 상대적으로 다른 인종을 받아들이는 게 오래 걸렸는데, 이 때문에 자연스럽게 다른 인종에 대한 인해도가 부족하고 자국민으로 받아들이는 데 익숙하지 않다는 것입니다. #@문장구분#이와 함께 제국주의와 과거사를 자신들의 기억에서 '위대한 잊기'라는 이름으로 역사왜곡을 하고 있는 것도 큰데, 콩고에서 대학살을 한 레오폴드 2세를 찬양하는 교육을 하는가 하면 이를 포함한 제국주의 만행을 왜곡하고 있는 역사교육을 진행하고 있습니다. #@문장구분#문제는 이러한 일들을 정치나 사회적으로 타파하는 노력을 해야 하지만 네오나치, 성차별, 인종차별, 반이민에 거품을 물고 난리를 치는 급진, 급우 민족주의 운동인 플람스 운동이 힘을 얻는 등 이러한 노력이 거의 없다는 게 문제입니다. #@문장구분#우리는 이런 인종차별을 벌어지는 이유에 대해 분석하고 우리는 이런 실수를 저지르지 않도록 타산지석의 본보기로 삼아 인종차별이 없는 선진국가를 만들도록 노력해야 할 것입니다.#@문장구분#",
      "paragraph_len": 1230,
      "paragraph_id": "001"
    }
  ],
  "score": {
    "paragraph_score": [
      {
        "paragraph_scoreT": [
          3,
          2.6,
          3
        ],
        "paragraph_scoreT_detail": {
          "paragraph_scoreT_exp": [
            [
              3,
              3,
              3
            ],
            [
              3,
              2,
              3
            ],
            [
              3,
              3,
              3
            ]
          ]
        },
        "paragraph_scoreT_avg": 2.8666668,
        "paragraph_id": "001"
      }
    ],
    "essay_scoreT": [
      29.1,
      26.3,
      30
    ],
    "essay_scoreT_avg": 28.466667,
    "essay_scoreT_detail": {
      "essay_scoreT_org": [
        [
          2,
          3,
          3,
          3
        ],
        [
          2,
          3,
          3,
          3
        ],
        [
          3,
          3,
          3,
          3
        ]
      ],
      "essay_scoreT_cont": [
        [
          3,
          3,
          3,
          3
        ],
        [
          3,
          2,
          2,
          3
        ],
        [
          3,
          3,
          3,
          3
        ]
      ],
      "essay_scoreT_exp": [
        [
          3,
          3,
          3
        ],
        [
          3,
          2,
          3
        ],
        [
          3,
          3,
          3
        ]
      ]
    }
  },
  "student": {
    "date": "2021.11.29",
    "student_educated": true,
    "student_grade": "고등_2학년",
    "location": "063",
    "student_grade_group": "고등",
    "student_reading": 2
  },
  "rubric": {
    "essay_grade": "고등_2학년",
    "organization_weight": {
      "org_paragraph": 3,
      "org": 3,
      "org_essay": 3,
      "org_coherence": 3,
      "org_quantity": 1
    },
    "essay_type": "주장",
    "content_weight": {
      "con_clearance": 3,
      "con_novelty": 3,
      "con": 4,
      "con_prompt": 1,
      "con_description": 3
    },
    "essay_main_subject": "인종차별에 대한 본인의 생각",
    "expression_weight": {
      "exp_style": 4,
      "exp_grammar": 2,
      "exp_vocab": 4,
      "exp": 3
    }
  },
  "correction": [],
  "info": {
    "essay_id": "ESSAY_53113",
    "essay_prompt": " 최근 중국발 코로나바이러스로 인해 동양인에 대한 혐오감을 나타내는 서양인들이 늘어나고 있습니다. 그로 인해, 매스컴이나 SNS에서 인종차별을 받아 힘들어하는 동양인들을 자주 목격할 수 있습니다.\n\n 하지만, 최근에만 인종차별이 존재했을까요? 아닙니다. 아주 오래전부터 다른 인종에 대한 차별은 있었습니다.\n\n 우리나라에서는 인종차별을 안 하고 있을까요? 아닙니다. 우리나라에서도 알게 모르게 많은 부분에서 다른 국가의 사람들에 대해 인종차별을 하고 있으며 누군가에게 상처를 주고 있습니다.\n\n 즉, 인종차별은 누군가의 문제가 아니라 우리 모두의 문제입니다.\n\n 여러분들은 인종차별을 당해보신 적 있나요? 인종차별을 하는 사람들에 대해 어떻게 생각하시나요? 왜 생겨났다고 생각하나요? 인종차별을 근절하기 위해서는 어떻게 해야 할까요? 인종차별을 하는 사람들에 대해 전 세계적으로 처벌의 강도를 높여야 할까요?\n\n 인종차별을 하는 사람들에 대한 본인의 생각을 작성하고 인종차별은 해결할 수 있는 문제일지 아니면 해결하지 어려운 문제일지 작성해주세요. 또한, 그렇게 생각한 이유와 본인이 생각한 해결방법 혹은 해결할 수 없다면 왜 해결할 수 없다고 생각하는지 작성해주세요.",
    "essay_type": "주장",
    "essay_level": "1",
    "essay_len": 1051,
    "essay_main_subject": "인종차별에 대한 본인의 생각"
  }
}