{
  "paragraph": [
    {
      "paragraph_txt": "어느날 사과를 사러 갔다고 생각을 해봅니다.#@문장구분# 사과를 사러가서 향도 맡아보고 껍질이 매끄러운지, 색을 보고 잘익었는지 알수 있을 것이며 사과의 크기가 적당한지, 너무 작지는 않은지 사과꼭지가 빠지지 않고 잘 달려서 상품성이 존재하는 과일인지 모두 꼼꼼히 따져 봅니다.#@문장구분# 이게 객관적 평가 라는 것 입니다.#@문장구분# 이런 객관적인 평가말고 주관적 평가방식으로 평가를 한다면 좋은 사과라는 목표 하나로 두사람이 사과를 구입했을 때 서로 같은 타입의 사과를 구입하지 못할 것입니다.#@문장구분# 그들의 사과를 평가하는 기준이 자신이 생각하는 주관적 기준에 입각한 것이기 때문입니다.#@문장구분# 하지만 객관적 평가방식으로 사과색은 붉은 색이 3분의 2이상 포함되었는가? 사과의 크기는 지름이 15Cm 정도 되는가? 향은 새콤한 향이 풍기는가? 사과의 꼭지는 붙어있는가? 당도의 측정치인 브릭스의 수치가 20정도 나오는가? 등 객관적 기준을 제시하여 이기준에 합당한 사과가 맛있는 사과이니 사오시오. 라고 하였을 때 두사람은 거의 비슷한 수준의 맛과 크기와 색을 가진 사과를 구입해 올 것입니다.#@문장구분# 이렇듯 객관적 평가방식은 여러명이 평가하여도 같은 결과 혹은 비슷한 결과를 도출할수 있는 장점을 가지고 있습니다.#@문장구분# 평가자 뿐만이 아니라 평자받는 사람도 객관적 평가일 때 적은 비용으로 많은 사람을 평가할수 있기 때문에 비용대비 효과가 큰 가성비가 매우큰 평가 방식이 된다고 생각합니다.#@문장구분# 하지만 이런 객관적 평가방식만 고집한다면 평가받는 사람들이 그 평가기준에만 맞추어 준비하기 때문에 창의성이나 개성이 무시되고 그들만의 특색이 없이 천편일률적인 학생들이 되어버립니다.#@문장구분#",
      "paragraph_len": 974,
      "paragraph_id": "001"
    }
  ],
  "score": {
    "paragraph_score": [
      {
        "paragraph_scoreT": [
          2.8,
          2,
          2
        ],
        "paragraph_scoreT_detail": {
          "paragraph_scoreT_exp": [
            [
              2,
              3,
              3
            ],
            [
              2,
              2,
              2
            ],
            [
              2,
              2,
              2
            ]
          ]
        },
        "paragraph_scoreT_avg": 2.2666667,
        "paragraph_id": "001"
      }
    ],
    "essay_scoreT": [
      26.699999,
      21.5,
      23.099998
    ],
    "essay_scoreT_avg": 23.766665,
    "essay_scoreT_detail": {
      "essay_scoreT_org": [
        [
          2,
          0,
          2,
          3
        ],
        [
          2,
          0,
          2,
          3
        ],
        [
          2,
          0,
          2,
          3
        ]
      ],
      "essay_scoreT_cont": [
        [
          3,
          3,
          3,
          3
        ],
        [
          2,
          3,
          2,
          2
        ],
        [
          3,
          2,
          3,
          3
        ]
      ],
      "essay_scoreT_exp": [
        [
          2,
          3,
          3
        ],
        [
          2,
          2,
          2
        ],
        [
          2,
          2,
          2
        ]
      ]
    }
  },
  "student": {
    "date": "2021.12.21",
    "student_educated": true,
    "student_grade": "고등_1학년",
    "location": "063",
    "student_grade_group": "고등",
    "student_reading": 2
  },
  "rubric": {
    "essay_grade": "고등_1학년",
    "organization_weight": {
      "org_paragraph": 0,
      "org": 3,
      "org_essay": 6,
      "org_coherence": 3,
      "org_quantity": 1
    },
    "essay_type": "주장",
    "content_weight": {
      "con_clearance": 3,
      "con_novelty": 3,
      "con": 4,
      "con_prompt": 1,
      "con_description": 3
    },
    "essay_main_subject": "평가에 대한 본인의 의견",
    "expression_weight": {
      "exp_style": 4,
      "exp_grammar": 2,
      "exp_vocab": 4,
      "exp": 3
    }
  },
  "correction": [],
  "info": {
    "essay_id": "ESSAY_76495",
    "essay_prompt": " 평가는 일반적으로 평가대상의 장점과 가치를 결정하는 과정을 말합니다.\n\n 세상에는 무수히 많은 평가 방법들이 존재하고 그 주제도 다양합니다.\n\n 우리나라의 경우는 어떨까요? 중간, 기말시험이 있고 미술과 같은 기본기와 창의성을 평가하는 과목도 있습니다. 체육과 같은 신체적인 능력을 평가하는 과목도 있지요. 모두 적절한 기준이 있으며 매우 객관적인 기준이라고 말합니다.\n\n 하지만 여러분이 생각하기에 모든 학생을 동일한 평가지표에 맞추어 평가하는 것이 올바른 방식이라고 생각하나요?\n\n 사람마다 특성이 존재하듯 각각의 목표 또한 다르고 성과도 다를 수 있습니다. 특정 기준에 의존해 본인의 성과도를 평가하는 것이 바르다고 생각되나요?\n\n 현재의 평가 방식은 최고의 객관적인 평가 방식이라고 생각하신다면 그 이유를 작성해주세요. 아니라면 어떤 평가 기준이 추가되어야 하고 또한 어떤 생각으로 평가가 이루어졌으면 좋겠는지 서술해 주세요.",
    "essay_type": "주장",
    "essay_level": "2",
    "essay_len": 794,
    "essay_main_subject": "평가에 대한 본인의 의견"
  }
}