{
  "paragraph": [
    {
      "paragraph_txt": "전 세계의 중국에 대한 증오심이 이러한 아시아계에 대한 범죄를 일으키는데 한몫 했을 것입니다.#@문장구분# 하지만 현재 인종차별의 피해자들은 코로나 바이러스와 관련이 없는 사람들이고, 그러한 일을 당할 이유도 없을 사람들입니다#@문장구분#. 증오는 증오만을 낳을 뿐입니다. #@문장구분#최근 아시안 전체의 인종차별 문제가 두드러지고 있습니다. #@문장구분#유투브에서도 동양인 인종차별에 관한 이슈가 커지고 있고 관련된 영상들이 급증하고 있습니다. #@문장구분#이는 글로벌 사회 전반적으로 동양인 차별이 실제적으로 매우 증가했다는 반증이이라고 생각합니다. #@문장구분#실제로 코로나 바이러스 이후로 수많은 인종차별 범죄 사례가 매우 빠르게 증가하고 있습니다.#@문장구분# 서구사회에 조금이라도 살아본 경험이 있는 절 비롯한 한국인들은 모두 인종차별에 대한 경험을 했을 것입니다.#@문장구분# 물론 개인적인 생각일 수 도 있겠지만, 아시아인들의 사회적 위상은 현실적으로 그리 크지 않고, 알게 모르게 은근한 인종차별에 굉장히 많이 노출되어오고 있습니다.#@문장구분# 단일 민족이 대부분으로 구성된 한국 사회에서 자란 한국인들은 인종 차별이란 이슈에 큰 관심은 없는 것 같지만, 현재 인종 차별은 세계적으로 어디서나 일어나고 있고, 흔하게 접할 수 있는 소재입니다. #@문장구분#제가 호주에서 어학연수로 2년을 거주했을 때도, 은은한 인종차별을 당했고, 직접적인 위협은 없었지만 제 주위 지인들이 길거리를 걸어다니다가 조롱을 들었다거나, 눈을 찢는 시늉을 하면서 원숭이 흉내를 낸다던가, 뭐, 그런 흔한 서양인들의 동양인 조롱을 당하는 경우를 많이 들었습니다.#@문장구분# 이제 동양인 인종차별은 '당연히' 당하는 수준까지 왔으며, 직접 목소리를 내고, 간접적으로 우리가 이러한 사태를 해결하기 위해 움직여야 할 상황까지 왔다고 생각합니다. #@문장구분#인종이 다르단 이유로, 동양인인 길거리를 걸어갈 때 두려움에 처해야 한다는 것을 이해할 수가 없습니다. #@문장구분#그들의 입장을 이해해보자면, 코로나 바이러스는 중국에서 일어났고, 그로 인해 수많은 사람들, 수많은 나라가 엄청난 피해를 입었습니다.",
      "paragraph_len": 1231,
      "paragraph_id": "001"
    }
  ],
  "score": {
    "paragraph_score": [
      {
        "paragraph_scoreT": [
          3,
          2,
          2
        ],
        "paragraph_scoreT_detail": {
          "paragraph_scoreT_exp": [
            [
              3,
              3,
              3
            ],
            [
              2,
              2,
              2
            ],
            [
              2,
              2,
              2
            ]
          ]
        },
        "paragraph_scoreT_avg": 2.3333333,
        "paragraph_id": "001"
      }
    ],
    "essay_scoreT": [
      26,
      24,
      25.8
    ],
    "essay_scoreT_avg": 25.266668,
    "essay_scoreT_detail": {
      "essay_scoreT_org": [
        [
          3,
          3,
          3,
          3
        ],
        [
          2,
          2,
          3,
          3
        ],
        [
          3,
          3,
          3,
          3
        ]
      ],
      "essay_scoreT_cont": [
        [
          2,
          2,
          2,
          2
        ],
        [
          2,
          3,
          3,
          3
        ],
        [
          2,
          3,
          3,
          3
        ]
      ],
      "essay_scoreT_exp": [
        [
          3,
          3,
          3
        ],
        [
          2,
          2,
          2
        ],
        [
          2,
          2,
          2
        ]
      ]
    }
  },
  "student": {
    "date": "2021.12.10",
    "student_educated": true,
    "student_grade": "고등_2학년",
    "location": "063",
    "student_grade_group": "고등",
    "student_reading": 1
  },
  "rubric": {
    "essay_grade": "고등_2학년",
    "organization_weight": {
      "org_paragraph": 3,
      "org": 3,
      "org_essay": 3,
      "org_coherence": 3,
      "org_quantity": 1
    },
    "essay_type": "주장",
    "content_weight": {
      "con_clearance": 3,
      "con_novelty": 3,
      "con": 4,
      "con_prompt": 1,
      "con_description": 3
    },
    "essay_main_subject": "인종차별에 대한 본인의 생각",
    "expression_weight": {
      "exp_style": 4,
      "exp_grammar": 2,
      "exp_vocab": 4,
      "exp": 3
    }
  },
  "correction": [],
  "info": {
    "essay_id": "ESSAY_57408",
    "essay_prompt": " 최근 중국발 코로나바이러스로 인해 동양인에 대한 혐오감을 나타내는 서양인들이 늘어나고 있습니다. 그로 인해, 매스컴이나 SNS에서 인종차별을 받아 힘들어하는 동양인들을 자주 목격할 수 있습니다.\n\n 하지만, 최근에만 인종차별이 존재했을까요? 아닙니다. 아주 오래전부터 다른 인종에 대한 차별은 있었습니다.\n\n 우리나라에서는 인종차별을 안 하고 있을까요? 아닙니다. 우리나라에서도 알게 모르게 많은 부분에서 다른 국가의 사람들에 대해 인종차별을 하고 있으며 누군가에게 상처를 주고 있습니다.\n\n 즉, 인종차별은 누군가의 문제가 아니라 우리 모두의 문제입니다.\n\n 여러분들은 인종차별을 당해보신 적 있나요? 인종차별을 하는 사람들에 대해 어떻게 생각하시나요? 왜 생겨났다고 생각하나요? 인종차별을 근절하기 위해서는 어떻게 해야 할까요? 인종차별을 하는 사람들에 대해 전 세계적으로 처벌의 강도를 높여야 할까요?\n\n 인종차별을 하는 사람들에 대한 본인의 생각을 작성하고 인종차별은 해결할 수 있는 문제일지 아니면 해결하지 어려운 문제일지 작성해주세요. 또한, 그렇게 생각한 이유와 본인이 생각한 해결방법 혹은 해결할 수 없다면 왜 해결할 수 없다고 생각하는지 작성해주세요.",
    "essay_type": "주장",
    "essay_level": "1",
    "essay_len": 972,
    "essay_main_subject": "인종차별에 대한 본인의 생각"
  }
}