{
  "paragraph": [
    {
      "paragraph_txt": "나는 평가에 대해서 부정적이게 생각을 한다.#@문장구분# 물론 아닌 사람들도 많지만 나의 의견은 이렇다 평가라는 게 어떤 기준을 세워 놓고 거기에 맞는 모양이면 놓고 다른모양이면 밖으로 빼 버린다.#@문장구분# 어떻게 이렇게 완벽만을 추가 할 수 있겠는가.#@문장구분# 서로의 부족한 부분들을 채워 주고 서로가 서로에게 도움을 주고 서로를 양보 하면서 살아야 하는 게 사회인데 평가의 기준이 자리 잡아버리면 서로 경쟁 하고 서로 싸우고 이기적인 마음을 가지게 될 수 밖에 없다.#@문장구분# 왜 우리가 굳이 평가를 내 세워서 사람들에게 그런 마음을 심어 줘야 하는 거 모르겠다.#@문장구분# 평가 없이도 규칙만 잘 세우면 우리는 서로를 배려 하면서 행복하게 살아갈 수 있을 거라고 생각한다.#@문장구분# 평가라는 기준이 도대체 뭐기에 사람들의 인생을 좌우 하는 걸까.#@문장구분# 그렇지 않은가.#@문장구분# 우리도 평가 받는 삶을 살고 있다.#@문장구분# 이 평가 기준은 도대체 누가 만든 것일까.#@문장구분# 정말 우리 사람을 평가하는 데 있어서 긍정적이게 생각할 수 없다.#@문장구분# 사람은 사람마다 다 각자의 성격이 있고 능력이 있고 최고치가 있는 건데 그것을 다 내 쳐버리고 그냥 평가 기준 에만 따라 사람을 평가 한다는 게 너무나 아쉬울 뿐이다.#@문장구분# 그럼 사람들은 자신의 이익을 위해서 어쩔 수 없이 자신의 능력이나 잘하는 일 이런 것을 내치고 평가 기준에 맞게 스스로를 바꾼다.#@문장구분# 이런 상황을 볼 때 나는 정말 평가의 기준이 왜 있는지 모르겠다.#@문장구분# 사람을 평가하는 그 평가 기준은 어떤 사람이 만들었는지 알고 싶다.#@문장구분# 사람마다 각각에 매력이 있는 건데 자신은 얼마나 잘라고 그렇게 정상이라고 생각했는지 평가 기준을 냈다 만들어 보이는 그런 나쁜 사람이 궁금하다.#@문장구분# 평가가 지금 없었다면 우리는 서로를 시기 질투 하지 않고 서로가 서로를 사랑하고 양보 하는 그런 행복한 사회가 될 수 있었을 거라고 생각한다.#@문장구분#회에서 살아 가고 싶다.#@문장구분#",
      "paragraph_len": 1253,
      "paragraph_id": "001"
    }
  ],
  "score": {
    "paragraph_score": [
      {
        "paragraph_scoreT": [
          1.6,
          2,
          2.4
        ],
        "paragraph_scoreT_detail": {
          "paragraph_scoreT_exp": [
            [
              2,
              2,
              1
            ],
            [
              2,
              2,
              2
            ],
            [
              2,
              2,
              3
            ]
          ]
        },
        "paragraph_scoreT_avg": 2,
        "paragraph_id": "001"
      }
    ],
    "essay_scoreT": [
      13.6,
      21.5,
      25.5
    ],
    "essay_scoreT_avg": 20.199999,
    "essay_scoreT_detail": {
      "essay_scoreT_org": [
        [
          1,
          0,
          1,
          3
        ],
        [
          2,
          0,
          2,
          3
        ],
        [
          2,
          0,
          2,
          3
        ]
      ],
      "essay_scoreT_cont": [
        [
          1,
          1,
          1,
          2
        ],
        [
          3,
          2,
          2,
          2
        ],
        [
          3,
          3,
          3,
          3
        ]
      ],
      "essay_scoreT_exp": [
        [
          2,
          2,
          1
        ],
        [
          2,
          2,
          2
        ],
        [
          2,
          2,
          3
        ]
      ]
    }
  },
  "student": {
    "date": "2021.12.27",
    "student_educated": true,
    "student_grade": "고등_1학년",
    "location": "063",
    "student_grade_group": "고등",
    "student_reading": 2
  },
  "rubric": {
    "essay_grade": "고등_1학년",
    "organization_weight": {
      "org_paragraph": 0,
      "org": 3,
      "org_essay": 6,
      "org_coherence": 3,
      "org_quantity": 1
    },
    "essay_type": "주장",
    "content_weight": {
      "con_clearance": 3,
      "con_novelty": 3,
      "con": 4,
      "con_prompt": 1,
      "con_description": 3
    },
    "essay_main_subject": "평가에 대한 본인의 의견",
    "expression_weight": {
      "exp_style": 4,
      "exp_grammar": 2,
      "exp_vocab": 4,
      "exp": 3
    }
  },
  "correction": [],
  "info": {
    "essay_id": "ESSAY_79782",
    "essay_prompt": " 평가는 일반적으로 평가대상의 장점과 가치를 결정하는 과정을 말합니다.\n\n 세상에는 무수히 많은 평가 방법들이 존재하고 그 주제도 다양합니다.\n\n 우리나라의 경우는 어떨까요? 중간, 기말시험이 있고 미술과 같은 기본기와 창의성을 평가하는 과목도 있습니다. 체육과 같은 신체적인 능력을 평가하는 과목도 있지요. 모두 적절한 기준이 있으며 매우 객관적인 기준이라고 말합니다.\n\n 하지만 여러분이 생각하기에 모든 학생을 동일한 평가지표에 맞추어 평가하는 것이 올바른 방식이라고 생각하나요?\n\n 사람마다 특성이 존재하듯 각각의 목표 또한 다르고 성과도 다를 수 있습니다. 특정 기준에 의존해 본인의 성과도를 평가하는 것이 바르다고 생각되나요?\n\n 현재의 평가 방식은 최고의 객관적인 평가 방식이라고 생각하신다면 그 이유를 작성해주세요. 아니라면 어떤 평가 기준이 추가되어야 하고 또한 어떤 생각으로 평가가 이루어졌으면 좋겠는지 서술해 주세요.",
    "essay_type": "주장",
    "essay_level": "2",
    "essay_len": 893,
    "essay_main_subject": "평가에 대한 본인의 의견"
  }
}