{
  "paragraph": [
    {
      "paragraph_txt": "수학능력시험에 대하여 정의를 제대로 실현하고 정정당당 하다고 생각한다.#@문장구분# 그러나 고등학교 3학년 즉 이번에 처음 치는 분들께서는 정정당당하지 못하고 자신들이 불리하다고 생각할 수 있다.#@문장구분# 자신들은 이번이 처음이지만 재수를 치는 사람들이 있기에 그렇게 생각하며 내가 생각하는 반대로 생각할 수도 있다.#@문장구분# 하지만 내가 정의를 제대로 실현하고 있다고 생각하는 이유는 노력은 배신하지 않기 때문이다.#@문장구분# 재수, 3수, 4수 치시는 분들을 비하하는 것이 아니라 그렇게 다시 시험을 치는 이유는 다른 사람들보다는 노력이 부족해서 그렇다고 생각한다.#@문장구분# 물론 여러번 시험을 치기에 조금은 유리할 수 있다. #@문장구분#하지만 같은 문제가 나오는 것도 아니며 여러번 친다고 잘한다 하면 2번 칠 때 바로 붙지 3번, 4번까지 가는 것을 보니 수학능력시험은 정정당당 하다고 생각한다.#@문장구분# 재능을 보는 것이 아니라 치열한 경쟁을 보는 거이라고 생각한다.#@문장구분# 재능이 아무리 뛰어나고 좋아도 그런 재능을 발휘하지 못하는 사람들이 많이 때문이다.#@문장구분# 수능이란걸 그 날 하루의 상태 때문에 희비가 갈릴수도 있기 때문에 상태가 좋을 수 있도록 국가에서 도움을 줄 수 있도록 되던지 아니면 할 수 있는 기간을 늘리는데 좋을 것 같다.#@문장구분# 사람마다 관점이 다르고 가치관이 다르기 때문에 서로 의견이 엇갈릴 수 있다. #@문장구분#서로 설득을 하여 그런가?#@문장구분#생각하며 입장이 바뀔수도 있겠지만 나는 내 주장을 끝까지 이어 갈 것이다.#@문장구분# 노력하고 고생한 만큼 크면 편할 것이다..#@문장구분#아무리 재능이 뛰어나도 공부가 기본적으로 되어야 이런 재능등을 발휘할수 있는 이런 시스템을 어떻게 보면 좋을지도 모르지만 내가 생각하는 것과는 맞지 않은 것 같다.#@문장구분# 따라서 나는 수학능력시험의 정의를 실현한다고 생각하지 않는다.#@문장구분#",
      "paragraph_len": 1167,
      "paragraph_id": "001"
    }
  ],
  "score": {
    "paragraph_score": [
      {
        "paragraph_scoreT": [
          3,
          3,
          2.2
        ],
        "paragraph_scoreT_detail": {
          "paragraph_scoreT_exp": [
            [
              3,
              3,
              3
            ],
            [
              3,
              3,
              3
            ],
            [
              3,
              2,
              2
            ]
          ]
        },
        "paragraph_scoreT_avg": 2.7333333,
        "paragraph_id": "001"
      }
    ],
    "essay_scoreT": [
      30,
      26.3,
      23.900002
    ],
    "essay_scoreT_avg": 26.733332,
    "essay_scoreT_detail": {
      "essay_scoreT_org": [
        [
          3,
          0,
          3,
          3
        ],
        [
          2,
          0,
          3,
          2
        ],
        [
          3,
          0,
          2,
          3
        ]
      ],
      "essay_scoreT_cont": [
        [
          3,
          3,
          3,
          3
        ],
        [
          3,
          2,
          2,
          3
        ],
        [
          2,
          2,
          2,
          3
        ]
      ],
      "essay_scoreT_exp": [
        [
          3,
          3,
          3
        ],
        [
          3,
          3,
          3
        ],
        [
          3,
          2,
          2
        ]
      ]
    }
  },
  "student": {
    "date": "2021.12.14",
    "student_educated": true,
    "student_grade": "고등_1학년",
    "location": "063",
    "student_grade_group": "고등",
    "student_reading": 1
  },
  "rubric": {
    "essay_grade": "고등_1학년",
    "organization_weight": {
      "org_paragraph": 0,
      "org": 3,
      "org_essay": 6,
      "org_coherence": 3,
      "org_quantity": 1
    },
    "essay_type": "주장",
    "content_weight": {
      "con_clearance": 3,
      "con_novelty": 3,
      "con": 4,
      "con_prompt": 1,
      "con_description": 3
    },
    "essay_main_subject": "평가에 대한 본인의 의견",
    "expression_weight": {
      "exp_style": 4,
      "exp_grammar": 2,
      "exp_vocab": 4,
      "exp": 3
    }
  },
  "correction": [],
  "info": {
    "essay_id": "ESSAY_62827",
    "essay_prompt": " 평가는 일반적으로 평가대상의 장점과 가치를 결정하는 과정을 말합니다.\n\n 세상에는 무수히 많은 평가 방법들이 존재하고 그 주제도 다양합니다.\n\n 우리나라의 경우는 어떨까요? 중간, 기말시험이 있고 미술과 같은 기본기와 창의성을 평가하는 과목도 있습니다. 체육과 같은 신체적인 능력을 평가하는 과목도 있지요. 모두 적절한 기준이 있으며 매우 객관적인 기준이라고 말합니다.\n\n 하지만 여러분이 생각하기에 모든 학생을 동일한 평가지표에 맞추어 평가하는 것이 올바른 방식이라고 생각하나요?\n\n 사람마다 특성이 존재하듯 각각의 목표 또한 다르고 성과도 다를 수 있습니다. 특정 기준에 의존해 본인의 성과도를 평가하는 것이 바르다고 생각되나요?\n\n 현재의 평가 방식은 최고의 객관적인 평가 방식이라고 생각하신다면 그 이유를 작성해주세요. 아니라면 어떤 평가 기준이 추가되어야 하고 또한 어떤 생각으로 평가가 이루어졌으면 좋겠는지 서술해 주세요.",
    "essay_type": "주장",
    "essay_level": "2",
    "essay_len": 847,
    "essay_main_subject": "평가에 대한 본인의 의견"
  }
}