{
  "paragraph": [
    {
      "paragraph_txt": "내가 유럽으로 여행을 갔을 때, 한 무리의 외국인이 나를 보며 눈을 찢는 시늉을 한 적이 있었다.#@문장구분# 당시에는 그것이 동양인 인종차별을 상징하는 행위임을 알기 전이었음에도, 이유 없는 적의는 느낄 수 있어 기분이 불쾌했다.#@문장구분# 모든 차별이 일정 부분 가지고 있는 특성이지만, 나는 피해자가 전혀 손댈 수 없는 요인 때문에 벌어진다는 점이 특히 인종차별의 가장 악질적인 특징이라고 생각한다.#@문장구분# 내가 선택하지 않은 피부색, 생김새로 주어지는 모욕에 개인은 무력하다.#@문장구분# 차별적인 시선과 언행에서 벗어나기 위해 할 수 있는 노력이 어떤 것도 없기 때문이다.#@문장구분# 그리고 바로 이 점이 인종 차별의 방지를 어렵게 한다.#@문장구분# 사람은 누구나 자신과 다른 인간을 낯설게 느낀다.#@문장구분# 다른 인종, 성별, 혹은 모습이 다른 장애인을 향한 낯설음은 당연한 현상이다.#@문장구분# 하지만 이를 드러내지 않는 것이 사회적 규범에 맞는 행위이고, 그들 또한 우리와 같은 사람이라고 사회는 교육한다.#@문장구분# 우리 사회가 다른 모양새를 가진 모든 인간을 평등하다고 규정하고 동등하게 대우하기로 약속했기 때문이다.#@문장구분# 그 모든 교육에도 불구하고, 규범을 지키지 않고 차별적 행위를 하는 사람들은 분명 잘못된 것이 맞다.#@문장구분# 하지만 그들을 제제할 방법은 마땅치 않다.#@문장구분# 인종차별은 뜻하지 않은 말과 행동에서 드러나기도 하며, 단순한 시선만으로도 이뤄질 수 있는데 이를 일일이 확인하고 규제할 기준을 만들기는 사실상 불가능하기 때문이다.#@문장구분# 또한 단순히 나와 다른 사람에 대한 호기심이라고 주장하면 이를 반증할 방도가 존재하지도 않는다.#@문장구분# 다시 말해, 인종 차별은 단순히 다른 생김새 때문에 일어나는 차별이라, 행해지기는 쉬운 반면 증명할 방법은 모호하다.#@문장구분# 그리고 이 지점이 인종 차별을 해결하기 몹시 어려운 문제로 만든다고 나는 생각한다.#@문장구분#",
      "paragraph_len": 1187,
      "paragraph_id": "001"
    }
  ],
  "score": {
    "paragraph_score": [
      {
        "paragraph_scoreT": [
          3,
          3,
          3
        ],
        "paragraph_scoreT_detail": {
          "paragraph_scoreT_exp": [
            [
              3,
              3,
              3
            ],
            [
              3,
              3,
              3
            ],
            [
              3,
              3,
              3
            ]
          ]
        },
        "paragraph_scoreT_avg": 3,
        "paragraph_id": "001"
      }
    ],
    "essay_scoreT": [
      30,
      27.2,
      26.7
    ],
    "essay_scoreT_avg": 27.966667,
    "essay_scoreT_detail": {
      "essay_scoreT_org": [
        [
          3,
          3,
          3,
          3
        ],
        [
          3,
          3,
          3,
          3
        ],
        [
          2,
          3,
          3,
          3
        ]
      ],
      "essay_scoreT_cont": [
        [
          3,
          3,
          3,
          3
        ],
        [
          2,
          2,
          2,
          3
        ],
        [
          3,
          2,
          3,
          2
        ]
      ],
      "essay_scoreT_exp": [
        [
          3,
          3,
          3
        ],
        [
          3,
          3,
          3
        ],
        [
          3,
          3,
          3
        ]
      ]
    }
  },
  "student": {
    "date": "2021.12.03",
    "student_educated": true,
    "student_grade": "고등_2학년",
    "location": "063",
    "student_grade_group": "고등",
    "student_reading": 2
  },
  "rubric": {
    "essay_grade": "고등_2학년",
    "organization_weight": {
      "org_paragraph": 3,
      "org": 3,
      "org_essay": 3,
      "org_coherence": 3,
      "org_quantity": 1
    },
    "essay_type": "주장",
    "content_weight": {
      "con_clearance": 3,
      "con_novelty": 3,
      "con": 4,
      "con_prompt": 1,
      "con_description": 3
    },
    "essay_main_subject": "인종차별에 대한 본인의 생각",
    "expression_weight": {
      "exp_style": 4,
      "exp_grammar": 2,
      "exp_vocab": 4,
      "exp": 3
    }
  },
  "correction": [],
  "info": {
    "essay_id": "ESSAY_54987",
    "essay_prompt": " 최근 중국발 코로나바이러스로 인해 동양인에 대한 혐오감을 나타내는 서양인들이 늘어나고 있습니다. 그로 인해, 매스컴이나 SNS에서 인종차별을 받아 힘들어하는 동양인들을 자주 목격할 수 있습니다.\n\n 하지만, 최근에만 인종차별이 존재했을까요? 아닙니다. 아주 오래전부터 다른 인종에 대한 차별은 있었습니다.\n\n 우리나라에서는 인종차별을 안 하고 있을까요? 아닙니다. 우리나라에서도 알게 모르게 많은 부분에서 다른 국가의 사람들에 대해 인종차별을 하고 있으며 누군가에게 상처를 주고 있습니다.\n\n 즉, 인종차별은 누군가의 문제가 아니라 우리 모두의 문제입니다.\n\n 여러분들은 인종차별을 당해보신 적 있나요? 인종차별을 하는 사람들에 대해 어떻게 생각하시나요? 왜 생겨났다고 생각하나요? 인종차별을 근절하기 위해서는 어떻게 해야 할까요? 인종차별을 하는 사람들에 대해 전 세계적으로 처벌의 강도를 높여야 할까요?\n\n 인종차별을 하는 사람들에 대한 본인의 생각을 작성하고 인종차별은 해결할 수 있는 문제일지 아니면 해결하지 어려운 문제일지 작성해주세요. 또한, 그렇게 생각한 이유와 본인이 생각한 해결방법 혹은 해결할 수 없다면 왜 해결할 수 없다고 생각하는지 작성해주세요.",
    "essay_type": "주장",
    "essay_level": "1",
    "essay_len": 867,
    "essay_main_subject": "인종차별에 대한 본인의 생각"
  }
}