{
  "paragraph": [
    {
      "paragraph_txt": "저는 평가하는 것에 대해서 찬성합니다.#@문장구분# 사람들은 평가를 좋게만 보지 않는데요, 이유가 무엇일까요?#@문장구분# 아마도 평가가 사람들을 구분 짓는다는 이유 때문일 것 같은데요?#@문장구분# 하지만 평가는 세상에 꼭 필요한 제도라도 생각합니다.#@문장구분# 만약 평가가 없다면 사람들의 능력을 평가하는 가장 공정한 제도가 없어지는 것입니다.#@문장구분# 우리가 흔히 청소년기에 겪을 수 있는 고등학교의 등급으로 예를 들어봅시다.#@문장구분# 등급을 평가하지 않는다면 누가 좋은 대학을 갈 수 있고, 누가 좋은 곳에 취업하는 것을 구분 지을 수 없게 됩니다.#@문장구분# 그러면 결국 사회에 혼동이 올 것입니다.#@문장구분# 반면에, 평가를 하게된다면 사람들의 능력과 노력을 구분짓고 그에 따른 보상을 해줄 수 있을 것입니다.#@문장구분# 평가는 사회의 악이 아닙니다.#@문장구분# 다들 그렇게 생각하지만 평가가 없는 세상은 어느 누구에게도 일 할 동기부여를 해주지 않고, 어느 누구에게도 공부를 할 동기부여를 해주지 않을 것입니다.#@문장구분# 평가는 사람들의 노력에 따라 보상해줄 수 있는 가장 적절한 객관적인 기준이며 평가가 없어지면 노력하는 사람들이 피해를 보는 세상이 될 것입니다.#@문장구분# 그러므로 평가는 세상을 살아가는데에 있어서 꼭 필요한 제도 입니다.#@문장구분# 물론 저도 고등학교를 다니며 등급별로 나뉘는 것에 대해 긍정적이게 바라보지는 않습니다.#@문장구분# 하지만 이런 등급마저 나뉘지 않는다면 아무도 나서서 공부하지 않을 것입니다.#@문장구분# 슬프게도 이게 사실이고 세상이 압박을 주지 않으면 사람들은 게을러 지는 것이 현실입니다.#@문장구분# 그래서 저는 평가에 대해 긍정적이게 생각하며 평가에 있어서 찬성하는 입장을 가지고 있습니다.#@문장구분# 지금까지 제 글을 읽어주셔서 감사합니다!!#@문장구분#",
      "paragraph_len": 1153,
      "paragraph_id": "001"
    }
  ],
  "score": {
    "paragraph_score": [
      {
        "paragraph_scoreT": [
          2,
          3,
          2.2
        ],
        "paragraph_scoreT_detail": {
          "paragraph_scoreT_exp": [
            [
              2,
              2,
              2
            ],
            [
              3,
              3,
              3
            ],
            [
              3,
              2,
              2
            ]
          ]
        },
        "paragraph_scoreT_avg": 2.3999999,
        "paragraph_id": "001"
      }
    ],
    "essay_scoreT": [
      23.6,
      30,
      22.5
    ],
    "essay_scoreT_avg": 25.366667,
    "essay_scoreT_detail": {
      "essay_scoreT_org": [
        [
          2,
          0,
          3,
          3
        ],
        [
          3,
          0,
          3,
          3
        ],
        [
          2,
          0,
          2,
          3
        ]
      ],
      "essay_scoreT_cont": [
        [
          3,
          3,
          2,
          2
        ],
        [
          3,
          3,
          3,
          3
        ],
        [
          2,
          2,
          3,
          3
        ]
      ],
      "essay_scoreT_exp": [
        [
          2,
          2,
          2
        ],
        [
          3,
          3,
          3
        ],
        [
          3,
          2,
          2
        ]
      ]
    }
  },
  "student": {
    "date": "2021.12.29",
    "student_educated": true,
    "student_grade": "고등_1학년",
    "location": "063",
    "student_grade_group": "고등",
    "student_reading": 2
  },
  "rubric": {
    "essay_grade": "고등_1학년",
    "organization_weight": {
      "org_paragraph": 0,
      "org": 3,
      "org_essay": 6,
      "org_coherence": 3,
      "org_quantity": 1
    },
    "essay_type": "주장",
    "content_weight": {
      "con_clearance": 3,
      "con_novelty": 3,
      "con": 4,
      "con_prompt": 1,
      "con_description": 3
    },
    "essay_main_subject": "평가에 대한 본인의 의견",
    "expression_weight": {
      "exp_style": 4,
      "exp_grammar": 2,
      "exp_vocab": 4,
      "exp": 3
    }
  },
  "correction": [],
  "info": {
    "essay_id": "ESSAY_84044",
    "essay_prompt": " 평가는 일반적으로 평가대상의 장점과 가치를 결정하는 과정을 말합니다.\n\n 세상에는 무수히 많은 평가 방법들이 존재하고 그 주제도 다양합니다.\n\n 우리나라의 경우는 어떨까요? 중간, 기말시험이 있고 미술과 같은 기본기와 창의성을 평가하는 과목도 있습니다. 체육과 같은 신체적인 능력을 평가하는 과목도 있지요. 모두 적절한 기준이 있으며 매우 객관적인 기준이라고 말합니다.\n\n 하지만 여러분이 생각하기에 모든 학생을 동일한 평가지표에 맞추어 평가하는 것이 올바른 방식이라고 생각하나요?\n\n 사람마다 특성이 존재하듯 각각의 목표 또한 다르고 성과도 다를 수 있습니다. 특정 기준에 의존해 본인의 성과도를 평가하는 것이 바르다고 생각되나요?\n\n 현재의 평가 방식은 최고의 객관적인 평가 방식이라고 생각하신다면 그 이유를 작성해주세요. 아니라면 어떤 평가 기준이 추가되어야 하고 또한 어떤 생각으로 평가가 이루어졌으면 좋겠는지 서술해 주세요.",
    "essay_type": "주장",
    "essay_level": "2",
    "essay_len": 793,
    "essay_main_subject": "평가에 대한 본인의 의견"
  }
}