{
  "paragraph": [
    {
      "paragraph_txt": "인종차별 및 혐오문제에 대해 떠올리면 가정먼저 흑인 대 백인 문제가 떠오른다.#@문장구분# 오래전부터 흔하게 나타나는 사안이고 역사적으로 부각되다보니 아시아계 인종 혐오 부분이 논의에서 소외되는 경우가 많이 있다.#@문장구분# 동양인에 대한 인종차별은 드러나지 않았을뿐 지속적으로 일어나고 있다고 한다. #@문장구분#그런데 코로나 19로 인해 동양인 인종차별이 큰 문제로 대두되고 있다. #@문장구분#코로나 19의 부정적 용어는 우한 폐렴과 같은 혐오적 용어사용으로 아시아 특히 중국에서 발생한 우한 바이러스라고 미국의 트럼프 대통령이 언급하며 인종차별이라며 부정적 의견이 계속 나오자 트럼프 대통령이 나중에 이 용어 사용을 철회하기도 하였다. #@문장구분#중국인을 조롱하는 혐오도 있었다. #@문장구분#이태리의 주지사가 중국인들이 생쥐 먹는 것을 보아왔기 때문에 중국인보다 이탈리아가 바이러스 다루는데 더 나을것이라고 조롱섞인 말투로 인종차별을 하였다.#@문장구분# 각국의 많은 정치인들과 고위 관료들이 이렇게 차별적인 발언 함에 따라 인종차별적 사상이 시민들에게도 쉽게 퍼지는 양상을 볼수 있었다. #@문장구분#그러면서 중국인만 차별의 대상이 되는 것이 아니라 아시아인, 동양인이 바이러스가 된 것과 같이 인종차별적 혐오상황이 만연해 갔다. #@문장구분#그러면서 동양인들을 향한 인종혐오적 발언 뿐 아니라 폭력까지 나타나게 되었다. #@문장구분#그들의 감정을 이해 하지 못하는 것은 아니다. #@문장구분#누군가에게라도 이런 팬더믹상황에 대한 책임을 묻고 싶은 마음이 동양인에 대한 반발심과 폭력으로 표출된것이라고 생각한다. #@문장구분#하지만 처음부터 언론과 영향력있는 세계의 정치인 고위급 관료들이 아무런 생각없이 함부로 사용한 인종차별적 발언이 이런 폭력적 성향까지 발현하게 한건 아닐까 라고 생각한다.#@문장구분# 언론과 국가적 올바른 용어 사용과 지속적 올바른 지식전파 만이 동양인 인종차별을 줄일수 있을 것이라고 생각한다. #@문장구분#인종차별을 해결하는 방안은 수차례 꾸준한 교육과 언론, 세계 정치인 및 인플루언서들의 개인적인 노력이 있다면 시간이 걸리겠지만 차차 없어질수 있을 것이다.#@문장구분#",
      "paragraph_len": 1267,
      "paragraph_id": "001"
    }
  ],
  "score": {
    "paragraph_score": [
      {
        "paragraph_scoreT": [
          3,
          3,
          2.6
        ],
        "paragraph_scoreT_detail": {
          "paragraph_scoreT_exp": [
            [
              3,
              3,
              3
            ],
            [
              3,
              3,
              3
            ],
            [
              3,
              2,
              3
            ]
          ]
        },
        "paragraph_scoreT_avg": 2.8666668,
        "paragraph_id": "001"
      }
    ],
    "essay_scoreT": [
      28.5,
      28.8,
      25.5
    ],
    "essay_scoreT_avg": 27.6,
    "essay_scoreT_detail": {
      "essay_scoreT_org": [
        [
          3,
          3,
          3,
          2
        ],
        [
          3,
          3,
          3,
          3
        ],
        [
          3,
          3,
          2,
          3
        ]
      ],
      "essay_scoreT_cont": [
        [
          3,
          2,
          3,
          3
        ],
        [
          3,
          2,
          3,
          3
        ],
        [
          3,
          2,
          3,
          2
        ]
      ],
      "essay_scoreT_exp": [
        [
          3,
          3,
          3
        ],
        [
          3,
          3,
          3
        ],
        [
          3,
          2,
          3
        ]
      ]
    }
  },
  "student": {
    "date": "2021.11.29",
    "student_educated": true,
    "student_grade": "고등_2학년",
    "location": "063",
    "student_grade_group": "고등",
    "student_reading": 2
  },
  "rubric": {
    "essay_grade": "고등_2학년",
    "organization_weight": {
      "org_paragraph": 3,
      "org": 3,
      "org_essay": 3,
      "org_coherence": 3,
      "org_quantity": 1
    },
    "essay_type": "주장",
    "content_weight": {
      "con_clearance": 3,
      "con_novelty": 3,
      "con": 4,
      "con_prompt": 1,
      "con_description": 3
    },
    "essay_main_subject": "인종차별에 대한 본인의 생각",
    "expression_weight": {
      "exp_style": 4,
      "exp_grammar": 2,
      "exp_vocab": 4,
      "exp": 3
    }
  },
  "correction": [],
  "info": {
    "essay_id": "ESSAY_53108",
    "essay_prompt": " 최근 중국발 코로나바이러스로 인해 동양인에 대한 혐오감을 나타내는 서양인들이 늘어나고 있습니다. 그로 인해, 매스컴이나 SNS에서 인종차별을 받아 힘들어하는 동양인들을 자주 목격할 수 있습니다.\n\n 하지만, 최근에만 인종차별이 존재했을까요? 아닙니다. 아주 오래전부터 다른 인종에 대한 차별은 있었습니다.\n\n 우리나라에서는 인종차별을 안 하고 있을까요? 아닙니다. 우리나라에서도 알게 모르게 많은 부분에서 다른 국가의 사람들에 대해 인종차별을 하고 있으며 누군가에게 상처를 주고 있습니다.\n\n 즉, 인종차별은 누군가의 문제가 아니라 우리 모두의 문제입니다.\n\n 여러분들은 인종차별을 당해보신 적 있나요? 인종차별을 하는 사람들에 대해 어떻게 생각하시나요? 왜 생겨났다고 생각하나요? 인종차별을 근절하기 위해서는 어떻게 해야 할까요? 인종차별을 하는 사람들에 대해 전 세계적으로 처벌의 강도를 높여야 할까요?\n\n 인종차별을 하는 사람들에 대한 본인의 생각을 작성하고 인종차별은 해결할 수 있는 문제일지 아니면 해결하지 어려운 문제일지 작성해주세요. 또한, 그렇게 생각한 이유와 본인이 생각한 해결방법 혹은 해결할 수 없다면 왜 해결할 수 없다고 생각하는지 작성해주세요.",
    "essay_type": "주장",
    "essay_level": "1",
    "essay_len": 967,
    "essay_main_subject": "인종차별에 대한 본인의 생각"
  }
}