{
  "paragraph": [
    {
      "paragraph_txt": "저는 모든 사람을 동일한 지표에서 평가해야만 유의미한 값을 산출해낼 수 있을 것이라고 생각합니다.#@문장구분# 기본적으로 평가라는 것은 그 사람의 행동이나 지식을 보고 점수를 매기는 행동이라고 할 수 있습니다.#@문장구분# 우리가 자주 겪는 평가로는 위에서 예시로든 중간고사나 기말고사, 수능 이런 것들이 있습니다.#@문장구분# 그리고 미술이나 체육, 음악과 같은 곳에서는 실기 시험으로 대부분을 평가하려고 합니다.#@문장구분# 당연히 미술이나 체육 음악은 글로 아는 것보다 몸으로 보여주는 것이 더 평가하기 쉽고 확실하기 때문입니다.#@문장구분# 하지만 이러한 과목들에서도 역시 동일한 평가지표로써 학생들을 평가한다고 생각합니다.#@문장구분# 음악 수행평가를 치르더라도 모두 동일한 노래를 연습해오라고 해서 평가를 치른다거나, 미술 수행평가에서도 똑같은 주제로 그림을 그리게 할 것이며, 체육 수행평가에서는 같은 동작을 얼마나 잘 수행해내는가에 대해서 평가할 것이기 때문입니다.#@문장구분# 이렇게 모든 사람들에게 똑같은 평가지표로 하지 않으면 누군가는 이의를 제기할 수도 있습니다.#@문장구분# 어떤 사람에게는 쉽게 나온 문제가 나한테는 어렵게 나왔다고 할 수도 있습니다.#@문장구분# 그렇기 때문에 모든 사람들이 공평하다고 생각하게 하려면 당연히 동일한 평가지표를 내세워야 합니다.#@문장구분# 사람들의 이의 제기가 두려워서 이렇게 하는 것이 아닙니다.#@문장구분# 좋은 평가라고 많은 사람들에게 생각되어야만 그 평가에서 좋은 점수를 받게 되더라도 더 좋아할 수 있기 때문입니다.#@문장구분# 결국 평가를 받는 이유는 자신이 얼마나 순위가 매겨지고 점수를 받을 수 있는지에 대해서 검사받는 것이라고 생각합니다.#@문장구분# 좋은 평가를 받게 되었는데 그 평가 과정이 매우 부정한 경우라면 당연히 점수가 다 의미없다고 생각하게 됩니다.#@문장구분#",
      "paragraph_len": 1106,
      "paragraph_id": "001"
    }
  ],
  "score": {
    "paragraph_score": [
      {
        "paragraph_scoreT": [
          2.8,
          3,
          3
        ],
        "paragraph_scoreT_detail": {
          "paragraph_scoreT_exp": [
            [
              2,
              3,
              3
            ],
            [
              3,
              3,
              3
            ],
            [
              3,
              3,
              3
            ]
          ]
        },
        "paragraph_scoreT_avg": 2.9333334,
        "paragraph_id": "001"
      }
    ],
    "essay_scoreT": [
      28.2,
      30,
      30
    ],
    "essay_scoreT_avg": 29.4,
    "essay_scoreT_detail": {
      "essay_scoreT_org": [
        [
          3,
          0,
          3,
          3
        ],
        [
          3,
          0,
          3,
          3
        ],
        [
          3,
          0,
          3,
          3
        ]
      ],
      "essay_scoreT_cont": [
        [
          3,
          2,
          3,
          3
        ],
        [
          3,
          3,
          3,
          3
        ],
        [
          3,
          3,
          3,
          3
        ]
      ],
      "essay_scoreT_exp": [
        [
          2,
          3,
          3
        ],
        [
          3,
          3,
          3
        ],
        [
          3,
          3,
          3
        ]
      ]
    }
  },
  "student": {
    "date": "2021.12.20",
    "student_educated": true,
    "student_grade": "고등_1학년",
    "location": "054",
    "student_grade_group": "고등",
    "student_reading": 2
  },
  "rubric": {
    "essay_grade": "고등_1학년",
    "organization_weight": {
      "org_paragraph": 0,
      "org": 3,
      "org_essay": 6,
      "org_coherence": 3,
      "org_quantity": 1
    },
    "essay_type": "주장",
    "content_weight": {
      "con_clearance": 3,
      "con_novelty": 3,
      "con": 4,
      "con_prompt": 1,
      "con_description": 3
    },
    "essay_main_subject": "평가에 대한 본인의 의견",
    "expression_weight": {
      "exp_style": 4,
      "exp_grammar": 2,
      "exp_vocab": 4,
      "exp": 3
    }
  },
  "correction": [],
  "info": {
    "essay_id": "ESSAY_78629",
    "essay_prompt": " 평가는 일반적으로 평가대상의 장점과 가치를 결정하는 과정을 말합니다.\n\n 세상에는 무수히 많은 평가 방법들이 존재하고 그 주제도 다양합니다.\n\n 우리나라의 경우는 어떨까요? 중간, 기말시험이 있고 미술과 같은 기본기와 창의성을 평가하는 과목도 있습니다. 체육과 같은 신체적인 능력을 평가하는 과목도 있지요. 모두 적절한 기준이 있으며 매우 객관적인 기준이라고 말합니다.\n\n 하지만 여러분이 생각하기에 모든 학생을 동일한 평가지표에 맞추어 평가하는 것이 올바른 방식이라고 생각하나요?\n\n 사람마다 특성이 존재하듯 각각의 목표 또한 다르고 성과도 다를 수 있습니다. 특정 기준에 의존해 본인의 성과도를 평가하는 것이 바르다고 생각되나요?\n\n 현재의 평가 방식은 최고의 객관적인 평가 방식이라고 생각하신다면 그 이유를 작성해주세요. 아니라면 어떤 평가 기준이 추가되어야 하고 또한 어떤 생각으로 평가가 이루어졌으면 좋겠는지 서술해 주세요.",
    "essay_type": "주장",
    "essay_level": "2",
    "essay_len": 826,
    "essay_main_subject": "평가에 대한 본인의 의견"
  }
}