{
  "paragraph": [
    {
      "paragraph_txt": "유럽연합이 지난 5월 미국의 신종 코로나바이러스 감염증 백신 특허권 유예 제안을 반대하기로 노선을 정했던 것에 대해 기억하는가.#@문장구분# 5월 8일 파이낸셜타임스에 따르면 EU 정상들은 이날 포르투갈\n포르토에서 이틀간에 걸친 정상회의를 마무리짓고 미국에 백신 특허를 유예하기보다 직접 가난한 나라들에 백신을 지원하라고 요구했다.#@문장구분# 조 바이든 대통령의 백신 특허권 유예 제안을 거절했던 앙겔라 메르켈 독일 총리는 특허권 유예는 백신 공급부족 해결방안이 아니라면서 대신 생산을 어떻게 늘릴지를 고민해야 한다고 말했다.#@문장구분# 독일의 반대 입장과 달리 특허권 유예에 긍정적이었던 에마뉘엘 마크롱 프랑스 대통령 등 다른 EU 정상들도 이틀 동안의 회의 끝에 마음을 돌렸던 일이었다.#@문장구분# 메르켈 총리는 회의 뒤 \"특허권 유예가 백신을 더 많은 이들에게 공급하는 해결방안이라고 생각하지 않는다\"면서 \"우리는 기업들의 창조성과 혁신을 필요로 하며 이를 위해서는 특허권 보호가 필요하다\"고 주장했다. #@문장구분#대신 메르켈은 전세계 곳곳에서 백신 생산이 늘 수 있도록 면허생산 계약을 대폭 늘려야 한다고 말했다. #@문장구분#물론 메르켈의 이 의견은 자국 백신업체 바이오앤텍이 개발한 백신 특허권을 포기할 수 없다는 점을 분명히 한 것이다. #@문장구분#유럽은 늘 유럽에서 생산된 백신 상당분을 나머지 세계에 수출해왔다면서 가난한 나라들의 백신 문제를 한 방에 해결하는 방도가 될 수 없다고 백신 특허권 유예 의견에 대해 비판했다.#@문장구분# 난 메르켈이 주장한 면허생산 계약의 폭을 늘려야 한다는 것에 대해 공감하는 바이다. #@문장구분#특허권이라는 것은 개방을 하는 것도 문제가 생기고 안 하는 것도 문제가 생긴다. #@문장구분#그것보다는 더 원만하게 모두를 위한 방향을 근본적으로 생각해야 한다고 주장하고 싶다.#@문장구분# 하지만 물량만을 늘린다고 모든 것이 해결된다는 의미는 아니다.#@문장구분# 특허권 개방도 충분히 실현 가능성 있는 의견이라고 생각하며, 그보다는 물량을 늘리는 것이 현실적으로 더 가능성이 있어 보인다는 의미이다.#@문장구분# 하루라도 빨리 모든 사람이 이 고통에서 벗어나기를 응원하는 마음이다.#@문장구분#",
      "paragraph_len": 1276,
      "paragraph_id": "001"
    }
  ],
  "score": {
    "paragraph_score": [
      {
        "paragraph_scoreT": [
          3,
          2.8,
          3
        ],
        "paragraph_scoreT_detail": {
          "paragraph_scoreT_exp": [
            [
              3,
              3,
              3
            ],
            [
              2,
              3,
              3
            ],
            [
              3,
              3,
              3
            ]
          ]
        },
        "paragraph_scoreT_avg": 2.9333334,
        "paragraph_id": "001"
      }
    ],
    "essay_scoreT": [
      28.8,
      27.3,
      27.6
    ],
    "essay_scoreT_avg": 27.9,
    "essay_scoreT_detail": {
      "essay_scoreT_org": [
        [
          3,
          3,
          3,
          3
        ],
        [
          3,
          2,
          3,
          3
        ],
        [
          3,
          3,
          3,
          3
        ]
      ],
      "essay_scoreT_cont": [
        [
          2,
          3,
          3,
          3
        ],
        [
          3,
          2,
          3,
          3
        ],
        [
          3,
          2,
          3,
          2
        ]
      ],
      "essay_scoreT_exp": [
        [
          3,
          3,
          3
        ],
        [
          2,
          3,
          3
        ],
        [
          3,
          3,
          3
        ]
      ]
    }
  },
  "student": {
    "date": "2021.11.20",
    "student_educated": true,
    "student_grade": "고등_2학년",
    "location": "02",
    "student_grade_group": "고등",
    "student_reading": 1
  },
  "rubric": {
    "essay_grade": "고등_2학년",
    "organization_weight": {
      "org_paragraph": 3,
      "org": 3,
      "org_essay": 3,
      "org_coherence": 3,
      "org_quantity": 1
    },
    "essay_type": "주장",
    "content_weight": {
      "con_clearance": 3,
      "con_novelty": 3,
      "con": 4,
      "con_prompt": 1,
      "con_description": 3
    },
    "essay_main_subject": "지적 재산권에 대한 본인의 생각 작성",
    "expression_weight": {
      "exp_style": 4,
      "exp_grammar": 2,
      "exp_vocab": 4,
      "exp": 3
    }
  },
  "correction": [],
  "info": {
    "essay_id": "ESSAY_45937",
    "essay_prompt": " 지적재산권이란 특허권, 실용신안권, 상표권, 디자인권을 총칭하는 개념으로 지적재산권법은 정보생산자에게 일정기간 동안 시장에서의 배타적 지위를 부여하고 있습니다.\n\n 즉, 지적 재산권은 특정 사람이 생각/창작해낸 것을 다른사람들의 무분별한 이용으로 부터 지켜주는 것입니다. 이러한 지적재산권은 개인 혹은 회사 더 나아가 나라에 귀속될 수 있습니다.\n\n 다만, 코로나 시대인 요즘 전 세계적인 재앙인 코로나를 물리칠 수 있는 백신에 대한 지적재산권을 자유롭게 풀어야한다는 의견이 계속해서 나오고 있습니다. \n\n 지적 재산권이 있는 제약회사가 있는 나라의 경우 백신이 충분하며 백신을 맞는 것이 선택의 문제인 반면, 그렇지 못한 나라는 백신을 맞고 싶어도 맞지 못하는 사람들이 많고 항체가 없어 사망하는 경우도 비교적 많이 때문입니다.\n\n 전 세계의 문제를 해결하기 위해 수 많은 돈을 들여 개발한 백신의 지적재산권을 공유하는 것이 의무화 되어야 할까요? 아니면 회사의 선택에 맡겨야할까요? 보상은 어떻게 해야할까요? \n\n 전 세계에 무상으로 공개 해야 한다는 의견이 있을 수도 있고 무상으로 공개한 회사의 경우 팬더믹 상황이 종결 된 후 따로 보상을 해주어야 한다는 의견도 있을 겁니다. 지적재산권의 변하지 않는 신뢰를 위해서라도 무상 공개는 절대 있어서는 안된다는 의견도 있을 것입니다.\n\n 지금까지도 펜더믹 상황에서 코로나19 백신에 대한 특허권을 보장해야 하느냐 풀어야 하느냐 의견이 분분합니다. 이에 대한 자신의 주장을 작성해주세요. 또한, 그렇게 생각한 이유도 설명해주세요.",
    "essay_type": "주장",
    "essay_level": "1",
    "essay_len": 997,
    "essay_main_subject": "지적 재산권에 대한 본인의 생각 작성"
  }
}