{
  "paragraph": [
    {
      "paragraph_txt": "저는 평가에 대해서 반대하는 입장입니다.#@문장구분# 평가가 이 시상에 존재하며 긍정적인 영향을 주는 점은 오직 구분짓는 기준이 더 간편하고 전하기 쉽다는 점 뿐입니다.#@문장구분# 먼저 오늘날에는 사회 양극화가 심해지고 있는 추세입니다.#@문장구분# 사회 양극화란 사회에서 상위층과 하위층이 아주 극명하게 나뉘는 현상을 가리킵니다.#@문장구분# 이 사회 양극화가 심해진데에는 평가에도 원인이 있습니다.#@문장구분# 일단 하위층은 먹고 사는 생활도 유지하기 힘들어 자식을 학원에 보낼 능력도 문제집을 넉넉히 사줄 능력도 부족합니다.#@문장구분# 반면에 상위층은 유명강사의 인강을 듣고 개인 과외를 하며 더욱 풍부한 지식을 쌓습니다.#@문장구분# 출발점부터 다른 이 두 사람이 만나 같은 사회에서 똑같은 기준으로 평가 받는 것은 타당하지 못합니다.#@문장구분# 기회의 균등도 지켜주지않은 채 사회가 정해놓은 일정한 기준에 맞추라고 한다면 당연히 상위층이 더 유리하겠지요?#@문장구분# 이렇게 평가받아 상위층은 또 다시 좋은 삶을 살고 하위층은 평가의 기준을 못맞추었다는 이유로 대부분 다시 가난함을 물림받게 됩니다.#@문장구분# 이런 현상이 공정하다고 생각합니까?#@문장구분# 평가의 기준은 공정할지 몰라도 그 평가에 응하는 사람들은 동등한 기회를 제공받지 못하였습니다.#@문장구분# 평가는 이런 대물림을 야기하고 자신의 뜻을 펼칠 능력을 더욱 제한시킵니다.#@문장구분# 이런 평가를 어떻게 제가 찬성하겠습니까?#@문장구분# 평가는 사회가 곱게 포장해놓은 상위층을 위한 수단이라고 생각이 듭니다.#@문장구분# 진정 자신의 능력과 노력으로 보상받는 시대가 열려야 한다고 생각합니다.#@문장구분# 특정한 평가 기준이 아닌 모든 분야의 평가가 아주 공정하게 이루어 지길 바라는 생각입니다.#@문장구분# 그래서 저는 평가에 대해 반대합니다.#@문장구분#",
      "paragraph_len": 1154,
      "paragraph_id": "001"
    }
  ],
  "score": {
    "paragraph_score": [
      {
        "paragraph_scoreT": [
          2.2,
          3,
          2.2
        ],
        "paragraph_scoreT_detail": {
          "paragraph_scoreT_exp": [
            [
              3,
              2,
              2
            ],
            [
              3,
              3,
              3
            ],
            [
              3,
              2,
              2
            ]
          ]
        },
        "paragraph_scoreT_avg": 2.4666665,
        "paragraph_id": "001"
      }
    ],
    "essay_scoreT": [
      25.800001,
      28.4,
      23.1
    ],
    "essay_scoreT_avg": 25.766668,
    "essay_scoreT_detail": {
      "essay_scoreT_org": [
        [
          2,
          0,
          3,
          3
        ],
        [
          3,
          0,
          3,
          3
        ],
        [
          2,
          0,
          3,
          2
        ]
      ],
      "essay_scoreT_cont": [
        [
          3,
          3,
          3,
          3
        ],
        [
          2,
          3,
          2,
          3
        ],
        [
          2,
          2,
          3,
          3
        ]
      ],
      "essay_scoreT_exp": [
        [
          3,
          2,
          2
        ],
        [
          3,
          3,
          3
        ],
        [
          3,
          2,
          2
        ]
      ]
    }
  },
  "student": {
    "date": "2021.12.29",
    "student_educated": true,
    "student_grade": "고등_1학년",
    "location": "063",
    "student_grade_group": "고등",
    "student_reading": 2
  },
  "rubric": {
    "essay_grade": "고등_1학년",
    "organization_weight": {
      "org_paragraph": 0,
      "org": 3,
      "org_essay": 6,
      "org_coherence": 3,
      "org_quantity": 1
    },
    "essay_type": "주장",
    "content_weight": {
      "con_clearance": 3,
      "con_novelty": 3,
      "con": 4,
      "con_prompt": 1,
      "con_description": 3
    },
    "essay_main_subject": "평가에 대한 본인의 의견",
    "expression_weight": {
      "exp_style": 4,
      "exp_grammar": 2,
      "exp_vocab": 4,
      "exp": 3
    }
  },
  "correction": [],
  "info": {
    "essay_id": "ESSAY_84038",
    "essay_prompt": " 평가는 일반적으로 평가대상의 장점과 가치를 결정하는 과정을 말합니다.\n\n 세상에는 무수히 많은 평가 방법들이 존재하고 그 주제도 다양합니다.\n\n 우리나라의 경우는 어떨까요? 중간, 기말시험이 있고 미술과 같은 기본기와 창의성을 평가하는 과목도 있습니다. 체육과 같은 신체적인 능력을 평가하는 과목도 있지요. 모두 적절한 기준이 있으며 매우 객관적인 기준이라고 말합니다.\n\n 하지만 여러분이 생각하기에 모든 학생을 동일한 평가지표에 맞추어 평가하는 것이 올바른 방식이라고 생각하나요?\n\n 사람마다 특성이 존재하듯 각각의 목표 또한 다르고 성과도 다를 수 있습니다. 특정 기준에 의존해 본인의 성과도를 평가하는 것이 바르다고 생각되나요?\n\n 현재의 평가 방식은 최고의 객관적인 평가 방식이라고 생각하신다면 그 이유를 작성해주세요. 아니라면 어떤 평가 기준이 추가되어야 하고 또한 어떤 생각으로 평가가 이루어졌으면 좋겠는지 서술해 주세요.",
    "essay_type": "주장",
    "essay_level": "2",
    "essay_len": 794,
    "essay_main_subject": "평가에 대한 본인의 의견"
  }
}