{
  "paragraph": [
    {
      "paragraph_txt": "저는 백신에 대한 지적재산권을 보장하지 않았으면 합니다.#@문장구분# 왜냐하면 지금 코로나라는 바이러스 때문에 전 세계가 난리인데 그것을 이용해서 돈을 벌려고 하는 것이 너무 파렴치하다는 생각이 들기 때문입니다.#@문장구분# 우선 제가 백신에 대한 지적재산권을 반대하는 이유는 바로 후진국들 때문입니다.#@문장구분# 후진국은 상대적으로 선진국들보다 재정상태가 좋지 못해 백신을 구매할 돈이 없습니다.#@문장구분# 그래서 그런지 지금 후진국들의 코로나 바이러스 감염자의 수가 치솟고 있다고 합니다.#@문장구분# 그래서 빠른 코로나 종식을 위해서 백신에 대한 지적재산권을 보장하지 않았으면 좋겠습니다.#@문장구분# 그래서 지금 아프리카에서 새로 생긴 오미크론이라는 변이바이러스가 바로 예입니다.#@문장구분# 아프리카는 상대적으로 다른나라보다 백신에 대한 구매력이 낮아 많은 사람들이 코로나에 걸렸다는데 그 중 에이즈 환자가 코로나에 걸려 그 환자가 죽기 직전까지 바이러스가 오래 살아남으면서 변이를 거듭해 기존의 변이 바이러스인 델타 바이러스보다 단백질 가시가 16개에서 32개로 즉 2배 늘어났다고 합니다.#@문장구분# 단백질 가시는 2배 늘어났는데 전파율은 500배 이상 상승해 정말 위험한 상황까지 놓인 것입니다.#@문장구분# 이러한 사태를 막기 위해서는 제 생각에는 코로나 백신에 대한 지적재산권을 보장하지 않았으면 좋겠습니다.#@문장구분# 물론 다른 지적 재산권은 보호해야 한다고 생각합니다.#@문장구분# 지적 재산권을 보호해야지만 사람들이 돈을 벌기 위해서 발명을 하고 새로운 탐구를 하는 동기부여가 생기기 때문입니다.#@문장구분# 그래야지만이 세상이 더 나은 미래로 나아갈 수 있다고 생각합니다.#@문장구분# 하지만 코로나 바이러스같은 특수한 상황에는 예외로 적용되어야 한다고 생각합니다.#@문장구분# 지금 코로나로인해 많은 사람들이 고통을 받고 있는데 사람의 고통을 이용해 돈을 버는 것은 정말 파렴치하다고 생각이 듭니다.#@문장구분# 그래서 저는 다른 지적재산권은 보장하되 코로나 백신에 대한 지적재산권은 보장하지 않았으면 좋겠습니다.#@문장구분#",
      "paragraph_len": 1249,
      "paragraph_id": "001"
    }
  ],
  "score": {
    "paragraph_score": [
      {
        "paragraph_scoreT": [
          2.6,
          3,
          2.6
        ],
        "paragraph_scoreT_detail": {
          "paragraph_scoreT_exp": [
            [
              3,
              3,
              2
            ],
            [
              3,
              3,
              3
            ],
            [
              3,
              2,
              3
            ]
          ]
        },
        "paragraph_scoreT_avg": 2.7333333,
        "paragraph_id": "001"
      }
    ],
    "essay_scoreT": [
      25.5,
      27.900002,
      27
    ],
    "essay_scoreT_avg": 26.800001,
    "essay_scoreT_detail": {
      "essay_scoreT_org": [
        [
          2,
          3,
          3,
          3
        ],
        [
          3,
          2,
          3,
          3
        ],
        [
          3,
          2,
          2,
          3
        ]
      ],
      "essay_scoreT_cont": [
        [
          2,
          2,
          3,
          3
        ],
        [
          3,
          2,
          3,
          3
        ],
        [
          3,
          3,
          3,
          3
        ]
      ],
      "essay_scoreT_exp": [
        [
          3,
          3,
          2
        ],
        [
          3,
          3,
          3
        ],
        [
          3,
          2,
          3
        ]
      ]
    }
  },
  "student": {
    "date": "2021.12.01",
    "student_educated": true,
    "student_grade": "고등_2학년",
    "location": "063",
    "student_grade_group": "고등",
    "student_reading": 2
  },
  "rubric": {
    "essay_grade": "고등_2학년",
    "organization_weight": {
      "org_paragraph": 3,
      "org": 3,
      "org_essay": 3,
      "org_coherence": 3,
      "org_quantity": 1
    },
    "essay_type": "주장",
    "content_weight": {
      "con_clearance": 3,
      "con_novelty": 3,
      "con": 4,
      "con_prompt": 1,
      "con_description": 3
    },
    "essay_main_subject": "지적 재산권에 대한 본인의 생각 작성",
    "expression_weight": {
      "exp_style": 4,
      "exp_grammar": 2,
      "exp_vocab": 4,
      "exp": 3
    }
  },
  "correction": [],
  "info": {
    "essay_id": "ESSAY_53066",
    "essay_prompt": " 지적재산권이란 특허권, 실용신안권, 상표권, 디자인권을 총칭하는 개념으로 지적재산권법은 정보생산자에게 일정기간 동안 시장에서의 배타적 지위를 부여하고 있습니다.\n\n 즉, 지적 재산권은 특정 사람이 생각/창작해낸 것을 다른사람들의 무분별한 이용으로 부터 지켜주는 것입니다. 이러한 지적재산권은 개인 혹은 회사 더 나아가 나라에 귀속될 수 있습니다.\n\n 다만, 코로나 시대인 요즘 전 세계적인 재앙인 코로나를 물리칠 수 있는 백신에 대한 지적재산권을 자유롭게 풀어야한다는 의견이 계속해서 나오고 있습니다. \n\n 지적 재산권이 있는 제약회사가 있는 나라의 경우 백신이 충분하며 백신을 맞는 것이 선택의 문제인 반면, 그렇지 못한 나라는 백신을 맞고 싶어도 맞지 못하는 사람들이 많고 항체가 없어 사망하는 경우도 비교적 많이 때문입니다.\n\n 전 세계의 문제를 해결하기 위해 수 많은 돈을 들여 개발한 백신의 지적재산권을 공유하는 것이 의무화 되어야 할까요? 아니면 회사의 선택에 맡겨야할까요? 보상은 어떻게 해야할까요? \n\n 전 세계에 무상으로 공개 해야 한다는 의견이 있을 수도 있고 무상으로 공개한 회사의 경우 팬더믹 상황이 종결 된 후 따로 보상을 해주어야 한다는 의견도 있을 겁니다. 지적재산권의 변하지 않는 신뢰를 위해서라도 무상 공개는 절대 있어서는 안된다는 의견도 있을 것입니다.\n\n 지금까지도 펜더믹 상황에서 코로나19 백신에 대한 특허권을 보장해야 하느냐 풀어야 하느냐 의견이 분분합니다. 이에 대한 자신의 주장을 작성해주세요. 또한, 그렇게 생각한 이유도 설명해주세요.",
    "essay_type": "주장",
    "essay_level": "1",
    "essay_len": 929,
    "essay_main_subject": "지적 재산권에 대한 본인의 생각 작성"
  }
}