{
  "paragraph": [
    {
      "paragraph_txt": "펜더믹 상황이라고 하더라도, 코로나19 백신에 대한 특허권은 반드시 보장되어야 합니다.#@문장구분# 기업이 코로나19 백신을 개발하는 이유는 수익 때문입니다.#@문장구분# 기업은 결국 수익을 추구하는 곳이기 때문입니다.#@문장구분# 만약 수익이 보장되지 않는다면, 기업은 절대 코로나19 백신 개발을 위한 투자를 하지 않을 것입니다.#@문장구분# 그런데 수많은 돈을 투자해 개발에 성공한 백신의 지적재산권을 의무적으로 공개해야 한다면, 그래서 타 기업들이나 정부 기관들이 모두 해당 기업이 개발해 낸 코로나19 백신을 자유롭게 생산할 수 있다면, 기업들은 절대 코로나19 백신 개발을 위해 투자하지 않을 것입니다.#@문장구분# 이유는 명확합니다.#@문장구분# 수익이 창출되지 않기 때문입니다.#@문장구분# 누군가는 기업들이 수익만을 추구하는 모습을 보고 비난할 수도 있겠지만, 자본주의 사회에서 수익은 곧 모든 일들이 일어나는 이유와도 같습니다.#@문장구분# 수익이라는 동기부여가 있기 때문에 기업들은 서로 경쟁하며 타 기업보다 더 빨리 코로나19 백신을 개발하기 위해 노력합니다.#@문장구분# 이렇듯 수익을 위한 기업의 행보는 부정적인 것만은 아닙니다.#@문장구분# 그러나 코로나19 백신의 특허권이 보장되지 않는 즉시 모든 기업들은 빠르게 코로나 19 백신을 개발하기는커녕, 다른 기업이 백신 제조법을 내놓는다면 그것을 무상으로 사용하기 위해 기다릴 것입니다.#@문장구분# 이는 곧 코로나 19 백신이 세상에 나오는 것 자체를 심각하게 늦추게 될 것입니다.#@문장구분# 또한 이러한 선례가 한 번이라도 생긴다면, 이 선례는 기업들로 하여금 향후 공익과 수익이 일치하는 행위를 하는 것에 거부감을 갖게 될 가능성이 있습니다.#@문장구분# 이는 곧 미래에 창출될 수 있는 공익을 저해하는 일이기 때문에, '미래 세대가 그들의 필요를 충족할 수 있는 능력을 저해하지 않으면서 현재 세대의 필요를 충족하는 발전'이라는 지속 가능한 발전의 정신에도 위배됩니다.#@문장구분#",
      "paragraph_len": 1171,
      "paragraph_id": "001"
    }
  ],
  "score": {
    "paragraph_score": [
      {
        "paragraph_scoreT": [
          3,
          3,
          2
        ],
        "paragraph_scoreT_detail": {
          "paragraph_scoreT_exp": [
            [
              3,
              3,
              3
            ],
            [
              3,
              3,
              3
            ],
            [
              2,
              2,
              2
            ]
          ]
        },
        "paragraph_scoreT_avg": 2.6666667,
        "paragraph_id": "001"
      }
    ],
    "essay_scoreT": [
      30,
      28.8,
      22.800001
    ],
    "essay_scoreT_avg": 27.199999,
    "essay_scoreT_detail": {
      "essay_scoreT_org": [
        [
          3,
          3,
          3,
          3
        ],
        [
          3,
          3,
          3,
          3
        ],
        [
          2,
          2,
          3,
          3
        ]
      ],
      "essay_scoreT_cont": [
        [
          3,
          3,
          3,
          3
        ],
        [
          3,
          2,
          3,
          3
        ],
        [
          3,
          2,
          3,
          2
        ]
      ],
      "essay_scoreT_exp": [
        [
          3,
          3,
          3
        ],
        [
          3,
          3,
          3
        ],
        [
          2,
          2,
          2
        ]
      ]
    }
  },
  "student": {
    "date": "2021.12.08",
    "student_educated": true,
    "student_grade": "고등_2학년",
    "location": "063",
    "student_grade_group": "고등",
    "student_reading": 2
  },
  "rubric": {
    "essay_grade": "고등_2학년",
    "organization_weight": {
      "org_paragraph": 3,
      "org": 3,
      "org_essay": 3,
      "org_coherence": 3,
      "org_quantity": 1
    },
    "essay_type": "주장",
    "content_weight": {
      "con_clearance": 3,
      "con_novelty": 3,
      "con": 4,
      "con_prompt": 1,
      "con_description": 3
    },
    "essay_main_subject": "지적 재산권에 대한 본인의 생각 작성",
    "expression_weight": {
      "exp_style": 4,
      "exp_grammar": 2,
      "exp_vocab": 4,
      "exp": 3
    }
  },
  "correction": [],
  "info": {
    "essay_id": "ESSAY_54982",
    "essay_prompt": " 지적재산권이란 특허권, 실용신안권, 상표권, 디자인권을 총칭하는 개념으로 지적재산권법은 정보생산자에게 일정기간 동안 시장에서의 배타적 지위를 부여하고 있습니다.\n\n 즉, 지적 재산권은 특정 사람이 생각/창작해낸 것을 다른사람들의 무분별한 이용으로 부터 지켜주는 것입니다. 이러한 지적재산권은 개인 혹은 회사 더 나아가 나라에 귀속될 수 있습니다.\n\n 다만, 코로나 시대인 요즘 전 세계적인 재앙인 코로나를 물리칠 수 있는 백신에 대한 지적재산권을 자유롭게 풀어야한다는 의견이 계속해서 나오고 있습니다. \n\n 지적 재산권이 있는 제약회사가 있는 나라의 경우 백신이 충분하며 백신을 맞는 것이 선택의 문제인 반면, 그렇지 못한 나라는 백신을 맞고 싶어도 맞지 못하는 사람들이 많고 항체가 없어 사망하는 경우도 비교적 많이 때문입니다.\n\n 전 세계의 문제를 해결하기 위해 수 많은 돈을 들여 개발한 백신의 지적재산권을 공유하는 것이 의무화 되어야 할까요? 아니면 회사의 선택에 맡겨야할까요? 보상은 어떻게 해야할까요? \n\n 전 세계에 무상으로 공개 해야 한다는 의견이 있을 수도 있고 무상으로 공개한 회사의 경우 팬더믹 상황이 종결 된 후 따로 보상을 해주어야 한다는 의견도 있을 겁니다. 지적재산권의 변하지 않는 신뢰를 위해서라도 무상 공개는 절대 있어서는 안된다는 의견도 있을 것입니다.\n\n 지금까지도 펜더믹 상황에서 코로나19 백신에 대한 특허권을 보장해야 하느냐 풀어야 하느냐 의견이 분분합니다. 이에 대한 자신의 주장을 작성해주세요. 또한, 그렇게 생각한 이유도 설명해주세요.",
    "essay_type": "주장",
    "essay_level": "1",
    "essay_len": 891,
    "essay_main_subject": "지적 재산권에 대한 본인의 생각 작성"
  }
}