{
  "paragraph": [
    {
      "paragraph_txt": "올림픽 헌장 제50조에 따르면, 올림픽이 열리는 장소에선 그 어떤 형태의 시위나 정치적, 종교적 혹은 인종적 선전을 허용하지 않는다.#@문장구분# '평화와 화합의 장'이라는 올림픽의 메시지를 지키기 위함이라고 하지만, 이제 그 조항이 필요하지 않다는 목소리가 많아지고 있다. #@문장구분#세계적으로 성차별, 인종차별 등의 문제가 계속해서 불거지고 있는 가운데, 올림픽에 출전한 선수들에게도 차별과 혐오에 반대하는 목소리를 낼 권리가 있다는 주장이 힘을 얻고 있기 때문이다. #@문장구분#일본 도쿄스타디움에서 열린 여자축구 조별리그 G조 1차전 시작 전, 스웨덴과 미국 선수들은 모두 한 쪽 무릎을 꿇는 모습을 보여줬다. #@문장구분#이들뿐만이 아니다. #@문장구분#또 다른 대전이었던 영국과 칠레의 경기 전에도 양측 선수들이 한 쪽 무릎을 꿇었다. #@문장구분#호주와 대결을 펼친 뉴질랜드 선수들도 경기 전 한 쪽 무릎을 꿇었다. #@문장구분#이 선수들이 한 쪽 무릎을 꿇는 모습을 보여준 건 \"인종차별에 대한 경각심을 일깨우기 위함\"이다. #@문장구분#2016년 9월 1일, 미국 프로 풋볼 선수인 콜린 캐퍼닉이 경기 전 미국 국가가 나올 때 기립하지 않고 한 쪽 무릎을 꿇고 앉은 것에서 시작된 이 시위 행위는 미국 내 계속되어 온 인종차별 문제, 특히 흑인을 대상으로 한 경찰들의 과잉 폭력 진압 사건에 항의하고 변화를 촉구하는 메시지를 담고 있다.#@문장구분# 이후 전세계적으로 많은 운동 선수들이 이 행동에 동참했다. #@문장구분#원래라면 올림픽에서 이런 행동이 금지되고 징계의 대상이 되지만, 이번에는 규정이 완화되어 선수들이 인종차별에 반대하는 메시지를 던지는 것이 가능해 진 것이다. #@문장구분#이번 한 쪽 무릎 꿇기에 동참한 영국 여자축구 선수팀 주장 스테프 호턴은 \"여성 축구 선수 팀으로서, 모든 형태의 차별에 투쟁할 것\"이라고 밝히기도 했다.#@문장구분#이 이야기에서 중요한 건, 자신이 겪을 수 있는 어려움을 감수하면서 사회의 차별과 낙인에 저항하고자 한 레이븐 손더스의 용기가 아닐까? 더 나아가 IOC가 오래된 관행으로 유지하고 있는 올림픽 헌장 제50조를 폐지하고, 차별과 혐오에 대항하며 사회의 변화를 촉구하는 선수들의 열망에 보답하는 제도를 마련하라고 주문해야 된다고 생각한다.#@문장구분# 뜨거운 승리의 순간들만큼이나 뜨거운 목소리가 담긴 선수들의 메시지가 많이 알려져 전세계적으로 발생하는 인종차별 문제가 변화되고 해결되었으면 좋겠다.#@문장구분#",
      "paragraph_len": 1405,
      "paragraph_id": "001"
    }
  ],
  "score": {
    "paragraph_score": [
      {
        "paragraph_scoreT": [
          3,
          3,
          2.6
        ],
        "paragraph_scoreT_detail": {
          "paragraph_scoreT_exp": [
            [
              3,
              3,
              3
            ],
            [
              3,
              3,
              3
            ],
            [
              3,
              2,
              3
            ]
          ]
        },
        "paragraph_scoreT_avg": 2.8666668,
        "paragraph_id": "001"
      }
    ],
    "essay_scoreT": [
      30,
      25.400002,
      26.7
    ],
    "essay_scoreT_avg": 27.366669,
    "essay_scoreT_detail": {
      "essay_scoreT_org": [
        [
          3,
          3,
          3,
          3
        ],
        [
          2,
          2,
          3,
          3
        ],
        [
          3,
          3,
          2,
          3
        ]
      ],
      "essay_scoreT_cont": [
        [
          3,
          3,
          3,
          3
        ],
        [
          2,
          2,
          2,
          3
        ],
        [
          3,
          2,
          3,
          3
        ]
      ],
      "essay_scoreT_exp": [
        [
          3,
          3,
          3
        ],
        [
          3,
          3,
          3
        ],
        [
          3,
          2,
          3
        ]
      ]
    }
  },
  "student": {
    "date": "2021.11.29",
    "student_educated": true,
    "student_grade": "고등_2학년",
    "location": "063",
    "student_grade_group": "고등",
    "student_reading": 2
  },
  "rubric": {
    "essay_grade": "고등_2학년",
    "organization_weight": {
      "org_paragraph": 3,
      "org": 3,
      "org_essay": 3,
      "org_coherence": 3,
      "org_quantity": 1
    },
    "essay_type": "주장",
    "content_weight": {
      "con_clearance": 3,
      "con_novelty": 3,
      "con": 4,
      "con_prompt": 1,
      "con_description": 3
    },
    "essay_main_subject": "인종차별에 대한 본인의 생각",
    "expression_weight": {
      "exp_style": 4,
      "exp_grammar": 2,
      "exp_vocab": 4,
      "exp": 3
    }
  },
  "correction": [],
  "info": {
    "essay_id": "ESSAY_53111",
    "essay_prompt": " 최근 중국발 코로나바이러스로 인해 동양인에 대한 혐오감을 나타내는 서양인들이 늘어나고 있습니다. 그로 인해, 매스컴이나 SNS에서 인종차별을 받아 힘들어하는 동양인들을 자주 목격할 수 있습니다.\n\n 하지만, 최근에만 인종차별이 존재했을까요? 아닙니다. 아주 오래전부터 다른 인종에 대한 차별은 있었습니다.\n\n 우리나라에서는 인종차별을 안 하고 있을까요? 아닙니다. 우리나라에서도 알게 모르게 많은 부분에서 다른 국가의 사람들에 대해 인종차별을 하고 있으며 누군가에게 상처를 주고 있습니다.\n\n 즉, 인종차별은 누군가의 문제가 아니라 우리 모두의 문제입니다.\n\n 여러분들은 인종차별을 당해보신 적 있나요? 인종차별을 하는 사람들에 대해 어떻게 생각하시나요? 왜 생겨났다고 생각하나요? 인종차별을 근절하기 위해서는 어떻게 해야 할까요? 인종차별을 하는 사람들에 대해 전 세계적으로 처벌의 강도를 높여야 할까요?\n\n 인종차별을 하는 사람들에 대한 본인의 생각을 작성하고 인종차별은 해결할 수 있는 문제일지 아니면 해결하지 어려운 문제일지 작성해주세요. 또한, 그렇게 생각한 이유와 본인이 생각한 해결방법 혹은 해결할 수 없다면 왜 해결할 수 없다고 생각하는지 작성해주세요.",
    "essay_type": "주장",
    "essay_level": "1",
    "essay_len": 1125,
    "essay_main_subject": "인종차별에 대한 본인의 생각"
  }
}