{
  "paragraph": [
    {
      "paragraph_txt": "여러분들은 평가가 무엇이라고 생각하십니까?#@문장구분# 저는 평가란 이 세상에 꼭 필요한 수단이라고 생각합니다.#@문장구분# 왜일까요?#@문장구분# 먼저, 우리가 살아가는 세상에서는 평가가 아주 흔하게 사용되고 있습니다.#@문장구분# 이렇게 당연시 사용되는 데에는 이유가 있겠죠?#@문장구분# 예를 들어, 만약 이 세상에 평가가 없다고 생각해봅시다.#@문장구분# 청소년으로 예를 들어볼까요?#@문장구분# 청소년은 평가를 받지 않으면 공부를 하지 않습니다.#@문장구분# 그만큼의 동기부여가 되지 않는 것이죠.#@문장구분# 좋은 성적을 받나 좋지 않은 성적을 받나 똑같은 대우를 받고 비슷한 삶을 살게 되는 것이면 아무도 공부를 하지 않습니다.#@문장구분# 즉 자신이 열심히 살아가야할 이유를 잃는 것이죠.#@문장구분# 청소년들이 공부를 하지 않는다면 사회의 발전수준은 지금보다 현저히 줄 것 이며 지능 수준이 점차 낮아질 것입니다.#@문장구분# 또한 평가가 없어진다면 사회에 혼란이 옵니다.#@문장구분# 평가가 없어지면 사회에는 사람들을 구별할 수 있는 기준이 사라지는 것입니다.#@문장구분# 평가란 아주 절대적인 기준이 되어 사람들을 나누고 그 능력을 평가하여 사회에 도움이 될 인재를 골라내는 역할을 합니다.#@문장구분# 평가가 없어진다면 어떻게 될까요?#@문장구분# 누가 똑똑하고 누가 어떤 기술을 잘 습득하고 누가 연구를 잘 할 수 있는지 등을 알아볼 수 있는 기준을 잃게 되어 사회에 혼란이 생길 것입니다.#@문장구분# 평가가 없어지면 평화로워질 수 있겠지요.#@문장구분# 모두가 동등하게 대우 받을 수 있겠지요.#@문장구분# 그럼 누가 일을 하고 누가 돈을 법니까?#@문장구분# 평가는 이 세상을 살아간다면 피할 수 없는 것이고 피할 수 없으면 최선을 다해서 사는 것이 자신에게도 사회에게도 도움이 되는 방향 같다고 생각합니다.#@문장구분# 그래서 저는 평가에 대해 찬성하는 입장이었습니다.#@문장구분#",
      "paragraph_len": 1244,
      "paragraph_id": "001"
    }
  ],
  "score": {
    "paragraph_score": [
      {
        "paragraph_scoreT": [
          3,
          3,
          2.4
        ],
        "paragraph_scoreT_detail": {
          "paragraph_scoreT_exp": [
            [
              3,
              3,
              3
            ],
            [
              3,
              3,
              3
            ],
            [
              2,
              3,
              2
            ]
          ]
        },
        "paragraph_scoreT_avg": 2.8,
        "paragraph_id": "001"
      }
    ],
    "essay_scoreT": [
      27.6,
      28.8,
      23.1
    ],
    "essay_scoreT_avg": 26.5,
    "essay_scoreT_detail": {
      "essay_scoreT_org": [
        [
          3,
          0,
          3,
          3
        ],
        [
          3,
          0,
          3,
          3
        ],
        [
          2,
          0,
          2,
          3
        ]
      ],
      "essay_scoreT_cont": [
        [
          3,
          2,
          3,
          2
        ],
        [
          2,
          3,
          3,
          3
        ],
        [
          2,
          2,
          3,
          3
        ]
      ],
      "essay_scoreT_exp": [
        [
          3,
          3,
          3
        ],
        [
          3,
          3,
          3
        ],
        [
          2,
          3,
          2
        ]
      ]
    }
  },
  "student": {
    "date": "2021.12.29",
    "student_educated": true,
    "student_grade": "고등_1학년",
    "location": "063",
    "student_grade_group": "고등",
    "student_reading": 2
  },
  "rubric": {
    "essay_grade": "고등_1학년",
    "organization_weight": {
      "org_paragraph": 0,
      "org": 3,
      "org_essay": 6,
      "org_coherence": 3,
      "org_quantity": 1
    },
    "essay_type": "주장",
    "content_weight": {
      "con_clearance": 3,
      "con_novelty": 3,
      "con": 4,
      "con_prompt": 1,
      "con_description": 3
    },
    "essay_main_subject": "평가에 대한 본인의 의견",
    "expression_weight": {
      "exp_style": 4,
      "exp_grammar": 2,
      "exp_vocab": 4,
      "exp": 3
    }
  },
  "correction": [],
  "info": {
    "essay_id": "ESSAY_84034",
    "essay_prompt": " 평가는 일반적으로 평가대상의 장점과 가치를 결정하는 과정을 말합니다.\n\n 세상에는 무수히 많은 평가 방법들이 존재하고 그 주제도 다양합니다.\n\n 우리나라의 경우는 어떨까요? 중간, 기말시험이 있고 미술과 같은 기본기와 창의성을 평가하는 과목도 있습니다. 체육과 같은 신체적인 능력을 평가하는 과목도 있지요. 모두 적절한 기준이 있으며 매우 객관적인 기준이라고 말합니다.\n\n 하지만 여러분이 생각하기에 모든 학생을 동일한 평가지표에 맞추어 평가하는 것이 올바른 방식이라고 생각하나요?\n\n 사람마다 특성이 존재하듯 각각의 목표 또한 다르고 성과도 다를 수 있습니다. 특정 기준에 의존해 본인의 성과도를 평가하는 것이 바르다고 생각되나요?\n\n 현재의 평가 방식은 최고의 객관적인 평가 방식이라고 생각하신다면 그 이유를 작성해주세요. 아니라면 어떤 평가 기준이 추가되어야 하고 또한 어떤 생각으로 평가가 이루어졌으면 좋겠는지 서술해 주세요.",
    "essay_type": "주장",
    "essay_level": "2",
    "essay_len": 804,
    "essay_main_subject": "평가에 대한 본인의 의견"
  }
}