{
  "paragraph": [
    {
      "paragraph_txt": "수행평가의 원래 의미는 학습자 스스로 지식, 기능, 태도를 나타낼 수 있도록 보고서를 작성하거나 수행한 과제를 표현하는 것을 평가하는 방식이다.#@문장구분# 나는 이것을 수행평가란 '모든 아이들이 자신이 가진 능력을 발휘할 수 있는 기회를 제공하는 평가'로 생각한다.#@문장구분# 학생들을 다 같은 방식으로 수행평가를 할 필요는 없다.#@문장구분# 학생들은 학습속도에 차이가 있기 때문에 과제를 다양하게 제시해주어야 한다고 생각한다.#@문장구분# 공부 잘 하는 학생이 할 수 있는 분량과 기초가 부족한 학생이 할 수 있는 분량은 다르다고 생각한다.#@문장구분# 그렇기 때문에 학생들의 동의를 얻어 적정한 분량을 개별적으로 제시하고 '결과보다 과정을', '성공보다 노력을' 봐주어 평가 해야한다고 생각한다.#@문장구분#이런 방식의 장점은 학습소외를 최소화하고, 자신감을 부여하는 것, 부분적이나마 교사별 절대평가를 포함시킬 수 있다는 것이다.#@문장구분#  하지만 이러한 방법을 적용하기 위해서는 많은 준비가 필요하고 학생들 전체를 관찰하고, 개별적 피드백을 준비해야 한다.#@문장구분# 또 한편으로는 공정하지 않다는 느낌을 줄수도 있기 때문에 합리성을 갖추어야 한다는 점도 있다.#@문장구분# 학생들에게 어떤 방식으로 접근할 것인가?#@문장구분# 이런 고민도 필요할 것이다.#@문장구분# 물론 학생들에게도 동의를 구해야 할 것이다.#@문장구분# 학생들의 합의가 된다면 그 범위 안에서 교사, 교실, 학생의 특성에 따라 다양한 방법을 도입할 수 있을 것이다.#@문장구분#  평가가 가진 본래의 목적에 충실하려면 '과정에 충실한 학생이 드러나게 하는' 교수-학습 방식이 필요하고 단순히 교수-학습 방식만으로 충족되지 않기 때문에 평가를 결합시켜서 관행과 문화를 바꾸는 것이 중요하다고 생각한다.#@문장구분# 그만큼 많은 시행착오도 겪어야 하겠지만 이렇게 된다면 모든 학생들이 최선을 다 할 것이다.  많은 교육 자들이 이러한 방법을 연구하고 생각해야 한다.#@문장구분#",
      "paragraph_len": 1183,
      "paragraph_id": "001"
    }
  ],
  "score": {
    "paragraph_score": [
      {
        "paragraph_scoreT": [
          2.8,
          3,
          2
        ],
        "paragraph_scoreT_detail": {
          "paragraph_scoreT_exp": [
            [
              2,
              3,
              3
            ],
            [
              3,
              3,
              3
            ],
            [
              2,
              2,
              2
            ]
          ]
        },
        "paragraph_scoreT_avg": 2.6000001,
        "paragraph_id": "001"
      }
    ],
    "essay_scoreT": [
      29.4,
      30,
      27
    ],
    "essay_scoreT_avg": 28.800001,
    "essay_scoreT_detail": {
      "essay_scoreT_org": [
        [
          3,
          0,
          3,
          3
        ],
        [
          3,
          0,
          3,
          3
        ],
        [
          3,
          0,
          3,
          3
        ]
      ],
      "essay_scoreT_cont": [
        [
          3,
          3,
          3,
          3
        ],
        [
          3,
          3,
          3,
          3
        ],
        [
          3,
          3,
          3,
          3
        ]
      ],
      "essay_scoreT_exp": [
        [
          2,
          3,
          3
        ],
        [
          3,
          3,
          3
        ],
        [
          2,
          2,
          2
        ]
      ]
    }
  },
  "student": {
    "date": "2021.12.15",
    "student_educated": true,
    "student_grade": "고등_1학년",
    "location": "063",
    "student_grade_group": "고등",
    "student_reading": 2
  },
  "rubric": {
    "essay_grade": "고등_1학년",
    "organization_weight": {
      "org_paragraph": 0,
      "org": 3,
      "org_essay": 6,
      "org_coherence": 3,
      "org_quantity": 1
    },
    "essay_type": "주장",
    "content_weight": {
      "con_clearance": 3,
      "con_novelty": 3,
      "con": 4,
      "con_prompt": 1,
      "con_description": 3
    },
    "essay_main_subject": "평가에 대한 본인의 의견",
    "expression_weight": {
      "exp_style": 4,
      "exp_grammar": 2,
      "exp_vocab": 4,
      "exp": 3
    }
  },
  "correction": [],
  "info": {
    "essay_id": "ESSAY_65999",
    "essay_prompt": " 평가는 일반적으로 평가대상의 장점과 가치를 결정하는 과정을 말합니다.\n\n 세상에는 무수히 많은 평가 방법들이 존재하고 그 주제도 다양합니다.\n\n 우리나라의 경우는 어떨까요? 중간, 기말시험이 있고 미술과 같은 기본기와 창의성을 평가하는 과목도 있습니다. 체육과 같은 신체적인 능력을 평가하는 과목도 있지요. 모두 적절한 기준이 있으며 매우 객관적인 기준이라고 말합니다.\n\n 하지만 여러분이 생각하기에 모든 학생을 동일한 평가지표에 맞추어 평가하는 것이 올바른 방식이라고 생각하나요?\n\n 사람마다 특성이 존재하듯 각각의 목표 또한 다르고 성과도 다를 수 있습니다. 특정 기준에 의존해 본인의 성과도를 평가하는 것이 바르다고 생각되나요?\n\n 현재의 평가 방식은 최고의 객관적인 평가 방식이라고 생각하신다면 그 이유를 작성해주세요. 아니라면 어떤 평가 기준이 추가되어야 하고 또한 어떤 생각으로 평가가 이루어졌으면 좋겠는지 서술해 주세요.",
    "essay_type": "주장",
    "essay_level": "2",
    "essay_len": 884,
    "essay_main_subject": "평가에 대한 본인의 의견"
  }
}