{
  "paragraph": [
    {
      "paragraph_txt": "나는 거의 모든 평가가 객관적이지않다고 생각한다.#@문장구분# 평가들이 무엇을 기준으로 정했는지 잘 모르겠다. 모든 부분에서는 평가를 할 때마다 유리한 친구들이 있고 불리한 친구들이 있다.#@문장구분# 특히 체육은 유리하고 불리한 친구들의 차이가 더 심하다고 생각한다.#@문장구분# 그리고 미술 또한 평가가 어렵다고 생각한다.#@문장구분# 미술은 대체 무엇을 평가하는 것인지 잘 모르겠다.#@문장구분# 미술은 그 사람의 창의성이 중요하다고 생각한다.#@문장구분# 그리고 창의성은 높은 점수를 주는 경우를 많이 보았다.#@문장구분# 창의성과 예술성을 평가하는데 그것은 평가하는 사람마다 그리고 그것을 보는 사람마다 평가가 다르다고 생각한다.#@문장구분# 어떤 사람은 좋은 점수를 줄 수 있고 어떤 사람은 안좋은 점수를 줄 수 있다.#@문장구분# 사람마다 가치있고 창의성있다고 생각하는 것이 다 다르니까 더욱 차이가 날 것이다.#@문장구분# 그런데 그것을 특정한 사람에게 평가받는 것이 나는 객관적이지않다고 생각한다.#@문장구분# 그렇기에 미술은 객관적인 평가가 어렵다고 생각한다.#@문장구분# 그러니 미술은 특정한 일부에게 평가받는 것이 아니라 많은 사람들에게 평가받아야한다고 생각한다.#@문장구분# 그리고 다른 평가받을 수 있는 것들 또한 마찬가지라고 생각한다.#@문장구분# 많은 대중들에게 평가를 받는 것이 옳다고 생각한다.#@문장구분# 특정한 사람에게 평가를 받는 것은 그 특정한 사람의 가치관에서만 인정받는 것이지 정확하고 객관적으로 평가받았다고 보기엔 어려움이 있다고 본다.#@문장구분# 그러니 나는 평가를 받고 싶다면 평가를 받을 수 있도록 인터넷에 올리거나 많은 대중들이 볼 수 있는 곳에 올려서 평가를 받는 것이 좋다고 생각한다.#@문장구분# 그것이 일부에게 평가받는 것보다 더욱 더 객관적이라고 생각한다.#@문장구분#",
      "paragraph_len": 1147,
      "paragraph_id": "001"
    }
  ],
  "score": {
    "paragraph_score": [
      {
        "paragraph_scoreT": [
          2,
          2.8,
          3
        ],
        "paragraph_scoreT_detail": {
          "paragraph_scoreT_exp": [
            [
              2,
              2,
              2
            ],
            [
              2,
              3,
              3
            ],
            [
              3,
              3,
              3
            ]
          ]
        },
        "paragraph_scoreT_avg": 2.6000001,
        "paragraph_id": "001"
      }
    ],
    "essay_scoreT": [
      19.099998,
      28.2,
      30
    ],
    "essay_scoreT_avg": 25.766668,
    "essay_scoreT_detail": {
      "essay_scoreT_org": [
        [
          2,
          0,
          2,
          3
        ],
        [
          3,
          0,
          3,
          3
        ],
        [
          3,
          0,
          3,
          3
        ]
      ],
      "essay_scoreT_cont": [
        [
          2,
          1,
          2,
          2
        ],
        [
          3,
          2,
          3,
          3
        ],
        [
          3,
          3,
          3,
          3
        ]
      ],
      "essay_scoreT_exp": [
        [
          2,
          2,
          2
        ],
        [
          2,
          3,
          3
        ],
        [
          3,
          3,
          3
        ]
      ]
    }
  },
  "student": {
    "date": "2021.12.22",
    "student_educated": true,
    "student_grade": "고등_1학년",
    "location": "054",
    "student_grade_group": "고등",
    "student_reading": 1
  },
  "rubric": {
    "essay_grade": "고등_1학년",
    "organization_weight": {
      "org_paragraph": 0,
      "org": 3,
      "org_essay": 6,
      "org_coherence": 3,
      "org_quantity": 1
    },
    "essay_type": "주장",
    "content_weight": {
      "con_clearance": 3,
      "con_novelty": 3,
      "con": 4,
      "con_prompt": 1,
      "con_description": 3
    },
    "essay_main_subject": "평가에 대한 본인의 의견",
    "expression_weight": {
      "exp_style": 4,
      "exp_grammar": 2,
      "exp_vocab": 4,
      "exp": 3
    }
  },
  "correction": [],
  "info": {
    "essay_id": "ESSAY_78620",
    "essay_prompt": " 평가는 일반적으로 평가대상의 장점과 가치를 결정하는 과정을 말합니다.\n\n 세상에는 무수히 많은 평가 방법들이 존재하고 그 주제도 다양합니다.\n\n 우리나라의 경우는 어떨까요? 중간, 기말시험이 있고 미술과 같은 기본기와 창의성을 평가하는 과목도 있습니다. 체육과 같은 신체적인 능력을 평가하는 과목도 있지요. 모두 적절한 기준이 있으며 매우 객관적인 기준이라고 말합니다.\n\n 하지만 여러분이 생각하기에 모든 학생을 동일한 평가지표에 맞추어 평가하는 것이 올바른 방식이라고 생각하나요?\n\n 사람마다 특성이 존재하듯 각각의 목표 또한 다르고 성과도 다를 수 있습니다. 특정 기준에 의존해 본인의 성과도를 평가하는 것이 바르다고 생각되나요?\n\n 현재의 평가 방식은 최고의 객관적인 평가 방식이라고 생각하신다면 그 이유를 작성해주세요. 아니라면 어떤 평가 기준이 추가되어야 하고 또한 어떤 생각으로 평가가 이루어졌으면 좋겠는지 서술해 주세요.",
    "essay_type": "주장",
    "essay_level": "2",
    "essay_len": 788,
    "essay_main_subject": "평가에 대한 본인의 의견"
  }
}