{
  "paragraph": [
    {
      "paragraph_txt": "나는 현재의 평가 방식이 객관적인 평가 방식이라고 생각하지 않는다.#@문장구분# 왜냐하면 내가 생각하기에는 각자의 능력치와 최대치, 잘하는 것이 각자 다 다르기 때문에 객관적이고 적절한 기준이 있다고 해도 각자의 특성이 다른데 똑같은 기준으로 평가하는 방식은 정말 잘못된 것이라고 생각한다. #@문장구분#예를 들어보면, 나는 미술시간에 그림을 엄청 열심히 그렸는데, 선생님들과 친구들은 정말 못 그렸다고 하며 나의 그림을 못 그렸다고 했다.#@문장구분# 나는 엄청 노력해서 그린 것이고 내가 노력해서 그렸다고 이야기를 해도 보는 사람들의 관점에서는 그렇게 생각하지 않았다.#@문장구분# 이런 나의 경험처럼 누군가는 노력했는데 알아주지 못해서 억울한 경우가 우리나라의 학생들에게 많이 일어나고 있는 일이라고 생각한다.#@문장구분# 미국을 보면 수행평가와 상대평가로 그 학생의 수준을 파악해서 점수를 주는 방식으로 평가방식을 가지고 있다.#@문장구분# 그래서 나는 우리나라도 미국의 평가방식과 같이 상대평가로 만들어서 선생님들이 간단하게 기준을 만들어서 학생을 평가하는 방식이 아니라 개개인의 학생들의 특성을 파악하고 이 특성을 토대로 평가할 수 있는 상대적으로 평가하는 방식을 도입하여 우리나라 학생들의 억울함을 풀어주어야 한다고 생각한다.#@문장구분# 또한 선생님들은 편애하고 좋아하는 학생들에게 조금 더 높은 점수를 주거나 높은 점수를 받을 수 있는 기회를 더 많이 주는 경우도 있을 것이라고 생각한다.#@문장구분# 이러한 경우는 정말 사라져야 하는 적폐라고 생각한다.#@문장구분# 객관적인 기준을 만들었다고 해도 이런 상대적인 문제가 발생한다는 것은 우리나라의 교육 평가 방식이 객관적이지 않음을 보여주는 것이라고 생각한다.#@문장구분# 그래서 나는 선생님의 자격을 평가할 때 정말 학생들의 특성을 파악할 수 있고 개인의 감정에 따라서 행동하지 않을 수 있는지를 평가할 때 인성처럼 중요한 요소로 넣어야 한다고 생각한다.#@문장구분# 우리나라의 평가 방식의 문제를 해결하기 위해서는 많은 것이 바뀌어야 한다고 생각한다.#@문장구분#",
      "paragraph_len": 1183,
      "paragraph_id": "001"
    }
  ],
  "score": {
    "paragraph_score": [
      {
        "paragraph_scoreT": [
          2.2,
          2,
          2
        ],
        "paragraph_scoreT_detail": {
          "paragraph_scoreT_exp": [
            [
              3,
              2,
              2
            ],
            [
              2,
              2,
              2
            ],
            [
              2,
              2,
              2
            ]
          ]
        },
        "paragraph_scoreT_avg": 2.0666666,
        "paragraph_id": "001"
      }
    ],
    "essay_scoreT": [
      23.7,
      22.699999,
      23.099998
    ],
    "essay_scoreT_avg": 23.166666,
    "essay_scoreT_detail": {
      "essay_scoreT_org": [
        [
          2,
          0,
          2,
          3
        ],
        [
          2,
          0,
          2,
          3
        ],
        [
          2,
          0,
          2,
          3
        ]
      ],
      "essay_scoreT_cont": [
        [
          3,
          2,
          3,
          3
        ],
        [
          3,
          3,
          2,
          2
        ],
        [
          3,
          2,
          3,
          3
        ]
      ],
      "essay_scoreT_exp": [
        [
          3,
          2,
          2
        ],
        [
          2,
          2,
          2
        ],
        [
          2,
          2,
          2
        ]
      ]
    }
  },
  "student": {
    "date": "2021.12.22",
    "student_educated": true,
    "student_grade": "고등_1학년",
    "location": "054",
    "student_grade_group": "고등",
    "student_reading": 1
  },
  "rubric": {
    "essay_grade": "고등_1학년",
    "organization_weight": {
      "org_paragraph": 0,
      "org": 3,
      "org_essay": 6,
      "org_coherence": 3,
      "org_quantity": 1
    },
    "essay_type": "주장",
    "content_weight": {
      "con_clearance": 3,
      "con_novelty": 3,
      "con": 4,
      "con_prompt": 1,
      "con_description": 3
    },
    "essay_main_subject": "평가에 대한 본인의 의견",
    "expression_weight": {
      "exp_style": 4,
      "exp_grammar": 2,
      "exp_vocab": 4,
      "exp": 3
    }
  },
  "correction": [],
  "info": {
    "essay_id": "ESSAY_78520",
    "essay_prompt": " 평가는 일반적으로 평가대상의 장점과 가치를 결정하는 과정을 말합니다.\n\n 세상에는 무수히 많은 평가 방법들이 존재하고 그 주제도 다양합니다.\n\n 우리나라의 경우는 어떨까요? 중간, 기말시험이 있고 미술과 같은 기본기와 창의성을 평가하는 과목도 있습니다. 체육과 같은 신체적인 능력을 평가하는 과목도 있지요. 모두 적절한 기준이 있으며 매우 객관적인 기준이라고 말합니다.\n\n 하지만 여러분이 생각하기에 모든 학생을 동일한 평가지표에 맞추어 평가하는 것이 올바른 방식이라고 생각하나요?\n\n 사람마다 특성이 존재하듯 각각의 목표 또한 다르고 성과도 다를 수 있습니다. 특정 기준에 의존해 본인의 성과도를 평가하는 것이 바르다고 생각되나요?\n\n 현재의 평가 방식은 최고의 객관적인 평가 방식이라고 생각하신다면 그 이유를 작성해주세요. 아니라면 어떤 평가 기준이 추가되어야 하고 또한 어떤 생각으로 평가가 이루어졌으면 좋겠는지 서술해 주세요.",
    "essay_type": "주장",
    "essay_level": "2",
    "essay_len": 944,
    "essay_main_subject": "평가에 대한 본인의 의견"
  }
}