{
  "paragraph": [
    {
      "paragraph_txt": "현 대한민국 사회에서는 학생의 활동을 평가하는 경우가 많다.#@문장구분# 예시로는 수행평가나 등급제, 수시와 같은 시험들이 있다. #@문장구분#이러한 평가들은 자신의 실력 파악, 앞으로를 위한 정보제공, 가치의 판단, 이러한 일에 기준치가 될 수 있다.#@문장구분# 나는 이 평가라는 것이 나쁘지 않다고 생각한다.#@문장구분# 물론 대한민국에서는 이 평가에 대해 크고 작은 것들이 매우 휙휙 바뀐다고 생각한다. #@문장구분#종이에 나타난 평가만이 그 사람의 전부는 아니라고 생각한다.#@문장구분# 그 사람의 발전가능성, 인성이나 가치관, 재증과 같은 것들은 정확안 평가가 불가능하기 때문이다.#@문장구분#그렇기에 이 대한민국에서 평가되는 것들이 자신의 인생에서 큰 비중을 차지하지 않고 이 사회가 다양한 시각으로써 한 사람의 필요가치를 판단해 주었으면 한다.#@문장구분#    이 사회에서 평가라는 것이 비록 무겁기에 이런 생각이 드는 것이지 평가 자체는 필수적이라 생각한다.#@문장구분# 평가를 통해 현재 나의 수준을 파악 할 수 있으며 어떠한 목표가 될 수도 있다.#@문장구분# 누군가를 평가 한다는 시스템이 생각해보자. #@문장구분#평가가 사라진 세상에서는 모두가 비슷해 보일 것이다.#@문장구분# 너 잘났고 나 잘났고 할 것이 없으니 이런 상황에서 사람들은 자신이 행하는 일에 노력이라는 것을 할까?#@문장구분# 평가가 매겨지지 않으며 누가 더 노력을 했든 같을 텐데 또한 모두가 같으니 경쟁이라는 개념도 사라질 것이다.#@문장구분# 이 평가란 것은 자신의 가치를 보여주기도 하지만 남들과 자신을 구분하는 것이 된다.#@문장구분# 예시로 게임이나 시험들에서 친구보다 뒤떨어지면 분하고 다음에는 따라 잡겠다는 마음을 들게 한다.#@문장구분# 평가가 있기에 경쟁심이 뚜렷히 생기고 노력을 한다. #@문장구분#경쟁심과 노력은 평균수준을 늘리고 나아가 인재를 만든다.#@문장구분# 이 평가를 한다는 시스템은 인간을 더 높은 곳으로 발전시키기 위한 것이 아닌가 싶다.#@문장구분# 다만 대한민국에서는 이 평가가 너무 중요시 여겨져 모두가 악착같아지고 평가로는 보여지지 않는 것을 무시하듯 지나가는 것이 아쉬울 뿐이다. #@문장구분#   대한민국에서 이 평가와 평가로 보이지 않는 것들이 균등히 조화를 이룬다면 더 큰 인재를 만들고 나아가 한국이 더 높은 곳으로 나아갈 수 있게 되지 않을까 싶다.#@문장구분# 이것들이 내가 생각하는 평가에 대한 내 생각이다.#@문장구분#",
      "paragraph_len": 1500,
      "paragraph_id": "001"
    }
  ],
  "score": {
    "paragraph_score": [
      {
        "paragraph_scoreT": [
          3,
          2.4,
          2.4
        ],
        "paragraph_scoreT_detail": {
          "paragraph_scoreT_exp": [
            [
              3,
              3,
              3
            ],
            [
              2,
              2,
              3
            ],
            [
              2,
              2,
              3
            ]
          ]
        },
        "paragraph_scoreT_avg": 2.6000001,
        "paragraph_id": "001"
      }
    ],
    "essay_scoreT": [
      30,
      28.2,
      27
    ],
    "essay_scoreT_avg": 28.4,
    "essay_scoreT_detail": {
      "essay_scoreT_org": [
        [
          3,
          0,
          3,
          3
        ],
        [
          3,
          0,
          3,
          3
        ],
        [
          3,
          0,
          3,
          3
        ]
      ],
      "essay_scoreT_cont": [
        [
          3,
          3,
          3,
          3
        ],
        [
          3,
          3,
          3,
          3
        ],
        [
          2,
          3,
          3,
          3
        ]
      ],
      "essay_scoreT_exp": [
        [
          3,
          3,
          3
        ],
        [
          2,
          2,
          3
        ],
        [
          2,
          2,
          3
        ]
      ]
    }
  },
  "student": {
    "date": "2021.12.16",
    "student_educated": true,
    "student_grade": "고등_1학년",
    "location": "063",
    "student_grade_group": "고등",
    "student_reading": 3
  },
  "rubric": {
    "essay_grade": "고등_1학년",
    "organization_weight": {
      "org_paragraph": 0,
      "org": 3,
      "org_essay": 6,
      "org_coherence": 3,
      "org_quantity": 1
    },
    "essay_type": "주장",
    "content_weight": {
      "con_clearance": 3,
      "con_novelty": 3,
      "con": 4,
      "con_prompt": 1,
      "con_description": 3
    },
    "essay_main_subject": "평가에 대한 본인의 의견",
    "expression_weight": {
      "exp_style": 4,
      "exp_grammar": 2,
      "exp_vocab": 4,
      "exp": 3
    }
  },
  "correction": [],
  "info": {
    "essay_id": "ESSAY_65975",
    "essay_prompt": " 평가는 일반적으로 평가대상의 장점과 가치를 결정하는 과정을 말합니다.\n\n 세상에는 무수히 많은 평가 방법들이 존재하고 그 주제도 다양합니다.\n\n 우리나라의 경우는 어떨까요? 중간, 기말시험이 있고 미술과 같은 기본기와 창의성을 평가하는 과목도 있습니다. 체육과 같은 신체적인 능력을 평가하는 과목도 있지요. 모두 적절한 기준이 있으며 매우 객관적인 기준이라고 말합니다.\n\n 하지만 여러분이 생각하기에 모든 학생을 동일한 평가지표에 맞추어 평가하는 것이 올바른 방식이라고 생각하나요?\n\n 사람마다 특성이 존재하듯 각각의 목표 또한 다르고 성과도 다를 수 있습니다. 특정 기준에 의존해 본인의 성과도를 평가하는 것이 바르다고 생각되나요?\n\n 현재의 평가 방식은 최고의 객관적인 평가 방식이라고 생각하신다면 그 이유를 작성해주세요. 아니라면 어떤 평가 기준이 추가되어야 하고 또한 어떤 생각으로 평가가 이루어졌으면 좋겠는지 서술해 주세요.",
    "essay_type": "주장",
    "essay_level": "2",
    "essay_len": 1061,
    "essay_main_subject": "평가에 대한 본인의 의견"
  }
}