{
  "paragraph": [
    {
      "paragraph_txt": "먼저, 교육평가에 있어서 수학능력시험은 결과의 평가는 이루어지지만 과정의 평가는 이루어지지 않는다는 점에서 문제가 생긴다.#@문장구분# 이러한 문제를 극복하기 위해선 나는 수능을 유지하되, 학습 과정과 수행 능력 또한 평가해야 한다고 생각한다.#@문장구분# 입시 전형 중 하나인 정시에서는 결과 위주의 평가가 이루어지기 때문에 결과에 대한 과정이 올바르지 못하거나, 본질을 이해하지 못한 채 유형만 외우는 형태가 될 수 있다는 것이다.#@문장구분# 그러한 이유에서 수능은 우연적 요소와 오개념을 최대한 방지하기 위해 문제 수와 유형을 증가시키거나 개념의 숙지를 판별하기 위해 개념 확인용 문제를 낮은 배점을 부여하여 많이 넣어야 한다고 생각한다.#@문장구분#\n 두 번째로, 수능의 공정성에 관한 논쟁이 있다. #@문장구분#마이클 센델의 저서 '공정하다는 착각'에서는 대한민국에 깊게 뿌리내린 능력주의와 세습을 비판하는 내용을 담고 있다.#@문장구분# 마찬가지로, 수능 점수에 맞춰 자신의 전공, 진로와 상관없이 대학의 흔히 말하는 '간판'만을 보며 지원하는 것은 책에서 주장한 학벌주의와 대학 서열화를 심화시키고, 이는 불평등을 이끌 것이다.#@문장구분# \n 세 번째로, 선택과목과 수능의 좁아진 범위로 인한 문제가 있다.#@문장구분# 학생의 자율성을 존중하고, 진로와 전공에 맞춰 과목을 선택하는 선택과목은 필연적으로 시험 범위를 줄여놓았고, 이는 변별력을 위해 문제의 난이도를 급격하게 올리거나 변형하는 형태로 이어지게 되었다.#@문장구분# 이는 학습의 목적과는 관련성이 없는 문제를 낳는 결과를 야기하게 되었다.#@문장구분# 따라서, 위와 같은 문제는 범위를 늘리고, 융합형 문제를 추가하면서 해결할 수 있다고 생각한다. #@문장구분#대학교의 과에서도 한가지 과목만을 가지고 수업하는 경우는 드물다.#@문장구분# 해당 교과와 관련이 있는 과목의 내용을 융합시켜 문제를 만들면 난이도 조절과 학생의 학습 성취 수준을 판별할 수 있는 방법이 될 것이다.#@문장구분#",
      "paragraph_len": 1158,
      "paragraph_id": "001"
    }
  ],
  "score": {
    "paragraph_score": [
      {
        "paragraph_scoreT": [
          3,
          2.6,
          3
        ],
        "paragraph_scoreT_detail": {
          "paragraph_scoreT_exp": [
            [
              3,
              3,
              3
            ],
            [
              3,
              3,
              2
            ],
            [
              3,
              3,
              3
            ]
          ]
        },
        "paragraph_scoreT_avg": 2.8666668,
        "paragraph_id": "001"
      }
    ],
    "essay_scoreT": [
      30,
      26.7,
      29.1
    ],
    "essay_scoreT_avg": 28.6,
    "essay_scoreT_detail": {
      "essay_scoreT_org": [
        [
          3,
          0,
          3,
          3
        ],
        [
          3,
          0,
          2,
          3
        ],
        [
          3,
          0,
          2,
          3
        ]
      ],
      "essay_scoreT_cont": [
        [
          3,
          3,
          3,
          3
        ],
        [
          3,
          2,
          3,
          3
        ],
        [
          3,
          3,
          3,
          3
        ]
      ],
      "essay_scoreT_exp": [
        [
          3,
          3,
          3
        ],
        [
          3,
          3,
          2
        ],
        [
          3,
          3,
          3
        ]
      ]
    }
  },
  "student": {
    "date": "2021.12.23",
    "student_educated": true,
    "student_grade": "고등_1학년",
    "location": "063",
    "student_grade_group": "고등",
    "student_reading": 1
  },
  "rubric": {
    "essay_grade": "고등_1학년",
    "organization_weight": {
      "org_paragraph": 0,
      "org": 3,
      "org_essay": 6,
      "org_coherence": 3,
      "org_quantity": 1
    },
    "essay_type": "주장",
    "content_weight": {
      "con_clearance": 3,
      "con_novelty": 3,
      "con": 4,
      "con_prompt": 1,
      "con_description": 3
    },
    "essay_main_subject": "평가에 대한 본인의 의견",
    "expression_weight": {
      "exp_style": 4,
      "exp_grammar": 2,
      "exp_vocab": 4,
      "exp": 3
    }
  },
  "correction": [],
  "info": {
    "essay_id": "ESSAY_76708",
    "essay_prompt": " 평가는 일반적으로 평가대상의 장점과 가치를 결정하는 과정을 말합니다.\n\n 세상에는 무수히 많은 평가 방법들이 존재하고 그 주제도 다양합니다.\n\n 우리나라의 경우는 어떨까요? 중간, 기말시험이 있고 미술과 같은 기본기와 창의성을 평가하는 과목도 있습니다. 체육과 같은 신체적인 능력을 평가하는 과목도 있지요. 모두 적절한 기준이 있으며 매우 객관적인 기준이라고 말합니다.\n\n 하지만 여러분이 생각하기에 모든 학생을 동일한 평가지표에 맞추어 평가하는 것이 올바른 방식이라고 생각하나요?\n\n 사람마다 특성이 존재하듯 각각의 목표 또한 다르고 성과도 다를 수 있습니다. 특정 기준에 의존해 본인의 성과도를 평가하는 것이 바르다고 생각되나요?\n\n 현재의 평가 방식은 최고의 객관적인 평가 방식이라고 생각하신다면 그 이유를 작성해주세요. 아니라면 어떤 평가 기준이 추가되어야 하고 또한 어떤 생각으로 평가가 이루어졌으면 좋겠는지 서술해 주세요.",
    "essay_type": "주장",
    "essay_level": "2",
    "essay_len": 899,
    "essay_main_subject": "평가에 대한 본인의 의견"
  }
}