{
  "paragraph": [
    {
      "paragraph_txt": "평가란 무엇일까?#@문장구분# Michael S. Scriven은 평가를 그 목적에 따라 형성평가와 총괄평가로 구분할 것을 제안하였다.#@문장구분# 프로그램, 사람, 제품 등 현재의 활동상태를 개선하기 위해서 평가를 실시한다면, 이런 평가는 형성적 기능을 갖는다.#@문장구분# 만약 책무성, 자격인정, 선발 등을 위해서 평가를 실시한다면, 이때의 평가는 총괄적 기능을 한다.#@문장구분# Daniel M. Stufflebeam은 형성적 기능을 하는 평가를 전진적 평가(proactive evaluation)라고, 총괄적 기능을 하는 평가를 소급적 평가(retroactive evaluation)라 부르고 있다.#@문장구분# 평가의 또 다른 기능은 심리적 또는 사회·정치적 기능이다.#@문장구분# 평가가 특수한 활동에 대한 인식을 높이기 위해서 이용되거나, 피평가자의 바람직한 행동을 동기화하기 위해서 이용되거나 대중관계를 증진하기 위해서 이용될 때 평가는 심리적 또는 사회·정치적 기능을 발휘하게 된다.#@문장구분# 또한 평가는 권위행사의 기능을 가지고 있다.#@문장구분# 예컨대, 상급자가 하급자를 평가할 때 이러한 권위적 기능이 발휘된다.#@문장구분# 평가가 때때로 권위적 기능을 행사하기도 해서 우리는 가끔씩 평가를 악의적인 태도로 사용하거나 받아들일때 조차도 존재한다.#@문장구분# 하지만 이러한 평가는 최대한 객관적이려고 노력한 평가이니 악의적으로 받아들이거나 사용해서는 절대로 안된다.#@문장구분# 평가를 악용하는 사람들을 막기 위해서는 평가를 받는 사람과 평가를 하는 사람의 사적인 친분이 발견되어서는 안되고, 지인 관계에 있는 사람들이라면 다른 타인에게도 여러 평가를 받아 최대한 객관적인 평가로 남아있어야한다.#@문장구분#",
      "paragraph_len": 1017,
      "paragraph_id": "001"
    }
  ],
  "score": {
    "paragraph_score": [
      {
        "paragraph_scoreT": [
          2,
          2.6,
          2
        ],
        "paragraph_scoreT_detail": {
          "paragraph_scoreT_exp": [
            [
              2,
              2,
              2
            ],
            [
              3,
              3,
              2
            ],
            [
              2,
              2,
              2
            ]
          ]
        },
        "paragraph_scoreT_avg": 2.2,
        "paragraph_id": "001"
      }
    ],
    "essay_scoreT": [
      14.5,
      22.099998,
      23.099998
    ],
    "essay_scoreT_avg": 19.9,
    "essay_scoreT_detail": {
      "essay_scoreT_org": [
        [
          1,
          0,
          1,
          2
        ],
        [
          2,
          0,
          2,
          3
        ],
        [
          2,
          0,
          2,
          3
        ]
      ],
      "essay_scoreT_cont": [
        [
          1,
          1,
          1,
          2
        ],
        [
          2,
          2,
          2,
          2
        ],
        [
          3,
          3,
          3,
          2
        ]
      ],
      "essay_scoreT_exp": [
        [
          2,
          2,
          2
        ],
        [
          3,
          3,
          2
        ],
        [
          2,
          2,
          2
        ]
      ]
    }
  },
  "student": {
    "date": "2021.12.14",
    "student_educated": true,
    "student_grade": "고등_1학년",
    "location": "054",
    "student_grade_group": "고등",
    "student_reading": 2
  },
  "rubric": {
    "essay_grade": "고등_1학년",
    "organization_weight": {
      "org_paragraph": 0,
      "org": 3,
      "org_essay": 6,
      "org_coherence": 3,
      "org_quantity": 1
    },
    "essay_type": "주장",
    "content_weight": {
      "con_clearance": 3,
      "con_novelty": 3,
      "con": 4,
      "con_prompt": 1,
      "con_description": 3
    },
    "essay_main_subject": "평가에 대한 본인의 의견",
    "expression_weight": {
      "exp_style": 4,
      "exp_grammar": 2,
      "exp_vocab": 4,
      "exp": 3
    }
  },
  "correction": [],
  "info": {
    "essay_id": "ESSAY_78606",
    "essay_prompt": " 평가는 일반적으로 평가대상의 장점과 가치를 결정하는 과정을 말합니다.\n\n 세상에는 무수히 많은 평가 방법들이 존재하고 그 주제도 다양합니다.\n\n 우리나라의 경우는 어떨까요? 중간, 기말시험이 있고 미술과 같은 기본기와 창의성을 평가하는 과목도 있습니다. 체육과 같은 신체적인 능력을 평가하는 과목도 있지요. 모두 적절한 기준이 있으며 매우 객관적인 기준이라고 말합니다.\n\n 하지만 여러분이 생각하기에 모든 학생을 동일한 평가지표에 맞추어 평가하는 것이 올바른 방식이라고 생각하나요?\n\n 사람마다 특성이 존재하듯 각각의 목표 또한 다르고 성과도 다를 수 있습니다. 특정 기준에 의존해 본인의 성과도를 평가하는 것이 바르다고 생각되나요?\n\n 현재의 평가 방식은 최고의 객관적인 평가 방식이라고 생각하신다면 그 이유를 작성해주세요. 아니라면 어떤 평가 기준이 추가되어야 하고 또한 어떤 생각으로 평가가 이루어졌으면 좋겠는지 서술해 주세요.",
    "essay_type": "주장",
    "essay_level": "2",
    "essay_len": 778,
    "essay_main_subject": "평가에 대한 본인의 의견"
  }
}