{
  "paragraph": [
    {
      "paragraph_txt": "중국발 코로나를 이유로 아시아에 있는 전 아시아인들을 혐오하고, 폭력을 행사하는 것은 매우 인간답지 못한 행동이라고 생각한다. #@문장구분#이에 관해 내가 생각한 역사적 사건들이 있다. #@문장구분#1961년 4월 12일, 27세 소비에트 연방 우주 비행사 유리 가가린이 전 인류 최초로 우주비행선을 타 우주여행을 하게 된다. #@문장구분#우주 상공 327km에 도달한 그는 처음으로 지구 밖에서 지구를 바라보는 아주 특별한 경험을 하게 된다. #@문장구분#한 시간 반이라는 짧은 우주여행을 무사히 마치고 한순간에 소련의 영웅으로 탄생한 그는 인터뷰에서 이렇게 소감을 밝힌다.#@문장구분# \"멀리서 지구를 바라보니 우리가 서로 다투기에는 지구가 너무 작다는 것을 깨달았다.\" #@문장구분#그리고 칼 세이건은 1980년 나사 보이저 팀에게 보이저 1호가 태양계를 벗어나기 전에 카메라의 방향을 뒤로 돌려 지구를 찍어보자는 제안을 하였다.#@문장구분# 9년이 지난 1989년, 해왕성 탐사까지 마치고 본래의 임무를 다한 보이저1호는 칼 세이건의 말을 동의하는 리처드 트룰리가 나사 국장으로 자리하게 되자 드디어 카메라를 지구 방향으로 돌리 수 있게 된다. #@문장구분#1990년 2월 14일, 보이저호는 처음으로 카메라를 돌려 지구를 촬영하게 된다.#@문장구분# 사진에 지구는 화면 스크린에 묻은 먼지만큼 작아 보인다. #@문장구분#그 먼지만 한 푸른 점은 우리들의 집 '지구'이다.#@문장구분# 칼 세이건은 말한다.#@문장구분# \"저 점을 보라. #@문장구분#저기가 우리가 사는 곳이고, 저기가 우리 집이며, 저것이 바로 우리이다.#@문장구분# 저기에는 우리가 사랑하는 모든 사람, 우리가 아는 모든 사람, 우리가 들어봤을 모든 사람, 지금까지 존재해온 모든 사람들이 바로 저곳에 살았다. #@문장구분#모든 기쁨과 슬픔, 확신에 찬 수 천 개의 종교와 이념, 경제 체제, 모든 사냥꾼과 약탈자, 모든 영웅과 겁쟁이, 모든 문명의 창시자와 파괴자, 모든 왕과 농부, 사랑에 빠진 모든 젊은 연인들, 모든 어머니와 아버지, 희망에 가득 찬 아이들, 모든 발명가와 탐험가, 모든 스승과 모든 부패한 정치인, 모든 지도자, 모든 성인과 죄인이 바로 저곳, 햇빛에 떠다니는 먼지의 티끌 위에 살았던 것이다.#@문장구분# 지구는 우주라는 거대한 극장의 아주 조그마한 무대이다.\"#@문장구분# 나는 이 말을 듣고 매우 감동했으며, 지금 우리의 삶을 다시 생각해 보게 되었다.#@문장구분# 먼지만 한 그곳에서는 우리가 서로를 얼마나 오해하는지, 우리가 서로를 얼마나 혐오하는지, 우리가 서로를 얼마나 증오하는지. 서로의 차별은 그만되어야 한다. #@문장구분#우리는 서로가 서로를 존중해야 한다.#@문장구분#",
      "paragraph_len": 1598,
      "paragraph_id": "001"
    }
  ],
  "score": {
    "paragraph_score": [
      {
        "paragraph_scoreT": [
          3,
          3,
          2
        ],
        "paragraph_scoreT_detail": {
          "paragraph_scoreT_exp": [
            [
              3,
              3,
              3
            ],
            [
              3,
              3,
              3
            ],
            [
              2,
              2,
              2
            ]
          ]
        },
        "paragraph_scoreT_avg": 2.6666667,
        "paragraph_id": "001"
      }
    ],
    "essay_scoreT": [
      28.8,
      30,
      20
    ],
    "essay_scoreT_avg": 26.266668,
    "essay_scoreT_detail": {
      "essay_scoreT_org": [
        [
          3,
          3,
          3,
          3
        ],
        [
          3,
          3,
          3,
          3
        ],
        [
          2,
          2,
          2,
          2
        ]
      ],
      "essay_scoreT_cont": [
        [
          2,
          3,
          3,
          3
        ],
        [
          3,
          3,
          3,
          3
        ],
        [
          2,
          2,
          2,
          2
        ]
      ],
      "essay_scoreT_exp": [
        [
          3,
          3,
          3
        ],
        [
          3,
          3,
          3
        ],
        [
          2,
          2,
          2
        ]
      ]
    }
  },
  "student": {
    "date": "2021.09.02",
    "student_educated": true,
    "student_grade": "고등_2학년",
    "location": "051",
    "student_grade_group": "고등",
    "student_reading": 2
  },
  "rubric": {
    "essay_grade": "고등_2학년",
    "organization_weight": {
      "org_paragraph": 3,
      "org": 3,
      "org_essay": 3,
      "org_coherence": 3,
      "org_quantity": 1
    },
    "essay_type": "주장",
    "content_weight": {
      "con_clearance": 3,
      "con_novelty": 3,
      "con": 4,
      "con_prompt": 1,
      "con_description": 3
    },
    "essay_main_subject": "인종차별에 대한 본인의 생각",
    "expression_weight": {
      "exp_style": 4,
      "exp_grammar": 2,
      "exp_vocab": 4,
      "exp": 3
    }
  },
  "correction": [],
  "info": {
    "essay_id": "ESSAY_35714",
    "essay_prompt": " 최근 중국발 코로나바이러스로 인해 동양인에 대한 혐오감을 나타내는 서양인들이 늘어나고 있습니다. 그로 인해, 매스컴이나 SNS에서 인종차별을 받아 힘들어하는 동양인들을 자주 목격할 수 있습니다.\n\n 하지만, 최근에만 인종차별이 존재했을까요? 아닙니다. 아주 오래전부터 다른 인종에 대한 차별은 있었습니다.\n\n 우리나라에서는 인종차별을 안 하고 있을까요? 아닙니다. 우리나라에서도 알게 모르게 많은 부분에서 다른 국가의 사람들에 대해 인종차별을 하고 있으며 누군가에게 상처를 주고 있습니다.\n\n 즉, 인종차별은 누군가의 문제가 아니라 우리 모두의 문제입니다.\n\n 여러분들은 인종차별을 당해보신 적 있나요? 인종차별을 하는 사람들에 대해 어떻게 생각하시나요? 왜 생겨났다고 생각하나요? 인종차별을 근절하기 위해서는 어떻게 해야 할까요? 인종차별을 하는 사람들에 대해 전 세계적으로 처벌의 강도를 높여야 할까요?\n\n 인종차별을 하는 사람들에 대한 본인의 생각을 작성하고 인종차별은 해결할 수 있는 문제일지 아니면 해결하지 어려운 문제일지 작성해주세요. 또한, 그렇게 생각한 이유와 본인이 생각한 해결방법 혹은 해결할 수 없다면 왜 해결할 수 없다고 생각하는지 작성해주세요.",
    "essay_type": "주장",
    "essay_level": "1",
    "essay_len": 1199,
    "essay_main_subject": "인종차별에 대한 본인의 생각"
  }
}