{
  "paragraph": [
    {
      "paragraph_txt": "우리를 평가하는 거의 대부분의 평가는 객관적이라고 생각한다.#@문장구분# 예를 들어 학교 시험을 보면 모두 똑같은 문제의 공정한 시험을 쳐서 똑같은 기준을 토대로 점수를 준다.#@문장구분# 이렇게 모두에게 똑같은 공정한 기준을 제시하는 평가들은 모두 옳다고 생각한다.#@문장구분# 물론 몸이 불편하거나 신채적 정신적으로 문제가 있는 사람들에겐 조금의 다른 평가의 기준을 제시해야한다.#@문장구분# 신체적, 정신적 문제가 있는 사람들에게 일반적인 사람들과 똑같은 평가를 한다면 그건 차별이라고 생각한다.#@문장구분# 역차별을 만들지않을 만큼의 조금 다른 평가의 기준을 제시해야한다고 생각한다.#@문장구분# 이렇게  평가는 객관적이리고 생각하지만 가끔 이 객관적인 평가의 기준을 무시해버리는 사람들이 있다.#@문장구분# 예를들면 정치인들이나 유명하고 돈 많은 사람들의 자식들은 돈을 더 많이 주고 다른 유명한 좋은 대학을 부정행위로 많이 들어간다고 많은 뉴스에서 보았다.#@문장구분# 이렇게 이런 일들은 그 평가를 무시하는 것 뿐만 아니라 우리들이 만들었으며 그 평가의 기준에 맞게 도전하기위해 열심히 노력해온 사람들의 그동안의 과정을 다 무시하는 것과 같다고 나는 생각한다.#@문장구분# 나는 이런 일들이 아직까지 일어나고 있다고 생각한다.#@문장구분# 이런 일들이 더이상 일어나지않도록 뭔가 정부에서나 단체에서나 힘을 허야한다고 생각한다.#@문장구분# 이러한 일들이 계속해서 일어날 경우엔 지금같은 이런 평가들을 모든 사람들이 무시해버리는 상황이 올 수 있다.#@문장구분# 그런 상황은 피하기위해서라도 그런 부정의한 일들이 더이상 일어나는 것을 막아야한다고 나는 생각한다.#@문장구분# 지금 우리 곁에 있는 거의 모든 평가들이 나는 공정하고 객관적인 평가라고 생각하고있다.#@문장구분#",
      "paragraph_len": 1069,
      "paragraph_id": "001"
    }
  ],
  "score": {
    "paragraph_score": [
      {
        "paragraph_scoreT": [
          2,
          2.8,
          2.2
        ],
        "paragraph_scoreT_detail": {
          "paragraph_scoreT_exp": [
            [
              2,
              2,
              2
            ],
            [
              2,
              3,
              3
            ],
            [
              3,
              2,
              2
            ]
          ]
        },
        "paragraph_scoreT_avg": 2.3333333,
        "paragraph_id": "001"
      }
    ],
    "essay_scoreT": [
      20.9,
      27.3,
      24.300001
    ],
    "essay_scoreT_avg": 24.166666,
    "essay_scoreT_detail": {
      "essay_scoreT_org": [
        [
          2,
          0,
          3,
          2
        ],
        [
          3,
          0,
          2,
          3
        ],
        [
          3,
          0,
          2,
          3
        ]
      ],
      "essay_scoreT_cont": [
        [
          3,
          1,
          2,
          2
        ],
        [
          3,
          2,
          3,
          3
        ],
        [
          3,
          2,
          3,
          2
        ]
      ],
      "essay_scoreT_exp": [
        [
          2,
          2,
          2
        ],
        [
          2,
          3,
          3
        ],
        [
          3,
          2,
          2
        ]
      ]
    }
  },
  "student": {
    "date": "2021.12.22",
    "student_educated": true,
    "student_grade": "고등_1학년",
    "location": "054",
    "student_grade_group": "고등",
    "student_reading": 2
  },
  "rubric": {
    "essay_grade": "고등_1학년",
    "organization_weight": {
      "org_paragraph": 0,
      "org": 3,
      "org_essay": 6,
      "org_coherence": 3,
      "org_quantity": 1
    },
    "essay_type": "주장",
    "content_weight": {
      "con_clearance": 3,
      "con_novelty": 3,
      "con": 4,
      "con_prompt": 1,
      "con_description": 3
    },
    "essay_main_subject": "평가에 대한 본인의 의견",
    "expression_weight": {
      "exp_style": 4,
      "exp_grammar": 2,
      "exp_vocab": 4,
      "exp": 3
    }
  },
  "correction": [],
  "info": {
    "essay_id": "ESSAY_78601",
    "essay_prompt": " 평가는 일반적으로 평가대상의 장점과 가치를 결정하는 과정을 말합니다.\n\n 세상에는 무수히 많은 평가 방법들이 존재하고 그 주제도 다양합니다.\n\n 우리나라의 경우는 어떨까요? 중간, 기말시험이 있고 미술과 같은 기본기와 창의성을 평가하는 과목도 있습니다. 체육과 같은 신체적인 능력을 평가하는 과목도 있지요. 모두 적절한 기준이 있으며 매우 객관적인 기준이라고 말합니다.\n\n 하지만 여러분이 생각하기에 모든 학생을 동일한 평가지표에 맞추어 평가하는 것이 올바른 방식이라고 생각하나요?\n\n 사람마다 특성이 존재하듯 각각의 목표 또한 다르고 성과도 다를 수 있습니다. 특정 기준에 의존해 본인의 성과도를 평가하는 것이 바르다고 생각되나요?\n\n 현재의 평가 방식은 최고의 객관적인 평가 방식이라고 생각하신다면 그 이유를 작성해주세요. 아니라면 어떤 평가 기준이 추가되어야 하고 또한 어떤 생각으로 평가가 이루어졌으면 좋겠는지 서술해 주세요.",
    "essay_type": "주장",
    "essay_level": "2",
    "essay_len": 789,
    "essay_main_subject": "평가에 대한 본인의 의견"
  }
}