{
  "paragraph": [
    {
      "paragraph_txt": "우리나라의 평가 종류에는 절대평가와 상대평가가 있다.#@문장구분# 나는 전적으로 절대평가에 동의하는 입장이다.#@문장구분# 일단 절대평가는 학생들이 성취해야할 성취 목표에의 도달 여부를 확인하여, 학생들이 목표에 얼마나 도달하였으며, 달성된 목표는 무엇이고 미달한 목표는 무엇인지에 대한 정보를 제공해 줄 수 있다.#@문장구분# 또한 절대평가는 학습자가 무엇을 알고 무엇을 모르는지에 대한 직접적인 정보를 제공해 주므로 학생의 학습 결손을 파악하여 이를 교정할 수 있도록 해주고, 학생들의 목표 달성도에 대한 정보는 교수학습 프로그램이 어느 정도 효과가 있으며 어떤 문제점이 있는지를 파악할 수 있도록 하여 교사가 교수학습 활동의 개선에 도움을 줄 수 있다.#@문장구분# 또 학생들 간의 석차보다는 목표의 성취를 강조하기 때문에 경쟁보다는 협동적인 학습 분위기를 조장하여 건전한 학습 분위기를 조성하는 데 도움을 줄 수 있다.#@문장구분# 마지막으로는 절대평가는 대부분의 학생들이 목표에 도달하는 것을 목표로 하기 때문에 보다 많은 학생들에게 목표 도달로 인한 성취감을 제공해 줄 수 있다.#@문장구분# 이러한 이유들로 나는 지나친 경쟁을 인해 학습자들의 긴장, 불안, 스트레스 등 정서적으로 부정적인 영향을 끼칠 수 있고, 상대평가는 학생들 간의 상대적 위치에 대한 정보만 제공하여 학생 개개인의 학습 결손을 파악하여 교정이나 보충학습을 실시할 수 없으며, 교수 학습 활동에서 구체적으로 개선되어야 할 부분이 무엇인지에 대한 정보도 제공해 주지 못하는 상대평가보다는 석차에 연연하지 않고 목표의 성취에 도움을 줄 수 있는 절대평가를 더 지지한다.#@문장구분# 학생들을 절대평가를 통해서 과연경쟁을 하는 것 보다는 자신의 목표를 세우고 그 목표를 달성해 나가는 것에서 책임감을 배워나갈 수 있고 이런 절대평가가 사회에서는 상대평가보다 더 요기나게 사용될 수 있을거라고 생각한다.#@문장구분# 아무튼 나는 너무 성적에 연연하는 상대평가보다는 인생을 살아가기 더 편해질 수 있는 절대평가가 우리나라의 평가로 자리 잡았으면 하는 마음이 있다.#@문장구분#",
      "paragraph_len": 1152,
      "paragraph_id": "001"
    }
  ],
  "score": {
    "paragraph_score": [
      {
        "paragraph_scoreT": [
          3,
          3,
          3
        ],
        "paragraph_scoreT_detail": {
          "paragraph_scoreT_exp": [
            [
              3,
              3,
              3
            ],
            [
              3,
              3,
              3
            ],
            [
              3,
              3,
              3
            ]
          ]
        },
        "paragraph_scoreT_avg": 3,
        "paragraph_id": "001"
      }
    ],
    "essay_scoreT": [
      28.8,
      27.599998,
      30
    ],
    "essay_scoreT_avg": 28.799997,
    "essay_scoreT_detail": {
      "essay_scoreT_org": [
        [
          3,
          0,
          3,
          3
        ],
        [
          3,
          0,
          3,
          3
        ],
        [
          3,
          0,
          3,
          3
        ]
      ],
      "essay_scoreT_cont": [
        [
          3,
          2,
          3,
          3
        ],
        [
          3,
          2,
          3,
          3
        ],
        [
          3,
          3,
          3,
          3
        ]
      ],
      "essay_scoreT_exp": [
        [
          3,
          3,
          3
        ],
        [
          3,
          2,
          3
        ],
        [
          3,
          3,
          3
        ]
      ]
    }
  },
  "student": {
    "date": "2021.12.27",
    "student_educated": true,
    "student_grade": "고등_1학년",
    "location": "063",
    "student_grade_group": "고등",
    "student_reading": 2
  },
  "rubric": {
    "essay_grade": "고등_1학년",
    "organization_weight": {
      "org_paragraph": 0,
      "org": 3,
      "org_essay": 6,
      "org_coherence": 3,
      "org_quantity": 1
    },
    "essay_type": "주장",
    "content_weight": {
      "con_clearance": 3,
      "con_novelty": 3,
      "con": 4,
      "con_prompt": 1,
      "con_description": 3
    },
    "essay_main_subject": "평가에 대한 본인의 의견",
    "expression_weight": {
      "exp_style": 4,
      "exp_grammar": 2,
      "exp_vocab": 4,
      "exp": 3
    }
  },
  "correction": [],
  "info": {
    "essay_id": "ESSAY_79789",
    "essay_prompt": " 평가는 일반적으로 평가대상의 장점과 가치를 결정하는 과정을 말합니다.\n\n 세상에는 무수히 많은 평가 방법들이 존재하고 그 주제도 다양합니다.\n\n 우리나라의 경우는 어떨까요? 중간, 기말시험이 있고 미술과 같은 기본기와 창의성을 평가하는 과목도 있습니다. 체육과 같은 신체적인 능력을 평가하는 과목도 있지요. 모두 적절한 기준이 있으며 매우 객관적인 기준이라고 말합니다.\n\n 하지만 여러분이 생각하기에 모든 학생을 동일한 평가지표에 맞추어 평가하는 것이 올바른 방식이라고 생각하나요?\n\n 사람마다 특성이 존재하듯 각각의 목표 또한 다르고 성과도 다를 수 있습니다. 특정 기준에 의존해 본인의 성과도를 평가하는 것이 바르다고 생각되나요?\n\n 현재의 평가 방식은 최고의 객관적인 평가 방식이라고 생각하신다면 그 이유를 작성해주세요. 아니라면 어떤 평가 기준이 추가되어야 하고 또한 어떤 생각으로 평가가 이루어졌으면 좋겠는지 서술해 주세요.",
    "essay_type": "주장",
    "essay_level": "2",
    "essay_len": 972,
    "essay_main_subject": "평가에 대한 본인의 의견"
  }
}