{
  "paragraph": [
    {
      "paragraph_txt": "우리나라에는 현재 많은 수의 외국인 미국, 프랑스, 베트남, 중국 등 다양한 국적을 가진 사람들이 있습니다. #@문장구분#제 주위만 살펴보아도 동남아시아에서 온 여성들을 마을 곳곳에서 볼수있습니다#@문장구분# 놀이터에서 아이들과 시간을 보내는 모습도쉽게 볼수 있습니다.#@문장구분# 뿐만 아니라 공사현장등을 지나다보면 외모적으로 외국 사람이라 생각되는 사람들이 열심히 일하는 모습을 볼수 있습니다.#@문장구분# 현재 우리나라에는 많은 외국인들이 유입되어 생활하고 있으며 그들은 한국사람과 결혼하여 가정을 꾸리고 우리와 똑같이 일하고 먹고 자며 행복을 찾아서 살고 있습니다.#@문장구분# 그런데 이중에서 우리보다 못한다고 생각되는 사람에 대한 차별이 많이 존재합니다. #@문장구분#우리나라에 유입된 외국인들이 건설 노동자나, 농업, 공장 등 힘든 육체노동 위주의 분야에 일을하는 사람들이 대다수로 유입이 되었다고 생각하여 외국인들을 모두 못살고 불쌍한 사람으로 보는 사람들이 많이 있습니다.#@문장구분# 하지만 이들은 우리나라에 돈을 벌러 오긴했지만 그들의 나라에서는 사회적 지위가 있는 사람도 있으며 건물주가 있기도 합니다. #@문장구분#본인의 나라보다 조금더 쉽게 많이 돈을 벌기 위해 멀리까지 와서 고생을 하고 있는 것입니다.#@문장구분# 이들에 대해 이슬람문화를 가지고 있는 식습관에 대해 비하를 한다거나 그들의 생김새에 대해 또는 그들의 종교에 대해 불만을 제기하고 그들에게 차별을 하는 사람들이 많이 있습니다. #@문장구분#그들에게 인종차별은 나쁘다는 것을 캠페인과 이슈를 통해 지속적으로 알려주어야 합니다. #@문장구분#언론이나 광고등을 통해 이런 이런 행동은 인종차별적 행동임을 많은 사람들이 알수 있도록 알려야 한다고 생각합니다. #@문장구분#뿐만아니라 인종차별에 대한 책임을 이제까지 본인의 양심에 따른 도덕적 책임으로 돌렸다면 이보다. 더 확실한 인종차별 금지법을 만들어 홍보해야 합니다.",
      "paragraph_len": 1111,
      "paragraph_id": "001"
    }
  ],
  "score": {
    "paragraph_score": [
      {
        "paragraph_scoreT": [
          2.8,
          3,
          3
        ],
        "paragraph_scoreT_detail": {
          "paragraph_scoreT_exp": [
            [
              2,
              3,
              3
            ],
            [
              3,
              3,
              3
            ],
            [
              3,
              3,
              3
            ]
          ]
        },
        "paragraph_scoreT_avg": 2.9333334,
        "paragraph_id": "001"
      }
    ],
    "essay_scoreT": [
      29.4,
      28.2,
      27
    ],
    "essay_scoreT_avg": 28.199999,
    "essay_scoreT_detail": {
      "essay_scoreT_org": [
        [
          3,
          3,
          3,
          3
        ],
        [
          2,
          2,
          3,
          3
        ],
        [
          2,
          2,
          3,
          3
        ]
      ],
      "essay_scoreT_cont": [
        [
          3,
          3,
          3,
          3
        ],
        [
          3,
          3,
          3,
          3
        ],
        [
          2,
          3,
          3,
          3
        ]
      ],
      "essay_scoreT_exp": [
        [
          2,
          3,
          3
        ],
        [
          3,
          3,
          3
        ],
        [
          3,
          3,
          3
        ]
      ]
    }
  },
  "student": {
    "date": "2021.12.10",
    "student_educated": true,
    "student_grade": "고등_2학년",
    "location": "063",
    "student_grade_group": "고등",
    "student_reading": 1
  },
  "rubric": {
    "essay_grade": "고등_2학년",
    "organization_weight": {
      "org_paragraph": 3,
      "org": 3,
      "org_essay": 3,
      "org_coherence": 3,
      "org_quantity": 1
    },
    "essay_type": "주장",
    "content_weight": {
      "con_clearance": 3,
      "con_novelty": 3,
      "con": 4,
      "con_prompt": 1,
      "con_description": 3
    },
    "essay_main_subject": "인종차별에 대한 본인의 생각",
    "expression_weight": {
      "exp_style": 4,
      "exp_grammar": 2,
      "exp_vocab": 4,
      "exp": 3
    }
  },
  "correction": [],
  "info": {
    "essay_id": "ESSAY_57405",
    "essay_prompt": " 최근 중국발 코로나바이러스로 인해 동양인에 대한 혐오감을 나타내는 서양인들이 늘어나고 있습니다. 그로 인해, 매스컴이나 SNS에서 인종차별을 받아 힘들어하는 동양인들을 자주 목격할 수 있습니다.\n\n 하지만, 최근에만 인종차별이 존재했을까요? 아닙니다. 아주 오래전부터 다른 인종에 대한 차별은 있었습니다.\n\n 우리나라에서는 인종차별을 안 하고 있을까요? 아닙니다. 우리나라에서도 알게 모르게 많은 부분에서 다른 국가의 사람들에 대해 인종차별을 하고 있으며 누군가에게 상처를 주고 있습니다.\n\n 즉, 인종차별은 누군가의 문제가 아니라 우리 모두의 문제입니다.\n\n 여러분들은 인종차별을 당해보신 적 있나요? 인종차별을 하는 사람들에 대해 어떻게 생각하시나요? 왜 생겨났다고 생각하나요? 인종차별을 근절하기 위해서는 어떻게 해야 할까요? 인종차별을 하는 사람들에 대해 전 세계적으로 처벌의 강도를 높여야 할까요?\n\n 인종차별을 하는 사람들에 대한 본인의 생각을 작성하고 인종차별은 해결할 수 있는 문제일지 아니면 해결하지 어려운 문제일지 작성해주세요. 또한, 그렇게 생각한 이유와 본인이 생각한 해결방법 혹은 해결할 수 없다면 왜 해결할 수 없다고 생각하는지 작성해주세요.",
    "essay_type": "주장",
    "essay_level": "1",
    "essay_len": 871,
    "essay_main_subject": "인종차별에 대한 본인의 생각"
  }
}