{
  "paragraph": [
    {
      "paragraph_txt": "코로나19 백신의 지적재산권을 일시적으로 면제하는 '특허권 유예'를 두고 각국 정부와 제약사들간의 의견이 엇갈리고 있는 상황이다.#@문장구분# 국제기구와 미국, 개발도상국 등 일부 국가들은 백신을 '공공재'로 보고 지식재산권 면제를 주장해왔다.#@문장구분# 반면 백신 개발을 장려하기 위해 제약사들의 지식재산권을 보호하고 대신 백신의 생산과 수출을 늘려야 한다는 주장도 있다.#@문장구분# 나는 이런 상황에서 백신의 지적재산권을  일시적으로라도 면제해야 한다고 생각한다.#@문장구분# 가장 먼저 개발도상국과 같이 백신 개발에 대한 기술이나 환경이 부족한 나라의 경우 지식재산권이 보호된다고 하는 가정하에 백신을 보급받기 더 어려운 상황에 쳐해질 수 있다.#@문장구분# 의약품 개발 및 보급에 어려움을 겪는 인도, 남아프리카공화국, 개발도상국 등은 특허권 유예를 지지하고 있다.#@문장구분# 코로나19 팬데믹 상황에서 모든 사람에게 공평하게 백신이 보급돼야 하는 만큼\n '공공재' 성향이 크다는 이유다.#@문장구분# 걱정되는 점도 물론 있긴 하다.#@문장구분# 반대측에서 주장하는 백신 개발 의욕 저하가 가장 큰 걱정거리 중 하나이다.#@문장구분# 하지만 급한 불을 끄자는 의미에서 '일시적으로' 면제를 하자는 입장이기 때문에 백신 개발사 입장에서도 조금 더 인류애적 의미를 살려서 허가해줬으면 하는 마음이 크다.#@문장구분# 특허권이 보호되어도 백신을 제조할 수 있는 기술의 인프라를 가진 곳은 많지 않아 백신 공급이 늘 확률이 기하급수적으로 낮다.#@문장구분# 그렇기 때문에 일시적으로라도 면제하여 만들 수 있는 곳이라도 만들면서\n 일시적이나마 공급을 더욱 늘려야 한다고 생각한다.#@문장구분# 이런 일시적인 상황이라도 공급적인 부분에서 수요가 늘어난다면 심리적으로나 현실적으로 마음이 편해지지 않을까?#@문장구분# 추후 이 시기가 끝나게 되면 그때 보장을 해달라고 해도 아무도 막지 않을 것이라고 생각한다.#@문장구분# 부디 좋은 선택을 해서 많은 인류들에게 도움이 됐으면 하는 생각이다.#@문장구분#",
      "paragraph_len": 1205,
      "paragraph_id": "001"
    }
  ],
  "score": {
    "paragraph_score": [
      {
        "paragraph_scoreT": [
          3,
          2.4,
          2
        ],
        "paragraph_scoreT_detail": {
          "paragraph_scoreT_exp": [
            [
              3,
              3,
              3
            ],
            [
              2,
              3,
              2
            ],
            [
              2,
              2,
              2
            ]
          ]
        },
        "paragraph_scoreT_avg": 2.4666667,
        "paragraph_id": "001"
      }
    ],
    "essay_scoreT": [
      30,
      23.6,
      23.099998
    ],
    "essay_scoreT_avg": 25.566666,
    "essay_scoreT_detail": {
      "essay_scoreT_org": [
        [
          3,
          3,
          3,
          3
        ],
        [
          3,
          2,
          2,
          3
        ],
        [
          2,
          2,
          2,
          3
        ]
      ],
      "essay_scoreT_cont": [
        [
          3,
          3,
          3,
          3
        ],
        [
          3,
          2,
          2,
          2
        ],
        [
          3,
          2,
          3,
          3
        ]
      ],
      "essay_scoreT_exp": [
        [
          3,
          3,
          3
        ],
        [
          2,
          3,
          2
        ],
        [
          2,
          2,
          2
        ]
      ]
    }
  },
  "student": {
    "date": "2021.10.21",
    "student_educated": true,
    "student_grade": "고등_2학년",
    "location": "02",
    "student_grade_group": "고등",
    "student_reading": 1
  },
  "rubric": {
    "essay_grade": "고등_2학년",
    "organization_weight": {
      "org_paragraph": 3,
      "org": 3,
      "org_essay": 3,
      "org_coherence": 3,
      "org_quantity": 1
    },
    "essay_type": "주장",
    "content_weight": {
      "con_clearance": 3,
      "con_novelty": 3,
      "con": 4,
      "con_prompt": 1,
      "con_description": 3
    },
    "essay_main_subject": "지적 재산권에 대한 본인의 생각 작성",
    "expression_weight": {
      "exp_style": 4,
      "exp_grammar": 2,
      "exp_vocab": 4,
      "exp": 3
    }
  },
  "correction": [],
  "info": {
    "essay_id": "ESSAY_37937",
    "essay_prompt": " 지적재산권이란 특허권, 실용신안권, 상표권, 디자인권을 총칭하는 개념으로 지적재산권법은 정보생산자에게 일정기간 동안 시장에서의 배타적 지위를 부여하고 있습니다.\n\n 즉, 지적 재산권은 특정 사람이 생각/창작해낸 것을 다른사람들의 무분별한 이용으로 부터 지켜주는 것입니다. 이러한 지적재산권은 개인 혹은 회사 더 나아가 나라에 귀속될 수 있습니다.\n\n 다만, 코로나 시대인 요즘 전 세계적인 재앙인 코로나를 물리칠 수 있는 백신에 대한 지적재산권을 자유롭게 풀어야한다는 의견이 계속해서 나오고 있습니다. \n\n 지적 재산권이 있는 제약회사가 있는 나라의 경우 백신이 충분하며 백신을 맞는 것이 선택의 문제인 반면, 그렇지 못한 나라는 백신을 맞고 싶어도 맞지 못하는 사람들이 많고 항체가 없어 사망하는 경우도 비교적 많이 때문입니다.\n\n 전 세계의 문제를 해결하기 위해 수 많은 돈을 들여 개발한 백신의 지적재산권을 공유하는 것이 의무화 되어야 할까요? 아니면 회사의 선택에 맡겨야할까요? 보상은 어떻게 해야할까요? \n\n 전 세계에 무상으로 공개 해야 한다는 의견이 있을 수도 있고 무상으로 공개한 회사의 경우 팬더믹 상황이 종결 된 후 따로 보상을 해주어야 한다는 의견도 있을 겁니다. 지적재산권의 변하지 않는 신뢰를 위해서라도 무상 공개는 절대 있어서는 안된다는 의견도 있을 것입니다.\n\n 지금까지도 펜더믹 상황에서 코로나19 백신에 대한 특허권을 보장해야 하느냐 풀어야 하느냐 의견이 분분합니다. 이에 대한 자신의 주장을 작성해주세요. 또한, 그렇게 생각한 이유도 설명해주세요.",
    "essay_type": "주장",
    "essay_level": "1",
    "essay_len": 905,
    "essay_main_subject": "지적 재산권에 대한 본인의 생각 작성"
  }
}