{
  "paragraph": [
    {
      "paragraph_txt": "나는 평가기준이 객관적인 평가 방식으로 행해져야 된다고 생각한다.#@문장구분# 일단 주관적인 평가 방식으로 간다면 사람마다 관점이 다르기 때문에 출제자와 풀이자의 갈등이 생길 것이다.#@문장구분# 그렇기에 그 문제지는 논란이 생기게 될 것이고 누구의 관점이 맞는지 판단도 못하기 때문에 확실히 처리할 수가 없다.#@문장구분# 나말고도 객관적인 평가 방식으로 처리되어야 하는 관점을 가진 사람을 찾아봤는데 중간고사를 없앨 경우 생기는 문제점은 우선 성적 산출 방식의 어려움과 혼란이 올 것이라고 한다.#@문장구분# 중간고사를 없애면 새로운 평가 기준을 도입하거나, 쪽지시험을 늘리고 기말고사의 비중을 높여야 하는데, 위의 두 방법은 모두 바람직하지 않다는데 그 이유는 새로운 평가 기준을 도입한다면 그에 적응하지 못하는 학생들은 피해를 보고 시험을 여러 번 치거나 기말고사의 비중을 높인다면 학생들의 학업 부담감은 이전보다 더 커질 것이기 때문이라고 한다.#@문장구분# 나역시도 똑같이 생각한다.#@문장구분# 성적 산출 방식이 확실히 되지 않을 것이라고 생각한다.#@문장구분# 만약 주관적인 평가방식으로 행해진다면 다른 평가요소들의 비중이 증가할 수밖에 없는데, 일련의 독후감이나 레포트, 조별과제 등은 학업성취도를 잘 나타내주는 요소는 아니며 객관적인 평가가 될 수 없다고 생각하기 때문이다.#@문장구분# 초등학교와 중학교 그리고 고등학교를 통해 우리는 객관적인 평가 방식인 중간, 기말고사 체제에 익숙해졌다.#@문장구분# 익숙한 체제를 바꾼다면 혼란은 자명하며, 객관적인 평가기준을 없애는데서 오는 학생들의 불만도 상상 이상일 것이다.#@문장구분# 그렇기 때문에 평가 기준은 객관적인 방식으로 행해져야한다고 생각이 든다.#@문장구분#",
      "paragraph_len": 1002,
      "paragraph_id": "001"
    }
  ],
  "score": {
    "paragraph_score": [
      {
        "paragraph_scoreT": [
          2.8,
          3,
          2.6
        ],
        "paragraph_scoreT_detail": {
          "paragraph_scoreT_exp": [
            [
              2,
              3,
              3
            ],
            [
              3,
              3,
              3
            ],
            [
              3,
              2,
              3
            ]
          ]
        },
        "paragraph_scoreT_avg": 2.8,
        "paragraph_id": "001"
      }
    ],
    "essay_scoreT": [
      26.3,
      28.8,
      23.7
    ],
    "essay_scoreT_avg": 26.266668,
    "essay_scoreT_detail": {
      "essay_scoreT_org": [
        [
          3,
          0,
          3,
          2
        ],
        [
          3,
          0,
          3,
          3
        ],
        [
          2,
          0,
          2,
          3
        ]
      ],
      "essay_scoreT_cont": [
        [
          3,
          2,
          2,
          2
        ],
        [
          3,
          2,
          3,
          3
        ],
        [
          3,
          2,
          3,
          2
        ]
      ],
      "essay_scoreT_exp": [
        [
          2,
          3,
          3
        ],
        [
          3,
          3,
          3
        ],
        [
          3,
          2,
          3
        ]
      ]
    }
  },
  "student": {
    "date": "2021.12.14",
    "student_educated": true,
    "student_grade": "고등_1학년",
    "location": "054",
    "student_grade_group": "고등",
    "student_reading": 3
  },
  "rubric": {
    "essay_grade": "고등_1학년",
    "organization_weight": {
      "org_paragraph": 0,
      "org": 3,
      "org_essay": 6,
      "org_coherence": 3,
      "org_quantity": 1
    },
    "essay_type": "주장",
    "content_weight": {
      "con_clearance": 3,
      "con_novelty": 3,
      "con": 4,
      "con_prompt": 1,
      "con_description": 3
    },
    "essay_main_subject": "평가에 대한 본인의 의견",
    "expression_weight": {
      "exp_style": 4,
      "exp_grammar": 2,
      "exp_vocab": 4,
      "exp": 3
    }
  },
  "correction": [],
  "info": {
    "essay_id": "ESSAY_78618",
    "essay_prompt": " 평가는 일반적으로 평가대상의 장점과 가치를 결정하는 과정을 말합니다.\n\n 세상에는 무수히 많은 평가 방법들이 존재하고 그 주제도 다양합니다.\n\n 우리나라의 경우는 어떨까요? 중간, 기말시험이 있고 미술과 같은 기본기와 창의성을 평가하는 과목도 있습니다. 체육과 같은 신체적인 능력을 평가하는 과목도 있지요. 모두 적절한 기준이 있으며 매우 객관적인 기준이라고 말합니다.\n\n 하지만 여러분이 생각하기에 모든 학생을 동일한 평가지표에 맞추어 평가하는 것이 올바른 방식이라고 생각하나요?\n\n 사람마다 특성이 존재하듯 각각의 목표 또한 다르고 성과도 다를 수 있습니다. 특정 기준에 의존해 본인의 성과도를 평가하는 것이 바르다고 생각되나요?\n\n 현재의 평가 방식은 최고의 객관적인 평가 방식이라고 생각하신다면 그 이유를 작성해주세요. 아니라면 어떤 평가 기준이 추가되어야 하고 또한 어떤 생각으로 평가가 이루어졌으면 좋겠는지 서술해 주세요.",
    "essay_type": "주장",
    "essay_level": "2",
    "essay_len": 782,
    "essay_main_subject": "평가에 대한 본인의 의견"
  }
}