{
  "paragraph": [
    {
      "paragraph_txt": "우리는 매번 평가를 거치고 그에 따른 자격이 부여되며 그 부여된 자격에 따라 인생이 바뀐다.#@문장구분# 모든 사람이 만족할 수 있는 평가기준이란 없다고 생각합니다. #@문장구분#하지만 나는 이것은 개인의 노력에 따라 인정을 받는 아주 공평한 방법이라고 생각한다. #@문장구분#또한 평가기준은 모든 사람에게 동일하게 적용되어야 하는 부분이라고 생각하는 바입니다.#@문장구분#일단 중간고사와 기말고사 같은 시험들. 이것은 공부를 더 열심히 하는 학생이 시험성적을 더 잘 받는 것이다.#@문장구분# 개개인 마다 평가기준이 다 다르고 다 다르게 적용된다면 그 각자 다른 기준들을 만드는 것도 주관적이라고 생각됩니다.#@문장구분# 이보다 더 좋은 평가 방법이 있겠는가.#@문장구분# 물론 운동과 미술같은 특성화된 부분에서는 적절한 기준이 있다면 그것에 따르는 것은 나쁘지 않은 방법이지만 일반적으로 우리가 평가 받는 공부에 있어서는 모두에게 동일한 기준을 적용하여 평가하는 것이 맞다.#@문장구분# 동일한 평가 기준에 맞추어서 자신을 변화시키는 것이 바로 노력과 열정이라고 저는 생각합니다. #@문장구분#그러니 당연히 남들보다 노는시간도 줄이고 자는 시간도 줄이고 그랬던 사람이 성적을 잘받고 좋은 대학을 가고 좋은 직장을 가지는 것이 차별이아니라 올바른 평가 방법이다. . #@문장구분#물론 사람들은 다다른 특성들을 가지고 있기 때문에 모두 만족할 수는 없지만 자신에게 유리한 평가기준을 찾아서 그 기준에 맞추어서 한다면 유리해질 수 있고 플러스 점수를 받을 수 있다고 생각하는 바입니다.#@문장구분# 그러니 우리나라의 시험평가 방법인 모든 평가기준을 동등하게 두고 성적을 매기는 이런 방식은 노력한만큼의 평가 등급과 노력한 만큼의 인생을 가질 수 있는 아주 공정하다고 생각한다.#@문장구분#",
      "paragraph_len": 1044,
      "paragraph_id": "001"
    }
  ],
  "score": {
    "paragraph_score": [
      {
        "paragraph_scoreT": [
          2,
          2.4,
          2.4
        ],
        "paragraph_scoreT_detail": {
          "paragraph_scoreT_exp": [
            [
              2,
              2,
              2
            ],
            [
              2,
              3,
              2
            ],
            [
              2,
              2,
              3
            ]
          ]
        },
        "paragraph_scoreT_avg": 2.2666667,
        "paragraph_id": "001"
      }
    ],
    "essay_scoreT": [
      20.3,
      23.6,
      24.3
    ],
    "essay_scoreT_avg": 22.733332,
    "essay_scoreT_detail": {
      "essay_scoreT_org": [
        [
          2,
          0,
          2,
          3
        ],
        [
          2,
          0,
          2,
          2
        ],
        [
          2,
          0,
          2,
          3
        ]
      ],
      "essay_scoreT_cont": [
        [
          2,
          2,
          2,
          2
        ],
        [
          3,
          3,
          2,
          2
        ],
        [
          3,
          2,
          3,
          3
        ]
      ],
      "essay_scoreT_exp": [
        [
          2,
          2,
          2
        ],
        [
          2,
          3,
          2
        ],
        [
          2,
          2,
          3
        ]
      ]
    }
  },
  "student": {
    "date": "2021.12.25",
    "student_educated": true,
    "student_grade": "고등_1학년",
    "location": "054",
    "student_grade_group": "고등",
    "student_reading": 2
  },
  "rubric": {
    "essay_grade": "고등_1학년",
    "organization_weight": {
      "org_paragraph": 0,
      "org": 3,
      "org_essay": 6,
      "org_coherence": 3,
      "org_quantity": 1
    },
    "essay_type": "주장",
    "content_weight": {
      "con_clearance": 3,
      "con_novelty": 3,
      "con": 4,
      "con_prompt": 1,
      "con_description": 3
    },
    "essay_main_subject": "평가에 대한 본인의 의견",
    "expression_weight": {
      "exp_style": 4,
      "exp_grammar": 2,
      "exp_vocab": 4,
      "exp": 3
    }
  },
  "correction": [],
  "info": {
    "essay_id": "ESSAY_78535",
    "essay_prompt": " 평가는 일반적으로 평가대상의 장점과 가치를 결정하는 과정을 말합니다.\n\n 세상에는 무수히 많은 평가 방법들이 존재하고 그 주제도 다양합니다.\n\n 우리나라의 경우는 어떨까요? 중간, 기말시험이 있고 미술과 같은 기본기와 창의성을 평가하는 과목도 있습니다. 체육과 같은 신체적인 능력을 평가하는 과목도 있지요. 모두 적절한 기준이 있으며 매우 객관적인 기준이라고 말합니다.\n\n 하지만 여러분이 생각하기에 모든 학생을 동일한 평가지표에 맞추어 평가하는 것이 올바른 방식이라고 생각하나요?\n\n 사람마다 특성이 존재하듯 각각의 목표 또한 다르고 성과도 다를 수 있습니다. 특정 기준에 의존해 본인의 성과도를 평가하는 것이 바르다고 생각되나요?\n\n 현재의 평가 방식은 최고의 객관적인 평가 방식이라고 생각하신다면 그 이유를 작성해주세요. 아니라면 어떤 평가 기준이 추가되어야 하고 또한 어떤 생각으로 평가가 이루어졌으면 좋겠는지 서술해 주세요.",
    "essay_type": "주장",
    "essay_level": "2",
    "essay_len": 805,
    "essay_main_subject": "평가에 대한 본인의 의견"
  }
}