{
  "paragraph": [
    {
      "paragraph_txt": "제가 생각하는 현 평가방법은 맞지 안다고 생각합니다.#@문장구분# 입시의 평가인 대학수학능력평가, 수능으로 만 평가를 하여 대학을 결정짓고 하는 것은 12년 학업에만 매달리는 대한민국 학생들에겐 너무 가혹한 평가가 아닌가 하는 생각이 듭니다.#@문장구분# 평가대상의 능력 잠재력 가치가 그저 국어.영어.수학에만 치중하여 백분율로 결정짓는 그런 내신방법도 너무 잔인하다.#@문장구분# 무한경쟁만이 거기서 이겨야만 살아남고 내가 원하는 대학을 갈수있다는 현실이 너무 슬픕니다.#@문장구분# 사람에겐 다양한 가치가 있습니다.#@문장구분# 그런데 그저 수능 점수로 대학교 합격 티켓이 주워진다면, 그건 평가를 하기보다는 평균화시키려는 목적에 가까울지도 모른다.#@문장구분# 목표 달성을 위한 과정과, 다양한 가치관들을 존중하는 교육이 먼저가 아닌 몇 점을 맞느냐가 먼저가 되고, 나중에는 내가 무엇을 하고 싶은지도 모르겠는 상황들이 반복됩니다.#@문장구분# 교육의 목표가 그저 수능 점수를 올린 후 대학에 입학하게 만드는 현 입시 상황이라면 수학능력시험은 동일한 기준으로 많은 학생들을 평가하기엔 좋은 평가 방법일지도 모릅니다.#@문장구분# 그러나 앞으로의 사회 속에서 필요한 창의력 높은 인재와 행복 추구를 위한 가치 판단을 위해서는 더욱 다양하고 넓은 기준의 평가가 필요합니다.#@문장구분# 펜데믹 상황 속에서 우리들은 고립된 상황에 놓여있다.#@문장구분# 그만큼 행복 추구를 위한 미래 설계가 중요하다.#@문장구분# 사회가 바뀐 만큼 대학교 입시 평가 기준들도 바뀌어야 한다.#@문장구분# 이 공부가 미래의 실생활에 도움이 확실하게 되는. 어찌 보면 인생에 있어서 길면 긴 시간인 이 시간 동안에 앞으로의 삶에 실질적 도움이 되는 평가와 교육을 해야 합니다.#@문장구분#",
      "paragraph_len": 1047,
      "paragraph_id": "001"
    }
  ],
  "score": {
    "paragraph_score": [
      {
        "paragraph_scoreT": [
          2,
          2.8,
          2
        ],
        "paragraph_scoreT_detail": {
          "paragraph_scoreT_exp": [
            [
              2,
              2,
              2
            ],
            [
              2,
              3,
              3
            ],
            [
              2,
              2,
              2
            ]
          ]
        },
        "paragraph_scoreT_avg": 2.2666667,
        "paragraph_id": "001"
      }
    ],
    "essay_scoreT": [
      24.900002,
      29.4,
      25.8
    ],
    "essay_scoreT_avg": 26.700003,
    "essay_scoreT_detail": {
      "essay_scoreT_org": [
        [
          3,
          0,
          2,
          3
        ],
        [
          3,
          0,
          3,
          3
        ],
        [
          3,
          0,
          3,
          3
        ]
      ],
      "essay_scoreT_cont": [
        [
          2,
          3,
          3,
          3
        ],
        [
          3,
          3,
          3,
          3
        ],
        [
          2,
          3,
          3,
          3
        ]
      ],
      "essay_scoreT_exp": [
        [
          2,
          2,
          2
        ],
        [
          2,
          3,
          3
        ],
        [
          2,
          2,
          2
        ]
      ]
    }
  },
  "student": {
    "date": "2021.12.20",
    "student_educated": true,
    "student_grade": "고등_1학년",
    "location": "044",
    "student_grade_group": "고등",
    "student_reading": 2
  },
  "rubric": {
    "essay_grade": "고등_1학년",
    "organization_weight": {
      "org_paragraph": 0,
      "org": 3,
      "org_essay": 6,
      "org_coherence": 3,
      "org_quantity": 1
    },
    "essay_type": "주장",
    "content_weight": {
      "con_clearance": 3,
      "con_novelty": 3,
      "con": 4,
      "con_prompt": 1,
      "con_description": 3
    },
    "essay_main_subject": "평가에 대한 본인의 의견",
    "expression_weight": {
      "exp_style": 4,
      "exp_grammar": 2,
      "exp_vocab": 4,
      "exp": 3
    }
  },
  "correction": [],
  "info": {
    "essay_id": "ESSAY_71825",
    "essay_prompt": " 평가는 일반적으로 평가대상의 장점과 가치를 결정하는 과정을 말합니다.\n\n 세상에는 무수히 많은 평가 방법들이 존재하고 그 주제도 다양합니다.\n\n 우리나라의 경우는 어떨까요? 중간, 기말시험이 있고 미술과 같은 기본기와 창의성을 평가하는 과목도 있습니다. 체육과 같은 신체적인 능력을 평가하는 과목도 있지요. 모두 적절한 기준이 있으며 매우 객관적인 기준이라고 말합니다.\n\n 하지만 여러분이 생각하기에 모든 학생을 동일한 평가지표에 맞추어 평가하는 것이 올바른 방식이라고 생각하나요?\n\n 사람마다 특성이 존재하듯 각각의 목표 또한 다르고 성과도 다를 수 있습니다. 특정 기준에 의존해 본인의 성과도를 평가하는 것이 바르다고 생각되나요?\n\n 현재의 평가 방식은 최고의 객관적인 평가 방식이라고 생각하신다면 그 이유를 작성해주세요. 아니라면 어떤 평가 기준이 추가되어야 하고 또한 어떤 생각으로 평가가 이루어졌으면 좋겠는지 서술해 주세요.",
    "essay_type": "주장",
    "essay_level": "2",
    "essay_len": 787,
    "essay_main_subject": "평가에 대한 본인의 의견"
  }
}