{
  "paragraph": [
    {
      "paragraph_txt": "코로나19가 전 세계적으로 유행하면서 수많은 사망자와 감염자가 나타났고 이 때문에 코로나19를 예방하기 위한 백신 개발에 전 세계의 제약회사가 몰두한다.#@문장구분# 그 결과 화이자, 아스트라제네카 등 다양한 코로나 백신들이 만들어졌고 많은 사람이 백신 예방 효과를 보고 있다.#@문장구분# 이러한 상황에서 코로나19 백신 특허권 보장에 대한 의견이 분분한데 필자는 코로나19 백신 특허권 보장에 대해 동의하지 않는다.#@문장구분# \n  만약 코로나19 백신에 특허권을 부여한다면 특허 사용료를 지불해야 하기 때문에 국가에서 예산을 많이 들여야 하며 백신의 가격은 수직으로 상승할 것이다.#@문장구분# 그렇게 된다면 국가 차원에서는 백신을 구매하는 것이 몹시 까다로워져 결국 상대적으로 백신 접종자의 수가 크게 감소할 수 있다.#@문장구분# 코로나19 바이러스는 변이에 변이를 거듭하고 치명률도 낮은 편은 아니기 때문에 구매 백신 수가 감소한다면 다시 확진자가 증가하는 등 백신이 나오기 이전의 상황으로 되돌아 갈 수도 있다.#@문장구분# 또한 제약 회사들에게 특허권을 허용한다는 것은 그들에게 독점적인 권리를 허용하는 것으로 이를 허용한다면 특허 사용료를 올리고 백신 유통이 그들에게 유리하게 돌아가도록 시스템이 이루어질 것이고 만약 그렇게 된다면 제약회사들이 사람의 생명과 직결되는 백신을 자신들의 이익을 위해 악용할 수 있다.#@문장구분# \n  코로나19가 거의 종식된 시기도 아니고 세계적으로 코로나 사태를 종식시킬 수 있는 이 중요한 시기에 제약회사에게 특허권을 부여한다면 코로나 종식에 문제가 생길 뿐만 아니라 많은 사람들이 다시 코로나19에 의해 목숨을 잃을 수도 있다.#@문장구분# 따라서 이러한 시기적 상황을 고려해 봤을 때 코로나19 백신 특허권을 보장해주는 것은 옮지 않다고 생각한다.#@문장구분#",
      "paragraph_len": 1022,
      "paragraph_id": "001"
    }
  ],
  "score": {
    "paragraph_score": [
      {
        "paragraph_scoreT": [
          2.8,
          3,
          2
        ],
        "paragraph_scoreT_detail": {
          "paragraph_scoreT_exp": [
            [
              2,
              3,
              3
            ],
            [
              3,
              3,
              3
            ],
            [
              2,
              2,
              2
            ]
          ]
        },
        "paragraph_scoreT_avg": 2.6000001,
        "paragraph_id": "001"
      }
    ],
    "essay_scoreT": [
      24,
      30,
      18.8
    ],
    "essay_scoreT_avg": 24.266668,
    "essay_scoreT_detail": {
      "essay_scoreT_org": [
        [
          2,
          2,
          2,
          2
        ],
        [
          3,
          3,
          3,
          3
        ],
        [
          2,
          1,
          3,
          2
        ]
      ],
      "essay_scoreT_cont": [
        [
          3,
          2,
          3,
          2
        ],
        [
          3,
          3,
          3,
          3
        ],
        [
          2,
          1,
          2,
          2
        ]
      ],
      "essay_scoreT_exp": [
        [
          2,
          3,
          3
        ],
        [
          3,
          3,
          3
        ],
        [
          2,
          2,
          2
        ]
      ]
    }
  },
  "student": {
    "date": "2021.09.03",
    "student_educated": true,
    "student_grade": "고등_2학년",
    "location": "051",
    "student_grade_group": "고등",
    "student_reading": 3
  },
  "rubric": {
    "essay_grade": "고등_2학년",
    "organization_weight": {
      "org_paragraph": 3,
      "org": 3,
      "org_essay": 3,
      "org_coherence": 3,
      "org_quantity": 1
    },
    "essay_type": "주장",
    "content_weight": {
      "con_clearance": 3,
      "con_novelty": 3,
      "con": 4,
      "con_prompt": 1,
      "con_description": 3
    },
    "essay_main_subject": "지적 재산권에 대한 본인의 생각 작성",
    "expression_weight": {
      "exp_style": 4,
      "exp_grammar": 2,
      "exp_vocab": 4,
      "exp": 3
    }
  },
  "correction": [],
  "info": {
    "essay_id": "ESSAY_35179",
    "essay_prompt": " 지적재산권이란 특허권, 실용신안권, 상표권, 디자인권을 총칭하는 개념으로 지적재산권법은 정보생산자에게 일정기간 동안 시장에서의 배타적 지위를 부여하고 있습니다.\n\n 즉, 지적 재산권은 특정 사람이 생각/창작해낸 것을 다른사람들의 무분별한 이용으로 부터 지켜주는 것입니다. 이러한 지적재산권은 개인 혹은 회사 더 나아가 나라에 귀속될 수 있습니다.\n\n 다만, 코로나 시대인 요즘 전 세계적인 재앙인 코로나를 물리칠 수 있는 백신에 대한 지적재산권을 자유롭게 풀어야한다는 의견이 계속해서 나오고 있습니다. \n\n 지적 재산권이 있는 제약회사가 있는 나라의 경우 백신이 충분하며 백신을 맞는 것이 선택의 문제인 반면, 그렇지 못한 나라는 백신을 맞고 싶어도 맞지 못하는 사람들이 많고 항체가 없어 사망하는 경우도 비교적 많이 때문입니다.\n\n 전 세계의 문제를 해결하기 위해 수 많은 돈을 들여 개발한 백신의 지적재산권을 공유하는 것이 의무화 되어야 할까요? 아니면 회사의 선택에 맡겨야할까요? 보상은 어떻게 해야할까요? \n\n 전 세계에 무상으로 공개 해야 한다는 의견이 있을 수도 있고 무상으로 공개한 회사의 경우 팬더믹 상황이 종결 된 후 따로 보상을 해주어야 한다는 의견도 있을 겁니다. 지적재산권의 변하지 않는 신뢰를 위해서라도 무상 공개는 절대 있어서는 안된다는 의견도 있을 것입니다.\n\n 지금까지도 펜더믹 상황에서 코로나19 백신에 대한 특허권을 보장해야 하느냐 풀어야 하느냐 의견이 분분합니다. 이에 대한 자신의 주장을 작성해주세요. 또한, 그렇게 생각한 이유도 설명해주세요.",
    "essay_type": "주장",
    "essay_level": "1",
    "essay_len": 842,
    "essay_main_subject": "지적 재산권에 대한 본인의 생각 작성"
  }
}