{
  "paragraph": [
    {
      "paragraph_txt": "우리는 어디서든 평가를 받습니다. #@문장구분#그 수많은 곳에서 저는 학교에서 이루어지는 미술의 실기평가에 부적절함을 말해보려고 합니다.#@문장구분# 현재 이루어지는 평가 방식은 많이 부적절한 것 같다고 생각합니다.#@문장구분# 제가 느끼는 미술이라고 하는 것은 개인의 개성과 감성 그리고 더 나아가 창의적인 산출물 이라고 생각 됩니다.#@문장구분#하지만 우리 나라 현재 학교 미술 수행평가는 형편이 없습니다.#@문장구분# 예를 들어 한가지 주제에 대해 이미지화한 그림을 그리는 과제를 할때 화풍이나 기법에 따라 당연히 개개인의 특색이 다를수 밖에 없습니다.#@문장구분# 하지만 여기에서 평가를 하시는 선생님들은 자신의 기준에 너무 많은 영향을 받는거 같습니다.#@문장구분#  정해놓은 기준도 없이 본인의 생각으로만 점수를 부여한다는 것은 너무 우물안 개구리의 사고방식이 아닌가 생각 됩니다.#@문장구분#자기의 개성이 있거나 추상적인 작품은 전혀 좋은 점수를 받지 못하는 것이 현재 학교에서 이루어지고 있는 평가입니다.#@문장구분#  이러한 객관적인 평가 기준에 많은 학생들은 좌절하고 부당하다고 생각합니다. #@문장구분#그러니 우리는 이제 공평하게 평가를 하기위해 기준점을 가지고 평가 해야 한다고 생각 합니다.#@문장구분# 미술의 경우 실기 작품에 점수를 주어야 한다면 평가지표를 만들어 인물화, 경험화 등 명도와 채도는 어느정도 맞추어야 하는지 아니면 주관적인 주제보다 두세개의 작품을 주고 작품을 완성하던 이러한 기준을 제시해 주어야 한다고 생각합니다.#@문장구분# 물론 많은 예체능들도 거기에 합당한 체점 방식과 기준점들을 제시하여  수행평가 하여야 합니다.#@문장구분#  그래야 학생들도 자신의 점수에 불만 제기를 하지 않고 항상 진심으로 최선을 다해 수행평가에 임할 거라고 생각 됩니다.#@문장구분# 그리고 그에 맞게 학생들도 선생님들의 평가에 대해 오해 하지않고 자신의 평가 점수를 받아 들여야 합니다.#@문장구분#",
      "paragraph_len": 1163,
      "paragraph_id": "001"
    }
  ],
  "score": {
    "paragraph_score": [
      {
        "paragraph_scoreT": [
          3,
          2.4,
          2
        ],
        "paragraph_scoreT_detail": {
          "paragraph_scoreT_exp": [
            [
              3,
              3,
              3
            ],
            [
              2,
              2,
              3
            ],
            [
              2,
              2,
              2
            ]
          ]
        },
        "paragraph_scoreT_avg": 2.4666667,
        "paragraph_id": "001"
      }
    ],
    "essay_scoreT": [
      30,
      26.400002,
      28.2
    ],
    "essay_scoreT_avg": 28.200003,
    "essay_scoreT_detail": {
      "essay_scoreT_org": [
        [
          3,
          0,
          3,
          3
        ],
        [
          2,
          0,
          3,
          3
        ],
        [
          3,
          0,
          3,
          3
        ]
      ],
      "essay_scoreT_cont": [
        [
          3,
          3,
          3,
          3
        ],
        [
          3,
          3,
          3,
          3
        ],
        [
          3,
          3,
          3,
          3
        ]
      ],
      "essay_scoreT_exp": [
        [
          3,
          3,
          3
        ],
        [
          2,
          2,
          3
        ],
        [
          2,
          2,
          3
        ]
      ]
    }
  },
  "student": {
    "date": "2021.12.15",
    "student_educated": true,
    "student_grade": "고등_1학년",
    "location": "063",
    "student_grade_group": "고등",
    "student_reading": 2
  },
  "rubric": {
    "essay_grade": "고등_1학년",
    "organization_weight": {
      "org_paragraph": 0,
      "org": 3,
      "org_essay": 6,
      "org_coherence": 3,
      "org_quantity": 1
    },
    "essay_type": "주장",
    "content_weight": {
      "con_clearance": 3,
      "con_novelty": 3,
      "con": 4,
      "con_prompt": 1,
      "con_description": 3
    },
    "essay_main_subject": "평가에 대한 본인의 의견",
    "expression_weight": {
      "exp_style": 4,
      "exp_grammar": 2,
      "exp_vocab": 4,
      "exp": 3
    }
  },
  "correction": [],
  "info": {
    "essay_id": "ESSAY_65998",
    "essay_prompt": " 평가는 일반적으로 평가대상의 장점과 가치를 결정하는 과정을 말합니다.\n\n 세상에는 무수히 많은 평가 방법들이 존재하고 그 주제도 다양합니다.\n\n 우리나라의 경우는 어떨까요? 중간, 기말시험이 있고 미술과 같은 기본기와 창의성을 평가하는 과목도 있습니다. 체육과 같은 신체적인 능력을 평가하는 과목도 있지요. 모두 적절한 기준이 있으며 매우 객관적인 기준이라고 말합니다.\n\n 하지만 여러분이 생각하기에 모든 학생을 동일한 평가지표에 맞추어 평가하는 것이 올바른 방식이라고 생각하나요?\n\n 사람마다 특성이 존재하듯 각각의 목표 또한 다르고 성과도 다를 수 있습니다. 특정 기준에 의존해 본인의 성과도를 평가하는 것이 바르다고 생각되나요?\n\n 현재의 평가 방식은 최고의 객관적인 평가 방식이라고 생각하신다면 그 이유를 작성해주세요. 아니라면 어떤 평가 기준이 추가되어야 하고 또한 어떤 생각으로 평가가 이루어졌으면 좋겠는지 서술해 주세요.",
    "essay_type": "주장",
    "essay_level": "2",
    "essay_len": 864,
    "essay_main_subject": "평가에 대한 본인의 의견"
  }
}