{
  "paragraph": [
    {
      "paragraph_txt": "코로나 바이러스가 전 세계로 퍼진 지 1년이 넘었다. #@문장구분#세계는 갑작스러운 바이러스라는 재앙에 임기응변하지 못하였고 우리의 삶은 마스크를 쓰고 사회적 거리를 두며 소극적인 삶을 살아가는 등 크게 달라졌다.#@문장구분# 코로나 바이러스의 발원지가 우한이라는 중국의 도시에서 발생했다는 구실로 중국인은 물론 동양인에 대한 혐오 범죄가 많이 발생하고 있다.#@문장구분# '동양인'이라는 이유만으로 처음 보는 사람한테까지 혐오가 나타나고 그것이 범죄까지 이어진다는 것이다.#@문장구분# 이는 매우 비상식적이다. #@문장구분#먼저 코로나의 확산으로 나타난 문제들 때문에 그 누군가를 탓하는 것이 애초에 옳지 않다.#@문장구분# 바이러스의 원인이 완전히 밝혀진 것도 아니며 혹여 밝혀졌을지라도 이에 대한 책임을 동양인이라는 집단 속 개개인에게 물을 수는 없다. #@문장구분#코로나에 대한 이유로 동양인에 대한 혐오가 나타난다는 것은 문제 상황의 원인의 대상을 정확하게 파악하고 있지 않다는 것이다. #@문장구분#오히려 이런 혐오는 단순히 코로나의 원인이라는 허위적인 사실을 주장한 채 나타나는 동양인에 대한 인종차별로 봐야한다.#@문장구분# 이는 매우 비인간적인 태도이며 반인륜적인 행위로 질타 받아야 마땅하다.#@문장구분#   ",
      "paragraph_len": 761,
      "paragraph_id": "001"
    },
    {
      "paragraph_txt": "  코로나 사태는 이미 벌어진 일이며 전 세계가 다 같이 힘을 합쳐서 해결해야 할 지구적 문제이다. #@문장구분#하지만 동양인에 대한 차별과 폭력이 계속된다면 우리는 이런 문제를 풀어나가기 매우 어려울 것이며, 미래에 비슷한 상황이 나타난다 해도 이와 비슷한 혐오의 역사가 반복될 것이다. #@문장구분#동양인에 대한 혐오와 차별이 일어나고 있는 것은 현재 매우 비윤리적인 행위이며, 인류 구성원의 천부의 존엄성과 동등하고 양도할 수 없는 권리를 바탕으로 선언된 세계인권선언문의 이념에 위배된다. #@문장구분#혐오 범죄는 지구촌을 제3차 세계대전의 폭력과 살인의 현장으로 만들 잠재력을 가지고 있다. #@문장구분#우리 모두를 위하여 혐오 범죄는 세계의 화합과 평화를 위해서 사라져야 마땅하고 다시는 나타나지 않아야 한다.#@문장구분#",
      "paragraph_len": 474,
      "paragraph_id": "002"
    }
  ],
  "score": {
    "paragraph_score": [
      {
        "paragraph_scoreT": [
          3,
          3,
          2
        ],
        "paragraph_scoreT_detail": {
          "paragraph_scoreT_exp": [
            [
              3,
              3,
              3
            ],
            [
              3,
              3,
              3
            ],
            [
              2,
              2,
              2
            ]
          ]
        },
        "paragraph_scoreT_avg": 2.6666667,
        "paragraph_id": "001"
      },
      {
        "paragraph_scoreT": [
          3,
          3,
          2
        ],
        "paragraph_scoreT_detail": {
          "paragraph_scoreT_exp": [
            [
              3,
              3,
              3
            ],
            [
              3,
              3,
              3
            ],
            [
              2,
              2,
              2
            ]
          ]
        },
        "paragraph_scoreT_avg": 2.6666667,
        "paragraph_id": "002"
      }
    ],
    "essay_scoreT": [
      30,
      30,
      20.699999
    ],
    "essay_scoreT_avg": 26.9,
    "essay_scoreT_detail": {
      "essay_scoreT_org": [
        [
          3,
          3,
          3,
          3
        ],
        [
          3,
          3,
          3,
          3
        ],
        [
          2,
          2,
          2,
          3
        ]
      ],
      "essay_scoreT_cont": [
        [
          3,
          3,
          3,
          3
        ],
        [
          3,
          3,
          3,
          3
        ],
        [
          2,
          2,
          3,
          2
        ]
      ],
      "essay_scoreT_exp": [
        [
          3,
          3,
          3
        ],
        [
          3,
          3,
          3
        ],
        [
          2,
          2,
          2
        ]
      ]
    }
  },
  "student": {
    "date": "2021.09.03",
    "student_educated": true,
    "student_grade": "고등_2학년",
    "location": "051",
    "student_grade_group": "고등",
    "student_reading": 1
  },
  "rubric": {
    "essay_grade": "고등_2학년",
    "organization_weight": {
      "org_paragraph": 3,
      "org": 3,
      "org_essay": 3,
      "org_coherence": 3,
      "org_quantity": 1
    },
    "essay_type": "주장",
    "content_weight": {
      "con_clearance": 3,
      "con_novelty": 3,
      "con": 4,
      "con_prompt": 1,
      "con_description": 3
    },
    "essay_main_subject": "인종차별에 대한 본인의 생각",
    "expression_weight": {
      "exp_style": 4,
      "exp_grammar": 2,
      "exp_vocab": 4,
      "exp": 3
    }
  },
  "correction": [],
  "info": {
    "essay_id": "ESSAY_35725",
    "essay_prompt": " 최근 중국발 코로나바이러스로 인해 동양인에 대한 혐오감을 나타내는 서양인들이 늘어나고 있습니다. 그로 인해, 매스컴이나 SNS에서 인종차별을 받아 힘들어하는 동양인들을 자주 목격할 수 있습니다.\n\n 하지만, 최근에만 인종차별이 존재했을까요? 아닙니다. 아주 오래전부터 다른 인종에 대한 차별은 있었습니다.\n\n 우리나라에서는 인종차별을 안 하고 있을까요? 아닙니다. 우리나라에서도 알게 모르게 많은 부분에서 다른 국가의 사람들에 대해 인종차별을 하고 있으며 누군가에게 상처를 주고 있습니다.\n\n 즉, 인종차별은 누군가의 문제가 아니라 우리 모두의 문제입니다.\n\n 여러분들은 인종차별을 당해보신 적 있나요? 인종차별을 하는 사람들에 대해 어떻게 생각하시나요? 왜 생겨났다고 생각하나요? 인종차별을 근절하기 위해서는 어떻게 해야 할까요? 인종차별을 하는 사람들에 대해 전 세계적으로 처벌의 강도를 높여야 할까요?\n\n 인종차별을 하는 사람들에 대한 본인의 생각을 작성하고 인종차별은 해결할 수 있는 문제일지 아니면 해결하지 어려운 문제일지 작성해주세요. 또한, 그렇게 생각한 이유와 본인이 생각한 해결방법 혹은 해결할 수 없다면 왜 해결할 수 없다고 생각하는지 작성해주세요.",
    "essay_type": "주장",
    "essay_level": "1",
    "essay_len": 938,
    "essay_main_subject": "인종차별에 대한 본인의 생각"
  }
}