{
  "paragraph": [
    {
      "paragraph_txt": "여러분은 평가를 언제 받게되나요?#@문장구분# 저는 저를 비롯한 대한민국의 현재 고등학생들은 수도 없이 매일 매일 평가를 받는다고 생각합니다.#@문장구분# 자세하게 설명해보자면, 우리는 학교에 들어가 출석을 하고, 수업을 들으면서의 과정 속에서도 담당 수업의 교사선생님께 항상 평가를 받고 있습니다.#@문장구분# 예를 들면 수업을 듣는 자세 평가, 수업에 참여하는 태도 평가 등 셀 수도 없이 많은 평가를 받아오고 있습니다.#@문장구분# 그리고 당면적으로, 우리 대한민국의 고등학생들은 마침내 \"수능\"이라는 평가를 받기 위해서 현재도, 미래도 꾸준히 공부하고 있습니다.#@문장구분# 이렇게 우리는 많은 평가를 받고, 평가에서 좋은 성적을 받기 위해서 매일 애쓰고 있습니다.#@문장구분# 그렇다면 혹시 여러분들은 이런 많은 평가를 받으면서 불공평하다고, 혹은 불공정하다고 느꼈던 순간이 있나요?#@문장구분# 아니면 나의 재량을 아직 최대한으로 보여주지 못하고 허무하게 끝나버린 평가를 받은 순간이 있나요?#@문장구분# 혹시 그런 순간을 겪었던 때에 우리가 받는 평가가 객관적이지 않다고 생각한적이 있나요?#@문장구분# 만일 그런적이 있다면, 저는 더더욱 우리를 매일 매일 평가하는 이 평가의 기준은 객관적이지 않다고 생각합니다.#@문장구분# 이 평가의 기준이 객관적이라면, 우리는 매일 받는 평가에 불만이 없어야할거라고 생각합니다.#@문장구분# 하지만 여러분들이 생각하는 것과 마찬가지로 저 또한 이 평가의 기준은 객관적이지 않으며, 그래서 우리를 평가할 \"척도\"가 될 수 없다고 생각합니다.#@문장구분# 그래서 저는 객관적이라고 생각하는 기준을 가진 평가 체제를 없애고 누구나 나의 재량을 고려하고 시험해볼 수 있는 주관적인 평가가 구축되어야한다고 생각합니다.#@문장구분#",
      "paragraph_len": 1049,
      "paragraph_id": "001"
    }
  ],
  "score": {
    "paragraph_score": [
      {
        "paragraph_scoreT": [
          2.8,
          2.8,
          2.8
        ],
        "paragraph_scoreT_detail": {
          "paragraph_scoreT_exp": [
            [
              2,
              3,
              3
            ],
            [
              2,
              3,
              3
            ],
            [
              2,
              3,
              3
            ]
          ]
        },
        "paragraph_scoreT_avg": 2.8,
        "paragraph_id": "001"
      }
    ],
    "essay_scoreT": [
      27.8,
      27.8,
      28.2
    ],
    "essay_scoreT_avg": 27.933334,
    "essay_scoreT_detail": {
      "essay_scoreT_org": [
        [
          3,
          0,
          3,
          3
        ],
        [
          3,
          0,
          3,
          3
        ],
        [
          3,
          0,
          3,
          3
        ]
      ],
      "essay_scoreT_cont": [
        [
          3,
          2,
          2,
          3
        ],
        [
          3,
          2,
          2,
          3
        ],
        [
          3,
          2,
          3,
          3
        ]
      ],
      "essay_scoreT_exp": [
        [
          2,
          3,
          3
        ],
        [
          2,
          3,
          3
        ],
        [
          2,
          3,
          3
        ]
      ]
    }
  },
  "student": {
    "date": "2021.12.14",
    "student_educated": true,
    "student_grade": "고등_1학년",
    "location": "054",
    "student_grade_group": "고등",
    "student_reading": 2
  },
  "rubric": {
    "essay_grade": "고등_1학년",
    "organization_weight": {
      "org_paragraph": 0,
      "org": 3,
      "org_essay": 6,
      "org_coherence": 3,
      "org_quantity": 1
    },
    "essay_type": "주장",
    "content_weight": {
      "con_clearance": 3,
      "con_novelty": 3,
      "con": 4,
      "con_prompt": 1,
      "con_description": 3
    },
    "essay_main_subject": "평가에 대한 본인의 의견",
    "expression_weight": {
      "exp_style": 4,
      "exp_grammar": 2,
      "exp_vocab": 4,
      "exp": 3
    }
  },
  "correction": [],
  "info": {
    "essay_id": "ESSAY_78750",
    "essay_prompt": " 평가는 일반적으로 평가대상의 장점과 가치를 결정하는 과정을 말합니다.\n\n 세상에는 무수히 많은 평가 방법들이 존재하고 그 주제도 다양합니다.\n\n 우리나라의 경우는 어떨까요? 중간, 기말시험이 있고 미술과 같은 기본기와 창의성을 평가하는 과목도 있습니다. 체육과 같은 신체적인 능력을 평가하는 과목도 있지요. 모두 적절한 기준이 있으며 매우 객관적인 기준이라고 말합니다.\n\n 하지만 여러분이 생각하기에 모든 학생을 동일한 평가지표에 맞추어 평가하는 것이 올바른 방식이라고 생각하나요?\n\n 사람마다 특성이 존재하듯 각각의 목표 또한 다르고 성과도 다를 수 있습니다. 특정 기준에 의존해 본인의 성과도를 평가하는 것이 바르다고 생각되나요?\n\n 현재의 평가 방식은 최고의 객관적인 평가 방식이라고 생각하신다면 그 이유를 작성해주세요. 아니라면 어떤 평가 기준이 추가되어야 하고 또한 어떤 생각으로 평가가 이루어졌으면 좋겠는지 서술해 주세요.",
    "essay_type": "주장",
    "essay_level": "2",
    "essay_len": 790,
    "essay_main_subject": "평가에 대한 본인의 의견"
  }
}