{
  "paragraph": [
    {
      "paragraph_txt": "우리나라의 평가 방식이 객관적이긴 하나 최고의 평가 방법이라고 생각하진 않습니다.#@문장구분# 우리나라의 평가 방식은 고등학교를 기준으로 각 과목들의 수학 능력과 학업 역량, 성취 수준을 수치화하여 평가를 하는 방식이므로 이는 분명 객관적인 평가방법이라고 생각합니다.#@문장구분# 하지만 이것이 꼭 최고의 평가 방법은 아니라고 생각합니다.#@문장구분# 객관적인 평가는 물론 중요하지만, 이러한 평가에만 집중되어 사교육 열풍으로 인해 학부모들의 경제적 부담과 학생들의 학업 부담 및 스트레스는 날이 갈수록 증가하고 있습니다.#@문장구분# 그럼에도 불구하고 우리나라에선 노벨상과 필즈상 등의 수상자는 거의 나오지 않고 있습니다.#@문장구분# 왜일까요?#@문장구분# 바로 이러한 일괄적이고 객관적인 평가와 커리큘럼이 개개인의 개성과 특성, 가능성을 막아버리기 때문입니다.#@문장구분# 물리학에 재능이 있는 인재들에게 화학과 사회 교과를 가르치고 높은 수준의 성취 능력과 성적을 요구하며 그들의 장래희망과 진로에 대해 묻지만 그들의 목표와 취미, 재능 따위에는 흥미가 없는 교육의 문제라고 생각합니다.#@문장구분# 네덜란드의 경우를 벤치마킹하여 중학교 1학년 2학기에 자유학기제라는 제도를 운영하고는 있지만 실직적으로 단 6개월만에 14살의 아이가 자신의 진로와 재능에 대해 충분히 고민해 보는 것은 현실적으로 불가능하고 가능하다고 하더라도 그 이후엔 다시 그들의 재능과 진로와는 별개로 학교의 성적과 공부를 강요당하며 살아갑니다.#@문장구분# 이러한 평가 방식이 우리나라가 학생들은 인간이 아니라 인재, 즉 인적 자원으로 보고있다는 증거이자, 그들 개개인의 자유의지와 개성을 억압하는 것이라고 생각합니다.#@문장구분#",
      "paragraph_len": 976,
      "paragraph_id": "001"
    }
  ],
  "score": {
    "paragraph_score": [
      {
        "paragraph_scoreT": [
          2.8,
          2.8,
          2.2
        ],
        "paragraph_scoreT_detail": {
          "paragraph_scoreT_exp": [
            [
              2,
              3,
              3
            ],
            [
              2,
              3,
              3
            ],
            [
              3,
              2,
              2
            ]
          ]
        },
        "paragraph_scoreT_avg": 2.6000001,
        "paragraph_id": "001"
      }
    ],
    "essay_scoreT": [
      26.7,
      29.4,
      22.5
    ],
    "essay_scoreT_avg": 26.199999,
    "essay_scoreT_detail": {
      "essay_scoreT_org": [
        [
          3,
          0,
          3,
          2
        ],
        [
          3,
          0,
          3,
          3
        ],
        [
          2,
          0,
          2,
          3
        ]
      ],
      "essay_scoreT_cont": [
        [
          3,
          2,
          3,
          2
        ],
        [
          3,
          3,
          3,
          3
        ],
        [
          3,
          2,
          3,
          2
        ]
      ],
      "essay_scoreT_exp": [
        [
          2,
          3,
          3
        ],
        [
          2,
          3,
          3
        ],
        [
          3,
          2,
          2
        ]
      ]
    }
  },
  "student": {
    "date": "2021.12.14",
    "student_educated": true,
    "student_grade": "고등_1학년",
    "location": "054",
    "student_grade_group": "고등",
    "student_reading": 2
  },
  "rubric": {
    "essay_grade": "고등_1학년",
    "organization_weight": {
      "org_paragraph": 0,
      "org": 3,
      "org_essay": 6,
      "org_coherence": 3,
      "org_quantity": 1
    },
    "essay_type": "주장",
    "content_weight": {
      "con_clearance": 3,
      "con_novelty": 3,
      "con": 4,
      "con_prompt": 1,
      "con_description": 3
    },
    "essay_main_subject": "평가에 대한 본인의 의견",
    "expression_weight": {
      "exp_style": 4,
      "exp_grammar": 2,
      "exp_vocab": 4,
      "exp": 3
    }
  },
  "correction": [],
  "info": {
    "essay_id": "ESSAY_78935",
    "essay_prompt": " 평가는 일반적으로 평가대상의 장점과 가치를 결정하는 과정을 말합니다.\n\n 세상에는 무수히 많은 평가 방법들이 존재하고 그 주제도 다양합니다.\n\n 우리나라의 경우는 어떨까요? 중간, 기말시험이 있고 미술과 같은 기본기와 창의성을 평가하는 과목도 있습니다. 체육과 같은 신체적인 능력을 평가하는 과목도 있지요. 모두 적절한 기준이 있으며 매우 객관적인 기준이라고 말합니다.\n\n 하지만 여러분이 생각하기에 모든 학생을 동일한 평가지표에 맞추어 평가하는 것이 올바른 방식이라고 생각하나요?\n\n 사람마다 특성이 존재하듯 각각의 목표 또한 다르고 성과도 다를 수 있습니다. 특정 기준에 의존해 본인의 성과도를 평가하는 것이 바르다고 생각되나요?\n\n 현재의 평가 방식은 최고의 객관적인 평가 방식이라고 생각하신다면 그 이유를 작성해주세요. 아니라면 어떤 평가 기준이 추가되어야 하고 또한 어떤 생각으로 평가가 이루어졌으면 좋겠는지 서술해 주세요.",
    "essay_type": "주장",
    "essay_level": "2",
    "essay_len": 777,
    "essay_main_subject": "평가에 대한 본인의 의견"
  }
}