{
  "paragraph": [
    {
      "paragraph_txt": "나는 수학능력시험에서 문제라고 생각하는것이 너무나도 많다.#@문장구분# 변별력, 교육목적상실, 개개인의 특성 무시 등등 수많은 문제가 있지만 그중 한가지를 말해보겠다. #@문장구분#이도 결국 교육목적의 상실을 의미하기도 하는 문제인데 그것은 바로 문이과 통합이다. #@문장구분#그토록 외쳐온 문·이과 통합이 적용된 2015 개정 교육과정은 현실적으로 이미 필수 과목이 지나치게 많이 빠진 상태에서 행해진 것이므로 결코 정상적이라고 볼 수 없다.#@문장구분# 실제로 이 문이과 통합 수능이 전면 적용되는 2022 수능에선 탐구 17과목 중에서 고작 2택이다.#@문장구분# 이론상으로는 현재 학생들이 가장 많이 몰리는 과목인 생활과 윤리와 지구과학Ⅰ만 공부해도 된다는 것이다.#@문장구분# 저러한 방식으로 사·과탐 수능 선택 과목을 천편일률적으로 유도하는 건 위의 5·6차 시절에 비해 지나치게 단순무식한 발상이다.#@문장구분# 문·이과를 엄격하게 구분하던 6차 교육과정 때보다 더 의미없는 수준인데, 이를 문이과 통합이랍시고 내놓은 게 문제다.#@문장구분# 5차 교육과정이야 말로 문이과 통합 교육이 가장 이상적으로 실현되었던 시기였으며, 이는 2015 개정 교육과정 정책에 시사하는 바가 크다.#@문장구분# 40대 이상 선생님들이나 학원 강사들이 문이과 과목에 두루 능한 것이 우연이 아닌 것이다.#@문장구분# 5차 때처럼 교육과정과 문제 출제방식을 변경한다면 문제 난이도도 상대적으로 쉽고 문항 수가 많아 자연스럽게 변별이 가능해진다.#@문장구분# 불가능하다면, 적어도 선택과목의 가짓수를 3~4개로 증설해주던지, 내신처럼 사3과1 아니면 과3사1이라도 했었다면 조금이나마 나았을 것이다.#@문장구분# 하지만 여전히 수많은 과목중 두가지를 선택하기에 나머지는 버려버리는, 즉 문이과 통합의 의미를 아예 지옥으로 던져버리는 행위를 해버린 것이다.#@문장구분# 수능의 발전을 위해서 앞으로 수많은 노력이 필요할것으로 보인다.#@문장구분#",
      "paragraph_len": 1153,
      "paragraph_id": "001"
    }
  ],
  "score": {
    "paragraph_score": [
      {
        "paragraph_scoreT": [
          3,
          3,
          2.8
        ],
        "paragraph_scoreT_detail": {
          "paragraph_scoreT_exp": [
            [
              3,
              3,
              3
            ],
            [
              3,
              3,
              3
            ],
            [
              2,
              3,
              3
            ]
          ]
        },
        "paragraph_scoreT_avg": 2.9333334,
        "paragraph_id": "001"
      }
    ],
    "essay_scoreT": [
      28.8,
      28.8,
      27.8
    ],
    "essay_scoreT_avg": 28.466665,
    "essay_scoreT_detail": {
      "essay_scoreT_org": [
        [
          3,
          0,
          3,
          3
        ],
        [
          3,
          0,
          3,
          3
        ],
        [
          3,
          0,
          3,
          3
        ]
      ],
      "essay_scoreT_cont": [
        [
          3,
          2,
          3,
          3
        ],
        [
          3,
          2,
          3,
          3
        ],
        [
          2,
          3,
          2,
          3
        ]
      ],
      "essay_scoreT_exp": [
        [
          3,
          3,
          3
        ],
        [
          3,
          3,
          3
        ],
        [
          2,
          3,
          3
        ]
      ]
    }
  },
  "student": {
    "date": "2021.12.24",
    "student_educated": true,
    "student_grade": "고등_1학년",
    "location": "063",
    "student_grade_group": "고등",
    "student_reading": 1
  },
  "rubric": {
    "essay_grade": "고등_1학년",
    "organization_weight": {
      "org_paragraph": 0,
      "org": 3,
      "org_essay": 6,
      "org_coherence": 3,
      "org_quantity": 1
    },
    "essay_type": "주장",
    "content_weight": {
      "con_clearance": 3,
      "con_novelty": 3,
      "con": 4,
      "con_prompt": 1,
      "con_description": 3
    },
    "essay_main_subject": "평가에 대한 본인의 의견",
    "expression_weight": {
      "exp_style": 4,
      "exp_grammar": 2,
      "exp_vocab": 4,
      "exp": 3
    }
  },
  "correction": [],
  "info": {
    "essay_id": "ESSAY_76795",
    "essay_prompt": " 평가는 일반적으로 평가대상의 장점과 가치를 결정하는 과정을 말합니다.\n\n 세상에는 무수히 많은 평가 방법들이 존재하고 그 주제도 다양합니다.\n\n 우리나라의 경우는 어떨까요? 중간, 기말시험이 있고 미술과 같은 기본기와 창의성을 평가하는 과목도 있습니다. 체육과 같은 신체적인 능력을 평가하는 과목도 있지요. 모두 적절한 기준이 있으며 매우 객관적인 기준이라고 말합니다.\n\n 하지만 여러분이 생각하기에 모든 학생을 동일한 평가지표에 맞추어 평가하는 것이 올바른 방식이라고 생각하나요?\n\n 사람마다 특성이 존재하듯 각각의 목표 또한 다르고 성과도 다를 수 있습니다. 특정 기준에 의존해 본인의 성과도를 평가하는 것이 바르다고 생각되나요?\n\n 현재의 평가 방식은 최고의 객관적인 평가 방식이라고 생각하신다면 그 이유를 작성해주세요. 아니라면 어떤 평가 기준이 추가되어야 하고 또한 어떤 생각으로 평가가 이루어졌으면 좋겠는지 서술해 주세요.",
    "essay_type": "주장",
    "essay_level": "2",
    "essay_len": 873,
    "essay_main_subject": "평가에 대한 본인의 의견"
  }
}