{
  "paragraph": [
    {
      "paragraph_txt": "내가 생각하기에 모든 학생을 동일한 평가지표에 맞추어 평가하는 것이 올바른 방식이라고 생각하지 않는다. #@문장구분#왜냐하면 각자가 가지고 있는 잘하는 점이 다르고 못하는 점까지 다 다르기 때문에 객관적인 기준으로 학생을 똑같이 평가하는 방법은 잘못된 방식이라고 생각하기 때문이다.#@문장구분# 예를 들어서, 나는 국어를 좋아하지만 사회의 성적이 훨씬 높게 나온다.#@문장구분# 반대로 나의 친구는 사회를 좋아하지만 국어의 성적이 훨씬 높게 나온다.#@문장구분# 이처럼 각자가 좋아하는 것도 다르고 잘하는 것도 다르다.#@문장구분# 이것은 내가 노력해서 바꿀 수도 있지만 타고나게 자신이 특화되게 잘 할 수 있는 것이 따로 존재한다고 생각한다. #@문장구분#이런 점들을 선생님들은 다 무시한 채로 똑같은 기준을 만들어버린 후에 일방적으로 평가를 실행하는 것은 불공평한 기회라고 생각한다.#@문장구분# 그래서 나는 이런 불공평한 방법을 없애기 위해서 상대평가를 실행하는 것이 좋다고 생각한다.#@문장구분# 나는 위에서 말했듯이 모두가 다 다른 특성을 가지고 있기 때문에 각자의 특성이 존중받은 채로 선생님이 고려해서 평가를 하는 것이 옳은 방법이라고 생각한다.#@문장구분# 그래서 학생의 특징을 잘 파악할 수 있고 학생에 대한 편견을 가지고 있지 않는 자질을 가진 선생님만을 채용하여 학교의 평가방법을 바꾸는 것이 좋다고 생각한다.#@문장구분# 노력은 했지만 좋은 성과를 얻지 못한 아이들도 좋은 성적을 받아야 한다고 생각하기 때문이다.#@문장구분# 그래서 상대평가를 도입해서 선생님들이 학생들 각각의 개인적인 특성을 파악해서 공정한 평가를 할 수 있도록 만드는 것이 우리나라의 잘못된 평가방식을 바꾸는 것이 좋은 방법이라고 생각한다.#@문장구분# 이렇게 바뀐다면 우리 사회에 숨어있는 인재가 나올수 있지 않을까 생각한다.#@문장구분#",
      "paragraph_len": 1083,
      "paragraph_id": "001"
    }
  ],
  "score": {
    "paragraph_score": [
      {
        "paragraph_scoreT": [
          2.2,
          2,
          2
        ],
        "paragraph_scoreT_detail": {
          "paragraph_scoreT_exp": [
            [
              3,
              2,
              2
            ],
            [
              2,
              2,
              2
            ],
            [
              2,
              2,
              2
            ]
          ]
        },
        "paragraph_scoreT_avg": 2.0666666,
        "paragraph_id": "001"
      }
    ],
    "essay_scoreT": [
      27.6,
      24.199999,
      24.5
    ],
    "essay_scoreT_avg": 25.433334,
    "essay_scoreT_detail": {
      "essay_scoreT_org": [
        [
          3,
          0,
          3,
          3
        ],
        [
          3,
          0,
          2,
          2
        ],
        [
          3,
          0,
          2,
          3
        ]
      ],
      "essay_scoreT_cont": [
        [
          3,
          3,
          3,
          3
        ],
        [
          3,
          3,
          2,
          2
        ],
        [
          3,
          2,
          2,
          3
        ]
      ],
      "essay_scoreT_exp": [
        [
          3,
          2,
          2
        ],
        [
          2,
          2,
          2
        ],
        [
          2,
          2,
          2
        ]
      ]
    }
  },
  "student": {
    "date": "2021.12.23",
    "student_educated": true,
    "student_grade": "고등_1학년",
    "location": "054",
    "student_grade_group": "고등",
    "student_reading": 1
  },
  "rubric": {
    "essay_grade": "고등_1학년",
    "organization_weight": {
      "org_paragraph": 0,
      "org": 3,
      "org_essay": 6,
      "org_coherence": 3,
      "org_quantity": 1
    },
    "essay_type": "주장",
    "content_weight": {
      "con_clearance": 3,
      "con_novelty": 3,
      "con": 4,
      "con_prompt": 1,
      "con_description": 3
    },
    "essay_main_subject": "평가에 대한 본인의 의견",
    "expression_weight": {
      "exp_style": 4,
      "exp_grammar": 2,
      "exp_vocab": 4,
      "exp": 3
    }
  },
  "correction": [],
  "info": {
    "essay_id": "ESSAY_78522",
    "essay_prompt": " 평가는 일반적으로 평가대상의 장점과 가치를 결정하는 과정을 말합니다.\n\n 세상에는 무수히 많은 평가 방법들이 존재하고 그 주제도 다양합니다.\n\n 우리나라의 경우는 어떨까요? 중간, 기말시험이 있고 미술과 같은 기본기와 창의성을 평가하는 과목도 있습니다. 체육과 같은 신체적인 능력을 평가하는 과목도 있지요. 모두 적절한 기준이 있으며 매우 객관적인 기준이라고 말합니다.\n\n 하지만 여러분이 생각하기에 모든 학생을 동일한 평가지표에 맞추어 평가하는 것이 올바른 방식이라고 생각하나요?\n\n 사람마다 특성이 존재하듯 각각의 목표 또한 다르고 성과도 다를 수 있습니다. 특정 기준에 의존해 본인의 성과도를 평가하는 것이 바르다고 생각되나요?\n\n 현재의 평가 방식은 최고의 객관적인 평가 방식이라고 생각하신다면 그 이유를 작성해주세요. 아니라면 어떤 평가 기준이 추가되어야 하고 또한 어떤 생각으로 평가가 이루어졌으면 좋겠는지 서술해 주세요.",
    "essay_type": "주장",
    "essay_level": "2",
    "essay_len": 824,
    "essay_main_subject": "평가에 대한 본인의 의견"
  }
}