{
  "paragraph": [
    {
      "paragraph_txt": "우리나라의 경우 학생을 평가할 때는 중간, 기말시험이 있습니다.#@문장구분# 일정 점수를 넘어간다면 좋은 점수를 받을 수 있는 절대 평가가 있고, 같이 보는 사람들 중 등수를 매겨 점수를 받게 되는 상대평가가 있습니다.#@문장구분# 절대 평가든 상대 평가든 정해놓은 기준이 있고 모든 학생이 그 기준에 맞춰집니다.#@문장구분#",
      "paragraph_len": 221,
      "paragraph_id": "001"
    },
    {
      "paragraph_txt": " 저는 이러한 방식이 올바르다고 생각하지 않습니다.#@문장구분# 우리 인간은 모두가 같은 생각을 가지고, 모두가 같은 것이 특성화되어 있지 않습니다.#@문장구분# 우리는 모두 다른 생각을 가지고 있고, 개개인으로 잘하는 것이 다릅니다.#@문장구분# 하지만 시험을 통해 이 학생은 모범생, 이 학생은 양아치라는 시선을 가집니다.#@문장구분#",
      "paragraph_len": 241,
      "paragraph_id": "002"
    },
    {
      "paragraph_txt": " 누군가 양아치라서 공부를 못 하는 것이 아니고 모범생이라서 공부를 잘하는게 아니라고 생각합니다.#@문장구분# 누군가는 공부하는 것을 즐기고, 좋아하는 사람이 시험을 잘 보는 것이고, 누군가는 공부 하는 것에 흥미가 없고 다른 것에 흥미를 느낄 수 있습니다.#@문장구분# 예를 들면 네일 해주는 것에 흥미를 느낄수도 있고, 누군가를 이쁘게 꾸며주는 것에 흥미를 느낄 수 있습니다.#@문장구분# 우리나라는 꾸미고 노는 걸 좋아하면 양아치라는 시선을 가지고 있습니다.#@문장구분# 그런 친구들이 시험 점수가 좋지 않기 때문이지요.#@문장구분# 저는 이게 모든 학생들이 동일한 평가지표를 통해 점수가 매겨지기 때문입니다.#@문장구분# ",
      "paragraph_len": 430,
      "paragraph_id": "003"
    },
    {
      "paragraph_txt": " 우리 모두가 공부를 잘 할 수 없고, 잘 한다고 하더라도 우리 사회는 돌아갈 수 없습니다.#@문장구분# 차를 좋아하는 사람이 누군가의 차를 고쳐주고, 누군가를 꾸며주는 걸 좋아하는 사람이 미용사, 코디가 됩니다.#@문장구분# 우리는 모두가 더불어 살아가는 세상을 살고 있습니다.#@문장구분# 하지만 꿈을 키울 수 있는 시기인 학생들에게 각자의 하고싶은 일이 무엇이든, 공부에 흥미가 있든 없든 무조건 모든 학생에게 같은 지표를 둔 시험을 통해 학생들을 평가하는건 객관적이지 않다고 생각합니다.#@문장구분# 공부를 못 한다고 해서 어른이 되어서 살아갈 수 없는게 아닌데 어른들은 시험 점수를 잘 맞지 못하면 '앞으로 커서 뭐가 될래?'라는 말을 합니다.#@문장구분# ",
      "paragraph_len": 438,
      "paragraph_id": "004"
    },
    {
      "paragraph_txt": " 저는 각자의 학생에 따라 평가 지표가 달라져야 한다고 생각합니다.#@문장구분# 그래야 학생들이 꿈을 펼칠 수 있는 시기에 그 꿈을 더 화려하게 펼칠 수 있도록 도와주는 것이라고 생각합니다.#@문장구분#",
      "paragraph_len": 139,
      "paragraph_id": "005"
    }
  ],
  "score": {
    "paragraph_score": [
      {
        "paragraph_scoreT": [
          2.8,
          3,
          2.2
        ],
        "paragraph_scoreT_detail": {
          "paragraph_scoreT_exp": [
            [
              2,
              3,
              3
            ],
            [
              3,
              3,
              3
            ],
            [
              3,
              2,
              2
            ]
          ]
        },
        "paragraph_scoreT_avg": 2.6666667,
        "paragraph_id": "001"
      },
      {
        "paragraph_scoreT": [
          2.8,
          2.6,
          2.2
        ],
        "paragraph_scoreT_detail": {
          "paragraph_scoreT_exp": [
            [
              2,
              3,
              3
            ],
            [
              3,
              2,
              3
            ],
            [
              3,
              2,
              2
            ]
          ]
        },
        "paragraph_scoreT_avg": 2.533333,
        "paragraph_id": "002"
      },
      {
        "paragraph_scoreT": [
          2.8,
          2.6,
          2.2
        ],
        "paragraph_scoreT_detail": {
          "paragraph_scoreT_exp": [
            [
              2,
              3,
              3
            ],
            [
              3,
              2,
              3
            ],
            [
              3,
              2,
              2
            ]
          ]
        },
        "paragraph_scoreT_avg": 2.533333,
        "paragraph_id": "003"
      },
      {
        "paragraph_scoreT": [
          2.8,
          2.2,
          2.2
        ],
        "paragraph_scoreT_detail": {
          "paragraph_scoreT_exp": [
            [
              2,
              3,
              3
            ],
            [
              3,
              2,
              2
            ],
            [
              3,
              2,
              2
            ]
          ]
        },
        "paragraph_scoreT_avg": 2.3999999,
        "paragraph_id": "004"
      },
      {
        "paragraph_scoreT": [
          2.8,
          3,
          2.2
        ],
        "paragraph_scoreT_detail": {
          "paragraph_scoreT_exp": [
            [
              2,
              3,
              3
            ],
            [
              3,
              3,
              3
            ],
            [
              3,
              2,
              2
            ]
          ]
        },
        "paragraph_scoreT_avg": 2.6666667,
        "paragraph_id": "005"
      }
    ],
    "essay_scoreT": [
      26.599998,
      27.6,
      23.7
    ],
    "essay_scoreT_avg": 25.966665,
    "essay_scoreT_detail": {
      "essay_scoreT_org": [
        [
          3,
          0,
          3,
          3
        ],
        [
          3,
          0,
          3,
          3
        ],
        [
          2,
          0,
          2,
          3
        ]
      ],
      "essay_scoreT_cont": [
        [
          2,
          2,
          2,
          3
        ],
        [
          3,
          3,
          3,
          3
        ],
        [
          3,
          2,
          3,
          3
        ]
      ],
      "essay_scoreT_exp": [
        [
          2,
          3,
          3
        ],
        [
          3,
          2,
          2
        ],
        [
          3,
          2,
          2
        ]
      ]
    }
  },
  "student": {
    "date": "2021.12.16",
    "student_educated": true,
    "student_grade": "고등_1학년",
    "location": "063",
    "student_grade_group": "고등",
    "student_reading": 2
  },
  "rubric": {
    "essay_grade": "고등_1학년",
    "organization_weight": {
      "org_paragraph": 0,
      "org": 3,
      "org_essay": 6,
      "org_coherence": 3,
      "org_quantity": 1
    },
    "essay_type": "주장",
    "content_weight": {
      "con_clearance": 3,
      "con_novelty": 3,
      "con": 4,
      "con_prompt": 1,
      "con_description": 3
    },
    "essay_main_subject": "평가에 대한 본인의 의견",
    "expression_weight": {
      "exp_style": 4,
      "exp_grammar": 2,
      "exp_vocab": 4,
      "exp": 3
    }
  },
  "correction": [],
  "info": {
    "essay_id": "ESSAY_79561",
    "essay_prompt": " 평가는 일반적으로 평가대상의 장점과 가치를 결정하는 과정을 말합니다.\n\n 세상에는 무수히 많은 평가 방법들이 존재하고 그 주제도 다양합니다.\n\n 우리나라의 경우는 어떨까요? 중간, 기말시험이 있고 미술과 같은 기본기와 창의성을 평가하는 과목도 있습니다. 체육과 같은 신체적인 능력을 평가하는 과목도 있지요. 모두 적절한 기준이 있으며 매우 객관적인 기준이라고 말합니다.\n\n 하지만 여러분이 생각하기에 모든 학생을 동일한 평가지표에 맞추어 평가하는 것이 올바른 방식이라고 생각하나요?\n\n 사람마다 특성이 존재하듯 각각의 목표 또한 다르고 성과도 다를 수 있습니다. 특정 기준에 의존해 본인의 성과도를 평가하는 것이 바르다고 생각되나요?\n\n 현재의 평가 방식은 최고의 객관적인 평가 방식이라고 생각하신다면 그 이유를 작성해주세요. 아니라면 어떤 평가 기준이 추가되어야 하고 또한 어떤 생각으로 평가가 이루어졌으면 좋겠는지 서술해 주세요.",
    "essay_type": "주장",
    "essay_level": "2",
    "essay_len": 1078,
    "essay_main_subject": "평가에 대한 본인의 의견"
  }
}