{
  "paragraph": [
    {
      "paragraph_txt": "저희 학교는 남녀공학입니다.#@문장구분# 저번 체육시간에 원반던지기 평가가 있었습니다.#@문장구분# 각 모둠별로 인원을 모아서 연습하고 서로 원반을 주고 받는 평가를 하였습니다.#@문장구분# 이런 평가의 경우 큰 불만제기는 하지 않습니다.#@문장구분# 원반던지기라는 체육과목이 무척 어려운 스포츠 종목도 아니며, 연습을 통해서 실력이 올라갈수 있는 종류의 평가 종목이기 때문에 불만이나 불평이 나오지 않습니다.#@문장구분# 하지만 팀별 대결을 하는 평가방식에는 많은 불만 불평이 쏟아져 나오고 있습니다.#@문장구분# 만약 팀별 피구를 하고 1등 팀부터 꼴등 팀까지 팀별 수행평가 점수를 부과한다고 한다면 어떻게 해야 할까요?#@문장구분# 저희 학교 체육과 수행평가에서 이런 경우가 있었습니다.#@문장구분# 리더를 맡을 친구들 여섯명을 선생님께서 선택하신후 가위바위보를 하고 이긴 순서로 팀을 반에서 뽑아가는 것입니다.#@문장구분# 남녀공학이지만 남자 여자 성비는 중요하지 않으며 이긴 순서로 마음껏 정하고 1등에서 꼴등으로 수행평가 점수는 그룹별 차등 지급하겠다 이었습니다.#@문장구분# 이런 평가방식은 많은 오류를 가지고 있습니다.#@문장구분# 남자아이들은 여자아이들에 비해 신체조건이나 운동신경이 매우 좋은 편에 속합니다.#@문장구분#  그래서 남자학생들로 구성된 팀이 훨씬 유리한 고점에 올라서 불평등한 조건에 평가를 하게 되는 것입니다.#@문장구분# 만약 미술 실기 작품에 점수를 주어야 한다면 평가지표를 만들어서 이렇게 작품을 완성하세요 라는 기준을 제시해 주어야 한다고 생각합니다.#@문장구분# 나의 꿈을 그리는데 인물화, 경험화 등으로 그리세요.#@문장구분# 그리고 색은 몇가지이상 사용 몇가지 이하 사용 하고 명도와 채도는 어느정도 맞추어야 점수를 준다할지 아니면 나의 꿈이라는 주관적인 주제보다 두세개의 작품을 주고 습작을 하라고 한다든지 이런 기준점을 두어서 평가를 한다면 학생들이 자신의 점수에 불만제기를 하지 않을 거라고 생각합니다.#@문장구분# 현대사회는 학력중심사회로 우리는 고등학교과정을 대학을 가기위한 전과정으로 생각하는 경우가 많습니다.#@문장구분# 그래서 내신점수를 잘 맞기 위해 최선을 다해 학교시험이나 과제제출 심지어 벌점하나까지 신경을 쓰고 있습니다.#@문장구분# 그런데 주관적 관점에서 주는 미술점수는 학생들의 불안과 불만을 증폭시키는 것이기 때문에 기준을 분명하게 제시하는 미술실기평가가 이루어져야 한다고 생각합니다.#@문장구분# 그리고 우리 학생들은 이런 평가에 항상 최선과 진심을 다하는 자세를 취하여 평가하는 선생님들의 오해를 사지 않도록 노력해야 할 것입니다.#@문장구분#",
      "paragraph_len": 1559,
      "paragraph_id": "001"
    }
  ],
  "score": {
    "paragraph_score": [
      {
        "paragraph_scoreT": [
          2,
          2.4,
          2.8
        ],
        "paragraph_scoreT_detail": {
          "paragraph_scoreT_exp": [
            [
              2,
              2,
              2
            ],
            [
              2,
              3,
              2
            ],
            [
              2,
              3,
              3
            ]
          ]
        },
        "paragraph_scoreT_avg": 2.3999999,
        "paragraph_id": "001"
      }
    ],
    "essay_scoreT": [
      20.699999,
      26.100002,
      29.4
    ],
    "essay_scoreT_avg": 25.400002,
    "essay_scoreT_detail": {
      "essay_scoreT_org": [
        [
          2,
          0,
          2,
          3
        ],
        [
          3,
          0,
          2,
          3
        ],
        [
          3,
          0,
          3,
          3
        ]
      ],
      "essay_scoreT_cont": [
        [
          2,
          2,
          3,
          2
        ],
        [
          3,
          2,
          3,
          3
        ],
        [
          3,
          3,
          3,
          3
        ]
      ],
      "essay_scoreT_exp": [
        [
          2,
          2,
          2
        ],
        [
          2,
          3,
          2
        ],
        [
          2,
          3,
          3
        ]
      ]
    }
  },
  "student": {
    "date": "2021.12.29",
    "student_educated": true,
    "student_grade": "고등_1학년",
    "location": "063",
    "student_grade_group": "고등",
    "student_reading": 2
  },
  "rubric": {
    "essay_grade": "고등_1학년",
    "organization_weight": {
      "org_paragraph": 0,
      "org": 3,
      "org_essay": 6,
      "org_coherence": 3,
      "org_quantity": 1
    },
    "essay_type": "주장",
    "content_weight": {
      "con_clearance": 3,
      "con_novelty": 3,
      "con": 4,
      "con_prompt": 1,
      "con_description": 3
    },
    "essay_main_subject": "평가에 대한 본인의 의견",
    "expression_weight": {
      "exp_style": 4,
      "exp_grammar": 2,
      "exp_vocab": 4,
      "exp": 3
    }
  },
  "correction": [],
  "info": {
    "essay_id": "ESSAY_84121",
    "essay_prompt": " 평가는 일반적으로 평가대상의 장점과 가치를 결정하는 과정을 말합니다.\n\n 세상에는 무수히 많은 평가 방법들이 존재하고 그 주제도 다양합니다.\n\n 우리나라의 경우는 어떨까요? 중간, 기말시험이 있고 미술과 같은 기본기와 창의성을 평가하는 과목도 있습니다. 체육과 같은 신체적인 능력을 평가하는 과목도 있지요. 모두 적절한 기준이 있으며 매우 객관적인 기준이라고 말합니다.\n\n 하지만 여러분이 생각하기에 모든 학생을 동일한 평가지표에 맞추어 평가하는 것이 올바른 방식이라고 생각하나요?\n\n 사람마다 특성이 존재하듯 각각의 목표 또한 다르고 성과도 다를 수 있습니다. 특정 기준에 의존해 본인의 성과도를 평가하는 것이 바르다고 생각되나요?\n\n 현재의 평가 방식은 최고의 객관적인 평가 방식이라고 생각하신다면 그 이유를 작성해주세요. 아니라면 어떤 평가 기준이 추가되어야 하고 또한 어떤 생각으로 평가가 이루어졌으면 좋겠는지 서술해 주세요.",
    "essay_type": "주장",
    "essay_level": "2",
    "essay_len": 1161,
    "essay_main_subject": "평가에 대한 본인의 의견"
  }
}