{
  "paragraph": [
    {
      "paragraph_txt": "일단 평가는 일반적으로 평가대상의 장점과 가치를 결정하는 과정인 것 같다.#@문장구분# 우라나라의 예로 수학 능력시험이 있다.#@문장구분# 이 시험은 한국교육과정평가원에서 주관하는 표준화 시험이다.#@문장구분# 대학의 교육과정을 얼마나 잘 하였는지 평가 하는 것이 목적이다.#@문장구분# 그런데 과연 이 수학능력 시험은 교육평가의 정의를 제대로 실현하고 있을까?#@문장구분# 나는 아니라고 생각한다.#@문장구분# 일단 수학 능력 시험에는 총5과목이있다.#@문장구분# 하지만 만약 나의 꿈이 변호사라고 할 때 일단 변호사가 되기 위해서는 수능을 쳐서 좋은 대학교에 들어간 다음 학점을 잘 받고 로스쿨 시험을 쳐서 들어가 공부하다가 변호사 자격 시험을 쳐서 통과해야 한다.#@문장구분# 그런데 우리는 변호사길로 가기위한 관련공부가아닌 수능을 한 번 치게 된다.#@문장구분#  그 뒤에는 수능과 관련된 공부는 거의 하지 않는다.#@문장구분# 그런데 이게 어째서 대학에서의 수능능력, 교육과정의 결과를 평가하는 데에 쓰이는 게 맞을까? 하는 의문이 든다.#@문장구분# 변호사가 되려면 법관련 공부를해야지 이건아니지않나?라는 생각이든다.#@문장구분# 나는 수능을 준비하는 과정에서 그 사람이 평가되는 것은 아니라고 생각한다.#@문장구분# 수능은 이과 문과로 나뉘어 모든 사람이 같은 시험을 친다.#@문장구분# 그 시험을 치기 위해서 모든 사람이 열심히 공부하여 결과가 나오는데 이 과정에서 그 사람이 얼마냐 성실했냐를 확인하기 위해 수능을 치는 것 같다.#@문장구분# 하지만 단순히 하루의 결과로, 자신의 실력을 제대로 발휘하지 못하였을 수도 있는데 그 날의 결과로 사람을 평가하는 수능, 결론은 대학 수학 능력 시험은 그 정의가 제대로 실현 되지 않은 것 같다.#@문장구분# 하지만 객관적인 평가에서는 결과만이 아닌 그가 이 시험을 치기 위해 얼마나 노력했는지를 봐야한다고 생각한다.#@문장구분#  \"그렇다면 모든 사람이 노력은 했는데 점수가 안나오면요?\"라고 물을 수도 있다고 생각이 든다.#@문장구분# 애초에 사람마다 노력의 기준이 다르고 공부방법도 다르다고 생각한다.#@문장구분# 그래서 나는 우리가 잘 알고 있는 수학능력시험 대신 새로운 객관적인 평가 기준을 만들어야 한다고 생각한다.#@문장구분#",
      "paragraph_len": 1378,
      "paragraph_id": "001"
    }
  ],
  "score": {
    "paragraph_score": [
      {
        "paragraph_scoreT": [
          3,
          2.8,
          2.8
        ],
        "paragraph_scoreT_detail": {
          "paragraph_scoreT_exp": [
            [
              3,
              3,
              3
            ],
            [
              2,
              3,
              3
            ],
            [
              2,
              3,
              3
            ]
          ]
        },
        "paragraph_scoreT_avg": 2.8666668,
        "paragraph_id": "001"
      }
    ],
    "essay_scoreT": [
      30,
      29.4,
      26.599998
    ],
    "essay_scoreT_avg": 28.666666,
    "essay_scoreT_detail": {
      "essay_scoreT_org": [
        [
          3,
          0,
          3,
          3
        ],
        [
          3,
          0,
          3,
          3
        ],
        [
          3,
          0,
          3,
          3
        ]
      ],
      "essay_scoreT_cont": [
        [
          3,
          3,
          3,
          3
        ],
        [
          3,
          3,
          3,
          3
        ],
        [
          3,
          2,
          2,
          2
        ]
      ],
      "essay_scoreT_exp": [
        [
          3,
          3,
          3
        ],
        [
          2,
          3,
          3
        ],
        [
          2,
          3,
          3
        ]
      ]
    }
  },
  "student": {
    "date": "2021.12.20",
    "student_educated": true,
    "student_grade": "고등_1학년",
    "location": "063",
    "student_grade_group": "고등",
    "student_reading": 1
  },
  "rubric": {
    "essay_grade": "고등_1학년",
    "organization_weight": {
      "org_paragraph": 0,
      "org": 3,
      "org_essay": 6,
      "org_coherence": 3,
      "org_quantity": 1
    },
    "essay_type": "주장",
    "content_weight": {
      "con_clearance": 3,
      "con_novelty": 3,
      "con": 4,
      "con_prompt": 1,
      "con_description": 3
    },
    "essay_main_subject": "평가에 대한 본인의 의견",
    "expression_weight": {
      "exp_style": 4,
      "exp_grammar": 2,
      "exp_vocab": 4,
      "exp": 3
    }
  },
  "correction": [],
  "info": {
    "essay_id": "ESSAY_71873",
    "essay_prompt": " 평가는 일반적으로 평가대상의 장점과 가치를 결정하는 과정을 말합니다.\n\n 세상에는 무수히 많은 평가 방법들이 존재하고 그 주제도 다양합니다.\n\n 우리나라의 경우는 어떨까요? 중간, 기말시험이 있고 미술과 같은 기본기와 창의성을 평가하는 과목도 있습니다. 체육과 같은 신체적인 능력을 평가하는 과목도 있지요. 모두 적절한 기준이 있으며 매우 객관적인 기준이라고 말합니다.\n\n 하지만 여러분이 생각하기에 모든 학생을 동일한 평가지표에 맞추어 평가하는 것이 올바른 방식이라고 생각하나요?\n\n 사람마다 특성이 존재하듯 각각의 목표 또한 다르고 성과도 다를 수 있습니다. 특정 기준에 의존해 본인의 성과도를 평가하는 것이 바르다고 생각되나요?\n\n 현재의 평가 방식은 최고의 객관적인 평가 방식이라고 생각하신다면 그 이유를 작성해주세요. 아니라면 어떤 평가 기준이 추가되어야 하고 또한 어떤 생각으로 평가가 이루어졌으면 좋겠는지 서술해 주세요.",
    "essay_type": "주장",
    "essay_level": "2",
    "essay_len": 978,
    "essay_main_subject": "평가에 대한 본인의 의견"
  }
}