{
  "paragraph": [
    {
      "paragraph_txt": "나는 인종차별이란 인류의 평생 풀어야 할 숙제와도 같다고 생각한다. #@문장구분#인종차별이 어제 오늘 발생한 것이 아니라 과거부터 현재까지 쭉 발생하고 있기 때문이다.#@문장구분# 그 이유는 내가 EBS 다큐멘터리에서 봤는데 바로 인간의 특성때문이라고 한다. #@문장구분#인간의 DNA에는 자신과 다른 사람에게 적대감을 느끼는 DNA가 내재되어있다고 하는데 그 이유는 바로 예전 병목생활을 할 때 다른 부족을 만나면 서로 가진 것을 빼앗기지 않기 위해 탑재된 DNA라고 한다.#@문장구분# 그래서 그 DNA의 특성 때문에 지금까지 나와 다른 사람을 보면 배척하는 마음을 가지기 때문이라고 한다.#@문장구분# 그래서 나는 앞으로도 인종차별이라는 문제가 해결되지 않을 것이라고 생각한다. #@문장구분#하지만 인종차별을 하는 사람들에 대해서는 부정적으로 생각한다. #@문장구분#왜냐하면 인종이 다르다고 능력이 떨어진다거나 더러운 것이 아닌데 자기와 인종이 다르다고 무시하고 멸시하는 사람은 정말 구시대적인 생각을 갖고 있고 앞으로 발전할 수 없고 그 자리에만 머물러 있을 것이라고 생각한다. #@문장구분#그래서 나는 인종차별을 없앨 수는 없고 인종차별을 줄일 수는 있다고 생각한다. #@문장구분#우선 인종차별을 줄이기 위해서는 어렸을 때부터 다양한 인종이 있다는 것을 인지하고 그 인종들이 가진 다양한 문화가 있다고 배우는 것이다. #@문장구분#그러면 아무래도 안 배우는 사람보단 조금이나마 배운 사람이 인종차별에 대해 경각심을 갖고 나하나 쯤이야라는 생각보다 나부터 라는 생각을 가지면서 인종차별 개선에 호의적으로 행동할 것이기 때문이다. #@문장구분#나도 나하나 쯤이야 라는 생각을 버리고 나부터 라는 생각을 갖고 인종차별 개선에 힘써야겠다.#@문장구분# 사실 이 글을 쓰기 전까지는 인종차별에 대해 깊고 심도있는 생각을 해본 적이 없다. #@문장구분#이 글을 쓰면서 인종차별에 대해 다시 한번 생각해보는 좋은 시간이 된 것같아 기분이 좋다.#@문장구분#",
      "paragraph_len": 1163,
      "paragraph_id": "001"
    }
  ],
  "score": {
    "paragraph_score": [
      {
        "paragraph_scoreT": [
          2.8,
          3,
          2.6
        ],
        "paragraph_scoreT_detail": {
          "paragraph_scoreT_exp": [
            [
              2,
              3,
              3
            ],
            [
              3,
              3,
              3
            ],
            [
              3,
              2,
              3
            ]
          ]
        },
        "paragraph_scoreT_avg": 2.8,
        "paragraph_id": "001"
      }
    ],
    "essay_scoreT": [
      27.900002,
      30,
      25.5
    ],
    "essay_scoreT_avg": 27.800001,
    "essay_scoreT_detail": {
      "essay_scoreT_org": [
        [
          3,
          3,
          3,
          2
        ],
        [
          3,
          3,
          3,
          3
        ],
        [
          3,
          3,
          2,
          3
        ]
      ],
      "essay_scoreT_cont": [
        [
          3,
          2,
          3,
          3
        ],
        [
          3,
          3,
          3,
          3
        ],
        [
          3,
          2,
          3,
          2
        ]
      ],
      "essay_scoreT_exp": [
        [
          2,
          3,
          3
        ],
        [
          3,
          3,
          3
        ],
        [
          3,
          2,
          3
        ]
      ]
    }
  },
  "student": {
    "date": "2021.11.30",
    "student_educated": true,
    "student_grade": "고등_2학년",
    "location": "063",
    "student_grade_group": "고등",
    "student_reading": 1
  },
  "rubric": {
    "essay_grade": "고등_2학년",
    "organization_weight": {
      "org_paragraph": 3,
      "org": 3,
      "org_essay": 3,
      "org_coherence": 3,
      "org_quantity": 1
    },
    "essay_type": "주장",
    "content_weight": {
      "con_clearance": 3,
      "con_novelty": 3,
      "con": 4,
      "con_prompt": 1,
      "con_description": 3
    },
    "essay_main_subject": "인종차별에 대한 본인의 생각",
    "expression_weight": {
      "exp_style": 4,
      "exp_grammar": 2,
      "exp_vocab": 4,
      "exp": 3
    }
  },
  "correction": [],
  "info": {
    "essay_id": "ESSAY_53126",
    "essay_prompt": " 최근 중국발 코로나바이러스로 인해 동양인에 대한 혐오감을 나타내는 서양인들이 늘어나고 있습니다. 그로 인해, 매스컴이나 SNS에서 인종차별을 받아 힘들어하는 동양인들을 자주 목격할 수 있습니다.\n\n 하지만, 최근에만 인종차별이 존재했을까요? 아닙니다. 아주 오래전부터 다른 인종에 대한 차별은 있었습니다.\n\n 우리나라에서는 인종차별을 안 하고 있을까요? 아닙니다. 우리나라에서도 알게 모르게 많은 부분에서 다른 국가의 사람들에 대해 인종차별을 하고 있으며 누군가에게 상처를 주고 있습니다.\n\n 즉, 인종차별은 누군가의 문제가 아니라 우리 모두의 문제입니다.\n\n 여러분들은 인종차별을 당해보신 적 있나요? 인종차별을 하는 사람들에 대해 어떻게 생각하시나요? 왜 생겨났다고 생각하나요? 인종차별을 근절하기 위해서는 어떻게 해야 할까요? 인종차별을 하는 사람들에 대해 전 세계적으로 처벌의 강도를 높여야 할까요?\n\n 인종차별을 하는 사람들에 대한 본인의 생각을 작성하고 인종차별은 해결할 수 있는 문제일지 아니면 해결하지 어려운 문제일지 작성해주세요. 또한, 그렇게 생각한 이유와 본인이 생각한 해결방법 혹은 해결할 수 없다면 왜 해결할 수 없다고 생각하는지 작성해주세요.",
    "essay_type": "주장",
    "essay_level": "1",
    "essay_len": 883,
    "essay_main_subject": "인종차별에 대한 본인의 생각"
  }
}