{
  "paragraph": [
    {
      "paragraph_txt": "저는 특정한 기준을 정한 다음 그 기준을 가지고 누군가를 평가하는 일은 옳지 않다고 생각합니다.#@문장구분# 누구나 사람마다 잘하는 것은 다릅니다.#@문장구분# 누군가는 미술에 재능이 있을 수도 있고 또 다른 누군가는 공부에 더 재능이 있을 수도 있습니다.#@문장구분# 어쩌면 모든 분야에 다 조금씩 재능이 있을 수도 있고 아예 재능이 없을 수도 있습니다.#@문장구분# 저는 사실 시험과 같은 평가 방법보다는 체육이나 미술과 같은 분야의 평가 방법에 대한 문제점을 이야기하고 싶습니다.#@문장구분# 저의 이야기를 예시로 들자면 저는 체육을 잘하지 못하는 편입니다.#@문장구분# 그래서 항상 다른 친구들보다 체육은 성적이 낮은 편입니다.#@문장구분# 한 번은 학교에서 수행평가로 멀리뛰기를 한 적이 있는데 가장 높은 점수를 받기 위해서는 2미터가 넘는 거리를 뛰어야 했습니다.#@문장구분# 저는 아무리 최선을 다해서 뛰었는데도 절대 2미터에 가까이 갈 수도 없었습니다.#@문장구분# 오히려 1미터에 가까우면 가까웠습니다.#@문장구분# 저는 솔직히 조금 억울했습니다.#@문장구분# 제가 최선을 다해서 뛰었음에도 불구하고 그냥 대충 한 번 뛰어본 제 친구보다 점수가 낮은 것이 말이 되지 않는다고 생각합니다.#@문장구분# 최선을 다한 사람이 좋은 점수를 받을 수 없다면 그야말로 모순일 것입니다.#@문장구분# 열심히 하는 사람보다 그저 타고나기를 잘하게 태어난다면 좋은 점수를 받는다면 정말 불공정한 일이라 생각합니다.#@문장구분# 만약 이러한 점수를 부여하는 기준이 객관적인 기준이 되려면 저는 개인의 역량을 모두 고려해서 점수를 부여해야 한다고 생각합니다.#@문장구분# 개인마다 다른 역량을 측정하고 고려해서 서로 역량이 비슷한 아이들끼리 묶어서 점수를 부여하는 게 정당한 방법일 것입니다.#@문장구분# 자신과 잘하는 것이 다른 사람과 점수에 차이가 있는 것은 당연한 일이므로 저는 자신과 잘하는 것이 비슷한 사람끼리 우열을 가려서 노력의 차이로 점수를 부여하는 것이 맞다고 생각합니다.#@문장구분#",
      "paragraph_len": 1227,
      "paragraph_id": "001"
    }
  ],
  "score": {
    "paragraph_score": [
      {
        "paragraph_scoreT": [
          2.6,
          3,
          2.6
        ],
        "paragraph_scoreT_detail": {
          "paragraph_scoreT_exp": [
            [
              3,
              3,
              2
            ],
            [
              3,
              3,
              3
            ],
            [
              3,
              2,
              3
            ]
          ]
        },
        "paragraph_scoreT_avg": 2.7333333,
        "paragraph_id": "001"
      }
    ],
    "essay_scoreT": [
      22.099998,
      28.2,
      26.3
    ],
    "essay_scoreT_avg": 25.533333,
    "essay_scoreT_detail": {
      "essay_scoreT_org": [
        [
          2,
          0,
          2,
          3
        ],
        [
          2,
          0,
          3,
          3
        ],
        [
          3,
          0,
          2,
          3
        ]
      ],
      "essay_scoreT_cont": [
        [
          2,
          2,
          2,
          2
        ],
        [
          3,
          3,
          3,
          3
        ],
        [
          3,
          3,
          2,
          2
        ]
      ],
      "essay_scoreT_exp": [
        [
          3,
          3,
          2
        ],
        [
          3,
          3,
          3
        ],
        [
          3,
          2,
          3
        ]
      ]
    }
  },
  "student": {
    "date": "2021.12.17",
    "student_educated": true,
    "student_grade": "고등_1학년",
    "location": "054",
    "student_grade_group": "고등",
    "student_reading": 2
  },
  "rubric": {
    "essay_grade": "고등_1학년",
    "organization_weight": {
      "org_paragraph": 0,
      "org": 3,
      "org_essay": 6,
      "org_coherence": 3,
      "org_quantity": 1
    },
    "essay_type": "주장",
    "content_weight": {
      "con_clearance": 3,
      "con_novelty": 3,
      "con": 4,
      "con_prompt": 1,
      "con_description": 3
    },
    "essay_main_subject": "평가에 대한 본인의 의견",
    "expression_weight": {
      "exp_style": 4,
      "exp_grammar": 2,
      "exp_vocab": 4,
      "exp": 3
    }
  },
  "correction": [],
  "info": {
    "essay_id": "ESSAY_83369",
    "essay_prompt": " 평가는 일반적으로 평가대상의 장점과 가치를 결정하는 과정을 말합니다.\n\n 세상에는 무수히 많은 평가 방법들이 존재하고 그 주제도 다양합니다.\n\n 우리나라의 경우는 어떨까요? 중간, 기말시험이 있고 미술과 같은 기본기와 창의성을 평가하는 과목도 있습니다. 체육과 같은 신체적인 능력을 평가하는 과목도 있지요. 모두 적절한 기준이 있으며 매우 객관적인 기준이라고 말합니다.\n\n 하지만 여러분이 생각하기에 모든 학생을 동일한 평가지표에 맞추어 평가하는 것이 올바른 방식이라고 생각하나요?\n\n 사람마다 특성이 존재하듯 각각의 목표 또한 다르고 성과도 다를 수 있습니다. 특정 기준에 의존해 본인의 성과도를 평가하는 것이 바르다고 생각되나요?\n\n 현재의 평가 방식은 최고의 객관적인 평가 방식이라고 생각하신다면 그 이유를 작성해주세요. 아니라면 어떤 평가 기준이 추가되어야 하고 또한 어떤 생각으로 평가가 이루어졌으면 좋겠는지 서술해 주세요.",
    "essay_type": "주장",
    "essay_level": "2",
    "essay_len": 887,
    "essay_main_subject": "평가에 대한 본인의 의견"
  }
}