{
  "paragraph": [
    {
      "paragraph_txt": "혐오시설 유치에 대해 지자체와 주민들 간의 대립은 부산에서도 볼 수 있는데, 대표적으로 기장의 고리원자력발전소를 예로 들 수 있다. #@문장구분#당시 주민들은 그 무엇보다도 원자력발전소가 들어오면 어업과 같은 해양 산업에 차질이 생겨 자신들의 생업과 건강, 즉 주민들의 생존권의 보장이 안 되어 원전 측과 주민 측의 입장이 대립하였다.#@문장구분# 하지만, 이후 주민들을 위하여 다양한 복지시설을 마련해주어 양측이 만족할 결과를 이끌어 낸 선례가 있다.#@문장구분# ",
      "paragraph_len": 300,
      "paragraph_id": "001"
    },
    {
      "paragraph_txt": "  앞에서 말한 원자력발전소가 들어서기 위해서는 조건이 있다. #@문장구분#우선 발전소를 돌리며 돌아가는 터빈을 식히기 위한 냉각수를 위하여 많은 물이 필요한데, 이를 위해서 보통 바다 근처에 짓게 되어 주민들과 원전 측의 대립이 일어나는 지역을 보면 대부분 바다 근처 지역인 것을 알 수 있다. #@문장구분#혐오시설은 분명 좋기만은 한 시설은 아니다. #@문장구분#우리의 대표 자산인 부동산 가격에도 악영향을 미칠 수 있고, 주변 지역 주민들의 건강에도 영향을 줄 수 있기에 혐오시설이 들어선다는 지역의 주민들은 이러한 이유들로 유치에 반대하는 경우가 허다하다. #@문장구분#혐오시설들은 이러한 인식 때문에 '혐오'라는 꼬리표가 붙는 것이지만, 원전, 소각장, 유류 처리장 등과 같은 시설들은 하나같이 불필요한 시설이 아닌 우리 사회에서 꼭 있어야하고 국민의 생활에 도움을 주는 시설이기에 어느 곳인가에는 무조건 들어서야 한다.#@문장구분# ",
      "paragraph_len": 537,
      "paragraph_id": "002"
    },
    {
      "paragraph_txt": "  이런 혐오시설들을 유치하기 위해 지자체들은 많은 조사를 하고 많은 예비 후보들 중 가장 좋은 입지에 들어서는 것인데, 요즘 같이 국민들이 경제에 대한 관심이 높아진 시기에 혐오시설의 입지는 부동산 거래량이 가장 적고 인구가 적은 지역에 지어져야 하는 것이 바람직하다 할 수 있다.#@문장구분# 이런 혐오시설의 입지도 소수의 주민일지라도 결국 그들의 희생을 요하기에, 혐오시설을 짓고자 하는 측은 그 지역에 들어서는 이유를 주민들에게 자세히 설명을 하는 것은 당연하고, 위에서 말한 예시와 같이 복지시설을 지어주는 등 합당한 보상을 해주는 것이 바람직하다 생각한다. #@문장구분#결국 누군가의 희생은 불가피하기에 다수의 행복을 위하여 소수의 무조건 적인 희생만이 아닌 소수의 피해도 보장을 해줄 방법으로 가는 것이 옳다고 생각한다.#@문장구분#",
      "paragraph_len": 456,
      "paragraph_id": "003"
    }
  ],
  "score": {
    "paragraph_score": [
      {
        "paragraph_scoreT": [
          3,
          3,
          2
        ],
        "paragraph_scoreT_detail": {
          "paragraph_scoreT_exp": [
            [
              3,
              3,
              3
            ],
            [
              3,
              3,
              3
            ],
            [
              2,
              2,
              2
            ]
          ]
        },
        "paragraph_scoreT_avg": 2.6666667,
        "paragraph_id": "001"
      },
      {
        "paragraph_scoreT": [
          3,
          3,
          2
        ],
        "paragraph_scoreT_detail": {
          "paragraph_scoreT_exp": [
            [
              3,
              3,
              3
            ],
            [
              3,
              3,
              3
            ],
            [
              2,
              2,
              2
            ]
          ]
        },
        "paragraph_scoreT_avg": 2.6666667,
        "paragraph_id": "002"
      },
      {
        "paragraph_scoreT": [
          3,
          3,
          2.4
        ],
        "paragraph_scoreT_detail": {
          "paragraph_scoreT_exp": [
            [
              3,
              3,
              3
            ],
            [
              3,
              3,
              3
            ],
            [
              2,
              3,
              2
            ]
          ]
        },
        "paragraph_scoreT_avg": 2.8,
        "paragraph_id": "003"
      }
    ],
    "essay_scoreT": [
      30,
      28.2,
      20.3
    ],
    "essay_scoreT_avg": 26.166666,
    "essay_scoreT_detail": {
      "essay_scoreT_org": [
        [
          3,
          3,
          3,
          3
        ],
        [
          2,
          2,
          3,
          3
        ],
        [
          2,
          2,
          2,
          3
        ]
      ],
      "essay_scoreT_cont": [
        [
          3,
          3,
          3,
          3
        ],
        [
          3,
          3,
          3,
          3
        ],
        [
          2,
          2,
          2,
          2
        ]
      ],
      "essay_scoreT_exp": [
        [
          3,
          3,
          3
        ],
        [
          3,
          3,
          3
        ],
        [
          2,
          2,
          2
        ]
      ]
    }
  },
  "student": {
    "date": "2021.09.02",
    "student_educated": true,
    "student_grade": "고등_2학년",
    "location": "051",
    "student_grade_group": "고등",
    "student_reading": 1
  },
  "rubric": {
    "essay_grade": "고등_2학년",
    "organization_weight": {
      "org_paragraph": 3,
      "org": 3,
      "org_essay": 3,
      "org_coherence": 3,
      "org_quantity": 1
    },
    "essay_type": "주장",
    "content_weight": {
      "con_clearance": 3,
      "con_novelty": 3,
      "con": 4,
      "con_prompt": 1,
      "con_description": 3
    },
    "essay_main_subject": "인종차별에 대한 본인의 생각",
    "expression_weight": {
      "exp_style": 4,
      "exp_grammar": 2,
      "exp_vocab": 4,
      "exp": 3
    }
  },
  "correction": [],
  "info": {
    "essay_id": "ESSAY_35722",
    "essay_prompt": " 최근 중국발 코로나바이러스로 인해 동양인에 대한 혐오감을 나타내는 서양인들이 늘어나고 있습니다. 그로 인해, 매스컴이나 SNS에서 인종차별을 받아 힘들어하는 동양인들을 자주 목격할 수 있습니다.\n\n 하지만, 최근에만 인종차별이 존재했을까요? 아닙니다. 아주 오래전부터 다른 인종에 대한 차별은 있었습니다.\n\n 우리나라에서는 인종차별을 안 하고 있을까요? 아닙니다. 우리나라에서도 알게 모르게 많은 부분에서 다른 국가의 사람들에 대해 인종차별을 하고 있으며 누군가에게 상처를 주고 있습니다.\n\n 즉, 인종차별은 누군가의 문제가 아니라 우리 모두의 문제입니다.\n\n 여러분들은 인종차별을 당해보신 적 있나요? 인종차별을 하는 사람들에 대해 어떻게 생각하시나요? 왜 생겨났다고 생각하나요? 인종차별을 근절하기 위해서는 어떻게 해야 할까요? 인종차별을 하는 사람들에 대해 전 세계적으로 처벌의 강도를 높여야 할까요?\n\n 인종차별을 하는 사람들에 대한 본인의 생각을 작성하고 인종차별은 해결할 수 있는 문제일지 아니면 해결하지 어려운 문제일지 작성해주세요. 또한, 그렇게 생각한 이유와 본인이 생각한 해결방법 혹은 해결할 수 없다면 왜 해결할 수 없다고 생각하는지 작성해주세요.",
    "essay_type": "주장",
    "essay_level": "1",
    "essay_len": 1079,
    "essay_main_subject": "인종차별에 대한 본인의 생각"
  }
}