{
  "paragraph": [
    {
      "paragraph_txt": "우린 모든 시합이나 경기에는 결과가 주어진다.#@문장구분# 이 결과에 따라 내가 원하는 목표에 정해진것인지, 아닌지를 확인할 수 있는 기회가 된다.#@문장구분# 이러한 결과는 기준이라는게 있어 이 기준에 따라 심사가 된다.#@문장구분# 난 이 기준이 있어야 된다고 생각한다.#@문장구분# 지금까지 기준을 가지고 만들어진 규칙과 시험, 시합이 생겼기 때문에 이 평가를 할때 가장 공정하게 할 수 있는 기준이라고 생각하기 때문이다.#@문장구분# 만약 기준을 없애고 각자에 기준에 맞춰준다는것은 너무 어려운 일이다.#@문장구분# 본인의 기준에 맞춘다는것은 누가 맞춰주는것이고, 우린 본인이 타고난 일만 할 수 없지 않은가 그러기 때문에 각자에 맞춰서 평가하는건 객관적이기 보다는 주관적으로 바뀌어서 공평하게 되지 않을것이다.#@문장구분# 그럼 그것에 대해 반다하는 입장도 있을것이다.#@문장구분# 또 누군가를 사람이 평가하는것은 기준이 있어야 가능하다고 생각한다.#@문장구분# 그러니 지금처럼 기준에 맞춰서 진행해야지 시험을 보나 , 시합을 해도 등수를 정하기 위해서는 그래야 하지 않을까 생각한다.#@문장구분# 또 물론 사람마다 잘하는것과 못하는것이 다르지만 못하는것을 열심히 하다보면 잘 하는것처럼 바뀔수도 있게 되는 경우도 있다.#@문장구분# 또 잘하는걸 살려서 직업으로 하면 너무 좋지만 모든 사람들이 본인이 잘 하는것을 살려서 살아가지 않는 경우도 있다.#@문장구분# 그러니 그런 사람들을 위해서도 기준이 있어야 된다.#@문장구분# 또 지금도 각자에 잘하는걸 살리기 위해 노력한다.#@문장구분# 하지만 내가 계획한대로 다 되는게 아닌것처럼 대학교에서 원하는 학과를 나와도 그 정공을 살리지 못하고 다른 직업을 하는 사람도 상당히 많다.#@문장구분# 또 어렸을때부터 보였던 사람들은 고등학교부터 전문 학교를 가는 경우도 있다.#@문장구분#",
      "paragraph_len": 1126,
      "paragraph_id": "001"
    }
  ],
  "score": {
    "paragraph_score": [
      {
        "paragraph_scoreT": [
          2.4,
          2.8,
          2.8
        ],
        "paragraph_scoreT_detail": {
          "paragraph_scoreT_exp": [
            [
              2,
              2,
              3
            ],
            [
              2,
              3,
              3
            ],
            [
              2,
              3,
              3
            ]
          ]
        },
        "paragraph_scoreT_avg": 2.6666667,
        "paragraph_id": "001"
      }
    ],
    "essay_scoreT": [
      23.3,
      25.5,
      25.5
    ],
    "essay_scoreT_avg": 24.766668,
    "essay_scoreT_detail": {
      "essay_scoreT_org": [
        [
          2,
          0,
          3,
          2
        ],
        [
          2,
          0,
          2,
          3
        ],
        [
          2,
          0,
          2,
          3
        ]
      ],
      "essay_scoreT_cont": [
        [
          2,
          2,
          2,
          3
        ],
        [
          3,
          2,
          3,
          3
        ],
        [
          3,
          2,
          3,
          3
        ]
      ],
      "essay_scoreT_exp": [
        [
          2,
          2,
          3
        ],
        [
          2,
          3,
          3
        ],
        [
          2,
          3,
          3
        ]
      ]
    }
  },
  "student": {
    "date": "2021.12.24",
    "student_educated": true,
    "student_grade": "고등_1학년",
    "location": "063",
    "student_grade_group": "고등",
    "student_reading": 2
  },
  "rubric": {
    "essay_grade": "고등_1학년",
    "organization_weight": {
      "org_paragraph": 0,
      "org": 3,
      "org_essay": 6,
      "org_coherence": 3,
      "org_quantity": 1
    },
    "essay_type": "주장",
    "content_weight": {
      "con_clearance": 3,
      "con_novelty": 3,
      "con": 4,
      "con_prompt": 1,
      "con_description": 3
    },
    "essay_main_subject": "평가에 대한 본인의 의견",
    "expression_weight": {
      "exp_style": 4,
      "exp_grammar": 2,
      "exp_vocab": 4,
      "exp": 3
    }
  },
  "correction": [],
  "info": {
    "essay_id": "ESSAY_79514",
    "essay_prompt": " 평가는 일반적으로 평가대상의 장점과 가치를 결정하는 과정을 말합니다.\n\n 세상에는 무수히 많은 평가 방법들이 존재하고 그 주제도 다양합니다.\n\n 우리나라의 경우는 어떨까요? 중간, 기말시험이 있고 미술과 같은 기본기와 창의성을 평가하는 과목도 있습니다. 체육과 같은 신체적인 능력을 평가하는 과목도 있지요. 모두 적절한 기준이 있으며 매우 객관적인 기준이라고 말합니다.\n\n 하지만 여러분이 생각하기에 모든 학생을 동일한 평가지표에 맞추어 평가하는 것이 올바른 방식이라고 생각하나요?\n\n 사람마다 특성이 존재하듯 각각의 목표 또한 다르고 성과도 다를 수 있습니다. 특정 기준에 의존해 본인의 성과도를 평가하는 것이 바르다고 생각되나요?\n\n 현재의 평가 방식은 최고의 객관적인 평가 방식이라고 생각하신다면 그 이유를 작성해주세요. 아니라면 어떤 평가 기준이 추가되어야 하고 또한 어떤 생각으로 평가가 이루어졌으면 좋겠는지 서술해 주세요.",
    "essay_type": "주장",
    "essay_level": "2",
    "essay_len": 806,
    "essay_main_subject": "평가에 대한 본인의 의견"
  }
}