{
  "paragraph": [
    {
      "paragraph_txt": "일반적으로 평가대상의 장점과 가치를 결정하는 과정을 말한다.#@문장구분# 학생들에게 동일한 평가지표에 맞줘 평가한는 건 옳치 않다 생각한다.#@문장구분# 교육평가의 정의를 목표달성도 확인, 의사결정을 위한 정보제공, 그리고 가치의 판단으로 구분할 수 있다.#@문장구분# 목표달성중심 정의는 교육평가를 교육과정과 수업활동을 통해 교육목표가 실제로 도달된 정도를 결정하는 과정으로 규정한다.#@문장구분# 이러한 관점은 교육목표를 평가의 준거 또는 표준으로 하여 교육과정 및 수업을 통해 획득된 성과를 측정하는 것을 교육평가의 초점으로 간주하고 있다.#@문장구분# 의사결정중심 정의는 교육평가를 교육과 관련된 의사결정을 내리는 데 필요한 정보를 수집하는 활동 또는 그 과정으로 규정한다.#@문장구분# 평가를 통해 구성원들은 상대적으로 차별화되기 때문에 결과에 대한 불만은 정도의 차이만 있을뿐 항상 존재하기 마련이다.#@문장구분# 실제로 일본 메이지 대학교의 나가노교수는 일본 R&D인력의 인사평가의 고정성에 대한 만족도가 5점 척도 중 평균인 3점에 채 미치지 못한다는 설문조사를 제시하면서 평가에 대한 구성원들의 불만이 크다는 점을 지적하였다.#@문장구분# 이처럼 평가에 대한 구성원들의 관심과 불만은 큰 데 비해 구성원들에게 이를 충분하게 납득시킬 객관적 평가 근거를 제시하는 것은 쉽지않다.#@문장구분# 더욱이 보상, 채용, 교육, 훈련등 다른 프로세스와의 밀접한 상호 관련성을 고려하여 평가 제도를 설계해야 한다는 점도 평가자에 있어서는 큰 부담이다.#@문장구분# 그럼에도 불구하고 올바른 성과주의 문화를 정착시키기 위해서는 공정하고 객관적인 평가 시스템의 구축이 반드시 필요하다.#@문장구분# 평가에 대해 갖고 있는 오해를 불식시키고 바른 해결점을 찾아가는 과정이 뒷받침 되어야 좋은 평가 시스템이 얻어질수 있는 것 같다.#@문장구분#",
      "paragraph_len": 1078,
      "paragraph_id": "001"
    }
  ],
  "score": {
    "paragraph_score": [
      {
        "paragraph_scoreT": [
          3,
          3,
          3
        ],
        "paragraph_scoreT_detail": {
          "paragraph_scoreT_exp": [
            [
              3,
              3,
              3
            ],
            [
              3,
              3,
              3
            ],
            [
              3,
              3,
              3
            ]
          ]
        },
        "paragraph_scoreT_avg": 3,
        "paragraph_id": "001"
      }
    ],
    "essay_scoreT": [
      26.3,
      27.2,
      30
    ],
    "essay_scoreT_avg": 27.833334,
    "essay_scoreT_detail": {
      "essay_scoreT_org": [
        [
          3,
          0,
          2,
          3
        ],
        [
          3,
          0,
          3,
          3
        ],
        [
          3,
          0,
          3,
          3
        ]
      ],
      "essay_scoreT_cont": [
        [
          2,
          3,
          2,
          2
        ],
        [
          3,
          2,
          2,
          2
        ],
        [
          3,
          3,
          3,
          3
        ]
      ],
      "essay_scoreT_exp": [
        [
          3,
          3,
          3
        ],
        [
          3,
          3,
          3
        ],
        [
          3,
          3,
          3
        ]
      ]
    }
  },
  "student": {
    "date": "2021.12.29",
    "student_educated": true,
    "student_grade": "고등_1학년",
    "location": "063",
    "student_grade_group": "고등",
    "student_reading": 2
  },
  "rubric": {
    "essay_grade": "고등_1학년",
    "organization_weight": {
      "org_paragraph": 0,
      "org": 3,
      "org_essay": 6,
      "org_coherence": 3,
      "org_quantity": 1
    },
    "essay_type": "주장",
    "content_weight": {
      "con_clearance": 3,
      "con_novelty": 3,
      "con": 4,
      "con_prompt": 1,
      "con_description": 3
    },
    "essay_main_subject": "평가에 대한 본인의 의견",
    "expression_weight": {
      "exp_style": 4,
      "exp_grammar": 2,
      "exp_vocab": 4,
      "exp": 3
    }
  },
  "correction": [],
  "info": {
    "essay_id": "ESSAY_84092",
    "essay_prompt": " 평가는 일반적으로 평가대상의 장점과 가치를 결정하는 과정을 말합니다.\n\n 세상에는 무수히 많은 평가 방법들이 존재하고 그 주제도 다양합니다.\n\n 우리나라의 경우는 어떨까요? 중간, 기말시험이 있고 미술과 같은 기본기와 창의성을 평가하는 과목도 있습니다. 체육과 같은 신체적인 능력을 평가하는 과목도 있지요. 모두 적절한 기준이 있으며 매우 객관적인 기준이라고 말합니다.\n\n 하지만 여러분이 생각하기에 모든 학생을 동일한 평가지표에 맞추어 평가하는 것이 올바른 방식이라고 생각하나요?\n\n 사람마다 특성이 존재하듯 각각의 목표 또한 다르고 성과도 다를 수 있습니다. 특정 기준에 의존해 본인의 성과도를 평가하는 것이 바르다고 생각되나요?\n\n 현재의 평가 방식은 최고의 객관적인 평가 방식이라고 생각하신다면 그 이유를 작성해주세요. 아니라면 어떤 평가 기준이 추가되어야 하고 또한 어떤 생각으로 평가가 이루어졌으면 좋겠는지 서술해 주세요.",
    "essay_type": "주장",
    "essay_level": "2",
    "essay_len": 836,
    "essay_main_subject": "평가에 대한 본인의 의견"
  }
}