{
  "paragraph": [
    {
      "paragraph_txt": "인종 차별은 말 그대로 서로 다른 인종에 계급을 두어 차별하는 것이다.#@문장구분# 인종차별은 지금은 많이 극복이 되었다 고들 하지만 아직도 정식으로 사회에 거론되는 만큼 우리에겐 생소한 단어가 아니다. #@문장구분#외국의 우리 해외 동포들이 겪은 이야기를 들어보면 꼭 한번쯤은 인종차별이란 것을 당해보았다는 것을 알 수 있다.#@문장구분# 또한 우리들도 한번쯤은 다른 인종을 무시하고 차별하여 본 적이 있었을 것이란 것은 부정 할 수 없을 것이다.#@문장구분# 예를 들어 어떠한 흑인을 보았다고 가정한다면, 우리들은 분명이 검둥이라거나 냄새가 난다는 등의 상대방을 비하하는 말을 분명히 내뱉었을 것이다.#@문장구분# 이것은 단순한 놀림이 아닌 인종 차별적 요소가 분명히 들어있는 발언이다. #@문장구분#자신은 무의식 중에 그런 발언을 했을지 몰라도, 그것은 자신의 무의식 어디엔 가 그러한 인종 차별적 관념이 들어있다는 이야기가 된다.#@문장구분# 그렇다고 당황해 할 필요는 없다.#@문장구분# 인종 차별은 인류가 저지른 크나큰 오류 중 하나이지만, 그 원인은 다양하니까 말이다.#@문장구분# 인종 차별의 원인 중 제일 큰 비중을 차지하는 하나는 , 문화적이나 사회적요인에서의 발전에 따른 사람들의 우월감일 것이다. #@문장구분#이 인종들보다 우리는 앞섰고, 따라서 이 사람들보다 우리는 훨씬 더 월등한 존재라는 말도 안 되는 착각을 토대로 우리는 가져서는 안 될 우월감을 다른 인종에 가지고 만 것이다.#@문장구분# 신항로를 개척한 백인들은 그만큼 해상 무역이 발달하였기 때문에 소위 그들이 말하는 '신대륙'을 발견할 수 있었다. #@문장구분#그들은 총이나 대포 같은 무기들을 발명하여 흑인들을 위협하고 노예로 삼는 과정에서 흑인들을 사람이 아닌 동물로 보기 시작했다.#@문장구분# 단지 앞선 무기를 가져 무력으로 흑인들을 지배 할 수 있었다는 이유로 흑인들을 한 단계 낮춰 보기 시작한 것이다. #@문장구분#그러한 노예제도, 즉 인종차별의 시발점이라 할 수 있는 제도가 링컨에 의하여 폐지 된지 142 년이 지났지만, 아직도 KKK 같은 백인 우월주의 집단이 있다는 것은 인종 차별 주의가 그 당시의 사회에 얼마나 뿌리깊게 박혔었는지를 알 수 있다. #@문장구분#역사적인 요인으로는 자신의 조국의 혼란을 극복하기 위하여 다른 곳으로 화살을 돌린 독재자들의 영향도 적지않을 것이다.#@문장구분# 제1차 세계 대전 후에 큰 경제적 혼란 속에 빠져있는 독일을 위해 나선 것이 히틀러였다. #@문장구분#히틀러는 일단 독일 국민들의 부활과 단합을 위하여 '독일 민족이 세계에서 최고'라는 정신을 심어줄 필요가 있다고 느꼈다. #@문장구분#그래서 그는 황,흑인종들과 집시, 그리고 유대인들을 탄압함으로써 독일 민족들에게 자부심을 심어주었다.#@문장구분# 독일 민족을 탓할 수는 없다. #@문장구분#만약 독일 민족이 그렇게 큰 경제적 공황 속에 빠져 있지 않았다면 그들은 히틀러를 따르지 않았을 것이다.#@문장구분# 요즘에는 누구나 히틀러가 나쁜 사람이었다는 것을 인정하지만, 그러나 아직도 나치를 옹호하며 다른 인종들을 깔보는 독일인들이 있다는 것이 문제이다. #@문장구분#그들은 현대판 나치를 재구성 하여 활동 하고 있다고 한다.#@문장구분# 인종 차별의 이러한 여러 가지 시발점은 아주 오래 전에 일어난 것인데도 인종 차별주의는 지금까지 사람들에서 다른 사람들로 보이지 않는 암세포처럼 뻗어 가고 있다.#@문장구분# 특히 인종 차별주의에 의하여 일어나는 옛날의 범죄들은 가해자와 피해자가 확실히 보였지만, 지금은 누구든 그것이 나쁜 것이라는 것을 알기에 몰래 이루어 진다.#@문장구분# 그래서 더 관리하기가 힘들기 때문에 범죄가 일어난 뒤 그 범죄자를 잡기보다는 근본적으로 그러한 사상을 고취하는 것이 더 급선무일 것이다.#@문장구분# \n첫째, 백인종, 황인종, 흑인종간의 문화적 교류를 통하여 서로의 다른 생활을 이해하고 받아들인다.#@문장구분# 받아들이는 것은 무조건 남의 것이 좋다는 식으로 받아들이라는 것이 아니다.#@문장구분# 서로의 장점을 알고 자신의 단점을 보완하여 다 함께 동질감을 느낄 수 있게 하자는 말이다.#@문장구분# 또한 서로의 문화에 대하여 이러쿵 저러쿵 말하는 것도 중지한다.#@문장구분# 외국인들이 우리나라의 개 문화에 '역시 황인종이라'라는 말을 듣는 것이 기분 나쁘다면 우리도 역시 그들의 문화에 간섭하지 말아야 한다.#@문장구분# 둘째, 아직도 인종 차별이 세계 각지에서 일어나고 있다는 것을 직시한다. #@문장구분#개인적으로 우리나라의 외국인 노동자들에 대한 차별이 이루어 지고 있는 것에 대한 다큐멘터리나 프로그램 등이 더 많았으면 한다.#@문장구분# 또한 외국인 뿐만이 아니라 우리 나라 동포들의 고통도 똑 같은 대우를 받고 있을 수도 있다는 것을 알자.#@문장구분# 내가 외국에 유학차 머물면서 학교를 다닐 때, 제시카라는 옆 반 친구가 있었는데 황인종을 많이 싫어하여 다른 사람들 몰래 나를 많이 차별했다.#@문장구분# 제시카의 동생도 마찬가지였다.#@문장구분# 그러나 나는 화를 내지 않고 다른 사람들을 대하듯이 그들을 똑같이 대하며 타일렀다.#@문장구분# 그러자 그들도 결국엔 나에게 다른 사람들이 대하듯이 대해주었다.#@문장구분# 이런 일이 있기 전까지만 해도 나는 인종 차별이란 나와는 상관 없는 이야기라 생각했다.#@문장구분# 하지만 그것은 그렇게 생소한 단어가 아니었다.#@문장구분# 인종 차별에 대하여 소홀히 생각하지 않는 것, 그것이 인종 차별에 대한 해결방안의 첫번째 열쇠이다. #@문장구분#셋째, 서로 다른 인종에 대한 편견을 버린다. #@문장구분#예를 들어 백인들은 무조건 간사다는, 흑인들은 냄새가 난다는 등의 편견을 버린다. #@문장구분#그들도 우리와 같은 인간인데 우리는 무엇을 그리 망설이며 대화하기를 꺼리는 것인가.#@문장구분# 우리가 먼저 마음을 열면 자연히 인종 차별은 극복될 것이다.#@문장구분# KKK, 백인 우월 집단도 결국은 백인이 우월하다는 오랜 고정관념 속에서 허우적거리고 있는 것이다. #@문장구분#인종 차별 주의는 어제 아침의 짧은 시간에 일어난 일이 아니다. #@문장구분#그것은 오랫동안 역사 속에서 뿌리를 내리며 사람들의 무의식 속에 녹아 들었다. #@문장구분#그러나 그것을 타파하느냐, 아니면 우리도 같이 녹아 드느냐는 순전히 우리들의 마음가짐에 달렸다.#@문장구분# 우리는 인종 차별에 대하여 파악하고 현실적으로 대처하여 나가야 할 것이다.",
      "paragraph_len": 3792,
      "paragraph_id": "001"
    }
  ],
  "score": {
    "paragraph_score": [
      {
        "paragraph_scoreT": [
          3,
          3,
          3
        ],
        "paragraph_scoreT_detail": {
          "paragraph_scoreT_exp": [
            [
              3,
              3,
              3
            ],
            [
              3,
              3,
              3
            ],
            [
              3,
              3,
              3
            ]
          ]
        },
        "paragraph_scoreT_avg": 3,
        "paragraph_id": "001"
      }
    ],
    "essay_scoreT": [
      30,
      28.2,
      25.8
    ],
    "essay_scoreT_avg": 28,
    "essay_scoreT_detail": {
      "essay_scoreT_org": [
        [
          3,
          3,
          3,
          3
        ],
        [
          2,
          2,
          3,
          3
        ],
        [
          2,
          2,
          3,
          3
        ]
      ],
      "essay_scoreT_cont": [
        [
          3,
          3,
          3,
          3
        ],
        [
          3,
          3,
          3,
          3
        ],
        [
          2,
          3,
          3,
          3
        ]
      ],
      "essay_scoreT_exp": [
        [
          3,
          3,
          3
        ],
        [
          3,
          3,
          3
        ],
        [
          3,
          3,
          2
        ]
      ]
    }
  },
  "student": {
    "date": "2021.12.08",
    "student_educated": true,
    "student_grade": "고등_2학년",
    "location": "063",
    "student_grade_group": "고등",
    "student_reading": 1
  },
  "rubric": {
    "essay_grade": "고등_2학년",
    "organization_weight": {
      "org_paragraph": 3,
      "org": 3,
      "org_essay": 3,
      "org_coherence": 3,
      "org_quantity": 1
    },
    "essay_type": "주장",
    "content_weight": {
      "con_clearance": 3,
      "con_novelty": 3,
      "con": 4,
      "con_prompt": 1,
      "con_description": 3
    },
    "essay_main_subject": "인종차별에 대한 본인의 생각",
    "expression_weight": {
      "exp_style": 4,
      "exp_grammar": 2,
      "exp_vocab": 4,
      "exp": 3
    }
  },
  "correction": [],
  "info": {
    "essay_id": "ESSAY_57420",
    "essay_prompt": " 최근 중국발 코로나바이러스로 인해 동양인에 대한 혐오감을 나타내는 서양인들이 늘어나고 있습니다. 그로 인해, 매스컴이나 SNS에서 인종차별을 받아 힘들어하는 동양인들을 자주 목격할 수 있습니다.\n\n 하지만, 최근에만 인종차별이 존재했을까요? 아닙니다. 아주 오래전부터 다른 인종에 대한 차별은 있었습니다.\n\n 우리나라에서는 인종차별을 안 하고 있을까요? 아닙니다. 우리나라에서도 알게 모르게 많은 부분에서 다른 국가의 사람들에 대해 인종차별을 하고 있으며 누군가에게 상처를 주고 있습니다.\n\n 즉, 인종차별은 누군가의 문제가 아니라 우리 모두의 문제입니다.\n\n 여러분들은 인종차별을 당해보신 적 있나요? 인종차별을 하는 사람들에 대해 어떻게 생각하시나요? 왜 생겨났다고 생각하나요? 인종차별을 근절하기 위해서는 어떻게 해야 할까요? 인종차별을 하는 사람들에 대해 전 세계적으로 처벌의 강도를 높여야 할까요?\n\n 인종차별을 하는 사람들에 대한 본인의 생각을 작성하고 인종차별은 해결할 수 있는 문제일지 아니면 해결하지 어려운 문제일지 작성해주세요. 또한, 그렇게 생각한 이유와 본인이 생각한 해결방법 혹은 해결할 수 없다면 왜 해결할 수 없다고 생각하는지 작성해주세요.",
    "essay_type": "주장",
    "essay_level": "1",
    "essay_len": 2813,
    "essay_main_subject": "인종차별에 대한 본인의 생각"
  }
}