{
  "paragraph": [
    {
      "paragraph_txt": "저는 평가 기준이 모든 학생에게 똑같이 주어져야한다고 생각을 합니다. #@문장구분#저는 오히려 사람들에 따라서 평가기준을 바꾸어서 하는 것이 차별이라고 생각을 합니다.#@문장구분# 사람들은 누구나 더 잘하고 또 더 좋아하는 분야가 있을 것입니다.#@문장구분# 이러하니유로 인해서 이러한 분야에서는 그 사람이 당연히 더 좋은 결과의 평가를 받을 것이고, 또 더 나은 평가를 받게 될 것입니다.#@문장구분# 저는 이러한 것이 당연하다고 생각을 합니다.#@문장구분# 당연히 누군가는 머리가 좋고 누군가는 머리가 나빠서 평가의 결과가 다를 수 있다고 생각을 합니다. #@문장구분#그렇지만 우리는 모두 오직 하나의 것에서만 평가를 하지 않습니다. #@문장구분#예를 들어서 학교에서는 시험을 쳐서 공부에 대한 성취도에 대해서 평가를 하기도 하고, 또 실기시험을 쳐서 운동능력이나 음악적 능력에 대한 평가를 하기도 합니다.#@문장구분# 또한 이러한 부분들에서 평가를 하게 된다면 어떠한 사람은 공부의 영역에서 더 좋은 평가를 받기도 하고 어떤사람은 운동의 부분에서 더 좋은 평가를 받기도 하고 어떤사람은 음악의 영역에서 좋은 평가를 받기도 합니다.#@문장구분# 이러한식으로 어떠한 분야에서는 좋은 성적을 받기도 하지만 당연히 어떠한 분야에서는 좋지 않은 성적을 받기도 합니다.#@문장구분# 저는 이런 점이 당연하다고 생각을 합니다.#@문장구분# 또한 평가로 인해서 자신의 부족한 점을 알아야지만 더욱 더 올바른 노력을 하게 될 수 있다고 생각을 합니다.#@문장구분# 게다가 이러한 평가로 인해서 자신의 재능을 더 잘 알아볼 수 있다고 생각을 합니다.#@문장구분# 이러한 공평한 평가를 하기 위해서는 평가의 기준이 같아야한다고 생각합니다.#@문장구분# 만약 평가의 기준이 모두에게 다르다면 올바르고 공평한 평가를 하지 못할것이라고 생각합니다.#@문장구분# 그렇기때문에 저는 이러한 평가의 기준이 모두에게 같아야 한다고 생각을 합니다.#@문장구분#",
      "paragraph_len": 1177,
      "paragraph_id": "001"
    }
  ],
  "score": {
    "paragraph_score": [
      {
        "paragraph_scoreT": [
          2,
          2,
          2
        ],
        "paragraph_scoreT_detail": {
          "paragraph_scoreT_exp": [
            [
              2,
              2,
              2
            ],
            [
              2,
              2,
              2
            ],
            [
              2,
              2,
              2
            ]
          ]
        },
        "paragraph_scoreT_avg": 2,
        "paragraph_id": "001"
      }
    ],
    "essay_scoreT": [
      24.2,
      23.099998,
      21.9
    ],
    "essay_scoreT_avg": 23.066666,
    "essay_scoreT_detail": {
      "essay_scoreT_org": [
        [
          3,
          0,
          3,
          3
        ],
        [
          2,
          0,
          2,
          3
        ],
        [
          2,
          0,
          2,
          3
        ]
      ],
      "essay_scoreT_cont": [
        [
          3,
          2,
          2,
          2
        ],
        [
          3,
          3,
          3,
          2
        ],
        [
          3,
          2,
          3,
          2
        ]
      ],
      "essay_scoreT_exp": [
        [
          2,
          2,
          2
        ],
        [
          2,
          2,
          2
        ],
        [
          2,
          2,
          2
        ]
      ]
    }
  },
  "student": {
    "date": "2021.12.24",
    "student_educated": true,
    "student_grade": "고등_1학년",
    "location": "054",
    "student_grade_group": "고등",
    "student_reading": 1
  },
  "rubric": {
    "essay_grade": "고등_1학년",
    "organization_weight": {
      "org_paragraph": 0,
      "org": 3,
      "org_essay": 6,
      "org_coherence": 3,
      "org_quantity": 1
    },
    "essay_type": "주장",
    "content_weight": {
      "con_clearance": 3,
      "con_novelty": 3,
      "con": 4,
      "con_prompt": 1,
      "con_description": 3
    },
    "essay_main_subject": "평가에 대한 본인의 의견",
    "expression_weight": {
      "exp_style": 4,
      "exp_grammar": 2,
      "exp_vocab": 4,
      "exp": 3
    }
  },
  "correction": [],
  "info": {
    "essay_id": "ESSAY_78518",
    "essay_prompt": " 평가는 일반적으로 평가대상의 장점과 가치를 결정하는 과정을 말합니다.\n\n 세상에는 무수히 많은 평가 방법들이 존재하고 그 주제도 다양합니다.\n\n 우리나라의 경우는 어떨까요? 중간, 기말시험이 있고 미술과 같은 기본기와 창의성을 평가하는 과목도 있습니다. 체육과 같은 신체적인 능력을 평가하는 과목도 있지요. 모두 적절한 기준이 있으며 매우 객관적인 기준이라고 말합니다.\n\n 하지만 여러분이 생각하기에 모든 학생을 동일한 평가지표에 맞추어 평가하는 것이 올바른 방식이라고 생각하나요?\n\n 사람마다 특성이 존재하듯 각각의 목표 또한 다르고 성과도 다를 수 있습니다. 특정 기준에 의존해 본인의 성과도를 평가하는 것이 바르다고 생각되나요?\n\n 현재의 평가 방식은 최고의 객관적인 평가 방식이라고 생각하신다면 그 이유를 작성해주세요. 아니라면 어떤 평가 기준이 추가되어야 하고 또한 어떤 생각으로 평가가 이루어졌으면 좋겠는지 서술해 주세요.",
    "essay_type": "주장",
    "essay_level": "2",
    "essay_len": 858,
    "essay_main_subject": "평가에 대한 본인의 의견"
  }
}