{
  "paragraph": [
    {
      "paragraph_txt": "동일한 평가 기준에 맞추어서 자신을 변화시키는 것이 바로 노력과 열정이라고 저는 생각합니다.#@문장구분# 평가는 일반적으로 평가대상의 장점과 가치를 결정하는 과정을 말합니다. #@문장구분#세상에는 무수히 많은 평가 방법들이 존재하고 그 주제도 다양합니다.#@문장구분#노력과 열정을 증명하기 위해서 평가기준대로 정석적으로 자신을 바꾸어야 한다고 생각합니다.#@문장구분# 우리나라의 경우는 어떨까요? #@문장구분#중간, 기말시험이 있고 미술과 같은 기본기와 창의성을 평가하는 과목도 있습니다.#@문장구분# 체육과 같은 신체적인 능력을 평가하는 과목도 있지요.#@문장구분# 모두 적절한 기준이 있으며 매우 객관적인 기준이라고 말합니다.#@문장구분#하지만 여러분이 생각하기에 모든 학생을 동일한 평가지표에 맞추어 평가하는 것이 올바른 방식이라고 생각하나요?#@문장구분#물론 사람들은 다다른 특성들을 가지고 있기 때문에 모두 만족할 수는 없지만 자신에게 유리한 평가기준을 찾아서 그 기준에 맞추어서 한다면 유리해질 수 있고 플러스 점수를 받을 수 있다고 생각하는 바입니다.#@문장구분# 사람마다 특성이 존재하듯 각각의 목표 또한 다르고 성과도 다를 수 있습니다.#@문장구분# 특정 기준에 의존해 본인의 성과도를 평가하는 것이 바르다고 생각되나요?#@문장구분#평가기준이 너무 한 가지만 있다고 실망하고 좌절하고 화내는 사람들은 나약한 사람들이라고 저는 생각합니다.#@문장구분# 그러므로 저는 이러한 근거와 이유를 들어서 모든 사람들에게 평가기준은 동일하게 적용하는 것이 맞다고 생각합니다. . #@문장구분#또한 평가기준을 핑계로 포기하려는 빌미를 만든 것이라고 느껴집니다. #@문장구분#현재의 평가 방식은 최고의 객관적인 평가 방식이라고 생각하신다면 그 이유를 작성해보았습니다.#@문장구분#",
      "paragraph_len": 1092,
      "paragraph_id": "001"
    }
  ],
  "score": {
    "paragraph_score": [
      {
        "paragraph_scoreT": [
          1.6,
          2,
          2
        ],
        "paragraph_scoreT_detail": {
          "paragraph_scoreT_exp": [
            [
              2,
              1,
              2
            ],
            [
              2,
              2,
              2
            ],
            [
              2,
              2,
              2
            ]
          ]
        },
        "paragraph_scoreT_avg": 1.8666667,
        "paragraph_id": "001"
      }
    ],
    "essay_scoreT": [
      24.6,
      21.2,
      21.5
    ],
    "essay_scoreT_avg": 22.433334,
    "essay_scoreT_detail": {
      "essay_scoreT_org": [
        [
          3,
          0,
          3,
          3
        ],
        [
          2,
          0,
          2,
          2
        ],
        [
          2,
          0,
          2,
          3
        ]
      ],
      "essay_scoreT_cont": [
        [
          3,
          3,
          3,
          2
        ],
        [
          3,
          2,
          2,
          2
        ],
        [
          3,
          2,
          2,
          2
        ]
      ],
      "essay_scoreT_exp": [
        [
          2,
          1,
          2
        ],
        [
          2,
          2,
          2
        ],
        [
          2,
          2,
          2
        ]
      ]
    }
  },
  "student": {
    "date": "2021.12.25",
    "student_educated": true,
    "student_grade": "고등_1학년",
    "location": "054",
    "student_grade_group": "고등",
    "student_reading": 3
  },
  "rubric": {
    "essay_grade": "고등_1학년",
    "organization_weight": {
      "org_paragraph": 0,
      "org": 3,
      "org_essay": 6,
      "org_coherence": 3,
      "org_quantity": 1
    },
    "essay_type": "주장",
    "content_weight": {
      "con_clearance": 3,
      "con_novelty": 3,
      "con": 4,
      "con_prompt": 1,
      "con_description": 3
    },
    "essay_main_subject": "평가에 대한 본인의 의견",
    "expression_weight": {
      "exp_style": 4,
      "exp_grammar": 2,
      "exp_vocab": 4,
      "exp": 3
    }
  },
  "correction": [],
  "info": {
    "essay_id": "ESSAY_78527",
    "essay_prompt": " 평가는 일반적으로 평가대상의 장점과 가치를 결정하는 과정을 말합니다.\n\n 세상에는 무수히 많은 평가 방법들이 존재하고 그 주제도 다양합니다.\n\n 우리나라의 경우는 어떨까요? 중간, 기말시험이 있고 미술과 같은 기본기와 창의성을 평가하는 과목도 있습니다. 체육과 같은 신체적인 능력을 평가하는 과목도 있지요. 모두 적절한 기준이 있으며 매우 객관적인 기준이라고 말합니다.\n\n 하지만 여러분이 생각하기에 모든 학생을 동일한 평가지표에 맞추어 평가하는 것이 올바른 방식이라고 생각하나요?\n\n 사람마다 특성이 존재하듯 각각의 목표 또한 다르고 성과도 다를 수 있습니다. 특정 기준에 의존해 본인의 성과도를 평가하는 것이 바르다고 생각되나요?\n\n 현재의 평가 방식은 최고의 객관적인 평가 방식이라고 생각하신다면 그 이유를 작성해주세요. 아니라면 어떤 평가 기준이 추가되어야 하고 또한 어떤 생각으로 평가가 이루어졌으면 좋겠는지 서술해 주세요.",
    "essay_type": "주장",
    "essay_level": "2",
    "essay_len": 773,
    "essay_main_subject": "평가에 대한 본인의 의견"
  }
}