{
  "paragraph": [
    {
      "paragraph_txt": "인종차별의 해결 방법은 초등학교에서부터 외국인에 대한 올바른 인식을 가질수 있도록 교육을 강화해야 합니다. #@문장구분#우리 사회에 있어 외국인에 대한 편견은 상당히 뿌리 깊다고 할수 있습니다. #@문장구분#이러한 편견을 뿌리 뽑기 위해서는 무엇보다 학교에서부터 외국인에 대한 차별적 내용을 삭제하고, 외국인들 역시 우리나라 사람과 똑같은 사람이며, 존중받아야할 사람이라는 것을 교육할 필요가 있습니다. #@문장구분#그리고 외국인에 대한 우리나라에서의 사회참여기회를 보장할 필요가 있다고 생각합니다. #@문장구분#사실 외국인분들이 편견이나 차별로 인하여 국내에서 결제생활에 참여 받지 못하는 경우가 많이 있습니다. #@문장구분#일상적 직장생활이나 학교생활을 하고 싶어도 사회적 편견으로 인하여 이를 포기하는 경우도 적지 않은 바, 법적 제도적으로 외국인에 대한 사회적 참여 기회를 보장해야 된다고 생각합니다. #@문장구분#그리고 주한외국인에 대한 정책적 지원을 강화해야 합니다. #@문장구분#외국인들에 대하여 편견을 줄이려면 무엇보다 외국인에 대한 지원과 사회통합 대책을 강화해야 합니다,#@문장구분# 주한 외국인들도 엄연한 한국사회의 일원입니다.#@문장구분# 대부분 외국인분들이 실업상태이거나 결혼이주로 인해 한국어 미숙 등으로 어려움을 겪고 있는 경우가 많은 바 그들이 사회활동을 하며 다양한 대인관계를 맺을 수 있도록 경제적 지원 및 사회복지적 대책을 강구해야 될것입니다. #@문장구분#우리나라에서는 최초의 여성 대통령이 탄생할 정도로 여성의 지위가 높아졌다고는 하지만, 아직 우리 사회에 있어 외국인에 대한편견과 부정적 인식은 상당하다고 생각합니다.#@문장구분# 과거 우리나라에 있어 여성의 지위는 남성에 비하여 상당히 저평가되었왔으나 현대사회에 있어서 남성과 거의 동등해졌음을 고려할 때, 외국인에 대한 편견과 고정관념을 고치려는 사회적 노력이 병행된다면 가까운 미래 우리사회의 외국인에 대한 편견과 고정관념도 사라질 것이라고 기대합니다.#@문장구분#",
      "paragraph_len": 1141,
      "paragraph_id": "001"
    }
  ],
  "score": {
    "paragraph_score": [
      {
        "paragraph_scoreT": [
          2.8,
          2.8,
          3
        ],
        "paragraph_scoreT_detail": {
          "paragraph_scoreT_exp": [
            [
              2,
              3,
              3
            ],
            [
              2,
              3,
              3
            ],
            [
              3,
              3,
              3
            ]
          ]
        },
        "paragraph_scoreT_avg": 2.8666668,
        "paragraph_id": "001"
      }
    ],
    "essay_scoreT": [
      27.900002,
      26.9,
      29.1
    ],
    "essay_scoreT_avg": 27.966667,
    "essay_scoreT_detail": {
      "essay_scoreT_org": [
        [
          3,
          3,
          3,
          2
        ],
        [
          2,
          3,
          3,
          3
        ],
        [
          3,
          3,
          2,
          3
        ]
      ],
      "essay_scoreT_cont": [
        [
          3,
          2,
          3,
          3
        ],
        [
          3,
          2,
          2,
          3
        ],
        [
          3,
          3,
          3,
          3
        ]
      ],
      "essay_scoreT_exp": [
        [
          2,
          3,
          3
        ],
        [
          2,
          3,
          3
        ],
        [
          3,
          3,
          3
        ]
      ]
    }
  },
  "student": {
    "date": "2021.11.28",
    "student_educated": true,
    "student_grade": "고등_2학년",
    "location": "063",
    "student_grade_group": "고등",
    "student_reading": 1
  },
  "rubric": {
    "essay_grade": "고등_2학년",
    "organization_weight": {
      "org_paragraph": 3,
      "org": 3,
      "org_essay": 3,
      "org_coherence": 3,
      "org_quantity": 1
    },
    "essay_type": "주장",
    "content_weight": {
      "con_clearance": 3,
      "con_novelty": 3,
      "con": 4,
      "con_prompt": 1,
      "con_description": 3
    },
    "essay_main_subject": "인종차별에 대한 본인의 생각",
    "expression_weight": {
      "exp_style": 4,
      "exp_grammar": 2,
      "exp_vocab": 4,
      "exp": 3
    }
  },
  "correction": [],
  "info": {
    "essay_id": "ESSAY_53102",
    "essay_prompt": " 최근 중국발 코로나바이러스로 인해 동양인에 대한 혐오감을 나타내는 서양인들이 늘어나고 있습니다. 그로 인해, 매스컴이나 SNS에서 인종차별을 받아 힘들어하는 동양인들을 자주 목격할 수 있습니다.\n\n 하지만, 최근에만 인종차별이 존재했을까요? 아닙니다. 아주 오래전부터 다른 인종에 대한 차별은 있었습니다.\n\n 우리나라에서는 인종차별을 안 하고 있을까요? 아닙니다. 우리나라에서도 알게 모르게 많은 부분에서 다른 국가의 사람들에 대해 인종차별을 하고 있으며 누군가에게 상처를 주고 있습니다.\n\n 즉, 인종차별은 누군가의 문제가 아니라 우리 모두의 문제입니다.\n\n 여러분들은 인종차별을 당해보신 적 있나요? 인종차별을 하는 사람들에 대해 어떻게 생각하시나요? 왜 생겨났다고 생각하나요? 인종차별을 근절하기 위해서는 어떻게 해야 할까요? 인종차별을 하는 사람들에 대해 전 세계적으로 처벌의 강도를 높여야 할까요?\n\n 인종차별을 하는 사람들에 대한 본인의 생각을 작성하고 인종차별은 해결할 수 있는 문제일지 아니면 해결하지 어려운 문제일지 작성해주세요. 또한, 그렇게 생각한 이유와 본인이 생각한 해결방법 혹은 해결할 수 없다면 왜 해결할 수 없다고 생각하는지 작성해주세요.",
    "essay_type": "주장",
    "essay_level": "1",
    "essay_len": 901,
    "essay_main_subject": "인종차별에 대한 본인의 생각"
  }
}