{
  "paragraph": [
    {
      "paragraph_txt": "수능은 누구나 태어나 피하기 어려운 시험이라는 사실을 인정할 수 밖에 없다. #@문장구분#하지만 기존의 형식을 그대로 나타낸다.#@문장구분# 대부분이 생각하는 수학능력시험(수능)은 복습용 차원이라고 생각하겠지만 거기에다 자신이 배우지 못한 지식을 활용한다는 것이다.#@문장구분# 해서 수학능력시험(수능)에 대해서 나는 교육평가의 정의를 제대로 실현하지 못한다고 생각한다.#@문장구분# 가끔씩 수학능력시험(수능)에 대한 뉴스나 기사를 보는데 별로 달라진 점이 없다.#@문장구분# 또한 기존의 수학능력시험(수능)은 자신의 지식 복습 범위를 증폭시킬 수 있지만 또다른 외부의 지식을 사용하여 한계를 넣어버릴 수 있다.#@문장구분# 지금의 수학능력시험(수능)에 대한 정보를 다 넘겨진 것은 사실이지만 내년에 나오는 수학능력시험(수능)때 자신의 지식만을 사용하는 것은 안 될 일이지만 뇌가 복잡해지는 것을 막기 위해서 수학능력시험이 교육평가의 정의를 제대로 실현하지 않다고 생각한다.#@문장구분#",
      "paragraph_len": 587,
      "paragraph_id": "001"
    }
  ],
  "score": {
    "paragraph_score": [
      {
        "paragraph_scoreT": [
          2.6,
          2.6,
          2
        ],
        "paragraph_scoreT_detail": {
          "paragraph_scoreT_exp": [
            [
              3,
              3,
              2
            ],
            [
              3,
              2,
              3
            ],
            [
              2,
              2,
              2
            ]
          ]
        },
        "paragraph_scoreT_avg": 2.3999999,
        "paragraph_id": "001"
      }
    ],
    "essay_scoreT": [
      25.2,
      24.3,
      21.6
    ],
    "essay_scoreT_avg": 23.699999,
    "essay_scoreT_detail": {
      "essay_scoreT_org": [
        [
          3,
          0,
          2,
          2
        ],
        [
          2,
          0,
          3,
          2
        ],
        [
          2,
          0,
          3,
          3
        ]
      ],
      "essay_scoreT_cont": [
        [
          2,
          2,
          3,
          3
        ],
        [
          3,
          2,
          3,
          2
        ],
        [
          2,
          2,
          3,
          2
        ]
      ],
      "essay_scoreT_exp": [
        [
          3,
          3,
          2
        ],
        [
          3,
          2,
          3
        ],
        [
          2,
          2,
          2
        ]
      ]
    }
  },
  "student": {
    "date": "2021.09.07",
    "student_educated": true,
    "student_grade": "고등_1학년",
    "location": "051",
    "student_grade_group": "고등",
    "student_reading": 3
  },
  "rubric": {
    "essay_grade": "고등_1학년",
    "organization_weight": {
      "org_paragraph": 0,
      "org": 3,
      "org_essay": 6,
      "org_coherence": 3,
      "org_quantity": 1
    },
    "essay_type": "주장",
    "content_weight": {
      "con_clearance": 3,
      "con_novelty": 3,
      "con": 4,
      "con_prompt": 1,
      "con_description": 3
    },
    "essay_main_subject": "평가에 대한 본인의 의견",
    "expression_weight": {
      "exp_style": 4,
      "exp_grammar": 2,
      "exp_vocab": 4,
      "exp": 3
    }
  },
  "correction": [],
  "info": {
    "essay_id": "ESSAY_35533",
    "essay_prompt": " 평가는 일반적으로 평가대상의 장점과 가치를 결정하는 과정을 말합니다.\n\n 세상에는 무수히 많은 평가 방법들이 존재하고 그 주제도 다양합니다.\n\n 우리나라의 경우는 어떨까요? 중간, 기말시험이 있고 미술과 같은 기본기와 창의성을 평가하는 과목도 있습니다. 체육과 같은 신체적인 능력을 평가하는 과목도 있지요. 모두 적절한 기준이 있으며 매우 객관적인 기준이라고 말합니다.\n\n 하지만 여러분이 생각하기에 모든 학생을 동일한 평가지표에 맞추어 평가하는 것이 올바른 방식이라고 생각하나요?\n\n 사람마다 특성이 존재하듯 각각의 목표 또한 다르고 성과도 다를 수 있습니다. 특정 기준에 의존해 본인의 성과도를 평가하는 것이 바르다고 생각되나요?\n\n 현재의 평가 방식은 최고의 객관적인 평가 방식이라고 생각하신다면 그 이유를 작성해주세요. 아니라면 어떤 평가 기준이 추가되어야 하고 또한 어떤 생각으로 평가가 이루어졌으면 좋겠는지 서술해 주세요.",
    "essay_type": "주장",
    "essay_level": "2",
    "essay_len": 447,
    "essay_main_subject": "평가에 대한 본인의 의견"
  }
}