{
  "paragraph": [
    {
      "paragraph_txt": "동일한 평가지표를 맞추는 상황도 있고, 사람마다 다른 평가지표를 맞추어야 하는 상황도 있어서 유동적으로 사용하는 것이 좋다고 생각합니다.#@문장구분# 어떤 문제에든 한 가지 방향으로 가는 것에는 항상 결함이 존재하기 마련입니다.#@문장구분#이러한 평가방식을 정하는 과정에서도 똑같습니다.#@문장구분# 동일한 지표로 모든 사람들을 평가하게 되면 정말 공평하다는 얘기를 들을 수는 있겠지만, 정확하게 그 사람에 대해서 평가했다고는 말하기 어려울 것이라고 생각합니다. #@문장구분#각자가 가진 장점과 단점이 다 다를 것인데 그 사람들을 한가지 동일한 평가지표로만 평가한다는 것은 올바른 평가방식이 아닐 수도 있기 때문입니다.#@문장구분# 그래서 모든 사람들의 특징에 맞게 평가를 실시한다고 하더라도, 그 많은 사람들을 일일이 각자의 평가방식으로 평가하기에도 어려움이 있습니다.#@문장구분# 일단 많은 시간과 힘이 소요되고, 다른 사람들이 봤을 때 난이도에 차이가 발생할 수도 있습니다. #@문장구분#그러한 부분은 공평하지 못하다는 평가를 많이 받게 되어서 결국에는 일일이 해명해야하는 상황이 발생할 수도 있습니다. #@문장구분#그래서 저는 동일한 평가지표와 그렇지 않는 평가지표를 적재적소에 사용해야 한다고 생각합니다.#@문장구분# 아주 많은 인원들의 암기 과목 점수를 매겨야 할 때는 동일한 평가지표를, 예체능과 같은 개인의 역량에 따라 달린 과목들은 개인마다 다른 평가지표를 내세워야 한다고 생각합니다.#@문장구분# 수준이 어느 정도 높은 경지에 있는 사람에게는 어려운 난이도의 평가지표를, 아예 무의 상태에 있는 사람에게는 기초적인 난이도의 평가지표를 제시하는 것이 공평할 수도 있다고 생각합니다.#@문장구분# 모두에게 점수를 잘 맞을 수 있는 기회를 주는 것입니다.#@문장구분#",
      "paragraph_len": 1040,
      "paragraph_id": "001"
    }
  ],
  "score": {
    "paragraph_score": [
      {
        "paragraph_scoreT": [
          2.8,
          2,
          2
        ],
        "paragraph_scoreT_detail": {
          "paragraph_scoreT_exp": [
            [
              2,
              3,
              3
            ],
            [
              2,
              2,
              2
            ],
            [
              2,
              2,
              2
            ]
          ]
        },
        "paragraph_scoreT_avg": 2.2666667,
        "paragraph_id": "001"
      }
    ],
    "essay_scoreT": [
      25.5,
      22.4,
      22.4
    ],
    "essay_scoreT_avg": 23.433334,
    "essay_scoreT_detail": {
      "essay_scoreT_org": [
        [
          2,
          0,
          2,
          3
        ],
        [
          2,
          0,
          2,
          2
        ],
        [
          2,
          0,
          2,
          2
        ]
      ],
      "essay_scoreT_cont": [
        [
          3,
          2,
          3,
          3
        ],
        [
          3,
          3,
          2,
          2
        ],
        [
          3,
          2,
          2,
          3
        ]
      ],
      "essay_scoreT_exp": [
        [
          2,
          3,
          3
        ],
        [
          2,
          2,
          2
        ],
        [
          2,
          2,
          2
        ]
      ]
    }
  },
  "student": {
    "date": "2021.12.23",
    "student_educated": true,
    "student_grade": "고등_1학년",
    "location": "054",
    "student_grade_group": "고등",
    "student_reading": 2
  },
  "rubric": {
    "essay_grade": "고등_1학년",
    "organization_weight": {
      "org_paragraph": 0,
      "org": 3,
      "org_essay": 6,
      "org_coherence": 3,
      "org_quantity": 1
    },
    "essay_type": "주장",
    "content_weight": {
      "con_clearance": 3,
      "con_novelty": 3,
      "con": 4,
      "con_prompt": 1,
      "con_description": 3
    },
    "essay_main_subject": "평가에 대한 본인의 의견",
    "expression_weight": {
      "exp_style": 4,
      "exp_grammar": 2,
      "exp_vocab": 4,
      "exp": 3
    }
  },
  "correction": [],
  "info": {
    "essay_id": "ESSAY_78511",
    "essay_prompt": " 평가는 일반적으로 평가대상의 장점과 가치를 결정하는 과정을 말합니다.\n\n 세상에는 무수히 많은 평가 방법들이 존재하고 그 주제도 다양합니다.\n\n 우리나라의 경우는 어떨까요? 중간, 기말시험이 있고 미술과 같은 기본기와 창의성을 평가하는 과목도 있습니다. 체육과 같은 신체적인 능력을 평가하는 과목도 있지요. 모두 적절한 기준이 있으며 매우 객관적인 기준이라고 말합니다.\n\n 하지만 여러분이 생각하기에 모든 학생을 동일한 평가지표에 맞추어 평가하는 것이 올바른 방식이라고 생각하나요?\n\n 사람마다 특성이 존재하듯 각각의 목표 또한 다르고 성과도 다를 수 있습니다. 특정 기준에 의존해 본인의 성과도를 평가하는 것이 바르다고 생각되나요?\n\n 현재의 평가 방식은 최고의 객관적인 평가 방식이라고 생각하신다면 그 이유를 작성해주세요. 아니라면 어떤 평가 기준이 추가되어야 하고 또한 어떤 생각으로 평가가 이루어졌으면 좋겠는지 서술해 주세요.",
    "essay_type": "주장",
    "essay_level": "2",
    "essay_len": 801,
    "essay_main_subject": "평가에 대한 본인의 의견"
  }
}