{
  "paragraph": [
    {
      "paragraph_txt": "저 또한 이런 부당하다고 생각될법한 평가들은 모두 거쳐본 사람으로서 말하건데, 획일적인 평가들은 개개인들의 발전에는 썩 좋은 결과는 도출할수 없다는 생각을 안해보진 않았습니다.#@문장구분# 하지만 막상 개개인에 맞는 평가를 한다고 해서 그것이 정말 옳은 일인가 라는 생각도 동시에 들었습니다.#@문장구분# 사실 현실적으로 현제의 한국사회에서는 지금과 같이 동일한 평가지표에 맞춰 평가하는것이 맞다고 생각합니다.#@문장구분# 한국은 스위스 같은 학생들의 진로 선책폭과 기회가 넓은 서구권 국가들과 달리 대게 인문계라는 전형으로 묶여 본인들의 적성과 진로와 일절 상관없는 모두 같은것을 배우고 그 과정이 끝나면 그제서야 대학으로 들어가 조금더 진로와 가까운 것들을 배울수 있게끔 시스템이 구축되어 있습니다.#@문장구분# 평가제도 외에도 다른 모든 학업관련 체계들이 개개인의 창의성보단 줄세우기에 특화된 감이 없잖아 있기 때문에 그러한 제도들을 모두 처음부터 계혁하지 않는이상 지금으로서는 동일한 평가지표에 맞추는게 적절하겠고 막말로 편리하겠습니다.#@문장구분# 물론 이것이 옳다는것은 아닙니다.#@문장구분# 지금의 한국이 스위스처럼 학생 개개인에게 하는 맞춤 평가와 같은 체계를 담기에는 그릇이 부족하단것 뿐입니다.#@문장구분# 하지만 이런 상황 속에서도 현실적으로 조금도 개선될수 있는 부분이 남아있는데, 바로 현제 정부에서 슬금슬금 시행중인 자유학기제와 같이 중,고교에서 자신의 진로를 발견, 탐색하여 그부분으로 좀더 스스로를 개발해 나갈수 있는 활동들을 늘리는 것입니다.#@문장구분# 그마저도 힘들다면 옆나라 일본과 같이 동아리 시스템을 좀더 체계화시켜 비중을 높이는등 아주 조금만 체계를 건들여 볼수도 있겠습니다.#@문장구분#",
      "paragraph_len": 973,
      "paragraph_id": "001"
    }
  ],
  "score": {
    "paragraph_score": [
      {
        "paragraph_scoreT": [
          2.8,
          2,
          2.4
        ],
        "paragraph_scoreT_detail": {
          "paragraph_scoreT_exp": [
            [
              2,
              3,
              3
            ],
            [
              2,
              2,
              2
            ],
            [
              2,
              3,
              2
            ]
          ]
        },
        "paragraph_scoreT_avg": 2.4,
        "paragraph_id": "001"
      }
    ],
    "essay_scoreT": [
      26.099998,
      21.9,
      23.1
    ],
    "essay_scoreT_avg": 23.699999,
    "essay_scoreT_detail": {
      "essay_scoreT_org": [
        [
          2,
          0,
          3,
          2
        ],
        [
          2,
          0,
          2,
          3
        ],
        [
          2,
          0,
          2,
          3
        ]
      ],
      "essay_scoreT_cont": [
        [
          3,
          2,
          3,
          3
        ],
        [
          3,
          2,
          3,
          2
        ],
        [
          3,
          2,
          3,
          2
        ]
      ],
      "essay_scoreT_exp": [
        [
          2,
          3,
          3
        ],
        [
          2,
          2,
          2
        ],
        [
          2,
          3,
          2
        ]
      ]
    }
  },
  "student": {
    "date": "2021.12.14",
    "student_educated": true,
    "student_grade": "고등_1학년",
    "location": "054",
    "student_grade_group": "고등",
    "student_reading": 1
  },
  "rubric": {
    "essay_grade": "고등_1학년",
    "organization_weight": {
      "org_paragraph": 0,
      "org": 3,
      "org_essay": 6,
      "org_coherence": 3,
      "org_quantity": 1
    },
    "essay_type": "주장",
    "content_weight": {
      "con_clearance": 3,
      "con_novelty": 3,
      "con": 4,
      "con_prompt": 1,
      "con_description": 3
    },
    "essay_main_subject": "평가에 대한 본인의 의견",
    "expression_weight": {
      "exp_style": 4,
      "exp_grammar": 2,
      "exp_vocab": 4,
      "exp": 3
    }
  },
  "correction": [],
  "info": {
    "essay_id": "ESSAY_78934",
    "essay_prompt": " 평가는 일반적으로 평가대상의 장점과 가치를 결정하는 과정을 말합니다.\n\n 세상에는 무수히 많은 평가 방법들이 존재하고 그 주제도 다양합니다.\n\n 우리나라의 경우는 어떨까요? 중간, 기말시험이 있고 미술과 같은 기본기와 창의성을 평가하는 과목도 있습니다. 체육과 같은 신체적인 능력을 평가하는 과목도 있지요. 모두 적절한 기준이 있으며 매우 객관적인 기준이라고 말합니다.\n\n 하지만 여러분이 생각하기에 모든 학생을 동일한 평가지표에 맞추어 평가하는 것이 올바른 방식이라고 생각하나요?\n\n 사람마다 특성이 존재하듯 각각의 목표 또한 다르고 성과도 다를 수 있습니다. 특정 기준에 의존해 본인의 성과도를 평가하는 것이 바르다고 생각되나요?\n\n 현재의 평가 방식은 최고의 객관적인 평가 방식이라고 생각하신다면 그 이유를 작성해주세요. 아니라면 어떤 평가 기준이 추가되어야 하고 또한 어떤 생각으로 평가가 이루어졌으면 좋겠는지 서술해 주세요.",
    "essay_type": "주장",
    "essay_level": "2",
    "essay_len": 794,
    "essay_main_subject": "평가에 대한 본인의 의견"
  }
}