{
  "paragraph": [
    {
      "paragraph_txt": "저는 모두 같은 방식으로 평가를 하는 것이 옳은것이라고 생각을 합니다.#@문장구분# 대부분의 사람들이 단 한번만 평가를 받는 것은 아닙니다.#@문장구분# 우리 모두가 살아가면서 많은 종류와 많은 횟수의 평가를 받으며 살아갑니다.#@문장구분# 저는이러한 평가를 하는 것이 본인이 어떠한 부분에서 뛰어나고, 그리고 어떠한 부분에서 부족한지를 알 수 있는 가장 쉬운것이라고 생각을 합니다.#@문장구분# 그렇기때문에 저는 이러한 평가를 할 때에는 모두가 같은 기준으로 평가를 해야 한다고 생각합니다.#@문장구분# 그렇지만 저는 이러한 평가가 단순하게 점수를 매기는 것만으로 끝이 나는 것이 아니라 평가를 받은 사람의 장점이나 단점을 찾아내 주는 데에 사용이 되어야한다고 생각을 합니다.#@문장구분# 저는 만약 평가가 단순히 점수를 매기는 것에서 끝이 난다면 평가를 하는 의미가 없다고 생각을 합니다. #@문장구분#왜냐하면 사람들은 누구나 못하는 것이 있고, 그리고 당연히 잘하는 것이 존재합니다.#@문장구분# 게다가 저는 이러한 것을 알아차리는 것이 가장 중요하다고 생각을 합니다.#@문장구분#또한 저는 이러한 것을 알기 위해서는 평가를 하는 것이 가장 중요하다고 생각을 합니다.#@문장구분# 그렇기때문에 저는 이러한 평가의 기준이 사람마다 다르다면 이러한 평가기준을 가지고 평가를 받는 사람들이 자신이 어떠한 것을 잘하는지, 또는 어떠한 것을 잘 못하는지 알수가 없을 것이라고 생각을 합니다.#@문장구분# 이러한 이유로 저는 이러한 점을 이용을 하여서 평가기준이 같아야한다고 생각합니다.#@문장구분# 그에 더하여서 이러한 평가의 기준에 따라서 본인의 능력을 더 잘 알수있도록 모두가 도와주어야 한다고 생각을 합니다.#@문장구분# 저는 이러한 것의 평가의 좋은점이라고 생각을 합니다.#@문장구분# 그렇기때문에 저는 이러한 평가의 특징을 많은 사람들이 더 잘 이용을 하기 위해서 노력을 하고, 또 도와주어야 한다고 생각을 합니다.#@문장구분#",
      "paragraph_len": 1165,
      "paragraph_id": "001"
    }
  ],
  "score": {
    "paragraph_score": [
      {
        "paragraph_scoreT": [
          0.6,
          1.6,
          2
        ],
        "paragraph_scoreT_detail": {
          "paragraph_scoreT_exp": [
            [
              1,
              1,
              0
            ],
            [
              2,
              2,
              1
            ],
            [
              2,
              2,
              2
            ]
          ]
        },
        "paragraph_scoreT_avg": 1.4,
        "paragraph_id": "001"
      }
    ],
    "essay_scoreT": [
      2.1000001,
      20,
      20.3
    ],
    "essay_scoreT_avg": 14.133334,
    "essay_scoreT_detail": {
      "essay_scoreT_org": [
        [
          0,
          0,
          0,
          1
        ],
        [
          2,
          0,
          2,
          2
        ],
        [
          2,
          0,
          2,
          3
        ]
      ],
      "essay_scoreT_cont": [
        [
          0,
          0,
          0,
          0
        ],
        [
          3,
          2,
          2,
          2
        ],
        [
          2,
          2,
          2,
          2
        ]
      ],
      "essay_scoreT_exp": [
        [
          1,
          1,
          0
        ],
        [
          2,
          2,
          1
        ],
        [
          2,
          2,
          2
        ]
      ]
    }
  },
  "student": {
    "date": "2021.12.24",
    "student_educated": true,
    "student_grade": "고등_1학년",
    "location": "054",
    "student_grade_group": "고등",
    "student_reading": 1
  },
  "rubric": {
    "essay_grade": "고등_1학년",
    "organization_weight": {
      "org_paragraph": 0,
      "org": 3,
      "org_essay": 6,
      "org_coherence": 3,
      "org_quantity": 1
    },
    "essay_type": "주장",
    "content_weight": {
      "con_clearance": 3,
      "con_novelty": 3,
      "con": 4,
      "con_prompt": 1,
      "con_description": 3
    },
    "essay_main_subject": "평가에 대한 본인의 의견",
    "expression_weight": {
      "exp_style": 4,
      "exp_grammar": 2,
      "exp_vocab": 4,
      "exp": 3
    }
  },
  "correction": [],
  "info": {
    "essay_id": "ESSAY_78517",
    "essay_prompt": " 평가는 일반적으로 평가대상의 장점과 가치를 결정하는 과정을 말합니다.\n\n 세상에는 무수히 많은 평가 방법들이 존재하고 그 주제도 다양합니다.\n\n 우리나라의 경우는 어떨까요? 중간, 기말시험이 있고 미술과 같은 기본기와 창의성을 평가하는 과목도 있습니다. 체육과 같은 신체적인 능력을 평가하는 과목도 있지요. 모두 적절한 기준이 있으며 매우 객관적인 기준이라고 말합니다.\n\n 하지만 여러분이 생각하기에 모든 학생을 동일한 평가지표에 맞추어 평가하는 것이 올바른 방식이라고 생각하나요?\n\n 사람마다 특성이 존재하듯 각각의 목표 또한 다르고 성과도 다를 수 있습니다. 특정 기준에 의존해 본인의 성과도를 평가하는 것이 바르다고 생각되나요?\n\n 현재의 평가 방식은 최고의 객관적인 평가 방식이라고 생각하신다면 그 이유를 작성해주세요. 아니라면 어떤 평가 기준이 추가되어야 하고 또한 어떤 생각으로 평가가 이루어졌으면 좋겠는지 서술해 주세요.",
    "essay_type": "주장",
    "essay_level": "2",
    "essay_len": 867,
    "essay_main_subject": "평가에 대한 본인의 의견"
  }
}