{
  "paragraph": [
    {
      "paragraph_txt": "저는 이 문장을 읽어보면서 평가는 어느 방식에서 생겨난 과정인지 생각했었습니다.#@문장구분# 처음에 생각할 때는 평가는 곧 시험이라고 생각했었습니다. #@문장구분#중간시험, 기말시험 같은 평가와 실기고사, 필기고사같은 평가는 차이를 보여줄 수 있는데 시험은 과목으로 분야를 세워 과목 분야 따라 시험을 치는 과정이다.#@문장구분# 실기와 필기는 다른 시험을 나타내는 건데 실기는 실습에서 배운 과목으로 실전처럼 행동하기 위해 시험을 내는 과정이고 필기는 실습에서 배운 과목으로 중간, 기말 시험처럼 필기 시험을 내는 과정입니다.#@문장구분# 저는 이러한 평가를 삶에 있어서 사회의 첫 단계라고 생각합니다.#@문장구분# 첫 단계가 아니더라도 사회에 들어가기 전에 준비를 하는데 필요한 시험이라고 생각합니다. #@문장구분#이러한 평가들은 거의 첫 걸음이라고 생각하고 정말로 중요하게 생각한 평가는 사회에서 나 자신에 대한 과정을 평가하는 것이 사회의 평가인 것 같습니다. #@문장구분#사회에 있는 직장이나 상사 동료들이 나 자신의 행동이나 대화를 하면서 어떻게 보면서 또 어떻게 평가를 하는지 보여줄 수 있는 상황이 발생할 수도 있습니다.#@문장구분# 실제로 연예인들이 방송을 하면서 그들이 하는 행동이나 말을 할 때 시청자들이 보면서 논란이 될 수도 있고 화제가 될 수 있는 과정이 될 수 있습니다.#@문장구분# 저는 이러한 시험 평가보다는 삶에 있어 사회의 평가가 더 중요한 것 같습니다. #@문장구분#사회의 평가는 곧 여론이 되고 여론은 집단적인 생각이 되어서 바뀌질 않습니다.#@문장구분# 사람들은 주변 사람들에게 동조하는 습성을 가지고 있기 때문이니깐요 그런 여론을 바꾸는 것은 힘들다고 봅니다.#@문장구분# 만약 나쁜 여론 틀린 여론이 생겼을때는 그럼 어떡해야 하나요?#@문장구분# 개개인의 평가를 잘 해야된다고 생각합니다.#@문장구분# 개인이 옳고 그름을 파악을 해야 틀린 여론에 반대하는 목소리를 낼것이고 그러한 목소리들이 모여 올바른 여론을 만들 것입니다.#@문장구분#",
      "paragraph_len": 1192,
      "paragraph_id": "001"
    }
  ],
  "score": {
    "paragraph_score": [
      {
        "paragraph_scoreT": [
          2.8,
          3,
          3
        ],
        "paragraph_scoreT_detail": {
          "paragraph_scoreT_exp": [
            [
              2,
              3,
              3
            ],
            [
              3,
              3,
              3
            ],
            [
              3,
              3,
              3
            ]
          ]
        },
        "paragraph_scoreT_avg": 2.9333334,
        "paragraph_id": "001"
      }
    ],
    "essay_scoreT": [
      23.899998,
      27,
      27.3
    ],
    "essay_scoreT_avg": 26.066666,
    "essay_scoreT_detail": {
      "essay_scoreT_org": [
        [
          2,
          0,
          2,
          3
        ],
        [
          2,
          0,
          3,
          3
        ],
        [
          2,
          0,
          2,
          3
        ]
      ],
      "essay_scoreT_cont": [
        [
          3,
          2,
          2,
          2
        ],
        [
          3,
          2,
          3,
          3
        ],
        [
          3,
          3,
          3,
          3
        ]
      ],
      "essay_scoreT_exp": [
        [
          2,
          3,
          3
        ],
        [
          3,
          3,
          3
        ],
        [
          3,
          3,
          3
        ]
      ]
    }
  },
  "student": {
    "date": "2021.12.21",
    "student_educated": true,
    "student_grade": "고등_1학년",
    "location": "054",
    "student_grade_group": "고등",
    "student_reading": 1
  },
  "rubric": {
    "essay_grade": "고등_1학년",
    "organization_weight": {
      "org_paragraph": 0,
      "org": 3,
      "org_essay": 6,
      "org_coherence": 3,
      "org_quantity": 1
    },
    "essay_type": "주장",
    "content_weight": {
      "con_clearance": 3,
      "con_novelty": 3,
      "con": 4,
      "con_prompt": 1,
      "con_description": 3
    },
    "essay_main_subject": "평가에 대한 본인의 의견",
    "expression_weight": {
      "exp_style": 4,
      "exp_grammar": 2,
      "exp_vocab": 4,
      "exp": 3
    }
  },
  "correction": [],
  "info": {
    "essay_id": "ESSAY_78577",
    "essay_prompt": " 평가는 일반적으로 평가대상의 장점과 가치를 결정하는 과정을 말합니다.\n\n 세상에는 무수히 많은 평가 방법들이 존재하고 그 주제도 다양합니다.\n\n 우리나라의 경우는 어떨까요? 중간, 기말시험이 있고 미술과 같은 기본기와 창의성을 평가하는 과목도 있습니다. 체육과 같은 신체적인 능력을 평가하는 과목도 있지요. 모두 적절한 기준이 있으며 매우 객관적인 기준이라고 말합니다.\n\n 하지만 여러분이 생각하기에 모든 학생을 동일한 평가지표에 맞추어 평가하는 것이 올바른 방식이라고 생각하나요?\n\n 사람마다 특성이 존재하듯 각각의 목표 또한 다르고 성과도 다를 수 있습니다. 특정 기준에 의존해 본인의 성과도를 평가하는 것이 바르다고 생각되나요?\n\n 현재의 평가 방식은 최고의 객관적인 평가 방식이라고 생각하신다면 그 이유를 작성해주세요. 아니라면 어떤 평가 기준이 추가되어야 하고 또한 어떤 생각으로 평가가 이루어졌으면 좋겠는지 서술해 주세요.",
    "essay_type": "주장",
    "essay_level": "2",
    "essay_len": 892,
    "essay_main_subject": "평가에 대한 본인의 의견"
  }
}