{
  "paragraph": [
    {
      "paragraph_txt": "평가하면 제일 먼저 생각나는건 대학수학능력평가입니다.#@문장구분# 저는 수학능력시험이 제대로 실현 중이라고 생각합니다.#@문장구분# 수학능력시험을 통해 학생들의 등급을 매겨 각 학생의 성적을 보고 성적에 알맞은 학교에 들어가는 것이 적합하다고 생각하기 때문입니다.#@문장구분# 수학능력시험을 치는 것으로 자신의 점수를 몰랐던 학생들이 수능 시험을 통해 진로를 정해 갈 수 있는 기회도 되기 때문입니다.#@문장구분# 수능 시험이 자신의 미래에 큰 영향을 주는 시험이라서 학생들이 열심히 할텐데 이 시도가 학생들의 인생에서 집중을 할 수 있는 큰 기회가 될 수 있어서 수능시험이 제대로 잘 실현되는 것 같습니다.#@문장구분# 왜냐하면 저의 친한 형들이 하는 말을 듣고, 내가 보기에도 그렇게 생각하기 때문입니다. #@문장구분#난 유도를 전공으로 체육과에 지원할 생각이다.#@문장구분# 헌데 유도를하는데 수학공식이 왜 필요한지는 모르겠습니다.#@문장구분# 운동 할 시간도 빠듯한데 말입니다.#@문장구분# 체육관도 가고 또 수학능력시험을 봐야하니 학원, 인강, 학교 등을 다니면 공부에 매진도 해야합니다.#@문장구분# 그러나 앞으로의 사회 속에서 필요한 창의력 높은 인재와 행복 추구를 위한 가치 판단을 위해서는 더욱 다양하고 넓은 기준의 평가가 필요합니다.#@문장구분# 펜데믹 상황 속에서 우리들은 고립된 상황에 놓여있다. #@문장구분#그만큼 행복 추구를 위한 미래 설계가 중요하다.#@문장구분# 사회가 바뀐 만큼 대학교 입시 평가 기준들도 바뀌어야 한다.#@문장구분# 이 공부가 미래의 실생활에 도움이 확실하게 되는 어찌 보면 인생에 있어서 길면 긴 시간인 이 시간 동안에 앞으로의 삶에 실질적 도움이 되는 평가와 교육을 해야 합니다.#@문장구분# 대학에 입학하게 만드는 현 입시 상황이라면 수학능력시험은 동일한 기준으로 많은 학생들을 평가하기엔 좋은 평가 방법일지도 모릅니다.#@문장구분#",
      "paragraph_len": 1152,
      "paragraph_id": "001"
    }
  ],
  "score": {
    "paragraph_score": [
      {
        "paragraph_scoreT": [
          3,
          2.4,
          2.4
        ],
        "paragraph_scoreT_detail": {
          "paragraph_scoreT_exp": [
            [
              3,
              3,
              3
            ],
            [
              2,
              3,
              2
            ],
            [
              2,
              3,
              2
            ]
          ]
        },
        "paragraph_scoreT_avg": 2.6000001,
        "paragraph_id": "001"
      }
    ],
    "essay_scoreT": [
      30,
      26.100002,
      21.5
    ],
    "essay_scoreT_avg": 25.866669,
    "essay_scoreT_detail": {
      "essay_scoreT_org": [
        [
          3,
          0,
          3,
          3
        ],
        [
          3,
          0,
          2,
          3
        ],
        [
          2,
          0,
          2,
          3
        ]
      ],
      "essay_scoreT_cont": [
        [
          3,
          3,
          3,
          3
        ],
        [
          3,
          2,
          3,
          3
        ],
        [
          2,
          2,
          2,
          2
        ]
      ],
      "essay_scoreT_exp": [
        [
          3,
          3,
          3
        ],
        [
          2,
          3,
          2
        ],
        [
          2,
          3,
          2
        ]
      ]
    }
  },
  "student": {
    "date": "2021.12.29",
    "student_educated": true,
    "student_grade": "고등_1학년",
    "location": "063",
    "student_grade_group": "고등",
    "student_reading": 2
  },
  "rubric": {
    "essay_grade": "고등_1학년",
    "organization_weight": {
      "org_paragraph": 0,
      "org": 3,
      "org_essay": 6,
      "org_coherence": 3,
      "org_quantity": 1
    },
    "essay_type": "주장",
    "content_weight": {
      "con_clearance": 3,
      "con_novelty": 3,
      "con": 4,
      "con_prompt": 1,
      "con_description": 3
    },
    "essay_main_subject": "평가에 대한 본인의 의견",
    "expression_weight": {
      "exp_style": 4,
      "exp_grammar": 2,
      "exp_vocab": 4,
      "exp": 3
    }
  },
  "correction": [],
  "info": {
    "essay_id": "ESSAY_84205",
    "essay_prompt": " 평가는 일반적으로 평가대상의 장점과 가치를 결정하는 과정을 말합니다.\n\n 세상에는 무수히 많은 평가 방법들이 존재하고 그 주제도 다양합니다.\n\n 우리나라의 경우는 어떨까요? 중간, 기말시험이 있고 미술과 같은 기본기와 창의성을 평가하는 과목도 있습니다. 체육과 같은 신체적인 능력을 평가하는 과목도 있지요. 모두 적절한 기준이 있으며 매우 객관적인 기준이라고 말합니다.\n\n 하지만 여러분이 생각하기에 모든 학생을 동일한 평가지표에 맞추어 평가하는 것이 올바른 방식이라고 생각하나요?\n\n 사람마다 특성이 존재하듯 각각의 목표 또한 다르고 성과도 다를 수 있습니다. 특정 기준에 의존해 본인의 성과도를 평가하는 것이 바르다고 생각되나요?\n\n 현재의 평가 방식은 최고의 객관적인 평가 방식이라고 생각하신다면 그 이유를 작성해주세요. 아니라면 어떤 평가 기준이 추가되어야 하고 또한 어떤 생각으로 평가가 이루어졌으면 좋겠는지 서술해 주세요.",
    "essay_type": "주장",
    "essay_level": "2",
    "essay_len": 832,
    "essay_main_subject": "평가에 대한 본인의 의견"
  }
}