{
  "paragraph": [
    {
      "paragraph_txt": "나는 고등학생이다.#@문장구분# 특성화 고를 진학 하진 안았지만 나는 작년부터 나의 꿈은 헤어디자이너로 결정하고 나의 꿈을 위해 노력하고 있다.#@문장구분# 나의 꿈 헤어 디자이너의 특성상 대학 진학 보다는 경력이 더 우대를 받기 때문에 나는 대학에 진학 하지 않을 생각이다.#@문장구분# 하지만 학교에서 배우는 과목 국어, 수학, 영어 등 공부를 꾸준히 하지만 마음 공부에 매우 초점을 두고 공부중이다.#@문장구분# 나의 생각에 수학능력시험은 교육평가의 정의를 제대로 실현 중인거 같다.#@문장구분# 왜냐하면 수능 공부를 함으로써 인간이 갖추어야 할 기본 상식 등을 채워주기 때문이다.#@문장구분# 나처럼 공부 쪽으로 미래를 생각하지 않는 친구들은 수능을 치지 않기에 학업에 소홀 할 수가 있다.#@문장구분# 난 이 부분들을 이런 예외 적인 케이스를 위해하기 위해 이들의 수능 메인 자신의 분야에서 시험을 고등학생 때 할 수 있게 시험을 만든건 좋겠다는 생각이 들었다.#@문장구분# 물론 현재도 국가자격증 등 여러 분야에 시험이 있지만 이것은 학교 밖에서의 일이기에 학교 내에 그들의 분야를 위해 신경을 써주면 좋을 것 같다.#@문장구분# 저는 수학능력시험이 제대로 실현 중이라고 생각합니다.#@문장구분# 왜냐하면 첫째, 이 수학능력시험을 통해 학생들의 등급을 매겨 각 학생의 성적을 보고 성적에 알맞은 학교에 들어가는 것이 적합하다고 생각하기 때문입니다.#@문장구분# 둘째, 수학능력시험을 치는 것으로 자신의 점수를 몰랐던 학생들이 수능 시험을 통해 진로를 정해 갈 수 있는 기회도 되기 때문입니다.#@문장구분# 셋째, 수능 시험이 자신의 미래에 큰 영향을 주는 시험이라서 학생들이 열심히 할텐데 이 시도가 학생들의 인생에서 집중을 할 수 있는 큰 기회가 될 수 있어서 수능시험이 제대로 잘 실현되는 것 같습니다.#@문장구분#",
      "paragraph_len": 1081,
      "paragraph_id": "001"
    }
  ],
  "score": {
    "paragraph_score": [
      {
        "paragraph_scoreT": [
          3,
          3,
          2.2
        ],
        "paragraph_scoreT_detail": {
          "paragraph_scoreT_exp": [
            [
              3,
              3,
              3
            ],
            [
              3,
              3,
              3
            ],
            [
              3,
              2,
              2
            ]
          ]
        },
        "paragraph_scoreT_avg": 2.7333333,
        "paragraph_id": "001"
      }
    ],
    "essay_scoreT": [
      30,
      26.3,
      23.900002
    ],
    "essay_scoreT_avg": 26.733332,
    "essay_scoreT_detail": {
      "essay_scoreT_org": [
        [
          3,
          0,
          3,
          3
        ],
        [
          2,
          0,
          3,
          2
        ],
        [
          3,
          0,
          2,
          3
        ]
      ],
      "essay_scoreT_cont": [
        [
          3,
          3,
          3,
          3
        ],
        [
          3,
          2,
          2,
          3
        ],
        [
          2,
          2,
          2,
          3
        ]
      ],
      "essay_scoreT_exp": [
        [
          3,
          3,
          3
        ],
        [
          3,
          3,
          3
        ],
        [
          3,
          2,
          2
        ]
      ]
    }
  },
  "student": {
    "date": "2021.12.15",
    "student_educated": true,
    "student_grade": "고등_1학년",
    "location": "063",
    "student_grade_group": "고등",
    "student_reading": 2
  },
  "rubric": {
    "essay_grade": "고등_1학년",
    "organization_weight": {
      "org_paragraph": 0,
      "org": 3,
      "org_essay": 6,
      "org_coherence": 3,
      "org_quantity": 1
    },
    "essay_type": "주장",
    "content_weight": {
      "con_clearance": 3,
      "con_novelty": 3,
      "con": 4,
      "con_prompt": 1,
      "con_description": 3
    },
    "essay_main_subject": "평가에 대한 본인의 의견",
    "expression_weight": {
      "exp_style": 4,
      "exp_grammar": 2,
      "exp_vocab": 4,
      "exp": 3
    }
  },
  "correction": [],
  "info": {
    "essay_id": "ESSAY_62855",
    "essay_prompt": " 평가는 일반적으로 평가대상의 장점과 가치를 결정하는 과정을 말합니다.\n\n 세상에는 무수히 많은 평가 방법들이 존재하고 그 주제도 다양합니다.\n\n 우리나라의 경우는 어떨까요? 중간, 기말시험이 있고 미술과 같은 기본기와 창의성을 평가하는 과목도 있습니다. 체육과 같은 신체적인 능력을 평가하는 과목도 있지요. 모두 적절한 기준이 있으며 매우 객관적인 기준이라고 말합니다.\n\n 하지만 여러분이 생각하기에 모든 학생을 동일한 평가지표에 맞추어 평가하는 것이 올바른 방식이라고 생각하나요?\n\n 사람마다 특성이 존재하듯 각각의 목표 또한 다르고 성과도 다를 수 있습니다. 특정 기준에 의존해 본인의 성과도를 평가하는 것이 바르다고 생각되나요?\n\n 현재의 평가 방식은 최고의 객관적인 평가 방식이라고 생각하신다면 그 이유를 작성해주세요. 아니라면 어떤 평가 기준이 추가되어야 하고 또한 어떤 생각으로 평가가 이루어졌으면 좋겠는지 서술해 주세요.",
    "essay_type": "주장",
    "essay_level": "2",
    "essay_len": 822,
    "essay_main_subject": "평가에 대한 본인의 의견"
  }
}