{
  "paragraph": [
    {
      "paragraph_txt": "저는 올바르다고 생각합니다.#@문장구분# 체육 물론 잘하는 사람에게는 유리한 과목이 될 테고 암기력이 좋은 사람들은 한국사나 사회 등을 잘하겠죠.#@문장구분# 계산을 잘하는 사람들에게는 수학이 유리할 테죠.#@문장구분# 이처럼 사람마다 특성이 있어 평가하는 것이 다 나뉘게 되겠죠.#@문장구분# 그렇지만 노력으로 안 되는 것은 없습니다.#@문장구분# 저로 예를 들면 저는 체육만 좋아하여 체육 수행이나 시험은 유리하게 통과하였습니다.#@문장구분# 하지만 계산하는 것에는 유리하지 않아 점수가 한 자릿수까지도 나왔습니다.#@문장구분# 그러니까 전 잘하는 체육만 전공해야 하는 것일까요?#@문장구분# 여러분 잘 생각해 보세요.#@문장구분# 할 수 없는 조건인데 왜 평가 기준이 있을까요.#@문장구분# 노력으로 해낸 사람이 있기 때문에 그런 겁니다.#@문장구분# 절대 할 수 없는 것은 제시하지도 요구하지도 않습니다.#@문장구분# 하지만 해내는 건 공짜로 하는 게 아니라 시간과 노력이 함께하여 이루어질 수 있는 것입니다.#@문장구분# 안된다는 생각은 접고 될 것이라 생각을 해보세요.#@문장구분# 아무리 노력해도 결과가 안 따라올 수도 있습니다.#@문장구분# 하지만 좌절하지 마세요.#@문장구분# 여러분에게는 수많은 기회가 있습니다.#@문장구분# 한 번의 실패로 여러 번의 실패로 접지 마세요.#@문장구분# 그동안의 여러분의 노력이 너무 아깝습니다.#@문장구분# 또한 과목별로 여러 가지 방법도 다양하기 때문에 한 가지 방법으로 계속 노력하기보다는 여러 가지 방법을 동원하여 노력하는 것이 훨씬 도움이 될 것입니다.#@문장구분# 여러분은 할 수 있습니다.#@문장구분# 제게 어렵고 힘들었던 계산 문제들도 노력하고 또 노력했더니 한 자릿수에서 한눈에 성장하는 것을 볼 수 있었습니다.#@문장구분# 세상에는 노력으로 안되는 건 많지만 공부 또는 체육, 미술, 음악 등 노력으로 훨씬 더 나은 자신의 모습을 볼 수 있습니다.#@문장구분# 여러분은 못하는 사람들이란 단 한 명도 없습니다.#@문장구분# 아직 그 안에 있는 노력에 결과가 나오지 않는 것뿐입니다.#@문장구분# 여러분 노력하세요.#@문장구분# 그리고 꼭 목표를 이루세요.#@문장구분# 저는 여러분을 응원합니다.#@문장구분#",
      "paragraph_len": 1469,
      "paragraph_id": "001"
    }
  ],
  "score": {
    "paragraph_score": [
      {
        "paragraph_scoreT": [
          3,
          3,
          3
        ],
        "paragraph_scoreT_detail": {
          "paragraph_scoreT_exp": [
            [
              3,
              3,
              3
            ],
            [
              3,
              3,
              3
            ],
            [
              3,
              3,
              3
            ]
          ]
        },
        "paragraph_scoreT_avg": 3,
        "paragraph_id": "001"
      }
    ],
    "essay_scoreT": [
      28.8,
      28.8,
      27.6
    ],
    "essay_scoreT_avg": 28.4,
    "essay_scoreT_detail": {
      "essay_scoreT_org": [
        [
          3,
          0,
          3,
          3
        ],
        [
          3,
          0,
          3,
          3
        ],
        [
          3,
          0,
          3,
          3
        ]
      ],
      "essay_scoreT_cont": [
        [
          3,
          2,
          3,
          3
        ],
        [
          3,
          2,
          3,
          3
        ],
        [
          2,
          2,
          3,
          3
        ]
      ],
      "essay_scoreT_exp": [
        [
          3,
          3,
          3
        ],
        [
          3,
          3,
          3
        ],
        [
          3,
          3,
          3
        ]
      ]
    }
  },
  "student": {
    "date": "2021.12.24",
    "student_educated": true,
    "student_grade": "고등_1학년",
    "location": "063",
    "student_grade_group": "고등",
    "student_reading": 2
  },
  "rubric": {
    "essay_grade": "고등_1학년",
    "organization_weight": {
      "org_paragraph": 0,
      "org": 3,
      "org_essay": 6,
      "org_coherence": 3,
      "org_quantity": 1
    },
    "essay_type": "주장",
    "content_weight": {
      "con_clearance": 3,
      "con_novelty": 3,
      "con": 4,
      "con_prompt": 1,
      "con_description": 3
    },
    "essay_main_subject": "평가에 대한 본인의 의견",
    "expression_weight": {
      "exp_style": 4,
      "exp_grammar": 2,
      "exp_vocab": 4,
      "exp": 3
    }
  },
  "correction": [],
  "info": {
    "essay_id": "ESSAY_79795",
    "essay_prompt": " 평가는 일반적으로 평가대상의 장점과 가치를 결정하는 과정을 말합니다.\n\n 세상에는 무수히 많은 평가 방법들이 존재하고 그 주제도 다양합니다.\n\n 우리나라의 경우는 어떨까요? 중간, 기말시험이 있고 미술과 같은 기본기와 창의성을 평가하는 과목도 있습니다. 체육과 같은 신체적인 능력을 평가하는 과목도 있지요. 모두 적절한 기준이 있으며 매우 객관적인 기준이라고 말합니다.\n\n 하지만 여러분이 생각하기에 모든 학생을 동일한 평가지표에 맞추어 평가하는 것이 올바른 방식이라고 생각하나요?\n\n 사람마다 특성이 존재하듯 각각의 목표 또한 다르고 성과도 다를 수 있습니다. 특정 기준에 의존해 본인의 성과도를 평가하는 것이 바르다고 생각되나요?\n\n 현재의 평가 방식은 최고의 객관적인 평가 방식이라고 생각하신다면 그 이유를 작성해주세요. 아니라면 어떤 평가 기준이 추가되어야 하고 또한 어떤 생각으로 평가가 이루어졌으면 좋겠는지 서술해 주세요.",
    "essay_type": "주장",
    "essay_level": "2",
    "essay_len": 909,
    "essay_main_subject": "평가에 대한 본인의 의견"
  }
}