{
  "paragraph": [
    {
      "paragraph_txt": "학교생활을 하면서 현재의 평가 방식에 대해서 불만을 느낀 적이 많다.#@문장구분# 우선 시험을 통해 석차를 나열하고 등급을 나누는 것부터가 과연 우리의 미래에 도움이 될까 싶다.#@문장구분# 물론 대학을 가기 위해서는 그런 과정이 불필요한 것은 아니지만 필수적이어 버린 것에 안타까울 뿐이다.#@문장구분# 흔히 말하는 학벌주의를 떠올려 본다면 과거에 비해서는 많이 괜찮아졌다지만 결국 대기업에 들어가는 건 나보다 한 등급 더 높게 받아 집으로부터 한 시간 더 먼 대학교에 간 친구일 것이다.#@문장구분# 중학교 첫 시험을 앞두고서 예상치 못한 사람이 우리 반 1등을 한 적이 있었다.#@문장구분# 그게 나였다.#@문장구분# 나는 다른 친구들보다 잘나서 똑똑해서 1등을 하였다고 생각하지 않는다.#@문장구분# 입학 전 배치고사에서 기초 학력 평가를 받아야 한다는 결과를 듣고서는 나의  오명을 벗기 위해 교과서를 통째로 외운 결과였다.#@문장구분# 물론 기분은 좋았지만 가장 의외였던 것은 1등을 할 것이라고 생각했던 친구가 거의 뒷 등수였던 것이다.#@문장구분# 수업시간에도 선생님의 질문에 가장 현명하게 대답도 잘하고 기본적인 상식에서 벗어나 여러 분야의 지식도 뛰어난 친구였다. #@문장구분#그렇기에 공부도 잘 할 것이라 생각했고 편견일 수 있겠지만 고등학교에 올라와서도 그런 친구를 본 적이 있다.#@문장구분#어떻게 저런 것까지 알까 할 정도로 전문적인 상식을 많이 알고 있으면서도 한 반에서 3등 안에 들어야만 월 300만원을 벌며 안정적인 삶을 살아갈 수 있다는 사회 선생님의 말씀을 들으며 드는 생각은 결국 가장 큰 손해를 보게 되는 것은 우리이면서도 국가라는 것을 말이다.#@문장구분# 또 다른 재능을 가진 인재를 하나, 둘 잃어가고 있는 것이기 때문이다.#@문장구분# 현재의 우리나라의 평가 방식은 오로지 누가 누가 더 오래 앉아 더 많이 외우냐의 싸움에 불과하다고 생각한다.#@문장구분# 전에 유튜브에서 외국인들에게 우리나라의 수능영어를 풀게 한다면이라는 꽤 흥미로운 주제의 영상을 본 적이 있다.#@문장구분# 그 영상에 나오는 한 영어 선생님은 말했다.#@문장구분# 당장 문제는 풀 수 있겠지만, 그걸 시간이 흐른 다음에 다시 묻는다면 그때도 기억할까라고 말이다. #@문장구분#이 말이 우리나라의 주입식 교육의 단면을 가장 잘 보여주는 한 마디라고 생각했다.#@문장구분# 이런 점에서 우리나라도 다른 나라와 같이 무조건 암기하고 문제를 푸는 방식의 주입식 교육이 아니라 스스로 답을 찾아나가는 과정에서의 창의력과 독창성을 기를 수 있는 새로운 제도가 편성되어야 한다고 생각한다.#@문장구분# 결국에 주입식 교육을 통해서 남는 건 점수뿐이고 그 점수만이 중요한 것이 우리나라의 상황이지만 평가 제도 자체가 바뀌어버린다면 점수만이 중요한 것이 아니며 점수만이 남는 것도 아니며 시대가 흐르면서 학생들에게 더욱 더 강요되어오는 창의력이나 독창성과 같이 주입식 교육만으로는 기를 수 없는 힘을 기를 수 있을 것이다.#@문장구분#",
      "paragraph_len": 1737,
      "paragraph_id": "001"
    }
  ],
  "score": {
    "paragraph_score": [
      {
        "paragraph_scoreT": [
          3,
          3,
          2.6
        ],
        "paragraph_scoreT_detail": {
          "paragraph_scoreT_exp": [
            [
              3,
              3,
              3
            ],
            [
              3,
              3,
              3
            ],
            [
              3,
              2,
              3
            ]
          ]
        },
        "paragraph_scoreT_avg": 2.8666668,
        "paragraph_id": "001"
      }
    ],
    "essay_scoreT": [
      28.2,
      26.6,
      23.3
    ],
    "essay_scoreT_avg": 26.033335,
    "essay_scoreT_detail": {
      "essay_scoreT_org": [
        [
          2,
          0,
          3,
          3
        ],
        [
          2,
          0,
          3,
          3
        ],
        [
          2,
          0,
          2,
          3
        ]
      ],
      "essay_scoreT_cont": [
        [
          3,
          3,
          3,
          3
        ],
        [
          3,
          2,
          2,
          3
        ],
        [
          2,
          2,
          2,
          3
        ]
      ],
      "essay_scoreT_exp": [
        [
          3,
          3,
          3
        ],
        [
          3,
          3,
          3
        ],
        [
          3,
          2,
          3
        ]
      ]
    }
  },
  "student": {
    "date": "2021.12.07",
    "student_educated": true,
    "student_grade": "고등_1학년",
    "location": "055",
    "student_grade_group": "고등",
    "student_reading": 1
  },
  "rubric": {
    "essay_grade": "고등_1학년",
    "organization_weight": {
      "org_paragraph": 0,
      "org": 3,
      "org_essay": 6,
      "org_coherence": 3,
      "org_quantity": 1
    },
    "essay_type": "주장",
    "content_weight": {
      "con_clearance": 3,
      "con_novelty": 3,
      "con": 4,
      "con_prompt": 1,
      "con_description": 3
    },
    "essay_main_subject": "평가에 대한 본인의 의견",
    "expression_weight": {
      "exp_style": 4,
      "exp_grammar": 2,
      "exp_vocab": 4,
      "exp": 3
    }
  },
  "correction": [],
  "info": {
    "essay_id": "ESSAY_56067",
    "essay_prompt": " 평가는 일반적으로 평가대상의 장점과 가치를 결정하는 과정을 말합니다.\n\n 세상에는 무수히 많은 평가 방법들이 존재하고 그 주제도 다양합니다.\n\n 우리나라의 경우는 어떨까요? 중간, 기말시험이 있고 미술과 같은 기본기와 창의성을 평가하는 과목도 있습니다. 체육과 같은 신체적인 능력을 평가하는 과목도 있지요. 모두 적절한 기준이 있으며 매우 객관적인 기준이라고 말합니다.\n\n 하지만 여러분이 생각하기에 모든 학생을 동일한 평가지표에 맞추어 평가하는 것이 올바른 방식이라고 생각하나요?\n\n 사람마다 특성이 존재하듯 각각의 목표 또한 다르고 성과도 다를 수 있습니다. 특정 기준에 의존해 본인의 성과도를 평가하는 것이 바르다고 생각되나요?\n\n 현재의 평가 방식은 최고의 객관적인 평가 방식이라고 생각하신다면 그 이유를 작성해주세요. 아니라면 어떤 평가 기준이 추가되어야 하고 또한 어떤 생각으로 평가가 이루어졌으면 좋겠는지 서술해 주세요.",
    "essay_type": "주장",
    "essay_level": "2",
    "essay_len": 1339,
    "essay_main_subject": "평가에 대한 본인의 의견"
  }
}