{
  "paragraph": [
    {
      "paragraph_txt": "수학능력시험은 대학 교육에 필요한 수학(修學) 능력 측정을 목적으로 하고 있다.#@문장구분# 이는 수학능력시험이 제대로 된 교육평가를 수행하고 있는 것임을 알려준다.#@문장구분# 왜냐하면, 교육평가는 단지, 목표달성중심 정의에 의해서만 판단되지 않는다.#@문장구분# 넓은 의미로 보았을 때, 가치, 장점을 판단하는 교육평가로도 볼 수 있는 것이다.#@문장구분# 대학 교육에 필요한 능력 측정을 기반으로 하여 학생들의 가치를 판단하고자 함이 목적이기에, 교육평가의 정의를 제대로 실현하고 있다 또한 장점과 가치를 결정하는 과정을 평가라고 하였을 때 이 평가는 우리에게 굉장히 중요한 역할을 한다.#@문장구분#\n고등학교에선 성적을, 대학교에선 학점을, 직장에서 업무수행능력을 평가 받는다.#@문장구분# 그러므로 이 평가란 뗄래야 뗄 수 없는 삶의 지표인 것.#@문장구분# 하지만 이 뗄래야 뗄 수 없는 지표에도 항상 허점은 존재한다.#@문장구분#\n평가라는 지표 하나로 사람들의 급을 매기고 사회의 객관적인 기준이기에 내가 이 지표를 맞추기에 포기하는 것도 있을 것이다.#@문장구분# 현재 사회에서는 평가의 기준을 탓할 시간에 공부를 하는 것이 효율적이다.#@문장구분# 좀 억울하게 느껴지지만 당장은 어쩔 수 없다.#@문장구분# 어디든 평가의 기준은 다를 수 있지만 높은 점수, 좋은 대학 그것으로 우리의 평가는 이미 정해진 듯 하다 하지만 좀 더 사람마다 가진 특색을 좋게 평가 받을 수 있는 방법에는 무엇이 있을지 고민해보는 것도 필요한 것 같다.#@문장구분# 왜냐하면 예전보다 지금이 사람의 개성과 특성이 중요시되는 사회이기 때문에 더더욱 개개인을 고려하는 평가방식이 중요하다고 생각한다. #@문장구분#앞으로 개개인의 특성과 개성을 살리는 평가방식이 개발되어 개개인마다 다른 평가방식을 잘 적용해 좋은 평가방법으로 자리잡았으면 좋겠다.#@문장구분#",
      "paragraph_len": 1104,
      "paragraph_id": "001"
    }
  ],
  "score": {
    "paragraph_score": [
      {
        "paragraph_scoreT": [
          3,
          2.6,
          3
        ],
        "paragraph_scoreT_detail": {
          "paragraph_scoreT_exp": [
            [
              3,
              3,
              3
            ],
            [
              3,
              3,
              2
            ],
            [
              3,
              3,
              3
            ]
          ]
        },
        "paragraph_scoreT_avg": 2.8666668,
        "paragraph_id": "001"
      }
    ],
    "essay_scoreT": [
      30,
      25.4,
      27
    ],
    "essay_scoreT_avg": 27.466667,
    "essay_scoreT_detail": {
      "essay_scoreT_org": [
        [
          3,
          0,
          3,
          3
        ],
        [
          2,
          0,
          3,
          3
        ],
        [
          2,
          0,
          3,
          3
        ]
      ],
      "essay_scoreT_cont": [
        [
          3,
          3,
          3,
          3
        ],
        [
          3,
          2,
          2,
          3
        ],
        [
          3,
          3,
          3,
          2
        ]
      ],
      "essay_scoreT_exp": [
        [
          3,
          3,
          3
        ],
        [
          3,
          3,
          2
        ],
        [
          3,
          3,
          3
        ]
      ]
    }
  },
  "student": {
    "date": "2021.12.15",
    "student_educated": true,
    "student_grade": "고등_1학년",
    "location": "063",
    "student_grade_group": "고등",
    "student_reading": 2
  },
  "rubric": {
    "essay_grade": "고등_1학년",
    "organization_weight": {
      "org_paragraph": 0,
      "org": 3,
      "org_essay": 6,
      "org_coherence": 3,
      "org_quantity": 1
    },
    "essay_type": "주장",
    "content_weight": {
      "con_clearance": 3,
      "con_novelty": 3,
      "con": 4,
      "con_prompt": 1,
      "con_description": 3
    },
    "essay_main_subject": "평가에 대한 본인의 의견",
    "expression_weight": {
      "exp_style": 4,
      "exp_grammar": 2,
      "exp_vocab": 4,
      "exp": 3
    }
  },
  "correction": [],
  "info": {
    "essay_id": "ESSAY_65670",
    "essay_prompt": " 평가는 일반적으로 평가대상의 장점과 가치를 결정하는 과정을 말합니다.\n\n 세상에는 무수히 많은 평가 방법들이 존재하고 그 주제도 다양합니다.\n\n 우리나라의 경우는 어떨까요? 중간, 기말시험이 있고 미술과 같은 기본기와 창의성을 평가하는 과목도 있습니다. 체육과 같은 신체적인 능력을 평가하는 과목도 있지요. 모두 적절한 기준이 있으며 매우 객관적인 기준이라고 말합니다.\n\n 하지만 여러분이 생각하기에 모든 학생을 동일한 평가지표에 맞추어 평가하는 것이 올바른 방식이라고 생각하나요?\n\n 사람마다 특성이 존재하듯 각각의 목표 또한 다르고 성과도 다를 수 있습니다. 특정 기준에 의존해 본인의 성과도를 평가하는 것이 바르다고 생각되나요?\n\n 현재의 평가 방식은 최고의 객관적인 평가 방식이라고 생각하신다면 그 이유를 작성해주세요. 아니라면 어떤 평가 기준이 추가되어야 하고 또한 어떤 생각으로 평가가 이루어졌으면 좋겠는지 서술해 주세요.",
    "essay_type": "주장",
    "essay_level": "2",
    "essay_len": 825,
    "essay_main_subject": "평가에 대한 본인의 의견"
  }
}