{
  "paragraph": [
    {
      "paragraph_txt": "나는 수학능력시험에 대해 정의를 실현한다고 생각하지 않는다.#@문장구분# 왜냐하면 이런 평가는 조선시대에 시행됐던 과거제와 다르지 않다고 생각하기 때문이다.#@문장구분# 이런 재능을 보는 것이 아니라 치열한 경쟁을 보는 거이라고 생각한다.#@문장구분# 재능이 아무리 뛰어나고 좋아도 그런 재능을 발휘하지 못하는 사람들이 많이 때문이다.#@문장구분# 수능이란걸 그 날 하루의 상태 때문에 희비가 갈릴수도 있기 때문에 상태가 좋을 수 있도록 국가에서 도움을 줄 수 있도록 되던지 아니면 할 수 있는 기간을 늘리는데 좋을 것 같다.#@문장구분# 이런 여러 가지 문제정독 때문에 재능을 충분히 발휘할 수 있도록 국가에서 도움을 줄 수 있는 엄청나게 공부를 잘하지 않아도 되는 그런 세상이 되었으면 좋겠다.#@문장구분# 나는 공부를 잘하지 못하기 때문에 나의 재능을 찾을 수 있는 그런 시스템이 도입이 되었으면 좋겠다.#@문장구분# 아무리 재능이 뛰어나도 공부가 기본적으로 되어야 이런 재능등을 발휘할수 있는 이런 시스템을 어떻게 보면 좋을지도 모르지만 내가 생각하는 것과는 맞지 않은 것 같다.#@문장구분# 따라서 나는 수학능력시험의 정의를 실현한다고 생각하지 않는다.#@문장구분#",
      "paragraph_len": 718,
      "paragraph_id": "001"
    }
  ],
  "score": {
    "paragraph_score": [
      {
        "paragraph_scoreT": [
          2.2,
          2.6,
          3
        ],
        "paragraph_scoreT_detail": {
          "paragraph_scoreT_exp": [
            [
              3,
              2,
              2
            ],
            [
              3,
              2,
              3
            ],
            [
              3,
              3,
              3
            ]
          ]
        },
        "paragraph_scoreT_avg": 2.6000001,
        "paragraph_id": "001"
      }
    ],
    "essay_scoreT": [
      24,
      24.3,
      24.6
    ],
    "essay_scoreT_avg": 24.300001,
    "essay_scoreT_detail": {
      "essay_scoreT_org": [
        [
          3,
          0,
          2,
          2
        ],
        [
          2,
          0,
          3,
          2
        ],
        [
          2,
          0,
          3,
          3
        ]
      ],
      "essay_scoreT_cont": [
        [
          2,
          2,
          3,
          3
        ],
        [
          3,
          2,
          3,
          2
        ],
        [
          2,
          2,
          3,
          2
        ]
      ],
      "essay_scoreT_exp": [
        [
          3,
          2,
          2
        ],
        [
          3,
          2,
          3
        ],
        [
          3,
          3,
          3
        ]
      ]
    }
  },
  "student": {
    "date": "2021.09.07",
    "student_educated": true,
    "student_grade": "고등_1학년",
    "location": "051",
    "student_grade_group": "고등",
    "student_reading": 2
  },
  "rubric": {
    "essay_grade": "고등_1학년",
    "organization_weight": {
      "org_paragraph": 0,
      "org": 3,
      "org_essay": 6,
      "org_coherence": 3,
      "org_quantity": 1
    },
    "essay_type": "주장",
    "content_weight": {
      "con_clearance": 3,
      "con_novelty": 3,
      "con": 4,
      "con_prompt": 1,
      "con_description": 3
    },
    "essay_main_subject": "평가에 대한 본인의 의견",
    "expression_weight": {
      "exp_style": 4,
      "exp_grammar": 2,
      "exp_vocab": 4,
      "exp": 3
    }
  },
  "correction": [],
  "info": {
    "essay_id": "ESSAY_35535",
    "essay_prompt": " 평가는 일반적으로 평가대상의 장점과 가치를 결정하는 과정을 말합니다.\n\n 세상에는 무수히 많은 평가 방법들이 존재하고 그 주제도 다양합니다.\n\n 우리나라의 경우는 어떨까요? 중간, 기말시험이 있고 미술과 같은 기본기와 창의성을 평가하는 과목도 있습니다. 체육과 같은 신체적인 능력을 평가하는 과목도 있지요. 모두 적절한 기준이 있으며 매우 객관적인 기준이라고 말합니다.\n\n 하지만 여러분이 생각하기에 모든 학생을 동일한 평가지표에 맞추어 평가하는 것이 올바른 방식이라고 생각하나요?\n\n 사람마다 특성이 존재하듯 각각의 목표 또한 다르고 성과도 다를 수 있습니다. 특정 기준에 의존해 본인의 성과도를 평가하는 것이 바르다고 생각되나요?\n\n 현재의 평가 방식은 최고의 객관적인 평가 방식이라고 생각하신다면 그 이유를 작성해주세요. 아니라면 어떤 평가 기준이 추가되어야 하고 또한 어떤 생각으로 평가가 이루어졌으면 좋겠는지 서술해 주세요.",
    "essay_type": "주장",
    "essay_level": "2",
    "essay_len": 538,
    "essay_main_subject": "평가에 대한 본인의 의견"
  }
}