{
  "paragraph": [
    {
      "paragraph_txt": "교황 프란치스코가 신종 코로나바이러스 감염증 백신 특허권을 유예하자는 조 바디은 미국 대통령의 제안을 지지하였다.#@문장구분# CNBC에 따르면 프란치스코 교황은 이날 한 글로벌 자선기금 모금 행사에서 전세계가 '개인주의 바이러스'에 감염됐다면서 지금은 전세계가 '백신 국제주의'를 필요로 하는 때라고 밝혔다.#@문장구분# 바이든 대통령의 제안에 대해 유럽 최대 가톨릭 국가 가운데 하나인 독일이 반기를 든 가운데 교황의 지지발언이 독일의 반발을 잠재울 수 있을지가 주목된다.#@문장구분# 바이든, 독일, 교황 모두 가톨릭이라는 연결고리를 갖고 있다.#@문장구분# 교황은 개인주의라는 바이러스가 \"폐쇄적인 국수주의라는 변종 바이러스를 만들어냈다\"면서 \"이 변종 바이러스는 예를들면 백신 국제주의를 막아선다\"고 비판했다.#@문장구분# 교황은 이어 \"또 다른 변종은 시장의 법칙이나 지적시장 또는 지적재산권을 사랑의 법칙, 인류의 건강에 우선할 때 나타난다\"고 강조했다.#@문장구분# 앞서 바이든 대통령은 지난주 백신 지재권을 일시적으로 유예하는 것에 찬성한다고 밝힌 바 있다.#@문장구분# 남아프리카공화국과 인도의 제의로 세계무역기구가 회원국들에 일시적인 백신 특허권 유예 합의를 촉구한 가운데 나왔다.#@문장구분# 돈이 없는 개발도상국들이 특허권 유예 조처로 백신 복제약을 만들거나 수입해 코로나19 팬데믹 전세계 집단면역을 이뤄내야한다는 명제에서 비롯된 것이다.#@문장구분# 집단면역은 인류애뿐만 아니라 세계 경제가 정상화하는데도 반드시 필요하다는 판단이 WTO를 움직였다.#@문장구분# 미국은 캐서린 타이 무역대표부 대표가 성명을 통해 백신 특허권 유예를 지지한다고 밝혔고, 곧바로 바이든 대통령도 이를 확인했다.#@문장구분# 독일은 백신 부족 문제가 특허권에 있다고 보는 것은 번짓수가 틀린 주장이라고 받아쳤지만, 화이자가 먹는 치료제 이후 첫 특허권 개방을 이야기하고 있다는 것을 보면 문제는 백신의 부족이 맞다고 보며 화이자처럼 많은 곳에서 특허권 개방을 생각했으면 하는 바이다.#@문장구분#",
      "paragraph_len": 1164,
      "paragraph_id": "001"
    }
  ],
  "score": {
    "paragraph_score": [
      {
        "paragraph_scoreT": [
          2.6,
          3,
          3
        ],
        "paragraph_scoreT_detail": {
          "paragraph_scoreT_exp": [
            [
              3,
              3,
              2
            ],
            [
              3,
              3,
              3
            ],
            [
              3,
              3,
              3
            ]
          ]
        },
        "paragraph_scoreT_avg": 2.8666668,
        "paragraph_id": "001"
      }
    ],
    "essay_scoreT": [
      27.599998,
      28.8,
      30
    ],
    "essay_scoreT_avg": 28.799997,
    "essay_scoreT_detail": {
      "essay_scoreT_org": [
        [
          3,
          3,
          3,
          3
        ],
        [
          3,
          3,
          3,
          3
        ],
        [
          3,
          3,
          3,
          3
        ]
      ],
      "essay_scoreT_cont": [
        [
          3,
          2,
          3,
          3
        ],
        [
          3,
          2,
          3,
          3
        ],
        [
          3,
          3,
          3,
          3
        ]
      ],
      "essay_scoreT_exp": [
        [
          3,
          3,
          2
        ],
        [
          3,
          3,
          3
        ],
        [
          3,
          3,
          3
        ]
      ]
    }
  },
  "student": {
    "date": "2021.11.04",
    "student_educated": true,
    "student_grade": "고등_2학년",
    "location": "02",
    "student_grade_group": "고등",
    "student_reading": 2
  },
  "rubric": {
    "essay_grade": "고등_2학년",
    "organization_weight": {
      "org_paragraph": 3,
      "org": 3,
      "org_essay": 3,
      "org_coherence": 3,
      "org_quantity": 1
    },
    "essay_type": "주장",
    "content_weight": {
      "con_clearance": 3,
      "con_novelty": 3,
      "con": 4,
      "con_prompt": 1,
      "con_description": 3
    },
    "essay_main_subject": "지적 재산권에 대한 본인의 생각 작성",
    "expression_weight": {
      "exp_style": 4,
      "exp_grammar": 2,
      "exp_vocab": 4,
      "exp": 3
    }
  },
  "correction": [],
  "info": {
    "essay_id": "ESSAY_40761",
    "essay_prompt": " 지적재산권이란 특허권, 실용신안권, 상표권, 디자인권을 총칭하는 개념으로 지적재산권법은 정보생산자에게 일정기간 동안 시장에서의 배타적 지위를 부여하고 있습니다.\n\n 즉, 지적 재산권은 특정 사람이 생각/창작해낸 것을 다른사람들의 무분별한 이용으로 부터 지켜주는 것입니다. 이러한 지적재산권은 개인 혹은 회사 더 나아가 나라에 귀속될 수 있습니다.\n\n 다만, 코로나 시대인 요즘 전 세계적인 재앙인 코로나를 물리칠 수 있는 백신에 대한 지적재산권을 자유롭게 풀어야한다는 의견이 계속해서 나오고 있습니다. \n\n 지적 재산권이 있는 제약회사가 있는 나라의 경우 백신이 충분하며 백신을 맞는 것이 선택의 문제인 반면, 그렇지 못한 나라는 백신을 맞고 싶어도 맞지 못하는 사람들이 많고 항체가 없어 사망하는 경우도 비교적 많이 때문입니다.\n\n 전 세계의 문제를 해결하기 위해 수 많은 돈을 들여 개발한 백신의 지적재산권을 공유하는 것이 의무화 되어야 할까요? 아니면 회사의 선택에 맡겨야할까요? 보상은 어떻게 해야할까요? \n\n 전 세계에 무상으로 공개 해야 한다는 의견이 있을 수도 있고 무상으로 공개한 회사의 경우 팬더믹 상황이 종결 된 후 따로 보상을 해주어야 한다는 의견도 있을 겁니다. 지적재산권의 변하지 않는 신뢰를 위해서라도 무상 공개는 절대 있어서는 안된다는 의견도 있을 것입니다.\n\n 지금까지도 펜더믹 상황에서 코로나19 백신에 대한 특허권을 보장해야 하느냐 풀어야 하느냐 의견이 분분합니다. 이에 대한 자신의 주장을 작성해주세요. 또한, 그렇게 생각한 이유도 설명해주세요.",
    "essay_type": "주장",
    "essay_level": "1",
    "essay_len": 924,
    "essay_main_subject": "지적 재산권에 대한 본인의 생각 작성"
  }
}