{
  "paragraph": [
    {
      "paragraph_txt": "저는 이 문장을 보면서 학교에서 평가를 하는 것이 시험에 일종이라면 사회에서 보여주는 평가는 어디에서 보여질까라는 생각을 많이 했었습니다.#@문장구분# 사회에서 보여주는 평가가 주관적이 평가인지 객관적인 평가인지에 주장에서는 그 누구도 알수 가 없는 과정입니다.#@문장구분# 자기가 하는 행동에 대해서 사회에 있는 사람들이 당신을 평가를 하는 것은 당연하다고 생각하고 주관적으로 생각할 수도 있고 객관적으로 생각을 하면서 그들만의 기준을 알 수 있습니다.#@문장구분# 이러한 과정에서 학교에서 나온 평가만 있는 것이 아니라 사회에서 있는 평가가 진정한 첫걸음 일 수 있습니다.#@문장구분# 평가란 사물의 가치나 수준 따위를 평하고 또는 그 기준으로 평에 따라 수준을 맞추는 뜻입니다.#@문장구분# 저는 이러한 평가를 삶에 있어서 사회의 첫 단계라고 생각합니다.#@문장구분# 첫 단계가 아니더라도 사회에 들어가기 전에 준비를 하는데 필요한 시험이라고 생각합니다.#@문장구분# 이러한 평가들은 거의 첫 걸음이라고 생각하고 정말로 중요하게 생각한 평가는 사회에서 나 자신에 대한 과정을 평가하는 것이 사회의 평가인 것 같습니다.#@문장구분# 사회에 있는 직장이나 상사 동료들이 나 자신의 행동이나 대화를 하면서 어떻게 보면서 또 어떻게 평가를 하는지 보여줄 수 있는 상황이 발생할 수도 있습니다.#@문장구분# 실제로 연예인들이 방송을 하면서 그들이 하는 행동이나 말을 할 때 시청자들이 보면서 논란이 될 수도 있고 화제가 될 수 있는 과정이 될 수 있습니다.#@문장구분# 저는 이러한 시험 평가보다는 삶에 있어 사회의 평가가 더 중요한 것 같습니다.#@문장구분# 이런 사회의 평가를 가지고 앞으로 살아가야 하기  때문에 어떻게 하면 사회의 평가를 잘 받을수 있냐가 제 인생의 관건일거 같습니다.#@문장구분#",
      "paragraph_len": 1052,
      "paragraph_id": "001"
    }
  ],
  "score": {
    "paragraph_score": [
      {
        "paragraph_scoreT": [
          3,
          3,
          3
        ],
        "paragraph_scoreT_detail": {
          "paragraph_scoreT_exp": [
            [
              3,
              3,
              3
            ],
            [
              3,
              3,
              3
            ],
            [
              3,
              3,
              3
            ]
          ]
        },
        "paragraph_scoreT_avg": 3,
        "paragraph_id": "001"
      }
    ],
    "essay_scoreT": [
      26,
      26,
      28.8
    ],
    "essay_scoreT_avg": 26.933334,
    "essay_scoreT_detail": {
      "essay_scoreT_org": [
        [
          3,
          0,
          2,
          2
        ],
        [
          3,
          0,
          3,
          3
        ],
        [
          3,
          0,
          3,
          3
        ]
      ],
      "essay_scoreT_cont": [
        [
          2,
          2,
          2,
          3
        ],
        [
          3,
          1,
          2,
          2
        ],
        [
          3,
          2,
          3,
          3
        ]
      ],
      "essay_scoreT_exp": [
        [
          3,
          3,
          3
        ],
        [
          3,
          3,
          3
        ],
        [
          3,
          3,
          3
        ]
      ]
    }
  },
  "student": {
    "date": "2021.12.21",
    "student_educated": true,
    "student_grade": "고등_1학년",
    "location": "054",
    "student_grade_group": "고등",
    "student_reading": 1
  },
  "rubric": {
    "essay_grade": "고등_1학년",
    "organization_weight": {
      "org_paragraph": 0,
      "org": 3,
      "org_essay": 6,
      "org_coherence": 3,
      "org_quantity": 1
    },
    "essay_type": "주장",
    "content_weight": {
      "con_clearance": 3,
      "con_novelty": 3,
      "con": 4,
      "con_prompt": 1,
      "con_description": 3
    },
    "essay_main_subject": "평가에 대한 본인의 의견",
    "expression_weight": {
      "exp_style": 4,
      "exp_grammar": 2,
      "exp_vocab": 4,
      "exp": 3
    }
  },
  "correction": [],
  "info": {
    "essay_id": "ESSAY_83348",
    "essay_prompt": " 평가는 일반적으로 평가대상의 장점과 가치를 결정하는 과정을 말합니다.\n\n 세상에는 무수히 많은 평가 방법들이 존재하고 그 주제도 다양합니다.\n\n 우리나라의 경우는 어떨까요? 중간, 기말시험이 있고 미술과 같은 기본기와 창의성을 평가하는 과목도 있습니다. 체육과 같은 신체적인 능력을 평가하는 과목도 있지요. 모두 적절한 기준이 있으며 매우 객관적인 기준이라고 말합니다.\n\n 하지만 여러분이 생각하기에 모든 학생을 동일한 평가지표에 맞추어 평가하는 것이 올바른 방식이라고 생각하나요?\n\n 사람마다 특성이 존재하듯 각각의 목표 또한 다르고 성과도 다를 수 있습니다. 특정 기준에 의존해 본인의 성과도를 평가하는 것이 바르다고 생각되나요?\n\n 현재의 평가 방식은 최고의 객관적인 평가 방식이라고 생각하신다면 그 이유를 작성해주세요. 아니라면 어떤 평가 기준이 추가되어야 하고 또한 어떤 생각으로 평가가 이루어졌으면 좋겠는지 서술해 주세요.",
    "essay_type": "주장",
    "essay_level": "2",
    "essay_len": 812,
    "essay_main_subject": "평가에 대한 본인의 의견"
  }
}