{
  "paragraph": [
    {
      "paragraph_txt": "지금 우리의 평가 기준은 적절한 기준이며 매우 객관적인 기준이지만 과연 학생의 잠재력을 키우고 찾는 것에 도움이 될까?#@문장구분# 나는 우리나라 학교에서와 수학능력시험 등의 평가는 학생의 학업 성취 수준을 올려주지만 학생의 잠재력을 키우고 찾는 것 그리고 한 분야에 최고가 되는 것에는 도움이 되지 않는다 생각한다.#@문장구분# 우선 우리나라의 평가는 중간, 기말시험이 있고 기본기와 창의성을 평가하는 과목 그리고 신체적인 능력을 평가하는 과목이 있으며 모두 적절한 기준이 있으며 매우 객관적이다.#@문장구분# 우리나라의 교육 방식은 교과서 위주이며 전공 책이 전부이다.#@문장구분# 반면 미국의 교육 방식을 보았을 때 기본적인 시험은 여러 번 나누어 실시하여 부담감을 줄여주고 시험에 대한 평가는 큰 비중을 차지하지 않으며 강의에서 제일 중요시하는 것은 몸으로 체험하는 것이다.#@문장구분# 이 교육 방식은 학생들의 평균 수준을 올리는 데에는 도움이 되지만 학생을 한 분야의 정점으로 만드는 데에는 어려움이 있다고 하였다.#@문장구분# 하지만 나는 학교에서의 시험으로 인한 평가의 증가로 시험의 범위가 더 나누어지고 부담감이 낮아지게하며 시험으로 인한 평가 비중을 낮추고 체험과 활동을 중시하는 것이 학생의 진로 탐색과 적성을 찾을 수 있고 자신이 흥미있는 공부를 하는 것이 도움이 될 것이라 생각한다.#@문장구분# 진로와 적성를 못 찾은 학생은 기존은 교육 방식으로 하여 기존의 평가를 해 아무것도 못하는 무기력한 상태가 나타나지 못하게 하고 적성과 진로가 있는 학생은 그 분야에서 필요한 것만 가르치고 전문적인 활동을 체험하고 경험을 쌓을 수 있는 전문 교육을 고등학교부터 실시하여 자신의 분야와 적성에 맞는 평가를 하는 것이 좋겠다고 생각한다.#@문장구분# 미국의 교육방식을 따라하라는 것은 아니지만 적어도 좋다고 이야기 되어지는 것을에 대한 수용적 태도를 보이는 것에 대해 긍정적으로 생각한다.#@문장구분#",
      "paragraph_len": 1078,
      "paragraph_id": "001"
    }
  ],
  "score": {
    "paragraph_score": [
      {
        "paragraph_scoreT": [
          2.6,
          2.6,
          3
        ],
        "paragraph_scoreT_detail": {
          "paragraph_scoreT_exp": [
            [
              3,
              3,
              2
            ],
            [
              3,
              3,
              2
            ],
            [
              3,
              3,
              3
            ]
          ]
        },
        "paragraph_scoreT_avg": 2.7333333,
        "paragraph_id": "001"
      }
    ],
    "essay_scoreT": [
      27.599998,
      27.599998,
      30
    ],
    "essay_scoreT_avg": 28.4,
    "essay_scoreT_detail": {
      "essay_scoreT_org": [
        [
          3,
          0,
          3,
          3
        ],
        [
          3,
          0,
          3,
          3
        ],
        [
          3,
          0,
          3,
          3
        ]
      ],
      "essay_scoreT_cont": [
        [
          3,
          2,
          3,
          3
        ],
        [
          3,
          2,
          3,
          3
        ],
        [
          3,
          3,
          3,
          3
        ]
      ],
      "essay_scoreT_exp": [
        [
          3,
          3,
          2
        ],
        [
          3,
          3,
          2
        ],
        [
          3,
          3,
          3
        ]
      ]
    }
  },
  "student": {
    "date": "2021.12.20",
    "student_educated": true,
    "student_grade": "고등_1학년",
    "location": "063",
    "student_grade_group": "고등",
    "student_reading": 2
  },
  "rubric": {
    "essay_grade": "고등_1학년",
    "organization_weight": {
      "org_paragraph": 0,
      "org": 3,
      "org_essay": 6,
      "org_coherence": 3,
      "org_quantity": 1
    },
    "essay_type": "주장",
    "content_weight": {
      "con_clearance": 3,
      "con_novelty": 3,
      "con": 4,
      "con_prompt": 1,
      "con_description": 3
    },
    "essay_main_subject": "평가에 대한 본인의 의견",
    "expression_weight": {
      "exp_style": 4,
      "exp_grammar": 2,
      "exp_vocab": 4,
      "exp": 3
    }
  },
  "correction": [],
  "info": {
    "essay_id": "ESSAY_71860",
    "essay_prompt": " 평가는 일반적으로 평가대상의 장점과 가치를 결정하는 과정을 말합니다.\n\n 세상에는 무수히 많은 평가 방법들이 존재하고 그 주제도 다양합니다.\n\n 우리나라의 경우는 어떨까요? 중간, 기말시험이 있고 미술과 같은 기본기와 창의성을 평가하는 과목도 있습니다. 체육과 같은 신체적인 능력을 평가하는 과목도 있지요. 모두 적절한 기준이 있으며 매우 객관적인 기준이라고 말합니다.\n\n 하지만 여러분이 생각하기에 모든 학생을 동일한 평가지표에 맞추어 평가하는 것이 올바른 방식이라고 생각하나요?\n\n 사람마다 특성이 존재하듯 각각의 목표 또한 다르고 성과도 다를 수 있습니다. 특정 기준에 의존해 본인의 성과도를 평가하는 것이 바르다고 생각되나요?\n\n 현재의 평가 방식은 최고의 객관적인 평가 방식이라고 생각하신다면 그 이유를 작성해주세요. 아니라면 어떤 평가 기준이 추가되어야 하고 또한 어떤 생각으로 평가가 이루어졌으면 좋겠는지 서술해 주세요.",
    "essay_type": "주장",
    "essay_level": "2",
    "essay_len": 898,
    "essay_main_subject": "평가에 대한 본인의 의견"
  }
}