{
  "paragraph": [
    {
      "paragraph_txt": "저는 특정한 기준을 정해둔 다음에 누군가를 평가하는 것은 공정하지도 않고 올바른 평가 방법도 아니라고 생각합니다.#@문장구분# 우선 저의 이야기를 먼저 해 보자면 저는 평소에 몹시 자유분방한 성격입니다.#@문장구분# 제가 자유분방한 성격이어서 그런 것인지는 모르겠지만 그래서인지 저는 남들과 비슷한 것도 좋아하지 않고 남들과 다른 것을 좋아합니다.#@문장구분# 남들과 다른 것을 좋아하기 때문에 창의성은 뛰어나서 미술과 같은 과목에서 평가를 받을 때에는 저의 이러한 성격이 장점으로 작용하였지만 다른 과목들에서는 그렇지 못했던 것 같습니다.#@문장구분# 대부분의 다른 과목들은 선생님들이 적당한 기준을 정해두신 다음에 그 기준에 맞춰서 점수를 부여했습니다.#@문장구분# 가장 예로 들기 쉬운 과목인 체육 과목을 통해서 예를 들어보자면 체육 수업의 성적 평가 방식은 일단 선생님이 평가를 하기 위한 기준을 정해서 학생들에게 그 기준을 알려주고 최대한 그 기준과 비슷하게 해낸 학생에게 최고점을 그리고 그 기준과 가장 멀리 떨어져있는 학생에게 낮은 점수를 부여하는 방식입니다.#@문장구분# 저는 이러한 평가 방식에는 조금 문제가 있다고 생각합니다. 대체 이러한 평가 기준은 어떠한 기준을 가지고 만드는 건가 의문이 들었습니다.#@문장구분# 학생마다 잘하는 것도 다르고 최대치의 기준이 다를 텐데 모든 학생을 다 같은 기준으로 평가하는 것은 공정하지 않은 것 같다고 생각합니다.#@문장구분# 만약 모두에게 평등한 평가 기준이 되려면 학생 개개인의 반영해 준 평가 기준을 만들어야 할 것이라 생각합니다.#@문장구분# 신체적인 요소를 고려해 준다거나 학생의 역량을 반영하거나 하는 등의 조치가 필요할 것입니다.#@문장구분# 이러한 조치가 없다면 누구에게나 공평한 평가라고 누가 떳떳하게 말할수 있을까요?#@문장구분#",
      "paragraph_len": 1042,
      "paragraph_id": "001"
    }
  ],
  "score": {
    "paragraph_score": [
      {
        "paragraph_scoreT": [
          2.6,
          3,
          2.6
        ],
        "paragraph_scoreT_detail": {
          "paragraph_scoreT_exp": [
            [
              3,
              3,
              2
            ],
            [
              3,
              3,
              3
            ],
            [
              3,
              3,
              2
            ]
          ]
        },
        "paragraph_scoreT_avg": 2.7333333,
        "paragraph_id": "001"
      }
    ],
    "essay_scoreT": [
      22.099998,
      27,
      25.4
    ],
    "essay_scoreT_avg": 24.833334,
    "essay_scoreT_detail": {
      "essay_scoreT_org": [
        [
          2,
          0,
          2,
          3
        ],
        [
          2,
          0,
          3,
          3
        ],
        [
          2,
          0,
          3,
          3
        ]
      ],
      "essay_scoreT_cont": [
        [
          2,
          2,
          2,
          2
        ],
        [
          3,
          2,
          3,
          3
        ],
        [
          3,
          3,
          2,
          2
        ]
      ],
      "essay_scoreT_exp": [
        [
          3,
          3,
          2
        ],
        [
          3,
          3,
          3
        ],
        [
          3,
          3,
          2
        ]
      ]
    }
  },
  "student": {
    "date": "2021.12.17",
    "student_educated": true,
    "student_grade": "고등_1학년",
    "location": "054",
    "student_grade_group": "고등",
    "student_reading": 1
  },
  "rubric": {
    "essay_grade": "고등_1학년",
    "organization_weight": {
      "org_paragraph": 0,
      "org": 3,
      "org_essay": 6,
      "org_coherence": 3,
      "org_quantity": 1
    },
    "essay_type": "주장",
    "content_weight": {
      "con_clearance": 3,
      "con_novelty": 3,
      "con": 4,
      "con_prompt": 1,
      "con_description": 3
    },
    "essay_main_subject": "평가에 대한 본인의 의견",
    "expression_weight": {
      "exp_style": 4,
      "exp_grammar": 2,
      "exp_vocab": 4,
      "exp": 3
    }
  },
  "correction": [],
  "info": {
    "essay_id": "ESSAY_83374",
    "essay_prompt": " 평가는 일반적으로 평가대상의 장점과 가치를 결정하는 과정을 말합니다.\n\n 세상에는 무수히 많은 평가 방법들이 존재하고 그 주제도 다양합니다.\n\n 우리나라의 경우는 어떨까요? 중간, 기말시험이 있고 미술과 같은 기본기와 창의성을 평가하는 과목도 있습니다. 체육과 같은 신체적인 능력을 평가하는 과목도 있지요. 모두 적절한 기준이 있으며 매우 객관적인 기준이라고 말합니다.\n\n 하지만 여러분이 생각하기에 모든 학생을 동일한 평가지표에 맞추어 평가하는 것이 올바른 방식이라고 생각하나요?\n\n 사람마다 특성이 존재하듯 각각의 목표 또한 다르고 성과도 다를 수 있습니다. 특정 기준에 의존해 본인의 성과도를 평가하는 것이 바르다고 생각되나요?\n\n 현재의 평가 방식은 최고의 객관적인 평가 방식이라고 생각하신다면 그 이유를 작성해주세요. 아니라면 어떤 평가 기준이 추가되어야 하고 또한 어떤 생각으로 평가가 이루어졌으면 좋겠는지 서술해 주세요.",
    "essay_type": "주장",
    "essay_level": "2",
    "essay_len": 822,
    "essay_main_subject": "평가에 대한 본인의 의견"
  }
}