{
  "paragraph": [
    {
      "paragraph_txt": "일반적으로 평가대상의 장점과 가치를 결정하는 과정을 말한다.#@문장구분# 학생들에게 동일한 평가지표에 맞줘 평가한는 건 옳치 않다 생각한다.#@문장구분# 성과주의에 대한 관심이 커지면서 사람의 능력과 성과를 정확히 측정하는 평가제도 구축 역시 중요한 이슈가 되고 있다.#@문장구분# 객관적이고 공정한 평가제도를 구축하기 위해서는 먼저 평가를 둘러싼 일반적인 오해에서 벗어나야 한다.#@문장구분# 단체생활과 그가운데 이뤄지는 평가는 구성원의 능력과 성과를 정확히 측정하는 문제 또한 중요한 이슈가 되고 있다.#@문장구분# 객관적이고 공정한 평가제도를 구축하고 이를 구성원들이 설득력있게 제시할 수 있는가가 그 단체생활 평가의 중요한 역량이 되고 있는 것이다.#@문장구분# 객관적 평가 근거를 제시하는 것은 쉽지않다 더욱이 보상,채용,교육,훈련등 다른 프로세스와의 밀접한 상호 관련성을 고려하여 평가 제도를 설계해야 한다는 점도 평가자에 있어서는 큰 부담이다.#@문장구분# 모든 학생이 이 평가라는 어려운 난관에 부딪힐 때마다 얼마나 힘들지 또 노력한만큼 결과가 나오지 않았을 때의 그 좌절감은 설명할 수 없는 아픔인 것을 모두가 알기에 그리고 이 평가라는 시스템이 사람을 얼마나 비참하게 만드는 지를 알고 지나간 평가는 다시 되돌릴 수 없기에 내가 생각하는 평가라는 지표는 인생에 매우 필요한 것이기도 하며 우리의 삶이라는 초원을 한 순간 불바다로 만들 수 있는 작은 불씨라고 할 수 있다.#@문장구분# 하지만 이에 무반응하지 않고 개선하려는 노력 또한 필요할 것으로 보인다.#@문장구분#수업에 대한 열성, 흥미, 과제수행 정도를 포함되야 한다고 생각한다.#@문장구분# 이런 불평등 평가방식은 않된다고 생각합니다.#@문장구분# 체육 실기 평가의 경우 위와 같이 피구를 해야 하면 학생들이 팀을 꾸리고 난후 각팀의 전력을 보아 선생님께서 개입하여 너무 막강하거나 너무 약한 팀이 존재하지 않게 중간에서 중재하셔야 됩니다. #@문장구분#위해 각 팀내 팀원들은 최선을 다할 것입니다. #@문장구분#평가선생님의 평가기준은 매우 중요합니다.#@문장구분#",
      "paragraph_len": 1213,
      "paragraph_id": "001"
    }
  ],
  "score": {
    "paragraph_score": [
      {
        "paragraph_scoreT": [
          2,
          2.8,
          2.2
        ],
        "paragraph_scoreT_detail": {
          "paragraph_scoreT_exp": [
            [
              2,
              2,
              2
            ],
            [
              2,
              3,
              3
            ],
            [
              1,
              3,
              2
            ]
          ]
        },
        "paragraph_scoreT_avg": 2.3333333,
        "paragraph_id": "001"
      }
    ],
    "essay_scoreT": [
      20.699999,
      27.3,
      23.6
    ],
    "essay_scoreT_avg": 23.866667,
    "essay_scoreT_detail": {
      "essay_scoreT_org": [
        [
          2,
          0,
          2,
          3
        ],
        [
          3,
          0,
          2,
          3
        ],
        [
          3,
          0,
          3,
          3
        ]
      ],
      "essay_scoreT_cont": [
        [
          2,
          2,
          3,
          2
        ],
        [
          3,
          2,
          3,
          3
        ],
        [
          2,
          2,
          2,
          2
        ]
      ],
      "essay_scoreT_exp": [
        [
          2,
          2,
          2
        ],
        [
          2,
          3,
          3
        ],
        [
          1,
          3,
          2
        ]
      ]
    }
  },
  "student": {
    "date": "2021.12.29",
    "student_educated": true,
    "student_grade": "고등_1학년",
    "location": "063",
    "student_grade_group": "고등",
    "student_reading": 2
  },
  "rubric": {
    "essay_grade": "고등_1학년",
    "organization_weight": {
      "org_paragraph": 0,
      "org": 3,
      "org_essay": 6,
      "org_coherence": 3,
      "org_quantity": 1
    },
    "essay_type": "주장",
    "content_weight": {
      "con_clearance": 3,
      "con_novelty": 3,
      "con": 4,
      "con_prompt": 1,
      "con_description": 3
    },
    "essay_main_subject": "평가에 대한 본인의 의견",
    "expression_weight": {
      "exp_style": 4,
      "exp_grammar": 2,
      "exp_vocab": 4,
      "exp": 3
    }
  },
  "correction": [],
  "info": {
    "essay_id": "ESSAY_84200",
    "essay_prompt": " 평가는 일반적으로 평가대상의 장점과 가치를 결정하는 과정을 말합니다.\n\n 세상에는 무수히 많은 평가 방법들이 존재하고 그 주제도 다양합니다.\n\n 우리나라의 경우는 어떨까요? 중간, 기말시험이 있고 미술과 같은 기본기와 창의성을 평가하는 과목도 있습니다. 체육과 같은 신체적인 능력을 평가하는 과목도 있지요. 모두 적절한 기준이 있으며 매우 객관적인 기준이라고 말합니다.\n\n 하지만 여러분이 생각하기에 모든 학생을 동일한 평가지표에 맞추어 평가하는 것이 올바른 방식이라고 생각하나요?\n\n 사람마다 특성이 존재하듯 각각의 목표 또한 다르고 성과도 다를 수 있습니다. 특정 기준에 의존해 본인의 성과도를 평가하는 것이 바르다고 생각되나요?\n\n 현재의 평가 방식은 최고의 객관적인 평가 방식이라고 생각하신다면 그 이유를 작성해주세요. 아니라면 어떤 평가 기준이 추가되어야 하고 또한 어떤 생각으로 평가가 이루어졌으면 좋겠는지 서술해 주세요.",
    "essay_type": "주장",
    "essay_level": "2",
    "essay_len": 933,
    "essay_main_subject": "평가에 대한 본인의 의견"
  }
}