{
  "paragraph": [
    {
      "paragraph_txt": "가치판단 중심 정의는 교육평가를 교육과 관련된 어떤 대상의 장점, 질, 가치 등을 판단하는 과정과 그 산물로 규정한다.#@문장구분# 이 입장에서는 교육평가의 과정을 우선평가기준을 설정하고 관련 정보를 수집한 뒤에 평가기준을 적용하여 대상의 가치나 유용성, 효과, 중요성 등을 판단하는 것으로 생각한다 평가제도 자체가 아니라 수업 패러다임 자체가 바뀌어야 한다는 결론이 난다. #@문장구분#하지만 현재의 교과서 검정체제에서는 성취기준이 복잡하다. #@문장구분#교사들은 복잡한 성취기준에 맞춰 진도를 빼야한다.#@문장구분# 학생 참여형 수업이나 평가를 하려면 별도의 시간을 내야 하는게 현실이다.#@문장구분# 이런것들이 담보가 안된 상태에서 수행평가만 한다는건 어려운 이야기다.#@문장구분# 그리고 교사별 평가 개념이 도입이 되고 실시가 되려면 교사들도 훈련이 돼있어야 한다고 생각한다.#@문장구분# 목표달성중심 정의는 교육평가를 교육과정과 수업활동을 통해 교육목표가 실제로 도달된 정도를 결정하는 과정으로 규정한다. #@문장구분#이러한 관점은 교육목표를 평가의 준거 또는 표준으로 하여 교육과정 및 수업을 통해 획득된 성과를 측정하는 것을 교육평가의 초점으로 간주하고 있다.#@문장구분# 의사결정중심 정의는 교육평가를 교육과 관련된 의사결정을 내리는 데 필요한 정보를 수집하는 활동 또는 그 과정으로 규정한다.#@문장구분# 이들은 학습성과의 측정을 통한 목표달성도를 확인하는Tyler의 입장을 탈피하여 성과뿐만 아니라 일련의 과정에 관한 정보를 수집하려는 점에서 교육평가를 더 넓게 보려는 시각이다.#@문장구분# 이 관점은가치판단적 의미를 축소하거나 배제시키고 교육평가를 교육에 관한 의사결정을 내릴 때 필요한 정보를 수집해서 의사결정에 활용하는 과정으로 부각시키려고 한다.#@문장구분#",
      "paragraph_len": 1043,
      "paragraph_id": "001"
    }
  ],
  "score": {
    "paragraph_score": [
      {
        "paragraph_scoreT": [
          2,
          2.4,
          3
        ],
        "paragraph_scoreT_detail": {
          "paragraph_scoreT_exp": [
            [
              2,
              2,
              2
            ],
            [
              2,
              3,
              2
            ],
            [
              3,
              3,
              3
            ]
          ]
        },
        "paragraph_scoreT_avg": 2.4666667,
        "paragraph_id": "001"
      }
    ],
    "essay_scoreT": [
      20.9,
      26.100002,
      22
    ],
    "essay_scoreT_avg": 23,
    "essay_scoreT_detail": {
      "essay_scoreT_org": [
        [
          2,
          0,
          3,
          2
        ],
        [
          3,
          0,
          2,
          3
        ],
        [
          3,
          0,
          3,
          3
        ]
      ],
      "essay_scoreT_cont": [
        [
          2,
          2,
          2,
          2
        ],
        [
          3,
          2,
          3,
          3
        ],
        [
          1,
          1,
          1,
          1
        ]
      ],
      "essay_scoreT_exp": [
        [
          2,
          2,
          2
        ],
        [
          2,
          3,
          2
        ],
        [
          3,
          3,
          3
        ]
      ]
    }
  },
  "student": {
    "date": "2021.12.29",
    "student_educated": true,
    "student_grade": "고등_1학년",
    "location": "063",
    "student_grade_group": "고등",
    "student_reading": 2
  },
  "rubric": {
    "essay_grade": "고등_1학년",
    "organization_weight": {
      "org_paragraph": 0,
      "org": 3,
      "org_essay": 6,
      "org_coherence": 3,
      "org_quantity": 1
    },
    "essay_type": "주장",
    "content_weight": {
      "con_clearance": 3,
      "con_novelty": 3,
      "con": 4,
      "con_prompt": 1,
      "con_description": 3
    },
    "essay_main_subject": "평가에 대한 본인의 의견",
    "expression_weight": {
      "exp_style": 4,
      "exp_grammar": 2,
      "exp_vocab": 4,
      "exp": 3
    }
  },
  "correction": [],
  "info": {
    "essay_id": "ESSAY_84117",
    "essay_prompt": " 평가는 일반적으로 평가대상의 장점과 가치를 결정하는 과정을 말합니다.\n\n 세상에는 무수히 많은 평가 방법들이 존재하고 그 주제도 다양합니다.\n\n 우리나라의 경우는 어떨까요? 중간, 기말시험이 있고 미술과 같은 기본기와 창의성을 평가하는 과목도 있습니다. 체육과 같은 신체적인 능력을 평가하는 과목도 있지요. 모두 적절한 기준이 있으며 매우 객관적인 기준이라고 말합니다.\n\n 하지만 여러분이 생각하기에 모든 학생을 동일한 평가지표에 맞추어 평가하는 것이 올바른 방식이라고 생각하나요?\n\n 사람마다 특성이 존재하듯 각각의 목표 또한 다르고 성과도 다를 수 있습니다. 특정 기준에 의존해 본인의 성과도를 평가하는 것이 바르다고 생각되나요?\n\n 현재의 평가 방식은 최고의 객관적인 평가 방식이라고 생각하신다면 그 이유를 작성해주세요. 아니라면 어떤 평가 기준이 추가되어야 하고 또한 어떤 생각으로 평가가 이루어졌으면 좋겠는지 서술해 주세요.",
    "essay_type": "주장",
    "essay_level": "2",
    "essay_len": 803,
    "essay_main_subject": "평가에 대한 본인의 의견"
  }
}