{
  "paragraph": [
    {
      "paragraph_txt": "평가한다고 하는 것은 주로 학생들의 시험이나 어떤 활동에 대하여 기준에 따라 '평가한다.'라고 합니다.#@문장구분# 이렇게 평가한다는 것을 주로 학교 생활을 하게 되면서 그런 상황을 자주 보게 됩니다.#@문장구분# 그런 상황에서 학생들은 자신들의 성취도를 확인하거나 그동안 충분히 공부를 해왔는지 확인할 수 있는 기회가 생깁니다.#@문장구분# 이런 점을 고려했을 때는 학생들에게 장점이라고 생각하지만 이렇게 준비해오는 과정 속에서 스트레스를 엄청 많이 받거나 힘들어하는 학생들이 많습니다.#@문장구분# 그리고 평가를 하게 되면 모두 다 같은 출발선에서 출발하게 되는 것이 아닙니다.#@문장구분# 어떤 학생들은 집안 사정 때문에 충분히 공부를 하지 못하게 되는 경우가 있고 학원의 도움을 받지 못하는 학생들도 있습니다.#@문장구분# 물론 학원의 도움없이 스스로 잘하는 학생들도 있겠지만 그렇지 않은 학생들이 대부분입니다.#@문장구분# 그리고 어떤 학생들에겐 건강상의 문제가 있을 수도 있습니다.#@문장구분# 또한 서술형 방식의 시험을 치게 되면 주관적인 생각이 들어갈 수밖에 없는 문제가 생기게 됩니다.#@문장구분# 이런 경우 학생과 선생님의 생각과 관점이 다르게 되면 당연히 그것은 오답으로 처리될 수 밖에 없는 상황이 생깁니다.#@문장구분# 그것이 충분히 답으로 고려될 수 있다하여도 선생님이 막무가내로 그것이 오답이라고 평가해버리면 그것은 어쩔 수 없이 오답으로 처리되게 됩니다.#@문장구분# 또한, 체육에서도 평가를 진행합니다. 주로 달리기나, 멀리뛰기 등의 종목으로 학생의 체력을 측정하고 그에 따라 점수와 등급을 매깁니다.#@문장구분# 그러나 고등학생이 됨면서 체력이 떨어진 학생들도 있고 그렇지 않은 학생들도 있습니다.#@문장구분# 이렇게 되면 공평한 조건에서 시작되는 평가가 아니라고 생각합니다.#@문장구분# 이런 것을 고려하여 평가해야한다고 생각합니다.#@문장구분#",
      "paragraph_len": 1135,
      "paragraph_id": "001"
    }
  ],
  "score": {
    "paragraph_score": [
      {
        "paragraph_scoreT": [
          3,
          3,
          2.8
        ],
        "paragraph_scoreT_detail": {
          "paragraph_scoreT_exp": [
            [
              3,
              3,
              3
            ],
            [
              3,
              3,
              3
            ],
            [
              2,
              3,
              3
            ]
          ]
        },
        "paragraph_scoreT_avg": 2.9333334,
        "paragraph_id": "001"
      }
    ],
    "essay_scoreT": [
      28.8,
      27.2,
      26.599998
    ],
    "essay_scoreT_avg": 27.533333,
    "essay_scoreT_detail": {
      "essay_scoreT_org": [
        [
          3,
          0,
          3,
          3
        ],
        [
          3,
          0,
          3,
          3
        ],
        [
          3,
          0,
          3,
          3
        ]
      ],
      "essay_scoreT_cont": [
        [
          3,
          2,
          3,
          3
        ],
        [
          3,
          2,
          2,
          2
        ],
        [
          2,
          2,
          2,
          3
        ]
      ],
      "essay_scoreT_exp": [
        [
          3,
          3,
          3
        ],
        [
          3,
          3,
          3
        ],
        [
          2,
          3,
          3
        ]
      ]
    }
  },
  "student": {
    "date": "2021.12.21",
    "student_educated": true,
    "student_grade": "고등_1학년",
    "location": "054",
    "student_grade_group": "고등",
    "student_reading": 1
  },
  "rubric": {
    "essay_grade": "고등_1학년",
    "organization_weight": {
      "org_paragraph": 0,
      "org": 3,
      "org_essay": 6,
      "org_coherence": 3,
      "org_quantity": 1
    },
    "essay_type": "주장",
    "content_weight": {
      "con_clearance": 3,
      "con_novelty": 3,
      "con": 4,
      "con_prompt": 1,
      "con_description": 3
    },
    "essay_main_subject": "평가에 대한 본인의 의견",
    "expression_weight": {
      "exp_style": 4,
      "exp_grammar": 2,
      "exp_vocab": 4,
      "exp": 3
    }
  },
  "correction": [],
  "info": {
    "essay_id": "ESSAY_83360",
    "essay_prompt": " 평가는 일반적으로 평가대상의 장점과 가치를 결정하는 과정을 말합니다.\n\n 세상에는 무수히 많은 평가 방법들이 존재하고 그 주제도 다양합니다.\n\n 우리나라의 경우는 어떨까요? 중간, 기말시험이 있고 미술과 같은 기본기와 창의성을 평가하는 과목도 있습니다. 체육과 같은 신체적인 능력을 평가하는 과목도 있지요. 모두 적절한 기준이 있으며 매우 객관적인 기준이라고 말합니다.\n\n 하지만 여러분이 생각하기에 모든 학생을 동일한 평가지표에 맞추어 평가하는 것이 올바른 방식이라고 생각하나요?\n\n 사람마다 특성이 존재하듯 각각의 목표 또한 다르고 성과도 다를 수 있습니다. 특정 기준에 의존해 본인의 성과도를 평가하는 것이 바르다고 생각되나요?\n\n 현재의 평가 방식은 최고의 객관적인 평가 방식이라고 생각하신다면 그 이유를 작성해주세요. 아니라면 어떤 평가 기준이 추가되어야 하고 또한 어떤 생각으로 평가가 이루어졌으면 좋겠는지 서술해 주세요.",
    "essay_type": "주장",
    "essay_level": "2",
    "essay_len": 835,
    "essay_main_subject": "평가에 대한 본인의 의견"
  }
}