{
  "paragraph": [
    {
      "paragraph_txt": "평가는 학생 뿐만 아니라 태어나면서 부터 성인이 돼서 사회에 나가서도 계속되는게 평가라고 생각한다.#@문장구분# 일단 우리나라는 초등학생때 부터 시험에 집착하며 성적이 높은 학생들만 좋은 중학교에 입학하게되고 중학생이 돼서도 고등학생 대학생이 돼서도 똑같다.#@문장구분# 올바른 평가는 학생의 수준을 판별할 수 있어야 하고 학생의 수준이 얼마나 높아졌는지 또한 판별해 낼 수 있어야 한다고 생각합니다.#@문장구분# 그런 면에서 비추어 보았을 때 지금과 같은 평가 기준은 바뀌어야 한다고 생각한다.#@문장구분# 학생들의 특성이나 재능을 일일이 고려해서 그에게 맞는 교육을 제공하기는 어려운 일다.#@문장구분# 평가들은 자신의 실력 파악, 앞으로를 위한 정보제공, 가치의 판단, 이러한 일에 기준치가 될 수 있다.#@문장구분# 나는 이 평가라는 것이 나쁘지 않다고 생각한다.#@문장구분# 물론 대한민국에서는 이 평가에 대해 크고 작은 것들이 매우 휙휙 바뀐다고 생각한다.#@문장구분# 종이에 나타난 평가만이 그 사람의 전부는 아니라고 생각한다.#@문장구분# 그 사람의 발전가능성, 인성이나 가치관, 재능과 같은 것들은 정확안 평가가 불가능하기 때문이다.#@문장구분# 그렇기에 이 대한민국에서 평가되는 것들이 자신의 인생에서 큰 비중을 차지하지 않고 이 사회가 다양한 시각으로써 한 사람의 필요가치를 판단해 주었으면 한다.#@문장구분# 이 사회에서 평가라는 것이 비록 무겁기에 이런 생각이 드는 것이지 평가 자체는 필수적이라 생각한다.#@문장구분# 평가를 통해 현재 나의 수준을 파악 할 수 있으며 어떠한 목표가 될 수도 있다.#@문장구분# 누군가를 평가 한다는 시스템이 생각해보자.#@문장구분# 평가가 사라진 세상에서는 모두가 비슷해 보일 것이다.#@문장구분# 분명히 정해진 장래희망이 없는 사람들도 마찬가지이다.#@문장구분# 이 사실이 수학능력시험을 준비하는 학생들이 공부를 하며 회의감에 빠지는 이유중 하나이기도 하다.#@문장구분#",
      "paragraph_len": 1190,
      "paragraph_id": "001"
    }
  ],
  "score": {
    "paragraph_score": [
      {
        "paragraph_scoreT": [
          2,
          2.4,
          2.8
        ],
        "paragraph_scoreT_detail": {
          "paragraph_scoreT_exp": [
            [
              2,
              2,
              2
            ],
            [
              2,
              3,
              2
            ],
            [
              2,
              3,
              3
            ]
          ]
        },
        "paragraph_scoreT_avg": 2.3999999,
        "paragraph_id": "001"
      }
    ],
    "essay_scoreT": [
      20.699999,
      26.100002,
      18.4
    ],
    "essay_scoreT_avg": 21.733335,
    "essay_scoreT_detail": {
      "essay_scoreT_org": [
        [
          2,
          0,
          2,
          3
        ],
        [
          3,
          0,
          2,
          3
        ],
        [
          2,
          0,
          2,
          2
        ]
      ],
      "essay_scoreT_cont": [
        [
          2,
          2,
          3,
          2
        ],
        [
          3,
          2,
          3,
          3
        ],
        [
          1,
          1,
          1,
          1
        ]
      ],
      "essay_scoreT_exp": [
        [
          2,
          2,
          2
        ],
        [
          2,
          3,
          2
        ],
        [
          2,
          3,
          3
        ]
      ]
    }
  },
  "student": {
    "date": "2021.12.29",
    "student_educated": true,
    "student_grade": "고등_1학년",
    "location": "063",
    "student_grade_group": "고등",
    "student_reading": 2
  },
  "rubric": {
    "essay_grade": "고등_1학년",
    "organization_weight": {
      "org_paragraph": 0,
      "org": 3,
      "org_essay": 6,
      "org_coherence": 3,
      "org_quantity": 1
    },
    "essay_type": "주장",
    "content_weight": {
      "con_clearance": 3,
      "con_novelty": 3,
      "con": 4,
      "con_prompt": 1,
      "con_description": 3
    },
    "essay_main_subject": "평가에 대한 본인의 의견",
    "expression_weight": {
      "exp_style": 4,
      "exp_grammar": 2,
      "exp_vocab": 4,
      "exp": 3
    }
  },
  "correction": [],
  "info": {
    "essay_id": "ESSAY_83947",
    "essay_prompt": " 평가는 일반적으로 평가대상의 장점과 가치를 결정하는 과정을 말합니다.\n\n 세상에는 무수히 많은 평가 방법들이 존재하고 그 주제도 다양합니다.\n\n 우리나라의 경우는 어떨까요? 중간, 기말시험이 있고 미술과 같은 기본기와 창의성을 평가하는 과목도 있습니다. 체육과 같은 신체적인 능력을 평가하는 과목도 있지요. 모두 적절한 기준이 있으며 매우 객관적인 기준이라고 말합니다.\n\n 하지만 여러분이 생각하기에 모든 학생을 동일한 평가지표에 맞추어 평가하는 것이 올바른 방식이라고 생각하나요?\n\n 사람마다 특성이 존재하듯 각각의 목표 또한 다르고 성과도 다를 수 있습니다. 특정 기준에 의존해 본인의 성과도를 평가하는 것이 바르다고 생각되나요?\n\n 현재의 평가 방식은 최고의 객관적인 평가 방식이라고 생각하신다면 그 이유를 작성해주세요. 아니라면 어떤 평가 기준이 추가되어야 하고 또한 어떤 생각으로 평가가 이루어졌으면 좋겠는지 서술해 주세요.",
    "essay_type": "주장",
    "essay_level": "2",
    "essay_len": 850,
    "essay_main_subject": "평가에 대한 본인의 의견"
  }
}