{
  "paragraph": [
    {
      "paragraph_txt": "나는 기본적으로 객관적인 평가는 존재해야 한다고 생각한다.#@문장구분# 물론 미술이나 음악처럼 보는사람 듣는 사람에 따라 그 평가가 매우 다양하게 존재하는 부분들도 있겠지만 그런 부분들이 있다고 해서 모든 부분의 평가의 기준을 다양하게 갖는 다면 매우 큰 혼란이 벌어질거라 생각된다.#@문장구분# 평가를 받는 것은 기분이 썩 좋은일 만은 아니지만 최소한의 교육에 대한 평가는 객관적으로 존재해야 하며 그것이 꼭 전문적으로 우수하다는 아니지만 이 사회를 살아가는데 이정도는 해야한다는 기준은 있어야 할 것이다.#@문장구분# 그 기준이 분명하고 객관적이여야만 혼란이 없을 것 같다.#@문장구분# 물론 요즘은 다양한 채점기준과 다양성에 대한 존중도 존재한다.#@문장구분# 이는 엄연히 객관적인 평가기준을 보완하는 장치로 존재할 수 있다고 본다.#@문장구분# 나는 기본적으로 현재 이루어 지는 평가가 적절하다고 생각하며 앞으로도 전문가들이 시대에 맞는 객관적인 잣대를 만들어 갈것이라고 믿고 있다.#@문장구분# 자유와 창의성도 중요하지만 그 바탕을 이루는 기본은 객관적으로 탄탄한 사실이 존재해야 한다.#@문장구분# 그래야 흔들림 없이 자유롭고 창의 적인 작업이 이루어 질 것이다.#@문장구분# 만약 음악을 예로 든다면 아무리 좋은 음악도 가사가 어법이나 문법을 마냥 무시한다면, 말이 안되는 말들만 늘어놓는 다면 아마 좋은 음악이 되지는 않을 것이다.#@문장구분# 미술도 마찬가지다 기본적으로 색에 대한 이해, 공간에 대한 이해가 있어야지만 좋은 미술도 있을 수 있다.#@문장구분# 그 기본이 있어야 소비하는 사람들의 공감을 이뤄낼 수 있기 때문이다.#@문장구분# 내 생각이지만 앞으로도 객관적인 평가는 절대로 사라질 수 없다고 생각한다.#@문장구분# 왜냐하면 객관적인 평가는 과거에도 현재에도 미래에도 다른 사람을 평가하기 좋은 시스템인 것같다.#@문장구분#",
      "paragraph_len": 1108,
      "paragraph_id": "001"
    }
  ],
  "score": {
    "paragraph_score": [
      {
        "paragraph_scoreT": [
          2.4,
          3,
          3
        ],
        "paragraph_scoreT_detail": {
          "paragraph_scoreT_exp": [
            [
              2,
              3,
              2
            ],
            [
              3,
              3,
              3
            ],
            [
              3,
              3,
              3
            ]
          ]
        },
        "paragraph_scoreT_avg": 2.8,
        "paragraph_id": "001"
      }
    ],
    "essay_scoreT": [
      23.6,
      30,
      29.1
    ],
    "essay_scoreT_avg": 27.566666,
    "essay_scoreT_detail": {
      "essay_scoreT_org": [
        [
          2,
          0,
          2,
          2
        ],
        [
          3,
          0,
          3,
          3
        ],
        [
          3,
          0,
          2,
          3
        ]
      ],
      "essay_scoreT_cont": [
        [
          3,
          2,
          2,
          3
        ],
        [
          3,
          3,
          3,
          3
        ],
        [
          3,
          3,
          3,
          3
        ]
      ],
      "essay_scoreT_exp": [
        [
          2,
          3,
          2
        ],
        [
          3,
          3,
          3
        ],
        [
          3,
          3,
          3
        ]
      ]
    }
  },
  "student": {
    "date": "2021.11.19",
    "student_educated": true,
    "student_grade": "고등_1학년",
    "location": "063",
    "student_grade_group": "고등",
    "student_reading": 1
  },
  "rubric": {
    "essay_grade": "고등_1학년",
    "organization_weight": {
      "org_paragraph": 0,
      "org": 3,
      "org_essay": 6,
      "org_coherence": 3,
      "org_quantity": 1
    },
    "essay_type": "주장",
    "content_weight": {
      "con_clearance": 3,
      "con_novelty": 3,
      "con": 4,
      "con_prompt": 1,
      "con_description": 3
    },
    "essay_main_subject": "평가에 대한 본인의 의견",
    "expression_weight": {
      "exp_style": 4,
      "exp_grammar": 2,
      "exp_vocab": 4,
      "exp": 3
    }
  },
  "correction": [],
  "info": {
    "essay_id": "ESSAY_47315",
    "essay_prompt": " 평가는 일반적으로 평가대상의 장점과 가치를 결정하는 과정을 말합니다.\n\n 세상에는 무수히 많은 평가 방법들이 존재하고 그 주제도 다양합니다.\n\n 우리나라의 경우는 어떨까요? 중간, 기말시험이 있고 미술과 같은 기본기와 창의성을 평가하는 과목도 있습니다. 체육과 같은 신체적인 능력을 평가하는 과목도 있지요. 모두 적절한 기준이 있으며 매우 객관적인 기준이라고 말합니다.\n\n 하지만 여러분이 생각하기에 모든 학생을 동일한 평가지표에 맞추어 평가하는 것이 올바른 방식이라고 생각하나요?\n\n 사람마다 특성이 존재하듯 각각의 목표 또한 다르고 성과도 다를 수 있습니다. 특정 기준에 의존해 본인의 성과도를 평가하는 것이 바르다고 생각되나요?\n\n 현재의 평가 방식은 최고의 객관적인 평가 방식이라고 생각하신다면 그 이유를 작성해주세요. 아니라면 어떤 평가 기준이 추가되어야 하고 또한 어떤 생각으로 평가가 이루어졌으면 좋겠는지 서술해 주세요.",
    "essay_type": "주장",
    "essay_level": "2",
    "essay_len": 828,
    "essay_main_subject": "평가에 대한 본인의 의견"
  }
}