{
  "paragraph": [
    {
      "paragraph_txt": "평가를 한다는 것 자체가 그 사람이 어떤 목적을 달성하기에 적합한 인물인가를 검사한다는 것이기 때문에 저는 사람마다 다른 지표를 가지고 평가해야한다고 생각합니다.#@문장구분# 학교를 다니다보면 열심히 공부해서 어떻게든 높은 순위를 차지하려고 높은 성적을 받으려고 노력하는 모범생들이 있는가 하면, 맨날 수업시간이 되면 잠이나 자고, 시험공부는 하지도 않는 그런 친구들을 볼 수 있습니다.#@문장구분# 그렇다고 열심히 공부하는 친구들은 착한 친구들이고, 맨날 잠만 자는 친구들은 나쁜 친구들이라고 볼 수 없습니다. #@문장구분#그들도 좋아하는, 그리고 자기가 잘할 수 있는 무언가가 있을 것입니다. #@문장구분#하지만 학교에서는 정해진 과목만을 시간표에 맞게 배우기 때문에 흥미가 없는 과목에서는 잠이 올 수 밖에 없는 것입니다.#@문장구분# 그런 상태에서 시험을 보면 당연히 공부를 안했기 때문에 성적은 안나올 수 밖에 없고, 그렇게 나온 성적표를 보고 '너는 공부도 안하고 커서 뭐가 되려고 하니.'라면서 미래가 없는 사람으로 낙인을 찍어버립니다.#@문장구분# 세상의 어느 누가 인생의 전부는 공부라고 말했습니까?#@문장구분# 공부를 한다고 성공하는 것도 아니고 안한다고 해서 망하는 것도 아닙니다.#@문장구분# 다 자신이 해보고 싶고, 잘할 수 있는 분야가 있습니다.#@문장구분# 하지만 우리는 어릴 때부터 학교에 들어가서 거기서 정해주는 교육만 배웁니다. #@문장구분#그것이 답인지는 누구도 알려주지 않습니다.#@문장구분# 이게 문제입니다.#@문장구분# 각자가 좋아하는, 그리고 잘할 수 있는 분야를 알아내서 그 분야를 중심으로 교육하는 방식이 필요합니다.#@문장구분# 그리고 그것들을 바탕으로 평가를 보는 것이 중요하다고 생각합니다.#@문장구분# 그렇게 하면 모두가 좋은 성적을 받을 수도 있고, 자신이 원하는 미래로 한발짝 다가갈 수 있을 것입니다.#@문장구분#",
      "paragraph_len": 1130,
      "paragraph_id": "001"
    }
  ],
  "score": {
    "paragraph_score": [
      {
        "paragraph_scoreT": [
          1.6,
          2,
          2
        ],
        "paragraph_scoreT_detail": {
          "paragraph_scoreT_exp": [
            [
              2,
              2,
              1
            ],
            [
              2,
              2,
              2
            ],
            [
              2,
              2,
              2
            ]
          ]
        },
        "paragraph_scoreT_avg": 1.8666667,
        "paragraph_id": "001"
      }
    ],
    "essay_scoreT": [
      21.900002,
      21.2,
      21.2
    ],
    "essay_scoreT_avg": 21.433334,
    "essay_scoreT_detail": {
      "essay_scoreT_org": [
        [
          2,
          0,
          2,
          3
        ],
        [
          2,
          0,
          2,
          2
        ],
        [
          2,
          0,
          2,
          2
        ]
      ],
      "essay_scoreT_cont": [
        [
          3,
          2,
          3,
          3
        ],
        [
          3,
          2,
          2,
          2
        ],
        [
          3,
          2,
          2,
          2
        ]
      ],
      "essay_scoreT_exp": [
        [
          2,
          2,
          1
        ],
        [
          2,
          2,
          2
        ],
        [
          2,
          2,
          2
        ]
      ]
    }
  },
  "student": {
    "date": "2021.12.16",
    "student_educated": true,
    "student_grade": "고등_1학년",
    "location": "054",
    "student_grade_group": "고등",
    "student_reading": 2
  },
  "rubric": {
    "essay_grade": "고등_1학년",
    "organization_weight": {
      "org_paragraph": 0,
      "org": 3,
      "org_essay": 6,
      "org_coherence": 3,
      "org_quantity": 1
    },
    "essay_type": "주장",
    "content_weight": {
      "con_clearance": 3,
      "con_novelty": 3,
      "con": 4,
      "con_prompt": 1,
      "con_description": 3
    },
    "essay_main_subject": "평가에 대한 본인의 의견",
    "expression_weight": {
      "exp_style": 4,
      "exp_grammar": 2,
      "exp_vocab": 4,
      "exp": 3
    }
  },
  "correction": [],
  "info": {
    "essay_id": "ESSAY_78514",
    "essay_prompt": " 평가는 일반적으로 평가대상의 장점과 가치를 결정하는 과정을 말합니다.\n\n 세상에는 무수히 많은 평가 방법들이 존재하고 그 주제도 다양합니다.\n\n 우리나라의 경우는 어떨까요? 중간, 기말시험이 있고 미술과 같은 기본기와 창의성을 평가하는 과목도 있습니다. 체육과 같은 신체적인 능력을 평가하는 과목도 있지요. 모두 적절한 기준이 있으며 매우 객관적인 기준이라고 말합니다.\n\n 하지만 여러분이 생각하기에 모든 학생을 동일한 평가지표에 맞추어 평가하는 것이 올바른 방식이라고 생각하나요?\n\n 사람마다 특성이 존재하듯 각각의 목표 또한 다르고 성과도 다를 수 있습니다. 특정 기준에 의존해 본인의 성과도를 평가하는 것이 바르다고 생각되나요?\n\n 현재의 평가 방식은 최고의 객관적인 평가 방식이라고 생각하신다면 그 이유를 작성해주세요. 아니라면 어떤 평가 기준이 추가되어야 하고 또한 어떤 생각으로 평가가 이루어졌으면 좋겠는지 서술해 주세요.",
    "essay_type": "주장",
    "essay_level": "2",
    "essay_len": 830,
    "essay_main_subject": "평가에 대한 본인의 의견"
  }
}