{
  "paragraph": [
    {
      "paragraph_txt": "누군가의 성적,성격등을 가르는건데, 물론 좋은 평가는 좋지만 좋은 평가만 존재하는건 아니고 평가로 인해 갈라지는 것 들이 많기 때문 입니다.#@문장구분#  우리가 보는 수능. 수능도 한번의 시험으로 한사람 한사람의 대학을 갈려고 시험을 치리는거고 또 평가하는것이기도 하기 때문입니다.#@문장구분# 저는 현재의 평가 방식이 매우 좋지 않다고 생각합니다.#@문장구분# 사람은 각자 특색이 있고 잘하는 게 있고 하고 싶은 게 있고 좋아하는 게 있습니다.#@문장구분# 각자 갖고 있는 색이 다른데 하나로 뭉치라고 하면 아무 색도 없이 그저 검은색이 되어버립니다.#@문장구분# 본연의 색을 잃으면 삶이 재미가 없어지게 되고 나중에는 허탈함이 찾아올 겁니다.#@문장구분# 그리고 각자 본연의 색을 잃게 한 원인들에는 사회. 그리고 그 안에 수많은 원인 중에서도 평가. 평가도 그중 하나입니다.#@문장구분# 평가는 학교와 나라에서 정한 기준에 나 자신을 맞춰야 합니다.#@문장구분# 그 기준에 맞추지 못하면 안정적인 경제적 생활을 할 수 없다고 보이고 있습니다.#@문장구분# 그렇게 하나 둘 각자의 색을 잃어갑니다.#@문장구분# 그래서 저는 평가 기준과 방법이 바뀌어야 한다고 생각합니다.#@문장구분# 객관적 평가방식은 우리 부모님 세대 이전부터 계속해서 해오던 평가 방식입니다.#@문장구분# 주관적 평가방식으로는 오류가 매우 많이 발생하기도 하고 평가하는 평가자에 따라서 너무 큰 평가에서의 차이가 발생하기 때문에 우리는 객관적 평가방식을 꾸준히 해왔던게 아닐까 하고 생각해 봅니다.#@문장구분# 객관적 평가방식만 고집한다면 평가받는 사람들이 그 평가기준에만 맞추어 준비하기 때문에 창의성이나 개성이 무시되고 그들만의 특색이 없이 천편일률적인 학생들이 되어버립니다.#@문장구분# 그렇기 때문에 우리 교육은 객관적 평가방식와 주관적 평과방식을 각 교과별로 고루 적용시켜 우리들이 4차산업혁명시대에 변화와 개혁의 시대를 잘 이끌어 갈수 있는 인재로 만들어주기를 바랍니다.#@문장구분#",
      "paragraph_len": 1185,
      "paragraph_id": "001"
    }
  ],
  "score": {
    "paragraph_score": [
      {
        "paragraph_scoreT": [
          2,
          2,
          2
        ],
        "paragraph_scoreT_detail": {
          "paragraph_scoreT_exp": [
            [
              2,
              2,
              2
            ],
            [
              2,
              2,
              2
            ],
            [
              2,
              2,
              2
            ]
          ]
        },
        "paragraph_scoreT_avg": 2,
        "paragraph_id": "001"
      }
    ],
    "essay_scoreT": [
      25.8,
      21.5,
      22.699999
    ],
    "essay_scoreT_avg": 23.333334,
    "essay_scoreT_detail": {
      "essay_scoreT_org": [
        [
          3,
          0,
          3,
          3
        ],
        [
          2,
          0,
          2,
          3
        ],
        [
          2,
          0,
          2,
          3
        ]
      ],
      "essay_scoreT_cont": [
        [
          3,
          2,
          3,
          3
        ],
        [
          3,
          2,
          2,
          2
        ],
        [
          3,
          2,
          2,
          3
        ]
      ],
      "essay_scoreT_exp": [
        [
          2,
          2,
          2
        ],
        [
          2,
          2,
          2
        ],
        [
          2,
          2,
          2
        ]
      ]
    }
  },
  "student": {
    "date": "2021.12.21",
    "student_educated": true,
    "student_grade": "고등_1학년",
    "location": "063",
    "student_grade_group": "고등",
    "student_reading": 2
  },
  "rubric": {
    "essay_grade": "고등_1학년",
    "organization_weight": {
      "org_paragraph": 0,
      "org": 3,
      "org_essay": 6,
      "org_coherence": 3,
      "org_quantity": 1
    },
    "essay_type": "주장",
    "content_weight": {
      "con_clearance": 3,
      "con_novelty": 3,
      "con": 4,
      "con_prompt": 1,
      "con_description": 3
    },
    "essay_main_subject": "평가에 대한 본인의 의견",
    "expression_weight": {
      "exp_style": 4,
      "exp_grammar": 2,
      "exp_vocab": 4,
      "exp": 3
    }
  },
  "correction": [],
  "info": {
    "essay_id": "ESSAY_76494",
    "essay_prompt": " 평가는 일반적으로 평가대상의 장점과 가치를 결정하는 과정을 말합니다.\n\n 세상에는 무수히 많은 평가 방법들이 존재하고 그 주제도 다양합니다.\n\n 우리나라의 경우는 어떨까요? 중간, 기말시험이 있고 미술과 같은 기본기와 창의성을 평가하는 과목도 있습니다. 체육과 같은 신체적인 능력을 평가하는 과목도 있지요. 모두 적절한 기준이 있으며 매우 객관적인 기준이라고 말합니다.\n\n 하지만 여러분이 생각하기에 모든 학생을 동일한 평가지표에 맞추어 평가하는 것이 올바른 방식이라고 생각하나요?\n\n 사람마다 특성이 존재하듯 각각의 목표 또한 다르고 성과도 다를 수 있습니다. 특정 기준에 의존해 본인의 성과도를 평가하는 것이 바르다고 생각되나요?\n\n 현재의 평가 방식은 최고의 객관적인 평가 방식이라고 생각하신다면 그 이유를 작성해주세요. 아니라면 어떤 평가 기준이 추가되어야 하고 또한 어떤 생각으로 평가가 이루어졌으면 좋겠는지 서술해 주세요.",
    "essay_type": "주장",
    "essay_level": "2",
    "essay_len": 886,
    "essay_main_subject": "평가에 대한 본인의 의견"
  }
}