{
  "paragraph": [
    {
      "paragraph_txt": "대구에 거주하는 중학교 2학년 무슬림 학생은 같은 동네 주민들에게 편지로 이슬람 사원을 둘러싼 갈등의 원만한 해결을 호소했습니다.#@문장구분# 학생의 편지글은 다음과 같습니다.#@문장구분# \"한국에서 초등학교와 중학교를 다니며 한국에 대한 애정이 생겼습니다. 이슬람교를 믿는 것이 저희에게는 필수적인 일입니다. 이슬람 사원이 새로 만들어질 때 행복했지만 믿고 지내던 사람들의 비판적인 현수막을 볼 때마다 마음이 아프고 상처가 납니다. 저희도 외모가 조금 다를 뿐 권리가 있습니다. 같은 인간이고 똑같은 생각이 있습니다\" 이것은 대구의 이슬람 사원은 건축현장에 대해 주민들간의 갈등이 발생함에 따른 청원 글입니다. #@문장구분#이슬람사원건축에 주변 주민들이 소음과 악취 등을 이유로 반발에 나서자 구청이 공문을 통해 갈등 해결까지 무기한으로 사원 건축을 중단했습니다. #@문장구분#그 후 북구청이 중재를 위해 마련한 이슬람 사원 건축주와 주민의 협의 자리에서도 해답을 찾지 못한 채 답보 상태에 놓여, 이처럼 이슬람 사원 공사가 두 달 넘게 중단되자 대구지역 인권시민단체를 중심으로 지자체의 적극적인 문제 해결을 촉구하는 목소리가 나왔습니다. #@문장구분#인권단체들은 기자회견으로 이슬람사원공사의 재개를 촉구하였고 무슬림 유학생의 자녀인 중학생이 호소한 글까지 공개하게된것입니다. #@문장구분#우리는 외국인을 바라보는 차별적인 시각을 경계하여야 합니다. #@문장구분#종교의 다양성과 문화의 다양성을 훼손하면 않된다고 생각합니다. #@문장구분#교회나 성당이라면 이런 성급한 조치가 있었을지 의문이며 합의과정없는 건설중단은 종교차별이나 인권침해가 될수도 있는 문제인 것입니다.#@문장구분# 과연 무슬림 사람들이 아닌 우리나라의 다른 종교단체였다고 해도 바로 공사중지를 하였을까 의문도 들었습니다. #@문장구분#우리나라는 다문화상태로 다양성을 존중하고 배려해 피부색, 종교, 국적이 다르다고 차별하면 않됩니다. #@문장구분#어느 누구도 특정 선호, 신념, 종교를 가졌다는 이유만으로 자신의 마땅한 구너리를 누리는 것을 침해당 할 수는 없습니다. #@문장구분#중학생 편지글에서도 같이 외모가 조금다를 뿐 권리가 있으며 똑같은 인간이고 똑같은 생각을 합니다. #@문장구분#저는 우리가 그들의 문화를 이해하고 수용하는 자세를 가질 때 인종차별이 사라질 것이라고 생각합니다.#@문장구분#",
      "paragraph_len": 1342,
      "paragraph_id": "001"
    }
  ],
  "score": {
    "paragraph_score": [
      {
        "paragraph_scoreT": [
          2.8,
          2.8,
          2.4
        ],
        "paragraph_scoreT_detail": {
          "paragraph_scoreT_exp": [
            [
              2,
              3,
              3
            ],
            [
              2,
              3,
              3
            ],
            [
              2,
              2,
              3
            ]
          ]
        },
        "paragraph_scoreT_avg": 2.6666667,
        "paragraph_id": "001"
      }
    ],
    "essay_scoreT": [
      27.6,
      27.3,
      25.5
    ],
    "essay_scoreT_avg": 26.800001,
    "essay_scoreT_detail": {
      "essay_scoreT_org": [
        [
          2,
          3,
          2,
          3
        ],
        [
          2,
          3,
          3,
          3
        ],
        [
          2,
          2,
          2,
          3
        ]
      ],
      "essay_scoreT_cont": [
        [
          3,
          3,
          3,
          3
        ],
        [
          3,
          2,
          3,
          3
        ],
        [
          3,
          3,
          3,
          3
        ]
      ],
      "essay_scoreT_exp": [
        [
          2,
          3,
          3
        ],
        [
          2,
          3,
          3
        ],
        [
          2,
          2,
          3
        ]
      ]
    }
  },
  "student": {
    "date": "2021.11.28",
    "student_educated": true,
    "student_grade": "고등_2학년",
    "location": "063",
    "student_grade_group": "고등",
    "student_reading": 2
  },
  "rubric": {
    "essay_grade": "고등_2학년",
    "organization_weight": {
      "org_paragraph": 3,
      "org": 3,
      "org_essay": 3,
      "org_coherence": 3,
      "org_quantity": 1
    },
    "essay_type": "주장",
    "content_weight": {
      "con_clearance": 3,
      "con_novelty": 3,
      "con": 4,
      "con_prompt": 1,
      "con_description": 3
    },
    "essay_main_subject": "인종차별에 대한 본인의 생각",
    "expression_weight": {
      "exp_style": 4,
      "exp_grammar": 2,
      "exp_vocab": 4,
      "exp": 3
    }
  },
  "correction": [],
  "info": {
    "essay_id": "ESSAY_53106",
    "essay_prompt": " 최근 중국발 코로나바이러스로 인해 동양인에 대한 혐오감을 나타내는 서양인들이 늘어나고 있습니다. 그로 인해, 매스컴이나 SNS에서 인종차별을 받아 힘들어하는 동양인들을 자주 목격할 수 있습니다.\n\n 하지만, 최근에만 인종차별이 존재했을까요? 아닙니다. 아주 오래전부터 다른 인종에 대한 차별은 있었습니다.\n\n 우리나라에서는 인종차별을 안 하고 있을까요? 아닙니다. 우리나라에서도 알게 모르게 많은 부분에서 다른 국가의 사람들에 대해 인종차별을 하고 있으며 누군가에게 상처를 주고 있습니다.\n\n 즉, 인종차별은 누군가의 문제가 아니라 우리 모두의 문제입니다.\n\n 여러분들은 인종차별을 당해보신 적 있나요? 인종차별을 하는 사람들에 대해 어떻게 생각하시나요? 왜 생겨났다고 생각하나요? 인종차별을 근절하기 위해서는 어떻게 해야 할까요? 인종차별을 하는 사람들에 대해 전 세계적으로 처벌의 강도를 높여야 할까요?\n\n 인종차별을 하는 사람들에 대한 본인의 생각을 작성하고 인종차별은 해결할 수 있는 문제일지 아니면 해결하지 어려운 문제일지 작성해주세요. 또한, 그렇게 생각한 이유와 본인이 생각한 해결방법 혹은 해결할 수 없다면 왜 해결할 수 없다고 생각하는지 작성해주세요.",
    "essay_type": "주장",
    "essay_level": "1",
    "essay_len": 1062,
    "essay_main_subject": "인종차별에 대한 본인의 생각"
  }
}