{
  "paragraph": [
    {
      "paragraph_txt": "현재 우리나라의 평가 방식은 공평하고 객관적이다.#@문장구분# 모든 사람을 일관된 기준으로 두고 동일한 평가 기준에서 공평하게 평가하는 것이다.#@문장구분# 하지만 이를 두고 적절하다거나 최고라고 생각하는 것은 무리가 있다.#@문장구분# 모든 평가는 공정하고 평등해야 하는것이지, 모든 평가가 공평하고 객관적이어선 안된다고 생각한다.#@문장구분# 공정과 평등, 그리고 공평과 객관적은 비슷해보이지만 그 의미는 매우 다르다.#@문장구분# 3일간 아무것도 먹지못한 기아와 방금 배불리 급식을 먹은 고등학교 학생에게 똑같이 라면 한 봉지를 주는 것을 공평이라고 하고, 라면 한 봉지와 함께 마실 물, 냄비, 버너, 등을 기아에게 제공해 주고 방금 급식을 먹은 고등학생에겐 굳이 제공할 필요가 없는 것이 바로 평등인 것이다.#@문장구분# 그들 모두 의식주를 해결해야 하는 존재이고 존중받아 마땅한 존재이지만, 그들이 놓인 상황을 반영하고 이에 맞는 답안을 내놓는 것이 진정한 의미의 평등이라는 것이다.#@문장구분# 우리는 인간이고, 인간은 어떤 사물과 현상 따위에 대한 평가를 내놓을 때 상당히 주관적이다.#@문장구분# 그러한 주관성을 억지로 배제하려고 노력해도 이는 불가능하다.#@문장구분# 예를 들어 체육과목 수행평가 평가 기준표에 '정확한 자세로'와 '정확한 자세와 거의 유사한 자세로' 라는 평가 기준이 있다고 하자.#@문장구분# 정확한 자세와 이와 유사한 자세의 기준을 누가 정하는가.#@문장구분# 모든 국민의 자세를 통계화 시켜 유사도 80% 이상은 유사하다.#@문장구분# 60% 이상 80%미만은 미흡하다 라고 평가할 것인가?#@문장구분# 불가능하기에 결국 개개인의 건강 상태, 체형, 성별 따위를 모두 반영하여 평가의 주체가 주관적으로 평가하는 것이다.#@문장구분# 객관적인 평가 방식은 최고의 방식이 될 수 없다.#@문장구분#",
      "paragraph_len": 1110,
      "paragraph_id": "001"
    }
  ],
  "score": {
    "paragraph_score": [
      {
        "paragraph_scoreT": [
          2.8,
          3,
          2.6
        ],
        "paragraph_scoreT_detail": {
          "paragraph_scoreT_exp": [
            [
              2,
              3,
              3
            ],
            [
              3,
              3,
              3
            ],
            [
              3,
              3,
              2
            ]
          ]
        },
        "paragraph_scoreT_avg": 2.8,
        "paragraph_id": "001"
      }
    ],
    "essay_scoreT": [
      27.900002,
      30,
      23.099998
    ],
    "essay_scoreT_avg": 27,
    "essay_scoreT_detail": {
      "essay_scoreT_org": [
        [
          3,
          0,
          3,
          2
        ],
        [
          3,
          0,
          3,
          3
        ],
        [
          1,
          0,
          2,
          3
        ]
      ],
      "essay_scoreT_cont": [
        [
          3,
          3,
          3,
          2
        ],
        [
          3,
          3,
          3,
          3
        ],
        [
          3,
          2,
          3,
          3
        ]
      ],
      "essay_scoreT_exp": [
        [
          2,
          3,
          3
        ],
        [
          3,
          3,
          3
        ],
        [
          3,
          3,
          2
        ]
      ]
    }
  },
  "student": {
    "date": "2021.12.14",
    "student_educated": true,
    "student_grade": "고등_1학년",
    "location": "054",
    "student_grade_group": "고등",
    "student_reading": 3
  },
  "rubric": {
    "essay_grade": "고등_1학년",
    "organization_weight": {
      "org_paragraph": 0,
      "org": 3,
      "org_essay": 6,
      "org_coherence": 3,
      "org_quantity": 1
    },
    "essay_type": "주장",
    "content_weight": {
      "con_clearance": 3,
      "con_novelty": 3,
      "con": 4,
      "con_prompt": 1,
      "con_description": 3
    },
    "essay_main_subject": "평가에 대한 본인의 의견",
    "expression_weight": {
      "exp_style": 4,
      "exp_grammar": 2,
      "exp_vocab": 4,
      "exp": 3
    }
  },
  "correction": [],
  "info": {
    "essay_id": "ESSAY_78624",
    "essay_prompt": " 평가는 일반적으로 평가대상의 장점과 가치를 결정하는 과정을 말합니다.\n\n 세상에는 무수히 많은 평가 방법들이 존재하고 그 주제도 다양합니다.\n\n 우리나라의 경우는 어떨까요? 중간, 기말시험이 있고 미술과 같은 기본기와 창의성을 평가하는 과목도 있습니다. 체육과 같은 신체적인 능력을 평가하는 과목도 있지요. 모두 적절한 기준이 있으며 매우 객관적인 기준이라고 말합니다.\n\n 하지만 여러분이 생각하기에 모든 학생을 동일한 평가지표에 맞추어 평가하는 것이 올바른 방식이라고 생각하나요?\n\n 사람마다 특성이 존재하듯 각각의 목표 또한 다르고 성과도 다를 수 있습니다. 특정 기준에 의존해 본인의 성과도를 평가하는 것이 바르다고 생각되나요?\n\n 현재의 평가 방식은 최고의 객관적인 평가 방식이라고 생각하신다면 그 이유를 작성해주세요. 아니라면 어떤 평가 기준이 추가되어야 하고 또한 어떤 생각으로 평가가 이루어졌으면 좋겠는지 서술해 주세요.",
    "essay_type": "주장",
    "essay_level": "2",
    "essay_len": 811,
    "essay_main_subject": "평가에 대한 본인의 의견"
  }
}