{
  "paragraph": [
    {
      "paragraph_txt": "대학수학능력시험의 경우 대학교에 적합한 인물을 뽑으며, 그 점수에 맞추어 인재를 분배함이 주 목표이다.#@문장구분# 하지만, 현 대학수학능력시험은 지식의 우열을 가리는 척도로, 대학에서 필요할 그 학과에 대한 흥미, 사회적인 인식에 따라 가는지 아닌지에 대한 판단, 부모의 강요 유무 판단 등의 비지식적 요소를 고려하지 못한다.#@문장구분# 대한민국의 과도한 의사, 검사, 변호사 등 '사자 직업'을 위한 학과는 언제나 그 수요가 생산보다 많았다.#@문장구분# 이와 같은 문제는 대학수학능력시험의 목적인 대학교에 적합한 인물을 분배하는 것에서 벗어나, 그저 공부를 잘 하는 학생을 사회적으로 인정받는 직업에 넣는 것이 되는 것이다.#@문장구분# 언제까지나, 공부하는 것은 직업에 필요한 것과 교양, 두 가지만 충족시키면 되는 것이다.#@문장구분# 그러나 이와 같은 상황 속에선, 각 분야에 꼭 필요한 학생들이 공부를 잘한다는 이유로 그 적성을 신경 쓰지 않고, 사회적으로 인정받는 직업을 위한 학과로 진학하게 된다.#@문장구분# 성적은 그저 공부를 잘한다는 것이 아닌, 사회에 잘 적응함을 나타낸다는 주장도 있다.#@문장구분# 그 말은 맞는 말이나, 사회에 적응하는 것이 꼭 중요한 일이 아니며, 각 필요한 곳에 잘 분배되고 잘 생산하며 경제 주체로써의 일생을 다하며 범죄를 저지르는 등이 없다면 문제가 없다.#@문장구분# 사회성이 필요한 직업을 위해서라면, 사회성을 척도화하는 시험을 만들면 될 것이다.#@문장구분# 또한, 공부를 잘한다는 것이 꼭 그 사람이 잘했기 때문이 아니라, 그 부모의 재산 등으로 이뤄진 사교육으로 그 점수가 갈리게 된다면, 그것 또한 잘못된 일이다.#@문장구분# 예로부터 교육은 신분상승을 위한 수단 이였다.#@문장구분# 하지만 현 상황을 보면, 신분상승이 아닌 세습의 수단으로 보이는 것이 사실이다.#@문장구분# 이와 같은 과도한 사교육 문제는 개선되어야 하며, 이에 따른 수능 점수 편차 또한 조정되어야 한다.#@문장구분#",
      "paragraph_len": 1151,
      "paragraph_id": "001"
    },
    {
      "paragraph_txt": " 이와 같은 문제를 개선하여야 하며, 현 상황으로써는 이와 같은 문제점 등으로 대학수학능력평가는 그 역할을 제대로 하지 못하는 것으로 보인다.#@문장구분#",
      "paragraph_len": 99,
      "paragraph_id": "002"
    }
  ],
  "score": {
    "paragraph_score": [
      {
        "paragraph_scoreT": [
          3,
          3,
          3
        ],
        "paragraph_scoreT_detail": {
          "paragraph_scoreT_exp": [
            [
              3,
              3,
              3
            ],
            [
              3,
              3,
              3
            ],
            [
              3,
              3,
              3
            ]
          ]
        },
        "paragraph_scoreT_avg": 3,
        "paragraph_id": "001"
      },
      {
        "paragraph_scoreT": [
          3,
          3,
          3
        ],
        "paragraph_scoreT_detail": {
          "paragraph_scoreT_exp": [
            [
              3,
              3,
              3
            ],
            [
              3,
              3,
              3
            ],
            [
              3,
              3,
              3
            ]
          ]
        },
        "paragraph_scoreT_avg": 3,
        "paragraph_id": "002"
      }
    ],
    "essay_scoreT": [
      30,
      28.8,
      28.4
    ],
    "essay_scoreT_avg": 29.066666,
    "essay_scoreT_detail": {
      "essay_scoreT_org": [
        [
          3,
          0,
          3,
          3
        ],
        [
          3,
          0,
          3,
          3
        ],
        [
          3,
          0,
          3,
          3
        ]
      ],
      "essay_scoreT_cont": [
        [
          3,
          3,
          3,
          3
        ],
        [
          3,
          2,
          3,
          3
        ],
        [
          3,
          2,
          2,
          3
        ]
      ],
      "essay_scoreT_exp": [
        [
          3,
          3,
          3
        ],
        [
          3,
          3,
          3
        ],
        [
          3,
          3,
          3
        ]
      ]
    }
  },
  "student": {
    "date": "2021.10.22",
    "student_educated": true,
    "student_grade": "고등_1학년",
    "location": "063",
    "student_grade_group": "고등",
    "student_reading": 2
  },
  "rubric": {
    "essay_grade": "고등_1학년",
    "organization_weight": {
      "org_paragraph": 0,
      "org": 3,
      "org_essay": 6,
      "org_coherence": 3,
      "org_quantity": 1
    },
    "essay_type": "주장",
    "content_weight": {
      "con_clearance": 3,
      "con_novelty": 3,
      "con": 4,
      "con_prompt": 1,
      "con_description": 3
    },
    "essay_main_subject": "평가에 대한 본인의 의견",
    "expression_weight": {
      "exp_style": 4,
      "exp_grammar": 2,
      "exp_vocab": 4,
      "exp": 3
    }
  },
  "correction": [],
  "info": {
    "essay_id": "ESSAY_43956",
    "essay_prompt": " 평가는 일반적으로 평가대상의 장점과 가치를 결정하는 과정을 말합니다.\n\n 세상에는 무수히 많은 평가 방법들이 존재하고 그 주제도 다양합니다.\n\n 우리나라의 경우는 어떨까요? 중간, 기말시험이 있고 미술과 같은 기본기와 창의성을 평가하는 과목도 있습니다. 체육과 같은 신체적인 능력을 평가하는 과목도 있지요. 모두 적절한 기준이 있으며 매우 객관적인 기준이라고 말합니다.\n\n 하지만 여러분이 생각하기에 모든 학생을 동일한 평가지표에 맞추어 평가하는 것이 올바른 방식이라고 생각하나요?\n\n 사람마다 특성이 존재하듯 각각의 목표 또한 다르고 성과도 다를 수 있습니다. 특정 기준에 의존해 본인의 성과도를 평가하는 것이 바르다고 생각되나요?\n\n 현재의 평가 방식은 최고의 객관적인 평가 방식이라고 생각하신다면 그 이유를 작성해주세요. 아니라면 어떤 평가 기준이 추가되어야 하고 또한 어떤 생각으로 평가가 이루어졌으면 좋겠는지 서술해 주세요.",
    "essay_type": "주장",
    "essay_level": "2",
    "essay_len": 972,
    "essay_main_subject": "평가에 대한 본인의 의견"
  }
}