{
  "paragraph": [
    {
      "paragraph_txt": "현재의 평가 방식은 어떤 관점에서는 가장 객관적인 방식이라고 볼 수 있습니다.#@문장구분# 하지만 사람 개개인의 능력을 평가하기에는 부적합하다고 생각합니다.#@문장구분# 서로 다른 역량을 가지고 있는 사람들을 동일한 기준에 맞추어 평가하는 것은 그들의 역량을 잘 파악할 수 없을뿐더러 기준이 가진 한계로 인해 제대로 된 평가가 어렵습니다.#@문장구분# 게다가 학생들 대부분이 받는 평가의 경우, 정량평가이기에 과정보다는 결과를 중시합니다.#@문장구분# 많은 노력을 했어도 결과가 좋지 않다면 노력이 잘 드러나지 않아 좋지 않은 평가를 받게 됩니다.#@문장구분# 이렇듯 특정 기준에 맞추어 모든 사람을 평가하는 방식은 여러모로 불합리한 점이 많기 때문에 적절하지 않습니다.#@문장구분# 다른 평가 방식으로 정성평가가 있습니다.#@문장구분# 이는 각각 다른 기준을 가지고 평가를 진행하기 때문에 학생 개개인이 본인에게 맞는 평가 방식으로 평가를 받을 수 있다는 이점이 있습니다.#@문장구분# 하지만 이는 자체적인 기준에 따라 평가를 진행하기에 객관성을 잃을 수 있다는 문제점이 있습니다.#@문장구분# 그러므로 이 둘의 적절한 조화와 더불어 더 나은 평가 방식의 도입의 촉구가 필요합니다.#@문장구분# 가장 이상적인 평가 방식은 학생 개개인의 목표나 성과에 맞추어 평가 기준을 설정한 후 개개인이 본인만의 평가 방식을 이용하는 것입니다.#@문장구분# 평가의 목적은 평가대상의 가치를 설정하는 것입니다.#@문장구분# 만약 이 평가 방식을 도입한다면 학생들이 본인의 가치와 장점을 더 잘 깨달을 수 있게 되어 더 성장하는 데 도움을 줄 것입니다.#@문장구분# 비록 복잡한 과정 탓에 실현 가능성은 부족할지라도 서로 다른 역량을 가지고 있는 학생들을 적절하게 평가하기 위해서는 각각 다른 평가 기준으로 평가하는 방식이 분명 가장 합리적일 것이라고 생각합니다.#@문장구분#",
      "paragraph_len": 1111,
      "paragraph_id": "001"
    }
  ],
  "score": {
    "paragraph_score": [
      {
        "paragraph_scoreT": [
          2.8,
          2.8,
          3
        ],
        "paragraph_scoreT_detail": {
          "paragraph_scoreT_exp": [
            [
              2,
              3,
              3
            ],
            [
              2,
              3,
              3
            ],
            [
              3,
              3,
              3
            ]
          ]
        },
        "paragraph_scoreT_avg": 2.8666668,
        "paragraph_id": "001"
      }
    ],
    "essay_scoreT": [
      28.2,
      28.2,
      30
    ],
    "essay_scoreT_avg": 28.800001,
    "essay_scoreT_detail": {
      "essay_scoreT_org": [
        [
          3,
          0,
          3,
          3
        ],
        [
          3,
          0,
          3,
          3
        ],
        [
          3,
          0,
          3,
          3
        ]
      ],
      "essay_scoreT_cont": [
        [
          3,
          2,
          3,
          3
        ],
        [
          3,
          2,
          3,
          3
        ],
        [
          3,
          3,
          3,
          3
        ]
      ],
      "essay_scoreT_exp": [
        [
          2,
          3,
          3
        ],
        [
          2,
          3,
          3
        ],
        [
          3,
          3,
          3
        ]
      ]
    }
  },
  "student": {
    "date": "2021.12.14",
    "student_educated": true,
    "student_grade": "고등_1학년",
    "location": "054",
    "student_grade_group": "고등",
    "student_reading": 2
  },
  "rubric": {
    "essay_grade": "고등_1학년",
    "organization_weight": {
      "org_paragraph": 0,
      "org": 3,
      "org_essay": 6,
      "org_coherence": 3,
      "org_quantity": 1
    },
    "essay_type": "주장",
    "content_weight": {
      "con_clearance": 3,
      "con_novelty": 3,
      "con": 4,
      "con_prompt": 1,
      "con_description": 3
    },
    "essay_main_subject": "평가에 대한 본인의 의견",
    "expression_weight": {
      "exp_style": 4,
      "exp_grammar": 2,
      "exp_vocab": 4,
      "exp": 3
    }
  },
  "correction": [],
  "info": {
    "essay_id": "ESSAY_78732",
    "essay_prompt": " 평가는 일반적으로 평가대상의 장점과 가치를 결정하는 과정을 말합니다.\n\n 세상에는 무수히 많은 평가 방법들이 존재하고 그 주제도 다양합니다.\n\n 우리나라의 경우는 어떨까요? 중간, 기말시험이 있고 미술과 같은 기본기와 창의성을 평가하는 과목도 있습니다. 체육과 같은 신체적인 능력을 평가하는 과목도 있지요. 모두 적절한 기준이 있으며 매우 객관적인 기준이라고 말합니다.\n\n 하지만 여러분이 생각하기에 모든 학생을 동일한 평가지표에 맞추어 평가하는 것이 올바른 방식이라고 생각하나요?\n\n 사람마다 특성이 존재하듯 각각의 목표 또한 다르고 성과도 다를 수 있습니다. 특정 기준에 의존해 본인의 성과도를 평가하는 것이 바르다고 생각되나요?\n\n 현재의 평가 방식은 최고의 객관적인 평가 방식이라고 생각하신다면 그 이유를 작성해주세요. 아니라면 어떤 평가 기준이 추가되어야 하고 또한 어떤 생각으로 평가가 이루어졌으면 좋겠는지 서술해 주세요.",
    "essay_type": "주장",
    "essay_level": "2",
    "essay_len": 831,
    "essay_main_subject": "평가에 대한 본인의 의견"
  }
}