{
  "paragraph": [
    {
      "paragraph_txt": "모든 사람들이 살아가면서 한 번 쯤은 평가를 받아보았으리라 감히 짐작할 수 있습니다.#@문장구분# 학생일 때는 학교에서 시험을 통해 평가를 받았을 것이며 성인이 되어서는 직장에 취업하기 위해 평가를 받기도 하고 직장 내에서는 본인의 능력을 보고를 올리며 평가 받아왔을 것입니다.#@문장구분#모든 평가는 보통 시험을 통해 이루어지는 것 같습니다.#@문장구분# 그 시험은 평가받는 종목이 무엇이느냐에 따라 다르겠지만 평가하는 방식은 비슷하지 않을까 생각듭니다. #@문장구분#우리나라와 해외 모두 평가를 진행하지만 우리나라의 평가 방식은 다소 엄격하다고 느낀 적은 있는 것 같습니다.#@문장구분# 예를 들자면 학생들이 수학 시험을 본다고 가정했을 때, 외국의 경우 계산기를 참고할 수 있게 해주고 같은 나이의 학생이 시험을 보았을 때 우리나라의 학생과는 레벨 차이가 현저히 납니다.#@문장구분# 우리나라 학생들은 계산기도 주어지지 않는데 말이죠.#@문장구분# 이건 우리나라 문화적 특성 차이라고 할 수도 있겠지만 다소 과열된 학구열이 아닐까 싶기도 합니다.#@문장구분# 평가 방식이 잘못되었다고 생각하진 않습니다.#@문장구분# 다만 이러한 평가방식이 지속된다면 학생들의 창의성과 다양성 또한 사라질 것으로 우려됩니다.#@문장구분#그림을 그리고 싶은 학생이지만 정해진 평가 방식에 맞추어 준비를 하다보면 그림은 그리지 못하고 다른 학업에만 집중하기 바쁠 것입니다. #@문장구분#그렇다고 평가를 어느정도 양보하면 그림은 그릴 수 있지만 더 좋은 선택지를 선택하지 못하게 되는 모순적인 결과가 발생하게 됩니다.#@문장구분# 아직까지 대학의 네임벨류가 중요시 여겨지는 사회이기 때문에 정해진 평가방식에 맞추는 학생들은 점점 자신의 꿈에 투자할 시간이 적어지는게 아닐까 걱정이 들기도 합니다.#@문장구분# 해결 방안을 모색하긴 어렵겠지만 조금의 수정이 필요하긴 하겠습니다.#@문장구분#",
      "paragraph_len": 1117,
      "paragraph_id": "001"
    }
  ],
  "score": {
    "paragraph_score": [
      {
        "paragraph_scoreT": [
          2,
          2.4,
          2.8
        ],
        "paragraph_scoreT_detail": {
          "paragraph_scoreT_exp": [
            [
              2,
              2,
              2
            ],
            [
              2,
              3,
              2
            ],
            [
              2,
              3,
              3
            ]
          ]
        },
        "paragraph_scoreT_avg": 2.3999999,
        "paragraph_id": "001"
      }
    ],
    "essay_scoreT": [
      23.099998,
      26.100002,
      29.4
    ],
    "essay_scoreT_avg": 26.199999,
    "essay_scoreT_detail": {
      "essay_scoreT_org": [
        [
          2,
          0,
          2,
          3
        ],
        [
          3,
          0,
          2,
          3
        ],
        [
          3,
          0,
          3,
          3
        ]
      ],
      "essay_scoreT_cont": [
        [
          3,
          2,
          3,
          3
        ],
        [
          3,
          2,
          3,
          3
        ],
        [
          3,
          3,
          3,
          3
        ]
      ],
      "essay_scoreT_exp": [
        [
          2,
          2,
          2
        ],
        [
          2,
          3,
          2
        ],
        [
          2,
          3,
          3
        ]
      ]
    }
  },
  "student": {
    "date": "2021.12.28",
    "student_educated": true,
    "student_grade": "고등_1학년",
    "location": "063",
    "student_grade_group": "고등",
    "student_reading": 2
  },
  "rubric": {
    "essay_grade": "고등_1학년",
    "organization_weight": {
      "org_paragraph": 0,
      "org": 3,
      "org_essay": 6,
      "org_coherence": 3,
      "org_quantity": 1
    },
    "essay_type": "주장",
    "content_weight": {
      "con_clearance": 3,
      "con_novelty": 3,
      "con": 4,
      "con_prompt": 1,
      "con_description": 3
    },
    "essay_main_subject": "평가에 대한 본인의 의견",
    "expression_weight": {
      "exp_style": 4,
      "exp_grammar": 2,
      "exp_vocab": 4,
      "exp": 3
    }
  },
  "correction": [],
  "info": {
    "essay_id": "ESSAY_84140",
    "essay_prompt": " 평가는 일반적으로 평가대상의 장점과 가치를 결정하는 과정을 말합니다.\n\n 세상에는 무수히 많은 평가 방법들이 존재하고 그 주제도 다양합니다.\n\n 우리나라의 경우는 어떨까요? 중간, 기말시험이 있고 미술과 같은 기본기와 창의성을 평가하는 과목도 있습니다. 체육과 같은 신체적인 능력을 평가하는 과목도 있지요. 모두 적절한 기준이 있으며 매우 객관적인 기준이라고 말합니다.\n\n 하지만 여러분이 생각하기에 모든 학생을 동일한 평가지표에 맞추어 평가하는 것이 올바른 방식이라고 생각하나요?\n\n 사람마다 특성이 존재하듯 각각의 목표 또한 다르고 성과도 다를 수 있습니다. 특정 기준에 의존해 본인의 성과도를 평가하는 것이 바르다고 생각되나요?\n\n 현재의 평가 방식은 최고의 객관적인 평가 방식이라고 생각하신다면 그 이유를 작성해주세요. 아니라면 어떤 평가 기준이 추가되어야 하고 또한 어떤 생각으로 평가가 이루어졌으면 좋겠는지 서술해 주세요.",
    "essay_type": "주장",
    "essay_level": "2",
    "essay_len": 840,
    "essay_main_subject": "평가에 대한 본인의 의견"
  }
}