{
  "paragraph": [
    {
      "paragraph_txt": "나는 지금의 수학능력시험 제도가 학력, 교육력을 평가하기에는 좋은 수단이라고 생각한다.#@문장구분# 수능은 우리의 최종학력을 결정하고 그에 따라 취업을 하는데에 도움을 준다.#@문장구분# 학창시절에 열심히 공부를 한 학생들은 좋은 구성원들이 모인 사회로 나갈 기회를 얻는다. #@문장구분#그런데, 공부를 잘 못하거나 노력하지 않는 아이들은 보통사회에서 낙오된다.#@문장구분# 여기서 우리가 가져야 할 의구점은, 과연 오직 공부만으로 자라나는 아이들을 평가하는 것이 맞나?이다.#@문장구분# 학교에서 잠만 자던 아이들이 집에가서 요리도구를 잡고, 미용가위를 자고, 마이크를 잡고, 붓과 팔레트를 집어드는 모습은 생각해보지 않고, 공부를 하지 않으면 수행능력이 부족하고 산만한 아이로 평가하고 있지 않은가??#@문장구분# 결론적으로 아이들과 부모는 · 공부안하는 / 공부만 하라하는 · 아이와 부모가 된다.#@문장구분# 공부는 관심이 없지만 꿈을 향해 노력하는 / 공부보다는 아이의 꿈을 믿고 지원해주는 · 아이와 부모가 될 수도 있는데 말이다.#@문장구분# 내 의견을 정리하자면 현재의 수능시험은 아이들의 교육수준을 평가하기엔 괜찮은 수단이지만, 그 결과가 학생의 모든 것을 평가하는 사회가 지속되선 안된다는 것이다.#@문장구분# 공부로 인한 부모와 갈등, 자살 등등의 이슈는 수능성적이 우리의 모든 것을 표현하는 사회가 되버려서 생기는일들이 아닐까?#@문장구분#",
      "paragraph_len": 836,
      "paragraph_id": "001"
    }
  ],
  "score": {
    "paragraph_score": [
      {
        "paragraph_scoreT": [
          2.8,
          2.6,
          3
        ],
        "paragraph_scoreT_detail": {
          "paragraph_scoreT_exp": [
            [
              2,
              3,
              3
            ],
            [
              3,
              3,
              2
            ],
            [
              3,
              3,
              3
            ]
          ]
        },
        "paragraph_scoreT_avg": 2.8,
        "paragraph_id": "001"
      }
    ],
    "essay_scoreT": [
      23.599998,
      23.4,
      26.7
    ],
    "essay_scoreT_avg": 24.566666,
    "essay_scoreT_detail": {
      "essay_scoreT_org": [
        [
          2,
          0,
          2,
          2
        ],
        [
          2,
          0,
          2,
          2
        ],
        [
          3,
          0,
          2,
          3
        ]
      ],
      "essay_scoreT_cont": [
        [
          2,
          2,
          2,
          3
        ],
        [
          3,
          2,
          3,
          2
        ],
        [
          2,
          2,
          3,
          3
        ]
      ],
      "essay_scoreT_exp": [
        [
          2,
          3,
          3
        ],
        [
          3,
          3,
          2
        ],
        [
          3,
          3,
          3
        ]
      ]
    }
  },
  "student": {
    "date": "2021.09.07",
    "student_educated": true,
    "student_grade": "고등_1학년",
    "location": "051",
    "student_grade_group": "고등",
    "student_reading": 3
  },
  "rubric": {
    "essay_grade": "고등_1학년",
    "organization_weight": {
      "org_paragraph": 0,
      "org": 3,
      "org_essay": 6,
      "org_coherence": 3,
      "org_quantity": 1
    },
    "essay_type": "주장",
    "content_weight": {
      "con_clearance": 3,
      "con_novelty": 3,
      "con": 4,
      "con_prompt": 1,
      "con_description": 3
    },
    "essay_main_subject": "평가에 대한 본인의 의견",
    "expression_weight": {
      "exp_style": 4,
      "exp_grammar": 2,
      "exp_vocab": 4,
      "exp": 3
    }
  },
  "correction": [],
  "info": {
    "essay_id": "ESSAY_35584",
    "essay_prompt": " 평가는 일반적으로 평가대상의 장점과 가치를 결정하는 과정을 말합니다.\n\n 세상에는 무수히 많은 평가 방법들이 존재하고 그 주제도 다양합니다.\n\n 우리나라의 경우는 어떨까요? 중간, 기말시험이 있고 미술과 같은 기본기와 창의성을 평가하는 과목도 있습니다. 체육과 같은 신체적인 능력을 평가하는 과목도 있지요. 모두 적절한 기준이 있으며 매우 객관적인 기준이라고 말합니다.\n\n 하지만 여러분이 생각하기에 모든 학생을 동일한 평가지표에 맞추어 평가하는 것이 올바른 방식이라고 생각하나요?\n\n 사람마다 특성이 존재하듯 각각의 목표 또한 다르고 성과도 다를 수 있습니다. 특정 기준에 의존해 본인의 성과도를 평가하는 것이 바르다고 생각되나요?\n\n 현재의 평가 방식은 최고의 객관적인 평가 방식이라고 생각하신다면 그 이유를 작성해주세요. 아니라면 어떤 평가 기준이 추가되어야 하고 또한 어떤 생각으로 평가가 이루어졌으면 좋겠는지 서술해 주세요.",
    "essay_type": "주장",
    "essay_level": "2",
    "essay_len": 637,
    "essay_main_subject": "평가에 대한 본인의 의견"
  }
}