{
  "paragraph": [
    {
      "paragraph_txt": "현재의 평가 방식은 현재로선 최고의 객관적인 평가 방식이라고 생각합니다.#@문장구분# 왜냐하면 평가는 누군가를 누군가와 비교를 하여 사람에게 점수를 매기는 것인데, 이는 사회의 흐름에 따라 변하기도 합니다.#@문장구분# 이에 대한 예시로 2만 년 전에 만들어 진 것으로 추정되는 '빌렌도르프의 비너스'를 통해 알 수 있습니다.#@문장구분# 그 당시에는 이 유물과 같은 사람이 되고자 했다면 지금은 공부 잘하는, 일 잘하는 사람이 되고자 원합니다.#@문장구분# 또한 사람 개개인의 특색이 아닌 그 임무를 잘 수행할 수 있는지 없는지 따질 수 있는 중요한 지표가 될 수 있습니다.#@문장구분# 왜냐하면 평가에서 뛰어난 능력을 보여주었을 때 그 평가와 비슷하거나 동일한 임무를 진행할 때 그렇지 않은 사람과 비교하였을 때 도움이 될 가능성이 높아지기 때문입니다.#@문장구분# 마지막으로 타인이 타인을 평가할 때 발생하는 가치관의 차이, 성격 차이와 같이 사소하거나 큰 문제로 인하여 올바르지 못한 평가를 내릴 수도 있는 상황에서 현재 사회가 가진 가장 객관적인 평가 방식을 통하여 객관적인 평가를 내릴 수 있게 하는 도구인데 이는 미래를 모르는 사람이 변화하는 사회 속에서 그에 따라 변화되는 평가를 내릴 수 있게 되기에 지금의 평가 방식이 현재로선 최고의 평가 방식이라고 생각합니다.#@문장구분# 그리고 지금의 평가 방식이 사실 과거에서부터 지금까지 또 미래에도 적용할 수 있는 만능의 평가방식이라고 생각합니다.#@문장구분# 왜냐하면 사람을 평가할 때 기준이 필요한데 그 기준이 과거에도 현재에도 미래에도 변하지 않기 때문입니다.#@문장구분# 변하더라고 사소하게 조금씩 변하여서 그에 따라 우리의 평가방식도 조금씩 수정해가면 되기 때문에 저는 지금의 평가방식이 가장 좋은 평가방식이라고 생각합니다.#@문장구분#",
      "paragraph_len": 1029,
      "paragraph_id": "001"
    }
  ],
  "score": {
    "paragraph_score": [
      {
        "paragraph_scoreT": [
          3,
          3,
          3
        ],
        "paragraph_scoreT_detail": {
          "paragraph_scoreT_exp": [
            [
              3,
              3,
              3
            ],
            [
              3,
              3,
              3
            ],
            [
              3,
              3,
              3
            ]
          ]
        },
        "paragraph_scoreT_avg": 3,
        "paragraph_id": "001"
      }
    ],
    "essay_scoreT": [
      30,
      30,
      30
    ],
    "essay_scoreT_avg": 30,
    "essay_scoreT_detail": {
      "essay_scoreT_org": [
        [
          3,
          0,
          3,
          3
        ],
        [
          3,
          0,
          3,
          3
        ],
        [
          3,
          0,
          3,
          3
        ]
      ],
      "essay_scoreT_cont": [
        [
          3,
          3,
          3,
          3
        ],
        [
          3,
          3,
          3,
          3
        ],
        [
          3,
          3,
          3,
          3
        ]
      ],
      "essay_scoreT_exp": [
        [
          3,
          3,
          3
        ],
        [
          3,
          3,
          3
        ],
        [
          3,
          3,
          3
        ]
      ]
    }
  },
  "student": {
    "date": "2021.11.27",
    "student_educated": true,
    "student_grade": "고등_1학년",
    "location": "041",
    "student_grade_group": "고등",
    "student_reading": 2
  },
  "rubric": {
    "essay_grade": "고등_1학년",
    "organization_weight": {
      "org_paragraph": 0,
      "org": 3,
      "org_essay": 6,
      "org_coherence": 3,
      "org_quantity": 1
    },
    "essay_type": "주장",
    "content_weight": {
      "con_clearance": 3,
      "con_novelty": 3,
      "con": 4,
      "con_prompt": 1,
      "con_description": 3
    },
    "essay_main_subject": "평가에 대한 본인의 의견",
    "expression_weight": {
      "exp_style": 4,
      "exp_grammar": 2,
      "exp_vocab": 4,
      "exp": 3
    }
  },
  "correction": [],
  "info": {
    "essay_id": "ESSAY_51852",
    "essay_prompt": " 평가는 일반적으로 평가대상의 장점과 가치를 결정하는 과정을 말합니다.\n\n 세상에는 무수히 많은 평가 방법들이 존재하고 그 주제도 다양합니다.\n\n 우리나라의 경우는 어떨까요? 중간, 기말시험이 있고 미술과 같은 기본기와 창의성을 평가하는 과목도 있습니다. 체육과 같은 신체적인 능력을 평가하는 과목도 있지요. 모두 적절한 기준이 있으며 매우 객관적인 기준이라고 말합니다.\n\n 하지만 여러분이 생각하기에 모든 학생을 동일한 평가지표에 맞추어 평가하는 것이 올바른 방식이라고 생각하나요?\n\n 사람마다 특성이 존재하듯 각각의 목표 또한 다르고 성과도 다를 수 있습니다. 특정 기준에 의존해 본인의 성과도를 평가하는 것이 바르다고 생각되나요?\n\n 현재의 평가 방식은 최고의 객관적인 평가 방식이라고 생각하신다면 그 이유를 작성해주세요. 아니라면 어떤 평가 기준이 추가되어야 하고 또한 어떤 생각으로 평가가 이루어졌으면 좋겠는지 서술해 주세요.",
    "essay_type": "주장",
    "essay_level": "2",
    "essay_len": 829,
    "essay_main_subject": "평가에 대한 본인의 의견"
  }
}