{
  "paragraph": [
    {
      "paragraph_txt": "현재 우리를 평가하는 방법중 가장 대표적인것은 객관적인 답이 정해져 있고 그 정답을 똑같이 맞추는 시험이 있습니다.#@문장구분# 사실 시험이라는것이 여러 답이 나올수 있는 주관식과 다르게 있는 사실 그대로를 맞추는 것이기 때문에 가장 객관적이고 공정한 평가기준이라고는 생각합니다.#@문장구분# 왜냐하면 똑같은 평가, 공정한 평가를 내리려면 똑같은 상황에서 평가를 진행해야하기 때문입니다.#@문장구분# 그런 평가로는 시험만한 것이 없다는 생각은 듭니다.#@문장구분# 물론 이런 시험과 같은 평가는 한 사람의 다양한 능력치를 평가해주지는 못합니다.#@문장구분# 그러나 그 사람이 그 시험을 치루기 위해 노력한 과정과 그 사람의 지식을 평가하기에는 충분하다고 생각합니다.#@문장구분# 차등보상을 해야하는 사회에 살아가고 있기 때문에 평가는 사라질수 없는 존재입니다.#@문장구분# 그렇기 때문에 더욱 공정한 평가의 중요성이 두드러지는것 같습니다.#@문장구분# 물론 어떤 사람들은 시험만으로 사람을 평가하는 경향이 있기 때문에 별로 좋지 못한 평가 방식이라고 주장하는 사람들이 많긴 하지만 이런 객관적인 시험이 아니라면 사람들을 공정하게 평가할 더 좋은 방법은 존재하지 않는다고 생각합니다.#@문장구분# 물론 정해진 답변을 하는것이 창의적인 사고를 방해하긴 하지만 그런 것들을 평가하는 기준은 다른것들도 존재하긴 하니까 대부분의 보편적인것들을 평가하는 방법으로는 현재 사용되고 있는 시험이라는것이 가장 적절한 수단인것 같다고 생각합니다.#@문장구분# 만약 여러 답변을 내놓을 수 있는 평가라면 사람들이 다른 사람들을 평가해야하기 때문에 누군가의 시선에서는 평가가 공정하게 이루어지고 있지 않다고 생각할 우려가 있기 때문에 가장 최선의 방법이 시험이라고 생각합니다.#@문장구분#",
      "paragraph_len": 1020,
      "paragraph_id": "001"
    }
  ],
  "score": {
    "paragraph_score": [
      {
        "paragraph_scoreT": [
          2.8,
          3,
          2.6
        ],
        "paragraph_scoreT_detail": {
          "paragraph_scoreT_exp": [
            [
              2,
              3,
              3
            ],
            [
              3,
              3,
              3
            ],
            [
              3,
              3,
              2
            ]
          ]
        },
        "paragraph_scoreT_avg": 2.8,
        "paragraph_id": "001"
      }
    ],
    "essay_scoreT": [
      24.5,
      27.900002,
      27.9
    ],
    "essay_scoreT_avg": 26.766668,
    "essay_scoreT_detail": {
      "essay_scoreT_org": [
        [
          2,
          0,
          3,
          2
        ],
        [
          3,
          0,
          2,
          3
        ],
        [
          3,
          0,
          2,
          3
        ]
      ],
      "essay_scoreT_cont": [
        [
          3,
          2,
          2,
          2
        ],
        [
          3,
          2,
          3,
          3
        ],
        [
          3,
          3,
          3,
          3
        ]
      ],
      "essay_scoreT_exp": [
        [
          2,
          3,
          3
        ],
        [
          3,
          3,
          3
        ],
        [
          3,
          3,
          2
        ]
      ]
    }
  },
  "student": {
    "date": "2021.12.22",
    "student_educated": true,
    "student_grade": "고등_1학년",
    "location": "054",
    "student_grade_group": "고등",
    "student_reading": 2
  },
  "rubric": {
    "essay_grade": "고등_1학년",
    "organization_weight": {
      "org_paragraph": 0,
      "org": 3,
      "org_essay": 6,
      "org_coherence": 3,
      "org_quantity": 1
    },
    "essay_type": "주장",
    "content_weight": {
      "con_clearance": 3,
      "con_novelty": 3,
      "con": 4,
      "con_prompt": 1,
      "con_description": 3
    },
    "essay_main_subject": "평가에 대한 본인의 의견",
    "expression_weight": {
      "exp_style": 4,
      "exp_grammar": 2,
      "exp_vocab": 4,
      "exp": 3
    }
  },
  "correction": [],
  "info": {
    "essay_id": "ESSAY_78619",
    "essay_prompt": " 평가는 일반적으로 평가대상의 장점과 가치를 결정하는 과정을 말합니다.\n\n 세상에는 무수히 많은 평가 방법들이 존재하고 그 주제도 다양합니다.\n\n 우리나라의 경우는 어떨까요? 중간, 기말시험이 있고 미술과 같은 기본기와 창의성을 평가하는 과목도 있습니다. 체육과 같은 신체적인 능력을 평가하는 과목도 있지요. 모두 적절한 기준이 있으며 매우 객관적인 기준이라고 말합니다.\n\n 하지만 여러분이 생각하기에 모든 학생을 동일한 평가지표에 맞추어 평가하는 것이 올바른 방식이라고 생각하나요?\n\n 사람마다 특성이 존재하듯 각각의 목표 또한 다르고 성과도 다를 수 있습니다. 특정 기준에 의존해 본인의 성과도를 평가하는 것이 바르다고 생각되나요?\n\n 현재의 평가 방식은 최고의 객관적인 평가 방식이라고 생각하신다면 그 이유를 작성해주세요. 아니라면 어떤 평가 기준이 추가되어야 하고 또한 어떤 생각으로 평가가 이루어졌으면 좋겠는지 서술해 주세요.",
    "essay_type": "주장",
    "essay_level": "2",
    "essay_len": 800,
    "essay_main_subject": "평가에 대한 본인의 의견"
  }
}