{
  "paragraph": [
    {
      "paragraph_txt": "지적재산권의 정의는 특허권, 실용신안권, 상표권, 디자인권을 총칭하는 개념으로 지적재산권법은 정보생산자에게 일정기간 동안 시장에서의 배타적 지위를 부여는 것이다. #@문장구분#이렇게 지적재산권이라는 단어를 만들고 이와 관련한 법률들을 만들어 보호하려는 이유는 무엇일까?#@문장구분# 나는 더 많은 사회발전을 위해서 공익을 위해서라고 생각한다.#@문장구분# 공익은 사익으로부터 나온다고 생각한다.#@문장구분# 사회계약설이 그렇듯이 사람들은 필요에 의해 국가를 만들고 보호받기위해 법과 여러 행정적 장치들을 만든다. #@문장구분#창작자가 창작물을 만들면 그 창작물을 보호받는다는 것이 말로는 쉬워보여도 지금과 같은 정보화 사회에서는 매우 어렵다.#@문장구분# 따라서 창작자들이 창작물을 보호받고 금전적 이익을 얻을 수 있다는 동기부여를 주어 더욱 신선하고 창의적이며 나아가서는 사회 구성원 모두에게 이익이되도록하는 것이 지적재산관이라고 생각한다.#@문장구분# 그래서 나는 펜더믹 상황에서 코로나19 백신에 대한 특허권을 보장해야 하느냐 풀어야 하느냐 한다면 나는 특허권을 풀어야한다고 생각한다.#@문장구분# 단편적인 예시로 아프리카에서 백신이 없어 백신을 복제해서 사용하는 일도 벌어지고 있으며 이마저도 부족해서 죽는 사람들이 너무 많다.#@문장구분# 이런 희생을 바라면서까지 백신의 특허권을 지켜야하는가라는 생각이다. #@문장구분#전세계적인 재앙에서는 제외가 필요하다고 생각하기 때문이다. #@문장구분#하지만 이면에서는 백신을 개발한 사람들에게 많은 피해가 있지않느냐라고 말 할 수 있을 것이다. #@문장구분#나는 이 말에 국가의 정책과 대기업들의 지원 등으로 어느정도 금전적인 것을 해결 할 수 있다고 생각하고 백신 개발자와 개발사에 최대한 법적 제한도 풀고 오히려 득이되게 지원을 하며 이들을 최고 대우를 해주면 지적재산권이 없어서 생기는 안좋은 것들이 어느정도 해소된다고 생각하기 때문이다.#@문장구분#",
      "paragraph_len": 1124,
      "paragraph_id": "001"
    }
  ],
  "score": {
    "paragraph_score": [
      {
        "paragraph_scoreT": [
          3,
          2.8,
          2.2
        ],
        "paragraph_scoreT_detail": {
          "paragraph_scoreT_exp": [
            [
              3,
              3,
              3
            ],
            [
              2,
              3,
              3
            ],
            [
              3,
              2,
              2
            ]
          ]
        },
        "paragraph_scoreT_avg": 2.6666667,
        "paragraph_id": "001"
      }
    ],
    "essay_scoreT": [
      26.4,
      28.2,
      26.100002
    ],
    "essay_scoreT_avg": 26.9,
    "essay_scoreT_detail": {
      "essay_scoreT_org": [
        [
          3,
          3,
          3,
          3
        ],
        [
          3,
          3,
          3,
          3
        ],
        [
          3,
          3,
          3,
          2
        ]
      ],
      "essay_scoreT_cont": [
        [
          2,
          2,
          3,
          2
        ],
        [
          3,
          2,
          3,
          3
        ],
        [
          3,
          2,
          3,
          3
        ]
      ],
      "essay_scoreT_exp": [
        [
          3,
          3,
          3
        ],
        [
          2,
          3,
          3
        ],
        [
          3,
          2,
          2
        ]
      ]
    }
  },
  "student": {
    "date": "2021.11.01",
    "student_educated": true,
    "student_grade": "고등_2학년",
    "location": "033",
    "student_grade_group": "고등",
    "student_reading": 2
  },
  "rubric": {
    "essay_grade": "고등_2학년",
    "organization_weight": {
      "org_paragraph": 3,
      "org": 3,
      "org_essay": 3,
      "org_coherence": 3,
      "org_quantity": 1
    },
    "essay_type": "주장",
    "content_weight": {
      "con_clearance": 3,
      "con_novelty": 3,
      "con": 4,
      "con_prompt": 1,
      "con_description": 3
    },
    "essay_main_subject": "지적 재산권에 대한 본인의 생각 작성",
    "expression_weight": {
      "exp_style": 4,
      "exp_grammar": 2,
      "exp_vocab": 4,
      "exp": 3
    }
  },
  "correction": [],
  "info": {
    "essay_id": "ESSAY_45932",
    "essay_prompt": " 지적재산권이란 특허권, 실용신안권, 상표권, 디자인권을 총칭하는 개념으로 지적재산권법은 정보생산자에게 일정기간 동안 시장에서의 배타적 지위를 부여하고 있습니다.\n\n 즉, 지적 재산권은 특정 사람이 생각/창작해낸 것을 다른사람들의 무분별한 이용으로 부터 지켜주는 것입니다. 이러한 지적재산권은 개인 혹은 회사 더 나아가 나라에 귀속될 수 있습니다.\n\n 다만, 코로나 시대인 요즘 전 세계적인 재앙인 코로나를 물리칠 수 있는 백신에 대한 지적재산권을 자유롭게 풀어야한다는 의견이 계속해서 나오고 있습니다. \n\n 지적 재산권이 있는 제약회사가 있는 나라의 경우 백신이 충분하며 백신을 맞는 것이 선택의 문제인 반면, 그렇지 못한 나라는 백신을 맞고 싶어도 맞지 못하는 사람들이 많고 항체가 없어 사망하는 경우도 비교적 많이 때문입니다.\n\n 전 세계의 문제를 해결하기 위해 수 많은 돈을 들여 개발한 백신의 지적재산권을 공유하는 것이 의무화 되어야 할까요? 아니면 회사의 선택에 맡겨야할까요? 보상은 어떻게 해야할까요? \n\n 전 세계에 무상으로 공개 해야 한다는 의견이 있을 수도 있고 무상으로 공개한 회사의 경우 팬더믹 상황이 종결 된 후 따로 보상을 해주어야 한다는 의견도 있을 겁니다. 지적재산권의 변하지 않는 신뢰를 위해서라도 무상 공개는 절대 있어서는 안된다는 의견도 있을 것입니다.\n\n 지금까지도 펜더믹 상황에서 코로나19 백신에 대한 특허권을 보장해야 하느냐 풀어야 하느냐 의견이 분분합니다. 이에 대한 자신의 주장을 작성해주세요. 또한, 그렇게 생각한 이유도 설명해주세요.",
    "essay_type": "주장",
    "essay_level": "1",
    "essay_len": 866,
    "essay_main_subject": "지적 재산권에 대한 본인의 생각 작성"
  }
}