{
  "paragraph": [
    {
      "paragraph_txt": "평가는 일반적으로 평가대상의 장점과 가치를 결정하는 과정을 말한다.#@문장구분# 그리고 교육평가의 정의는 목표달성도 확인, 의사결정을 위한 정보제공, 그리고 가치의 판단으로 구분할 수 있다.#@문장구분# 그리고 그중에서도 가장 핵심적인 평가항목은 목표달성도 확인이라 할 수 있다.#@문장구분# 목표달성중심 정의는 교육평가를 교육과정과 수업 활동을 통해 교육목표가 실제로 도달된 정도를 결정하는 과정으로 규정한다.#@문장구분# 여기서 주목해봐야 할 부분은 교육평가는 교육목표의 달성이 '교육과정과 수업 활동을 통해' 잘 이루어졌는지를 평가한다는 점이다.#@문장구분# 이 말인즉슨, 학교 수업만으로도 교육목표가 달성되는지를 묻는 것과 같다.#@문장구분# 사교육이 기승을 부리고 있는 가운데 '현 입시에 중요한 영향력을 가진 수학능력시험은 교육평가의 정의를 제대로 실현하고 있다고 생각하는가?'라는 질문에 대한 나의 대답은 '아니오'이다.#@문장구분# \n 2021년 3월 기준 사교육 참여율은 초등학교 69.2%, 중학교 66.7%, 고등학교는 60.7%로 특히 고등학교는 전년 대비 0.3%P 증가하였다.#@문장구분# 이렇게 절반 이상의 학생들은 사교육을 받고 있다.#@문장구분# 자신의 부족한 부분을 보충하기 위해 선택적으로 실시한다는 사교육의 근본적인 목적과는 달리, 요즘은 사교육이 필수인 시대가 되었다.#@문장구분# 그에 대한 해결방안으로 2011학년도 대학수학능력시험부터 사교육을 억제하고 공교육을 정상화한다는 지침에 따라 한국교육과정평가원에서 감수하고 EBS에서 매년 출간하는 수능특강, 수능완성과 같은 대학수학능력시험 연계 교재도 출시되었지만 2022학년도 대학수학능력시험부터는 50% 간접 연계되는 등 그 연계 수준은 점점 낮아지고 있다.#@문장구분# 어쩔 수 없는 감소 현상이긴 하지만 이에 따라 높아지는 사교육의 의존도가 문제이다.#@문장구분# 이렇게 된다면 공교육의 결과를 평가하기 위한 항목이었던 수학능력시험은 사교육의 결과를 평가하는 항목이 되었다고 해도 과연 과언이 아니다.#@문장구분# 따라서 '공교육의 목표달성도를 결정하는 과정'이라는 교육평가의 정의에 수학능력시험이라는 지표는 부합하지 않으므로 그 정의를 제대로 실현하고 있다고 생각하지 않는다.#@문장구분#",
      "paragraph_len": 1293,
      "paragraph_id": "001"
    }
  ],
  "score": {
    "paragraph_score": [
      {
        "paragraph_scoreT": [
          3,
          2.6,
          3
        ],
        "paragraph_scoreT_detail": {
          "paragraph_scoreT_exp": [
            [
              3,
              3,
              3
            ],
            [
              3,
              3,
              2
            ],
            [
              3,
              3,
              3
            ]
          ]
        },
        "paragraph_scoreT_avg": 2.8666668,
        "paragraph_id": "001"
      }
    ],
    "essay_scoreT": [
      28.8,
      26.9,
      28.2
    ],
    "essay_scoreT_avg": 27.966665,
    "essay_scoreT_detail": {
      "essay_scoreT_org": [
        [
          3,
          0,
          3,
          3
        ],
        [
          3,
          0,
          3,
          2
        ],
        [
          2,
          0,
          3,
          3
        ]
      ],
      "essay_scoreT_cont": [
        [
          3,
          2,
          3,
          3
        ],
        [
          3,
          3,
          2,
          2
        ],
        [
          3,
          3,
          3,
          3
        ]
      ],
      "essay_scoreT_exp": [
        [
          3,
          3,
          3
        ],
        [
          3,
          3,
          2
        ],
        [
          3,
          3,
          3
        ]
      ]
    }
  },
  "student": {
    "date": "2021.09.13",
    "student_educated": true,
    "student_grade": "고등_1학년",
    "location": "051",
    "student_grade_group": "고등",
    "student_reading": 1
  },
  "rubric": {
    "essay_grade": "고등_1학년",
    "organization_weight": {
      "org_paragraph": 0,
      "org": 3,
      "org_essay": 6,
      "org_coherence": 3,
      "org_quantity": 1
    },
    "essay_type": "주장",
    "content_weight": {
      "con_clearance": 3,
      "con_novelty": 3,
      "con": 4,
      "con_prompt": 1,
      "con_description": 3
    },
    "essay_main_subject": "평가에 대한 본인의 의견",
    "expression_weight": {
      "exp_style": 4,
      "exp_grammar": 2,
      "exp_vocab": 4,
      "exp": 3
    }
  },
  "correction": [],
  "info": {
    "essay_id": "ESSAY_34015",
    "essay_prompt": " 평가는 일반적으로 평가대상의 장점과 가치를 결정하는 과정을 말합니다.\n\n 세상에는 무수히 많은 평가 방법들이 존재하고 그 주제도 다양합니다.\n\n 우리나라의 경우는 어떨까요? 중간, 기말시험이 있고 미술과 같은 기본기와 창의성을 평가하는 과목도 있습니다. 체육과 같은 신체적인 능력을 평가하는 과목도 있지요. 모두 적절한 기준이 있으며 매우 객관적인 기준이라고 말합니다.\n\n 하지만 여러분이 생각하기에 모든 학생을 동일한 평가지표에 맞추어 평가하는 것이 올바른 방식이라고 생각하나요?\n\n 사람마다 특성이 존재하듯 각각의 목표 또한 다르고 성과도 다를 수 있습니다. 특정 기준에 의존해 본인의 성과도를 평가하는 것이 바르다고 생각되나요?\n\n 현재의 평가 방식은 최고의 객관적인 평가 방식이라고 생각하신다면 그 이유를 작성해주세요. 아니라면 어떤 평가 기준이 추가되어야 하고 또한 어떤 생각으로 평가가 이루어졌으면 좋겠는지 서술해 주세요.",
    "essay_type": "주장",
    "essay_level": "2",
    "essay_len": 1013,
    "essay_main_subject": "평가에 대한 본인의 의견"
  }
}