{
  "paragraph": [
    {
      "paragraph_txt": "안녕하세요?#@문장구분# 저는 오늘 평가에 대한 반대입장을 펼치기 위해 이 글을 적어봅니다.#@문장구분# 저는 단도직입적으로 평가에 대해 반대합니다.#@문장구분# 저는 청소년으로서 미래의 이 국가의 성인으로서 평가에 대해 부정적인 인식을 가지고 있습니다.#@문장구분# 먼저, 청소년들은 평가로 인해 극심한 스트레스에 시달리고 있습니다.#@문장구분# 시험을 보고 등급이 나오면 친구와 비교해가며 성적이 낮을 땐 상대적 박탈감을 느끼고 허무함을 느끼며 자신을 사랑하지 못합니다.#@문장구분# 또한, 친구에게 경쟁심을 느끼며 친구와 멀어지기도합니다.#@문장구분# 이런 사회에서 자라는 청소년들은 당연하게 이기심이 늘어날 뿐만이 아니라 상대방보다 잘해내야한다는 압박감과 부담을 가지고 자라나게 될 것입니다.#@문장구분# 그러면 사회에서도 적응을 잘 하지 못할 것이고 갈등이 쉽게 발생하게 될 것 입니다.#@문장구분# 평가로 인해 지금 자라나는 청소년들이 스트레스를 받으며 온갖 부정적인 효과에 노출이 되고 있습니다.#@문장구분# 이래도 평가가 필요하다고 생각하십니까?#@문장구분# 평가는 사회가 만들어낸 기준일 뿐이며 각기 다른 특성을 가진 사람은 한 기준에 맞춰질 수 없는 것입니다.#@문장구분# 꼭 이 평가라는 기준을 깨고 나와 모두가 행복하고 평화로운 삶을 살게 되는 세상이 열리면 너무 좋을 것 같다고 생각합니다.#@문장구분# 그래서 저는 평가에 대해 반대를 하는 것이지요.#@문장구분# 평가를 하지 않게되는 것은 사회적으로 힘들 수 있습니다.#@문장구분# 그러면 그 평가기준을 완화시키고 모두가 긍정적인 효과를 누릴 수 있도록 바뀌었으면 좋겠다고 생각하는 것이 저의 바랩입니다.#@문장구분# 여러분들은 평가에 대해 어떻게 생각하시나요?#@문장구분# 부정적으로 생각하시나요, 긍정적으로 생각하시나요?#@문장구분# 이상, 평가에 대해 반대하는 의견이었습니다.#@문장구분#",
      "paragraph_len": 1181,
      "paragraph_id": "001"
    }
  ],
  "score": {
    "paragraph_score": [
      {
        "paragraph_scoreT": [
          3,
          3,
          2.4
        ],
        "paragraph_scoreT_detail": {
          "paragraph_scoreT_exp": [
            [
              3,
              3,
              3
            ],
            [
              3,
              3,
              3
            ],
            [
              2,
              3,
              2
            ]
          ]
        },
        "paragraph_scoreT_avg": 2.8,
        "paragraph_id": "001"
      }
    ],
    "essay_scoreT": [
      27.3,
      28.8,
      23.1
    ],
    "essay_scoreT_avg": 26.4,
    "essay_scoreT_detail": {
      "essay_scoreT_org": [
        [
          2,
          0,
          2,
          3
        ],
        [
          3,
          0,
          3,
          3
        ],
        [
          2,
          0,
          2,
          3
        ]
      ],
      "essay_scoreT_cont": [
        [
          3,
          3,
          3,
          3
        ],
        [
          2,
          3,
          3,
          3
        ],
        [
          2,
          2,
          3,
          3
        ]
      ],
      "essay_scoreT_exp": [
        [
          3,
          3,
          3
        ],
        [
          3,
          3,
          3
        ],
        [
          2,
          3,
          2
        ]
      ]
    }
  },
  "student": {
    "date": "2021.12.29",
    "student_educated": true,
    "student_grade": "고등_1학년",
    "location": "063",
    "student_grade_group": "고등",
    "student_reading": 2
  },
  "rubric": {
    "essay_grade": "고등_1학년",
    "organization_weight": {
      "org_paragraph": 0,
      "org": 3,
      "org_essay": 6,
      "org_coherence": 3,
      "org_quantity": 1
    },
    "essay_type": "주장",
    "content_weight": {
      "con_clearance": 3,
      "con_novelty": 3,
      "con": 4,
      "con_prompt": 1,
      "con_description": 3
    },
    "essay_main_subject": "평가에 대한 본인의 의견",
    "expression_weight": {
      "exp_style": 4,
      "exp_grammar": 2,
      "exp_vocab": 4,
      "exp": 3
    }
  },
  "correction": [],
  "info": {
    "essay_id": "ESSAY_84041",
    "essay_prompt": " 평가는 일반적으로 평가대상의 장점과 가치를 결정하는 과정을 말합니다.\n\n 세상에는 무수히 많은 평가 방법들이 존재하고 그 주제도 다양합니다.\n\n 우리나라의 경우는 어떨까요? 중간, 기말시험이 있고 미술과 같은 기본기와 창의성을 평가하는 과목도 있습니다. 체육과 같은 신체적인 능력을 평가하는 과목도 있지요. 모두 적절한 기준이 있으며 매우 객관적인 기준이라고 말합니다.\n\n 하지만 여러분이 생각하기에 모든 학생을 동일한 평가지표에 맞추어 평가하는 것이 올바른 방식이라고 생각하나요?\n\n 사람마다 특성이 존재하듯 각각의 목표 또한 다르고 성과도 다를 수 있습니다. 특정 기준에 의존해 본인의 성과도를 평가하는 것이 바르다고 생각되나요?\n\n 현재의 평가 방식은 최고의 객관적인 평가 방식이라고 생각하신다면 그 이유를 작성해주세요. 아니라면 어떤 평가 기준이 추가되어야 하고 또한 어떤 생각으로 평가가 이루어졌으면 좋겠는지 서술해 주세요.",
    "essay_type": "주장",
    "essay_level": "2",
    "essay_len": 801,
    "essay_main_subject": "평가에 대한 본인의 의견"
  }
}