{
  "paragraph": [
    {
      "paragraph_txt": "평가라는 것은 객관적인 기준에 따라 진행할 수도 있고 주관적인 기준에 따라 진행할 수 있습니다.#@문장구분# 객관적인 기준은 사람들과의 합의 또는 개인으로 설정한 기준에 따라 점수를 부여하는 방식이 있고 주관적인 기준은 사람들이 하나에 대해 어떠한 기준없이 여러 의견이 나오게 되는 것입니다.#@문장구분# 주관적인 기준의 예로는 직장에서 높은 직책에 있는 사람들이 한 직원에 대해 평가하는 것이 아니라 직원들끼리 서로에 대해 평가하게 되는 것입니다.#@문장구분# 또 다른 예로는 학교생활에서 볼 수 있습니다.#@문장구분# 한 학생이 발표하게 되면 다른 학생들에게 용지를 나눠주면서 발표한 것에 대해 평가를 하라고 합니다,#@문장구분# 하지만 이런 것들이 중요한 것에 영향을 주면 안 된다고 생각합니다.#@문장구분# 왜냐하면 너무 개인의 사적인 의견이 들어갈 수도 있고 터무니없는 의견으로 학생의 성적과 한 직원의 승진에 영향을 주기에는 너무 별 것 아닌 것들이라고 생각합니다.#@문장구분# 예를 들어 직원의 태도가 승진에 영향을 준다고 생각해 봅시다.#@문장구분# 그럼 사람들은 경쟁 심리로 서로를 깎아내리기 위해 조금의 흠집도 용납하지 않게 되고 서로를 깎아내리기만을 위해 노력을 기울일 것입니다.#@문장구분# 그리고 이런 상황은 회사에 전혀 도움이 되지 않게 됩니다.#@문장구분# 이렇게 비효율적인 상황을 회사에서 직접 만들어내게 된다는 것은 말이 안 된다고 생각합니다.#@문장구분# 또한 학교에서도 학생 개인에게는 매우 중요한 일인 성적에 관하여 그렇게 주관적인 평가를 통해 점수를 부여하게 되면 불공평한 상황이 생길 수 있다고 생각합니다.#@문장구분# 그리고 주관적이라는 것은 사람이 살아온 배경과 가지고 있는 가치관에 따라 달라질 수 있고 객관적인 평가를 유지하기 어렵습니다.#@문장구분# 그렇기 때문에 서로 합의된 기준에 따라 결과를 보고 책정한 뒤 그에 따른 보상이나 점수를 주는 것이 옳다고 생각합니다.#@문장구분# 물론 다른 사람들에게는 주관적인 평가가 옳다고 생각할 수는 있지만 이런 점을 고려했을 때에는 일정 기준에 따라 판단하는 것이 제일 옳다고 생각합니다.#@문장구분#",
      "paragraph_len": 1254,
      "paragraph_id": "001"
    }
  ],
  "score": {
    "paragraph_score": [
      {
        "paragraph_scoreT": [
          3,
          3,
          3
        ],
        "paragraph_scoreT_detail": {
          "paragraph_scoreT_exp": [
            [
              3,
              3,
              3
            ],
            [
              3,
              3,
              3
            ],
            [
              3,
              3,
              3
            ]
          ]
        },
        "paragraph_scoreT_avg": 3,
        "paragraph_id": "001"
      }
    ],
    "essay_scoreT": [
      28.8,
      27.2,
      28.4
    ],
    "essay_scoreT_avg": 28.133333,
    "essay_scoreT_detail": {
      "essay_scoreT_org": [
        [
          3,
          0,
          3,
          3
        ],
        [
          3,
          0,
          3,
          3
        ],
        [
          3,
          0,
          3,
          3
        ]
      ],
      "essay_scoreT_cont": [
        [
          3,
          2,
          3,
          3
        ],
        [
          3,
          2,
          2,
          2
        ],
        [
          3,
          2,
          2,
          3
        ]
      ],
      "essay_scoreT_exp": [
        [
          3,
          3,
          3
        ],
        [
          3,
          3,
          3
        ],
        [
          3,
          3,
          3
        ]
      ]
    }
  },
  "student": {
    "date": "2021.12.21",
    "student_educated": true,
    "student_grade": "고등_1학년",
    "location": "054",
    "student_grade_group": "고등",
    "student_reading": 1
  },
  "rubric": {
    "essay_grade": "고등_1학년",
    "organization_weight": {
      "org_paragraph": 0,
      "org": 3,
      "org_essay": 6,
      "org_coherence": 3,
      "org_quantity": 1
    },
    "essay_type": "주장",
    "content_weight": {
      "con_clearance": 3,
      "con_novelty": 3,
      "con": 4,
      "con_prompt": 1,
      "con_description": 3
    },
    "essay_main_subject": "평가에 대한 본인의 의견",
    "expression_weight": {
      "exp_style": 4,
      "exp_grammar": 2,
      "exp_vocab": 4,
      "exp": 3
    }
  },
  "correction": [],
  "info": {
    "essay_id": "ESSAY_83358",
    "essay_prompt": " 평가는 일반적으로 평가대상의 장점과 가치를 결정하는 과정을 말합니다.\n\n 세상에는 무수히 많은 평가 방법들이 존재하고 그 주제도 다양합니다.\n\n 우리나라의 경우는 어떨까요? 중간, 기말시험이 있고 미술과 같은 기본기와 창의성을 평가하는 과목도 있습니다. 체육과 같은 신체적인 능력을 평가하는 과목도 있지요. 모두 적절한 기준이 있으며 매우 객관적인 기준이라고 말합니다.\n\n 하지만 여러분이 생각하기에 모든 학생을 동일한 평가지표에 맞추어 평가하는 것이 올바른 방식이라고 생각하나요?\n\n 사람마다 특성이 존재하듯 각각의 목표 또한 다르고 성과도 다를 수 있습니다. 특정 기준에 의존해 본인의 성과도를 평가하는 것이 바르다고 생각되나요?\n\n 현재의 평가 방식은 최고의 객관적인 평가 방식이라고 생각하신다면 그 이유를 작성해주세요. 아니라면 어떤 평가 기준이 추가되어야 하고 또한 어떤 생각으로 평가가 이루어졌으면 좋겠는지 서술해 주세요.",
    "essay_type": "주장",
    "essay_level": "2",
    "essay_len": 954,
    "essay_main_subject": "평가에 대한 본인의 의견"
  }
}