{
  "paragraph": [
    {
      "paragraph_txt": "객관적 평가방식은 결과지향적 평가 방식이라고 생각합니다.#@문장구분# 객관적 평가 방식은 객관적이고 공정하다고 생각되는 지표를 기준으로 삼고 그 지표에 따라 평가하는 방식이기 때문에 학업성적의 결과를 가지고 평가하는 방식입니다.#@문장구분# 따라서 학생이 학업성적을 높이기 위해 노력한 것들 보다 정답의 확률로만 평가하는 결과에 모든 것을 평가하는 방식인 것입니다.#@문장구분# 하지만 성공하는 인재들은 결과보다 과정을 중요시 여기며 어떤 목표를 성공하지 못할지언정 최선을 다하여 최고로 노력하는 과정이 더 중요하고 이런 과정을 통해 다져지고 내공이 싸여서 나중에 최고가 되기도 하는데 이런 것은 객관적 평가방식으로는 평가가 매우 힘들다는 것이 단점으로 나타나고 있다고 생각합니다.#@문장구분# 그래서 지금 사용하고 있는 객관적 평가방식이 최고의 평가방식이 아니라고 생각합니다.#@문장구분# 지금 우리가 공부하는 학교 현장에서는 중간고사, 기말고사 등 객관적 평가방식을 통해 학기에 2번 학력평가를 하고 수행평가라는 항목으로 각 과정별 과제, 발표, 조별프로젝트 등을 평가하고 있습니다.#@문장구분# 예전에 중간고사, 기말고사, 월말고사 이렇게 시험만 보던 방식이 아닌 과정에서 학생의 참여도나 성실함 등도 평가의 요소로써 과정의 중요성도 깨닫게 해주고 있는 셈입니다.#@문장구분# 이런 주관적 평가요소들이 추가됨에 따라 과정의 평가와 결과의 평가에 대해 골고루 하여 좋은 점도 있겠지만 학생 입장에서 너무 힘이 듭니다.#@문장구분# 중간고사, 기말고사라는 객관적 평가에 대비하여 함은 물론이고 주관적 평가 요소까지 평가한다고 하니 시험보기 전 과정까지 공부를 해야하고 신경을써야 하기 때문에 너무 팍팍한 학교 생활을 보내고 있는 것입니다.#@문장구분# 대학을 가기위해 15년 가까이 평가를 받으며 지내지만 그후 더 많은 평가가 기다리고 있을 것을 알고 있다.#@문장구분# 경쟁사회를 살아가는데 꼭 필요한거 같기는 하다.#@문장구분#",
      "paragraph_len": 1113,
      "paragraph_id": "001"
    }
  ],
  "score": {
    "paragraph_score": [
      {
        "paragraph_scoreT": [
          2,
          2.4,
          2.8
        ],
        "paragraph_scoreT_detail": {
          "paragraph_scoreT_exp": [
            [
              2,
              2,
              2
            ],
            [
              2,
              3,
              2
            ],
            [
              2,
              3,
              3
            ]
          ]
        },
        "paragraph_scoreT_avg": 2.3999999,
        "paragraph_id": "001"
      }
    ],
    "essay_scoreT": [
      20.699999,
      24.3,
      25.4
    ],
    "essay_scoreT_avg": 23.466667,
    "essay_scoreT_detail": {
      "essay_scoreT_org": [
        [
          2,
          0,
          2,
          3
        ],
        [
          2,
          0,
          2,
          3
        ],
        [
          3,
          0,
          3,
          3
        ]
      ],
      "essay_scoreT_cont": [
        [
          2,
          2,
          3,
          2
        ],
        [
          3,
          2,
          3,
          3
        ],
        [
          2,
          2,
          2,
          2
        ]
      ],
      "essay_scoreT_exp": [
        [
          2,
          2,
          2
        ],
        [
          2,
          3,
          2
        ],
        [
          2,
          3,
          3
        ]
      ]
    }
  },
  "student": {
    "date": "2021.12.29",
    "student_educated": true,
    "student_grade": "고등_1학년",
    "location": "063",
    "student_grade_group": "고등",
    "student_reading": 2
  },
  "rubric": {
    "essay_grade": "고등_1학년",
    "organization_weight": {
      "org_paragraph": 0,
      "org": 3,
      "org_essay": 6,
      "org_coherence": 3,
      "org_quantity": 1
    },
    "essay_type": "주장",
    "content_weight": {
      "con_clearance": 3,
      "con_novelty": 3,
      "con": 4,
      "con_prompt": 1,
      "con_description": 3
    },
    "essay_main_subject": "평가에 대한 본인의 의견",
    "expression_weight": {
      "exp_style": 4,
      "exp_grammar": 2,
      "exp_vocab": 4,
      "exp": 3
    }
  },
  "correction": [],
  "info": {
    "essay_id": "ESSAY_84116",
    "essay_prompt": " 평가는 일반적으로 평가대상의 장점과 가치를 결정하는 과정을 말합니다.\n\n 세상에는 무수히 많은 평가 방법들이 존재하고 그 주제도 다양합니다.\n\n 우리나라의 경우는 어떨까요? 중간, 기말시험이 있고 미술과 같은 기본기와 창의성을 평가하는 과목도 있습니다. 체육과 같은 신체적인 능력을 평가하는 과목도 있지요. 모두 적절한 기준이 있으며 매우 객관적인 기준이라고 말합니다.\n\n 하지만 여러분이 생각하기에 모든 학생을 동일한 평가지표에 맞추어 평가하는 것이 올바른 방식이라고 생각하나요?\n\n 사람마다 특성이 존재하듯 각각의 목표 또한 다르고 성과도 다를 수 있습니다. 특정 기준에 의존해 본인의 성과도를 평가하는 것이 바르다고 생각되나요?\n\n 현재의 평가 방식은 최고의 객관적인 평가 방식이라고 생각하신다면 그 이유를 작성해주세요. 아니라면 어떤 평가 기준이 추가되어야 하고 또한 어떤 생각으로 평가가 이루어졌으면 좋겠는지 서술해 주세요.",
    "essay_type": "주장",
    "essay_level": "2",
    "essay_len": 894,
    "essay_main_subject": "평가에 대한 본인의 의견"
  }
}