{
  "paragraph": [
    {
      "paragraph_txt": "오직 능력만을 보고 뽑게 되는 이러한 현실에서 학생시절부터 결과적인 능력이 아닌 과정과 개인에 맞춘 평가기준을 내세워 사람을 평가하게 된다면 사회에서 그 사람에 이력을 보고 그 사람을 사회에서 필요한 기준에 따라 평가하기 힘들어질 수도 있다는 생각을 하였습니다.#@문장구분# 예를들어 여성 할당제는 능력이 아닌 성별을 보고 사람을 평가하게 하는 제도입니다.#@문장구분# 이로인해 경찰과 소방관에 직무를 수행할 능력이 부족한 사람들이 들어오게 되면서 서울 대림동 여경 논란, 꿀벌 진압 논란, 양평 중국인 흉기난동 사건.인천 층간소음 흉기난동 사건등 많은 문제가 발생하게 됐습니다.#@문장구분# 이렇듯 평가 척도가 그 평가 대상에게 필요로 하는 능력을 평가하지 못하게 된다면 그 평가방법은 좋은 방법이라고 할 수 없는 것 같습니다.#@문장구분# 이렇듯 사회에서의 평가는 평가대상에게 요구하는 능력이 그 분야에 따라 모두 다르기 때문에 개인에 상황에 맞추어 사람마다 다른 특성과 목표, 성과를 모두 종합하여서 고려하였을 때 정작 평가해야 할 능력에는 소홀해질 수도 있다는 문제점이 있습니다.#@문장구분# 그렇기에 최대한 많은 분야에 있어 동일한 평가지표를 가지고 평가하는 것이 그 사람을 평가하는 목적에 가장 알맞고 그 사람이 사회에서 가치와 장점을 평가받을 때에 사회에 각 분야들 각자 원하는 인재에 기준에 따라 평가하기 적합하다고 생각됩니다.#@문장구분# 또 수학 능력시험은 학생들의 각 과목에 대한 목표 성취를 평가하는 시험으로 과목별 성적을 보고 과목에 대한 목표 성취도를 판단하는 것이다.#@문장구분# 학생들이 목표를 제대로 달성하였는지 여부를 관련한 문제들로 검사, 평가하면서 목표달성도를 확인한다는 점에서 교육평가의 정의를 제대로 실천하고 있다고 생각합니다.#@문장구분# 또한, 수학능력평가는 학생들에게 목표 달성을 하도록 이끄는 원동력이 되고, 미래를 위한 평가의 중요한 역할을 해 학생들이 학습을 계획하고 전체의 목표를 세우도록 돕는 장점이 있다는 것으로 보아 지금의 평가는 객관적이라고 생각합니다.#@문장구분#",
      "paragraph_len": 1138,
      "paragraph_id": "001"
    }
  ],
  "score": {
    "paragraph_score": [
      {
        "paragraph_scoreT": [
          3,
          3,
          3
        ],
        "paragraph_scoreT_detail": {
          "paragraph_scoreT_exp": [
            [
              3,
              3,
              3
            ],
            [
              3,
              3,
              3
            ],
            [
              3,
              3,
              3
            ]
          ]
        },
        "paragraph_scoreT_avg": 3,
        "paragraph_id": "001"
      }
    ],
    "essay_scoreT": [
      30,
      28.8,
      30
    ],
    "essay_scoreT_avg": 29.6,
    "essay_scoreT_detail": {
      "essay_scoreT_org": [
        [
          3,
          0,
          3,
          3
        ],
        [
          3,
          0,
          3,
          3
        ],
        [
          3,
          0,
          3,
          3
        ]
      ],
      "essay_scoreT_cont": [
        [
          3,
          3,
          3,
          3
        ],
        [
          3,
          2,
          3,
          3
        ],
        [
          3,
          3,
          3,
          3
        ]
      ],
      "essay_scoreT_exp": [
        [
          3,
          3,
          3
        ],
        [
          3,
          3,
          3
        ],
        [
          3,
          3,
          3
        ]
      ]
    }
  },
  "student": {
    "date": "2021.12.20",
    "student_educated": true,
    "student_grade": "고등_1학년",
    "location": "063",
    "student_grade_group": "고등",
    "student_reading": 2
  },
  "rubric": {
    "essay_grade": "고등_1학년",
    "organization_weight": {
      "org_paragraph": 0,
      "org": 3,
      "org_essay": 6,
      "org_coherence": 3,
      "org_quantity": 1
    },
    "essay_type": "주장",
    "content_weight": {
      "con_clearance": 3,
      "con_novelty": 3,
      "con": 4,
      "con_prompt": 1,
      "con_description": 3
    },
    "essay_main_subject": "평가에 대한 본인의 의견",
    "expression_weight": {
      "exp_style": 4,
      "exp_grammar": 2,
      "exp_vocab": 4,
      "exp": 3
    }
  },
  "correction": [],
  "info": {
    "essay_id": "ESSAY_71883",
    "essay_prompt": " 평가는 일반적으로 평가대상의 장점과 가치를 결정하는 과정을 말합니다.\n\n 세상에는 무수히 많은 평가 방법들이 존재하고 그 주제도 다양합니다.\n\n 우리나라의 경우는 어떨까요? 중간, 기말시험이 있고 미술과 같은 기본기와 창의성을 평가하는 과목도 있습니다. 체육과 같은 신체적인 능력을 평가하는 과목도 있지요. 모두 적절한 기준이 있으며 매우 객관적인 기준이라고 말합니다.\n\n 하지만 여러분이 생각하기에 모든 학생을 동일한 평가지표에 맞추어 평가하는 것이 올바른 방식이라고 생각하나요?\n\n 사람마다 특성이 존재하듯 각각의 목표 또한 다르고 성과도 다를 수 있습니다. 특정 기준에 의존해 본인의 성과도를 평가하는 것이 바르다고 생각되나요?\n\n 현재의 평가 방식은 최고의 객관적인 평가 방식이라고 생각하신다면 그 이유를 작성해주세요. 아니라면 어떤 평가 기준이 추가되어야 하고 또한 어떤 생각으로 평가가 이루어졌으면 좋겠는지 서술해 주세요.",
    "essay_type": "주장",
    "essay_level": "2",
    "essay_len": 958,
    "essay_main_subject": "평가에 대한 본인의 의견"
  }
}