{
  "paragraph": [
    {
      "paragraph_txt": "지적 재산권이란 노력에 의해 창작된 상품에 부여된 재산권을 지적 재산권 혹은 지식 재산권이라 말한다.#@문장구분# \n 지적 재산권은 문화 예술이나 영화등 발명을 하게 되면서 얻어지는 특허권 등 그리고 디자인부터 다양한 재산권과 저작권 등으로 나눠진다.#@문장구분# 산업분야의 창작물에서부터 문화 예술 분야의 창작물 등도 있고 음반 및 출판 관련 저작권 등도 있다.#@문장구분# 또한 신약을 개발하는 신약 개발 특허권도 있다.#@문장구분# 보통 재산권이나 저작권에 대한 보호기간은 일정기간 정해져있는 걸로 알고 있다.#@문장구분# 그런데 평생을 한 분야만을 위해서 실패하고 노력하고 연습에 실패를 거쳐 가며 만든 작품 혹은 약 뿐만이 아닌 예술쪽으로도 하루아침에 이와 같은 것들이 도용이 된다고 생각해 본적이 있는가?#@문장구분# 지적 재산권의 문제는 자유 무역 협정 등 국가 간 무역 협상에서 매우 민감한 문제로 다루어지고 있으며, 때로는 심각한 무역 분쟁의 원인이 되고 있다.#@문장구분#\n 요즘과 같은 정보화 사회에서 물리적인 국경을 넘어 빠른 속도로 유출이 되고 있기 때문에 국가가 엄청난 시간과 비용을 들여서 만든 신약 등 개발한 각종 정보기술이 밖으로 새나가는 경우가 자주 있다고 생각된다.#@문장구분# 각 나라 별로는 자기 나라의 지적재산권을 보호하기 위해서 다양한 방법이나 개선책 이있는 것 같다.#@문장구분# 영화나 음반 그리고 출판들은 개인의 창작물로써 마땅히 보호받아야 함에도 불구하고 무분멸한 매체들로 인하여 유출이 되는 경우가 많은 것 같다.#@문장구분# 이는 국가적으로 보상과 함께 그에따른 대비책이 필요하지 않을까?#@문장구분# 우리가 극장에서 쉽게 볼수 있는 영화 한 편이 나오기까지 무수한 노력과 피땀 흘린 결과물인데 하루아침에 유출이 되어 카피본이 돌아다닌다든지 음반 역시 마찬가지다.#@문장구분# 표절시비 등도 많이 볼수가 있는데 살짝만 바꾸어 사용을 하는 경우들도 있다.#@문장구분# 한 개인의 소중한 작품들부터라도 보호해주는 그런 법이 강화가 되었으면 좋겠다.#@문장구분#",
      "paragraph_len": 1214,
      "paragraph_id": "001"
    }
  ],
  "score": {
    "paragraph_score": [
      {
        "paragraph_scoreT": [
          2.8,
          3,
          2.6
        ],
        "paragraph_scoreT_detail": {
          "paragraph_scoreT_exp": [
            [
              2,
              3,
              3
            ],
            [
              3,
              3,
              3
            ],
            [
              3,
              2,
              3
            ]
          ]
        },
        "paragraph_scoreT_avg": 2.8,
        "paragraph_id": "001"
      }
    ],
    "essay_scoreT": [
      27,
      30,
      24.9
    ],
    "essay_scoreT_avg": 27.300001,
    "essay_scoreT_detail": {
      "essay_scoreT_org": [
        [
          3,
          3,
          2,
          2
        ],
        [
          3,
          3,
          3,
          3
        ],
        [
          2,
          2,
          2,
          3
        ]
      ],
      "essay_scoreT_cont": [
        [
          3,
          2,
          3,
          3
        ],
        [
          3,
          3,
          3,
          3
        ],
        [
          3,
          2,
          3,
          3
        ]
      ],
      "essay_scoreT_exp": [
        [
          2,
          3,
          3
        ],
        [
          3,
          3,
          3
        ],
        [
          3,
          2,
          3
        ]
      ]
    }
  },
  "student": {
    "date": "2021.11.23",
    "student_educated": true,
    "student_grade": "고등_2학년",
    "location": "063",
    "student_grade_group": "고등",
    "student_reading": 2
  },
  "rubric": {
    "essay_grade": "고등_2학년",
    "organization_weight": {
      "org_paragraph": 3,
      "org": 3,
      "org_essay": 3,
      "org_coherence": 3,
      "org_quantity": 1
    },
    "essay_type": "주장",
    "content_weight": {
      "con_clearance": 3,
      "con_novelty": 3,
      "con": 4,
      "con_prompt": 1,
      "con_description": 3
    },
    "essay_main_subject": "지적 재산권에 대한 본인의 생각 작성",
    "expression_weight": {
      "exp_style": 4,
      "exp_grammar": 2,
      "exp_vocab": 4,
      "exp": 3
    }
  },
  "correction": [],
  "info": {
    "essay_id": "ESSAY_53064",
    "essay_prompt": " 지적재산권이란 특허권, 실용신안권, 상표권, 디자인권을 총칭하는 개념으로 지적재산권법은 정보생산자에게 일정기간 동안 시장에서의 배타적 지위를 부여하고 있습니다.\n\n 즉, 지적 재산권은 특정 사람이 생각/창작해낸 것을 다른사람들의 무분별한 이용으로 부터 지켜주는 것입니다. 이러한 지적재산권은 개인 혹은 회사 더 나아가 나라에 귀속될 수 있습니다.\n\n 다만, 코로나 시대인 요즘 전 세계적인 재앙인 코로나를 물리칠 수 있는 백신에 대한 지적재산권을 자유롭게 풀어야한다는 의견이 계속해서 나오고 있습니다. \n\n 지적 재산권이 있는 제약회사가 있는 나라의 경우 백신이 충분하며 백신을 맞는 것이 선택의 문제인 반면, 그렇지 못한 나라는 백신을 맞고 싶어도 맞지 못하는 사람들이 많고 항체가 없어 사망하는 경우도 비교적 많이 때문입니다.\n\n 전 세계의 문제를 해결하기 위해 수 많은 돈을 들여 개발한 백신의 지적재산권을 공유하는 것이 의무화 되어야 할까요? 아니면 회사의 선택에 맡겨야할까요? 보상은 어떻게 해야할까요? \n\n 전 세계에 무상으로 공개 해야 한다는 의견이 있을 수도 있고 무상으로 공개한 회사의 경우 팬더믹 상황이 종결 된 후 따로 보상을 해주어야 한다는 의견도 있을 겁니다. 지적재산권의 변하지 않는 신뢰를 위해서라도 무상 공개는 절대 있어서는 안된다는 의견도 있을 것입니다.\n\n 지금까지도 펜더믹 상황에서 코로나19 백신에 대한 특허권을 보장해야 하느냐 풀어야 하느냐 의견이 분분합니다. 이에 대한 자신의 주장을 작성해주세요. 또한, 그렇게 생각한 이유도 설명해주세요.",
    "essay_type": "주장",
    "essay_level": "1",
    "essay_len": 934,
    "essay_main_subject": "지적 재산권에 대한 본인의 생각 작성"
  }
}