{
  "paragraph": [
    {
      "paragraph_txt": "우리나라에는 많은 평가 방식들이 존재한다.#@문장구분# 상대평가가 있고 절대평가도 있으며 그 기준들은 이미 다 정해져있다.#@문장구분# 하지만 그렇게 평가하는 방식들이 올바르다고 할 수 있을까?#@문장구분# 누군가는 미술에 대한 흥미가 없을 수도 있다.#@문장구분# 그런 경우에는 다른 과목들에서는 우수한 성적을 받지만 미술에서만 유독 떨어지는 점수를 받을 수도 있다.#@문장구분# 반대로 이러한 평가 방식을 불공평하다고 생각할 수 있을까?#@문장구분# 누군가는 미술에 흥미가 없을 수 있지만 다른 누군가는 수학에 흥미가 없을 수도 있다.#@문장구분# 그럼 그 아이는 유독 수학만 점수가 떨어져서 나오는 결과를 받게 된다.#@문장구분# 만약 자신이 흥미를 가지고 있고 잘하는 과목만 선택해서 평가 받는다면 어떤 결과가 나올까?#@문장구분# 한 사람은 화가가 꿈이어서 미술에 대한 평가를 더 신경써서 받고 다른 한 사람은 수학자가 꿈이어서 수학에 대한 평가만 더 신경써서 받는다는 상상을 해 보자.#@문장구분# 그렇다면 우리는 더 치열한 경쟁 속으로 뛰어드는 평가를 하는 게 아닐까?#@문장구분# 미술만 더 신경써서 받는 사람이 한 명이 아니라 두 명으로 늘어나고 여러 명으로 늘어나게 되면 그들 안에서 경쟁은 더욱 심해질 것이다.#@문장구분# 다른 분야에서도 비슷한 결과가 나타날 것임은 알 수 있다.#@문장구분# 비록 각자의 목표가 다를 수 있고 자신이 느끼는 결과에 대한 평가가 다를 수도 있지만 그렇다고 하여 모든 학생들에 맞춰 평가하는 것은 힘들다고 보는 것이 맞을 것이다.#@문장구분# 현재의 평가 방식이 불공평하다고 말하는 사람들이 있을 수 있지만 만약에 한 사람씩에 맞춰 평가하는 방식을 선택하게 된다면 그들끼리의 경쟁은 더욱 심해질 것이고 그것은 또 다른 문제들을 불러올 수 있음을 알고 있어야 한다.#@문장구분# 그렇기에 현재의 평가 방식을 적용하는 것이 맞다고 생각한다.#@문장구분#",
      "paragraph_len": 1160,
      "paragraph_id": "001"
    }
  ],
  "score": {
    "paragraph_score": [
      {
        "paragraph_scoreT": [
          2.8,
          2.8,
          3
        ],
        "paragraph_scoreT_detail": {
          "paragraph_scoreT_exp": [
            [
              2,
              3,
              3
            ],
            [
              2,
              3,
              3
            ],
            [
              3,
              3,
              3
            ]
          ]
        },
        "paragraph_scoreT_avg": 2.8666668,
        "paragraph_id": "001"
      }
    ],
    "essay_scoreT": [
      27,
      29.4,
      30
    ],
    "essay_scoreT_avg": 28.800001,
    "essay_scoreT_detail": {
      "essay_scoreT_org": [
        [
          3,
          0,
          3,
          3
        ],
        [
          3,
          0,
          3,
          3
        ],
        [
          3,
          0,
          3,
          3
        ]
      ],
      "essay_scoreT_cont": [
        [
          3,
          2,
          3,
          2
        ],
        [
          3,
          3,
          3,
          3
        ],
        [
          3,
          3,
          3,
          3
        ]
      ],
      "essay_scoreT_exp": [
        [
          2,
          3,
          3
        ],
        [
          2,
          3,
          3
        ],
        [
          3,
          3,
          3
        ]
      ]
    }
  },
  "student": {
    "date": "2021.12.14",
    "student_educated": true,
    "student_grade": "고등_1학년",
    "location": "054",
    "student_grade_group": "고등",
    "student_reading": 2
  },
  "rubric": {
    "essay_grade": "고등_1학년",
    "organization_weight": {
      "org_paragraph": 0,
      "org": 3,
      "org_essay": 6,
      "org_coherence": 3,
      "org_quantity": 1
    },
    "essay_type": "주장",
    "content_weight": {
      "con_clearance": 3,
      "con_novelty": 3,
      "con": 4,
      "con_prompt": 1,
      "con_description": 3
    },
    "essay_main_subject": "평가에 대한 본인의 의견",
    "expression_weight": {
      "exp_style": 4,
      "exp_grammar": 2,
      "exp_vocab": 4,
      "exp": 3
    }
  },
  "correction": [],
  "info": {
    "essay_id": "ESSAY_78627",
    "essay_prompt": " 평가는 일반적으로 평가대상의 장점과 가치를 결정하는 과정을 말합니다.\n\n 세상에는 무수히 많은 평가 방법들이 존재하고 그 주제도 다양합니다.\n\n 우리나라의 경우는 어떨까요? 중간, 기말시험이 있고 미술과 같은 기본기와 창의성을 평가하는 과목도 있습니다. 체육과 같은 신체적인 능력을 평가하는 과목도 있지요. 모두 적절한 기준이 있으며 매우 객관적인 기준이라고 말합니다.\n\n 하지만 여러분이 생각하기에 모든 학생을 동일한 평가지표에 맞추어 평가하는 것이 올바른 방식이라고 생각하나요?\n\n 사람마다 특성이 존재하듯 각각의 목표 또한 다르고 성과도 다를 수 있습니다. 특정 기준에 의존해 본인의 성과도를 평가하는 것이 바르다고 생각되나요?\n\n 현재의 평가 방식은 최고의 객관적인 평가 방식이라고 생각하신다면 그 이유를 작성해주세요. 아니라면 어떤 평가 기준이 추가되어야 하고 또한 어떤 생각으로 평가가 이루어졌으면 좋겠는지 서술해 주세요.",
    "essay_type": "주장",
    "essay_level": "2",
    "essay_len": 840,
    "essay_main_subject": "평가에 대한 본인의 의견"
  }
}