{
  "paragraph": [
    {
      "paragraph_txt": "화이자에서 최근 코로나19 치료제에 대해 몇 저소득국에 한해서 특허를 개방하기로 했습니다.#@문장구분#\n개런티를 받지 않겠다고 선언하여 저소득국에 많은 배려를 해준 것으로 보였습니다.#@문장구분#\n이에 대해 국제 사회에서는 여러 가지 말이 나오고 있는 상황인데 특히 국경없는 이사회에서 브라질 같이 코로나19에 많이 영향을 받은 나라는 왜 포함이 안 되어 있냐 라던가, 백신 특허를 개방하는 것이 결국 모두를 위한 길이라는 의견 등 꽤나 센 의견을 얘기하고 있습니다.#@문장구분# 저도 한 명의 세계인으로 관련 뉴스가 나오면 항상 챙겨보고 있는데, 이번 일에 대해서는 화이자 회사에게 박수를 보내주고 싶습니다.#@문장구분# 이유는 여러가지가 있는데, 첫 번째로는 이렇게라도 뭔가 보여주고 시도해야 더 많은 회사들이 사람들을 위해 더 나은 방법을 시도할 것이라는 점입니다.#@문장구분# 백신밖에 없을 때는 백신 외에 치료나 예방을 할 수 있는 방법이 없었기 때문에 특허를 풀어달라고 요청한 곳도 많았을텐데 이제는 먹는 치료제가 나왔고 먹는 치료제로 일단 아픈 사람들을 살려볼 수 있는 시도정도는 할 수 있게 됐으며 그것조차 안 됐을 경우가 있는데 비난부터 쏟아내는 것은 좋지 못하다고 생각한다는 의미이다.#@문장구분# 두 번째로는 백신의 특허 개방 자체의 어려움이다. #@문장구분#백신 같은 경우에는 알약과 같은 치료제와 다르기 때문에 만드는 것부터 시작해서 만약 공급을 할 수 있게 해주더라도 가져오는 문제 등 먹는 치료제들에 비해서는 환경적으로도 개방이 어려운 부분이 많다는 것이다. #@문장구분#이번 화이자의 모습으로 많은 회사들에서 코로나19에 힘들어하는 저소득국에 도움이 되었으면 하는 마음이 있다.#@문장구분# 또한, 화이자가 어떤 결정을 했든 그들은 노력하고 있다는 점을 먼저 칭찬해줬으면 하는 마음이며, 누군가가 먼저 시작해서 우리도 해야겠다 라는 마인드가 아닌, 먼저 나서서 많은 기업들에서 이번 화이자와 같은 결정을 해주었으면 하는 마음이 있습니다.#@문장구분#",
      "paragraph_len": 1125,
      "paragraph_id": "001"
    }
  ],
  "score": {
    "paragraph_score": [
      {
        "paragraph_scoreT": [
          3,
          2.8,
          2.6
        ],
        "paragraph_scoreT_detail": {
          "paragraph_scoreT_exp": [
            [
              3,
              3,
              3
            ],
            [
              2,
              3,
              3
            ],
            [
              3,
              3,
              2
            ]
          ]
        },
        "paragraph_scoreT_avg": 2.8,
        "paragraph_id": "001"
      }
    ],
    "essay_scoreT": [
      27.6,
      28.2,
      24.8
    ],
    "essay_scoreT_avg": 26.866669,
    "essay_scoreT_detail": {
      "essay_scoreT_org": [
        [
          3,
          3,
          3,
          3
        ],
        [
          3,
          3,
          3,
          3
        ],
        [
          3,
          3,
          3,
          3
        ]
      ],
      "essay_scoreT_cont": [
        [
          2,
          3,
          3,
          2
        ],
        [
          3,
          2,
          3,
          3
        ],
        [
          2,
          2,
          2,
          2
        ]
      ],
      "essay_scoreT_exp": [
        [
          3,
          3,
          3
        ],
        [
          2,
          3,
          3
        ],
        [
          3,
          3,
          2
        ]
      ]
    }
  },
  "student": {
    "date": "2021.11.20",
    "student_educated": true,
    "student_grade": "고등_2학년",
    "location": "02",
    "student_grade_group": "고등",
    "student_reading": 2
  },
  "rubric": {
    "essay_grade": "고등_2학년",
    "organization_weight": {
      "org_paragraph": 3,
      "org": 3,
      "org_essay": 3,
      "org_coherence": 3,
      "org_quantity": 1
    },
    "essay_type": "주장",
    "content_weight": {
      "con_clearance": 3,
      "con_novelty": 3,
      "con": 4,
      "con_prompt": 1,
      "con_description": 3
    },
    "essay_main_subject": "지적 재산권에 대한 본인의 생각 작성",
    "expression_weight": {
      "exp_style": 4,
      "exp_grammar": 2,
      "exp_vocab": 4,
      "exp": 3
    }
  },
  "correction": [],
  "info": {
    "essay_id": "ESSAY_45935",
    "essay_prompt": " 지적재산권이란 특허권, 실용신안권, 상표권, 디자인권을 총칭하는 개념으로 지적재산권법은 정보생산자에게 일정기간 동안 시장에서의 배타적 지위를 부여하고 있습니다.\n\n 즉, 지적 재산권은 특정 사람이 생각/창작해낸 것을 다른사람들의 무분별한 이용으로 부터 지켜주는 것입니다. 이러한 지적재산권은 개인 혹은 회사 더 나아가 나라에 귀속될 수 있습니다.\n\n 다만, 코로나 시대인 요즘 전 세계적인 재앙인 코로나를 물리칠 수 있는 백신에 대한 지적재산권을 자유롭게 풀어야한다는 의견이 계속해서 나오고 있습니다. \n\n 지적 재산권이 있는 제약회사가 있는 나라의 경우 백신이 충분하며 백신을 맞는 것이 선택의 문제인 반면, 그렇지 못한 나라는 백신을 맞고 싶어도 맞지 못하는 사람들이 많고 항체가 없어 사망하는 경우도 비교적 많이 때문입니다.\n\n 전 세계의 문제를 해결하기 위해 수 많은 돈을 들여 개발한 백신의 지적재산권을 공유하는 것이 의무화 되어야 할까요? 아니면 회사의 선택에 맡겨야할까요? 보상은 어떻게 해야할까요? \n\n 전 세계에 무상으로 공개 해야 한다는 의견이 있을 수도 있고 무상으로 공개한 회사의 경우 팬더믹 상황이 종결 된 후 따로 보상을 해주어야 한다는 의견도 있을 겁니다. 지적재산권의 변하지 않는 신뢰를 위해서라도 무상 공개는 절대 있어서는 안된다는 의견도 있을 것입니다.\n\n 지금까지도 펜더믹 상황에서 코로나19 백신에 대한 특허권을 보장해야 하느냐 풀어야 하느냐 의견이 분분합니다. 이에 대한 자신의 주장을 작성해주세요. 또한, 그렇게 생각한 이유도 설명해주세요.",
    "essay_type": "주장",
    "essay_level": "1",
    "essay_len": 926,
    "essay_main_subject": "지적 재산권에 대한 본인의 생각 작성"
  }
}