{
  "paragraph": [
    {
      "paragraph_txt": "현재 입시에 중요한 영향력을 가진 수학능력시험은 교육평가의 정의를 제대로 실현하지 않는다.#@문장구분# 그 이유로는 가치의 판단 부분에서의 오류이다.#@문장구분# 요즘 시대가 변하면서 단순한 암기보다는 더욱 새롭고 획기적인 시도 등 창의적인 발상들이 더욱 장점으로 부각되고있는 상황에서 아직 수능은 이러한 내용들을 평가하기에 부족함이 많이 있다.#@문장구분# 이에 대한 내용을 자세히 서술하자면 수능의 현재 평가 방식은 단지 교과서에있는 8과목정도 평가하는데 이것들을 공부하는데 창의력이 그다지 필요하지 않다.#@문장구분# 대부분은 암기이며 조금 노력하는 부분도 결국에는 반복학습을 해야한다.#@문장구분# 이는 한국 고등학생들의 고정된 학습 루틴과 암기로 이어지게 되었고 젊은 학생들이 과목에 내용에 흥미를 가지고 재미있게 학습하기에는 어려운 조건들이 마련되게 되었다.#@문장구분#  수능이라는 평가 때문에 지금 필요한 가치가 아닌 구시대적인 가치를 더욱 키우고 그것을 평가하게 된 것은 수능이 교육평가의 정의를 제대로 실현하고 있다.라고 생각하지 않는 가장 큰 이유이다.#@문장구분# 그리하여도 수능을 완전히 잘못된 평가라고 할 수는 없다.#@문장구분# 수능의 가장 큰 장점은 목표달성도 확인이다.#@문장구분# 수능의 영향으로 같은 부분이나 과목들을 끊임없이 반복하여 커다란 실수없고 그내용을 거의 외울정도로 열심히 하게되는것은 수능의 장점이다.#@문장구분#  물론 이 부분에서 주입식 교육의 단점이 더욱 부각이 되기는 하지만 그래도 수능이 목표당설도 확인이라는 역할 잘 수행하는것은 사실이다.#@문장구분# 이런 내용들을 보았을 때 과거에는 수능이 좋았거나 혹은 무난했을지 언정 현재 우리가 학생들이 가지기 바라는 가치들을 판단하는것에는 부족한 부분이 많다.#@문장구분# 그러므로 수능을 조금씩 개정하고 학생들에게 가지는 부담을 좀 줄이면서 창의력을 평가할수있는 항목들을 늘려 나간다면 우리나라의 인재들을 더욱 더 창의적이고 획기적인 발상을 할 수 있는  인재로 발달될 것이다#@문장구분#",
      "paragraph_len": 1171,
      "paragraph_id": "001"
    }
  ],
  "score": {
    "paragraph_score": [
      {
        "paragraph_scoreT": [
          2.8,
          2.8,
          2
        ],
        "paragraph_scoreT_detail": {
          "paragraph_scoreT_exp": [
            [
              2,
              3,
              3
            ],
            [
              2,
              3,
              3
            ],
            [
              2,
              2,
              2
            ]
          ]
        },
        "paragraph_scoreT_avg": 2.5333333,
        "paragraph_id": "001"
      }
    ],
    "essay_scoreT": [
      29.4,
      29.4,
      18.4
    ],
    "essay_scoreT_avg": 25.733332,
    "essay_scoreT_detail": {
      "essay_scoreT_org": [
        [
          3,
          0,
          3,
          3
        ],
        [
          3,
          0,
          3,
          3
        ],
        [
          2,
          0,
          2,
          2
        ]
      ],
      "essay_scoreT_cont": [
        [
          3,
          3,
          3,
          3
        ],
        [
          3,
          3,
          3,
          3
        ],
        [
          1,
          2,
          1,
          2
        ]
      ],
      "essay_scoreT_exp": [
        [
          2,
          3,
          3
        ],
        [
          2,
          3,
          3
        ],
        [
          2,
          2,
          2
        ]
      ]
    }
  },
  "student": {
    "date": "2021.09.07",
    "student_educated": true,
    "student_grade": "고등_1학년",
    "location": "051",
    "student_grade_group": "고등",
    "student_reading": 2
  },
  "rubric": {
    "essay_grade": "고등_1학년",
    "organization_weight": {
      "org_paragraph": 0,
      "org": 3,
      "org_essay": 6,
      "org_coherence": 3,
      "org_quantity": 1
    },
    "essay_type": "주장",
    "content_weight": {
      "con_clearance": 3,
      "con_novelty": 3,
      "con": 4,
      "con_prompt": 1,
      "con_description": 3
    },
    "essay_main_subject": "평가에 대한 본인의 의견",
    "expression_weight": {
      "exp_style": 4,
      "exp_grammar": 2,
      "exp_vocab": 4,
      "exp": 3
    }
  },
  "correction": [],
  "info": {
    "essay_id": "ESSAY_34863",
    "essay_prompt": " 평가는 일반적으로 평가대상의 장점과 가치를 결정하는 과정을 말합니다.\n\n 세상에는 무수히 많은 평가 방법들이 존재하고 그 주제도 다양합니다.\n\n 우리나라의 경우는 어떨까요? 중간, 기말시험이 있고 미술과 같은 기본기와 창의성을 평가하는 과목도 있습니다. 체육과 같은 신체적인 능력을 평가하는 과목도 있지요. 모두 적절한 기준이 있으며 매우 객관적인 기준이라고 말합니다.\n\n 하지만 여러분이 생각하기에 모든 학생을 동일한 평가지표에 맞추어 평가하는 것이 올바른 방식이라고 생각하나요?\n\n 사람마다 특성이 존재하듯 각각의 목표 또한 다르고 성과도 다를 수 있습니다. 특정 기준에 의존해 본인의 성과도를 평가하는 것이 바르다고 생각되나요?\n\n 현재의 평가 방식은 최고의 객관적인 평가 방식이라고 생각하신다면 그 이유를 작성해주세요. 아니라면 어떤 평가 기준이 추가되어야 하고 또한 어떤 생각으로 평가가 이루어졌으면 좋겠는지 서술해 주세요.",
    "essay_type": "주장",
    "essay_level": "2",
    "essay_len": 911,
    "essay_main_subject": "평가에 대한 본인의 의견"
  }
}