{
  "paragraph": [
    {
      "paragraph_txt": "미국은 흑인 노예제도가 있었던 나라이다.#@문장구분# 물론 흑인 노예제도는 폐지되었지만, 흑인 노예제도가 폐지된 후에도 지금까지 몇 십년 동안 흑인들은 차별을 받으며 살아왔다.#@문장구분# 이러한 이유로 흑인 관련 인종 차별 논란이 터지면 미국 사회에서는 민감하게 받아들여서 뉴스에도 나오는 경우도 종종 있다.#@문장구분# 예를 들어 작년 미국 백인 경찰관이 흑인을 총을 쏘는 과잉 진압 사건이 벌어져 그 흑인 체포자가 숨지는 사건이 일어났다.#@문장구분# 그로 인해 미국 전역의 시민들뿐만 아니라 미국의 스포츠 선수들, 가수 등 여러 유명 인사들도 참가하고, 대규모 시위를 벌이는 Black Lives Matter 운동이 일어났다.#@문장구분# 그 이후로 백인 경찰이 흑인을 과잉 진압하는 사례가 일어났을 때마다 시위 참가자들은 더 큰 목소리를 냈고, 미국 프로 농구 리그 NBA에서는 선수들이 단체로 보이콧을 하여 경기를 하지 않는 사례도 있었고, 그 운동은 현재까지도 미국 사회에 큰 영향을 미치고 있다.#@문장구분# 하지만 그에 반해 Black Lives Matter 운동이 일어나는 시기가 코로나 바이러스가 일어나고 난 후 시기였고, 코로나 바이러스가 중국에서 시작되었다는 이유로 동양인들 전체에 반감을 가지고 미국뿐만 아니라 호주나 유럽 등에서 동양인들에게 인종차별적 발언을 하거나 손 소독제를 뿌리기도 했다.#@문장구분# 심지어 심한 경우에는 지나가는 행인을 그저 동양인이라는 이유로 무자비하게 폭행하는 경우도 있었다.#@문장구분# 처음 쓴 글처럼 미국에서는 흑인에 대한 인종차별이 있을 경우 여러 뉴스 채널에서 끈임없이 보도하고 다른 방송에서도 이야기를 나누거나 한다.#@문장구분# 그러나 이러한 동양인 인종 차별에 대해서는 크게 주목하지 않고, 오히려 더욱 욕하는 경우도 있다.#@문장구분# 하지만 동양인들에 대한 인종 차벼은 코로나 바이러스 때문에 생긴 것이 아니다.#@문장구분# 코로나 바이러스가 일어나기 전부터 미국뿐만 아니라 다른 나라들에서 동양인들에 대한 차별이 있었다.#@문장구분# 예로 여러 전 세계적으로 큰 스포츠 리그에서도 동양인 선수들에게 불리한 판정 등을 내리고 관객들이 인종차별적 발언을 하는 동양인들에 대한 차별이 있었고, 그런 경험을 겪은 적이 있다고 말한 동양인 선수들도 많이 있었다.#@문장구분# 물론 동양인이라는 이유로 차별적인 시선으로 보지 않고 오히려 감싸는 사람들도 있다.#@문장구분# 하지만 동양인을 차별적인 시선으로 보는 사람들이 더 많다.#@문장구분# 그리고 그러한 사람들을 감싸고, 동양인 차별에 대해 묵인하는 사회 또한 우리가 바꾸어야 할 심각한 문제이다.#@문장구분# 그렇기 때문에 우리 스스로가 동양인 차별에 가만히 있지 말고 막아야 하고, 또 흑인이든지, 백인이든지, 동양인이든지, 전 세계에 사는 사람들은 모두 태어나면서부터 인권을 가지고 태어나는 매우 가치있고, 소중한 사람이다.#@문장구분# 그렇기 때문에 우리 모두는 인종에 상관없이 모두 같은 눈으로 보고, 함께 도우며 살아가려는 태도를 가지고 살아가야 한다.#@문장구분#",
      "paragraph_len": 1743,
      "paragraph_id": "001"
    }
  ],
  "score": {
    "paragraph_score": [
      {
        "paragraph_scoreT": [
          3,
          3,
          2.6
        ],
        "paragraph_scoreT_detail": {
          "paragraph_scoreT_exp": [
            [
              3,
              3,
              3
            ],
            [
              3,
              3,
              3
            ],
            [
              3,
              2,
              3
            ]
          ]
        },
        "paragraph_scoreT_avg": 2.8666668,
        "paragraph_id": "001"
      }
    ],
    "essay_scoreT": [
      30,
      28.8,
      27.599998
    ],
    "essay_scoreT_avg": 28.799997,
    "essay_scoreT_detail": {
      "essay_scoreT_org": [
        [
          3,
          3,
          3,
          3
        ],
        [
          3,
          3,
          3,
          3
        ],
        [
          3,
          3,
          3,
          3
        ]
      ],
      "essay_scoreT_cont": [
        [
          3,
          3,
          3,
          3
        ],
        [
          3,
          2,
          3,
          3
        ],
        [
          3,
          3,
          3,
          2
        ]
      ],
      "essay_scoreT_exp": [
        [
          3,
          3,
          3
        ],
        [
          3,
          3,
          3
        ],
        [
          3,
          2,
          3
        ]
      ]
    }
  },
  "student": {
    "date": "2021.10.24",
    "student_educated": true,
    "student_grade": "고등_2학년",
    "location": "063",
    "student_grade_group": "고등",
    "student_reading": 2
  },
  "rubric": {
    "essay_grade": "고등_2학년",
    "organization_weight": {
      "org_paragraph": 3,
      "org": 3,
      "org_essay": 3,
      "org_coherence": 3,
      "org_quantity": 1
    },
    "essay_type": "주장",
    "content_weight": {
      "con_clearance": 3,
      "con_novelty": 3,
      "con": 4,
      "con_prompt": 1,
      "con_description": 3
    },
    "essay_main_subject": "인종차별에 대한 본인의 생각",
    "expression_weight": {
      "exp_style": 4,
      "exp_grammar": 2,
      "exp_vocab": 4,
      "exp": 3
    }
  },
  "correction": [],
  "info": {
    "essay_id": "ESSAY_44532",
    "essay_prompt": " 최근 중국발 코로나바이러스로 인해 동양인에 대한 혐오감을 나타내는 서양인들이 늘어나고 있습니다. 그로 인해, 매스컴이나 SNS에서 인종차별을 받아 힘들어하는 동양인들을 자주 목격할 수 있습니다.\n\n 하지만, 최근에만 인종차별이 존재했을까요? 아닙니다. 아주 오래전부터 다른 인종에 대한 차별은 있었습니다.\n\n 우리나라에서는 인종차별을 안 하고 있을까요? 아닙니다. 우리나라에서도 알게 모르게 많은 부분에서 다른 국가의 사람들에 대해 인종차별을 하고 있으며 누군가에게 상처를 주고 있습니다.\n\n 즉, 인종차별은 누군가의 문제가 아니라 우리 모두의 문제입니다.\n\n 여러분들은 인종차별을 당해보신 적 있나요? 인종차별을 하는 사람들에 대해 어떻게 생각하시나요? 왜 생겨났다고 생각하나요? 인종차별을 근절하기 위해서는 어떻게 해야 할까요? 인종차별을 하는 사람들에 대해 전 세계적으로 처벌의 강도를 높여야 할까요?\n\n 인종차별을 하는 사람들에 대한 본인의 생각을 작성하고 인종차별은 해결할 수 있는 문제일지 아니면 해결하지 어려운 문제일지 작성해주세요. 또한, 그렇게 생각한 이유와 본인이 생각한 해결방법 혹은 해결할 수 없다면 왜 해결할 수 없다고 생각하는지 작성해주세요.",
    "essay_type": "주장",
    "essay_level": "1",
    "essay_len": 1384,
    "essay_main_subject": "인종차별에 대한 본인의 생각"
  }
}