{
  "paragraph": [
    {
      "paragraph_txt": "사람을 평가하는것은 어떻게보면 참 좋지만 또 다르게 보면 나쁘다.#@문장구분# 자칫 잘못 평가하게 되면 큰 싸움이나 갈등으로 번질수도 있기 때문이다.#@문장구분# 성적같은 평가도 사실 나는 하지 않았음 좋겠다.#@문장구분# 왜냐하면 성적에 집중하기 때문에 다른 것에 집중하지 못하고 그 평가 결과에 따라 모든것이 결정되기 때문에 평가가 좋지 않으면 원하는것을 이루지 못할수 있기 때문에 평가는 없어졌으면 좋겠다.#@문장구분# 그리고 요즘은 사람 외모 성격 같은 인격외모 평가로 인해 유명연예인을 비롯한 일반인 중 고등학생이 자살로 죽는 경우도 많다.#@문장구분# 이러한 경우가 다 잘못된 평가로 인해 발생한 것이다.#@문장구분# 그래서 나는 모든 평가제가 나쁘다는게 아니라 평가도 객관적인 수치로 객관적이게 해야 한다는 것이다.#@문장구분# 물론 외적인 부분에선 어떠한 평가도 있어선 안된다.#@문장구분# 그리고 평가는 아무나 할수 있지만 그 평가로 인해 다른 사람들이 피해를 보는 경우도 있다.#@문장구분# 예를들어 음식점 별점 평가제 같은 경우도 그 대표적인 예이다.#@문장구분# 누구는 그 음식이 입에 맞을수도 있지만 또 다른 누군가는 그 음식이 맞지 않을수 있다.#@문장구분# 그런데 그걸 별점 평가로 하면 좋은 점수가 있는 반면 나쁜 평가도 있을 것이다.#@문장구분# 이 평가는 지극히 주관적이다.#@문장구분# 그래서 악의를 가지고 나쁜 평가를 하면 그 업소는 타격을 입을 수도 있다#@문장구분# 그래서 평가는 객관적인 수치를 가지고 평가해야 하고 함부로 하지 않아야 한다.#@문장구분# 마지막으로 평가는 신중하고 남을 생각해서 객관적이고 세밀한 수치로 평가해야 한다.#@문장구분# 그래서 다른 사람이 피해를 보는 일이 없게 해야 하고, 그로인해 다른 상대방이 상처를 받거나 심리적으로 고통받는 일도 없어야 한다.#@문장구분# 내가 제시한 방안들이 잘 적용되어 상처받는 사람들이 없는 세상이 왔으면 좋겠다.#@문장구분#",
      "paragraph_len": 1201,
      "paragraph_id": "001"
    }
  ],
  "score": {
    "paragraph_score": [
      {
        "paragraph_scoreT": [
          2.6,
          3,
          2.6
        ],
        "paragraph_scoreT_detail": {
          "paragraph_scoreT_exp": [
            [
              3,
              3,
              2
            ],
            [
              3,
              3,
              3
            ],
            [
              3,
              2,
              3
            ]
          ]
        },
        "paragraph_scoreT_avg": 2.7333333,
        "paragraph_id": "001"
      }
    ],
    "essay_scoreT": [
      25.4,
      24.5,
      24.9
    ],
    "essay_scoreT_avg": 24.933334,
    "essay_scoreT_detail": {
      "essay_scoreT_org": [
        [
          2,
          0,
          3,
          3
        ],
        [
          2,
          0,
          2,
          3
        ],
        [
          2,
          0,
          2,
          3
        ]
      ],
      "essay_scoreT_cont": [
        [
          3,
          2,
          2,
          3
        ],
        [
          2,
          2,
          2,
          3
        ],
        [
          3,
          2,
          3,
          3
        ]
      ],
      "essay_scoreT_exp": [
        [
          3,
          3,
          2
        ],
        [
          3,
          3,
          3
        ],
        [
          3,
          2,
          3
        ]
      ]
    }
  },
  "student": {
    "date": "2021.11.26",
    "student_educated": true,
    "student_grade": "고등_1학년",
    "location": "041",
    "student_grade_group": "고등",
    "student_reading": 1
  },
  "rubric": {
    "essay_grade": "고등_1학년",
    "organization_weight": {
      "org_paragraph": 0,
      "org": 3,
      "org_essay": 6,
      "org_coherence": 3,
      "org_quantity": 1
    },
    "essay_type": "주장",
    "content_weight": {
      "con_clearance": 3,
      "con_novelty": 3,
      "con": 4,
      "con_prompt": 1,
      "con_description": 3
    },
    "essay_main_subject": "평가에 대한 본인의 의견",
    "expression_weight": {
      "exp_style": 4,
      "exp_grammar": 2,
      "exp_vocab": 4,
      "exp": 3
    }
  },
  "correction": [],
  "info": {
    "essay_id": "ESSAY_52376",
    "essay_prompt": " 평가는 일반적으로 평가대상의 장점과 가치를 결정하는 과정을 말합니다.\n\n 세상에는 무수히 많은 평가 방법들이 존재하고 그 주제도 다양합니다.\n\n 우리나라의 경우는 어떨까요? 중간, 기말시험이 있고 미술과 같은 기본기와 창의성을 평가하는 과목도 있습니다. 체육과 같은 신체적인 능력을 평가하는 과목도 있지요. 모두 적절한 기준이 있으며 매우 객관적인 기준이라고 말합니다.\n\n 하지만 여러분이 생각하기에 모든 학생을 동일한 평가지표에 맞추어 평가하는 것이 올바른 방식이라고 생각하나요?\n\n 사람마다 특성이 존재하듯 각각의 목표 또한 다르고 성과도 다를 수 있습니다. 특정 기준에 의존해 본인의 성과도를 평가하는 것이 바르다고 생각되나요?\n\n 현재의 평가 방식은 최고의 객관적인 평가 방식이라고 생각하신다면 그 이유를 작성해주세요. 아니라면 어떤 평가 기준이 추가되어야 하고 또한 어떤 생각으로 평가가 이루어졌으면 좋겠는지 서술해 주세요.",
    "essay_type": "주장",
    "essay_level": "2",
    "essay_len": 841,
    "essay_main_subject": "평가에 대한 본인의 의견"
  }
}