{
  "paragraph": [
    {
      "paragraph_txt": "대학수학능력시험, 즉 수능이란 대학에 진학할 수 있는 능력을 시험하는 제도이다.#@문장구분# 최근 수능과 관련해 이 제도가 과연 교육평가의 정의를 제대로 실현하고 있는가에 대한 갑론을박이 펼쳐지고 있다.#@문장구분# 우선하여 나는 이에 어느 정도는 실현되고 있다고 생각하지만, 또 한 편으로는 실현되고 있지 않다고 생각한다.#@문장구분# 영어 영역이나 국어 영역은 고난도의 지문을 주워주고 이를 얼마나 빨리, 정확하게 읽어내느냐가 관건이다.#@문장구분# 대학에서는 이보다 훨씬 더 강도 높은 논문들을 써 내려가고 읽어내야 하기에 이를 읽는 것을 시험한다는 것에 이의는 없지만 이를 평가하는 시간이 너무 짧다고 생각한다.#@문장구분# 우리는 글을 정확하고 제대로 이해하는 사람을 육성해야 하는데 수험생들을 보면 오로지 '시간을 단축하기 위한' 공부를 주로 하는 것을 볼 수 있다.#@문장구분# 글을 빨리 읽는 것은 속독의 영역이다.#@문장구분# 우리가 학교에서 속독을 배웠는가?#@문장구분# 또 현 교육과정이 지향하는 바가 그런 것인가?#@문장구분# 나는 초등학교 1학년 때부터 지금까지 학교 교육에서 속독의 속도 들어보지 못하였다.#@문장구분# 그런데 글을 빨리 읽는 것을 시험하는 시험이라니.#@문장구분# 정말 말도 안 된다고 생각한다.#@문장구분# 아무리 똑똑한 사람이더라도 글을 읽는 속도는 제각각이건만, 나는 이러한 점은 개선이 필요하다고 생각한다.#@문장구분# 또, 수리나 탐구 영역에서도 어느 정도의 개선이 필요하다고 생각한다.#@문장구분# 수험생들 혹은 흔히 말하는 가장 유명한 1타 강사들이 수업을 들으면 문제의 유형을 어느 정도 외우라는 말을 많이 한다.#@문장구분# 물론 그렇지 않은 학생들도, 선생님들도 있겠지만 수능에서의 수리나 탐구 영역은 아주 짧은 시간을 제공하고 고난도의 문제를 풀라고 한다.#@문장구분# 하지만, 최근에는 수능이 도입된 지 꽤 시간이 지나 이러한 고난도의 문제 유형들이 반복돼서 나오는 일명 '고인 문제'들의 출제 비중이 높아지고 있다.#@문장구분# 수리는 어려운 문제를 혼자 많은 시간을 투자해 고민해보고, 그걸 풀어내는 과목인데 이를 외우게 되면 학생들의 사고력이나 창의력이 제대로 발현되지 못하게 된다.#@문장구분# 수리 영역도 수리 영역이지만 탐구 영역은 더욱 심각하다.#@문장구분# 수능 탐구에 내는 문제 및 개념들이 실제 학문에서 배우는 내용과 너무 다른 오개념을 많이 가르친다는 지적이다.#@문장구분# 물론 고등학생들이 전공 서적들의 내용을 잘 이해하기에는 어렵겠지만 그렇다고 해서 증명 등의 내용을 다수 배제하고 오개념을 넣는다는 것은 말도 안 된다고 생각한다.#@문장구분# 그리고 탐구 영역에서도 수리 영역과 같이 시간의 문제가 크다고 생각하는데 30분에 20문제.#@문장구분# 학생들이 충분히 고민하고 풀기에는 턱없이 부족한 시간이다.#@문장구분# 실제로 수능 만점을 맞은 학생들도 탐구 영역에서는 시간이 너무 부족해 다 풀지 못하고 아무 번호나 골라 표시해서 냈다는 학생이 많다.#@문장구분# 혹은 이를 보완하기 위해 다수의 유형과 개념들을 완전히 암기해버렸다는 학생들이 많다.#@문장구분# 나는 묻고 싶다.#@문장구분# 흔히 말하는 '찍신(특정하지 않은 번호를 골라 맞추는 학생)'이나 '암기로봇을 육성하는 것이 현 교육부의 취지인가?#@문장구분# 또 이러한 시험을 통해 정말 학생들의 진가와 가치를 발견할 수 있는지 묻고 싶다.#@문장구분#",
      "paragraph_len": 2048,
      "paragraph_id": "001"
    }
  ],
  "score": {
    "paragraph_score": [
      {
        "paragraph_scoreT": [
          3,
          2.6,
          1.6
        ],
        "paragraph_scoreT_detail": {
          "paragraph_scoreT_exp": [
            [
              3,
              3,
              3
            ],
            [
              3,
              3,
              2
            ],
            [
              2,
              1,
              2
            ]
          ]
        },
        "paragraph_scoreT_avg": 2.3999999,
        "paragraph_id": "001"
      }
    ],
    "essay_scoreT": [
      30,
      25.4,
      22.4
    ],
    "essay_scoreT_avg": 25.933334,
    "essay_scoreT_detail": {
      "essay_scoreT_org": [
        [
          3,
          0,
          3,
          3
        ],
        [
          2,
          0,
          3,
          3
        ],
        [
          2,
          0,
          3,
          3
        ]
      ],
      "essay_scoreT_cont": [
        [
          3,
          3,
          3,
          3
        ],
        [
          3,
          2,
          2,
          3
        ],
        [
          3,
          2,
          2,
          3
        ]
      ],
      "essay_scoreT_exp": [
        [
          3,
          3,
          3
        ],
        [
          3,
          3,
          2
        ],
        [
          2,
          1,
          2
        ]
      ]
    }
  },
  "student": {
    "date": "2021.09.06",
    "student_educated": true,
    "student_grade": "고등_1학년",
    "location": "051",
    "student_grade_group": "고등",
    "student_reading": 1
  },
  "rubric": {
    "essay_grade": "고등_1학년",
    "organization_weight": {
      "org_paragraph": 0,
      "org": 3,
      "org_essay": 6,
      "org_coherence": 3,
      "org_quantity": 1
    },
    "essay_type": "주장",
    "content_weight": {
      "con_clearance": 3,
      "con_novelty": 3,
      "con": 4,
      "con_prompt": 1,
      "con_description": 3
    },
    "essay_main_subject": "평가에 대한 본인의 의견",
    "expression_weight": {
      "exp_style": 4,
      "exp_grammar": 2,
      "exp_vocab": 4,
      "exp": 3
    }
  },
  "correction": [],
  "info": {
    "essay_id": "ESSAY_34373",
    "essay_prompt": " 평가는 일반적으로 평가대상의 장점과 가치를 결정하는 과정을 말합니다.\n\n 세상에는 무수히 많은 평가 방법들이 존재하고 그 주제도 다양합니다.\n\n 우리나라의 경우는 어떨까요? 중간, 기말시험이 있고 미술과 같은 기본기와 창의성을 평가하는 과목도 있습니다. 체육과 같은 신체적인 능력을 평가하는 과목도 있지요. 모두 적절한 기준이 있으며 매우 객관적인 기준이라고 말합니다.\n\n 하지만 여러분이 생각하기에 모든 학생을 동일한 평가지표에 맞추어 평가하는 것이 올바른 방식이라고 생각하나요?\n\n 사람마다 특성이 존재하듯 각각의 목표 또한 다르고 성과도 다를 수 있습니다. 특정 기준에 의존해 본인의 성과도를 평가하는 것이 바르다고 생각되나요?\n\n 현재의 평가 방식은 최고의 객관적인 평가 방식이라고 생각하신다면 그 이유를 작성해주세요. 아니라면 어떤 평가 기준이 추가되어야 하고 또한 어떤 생각으로 평가가 이루어졌으면 좋겠는지 서술해 주세요.",
    "essay_type": "주장",
    "essay_level": "2",
    "essay_len": 1490,
    "essay_main_subject": "평가에 대한 본인의 의견"
  }
}