{
  "paragraph": [
    {
      "paragraph_txt": "제시문을 읽고 평가라는 단어를 생각하니 딱 시험이 제일 먼저 떠올랐다.#@문장구분# 시험에 의한 평가는 그 대상의 장점과 가치를 두고 사람들을 등급에 맞게 나누는 것이라고 생각한다.#@문장구분# 평가에는 객관적인 평가 그리고 주관적인 평가가 있을 것이다.#@문장구분# 어느 것으로 단정지어 옳다고 말할 수 있는 것은 아니라고 생각된다.#@문장구분# 상황에 따라 과목이나 능력에 따라서 객관적인 평가가 필요할 수 도 있고 주관적인 평가가 필요한 경우가 있을 것이라고 생각한다.#@문장구분# 예를 들어 수학에는 계산적인 부분 그리고 답이 맞아 떨어지게 되어 객관적인 평가가 맞다고 생각할 수 있지만 난 그렇게 생각하지 않는다.#@문장구분# 수학에도 창의적이고 논리적인 부분이 반드시 필요하다고 생각된다.#@문장구분# 단순하게 나눠떨어지는 답이 있는 식이있지만 생각을 요하고 창의적인 생각을 요하는 문제들도 상당수다.#@문장구분# 그리고 객관식으로 나오는 문제들이 많은데 그렇게 평가하게 된다면 단순히 찍어서 문제를 푸는 법도 있게 되니 정말 객관적인 평가라고 보기 힘들 거 같다.#@문장구분# 서술형 풀이로 인해 답이 틀리더라고 문제를 푸는 과정에서 맞았을 수도 있고 그로 인해 평가 받으면서 자신의 부족한 점도 더할 수 있을거라고 생각된다.#@문장구분# 하지만 또 예체능계 쪽인 미술이나 음악쪽 관련에 대해서는 객관적인 평가가 어려울 것 같다.#@문장구분# 이에 대한 평가표는 있겠지만 듣는 이의 관점에 따라 달라지는 주관적인 평가가 분명히 다르다고 생각한다.#@문장구분# 하지만 주관적인 부분에 대해서는 말 그대로 나의 입장 느낌이 다르기 때문에 무언가를 평가하기에는 그래도 객관적인 부분이 조금은 더 신빙성이 있지 않을까 싶다.#@문장구분# 주관적인 생각을 가지고 폭넓게 평가할 수 있지만 객관성을 평가하기에는 절대평가가 어렵다라고 생각된다.#@문장구분# 정해진 근거에 합당한지 그거에 미치는 기준점을 가지고 평가를 하는게 조금은 더 정확성이 맞다라고 생각된다.#@문장구분# 평가라는 부분에 있어서 주관적 평가를 하기 위한 객관성이 가장 중요하고 그러한 방법으로 평가를 해야하는 경우가 많아져야 한다고 생각한다.#@문장구분#",
      "paragraph_len": 1286,
      "paragraph_id": "001"
    }
  ],
  "score": {
    "paragraph_score": [
      {
        "paragraph_scoreT": [
          3,
          3,
          3
        ],
        "paragraph_scoreT_detail": {
          "paragraph_scoreT_exp": [
            [
              3,
              3,
              3
            ],
            [
              3,
              3,
              3
            ],
            [
              3,
              3,
              3
            ]
          ]
        },
        "paragraph_scoreT_avg": 3,
        "paragraph_id": "001"
      }
    ],
    "essay_scoreT": [
      27.6,
      27.6,
      30
    ],
    "essay_scoreT_avg": 28.4,
    "essay_scoreT_detail": {
      "essay_scoreT_org": [
        [
          3,
          0,
          3,
          3
        ],
        [
          3,
          0,
          3,
          3
        ],
        [
          3,
          0,
          3,
          3
        ]
      ],
      "essay_scoreT_cont": [
        [
          3,
          2,
          3,
          2
        ],
        [
          2,
          2,
          3,
          3
        ],
        [
          3,
          3,
          3,
          3
        ]
      ],
      "essay_scoreT_exp": [
        [
          3,
          3,
          3
        ],
        [
          3,
          3,
          3
        ],
        [
          3,
          3,
          3
        ]
      ]
    }
  },
  "student": {
    "date": "2021.12.20",
    "student_educated": true,
    "student_grade": "고등_1학년",
    "location": "063",
    "student_grade_group": "고등",
    "student_reading": 1
  },
  "rubric": {
    "essay_grade": "고등_1학년",
    "organization_weight": {
      "org_paragraph": 0,
      "org": 3,
      "org_essay": 6,
      "org_coherence": 3,
      "org_quantity": 1
    },
    "essay_type": "주장",
    "content_weight": {
      "con_clearance": 3,
      "con_novelty": 3,
      "con": 4,
      "con_prompt": 1,
      "con_description": 3
    },
    "essay_main_subject": "평가에 대한 본인의 의견",
    "expression_weight": {
      "exp_style": 4,
      "exp_grammar": 2,
      "exp_vocab": 4,
      "exp": 3
    }
  },
  "correction": [],
  "info": {
    "essay_id": "ESSAY_71865",
    "essay_prompt": " 평가는 일반적으로 평가대상의 장점과 가치를 결정하는 과정을 말합니다.\n\n 세상에는 무수히 많은 평가 방법들이 존재하고 그 주제도 다양합니다.\n\n 우리나라의 경우는 어떨까요? 중간, 기말시험이 있고 미술과 같은 기본기와 창의성을 평가하는 과목도 있습니다. 체육과 같은 신체적인 능력을 평가하는 과목도 있지요. 모두 적절한 기준이 있으며 매우 객관적인 기준이라고 말합니다.\n\n 하지만 여러분이 생각하기에 모든 학생을 동일한 평가지표에 맞추어 평가하는 것이 올바른 방식이라고 생각하나요?\n\n 사람마다 특성이 존재하듯 각각의 목표 또한 다르고 성과도 다를 수 있습니다. 특정 기준에 의존해 본인의 성과도를 평가하는 것이 바르다고 생각되나요?\n\n 현재의 평가 방식은 최고의 객관적인 평가 방식이라고 생각하신다면 그 이유를 작성해주세요. 아니라면 어떤 평가 기준이 추가되어야 하고 또한 어떤 생각으로 평가가 이루어졌으면 좋겠는지 서술해 주세요.",
    "essay_type": "주장",
    "essay_level": "2",
    "essay_len": 966,
    "essay_main_subject": "평가에 대한 본인의 의견"
  }
}