{
  "paragraph": [
    {
      "paragraph_txt": "저는 BTS 방탄소년단 한국인이라는게 정말 자랑스럽습니다. #@문장구분#그들은 말합니다.#@문장구분# \"우리는 인종차별에 반대합니다. 우리는 폭력에 반대합니다 나, 당신, 우리 모두는 존중받을 권리가 있습니다. 함께 하겠습니다.\" 방탄소년단이 인종차별 폭력에 대해서 반대를 했습니다.#@문장구분# 방탄소년단도 아시아인이라는 이유로 욕을 먹었었다고 합니다. #@문장구분#방탄소년단의 공식 트위터 계정을 통해 인종 차별 반대 성명문을 게재했었습니다. #@문장구분#이 성명문에서 방탄소년단은 \"사랑하는 가족을 잃은 분들께 위로의 말씀을 전해드리고 이 사건에 대해 우리는 진심으로 분노하고 있고 매우 슬픈 날을 보내고 있다\"라고 말하면서 본인들이 겪었던 인종차별을 이야기했습니다.#@문장구분# \"우리는 아시아인이라는 이유로 차별을 당했습니다.#@문장구분# 우리가 같이 길을 걷다가 다른 사람들에게 갑자기 욕을 듣고, 외모 비하를 당했었고, 심지어 우리보고 아시아인인데 너네 왜 영어를 하느냐라는 비야냥도 들었다\"고 말했습니다. #@문장구분#이어서 \"우리가 겪었던 경험들은 지금 차별에 비하면 사소한 수준입니다. #@문장구분#우리는 그 때 겪었던 일들 때문에 자존감이 없어지고 한없이 작아졌습니다.#@문장구분# 인종이 달라 그들에게 증오와 폭력의 대상이 되는건 너무나 큰 고통일 것\"이라고 가슴아픈 이야기를 전했습니다. #@문장구분#마지막으로 방탄소년단은 \"지금 벌어지고 있는 일은 아시아인으로서의 정체성과 별개로 생각할 수 없는 중요한 문제입니다. #@문장구분#확실한 것은 우리 방탄소년단은 인종차별에 반대하고 폭력에 반대합니다! 나와 당신 우리는 모두 존중받을 권리가 있는 소중한 사람입니다. 함께 나아가겠습니다\" 라고 말샜습니다. #@문장구분#방탄소년단의 이런 말들은 우리 아시아인들에게는 매우 든든한 이야기가 됩니다.#@문장구분# 이 이야기가 나오게 된 이유는 16일날 애틀란타에서 한인이 운영하던 스파에 연쇄 총격 사건이 발생했었습니다. #@문장구분#이후 LA한인타운에서 아시아인 증오범죄 근절을 촉구하는 대규모 집회가 열렸다고 합니다. #@문장구분#어려운 주제 중 하나인 인종차별에 대해서 소신발언을 해줘서 너무 감사하고 앞으로도 본인들이 가지고 있는 선한 영향력을 세계에 많이 보여주길 기대합니다.#@문장구분# 이런 선한 영향력을 가진 사람들이 한 발짝씩 더 나아가 준다면 사회는 변화되고 인종차별도 사라질 것이라고 생각합니다.#@문장구분#",
      "paragraph_len": 1434,
      "paragraph_id": "001"
    }
  ],
  "score": {
    "paragraph_score": [
      {
        "paragraph_scoreT": [
          2.8,
          2.8,
          2.8
        ],
        "paragraph_scoreT_detail": {
          "paragraph_scoreT_exp": [
            [
              2,
              3,
              3
            ],
            [
              2,
              3,
              3
            ],
            [
              2,
              3,
              3
            ]
          ]
        },
        "paragraph_scoreT_avg": 2.8,
        "paragraph_id": "001"
      }
    ],
    "essay_scoreT": [
      27,
      26,
      29.4
    ],
    "essay_scoreT_avg": 27.466667,
    "essay_scoreT_detail": {
      "essay_scoreT_org": [
        [
          3,
          3,
          3,
          3
        ],
        [
          3,
          2,
          2,
          3
        ],
        [
          3,
          3,
          3,
          3
        ]
      ],
      "essay_scoreT_cont": [
        [
          2,
          2,
          3,
          3
        ],
        [
          3,
          2,
          2,
          3
        ],
        [
          3,
          3,
          3,
          3
        ]
      ],
      "essay_scoreT_exp": [
        [
          2,
          3,
          3
        ],
        [
          2,
          3,
          3
        ],
        [
          2,
          3,
          3
        ]
      ]
    }
  },
  "student": {
    "date": "2021.11.29",
    "student_educated": true,
    "student_grade": "고등_2학년",
    "location": "063",
    "student_grade_group": "고등",
    "student_reading": 1
  },
  "rubric": {
    "essay_grade": "고등_2학년",
    "organization_weight": {
      "org_paragraph": 3,
      "org": 3,
      "org_essay": 3,
      "org_coherence": 3,
      "org_quantity": 1
    },
    "essay_type": "주장",
    "content_weight": {
      "con_clearance": 3,
      "con_novelty": 3,
      "con": 4,
      "con_prompt": 1,
      "con_description": 3
    },
    "essay_main_subject": "인종차별에 대한 본인의 생각",
    "expression_weight": {
      "exp_style": 4,
      "exp_grammar": 2,
      "exp_vocab": 4,
      "exp": 3
    }
  },
  "correction": [],
  "info": {
    "essay_id": "ESSAY_53109",
    "essay_prompt": " 최근 중국발 코로나바이러스로 인해 동양인에 대한 혐오감을 나타내는 서양인들이 늘어나고 있습니다. 그로 인해, 매스컴이나 SNS에서 인종차별을 받아 힘들어하는 동양인들을 자주 목격할 수 있습니다.\n\n 하지만, 최근에만 인종차별이 존재했을까요? 아닙니다. 아주 오래전부터 다른 인종에 대한 차별은 있었습니다.\n\n 우리나라에서는 인종차별을 안 하고 있을까요? 아닙니다. 우리나라에서도 알게 모르게 많은 부분에서 다른 국가의 사람들에 대해 인종차별을 하고 있으며 누군가에게 상처를 주고 있습니다.\n\n 즉, 인종차별은 누군가의 문제가 아니라 우리 모두의 문제입니다.\n\n 여러분들은 인종차별을 당해보신 적 있나요? 인종차별을 하는 사람들에 대해 어떻게 생각하시나요? 왜 생겨났다고 생각하나요? 인종차별을 근절하기 위해서는 어떻게 해야 할까요? 인종차별을 하는 사람들에 대해 전 세계적으로 처벌의 강도를 높여야 할까요?\n\n 인종차별을 하는 사람들에 대한 본인의 생각을 작성하고 인종차별은 해결할 수 있는 문제일지 아니면 해결하지 어려운 문제일지 작성해주세요. 또한, 그렇게 생각한 이유와 본인이 생각한 해결방법 혹은 해결할 수 없다면 왜 해결할 수 없다고 생각하는지 작성해주세요.",
    "essay_type": "주장",
    "essay_level": "1",
    "essay_len": 1076,
    "essay_main_subject": "인종차별에 대한 본인의 생각"
  }
}