{
  "paragraph": [
    {
      "paragraph_txt": "아시안 혐오가 최근 들어 심해진 이유는 무엇인가.#@문장구분# 아무래도 트럼프의 유산으로 봐야 하나.여러 원인이 복합적으로 작용했다. #@문장구분#트럼프 시대에 수면 위로 올라온 반이민 정서가 코로나로 인해 반중국, 반아시안 정서로 옮겨 붙은 거다. #@문장구분#알다시피 트럼피즘은 백인 우월주의에 기반하고 있다. #@문장구분#트럼피즘이 극심한 분열과 증오의 자양분을 제공했고, '코로나 바이러스=중국'이라는 프레임이 맞물리면서 증폭된 것이다. #@문장구분#여기에 소셜미디어 발달로 가짜뉴스나 편향된 생각이 급속도로 퍼진 것도 일조했다. #@문장구분#백인 우월주의자들은 그렇다쳐도 흑인들은 왜 아시안을 공격하나.#@문장구분# 흑인들 또한 인종주의의 피해자 아닌가.#@문장구분# 아시안을 혐오하는 이들을 보면 백인들은 트럼피즘 선동에 빠져 아시아계가 자신들의 자리를 빼앗아 갔다는 잘못된 인식을 갖고 있다. #@문장구분#그런데 코로나로 인해 가장 큰 피해를 입은 일부 흑인과 히스패닉계도 이러한 프레임에 동조하게 된 것이다.#@문장구분# 확실히 코로나는 미국 내 반중국 정서를 확대시켰다.#@문장구분# 아시안 혐오 범죄에서 항상 나타나는 \"중국으로 돌아가라!\" \"코로나바이러스를 퍼뜨리지 마라!\" 등의 표현이 그 방증이다. #@문장구분#다만 아시아계 인종을 외모, 언어만으로 구분하기 어렵다 보니 한인까지 자연스레 타깃이 됐다.#@문장구분#아시안 혐오 문제 해결을 위한 방안이 있을까. #@문장구분#미국 사회 전반에 퍼져 있는 사회, 정치, 인종 간 분열과 갈등을 줄여야 한다.#@문장구분# 스탠퍼드 동료이기도 한 프랜시스 후쿠야마 교수는 사회 통합을 위해 학교에선 영어만 사용하게 하고, 전 국민에 공통된 국가 서비스를 부여하는 국민신조(national creed)를 만들자고 했는데 개인적으로 동의하지 않는다.#@문장구분# 동화정책으로 회귀하기보다는 타인을 배려하고 존중하는 문화를 만들어가는 게 더 중요한 것 아닐까. 아시안의 경우 자신들의 권익 신장을 위한 재단 설립이나 프로그램에는 적극적이지만 흑인, 히스패닉계 등 상대적으로 뒤처진 소수민족과의 공생 노력은 미흡하다. #@문장구분#혐오 범죄는 특정 그룹에 대한 오해나 편견에서 비롯되는 만큼 공존에 대한 인식과 노력이 절실하다고 생각한다.#@문장구분#",
      "paragraph_len": 1359,
      "paragraph_id": "001"
    }
  ],
  "score": {
    "paragraph_score": [
      {
        "paragraph_scoreT": [
          3,
          3,
          2.2
        ],
        "paragraph_scoreT_detail": {
          "paragraph_scoreT_exp": [
            [
              3,
              3,
              3
            ],
            [
              3,
              3,
              3
            ],
            [
              3,
              2,
              2
            ]
          ]
        },
        "paragraph_scoreT_avg": 2.7333333,
        "paragraph_id": "001"
      }
    ],
    "essay_scoreT": [
      30,
      27.900002,
      25.5
    ],
    "essay_scoreT_avg": 27.800001,
    "essay_scoreT_detail": {
      "essay_scoreT_org": [
        [
          3,
          3,
          3,
          3
        ],
        [
          2,
          3,
          3,
          3
        ],
        [
          3,
          3,
          2,
          3
        ]
      ],
      "essay_scoreT_cont": [
        [
          3,
          3,
          3,
          3
        ],
        [
          3,
          2,
          3,
          3
        ],
        [
          3,
          2,
          3,
          3
        ]
      ],
      "essay_scoreT_exp": [
        [
          3,
          3,
          3
        ],
        [
          3,
          3,
          3
        ],
        [
          3,
          2,
          2
        ]
      ]
    }
  },
  "student": {
    "date": "2021.12.01",
    "student_educated": true,
    "student_grade": "고등_2학년",
    "location": "063",
    "student_grade_group": "고등",
    "student_reading": 1
  },
  "rubric": {
    "essay_grade": "고등_2학년",
    "organization_weight": {
      "org_paragraph": 3,
      "org": 3,
      "org_essay": 3,
      "org_coherence": 3,
      "org_quantity": 1
    },
    "essay_type": "주장",
    "content_weight": {
      "con_clearance": 3,
      "con_novelty": 3,
      "con": 4,
      "con_prompt": 1,
      "con_description": 3
    },
    "essay_main_subject": "인종차별에 대한 본인의 생각",
    "expression_weight": {
      "exp_style": 4,
      "exp_grammar": 2,
      "exp_vocab": 4,
      "exp": 3
    }
  },
  "correction": [],
  "info": {
    "essay_id": "ESSAY_53119",
    "essay_prompt": " 최근 중국발 코로나바이러스로 인해 동양인에 대한 혐오감을 나타내는 서양인들이 늘어나고 있습니다. 그로 인해, 매스컴이나 SNS에서 인종차별을 받아 힘들어하는 동양인들을 자주 목격할 수 있습니다.\n\n 하지만, 최근에만 인종차별이 존재했을까요? 아닙니다. 아주 오래전부터 다른 인종에 대한 차별은 있었습니다.\n\n 우리나라에서는 인종차별을 안 하고 있을까요? 아닙니다. 우리나라에서도 알게 모르게 많은 부분에서 다른 국가의 사람들에 대해 인종차별을 하고 있으며 누군가에게 상처를 주고 있습니다.\n\n 즉, 인종차별은 누군가의 문제가 아니라 우리 모두의 문제입니다.\n\n 여러분들은 인종차별을 당해보신 적 있나요? 인종차별을 하는 사람들에 대해 어떻게 생각하시나요? 왜 생겨났다고 생각하나요? 인종차별을 근절하기 위해서는 어떻게 해야 할까요? 인종차별을 하는 사람들에 대해 전 세계적으로 처벌의 강도를 높여야 할까요?\n\n 인종차별을 하는 사람들에 대한 본인의 생각을 작성하고 인종차별은 해결할 수 있는 문제일지 아니면 해결하지 어려운 문제일지 작성해주세요. 또한, 그렇게 생각한 이유와 본인이 생각한 해결방법 혹은 해결할 수 없다면 왜 해결할 수 없다고 생각하는지 작성해주세요.",
    "essay_type": "주장",
    "essay_level": "1",
    "essay_len": 999,
    "essay_main_subject": "인종차별에 대한 본인의 생각"
  }
}