{
  "paragraph": [
    {
      "paragraph_txt": "최근 다양한 인종, 다양한 문화가 존재하는 미국에서는 흑인 인권 문제가 한차례 사회를 강타한 뒤 코로나 19로 인해 불특정 다수 동양인에 대한 차별과 혐오가 미국뿐만 아니라 서구 문화권에 팽배하다. #@문장구분#동양인뿐만 아니라 유색 인종에 대한 어떠한 형태의 차별도 용인되어서는 안 되며, 그러한 차별과 혐오 현상은 사회문화적, 윤리적 차원에서 비판받아야 마땅하다.#@문장구분# ",
      "paragraph_len": 240,
      "paragraph_id": "001"
    },
    {
      "paragraph_txt": "  산업화와 정보화로 인해 21세기 인류 문명의 교통과 통신기술은 전례 없는 진보를 이룩했다. #@문장구분#그로 인해 국가 간의 경계가 퇴색되고 국경의 의미는 약화하는 세계화와 문화적 다원화 시대가 도래했다. #@문장구분#따라서 국가 간 상호의존성은 어느 때보다도 높다. #@문장구분#성숙한 자세로 다양성과 공존의 가치를 추구하며 세계인과 더불어 살아가기 위해서는 세계시민 의식이 매우 중요한데, 동양인에 대한 차별과 혐오는 사회통합을 심각하게 저하한다. #@문장구분#가령 차별과 혐오로 인한 인종 사이의 일종의 계급화가 이루어지면 이는 동양인으로 대표되는 하층 계급이 차별을 받는다는 의식을 가지게 만들어 갈등과 사회 혼란을 야기한다.#@문장구분# 그리고 미국이나 서구 문화권으로의 영구적, 일시적 이동을 한 동양인들의 심각한 공포를 유발하여 그들의 정신건강에 해악을 가져다주기도 하며, 그들이 자유롭게 문화적 활동이나 정치적 활동에 적극적으로 참여하는 것을 어렵게 한다. #@문장구분#따라서 동양인에 대한 차별과 혐오는 동양의 문화에 대한 배척을 야기하고 자연스럽게 백인으로 대표되는 상층 계급의 문화 자본만 축적되고 확산하게 된다. #@문장구분#심한 경우 문화적 획일화가 나타나 세계화와 국제화에서 강조되는 다양성과 존중의 가치를 훼손하며 이상적인 세계화와 국제화를 막으며, 더 나아가서 이들은 퇴보시킬 수도 있다.#@문장구분# ",
      "paragraph_len": 795,
      "paragraph_id": "002"
    },
    {
      "paragraph_txt": "  윤리적 관점에서 바라보았을 때 동양인에 대한 차별과 혐오는 더욱더 터무니없으며, 인류의 보편적 가치를 근본적으로 등한시하는 미국인을 포함한 서구 문화권 사람들의 위선과 어리석음을 방증한다. #@문장구분#모든 인류 구성원의 천부의 존엄성과 동등하고 양도할 수 없는 권리를 인정하는 것이 세계의 자유, 정의 및 평화의 기초이며, 세계인권 선언 제1조, 제2조, 제3조에서도 상호 존중, 인권, 그리고 차별 철폐에 대한 내용을 다루고 있다. #@문장구분#일부 인종 차별적인 미국인들의 만행과는 모순되지만, 미국 헌법 제14조와 제15조에서도 인종 간의 평등과 동등한 권리를 명시하고 있다. #@문장구분#더 나아가서 모든 국가의 헌법에는 인권에 대한 강조가 제시되어 있고 이로 미루어 보아 인권과 평등이 중요하다는 사실은 전 세계인이 똑똑히 알고 있는 만큼 동양인에 대한 혐오와 차별은 하루빨리 근절되어야 할 것이다.#@문장구분#   ",
      "paragraph_len": 517,
      "paragraph_id": "003"
    },
    {
      "paragraph_txt": "  요약하자면 동양인에 대한 차별과 혐오는 필연적으로 존엄과 천부의 권리를 훼손하며 세계화와 국제화, 문화적 다원화를 퇴보시킬 우려가 있다. #@문장구분#동양인과 타 유색 인종에 대한 차별을 멈추기 위한 범지구적인 노력이 필수적이다.#@문장구분# 역지사지와 존중의 마음가짐으로 동양인을 대하는 태도가 필요하다.#@문장구분# \n에이브러햄 링컨은 말했다.#@문장구분# \"타인의 자유를 부인하는 자는, 그 자신도 자유를 누릴 자격이 없다.\"라고.#@문장구분#",
      "paragraph_len": 318,
      "paragraph_id": "004"
    }
  ],
  "score": {
    "paragraph_score": [
      {
        "paragraph_scoreT": [
          3,
          3,
          2.4
        ],
        "paragraph_scoreT_detail": {
          "paragraph_scoreT_exp": [
            [
              3,
              3,
              3
            ],
            [
              3,
              3,
              3
            ],
            [
              2,
              3,
              2
            ]
          ]
        },
        "paragraph_scoreT_avg": 2.8,
        "paragraph_id": "001"
      },
      {
        "paragraph_scoreT": [
          3,
          3,
          2.8
        ],
        "paragraph_scoreT_detail": {
          "paragraph_scoreT_exp": [
            [
              3,
              3,
              3
            ],
            [
              3,
              3,
              3
            ],
            [
              2,
              3,
              3
            ]
          ]
        },
        "paragraph_scoreT_avg": 2.9333334,
        "paragraph_id": "002"
      },
      {
        "paragraph_scoreT": [
          3,
          3,
          3
        ],
        "paragraph_scoreT_detail": {
          "paragraph_scoreT_exp": [
            [
              3,
              3,
              3
            ],
            [
              3,
              3,
              3
            ],
            [
              3,
              3,
              3
            ]
          ]
        },
        "paragraph_scoreT_avg": 3,
        "paragraph_id": "003"
      },
      {
        "paragraph_scoreT": [
          3,
          3,
          3
        ],
        "paragraph_scoreT_detail": {
          "paragraph_scoreT_exp": [
            [
              3,
              3,
              3
            ],
            [
              3,
              3,
              3
            ],
            [
              3,
              3,
              3
            ]
          ]
        },
        "paragraph_scoreT_avg": 3,
        "paragraph_id": "004"
      }
    ],
    "essay_scoreT": [
      26.7,
      30,
      27.8
    ],
    "essay_scoreT_avg": 28.166666,
    "essay_scoreT_detail": {
      "essay_scoreT_org": [
        [
          3,
          3,
          2,
          3
        ],
        [
          3,
          3,
          3,
          3
        ],
        [
          3,
          3,
          3,
          3
        ]
      ],
      "essay_scoreT_cont": [
        [
          2,
          2,
          3,
          3
        ],
        [
          3,
          3,
          3,
          3
        ],
        [
          3,
          2,
          2,
          3
        ]
      ],
      "essay_scoreT_exp": [
        [
          3,
          3,
          3
        ],
        [
          3,
          3,
          3
        ],
        [
          2,
          3,
          3
        ]
      ]
    }
  },
  "student": {
    "date": "2021.09.02",
    "student_educated": true,
    "student_grade": "고등_2학년",
    "location": "051",
    "student_grade_group": "고등",
    "student_reading": 2
  },
  "rubric": {
    "essay_grade": "고등_2학년",
    "organization_weight": {
      "org_paragraph": 3,
      "org": 3,
      "org_essay": 3,
      "org_coherence": 3,
      "org_quantity": 1
    },
    "essay_type": "주장",
    "content_weight": {
      "con_clearance": 3,
      "con_novelty": 3,
      "con": 4,
      "con_prompt": 1,
      "con_description": 3
    },
    "essay_main_subject": "인종차별에 대한 본인의 생각",
    "expression_weight": {
      "exp_style": 4,
      "exp_grammar": 2,
      "exp_vocab": 4,
      "exp": 3
    }
  },
  "correction": [],
  "info": {
    "essay_id": "ESSAY_35718",
    "essay_prompt": " 최근 중국발 코로나바이러스로 인해 동양인에 대한 혐오감을 나타내는 서양인들이 늘어나고 있습니다. 그로 인해, 매스컴이나 SNS에서 인종차별을 받아 힘들어하는 동양인들을 자주 목격할 수 있습니다.\n\n 하지만, 최근에만 인종차별이 존재했을까요? 아닙니다. 아주 오래전부터 다른 인종에 대한 차별은 있었습니다.\n\n 우리나라에서는 인종차별을 안 하고 있을까요? 아닙니다. 우리나라에서도 알게 모르게 많은 부분에서 다른 국가의 사람들에 대해 인종차별을 하고 있으며 누군가에게 상처를 주고 있습니다.\n\n 즉, 인종차별은 누군가의 문제가 아니라 우리 모두의 문제입니다.\n\n 여러분들은 인종차별을 당해보신 적 있나요? 인종차별을 하는 사람들에 대해 어떻게 생각하시나요? 왜 생겨났다고 생각하나요? 인종차별을 근절하기 위해서는 어떻게 해야 할까요? 인종차별을 하는 사람들에 대해 전 세계적으로 처벌의 강도를 높여야 할까요?\n\n 인종차별을 하는 사람들에 대한 본인의 생각을 작성하고 인종차별은 해결할 수 있는 문제일지 아니면 해결하지 어려운 문제일지 작성해주세요. 또한, 그렇게 생각한 이유와 본인이 생각한 해결방법 혹은 해결할 수 없다면 왜 해결할 수 없다고 생각하는지 작성해주세요.",
    "essay_type": "주장",
    "essay_level": "1",
    "essay_len": 1498,
    "essay_main_subject": "인종차별에 대한 본인의 생각"
  }
}