{
  "paragraph": [
    {
      "paragraph_txt": "오징어게임에 출연한 필리핀 출신 배우 크리스찬 라가힐이 자신의 유튜브 채널을 통해 한국에서 인종차별을 경험했다고 발표했습니다. #@문장구분#그에 따르면 '마을버스에서 50대 여성이 노려봤다', '얼굴에 양배추를 맞은 적이 있다'며 자신의 경험을 밝혔습니다. #@문장구분#그리고 그는 그가 당한 인종차별에 대해 반백해 보았지만 소용없었다고 합니다. #@문장구분#더욱 안타까운 점은 아무도 도와준 사람이 없었다는 것입니다. #@문장구분#우리도 유럽 혹은 북미에 가면 차별을 경험한 만큼 우리는 그러지 말아야하는데 안타까움을 느꼈습니다. #@문장구분#하지만 인기있는 콘텐츠에 출연한 배우가 자신의 경험을 밝히면서 사회적으로 이슈화되는 것이 긍정적이라고 생각합니다.#@문장구분# 이런 이슈화 과정에서 해결방안과 자정작용을 통해 우리사회가 더 발전할 수 있다고 생각하기 때문입니다. #@문장구분#그리고 우리는 우리의 차이에 대해 받아들어야 합니다. #@문장구분#인종, 문화, 피부색만 다를 뿐 누가 잘나고 못나고의 차이도 아니고 그런 결정은 누구도 내릴수 없는 결정임을 잘 알아야 합니다. #@문장구분#그리고 부모님의 인식이 매우 중요하다고 생각합니다.#@문장구분# 어린시절 인종차별을 하는 부모님아래서 커온 사람이라면 나도모르게 인종차별을 하고 편견을 가지고 사람들을 바라보게 될것이지만 사람들의 다름을 인정하고 배려하는 부모 밑에서 자란 사람들은 눈높이 자체가 완젼 다른 사람으로 자라나게 되는 것입니다.#@문장구분# 어린시절부터 인종차별에 대한 교육을 받는다면 이런 일이 발생하지도 않았을 것입니다. #@문장구분#그리고 우리는 이런 인종차별을 법제화 시켜서 인종차별이 발생하면 이것을 법적으로 제제할수 있도록 해야 한다고 생각합니다. #@문장구분#법으로 만들어 놓으면 사람들의 인식에서 완젼히 확실히 자리잡혀 서로 조심하게 되고 그러면 인종차별이 더 이상 일어나지 않거나 극소량만 일어나게 될거라고 생각합니다. #@문장구분#아무쪼록 한국에서 인종차별이 없어지길 바라면서 글을 마무리하겠습니다.#@문장구분#",
      "paragraph_len": 1203,
      "paragraph_id": "001"
    }
  ],
  "score": {
    "paragraph_score": [
      {
        "paragraph_scoreT": [
          2.6,
          3,
          2.8
        ],
        "paragraph_scoreT_detail": {
          "paragraph_scoreT_exp": [
            [
              3,
              3,
              2
            ],
            [
              3,
              3,
              3
            ],
            [
              2,
              3,
              3
            ]
          ]
        },
        "paragraph_scoreT_avg": 2.8,
        "paragraph_id": "001"
      }
    ],
    "essay_scoreT": [
      25.5,
      27.5,
      27.6
    ],
    "essay_scoreT_avg": 26.866667,
    "essay_scoreT_detail": {
      "essay_scoreT_org": [
        [
          2,
          3,
          2,
          2
        ],
        [
          2,
          3,
          3,
          3
        ],
        [
          2,
          2,
          3,
          3
        ]
      ],
      "essay_scoreT_cont": [
        [
          3,
          2,
          3,
          3
        ],
        [
          3,
          2,
          2,
          3
        ],
        [
          3,
          3,
          3,
          3
        ]
      ],
      "essay_scoreT_exp": [
        [
          3,
          3,
          2
        ],
        [
          3,
          3,
          3
        ],
        [
          2,
          3,
          3
        ]
      ]
    }
  },
  "student": {
    "date": "2021.11.28",
    "student_educated": true,
    "student_grade": "고등_2학년",
    "location": "063",
    "student_grade_group": "고등",
    "student_reading": 2
  },
  "rubric": {
    "essay_grade": "고등_2학년",
    "organization_weight": {
      "org_paragraph": 3,
      "org": 3,
      "org_essay": 3,
      "org_coherence": 3,
      "org_quantity": 1
    },
    "essay_type": "주장",
    "content_weight": {
      "con_clearance": 3,
      "con_novelty": 3,
      "con": 4,
      "con_prompt": 1,
      "con_description": 3
    },
    "essay_main_subject": "인종차별에 대한 본인의 생각",
    "expression_weight": {
      "exp_style": 4,
      "exp_grammar": 2,
      "exp_vocab": 4,
      "exp": 3
    }
  },
  "correction": [],
  "info": {
    "essay_id": "ESSAY_53103",
    "essay_prompt": " 최근 중국발 코로나바이러스로 인해 동양인에 대한 혐오감을 나타내는 서양인들이 늘어나고 있습니다. 그로 인해, 매스컴이나 SNS에서 인종차별을 받아 힘들어하는 동양인들을 자주 목격할 수 있습니다.\n\n 하지만, 최근에만 인종차별이 존재했을까요? 아닙니다. 아주 오래전부터 다른 인종에 대한 차별은 있었습니다.\n\n 우리나라에서는 인종차별을 안 하고 있을까요? 아닙니다. 우리나라에서도 알게 모르게 많은 부분에서 다른 국가의 사람들에 대해 인종차별을 하고 있으며 누군가에게 상처를 주고 있습니다.\n\n 즉, 인종차별은 누군가의 문제가 아니라 우리 모두의 문제입니다.\n\n 여러분들은 인종차별을 당해보신 적 있나요? 인종차별을 하는 사람들에 대해 어떻게 생각하시나요? 왜 생겨났다고 생각하나요? 인종차별을 근절하기 위해서는 어떻게 해야 할까요? 인종차별을 하는 사람들에 대해 전 세계적으로 처벌의 강도를 높여야 할까요?\n\n 인종차별을 하는 사람들에 대한 본인의 생각을 작성하고 인종차별은 해결할 수 있는 문제일지 아니면 해결하지 어려운 문제일지 작성해주세요. 또한, 그렇게 생각한 이유와 본인이 생각한 해결방법 혹은 해결할 수 없다면 왜 해결할 수 없다고 생각하는지 작성해주세요.",
    "essay_type": "주장",
    "essay_level": "1",
    "essay_len": 903,
    "essay_main_subject": "인종차별에 대한 본인의 생각"
  }
}