{
  "paragraph": [
    {
      "paragraph_txt": "나는 코로나19 백신에 대한 특허권을 풀어야 된다고 생각한다.#@문장구분# 왜냐하면 첫째 지금 현재까지도 많은 사 람들이 코로나19에 의해 아프고 죽어가는 상황이며 현재 백신이 많은 나라에서만 코로나19에 대하여 희소식이 들려오고 있다#@문장구분#. 대다수의 나라는 백신을 구할 수가 없기 때문에 많은 사람들이 아파하기에 백신이 더 많은 양이 제작 되어야 많은 사람이 코로나19에 걸리지 않을 수있기 때문에 코로나19 백신에 대해서 특허권을 풀어 더  많은 사람들이 코로나19 백신을 만들어 많은 사람이 백신을 맞아 코로나19를 예방해야 하기 때문이다.#@문장구분#둘째 내 생각에는 코로나19 백신에 대한 특허권을 풀지 않는다면 악용 될 가능성이 있기 때문이다.#@문장구분#예를 들면 코로나19 백신에 대하여 특허권을 풀지 않으면 특허권을 가지고 있는 사람이나 단체가 가격을 말도 안 되게 올려도 특허권이 없는 다른 나라들은 비싸진 가격 만 큼 가격을 지불하고 사야되는 상황이 나올것이며 특허권을 팔지 않을 수도 있기 때문에 나는 코로나19 백신에 대하여 특허권을 꼴 풀어야 된다고 생각한다.#@문장구분#셋째 회사에서 얻는 수익 보다도 나는 코로나 종식이 먼저 라고 생각하기 때문이다.#@문장구분#그 이유는 2019년 12월에 시작하여 아직까 지도 많은 확진자들이 나오고 있기 때문에 여기서 더욱 시간이 지체되면 지체 될수록 많은 자영업자나 여러 가게를 운영 하시는 사람들이나 소상공인이 받는 피해가 점점 더 커질 것 이 라고 생각하기 때문이다.#@문장구분#위와 같은 이유 때문에 코로나19 백신에 대하여 특허권이 풀린다면 백신의 생산이 가속화 되어 코로나19를 극복을 촉진 시키고 백신의 분배를 공평하게 할수 있을 것이라고 생각 한다.#@문장구분#",
      "paragraph_len": 971,
      "paragraph_id": "001"
    }
  ],
  "score": {
    "paragraph_score": [
      {
        "paragraph_scoreT": [
          3,
          2.6,
          2
        ],
        "paragraph_scoreT_detail": {
          "paragraph_scoreT_exp": [
            [
              3,
              3,
              3
            ],
            [
              3,
              3,
              2
            ],
            [
              2,
              2,
              2
            ]
          ]
        },
        "paragraph_scoreT_avg": 2.5333333,
        "paragraph_id": "001"
      }
    ],
    "essay_scoreT": [
      28.8,
      24.6,
      22.699999
    ],
    "essay_scoreT_avg": 25.366667,
    "essay_scoreT_detail": {
      "essay_scoreT_org": [
        [
          3,
          3,
          3,
          3
        ],
        [
          2,
          2,
          3,
          3
        ],
        [
          2,
          2,
          2,
          3
        ]
      ],
      "essay_scoreT_cont": [
        [
          3,
          2,
          3,
          3
        ],
        [
          3,
          2,
          3,
          2
        ],
        [
          3,
          2,
          2,
          3
        ]
      ],
      "essay_scoreT_exp": [
        [
          3,
          3,
          3
        ],
        [
          3,
          3,
          2
        ],
        [
          2,
          2,
          2
        ]
      ]
    }
  },
  "student": {
    "date": "2021.09.03",
    "student_educated": true,
    "student_grade": "고등_2학년",
    "location": "051",
    "student_grade_group": "고등",
    "student_reading": 3
  },
  "rubric": {
    "essay_grade": "고등_2학년",
    "organization_weight": {
      "org_paragraph": 3,
      "org": 3,
      "org_essay": 3,
      "org_coherence": 3,
      "org_quantity": 1
    },
    "essay_type": "주장",
    "content_weight": {
      "con_clearance": 3,
      "con_novelty": 3,
      "con": 4,
      "con_prompt": 1,
      "con_description": 3
    },
    "essay_main_subject": "지적 재산권에 대한 본인의 생각 작성",
    "expression_weight": {
      "exp_style": 4,
      "exp_grammar": 2,
      "exp_vocab": 4,
      "exp": 3
    }
  },
  "correction": [],
  "info": {
    "essay_id": "ESSAY_35655",
    "essay_prompt": " 지적재산권이란 특허권, 실용신안권, 상표권, 디자인권을 총칭하는 개념으로 지적재산권법은 정보생산자에게 일정기간 동안 시장에서의 배타적 지위를 부여하고 있습니다.\n\n 즉, 지적 재산권은 특정 사람이 생각/창작해낸 것을 다른사람들의 무분별한 이용으로 부터 지켜주는 것입니다. 이러한 지적재산권은 개인 혹은 회사 더 나아가 나라에 귀속될 수 있습니다.\n\n 다만, 코로나 시대인 요즘 전 세계적인 재앙인 코로나를 물리칠 수 있는 백신에 대한 지적재산권을 자유롭게 풀어야한다는 의견이 계속해서 나오고 있습니다. \n\n 지적 재산권이 있는 제약회사가 있는 나라의 경우 백신이 충분하며 백신을 맞는 것이 선택의 문제인 반면, 그렇지 못한 나라는 백신을 맞고 싶어도 맞지 못하는 사람들이 많고 항체가 없어 사망하는 경우도 비교적 많이 때문입니다.\n\n 전 세계의 문제를 해결하기 위해 수 많은 돈을 들여 개발한 백신의 지적재산권을 공유하는 것이 의무화 되어야 할까요? 아니면 회사의 선택에 맡겨야할까요? 보상은 어떻게 해야할까요? \n\n 전 세계에 무상으로 공개 해야 한다는 의견이 있을 수도 있고 무상으로 공개한 회사의 경우 팬더믹 상황이 종결 된 후 따로 보상을 해주어야 한다는 의견도 있을 겁니다. 지적재산권의 변하지 않는 신뢰를 위해서라도 무상 공개는 절대 있어서는 안된다는 의견도 있을 것입니다.\n\n 지금까지도 펜더믹 상황에서 코로나19 백신에 대한 특허권을 보장해야 하느냐 풀어야 하느냐 의견이 분분합니다. 이에 대한 자신의 주장을 작성해주세요. 또한, 그렇게 생각한 이유도 설명해주세요.",
    "essay_type": "주장",
    "essay_level": "1",
    "essay_len": 813,
    "essay_main_subject": "지적 재산권에 대한 본인의 생각 작성"
  }
}