{
  "paragraph": [
    {
      "paragraph_txt": "얼마 전 82만원의 먹는 코로나 치료제가 로열티 없이 특허가 풀려 화제이다.#@문장구분# 외신에 따르면 '몰누피라비르'를 다른 제약회사가 생산할 수 있도록 제조 특허권을 제공하는 협약을 맺었다고 한다.#@문장구분# 이것은 국제사회에 있어서 꽤나 큰 방향을 제시하는 행동이었는데, 먼저 그 동안 백신 생산 회사들의 행보에 대해 생각해봐야 할 필요성이 있다.#@문장구분# 여러 나라들의 요구에도 불구하고 특허권을 끝까지 제공하지 않겠다는 의지를 내보여 저소득층 국가들의 백신 공급이 굉장히 낮아져 있는 상태임에 틀림이 없었다.#@문장구분# 그렇게 저소득충 국가들에게는 아직까지도 힘든 상황이 이어지고 있었을 때 머크에서 나온 먹는 코로나 치료제가 화제가 되었다.#@문장구분# 저소득충 국가들을 위해 국가별 가격을 책정하거나 해당 국가들에게는 생산권을 싼 값에 넘겨주는 등의 이야기를 진행해왔기 때문에 국제 사회의 큰 방향이 될 수 있을 것이라며 다들 생각했었다.#@문장구분# 하지만 여기에 더 넘어가 제조 특허권을 제공하는 협약을 맺으며 박수를 받게 되었다.#@문장구분# 유엔 산하 기구를 통해 무상으로 복제약 제조가 가능해졌으며, 다만 저소득국가 한정이긴 하다.#@문장구분# 이런 식으로 머크가 협의하여 특허를 개방한 국가는 총 105개국이며 생산비 수준의 저가로 공급될 요망이라고 한다.#@문장구분# 기업적으로 이미지도 좋아지고 저소득 국가들에게는 이 사태를 해결할 수 있는 좋은 기회가 됐다는 의미이다.#@문장구분# 이전까지 특허권에 대해 서로 왈가부했던 것이 약간 부끄러워질 정도로 금방 결정한 느낌이며 이렇게 전세계를 위해 특허권을 풀려는 노력을 하는 기업도 있는데 그 동안의 백신 회사들의 행보가 같은 인간으로써 조금 부끄러워지기도 한 느낌이 들었다.#@문장구분# 물론 머크도 백신보다 알약이 많이 공급적인 문제에서 쉽기 때문이라는 입장을 내놓기는 했지만, 머크의 이번 행보는 칭찬받아 마당하지 않을까 생각이 든다.#@문장구분#",
      "paragraph_len": 1127,
      "paragraph_id": "001"
    }
  ],
  "score": {
    "paragraph_score": [
      {
        "paragraph_scoreT": [
          3,
          3,
          3
        ],
        "paragraph_scoreT_detail": {
          "paragraph_scoreT_exp": [
            [
              3,
              3,
              3
            ],
            [
              3,
              3,
              3
            ],
            [
              3,
              3,
              3
            ]
          ]
        },
        "paragraph_scoreT_avg": 3,
        "paragraph_id": "001"
      }
    ],
    "essay_scoreT": [
      28.8,
      28.4,
      30
    ],
    "essay_scoreT_avg": 29.066666,
    "essay_scoreT_detail": {
      "essay_scoreT_org": [
        [
          3,
          3,
          3,
          3
        ],
        [
          3,
          3,
          3,
          3
        ],
        [
          3,
          3,
          3,
          3
        ]
      ],
      "essay_scoreT_cont": [
        [
          3,
          2,
          3,
          3
        ],
        [
          3,
          2,
          2,
          3
        ],
        [
          3,
          3,
          3,
          3
        ]
      ],
      "essay_scoreT_exp": [
        [
          3,
          3,
          3
        ],
        [
          3,
          3,
          3
        ],
        [
          3,
          3,
          3
        ]
      ]
    }
  },
  "student": {
    "date": "2021.11.04",
    "student_educated": true,
    "student_grade": "고등_2학년",
    "location": "02",
    "student_grade_group": "고등",
    "student_reading": 1
  },
  "rubric": {
    "essay_grade": "고등_2학년",
    "organization_weight": {
      "org_paragraph": 3,
      "org": 3,
      "org_essay": 3,
      "org_coherence": 3,
      "org_quantity": 1
    },
    "essay_type": "주장",
    "content_weight": {
      "con_clearance": 3,
      "con_novelty": 3,
      "con": 4,
      "con_prompt": 1,
      "con_description": 3
    },
    "essay_main_subject": "지적 재산권에 대한 본인의 생각 작성",
    "expression_weight": {
      "exp_style": 4,
      "exp_grammar": 2,
      "exp_vocab": 4,
      "exp": 3
    }
  },
  "correction": [],
  "info": {
    "essay_id": "ESSAY_40760",
    "essay_prompt": " 지적재산권이란 특허권, 실용신안권, 상표권, 디자인권을 총칭하는 개념으로 지적재산권법은 정보생산자에게 일정기간 동안 시장에서의 배타적 지위를 부여하고 있습니다.\n\n 즉, 지적 재산권은 특정 사람이 생각/창작해낸 것을 다른사람들의 무분별한 이용으로 부터 지켜주는 것입니다. 이러한 지적재산권은 개인 혹은 회사 더 나아가 나라에 귀속될 수 있습니다.\n\n 다만, 코로나 시대인 요즘 전 세계적인 재앙인 코로나를 물리칠 수 있는 백신에 대한 지적재산권을 자유롭게 풀어야한다는 의견이 계속해서 나오고 있습니다. \n\n 지적 재산권이 있는 제약회사가 있는 나라의 경우 백신이 충분하며 백신을 맞는 것이 선택의 문제인 반면, 그렇지 못한 나라는 백신을 맞고 싶어도 맞지 못하는 사람들이 많고 항체가 없어 사망하는 경우도 비교적 많이 때문입니다.\n\n 전 세계의 문제를 해결하기 위해 수 많은 돈을 들여 개발한 백신의 지적재산권을 공유하는 것이 의무화 되어야 할까요? 아니면 회사의 선택에 맡겨야할까요? 보상은 어떻게 해야할까요? \n\n 전 세계에 무상으로 공개 해야 한다는 의견이 있을 수도 있고 무상으로 공개한 회사의 경우 팬더믹 상황이 종결 된 후 따로 보상을 해주어야 한다는 의견도 있을 겁니다. 지적재산권의 변하지 않는 신뢰를 위해서라도 무상 공개는 절대 있어서는 안된다는 의견도 있을 것입니다.\n\n 지금까지도 펜더믹 상황에서 코로나19 백신에 대한 특허권을 보장해야 하느냐 풀어야 하느냐 의견이 분분합니다. 이에 대한 자신의 주장을 작성해주세요. 또한, 그렇게 생각한 이유도 설명해주세요.",
    "essay_type": "주장",
    "essay_level": "1",
    "essay_len": 887,
    "essay_main_subject": "지적 재산권에 대한 본인의 생각 작성"
  }
}