{
  "paragraph": [
    {
      "paragraph_txt": "나는 현재 진행되고 있는 평가가 객관적이고 실용적이라고 생각한다.#@문장구분# 물론 자율성이나 창의성을 어떻게 객관화해서 평가할 수 있는지에 대해 여러 의견이 분분한것을 알고 있지만 그래도 어느정도 객관적인 지표는 있어야 한다고 생각된다.#@문장구분# 미술이나 음악과 같은 분야는 보는 사람들의 관점에 따라 달라지기 때문에 평가를 할 수 없다고는 하지만 그래도 일정부분 객관적인 평가기준을 갖고 있어야 된다고 생각된다.#@문장구분# 그리고 초,중,고에서는 성적반영을 위해서도 꼭 객관적인 기준이 있어야 된다고 생각된다.#@문장구분# 만약 체육을 평가하는데 사람에따라 그 기준을 달리한다면 불합리할 것이다.#@문장구분# 그 성장정도에 따라 성취해야하는 기준을 마련해야 나의 현재 수준도 알고 그에 따라 더욱 열심히 노력할 것인지 결정을 할 수 있기 때문이다.#@문장구분# 또한 성취정도가 수취로 나오는 것은 어느정도 동기부여도 된다고 생각된다.#@문장구분# 획일적인 평가가 좋지 않다는 것은 나도 동의한다 하지만 기본적인 평가기준이 없다면 그 어떤것도 평가라는 것을 할 수 없을 것이고 그 평가를 바탕으로 더 많은 창작활동을 할 작가들이 평가받지 못해 그 기회조차 가지지 못할 수도 있다.#@문장구분# 기본적인 평가기준은 갖추고 평가과목의 특성을 살려 세부항목을 나눈다면 그 평가에 대해 불만을 갖지는 않을 것이라 생각된다.#@문장구분# 만약 객관적인 평가기준을 갖고 있지 않고 모든 과목을  자율성 또는 개개인의 특성에 따라 평가한다면 그 기준이 모호해서 진학을 하는데도 많은 부작용이 발생할 것이라고 생각된다.#@문장구분# 획일적으로 판단되어지는 것은 좋은일은 아니지만 학업을 이어나가고 진학을 하기 위한 학생이라면 그 기준이 명확한 것이 더 좋을것이라고 생각된다.#@문장구분#",
      "paragraph_len": 1027,
      "paragraph_id": "001"
    }
  ],
  "score": {
    "paragraph_score": [
      {
        "paragraph_scoreT": [
          3,
          3,
          2.6
        ],
        "paragraph_scoreT_detail": {
          "paragraph_scoreT_exp": [
            [
              3,
              3,
              3
            ],
            [
              3,
              3,
              3
            ],
            [
              3,
              3,
              2
            ]
          ]
        },
        "paragraph_scoreT_avg": 2.8666668,
        "paragraph_id": "001"
      }
    ],
    "essay_scoreT": [
      30,
      29.7,
      26.7
    ],
    "essay_scoreT_avg": 28.800001,
    "essay_scoreT_detail": {
      "essay_scoreT_org": [
        [
          3,
          0,
          3,
          3
        ],
        [
          3,
          0,
          3,
          2
        ],
        [
          3,
          0,
          2,
          3
        ]
      ],
      "essay_scoreT_cont": [
        [
          3,
          3,
          3,
          3
        ],
        [
          3,
          3,
          3,
          3
        ],
        [
          3,
          2,
          3,
          3
        ]
      ],
      "essay_scoreT_exp": [
        [
          3,
          3,
          3
        ],
        [
          3,
          3,
          3
        ],
        [
          3,
          3,
          2
        ]
      ]
    }
  },
  "student": {
    "date": "2021.12.16",
    "student_educated": true,
    "student_grade": "고등_1학년",
    "location": "063",
    "student_grade_group": "고등",
    "student_reading": 3
  },
  "rubric": {
    "essay_grade": "고등_1학년",
    "organization_weight": {
      "org_paragraph": 0,
      "org": 3,
      "org_essay": 6,
      "org_coherence": 3,
      "org_quantity": 1
    },
    "essay_type": "주장",
    "content_weight": {
      "con_clearance": 3,
      "con_novelty": 3,
      "con": 4,
      "con_prompt": 1,
      "con_description": 3
    },
    "essay_main_subject": "평가에 대한 본인의 의견",
    "expression_weight": {
      "exp_style": 4,
      "exp_grammar": 2,
      "exp_vocab": 4,
      "exp": 3
    }
  },
  "correction": [],
  "info": {
    "essay_id": "ESSAY_65671",
    "essay_prompt": " 평가는 일반적으로 평가대상의 장점과 가치를 결정하는 과정을 말합니다.\n\n 세상에는 무수히 많은 평가 방법들이 존재하고 그 주제도 다양합니다.\n\n 우리나라의 경우는 어떨까요? 중간, 기말시험이 있고 미술과 같은 기본기와 창의성을 평가하는 과목도 있습니다. 체육과 같은 신체적인 능력을 평가하는 과목도 있지요. 모두 적절한 기준이 있으며 매우 객관적인 기준이라고 말합니다.\n\n 하지만 여러분이 생각하기에 모든 학생을 동일한 평가지표에 맞추어 평가하는 것이 올바른 방식이라고 생각하나요?\n\n 사람마다 특성이 존재하듯 각각의 목표 또한 다르고 성과도 다를 수 있습니다. 특정 기준에 의존해 본인의 성과도를 평가하는 것이 바르다고 생각되나요?\n\n 현재의 평가 방식은 최고의 객관적인 평가 방식이라고 생각하신다면 그 이유를 작성해주세요. 아니라면 어떤 평가 기준이 추가되어야 하고 또한 어떤 생각으로 평가가 이루어졌으면 좋겠는지 서술해 주세요.",
    "essay_type": "주장",
    "essay_level": "2",
    "essay_len": 807,
    "essay_main_subject": "평가에 대한 본인의 의견"
  }
}