{
  "paragraph": [
    {
      "paragraph_txt": "우리 사회는 많은 외국인들이 유입되어 노동력을 제공하기도 하고 외국인들과의 국제결혼이 흔히 이루어지는 현대 사회에서 다문화 가정과 혼혈세대가 점점 늘어나고 있는 추세입니다.#@문장구분# 지금같은 세계는 하나라는 구호가 무색할 만큼 각 나라별 출입이 자유로우며 언제든지 비행기를 타고 열차를 타고 각국을 여행할수 있고 외국에 있는 사람과 화상통화와 채팅 프로그램을 이용하여 온라인 소개팅을 하며 모든 세계는 온라인을 통해 가깝게 연결되어 왔습니다.#@문장구분# 이런 사회현상에서 우리가 건강하고 평화롭게 살아가기 위해서라도 인종적, 문화적 편견은 반드시 극복되어야 하며 특히 피부색이 다른 것은 차이일뿐 우열을 판단하는 근거가 아니다는 사실을 올바르게 인식하고 있어야 한다고 생각합니다.#@문장구분# 하지만 현재 국제사회정서상 IS 등 이슬람 무장단체의 무차별 테러로 인해 이슬람 현오증으로 불리우는 이슬람포비아로 인해 유럽에서는 무슬림 인구가 급증하는 반면에 백인들의 인구출생률 감소로 유럽이 유라비아로 바뀌고 있다며 유럽의 이슬람화를 우려하고 있습니다.#@문장구분# 프랑스에서는 전체 인구의 10%가 무슬림으로 유럽내 반이슬람, 반무슬림 정서가 확산되는 가운데 무슬림의 사회통합이 심각한 사회문제가 되고 있습니다.#@문장구분# 뿐만아니라 미국에서도 911 테러 이후 이슬람인들에 대한 혐오증이 증가하면서 범죄발생시 이슬람인라는 이유 하나만으로 유력 용의자로 지목되거나 학교에서도 이슬람이나 무슬림이기 때문에 차별을 받는 일이 종종 발생하며 이것에 비관한 이슬람인들이 진짜 IS에 자원입대하고 테러를 벌이는 사건까지 발생하는 위험한 상황입니다.#@문장구분# 이런 상황을 보면 차별과 편견을 통해 고통을 받은 사람들이 자신의 인생에 어떤 선택을 하게 되는지 그럼으로 주변인들에게 어떤 고통이 돌아오는지 나비효과처럼 나타나는 모습을 볼수 있습니다.#@문장구분# 우리는 항상 기억해야 합니다.#@문장구분# 자신이 타인에게 했던 나쁜 말이나 혐오섞인 눈빛 편견과 차별이 나중에 나에게 어떤 독이 되어 돌아올지도 모른다는 사실을 인지하고 그들은 피부색과 머리스타일이 다른 나와 같은 사람일뿐 아무런 잘못도 없고 범죄도 저지르지 않은 보통인이라는 것을 깨닫고 이런 편협한 생각에서 벗어나야 합니다.#@문장구분#",
      "paragraph_len": 1236,
      "paragraph_id": "001"
    }
  ],
  "score": {
    "paragraph_score": [
      {
        "paragraph_scoreT": [
          3,
          3,
          3
        ],
        "paragraph_scoreT_detail": {
          "paragraph_scoreT_exp": [
            [
              3,
              3,
              3
            ],
            [
              3,
              3,
              3
            ],
            [
              3,
              3,
              3
            ]
          ]
        },
        "paragraph_scoreT_avg": 3,
        "paragraph_id": "001"
      }
    ],
    "essay_scoreT": [
      30,
      30,
      28.8
    ],
    "essay_scoreT_avg": 29.6,
    "essay_scoreT_detail": {
      "essay_scoreT_org": [
        [
          3,
          3,
          3,
          3
        ],
        [
          3,
          3,
          3,
          3
        ],
        [
          3,
          3,
          3,
          3
        ]
      ],
      "essay_scoreT_cont": [
        [
          3,
          3,
          3,
          3
        ],
        [
          3,
          3,
          3,
          3
        ],
        [
          3,
          2,
          3,
          3
        ]
      ],
      "essay_scoreT_exp": [
        [
          3,
          3,
          3
        ],
        [
          3,
          3,
          3
        ],
        [
          3,
          3,
          3
        ]
      ]
    }
  },
  "student": {
    "date": "2021.11.26",
    "student_educated": true,
    "student_grade": "고등_2학년",
    "location": "063",
    "student_grade_group": "고등",
    "student_reading": 1
  },
  "rubric": {
    "essay_grade": "고등_2학년",
    "organization_weight": {
      "org_paragraph": 3,
      "org": 3,
      "org_essay": 3,
      "org_coherence": 3,
      "org_quantity": 1
    },
    "essay_type": "주장",
    "content_weight": {
      "con_clearance": 3,
      "con_novelty": 3,
      "con": 4,
      "con_prompt": 1,
      "con_description": 3
    },
    "essay_main_subject": "인종차별에 대한 본인의 생각",
    "expression_weight": {
      "exp_style": 4,
      "exp_grammar": 2,
      "exp_vocab": 4,
      "exp": 3
    }
  },
  "correction": [],
  "info": {
    "essay_id": "ESSAY_53091",
    "essay_prompt": " 최근 중국발 코로나바이러스로 인해 동양인에 대한 혐오감을 나타내는 서양인들이 늘어나고 있습니다. 그로 인해, 매스컴이나 SNS에서 인종차별을 받아 힘들어하는 동양인들을 자주 목격할 수 있습니다.\n\n 하지만, 최근에만 인종차별이 존재했을까요? 아닙니다. 아주 오래전부터 다른 인종에 대한 차별은 있었습니다.\n\n 우리나라에서는 인종차별을 안 하고 있을까요? 아닙니다. 우리나라에서도 알게 모르게 많은 부분에서 다른 국가의 사람들에 대해 인종차별을 하고 있으며 누군가에게 상처를 주고 있습니다.\n\n 즉, 인종차별은 누군가의 문제가 아니라 우리 모두의 문제입니다.\n\n 여러분들은 인종차별을 당해보신 적 있나요? 인종차별을 하는 사람들에 대해 어떻게 생각하시나요? 왜 생겨났다고 생각하나요? 인종차별을 근절하기 위해서는 어떻게 해야 할까요? 인종차별을 하는 사람들에 대해 전 세계적으로 처벌의 강도를 높여야 할까요?\n\n 인종차별을 하는 사람들에 대한 본인의 생각을 작성하고 인종차별은 해결할 수 있는 문제일지 아니면 해결하지 어려운 문제일지 작성해주세요. 또한, 그렇게 생각한 이유와 본인이 생각한 해결방법 혹은 해결할 수 없다면 왜 해결할 수 없다고 생각하는지 작성해주세요.",
    "essay_type": "주장",
    "essay_level": "1",
    "essay_len": 1057,
    "essay_main_subject": "인종차별에 대한 본인의 생각"
  }
}