{
  "paragraph": [
    {
      "paragraph_txt": "현재의 평가 방식은 별로 객관적이지 못하다고 생각한다.#@문장구분# 특정 기준을 세워 모든 학생들을 동일한 방식으로 평가하는 것은 학생 개인이 처한 환경, 각자의 성향, 목표 등이 반영되지 않은, 성급한 일반화의 오류 중 하나라고 생각한다.#@문장구분# 학생들은 저마다 다른 가정환경에서 살고 있으며 또한 각자 다른 개인사가 있다.#@문장구분# 이는 학생을 평가하는 데 영향을 크게 끼칠 수 있다고 생각한다. #@문장구분#예를 들면 부유한 가정에서 태어난 아이와 가난한 가정에서 태어난 아이는 자라면서 받는 교육의 질이 일반적으로 상당히 차이가 있으며, 이는 곧 성적의 차이로 이어질 수 있다.#@문장구분# 이것뿐만이 아니다.#@문장구분# 학생들은 저마다 다른 성향과 목표를 가지고 있으며, 이로 인해 학생들마다 다른 방식의 교육을 받을 수 있다.#@문장구분# 따라서 이런 평가 방식을 바꾸기 위해 내가 추가되어야 한다고 생각하는 평가 방식은 2가지 정도가 있다.#@문장구분# 첫 번째, 학생이 살면서 여태까지 받아 온 교육의 질을 평가 기준에 적극 반영한다.#@문장구분# 교육의 질을 선정하는 기준으로는 각 가정의 사교육비와 소득 수준을 이용한다.#@문장구분# 이 평가 방식이 도입된다면 학생이 어쩌지 못하는 교육의 질로 인한 불평등이 사라질 수 있다고 생각한다.#@문장구분# 두 번째, 각 학생의 진로와 학생이 받는 교육 방식에 맞춰 다양한 평가 기준을 제시하며, 이것으로 학생들이 받는 평가가 획일화되지 않고 다양해질 수 있도록 돕는다.#@문장구분# 평가란 객관적이어야 함이 분명하고, 또한 최대한 그렇게 되도록 노력해야 하는 것이 사실이다. #@문장구분#그러나 평가를 받는 모든 이가 처한 상황이 각자 다르니 평가 기준이 달라질 수 있는 것도 사실이다.#@문장구분# 평가가 최대한 올바른 방식으로 이루어지려면, 모든 이를 평등하게 대하는 동시에 각 개인의 사정도 수렴할 수 있게 타협해야 한다고 생각한다.#@문장구분#",
      "paragraph_len": 1160,
      "paragraph_id": "001"
    }
  ],
  "score": {
    "paragraph_score": [
      {
        "paragraph_scoreT": [
          2.8,
          3,
          3
        ],
        "paragraph_scoreT_detail": {
          "paragraph_scoreT_exp": [
            [
              2,
              3,
              3
            ],
            [
              3,
              3,
              3
            ],
            [
              3,
              3,
              3
            ]
          ]
        },
        "paragraph_scoreT_avg": 2.9333334,
        "paragraph_id": "001"
      }
    ],
    "essay_scoreT": [
      27.8,
      30,
      30
    ],
    "essay_scoreT_avg": 29.266668,
    "essay_scoreT_detail": {
      "essay_scoreT_org": [
        [
          3,
          0,
          3,
          3
        ],
        [
          3,
          0,
          3,
          3
        ],
        [
          3,
          0,
          3,
          3
        ]
      ],
      "essay_scoreT_cont": [
        [
          2,
          3,
          2,
          3
        ],
        [
          3,
          3,
          3,
          3
        ],
        [
          3,
          3,
          3,
          3
        ]
      ],
      "essay_scoreT_exp": [
        [
          2,
          3,
          3
        ],
        [
          3,
          3,
          3
        ],
        [
          3,
          3,
          3
        ]
      ]
    }
  },
  "student": {
    "date": "2021.12.23",
    "student_educated": true,
    "student_grade": "고등_1학년",
    "location": "054",
    "student_grade_group": "고등",
    "student_reading": 2
  },
  "rubric": {
    "essay_grade": "고등_1학년",
    "organization_weight": {
      "org_paragraph": 0,
      "org": 3,
      "org_essay": 6,
      "org_coherence": 3,
      "org_quantity": 1
    },
    "essay_type": "주장",
    "content_weight": {
      "con_clearance": 3,
      "con_novelty": 3,
      "con": 4,
      "con_prompt": 1,
      "con_description": 3
    },
    "essay_main_subject": "평가에 대한 본인의 의견",
    "expression_weight": {
      "exp_style": 4,
      "exp_grammar": 2,
      "exp_vocab": 4,
      "exp": 3
    }
  },
  "correction": [],
  "info": {
    "essay_id": "ESSAY_76652",
    "essay_prompt": " 평가는 일반적으로 평가대상의 장점과 가치를 결정하는 과정을 말합니다.\n\n 세상에는 무수히 많은 평가 방법들이 존재하고 그 주제도 다양합니다.\n\n 우리나라의 경우는 어떨까요? 중간, 기말시험이 있고 미술과 같은 기본기와 창의성을 평가하는 과목도 있습니다. 체육과 같은 신체적인 능력을 평가하는 과목도 있지요. 모두 적절한 기준이 있으며 매우 객관적인 기준이라고 말합니다.\n\n 하지만 여러분이 생각하기에 모든 학생을 동일한 평가지표에 맞추어 평가하는 것이 올바른 방식이라고 생각하나요?\n\n 사람마다 특성이 존재하듯 각각의 목표 또한 다르고 성과도 다를 수 있습니다. 특정 기준에 의존해 본인의 성과도를 평가하는 것이 바르다고 생각되나요?\n\n 현재의 평가 방식은 최고의 객관적인 평가 방식이라고 생각하신다면 그 이유를 작성해주세요. 아니라면 어떤 평가 기준이 추가되어야 하고 또한 어떤 생각으로 평가가 이루어졌으면 좋겠는지 서술해 주세요.",
    "essay_type": "주장",
    "essay_level": "2",
    "essay_len": 860,
    "essay_main_subject": "평가에 대한 본인의 의견"
  }
}