{
  "paragraph": [
    {
      "paragraph_txt": "내가 생각한 수능의 가장 큰 문제는 교육의 목적을 상실해버렸다는 것 이다.#@문장구분# 수학 영역의 경우, 범위는 줄어드는데 변별력은 확보해야 되니 쓸데 없는 수준으로 어려워지게 되고 깊은 이해보다 문제를 기계적으로 빨리 풀기 위한 지루한 반복 학습, 수학 자체와는 별 상관없는 테크닉들이 중요해지고 있다.#@문장구분# 특히 킬러 문제에서 이러한 경향이 심한데, 이는 대학에서 필요한 수학, 특히 자연대에서 필요한 수학과는 엄청난 괴리가 있다.#@문장구분# 어느 시기에 선택과목을 2개로 줄여버렸는데 이로인해 변별할 수 있는 폭이 줄어들자, 이전처럼 탐구 영역의 과목 대부분이 개념에 대한 정확한 이해 및 암기와 어느정도의 자료해석 능력 여부로 등급이 갈렸던 것과 달리 지금은 타임 어택과 고도의 자료 해석 능력및 상황판단 능력과 고도의 수리추론 능력을 요구하는 시험으로 변질되어 버렸다.#@문장구분# 응시자 수준이 상향평준화되어 본래 목적인 대학 수준에 필요한 교양을 쌓는 수준으로는 변별력을 전혀 확보하지 못하게 되어 문제 난도가 폭등하고, '개념'이 아닌 '문제 접근법 및 최고난도 풀이 기술'로 변별력이 갈리고 있는, 즉 사교육을 줄이겠다는 목적 의식에 역행하는 결과까지 낳게 되었다.#@문장구분# 이러다보니 공교육과 사교육의 괴리가 골깊어가게 되고 이윽고 이념 갈등으로 대립하는 상황에 이르게 된다.#@문장구분# 2021학년도에 이른 현재, 탐구 영역은 시간이 부족해서 정독을 하지 못할 정도고, 쓱 훑고 미리 외워 둔 유형에 대입하여 풀어야 하는, 지나치게 기계적인 문제풀이를 요구한다.#@문장구분# 이는 과거의 학력고사 때보다 더 퇴보된 부분으로, 이런 스킬은 시험이 아닌 학문이나 산업현장에서는 필요가 없다.#@문장구분# 한마디로 정말 무엇을 배웠는지를 평가하는것이 아닌 오로지 등수를 가르기위해 문제를 내는 교육의 목적을 상실해버렸다는것을 의미한다.#@문장구분# 따라서 수능의 개선을 위해 정부는 끊임없이 수정하고 대책을 세워야 한다고 생각한다.#@문장구분#",
      "paragraph_len": 1123,
      "paragraph_id": "001"
    }
  ],
  "score": {
    "paragraph_score": [
      {
        "paragraph_scoreT": [
          2.8,
          2.8,
          2.8
        ],
        "paragraph_scoreT_detail": {
          "paragraph_scoreT_exp": [
            [
              2,
              3,
              3
            ],
            [
              2,
              3,
              3
            ],
            [
              2,
              3,
              3
            ]
          ]
        },
        "paragraph_scoreT_avg": 2.8,
        "paragraph_id": "001"
      }
    ],
    "essay_scoreT": [
      28.2,
      28.2,
      25.4
    ],
    "essay_scoreT_avg": 27.266668,
    "essay_scoreT_detail": {
      "essay_scoreT_org": [
        [
          3,
          0,
          3,
          3
        ],
        [
          3,
          0,
          3,
          3
        ],
        [
          3,
          0,
          3,
          3
        ]
      ],
      "essay_scoreT_cont": [
        [
          3,
          2,
          3,
          3
        ],
        [
          3,
          2,
          3,
          3
        ],
        [
          2,
          2,
          2,
          2
        ]
      ],
      "essay_scoreT_exp": [
        [
          2,
          3,
          3
        ],
        [
          2,
          3,
          3
        ],
        [
          2,
          3,
          3
        ]
      ]
    }
  },
  "student": {
    "date": "2021.12.24",
    "student_educated": true,
    "student_grade": "고등_1학년",
    "location": "063",
    "student_grade_group": "고등",
    "student_reading": 3
  },
  "rubric": {
    "essay_grade": "고등_1학년",
    "organization_weight": {
      "org_paragraph": 0,
      "org": 3,
      "org_essay": 6,
      "org_coherence": 3,
      "org_quantity": 1
    },
    "essay_type": "주장",
    "content_weight": {
      "con_clearance": 3,
      "con_novelty": 3,
      "con": 4,
      "con_prompt": 1,
      "con_description": 3
    },
    "essay_main_subject": "평가에 대한 본인의 의견",
    "expression_weight": {
      "exp_style": 4,
      "exp_grammar": 2,
      "exp_vocab": 4,
      "exp": 3
    }
  },
  "correction": [],
  "info": {
    "essay_id": "ESSAY_76796",
    "essay_prompt": " 평가는 일반적으로 평가대상의 장점과 가치를 결정하는 과정을 말합니다.\n\n 세상에는 무수히 많은 평가 방법들이 존재하고 그 주제도 다양합니다.\n\n 우리나라의 경우는 어떨까요? 중간, 기말시험이 있고 미술과 같은 기본기와 창의성을 평가하는 과목도 있습니다. 체육과 같은 신체적인 능력을 평가하는 과목도 있지요. 모두 적절한 기준이 있으며 매우 객관적인 기준이라고 말합니다.\n\n 하지만 여러분이 생각하기에 모든 학생을 동일한 평가지표에 맞추어 평가하는 것이 올바른 방식이라고 생각하나요?\n\n 사람마다 특성이 존재하듯 각각의 목표 또한 다르고 성과도 다를 수 있습니다. 특정 기준에 의존해 본인의 성과도를 평가하는 것이 바르다고 생각되나요?\n\n 현재의 평가 방식은 최고의 객관적인 평가 방식이라고 생각하신다면 그 이유를 작성해주세요. 아니라면 어떤 평가 기준이 추가되어야 하고 또한 어떤 생각으로 평가가 이루어졌으면 좋겠는지 서술해 주세요.",
    "essay_type": "주장",
    "essay_level": "2",
    "essay_len": 924,
    "essay_main_subject": "평가에 대한 본인의 의견"
  }
}