{
  "paragraph": [
    {
      "paragraph_txt": "안녕하세요. #@문장구분#저는 모든 학생을 동일한 평가지표에 맞추어 평가하는 것이 올바른 방식이라고 이야기 할 수 는 없을 것 같습니다. #@문장구분#정말 주제문 그대로 사람마다 특성이 존재하듯 각각의 목표 또한 다르고 성과도 다를 수 있습니다.#@문장구분# 그런데 특정 기준에 맞추어 성과도를 평가한다는 것은 다소 과정 보다는 결과만을 중시하는 것 같다는 생각이 듭니다.#@문장구분# 저는 결과도 중요하지만 결과를 이끌어낸 과정 또한 중요하게 생각하는 사람입니다.#@문장구분# 그런 입장에서 바라보았을 때 현재 중, 고등학교에 적용되어 있는 평가 방식은(중간고사, 기말고사) 평소에는 펑펑 놀던 학생이 시험 며칠 전 밤을 새워가며 벼락치기를 하거나 답안지를 찍어서 제출하는 방식을 통해 평소 꾸준하고 성실하게 성적을 관리해오던 학생과 비등한 혹은 더 좋은 결과물을 만들어 낼 수 있다는 점이 다소 좋은 평가 방식은 아니라고 생각합니다.#@문장구분# 물론 저도 시험이 다가오면 다른 일들은 뒤로한 채 오직 시험날만을 기다리며 준비를 하곤 하지만 현재의 평가방식이 이러하니 저도 그 기준에 맞출 수 밖에 없는 것이지요.#@문장구분#결론적으로 저는 우리의 평가 방식에 무언가 변화를 줄 때가 된 것 같습니다.#@문장구분# 개개인의 특성을 전부 고려하는 것엔 다소 어려움이 있다는 점 저도 인지하고 있습니다.#@문장구분# 때문에 우리는 다같이 평가 방식에 대해 고민하고 연구해야 할 필요가 있다고 생각합니다.#@문장구분# 최대한 개인의 특성과 그 과정을 높이 사면서 결과까지 반영된 평가를 할 수 있도록 말입니다. #@문장구분#모든 학생들이 저와 의견이 동일하진 않을거라고 생각하지만 적어도 저는 평소 꾸준히 관리를 해왔기 때문이라도 이 과정에 대해 높이 평가해주는 그런 사회가 되기를 바라는 마음입니다.#@문장구분#",
      "paragraph_len": 1058,
      "paragraph_id": "001"
    }
  ],
  "score": {
    "paragraph_score": [
      {
        "paragraph_scoreT": [
          2,
          2.4,
          3
        ],
        "paragraph_scoreT_detail": {
          "paragraph_scoreT_exp": [
            [
              2,
              2,
              2
            ],
            [
              2,
              3,
              2
            ],
            [
              3,
              3,
              3
            ]
          ]
        },
        "paragraph_scoreT_avg": 2.4666667,
        "paragraph_id": "001"
      }
    ],
    "essay_scoreT": [
      20.699999,
      26.100002,
      27.6
    ],
    "essay_scoreT_avg": 24.800001,
    "essay_scoreT_detail": {
      "essay_scoreT_org": [
        [
          2,
          0,
          2,
          3
        ],
        [
          3,
          0,
          2,
          3
        ],
        [
          3,
          0,
          3,
          3
        ]
      ],
      "essay_scoreT_cont": [
        [
          2,
          2,
          3,
          2
        ],
        [
          3,
          2,
          3,
          3
        ],
        [
          3,
          2,
          3,
          2
        ]
      ],
      "essay_scoreT_exp": [
        [
          2,
          2,
          2
        ],
        [
          2,
          3,
          2
        ],
        [
          3,
          3,
          3
        ]
      ]
    }
  },
  "student": {
    "date": "2021.12.28",
    "student_educated": true,
    "student_grade": "고등_1학년",
    "location": "063",
    "student_grade_group": "고등",
    "student_reading": 2
  },
  "rubric": {
    "essay_grade": "고등_1학년",
    "organization_weight": {
      "org_paragraph": 0,
      "org": 3,
      "org_essay": 6,
      "org_coherence": 3,
      "org_quantity": 1
    },
    "essay_type": "주장",
    "content_weight": {
      "con_clearance": 3,
      "con_novelty": 3,
      "con": 4,
      "con_prompt": 1,
      "con_description": 3
    },
    "essay_main_subject": "평가에 대한 본인의 의견",
    "expression_weight": {
      "exp_style": 4,
      "exp_grammar": 2,
      "exp_vocab": 4,
      "exp": 3
    }
  },
  "correction": [],
  "info": {
    "essay_id": "ESSAY_84137",
    "essay_prompt": " 평가는 일반적으로 평가대상의 장점과 가치를 결정하는 과정을 말합니다.\n\n 세상에는 무수히 많은 평가 방법들이 존재하고 그 주제도 다양합니다.\n\n 우리나라의 경우는 어떨까요? 중간, 기말시험이 있고 미술과 같은 기본기와 창의성을 평가하는 과목도 있습니다. 체육과 같은 신체적인 능력을 평가하는 과목도 있지요. 모두 적절한 기준이 있으며 매우 객관적인 기준이라고 말합니다.\n\n 하지만 여러분이 생각하기에 모든 학생을 동일한 평가지표에 맞추어 평가하는 것이 올바른 방식이라고 생각하나요?\n\n 사람마다 특성이 존재하듯 각각의 목표 또한 다르고 성과도 다를 수 있습니다. 특정 기준에 의존해 본인의 성과도를 평가하는 것이 바르다고 생각되나요?\n\n 현재의 평가 방식은 최고의 객관적인 평가 방식이라고 생각하신다면 그 이유를 작성해주세요. 아니라면 어떤 평가 기준이 추가되어야 하고 또한 어떤 생각으로 평가가 이루어졌으면 좋겠는지 서술해 주세요.",
    "essay_type": "주장",
    "essay_level": "2",
    "essay_len": 820,
    "essay_main_subject": "평가에 대한 본인의 의견"
  }
}