{
  "paragraph": [
    {
      "paragraph_txt": "강한자에겐 약하고 약한자에겐 강하다.#@문장구분# 인종차별은 우월주의에서 비롯된다 라고 생각합니다#@문장구분# 특히 백인 우월 주위는 백인만이 아니라 다른 유색 인종들도 마음 한켠 가지고 있는 생각이 아닌가 생각된다.#@문장구분# 인종차별을 해결하기 위해서 우리가 해야 할 일은 어떤 것이 있을까요?#@문장구분# 제일 먼저 사람들에게 우리는 다같은 사람들이라는 것을 알게 해주고 어릴때 부터, 인종차별에 대한 관념을 바꾸는 교육을 하는 방법이 있을 것입니다.#@문장구분# 백인들과 유색인이 서로 타협하며 이해와 관용의 자세를 가지고 서로에 대해 생각하는 가치를 바꿔야 할 것입니다. #@문장구분#우리는 소외받고 무시받는 이들을 두려워하거나 무시하지말고 감싸안아 줄 수 있어야 합니다. #@문장구분#우리들 모두가 우리와 다른 인종을 무시하지 않고, 모든 사람을 평등하게 보는 것도 인종차별 해결 방법인 것 같습니다.#@문장구분# 또는 길거리 벽에다가 여러 문화권의 사람들이랑 같이 어울려 함께 웃는 벽화를 그리는 것도 인종차별을 해결하는 괜찮은 방법이라고 생각합니다.#@문장구분# 서로 서로의 타협이 가장 중요한 점입니다.#@문장구분# 또한 부모님들의 인식도 중요합니다.#@문장구분# 어렸을적부터 인종차별의 관념을 바꿔주는 역할이 제일 중요합니다.#@문장구분# 인종차별에 대한 특히 유색인의 자각과 자립에 대한 강한 의욕, 민족 ·부족을 초월하는 유색인의 국제적 연대는 많은 취약점에도 불구하고 큰 힘으로 성장하고 있다고 합니다. #@문장구분#UN에서도 남아프리카공화국이나 로디지아에 대한 경제적 제재를 결의한 바 있으며, 과학자들을 통하여 인종주의의 오류를 선언하는 등의 노력을 계속하고 있습니다.#@문장구분# 인종차별이 아닌 인종차이 일뿐이고, 저사람과 내모습이 다를 뿐 이상한것이 아니기에 편견을 가지고 보지 않는것이 인종차별 해결에서 제일 중요한 것이라고 생각합니다.",
      "paragraph_len": 1118,
      "paragraph_id": "001"
    }
  ],
  "score": {
    "paragraph_score": [
      {
        "paragraph_scoreT": [
          3,
          3,
          3
        ],
        "paragraph_scoreT_detail": {
          "paragraph_scoreT_exp": [
            [
              3,
              3,
              3
            ],
            [
              3,
              3,
              3
            ],
            [
              3,
              3,
              3
            ]
          ]
        },
        "paragraph_scoreT_avg": 3,
        "paragraph_id": "001"
      }
    ],
    "essay_scoreT": [
      30,
      28.8,
      28.8
    ],
    "essay_scoreT_avg": 29.199999,
    "essay_scoreT_detail": {
      "essay_scoreT_org": [
        [
          3,
          3,
          3,
          3
        ],
        [
          3,
          3,
          3,
          3
        ],
        [
          3,
          3,
          3,
          3
        ]
      ],
      "essay_scoreT_cont": [
        [
          3,
          3,
          3,
          3
        ],
        [
          2,
          3,
          3,
          3
        ],
        [
          2,
          3,
          3,
          3
        ]
      ],
      "essay_scoreT_exp": [
        [
          3,
          3,
          3
        ],
        [
          3,
          3,
          3
        ],
        [
          3,
          3,
          3
        ]
      ]
    }
  },
  "student": {
    "date": "2021.12.10",
    "student_educated": true,
    "student_grade": "고등_2학년",
    "location": "063",
    "student_grade_group": "고등",
    "student_reading": 1
  },
  "rubric": {
    "essay_grade": "고등_2학년",
    "organization_weight": {
      "org_paragraph": 3,
      "org": 3,
      "org_essay": 3,
      "org_coherence": 3,
      "org_quantity": 1
    },
    "essay_type": "주장",
    "content_weight": {
      "con_clearance": 3,
      "con_novelty": 3,
      "con": 4,
      "con_prompt": 1,
      "con_description": 3
    },
    "essay_main_subject": "인종차별에 대한 본인의 생각",
    "expression_weight": {
      "exp_style": 4,
      "exp_grammar": 2,
      "exp_vocab": 4,
      "exp": 3
    }
  },
  "correction": [],
  "info": {
    "essay_id": "ESSAY_57409",
    "essay_prompt": " 최근 중국발 코로나바이러스로 인해 동양인에 대한 혐오감을 나타내는 서양인들이 늘어나고 있습니다. 그로 인해, 매스컴이나 SNS에서 인종차별을 받아 힘들어하는 동양인들을 자주 목격할 수 있습니다.\n\n 하지만, 최근에만 인종차별이 존재했을까요? 아닙니다. 아주 오래전부터 다른 인종에 대한 차별은 있었습니다.\n\n 우리나라에서는 인종차별을 안 하고 있을까요? 아닙니다. 우리나라에서도 알게 모르게 많은 부분에서 다른 국가의 사람들에 대해 인종차별을 하고 있으며 누군가에게 상처를 주고 있습니다.\n\n 즉, 인종차별은 누군가의 문제가 아니라 우리 모두의 문제입니다.\n\n 여러분들은 인종차별을 당해보신 적 있나요? 인종차별을 하는 사람들에 대해 어떻게 생각하시나요? 왜 생겨났다고 생각하나요? 인종차별을 근절하기 위해서는 어떻게 해야 할까요? 인종차별을 하는 사람들에 대해 전 세계적으로 처벌의 강도를 높여야 할까요?\n\n 인종차별을 하는 사람들에 대한 본인의 생각을 작성하고 인종차별은 해결할 수 있는 문제일지 아니면 해결하지 어려운 문제일지 작성해주세요. 또한, 그렇게 생각한 이유와 본인이 생각한 해결방법 혹은 해결할 수 없다면 왜 해결할 수 없다고 생각하는지 작성해주세요.",
    "essay_type": "주장",
    "essay_level": "1",
    "essay_len": 838,
    "essay_main_subject": "인종차별에 대한 본인의 생각"
  }
}