{
  "paragraph": [
    {
      "paragraph_txt": "나는 수능에 대해 교육평가 정의를 제대로 실현하고 있다고 생각하지 않는다.#@문장구분# 왜냐면 누군가가 진학하고 싶은 진로에 관련된 과목은 수능에서 반영을 하는 것이 많지만, 자기 진로와 연관되지도 않는 과목을 치는 것은 굉장히 비효율적인 것 같기 때문이다.#@문장구분# 예를 들어 어느정도 기초 학력과 지식이 있어야 하는 것이 맞지만, 과도하게 수학이나 다른 과목들의 비중을 높이고 있다는 생각이 든다.#@문장구분# 그래서 나는 수능에서 나은 성적보다는 면접과 실기를 통해 그 지원자의 인성과 성품과 실력에 조금 더 비중을 두었으면 한다.#@문장구분# 그런데 적다보니 너무 자기합리화를 하는 것 같아서 조금 기분이 이상하다.#@문장구분# 이런 생각이 들지않게요.#@문장구분# 공부에 대한 시간을 충분히 투자하고 운동또한 열심히 하여 원하는 목표대학과 내 진도에 도달하고 싶다.#@문장구분# 따라서 내가 생각하는 올바른 수능은 자기 진로에 맞춘 과목을 반영하는 것이 바람직하다고 생각한다.#@문장구분# 우리 인생에 공부다 다가 아니지만 어느정도는 필요하다 생각하기 때문에 수능이 완전히 없어지는 것은 반대하지만 어느정도는 자기 진도에 맞춘 과목만을 반영하여 조금더 자신들의 장기를 발휘하면 좋겠다.#@문장구분#",
      "paragraph_len": 738,
      "paragraph_id": "001"
    }
  ],
  "score": {
    "paragraph_score": [
      {
        "paragraph_scoreT": [
          2.6,
          3,
          3
        ],
        "paragraph_scoreT_detail": {
          "paragraph_scoreT_exp": [
            [
              3,
              3,
              2
            ],
            [
              3,
              3,
              3
            ],
            [
              3,
              3,
              3
            ]
          ]
        },
        "paragraph_scoreT_avg": 2.8666668,
        "paragraph_id": "001"
      }
    ],
    "essay_scoreT": [
      23.4,
      27.9,
      27.900002
    ],
    "essay_scoreT_avg": 26.4,
    "essay_scoreT_detail": {
      "essay_scoreT_org": [
        [
          2,
          0,
          2,
          2
        ],
        [
          2,
          0,
          3,
          2
        ],
        [
          3,
          0,
          2,
          3
        ]
      ],
      "essay_scoreT_cont": [
        [
          2,
          2,
          3,
          3
        ],
        [
          3,
          3,
          3,
          3
        ],
        [
          2,
          3,
          3,
          3
        ]
      ],
      "essay_scoreT_exp": [
        [
          3,
          3,
          2
        ],
        [
          3,
          3,
          3
        ],
        [
          3,
          3,
          3
        ]
      ]
    }
  },
  "student": {
    "date": "2021.09.07",
    "student_educated": true,
    "student_grade": "고등_1학년",
    "location": "051",
    "student_grade_group": "고등",
    "student_reading": 2
  },
  "rubric": {
    "essay_grade": "고등_1학년",
    "organization_weight": {
      "org_paragraph": 0,
      "org": 3,
      "org_essay": 6,
      "org_coherence": 3,
      "org_quantity": 1
    },
    "essay_type": "주장",
    "content_weight": {
      "con_clearance": 3,
      "con_novelty": 3,
      "con": 4,
      "con_prompt": 1,
      "con_description": 3
    },
    "essay_main_subject": "평가에 대한 본인의 의견",
    "expression_weight": {
      "exp_style": 4,
      "exp_grammar": 2,
      "exp_vocab": 4,
      "exp": 3
    }
  },
  "correction": [],
  "info": {
    "essay_id": "ESSAY_35532",
    "essay_prompt": " 평가는 일반적으로 평가대상의 장점과 가치를 결정하는 과정을 말합니다.\n\n 세상에는 무수히 많은 평가 방법들이 존재하고 그 주제도 다양합니다.\n\n 우리나라의 경우는 어떨까요? 중간, 기말시험이 있고 미술과 같은 기본기와 창의성을 평가하는 과목도 있습니다. 체육과 같은 신체적인 능력을 평가하는 과목도 있지요. 모두 적절한 기준이 있으며 매우 객관적인 기준이라고 말합니다.\n\n 하지만 여러분이 생각하기에 모든 학생을 동일한 평가지표에 맞추어 평가하는 것이 올바른 방식이라고 생각하나요?\n\n 사람마다 특성이 존재하듯 각각의 목표 또한 다르고 성과도 다를 수 있습니다. 특정 기준에 의존해 본인의 성과도를 평가하는 것이 바르다고 생각되나요?\n\n 현재의 평가 방식은 최고의 객관적인 평가 방식이라고 생각하신다면 그 이유를 작성해주세요. 아니라면 어떤 평가 기준이 추가되어야 하고 또한 어떤 생각으로 평가가 이루어졌으면 좋겠는지 서술해 주세요.",
    "essay_type": "주장",
    "essay_level": "2",
    "essay_len": 558,
    "essay_main_subject": "평가에 대한 본인의 의견"
  }
}