{
  "paragraph": [
    {
      "paragraph_txt": "저는 현재의 평가 방식이 매우 부정적으로 생각합니다.#@문장구분# 사람은 각자 특색이 있고 잘하는 게 있고 하고 싶은 게 있고 좋아하는 게 있습니다.#@문장구분# 각자 갖고 있는 색이 다른데 하나의 기준에 맞추어 평가받기 위해 살게 된다면 아무 것도 아닌 색이 될 거 같기 때문입니다.#@문장구분# 본연의 색을 잃으면 삶이 재미가 없어지게 되고 나중에는 허탈함이 찾아올 겁니다.#@문장구분# 그리고 각자 본연의 색을 잃게한 평가 기준에 맞추지 못하면 미래의 안정적인 경제적 생활을 할 수 없다고 보이고 있습니다.#@문장구분# 그렇게 하나 둘 각자의 색을 잃고 다른 사람에 맞춰 살아가려고 하는 거 같습니다.#@문장구분# 그래서 저는 평가 기준과 방법이 바뀌어야 한다고 생각합니다.#@문장구분# 탐구형 평가. 발표 자료를 만들어 수업에 관련된 것, 수업에 대해서 탐구하고 깨닫고 그것을 알리고 하는 활동. 또 논술 평가 방식까지도 정말 좋다고 생각합니다.#@문장구분# 세상에 있는 시험 문제들은 거의 객관식이거나 주관식이 다인데, 자신의 의견을 담은 글이나 자신의 방식으로 풀어온 걸 설명해 줄 서술형이 있다면 더 좋은 평가를 위해 쓰일 수 있을 거라고 생각합니다.#@문장구분# 또한 논술은 사람의 생각을 더 풍부하게 만들어준다고 생각합니다,#@문장구분# 글을 쓰면서 자신의 어휘력과 문장구사 능력등 미래에서 정말 중요하게 작용할 수 있는 것들이 논술 평가 방식으로 인해 향상 될 수 있을거라고 생각합니다.#@문장구분# 그래서 저는 평가 기준을 바꾸는 것도 좋지만 탐구형 발표 평가나 서술형 같은 것들을 하면 더 좋을 것 같다고 확신합니다.#@문장구분# 나는 결과도 중요하다고 생각하지만, 과정이 더 중요하다고 생각하기에 논술과 같은 평가들이 더 좋은 평가라고 생각하는 거 같습니다.#@문장구분# 지금에는 평가를 하게 된다면 과정은 잘 보여지지 않지만 또 다른 무언가 예를 들어 마음가짐, 성실, 목표를 위한 노력의 과정이 과정에 들어있다고 믿고 있습니다.#@문장구분# 그리고 나는 수학능력시험으로 사람들 평가하는 것 보다는 이런식으로의 과정이 들어간 평가를 하는 것이 더 좋을 것이라고 생각합니다.#@문장구분#",
      "paragraph_len": 1264,
      "paragraph_id": "001"
    }
  ],
  "score": {
    "paragraph_score": [
      {
        "paragraph_scoreT": [
          3,
          3,
          2.8
        ],
        "paragraph_scoreT_detail": {
          "paragraph_scoreT_exp": [
            [
              3,
              3,
              3
            ],
            [
              3,
              3,
              3
            ],
            [
              2,
              3,
              3
            ]
          ]
        },
        "paragraph_scoreT_avg": 2.9333334,
        "paragraph_id": "001"
      }
    ],
    "essay_scoreT": [
      30,
      30,
      29.4
    ],
    "essay_scoreT_avg": 29.800001,
    "essay_scoreT_detail": {
      "essay_scoreT_org": [
        [
          3,
          0,
          3,
          3
        ],
        [
          3,
          0,
          3,
          3
        ],
        [
          3,
          0,
          3,
          3
        ]
      ],
      "essay_scoreT_cont": [
        [
          3,
          3,
          3,
          3
        ],
        [
          3,
          3,
          3,
          3
        ],
        [
          3,
          3,
          3,
          3
        ]
      ],
      "essay_scoreT_exp": [
        [
          3,
          3,
          3
        ],
        [
          3,
          3,
          3
        ],
        [
          2,
          3,
          3
        ]
      ]
    }
  },
  "student": {
    "date": "2021.12.20",
    "student_educated": true,
    "student_grade": "고등_1학년",
    "location": "063",
    "student_grade_group": "고등",
    "student_reading": 1
  },
  "rubric": {
    "essay_grade": "고등_1학년",
    "organization_weight": {
      "org_paragraph": 0,
      "org": 3,
      "org_essay": 6,
      "org_coherence": 3,
      "org_quantity": 1
    },
    "essay_type": "주장",
    "content_weight": {
      "con_clearance": 3,
      "con_novelty": 3,
      "con": 4,
      "con_prompt": 1,
      "con_description": 3
    },
    "essay_main_subject": "평가에 대한 본인의 의견",
    "expression_weight": {
      "exp_style": 4,
      "exp_grammar": 2,
      "exp_vocab": 4,
      "exp": 3
    }
  },
  "correction": [],
  "info": {
    "essay_id": "ESSAY_71885",
    "essay_prompt": " 평가는 일반적으로 평가대상의 장점과 가치를 결정하는 과정을 말합니다.\n\n 세상에는 무수히 많은 평가 방법들이 존재하고 그 주제도 다양합니다.\n\n 우리나라의 경우는 어떨까요? 중간, 기말시험이 있고 미술과 같은 기본기와 창의성을 평가하는 과목도 있습니다. 체육과 같은 신체적인 능력을 평가하는 과목도 있지요. 모두 적절한 기준이 있으며 매우 객관적인 기준이라고 말합니다.\n\n 하지만 여러분이 생각하기에 모든 학생을 동일한 평가지표에 맞추어 평가하는 것이 올바른 방식이라고 생각하나요?\n\n 사람마다 특성이 존재하듯 각각의 목표 또한 다르고 성과도 다를 수 있습니다. 특정 기준에 의존해 본인의 성과도를 평가하는 것이 바르다고 생각되나요?\n\n 현재의 평가 방식은 최고의 객관적인 평가 방식이라고 생각하신다면 그 이유를 작성해주세요. 아니라면 어떤 평가 기준이 추가되어야 하고 또한 어떤 생각으로 평가가 이루어졌으면 좋겠는지 서술해 주세요.",
    "essay_type": "주장",
    "essay_level": "2",
    "essay_len": 964,
    "essay_main_subject": "평가에 대한 본인의 의견"
  }
}