{
  "paragraph": [
    {
      "paragraph_txt": "나는 우리나라 수학능력평가시험이 현 입시의 평가인 일명 수능으로만 평가를 하여 대학교의 입학 여부를 정하는 것은 좁은 폭의 평가라고 생각합니다.#@문장구분# 학생들이 동일한 평가지표에 맞추어 평가하는 것이 맞다.#@문장구분# 물론 사람들마다 목표하는 것도, 살아온 환경과 상황도 다릅니다.#@문장구분# 예를 들어 농어촌에 사는 학생들은 수도권 지역에 사는 학생들보다 상대적으로 열악한 교육환경을 가지고 있습니다.#@문장구분# 그래서 현재 농어촌 특별전형이 만들어졌습니다.#@문장구분# 평가대상의 장점이나 가치가 그저 수학, 과학, 사회, 영어뿐만 아니라 예체능, 인성, 예술적 감각 등 다양한 가치가 있습니다.#@문장구분# 평가 수준의 평가는 절대기준평가 원리에 입각하여 실시하고 총점, 평균, 석차를 표기하지 않고 과목별로 설정된 하위영역에 대한 학생의 도달정도를 통지해야합니다.#@문장구분# 또한 목표의 성격에 적절한 방식 으로 다양한 평가가 이루어지기 위해 수업에 대한 열성, 흥미, 과제수행 정도를 포함하고 표준화 검사 결과와 더불어 직접 가르친 교사의 평정점수를 최종 성적 결정에 포함해야 합니다#@문장구분# 그런데 그저 수능 점수로 대학교 합격 티켓이 주워진다면, 그건 평가를 하기보다는 교육의 목표가 그저 수능 점수를 올린 후 대학에 입학하게 만드는 현 입시 상황이라면 수학능력시험은 동일한 기준으로 많은 학생들을 평가하기엔 좋은 평가 방법일지도 모릅니다.#@문장구분# 그러나 앞으로의 사회 속에서 필요한 창의력 높은 인재와 행복 추구를 위한 가치 판단을 위해서는 더욱 다양하고 넓은 기준의 평가가 필요합니다.#@문장구분# 이 공부가 미래의 실생활에 도움이 확실하게 되는 어찌 보면 인생에 있어서 길면 긴 시간인 이 시간 동안에 앞으로의 삶에 실질적 도움이 되는 평가와 교육을 해야 합니다.#@문장구분#",
      "paragraph_len": 1047,
      "paragraph_id": "001"
    }
  ],
  "score": {
    "paragraph_score": [
      {
        "paragraph_scoreT": [
          2.8,
          2.6,
          2.2
        ],
        "paragraph_scoreT_detail": {
          "paragraph_scoreT_exp": [
            [
              2,
              3,
              3
            ],
            [
              3,
              3,
              2
            ],
            [
              3,
              2,
              2
            ]
          ]
        },
        "paragraph_scoreT_avg": 2.533333,
        "paragraph_id": "001"
      }
    ],
    "essay_scoreT": [
      24.5,
      27.599998,
      26.400002
    ],
    "essay_scoreT_avg": 26.166666,
    "essay_scoreT_detail": {
      "essay_scoreT_org": [
        [
          2,
          0,
          3,
          2
        ],
        [
          3,
          0,
          3,
          3
        ],
        [
          3,
          0,
          3,
          3
        ]
      ],
      "essay_scoreT_cont": [
        [
          3,
          2,
          2,
          2
        ],
        [
          3,
          2,
          3,
          3
        ],
        [
          3,
          2,
          3,
          3
        ]
      ],
      "essay_scoreT_exp": [
        [
          2,
          3,
          3
        ],
        [
          3,
          3,
          2
        ],
        [
          3,
          2,
          2
        ]
      ]
    }
  },
  "student": {
    "date": "2021.12.27",
    "student_educated": true,
    "student_grade": "고등_1학년",
    "location": "063",
    "student_grade_group": "고등",
    "student_reading": 2
  },
  "rubric": {
    "essay_grade": "고등_1학년",
    "organization_weight": {
      "org_paragraph": 0,
      "org": 3,
      "org_essay": 6,
      "org_coherence": 3,
      "org_quantity": 1
    },
    "essay_type": "주장",
    "content_weight": {
      "con_clearance": 3,
      "con_novelty": 3,
      "con": 4,
      "con_prompt": 1,
      "con_description": 3
    },
    "essay_main_subject": "평가에 대한 본인의 의견",
    "expression_weight": {
      "exp_style": 4,
      "exp_grammar": 2,
      "exp_vocab": 4,
      "exp": 3
    }
  },
  "correction": [],
  "info": {
    "essay_id": "ESSAY_79758",
    "essay_prompt": " 평가는 일반적으로 평가대상의 장점과 가치를 결정하는 과정을 말합니다.\n\n 세상에는 무수히 많은 평가 방법들이 존재하고 그 주제도 다양합니다.\n\n 우리나라의 경우는 어떨까요? 중간, 기말시험이 있고 미술과 같은 기본기와 창의성을 평가하는 과목도 있습니다. 체육과 같은 신체적인 능력을 평가하는 과목도 있지요. 모두 적절한 기준이 있으며 매우 객관적인 기준이라고 말합니다.\n\n 하지만 여러분이 생각하기에 모든 학생을 동일한 평가지표에 맞추어 평가하는 것이 올바른 방식이라고 생각하나요?\n\n 사람마다 특성이 존재하듯 각각의 목표 또한 다르고 성과도 다를 수 있습니다. 특정 기준에 의존해 본인의 성과도를 평가하는 것이 바르다고 생각되나요?\n\n 현재의 평가 방식은 최고의 객관적인 평가 방식이라고 생각하신다면 그 이유를 작성해주세요. 아니라면 어떤 평가 기준이 추가되어야 하고 또한 어떤 생각으로 평가가 이루어졌으면 좋겠는지 서술해 주세요.",
    "essay_type": "주장",
    "essay_level": "2",
    "essay_len": 828,
    "essay_main_subject": "평가에 대한 본인의 의견"
  }
}