{
  "paragraph": [
    {
      "paragraph_txt": "평가란 자신의 가치를 증명 할 수 있는 방법 중 하나입니다.#@문장구분# 그리고 어딜 가도 평가가 뒤 자신의 대한 인식, 미래 , 수준을 알려준다고 생각합니다.#@문장구분#자신의 가치를 증명하고 더 나은 미래를 위해 옛날 삼국시대, 고려 등에 인재들은 과거라는 시험 등을 응시하여 자신의 가치를 보였고 그 평가를 통해 일명 성공한 삶을 얻었습니다.#@문장구분# 결국 평가란 사람들이 원하고 쓸모있는 사람들을 발굴하고 채용하기 위한 방법이기에 누구보다 공평하고 냉정하게 봅니다. #@문장구분# 그렇게 수 세기 동안 평가란 다양하게 발전하고 여러 가지 평가 방법이 나왔고 현대에는 다양한 과목 , 전공으로 나뉘어져 객관적인 기준에 따라 사람들을 평가하고 있습니다.#@문장구분# 저는 이 현재의 평가 방식이 현재로선 가장 공정하고 냉정한 평가라고 생각합니다.#@문장구분# 사람마다 재능,원하는 것, 잘하는 것은 다르지만 사람들은 자신이 무엇에 재능이 있고 원하는 건 먼지 잘하는 건지  아는 사람들은 적습니다.#@문장구분# 한 평생도록 자신의 재능을 모르는 사람도 존재합니다.#@문장구분# 그렇기에 현대에 들어와 재능발굴을 위한 프로젝트, 다양한 과목, 학생들에게 다양한 세상을 보여주면서 자신의 재능을 찾게 도와주고 있습니다.#@문장구분# 그렇기에 현재 배우는 것에 대한 성취도, 재능 등에 평가는 당연한 것이다.#@문장구분# 자신이 이게 맞지 않고 색다른 건 원한다면 하면 된다.#@문장구분# 평가는 예전부터 피할수 없는 현실이다. #@문장구분#어떤 사람이 일을 잘한다고 소문이 나있는데 그 기준이 무엇이냐 하면 그 사람에 대한 평가가 좋아서이다.#@문장구분# 세상을 평가가 없이는 돌아갈 수 없는 구조이다. #@문장구분#그래서 나는 평가를 피할 수 없는 현실이라고 생각한다.#@문장구분# 평가는 현실이다. #@문장구분#그래서 나는 평가에 대해 긍정적으로 생각한다.#@문장구분#",
      "paragraph_len": 1159,
      "paragraph_id": "001"
    }
  ],
  "score": {
    "paragraph_score": [
      {
        "paragraph_scoreT": [
          2.4,
          2.8,
          2.4
        ],
        "paragraph_scoreT_detail": {
          "paragraph_scoreT_exp": [
            [
              2,
              2,
              3
            ],
            [
              2,
              3,
              3
            ],
            [
              2,
              2,
              3
            ]
          ]
        },
        "paragraph_scoreT_avg": 2.5333333,
        "paragraph_id": "001"
      }
    ],
    "essay_scoreT": [
      25.800001,
      24.5,
      26.7
    ],
    "essay_scoreT_avg": 25.666666,
    "essay_scoreT_detail": {
      "essay_scoreT_org": [
        [
          3,
          0,
          3,
          3
        ],
        [
          2,
          0,
          3,
          2
        ],
        [
          3,
          0,
          3,
          2
        ]
      ],
      "essay_scoreT_cont": [
        [
          3,
          2,
          3,
          2
        ],
        [
          3,
          2,
          2,
          2
        ],
        [
          3,
          2,
          3,
          3
        ]
      ],
      "essay_scoreT_exp": [
        [
          2,
          2,
          3
        ],
        [
          2,
          3,
          3
        ],
        [
          2,
          2,
          3
        ]
      ]
    }
  },
  "student": {
    "date": "2021.11.01",
    "student_educated": true,
    "student_grade": "고등_1학년",
    "location": "054",
    "student_grade_group": "고등",
    "student_reading": 1
  },
  "rubric": {
    "essay_grade": "고등_1학년",
    "organization_weight": {
      "org_paragraph": 0,
      "org": 3,
      "org_essay": 6,
      "org_coherence": 3,
      "org_quantity": 1
    },
    "essay_type": "주장",
    "content_weight": {
      "con_clearance": 3,
      "con_novelty": 3,
      "con": 4,
      "con_prompt": 1,
      "con_description": 3
    },
    "essay_main_subject": "평가에 대한 본인의 의견",
    "expression_weight": {
      "exp_style": 4,
      "exp_grammar": 2,
      "exp_vocab": 4,
      "exp": 3
    }
  },
  "correction": [],
  "info": {
    "essay_id": "ESSAY_44861",
    "essay_prompt": " 평가는 일반적으로 평가대상의 장점과 가치를 결정하는 과정을 말합니다.\n\n 세상에는 무수히 많은 평가 방법들이 존재하고 그 주제도 다양합니다.\n\n 우리나라의 경우는 어떨까요? 중간, 기말시험이 있고 미술과 같은 기본기와 창의성을 평가하는 과목도 있습니다. 체육과 같은 신체적인 능력을 평가하는 과목도 있지요. 모두 적절한 기준이 있으며 매우 객관적인 기준이라고 말합니다.\n\n 하지만 여러분이 생각하기에 모든 학생을 동일한 평가지표에 맞추어 평가하는 것이 올바른 방식이라고 생각하나요?\n\n 사람마다 특성이 존재하듯 각각의 목표 또한 다르고 성과도 다를 수 있습니다. 특정 기준에 의존해 본인의 성과도를 평가하는 것이 바르다고 생각되나요?\n\n 현재의 평가 방식은 최고의 객관적인 평가 방식이라고 생각하신다면 그 이유를 작성해주세요. 아니라면 어떤 평가 기준이 추가되어야 하고 또한 어떤 생각으로 평가가 이루어졌으면 좋겠는지 서술해 주세요.",
    "essay_type": "주장",
    "essay_level": "2",
    "essay_len": 821,
    "essay_main_subject": "평가에 대한 본인의 의견"
  }
}