{
  "paragraph": [
    {
      "paragraph_txt": "2021년 4월 기준 세계 195개국 중 백신을 한 명도 안 맞은 나라는 50개국 정도라고 했다.#@문장구분# 특히 중앙아시아와 쿠바, 수리남등의 중남미에 많다.#@문장구분# 반면 이스라엘이나 영국, 미국과 같은 선진국은 코로나19 백신을 싹쓸이했다.#@문장구분# 남아공 시릴 라마포사 백신 특허권을 일시 포기 요구를 하기도 했다.#@문장구분# 지난해 10월부터 남아공 대통령 시릴 라마포사와 인도에서는 코로나 백신 \"지적재산권일시 포기를 제기해 왔다.#@문장구분# 선진국이라는 이유로 코로나 백신을 싹쓸이 했다는 것에 대해 불만이 없을 수가 없다.#@문장구분# 영국의 일간지에서는 최근 온라인판 기사에서 국제 활동가들이 이런 불평들을 '백신 아파르트헤이트'라고 부른다고 소개했다.#@문장구분# 남아프리카공화국의 악명 높은 인종차별주의에 빗댔다.#@문장구분# 국제 활동가들은 백신의 특허권을 일시적으로 정지해 생산량을 늘리자고 제안한다.#@문장구분# 근거는 세계무역기구의 도하선언이다.#@문장구분# WTO는 1995년 '무역 관련 지적재산권에 관한 협정'에서 특허 보호를 결정했다가 2001년 도하선언에서 공평한 의약품 접근성을 보장하기 위해 지적재산권을 제한할 수 있다고 선언했다.#@문장구분# 특허를 정지하려면 각국 정부가 강제실시권을 동원하면 된다.#@문장구분# 인도, 남아공은 작년 10월 건건이 강제실시권을 동원하기보다 코로나 대유행 기간에 일괄적으로 유예하자는 청원서를 WTO에 냈다.#@문장구분# 세계 90여 개국과 국경없는 이사회 앰네스티 등 국제단체 300여 개가 지지한다.#@문장구분# WHO 사무총장도 \"지금 아니면 언제\"라며 지지했다.#@문장구분# 선진국의 의견도 중요하지만 지금 코로나19는 대유행 상황이다.#@문장구분# 지금도 죽어나가는 사람들이 있을텐데 자신들의 이득도 좋지만 먼저 사람을 구하는 일이라는 생각을 하면서 너무 반대를 안 했으면 좋겠다.#@문장구분# 각국의 나라의 이득보다 사람이 먼저인 개인의 득보다 여러사람의 이익을 먼저 생각해줬으면 좋겠다.#@문장구분#",
      "paragraph_len": 1241,
      "paragraph_id": "001"
    }
  ],
  "score": {
    "paragraph_score": [
      {
        "paragraph_scoreT": [
          2.6,
          2.8,
          2
        ],
        "paragraph_scoreT_detail": {
          "paragraph_scoreT_exp": [
            [
              3,
              2,
              3
            ],
            [
              2,
              3,
              3
            ],
            [
              2,
              2,
              2
            ]
          ]
        },
        "paragraph_scoreT_avg": 2.4666665,
        "paragraph_id": "001"
      }
    ],
    "essay_scoreT": [
      26.7,
      27.6,
      23.099998
    ],
    "essay_scoreT_avg": 25.800001,
    "essay_scoreT_detail": {
      "essay_scoreT_org": [
        [
          3,
          2,
          3,
          3
        ],
        [
          3,
          2,
          2,
          3
        ],
        [
          2,
          2,
          2,
          3
        ]
      ],
      "essay_scoreT_cont": [
        [
          3,
          2,
          3,
          3
        ],
        [
          3,
          3,
          3,
          3
        ],
        [
          3,
          2,
          3,
          3
        ]
      ],
      "essay_scoreT_exp": [
        [
          3,
          2,
          3
        ],
        [
          2,
          3,
          3
        ],
        [
          2,
          2,
          2
        ]
      ]
    }
  },
  "student": {
    "date": "2021.10.21",
    "student_educated": true,
    "student_grade": "고등_2학년",
    "location": "02",
    "student_grade_group": "고등",
    "student_reading": 2
  },
  "rubric": {
    "essay_grade": "고등_2학년",
    "organization_weight": {
      "org_paragraph": 3,
      "org": 3,
      "org_essay": 3,
      "org_coherence": 3,
      "org_quantity": 1
    },
    "essay_type": "주장",
    "content_weight": {
      "con_clearance": 3,
      "con_novelty": 3,
      "con": 4,
      "con_prompt": 1,
      "con_description": 3
    },
    "essay_main_subject": "지적 재산권에 대한 본인의 생각 작성",
    "expression_weight": {
      "exp_style": 4,
      "exp_grammar": 2,
      "exp_vocab": 4,
      "exp": 3
    }
  },
  "correction": [],
  "info": {
    "essay_id": "ESSAY_37938",
    "essay_prompt": " 지적재산권이란 특허권, 실용신안권, 상표권, 디자인권을 총칭하는 개념으로 지적재산권법은 정보생산자에게 일정기간 동안 시장에서의 배타적 지위를 부여하고 있습니다.\n\n 즉, 지적 재산권은 특정 사람이 생각/창작해낸 것을 다른사람들의 무분별한 이용으로 부터 지켜주는 것입니다. 이러한 지적재산권은 개인 혹은 회사 더 나아가 나라에 귀속될 수 있습니다.\n\n 다만, 코로나 시대인 요즘 전 세계적인 재앙인 코로나를 물리칠 수 있는 백신에 대한 지적재산권을 자유롭게 풀어야한다는 의견이 계속해서 나오고 있습니다. \n\n 지적 재산권이 있는 제약회사가 있는 나라의 경우 백신이 충분하며 백신을 맞는 것이 선택의 문제인 반면, 그렇지 못한 나라는 백신을 맞고 싶어도 맞지 못하는 사람들이 많고 항체가 없어 사망하는 경우도 비교적 많이 때문입니다.\n\n 전 세계의 문제를 해결하기 위해 수 많은 돈을 들여 개발한 백신의 지적재산권을 공유하는 것이 의무화 되어야 할까요? 아니면 회사의 선택에 맡겨야할까요? 보상은 어떻게 해야할까요? \n\n 전 세계에 무상으로 공개 해야 한다는 의견이 있을 수도 있고 무상으로 공개한 회사의 경우 팬더믹 상황이 종결 된 후 따로 보상을 해주어야 한다는 의견도 있을 겁니다. 지적재산권의 변하지 않는 신뢰를 위해서라도 무상 공개는 절대 있어서는 안된다는 의견도 있을 것입니다.\n\n 지금까지도 펜더믹 상황에서 코로나19 백신에 대한 특허권을 보장해야 하느냐 풀어야 하느냐 의견이 분분합니다. 이에 대한 자신의 주장을 작성해주세요. 또한, 그렇게 생각한 이유도 설명해주세요.",
    "essay_type": "주장",
    "essay_level": "1",
    "essay_len": 881,
    "essay_main_subject": "지적 재산권에 대한 본인의 생각 작성"
  }
}