{
  "paragraph": [
    {
      "paragraph_txt": "나는 평가를 하는 것에 대해 부정적인 생각을 갖고 있다.#@문장구분# 고로 나는 평가에 대해 반대한다.#@문장구분# 먼저 평가란 사람들이 일구어낸 것을 일정한 기준에 맞춰 나누는 것이다.#@문장구분# 이 세상을 살아간다면 어쩔 수 없이 피할 수 없는 것이 평가이다.#@문장구분# 우리는 아주 어릴 때부터 평가를 접해 당연하듯이 생각한다.#@문장구분# 초등학생 때부터 시험을 보고 중학생에 올라와서는 성적을 A,B,C로 구분하는가 하면 고등학생 때에는 1등급에서 9등급까지로 사람에게 등급을 매긴다.#@문장구분# 그럼 사회에 나가선 평가를 받지 않는가?#@문장구분# 회사에 취업을 해도 자신의 업적에 대해 평가를 하고 승진 기회가 주어지거나 해고되기도 한다.#@문장구분# 평가는 인간과 끊임없이 상호작용하는 것이다.#@문장구분# 하지만 사람을 평가하는 것이 정말 옳은 일일까?#@문장구분# 학생 때는 남보다 더 좋은 성적을 받기 위해 서로 경쟁심을 키우고 이기적임을 내면에 심어주게 된다.#@문장구분# 사람은 모두가 다를 수 밖에 없다.#@문장구분# 다들 태어날 때 가진 유전자도 다르며 생김새도 다르다.#@문장구분# 성격도 다르며 자신이 잘할 수 있는 능력도 다른 것이 당연한 것이다.#@문장구분# 하지만 모두가 다른 사람들을 어떻게 일정한 기준으로 맞추어 평가할 수가 있겠는가?#@문장구분# 나는 평가가 옳다고 보지 않는다.#@문장구분# 이 평가 하나로 등급을 매기고 더 좋은 대학에 들어가기 위해 전전긍긍한다.#@문장구분# 정작 자신이 가고 싶은 학과는 대부분이 정하지도 못한다.#@문장구분# 꿈이 없는 청소년들도 아주 많다.#@문장구분# 이유가 무엇일까?#@문장구분# 일정한 평가기준에 끼워 맞추려는 사회 때문에 청소년들은 자신이 무엇을 좋아하고 잘하는지도 모른 채 공부만 한다.#@문장구분# 그러다 보니 자신의 꿈도 찾지 못한 채 성인이 되어서 취직을 하고 그렇게 살아가는 것이다.#@문장구분# 조금만 둘러봐도 평가는 어디에나 쓰이고 있으며 이 평가는 사람들의 창의성을 더욱 억제하는 역할을 할 것이다.#@문장구분#",
      "paragraph_len": 1319,
      "paragraph_id": "001"
    }
  ],
  "score": {
    "paragraph_score": [
      {
        "paragraph_scoreT": [
          3,
          3,
          2.4
        ],
        "paragraph_scoreT_detail": {
          "paragraph_scoreT_exp": [
            [
              3,
              3,
              3
            ],
            [
              3,
              3,
              3
            ],
            [
              2,
              3,
              2
            ]
          ]
        },
        "paragraph_scoreT_avg": 2.8,
        "paragraph_id": "001"
      }
    ],
    "essay_scoreT": [
      24.9,
      28.4,
      23.1
    ],
    "essay_scoreT_avg": 25.466667,
    "essay_scoreT_detail": {
      "essay_scoreT_org": [
        [
          2,
          0,
          2,
          3
        ],
        [
          3,
          0,
          3,
          3
        ],
        [
          2,
          0,
          2,
          3
        ]
      ],
      "essay_scoreT_cont": [
        [
          3,
          2,
          3,
          2
        ],
        [
          2,
          3,
          2,
          3
        ],
        [
          2,
          2,
          3,
          3
        ]
      ],
      "essay_scoreT_exp": [
        [
          3,
          3,
          3
        ],
        [
          3,
          3,
          3
        ],
        [
          2,
          3,
          2
        ]
      ]
    }
  },
  "student": {
    "date": "2021.12.29",
    "student_educated": true,
    "student_grade": "고등_1학년",
    "location": "063",
    "student_grade_group": "고등",
    "student_reading": 2
  },
  "rubric": {
    "essay_grade": "고등_1학년",
    "organization_weight": {
      "org_paragraph": 0,
      "org": 3,
      "org_essay": 6,
      "org_coherence": 3,
      "org_quantity": 1
    },
    "essay_type": "주장",
    "content_weight": {
      "con_clearance": 3,
      "con_novelty": 3,
      "con": 4,
      "con_prompt": 1,
      "con_description": 3
    },
    "essay_main_subject": "평가에 대한 본인의 의견",
    "expression_weight": {
      "exp_style": 4,
      "exp_grammar": 2,
      "exp_vocab": 4,
      "exp": 3
    }
  },
  "correction": [],
  "info": {
    "essay_id": "ESSAY_84031",
    "essay_prompt": " 평가는 일반적으로 평가대상의 장점과 가치를 결정하는 과정을 말합니다.\n\n 세상에는 무수히 많은 평가 방법들이 존재하고 그 주제도 다양합니다.\n\n 우리나라의 경우는 어떨까요? 중간, 기말시험이 있고 미술과 같은 기본기와 창의성을 평가하는 과목도 있습니다. 체육과 같은 신체적인 능력을 평가하는 과목도 있지요. 모두 적절한 기준이 있으며 매우 객관적인 기준이라고 말합니다.\n\n 하지만 여러분이 생각하기에 모든 학생을 동일한 평가지표에 맞추어 평가하는 것이 올바른 방식이라고 생각하나요?\n\n 사람마다 특성이 존재하듯 각각의 목표 또한 다르고 성과도 다를 수 있습니다. 특정 기준에 의존해 본인의 성과도를 평가하는 것이 바르다고 생각되나요?\n\n 현재의 평가 방식은 최고의 객관적인 평가 방식이라고 생각하신다면 그 이유를 작성해주세요. 아니라면 어떤 평가 기준이 추가되어야 하고 또한 어떤 생각으로 평가가 이루어졌으면 좋겠는지 서술해 주세요.",
    "essay_type": "주장",
    "essay_level": "2",
    "essay_len": 859,
    "essay_main_subject": "평가에 대한 본인의 의견"
  }
}