{
  "paragraph": [
    {
      "paragraph_txt": "나는 평가에 대해서 긍정적이게 생각한다 물론 사람을 너무나 평가로만 하려고 하는 행동은 지양하지만 의외로 평가가 필요한 사람들은 많다#@문장구분# 먼저 예를 들어보면 운동이나 경기 같은 대해서도 평가 기준은 꼭 필요하다.#@문장구분# 만약에 축구를 했는데 축구를 하던 도중에 공을 차다 손이 맞으면 그것은 당연히 반칙이다.#@문장구분# 그런데 그거를 반칙인지 아닌지 평가의 기준이 없으면 그게 반칙인 줄 알아도 패널티를 줄 수가 없다.#@문장구분# 그리고 골키퍼가 상대팀이 승부차기를 탈 때 공을 타고 나서 움직일 수 있는 건데 공을 차기 전에 움직이는 것은 그것 또한 반칙인데 그것도 평가 기준이 없으면 패널티를 줄 수가 없다.#@문장구분# 우리는 이렇게 평가에 대해서 긍정적이게 생각한다#@문장구분# 또 마피아 게임을 한다고 치면 마피아 한명 의사 한명 경찰 한명 시민 여러명 이런 식으로 해야 하는 건데 만약 마피아가 사랑할 지목해서 그 사람을 죽였는데 사회자가 규칙을 잘 모르고 말을 하지 않으면 엄연한 규칙 위반이다.#@문장구분# 그럴 때는 또 정혜진 패널티를 추워야 한다#@문장구분# 우리는 평가의 부정적이게 생각을 가지고 있는 사람들이 많다.#@문장구분# 하지만 우리가 일상생활에서 사용을 할 때 평가의 기준은 도움이 될 때가 굉장히 많다.#@문장구분# 그러니 우리는 우리가 실생활에서 사용하는 평가를 찾아 보고 결코 그냥 평가 라고만 듣고 부정적이게 생각 하지는 말자 라고 생각하는 게 내 의견이다.#@문장구분# 우리는 어느 정도 주어진 삶을 안에서 살아야 한다고 생각한다.#@문장구분# 규칙적인 생활을 할 수 있기 때문이다#@문장구분# 우리가 방학을 한다면 어떨까#@문장구분# 늦게 일어나고 늦게 자고 이런 규칙적이지 않은 생활들이 반복 될 거다.#@문장구분# 하지만 정해진 규칙 있다면 될까#@문장구분# 그것을 지키려고 일찍 자고 일찍 일어나는 습관을 기를 것이다.#@문장구분# 마치 학교 가는 것처럼 말이다.#@문장구분#",
      "paragraph_len": 1208,
      "paragraph_id": "001"
    }
  ],
  "score": {
    "paragraph_score": [
      {
        "paragraph_scoreT": [
          1.6,
          1.8,
          2
        ],
        "paragraph_scoreT_detail": {
          "paragraph_scoreT_exp": [
            [
              2,
              2,
              1
            ],
            [
              1,
              2,
              2
            ],
            [
              2,
              2,
              2
            ]
          ]
        },
        "paragraph_scoreT_avg": 1.8000001,
        "paragraph_id": "001"
      }
    ],
    "essay_scoreT": [
      12.400001,
      15.5,
      26.1
    ],
    "essay_scoreT_avg": 18,
    "essay_scoreT_detail": {
      "essay_scoreT_org": [
        [
          1,
          0,
          1,
          3
        ],
        [
          1,
          0,
          2,
          3
        ],
        [
          3,
          0,
          2,
          3
        ]
      ],
      "essay_scoreT_cont": [
        [
          1,
          1,
          1,
          1
        ],
        [
          2,
          1,
          2,
          1
        ],
        [
          3,
          3,
          3,
          3
        ]
      ],
      "essay_scoreT_exp": [
        [
          2,
          2,
          1
        ],
        [
          1,
          2,
          2
        ],
        [
          2,
          2,
          2
        ]
      ]
    }
  },
  "student": {
    "date": "2021.12.27",
    "student_educated": true,
    "student_grade": "고등_1학년",
    "location": "063",
    "student_grade_group": "고등",
    "student_reading": 2
  },
  "rubric": {
    "essay_grade": "고등_1학년",
    "organization_weight": {
      "org_paragraph": 0,
      "org": 3,
      "org_essay": 6,
      "org_coherence": 3,
      "org_quantity": 1
    },
    "essay_type": "주장",
    "content_weight": {
      "con_clearance": 3,
      "con_novelty": 3,
      "con": 4,
      "con_prompt": 1,
      "con_description": 3
    },
    "essay_main_subject": "평가에 대한 본인의 의견",
    "expression_weight": {
      "exp_style": 4,
      "exp_grammar": 2,
      "exp_vocab": 4,
      "exp": 3
    }
  },
  "correction": [],
  "info": {
    "essay_id": "ESSAY_79780",
    "essay_prompt": " 평가는 일반적으로 평가대상의 장점과 가치를 결정하는 과정을 말합니다.\n\n 세상에는 무수히 많은 평가 방법들이 존재하고 그 주제도 다양합니다.\n\n 우리나라의 경우는 어떨까요? 중간, 기말시험이 있고 미술과 같은 기본기와 창의성을 평가하는 과목도 있습니다. 체육과 같은 신체적인 능력을 평가하는 과목도 있지요. 모두 적절한 기준이 있으며 매우 객관적인 기준이라고 말합니다.\n\n 하지만 여러분이 생각하기에 모든 학생을 동일한 평가지표에 맞추어 평가하는 것이 올바른 방식이라고 생각하나요?\n\n 사람마다 특성이 존재하듯 각각의 목표 또한 다르고 성과도 다를 수 있습니다. 특정 기준에 의존해 본인의 성과도를 평가하는 것이 바르다고 생각되나요?\n\n 현재의 평가 방식은 최고의 객관적인 평가 방식이라고 생각하신다면 그 이유를 작성해주세요. 아니라면 어떤 평가 기준이 추가되어야 하고 또한 어떤 생각으로 평가가 이루어졌으면 좋겠는지 서술해 주세요.",
    "essay_type": "주장",
    "essay_level": "2",
    "essay_len": 848,
    "essay_main_subject": "평가에 대한 본인의 의견"
  }
}