{
  "paragraph": [
    {
      "paragraph_txt": "현재의 평가 방식은 최고의 객관적인 평가 방식이라고는 할 수 없을 것 같습니다.#@문장구분# 그 이유는 어떤 일을 하는가에 따라 요구되는 능력치가 전부 다르기 마련인데 모두에게 동일한 능력치를 요구하는 방식은 다소 비효율적인 평가 방식이라고 생각해서입니다.#@문장구분# 예를 들어보겠습니다.#@문장구분# 모델을 뽑는 에이전시가 있다고 가정해봅시다.#@문장구분# 지원한 학생들이 개인적인 포트폴리오를 제출하지 않는 한 그들은 학생들의 생기부를 보는 것으로 그들의 모델로서의 자질을 갖추었는지 전혀 알 수 없습니다.#@문장구분# 학생들의 성적은 그저 좋은 대학교를 가기 위한 수단이 되어버리는 것이지요.#@문장구분# 저는 이런 점이 잘못되었다고 생각합니다. 오로지 성적만을 맞춘 채 그 성적에 맞는 대학에 들어간다.#@문장구분# 무언가 잘못되었다고 생각 들지 않으시나요?#@문장구분# 예가 다소 극단적이었다고 생각하실 수 있으니 다른 예를 하나 더 들어보겠습니다.#@문장구분# 미술에 탁월한 재능이 있는 학생이 있다고 해봅시다.#@문장구분# 이 학생은 미술실력을 펼칠 학교에 들어가고 싶어하나 그 학교에서는 이 학생의 그림 실력을 단 하루의 그림으로 일단락 짓습니다.#@문장구분# 단 하루. 그것도 몇시간의 짧은 시간동안 그 학생의 몇 년간의 노력과 다양하고 넓은 스펙트럼의 실력을 평가한다는게 비효율적이라는 생각이 듭니다.#@문장구분# 물론 시간적인 면과 인력의 최소화를 하는 면에서는 이런 평가 방식이 편리하고 효율적이라 생각할지 모릅니다. #@문장구분#그러나 능력을 평가하는 자리인 만큼 한 사람의 능력을 주의깊게 살펴볼 수 있는 방식이 도입될 필요성이 있다고 생각합니다.#@문장구분# 현재보다는 조금 더 번거로워질지라도 서로에게 좋은 조건이 아닐까 생각합니다.#@문장구분# 여러분의 생각은 어떠하신가요?#@문장구분#",
      "paragraph_len": 1114,
      "paragraph_id": "001"
    }
  ],
  "score": {
    "paragraph_score": [
      {
        "paragraph_scoreT": [
          2,
          2.4,
          2.4
        ],
        "paragraph_scoreT_detail": {
          "paragraph_scoreT_exp": [
            [
              2,
              2,
              2
            ],
            [
              2,
              3,
              2
            ],
            [
              2,
              2,
              3
            ]
          ]
        },
        "paragraph_scoreT_avg": 2.2666667,
        "paragraph_id": "001"
      }
    ],
    "essay_scoreT": [
      20.699999,
      26.100002,
      25.800001
    ],
    "essay_scoreT_avg": 24.200003,
    "essay_scoreT_detail": {
      "essay_scoreT_org": [
        [
          2,
          0,
          2,
          3
        ],
        [
          3,
          0,
          2,
          3
        ],
        [
          3,
          0,
          3,
          3
        ]
      ],
      "essay_scoreT_cont": [
        [
          2,
          2,
          3,
          2
        ],
        [
          3,
          2,
          3,
          3
        ],
        [
          3,
          2,
          3,
          2
        ]
      ],
      "essay_scoreT_exp": [
        [
          2,
          2,
          2
        ],
        [
          2,
          3,
          2
        ],
        [
          2,
          2,
          3
        ]
      ]
    }
  },
  "student": {
    "date": "2021.12.28",
    "student_educated": true,
    "student_grade": "고등_1학년",
    "location": "063",
    "student_grade_group": "고등",
    "student_reading": 2
  },
  "rubric": {
    "essay_grade": "고등_1학년",
    "organization_weight": {
      "org_paragraph": 0,
      "org": 3,
      "org_essay": 6,
      "org_coherence": 3,
      "org_quantity": 1
    },
    "essay_type": "주장",
    "content_weight": {
      "con_clearance": 3,
      "con_novelty": 3,
      "con": 4,
      "con_prompt": 1,
      "con_description": 3
    },
    "essay_main_subject": "평가에 대한 본인의 의견",
    "expression_weight": {
      "exp_style": 4,
      "exp_grammar": 2,
      "exp_vocab": 4,
      "exp": 3
    }
  },
  "correction": [],
  "info": {
    "essay_id": "ESSAY_84144",
    "essay_prompt": " 평가는 일반적으로 평가대상의 장점과 가치를 결정하는 과정을 말합니다.\n\n 세상에는 무수히 많은 평가 방법들이 존재하고 그 주제도 다양합니다.\n\n 우리나라의 경우는 어떨까요? 중간, 기말시험이 있고 미술과 같은 기본기와 창의성을 평가하는 과목도 있습니다. 체육과 같은 신체적인 능력을 평가하는 과목도 있지요. 모두 적절한 기준이 있으며 매우 객관적인 기준이라고 말합니다.\n\n 하지만 여러분이 생각하기에 모든 학생을 동일한 평가지표에 맞추어 평가하는 것이 올바른 방식이라고 생각하나요?\n\n 사람마다 특성이 존재하듯 각각의 목표 또한 다르고 성과도 다를 수 있습니다. 특정 기준에 의존해 본인의 성과도를 평가하는 것이 바르다고 생각되나요?\n\n 현재의 평가 방식은 최고의 객관적인 평가 방식이라고 생각하신다면 그 이유를 작성해주세요. 아니라면 어떤 평가 기준이 추가되어야 하고 또한 어떤 생각으로 평가가 이루어졌으면 좋겠는지 서술해 주세요.",
    "essay_type": "주장",
    "essay_level": "2",
    "essay_len": 794,
    "essay_main_subject": "평가에 대한 본인의 의견"
  }
}