{
  "paragraph": [
    {
      "paragraph_txt": "혐오와 차별은 너와 내가 서로 다르다는 생각에서부터 시작한다.#@문장구분# 나보다 못하다고 생각하는 의식이나 무의식 가운데 혐오와 차별이 나타나게 된다. #@문장구분#미국의 인종 간의 차별은 흑인에 대한 노예제도와 함께 시작되었고 노예제도가 폐지된 이후에도 지속 되었다. #@문장구분#오랜 세월의 인권운동에도 불구하고 여전히 흑인에 대한 인종차별이 미국에서 존재한다. #@문장구분#하지만, 20세기 들어 동양인들의 미국 이민이 증가하면서 인종 간의 차별에 변화가 일어났다.#@문장구분#",
      "paragraph_len": 336,
      "paragraph_id": "001"
    },
    {
      "paragraph_txt": " 1992년 로스앤젤레스 폭동은 동양인과 흑인 사이의 갈등이 시작된 사건이다. #@문장구분#당시에 흑인들이 폭동을 일으킨 것은 백인들의 인종차별에 대한 결과라고 볼 수 있다. #@문장구분#하지만, 미국언론은 폭동의 원인으로 한국인 이민자 '두순자사건'을 부각시킴으로써 한국인과 흑인 사이의 인종갈등을 야기하였다. #@문장구분#두순자사건이란, 상점을 운영하던 49세의 한국 출신 이민자 두순자가 15세 흑인 소녀 라타샤 할린스가 오렌지 주스를 훔쳐가는 것으로 오인하고 그 소녀를 총격해 사망하게 만든 사건이다. #@문장구분#폭동이 시작되자마자 미국 언론은 이 사건을 집중 보도함으로써 여론을 통해 흑인들의 백인들에 대한 분노가 한국인과 기타 동양인을 향하게 만들었다. #@문장구분#흑인들은 한국인으로 보이는 동양인들에게 무차별 구타와 집단 난타, 투석, 총격을 가했다.#@문장구분# 이 사건은 표면적으로 흑인과 한인 간의 갈등으로 보였지만, 이면에는 흑인에 대한 백인들의 차별이 만들어낸 사건이었다.#@문장구분# ",
      "paragraph_len": 601,
      "paragraph_id": "002"
    },
    {
      "paragraph_txt": " 동양인에 대한 증오범죄의 이면에는 백인과 흑인간의 오랜 인종갈등이 있다.#@문장구분# 코로나 19가 확산되면서 동양인에 대한 막연한 두려움은 동양인에 대한 증오범죄를 야기하였다. #@문장구분#하지만, 이는 잘못된 정보에서 비롯된 일시적인 현상이며 근본적인 원인은 미국사회에서 뿌리깊게 박혀 있는 흑인에 대한 혐오와 차별이다.#@문장구분# 실제, 미국 내 혐오범죄의 절반 이상은 아직도 흑인을 대상으로 발생한다.#@문장구분# 흑인들은 차별에 대해서 분노를 표출할 대상이 필요했고, 백인들은 그들을 향하는 분노를 돌릴 다른 대상이 필요했다. #@문장구분#이러한 미국의 인종적 갈등의 배경이 동양인들에게 투사되어 혐오범죄가 발생한 것이다.#@문장구분#  ",
      "paragraph_len": 442,
      "paragraph_id": "003"
    },
    {
      "paragraph_txt": " 2020년 5월 미국 미네소타주 미니애폴리스에서 흑인 남성 조지 플로이드가 경찰의 과잉진압으로 사망하면서 미국 사회의 인종적 갈등은 다시 수면 위로 떠올랐다. #@문장구분#하지만, 시위의 양상은 이전과 달리 인종에 상관없이 오랫동안 평화적인 시위가 이어졌다. #@문장구분#미국 내에 발생한 인종간 갈등의 해결 양상이 폭력과 분노의 표출에서 서서히 바뀌어 가고 있다.#@문장구분# 백인, 흑인, 동양인을 불문하고 모든 평범한 사람들이 일상에서 옳지 않은 차별에 저항할 때 다른 인종에 대한 혐오범죄도 줄어들 것으로 생각한다.#@문장구분#",
      "paragraph_len": 352,
      "paragraph_id": "004"
    }
  ],
  "score": {
    "paragraph_score": [
      {
        "paragraph_scoreT": [
          3,
          3,
          2
        ],
        "paragraph_scoreT_detail": {
          "paragraph_scoreT_exp": [
            [
              3,
              3,
              3
            ],
            [
              3,
              3,
              3
            ],
            [
              2,
              2,
              2
            ]
          ]
        },
        "paragraph_scoreT_avg": 2.6666667,
        "paragraph_id": "001"
      },
      {
        "paragraph_scoreT": [
          3,
          3,
          2.8
        ],
        "paragraph_scoreT_detail": {
          "paragraph_scoreT_exp": [
            [
              3,
              3,
              3
            ],
            [
              3,
              3,
              3
            ],
            [
              2,
              3,
              3
            ]
          ]
        },
        "paragraph_scoreT_avg": 2.9333334,
        "paragraph_id": "002"
      },
      {
        "paragraph_scoreT": [
          3,
          3,
          2.8
        ],
        "paragraph_scoreT_detail": {
          "paragraph_scoreT_exp": [
            [
              3,
              3,
              3
            ],
            [
              3,
              3,
              3
            ],
            [
              2,
              3,
              3
            ]
          ]
        },
        "paragraph_scoreT_avg": 2.9333334,
        "paragraph_id": "003"
      },
      {
        "paragraph_scoreT": [
          3,
          3,
          2.8
        ],
        "paragraph_scoreT_detail": {
          "paragraph_scoreT_exp": [
            [
              3,
              3,
              3
            ],
            [
              3,
              3,
              3
            ],
            [
              2,
              3,
              3
            ]
          ]
        },
        "paragraph_scoreT_avg": 2.9333334,
        "paragraph_id": "004"
      }
    ],
    "essay_scoreT": [
      30,
      30,
      23.899998
    ],
    "essay_scoreT_avg": 27.966665,
    "essay_scoreT_detail": {
      "essay_scoreT_org": [
        [
          3,
          3,
          3,
          3
        ],
        [
          3,
          3,
          3,
          3
        ],
        [
          2,
          2,
          2,
          3
        ]
      ],
      "essay_scoreT_cont": [
        [
          3,
          3,
          3,
          3
        ],
        [
          3,
          3,
          3,
          3
        ],
        [
          3,
          2,
          2,
          2
        ]
      ],
      "essay_scoreT_exp": [
        [
          3,
          3,
          3
        ],
        [
          3,
          3,
          3
        ],
        [
          2,
          3,
          3
        ]
      ]
    }
  },
  "student": {
    "date": "2021.09.03",
    "student_educated": true,
    "student_grade": "고등_2학년",
    "location": "051",
    "student_grade_group": "고등",
    "student_reading": 3
  },
  "rubric": {
    "essay_grade": "고등_2학년",
    "organization_weight": {
      "org_paragraph": 3,
      "org": 3,
      "org_essay": 3,
      "org_coherence": 3,
      "org_quantity": 1
    },
    "essay_type": "주장",
    "content_weight": {
      "con_clearance": 3,
      "con_novelty": 3,
      "con": 4,
      "con_prompt": 1,
      "con_description": 3
    },
    "essay_main_subject": "인종차별에 대한 본인의 생각",
    "expression_weight": {
      "exp_style": 4,
      "exp_grammar": 2,
      "exp_vocab": 4,
      "exp": 3
    }
  },
  "correction": [],
  "info": {
    "essay_id": "ESSAY_35724",
    "essay_prompt": " 최근 중국발 코로나바이러스로 인해 동양인에 대한 혐오감을 나타내는 서양인들이 늘어나고 있습니다. 그로 인해, 매스컴이나 SNS에서 인종차별을 받아 힘들어하는 동양인들을 자주 목격할 수 있습니다.\n\n 하지만, 최근에만 인종차별이 존재했을까요? 아닙니다. 아주 오래전부터 다른 인종에 대한 차별은 있었습니다.\n\n 우리나라에서는 인종차별을 안 하고 있을까요? 아닙니다. 우리나라에서도 알게 모르게 많은 부분에서 다른 국가의 사람들에 대해 인종차별을 하고 있으며 누군가에게 상처를 주고 있습니다.\n\n 즉, 인종차별은 누군가의 문제가 아니라 우리 모두의 문제입니다.\n\n 여러분들은 인종차별을 당해보신 적 있나요? 인종차별을 하는 사람들에 대해 어떻게 생각하시나요? 왜 생겨났다고 생각하나요? 인종차별을 근절하기 위해서는 어떻게 해야 할까요? 인종차별을 하는 사람들에 대해 전 세계적으로 처벌의 강도를 높여야 할까요?\n\n 인종차별을 하는 사람들에 대한 본인의 생각을 작성하고 인종차별은 해결할 수 있는 문제일지 아니면 해결하지 어려운 문제일지 작성해주세요. 또한, 그렇게 생각한 이유와 본인이 생각한 해결방법 혹은 해결할 수 없다면 왜 해결할 수 없다고 생각하는지 작성해주세요.",
    "essay_type": "주장",
    "essay_level": "1",
    "essay_len": 1298,
    "essay_main_subject": "인종차별에 대한 본인의 생각"
  }
}