{
  "paragraph": [
    {
      "paragraph_txt": "평가라는 것은 주관적인 부분도 있지만 객관적인 부분도 있다고 생각합니다.#@문장구분# 그저 한 물건에 대해 평가 할 때도 있지만 한 개인에 대해서 한 부분을 통해 평가하게 되는 사례도 있기 때문입니다.#@문장구분# 이 한 사람을 평가한다는 것은 또 다른 개인들에 의해서 평가되어지기 때문에 주관적이라는 생각이 많습니다.#@문장구분# 하지만 저는 주관적이지 않다고 생각합니다.#@문장구분# 왜냐하면 여러 사람들이 내놓은 의견을 합의를 통해 하나로 내놓았고 그런 기준 또한 고심해서 만들어졌기 때문입니다.#@문장구분# 한 사람에 의해 정해진 기준이 아니라 나름의 합의를 통해 만들어진 기준이라고 생각하여 적절하다고 생각했습니다.#@문장구분# 그리고 또한 한 사람에 의해 정해진 기준도 어떤 상황에서는 적절하다고 생각합니다.#@문장구분# 지금 현재의 평가 방식을 저는 최고의 평가 방식이라고 생각합니다.#@문장구분# 예를 들어 서술형 방식의 시험이 있습니다.#@문장구분# 그런 서술형 방식의 시험은 각자 개인의 관점이나 생각에 따라 달라질 수도 있기 때문에 매우 주관적인 시험입니다.#@문장구분# 선생님과의 관점과 생각이 다를수도 있기 때문입니다.#@문장구분# 각자 개개인들의 생각과 관점은 비슷해 보이더라도 전부 다 다른점이 존재하고 전부 다 다른 관점과 생각들입니다.#@문장구분# 그렇기 때문에 모든 사람들의 생각과 관점은 전부 차이 날 수 밖에 없습니다.#@문장구분# 그래서 서술형 방식의 시험을 진행하게 되면 평가 과정에서 문제가 생기기 마련입니다.#@문장구분# 그렇기 때문에 시험 점수가 달라질 수 있고 그 기준이 달라질 수도 있습니다.#@문장구분# 그래서 서술형 방식의 시험들은 꽤나 자유분방한 편입니다.#@문장구분# 그리고 선생님들께서는 그런 학생과의 시험 문제로 인한 충돌을 달가워하지 않기 때문에 주관적인 서술이 최대한 들어가지 않도록 문제를 설계하시는 분들이 많습니다.#@문장구분# 그리도 또한 그 문제의 부분 점수를 주는 기준을 만들어 최대한 공정한 평가를 진행하십니다.#@문장구분#",
      "paragraph_len": 1240,
      "paragraph_id": "001"
    }
  ],
  "score": {
    "paragraph_score": [
      {
        "paragraph_scoreT": [
          3,
          3,
          3
        ],
        "paragraph_scoreT_detail": {
          "paragraph_scoreT_exp": [
            [
              3,
              3,
              3
            ],
            [
              3,
              3,
              3
            ],
            [
              3,
              3,
              3
            ]
          ]
        },
        "paragraph_scoreT_avg": 3,
        "paragraph_id": "001"
      }
    ],
    "essay_scoreT": [
      27.2,
      27.2,
      28.4
    ],
    "essay_scoreT_avg": 27.6,
    "essay_scoreT_detail": {
      "essay_scoreT_org": [
        [
          3,
          0,
          3,
          3
        ],
        [
          3,
          0,
          3,
          3
        ],
        [
          3,
          0,
          3,
          3
        ]
      ],
      "essay_scoreT_cont": [
        [
          2,
          2,
          2,
          3
        ],
        [
          3,
          2,
          2,
          2
        ],
        [
          3,
          3,
          2,
          2
        ]
      ],
      "essay_scoreT_exp": [
        [
          3,
          3,
          3
        ],
        [
          3,
          3,
          3
        ],
        [
          3,
          3,
          3
        ]
      ]
    }
  },
  "student": {
    "date": "2021.12.21",
    "student_educated": true,
    "student_grade": "고등_1학년",
    "location": "054",
    "student_grade_group": "고등",
    "student_reading": 1
  },
  "rubric": {
    "essay_grade": "고등_1학년",
    "organization_weight": {
      "org_paragraph": 0,
      "org": 3,
      "org_essay": 6,
      "org_coherence": 3,
      "org_quantity": 1
    },
    "essay_type": "주장",
    "content_weight": {
      "con_clearance": 3,
      "con_novelty": 3,
      "con": 4,
      "con_prompt": 1,
      "con_description": 3
    },
    "essay_main_subject": "평가에 대한 본인의 의견",
    "expression_weight": {
      "exp_style": 4,
      "exp_grammar": 2,
      "exp_vocab": 4,
      "exp": 3
    }
  },
  "correction": [],
  "info": {
    "essay_id": "ESSAY_83362",
    "essay_prompt": " 평가는 일반적으로 평가대상의 장점과 가치를 결정하는 과정을 말합니다.\n\n 세상에는 무수히 많은 평가 방법들이 존재하고 그 주제도 다양합니다.\n\n 우리나라의 경우는 어떨까요? 중간, 기말시험이 있고 미술과 같은 기본기와 창의성을 평가하는 과목도 있습니다. 체육과 같은 신체적인 능력을 평가하는 과목도 있지요. 모두 적절한 기준이 있으며 매우 객관적인 기준이라고 말합니다.\n\n 하지만 여러분이 생각하기에 모든 학생을 동일한 평가지표에 맞추어 평가하는 것이 올바른 방식이라고 생각하나요?\n\n 사람마다 특성이 존재하듯 각각의 목표 또한 다르고 성과도 다를 수 있습니다. 특정 기준에 의존해 본인의 성과도를 평가하는 것이 바르다고 생각되나요?\n\n 현재의 평가 방식은 최고의 객관적인 평가 방식이라고 생각하신다면 그 이유를 작성해주세요. 아니라면 어떤 평가 기준이 추가되어야 하고 또한 어떤 생각으로 평가가 이루어졌으면 좋겠는지 서술해 주세요.",
    "essay_type": "주장",
    "essay_level": "2",
    "essay_len": 880,
    "essay_main_subject": "평가에 대한 본인의 의견"
  }
}