{
  "paragraph": [
    {
      "paragraph_txt": "우리는 모두 고등학생으로서, 겨울에 있을 수능을 목표로 하고 고등학교 과정을 달리고 있습니다.#@문장구분# 수능은 수학능력평가로, 대학교에 들어가 나의 학문을 닦을 수 있는지를 가늠하고 측정하는 시험입니다. #@문장구분#수능은 딱 한번에 응시하는 시험입니다.#@문장구분# 하지만 수능이라는 한번의 기회로 나의 재능, 나의 학문을 닦을 수 있는 능력, 나의 역량을 제대로 잘 측정할 수 있을까요?#@문장구분# 아니면 대학의 관계자들이 나의 잠재력을 정말로 진정으로 잘 알아봐줄 수 있을까요? #@문장구분#그리고 알아볼 수 있다면 도대체 어떤 근거로 알 수 있는걸까요?#@문장구분# 수학,영어,국어 시험을 통해 나의 사고력, 잠재력을 알 수 있다면 이게 어떻게 가능한지 수능을 응시하는 수험생 조차 잘 알지 못하는 것이 현실입니다. #@문장구분#이런 문제에 대해서 많은 고등학생들이 궁금증을 가지고 때로는 불공평하다고 불평까지 하기도 합니다.#@문장구분# 저 또한 수능이 우리 모든 수험생의 잠재력, 역량을 제대로 측정할 수 있다고 생각하지 않습니다.#@문장구분# 사람마다 특성이 개별적으로 다르듯이 공부 측면에서도 각자의 역량이 충분히 다를 수 있습니다. #@문장구분#게다가 수능은 일년에 딱 한번 응시할 수 있습니다.#@문장구분# 이 한번의 기회로 많은 수험생들의 기회를 다 날릴 수 밖에 없을까요?#@문장구분# 저는 수능이 결코 객관적으로 모든 수험생들의 역량을 측정할 수 없다고 생각합니다.#@문장구분# 오히려 이 현재의 수능체제로는 더 이상 합리적인 문제를 출제할 수도 없고, 기간이 정해진 체제라고 생각됩니다.#@문장구분# 보다 더 많은 수험생들의 보다 더 객관적이고 합리적으로 측정할 수 있도록 수능보다 더 장기적으로 실현될 수 있는 평가 체제가 하루라도 빨리 설계되어야 한다고 생각합니다.#@문장구분#",
      "paragraph_len": 1097,
      "paragraph_id": "001"
    }
  ],
  "score": {
    "paragraph_score": [
      {
        "paragraph_scoreT": [
          2.8,
          2.6,
          2.6
        ],
        "paragraph_scoreT_detail": {
          "paragraph_scoreT_exp": [
            [
              2,
              3,
              3
            ],
            [
              3,
              3,
              2
            ],
            [
              3,
              3,
              2
            ]
          ]
        },
        "paragraph_scoreT_avg": 2.6666665,
        "paragraph_id": "001"
      }
    ],
    "essay_scoreT": [
      26.3,
      27.599998,
      26.099998
    ],
    "essay_scoreT_avg": 26.666666,
    "essay_scoreT_detail": {
      "essay_scoreT_org": [
        [
          3,
          0,
          3,
          2
        ],
        [
          3,
          0,
          3,
          3
        ],
        [
          2,
          0,
          2,
          3
        ]
      ],
      "essay_scoreT_cont": [
        [
          3,
          2,
          2,
          2
        ],
        [
          3,
          2,
          3,
          3
        ],
        [
          3,
          3,
          3,
          3
        ]
      ],
      "essay_scoreT_exp": [
        [
          2,
          3,
          3
        ],
        [
          3,
          3,
          2
        ],
        [
          3,
          3,
          2
        ]
      ]
    }
  },
  "student": {
    "date": "2021.12.14",
    "student_educated": true,
    "student_grade": "고등_1학년",
    "location": "054",
    "student_grade_group": "고등",
    "student_reading": 2
  },
  "rubric": {
    "essay_grade": "고등_1학년",
    "organization_weight": {
      "org_paragraph": 0,
      "org": 3,
      "org_essay": 6,
      "org_coherence": 3,
      "org_quantity": 1
    },
    "essay_type": "주장",
    "content_weight": {
      "con_clearance": 3,
      "con_novelty": 3,
      "con": 4,
      "con_prompt": 1,
      "con_description": 3
    },
    "essay_main_subject": "평가에 대한 본인의 의견",
    "expression_weight": {
      "exp_style": 4,
      "exp_grammar": 2,
      "exp_vocab": 4,
      "exp": 3
    }
  },
  "correction": [],
  "info": {
    "essay_id": "ESSAY_78599",
    "essay_prompt": " 평가는 일반적으로 평가대상의 장점과 가치를 결정하는 과정을 말합니다.\n\n 세상에는 무수히 많은 평가 방법들이 존재하고 그 주제도 다양합니다.\n\n 우리나라의 경우는 어떨까요? 중간, 기말시험이 있고 미술과 같은 기본기와 창의성을 평가하는 과목도 있습니다. 체육과 같은 신체적인 능력을 평가하는 과목도 있지요. 모두 적절한 기준이 있으며 매우 객관적인 기준이라고 말합니다.\n\n 하지만 여러분이 생각하기에 모든 학생을 동일한 평가지표에 맞추어 평가하는 것이 올바른 방식이라고 생각하나요?\n\n 사람마다 특성이 존재하듯 각각의 목표 또한 다르고 성과도 다를 수 있습니다. 특정 기준에 의존해 본인의 성과도를 평가하는 것이 바르다고 생각되나요?\n\n 현재의 평가 방식은 최고의 객관적인 평가 방식이라고 생각하신다면 그 이유를 작성해주세요. 아니라면 어떤 평가 기준이 추가되어야 하고 또한 어떤 생각으로 평가가 이루어졌으면 좋겠는지 서술해 주세요.",
    "essay_type": "주장",
    "essay_level": "2",
    "essay_len": 798,
    "essay_main_subject": "평가에 대한 본인의 의견"
  }
}