{
  "paragraph": [
    {
      "paragraph_txt": "평가하는 평가자에 주관에 따라 평가가 달라지기 때문에 객관적 평가방식을 유지하고있는 거라고 생각합니다.#@문장구분# 주관적 평가방식으로 평가를 한다면 좋은 목표 하나로 두사람이 경쟁했을 때 우위를 정하는 거에 매우 객관적인 평가를 할수 없을 것이라 생각됩니다.#@문장구분# 우리나라에선 대학수학능력평가가 객관적 평가방식이라며 그기준으로 우리들을 평가하고 있습니다.#@문장구분# 또 수학능력 평가 전에는 연합고사로 학생들을 평가했습니다.#@문장구분# 주관적 평가방식으로는 비리도 많이 발생하기도 하고 이렇듯 객관적 평가방식은 여러명이 평가하여도 같은 결과 혹은 비슷한 결과를 도출할수 있는 장점을 가지고 있습니다.#@문장구분#평가자 뿐만이 아니라 평자받는 사람도 객관적 평가일 때 적은 비용으로 많은 사람을 평가할수 있기 때문에 비용대비 효과가 큰 가성비가 매우큰 평가 방식이 된다고 생각합니다.#@문장구분# 하지만 이런 객관적 평가방식만 고집한다면 평가받는 사람들이 그 평가기준에만 맞추어 준비하기 때문에 창의성이나 개성이 무시되고 그들만의 특색이 없이 천편일률적인 학생들이 되어버립니다.#@문장구분# 정확한 기준을 정하기는 어렵지만 우린 현실을 생각해야 한다.#@문장구분# 남들보다 잘해서 좋은 평가를 받는 것이다.#@문장구분# 현재의 평가 방식을 우리가 바꿀 수 있을까.#@문장구분# 새로운 기준 그 또한 어렵고 애매하다.#@문장구분# 이미 오랜 시간 학생들은 평가해오던 방식을 자리를 잡았고 학생들이 그 기준에 따라야 한다 어디든 평가의 기준은 다를 수 있지만 높은 점수, 좋은 대학 그것으로 우리의 평가는 이미 정해진 듯 하다.#@문장구분# 현재 사회에서는 평가의 기준을 탓할 시간에 공부를 하는 것이 효율적이다.#@문장구분# 모두 예민해지고 경쟁하는 현실이 안타깝기도 하다.#@문장구분#",
      "paragraph_len": 1075,
      "paragraph_id": "001"
    }
  ],
  "score": {
    "paragraph_score": [
      {
        "paragraph_scoreT": [
          2,
          2.4,
          2.8
        ],
        "paragraph_scoreT_detail": {
          "paragraph_scoreT_exp": [
            [
              2,
              2,
              2
            ],
            [
              2,
              3,
              2
            ],
            [
              2,
              3,
              3
            ]
          ]
        },
        "paragraph_scoreT_avg": 2.3999999,
        "paragraph_id": "001"
      }
    ],
    "essay_scoreT": [
      20.699999,
      26.100002,
      29.4
    ],
    "essay_scoreT_avg": 25.400002,
    "essay_scoreT_detail": {
      "essay_scoreT_org": [
        [
          2,
          0,
          2,
          3
        ],
        [
          3,
          0,
          2,
          3
        ],
        [
          3,
          0,
          3,
          3
        ]
      ],
      "essay_scoreT_cont": [
        [
          2,
          2,
          3,
          2
        ],
        [
          3,
          2,
          3,
          3
        ],
        [
          3,
          3,
          3,
          3
        ]
      ],
      "essay_scoreT_exp": [
        [
          2,
          2,
          2
        ],
        [
          2,
          3,
          2
        ],
        [
          2,
          3,
          3
        ]
      ]
    }
  },
  "student": {
    "date": "2021.12.29",
    "student_educated": true,
    "student_grade": "고등_1학년",
    "location": "063",
    "student_grade_group": "고등",
    "student_reading": 2
  },
  "rubric": {
    "essay_grade": "고등_1학년",
    "organization_weight": {
      "org_paragraph": 0,
      "org": 3,
      "org_essay": 6,
      "org_coherence": 3,
      "org_quantity": 1
    },
    "essay_type": "주장",
    "content_weight": {
      "con_clearance": 3,
      "con_novelty": 3,
      "con": 4,
      "con_prompt": 1,
      "con_description": 3
    },
    "essay_main_subject": "평가에 대한 본인의 의견",
    "expression_weight": {
      "exp_style": 4,
      "exp_grammar": 2,
      "exp_vocab": 4,
      "exp": 3
    }
  },
  "correction": [],
  "info": {
    "essay_id": "ESSAY_84192",
    "essay_prompt": " 평가는 일반적으로 평가대상의 장점과 가치를 결정하는 과정을 말합니다.\n\n 세상에는 무수히 많은 평가 방법들이 존재하고 그 주제도 다양합니다.\n\n 우리나라의 경우는 어떨까요? 중간, 기말시험이 있고 미술과 같은 기본기와 창의성을 평가하는 과목도 있습니다. 체육과 같은 신체적인 능력을 평가하는 과목도 있지요. 모두 적절한 기준이 있으며 매우 객관적인 기준이라고 말합니다.\n\n 하지만 여러분이 생각하기에 모든 학생을 동일한 평가지표에 맞추어 평가하는 것이 올바른 방식이라고 생각하나요?\n\n 사람마다 특성이 존재하듯 각각의 목표 또한 다르고 성과도 다를 수 있습니다. 특정 기준에 의존해 본인의 성과도를 평가하는 것이 바르다고 생각되나요?\n\n 현재의 평가 방식은 최고의 객관적인 평가 방식이라고 생각하신다면 그 이유를 작성해주세요. 아니라면 어떤 평가 기준이 추가되어야 하고 또한 어떤 생각으로 평가가 이루어졌으면 좋겠는지 서술해 주세요.",
    "essay_type": "주장",
    "essay_level": "2",
    "essay_len": 797,
    "essay_main_subject": "평가에 대한 본인의 의견"
  }
}