{
  "paragraph": [
    {
      "paragraph_txt": "나는 평가에 대해서 아냐 부정적이지 만은 않다.#@문장구분# 물론 찬성 하는 것은 아니지만 그래도 평가 기준이 필요하다고 느낄 때가 종종 있기 때문이다.#@문장구분# 우리가 시험을 본다면 서술형 또한 있어서 그것을 써야 하는데 채점 하는 기준이 없으면 선생님 마음대로 채점 할 수 있는데 그거는 불공평 하다.#@문장구분# 그래서 답안지를 보면 어느 정도 책점 의 기준이 잡혀 있다.#@문장구분# 이런 식으로 평가가 의외로 써야 하는 데가 많다.#@문장구분# 하나 더 예를 들자면 미술 경시대회를 하는데 수만은 참가자들이 그림을 그리는 데 거기서도 일등 이등 삼등을 뽑는 기준이 있을 것이다.#@문장구분# 선의 조화라 든지 물감을 채색 이라든지 명암 등등 이런 것을 보고 판단 하는 것인데 만약 평가하는 기준이 없다면 어떻게 될까.#@문장구분# 아마 부정부페로 판을 쳤을 거다.#@문장구분# 왜냐하면 평가 기준이 없기 때문에 즉 심사위원 마음대로 결정할 수 있는 것인데 일등을 하고 싶은 사람들이 심사 위원들에게 뇌물을 줄 수도 있다.#@문장구분# 그렇다면 공정한 평가가 되지 않고 돈 많고 부유한 환경에서 잘 하는 사람들이 훨씬 더 유리한 대회가 될 것이다.#@문장구분# 우리는 이렇게 평가에 대해서 반대만 하면 안 된다 차라리 평가가 있고서의 우리가 더욱 더 발전해 나갈 수 있다.#@문장구분# 정혜진들이 있으니 그것에 맞춰서 \"우리가 지금 잘 하고 있나 조금 벗어난 나?\" 이렇게 생각을 하면서 길을 맞춰서 갈 수 있기 때문이다.#@문장구분# 우리는 평가의 기준을 갖고 살아야 된다.#@문장구분# 이 평가가 없다면 우리 사회에서 질서는 사라지게 될 것이다#@문장구분# 지켜야 하는 것도 없고 해야 하는 것도 없기 때문에 그냥 심사위원들한테 돈이나 많이 주고 뇌물을  많이 주면 된다 라는 생각을 가지고 살아갈 수도 있기 때문이다.#@문장구분# 우리는 공정하고 공평하게 사회에서 살아 가고 싶다.#@문장구분#",
      "paragraph_len": 1165,
      "paragraph_id": "001"
    }
  ],
  "score": {
    "paragraph_score": [
      {
        "paragraph_scoreT": [
          1.4,
          1.6,
          2
        ],
        "paragraph_scoreT_detail": {
          "paragraph_scoreT_exp": [
            [
              1,
              2,
              1
            ],
            [
              2,
              2,
              1
            ],
            [
              2,
              2,
              2
            ]
          ]
        },
        "paragraph_scoreT_avg": 1.6666666,
        "paragraph_id": "001"
      }
    ],
    "essay_scoreT": [
      11.8,
      22.5,
      26.1
    ],
    "essay_scoreT_avg": 20.133333,
    "essay_scoreT_detail": {
      "essay_scoreT_org": [
        [
          1,
          0,
          1,
          3
        ],
        [
          3,
          0,
          2,
          3
        ],
        [
          3,
          0,
          2,
          3
        ]
      ],
      "essay_scoreT_cont": [
        [
          1,
          1,
          1,
          1
        ],
        [
          3,
          2,
          3,
          2
        ],
        [
          3,
          3,
          3,
          3
        ]
      ],
      "essay_scoreT_exp": [
        [
          1,
          2,
          1
        ],
        [
          2,
          2,
          1
        ],
        [
          2,
          2,
          2
        ]
      ]
    }
  },
  "student": {
    "date": "2021.12.27",
    "student_educated": true,
    "student_grade": "고등_1학년",
    "location": "063",
    "student_grade_group": "고등",
    "student_reading": 2
  },
  "rubric": {
    "essay_grade": "고등_1학년",
    "organization_weight": {
      "org_paragraph": 0,
      "org": 3,
      "org_essay": 6,
      "org_coherence": 3,
      "org_quantity": 1
    },
    "essay_type": "주장",
    "content_weight": {
      "con_clearance": 3,
      "con_novelty": 3,
      "con": 4,
      "con_prompt": 1,
      "con_description": 3
    },
    "essay_main_subject": "평가에 대한 본인의 의견",
    "expression_weight": {
      "exp_style": 4,
      "exp_grammar": 2,
      "exp_vocab": 4,
      "exp": 3
    }
  },
  "correction": [],
  "info": {
    "essay_id": "ESSAY_79781",
    "essay_prompt": " 평가는 일반적으로 평가대상의 장점과 가치를 결정하는 과정을 말합니다.\n\n 세상에는 무수히 많은 평가 방법들이 존재하고 그 주제도 다양합니다.\n\n 우리나라의 경우는 어떨까요? 중간, 기말시험이 있고 미술과 같은 기본기와 창의성을 평가하는 과목도 있습니다. 체육과 같은 신체적인 능력을 평가하는 과목도 있지요. 모두 적절한 기준이 있으며 매우 객관적인 기준이라고 말합니다.\n\n 하지만 여러분이 생각하기에 모든 학생을 동일한 평가지표에 맞추어 평가하는 것이 올바른 방식이라고 생각하나요?\n\n 사람마다 특성이 존재하듯 각각의 목표 또한 다르고 성과도 다를 수 있습니다. 특정 기준에 의존해 본인의 성과도를 평가하는 것이 바르다고 생각되나요?\n\n 현재의 평가 방식은 최고의 객관적인 평가 방식이라고 생각하신다면 그 이유를 작성해주세요. 아니라면 어떤 평가 기준이 추가되어야 하고 또한 어떤 생각으로 평가가 이루어졌으면 좋겠는지 서술해 주세요.",
    "essay_type": "주장",
    "essay_level": "2",
    "essay_len": 845,
    "essay_main_subject": "평가에 대한 본인의 의견"
  }
}