{
  "paragraph": [
    {
      "paragraph_txt": "나는 수능시험의 교육평가의 정의에 대해 제대로 실현되고 있다고 생각한다.#@문장구분# 왜냐하면 저의 친한 형들이 하는 말을 듣고, 내가 보기에도 그렇게 생각하기 때문이다.#@문장구분# 내 꿈은 태권도 관장이다.#@문장구분# 만약 내가 관장이 됐는데 내 제자들이 수능 공부에 힘들어한다고 하면 난 이렇게 말할 것이다.#@문장구분# '지금도 충분히 열심히 하고 있으니 꾸준히 지금부터 계속하면 성공 할 수 있을것이라고'.#@문장구분# 그리고 지금생각해도 학원, 인강, 학교, 과외 등등 많은 곳이 공부를 할 수 있고, 수능 시험에 대해 교육평가를 제대로 실현하고 있다.#@문장구분# 그리고 학교 등 선생님들이 의사결정을 위한 정보제공을 많이 해주기 때문이다.#@문장구분# 그렇게 정보제공을 해주면 이제 자기가 해야 하는 일이 하나 남았다.#@문장구분# '가치의 판단'은 자기 스스로 하는것이고, 스스로 노력만 한다면 충분히 원하는 목표를 달 성 할 수 있을 것이다.#@문장구분# 학교나 학원은 영향력을 많이 주고 있다고 생각한다.#@문장구분# 따라서 난 수능에 대해 제대로 실현되고 있다고 생각한다.#@문장구분#",
      "paragraph_len": 707,
      "paragraph_id": "001"
    }
  ],
  "score": {
    "paragraph_score": [
      {
        "paragraph_scoreT": [
          2,
          2.6,
          3
        ],
        "paragraph_scoreT_detail": {
          "paragraph_scoreT_exp": [
            [
              2,
              2,
              2
            ],
            [
              3,
              3,
              2
            ],
            [
              3,
              3,
              3
            ]
          ]
        },
        "paragraph_scoreT_avg": 2.5333333,
        "paragraph_id": "001"
      }
    ],
    "essay_scoreT": [
      20,
      24.599998,
      23.699999
    ],
    "essay_scoreT_avg": 22.766665,
    "essay_scoreT_detail": {
      "essay_scoreT_org": [
        [
          2,
          0,
          2,
          2
        ],
        [
          2,
          0,
          2,
          2
        ],
        [
          2,
          0,
          2,
          3
        ]
      ],
      "essay_scoreT_cont": [
        [
          2,
          2,
          2,
          2
        ],
        [
          3,
          3,
          3,
          2
        ],
        [
          2,
          2,
          3,
          2
        ]
      ],
      "essay_scoreT_exp": [
        [
          2,
          2,
          2
        ],
        [
          3,
          3,
          2
        ],
        [
          3,
          3,
          3
        ]
      ]
    }
  },
  "student": {
    "date": "2021.09.07",
    "student_educated": true,
    "student_grade": "고등_1학년",
    "location": "051",
    "student_grade_group": "고등",
    "student_reading": 3
  },
  "rubric": {
    "essay_grade": "고등_1학년",
    "organization_weight": {
      "org_paragraph": 0,
      "org": 3,
      "org_essay": 6,
      "org_coherence": 3,
      "org_quantity": 1
    },
    "essay_type": "주장",
    "content_weight": {
      "con_clearance": 3,
      "con_novelty": 3,
      "con": 4,
      "con_prompt": 1,
      "con_description": 3
    },
    "essay_main_subject": "평가에 대한 본인의 의견",
    "expression_weight": {
      "exp_style": 4,
      "exp_grammar": 2,
      "exp_vocab": 4,
      "exp": 3
    }
  },
  "correction": [],
  "info": {
    "essay_id": "ESSAY_35588",
    "essay_prompt": " 평가는 일반적으로 평가대상의 장점과 가치를 결정하는 과정을 말합니다.\n\n 세상에는 무수히 많은 평가 방법들이 존재하고 그 주제도 다양합니다.\n\n 우리나라의 경우는 어떨까요? 중간, 기말시험이 있고 미술과 같은 기본기와 창의성을 평가하는 과목도 있습니다. 체육과 같은 신체적인 능력을 평가하는 과목도 있지요. 모두 적절한 기준이 있으며 매우 객관적인 기준이라고 말합니다.\n\n 하지만 여러분이 생각하기에 모든 학생을 동일한 평가지표에 맞추어 평가하는 것이 올바른 방식이라고 생각하나요?\n\n 사람마다 특성이 존재하듯 각각의 목표 또한 다르고 성과도 다를 수 있습니다. 특정 기준에 의존해 본인의 성과도를 평가하는 것이 바르다고 생각되나요?\n\n 현재의 평가 방식은 최고의 객관적인 평가 방식이라고 생각하신다면 그 이유를 작성해주세요. 아니라면 어떤 평가 기준이 추가되어야 하고 또한 어떤 생각으로 평가가 이루어졌으면 좋겠는지 서술해 주세요.",
    "essay_type": "주장",
    "essay_level": "2",
    "essay_len": 488,
    "essay_main_subject": "평가에 대한 본인의 의견"
  }
}