{
  "paragraph": [
    {
      "paragraph_txt": "새로운 사람을 만날 때 사람의 첫인상을 평가하듯이 우리에게 평가는 익숙한 존재이고 일반적으로 평가대상의 장점과 가치를 결정하는 과정을 말한다.#@문장구분# 그리고 한 사람에 대한 다양한 정보를 얻을 수 있기도 하다.#@문장구분# 그러나 우리에게 이 평가가 스트레스가 되는 평가도 있다.#@문장구분# 바로 시험이라는 것이다.#@문장구분# 시험은 말 그대로 성취도 평가라고 할 수 있다.#@문장구분# 이 성취도 평가는 우리가 살아가는 동안 같이 가는 평가인게, 초중고, 대학, 직장까지 따라다니는 것이기 때문이다.#@문장구분# 이 시험이라는 존재 때문에 사람들이 스트레스에 시달린다.#@문장구분# 말 그대로 이 시험이라는 한 평가가 이 사람에 대한 능력과 소질 등을 보여주는 한 지표에 속하기 때문이다.#@문장구분# 세상에는 다양한 평가 방법과 평가가 존재하고 주제또한 다양하다.#@문장구분# 그런데 우리는 이 시험이라는 것에 집중하게 되는게 우리나라의 경우 시험을 잘보면 사회에서 똑똑하다는 이미지를 얻게 되고 시험을 못보면 사회에서 좀 별로라는 이미지를 받을 수 밖에 없기 때문이다.#@문장구분# 그리고 시험대신 수행평가를 늘리는 방법도 있지만 그렇게 되면 수행평가가 너무 많게 되지만 한 시험당 비율이 작아져서 부담을 줄일수 있다.#@문장구분# 그렇지만 그것은 현실적으로 내가 생각하기에도 어려운 것 같다.#@문장구분# 다음으로는 우리가 생각하기에 모든학생을 동일한 평가 지표에 맞추어 평가하는 것이 올바른 방식이라고 생각하는가?#@문장구분# 내 생각으로는 맞기도 하고 아닌 것 같기도 하다.#@문장구분# 왜냐하면 사람마다 특성이 존재하듯 각각에 목표 또한 다르고 성과도 다르기 때문이다.#@문장구분# 평가하는 특정한 기준이나 목표가 공식적으로 평균이면 내 생각에는 괜찮다고 본다.#@문장구분# 사회에서의 평가는 평가대상에게 요구하는 능력이 그 분야에 따라 모두 다르기 때문에 개인에 상황에 맞추어 사람마다 다른 특성과 목표, 성과를 일일이 고려하였을 때에 정작 평가해야 할 능력에는 소홀해 질 수도 있다는 부작용이 있습니다.#@문장구분# 그렇기에 최대한 많은 분야에 있어 동일한 평가지표를 가지고 평가하는 것이 그 사람을 평가하는 목적에 가장 걸맞고 그 사람이 사회에서 가치와 장점을 평가받을 때에 사회에 각 분야들(직장등)이 각자 원하는 인재에 기준에 따라 평가하기 적합하다고 생각됩니다.#@문장구분#",
      "paragraph_len": 1413,
      "paragraph_id": "001"
    }
  ],
  "score": {
    "paragraph_score": [
      {
        "paragraph_scoreT": [
          2.4,
          2,
          2
        ],
        "paragraph_scoreT_detail": {
          "paragraph_scoreT_exp": [
            [
              2,
              3,
              2
            ],
            [
              2,
              2,
              2
            ],
            [
              2,
              2,
              2
            ]
          ]
        },
        "paragraph_scoreT_avg": 2.1333334,
        "paragraph_id": "001"
      }
    ],
    "essay_scoreT": [
      23.1,
      23.099998,
      26.1
    ],
    "essay_scoreT_avg": 24.099998,
    "essay_scoreT_detail": {
      "essay_scoreT_org": [
        [
          2,
          0,
          2,
          3
        ],
        [
          2,
          0,
          2,
          3
        ],
        [
          3,
          0,
          2,
          3
        ]
      ],
      "essay_scoreT_cont": [
        [
          3,
          2,
          3,
          2
        ],
        [
          3,
          2,
          3,
          3
        ],
        [
          3,
          3,
          3,
          3
        ]
      ],
      "essay_scoreT_exp": [
        [
          2,
          3,
          2
        ],
        [
          2,
          2,
          2
        ],
        [
          2,
          2,
          2
        ]
      ]
    }
  },
  "student": {
    "date": "2021.12.21",
    "student_educated": true,
    "student_grade": "고등_1학년",
    "location": "063",
    "student_grade_group": "고등",
    "student_reading": 2
  },
  "rubric": {
    "essay_grade": "고등_1학년",
    "organization_weight": {
      "org_paragraph": 0,
      "org": 3,
      "org_essay": 6,
      "org_coherence": 3,
      "org_quantity": 1
    },
    "essay_type": "주장",
    "content_weight": {
      "con_clearance": 3,
      "con_novelty": 3,
      "con": 4,
      "con_prompt": 1,
      "con_description": 3
    },
    "essay_main_subject": "평가에 대한 본인의 의견",
    "expression_weight": {
      "exp_style": 4,
      "exp_grammar": 2,
      "exp_vocab": 4,
      "exp": 3
    }
  },
  "correction": [],
  "info": {
    "essay_id": "ESSAY_76489",
    "essay_prompt": " 평가는 일반적으로 평가대상의 장점과 가치를 결정하는 과정을 말합니다.\n\n 세상에는 무수히 많은 평가 방법들이 존재하고 그 주제도 다양합니다.\n\n 우리나라의 경우는 어떨까요? 중간, 기말시험이 있고 미술과 같은 기본기와 창의성을 평가하는 과목도 있습니다. 체육과 같은 신체적인 능력을 평가하는 과목도 있지요. 모두 적절한 기준이 있으며 매우 객관적인 기준이라고 말합니다.\n\n 하지만 여러분이 생각하기에 모든 학생을 동일한 평가지표에 맞추어 평가하는 것이 올바른 방식이라고 생각하나요?\n\n 사람마다 특성이 존재하듯 각각의 목표 또한 다르고 성과도 다를 수 있습니다. 특정 기준에 의존해 본인의 성과도를 평가하는 것이 바르다고 생각되나요?\n\n 현재의 평가 방식은 최고의 객관적인 평가 방식이라고 생각하신다면 그 이유를 작성해주세요. 아니라면 어떤 평가 기준이 추가되어야 하고 또한 어떤 생각으로 평가가 이루어졌으면 좋겠는지 서술해 주세요.",
    "essay_type": "주장",
    "essay_level": "2",
    "essay_len": 1054,
    "essay_main_subject": "평가에 대한 본인의 의견"
  }
}