{
  "paragraph": [
    {
      "paragraph_txt": "나는 개인적으로 평가라는 제도는 우리 사회에 있어서는 꼭 필요하다고 생각한다.#@문장구분# 그 이유는 현재 우리 사회는 개인의 능력을 중요시 여기는 능력중시 사회인데, 이러한 사회에서는 가장 필연적인 제도가 바로 평가이다. #@문장구분#만약 우리 사회에 평가가 없었더라면, 우리 사회는 재능 인재들의 잠재력을 제대로 끌어내지 못하여 현재의 우리 사회의 모습처럼 발전하지 못하였을 수도 있다. #@문장구분#물론 사람들의 가치를 어떤 하나의 기준만으로 평가하는 것은 말이 되지 않는다.#@문장구분# 평가 제도가 좋지 못하다는 사람들은 흔히들 앞서 말한 것처럼 사람들 개개인마다 잘하는 것들이 다 다를 것인데 그것을 고려하지 않고 어떤 하나의 기준을 가지고 대상의 가치를 파악한다는 것은 어리석다고 말한다.#@문장구분# 하지만 사람들이 개인별로 잘하는 것이 다 다르다면 그 사람들은 자신이 잘하는 것에 대하여 평가하는 곳을 택하면 되는 것이다.#@문장구분# 이렇듯이 평가라는 제도를 활용하면 사람들 각각의 장점들과 가치들을 파악하여 우수한 인재들을 선발할 수 있는 이유가 있다.#@문장구분# 다음으로 평가 제도를 잘 활용할 경우에는 평가 대상간의 경쟁심을 자극하여 더더욱 훌륭한 인재들을 발굴할고 양성할 수 있다. #@문장구분#일상 속에서 이와 같은 경우들을 만나볼 수 있는데, 현재 사람들 대부분은 경험해봤을 학교에서의 학력고사를 예로 들 수 있다.#@문장구분# 우리는 초등학교, 중학교, 고등학교를 거치며 무수히 많은 학력고사를 친다.#@문장구분# 학생들은 그 학력고사를 대비하여 열심히 공부할 것이고 그 양에 따라서 학력고사의 점수는 달라질 것이다.#@문장구분# 점수를 잘 맞은 사람이 있는 반면에 못 맞은 사람도 있을 것이다.#@문장구분# 이에 점수를 못 맞은 학생은 자신보다 더 잘 맞은 학생에게 경쟁심이 생기기 마련이고 더 잘 맞은 학생을 이기기 위하여 더더욱 많은 시간을 공부하는 시간에 투자할 것이고 노력할 것이다. #@문장구분#이런 것처럼 평가는 평가 대상 상호간의 경쟁심을 부추겨 더 나은, 더 발전한 사회를 만들 수 있으므로 평가는 교육, 사회면에서 꼭 필요한 제도이다.#@문장구분#",
      "paragraph_len": 1244,
      "paragraph_id": "001"
    }
  ],
  "score": {
    "paragraph_score": [
      {
        "paragraph_scoreT": [
          2.8,
          2.4,
          3
        ],
        "paragraph_scoreT_detail": {
          "paragraph_scoreT_exp": [
            [
              2,
              3,
              3
            ],
            [
              2,
              3,
              2
            ],
            [
              3,
              3,
              3
            ]
          ]
        },
        "paragraph_scoreT_avg": 2.7333333,
        "paragraph_id": "001"
      }
    ],
    "essay_scoreT": [
      28.2,
      26.100002,
      27.3
    ],
    "essay_scoreT_avg": 27.200003,
    "essay_scoreT_detail": {
      "essay_scoreT_org": [
        [
          3,
          0,
          3,
          3
        ],
        [
          3,
          0,
          2,
          3
        ],
        [
          2,
          0,
          2,
          3
        ]
      ],
      "essay_scoreT_cont": [
        [
          3,
          2,
          3,
          3
        ],
        [
          3,
          2,
          3,
          3
        ],
        [
          3,
          3,
          3,
          3
        ]
      ],
      "essay_scoreT_exp": [
        [
          2,
          3,
          3
        ],
        [
          2,
          3,
          2
        ],
        [
          3,
          3,
          3
        ]
      ]
    }
  },
  "student": {
    "date": "2021.12.20",
    "student_educated": true,
    "student_grade": "고등_1학년",
    "location": "054",
    "student_grade_group": "고등",
    "student_reading": 2
  },
  "rubric": {
    "essay_grade": "고등_1학년",
    "organization_weight": {
      "org_paragraph": 0,
      "org": 3,
      "org_essay": 6,
      "org_coherence": 3,
      "org_quantity": 1
    },
    "essay_type": "주장",
    "content_weight": {
      "con_clearance": 3,
      "con_novelty": 3,
      "con": 4,
      "con_prompt": 1,
      "con_description": 3
    },
    "essay_main_subject": "평가에 대한 본인의 의견",
    "expression_weight": {
      "exp_style": 4,
      "exp_grammar": 2,
      "exp_vocab": 4,
      "exp": 3
    }
  },
  "correction": [],
  "info": {
    "essay_id": "ESSAY_76690",
    "essay_prompt": " 평가는 일반적으로 평가대상의 장점과 가치를 결정하는 과정을 말합니다.\n\n 세상에는 무수히 많은 평가 방법들이 존재하고 그 주제도 다양합니다.\n\n 우리나라의 경우는 어떨까요? 중간, 기말시험이 있고 미술과 같은 기본기와 창의성을 평가하는 과목도 있습니다. 체육과 같은 신체적인 능력을 평가하는 과목도 있지요. 모두 적절한 기준이 있으며 매우 객관적인 기준이라고 말합니다.\n\n 하지만 여러분이 생각하기에 모든 학생을 동일한 평가지표에 맞추어 평가하는 것이 올바른 방식이라고 생각하나요?\n\n 사람마다 특성이 존재하듯 각각의 목표 또한 다르고 성과도 다를 수 있습니다. 특정 기준에 의존해 본인의 성과도를 평가하는 것이 바르다고 생각되나요?\n\n 현재의 평가 방식은 최고의 객관적인 평가 방식이라고 생각하신다면 그 이유를 작성해주세요. 아니라면 어떤 평가 기준이 추가되어야 하고 또한 어떤 생각으로 평가가 이루어졌으면 좋겠는지 서술해 주세요.",
    "essay_type": "주장",
    "essay_level": "2",
    "essay_len": 965,
    "essay_main_subject": "평가에 대한 본인의 의견"
  }
}