{
  "paragraph": [
    {
      "paragraph_txt": "인종차별에 대한 사례를 작성하고자 살펴보던 중 최근 독일에서 발생한 한국인 피해사례를 접하게 되었다.#@문장구분# 독일이란 나라는 꼭 가보지 않았어도 늘 익숙했더 나라이다.#@문장구분# 음악전공한 사람들이 미국 외 유학하러 많이 떠나는 곳이기도 하다. #@문장구분#음악말고도 건축, 철학 등 다양한 전공자들도 선택하는 곳이 독일이라고 익히 듣기도 했다. #@문장구분#코로나 때문에 한국인들도 많은 피해를 입고 있다고 하는데, 어떤 기사가 올라왔다.#@문장구분# \"폭행을 당했는데 베를린에서 카트를 가지고 계산줄을 서있는데 옆에 가던 여자가 제 카트를 다리로 매우 세게 확 밀어 버리더니 제 앞으로 비집고 들어가는 겁니다. #@문장구분#카트도 바구니도 없길래 물건 한두개 사는거면 그냥 앞에 세워주려고 그냥 가만히 있었는데 제 뒤에 카트끌고 있던 동행여성이 제 앞으로 서게 하기 위해서 제 카트를 다리로 치웠던 것입니다. #@문장구분#그러고 나서 제가 좀 벙쪄 있으니까 둘이서 계속 저를 쳐다보면서 재미있다는 듯이 낄낄 거리길래 what is wrong with you?라고 했습니다. #@문장구분#그러니까 코로나 어쩌구 저쩌구 그러면서 동행인 여자랑 함께 낄낄 거리더라구요. #@문장구분#그 여자를 따라가 도대체 왜 그러는거냐고 뭐가 문제냐고 했더니 갑자기 bitch라고 하면서 제가 뒤도는 사이 제 머리채를 손으로 잡더니 본인 하체쪽으로 제 머리를 끌어당겨 주먹고 무릎으로 제 머리통을 제머리를 마구 가격했습니다.\" 저는 경찰 불러달라고 도와달라고 한동안 소리쳤고 이 상황을 전혀보지도 못하고 자기 카트에서 물건을 계산대에서 담고 있던 저쪽 할머니는 다짜고짜 저한테 그냥 큰소리만 치고 그 가해자편을 들더라구요.. #@문장구분#제가 맞는걸 본게 맞는건지 가해자랑 윙크하고 웃으면서 저 이상한 사람만들기 시작하면서 ,이게 바로 진정마음 깊이 우러나오는 인종차별이겠죠. #@문장구분#상황을 몰라도 아니 알더라도 무조건적인 입장. 경찰이 와서도 그 할머니는 그 가해자편에 서서 저한테 손가락질을 계속 하는겁니다\"라는 기사를 보고 나는 같은 대한민국 국민으로써 분노가 차오르지 않을 수 없었다. #@문장구분#이런것은 저 깊이 아시아인을 우습게 보고 하찮게 여기는 인식이 자리잡고 있기 때문에 비롯된 차별이 아닐까싶다.",
      "paragraph_len": 1282,
      "paragraph_id": "001"
    }
  ],
  "score": {
    "paragraph_score": [
      {
        "paragraph_scoreT": [
          3,
          2,
          3
        ],
        "paragraph_scoreT_detail": {
          "paragraph_scoreT_exp": [
            [
              3,
              3,
              3
            ],
            [
              2,
              2,
              2
            ],
            [
              3,
              3,
              3
            ]
          ]
        },
        "paragraph_scoreT_avg": 2.6666667,
        "paragraph_id": "001"
      }
    ],
    "essay_scoreT": [
      30,
      21.2,
      23.3
    ],
    "essay_scoreT_avg": 24.833334,
    "essay_scoreT_detail": {
      "essay_scoreT_org": [
        [
          3,
          3,
          3,
          3
        ],
        [
          3,
          2,
          2,
          3
        ],
        [
          2,
          2,
          2,
          3
        ]
      ],
      "essay_scoreT_cont": [
        [
          3,
          3,
          3,
          3
        ],
        [
          2,
          2,
          2,
          2
        ],
        [
          2,
          2,
          2,
          2
        ]
      ],
      "essay_scoreT_exp": [
        [
          3,
          3,
          3
        ],
        [
          2,
          2,
          2
        ],
        [
          3,
          3,
          3
        ]
      ]
    }
  },
  "student": {
    "date": "2021.12.09",
    "student_educated": true,
    "student_grade": "고등_2학년",
    "location": "063",
    "student_grade_group": "고등",
    "student_reading": 2
  },
  "rubric": {
    "essay_grade": "고등_2학년",
    "organization_weight": {
      "org_paragraph": 3,
      "org": 3,
      "org_essay": 3,
      "org_coherence": 3,
      "org_quantity": 1
    },
    "essay_type": "주장",
    "content_weight": {
      "con_clearance": 3,
      "con_novelty": 3,
      "con": 4,
      "con_prompt": 1,
      "con_description": 3
    },
    "essay_main_subject": "인종차별에 대한 본인의 생각",
    "expression_weight": {
      "exp_style": 4,
      "exp_grammar": 2,
      "exp_vocab": 4,
      "exp": 3
    }
  },
  "correction": [],
  "info": {
    "essay_id": "ESSAY_61053",
    "essay_prompt": " 최근 중국발 코로나바이러스로 인해 동양인에 대한 혐오감을 나타내는 서양인들이 늘어나고 있습니다. 그로 인해, 매스컴이나 SNS에서 인종차별을 받아 힘들어하는 동양인들을 자주 목격할 수 있습니다.\n\n 하지만, 최근에만 인종차별이 존재했을까요? 아닙니다. 아주 오래전부터 다른 인종에 대한 차별은 있었습니다.\n\n 우리나라에서는 인종차별을 안 하고 있을까요? 아닙니다. 우리나라에서도 알게 모르게 많은 부분에서 다른 국가의 사람들에 대해 인종차별을 하고 있으며 누군가에게 상처를 주고 있습니다.\n\n 즉, 인종차별은 누군가의 문제가 아니라 우리 모두의 문제입니다.\n\n 여러분들은 인종차별을 당해보신 적 있나요? 인종차별을 하는 사람들에 대해 어떻게 생각하시나요? 왜 생겨났다고 생각하나요? 인종차별을 근절하기 위해서는 어떻게 해야 할까요? 인종차별을 하는 사람들에 대해 전 세계적으로 처벌의 강도를 높여야 할까요?\n\n 인종차별을 하는 사람들에 대한 본인의 생각을 작성하고 인종차별은 해결할 수 있는 문제일지 아니면 해결하지 어려운 문제일지 작성해주세요. 또한, 그렇게 생각한 이유와 본인이 생각한 해결방법 혹은 해결할 수 없다면 왜 해결할 수 없다고 생각하는지 작성해주세요.",
    "essay_type": "주장",
    "essay_level": "1",
    "essay_len": 1043,
    "essay_main_subject": "인종차별에 대한 본인의 생각"
  }
}