{
  "paragraph": [
    {
      "paragraph_txt": "팬더믹 상황에서 코로나 19 백신에 대한 특허권은 당연히 보장해야 한다고 생각합니다.#@문장구분# 지적재산권을 등록하고 유지하는 이유는 기술발전, 디자인 창작, 업무상 신용 유지, 기술의 진흥을 유도하기 위함이 있습니다.#@문장구분# \n제약회사와 연구원들이 피땀을 들여 만든 백신의 성분, 보관 방법 등을 특허권 없이 모두에게 풀어버린다면, \n공들여서 제작한 의미가 없을 것입니다.#@문장구분# 빠르고 확실하게 백신을 연구하고, 많은 이들이 배급받기 위해서는 특허권을 보장하며 연구원들의 업무상의 신용 유지, 보상을 확실하게 지켜줘야 합니다.#@문장구분# 예를 들어 맛있는 레시피를 위해서 5년 이상을 요리하고 연구하며 만든 레시피를 누군가 유포해버린다면 그간 노력했던 요리사는 아주 허탈한 \n감정에 휩쓸릴 것입니다.#@문장구분# 또한 해당 업무를 이어나가고 발전해봤자 또다시 누군가 카피하여 뺏겨버릴 거라는 불안감이 생길 것입니다.#@문장구분# 코로나 백신을 연구하고 제작하고 그 관련 업을 하는 사람들도 같습니다.#@문장구분# 백신 공급 증대가 어려워질 것이라는 반대 입장도 있겠지만, 백신 제약사들은 지식재산권을 면제할 경우 백신 생산 품질을 담보할 수 없고 mRNA 같은 차세대 기술이 유출될 수 있다며 반대하고 있다.#@문장구분# 대신 라이선스 계약을 대안으로 제시했습니다.#@문장구분# \n당장의 특허권을 풀어서 공급을 늘린다면 나중에 제2, 제3의 팬데믹 상 황세 과연 제약회사들이 백신 제작을 위해 \n투자와, 개발에 힘을 쓰기가 어렵습니다.#@문장구분# \n여러 나라에서 복제 백신을 대량으로 생산해 공급할 수 있다는 이유로 특허권 효력을 중지하자는 의견은 극단적인 이분법적인 사고입니다.#@문장구분# 특허권을 보장하면서도 백신을 대량으로 생산하는 방안을 함께 다른 선택을 해야 합니다.#@문장구분# \n국제 제약단체 연합회(IFPMA) 토머스 쿠에니 사무총장은 파이낸셜타임스 기고에서 지적재산권 면제는 백신 생산 과정에 혼란만 준다며 \"백신과 백신 원료 수출 규제를 풀어 생산과 공급 병목현상을 푸는 게 더 나은 선택\"이라고 했습니다.#@문장구분# 이렇듯 다른 공급을 늘릴 수 있는 방안을 제시해야 합니다.#@문장구분#",
      "paragraph_len": 1262,
      "paragraph_id": "001"
    }
  ],
  "score": {
    "paragraph_score": [
      {
        "paragraph_scoreT": [
          3,
          3,
          3
        ],
        "paragraph_scoreT_detail": {
          "paragraph_scoreT_exp": [
            [
              3,
              3,
              3
            ],
            [
              3,
              3,
              3
            ],
            [
              3,
              3,
              3
            ]
          ]
        },
        "paragraph_scoreT_avg": 3,
        "paragraph_id": "001"
      }
    ],
    "essay_scoreT": [
      30,
      30,
      25.699999
    ],
    "essay_scoreT_avg": 28.566666,
    "essay_scoreT_detail": {
      "essay_scoreT_org": [
        [
          3,
          3,
          3,
          3
        ],
        [
          3,
          3,
          3,
          3
        ],
        [
          2,
          2,
          2,
          3
        ]
      ],
      "essay_scoreT_cont": [
        [
          3,
          3,
          3,
          3
        ],
        [
          3,
          3,
          3,
          3
        ],
        [
          3,
          2,
          2,
          3
        ]
      ],
      "essay_scoreT_exp": [
        [
          3,
          3,
          3
        ],
        [
          3,
          3,
          3
        ],
        [
          3,
          3,
          3
        ]
      ]
    }
  },
  "student": {
    "date": "2021.09.07",
    "student_educated": true,
    "student_grade": "고등_2학년",
    "location": "02",
    "student_grade_group": "고등",
    "student_reading": 2
  },
  "rubric": {
    "essay_grade": "고등_2학년",
    "organization_weight": {
      "org_paragraph": 3,
      "org": 3,
      "org_essay": 3,
      "org_coherence": 3,
      "org_quantity": 1
    },
    "essay_type": "주장",
    "content_weight": {
      "con_clearance": 3,
      "con_novelty": 3,
      "con": 4,
      "con_prompt": 1,
      "con_description": 3
    },
    "essay_main_subject": "지적 재산권에 대한 본인의 생각 작성",
    "expression_weight": {
      "exp_style": 4,
      "exp_grammar": 2,
      "exp_vocab": 4,
      "exp": 3
    }
  },
  "correction": [],
  "info": {
    "essay_id": "ESSAY_35664",
    "essay_prompt": " 지적재산권이란 특허권, 실용신안권, 상표권, 디자인권을 총칭하는 개념으로 지적재산권법은 정보생산자에게 일정기간 동안 시장에서의 배타적 지위를 부여하고 있습니다.\n\n 즉, 지적 재산권은 특정 사람이 생각/창작해낸 것을 다른사람들의 무분별한 이용으로 부터 지켜주는 것입니다. 이러한 지적재산권은 개인 혹은 회사 더 나아가 나라에 귀속될 수 있습니다.\n\n 다만, 코로나 시대인 요즘 전 세계적인 재앙인 코로나를 물리칠 수 있는 백신에 대한 지적재산권을 자유롭게 풀어야한다는 의견이 계속해서 나오고 있습니다. \n\n 지적 재산권이 있는 제약회사가 있는 나라의 경우 백신이 충분하며 백신을 맞는 것이 선택의 문제인 반면, 그렇지 못한 나라는 백신을 맞고 싶어도 맞지 못하는 사람들이 많고 항체가 없어 사망하는 경우도 비교적 많이 때문입니다.\n\n 전 세계의 문제를 해결하기 위해 수 많은 돈을 들여 개발한 백신의 지적재산권을 공유하는 것이 의무화 되어야 할까요? 아니면 회사의 선택에 맡겨야할까요? 보상은 어떻게 해야할까요? \n\n 전 세계에 무상으로 공개 해야 한다는 의견이 있을 수도 있고 무상으로 공개한 회사의 경우 팬더믹 상황이 종결 된 후 따로 보상을 해주어야 한다는 의견도 있을 겁니다. 지적재산권의 변하지 않는 신뢰를 위해서라도 무상 공개는 절대 있어서는 안된다는 의견도 있을 것입니다.\n\n 지금까지도 펜더믹 상황에서 코로나19 백신에 대한 특허권을 보장해야 하느냐 풀어야 하느냐 의견이 분분합니다. 이에 대한 자신의 주장을 작성해주세요. 또한, 그렇게 생각한 이유도 설명해주세요.",
    "essay_type": "주장",
    "essay_level": "1",
    "essay_len": 984,
    "essay_main_subject": "지적 재산권에 대한 본인의 생각 작성"
  }
}