{
  "paragraph": [
    {
      "paragraph_txt": "저는 현재의 평가 방식이 크게 나쁘다고 생각하지 않습니다.#@문장구분# 현재 수행과 시험의 비율이 3대 7 정도 되는데 시험은 좀 더 객관적으로 학업 역량을 평가할 수 있고 수행은 협동심, 문제 해결 능력 같이 본인 만의 특색이나 장점을 평가할 수 있음으로 적절이 조화되어 있다고 생각합니다.#@문장구분# 또한 예체능은 시험 필요 없이 수행 100%로 평가해도 되기 때문에 크게 문제가 없다고 생각하고 있습니다.#@문장구분# 저는 현재처럼 동일한 지표에 맞춰야 동등하다고 생각하는데 그 이유는 사람마다 다른 기준을 적용하면 오히려 공평하지 않기 때문입니다.#@문장구분# 예를 들어 체육 시간에 농구 골대에 공을 넣는 수행평가를 진행할 때 키 작은 친구는 8개를 넣으면 A 키 큰 친구는 10개를 넣어야 A 이런 식으로 하면 키 큰 친구에게 불리한 평가가 될 수 있습니다.#@문장구분# 게다가 신체 기준으로 그룹을 분류함으로써 서로에게 상대적 박탈감을 주는 결과까지 낳을 수 있습니다.#@문장구분# 따라서 사람마다 특성이 존재한다고 해서 기준을 다르게 하는 것은 불공평하다고 생각합니다.#@문장구분# 단지 조별 수행의 경우 동료 평가를 하여 조원들의 참여도를 결과에 반영하여 주었으면 좋겠습니다.#@문장구분# 현재는 조별 과제는 팀으로 묶어서 한 번에 평가하는 경우가 많은데 개인 점수와 조별 점수를 따로 계산하면 참여율도 좋아지고 협조적인 분위기가 생성되어 스트레스도 줄일 수 있을 것 같기 때문입니다.#@문장구분# 이러한 방식으로 평가 방식을 바꾸는 것이 좋다고 생각합니다.#@문장구분# 사실 다른 변수들도 생각한다면 이렇게 변하는 것이 좋게 변하는것인지 잘 모르겠습니다.#@문장구분# 그래도 일단 시도하지 않는다면 아무것도 바뀌지 않는다는 것을 잘 알기에 일단 변하려는 시도는 해봤으면 좋겠습니다.#@문장구분#",
      "paragraph_len": 1059,
      "paragraph_id": "001"
    }
  ],
  "score": {
    "paragraph_score": [
      {
        "paragraph_scoreT": [
          2.8,
          2,
          2
        ],
        "paragraph_scoreT_detail": {
          "paragraph_scoreT_exp": [
            [
              2,
              3,
              3
            ],
            [
              2,
              2,
              2
            ],
            [
              2,
              2,
              2
            ]
          ]
        },
        "paragraph_scoreT_avg": 2.2666667,
        "paragraph_id": "001"
      }
    ],
    "essay_scoreT": [
      27.8,
      21.2,
      20.699999
    ],
    "essay_scoreT_avg": 23.233332,
    "essay_scoreT_detail": {
      "essay_scoreT_org": [
        [
          3,
          0,
          3,
          3
        ],
        [
          2,
          0,
          2,
          2
        ],
        [
          2,
          0,
          2,
          3
        ]
      ],
      "essay_scoreT_cont": [
        [
          2,
          3,
          2,
          3
        ],
        [
          3,
          2,
          2,
          2
        ],
        [
          2,
          2,
          3,
          2
        ]
      ],
      "essay_scoreT_exp": [
        [
          2,
          3,
          3
        ],
        [
          2,
          2,
          2
        ],
        [
          2,
          2,
          2
        ]
      ]
    }
  },
  "student": {
    "date": "2021.12.14",
    "student_educated": true,
    "student_grade": "고등_1학년",
    "location": "054",
    "student_grade_group": "고등",
    "student_reading": 3
  },
  "rubric": {
    "essay_grade": "고등_1학년",
    "organization_weight": {
      "org_paragraph": 0,
      "org": 3,
      "org_essay": 6,
      "org_coherence": 3,
      "org_quantity": 1
    },
    "essay_type": "주장",
    "content_weight": {
      "con_clearance": 3,
      "con_novelty": 3,
      "con": 4,
      "con_prompt": 1,
      "con_description": 3
    },
    "essay_main_subject": "평가에 대한 본인의 의견",
    "expression_weight": {
      "exp_style": 4,
      "exp_grammar": 2,
      "exp_vocab": 4,
      "exp": 3
    }
  },
  "correction": [],
  "info": {
    "essay_id": "ESSAY_79062",
    "essay_prompt": " 평가는 일반적으로 평가대상의 장점과 가치를 결정하는 과정을 말합니다.\n\n 세상에는 무수히 많은 평가 방법들이 존재하고 그 주제도 다양합니다.\n\n 우리나라의 경우는 어떨까요? 중간, 기말시험이 있고 미술과 같은 기본기와 창의성을 평가하는 과목도 있습니다. 체육과 같은 신체적인 능력을 평가하는 과목도 있지요. 모두 적절한 기준이 있으며 매우 객관적인 기준이라고 말합니다.\n\n 하지만 여러분이 생각하기에 모든 학생을 동일한 평가지표에 맞추어 평가하는 것이 올바른 방식이라고 생각하나요?\n\n 사람마다 특성이 존재하듯 각각의 목표 또한 다르고 성과도 다를 수 있습니다. 특정 기준에 의존해 본인의 성과도를 평가하는 것이 바르다고 생각되나요?\n\n 현재의 평가 방식은 최고의 객관적인 평가 방식이라고 생각하신다면 그 이유를 작성해주세요. 아니라면 어떤 평가 기준이 추가되어야 하고 또한 어떤 생각으로 평가가 이루어졌으면 좋겠는지 서술해 주세요.",
    "essay_type": "주장",
    "essay_level": "2",
    "essay_len": 820,
    "essay_main_subject": "평가에 대한 본인의 의견"
  }
}