{
  "paragraph": [
    {
      "paragraph_txt": "동양인의 입장에서 미국의 인종차별을 바라본다면 이것은 개개인의 차이가 있겠지만 나의 생각은 이것은 옳지 못하다고 생각한다#@문장구분# 왜냐햐면 서로 태어난 국적이 다르고 문화가 다르긴 하지만 우리는 공통점을 가지고 있다#@문장구분# 모두 사람이라는 점이다#@문장구분# 그저 생김새가 다르고 태어난곳이 다르다고 해서 혐오를 하거나 부당한 차별을 하는 것은 올바르지 못하다#@문장구분# 또한 인종차별 문제로 이슈가 커지고 있는데 특별히 미국은 더욱 심한 것 같다#@문장구분# 미국은 미국 안에서도 흑인과 백인들 사이에도 피부색으로 인한 부당한 대우를 받는 사람들이 있는데 도무지 이해가 가질 않는다#@문장구분# 똑같은 사람인데 혐오하고 차별하고 이게 맞는 행동인지 의문이 든다#@문장구분# 하지만 특별한 이유가 있는 사례라면 무조건 잘못된 생각이라고 생각 할 수는 없다#@문장구분# 예를들자면 요즘 중국에서 나온 코로나19 바이러스로 인해 피해를 입었다면 조금이나마 이해 할 수는 있다#@문장구분# 하지만 이런 상황이 아님에도 그런 대우를 받는 것은 절대 있어서는 안된다#@문장구분# 미국은 다인종이 함께 사는 나라인만큼 그런 문제가 없어야 하는데 이런 문제가 제일 심한 나라로 선정되어서 걱정이 된다#@문장구분#\n 하지만 이런 것은 혼자 생각한다고 되는 문제가 아니다#@문장구분# 서로 다른 인종을 이해 하려고 노력하고 도와준다면  이런 문제를 해결할 수 있을 것이다#@문장구분# 예를 들자면 여러 가지 문화 소개 프로그램이나 캠페인 등등 여러 가지 것들이 있고 다문화 가정같은 사람들은 국적차이를 극복하고 만나는 만큼 이런 문제가 없을 것 같은데 그래서 생각한게 자기 나라에서 결혼을 하지 못하고 혼자 쓸쓸하게 살아가는 사람들을 위해서 국제결혼을 추진하고 다문화 가정을 만든다면 서로의 차이점을 이해하며 살아가는데에 조금이나마 도움이 될것같다.#@문장구분# 앞으로 서로 이해하고 사랑하면서 인종차별을 없애는 인류가 되었으면 좋겠다.#@문장구분#",
      "paragraph_len": 1171,
      "paragraph_id": "001"
    }
  ],
  "score": {
    "paragraph_score": [
      {
        "paragraph_scoreT": [
          2.8,
          3,
          3
        ],
        "paragraph_scoreT_detail": {
          "paragraph_scoreT_exp": [
            [
              2,
              3,
              3
            ],
            [
              3,
              3,
              3
            ],
            [
              3,
              3,
              3
            ]
          ]
        },
        "paragraph_scoreT_avg": 2.9333334,
        "paragraph_id": "001"
      }
    ],
    "essay_scoreT": [
      29.4,
      30,
      30
    ],
    "essay_scoreT_avg": 29.800001,
    "essay_scoreT_detail": {
      "essay_scoreT_org": [
        [
          3,
          3,
          3,
          3
        ],
        [
          3,
          3,
          3,
          3
        ],
        [
          3,
          3,
          3,
          3
        ]
      ],
      "essay_scoreT_cont": [
        [
          3,
          3,
          3,
          3
        ],
        [
          3,
          3,
          3,
          3
        ],
        [
          3,
          3,
          3,
          3
        ]
      ],
      "essay_scoreT_exp": [
        [
          2,
          3,
          3
        ],
        [
          3,
          3,
          3
        ],
        [
          3,
          3,
          3
        ]
      ]
    }
  },
  "student": {
    "date": "2021.10.24",
    "student_educated": true,
    "student_grade": "고등_2학년",
    "location": "063",
    "student_grade_group": "고등",
    "student_reading": 1
  },
  "rubric": {
    "essay_grade": "고등_2학년",
    "organization_weight": {
      "org_paragraph": 3,
      "org": 3,
      "org_essay": 3,
      "org_coherence": 3,
      "org_quantity": 1
    },
    "essay_type": "주장",
    "content_weight": {
      "con_clearance": 3,
      "con_novelty": 3,
      "con": 4,
      "con_prompt": 1,
      "con_description": 3
    },
    "essay_main_subject": "인종차별에 대한 본인의 생각",
    "expression_weight": {
      "exp_style": 4,
      "exp_grammar": 2,
      "exp_vocab": 4,
      "exp": 3
    }
  },
  "correction": [],
  "info": {
    "essay_id": "ESSAY_44533",
    "essay_prompt": " 최근 중국발 코로나바이러스로 인해 동양인에 대한 혐오감을 나타내는 서양인들이 늘어나고 있습니다. 그로 인해, 매스컴이나 SNS에서 인종차별을 받아 힘들어하는 동양인들을 자주 목격할 수 있습니다.\n\n 하지만, 최근에만 인종차별이 존재했을까요? 아닙니다. 아주 오래전부터 다른 인종에 대한 차별은 있었습니다.\n\n 우리나라에서는 인종차별을 안 하고 있을까요? 아닙니다. 우리나라에서도 알게 모르게 많은 부분에서 다른 국가의 사람들에 대해 인종차별을 하고 있으며 누군가에게 상처를 주고 있습니다.\n\n 즉, 인종차별은 누군가의 문제가 아니라 우리 모두의 문제입니다.\n\n 여러분들은 인종차별을 당해보신 적 있나요? 인종차별을 하는 사람들에 대해 어떻게 생각하시나요? 왜 생겨났다고 생각하나요? 인종차별을 근절하기 위해서는 어떻게 해야 할까요? 인종차별을 하는 사람들에 대해 전 세계적으로 처벌의 강도를 높여야 할까요?\n\n 인종차별을 하는 사람들에 대한 본인의 생각을 작성하고 인종차별은 해결할 수 있는 문제일지 아니면 해결하지 어려운 문제일지 작성해주세요. 또한, 그렇게 생각한 이유와 본인이 생각한 해결방법 혹은 해결할 수 없다면 왜 해결할 수 없다고 생각하는지 작성해주세요.",
    "essay_type": "주장",
    "essay_level": "1",
    "essay_len": 872,
    "essay_main_subject": "인종차별에 대한 본인의 생각"
  }
}