{
  "paragraph": [
    {
      "paragraph_txt": "팬데믹 상황에서 코로나19백신에 대한 지적재산권보장에 대해 나는 반대하는 입장이다. #@문장구분#물론 지적재산권이 창작자 보호 및 산업발전을 위해서 꼭 필요한 장치라는 것에는 동의한다.#@문장구분# 하지만 의약품에 대한 지적재산권은 순수창작물 즉 음악이나 미술, 산업디자인등에 대해서는 그 권리를 보장해주어야 하는 것이 맞다고 생각한다. #@문장구분#왜냐하면 이런 창작물들은 오롯이 창작자의 소유물이며 창작자에 의해 만들어진것이기 때문이다. #@문장구분#하지만 의약품은 물론 제약회사라는 거대기업이 개인이 할 수 없는 큰 돈을 들여 약품을 만드는 것이겠지만 그 이면에는 그런 약을 만들 수 있는 순수과학발전 및 시설, 정치적 제도의 뒷받침은 국가 또는 전세계적인 지원아래서 만들어진 기반위에서 만들 수 밖에 없는 것들이다. #@문장구분#즉 기업의 순수한 돈만 가지고는 만들 수 없다는 것이다. #@문장구분#특히 이번 코로나19라는 전세계의 재앙에 가까운 팬데믹상황에서 백신은 전세계적인 요구에 의해 모든 국가들이 엄청난 세금을 투자해서 단기간에 만들어낸 의약품이다.#@문장구분# 이것은 즉 기업이 만들기는 했지만 어떻게 그 소유가 오롯이 기업에 있다고 할 수 있을까 라는 생각이 드는 부분이다. #@문장구분#요즘은 카피레프트운동이라고 해서 사회적기반아래 만들어진 것들에 대해서는 지적재산권을 부여하는 것이 아닌 사회가 공유해야 한다는 운동이 일어나고 있다. #@문장구분#나도 이 카피레프트운동이 맞다고 생각한다. #@문장구분#만약 사적인 권리를 보장하지 않는다면 어느 기업이 투자를 하겠냐고 하겠지만 이렇듯 공공의 기반을 두고 만들어진 창작물은 당연히 일정부분 공공에 환원해야 한다고 생각한다.#@문장구분# 그리고 공공에 환원을 한 사람들의 공로를 절대 잊으면 안된다고 생각한다.#@문장구분#이러한 공로를 한 사람들에게 노벨평화상같은 명예로운 상을 주어 이러한 공공 환원의 행위를 유도해야 한다고 생각한다.#@문장구분#",
      "paragraph_len": 1131,
      "paragraph_id": "001"
    }
  ],
  "score": {
    "paragraph_score": [
      {
        "paragraph_scoreT": [
          3,
          2.4,
          3
        ],
        "paragraph_scoreT_detail": {
          "paragraph_scoreT_exp": [
            [
              3,
              3,
              3
            ],
            [
              2,
              3,
              2
            ],
            [
              3,
              3,
              3
            ]
          ]
        },
        "paragraph_scoreT_avg": 2.8,
        "paragraph_id": "001"
      }
    ],
    "essay_scoreT": [
      27.6,
      27,
      29.7
    ],
    "essay_scoreT_avg": 28.1,
    "essay_scoreT_detail": {
      "essay_scoreT_org": [
        [
          3,
          3,
          3,
          3
        ],
        [
          3,
          3,
          3,
          3
        ],
        [
          3,
          3,
          3,
          2
        ]
      ],
      "essay_scoreT_cont": [
        [
          2,
          3,
          3,
          2
        ],
        [
          3,
          2,
          3,
          3
        ],
        [
          3,
          3,
          3,
          3
        ]
      ],
      "essay_scoreT_exp": [
        [
          3,
          3,
          3
        ],
        [
          2,
          3,
          2
        ],
        [
          3,
          3,
          3
        ]
      ]
    }
  },
  "student": {
    "date": "2021.11.17",
    "student_educated": true,
    "student_grade": "고등_2학년",
    "location": "063",
    "student_grade_group": "고등",
    "student_reading": 2
  },
  "rubric": {
    "essay_grade": "고등_2학년",
    "organization_weight": {
      "org_paragraph": 3,
      "org": 3,
      "org_essay": 3,
      "org_coherence": 3,
      "org_quantity": 1
    },
    "essay_type": "주장",
    "content_weight": {
      "con_clearance": 3,
      "con_novelty": 3,
      "con": 4,
      "con_prompt": 1,
      "con_description": 3
    },
    "essay_main_subject": "지적 재산권에 대한 본인의 생각 작성",
    "expression_weight": {
      "exp_style": 4,
      "exp_grammar": 2,
      "exp_vocab": 4,
      "exp": 3
    }
  },
  "correction": [],
  "info": {
    "essay_id": "ESSAY_45938",
    "essay_prompt": " 지적재산권이란 특허권, 실용신안권, 상표권, 디자인권을 총칭하는 개념으로 지적재산권법은 정보생산자에게 일정기간 동안 시장에서의 배타적 지위를 부여하고 있습니다.\n\n 즉, 지적 재산권은 특정 사람이 생각/창작해낸 것을 다른사람들의 무분별한 이용으로 부터 지켜주는 것입니다. 이러한 지적재산권은 개인 혹은 회사 더 나아가 나라에 귀속될 수 있습니다.\n\n 다만, 코로나 시대인 요즘 전 세계적인 재앙인 코로나를 물리칠 수 있는 백신에 대한 지적재산권을 자유롭게 풀어야한다는 의견이 계속해서 나오고 있습니다. \n\n 지적 재산권이 있는 제약회사가 있는 나라의 경우 백신이 충분하며 백신을 맞는 것이 선택의 문제인 반면, 그렇지 못한 나라는 백신을 맞고 싶어도 맞지 못하는 사람들이 많고 항체가 없어 사망하는 경우도 비교적 많이 때문입니다.\n\n 전 세계의 문제를 해결하기 위해 수 많은 돈을 들여 개발한 백신의 지적재산권을 공유하는 것이 의무화 되어야 할까요? 아니면 회사의 선택에 맡겨야할까요? 보상은 어떻게 해야할까요? \n\n 전 세계에 무상으로 공개 해야 한다는 의견이 있을 수도 있고 무상으로 공개한 회사의 경우 팬더믹 상황이 종결 된 후 따로 보상을 해주어야 한다는 의견도 있을 겁니다. 지적재산권의 변하지 않는 신뢰를 위해서라도 무상 공개는 절대 있어서는 안된다는 의견도 있을 것입니다.\n\n 지금까지도 펜더믹 상황에서 코로나19 백신에 대한 특허권을 보장해야 하느냐 풀어야 하느냐 의견이 분분합니다. 이에 대한 자신의 주장을 작성해주세요. 또한, 그렇게 생각한 이유도 설명해주세요.",
    "essay_type": "주장",
    "essay_level": "1",
    "essay_len": 872,
    "essay_main_subject": "지적 재산권에 대한 본인의 생각 작성"
  }
}