{
  "paragraph": [
    {
      "paragraph_txt": "동일한 평가 지표에 맞추어 평가하는 것은 올바른 방식이 아니라고 생각합니다.#@문장구분# 그 이유는 사람들마다 각자 자신이 잘하는 분야나 자신이 좋아하는 분야가 다르며 그 분야에 정말 흥미가 있지만 잘하지 못하는 경우가 있을 수도 있다.#@문장구분# 그런 상황에서 동일한 평가 지표에 맞추어 평가하게 된다면 자신이 정말 하고 싶었던 일이나 꿈을 포기하는 사람들이 생길 수도 있다.#@문장구분# 그렇게 되면 자신의 흥미가 없는 일이나 꿈으로 목표를 돌려야 하기 때문에 동일한 평가 지표에 맞추어 평가하는 것은 별로라고 생각이 된다. #@문장구분#그래서 내가 생각해낸 새로운 평가 방식은 '우리에 대하여 얼마나 알고 있니?' 이다. #@문장구분#이 평가 방식은 이름에서부터 드러나 있듯이 자신의 적성에 맞거나 좋아하는 일에 대하여서 얼마나 알고 있고 얼마나 적성에 맞는지 그 일을 하는 사람들과의 면접을 통해 평가하는 방법이다.#@문장구분# 이러한 평가 방법은 사람들이 자신의 좋아하는 일에 대하여 말하는 것이기 때문에 부담도 적을 것이며 기존에 평가 방식보다 자신의 장점을 잘 살릴 수 있을 것이다.#@문장구분# 그리고 혹시나 하는 부정행위를 막기 위하여 평가는 블라인드를 통하여 진행될 것이고 추가적으로 2차 면접과 3차 면접도 진행한다.#@문장구분# 그때 1차, 2차, 3차의 면접관을 전부 다른 사람으로 하면 부정행위는 저지를 수 없을 것이다. #@문장구분#분명 동일한 평가 지표에 맞추어 평가하는 것이 가장 좋다 하는 사람들도 있겠지만 나는 새로운 방법으로 평가를 하는 것이 더 좋다고 생각된다.#@문장구분# 이러한 이유들로 현재 시행되는 목표 달성 중심의 평가 과정에서는 본래의 취지인 대학 교육의 수학 능력을 제대로 평가하지 못할뿐더러 교육 평가의 정의 중 가치의 판단 또한 제대로 실현될 수 없다.#@문장구분# 따라서 많은 교육 분야 전문가들의 다양한 의견이나 개편안 등을 참고하여 현재 교육 과정의 문제점을 파악하고 대학수학능력시험의 본질적인 목표를 달성할 수 있도록 노력을 기울여야 할 것이다.#@문장구분#",
      "paragraph_len": 1175,
      "paragraph_id": "001"
    }
  ],
  "score": {
    "paragraph_score": [
      {
        "paragraph_scoreT": [
          2.8,
          3,
          3
        ],
        "paragraph_scoreT_detail": {
          "paragraph_scoreT_exp": [
            [
              2,
              3,
              3
            ],
            [
              3,
              3,
              3
            ],
            [
              3,
              3,
              3
            ]
          ]
        },
        "paragraph_scoreT_avg": 2.9333334,
        "paragraph_id": "001"
      }
    ],
    "essay_scoreT": [
      28.2,
      30,
      29.1
    ],
    "essay_scoreT_avg": 29.1,
    "essay_scoreT_detail": {
      "essay_scoreT_org": [
        [
          3,
          0,
          3,
          3
        ],
        [
          3,
          0,
          3,
          3
        ],
        [
          3,
          0,
          2,
          3
        ]
      ],
      "essay_scoreT_cont": [
        [
          2,
          3,
          3,
          3
        ],
        [
          3,
          3,
          3,
          3
        ],
        [
          3,
          3,
          3,
          3
        ]
      ],
      "essay_scoreT_exp": [
        [
          2,
          3,
          3
        ],
        [
          3,
          3,
          3
        ],
        [
          3,
          3,
          3
        ]
      ]
    }
  },
  "student": {
    "date": "2021.12.23",
    "student_educated": true,
    "student_grade": "고등_1학년",
    "location": "054",
    "student_grade_group": "고등",
    "student_reading": 2
  },
  "rubric": {
    "essay_grade": "고등_1학년",
    "organization_weight": {
      "org_paragraph": 0,
      "org": 3,
      "org_essay": 6,
      "org_coherence": 3,
      "org_quantity": 1
    },
    "essay_type": "주장",
    "content_weight": {
      "con_clearance": 3,
      "con_novelty": 3,
      "con": 4,
      "con_prompt": 1,
      "con_description": 3
    },
    "essay_main_subject": "평가에 대한 본인의 의견",
    "expression_weight": {
      "exp_style": 4,
      "exp_grammar": 2,
      "exp_vocab": 4,
      "exp": 3
    }
  },
  "correction": [],
  "info": {
    "essay_id": "ESSAY_76669",
    "essay_prompt": " 평가는 일반적으로 평가대상의 장점과 가치를 결정하는 과정을 말합니다.\n\n 세상에는 무수히 많은 평가 방법들이 존재하고 그 주제도 다양합니다.\n\n 우리나라의 경우는 어떨까요? 중간, 기말시험이 있고 미술과 같은 기본기와 창의성을 평가하는 과목도 있습니다. 체육과 같은 신체적인 능력을 평가하는 과목도 있지요. 모두 적절한 기준이 있으며 매우 객관적인 기준이라고 말합니다.\n\n 하지만 여러분이 생각하기에 모든 학생을 동일한 평가지표에 맞추어 평가하는 것이 올바른 방식이라고 생각하나요?\n\n 사람마다 특성이 존재하듯 각각의 목표 또한 다르고 성과도 다를 수 있습니다. 특정 기준에 의존해 본인의 성과도를 평가하는 것이 바르다고 생각되나요?\n\n 현재의 평가 방식은 최고의 객관적인 평가 방식이라고 생각하신다면 그 이유를 작성해주세요. 아니라면 어떤 평가 기준이 추가되어야 하고 또한 어떤 생각으로 평가가 이루어졌으면 좋겠는지 서술해 주세요.",
    "essay_type": "주장",
    "essay_level": "2",
    "essay_len": 936,
    "essay_main_subject": "평가에 대한 본인의 의견"
  }
}