{
  "paragraph": [
    {
      "paragraph_txt": "현재의 평가방식은 아주 괜찮은 평가 방식이라고 생각합니다.#@문장구분# 위의 제시문에서 말했듯이 사람들은 사람마다 특성이 존재하듯 각각의 목표 또한 다르고 성과도 다를 수 있습니다.#@문장구분# 사람들은 다양한 성격과 특성을 가지고 있고 재능도 다릅니다.#@문장구분# 각 사람들을 고려하면서 모두가 만족하는 평가방식을 만드는 것은 매우 어려운 일입니다.#@문장구분# 물론 각 사람들을 고려해서 만든 평가방식은 다들 좋은 점수를 받을 수 있고 모두 만족하는 결과를 낼 수 있습니다.#@문장구분# 하지만 이런 평가방식을 만들려면 수많은 시간과 돈이 듭니다.#@문장구분# 그리고 학생들 마다 평가방식이 달라서 동일한 평가지표에 맞추어 평가하는 것 보다 통계를 내기가 힘들 것입니다.#@문장구분# 평가를 하는것은 통계를 내서 자신이 어느 수준인지 평하는 것입니다.#@문장구분# 그렇기 때문에 사람들 각각 평가방법이 다른것 보다 평가 방법이 같은것이 더 효율적이라고 생각합니다.#@문장구분# 이 까지는 오로지 우라나라의 평가체제의 효율성을 생각했을 때 입니다.#@문장구분# 우리나라 사회는 학생들을 평가해 줄세우는것을 좋아합니다.#@문장구분# 그렇게 통계를 내면 보기가 좋기 때문입니다.#@문장구분# 이런 사회의 분위기가 계속된다면 같은 유형의 평가방식으로 계속될 것입니다.#@문장구분# 하지만 학생들 개개인을 위한 평가방법과 기준이 만들어 진다면 학생 자신들에게 맞추어진 평가방법과 함께 학생들이 더 발전할 수 있는 발판이 될 수 있다고 생각합니다.#@문장구분# 이런 평가기준을 만드려면 먼저 학생들의 특성과 재능을 잘 알아야 하고 학생의 성격도 알아야 합니다.#@문장구분# 그리고 이에 맞게 평가방법을 만들어야 합니다.#@문장구분# 위에서 말했듯이 비록 시간은 많이 걸릴 것입니다.#@문장구분# 하지만 우리나라의 미래의 발전과 학생 개개인의 동기부여와 발전을 위해서라면 정말 괜찮은 방법이라고 생각합니다.#@문장구분#",
      "paragraph_len": 1192,
      "paragraph_id": "001"
    }
  ],
  "score": {
    "paragraph_score": [
      {
        "paragraph_scoreT": [
          2.6,
          3,
          2.8
        ],
        "paragraph_scoreT_detail": {
          "paragraph_scoreT_exp": [
            [
              3,
              3,
              2
            ],
            [
              3,
              3,
              3
            ],
            [
              2,
              3,
              3
            ]
          ]
        },
        "paragraph_scoreT_avg": 2.8,
        "paragraph_id": "001"
      }
    ],
    "essay_scoreT": [
      23,
      27,
      26.9
    ],
    "essay_scoreT_avg": 25.633333,
    "essay_scoreT_detail": {
      "essay_scoreT_org": [
        [
          2,
          0,
          2,
          2
        ],
        [
          2,
          0,
          3,
          3
        ],
        [
          3,
          0,
          2,
          3
        ]
      ],
      "essay_scoreT_cont": [
        [
          3,
          2,
          2,
          2
        ],
        [
          3,
          2,
          3,
          3
        ],
        [
          2,
          3,
          2,
          3
        ]
      ],
      "essay_scoreT_exp": [
        [
          3,
          3,
          2
        ],
        [
          3,
          3,
          3
        ],
        [
          2,
          3,
          3
        ]
      ]
    }
  },
  "student": {
    "date": "2021.12.18",
    "student_educated": true,
    "student_grade": "고등_1학년",
    "location": "054",
    "student_grade_group": "고등",
    "student_reading": 1
  },
  "rubric": {
    "essay_grade": "고등_1학년",
    "organization_weight": {
      "org_paragraph": 0,
      "org": 3,
      "org_essay": 6,
      "org_coherence": 3,
      "org_quantity": 1
    },
    "essay_type": "주장",
    "content_weight": {
      "con_clearance": 3,
      "con_novelty": 3,
      "con": 4,
      "con_prompt": 1,
      "con_description": 3
    },
    "essay_main_subject": "평가에 대한 본인의 의견",
    "expression_weight": {
      "exp_style": 4,
      "exp_grammar": 2,
      "exp_vocab": 4,
      "exp": 3
    }
  },
  "correction": [],
  "info": {
    "essay_id": "ESSAY_83368",
    "essay_prompt": " 평가는 일반적으로 평가대상의 장점과 가치를 결정하는 과정을 말합니다.\n\n 세상에는 무수히 많은 평가 방법들이 존재하고 그 주제도 다양합니다.\n\n 우리나라의 경우는 어떨까요? 중간, 기말시험이 있고 미술과 같은 기본기와 창의성을 평가하는 과목도 있습니다. 체육과 같은 신체적인 능력을 평가하는 과목도 있지요. 모두 적절한 기준이 있으며 매우 객관적인 기준이라고 말합니다.\n\n 하지만 여러분이 생각하기에 모든 학생을 동일한 평가지표에 맞추어 평가하는 것이 올바른 방식이라고 생각하나요?\n\n 사람마다 특성이 존재하듯 각각의 목표 또한 다르고 성과도 다를 수 있습니다. 특정 기준에 의존해 본인의 성과도를 평가하는 것이 바르다고 생각되나요?\n\n 현재의 평가 방식은 최고의 객관적인 평가 방식이라고 생각하신다면 그 이유를 작성해주세요. 아니라면 어떤 평가 기준이 추가되어야 하고 또한 어떤 생각으로 평가가 이루어졌으면 좋겠는지 서술해 주세요.",
    "essay_type": "주장",
    "essay_level": "2",
    "essay_len": 833,
    "essay_main_subject": "평가에 대한 본인의 의견"
  }
}