{
  "paragraph": [
    {
      "paragraph_txt": "주장1. 코로나백신은  의무접종이 아닌 선택접종을 하게 하여 백신을 접종하는 사람에게 특혜를 주고 접종시 백신의 특허권을 면제한 공공재 백신접종으로 접종에 대한 부담이 없어야 한다.#@문장구분#",
      "paragraph_len": 121,
      "paragraph_id": "001"
    },
    {
      "paragraph_txt": "   2년 전 우리인류는 코로나19라는 사상 초유의 펜데믹 상황을 맞이하였고 이후 대부분 나라에서 코로나 백신을 개발을 착수했고 현재는 미국의 제약회사가 독보적으로 많은 백신개발에 성공하였고 여러 다국적기업이 백신기술을 보유하고 있다.#@문장구분# 그러나 이러한 백신이 개발되고 생산된지 2년밖에 지나지 않은 상태에서 전 연령층 특히 어린이나 청소년들에게 의무적으로 접종하는 것은 무리가 있다.#@문장구분#특히나 유전자변이로 만들어진 '화이자'는 더욱 그러하기에 고위험군과 필수접종 대상자를 제외한 나머지 사람들은 선택적으로 맞게끔 하고 있다.#@문장구분#그럼에도 불구하고 대부분의 나라는 백신을 수입에 의존하고 있다.#@문장구분# 그래서 코로나 백신의 특허권 때문에 전 세계가 결국 미국에 의존적인 셈이다.#@문장구분# 그런데 최근 미국 바이든 대통령이 코로나 19 백신 특허권 유예를 지지한다는 발표를 통해, 백신 생산의 대한 기대감이 높아지고 있다.#@문장구분# \n 특허권이란 지적재산권이라고도 하여 기술 발전, 디자인 창작, 상표 사용자의 업무상 신용 유지, 컴퓨터프로 그램 관련 산업과 기술의 진흥을 유도하기 위하여 정보생산자에게 일정기간 동안 시장에서의 배타적 지위를 부여하고 있는 것이다.#@문장구분# 그렇다면 이러한 특허권으로 인한 개인의 이익이 인류의 건강보다 우선인가?에 대해서 생각해보았다.#@문장구분# 만약, 화이자, 모더나, 아스트라제네카 등의 다국적 제약사가 특허권을 유예한다면 세계 각국의 백신은 자체 공급이 가능하고 백신 접종율은 지금보다 월등하게 높아질 것이다.#@문장구분# 그러나 아직 백신은 공급량보다 수요가 훨씬 많은 실정이다.#@문장구분# \n  코로나는 전파되는 경로가 비말간의 감염으로 호흡기를 통해서 주로 걸리는 것이기 때문에 호흡기치료 등 바이러스에 따라 나타나는 증상을 개선하는 치료가 가능하지만 완벽한 치료제는 현재로선 없다. #@문장구분#그렇기 때문에 최대한 걸리지 않도록 예방하는데 전염을 해야 할 것이다.#@문장구분# 그러므로 전세계 인류가 코로나백신을 접종하지 않는 이상 코로나 19의 종식은 불가능하다.#@문장구분#",
      "paragraph_len": 1216,
      "paragraph_id": "002"
    },
    {
      "paragraph_txt": "  세계보건기구(WHO)는 무역 관련 지식재산권에 관한 협정(TRIPs)을 통해 특허권, 저작권 등의 지식재산권을 보호한다.#@문장구분# TRIPs 협정에 따르면 공중보건상의 필요가 있는 경우 예외적으로 특\n 허에 제한을 둘 수 있다.#@문장구분#특허권 유예와 강제실시권 등이 대표적인 예외조치다.#@문장구분# 그러기에 무엇보다 백신의 특허제한은 타당하다고 생각한다.#@문장구분# \n 주장2. 기술이전 없으면 백신의 자체개발은 불가능하다#@문장구분#",
      "paragraph_len": 316,
      "paragraph_id": "003"
    },
    {
      "paragraph_txt": "  파리조약 제4조의2에 따르면, '동맹국의 국민에 의하여 여러 동맹국에서 출원된 특허는 동일한 발명에 대하여 동맹국 또는 비동맹국인가에 관계없이 타국에서 획득된 특허와 독립적이다.#@문장구분# 그러므로 특허권 유예는 기업이나 특정국가에서 치명적인 손해를 끼치지 않는다.#@문장구분#\n 이와 같이 코로나 전염병 백신 특허권을 푼다고 한들 나라별 자체제작은 힘든 상황이기에 백신개발권에 대한 기술전수를 공유하기 위해 WHO 같은 세계기구에서 백신제각 회사에 지원을 통해 후진국에도 빠른 백신 보급이 필요한 상황이다.#@문장구분#\n \n  <결론>\n 코로나 감염으로 유명인이 코로나에 걸렸으나 치명적인 후유증을 앓지 않고 건강하게 회복한 모습을 방송에서 볼 수가 있다.#@문장구분# 이처럼 부자들은 백신예방 이미 접종을 했거나 감염시에 적절한 치료를 하고 있지만 서민들은 언제 닥칠지 모르는 불안과 위기에서 안전하지 못한 상황에서 코로나 백신으로 예방만이 가장 안전한 장치이다.#@문장구분# \n 더 나아가 이러한 백신을 전 국민이 안심하고 백신의 종류를 스스로 선택하여 맞을 수 있게끔 백신을 공공재로 전환해야 한다.#@문장구분# 코로나는 국민의 안전뿐만 아니라 경제활동까지 제한을 두어 저소득으로 고통 받는 국민들이 늘어났다.#@문장구분#\n 국가의 구성원은 국민이고 국민이 없으면 나라도 존재하지 않는다. 코로나로 인해 질병과 경제적 위기로 인해 나라의 흥망성쇠가 달린 이 시기에 기업은 자신들의 이익만을 따질 때가 아니다. #@문장구분#그리고 아직 정확하게 코로나19의 발병원인이 밝혀지지 않은 상황에서 백신뿐만 아니라 코로나19치료제마저도 공공재로 전환하여 치료를 마음 편하게 받을 수 있어야 된다고 생각한다.#@문장구분# \n  현재 전 세계가 동일하게 백신이 보급되지 못하는 것은 가난한 국가들은 백신을 직접 개발하지 못하여 코로나 백신을 100% 수입에 의존해야 하는데 후진국일수록 백신접종률이 낮고 그렇게 되면 감염률은 줄어들 수가 없다.#@문장구분# \n 돈보다는 생명이 먼저라고 생각한다.#@문장구분# 일단 코로나 백신은 먼저 맞고 있는 나라들은 대부분 국가가 가진 돈이 많다.#@문장구분# 선진국 미국의 경우 막대한 자본을 들여서 백신개발에 성공하였고 백신수출과 판매로 엄청난 수익을 이미 확보했을 것이다.#@문장구분# \n 그러므로 선진국의 기업은 비싼 돈에 백신을 판매할 것이 아니라 후진국에게는 공공재로 전환하여 적은 돈으로 백신을 공급받아서 전 세계가 백신의 의무접종이 가능하도록 미국과 제약회사는 지원해야 된다고 생각한다.#@문장구분# 그러므로 코로나 19백신에 대한 지적재산권은 면제해야 된다고 생각한다.#@문장구분#",
      "paragraph_len": 1508,
      "paragraph_id": "004"
    }
  ],
  "score": {
    "paragraph_score": [
      {
        "paragraph_scoreT": [
          3,
          2.8,
          2
        ],
        "paragraph_scoreT_detail": {
          "paragraph_scoreT_exp": [
            [
              3,
              3,
              3
            ],
            [
              2,
              3,
              3
            ],
            [
              2,
              2,
              2
            ]
          ]
        },
        "paragraph_scoreT_avg": 2.6000001,
        "paragraph_id": "001"
      },
      {
        "paragraph_scoreT": [
          3,
          2.8,
          2.2
        ],
        "paragraph_scoreT_detail": {
          "paragraph_scoreT_exp": [
            [
              3,
              3,
              3
            ],
            [
              2,
              3,
              3
            ],
            [
              3,
              2,
              2
            ]
          ]
        },
        "paragraph_scoreT_avg": 2.6666667,
        "paragraph_id": "002"
      },
      {
        "paragraph_scoreT": [
          3,
          2.8,
          2.6
        ],
        "paragraph_scoreT_detail": {
          "paragraph_scoreT_exp": [
            [
              3,
              3,
              3
            ],
            [
              2,
              3,
              3
            ],
            [
              3,
              3,
              2
            ]
          ]
        },
        "paragraph_scoreT_avg": 2.8,
        "paragraph_id": "003"
      },
      {
        "paragraph_scoreT": [
          3,
          2.8,
          2
        ],
        "paragraph_scoreT_detail": {
          "paragraph_scoreT_exp": [
            [
              3,
              3,
              3
            ],
            [
              2,
              3,
              3
            ],
            [
              2,
              2,
              2
            ]
          ]
        },
        "paragraph_scoreT_avg": 2.6000001,
        "paragraph_id": "004"
      }
    ],
    "essay_scoreT": [
      28.8,
      29.4,
      24.2
    ],
    "essay_scoreT_avg": 27.466665,
    "essay_scoreT_detail": {
      "essay_scoreT_org": [
        [
          3,
          3,
          3,
          3
        ],
        [
          3,
          3,
          3,
          3
        ],
        [
          2,
          2,
          3,
          3
        ]
      ],
      "essay_scoreT_cont": [
        [
          2,
          3,
          3,
          3
        ],
        [
          3,
          3,
          3,
          3
        ],
        [
          2,
          2,
          2,
          3
        ]
      ],
      "essay_scoreT_exp": [
        [
          3,
          3,
          3
        ],
        [
          2,
          3,
          3
        ],
        [
          3,
          3,
          2
        ]
      ]
    }
  },
  "student": {
    "date": "2021.09.03",
    "student_educated": true,
    "student_grade": "고등_2학년",
    "location": "051",
    "student_grade_group": "고등",
    "student_reading": 1
  },
  "rubric": {
    "essay_grade": "고등_2학년",
    "organization_weight": {
      "org_paragraph": 3,
      "org": 3,
      "org_essay": 3,
      "org_coherence": 3,
      "org_quantity": 1
    },
    "essay_type": "주장",
    "content_weight": {
      "con_clearance": 3,
      "con_novelty": 3,
      "con": 4,
      "con_prompt": 1,
      "con_description": 3
    },
    "essay_main_subject": "지적 재산권에 대한 본인의 생각 작성",
    "expression_weight": {
      "exp_style": 4,
      "exp_grammar": 2,
      "exp_vocab": 4,
      "exp": 3
    }
  },
  "correction": [],
  "info": {
    "essay_id": "ESSAY_35180",
    "essay_prompt": " 지적재산권이란 특허권, 실용신안권, 상표권, 디자인권을 총칭하는 개념으로 지적재산권법은 정보생산자에게 일정기간 동안 시장에서의 배타적 지위를 부여하고 있습니다.\n\n 즉, 지적 재산권은 특정 사람이 생각/창작해낸 것을 다른사람들의 무분별한 이용으로 부터 지켜주는 것입니다. 이러한 지적재산권은 개인 혹은 회사 더 나아가 나라에 귀속될 수 있습니다.\n\n 다만, 코로나 시대인 요즘 전 세계적인 재앙인 코로나를 물리칠 수 있는 백신에 대한 지적재산권을 자유롭게 풀어야한다는 의견이 계속해서 나오고 있습니다. \n\n 지적 재산권이 있는 제약회사가 있는 나라의 경우 백신이 충분하며 백신을 맞는 것이 선택의 문제인 반면, 그렇지 못한 나라는 백신을 맞고 싶어도 맞지 못하는 사람들이 많고 항체가 없어 사망하는 경우도 비교적 많이 때문입니다.\n\n 전 세계의 문제를 해결하기 위해 수 많은 돈을 들여 개발한 백신의 지적재산권을 공유하는 것이 의무화 되어야 할까요? 아니면 회사의 선택에 맡겨야할까요? 보상은 어떻게 해야할까요? \n\n 전 세계에 무상으로 공개 해야 한다는 의견이 있을 수도 있고 무상으로 공개한 회사의 경우 팬더믹 상황이 종결 된 후 따로 보상을 해주어야 한다는 의견도 있을 겁니다. 지적재산권의 변하지 않는 신뢰를 위해서라도 무상 공개는 절대 있어서는 안된다는 의견도 있을 것입니다.\n\n 지금까지도 펜더믹 상황에서 코로나19 백신에 대한 특허권을 보장해야 하느냐 풀어야 하느냐 의견이 분분합니다. 이에 대한 자신의 주장을 작성해주세요. 또한, 그렇게 생각한 이유도 설명해주세요.",
    "essay_type": "주장",
    "essay_level": "1",
    "essay_len": 2485,
    "essay_main_subject": "지적 재산권에 대한 본인의 생각 작성"
  }
}