{
  "paragraph": [
    {
      "paragraph_txt": "나는 인종차별을 당하는 사람보다, 인종차별은 하는(가해하는) 사람이 더 불쌍하다.#@문장구분# 안타깝지만 인종차별은 우리 사회에서 없어질 수 없는 문제이다.#@문장구분# 이제는 다수가 세계에 다양한 인종이 있음을 인정하고 존중하지만, 소수는 여전히 인종만으로 사람을 혐오하고 차별한다.#@문장구분#인종은 사람이 선택할 수 있는 부분이 아니다.#@문장구분# 태어나니 누군가는 백인이고, 누군가는 흑인이며, 누군가는 동양인이고 누군가는 서양인이다.#@문장구분# 누군가는 우월하고, 누군가는 열등한 것이 아니다.#@문장구분# 다 똑같은 '사람' 그 이상 이하도 아니다.#@문장구분# 사랑을 받은 사람이 사랑할 줄 아는 법이다.#@문장구분# 사랑을 많이 받은 사람일수록, 사랑은 더 많이 나눌 줄 안다.#@문장구분# 그래서 나는 인종차별을 하는 사람들이 불쌍하다.#@문장구분# 제대로 된 사랑을 받지 못해 마음이 허한 상태를 견디지 못하고 괜한 상대를 표적으로 삼아 분풀이를 하는 '덜 자란 인간'일 뿐이다.#@문장구분# 그 사람들은 평생 성장할 수 없다.#@문장구분# 이미 생각과 마음이 그렇게 굳어버렸기 때문이다.#@문장구분# 그런 사람들로 인해 인종차별을 당한 사람들이 상처를 받지 않길 바라지만, 막상 현실은 그럴 수 없다.#@문장구분# 신체적 폭력이든 언어적 폭력이든 다 똑같은 폭력이다.#@문장구분# 나보다 열등한 사람이 나에게 폭력을 가했다고 해도 피해자는 결코 괜찮지 않다.#@문장구분# 가해자는 다리를 쭉 뻗고 푹 자지만 피해자는 숨죽여 새우잠을 자는 세상.#@문장구분# 이제는 바뀌어야 한다.#@문장구분# 인종차별이 없어질 수 없다면, 인\n 종차별을 하지 않는 '다수'가 목소리를 더욱 높이고, 몸집을 키워야 한다.#@문장구분# 가만히 있는 것이, 생각만 하는 것이 도움이 되지 않는 시대다.#@문장구분# 진정한 도움은 연대적인 행동으로부터 온다.#@문장구분# 인종차별과 같은 사회적 문제에서는, 오히려 소수가 배척당하는 것이 맞다고 본다.#@문장구분# 서로 이해하고 배려하며 진정으로 사랑하는 세상에서 비로소 차별은 힘을 잃고 희미해질 것이다.#@문장구분#",
      "paragraph_len": 1345,
      "paragraph_id": "001"
    }
  ],
  "score": {
    "paragraph_score": [
      {
        "paragraph_scoreT": [
          3,
          3,
          3
        ],
        "paragraph_scoreT_detail": {
          "paragraph_scoreT_exp": [
            [
              3,
              3,
              3
            ],
            [
              3,
              3,
              3
            ],
            [
              3,
              3,
              3
            ]
          ]
        },
        "paragraph_scoreT_avg": 3,
        "paragraph_id": "001"
      }
    ],
    "essay_scoreT": [
      30,
      26.4,
      30
    ],
    "essay_scoreT_avg": 28.800001,
    "essay_scoreT_detail": {
      "essay_scoreT_org": [
        [
          3,
          3,
          3,
          3
        ],
        [
          3,
          3,
          2,
          2
        ],
        [
          3,
          3,
          3,
          3
        ]
      ],
      "essay_scoreT_cont": [
        [
          3,
          3,
          3,
          3
        ],
        [
          3,
          2,
          3,
          2
        ],
        [
          3,
          3,
          3,
          3
        ]
      ],
      "essay_scoreT_exp": [
        [
          3,
          3,
          3
        ],
        [
          3,
          3,
          3
        ],
        [
          3,
          3,
          3
        ]
      ]
    }
  },
  "student": {
    "date": "2021.10.13",
    "student_educated": true,
    "student_grade": "고등_2학년",
    "location": "031",
    "student_grade_group": "고등",
    "student_reading": 2
  },
  "rubric": {
    "essay_grade": "고등_2학년",
    "organization_weight": {
      "org_paragraph": 3,
      "org": 3,
      "org_essay": 3,
      "org_coherence": 3,
      "org_quantity": 1
    },
    "essay_type": "주장",
    "content_weight": {
      "con_clearance": 3,
      "con_novelty": 3,
      "con": 4,
      "con_prompt": 1,
      "con_description": 3
    },
    "essay_main_subject": "인종차별에 대한 본인의 생각",
    "expression_weight": {
      "exp_style": 4,
      "exp_grammar": 2,
      "exp_vocab": 4,
      "exp": 3
    }
  },
  "correction": [],
  "info": {
    "essay_id": "ESSAY_37209",
    "essay_prompt": " 최근 중국발 코로나바이러스로 인해 동양인에 대한 혐오감을 나타내는 서양인들이 늘어나고 있습니다. 그로 인해, 매스컴이나 SNS에서 인종차별을 받아 힘들어하는 동양인들을 자주 목격할 수 있습니다.\n\n 하지만, 최근에만 인종차별이 존재했을까요? 아닙니다. 아주 오래전부터 다른 인종에 대한 차별은 있었습니다.\n\n 우리나라에서는 인종차별을 안 하고 있을까요? 아닙니다. 우리나라에서도 알게 모르게 많은 부분에서 다른 국가의 사람들에 대해 인종차별을 하고 있으며 누군가에게 상처를 주고 있습니다.\n\n 즉, 인종차별은 누군가의 문제가 아니라 우리 모두의 문제입니다.\n\n 여러분들은 인종차별을 당해보신 적 있나요? 인종차별을 하는 사람들에 대해 어떻게 생각하시나요? 왜 생겨났다고 생각하나요? 인종차별을 근절하기 위해서는 어떻게 해야 할까요? 인종차별을 하는 사람들에 대해 전 세계적으로 처벌의 강도를 높여야 할까요?\n\n 인종차별을 하는 사람들에 대한 본인의 생각을 작성하고 인종차별은 해결할 수 있는 문제일지 아니면 해결하지 어려운 문제일지 작성해주세요. 또한, 그렇게 생각한 이유와 본인이 생각한 해결방법 혹은 해결할 수 없다면 왜 해결할 수 없다고 생각하는지 작성해주세요.",
    "essay_type": "주장",
    "essay_level": "1",
    "essay_len": 886,
    "essay_main_subject": "인종차별에 대한 본인의 생각"
  }
}