{
  "paragraph": [
    {
      "paragraph_txt": "나는 단연 우리나라에서 가장 평가로서의 문제가 발생하는 것이 수능이라고 생각한다.#@문장구분# 수능은 전국구 시험이므로 당연하게도 수도권 학생들이 상위권을 차지하기 마련이다.#@문장구분# 이건 나라도 알고 수도권, 지방 학생들도 알고 있다.#@문장구분# 그래서 나라는 지방 학생들에게 해택을 주는 제도를 실시하고 있다.#@문장구분# 지역인재전형과 같은 다양한 제도들이 있지만 이로 인해 역차별을 당한다는 수도권의 학생들도 만만치 않다.#@문장구분# 이렇게 어떤 방법으로 특혜를 주게되면 차별이든 역차별이든 발생한다. #@문장구분#그래서 나는 수학능력시험 ,즉 수능이 교육평가의 정의가 실현되기 위해서는 적절한 제도와 시대에 따른 대처가 필요하다고 생각한다.#@문장구분# 모든 학생들에게 균등한 기회를 주고 불리한 여건에 있는 학생들에게는 해택을 주는 것이 교육평가의 정의라고 생각한다.#@문장구분# 이와 동시에 너무 심한 혜택은 주지 않음으로서 수도권 학생들에게 불리한 조건을 만드는 것은 잘못됐다고 생각한다.#@문장구분# 지금까지 이야기한 것은 수능을 보기전 지역 간에 차별에서의 정의를 이야기 해보았다.#@문장구분# 그렇다면 이번에는 다른 관점에서 어떤 것이 정의를 해치고 있는지 이야기 해보겠다. #@문장구분#앞서 말한 것과 같이 수능은 학생의 미래를 결정하는 1년에 한 번 있는 매우 중요한 시험이다.#@문장구분# 수능을 잘 보면 대학을 잘 갈 수 있기에 때때로는 부정행위가 일어나는 편이다. #@문장구분#더 심각한 것은 수능뿐만 아니라 고등학교 시험에서 꽤나 자주 일어나는 일이라는 것이다.#@문장구분# 대학입시와 가장 연관성 있는 고등학교나 수능 시험에서의 부정행위는 정의를 해치는 가장 큰 이유 중 하나이다.#@문장구분# 나라에서도 부정행위를 막기 위해 제도를 만들지만 아직도 우리가 모르는 곳에서 유리한 인맥을 가지고 이득을 취하는 학생들이 많을 것이다.#@문장구분# 이런 것들을 없애고 오로지 학생 그자체로만 평가하는 것에서부터 정의가 실현된다고 생각한다. #@문장구분#정의가 실현되기 위해서는 나라가 부정행위나 차별을 막아야 하며 학생들도 자신 스스로의 능력을 스스로 입증 할 수 있는 학생이 되어야 한다.#@문장구분# 따라서 나중에 우리가 이 사회를 이끌어나갈때 이러한 옳지못한 평가제도들을 바꾸기위해 나서서 힘써야한다.#@문장구분#",
      "paragraph_len": 1396,
      "paragraph_id": "001"
    }
  ],
  "score": {
    "paragraph_score": [
      {
        "paragraph_scoreT": [
          2.8,
          2.8,
          2.8
        ],
        "paragraph_scoreT_detail": {
          "paragraph_scoreT_exp": [
            [
              2,
              3,
              3
            ],
            [
              2,
              3,
              3
            ],
            [
              2,
              3,
              3
            ]
          ]
        },
        "paragraph_scoreT_avg": 2.8,
        "paragraph_id": "001"
      }
    ],
    "essay_scoreT": [
      28.2,
      28.2,
      27.8
    ],
    "essay_scoreT_avg": 28.066666,
    "essay_scoreT_detail": {
      "essay_scoreT_org": [
        [
          3,
          0,
          3,
          3
        ],
        [
          3,
          0,
          3,
          3
        ],
        [
          3,
          0,
          3,
          3
        ]
      ],
      "essay_scoreT_cont": [
        [
          3,
          2,
          3,
          3
        ],
        [
          3,
          2,
          3,
          3
        ],
        [
          2,
          3,
          2,
          3
        ]
      ],
      "essay_scoreT_exp": [
        [
          2,
          3,
          3
        ],
        [
          2,
          3,
          3
        ],
        [
          2,
          3,
          3
        ]
      ]
    }
  },
  "student": {
    "date": "2021.12.24",
    "student_educated": true,
    "student_grade": "고등_1학년",
    "location": "063",
    "student_grade_group": "고등",
    "student_reading": 1
  },
  "rubric": {
    "essay_grade": "고등_1학년",
    "organization_weight": {
      "org_paragraph": 0,
      "org": 3,
      "org_essay": 6,
      "org_coherence": 3,
      "org_quantity": 1
    },
    "essay_type": "주장",
    "content_weight": {
      "con_clearance": 3,
      "con_novelty": 3,
      "con": 4,
      "con_prompt": 1,
      "con_description": 3
    },
    "essay_main_subject": "평가에 대한 본인의 의견",
    "expression_weight": {
      "exp_style": 4,
      "exp_grammar": 2,
      "exp_vocab": 4,
      "exp": 3
    }
  },
  "correction": [],
  "info": {
    "essay_id": "ESSAY_76788",
    "essay_prompt": " 평가는 일반적으로 평가대상의 장점과 가치를 결정하는 과정을 말합니다.\n\n 세상에는 무수히 많은 평가 방법들이 존재하고 그 주제도 다양합니다.\n\n 우리나라의 경우는 어떨까요? 중간, 기말시험이 있고 미술과 같은 기본기와 창의성을 평가하는 과목도 있습니다. 체육과 같은 신체적인 능력을 평가하는 과목도 있지요. 모두 적절한 기준이 있으며 매우 객관적인 기준이라고 말합니다.\n\n 하지만 여러분이 생각하기에 모든 학생을 동일한 평가지표에 맞추어 평가하는 것이 올바른 방식이라고 생각하나요?\n\n 사람마다 특성이 존재하듯 각각의 목표 또한 다르고 성과도 다를 수 있습니다. 특정 기준에 의존해 본인의 성과도를 평가하는 것이 바르다고 생각되나요?\n\n 현재의 평가 방식은 최고의 객관적인 평가 방식이라고 생각하신다면 그 이유를 작성해주세요. 아니라면 어떤 평가 기준이 추가되어야 하고 또한 어떤 생각으로 평가가 이루어졌으면 좋겠는지 서술해 주세요.",
    "essay_type": "주장",
    "essay_level": "2",
    "essay_len": 1018,
    "essay_main_subject": "평가에 대한 본인의 의견"
  }
}