{
  "paragraph": [
    {
      "paragraph_txt": "주관적평가.객관적평가.#@문장구분# 평가라는게 주관하는 사람의 개인적 주관적 의견이 첨부될수있기 때문에 현 평가제도를 운영하는거 같습니다.#@문장구분# 수학능력평가 시험이 그 대표적인 예인거 같습니다.#@문장구분# 객관적 평가방식인거 같습니다.#@문장구분# 주관적 평가방식으로 평가를 한다면 좋은 목표 하나로 두사람이 경쟁했을 때 우위를 정하는 거에 매우 객관적인 평가를 할수 없을 것이라 생각됩니다.#@문장구분# 이렇듯 객관적 평가방식은 여러명이 평가하여도 같은 결과 혹은 비슷한 결과를 도출할수 있는 장점을 가지고 있습니다.#@문장구분# 평가자 뿐만이 아니라 평자받는 사람도 객관적 평가일 때 적은 비용으로 많은 사람을 평가할수 있기 때문에 비용대비 효과가 큰 가성비가 매우큰 평가 방식이 된다고 생각합니다.#@문장구분#이것들이 과연 정당한 평가를 받고있 나라는 생각도 듭니다.#@문장구분# 예술은 무한한 상상과 창의력을 요하는 것인데 이걸 몇몇사람이 평가를 한다는 것도 문제가 있다고 생각합니다.#@문장구분# 좋은 대학 그것으로 우리의 평가는 이미 정해진 듯 합니다.#@문장구분# 현재 사회에서는 평가의 기준을 탓할 시간에 공부를 하는 것이 효율적이다.#@문장구분# 좀 억울하게 느껴지지만 당장은 어쩔 수 없다 하지만 좀 더 사람마다 가진 특색을 좋게 평가 받을 수 있는 방법에는 무엇이 있을지 고민해보는 것도 필요한 것 같다.#@문장구분# 평가를 할 때 좋지 못한 가족환경이나 부적절한 생활로 그사람을 낮게 쳐다보거나 하대 하는경우들도 많고 돈 많고 부유하면 그사람을 높게쳐다보기 때문인데 왜 사람을 경제적,돈 그런걸로 평가하나요?#@문장구분# 물론 다 그렇게 평가하진 않겠지만요.#@문장구분# 모든 학생을 동일한 평가한다는 것이 올바르냐 올바르지않냐 에서는 저는 올바르지 않다고 생각합니다.#@문장구분#",
      "paragraph_len": 1097,
      "paragraph_id": "001"
    }
  ],
  "score": {
    "paragraph_score": [
      {
        "paragraph_scoreT": [
          2.6,
          2.8,
          2.4
        ],
        "paragraph_scoreT_detail": {
          "paragraph_scoreT_exp": [
            [
              3,
              3,
              2
            ],
            [
              2,
              3,
              3
            ],
            [
              2,
              3,
              2
            ]
          ]
        },
        "paragraph_scoreT_avg": 2.6,
        "paragraph_id": "001"
      }
    ],
    "essay_scoreT": [
      23.3,
      26.099998,
      24.5
    ],
    "essay_scoreT_avg": 24.633331,
    "essay_scoreT_detail": {
      "essay_scoreT_org": [
        [
          2,
          0,
          2,
          3
        ],
        [
          2,
          0,
          3,
          2
        ],
        [
          3,
          0,
          2,
          3
        ]
      ],
      "essay_scoreT_cont": [
        [
          3,
          2,
          2,
          2
        ],
        [
          3,
          2,
          3,
          3
        ],
        [
          2,
          2,
          2,
          3
        ]
      ],
      "essay_scoreT_exp": [
        [
          3,
          3,
          2
        ],
        [
          2,
          3,
          3
        ],
        [
          2,
          3,
          2
        ]
      ]
    }
  },
  "student": {
    "date": "2021.12.29",
    "student_educated": true,
    "student_grade": "고등_1학년",
    "location": "063",
    "student_grade_group": "고등",
    "student_reading": 2
  },
  "rubric": {
    "essay_grade": "고등_1학년",
    "organization_weight": {
      "org_paragraph": 0,
      "org": 3,
      "org_essay": 6,
      "org_coherence": 3,
      "org_quantity": 1
    },
    "essay_type": "주장",
    "content_weight": {
      "con_clearance": 3,
      "con_novelty": 3,
      "con": 4,
      "con_prompt": 1,
      "con_description": 3
    },
    "essay_main_subject": "평가에 대한 본인의 의견",
    "expression_weight": {
      "exp_style": 4,
      "exp_grammar": 2,
      "exp_vocab": 4,
      "exp": 3
    }
  },
  "correction": [],
  "info": {
    "essay_id": "ESSAY_83975",
    "essay_prompt": " 평가는 일반적으로 평가대상의 장점과 가치를 결정하는 과정을 말합니다.\n\n 세상에는 무수히 많은 평가 방법들이 존재하고 그 주제도 다양합니다.\n\n 우리나라의 경우는 어떨까요? 중간, 기말시험이 있고 미술과 같은 기본기와 창의성을 평가하는 과목도 있습니다. 체육과 같은 신체적인 능력을 평가하는 과목도 있지요. 모두 적절한 기준이 있으며 매우 객관적인 기준이라고 말합니다.\n\n 하지만 여러분이 생각하기에 모든 학생을 동일한 평가지표에 맞추어 평가하는 것이 올바른 방식이라고 생각하나요?\n\n 사람마다 특성이 존재하듯 각각의 목표 또한 다르고 성과도 다를 수 있습니다. 특정 기준에 의존해 본인의 성과도를 평가하는 것이 바르다고 생각되나요?\n\n 현재의 평가 방식은 최고의 객관적인 평가 방식이라고 생각하신다면 그 이유를 작성해주세요. 아니라면 어떤 평가 기준이 추가되어야 하고 또한 어떤 생각으로 평가가 이루어졌으면 좋겠는지 서술해 주세요.",
    "essay_type": "주장",
    "essay_level": "2",
    "essay_len": 797,
    "essay_main_subject": "평가에 대한 본인의 의견"
  }
}