{
  "paragraph": [
    {
      "paragraph_txt": "저는 지금의 평가방식에서 새로운 평가 방식으로 바뀌였으면 좋겠다고 생각합니다.#@문장구분# 현재 저희가 평가받고 있는 시스템은 아주 예전부터 현재까지 바뀌지 않고 있기 때문입니다.#@문장구분# 시대가 변화하는것에 맞춰 평가도 바뀌어야 된다고 생각합니다.#@문장구분# 학교에서도 틀에 맞춰진 시험과 과제를 내고 그것에 따라 평가를 하는데 저는 불합리적이라고 생각합니다.#@문장구분# 가령 체육 과목 실기를 보는 입장에서 턱걸이를 들자면 1분안에 턱걸이를 10개를 하면 만점 3개를 하면 최소점수로 주는 경향이 있는데 이러한 평가는 어디서 나왔는지가 궁금합니다.#@문장구분# 선천적으로 몸이 안 좋거나 운동을 못하는 사람에게는 10개라는 평가가 부합당하다고 느껴질 것입니다.#@문장구분# 평균적인 사람이 할 수 있는 개수 가 10개라면 그 사람 능력에 맞게 숫자를 배분하여 평가를 해야하는 것이 맞다고 생각하며, 이러한 평가로 인하여 나중에 내신에도 문제가 생기기 때문입니다. #@문장구분#그리고 다른 예를 들자면 수능입니다.#@문장구분# 고 1인 저에게 수능은 먼 나라의 일이 아닙니다.#@문장구분# 2년도 남지 않는 시기에 수능에 대해서 더욱 불만이 많습니다.#@문장구분# 이번 수능은 불수능으로 만점자가 1명 나왔다고 합니다.#@문장구분# 불수능으로 인하여 공부 잘하는 사람이 문제가 어려워서 틀리고 공부 못하는 사람은 문제가 어려워서 찍어서 맞출 수도 있기에 현재 수능은 학생들의 공부를 얼마나 했는지 보다는 수능출제자의 문제 난이도에 따라서 결과가 바뀔 수도 있다고 생각합니다.#@문장구분# 수능에 대한 평가는 1번으로 이루어지지 않아야 하며, 2차례에 걸쳐서 이루어져야 1번째 난이도 실패시 2번째 수능으로 난이도를 조절하여 2번 수능을 본 것 중에 하나의 결과를 골라서 대학입시에 사용해야 한다고 생각합니다.#@문장구분#",
      "paragraph_len": 1081,
      "paragraph_id": "001"
    }
  ],
  "score": {
    "paragraph_score": [
      {
        "paragraph_scoreT": [
          3,
          2.4,
          2.8
        ],
        "paragraph_scoreT_detail": {
          "paragraph_scoreT_exp": [
            [
              3,
              3,
              3
            ],
            [
              2,
              2,
              3
            ],
            [
              2,
              3,
              3
            ]
          ]
        },
        "paragraph_scoreT_avg": 2.7333333,
        "paragraph_id": "001"
      }
    ],
    "essay_scoreT": [
      30,
      27,
      26.400002
    ],
    "essay_scoreT_avg": 27.800001,
    "essay_scoreT_detail": {
      "essay_scoreT_org": [
        [
          3,
          0,
          3,
          3
        ],
        [
          3,
          0,
          3,
          3
        ],
        [
          2,
          0,
          3,
          3
        ]
      ],
      "essay_scoreT_cont": [
        [
          3,
          3,
          3,
          3
        ],
        [
          2,
          3,
          3,
          3
        ],
        [
          2,
          3,
          3,
          3
        ]
      ],
      "essay_scoreT_exp": [
        [
          3,
          3,
          3
        ],
        [
          2,
          2,
          3
        ],
        [
          2,
          3,
          3
        ]
      ]
    }
  },
  "student": {
    "date": "2021.12.15",
    "student_educated": true,
    "student_grade": "고등_1학년",
    "location": "044",
    "student_grade_group": "고등",
    "student_reading": 2
  },
  "rubric": {
    "essay_grade": "고등_1학년",
    "organization_weight": {
      "org_paragraph": 0,
      "org": 3,
      "org_essay": 6,
      "org_coherence": 3,
      "org_quantity": 1
    },
    "essay_type": "주장",
    "content_weight": {
      "con_clearance": 3,
      "con_novelty": 3,
      "con": 4,
      "con_prompt": 1,
      "con_description": 3
    },
    "essay_main_subject": "평가에 대한 본인의 의견",
    "expression_weight": {
      "exp_style": 4,
      "exp_grammar": 2,
      "exp_vocab": 4,
      "exp": 3
    }
  },
  "correction": [],
  "info": {
    "essay_id": "ESSAY_65991",
    "essay_prompt": " 평가는 일반적으로 평가대상의 장점과 가치를 결정하는 과정을 말합니다.\n\n 세상에는 무수히 많은 평가 방법들이 존재하고 그 주제도 다양합니다.\n\n 우리나라의 경우는 어떨까요? 중간, 기말시험이 있고 미술과 같은 기본기와 창의성을 평가하는 과목도 있습니다. 체육과 같은 신체적인 능력을 평가하는 과목도 있지요. 모두 적절한 기준이 있으며 매우 객관적인 기준이라고 말합니다.\n\n 하지만 여러분이 생각하기에 모든 학생을 동일한 평가지표에 맞추어 평가하는 것이 올바른 방식이라고 생각하나요?\n\n 사람마다 특성이 존재하듯 각각의 목표 또한 다르고 성과도 다를 수 있습니다. 특정 기준에 의존해 본인의 성과도를 평가하는 것이 바르다고 생각되나요?\n\n 현재의 평가 방식은 최고의 객관적인 평가 방식이라고 생각하신다면 그 이유를 작성해주세요. 아니라면 어떤 평가 기준이 추가되어야 하고 또한 어떤 생각으로 평가가 이루어졌으면 좋겠는지 서술해 주세요.",
    "essay_type": "주장",
    "essay_level": "2",
    "essay_len": 822,
    "essay_main_subject": "평가에 대한 본인의 의견"
  }
}