{
  "paragraph": [
    {
      "paragraph_txt": "지금의 평가 방식이 가장 올바르다고 생각합니다.#@문장구분# 그 이유는 저희의 삶은 학교 중간고사, 기말고사, 수행평가 등으로 평가를 해서 더 좋은 대학교, 더 좋은 회사 등에 입학 취업을 합니다.#@문장구분# 그 좋은 대학교, 회사에 들어갈려면 평가라는 요소는 절대 빠지지 않는다고 생각합니다.#@문장구분# 그러기 위해서 평가가 공정하고 형평성 있어야 하겠죠.#@문장구분# 모두에게 동등한 시험 방식, 문제로 평가를 진행해야지 공정하고 형평성에 어긋나지 않을 것입니다.#@문장구분# 하지만 누구는 시험 점수를 우수하게 받고 누구는 조금 안 좋은 점수를 받을 수도 있습니다.#@문장구분# 하지만 그건 개인의 노력 차라고 생각합니다.#@문장구분# 실제로 전 딱히 공부를 잘하지도 못하지도 않았습니다.#@문장구분# 올랐습니다.#@문장구분# 대체로 미술과 체육과 같은 과목은 기본기와 창의성, 신체적인 능력이 필요합니다.#@문장구분# 전 이걸 재능이라 생각하기 때문에 예고, 체고가 아닌 이상 대부분 학교는 미술과 체육과 같은 과목은 시험기준을 낮게 해서 평가를 하기 때문에 그다지 문제가 된다고 생각하지 않습니다.#@문장구분# 그래서 전 지금의 평가 방식, 기준이 모두에게 가장 공정하고 형평성이 있다고 생각합니다.#@문장구분# 하지만 간혹가다 평가 때 긴장해서 오직 능력만을 보고 뽑게 되는데 이러한 현실에서 학생시절부터 결과적인 능력이 아닌 과정과 개인에 맞춘 평가기준을 내세워 준다면 사회에서 그 사람에 이력을 보고 그 사람을 사회에서 필요한 기준에 따라 평가하기 힘들어진다는 문제점도 있습니다.#@문장구분# 발휘하지 못했다고 하는 사람이 있습니다.#@문장구분# 저는 그것도 자신의 실력이라고 생각합니다.#@문장구분# 그 평가에서 분명히 1등도 있을텐데 그럼 그 사람들은 왜 평가할 때 떨지 않고 자신의 실력을 완전히 발휘하는 지.#@문장구분# 평가할 때 실력을 완전히 발휘하지 못했다고 생각하는 사람들은 그것도 자신의 실력이라고 생각합니다.#@문장구분#",
      "paragraph_len": 1204,
      "paragraph_id": "001"
    }
  ],
  "score": {
    "paragraph_score": [
      {
        "paragraph_scoreT": [
          3,
          3,
          2.2
        ],
        "paragraph_scoreT_detail": {
          "paragraph_scoreT_exp": [
            [
              3,
              3,
              3
            ],
            [
              3,
              3,
              3
            ],
            [
              3,
              2,
              2
            ]
          ]
        },
        "paragraph_scoreT_avg": 2.7333333,
        "paragraph_id": "001"
      }
    ],
    "essay_scoreT": [
      30,
      27,
      23.900002
    ],
    "essay_scoreT_avg": 26.966667,
    "essay_scoreT_detail": {
      "essay_scoreT_org": [
        [
          3,
          0,
          3,
          3
        ],
        [
          2,
          0,
          3,
          3
        ],
        [
          3,
          0,
          2,
          3
        ]
      ],
      "essay_scoreT_cont": [
        [
          3,
          3,
          3,
          3
        ],
        [
          3,
          2,
          3,
          3
        ],
        [
          2,
          2,
          2,
          3
        ]
      ],
      "essay_scoreT_exp": [
        [
          3,
          3,
          3
        ],
        [
          3,
          3,
          3
        ],
        [
          3,
          2,
          2
        ]
      ]
    }
  },
  "student": {
    "date": "2021.12.15",
    "student_educated": true,
    "student_grade": "고등_1학년",
    "location": "063",
    "student_grade_group": "고등",
    "student_reading": 2
  },
  "rubric": {
    "essay_grade": "고등_1학년",
    "organization_weight": {
      "org_paragraph": 0,
      "org": 3,
      "org_essay": 6,
      "org_coherence": 3,
      "org_quantity": 1
    },
    "essay_type": "주장",
    "content_weight": {
      "con_clearance": 3,
      "con_novelty": 3,
      "con": 4,
      "con_prompt": 1,
      "con_description": 3
    },
    "essay_main_subject": "평가에 대한 본인의 의견",
    "expression_weight": {
      "exp_style": 4,
      "exp_grammar": 2,
      "exp_vocab": 4,
      "exp": 3
    }
  },
  "correction": [],
  "info": {
    "essay_id": "ESSAY_62899",
    "essay_prompt": " 평가는 일반적으로 평가대상의 장점과 가치를 결정하는 과정을 말합니다.\n\n 세상에는 무수히 많은 평가 방법들이 존재하고 그 주제도 다양합니다.\n\n 우리나라의 경우는 어떨까요? 중간, 기말시험이 있고 미술과 같은 기본기와 창의성을 평가하는 과목도 있습니다. 체육과 같은 신체적인 능력을 평가하는 과목도 있지요. 모두 적절한 기준이 있으며 매우 객관적인 기준이라고 말합니다.\n\n 하지만 여러분이 생각하기에 모든 학생을 동일한 평가지표에 맞추어 평가하는 것이 올바른 방식이라고 생각하나요?\n\n 사람마다 특성이 존재하듯 각각의 목표 또한 다르고 성과도 다를 수 있습니다. 특정 기준에 의존해 본인의 성과도를 평가하는 것이 바르다고 생각되나요?\n\n 현재의 평가 방식은 최고의 객관적인 평가 방식이라고 생각하신다면 그 이유를 작성해주세요. 아니라면 어떤 평가 기준이 추가되어야 하고 또한 어떤 생각으로 평가가 이루어졌으면 좋겠는지 서술해 주세요.",
    "essay_type": "주장",
    "essay_level": "2",
    "essay_len": 864,
    "essay_main_subject": "평가에 대한 본인의 의견"
  }
}