{
  "paragraph": [
    {
      "paragraph_txt": "수학능력 평가중에  절대평가와 상대평가라는게 있다.#@문장구분#  상대평가란 하닙단내의 다른구성원들과 비교한 상대적 위치로써 개인의 학력을 펴가하는것이고 절대평가란 절대적인 기준에따라  학습자의학업 성취도를 평가하는일 이다.#@문장구분# 이렇게 사전적인 의미로 봐서는 정확하게 무엇을 의미하는지 가슴으로 와닫지않는다.#@문장구분# 예를들어 시험을처서 90점이상이나오는 학생들은 무조건 A를 준다고 해보면 이때 100명중 10명 20명이나와도  무조건 A를 받을수있는게 절대평가다.#@문장구분# 반면 구성원중의 상위 10%로만 A를 받을수있다고 치자#@문장구분# 100명이 시험을 쳐서 상위10명만 받을수 있는 게 상대평가라고한다#@문장구분# 이런 평가는 장단점이있다.#@문장구분# 절대평가는 몇점 이상만 되면 무조건 합격이고 다른 구성원들과 대결을 할필요없는반면 점수만 넘으면 된다라는 생각으로 열신히 해야할 필요성을 느끼지 않을것다.#@문장구분# 대학교에서 절대평가의경의 교구의재량에 의해 성적이 정해지므로 교수에게 잘보여야 하므로 핵생들에게 부담을 줄 수 있다.#@문장구분# 상대평가의 경우 나외늬 모든사람과 경쟁을 해야하므로 피터지게 공부해야 한다 사람들이 능력이 모두다 똑같지가않기 때문에 얼마나 노력 하느냐에따라 좀더 뛰어난 성적을 나타내는 것이다.#@문장구분# 단점으로는 경쟁 때문에 다른사람과 화합이 어우러지지않는다.#@문장구분# 상대평가가 이루어지는 시험은 기업 입사 공무원 시험 대학교 입학 교직 과정 등이 있다.#@문장구분# 그많큼 피가 튀게 공부해야하는 시험인 것이다.#@문장구분# 절대평가는 운전면허 자격증 일반대학원 검정고시등 있다.#@문장구분# 조금은 여유롭게 치룰수이는시험이다.#@문장구분# 둘중에 어느것이 더좋고 나쁘고는 알수없지만 그만큼 공부를 해야하는게  평가이다.#@문장구분#",
      "paragraph_len": 1109,
      "paragraph_id": "001"
    }
  ],
  "score": {
    "paragraph_score": [
      {
        "paragraph_scoreT": [
          1.4,
          1.2,
          2
        ],
        "paragraph_scoreT_detail": {
          "paragraph_scoreT_exp": [
            [
              1,
              1,
              2
            ],
            [
              2,
              1,
              1
            ],
            [
              2,
              2,
              2
            ]
          ]
        },
        "paragraph_scoreT_avg": 1.5333333,
        "paragraph_id": "001"
      }
    ],
    "essay_scoreT": [
      15.7,
      20.3,
      23.099998
    ],
    "essay_scoreT_avg": 19.699999,
    "essay_scoreT_detail": {
      "essay_scoreT_org": [
        [
          2,
          0,
          2,
          3
        ],
        [
          2,
          0,
          2,
          3
        ],
        [
          2,
          0,
          2,
          3
        ]
      ],
      "essay_scoreT_cont": [
        [
          1,
          1,
          1,
          2
        ],
        [
          3,
          3,
          2,
          2
        ],
        [
          3,
          2,
          3,
          3
        ]
      ],
      "essay_scoreT_exp": [
        [
          1,
          1,
          2
        ],
        [
          2,
          1,
          1
        ],
        [
          2,
          2,
          2
        ]
      ]
    }
  },
  "student": {
    "date": "2021.12.21",
    "student_educated": true,
    "student_grade": "고등_1학년",
    "location": "063",
    "student_grade_group": "고등",
    "student_reading": 2
  },
  "rubric": {
    "essay_grade": "고등_1학년",
    "organization_weight": {
      "org_paragraph": 0,
      "org": 3,
      "org_essay": 6,
      "org_coherence": 3,
      "org_quantity": 1
    },
    "essay_type": "주장",
    "content_weight": {
      "con_clearance": 3,
      "con_novelty": 3,
      "con": 4,
      "con_prompt": 1,
      "con_description": 3
    },
    "essay_main_subject": "평가에 대한 본인의 의견",
    "expression_weight": {
      "exp_style": 4,
      "exp_grammar": 2,
      "exp_vocab": 4,
      "exp": 3
    }
  },
  "correction": [
    {
      "sentence_corr_txt_grammar": "수학 능력 평가 중에 절대평가와 상대평가라는 게 있다.",
      "sentence_corr_reason": [
        ""
      ],
      "sentence_id": "0001",
      "sentence_annotation_tag": "주제",
      "sentence_corr_type": [
        "문법"
      ],
      "sentence_corr_detail_type": [
        "맞춤법"
      ],
      "sentence_txt": "<문법_맞춤법>수학능력 평가중에  절대평가와 상대평가라는게 있다</문법_맞춤법>.",
      "sentence_corr_txt_styling": "",
      "paragraph_id": "001"
    },
    {
      "sentence_corr_txt_grammar": "  상대평가란 집단 내의 다른 구성원들과 비교한 상대적 위치로써 개인의 학력을 펴 가하는 것이고 절대평가란 절대적인 기준에 따라 학습자의 학업 성취도를 평가하는 일이다.",
      "sentence_corr_reason": [
        ""
      ],
      "sentence_id": "0002",
      "sentence_annotation_tag": "주제",
      "sentence_corr_type": [
        "문법"
      ],
      "sentence_corr_detail_type": [
        "맞춤법"
      ],
      "sentence_txt": "  <문법_맞춤법>상대평가란 하닙단내의 다른구성원들과 비교한 상대적 위치로써 개인의 학력을 펴가하는것이고 절대평가란 절대적인 기준에따라  학습자의학업 성취도를 평가하는일 이다</문법_맞춤법>.",
      "sentence_corr_txt_styling": "",
      "paragraph_id": "001"
    },
    {
      "sentence_corr_txt_grammar": " 이렇게 사전적인 의미로 봐서는 정확하게 무엇을 의미하는지 가슴으로 와닿지 않는다.",
      "sentence_corr_reason": [
        ""
      ],
      "sentence_id": "0003",
      "sentence_annotation_tag": "주제",
      "sentence_corr_type": [
        "문법"
      ],
      "sentence_corr_detail_type": [
        "맞춤법"
      ],
      "sentence_txt": " 이렇게 사전적인 의미로 봐서는 정확하게 무엇을 의미하는지 가슴으로 <문법_맞춤법>와닫지않는다</문법_맞춤법>.",
      "sentence_corr_txt_styling": "",
      "paragraph_id": "001"
    },
    {
      "sentence_corr_txt_grammar": " 예를 들어 시험을 처서 90점 이상이 나오는 학생들은 무조건 A를 준다고 해보면 이때 100명 중 10명 20명이 나와도 무조건 A를 받을 수 있는 게 절대평가다.",
      "sentence_corr_reason": [
        ""
      ],
      "sentence_id": "0004",
      "sentence_annotation_tag": "묘사",
      "sentence_corr_type": [
        "문법"
      ],
      "sentence_corr_detail_type": [
        "맞춤법"
      ],
      "sentence_txt": " <문법_맞춤법>예를들어 시험을처서 90점이상이나오는 학생들은 무조건 A를 준다고 해보면 이때 100명중 10명 20명이나와도  무조건 A를 받을수있는게 절대평가다</문법_맞춤법>.",
      "sentence_corr_txt_styling": "",
      "paragraph_id": "001"
    },
    {
      "sentence_corr_txt_grammar": " 반면 구성원 중의 상위 10% 로만 A를 받을 수 있다고 치자.",
      "sentence_corr_reason": [
        ""
      ],
      "sentence_id": "0005",
      "sentence_annotation_tag": "묘사",
      "sentence_corr_type": [
        "문법"
      ],
      "sentence_corr_detail_type": [
        "맞춤법"
      ],
      "sentence_txt": " <문법_맞춤법>반면 구성원중의 상위 10%로만 A를 받을수있다고 치자</문법_맞춤법>",
      "sentence_corr_txt_styling": "",
      "paragraph_id": "001"
    },
    {
      "sentence_corr_txt_grammar": " 100명이 시험을 쳐서 상위 10명만 받을 수 있는 게 상대평가라고 한다 .",
      "sentence_corr_reason": [
        ""
      ],
      "sentence_id": "0006",
      "sentence_annotation_tag": "묘사",
      "sentence_corr_type": [
        "문법"
      ],
      "sentence_corr_detail_type": [
        "맞춤법"
      ],
      "sentence_txt": " <문법_맞춤법>100명이 시험을 쳐서 상위10명만 받을수 있는 게 상대평가라고한다</문법_맞춤법>",
      "sentence_corr_txt_styling": "",
      "paragraph_id": "001"
    },
    {
      "sentence_corr_txt_grammar": " 이런 평가는 장단점이 있다.",
      "sentence_corr_reason": [
        ""
      ],
      "sentence_id": "0007",
      "sentence_annotation_tag": "주제",
      "sentence_corr_type": [
        "문법"
      ],
      "sentence_corr_detail_type": [
        "맞춤법"
      ],
      "sentence_txt": " 이런 평가는 <문법_맞춤법>장단점이있다.</문법_맞춤법>",
      "sentence_corr_txt_styling": "",
      "paragraph_id": "001"
    },
    {
      "sentence_corr_txt_grammar": " 절대평가는 몇 점 이상만 되면 무조건 합격이고 다른 구성원들과 대결을 할 필요 없는 반면 점수만 넘으면 된다는 생각으로 열심히 해야 할 필요성을 느끼지 않을 것이다.",
      "sentence_corr_reason": [
        "",
        ""
      ],
      "sentence_id": "0008",
      "sentence_annotation_tag": "주제",
      "sentence_corr_type": [
        "문법",
        "문법"
      ],
      "sentence_corr_detail_type": [
        "맞춤법",
        "기타"
      ],
      "sentence_txt": " <문법_맞춤법><문법_기타>절대평가는 몇점 이상만 되면 무조건 합격이고 다른 구성원들과 대결을 할필요없는반면 점수만 넘으면 된다라는 생각으로 열신히 해야할 필요성을 느끼지 않을것다</문법_기타></문법_맞춤법>.",
      "sentence_corr_txt_styling": "",
      "paragraph_id": "001"
    },
    {
      "sentence_corr_txt_grammar": " 대학교에서 절대평가의 경의 교수의 재량에 의해 성적이 정해지므로 교수에게 잘 보여야 하므로 학생들에게 부담을 줄 수 있다.",
      "sentence_corr_reason": [
        ""
      ],
      "sentence_id": "0009",
      "sentence_annotation_tag": "주제",
      "sentence_corr_type": [
        "문법"
      ],
      "sentence_corr_detail_type": [
        "맞춤법"
      ],
      "sentence_txt": " <문법_맞춤법>대학교에서 절대평가의경의 교구의재량에 의해 성적이 정해지므로 교수에게 잘보여야 하므로 핵생들에게 부담을 줄 수 있다</문법_맞춤법>.",
      "sentence_corr_txt_styling": "",
      "paragraph_id": "001"
    },
    {
      "sentence_corr_txt_grammar": " 상대평가의 경우 나 외의  모든 사람과 경쟁을 해야 하므로 피 터지게 공부해야 한다. 사람들이 능력이 모두 다 똑같지가 않기 때문에 얼마나 노력하느냐에 따라 좀 더 뛰어난 성적을 나타내는 것이다.",
      "sentence_corr_reason": [
        ""
      ],
      "sentence_id": "0010",
      "sentence_annotation_tag": "주제",
      "sentence_corr_type": [
        "문법"
      ],
      "sentence_corr_detail_type": [
        "맞춤법"
      ],
      "sentence_txt": " 상대평가의 경우 <문법_맞춤법>나외늬</문법_맞춤법> 모든사람과 경쟁을 해야하므로 피터지게 공부해야 한다 사람들이 능력이 모두다 똑같지가않기 때문에 얼마나 노력 하느냐에따라 좀더 뛰어난 성적을 나타내는 것이다.",
      "sentence_corr_txt_styling": "",
      "paragraph_id": "001"
    },
    {
      "sentence_corr_txt_grammar": " 단점으로는 경쟁 때문에 다른 사람과 화합이 어우러지지 않는다.",
      "sentence_corr_reason": [
        ""
      ],
      "sentence_id": "0011",
      "sentence_annotation_tag": "주제",
      "sentence_corr_type": [
        "문법"
      ],
      "sentence_corr_detail_type": [
        "맞춤법"
      ],
      "sentence_txt": " <문법_맞춤법>단점으로는 경쟁 때문에 다른사람과 화합이 어우러지지않는다</문법_맞춤법>.",
      "sentence_corr_txt_styling": "",
      "paragraph_id": "001"
    },
    {
      "sentence_corr_txt_grammar": " 그만큼 피가 튀게 공부해야 하는 시험인 것이다.",
      "sentence_corr_reason": [
        ""
      ],
      "sentence_id": "0013",
      "sentence_annotation_tag": "주제",
      "sentence_corr_type": [
        "문법"
      ],
      "sentence_corr_detail_type": [
        "맞춤법"
      ],
      "sentence_txt": " <문법_맞춤법>그많큼 피가 튀게 공부해야하는 시험인 것이다.</문법_맞춤법>",
      "sentence_corr_txt_styling": "",
      "paragraph_id": "001"
    },
    {
      "sentence_corr_txt_grammar": " 절대평가는 운전면허 자격증 일반대학원 검정고시 등 있다.",
      "sentence_corr_reason": [
        ""
      ],
      "sentence_id": "0014",
      "sentence_corr_type": [
        "문법"
      ],
      "sentence_corr_detail_type": [
        "맞춤법"
      ],
      "sentence_txt": " 절대평가는 운전면허 자격증 일반대학원 <문법_맞춤법>검정고시등</문법_맞춤법> 있다.",
      "sentence_corr_txt_styling": "",
      "paragraph_id": "001"
    },
    {
      "sentence_corr_txt_grammar": " 조금은 여유롭게 치를 수 있는 시험이다.",
      "sentence_corr_reason": [
        ""
      ],
      "sentence_id": "0015",
      "sentence_corr_type": [
        "문법"
      ],
      "sentence_corr_detail_type": [
        "맞춤법"
      ],
      "sentence_txt": " 조금은 여유롭게 <문법_맞춤법>치룰수이는시험이다</문법_맞춤법>.",
      "sentence_corr_txt_styling": "",
      "paragraph_id": "001"
    },
    {
      "sentence_corr_txt_grammar": " 둘 중에 어느 것이 더 좋고 나쁘고는 알 수 없지만 그만큼 공부를 해야 하는 게 평가이다..",
      "sentence_corr_reason": [
        ""
      ],
      "sentence_id": "0016",
      "sentence_corr_type": [
        "문법"
      ],
      "sentence_corr_detail_type": [
        "맞춤법"
      ],
      "sentence_txt": " <문법_맞춤법>둘중에 어느것이 더좋고 나쁘고는 알수없지만 그만큼 공부를 해야하는게  평가이다</문법_맞춤법>.",
      "sentence_corr_txt_styling": "",
      "paragraph_id": "001"
    }
  ],
  "info": {
    "essay_id": "ESSAY_76456",
    "essay_prompt": " 평가는 일반적으로 평가대상의 장점과 가치를 결정하는 과정을 말합니다.\n\n 세상에는 무수히 많은 평가 방법들이 존재하고 그 주제도 다양합니다.\n\n 우리나라의 경우는 어떨까요? 중간, 기말시험이 있고 미술과 같은 기본기와 창의성을 평가하는 과목도 있습니다. 체육과 같은 신체적인 능력을 평가하는 과목도 있지요. 모두 적절한 기준이 있으며 매우 객관적인 기준이라고 말합니다.\n\n 하지만 여러분이 생각하기에 모든 학생을 동일한 평가지표에 맞추어 평가하는 것이 올바른 방식이라고 생각하나요?\n\n 사람마다 특성이 존재하듯 각각의 목표 또한 다르고 성과도 다를 수 있습니다. 특정 기준에 의존해 본인의 성과도를 평가하는 것이 바르다고 생각되나요?\n\n 현재의 평가 방식은 최고의 객관적인 평가 방식이라고 생각하신다면 그 이유를 작성해주세요. 아니라면 어떤 평가 기준이 추가되어야 하고 또한 어떤 생각으로 평가가 이루어졌으면 좋겠는지 서술해 주세요.",
    "essay_type": "주장",
    "essay_level": "2",
    "essay_len": 789,
    "essay_main_subject": "평가에 대한 본인의 의견"
  }
}