{
  "paragraph": [
    {
      "paragraph_txt": "뉴스에서 이번 수능에 대해서 나온 이야기를 듣고 수능에 대한 평가가 바뀌였으면 좋겠다고 생각합니다. #@문장구분#이번 수능은 불수능으로 만점을 받은 사람이 1명밖에 안된다고 합니다.#@문장구분# 3년동안 갈고 닦으면서 공부에 매진한 고3 형과 누나들이 전국에 얼마나 많을 것이며, 재수생까지 합한다면 많은 학생들이 이번 수능을 봤을 것입니다. #@문장구분#그런데 만점이 1명 밖에 없다?#@문장구분# 이것은 평가위원회에서 문제 제출에 많은 오류가 있었다고 판단합니다.#@문장구분# 어떤 기준을 가지고 문제를 냈었길래 이런 불수능이 되었는지, 전문가와 상의를 하면서 난이도를 조절하였는지 저희로써는 알 수가 없습니다.#@문장구분# 수험생들이 이해 할 수 있도록 수능이 끝나고 나서라도 왜 이런 문제를 냈으며, 무슨 판단을 근거로 냈는지 알려 주었으면 좋겠습니다. #@문장구분#그리고 현재 수능과목중에서 생명과학2 정답에 대한 이야기가 많이 나오고 있습니다.#@문장구분# 법원에서 정답 취소 판결이 나왔지만 소송을 한 사람들은 저와 같은 고등학생과 재수생이였습니다.#@문장구분# 대형 로펌을 선임한 평가원을 대상으로 소송을 하여 학생들끼리 뭉쳐 아이디어를 내고 연론을 형성하고 전문가들의 평가를 요청하였는데 국내 전문가들은 침묵 카르텔을 이어갔습니다.#@문장구분# 오류가 있다는 것을 알지만 귀찮은 일에 연루되기 싫은 것이였습니다.#@문장구분# 학생들은 다른 방법을 찾아야 했으며, 해외의 전문가들에게 평가를 요청하였고 그결과 집단유전학 분야의 세계최고 석학이라 꼽히는 조너선 프리처드 스탠퍼드대 석좌교수로부터 모순이 있다는 답을 이끌어 내서 중요한 증거가 되었습니다.#@문장구분# 이처럼 평가에 대한 오류도 인정하지 않으며, 실수도 인정하지 않는 사람들이 평가를 하고 있는 현 상황이 개선 되었으면 좋겠습니다.#@문장구분#",
      "paragraph_len": 1076,
      "paragraph_id": "001"
    }
  ],
  "score": {
    "paragraph_score": [
      {
        "paragraph_scoreT": [
          3,
          2,
          2
        ],
        "paragraph_scoreT_detail": {
          "paragraph_scoreT_exp": [
            [
              3,
              3,
              3
            ],
            [
              2,
              2,
              2
            ],
            [
              2,
              2,
              2
            ]
          ]
        },
        "paragraph_scoreT_avg": 2.3333333,
        "paragraph_id": "001"
      }
    ],
    "essay_scoreT": [
      30,
      24,
      27
    ],
    "essay_scoreT_avg": 27,
    "essay_scoreT_detail": {
      "essay_scoreT_org": [
        [
          3,
          0,
          3,
          3
        ],
        [
          2,
          0,
          3,
          3
        ],
        [
          3,
          0,
          3,
          3
        ]
      ],
      "essay_scoreT_cont": [
        [
          3,
          3,
          3,
          3
        ],
        [
          2,
          3,
          3,
          3
        ],
        [
          3,
          3,
          3,
          3
        ]
      ],
      "essay_scoreT_exp": [
        [
          3,
          3,
          3
        ],
        [
          2,
          2,
          2
        ],
        [
          2,
          2,
          2
        ]
      ]
    }
  },
  "student": {
    "date": "2021.12.16",
    "student_educated": true,
    "student_grade": "고등_1학년",
    "location": "044",
    "student_grade_group": "고등",
    "student_reading": 2
  },
  "rubric": {
    "essay_grade": "고등_1학년",
    "organization_weight": {
      "org_paragraph": 0,
      "org": 3,
      "org_essay": 6,
      "org_coherence": 3,
      "org_quantity": 1
    },
    "essay_type": "주장",
    "content_weight": {
      "con_clearance": 3,
      "con_novelty": 3,
      "con": 4,
      "con_prompt": 1,
      "con_description": 3
    },
    "essay_main_subject": "평가에 대한 본인의 의견",
    "expression_weight": {
      "exp_style": 4,
      "exp_grammar": 2,
      "exp_vocab": 4,
      "exp": 3
    }
  },
  "correction": [],
  "info": {
    "essay_id": "ESSAY_65994",
    "essay_prompt": " 평가는 일반적으로 평가대상의 장점과 가치를 결정하는 과정을 말합니다.\n\n 세상에는 무수히 많은 평가 방법들이 존재하고 그 주제도 다양합니다.\n\n 우리나라의 경우는 어떨까요? 중간, 기말시험이 있고 미술과 같은 기본기와 창의성을 평가하는 과목도 있습니다. 체육과 같은 신체적인 능력을 평가하는 과목도 있지요. 모두 적절한 기준이 있으며 매우 객관적인 기준이라고 말합니다.\n\n 하지만 여러분이 생각하기에 모든 학생을 동일한 평가지표에 맞추어 평가하는 것이 올바른 방식이라고 생각하나요?\n\n 사람마다 특성이 존재하듯 각각의 목표 또한 다르고 성과도 다를 수 있습니다. 특정 기준에 의존해 본인의 성과도를 평가하는 것이 바르다고 생각되나요?\n\n 현재의 평가 방식은 최고의 객관적인 평가 방식이라고 생각하신다면 그 이유를 작성해주세요. 아니라면 어떤 평가 기준이 추가되어야 하고 또한 어떤 생각으로 평가가 이루어졌으면 좋겠는지 서술해 주세요.",
    "essay_type": "주장",
    "essay_level": "2",
    "essay_len": 816,
    "essay_main_subject": "평가에 대한 본인의 의견"
  }
}