{
  "paragraph": [
    {
      "paragraph_txt": "세상에 드러난 지 약 3달 만에 세계적인 대유행을 일으킨 코로나19는 현대 사회에서 우리가 직면한 신종 바이러스이다.#@문장구분# 현재 전 세계적으로 펜더믹이라는 특별한 상황에 처한 만큼 코로나19 백신에 대한 특허권 보장보다는 최대한 높은 정확도로 빠르게 백신을 개발할 수 있는 환경을 제공하는 것이 중요하다고 생각한다.#@문장구분# 그러기 위해서는 코로나19 백신에 특허권을 보장해서는 안된다고 생각한다.#@문장구분#",
      "paragraph_len": 274,
      "paragraph_id": "001"
    },
    {
      "paragraph_txt": "  코로나19 바이러스 이전에는 발견 후 5년 안에 개발된 백신의 사례가 없었지만, 코로나19는 백신 개발부터 긴급 승인까지 약 10개월밖에 소비되지 않았다는 점에서 코로나19에 대한 백신 개발이 그만큼 시급하고 중요한 상황임을 알 수 있다.#@문장구분# 빌 게이츠는 코로나19가 발생하기 이전으로 돌아가기 위한 유일한 방법이 예방 백신을 개발하는 것뿐이라고 말하였다.#@문장구분# 나 역시 2021년 1월을 기준으로 발생한 지 1년 동안 200만 명 이상의 사망자를 낸 코로나19 바이러스에게서 벗어날 수 있는 유일한 희망은 백신이라고 생각한다.#@문장구분# 즉, 우리가 매해 접종하는 독감 백신처럼 코로나 백신을 매해 맞는 것이 해결책이라는 것이다.#@문장구분# ",
      "paragraph_len": 425,
      "paragraph_id": "002"
    },
    {
      "paragraph_txt": "  바이러스를 약품 처리해 만든 기존의 백신의 경우 새로 만드는데 평균 5~10년이 걸리나, 코로나19 백신의 경우 기존의 약품 처리한 바이러스를 담은 백신과 달리 바이러스 유전 정보를 담은 RNA를 인체에 주입하여 압도적으로 짧은 시간 안에 개발할 수 있기에 이는 마냥 불가능한 것만은 아니다.#@문장구분# 실제로 코로나19 바이러스의 유전 정보를 파악한 한 백신 개발사는 한 달 만에 백신을 만들어 냈다. #@문장구분#또한, 변이 바이러스가 발생하여 백신이 변이 바이러스에 효과가 없더라도 6주 이내에 새로운 백신을 만들 수도 있다고 한다.#@문장구분# ",
      "paragraph_len": 351,
      "paragraph_id": "003"
    },
    {
      "paragraph_txt": "  이러한 상황에서 코로나19 백신을 개발한 나라 혹은 연구자들이 자신들의 이익을 위해 지적재산권을 운운한다면 과연 세계적으로 가속화되는 코로나19의 확산을 막을 수 있겠는가?#@문장구분# 코로나19를 비롯한 끊임없는 변종 문제들은 각 국가들의 문제라고 생각하기보다는 지구인 전체가 함께 해결해야만 가능한 문제이기 때문에 코로나19 백신에 대한 특허권을 보장하기보다는 푸는 것이 현상황에 적합하다고 생각한다.#@문장구분#",
      "paragraph_len": 261,
      "paragraph_id": "004"
    }
  ],
  "score": {
    "paragraph_score": [
      {
        "paragraph_scoreT": [
          3,
          2.8,
          1.6
        ],
        "paragraph_scoreT_detail": {
          "paragraph_scoreT_exp": [
            [
              3,
              3,
              3
            ],
            [
              2,
              3,
              3
            ],
            [
              2,
              2,
              1
            ]
          ]
        },
        "paragraph_scoreT_avg": 2.4666667,
        "paragraph_id": "001"
      },
      {
        "paragraph_scoreT": [
          3,
          2.8,
          2
        ],
        "paragraph_scoreT_detail": {
          "paragraph_scoreT_exp": [
            [
              3,
              3,
              3
            ],
            [
              2,
              3,
              3
            ],
            [
              2,
              2,
              2
            ]
          ]
        },
        "paragraph_scoreT_avg": 2.6000001,
        "paragraph_id": "002"
      },
      {
        "paragraph_scoreT": [
          3,
          2.8,
          1.6
        ],
        "paragraph_scoreT_detail": {
          "paragraph_scoreT_exp": [
            [
              3,
              3,
              3
            ],
            [
              2,
              3,
              3
            ],
            [
              2,
              2,
              1
            ]
          ]
        },
        "paragraph_scoreT_avg": 2.4666667,
        "paragraph_id": "003"
      },
      {
        "paragraph_scoreT": [
          3,
          2.8,
          2
        ],
        "paragraph_scoreT_detail": {
          "paragraph_scoreT_exp": [
            [
              3,
              3,
              3
            ],
            [
              2,
              3,
              3
            ],
            [
              2,
              2,
              2
            ]
          ]
        },
        "paragraph_scoreT_avg": 2.6000001,
        "paragraph_id": "004"
      }
    ],
    "essay_scoreT": [
      27.6,
      29.4,
      19.7
    ],
    "essay_scoreT_avg": 25.566666,
    "essay_scoreT_detail": {
      "essay_scoreT_org": [
        [
          3,
          3,
          3,
          3
        ],
        [
          3,
          3,
          3,
          3
        ],
        [
          2,
          1,
          3,
          3
        ]
      ],
      "essay_scoreT_cont": [
        [
          2,
          2,
          3,
          3
        ],
        [
          3,
          3,
          3,
          3
        ],
        [
          2,
          1,
          2,
          2
        ]
      ],
      "essay_scoreT_exp": [
        [
          3,
          3,
          3
        ],
        [
          2,
          3,
          3
        ],
        [
          3,
          2,
          2
        ]
      ]
    }
  },
  "student": {
    "date": "2021.09.03",
    "student_educated": true,
    "student_grade": "고등_2학년",
    "location": "051",
    "student_grade_group": "고등",
    "student_reading": 2
  },
  "rubric": {
    "essay_grade": "고등_2학년",
    "organization_weight": {
      "org_paragraph": 3,
      "org": 3,
      "org_essay": 3,
      "org_coherence": 3,
      "org_quantity": 1
    },
    "essay_type": "주장",
    "content_weight": {
      "con_clearance": 3,
      "con_novelty": 3,
      "con": 4,
      "con_prompt": 1,
      "con_description": 3
    },
    "essay_main_subject": "지적 재산권에 대한 본인의 생각 작성",
    "expression_weight": {
      "exp_style": 4,
      "exp_grammar": 2,
      "exp_vocab": 4,
      "exp": 3
    }
  },
  "correction": [],
  "info": {
    "essay_id": "ESSAY_35178",
    "essay_prompt": " 지적재산권이란 특허권, 실용신안권, 상표권, 디자인권을 총칭하는 개념으로 지적재산권법은 정보생산자에게 일정기간 동안 시장에서의 배타적 지위를 부여하고 있습니다.\n\n 즉, 지적 재산권은 특정 사람이 생각/창작해낸 것을 다른사람들의 무분별한 이용으로 부터 지켜주는 것입니다. 이러한 지적재산권은 개인 혹은 회사 더 나아가 나라에 귀속될 수 있습니다.\n\n 다만, 코로나 시대인 요즘 전 세계적인 재앙인 코로나를 물리칠 수 있는 백신에 대한 지적재산권을 자유롭게 풀어야한다는 의견이 계속해서 나오고 있습니다. \n\n 지적 재산권이 있는 제약회사가 있는 나라의 경우 백신이 충분하며 백신을 맞는 것이 선택의 문제인 반면, 그렇지 못한 나라는 백신을 맞고 싶어도 맞지 못하는 사람들이 많고 항체가 없어 사망하는 경우도 비교적 많이 때문입니다.\n\n 전 세계의 문제를 해결하기 위해 수 많은 돈을 들여 개발한 백신의 지적재산권을 공유하는 것이 의무화 되어야 할까요? 아니면 회사의 선택에 맡겨야할까요? 보상은 어떻게 해야할까요? \n\n 전 세계에 무상으로 공개 해야 한다는 의견이 있을 수도 있고 무상으로 공개한 회사의 경우 팬더믹 상황이 종결 된 후 따로 보상을 해주어야 한다는 의견도 있을 겁니다. 지적재산권의 변하지 않는 신뢰를 위해서라도 무상 공개는 절대 있어서는 안된다는 의견도 있을 것입니다.\n\n 지금까지도 펜더믹 상황에서 코로나19 백신에 대한 특허권을 보장해야 하느냐 풀어야 하느냐 의견이 분분합니다. 이에 대한 자신의 주장을 작성해주세요. 또한, 그렇게 생각한 이유도 설명해주세요.",
    "essay_type": "주장",
    "essay_level": "1",
    "essay_len": 1077,
    "essay_main_subject": "지적 재산권에 대한 본인의 생각 작성"
  }
}