{
  "paragraph": [
    {
      "paragraph_txt": "우리나라의 가장 큰 명절은 수능이라는 말을 과외 선생님에게 들은 적이 있다.#@문장구분# 영어 듣기 평가 시간인 1시 10분부터 1시 35분은 전국에 있는 모든 항공기 이착륙이 전면 통제되고, 수험생의 등교시간을 고려하여 대중교통 배차 간격을 단축 운행하며 행정 기관의 비상 운송차량 등을 지역별 수험생 주요 이동로에 배차하여 안전하게 시험장에 갈 수 있도록 돕기도 한다.#@문장구분# 그만큼 수능은 12년의 교육 과정을 평가하는 날과 동시에 대학이 결정되는 라이기 때문에 중요하다고 생각하지만 나는 고작 몇시간 동안 치루는 시험이 전부가 돼서는 안된다고 생각한다.#@문장구분# 만약 1년의 교육 과정을 한꺼번에 평가하기 보다는 초등학교에서 중학교 중학교에서 고등학교를 올라갈 때 졸업시험을 본다면 수능에 대한 부담이 줄어들 것이다.#@문장구분# 또한 교육 평가의 대표적이 예로 모의고사가 있다.#@문장구분# 등급을 통해 평가가 이루어지며 학생들은 보다 더 좋은 등급을 받기 위해 경쟁을 하게된다.#@문장구분# 여기서 선의의 경재응ㄹ 하게 된다면 기분 좋은 승부욕을 끌어올려 본인의 역량을 올릴수 있는 긍정적인 계기가 되지만 지자치게 비교를 하며 경쟁을 부추기게 되면 오히려 부정적인 영향이 올 것이라고 생각하기 때문에 지나친 경쟁과 평가 또한 악영향을 미칠서이다.#@문장구분# 그래서 나는 수학능혁시험은 제대로 된 정의를 실현하는데 있어 한계가 있다고 생각한다.#@문장구분# 그래서 나의 의견은 지금의 평가 방식이 문제가 없다고 생각한다.#@문장구분# 개개인의 능력을 객관적이고 보편적으로 평가하는 데에는 이만한 평가 방법이 없다고 생각한다.#@문장구분# 그치만 몇몇 사람들은 지금의 평가 방식이 개성과 특성을 무시한 방법이라고 비난한다.#@문장구분# 하지만 특이한 개성을 가진 몇몇 사람들을 고려하기 위해 보통의 개성을 가진 사람들을 희생하기에는 너무 큰 기회비용이 든다고 생각한다.#@문장구분#",
      "paragraph_len": 1107,
      "paragraph_id": "001"
    }
  ],
  "score": {
    "paragraph_score": [
      {
        "paragraph_scoreT": [
          3,
          2.4,
          2.8
        ],
        "paragraph_scoreT_detail": {
          "paragraph_scoreT_exp": [
            [
              3,
              3,
              3
            ],
            [
              2,
              2,
              3
            ],
            [
              2,
              3,
              3
            ]
          ]
        },
        "paragraph_scoreT_avg": 2.7333333,
        "paragraph_id": "001"
      }
    ],
    "essay_scoreT": [
      27.2,
      28.2,
      27.6
    ],
    "essay_scoreT_avg": 27.666666,
    "essay_scoreT_detail": {
      "essay_scoreT_org": [
        [
          3,
          0,
          3,
          3
        ],
        [
          3,
          0,
          3,
          3
        ],
        [
          2,
          0,
          3,
          3
        ]
      ],
      "essay_scoreT_cont": [
        [
          3,
          2,
          2,
          2
        ],
        [
          3,
          3,
          3,
          3
        ],
        [
          3,
          3,
          3,
          3
        ]
      ],
      "essay_scoreT_exp": [
        [
          3,
          3,
          3
        ],
        [
          2,
          2,
          3
        ],
        [
          2,
          3,
          3
        ]
      ]
    }
  },
  "student": {
    "date": "2021.12.16",
    "student_educated": true,
    "student_grade": "고등_1학년",
    "location": "063",
    "student_grade_group": "고등",
    "student_reading": 2
  },
  "rubric": {
    "essay_grade": "고등_1학년",
    "organization_weight": {
      "org_paragraph": 0,
      "org": 3,
      "org_essay": 6,
      "org_coherence": 3,
      "org_quantity": 1
    },
    "essay_type": "주장",
    "content_weight": {
      "con_clearance": 3,
      "con_novelty": 3,
      "con": 4,
      "con_prompt": 1,
      "con_description": 3
    },
    "essay_main_subject": "평가에 대한 본인의 의견",
    "expression_weight": {
      "exp_style": 4,
      "exp_grammar": 2,
      "exp_vocab": 4,
      "exp": 3
    }
  },
  "correction": [],
  "info": {
    "essay_id": "ESSAY_65980",
    "essay_prompt": " 평가는 일반적으로 평가대상의 장점과 가치를 결정하는 과정을 말합니다.\n\n 세상에는 무수히 많은 평가 방법들이 존재하고 그 주제도 다양합니다.\n\n 우리나라의 경우는 어떨까요? 중간, 기말시험이 있고 미술과 같은 기본기와 창의성을 평가하는 과목도 있습니다. 체육과 같은 신체적인 능력을 평가하는 과목도 있지요. 모두 적절한 기준이 있으며 매우 객관적인 기준이라고 말합니다.\n\n 하지만 여러분이 생각하기에 모든 학생을 동일한 평가지표에 맞추어 평가하는 것이 올바른 방식이라고 생각하나요?\n\n 사람마다 특성이 존재하듯 각각의 목표 또한 다르고 성과도 다를 수 있습니다. 특정 기준에 의존해 본인의 성과도를 평가하는 것이 바르다고 생각되나요?\n\n 현재의 평가 방식은 최고의 객관적인 평가 방식이라고 생각하신다면 그 이유를 작성해주세요. 아니라면 어떤 평가 기준이 추가되어야 하고 또한 어떤 생각으로 평가가 이루어졌으면 좋겠는지 서술해 주세요.",
    "essay_type": "주장",
    "essay_level": "2",
    "essay_len": 867,
    "essay_main_subject": "평가에 대한 본인의 의견"
  }
}