{
  "paragraph": [
    {
      "paragraph_txt": "같은 사람이라도 차별이 있기는 마련이다.#@문장구분# 차별의 이유는 많다.#@문장구분# 인종이 다르기 때문에 피부색이 다르기 때문에 사는 곳이 다르기 때문에 차별을 한다.#@문장구분# 차별은 인권과 밀접한 관련이 있다.#@문장구분# 미국 역시 인종차별에서 자유로울 수 없었다.#@문장구분# 지금이야 많이 나아졌지만 과거에는 흑과 백의 인종 차별이 심했던 것이다.#@문장구분# 1973년에는 미국의 인종차별이 심했던 때이다. #@문장구분#짐은 흑인으로서는 드물게 대학을 졸업하였다.#@문장구분# 대학을 다닐 때 수영을 하였는데 그는 수영대회에 참가하지를 못하였다. #@문장구분#흑인이 백인과 함께 대회에 참가하는 것을 많은 백인들이 싫어하였던 것이다.#@문장구분# 물론 모든 백인들이 그런 것은 아니다. #@문장구분#흑인들을 무시하고 차별하는 것이 아니다.#@문장구분# 하지만 그 당시 사회풍조는 다수의 백인 우월주의자들이 있던 시절이다.#@문장구분# 결국 수영대회에 참가하지 못하고 경관에게 폭력을 휘두른 죄로 체포되기도 하였다.#@문장구분# 비록 대학도 다른 학생들보다 늦게 졸업을 하였지만 졸업을 한 것은 확실하다.#@문장구분# 하지만 직업을 얻지 못한다. #@문장구분#흑인으로서는 드물게 대학을 졸업하였지만 그를 받아주는 백인 사업자는 없었던 것이다.#@문장구분# 거기다가 체포 기록까지 있으니 취업이 어려울 수밖에 없었다.#@문장구분# 짐은 어렵게 철거를 앞둔 센터의 정리를 하는 직업을 얻게 된다.#@문장구분# 흑인들이 거주하는 지역에 있는 센터였는데 사람들이 오랫동안 오지도 않고, 관리도 되지 않은 상태인 것 같았다.#@문장구분# 그러니 철거를 하려 하는 것이겠지만 말이다.#@문장구분# 짐은 그 당시에도 수영에 대한 애정이 있었다. #@문장구분#센터에는 수영장이 있었고 말이다.#@문장구분# 짐은 버려진 수영장을 닦고 청소하여 깨끗하게 만들어 수영장의 모습을 다시 찾게 한다. #@문장구분#그것을 건물 관리인 엘스톤이 돕는다.#@문장구분#\n 하지만 시에서는 센터를 철거하려 한다.#@문장구분# 이에 짐은 근처에 항상 농구를 하러 오는 10대들을 모아 흑인 수영팀을 만든다.#@문장구분# 처음 만든 수영팀이라 실력이 썩 좋지는 않다. #@문장구분#그리고 10대들은 실력보다는 즐기는 것에 큰 위주를 가진다. #@문장구분#하지만 센터가 철거되면 10대들은 즐기는 곳을 잃는 것이다. #@문장구분#처음 나간 수영대회에서 그들은 큰 창피를 당한다.#@문장구분# 흑인에 대한 편견을 가지고 있는 백인들 앞에서 말이다.#@문장구분# 사실 흑인들도 자신들이 우월하다고 생각하고 있었다.#@문장구분# 백인들을 차별하는 것이다. #@문장구분#서로 차별하다 보니 서로에 대한 생각이 좁혀지고 있지 않은지도 모른다. #@문장구분# 처음 나간 대회에서 수모를 당한 뒤 흑인 수영팀은 자긍심을 가지고 다시 한 번 도전을 한다.#@문장구분# 열심히 연습을 하는 것이다. #@문장구분#PDR팀이라고 명명한 흑인 수영팀은 그 뒤 좋은 성적을 거둔다.#@문장구분# 짐이 잘 가르친 덕분도 있지만 팀원들이 자긍심을 가지고 열심히 하는 것도 성적이 좋아질 수밖에 없었다. #@문장구분#하지만 장애물도 많았다.#@문장구분# 센터의 철거 건은 시의 철회로 무사할 수 있었지만 동네의 건달로 인해 어려움을 겪기도 한다.#@문장구분# 결국 짐이 건달을 팬 사건이 기사화되어 사회적으로 문제가 된다.#@문장구분# 아이들을 가르치는 코치가 모범이 되는 행동을 하지 못했다고 말이다. #@문장구분#결국 코치직을 그만둔다. #@문장구분#챔피언 경기를 코 앞에 두고 말이다.#@문장구분# 하지만 PDR팀은 최선을 다한다.#@문장구분# 결국 챔피언 트로피를 거머쥔다. #@문장구분#인간승리를 이룬 것이다.#@문장구분# 자긍심의 승리를 말이다.#@문장구분# 그 뒤 짐은 다시 코치를 맡는다.#@문장구분# 많은 시간이 지나는 동안 짐의 밑에서 많은 수영 선수들이 배운다. #@문장구분#그의 밑에서 배운 수영 선수들은 올림픽 예선 경기에도 나간 선수들이 많이 있다. #@문장구분#지금도 그는 코치를 맡고 있다.#@문장구분#\n 인종 차별로 자신의 능력을 마음껏 펼치지 못했지만 다시 자신과 같은 불상사가 일어나지 않도록 후배 양성에 힘을 쏟은 짐의 뜻이 통하여 흑인들도 백인들과 같이 수영 대회를 할 수 있게 되었다. #@문장구분#예전 같았으면 상상도 못할 일을 말이다.#@문장구분# 지역의 발전을 이루는데 기여를 한 것이다.#@문장구분# 흑인들도 자신들의 권리가 있음을 알린 것이다.#@문장구분# 자긍심을 가지고 존경을 받는 행동을 한다면 자신의 권리는 찾지 않아도 오는 것이다.",
      "paragraph_len": 3001,
      "paragraph_id": "001"
    }
  ],
  "score": {
    "paragraph_score": [
      {
        "paragraph_scoreT": [
          3,
          3,
          3
        ],
        "paragraph_scoreT_detail": {
          "paragraph_scoreT_exp": [
            [
              3,
              3,
              3
            ],
            [
              3,
              3,
              3
            ],
            [
              3,
              3,
              3
            ]
          ]
        },
        "paragraph_scoreT_avg": 3,
        "paragraph_id": "001"
      }
    ],
    "essay_scoreT": [
      30,
      30,
      30
    ],
    "essay_scoreT_avg": 30,
    "essay_scoreT_detail": {
      "essay_scoreT_org": [
        [
          3,
          3,
          3,
          3
        ],
        [
          3,
          3,
          3,
          3
        ],
        [
          3,
          3,
          3,
          3
        ]
      ],
      "essay_scoreT_cont": [
        [
          3,
          3,
          3,
          3
        ],
        [
          3,
          3,
          3,
          3
        ],
        [
          3,
          3,
          3,
          3
        ]
      ],
      "essay_scoreT_exp": [
        [
          3,
          3,
          3
        ],
        [
          3,
          3,
          3
        ],
        [
          3,
          3,
          3
        ]
      ]
    }
  },
  "student": {
    "date": "2021.12.08",
    "student_educated": true,
    "student_grade": "고등_2학년",
    "location": "063",
    "student_grade_group": "고등",
    "student_reading": 3
  },
  "rubric": {
    "essay_grade": "고등_2학년",
    "organization_weight": {
      "org_paragraph": 3,
      "org": 3,
      "org_essay": 3,
      "org_coherence": 3,
      "org_quantity": 1
    },
    "essay_type": "주장",
    "content_weight": {
      "con_clearance": 3,
      "con_novelty": 3,
      "con": 4,
      "con_prompt": 1,
      "con_description": 3
    },
    "essay_main_subject": "인종차별에 대한 본인의 생각",
    "expression_weight": {
      "exp_style": 4,
      "exp_grammar": 2,
      "exp_vocab": 4,
      "exp": 3
    }
  },
  "correction": [],
  "info": {
    "essay_id": "ESSAY_57429",
    "essay_prompt": " 최근 중국발 코로나바이러스로 인해 동양인에 대한 혐오감을 나타내는 서양인들이 늘어나고 있습니다. 그로 인해, 매스컴이나 SNS에서 인종차별을 받아 힘들어하는 동양인들을 자주 목격할 수 있습니다.\n\n 하지만, 최근에만 인종차별이 존재했을까요? 아닙니다. 아주 오래전부터 다른 인종에 대한 차별은 있었습니다.\n\n 우리나라에서는 인종차별을 안 하고 있을까요? 아닙니다. 우리나라에서도 알게 모르게 많은 부분에서 다른 국가의 사람들에 대해 인종차별을 하고 있으며 누군가에게 상처를 주고 있습니다.\n\n 즉, 인종차별은 누군가의 문제가 아니라 우리 모두의 문제입니다.\n\n 여러분들은 인종차별을 당해보신 적 있나요? 인종차별을 하는 사람들에 대해 어떻게 생각하시나요? 왜 생겨났다고 생각하나요? 인종차별을 근절하기 위해서는 어떻게 해야 할까요? 인종차별을 하는 사람들에 대해 전 세계적으로 처벌의 강도를 높여야 할까요?\n\n 인종차별을 하는 사람들에 대한 본인의 생각을 작성하고 인종차별은 해결할 수 있는 문제일지 아니면 해결하지 어려운 문제일지 작성해주세요. 또한, 그렇게 생각한 이유와 본인이 생각한 해결방법 혹은 해결할 수 없다면 왜 해결할 수 없다고 생각하는지 작성해주세요.",
    "essay_type": "주장",
    "essay_level": "1",
    "essay_len": 1862,
    "essay_main_subject": "인종차별에 대한 본인의 생각"
  }
}