{
  "paragraph": [
    {
      "paragraph_txt": "어떠한 종류의 차별이든 차별이라는 단어가 붙어서 좋은건 없는 것 같다.#@문장구분# 현대살고 있는 우리 사회에 여러 많은 차별들이 존재하지만 특히나 인종차별은 그중에서도 가장 나쁘고 근절되어야할 차별이라고 생각한다.#@문장구분# 인종차별을 하는 사람들은 근본적으로 나와 다른 그 무엇에 대해서도 받아들이거나 인정하려 하지 않는 사람들인 것 같다.#@문장구분# 나와 같지 않은 것은 나쁜 것, 그것은 나를 위험에 빠뜨리거나 내것을 잃게 만들거나 나의 자유와 같은 어떤 것이든 빼앗아 갈거라 생각을 하기 때문에 위협을 하거나 폭력을 일삼는 다고 생각한다.#@문장구분# 인종차별은 예전에는 못사는 나라에서 온 근로자들을 노예처럼 부리는 것들이 대부분이었지만 요즘엔 펜데믹으로 인해 많은 나라들에서 동양인에 대한 인종차별, 차라리 혐오라는 말이 더 어울리는 현상이 많이 일어나고 있다.#@문장구분# 나는 인종차별 또는 혐오는 근절될 수 있다고 생각하지만 쉽지는 않을 것 같다.#@문장구분# 왜냐하면 이런 혐오는 눈에 보이는 어떤 것이 아닌 막연한 무서움, 두려움, 불편함을 기반으로 나타나기 때문이다.#@문장구분# 이런 사람들은 평상시에는 우리와 전혀 다를바가 없는 우리의 이웃으로 존재하기에 또는 내가족, 내사람들을 지키기 위해서 한다는 정당성을 내새우기 때문에 더욱 무섭고 힘든 일이라고 여겨진다.#@문장구분# 하지만 우리가 못할 것은 없다고 생각한다. #@문장구분#지속적인 교육과 사회홍보 그리고 그 사람들의 막연한 불안감을 해소시킬 방법을 찾아 본다면 근절 될 수도 있다고 생각된다. #@문장구분#특히 어릴적부터 교육은 매우 중요하다고 생각된다. #@문장구분#학교내에서의 왕따문화가 대표적으로 커서도 인종차별로 발전할 수 있다고 생각된다.#@문장구분# 어릴적부터 왕따, 혹은 학교폭력근절 교육을 하듯이 조금더 구체적으로 인종차별에 대한 교육도 한다면 앞으로는 더욱 더 나은 사회가 되지 않을까 싶다.#@문장구분#",
      "paragraph_len": 1127,
      "paragraph_id": "001"
    }
  ],
  "score": {
    "paragraph_score": [
      {
        "paragraph_scoreT": [
          3,
          2.8,
          3
        ],
        "paragraph_scoreT_detail": {
          "paragraph_scoreT_exp": [
            [
              3,
              3,
              3
            ],
            [
              2,
              3,
              3
            ],
            [
              3,
              3,
              3
            ]
          ]
        },
        "paragraph_scoreT_avg": 2.9333334,
        "paragraph_id": "001"
      }
    ],
    "essay_scoreT": [
      28.8,
      28.2,
      29.7
    ],
    "essay_scoreT_avg": 28.9,
    "essay_scoreT_detail": {
      "essay_scoreT_org": [
        [
          3,
          3,
          3,
          3
        ],
        [
          3,
          3,
          3,
          3
        ],
        [
          3,
          3,
          3,
          2
        ]
      ],
      "essay_scoreT_cont": [
        [
          2,
          3,
          3,
          3
        ],
        [
          3,
          2,
          3,
          3
        ],
        [
          3,
          3,
          3,
          3
        ]
      ],
      "essay_scoreT_exp": [
        [
          3,
          3,
          3
        ],
        [
          2,
          3,
          3
        ],
        [
          3,
          3,
          3
        ]
      ]
    }
  },
  "student": {
    "date": "2021.11.17",
    "student_educated": true,
    "student_grade": "고등_2학년",
    "location": "063",
    "student_grade_group": "고등",
    "student_reading": 1
  },
  "rubric": {
    "essay_grade": "고등_2학년",
    "organization_weight": {
      "org_paragraph": 3,
      "org": 3,
      "org_essay": 3,
      "org_coherence": 3,
      "org_quantity": 1
    },
    "essay_type": "주장",
    "content_weight": {
      "con_clearance": 3,
      "con_novelty": 3,
      "con": 4,
      "con_prompt": 1,
      "con_description": 3
    },
    "essay_main_subject": "인종차별에 대한 본인의 생각",
    "expression_weight": {
      "exp_style": 4,
      "exp_grammar": 2,
      "exp_vocab": 4,
      "exp": 3
    }
  },
  "correction": [],
  "info": {
    "essay_id": "ESSAY_45946",
    "essay_prompt": " 최근 중국발 코로나바이러스로 인해 동양인에 대한 혐오감을 나타내는 서양인들이 늘어나고 있습니다. 그로 인해, 매스컴이나 SNS에서 인종차별을 받아 힘들어하는 동양인들을 자주 목격할 수 있습니다.\n\n 하지만, 최근에만 인종차별이 존재했을까요? 아닙니다. 아주 오래전부터 다른 인종에 대한 차별은 있었습니다.\n\n 우리나라에서는 인종차별을 안 하고 있을까요? 아닙니다. 우리나라에서도 알게 모르게 많은 부분에서 다른 국가의 사람들에 대해 인종차별을 하고 있으며 누군가에게 상처를 주고 있습니다.\n\n 즉, 인종차별은 누군가의 문제가 아니라 우리 모두의 문제입니다.\n\n 여러분들은 인종차별을 당해보신 적 있나요? 인종차별을 하는 사람들에 대해 어떻게 생각하시나요? 왜 생겨났다고 생각하나요? 인종차별을 근절하기 위해서는 어떻게 해야 할까요? 인종차별을 하는 사람들에 대해 전 세계적으로 처벌의 강도를 높여야 할까요?\n\n 인종차별을 하는 사람들에 대한 본인의 생각을 작성하고 인종차별은 해결할 수 있는 문제일지 아니면 해결하지 어려운 문제일지 작성해주세요. 또한, 그렇게 생각한 이유와 본인이 생각한 해결방법 혹은 해결할 수 없다면 왜 해결할 수 없다고 생각하는지 작성해주세요.",
    "essay_type": "주장",
    "essay_level": "1",
    "essay_len": 868,
    "essay_main_subject": "인종차별에 대한 본인의 생각"
  }
}