{
  "paragraph": [
    {
      "paragraph_txt": "중국발 코로나바이러스로 인해 동양인에 대한 혐오감을 나타내는 서양인들이 늘어나고 최뉴스에 계속 보도된 내용들에 아시아인 폭행 사건이 종종 보도되고 있습니다.#@문장구분# 아시안으로 중국인, 일본인, 한국인, 베트남인, 필리핀인, 등 있을 것입니다. #@문장구분#이 사람들은 우리가 잘 알다시피 황인종으로 황색계열의 피부색과 검은 머리, 검은 눈동자 등등이 있겠습니다. #@문장구분#그런데 왜 이 사람들에 대한 아시안 혐오 범죄가 늘어났을까요? #@문장구분#모두 예측하듯이 코로나 19 때문입니다.#@문장구분# 코로나 바이러스는 중국 우한에서 시작되었으며 2020년 전세계에 큰 타격을 주었습니다. #@문장구분#그러면서 코로나 바이러스가 중국 바이러스다, 우한 바이러스다 라며 악성 소문들이 나돌곤 했습니다.#@문장구분# 외국에 나가면 아시안을 보고 이 바이러스 덩어리 이러면서 욕하고 나쁜 언어를 쓰고 그리고 폭행도 마구 일어나고 있다고 합니다.#@문장구분# 유투브등에서는 코로나가 엄청나게 확산되어 있을 즈음에 인종차별에 의한 공포를 라이브로 실시간 방송하는 유투버들이 존재하기 까지 했습니다.#@문장구분# 코로나로 인해 물건 사재기를 하기도 하며 일부 폭도들은 지나가는 아시안만 봐도 폭행을 하거나 하는 그런 상황이 실시간으로 전해 질 때 정말 두렵고 같은 아시안으로서 이건 말도 않된다고 생각하였습니다. #@문장구분#그들은 인종차별이 그냥 눈초리 받는 정도로 생각했다가 실제 겪으면 정말 기분이 나쁘다고 말합니다. #@문장구분#잘못이 없는데 길가에서 누군가에게 욕을 먹고 피부색이 다르다는 이유로 손가락질 당한다고 합니다. #@문장구분#진짜 폭행을 당하거나 아시안이 살고 있는 집이라는 소문이 나면 강도가 들어 집을 부신다든가 하는 일이 빈번히 일어났다고 합니다.#@문장구분# 우리는 인종차별은 저급하고 부끄러운 생각이라는 것을 사람들이 인식해 모범시민이 되어야 겠습니다.",
      "paragraph_len": 1108,
      "paragraph_id": "001"
    }
  ],
  "score": {
    "paragraph_score": [
      {
        "paragraph_scoreT": [
          2.8,
          2,
          2
        ],
        "paragraph_scoreT_detail": {
          "paragraph_scoreT_exp": [
            [
              2,
              3,
              3
            ],
            [
              2,
              2,
              2
            ],
            [
              2,
              2,
              2
            ]
          ]
        },
        "paragraph_scoreT_avg": 2.2666667,
        "paragraph_id": "001"
      }
    ],
    "essay_scoreT": [
      26.599998,
      24,
      24
    ],
    "essay_scoreT_avg": 24.866667,
    "essay_scoreT_detail": {
      "essay_scoreT_org": [
        [
          3,
          3,
          3,
          3
        ],
        [
          2,
          2,
          3,
          3
        ],
        [
          2,
          2,
          3,
          3
        ]
      ],
      "essay_scoreT_cont": [
        [
          3,
          2,
          2,
          2
        ],
        [
          2,
          3,
          3,
          3
        ],
        [
          2,
          3,
          3,
          3
        ]
      ],
      "essay_scoreT_exp": [
        [
          2,
          3,
          3
        ],
        [
          2,
          2,
          2
        ],
        [
          2,
          2,
          2
        ]
      ]
    }
  },
  "student": {
    "date": "2021.12.10",
    "student_educated": true,
    "student_grade": "고등_2학년",
    "location": "063",
    "student_grade_group": "고등",
    "student_reading": 1
  },
  "rubric": {
    "essay_grade": "고등_2학년",
    "organization_weight": {
      "org_paragraph": 3,
      "org": 3,
      "org_essay": 3,
      "org_coherence": 3,
      "org_quantity": 1
    },
    "essay_type": "주장",
    "content_weight": {
      "con_clearance": 3,
      "con_novelty": 3,
      "con": 4,
      "con_prompt": 1,
      "con_description": 3
    },
    "essay_main_subject": "인종차별에 대한 본인의 생각",
    "expression_weight": {
      "exp_style": 4,
      "exp_grammar": 2,
      "exp_vocab": 4,
      "exp": 3
    }
  },
  "correction": [],
  "info": {
    "essay_id": "ESSAY_57406",
    "essay_prompt": " 최근 중국발 코로나바이러스로 인해 동양인에 대한 혐오감을 나타내는 서양인들이 늘어나고 있습니다. 그로 인해, 매스컴이나 SNS에서 인종차별을 받아 힘들어하는 동양인들을 자주 목격할 수 있습니다.\n\n 하지만, 최근에만 인종차별이 존재했을까요? 아닙니다. 아주 오래전부터 다른 인종에 대한 차별은 있었습니다.\n\n 우리나라에서는 인종차별을 안 하고 있을까요? 아닙니다. 우리나라에서도 알게 모르게 많은 부분에서 다른 국가의 사람들에 대해 인종차별을 하고 있으며 누군가에게 상처를 주고 있습니다.\n\n 즉, 인종차별은 누군가의 문제가 아니라 우리 모두의 문제입니다.\n\n 여러분들은 인종차별을 당해보신 적 있나요? 인종차별을 하는 사람들에 대해 어떻게 생각하시나요? 왜 생겨났다고 생각하나요? 인종차별을 근절하기 위해서는 어떻게 해야 할까요? 인종차별을 하는 사람들에 대해 전 세계적으로 처벌의 강도를 높여야 할까요?\n\n 인종차별을 하는 사람들에 대한 본인의 생각을 작성하고 인종차별은 해결할 수 있는 문제일지 아니면 해결하지 어려운 문제일지 작성해주세요. 또한, 그렇게 생각한 이유와 본인이 생각한 해결방법 혹은 해결할 수 없다면 왜 해결할 수 없다고 생각하는지 작성해주세요.",
    "essay_type": "주장",
    "essay_level": "1",
    "essay_len": 849,
    "essay_main_subject": "인종차별에 대한 본인의 생각"
  }
}