{
  "paragraph": [
    {
      "paragraph_txt": "현재 평가를 받으며 성적을 높이기 위해 노력하는 학생의 시점으로서 보기에 현 평가 방식은 객관적이다 볼 수 있습니다.#@문장구분# 특정 기준에 맞추어 학생들의 통과 여부를 판단해 순위를 매기는 방식, 이는 객관적으로 학생의 성적을 상대적으로 맞출 수 있어 간단하면서도 정확한 결과를 내는데 기여합니다.#@문장구분# 학생들이 적절한 기준에 맞게끔 노력하여 높은 성적을 얻게 된다면, 그것은 학생에게 있어 의지를 함유시키는 역할을 할 것입니다.#@문장구분# 허나 몇몇 학생들은 말합니다.#@문장구분# 자신들의 개성과 개인적인 재능이 무시당할 수 있는 이러한 상대적 평가를 멈추어달라고.#@문장구분# 특정 기준에 맞추어 사람을 평가하게 된다면 확실히 그 사람이 향하는 목표나 성과가 포함되지 않는 경우가 다반사입니다.#@문장구분# 선을 그어놓고 그를 넘기만 하면 일정 점수를 얻는다.#@문장구분# 이러한 것에 개인의 목표나 성과도가 포함되기는 힘든 법입니다.#@문장구분# 그저 선을 넘어가기만 하면 되기 때문입니다.#@문장구분# 그 사람이 얼마나 노력이 얼마나 들어갔던지 한계가 어떠한지는 확실히 할 수 없을 수밖에 없습니다.#@문장구분# 선을 넘는 것으로 평가는 끝났기 때문이지요.#@문장구분# 허나 누군가의 목표나 성과를 평가하기엔 사람은 완벽하지 못합니다.#@문장구분# 결국 모두가 다 다른 꿈을 꾸며 다른 목표를 향해가기에 누구도 그를 절대적으로 평가하기는 힘듭니다.#@문장구분# 그러므로 현재 저의 시점으로써는 이러한 평가의 방식이 객관적이다 라 볼 수밖에 없는 것 같습니다.#@문장구분# 그래서 저는 평가는 과거에도 그렇고 현재에도 그렇고 미래에도 사라질 수 없는 사람을 보는 방식이라고 생각합니다.#@문장구분# 평가야 말로 그 사람의 진짜 능력을 보여줄 수 있다고 생각합니다.#@문장구분# 혹자는 이런 말을 합니다.#@문장구분# 시험때 긴장해서 진짜 실력이 나오지 않았다라고.#@문장구분# 하지만 시험을 잘 보는 것도 자신의 실력이고 능력입니다. #@문장구분#그래서 저는 평가라는 시스템은 지금도 앞으로도 없어지지 않을 시스템이라고 생각합니다.#@문장구분#",
      "paragraph_len": 1303,
      "paragraph_id": "001"
    }
  ],
  "score": {
    "paragraph_score": [
      {
        "paragraph_scoreT": [
          2,
          2.8,
          2.6
        ],
        "paragraph_scoreT_detail": {
          "paragraph_scoreT_exp": [
            [
              2,
              2,
              2
            ],
            [
              2,
              3,
              3
            ],
            [
              3,
              2,
              3
            ]
          ]
        },
        "paragraph_scoreT_avg": 2.4666667,
        "paragraph_id": "001"
      }
    ],
    "essay_scoreT": [
      23.3,
      26.9,
      26.7
    ],
    "essay_scoreT_avg": 25.633331,
    "essay_scoreT_detail": {
      "essay_scoreT_org": [
        [
          2,
          0,
          3,
          2
        ],
        [
          3,
          0,
          2,
          3
        ],
        [
          3,
          0,
          2,
          3
        ]
      ],
      "essay_scoreT_cont": [
        [
          3,
          2,
          2,
          3
        ],
        [
          3,
          2,
          2,
          3
        ],
        [
          3,
          2,
          3,
          3
        ]
      ],
      "essay_scoreT_exp": [
        [
          2,
          2,
          2
        ],
        [
          2,
          3,
          3
        ],
        [
          3,
          2,
          3
        ]
      ]
    }
  },
  "student": {
    "date": "2021.11.16",
    "student_educated": true,
    "student_grade": "고등_1학년",
    "location": "054",
    "student_grade_group": "고등",
    "student_reading": 1
  },
  "rubric": {
    "essay_grade": "고등_1학년",
    "organization_weight": {
      "org_paragraph": 0,
      "org": 3,
      "org_essay": 6,
      "org_coherence": 3,
      "org_quantity": 1
    },
    "essay_type": "주장",
    "content_weight": {
      "con_clearance": 3,
      "con_novelty": 3,
      "con": 4,
      "con_prompt": 1,
      "con_description": 3
    },
    "essay_main_subject": "평가에 대한 본인의 의견",
    "expression_weight": {
      "exp_style": 4,
      "exp_grammar": 2,
      "exp_vocab": 4,
      "exp": 3
    }
  },
  "correction": [],
  "info": {
    "essay_id": "ESSAY_47281",
    "essay_prompt": " 평가는 일반적으로 평가대상의 장점과 가치를 결정하는 과정을 말합니다.\n\n 세상에는 무수히 많은 평가 방법들이 존재하고 그 주제도 다양합니다.\n\n 우리나라의 경우는 어떨까요? 중간, 기말시험이 있고 미술과 같은 기본기와 창의성을 평가하는 과목도 있습니다. 체육과 같은 신체적인 능력을 평가하는 과목도 있지요. 모두 적절한 기준이 있으며 매우 객관적인 기준이라고 말합니다.\n\n 하지만 여러분이 생각하기에 모든 학생을 동일한 평가지표에 맞추어 평가하는 것이 올바른 방식이라고 생각하나요?\n\n 사람마다 특성이 존재하듯 각각의 목표 또한 다르고 성과도 다를 수 있습니다. 특정 기준에 의존해 본인의 성과도를 평가하는 것이 바르다고 생각되나요?\n\n 현재의 평가 방식은 최고의 객관적인 평가 방식이라고 생각하신다면 그 이유를 작성해주세요. 아니라면 어떤 평가 기준이 추가되어야 하고 또한 어떤 생각으로 평가가 이루어졌으면 좋겠는지 서술해 주세요.",
    "essay_type": "주장",
    "essay_level": "2",
    "essay_len": 903,
    "essay_main_subject": "평가에 대한 본인의 의견"
  }
}