{
  "paragraph": [
    {
      "paragraph_txt": "우리를 평가하는 지표들중 체육 수행평가가 있다  하지만 이 체육 수행평가는 정말달라야 한다고 생각한다.#@문장구분#  이유는 사람마다 키나 건강 상태등 신체가 전부 다르기 때문에 그러한 신체 조건이 다른 경우 똑같은 기준을 두고 평가한다는게 불공평하다고 생각되는 경우가 있다.#@문장구분#  그렇기에 개인의 신체적 조건을 조사를 하여 평균에 따른 기준을 정하여야 한다고 생각 한다.#@문장구분#  모든 평가는 특정한 상황이 아닌 경우 대부분 평균적인 수준에 맞춰서 기준을 정하고 문제를 내는 것이 이상적이라고 생각하는데옛날에 썼던 방식 그대로 평가를 한다는건 말이안된다.#@문장구분#  남을 평가하는 방식은 옛날 고대시대 부터 해오던 방식이다.#@문장구분#  즉 과거부터 현재까지 남들의 가치를 매길 때 쓰는 보편적인 방법이라는 것이다.#@문장구분#  그래서 나는 평가에 대해 긍정적으로 생각한다.#@문장구분#  하지만 간혹 평가에 대해 부정적인 인식을 갖고 있는 사람들이 있다.#@문장구분#  그 사람들 말로는 개개인들의 개성과 자율성을 무시하는 평가는 사라져야 한다고 생각한다.#@문장구분#  나도 개개인의 개성과 자율성을 인정해야 한다는 말에는 동의하지만, 이것을 무시하는 평가는 사라져야 한다는 말에는 동의하지 않는다.#@문장구분#  왜냐하면 개성과 자율성을 무시하는 평가는 객관적이고 절대적인 평가기준이 있어야 보편적인 사람들을 평가하기 좋기 때문이다.#@문장구분# 평가는 일반적으로 평가대상의 장점과 가치를 결정하는 과정을 말한다.#@문장구분#  세상에는 무수히 많은 평가 방법들이 존재하고 그 주제도 다양하다. #@문장구분# 그 중 나는 수학능력시험에 대하여 정의를 제대로 실현하고 있다고 생각한다. #@문장구분# 하지만 고등학교 3학년 즉 이번에 처음 치는 분들께서는 정정당당하지 못하다고 생각할 수 있다.#@문장구분#  자신들은 이번이 처음이지만 재수를 치는 사람들이 있기에 그렇게 생각하며 내가 생각하는 더 많은 이유로 그렇지 않다고 생각할 수도 있다.#@문장구분#  하지만 내가 정의를 제대로 실현하고 있다고 생각하는 이유는 노력은 배신하지 않기 때문이다.#@문장구분#  재수를 준비하는 분들을 비하하는 것이 아니라 그렇게 다시 시험을 치는 이유는 다른 사람들보다는 노력이 부족해서 그렇다고 생각한다.#@문장구분#",
      "paragraph_len": 1372,
      "paragraph_id": "001"
    }
  ],
  "score": {
    "paragraph_score": [
      {
        "paragraph_scoreT": [
          2,
          2.4,
          2.4
        ],
        "paragraph_scoreT_detail": {
          "paragraph_scoreT_exp": [
            [
              2,
              2,
              2
            ],
            [
              2,
              3,
              2
            ],
            [
              2,
              3,
              2
            ]
          ]
        },
        "paragraph_scoreT_avg": 2.2666667,
        "paragraph_id": "001"
      }
    ],
    "essay_scoreT": [
      23.099998,
      26.100002,
      19.9
    ],
    "essay_scoreT_avg": 23.033333,
    "essay_scoreT_detail": {
      "essay_scoreT_org": [
        [
          2,
          0,
          2,
          3
        ],
        [
          3,
          0,
          2,
          3
        ],
        [
          2,
          0,
          2,
          3
        ]
      ],
      "essay_scoreT_cont": [
        [
          3,
          2,
          3,
          3
        ],
        [
          3,
          2,
          3,
          3
        ],
        [
          1,
          2,
          1,
          2
        ]
      ],
      "essay_scoreT_exp": [
        [
          2,
          2,
          2
        ],
        [
          2,
          3,
          2
        ],
        [
          2,
          3,
          2
        ]
      ]
    }
  },
  "student": {
    "date": "2021.12.29",
    "student_educated": true,
    "student_grade": "고등_1학년",
    "location": "063",
    "student_grade_group": "고등",
    "student_reading": 2
  },
  "rubric": {
    "essay_grade": "고등_1학년",
    "organization_weight": {
      "org_paragraph": 0,
      "org": 3,
      "org_essay": 6,
      "org_coherence": 3,
      "org_quantity": 1
    },
    "essay_type": "주장",
    "content_weight": {
      "con_clearance": 3,
      "con_novelty": 3,
      "con": 4,
      "con_prompt": 1,
      "con_description": 3
    },
    "essay_main_subject": "평가에 대한 본인의 의견",
    "expression_weight": {
      "exp_style": 4,
      "exp_grammar": 2,
      "exp_vocab": 4,
      "exp": 3
    }
  },
  "correction": [],
  "info": {
    "essay_id": "ESSAY_84211",
    "essay_prompt": " 평가는 일반적으로 평가대상의 장점과 가치를 결정하는 과정을 말합니다.\n\n 세상에는 무수히 많은 평가 방법들이 존재하고 그 주제도 다양합니다.\n\n 우리나라의 경우는 어떨까요? 중간, 기말시험이 있고 미술과 같은 기본기와 창의성을 평가하는 과목도 있습니다. 체육과 같은 신체적인 능력을 평가하는 과목도 있지요. 모두 적절한 기준이 있으며 매우 객관적인 기준이라고 말합니다.\n\n 하지만 여러분이 생각하기에 모든 학생을 동일한 평가지표에 맞추어 평가하는 것이 올바른 방식이라고 생각하나요?\n\n 사람마다 특성이 존재하듯 각각의 목표 또한 다르고 성과도 다를 수 있습니다. 특정 기준에 의존해 본인의 성과도를 평가하는 것이 바르다고 생각되나요?\n\n 현재의 평가 방식은 최고의 객관적인 평가 방식이라고 생각하신다면 그 이유를 작성해주세요. 아니라면 어떤 평가 기준이 추가되어야 하고 또한 어떤 생각으로 평가가 이루어졌으면 좋겠는지 서술해 주세요.",
    "essay_type": "주장",
    "essay_level": "2",
    "essay_len": 1012,
    "essay_main_subject": "평가에 대한 본인의 의견"
  }
}