{
  "paragraph": [
    {
      "paragraph_txt": "현재 우리는 코로나-19로 인해 2021년 6월까지 약 1억 7 천명 이사의 확진자 및 380만여 명의 사망자가 발생하며 현재도 여전히 매일 약 38만여 명의 확진자가 발생하고 있습니다.#@문장구분# 코로나-19로 인한 피해가 막대한 가운데, 치료제 및 백신이 개발되어 모두에게 전달되기까지 쉽게 종식되기는 어려울 것으로 예상되고 있습니다. #@문장구분#현재 화이자, 모더나, 아스트라제네카, 노바백스, 존슨 앤 존슨, 사노피, 큐어백 등 글로벌 제약회사들을 중심으로 코로나-19배긴 개발 및 접종이 빠르게 이루어지고 있으며, 점차 안정화될 것을 기대하고 있습니다. #@문장구분#다만, 개발 및 접종은 모두 선진국을 중심으로 이루어지고 있기에 코로나-19 종식까지는 여전히 해결되어야 할 과제가 남아 있습니다.#@문장구분# 저는 지적재산권의 변하지 않는 신뢰를 위해서 무상 공개는 안된다고 생각합니다. #@문장구분#코로나-19를 이기기 위해 많은 사람들이 노력하고 있지만 백신을 만든 사람들은 코로나-19를 종식 시키기 위해 열심히 연구 하여 만들어진 백신이 무상으로 공개해버린다면 코로나-19 종식을 위한 일이라지만 연구에도 비용이 많이 들어갔을 것이고, 많은 노력이 들어갔을텐데 그저 사람들의 이익을 위해 무상 공개를 해버리면 그 사람들의 노력은 물거품이 되어버리는 것과 같다고 생각합니다.#@문장구분# 그러므로 코로나-19 백신에 대한 특허권을 보장해야 한다고 생각합니다.#@문장구분# 그러므로 코로나-19백신에 대한 특허권을 보장해야 한다고 생각한다.#@문장구분# 왜냐하면 연구했던 사람들의 노력이나 연구 비용의 크기가 너무 크기 때문에 무상공개는 안된다고 생각한다.#@문장구분# 하지만 무상공개를 한다고 하는 사람도 있다.#@문장구분# 이런 사람은 공로를 인정해 상을 주거나 인류가 멸종될 때까지 그 잡안에게 명예를 주는 방법을 취하면 좋을 수도 있다.",
      "paragraph_len": 1060,
      "paragraph_id": "001"
    }
  ],
  "score": {
    "paragraph_score": [
      {
        "paragraph_scoreT": [
          2.8,
          3,
          3
        ],
        "paragraph_scoreT_detail": {
          "paragraph_scoreT_exp": [
            [
              2,
              3,
              3
            ],
            [
              3,
              3,
              3
            ],
            [
              3,
              3,
              3
            ]
          ]
        },
        "paragraph_scoreT_avg": 2.9333334,
        "paragraph_id": "001"
      }
    ],
    "essay_scoreT": [
      29.4,
      30,
      30
    ],
    "essay_scoreT_avg": 29.800001,
    "essay_scoreT_detail": {
      "essay_scoreT_org": [
        [
          3,
          3,
          3,
          3
        ],
        [
          3,
          3,
          3,
          3
        ],
        [
          3,
          3,
          3,
          3
        ]
      ],
      "essay_scoreT_cont": [
        [
          3,
          3,
          3,
          3
        ],
        [
          3,
          3,
          3,
          3
        ],
        [
          3,
          3,
          3,
          3
        ]
      ],
      "essay_scoreT_exp": [
        [
          2,
          3,
          3
        ],
        [
          3,
          3,
          3
        ],
        [
          3,
          3,
          3
        ]
      ]
    }
  },
  "student": {
    "date": "2021.12.13",
    "student_educated": true,
    "student_grade": "고등_2학년",
    "location": "063",
    "student_grade_group": "고등",
    "student_reading": 2
  },
  "rubric": {
    "essay_grade": "고등_2학년",
    "organization_weight": {
      "org_paragraph": 3,
      "org": 3,
      "org_essay": 3,
      "org_coherence": 3,
      "org_quantity": 1
    },
    "essay_type": "주장",
    "content_weight": {
      "con_clearance": 3,
      "con_novelty": 3,
      "con": 4,
      "con_prompt": 1,
      "con_description": 3
    },
    "essay_main_subject": "지적 재산권에 대한 본인의 생각 작성",
    "expression_weight": {
      "exp_style": 4,
      "exp_grammar": 2,
      "exp_vocab": 4,
      "exp": 3
    }
  },
  "correction": [],
  "info": {
    "essay_id": "ESSAY_57346",
    "essay_prompt": " 지적재산권이란 특허권, 실용신안권, 상표권, 디자인권을 총칭하는 개념으로 지적재산권법은 정보생산자에게 일정기간 동안 시장에서의 배타적 지위를 부여하고 있습니다.\n\n 즉, 지적 재산권은 특정 사람이 생각/창작해낸 것을 다른사람들의 무분별한 이용으로 부터 지켜주는 것입니다. 이러한 지적재산권은 개인 혹은 회사 더 나아가 나라에 귀속될 수 있습니다.\n\n 다만, 코로나 시대인 요즘 전 세계적인 재앙인 코로나를 물리칠 수 있는 백신에 대한 지적재산권을 자유롭게 풀어야한다는 의견이 계속해서 나오고 있습니다. \n\n 지적 재산권이 있는 제약회사가 있는 나라의 경우 백신이 충분하며 백신을 맞는 것이 선택의 문제인 반면, 그렇지 못한 나라는 백신을 맞고 싶어도 맞지 못하는 사람들이 많고 항체가 없어 사망하는 경우도 비교적 많이 때문입니다.\n\n 전 세계의 문제를 해결하기 위해 수 많은 돈을 들여 개발한 백신의 지적재산권을 공유하는 것이 의무화 되어야 할까요? 아니면 회사의 선택에 맡겨야할까요? 보상은 어떻게 해야할까요? \n\n 전 세계에 무상으로 공개 해야 한다는 의견이 있을 수도 있고 무상으로 공개한 회사의 경우 팬더믹 상황이 종결 된 후 따로 보상을 해주어야 한다는 의견도 있을 겁니다. 지적재산권의 변하지 않는 신뢰를 위해서라도 무상 공개는 절대 있어서는 안된다는 의견도 있을 것입니다.\n\n 지금까지도 펜더믹 상황에서 코로나19 백신에 대한 특허권을 보장해야 하느냐 풀어야 하느냐 의견이 분분합니다. 이에 대한 자신의 주장을 작성해주세요. 또한, 그렇게 생각한 이유도 설명해주세요.",
    "essay_type": "주장",
    "essay_level": "1",
    "essay_len": 860,
    "essay_main_subject": "지적 재산권에 대한 본인의 생각 작성"
  }
}