{
  "paragraph": [
    {
      "paragraph_txt": "최근 동양인에 대한 혐오와 차별이 코로나로 인하여 더욱 심화되었다는 사실을 많이 느낄 수 있다.#@문장구분#\n코로나-19 바이러스에서 신종 코로나와 관련하여 비하하는 사건들이 많은데, \"델레 알리\"라는 유명한 축구선수가 중국에 많은 수의 사망자가 생기면서 국가적인 재난 상황에 처한 상태의 중국인을 보고, 빠른 속도로 코로나-19 바이러스에서 대피해야 한다는 식의 장난스러운 동영상을 올렸다. #@문장구분#또한 이탈리아 공중파 방송에서 눈을 옆으로 찢는 행위를 하며 동양인의 외모를 비하하는 행위를 하여 많은 동양인들에게 큰 충격을 안겨 주었다.#@문장구분#\n그리고, 베를린 지하철에서 한국 유학생 부부가 인종차별을 당하여 폭력을 당한 말도 안 되는 일이 있었다.#@문장구분#\n그에 이어, 미국 애틀랜타에서 일어난 마사지 숍 3군데 연쇄 총격 사건으로 총 8명이 사망하였고, \n그중 6명이 동양인 사망자, 4명이 한인으로 밝혀진 동양인 대학살 사건이 일어났다.#@문장구분# ",
      "paragraph_len": 554,
      "paragraph_id": "001"
    },
    {
      "paragraph_txt": "예전 코로나-19 바이러스가 퍼지기 전에도 동양인을 비하하는 행위들이 몇몇 나타나긴 했지만, 이렇게 강력하게 일어난 적은 없었기에 많은 걱정과 분노가 있었다.#@문장구분#\n나는 이 뉴스들을 접하고 큰 충격을 받았다. #@문장구분#아무리 코로나-19 바이러스가 중국 '우한시'에서 시작이 되어서 전 세계적으로 바이러스가 퍼지긴 했지만, 중국 국민들이 고의적으로 바이러스를 악용하여 퍼뜨린 것도 아니고, 어떻게 보면 전 세계 사람들도 피해자이지만 중국 국민들도 피해자인데, 오직 동양인이라는 이유만으로도 동양인을 혐오하고 차별하는 행위가 이해가 가지 않았다.#@문장구분# ",
      "paragraph_len": 357,
      "paragraph_id": "002"
    },
    {
      "paragraph_txt": "그나마 다행인 것은 \"Black Lives Matter\"(흑인 혐오에 저항하는 운동)의 뒤를 잇는 \"#Stop Asian Hate\"라는 동양인 혐오에 저항하는 운동이 생겨났다는 것이다.#@문장구분# \n하루 빨리 인종이 다르다는 이유로 끔찍한 범죄들이 더 이상 나타나지 않았으면 하는 바램이고    '#Stop Asian Hate'라는 동양인 인권 보호 운동이 더 많이 확산되어서 동양인 혐오범죄가 다시는 일어나지 않았으면 좋겠다.#@문장구분#",
      "paragraph_len": 273,
      "paragraph_id": "003"
    },
    {
      "paragraph_txt": "이러한 저항운동들 말고도 스포츠에서도 흑인 인권 보호를 위해 노력한 사례들도 있었다.#@문장구분#\nNBA(National Basketball Association)에서는 흑인 혐오와 차별을 계속되자, 맨 처음에는 리그 자체가 중단될 위기에 처했었다.#@문장구분# 그 이유는 NBA에 흑인 비율이 74%나 달하는데, 그런 차별대우를 받는 사람들이 많아지자 항의 표시로 선수들이 출전을 거부 즉, 보이콧 선언을 하였기 때문이다. #@문장구분#그 이후 경기장 중앙에 \"Black Lives Matter\"이라는 문구를 새겨놓았고, 모든 선수들의 유니폼 뒷면에 이름 대신 \"Equality(평등), Vote(투표), Peace(평화)\"등의 문구를 새기며 목소리를 높였다.#@문장구분#\n이처럼 우리나라뿐만 아니라 많은 나라에서 스포츠 외에 다른 곳에서도 동양인 차별과 혐오를 막기 위해 노력하면 좋을 것 같다. #@문장구분#국가에서 강력하게 조치를 해야 저런 혐오 범죄가 더 이상 안 나타날 것 같기 때문이다.#@문장구분#",
      "paragraph_len": 588,
      "paragraph_id": "004"
    },
    {
      "paragraph_txt": "하루 빨리 동양인 차별, 혐오 범죄가 나타나지 않았으면 좋겠다.#@문장구분#",
      "paragraph_len": 55,
      "paragraph_id": "005"
    }
  ],
  "score": {
    "paragraph_score": [
      {
        "paragraph_scoreT": [
          3,
          3,
          2
        ],
        "paragraph_scoreT_detail": {
          "paragraph_scoreT_exp": [
            [
              3,
              3,
              3
            ],
            [
              3,
              3,
              3
            ],
            [
              2,
              2,
              2
            ]
          ]
        },
        "paragraph_scoreT_avg": 2.6666667,
        "paragraph_id": "001"
      },
      {
        "paragraph_scoreT": [
          3,
          3,
          2
        ],
        "paragraph_scoreT_detail": {
          "paragraph_scoreT_exp": [
            [
              3,
              3,
              3
            ],
            [
              3,
              3,
              3
            ],
            [
              2,
              2,
              2
            ]
          ]
        },
        "paragraph_scoreT_avg": 2.6666667,
        "paragraph_id": "002"
      },
      {
        "paragraph_scoreT": [
          3,
          3,
          2
        ],
        "paragraph_scoreT_detail": {
          "paragraph_scoreT_exp": [
            [
              3,
              3,
              3
            ],
            [
              3,
              3,
              3
            ],
            [
              2,
              2,
              2
            ]
          ]
        },
        "paragraph_scoreT_avg": 2.6666667,
        "paragraph_id": "003"
      },
      {
        "paragraph_scoreT": [
          3,
          3,
          2
        ],
        "paragraph_scoreT_detail": {
          "paragraph_scoreT_exp": [
            [
              3,
              3,
              3
            ],
            [
              3,
              3,
              3
            ],
            [
              2,
              2,
              2
            ]
          ]
        },
        "paragraph_scoreT_avg": 2.6666667,
        "paragraph_id": "004"
      },
      {
        "paragraph_scoreT": [
          3,
          3,
          2
        ],
        "paragraph_scoreT_detail": {
          "paragraph_scoreT_exp": [
            [
              3,
              3,
              3
            ],
            [
              3,
              3,
              3
            ],
            [
              2,
              2,
              2
            ]
          ]
        },
        "paragraph_scoreT_avg": 2.6666667,
        "paragraph_id": "005"
      }
    ],
    "essay_scoreT": [
      26.4,
      30,
      20
    ],
    "essay_scoreT_avg": 25.466667,
    "essay_scoreT_detail": {
      "essay_scoreT_org": [
        [
          3,
          3,
          3,
          3
        ],
        [
          3,
          3,
          3,
          3
        ],
        [
          2,
          2,
          2,
          2
        ]
      ],
      "essay_scoreT_cont": [
        [
          2,
          2,
          3,
          2
        ],
        [
          3,
          3,
          3,
          3
        ],
        [
          2,
          2,
          2,
          2
        ]
      ],
      "essay_scoreT_exp": [
        [
          3,
          3,
          3
        ],
        [
          3,
          3,
          3
        ],
        [
          2,
          2,
          2
        ]
      ]
    }
  },
  "student": {
    "date": "2021.09.03",
    "student_educated": true,
    "student_grade": "고등_2학년",
    "location": "051",
    "student_grade_group": "고등",
    "student_reading": 2
  },
  "rubric": {
    "essay_grade": "고등_2학년",
    "organization_weight": {
      "org_paragraph": 3,
      "org": 3,
      "org_essay": 3,
      "org_coherence": 3,
      "org_quantity": 1
    },
    "essay_type": "주장",
    "content_weight": {
      "con_clearance": 3,
      "con_novelty": 3,
      "con": 4,
      "con_prompt": 1,
      "con_description": 3
    },
    "essay_main_subject": "인종차별에 대한 본인의 생각",
    "expression_weight": {
      "exp_style": 4,
      "exp_grammar": 2,
      "exp_vocab": 4,
      "exp": 3
    }
  },
  "correction": [],
  "info": {
    "essay_id": "ESSAY_35723",
    "essay_prompt": " 최근 중국발 코로나바이러스로 인해 동양인에 대한 혐오감을 나타내는 서양인들이 늘어나고 있습니다. 그로 인해, 매스컴이나 SNS에서 인종차별을 받아 힘들어하는 동양인들을 자주 목격할 수 있습니다.\n\n 하지만, 최근에만 인종차별이 존재했을까요? 아닙니다. 아주 오래전부터 다른 인종에 대한 차별은 있었습니다.\n\n 우리나라에서는 인종차별을 안 하고 있을까요? 아닙니다. 우리나라에서도 알게 모르게 많은 부분에서 다른 국가의 사람들에 대해 인종차별을 하고 있으며 누군가에게 상처를 주고 있습니다.\n\n 즉, 인종차별은 누군가의 문제가 아니라 우리 모두의 문제입니다.\n\n 여러분들은 인종차별을 당해보신 적 있나요? 인종차별을 하는 사람들에 대해 어떻게 생각하시나요? 왜 생겨났다고 생각하나요? 인종차별을 근절하기 위해서는 어떻게 해야 할까요? 인종차별을 하는 사람들에 대해 전 세계적으로 처벌의 강도를 높여야 할까요?\n\n 인종차별을 하는 사람들에 대한 본인의 생각을 작성하고 인종차별은 해결할 수 있는 문제일지 아니면 해결하지 어려운 문제일지 작성해주세요. 또한, 그렇게 생각한 이유와 본인이 생각한 해결방법 혹은 해결할 수 없다면 왜 해결할 수 없다고 생각하는지 작성해주세요.",
    "essay_type": "주장",
    "essay_level": "1",
    "essay_len": 1495,
    "essay_main_subject": "인종차별에 대한 본인의 생각"
  }
}