{
  "paragraph": [
    {
      "paragraph_txt": "현재의 평가 방식이 가장 공정한 평가 방식이라고 생각한다.#@문장구분#\n 그 이유는 중간고사 기말고사 같은 과목별 문제를 풀어 성적을 확보하는 시험은 자신이 지금까지 수업을 얼마나 잘 들었는지, 수업을 듣고 수업에 대한 내용과 배운 것들을 얼마나 복습하고 예습하고 자신이 얼마나 잘 활용을 할 수 있는지 그런 것들을 보는 시험이라고 생각한다.#@문장구분# 말 그대로 중간고사 기말고사는 자신이 얼마나 노력을 하였는지에 대한 시험이다.#@문장구분# 이런 시험을 만약 누구에 기준에 맞춰서 시험을 치게 된다면 그 기준에 맞는 사람은 노력을 하지 않아도 쉽게 성적을 확보할 수 있게 된다.#@문장구분# 하지만 그 반대로 그 기준에 맞지 않는 사람은 아무리 노력을 해도 성적이 좋게 나오지 않을 수도 있다.#@문장구분#\n 그리고 미술과 체육 또한 그 미술에 기본기와 창의성을 평가하는 과목은 기본기는 기존에 수업에서 미술 선생님이 가르쳐주시는 기본기로 평가를 진행하게 될 것이다.#@문장구분# 아무리 타고난 창의성이 있다고 한들 기존 수업에서 배우는 기본기를 제대로 익히지 않는다면 아무리 좋은 아이디어를 낸다고 해도 아이디어만 나오고 그것을 실현하지 못할 것이다.#@문장구분# 그렇기에 미술 시험도 이미 좋은 평가라고 할 수 있다.#@문장구분#\n 그리고 체육도 똑같이 신체적인 능력을 타고난 사람도 있다.#@문장구분# 하지만 SNS같이 사람들의 일상을 공유하고 자신의 일상을 공유하는 어플리케이션에서 몇몇 사람들중 자신이 정말 뚱뚱하다고 생각하는 사람들도 운동과 노력과 끈기로 정말 마른 몸매를 가지게 된 사람들이 많다.#@문장구분# 이렇게 신체적인 능력 또한 우리가 얼마나 노력하고 운동을 하는가에 대해 신체적인 능력을 강화할 수 있기도 하고 감량할 수도 있는 것이다.#@문장구분#\n 이러한 노력과 끈기 집중력을 중심으로 평가를 진행하게 되는데 이러한 평가들이 올바르지 않고 누군가에게 맞춰서 혹은 어떠한 기준을 세워서 평가를 진행해야한다는 그런 소리는 내가 볼 때 맞지 않는 논리이다.#@문장구분# 자신이 평가에서 좋은 결과를 얻고 싶다면 자신이 얼마나 노력하고 있는지 자신이 얼마나 끈기를 가지고 그것을 실행했는지를 확인하고 뒤돌아봐야 한다고 생각한다.#@문장구분# 모두가 자신의 행동을 다시 뒤돌아보고 안좋은 습관이나 행동은 고쳐나가면서 좋은 결과를 얻는 것이 올바르다고 생각한다.#@문장구분#",
      "paragraph_len": 1355,
      "paragraph_id": "001"
    }
  ],
  "score": {
    "paragraph_score": [
      {
        "paragraph_scoreT": [
          2.8,
          3,
          3
        ],
        "paragraph_scoreT_detail": {
          "paragraph_scoreT_exp": [
            [
              2,
              3,
              3
            ],
            [
              3,
              3,
              3
            ],
            [
              3,
              3,
              3
            ]
          ]
        },
        "paragraph_scoreT_avg": 2.9333334,
        "paragraph_id": "001"
      }
    ],
    "essay_scoreT": [
      26.400002,
      26.099998,
      30
    ],
    "essay_scoreT_avg": 27.5,
    "essay_scoreT_detail": {
      "essay_scoreT_org": [
        [
          2,
          0,
          3,
          3
        ],
        [
          2,
          0,
          2,
          3
        ],
        [
          3,
          0,
          3,
          3
        ]
      ],
      "essay_scoreT_cont": [
        [
          3,
          2,
          3,
          3
        ],
        [
          3,
          2,
          3,
          3
        ],
        [
          3,
          3,
          3,
          3
        ]
      ],
      "essay_scoreT_exp": [
        [
          2,
          3,
          3
        ],
        [
          3,
          3,
          3
        ],
        [
          3,
          3,
          3
        ]
      ]
    }
  },
  "student": {
    "date": "2021.12.20",
    "student_educated": true,
    "student_grade": "고등_1학년",
    "location": "054",
    "student_grade_group": "고등",
    "student_reading": 2
  },
  "rubric": {
    "essay_grade": "고등_1학년",
    "organization_weight": {
      "org_paragraph": 0,
      "org": 3,
      "org_essay": 6,
      "org_coherence": 3,
      "org_quantity": 1
    },
    "essay_type": "주장",
    "content_weight": {
      "con_clearance": 3,
      "con_novelty": 3,
      "con": 4,
      "con_prompt": 1,
      "con_description": 3
    },
    "essay_main_subject": "평가에 대한 본인의 의견",
    "expression_weight": {
      "exp_style": 4,
      "exp_grammar": 2,
      "exp_vocab": 4,
      "exp": 3
    }
  },
  "correction": [],
  "info": {
    "essay_id": "ESSAY_76692",
    "essay_prompt": " 평가는 일반적으로 평가대상의 장점과 가치를 결정하는 과정을 말합니다.\n\n 세상에는 무수히 많은 평가 방법들이 존재하고 그 주제도 다양합니다.\n\n 우리나라의 경우는 어떨까요? 중간, 기말시험이 있고 미술과 같은 기본기와 창의성을 평가하는 과목도 있습니다. 체육과 같은 신체적인 능력을 평가하는 과목도 있지요. 모두 적절한 기준이 있으며 매우 객관적인 기준이라고 말합니다.\n\n 하지만 여러분이 생각하기에 모든 학생을 동일한 평가지표에 맞추어 평가하는 것이 올바른 방식이라고 생각하나요?\n\n 사람마다 특성이 존재하듯 각각의 목표 또한 다르고 성과도 다를 수 있습니다. 특정 기준에 의존해 본인의 성과도를 평가하는 것이 바르다고 생각되나요?\n\n 현재의 평가 방식은 최고의 객관적인 평가 방식이라고 생각하신다면 그 이유를 작성해주세요. 아니라면 어떤 평가 기준이 추가되어야 하고 또한 어떤 생각으로 평가가 이루어졌으면 좋겠는지 서술해 주세요.",
    "essay_type": "주장",
    "essay_level": "2",
    "essay_len": 1076,
    "essay_main_subject": "평가에 대한 본인의 의견"
  }
}