{
  "paragraph": [
    {
      "paragraph_txt": "평가는 양적 평가와 질적 평가, 형식 평가와  비형식 평가, 간접 평가와  직접 평가, 과정 평가와  결과 평가, 지필 평가와  수행 평가로 나누어진다.#@문장구분# 한국에서 시행되고 있는 대학수학능력시험은 '양적 평가와 질적 평가' 전반, 2에서 '형식 평가', 3.에서 '직접 평가와 간접 평가'전반 , 4.에서 '결과 평가', 5.에서 '지필 평가'를 위주로 구성한다.#@문장구분# 사전적 정의를 보자면 사물의 가치나 수준 따위를 평하는 행위이다.#@문장구분# 이가 낮은 경우 저평가라는 단어를 사용하고 높은 경우 고평가를 매긴다고 이야기한다.#@문장구분# 역사 목록의 경우, 가치에 비해 실제와 달리 저평가나 고평가되었다고 역사 고증을 비평하는 곳에 쓰이기도 한다.#@문장구분# 저평가란 말이 다소 부정적이게 들리긴 하나, 그 자체로 감정적인 표현은 아니며 유사어로서 과소평가, 과대평가. 등이 있다.#@문장구분# 또한 호평은 좋은 평을 뜻하며 악평은 나쁜 평을 말한다.#@문장구분# 혹평은 사전적 의미 그대로 가혹할 정도로 아주 나쁜 평가를 의미한며 아주 좋은 평은 대호평이라는 단어를 사용하고 또는 극찬했다는 식으로 표현된다.#@문장구분# 따라서 호평의 정확한 반대 의미 단어는 악평이된다.#@문장구분# 그러나 언론이나 대중들의 경우 호평의 반의어로 혹평을 사용하는 경향이 있다.#@문장구분# 현재의 평가는 매우 객관적인 방식으로 진행하기 위해 노력하고 있다.#@문장구분# 인류의 역사에서 평가는 늘 함께해왔다.#@문장구분# 어떤 것에 대해 호평하거나 악평하는 것은 그것의 가치를 매길때에 쓰여왔으며 현재에는 시험이나 결과물을 바라보는 용도에 쓰이기도 한다.#@문장구분# 이런 방식으로 평가는 진화를 해왔으며 가끔 부조리가 일어날 때에는 그 평가에 대하여 아주 날카롭게 파고들어 지적하는 경우도 많이 있다.#@문장구분# 그래서 현재의 평가는 완전하진 않아도 분명히 객관적이게 바라보려고 최대한 노력한 산물이라고 볼 수 있다.#@문장구분#",
      "paragraph_len": 1173,
      "paragraph_id": "001"
    }
  ],
  "score": {
    "paragraph_score": [
      {
        "paragraph_scoreT": [
          3,
          2.6,
          2.4
        ],
        "paragraph_scoreT_detail": {
          "paragraph_scoreT_exp": [
            [
              3,
              3,
              3
            ],
            [
              3,
              3,
              2
            ],
            [
              2,
              2,
              3
            ]
          ]
        },
        "paragraph_scoreT_avg": 2.6666667,
        "paragraph_id": "001"
      }
    ],
    "essay_scoreT": [
      27.6,
      22.099998,
      24.3
    ],
    "essay_scoreT_avg": 24.666666,
    "essay_scoreT_detail": {
      "essay_scoreT_org": [
        [
          3,
          0,
          3,
          3
        ],
        [
          2,
          0,
          2,
          3
        ],
        [
          2,
          0,
          2,
          3
        ]
      ],
      "essay_scoreT_cont": [
        [
          3,
          2,
          3,
          2
        ],
        [
          2,
          2,
          2,
          2
        ],
        [
          3,
          2,
          3,
          3
        ]
      ],
      "essay_scoreT_exp": [
        [
          3,
          3,
          3
        ],
        [
          3,
          3,
          2
        ],
        [
          2,
          2,
          3
        ]
      ]
    }
  },
  "student": {
    "date": "2021.12.14",
    "student_educated": true,
    "student_grade": "고등_1학년",
    "location": "054",
    "student_grade_group": "고등",
    "student_reading": 1
  },
  "rubric": {
    "essay_grade": "고등_1학년",
    "organization_weight": {
      "org_paragraph": 0,
      "org": 3,
      "org_essay": 6,
      "org_coherence": 3,
      "org_quantity": 1
    },
    "essay_type": "주장",
    "content_weight": {
      "con_clearance": 3,
      "con_novelty": 3,
      "con": 4,
      "con_prompt": 1,
      "con_description": 3
    },
    "essay_main_subject": "평가에 대한 본인의 의견",
    "expression_weight": {
      "exp_style": 4,
      "exp_grammar": 2,
      "exp_vocab": 4,
      "exp": 3
    }
  },
  "correction": [],
  "info": {
    "essay_id": "ESSAY_78612",
    "essay_prompt": " 평가는 일반적으로 평가대상의 장점과 가치를 결정하는 과정을 말합니다.\n\n 세상에는 무수히 많은 평가 방법들이 존재하고 그 주제도 다양합니다.\n\n 우리나라의 경우는 어떨까요? 중간, 기말시험이 있고 미술과 같은 기본기와 창의성을 평가하는 과목도 있습니다. 체육과 같은 신체적인 능력을 평가하는 과목도 있지요. 모두 적절한 기준이 있으며 매우 객관적인 기준이라고 말합니다.\n\n 하지만 여러분이 생각하기에 모든 학생을 동일한 평가지표에 맞추어 평가하는 것이 올바른 방식이라고 생각하나요?\n\n 사람마다 특성이 존재하듯 각각의 목표 또한 다르고 성과도 다를 수 있습니다. 특정 기준에 의존해 본인의 성과도를 평가하는 것이 바르다고 생각되나요?\n\n 현재의 평가 방식은 최고의 객관적인 평가 방식이라고 생각하신다면 그 이유를 작성해주세요. 아니라면 어떤 평가 기준이 추가되어야 하고 또한 어떤 생각으로 평가가 이루어졌으면 좋겠는지 서술해 주세요.",
    "essay_type": "주장",
    "essay_level": "2",
    "essay_len": 874,
    "essay_main_subject": "평가에 대한 본인의 의견"
  }
}