{
  "paragraph": [
    {
      "paragraph_txt": "평가에 대한 개념은 문헌마다 조금씩 다르나, 양적 및 질적인 특성을 파악한 후 가치판단을 통하여 미래 방향을 설정해 주는 특징으로 설명된다.#@문장구분# 평가의목적은 '왜' 평가를 하려 하는지의 근본적인 문제와 관련되며 평가를 발생시키는 기본요인이다.#@문장구분# 교육평가의 일차적인 목적은 오늘의 교육을 개선하고 더욱 훌륭한 내일의 교육을 건설하기 위한 반성자료를 얻기 위한 것으로, 행동증거를 수집하여 얻은 결과에 의해 현재상황을 진단하고, 다음 단계의 목표를 설정하기 위한 자료를 제공하는 데 있다.#@문장구분# 예를들어 수학능력시험에대해 수능이 교육과정의 정의를 실천하고는 있으나 온전히 실천하고 있지는 않다라고 생각한다.#@문장구분#  왜냐하면 현재 우리의 수능은 1년에 한번씩 치르고있는데 이는 그 한번에 현재까지 학생들이 해온 공부에 대한 평가가 내려지는 것이다.#@문장구분#  한번의 시험에 1년동안의 노력이 평가되는데 만약 불미스러운 요소들에 의해 원래 실력과 현저히 점수가 낮게 평가된다면 1년 재수할수 밖에없는 가혹한 일이 벌어지는 것이다.#@문장구분#  또 수능 체계가 불러일으킨 사교육은 나날이 심각해져 가고 있다.#@문장구분#  집-학교-학원-집과 같은 챗바퀴같은 감옥속에 학생들을 가두고 숨통을 죄이고 있다.#@문장구분# 평가는 일반적으로 평가 대상의 감정과 가치를 결정하는 과정이라고 하는데 수능은 어느정도를 실천하고는 있으나 엄격하고 가혹한 체계, 과도한 사교육을 불러일으키는 같은 문제 때문에 수능이 온전히 교육과정의 정의를 실현하고 있지는 않다고생각한다.#@문장구분#평가의 또 다른 기능은 심리적 또는 사회·정치적 기능이다.#@문장구분# 평가가 특수한 활동에 대한 인식을 높이기 위해서 이용되거나, 피평가자의 바람직한 행동을 동기화하기 위해서 이용되거나 대중관계를 증진하기 위해서 이용될 때 평가는 심리적 또는 사회·정치적 기능을 발휘하게 된다.#@문장구분# 또한 평가는 권위행사의 기능을 가지고 있다.#@문장구분# 예컨대, 상급자가 하급자를 평가할 때 이러한 권위적 기능이 발휘된다.#@문장구분#",
      "paragraph_len": 1194,
      "paragraph_id": "001"
    }
  ],
  "score": {
    "paragraph_score": [
      {
        "paragraph_scoreT": [
          2.8,
          2,
          2.4
        ],
        "paragraph_scoreT_detail": {
          "paragraph_scoreT_exp": [
            [
              2,
              3,
              3
            ],
            [
              2,
              2,
              2
            ],
            [
              2,
              3,
              2
            ]
          ]
        },
        "paragraph_scoreT_avg": 2.4,
        "paragraph_id": "001"
      }
    ],
    "essay_scoreT": [
      26.9,
      24,
      24.2
    ],
    "essay_scoreT_avg": 25.033335,
    "essay_scoreT_detail": {
      "essay_scoreT_org": [
        [
          3,
          0,
          2,
          3
        ],
        [
          2,
          0,
          3,
          3
        ],
        [
          3,
          0,
          3,
          3
        ]
      ],
      "essay_scoreT_cont": [
        [
          2,
          3,
          2,
          3
        ],
        [
          2,
          3,
          3,
          3
        ],
        [
          2,
          2,
          2,
          2
        ]
      ],
      "essay_scoreT_exp": [
        [
          2,
          3,
          3
        ],
        [
          2,
          2,
          2
        ],
        [
          2,
          3,
          2
        ]
      ]
    }
  },
  "student": {
    "date": "2021.12.21",
    "student_educated": true,
    "student_grade": "고등_1학년",
    "location": "063",
    "student_grade_group": "고등",
    "student_reading": 2
  },
  "rubric": {
    "essay_grade": "고등_1학년",
    "organization_weight": {
      "org_paragraph": 0,
      "org": 3,
      "org_essay": 6,
      "org_coherence": 3,
      "org_quantity": 1
    },
    "essay_type": "주장",
    "content_weight": {
      "con_clearance": 3,
      "con_novelty": 3,
      "con": 4,
      "con_prompt": 1,
      "con_description": 3
    },
    "essay_main_subject": "평가에 대한 본인의 의견",
    "expression_weight": {
      "exp_style": 4,
      "exp_grammar": 2,
      "exp_vocab": 4,
      "exp": 3
    }
  },
  "correction": [],
  "info": {
    "essay_id": "ESSAY_76452",
    "essay_prompt": " 평가는 일반적으로 평가대상의 장점과 가치를 결정하는 과정을 말합니다.\n\n 세상에는 무수히 많은 평가 방법들이 존재하고 그 주제도 다양합니다.\n\n 우리나라의 경우는 어떨까요? 중간, 기말시험이 있고 미술과 같은 기본기와 창의성을 평가하는 과목도 있습니다. 체육과 같은 신체적인 능력을 평가하는 과목도 있지요. 모두 적절한 기준이 있으며 매우 객관적인 기준이라고 말합니다.\n\n 하지만 여러분이 생각하기에 모든 학생을 동일한 평가지표에 맞추어 평가하는 것이 올바른 방식이라고 생각하나요?\n\n 사람마다 특성이 존재하듯 각각의 목표 또한 다르고 성과도 다를 수 있습니다. 특정 기준에 의존해 본인의 성과도를 평가하는 것이 바르다고 생각되나요?\n\n 현재의 평가 방식은 최고의 객관적인 평가 방식이라고 생각하신다면 그 이유를 작성해주세요. 아니라면 어떤 평가 기준이 추가되어야 하고 또한 어떤 생각으로 평가가 이루어졌으면 좋겠는지 서술해 주세요.",
    "essay_type": "주장",
    "essay_level": "2",
    "essay_len": 935,
    "essay_main_subject": "평가에 대한 본인의 의견"
  }
}