{
  "paragraph": [
    {
      "paragraph_txt": "우선 수학능력 시험은 교육평가로, 그동안의 모든 교육의 성과를 종합적인 시험 몇 번으로 평가하게 된다.#@문장구분# 그래서 일정한 교육을 받게 해주고 교육과정을 통해 향상시킨 능력의 정도를 가늠하는 것을 목표로 하며 그 능력에 따라 등급을 매기고 성적이 정해지게 된다.#@문장구분# 나는 현재 수학능력평가의 체제에 문제가 있다고 생각한다.#@문장구분# 현재 수학능력평가는 국어와 수학영역은 다른사람과의 비교를 통해 비율로 등급이 정해지는 상대평가를 사용하고있으며 영어와 한국사, 탐구영역은 오로지 자신의 점수로만 일정점수에 도달하면 그 점수에 해당하는 등급을 매기게 되는 절대평가제를 사용하고 있다.#@문장구분# 하지만 목표달성도 확인를 정활히 하려면 국어와 수학 영역에도 절대평가제를 적용해야한다고 생각한다.#@문장구분# 그 이유는 다음과 같다,#@문장구분#  우선 상대평가제를 사용한다면 한 사람의 능력을 정확하게 파악하지 못가게 될 가능성이 있다.#@문장구분# 한가지 예시를 들어보자.#@문장구분# 어느 한사람이 매우 공부를 잘하고 다양한 분야에서 재능을 보인다고 하자.#@문장구분# 하지만 같이 수학능력시험을 보는 사람들이 전부 그보다 뛰어난 능력을 가진다면 그 능력은 묻히는 것이다.#@문장구분# 물론 이런 일은 쉽게 일어나지 않겠지만 이런 일을 방지하기 위해서라도 절대평가제를 선택하는게 맞는 것이다.#@문장구분# 하지만 절대평가제를 선택하려면 한 가지 해결해야하는게 있다.#@문장구분# 그것은 소위 '불수능', '물수능'이라고 불리는 현상들이다.#@문장구분# 이 현상들은 수학능력시험의 난이도가 과도하게 어렵거나 과도하게 쉬운 경우를 지칭하는 것이다.#@문장구분# 상대평가에서는 그리 큰 일이 아니겠지만 절대평가에서는 일어나서는 안되는 일이다.#@문장구분# 이를 방지하기 위해서 매년 수학능력평가의 난이도를 일정하게 유지시킨다면 정확하게 현재 교육과정이 원하는 정도의 학습 능력을 지닌 사람들을 골라낼 수 있을 것이다.#@문장구분# 너무 과하게 공부를 못해도 안되겠지만 너무 많이 공부를 잘해도 크게 달라지는 것은 없다.#@문장구분# 수능에 완전한 절대평가제를 실시하고 국가가 원하는 정도의 인제를 선발하면 되는 것이다.#@문장구분# 이전의 수능 만점처럼 명예를 얻고 싶은 사람들을 위한 국가 자격증 시험등을 만들고 수능의 난이도는 딱 적항한 수 준으로 매년 유지시키는게 좋다고 생각한다.#@문장구분#",
      "paragraph_len": 1430,
      "paragraph_id": "001"
    }
  ],
  "score": {
    "paragraph_score": [
      {
        "paragraph_scoreT": [
          2.8,
          2,
          2
        ],
        "paragraph_scoreT_detail": {
          "paragraph_scoreT_exp": [
            [
              2,
              3,
              3
            ],
            [
              2,
              2,
              2
            ],
            [
              2,
              2,
              2
            ]
          ]
        },
        "paragraph_scoreT_avg": 2.2666667,
        "paragraph_id": "001"
      }
    ],
    "essay_scoreT": [
      29.4,
      21.2,
      20.3
    ],
    "essay_scoreT_avg": 23.633331,
    "essay_scoreT_detail": {
      "essay_scoreT_org": [
        [
          3,
          0,
          3,
          3
        ],
        [
          2,
          0,
          2,
          2
        ],
        [
          2,
          0,
          2,
          3
        ]
      ],
      "essay_scoreT_cont": [
        [
          3,
          3,
          3,
          3
        ],
        [
          2,
          2,
          2,
          3
        ],
        [
          2,
          2,
          2,
          2
        ]
      ],
      "essay_scoreT_exp": [
        [
          2,
          3,
          3
        ],
        [
          2,
          2,
          2
        ],
        [
          2,
          2,
          2
        ]
      ]
    }
  },
  "student": {
    "date": "2021.12.24",
    "student_educated": true,
    "student_grade": "고등_1학년",
    "location": "063",
    "student_grade_group": "고등",
    "student_reading": 1
  },
  "rubric": {
    "essay_grade": "고등_1학년",
    "organization_weight": {
      "org_paragraph": 0,
      "org": 3,
      "org_essay": 6,
      "org_coherence": 3,
      "org_quantity": 1
    },
    "essay_type": "주장",
    "content_weight": {
      "con_clearance": 3,
      "con_novelty": 3,
      "con": 4,
      "con_prompt": 1,
      "con_description": 3
    },
    "essay_main_subject": "평가에 대한 본인의 의견",
    "expression_weight": {
      "exp_style": 4,
      "exp_grammar": 2,
      "exp_vocab": 4,
      "exp": 3
    }
  },
  "correction": [],
  "info": {
    "essay_id": "ESSAY_79064",
    "essay_prompt": " 평가는 일반적으로 평가대상의 장점과 가치를 결정하는 과정을 말합니다.\n\n 세상에는 무수히 많은 평가 방법들이 존재하고 그 주제도 다양합니다.\n\n 우리나라의 경우는 어떨까요? 중간, 기말시험이 있고 미술과 같은 기본기와 창의성을 평가하는 과목도 있습니다. 체육과 같은 신체적인 능력을 평가하는 과목도 있지요. 모두 적절한 기준이 있으며 매우 객관적인 기준이라고 말합니다.\n\n 하지만 여러분이 생각하기에 모든 학생을 동일한 평가지표에 맞추어 평가하는 것이 올바른 방식이라고 생각하나요?\n\n 사람마다 특성이 존재하듯 각각의 목표 또한 다르고 성과도 다를 수 있습니다. 특정 기준에 의존해 본인의 성과도를 평가하는 것이 바르다고 생각되나요?\n\n 현재의 평가 방식은 최고의 객관적인 평가 방식이라고 생각하신다면 그 이유를 작성해주세요. 아니라면 어떤 평가 기준이 추가되어야 하고 또한 어떤 생각으로 평가가 이루어졌으면 좋겠는지 서술해 주세요.",
    "essay_type": "주장",
    "essay_level": "2",
    "essay_len": 1051,
    "essay_main_subject": "평가에 대한 본인의 의견"
  }
}