{
  "paragraph": [
    {
      "paragraph_txt": "현대의 수학능력시험은 학생들이 공부하는 이유가 되기도 한다.#@문장구분# 그러나 자신이 원하는 직업을 선택하여 관련 과목을 공부하고 싶은 학생의 입장에서 수학능력시험이 과련 효율적인가?#@문장구분# 나는 결코 그렇지 않다고 생각한다.#@문장구분# 사람은 저마다 자신이 하고 싶은 일이 있고 하루빨리 관련 과목을 공부하여 전문지식을 넓히고 싶은 학생들도 있을 것이다.#@문장구분# 그러나 더욱 깊은 전공지식을 배우기 위해 대학교에 들어가려고 한다면, 내가 이루고 싶은 꿈과는 전혀 관계가 없는 과목들을 잠도 줄여가며 10년 넘게 공부에 매진해야 한다.#@문장구분# 수학능력시험을 공부하여 받은 결과물로 10년농사가 결정된다.#@문장구분# 그러나 이 성적표는 모든 대학에서 현 입시에 가장 중요한 자료 중 하나이고, 그 성적을 위해 오늘도 학생들은 아무 생각 없이 공부만 한다.#@문장구분# 이렇게 아무 생각 없이 공부만 하여 좋은 성적을 받았다고 하더라도 내가 잘 할 수 있는 분야가 가고 싶은 대학을 정하지 못한채 그저 커트라인이 높은 대학의 아무 과에 지원한는 학생들이 많다.#@문장구분#  대학이 과연 나의 행복에 도움을 줄지는 미지수이다.#@문장구분# 성취감이나 안심은 들 수 있어도, 자신의 꿈이 아니기 때문에 대학과는 전혀 상관이 없는 직장을 가질 수도 있다.#@문장구분# 학생들이 자신의 진로를 생각하고 있다는 사실을 어른들이 잊지 않았으면 좋겠다.#@문장구분#자신에게 어떤 분야가 적성에 맞는지, 특기인 분야는 무엇인지를 제대로 알고 그 분야를 정진해야 하는데, 현재 수학능력시험의 과목들은 미래에 사회에 나가 도움되는 학문은 없어보인다.#@문장구분# 물론 공부를 잘하는 학생이 좋은 대학교에 가고 좋은 회사에 취업을 하는 것은 당연하다.#@문장구분# 그러나 우리나라처럼 학교가 끝나고 밥먹는 시간도 쪼개가면서 까지 공부를 하는 나라는 손에 꼽는거 같다.#@문장구분#",
      "paragraph_len": 1122,
      "paragraph_id": "001"
    }
  ],
  "score": {
    "paragraph_score": [
      {
        "paragraph_scoreT": [
          2,
          2.4,
          2.8
        ],
        "paragraph_scoreT_detail": {
          "paragraph_scoreT_exp": [
            [
              2,
              2,
              2
            ],
            [
              2,
              3,
              2
            ],
            [
              2,
              3,
              3
            ]
          ]
        },
        "paragraph_scoreT_avg": 2.3999999,
        "paragraph_id": "001"
      }
    ],
    "essay_scoreT": [
      20.699999,
      26.100002,
      25.4
    ],
    "essay_scoreT_avg": 24.066668,
    "essay_scoreT_detail": {
      "essay_scoreT_org": [
        [
          2,
          0,
          2,
          3
        ],
        [
          3,
          0,
          2,
          3
        ],
        [
          3,
          0,
          3,
          3
        ]
      ],
      "essay_scoreT_cont": [
        [
          2,
          2,
          3,
          2
        ],
        [
          3,
          2,
          3,
          3
        ],
        [
          2,
          2,
          2,
          2
        ]
      ],
      "essay_scoreT_exp": [
        [
          2,
          2,
          2
        ],
        [
          2,
          3,
          2
        ],
        [
          2,
          3,
          3
        ]
      ]
    }
  },
  "student": {
    "date": "2021.12.29",
    "student_educated": true,
    "student_grade": "고등_1학년",
    "location": "063",
    "student_grade_group": "고등",
    "student_reading": 2
  },
  "rubric": {
    "essay_grade": "고등_1학년",
    "organization_weight": {
      "org_paragraph": 0,
      "org": 3,
      "org_essay": 6,
      "org_coherence": 3,
      "org_quantity": 1
    },
    "essay_type": "주장",
    "content_weight": {
      "con_clearance": 3,
      "con_novelty": 3,
      "con": 4,
      "con_prompt": 1,
      "con_description": 3
    },
    "essay_main_subject": "평가에 대한 본인의 의견",
    "expression_weight": {
      "exp_style": 4,
      "exp_grammar": 2,
      "exp_vocab": 4,
      "exp": 3
    }
  },
  "correction": [],
  "info": {
    "essay_id": "ESSAY_83943",
    "essay_prompt": " 평가는 일반적으로 평가대상의 장점과 가치를 결정하는 과정을 말합니다.\n\n 세상에는 무수히 많은 평가 방법들이 존재하고 그 주제도 다양합니다.\n\n 우리나라의 경우는 어떨까요? 중간, 기말시험이 있고 미술과 같은 기본기와 창의성을 평가하는 과목도 있습니다. 체육과 같은 신체적인 능력을 평가하는 과목도 있지요. 모두 적절한 기준이 있으며 매우 객관적인 기준이라고 말합니다.\n\n 하지만 여러분이 생각하기에 모든 학생을 동일한 평가지표에 맞추어 평가하는 것이 올바른 방식이라고 생각하나요?\n\n 사람마다 특성이 존재하듯 각각의 목표 또한 다르고 성과도 다를 수 있습니다. 특정 기준에 의존해 본인의 성과도를 평가하는 것이 바르다고 생각되나요?\n\n 현재의 평가 방식은 최고의 객관적인 평가 방식이라고 생각하신다면 그 이유를 작성해주세요. 아니라면 어떤 평가 기준이 추가되어야 하고 또한 어떤 생각으로 평가가 이루어졌으면 좋겠는지 서술해 주세요.",
    "essay_type": "주장",
    "essay_level": "2",
    "essay_len": 842,
    "essay_main_subject": "평가에 대한 본인의 의견"
  }
}