{
  "paragraph": [
    {
      "paragraph_txt": "저는 현재 진행되고 있는 평가 방식이 가장 객관적인 방식이라고 생각합니다.#@문장구분# 왜냐하면 평가라는 것은 위에서 말하였듯이 평가대상의 장점과 가치를 결정하는 과정을 말한다고 하였습니다.#@문장구분# 즉 장점과 가치를 결정하기 위해서는 그 평가대상의 좋은 점과 나쁜 점을 알아야 합니다.#@문장구분# 그 좋은 점이라는 것은 결국 무언가와 비교를 하였을 때 그것의 장점과 가치를 결정할 수 있다고 저는 생각합니다.#@문장구분# 따라서 현재 진행되고 있는 비교방식의 평가제도는 당연시 될 수 밖에 없다고 생각합니다.#@문장구분# 또 사람마다 특성이 존재하듯 각각의 목표 또한 다르고 성과 또한 다르므로 현재 방식의 비교를 해서는 안 된다고 하는 주장이 있을 수 있는데 모두가 다르므로 각각의 평가기준에서 각기 다른 빛을 발휘할 수 있으므로 더욱 객관적인 평가제도가 될 수 있다고 생각합니다.#@문장구분# 물론 현재 진행되는 방식에 단점이 없는 것은 아닙니다.#@문장구분#현재 진행되는 시험 방식의 객관식이 다수를 이루고 있으므로 운으로 인해 한 사람의 운명이 뒤 바뀔 수 있다는 단점이 존재합니다.#@문장구분# 따라서 저는 현재 진행되는 방식을 조금 더 공정한 방식으로 평가할 수 있도록 주관식을 추가하여 더 나은 평가를 할 수 있도록 제도가 바뀌었으면 좋겠다고 생각합니다.#@문장구분# 이러한 이유들로 현재 시행되는 목표 달성 중심의 평가 과정에서는 본래의 취지인 대학 교육의 수학 능력을 제대로 평가하지 못할뿐더러 교육 평가의 정의 중 가치의 판단 또한 제대로 실현될 수 없다.#@문장구분# 따라서 많은 교육 분야 전문가들의 다양한 의견이나 개편안 등을 참고하여 현재 교육 과정의 문제점을 파악하고 대학수학능력시험의 본질적인 목표를 달성할 수 있도록 노력을 기울여야 할 것이다.#@문장구분#",
      "paragraph_len": 1035,
      "paragraph_id": "001"
    }
  ],
  "score": {
    "paragraph_score": [
      {
        "paragraph_scoreT": [
          2.8,
          3,
          2.8
        ],
        "paragraph_scoreT_detail": {
          "paragraph_scoreT_exp": [
            [
              2,
              3,
              3
            ],
            [
              3,
              3,
              3
            ],
            [
              2,
              3,
              3
            ]
          ]
        },
        "paragraph_scoreT_avg": 2.8666668,
        "paragraph_id": "001"
      }
    ],
    "essay_scoreT": [
      27.900002,
      28.8,
      26.699999
    ],
    "essay_scoreT_avg": 27.800001,
    "essay_scoreT_detail": {
      "essay_scoreT_org": [
        [
          3,
          0,
          3,
          2
        ],
        [
          3,
          0,
          3,
          3
        ],
        [
          2,
          0,
          2,
          3
        ]
      ],
      "essay_scoreT_cont": [
        [
          3,
          2,
          3,
          3
        ],
        [
          3,
          2,
          3,
          3
        ],
        [
          3,
          3,
          3,
          3
        ]
      ],
      "essay_scoreT_exp": [
        [
          2,
          3,
          3
        ],
        [
          3,
          3,
          3
        ],
        [
          2,
          3,
          3
        ]
      ]
    }
  },
  "student": {
    "date": "2021.12.23",
    "student_educated": true,
    "student_grade": "고등_1학년",
    "location": "054",
    "student_grade_group": "고등",
    "student_reading": 1
  },
  "rubric": {
    "essay_grade": "고등_1학년",
    "organization_weight": {
      "org_paragraph": 0,
      "org": 3,
      "org_essay": 6,
      "org_coherence": 3,
      "org_quantity": 1
    },
    "essay_type": "주장",
    "content_weight": {
      "con_clearance": 3,
      "con_novelty": 3,
      "con": 4,
      "con_prompt": 1,
      "con_description": 3
    },
    "essay_main_subject": "평가에 대한 본인의 의견",
    "expression_weight": {
      "exp_style": 4,
      "exp_grammar": 2,
      "exp_vocab": 4,
      "exp": 3
    }
  },
  "correction": [],
  "info": {
    "essay_id": "ESSAY_76655",
    "essay_prompt": " 평가는 일반적으로 평가대상의 장점과 가치를 결정하는 과정을 말합니다.\n\n 세상에는 무수히 많은 평가 방법들이 존재하고 그 주제도 다양합니다.\n\n 우리나라의 경우는 어떨까요? 중간, 기말시험이 있고 미술과 같은 기본기와 창의성을 평가하는 과목도 있습니다. 체육과 같은 신체적인 능력을 평가하는 과목도 있지요. 모두 적절한 기준이 있으며 매우 객관적인 기준이라고 말합니다.\n\n 하지만 여러분이 생각하기에 모든 학생을 동일한 평가지표에 맞추어 평가하는 것이 올바른 방식이라고 생각하나요?\n\n 사람마다 특성이 존재하듯 각각의 목표 또한 다르고 성과도 다를 수 있습니다. 특정 기준에 의존해 본인의 성과도를 평가하는 것이 바르다고 생각되나요?\n\n 현재의 평가 방식은 최고의 객관적인 평가 방식이라고 생각하신다면 그 이유를 작성해주세요. 아니라면 어떤 평가 기준이 추가되어야 하고 또한 어떤 생각으로 평가가 이루어졌으면 좋겠는지 서술해 주세요.",
    "essay_type": "주장",
    "essay_level": "2",
    "essay_len": 817,
    "essay_main_subject": "평가에 대한 본인의 의견"
  }
}