{
  "paragraph": [
    {
      "paragraph_txt": "학생들에게 학업평가라는 것은 교육활동의 한 구성요소로서 학생이 학교교육을 통해 학습한 성과를 확인하고 학생의 교육적 성장과 발전을 돕기 위한 목적과 향후 교수법 배움의 과정의 계획을 수립하기 위한 목적이므로 평가는 필요한 것입니다.#@문장구분# 그방법 어떠한 가에 따라 의견이 나눠질수있겠는데요#@문장구분# 각 교과별 학생평가는 모든 학생들이 교육목표치에 성공적으로 달성할 수 있도록 돕기위한 교육의 과정으로 실시하며 평소 학교에서 가르친 내용과 기능에 대하여 학생 개개인의 교과별 성취기준 성취수준에 따른 성치도와 학습 수행과정을 평가하게 됩니다.#@문장구분# 각 교과별 지필평가 및 수행평가의 영역 방법 횟수 기준 반영비율등과  성적처리 방법 및 결과 활용등으로 학생이 자신의 학습을 지속적으로 성찰하고 개선할 수 있도록 하는 역할을 하기도 합니다.#@문장구분#평가 결과를 활용하여 수업의 질을 지속적으로 개선하고 취약한 부분의 개선에 평가결과를 사용할 수 있습니다.#@문장구분# 여기서 배움의 결과뿐아니라 배움의 과정을 평가하여 교육목적과 목표에 이를수 있도록 하는 것이 평가의 주요 역할이 되어야지 우열의 순위를 위한 평가가 되어서는 안될 것입니다.#@문장구분# 지필평가와 수행평가에 있어서도 한분야에 치우친 평가가 아닌 학생의 인지적 능력과 정의적 능력에 대한 평가가 균형있게 이루어져야 한다고 생각합니다.#@문장구분# 정의적 기능적 창의적인 면이 특히 중시되는 과목의 경우 타당한 평가 기준과 척도에 따라 평가를 실시합니다.#@문장구분# 예를들어 실험이나 실습의 평가는 교과목의 성격을 고려하여 합리적인 세부평가 기준을 마련하고 학생들에게 평가전 고지하는 것이 중요하다고 생각하고 창의적 체험활동 평가의 경우 내용과 특성을 고려하여 평가의 주안점을 학교에서 결정하고 평가하는 것이 좋다고 생각합니다.#@문장구분#",
      "paragraph_len": 1025,
      "paragraph_id": "001"
    }
  ],
  "score": {
    "paragraph_score": [
      {
        "paragraph_scoreT": [
          3,
          3,
          2.6
        ],
        "paragraph_scoreT_detail": {
          "paragraph_scoreT_exp": [
            [
              3,
              3,
              3
            ],
            [
              3,
              3,
              3
            ],
            [
              3,
              2,
              3
            ]
          ]
        },
        "paragraph_scoreT_avg": 2.8666668,
        "paragraph_id": "001"
      }
    ],
    "essay_scoreT": [
      30,
      27.9,
      26.9
    ],
    "essay_scoreT_avg": 28.266668,
    "essay_scoreT_detail": {
      "essay_scoreT_org": [
        [
          3,
          0,
          3,
          3
        ],
        [
          2,
          0,
          3,
          2
        ],
        [
          3,
          0,
          3,
          2
        ]
      ],
      "essay_scoreT_cont": [
        [
          3,
          3,
          3,
          3
        ],
        [
          3,
          3,
          3,
          3
        ],
        [
          3,
          2,
          2,
          3
        ]
      ],
      "essay_scoreT_exp": [
        [
          3,
          3,
          3
        ],
        [
          3,
          3,
          3
        ],
        [
          3,
          2,
          3
        ]
      ]
    }
  },
  "student": {
    "date": "2021.12.16",
    "student_educated": true,
    "student_grade": "고등_1학년",
    "location": "031",
    "student_grade_group": "고등",
    "student_reading": 2
  },
  "rubric": {
    "essay_grade": "고등_1학년",
    "organization_weight": {
      "org_paragraph": 0,
      "org": 3,
      "org_essay": 6,
      "org_coherence": 3,
      "org_quantity": 1
    },
    "essay_type": "주장",
    "content_weight": {
      "con_clearance": 3,
      "con_novelty": 3,
      "con": 4,
      "con_prompt": 1,
      "con_description": 3
    },
    "essay_main_subject": "평가에 대한 본인의 의견",
    "expression_weight": {
      "exp_style": 4,
      "exp_grammar": 2,
      "exp_vocab": 4,
      "exp": 3
    }
  },
  "correction": [],
  "info": {
    "essay_id": "ESSAY_65654",
    "essay_prompt": " 평가는 일반적으로 평가대상의 장점과 가치를 결정하는 과정을 말합니다.\n\n 세상에는 무수히 많은 평가 방법들이 존재하고 그 주제도 다양합니다.\n\n 우리나라의 경우는 어떨까요? 중간, 기말시험이 있고 미술과 같은 기본기와 창의성을 평가하는 과목도 있습니다. 체육과 같은 신체적인 능력을 평가하는 과목도 있지요. 모두 적절한 기준이 있으며 매우 객관적인 기준이라고 말합니다.\n\n 하지만 여러분이 생각하기에 모든 학생을 동일한 평가지표에 맞추어 평가하는 것이 올바른 방식이라고 생각하나요?\n\n 사람마다 특성이 존재하듯 각각의 목표 또한 다르고 성과도 다를 수 있습니다. 특정 기준에 의존해 본인의 성과도를 평가하는 것이 바르다고 생각되나요?\n\n 현재의 평가 방식은 최고의 객관적인 평가 방식이라고 생각하신다면 그 이유를 작성해주세요. 아니라면 어떤 평가 기준이 추가되어야 하고 또한 어떤 생각으로 평가가 이루어졌으면 좋겠는지 서술해 주세요.",
    "essay_type": "주장",
    "essay_level": "2",
    "essay_len": 847,
    "essay_main_subject": "평가에 대한 본인의 의견"
  }
}