{
  "paragraph": [
    {
      "paragraph_txt": "나는 지금의 평가지표가 괜찮다고 생각한다. #@문장구분#학교에서는 똑같이 수업을 듣고 같은 시험을 치루어 결과를 낸다.#@문장구분# 물론 이것으로 그 사람을 평가하여 그 사람의 가치를 정확히 판단된다고 생각지는 않지만 적어도 교육에서 만큼은 이 방법이 가장 객관적이라고 생각한다.#@문장구분# 이렇게 순위를 매기는 것이 적절한 방법이 아니라고 생각하는 사람도 있겠지만 이렇게 하지 않으면 자신이 어느 정도에 속하는지 알 수가 없다.#@문장구분# 무리 속에서 자신이 평가를 받고 수치가 나와야 자신의 능력을 알 수 있는 것이다.#@문장구분# 간혹 경매하는 것을 보면 상상을 초월할 정도로 가격이 올라간다.#@문장구분# 평가라는 것은 그것의 가치라기보다 원하는 사람의 수요와 그들이 요구하는 가치일 때도 있다.#@문장구분# 가치와 평가는 때에 따라 변하기도 한다.#@문장구분# 지금은 축구선수의 몸 값이 상당히 비싸다.#@문장구분# 하지만 조선시대만 하더라도 공을 좀 잘 찬다고 누가 그 사람을 높이 평가해 주겠는가 그저 배만 곯게 하는 짓이라고 생각하겠지.#@문장구분# 재능과 때가 잘 만나면 그 사람의 가치가 굉장해 지는 것이고 시대를 잘못만나면 그 가치는 그저 그런 것이다.#@문장구분# 요즘 연예인이나 가수를 누구나 동경한다. 그 가치가 높기 때문이다. #@문장구분#하지만 얼마 전만 해도 그들을 딴따라라고 부르며 식구들이 창피해 해서 사는 동네에도 잘 오지 못하고 그랬다.#@문장구분# 그냥 같은 조건에서 같은 능력을 평가하고 객관적인 잣대로 평가가 이루어  진다면 그것이 가장 합리적으로 모두가 납득할 평가라고 생각한다.#@문장구분# 텔레비전에서 보듯이 미리 무엇을 평가받을지 시험지가 유출되거나 즉석 뽑기로 결정될 노래가 미리 정해져 있거나 하는 부정행위만 아니라면 지금의 잣대가 자신을 평가하는 좋은 기준이 된다고 생각한다.#@문장구분#",
      "paragraph_len": 1117,
      "paragraph_id": "001"
    }
  ],
  "score": {
    "paragraph_score": [
      {
        "paragraph_scoreT": [
          3,
          3,
          2.6
        ],
        "paragraph_scoreT_detail": {
          "paragraph_scoreT_exp": [
            [
              3,
              3,
              3
            ],
            [
              3,
              3,
              3
            ],
            [
              3,
              2,
              3
            ]
          ]
        },
        "paragraph_scoreT_avg": 2.8666668,
        "paragraph_id": "001"
      }
    ],
    "essay_scoreT": [
      30,
      26.7,
      26.3
    ],
    "essay_scoreT_avg": 27.666666,
    "essay_scoreT_detail": {
      "essay_scoreT_org": [
        [
          3,
          0,
          3,
          3
        ],
        [
          2,
          0,
          3,
          2
        ],
        [
          3,
          0,
          2,
          3
        ]
      ],
      "essay_scoreT_cont": [
        [
          3,
          3,
          3,
          3
        ],
        [
          3,
          2,
          3,
          3
        ],
        [
          2,
          3,
          2,
          3
        ]
      ],
      "essay_scoreT_exp": [
        [
          3,
          3,
          3
        ],
        [
          3,
          3,
          3
        ],
        [
          3,
          2,
          3
        ]
      ]
    }
  },
  "student": {
    "date": "2021.12.16",
    "student_educated": true,
    "student_grade": "고등_1학년",
    "location": "031",
    "student_grade_group": "고등",
    "student_reading": 3
  },
  "rubric": {
    "essay_grade": "고등_1학년",
    "organization_weight": {
      "org_paragraph": 0,
      "org": 3,
      "org_essay": 6,
      "org_coherence": 3,
      "org_quantity": 1
    },
    "essay_type": "주장",
    "content_weight": {
      "con_clearance": 3,
      "con_novelty": 3,
      "con": 4,
      "con_prompt": 1,
      "con_description": 3
    },
    "essay_main_subject": "평가에 대한 본인의 의견",
    "expression_weight": {
      "exp_style": 4,
      "exp_grammar": 2,
      "exp_vocab": 4,
      "exp": 3
    }
  },
  "correction": [],
  "info": {
    "essay_id": "ESSAY_65649",
    "essay_prompt": " 평가는 일반적으로 평가대상의 장점과 가치를 결정하는 과정을 말합니다.\n\n 세상에는 무수히 많은 평가 방법들이 존재하고 그 주제도 다양합니다.\n\n 우리나라의 경우는 어떨까요? 중간, 기말시험이 있고 미술과 같은 기본기와 창의성을 평가하는 과목도 있습니다. 체육과 같은 신체적인 능력을 평가하는 과목도 있지요. 모두 적절한 기준이 있으며 매우 객관적인 기준이라고 말합니다.\n\n 하지만 여러분이 생각하기에 모든 학생을 동일한 평가지표에 맞추어 평가하는 것이 올바른 방식이라고 생각하나요?\n\n 사람마다 특성이 존재하듯 각각의 목표 또한 다르고 성과도 다를 수 있습니다. 특정 기준에 의존해 본인의 성과도를 평가하는 것이 바르다고 생각되나요?\n\n 현재의 평가 방식은 최고의 객관적인 평가 방식이라고 생각하신다면 그 이유를 작성해주세요. 아니라면 어떤 평가 기준이 추가되어야 하고 또한 어떤 생각으로 평가가 이루어졌으면 좋겠는지 서술해 주세요.",
    "essay_type": "주장",
    "essay_level": "2",
    "essay_len": 819,
    "essay_main_subject": "평가에 대한 본인의 의견"
  }
}