{
  "paragraph": [
    {
      "paragraph_txt": "평가의 대상이 되는 사람들은 무조건 무언가를 목표로 하고 여러 사람들과 경쟁하는 사람이라고 생각합니다.#@문장구분# 적어도 제가 겪어온 우리나라에서의 평가는 그렇습니다.#@문장구분# 자신의 점수를 평가받아서 다른 사람보다 높게 나오면 합격하게 되는, 그렇게 되기 위해서 열심히 공부하고 노력하고 연습하는 것입니다.#@문장구분# 이러한 평가는 동일한 지표를 들이댈수도 있고 각자 다른 지표를 들이댈 수도 있습니다.#@문장구분# 저는 둘 모두를 적절한 상황에서 적절하게 사용해야 한다고 생각합니다.#@문장구분# 어떤 분야에 대한 문제를 풀면서 점수를 매기는 평가는 당연히 모든 사람들에게 동일한 지표로 평가해야 합니다.#@문장구분# 왜냐하면 모든 사람들은 똑같은 분야에서 똑같은 범위의 양을 공부했고, 똑같은 내용을 공부했기 때문에 당연히 모든 사람에게 똑같은 문제를 제시해서 평가해야 합니다.#@문장구분# 사람마다 공부를 하면서 이해가 안되고 유독 어려운 부분이 있을 것이고, 그것은 다 다를 것입니다.#@문장구분# 사람마다 어려워 하는 부분이 다른데 문제를 각자 다 다르게 내버리면 당연히 이의가 제기될 수도 있습니다.#@문장구분# 그리고 굳이 다르게 내버리면 평가를 하는데 방해가 될 것입니다.#@문장구분# 이 사람은 이렇게 어려운 문제를 풀어냈는데 60점이고, 저 사람은 이렇게 쉬운 문제들로만 70점을 맞았다면 어떤 사람을 올려주어야 할까요?#@문장구분# 어떤 사람을 합격시켜야 할까요?#@문장구분# 이러한 점에서 고민하지 않기 위해서 모든 것이 평등한 지표를 가지고 평가해야 된다는 것입니다.#@문장구분# 억울한 사람이 민원을 제기해서 또 그것을 들어주게 되면, 또 다른 사람의 민원도 들어주어야 하고, 또 다른 사람의 민원도 들어주어야 하는 순환적인 상황이 되어버리다 보면 결국 모두의 민원을 다 들어주어야 합니다.#@문장구분# 이러한 상황이 발생하는 것을 막으려면 무조건 모든 평가에는 동일한 지표를 갖다 대어야 합니다.#@문장구분#",
      "paragraph_len": 1171,
      "paragraph_id": "001"
    }
  ],
  "score": {
    "paragraph_score": [
      {
        "paragraph_scoreT": [
          2.4,
          2.6,
          2.6
        ],
        "paragraph_scoreT_detail": {
          "paragraph_scoreT_exp": [
            [
              2,
              3,
              2
            ],
            [
              3,
              3,
              2
            ],
            [
              3,
              2,
              3
            ]
          ]
        },
        "paragraph_scoreT_avg": 2.5333333,
        "paragraph_id": "001"
      }
    ],
    "essay_scoreT": [
      23.6,
      27.599998,
      27.9
    ],
    "essay_scoreT_avg": 26.366667,
    "essay_scoreT_detail": {
      "essay_scoreT_org": [
        [
          2,
          0,
          3,
          3
        ],
        [
          3,
          0,
          3,
          3
        ],
        [
          3,
          0,
          2,
          3
        ]
      ],
      "essay_scoreT_cont": [
        [
          3,
          2,
          2,
          2
        ],
        [
          3,
          2,
          3,
          3
        ],
        [
          3,
          3,
          3,
          3
        ]
      ],
      "essay_scoreT_exp": [
        [
          2,
          3,
          2
        ],
        [
          3,
          3,
          2
        ],
        [
          3,
          2,
          3
        ]
      ]
    }
  },
  "student": {
    "date": "2021.12.18",
    "student_educated": true,
    "student_grade": "고등_1학년",
    "location": "054",
    "student_grade_group": "고등",
    "student_reading": 2
  },
  "rubric": {
    "essay_grade": "고등_1학년",
    "organization_weight": {
      "org_paragraph": 0,
      "org": 3,
      "org_essay": 6,
      "org_coherence": 3,
      "org_quantity": 1
    },
    "essay_type": "주장",
    "content_weight": {
      "con_clearance": 3,
      "con_novelty": 3,
      "con": 4,
      "con_prompt": 1,
      "con_description": 3
    },
    "essay_main_subject": "평가에 대한 본인의 의견",
    "expression_weight": {
      "exp_style": 4,
      "exp_grammar": 2,
      "exp_vocab": 4,
      "exp": 3
    }
  },
  "correction": [],
  "info": {
    "essay_id": "ESSAY_78626",
    "essay_prompt": " 평가는 일반적으로 평가대상의 장점과 가치를 결정하는 과정을 말합니다.\n\n 세상에는 무수히 많은 평가 방법들이 존재하고 그 주제도 다양합니다.\n\n 우리나라의 경우는 어떨까요? 중간, 기말시험이 있고 미술과 같은 기본기와 창의성을 평가하는 과목도 있습니다. 체육과 같은 신체적인 능력을 평가하는 과목도 있지요. 모두 적절한 기준이 있으며 매우 객관적인 기준이라고 말합니다.\n\n 하지만 여러분이 생각하기에 모든 학생을 동일한 평가지표에 맞추어 평가하는 것이 올바른 방식이라고 생각하나요?\n\n 사람마다 특성이 존재하듯 각각의 목표 또한 다르고 성과도 다를 수 있습니다. 특정 기준에 의존해 본인의 성과도를 평가하는 것이 바르다고 생각되나요?\n\n 현재의 평가 방식은 최고의 객관적인 평가 방식이라고 생각하신다면 그 이유를 작성해주세요. 아니라면 어떤 평가 기준이 추가되어야 하고 또한 어떤 생각으로 평가가 이루어졌으면 좋겠는지 서술해 주세요.",
    "essay_type": "주장",
    "essay_level": "2",
    "essay_len": 871,
    "essay_main_subject": "평가에 대한 본인의 의견"
  }
}