{
  "paragraph": [
    {
      "paragraph_txt": "평가는 일상생활에서도 흔하게 볼 수 있는 것입니다.#@문장구분# 물건을 고르거나, 아니면 요리를 할 때와 같이 별 것 아닌 일에도 흔히 할 수 있는 것입니다.#@문장구분# 하지만 항상 별 것 아닌 일에만 쓰이는 것은 아닙니다.#@문장구분# 매우 중요한 일인 자신의 진학을 결정하게 되거나 아니면 손꼽아 기다리던 승진에 다가갈 때도 어찌 되었건 마주치게 됩니다.#@문장구분# 보통 이런 상황에서는 달가워하지는 않습니다.#@문장구분# 이렇게 평가라는 것은 상황에 따라 자신에게 압박감을 주는 정도가 달라집니다.#@문장구분# 그 상황 중에서 직장생활에서 정말 많이 직원에 대해 평가하게 됩니다.#@문장구분# ",
      "paragraph_len": 428,
      "paragraph_id": "001"
    },
    {
      "paragraph_txt": " 보통 직원을 평가 할 때에는 그 위의 직책에 있는 사람들이 그 직원의 성취도를 보고 승진 여부를 결정하게 됩니다.#@문장구분# 이 직원의 결과만을 보고 평가하는데 결과만 보고 판단하는 것은 이 직원이 정말 능력 있고 직장생활 중에 프로젝트를 성사시키기 위해 많은 노력을 했다고 해도 결과가 윗사람들의 눈에 들지 않으면 이 사람의 노력은 돋보이지 않습니다.#@문장구분# 이렇게 된 경우 별 노력도 하지 않았는데 정말 우연히 결과가 좋은 사람이 능력 좋은 직원보다 더 기회를 얻게 됩니다.#@문장구분# 이렇게 될 경우 이런 평가 방식은 올바르지 않습니다.#@문장구분# ",
      "paragraph_len": 369,
      "paragraph_id": "002"
    },
    {
      "paragraph_txt": " 또 다른 것은 직원들 서로가 서로를 평가하는 방식입니다.#@문장구분# 그럼 높은 직책에 있는 사람들보다도 서로의 진행과정을 잘 알고 있으니 위의 사례같이 슬픈 상황이 나오지는 않을 것입니다.#@문장구분# 하지만 서로를 헐뜯고 화장실을 갔다는 등 사소한 것까지 잡아내며 자신의 기회를 얻어내려 경쟁할 것입니다.#@문장구분# 이런 경우 일은커녕 사람이나 관찰하게 됩니다.#@문장구분# ",
      "paragraph_len": 266,
      "paragraph_id": "003"
    },
    {
      "paragraph_txt": " 이런 두 상황을 비교했을 때 차라리 상황과 관련 없는 제 3의 인물이 직원들을 평가하는 것이 그나마 나은 방식이라고 생각합니다.#@문장구분#",
      "paragraph_len": 92,
      "paragraph_id": "004"
    }
  ],
  "score": {
    "paragraph_score": [
      {
        "paragraph_scoreT": [
          3,
          3,
          3
        ],
        "paragraph_scoreT_detail": {
          "paragraph_scoreT_exp": [
            [
              3,
              3,
              3
            ],
            [
              3,
              3,
              3
            ],
            [
              3,
              3,
              3
            ]
          ]
        },
        "paragraph_scoreT_avg": 3,
        "paragraph_id": "001"
      },
      {
        "paragraph_scoreT": [
          3,
          3,
          3
        ],
        "paragraph_scoreT_detail": {
          "paragraph_scoreT_exp": [
            [
              3,
              3,
              3
            ],
            [
              3,
              3,
              3
            ],
            [
              3,
              3,
              3
            ]
          ]
        },
        "paragraph_scoreT_avg": 3,
        "paragraph_id": "002"
      },
      {
        "paragraph_scoreT": [
          3,
          3,
          3
        ],
        "paragraph_scoreT_detail": {
          "paragraph_scoreT_exp": [
            [
              3,
              3,
              3
            ],
            [
              3,
              3,
              3
            ],
            [
              3,
              3,
              3
            ]
          ]
        },
        "paragraph_scoreT_avg": 3,
        "paragraph_id": "003"
      },
      {
        "paragraph_scoreT": [
          3,
          3,
          3
        ],
        "paragraph_scoreT_detail": {
          "paragraph_scoreT_exp": [
            [
              3,
              3,
              3
            ],
            [
              3,
              3,
              3
            ],
            [
              3,
              3,
              3
            ]
          ]
        },
        "paragraph_scoreT_avg": 3,
        "paragraph_id": "004"
      }
    ],
    "essay_scoreT": [
      26.3,
      24.2,
      30
    ],
    "essay_scoreT_avg": 26.833334,
    "essay_scoreT_detail": {
      "essay_scoreT_org": [
        [
          3,
          0,
          2,
          3
        ],
        [
          2,
          0,
          3,
          3
        ],
        [
          3,
          0,
          3,
          3
        ]
      ],
      "essay_scoreT_cont": [
        [
          2,
          2,
          2,
          3
        ],
        [
          3,
          1,
          2,
          2
        ],
        [
          3,
          3,
          3,
          3
        ]
      ],
      "essay_scoreT_exp": [
        [
          3,
          3,
          3
        ],
        [
          3,
          3,
          3
        ],
        [
          3,
          3,
          3
        ]
      ]
    }
  },
  "student": {
    "date": "2021.12.21",
    "student_educated": true,
    "student_grade": "고등_1학년",
    "location": "054",
    "student_grade_group": "고등",
    "student_reading": 1
  },
  "rubric": {
    "essay_grade": "고등_1학년",
    "organization_weight": {
      "org_paragraph": 0,
      "org": 3,
      "org_essay": 6,
      "org_coherence": 3,
      "org_quantity": 1
    },
    "essay_type": "주장",
    "content_weight": {
      "con_clearance": 3,
      "con_novelty": 3,
      "con": 4,
      "con_prompt": 1,
      "con_description": 3
    },
    "essay_main_subject": "평가에 대한 본인의 의견",
    "expression_weight": {
      "exp_style": 4,
      "exp_grammar": 2,
      "exp_vocab": 4,
      "exp": 3
    }
  },
  "correction": [],
  "info": {
    "essay_id": "ESSAY_83350",
    "essay_prompt": " 평가는 일반적으로 평가대상의 장점과 가치를 결정하는 과정을 말합니다.\n\n 세상에는 무수히 많은 평가 방법들이 존재하고 그 주제도 다양합니다.\n\n 우리나라의 경우는 어떨까요? 중간, 기말시험이 있고 미술과 같은 기본기와 창의성을 평가하는 과목도 있습니다. 체육과 같은 신체적인 능력을 평가하는 과목도 있지요. 모두 적절한 기준이 있으며 매우 객관적인 기준이라고 말합니다.\n\n 하지만 여러분이 생각하기에 모든 학생을 동일한 평가지표에 맞추어 평가하는 것이 올바른 방식이라고 생각하나요?\n\n 사람마다 특성이 존재하듯 각각의 목표 또한 다르고 성과도 다를 수 있습니다. 특정 기준에 의존해 본인의 성과도를 평가하는 것이 바르다고 생각되나요?\n\n 현재의 평가 방식은 최고의 객관적인 평가 방식이라고 생각하신다면 그 이유를 작성해주세요. 아니라면 어떤 평가 기준이 추가되어야 하고 또한 어떤 생각으로 평가가 이루어졌으면 좋겠는지 서술해 주세요.",
    "essay_type": "주장",
    "essay_level": "2",
    "essay_len": 841,
    "essay_main_subject": "평가에 대한 본인의 의견"
  }
}