{
  "paragraph": [
    {
      "paragraph_txt": "평가는 오래전부터 항상 존재해왔다. #@문장구분#문명이 발달하면서 어떤부분이 평가되는지가 달라졌고 평가의 기준 또한 달라져 왔다.#@문장구분# 학생인 지금은 가장 밀접하게 다가오는 부분은 성적과 공부일 것이다. #@문장구분#그리고 그중에서도 수학능력시험이 가장 크게 다가올것이다.#@문장구분#수학능력시험은 초등학생부터 고등학생까지의 총12년의 결과로 시험을 치루는것인데 기회는 단 한번뿐이기에 만약 이시험에서 실수, 긴장 이런한 일들이 벌어진다면 꼼짝없이 1년을 기다려야만 한다. #@문장구분#그럼 이러한 중요한 시험에서 처음 응시하는 사람은 긴장하지않고 자신의 역량을 충분히 발휘할수 있을까? #@문장구분#나는 그렇지 못할 확률이 더욱 높다고 생각한다.#@문장구분# 하지만 자신의 역량을 충분히 발휘하지 못하는 상황이라고 그것이 다른사람들에게 영향을 끼치는 것은 아니다.#@문장구분# 자신의 역량을 충분히 발휘하지 못했음에도 결과에 수긍해야만 하는것은 교욱평가의 정의를 제대로 실현하는 것일까?#@문장구분# 수학능력시험은 전국에서 1년에 한번 치루어지는 시험인 만큼 처음 수능을 보는 사람들만 치루는것이 아닌 n수생도 함께 치룬다.#@문장구분# 경험이 많고 준비를 길게할수록 유리해지는것은 당연한 것이다. #@문장구분#하지만 처음 응시하는 사람들과 다시 응시하는 사람들의 평가기준과 평가는 똑같이 매겨진다.#@문장구분# 준비를 오래할수록 더욱 유리한것은 당연한 사실인데 똑같이 평가하는것은 처음 응시하는 사람들에게 상대적으로 불리하고 부당하게 느껴질것이다.#@문장구분# 자신은 고등학교 생활을 하며 준비한 것인데 어떤사람들은 몇년동안 이시험만을 위해 준비했을텐데 동등하게 겨루는것이 아니라고 생각된다. #@문장구분#그러므로 현재 수학능력시험은 교육평가의 정의를 제대로 실현하지 못하고 있다고 생각된다.#@문장구분# 특히 처음 시험을 응시하는 사람과 다시 시험을 응시하는 사람들을 구분지을 필요가 있다고 생각한다.#@문장구분# 현재 수학능력시험은 다시 시험을 보는 사람들이 확실하게 유리하다고 생각되기 때문이다.#@문장구분#",
      "paragraph_len": 1242,
      "paragraph_id": "001"
    }
  ],
  "score": {
    "paragraph_score": [
      {
        "paragraph_scoreT": [
          2.8,
          2.8,
          2.8
        ],
        "paragraph_scoreT_detail": {
          "paragraph_scoreT_exp": [
            [
              2,
              3,
              3
            ],
            [
              2,
              3,
              3
            ],
            [
              2,
              3,
              3
            ]
          ]
        },
        "paragraph_scoreT_avg": 2.8,
        "paragraph_id": "001"
      }
    ],
    "essay_scoreT": [
      27.8,
      25.5,
      26.400002
    ],
    "essay_scoreT_avg": 26.566666,
    "essay_scoreT_detail": {
      "essay_scoreT_org": [
        [
          3,
          0,
          3,
          3
        ],
        [
          2,
          0,
          2,
          3
        ],
        [
          2,
          0,
          3,
          3
        ]
      ],
      "essay_scoreT_cont": [
        [
          3,
          2,
          2,
          3
        ],
        [
          3,
          2,
          3,
          3
        ],
        [
          3,
          2,
          3,
          3
        ]
      ],
      "essay_scoreT_exp": [
        [
          2,
          3,
          3
        ],
        [
          2,
          3,
          3
        ],
        [
          2,
          3,
          3
        ]
      ]
    }
  },
  "student": {
    "date": "2021.12.23",
    "student_educated": true,
    "student_grade": "고등_1학년",
    "location": "063",
    "student_grade_group": "고등",
    "student_reading": 1
  },
  "rubric": {
    "essay_grade": "고등_1학년",
    "organization_weight": {
      "org_paragraph": 0,
      "org": 3,
      "org_essay": 6,
      "org_coherence": 3,
      "org_quantity": 1
    },
    "essay_type": "주장",
    "content_weight": {
      "con_clearance": 3,
      "con_novelty": 3,
      "con": 4,
      "con_prompt": 1,
      "con_description": 3
    },
    "essay_main_subject": "평가에 대한 본인의 의견",
    "expression_weight": {
      "exp_style": 4,
      "exp_grammar": 2,
      "exp_vocab": 4,
      "exp": 3
    }
  },
  "correction": [],
  "info": {
    "essay_id": "ESSAY_76707",
    "essay_prompt": " 평가는 일반적으로 평가대상의 장점과 가치를 결정하는 과정을 말합니다.\n\n 세상에는 무수히 많은 평가 방법들이 존재하고 그 주제도 다양합니다.\n\n 우리나라의 경우는 어떨까요? 중간, 기말시험이 있고 미술과 같은 기본기와 창의성을 평가하는 과목도 있습니다. 체육과 같은 신체적인 능력을 평가하는 과목도 있지요. 모두 적절한 기준이 있으며 매우 객관적인 기준이라고 말합니다.\n\n 하지만 여러분이 생각하기에 모든 학생을 동일한 평가지표에 맞추어 평가하는 것이 올바른 방식이라고 생각하나요?\n\n 사람마다 특성이 존재하듯 각각의 목표 또한 다르고 성과도 다를 수 있습니다. 특정 기준에 의존해 본인의 성과도를 평가하는 것이 바르다고 생각되나요?\n\n 현재의 평가 방식은 최고의 객관적인 평가 방식이라고 생각하신다면 그 이유를 작성해주세요. 아니라면 어떤 평가 기준이 추가되어야 하고 또한 어떤 생각으로 평가가 이루어졌으면 좋겠는지 서술해 주세요.",
    "essay_type": "주장",
    "essay_level": "2",
    "essay_len": 904,
    "essay_main_subject": "평가에 대한 본인의 의견"
  }
}