{
  "paragraph": [
    {
      "paragraph_txt": "나는 객관식 평가는 답이 뚜렷하게 나타나기 때문에 논란이 일어날 일도 적어서 주로 선호하는 편이지만, 주관식 평가가 없지는 않기 때문에 주관식 평가에 대해서 이야기 하고 싶다.#@문장구분# 주관식 평가는 평가대상을 평가자의 개인적 소양과 자질에 근거하여 판단하는 것을 말하는데, 이 평가에서는 평가 기준은 물론 자료수집방법과 분석방법이 평가자 내부에 존재하므로 평가의 타당성이 평가자의 자질과 경륜에 따라 전적으로 좌우된다.#@문장구분# 그렇기 때문에 평가자에 따라 평가결과가 달라지거나 상반될 수 있고 판단의 적합성을 입증하기 어렵다는 문제점을 가지고 있다.#@문장구분# 하지만 주관적인 평가가 없다면 서로의관점을 공유할 수도 없기 때문에 꼭 주관적인 평가가 배제되어야 한다는 법은 없다고 생각한다.#@문장구분# 그리고 에세이라던가 신문 기사 등 서술자의 생각을 적는 경우가 대다수인데 어차피 신문에서 다루는 역사도 주관적인 평가가 들어갈 수 밖에 없는 이유가 사람들은 각자 개성이 있고, 자신만의 생각이 있으니 평가가 다를 수 밖에 없다.#@문장구분# 결론적으로 왜곡수준이 아닌 이상은 주관적인 평가는 오히려 좋은 기사가 될 수 있다고 생각을 한다.#@문장구분# 그리고 주관적인 평가가 시행되어져야 서로의 생각을 이해하고 자신의 생각 주장 주관을 나타내기 때문에 훨씬 더 다양한 시각으로 세계를 바라볼 수 있어서 서로의 시각이 이해될 것이라고 생각한다.#@문장구분# 그렇게 된다면 우리나라의 숨어있는 인재들이 다양한 평가방식으로 평가를받고 빛을 봐서 자신의 재능을 펼치는 그런 대한민국이 되어서 나라가 좀더 다양한 인재들로 가득 찰수 있기를 바란다.#@문장구분# 그렇게 된다면 우리 모두에게 이득이 아닐까 한다.#@문장구분#",
      "paragraph_len": 972,
      "paragraph_id": "001"
    }
  ],
  "score": {
    "paragraph_score": [
      {
        "paragraph_scoreT": [
          2.8,
          2.8,
          2.4
        ],
        "paragraph_scoreT_detail": {
          "paragraph_scoreT_exp": [
            [
              2,
              3,
              3
            ],
            [
              2,
              3,
              3
            ],
            [
              2,
              3,
              2
            ]
          ]
        },
        "paragraph_scoreT_avg": 2.6666667,
        "paragraph_id": "001"
      }
    ],
    "essay_scoreT": [
      26.7,
      28.2,
      25.5
    ],
    "essay_scoreT_avg": 26.800001,
    "essay_scoreT_detail": {
      "essay_scoreT_org": [
        [
          3,
          0,
          3,
          2
        ],
        [
          3,
          0,
          3,
          3
        ],
        [
          2,
          0,
          2,
          3
        ]
      ],
      "essay_scoreT_cont": [
        [
          2,
          2,
          3,
          3
        ],
        [
          3,
          2,
          3,
          3
        ],
        [
          3,
          3,
          3,
          3
        ]
      ],
      "essay_scoreT_exp": [
        [
          2,
          3,
          3
        ],
        [
          2,
          3,
          3
        ],
        [
          2,
          3,
          2
        ]
      ]
    }
  },
  "student": {
    "date": "2021.12.14",
    "student_educated": true,
    "student_grade": "고등_1학년",
    "location": "054",
    "student_grade_group": "고등",
    "student_reading": 2
  },
  "rubric": {
    "essay_grade": "고등_1학년",
    "organization_weight": {
      "org_paragraph": 0,
      "org": 3,
      "org_essay": 6,
      "org_coherence": 3,
      "org_quantity": 1
    },
    "essay_type": "주장",
    "content_weight": {
      "con_clearance": 3,
      "con_novelty": 3,
      "con": 4,
      "con_prompt": 1,
      "con_description": 3
    },
    "essay_main_subject": "평가에 대한 본인의 의견",
    "expression_weight": {
      "exp_style": 4,
      "exp_grammar": 2,
      "exp_vocab": 4,
      "exp": 3
    }
  },
  "correction": [],
  "info": {
    "essay_id": "ESSAY_78623",
    "essay_prompt": " 평가는 일반적으로 평가대상의 장점과 가치를 결정하는 과정을 말합니다.\n\n 세상에는 무수히 많은 평가 방법들이 존재하고 그 주제도 다양합니다.\n\n 우리나라의 경우는 어떨까요? 중간, 기말시험이 있고 미술과 같은 기본기와 창의성을 평가하는 과목도 있습니다. 체육과 같은 신체적인 능력을 평가하는 과목도 있지요. 모두 적절한 기준이 있으며 매우 객관적인 기준이라고 말합니다.\n\n 하지만 여러분이 생각하기에 모든 학생을 동일한 평가지표에 맞추어 평가하는 것이 올바른 방식이라고 생각하나요?\n\n 사람마다 특성이 존재하듯 각각의 목표 또한 다르고 성과도 다를 수 있습니다. 특정 기준에 의존해 본인의 성과도를 평가하는 것이 바르다고 생각되나요?\n\n 현재의 평가 방식은 최고의 객관적인 평가 방식이라고 생각하신다면 그 이유를 작성해주세요. 아니라면 어떤 평가 기준이 추가되어야 하고 또한 어떤 생각으로 평가가 이루어졌으면 좋겠는지 서술해 주세요.",
    "essay_type": "주장",
    "essay_level": "2",
    "essay_len": 793,
    "essay_main_subject": "평가에 대한 본인의 의견"
  }
}