{
  "paragraph": [
    {
      "paragraph_txt": "3월 21일은 세계 인종차별 철폐의 날입니다. #@문장구분#이날은 피부색이나 생김새에 따라 우월을 가리는 인종차별을 없애고 평화로운 지구촌을 만들기로 다 함께 약속한 날이기도 합니다. #@문장구분#실제로 세계 인종차별 철폐의 날 덕분에 세계 많은 나라에서 인종차별주의적 법과 관습이 폐지될 수 있었습니다. #@문장구분#우리나라 역시 다문화 가정에 대한 차별이 사회적 문제로까지 대두되면서 인종차별 철폐에 대해 생각해 볼 필요성이 높아지고 있습니다. #@문장구분#저희 부모님은 살구색 크레파스를 살색이라고 부르시기도 합니다. #@문장구분#왜 살구색을 살색이라고 부르냐고 물어보았더니 예전에는 살색이라고 이름불렀다고 합니다. #@문장구분#하지만 그동안 무심코 불렀던 살색이 인종차별의 함정이 숨어져 있었다는 의견이 사회적으로 제기되면서 살색이 아닌 살구색이라고 표현이 바뀐 것입니다. #@문장구분#실제 세계인들의 피부색은 흰색부터, 살구색, 진노란색, 브라운, 진한 브라운, 흑색에 이르기까지 서로 다른 피부색을 갖고 있기 때문에 특정 컬러를 살색이라고 부르는 것는 잘못된 표현이 맞습니다.#@문장구분# 이에 따라 2005년 살색은 살구색으로 이름이 바뀌었다고 합니다. #@문장구분#그동안 우리도 모르게 갖고 있었던 인종차별 인식에 대해 다시 한번 생각해 볼 계기가 되었습니다. #@문장구분#인종차별철폐의 날을 기념하기 위해 각종 사회단체에서 여러 행사가 열렸습니다. #@문장구분#여러 가지 물감을 섞어 나의 피부색 물감 만들기행사가 있기도 했습니다. #@문장구분#사람의 생김새가 제각각이듯이 우리의 피부색이 조금씩 차이가 있으며 피부색이 다른것에 대한 차별과 편견을 버리라는 의미라고 합니다. #@문장구분#그리고 차별과 편견이 담긴 풍선 터뜨리기입니다. #@문장구분#나와 조금 다르다는 이유로 다른 사람을 차별하지 않게다는 다짐과 다함께 즐겁게 지내자는 약속을 적고 터뜨리는 행사이었습니다. #@문장구분#이런 행사를 지켜 보면서 어린친구들부터 부모님들까지 즐겁게 인간의 존엄과 권리에 대해 알고 쉽게 인종차별의 문제점에 대해 다시 생각해보고 인종의 다양성도 생각해 볼수 있었을 것입니다. #@문장구분#이런 행사가 인종차별 철폐의 날이라는 특정기념일만 하는 것이 아니라 체험학습으로 계속 연결되어 지속된다면 인종차별 문제를 해결할수 있는 좋은 방안이 되지 않을까 생각합니다.#@문장구분#",
      "paragraph_len": 1387,
      "paragraph_id": "001"
    }
  ],
  "score": {
    "paragraph_score": [
      {
        "paragraph_scoreT": [
          3,
          2.8,
          2.4
        ],
        "paragraph_scoreT_detail": {
          "paragraph_scoreT_exp": [
            [
              3,
              3,
              3
            ],
            [
              2,
              3,
              3
            ],
            [
              2,
              2,
              3
            ]
          ]
        },
        "paragraph_scoreT_avg": 2.7333336,
        "paragraph_id": "001"
      }
    ],
    "essay_scoreT": [
      27.900002,
      28.5,
      27.300001
    ],
    "essay_scoreT_avg": 27.900002,
    "essay_scoreT_detail": {
      "essay_scoreT_org": [
        [
          3,
          3,
          2,
          3
        ],
        [
          2,
          3,
          3,
          3
        ],
        [
          3,
          3,
          2,
          3
        ]
      ],
      "essay_scoreT_cont": [
        [
          2,
          3,
          3,
          3
        ],
        [
          3,
          3,
          3,
          3
        ],
        [
          3,
          3,
          3,
          3
        ]
      ],
      "essay_scoreT_exp": [
        [
          3,
          3,
          3
        ],
        [
          2,
          3,
          3
        ],
        [
          2,
          2,
          3
        ]
      ]
    }
  },
  "student": {
    "date": "2021.11.28",
    "student_educated": true,
    "student_grade": "고등_2학년",
    "location": "063",
    "student_grade_group": "고등",
    "student_reading": 2
  },
  "rubric": {
    "essay_grade": "고등_2학년",
    "organization_weight": {
      "org_paragraph": 3,
      "org": 3,
      "org_essay": 3,
      "org_coherence": 3,
      "org_quantity": 1
    },
    "essay_type": "주장",
    "content_weight": {
      "con_clearance": 3,
      "con_novelty": 3,
      "con": 4,
      "con_prompt": 1,
      "con_description": 3
    },
    "essay_main_subject": "인종차별에 대한 본인의 생각",
    "expression_weight": {
      "exp_style": 4,
      "exp_grammar": 2,
      "exp_vocab": 4,
      "exp": 3
    }
  },
  "correction": [],
  "info": {
    "essay_id": "ESSAY_53105",
    "essay_prompt": " 최근 중국발 코로나바이러스로 인해 동양인에 대한 혐오감을 나타내는 서양인들이 늘어나고 있습니다. 그로 인해, 매스컴이나 SNS에서 인종차별을 받아 힘들어하는 동양인들을 자주 목격할 수 있습니다.\n\n 하지만, 최근에만 인종차별이 존재했을까요? 아닙니다. 아주 오래전부터 다른 인종에 대한 차별은 있었습니다.\n\n 우리나라에서는 인종차별을 안 하고 있을까요? 아닙니다. 우리나라에서도 알게 모르게 많은 부분에서 다른 국가의 사람들에 대해 인종차별을 하고 있으며 누군가에게 상처를 주고 있습니다.\n\n 즉, 인종차별은 누군가의 문제가 아니라 우리 모두의 문제입니다.\n\n 여러분들은 인종차별을 당해보신 적 있나요? 인종차별을 하는 사람들에 대해 어떻게 생각하시나요? 왜 생겨났다고 생각하나요? 인종차별을 근절하기 위해서는 어떻게 해야 할까요? 인종차별을 하는 사람들에 대해 전 세계적으로 처벌의 강도를 높여야 할까요?\n\n 인종차별을 하는 사람들에 대한 본인의 생각을 작성하고 인종차별은 해결할 수 있는 문제일지 아니면 해결하지 어려운 문제일지 작성해주세요. 또한, 그렇게 생각한 이유와 본인이 생각한 해결방법 혹은 해결할 수 없다면 왜 해결할 수 없다고 생각하는지 작성해주세요.",
    "essay_type": "주장",
    "essay_level": "1",
    "essay_len": 1047,
    "essay_main_subject": "인종차별에 대한 본인의 생각"
  }
}