{
  "paragraph": [
    {
      "paragraph_txt": "요즘 코로나 19로 인한 팬데믹 상황에서 이를 예방하기 위한 다양한 제약 회사들의 다양한 백신들이 나오고 있다.#@문장구분# 제약 회사들은 그들이 시중에 내어놓은 다양한 약들로부터 이윤을 발생시키는데, 이러한 백신들 또한 그들의 하나의 상품인 셈이다.#@문장구분# 하지만 전 세계적으로 위급한 상황인 지금, 백신에 대한 특허권 보장으로 안전보다 제약 회사들의 이윤 추구가 우선시 되어야 하는지 많은 의견이 제시되고 있다.#@문장구분#",
      "paragraph_len": 281,
      "paragraph_id": "001"
    },
    {
      "paragraph_txt": "   제약 회사들의 백신은 물론 다른 개인, 혹은 기업이 발명한 물건들의 특허권을 보장을 한다 함은 말 그대로 그 물건에 대한 특허권을 받은 주체에 대해 권리를 보장을 하는 것이다.#@문장구분# 이러한 권리를 보장받게 된다면 얻는 대표적인 권리로는 만약 다른 개인과 기업이 자신의 아이디어의 도용이 아니더라도 특허권에 해당하는 발명품의 내용을 가져다가 쓰게 된다면 그에 해당하는 소송, 합의 혹은 특허를 판매하여 권리를 넘길 수도 있다.#@문장구분# 이러한 것처럼 자신이 발명한 물품에 대한 권리를 보장받기 위해 특허를 신청하는 경우도 있다. 반면, 이익을 목표로 하는 것이 아닌 다수의 생존, 행복을 보장하는 물건에 대해서 특허를 신청하지 않는 경우가 있다.#@문장구분# ",
      "paragraph_len": 416,
      "paragraph_id": "002"
    },
    {
      "paragraph_txt": "   백신에 관해 특허권을 보장하면 안 된다는 관점에서는 다수의 생존, 행복의 관점에서 만약 특허권을 보장하게 된다면 돈이 없는 사람들은 자신들의 생존권을 보장받지 못하게 되는 상황이 나오기에 특허권을 보장하면 안 된다는 목소리가 나오는데, 그 반대의 입장에서는 백신도 엄연히 기업의 발명품이므로 그들이 이윤 추구를 하는 것은 당연하기에 특허권을 보장하는 것 또한 당연하다는 목소리를 내는 것이다.#@문장구분# 우선 세계는 현재 코로나 19로 인한 위기를 겪고 있다는 상황의 특수성을 따져 특허권의 보장을 반대하는 관점도 이해는 되지만, 엄연히 제약 회사들은 이런 위기를 기회로 만든 기업들이고 그들의 이윤 추구는 자본주의의 사회, 세계 모든 기업의 목적인 이윤 추구에 대해 당연한 것이기에 특허권은 보장되어야 한다 생각한다.#@문장구분#",
      "paragraph_len": 439,
      "paragraph_id": "003"
    }
  ],
  "score": {
    "paragraph_score": [
      {
        "paragraph_scoreT": [
          2.8,
          2.8,
          2
        ],
        "paragraph_scoreT_detail": {
          "paragraph_scoreT_exp": [
            [
              2,
              3,
              3
            ],
            [
              2,
              3,
              3
            ],
            [
              2,
              2,
              2
            ]
          ]
        },
        "paragraph_scoreT_avg": 2.5333333,
        "paragraph_id": "001"
      },
      {
        "paragraph_scoreT": [
          2.8,
          2.4,
          2
        ],
        "paragraph_scoreT_detail": {
          "paragraph_scoreT_exp": [
            [
              2,
              3,
              3
            ],
            [
              2,
              2,
              3
            ],
            [
              2,
              2,
              2
            ]
          ]
        },
        "paragraph_scoreT_avg": 2.3999999,
        "paragraph_id": "002"
      },
      {
        "paragraph_scoreT": [
          2.8,
          2.8,
          2
        ],
        "paragraph_scoreT_detail": {
          "paragraph_scoreT_exp": [
            [
              2,
              3,
              3
            ],
            [
              2,
              3,
              3
            ],
            [
              2,
              2,
              2
            ]
          ]
        },
        "paragraph_scoreT_avg": 2.5333333,
        "paragraph_id": "003"
      }
    ],
    "essay_scoreT": [
      26.099998,
      25.7,
      21.2
    ],
    "essay_scoreT_avg": 24.333334,
    "essay_scoreT_detail": {
      "essay_scoreT_org": [
        [
          2,
          3,
          2,
          2
        ],
        [
          3,
          3,
          2,
          3
        ],
        [
          1,
          2,
          2,
          3
        ]
      ],
      "essay_scoreT_cont": [
        [
          2,
          3,
          3,
          3
        ],
        [
          3,
          2,
          2,
          3
        ],
        [
          2,
          2,
          2,
          3
        ]
      ],
      "essay_scoreT_exp": [
        [
          2,
          3,
          3
        ],
        [
          2,
          2,
          3
        ],
        [
          3,
          2,
          2
        ]
      ]
    }
  },
  "student": {
    "date": "2021.09.03",
    "student_educated": true,
    "student_grade": "고등_2학년",
    "location": "051",
    "student_grade_group": "고등",
    "student_reading": 1
  },
  "rubric": {
    "essay_grade": "고등_2학년",
    "organization_weight": {
      "org_paragraph": 3,
      "org": 3,
      "org_essay": 3,
      "org_coherence": 3,
      "org_quantity": 1
    },
    "essay_type": "주장",
    "content_weight": {
      "con_clearance": 3,
      "con_novelty": 3,
      "con": 4,
      "con_prompt": 1,
      "con_description": 3
    },
    "essay_main_subject": "지적 재산권에 대한 본인의 생각 작성",
    "expression_weight": {
      "exp_style": 4,
      "exp_grammar": 2,
      "exp_vocab": 4,
      "exp": 3
    }
  },
  "correction": [],
  "info": {
    "essay_id": "ESSAY_35177",
    "essay_prompt": " 지적재산권이란 특허권, 실용신안권, 상표권, 디자인권을 총칭하는 개념으로 지적재산권법은 정보생산자에게 일정기간 동안 시장에서의 배타적 지위를 부여하고 있습니다.\n\n 즉, 지적 재산권은 특정 사람이 생각/창작해낸 것을 다른사람들의 무분별한 이용으로 부터 지켜주는 것입니다. 이러한 지적재산권은 개인 혹은 회사 더 나아가 나라에 귀속될 수 있습니다.\n\n 다만, 코로나 시대인 요즘 전 세계적인 재앙인 코로나를 물리칠 수 있는 백신에 대한 지적재산권을 자유롭게 풀어야한다는 의견이 계속해서 나오고 있습니다. \n\n 지적 재산권이 있는 제약회사가 있는 나라의 경우 백신이 충분하며 백신을 맞는 것이 선택의 문제인 반면, 그렇지 못한 나라는 백신을 맞고 싶어도 맞지 못하는 사람들이 많고 항체가 없어 사망하는 경우도 비교적 많이 때문입니다.\n\n 전 세계의 문제를 해결하기 위해 수 많은 돈을 들여 개발한 백신의 지적재산권을 공유하는 것이 의무화 되어야 할까요? 아니면 회사의 선택에 맡겨야할까요? 보상은 어떻게 해야할까요? \n\n 전 세계에 무상으로 공개 해야 한다는 의견이 있을 수도 있고 무상으로 공개한 회사의 경우 팬더믹 상황이 종결 된 후 따로 보상을 해주어야 한다는 의견도 있을 겁니다. 지적재산권의 변하지 않는 신뢰를 위해서라도 무상 공개는 절대 있어서는 안된다는 의견도 있을 것입니다.\n\n 지금까지도 펜더믹 상황에서 코로나19 백신에 대한 특허권을 보장해야 하느냐 풀어야 하느냐 의견이 분분합니다. 이에 대한 자신의 주장을 작성해주세요. 또한, 그렇게 생각한 이유도 설명해주세요.",
    "essay_type": "주장",
    "essay_level": "1",
    "essay_len": 980,
    "essay_main_subject": "지적 재산권에 대한 본인의 생각 작성"
  }
}