{
  "paragraph": [
    {
      "paragraph_txt": "코로나바이러스가 전 세계적으로 확산된 현 상황에서 세계 각지에서 동양인에 대한 혐오감이 표출되고 있는데, 물론 중국에서 발발한 것이 확실해진 지금 코로나 바이러스의 책임을 아시아인에게 돌리는 것은 무책임하며 오히려 지나친 일반화에 의한 모순이라고 생각이 된다. #@문장구분#적어도 중국에서 발발함을 비판하는 것이 옳다고 한다 해도 대부분의 국가에서 방역에 대한 수칙이나 시민의식의 결여에 의해 확산이 더 가속화된 사실은 부정할 수가 없다고 생각한다. #@문장구분#캐나다에서는 마스크에 대한 해방을 주장하며 시위를 벌였다고 하는데, 이러한 면에서 생각을 해 본다면 코로나 바이러스 확산에 더 기여한 민족은 어쩌면 아시아인이 아닐지도 모른다. #@문장구분#코로나 바이러스가 재앙처럼 다가오는 현실에서 아시아인들만을 싸잡아 혐오한다는 것은 앞에서도 언급했듯이 인과적 관계에서 모순이 발생하며 아시아인을 혐오하는 국가의 국민들은 그저 코로나 바이러스의 원인에만 집중하여 코로나로 인한 일상이나 혜택의 제한을 그저 아시아인의 탓으로 돌리고 싶은 심리일 뿐이라고 판단된다. #@문장구분#물론 시민의식이나 교육의 부재는 문제삼을 것이 되지 못하지만 내가 집중하고 싶은 관점은 코로나가 전 지구적으로 확산된 지금, 자신들이 코로나 바이러스의 원인이 되지 못한다는 생각만으로 안일하게 방역에 협조하지 않는 사람들의 시민의식이 가장 큰 문제점이라고 생각한다. #@문장구분#적어도 아시아인에 대한 혐오를 하는 사람들은 과연 완벽한 방역수칙 참여나 코로나 시대에 대한 시민의식이 탑재되어있는지도 생각해봐야 할 일이다.#@문장구분# 따라서 코로나 바이러스의 확산에 있어 아시아인에 대한 무차별적인 혐오는 오히려 적반하장의 경우라고 판단되며, 가장 좋은 시나리오는 이러한 차별에도 불구하고 전 지구적으로 방역에 힘써 빠른 시일 내에 코로나 바이러스를 이겨내는 것이라고 생각한다.#@문장구분#",
      "paragraph_len": 1023,
      "paragraph_id": "001"
    }
  ],
  "score": {
    "paragraph_score": [
      {
        "paragraph_scoreT": [
          3,
          3,
          3
        ],
        "paragraph_scoreT_detail": {
          "paragraph_scoreT_exp": [
            [
              3,
              3,
              3
            ],
            [
              3,
              3,
              3
            ],
            [
              3,
              3,
              3
            ]
          ]
        },
        "paragraph_scoreT_avg": 3,
        "paragraph_id": "001"
      }
    ],
    "essay_scoreT": [
      27.6,
      30,
      26.9
    ],
    "essay_scoreT_avg": 28.166666,
    "essay_scoreT_detail": {
      "essay_scoreT_org": [
        [
          3,
          3,
          3,
          3
        ],
        [
          3,
          3,
          3,
          3
        ],
        [
          2,
          2,
          2,
          3
        ]
      ],
      "essay_scoreT_cont": [
        [
          2,
          2,
          3,
          3
        ],
        [
          3,
          3,
          3,
          3
        ],
        [
          3,
          3,
          2,
          3
        ]
      ],
      "essay_scoreT_exp": [
        [
          3,
          3,
          3
        ],
        [
          3,
          3,
          3
        ],
        [
          3,
          3,
          3
        ]
      ]
    }
  },
  "student": {
    "date": "2021.09.02",
    "student_educated": true,
    "student_grade": "고등_2학년",
    "location": "051",
    "student_grade_group": "고등",
    "student_reading": 2
  },
  "rubric": {
    "essay_grade": "고등_2학년",
    "organization_weight": {
      "org_paragraph": 3,
      "org": 3,
      "org_essay": 3,
      "org_coherence": 3,
      "org_quantity": 1
    },
    "essay_type": "주장",
    "content_weight": {
      "con_clearance": 3,
      "con_novelty": 3,
      "con": 4,
      "con_prompt": 1,
      "con_description": 3
    },
    "essay_main_subject": "인종차별에 대한 본인의 생각",
    "expression_weight": {
      "exp_style": 4,
      "exp_grammar": 2,
      "exp_vocab": 4,
      "exp": 3
    }
  },
  "correction": [],
  "info": {
    "essay_id": "ESSAY_35721",
    "essay_prompt": " 최근 중국발 코로나바이러스로 인해 동양인에 대한 혐오감을 나타내는 서양인들이 늘어나고 있습니다. 그로 인해, 매스컴이나 SNS에서 인종차별을 받아 힘들어하는 동양인들을 자주 목격할 수 있습니다.\n\n 하지만, 최근에만 인종차별이 존재했을까요? 아닙니다. 아주 오래전부터 다른 인종에 대한 차별은 있었습니다.\n\n 우리나라에서는 인종차별을 안 하고 있을까요? 아닙니다. 우리나라에서도 알게 모르게 많은 부분에서 다른 국가의 사람들에 대해 인종차별을 하고 있으며 누군가에게 상처를 주고 있습니다.\n\n 즉, 인종차별은 누군가의 문제가 아니라 우리 모두의 문제입니다.\n\n 여러분들은 인종차별을 당해보신 적 있나요? 인종차별을 하는 사람들에 대해 어떻게 생각하시나요? 왜 생겨났다고 생각하나요? 인종차별을 근절하기 위해서는 어떻게 해야 할까요? 인종차별을 하는 사람들에 대해 전 세계적으로 처벌의 강도를 높여야 할까요?\n\n 인종차별을 하는 사람들에 대한 본인의 생각을 작성하고 인종차별은 해결할 수 있는 문제일지 아니면 해결하지 어려운 문제일지 작성해주세요. 또한, 그렇게 생각한 이유와 본인이 생각한 해결방법 혹은 해결할 수 없다면 왜 해결할 수 없다고 생각하는지 작성해주세요.",
    "essay_type": "주장",
    "essay_level": "1",
    "essay_len": 884,
    "essay_main_subject": "인종차별에 대한 본인의 생각"
  }
}