{
  "paragraph": [
    {
      "paragraph_txt": "2020년 초 전 세계에서는 코로나 바이러스가 퍼졌다.#@문장구분# 2020년에 퍼진 코로나 바이러스는 현재 2021년도에도 유행을 하고 있고 사람들은 코로나 바이러스의 면역 항체를 찾아 백신을 개발을 시작했고 아스트라제네카, 화이자, 얀센 등 세계 각국의 여러 회사에서 백신은 개발해 내놓았다. #@문장구분#이렇게 백신이 개발되면서 이 백신에 특허권을 주어야하냐 말아야 하냐와 같은 문제점이 생겨났다. #@문장구분#나는 백신의 특허권 부여를 반대한다.#@문장구분# 만약 백신에 특허권이 부여 된다면 전 세계 사람들 중 개발도상국이나 후진국에 사는 사람들은 백신의 가격이 부담스러워 백신을 맞기를 포기하여 코로나 팬데믹 상황이 보다 더 오래 지속 될 수 있다.#@문장구분# 또한, 제약 회사의 비밀주의가 강화된다.#@문장구분# 백신을 만드는 연구 과정과 연구 결과를 비밀로 만드는 비밀주의가 강화 된다면 사람들은 믿을 만한 백신이 나왔다 해도 연구 과정과 결과를 모르니 다들 쉬쉬하며 믿지  않을 뿐더러 미래 과학연구와 혁신이 저해되는 일이 발생할 수 있다. #@문장구분#그리고 백신의 본질을 찾아야 한다. #@문장구분#가장 기본에 충실해야 할 부분인 본질이 흐려지고 있다. #@문장구분# 코로나 백신은 코로나 바이러스를 이겨내고 걸리지 않게끔 하려고 개발을 하였는데 기업이 이윤 창출만을 목적으로 가격을 올린다면 인간이 잘못하면 죽을 수도 있는 인간의 생명권과 관련된 사안에 자본주의적 논리를 개입 시키는 것은 백신의 본질에 어긋난다고 생각한다.#@문장구분# 중요시 되어야 할 부분이 무엇인지 무엇인 중심이 되어야 하는지를 잘 살펴보고 알고 있어야 할 것이다. #@문장구분# 가장 상품화 되어선 안되는 의약품 분야에서 특허출원은 인간의 생명권을 침해하여 백신의 본질을 훼손한다고 생각한다.",
      "paragraph_len": 1033,
      "paragraph_id": "001"
    }
  ],
  "score": {
    "paragraph_score": [
      {
        "paragraph_scoreT": [
          3,
          2.4,
          3
        ],
        "paragraph_scoreT_detail": {
          "paragraph_scoreT_exp": [
            [
              3,
              3,
              3
            ],
            [
              2,
              3,
              2
            ],
            [
              3,
              3,
              3
            ]
          ]
        },
        "paragraph_scoreT_avg": 2.8,
        "paragraph_id": "001"
      }
    ],
    "essay_scoreT": [
      30,
      25.2,
      29.4
    ],
    "essay_scoreT_avg": 28.199999,
    "essay_scoreT_detail": {
      "essay_scoreT_org": [
        [
          3,
          3,
          3,
          3
        ],
        [
          3,
          2,
          2,
          3
        ],
        [
          3,
          3,
          3,
          1
        ]
      ],
      "essay_scoreT_cont": [
        [
          3,
          3,
          3,
          3
        ],
        [
          3,
          2,
          3,
          3
        ],
        [
          3,
          3,
          3,
          3
        ]
      ],
      "essay_scoreT_exp": [
        [
          3,
          3,
          3
        ],
        [
          2,
          3,
          2
        ],
        [
          3,
          3,
          3
        ]
      ]
    }
  },
  "student": {
    "date": "2021.12.03",
    "student_educated": true,
    "student_grade": "고등_2학년",
    "location": "063",
    "student_grade_group": "고등",
    "student_reading": 2
  },
  "rubric": {
    "essay_grade": "고등_2학년",
    "organization_weight": {
      "org_paragraph": 3,
      "org": 3,
      "org_essay": 3,
      "org_coherence": 3,
      "org_quantity": 1
    },
    "essay_type": "주장",
    "content_weight": {
      "con_clearance": 3,
      "con_novelty": 3,
      "con": 4,
      "con_prompt": 1,
      "con_description": 3
    },
    "essay_main_subject": "지적 재산권에 대한 본인의 생각 작성",
    "expression_weight": {
      "exp_style": 4,
      "exp_grammar": 2,
      "exp_vocab": 4,
      "exp": 3
    }
  },
  "correction": [],
  "info": {
    "essay_id": "ESSAY_53763",
    "essay_prompt": " 지적재산권이란 특허권, 실용신안권, 상표권, 디자인권을 총칭하는 개념으로 지적재산권법은 정보생산자에게 일정기간 동안 시장에서의 배타적 지위를 부여하고 있습니다.\n\n 즉, 지적 재산권은 특정 사람이 생각/창작해낸 것을 다른사람들의 무분별한 이용으로 부터 지켜주는 것입니다. 이러한 지적재산권은 개인 혹은 회사 더 나아가 나라에 귀속될 수 있습니다.\n\n 다만, 코로나 시대인 요즘 전 세계적인 재앙인 코로나를 물리칠 수 있는 백신에 대한 지적재산권을 자유롭게 풀어야한다는 의견이 계속해서 나오고 있습니다. \n\n 지적 재산권이 있는 제약회사가 있는 나라의 경우 백신이 충분하며 백신을 맞는 것이 선택의 문제인 반면, 그렇지 못한 나라는 백신을 맞고 싶어도 맞지 못하는 사람들이 많고 항체가 없어 사망하는 경우도 비교적 많이 때문입니다.\n\n 전 세계의 문제를 해결하기 위해 수 많은 돈을 들여 개발한 백신의 지적재산권을 공유하는 것이 의무화 되어야 할까요? 아니면 회사의 선택에 맡겨야할까요? 보상은 어떻게 해야할까요? \n\n 전 세계에 무상으로 공개 해야 한다는 의견이 있을 수도 있고 무상으로 공개한 회사의 경우 팬더믹 상황이 종결 된 후 따로 보상을 해주어야 한다는 의견도 있을 겁니다. 지적재산권의 변하지 않는 신뢰를 위해서라도 무상 공개는 절대 있어서는 안된다는 의견도 있을 것입니다.\n\n 지금까지도 펜더믹 상황에서 코로나19 백신에 대한 특허권을 보장해야 하느냐 풀어야 하느냐 의견이 분분합니다. 이에 대한 자신의 주장을 작성해주세요. 또한, 그렇게 생각한 이유도 설명해주세요.",
    "essay_type": "주장",
    "essay_level": "1",
    "essay_len": 814,
    "essay_main_subject": "지적 재산권에 대한 본인의 생각 작성"
  }
}