{
  "paragraph": [
    {
      "paragraph_txt": "난 단연 우리나라에서 가장 큰 평가지표의 오류는 수능이 아닐까 한다.#@문장구분# 그중 가장큰 문제는 역배점 문항으로 출제자가 의도적으로 쉽게 출제했음에도 정작 배점은 높게 부여하고, 반대로 어렵게 출제했는데 배점이 낮은 경우를 역배점 문항이라고 생각한다.#@문장구분# 물론 고의가 아니어도 문제점이 된다.#@문장구분# 쉬운 문제라고 냈는데 정답률이 의외로 매우 낮았거나, 어려운 문제라고 냈는데 정답률이 의외로 매우 높게 되면 출제자의 의도와 어긋나게 된 것이며, 평가 결과에 상당한 문제를 초래할 수 있다.#@문장구분# 이는 즉 평가지표로써 제대로 시현되지 않았다고 볼수 있고 실제로 이런일이 비일비제하게 발생한다.#@문장구분#대표적으로, 수학 영역에서 3점짜리 문항과 매우 어렵게 나온 4점짜리 문항의 배점 차이가 겨우 1점밖에 안 난다.#@문장구분# 또한 과학적 지식이 충분해도 1등급을 못 받는 과학탐구 영역은 이미 고도의 사고력과 변별력 싸움으로 변질되어 위에서 언급했던 '역배점'을 그냥 의도적으로 넣어두는 실정이다. #@문장구분#이는 사실상 응시생들에게 시간이 촉박하거나 여력이 없더라도 알아서 배점과 난도를 고려해 도박을 하라는 셈이나 다름 없다.#@문장구분# 억울하지 않은가?#@문장구분# 몇년동안 공부하고 단 몇시간으로 평가받는 시험에서 이러한 얼토당토 않은 기준으로 나의 인생이 결정된다는 것이? 역배점으로 인한 혼란은 가해질 수 있지만, 평가적 차원에서 갖는 의미는 사실상 없다. #@문장구분#이러한 평가원의 독재적이고 변태적 출제 방식을 막으려면 정답률에 따른 배점제가 필요해보인다.#@문장구분# 또한 대학수학능력시험은 이미 수십년간 진행되어온 대한민국 기본교육의 최고시험이다.#@문장구분# 이런시험이 폐지되는것은 꿈에서나 생기는 일일것이다.#@문장구분# 가장 좋은 해결방법은 수능에 목매이는 것을 해결하기위해 더 다양한 평가기준과 방법을 만드는 것이다.#@문장구분# 이렇게되면 옳지않은 평가지표인 수능의 힘이 쇠퇴할것이라고 생각한다.#@문장구분#",
      "paragraph_len": 1187,
      "paragraph_id": "001"
    }
  ],
  "score": {
    "paragraph_score": [
      {
        "paragraph_scoreT": [
          3,
          3,
          2.8
        ],
        "paragraph_scoreT_detail": {
          "paragraph_scoreT_exp": [
            [
              3,
              3,
              3
            ],
            [
              3,
              3,
              3
            ],
            [
              2,
              3,
              3
            ]
          ]
        },
        "paragraph_scoreT_avg": 2.9333334,
        "paragraph_id": "001"
      }
    ],
    "essay_scoreT": [
      28.8,
      28.8,
      26.599998
    ],
    "essay_scoreT_avg": 28.066666,
    "essay_scoreT_detail": {
      "essay_scoreT_org": [
        [
          3,
          0,
          3,
          3
        ],
        [
          3,
          0,
          3,
          3
        ],
        [
          3,
          0,
          3,
          3
        ]
      ],
      "essay_scoreT_cont": [
        [
          3,
          2,
          3,
          3
        ],
        [
          3,
          2,
          3,
          3
        ],
        [
          2,
          2,
          2,
          3
        ]
      ],
      "essay_scoreT_exp": [
        [
          3,
          3,
          3
        ],
        [
          3,
          3,
          3
        ],
        [
          2,
          3,
          3
        ]
      ]
    }
  },
  "student": {
    "date": "2021.12.24",
    "student_educated": true,
    "student_grade": "고등_1학년",
    "location": "063",
    "student_grade_group": "고등",
    "student_reading": 1
  },
  "rubric": {
    "essay_grade": "고등_1학년",
    "organization_weight": {
      "org_paragraph": 0,
      "org": 3,
      "org_essay": 6,
      "org_coherence": 3,
      "org_quantity": 1
    },
    "essay_type": "주장",
    "content_weight": {
      "con_clearance": 3,
      "con_novelty": 3,
      "con": 4,
      "con_prompt": 1,
      "con_description": 3
    },
    "essay_main_subject": "평가에 대한 본인의 의견",
    "expression_weight": {
      "exp_style": 4,
      "exp_grammar": 2,
      "exp_vocab": 4,
      "exp": 3
    }
  },
  "correction": [],
  "info": {
    "essay_id": "ESSAY_76793",
    "essay_prompt": " 평가는 일반적으로 평가대상의 장점과 가치를 결정하는 과정을 말합니다.\n\n 세상에는 무수히 많은 평가 방법들이 존재하고 그 주제도 다양합니다.\n\n 우리나라의 경우는 어떨까요? 중간, 기말시험이 있고 미술과 같은 기본기와 창의성을 평가하는 과목도 있습니다. 체육과 같은 신체적인 능력을 평가하는 과목도 있지요. 모두 적절한 기준이 있으며 매우 객관적인 기준이라고 말합니다.\n\n 하지만 여러분이 생각하기에 모든 학생을 동일한 평가지표에 맞추어 평가하는 것이 올바른 방식이라고 생각하나요?\n\n 사람마다 특성이 존재하듯 각각의 목표 또한 다르고 성과도 다를 수 있습니다. 특정 기준에 의존해 본인의 성과도를 평가하는 것이 바르다고 생각되나요?\n\n 현재의 평가 방식은 최고의 객관적인 평가 방식이라고 생각하신다면 그 이유를 작성해주세요. 아니라면 어떤 평가 기준이 추가되어야 하고 또한 어떤 생각으로 평가가 이루어졌으면 좋겠는지 서술해 주세요.",
    "essay_type": "주장",
    "essay_level": "2",
    "essay_len": 889,
    "essay_main_subject": "평가에 대한 본인의 의견"
  }
}