{
  "paragraph": [
    {
      "paragraph_txt": "우리나라의 평가 방식은 최고의 객관적인 평가 방식이라고 생각합니다. #@문장구분#그 이유는 일단 이러한 평가 기준을 만들 때 우리나라 최고의 교육 전문가들이 힘을 합처서 논의하여 기준을 만들기 때문에 가장 적절한 평가 기준이고 우리가 학생 으로써는 무조건 성취 해야하는 기준이다.#@문장구분# 이제 본론으로 들어가자면 사람들은 다양하고 각자의 성격 행동 성향 등 다양하기 때문에 평가기준을 각각 한 사람에게 맞추어서 평가를 하다 보면 평가 기준이 달라저서 불공평하고 불공정한 일이 방생할 수 있다.#@문장구분# 예를들자면 어떤 친구는 국어 평가시간에 글쓰기를 잘하여서 글쓰기로 평가를 하고 또 다른친구는 토론을 잘하여서 토론으로 평가를 보았지만 글쓰기를 잘하는친구는 글쓰기를 잘하여서 A를 맞았지만 또 다른친구는 토론을 잘한다 하여도 각자의 난이도 차이가 있기 때문에 평가기준이달라 B를 맞아버리는 상황이 발생 할수도있다.#@문장구분# 이렇게 되어 버리면 둘다 가장 잘하는 능력이 평가에서 차이가 발생할수 있다.#@문장구분# 따라서 이렇게 다양하게 평가를 실시하게 되어버리면 명확한 기준이 없어서 불공평하고 불공정한 일이 생길수도 있기 때문에 우리나라의 평가 방식은 최고의 객관적인 평가 방식이라고 생각합니다.#@문장구분# 존의 교육평가의 방식을 개선하려는 노력을 통해 교육평가의 본질적인 정의를 실현하고자 함은 분명히 틀림없다.#@문장구분# 따라서 수학능력시험은 교육평가의 정의를 제대로 실현하고 있다고 생각한다.#@문장구분# 마지막으로 덧붙여서 말하자면, 앞으로도 수학능력평가에 대한 문제점 또한 제기되고  비판되올 것이다.#@문장구분# 하지만 이에 무반응하지 않고 개선하려는 노력 또한 필요할 것으로 보인다.#@문장구분#",
      "paragraph_len": 984,
      "paragraph_id": "001"
    }
  ],
  "score": {
    "paragraph_score": [
      {
        "paragraph_scoreT": [
          2.8,
          2.8,
          2
        ],
        "paragraph_scoreT_detail": {
          "paragraph_scoreT_exp": [
            [
              2,
              3,
              3
            ],
            [
              2,
              3,
              3
            ],
            [
              2,
              2,
              2
            ]
          ]
        },
        "paragraph_scoreT_avg": 2.5333333,
        "paragraph_id": "001"
      }
    ],
    "essay_scoreT": [
      29.1,
      25.5,
      27
    ],
    "essay_scoreT_avg": 27.199999,
    "essay_scoreT_detail": {
      "essay_scoreT_org": [
        [
          3,
          0,
          3,
          2
        ],
        [
          2,
          0,
          2,
          3
        ],
        [
          3,
          0,
          3,
          3
        ]
      ],
      "essay_scoreT_cont": [
        [
          3,
          3,
          3,
          3
        ],
        [
          3,
          2,
          3,
          3
        ],
        [
          3,
          3,
          3,
          3
        ]
      ],
      "essay_scoreT_exp": [
        [
          2,
          3,
          3
        ],
        [
          2,
          3,
          3
        ],
        [
          2,
          2,
          2
        ]
      ]
    }
  },
  "student": {
    "date": "2021.12.23",
    "student_educated": true,
    "student_grade": "고등_1학년",
    "location": "054",
    "student_grade_group": "고등",
    "student_reading": 1
  },
  "rubric": {
    "essay_grade": "고등_1학년",
    "organization_weight": {
      "org_paragraph": 0,
      "org": 3,
      "org_essay": 6,
      "org_coherence": 3,
      "org_quantity": 1
    },
    "essay_type": "주장",
    "content_weight": {
      "con_clearance": 3,
      "con_novelty": 3,
      "con": 4,
      "con_prompt": 1,
      "con_description": 3
    },
    "essay_main_subject": "평가에 대한 본인의 의견",
    "expression_weight": {
      "exp_style": 4,
      "exp_grammar": 2,
      "exp_vocab": 4,
      "exp": 3
    }
  },
  "correction": [],
  "info": {
    "essay_id": "ESSAY_76653",
    "essay_prompt": " 평가는 일반적으로 평가대상의 장점과 가치를 결정하는 과정을 말합니다.\n\n 세상에는 무수히 많은 평가 방법들이 존재하고 그 주제도 다양합니다.\n\n 우리나라의 경우는 어떨까요? 중간, 기말시험이 있고 미술과 같은 기본기와 창의성을 평가하는 과목도 있습니다. 체육과 같은 신체적인 능력을 평가하는 과목도 있지요. 모두 적절한 기준이 있으며 매우 객관적인 기준이라고 말합니다.\n\n 하지만 여러분이 생각하기에 모든 학생을 동일한 평가지표에 맞추어 평가하는 것이 올바른 방식이라고 생각하나요?\n\n 사람마다 특성이 존재하듯 각각의 목표 또한 다르고 성과도 다를 수 있습니다. 특정 기준에 의존해 본인의 성과도를 평가하는 것이 바르다고 생각되나요?\n\n 현재의 평가 방식은 최고의 객관적인 평가 방식이라고 생각하신다면 그 이유를 작성해주세요. 아니라면 어떤 평가 기준이 추가되어야 하고 또한 어떤 생각으로 평가가 이루어졌으면 좋겠는지 서술해 주세요.",
    "essay_type": "주장",
    "essay_level": "2",
    "essay_len": 786,
    "essay_main_subject": "평가에 대한 본인의 의견"
  }
}