{
  "paragraph": [
    {
      "paragraph_txt": "평가라는것은 어떤 작품을 보고, 어떤 작품을 느끼고 그것을 평가하는 것은 누구나가 할 수 있는 일이다.#@문장구분# 개인적으로 처음에는 꺼려했던 일이다.#@문장구분# 자신이 정말 좋아한다면 머릿속에 계속 남아있을 것이라는 생각을 했다.#@문장구분# 그리고 하나 배우게 되었죠.#@문장구분# 이런 작품이 있고 이 작품은 이래서 좋았고 이런 점이 별로였구나..#@문장구분# 나는 그때 이런 생각을 하면서 이 작품을 읽었구나를 말이가. 그렇다고 꼭 좋은 것만 있는 것은 아니었다.#@문장구분# 난 그 자리를 어떤 작품도 올릴 생각이 없대. 왜냐고 묻는다면 간단하다.#@문장구분# 사람은 완벽하지 않고 모든 지식과 지혜를 모두 알 수는 없다.#@문장구분# 만약 그 작품을 보고 완벽하다 대단하다고 느낀다면 아마 그 사람의 수준은 그 책 정도뿐이라고 본다.#@문장구분# 물론 그 책이 정말 완벽해 보이고 대단해 보인다 해도 그 이상을 배우지 못하고 느끼지 못한 사람이라고 생각한다.#@문장구분# 그렇기에 전 더 많은 작품을 보고 느끼고 싶다.#@문장구분# 완벽이란 이상과 같다고 생각한다.#@문장구분# 하지만 이상은 잡을 수 없는 존재라고 생각한다.#@문장구분# 잡을 수 없지만 잡을 수 있을 것만 같은..#@문장구분# 그런 것이 이상이 아닐까 싶다.#@문장구분# 그리고 죽을 때까지 그 이상을 잡을 일은 없다.#@문장구분# 마지막에 가서 결정하는 거다. 결말을 내리는 것이다.#@문장구분# 자신의 이상은, 자신이 상상했던 완벽은 이것이라고..#@문장구분# 물론, 사람 일은 알 수 없는 것이니 갑작스럽게 떠나갈 수도 있겠지만 평범한 죽음을 맞이한다면 어쩌면 자신의 인생에 있어 가장 완벽한 것을 결정 지을 수 있겠다.#@문장구분# 결국 완벽하지 않았지만 자신의 그릇과 그 안에 담은 수많은 음식들 그리고 내가 원했던 음식. 그 음식이 내가 원했던 원하지 않았던 내가 알고 있는 것은 그 음식의 양과 질로 결정되겠다.#@문장구분#",
      "paragraph_len": 1223,
      "paragraph_id": "001"
    }
  ],
  "score": {
    "paragraph_score": [
      {
        "paragraph_scoreT": [
          3,
          3,
          3
        ],
        "paragraph_scoreT_detail": {
          "paragraph_scoreT_exp": [
            [
              3,
              3,
              3
            ],
            [
              3,
              3,
              3
            ],
            [
              3,
              3,
              3
            ]
          ]
        },
        "paragraph_scoreT_avg": 3,
        "paragraph_id": "001"
      }
    ],
    "essay_scoreT": [
      24.2,
      22.9,
      28.4
    ],
    "essay_scoreT_avg": 25.166666,
    "essay_scoreT_detail": {
      "essay_scoreT_org": [
        [
          2,
          0,
          3,
          3
        ],
        [
          2,
          0,
          2,
          3
        ],
        [
          3,
          0,
          3,
          3
        ]
      ],
      "essay_scoreT_cont": [
        [
          2,
          2,
          2,
          2
        ],
        [
          3,
          1,
          1,
          2
        ],
        [
          2,
          3,
          2,
          3
        ]
      ],
      "essay_scoreT_exp": [
        [
          3,
          3,
          3
        ],
        [
          3,
          3,
          3
        ],
        [
          3,
          3,
          3
        ]
      ]
    }
  },
  "student": {
    "date": "2021.12.19",
    "student_educated": true,
    "student_grade": "고등_1학년",
    "location": "063",
    "student_grade_group": "고등",
    "student_reading": 1
  },
  "rubric": {
    "essay_grade": "고등_1학년",
    "organization_weight": {
      "org_paragraph": 0,
      "org": 3,
      "org_essay": 6,
      "org_coherence": 3,
      "org_quantity": 1
    },
    "essay_type": "주장",
    "content_weight": {
      "con_clearance": 3,
      "con_novelty": 3,
      "con": 4,
      "con_prompt": 1,
      "con_description": 3
    },
    "essay_main_subject": "평가에 대한 본인의 의견",
    "expression_weight": {
      "exp_style": 4,
      "exp_grammar": 2,
      "exp_vocab": 4,
      "exp": 3
    }
  },
  "correction": [],
  "info": {
    "essay_id": "ESSAY_73709",
    "essay_prompt": " 평가는 일반적으로 평가대상의 장점과 가치를 결정하는 과정을 말합니다.\n\n 세상에는 무수히 많은 평가 방법들이 존재하고 그 주제도 다양합니다.\n\n 우리나라의 경우는 어떨까요? 중간, 기말시험이 있고 미술과 같은 기본기와 창의성을 평가하는 과목도 있습니다. 체육과 같은 신체적인 능력을 평가하는 과목도 있지요. 모두 적절한 기준이 있으며 매우 객관적인 기준이라고 말합니다.\n\n 하지만 여러분이 생각하기에 모든 학생을 동일한 평가지표에 맞추어 평가하는 것이 올바른 방식이라고 생각하나요?\n\n 사람마다 특성이 존재하듯 각각의 목표 또한 다르고 성과도 다를 수 있습니다. 특정 기준에 의존해 본인의 성과도를 평가하는 것이 바르다고 생각되나요?\n\n 현재의 평가 방식은 최고의 객관적인 평가 방식이라고 생각하신다면 그 이유를 작성해주세요. 아니라면 어떤 평가 기준이 추가되어야 하고 또한 어떤 생각으로 평가가 이루어졌으면 좋겠는지 서술해 주세요.",
    "essay_type": "주장",
    "essay_level": "2",
    "essay_len": 823,
    "essay_main_subject": "평가에 대한 본인의 의견"
  }
}