{
  "paragraph": [
    {
      "paragraph_txt": "대부분이 생각하는 수학능력시험 은 복습용 차원이라고 생각하겠지만 거기에다 자신이 배우지 못한 지식을 활용한다는 것이다.#@문장구분# 해서 수학능력시험 에 대해서 나는 교육평가의 정의를 제대로 실현하지 못한다고 생각한다.#@문장구분# 가끔씩 수학능력시험 에 대한 뉴스나 기사를 보는데 별로 달라진 점이 없다.#@문장구분# 또한 기존의 수학능력시험은 자신의 지식 복습 범위를 증폭시킬 수 있지만 또다른 외부의 지식을 사용하여 한계를 넣어버릴 수 있다.#@문장구분# 지금의 수학능력시험에 대한 정보를 다 넘겨진 것은 사실이지만 내년에 나오는 수학능력시험때 자신의 지식만을 사용하는 것은 안 될 일이지만 뇌가 복잡해지는 것을 막기 위해서 수학능력시험이 교육평가의 정의를 제대로 실현하지 않다고 생각한다.#@문장구분# 따라서 이 입장에서는 의사결정에 필요하다면 교육의 성과뿐만 아니라 정책, 제도, 시설, 재정 등과 같이 교육에 투입되고 운영되는 투입과 과정에 관한 정보도 수집하여 활용할 것을 강조한다.#@문장구분# 따라서 이 입장에서는 의사결정에 필요하다면 교육의 성과뿐만 아니라 정책, 제도, 시설, 재정 등과 같이 교육에 투입되고 운영되는 투입과 과정에 관한 정보도 수집하여 활용할 것을 강조한다.#@문장구분# 가치판단 중심 정의는 교육평가를 교육과 관련된 어떤 대상의 장점, 질, 가치 등을 판단하는 과정과 그 산물로 규정한다.#@문장구분# 대표적인 학자로는 Michael S. Scriven과 Robert E. Stake 등을 들 수 있다.#@문장구분# 이 입장에서는 교육평가의 과정을 우선 평가기준을 설정하고 관련 정보를 수집한 뒤에 평가기준을 적용하여 대상의 가치나 유용성, 효과, 중요성 등을 판단하는 것으로 종료된다고 주장한다.#@문장구분#",
      "paragraph_len": 997,
      "paragraph_id": "001"
    }
  ],
  "score": {
    "paragraph_score": [
      {
        "paragraph_scoreT": [
          2.8,
          2,
          2
        ],
        "paragraph_scoreT_detail": {
          "paragraph_scoreT_exp": [
            [
              2,
              3,
              3
            ],
            [
              2,
              2,
              2
            ],
            [
              2,
              2,
              2
            ]
          ]
        },
        "paragraph_scoreT_avg": 2.2666667,
        "paragraph_id": "001"
      }
    ],
    "essay_scoreT": [
      25.8,
      21.2,
      22.699999
    ],
    "essay_scoreT_avg": 23.233332,
    "essay_scoreT_detail": {
      "essay_scoreT_org": [
        [
          3,
          0,
          3,
          3
        ],
        [
          2,
          0,
          2,
          2
        ],
        [
          2,
          0,
          2,
          3
        ]
      ],
      "essay_scoreT_cont": [
        [
          3,
          1,
          3,
          2
        ],
        [
          3,
          2,
          2,
          2
        ],
        [
          3,
          2,
          2,
          3
        ]
      ],
      "essay_scoreT_exp": [
        [
          2,
          3,
          3
        ],
        [
          2,
          2,
          2
        ],
        [
          2,
          2,
          2
        ]
      ]
    }
  },
  "student": {
    "date": "2021.12.21",
    "student_educated": true,
    "student_grade": "고등_1학년",
    "location": "063",
    "student_grade_group": "고등",
    "student_reading": 2
  },
  "rubric": {
    "essay_grade": "고등_1학년",
    "organization_weight": {
      "org_paragraph": 0,
      "org": 3,
      "org_essay": 6,
      "org_coherence": 3,
      "org_quantity": 1
    },
    "essay_type": "주장",
    "content_weight": {
      "con_clearance": 3,
      "con_novelty": 3,
      "con": 4,
      "con_prompt": 1,
      "con_description": 3
    },
    "essay_main_subject": "평가에 대한 본인의 의견",
    "expression_weight": {
      "exp_style": 4,
      "exp_grammar": 2,
      "exp_vocab": 4,
      "exp": 3
    }
  },
  "correction": [],
  "info": {
    "essay_id": "ESSAY_76454",
    "essay_prompt": " 평가는 일반적으로 평가대상의 장점과 가치를 결정하는 과정을 말합니다.\n\n 세상에는 무수히 많은 평가 방법들이 존재하고 그 주제도 다양합니다.\n\n 우리나라의 경우는 어떨까요? 중간, 기말시험이 있고 미술과 같은 기본기와 창의성을 평가하는 과목도 있습니다. 체육과 같은 신체적인 능력을 평가하는 과목도 있지요. 모두 적절한 기준이 있으며 매우 객관적인 기준이라고 말합니다.\n\n 하지만 여러분이 생각하기에 모든 학생을 동일한 평가지표에 맞추어 평가하는 것이 올바른 방식이라고 생각하나요?\n\n 사람마다 특성이 존재하듯 각각의 목표 또한 다르고 성과도 다를 수 있습니다. 특정 기준에 의존해 본인의 성과도를 평가하는 것이 바르다고 생각되나요?\n\n 현재의 평가 방식은 최고의 객관적인 평가 방식이라고 생각하신다면 그 이유를 작성해주세요. 아니라면 어떤 평가 기준이 추가되어야 하고 또한 어떤 생각으로 평가가 이루어졌으면 좋겠는지 서술해 주세요.",
    "essay_type": "주장",
    "essay_level": "2",
    "essay_len": 798,
    "essay_main_subject": "평가에 대한 본인의 의견"
  }
}