{
  "paragraph": [
    {
      "paragraph_txt": "제시문을 읽고, 과연 현재의 평가 방식이 최고의 객관적인 평가 방식인가 생각해보았습니다.#@문장구분# 학교 내에서 학생들이 배우는 과목은 다양합니다.#@문장구분# 학생의 창의력과 미적 수준을 평가하는 미술, 학생의 수리 능력을 판단하는 수학, 학생의 신체능력을 평가하는 체육 등 다양한 과목이 있습니다.#@문장구분# 현재보다 더 객관적으로 학생들을 판단할 수 있는 방법이 무엇이 있을까 생각해보았습니다.#@문장구분# 학생들마다 저마다의 개인적인 사정이 존재할 수 있지만, 그렇다고 현재보다 따로 기준을 세분화 하는것은 불가능 하다고 생각합니다.#@문장구분# 제주변 친구들이 현재 가장 중요하게 생각하는 대입에서도 학생들의 개인적인 환경을 고려해 다양한 기준을 두고있습니다.#@문장구분# 하지만 이러한 대입 과정에서도 문제가 발생합니다.#@문장구분# 최근에는 재외국민의 대학 특례입학에 대한 문제가 불거지기도 했습니다.#@문장구분# 이러한 현상을 생각해보면, 현재의 평가 방식이 더욱 객관적으로 발전할 수는 없다고 생각합니다.#@문장구분# 미술과목에서 학생들을 평가하는 방식을 예로 들겠습니다.#@문장구분# 저는 미술 과목이 주로 창의력과 미적 수준을 기준으로 학생을 평가한다고 생각합니다.#@문장구분# 대다수의 학교에서 한 학기, 약 4~5개월의 시간동안 학생들을 평가합니다.#@문장구분# 짧은 시간동안 교사가 학생을 객관적으로 판단 할 수는 없다고 생각합니다.#@문장구분# 그래서인지 대부분의 학교에서는 학생을 보다 객관적으로 판단하기 위해 미술과목과 같은 예체능 과목에서도 지필시험 점수를 평가기준에 반영하기도 합니다.#@문장구분# 비록 미술과목에 대한 학생들의 기본지식이 다를 수 있습니다.#@문장구분# 하지만 저는 학생의 관심사, 환경이 다르지만 그것조차 고려해주는것은 다른 문제를 발생시킬것이라고 생각합니다.#@문장구분# 따라서 저는 현재의 평가 방식이 가장 객관적인 평가 방식이라고 생각합니다.#@문장구분#",
      "paragraph_len": 1182,
      "paragraph_id": "001"
    }
  ],
  "score": {
    "paragraph_score": [
      {
        "paragraph_scoreT": [
          2.8,
          2.6,
          2.2
        ],
        "paragraph_scoreT_detail": {
          "paragraph_scoreT_exp": [
            [
              2,
              3,
              3
            ],
            [
              3,
              3,
              2
            ],
            [
              3,
              2,
              2
            ]
          ]
        },
        "paragraph_scoreT_avg": 2.533333,
        "paragraph_id": "001"
      }
    ],
    "essay_scoreT": [
      27,
      24.6,
      22.5
    ],
    "essay_scoreT_avg": 24.699999,
    "essay_scoreT_detail": {
      "essay_scoreT_org": [
        [
          3,
          0,
          3,
          3
        ],
        [
          2,
          0,
          3,
          3
        ],
        [
          2,
          0,
          2,
          3
        ]
      ],
      "essay_scoreT_cont": [
        [
          3,
          2,
          3,
          2
        ],
        [
          3,
          2,
          3,
          2
        ],
        [
          3,
          2,
          3,
          2
        ]
      ],
      "essay_scoreT_exp": [
        [
          2,
          3,
          3
        ],
        [
          3,
          3,
          2
        ],
        [
          3,
          2,
          2
        ]
      ]
    }
  },
  "student": {
    "date": "2021.12.14",
    "student_educated": true,
    "student_grade": "고등_1학년",
    "location": "054",
    "student_grade_group": "고등",
    "student_reading": 1
  },
  "rubric": {
    "essay_grade": "고등_1학년",
    "organization_weight": {
      "org_paragraph": 0,
      "org": 3,
      "org_essay": 6,
      "org_coherence": 3,
      "org_quantity": 1
    },
    "essay_type": "주장",
    "content_weight": {
      "con_clearance": 3,
      "con_novelty": 3,
      "con": 4,
      "con_prompt": 1,
      "con_description": 3
    },
    "essay_main_subject": "평가에 대한 본인의 의견",
    "expression_weight": {
      "exp_style": 4,
      "exp_grammar": 2,
      "exp_vocab": 4,
      "exp": 3
    }
  },
  "correction": [],
  "info": {
    "essay_id": "ESSAY_78613",
    "essay_prompt": " 평가는 일반적으로 평가대상의 장점과 가치를 결정하는 과정을 말합니다.\n\n 세상에는 무수히 많은 평가 방법들이 존재하고 그 주제도 다양합니다.\n\n 우리나라의 경우는 어떨까요? 중간, 기말시험이 있고 미술과 같은 기본기와 창의성을 평가하는 과목도 있습니다. 체육과 같은 신체적인 능력을 평가하는 과목도 있지요. 모두 적절한 기준이 있으며 매우 객관적인 기준이라고 말합니다.\n\n 하지만 여러분이 생각하기에 모든 학생을 동일한 평가지표에 맞추어 평가하는 것이 올바른 방식이라고 생각하나요?\n\n 사람마다 특성이 존재하듯 각각의 목표 또한 다르고 성과도 다를 수 있습니다. 특정 기준에 의존해 본인의 성과도를 평가하는 것이 바르다고 생각되나요?\n\n 현재의 평가 방식은 최고의 객관적인 평가 방식이라고 생각하신다면 그 이유를 작성해주세요. 아니라면 어떤 평가 기준이 추가되어야 하고 또한 어떤 생각으로 평가가 이루어졌으면 좋겠는지 서술해 주세요.",
    "essay_type": "주장",
    "essay_level": "2",
    "essay_len": 842,
    "essay_main_subject": "평가에 대한 본인의 의견"
  }
}