{
  "paragraph": [
    {
      "paragraph_txt": "우리가 보는 수능. 수능은 한번의 시험으로 한사람 한사람의 대학진학을위해 시험을 치리는거고 또 평가하는것이기도 하기 때문입니다.#@문장구분# 평가를 할 때 좋지 못한 가족환경이나 부적절한 생활로 그사람을 낮게 쳐다보거나 하대하는 경우들도 많고 돈 많고 부유하면 그사람을 높게쳐다보기 때문인데 왜 사람을 경제적,돈 그런걸로 평가하나요?#@문장구분# 물론 다 그렇게 평가하진 않겠지만요.#@문장구분# 모든 학생을 동일한 평가한다는 것이 올바르냐 올바르지않냐 에서는 저는 올바르지 않다고 생각합니다.#@문장구분# 수험생들에게 과중한 심리적 부담을 주면서 교육적 효과는 매우 낮다는 점 등등 으로 설명하였다.#@문장구분# 예를 들어 과학 탐구 영역에서 화학과 생명과학에 비해 전공과 연관성이 적은 물리학과 지구과학을 선택하더라도 의예과에 진학할 수 있다는 것이다.#@문장구분# 이는 즉 현재의 대학수학능력시험이 학생이 학과와 적성이 맞는지를 평가하지 못하고 있다는 것을 의미한다.#@문장구분# 현재의 대학수학능력시험은 선택 과목과 해당 학과의 전공 적합성이 고려되지 않고 있다.#@문장구분# 예를 들어 과학 탐구 영역에서 화학과 생명과학에 비해 전공과 연관성이 적은 물리학과 지구과학을 선택하더라도 의예과에 진학할 수 있다는 것이다.#@문장구분# 이는 즉 현재의 대학수학능력시험이 학생이 학과와 적성이 맞는지를 평가하지 못하고 있다는 것을 의미한다. #@문장구분#기존의 방식을 버리고 수학능력시험을 도입하였다는 것을 보여주는 문제점임을 알 수있다.#@문장구분# 이를 통해 수학능력시험은 교육평가의 질적 향상을 목표로 도입한 것으로 생각한다.#@문장구분# 기존의 교육평가의 방식을 개선하려는 노력을 통해 교육평가의 본질적인 정의를 실현하고자 함은 분명히 틀림없다.#@문장구분# 따라서 수학능력시험은 교육평가의 정의를 제대로 실현하고 있다고 생각한다.#@문장구분#",
      "paragraph_len": 1107,
      "paragraph_id": "001"
    }
  ],
  "score": {
    "paragraph_score": [
      {
        "paragraph_scoreT": [
          2,
          2.4,
          2.4
        ],
        "paragraph_scoreT_detail": {
          "paragraph_scoreT_exp": [
            [
              2,
              2,
              2
            ],
            [
              2,
              3,
              2
            ],
            [
              2,
              3,
              2
            ]
          ]
        },
        "paragraph_scoreT_avg": 2.2666667,
        "paragraph_id": "001"
      }
    ],
    "essay_scoreT": [
      20.699999,
      26.100002,
      17.2
    ],
    "essay_scoreT_avg": 21.333334,
    "essay_scoreT_detail": {
      "essay_scoreT_org": [
        [
          2,
          0,
          2,
          3
        ],
        [
          3,
          0,
          2,
          3
        ],
        [
          2,
          0,
          2,
          2
        ]
      ],
      "essay_scoreT_cont": [
        [
          2,
          2,
          3,
          2
        ],
        [
          3,
          2,
          3,
          3
        ],
        [
          1,
          1,
          1,
          1
        ]
      ],
      "essay_scoreT_exp": [
        [
          2,
          2,
          2
        ],
        [
          2,
          3,
          2
        ],
        [
          2,
          3,
          2
        ]
      ]
    }
  },
  "student": {
    "date": "2021.12.29",
    "student_educated": true,
    "student_grade": "고등_1학년",
    "location": "063",
    "student_grade_group": "고등",
    "student_reading": 2
  },
  "rubric": {
    "essay_grade": "고등_1학년",
    "organization_weight": {
      "org_paragraph": 0,
      "org": 3,
      "org_essay": 6,
      "org_coherence": 3,
      "org_quantity": 1
    },
    "essay_type": "주장",
    "content_weight": {
      "con_clearance": 3,
      "con_novelty": 3,
      "con": 4,
      "con_prompt": 1,
      "con_description": 3
    },
    "essay_main_subject": "평가에 대한 본인의 의견",
    "expression_weight": {
      "exp_style": 4,
      "exp_grammar": 2,
      "exp_vocab": 4,
      "exp": 3
    }
  },
  "correction": [],
  "info": {
    "essay_id": "ESSAY_84206",
    "essay_prompt": " 평가는 일반적으로 평가대상의 장점과 가치를 결정하는 과정을 말합니다.\n\n 세상에는 무수히 많은 평가 방법들이 존재하고 그 주제도 다양합니다.\n\n 우리나라의 경우는 어떨까요? 중간, 기말시험이 있고 미술과 같은 기본기와 창의성을 평가하는 과목도 있습니다. 체육과 같은 신체적인 능력을 평가하는 과목도 있지요. 모두 적절한 기준이 있으며 매우 객관적인 기준이라고 말합니다.\n\n 하지만 여러분이 생각하기에 모든 학생을 동일한 평가지표에 맞추어 평가하는 것이 올바른 방식이라고 생각하나요?\n\n 사람마다 특성이 존재하듯 각각의 목표 또한 다르고 성과도 다를 수 있습니다. 특정 기준에 의존해 본인의 성과도를 평가하는 것이 바르다고 생각되나요?\n\n 현재의 평가 방식은 최고의 객관적인 평가 방식이라고 생각하신다면 그 이유를 작성해주세요. 아니라면 어떤 평가 기준이 추가되어야 하고 또한 어떤 생각으로 평가가 이루어졌으면 좋겠는지 서술해 주세요.",
    "essay_type": "주장",
    "essay_level": "2",
    "essay_len": 829,
    "essay_main_subject": "평가에 대한 본인의 의견"
  }
}