{
  "paragraph": [
    {
      "paragraph_txt": "나는 학교에서 우리를 평가하는 방식에 적절한 기준도 없고 매우 객관적이라고 생각하지 않는다.#@문장구분# 왜냐하면 적절한 기준을 만들려고 하면 학생들과 함께 논의하고 합의점을 찾아서 적절한 기준을 만들어야 한다고 생각하는데, 선생님들은 학생을 제외하고 선생님들끼리 혹은 혼자서 기준을 정하며 몇몇의 학생들의 수준에 맞지 않게 평가 방법을 만들어 놓고서 객관적이라고 말하는 것은 잘못되었다고 생각하기 때문이다. #@문장구분#그리고 객관적이라고 학교에서는 말을 하더라도 몇몇의 학생에게 편견과 편애의 감정을 가지고 있는 선생님들은 결과물이 아니라 자신의 감정을 담아서 평가를 내리기도 하는 것으로 알고 있다.#@문장구분# 이러한 편협한 사고방식으로 평가를 내리는 선생님들은 전혀 객관적인 평가를 내리고 있지 않다고 생각한다.#@문장구분# 이런 문제를 해결하기 위해서는 선생님을 뽑을 때 정직하고 성실하고 편견을 가지고 있지 않은지 등을 판단하는 인성에 대해서 더 많은 비중을 두어서 판단해야 한다고 생각한다. #@문장구분#자신에게 잘해주어서 더 높은 점수를 줄 수 있는 선생님은 선생님의 자격이 되지 않는다고 생각한다.#@문장구분# 그래서 정말 진실되게 판단할 수 있는지를 평가하며 똑바른 선생님을 뽑아서 학생들과 소통하며 적절하고 객관적인 평가 기준을 만들어야 한다고 생각한다.#@문장구분# 이렇게 평가방식이 변화 한다면 학생들도 선생님들께 불만을 가지지 않고 정직하고 평화롭게 평가를 내리는 것에 대해 불만을 가질 수 없을 것이다. #@문장구분#그래서 나는 우리나라의 교육 평가 방식으로서 기본적으로 선생님의 자질을 판단하는 지표를 바꾸어야 한다고 생각한다.#@문장구분# 그런다면 우리나라의 교육 문제가 어느정도 해결되지 않을까 싶다.#@문장구분#",
      "paragraph_len": 996,
      "paragraph_id": "001"
    }
  ],
  "score": {
    "paragraph_score": [
      {
        "paragraph_scoreT": [
          2.2,
          2.4,
          2.4
        ],
        "paragraph_scoreT_detail": {
          "paragraph_scoreT_exp": [
            [
              3,
              2,
              2
            ],
            [
              2,
              3,
              2
            ],
            [
              2,
              2,
              3
            ]
          ]
        },
        "paragraph_scoreT_avg": 2.3333335,
        "paragraph_id": "001"
      }
    ],
    "essay_scoreT": [
      24.9,
      23.6,
      24.3
    ],
    "essay_scoreT_avg": 24.266668,
    "essay_scoreT_detail": {
      "essay_scoreT_org": [
        [
          2,
          0,
          2,
          3
        ],
        [
          2,
          0,
          2,
          2
        ],
        [
          2,
          0,
          2,
          3
        ]
      ],
      "essay_scoreT_cont": [
        [
          3,
          3,
          3,
          3
        ],
        [
          3,
          3,
          2,
          2
        ],
        [
          3,
          2,
          3,
          3
        ]
      ],
      "essay_scoreT_exp": [
        [
          3,
          2,
          2
        ],
        [
          2,
          3,
          2
        ],
        [
          2,
          2,
          3
        ]
      ]
    }
  },
  "student": {
    "date": "2021.12.24",
    "student_educated": true,
    "student_grade": "고등_1학년",
    "location": "054",
    "student_grade_group": "고등",
    "student_reading": 1
  },
  "rubric": {
    "essay_grade": "고등_1학년",
    "organization_weight": {
      "org_paragraph": 0,
      "org": 3,
      "org_essay": 6,
      "org_coherence": 3,
      "org_quantity": 1
    },
    "essay_type": "주장",
    "content_weight": {
      "con_clearance": 3,
      "con_novelty": 3,
      "con": 4,
      "con_prompt": 1,
      "con_description": 3
    },
    "essay_main_subject": "평가에 대한 본인의 의견",
    "expression_weight": {
      "exp_style": 4,
      "exp_grammar": 2,
      "exp_vocab": 4,
      "exp": 3
    }
  },
  "correction": [],
  "info": {
    "essay_id": "ESSAY_78525",
    "essay_prompt": " 평가는 일반적으로 평가대상의 장점과 가치를 결정하는 과정을 말합니다.\n\n 세상에는 무수히 많은 평가 방법들이 존재하고 그 주제도 다양합니다.\n\n 우리나라의 경우는 어떨까요? 중간, 기말시험이 있고 미술과 같은 기본기와 창의성을 평가하는 과목도 있습니다. 체육과 같은 신체적인 능력을 평가하는 과목도 있지요. 모두 적절한 기준이 있으며 매우 객관적인 기준이라고 말합니다.\n\n 하지만 여러분이 생각하기에 모든 학생을 동일한 평가지표에 맞추어 평가하는 것이 올바른 방식이라고 생각하나요?\n\n 사람마다 특성이 존재하듯 각각의 목표 또한 다르고 성과도 다를 수 있습니다. 특정 기준에 의존해 본인의 성과도를 평가하는 것이 바르다고 생각되나요?\n\n 현재의 평가 방식은 최고의 객관적인 평가 방식이라고 생각하신다면 그 이유를 작성해주세요. 아니라면 어떤 평가 기준이 추가되어야 하고 또한 어떤 생각으로 평가가 이루어졌으면 좋겠는지 서술해 주세요.",
    "essay_type": "주장",
    "essay_level": "2",
    "essay_len": 796,
    "essay_main_subject": "평가에 대한 본인의 의견"
  }
}