{
  "paragraph": [
    {
      "paragraph_txt": "모든 학생을 동일한 평가지표에 맞추어 평가하는 것은 옳지 않습니다.#@문장구분#\n첫 번째 이유는 신체적, 정신적 요인에 의해 학업 성취를 달성하는 속도에 차이가 발생하기 때문입니다.#@문장구분# 지적 장애를 가진 학생의 경우 일반 학생보다 배우는 것이 오래 걸릴 수 있습니다.#@문장구분# 그러나 이러한 차이를 무시하고 동일한 평가 지표를 적용하는 것은 매우 불합리합니다.#@문장구분#\n두 번째 이유는 개인마다 전문 분야가 다르기 때문입니다.#@문장구분# 학교에서는 오로지 국어, 영어, 수학 같이 정해진 과목들만을 기준으로 학생을 평가합니다.#@문장구분# 하지만 어떤 학생은 음악에, 또 어떤 학생은 미술에 재능이 있을 수 있습니다.#@문장구분# 물론 이런 특정 분야만을 전공하는 학교들이 존재하긴 하지만, 그 수가 매우 적기 때문에 보편적이지 않습니다.#@문장구분# 이러한 이유 때문에 예체능 계열의 학교에 진학하는 학생들은 금전적 지출이 상당합니다.#@문장구분# 가난한 학생은 예체능에 특출난 재능이 있어도 이를 더 길러낼 수 있는 학교에 진학하는 것이 매우 힘들다는 것입니다.#@문장구분# 따라서 학교에서는 일률적인 평가를 멈추고 맞춤형 평가를 통해 학생들이 잘 하는 분야를 찾고, 그에 매진할 수 있도록 다양한 평가 기준을 도입해야 합니다.#@문장구분#\n마지막으로 동일한 평가지표를 적용하는 것은 개개인의 성격을 무시하는 행위입니다.#@문장구분# 어떤 학생은 리더십이 강할 수도, 어떤 학생은 끈기가 강할 수도 있습니다. #@문장구분#그러나 동일한 평가지표로 학생들을 평가한다면 이러한 개개인의 성격적 특성은 무시됩니다.#@문장구분# 장기 집중력은 좋지 않지만 단기 집중력이 좋은 학생들이 역할을 발휘할 수 있는 분야가 분명 존재하겠지만, 학교에서는 오로지 학업 성취로만 평가받기 때문에 이러한 학생들은 좋은 평가를 받기 어렵습니다.#@문장구분# 이러한 문제들을 극복하기 위해서라도 동일한 평가지표의 적용은 옳지 않습니다.#@문장구분# 따라서 저는 위에서 언급한 세 가지 이유를 근거로, 모든 학생을 동일한 평가지표에 맞추어 평가하는 것은 옳지 않다고 생각합니다.#@문장구분#",
      "paragraph_len": 1276,
      "paragraph_id": "001"
    }
  ],
  "score": {
    "paragraph_score": [
      {
        "paragraph_scoreT": [
          3,
          3,
          2.2
        ],
        "paragraph_scoreT_detail": {
          "paragraph_scoreT_exp": [
            [
              3,
              3,
              3
            ],
            [
              3,
              3,
              3
            ],
            [
              3,
              2,
              2
            ]
          ]
        },
        "paragraph_scoreT_avg": 2.7333333,
        "paragraph_id": "001"
      }
    ],
    "essay_scoreT": [
      28.2,
      28.2,
      25.1
    ],
    "essay_scoreT_avg": 27.166666,
    "essay_scoreT_detail": {
      "essay_scoreT_org": [
        [
          2,
          0,
          3,
          3
        ],
        [
          2,
          0,
          3,
          3
        ],
        [
          3,
          0,
          2,
          3
        ]
      ],
      "essay_scoreT_cont": [
        [
          3,
          3,
          3,
          3
        ],
        [
          3,
          3,
          3,
          3
        ],
        [
          3,
          2,
          2,
          3
        ]
      ],
      "essay_scoreT_exp": [
        [
          3,
          3,
          3
        ],
        [
          3,
          3,
          3
        ],
        [
          3,
          2,
          2
        ]
      ]
    }
  },
  "student": {
    "date": "2021.12.08",
    "student_educated": true,
    "student_grade": "고등_1학년",
    "location": "063",
    "student_grade_group": "고등",
    "student_reading": 2
  },
  "rubric": {
    "essay_grade": "고등_1학년",
    "organization_weight": {
      "org_paragraph": 0,
      "org": 3,
      "org_essay": 6,
      "org_coherence": 3,
      "org_quantity": 1
    },
    "essay_type": "주장",
    "content_weight": {
      "con_clearance": 3,
      "con_novelty": 3,
      "con": 4,
      "con_prompt": 1,
      "con_description": 3
    },
    "essay_main_subject": "평가에 대한 본인의 의견",
    "expression_weight": {
      "exp_style": 4,
      "exp_grammar": 2,
      "exp_vocab": 4,
      "exp": 3
    }
  },
  "correction": [],
  "info": {
    "essay_id": "ESSAY_56065",
    "essay_prompt": " 평가는 일반적으로 평가대상의 장점과 가치를 결정하는 과정을 말합니다.\n\n 세상에는 무수히 많은 평가 방법들이 존재하고 그 주제도 다양합니다.\n\n 우리나라의 경우는 어떨까요? 중간, 기말시험이 있고 미술과 같은 기본기와 창의성을 평가하는 과목도 있습니다. 체육과 같은 신체적인 능력을 평가하는 과목도 있지요. 모두 적절한 기준이 있으며 매우 객관적인 기준이라고 말합니다.\n\n 하지만 여러분이 생각하기에 모든 학생을 동일한 평가지표에 맞추어 평가하는 것이 올바른 방식이라고 생각하나요?\n\n 사람마다 특성이 존재하듯 각각의 목표 또한 다르고 성과도 다를 수 있습니다. 특정 기준에 의존해 본인의 성과도를 평가하는 것이 바르다고 생각되나요?\n\n 현재의 평가 방식은 최고의 객관적인 평가 방식이라고 생각하신다면 그 이유를 작성해주세요. 아니라면 어떤 평가 기준이 추가되어야 하고 또한 어떤 생각으로 평가가 이루어졌으면 좋겠는지 서술해 주세요.",
    "essay_type": "주장",
    "essay_level": "2",
    "essay_len": 936,
    "essay_main_subject": "평가에 대한 본인의 의견"
  }
}