{
  "paragraph": [
    {
      "paragraph_txt": "최근 뉴스로 보도되고 논란이 일고 있는 미얀마 인종 청소사건에 대해 알고 계시나요? 미얀마는 최근까지 독재에 반대하는 시민들이 정부에 반대하고 일어나며 내란을 겪고 있는 나라로도 매우 유명합니다. #@문장구분#하지만 지리적, 경제적 조건이 그리 중요지역이 아니어서 국제사회에서 큰 관심을 기울이지 않아 군사정권의 무자비한 제지에 많은 시민들이 다치고 시위가 계속되고 있다는 뉴스도 보았던 곳입니다. #@문장구분#그런데 미얀마군이 로힝야 소수민족을 향해 인종청소를 진행하려고 하고 있다고 합니다.#@문장구분# 다만, 이사건을 인종차별과 관련지어 생각하는 사람들은 많이 있지 않습니다. #@문장구분#인종차별과 더불어 인종청소는 과거 인류가 겪었던 사건들에서도 알 듯이 매우 심각한 문제이며 사회는 이를 해결하기 위해 최선을 다해 노력해야 합니다. #@문장구분#미얀마 정부는 로힝야 소수민족에게 국적을 부여하기를 거부하며 불법 이주자라고 주장하고 정부는 식량 공급을 차단하고 군은 이들을 향해 폭력 마저 일삼고 있습니다. #@문장구분#다만 정부는 인권침해 의혹을 묵한 후 부인하며 이에 대한 국제조사를 방해하는 등 군을 오히려 보호하고 있다고 합니다. #@문장구분#이와같은 인종차별을 해결할 수 있는 방법중 우리는 이러한 인종차별과 관련한 사회문제에 끝없는 관심을 가져야 합니다.#@문장구분# 개개인이 끼치는 영향은 작을지 몰라도 많은 사람들이 관심을 가지고 인종차별 피해자들을 위해 지속적인 기부 및 후원을 한다면 사회는 한층 더 살기 좋은 곳이 될 것입니다.#@문장구분# 또한 국가적측면에서 반인종차별 정책을 내세워야 합니다. #@문장구분#여러 인종이 평등을 중요시하는 제도와 법률을 지지하고 인종차별이 심한 지역에서 그를 멈출 방안을 계획하며 인종차별을 법으로 제지하다보면 인종차별은 서서히 사라지게 될것입니다.#@문장구분# 인종차별로부터 시작된 사회문제들의 원인을 찾는것이 어려울때도 많습니다.#@문장구분# 우리사회에선 사회문제가 일어난 이유를 인식하고 사람들은 그렇지 않은 사람들에 비해 매우 적습니다. #@문장구분#따라서 우리는 지속적으로 인종차별에 관심을 갖고 이를 해결하기 위해 노력해야 합니다.#@문장구분#",
      "paragraph_len": 1255,
      "paragraph_id": "001"
    }
  ],
  "score": {
    "paragraph_score": [
      {
        "paragraph_scoreT": [
          2.8,
          3,
          2.4
        ],
        "paragraph_scoreT_detail": {
          "paragraph_scoreT_exp": [
            [
              2,
              3,
              3
            ],
            [
              3,
              3,
              3
            ],
            [
              2,
              3,
              2
            ]
          ]
        },
        "paragraph_scoreT_avg": 2.7333336,
        "paragraph_id": "001"
      }
    ],
    "essay_scoreT": [
      27.8,
      27.900002,
      24.3
    ],
    "essay_scoreT_avg": 26.666666,
    "essay_scoreT_detail": {
      "essay_scoreT_org": [
        [
          3,
          3,
          3,
          3
        ],
        [
          2,
          3,
          3,
          3
        ],
        [
          2,
          2,
          2,
          3
        ]
      ],
      "essay_scoreT_cont": [
        [
          3,
          2,
          2,
          3
        ],
        [
          3,
          2,
          3,
          3
        ],
        [
          3,
          2,
          3,
          3
        ]
      ],
      "essay_scoreT_exp": [
        [
          2,
          3,
          3
        ],
        [
          3,
          3,
          3
        ],
        [
          2,
          3,
          2
        ]
      ]
    }
  },
  "student": {
    "date": "2021.11.28",
    "student_educated": true,
    "student_grade": "고등_2학년",
    "location": "063",
    "student_grade_group": "고등",
    "student_reading": 1
  },
  "rubric": {
    "essay_grade": "고등_2학년",
    "organization_weight": {
      "org_paragraph": 3,
      "org": 3,
      "org_essay": 3,
      "org_coherence": 3,
      "org_quantity": 1
    },
    "essay_type": "주장",
    "content_weight": {
      "con_clearance": 3,
      "con_novelty": 3,
      "con": 4,
      "con_prompt": 1,
      "con_description": 3
    },
    "essay_main_subject": "인종차별에 대한 본인의 생각",
    "expression_weight": {
      "exp_style": 4,
      "exp_grammar": 2,
      "exp_vocab": 4,
      "exp": 3
    }
  },
  "correction": [],
  "info": {
    "essay_id": "ESSAY_53101",
    "essay_prompt": " 최근 중국발 코로나바이러스로 인해 동양인에 대한 혐오감을 나타내는 서양인들이 늘어나고 있습니다. 그로 인해, 매스컴이나 SNS에서 인종차별을 받아 힘들어하는 동양인들을 자주 목격할 수 있습니다.\n\n 하지만, 최근에만 인종차별이 존재했을까요? 아닙니다. 아주 오래전부터 다른 인종에 대한 차별은 있었습니다.\n\n 우리나라에서는 인종차별을 안 하고 있을까요? 아닙니다. 우리나라에서도 알게 모르게 많은 부분에서 다른 국가의 사람들에 대해 인종차별을 하고 있으며 누군가에게 상처를 주고 있습니다.\n\n 즉, 인종차별은 누군가의 문제가 아니라 우리 모두의 문제입니다.\n\n 여러분들은 인종차별을 당해보신 적 있나요? 인종차별을 하는 사람들에 대해 어떻게 생각하시나요? 왜 생겨났다고 생각하나요? 인종차별을 근절하기 위해서는 어떻게 해야 할까요? 인종차별을 하는 사람들에 대해 전 세계적으로 처벌의 강도를 높여야 할까요?\n\n 인종차별을 하는 사람들에 대한 본인의 생각을 작성하고 인종차별은 해결할 수 있는 문제일지 아니면 해결하지 어려운 문제일지 작성해주세요. 또한, 그렇게 생각한 이유와 본인이 생각한 해결방법 혹은 해결할 수 없다면 왜 해결할 수 없다고 생각하는지 작성해주세요.",
    "essay_type": "주장",
    "essay_level": "1",
    "essay_len": 975,
    "essay_main_subject": "인종차별에 대한 본인의 생각"
  }
}