{
  "paragraph": [
    {
      "paragraph_txt": "이 제시문에서 말하는 평가의 대상은 학생을 말하는 것이고 평가하는 주체는 대학일 것이다.#@문장구분# 그렇다면 평가의 주체는 평가의 대상의 학업 성취도를 보고 평가 대상의 성실성, 진취성, 주체성, 잠재성 등을 판단할 것이다.#@문장구분# 우선 이러한 평가 행위에는 당연히 오류가 있을 수 있다.#@문장구분# 학업 성취도가 그 학생의 성실성, 진취성, 주제성, 잠재성, 창의성을 모두 시사하는 것은 아니다.#@문장구분# 학업이 부진하더라도 그 학생의 성실성은 뛰어날 수 있고, 학업이 아닌 다른 분야에서의 잠재성이 그 안에 내제되어있을 수 있다.#@문장구분# 물론 학업이 뛰어난 학생이 대체적으로 위의 덕목들에 부합한다는 것은 사실이지만, 학업이 뛰어난 학생이 위의 덕목들에 반드시 부합한다고는 말할 수 없다.#@문장구분# 이와 마찬가지로 학업이 부진한 학생이 대체적으로 위의 덕목들에 부합하지 않는 것은 사실이지만, 학업이 부진한 학생들이 반드시 위의 덕목들에 부합하지 않는다고는 말할 수 없는 것이다.#@문장구분# 그렇다면 이런 변수를 가려내는 최고의 방법은 무엇일까?#@문장구분# 나는 학생 개개인에 대한 심층면접이라고 생각한다.#@문장구분# 그 심층면접의 과정을 일일히 정하는 것은 물론 대학이 되고, 그 과정의 공정성에 대하여 정확한 기준이 정해져있지 않아 다시 한 번 논해야 하겠지만, 대학에서 원하는 학생을 뽑는다는 것의 최고의 방법이 될 것이다.#@문장구분# 그러나 대학에 입학하기를 희망하는 학생은 대학에서 면접을 진행할 수 있는 수를 아득히 초월한다.#@문장구분# 그리하여 오늘날에는 학생이 대학의 질문에 대답하는 것이 아닌 내가 이러한 과정을 겪어왔고, 나는 이러한 사람이라는 것을 시사하는 학교생활기록부를 대학에 제시한다.#@문장구분# 이는 대학의 면접과 같이 공정성이 논해질 수 있다.#@문장구분# 위와 마찬가지로 정확한 기준이 정해져있지 않고, 이 학교생활기록부를 작성하는 주체가 대학에 입학을 희망하는 학생 본인이 아닌 그 선생이기 떄문이다.#@문장구분# 이는 생활기록부를 잘 쓰는 선생을 만나느냐 아니냐에 따라 대한민국에서는 자신의 인생이 결정될 수 있는 대입의 성공여부가 판가름나는 어처구니 없는 상황이 연출될 수 있다는 것을 시사한다.#@문장구분# 그렇다면 공정성에 대하여 비교적 논할 것이 적은 대수학능력시험(학생 개개인의 학업에 가치를 판단하는)을 이야기해보자.#@문장구분# 이는 위의 성실성, 진취성, 주체성, 잠재성, 창의성을 모두 세세하게 평가할 수는 없고, 오직 한 번의 시험으로 모든 것을 평가한다는 면에서 학생 본인의 실력을 그 날의 상황에 따라 모두 발휘하지 못하고 인생에 큰 영향을 줄 수 있는 행위가 단 한 번의 실수라는 사실을 만들어내는 시험이라고 할 수 있지만, 보편적인 기준인 학업으로 이를 평가함으로써 공정성에 관해서는 우월하다고 할 수 있다.#@문장구분# 이는 대수학능력시험의 방식만 조금 손을 봐서 학생이 자신의 능력을 모두 발휘할 수 있는 시험으로 만든다면 매우 훌륭한 학업 평가의  기준이 될 것이다.#@문장구분#  결국 면접과 대수학능력시험은 각각의 장단점이 있는 것이다.#@문장구분# 그러므로 이 둘은 양립하고 대립해야 한다.#@문장구분# 그러나 극도의 대립과 한 부분에 대한 편중은 좋지 않다.#@문장구분# 그러므로 나는 2024대입 체제는 상당히 잘 짜여진 판이라고 보고, 대수학능력시험은 조금 시험의 방식을 바꿀 필요가 있다고 생각한다.#@문장구분#",
      "paragraph_len": 1979,
      "paragraph_id": "001"
    }
  ],
  "score": {
    "paragraph_score": [
      {
        "paragraph_scoreT": [
          3,
          2.8,
          3
        ],
        "paragraph_scoreT_detail": {
          "paragraph_scoreT_exp": [
            [
              3,
              3,
              3
            ],
            [
              2,
              3,
              3
            ],
            [
              3,
              3,
              3
            ]
          ]
        },
        "paragraph_scoreT_avg": 2.9333334,
        "paragraph_id": "001"
      }
    ],
    "essay_scoreT": [
      30,
      29.4,
      30
    ],
    "essay_scoreT_avg": 29.800001,
    "essay_scoreT_detail": {
      "essay_scoreT_org": [
        [
          3,
          0,
          3,
          3
        ],
        [
          3,
          0,
          3,
          3
        ],
        [
          3,
          0,
          3,
          3
        ]
      ],
      "essay_scoreT_cont": [
        [
          3,
          3,
          3,
          3
        ],
        [
          3,
          3,
          3,
          3
        ],
        [
          3,
          3,
          3,
          3
        ]
      ],
      "essay_scoreT_exp": [
        [
          3,
          3,
          3
        ],
        [
          2,
          3,
          3
        ],
        [
          3,
          3,
          3
        ]
      ]
    }
  },
  "student": {
    "date": "2021.12.24",
    "student_educated": true,
    "student_grade": "고등_1학년",
    "location": "063",
    "student_grade_group": "고등",
    "student_reading": 2
  },
  "rubric": {
    "essay_grade": "고등_1학년",
    "organization_weight": {
      "org_paragraph": 0,
      "org": 3,
      "org_essay": 6,
      "org_coherence": 3,
      "org_quantity": 1
    },
    "essay_type": "주장",
    "content_weight": {
      "con_clearance": 3,
      "con_novelty": 3,
      "con": 4,
      "con_prompt": 1,
      "con_description": 3
    },
    "essay_main_subject": "평가에 대한 본인의 의견",
    "expression_weight": {
      "exp_style": 4,
      "exp_grammar": 2,
      "exp_vocab": 4,
      "exp": 3
    }
  },
  "correction": [],
  "info": {
    "essay_id": "ESSAY_79497",
    "essay_prompt": " 평가는 일반적으로 평가대상의 장점과 가치를 결정하는 과정을 말합니다.\n\n 세상에는 무수히 많은 평가 방법들이 존재하고 그 주제도 다양합니다.\n\n 우리나라의 경우는 어떨까요? 중간, 기말시험이 있고 미술과 같은 기본기와 창의성을 평가하는 과목도 있습니다. 체육과 같은 신체적인 능력을 평가하는 과목도 있지요. 모두 적절한 기준이 있으며 매우 객관적인 기준이라고 말합니다.\n\n 하지만 여러분이 생각하기에 모든 학생을 동일한 평가지표에 맞추어 평가하는 것이 올바른 방식이라고 생각하나요?\n\n 사람마다 특성이 존재하듯 각각의 목표 또한 다르고 성과도 다를 수 있습니다. 특정 기준에 의존해 본인의 성과도를 평가하는 것이 바르다고 생각되나요?\n\n 현재의 평가 방식은 최고의 객관적인 평가 방식이라고 생각하신다면 그 이유를 작성해주세요. 아니라면 어떤 평가 기준이 추가되어야 하고 또한 어떤 생각으로 평가가 이루어졌으면 좋겠는지 서술해 주세요.",
    "essay_type": "주장",
    "essay_level": "2",
    "essay_len": 1540,
    "essay_main_subject": "평가에 대한 본인의 의견"
  }
}