{
  "paragraph": [
    {
      "paragraph_txt": "남아프리카공화국 [인종차별]과거#@문장구분# \n남아프리카 공화국 ... 아프리카 가장 남쪽에 자리잡았으며 온화한 기후로 지금 소수의 백인도 살고 있는 아프리카 중 가장 발전한 나라이다.#@문장구분# 하지만 이 나라에도 아픈과거가 있었다. #@문장구분#바로 인종차별대우...#@문장구분#\n소수의 백인과 대다수의 흑인사이의 마찰이 심해 질수록 소수의 백인은 점점 불안해져만 갔다. #@문장구분#그래서 백인이 세운 대책이 인종차별대우이다.#@문장구분# 아예 못배우게하고 ... 모든 선을 끊어버리는 가장 잔혹한 방법#@문장구분#\n흑인들은 이렇게 말한다 \" 차라리 죽여라\"#@문장구분#\n위 글은 제가 쓴것으로 옛날 남아프리카 공화국의 심각성을 써놓은 것입니다.#@문장구분# 여러분 전 지금 인종차별을 반대하고 있는게 아닙니다 .#@문장구분# 전 지금 찬성하고 있습니다. #@문장구분#물론 \"찬성하는 사람이 저렇게 심각하게 써놓아 ??\"라고 부정적인 생각으로 제 글을 보시는 분도 있겠지만 저는 심각성을 부여 한것 뿐입니다.#@문장구분# \n 물론 인종차별이 좋은게 아니지만 만약 반에 백인 2명과 흑인 10에서 싸움을 한다면 누가 이기겠습니까 ?#@문장구분# 흑인입니다. #@문장구분#백인은 단지 한가지 방법을 제시한것 뿐입니다.#@문장구분# 안그러면 자기가 멸족을 당하기에 흑인과 백인이 같이 살수 있는 방법이 있었느냐 ?#@문장구분# 그것도 아닙니다. #@문장구분#흑인은 자기대로 우월하고 백인은 백인대로 우월하다 하니 서로의 길만이 열리고 갈라져버린것입니다.#@문장구분# 백인은 하지만 전쟁을 하면 자신이 진다는걸 알기에 자기 백인들을 지키기 위해 흑인과 백인을 격리 한것입니다. #@문장구분#만약  이 글을 읽는 분이 선생님이라면 한 여자와 남자기 싸우고 나서 화해를 안한다면 더욱 붙혀놓겠습니까 ? #@문장구분#아닙니다.#@문장구분# 우선 갈라놓아야하는게 올바른 선택입니다.#@문장구분# 저는 남아프리카 공화국의 과거를 불멸스럽게 보지않습니다.#@문장구분# 그 인종차별은 하나의 방법이었을뿐이지 언제나 부정만하는 이들이 생각하는 욕심이 아닙니다. #@문장구분#그리고 다른 방면의 내생각은 인종차별은 반드시 고쳐나가야 한다고 생각합니다.#@문장구분# 우리는 자연이라는 어머니 밑에서 태어난 생명하나하나가 다 중요한 똑같은 연약한 인간입니다. #@문장구분#자신들이 더 우월하다고 더 우아하다고 자만에 빠져 같은 인간을 멸시하고 조롱하고 ...#@문장구분#인종차별 반대 라는 저의 의견이 마음에 다가오지 않으신다면 가깝게 지금이 일제강점기라고 생각해보십시오. #@문장구분#우리 조상들도 이런 벌레같은 취급을 받았습니다. #@문장구분#저는 어떠한 이유라도 인종차별은 안된다고 생각합니다.#@문장구분# 하지만 물론 인종차별은 나쁜것이지만 그래도 두 민족다 살수있는 격리조치라는 인종차별을 하는게 가장 좋은 방법이 아니었을까요 ?#@문장구분#\n 백인이 대책을 안세우면 흑인이 백인을 쉽게 멸족시켰을것입니다.#@문장구분# 숫자가 너무나도 밀리기 때문이죠.#@문장구분# 그때의 백인으로보면 어쩔수 없다고 전 생각합니다",
      "paragraph_len": 1942,
      "paragraph_id": "001"
    }
  ],
  "score": {
    "paragraph_score": [
      {
        "paragraph_scoreT": [
          2.8,
          2,
          2
        ],
        "paragraph_scoreT_detail": {
          "paragraph_scoreT_exp": [
            [
              2,
              3,
              3
            ],
            [
              2,
              2,
              2
            ],
            [
              2,
              2,
              2
            ]
          ]
        },
        "paragraph_scoreT_avg": 2.2666667,
        "paragraph_id": "001"
      }
    ],
    "essay_scoreT": [
      25.4,
      24,
      25.8
    ],
    "essay_scoreT_avg": 25.066666,
    "essay_scoreT_detail": {
      "essay_scoreT_org": [
        [
          3,
          3,
          3,
          3
        ],
        [
          2,
          2,
          3,
          3
        ],
        [
          3,
          3,
          3,
          3
        ]
      ],
      "essay_scoreT_cont": [
        [
          2,
          2,
          2,
          2
        ],
        [
          2,
          3,
          3,
          3
        ],
        [
          2,
          3,
          3,
          3
        ]
      ],
      "essay_scoreT_exp": [
        [
          2,
          3,
          3
        ],
        [
          2,
          2,
          2
        ],
        [
          2,
          2,
          2
        ]
      ]
    }
  },
  "student": {
    "date": "2021.12.08",
    "student_educated": true,
    "student_grade": "고등_2학년",
    "location": "063",
    "student_grade_group": "고등",
    "student_reading": 1
  },
  "rubric": {
    "essay_grade": "고등_2학년",
    "organization_weight": {
      "org_paragraph": 3,
      "org": 3,
      "org_essay": 3,
      "org_coherence": 3,
      "org_quantity": 1
    },
    "essay_type": "주장",
    "content_weight": {
      "con_clearance": 3,
      "con_novelty": 3,
      "con": 4,
      "con_prompt": 1,
      "con_description": 3
    },
    "essay_main_subject": "인종차별에 대한 본인의 생각",
    "expression_weight": {
      "exp_style": 4,
      "exp_grammar": 2,
      "exp_vocab": 4,
      "exp": 3
    }
  },
  "correction": [],
  "info": {
    "essay_id": "ESSAY_57418",
    "essay_prompt": " 최근 중국발 코로나바이러스로 인해 동양인에 대한 혐오감을 나타내는 서양인들이 늘어나고 있습니다. 그로 인해, 매스컴이나 SNS에서 인종차별을 받아 힘들어하는 동양인들을 자주 목격할 수 있습니다.\n\n 하지만, 최근에만 인종차별이 존재했을까요? 아닙니다. 아주 오래전부터 다른 인종에 대한 차별은 있었습니다.\n\n 우리나라에서는 인종차별을 안 하고 있을까요? 아닙니다. 우리나라에서도 알게 모르게 많은 부분에서 다른 국가의 사람들에 대해 인종차별을 하고 있으며 누군가에게 상처를 주고 있습니다.\n\n 즉, 인종차별은 누군가의 문제가 아니라 우리 모두의 문제입니다.\n\n 여러분들은 인종차별을 당해보신 적 있나요? 인종차별을 하는 사람들에 대해 어떻게 생각하시나요? 왜 생겨났다고 생각하나요? 인종차별을 근절하기 위해서는 어떻게 해야 할까요? 인종차별을 하는 사람들에 대해 전 세계적으로 처벌의 강도를 높여야 할까요?\n\n 인종차별을 하는 사람들에 대한 본인의 생각을 작성하고 인종차별은 해결할 수 있는 문제일지 아니면 해결하지 어려운 문제일지 작성해주세요. 또한, 그렇게 생각한 이유와 본인이 생각한 해결방법 혹은 해결할 수 없다면 왜 해결할 수 없다고 생각하는지 작성해주세요.",
    "essay_type": "주장",
    "essay_level": "1",
    "essay_len": 1282,
    "essay_main_subject": "인종차별에 대한 본인의 생각"
  }
}