{
  "paragraph": [
    {
      "paragraph_txt": "우리나라의 평가로 아이들은 공부잘하는애,공부못하는 애로 나뉜다.#@문장구분# 초등학생교 때부터 선생님들은 공부잘하는애,발표도잘하고,숙제도잘하고,다른 아이들보다 뛰어난 사람이라고 생각하고,학생들또한 공부잘하는 친구의 말이 맞고,공부잘하니까 발표도잘하고,늘 선생님이 예뻐하고, 늘 칭찬 받다보니 공부잘하는 학생은 기가 살아 더 노력하고, 공부 못하는 학생은 기가 죽어 공부해도 안돼,내말은 안들어줘,공부못하니 다른걸 찾아봐야해,공부잘하는 친구엄마들은 공부못하면 놀지도 못하게하고,엄마가 공부잘하는 것도 아닌데 어깨에 힘이들어가고,다른 엄마들로부터 존경의 대상이되는등 초등학교 학생때부터 이렇게 나뉘어 평생을 살게된다고 생각한다.#@문장구분# 우리나라는 아이들의 특성이 전혀 고려되지 않은 평가이다.#@문장구분# 평소에 공부 못하다가 어쩌다 시험한번 잘보면 \" 열심히 했구나\"보다 \"누구걸 컨닝했니\"라는 질문에 공부에 흥미를 잃게되기도 한다.#@문장구분#누구에게나 똑같이 적용되는 평가방식은 선생님들의 게으름으로,자질 부족으로 인한 방식이 아닐까 생각한다.#@문장구분# 선생님들이 아이들 평가하는 방식을 생각하고 연구해야한다.#@문장구분# 선생님은 현장에서 직접 아이들을 가르치는 사람이니 누구보다더 아이들에대해서 잘알고 계신다.#@문장구분# 아이들이 다 똑같을 수는 없지만 그렇다고 다 다르다고 할수도 없을 것이다. #@문장구분#성향,재능,성취도 등을 고려하여 연구되어야한다.#@문장구분# 그리고 선생님들의 자질평가도 이루어져야한다.#@문장구분# 선생님들 또한 편협한 생각으로 아이들을 가르치는 사람도 많다. #@문장구분#아이들의 성취를 위해 얼마나 노력하는가?#@문장구분# 사용하는 언어가 아이들이 한계를 느끼게 하지는 않는가?등 좀더 구체적이고 적극적인 선생님들의 평가를 해야한다.#@문장구분#",
      "paragraph_len": 1061,
      "paragraph_id": "001"
    }
  ],
  "score": {
    "paragraph_score": [
      {
        "paragraph_scoreT": [
          2.6,
          2.6,
          2.6
        ],
        "paragraph_scoreT_detail": {
          "paragraph_scoreT_exp": [
            [
              3,
              3,
              2
            ],
            [
              3,
              3,
              2
            ],
            [
              3,
              2,
              3
            ]
          ]
        },
        "paragraph_scoreT_avg": 2.6,
        "paragraph_id": "001"
      }
    ],
    "essay_scoreT": [
      22.099998,
      24.2,
      26.3
    ],
    "essay_scoreT_avg": 24.199999,
    "essay_scoreT_detail": {
      "essay_scoreT_org": [
        [
          2,
          0,
          2,
          3
        ],
        [
          2,
          0,
          3,
          3
        ],
        [
          3,
          0,
          2,
          3
        ]
      ],
      "essay_scoreT_cont": [
        [
          2,
          2,
          2,
          2
        ],
        [
          2,
          2,
          2,
          3
        ],
        [
          3,
          3,
          2,
          2
        ]
      ],
      "essay_scoreT_exp": [
        [
          3,
          3,
          2
        ],
        [
          3,
          3,
          2
        ],
        [
          3,
          2,
          3
        ]
      ]
    }
  },
  "student": {
    "date": "2021.12.28",
    "student_educated": true,
    "student_grade": "고등_1학년",
    "location": "063",
    "student_grade_group": "고등",
    "student_reading": 1
  },
  "rubric": {
    "essay_grade": "고등_1학년",
    "organization_weight": {
      "org_paragraph": 0,
      "org": 3,
      "org_essay": 6,
      "org_coherence": 3,
      "org_quantity": 1
    },
    "essay_type": "주장",
    "content_weight": {
      "con_clearance": 3,
      "con_novelty": 3,
      "con": 4,
      "con_prompt": 1,
      "con_description": 3
    },
    "essay_main_subject": "평가에 대한 본인의 의견",
    "expression_weight": {
      "exp_style": 4,
      "exp_grammar": 2,
      "exp_vocab": 4,
      "exp": 3
    }
  },
  "correction": [],
  "info": {
    "essay_id": "ESSAY_83380",
    "essay_prompt": " 평가는 일반적으로 평가대상의 장점과 가치를 결정하는 과정을 말합니다.\n\n 세상에는 무수히 많은 평가 방법들이 존재하고 그 주제도 다양합니다.\n\n 우리나라의 경우는 어떨까요? 중간, 기말시험이 있고 미술과 같은 기본기와 창의성을 평가하는 과목도 있습니다. 체육과 같은 신체적인 능력을 평가하는 과목도 있지요. 모두 적절한 기준이 있으며 매우 객관적인 기준이라고 말합니다.\n\n 하지만 여러분이 생각하기에 모든 학생을 동일한 평가지표에 맞추어 평가하는 것이 올바른 방식이라고 생각하나요?\n\n 사람마다 특성이 존재하듯 각각의 목표 또한 다르고 성과도 다를 수 있습니다. 특정 기준에 의존해 본인의 성과도를 평가하는 것이 바르다고 생각되나요?\n\n 현재의 평가 방식은 최고의 객관적인 평가 방식이라고 생각하신다면 그 이유를 작성해주세요. 아니라면 어떤 평가 기준이 추가되어야 하고 또한 어떤 생각으로 평가가 이루어졌으면 좋겠는지 서술해 주세요.",
    "essay_type": "주장",
    "essay_level": "2",
    "essay_len": 815,
    "essay_main_subject": "평가에 대한 본인의 의견"
  }
}