{
  "paragraph": [
    {
      "paragraph_txt": "안녕하세요.#@문장구분# 저는 오늘의 평가 방식에 대한 이야기를 나누어 볼까 합니다.#@문장구분# 외국에서는 어떤 평가 방식을 사용하고 있는지 나라마다의 평가 방식을 전부 알고있는 것은 아니지만 우리나라와 큰 차이가 없는 것으로 알고있습니다.#@문장구분# 우리나라의 수능에 대한 말이 많은 것으로 알고 있는데 저는 우리나라의 높은 학구열에 문제가 있다면 있지 평가 방식에는 큰 문제가 없는 것으로 보입니다.#@문장구분# 수능을 보는 것 또한 외국에서는 이름이 다를 뿐 비슷한 시험이 많습니다.#@문장구분# 물론 우리의 수능처럼 시험 하나로 모든 대학교에 신청할 수 있는 권한이 생기는것과는 다르게 학교마다 정해진 시험을 준비한다는 차이점이 있지만 오히려 한 번의 준비로 다양한 접근성이 가능한 우리의 방식이 좋은게 아닐까 생각이 듭니다.#@문장구분# 그리고 중간고사와 기말고사 그리고 수행평가는 다른 학교에서도 시험을 치루는 방식과 비슷하다고 봅니다. #@문장구분#개인의 특성이 다 다르듯 개인의 목표가 다르니 그 목표에 맞는 기준으로 변경해야한다는 의견은 잘 적용된다면 개인의 능력치를 최대로 끌어올릴 수 있는 좋은 평가 방식이 되어주겠지만 현실적으로 너무 세부화된 기준으로 적용한다면 평가하는 것에 있어 시간과 비용이 많이 소모될 것으로 예상됩니다.#@문장구분# 또한 세부작업에서 실수가 발생하게 되면 결과에 더 큰 악영향을 미칠 수 있기 때문에 너무 까다로운 과정이 될 것으로 예상이 됩니다.#@문장구분# 그렇기 때문에 저는 우리나라의 평가 방식은 적어도 우리나라의 문화에 있어서는 적합한 방식이라고 생각합니다.#@문장구분# 바쁜 현대 사회에서 가장 빠르고 오차 없이 평가할 수 있는 방식이 아닐까요? #@문장구분#공정을 논하다 불공정이 생기는 일은 없어야하니까요.#@문장구분# 감사합니다.#@문장구분#",
      "paragraph_len": 1069,
      "paragraph_id": "001"
    }
  ],
  "score": {
    "paragraph_score": [
      {
        "paragraph_scoreT": [
          2,
          2.4,
          2.8
        ],
        "paragraph_scoreT_detail": {
          "paragraph_scoreT_exp": [
            [
              2,
              2,
              2
            ],
            [
              2,
              3,
              2
            ],
            [
              2,
              3,
              3
            ]
          ]
        },
        "paragraph_scoreT_avg": 2.3999999,
        "paragraph_id": "001"
      }
    ],
    "essay_scoreT": [
      20.699999,
      26.100002,
      29.4
    ],
    "essay_scoreT_avg": 25.400002,
    "essay_scoreT_detail": {
      "essay_scoreT_org": [
        [
          2,
          0,
          2,
          3
        ],
        [
          3,
          0,
          2,
          3
        ],
        [
          3,
          0,
          3,
          3
        ]
      ],
      "essay_scoreT_cont": [
        [
          2,
          2,
          3,
          2
        ],
        [
          3,
          2,
          3,
          3
        ],
        [
          3,
          3,
          3,
          3
        ]
      ],
      "essay_scoreT_exp": [
        [
          2,
          2,
          2
        ],
        [
          2,
          3,
          2
        ],
        [
          2,
          3,
          3
        ]
      ]
    }
  },
  "student": {
    "date": "2021.12.28",
    "student_educated": true,
    "student_grade": "고등_1학년",
    "location": "063",
    "student_grade_group": "고등",
    "student_reading": 2
  },
  "rubric": {
    "essay_grade": "고등_1학년",
    "organization_weight": {
      "org_paragraph": 0,
      "org": 3,
      "org_essay": 6,
      "org_coherence": 3,
      "org_quantity": 1
    },
    "essay_type": "주장",
    "content_weight": {
      "con_clearance": 3,
      "con_novelty": 3,
      "con": 4,
      "con_prompt": 1,
      "con_description": 3
    },
    "essay_main_subject": "평가에 대한 본인의 의견",
    "expression_weight": {
      "exp_style": 4,
      "exp_grammar": 2,
      "exp_vocab": 4,
      "exp": 3
    }
  },
  "correction": [],
  "info": {
    "essay_id": "ESSAY_84146",
    "essay_prompt": " 평가는 일반적으로 평가대상의 장점과 가치를 결정하는 과정을 말합니다.\n\n 세상에는 무수히 많은 평가 방법들이 존재하고 그 주제도 다양합니다.\n\n 우리나라의 경우는 어떨까요? 중간, 기말시험이 있고 미술과 같은 기본기와 창의성을 평가하는 과목도 있습니다. 체육과 같은 신체적인 능력을 평가하는 과목도 있지요. 모두 적절한 기준이 있으며 매우 객관적인 기준이라고 말합니다.\n\n 하지만 여러분이 생각하기에 모든 학생을 동일한 평가지표에 맞추어 평가하는 것이 올바른 방식이라고 생각하나요?\n\n 사람마다 특성이 존재하듯 각각의 목표 또한 다르고 성과도 다를 수 있습니다. 특정 기준에 의존해 본인의 성과도를 평가하는 것이 바르다고 생각되나요?\n\n 현재의 평가 방식은 최고의 객관적인 평가 방식이라고 생각하신다면 그 이유를 작성해주세요. 아니라면 어떤 평가 기준이 추가되어야 하고 또한 어떤 생각으로 평가가 이루어졌으면 좋겠는지 서술해 주세요.",
    "essay_type": "주장",
    "essay_level": "2",
    "essay_len": 810,
    "essay_main_subject": "평가에 대한 본인의 의견"
  }
}