{
  "paragraph": [
    {
      "paragraph_txt": "인간이 어떤 행동을 취할 때, 미래를 위해서 종래의 행동 양식을 개선하려는 노력을 하게 된다.#@문장구분# 학습에 있어서 학습자도 이런 노력을 하게 되지만 동시에 학습 지도를 담당하고 있는 사람 역시 이와 같은 노력을 하게 된다.#@문장구분# 학습 평가의 목표는 한 사람의 학습자가 각각의 발달 단계나 학습 경험에 따라서 학습 성과를 어떻게 올렸느냐를 파악하는 것이며, 그 결과가 그 후의 학습이나 성장•발달에 유익하게 이용되도록 하는 것이다.#@문장구분# 즉 학습자가 자기 자신의 목표를 설정하고 계획에 따라 활동한 결과를 스스로가 파악하여 다음의 목표 설정이나 활동 계획을 세우는 데 반영해 가는 것이다.#@문장구분# 동시에 학습 지도의 담당자는 자기 자신의 지도 계획에 따라서 실시한 결과를 학습자 개개인의 관점에서 포착하고, 다음의 지도 목표•계획 등을 개선하는 것이다.#@문장구분# 따라서 학습 평가의 내용(무엇을)은 우선 학습 활동에 직결하는 학습 내용의 관점에서 포착되어야 하며, 그 결과가 학습 활동에 피드백되어서 기능을 수행하며 또한 그것이 학습 목표와의 관계에서 종합된 결과로서 파악되고 확인되지 않으면 안 된다.#@문장구분# 지도자 자신의 자기 평가로서 개개의 학습자의 성과를 올리기 위한 목표를 갖게 하는 방법(지도)과 학습의 조건 등이 어떠했는가를 파악해서 자기의 지도를 개선하기 위해 유익하게 활용되어야 한다.#@문장구분# 따라서 지도자의 학습 평가도 학습자와 자기 자신을 위하여 있는 것이며, 가치의 척도는 목표와의 관계에서 만들어지기 때문에 그 의미에서는 주관적이어도 무방하다.#@문장구분# 객관적인 평정 척도를 써서 제3자적인 입장에서 가치 판단을 하는 '평정'과 그 의미에서 구별하여 생각하는 것이 무엇보다도 필요하다.#@문장구분# 평정의 결과는 객관적인 자료로서 지도자나 학교 사이에서 활용되어야 할 것이다.#@문장구분#",
      "paragraph_len": 1056,
      "paragraph_id": "001"
    }
  ],
  "score": {
    "paragraph_score": [
      {
        "paragraph_scoreT": [
          2.6,
          2.8,
          2.4
        ],
        "paragraph_scoreT_detail": {
          "paragraph_scoreT_exp": [
            [
              3,
              2,
              3
            ],
            [
              2,
              3,
              3
            ],
            [
              2,
              2,
              3
            ]
          ]
        },
        "paragraph_scoreT_avg": 2.6,
        "paragraph_id": "001"
      }
    ],
    "essay_scoreT": [
      26.4,
      27.6,
      26.100002
    ],
    "essay_scoreT_avg": 26.700003,
    "essay_scoreT_detail": {
      "essay_scoreT_org": [
        [
          3,
          0,
          3,
          3
        ],
        [
          2,
          0,
          3,
          3
        ],
        [
          3,
          0,
          2,
          3
        ]
      ],
      "essay_scoreT_cont": [
        [
          3,
          1,
          3,
          3
        ],
        [
          3,
          3,
          3,
          3
        ],
        [
          3,
          2,
          3,
          3
        ]
      ],
      "essay_scoreT_exp": [
        [
          3,
          2,
          3
        ],
        [
          2,
          3,
          3
        ],
        [
          2,
          2,
          3
        ]
      ]
    }
  },
  "student": {
    "date": "2021.12.21",
    "student_educated": true,
    "student_grade": "고등_1학년",
    "location": "063",
    "student_grade_group": "고등",
    "student_reading": 2
  },
  "rubric": {
    "essay_grade": "고등_1학년",
    "organization_weight": {
      "org_paragraph": 0,
      "org": 3,
      "org_essay": 6,
      "org_coherence": 3,
      "org_quantity": 1
    },
    "essay_type": "주장",
    "content_weight": {
      "con_clearance": 3,
      "con_novelty": 3,
      "con": 4,
      "con_prompt": 1,
      "con_description": 3
    },
    "essay_main_subject": "평가에 대한 본인의 의견",
    "expression_weight": {
      "exp_style": 4,
      "exp_grammar": 2,
      "exp_vocab": 4,
      "exp": 3
    }
  },
  "correction": [],
  "info": {
    "essay_id": "ESSAY_76459",
    "essay_prompt": " 평가는 일반적으로 평가대상의 장점과 가치를 결정하는 과정을 말합니다.\n\n 세상에는 무수히 많은 평가 방법들이 존재하고 그 주제도 다양합니다.\n\n 우리나라의 경우는 어떨까요? 중간, 기말시험이 있고 미술과 같은 기본기와 창의성을 평가하는 과목도 있습니다. 체육과 같은 신체적인 능력을 평가하는 과목도 있지요. 모두 적절한 기준이 있으며 매우 객관적인 기준이라고 말합니다.\n\n 하지만 여러분이 생각하기에 모든 학생을 동일한 평가지표에 맞추어 평가하는 것이 올바른 방식이라고 생각하나요?\n\n 사람마다 특성이 존재하듯 각각의 목표 또한 다르고 성과도 다를 수 있습니다. 특정 기준에 의존해 본인의 성과도를 평가하는 것이 바르다고 생각되나요?\n\n 현재의 평가 방식은 최고의 객관적인 평가 방식이라고 생각하신다면 그 이유를 작성해주세요. 아니라면 어떤 평가 기준이 추가되어야 하고 또한 어떤 생각으로 평가가 이루어졌으면 좋겠는지 서술해 주세요.",
    "essay_type": "주장",
    "essay_level": "2",
    "essay_len": 859,
    "essay_main_subject": "평가에 대한 본인의 의견"
  }
}