{
  "paragraph": [
    {
      "paragraph_txt": "저는 모든 학생을 동일한 평가지표에 맞추어서 평가하는 것이 정말 공평하다고 생각합니다. #@문장구분#모든 사람이 각기 다른 평가지표를 사용한다면 그것은 정말 좋지 않은 것입니다.#@문장구분# 왠지 아시나요?#@문장구분#사람을 자신이 가지고있는 장점과 특성이 모두 다릅니다.#@문장구분# 그런데 그것을 모두 맞추기 위해 각기다른 평가지를 사용한다면 그만큼 머리 아프고 스트레스 받는 일이 없을 것입니다.#@문장구분# 그래서 저는 당연히 사람마다 모두 똑같은 평가지를 제공하는 것이 옳다고 생각합니다.#@문장구분# 시험만 봐도 그렇습니다.#@문장구분# 대체 어느 시험에서 누구는 수학을 잘하니까 수학시험지 누구는 국어를 잘하니까 국어시험지 이렇게 주나요?#@문장구분# 전부 똑같이 국어 영어 수학 과학 사회 과목을 모두 주는게 당연한 것입니다.#@문장구분# 그래서 저는 사람들이 평가지를 다르게 하자는 것은 억지에 불가하다고 생각합니다.#@문장구분# 저는 사람들이 괜한 억지를 부리기 보다는 평가지에 나와 있는 평가 항목을 보면서 자신이 그 평가항목을 충족시키기 위해서 노력하는 것이 훨씬 중요하고 훨씬 더 효율적이라고 생각합니다.#@문장구분# 굳이 이미 있는 기준을 바꾸는 것은 사람들에게 혼동을 줄 뿐만아니라 불공정하다는 그러한 소리가 나올 수 있기 때문입니다. #@문장구분#저는 모두가 같은 평가지표에 맞추어 평가하는 것이 올바른 방식이라고 생각하는 입장입니다.#@문장구분# 애초에 평가지표는 오랫동안 많은 학생들이 평가를 받으면서 얻어낸 데이터이므로 저는 그 데이터를 믿고 평가를 믿고 맡기는 것이 중요하다고 생각합니다.#@문장구분# 괜한 생각으로 사람들이 혼동을 가지는 그런일이 일어나지는 않았으면 좋겠다고 생각하고 이제는 모두가 평가를 위해 노력하는 세상이 와야한다고 생각합니다.#@문장구분#",
      "paragraph_len": 1090,
      "paragraph_id": "001"
    }
  ],
  "score": {
    "paragraph_score": [
      {
        "paragraph_scoreT": [
          1.2,
          2,
          2
        ],
        "paragraph_scoreT_detail": {
          "paragraph_scoreT_exp": [
            [
              2,
              1,
              1
            ],
            [
              2,
              2,
              2
            ],
            [
              2,
              2,
              2
            ]
          ]
        },
        "paragraph_scoreT_avg": 1.7333332,
        "paragraph_id": "001"
      }
    ],
    "essay_scoreT": [
      15.8,
      22.4,
      23.099998
    ],
    "essay_scoreT_avg": 20.433332,
    "essay_scoreT_detail": {
      "essay_scoreT_org": [
        [
          2,
          0,
          1,
          3
        ],
        [
          2,
          0,
          2,
          2
        ],
        [
          2,
          0,
          2,
          3
        ]
      ],
      "essay_scoreT_cont": [
        [
          2,
          2,
          2,
          1
        ],
        [
          3,
          3,
          2,
          2
        ],
        [
          3,
          2,
          3,
          3
        ]
      ],
      "essay_scoreT_exp": [
        [
          2,
          1,
          1
        ],
        [
          2,
          2,
          2
        ],
        [
          2,
          2,
          2
        ]
      ]
    }
  },
  "student": {
    "date": "2021.12.26",
    "student_educated": true,
    "student_grade": "고등_1학년",
    "location": "054",
    "student_grade_group": "고등",
    "student_reading": 2
  },
  "rubric": {
    "essay_grade": "고등_1학년",
    "organization_weight": {
      "org_paragraph": 0,
      "org": 3,
      "org_essay": 6,
      "org_coherence": 3,
      "org_quantity": 1
    },
    "essay_type": "주장",
    "content_weight": {
      "con_clearance": 3,
      "con_novelty": 3,
      "con": 4,
      "con_prompt": 1,
      "con_description": 3
    },
    "essay_main_subject": "평가에 대한 본인의 의견",
    "expression_weight": {
      "exp_style": 4,
      "exp_grammar": 2,
      "exp_vocab": 4,
      "exp": 3
    }
  },
  "correction": [],
  "info": {
    "essay_id": "ESSAY_78523",
    "essay_prompt": " 평가는 일반적으로 평가대상의 장점과 가치를 결정하는 과정을 말합니다.\n\n 세상에는 무수히 많은 평가 방법들이 존재하고 그 주제도 다양합니다.\n\n 우리나라의 경우는 어떨까요? 중간, 기말시험이 있고 미술과 같은 기본기와 창의성을 평가하는 과목도 있습니다. 체육과 같은 신체적인 능력을 평가하는 과목도 있지요. 모두 적절한 기준이 있으며 매우 객관적인 기준이라고 말합니다.\n\n 하지만 여러분이 생각하기에 모든 학생을 동일한 평가지표에 맞추어 평가하는 것이 올바른 방식이라고 생각하나요?\n\n 사람마다 특성이 존재하듯 각각의 목표 또한 다르고 성과도 다를 수 있습니다. 특정 기준에 의존해 본인의 성과도를 평가하는 것이 바르다고 생각되나요?\n\n 현재의 평가 방식은 최고의 객관적인 평가 방식이라고 생각하신다면 그 이유를 작성해주세요. 아니라면 어떤 평가 기준이 추가되어야 하고 또한 어떤 생각으로 평가가 이루어졌으면 좋겠는지 서술해 주세요.",
    "essay_type": "주장",
    "essay_level": "2",
    "essay_len": 791,
    "essay_main_subject": "평가에 대한 본인의 의견"
  }
}