{
  "paragraph": [
    {
      "paragraph_txt": "개인마다 능력이 다르고 잘하는 분야가 다르다는 것은 인정하지만 저는 지금의 제도가 객관적이라고는 생각합니다.#@문장구분# 왜냐하면 기준은 공평해야 객관성이 생기기 때문입니다.#@문장구분# 하지만 지금의 제도가 학생들에게 스트레스를 주는 것은 사실입니다.#@문장구분# 그래서 상대평가가 아니라 절대 평가로 바뀌었으면 좋겠다고 생각합니다.#@문장구분# 상대평가는 학생들을 성적 순 대로 나눠 순위를 매깁니다.#@문장구분# 따라서 자신에 대해 부정적인 평가를 할 수밖에 없게 만듭니다.#@문장구분# 반면 절대 평가는 비율만 나타냄으로써 상대 평가에 비해 스트레스를 줄이고 학생들이 좀 더 목표를 잡고 공부할 수 있게 만듦니다.#@문장구분# 아무리 좋은 점수를 받아도 인원에 따라 등급이 갈리는 상대 평가와는 달리 절대 평가는 점수를 목표로 잡고 공부할 수 있기 때문입니다.#@문장구분# 그렇다면 대학에서도 세부특기사항을 보고 개개인의 특성에 대해 판단하여 좀 더 적합한 인재를 뽑는데 좋아질 수 있습니다.#@문장구분# 현재 가장 큰 평가 방식중 하나인 대학 수학능력 시험은 절대 평가로 바꾼 뒤에 객관성을 판단할 수 있게 해줄 겁니다.#@문장구분# 학창 시절에는 절대 평가로 평가하고 대학을 갈 때만 전체적으로 반영하여 보는 것이 더 학창 시절을 더 행복하게 보낼 수 있게 할 것 같습니다.#@문장구분# 그래서 절대 평가로 바뀌었으면 좋겠습니다.#@문장구분# 하지만 절대평가로 바뀌면 그거또한 문제가 있을수도 있습니다#@문장구분# 모두가 100점을 맞는다면 평가의 의미가 퇴색될 수도 있습니다.#@문장구분# 그런 문제를 방지하기 위해서는 몇가지 장치가 필요하다고 생각합니다.#@문장구분# 일단 가장 크게 작용될 것은 시험의 난이도입니다.#@문장구분# 절대 평가인만큼 시험의 난이도가 전보다는 조금더 어려워져야한다고 생각합니다.#@문장구분# 모두가 100점을 맞는다면 앞에서 말했다 싶이 시험의 의미가 없어지기 때문입니다.#@문장구분#",
      "paragraph_len": 1201,
      "paragraph_id": "001"
    }
  ],
  "score": {
    "paragraph_score": [
      {
        "paragraph_scoreT": [
          2.8,
          2.8,
          2.8
        ],
        "paragraph_scoreT_detail": {
          "paragraph_scoreT_exp": [
            [
              2,
              3,
              3
            ],
            [
              2,
              3,
              3
            ],
            [
              2,
              3,
              3
            ]
          ]
        },
        "paragraph_scoreT_avg": 2.8,
        "paragraph_id": "001"
      }
    ],
    "essay_scoreT": [
      28.2,
      28.2,
      26.599998
    ],
    "essay_scoreT_avg": 27.666666,
    "essay_scoreT_detail": {
      "essay_scoreT_org": [
        [
          3,
          0,
          3,
          3
        ],
        [
          3,
          0,
          3,
          3
        ],
        [
          3,
          0,
          3,
          3
        ]
      ],
      "essay_scoreT_cont": [
        [
          3,
          2,
          3,
          3
        ],
        [
          3,
          2,
          3,
          3
        ],
        [
          2,
          2,
          2,
          3
        ]
      ],
      "essay_scoreT_exp": [
        [
          2,
          3,
          3
        ],
        [
          2,
          3,
          3
        ],
        [
          2,
          3,
          3
        ]
      ]
    }
  },
  "student": {
    "date": "2021.12.14",
    "student_educated": true,
    "student_grade": "고등_1학년",
    "location": "054",
    "student_grade_group": "고등",
    "student_reading": 1
  },
  "rubric": {
    "essay_grade": "고등_1학년",
    "organization_weight": {
      "org_paragraph": 0,
      "org": 3,
      "org_essay": 6,
      "org_coherence": 3,
      "org_quantity": 1
    },
    "essay_type": "주장",
    "content_weight": {
      "con_clearance": 3,
      "con_novelty": 3,
      "con": 4,
      "con_prompt": 1,
      "con_description": 3
    },
    "essay_main_subject": "평가에 대한 본인의 의견",
    "expression_weight": {
      "exp_style": 4,
      "exp_grammar": 2,
      "exp_vocab": 4,
      "exp": 3
    }
  },
  "correction": [],
  "info": {
    "essay_id": "ESSAY_78949",
    "essay_prompt": " 평가는 일반적으로 평가대상의 장점과 가치를 결정하는 과정을 말합니다.\n\n 세상에는 무수히 많은 평가 방법들이 존재하고 그 주제도 다양합니다.\n\n 우리나라의 경우는 어떨까요? 중간, 기말시험이 있고 미술과 같은 기본기와 창의성을 평가하는 과목도 있습니다. 체육과 같은 신체적인 능력을 평가하는 과목도 있지요. 모두 적절한 기준이 있으며 매우 객관적인 기준이라고 말합니다.\n\n 하지만 여러분이 생각하기에 모든 학생을 동일한 평가지표에 맞추어 평가하는 것이 올바른 방식이라고 생각하나요?\n\n 사람마다 특성이 존재하듯 각각의 목표 또한 다르고 성과도 다를 수 있습니다. 특정 기준에 의존해 본인의 성과도를 평가하는 것이 바르다고 생각되나요?\n\n 현재의 평가 방식은 최고의 객관적인 평가 방식이라고 생각하신다면 그 이유를 작성해주세요. 아니라면 어떤 평가 기준이 추가되어야 하고 또한 어떤 생각으로 평가가 이루어졌으면 좋겠는지 서술해 주세요.",
    "essay_type": "주장",
    "essay_level": "2",
    "essay_len": 842,
    "essay_main_subject": "평가에 대한 본인의 의견"
  }
}