{
  "paragraph": [
    {
      "paragraph_txt": "평가는 어떤 사람들에겐 간단한 지표가 될 수 있을 것이고 어떤 사람들에겐 단어만 들어도 숨이 막히는 그런 부담스러운 기준일 수 있습니다.#@문장구분# 그렇게 '평가한다.' 라는 것은 사람들의 입장에 따라 부담스럽거나 지혜롭거나 자신감을 채워줄 수 있습니다.#@문장구분# 물론 평가한 뒤 결과가 좋아야 자신감을 채워줄 수 있는 수단이 될 수는 있을 것입니다.#@문장구분# 평가한다는 것은 사람들 입장마다 다르기 때문에 어떻게 보면 부조리 한 것이고 다르게 보면 그만큼 공정한 것이 없다고 생각할 것입니다.#@문장구분# 하지만 모두 공평하게 똑같은 환경에서 똑같은 출발선에 서있어야 평가한다는 것이 공정하다고 생각되어진다고 생각합니다.#@문장구분# 또한 사람들마다 특성과 성격이 다르고 선호하는 것마저 모두 다 다릅니다.#@문장구분# 예를 들어 발표를 하는 활동이 하나 있습니다.#@문장구분# 평가하는 기준에 따라 점수가 올라가거나 내려가며 그 점수에 따라 수업 성취도가 매겨지며 3인의 평가자가 평가를 하게 된다고 예를 들어 봅시다.#@문장구분# 그렇다면 그 기준들이 만약 목소리 크기, 발표 자료의 준비성. 이렇게 3가지가 있다고 생각해봅시다.#@문장구분# 두 명의 발표자가 방금 막 발표를 모두 끝냈습니다.#@문장구분# 1번 발표자는 목소리 크기가 컸지만 발음이 부정확하게 들렸습니다.#@문장구분# 하지만 어떤 평가자들은 목소리 크기가 커 발음의 부정확성에 대해 크게 생각하지 않을 수 있습니다.#@문장구분# 2번 발표자는 목소리 크기가 작았지만 발음이 아나운서처럼 또박또박하게 정확합니다.#@문장구분# 그러나 어떤 평가자들은 부족하다고 생각할 수도 있고 어떤 평가자들은 충분하다고 생각할 수 있습니다.#@문장구분# 그리고 마지막 발표 자료의 준비성에 대해 생각해봅시다.#@문장구분# 1번 참가자는 자료가 정리되어 있지는 않지만 정돈되고 심혈을 기울인 디자인으로 시선을 확 잡아끕니다.#@문장구분# 그렇다면 평가자들은 충분하다고 볼 수 있고 다른 평가자들은 부족하다고 느낄 수 있습니다.#@문장구분# 그렇기 때문에 정말로 정확한 기준을 정해놓지 않고 진행하는 평가는 옳지 않다고 생각합니다.#@문장구분#",
      "paragraph_len": 1300,
      "paragraph_id": "001"
    }
  ],
  "score": {
    "paragraph_score": [
      {
        "paragraph_scoreT": [
          3,
          3,
          3
        ],
        "paragraph_scoreT_detail": {
          "paragraph_scoreT_exp": [
            [
              3,
              3,
              3
            ],
            [
              3,
              3,
              3
            ],
            [
              3,
              3,
              3
            ]
          ]
        },
        "paragraph_scoreT_avg": 3,
        "paragraph_id": "001"
      }
    ],
    "essay_scoreT": [
      24.5,
      28.4,
      30
    ],
    "essay_scoreT_avg": 27.633333,
    "essay_scoreT_detail": {
      "essay_scoreT_org": [
        [
          2,
          0,
          2,
          3
        ],
        [
          3,
          0,
          3,
          3
        ],
        [
          3,
          0,
          3,
          3
        ]
      ],
      "essay_scoreT_cont": [
        [
          2,
          2,
          2,
          3
        ],
        [
          3,
          2,
          2,
          3
        ],
        [
          3,
          3,
          3,
          3
        ]
      ],
      "essay_scoreT_exp": [
        [
          3,
          3,
          3
        ],
        [
          3,
          3,
          3
        ],
        [
          3,
          3,
          3
        ]
      ]
    }
  },
  "student": {
    "date": "2021.12.21",
    "student_educated": true,
    "student_grade": "고등_1학년",
    "location": "054",
    "student_grade_group": "고등",
    "student_reading": 1
  },
  "rubric": {
    "essay_grade": "고등_1학년",
    "organization_weight": {
      "org_paragraph": 0,
      "org": 3,
      "org_essay": 6,
      "org_coherence": 3,
      "org_quantity": 1
    },
    "essay_type": "주장",
    "content_weight": {
      "con_clearance": 3,
      "con_novelty": 3,
      "con": 4,
      "con_prompt": 1,
      "con_description": 3
    },
    "essay_main_subject": "평가에 대한 본인의 의견",
    "expression_weight": {
      "exp_style": 4,
      "exp_grammar": 2,
      "exp_vocab": 4,
      "exp": 3
    }
  },
  "correction": [],
  "info": {
    "essay_id": "ESSAY_83352",
    "essay_prompt": " 평가는 일반적으로 평가대상의 장점과 가치를 결정하는 과정을 말합니다.\n\n 세상에는 무수히 많은 평가 방법들이 존재하고 그 주제도 다양합니다.\n\n 우리나라의 경우는 어떨까요? 중간, 기말시험이 있고 미술과 같은 기본기와 창의성을 평가하는 과목도 있습니다. 체육과 같은 신체적인 능력을 평가하는 과목도 있지요. 모두 적절한 기준이 있으며 매우 객관적인 기준이라고 말합니다.\n\n 하지만 여러분이 생각하기에 모든 학생을 동일한 평가지표에 맞추어 평가하는 것이 올바른 방식이라고 생각하나요?\n\n 사람마다 특성이 존재하듯 각각의 목표 또한 다르고 성과도 다를 수 있습니다. 특정 기준에 의존해 본인의 성과도를 평가하는 것이 바르다고 생각되나요?\n\n 현재의 평가 방식은 최고의 객관적인 평가 방식이라고 생각하신다면 그 이유를 작성해주세요. 아니라면 어떤 평가 기준이 추가되어야 하고 또한 어떤 생각으로 평가가 이루어졌으면 좋겠는지 서술해 주세요.",
    "essay_type": "주장",
    "essay_level": "2",
    "essay_len": 940,
    "essay_main_subject": "평가에 대한 본인의 의견"
  }
}