{
  "paragraph": [
    {
      "paragraph_txt": "인종차별이란 인종족 편견 때문에 특정한 인종에게 불평등을 강요하는 일입니다. #@문장구분#예를 들면 사회적, 경제적, 법적으로 차별하는 것들이 있습니다.#@문장구분# 독일의 나치스의 유대인 핍박, 백인의 황인종 배외, 미국과 남아프리카의 흑인 차별이 대표적인 인종차별입니다.#@문장구분#한마디로 요약하자면, 사람들을 여러 인종으로 나눠 특정 인종에게 불이익이나 불평등을 주는 것이 인종차별이라는 것입니다. #@문장구분#최근 도쿄 올림픽에서 남자 단식 32강전에 출전한 그리스 선수가 한국 탁구 대표팀 정영식에 패한 직후, 디모스테니스 카르미리스는 ERT가 운영하는 ERT1채널의 한 방송에서 한국 탁구 선수들의 기량을 묻는 말에 \"눈이 작아 공이 왔다 갔다 하는 걸 어떻게 볼 수 있는지 이해할 수 없다\"라고 말했었고 이는 동양인을 비하하는 인종차별적 발언을 했던 것입다. #@문장구분#방송 직후 디모스테니스 카르미리스는 ERT에서 해고되었다고 합니다. #@문장구분#이런 사례처럼 인종차별은 사회에서 쉽게 찾아볼 수 있습니다. #@문장구분#그 밖에도 다양한 인종차별이 세계에서 일어나는데, 인종차별의 원인은 무엇일까 생각해보았습니다. #@문장구분#주관적인 생각을 말해보자면 다른 민족을 지배하고 통치하기 위해서라고 생각합니다. #@문장구분#산업혁명 이후, 서유럽과 영국 미국 중심의 국가들이 강대국이 되고, 아프리카 흑인들을 납치하여 노동력을 착취 수탈하여 백인 우월주의가 탄생하였습니다.#@문장구분# 이때부터 자기 민족이 우월하다는 의식을 만들어 열등한 인종이니, 무시해도 괜찮고, 당연히 자기 민족과 다르니까 차별하고 존중해주지 않아도 된다는 인식이 바탕이 되고, 이러한 정당성을 확보해 다른 민족들을 차별하는 이유인 것 같습니다. #@문장구분#그러면 인종차별의 해결방안은 무엇일까요? 자신의 문화와 다른 나라의 문화가 달라서  '틀린 것' 이 아니라 '다른 것'이라고 인식해야 합니다. #@문장구분#또한 다른 문화와 인종에 대해 부정적인 시선으로 보면 안 되겠습니다. #@문장구분#갈등을 유발하는 근본적인 부분을 보고 사회의 인식 향상을 위해 개방적이고, 이해하려는 적극적인 태도로 인정하고 그 문화를 다 함께 나눌 수 있도록 문화교류 등 국가 간의 노력하는 것이 가장 중요한 것 같습니다.#@문장구분#",
      "paragraph_len": 1306,
      "paragraph_id": "001"
    }
  ],
  "score": {
    "paragraph_score": [
      {
        "paragraph_scoreT": [
          3,
          2.8,
          2.6
        ],
        "paragraph_scoreT_detail": {
          "paragraph_scoreT_exp": [
            [
              3,
              3,
              3
            ],
            [
              2,
              3,
              3
            ],
            [
              3,
              2,
              3
            ]
          ]
        },
        "paragraph_scoreT_avg": 2.8,
        "paragraph_id": "001"
      }
    ],
    "essay_scoreT": [
      28.7,
      27.3,
      24.9
    ],
    "essay_scoreT_avg": 26.966667,
    "essay_scoreT_detail": {
      "essay_scoreT_org": [
        [
          2,
          3,
          3,
          3
        ],
        [
          3,
          2,
          3,
          3
        ],
        [
          2,
          2,
          2,
          3
        ]
      ],
      "essay_scoreT_cont": [
        [
          3,
          3,
          2,
          3
        ],
        [
          3,
          2,
          3,
          3
        ],
        [
          3,
          2,
          3,
          3
        ]
      ],
      "essay_scoreT_exp": [
        [
          3,
          3,
          3
        ],
        [
          2,
          3,
          3
        ],
        [
          3,
          2,
          3
        ]
      ]
    }
  },
  "student": {
    "date": "2021.11.27",
    "student_educated": true,
    "student_grade": "고등_2학년",
    "location": "063",
    "student_grade_group": "고등",
    "student_reading": 2
  },
  "rubric": {
    "essay_grade": "고등_2학년",
    "organization_weight": {
      "org_paragraph": 3,
      "org": 3,
      "org_essay": 3,
      "org_coherence": 3,
      "org_quantity": 1
    },
    "essay_type": "주장",
    "content_weight": {
      "con_clearance": 3,
      "con_novelty": 3,
      "con": 4,
      "con_prompt": 1,
      "con_description": 3
    },
    "essay_main_subject": "인종차별에 대한 본인의 생각",
    "expression_weight": {
      "exp_style": 4,
      "exp_grammar": 2,
      "exp_vocab": 4,
      "exp": 3
    }
  },
  "correction": [],
  "info": {
    "essay_id": "ESSAY_53098",
    "essay_prompt": " 최근 중국발 코로나바이러스로 인해 동양인에 대한 혐오감을 나타내는 서양인들이 늘어나고 있습니다. 그로 인해, 매스컴이나 SNS에서 인종차별을 받아 힘들어하는 동양인들을 자주 목격할 수 있습니다.\n\n 하지만, 최근에만 인종차별이 존재했을까요? 아닙니다. 아주 오래전부터 다른 인종에 대한 차별은 있었습니다.\n\n 우리나라에서는 인종차별을 안 하고 있을까요? 아닙니다. 우리나라에서도 알게 모르게 많은 부분에서 다른 국가의 사람들에 대해 인종차별을 하고 있으며 누군가에게 상처를 주고 있습니다.\n\n 즉, 인종차별은 누군가의 문제가 아니라 우리 모두의 문제입니다.\n\n 여러분들은 인종차별을 당해보신 적 있나요? 인종차별을 하는 사람들에 대해 어떻게 생각하시나요? 왜 생겨났다고 생각하나요? 인종차별을 근절하기 위해서는 어떻게 해야 할까요? 인종차별을 하는 사람들에 대해 전 세계적으로 처벌의 강도를 높여야 할까요?\n\n 인종차별을 하는 사람들에 대한 본인의 생각을 작성하고 인종차별은 해결할 수 있는 문제일지 아니면 해결하지 어려운 문제일지 작성해주세요. 또한, 그렇게 생각한 이유와 본인이 생각한 해결방법 혹은 해결할 수 없다면 왜 해결할 수 없다고 생각하는지 작성해주세요.",
    "essay_type": "주장",
    "essay_level": "1",
    "essay_len": 1027,
    "essay_main_subject": "인종차별에 대한 본인의 생각"
  }
}