{
  "paragraph": [
    {
      "paragraph_txt": "평가에서 가장 중요한 요소는 기록이 만들어진 직접적인 목적을 넘어서는 계속적인 가치의 확인이다.#@문장구분# 기록 평가에서의 분석 대상으로는 기능, 내용(content), 맥락(context), 접근성(accessibility), 비용 타당성(cost-benefit) 등 5가지를 들 수 있다.#@문장구분# 내용 분석은 기록 속에 담긴 정보의 질과 중요성에 우선순위를 두어 판단하는 것으로서, 기록에 포함된 주제의 중요도, 중요도에 따른 주제의 완전성, 시간 포괄성 등 도큐멘테이션의 질에 대한 분석이 진행된다.#@문장구분#맥락 분석은 다른 기록 정보원과의 관계를 통해 기록의 지속적 가치를 판단하는 것으로서, 물리적 사본의 존재 여부, 동일 정보를 담은 다양한 형식의 기록 중 최적의 형식을 가진 기록의 검토, 원본을 대체할 수 있는 기록의 존재 여부, 다른 기록과의 내용적 연관성, 동일한 주제에 관한 기록으로서의 희소성 등에 관한 분석을 말한다.#@문장구분# 접근성 분석은 기록에 접근하는데 작용하는 물리적 · 지적 · 법적 조건에 우선순위를 두고 기록의 지속적 가치를 판단하는 것이다.#@문장구분# 접근성 분석에서는 보존 기록관 이용자, 이용자의 정보 요구, 현재까지의 이용을 토대로 한 잠재적 유용성, 기록 접근에 대한 물리적 · 지적 · 법적 장애 요인 등에 대한 분석이 이루어진다.#@문장구분# 비용 타당성 분석은 기록에 담긴 정보 가치 대비 보존 비용의 타당성 여부를 판단하는 것이다.#@문장구분# 비용 타당성 분석에서는 기록의 확인 · 평가 · 이관에 드는 비용, 정리 및 기술 등의 처리 비용, 보존 비용, 매체 수록비용, 재평가 비용 등에 대한 검토가 이루어진다.#@문장구분# 이 밖에도 기록 평가 기법에는 기록이 만들어진 기능이나 사회적 요인 등과 같은 거시적 요소에서 출발하여 개별 기록으로 내려가는 하향식 접근 방법과 개별 기록으로부터 상층의 요소로 진행하는 상향식 접근밥버비다#@문장구분#  대표저인거로 수능 직장에서는 업무평가 등이 있다.#@문장구분#",
      "paragraph_len": 1126,
      "paragraph_id": "001"
    }
  ],
  "score": {
    "paragraph_score": [
      {
        "paragraph_scoreT": [
          2.6,
          1.6,
          2
        ],
        "paragraph_scoreT_detail": {
          "paragraph_scoreT_exp": [
            [
              3,
              2,
              3
            ],
            [
              2,
              2,
              1
            ],
            [
              2,
              2,
              2
            ]
          ]
        },
        "paragraph_scoreT_avg": 2.0666666,
        "paragraph_id": "001"
      }
    ],
    "essay_scoreT": [
      26.4,
      18.8,
      20.3
    ],
    "essay_scoreT_avg": 21.833334,
    "essay_scoreT_detail": {
      "essay_scoreT_org": [
        [
          3,
          0,
          3,
          3
        ],
        [
          2,
          0,
          2,
          2
        ],
        [
          2,
          0,
          2,
          3
        ]
      ],
      "essay_scoreT_cont": [
        [
          3,
          1,
          3,
          3
        ],
        [
          2,
          2,
          2,
          2
        ],
        [
          2,
          2,
          2,
          2
        ]
      ],
      "essay_scoreT_exp": [
        [
          3,
          2,
          3
        ],
        [
          2,
          2,
          1
        ],
        [
          2,
          2,
          2
        ]
      ]
    }
  },
  "student": {
    "date": "2021.12.21",
    "student_educated": true,
    "student_grade": "고등_1학년",
    "location": "063",
    "student_grade_group": "고등",
    "student_reading": 2
  },
  "rubric": {
    "essay_grade": "고등_1학년",
    "organization_weight": {
      "org_paragraph": 0,
      "org": 3,
      "org_essay": 6,
      "org_coherence": 3,
      "org_quantity": 1
    },
    "essay_type": "주장",
    "content_weight": {
      "con_clearance": 3,
      "con_novelty": 3,
      "con": 4,
      "con_prompt": 1,
      "con_description": 3
    },
    "essay_main_subject": "평가에 대한 본인의 의견",
    "expression_weight": {
      "exp_style": 4,
      "exp_grammar": 2,
      "exp_vocab": 4,
      "exp": 3
    }
  },
  "correction": [],
  "info": {
    "essay_id": "ESSAY_76455",
    "essay_prompt": " 평가는 일반적으로 평가대상의 장점과 가치를 결정하는 과정을 말합니다.\n\n 세상에는 무수히 많은 평가 방법들이 존재하고 그 주제도 다양합니다.\n\n 우리나라의 경우는 어떨까요? 중간, 기말시험이 있고 미술과 같은 기본기와 창의성을 평가하는 과목도 있습니다. 체육과 같은 신체적인 능력을 평가하는 과목도 있지요. 모두 적절한 기준이 있으며 매우 객관적인 기준이라고 말합니다.\n\n 하지만 여러분이 생각하기에 모든 학생을 동일한 평가지표에 맞추어 평가하는 것이 올바른 방식이라고 생각하나요?\n\n 사람마다 특성이 존재하듯 각각의 목표 또한 다르고 성과도 다를 수 있습니다. 특정 기준에 의존해 본인의 성과도를 평가하는 것이 바르다고 생각되나요?\n\n 현재의 평가 방식은 최고의 객관적인 평가 방식이라고 생각하신다면 그 이유를 작성해주세요. 아니라면 어떤 평가 기준이 추가되어야 하고 또한 어떤 생각으로 평가가 이루어졌으면 좋겠는지 서술해 주세요.",
    "essay_type": "주장",
    "essay_level": "2",
    "essay_len": 926,
    "essay_main_subject": "평가에 대한 본인의 의견"
  }
}