{
  "paragraph": [
    {
      "paragraph_txt": "평가라는 것이 자신이 노력한 만큼의 평가가 되어야 하는것이라고 생각하지만. 한편으로 평가를 받는 사람 각자의 기준으로 평가를 보면 어떠한지 알아 보기 위해 두가지 모두가  진행해보는 것을 추천한다#@문장구분# 이미 현재의 평가 방식이 있지만 또 다른 평가기준을 한번 번영하여 실행 해보면 더 좋은 평가 방법을 찾을 수 있다.#@문장구분# 예를 들어 현재의 평가 방식은 모두가 똑같은 기준으로 평가를 한다면 각자의 특성의 맞게 평가하는 것은 개인이 만족할 만한 평가 기준을 말하든지, 똑같은 평가기준으로 평가후 자신이 할 수 있을 것 같은 기준을 정하여 다시 평가하는 방식을 생각 할 수 있다.#@문장구분# 이러한 방법으로 평가를 진행할 거면, 어떻게 해야 원활하고, 공평한지 생각해 가면서 평가를 해야한다.#@문장구분# 장,단점은 평가는 받는 그 누구도 만족할 수 있는 결과를 얻을 수 있다는 점과 이런 평가로 순위를 나눌 수 없다는 점이 있다.#@문장구분# 그래도 내가 원하는 평가 기준은 현재 이루어지고 있는 평가를 더 선호하는 것 같다.#@문장구분# 이유는 내가 원하는 대로 하면 나보다 평가 점수가 잘나온 친구를 부러워하거나 질투하거나 경쟁심이 없어지기 떄문에 그런 경험도 하면서 나의 능력을 평가받고 알아가고 싶다.#@문장구분# 나 또한 지금도 친구들의 점수를 보면서 더 열심히 해야겠구나, 라는 생각과 마음이 교차해가며  나 자신에게 화가나기도 하고 더 집중하고 꼼꼼이 평가에 임하게 된다.#@문장구분# 그런 모습으로 성장해 가는거라고 생각한다.#@문장구분# 기존의 교육평가의 방식을 개선하려는 노력을 통해 교육평가의 본질적인 정의를 실현하고자 함은 분명히 틀림없다.#@문장구분# 따라서 수학능력시험은 교육평가의 정의를 제대로 실현하고 있다고 생각한다.#@문장구분#",
      "paragraph_len": 1025,
      "paragraph_id": "001"
    }
  ],
  "score": {
    "paragraph_score": [
      {
        "paragraph_scoreT": [
          2.6,
          3,
          3
        ],
        "paragraph_scoreT_detail": {
          "paragraph_scoreT_exp": [
            [
              3,
              2,
              3
            ],
            [
              3,
              3,
              3
            ],
            [
              3,
              3,
              3
            ]
          ]
        },
        "paragraph_scoreT_avg": 2.8666668,
        "paragraph_id": "001"
      }
    ],
    "essay_scoreT": [
      28.8,
      30,
      25.800001
    ],
    "essay_scoreT_avg": 28.199999,
    "essay_scoreT_detail": {
      "essay_scoreT_org": [
        [
          3,
          0,
          3,
          3
        ],
        [
          3,
          0,
          3,
          3
        ],
        [
          2,
          0,
          3,
          3
        ]
      ],
      "essay_scoreT_cont": [
        [
          3,
          3,
          3,
          3
        ],
        [
          3,
          3,
          3,
          3
        ],
        [
          3,
          2,
          3,
          2
        ]
      ],
      "essay_scoreT_exp": [
        [
          3,
          2,
          3
        ],
        [
          3,
          3,
          3
        ],
        [
          3,
          3,
          3
        ]
      ]
    }
  },
  "student": {
    "date": "2021.12.24",
    "student_educated": true,
    "student_grade": "고등_1학년",
    "location": "063",
    "student_grade_group": "고등",
    "student_reading": 2
  },
  "rubric": {
    "essay_grade": "고등_1학년",
    "organization_weight": {
      "org_paragraph": 0,
      "org": 3,
      "org_essay": 6,
      "org_coherence": 3,
      "org_quantity": 1
    },
    "essay_type": "주장",
    "content_weight": {
      "con_clearance": 3,
      "con_novelty": 3,
      "con": 4,
      "con_prompt": 1,
      "con_description": 3
    },
    "essay_main_subject": "평가에 대한 본인의 의견",
    "expression_weight": {
      "exp_style": 4,
      "exp_grammar": 2,
      "exp_vocab": 4,
      "exp": 3
    }
  },
  "correction": [],
  "info": {
    "essay_id": "ESSAY_79793",
    "essay_prompt": " 평가는 일반적으로 평가대상의 장점과 가치를 결정하는 과정을 말합니다.\n\n 세상에는 무수히 많은 평가 방법들이 존재하고 그 주제도 다양합니다.\n\n 우리나라의 경우는 어떨까요? 중간, 기말시험이 있고 미술과 같은 기본기와 창의성을 평가하는 과목도 있습니다. 체육과 같은 신체적인 능력을 평가하는 과목도 있지요. 모두 적절한 기준이 있으며 매우 객관적인 기준이라고 말합니다.\n\n 하지만 여러분이 생각하기에 모든 학생을 동일한 평가지표에 맞추어 평가하는 것이 올바른 방식이라고 생각하나요?\n\n 사람마다 특성이 존재하듯 각각의 목표 또한 다르고 성과도 다를 수 있습니다. 특정 기준에 의존해 본인의 성과도를 평가하는 것이 바르다고 생각되나요?\n\n 현재의 평가 방식은 최고의 객관적인 평가 방식이라고 생각하신다면 그 이유를 작성해주세요. 아니라면 어떤 평가 기준이 추가되어야 하고 또한 어떤 생각으로 평가가 이루어졌으면 좋겠는지 서술해 주세요.",
    "essay_type": "주장",
    "essay_level": "2",
    "essay_len": 810,
    "essay_main_subject": "평가에 대한 본인의 의견"
  }
}