{
  "paragraph": [
    {
      "paragraph_txt": "화학시간에 배운 '보일의 법칙'을 'Men of Honor'라는 영화를 통해서 다시 한번 접하게 되었다. #@문장구분#이 영화는 일정한 온도 하에서 이상기체의 부피는 압력에 반비례한다는 보일의 법칙이 잘 나타나 있다. #@문장구분#영화에서 주인공이 \"100 피트 해저의 잠수부가 10피트 위로 올라가면 폐 속의 공기는 4배로 증가한다. 이 때 숨을 내쉬는 것을 잊으면 폐는 폭발한다.\" 라고 말하는 장면이 나온다. #@문장구분#이는 보일의 법칙에서 잘 말하고 있듯 수면아래의 압력이 수면보다 높기 때문에 숨을 내뱉으며 올라오지 않으면 폐의 공기가 팽창해 터지거나 손상을 입을 수밖에 없는 것을 설명하고 있다.#@문장구분# 또한 영화 초반부에 선데이 상사가 잠수했다가 나온 뒤 감압실로 보내지는 장면을 통해서도 이를 알 수 있다.#@문장구분# 높은 압력 속에 있던 잠수부가 갑자기 압력이 낮은 곳으로 나오는 경우도 마찬가지이다. #@문장구분#이 영화는 주인공인 칼 브래셔의 삶을 그린 영화로 인종차별, 신체 불구를 극복하고 자신의 꿈인 다이버가 되어가는 과정을 그렸다.#@문장구분# 영화의 바탕이 된 인물인 칼 브래셔는 실제 인물로 1950년대와 60년대 활약한 위험하고, 어려운 미 해군의 심해 잠수부였다.#@문장구분# 잠수부로서 칼 브래셔는 오직 로프 한 줄에 생명을 의지한 채 수심 3,000 feet 심해에서 자신의 임무를 수행해야 했으며 그의 삶 자체가 한편의 감독적인 드라마였다. #@문장구분#칼 브래셔는 어렸을 때부터 해군에 입대 하고 싶어 했다.#@문장구분# 그 꿈을 이뤄 해군에 입대한 칼 브래셔는 어느 날 헬기가 추락해 바다에 빠진 사람을 구하기 위해 살신성인으로 뛰어드는 잠수부에게 깊은 감명을 받아 동경하게 된다.#@문장구분# 그 후 그는 해군의 최고 다이버가 되려는 야망을 가지게 되었다. #@문장구분#잠수부가 되기 위해 노력한 주인공은 흑인이라는 이유로 오는 온갖 차별을 견뎌내며 해군 다이버 부대에 지원한다. #@문장구분#해군 다이버 부대에 입대해서도 백인들의 차별과 멸시 등으로 고생하지만, 그는 끝내 잠수부가 된다.#@문장구분# 시간이 흐르고 존경받는 잠수부가 된 그는 훈련도중 침몰한 핵 잠수함으로부터 수소 폭탄을 인양하는 작업을 맡게 되었다.#@문장구분# 인양작업을 멋지게 해낸 그는 배 갑판 위에서 위험에 처한 사람들을 밀쳐내다 다리를 크게 다친다. #@문장구분#절단 될 뻔한 다리를 천만다행으로 수술을 통해 붙였지만 그 다리로는 잠수부를 더 이상 할 수 없게 되자 계속 잠수부를 하기위해 칼 브래셔는 자신의 다리를 아예 절단 해버린다.#@문장구분# 절단한 다리대신 의족을 끼고 힘들게 운동을 한 칼 브래셔를 보면서, 또 잠수부가 되기 위한 조건으로 무거운 잠수복을 입고 열두 걸음을 걸었던 흑인 최초의 잠수부 그를 보면서 깊은 감동을 느끼지 않을 수 없었다.#@문장구분# 특히 장애를 입은 이 흑인 장교에게 악명 높기로 유명했던 '빌리 선데이'가 잠수 요원으로의 자긍심을 심어주기 위해 그가 한걸음 씩 발을 옮길때마다 읊었던 대사와 걸음을 걷는 숫자를 우렁차게 셋던 행동으로 감동이 더해졌다.#@문장구분# 힘겹게 발걸음을 때어내는 주인공을 보면서 가슴이 조마조마했다.#@문장구분# '빌리 선데이'의 마지막대사인 \"잠수부의 헬멧을 벗겨라!\"는 대사로 영화는 끝이났다. #@문장구분#흑인이라는 이유로 백인들의 차별을 받아야했던 칼 브래셔는 그 차별에 굴하지 않고 자신의 꿈과 신념을 지켜 나가 결국엔 자신이 원하던 잠수부를 함으로써 그 꿈을 이뤄냈다.#@문장구분# 이영화의 주인공인 칼 브래셔 처럼 힘든 조건에서도 꿋꿋하게 자신의 꿈을 위해 노력해 나간다면 언젠가는 그 꿈을 이룰 수 있을 것이란 생각이 들었다.#@문장구분#꿈으로 인해 사람이 얼마나 강해질 수 있는지를 보여준 영화 'Men of Honor' 였다.",
      "paragraph_len": 2173,
      "paragraph_id": "001"
    }
  ],
  "score": {
    "paragraph_score": [
      {
        "paragraph_scoreT": [
          2.8,
          3,
          2.4
        ],
        "paragraph_scoreT_detail": {
          "paragraph_scoreT_exp": [
            [
              2,
              3,
              3
            ],
            [
              3,
              3,
              3
            ],
            [
              2,
              2,
              3
            ]
          ]
        },
        "paragraph_scoreT_avg": 2.7333336,
        "paragraph_id": "001"
      }
    ],
    "essay_scoreT": [
      29.4,
      30,
      25.2
    ],
    "essay_scoreT_avg": 28.200003,
    "essay_scoreT_detail": {
      "essay_scoreT_org": [
        [
          3,
          3,
          3,
          3
        ],
        [
          3,
          3,
          3,
          3
        ],
        [
          2,
          2,
          3,
          3
        ]
      ],
      "essay_scoreT_cont": [
        [
          3,
          3,
          3,
          3
        ],
        [
          3,
          3,
          3,
          3
        ],
        [
          2,
          3,
          3,
          3
        ]
      ],
      "essay_scoreT_exp": [
        [
          2,
          3,
          3
        ],
        [
          3,
          3,
          3
        ],
        [
          2,
          2,
          3
        ]
      ]
    }
  },
  "student": {
    "date": "2021.12.08",
    "student_educated": true,
    "student_grade": "고등_2학년",
    "location": "063",
    "student_grade_group": "고등",
    "student_reading": 1
  },
  "rubric": {
    "essay_grade": "고등_2학년",
    "organization_weight": {
      "org_paragraph": 3,
      "org": 3,
      "org_essay": 3,
      "org_coherence": 3,
      "org_quantity": 1
    },
    "essay_type": "주장",
    "content_weight": {
      "con_clearance": 3,
      "con_novelty": 3,
      "con": 4,
      "con_prompt": 1,
      "con_description": 3
    },
    "essay_main_subject": "인종차별에 대한 본인의 생각",
    "expression_weight": {
      "exp_style": 4,
      "exp_grammar": 2,
      "exp_vocab": 4,
      "exp": 3
    }
  },
  "correction": [],
  "info": {
    "essay_id": "ESSAY_57433",
    "essay_prompt": " 최근 중국발 코로나바이러스로 인해 동양인에 대한 혐오감을 나타내는 서양인들이 늘어나고 있습니다. 그로 인해, 매스컴이나 SNS에서 인종차별을 받아 힘들어하는 동양인들을 자주 목격할 수 있습니다.\n\n 하지만, 최근에만 인종차별이 존재했을까요? 아닙니다. 아주 오래전부터 다른 인종에 대한 차별은 있었습니다.\n\n 우리나라에서는 인종차별을 안 하고 있을까요? 아닙니다. 우리나라에서도 알게 모르게 많은 부분에서 다른 국가의 사람들에 대해 인종차별을 하고 있으며 누군가에게 상처를 주고 있습니다.\n\n 즉, 인종차별은 누군가의 문제가 아니라 우리 모두의 문제입니다.\n\n 여러분들은 인종차별을 당해보신 적 있나요? 인종차별을 하는 사람들에 대해 어떻게 생각하시나요? 왜 생겨났다고 생각하나요? 인종차별을 근절하기 위해서는 어떻게 해야 할까요? 인종차별을 하는 사람들에 대해 전 세계적으로 처벌의 강도를 높여야 할까요?\n\n 인종차별을 하는 사람들에 대한 본인의 생각을 작성하고 인종차별은 해결할 수 있는 문제일지 아니면 해결하지 어려운 문제일지 작성해주세요. 또한, 그렇게 생각한 이유와 본인이 생각한 해결방법 혹은 해결할 수 없다면 왜 해결할 수 없다고 생각하는지 작성해주세요.",
    "essay_type": "주장",
    "essay_level": "1",
    "essay_len": 1714,
    "essay_main_subject": "인종차별에 대한 본인의 생각"
  }
}