{
  "paragraph": [
    {
      "paragraph_txt": "현대사회에 가장 먼저 해결해야할 크나큰 사회문제인 코로나19.#@문장구분#\n 그 코로나19의 효과적인 해결책인 코로나19 백신에 대한 지적 재산권을 팬더믹 상황에서 백신의 정보생산자에게 일정기간 동안 특허권을보장해야 하는가에 대한 찬성을 주장하는 바입니다.#@문장구분#\n 가장먼저 첫 번째로 아무리 팬더믹 상황이라고 해도 지적 재산권을 인정해주지 않는다면\n 법은 뭐하러 개정하는가?#@문장구분# 개발자에게 배타적 지위를 부여하는 것은 그 개발자가 어떤한 창작,발명품을\n 만들기위한 노력이나 자본을 비롯한 것들을 인정하고 보호하기 위함인 부분도 포함된다고 생각하는데\n 오히려 이 팬더믹 상황에서 사람들을 구하기 위해서 며칠을 지새우며 백신개발에 성공했을 사람들의\n 지적재산권을 인정하지 않는다면 아무도 백신을 만드려는 시도를 하지 않을것입니다.#@문장구분#\n 두 번째로는 오히려 백신의 지적재산권을 보장하지 않았더라면 지금처럼 다양한 백신이\n 개발되지 않았을 가능성이 있습니다.#@문장구분# 그랬었다면 최초로 개발된 아스트라제네카 백신의 제조법이나 다양한 정보를 공유했더라면 아스트라제네카를 기반으로 한 다양한 백신이 추가로 나왔을테고 \n 그렇게 되었다면부작용이 있는 백신을 기반으로 만들어져 사람이 죽는일이 더욱더 비일비재 했을수도\n 있으며 그게 아니더라도 탈모나 미각상실등 치명적인 여러 부작용이나 후유증이 생겼을수도 있습니다.#@문장구분#\n 오히려 재산권을 보장하게 된다면 여러 회사에서 백신개발에 착수하여 다양한 종류의 백신이 더욱 개발\n 될 것이며, 그에 따라서 적합한 연령대에 맞는 백신이 세상에 나올수 있었다고 생각합니다.#@문장구분#\n 그렇기에 백신제조에 대한 지적새산권은 당연히 보호되어야 된다 라는 주장에 찬성하는 바입니다.#@문장구분#\n 부디 코로나가 어서 종식되길 바랍니다",
      "paragraph_len": 995,
      "paragraph_id": "001"
    }
  ],
  "score": {
    "paragraph_score": [
      {
        "paragraph_scoreT": [
          3,
          2,
          3
        ],
        "paragraph_scoreT_detail": {
          "paragraph_scoreT_exp": [
            [
              3,
              3,
              3
            ],
            [
              2,
              2,
              2
            ],
            [
              3,
              3,
              3
            ]
          ]
        },
        "paragraph_scoreT_avg": 2.6666667,
        "paragraph_id": "001"
      }
    ],
    "essay_scoreT": [
      30,
      22.4,
      28.4
    ],
    "essay_scoreT_avg": 26.933334,
    "essay_scoreT_detail": {
      "essay_scoreT_org": [
        [
          3,
          3,
          3,
          3
        ],
        [
          2,
          2,
          2,
          2
        ],
        [
          3,
          3,
          3,
          3
        ]
      ],
      "essay_scoreT_cont": [
        [
          3,
          3,
          3,
          3
        ],
        [
          3,
          2,
          2,
          3
        ],
        [
          3,
          2,
          2,
          3
        ]
      ],
      "essay_scoreT_exp": [
        [
          3,
          3,
          3
        ],
        [
          2,
          2,
          2
        ],
        [
          3,
          3,
          3
        ]
      ]
    }
  },
  "student": {
    "date": "2021.08.04",
    "student_educated": true,
    "student_grade": "고등_2학년",
    "location": "063",
    "student_grade_group": "고등",
    "student_reading": 1
  },
  "rubric": {
    "essay_grade": "고등_2학년",
    "organization_weight": {
      "org_paragraph": 3,
      "org": 3,
      "org_essay": 3,
      "org_coherence": 3,
      "org_quantity": 1
    },
    "essay_type": "주장",
    "content_weight": {
      "con_clearance": 3,
      "con_novelty": 3,
      "con": 4,
      "con_prompt": 1,
      "con_description": 3
    },
    "essay_main_subject": "지적 재산권에 대한 본인의 생각 작성",
    "expression_weight": {
      "exp_style": 4,
      "exp_grammar": 2,
      "exp_vocab": 4,
      "exp": 3
    }
  },
  "correction": [],
  "info": {
    "essay_id": "ESSAY_36521",
    "essay_prompt": " 지적재산권이란 특허권, 실용신안권, 상표권, 디자인권을 총칭하는 개념으로 지적재산권법은 정보생산자에게 일정기간 동안 시장에서의 배타적 지위를 부여하고 있습니다.\n\n 즉, 지적 재산권은 특정 사람이 생각/창작해낸 것을 다른사람들의 무분별한 이용으로 부터 지켜주는 것입니다. 이러한 지적재산권은 개인 혹은 회사 더 나아가 나라에 귀속될 수 있습니다.\n\n 다만, 코로나 시대인 요즘 전 세계적인 재앙인 코로나를 물리칠 수 있는 백신에 대한 지적재산권을 자유롭게 풀어야한다는 의견이 계속해서 나오고 있습니다. \n\n 지적 재산권이 있는 제약회사가 있는 나라의 경우 백신이 충분하며 백신을 맞는 것이 선택의 문제인 반면, 그렇지 못한 나라는 백신을 맞고 싶어도 맞지 못하는 사람들이 많고 항체가 없어 사망하는 경우도 비교적 많이 때문입니다.\n\n 전 세계의 문제를 해결하기 위해 수 많은 돈을 들여 개발한 백신의 지적재산권을 공유하는 것이 의무화 되어야 할까요? 아니면 회사의 선택에 맡겨야할까요? 보상은 어떻게 해야할까요? \n\n 전 세계에 무상으로 공개 해야 한다는 의견이 있을 수도 있고 무상으로 공개한 회사의 경우 팬더믹 상황이 종결 된 후 따로 보상을 해주어야 한다는 의견도 있을 겁니다. 지적재산권의 변하지 않는 신뢰를 위해서라도 무상 공개는 절대 있어서는 안된다는 의견도 있을 것입니다.\n\n 지금까지도 펜더믹 상황에서 코로나19 백신에 대한 특허권을 보장해야 하느냐 풀어야 하느냐 의견이 분분합니다. 이에 대한 자신의 주장을 작성해주세요. 또한, 그렇게 생각한 이유도 설명해주세요.",
    "essay_type": "주장",
    "essay_level": "1",
    "essay_len": 835,
    "essay_main_subject": "지적 재산권에 대한 본인의 생각 작성"
  }
}