{
  "paragraph": [
    {
      "paragraph_txt": "한국계 혼혈인 하인즈 워드의 방한으로 우리는 그 동안 피부색이 다르다는 이유로 해왔던 차별에 대한 반성을 하게 되었다.#@문장구분# 그는 혼혈인에 대한 차별을 하지말기를 바란다며 복지재단 설립에 힘쓰고 있다. #@문장구분#그의 등장이 우리에게 주는 메시지는 반성 뿐만 아니라 앞으로의 대책까지 생각하게끔 하였다. #@문장구분#외국인 노동자들의 수가 증가하고 있고 국제 결혼도 늘어나고 있다.#@문장구분# 또 출산율이 낮아 노동력이 부족해져가는 시점에 출산장려도 대책이겠지만, 이민 장려도 대책이 될 것이다.#@문장구분# 이러한 추세가 계속 된다면 우리가 주장하고 있는 단일민족은 더 이상 우리나라를 표현하기에 사용되지 않는 구시대적 개념이 될 것이다. #@문장구분#다민족국가는 어쩔 수 없는 시대의 흐름이고 벌써 시작되었다.#@문장구분# 호주의 사례를 보면, 이 흐름을 우리가 너무 늦게 깨달은 것이 아닌가 하는 생각이 든다.#@문장구분# 호주의 경우 이미 백호주의에서 벗어나 다민족국가를 위한 여러 정책을 실행하고 있다.#@문장구분# 호주가 적극적인 정책을 벌써 실행하고 있을 때 오히려 우리는 이 문제에 대해 노력은커녕 무관심 상태에 있지 않았는가?#@문장구분# 이제는 적극적인 대책을 세워야 할 것이다. #@문장구분#먼저 사회통합이 큰 목표가 되어야 할 것이다. #@문장구분#특히 다인종사회인 경우에는 끊임없는 사회통합 노력이 이루어지지 않으면 폭동과 같은 비극적 상황이 일어날 수 있는 가능성이 높다.#@문장구분# 따라서 사회구성원들이 차별 없이 그들이 인권과 복지가 보장되고 소수에 대한 인권보장이 특별히 되는 사회가 되어야 할 것이다.#@문장구분# 구체적으로 국민연금 등 사회보험 가입자 범위를 넓히는 문제도 고려돼야 할 것이다. #@문장구분#외국에서 온 사람들이 자신이 예전에 있었던 나라의 문화와 언어를 계속 가질 수 있도록 적극적인 정책을 쓸 것인가에 대한 문제도 있다.#@문장구분# 집단적으로 거주하는 경우에는 이러한 경향을 피할 수가 없는데, 이러한 권리를 어느 정도 수준에서 보장할 것인가에 대해서도 보다 신중한 접근과 토론이 요구 된다.#@문장구분# 사회통합은 제도적인 문제뿐만 아니라 의식적인 문제에서도 개선되어야 한다.#@문장구분# 즉, 사회통합의 새로운 가치정립이 필요하다. #@문장구분#우리가 가지고 있던 전통적인 가치로는 사회통합이 어렵기 마련이다.#@문장구분# 따라서 거시적인 관점으로 제도와 의식의 개선으로 다인종사회에 대해 준비하여야 할 것이다.",
      "paragraph_len": 1482,
      "paragraph_id": "001"
    }
  ],
  "score": {
    "paragraph_score": [
      {
        "paragraph_scoreT": [
          3,
          2.8,
          2.8
        ],
        "paragraph_scoreT_detail": {
          "paragraph_scoreT_exp": [
            [
              3,
              3,
              3
            ],
            [
              2,
              3,
              3
            ],
            [
              2,
              3,
              3
            ]
          ]
        },
        "paragraph_scoreT_avg": 2.8666668,
        "paragraph_id": "001"
      }
    ],
    "essay_scoreT": [
      30,
      27.6,
      26.400002
    ],
    "essay_scoreT_avg": 28,
    "essay_scoreT_detail": {
      "essay_scoreT_org": [
        [
          3,
          3,
          3,
          3
        ],
        [
          2,
          2,
          3,
          3
        ],
        [
          2,
          2,
          3,
          3
        ]
      ],
      "essay_scoreT_cont": [
        [
          3,
          3,
          3,
          3
        ],
        [
          3,
          3,
          3,
          3
        ],
        [
          2,
          3,
          3,
          3
        ]
      ],
      "essay_scoreT_exp": [
        [
          3,
          3,
          3
        ],
        [
          2,
          3,
          3
        ],
        [
          2,
          3,
          3
        ]
      ]
    }
  },
  "student": {
    "date": "2021.12.08",
    "student_educated": true,
    "student_grade": "고등_2학년",
    "location": "063",
    "student_grade_group": "고등",
    "student_reading": 1
  },
  "rubric": {
    "essay_grade": "고등_2학년",
    "organization_weight": {
      "org_paragraph": 3,
      "org": 3,
      "org_essay": 3,
      "org_coherence": 3,
      "org_quantity": 1
    },
    "essay_type": "주장",
    "content_weight": {
      "con_clearance": 3,
      "con_novelty": 3,
      "con": 4,
      "con_prompt": 1,
      "con_description": 3
    },
    "essay_main_subject": "인종차별에 대한 본인의 생각",
    "expression_weight": {
      "exp_style": 4,
      "exp_grammar": 2,
      "exp_vocab": 4,
      "exp": 3
    }
  },
  "correction": [],
  "info": {
    "essay_id": "ESSAY_57434",
    "essay_prompt": " 최근 중국발 코로나바이러스로 인해 동양인에 대한 혐오감을 나타내는 서양인들이 늘어나고 있습니다. 그로 인해, 매스컴이나 SNS에서 인종차별을 받아 힘들어하는 동양인들을 자주 목격할 수 있습니다.\n\n 하지만, 최근에만 인종차별이 존재했을까요? 아닙니다. 아주 오래전부터 다른 인종에 대한 차별은 있었습니다.\n\n 우리나라에서는 인종차별을 안 하고 있을까요? 아닙니다. 우리나라에서도 알게 모르게 많은 부분에서 다른 국가의 사람들에 대해 인종차별을 하고 있으며 누군가에게 상처를 주고 있습니다.\n\n 즉, 인종차별은 누군가의 문제가 아니라 우리 모두의 문제입니다.\n\n 여러분들은 인종차별을 당해보신 적 있나요? 인종차별을 하는 사람들에 대해 어떻게 생각하시나요? 왜 생겨났다고 생각하나요? 인종차별을 근절하기 위해서는 어떻게 해야 할까요? 인종차별을 하는 사람들에 대해 전 세계적으로 처벌의 강도를 높여야 할까요?\n\n 인종차별을 하는 사람들에 대한 본인의 생각을 작성하고 인종차별은 해결할 수 있는 문제일지 아니면 해결하지 어려운 문제일지 작성해주세요. 또한, 그렇게 생각한 이유와 본인이 생각한 해결방법 혹은 해결할 수 없다면 왜 해결할 수 없다고 생각하는지 작성해주세요.",
    "essay_type": "주장",
    "essay_level": "1",
    "essay_len": 1083,
    "essay_main_subject": "인종차별에 대한 본인의 생각"
  }
}