{
  "paragraph": [
    {
      "paragraph_txt": "지금 사용하고 있는 평가의 방식은 과거에도 사용했던 보편적이면서 가장 사람의 등급을 잘 매길 수 있는 방식으로 세상 널리 쓰이고 있다.#@문장구분# 이러한 평가 방식이 잘못되었다고 생각한다.#@문장구분# 우리는 살면서 많은 것에 대한  평가 를 내리고, 또 평가받는다.#@문장구분# 이와 같이 우리의 삶과 평가는 우리의 삶과 떨어지기 힘든 것이다.#@문장구분# 하지만 이 평가가 부정적일 경우에 그 평가를 받은 사람에게 상처가 될 수도 있어 평가에 대한 회의적인 평가가 있기도 하지만, 나는 이 평가가 필요하다고 생각한다.#@문장구분# 평가는 자기의 생각이 아닌 사회 다수의 생각을 알려준다.#@문장구분#평가는 또한 자신의 행위의 성과를 보여준다.#@문장구분# 자신은 깨닫지 못할 가능성이 높다.#@문장구분# 하지만 객관적인 수치로 그것을 평가하고 그것을 과거와 비교하여 평가한다면 자신이 성장하였음을 깨닫고 더욱 노력할 가능성이 있고 생각한다.#@문장구분# 발전시키는 것을 돕는 방식으로 평가를 진행해야 한다고 생각합니다.#@문장구분# 예를 들어 자신이 잘하고, 원하는 분야에 필요한 일들을 얼마나 효율적이고 창의적으로 수행하는지, 자신이 진출하는 분야에서 요구하는 능력들을 충분히 갖추고 있는지, 자신이 진정 원하는 꿈을 찾아 행복한 삶을 살아가는데 많은 도움을 줄 수 있을 것입니다.#@문장구분# 모든 사람들은 태어날 때부터 각자 자신에게 주어진 재능과 특기가 있기에 그것을 충분히 살려가며 자신의 삶을 살아가야 합니다.#@문장구분# 그러므로 저는 객관적인 기준에 맞추어 평가를 하지 말고 어느 정도의 기준은 있지만, 각자의 특성과 장기에 더욱 집중하여 그 분야를 더욱 발전 시킬수있길 바란다.#@문장구분# 사람을 평가할 때 기준이 필요한데 그 기준이 과거에도 현재에도 미래에도 변하지 않기 때문이다.#@문장구분#",
      "paragraph_len": 1088,
      "paragraph_id": "001"
    }
  ],
  "score": {
    "paragraph_score": [
      {
        "paragraph_scoreT": [
          2.6,
          3,
          2.2
        ],
        "paragraph_scoreT_detail": {
          "paragraph_scoreT_exp": [
            [
              3,
              3,
              2
            ],
            [
              3,
              3,
              3
            ],
            [
              3,
              2,
              2
            ]
          ]
        },
        "paragraph_scoreT_avg": 2.6000001,
        "paragraph_id": "001"
      }
    ],
    "essay_scoreT": [
      23.3,
      27,
      22.5
    ],
    "essay_scoreT_avg": 24.266668,
    "essay_scoreT_detail": {
      "essay_scoreT_org": [
        [
          2,
          0,
          2,
          3
        ],
        [
          2,
          0,
          3,
          3
        ],
        [
          2,
          0,
          2,
          3
        ]
      ],
      "essay_scoreT_cont": [
        [
          3,
          2,
          2,
          2
        ],
        [
          3,
          2,
          3,
          3
        ],
        [
          2,
          2,
          3,
          3
        ]
      ],
      "essay_scoreT_exp": [
        [
          3,
          3,
          2
        ],
        [
          3,
          3,
          3
        ],
        [
          3,
          2,
          2
        ]
      ]
    }
  },
  "student": {
    "date": "2021.12.29",
    "student_educated": true,
    "student_grade": "고등_1학년",
    "location": "063",
    "student_grade_group": "고등",
    "student_reading": 2
  },
  "rubric": {
    "essay_grade": "고등_1학년",
    "organization_weight": {
      "org_paragraph": 0,
      "org": 3,
      "org_essay": 6,
      "org_coherence": 3,
      "org_quantity": 1
    },
    "essay_type": "주장",
    "content_weight": {
      "con_clearance": 3,
      "con_novelty": 3,
      "con": 4,
      "con_prompt": 1,
      "con_description": 3
    },
    "essay_main_subject": "평가에 대한 본인의 의견",
    "expression_weight": {
      "exp_style": 4,
      "exp_grammar": 2,
      "exp_vocab": 4,
      "exp": 3
    }
  },
  "correction": [],
  "info": {
    "essay_id": "ESSAY_83937",
    "essay_prompt": " 평가는 일반적으로 평가대상의 장점과 가치를 결정하는 과정을 말합니다.\n\n 세상에는 무수히 많은 평가 방법들이 존재하고 그 주제도 다양합니다.\n\n 우리나라의 경우는 어떨까요? 중간, 기말시험이 있고 미술과 같은 기본기와 창의성을 평가하는 과목도 있습니다. 체육과 같은 신체적인 능력을 평가하는 과목도 있지요. 모두 적절한 기준이 있으며 매우 객관적인 기준이라고 말합니다.\n\n 하지만 여러분이 생각하기에 모든 학생을 동일한 평가지표에 맞추어 평가하는 것이 올바른 방식이라고 생각하나요?\n\n 사람마다 특성이 존재하듯 각각의 목표 또한 다르고 성과도 다를 수 있습니다. 특정 기준에 의존해 본인의 성과도를 평가하는 것이 바르다고 생각되나요?\n\n 현재의 평가 방식은 최고의 객관적인 평가 방식이라고 생각하신다면 그 이유를 작성해주세요. 아니라면 어떤 평가 기준이 추가되어야 하고 또한 어떤 생각으로 평가가 이루어졌으면 좋겠는지 서술해 주세요.",
    "essay_type": "주장",
    "essay_level": "2",
    "essay_len": 808,
    "essay_main_subject": "평가에 대한 본인의 의견"
  }
}