{
  "paragraph": [
    {
      "paragraph_txt": "나는 평가의 긍정적 이의 생각한다 평가란 상대를 치켜세워 수 있고 내릴 수도 있는 거라고 생각하지만 그래도 우리에게 좋은 것들이 있습니다.#@문장구분# 예시를 들자면 회사에서 승진을 할 때 성과들로 표현을 하는 회사들이 많은데 이런 평가가 공정하게 이루어졌는지 어떻게 해서 이런 성과를 올린 건지 자신 스스로가 하는 게 맞는지 이러한 평가 기준에 따라서 승진이 결정 됩니다#@문장구분# 정말 열심히 살고 착실하게 살았던 사람이라면 당연히 승진을 할 수 있는 평가의 기준에서 합격 되겠지요.#@문장구분# 저는 이런 거에 대해서 라면 평가가 훨씬 더 많았으면 좋겠습니다.#@문장구분# 부정부패가 일어나는 곳이 있는데 그런 곳 말고 꼼꼼한 평가 기준에 따라서 평가하고 사람을 공정하게 대할 수 있는 또 하나의 방법이 라고 생각하기 때문입니다.#@문장구분# 우리는 평가의 기준을 잘 알아야 합니다#@문장구분# 평가의 기준은 우리를 어떻게 판단하고 어떻게 알고있는지 궁금해 하는 것들이 적혀 있습니다.#@문장구분# 그리고 저희가 배운 핵심적인 내용을 써야 하는 것도 평가이지요.#@문장구분# 우리는 이러한 평가가 많은 사회에서 살아가고 있습니다.#@문장구분# 그렇지 않아도 평가를함으로써 회사에서 직원을 뽑고 안 뽑고가 결정 되는데 이러한 비극적인 결말은 상대에게는 상처를 주지만 또 합격한 사람 에게는 무한에 자신감을 챙겨 줍니다.#@문장구분# 평가의 기준을 넘어서 자신이 합격 된 거라고 생각하니 정말 자존감도 많이 올라가고 자신이 할 수 있다는 점을 느끼기 때문에 그것 또한 좋다고 생각합니다.#@문장구분# 하지만 많은 사람들 앞에서 공개 되기가 어려운 아이들은 자신감이 없다고 탈락하진 않지만 그래도 엄연한 평가 기준이 있어야 더욱 더 잘하는 아이들을 뽑을 수 있고 회사의 발전을 샤오 할 수 있기 때문에 어느 정도 사람을 뽑는데 있어 평가 기준에 있어도 된다고 생각하는 바입니다.#@문장구분#",
      "paragraph_len": 1103,
      "paragraph_id": "001"
    }
  ],
  "score": {
    "paragraph_score": [
      {
        "paragraph_scoreT": [
          3,
          3,
          3
        ],
        "paragraph_scoreT_detail": {
          "paragraph_scoreT_exp": [
            [
              3,
              3,
              3
            ],
            [
              3,
              3,
              3
            ],
            [
              3,
              3,
              3
            ]
          ]
        },
        "paragraph_scoreT_avg": 3,
        "paragraph_id": "001"
      }
    ],
    "essay_scoreT": [
      28.8,
      28.8,
      30
    ],
    "essay_scoreT_avg": 29.199999,
    "essay_scoreT_detail": {
      "essay_scoreT_org": [
        [
          3,
          0,
          3,
          3
        ],
        [
          3,
          0,
          3,
          3
        ],
        [
          3,
          0,
          3,
          3
        ]
      ],
      "essay_scoreT_cont": [
        [
          3,
          2,
          3,
          3
        ],
        [
          3,
          2,
          3,
          3
        ],
        [
          3,
          3,
          3,
          3
        ]
      ],
      "essay_scoreT_exp": [
        [
          3,
          3,
          3
        ],
        [
          3,
          3,
          3
        ],
        [
          3,
          3,
          3
        ]
      ]
    }
  },
  "student": {
    "date": "2021.12.27",
    "student_educated": true,
    "student_grade": "고등_1학년",
    "location": "063",
    "student_grade_group": "고등",
    "student_reading": 2
  },
  "rubric": {
    "essay_grade": "고등_1학년",
    "organization_weight": {
      "org_paragraph": 0,
      "org": 3,
      "org_essay": 6,
      "org_coherence": 3,
      "org_quantity": 1
    },
    "essay_type": "주장",
    "content_weight": {
      "con_clearance": 3,
      "con_novelty": 3,
      "con": 4,
      "con_prompt": 1,
      "con_description": 3
    },
    "essay_main_subject": "평가에 대한 본인의 의견",
    "expression_weight": {
      "exp_style": 4,
      "exp_grammar": 2,
      "exp_vocab": 4,
      "exp": 3
    }
  },
  "correction": [],
  "info": {
    "essay_id": "ESSAY_79785",
    "essay_prompt": " 평가는 일반적으로 평가대상의 장점과 가치를 결정하는 과정을 말합니다.\n\n 세상에는 무수히 많은 평가 방법들이 존재하고 그 주제도 다양합니다.\n\n 우리나라의 경우는 어떨까요? 중간, 기말시험이 있고 미술과 같은 기본기와 창의성을 평가하는 과목도 있습니다. 체육과 같은 신체적인 능력을 평가하는 과목도 있지요. 모두 적절한 기준이 있으며 매우 객관적인 기준이라고 말합니다.\n\n 하지만 여러분이 생각하기에 모든 학생을 동일한 평가지표에 맞추어 평가하는 것이 올바른 방식이라고 생각하나요?\n\n 사람마다 특성이 존재하듯 각각의 목표 또한 다르고 성과도 다를 수 있습니다. 특정 기준에 의존해 본인의 성과도를 평가하는 것이 바르다고 생각되나요?\n\n 현재의 평가 방식은 최고의 객관적인 평가 방식이라고 생각하신다면 그 이유를 작성해주세요. 아니라면 어떤 평가 기준이 추가되어야 하고 또한 어떤 생각으로 평가가 이루어졌으면 좋겠는지 서술해 주세요.",
    "essay_type": "주장",
    "essay_level": "2",
    "essay_len": 863,
    "essay_main_subject": "평가에 대한 본인의 의견"
  }
}