{
  "paragraph": [
    {
      "paragraph_txt": "현재 진행되는 평가방식은 적절한 기준이 있고 수학과 같은 정답이 있는 분야에서는 적절한 방식이 될 수 있다.#@문장구분# 그러나 생각을 표현할 수 있는 분야에서는 개개인에 따라서 경험, 가치관이 다르기 때문에 좁은 폭의 평가기준으로는 개개인을 평가하기에 적절하지 않다.#@문장구분# 더구나 평가는 평가대상의 '장점'과 '가치'를 결정하는 과정이라 하였으므로 학교에서 진행하는 과목별 시험과 같이 동일한 평가지표에 맞춰서 평가하는 것은 평가방법으로 적절하지 않아 개인의 생각을 표현할 수 있는 더 넓은 폭의 기준을 세워 평가해야 한다.#@문장구분# 앞서 말한 평가 대상의 '장점'과 '가치'를 확인하고 평가하기 위해서는 정답을 찾는 방식보다는 토론과 같이 개인의 생각을 표현할 수 있는 방식으로 개인을 평가할 수 있어야 한다.#@문장구분# 이 방식으로 개인의 가치관과 생각에 따라 언어적, 사고적 능력을 더욱 다양하고 폭넓게 기록하여 수준에 따라서 적절하게 평가 할 수 있을 것이다.#@문장구분# 그러므로 개인마다 다른 경험과 가치관에 따른 평가결과의 차이를공평하게 하기위해서 정답보다는 개인의 생각의 표현을 추구해야 할 것이다.#@문장구분# 반면에 창의성을 요구하는 미술,음악과 같은 예술분야는 일정한 기준이 주어지지 않으면 개인의 가치관과 선호도에 따라서 생각하는 방식이이 다르고, 다수의 의견을 수용하여 평가할 수도 없어서 주관적이게 되고, 일정한 기준이 주어진다면 개개인의 생각이 달라도 기준 안에서 평가 할 수 있기 때문에 객관적이게 되서 예술분야의 평가는 매우 어렵다. #@문장구분#그러므로 예술분야와 같이 창의성을 요구하는 분야를 평가하기 위해서는 창작자의 의도에 따라서 평가하는 것이 가장 적절할 것이다.#@문장구분#",
      "paragraph_len": 960,
      "paragraph_id": "001"
    }
  ],
  "score": {
    "paragraph_score": [
      {
        "paragraph_scoreT": [
          2.8,
          3,
          2.8
        ],
        "paragraph_scoreT_detail": {
          "paragraph_scoreT_exp": [
            [
              2,
              3,
              3
            ],
            [
              3,
              3,
              3
            ],
            [
              2,
              3,
              3
            ]
          ]
        },
        "paragraph_scoreT_avg": 2.8666668,
        "paragraph_id": "001"
      }
    ],
    "essay_scoreT": [
      29.1,
      30,
      26.699999
    ],
    "essay_scoreT_avg": 28.599998,
    "essay_scoreT_detail": {
      "essay_scoreT_org": [
        [
          3,
          0,
          3,
          2
        ],
        [
          3,
          0,
          3,
          3
        ],
        [
          2,
          0,
          2,
          3
        ]
      ],
      "essay_scoreT_cont": [
        [
          3,
          3,
          3,
          3
        ],
        [
          3,
          3,
          3,
          3
        ],
        [
          3,
          3,
          3,
          3
        ]
      ],
      "essay_scoreT_exp": [
        [
          2,
          3,
          3
        ],
        [
          3,
          3,
          3
        ],
        [
          2,
          3,
          3
        ]
      ]
    }
  },
  "student": {
    "date": "2021.12.20",
    "student_educated": true,
    "student_grade": "고등_1학년",
    "location": "054",
    "student_grade_group": "고등",
    "student_reading": 1
  },
  "rubric": {
    "essay_grade": "고등_1학년",
    "organization_weight": {
      "org_paragraph": 0,
      "org": 3,
      "org_essay": 6,
      "org_coherence": 3,
      "org_quantity": 1
    },
    "essay_type": "주장",
    "content_weight": {
      "con_clearance": 3,
      "con_novelty": 3,
      "con": 4,
      "con_prompt": 1,
      "con_description": 3
    },
    "essay_main_subject": "평가에 대한 본인의 의견",
    "expression_weight": {
      "exp_style": 4,
      "exp_grammar": 2,
      "exp_vocab": 4,
      "exp": 3
    }
  },
  "correction": [],
  "info": {
    "essay_id": "ESSAY_76688",
    "essay_prompt": " 평가는 일반적으로 평가대상의 장점과 가치를 결정하는 과정을 말합니다.\n\n 세상에는 무수히 많은 평가 방법들이 존재하고 그 주제도 다양합니다.\n\n 우리나라의 경우는 어떨까요? 중간, 기말시험이 있고 미술과 같은 기본기와 창의성을 평가하는 과목도 있습니다. 체육과 같은 신체적인 능력을 평가하는 과목도 있지요. 모두 적절한 기준이 있으며 매우 객관적인 기준이라고 말합니다.\n\n 하지만 여러분이 생각하기에 모든 학생을 동일한 평가지표에 맞추어 평가하는 것이 올바른 방식이라고 생각하나요?\n\n 사람마다 특성이 존재하듯 각각의 목표 또한 다르고 성과도 다를 수 있습니다. 특정 기준에 의존해 본인의 성과도를 평가하는 것이 바르다고 생각되나요?\n\n 현재의 평가 방식은 최고의 객관적인 평가 방식이라고 생각하신다면 그 이유를 작성해주세요. 아니라면 어떤 평가 기준이 추가되어야 하고 또한 어떤 생각으로 평가가 이루어졌으면 좋겠는지 서술해 주세요.",
    "essay_type": "주장",
    "essay_level": "2",
    "essay_len": 801,
    "essay_main_subject": "평가에 대한 본인의 의견"
  }
}