{
  "paragraph": [
    {
      "paragraph_txt": "주제문에서 말하는 평가 방식은 절대평가로 이해가 되는데, 그렇다면 나는 동일한 지표에 맞춘 평가방식에 대해서 동의하는 바이다.#@문장구분# 현재 한국의 평가방식은 보통 상대평가가 많다.#@문장구분# 특히 대학수학능력시험이 상대평가로 이루어지기 때문에 고등학교 내신은 전부 상대평가로 이루어고 있다.#@문장구분# 하지만 나는 절대평가가 더 맞는 방식이라고 생각한다.#@문장구분# 평가라는 제도 자체가 어떤 창의력과 능률을 저하시킨다고 생각하는 사람이 있을 수 있다.#@문장구분# 하지만 객관적인 시선으로 스스로의 수준과 남들이 말하는 '능력이 있다'는 것을 알려주는 것이 평가이기 때문에 그러한 평가가 없으면 발전된 사회를 만들 수 없다.#@문장구분# 따라서 학생들의 학업 성취도와 일반 예체능의 능력을 향상시키기 위해선 평가는 불가분의 요소라고 생각한다.#@문장구분# 평가가 필수적이라면 평가방식에 대한 논의도 필요하다.#@문장구분# 학생들마다 어느 부분에서 특출나게 잘하는 학생이 있고 조금 부족한 학생이 있을 때, 부족한 학생들이 상대평가로 인하여 밀려날 수밖에 없는 구조는 어느 한 사람의 발전을 저해하는 결과가 나타날 수 있다고 생각한다.#@문장구분# 평균적이고 절대적인 기준을 세워 기준에 맞게 스스로의 발전을 위해 노력하는 것이 전체적인 능력을 향상시킬 수 있는 방법이 아닐까.#@문장구분# 이러한 관점에서 나는 평가는 필수적이며, 상대평가보다 학생들 전체를 발전시키는 데엔 절대평가가 맞는 방식이라고 생각하는 바이다.#@문장구분# 하지만 평가에 있어서 객관적으로 바라보는 것도 좋지만 어쨌든 발전을 위해서 도입한 방식이니만큼 낮은 점수를 받았다면 그에 대한 합당한 피드백도 이루어지는게 모두 포함되어야 처음 취지에 맞는 방식이 될 것이라고 생각한다.#@문장구분#",
      "paragraph_len": 1037,
      "paragraph_id": "001"
    }
  ],
  "score": {
    "paragraph_score": [
      {
        "paragraph_scoreT": [
          2.2,
          2,
          2.8
        ],
        "paragraph_scoreT_detail": {
          "paragraph_scoreT_exp": [
            [
              3,
              2,
              2
            ],
            [
              2,
              2,
              2
            ],
            [
              2,
              3,
              3
            ]
          ]
        },
        "paragraph_scoreT_avg": 2.3333333,
        "paragraph_id": "001"
      }
    ],
    "essay_scoreT": [
      22.5,
      22.800001,
      27.8
    ],
    "essay_scoreT_avg": 24.366669,
    "essay_scoreT_detail": {
      "essay_scoreT_org": [
        [
          2,
          0,
          2,
          3
        ],
        [
          2,
          0,
          3,
          3
        ],
        [
          3,
          0,
          3,
          3
        ]
      ],
      "essay_scoreT_cont": [
        [
          2,
          2,
          3,
          3
        ],
        [
          2,
          3,
          3,
          2
        ],
        [
          2,
          3,
          2,
          3
        ]
      ],
      "essay_scoreT_exp": [
        [
          3,
          2,
          2
        ],
        [
          2,
          2,
          2
        ],
        [
          2,
          3,
          3
        ]
      ]
    }
  },
  "student": {
    "date": "2021.12.20",
    "student_educated": true,
    "student_grade": "고등_1학년",
    "location": "063",
    "student_grade_group": "고등",
    "student_reading": 1
  },
  "rubric": {
    "essay_grade": "고등_1학년",
    "organization_weight": {
      "org_paragraph": 0,
      "org": 3,
      "org_essay": 6,
      "org_coherence": 3,
      "org_quantity": 1
    },
    "essay_type": "주장",
    "content_weight": {
      "con_clearance": 3,
      "con_novelty": 3,
      "con": 4,
      "con_prompt": 1,
      "con_description": 3
    },
    "essay_main_subject": "평가에 대한 본인의 의견",
    "expression_weight": {
      "exp_style": 4,
      "exp_grammar": 2,
      "exp_vocab": 4,
      "exp": 3
    }
  },
  "correction": [],
  "info": {
    "essay_id": "ESSAY_76449",
    "essay_prompt": " 평가는 일반적으로 평가대상의 장점과 가치를 결정하는 과정을 말합니다.\n\n 세상에는 무수히 많은 평가 방법들이 존재하고 그 주제도 다양합니다.\n\n 우리나라의 경우는 어떨까요? 중간, 기말시험이 있고 미술과 같은 기본기와 창의성을 평가하는 과목도 있습니다. 체육과 같은 신체적인 능력을 평가하는 과목도 있지요. 모두 적절한 기준이 있으며 매우 객관적인 기준이라고 말합니다.\n\n 하지만 여러분이 생각하기에 모든 학생을 동일한 평가지표에 맞추어 평가하는 것이 올바른 방식이라고 생각하나요?\n\n 사람마다 특성이 존재하듯 각각의 목표 또한 다르고 성과도 다를 수 있습니다. 특정 기준에 의존해 본인의 성과도를 평가하는 것이 바르다고 생각되나요?\n\n 현재의 평가 방식은 최고의 객관적인 평가 방식이라고 생각하신다면 그 이유를 작성해주세요. 아니라면 어떤 평가 기준이 추가되어야 하고 또한 어떤 생각으로 평가가 이루어졌으면 좋겠는지 서술해 주세요.",
    "essay_type": "주장",
    "essay_level": "2",
    "essay_len": 797,
    "essay_main_subject": "평가에 대한 본인의 의견"
  }
}