{
  "paragraph": [
    {
      "paragraph_txt": "평가는 평가를내리기 위한 과정도 중요하다고 생각한다.#@문장구분# 2016년 1월 스위스에서 열린 다보스 포럼에서 클라우스 슈밥(Klaus Schwab)은 미래를 '4차 산업혁명 시대'로 명명하고 대표적인 변화로 인공지능과 사물인터넷을 꼽았다.#@문장구분# 세계경제포럼의 '일자리 미래보고서'에서는 \"학생들의 65%는 현재 존재하지 않는 직업을 갖게 될 것이다\"라고 주장했다.#@문장구분# 또한 『사피엔스』의 저자 유발 하라리(Yuval Noah Harari) 교수는 \"현재 우리 아이들이 배우는 콘텐츠의 90%는 의미 없는 지식이 된다\"라고 말했다.#@문장구분# 이러한 것들은 공통적으로 '이제 더 이상 학교에서 현재 존재하는 내용을 단순 암기하게 하는 교육을 해서는 안 된다는 것'을 의미한다.#@문장구분# 앞으로 미래 사회를 살아갈 우리 아이들에게 새로운 환경에 적응하고, 새로운 것을 생각해내고 만들어낼 수 있는 역량을 키워주어야 한다.#@문장구분# 지식과 암기 위주의 교육에서 벗어나 지식과 기능, 가치, 태도가 통합적으로 발현될 수 있게 하는 데 중점을 두고 교육을 해야 한다는 것이다.#@문장구분# 이런 시대적 요구가 반영되어 2015 개정 교육과정에서 여러 변화가 있었다.#@문장구분# 그중 최근 이슈가 되는 것이 '과정중심평가'이다.#@문장구분# 일부 시·도 교육청에서는 과정중심평가를 교육청의 평가 모토로 삼아 추진하고 있을 정도다.#@문장구분# 2015 개정 교육과정에서는 학생평가에서 결과와 함께 과정의 중요성을 강조하고 있다.#@문장구분# '과정중심평가'를 도입하여 평가에 대한 인식의 변화와 평가의 본질적 역할에 충실할 것을 강조하고 있다.#@문장구분# 학생을 평가할 때 결과와 더불어 과정에도 관심을 가지고 학생에게 적기에 피드백을 제공하여 학생의 학습과 성장에 긍정적인 효과를 가져오고자 한 것이다.#@문장구분#",
      "paragraph_len": 1087,
      "paragraph_id": "001"
    }
  ],
  "score": {
    "paragraph_score": [
      {
        "paragraph_scoreT": [
          2,
          2.4,
          2
        ],
        "paragraph_scoreT_detail": {
          "paragraph_scoreT_exp": [
            [
              2,
              2,
              2
            ],
            [
              2,
              3,
              2
            ],
            [
              2,
              2,
              2
            ]
          ]
        },
        "paragraph_scoreT_avg": 2.1333334,
        "paragraph_id": "001"
      }
    ],
    "essay_scoreT": [
      21.6,
      24.3,
      24.900002
    ],
    "essay_scoreT_avg": 23.6,
    "essay_scoreT_detail": {
      "essay_scoreT_org": [
        [
          2,
          0,
          3,
          3
        ],
        [
          2,
          0,
          2,
          3
        ],
        [
          3,
          0,
          2,
          3
        ]
      ],
      "essay_scoreT_cont": [
        [
          3,
          1,
          3,
          2
        ],
        [
          3,
          2,
          3,
          3
        ],
        [
          3,
          2,
          3,
          3
        ]
      ],
      "essay_scoreT_exp": [
        [
          2,
          2,
          2
        ],
        [
          2,
          3,
          2
        ],
        [
          2,
          2,
          2
        ]
      ]
    }
  },
  "student": {
    "date": "2021.12.21",
    "student_educated": true,
    "student_grade": "고등_1학년",
    "location": "063",
    "student_grade_group": "고등",
    "student_reading": 2
  },
  "rubric": {
    "essay_grade": "고등_1학년",
    "organization_weight": {
      "org_paragraph": 0,
      "org": 3,
      "org_essay": 6,
      "org_coherence": 3,
      "org_quantity": 1
    },
    "essay_type": "주장",
    "content_weight": {
      "con_clearance": 3,
      "con_novelty": 3,
      "con": 4,
      "con_prompt": 1,
      "con_description": 3
    },
    "essay_main_subject": "평가에 대한 본인의 의견",
    "expression_weight": {
      "exp_style": 4,
      "exp_grammar": 2,
      "exp_vocab": 4,
      "exp": 3
    }
  },
  "correction": [],
  "info": {
    "essay_id": "ESSAY_76457",
    "essay_prompt": " 평가는 일반적으로 평가대상의 장점과 가치를 결정하는 과정을 말합니다.\n\n 세상에는 무수히 많은 평가 방법들이 존재하고 그 주제도 다양합니다.\n\n 우리나라의 경우는 어떨까요? 중간, 기말시험이 있고 미술과 같은 기본기와 창의성을 평가하는 과목도 있습니다. 체육과 같은 신체적인 능력을 평가하는 과목도 있지요. 모두 적절한 기준이 있으며 매우 객관적인 기준이라고 말합니다.\n\n 하지만 여러분이 생각하기에 모든 학생을 동일한 평가지표에 맞추어 평가하는 것이 올바른 방식이라고 생각하나요?\n\n 사람마다 특성이 존재하듯 각각의 목표 또한 다르고 성과도 다를 수 있습니다. 특정 기준에 의존해 본인의 성과도를 평가하는 것이 바르다고 생각되나요?\n\n 현재의 평가 방식은 최고의 객관적인 평가 방식이라고 생각하신다면 그 이유를 작성해주세요. 아니라면 어떤 평가 기준이 추가되어야 하고 또한 어떤 생각으로 평가가 이루어졌으면 좋겠는지 서술해 주세요.",
    "essay_type": "주장",
    "essay_level": "2",
    "essay_len": 827,
    "essay_main_subject": "평가에 대한 본인의 의견"
  }
}