{
  "paragraph": [
    {
      "paragraph_txt": "방송인 샘 오취리가 흑인 분장을 하고 졸업사진을 촬영한 의정부고 학생들에 대한 불편한 심기를 드러내며 인스타그램에 이런 것을 보면 안타깝고 슬퍼요. #@문장구분#웃기지 않습니다 라고 말하며 사람들의 큰 관심을 불러일으켰습니다.#@문장구분#샘 오취리는 \" 한국에서 이런 행동들 없었으면 좋겠어요. 서로의 문화를 존중하는 것 가장 좋습니다. 그리고 기회가 되면 한번 같이 이야기 하고 싶어요\"라고 덧붙이며 사진을 함께 게재하였는데 사진은 의 정부고 학생들이 졸업사진 콘셉트로 관짝소년단을 흉내낸 모습이 담겼습니다. #@문장구분#방탄소년단과 관짝의 합성어인 관짝 소년단은 상여꾼 역할을 하는 동시에 춤을 추는 가나상조회사 직원들을 가르키는 인터넷 용어입니다.#@문장구분# 아프리카의 가나의 한 장례식에서 관을 든 상여꾼들이 운구 도중 춤을 추는 영상이 퍼지면서 장례식에서 유쾌한 춤을 추는 이색적인 문화에 전세계적으로 큰 주목을 받으며 국내에서는 이들에게 아이돌 그룹 방탄소년단의 팀명을 따라 관짝소년단이라고 이름 붙이고 일종의 밈(모방의 형태로 인터넷을 통해 전파되는 유행 콘텐츠)이 된 것입니다. #@문장구분#학생들 5명은 관짝 소년단의 모습을 복장, 표정, 피부색까지 그대로 담은 모양이었습니다. #@문장구분#일각이서도 학생들의 행동이 블랙페이스가 아니냐고 비판하기 하였습니다. #@문장구분#블랙페이스는 흑인이 아닌 인종이 흑인을 흉내내기 위해 피부를 검게 칠하거나 입술을 두껍게 그리는 등의 무대분장으로 19세기 영미권에서 유행하였으나 1960년대 미국의 인권운동의 영향으로 인종차별적 행위를 담고 있다는 비판이 제기되며 현재는 금기시 되고 있는 행동입니다. #@문장구분#일부 온라인 네티즌들은 샘오취리의 비판과정을 유행하는 영상을 패러디한 것일뿐 비하의도없다며 지나친 반응이다고 했습니다. #@문장구분#저는 이번 샘오취리 사건을 통해 일부 온라인 네티즌들의 반성과 우리 교육의 현실에 한탄하지 않을 수없습니다. #@문장구분#인종차별은 당해보지 않으면 그 참담함을 느끼지 못한다고 합니다. #@문장구분#샘오취리의 말대로 우리나라는 얼굴을 까맣게 칠하면 웃긴다고 생각하는 사례가 매우 많으며 다른 문화를 조종하지 않고 이해할수 있는 교육에 많은 노력을 기울여야 됩니다. #@문장구분#이런 무지의 행동이 계속되면 않되고 이런 문제제기를 한 샘 오취리를 응원합니다.#@문장구분#",
      "paragraph_len": 1330,
      "paragraph_id": "001"
    }
  ],
  "score": {
    "paragraph_score": [
      {
        "paragraph_scoreT": [
          2.8,
          3,
          2
        ],
        "paragraph_scoreT_detail": {
          "paragraph_scoreT_exp": [
            [
              2,
              3,
              3
            ],
            [
              3,
              3,
              3
            ],
            [
              2,
              2,
              2
            ]
          ]
        },
        "paragraph_scoreT_avg": 2.6000001,
        "paragraph_id": "001"
      }
    ],
    "essay_scoreT": [
      27,
      28.8,
      20.3
    ],
    "essay_scoreT_avg": 25.366667,
    "essay_scoreT_detail": {
      "essay_scoreT_org": [
        [
          3,
          3,
          3,
          3
        ],
        [
          3,
          3,
          3,
          3
        ],
        [
          2,
          2,
          2,
          3
        ]
      ],
      "essay_scoreT_cont": [
        [
          2,
          2,
          3,
          3
        ],
        [
          3,
          2,
          3,
          3
        ],
        [
          2,
          2,
          2,
          2
        ]
      ],
      "essay_scoreT_exp": [
        [
          2,
          3,
          3
        ],
        [
          3,
          3,
          3
        ],
        [
          2,
          2,
          2
        ]
      ]
    }
  },
  "student": {
    "date": "2021.11.28",
    "student_educated": true,
    "student_grade": "고등_2학년",
    "location": "063",
    "student_grade_group": "고등",
    "student_reading": 2
  },
  "rubric": {
    "essay_grade": "고등_2학년",
    "organization_weight": {
      "org_paragraph": 3,
      "org": 3,
      "org_essay": 3,
      "org_coherence": 3,
      "org_quantity": 1
    },
    "essay_type": "주장",
    "content_weight": {
      "con_clearance": 3,
      "con_novelty": 3,
      "con": 4,
      "con_prompt": 1,
      "con_description": 3
    },
    "essay_main_subject": "인종차별에 대한 본인의 생각",
    "expression_weight": {
      "exp_style": 4,
      "exp_grammar": 2,
      "exp_vocab": 4,
      "exp": 3
    }
  },
  "correction": [],
  "info": {
    "essay_id": "ESSAY_53104",
    "essay_prompt": " 최근 중국발 코로나바이러스로 인해 동양인에 대한 혐오감을 나타내는 서양인들이 늘어나고 있습니다. 그로 인해, 매스컴이나 SNS에서 인종차별을 받아 힘들어하는 동양인들을 자주 목격할 수 있습니다.\n\n 하지만, 최근에만 인종차별이 존재했을까요? 아닙니다. 아주 오래전부터 다른 인종에 대한 차별은 있었습니다.\n\n 우리나라에서는 인종차별을 안 하고 있을까요? 아닙니다. 우리나라에서도 알게 모르게 많은 부분에서 다른 국가의 사람들에 대해 인종차별을 하고 있으며 누군가에게 상처를 주고 있습니다.\n\n 즉, 인종차별은 누군가의 문제가 아니라 우리 모두의 문제입니다.\n\n 여러분들은 인종차별을 당해보신 적 있나요? 인종차별을 하는 사람들에 대해 어떻게 생각하시나요? 왜 생겨났다고 생각하나요? 인종차별을 근절하기 위해서는 어떻게 해야 할까요? 인종차별을 하는 사람들에 대해 전 세계적으로 처벌의 강도를 높여야 할까요?\n\n 인종차별을 하는 사람들에 대한 본인의 생각을 작성하고 인종차별은 해결할 수 있는 문제일지 아니면 해결하지 어려운 문제일지 작성해주세요. 또한, 그렇게 생각한 이유와 본인이 생각한 해결방법 혹은 해결할 수 없다면 왜 해결할 수 없다고 생각하는지 작성해주세요.",
    "essay_type": "주장",
    "essay_level": "1",
    "essay_len": 1071,
    "essay_main_subject": "인종차별에 대한 본인의 생각"
  }
}