{
  "paragraph": [
    {
      "paragraph_txt": "현재 시행되고 있는 대학수학능력시험의 취지는 대학의 교육과정을 얼마나 잘 수학할 수 있는지, 즉 받아들여 배울 수 있는지를 평가하기 위함이다.#@문장구분# 제시문대로 교육 평가의 정의를 목표 달성도 확인, 의사 결정을 위한 정보 제공, 가치의 판단으로 구분한다면 이 중 가치의 판단은 대학의 관점으로 보았을 때, 평가대상이 해당 대학 또는 학과와 적성이 맞는지의 여부라고 할 수 있다.#@문장구분# 그렇다면 현재 우리나라에서 시행되는 대학수학능력시험은 교육 평가를 제대로 시행할 수 있을까?#@문장구분# 최근의 대학수학능력시험은 교육과정 내용과 시험 범위의 축소와 수험생 수준의 상향 평준화로 인해 난이도가 지속적으로 상승하고 있다.#@문장구분# 이에 따라 시험이 원래의 본질인 대학 교육의 수학 능력을 평가하지 못하고 소위 말하는 문제 풀이 스킬이나 시간 안에 풀기로 점수가 좌우되고 있다.#@문장구분# 그리고 현재의 대학수학능력시험은 선택 과목과 해당 학과의 전공 적합성이 고려되지 않고 있다.#@문장구분# 예를 들어 과학 탐구 영역에서 화학과 생명과학에 비해 전공과 연관성이 적은 물리학과 지구과학을 선택하더라도 의예과에 진학할 수 있다는 것이다.#@문장구분# 이는 즉 현재의 대학수학능력시험이 학생이 학과와 적성이 맞는지를 평가하지 못하고 있다는 것을 의미한다.#@문장구분#기존의 방식을 버리고 수학능력시험을 도입하였다는 것을 보여주는 문제점임을 알 수있다.#@문장구분# 이를 통해 수학능력시험은 교육평가의 질적 향상을 목표로 도입한 것으로 생각한다.#@문장구분# 기존의 교육평가의 방식을 개선하려는 노력을 통해 교육평가의 본질적인 정의를 실현하고자 함은 분명히 틀림없다.#@문장구분# 따라서 수학능력시험은 교육평가의 정의를 제대로 실현하고 있다고 생각한다.#@문장구분# 마지막으로 덧붙여서 말하자면, 앞으로도 수학능력평가에 대한 문제점 또한 제기되고 비판되올 것이다.#@문장구분# 하지만 이에 무반응하지 않고 개선하려는 노력 또한 필요할 것으로 보인다.#@문장구분#",
      "paragraph_len": 1175,
      "paragraph_id": "001"
    }
  ],
  "score": {
    "paragraph_score": [
      {
        "paragraph_scoreT": [
          2.6,
          3,
          2.4
        ],
        "paragraph_scoreT_detail": {
          "paragraph_scoreT_exp": [
            [
              3,
              3,
              2
            ],
            [
              3,
              3,
              3
            ],
            [
              2,
              3,
              2
            ]
          ]
        },
        "paragraph_scoreT_avg": 2.6666667,
        "paragraph_id": "001"
      }
    ],
    "essay_scoreT": [
      22.099998,
      28.2,
      23.1
    ],
    "essay_scoreT_avg": 24.466667,
    "essay_scoreT_detail": {
      "essay_scoreT_org": [
        [
          2,
          0,
          2,
          3
        ],
        [
          2,
          0,
          3,
          3
        ],
        [
          2,
          0,
          2,
          3
        ]
      ],
      "essay_scoreT_cont": [
        [
          2,
          2,
          2,
          2
        ],
        [
          3,
          3,
          3,
          3
        ],
        [
          2,
          2,
          3,
          3
        ]
      ],
      "essay_scoreT_exp": [
        [
          3,
          3,
          2
        ],
        [
          3,
          3,
          3
        ],
        [
          2,
          3,
          2
        ]
      ]
    }
  },
  "student": {
    "date": "2021.12.29",
    "student_educated": true,
    "student_grade": "고등_1학년",
    "location": "063",
    "student_grade_group": "고등",
    "student_reading": 2
  },
  "rubric": {
    "essay_grade": "고등_1학년",
    "organization_weight": {
      "org_paragraph": 0,
      "org": 3,
      "org_essay": 6,
      "org_coherence": 3,
      "org_quantity": 1
    },
    "essay_type": "주장",
    "content_weight": {
      "con_clearance": 3,
      "con_novelty": 3,
      "con": 4,
      "con_prompt": 1,
      "con_description": 3
    },
    "essay_main_subject": "평가에 대한 본인의 의견",
    "expression_weight": {
      "exp_style": 4,
      "exp_grammar": 2,
      "exp_vocab": 4,
      "exp": 3
    }
  },
  "correction": [],
  "info": {
    "essay_id": "ESSAY_83908",
    "essay_prompt": " 평가는 일반적으로 평가대상의 장점과 가치를 결정하는 과정을 말합니다.\n\n 세상에는 무수히 많은 평가 방법들이 존재하고 그 주제도 다양합니다.\n\n 우리나라의 경우는 어떨까요? 중간, 기말시험이 있고 미술과 같은 기본기와 창의성을 평가하는 과목도 있습니다. 체육과 같은 신체적인 능력을 평가하는 과목도 있지요. 모두 적절한 기준이 있으며 매우 객관적인 기준이라고 말합니다.\n\n 하지만 여러분이 생각하기에 모든 학생을 동일한 평가지표에 맞추어 평가하는 것이 올바른 방식이라고 생각하나요?\n\n 사람마다 특성이 존재하듯 각각의 목표 또한 다르고 성과도 다를 수 있습니다. 특정 기준에 의존해 본인의 성과도를 평가하는 것이 바르다고 생각되나요?\n\n 현재의 평가 방식은 최고의 객관적인 평가 방식이라고 생각하신다면 그 이유를 작성해주세요. 아니라면 어떤 평가 기준이 추가되어야 하고 또한 어떤 생각으로 평가가 이루어졌으면 좋겠는지 서술해 주세요.",
    "essay_type": "주장",
    "essay_level": "2",
    "essay_len": 896,
    "essay_main_subject": "평가에 대한 본인의 의견"
  }
}