{
  "paragraph": [
    {
      "paragraph_txt": "아시아인들을 향한 미국 내 혐오범죄가 급증하고 있다.#@문장구분# 거리에서, 상점에서, 지하철에서, 예고없는 공격이 빈발하고 아시안의 분노와 공포도 함께 커지고 있다. #@문장구분#한인사회도 예외는 아니다. #@문장구분#대체 왜 지금 아시안일까? 일시적일까, 아니면 더 심해질 수도 있을까?\"2020년 미국 16개 대도시 경찰자료를 분석한 연구에 따르면 전체 혐오범죄는 전년보다 7% 줄었지만 아시안 혐오범죄는 150%나 증가했다고 한다.#@문장구분#더 충격적인 건 이 중 68%가 여성이 타깃이란 사실이다.#@문장구분# 패턴을 분류해보면 첫째로 '묻지마'식 혐오나 범죄, 둘째로는 젊은 남성이 아시안계 노인 및 여성 등을 골라 폭행하는 약자공격형 범죄, 셋째로 온·오프라인에서 광범위하게 발생하는 인종차별적 언어 혐오, 마지막으로 10대들이 장난 삼아 하는 행위, 예를 들면 소셜미디어상에서 누가 아시안계를 더 잘 공격하나 내기하는 경우 등이다.#@문장구분#\n인터넷 등을 찾아보니 '포괄적 차별금지법'이란 성별, 장애, 병력, 나이, 언어, 출신국가, 출신민족, 인종 피부색, 출신지역, 출신학교, 용모 등 신체조건, 혼인여부, 임신 또는 출산, 종교, 사상 또는 정치적 의견, 성별정체성, 학력, 고용형태 등을 이유로 합리적 이유 없이 이루어지는 차별을 구체적으로 금지, 예방하고 불합리한 차별을 겪고 있는 사회적 소수자들에 대한 구제를 포함하는 기본법이다. #@문장구분#이 '포괄적 차별금지법'이 인종차별 (아시안 혐오)을 해결하는 데 실질적인 도움이 될 수 있다고 나는 생각한다. #@문장구분#실질적인 도움을 줄 수 있다고 생각하는 이유에는 '법적 차원으로 강제성을 가졌기 때문에 어느정도 통제 가능할 것이라고 생각한다.', '없는 것 보다는 있는 것이 조금씩이라도 상황을 나아지게 할 것 같고, 처벌까지는 아니더라도 선례가 남는 것이 반복된다면 시민의식이 향상될 것이라고 생각한다.#@문장구분#",
      "paragraph_len": 1070,
      "paragraph_id": "001"
    }
  ],
  "score": {
    "paragraph_score": [
      {
        "paragraph_scoreT": [
          3,
          3,
          2
        ],
        "paragraph_scoreT_detail": {
          "paragraph_scoreT_exp": [
            [
              3,
              3,
              3
            ],
            [
              3,
              3,
              3
            ],
            [
              2,
              2,
              2
            ]
          ]
        },
        "paragraph_scoreT_avg": 2.6666667,
        "paragraph_id": "001"
      }
    ],
    "essay_scoreT": [
      28.8,
      29.1,
      21.9
    ],
    "essay_scoreT_avg": 26.6,
    "essay_scoreT_detail": {
      "essay_scoreT_org": [
        [
          2,
          3,
          3,
          2
        ],
        [
          2,
          3,
          3,
          3
        ],
        [
          2,
          2,
          2,
          3
        ]
      ],
      "essay_scoreT_cont": [
        [
          3,
          3,
          3,
          3
        ],
        [
          3,
          3,
          3,
          3
        ],
        [
          3,
          2,
          3,
          2
        ]
      ],
      "essay_scoreT_exp": [
        [
          3,
          3,
          3
        ],
        [
          3,
          3,
          3
        ],
        [
          2,
          2,
          2
        ]
      ]
    }
  },
  "student": {
    "date": "2021.12.01",
    "student_educated": true,
    "student_grade": "고등_2학년",
    "location": "063",
    "student_grade_group": "고등",
    "student_reading": 2
  },
  "rubric": {
    "essay_grade": "고등_2학년",
    "organization_weight": {
      "org_paragraph": 3,
      "org": 3,
      "org_essay": 3,
      "org_coherence": 3,
      "org_quantity": 1
    },
    "essay_type": "주장",
    "content_weight": {
      "con_clearance": 3,
      "con_novelty": 3,
      "con": 4,
      "con_prompt": 1,
      "con_description": 3
    },
    "essay_main_subject": "인종차별에 대한 본인의 생각",
    "expression_weight": {
      "exp_style": 4,
      "exp_grammar": 2,
      "exp_vocab": 4,
      "exp": 3
    }
  },
  "correction": [],
  "info": {
    "essay_id": "ESSAY_53121",
    "essay_prompt": " 최근 중국발 코로나바이러스로 인해 동양인에 대한 혐오감을 나타내는 서양인들이 늘어나고 있습니다. 그로 인해, 매스컴이나 SNS에서 인종차별을 받아 힘들어하는 동양인들을 자주 목격할 수 있습니다.\n\n 하지만, 최근에만 인종차별이 존재했을까요? 아닙니다. 아주 오래전부터 다른 인종에 대한 차별은 있었습니다.\n\n 우리나라에서는 인종차별을 안 하고 있을까요? 아닙니다. 우리나라에서도 알게 모르게 많은 부분에서 다른 국가의 사람들에 대해 인종차별을 하고 있으며 누군가에게 상처를 주고 있습니다.\n\n 즉, 인종차별은 누군가의 문제가 아니라 우리 모두의 문제입니다.\n\n 여러분들은 인종차별을 당해보신 적 있나요? 인종차별을 하는 사람들에 대해 어떻게 생각하시나요? 왜 생겨났다고 생각하나요? 인종차별을 근절하기 위해서는 어떻게 해야 할까요? 인종차별을 하는 사람들에 대해 전 세계적으로 처벌의 강도를 높여야 할까요?\n\n 인종차별을 하는 사람들에 대한 본인의 생각을 작성하고 인종차별은 해결할 수 있는 문제일지 아니면 해결하지 어려운 문제일지 작성해주세요. 또한, 그렇게 생각한 이유와 본인이 생각한 해결방법 혹은 해결할 수 없다면 왜 해결할 수 없다고 생각하는지 작성해주세요.",
    "essay_type": "주장",
    "essay_level": "1",
    "essay_len": 890,
    "essay_main_subject": "인종차별에 대한 본인의 생각"
  }
}