{
  "paragraph": [
    {
      "paragraph_txt": "최근 팬머딕 상황에서의 코로나19 백신에 대한 특허권을 두고 전세계적으로 관심이 쏠리고 있다.#@문장구분#\n 기업측에서는 당연히 특허권을 보장받고 싶을테지만, 국가나 민간인의 입장에서는 그것보다\n 사람의 생명을 구하는 것에 집중하는 것이 먼저라는 입장을 고수하고 있어 갈등이 고조되고 있다.#@문장구분#\n 이와 관련해 나는 백신의 지적재산권을 자유롭게 풀어야한다고 생각하는데 이유는 다음과 같다.#@문장구분#\n 물론 기업에게도 이득이 있어야 그것이 다시 기술 발전에 들어가고 새로운 기술이 발전되고\n 코로나19와 같은 대재난이 일어났을때 다시 발전된 기술로 위기를 극복할 수 있다고 생각하는 것이\n 가장 큰 이유이다.#@문장구분# 그 외에도 지적재산권보다 현재 물량이 없어 죽어가고 있는 아이들을\n 살리는 것도 우선이라는 점이 있을 것 같다.#@문장구분# 옛날 1950년대에는 원자폭탄보다 소아마비가\n 전세계의 공포 대상이었다고 한다.#@문장구분# 소아마비 바이러스는 소아들을 공격하여 전신마비를\n 일으키는 악마 바이러스였고, 우리나라에서도 1960-70년대 소아마비로 인해 전신 또는 사지가\n 마비되어 생활이 불편한 장애우들이 많았다고 한다.#@문장구분# 또한 미국의 대통령 루즈벨트도 소아마비의\n 희생자였다.#@문장구분# 그래서그는 소아마비 개발을 위한 기금을 설립하기도 했는데 이때 소크 박사는\n 피츠버그 의과대학의 도움을 받는 것과 동시에 소아마비 국제기금 프로젝트의 책임자가 되어\n 7년의 기간을 걸쳐 100여 명의 어린이에게 백신을 시험하여 소아마비 백신을 개발한 사례가 있습니다.#@문장구분#\n 소아마비 백신의 접종이 시작된 날 소크박사는 한 인터뷰에서 특허의 권리에 대한 기자의\n 질문에 \"태양에 특허를 낼 수 있을까? 소아마비 특허의 권리는 누구에게도 없다.\" 라고 말했습니다.#@문장구분#\n 그러하듯 특허의 권리는 인정하면 국가와 협의해서 국민건에 필요하다면 국가가 특허권을 구입할수 있는 권한도 주면 좋겠다#@문장구분#",
      "paragraph_len": 1116,
      "paragraph_id": "001"
    }
  ],
  "score": {
    "paragraph_score": [
      {
        "paragraph_scoreT": [
          3,
          3,
          3
        ],
        "paragraph_scoreT_detail": {
          "paragraph_scoreT_exp": [
            [
              3,
              3,
              3
            ],
            [
              3,
              3,
              3
            ],
            [
              3,
              3,
              3
            ]
          ]
        },
        "paragraph_scoreT_avg": 3,
        "paragraph_id": "001"
      }
    ],
    "essay_scoreT": [
      30,
      28.8,
      25.800001
    ],
    "essay_scoreT_avg": 28.199999,
    "essay_scoreT_detail": {
      "essay_scoreT_org": [
        [
          3,
          3,
          3,
          3
        ],
        [
          2,
          3,
          3,
          2
        ],
        [
          2,
          2,
          3,
          3
        ]
      ],
      "essay_scoreT_cont": [
        [
          3,
          3,
          3,
          3
        ],
        [
          3,
          3,
          3,
          3
        ],
        [
          2,
          3,
          3,
          2
        ]
      ],
      "essay_scoreT_exp": [
        [
          3,
          3,
          3
        ],
        [
          3,
          3,
          3
        ],
        [
          3,
          3,
          3
        ]
      ]
    }
  },
  "student": {
    "date": "2021.10.14",
    "student_educated": true,
    "student_grade": "고등_2학년",
    "location": "02",
    "student_grade_group": "고등",
    "student_reading": 2
  },
  "rubric": {
    "essay_grade": "고등_2학년",
    "organization_weight": {
      "org_paragraph": 3,
      "org": 3,
      "org_essay": 3,
      "org_coherence": 3,
      "org_quantity": 1
    },
    "essay_type": "주장",
    "content_weight": {
      "con_clearance": 3,
      "con_novelty": 3,
      "con": 4,
      "con_prompt": 1,
      "con_description": 3
    },
    "essay_main_subject": "지적 재산권에 대한 본인의 생각 작성",
    "expression_weight": {
      "exp_style": 4,
      "exp_grammar": 2,
      "exp_vocab": 4,
      "exp": 3
    }
  },
  "correction": [],
  "info": {
    "essay_id": "ESSAY_37204",
    "essay_prompt": " 지적재산권이란 특허권, 실용신안권, 상표권, 디자인권을 총칭하는 개념으로 지적재산권법은 정보생산자에게 일정기간 동안 시장에서의 배타적 지위를 부여하고 있습니다.\n\n 즉, 지적 재산권은 특정 사람이 생각/창작해낸 것을 다른사람들의 무분별한 이용으로 부터 지켜주는 것입니다. 이러한 지적재산권은 개인 혹은 회사 더 나아가 나라에 귀속될 수 있습니다.\n\n 다만, 코로나 시대인 요즘 전 세계적인 재앙인 코로나를 물리칠 수 있는 백신에 대한 지적재산권을 자유롭게 풀어야한다는 의견이 계속해서 나오고 있습니다. \n\n 지적 재산권이 있는 제약회사가 있는 나라의 경우 백신이 충분하며 백신을 맞는 것이 선택의 문제인 반면, 그렇지 못한 나라는 백신을 맞고 싶어도 맞지 못하는 사람들이 많고 항체가 없어 사망하는 경우도 비교적 많이 때문입니다.\n\n 전 세계의 문제를 해결하기 위해 수 많은 돈을 들여 개발한 백신의 지적재산권을 공유하는 것이 의무화 되어야 할까요? 아니면 회사의 선택에 맡겨야할까요? 보상은 어떻게 해야할까요? \n\n 전 세계에 무상으로 공개 해야 한다는 의견이 있을 수도 있고 무상으로 공개한 회사의 경우 팬더믹 상황이 종결 된 후 따로 보상을 해주어야 한다는 의견도 있을 겁니다. 지적재산권의 변하지 않는 신뢰를 위해서라도 무상 공개는 절대 있어서는 안된다는 의견도 있을 것입니다.\n\n 지금까지도 펜더믹 상황에서 코로나19 백신에 대한 특허권을 보장해야 하느냐 풀어야 하느냐 의견이 분분합니다. 이에 대한 자신의 주장을 작성해주세요. 또한, 그렇게 생각한 이유도 설명해주세요.",
    "essay_type": "주장",
    "essay_level": "1",
    "essay_len": 896,
    "essay_main_subject": "지적 재산권에 대한 본인의 생각 작성"
  }
}