{
  "paragraph": [
    {
      "paragraph_txt": "평가는 계속 이뤄져야 한다고 생각 합니다.#@문장구분# 수학능력시험을 통해 학생들의 등급을 매겨 각 학생의 성적을 보고 성적에 알맞은 학교에 들어가는 것이 적합하다고 생각하기 때문입니다.#@문장구분# 수학능력시험을 치는 것으로 자신의 점수를 몰랐던 학생들이 수능 시험을 통해 진로를 정해 갈 수 있는 기회도 되기 때문입니다.#@문장구분# 수능 시험이 자신의 미래에 큰 영향을 주는 시험이라서 학생들이 열심히 할텐데 이 시도가 학생들의 인생에서 집중을 할 수 있는 큰 기회가 될 수 있어서 수능시험이 제대로 잘 실현되는 것 같습니다.#@문장구분# 하지만 공부능력이 아닌 다른 재능이있는사람들은 수학능력이 아닌 전문 분야의평가를 치러야 한다고 생각합니다.#@문장구분# 난 이 부분들을 이런 예외 적인 케이스를 위해하기 위해 이들의 자신의 분야에서 시험을 고등학생 때 할 수 있게 시험을 만든건 좋겠다는 생각이 듭니다.#@문장구분# 나의 꿈 헤어 디자이너의 특성상 대학 진학 보다는 경력이 더 우대를 받기 때문에 나는 대학에 진학 하지 않을 생각중입니다.#@문장구분# 저같은 경우는 미용쪽으로 갈려고 합니다.#@문장구분# 물론 자격을 따려면 평가를 보긴하지만 학교에서는 전문 분야가 아닌 이론 실습을 많이합니다.#@문장구분# 물론  사회에 나가서도 평가는 필요하긴하지만 말이죠.#@문장구분# 학교를 졸업하고서는 미용국가자격증 등 여러 분야에 시험이 있지만 이것은 학교 밖에서의 일이기에 학교 내에 그들의 분야를 위해 신경을 써주면 좋을 것 같습니다.#@문장구분# 이 공부가 미래의 실생활에 도움이 확실하게 되는 공부를 거의 초등학교 시절부터 약 15년에 가까운 시간들을 사용합니다.#@문장구분# 어찌 보면 인생에 있어서 길면 긴 시간인 이 시간 동안에 앞으로의 삶에 실질적 도움이 되는 평가와 교육을 해야 합니다.#@문장구분#",
      "paragraph_len": 1076,
      "paragraph_id": "001"
    }
  ],
  "score": {
    "paragraph_score": [
      {
        "paragraph_scoreT": [
          2,
          2.4,
          2
        ],
        "paragraph_scoreT_detail": {
          "paragraph_scoreT_exp": [
            [
              2,
              2,
              2
            ],
            [
              2,
              3,
              2
            ],
            [
              2,
              2,
              2
            ]
          ]
        },
        "paragraph_scoreT_avg": 2.1333334,
        "paragraph_id": "001"
      }
    ],
    "essay_scoreT": [
      21.5,
      27.300001,
      23.099998
    ],
    "essay_scoreT_avg": 23.966667,
    "essay_scoreT_detail": {
      "essay_scoreT_org": [
        [
          2,
          0,
          2,
          3
        ],
        [
          3,
          0,
          2,
          3
        ],
        [
          2,
          0,
          2,
          3
        ]
      ],
      "essay_scoreT_cont": [
        [
          3,
          2,
          2,
          2
        ],
        [
          3,
          3,
          3,
          3
        ],
        [
          3,
          2,
          3,
          3
        ]
      ],
      "essay_scoreT_exp": [
        [
          2,
          2,
          2
        ],
        [
          2,
          3,
          2
        ],
        [
          2,
          2,
          2
        ]
      ]
    }
  },
  "student": {
    "date": "2021.12.21",
    "student_educated": true,
    "student_grade": "고등_1학년",
    "location": "063",
    "student_grade_group": "고등",
    "student_reading": 2
  },
  "rubric": {
    "essay_grade": "고등_1학년",
    "organization_weight": {
      "org_paragraph": 0,
      "org": 3,
      "org_essay": 6,
      "org_coherence": 3,
      "org_quantity": 1
    },
    "essay_type": "주장",
    "content_weight": {
      "con_clearance": 3,
      "con_novelty": 3,
      "con": 4,
      "con_prompt": 1,
      "con_description": 3
    },
    "essay_main_subject": "평가에 대한 본인의 의견",
    "expression_weight": {
      "exp_style": 4,
      "exp_grammar": 2,
      "exp_vocab": 4,
      "exp": 3
    }
  },
  "correction": [],
  "info": {
    "essay_id": "ESSAY_76464",
    "essay_prompt": " 평가는 일반적으로 평가대상의 장점과 가치를 결정하는 과정을 말합니다.\n\n 세상에는 무수히 많은 평가 방법들이 존재하고 그 주제도 다양합니다.\n\n 우리나라의 경우는 어떨까요? 중간, 기말시험이 있고 미술과 같은 기본기와 창의성을 평가하는 과목도 있습니다. 체육과 같은 신체적인 능력을 평가하는 과목도 있지요. 모두 적절한 기준이 있으며 매우 객관적인 기준이라고 말합니다.\n\n 하지만 여러분이 생각하기에 모든 학생을 동일한 평가지표에 맞추어 평가하는 것이 올바른 방식이라고 생각하나요?\n\n 사람마다 특성이 존재하듯 각각의 목표 또한 다르고 성과도 다를 수 있습니다. 특정 기준에 의존해 본인의 성과도를 평가하는 것이 바르다고 생각되나요?\n\n 현재의 평가 방식은 최고의 객관적인 평가 방식이라고 생각하신다면 그 이유를 작성해주세요. 아니라면 어떤 평가 기준이 추가되어야 하고 또한 어떤 생각으로 평가가 이루어졌으면 좋겠는지 서술해 주세요.",
    "essay_type": "주장",
    "essay_level": "2",
    "essay_len": 816,
    "essay_main_subject": "평가에 대한 본인의 의견"
  }
}