{
  "paragraph": [
    {
      "paragraph_txt": "저는 모든 학생을 같은 평가지표에 맞추어 평가하는 것이 올바른 방식이라고 생각하지 않습니다. #@문장구분#대부분의 평가는 사람에 대한 우열을 가리는 것으로 생각합니다.#@문장구분# 특히나 한국은 줄 세우기라고 하는 특정 기준에 의존하여 상대방을 평가합니다. #@문장구분#가장 편리하게 평가하는 방법이나 이것이 진정으로 사람을 파악하며 도움이 된다고 생각하지 않습니다.#@문장구분# 특정 기준이라는 것은 너무 모호합니다.#@문장구분# 시대에 따라 변하기도 하며 사람에 따라 다릅니다.#@문장구분# 심지어 평가하는 사람 성격에 따라 달라질 수 있습니다.#@문장구분# 우리나라는 계속되는 이러한 평가로 잘못된 점이 많이 나오고 있습니다.#@문장구분# 대한민국은 진정한 학문을 펼쳐야 할 대학교에 더 힘을 쏟고 공부하는 것이 아닌 중학교와 고등학교 시절에 이미 대부분의 에너지를 쏟는다고 합니다.#@문장구분# 해외의 유명 대학과 가장 크게 차이 나는 부분이고 여러 전문가는 몇 년 동안 계속 주장해왔으나 대학이 서열화되어있는 한국에서는 빨리 받아들이지 못했습니다.#@문장구분# 그렇기에 저는 책에 관련한 기준이 추가되면 좋겠다고 생각합니다. #@문장구분#우리나라는 인생에서 읽는 책 대부분이 초등학교 때 끝나며 시간이 흐를수록 대부분 책을 읽지 않는다고 합니다.#@문장구분# 책은 마음의 양식이라고 불릴 만큼 사람에게 감동을 주며 교훈과 지식까지 전달해줍니다. #@문장구분#각자 인생에서 읽은 책 10권을 뽑아 각색하거나 소개하는 등 책에 대해 진정한 가치를 알면 좋겠습니다.#@문장구분#누군가의 비위를 맞추며 올바른, 정석적인 행동에 벗어나지 않는 사람만이 평가에 성공하면 그것은 진정한 평가가 아닙니다.#@문장구분# 조직의 가치와 목표를 잘 이룰 수 있는 평가로 나아가야 더 발전된 나라를 이룰 것으로 생각합니다.#@문장구분#",
      "paragraph_len": 1116,
      "paragraph_id": "001"
    }
  ],
  "score": {
    "paragraph_score": [
      {
        "paragraph_scoreT": [
          1.2,
          2.4,
          2.4
        ],
        "paragraph_scoreT_detail": {
          "paragraph_scoreT_exp": [
            [
              2,
              1,
              1
            ],
            [
              2,
              2,
              3
            ],
            [
              2,
              2,
              3
            ]
          ]
        },
        "paragraph_scoreT_avg": 2,
        "paragraph_id": "001"
      }
    ],
    "essay_scoreT": [
      18,
      23.6,
      25.7
    ],
    "essay_scoreT_avg": 22.433334,
    "essay_scoreT_detail": {
      "essay_scoreT_org": [
        [
          2,
          0,
          3,
          3
        ],
        [
          2,
          0,
          2,
          2
        ],
        [
          3,
          0,
          2,
          3
        ]
      ],
      "essay_scoreT_cont": [
        [
          3,
          1,
          3,
          1
        ],
        [
          3,
          3,
          2,
          2
        ],
        [
          3,
          2,
          2,
          3
        ]
      ],
      "essay_scoreT_exp": [
        [
          2,
          1,
          1
        ],
        [
          2,
          2,
          3
        ],
        [
          2,
          2,
          3
        ]
      ]
    }
  },
  "student": {
    "date": "2021.12.25",
    "student_educated": true,
    "student_grade": "고등_1학년",
    "location": "054",
    "student_grade_group": "고등",
    "student_reading": 3
  },
  "rubric": {
    "essay_grade": "고등_1학년",
    "organization_weight": {
      "org_paragraph": 0,
      "org": 3,
      "org_essay": 6,
      "org_coherence": 3,
      "org_quantity": 1
    },
    "essay_type": "주장",
    "content_weight": {
      "con_clearance": 3,
      "con_novelty": 3,
      "con": 4,
      "con_prompt": 1,
      "con_description": 3
    },
    "essay_main_subject": "평가에 대한 본인의 의견",
    "expression_weight": {
      "exp_style": 4,
      "exp_grammar": 2,
      "exp_vocab": 4,
      "exp": 3
    }
  },
  "correction": [],
  "info": {
    "essay_id": "ESSAY_78524",
    "essay_prompt": " 평가는 일반적으로 평가대상의 장점과 가치를 결정하는 과정을 말합니다.\n\n 세상에는 무수히 많은 평가 방법들이 존재하고 그 주제도 다양합니다.\n\n 우리나라의 경우는 어떨까요? 중간, 기말시험이 있고 미술과 같은 기본기와 창의성을 평가하는 과목도 있습니다. 체육과 같은 신체적인 능력을 평가하는 과목도 있지요. 모두 적절한 기준이 있으며 매우 객관적인 기준이라고 말합니다.\n\n 하지만 여러분이 생각하기에 모든 학생을 동일한 평가지표에 맞추어 평가하는 것이 올바른 방식이라고 생각하나요?\n\n 사람마다 특성이 존재하듯 각각의 목표 또한 다르고 성과도 다를 수 있습니다. 특정 기준에 의존해 본인의 성과도를 평가하는 것이 바르다고 생각되나요?\n\n 현재의 평가 방식은 최고의 객관적인 평가 방식이라고 생각하신다면 그 이유를 작성해주세요. 아니라면 어떤 평가 기준이 추가되어야 하고 또한 어떤 생각으로 평가가 이루어졌으면 좋겠는지 서술해 주세요.",
    "essay_type": "주장",
    "essay_level": "2",
    "essay_len": 797,
    "essay_main_subject": "평가에 대한 본인의 의견"
  }
}