{
  "paragraph": [
    {
      "paragraph_txt": "평가란 평가대상의 장점과 가치를 결정하는 과정을 말한다. #@문장구분#학생들에게 동일한 평가지표에 맞줘 평가한는 건 옳치 않다 생각한다. #@문장구분#교육평가의 정의를 목표달성도 확인, 의사결정을 위한 정보제공, 그리고 가치의 판단으로 구분할 수 있다.#@문장구분# 이 관점은 가치판단적 의미를 축소하거나 배제시키고 교육평가를 교육에 관한 의사결정을 내릴 때 필요한 정보를 수집해서 의사결정에 활용하는 과정으로 부각시키려고 한다.#@문장구분# 입장에서는 교육평가의 과정을 우선평가기준을 설정하고 관련 정보를 수집한 뒤에 평가기준을 적용하여 대상의 가치나 유용성, 효과, 중요성 등을 판단하는 것으로 생각한다.#@문장구분# 더욱이 보상,채용,교육,훈련등 다른 프로세스와의 밀접한 상호 관련성을 고려하여 평가 제도를 설계해야 한다는 점도 평가자에 있어서는 큰 부담이다. #@문장구분#그럼에도 불구하고 올바른 성과주의 문화를 정착시키기 위해서는 공정하고 객관적인 평가 시스템의 구축이 반드시 필요하다.#@문장구분# 평가에 대해 갖고 있는 오해를 불식시키고 바른 해결점을 찾아가는 과정이 뒷받침 되어야 좋은 평가 시스템이 얻어질수 있는 것 같다.#@문장구분# 따라서 이 입장에서는 의사결정에 필요하다면 교육의 성과뿐만 아니라 정책, 제도, 시설, 재정 등과 같이 교육에 투입되고 운영되는 투입과 과정에 관한 정보도 수집하여 활용할 것을 강조한다.#@문장구분# 평가라는 시스템이 사람을 얼마나 비참하게 만드는 지를 알고 지나간 평가는 다시 되돌릴 수 없기에 내가 생각하는 평가라는 지표는 인생에 매우 필요한 것이기도 하며 우리의 삶이라는 초원을 한 순간 불바다로 만들 수 있는 작은 불씨라고 할 수 있다.#@문장구분# 하지만 이에 무반응하지 않고 개선하려는 노력 또한 필요할 것으로 보인다.#@문장구분#",
      "paragraph_len": 1035,
      "paragraph_id": "001"
    }
  ],
  "score": {
    "paragraph_score": [
      {
        "paragraph_scoreT": [
          2,
          2.8,
          2.8
        ],
        "paragraph_scoreT_detail": {
          "paragraph_scoreT_exp": [
            [
              2,
              2,
              2
            ],
            [
              2,
              3,
              3
            ],
            [
              2,
              3,
              3
            ]
          ]
        },
        "paragraph_scoreT_avg": 2.5333335,
        "paragraph_id": "001"
      }
    ],
    "essay_scoreT": [
      20.3,
      27.3,
      22.4
    ],
    "essay_scoreT_avg": 23.333334,
    "essay_scoreT_detail": {
      "essay_scoreT_org": [
        [
          2,
          0,
          2,
          3
        ],
        [
          3,
          0,
          2,
          3
        ],
        [
          2,
          0,
          2,
          2
        ]
      ],
      "essay_scoreT_cont": [
        [
          2,
          2,
          2,
          2
        ],
        [
          3,
          2,
          3,
          3
        ],
        [
          2,
          2,
          2,
          2
        ]
      ],
      "essay_scoreT_exp": [
        [
          2,
          2,
          2
        ],
        [
          2,
          3,
          3
        ],
        [
          2,
          3,
          3
        ]
      ]
    }
  },
  "student": {
    "date": "2021.12.29",
    "student_educated": true,
    "student_grade": "고등_1학년",
    "location": "063",
    "student_grade_group": "고등",
    "student_reading": 2
  },
  "rubric": {
    "essay_grade": "고등_1학년",
    "organization_weight": {
      "org_paragraph": 0,
      "org": 3,
      "org_essay": 6,
      "org_coherence": 3,
      "org_quantity": 1
    },
    "essay_type": "주장",
    "content_weight": {
      "con_clearance": 3,
      "con_novelty": 3,
      "con": 4,
      "con_prompt": 1,
      "con_description": 3
    },
    "essay_main_subject": "평가에 대한 본인의 의견",
    "expression_weight": {
      "exp_style": 4,
      "exp_grammar": 2,
      "exp_vocab": 4,
      "exp": 3
    }
  },
  "correction": [],
  "info": {
    "essay_id": "ESSAY_84119",
    "essay_prompt": " 평가는 일반적으로 평가대상의 장점과 가치를 결정하는 과정을 말합니다.\n\n 세상에는 무수히 많은 평가 방법들이 존재하고 그 주제도 다양합니다.\n\n 우리나라의 경우는 어떨까요? 중간, 기말시험이 있고 미술과 같은 기본기와 창의성을 평가하는 과목도 있습니다. 체육과 같은 신체적인 능력을 평가하는 과목도 있지요. 모두 적절한 기준이 있으며 매우 객관적인 기준이라고 말합니다.\n\n 하지만 여러분이 생각하기에 모든 학생을 동일한 평가지표에 맞추어 평가하는 것이 올바른 방식이라고 생각하나요?\n\n 사람마다 특성이 존재하듯 각각의 목표 또한 다르고 성과도 다를 수 있습니다. 특정 기준에 의존해 본인의 성과도를 평가하는 것이 바르다고 생각되나요?\n\n 현재의 평가 방식은 최고의 객관적인 평가 방식이라고 생각하신다면 그 이유를 작성해주세요. 아니라면 어떤 평가 기준이 추가되어야 하고 또한 어떤 생각으로 평가가 이루어졌으면 좋겠는지 서술해 주세요.",
    "essay_type": "주장",
    "essay_level": "2",
    "essay_len": 816,
    "essay_main_subject": "평가에 대한 본인의 의견"
  }
}