{
  "paragraph": [
    {
      "paragraph_txt": "현재 많은 학생들의 목표 지점이자 학생으로서의 최대 과업인 수학능력시험에 대한 저의 생각은 우리가 흔히 말하는 수능은 전국구 시험이며 학생들에게는 학생으로서 살아온 날들 중에 가장 중요한 시험일 것이다.#@문장구분# 매년 치러지는 수능은 학생들의 미래를 결정하고 나라의 인재를 양성하는데 큰 역할을 한다.#@문장구분# 또 많은 학생들이 수능으로 인해 절망하고 이와 반대로 어떤 학생들은 수능으로 인해 기회를 얻는다.#@문장구분# 나는 이와 같이 우리나라에 많은 영향력을 행사하는 수능에 대한 것과 수능과 같은 교육평가의 정의가 실현되는지에 관하여 생각을 하다가. 나라에서는 지방 학생들에게 해택을 주는 제도를 실시하고 있다.#@문장구분# 지역인재전형과 같은 다양한 제도들이 있지만 이로 인해 역차별을 당한다는 수도권의 학생들의 의견도 만만치 않다.#@문장구분# 그래서 나는 수학능력시험 ,즉 수능이 교육평가의 정의가 실현되기 위해서는 적절한 제도와 시대에 따른 대처가 필요하다고 생각한다.#@문장구분# 모든 학생들에게 균등한 기회를 주고 불리한 여건에 있는 학생들에게는 해택을 주는 것이 교육평가의 정의라고 생각한다.#@문장구분# 이와 동시에 너무 심한 해택은 주지 않으면서 수도권 학생들에게 불리한 조건을 만드는 것은 잘못됐다고 생각한다.#@문장구분# 앞서 말한 것과 같이 수능은 학생의 미래를 결정하는 1년에 한 번 있는 매우 중요한 시험이다.#@문장구분# 수능을 잘 보면 대학을 잘 갈 수 있기에 때때로는 부정행위가 일어나는 편이다.#@문장구분# 대학입시와 가장 연관성 있는 고등학교나 수능 시험에서의 부정행위는 정의를 해치는 가장 큰 이유 중 하나이다.#@문장구분# 이런 것들을 없애고 오로지 학생 그자체로만 평가하는 것에서부터 정의가 실현된다고 생각한다.#@문장구분# 객관적인 평가를 위한 정의가 실현되기 위해서는 나라가 부정행위나 차별을 막아야 하며 학생들도 자신 스스로의 능력을 스스로 입증 할 수 있는 학생이 되어야 한다.#@문장구분# 그 때가 되면 비로소 정의가 실현되는 순간일 것이다. #@문장구분#하루 빨리 모두가 공평하고 불만 없는 평가를 받아 행복하게 사는 날이 왔으면 좋겟다.#@문장구분#",
      "paragraph_len": 1266,
      "paragraph_id": "001"
    }
  ],
  "score": {
    "paragraph_score": [
      {
        "paragraph_scoreT": [
          2.8,
          2.8,
          3
        ],
        "paragraph_scoreT_detail": {
          "paragraph_scoreT_exp": [
            [
              2,
              3,
              3
            ],
            [
              2,
              3,
              3
            ],
            [
              3,
              3,
              3
            ]
          ]
        },
        "paragraph_scoreT_avg": 2.8666668,
        "paragraph_id": "001"
      }
    ],
    "essay_scoreT": [
      28.2,
      28.2,
      30
    ],
    "essay_scoreT_avg": 28.800001,
    "essay_scoreT_detail": {
      "essay_scoreT_org": [
        [
          3,
          0,
          3,
          3
        ],
        [
          3,
          0,
          3,
          3
        ],
        [
          3,
          0,
          3,
          3
        ]
      ],
      "essay_scoreT_cont": [
        [
          3,
          2,
          3,
          3
        ],
        [
          3,
          2,
          3,
          3
        ],
        [
          3,
          3,
          3,
          3
        ]
      ],
      "essay_scoreT_exp": [
        [
          2,
          3,
          3
        ],
        [
          2,
          3,
          3
        ],
        [
          3,
          3,
          3
        ]
      ]
    }
  },
  "student": {
    "date": "2021.12.20",
    "student_educated": true,
    "student_grade": "고등_1학년",
    "location": "063",
    "student_grade_group": "고등",
    "student_reading": 1
  },
  "rubric": {
    "essay_grade": "고등_1학년",
    "organization_weight": {
      "org_paragraph": 0,
      "org": 3,
      "org_essay": 6,
      "org_coherence": 3,
      "org_quantity": 1
    },
    "essay_type": "주장",
    "content_weight": {
      "con_clearance": 3,
      "con_novelty": 3,
      "con": 4,
      "con_prompt": 1,
      "con_description": 3
    },
    "essay_main_subject": "평가에 대한 본인의 의견",
    "expression_weight": {
      "exp_style": 4,
      "exp_grammar": 2,
      "exp_vocab": 4,
      "exp": 3
    }
  },
  "correction": [],
  "info": {
    "essay_id": "ESSAY_71851",
    "essay_prompt": " 평가는 일반적으로 평가대상의 장점과 가치를 결정하는 과정을 말합니다.\n\n 세상에는 무수히 많은 평가 방법들이 존재하고 그 주제도 다양합니다.\n\n 우리나라의 경우는 어떨까요? 중간, 기말시험이 있고 미술과 같은 기본기와 창의성을 평가하는 과목도 있습니다. 체육과 같은 신체적인 능력을 평가하는 과목도 있지요. 모두 적절한 기준이 있으며 매우 객관적인 기준이라고 말합니다.\n\n 하지만 여러분이 생각하기에 모든 학생을 동일한 평가지표에 맞추어 평가하는 것이 올바른 방식이라고 생각하나요?\n\n 사람마다 특성이 존재하듯 각각의 목표 또한 다르고 성과도 다를 수 있습니다. 특정 기준에 의존해 본인의 성과도를 평가하는 것이 바르다고 생각되나요?\n\n 현재의 평가 방식은 최고의 객관적인 평가 방식이라고 생각하신다면 그 이유를 작성해주세요. 아니라면 어떤 평가 기준이 추가되어야 하고 또한 어떤 생각으로 평가가 이루어졌으면 좋겠는지 서술해 주세요.",
    "essay_type": "주장",
    "essay_level": "2",
    "essay_len": 966,
    "essay_main_subject": "평가에 대한 본인의 의견"
  }
}