{
  "paragraph": [
    {
      "paragraph_txt": "오늘날 우리는 장애인을 사람들로부터 소외된 사람으로 바라본다.#@문장구분# 이는 고대 사회에서부터 시작된다.#@문장구분# 장애인이 장애인에 비해 제대로 된 일을 할 수 있는 경우가 많지 않아서, 생산에 보탬이 안 되면서 식량만 축낸다는 시선에 의해 민족에 있어서 도움이 아니라고 인식되어졌다.#@문장구분# 처음으로 우리가 바꿔야하는 것은 장애인에 대한 인식이다.#@문장구분# 일부 사람들은 장애인을 불쌍하게 여기는 경우가 많은데, 장애인은 괴물도 아니지만, 보호받아야 하는 여린 존재도 아니다.#@문장구분# 장애인을 신체, 정신적으로 정상인보다 열등하게 취급한다는 전제가 깔린다.#@문장구분# 우리는 그저 장애인을 장애인으로 대하는 것이 아닌, 사람으로 대해야한다.#@문장구분# 사람보다 장애인으로서 참가하는 모든 일에서 장애인은 주목을 덜 받는다.#@문장구분# 최근 화제가 됐던 올림픽, 국민들은 각자 나라를 대표한 선수들에게 박수를 보내고 자신의 가족처럼 열심히 응원한다.#@문장구분# 그러나 이 기쁨 속에서 잠시 시선을 돌려보면, 올림픽이 끝난 이후에 패럴림픽이 시작된다.#@문장구분# 그러나 언론에서는 하루종일 보도하던 올림픽과는 다르게, 패럴림픽은 보도가 잦지 않을뿐더러, 대부분의 사람들은 패럴림픽이 열린 소식조차 모른다.#@문장구분# 장애인들 또한 나라를 대표하는 인물로, 우리가 주목하고, 열심히 응원해야하는 사람들이다.#@문장구분# 우리는 장애인들에게 더욱 더 많은 관심을 주어야 하며, 정상인들이 주는 관심과 똑같이 주어야한다.#@문장구분#",
      "paragraph_len": 929,
      "paragraph_id": "001"
    }
  ],
  "score": {
    "paragraph_score": [
      {
        "paragraph_scoreT": [
          2.4,
          2.8,
          2
        ],
        "paragraph_scoreT_detail": {
          "paragraph_scoreT_exp": [
            [
              2,
              2,
              3
            ],
            [
              2,
              3,
              3
            ],
            [
              2,
              2,
              2
            ]
          ]
        },
        "paragraph_scoreT_avg": 2.3999999,
        "paragraph_id": "001"
      }
    ],
    "essay_scoreT": [
      26.7,
      26,
      21.9
    ],
    "essay_scoreT_avg": 24.866667,
    "essay_scoreT_detail": {
      "essay_scoreT_org": [
        [
          3,
          3,
          3,
          2
        ],
        [
          2,
          2,
          3,
          3
        ],
        [
          2,
          2,
          2,
          3
        ]
      ],
      "essay_scoreT_cont": [
        [
          3,
          3,
          0,
          3
        ],
        [
          3,
          2,
          2,
          3
        ],
        [
          3,
          2,
          3,
          2
        ]
      ],
      "essay_scoreT_exp": [
        [
          2,
          2,
          3
        ],
        [
          2,
          3,
          3
        ],
        [
          2,
          2,
          2
        ]
      ]
    }
  },
  "student": {
    "date": "2021.09.06",
    "student_educated": true,
    "student_grade": "고등_2학년",
    "location": "051",
    "student_grade_group": "고등",
    "student_reading": 2
  },
  "rubric": {
    "essay_grade": "고등_2학년",
    "organization_weight": {
      "org_paragraph": 3,
      "org": 3,
      "org_essay": 3,
      "org_coherence": 3,
      "org_quantity": 1
    },
    "essay_type": "주장",
    "content_weight": {
      "con_clearance": 3,
      "con_novelty": 3,
      "con": 4,
      "con_prompt": 1,
      "con_description": 3
    },
    "essay_main_subject": "지적 재산권에 대한 본인의 생각 작성",
    "expression_weight": {
      "exp_style": 4,
      "exp_grammar": 2,
      "exp_vocab": 4,
      "exp": 3
    }
  },
  "correction": [],
  "info": {
    "essay_id": "ESSAY_34556",
    "essay_prompt": " 지적재산권이란 특허권, 실용신안권, 상표권, 디자인권을 총칭하는 개념으로 지적재산권법은 정보생산자에게 일정기간 동안 시장에서의 배타적 지위를 부여하고 있습니다.\n\n 즉, 지적 재산권은 특정 사람이 생각/창작해낸 것을 다른사람들의 무분별한 이용으로 부터 지켜주는 것입니다. 이러한 지적재산권은 개인 혹은 회사 더 나아가 나라에 귀속될 수 있습니다.\n\n 다만, 코로나 시대인 요즘 전 세계적인 재앙인 코로나를 물리칠 수 있는 백신에 대한 지적재산권을 자유롭게 풀어야한다는 의견이 계속해서 나오고 있습니다. \n\n 지적 재산권이 있는 제약회사가 있는 나라의 경우 백신이 충분하며 백신을 맞는 것이 선택의 문제인 반면, 그렇지 못한 나라는 백신을 맞고 싶어도 맞지 못하는 사람들이 많고 항체가 없어 사망하는 경우도 비교적 많이 때문입니다.\n\n 전 세계의 문제를 해결하기 위해 수 많은 돈을 들여 개발한 백신의 지적재산권을 공유하는 것이 의무화 되어야 할까요? 아니면 회사의 선택에 맡겨야할까요? 보상은 어떻게 해야할까요? \n\n 전 세계에 무상으로 공개 해야 한다는 의견이 있을 수도 있고 무상으로 공개한 회사의 경우 팬더믹 상황이 종결 된 후 따로 보상을 해주어야 한다는 의견도 있을 겁니다. 지적재산권의 변하지 않는 신뢰를 위해서라도 무상 공개는 절대 있어서는 안된다는 의견도 있을 것입니다.\n\n 지금까지도 펜더믹 상황에서 코로나19 백신에 대한 특허권을 보장해야 하느냐 풀어야 하느냐 의견이 분분합니다. 이에 대한 자신의 주장을 작성해주세요. 또한, 그렇게 생각한 이유도 설명해주세요.",
    "essay_type": "주장",
    "essay_level": "1",
    "essay_len": 669,
    "essay_main_subject": "지적 재산권에 대한 본인의 생각 작성"
  }
}