{
  "paragraph": [
    {
      "paragraph_txt": "몇백년 전에 미국의 남북전쟁 때부터 최근에 일어난 black lives matter 운동까지 수백년동안 흑인들의 인권과 백인들의 인종차별에 대해 많은 사람들의 운동과 희생이 있었다. #@문장구분#그렇기 때문에 현재 우리가 모든 인종은 동등하다는 교육을 할 수 있는 것 같고 이를 통해 이제는 전세계에 모든 사람들이 인종차별은 하면 안된다고 인식하고 있는 것 같다. #@문장구분#하지만 흑인의 인권에 집중하여 지난 몇백년동안 이어진 것에 반해 동양인에 대한 인종차별은 관심이 부족했던 것 같다. #@문장구분#단순히 동양인이라는 이유만으로 그들이 태어날 때부터 동양인에 대한 혐오감을 가지고 태어나서 그런 것이 아니라 동양인은 그들 사이에 \n경제적, 문화적약자였기 때문이다. #@문장구분#약자들은 혐오의 대상이 되기 쉬운데 과거 일제강점기에 조선인이 우물에 독을 타서 일본인을 죽였다는 루머를 퍼트려 조선인들을 학살한 것처럼 약자들은 피해와 혐오의 대상이 되기 쉽고 분풀이의 대상이 되기 때문에 동양인들이 차별을 받았다고 생각한다.#@문장구분# ",
      "paragraph_len": 592,
      "paragraph_id": "001"
    },
    {
      "paragraph_txt": "그치만 현재는 전세계가 대면으로든 비대면으로든 모두 연결되어있고 문화를 공유하고 있기 때문에 \n동양과 서양의 거리가 예전보다는 훨씬 줄어든 것 같다.#@문장구분#한편 이렇게 연결되어있고 공유함에도 아직도 동양인과 흑인에 대한 차별이 여전한 것에 마음이 아프지만, 반대로는 문화공유와 인종차별에 대한 교육이 활성화되어있기 때문에 우리가 노력한다면 빠른 속도로 동양인에 대한 차별이 줄어들 수 있을 것 같다.#@문장구분#",
      "paragraph_len": 259,
      "paragraph_id": "002"
    }
  ],
  "score": {
    "paragraph_score": [
      {
        "paragraph_scoreT": [
          3,
          3,
          3
        ],
        "paragraph_scoreT_detail": {
          "paragraph_scoreT_exp": [
            [
              3,
              3,
              3
            ],
            [
              3,
              3,
              3
            ],
            [
              3,
              3,
              3
            ]
          ]
        },
        "paragraph_scoreT_avg": 3,
        "paragraph_id": "001"
      },
      {
        "paragraph_scoreT": [
          3,
          3,
          2.4
        ],
        "paragraph_scoreT_detail": {
          "paragraph_scoreT_exp": [
            [
              3,
              3,
              3
            ],
            [
              3,
              3,
              3
            ],
            [
              2,
              3,
              2
            ]
          ]
        },
        "paragraph_scoreT_avg": 2.8,
        "paragraph_id": "002"
      }
    ],
    "essay_scoreT": [
      26.4,
      30,
      23.9
    ],
    "essay_scoreT_avg": 26.766668,
    "essay_scoreT_detail": {
      "essay_scoreT_org": [
        [
          3,
          3,
          3,
          3
        ],
        [
          3,
          3,
          3,
          3
        ],
        [
          2,
          2,
          2,
          3
        ]
      ],
      "essay_scoreT_cont": [
        [
          2,
          2,
          3,
          2
        ],
        [
          3,
          3,
          3,
          3
        ],
        [
          3,
          2,
          2,
          3
        ]
      ],
      "essay_scoreT_exp": [
        [
          3,
          3,
          3
        ],
        [
          3,
          3,
          3
        ],
        [
          2,
          3,
          2
        ]
      ]
    }
  },
  "student": {
    "date": "2021.09.02",
    "student_educated": true,
    "student_grade": "고등_2학년",
    "location": "051",
    "student_grade_group": "고등",
    "student_reading": 1
  },
  "rubric": {
    "essay_grade": "고등_2학년",
    "organization_weight": {
      "org_paragraph": 3,
      "org": 3,
      "org_essay": 3,
      "org_coherence": 3,
      "org_quantity": 1
    },
    "essay_type": "주장",
    "content_weight": {
      "con_clearance": 3,
      "con_novelty": 3,
      "con": 4,
      "con_prompt": 1,
      "con_description": 3
    },
    "essay_main_subject": "인종차별에 대한 본인의 생각",
    "expression_weight": {
      "exp_style": 4,
      "exp_grammar": 2,
      "exp_vocab": 4,
      "exp": 3
    }
  },
  "correction": [],
  "info": {
    "essay_id": "ESSAY_35717",
    "essay_prompt": " 최근 중국발 코로나바이러스로 인해 동양인에 대한 혐오감을 나타내는 서양인들이 늘어나고 있습니다. 그로 인해, 매스컴이나 SNS에서 인종차별을 받아 힘들어하는 동양인들을 자주 목격할 수 있습니다.\n\n 하지만, 최근에만 인종차별이 존재했을까요? 아닙니다. 아주 오래전부터 다른 인종에 대한 차별은 있었습니다.\n\n 우리나라에서는 인종차별을 안 하고 있을까요? 아닙니다. 우리나라에서도 알게 모르게 많은 부분에서 다른 국가의 사람들에 대해 인종차별을 하고 있으며 누군가에게 상처를 주고 있습니다.\n\n 즉, 인종차별은 누군가의 문제가 아니라 우리 모두의 문제입니다.\n\n 여러분들은 인종차별을 당해보신 적 있나요? 인종차별을 하는 사람들에 대해 어떻게 생각하시나요? 왜 생겨났다고 생각하나요? 인종차별을 근절하기 위해서는 어떻게 해야 할까요? 인종차별을 하는 사람들에 대해 전 세계적으로 처벌의 강도를 높여야 할까요?\n\n 인종차별을 하는 사람들에 대한 본인의 생각을 작성하고 인종차별은 해결할 수 있는 문제일지 아니면 해결하지 어려운 문제일지 작성해주세요. 또한, 그렇게 생각한 이유와 본인이 생각한 해결방법 혹은 해결할 수 없다면 왜 해결할 수 없다고 생각하는지 작성해주세요.",
    "essay_type": "주장",
    "essay_level": "1",
    "essay_len": 714,
    "essay_main_subject": "인종차별에 대한 본인의 생각"
  }
}