{
  "paragraph": [
    {
      "paragraph_txt": "나내가 생각하기에 더 추가 해야 하는 평가 기준이 있다고 생각한다.#@문장구분# 그것은 바로 사형 제도다.#@문장구분# 우리나라도 원래 사형 제도가 있었는데 지금은 사라진 것 같다.#@문장구분# 거의 사용으로는 벌을 내리지 않는다.#@문장구분# 하지만 나는 이 사형 제도를 부활시키고 차라리 평가하는 기준을 더 꼼꼼하고 세심하게 만들었으면 좋겠다.#@문장구분# 왜냐하면 그 중간에 누명을 쓰는 사람도 있고 아니면 대신 들어가는 사람들도 있기 때문에 사용이란 게 즉, 죽음을 이루기 때문에 죗값을 치뤄야 하는 범죄자가 들어가야지 그냥 사람이 죽을 순 없기 때문이다.#@문장구분# 이렇게 그런 사람들을 구제 할 수 있도록 애초에 사용을 내려야 하는 범죄가 일어나면 검찰청과 법정은 더 세심하고 치밀하게 신경을 써서이 사람이 진짜 범죄자가 맞는지 평가 해야 한다고 생각한다.#@문장구분# 그래서 정말 꼼꼼하게 평가 기준을 잡아서 누명을 쓴 사람이 죽지 않도록 진짜 범죄자가 죽도록 우리는 그렇게 평가 기준을 사용 한다고 생각한다.#@문장구분# 필요할 때 진짜 사용하는 게 우리가 평가를 사용 한다고 생각한다.#@문장구분# 넘어 사람들은 평가에 대해서 민감하게 생각한다.#@문장구분# 마치 그것이 자기 자신에 된 거 같고 그 평가 내용이 안 좋으면 마치 자신이 안 좋은 것처럼 너무 평가해 자기 자신을 좌우시킨다.#@문장구분# 이런 것은 사람이 평가를 하는 게 아니라 평가가 사람을안 좋게 만든다.#@문장구분# 즉 우리가 사용하는 게 아니라 사용 당해 지는 느낌을 받는 경우가 종종 있다.#@문장구분# 그런 사람들도 평가에 대해서 너무 두렵게만 생각하지 말고 안 좋게 나왔다 해도 거기서 그냥  참고만 할 뿐이지 그거에 대해서 너무 좌불안석 하지 않기를 바라는 입장이다.#@문장구분# 우리는 평가를 하는 시대 살아가고 있다.#@문장구분# 평가가 없으면 물론 불편한 상황 들이 닥칠 때도 있지만 그렇다고 평가가 너무 모든 것에 지배해 버리면 안 된다는 게 나의 총 입장이다.#@문장구분#고 싶다.#@문장구분#",
      "paragraph_len": 1228,
      "paragraph_id": "001"
    }
  ],
  "score": {
    "paragraph_score": [
      {
        "paragraph_scoreT": [
          3,
          3,
          2.4
        ],
        "paragraph_scoreT_detail": {
          "paragraph_scoreT_exp": [
            [
              3,
              3,
              3
            ],
            [
              3,
              3,
              3
            ],
            [
              2,
              2,
              3
            ]
          ]
        },
        "paragraph_scoreT_avg": 2.8,
        "paragraph_id": "001"
      }
    ],
    "essay_scoreT": [
      28.8,
      28.8,
      25.400002
    ],
    "essay_scoreT_avg": 27.666666,
    "essay_scoreT_detail": {
      "essay_scoreT_org": [
        [
          3,
          0,
          3,
          3
        ],
        [
          3,
          0,
          3,
          3
        ],
        [
          3,
          0,
          3,
          3
        ]
      ],
      "essay_scoreT_cont": [
        [
          3,
          2,
          3,
          3
        ],
        [
          3,
          2,
          3,
          3
        ],
        [
          3,
          2,
          2,
          2
        ]
      ],
      "essay_scoreT_exp": [
        [
          3,
          3,
          3
        ],
        [
          3,
          3,
          3
        ],
        [
          2,
          2,
          3
        ]
      ]
    }
  },
  "student": {
    "date": "2021.12.27",
    "student_educated": true,
    "student_grade": "고등_1학년",
    "location": "063",
    "student_grade_group": "고등",
    "student_reading": 2
  },
  "rubric": {
    "essay_grade": "고등_1학년",
    "organization_weight": {
      "org_paragraph": 0,
      "org": 3,
      "org_essay": 6,
      "org_coherence": 3,
      "org_quantity": 1
    },
    "essay_type": "주장",
    "content_weight": {
      "con_clearance": 3,
      "con_novelty": 3,
      "con": 4,
      "con_prompt": 1,
      "con_description": 3
    },
    "essay_main_subject": "평가에 대한 본인의 의견",
    "expression_weight": {
      "exp_style": 4,
      "exp_grammar": 2,
      "exp_vocab": 4,
      "exp": 3
    }
  },
  "correction": [],
  "info": {
    "essay_id": "ESSAY_79783",
    "essay_prompt": " 평가는 일반적으로 평가대상의 장점과 가치를 결정하는 과정을 말합니다.\n\n 세상에는 무수히 많은 평가 방법들이 존재하고 그 주제도 다양합니다.\n\n 우리나라의 경우는 어떨까요? 중간, 기말시험이 있고 미술과 같은 기본기와 창의성을 평가하는 과목도 있습니다. 체육과 같은 신체적인 능력을 평가하는 과목도 있지요. 모두 적절한 기준이 있으며 매우 객관적인 기준이라고 말합니다.\n\n 하지만 여러분이 생각하기에 모든 학생을 동일한 평가지표에 맞추어 평가하는 것이 올바른 방식이라고 생각하나요?\n\n 사람마다 특성이 존재하듯 각각의 목표 또한 다르고 성과도 다를 수 있습니다. 특정 기준에 의존해 본인의 성과도를 평가하는 것이 바르다고 생각되나요?\n\n 현재의 평가 방식은 최고의 객관적인 평가 방식이라고 생각하신다면 그 이유를 작성해주세요. 아니라면 어떤 평가 기준이 추가되어야 하고 또한 어떤 생각으로 평가가 이루어졌으면 좋겠는지 서술해 주세요.",
    "essay_type": "주장",
    "essay_level": "2",
    "essay_len": 888,
    "essay_main_subject": "평가에 대한 본인의 의견"
  }
}