{
  "paragraph": [
    {
      "paragraph_txt": "보통 어떤 동일한 평가지표에 맞추어 평가를 하려면 평가를 하는 분야가 따로 있습니다.#@문장구분# 그 분야에 따라서 평가지표가 바뀌어야 한다고 생각하기는 합니다. #@문장구분#하지만 사람에 따라서 평가지표를 바꾸기에는 세상에는 너무 많은 다양한 사람들이 존재하고 그 사람들마다가 가진 특징도 전부 다릅니다.#@문장구분# 이 모든 사람들을 각자 평가하기에는 너무 많은 지표가 필요하고, 시간도 무지막지하게 오래 걸릴 것입니다.#@문장구분# 무슨 평가를 한다면, 그 평가의 결과를 피평가자들은 기다리고 있을 것인데, 평가 결과를 내기 위한 과정도 너무 오래걸려서는 안된다고 생각합니다.#@문장구분# 또한 각자의 특징에 맞게 평가지표를 갖춰내려면 미리 그 사람의 특징에 대해서 잘 알고 있어야 하는데 그 방법이 어느 정도 제한되어 있습니다. #@문장구분#이에 따르는 대표적인 방법으로는 면접이 있다고 생각합니다.#@문장구분# 면접 중에서도 미리 질문을 정해놓고 계속 던지는 것들이 아니라, 각자가 자신을 상대방에게 어필하기 위해서 쓴 자기소개서나 이력서를 보고 그 특징에 맞게 질문을 던지는 면접을 말합니다.#@문장구분#사실 이러한 면접도 각자에 맞는 질문을 계속해서 던져야 합니다. #@문장구분#하지만 평가를 하는 사람은 정해져 있고, 평가를 받는 사람들은 워낙에 많다보니 점점 평가를 하는 사람들도 지치고 그로 인해서 감정적인 부분이 평가에 반영되어서 공평하지 않은 평가방식이 될 수 있다고 생각합니다. #@문장구분#그렇다고 하루에 몇명만 평가를 하기엔 또 너무 오랜 세월이 걸리기 때문에 저는 각자에게 동일한 지표를 주고 한꺼번에 평가해서 신속하게 끝내는 방법이 가장 효율적이고 불공평하다는 말도 나오지 않을 것이라고 생각합니다.#@문장구분# 애초에 무지한 상태에서 평가를 보는 것도 아니고, 미리 그 평가에 대해서 공부하고 연습한 후에 보는 것이기 때문에 동일한 지표에서 평가를 진행하는 것도 어느 정도 의미가 있다고 생각합니다.#@문장구분#",
      "paragraph_len": 1132,
      "paragraph_id": "001"
    }
  ],
  "score": {
    "paragraph_score": [
      {
        "paragraph_scoreT": [
          3,
          2,
          2
        ],
        "paragraph_scoreT_detail": {
          "paragraph_scoreT_exp": [
            [
              3,
              3,
              3
            ],
            [
              2,
              2,
              2
            ],
            [
              2,
              2,
              2
            ]
          ]
        },
        "paragraph_scoreT_avg": 2.3333333,
        "paragraph_id": "001"
      }
    ],
    "essay_scoreT": [
      27,
      22.699999,
      23.099998
    ],
    "essay_scoreT_avg": 24.266665,
    "essay_scoreT_detail": {
      "essay_scoreT_org": [
        [
          2,
          0,
          3,
          3
        ],
        [
          2,
          0,
          2,
          3
        ],
        [
          2,
          0,
          2,
          3
        ]
      ],
      "essay_scoreT_cont": [
        [
          3,
          2,
          3,
          3
        ],
        [
          3,
          3,
          2,
          2
        ],
        [
          3,
          2,
          3,
          3
        ]
      ],
      "essay_scoreT_exp": [
        [
          3,
          3,
          3
        ],
        [
          2,
          2,
          2
        ],
        [
          2,
          2,
          2
        ]
      ]
    }
  },
  "student": {
    "date": "2021.12.16",
    "student_educated": true,
    "student_grade": "고등_1학년",
    "location": "054",
    "student_grade_group": "고등",
    "student_reading": 2
  },
  "rubric": {
    "essay_grade": "고등_1학년",
    "organization_weight": {
      "org_paragraph": 0,
      "org": 3,
      "org_essay": 6,
      "org_coherence": 3,
      "org_quantity": 1
    },
    "essay_type": "주장",
    "content_weight": {
      "con_clearance": 3,
      "con_novelty": 3,
      "con": 4,
      "con_prompt": 1,
      "con_description": 3
    },
    "essay_main_subject": "평가에 대한 본인의 의견",
    "expression_weight": {
      "exp_style": 4,
      "exp_grammar": 2,
      "exp_vocab": 4,
      "exp": 3
    }
  },
  "correction": [],
  "info": {
    "essay_id": "ESSAY_78508",
    "essay_prompt": " 평가는 일반적으로 평가대상의 장점과 가치를 결정하는 과정을 말합니다.\n\n 세상에는 무수히 많은 평가 방법들이 존재하고 그 주제도 다양합니다.\n\n 우리나라의 경우는 어떨까요? 중간, 기말시험이 있고 미술과 같은 기본기와 창의성을 평가하는 과목도 있습니다. 체육과 같은 신체적인 능력을 평가하는 과목도 있지요. 모두 적절한 기준이 있으며 매우 객관적인 기준이라고 말합니다.\n\n 하지만 여러분이 생각하기에 모든 학생을 동일한 평가지표에 맞추어 평가하는 것이 올바른 방식이라고 생각하나요?\n\n 사람마다 특성이 존재하듯 각각의 목표 또한 다르고 성과도 다를 수 있습니다. 특정 기준에 의존해 본인의 성과도를 평가하는 것이 바르다고 생각되나요?\n\n 현재의 평가 방식은 최고의 객관적인 평가 방식이라고 생각하신다면 그 이유를 작성해주세요. 아니라면 어떤 평가 기준이 추가되어야 하고 또한 어떤 생각으로 평가가 이루어졌으면 좋겠는지 서술해 주세요.",
    "essay_type": "주장",
    "essay_level": "2",
    "essay_len": 893,
    "essay_main_subject": "평가에 대한 본인의 의견"
  }
}