{
  "paragraph": [
    {
      "paragraph_txt": "제가 생각하는 현재 우리나라의 평가는 대상의 가치나 수준을 내리는 것 이다, 라고 생각 합니다.#@문장구분# 사람들은 어디서든 평가를 받고 있습니다.#@문장구분# 사무실, 학교, 심지어는 친구들 사이에서도 자신에 대한 평가가 이루어지기도 합니다.#@문장구분# 특히 우리나라 학생이라면 많은 평가를 받고 자랍니다.#@문장구분# 초등학교 6년, 중학교 3년, 고등학교 3년 12년, 그리고 사회에 나가서도 평가를 받습니다.#@문장구분# 평소에는 놀다가도 시험기간이 되면 모두 예민해지고 경쟁하는 현실이 어떻게 보면 안타깝기도 합니다.#@문장구분#  한사람 한사람이 남들보다 잘해서 좋은 평가를 받는 것도 중요 하지만 현재  우리 사회에서는 그 틀에 맞게 하는 것이 좋은 평과를 받는 것입니다.#@문장구분# 그리고 평가의 기준을 탓할 시간에 공부를 하는 것이 더 효율적인 사회 라고 생각 합니다.#@문장구분# 우리는 좀 억울하게 느껴지지만 당장은 어쩔 수 없다고 생각 합니다.#@문장구분# 그 뿐만 아니라 음악, 미술, 체육 신경 쓸 거리도 넘쳐납니다.#@문장구분# 내가 표현하고자 하는 것을 표현했지만 정해진 평가에 벗어날 경우 좋은 점수를 받지 못하는게 현실 입니다.#@문장구분#학교에서는 성적표라는 단순한 숫자 일지 모르지만 학생들 에게는 미래가 달린 평가를 받고 있다고 생각합니다.#@문장구분# 어디든 평가의 기준은 다를 수 있지만 높은 점수, 좋은 대학 그것으로 우리의 평가는 이미 정해져 있는것 같습니다.#@문장구분# 현재의 평가 방식을 우리의 현실에 반영하여 정확한 기준을 가지고 현재의 평가 방식을 바꿔나가야 한다고 생각합니다.#@문장구분# 따라서 많은 교육 분야 전문가들의 다양한 의견이나 개편안 등을 참고하여 현재 교육 과정의 문제점을 파악하고 대학수학능력시험의 본질적인 목표를 달성할 수 있도록 노력을 기울여야 할 것입니다.#@문장구분#",
      "paragraph_len": 1119,
      "paragraph_id": "001"
    }
  ],
  "score": {
    "paragraph_score": [
      {
        "paragraph_scoreT": [
          3,
          2,
          2
        ],
        "paragraph_scoreT_detail": {
          "paragraph_scoreT_exp": [
            [
              3,
              3,
              3
            ],
            [
              2,
              2,
              2
            ],
            [
              2,
              2,
              2
            ]
          ]
        },
        "paragraph_scoreT_avg": 2.3333333,
        "paragraph_id": "001"
      }
    ],
    "essay_scoreT": [
      30,
      24,
      25.2
    ],
    "essay_scoreT_avg": 26.4,
    "essay_scoreT_detail": {
      "essay_scoreT_org": [
        [
          3,
          0,
          3,
          3
        ],
        [
          2,
          0,
          3,
          3
        ],
        [
          2,
          0,
          3,
          3
        ]
      ],
      "essay_scoreT_cont": [
        [
          3,
          3,
          3,
          3
        ],
        [
          2,
          3,
          3,
          3
        ],
        [
          3,
          3,
          3,
          3
        ]
      ],
      "essay_scoreT_exp": [
        [
          3,
          3,
          3
        ],
        [
          2,
          2,
          2
        ],
        [
          2,
          2,
          2
        ]
      ]
    }
  },
  "student": {
    "date": "2021.12.15",
    "student_educated": true,
    "student_grade": "고등_1학년",
    "location": "063",
    "student_grade_group": "고등",
    "student_reading": 2
  },
  "rubric": {
    "essay_grade": "고등_1학년",
    "organization_weight": {
      "org_paragraph": 0,
      "org": 3,
      "org_essay": 6,
      "org_coherence": 3,
      "org_quantity": 1
    },
    "essay_type": "주장",
    "content_weight": {
      "con_clearance": 3,
      "con_novelty": 3,
      "con": 4,
      "con_prompt": 1,
      "con_description": 3
    },
    "essay_main_subject": "평가에 대한 본인의 의견",
    "expression_weight": {
      "exp_style": 4,
      "exp_grammar": 2,
      "exp_vocab": 4,
      "exp": 3
    }
  },
  "correction": [],
  "info": {
    "essay_id": "ESSAY_65995",
    "essay_prompt": " 평가는 일반적으로 평가대상의 장점과 가치를 결정하는 과정을 말합니다.\n\n 세상에는 무수히 많은 평가 방법들이 존재하고 그 주제도 다양합니다.\n\n 우리나라의 경우는 어떨까요? 중간, 기말시험이 있고 미술과 같은 기본기와 창의성을 평가하는 과목도 있습니다. 체육과 같은 신체적인 능력을 평가하는 과목도 있지요. 모두 적절한 기준이 있으며 매우 객관적인 기준이라고 말합니다.\n\n 하지만 여러분이 생각하기에 모든 학생을 동일한 평가지표에 맞추어 평가하는 것이 올바른 방식이라고 생각하나요?\n\n 사람마다 특성이 존재하듯 각각의 목표 또한 다르고 성과도 다를 수 있습니다. 특정 기준에 의존해 본인의 성과도를 평가하는 것이 바르다고 생각되나요?\n\n 현재의 평가 방식은 최고의 객관적인 평가 방식이라고 생각하신다면 그 이유를 작성해주세요. 아니라면 어떤 평가 기준이 추가되어야 하고 또한 어떤 생각으로 평가가 이루어졌으면 좋겠는지 서술해 주세요.",
    "essay_type": "주장",
    "essay_level": "2",
    "essay_len": 819,
    "essay_main_subject": "평가에 대한 본인의 의견"
  }
}