{
  "paragraph": [
    {
      "paragraph_txt": "현재 우리학교생할은 학력중심사회로 우리는 고등학교과정을 대학을 가기위한 전과정으로 생각하는 경우가 많습니다. #@문장구분#그래서 내신점수를 잘 맞기 위해 최선을 다해 학교시험이나 과제제출 심지어 벌점하나까지 신경을 쓰고 있습니다.#@문장구분# 그런데 주관적 관점에서 주는 점수는 학생들의 불안과 불만을 증폭시키는 것이기 때문에 기준을 분명하게 제시하는 실기평가가 이루어져야 한다고 생각합니다.#@문장구분# 그리고 우리 학생들은 이런 평가에 항상 최선과 진심을 다하는 자세를 취하여 평가하는 선생님들의 오해를 사지 않도록 노력해야 할 것입니다.#@문장구분# 이런 주관적 평가요소들이 추가됨에 따라 과정의 평가와 결과의 평가에 대해 골고루 하여 좋은 점도 있겠지만 학생 입장에서 너무 힘이 듭니다.#@문장구분# 나는 결과도 중요하다고 생각하지만, 과정이 더 중요하다고 생각한다.#@문장구분# 과정은 결과처럼 보여지지 않지만 또 다른 무언가 예를 들어 마음가짐, 성실, 목표를 위한 노력의 과정이 과정에 들어있다고 믿고 있다.#@문장구분# 노력하고 고생한 만큼 결과는 좋게 나오리라 믿고 있다.#@문장구분# 사람은 각자 특색이 있고 잘하는 게 있고 하고 싶은 게 있고 좋아하는 게 있습니다.#@문장구분# 각자 갖고 있는 색이 다른데 하나로 뭉치라고 하면 아무 색도 없이 그저 검은색이 되어버립니다.#@문장구분# 본연의 색을 잃으면 삶이 재미가 없어지게 되고 나중에는 허탈함이 찾아올 겁니다.#@문장구분# 그리고 각자 본연의 색을 잃게 한 원인들에는 사회. 그리고 그 안에 수많은 원인 중에서도 평가. 평가도 그중 하나입니다.#@문장구분# 평가는 학교와 나라에서 정한 기준에 나 자신을 맞춰야 합니다.#@문장구분# 그 기준에 맞추지 못하면 안정적인 경제적 생활을 할 수 없다고 보이고 있습니다.#@문장구분#",
      "paragraph_len": 1077,
      "paragraph_id": "001"
    }
  ],
  "score": {
    "paragraph_score": [
      {
        "paragraph_scoreT": [
          2,
          2.4,
          2.4
        ],
        "paragraph_scoreT_detail": {
          "paragraph_scoreT_exp": [
            [
              2,
              2,
              2
            ],
            [
              2,
              3,
              2
            ],
            [
              2,
              3,
              2
            ]
          ]
        },
        "paragraph_scoreT_avg": 2.2666667,
        "paragraph_id": "001"
      }
    ],
    "essay_scoreT": [
      20.699999,
      25.8,
      21.5
    ],
    "essay_scoreT_avg": 22.666666,
    "essay_scoreT_detail": {
      "essay_scoreT_org": [
        [
          2,
          0,
          2,
          3
        ],
        [
          3,
          0,
          2,
          2
        ],
        [
          2,
          0,
          2,
          3
        ]
      ],
      "essay_scoreT_cont": [
        [
          2,
          2,
          3,
          2
        ],
        [
          3,
          2,
          3,
          3
        ],
        [
          2,
          2,
          2,
          2
        ]
      ],
      "essay_scoreT_exp": [
        [
          2,
          2,
          2
        ],
        [
          2,
          3,
          2
        ],
        [
          2,
          3,
          2
        ]
      ]
    }
  },
  "student": {
    "date": "2021.12.29",
    "student_educated": true,
    "student_grade": "고등_1학년",
    "location": "063",
    "student_grade_group": "고등",
    "student_reading": 2
  },
  "rubric": {
    "essay_grade": "고등_1학년",
    "organization_weight": {
      "org_paragraph": 0,
      "org": 3,
      "org_essay": 6,
      "org_coherence": 3,
      "org_quantity": 1
    },
    "essay_type": "주장",
    "content_weight": {
      "con_clearance": 3,
      "con_novelty": 3,
      "con": 4,
      "con_prompt": 1,
      "con_description": 3
    },
    "essay_main_subject": "평가에 대한 본인의 의견",
    "expression_weight": {
      "exp_style": 4,
      "exp_grammar": 2,
      "exp_vocab": 4,
      "exp": 3
    }
  },
  "correction": [],
  "info": {
    "essay_id": "ESSAY_84132",
    "essay_prompt": " 평가는 일반적으로 평가대상의 장점과 가치를 결정하는 과정을 말합니다.\n\n 세상에는 무수히 많은 평가 방법들이 존재하고 그 주제도 다양합니다.\n\n 우리나라의 경우는 어떨까요? 중간, 기말시험이 있고 미술과 같은 기본기와 창의성을 평가하는 과목도 있습니다. 체육과 같은 신체적인 능력을 평가하는 과목도 있지요. 모두 적절한 기준이 있으며 매우 객관적인 기준이라고 말합니다.\n\n 하지만 여러분이 생각하기에 모든 학생을 동일한 평가지표에 맞추어 평가하는 것이 올바른 방식이라고 생각하나요?\n\n 사람마다 특성이 존재하듯 각각의 목표 또한 다르고 성과도 다를 수 있습니다. 특정 기준에 의존해 본인의 성과도를 평가하는 것이 바르다고 생각되나요?\n\n 현재의 평가 방식은 최고의 객관적인 평가 방식이라고 생각하신다면 그 이유를 작성해주세요. 아니라면 어떤 평가 기준이 추가되어야 하고 또한 어떤 생각으로 평가가 이루어졌으면 좋겠는지 서술해 주세요.",
    "essay_type": "주장",
    "essay_level": "2",
    "essay_len": 797,
    "essay_main_subject": "평가에 대한 본인의 의견"
  }
}