{
  "paragraph": [
    {
      "paragraph_txt": "저는 현재의 평가 방식이 최고의 객관적인 평가방식이라고 생각하지 않습니다. #@문장구분#저는 평가에 대해 좋지 않게 생각하는 사람 중 한명 입니다.#@문장구분# 평가는 평가대상의 장점과 가치를 결정하는 과정을 말한다고 위의 제시문에서 설명하였습니다.#@문장구분# 평가를 하는것은 사람을 물건으로 대하는 것과 같다고 생각합니다.#@문장구분# 고기에 등급을 매기고 우유에 등급을 매기지 사람에게 등급을 매기는 것은 사람을 물건취급 하는 것입니다.#@문장구분# 사람마다 타고난 기본기가 다르고 특성이 다릅니다.#@문장구분# 평가를 없애서 평가에 대한 부담감을 줄여주던가, 이 기본기를 단련하고 특성을 살리도록 평가방법을 바꾸거나 한다면 학생들에게 동기부여도 되고 더욱더 열심히 하도록 사기를 복돋아 줄 수 있을 것이라고 생각합니다.#@문장구분# 예를 들어 수학과 국어, 영어같은 주요 과목은 학생 개개인의 난이도에 맞게 평가 방법을 다시 만들어서 학생들이 공부를 포기하지 않도록 하는 것입니다.#@문장구분# 체육과 음악 미술 같은 예체능 과목은 주요과목이 아닙니다. #@문장구분#공부를 하는 학생들에게 숨을 돌릴 수 있는 과목입니다.#@문장구분# 그렇기 때문에 체육 음악 미술같은 예체능 과목은 아주 기초적인 평가를 하거나 아예 평가를 하지 말고 학생들이 즐길 수 있도록 여러가지 프로젝트를 하는 것이 좋다고 생각합니다.#@문장구분# 평가는 통계를 내서 사람들을 줄 세우는것에 정말 편리하고 효율적이지만 좋다고 생각하지는 않습니다.#@문장구분# 학교에서 평가를 계속해서 하기 때문에 학생들이 공부를 포기하고 공부에 흥미를 느끼지 못하고 공부를 하지 않는게 아닐까요?#@문장구분# 평가를 학생들을 줄세우기 위한 용도가 아닌 학생들을 성장시키고 흥미를 느낄 수 있는 용도로 쓴다면 좋은 평가방법을 만들 수 있지 않을까 라는 생각이 듭니다.#@문장구분#",
      "paragraph_len": 1101,
      "paragraph_id": "001"
    }
  ],
  "score": {
    "paragraph_score": [
      {
        "paragraph_scoreT": [
          2.6,
          3,
          2.6
        ],
        "paragraph_scoreT_detail": {
          "paragraph_scoreT_exp": [
            [
              3,
              3,
              2
            ],
            [
              3,
              3,
              3
            ],
            [
              3,
              2,
              3
            ]
          ]
        },
        "paragraph_scoreT_avg": 2.7333333,
        "paragraph_id": "001"
      }
    ],
    "essay_scoreT": [
      22.099998,
      26.6,
      24.6
    ],
    "essay_scoreT_avg": 24.433332,
    "essay_scoreT_detail": {
      "essay_scoreT_org": [
        [
          2,
          0,
          2,
          3
        ],
        [
          2,
          0,
          3,
          3
        ],
        [
          2,
          0,
          3,
          3
        ]
      ],
      "essay_scoreT_cont": [
        [
          2,
          2,
          2,
          2
        ],
        [
          3,
          2,
          2,
          3
        ],
        [
          2,
          3,
          3,
          2
        ]
      ],
      "essay_scoreT_exp": [
        [
          3,
          3,
          2
        ],
        [
          3,
          3,
          3
        ],
        [
          3,
          2,
          3
        ]
      ]
    }
  },
  "student": {
    "date": "2021.12.19",
    "student_educated": true,
    "student_grade": "고등_1학년",
    "location": "054",
    "student_grade_group": "고등",
    "student_reading": 2
  },
  "rubric": {
    "essay_grade": "고등_1학년",
    "organization_weight": {
      "org_paragraph": 0,
      "org": 3,
      "org_essay": 6,
      "org_coherence": 3,
      "org_quantity": 1
    },
    "essay_type": "주장",
    "content_weight": {
      "con_clearance": 3,
      "con_novelty": 3,
      "con": 4,
      "con_prompt": 1,
      "con_description": 3
    },
    "essay_main_subject": "평가에 대한 본인의 의견",
    "expression_weight": {
      "exp_style": 4,
      "exp_grammar": 2,
      "exp_vocab": 4,
      "exp": 3
    }
  },
  "correction": [],
  "info": {
    "essay_id": "ESSAY_83370",
    "essay_prompt": " 평가는 일반적으로 평가대상의 장점과 가치를 결정하는 과정을 말합니다.\n\n 세상에는 무수히 많은 평가 방법들이 존재하고 그 주제도 다양합니다.\n\n 우리나라의 경우는 어떨까요? 중간, 기말시험이 있고 미술과 같은 기본기와 창의성을 평가하는 과목도 있습니다. 체육과 같은 신체적인 능력을 평가하는 과목도 있지요. 모두 적절한 기준이 있으며 매우 객관적인 기준이라고 말합니다.\n\n 하지만 여러분이 생각하기에 모든 학생을 동일한 평가지표에 맞추어 평가하는 것이 올바른 방식이라고 생각하나요?\n\n 사람마다 특성이 존재하듯 각각의 목표 또한 다르고 성과도 다를 수 있습니다. 특정 기준에 의존해 본인의 성과도를 평가하는 것이 바르다고 생각되나요?\n\n 현재의 평가 방식은 최고의 객관적인 평가 방식이라고 생각하신다면 그 이유를 작성해주세요. 아니라면 어떤 평가 기준이 추가되어야 하고 또한 어떤 생각으로 평가가 이루어졌으면 좋겠는지 서술해 주세요.",
    "essay_type": "주장",
    "essay_level": "2",
    "essay_len": 821,
    "essay_main_subject": "평가에 대한 본인의 의견"
  }
}