{
  "paragraph": [
    {
      "paragraph_txt": "나는 우리 나라의 평가가 제대로 실현하고 있다고 생각한다.#@문장구분# 일단 첫째 현재 교육 방식등에서 공부는 거의 필수로 요구되는데 나는 공부로 사람을 평가하는 것이 사실상 사람을 평가하는데 제일 쉬운 기준이라서 그렇다고 생각하고 있다.#@문장구분# 운동이나 다른 것들은 사람마다의 노력도 분명 영향을 끼치지만 그 사람이 태어날 때 가지고 있던 고유의 재능에 따라서 성적이 많이 갈린다.#@문장구분# 그렇기에 선천적으로 몸이 약한 사람이나 장애인들은 그런 시험에선 상대적으로 불리할 수밖에 없으니 공정하게 평가가 되지 못한다고 생각한다.#@문장구분# 하지만 공부는 어떤가 물론 사람마다의 재능도 영향을 끼치지만 재능보다도 주로 그 사람이 하는 노력에 따라서 성적이 많이 갈리기 때문에 제일 공평한 평가방법이라고 생각한다.#@문장구분# 그렇기에 그 사람이 해온 노력이 드러나는 수학능력시험에서 성적으로 사람의 가치를 매기고 평가하는것도 나는 잘못된 거라고 생각하지 않는다.#@문장구분# 그리고 나는 사람을 평가하는 것도 딱히 부정하지 않는다.#@문장구분# 사람을 그 사람의 능력에 따라서 평가하면 아까 말했듯 그 사람의 선척적 재능에 따라서 불평등한 평가가 될수도 있지만 그건 상대적 약자에게는 더 많은 혜택을 주거나 하는 방식으로 그 차이를 메꾸면 된다.#@문장구분# 이렇게 된다면 공교육의 결과를 평가하기 위한 항목이었던 수학능력시험은 사교육의 결과를 평가하는 항목이 되었다고 해도 과언이 아니다.#@문장구분# 따라서 '공교육의 목표달성도를 결정하는 과정'이라는 교육평가의 정의에 수학능력시험이라는 지표는 부합하지 않으므로 그 정의를 제대로 실현하고 있지 않다고 생각하고 수학능력으로 인해 모든 학생들이 객관적으로 평가 받을 수 있는 날이 오면 좋겠다.#@문장구분#",
      "paragraph_len": 1008,
      "paragraph_id": "001"
    }
  ],
  "score": {
    "paragraph_score": [
      {
        "paragraph_scoreT": [
          2.2,
          3,
          2.4
        ],
        "paragraph_scoreT_detail": {
          "paragraph_scoreT_exp": [
            [
              3,
              2,
              2
            ],
            [
              3,
              3,
              3
            ],
            [
              2,
              3,
              2
            ]
          ]
        },
        "paragraph_scoreT_avg": 2.5333333,
        "paragraph_id": "001"
      }
    ],
    "essay_scoreT": [
      22.5,
      28.4,
      23.899998
    ],
    "essay_scoreT_avg": 24.933334,
    "essay_scoreT_detail": {
      "essay_scoreT_org": [
        [
          2,
          0,
          2,
          3
        ],
        [
          3,
          0,
          3,
          3
        ],
        [
          2,
          0,
          2,
          3
        ]
      ],
      "essay_scoreT_cont": [
        [
          3,
          2,
          3,
          2
        ],
        [
          2,
          3,
          2,
          3
        ],
        [
          2,
          2,
          2,
          3
        ]
      ],
      "essay_scoreT_exp": [
        [
          3,
          2,
          2
        ],
        [
          3,
          3,
          3
        ],
        [
          2,
          3,
          3
        ]
      ]
    }
  },
  "student": {
    "date": "2021.12.29",
    "student_educated": true,
    "student_grade": "고등_1학년",
    "location": "063",
    "student_grade_group": "고등",
    "student_reading": 2
  },
  "rubric": {
    "essay_grade": "고등_1학년",
    "organization_weight": {
      "org_paragraph": 0,
      "org": 3,
      "org_essay": 6,
      "org_coherence": 3,
      "org_quantity": 1
    },
    "essay_type": "주장",
    "content_weight": {
      "con_clearance": 3,
      "con_novelty": 3,
      "con": 4,
      "con_prompt": 1,
      "con_description": 3
    },
    "essay_main_subject": "평가에 대한 본인의 의견",
    "expression_weight": {
      "exp_style": 4,
      "exp_grammar": 2,
      "exp_vocab": 4,
      "exp": 3
    }
  },
  "correction": [],
  "info": {
    "essay_id": "ESSAY_83997",
    "essay_prompt": " 평가는 일반적으로 평가대상의 장점과 가치를 결정하는 과정을 말합니다.\n\n 세상에는 무수히 많은 평가 방법들이 존재하고 그 주제도 다양합니다.\n\n 우리나라의 경우는 어떨까요? 중간, 기말시험이 있고 미술과 같은 기본기와 창의성을 평가하는 과목도 있습니다. 체육과 같은 신체적인 능력을 평가하는 과목도 있지요. 모두 적절한 기준이 있으며 매우 객관적인 기준이라고 말합니다.\n\n 하지만 여러분이 생각하기에 모든 학생을 동일한 평가지표에 맞추어 평가하는 것이 올바른 방식이라고 생각하나요?\n\n 사람마다 특성이 존재하듯 각각의 목표 또한 다르고 성과도 다를 수 있습니다. 특정 기준에 의존해 본인의 성과도를 평가하는 것이 바르다고 생각되나요?\n\n 현재의 평가 방식은 최고의 객관적인 평가 방식이라고 생각하신다면 그 이유를 작성해주세요. 아니라면 어떤 평가 기준이 추가되어야 하고 또한 어떤 생각으로 평가가 이루어졌으면 좋겠는지 서술해 주세요.",
    "essay_type": "주장",
    "essay_level": "2",
    "essay_len": 809,
    "essay_main_subject": "평가에 대한 본인의 의견"
  }
}