{
  "paragraph": [
    {
      "paragraph_txt": "오늘은 많은 평가 중에서 교육 평가에 대해서 얘기해보려고 한다.#@문장구분# 교육평가의 기능 중에서 3가지의 기능이 있다.#@문장구분# 차례대로 형성적 기능부터 설명해보려고 한다.#@문장구분# 우선 형성적 기능은 새로운 교육과정이나 수업전략을 모색하기 위한 또는 현재 사용하고 있는 교육과정, 프로그램, 지도 방법, 학교 시설, 학교 운영 등을 수정, 보완, 개선하기 위한 방안을 탐색•결정하는 데 필요한 정보를 수집할 목적으로 실시하는 평가의 기능을 교육평가의 형성적 기능(formative function)이라 한다.#@문장구분# 두번째로 총괄적 기능이 있는데 총괄적 기능은 형성평가를 통해 교육 프로그램, 수업 방법, 교육시설, 교육환경, 교육정책 등과 같은 교육 여건들이 최적 상태임을 확인한 후에 교육의 최종 성과를 평가하거나 자격인정, 선발, 혹은 교육을 계획하고 실행한 당사자의 책무를 밝힐 목적으로 실시하는 평가의 기능을 총괄적 기능(summative function; 總括的 機能)이라 한다.#@문장구분#",
      "paragraph_len": 580,
      "paragraph_id": "001"
    },
    {
      "paragraph_txt": " 마지막으로 정략적 기능은 단순히 학생들의 주의를 환기시키고, 학습 동기를 유발하거나 지역사회 및 학부형에게 학교 교육의 방향과 초점의 변화 또는 학교에서 특별히 기획하고 있는 행사나 활동을 홍보할 목적으로 실시하는 평가가 지니고 있는 기능을 교육평가의 심리적∙사회적∙정치적 기능이라고 하고 간단히 줄여서 정략적 기능(strategical function; 政略的 機能)이라 한다.#@문장구분# 이렇게 체계적인 평가가 있어야만 평가 과정에서 부정부패, 조작 등 문제가 안 일어나고 좀 더 공정하게 평가에 임할 수 있고 보다 더 많은 사람들이 공정하게 평가 받을 수 있다고 생각한다.#@문장구분#",
      "paragraph_len": 358,
      "paragraph_id": "002"
    }
  ],
  "score": {
    "paragraph_score": [
      {
        "paragraph_scoreT": [
          2,
          2.6,
          2
        ],
        "paragraph_scoreT_detail": {
          "paragraph_scoreT_exp": [
            [
              2,
              2,
              2
            ],
            [
              3,
              3,
              2
            ],
            [
              2,
              2,
              2
            ]
          ]
        },
        "paragraph_scoreT_avg": 2.2,
        "paragraph_id": "001"
      },
      {
        "paragraph_scoreT": [
          2,
          2.6,
          2
        ],
        "paragraph_scoreT_detail": {
          "paragraph_scoreT_exp": [
            [
              2,
              2,
              2
            ],
            [
              3,
              3,
              2
            ],
            [
              2,
              2,
              2
            ]
          ]
        },
        "paragraph_scoreT_avg": 2.2,
        "paragraph_id": "002"
      }
    ],
    "essay_scoreT": [
      15.700001,
      22.099998,
      21.5
    ],
    "essay_scoreT_avg": 19.766666,
    "essay_scoreT_detail": {
      "essay_scoreT_org": [
        [
          1,
          0,
          1,
          2
        ],
        [
          2,
          0,
          2,
          3
        ],
        [
          2,
          0,
          2,
          3
        ]
      ],
      "essay_scoreT_cont": [
        [
          2,
          1,
          1,
          2
        ],
        [
          2,
          2,
          2,
          2
        ],
        [
          3,
          2,
          2,
          2
        ]
      ],
      "essay_scoreT_exp": [
        [
          2,
          2,
          2
        ],
        [
          3,
          3,
          2
        ],
        [
          2,
          2,
          2
        ]
      ]
    }
  },
  "student": {
    "date": "2021.12.14",
    "student_educated": true,
    "student_grade": "고등_1학년",
    "location": "054",
    "student_grade_group": "고등",
    "student_reading": 2
  },
  "rubric": {
    "essay_grade": "고등_1학년",
    "organization_weight": {
      "org_paragraph": 0,
      "org": 3,
      "org_essay": 6,
      "org_coherence": 3,
      "org_quantity": 1
    },
    "essay_type": "주장",
    "content_weight": {
      "con_clearance": 3,
      "con_novelty": 3,
      "con": 4,
      "con_prompt": 1,
      "con_description": 3
    },
    "essay_main_subject": "평가에 대한 본인의 의견",
    "expression_weight": {
      "exp_style": 4,
      "exp_grammar": 2,
      "exp_vocab": 4,
      "exp": 3
    }
  },
  "correction": [],
  "info": {
    "essay_id": "ESSAY_78603",
    "essay_prompt": " 평가는 일반적으로 평가대상의 장점과 가치를 결정하는 과정을 말합니다.\n\n 세상에는 무수히 많은 평가 방법들이 존재하고 그 주제도 다양합니다.\n\n 우리나라의 경우는 어떨까요? 중간, 기말시험이 있고 미술과 같은 기본기와 창의성을 평가하는 과목도 있습니다. 체육과 같은 신체적인 능력을 평가하는 과목도 있지요. 모두 적절한 기준이 있으며 매우 객관적인 기준이라고 말합니다.\n\n 하지만 여러분이 생각하기에 모든 학생을 동일한 평가지표에 맞추어 평가하는 것이 올바른 방식이라고 생각하나요?\n\n 사람마다 특성이 존재하듯 각각의 목표 또한 다르고 성과도 다를 수 있습니다. 특정 기준에 의존해 본인의 성과도를 평가하는 것이 바르다고 생각되나요?\n\n 현재의 평가 방식은 최고의 객관적인 평가 방식이라고 생각하신다면 그 이유를 작성해주세요. 아니라면 어떤 평가 기준이 추가되어야 하고 또한 어떤 생각으로 평가가 이루어졌으면 좋겠는지 서술해 주세요.",
    "essay_type": "주장",
    "essay_level": "2",
    "essay_len": 801,
    "essay_main_subject": "평가에 대한 본인의 의견"
  }
}