{
  "paragraph": [
    {
      "paragraph_txt": "미국의 KKK라는 단체가 있다고 합니다. #@문장구분#이 단체는 영화나 소설 등에서 극우 단체로 많이 나타나곤 합니다. #@문장구분#이 단체는 인종차별, 반유대주의, 백인 우월주의 등을 주장하는 극우비밀결사 단체로 얼굴을 들어내지 않으며 가면과 하얀 옷을 입어 본인을 드러내지 않고 악행을 저지르거나 그들만의 의식을 진행하곤 합니다. #@문장구분#특히 이들은 흑인의 노예해방을 지지하는 백인들과 흑인들을 폭력적으로 대하고 협박하였습니다.#@문장구분# 저는 이 사람들의 행동을 보았을 때 너무 무섭다는 생각이 듭니다.#@문장구분# 자신들이 하는 행동이 올바르지 않고 나쁘고 불법적인 행동임을 알기 때문에 자신의 정체를 가리고 활동하는 것일 겁니다. #@문장구분#그리고 그들의 수가 현재도 다수가 된다는 사실이 매우 무섭고 어이가 없습니다. #@문장구분#사람은 모두 평등합니다.#@문장구분# 피부색이 다르건 문화가 다르건 또는 장애인이건 모든 인류는 평등합니다. #@문장구분#요즈음 이런 상식적인 생각을 대다수의 사람이 인정하고 문화, 사회, 제도적인 모든 분야에서 예전에 다루지 않던 차별등에 대해 인지하고 변화시키려고 사회지도층과 지식인들의 주도하에 변화되고 있다고 생각합니다. #@문장구분#그런데 .#@문장구분# 세상에 어떤 생명이든 동물이든 식물이든 사람이든 모든 생명은 소중하며 어느하나 차별받고 멸시받고 폭력을 당하거나 비난을 받아야 할 생명은 하나도 없다고 생각합니다. 그런데도 이런일이 발생함은 교육에 의한 것일 거라고 생각합니다. #@문장구분#어릴적 버릇 세 살간다는 말이 있듯이 어릴때부터 듣고 보고 배운 것은 나도모르게 나의 모든 것이 되곤합니다. #@문장구분#우리는 어린시절부터 약자를 보호하고 바르지 않은 의견에 틀렸다고 말할수 있고 생명을 소중히 여기며 모든 생명은 동등하다라는 교육을 해주어야 합니다. #@문장구분#지금 시행되고 있겠지만 교육의 횟수와 양을 늘려서 인성형성에 큰힘을 쏟아야한다고 생각합니다.#@문장구분# 그러면 교육의 결과는 10년후 20년후 전사회적으로 모든 사람들이 상식적, 이성적 인성을 가지고 인종차별이 해결될거라고 생각합니다.#@문장구분#",
      "paragraph_len": 1277,
      "paragraph_id": "001"
    }
  ],
  "score": {
    "paragraph_score": [
      {
        "paragraph_scoreT": [
          3,
          3,
          2.6
        ],
        "paragraph_scoreT_detail": {
          "paragraph_scoreT_exp": [
            [
              3,
              3,
              3
            ],
            [
              3,
              3,
              3
            ],
            [
              3,
              2,
              3
            ]
          ]
        },
        "paragraph_scoreT_avg": 2.8666668,
        "paragraph_id": "001"
      }
    ],
    "essay_scoreT": [
      26.6,
      27.5,
      27.9
    ],
    "essay_scoreT_avg": 27.333334,
    "essay_scoreT_detail": {
      "essay_scoreT_org": [
        [
          2,
          2,
          3,
          3
        ],
        [
          2,
          3,
          3,
          3
        ],
        [
          3,
          3,
          2,
          3
        ]
      ],
      "essay_scoreT_cont": [
        [
          3,
          2,
          2,
          3
        ],
        [
          3,
          2,
          2,
          3
        ],
        [
          3,
          3,
          3,
          3
        ]
      ],
      "essay_scoreT_exp": [
        [
          3,
          3,
          3
        ],
        [
          3,
          3,
          3
        ],
        [
          3,
          2,
          3
        ]
      ]
    }
  },
  "student": {
    "date": "2021.11.27",
    "student_educated": true,
    "student_grade": "고등_2학년",
    "location": "063",
    "student_grade_group": "고등",
    "student_reading": 1
  },
  "rubric": {
    "essay_grade": "고등_2학년",
    "organization_weight": {
      "org_paragraph": 3,
      "org": 3,
      "org_essay": 3,
      "org_coherence": 3,
      "org_quantity": 1
    },
    "essay_type": "주장",
    "content_weight": {
      "con_clearance": 3,
      "con_novelty": 3,
      "con": 4,
      "con_prompt": 1,
      "con_description": 3
    },
    "essay_main_subject": "인종차별에 대한 본인의 생각",
    "expression_weight": {
      "exp_style": 4,
      "exp_grammar": 2,
      "exp_vocab": 4,
      "exp": 3
    }
  },
  "correction": [],
  "info": {
    "essay_id": "ESSAY_53094",
    "essay_prompt": " 최근 중국발 코로나바이러스로 인해 동양인에 대한 혐오감을 나타내는 서양인들이 늘어나고 있습니다. 그로 인해, 매스컴이나 SNS에서 인종차별을 받아 힘들어하는 동양인들을 자주 목격할 수 있습니다.\n\n 하지만, 최근에만 인종차별이 존재했을까요? 아닙니다. 아주 오래전부터 다른 인종에 대한 차별은 있었습니다.\n\n 우리나라에서는 인종차별을 안 하고 있을까요? 아닙니다. 우리나라에서도 알게 모르게 많은 부분에서 다른 국가의 사람들에 대해 인종차별을 하고 있으며 누군가에게 상처를 주고 있습니다.\n\n 즉, 인종차별은 누군가의 문제가 아니라 우리 모두의 문제입니다.\n\n 여러분들은 인종차별을 당해보신 적 있나요? 인종차별을 하는 사람들에 대해 어떻게 생각하시나요? 왜 생겨났다고 생각하나요? 인종차별을 근절하기 위해서는 어떻게 해야 할까요? 인종차별을 하는 사람들에 대해 전 세계적으로 처벌의 강도를 높여야 할까요?\n\n 인종차별을 하는 사람들에 대한 본인의 생각을 작성하고 인종차별은 해결할 수 있는 문제일지 아니면 해결하지 어려운 문제일지 작성해주세요. 또한, 그렇게 생각한 이유와 본인이 생각한 해결방법 혹은 해결할 수 없다면 왜 해결할 수 없다고 생각하는지 작성해주세요.",
    "essay_type": "주장",
    "essay_level": "1",
    "essay_len": 1095,
    "essay_main_subject": "인종차별에 대한 본인의 생각"
  }
}