{
  "paragraph": [
    {
      "paragraph_txt": "평가의 기준을 마련하기 위해서는 오랜시간을 거쳐 객관화된 사실과 데이터를 수집하고 통계하여 내린 지표가 만들어지게 된다. #@문장구분#학업성취도 라던가 선수의 기량 측정하는 부분에 있어서도 평가지표가 있기 마련이다.#@문장구분# 평가지표는 일반적이고 객관적이다.#@문장구분# 불특정다수의 데이터로 일반화된 능력치를 검증할 때 사용하는 방법일 것이다.#@문장구분# 동일한 평가지표로 평가되는 것이 학생들을 그 평가치에 맞춰 자라게 하는 것이 아닌가 하는 생각을 할수있겠지만 평가하고자 하는 능력치가 우리에게 필요한 부분이고 즉 인간이 필요로하는 능력치만 검증되면 되기 때문에 평가지표에 의한 평가가 나쁘다고 생각지 않는다.#@문장구분# 간혹 티비에 보면 평가가 좋지 못했지만 이후 훌륭한 결과를 내는 사람들이 있기도 하지만 대부분의 경우 평가지표에 의한 좋은 성적인 사람의 평가가 결과적으로 좋은 결과를 내는 것이 대부분이다.#@문장구분# 인간은 인간의 다양성을 너무 잘 알고 있고 잠재성을 잘알고 있기 때문에 이런부분에 대한 평가와 능력과 수준을 끌어올리기 위한 많은 연구와 노력들이 이뤄지고 있는 것으로 안다.#@문장구분# 평가의 결과에 따라 기회에 있어 우선권이 주어지기도 하고 또 평가로 인해 해당분야에 대한 그 사람의 수준을 검증하는 수단이 되기도 한다.#@문장구분#이 평가 방법이 개인의 특성과 목표에 부합하지 않을수도 있지만 대부분의 사람들은 이 평가방법에 맞춰 자신을 개발하기도 합니다.#@문장구분# 이런 평가방법에 치중한 재능개발이 그사람의  재능이나 잠재력을 다양히 개발되지 못하게 하는게 아니냐는 의견도 있기는 하지만 일관되고 객관화된 평가기준이야말로 새로운 환경과 새로운 인재에 대한 평가가 이루어져도 평가에 대한 신뢰도를 높여주고 그에 따라 결과에 대한 순응도도 높은 것입니다.#@문장구분#",
      "paragraph_len": 1032,
      "paragraph_id": "001"
    }
  ],
  "score": {
    "paragraph_score": [
      {
        "paragraph_scoreT": [
          3,
          3,
          2.8
        ],
        "paragraph_scoreT_detail": {
          "paragraph_scoreT_exp": [
            [
              3,
              3,
              3
            ],
            [
              3,
              3,
              3
            ],
            [
              2,
              3,
              3
            ]
          ]
        },
        "paragraph_scoreT_avg": 2.9333334,
        "paragraph_id": "001"
      }
    ],
    "essay_scoreT": [
      30,
      26.3,
      25.2
    ],
    "essay_scoreT_avg": 27.166666,
    "essay_scoreT_detail": {
      "essay_scoreT_org": [
        [
          3,
          0,
          3,
          3
        ],
        [
          2,
          0,
          3,
          2
        ],
        [
          2,
          0,
          3,
          3
        ]
      ],
      "essay_scoreT_cont": [
        [
          3,
          3,
          3,
          3
        ],
        [
          3,
          2,
          2,
          3
        ],
        [
          2,
          2,
          3,
          3
        ]
      ],
      "essay_scoreT_exp": [
        [
          3,
          3,
          3
        ],
        [
          3,
          3,
          3
        ],
        [
          2,
          3,
          3
        ]
      ]
    }
  },
  "student": {
    "date": "2021.12.16",
    "student_educated": true,
    "student_grade": "고등_1학년",
    "location": "031",
    "student_grade_group": "고등",
    "student_reading": 2
  },
  "rubric": {
    "essay_grade": "고등_1학년",
    "organization_weight": {
      "org_paragraph": 0,
      "org": 3,
      "org_essay": 6,
      "org_coherence": 3,
      "org_quantity": 1
    },
    "essay_type": "주장",
    "content_weight": {
      "con_clearance": 3,
      "con_novelty": 3,
      "con": 4,
      "con_prompt": 1,
      "con_description": 3
    },
    "essay_main_subject": "평가에 대한 본인의 의견",
    "expression_weight": {
      "exp_style": 4,
      "exp_grammar": 2,
      "exp_vocab": 4,
      "exp": 3
    }
  },
  "correction": [],
  "info": {
    "essay_id": "ESSAY_65653",
    "essay_prompt": " 평가는 일반적으로 평가대상의 장점과 가치를 결정하는 과정을 말합니다.\n\n 세상에는 무수히 많은 평가 방법들이 존재하고 그 주제도 다양합니다.\n\n 우리나라의 경우는 어떨까요? 중간, 기말시험이 있고 미술과 같은 기본기와 창의성을 평가하는 과목도 있습니다. 체육과 같은 신체적인 능력을 평가하는 과목도 있지요. 모두 적절한 기준이 있으며 매우 객관적인 기준이라고 말합니다.\n\n 하지만 여러분이 생각하기에 모든 학생을 동일한 평가지표에 맞추어 평가하는 것이 올바른 방식이라고 생각하나요?\n\n 사람마다 특성이 존재하듯 각각의 목표 또한 다르고 성과도 다를 수 있습니다. 특정 기준에 의존해 본인의 성과도를 평가하는 것이 바르다고 생각되나요?\n\n 현재의 평가 방식은 최고의 객관적인 평가 방식이라고 생각하신다면 그 이유를 작성해주세요. 아니라면 어떤 평가 기준이 추가되어야 하고 또한 어떤 생각으로 평가가 이루어졌으면 좋겠는지 서술해 주세요.",
    "essay_type": "주장",
    "essay_level": "2",
    "essay_len": 834,
    "essay_main_subject": "평가에 대한 본인의 의견"
  }
}