{
  "paragraph": [
    {
      "paragraph_txt": "평가는 그사람의 가치를 따지는 것인데 사실 평가라는 단어가 좋지는 않다고 봅니다.#@문장구분# 누군가의 성적,성격등을 가르는건데, 물론 좋은 평가는 좋지만 좋은 평가만 존재하는건 아니고 평가로 인해 갈라지는것들이 많기 때문입니다.#@문장구분# 우리가 보는 수능.#@문장구분# 수능도 한번의 시험으로 한사람 한사람의 대학을 갈려고 시험을 치리는거고 또 평가하는것이기도 하기 때문입니다.#@문장구분# 평가를 할 때 좋지 못한 가족환경이나 부적절한 생활로 그사람을 낮게 쳐다보거나 하대하는경우들도 많고 돈 많고 부유하면 그사람을 높게쳐다보기 때문인데 왜 사람을 경제적,돈 그런걸로 평가하나요?#@문장구분# 물론 다 그렇게 평가하진 않겠지만요.#@문장구분#\n모든 학생을 동일한 평가한다는 것이 올바르냐 올바르지않냐 에서는 저는 올바르지 않다고 생각합니다,#@문장구분# \n특정기준으로 인해서 그 사람만 성과도를 평가한다는건 아니라 생각해요.#@문장구분# 위에서도 말했듯이 그건 평가가 아닌 '차별'입니다.#@문장구분# 최고의 평가 방식은 '공평'입니다.#@문장구분# 같은 학년,학생이면 똑같이 평가해주세요.#@문장구분# 하지만 평가하는 것이 공정하다고 말하는 사람들이 있습니다.#@문장구분# 저는 이런 사람들에게 말하고싶습니다.#@문장구분# 만약 당신이 평가대상자에 속해 평가를 당하는 입장이라면 기분이 좋을 것 같냐고 묻고싶습니다.#@문장구분# 저는 제가 막상 피평가자가 된다면 기분이 썩 좋지는 않을 것 같습니다.#@문장구분# 그래서 이러한 문제를 해결하기 위해 평가하는 방식을 바꾸면 좋겠습니다.#@문장구분# 지금의 평가방식은 개개인의 개성을 무시하고 모든 사람이 다르다는 것을 배제한 채 일괄적이고 개성을 무시한 평가방식을 취하고 있습니다.#@문장구분# 그래서 저는 모든 사람의 개성을 존중하고 개개인의 맞춤형 평가방식이 필요하다고 생각합니다.#@문장구분#",
      "paragraph_len": 1160,
      "paragraph_id": "001"
    }
  ],
  "score": {
    "paragraph_score": [
      {
        "paragraph_scoreT": [
          3,
          2,
          2
        ],
        "paragraph_scoreT_detail": {
          "paragraph_scoreT_exp": [
            [
              3,
              3,
              3
            ],
            [
              2,
              2,
              2
            ],
            [
              2,
              2,
              2
            ]
          ]
        },
        "paragraph_scoreT_avg": 2.3333333,
        "paragraph_id": "001"
      }
    ],
    "essay_scoreT": [
      30,
      24.900002,
      24.6
    ],
    "essay_scoreT_avg": 26.5,
    "essay_scoreT_detail": {
      "essay_scoreT_org": [
        [
          3,
          0,
          3,
          3
        ],
        [
          3,
          0,
          2,
          3
        ],
        [
          3,
          0,
          3,
          3
        ]
      ],
      "essay_scoreT_cont": [
        [
          3,
          3,
          3,
          3
        ],
        [
          3,
          2,
          3,
          3
        ],
        [
          3,
          2,
          3,
          2
        ]
      ],
      "essay_scoreT_exp": [
        [
          3,
          3,
          3
        ],
        [
          2,
          2,
          2
        ],
        [
          2,
          2,
          2
        ]
      ]
    }
  },
  "student": {
    "date": "2021.12.04",
    "student_educated": true,
    "student_grade": "고등_1학년",
    "location": "02",
    "student_grade_group": "고등",
    "student_reading": 2
  },
  "rubric": {
    "essay_grade": "고등_1학년",
    "organization_weight": {
      "org_paragraph": 0,
      "org": 3,
      "org_essay": 6,
      "org_coherence": 3,
      "org_quantity": 1
    },
    "essay_type": "주장",
    "content_weight": {
      "con_clearance": 3,
      "con_novelty": 3,
      "con": 4,
      "con_prompt": 1,
      "con_description": 3
    },
    "essay_main_subject": "평가에 대한 본인의 의견",
    "expression_weight": {
      "exp_style": 4,
      "exp_grammar": 2,
      "exp_vocab": 4,
      "exp": 3
    }
  },
  "correction": [],
  "info": {
    "essay_id": "ESSAY_53653",
    "essay_prompt": " 평가는 일반적으로 평가대상의 장점과 가치를 결정하는 과정을 말합니다.\n\n 세상에는 무수히 많은 평가 방법들이 존재하고 그 주제도 다양합니다.\n\n 우리나라의 경우는 어떨까요? 중간, 기말시험이 있고 미술과 같은 기본기와 창의성을 평가하는 과목도 있습니다. 체육과 같은 신체적인 능력을 평가하는 과목도 있지요. 모두 적절한 기준이 있으며 매우 객관적인 기준이라고 말합니다.\n\n 하지만 여러분이 생각하기에 모든 학생을 동일한 평가지표에 맞추어 평가하는 것이 올바른 방식이라고 생각하나요?\n\n 사람마다 특성이 존재하듯 각각의 목표 또한 다르고 성과도 다를 수 있습니다. 특정 기준에 의존해 본인의 성과도를 평가하는 것이 바르다고 생각되나요?\n\n 현재의 평가 방식은 최고의 객관적인 평가 방식이라고 생각하신다면 그 이유를 작성해주세요. 아니라면 어떤 평가 기준이 추가되어야 하고 또한 어떤 생각으로 평가가 이루어졌으면 좋겠는지 서술해 주세요.",
    "essay_type": "주장",
    "essay_level": "2",
    "essay_len": 801,
    "essay_main_subject": "평가에 대한 본인의 의견"
  }
}