{
  "paragraph": [
    {
      "paragraph_txt": "저의 꿈은 가수입니다.#@문장구분# 가수가 되기 위해서 많은 사람들에게 평가를 받아야 하는데 학교 선생님과 학원 선생님과의 평가가 너무나 달라서 어디에 맞춰서 연습해야하는지 고민이 많습니다.#@문장구분# 노래는 객관적인 평가보다는 주관적인 평가가 더욱 많다고 생각합니다.#@문장구분# 사람마다 목소리가 모두 다르기 때문에 목소리를 기준으로 평가지표를 만들 수 없고 평가지표로 만든다고 해봤자 말할 때 호흡과 노래할 때 호흡, 흉식호흡과 복식호흡, 음역대 별 발성방법, 흉성, 두성, 중성 등에 대해서 올바른 방법과 목소리를 내는 방법에 대해서만 낼 수 있습니다.#@문장구분# 그러한 기초 평가지표로 노래를 평가한다는 것이 뭔가 애매합니다.#@문장구분# 제가 좋아하는 가수 중에서 김광석 선배님과 장범준 선배님이 있는데 두 분 모두 자신의 맞는 목소리에 노래를 부르면서 감정 이입이나 몰입도가 최고라고 생각합니다.#@문장구분# 두 분 모두 유명한 가수이지만 고음을 내면서 노래를 부르지도 않교 기교가 넘치지도 않습니다.#@문장구분# 자기의 색깔에 맞춰서 노래를 하였는데 전문가 입장에서는 과연 어떻게 평가할지가 궁금합니다.#@문장구분# 만약 두 분 다 유명한 가수가 아니고 가수 지망생 이였다면 과연 좋은 평가를 받을 수 있었을까 #@문장구분#현재 저를 가르치는 선생님이 평가를 한다면 가수에 대한 소질이 없다고 하거나 뭔가 임팩트가 부족하다고 평가를 내리셨을 거 같습니다.#@문장구분# 주관적인 평가로 자기가 생각하는 기준에 도달하지 못한다면 그 사람은 노래로 성공하기 힘들 거 같습니다.#@문장구분# 그리고 다른 예를 들자면 미스트롯에서 군부대 공연을 하는데 PX라는 팀이 질풍가도라는 곡을 선정하며 부르기로 했는데 장윤정과 조영수 마스터는 자신들이 혹하거나 신나지 않는다고 평가하며 반대하였습니다.#@문장구분# 하지만 뜻을 굽히지 않은 PX팀은 군부대에서 질풍가도를 불렀으며, 결과는 대 성공이였습니다.#@문장구분# 마스터의 평가와 정확히 반대로 된 사례입니다.#@문장구분# 이러한 사례를 보고 노래에 대한 평가가 많아졌으면 좋겠습니다.#@문장구분#",
      "paragraph_len": 1232,
      "paragraph_id": "001"
    }
  ],
  "score": {
    "paragraph_score": [
      {
        "paragraph_scoreT": [
          2.8,
          3,
          2.8
        ],
        "paragraph_scoreT_detail": {
          "paragraph_scoreT_exp": [
            [
              2,
              3,
              3
            ],
            [
              3,
              3,
              3
            ],
            [
              2,
              3,
              3
            ]
          ]
        },
        "paragraph_scoreT_avg": 2.8666668,
        "paragraph_id": "001"
      }
    ],
    "essay_scoreT": [
      29.4,
      30,
      27.6
    ],
    "essay_scoreT_avg": 29,
    "essay_scoreT_detail": {
      "essay_scoreT_org": [
        [
          3,
          0,
          3,
          3
        ],
        [
          3,
          0,
          3,
          3
        ],
        [
          2,
          0,
          3,
          3
        ]
      ],
      "essay_scoreT_cont": [
        [
          3,
          3,
          3,
          3
        ],
        [
          3,
          3,
          3,
          3
        ],
        [
          3,
          3,
          3,
          3
        ]
      ],
      "essay_scoreT_exp": [
        [
          2,
          3,
          3
        ],
        [
          3,
          3,
          3
        ],
        [
          2,
          3,
          3
        ]
      ]
    }
  },
  "student": {
    "date": "2021.11.01",
    "student_educated": true,
    "student_grade": "고등_1학년",
    "location": "044",
    "student_grade_group": "고등",
    "student_reading": 2
  },
  "rubric": {
    "essay_grade": "고등_1학년",
    "organization_weight": {
      "org_paragraph": 0,
      "org": 3,
      "org_essay": 6,
      "org_coherence": 3,
      "org_quantity": 1
    },
    "essay_type": "주장",
    "content_weight": {
      "con_clearance": 3,
      "con_novelty": 3,
      "con": 4,
      "con_prompt": 1,
      "con_description": 3
    },
    "essay_main_subject": "평가에 대한 본인의 의견",
    "expression_weight": {
      "exp_style": 4,
      "exp_grammar": 2,
      "exp_vocab": 4,
      "exp": 3
    }
  },
  "correction": [],
  "info": {
    "essay_id": "ESSAY_65992",
    "essay_prompt": " 평가는 일반적으로 평가대상의 장점과 가치를 결정하는 과정을 말합니다.\n\n 세상에는 무수히 많은 평가 방법들이 존재하고 그 주제도 다양합니다.\n\n 우리나라의 경우는 어떨까요? 중간, 기말시험이 있고 미술과 같은 기본기와 창의성을 평가하는 과목도 있습니다. 체육과 같은 신체적인 능력을 평가하는 과목도 있지요. 모두 적절한 기준이 있으며 매우 객관적인 기준이라고 말합니다.\n\n 하지만 여러분이 생각하기에 모든 학생을 동일한 평가지표에 맞추어 평가하는 것이 올바른 방식이라고 생각하나요?\n\n 사람마다 특성이 존재하듯 각각의 목표 또한 다르고 성과도 다를 수 있습니다. 특정 기준에 의존해 본인의 성과도를 평가하는 것이 바르다고 생각되나요?\n\n 현재의 평가 방식은 최고의 객관적인 평가 방식이라고 생각하신다면 그 이유를 작성해주세요. 아니라면 어떤 평가 기준이 추가되어야 하고 또한 어떤 생각으로 평가가 이루어졌으면 좋겠는지 서술해 주세요.",
    "essay_type": "주장",
    "essay_level": "2",
    "essay_len": 932,
    "essay_main_subject": "평가에 대한 본인의 의견"
  }
}