{
  "paragraph": [
    {
      "paragraph_txt": "순수 언어력 · 수리력과 같은 대학 수학 능력을 평가해야 하는 수능이 외국어 · 사회 · 과학 같은 학업성취도평가 항목 영역들이 추가되면서 변질되어버린 수능의 취지를 근본적으로 되살리자는 명분에 있다.#@문장구분# 이는 실제로 2021학년도 수능 개편안 3안에서 발의된 바 있으나 기각당한 것으로 보인다.#@문장구분# 수능의 도입 취지는 결정적으로 자격고사의 맹점인 수학능력 측정이 불가능해서였다.#@문장구분# 이를 살리려면 현 수능의 교과적성검사를 폐지하는 대신, 적성검사와 자격고사 모두 필수로 응시하게 만드는 방법이 있겠다.#@문장구분# 어느 한 쪽만 폐지해서는 안 된다.#@문장구분# 진보교육감이나 진보 교육 단체에서 나오는 이야기들이며 몇몇 정책입안자들은 수능을 폐지해야 한다는 주장도 한다.#@문장구분# 수능 창시자이자 초대 평가원장인 박도순 교수 역시 현재의 수능은 본래의 취지에 어긋나 있으며 이를 해결하려면 수능을 폐지하고 자격고사 시험을 재도입해야 한다고 주장하고 있다.#@문장구분# 해결이 안 되면 무조건 싹을 자르자는 발상은 적합하지 못한 조치이다.#@문장구분# 이는 마치 악플 논쟁에서 \"악플 쓰면 징역 1년 이상 구형\" 단, 직업탐구는 상대평가로 실시할 경우 대학입학예정용 표본을 따로 둔다.과 같은 식으로 해결하면 될 문제를 갖다가 아예 \"댓글 제도를 없애자\"라는 논리랑 똑같다.#@문장구분# 결론은 자격고사와 적성검사가 병행되어야 할 것이다.#@문장구분# 이 방식은 미국의 SAT처럼 수능을 수능 Ⅰ, 수능 Ⅱ로 분리하는 것과 유사하다.#@문장구분# 또한 문이과에 상관없이 우리나라의 국민이라면 가져야 할 필수적인 사회/과학/생활 지식(가칭 기초탐구)을 절대평가제로 도입할 수 있다.#@문장구분# 이상에서 지적된 내용들을 토대로 수능을 폐지한 뒤 '대입 적성검사(가칭 대학수학능력시험)'와 '대입 자격고사(가칭 대학입학 학력고사)'로 나누고 두 시험 모두 필수 응시하게 한다.#@문장구분#  내가 시험을 볼때는 꼭 시행 됐으면 좋겠다.#@문장구분#",
      "paragraph_len": 1176,
      "paragraph_id": "001"
    }
  ],
  "score": {
    "paragraph_score": [
      {
        "paragraph_scoreT": [
          2,
          2.4,
          2
        ],
        "paragraph_scoreT_detail": {
          "paragraph_scoreT_exp": [
            [
              2,
              2,
              2
            ],
            [
              2,
              3,
              2
            ],
            [
              2,
              2,
              2
            ]
          ]
        },
        "paragraph_scoreT_avg": 2.1333334,
        "paragraph_id": "001"
      }
    ],
    "essay_scoreT": [
      19,
      27.300001,
      25.8
    ],
    "essay_scoreT_avg": 24.033335,
    "essay_scoreT_detail": {
      "essay_scoreT_org": [
        [
          3,
          0,
          3,
          3
        ],
        [
          3,
          0,
          2,
          3
        ],
        [
          3,
          0,
          3,
          3
        ]
      ],
      "essay_scoreT_cont": [
        [
          1,
          1,
          1,
          1
        ],
        [
          3,
          3,
          3,
          3
        ],
        [
          3,
          2,
          3,
          3
        ]
      ],
      "essay_scoreT_exp": [
        [
          2,
          2,
          2
        ],
        [
          2,
          3,
          2
        ],
        [
          2,
          2,
          2
        ]
      ]
    }
  },
  "student": {
    "date": "2021.12.21",
    "student_educated": true,
    "student_grade": "고등_1학년",
    "location": "063",
    "student_grade_group": "고등",
    "student_reading": 2
  },
  "rubric": {
    "essay_grade": "고등_1학년",
    "organization_weight": {
      "org_paragraph": 0,
      "org": 3,
      "org_essay": 6,
      "org_coherence": 3,
      "org_quantity": 1
    },
    "essay_type": "주장",
    "content_weight": {
      "con_clearance": 3,
      "con_novelty": 3,
      "con": 4,
      "con_prompt": 1,
      "con_description": 3
    },
    "essay_main_subject": "평가에 대한 본인의 의견",
    "expression_weight": {
      "exp_style": 4,
      "exp_grammar": 2,
      "exp_vocab": 4,
      "exp": 3
    }
  },
  "correction": [],
  "info": {
    "essay_id": "ESSAY_76462",
    "essay_prompt": " 평가는 일반적으로 평가대상의 장점과 가치를 결정하는 과정을 말합니다.\n\n 세상에는 무수히 많은 평가 방법들이 존재하고 그 주제도 다양합니다.\n\n 우리나라의 경우는 어떨까요? 중간, 기말시험이 있고 미술과 같은 기본기와 창의성을 평가하는 과목도 있습니다. 체육과 같은 신체적인 능력을 평가하는 과목도 있지요. 모두 적절한 기준이 있으며 매우 객관적인 기준이라고 말합니다.\n\n 하지만 여러분이 생각하기에 모든 학생을 동일한 평가지표에 맞추어 평가하는 것이 올바른 방식이라고 생각하나요?\n\n 사람마다 특성이 존재하듯 각각의 목표 또한 다르고 성과도 다를 수 있습니다. 특정 기준에 의존해 본인의 성과도를 평가하는 것이 바르다고 생각되나요?\n\n 현재의 평가 방식은 최고의 객관적인 평가 방식이라고 생각하신다면 그 이유를 작성해주세요. 아니라면 어떤 평가 기준이 추가되어야 하고 또한 어떤 생각으로 평가가 이루어졌으면 좋겠는지 서술해 주세요.",
    "essay_type": "주장",
    "essay_level": "2",
    "essay_len": 896,
    "essay_main_subject": "평가에 대한 본인의 의견"
  }
}