{
  "paragraph": [
    {
      "paragraph_txt": "저는 글을 쓰는 주제로 우리가 학교나 사회 생활을 하며 흔하게 겪었을 법한 '평가'에 대한 제 생각을 써내려 가보려고 합니다.#@문장구분# 우리는 초중고에 진학하여 다니며 중간, 기말 평가와 각종 수행 평가, 체육, 미술 등의 예체능 평가 등의 여러 평가 과정을 거칩니다.#@문장구분# 이런 평가에는 객관적이고 명확한 기준들이 존재하며 우린 그 기준에 맞추어 높은 점수를 받길 바라며 여러 평가를 준비하는데 많은 시간을 들입니다.#@문장구분# 이러한 평가 기준들이 어떤 이들한테는 불합리 할 수 있습니다.#@문장구분# 어떤 이들은 그 기준이 각기 다른 우리 모두를 똑같은 기준으로 평가하며 한 틀 안에 가둔다고 생각합니다.#@문장구분# 전 이 의견이 조금은 맞다고 동의는 하지만 평가의 본질은 우리가 무엇인가를 잘했는지 못했는지 무엇이 미흡한지, 보완해야 할지를 알아야 하기에  명확하고 객관적인 평가의 틀이 있어야 한다고 생각합니다.#@문장구분# 우리 모두가 각기 생긴 것이 다르듯이 생각하는 것도 다르고 생활하는 것도 다르고 처한 상황도 다르기에 우리가 모두 다르다는 것은 인정합니다.#@문장구분# 하지만 우리 모두가 다르다고 각각의 사정을 모두 이해해주며 평가 기준을 각자에게 맞추기엔 우리라는 머릿수가 너무 많고 모두를 평가하기엔 시간이 너무나 오래 걸리기에 명확한 기준을 정해 평가에 임하는 것이 옳다고 생각한다.#@문장구분# 물론 정말 피치 못할 사정이 있는 사람을 위해 그런 사람은 그 이유를 납득할 수 있는 자료를 준비하여 제출 기한을 늘려준다 던지 모두의 평가 기준을 조금은 낮추어준다 던지 모두가 상호 이익이 될 수 있도록 평가 기준을 잡아야 한다고 생각합니다.#@문장구분# 우리가 올바른 평가의 기준에 맞추어 진다면 좀 더 살기 좋아질 것입니다.#@문장구분#",
      "paragraph_len": 1013,
      "paragraph_id": "001"
    }
  ],
  "score": {
    "paragraph_score": [
      {
        "paragraph_scoreT": [
          2.6,
          2.6,
          2.8
        ],
        "paragraph_scoreT_detail": {
          "paragraph_scoreT_exp": [
            [
              3,
              3,
              2
            ],
            [
              3,
              3,
              2
            ],
            [
              2,
              3,
              3
            ]
          ]
        },
        "paragraph_scoreT_avg": 2.6666667,
        "paragraph_id": "001"
      }
    ],
    "essay_scoreT": [
      27.599998,
      27.599998,
      27.8
    ],
    "essay_scoreT_avg": 27.666666,
    "essay_scoreT_detail": {
      "essay_scoreT_org": [
        [
          3,
          0,
          3,
          3
        ],
        [
          3,
          0,
          3,
          3
        ],
        [
          3,
          0,
          3,
          3
        ]
      ],
      "essay_scoreT_cont": [
        [
          3,
          2,
          3,
          3
        ],
        [
          3,
          2,
          3,
          3
        ],
        [
          2,
          3,
          2,
          3
        ]
      ],
      "essay_scoreT_exp": [
        [
          3,
          3,
          2
        ],
        [
          3,
          3,
          2
        ],
        [
          2,
          3,
          3
        ]
      ]
    }
  },
  "student": {
    "date": "2021.12.25",
    "student_educated": true,
    "student_grade": "고등_1학년",
    "location": "063",
    "student_grade_group": "고등",
    "student_reading": 2
  },
  "rubric": {
    "essay_grade": "고등_1학년",
    "organization_weight": {
      "org_paragraph": 0,
      "org": 3,
      "org_essay": 6,
      "org_coherence": 3,
      "org_quantity": 1
    },
    "essay_type": "주장",
    "content_weight": {
      "con_clearance": 3,
      "con_novelty": 3,
      "con": 4,
      "con_prompt": 1,
      "con_description": 3
    },
    "essay_main_subject": "평가에 대한 본인의 의견",
    "expression_weight": {
      "exp_style": 4,
      "exp_grammar": 2,
      "exp_vocab": 4,
      "exp": 3
    }
  },
  "correction": [],
  "info": {
    "essay_id": "ESSAY_79803",
    "essay_prompt": " 평가는 일반적으로 평가대상의 장점과 가치를 결정하는 과정을 말합니다.\n\n 세상에는 무수히 많은 평가 방법들이 존재하고 그 주제도 다양합니다.\n\n 우리나라의 경우는 어떨까요? 중간, 기말시험이 있고 미술과 같은 기본기와 창의성을 평가하는 과목도 있습니다. 체육과 같은 신체적인 능력을 평가하는 과목도 있지요. 모두 적절한 기준이 있으며 매우 객관적인 기준이라고 말합니다.\n\n 하지만 여러분이 생각하기에 모든 학생을 동일한 평가지표에 맞추어 평가하는 것이 올바른 방식이라고 생각하나요?\n\n 사람마다 특성이 존재하듯 각각의 목표 또한 다르고 성과도 다를 수 있습니다. 특정 기준에 의존해 본인의 성과도를 평가하는 것이 바르다고 생각되나요?\n\n 현재의 평가 방식은 최고의 객관적인 평가 방식이라고 생각하신다면 그 이유를 작성해주세요. 아니라면 어떤 평가 기준이 추가되어야 하고 또한 어떤 생각으로 평가가 이루어졌으면 좋겠는지 서술해 주세요.",
    "essay_type": "주장",
    "essay_level": "2",
    "essay_len": 813,
    "essay_main_subject": "평가에 대한 본인의 의견"
  }
}