{
  "paragraph": [
    {
      "paragraph_txt": "저는 현재의 평가 방식은 최고의 객관적인 평가 방식이라고 생각하지 않아요.#@문장구분# 그 이유에 대해서 한번 설명해 보겠습니다.#@문장구분# 대한민국이라는 나라는 어떻게 보면 평가의 나라 같습니다.#@문장구분# 모든 초중고 학교나 모든 직업만 보더라도 시험, 자격증, 면접 등 여러 가지 평가를 보면서 판단하기 때문에 대한민국에서 평가는 매우 중요하다고도 볼 수 있습니다.#@문장구분# 이런 나라에서 현재의 평가 방식이 객관적이지 못한 이유는 일단 예체능 쪽에서 많이 객관적이지 못합니다.#@문장구분# 기록으로 증명되는 예체능도 있지만, 사람이 평가하는 예술이나 스포츠 종목들이 있는데 이러한 곳에서 평가는 절대 객관적일 수가 없습니다.#@문장구분# 왜냐하면 사람들이 평가한다는 말은 그 사람마다 자기들의 주관적인 생각, 견해들이 있고 각각의 문화가 그 지역의 역사나 신념이 다르므로 보는 시각들이 다 다르므로 통일성을 갖기가 힘듭니다.#@문장구분# 그리고 불법적인 방법으로 돈을 써서 사람을 매수하거나, 시험을 보지 않고 합격하는 예도 드물지만 있으므로 평가가 객관적일 수 없다고 생각하는 이유입니다.#@문장구분# 이래서 모든 사람이 공평하게 우리나라의 평가 방식을 객관적으로 볼 수 있게 만들려면 정확하고 실수가 없는 컴퓨터 기술이 도입되거나, 평가하는 단체나 기관 평가를 하는 사람들이 모두 다 공정해야 하며 물질적인 거나 암묵적인 것들을 절대로 받아들여지면 안 되고 평가를 받는 사람도 평가를 치르는 자세나 공정하게 임하는 자세를 취해야 할 거 같습니다.#@문장구분# 그렇게 되면 대한민국이라는 나라도 능력이 있는 사람이 객관적인 평가를 못 받아서 떨어지는 불상사가 안 일어날 거 같고, 더 좋은 평가를 받기 위해 열심히 평가를 보는 사람들이 생겨날 거 같습니다.#@문장구분#",
      "paragraph_len": 1017,
      "paragraph_id": "001"
    }
  ],
  "score": {
    "paragraph_score": [
      {
        "paragraph_scoreT": [
          3,
          3,
          3
        ],
        "paragraph_scoreT_detail": {
          "paragraph_scoreT_exp": [
            [
              3,
              3,
              3
            ],
            [
              3,
              3,
              3
            ],
            [
              3,
              3,
              3
            ]
          ]
        },
        "paragraph_scoreT_avg": 3,
        "paragraph_id": "001"
      }
    ],
    "essay_scoreT": [
      30,
      30,
      30
    ],
    "essay_scoreT_avg": 30,
    "essay_scoreT_detail": {
      "essay_scoreT_org": [
        [
          3,
          0,
          3,
          3
        ],
        [
          3,
          0,
          3,
          3
        ],
        [
          3,
          0,
          3,
          3
        ]
      ],
      "essay_scoreT_cont": [
        [
          3,
          3,
          3,
          3
        ],
        [
          3,
          3,
          3,
          3
        ],
        [
          3,
          3,
          3,
          3
        ]
      ],
      "essay_scoreT_exp": [
        [
          3,
          3,
          3
        ],
        [
          3,
          3,
          3
        ],
        [
          3,
          3,
          3
        ]
      ]
    }
  },
  "student": {
    "date": "2021.12.14",
    "student_educated": true,
    "student_grade": "고등_1학년",
    "location": "053",
    "student_grade_group": "고등",
    "student_reading": 3
  },
  "rubric": {
    "essay_grade": "고등_1학년",
    "organization_weight": {
      "org_paragraph": 0,
      "org": 3,
      "org_essay": 6,
      "org_coherence": 3,
      "org_quantity": 1
    },
    "essay_type": "주장",
    "content_weight": {
      "con_clearance": 3,
      "con_novelty": 3,
      "con": 4,
      "con_prompt": 1,
      "con_description": 3
    },
    "essay_main_subject": "평가에 대한 본인의 의견",
    "expression_weight": {
      "exp_style": 4,
      "exp_grammar": 2,
      "exp_vocab": 4,
      "exp": 3
    }
  },
  "correction": [],
  "info": {
    "essay_id": "ESSAY_61636",
    "essay_prompt": " 평가는 일반적으로 평가대상의 장점과 가치를 결정하는 과정을 말합니다.\n\n 세상에는 무수히 많은 평가 방법들이 존재하고 그 주제도 다양합니다.\n\n 우리나라의 경우는 어떨까요? 중간, 기말시험이 있고 미술과 같은 기본기와 창의성을 평가하는 과목도 있습니다. 체육과 같은 신체적인 능력을 평가하는 과목도 있지요. 모두 적절한 기준이 있으며 매우 객관적인 기준이라고 말합니다.\n\n 하지만 여러분이 생각하기에 모든 학생을 동일한 평가지표에 맞추어 평가하는 것이 올바른 방식이라고 생각하나요?\n\n 사람마다 특성이 존재하듯 각각의 목표 또한 다르고 성과도 다를 수 있습니다. 특정 기준에 의존해 본인의 성과도를 평가하는 것이 바르다고 생각되나요?\n\n 현재의 평가 방식은 최고의 객관적인 평가 방식이라고 생각하신다면 그 이유를 작성해주세요. 아니라면 어떤 평가 기준이 추가되어야 하고 또한 어떤 생각으로 평가가 이루어졌으면 좋겠는지 서술해 주세요.",
    "essay_type": "주장",
    "essay_level": "2",
    "essay_len": 817,
    "essay_main_subject": "평가에 대한 본인의 의견"
  }
}