{
  "paragraph": [
    {
      "paragraph_txt": "현재 고등학교에 다니고 있는 학생의 신분으로써 저는 현재의 평가 방식이 정말 모든 학생들을 배려하기 위해서 최선의 노력을 한 결과물이라고 생각합니다.#@문장구분# 이 이상의 평가 방식은 나올 수가 없다고 생각합니다.#@문장구분# 우리나라의 교육에서의 평가방법은 정말 체계적으로 짜여 있습니다. #@문장구분#중간 기말 1학기, 중간 기말 2학기로 1년을 보냅니다.#@문장구분# 그러면서도 각 시험마다 수행평가 점수를 또 따로 넣어놓아서 그것까지 해야 점수를 인정받을 수 있습니다.#@문장구분# 그리고 이것을 3년 간 열심히 해서 만들어진 성적으로 대학을 가는 것이 수시전형입니다.#@문장구분# 수시전형은 또한 교내활동도 중시하기 때문에 독서도 하고, 교내대회도 나가서 커리어를 쌓아야 합니다. #@문장구분#이런 것은 다양한 활동을 즐기고 학교수업이 익숙한 학생들에게는 유리한 방법입니다. #@문장구분#그렇다면 그렇지 않은 학생들도 있습니다.#@문장구분# 그런 학생들을 위해서는 정시전형, 논술전형 등등이 있습니다.#@문장구분# 말을 잘하고 임기응변에 익숙하며 어휘력이 좋다면 논술전형, 모의고사 점수가 잘 나오고 그에 대해서 꾸준히 수능에 대비하고 있다면 정시전형을 선택할 수 있습니다.#@문장구분# 이렇게 잘 짜여진 구조 안에서 학생들은 자신에게 맞는 방법을 선택해서 그것으로 자신을 평가받으면 됩니다.#@문장구분# 저는 수시전형을 선택했지만, 나중이 되면 정시전형, 논술전형도 도전해볼 수 있다는 점에서 더욱 좋다고 생각합니다.#@문장구분# 이런 수많은 방법들은 괜히 있는 것이 아닙니다. #@문장구분#전국의 똑똑한 전문가들이 모여서 머리를 맞대어 나온 결과물이 이것이기 때문에 저는 이런 방법들 자체를 바꿀 생각을 하기보다는 그냥 있는 방법을 최대한 이용하여 최선의 결과를 도출할 생각을 해야 한다고 생각합니다.#@문장구분#",
      "paragraph_len": 1106,
      "paragraph_id": "001"
    }
  ],
  "score": {
    "paragraph_score": [
      {
        "paragraph_scoreT": [
          2.6,
          3,
          2.6
        ],
        "paragraph_scoreT_detail": {
          "paragraph_scoreT_exp": [
            [
              3,
              3,
              2
            ],
            [
              3,
              3,
              3
            ],
            [
              3,
              2,
              3
            ]
          ]
        },
        "paragraph_scoreT_avg": 2.7333333,
        "paragraph_id": "001"
      }
    ],
    "essay_scoreT": [
      22.099998,
      27,
      24.9
    ],
    "essay_scoreT_avg": 24.666666,
    "essay_scoreT_detail": {
      "essay_scoreT_org": [
        [
          2,
          0,
          2,
          3
        ],
        [
          2,
          0,
          3,
          3
        ],
        [
          2,
          0,
          2,
          3
        ]
      ],
      "essay_scoreT_cont": [
        [
          2,
          2,
          2,
          2
        ],
        [
          3,
          2,
          3,
          3
        ],
        [
          3,
          2,
          3,
          3
        ]
      ],
      "essay_scoreT_exp": [
        [
          3,
          3,
          2
        ],
        [
          3,
          3,
          3
        ],
        [
          3,
          2,
          3
        ]
      ]
    }
  },
  "student": {
    "date": "2021.12.24",
    "student_educated": true,
    "student_grade": "고등_1학년",
    "location": "054",
    "student_grade_group": "고등",
    "student_reading": 1
  },
  "rubric": {
    "essay_grade": "고등_1학년",
    "organization_weight": {
      "org_paragraph": 0,
      "org": 3,
      "org_essay": 6,
      "org_coherence": 3,
      "org_quantity": 1
    },
    "essay_type": "주장",
    "content_weight": {
      "con_clearance": 3,
      "con_novelty": 3,
      "con": 4,
      "con_prompt": 1,
      "con_description": 3
    },
    "essay_main_subject": "평가에 대한 본인의 의견",
    "expression_weight": {
      "exp_style": 4,
      "exp_grammar": 2,
      "exp_vocab": 4,
      "exp": 3
    }
  },
  "correction": [],
  "info": {
    "essay_id": "ESSAY_83364",
    "essay_prompt": " 평가는 일반적으로 평가대상의 장점과 가치를 결정하는 과정을 말합니다.\n\n 세상에는 무수히 많은 평가 방법들이 존재하고 그 주제도 다양합니다.\n\n 우리나라의 경우는 어떨까요? 중간, 기말시험이 있고 미술과 같은 기본기와 창의성을 평가하는 과목도 있습니다. 체육과 같은 신체적인 능력을 평가하는 과목도 있지요. 모두 적절한 기준이 있으며 매우 객관적인 기준이라고 말합니다.\n\n 하지만 여러분이 생각하기에 모든 학생을 동일한 평가지표에 맞추어 평가하는 것이 올바른 방식이라고 생각하나요?\n\n 사람마다 특성이 존재하듯 각각의 목표 또한 다르고 성과도 다를 수 있습니다. 특정 기준에 의존해 본인의 성과도를 평가하는 것이 바르다고 생각되나요?\n\n 현재의 평가 방식은 최고의 객관적인 평가 방식이라고 생각하신다면 그 이유를 작성해주세요. 아니라면 어떤 평가 기준이 추가되어야 하고 또한 어떤 생각으로 평가가 이루어졌으면 좋겠는지 서술해 주세요.",
    "essay_type": "주장",
    "essay_level": "2",
    "essay_len": 806,
    "essay_main_subject": "평가에 대한 본인의 의견"
  }
}