{
  "paragraph": [
    {
      "paragraph_txt": "최고의 평가 방식은 공평기회 공정한 평가입니다.#@문장구분# 한사람의 대학을 갈려고 시험을 치리는거고 또 평가하는것이기도 하기 때문입니다.#@문장구분# 평가를 할 때 좋지 못한 가족환경이나 부적절한 생활로 그사람을 낮게 쳐다보거나 하대하는경우들도 많고 돈 많고 부유하면 그사람을 높게쳐다보기 때문인데 왜 사람을 경제적,돈 그런걸로 평가하나요?#@문장구분# 같은 학년,학생이면 똑같이 평가해주세요.#@문장구분# 하지만 평가하는 것이 공정하다고 말하는 사람들이 있습니다.#@문장구분# 저는 이런 사람들에게 말하고싶습니다.#@문장구분# 만약 당신이 평가대상자에 속해 평가를 당하는 입장이라면 기분이 좋을 것 같냐고 묻고싶습니다.#@문장구분# 저는 제가 막상 피평가자가 된다면 기분이 썩 좋지는 않을 것 같습니다.#@문장구분# 학생들이 대학에 갈 것인지 여부를 결정할 뿐만 아니라 그들이 살 곳과 미래의 관계, 직업 전망에 영향을 미칠 수 있습니다.#@문장구분# 10년 이상 동안 정부는 광고 캠페인에 투자하고, 정신병동에 더 많은 병상을 개설함으로써 국가의 열악한 정신 건강 문제를 해결하기 위해 노력해 왔습니다.#@문장구분# 그러나 거의 모든 OECD 국가와 달리 지난 10년 동안 한국의 자살률은 계속해서 증가했습니다.#@문장구분# 정부는 멘토링이나 자원 봉사와 같은 다른 방법으로 학생들이 대학 입학 포인트를 얻을 수 있도록 수능을 전면 개편하려고 시도했지만, 효과가 없었습니다.#@문장구분# 물론 다 그렇게 평가하진 않겠지만요.#@문장구분# 모든 학생을 동일한 평가한다는 것이 올바르냐 올바르지않냐 에서는 저는 올바르지 않다고 생각합니다.#@문장구분# 특정기준으로 인해서 그 사람만 성과도를 평가한다는건 아니라 생각해요.#@문장구분# 위에서도 말했듯이 그건 평가가 아닌 차별입니다.#@문장구분#",
      "paragraph_len": 1101,
      "paragraph_id": "001"
    }
  ],
  "score": {
    "paragraph_score": [
      {
        "paragraph_scoreT": [
          2.2,
          3,
          2.4
        ],
        "paragraph_scoreT_detail": {
          "paragraph_scoreT_exp": [
            [
              3,
              2,
              2
            ],
            [
              3,
              3,
              3
            ],
            [
              2,
              3,
              2
            ]
          ]
        },
        "paragraph_scoreT_avg": 2.5333333,
        "paragraph_id": "001"
      }
    ],
    "essay_scoreT": [
      22.099998,
      27.3,
      23.1
    ],
    "essay_scoreT_avg": 24.166666,
    "essay_scoreT_detail": {
      "essay_scoreT_org": [
        [
          2,
          0,
          2,
          3
        ],
        [
          2,
          0,
          2,
          3
        ],
        [
          2,
          0,
          2,
          3
        ]
      ],
      "essay_scoreT_cont": [
        [
          3,
          2,
          2,
          2
        ],
        [
          3,
          3,
          3,
          3
        ],
        [
          2,
          2,
          3,
          3
        ]
      ],
      "essay_scoreT_exp": [
        [
          3,
          2,
          2
        ],
        [
          3,
          3,
          3
        ],
        [
          2,
          3,
          2
        ]
      ]
    }
  },
  "student": {
    "date": "2021.12.29",
    "student_educated": true,
    "student_grade": "고등_1학년",
    "location": "063",
    "student_grade_group": "고등",
    "student_reading": 2
  },
  "rubric": {
    "essay_grade": "고등_1학년",
    "organization_weight": {
      "org_paragraph": 0,
      "org": 3,
      "org_essay": 6,
      "org_coherence": 3,
      "org_quantity": 1
    },
    "essay_type": "주장",
    "content_weight": {
      "con_clearance": 3,
      "con_novelty": 3,
      "con": 4,
      "con_prompt": 1,
      "con_description": 3
    },
    "essay_main_subject": "평가에 대한 본인의 의견",
    "expression_weight": {
      "exp_style": 4,
      "exp_grammar": 2,
      "exp_vocab": 4,
      "exp": 3
    }
  },
  "correction": [],
  "info": {
    "essay_id": "ESSAY_83995",
    "essay_prompt": " 평가는 일반적으로 평가대상의 장점과 가치를 결정하는 과정을 말합니다.\n\n 세상에는 무수히 많은 평가 방법들이 존재하고 그 주제도 다양합니다.\n\n 우리나라의 경우는 어떨까요? 중간, 기말시험이 있고 미술과 같은 기본기와 창의성을 평가하는 과목도 있습니다. 체육과 같은 신체적인 능력을 평가하는 과목도 있지요. 모두 적절한 기준이 있으며 매우 객관적인 기준이라고 말합니다.\n\n 하지만 여러분이 생각하기에 모든 학생을 동일한 평가지표에 맞추어 평가하는 것이 올바른 방식이라고 생각하나요?\n\n 사람마다 특성이 존재하듯 각각의 목표 또한 다르고 성과도 다를 수 있습니다. 특정 기준에 의존해 본인의 성과도를 평가하는 것이 바르다고 생각되나요?\n\n 현재의 평가 방식은 최고의 객관적인 평가 방식이라고 생각하신다면 그 이유를 작성해주세요. 아니라면 어떤 평가 기준이 추가되어야 하고 또한 어떤 생각으로 평가가 이루어졌으면 좋겠는지 서술해 주세요.",
    "essay_type": "주장",
    "essay_level": "2",
    "essay_len": 783,
    "essay_main_subject": "평가에 대한 본인의 의견"
  }
}