{
  "paragraph": [
    {
      "paragraph_txt": "몇일전 수학능력 평가가 있었습니다.#@문장구분# 길을 걷다 보면 수험생들을 응원하는 플랜카드들이 널려있었습니다.#@문장구분# 한국어로 CSAT의 약자인 악명 높은 수능은 8시간 연속 시험의 마라톤으로, 학생들이 대학에 갈 것인지 여부를 결정할 뿐만 아니라 그들이 살 곳과 미래의 관계, 직업 전망에 영향을 미칠 수 있습니다.#@문장구분# 10년 이상 동안 정부는 광고 캠페인에 투자하고, 정신병동에 더 많은 병상을 개설함으로써 국가의 열악한 정신 건강 문제를 해결하기 위해 노력해 왔습니다.#@문장구분# 그러나 거의 모든 OECD 국가와 달리 지난 10년 동안 한국의 자살률은 계속해서 증가했습니다.#@문장구분# 정부는 멘토링이나 자원 봉사와 같은 다른 방법으로 학생들이 대학 입학 포인트를 얻을 수 있도록 수능을 전면 개편하려고 시도했지만, 효과가 없었습니다.#@문장구분# 그러므로, 저는 현재의 평가 방식이 가장 객관적인 평가방식이 아니라고 생각합니다.#@문장구분# 저는 현재의 평가 방식이 교육의 정상화를 촉진하는 방향으로 이루어졌으면 합니다.#@문장구분# 논리적 사고력과 표현력을 바탕으로 한 지식의 습득과 탐구능력 함양 강조되어야 합니다.#@문장구분# 평가 방법은 논술형 필기시험, 구두시험, 과제물 평가, 활동에 참여하는 학생들에 대한 관찰평가 위주이며, 학교단위 평가가 유급, 진로선택, 변경 등 진로결정제도와 관련되어야 합니다.#@문장구분# 정기적으로 중간고사 기말고사를 보는 것보단 수시로 가끔씩 시험을 봐야합니다.#@문장구분# 또한, 학교 간의 수준 차이를 고려하여 평가를 할 때 반영해야 합니다.#@문장구분# 국가 수준의 평가는 절대기준평가 원리에 입각하여 실시하고 총점, 평균, 석차를 표기하지 않고 과목별로 설정된 하위영역에 대한 학생의 도달정도를 통지해야합니다.#@문장구분# 또한 목표의 성격에 적절한 방식으로 다양한 평가가 이루어지기 위해 수업에 대한 열성, 흥미, 과제수행 정도를 포함하고 표준화 검사 결과와 더불어 직접 가르친 교사의 평정점수를 최종 성적 결정에 포함해야 합니다#@문장구분#",
      "paragraph_len": 1201,
      "paragraph_id": "001"
    }
  ],
  "score": {
    "paragraph_score": [
      {
        "paragraph_scoreT": [
          3,
          3,
          2.2
        ],
        "paragraph_scoreT_detail": {
          "paragraph_scoreT_exp": [
            [
              3,
              3,
              3
            ],
            [
              3,
              3,
              3
            ],
            [
              3,
              2,
              2
            ]
          ]
        },
        "paragraph_scoreT_avg": 2.7333333,
        "paragraph_id": "001"
      }
    ],
    "essay_scoreT": [
      30,
      28.2,
      23.900002
    ],
    "essay_scoreT_avg": 27.366669,
    "essay_scoreT_detail": {
      "essay_scoreT_org": [
        [
          3,
          0,
          3,
          3
        ],
        [
          2,
          0,
          3,
          3
        ],
        [
          3,
          0,
          2,
          3
        ]
      ],
      "essay_scoreT_cont": [
        [
          3,
          3,
          3,
          3
        ],
        [
          3,
          3,
          3,
          3
        ],
        [
          2,
          2,
          2,
          3
        ]
      ],
      "essay_scoreT_exp": [
        [
          3,
          3,
          3
        ],
        [
          3,
          3,
          3
        ],
        [
          3,
          2,
          2
        ]
      ]
    }
  },
  "student": {
    "date": "2021.12.15",
    "student_educated": true,
    "student_grade": "고등_1학년",
    "location": "063",
    "student_grade_group": "고등",
    "student_reading": 1
  },
  "rubric": {
    "essay_grade": "고등_1학년",
    "organization_weight": {
      "org_paragraph": 0,
      "org": 3,
      "org_essay": 6,
      "org_coherence": 3,
      "org_quantity": 1
    },
    "essay_type": "주장",
    "content_weight": {
      "con_clearance": 3,
      "con_novelty": 3,
      "con": 4,
      "con_prompt": 1,
      "con_description": 3
    },
    "essay_main_subject": "평가에 대한 본인의 의견",
    "expression_weight": {
      "exp_style": 4,
      "exp_grammar": 2,
      "exp_vocab": 4,
      "exp": 3
    }
  },
  "correction": [],
  "info": {
    "essay_id": "ESSAY_62856",
    "essay_prompt": " 평가는 일반적으로 평가대상의 장점과 가치를 결정하는 과정을 말합니다.\n\n 세상에는 무수히 많은 평가 방법들이 존재하고 그 주제도 다양합니다.\n\n 우리나라의 경우는 어떨까요? 중간, 기말시험이 있고 미술과 같은 기본기와 창의성을 평가하는 과목도 있습니다. 체육과 같은 신체적인 능력을 평가하는 과목도 있지요. 모두 적절한 기준이 있으며 매우 객관적인 기준이라고 말합니다.\n\n 하지만 여러분이 생각하기에 모든 학생을 동일한 평가지표에 맞추어 평가하는 것이 올바른 방식이라고 생각하나요?\n\n 사람마다 특성이 존재하듯 각각의 목표 또한 다르고 성과도 다를 수 있습니다. 특정 기준에 의존해 본인의 성과도를 평가하는 것이 바르다고 생각되나요?\n\n 현재의 평가 방식은 최고의 객관적인 평가 방식이라고 생각하신다면 그 이유를 작성해주세요. 아니라면 어떤 평가 기준이 추가되어야 하고 또한 어떤 생각으로 평가가 이루어졌으면 좋겠는지 서술해 주세요.",
    "essay_type": "주장",
    "essay_level": "2",
    "essay_len": 921,
    "essay_main_subject": "평가에 대한 본인의 의견"
  }
}