{
  "paragraph": [
    {
      "paragraph_txt": "저는 현재의 평가 방식이 객관적이라고 생각합니다.#@문장구분# 우리가 시험을 보고, 시험 결과에 따라 대학을 가는 이유는 무엇일까요?#@문장구분# 우리가 수능 공부를 하든, 학교 시험 공부를 하든 그게 우리가 살아가면서 꼭 필요한 것들은 아니라고 생각합니다.#@문장구분# 국어, 수학, 과학, 사탐 등 우리가 사회에 나아가서 꼭 필요한 과목이 아니라는 것입니다.#@문장구분# 하지만 왜 모든 나라들이 시험으로 학생들을 평가하는 것일까요? #@문장구분#저는 그게 학생의 의지와 노력을 보는 것이라고 생각합니다.#@문장구분# 물론 사람마다 특성이 존재하고 그에 맞는 평가 방식이 있다면 좋지만, 그 전에 객관적으로 그 사람의 의지력, 노력을 보기 위해 모두가 똑같은 문제지인 시험을 보고 결과를 내는 것이라고 생각합니다.#@문장구분# 중간, 기말 시험 그리고 수능을 통해 학생들의 의지력과 한계, 노력을 평가하고 시험 공부를 하며 참을성을 키우게 해주는 과정이라고 생각합니다.#@문장구분# 그리고 그 이후에 대학에 가서 자신들이 하고 싶은 분야를 위주로 자격증 준비를 하고, 전공 수업을 듣는다면 그것이 자신들의 특성에 맞게 노력하는 과정 아닐까요?#@문장구분# 저는 학생들의 의지력과 참을성을 키워주기 위해 중간, 기말 시험이 있고, 수능이 있는 것이라고 생각합니다.#@문장구분# 그래서 저는 현재의 평가 방식이 객관적인 평가 방식이라고 생각합니다.#@문장구분# 학생 신분일 때부터 자신들의 특성에 맞춰 교육을 받는다면 너무 좋겠지만 학생들은 무한한 가능성을 가진 사람입니다.#@문장구분# 앞으로 더욱 더 크고 넓은 세상을 본다면 성장할 가능성이 무한한 것입니다.#@문장구분# 학생일때부터 자신의 특성에 맞춰 교육을 했다가 후에 그 특성이 자신의 길이 아니라고 생각한다면 그 학생은 어떤 일을 할 수 있을까요?#@문장구분# 학생은 아직 사회를 잘 모르고 자신들이 어떠한 세상을 살고 있는지 잘 모르고 있는 신분이기도 합니다. #@문장구분#그래서 학생 신분일 때 무한한 가능성을 막지 않기 위해 객관적인 평가 방식으로 시간을 두고 자신의 특성을 진정으로 고민할 수 있는 시간을 주는 것이기도 하다고 저는 생각합니다.#@문장구분#",
      "paragraph_len": 1285,
      "paragraph_id": "001"
    }
  ],
  "score": {
    "paragraph_score": [
      {
        "paragraph_scoreT": [
          2,
          2.8,
          3
        ],
        "paragraph_scoreT_detail": {
          "paragraph_scoreT_exp": [
            [
              2,
              2,
              2
            ],
            [
              2,
              3,
              3
            ],
            [
              3,
              3,
              3
            ]
          ]
        },
        "paragraph_scoreT_avg": 2.6000001,
        "paragraph_id": "001"
      }
    ],
    "essay_scoreT": [
      20.699999,
      27.3,
      30
    ],
    "essay_scoreT_avg": 26,
    "essay_scoreT_detail": {
      "essay_scoreT_org": [
        [
          2,
          0,
          2,
          3
        ],
        [
          3,
          0,
          2,
          3
        ],
        [
          3,
          0,
          3,
          3
        ]
      ],
      "essay_scoreT_cont": [
        [
          2,
          2,
          3,
          2
        ],
        [
          3,
          2,
          3,
          3
        ],
        [
          3,
          3,
          3,
          3
        ]
      ],
      "essay_scoreT_exp": [
        [
          2,
          2,
          2
        ],
        [
          2,
          3,
          3
        ],
        [
          3,
          3,
          3
        ]
      ]
    }
  },
  "student": {
    "date": "2021.12.28",
    "student_educated": true,
    "student_grade": "고등_1학년",
    "location": "063",
    "student_grade_group": "고등",
    "student_reading": 1
  },
  "rubric": {
    "essay_grade": "고등_1학년",
    "organization_weight": {
      "org_paragraph": 0,
      "org": 3,
      "org_essay": 6,
      "org_coherence": 3,
      "org_quantity": 1
    },
    "essay_type": "주장",
    "content_weight": {
      "con_clearance": 3,
      "con_novelty": 3,
      "con": 4,
      "con_prompt": 1,
      "con_description": 3
    },
    "essay_main_subject": "평가에 대한 본인의 의견",
    "expression_weight": {
      "exp_style": 4,
      "exp_grammar": 2,
      "exp_vocab": 4,
      "exp": 3
    }
  },
  "correction": [],
  "info": {
    "essay_id": "ESSAY_84172",
    "essay_prompt": " 평가는 일반적으로 평가대상의 장점과 가치를 결정하는 과정을 말합니다.\n\n 세상에는 무수히 많은 평가 방법들이 존재하고 그 주제도 다양합니다.\n\n 우리나라의 경우는 어떨까요? 중간, 기말시험이 있고 미술과 같은 기본기와 창의성을 평가하는 과목도 있습니다. 체육과 같은 신체적인 능력을 평가하는 과목도 있지요. 모두 적절한 기준이 있으며 매우 객관적인 기준이라고 말합니다.\n\n 하지만 여러분이 생각하기에 모든 학생을 동일한 평가지표에 맞추어 평가하는 것이 올바른 방식이라고 생각하나요?\n\n 사람마다 특성이 존재하듯 각각의 목표 또한 다르고 성과도 다를 수 있습니다. 특정 기준에 의존해 본인의 성과도를 평가하는 것이 바르다고 생각되나요?\n\n 현재의 평가 방식은 최고의 객관적인 평가 방식이라고 생각하신다면 그 이유를 작성해주세요. 아니라면 어떤 평가 기준이 추가되어야 하고 또한 어떤 생각으로 평가가 이루어졌으면 좋겠는지 서술해 주세요.",
    "essay_type": "주장",
    "essay_level": "2",
    "essay_len": 965,
    "essay_main_subject": "평가에 대한 본인의 의견"
  }
}