{
  "paragraph": [
    {
      "paragraph_txt": "저는 특정한 목표를 이루기 위한 일에서는 특정 기준에 의해 성과도를 평가하는 것이 바람직하다고 생각합니다.#@문장구분# 일례로 기업은 수익이라는 성과를 창출해야 하는 집단입니다.#@문장구분# 이를 위해서는 수익을 위해 누가 어떠한 방식으로 공헌했는지를 평가하고 그에 상응하는 보상을 지불해야 합니다.#@문장구분# 이러한 시스템이 기업 내에 존재하지 않는다면, 공헌도가 높은 사람과 낮은 사람 간의 임금 격차가 존재하지 않아 근로 의욕이 떨어질 것이고 결국 회사는 문을 닫아야 할 것이기 때문입니다.#@문장구분#\n물론 개개인의 특성은 다르기 때문에 목표 또한 다르고 성과 또한 다를 수 있습니다. #@문장구분#하지만 개인이 혼자서 일을 하는 것이 아니라 집단에 속하여 함께 일을 하는 입장이라면, 그 집단의 특성에 따를 필요가 있다고 생각합니다.#@문장구분# 특히 본인이 자원해서 그 집단에 속한 것이라면 더더욱 집단의 특성에 따를 필요가 있습니다.#@문장구분# 엑셀을 다루는 기업에 취직한 사람이 자신을 노래 실력으로 평가해주길 바란다면 그것은 옳지 않은 일이기 때문입니다.#@문장구분# 때문에 사람은 자신이 잘 할 수 있고, 또 즐겁게 할 수 있는 일을 찾아야 합니다.#@문장구분# 물론 학창시절에는 이러한 것이 힘들 수 있습니다.#@문장구분# 학교는 누구나 의무적으로 가야 하는 곳이고, 오로지 학업 성취로만 평가받는 곳이기 때문입니다.#@문장구분# 하지만 학교는 장차 세상에 나아가 꿈을 펼칠 수 있는 기반을 닦아주는 곳이기 때문에 향후 큰 성취를 위해서는 학업에 정진하는 것이 옳다고 생각합니다.#@문장구분# 물론 학교의 평가 기준이 모두를 만족시킬 수는 없겠지만, 모두를 만족시키는 평가 기준이라는 것은 애초에 현실에는 존재할 수 없는 이상향적인 것이기 때문에 어쩔 수 없다고 생각합니다.#@문장구분#",
      "paragraph_len": 1070,
      "paragraph_id": "001"
    }
  ],
  "score": {
    "paragraph_score": [
      {
        "paragraph_scoreT": [
          2.8,
          2.8,
          2.2
        ],
        "paragraph_scoreT_detail": {
          "paragraph_scoreT_exp": [
            [
              2,
              3,
              3
            ],
            [
              2,
              3,
              3
            ],
            [
              3,
              2,
              2
            ]
          ]
        },
        "paragraph_scoreT_avg": 2.6000001,
        "paragraph_id": "001"
      }
    ],
    "essay_scoreT": [
      24.9,
      27.3,
      23.900002
    ],
    "essay_scoreT_avg": 25.366667,
    "essay_scoreT_detail": {
      "essay_scoreT_org": [
        [
          2,
          0,
          3,
          2
        ],
        [
          2,
          0,
          3,
          2
        ],
        [
          3,
          0,
          2,
          3
        ]
      ],
      "essay_scoreT_cont": [
        [
          3,
          2,
          3,
          2
        ],
        [
          3,
          3,
          3,
          3
        ],
        [
          2,
          2,
          2,
          3
        ]
      ],
      "essay_scoreT_exp": [
        [
          2,
          3,
          3
        ],
        [
          2,
          3,
          3
        ],
        [
          3,
          2,
          2
        ]
      ]
    }
  },
  "student": {
    "date": "2021.12.08",
    "student_educated": true,
    "student_grade": "고등_1학년",
    "location": "063",
    "student_grade_group": "고등",
    "student_reading": 2
  },
  "rubric": {
    "essay_grade": "고등_1학년",
    "organization_weight": {
      "org_paragraph": 0,
      "org": 3,
      "org_essay": 6,
      "org_coherence": 3,
      "org_quantity": 1
    },
    "essay_type": "주장",
    "content_weight": {
      "con_clearance": 3,
      "con_novelty": 3,
      "con": 4,
      "con_prompt": 1,
      "con_description": 3
    },
    "essay_main_subject": "평가에 대한 본인의 의견",
    "expression_weight": {
      "exp_style": 4,
      "exp_grammar": 2,
      "exp_vocab": 4,
      "exp": 3
    }
  },
  "correction": [],
  "info": {
    "essay_id": "ESSAY_56064",
    "essay_prompt": " 평가는 일반적으로 평가대상의 장점과 가치를 결정하는 과정을 말합니다.\n\n 세상에는 무수히 많은 평가 방법들이 존재하고 그 주제도 다양합니다.\n\n 우리나라의 경우는 어떨까요? 중간, 기말시험이 있고 미술과 같은 기본기와 창의성을 평가하는 과목도 있습니다. 체육과 같은 신체적인 능력을 평가하는 과목도 있지요. 모두 적절한 기준이 있으며 매우 객관적인 기준이라고 말합니다.\n\n 하지만 여러분이 생각하기에 모든 학생을 동일한 평가지표에 맞추어 평가하는 것이 올바른 방식이라고 생각하나요?\n\n 사람마다 특성이 존재하듯 각각의 목표 또한 다르고 성과도 다를 수 있습니다. 특정 기준에 의존해 본인의 성과도를 평가하는 것이 바르다고 생각되나요?\n\n 현재의 평가 방식은 최고의 객관적인 평가 방식이라고 생각하신다면 그 이유를 작성해주세요. 아니라면 어떤 평가 기준이 추가되어야 하고 또한 어떤 생각으로 평가가 이루어졌으면 좋겠는지 서술해 주세요.",
    "essay_type": "주장",
    "essay_level": "2",
    "essay_len": 810,
    "essay_main_subject": "평가에 대한 본인의 의견"
  }
}