{
  "paragraph": [
    {
      "paragraph_txt": "저는 현재의 평가 방식은 꽤 객관적인 평가 방식이라고 생각합니다.#@문장구분# 앞서 제시문에 나온 것처럼 중간고사나 기말고사와 같은 시험들이 특히 더 객관적인 편이라고 말하고 싶습니다.#@문장구분# 제가 이러한 시험들이 객관적인 평가 기준이라고 말하는 이유는 시험은 순전히 자신의 노력에 따라 결과가 달라지기 때문입니다.#@문장구분# 만약 자신이 시험 공부를 열심히 하지 않았다면 시험 결과도 그에 비례해서 자신이 공부를 한 만큼만 나올 것이고 자신이 진짜 최선을 다해서 공부를 했다면 시험 결과도 그에 따르기 때문에 좋은 성적을 얻을 수 있습니다.#@문장구분# 저 역시도 시험 공부를 하지 않았던 때에는 성적이 그렇게 좋지 않았지만 제가 저번 시험 결과에 충격을 받고 공부를 열심히 했을 때에는 꽤 좋은 성적을 받을 수 있었습니다.#@문장구분# 자신이 한 만큼의 결과를 얻을 수 있는 평가 방식은 저는 모두에게 평등하고 객관적인 평가 방식이라고 생각합니다.#@문장구분# 노력한 사람이 좋은 결과를 얻고 노력하지 않은 사람에게 그만한 대가가 주어지는 것을 어떻게 정당하지 않은 방식이라고 말할 수 있을까요 저는 이만큼 공정한 평가 방식은 없을 것이라 감히 말하고 싶습니다.#@문장구분# 제시문에 나온 것과 같이 예체능의 평가 기준에 대한 것을 문제로 삼을 수도 있겠지만 그것은 순전히 선생님의 재량의 차이에 따른 문제입니다.#@문장구분#  저희 학교의 예를 들어 설명하겠습니다.#@문장구분# 음악 시간에 가창 평가를 실시한 적이 있는데 저희 음악 선생님께서는 우리가 흔히 아는 것처럼 노래를 잘하는 학생에게 좋은 점수를 주신 것이 아니고 자신이 계획서롤 써서 내게 하고 써서 낸 계획에 맞춰서 노래를 어떻게 불렀는지를 평가하셨습니다. #@문장구분#그래서인지 저는 노래 실력이 뛰어나지 않았음에도 좋은 점수를 얻을 수 있었습니다.#@문장구분# 저희 선생님이 그러셨듯 개인마다 다른 차이를 인정해 주고 그에 따른 평가가 필요하다 생각합니다.#@문장구분#",
      "paragraph_len": 1135,
      "paragraph_id": "001"
    }
  ],
  "score": {
    "paragraph_score": [
      {
        "paragraph_scoreT": [
          2.6,
          3,
          2.8
        ],
        "paragraph_scoreT_detail": {
          "paragraph_scoreT_exp": [
            [
              3,
              3,
              2
            ],
            [
              3,
              3,
              3
            ],
            [
              2,
              3,
              3
            ]
          ]
        },
        "paragraph_scoreT_avg": 2.8,
        "paragraph_id": "001"
      }
    ],
    "essay_scoreT": [
      22.099998,
      27,
      25.099998
    ],
    "essay_scoreT_avg": 24.733332,
    "essay_scoreT_detail": {
      "essay_scoreT_org": [
        [
          2,
          0,
          2,
          3
        ],
        [
          2,
          0,
          3,
          3
        ],
        [
          2,
          0,
          2,
          3
        ]
      ],
      "essay_scoreT_cont": [
        [
          2,
          2,
          2,
          2
        ],
        [
          3,
          2,
          3,
          3
        ],
        [
          2,
          3,
          2,
          3
        ]
      ],
      "essay_scoreT_exp": [
        [
          3,
          3,
          2
        ],
        [
          3,
          3,
          3
        ],
        [
          2,
          3,
          3
        ]
      ]
    }
  },
  "student": {
    "date": "2021.12.17",
    "student_educated": true,
    "student_grade": "고등_1학년",
    "location": "054",
    "student_grade_group": "고등",
    "student_reading": 1
  },
  "rubric": {
    "essay_grade": "고등_1학년",
    "organization_weight": {
      "org_paragraph": 0,
      "org": 3,
      "org_essay": 6,
      "org_coherence": 3,
      "org_quantity": 1
    },
    "essay_type": "주장",
    "content_weight": {
      "con_clearance": 3,
      "con_novelty": 3,
      "con": 4,
      "con_prompt": 1,
      "con_description": 3
    },
    "essay_main_subject": "평가에 대한 본인의 의견",
    "expression_weight": {
      "exp_style": 4,
      "exp_grammar": 2,
      "exp_vocab": 4,
      "exp": 3
    }
  },
  "correction": [],
  "info": {
    "essay_id": "ESSAY_83375",
    "essay_prompt": " 평가는 일반적으로 평가대상의 장점과 가치를 결정하는 과정을 말합니다.\n\n 세상에는 무수히 많은 평가 방법들이 존재하고 그 주제도 다양합니다.\n\n 우리나라의 경우는 어떨까요? 중간, 기말시험이 있고 미술과 같은 기본기와 창의성을 평가하는 과목도 있습니다. 체육과 같은 신체적인 능력을 평가하는 과목도 있지요. 모두 적절한 기준이 있으며 매우 객관적인 기준이라고 말합니다.\n\n 하지만 여러분이 생각하기에 모든 학생을 동일한 평가지표에 맞추어 평가하는 것이 올바른 방식이라고 생각하나요?\n\n 사람마다 특성이 존재하듯 각각의 목표 또한 다르고 성과도 다를 수 있습니다. 특정 기준에 의존해 본인의 성과도를 평가하는 것이 바르다고 생각되나요?\n\n 현재의 평가 방식은 최고의 객관적인 평가 방식이라고 생각하신다면 그 이유를 작성해주세요. 아니라면 어떤 평가 기준이 추가되어야 하고 또한 어떤 생각으로 평가가 이루어졌으면 좋겠는지 서술해 주세요.",
    "essay_type": "주장",
    "essay_level": "2",
    "essay_len": 896,
    "essay_main_subject": "평가에 대한 본인의 의견"
  }
}