{
  "paragraph": [
    {
      "paragraph_txt": "현재 평가 방식은 객관적이라고는 할 수 있겠지만 적절하다고는 할 수 없을 것 같습니다.#@문장구분# 동일한 조건에서의 결과이니 누구도 이의를 제기 할 수 없을 것이기 때문입니다.#@문장구분# 하지만 사람마다 특성이 존재하듯 이해하고 표현하는 방식이 다르다고 생각하기 때문에 이 방법이 적절하지 않을수도 있다고 생각하는 것입니다.#@문장구분# 많은 사람을 동시에 평가하는 방법은 단시간에 해내는 방법은 특정한 날을 정해 시험을 보는 방식이 맞을수 있겠지만 그 사람의 실력을 평균을 내서 꾸준히 평가되는 방법도 좋다고 생각합니다.#@문장구분# 물론 이 방법에는 더 많은 인력과 시간이 투입되어야 하기 때문에 효율성 면에서는 떨어집니다.#@문장구분# 그렇다면 이런 방법은 어떨 때 사용하면 될까요?#@문장구분# 바로 다수의 변별이 필요할때가 아닌 소수의 특기자들의 변별이 필요할 때 사용하면 좋을 것 같습니다.#@문장구분# 예를들어 콘서트나 티비 프로그램에 출연은 하지 않지만 연주실력이 뛰어난 연주자나 얼굴없는 가수처럼 활동을 하지 않지만 꾸준히 앨범으로 사랑을 받는 가수들처럼 대중들 앞에 서는 것을 두려워하지만 그 실력은 출중한 사람들도 있기 때문입니다.#@문장구분# 이들의 대중의 인기척도로 훌륭한 연주가나 가수로 평가된다면 이들이 설 자리는 없을 것입니다.#@문장구분# 또 한 훌륭한 실력을 가진 운동선수가 평가 날의 컨디션이나 몸 상태가 좋지 않아 좋은 성적을 내지 못했다면 그것은 운이지 그 사람의 실력이 없는 것은 아니기 때문입니다.#@문장구분# 그 좋은 예가 올림픽입니다.#@문장구분# 올림픽은 그날에 한번 치러지는 경기이지만 올림픽에 출전한 국가대표 선수들은 무수한 국가대표 선발전을 치르고 해외 경기를 치르면서 수차례 실력을 검증 받습니다.#@문장구분# 그날의 컨디션이나 그날의 운이 아닌 실력자들이 모여 펼치는 경기이기 때문에 그날에 있을 변수는 컨디션이나 기상이변이나 실력 이외의 문제라는 것입니다.#@문장구분# 이런 평가 방식들이 한사람이 가지고 있는 잠재적 능력을 끄집어 내고 또 향상시키며 제대로 평가 되었다는 결과를 가져온다고 생각합니다.#@문장구분#",
      "paragraph_len": 1232,
      "paragraph_id": "001"
    }
  ],
  "score": {
    "paragraph_score": [
      {
        "paragraph_scoreT": [
          3,
          3,
          2.6
        ],
        "paragraph_scoreT_detail": {
          "paragraph_scoreT_exp": [
            [
              3,
              3,
              3
            ],
            [
              3,
              3,
              3
            ],
            [
              3,
              2,
              3
            ]
          ]
        },
        "paragraph_scoreT_avg": 2.8666668,
        "paragraph_id": "001"
      }
    ],
    "essay_scoreT": [
      30,
      26.6,
      25.5
    ],
    "essay_scoreT_avg": 27.366667,
    "essay_scoreT_detail": {
      "essay_scoreT_org": [
        [
          3,
          0,
          3,
          3
        ],
        [
          2,
          0,
          3,
          3
        ],
        [
          3,
          0,
          2,
          3
        ]
      ],
      "essay_scoreT_cont": [
        [
          3,
          3,
          3,
          3
        ],
        [
          3,
          2,
          2,
          3
        ],
        [
          3,
          2,
          3,
          2
        ]
      ],
      "essay_scoreT_exp": [
        [
          3,
          3,
          3
        ],
        [
          3,
          3,
          3
        ],
        [
          3,
          2,
          3
        ]
      ]
    }
  },
  "student": {
    "date": "2021.12.16",
    "student_educated": true,
    "student_grade": "고등_1학년",
    "location": "031",
    "student_grade_group": "고등",
    "student_reading": 3
  },
  "rubric": {
    "essay_grade": "고등_1학년",
    "organization_weight": {
      "org_paragraph": 0,
      "org": 3,
      "org_essay": 6,
      "org_coherence": 3,
      "org_quantity": 1
    },
    "essay_type": "주장",
    "content_weight": {
      "con_clearance": 3,
      "con_novelty": 3,
      "con": 4,
      "con_prompt": 1,
      "con_description": 3
    },
    "essay_main_subject": "평가에 대한 본인의 의견",
    "expression_weight": {
      "exp_style": 4,
      "exp_grammar": 2,
      "exp_vocab": 4,
      "exp": 3
    }
  },
  "correction": [],
  "info": {
    "essay_id": "ESSAY_65651",
    "essay_prompt": " 평가는 일반적으로 평가대상의 장점과 가치를 결정하는 과정을 말합니다.\n\n 세상에는 무수히 많은 평가 방법들이 존재하고 그 주제도 다양합니다.\n\n 우리나라의 경우는 어떨까요? 중간, 기말시험이 있고 미술과 같은 기본기와 창의성을 평가하는 과목도 있습니다. 체육과 같은 신체적인 능력을 평가하는 과목도 있지요. 모두 적절한 기준이 있으며 매우 객관적인 기준이라고 말합니다.\n\n 하지만 여러분이 생각하기에 모든 학생을 동일한 평가지표에 맞추어 평가하는 것이 올바른 방식이라고 생각하나요?\n\n 사람마다 특성이 존재하듯 각각의 목표 또한 다르고 성과도 다를 수 있습니다. 특정 기준에 의존해 본인의 성과도를 평가하는 것이 바르다고 생각되나요?\n\n 현재의 평가 방식은 최고의 객관적인 평가 방식이라고 생각하신다면 그 이유를 작성해주세요. 아니라면 어떤 평가 기준이 추가되어야 하고 또한 어떤 생각으로 평가가 이루어졌으면 좋겠는지 서술해 주세요.",
    "essay_type": "주장",
    "essay_level": "2",
    "essay_len": 956,
    "essay_main_subject": "평가에 대한 본인의 의견"
  }
}