{
  "paragraph": [
    {
      "paragraph_txt": "최근 중국발 코로나19를 이유로 유럽사회에서 아시아에 있는 전 아시아인들을 혐오하고, 폭력을 행사하는 것은 매우 인간답지 못한 행동들이 가해지고 있다는 보도를 매스컴을 통해 종종 볼수있다.#@문장구분# 화풀이를 찾는 것처럼 보인다 #@문장구분#생각해 보면 메르스. 사스가 유행할 때 우리도 중동쪽 사람들을 경계하고 혐오의 눈빛으로 바라봤던거 같다.#@문장구분# 그지역 여행을 다녀온사람에게도 따가운 시선을 보냈던 우리였던거 같다.#@문장구분# 내가 가지고있는 선입견 고정관에서 비롯된 것으로 생각된다.#@문장구분#무의식적으로 나오는 거부감과 혐오를 숨길수가 없는거같다는 생각이 든다. #@문장구분#이에 관해 내가 생각한 역사적 사건들이 있다.#@문장구분# 지금 2년째 코로나로 정상적인 생활을 하지못하고 주변 가족 친구 지인들이 죽거나 코로나와 싸우고 있는 것을 보면 너무 슬프고 힘들기 때문에 그 화가 인종차별로 나타나는 것같다. #@문장구분#지구인 누구든 피부색과 문화가 다를뿐 다같은 생명체이다.#@문장구분# 피부색으로 차별을 하고 괴롭히고 멸시 조롱을 일삼는 사람들은 피해의식에 사로잡힌 사라람들 같다.#@문장구분# 또 혐오를 가지고 사람을 대하니 인종차별도 하는거 같다.#@문장구분# 일단 나와 다르면 경계심이 든다 .#@문장구분# 나도 그렇다 #@문장구분#하지만 그 경계심이 인종 차별로 가서는 안된다고 생각한다.#@문장구분# 내가 경계하고 혐오의 눈빛을 보내면 상대도 내생각 내마음과 같이 경계하고 혐오를 가지고 나를 바라볼 것이다 ,#@문장구분# 이러한 문제는 조기교욱으로 조금이나마 줄여나가야 한다고 생각한다#@문장구분# 인종차별을 하는 사람들에 대한 본인의 생각을 작성하고 인종차별은 해결할 수 있는 문제일지 아니면 해결하지 어려운 문제우리가 서로를 얼마나 혐오하는지, 우리가 서로를 얼마나 증오하는지. #@문장구분#서로의 차별은 그만되어야 한다.#@문장구분# 우리는 서로가 서로를 존중해야 한다 #@문장구분#나부터가 이런 마음을 고쳐 먹어야겠다고 생각한다.",
      "paragraph_len": 1241,
      "paragraph_id": "001"
    }
  ],
  "score": {
    "paragraph_score": [
      {
        "paragraph_scoreT": [
          2.4,
          2.8,
          3
        ],
        "paragraph_scoreT_detail": {
          "paragraph_scoreT_exp": [
            [
              2,
              2,
              3
            ],
            [
              2,
              3,
              3
            ],
            [
              3,
              3,
              3
            ]
          ]
        },
        "paragraph_scoreT_avg": 2.7333333,
        "paragraph_id": "001"
      }
    ],
    "essay_scoreT": [
      28.2,
      28.2,
      26.099998
    ],
    "essay_scoreT_avg": 27.5,
    "essay_scoreT_detail": {
      "essay_scoreT_org": [
        [
          3,
          3,
          3,
          3
        ],
        [
          3,
          3,
          3,
          3
        ],
        [
          2,
          2,
          2,
          3
        ]
      ],
      "essay_scoreT_cont": [
        [
          3,
          3,
          3,
          3
        ],
        [
          2,
          3,
          3,
          3
        ],
        [
          2,
          3,
          3,
          3
        ]
      ],
      "essay_scoreT_exp": [
        [
          2,
          2,
          3
        ],
        [
          2,
          3,
          3
        ],
        [
          3,
          3,
          3
        ]
      ]
    }
  },
  "student": {
    "date": "2021.12.10",
    "student_educated": true,
    "student_grade": "고등_2학년",
    "location": "063",
    "student_grade_group": "고등",
    "student_reading": 1
  },
  "rubric": {
    "essay_grade": "고등_2학년",
    "organization_weight": {
      "org_paragraph": 3,
      "org": 3,
      "org_essay": 3,
      "org_coherence": 3,
      "org_quantity": 1
    },
    "essay_type": "주장",
    "content_weight": {
      "con_clearance": 3,
      "con_novelty": 3,
      "con": 4,
      "con_prompt": 1,
      "con_description": 3
    },
    "essay_main_subject": "인종차별에 대한 본인의 생각",
    "expression_weight": {
      "exp_style": 4,
      "exp_grammar": 2,
      "exp_vocab": 4,
      "exp": 3
    }
  },
  "correction": [],
  "info": {
    "essay_id": "ESSAY_57389",
    "essay_prompt": " 최근 중국발 코로나바이러스로 인해 동양인에 대한 혐오감을 나타내는 서양인들이 늘어나고 있습니다. 그로 인해, 매스컴이나 SNS에서 인종차별을 받아 힘들어하는 동양인들을 자주 목격할 수 있습니다.\n\n 하지만, 최근에만 인종차별이 존재했을까요? 아닙니다. 아주 오래전부터 다른 인종에 대한 차별은 있었습니다.\n\n 우리나라에서는 인종차별을 안 하고 있을까요? 아닙니다. 우리나라에서도 알게 모르게 많은 부분에서 다른 국가의 사람들에 대해 인종차별을 하고 있으며 누군가에게 상처를 주고 있습니다.\n\n 즉, 인종차별은 누군가의 문제가 아니라 우리 모두의 문제입니다.\n\n 여러분들은 인종차별을 당해보신 적 있나요? 인종차별을 하는 사람들에 대해 어떻게 생각하시나요? 왜 생겨났다고 생각하나요? 인종차별을 근절하기 위해서는 어떻게 해야 할까요? 인종차별을 하는 사람들에 대해 전 세계적으로 처벌의 강도를 높여야 할까요?\n\n 인종차별을 하는 사람들에 대한 본인의 생각을 작성하고 인종차별은 해결할 수 있는 문제일지 아니면 해결하지 어려운 문제일지 작성해주세요. 또한, 그렇게 생각한 이유와 본인이 생각한 해결방법 혹은 해결할 수 없다면 왜 해결할 수 없다고 생각하는지 작성해주세요.",
    "essay_type": "주장",
    "essay_level": "1",
    "essay_len": 863,
    "essay_main_subject": "인종차별에 대한 본인의 생각"
  }
}