{
  "paragraph": [
    {
      "paragraph_txt": "코로나19 백신 풀어야 한다고 생각합니다. #@문장구분#이미 많은 나라에선 코로나19로 죽어가는 사람이 생겨났으며 더 심각해지기 전에 백신 지적재산권을 공유해야 한다고 생각합니다.#@문장구분# 왜냐하면 선진국들은 괜찮지만, 저소득 국가들은 큰 피해를 입을 수 있습니다.\n #@문장구분#독일제약회사인 화이자는 독일 정부로부터 한화 약 5,000원 억을 지원받았고 미국과 EU에서는 선주문 명목으로 약 6조6천억을 지원받았습니다.#@문장구분# 그리고 영국제약회사인 아스트라제네카도 백신 개발 과정에서 선진국 또는 부자나라들에 지원받았습니다. #@문장구분#이처럼 많은 제약회사가 지원받은 나라들에만 백신을 공급을 하고 그 후에 개발도상국에 백신을 공급한다면 많은 사상자가 발생할 수 있습니다. #@문장구분#예를 들어 1995년 사하라 남부 아프리카에선 에이즈의 확산으로 많은 타격을 입고 있었습니다. #@문장구분#하지만 에이즈를 억제할 수 있는 약이 1996년에 개발되었지만 부자들만 이 약을 구매하였고 2000년도에도 약 복제를 허용하지 않아 약값이 한화 약 1,100만 원에 이르렀던 적이 있습니다. #@문장구분#지적재산권을 공유하면 많은 개발도상국에서도 싼값에 백신을 접종할 수 있을 것이며 많은 사상자가 생기지 않을 것입니다.\n #@문장구분#두 번째로 백신 제조사의 이미지 제고입니다.#@문장구분# 백신 지식재산권을 면제한 기업들은 전 세계적으로 칭송을 받을 것이며 코로나를 이겨내는 데 큰 공을 세우게 될 것입니다. #@문장구분#이는 미래 지향적이며 많은 나라에서는 이런 기업들을 신뢰 할 수 있으며 세계적인 기업으로 성장하는데 기반이 될 수 있습니다.#@문장구분# 하지만 백신 제조사 입장에서는 많은 돈과 인력을 투자하여 만든 백신에 대한 지적재산권을 인정하지 않으면 앞으로의 많은 기업이 코로나19와 같은 상황이 생겨도 백신을 만드는데 의욕이 생기지 않을 것입니다.#@문장구분# 이를 방지하기 위해 정부에서는 백신 제조사를 향한 지원을 아낌없이 하며 많은 보상을 해주면 다음에 이런 상황이 생겨도 더 빨리 헤쳐 나갈 수 있다고 생각합니다. #@문장구분#기술력과 돈도 중요하지만 제일 중요한 것은 사람이라고 생각합니다.",
      "paragraph_len": 1259,
      "paragraph_id": "001"
    }
  ],
  "score": {
    "paragraph_score": [
      {
        "paragraph_scoreT": [
          3,
          3,
          3
        ],
        "paragraph_scoreT_detail": {
          "paragraph_scoreT_exp": [
            [
              3,
              3,
              3
            ],
            [
              3,
              3,
              3
            ],
            [
              3,
              3,
              3
            ]
          ]
        },
        "paragraph_scoreT_avg": 3,
        "paragraph_id": "001"
      }
    ],
    "essay_scoreT": [
      30,
      25.800001,
      30
    ],
    "essay_scoreT_avg": 28.6,
    "essay_scoreT_detail": {
      "essay_scoreT_org": [
        [
          3,
          3,
          3,
          3
        ],
        [
          2,
          2,
          3,
          3
        ],
        [
          3,
          3,
          3,
          3
        ]
      ],
      "essay_scoreT_cont": [
        [
          3,
          3,
          3,
          3
        ],
        [
          2,
          2,
          3,
          3
        ],
        [
          3,
          3,
          3,
          3
        ]
      ],
      "essay_scoreT_exp": [
        [
          3,
          3,
          3
        ],
        [
          3,
          3,
          3
        ],
        [
          3,
          3,
          3
        ]
      ]
    }
  },
  "student": {
    "date": "2021.12.02",
    "student_educated": true,
    "student_grade": "고등_2학년",
    "location": "054",
    "student_grade_group": "고등",
    "student_reading": 2
  },
  "rubric": {
    "essay_grade": "고등_2학년",
    "organization_weight": {
      "org_paragraph": 3,
      "org": 3,
      "org_essay": 3,
      "org_coherence": 3,
      "org_quantity": 1
    },
    "essay_type": "주장",
    "content_weight": {
      "con_clearance": 3,
      "con_novelty": 3,
      "con": 4,
      "con_prompt": 1,
      "con_description": 3
    },
    "essay_main_subject": "지적 재산권에 대한 본인의 생각 작성",
    "expression_weight": {
      "exp_style": 4,
      "exp_grammar": 2,
      "exp_vocab": 4,
      "exp": 3
    }
  },
  "correction": [],
  "info": {
    "essay_id": "ESSAY_61026",
    "essay_prompt": " 지적재산권이란 특허권, 실용신안권, 상표권, 디자인권을 총칭하는 개념으로 지적재산권법은 정보생산자에게 일정기간 동안 시장에서의 배타적 지위를 부여하고 있습니다.\n\n 즉, 지적 재산권은 특정 사람이 생각/창작해낸 것을 다른사람들의 무분별한 이용으로 부터 지켜주는 것입니다. 이러한 지적재산권은 개인 혹은 회사 더 나아가 나라에 귀속될 수 있습니다.\n\n 다만, 코로나 시대인 요즘 전 세계적인 재앙인 코로나를 물리칠 수 있는 백신에 대한 지적재산권을 자유롭게 풀어야한다는 의견이 계속해서 나오고 있습니다. \n\n 지적 재산권이 있는 제약회사가 있는 나라의 경우 백신이 충분하며 백신을 맞는 것이 선택의 문제인 반면, 그렇지 못한 나라는 백신을 맞고 싶어도 맞지 못하는 사람들이 많고 항체가 없어 사망하는 경우도 비교적 많이 때문입니다.\n\n 전 세계의 문제를 해결하기 위해 수 많은 돈을 들여 개발한 백신의 지적재산권을 공유하는 것이 의무화 되어야 할까요? 아니면 회사의 선택에 맡겨야할까요? 보상은 어떻게 해야할까요? \n\n 전 세계에 무상으로 공개 해야 한다는 의견이 있을 수도 있고 무상으로 공개한 회사의 경우 팬더믹 상황이 종결 된 후 따로 보상을 해주어야 한다는 의견도 있을 겁니다. 지적재산권의 변하지 않는 신뢰를 위해서라도 무상 공개는 절대 있어서는 안된다는 의견도 있을 것입니다.\n\n 지금까지도 펜더믹 상황에서 코로나19 백신에 대한 특허권을 보장해야 하느냐 풀어야 하느냐 의견이 분분합니다. 이에 대한 자신의 주장을 작성해주세요. 또한, 그렇게 생각한 이유도 설명해주세요.",
    "essay_type": "주장",
    "essay_level": "1",
    "essay_len": 981,
    "essay_main_subject": "지적 재산권에 대한 본인의 생각 작성"
  }
}