{
  "paragraph": [
    {
      "paragraph_txt": "저는 현재의 평가 방식이 객관적인 평가 방식이라고 생각하지 않습니다.#@문장구분# 사람은 개개인의 특성이 존재하고 각자 흥미를 느끼는 분야가 다릅니다.#@문장구분# 그러니 우리 사회에 아주 다양한 직업군이 존재하는 것이지요.#@문장구분# 우리 사회는 학생들에게 자신의 특성을 살릴 수 있는 기회를 전혀 주지 않는다고 생각합니다.#@문장구분# 물론 자신의 특성들은 대학교에 가서도 펼칠 수 있겠지요.#@문장구분# 하지만 예체능의 경우에는 어렸을 적부터 시작을 하는 것이 좋습니다.#@문장구분# 성장이 끝나갈 즈음에는 몸이 굳어 운동을 시작해도 어렸을 적부터 시작한 사람과는 분명하게 차이가 납니다.#@문장구분# 하지만 학교 시험은 그러한 학생들의 사정은 생각해주지 않고, 무조건 중간, 기말 시험과 수능의 점수에 학생들을 평가하고 있습니다.#@문장구분# 미래에 우리나라를 대표하는 축구 국가대표가 될 학생이 중간, 기말 시험을 열심히 공부하느라 축구를 소홀히 하는게 맞는 것일까요?#@문장구분# 저는 그렇게 생각하지 않습니다.#@문장구분# 중간, 기말시험 공부를 열심히 한다고 해서 우리가 사회에서 미적분, 기하학, 물리 등 시험 과목들을 일상 생활에 사용할 일이 얼마나 될까요?#@문장구분# 그저 중간, 기말 시험과 수능은 학생들의 특성을 고려하지 않고, 각자의 특성은 배제한체 모두를 같은 조건으로 보고 평가하는 방식입니다.#@문장구분# 물론 자신의 특성을 아직 찾지 못한 학생들에게는 객관적인 평가방식이지만 각자의 특성을 찾은 학생들에게도 객관적인 평가방식일까요?#@문장구분# 저는 그렇게 생각하지 않습니다.#@문장구분# 각자의 특성을 찾고 그것을 열심히 개발하는 친구들을 위해서는 그에 맞는 평가 방식이 필요하다고 생각합니다, #@문장구분#축구를 잘하고 좋아해 축구선수가 되고 싶어 하는 학생에게는 한달에 한번 체력 향상성을 본다던가, 폐활량 테스트를 하는 것이 더 낫겠지요.#@문장구분# 화가가 되고 싶어하는 학생은 선을 더 부드럽게 표현을 할 수 있는지, 인물화를 더 잘 그릴 수 있는지 평가하는 것이 올바른 평가 방식이겠지요. #@문장구분#저는 각자의 특성을 살릴 수 있는 평가 방식을 도입하는게 시급하다고 생각합니다.#@문장구분#",
      "paragraph_len": 1321,
      "paragraph_id": "001"
    }
  ],
  "score": {
    "paragraph_score": [
      {
        "paragraph_scoreT": [
          2,
          2.4,
          3
        ],
        "paragraph_scoreT_detail": {
          "paragraph_scoreT_exp": [
            [
              2,
              2,
              2
            ],
            [
              2,
              3,
              2
            ],
            [
              3,
              3,
              3
            ]
          ]
        },
        "paragraph_scoreT_avg": 2.4666667,
        "paragraph_id": "001"
      }
    ],
    "essay_scoreT": [
      20.699999,
      26.100002,
      28.8
    ],
    "essay_scoreT_avg": 25.200003,
    "essay_scoreT_detail": {
      "essay_scoreT_org": [
        [
          2,
          0,
          2,
          3
        ],
        [
          3,
          0,
          2,
          3
        ],
        [
          3,
          0,
          3,
          3
        ]
      ],
      "essay_scoreT_cont": [
        [
          2,
          2,
          3,
          2
        ],
        [
          3,
          2,
          3,
          3
        ],
        [
          3,
          3,
          3,
          2
        ]
      ],
      "essay_scoreT_exp": [
        [
          2,
          2,
          2
        ],
        [
          2,
          3,
          2
        ],
        [
          3,
          3,
          3
        ]
      ]
    }
  },
  "student": {
    "date": "2021.12.27",
    "student_educated": true,
    "student_grade": "고등_1학년",
    "location": "063",
    "student_grade_group": "고등",
    "student_reading": 3
  },
  "rubric": {
    "essay_grade": "고등_1학년",
    "organization_weight": {
      "org_paragraph": 0,
      "org": 3,
      "org_essay": 6,
      "org_coherence": 3,
      "org_quantity": 1
    },
    "essay_type": "주장",
    "content_weight": {
      "con_clearance": 3,
      "con_novelty": 3,
      "con": 4,
      "con_prompt": 1,
      "con_description": 3
    },
    "essay_main_subject": "평가에 대한 본인의 의견",
    "expression_weight": {
      "exp_style": 4,
      "exp_grammar": 2,
      "exp_vocab": 4,
      "exp": 3
    }
  },
  "correction": [],
  "info": {
    "essay_id": "ESSAY_84173",
    "essay_prompt": " 평가는 일반적으로 평가대상의 장점과 가치를 결정하는 과정을 말합니다.\n\n 세상에는 무수히 많은 평가 방법들이 존재하고 그 주제도 다양합니다.\n\n 우리나라의 경우는 어떨까요? 중간, 기말시험이 있고 미술과 같은 기본기와 창의성을 평가하는 과목도 있습니다. 체육과 같은 신체적인 능력을 평가하는 과목도 있지요. 모두 적절한 기준이 있으며 매우 객관적인 기준이라고 말합니다.\n\n 하지만 여러분이 생각하기에 모든 학생을 동일한 평가지표에 맞추어 평가하는 것이 올바른 방식이라고 생각하나요?\n\n 사람마다 특성이 존재하듯 각각의 목표 또한 다르고 성과도 다를 수 있습니다. 특정 기준에 의존해 본인의 성과도를 평가하는 것이 바르다고 생각되나요?\n\n 현재의 평가 방식은 최고의 객관적인 평가 방식이라고 생각하신다면 그 이유를 작성해주세요. 아니라면 어떤 평가 기준이 추가되어야 하고 또한 어떤 생각으로 평가가 이루어졌으면 좋겠는지 서술해 주세요.",
    "essay_type": "주장",
    "essay_level": "2",
    "essay_len": 961,
    "essay_main_subject": "평가에 대한 본인의 의견"
  }
}