{
  "paragraph": [
    {
      "paragraph_txt": "나는 평가를 하는 거에 대해서 정말 긍정적이게 생각한다.#@문장구분# 부정적인 생각 하는 사람들은 바로 사람에게 평가를 해서 부정적이라고 생각할 텐데 나도 그 부분은 안좋게 생각 하긴 하지만 그래도 평가의 기준이 있어서 내가 도움을 받았던 적이 있기 때문에 나는 평가에 대해서 긍정적이게 생각한다.#@문장구분# 왜냐하면 내가 중학교 삼학년 때 피고 대회 나간 적 있었는데그때 분명이 상대방 친구가 선을 밟고 공을 던지는 걸 내가 봤었는데 심판이 그걸 못 봤다고 하는 거다.#@문장구분# 그래서 2차 심판이란 게 있는데 일차 심판이 못 봤던 거를 이차 심판이 보는 포지션에 있었는데 그때 이차 심판이 그 포지션을 보고 반칙으로 인정을 해줘서 우리팀은 살고 걔네 팀한테 패널티를 주어줬던게 있는데 정말 피고에 대한 평가 기준이 없었다면 나는 정말 너무 분해서 이 게임에 흥미를 가지도 못 했을 거다.#@문장구분# 게임에 대한 흥미를 가질려면 규칙도 딱딱 지켜야되고 반칙을 하면 패널티도 딱딱 조야 그 쾌감으로 열심히 할 수 있는 건데 만약에 평가가 없었다면 우리는 개가 반칙을 하는 것을 봤어도 뭘 해 봤자 나빠지는 건 기분이고 다르게 물질적으로 뭔가 효과를 낼 수 없었기에 더 화가 났을 거다.#@문장구분# 이렇게 우리에게 다가 오는 평가는 부정적으로만 생각 하면 안 된다 언젠가 당신이 평가에 대해서 긍정적으로 생각하는 날이 올 것이다.#@문장구분# 그리고 이런 것은 차를 탈 때도 포함 된다고 생각한다.#@문장구분# 평가의 기준이 즉 규칙을 말하는 거라고 나는 생각하기에 자동차를 탈 때도 자동차 운전자 되기를 지켜야 하는 규칙들을 지켜야 하기 때문에 그걸 지키지 않으면 벌금 이 나라 오는 걸로 알고 있다.#@문장구분# 그래서 우리한테 이러한 규칙이 자 평가의 기준이 있기에 우리는 질서적으로 살아갈 수 있다고 생각한다.#@문장구분# 우리들은 평가에 대해서 좋게 생각하면 살아가야 합니다.#@문장구분# 어차피 있는 평가를 부정적으로 생각하면 살아가다 보면 자신도 부정적이게 되고 피곤해지기만 하고 불평 불만만 많아집니다.#@문장구분#",
      "paragraph_len": 1171,
      "paragraph_id": "001"
    }
  ],
  "score": {
    "paragraph_score": [
      {
        "paragraph_scoreT": [
          3,
          3,
          2.8
        ],
        "paragraph_scoreT_detail": {
          "paragraph_scoreT_exp": [
            [
              3,
              3,
              3
            ],
            [
              3,
              3,
              3
            ],
            [
              2,
              3,
              3
            ]
          ]
        },
        "paragraph_scoreT_avg": 2.9333334,
        "paragraph_id": "001"
      }
    ],
    "essay_scoreT": [
      28.8,
      28.8,
      27.8
    ],
    "essay_scoreT_avg": 28.466665,
    "essay_scoreT_detail": {
      "essay_scoreT_org": [
        [
          3,
          0,
          3,
          3
        ],
        [
          3,
          0,
          3,
          3
        ],
        [
          3,
          0,
          3,
          3
        ]
      ],
      "essay_scoreT_cont": [
        [
          3,
          2,
          3,
          3
        ],
        [
          3,
          2,
          3,
          3
        ],
        [
          2,
          3,
          2,
          3
        ]
      ],
      "essay_scoreT_exp": [
        [
          3,
          3,
          3
        ],
        [
          3,
          3,
          3
        ],
        [
          2,
          3,
          3
        ]
      ]
    }
  },
  "student": {
    "date": "2021.12.27",
    "student_educated": true,
    "student_grade": "고등_1학년",
    "location": "063",
    "student_grade_group": "고등",
    "student_reading": 2
  },
  "rubric": {
    "essay_grade": "고등_1학년",
    "organization_weight": {
      "org_paragraph": 0,
      "org": 3,
      "org_essay": 6,
      "org_coherence": 3,
      "org_quantity": 1
    },
    "essay_type": "주장",
    "content_weight": {
      "con_clearance": 3,
      "con_novelty": 3,
      "con": 4,
      "con_prompt": 1,
      "con_description": 3
    },
    "essay_main_subject": "평가에 대한 본인의 의견",
    "expression_weight": {
      "exp_style": 4,
      "exp_grammar": 2,
      "exp_vocab": 4,
      "exp": 3
    }
  },
  "correction": [],
  "info": {
    "essay_id": "ESSAY_79786",
    "essay_prompt": " 평가는 일반적으로 평가대상의 장점과 가치를 결정하는 과정을 말합니다.\n\n 세상에는 무수히 많은 평가 방법들이 존재하고 그 주제도 다양합니다.\n\n 우리나라의 경우는 어떨까요? 중간, 기말시험이 있고 미술과 같은 기본기와 창의성을 평가하는 과목도 있습니다. 체육과 같은 신체적인 능력을 평가하는 과목도 있지요. 모두 적절한 기준이 있으며 매우 객관적인 기준이라고 말합니다.\n\n 하지만 여러분이 생각하기에 모든 학생을 동일한 평가지표에 맞추어 평가하는 것이 올바른 방식이라고 생각하나요?\n\n 사람마다 특성이 존재하듯 각각의 목표 또한 다르고 성과도 다를 수 있습니다. 특정 기준에 의존해 본인의 성과도를 평가하는 것이 바르다고 생각되나요?\n\n 현재의 평가 방식은 최고의 객관적인 평가 방식이라고 생각하신다면 그 이유를 작성해주세요. 아니라면 어떤 평가 기준이 추가되어야 하고 또한 어떤 생각으로 평가가 이루어졌으면 좋겠는지 서술해 주세요.",
    "essay_type": "주장",
    "essay_level": "2",
    "essay_len": 951,
    "essay_main_subject": "평가에 대한 본인의 의견"
  }
}