{
  "paragraph": [
    {
      "paragraph_txt": "평가기준을 모두가 만족할 수는 없다고 생각합니다. #@문장구분#이것은 어찌보면 불공평하다고 생각이 들 수 있다.#@문장구분# 또한 평가기준은 모든 사람에게 동일하게 적용되어야 하는 부분이라고 생각하는 바입니다.#@문장구분# 우리가 학생때를 생각해보자.#@문장구분#개개인 마다 평가기준이 다 다르고 다 다르게 적용된다면 그 각자 다른 기준들을 만드는 것도 주관적이라고 생각됩니다.#@문장구분# 모든 평가기준이 똑같기 때문에 공부를 열심히 하는 사람이 성적이 낮아 손해볼 일이 없고, 공부를 안하고 노는 사람이 성적을 잘 받길 기대할 수 없다. #@문장구분#그리고 동일한 평가기준에 맞추어서 자신을 변화시켜야 한다고 생각합니다.#@문장구분# 물론 운동과 미술같은 특성화된 부분에서는 적절한 기준이 있다면 그것에 따르는 것은 나쁘지 않은 방법이지만 일반적으로 우리가 평가 받는 공부에 있어서는 모두에게 동일한 기준을 적용하여 평가하는 것이 맞다.#@문장구분# 노력과 열정을 증명하기 위해서 평가기준대로 정석적으로 자신을 바꾸어야 한다고 생각합니다.#@문장구분# 그러니 당연히 남들보다 노는시간도 줄이고 자는 시간도 줄이고 그랬던 사람이 성적을 잘받고 좋은 대학을 가고 좋은 직장을 가지는 것이 차별이아니라 올바른 평가 방법이다. #@문장구분#평가기준이 너무 한 가지만 있다고 실망하고 좌절하고 화내는 사람들은 나약한 사람들이라고 저는 생각합니다.#@문장구분# 또한 평가기준을 핑계로 포기하려는 빌미를 만든 것이라고 느껴집니다.#@문장구분# 남들보다 더놀고 더자고 그랫던 사람이 좋은 직장을 더 노력사람과 같은 직장을 가지길 원한다는 것은 정말 말그대로 노력없이 대가를 얻기만을 바라는 이기적인 생각을 가진 사람이다.#@문장구분# 자격지심을 버리고 공정하게 대결하기를 바란다.#@문장구분#",
      "paragraph_len": 1067,
      "paragraph_id": "001"
    }
  ],
  "score": {
    "paragraph_score": [
      {
        "paragraph_scoreT": [
          1.8,
          2,
          2
        ],
        "paragraph_scoreT_detail": {
          "paragraph_scoreT_exp": [
            [
              1,
              2,
              2
            ],
            [
              2,
              2,
              2
            ],
            [
              2,
              2,
              2
            ]
          ]
        },
        "paragraph_scoreT_avg": 1.9333334,
        "paragraph_id": "001"
      }
    ],
    "essay_scoreT": [
      19.400002,
      21.5,
      23.099998
    ],
    "essay_scoreT_avg": 21.333334,
    "essay_scoreT_detail": {
      "essay_scoreT_org": [
        [
          3,
          0,
          1,
          3
        ],
        [
          2,
          0,
          2,
          3
        ],
        [
          2,
          0,
          2,
          3
        ]
      ],
      "essay_scoreT_cont": [
        [
          2,
          1,
          2,
          2
        ],
        [
          3,
          2,
          2,
          2
        ],
        [
          3,
          2,
          3,
          3
        ]
      ],
      "essay_scoreT_exp": [
        [
          1,
          2,
          2
        ],
        [
          2,
          2,
          2
        ],
        [
          2,
          2,
          2
        ]
      ]
    }
  },
  "student": {
    "date": "2021.12.25",
    "student_educated": true,
    "student_grade": "고등_1학년",
    "location": "054",
    "student_grade_group": "고등",
    "student_reading": 2
  },
  "rubric": {
    "essay_grade": "고등_1학년",
    "organization_weight": {
      "org_paragraph": 0,
      "org": 3,
      "org_essay": 6,
      "org_coherence": 3,
      "org_quantity": 1
    },
    "essay_type": "주장",
    "content_weight": {
      "con_clearance": 3,
      "con_novelty": 3,
      "con": 4,
      "con_prompt": 1,
      "con_description": 3
    },
    "essay_main_subject": "평가에 대한 본인의 의견",
    "expression_weight": {
      "exp_style": 4,
      "exp_grammar": 2,
      "exp_vocab": 4,
      "exp": 3
    }
  },
  "correction": [],
  "info": {
    "essay_id": "ESSAY_78536",
    "essay_prompt": " 평가는 일반적으로 평가대상의 장점과 가치를 결정하는 과정을 말합니다.\n\n 세상에는 무수히 많은 평가 방법들이 존재하고 그 주제도 다양합니다.\n\n 우리나라의 경우는 어떨까요? 중간, 기말시험이 있고 미술과 같은 기본기와 창의성을 평가하는 과목도 있습니다. 체육과 같은 신체적인 능력을 평가하는 과목도 있지요. 모두 적절한 기준이 있으며 매우 객관적인 기준이라고 말합니다.\n\n 하지만 여러분이 생각하기에 모든 학생을 동일한 평가지표에 맞추어 평가하는 것이 올바른 방식이라고 생각하나요?\n\n 사람마다 특성이 존재하듯 각각의 목표 또한 다르고 성과도 다를 수 있습니다. 특정 기준에 의존해 본인의 성과도를 평가하는 것이 바르다고 생각되나요?\n\n 현재의 평가 방식은 최고의 객관적인 평가 방식이라고 생각하신다면 그 이유를 작성해주세요. 아니라면 어떤 평가 기준이 추가되어야 하고 또한 어떤 생각으로 평가가 이루어졌으면 좋겠는지 서술해 주세요.",
    "essay_type": "주장",
    "essay_level": "2",
    "essay_len": 788,
    "essay_main_subject": "평가에 대한 본인의 의견"
  }
}