{
  "paragraph": [
    {
      "paragraph_txt": "'모든 인간은 평등하다' 이 말은 누구나 아는 진리입니다. #@문장구분#하지만 현실에서는 그렇지 못할 때가 많습니다. #@문장구분#그동안 우리가 사는 세상에는 겉모습과 피부색이 다르다는 이유로, 또 같은 종족이 아니라는 이유로 수없이 많은 차별이 존재해 왔습니다. #@문장구분#유엔은 이 같은 인종차별을 없애기 위해 1966년 매년 3월 21일을 '세계 인종차별 철폐의 날'로 정했습니다. #@문장구분#이날을 기념일로 정한 데는 이유가 있습니다.#@문장구분# 1960년 3월 21일, 남아프리카공화국의 샤프빌에서 인종차별에 반대하는 시민 69명이 경찰의 발포로 희생당한 사건이 있었기 때문입니다.#@문장구분# 남아프리카공화국에는 '아파르트헤이트'라는 인종차별 정책이 있었습니다.#@문장구분# 전 국민의 16%에 불과한 백인이 84%나 되는 흑인과 토착민을 아주 극단적으로 차별하는 정책이었죠. #@문장구분#백인이 아니면 직업이나 사는 곳을 마음대로 정할 수 없고, 토지도 가질 수도 없었습니다. #@문장구분#심지어 흑인은 백인과 같은 버스도 탈 수 없었으며, 백인과 결혼도 할 수 없고 선거에서도 차별을 받았습니다. #@문장구분#남아프리카공화국은 이런 비인간적인 정책으로 국제사회의 비난을 받아왔습니다. #@문장구분#그런데 1994년 5월 실시된 총선거에서 만델라가 대통령으로 당선되면서 아파르트헤이트는 마침내 폐지됐답니다. #@문장구분#오늘날 지구촌은 여러 민족이 서로 어우러져 사는 다문화 사회가 됐습니다.#@문장구분# 우리는 이런 역사를 잘 기억하고 교육하며 다시는 이런 실수를 저지르지 않도록 노력해야 합니다. #@문장구분#피부색이 사람의 우위를 결정하는 요소가 될수 없습니다. #@문장구분#모든 인간은 평등하며 우리는 서로 다름을 차별하지 않고 인정할 때 비로소 진정한 평화가 찾아올 수 있다는 것을 알고 있어야 하겠습니다. #@문장구분#그리고 세계 인종차별 철폐의 날을 기념하면서 '모든 인간은 평등하다'는 진리를 다시 한 번 가슴에 새겨서 내주위에 있는 다른 인종에게 상처를 주거나 불편한 시선을 보내진 않았는지 다시 하면 생각하고 고치는 계기를 마련하면 점차 인종차별이 해결될거라고 생각됩니다.#@문장구분#",
      "paragraph_len": 1296,
      "paragraph_id": "001"
    }
  ],
  "score": {
    "paragraph_score": [
      {
        "paragraph_scoreT": [
          3,
          3,
          3
        ],
        "paragraph_scoreT_detail": {
          "paragraph_scoreT_exp": [
            [
              3,
              3,
              3
            ],
            [
              3,
              3,
              3
            ],
            [
              3,
              3,
              3
            ]
          ]
        },
        "paragraph_scoreT_avg": 3,
        "paragraph_id": "001"
      }
    ],
    "essay_scoreT": [
      28.8,
      30,
      30
    ],
    "essay_scoreT_avg": 29.6,
    "essay_scoreT_detail": {
      "essay_scoreT_org": [
        [
          3,
          3,
          3,
          3
        ],
        [
          3,
          3,
          3,
          3
        ],
        [
          3,
          3,
          3,
          3
        ]
      ],
      "essay_scoreT_cont": [
        [
          3,
          2,
          3,
          3
        ],
        [
          3,
          3,
          3,
          3
        ],
        [
          3,
          3,
          3,
          3
        ]
      ],
      "essay_scoreT_exp": [
        [
          3,
          3,
          3
        ],
        [
          3,
          3,
          3
        ],
        [
          3,
          3,
          3
        ]
      ]
    }
  },
  "student": {
    "date": "2021.11.25",
    "student_educated": true,
    "student_grade": "고등_2학년",
    "location": "063",
    "student_grade_group": "고등",
    "student_reading": 2
  },
  "rubric": {
    "essay_grade": "고등_2학년",
    "organization_weight": {
      "org_paragraph": 3,
      "org": 3,
      "org_essay": 3,
      "org_coherence": 3,
      "org_quantity": 1
    },
    "essay_type": "주장",
    "content_weight": {
      "con_clearance": 3,
      "con_novelty": 3,
      "con": 4,
      "con_prompt": 1,
      "con_description": 3
    },
    "essay_main_subject": "인종차별에 대한 본인의 생각",
    "expression_weight": {
      "exp_style": 4,
      "exp_grammar": 2,
      "exp_vocab": 4,
      "exp": 3
    }
  },
  "correction": [],
  "info": {
    "essay_id": "ESSAY_53116",
    "essay_prompt": " 최근 중국발 코로나바이러스로 인해 동양인에 대한 혐오감을 나타내는 서양인들이 늘어나고 있습니다. 그로 인해, 매스컴이나 SNS에서 인종차별을 받아 힘들어하는 동양인들을 자주 목격할 수 있습니다.\n\n 하지만, 최근에만 인종차별이 존재했을까요? 아닙니다. 아주 오래전부터 다른 인종에 대한 차별은 있었습니다.\n\n 우리나라에서는 인종차별을 안 하고 있을까요? 아닙니다. 우리나라에서도 알게 모르게 많은 부분에서 다른 국가의 사람들에 대해 인종차별을 하고 있으며 누군가에게 상처를 주고 있습니다.\n\n 즉, 인종차별은 누군가의 문제가 아니라 우리 모두의 문제입니다.\n\n 여러분들은 인종차별을 당해보신 적 있나요? 인종차별을 하는 사람들에 대해 어떻게 생각하시나요? 왜 생겨났다고 생각하나요? 인종차별을 근절하기 위해서는 어떻게 해야 할까요? 인종차별을 하는 사람들에 대해 전 세계적으로 처벌의 강도를 높여야 할까요?\n\n 인종차별을 하는 사람들에 대한 본인의 생각을 작성하고 인종차별은 해결할 수 있는 문제일지 아니면 해결하지 어려운 문제일지 작성해주세요. 또한, 그렇게 생각한 이유와 본인이 생각한 해결방법 혹은 해결할 수 없다면 왜 해결할 수 없다고 생각하는지 작성해주세요.",
    "essay_type": "주장",
    "essay_level": "1",
    "essay_len": 956,
    "essay_main_subject": "인종차별에 대한 본인의 생각"
  }
}