{
  "paragraph": [
    {
      "paragraph_txt": "객관적 평가방식은 우리 부모님 세대 이전부터 계속해서 해오던 평가 방식입니다.#@문장구분# 주관적 평가방식으로는 오류가 매우 많이 발생하기도 하고 평가하는 평가자에 따라서 너무 큰 평가에서의 차이가 발생하기 때문에 우리는 객관적 평가방식을 꾸준히 해왔던게 아닐까 하고 생각해 봅니다.#@문장구분# 만약 사과를 사러 갔다고 생각을 해봅니다. #@문장구분#사과를 사러가서 향도 맡아보고 껍질이 매끄러운지, 색을 보고 잘익었는지 알수 있을 것이며 사과의 크기가 적당한지, 너무 작지는 않은지 사과꼭지가 빠지지 않고 잘 달려서 상품성이 존재하는 과일인지 모두 꼼꼼히 따져 봅니다.#@문장구분# 하지만 주관적 평가방식으로 평가를 한다면 좋은 사과라는 목표 하나로 두사람이 사과를 구입했을 때 서로 같은 타입의 사과를 구입하지 못할 것입니다.#@문장구분# 그들의 사과를 평가하는 기준이 자신이 생각하는 주관적 기준에 입각한 것이기 때문입니다.#@문장구분# 하지만 객관적 평가방식으로 사과색은 붉은 색이 3분의 2이상 포함되었는가?#@문장구분# 사과의 크기는 지름이 15Cm 정도 되는가?#@문장구분# 향은 새콤한 향이 풍기는가?#@문장구분# 사과의 꼭지는 붙어있는가?#@문장구분# 당도의 측정치인 브릭스의 수치가 20정도 나오는가? 등 객관적 기준을 제시하여 이기준에 합당한 사과가 맛있는 사과이니 사오시오. 라고 하였을 때 두사람은 거의 비슷한 수준의 맛과 크기와 색을 가진 사과를 구입해 올 것입니다.#@문장구분# 이렇듯 객관적 평가방식은 여러명이 평가하여도 같은 결과 혹은 비슷한 결과를 도출할수 있는 장점을 가지고 있습니다.#@문장구분# 평가는 그사람의 가치를 따지는 것인데 사실 평가라는 단어가 좋지는 않다고 봅니다.#@문장구분# 누군가의 성적, 성격등을 가르는건데, 물론 좋은 평가는 좋지만 좋은 평가만 존재하는건 아니고 평가로 인해 갈라지는것들이 많기 때문입니다.#@문장구분# 우리가 보는 수능. 수능도 한번의 시험으로 한사람 한사람의 대학을 갈려고 시험을 치리는거고 또 평가하는것이기도 하기 때문입니다.#@문장구분# 평가를 할 때 좋지 못한 가족환경이나 부적절한 생활로 그사람을 낮게 쳐다보거나 하대하는경우들도 많고 돈 많고 부유하면 그사람을 높게쳐다보기 때문인데 왜 사람을 경제적, 돈 그런걸로 평가하나요?#@문장구분# 물론 다 그렇게 평가하진 않겠지만요.#@문장구분# 모든 학생을 동일한 평가한다는 것이 올바르냐 올바르지않냐 에서는 저는 올바르지 않다고 생각합니다.#@문장구분#",
      "paragraph_len": 1457,
      "paragraph_id": "001"
    }
  ],
  "score": {
    "paragraph_score": [
      {
        "paragraph_scoreT": [
          2,
          2.8,
          2.8
        ],
        "paragraph_scoreT_detail": {
          "paragraph_scoreT_exp": [
            [
              2,
              2,
              2
            ],
            [
              2,
              3,
              3
            ],
            [
              2,
              3,
              3
            ]
          ]
        },
        "paragraph_scoreT_avg": 2.5333335,
        "paragraph_id": "001"
      }
    ],
    "essay_scoreT": [
      20.699999,
      27.3,
      25.4
    ],
    "essay_scoreT_avg": 24.466667,
    "essay_scoreT_detail": {
      "essay_scoreT_org": [
        [
          2,
          0,
          2,
          3
        ],
        [
          3,
          0,
          2,
          3
        ],
        [
          3,
          0,
          3,
          3
        ]
      ],
      "essay_scoreT_cont": [
        [
          2,
          2,
          3,
          2
        ],
        [
          3,
          2,
          3,
          3
        ],
        [
          2,
          2,
          2,
          2
        ]
      ],
      "essay_scoreT_exp": [
        [
          2,
          2,
          2
        ],
        [
          2,
          3,
          3
        ],
        [
          2,
          3,
          3
        ]
      ]
    }
  },
  "student": {
    "date": "2021.12.29",
    "student_educated": true,
    "student_grade": "고등_1학년",
    "location": "063",
    "student_grade_group": "고등",
    "student_reading": 2
  },
  "rubric": {
    "essay_grade": "고등_1학년",
    "organization_weight": {
      "org_paragraph": 0,
      "org": 3,
      "org_essay": 6,
      "org_coherence": 3,
      "org_quantity": 1
    },
    "essay_type": "주장",
    "content_weight": {
      "con_clearance": 3,
      "con_novelty": 3,
      "con": 4,
      "con_prompt": 1,
      "con_description": 3
    },
    "essay_main_subject": "평가에 대한 본인의 의견",
    "expression_weight": {
      "exp_style": 4,
      "exp_grammar": 2,
      "exp_vocab": 4,
      "exp": 3
    }
  },
  "correction": [],
  "info": {
    "essay_id": "ESSAY_84120",
    "essay_prompt": " 평가는 일반적으로 평가대상의 장점과 가치를 결정하는 과정을 말합니다.\n\n 세상에는 무수히 많은 평가 방법들이 존재하고 그 주제도 다양합니다.\n\n 우리나라의 경우는 어떨까요? 중간, 기말시험이 있고 미술과 같은 기본기와 창의성을 평가하는 과목도 있습니다. 체육과 같은 신체적인 능력을 평가하는 과목도 있지요. 모두 적절한 기준이 있으며 매우 객관적인 기준이라고 말합니다.\n\n 하지만 여러분이 생각하기에 모든 학생을 동일한 평가지표에 맞추어 평가하는 것이 올바른 방식이라고 생각하나요?\n\n 사람마다 특성이 존재하듯 각각의 목표 또한 다르고 성과도 다를 수 있습니다. 특정 기준에 의존해 본인의 성과도를 평가하는 것이 바르다고 생각되나요?\n\n 현재의 평가 방식은 최고의 객관적인 평가 방식이라고 생각하신다면 그 이유를 작성해주세요. 아니라면 어떤 평가 기준이 추가되어야 하고 또한 어떤 생각으로 평가가 이루어졌으면 좋겠는지 서술해 주세요.",
    "essay_type": "주장",
    "essay_level": "2",
    "essay_len": 1098,
    "essay_main_subject": "평가에 대한 본인의 의견"
  }
}