{
  "paragraph": [
    {
      "paragraph_txt": "성인이든 어린이든 모국어든 외국어든 언어를 배우면서 오류를 생산하는 것은 습득 과정에 있어 필연적이며 당연한 현상이다.#@문장구분# 특히 교육적인관점에서 보았을 때 오류는 일종의 수정 대상이다.#@문장구분# 교사는 다양한 기별 수업을 하면서 특히 말하기나 쓰기와 같은 표현 관련 교수 활동을 통해 언어 학습자들이 만들어 낸 오류들과 필연적으로 평가를하게 된다.#@문장구분# 상당히 오랜 기간 동안 이러한 평가를하며 나오는 오류들은 단순히 고쳐져야 할 것으로여겨져 왔지만 교육심리학적 측면에서 학습자 중심의 구성주의 이론이또 응용언어학 및 언어 습득론적 측면에서 중간 언어의 이론 등이 활발하게 전개되면서 잘못된 것이라는 의미보다는 중간언어가 드러난 것이라든지 학습자가 구성한 목표어에 대한 지식이 오류라는 형태로 발현된 것으로 보는 견해가 우세하다.#@문장구분# 이러한 관점 하에서 실수가 아닌 이상과잉일반화든 생략이든 첨가든 자신이 알고 있는 언어 규칙에 비추어 인지적으로 언어를 처리하고 표현하는 과정이므로 과도한 교정보다는 지속적으로 형태를 발견하고 개별 지평가의 출발은 전문가와 비전문가 집단의 오류 인식의 차이가 있는가에 대한 호기심에서 출발했다.#@문장구분# 오류 평가 연구의 효시격인의 연구는 언어 교사들 즉 전문가들이 오류를 수정해 놓은 문장에 대해 일반인들이 얼마나 이해하고 있는가에 대한 연구였다.#@문장구분# 그 결과 일반인 모어 화자들은 학습자들의 오류를 고쳐 놓은 문장들에 대해 국지적인 오류수정 에 대해서는 전문가들이 고쳐 놓은 이유나 상황 에 대해 잘 이해하지 못했고 포괄적 오류 수정에 대해서는 비교적 잘 이해했다는 결과를 도출했다.#@문장구분# 즉 일반인들이 보기엔교사의 오류 수정 작업이 이해되기 어려운 점도 있음을 보인 것이다.#@문장구분# 식을 통합적으로 이어 나가는 것에 더욱 관심을 기울이고 있는 것이 최근의 연구 방향이라 할 수 있다.#@문장구분# 오류 평가의 연구는 연구 주제와 연구 대상을 세분화하면서 발전하기 시작한다.#@문장구분#",
      "paragraph_len": 1125,
      "paragraph_id": "001"
    }
  ],
  "score": {
    "paragraph_score": [
      {
        "paragraph_scoreT": [
          2,
          2,
          2
        ],
        "paragraph_scoreT_detail": {
          "paragraph_scoreT_exp": [
            [
              2,
              2,
              2
            ],
            [
              2,
              2,
              2
            ],
            [
              2,
              2,
              2
            ]
          ]
        },
        "paragraph_scoreT_avg": 2,
        "paragraph_id": "001"
      }
    ],
    "essay_scoreT": [
      21.9,
      23.9,
      24.900002
    ],
    "essay_scoreT_avg": 23.566666,
    "essay_scoreT_detail": {
      "essay_scoreT_org": [
        [
          2,
          0,
          2,
          3
        ],
        [
          2,
          0,
          2,
          3
        ],
        [
          3,
          0,
          2,
          3
        ]
      ],
      "essay_scoreT_cont": [
        [
          3,
          2,
          3,
          2
        ],
        [
          3,
          3,
          2,
          3
        ],
        [
          3,
          2,
          3,
          3
        ]
      ],
      "essay_scoreT_exp": [
        [
          2,
          2,
          2
        ],
        [
          2,
          2,
          2
        ],
        [
          2,
          2,
          2
        ]
      ]
    }
  },
  "student": {
    "date": "2021.12.21",
    "student_educated": true,
    "student_grade": "고등_1학년",
    "location": "063",
    "student_grade_group": "고등",
    "student_reading": 2
  },
  "rubric": {
    "essay_grade": "고등_1학년",
    "organization_weight": {
      "org_paragraph": 0,
      "org": 3,
      "org_essay": 6,
      "org_coherence": 3,
      "org_quantity": 1
    },
    "essay_type": "주장",
    "content_weight": {
      "con_clearance": 3,
      "con_novelty": 3,
      "con": 4,
      "con_prompt": 1,
      "con_description": 3
    },
    "essay_main_subject": "평가에 대한 본인의 의견",
    "expression_weight": {
      "exp_style": 4,
      "exp_grammar": 2,
      "exp_vocab": 4,
      "exp": 3
    }
  },
  "correction": [],
  "info": {
    "essay_id": "ESSAY_76460",
    "essay_prompt": " 평가는 일반적으로 평가대상의 장점과 가치를 결정하는 과정을 말합니다.\n\n 세상에는 무수히 많은 평가 방법들이 존재하고 그 주제도 다양합니다.\n\n 우리나라의 경우는 어떨까요? 중간, 기말시험이 있고 미술과 같은 기본기와 창의성을 평가하는 과목도 있습니다. 체육과 같은 신체적인 능력을 평가하는 과목도 있지요. 모두 적절한 기준이 있으며 매우 객관적인 기준이라고 말합니다.\n\n 하지만 여러분이 생각하기에 모든 학생을 동일한 평가지표에 맞추어 평가하는 것이 올바른 방식이라고 생각하나요?\n\n 사람마다 특성이 존재하듯 각각의 목표 또한 다르고 성과도 다를 수 있습니다. 특정 기준에 의존해 본인의 성과도를 평가하는 것이 바르다고 생각되나요?\n\n 현재의 평가 방식은 최고의 객관적인 평가 방식이라고 생각하신다면 그 이유를 작성해주세요. 아니라면 어떤 평가 기준이 추가되어야 하고 또한 어떤 생각으로 평가가 이루어졌으면 좋겠는지 서술해 주세요.",
    "essay_type": "주장",
    "essay_level": "2",
    "essay_len": 925,
    "essay_main_subject": "평가에 대한 본인의 의견"
  }
}