{
  "paragraph": [
    {
      "paragraph_txt": "학생 참여형 수업이나 평가를 하려면 별도의 시간을 내야 하는게 현실이다.#@문장구분# 학생이 주도하는 참여형 수업이 이뤄지고 여기에 맞는 수행평가 방식의 평가가 필요하다. #@문장구분#그러려면 교사의 전문성이 담보가 되야하고 교사 평가권에 대한 인정이 필요하다.#@문장구분# 이런것들이 담보가 안된 상태에서 수행평가만 한다는건 어려운 이야기다.#@문장구분# 그리고 교사별 평가 개념이 도입이 되고 실시가 되려면 교사들도 훈련이 돼있어야 한다고 생각한다.#@문장구분# 이 입장에서는 의사결정에 필요하다면 교육의 성과뿐만 아니라 정책, 제도, 시설, 재정 등과 같이 교육에 투입되고 운영되는 투입과 과정에 관한 정보도 수집하여 활용할 것을 강조한다.#@문장구분# 가치판단 중심 정의는 교육평가를 교육과 관련된 어떤 대상의 장점, 질, 가치 등을 판단하는 과정과 그 산물로 규정한다.#@문장구분# 이 입장에서는 교육평가의 과정을 우선평가 기준을 설정하고 관련 정보를 수집한 뒤에 평가기준을 적용하여 대상의 가치나 유용성, 효과, 중요성 등을 판단하는 것으로 생각한다.#@문장구분# 평가제도 자체가 아니라 수업 패러다임 자체가 바뀌어야 한다는 결론이 난다.#@문장구분# 하지만 현재의 교과서 검정체제에서는 성취기준이 복잡하다.#@문장구분#교사들은 복잡한 성취기준에 맞춰 진도를 빼야한다. #@문장구분#올바른 성과주의 문화를 정착시키기 위해서는 공정하고 객관적인 평가 시스템의 구축이 반드시 필요하다.#@문장구분#평가에 대해 갖고 있는 오해를 불식시키고 바른 해결점을 찾아가는 과정이 뒷받침 되어야 좋은 평가 시스템이 얻어질수 있는 것 같다.#@문장구분# 구성원들에게 이를 충분하게 납득시킬 객관적 평가 근거를 제시하는 것은 쉽지않다.#@문장구분# 더욱이 보상,채용,교육,훈련등 다른 프로세스와의 밀접한 상호 관련성을 고려하여 평가 제도를 설계해야 한다는 점도 평가자에 있어서는 큰 부담이다.#@문장구분#",
      "paragraph_len": 1144,
      "paragraph_id": "001"
    }
  ],
  "score": {
    "paragraph_score": [
      {
        "paragraph_scoreT": [
          2,
          2.4,
          2.8
        ],
        "paragraph_scoreT_detail": {
          "paragraph_scoreT_exp": [
            [
              2,
              2,
              2
            ],
            [
              2,
              3,
              2
            ],
            [
              2,
              3,
              3
            ]
          ]
        },
        "paragraph_scoreT_avg": 2.3999999,
        "paragraph_id": "001"
      }
    ],
    "essay_scoreT": [
      20.699999,
      24.3,
      23.8
    ],
    "essay_scoreT_avg": 22.933334,
    "essay_scoreT_detail": {
      "essay_scoreT_org": [
        [
          2,
          0,
          2,
          3
        ],
        [
          2,
          0,
          2,
          3
        ],
        [
          3,
          0,
          3,
          3
        ]
      ],
      "essay_scoreT_cont": [
        [
          2,
          2,
          3,
          2
        ],
        [
          3,
          2,
          3,
          3
        ],
        [
          1,
          2,
          1,
          2
        ]
      ],
      "essay_scoreT_exp": [
        [
          2,
          2,
          2
        ],
        [
          2,
          3,
          2
        ],
        [
          2,
          3,
          3
        ]
      ]
    }
  },
  "student": {
    "date": "2021.12.29",
    "student_educated": true,
    "student_grade": "고등_1학년",
    "location": "063",
    "student_grade_group": "고등",
    "student_reading": 2
  },
  "rubric": {
    "essay_grade": "고등_1학년",
    "organization_weight": {
      "org_paragraph": 0,
      "org": 3,
      "org_essay": 6,
      "org_coherence": 3,
      "org_quantity": 1
    },
    "essay_type": "주장",
    "content_weight": {
      "con_clearance": 3,
      "con_novelty": 3,
      "con": 4,
      "con_prompt": 1,
      "con_description": 3
    },
    "essay_main_subject": "평가에 대한 본인의 의견",
    "expression_weight": {
      "exp_style": 4,
      "exp_grammar": 2,
      "exp_vocab": 4,
      "exp": 3
    }
  },
  "correction": [],
  "info": {
    "essay_id": "ESSAY_84198",
    "essay_prompt": " 평가는 일반적으로 평가대상의 장점과 가치를 결정하는 과정을 말합니다.\n\n 세상에는 무수히 많은 평가 방법들이 존재하고 그 주제도 다양합니다.\n\n 우리나라의 경우는 어떨까요? 중간, 기말시험이 있고 미술과 같은 기본기와 창의성을 평가하는 과목도 있습니다. 체육과 같은 신체적인 능력을 평가하는 과목도 있지요. 모두 적절한 기준이 있으며 매우 객관적인 기준이라고 말합니다.\n\n 하지만 여러분이 생각하기에 모든 학생을 동일한 평가지표에 맞추어 평가하는 것이 올바른 방식이라고 생각하나요?\n\n 사람마다 특성이 존재하듯 각각의 목표 또한 다르고 성과도 다를 수 있습니다. 특정 기준에 의존해 본인의 성과도를 평가하는 것이 바르다고 생각되나요?\n\n 현재의 평가 방식은 최고의 객관적인 평가 방식이라고 생각하신다면 그 이유를 작성해주세요. 아니라면 어떤 평가 기준이 추가되어야 하고 또한 어떤 생각으로 평가가 이루어졌으면 좋겠는지 서술해 주세요.",
    "essay_type": "주장",
    "essay_level": "2",
    "essay_len": 847,
    "essay_main_subject": "평가에 대한 본인의 의견"
  }
}