{
  "paragraph": [
    {
      "paragraph_txt": "대학입시와 가장 연관성 있는 고등학교나 수능 시험에서의 부정행위는 정의를 해치는 가장 큰 이유 중 하나이다.#@문장구분# 나라에서도 부정행위를 막기 위해 제도를 만들지만 아직도 우리가 모르는 곳에서 유리한 인맥을 가지고 이득을 취하는 학생들이 많을 것이다. #@문장구분#이런 것들을 없애고 오로지 학생 그자체로만 평가하는 것에서부터 정의가 실현된다고 생각한다.#@문장구분# 정의가 실현되기 위해서는 나라가 부정행위나 차별을 막아야 하며 학생들도 자신 스스로의 능력을 스스로 입증 할 수 있는 학생이 되어야 한다.#@문장구분# 그 때가 되면 비로소 정의가 실현되는 순간일 것이다.#@문장구분# 지금까지의 이야기가 너무 낙관적인 이야기일 수 있으나 원래 정의가 실현되기는 쉬운 일이 아니기 때문에 모두가 노력해야 하는 한다.#@문장구분#는 지표를 가지고 평가를 하는 것도 어느 정도 오차는 있을 것이다.#@문장구분# 신체적인 활동을 하는 체육같은 경우에도 평균치가 있겠지만 초단위나 미터에서도 미세한 부분을 가지고 객관적인 평가를 하기에는 오류가 있지 않을까?#@문장구분# 이런 평균치에 객관적인 평가를 하기에는 일정부분 정확성을 뒷받침 할수 있는 일반화된 확실성이 보장되는 자료가 있어야 할 것이다. #@문장구분#단시간이 아닌 장시간으로 준비하고는 했습니다.#@문장구분# 앞으로 탐구형 발표 평가나 서술형 유형들의 평가가 더 많아졌으면 좋겠습니다.#@문장구분# 저는 평가 기준을 바꾸는 것도 좋지만 탐구형 발표 평가를 하거나 서술형 같은 것들을 하면 더 좋을 것 같다고 확신합니다. #@문장구분#자신의 의견을 담은 글이나 자신의 방식으로 풀어온 걸 설명해 줄 서술형이 크게 없다는 뜻이기도 합니다.#@문장구분# 논술은 사람의 생각을 더 풍부하게 만들어준다고 느낍니다.#@문장구분# 단시간 만에는 안 되겠지만 결국 우리가 보는 기말고사나 중간고사 등등 시험들도 변화가 있을것같다.#@문장구분#",
      "paragraph_len": 1140,
      "paragraph_id": "001"
    }
  ],
  "score": {
    "paragraph_score": [
      {
        "paragraph_scoreT": [
          3,
          3,
          2.2
        ],
        "paragraph_scoreT_detail": {
          "paragraph_scoreT_exp": [
            [
              3,
              3,
              3
            ],
            [
              3,
              3,
              3
            ],
            [
              3,
              2,
              2
            ]
          ]
        },
        "paragraph_scoreT_avg": 2.7333333,
        "paragraph_id": "001"
      }
    ],
    "essay_scoreT": [
      30,
      26.7,
      23.900002
    ],
    "essay_scoreT_avg": 26.866669,
    "essay_scoreT_detail": {
      "essay_scoreT_org": [
        [
          3,
          0,
          3,
          3
        ],
        [
          2,
          0,
          3,
          2
        ],
        [
          3,
          0,
          2,
          3
        ]
      ],
      "essay_scoreT_cont": [
        [
          3,
          3,
          3,
          3
        ],
        [
          3,
          3,
          3,
          2
        ],
        [
          2,
          2,
          2,
          3
        ]
      ],
      "essay_scoreT_exp": [
        [
          3,
          3,
          3
        ],
        [
          3,
          3,
          3
        ],
        [
          3,
          2,
          2
        ]
      ]
    }
  },
  "student": {
    "date": "2021.12.15",
    "student_educated": true,
    "student_grade": "고등_1학년",
    "location": "063",
    "student_grade_group": "고등",
    "student_reading": 2
  },
  "rubric": {
    "essay_grade": "고등_1학년",
    "organization_weight": {
      "org_paragraph": 0,
      "org": 3,
      "org_essay": 6,
      "org_coherence": 3,
      "org_quantity": 1
    },
    "essay_type": "주장",
    "content_weight": {
      "con_clearance": 3,
      "con_novelty": 3,
      "con": 4,
      "con_prompt": 1,
      "con_description": 3
    },
    "essay_main_subject": "평가에 대한 본인의 의견",
    "expression_weight": {
      "exp_style": 4,
      "exp_grammar": 2,
      "exp_vocab": 4,
      "exp": 3
    }
  },
  "correction": [],
  "info": {
    "essay_id": "ESSAY_62839",
    "essay_prompt": " 평가는 일반적으로 평가대상의 장점과 가치를 결정하는 과정을 말합니다.\n\n 세상에는 무수히 많은 평가 방법들이 존재하고 그 주제도 다양합니다.\n\n 우리나라의 경우는 어떨까요? 중간, 기말시험이 있고 미술과 같은 기본기와 창의성을 평가하는 과목도 있습니다. 체육과 같은 신체적인 능력을 평가하는 과목도 있지요. 모두 적절한 기준이 있으며 매우 객관적인 기준이라고 말합니다.\n\n 하지만 여러분이 생각하기에 모든 학생을 동일한 평가지표에 맞추어 평가하는 것이 올바른 방식이라고 생각하나요?\n\n 사람마다 특성이 존재하듯 각각의 목표 또한 다르고 성과도 다를 수 있습니다. 특정 기준에 의존해 본인의 성과도를 평가하는 것이 바르다고 생각되나요?\n\n 현재의 평가 방식은 최고의 객관적인 평가 방식이라고 생각하신다면 그 이유를 작성해주세요. 아니라면 어떤 평가 기준이 추가되어야 하고 또한 어떤 생각으로 평가가 이루어졌으면 좋겠는지 서술해 주세요.",
    "essay_type": "주장",
    "essay_level": "2",
    "essay_len": 840,
    "essay_main_subject": "평가에 대한 본인의 의견"
  }
}