{
  "paragraph": [
    {
      "paragraph_txt": "평소 이러한 문제점이 다양한 매체에서 거론되는 만큼 얼마나 문제가 되는지 심각성을 잘 알고 있다. #@문장구분#오리엔탈리즘에서 서양의 관점으로 동양을 인식하는 말이 있는데, 이러한 내용이 바로 그 내용이 아닌가 싶다.#@문장구분# 러디어드 키플링의 부정적 오리엔탈리즘을 바탕으로 한 관점에서도 인종차별이 많이 거론된다. #@문장구분#동양인의 관점에서 바라볼 때 이러한 서양이 동양을 a로 인식하는 오리엔탈리즘이 존재하면서도 동양인을 그렇게 거론하는 것은 비도덕적이라고 생각한다. #@문장구분#미국뿐만 아니라 유럽에서도 동양인들을 미개하다고 여기며 식민지 취급한 것에서는 큰 문제가 있다고 생각한다. #@문장구분#우리는 미국의 역사를 들여다보면 흑인 인권 운동을 주도한 마틴 루서 킹을 보고 느낀 점이 많다. #@문장구분#흑인을 차별하고 도구화하는 모습을 보면서 미국은 다인종이 살만한 나라인지부터 궁금증을 느꼈다.#@문장구분# 이러한 부분에서 법령을 강화하고 이러한 모순이 계속 일어나는 부분은 과연 미국이 우리를 그렇게 혐오하고 차별하는 것이 옳은 도리인지 묻고 싶다.#@문장구분# 우리는 다문화 사회에서 서로에게 도움을 주면서 살아가는 시대에 말 그대로 강대국에서 저런 모순을 보여주는 것은 오히려 큰 전쟁을 발발할 수 있는 상황에 놓인 것이다.#@문장구분# 나는 문화 상대주의 관점으로 어느 문화를 차별화하지 않으며 오히려 미국의 자원봉사 문화에 매료된 사람으로서, 미국의 인종차별적 범죄는 나를 포함한 동양인의 차별로 조금 반감을 느꼈다. #@문장구분#내가 생각하기에는 동양에서 일어나는 다양한 문제보다 미국에서 일어나는 일이 더 많은 것 같다고 느낀다. #@문장구분#동양인의 문화를 인정받으며, 다양한 영화가 제작되면서 전 세계에서 인정 받았다고 생각했지만 여전히 이러한 인종차별적 문제는 동양인을 비난해서는 안된다고 생각한다.#@문장구분#",
      "paragraph_len": 1079,
      "paragraph_id": "001"
    }
  ],
  "score": {
    "paragraph_score": [
      {
        "paragraph_scoreT": [
          3,
          3,
          2.4
        ],
        "paragraph_scoreT_detail": {
          "paragraph_scoreT_exp": [
            [
              3,
              3,
              3
            ],
            [
              3,
              3,
              3
            ],
            [
              2,
              3,
              2
            ]
          ]
        },
        "paragraph_scoreT_avg": 2.8,
        "paragraph_id": "001"
      }
    ],
    "essay_scoreT": [
      30,
      30,
      27.800001
    ],
    "essay_scoreT_avg": 29.266668,
    "essay_scoreT_detail": {
      "essay_scoreT_org": [
        [
          3,
          3,
          3,
          3
        ],
        [
          3,
          3,
          3,
          3
        ],
        [
          3,
          3,
          3,
          3
        ]
      ],
      "essay_scoreT_cont": [
        [
          3,
          3,
          3,
          3
        ],
        [
          3,
          3,
          3,
          3
        ],
        [
          3,
          3,
          2,
          3
        ]
      ],
      "essay_scoreT_exp": [
        [
          3,
          3,
          3
        ],
        [
          3,
          3,
          3
        ],
        [
          2,
          3,
          2
        ]
      ]
    }
  },
  "student": {
    "date": "2021.09.02",
    "student_educated": true,
    "student_grade": "고등_2학년",
    "location": "051",
    "student_grade_group": "고등",
    "student_reading": 1
  },
  "rubric": {
    "essay_grade": "고등_2학년",
    "organization_weight": {
      "org_paragraph": 3,
      "org": 3,
      "org_essay": 3,
      "org_coherence": 3,
      "org_quantity": 1
    },
    "essay_type": "주장",
    "content_weight": {
      "con_clearance": 3,
      "con_novelty": 3,
      "con": 4,
      "con_prompt": 1,
      "con_description": 3
    },
    "essay_main_subject": "인종차별에 대한 본인의 생각",
    "expression_weight": {
      "exp_style": 4,
      "exp_grammar": 2,
      "exp_vocab": 4,
      "exp": 3
    }
  },
  "correction": [],
  "info": {
    "essay_id": "ESSAY_35720",
    "essay_prompt": " 최근 중국발 코로나바이러스로 인해 동양인에 대한 혐오감을 나타내는 서양인들이 늘어나고 있습니다. 그로 인해, 매스컴이나 SNS에서 인종차별을 받아 힘들어하는 동양인들을 자주 목격할 수 있습니다.\n\n 하지만, 최근에만 인종차별이 존재했을까요? 아닙니다. 아주 오래전부터 다른 인종에 대한 차별은 있었습니다.\n\n 우리나라에서는 인종차별을 안 하고 있을까요? 아닙니다. 우리나라에서도 알게 모르게 많은 부분에서 다른 국가의 사람들에 대해 인종차별을 하고 있으며 누군가에게 상처를 주고 있습니다.\n\n 즉, 인종차별은 누군가의 문제가 아니라 우리 모두의 문제입니다.\n\n 여러분들은 인종차별을 당해보신 적 있나요? 인종차별을 하는 사람들에 대해 어떻게 생각하시나요? 왜 생겨났다고 생각하나요? 인종차별을 근절하기 위해서는 어떻게 해야 할까요? 인종차별을 하는 사람들에 대해 전 세계적으로 처벌의 강도를 높여야 할까요?\n\n 인종차별을 하는 사람들에 대한 본인의 생각을 작성하고 인종차별은 해결할 수 있는 문제일지 아니면 해결하지 어려운 문제일지 작성해주세요. 또한, 그렇게 생각한 이유와 본인이 생각한 해결방법 혹은 해결할 수 없다면 왜 해결할 수 없다고 생각하는지 작성해주세요.",
    "essay_type": "주장",
    "essay_level": "1",
    "essay_len": 839,
    "essay_main_subject": "인종차별에 대한 본인의 생각"
  }
}