{
  "paragraph": [
    {
      "paragraph_txt": "학생에게 있어 평가는 꼭 있어야 한다.#@문장구분# 하지만 현 시스템에선 바뀔 필요가 있다고 생각한다.#@문장구분# 평가는 살면서 그리고 발전하기 위해서는 꼭 필요한 요소이다.#@문장구분# 개인한테는 평가로 인해서 스트레스와 긴장 등 여러 가지 안좋은 점도 있지만, 평가로 인해서 자신의 부족한 점과 동기를 불어넣어 줄수도 있는 존재이기 때문이다.#@문장구분# 그리고 집단에서는 평가를 시행함으로써 회사에서 바라는 인재나 필요한 사람을 알맞게 쓸 수 있게 해주는 가장 편리한 장치이기 때문이다.#@문장구분# 하지만 외워서 하는 시험도 필요하고 있어야 겠지만 평가는 좀더 거부감이 없고 자신의 실력을 더 잘 뽐 낼 수 있는 것으로 바뀌어야 한다고 생각한다.#@문장구분# 우리나라는 주 교육 방식이 외우는 것을 요구하고 이게 답이다 라고만 말하는 주입식 교육이 대부분이다.#@문장구분# 그래서 시험도 주관식이 대부분이고 서술형등도 외워서 답을 쓰는 평가가 주를 이룬다.#@문장구분# 이러한 평가 때문에 사람들은 대부분 외우는 공부방식만 사용하고 답이 정해져 있는 공부만 하다보니 자신의 생각들은 잘 말하지 못하게된다.#@문장구분# 그래서 창의력이 떨어지게 된다.#@문장구분# 예전과 비교해선 문제 답 문제 답 등의 시험은 적어졌다고는 하나 평가를 할수 있는 방법은 많다.#@문장구분# 그래서 나는 평가는 있어야 한다고 생각하지만 이제 문제, 답 같이 딱 정해져 있고 무작정 외워서 하는 시험 평가는 사라져야 된다고 생각한다.#@문장구분# 사람들은 지금의 평가 방식이 개성과 특성을 무시한 방법이라고 비난한다.#@문장구분# 하지만 특이한 개성을 가진 몇몇 사람들을 고려하기 위해 보통의 개성을 가진 사람들을 희생하기에는 너무 큰 기회비용이 든다고 생각한다.#@문장구분# 요즘같이 개성이 중요히 되는 사회에서 언제까지 일관된 평가를 고집할 수는 없다고 생각한다.#@문장구분#",
      "paragraph_len": 1128,
      "paragraph_id": "001"
    }
  ],
  "score": {
    "paragraph_score": [
      {
        "paragraph_scoreT": [
          2,
          2.8,
          2.8
        ],
        "paragraph_scoreT_detail": {
          "paragraph_scoreT_exp": [
            [
              2,
              2,
              2
            ],
            [
              2,
              3,
              3
            ],
            [
              2,
              3,
              3
            ]
          ]
        },
        "paragraph_scoreT_avg": 2.5333335,
        "paragraph_id": "001"
      }
    ],
    "essay_scoreT": [
      20.699999,
      27.3,
      27
    ],
    "essay_scoreT_avg": 25,
    "essay_scoreT_detail": {
      "essay_scoreT_org": [
        [
          2,
          0,
          2,
          3
        ],
        [
          3,
          0,
          2,
          3
        ],
        [
          3,
          0,
          3,
          3
        ]
      ],
      "essay_scoreT_cont": [
        [
          2,
          2,
          3,
          2
        ],
        [
          3,
          2,
          3,
          3
        ],
        [
          3,
          2,
          3,
          2
        ]
      ],
      "essay_scoreT_exp": [
        [
          2,
          2,
          2
        ],
        [
          2,
          3,
          3
        ],
        [
          2,
          3,
          3
        ]
      ]
    }
  },
  "student": {
    "date": "2021.12.29",
    "student_educated": true,
    "student_grade": "고등_1학년",
    "location": "063",
    "student_grade_group": "고등",
    "student_reading": 2
  },
  "rubric": {
    "essay_grade": "고등_1학년",
    "organization_weight": {
      "org_paragraph": 0,
      "org": 3,
      "org_essay": 6,
      "org_coherence": 3,
      "org_quantity": 1
    },
    "essay_type": "주장",
    "content_weight": {
      "con_clearance": 3,
      "con_novelty": 3,
      "con": 4,
      "con_prompt": 1,
      "con_description": 3
    },
    "essay_main_subject": "평가에 대한 본인의 의견",
    "expression_weight": {
      "exp_style": 4,
      "exp_grammar": 2,
      "exp_vocab": 4,
      "exp": 3
    }
  },
  "correction": [],
  "info": {
    "essay_id": "ESSAY_83961",
    "essay_prompt": " 평가는 일반적으로 평가대상의 장점과 가치를 결정하는 과정을 말합니다.\n\n 세상에는 무수히 많은 평가 방법들이 존재하고 그 주제도 다양합니다.\n\n 우리나라의 경우는 어떨까요? 중간, 기말시험이 있고 미술과 같은 기본기와 창의성을 평가하는 과목도 있습니다. 체육과 같은 신체적인 능력을 평가하는 과목도 있지요. 모두 적절한 기준이 있으며 매우 객관적인 기준이라고 말합니다.\n\n 하지만 여러분이 생각하기에 모든 학생을 동일한 평가지표에 맞추어 평가하는 것이 올바른 방식이라고 생각하나요?\n\n 사람마다 특성이 존재하듯 각각의 목표 또한 다르고 성과도 다를 수 있습니다. 특정 기준에 의존해 본인의 성과도를 평가하는 것이 바르다고 생각되나요?\n\n 현재의 평가 방식은 최고의 객관적인 평가 방식이라고 생각하신다면 그 이유를 작성해주세요. 아니라면 어떤 평가 기준이 추가되어야 하고 또한 어떤 생각으로 평가가 이루어졌으면 좋겠는지 서술해 주세요.",
    "essay_type": "주장",
    "essay_level": "2",
    "essay_len": 828,
    "essay_main_subject": "평가에 대한 본인의 의견"
  }
}