{
  "paragraph": [
    {
      "paragraph_txt": "나는 지금과 같은 코로나 상황 속에서의 지적재산권에 대한 보장을 반대한다.#@문장구분# 코로나로 인해 많은 사람들이 고통을 받고 일상생활이 불가능할 정도로 코로나에 대한 통제가 이루어지고 있는데 이것을 이용해 백신을 개발하고 돈을 버는 행위는 잘못된 것이라고 생각한다.#@문장구분# 물론 발명품을 개발하였을 때 주는 특허권 같은 것은 보장해 주어야 한다고 생각한다.#@문장구분# 왜냐하면 특허권을 보장하지 않으면 어떤 한 사람이 힘들게 발명한 발명품을 다른 사람이 채가 그 공로를 인정받고 돈을 벌어들일 수 있기 때문에 이러한 발명품에 대해서는 특허권을 인정해주어야 한다고 생각한다.#@문장구분# 그렇지만 코로나 상황에서 백신과 같은 지적재산권은 보장하지 말아야 한다고 생각한다.#@문장구분# 지금 백신을 생산하는 화이자나 모더나 같은 회사가 고맙지만 좀 더 백신을 싸게 공급해주었으면 좋겠다.#@문장구분# 왜냐하면 지금 백신의 가격이 너무 비싸 아프리가와 같은 후진국들은 구매를 꺼려해 코로나 확진자 수가 늘고있기 때문이다.#@문장구분# 게다가 코로나 확진자 수만 느는 것이 아니라 변이 바이러스까지 생기고 있다.#@문장구분# 변이 바이러스의 문제가 기존에 개발한 백신으로 치료가 안된다는 것이다.#@문장구분# 게다가 전파율이 기존의 코로나 바이러스보다 500배 높아 더 많은 사람들이 코로나 바이러스에 걸리기 쉬어진다는 것이다.#@문장구분# 나는 이것을 막기위해 백신을 개발하는 회사들이 무료로 코로나 백신을 만드는 방법을 공개해 더 많은 제약사들이 코로나 백신을 만들어 최대한 많이 많은 나라에 공급해 빠르게 코로나 바이러스의 확산을 막는 것이 좋을 것 같다.#@문장구분# 또 다른 변이 바이러스가 나오기 전에 빠르게 백신을 맞혀 면역력을 키우면 코로나로 인해 고통받는 사람이 줄어들어 다시 세계 경제가 잘 돌아갈 수 있을 것 같다.#@문장구분# 하지만 반대로 생각해보면 백신 만드는 회사가 백신 레시피를 공개하지 않는 이유도 이해가 한다.#@문장구분# 모두 돈 때문인데 지금 온 기회를 놓치지 않고 돈을 벌어야 하기 때문이다.#@문장구분# 하지만 그 돈을 쓸 사람이 죽으면 그 돈도 종잇조각이라는 것을 명심해 주었으면 좋겠다.#@문장구분#",
      "paragraph_len": 1284,
      "paragraph_id": "001"
    }
  ],
  "score": {
    "paragraph_score": [
      {
        "paragraph_scoreT": [
          3,
          3,
          3
        ],
        "paragraph_scoreT_detail": {
          "paragraph_scoreT_exp": [
            [
              3,
              3,
              3
            ],
            [
              3,
              3,
              3
            ],
            [
              3,
              3,
              3
            ]
          ]
        },
        "paragraph_scoreT_avg": 3,
        "paragraph_id": "001"
      }
    ],
    "essay_scoreT": [
      30,
      30,
      28.4
    ],
    "essay_scoreT_avg": 29.466667,
    "essay_scoreT_detail": {
      "essay_scoreT_org": [
        [
          3,
          3,
          3,
          3
        ],
        [
          3,
          3,
          3,
          3
        ],
        [
          3,
          3,
          3,
          3
        ]
      ],
      "essay_scoreT_cont": [
        [
          3,
          3,
          3,
          3
        ],
        [
          3,
          3,
          3,
          3
        ],
        [
          3,
          2,
          2,
          3
        ]
      ],
      "essay_scoreT_exp": [
        [
          3,
          3,
          3
        ],
        [
          3,
          3,
          3
        ],
        [
          3,
          3,
          3
        ]
      ]
    }
  },
  "student": {
    "date": "2021.12.01",
    "student_educated": true,
    "student_grade": "고등_2학년",
    "location": "063",
    "student_grade_group": "고등",
    "student_reading": 1
  },
  "rubric": {
    "essay_grade": "고등_2학년",
    "organization_weight": {
      "org_paragraph": 3,
      "org": 3,
      "org_essay": 3,
      "org_coherence": 3,
      "org_quantity": 1
    },
    "essay_type": "주장",
    "content_weight": {
      "con_clearance": 3,
      "con_novelty": 3,
      "con": 4,
      "con_prompt": 1,
      "con_description": 3
    },
    "essay_main_subject": "지적 재산권에 대한 본인의 생각 작성",
    "expression_weight": {
      "exp_style": 4,
      "exp_grammar": 2,
      "exp_vocab": 4,
      "exp": 3
    }
  },
  "correction": [],
  "info": {
    "essay_id": "ESSAY_53071",
    "essay_prompt": " 지적재산권이란 특허권, 실용신안권, 상표권, 디자인권을 총칭하는 개념으로 지적재산권법은 정보생산자에게 일정기간 동안 시장에서의 배타적 지위를 부여하고 있습니다.\n\n 즉, 지적 재산권은 특정 사람이 생각/창작해낸 것을 다른사람들의 무분별한 이용으로 부터 지켜주는 것입니다. 이러한 지적재산권은 개인 혹은 회사 더 나아가 나라에 귀속될 수 있습니다.\n\n 다만, 코로나 시대인 요즘 전 세계적인 재앙인 코로나를 물리칠 수 있는 백신에 대한 지적재산권을 자유롭게 풀어야한다는 의견이 계속해서 나오고 있습니다. \n\n 지적 재산권이 있는 제약회사가 있는 나라의 경우 백신이 충분하며 백신을 맞는 것이 선택의 문제인 반면, 그렇지 못한 나라는 백신을 맞고 싶어도 맞지 못하는 사람들이 많고 항체가 없어 사망하는 경우도 비교적 많이 때문입니다.\n\n 전 세계의 문제를 해결하기 위해 수 많은 돈을 들여 개발한 백신의 지적재산권을 공유하는 것이 의무화 되어야 할까요? 아니면 회사의 선택에 맡겨야할까요? 보상은 어떻게 해야할까요? \n\n 전 세계에 무상으로 공개 해야 한다는 의견이 있을 수도 있고 무상으로 공개한 회사의 경우 팬더믹 상황이 종결 된 후 따로 보상을 해주어야 한다는 의견도 있을 겁니다. 지적재산권의 변하지 않는 신뢰를 위해서라도 무상 공개는 절대 있어서는 안된다는 의견도 있을 것입니다.\n\n 지금까지도 펜더믹 상황에서 코로나19 백신에 대한 특허권을 보장해야 하느냐 풀어야 하느냐 의견이 분분합니다. 이에 대한 자신의 주장을 작성해주세요. 또한, 그렇게 생각한 이유도 설명해주세요.",
    "essay_type": "주장",
    "essay_level": "1",
    "essay_len": 984,
    "essay_main_subject": "지적 재산권에 대한 본인의 생각 작성"
  }
}