{
  "paragraph": [
    {
      "paragraph_txt": "나는 인종 차별이 너무 오래 전부터 있어와 사람들이 인종 차별의 존재에 익숙해졌기 때문에, 그것이 해결되기 어려운 문제라고 생각한다.#@문장구분# 현대 사회가 각기 다른 사람들을 모두 포용하고 평등함을 인정하면서 인종 차별의 존재가 알려지긴 했으나 이가 인종 차별이 해결되었다는 말은 아니다.#@문장구분# 여전히 인종 차별을 우리의 매일 속에서 자행된다.#@문장구분# 그리고 이 화제에 대한 우리의 가장 큰 문제 중 하나는, 인종 차별적인 사례나 상황, 행위에 일상적인 정도로 적응했다는 것이다.#@문장구분# 예를 들어, 지하철에 보편적 한국인의 생김새가 아닌, 피부가 까맣고 하얗거나 눈 색이 다른 외국인이 오르면 서너 명의 시선은 자연스레 그 쪽으로 쏠린다.#@문장구분# 어떤 사람에게 그 눈길은 어쩔 수 없는 호기심 때문이기도 하지만, 누군가는 자신의 시선이 인종 차별으로 여겨질 수도 있다는 자각조차 하지 못해 그러기도 한다.#@문장구분# 지하철뿐만 아니라 길거리, 식당 등지에서도 마찬가지다.#@문장구분# 타 인종에 익숙하지 않은 한국에선 어디든 인종 차별이 호흡처럼 자연스럽게 일어날 수 있다.#@문장구분# 비록 우리가 인종 차별이 존재해서는 안 될 행위라고 교육 받아도, 이처럼 사람과 사회에 이미 익숙하게 새겨진 인종 차별은 쉽게 지울 수 있는 것이 아니다.#@문장구분# 그리고 이를 해결할 수 있는 건 오로지 우리 스스로의 의식적인 행위와 끊임 없는 자각 뿐이다.#@문장구분# 사회의 가르침을 내재화하고 실천하는 건 결국 각 개인의 몫이기 때문이다.#@문장구분#  따라서 내가 쉽게 하는 말이 나와 생김새가 다르다는 이유만으로 눈 앞의 사람을 차별하는 발언은 아닌지 다시 생각하고, 만약 그렇다면 교정해나가는 작업은 보편적 인권 보장 뿐만 아니라 우리 사회의 발전을 위해서도 필수적이다.#@문장구분# 여러 사회 구성원을 포용하고 함께 해야만 진보된 사회로 함께 나아갈 수 있고, 그것이 인류 전체의 미래를 밝히기 때문이다.#@문장구분#",
      "paragraph_len": 1149,
      "paragraph_id": "001"
    }
  ],
  "score": {
    "paragraph_score": [
      {
        "paragraph_scoreT": [
          3,
          3,
          3
        ],
        "paragraph_scoreT_detail": {
          "paragraph_scoreT_exp": [
            [
              3,
              3,
              3
            ],
            [
              3,
              3,
              3
            ],
            [
              3,
              3,
              3
            ]
          ]
        },
        "paragraph_scoreT_avg": 3,
        "paragraph_id": "001"
      }
    ],
    "essay_scoreT": [
      29.7,
      30,
      26.7
    ],
    "essay_scoreT_avg": 28.800001,
    "essay_scoreT_detail": {
      "essay_scoreT_org": [
        [
          3,
          3,
          3,
          2
        ],
        [
          3,
          3,
          3,
          3
        ],
        [
          2,
          3,
          3,
          3
        ]
      ],
      "essay_scoreT_cont": [
        [
          3,
          3,
          3,
          3
        ],
        [
          3,
          3,
          3,
          3
        ],
        [
          3,
          2,
          3,
          2
        ]
      ],
      "essay_scoreT_exp": [
        [
          3,
          3,
          3
        ],
        [
          3,
          3,
          3
        ],
        [
          3,
          3,
          3
        ]
      ]
    }
  },
  "student": {
    "date": "2021.12.08",
    "student_educated": true,
    "student_grade": "고등_2학년",
    "location": "063",
    "student_grade_group": "고등",
    "student_reading": 2
  },
  "rubric": {
    "essay_grade": "고등_2학년",
    "organization_weight": {
      "org_paragraph": 3,
      "org": 3,
      "org_essay": 3,
      "org_coherence": 3,
      "org_quantity": 1
    },
    "essay_type": "주장",
    "content_weight": {
      "con_clearance": 3,
      "con_novelty": 3,
      "con": 4,
      "con_prompt": 1,
      "con_description": 3
    },
    "essay_main_subject": "인종차별에 대한 본인의 생각",
    "expression_weight": {
      "exp_style": 4,
      "exp_grammar": 2,
      "exp_vocab": 4,
      "exp": 3
    }
  },
  "correction": [],
  "info": {
    "essay_id": "ESSAY_54988",
    "essay_prompt": " 최근 중국발 코로나바이러스로 인해 동양인에 대한 혐오감을 나타내는 서양인들이 늘어나고 있습니다. 그로 인해, 매스컴이나 SNS에서 인종차별을 받아 힘들어하는 동양인들을 자주 목격할 수 있습니다.\n\n 하지만, 최근에만 인종차별이 존재했을까요? 아닙니다. 아주 오래전부터 다른 인종에 대한 차별은 있었습니다.\n\n 우리나라에서는 인종차별을 안 하고 있을까요? 아닙니다. 우리나라에서도 알게 모르게 많은 부분에서 다른 국가의 사람들에 대해 인종차별을 하고 있으며 누군가에게 상처를 주고 있습니다.\n\n 즉, 인종차별은 누군가의 문제가 아니라 우리 모두의 문제입니다.\n\n 여러분들은 인종차별을 당해보신 적 있나요? 인종차별을 하는 사람들에 대해 어떻게 생각하시나요? 왜 생겨났다고 생각하나요? 인종차별을 근절하기 위해서는 어떻게 해야 할까요? 인종차별을 하는 사람들에 대해 전 세계적으로 처벌의 강도를 높여야 할까요?\n\n 인종차별을 하는 사람들에 대한 본인의 생각을 작성하고 인종차별은 해결할 수 있는 문제일지 아니면 해결하지 어려운 문제일지 작성해주세요. 또한, 그렇게 생각한 이유와 본인이 생각한 해결방법 혹은 해결할 수 없다면 왜 해결할 수 없다고 생각하는지 작성해주세요.",
    "essay_type": "주장",
    "essay_level": "1",
    "essay_len": 889,
    "essay_main_subject": "인종차별에 대한 본인의 생각"
  }
}