{
  "paragraph": [
    {
      "paragraph_txt": "저는 현재의 평가 방식은 모두에게 공정한 평가 방식이 아니라고 생각합니다.#@문장구분# 앞서 제시문에서 나온 것처럼 사람마다 모두 잘하는 것도 다르고 원하는 것이나 하고 싶은 일도 다를 것입니다.#@문장구분# 우선 저는 공부를 잘하는 편이 아닙니다.#@문장구분# 하지만 저는 미술을 정말 좋아합니다. #@문장구분#미술을 정말 좋아하고 또 꽤 잘하는 편입니다.#@문장구분# 제가 미술을 잘하는 반면에 제 친구는 미술은 그렇게 잘 하지는 못하지만 공부는 정말 잘합니다.#@문장구분# 그리고 제 친구는 저와는 다르게 의사가 되고 싶어하고 평소에 의사가 되기 위해서 많은 노력을 하고 있습니다.#@문장구분# 저와 제 친구가 그렇듯이 사람은 누구나 잘하는 것이 다릅니다. #@문장구분#저는 이렇게 모두가 하고 싶어하는 것도 다르고 잘하는 것도 다를 텐데 모두에게 다 같은 기준을 가지고 평가하는 것은 정당하지 않습니다.#@문장구분# 저는 이렇게 어떠한 기준을 정해서 학생들을 평가할 때에는 학생 별로 각기 다른 기준을 정해줄 필요가 있다고 생각합니다.#@문장구분# 물론 중간고사나 기말고사 등의 시험과 같은 부분은 딱히 조절할 수 있는 방법이 없을 것입니다.#@문장구분# 한 쪽의 기준에만 맞출 수도 없고 그렇다고 너무 평이한 난이도로 문제를 낼 수도 없습니다. #@문장구분#사실 시험은 난이도의 문제보다는 내가 얼마나 노력을 했고 공부를 열심히 했는지에 관한 문제입니다.#@문장구분# 수정이 필요한 것은 체육이나 미술, 음악의 수행평가 기준에 대한 것입니다.#@문장구분# 예체능은 특히 개개인의 역량 차이가 심한 부분 중에 하나이기도 합니다. #@문장구분#특히 저는 음악에 소질이 없습니다.#@문장구분# 그래서 저의 음악 성적은 항상 최악이었습니다.#@문장구분# 제가 조금 자신감이 부족했던 탓도 있겠지만 아무리 연습을 해도 고음 등과 같은 부분은 도저히 제 음역대로는 어쩔 수가 없었습니다. #@문장구분#저는 실력보다는 노력을 얼마나 했는지에 대한 것을 봤으면 좋겠습니다.#@문장구분# 실력이 부족함에도 끝까지 포기하지 않고 이어가는 것과 그냥 포기해 버리는 것은 큰 차이가 있을 것입니다.#@문장구분#",
      "paragraph_len": 1322,
      "paragraph_id": "001"
    }
  ],
  "score": {
    "paragraph_score": [
      {
        "paragraph_scoreT": [
          2.6,
          3,
          2.8
        ],
        "paragraph_scoreT_detail": {
          "paragraph_scoreT_exp": [
            [
              3,
              3,
              2
            ],
            [
              3,
              3,
              3
            ],
            [
              2,
              3,
              3
            ]
          ]
        },
        "paragraph_scoreT_avg": 2.8,
        "paragraph_id": "001"
      }
    ],
    "essay_scoreT": [
      22.099998,
      27,
      26.9
    ],
    "essay_scoreT_avg": 25.333334,
    "essay_scoreT_detail": {
      "essay_scoreT_org": [
        [
          2,
          0,
          2,
          3
        ],
        [
          2,
          0,
          3,
          3
        ],
        [
          3,
          0,
          2,
          3
        ]
      ],
      "essay_scoreT_cont": [
        [
          2,
          2,
          2,
          2
        ],
        [
          3,
          2,
          3,
          3
        ],
        [
          3,
          3,
          2,
          2
        ]
      ],
      "essay_scoreT_exp": [
        [
          3,
          3,
          2
        ],
        [
          3,
          3,
          3
        ],
        [
          2,
          3,
          3
        ]
      ]
    }
  },
  "student": {
    "date": "2021.12.17",
    "student_educated": true,
    "student_grade": "고등_1학년",
    "location": "054",
    "student_grade_group": "고등",
    "student_reading": 2
  },
  "rubric": {
    "essay_grade": "고등_1학년",
    "organization_weight": {
      "org_paragraph": 0,
      "org": 3,
      "org_essay": 6,
      "org_coherence": 3,
      "org_quantity": 1
    },
    "essay_type": "주장",
    "content_weight": {
      "con_clearance": 3,
      "con_novelty": 3,
      "con": 4,
      "con_prompt": 1,
      "con_description": 3
    },
    "essay_main_subject": "평가에 대한 본인의 의견",
    "expression_weight": {
      "exp_style": 4,
      "exp_grammar": 2,
      "exp_vocab": 4,
      "exp": 3
    }
  },
  "correction": [],
  "info": {
    "essay_id": "ESSAY_83373",
    "essay_prompt": " 평가는 일반적으로 평가대상의 장점과 가치를 결정하는 과정을 말합니다.\n\n 세상에는 무수히 많은 평가 방법들이 존재하고 그 주제도 다양합니다.\n\n 우리나라의 경우는 어떨까요? 중간, 기말시험이 있고 미술과 같은 기본기와 창의성을 평가하는 과목도 있습니다. 체육과 같은 신체적인 능력을 평가하는 과목도 있지요. 모두 적절한 기준이 있으며 매우 객관적인 기준이라고 말합니다.\n\n 하지만 여러분이 생각하기에 모든 학생을 동일한 평가지표에 맞추어 평가하는 것이 올바른 방식이라고 생각하나요?\n\n 사람마다 특성이 존재하듯 각각의 목표 또한 다르고 성과도 다를 수 있습니다. 특정 기준에 의존해 본인의 성과도를 평가하는 것이 바르다고 생각되나요?\n\n 현재의 평가 방식은 최고의 객관적인 평가 방식이라고 생각하신다면 그 이유를 작성해주세요. 아니라면 어떤 평가 기준이 추가되어야 하고 또한 어떤 생각으로 평가가 이루어졌으면 좋겠는지 서술해 주세요.",
    "essay_type": "주장",
    "essay_level": "2",
    "essay_len": 923,
    "essay_main_subject": "평가에 대한 본인의 의견"
  }
}