{
  "paragraph": [
    {
      "paragraph_txt": "화이자에서 코로나19 경구용 치료제로 개발하고 있는 '팍스로비드'에 대해 복제약을 허용하는 등 전향적인 모습을 보였습니다. #@문장구분#백신은 '못 풀겠다'고 한 입장과는 상반되는 모습입니다.#@문장구분#\n화이자는 \"mRNA 백신의 경우 제조공정과 여러 측면에서 특허를 푸는 것보다 자체 생산 역량을 극대화해서 공급을 늘리는 것이 현재 팬데믹 극복에 최적의 방안이라고 판단해 특허권 면제가 어려웠다\"라는 말과 함께 \"이번 치료제의 경우 합성의약품의 특성을 고려했을 때 특허를 푸는게 저개발국 의약품 접근성에 더 현실적으로 도움이 된다고 판단했다\"고 밝혔습니다. #@문장구분#이에 대해 보건시민단체들은 치료제에 대한 특허 면제를 인정하면서도 백신 특허에 대한 아쉬움을 토로하고 있는 상황입니다.#@문장구분# 이와 관련한 이동근 건강사회를위한약사회 사무국장의 대답이 저의 의견을 대변할 수 있을 것 같습니다. #@문장구분#이 사무국장은 \"머크와 화이자에서 적어도 코로나19 경구용 치료제에 대한 특허를 풀고 중·저소득 국가에 약을 공급하는 것은 긍정적으로 생각한다\"며 \"하지만 애초 약이 개발되기까지 한 제약사가 오롯이 이룬 결실이 아니라 공공의 연구소에서 개발됐다는 점에서 적어도 이러한 조치가\n코로나19와 같은 감염병 위기 상황에서 잘 적용되고 있는지 평가할 수 있는 기준이 필요하다\"고 지적했으며 \"지적재산권은 개발정보를 투명하게 공개해서 혁신을 유도하는 거지 독점권을 잘 보호해서 혁신을 유도하는 방식이 아니다\"며 \"백신 품질을 자신만이 고품질로 제공할 수 있다는 것도 근거가 없다.#@문장구분# 편견에 가까운 견해라고 생각한다\"고 덧붙였습니다.#@문장구분# 이 사무국장의 말처럼 지적재산권의 공개를 요구하는 것은, 더 많은 사람들을 한시라도 빠르게 안전하게 만들어주는 혁신을 위해 요구하는 것이지 이득을 취하지 말라는 것이 아닙니다.#@문장구분# 조금 더 긍정적인 방향에서 많은 백신 제약회사들이 봐줬으면 하는 게 저의 의견입니다.#@문장구분#",
      "paragraph_len": 1096,
      "paragraph_id": "001"
    }
  ],
  "score": {
    "paragraph_score": [
      {
        "paragraph_scoreT": [
          3,
          3,
          3
        ],
        "paragraph_scoreT_detail": {
          "paragraph_scoreT_exp": [
            [
              3,
              3,
              3
            ],
            [
              3,
              3,
              3
            ],
            [
              3,
              3,
              3
            ]
          ]
        },
        "paragraph_scoreT_avg": 3,
        "paragraph_id": "001"
      }
    ],
    "essay_scoreT": [
      28.8,
      25.5,
      22.099998
    ],
    "essay_scoreT_avg": 25.466665,
    "essay_scoreT_detail": {
      "essay_scoreT_org": [
        [
          3,
          3,
          3,
          3
        ],
        [
          3,
          2,
          3,
          3
        ],
        [
          2,
          2,
          2,
          3
        ]
      ],
      "essay_scoreT_cont": [
        [
          2,
          3,
          3,
          3
        ],
        [
          2,
          2,
          3,
          2
        ],
        [
          2,
          1,
          2,
          2
        ]
      ],
      "essay_scoreT_exp": [
        [
          3,
          3,
          3
        ],
        [
          3,
          3,
          3
        ],
        [
          3,
          3,
          3
        ]
      ]
    }
  },
  "student": {
    "date": "2021.11.20",
    "student_educated": true,
    "student_grade": "고등_2학년",
    "location": "02",
    "student_grade_group": "고등",
    "student_reading": 2
  },
  "rubric": {
    "essay_grade": "고등_2학년",
    "organization_weight": {
      "org_paragraph": 3,
      "org": 3,
      "org_essay": 3,
      "org_coherence": 3,
      "org_quantity": 1
    },
    "essay_type": "주장",
    "content_weight": {
      "con_clearance": 3,
      "con_novelty": 3,
      "con": 4,
      "con_prompt": 1,
      "con_description": 3
    },
    "essay_main_subject": "지적 재산권에 대한 본인의 생각 작성",
    "expression_weight": {
      "exp_style": 4,
      "exp_grammar": 2,
      "exp_vocab": 4,
      "exp": 3
    }
  },
  "correction": [],
  "info": {
    "essay_id": "ESSAY_45936",
    "essay_prompt": " 지적재산권이란 특허권, 실용신안권, 상표권, 디자인권을 총칭하는 개념으로 지적재산권법은 정보생산자에게 일정기간 동안 시장에서의 배타적 지위를 부여하고 있습니다.\n\n 즉, 지적 재산권은 특정 사람이 생각/창작해낸 것을 다른사람들의 무분별한 이용으로 부터 지켜주는 것입니다. 이러한 지적재산권은 개인 혹은 회사 더 나아가 나라에 귀속될 수 있습니다.\n\n 다만, 코로나 시대인 요즘 전 세계적인 재앙인 코로나를 물리칠 수 있는 백신에 대한 지적재산권을 자유롭게 풀어야한다는 의견이 계속해서 나오고 있습니다. \n\n 지적 재산권이 있는 제약회사가 있는 나라의 경우 백신이 충분하며 백신을 맞는 것이 선택의 문제인 반면, 그렇지 못한 나라는 백신을 맞고 싶어도 맞지 못하는 사람들이 많고 항체가 없어 사망하는 경우도 비교적 많이 때문입니다.\n\n 전 세계의 문제를 해결하기 위해 수 많은 돈을 들여 개발한 백신의 지적재산권을 공유하는 것이 의무화 되어야 할까요? 아니면 회사의 선택에 맡겨야할까요? 보상은 어떻게 해야할까요? \n\n 전 세계에 무상으로 공개 해야 한다는 의견이 있을 수도 있고 무상으로 공개한 회사의 경우 팬더믹 상황이 종결 된 후 따로 보상을 해주어야 한다는 의견도 있을 겁니다. 지적재산권의 변하지 않는 신뢰를 위해서라도 무상 공개는 절대 있어서는 안된다는 의견도 있을 것입니다.\n\n 지금까지도 펜더믹 상황에서 코로나19 백신에 대한 특허권을 보장해야 하느냐 풀어야 하느냐 의견이 분분합니다. 이에 대한 자신의 주장을 작성해주세요. 또한, 그렇게 생각한 이유도 설명해주세요.",
    "essay_type": "주장",
    "essay_level": "1",
    "essay_len": 917,
    "essay_main_subject": "지적 재산권에 대한 본인의 생각 작성"
  }
}