{
  "paragraph": [
    {
      "paragraph_txt": "나와 다른 사람을 보면 거부감이 먼저 든다.#@문장구분# 오래전부터 다른 인종에 대한 차별은 있었다.#@문장구분# 동양인에 대한 혐오에 대한 인종 차별 범죄가 최근 늘어난 것은 명확히 코로나19 영향이 크다.#@문장구분# 다만, 코로나 발생에 관한 여러 음모론과 루머를 제외하고 생각한다면 코로나는 명확히 재해이다. #@문장구분#누군가의 잘못에 의해 발생한 사고가 아닌 인류가 예측할 수 없는 방면에서 예방할 수 있는 범위 밖에서 일어난 사고라는 것이다.#@문장구분# 즉, 바이러스의 발생지를 두고 그 지역과 지역의 인종에 대한 차별은 논리적이지 못 하고 무의미하다는 것이다.#@문장구분# 미국은 오래전부터 백인과 흑인간의 인종차별 문제가 야기되고 있었다. #@문장구분#과거 흑인의 인종차별과 관련된 인권운동 또한 있었고 현재는 인종차별 문제도 서서히 줄여가는 추세이다.#@문장구분# 다만 동양인 차별과 관련해서는 미국에서 흑인과 백인을 가리지 않고 발생한다는 것이 상당히 아이러니한 일이다.#@문장구분# 인종차별 금지는 백인에 대한 차별을 금지하자, 흑인에 대한 차별을 금지하자가 아닌데 말이다.#@문장구분# 유색 무색 인종 가리지 않고 서로 차별을 하지 않는다는 것이 인종차별 금지이다.#@문장구분# 누구보다 이 문제에 관심이 있는 국가에서 동양인 혐오 범죄가 발생한다는 것은 과거에 인종차별 문제에 대한 반성이 제대로 이루어지지 않았다는 점을 입증한다. #@문장구분#이러한 혐오 감정이 조성이 되는 것은 미국 정부에서의 문제도 있었다.#@문장구분# 이 점에 관해서는 나의 정치적 견해를 서술하는 것이 아닌 중립적인 관점에서 문제를 서술한다는 점을 참고해주길 바란다. #@문장구분#미국 일부 정치인들이 정치적으로 중국발 코로나에 관한 부분을 혐오 감정을 조성하고 이용한다는 것이다.#@문장구분# 인종차별 문제에 대해 누구보다 관심 있는 국가이고 사례가 있는 국가인 미국이 이 문제를 해결하는 것에 대해 지연이 되는 것은 이러한 문제가 있기 때문이라고 생각한다.",
      "paragraph_len": 1182,
      "paragraph_id": "001"
    }
  ],
  "score": {
    "paragraph_score": [
      {
        "paragraph_scoreT": [
          3,
          2.4,
          2.4
        ],
        "paragraph_scoreT_detail": {
          "paragraph_scoreT_exp": [
            [
              3,
              3,
              3
            ],
            [
              2,
              3,
              2
            ],
            [
              2,
              3,
              2
            ]
          ]
        },
        "paragraph_scoreT_avg": 2.6000001,
        "paragraph_id": "001"
      }
    ],
    "essay_scoreT": [
      30,
      25.2,
      26.400002
    ],
    "essay_scoreT_avg": 27.200003,
    "essay_scoreT_detail": {
      "essay_scoreT_org": [
        [
          3,
          3,
          3,
          3
        ],
        [
          2,
          2,
          3,
          3
        ],
        [
          2,
          2,
          3,
          3
        ]
      ],
      "essay_scoreT_cont": [
        [
          3,
          3,
          3,
          3
        ],
        [
          2,
          3,
          3,
          3
        ],
        [
          3,
          3,
          3,
          3
        ]
      ],
      "essay_scoreT_exp": [
        [
          3,
          3,
          3
        ],
        [
          2,
          3,
          2
        ],
        [
          2,
          3,
          2
        ]
      ]
    }
  },
  "student": {
    "date": "2021.12.10",
    "student_educated": true,
    "student_grade": "고등_2학년",
    "location": "063",
    "student_grade_group": "고등",
    "student_reading": 1
  },
  "rubric": {
    "essay_grade": "고등_2학년",
    "organization_weight": {
      "org_paragraph": 3,
      "org": 3,
      "org_essay": 3,
      "org_coherence": 3,
      "org_quantity": 1
    },
    "essay_type": "주장",
    "content_weight": {
      "con_clearance": 3,
      "con_novelty": 3,
      "con": 4,
      "con_prompt": 1,
      "con_description": 3
    },
    "essay_main_subject": "인종차별에 대한 본인의 생각",
    "expression_weight": {
      "exp_style": 4,
      "exp_grammar": 2,
      "exp_vocab": 4,
      "exp": 3
    }
  },
  "correction": [],
  "info": {
    "essay_id": "ESSAY_57398",
    "essay_prompt": " 최근 중국발 코로나바이러스로 인해 동양인에 대한 혐오감을 나타내는 서양인들이 늘어나고 있습니다. 그로 인해, 매스컴이나 SNS에서 인종차별을 받아 힘들어하는 동양인들을 자주 목격할 수 있습니다.\n\n 하지만, 최근에만 인종차별이 존재했을까요? 아닙니다. 아주 오래전부터 다른 인종에 대한 차별은 있었습니다.\n\n 우리나라에서는 인종차별을 안 하고 있을까요? 아닙니다. 우리나라에서도 알게 모르게 많은 부분에서 다른 국가의 사람들에 대해 인종차별을 하고 있으며 누군가에게 상처를 주고 있습니다.\n\n 즉, 인종차별은 누군가의 문제가 아니라 우리 모두의 문제입니다.\n\n 여러분들은 인종차별을 당해보신 적 있나요? 인종차별을 하는 사람들에 대해 어떻게 생각하시나요? 왜 생겨났다고 생각하나요? 인종차별을 근절하기 위해서는 어떻게 해야 할까요? 인종차별을 하는 사람들에 대해 전 세계적으로 처벌의 강도를 높여야 할까요?\n\n 인종차별을 하는 사람들에 대한 본인의 생각을 작성하고 인종차별은 해결할 수 있는 문제일지 아니면 해결하지 어려운 문제일지 작성해주세요. 또한, 그렇게 생각한 이유와 본인이 생각한 해결방법 혹은 해결할 수 없다면 왜 해결할 수 없다고 생각하는지 작성해주세요.",
    "essay_type": "주장",
    "essay_level": "1",
    "essay_len": 883,
    "essay_main_subject": "인종차별에 대한 본인의 생각"
  }
}