{
  "paragraph": [
    {
      "paragraph_txt": "현재의 평가 방식은 굉장히 잘못되었으며 평가를 받는 사람이 평가물을 제출하는 목적에 따라 그에 특화된 평가방식을 사용해야한다.#@문장구분# 특히 현 입시제도는 학생들의 꿈과는 전혀 상관없는 과목들을 공부하며 그곳에서 높은 점수를 받아야만 학생들이 원하는 곳으로 진학할 수 있다 게다가 별 목적의식 없이 그러한 과목들을 공부해온 학생들은 자신의 진로를 제대로 정할 수 없으며 나중에서야 겨우 자신이 나아가고 싶은 방향을 결정하게 되는데, 진로에 대한 제대로 된 탐색 없이 진학을 하다보면 사회에 나가서도 노동소외를 일으킬 가능성이 높아진다.#@문장구분# 단적으로 학교 평가방식의 변화에 관하여 이야기하자면 학생들은 자신의 진로에 대하여 고민할 시간이 충분히 주어져야하며 그 진로로 나아가기 위해 그에 맞는 평가 과목을 공부하여야한다.#@문장구분# 사회에 나가서 직업현장에서 전혀 쓰일 일이 없는 과목을 공부하며 그저 성적 줄 세우기로 하는 평가는 없어져야만 한다.#@문장구분# 하지만 이러한 방법은 각 평가의 난이도 차이와 비 객관적이라는 문제점을 일으킬 수 있다.#@문장구분# 물론 주관적인 평가는 부조리와 비리를 일으킬 가능성이 높지만 객관적인 평가의 경우 위에 서술한 것처럼 아무런 도움도 되지 않는 곳에 비효율적인 시간을 보낼 수도 있다.#@문장구분# 그래서 각각의 평가에 비리나 부조리가 일어나지 않게 정부나 교육부 차원에서 감시하는 것이 필요하고 평가를 받는 사람이 진정으로 원하는 방향으로 나아갈 수 있게 제도의 개편이 필요하다고 생각한다.#@문장구분# 또한 객관적인 평가도 경제적인 측면이나 주변 지인 등을 통해 불평등이 충분히 일어날 수 있기 때문에 사회 양극화를 고조시키는 현 제도는 분명히 바뀌어야할 필요가 있다.#@문장구분#",
      "paragraph_len": 968,
      "paragraph_id": "001"
    }
  ],
  "score": {
    "paragraph_score": [
      {
        "paragraph_scoreT": [
          2.8,
          2.8,
          3
        ],
        "paragraph_scoreT_detail": {
          "paragraph_scoreT_exp": [
            [
              2,
              3,
              3
            ],
            [
              2,
              3,
              3
            ],
            [
              3,
              3,
              3
            ]
          ]
        },
        "paragraph_scoreT_avg": 2.8666668,
        "paragraph_id": "001"
      }
    ],
    "essay_scoreT": [
      28.2,
      28.2,
      30
    ],
    "essay_scoreT_avg": 28.800001,
    "essay_scoreT_detail": {
      "essay_scoreT_org": [
        [
          3,
          0,
          3,
          3
        ],
        [
          3,
          0,
          3,
          3
        ],
        [
          3,
          0,
          3,
          3
        ]
      ],
      "essay_scoreT_cont": [
        [
          3,
          2,
          3,
          3
        ],
        [
          3,
          2,
          3,
          3
        ],
        [
          3,
          3,
          3,
          3
        ]
      ],
      "essay_scoreT_exp": [
        [
          2,
          3,
          3
        ],
        [
          2,
          3,
          3
        ],
        [
          3,
          3,
          3
        ]
      ]
    }
  },
  "student": {
    "date": "2021.12.14",
    "student_educated": true,
    "student_grade": "고등_1학년",
    "location": "054",
    "student_grade_group": "고등",
    "student_reading": 2
  },
  "rubric": {
    "essay_grade": "고등_1학년",
    "organization_weight": {
      "org_paragraph": 0,
      "org": 3,
      "org_essay": 6,
      "org_coherence": 3,
      "org_quantity": 1
    },
    "essay_type": "주장",
    "content_weight": {
      "con_clearance": 3,
      "con_novelty": 3,
      "con": 4,
      "con_prompt": 1,
      "con_description": 3
    },
    "essay_main_subject": "평가에 대한 본인의 의견",
    "expression_weight": {
      "exp_style": 4,
      "exp_grammar": 2,
      "exp_vocab": 4,
      "exp": 3
    }
  },
  "correction": [],
  "info": {
    "essay_id": "ESSAY_78723",
    "essay_prompt": " 평가는 일반적으로 평가대상의 장점과 가치를 결정하는 과정을 말합니다.\n\n 세상에는 무수히 많은 평가 방법들이 존재하고 그 주제도 다양합니다.\n\n 우리나라의 경우는 어떨까요? 중간, 기말시험이 있고 미술과 같은 기본기와 창의성을 평가하는 과목도 있습니다. 체육과 같은 신체적인 능력을 평가하는 과목도 있지요. 모두 적절한 기준이 있으며 매우 객관적인 기준이라고 말합니다.\n\n 하지만 여러분이 생각하기에 모든 학생을 동일한 평가지표에 맞추어 평가하는 것이 올바른 방식이라고 생각하나요?\n\n 사람마다 특성이 존재하듯 각각의 목표 또한 다르고 성과도 다를 수 있습니다. 특정 기준에 의존해 본인의 성과도를 평가하는 것이 바르다고 생각되나요?\n\n 현재의 평가 방식은 최고의 객관적인 평가 방식이라고 생각하신다면 그 이유를 작성해주세요. 아니라면 어떤 평가 기준이 추가되어야 하고 또한 어떤 생각으로 평가가 이루어졌으면 좋겠는지 서술해 주세요.",
    "essay_type": "주장",
    "essay_level": "2",
    "essay_len": 808,
    "essay_main_subject": "평가에 대한 본인의 의견"
  }
}