{
  "paragraph": [
    {
      "paragraph_txt": "제가 생각은 사람은 각자 특색이 있고 잘하는 게 있고 하고 싶은 게 있고 좋아하는 게 있다. #@문장구분#각자 갖고 있는 색이 다른데 하나로 뭉치라고 하면 아무 색도 없이 그저 회색이 되어버린다.#@문장구분# 본연의 색을 잃으면 삶이 재미가 없어지게 되고 나중에는 허탈함이 찾아올 겁니다.#@문장구분# 그리고 각자 본연의 색을 잃게 한 원인들에는 사회. 그리고 그 안에 수많은 원인 중에서도 평가. 평가도 그중 하나입니다.#@문장구분# 평가는 학교와 나라에서 정한 기준에 나 자신을 맞춰야 한다평가하는 것이 공정하다고 말하는 사람들이 있습니다. #@문장구분#저는 이런 사람들에게 말하싶습니다.#@문장구분# 만약 당신이 평가대상자에 속해 평가를 당하는 입장이라면 기분이 좋을 것 같냐고 묻고싶습니다.#@문장구분# 저는 제가 막상 피평가자가 된다면 기분이 썩 좋지는 않을 것 같습니다.#@문장구분# 그래서 이러한 문제를 해결하기 위해 평가하는 방식을 바꾸면 좋겠습니다.#@문장구분# 지금의 평가방식은 개개인의 개성을 무시하고 모든 사람이 다르다는 것을 배제한 채 일괄적이고 개성을 무시한 평가방식을 취하고 있습니다.#@문장구분# 그래서 저는 모든 사람의 개성을 존중하고 개개인의 맞춤형 평가방식이 필요하다고 생각합니다.#@문장구분# 사람을 평가를 할 때 가족직업 생활환경등을 평가하는 행위는 나쁜거 같다.#@문장구분# 사람을 깔보거나 하찮게 여기는것도 잘 못된거 같다.#@문장구분# 수행평가 방식의 평가가 필요하다. #@문장구분#그러려면 교사의 전문성이 담보가 되야하고 교사 평가권에 대한 인정이 필요하다.#@문장구분# 이런것들이 담보가 안된 상태에서 수행평가만 한다는건 어려운 이야기다. #@문장구분#그리고 교사별 평가 개념이 도입이 되고 실시가 되려면 교사들도 훈련이 돼있어야 한다고 생각한다. #@문장구분#지금의 평가방식은 개개인의 개성을 무시하고 모든 사람이 다르다는 것을 배제한 채 일괄적이고 개성을 무시한 평가방식을 취하고 있습니다.#@문장구분# 그리고 그 안에 수많은 원인 중에서도 평가. 평가도 그중 하나입니다.#@문장구분# 평가는 학교와 나라에서 정한 기준에 나 자신을 맞춰야 합한다.#@문장구분#",
      "paragraph_len": 1329,
      "paragraph_id": "001"
    }
  ],
  "score": {
    "paragraph_score": [
      {
        "paragraph_scoreT": [
          2,
          2.4,
          2.8
        ],
        "paragraph_scoreT_detail": {
          "paragraph_scoreT_exp": [
            [
              2,
              2,
              2
            ],
            [
              2,
              3,
              2
            ],
            [
              2,
              3,
              3
            ]
          ]
        },
        "paragraph_scoreT_avg": 2.3999999,
        "paragraph_id": "001"
      }
    ],
    "essay_scoreT": [
      20.699999,
      26.100002,
      25.4
    ],
    "essay_scoreT_avg": 24.066668,
    "essay_scoreT_detail": {
      "essay_scoreT_org": [
        [
          2,
          0,
          2,
          3
        ],
        [
          3,
          0,
          2,
          3
        ],
        [
          3,
          0,
          3,
          3
        ]
      ],
      "essay_scoreT_cont": [
        [
          2,
          2,
          3,
          2
        ],
        [
          3,
          2,
          3,
          3
        ],
        [
          2,
          2,
          2,
          2
        ]
      ],
      "essay_scoreT_exp": [
        [
          2,
          2,
          2
        ],
        [
          2,
          3,
          2
        ],
        [
          2,
          3,
          3
        ]
      ]
    }
  },
  "student": {
    "date": "2021.12.29",
    "student_educated": true,
    "student_grade": "고등_1학년",
    "location": "063",
    "student_grade_group": "고등",
    "student_reading": 2
  },
  "rubric": {
    "essay_grade": "고등_1학년",
    "organization_weight": {
      "org_paragraph": 0,
      "org": 3,
      "org_essay": 6,
      "org_coherence": 3,
      "org_quantity": 1
    },
    "essay_type": "주장",
    "content_weight": {
      "con_clearance": 3,
      "con_novelty": 3,
      "con": 4,
      "con_prompt": 1,
      "con_description": 3
    },
    "essay_main_subject": "평가에 대한 본인의 의견",
    "expression_weight": {
      "exp_style": 4,
      "exp_grammar": 2,
      "exp_vocab": 4,
      "exp": 3
    }
  },
  "correction": [],
  "info": {
    "essay_id": "ESSAY_84207",
    "essay_prompt": " 평가는 일반적으로 평가대상의 장점과 가치를 결정하는 과정을 말합니다.\n\n 세상에는 무수히 많은 평가 방법들이 존재하고 그 주제도 다양합니다.\n\n 우리나라의 경우는 어떨까요? 중간, 기말시험이 있고 미술과 같은 기본기와 창의성을 평가하는 과목도 있습니다. 체육과 같은 신체적인 능력을 평가하는 과목도 있지요. 모두 적절한 기준이 있으며 매우 객관적인 기준이라고 말합니다.\n\n 하지만 여러분이 생각하기에 모든 학생을 동일한 평가지표에 맞추어 평가하는 것이 올바른 방식이라고 생각하나요?\n\n 사람마다 특성이 존재하듯 각각의 목표 또한 다르고 성과도 다를 수 있습니다. 특정 기준에 의존해 본인의 성과도를 평가하는 것이 바르다고 생각되나요?\n\n 현재의 평가 방식은 최고의 객관적인 평가 방식이라고 생각하신다면 그 이유를 작성해주세요. 아니라면 어떤 평가 기준이 추가되어야 하고 또한 어떤 생각으로 평가가 이루어졌으면 좋겠는지 서술해 주세요.",
    "essay_type": "주장",
    "essay_level": "2",
    "essay_len": 930,
    "essay_main_subject": "평가에 대한 본인의 의견"
  }
}