{
  "paragraph": [
    {
      "paragraph_txt": "남아프리카 공화국, 인도 등의 수십 개의 개발도상국 정부들은 코로나19 퇴치를 위해 전 세계적인 물자 생산을 가속화하기 위해 지적재산권에 대한 권리 포기를 요구하고 있다.#@문장구분# 나는 그들의 입장에 옹호하는데 따라서 코로나19 퇴치에 있어 지적재산권은 포기되어야 하고 과학자와 기업들, 국가들 간에 활발한 공유가 필수적이라고 생각한다.#@문장구분# 가장 최근 인도에서 확진자가 급증하고 치명적인 변종 바이러스가 지속적으로 출현하며 현재 백신 생산자들이 세계적인 요구에 보조를 맞출 수 없다는 점에서 미루어 볼 때 지적재산권 포기는 도덕적인 의무이자 긴급 대책으로 떠오르는 것이 현실이며 의문의 여지가 없다.#@문장구분# 물론 소수의 제약 회사는 기업의 이익에 맞서 중국과 러시아가 백신 생산에 대한 노하우를 얻는 것에 대해 반대하며 지적재산권 포기를 반대하고 있지만 결국 중국과 러시아에서 효과적 백신 생산이 둔화된다면, 그 또한 다른 모든 이들을 직접적으로 위험에 빠뜨릴 잠재성이 충분하다.#@문장구분# 치명적인 전염병에서 선택은 확실하며, 그 선택은 우리가 대유행의 막을 내리기 위해 생명을 구하는 물품의 공급을 늘리고자 특허권을 포기하는 데에 있는 것이다.#@문장구분# TRIP협정은 국제법상 이미 공중 보건 비상사태의 경우 정부가 강제 면허를 발동해 지적재산권을 무효화할 수 있는 권리와 간헐적인 필요성을 인정하고 있다.#@문장구분# 더군다나 지적재산권에 대한 포기는 일반적으로 강제 면허를 발동할 시 각 나라의 두려움을 극복하고 이를 이용하는 데 있어 또 다른 장애물을 해결할 실마리를 준다.#@문장구분# 제약 업계는 지적재산권 포기가 업계의 정당한 이익과 향후 의약품 개발을 위한 재정적인 동기부여를 박탈한다고 반박하지만, 나는 이에 대해 다소 과장된 바가 있으며 단순한 욕심을 앞세운 주장이라고 말하고 싶다.#@문장구분# 더 이상의 지체 없이 전 세계적인 이용을 위해 노하우를 가능한 빠르고 멀리 공유하는 것이 당면한 과제이고 지적재산권은 인류가 소수 민간 기업의 이익이 아닌 글로벌 이익을 위해 봉사해야 하는 것이다.#@문장구분#",
      "paragraph_len": 1152,
      "paragraph_id": "001"
    }
  ],
  "score": {
    "paragraph_score": [
      {
        "paragraph_scoreT": [
          3,
          2.2,
          2.4
        ],
        "paragraph_scoreT_detail": {
          "paragraph_scoreT_exp": [
            [
              3,
              3,
              3
            ],
            [
              3,
              2,
              2
            ],
            [
              2,
              3,
              2
            ]
          ]
        },
        "paragraph_scoreT_avg": 2.5333333,
        "paragraph_id": "001"
      }
    ],
    "essay_scoreT": [
      30,
      27.6,
      21.2
    ],
    "essay_scoreT_avg": 26.266668,
    "essay_scoreT_detail": {
      "essay_scoreT_org": [
        [
          3,
          3,
          3,
          3
        ],
        [
          3,
          3,
          3,
          3
        ],
        [
          2,
          2,
          2,
          2
        ]
      ],
      "essay_scoreT_cont": [
        [
          3,
          3,
          3,
          3
        ],
        [
          3,
          3,
          3,
          3
        ],
        [
          2,
          2,
          2,
          2
        ]
      ],
      "essay_scoreT_exp": [
        [
          3,
          3,
          3
        ],
        [
          3,
          2,
          2
        ],
        [
          2,
          3,
          2
        ]
      ]
    }
  },
  "student": {
    "date": "2021.09.03",
    "student_educated": true,
    "student_grade": "고등_2학년",
    "location": "051",
    "student_grade_group": "고등",
    "student_reading": 3
  },
  "rubric": {
    "essay_grade": "고등_2학년",
    "organization_weight": {
      "org_paragraph": 3,
      "org": 3,
      "org_essay": 3,
      "org_coherence": 3,
      "org_quantity": 1
    },
    "essay_type": "주장",
    "content_weight": {
      "con_clearance": 3,
      "con_novelty": 3,
      "con": 4,
      "con_prompt": 1,
      "con_description": 3
    },
    "essay_main_subject": "지적 재산권에 대한 본인의 생각 작성",
    "expression_weight": {
      "exp_style": 4,
      "exp_grammar": 2,
      "exp_vocab": 4,
      "exp": 3
    }
  },
  "correction": [],
  "info": {
    "essay_id": "ESSAY_35656",
    "essay_prompt": " 지적재산권이란 특허권, 실용신안권, 상표권, 디자인권을 총칭하는 개념으로 지적재산권법은 정보생산자에게 일정기간 동안 시장에서의 배타적 지위를 부여하고 있습니다.\n\n 즉, 지적 재산권은 특정 사람이 생각/창작해낸 것을 다른사람들의 무분별한 이용으로 부터 지켜주는 것입니다. 이러한 지적재산권은 개인 혹은 회사 더 나아가 나라에 귀속될 수 있습니다.\n\n 다만, 코로나 시대인 요즘 전 세계적인 재앙인 코로나를 물리칠 수 있는 백신에 대한 지적재산권을 자유롭게 풀어야한다는 의견이 계속해서 나오고 있습니다. \n\n 지적 재산권이 있는 제약회사가 있는 나라의 경우 백신이 충분하며 백신을 맞는 것이 선택의 문제인 반면, 그렇지 못한 나라는 백신을 맞고 싶어도 맞지 못하는 사람들이 많고 항체가 없어 사망하는 경우도 비교적 많이 때문입니다.\n\n 전 세계의 문제를 해결하기 위해 수 많은 돈을 들여 개발한 백신의 지적재산권을 공유하는 것이 의무화 되어야 할까요? 아니면 회사의 선택에 맡겨야할까요? 보상은 어떻게 해야할까요? \n\n 전 세계에 무상으로 공개 해야 한다는 의견이 있을 수도 있고 무상으로 공개한 회사의 경우 팬더믹 상황이 종결 된 후 따로 보상을 해주어야 한다는 의견도 있을 겁니다. 지적재산권의 변하지 않는 신뢰를 위해서라도 무상 공개는 절대 있어서는 안된다는 의견도 있을 것입니다.\n\n 지금까지도 펜더믹 상황에서 코로나19 백신에 대한 특허권을 보장해야 하느냐 풀어야 하느냐 의견이 분분합니다. 이에 대한 자신의 주장을 작성해주세요. 또한, 그렇게 생각한 이유도 설명해주세요.",
    "essay_type": "주장",
    "essay_level": "1",
    "essay_len": 973,
    "essay_main_subject": "지적 재산권에 대한 본인의 생각 작성"
  }
}