{
  "paragraph": [
    {
      "paragraph_txt": "저는 시대가 바뀌면 평가 방식도 바뀌어야 한다고 생각합니다.#@문장구분# 예를 들어서 예전에는 수능으로 거의 다 대학을 가는 것을 결정지었다면 최근에는 학교 내에서 다양하게 활동을 해서 경력을 쌓아서 그것을 성적과 함께 평가를 하는 학종으로도 학생들이 많이 대학에 갔는데, 이제는 그 교내활동이 편파적이라는 얘기 때문에 그것도 조금 축소되었다고 들었습니다.#@문장구분# 이렇게 시대가 바뀌고 환경이 바뀌면서 평가방식도 바뀝니다. #@문장구분#하지만 이 평가 방식들은 모든 학생들에게는 적합하지 않을 것입니다. #@문장구분#그렇지만 어쩔 수 없다고 생각합니다.#@문장구분# 모든 학생들에게 적합한 평가방식을 만드는 것은 절대 불가능하다고 생각합니다.#@문장구분# 그렇게 하려면 정말 다양한 평가방식이 필요하고 그것을 심사하는 사람들은 머리가 많이 아플 것입니다.#@문장구분# 그래서 그나마 현재의 방식들이 가장 객관적으로 평가하기 위해서 만들어낸 평가방식일 것입니다.#@문장구분# 누군가는 이런 평가 방식들에 불만을 가졌을 수도 있습니다.#@문장구분# 하지만 누군가는 감수해야 할 것이라고 생각합니다.#@문장구분# 모두가 만족할 만한 평가방식은 없습니다.#@문장구분# 특정 기준으로 성과도를 평가하는 것은 저는 나쁘지 않다고 생각합니다.#@문장구분# 그 기준을 객관적이게만 만든다면 말입니다.#@문장구분# 그리고 그 평가의 지표가 마음에 들지 않는 학생이 있더라도 어쩔 수 없습니다. #@문장구분#그것에 따라야 한다고 생각합니다. #@문장구분#한명한명 비위를 맞춰주다 보면 평가하는 장이 너무 지저분해질 것이라고 생각합니다.#@문장구분# 가장 깔끔하고 객관적인 기준을 만든 것이 그 기준일 것이기 때문에 그냥 그 기준에 따랐으면 좋겠습니다.#@문장구분# 물론 정말 말도 안 되고 편파적이라고 생각되는 그런 기준이 있다면 그런 것은 수정해야 합니다.#@문장구분#",
      "paragraph_len": 1162,
      "paragraph_id": "001"
    }
  ],
  "score": {
    "paragraph_score": [
      {
        "paragraph_scoreT": [
          2.6,
          3,
          2.6
        ],
        "paragraph_scoreT_detail": {
          "paragraph_scoreT_exp": [
            [
              3,
              3,
              2
            ],
            [
              3,
              3,
              3
            ],
            [
              3,
              3,
              2
            ]
          ]
        },
        "paragraph_scoreT_avg": 2.7333333,
        "paragraph_id": "001"
      }
    ],
    "essay_scoreT": [
      22.099998,
      27,
      26.3
    ],
    "essay_scoreT_avg": 25.133331,
    "essay_scoreT_detail": {
      "essay_scoreT_org": [
        [
          2,
          0,
          2,
          3
        ],
        [
          2,
          0,
          3,
          3
        ],
        [
          3,
          0,
          2,
          3
        ]
      ],
      "essay_scoreT_cont": [
        [
          2,
          2,
          2,
          2
        ],
        [
          3,
          2,
          3,
          3
        ],
        [
          3,
          3,
          2,
          2
        ]
      ],
      "essay_scoreT_exp": [
        [
          3,
          3,
          2
        ],
        [
          3,
          3,
          3
        ],
        [
          3,
          3,
          2
        ]
      ]
    }
  },
  "student": {
    "date": "2021.12.23",
    "student_educated": true,
    "student_grade": "고등_1학년",
    "location": "054",
    "student_grade_group": "고등",
    "student_reading": 1
  },
  "rubric": {
    "essay_grade": "고등_1학년",
    "organization_weight": {
      "org_paragraph": 0,
      "org": 3,
      "org_essay": 6,
      "org_coherence": 3,
      "org_quantity": 1
    },
    "essay_type": "주장",
    "content_weight": {
      "con_clearance": 3,
      "con_novelty": 3,
      "con": 4,
      "con_prompt": 1,
      "con_description": 3
    },
    "essay_main_subject": "평가에 대한 본인의 의견",
    "expression_weight": {
      "exp_style": 4,
      "exp_grammar": 2,
      "exp_vocab": 4,
      "exp": 3
    }
  },
  "correction": [],
  "info": {
    "essay_id": "ESSAY_83366",
    "essay_prompt": " 평가는 일반적으로 평가대상의 장점과 가치를 결정하는 과정을 말합니다.\n\n 세상에는 무수히 많은 평가 방법들이 존재하고 그 주제도 다양합니다.\n\n 우리나라의 경우는 어떨까요? 중간, 기말시험이 있고 미술과 같은 기본기와 창의성을 평가하는 과목도 있습니다. 체육과 같은 신체적인 능력을 평가하는 과목도 있지요. 모두 적절한 기준이 있으며 매우 객관적인 기준이라고 말합니다.\n\n 하지만 여러분이 생각하기에 모든 학생을 동일한 평가지표에 맞추어 평가하는 것이 올바른 방식이라고 생각하나요?\n\n 사람마다 특성이 존재하듯 각각의 목표 또한 다르고 성과도 다를 수 있습니다. 특정 기준에 의존해 본인의 성과도를 평가하는 것이 바르다고 생각되나요?\n\n 현재의 평가 방식은 최고의 객관적인 평가 방식이라고 생각하신다면 그 이유를 작성해주세요. 아니라면 어떤 평가 기준이 추가되어야 하고 또한 어떤 생각으로 평가가 이루어졌으면 좋겠는지 서술해 주세요.",
    "essay_type": "주장",
    "essay_level": "2",
    "essay_len": 802,
    "essay_main_subject": "평가에 대한 본인의 의견"
  }
}