{
  "paragraph": [
    {
      "paragraph_txt": "현재 우리가 하는 시험 혹은 수행평가 등 우리의 결과물을 평가하는 일은 평소에도 자주 있다.#@문장구분#  나같은 경우는 공부를 그리 잘하는 편은 아니기에 시험이나 수행평가의 대한 평가는 항상 낮은 점수를 기록하고 있다.#@문장구분#  그렇다고 내가 이 평가에 대해 부정적이냐?#@문장구분#  그건 아니다.#@문장구분#  이 평가란 우리의 수행능력을 평가하고 평소했던 노력에 대해 평가하는 것이기 때문에 평소 노력해왔던 사람이라면 이 평가를 긍정적인 방향으로 볼 것이라고 생각한다.#@문장구분#  장점과 가치를 결정하는 과정을 평가라고 하였을 때 이 평가는 우리에게 굉장히 중요한 역할을 한다.#@문장구분# 특히 우리나라 학생이라면 많은 평가를 받고 자란다.#@문장구분# 초.중.고등학교, 혹은 대학교에서 아니 더 나아가 직장에서 까지 우리는 평생 평가를 받고 산다.#@문장구분#  사람마다 잘하는 것이 다르기에 우리는 그것을 해보고 평가를 받아 이것을 계속할지 아니면 여기서 그만 할지를 평가에서 선택해야 한다. #@문장구분#그러므로 우리나라 평가 기준과 방법이 바뀌어야 한다고 생각한다.#@문장구분# 스스로 탐구하고 스스로 깨달아서 수업에 흥미를 이끌어내고 발표에 익숙해질 수 있는 탐구형 평가와  PPT로 발표로 자료를 만들어 수업에 관련된 것들과 수업에 대해서 탐구하고 깨달을수 있는 그러한  활동들 그리고 대학에서 수시 전형 중 하나인 논술. 논술은 사람의 생각을 더 풍부하게 만들어준다고 느끼는 바다.#@문장구분# 이러한 평가들로 인해 우리의 삶은 더 폭넓게 변화 될거라고 생각한다.#@문장구분#  그리고 이 평가라는 지표가 삶의 기여도를 높여 줄 거라고 생각한다.#@문장구분#  앞으로 개개인의 특성과 개성을 살리는 평가방식들이 발전되어 개개인마다 다른 평가방식을 적용해 좋은 평가방법으로 자리잡았으면 좋겠다고 생각한다.#@문장구분#",
      "paragraph_len": 1103,
      "paragraph_id": "001"
    }
  ],
  "score": {
    "paragraph_score": [
      {
        "paragraph_scoreT": [
          2.8,
          3,
          2.8
        ],
        "paragraph_scoreT_detail": {
          "paragraph_scoreT_exp": [
            [
              2,
              3,
              3
            ],
            [
              3,
              3,
              3
            ],
            [
              2,
              3,
              3
            ]
          ]
        },
        "paragraph_scoreT_avg": 2.8666668,
        "paragraph_id": "001"
      }
    ],
    "essay_scoreT": [
      29.4,
      27,
      28.5
    ],
    "essay_scoreT_avg": 28.300001,
    "essay_scoreT_detail": {
      "essay_scoreT_org": [
        [
          3,
          0,
          3,
          3
        ],
        [
          2,
          0,
          3,
          3
        ],
        [
          3,
          0,
          2,
          3
        ]
      ],
      "essay_scoreT_cont": [
        [
          3,
          3,
          3,
          3
        ],
        [
          2,
          3,
          3,
          3
        ],
        [
          3,
          3,
          3,
          3
        ]
      ],
      "essay_scoreT_exp": [
        [
          2,
          3,
          3
        ],
        [
          3,
          3,
          3
        ],
        [
          2,
          3,
          3
        ]
      ]
    }
  },
  "student": {
    "date": "2021.12.15",
    "student_educated": true,
    "student_grade": "고등_1학년",
    "location": "063",
    "student_grade_group": "고등",
    "student_reading": 2
  },
  "rubric": {
    "essay_grade": "고등_1학년",
    "organization_weight": {
      "org_paragraph": 0,
      "org": 3,
      "org_essay": 6,
      "org_coherence": 3,
      "org_quantity": 1
    },
    "essay_type": "주장",
    "content_weight": {
      "con_clearance": 3,
      "con_novelty": 3,
      "con": 4,
      "con_prompt": 1,
      "con_description": 3
    },
    "essay_main_subject": "평가에 대한 본인의 의견",
    "expression_weight": {
      "exp_style": 4,
      "exp_grammar": 2,
      "exp_vocab": 4,
      "exp": 3
    }
  },
  "correction": [],
  "info": {
    "essay_id": "ESSAY_65996",
    "essay_prompt": " 평가는 일반적으로 평가대상의 장점과 가치를 결정하는 과정을 말합니다.\n\n 세상에는 무수히 많은 평가 방법들이 존재하고 그 주제도 다양합니다.\n\n 우리나라의 경우는 어떨까요? 중간, 기말시험이 있고 미술과 같은 기본기와 창의성을 평가하는 과목도 있습니다. 체육과 같은 신체적인 능력을 평가하는 과목도 있지요. 모두 적절한 기준이 있으며 매우 객관적인 기준이라고 말합니다.\n\n 하지만 여러분이 생각하기에 모든 학생을 동일한 평가지표에 맞추어 평가하는 것이 올바른 방식이라고 생각하나요?\n\n 사람마다 특성이 존재하듯 각각의 목표 또한 다르고 성과도 다를 수 있습니다. 특정 기준에 의존해 본인의 성과도를 평가하는 것이 바르다고 생각되나요?\n\n 현재의 평가 방식은 최고의 객관적인 평가 방식이라고 생각하신다면 그 이유를 작성해주세요. 아니라면 어떤 평가 기준이 추가되어야 하고 또한 어떤 생각으로 평가가 이루어졌으면 좋겠는지 서술해 주세요.",
    "essay_type": "주장",
    "essay_level": "2",
    "essay_len": 823,
    "essay_main_subject": "평가에 대한 본인의 의견"
  }
}