{
  "paragraph": [
    {
      "paragraph_txt": "코로나가 계속 유행됨에 따라 아시안에 대한 인종차별적 현상들이 많이 발생하였습니다. #@문장구분#인종차별은 피부색이나 출신국을 잣대로 한 사람의 귀함과 추함을 구분하는 말과 행동을 의미합니다. #@문장구분#유럽에서는 인종차별이 번번히 발생한다는 말을 들은 적이 있지만 인종차별과 관련된 역사적 과오가 있는 독일에서는 인종차별을 하는 사람에게 따가운 시선을 보내는 분위기가 있다고도 합니다. #@문장구분#하지만, 일상적인 상황에서 벌어지는 차별은 개인 간의 사소한 갈등으로 곧잘 치부되어 버리고 마는 것  같아서 이런 경우 차별을 받은 피해자는 자신에게 닥친 불평등한 상황에 대해 대처를 강경하게 해야 한다고 생각합니다. #@문장구분#그러기 위해서는 우선 확실한 인종차별에 대한 개념이 있어야 합니다. #@문장구분#인종차별은 땀흘려 얻지 않은 밝은 피부색을 하나를 가지고서 자기가 누군가보다 우수하다고 믿고, 쪼그라든 자존감을 가감없이 드러내는 뒤틀린 우월감입니다.#@문장구분# 인종차별은 그 이상 그 이하도 아님을 알고 그들의 잘못에 대해 알려주어야 합니다. #@문장구분#이들은 타인 뿐 아니라 나아가 스스로를 좀먹는 감정과 연관은 있을지 모르나, 치유와 해결에 대한 책임은 오로지 본인에게 있다는 것을 알고 있어야 할것입니다.#@문장구분# 결과적으로 한 인간의 존엄함을 빼앗을 힘이 없는 빈곤한 사상인것입니다.#@문장구분# 인종차별에 반대하는 사람들은 우리 주변에 생각보다 많습니다. #@문장구분#자신을 건강하게 사랑하고 삶의 균형을 잘 잡고 살아가는 사람일수록, 다양한 경험을 통해 체득한 국제적인 감각이 풍부한 사람일수록 인종차별이라는 극단적 차별주의를 고수하는 것만큼 어려운 일도 없을 것입니다.#@문장구분# 우리는 인종차별을 받은 피해자에 대해 두려운 마음이나 아픈 기억이 있는지 공감하고 놀라거나 화나고 슬펐던 감정을 충분히 같이 느껴주는게 피해자를 위로해 주는 우선적 방법일 것이다.#@문장구분# 한 사람의 존엄함은 누군가가 세운 기준으로 정해질 수 없습니다. #@문장구분#상처와 두려움은 그들의 말도 않되는 인종차별사상에 대해 바로 알고 있을 때 적절히 대처하고 이런 자세로 당당해질 때 저절로 극복될 것이라고 생각합니다.#@문장구분#",
      "paragraph_len": 1273,
      "paragraph_id": "001"
    }
  ],
  "score": {
    "paragraph_score": [
      {
        "paragraph_scoreT": [
          3,
          2.8,
          2.4
        ],
        "paragraph_scoreT_detail": {
          "paragraph_scoreT_exp": [
            [
              3,
              3,
              3
            ],
            [
              2,
              3,
              3
            ],
            [
              2,
              2,
              3
            ]
          ]
        },
        "paragraph_scoreT_avg": 2.7333336,
        "paragraph_id": "001"
      }
    ],
    "essay_scoreT": [
      30,
      29.4,
      24.3
    ],
    "essay_scoreT_avg": 27.9,
    "essay_scoreT_detail": {
      "essay_scoreT_org": [
        [
          3,
          3,
          3,
          3
        ],
        [
          3,
          3,
          3,
          3
        ],
        [
          2,
          2,
          2,
          3
        ]
      ],
      "essay_scoreT_cont": [
        [
          3,
          3,
          3,
          3
        ],
        [
          3,
          3,
          3,
          3
        ],
        [
          3,
          2,
          3,
          3
        ]
      ],
      "essay_scoreT_exp": [
        [
          3,
          3,
          3
        ],
        [
          2,
          3,
          3
        ],
        [
          2,
          2,
          3
        ]
      ]
    }
  },
  "student": {
    "date": "2021.11.25",
    "student_educated": true,
    "student_grade": "고등_2학년",
    "location": "063",
    "student_grade_group": "고등",
    "student_reading": 1
  },
  "rubric": {
    "essay_grade": "고등_2학년",
    "organization_weight": {
      "org_paragraph": 3,
      "org": 3,
      "org_essay": 3,
      "org_coherence": 3,
      "org_quantity": 1
    },
    "essay_type": "주장",
    "content_weight": {
      "con_clearance": 3,
      "con_novelty": 3,
      "con": 4,
      "con_prompt": 1,
      "con_description": 3
    },
    "essay_main_subject": "인종차별에 대한 본인의 생각",
    "expression_weight": {
      "exp_style": 4,
      "exp_grammar": 2,
      "exp_vocab": 4,
      "exp": 3
    }
  },
  "correction": [],
  "info": {
    "essay_id": "ESSAY_53117",
    "essay_prompt": " 최근 중국발 코로나바이러스로 인해 동양인에 대한 혐오감을 나타내는 서양인들이 늘어나고 있습니다. 그로 인해, 매스컴이나 SNS에서 인종차별을 받아 힘들어하는 동양인들을 자주 목격할 수 있습니다.\n\n 하지만, 최근에만 인종차별이 존재했을까요? 아닙니다. 아주 오래전부터 다른 인종에 대한 차별은 있었습니다.\n\n 우리나라에서는 인종차별을 안 하고 있을까요? 아닙니다. 우리나라에서도 알게 모르게 많은 부분에서 다른 국가의 사람들에 대해 인종차별을 하고 있으며 누군가에게 상처를 주고 있습니다.\n\n 즉, 인종차별은 누군가의 문제가 아니라 우리 모두의 문제입니다.\n\n 여러분들은 인종차별을 당해보신 적 있나요? 인종차별을 하는 사람들에 대해 어떻게 생각하시나요? 왜 생겨났다고 생각하나요? 인종차별을 근절하기 위해서는 어떻게 해야 할까요? 인종차별을 하는 사람들에 대해 전 세계적으로 처벌의 강도를 높여야 할까요?\n\n 인종차별을 하는 사람들에 대한 본인의 생각을 작성하고 인종차별은 해결할 수 있는 문제일지 아니면 해결하지 어려운 문제일지 작성해주세요. 또한, 그렇게 생각한 이유와 본인이 생각한 해결방법 혹은 해결할 수 없다면 왜 해결할 수 없다고 생각하는지 작성해주세요.",
    "essay_type": "주장",
    "essay_level": "1",
    "essay_len": 993,
    "essay_main_subject": "인종차별에 대한 본인의 생각"
  }
}