{
  "paragraph": [
    {
      "paragraph_txt": "인종차별이란 단어를 들으면 생각나는 책이 있다. #@문장구분#바로 '검은 후드티 소년' 이라는 책이다. #@문장구분#이 책에서는 흑인 소년이 인종차별로 인하여 안타까운 죽음을 맞이한다. #@문장구분#그렇지만 그에 그치는 완전한 비극이 아니라, 인종차별에 대한 인식을 개선하기 위해 시위를 일으키는 내용을 담고 있다. #@문장구분#그러므로 인종차별은 충분히 해결할 수 있다.#@문장구분# 단순이 백인-흑인 뿐만 아니라 동양인-서양인도 마찬가지이다.#@문장구분#\n 그러기 위해 우선적으로 인종차별에 관한 법이 강화되었으면 좋겠다고 생각한다.#@문장구분# 인종차별 역시 사람들의 인식부터 바꾸어야 한다. #@문장구분#검은 후드티 소년에 나오는 후디스 운동 역시 법을 비판하는 사례 중 하나이다. #@문장구분#인종차별로 사람 한 명을 처참히 죽였지만 본인이 위협을 느꼈다는 말도 안 되는 이유로 풀려나는 어이없는 법이 아닌, 그 사람 역시 살인자로 판단해야 하는 법을 말하는 것이다.#@문장구분# 이유없는 구타와 같은 인종차별 역시 범죄임을 잊어서는 안된다.#@문장구분#\n 또 인식을 바꾸기 위해 우린 스스로가 가지고 있는 편견을 깨부숴야 한다. #@문장구분#검은 후드티를 입었다는 이유로 범죄자로 몰리는 잘못된 예시가 이 의견을 뒷받침해주고 있다. #@문장구분#동양인이라면 눈이 찢어졌다느니 귀가 원숭이 같다느니. #@문장구분#이 모든 것은 다 배움이 부족한 사람들이 가지고 있는 편견이다.#@문장구분#\n 우리 사회에서는 지금도 수많은 인종차별을 반대하는 목소리가 나오고 있다. #@문장구분#인종차별은 없어지지 않는 아픔, 마음 한 구석에 안고 살아가야하는 흉터와 비슷하다. #@문장구분#어떤 법을 만들고 어떤 노력을 해도 고쳐지지 않는 사람이 있을 것이다. #@문장구분#그럼에도 우리는 노력해야한다.#@문장구분# 한 명의 피해자라도 줄이기 위해 우리 사회, 그 사회에 포함된 일원들이 노력을 가세해 하나가 되었으면 좋겠다. #@문장구분#미래에는 인종차별이 사라져 서로 하하 호호 웃으며 잘 지낼수 있는 사회가 왔으면 좋겠다.",
      "paragraph_len": 1279,
      "paragraph_id": "001"
    }
  ],
  "score": {
    "paragraph_score": [
      {
        "paragraph_scoreT": [
          3,
          2.4,
          2.2
        ],
        "paragraph_scoreT_detail": {
          "paragraph_scoreT_exp": [
            [
              3,
              3,
              3
            ],
            [
              2,
              3,
              2
            ],
            [
              3,
              2,
              2
            ]
          ]
        },
        "paragraph_scoreT_avg": 2.5333335,
        "paragraph_id": "001"
      }
    ],
    "essay_scoreT": [
      30,
      25.2,
      26.7
    ],
    "essay_scoreT_avg": 27.300001,
    "essay_scoreT_detail": {
      "essay_scoreT_org": [
        [
          3,
          3,
          3,
          3
        ],
        [
          3,
          2,
          2,
          3
        ],
        [
          3,
          2,
          3,
          3
        ]
      ],
      "essay_scoreT_cont": [
        [
          3,
          3,
          3,
          3
        ],
        [
          3,
          2,
          3,
          3
        ],
        [
          3,
          3,
          3,
          3
        ]
      ],
      "essay_scoreT_exp": [
        [
          3,
          3,
          3
        ],
        [
          2,
          3,
          2
        ],
        [
          3,
          2,
          2
        ]
      ]
    }
  },
  "student": {
    "date": "2021.12.08",
    "student_educated": true,
    "student_grade": "고등_2학년",
    "location": "031",
    "student_grade_group": "고등",
    "student_reading": 1
  },
  "rubric": {
    "essay_grade": "고등_2학년",
    "organization_weight": {
      "org_paragraph": 3,
      "org": 3,
      "org_essay": 3,
      "org_coherence": 3,
      "org_quantity": 1
    },
    "essay_type": "주장",
    "content_weight": {
      "con_clearance": 3,
      "con_novelty": 3,
      "con": 4,
      "con_prompt": 1,
      "con_description": 3
    },
    "essay_main_subject": "인종차별에 대한 본인의 생각",
    "expression_weight": {
      "exp_style": 4,
      "exp_grammar": 2,
      "exp_vocab": 4,
      "exp": 3
    }
  },
  "correction": [],
  "info": {
    "essay_id": "ESSAY_56657",
    "essay_prompt": " 최근 중국발 코로나바이러스로 인해 동양인에 대한 혐오감을 나타내는 서양인들이 늘어나고 있습니다. 그로 인해, 매스컴이나 SNS에서 인종차별을 받아 힘들어하는 동양인들을 자주 목격할 수 있습니다.\n\n 하지만, 최근에만 인종차별이 존재했을까요? 아닙니다. 아주 오래전부터 다른 인종에 대한 차별은 있었습니다.\n\n 우리나라에서는 인종차별을 안 하고 있을까요? 아닙니다. 우리나라에서도 알게 모르게 많은 부분에서 다른 국가의 사람들에 대해 인종차별을 하고 있으며 누군가에게 상처를 주고 있습니다.\n\n 즉, 인종차별은 누군가의 문제가 아니라 우리 모두의 문제입니다.\n\n 여러분들은 인종차별을 당해보신 적 있나요? 인종차별을 하는 사람들에 대해 어떻게 생각하시나요? 왜 생겨났다고 생각하나요? 인종차별을 근절하기 위해서는 어떻게 해야 할까요? 인종차별을 하는 사람들에 대해 전 세계적으로 처벌의 강도를 높여야 할까요?\n\n 인종차별을 하는 사람들에 대한 본인의 생각을 작성하고 인종차별은 해결할 수 있는 문제일지 아니면 해결하지 어려운 문제일지 작성해주세요. 또한, 그렇게 생각한 이유와 본인이 생각한 해결방법 혹은 해결할 수 없다면 왜 해결할 수 없다고 생각하는지 작성해주세요.",
    "essay_type": "주장",
    "essay_level": "1",
    "essay_len": 880,
    "essay_main_subject": "인종차별에 대한 본인의 생각"
  }
}