{
  "paragraph": [
    {
      "paragraph_txt": "우리나라에서 예능인으로 활동하고 있는 가나인 샘 오취리는 자신의 유튜브 채널 '5723 오취리삶'에 '[가나형쿡방] 샘오취리 가나 전통음식 레시피'라는 제목으로 영상을 올렸습니다.#@문장구분# 영상에서 샘 오취리는 '레드레드'라는 가나 전통 음식 레시피를 소개했습니다.#@문장구분# 그는 한국말로 \"다이어트에도 도움이 되고, 채식주의자에게도 부담 없는 요리\"라고 설명했습니다.#@문장구분# 그러나 누리꾼들은 해당 영상에 \"싫어요 누르러 왔습니다\", \"한국에서 나가라\" 등 부정적인 댓글을 달기 시작했습니다.#@문장구분# \"가나에 불도 있나? 대충 우가우가 사냥해서 생식 안 함?\", \"다음 콘텐츠는 목화밭\", \"가나 돈 없어서 흙 퍼먹는 게 전통음식 아니었냐\" 등 흑인과 가나를 비하하는 댓글을 남기기도 했습니다.#@문장구분# 이런 도를 넘는 인종차별을 보고 있으니 얼굴이 화끈거리고 이런 말을 남기는 사람들이 나와 같은 한국이라는 사실이 참으로 부끄럽게만 느껴졌습니다.#@문장구분# 그런데 샘 오취리는 지난해 인스타그램에 인기 밈인 '관짝소년단'을 따라 흑인 분장을 한 의정부고 학생들의 졸업 사진에 관해 \"흑인 비하\"라고 지적했다가 논란에 휩싸인적이 있었습니다.#@문장구분# 왜냐하면 의정부고 졸업사진은 매년 재미있는 사진으로 이슈가 되어왔기 때문에 우리나라 정서에 그들의 행동이 인종차별적 행동이라는 사실을 인지하지 못하고 있었기 때문인 것 같습니다.#@문장구분# 이일 이후 누리꾼들은 샘 오취리가 JTBC '비정상회담' 등에 출연해 동양인을 비하하는 뜻이 담긴 눈 찢기를 한 사실을 지적했습니다.#@문장구분# 오취리 역시도 동양인을 비하하는 뜻의 눈찢기가 큰 잘못이라는 사실을 인지하지 못하고 그냥 그들이 유머로써 재미있게 행동한 일이었을 것입니다.#@문장구분# 이렇듯 우리의 생활속에 만연해 있는 인종차별은 나도 모르게 아무도 모르게 툭툭 튀어나오고 그것이 잘못된 행동이고 잘못된 표현인지도 모른채 살아가고 있습니다.#@문장구분# 이것은 교육의 부재라고 생각합니다.#@문장구분# 크게 생각해서 인종차별은 피부색이나 생김새로 차별과 모욕을 받는 것이라고 생각하지만 그들의 문화,전통,생김새 등에 대해 웃음의 소재로 삼는 것 또한 그들을 조롱하는 것과 같은 맥락입니다.#@문장구분# 우리는 인종차별교육을 좀더 강화해야 합니다.#@문장구분# 수많은 인종에 대해 배우고 그들의 장점과 문화에 대해 잘 알고 있으면 이런 일이 벌어지지 않을 거라고 생각합니다.#@문장구분#",
      "paragraph_len": 1410,
      "paragraph_id": "001"
    }
  ],
  "score": {
    "paragraph_score": [
      {
        "paragraph_scoreT": [
          3,
          3,
          3
        ],
        "paragraph_scoreT_detail": {
          "paragraph_scoreT_exp": [
            [
              3,
              3,
              3
            ],
            [
              3,
              3,
              3
            ],
            [
              3,
              3,
              3
            ]
          ]
        },
        "paragraph_scoreT_avg": 3,
        "paragraph_id": "001"
      }
    ],
    "essay_scoreT": [
      30,
      28.8,
      30
    ],
    "essay_scoreT_avg": 29.6,
    "essay_scoreT_detail": {
      "essay_scoreT_org": [
        [
          3,
          3,
          3,
          3
        ],
        [
          3,
          3,
          3,
          3
        ],
        [
          3,
          3,
          3,
          3
        ]
      ],
      "essay_scoreT_cont": [
        [
          3,
          3,
          3,
          3
        ],
        [
          3,
          2,
          3,
          3
        ],
        [
          3,
          3,
          3,
          3
        ]
      ],
      "essay_scoreT_exp": [
        [
          3,
          3,
          3
        ],
        [
          3,
          3,
          3
        ],
        [
          3,
          3,
          3
        ]
      ]
    }
  },
  "student": {
    "date": "2021.11.25",
    "student_educated": true,
    "student_grade": "고등_2학년",
    "location": "063",
    "student_grade_group": "고등",
    "student_reading": 1
  },
  "rubric": {
    "essay_grade": "고등_2학년",
    "organization_weight": {
      "org_paragraph": 3,
      "org": 3,
      "org_essay": 3,
      "org_coherence": 3,
      "org_quantity": 1
    },
    "essay_type": "주장",
    "content_weight": {
      "con_clearance": 3,
      "con_novelty": 3,
      "con": 4,
      "con_prompt": 1,
      "con_description": 3
    },
    "essay_main_subject": "인종차별에 대한 본인의 생각",
    "expression_weight": {
      "exp_style": 4,
      "exp_grammar": 2,
      "exp_vocab": 4,
      "exp": 3
    }
  },
  "correction": [],
  "info": {
    "essay_id": "ESSAY_53090",
    "essay_prompt": " 최근 중국발 코로나바이러스로 인해 동양인에 대한 혐오감을 나타내는 서양인들이 늘어나고 있습니다. 그로 인해, 매스컴이나 SNS에서 인종차별을 받아 힘들어하는 동양인들을 자주 목격할 수 있습니다.\n\n 하지만, 최근에만 인종차별이 존재했을까요? 아닙니다. 아주 오래전부터 다른 인종에 대한 차별은 있었습니다.\n\n 우리나라에서는 인종차별을 안 하고 있을까요? 아닙니다. 우리나라에서도 알게 모르게 많은 부분에서 다른 국가의 사람들에 대해 인종차별을 하고 있으며 누군가에게 상처를 주고 있습니다.\n\n 즉, 인종차별은 누군가의 문제가 아니라 우리 모두의 문제입니다.\n\n 여러분들은 인종차별을 당해보신 적 있나요? 인종차별을 하는 사람들에 대해 어떻게 생각하시나요? 왜 생겨났다고 생각하나요? 인종차별을 근절하기 위해서는 어떻게 해야 할까요? 인종차별을 하는 사람들에 대해 전 세계적으로 처벌의 강도를 높여야 할까요?\n\n 인종차별을 하는 사람들에 대한 본인의 생각을 작성하고 인종차별은 해결할 수 있는 문제일지 아니면 해결하지 어려운 문제일지 작성해주세요. 또한, 그렇게 생각한 이유와 본인이 생각한 해결방법 혹은 해결할 수 없다면 왜 해결할 수 없다고 생각하는지 작성해주세요.",
    "essay_type": "주장",
    "essay_level": "1",
    "essay_len": 1110,
    "essay_main_subject": "인종차별에 대한 본인의 생각"
  }
}