{
  "paragraph": [
    {
      "paragraph_txt": "세상에는 무수히 많은 평가 방법들이 존재하고 그 주제도 다양하다.#@문장구분# 모든 학생을 동일한 평가지표에 맞추어 평가하는 것이 올바른 방식이라 생각하지 않는다.#@문장구분# 사람마다 특성이 존재하듯 각각의 목표 또한 다르고 성과도 다를 수 있다.#@문장구분# 특정 기준에 의해 본인의 성과도를 평가하는 것이 맞는 방식이라고 생각하지 않는다.#@문장구분# 수학능력시험에 대하여 정의를 제대로 실현하는 평가방식이 정정당당 하다고 생각한다.#@문장구분# 수능을 위해 몇 년을 노력하고 고생한 만큼 시험을 잘 치르게 되면 사람들은 수능을 객관적인 평가방법이라고 이야기할 것이다.#@문장구분# 또 어쩔 수 없이 대학을 위해 수학능력시험을 치는 것이다.#@문장구분# 그렇게 중요한 수학능력시험이 난 학생들이 교육과정을 잘 따르고 열심히 공부했나를 보는 수학능력평가의 정의를 제대로 실현하고 있다고 생각한다.#@문장구분# 그렇지만 한편으로는 우리가 생각하기에 모든 학생들이 수학능력시험이라는 동일한 평가 지표에 맞추어 평가받는 것이 올바른 방식이라고 생각하는가에 대한 각자의 기준이 다르고 생각이 다르기 때문에 나는 여러 사람들의 이야기도 한 번 들어보고 싶다.#@문장구분#",
      "paragraph_len": 713,
      "paragraph_id": "001"
    },
    {
      "paragraph_txt": "사실 나도 수학능력시험은 최고의 객관적인 평가 방식이라고 생각이 들면서 한 편으로는 너무 편협한 기준에 대한 평가 방식이라고 생각하기도 하기 때문이다.#@문장구분# 몇 년의 노력이 하루로 결정되는 건 너무 안타깝기 때문이다.#@문장구분# 그래서 나는 여러 사람의 이야기를 들어보고 서로의 의견을 수용하고 존중하면서 평가에 대한 기준들을 하나하나 좁혀나가다 보면 시간이 오래 걸리고 이 모든 것이 채택 되기 까지는 어려움이 있을 수 있지만 결국에 나중에 미래에는 화창한 해가 뜰 것이라고 생각한다.#@문장구분#",
      "paragraph_len": 323,
      "paragraph_id": "002"
    }
  ],
  "score": {
    "paragraph_score": [
      {
        "paragraph_scoreT": [
          3,
          3,
          2.8
        ],
        "paragraph_scoreT_detail": {
          "paragraph_scoreT_exp": [
            [
              3,
              3,
              3
            ],
            [
              3,
              3,
              3
            ],
            [
              2,
              3,
              3
            ]
          ]
        },
        "paragraph_scoreT_avg": 2.9333334,
        "paragraph_id": "001"
      },
      {
        "paragraph_scoreT": [
          3,
          3,
          3
        ],
        "paragraph_scoreT_detail": {
          "paragraph_scoreT_exp": [
            [
              3,
              3,
              3
            ],
            [
              3,
              3,
              3
            ],
            [
              3,
              3,
              3
            ]
          ]
        },
        "paragraph_scoreT_avg": 3,
        "paragraph_id": "002"
      }
    ],
    "essay_scoreT": [
      30,
      30,
      26
    ],
    "essay_scoreT_avg": 28.666666,
    "essay_scoreT_detail": {
      "essay_scoreT_org": [
        [
          3,
          0,
          3,
          3
        ],
        [
          3,
          0,
          3,
          3
        ],
        [
          3,
          0,
          3,
          3
        ]
      ],
      "essay_scoreT_cont": [
        [
          3,
          3,
          3,
          3
        ],
        [
          3,
          3,
          3,
          3
        ],
        [
          2,
          2,
          2,
          2
        ]
      ],
      "essay_scoreT_exp": [
        [
          3,
          3,
          3
        ],
        [
          3,
          3,
          3
        ],
        [
          3,
          3,
          3
        ]
      ]
    }
  },
  "student": {
    "date": "2021.12.20",
    "student_educated": true,
    "student_grade": "고등_1학년",
    "location": "063",
    "student_grade_group": "고등",
    "student_reading": 1
  },
  "rubric": {
    "essay_grade": "고등_1학년",
    "organization_weight": {
      "org_paragraph": 0,
      "org": 3,
      "org_essay": 6,
      "org_coherence": 3,
      "org_quantity": 1
    },
    "essay_type": "주장",
    "content_weight": {
      "con_clearance": 3,
      "con_novelty": 3,
      "con": 4,
      "con_prompt": 1,
      "con_description": 3
    },
    "essay_main_subject": "평가에 대한 본인의 의견",
    "expression_weight": {
      "exp_style": 4,
      "exp_grammar": 2,
      "exp_vocab": 4,
      "exp": 3
    }
  },
  "correction": [],
  "info": {
    "essay_id": "ESSAY_71881",
    "essay_prompt": " 평가는 일반적으로 평가대상의 장점과 가치를 결정하는 과정을 말합니다.\n\n 세상에는 무수히 많은 평가 방법들이 존재하고 그 주제도 다양합니다.\n\n 우리나라의 경우는 어떨까요? 중간, 기말시험이 있고 미술과 같은 기본기와 창의성을 평가하는 과목도 있습니다. 체육과 같은 신체적인 능력을 평가하는 과목도 있지요. 모두 적절한 기준이 있으며 매우 객관적인 기준이라고 말합니다.\n\n 하지만 여러분이 생각하기에 모든 학생을 동일한 평가지표에 맞추어 평가하는 것이 올바른 방식이라고 생각하나요?\n\n 사람마다 특성이 존재하듯 각각의 목표 또한 다르고 성과도 다를 수 있습니다. 특정 기준에 의존해 본인의 성과도를 평가하는 것이 바르다고 생각되나요?\n\n 현재의 평가 방식은 최고의 객관적인 평가 방식이라고 생각하신다면 그 이유를 작성해주세요. 아니라면 어떤 평가 기준이 추가되어야 하고 또한 어떤 생각으로 평가가 이루어졌으면 좋겠는지 서술해 주세요.",
    "essay_type": "주장",
    "essay_level": "2",
    "essay_len": 799,
    "essay_main_subject": "평가에 대한 본인의 의견"
  }
}