{
  "paragraph": [
    {
      "paragraph_txt": "지적 재산권 혹은 지식 재산권은 지적인 노력에 의해 창작된 상품에 부여된 재산권을 말한다.#@문장구분# 문학 · 예술 및 과학 작품, 연출, 예술가의 공연 · 음반 및 방송, 발명 등을 지적 재산권의 정의라고 한다.#@문장구분# 최근에는 지적 재산권이라는 용어 대신에 지식 재산권이라는 용어를 사용하기도 한다. #@문장구분#지적 재산권은 크게 특허권, 실용신안권, 상표권, 디자인권과 저작권으로 나뉜다. #@문장구분#예를 들어, 신약 개발 기술에 대해서는 특허권이, 음반 및 출판물 등에 대해서는 저작권이 부여된다. #@문장구분#몇 년 길게는 몇 십 년간 공들여 만든 신약 혹은 수년간 수십 년간에 걸쳐 만든 영화나, 음악, 발명이라든지 말이다. #@문장구분#한 분야에 대해 수십 년간 공들여 만든 작품들이 잘못된 일로 다른 나라로 유출되는 경우가 요즘 빈번히 발생하고 있다.#@문장구분# 때로는 국가적으로도 문제가 되고 있으며 그 문제는 심각하다고 본다. #@문장구분#국가적으로 유출이 되는 경우는 매우 민감하고 심각한 상황이라도 생각 되어진다. #@문장구분#국가적인 차원에서는 엄청난 시간과 비용을 들어서 개발한 정보나 기술들이 다른 나라로 유출이 된다고 생각하니, 국가적인 차원에서 엄청나게 큰 손실이라고 생각된다.#@문장구분# 따라서 각국은 자기 나라의 지적 재산권을 보호하기 위한 다양한 방안을 마련하고 조치를 마련하고 있다.#@문장구분# 국가적인 뿐만이 아니라 작게는 개인의 그리고 어느 정도 규모의 사이즈에서도 마찬가지다.#@문장구분#엄청난 시간 노력 비용을 들여 만들었던 작품들이 하루아침에 유출이 된다는게 참으로 안타까운 현실이다.#@문장구분#무단으로 유출을 할 경우 이에 대한 법적인 처벌이 강력히 이루어져야 한다고 생각이 되는데, 그러한 부분이 미약하다고 생각 되어진다. #@문장구분#그리고 그에따른 시스템적인 부분을 보완해야 한다고 생각한다. #@문장구분#유출이 되어나가는 경로에 대한 파악 그리고 그에대한 심각성을 인지해야 할 것이며, 유출하는 자에 대한 단순한 벌금형이 아닌 강력한 법이 시행이 되어서 재발방지를 위해 꼭 국가적으로 힘써주었으면 좋겠다.#@문장구분#",
      "paragraph_len": 1266,
      "paragraph_id": "001"
    }
  ],
  "score": {
    "paragraph_score": [
      {
        "paragraph_scoreT": [
          3,
          3,
          3
        ],
        "paragraph_scoreT_detail": {
          "paragraph_scoreT_exp": [
            [
              3,
              3,
              3
            ],
            [
              3,
              3,
              3
            ],
            [
              3,
              3,
              3
            ]
          ]
        },
        "paragraph_scoreT_avg": 3,
        "paragraph_id": "001"
      }
    ],
    "essay_scoreT": [
      27.2,
      30,
      30
    ],
    "essay_scoreT_avg": 29.066666,
    "essay_scoreT_detail": {
      "essay_scoreT_org": [
        [
          3,
          3,
          3,
          3
        ],
        [
          3,
          3,
          3,
          3
        ],
        [
          3,
          3,
          3,
          3
        ]
      ],
      "essay_scoreT_cont": [
        [
          2,
          3,
          2,
          2
        ],
        [
          3,
          3,
          3,
          3
        ],
        [
          3,
          3,
          3,
          3
        ]
      ],
      "essay_scoreT_exp": [
        [
          3,
          3,
          3
        ],
        [
          3,
          3,
          3
        ],
        [
          3,
          3,
          3
        ]
      ]
    }
  },
  "student": {
    "date": "2021.11.04",
    "student_educated": true,
    "student_grade": "고등_2학년",
    "location": "063",
    "student_grade_group": "고등",
    "student_reading": 1
  },
  "rubric": {
    "essay_grade": "고등_2학년",
    "organization_weight": {
      "org_paragraph": 3,
      "org": 3,
      "org_essay": 3,
      "org_coherence": 3,
      "org_quantity": 1
    },
    "essay_type": "주장",
    "content_weight": {
      "con_clearance": 3,
      "con_novelty": 3,
      "con": 4,
      "con_prompt": 1,
      "con_description": 3
    },
    "essay_main_subject": "지적 재산권에 대한 본인의 생각 작성",
    "expression_weight": {
      "exp_style": 4,
      "exp_grammar": 2,
      "exp_vocab": 4,
      "exp": 3
    }
  },
  "correction": [],
  "info": {
    "essay_id": "ESSAY_41107",
    "essay_prompt": " 지적재산권이란 특허권, 실용신안권, 상표권, 디자인권을 총칭하는 개념으로 지적재산권법은 정보생산자에게 일정기간 동안 시장에서의 배타적 지위를 부여하고 있습니다.\n\n 즉, 지적 재산권은 특정 사람이 생각/창작해낸 것을 다른사람들의 무분별한 이용으로 부터 지켜주는 것입니다. 이러한 지적재산권은 개인 혹은 회사 더 나아가 나라에 귀속될 수 있습니다.\n\n 다만, 코로나 시대인 요즘 전 세계적인 재앙인 코로나를 물리칠 수 있는 백신에 대한 지적재산권을 자유롭게 풀어야한다는 의견이 계속해서 나오고 있습니다. \n\n 지적 재산권이 있는 제약회사가 있는 나라의 경우 백신이 충분하며 백신을 맞는 것이 선택의 문제인 반면, 그렇지 못한 나라는 백신을 맞고 싶어도 맞지 못하는 사람들이 많고 항체가 없어 사망하는 경우도 비교적 많이 때문입니다.\n\n 전 세계의 문제를 해결하기 위해 수 많은 돈을 들여 개발한 백신의 지적재산권을 공유하는 것이 의무화 되어야 할까요? 아니면 회사의 선택에 맡겨야할까요? 보상은 어떻게 해야할까요? \n\n 전 세계에 무상으로 공개 해야 한다는 의견이 있을 수도 있고 무상으로 공개한 회사의 경우 팬더믹 상황이 종결 된 후 따로 보상을 해주어야 한다는 의견도 있을 겁니다. 지적재산권의 변하지 않는 신뢰를 위해서라도 무상 공개는 절대 있어서는 안된다는 의견도 있을 것입니다.\n\n 지금까지도 펜더믹 상황에서 코로나19 백신에 대한 특허권을 보장해야 하느냐 풀어야 하느냐 의견이 분분합니다. 이에 대한 자신의 주장을 작성해주세요. 또한, 그렇게 생각한 이유도 설명해주세요.",
    "essay_type": "주장",
    "essay_level": "1",
    "essay_len": 948,
    "essay_main_subject": "지적 재산권에 대한 본인의 생각 작성"
  }
}