{
  "paragraph": [
    {
      "paragraph_txt": "동일한 평가지표라는 면에서 이미 공정함은 보장이 된 것입니다.#@문장구분# 어떤 회사에 입사하거나 시험에 합격하기 위해서 치르는 경쟁을 위한 평가라면, 당연히 모든 시험을 보는 사람들이 공평한 기준을 가지고 있어야 합니다. #@문장구분#전부 다른 문제들로 준비한다면 난이도에 따른 반발이 있을 수도 있기 때문입니다.#@문장구분# 시험을 치르는 종목이나 과목, 분야가 같다면 당연히 동일한 평가지표로 맞추는 게 좋은 방법이라고 생각합니다.#@문장구분# 일단은 모두에게 공평한 기회를 주는 것이 가장 의미있는 일이기 때문입니다.#@문장구분# 그렇다고 그 동일한 평가지표를 주는 평가만으로는 그 사람에 대해서 더 많은 것을 알 수는 없기 때문에, 면접과 같은 방법을 통해 더 알아내는 것이 좋다고 생각합니다. #@문장구분#회사같은 곳에서만 봐도 많은 경쟁자가 존재하는 치열한 서류 경쟁에서 이기고 올라와서 면접까지 잘 해서 합격해온 사람들로만 이루어져 있을 텐데도, 일을 잘 하지 못하는 사람이 존재하게 됩니다.#@문장구분# 평가를 해서 일정기준을 넘겨서 통과를 한 사람이라면 당연히 일도 문제없이 착착 해나가야 맞는 것입니다.#@문장구분# 이렇듯 동일한 평가지표를 쓰는 것은 아주 객관적이고 좋은 방법이라고 생각하지만, 그 방법만으로는 그 사람의 모든 것을 평가해서 알아내기는 쉽지가 않다는 것입니다.#@문장구분# 물론 지금 당장 떠오르는 새로운 방법은 없지만, 그 사람에 대한 진수를 파헤쳐내어서 더 적재적소에 배치할 수 있는 방법을 떠올려 내는 것이 중요합니다. #@문장구분#그 방법은 새로 만들지 않고도 면접에 있는 질문을 통해 해결할 수도 있다고 생각합니다.#@문장구분# 자기 입으로 자신이 잘한다고 말하는 것은 믿기 조금 어려운 정보이지만, 남에게서 들어온 칭찬들은 어느 정도 객관적이고 유의미한 정보가 될 수 있기 때문에 그런 것들을 물어보는 편이 좋습니다.#@문장구분#",
      "paragraph_len": 1095,
      "paragraph_id": "001"
    }
  ],
  "score": {
    "paragraph_score": [
      {
        "paragraph_scoreT": [
          3,
          2,
          2
        ],
        "paragraph_scoreT_detail": {
          "paragraph_scoreT_exp": [
            [
              3,
              3,
              3
            ],
            [
              2,
              2,
              2
            ],
            [
              2,
              2,
              2
            ]
          ]
        },
        "paragraph_scoreT_avg": 2.3333333,
        "paragraph_id": "001"
      }
    ],
    "essay_scoreT": [
      24.9,
      24.199999,
      24.900002
    ],
    "essay_scoreT_avg": 24.666666,
    "essay_scoreT_detail": {
      "essay_scoreT_org": [
        [
          2,
          0,
          2,
          3
        ],
        [
          3,
          0,
          2,
          2
        ],
        [
          3,
          0,
          2,
          3
        ]
      ],
      "essay_scoreT_cont": [
        [
          3,
          2,
          3,
          2
        ],
        [
          3,
          3,
          2,
          2
        ],
        [
          3,
          2,
          3,
          3
        ]
      ],
      "essay_scoreT_exp": [
        [
          3,
          3,
          3
        ],
        [
          2,
          2,
          2
        ],
        [
          2,
          2,
          2
        ]
      ]
    }
  },
  "student": {
    "date": "2021.12.16",
    "student_educated": true,
    "student_grade": "고등_1학년",
    "location": "054",
    "student_grade_group": "고등",
    "student_reading": 2
  },
  "rubric": {
    "essay_grade": "고등_1학년",
    "organization_weight": {
      "org_paragraph": 0,
      "org": 3,
      "org_essay": 6,
      "org_coherence": 3,
      "org_quantity": 1
    },
    "essay_type": "주장",
    "content_weight": {
      "con_clearance": 3,
      "con_novelty": 3,
      "con": 4,
      "con_prompt": 1,
      "con_description": 3
    },
    "essay_main_subject": "평가에 대한 본인의 의견",
    "expression_weight": {
      "exp_style": 4,
      "exp_grammar": 2,
      "exp_vocab": 4,
      "exp": 3
    }
  },
  "correction": [],
  "info": {
    "essay_id": "ESSAY_78509",
    "essay_prompt": " 평가는 일반적으로 평가대상의 장점과 가치를 결정하는 과정을 말합니다.\n\n 세상에는 무수히 많은 평가 방법들이 존재하고 그 주제도 다양합니다.\n\n 우리나라의 경우는 어떨까요? 중간, 기말시험이 있고 미술과 같은 기본기와 창의성을 평가하는 과목도 있습니다. 체육과 같은 신체적인 능력을 평가하는 과목도 있지요. 모두 적절한 기준이 있으며 매우 객관적인 기준이라고 말합니다.\n\n 하지만 여러분이 생각하기에 모든 학생을 동일한 평가지표에 맞추어 평가하는 것이 올바른 방식이라고 생각하나요?\n\n 사람마다 특성이 존재하듯 각각의 목표 또한 다르고 성과도 다를 수 있습니다. 특정 기준에 의존해 본인의 성과도를 평가하는 것이 바르다고 생각되나요?\n\n 현재의 평가 방식은 최고의 객관적인 평가 방식이라고 생각하신다면 그 이유를 작성해주세요. 아니라면 어떤 평가 기준이 추가되어야 하고 또한 어떤 생각으로 평가가 이루어졌으면 좋겠는지 서술해 주세요.",
    "essay_type": "주장",
    "essay_level": "2",
    "essay_len": 855,
    "essay_main_subject": "평가에 대한 본인의 의견"
  }
}