{
  "paragraph": [
    {
      "paragraph_txt": "현재 평가의 방식은 다소 보완해야 할 것이 있다고 생각한다.#@문장구분# 현재의 평가 방식에 대한 불만과 부작용이 보완과 변화의 필요성을 드러내고 있다.#@문장구분# 대표적으로 지금의 학생은 성취도평가와 수학능력시험, 수행 평가를 통해 평가된다.#@문장구분# 나는 그 평가의 공통점은 일등과 꼴등이 생기는 것이고 바로 그 공통점이 문제라고 생각한다.#@문장구분# 등수를 매기는 것이 사회 전반의 효율적인 운영을 위해 필요한 시대는 끝났다.#@문장구분# 21세기에서 지금의 평가 방식으로는 사회에서 필요한 부분에 적절한 인재를 배치하지 못하고 양성하지 못한다.#@문장구분# 한국의 교육열은 대단하다.#@문장구분# 한국 학생들의 수준도 대단하다.#@문장구분# 그렇지만 노벨상 하나 받지 못하는 것, 빈부격차가 심화하고 사회 곳곳에 존재하는 차별은 평가 방식을 보완해야 고칠 수 있다고 생각한다.#@문장구분# 근본적으로 모든 직업이 평등하고 직업의 귀천이 없다는 생각이 확산해야 한다.#@문장구분# 우리나라에서 3D 직업이라고 하는 용어가 있다.#@문장구분# 물론 직업의 종류에 따라 일이 고되고 일하는 환경이 열악할 수 있다.#@문장구분# 하지만 그것과 직업의 귀천과는 상관이 없지 않은가?#@문장구분# 다양한 미디어에서 다양한 직업의 모습을 비추어 학생들에게 다양한 직업의 세계를 알게 해야 한다.#@문장구분# 더이상 1등의 직업은 우수한 직업이고 꼴등의 직업은 저급하다는 인식을 바꿔야 한다.#@문장구분# 따라서 우리한테 필요한 평가 방식은 서술형 중심의 평가라든지, 교사와 부모의 관찰 평가이다.#@문장구분# 이를 통해 학생의 재능과 능력을 알아채고 인생을 함께 설계해 나갈 수 있어야 한다.#@문장구분# 4차 산업혁명 시대에 교사의 역할이 이것이다.#@문장구분# 교사의 일자리가 학생 인구수 감소로 사라질 것이라는 전망은 이 방법으로 교사의 수요를 늘려 해결할 수 있을 것이다.#@문장구분# 모든 학생이 행복하고 사회 전체의 이익을 증진하는 평가 방식이라고 생각한다.#@문장구분#",
      "paragraph_len": 1258,
      "paragraph_id": "001"
    }
  ],
  "score": {
    "paragraph_score": [
      {
        "paragraph_scoreT": [
          3,
          3,
          2.6
        ],
        "paragraph_scoreT_detail": {
          "paragraph_scoreT_exp": [
            [
              3,
              3,
              3
            ],
            [
              3,
              3,
              3
            ],
            [
              3,
              3,
              2
            ]
          ]
        },
        "paragraph_scoreT_avg": 2.8666668,
        "paragraph_id": "001"
      }
    ],
    "essay_scoreT": [
      30,
      30,
      24.9
    ],
    "essay_scoreT_avg": 28.300001,
    "essay_scoreT_detail": {
      "essay_scoreT_org": [
        [
          3,
          0,
          3,
          3
        ],
        [
          3,
          0,
          3,
          3
        ],
        [
          2,
          0,
          2,
          3
        ]
      ],
      "essay_scoreT_cont": [
        [
          3,
          3,
          3,
          3
        ],
        [
          3,
          3,
          3,
          3
        ],
        [
          3,
          2,
          3,
          3
        ]
      ],
      "essay_scoreT_exp": [
        [
          3,
          3,
          3
        ],
        [
          3,
          3,
          3
        ],
        [
          3,
          3,
          2
        ]
      ]
    }
  },
  "student": {
    "date": "2021.11.26",
    "student_educated": true,
    "student_grade": "고등_1학년",
    "location": "041",
    "student_grade_group": "고등",
    "student_reading": 2
  },
  "rubric": {
    "essay_grade": "고등_1학년",
    "organization_weight": {
      "org_paragraph": 0,
      "org": 3,
      "org_essay": 6,
      "org_coherence": 3,
      "org_quantity": 1
    },
    "essay_type": "주장",
    "content_weight": {
      "con_clearance": 3,
      "con_novelty": 3,
      "con": 4,
      "con_prompt": 1,
      "con_description": 3
    },
    "essay_main_subject": "평가에 대한 본인의 의견",
    "expression_weight": {
      "exp_style": 4,
      "exp_grammar": 2,
      "exp_vocab": 4,
      "exp": 3
    }
  },
  "correction": [],
  "info": {
    "essay_id": "ESSAY_52377",
    "essay_prompt": " 평가는 일반적으로 평가대상의 장점과 가치를 결정하는 과정을 말합니다.\n\n 세상에는 무수히 많은 평가 방법들이 존재하고 그 주제도 다양합니다.\n\n 우리나라의 경우는 어떨까요? 중간, 기말시험이 있고 미술과 같은 기본기와 창의성을 평가하는 과목도 있습니다. 체육과 같은 신체적인 능력을 평가하는 과목도 있지요. 모두 적절한 기준이 있으며 매우 객관적인 기준이라고 말합니다.\n\n 하지만 여러분이 생각하기에 모든 학생을 동일한 평가지표에 맞추어 평가하는 것이 올바른 방식이라고 생각하나요?\n\n 사람마다 특성이 존재하듯 각각의 목표 또한 다르고 성과도 다를 수 있습니다. 특정 기준에 의존해 본인의 성과도를 평가하는 것이 바르다고 생각되나요?\n\n 현재의 평가 방식은 최고의 객관적인 평가 방식이라고 생각하신다면 그 이유를 작성해주세요. 아니라면 어떤 평가 기준이 추가되어야 하고 또한 어떤 생각으로 평가가 이루어졌으면 좋겠는지 서술해 주세요.",
    "essay_type": "주장",
    "essay_level": "2",
    "essay_len": 858,
    "essay_main_subject": "평가에 대한 본인의 의견"
  }
}