{
  "paragraph": [
    {
      "paragraph_txt": "코로나가 변이 바이러스까지 생성되면서 빠르게 넓은 범위에 전염되고 있는 이 시점에는 백신의 특허권을 풀어주는 것이 맞다고 생각한다.#@문장구분# 이는 나뿐만 아니라 백신이 공공의 이익을 목적으로 사용되는 공공재라는 점을 내세워 나와 비슷한 의견을 피력하는 많은 학자들의 생각이기도 하다.#@문장구분# 우리는 여기서 공공재라는 말에 주의를 기울일 필요가 있다.#@문장구분# 공공재란 뭘까?#@문장구분#",
      "paragraph_len": 275,
      "paragraph_id": "001"
    },
    {
      "paragraph_txt": " 공공재란 모든 사람이 공동으로 이용할 수 있는 재화나 서비스를 뜻한다.#@문장구분# 비용을 내지 않아도 쓸 수 있고, 다른 사람이 쓰더라도 내가 쓸 몫이 줄어들지 않는다.#@문장구분# 공공 재화나 서비스 중에는 엄밀히 따지면 순수 공공재가 아닌 것도 많다.#@문장구분# 수도, 가스, 교통시설 등이 그러하다.#@문장구분# 이것들은 공공기업이 제공하되 누구나 이용할 수 있을 만큼 저렴한 비용으로 제공하고 있다.#@문장구분#",
      "paragraph_len": 302,
      "paragraph_id": "002"
    },
    {
      "paragraph_txt": " 그럼 왜 정부나 공공기업에서 나서서 제공할까?#@문장구분# 민간 기업이 제공할 경우 영리를 목적으로 하므로 비용을 낸 사람에게만 재화와 서비스를 제공하게 된다.#@문장구분# 소득에 따라 재화나 서비스에 접근할 수 있는 가능성이 달라지는 것이다.#@문장구분# 빈곤층의 경우 아예 구경조차 어려울 수도 있다.#@문장구분# 게다가 회사는 이윤을 창출하는 게 목적이므로 같은 질과 양이어도 값을 더욱 비싸게 매길 수 있고, 만약 손해가 나면 아예 해당 재화나 서비스를 제공하지 않을 수도 있다.#@문장구분# 이런 이유 때문에 사회 구성원의 생존과 안전에 꼭 필요한 특정 재화나 서비스는 돈이 되지 않더라도 민간이 아닌 정부나 공공기관에서 제공하는 것이다.#@문장구분#",
      "paragraph_len": 448,
      "paragraph_id": "003"
    },
    {
      "paragraph_txt": " 이와 마찬가지로 백신 역시 인류의 생존에 꼭 필요한 물품이라고 볼 수 있다.#@문장구분# 특히 지금은 전 세계적으로 코로나19가 유행하는 재난 상황이다.#@문장구분# 코로나 유행이 한창인 나라에선 사망자가 하루 수십만 명에 달하는 데다, 이로 인해 다른 사회·경제적 활동까지 멈춰 사회가 무너지고 있다.#@문장구분# 이런 상황은 무역관련지식재산권협정에서 이야기하는 지적 재산권을 따를 의무를 포기할 수 있는 예외적 상황에 해당된다.#@문장구분# 국가비상사태 등 예외적 상황에서는 WTO 회원국의 4분의 3이 찬성한다면 지적 재산권을 따르지 않아도 된다는 규정이 있고, 실제로 2000년대 초 에이즈 치료제의 특허권을 일시 유예하기로 결정했던 사례가 있다.#@문장구분# 만약 계속 백신의 지적 재산권을 주장한다면 자연히 가격이 비싸져 가난한 나라일수록 백신을 구입하기 어려워질 것이다.#@문장구분#",
      "paragraph_len": 524,
      "paragraph_id": "004"
    },
    {
      "paragraph_txt": "  코로나19 백신에 공공 목적이 있다는 사실은 투자 내역에서도 나타난다.#@문장구분# 백신을 개발한 제약회사는 민간 기업이지만, 이들의 코로나19 백신 개발 비용에는 공공자금이 상당 부분 포함되었다.#@문장구분# 스위스 제네바국제개발대학원 발표에 따르면 여러 제약회사의 백신 개발 비용에는 최소 59억 달러한화 약 6조 6198억 원에 달하는 공공자금이 투입됐으며, 이 중 22%는 감염병혁신연합을 통해 지원됐다.#@문장구분# 따라서 공공의 목적을 가진 백신을 빠르게 전세계에 보급하여 코로나 사태를 막을 필요가 있다#@문장구분#",
      "paragraph_len": 349,
      "paragraph_id": "005"
    }
  ],
  "score": {
    "paragraph_score": [
      {
        "paragraph_scoreT": [
          3,
          3,
          2.4
        ],
        "paragraph_scoreT_detail": {
          "paragraph_scoreT_exp": [
            [
              3,
              3,
              3
            ],
            [
              3,
              3,
              3
            ],
            [
              2,
              3,
              2
            ]
          ]
        },
        "paragraph_scoreT_avg": 2.8,
        "paragraph_id": "001"
      },
      {
        "paragraph_scoreT": [
          3,
          3,
          2.4
        ],
        "paragraph_scoreT_detail": {
          "paragraph_scoreT_exp": [
            [
              3,
              3,
              3
            ],
            [
              3,
              3,
              3
            ],
            [
              2,
              3,
              2
            ]
          ]
        },
        "paragraph_scoreT_avg": 2.8,
        "paragraph_id": "002"
      },
      {
        "paragraph_scoreT": [
          3,
          3,
          2
        ],
        "paragraph_scoreT_detail": {
          "paragraph_scoreT_exp": [
            [
              3,
              3,
              3
            ],
            [
              3,
              3,
              3
            ],
            [
              2,
              2,
              2
            ]
          ]
        },
        "paragraph_scoreT_avg": 2.6666667,
        "paragraph_id": "003"
      },
      {
        "paragraph_scoreT": [
          3,
          3,
          2
        ],
        "paragraph_scoreT_detail": {
          "paragraph_scoreT_exp": [
            [
              3,
              3,
              3
            ],
            [
              3,
              3,
              3
            ],
            [
              2,
              2,
              2
            ]
          ]
        },
        "paragraph_scoreT_avg": 2.6666667,
        "paragraph_id": "004"
      },
      {
        "paragraph_scoreT": [
          3,
          3,
          2
        ],
        "paragraph_scoreT_detail": {
          "paragraph_scoreT_exp": [
            [
              3,
              3,
              3
            ],
            [
              3,
              3,
              3
            ],
            [
              2,
              2,
              2
            ]
          ]
        },
        "paragraph_scoreT_avg": 2.6666667,
        "paragraph_id": "005"
      }
    ],
    "essay_scoreT": [
      30,
      29.7,
      22.7
    ],
    "essay_scoreT_avg": 27.466667,
    "essay_scoreT_detail": {
      "essay_scoreT_org": [
        [
          3,
          3,
          3,
          3
        ],
        [
          3,
          3,
          3,
          2
        ],
        [
          2,
          2,
          2,
          3
        ]
      ],
      "essay_scoreT_cont": [
        [
          3,
          3,
          3,
          3
        ],
        [
          3,
          3,
          3,
          3
        ],
        [
          2,
          2,
          2,
          3
        ]
      ],
      "essay_scoreT_exp": [
        [
          3,
          3,
          3
        ],
        [
          3,
          3,
          3
        ],
        [
          2,
          3,
          2
        ]
      ]
    }
  },
  "student": {
    "date": "2021.09.06",
    "student_educated": true,
    "student_grade": "고등_2학년",
    "location": "051",
    "student_grade_group": "고등",
    "student_reading": 2
  },
  "rubric": {
    "essay_grade": "고등_2학년",
    "organization_weight": {
      "org_paragraph": 3,
      "org": 3,
      "org_essay": 3,
      "org_coherence": 3,
      "org_quantity": 1
    },
    "essay_type": "주장",
    "content_weight": {
      "con_clearance": 3,
      "con_novelty": 3,
      "con": 4,
      "con_prompt": 1,
      "con_description": 3
    },
    "essay_main_subject": "지적 재산권에 대한 본인의 생각 작성",
    "expression_weight": {
      "exp_style": 4,
      "exp_grammar": 2,
      "exp_vocab": 4,
      "exp": 3
    }
  },
  "correction": [],
  "info": {
    "essay_id": "ESSAY_35662",
    "essay_prompt": " 지적재산권이란 특허권, 실용신안권, 상표권, 디자인권을 총칭하는 개념으로 지적재산권법은 정보생산자에게 일정기간 동안 시장에서의 배타적 지위를 부여하고 있습니다.\n\n 즉, 지적 재산권은 특정 사람이 생각/창작해낸 것을 다른사람들의 무분별한 이용으로 부터 지켜주는 것입니다. 이러한 지적재산권은 개인 혹은 회사 더 나아가 나라에 귀속될 수 있습니다.\n\n 다만, 코로나 시대인 요즘 전 세계적인 재앙인 코로나를 물리칠 수 있는 백신에 대한 지적재산권을 자유롭게 풀어야한다는 의견이 계속해서 나오고 있습니다. \n\n 지적 재산권이 있는 제약회사가 있는 나라의 경우 백신이 충분하며 백신을 맞는 것이 선택의 문제인 반면, 그렇지 못한 나라는 백신을 맞고 싶어도 맞지 못하는 사람들이 많고 항체가 없어 사망하는 경우도 비교적 많이 때문입니다.\n\n 전 세계의 문제를 해결하기 위해 수 많은 돈을 들여 개발한 백신의 지적재산권을 공유하는 것이 의무화 되어야 할까요? 아니면 회사의 선택에 맡겨야할까요? 보상은 어떻게 해야할까요? \n\n 전 세계에 무상으로 공개 해야 한다는 의견이 있을 수도 있고 무상으로 공개한 회사의 경우 팬더믹 상황이 종결 된 후 따로 보상을 해주어야 한다는 의견도 있을 겁니다. 지적재산권의 변하지 않는 신뢰를 위해서라도 무상 공개는 절대 있어서는 안된다는 의견도 있을 것입니다.\n\n 지금까지도 펜더믹 상황에서 코로나19 백신에 대한 특허권을 보장해야 하느냐 풀어야 하느냐 의견이 분분합니다. 이에 대한 자신의 주장을 작성해주세요. 또한, 그렇게 생각한 이유도 설명해주세요.",
    "essay_type": "주장",
    "essay_level": "1",
    "essay_len": 1407,
    "essay_main_subject": "지적 재산권에 대한 본인의 생각 작성"
  }
}