{
  "paragraph": [
    {
      "paragraph_txt": "저는 모든 학생에게 같은 기준을 제시하는 방식이기 때문에 공평한 방식이라고 생각합니다.#@문장구분# 모두가 같은 내용을 배우고, 공부하게 됩니다.#@문장구분# 당연히 그 중에서는 좋아하는 공부도 있고 싫어하는 공부도 있을 것입니다.#@문장구분# 사실 우리나라 교육안 그렇게 삶을 살아가는 데에 큰 도움을 주지는 않는다고 생각합니다.#@문장구분# 국어는 어느 정도 글을 읽어내고 해석하는데에 도움을 줄 것이고, 영어도 글로벌적인 사회에서 많은 도움이 될 수 있겠지만. 그런 것들은 삶을 살아가면서 필요한 극히 일부분에 불과하다고 생각합니다.#@문장구분# 그렇기 때문에 모든 학생들은 그것을 왜 배우는지도 모르고 그저 입시를 위해서 공부합니다.#@문장구분# 그래서 공부를 열심히 하는 사람은 성적이 잘나오고, 열심히 하지 않은 사람은 성적이 좋지 못합니다.#@문장구분# 이러한 평가 지표는 당연히 모든 이들의 역량이나 잠재력을 다 발현시킬 수 없습니다.#@문장구분# 어쩌면 그렇게 모든 이들에게 일일히 맞춰진 평가지표를 만들어내는 것 자체가 거의 불가능에 가까운 것이 아닌가 생각합니다.#@문장구분# 그만큼 사람마다 다 다른 다양한 특징을 가지고 있습니다.#@문장구분# 그래서 모두에게 공통으로 적용되는 객관적인 지표인 시험이라는 것을 통해 평가하는 것입니다.#@문장구분# 시험이라는 평가지표는 단순히 학교에서만 쓰이지 않습니다.#@문장구분# 오디션 프로그램에서도 노래시험, 혹은 춤 시험을 보고 평가하게 되고, 입사할때도 특정 시험을 통과해야 하는 것이 있습니다.#@문장구분# 이렇게 많은 분야에서 시험이라는 방법을 채택하고 있는 이유는 굉장히 객관적이고 많은 사람들을 평가하고 순위를 매길 수 있는 좋은 지표가 되기 때문이라고 생각합니다.#@문장구분# 그 시험도 자신이 평가해야 하는 항목에 맞춰서 제출되기 때문에 더할 나위없이 좋은 방식이라고 생각합니다.#@문장구분#",
      "paragraph_len": 1129,
      "paragraph_id": "001"
    }
  ],
  "score": {
    "paragraph_score": [
      {
        "paragraph_scoreT": [
          2.8,
          3,
          2.6
        ],
        "paragraph_scoreT_detail": {
          "paragraph_scoreT_exp": [
            [
              2,
              3,
              3
            ],
            [
              3,
              3,
              3
            ],
            [
              3,
              2,
              3
            ]
          ]
        },
        "paragraph_scoreT_avg": 2.8,
        "paragraph_id": "001"
      }
    ],
    "essay_scoreT": [
      24.8,
      27.900002,
      26.7
    ],
    "essay_scoreT_avg": 26.466667,
    "essay_scoreT_detail": {
      "essay_scoreT_org": [
        [
          2,
          0,
          3,
          3
        ],
        [
          3,
          0,
          2,
          3
        ],
        [
          3,
          0,
          2,
          3
        ]
      ],
      "essay_scoreT_cont": [
        [
          3,
          2,
          2,
          2
        ],
        [
          3,
          2,
          3,
          3
        ],
        [
          3,
          2,
          3,
          3
        ]
      ],
      "essay_scoreT_exp": [
        [
          2,
          3,
          3
        ],
        [
          3,
          3,
          3
        ],
        [
          3,
          2,
          3
        ]
      ]
    }
  },
  "student": {
    "date": "2021.12.16",
    "student_educated": true,
    "student_grade": "고등_1학년",
    "location": "054",
    "student_grade_group": "고등",
    "student_reading": 2
  },
  "rubric": {
    "essay_grade": "고등_1학년",
    "organization_weight": {
      "org_paragraph": 0,
      "org": 3,
      "org_essay": 6,
      "org_coherence": 3,
      "org_quantity": 1
    },
    "essay_type": "주장",
    "content_weight": {
      "con_clearance": 3,
      "con_novelty": 3,
      "con": 4,
      "con_prompt": 1,
      "con_description": 3
    },
    "essay_main_subject": "평가에 대한 본인의 의견",
    "expression_weight": {
      "exp_style": 4,
      "exp_grammar": 2,
      "exp_vocab": 4,
      "exp": 3
    }
  },
  "correction": [],
  "info": {
    "essay_id": "ESSAY_78628",
    "essay_prompt": " 평가는 일반적으로 평가대상의 장점과 가치를 결정하는 과정을 말합니다.\n\n 세상에는 무수히 많은 평가 방법들이 존재하고 그 주제도 다양합니다.\n\n 우리나라의 경우는 어떨까요? 중간, 기말시험이 있고 미술과 같은 기본기와 창의성을 평가하는 과목도 있습니다. 체육과 같은 신체적인 능력을 평가하는 과목도 있지요. 모두 적절한 기준이 있으며 매우 객관적인 기준이라고 말합니다.\n\n 하지만 여러분이 생각하기에 모든 학생을 동일한 평가지표에 맞추어 평가하는 것이 올바른 방식이라고 생각하나요?\n\n 사람마다 특성이 존재하듯 각각의 목표 또한 다르고 성과도 다를 수 있습니다. 특정 기준에 의존해 본인의 성과도를 평가하는 것이 바르다고 생각되나요?\n\n 현재의 평가 방식은 최고의 객관적인 평가 방식이라고 생각하신다면 그 이유를 작성해주세요. 아니라면 어떤 평가 기준이 추가되어야 하고 또한 어떤 생각으로 평가가 이루어졌으면 좋겠는지 서술해 주세요.",
    "essay_type": "주장",
    "essay_level": "2",
    "essay_len": 829,
    "essay_main_subject": "평가에 대한 본인의 의견"
  }
}