{
  "paragraph": [
    {
      "paragraph_txt": "인종차별은 오랜 역사를 지니고 있다.#@문장구분# 인터넷에서 인종차별의 역사를 찾아보면 청교도들이 아메리카 대륙에 가서 민주주의국가인 미국을 세울 때 원주민들과 이주 유색인종들을 차별하는 것 부터 시작이라고 나온다.#@문장구분# 하지만 그 전에서도 인종차별은 존재했다.#@문장구분# 역사 기록중 가장 깊은 역사를 지닌 인종차별은 포르투갈이다.#@문장구분# 포르투갈이 아프리카의 부족에게 총과 머스킷을 제공한 것을 대가로 그 부족은 농노나 전쟁 포로를 포르투갈에 노예로써 보내게된다.#@문장구분# 이렇게 보내진 흑인 노예들이 역사에 기록된 최초의 흑인노예이다.#@문장구분# 포르투갈이 아프리카의 부족과 교류한 점을 보았을 때 처음부터 흑인들을 피부색이 검다고해서 차별하고 노예로 사용한 것은 아니다.#@문장구분# 그저 흑인 노예를 판매하는 입장에서 소비자층이 인간을 노예로 사는것에 대한 거부감을 줄이기 위해서 흑인을 열등하게 표현할 필요가 있었던 것 뿐이다.#@문장구분# 그렇게 노예 판매자들에게 흑인은 짐승과 같이 묘사되어 유럽 내에 자연스럽게 흑인 멸시 풍조가 만연해지고 비교적 최근 근대까지 흑인을 차별하는 인종차별이 이루어졌다.#@문장구분# 물론 아브라함 링컨부터 시작해 마틴루터킹까지 다양한 사람들의 흑인 해방 운동으로 현재는 흑인에 대한 인종차별이 많이 사라진 상태이다.#@문장구분# 과거에 프레임으로인한 차별이 있었다면 현재는 프레임으로 희생당한 흑인이라는 집단 사이에서 역차별로 노란피부를 가진 동양인이 차별을 당하는 모습을 볼 수 있다.#@문장구분# 동양인 뿐만 아니라 백인들도 역차별을 당하는 모습을 흔하게 볼 수 있다.#@문장구분# 현대로 와서는 인종차별을 당하면서 자랐던 흑인들이 오히려 다른 인종에게 차별을 하는 것을 볼 수 있다.#@문장구분# 개인적인 주관으로는 그동안 인종차별을 당한것에 대한 보상심리가 발동한 것 일수도 있다.#@문장구분# '난 그동안 차별 받았으니까 이 정도는 괜찮아' 라며 차별은 가한 백인이나 최근 인식이 안좋아진 동양인에게 차별을 가하는 것이다.#@문장구분# 난 아직까지 외국인과의 교류가 많지않아 인종차별을 받아본적은 없다.#@문장구분# 하지만 미디어에서 인종차별에관한 이야기를 들어봤을 때 과거에는 인종차별을 하는 주된 이유가 사회적 풍조에 의한 인식의 저하로 인종차별이 발생했다면 현재는 보상심리에 의한 되물림 현상으로 인종차별이 발생한다고 생각한다.#@문장구분# 나는 위 서술했던 이유들을 바탕으로 인종차별은 집단의 인식이 주된 원인이라고 생각한다.#@문장구분# 집단의 인식은 단기간에 바꾸기 힘들다.#@문장구분# 아주 오랜시간 서서히 바뀌거나 사회적으로 큰 충격이 있어야 바뀌는 것이 집단의 인식이다.#@문장구분# 인종차별이 없어질 세상은 아직 한참 멀었다.#@문장구분# 바뀌기엔 아주 어렵다.#@문장구분# 하지만 언젠가는 없어져야할 문제이다.#@문장구분# 초등교육을 통해 인종차별은 없어져야 될 것 이라고 교육이 이루어져야 되며 교육이 이미 된 성인들도 인식을 차츰 바꾸어야한다.#@문장구분# 인종차별의 역사는 깊다.#@문장구분# 인종차별이 깊이 이루어진만큼 다시 정상화 되는데도 오래 걸린다.#@문장구분# 그런만큼 멀리 내다보고 인종차별을 없애는데 노력해야 한다고 생각한다.#@문장구분#",
      "paragraph_len": 1947,
      "paragraph_id": "001"
    }
  ],
  "score": {
    "paragraph_score": [
      {
        "paragraph_scoreT": [
          3,
          3,
          2.8
        ],
        "paragraph_scoreT_detail": {
          "paragraph_scoreT_exp": [
            [
              3,
              3,
              3
            ],
            [
              3,
              3,
              3
            ],
            [
              2,
              3,
              3
            ]
          ]
        },
        "paragraph_scoreT_avg": 2.9333334,
        "paragraph_id": "001"
      }
    ],
    "essay_scoreT": [
      26.7,
      28.4,
      29.4
    ],
    "essay_scoreT_avg": 28.166666,
    "essay_scoreT_detail": {
      "essay_scoreT_org": [
        [
          2,
          3,
          3,
          3
        ],
        [
          3,
          3,
          3,
          3
        ],
        [
          3,
          3,
          3,
          3
        ]
      ],
      "essay_scoreT_cont": [
        [
          2,
          2,
          3,
          3
        ],
        [
          3,
          2,
          2,
          3
        ],
        [
          3,
          3,
          3,
          3
        ]
      ],
      "essay_scoreT_exp": [
        [
          3,
          3,
          3
        ],
        [
          3,
          3,
          3
        ],
        [
          2,
          3,
          3
        ]
      ]
    }
  },
  "student": {
    "date": "2021.11.27",
    "student_educated": true,
    "student_grade": "고등_2학년",
    "location": "063",
    "student_grade_group": "고등",
    "student_reading": 1
  },
  "rubric": {
    "essay_grade": "고등_2학년",
    "organization_weight": {
      "org_paragraph": 3,
      "org": 3,
      "org_essay": 3,
      "org_coherence": 3,
      "org_quantity": 1
    },
    "essay_type": "주장",
    "content_weight": {
      "con_clearance": 3,
      "con_novelty": 3,
      "con": 4,
      "con_prompt": 1,
      "con_description": 3
    },
    "essay_main_subject": "인종차별에 대한 본인의 생각",
    "expression_weight": {
      "exp_style": 4,
      "exp_grammar": 2,
      "exp_vocab": 4,
      "exp": 3
    }
  },
  "correction": [],
  "info": {
    "essay_id": "ESSAY_52100",
    "essay_prompt": " 최근 중국발 코로나바이러스로 인해 동양인에 대한 혐오감을 나타내는 서양인들이 늘어나고 있습니다. 그로 인해, 매스컴이나 SNS에서 인종차별을 받아 힘들어하는 동양인들을 자주 목격할 수 있습니다.\n\n 하지만, 최근에만 인종차별이 존재했을까요? 아닙니다. 아주 오래전부터 다른 인종에 대한 차별은 있었습니다.\n\n 우리나라에서는 인종차별을 안 하고 있을까요? 아닙니다. 우리나라에서도 알게 모르게 많은 부분에서 다른 국가의 사람들에 대해 인종차별을 하고 있으며 누군가에게 상처를 주고 있습니다.\n\n 즉, 인종차별은 누군가의 문제가 아니라 우리 모두의 문제입니다.\n\n 여러분들은 인종차별을 당해보신 적 있나요? 인종차별을 하는 사람들에 대해 어떻게 생각하시나요? 왜 생겨났다고 생각하나요? 인종차별을 근절하기 위해서는 어떻게 해야 할까요? 인종차별을 하는 사람들에 대해 전 세계적으로 처벌의 강도를 높여야 할까요?\n\n 인종차별을 하는 사람들에 대한 본인의 생각을 작성하고 인종차별은 해결할 수 있는 문제일지 아니면 해결하지 어려운 문제일지 작성해주세요. 또한, 그렇게 생각한 이유와 본인이 생각한 해결방법 혹은 해결할 수 없다면 왜 해결할 수 없다고 생각하는지 작성해주세요.",
    "essay_type": "주장",
    "essay_level": "1",
    "essay_len": 1407,
    "essay_main_subject": "인종차별에 대한 본인의 생각"
  }
}