{
  "paragraph": [
    {
      "paragraph_txt": "단도직입적으로 말하자면 난 우리나라의 입시제도에 결함이 있다고 생각을 한다.#@문장구분# 내가 왜 우리나라의 입시제도가 문제가 있다고 생각 하는 이유는 과정 보다 중요시되는 결과이다.#@문장구분#\n 많은 사람들이 한 번쯤은 생각해봤을 것이다.#@문장구분# '과정이 있기에 결과가 있는건데 왜 이렇게 과정을 신경안쓸까??'#@문장구분# 같은 생각들 말이다.#@문장구분# 그러나 대부분의 사람들은 결과는 과정을 통해 산출되는 객관적인 자료라고들 말을 한다.#@문장구분# 하지만 나는 다른 생각을 가지고 있다.#@문장구분#\n'이런 과정이 완벽하게 그대로 결과까지 들여맞을까?' 라는 질문을 던져 봤을때 나의 경험으로는 당연히 아니였다.#@문장구분# 나의 경험을 예를 들어 설명해 보겠다.#@문장구분# 조별과제를 하였다.#@문장구분# 그 조별 과제는 토론 수행평가 였다.#@문장구분# 여기서 나는 팀장을 맡게 되었고 팀원의 조율, 내용 정리, 아이디어, 자료 수집 등 거의 모든 준비과정을 도맡아 하게 되었다.#@문장구분# 그러고 토론을 하게되고 토론의 내용적으로나 분위기나 확실히 우세였다.#@문장구분# 그러나 팀원 1의 치명적인 실수 후에 그것을 만회하고자 한 나의 마지막 최종발언이 아쉽다는 평과 함게 우리 조는 토론에서 패배하게 되었다.#@문장구분# 그러고 조원에서 가장 잘한 베스트 토론자를 정해서 점수를 준다고 하였다.#@문장구분# 그래서 나는 내가 당연히 받을줄 알았지만 다른 조원이 선택되었고 나는 토론 수행에서 안좋은 점수를 받게 되었다.#@문장구분#\n 여기서 나는 얻은것이 있다.#@문장구분# 과정이 완벽하거나 소위 말해서 실질적인 에이스 역할을 함에도 그 과정에서 결함이 하나라도 있으면 평가원들은 그의 공을 다 무시한다는 것을 알게 되었다.#@문장구분# 이것은 우리의 입시와도 관련이 있다.#@문장구분# 지금 입시에서 추구하는 본질이자 키워드는             '인재 양성' 이다.#@문장구분# 그런데 이런 인재 양성은 누구를 위한 것일까?#@문장구분# 위에 저의 예시처럼 평과원들은 결과만 보게 되어 한 사람의 공을 무시하게 되고 그 결과에서 무난하게 잘한 이가 결과론 적으로 좋은 평가를 받게 된다.#@문장구분# 그런데 이게 과연 '인재 양성' 이라고 보는게 맞는건가?#@문장구분#\n 우리는 지금 과정이 결과에 먹혀버린 삶에서 살아가고 있다.#@문장구분# 평가원에 의존해야하는 삶, 누군가의 입맛에 맞아야지 선택되는 삶, 그 결과는 인재라는 키워드에 정말로 알맞은 개성 특성 과정에서 나오는 재능이 점점 사라지고 있는것이다.#@문장구분# 우리나라는 정말 인재를 키우는게 맞는걸까?#@문장구분# 국가랑 정부, 교육청이 바라는 인재를 찾고 싶으면 현 대한민국 입시판을 바꿔야 한다.#@문장구분# 그것이 내 생각이다.#@문장구분#",
      "paragraph_len": 1734,
      "paragraph_id": "001"
    }
  ],
  "score": {
    "paragraph_score": [
      {
        "paragraph_scoreT": [
          3,
          2.4,
          2
        ],
        "paragraph_scoreT_detail": {
          "paragraph_scoreT_exp": [
            [
              3,
              3,
              3
            ],
            [
              2,
              3,
              2
            ],
            [
              2,
              2,
              2
            ]
          ]
        },
        "paragraph_scoreT_avg": 2.4666667,
        "paragraph_id": "001"
      }
    ],
    "essay_scoreT": [
      30,
      27,
      23.3
    ],
    "essay_scoreT_avg": 26.766668,
    "essay_scoreT_detail": {
      "essay_scoreT_org": [
        [
          3,
          0,
          3,
          3
        ],
        [
          3,
          0,
          3,
          3
        ],
        [
          2,
          0,
          3,
          2
        ]
      ],
      "essay_scoreT_cont": [
        [
          3,
          3,
          3,
          3
        ],
        [
          3,
          2,
          3,
          3
        ],
        [
          3,
          2,
          2,
          3
        ]
      ],
      "essay_scoreT_exp": [
        [
          3,
          3,
          3
        ],
        [
          2,
          3,
          2
        ],
        [
          2,
          2,
          2
        ]
      ]
    }
  },
  "student": {
    "date": "2021.09.02",
    "student_educated": true,
    "student_grade": "고등_1학년",
    "location": "051",
    "student_grade_group": "고등",
    "student_reading": 1
  },
  "rubric": {
    "essay_grade": "고등_1학년",
    "organization_weight": {
      "org_paragraph": 0,
      "org": 3,
      "org_essay": 6,
      "org_coherence": 3,
      "org_quantity": 1
    },
    "essay_type": "주장",
    "content_weight": {
      "con_clearance": 3,
      "con_novelty": 3,
      "con": 4,
      "con_prompt": 1,
      "con_description": 3
    },
    "essay_main_subject": "평가에 대한 본인의 의견",
    "expression_weight": {
      "exp_style": 4,
      "exp_grammar": 2,
      "exp_vocab": 4,
      "exp": 3
    }
  },
  "correction": [],
  "info": {
    "essay_id": "ESSAY_34056",
    "essay_prompt": " 평가는 일반적으로 평가대상의 장점과 가치를 결정하는 과정을 말합니다.\n\n 세상에는 무수히 많은 평가 방법들이 존재하고 그 주제도 다양합니다.\n\n 우리나라의 경우는 어떨까요? 중간, 기말시험이 있고 미술과 같은 기본기와 창의성을 평가하는 과목도 있습니다. 체육과 같은 신체적인 능력을 평가하는 과목도 있지요. 모두 적절한 기준이 있으며 매우 객관적인 기준이라고 말합니다.\n\n 하지만 여러분이 생각하기에 모든 학생을 동일한 평가지표에 맞추어 평가하는 것이 올바른 방식이라고 생각하나요?\n\n 사람마다 특성이 존재하듯 각각의 목표 또한 다르고 성과도 다를 수 있습니다. 특정 기준에 의존해 본인의 성과도를 평가하는 것이 바르다고 생각되나요?\n\n 현재의 평가 방식은 최고의 객관적인 평가 방식이라고 생각하신다면 그 이유를 작성해주세요. 아니라면 어떤 평가 기준이 추가되어야 하고 또한 어떤 생각으로 평가가 이루어졌으면 좋겠는지 서술해 주세요.",
    "essay_type": "주장",
    "essay_level": "2",
    "essay_len": 1175,
    "essay_main_subject": "평가에 대한 본인의 의견"
  }
}