{
  "paragraph": [
    {
      "paragraph_txt": "학생들을 동일하게 객관적인 평가지표에 맞추어 평가하는 것이 맞다고 생각합니다.#@문장구분# 물론 사람들마다 목표하는 것도, 살아온 환경과 상황도 다릅니다.#@문장구분# 예를 들어 농어촌에 사는 학생들은 수도권 지역에 사는 학생들보다 상대적으로 열악한 교육환경을 가지고 있습니다.#@문장구분# 그래서 현재 농어촌 특별전형이 만들어졌습니다.#@문장구분# 이러한 사례처럼 저는 지금으로서는 현재에 평가방식이 최선이라고 생각합니다.#@문장구분# 하지만 어떤 사람은 위에 서술한 사례와 같은 경우에 있어서 다른 여러 사람들도 특별전형에 들어가고자 할 수 있는데 이에 대하여 확연하고 일괄적인 자격 기준이 없어 다른 사람들도 억울함을 호소할 수 있기도 할것입니다.#@문장구분# 그리고 위에 서술한 농어촌 특별전형에 사례에서도 몇몇이 이를 악용해 특별전형을 노린 부정입학도, 도시규모에 군, 읍, 면이 시승격과 동 설치를 거부하는 등에 부작용이 있을 수 있고 모두에 상황을 고려할 수 있는 확연한 기준도 없다는 점이 여기서도 문제가 됩니다.#@문장구분# 농어촌에서도 잘 사는 사람이 있고 도시에서도 소득수준이 낮은 경우가 있는데 일차원적 사고방식으로 '농어촌'특별 전형으로 획일화 시키는 것이 문제가 됩니다.#@문장구분# 또한 각자의 목표와 성과를 모두에게 동일한 기준으로 평가하는 것은 분명 문제가 있지만, 모두에 상황을 고려하여 모든 개인에 가치를 각각 평가할 수 있는 방법은 아직 없다고 생각합니다.#@문장구분# 어떠한 방법으로도 그 사람이 추구해나갔던 삶과 그 사람에 가치를 평가할 방법은 없기 때문입니다.#@문장구분# 그렇기에 지금으로서는 모두에게 공평한 평가가 필요하다고 생각합니다.#@문장구분# 특히 이 부분은 학생들에게 임해지는 평가 밖에서 특히 잘 들어나는데 사회에서는 개인에 상황을 봐주지 않습니다.#@문장구분# 그렇다고 딱히 할 방법은 없는 거 같아서 또 바꾸려고 하다가 오히려 더 많은 갈등이 발생할 거 같아서 각자의 상황에 맞는 객관적인 평가가 필요하다고 생각합니다.#@문장구분#",
      "paragraph_len": 1171,
      "paragraph_id": "001"
    }
  ],
  "score": {
    "paragraph_score": [
      {
        "paragraph_scoreT": [
          3,
          3,
          3
        ],
        "paragraph_scoreT_detail": {
          "paragraph_scoreT_exp": [
            [
              3,
              3,
              3
            ],
            [
              3,
              3,
              3
            ],
            [
              3,
              3,
              3
            ]
          ]
        },
        "paragraph_scoreT_avg": 3,
        "paragraph_id": "001"
      }
    ],
    "essay_scoreT": [
      28.8,
      28.8,
      30
    ],
    "essay_scoreT_avg": 29.199999,
    "essay_scoreT_detail": {
      "essay_scoreT_org": [
        [
          3,
          0,
          3,
          3
        ],
        [
          3,
          0,
          3,
          3
        ],
        [
          3,
          0,
          3,
          3
        ]
      ],
      "essay_scoreT_cont": [
        [
          3,
          2,
          3,
          3
        ],
        [
          3,
          2,
          3,
          3
        ],
        [
          3,
          3,
          3,
          3
        ]
      ],
      "essay_scoreT_exp": [
        [
          3,
          3,
          3
        ],
        [
          3,
          3,
          3
        ],
        [
          3,
          3,
          3
        ]
      ]
    }
  },
  "student": {
    "date": "2021.12.20",
    "student_educated": true,
    "student_grade": "고등_1학년",
    "location": "063",
    "student_grade_group": "고등",
    "student_reading": 1
  },
  "rubric": {
    "essay_grade": "고등_1학년",
    "organization_weight": {
      "org_paragraph": 0,
      "org": 3,
      "org_essay": 6,
      "org_coherence": 3,
      "org_quantity": 1
    },
    "essay_type": "주장",
    "content_weight": {
      "con_clearance": 3,
      "con_novelty": 3,
      "con": 4,
      "con_prompt": 1,
      "con_description": 3
    },
    "essay_main_subject": "평가에 대한 본인의 의견",
    "expression_weight": {
      "exp_style": 4,
      "exp_grammar": 2,
      "exp_vocab": 4,
      "exp": 3
    }
  },
  "correction": [],
  "info": {
    "essay_id": "ESSAY_71864",
    "essay_prompt": " 평가는 일반적으로 평가대상의 장점과 가치를 결정하는 과정을 말합니다.\n\n 세상에는 무수히 많은 평가 방법들이 존재하고 그 주제도 다양합니다.\n\n 우리나라의 경우는 어떨까요? 중간, 기말시험이 있고 미술과 같은 기본기와 창의성을 평가하는 과목도 있습니다. 체육과 같은 신체적인 능력을 평가하는 과목도 있지요. 모두 적절한 기준이 있으며 매우 객관적인 기준이라고 말합니다.\n\n 하지만 여러분이 생각하기에 모든 학생을 동일한 평가지표에 맞추어 평가하는 것이 올바른 방식이라고 생각하나요?\n\n 사람마다 특성이 존재하듯 각각의 목표 또한 다르고 성과도 다를 수 있습니다. 특정 기준에 의존해 본인의 성과도를 평가하는 것이 바르다고 생각되나요?\n\n 현재의 평가 방식은 최고의 객관적인 평가 방식이라고 생각하신다면 그 이유를 작성해주세요. 아니라면 어떤 평가 기준이 추가되어야 하고 또한 어떤 생각으로 평가가 이루어졌으면 좋겠는지 서술해 주세요.",
    "essay_type": "주장",
    "essay_level": "2",
    "essay_len": 911,
    "essay_main_subject": "평가에 대한 본인의 의견"
  }
}