{
  "paragraph": [
    {
      "paragraph_txt": "교육평가라는 단어에는 목표달성도 확인, 의사결정을 위한 정보 제공, 가치의 판단이라는 의미가 담겨있는데, 평가의 대상인 나 또한 몰랐던 것과 같이 많은 사람들이 이에 대해 모를 것이라고 생각한다.#@문장구분# \n교육평가는 교육과정에서는 없어서는 안될 존재이다.#@문장구분# 물론 학생들을 상대로 등급을 나누려는 행위를 지양하는 나라들도 있지만, 우리나라에게 평가는 필연적인 존재라고 생각한다.#@문장구분# 평가가 없다면 학생들이 나태해지는 것은 시간문제이기 때문이다.#@문장구분# 하지만 학생들의 모든 활동이 '평가'를 위한 행위로 전락하는 것은 바람직하지 못하다고 생각한다.#@문장구분#\n대한민국 학생들도 다른 모든 나라의 학생들처럼 학교에 간다.#@문장구분# 학교에 가서 공부하고, 시험 치고, 공부하고, 시험 치고..#@문장구분# 그리고 마지막에는 대학수학능력시험을 친다.#@문장구분# 수능은 대학을 향한 대한민국 학생들의 최종 관문이라고 할 수 있다.#@문장구분# 그래서 한국 학생들은 학교에서 내신을 잘 챙겨야 하지만 이와 동시에 수능을 준비해야 한다.#@문장구분# \n이렇게 시험이 꼬리에 꼬리를 물다 보니, 이 과정에서 '평가'의 본질적인 의미가 훼손되고 있다고 생각한다.#@문장구분# \n학력평가 때는 모든 과목을 잘해야 한다는 부담감과 무조건적인 교과서 암기라는 문제점이 있었으나, 이를 개선하고 통합적인 사고력 측정을 위해 수능을 도입하게 되었다고 한다.#@문장구분# 취지는 좋았으나, 현재 학생들도 결국엔 모든 과목을 잘해야 하는 것 아닌가?#@문장구분# 또한 위에서 정의된 세가지 평가의 의미를 아는 사람들이 드물다는 것은 결국 '수능'이 교육평가의 정의를 실현하고 있다고 확신할 수 없는 것 아닌가?#@문장구분# 현 입시에 중요한 영향력을 가진 수학능력시험은 학생들에게 논리적 사고를 요구함으로써 평가의 정의를 실현한다고 볼 수도 있지만, 확신에 찬 목소리로 '그렇다'고 말할 수는 없기에 회의적인 태도를 갖게되는 것 같다.#@문장구분# 따라서 수학능력시험은 교육평가의 정의를 충분히 실현하고 있지 못할 수도 있다고 생각한다.#@문장구분#",
      "paragraph_len": 1248,
      "paragraph_id": "001"
    }
  ],
  "score": {
    "paragraph_score": [
      {
        "paragraph_scoreT": [
          3,
          2.6,
          2.4
        ],
        "paragraph_scoreT_detail": {
          "paragraph_scoreT_exp": [
            [
              3,
              3,
              3
            ],
            [
              3,
              3,
              2
            ],
            [
              2,
              3,
              2
            ]
          ]
        },
        "paragraph_scoreT_avg": 2.6666667,
        "paragraph_id": "001"
      }
    ],
    "essay_scoreT": [
      30,
      23,
      26
    ],
    "essay_scoreT_avg": 26.333334,
    "essay_scoreT_detail": {
      "essay_scoreT_org": [
        [
          3,
          0,
          3,
          3
        ],
        [
          2,
          0,
          2,
          2
        ],
        [
          2,
          0,
          3,
          3
        ]
      ],
      "essay_scoreT_cont": [
        [
          3,
          3,
          3,
          3
        ],
        [
          3,
          2,
          2,
          2
        ],
        [
          3,
          3,
          2,
          3
        ]
      ],
      "essay_scoreT_exp": [
        [
          3,
          3,
          3
        ],
        [
          3,
          3,
          2
        ],
        [
          2,
          3,
          2
        ]
      ]
    }
  },
  "student": {
    "date": "2021.09.03",
    "student_educated": true,
    "student_grade": "고등_1학년",
    "location": "051",
    "student_grade_group": "고등",
    "student_reading": 1
  },
  "rubric": {
    "essay_grade": "고등_1학년",
    "organization_weight": {
      "org_paragraph": 0,
      "org": 3,
      "org_essay": 6,
      "org_coherence": 3,
      "org_quantity": 1
    },
    "essay_type": "주장",
    "content_weight": {
      "con_clearance": 3,
      "con_novelty": 3,
      "con": 4,
      "con_prompt": 1,
      "con_description": 3
    },
    "essay_main_subject": "평가에 대한 본인의 의견",
    "expression_weight": {
      "exp_style": 4,
      "exp_grammar": 2,
      "exp_vocab": 4,
      "exp": 3
    }
  },
  "correction": [],
  "info": {
    "essay_id": "ESSAY_34374",
    "essay_prompt": " 평가는 일반적으로 평가대상의 장점과 가치를 결정하는 과정을 말합니다.\n\n 세상에는 무수히 많은 평가 방법들이 존재하고 그 주제도 다양합니다.\n\n 우리나라의 경우는 어떨까요? 중간, 기말시험이 있고 미술과 같은 기본기와 창의성을 평가하는 과목도 있습니다. 체육과 같은 신체적인 능력을 평가하는 과목도 있지요. 모두 적절한 기준이 있으며 매우 객관적인 기준이라고 말합니다.\n\n 하지만 여러분이 생각하기에 모든 학생을 동일한 평가지표에 맞추어 평가하는 것이 올바른 방식이라고 생각하나요?\n\n 사람마다 특성이 존재하듯 각각의 목표 또한 다르고 성과도 다를 수 있습니다. 특정 기준에 의존해 본인의 성과도를 평가하는 것이 바르다고 생각되나요?\n\n 현재의 평가 방식은 최고의 객관적인 평가 방식이라고 생각하신다면 그 이유를 작성해주세요. 아니라면 어떤 평가 기준이 추가되어야 하고 또한 어떤 생각으로 평가가 이루어졌으면 좋겠는지 서술해 주세요.",
    "essay_type": "주장",
    "essay_level": "2",
    "essay_len": 929,
    "essay_main_subject": "평가에 대한 본인의 의견"
  }
}