{
  "paragraph": [
    {
      "paragraph_txt": "나 역시 가지고 있는 실력이나 학습능력에 비해 평가가 좋지 못한편이다.#@문장구분# 왜냐면 나는 평가에 있어 극도의 스트레스와 두려움이 있기 때문이다.#@문장구분# 누군가가 의식이 되는순간 내가 해야할일에 집중이 되지않는 성향이기 때문에 사실 시험이다 대회등을 통한 평가는 나에게 불리한 평가방법이다.#@문장구분# 하지만 생각해보면 다수의 학생들을 짧은시간에 실력을 평가하고 우열을 가리기 위한 방법은 동일한 조건에서 누가 좋은 성적을 거두는 가가 가장 효율적인 평가 방법이라고 생각한다.#@문장구분# 한사람 한사람의 장점을 찾아가 평가하는 방법은 이상적이지만 효율적이지는 못하다고 생각한다.#@문장구분# 대학진학에 있어서도 취업에 있어서도 맞춤형 평가는 실효성이 떨어진다고 생각한다.#@문장구분# 그러한 면에서 지금 일반적으로 행해지고 있는 평가의 방법이 객관적이고 효율적이라고 생각한다.#@문장구분# 물론 좀더 디테일하게 개선해준다면 좀더 실력발휘를 할 수 있는 사람들이 많을 꺼라고 생각한다.#@문장구분# 긴장과 불안에서 오는 스트레스물질은 우리 뇌가 기억하고 있는 것을 끄집어 내는데 방해하고 잘 떠오르지 않는 상황에 대해 다시 불안감을 갖게 되므로 실수로 연결되는 경우가 많다고 전문가는 말했다.#@문장구분# 이런 불안감이나 긴장감은 사람에 따라 편차가 있기 때문에 곧 이게 경쟁력이 되기도 한다.#@문장구분# 나는 학생의 전반적인 학습능력에 대한 평가는 시험이 맞다고 생각하지만 특수분야에 있어 특히 창작활동등의 면접이나 실기부분에 있어서는 좀 다르다고 생각한다.#@문장구분# 제한된 공간안에서 경쟁자들과 동시에 그림을 그리거나 악기를 연주한다거나 하는 부분은 개인의 스트레스 편차에 따라 작품이 달라지기 때문에 실제 실력이 좋은 학생을 알아내는 좋지못한 방법이라고 생각한다. #@문장구분#이런경우는 학창시절의 꾸준한 평가와 작품의 결과등을 통해 평가가 되면 더 좋지않을까 하는 생각을 해본다.#@문장구분# 물론 이런 경우 순수 자신의 실력인지 실력의 투명성에 의문을 제기할수 있기에 안전장치가 필요하기도 할 것이다.#@문장구분#",
      "paragraph_len": 1212,
      "paragraph_id": "001"
    }
  ],
  "score": {
    "paragraph_score": [
      {
        "paragraph_scoreT": [
          3,
          3,
          2.6
        ],
        "paragraph_scoreT_detail": {
          "paragraph_scoreT_exp": [
            [
              3,
              3,
              3
            ],
            [
              3,
              3,
              3
            ],
            [
              3,
              2,
              3
            ]
          ]
        },
        "paragraph_scoreT_avg": 2.8666668,
        "paragraph_id": "001"
      }
    ],
    "essay_scoreT": [
      30,
      26.3,
      26.7
    ],
    "essay_scoreT_avg": 27.666666,
    "essay_scoreT_detail": {
      "essay_scoreT_org": [
        [
          3,
          0,
          3,
          3
        ],
        [
          2,
          0,
          3,
          2
        ],
        [
          3,
          0,
          2,
          3
        ]
      ],
      "essay_scoreT_cont": [
        [
          3,
          3,
          3,
          3
        ],
        [
          3,
          2,
          2,
          3
        ],
        [
          3,
          2,
          3,
          3
        ]
      ],
      "essay_scoreT_exp": [
        [
          3,
          3,
          3
        ],
        [
          3,
          3,
          3
        ],
        [
          3,
          2,
          3
        ]
      ]
    }
  },
  "student": {
    "date": "2021.12.16",
    "student_educated": true,
    "student_grade": "고등_1학년",
    "location": "031",
    "student_grade_group": "고등",
    "student_reading": 3
  },
  "rubric": {
    "essay_grade": "고등_1학년",
    "organization_weight": {
      "org_paragraph": 0,
      "org": 3,
      "org_essay": 6,
      "org_coherence": 3,
      "org_quantity": 1
    },
    "essay_type": "주장",
    "content_weight": {
      "con_clearance": 3,
      "con_novelty": 3,
      "con": 4,
      "con_prompt": 1,
      "con_description": 3
    },
    "essay_main_subject": "평가에 대한 본인의 의견",
    "expression_weight": {
      "exp_style": 4,
      "exp_grammar": 2,
      "exp_vocab": 4,
      "exp": 3
    }
  },
  "correction": [],
  "info": {
    "essay_id": "ESSAY_65650",
    "essay_prompt": " 평가는 일반적으로 평가대상의 장점과 가치를 결정하는 과정을 말합니다.\n\n 세상에는 무수히 많은 평가 방법들이 존재하고 그 주제도 다양합니다.\n\n 우리나라의 경우는 어떨까요? 중간, 기말시험이 있고 미술과 같은 기본기와 창의성을 평가하는 과목도 있습니다. 체육과 같은 신체적인 능력을 평가하는 과목도 있지요. 모두 적절한 기준이 있으며 매우 객관적인 기준이라고 말합니다.\n\n 하지만 여러분이 생각하기에 모든 학생을 동일한 평가지표에 맞추어 평가하는 것이 올바른 방식이라고 생각하나요?\n\n 사람마다 특성이 존재하듯 각각의 목표 또한 다르고 성과도 다를 수 있습니다. 특정 기준에 의존해 본인의 성과도를 평가하는 것이 바르다고 생각되나요?\n\n 현재의 평가 방식은 최고의 객관적인 평가 방식이라고 생각하신다면 그 이유를 작성해주세요. 아니라면 어떤 평가 기준이 추가되어야 하고 또한 어떤 생각으로 평가가 이루어졌으면 좋겠는지 서술해 주세요.",
    "essay_type": "주장",
    "essay_level": "2",
    "essay_len": 932,
    "essay_main_subject": "평가에 대한 본인의 의견"
  }
}