{
  "paragraph": [
    {
      "paragraph_txt": "나는 인종차별이 발생하는 이유는 어쩔 수 없다고 생각한다.#@문장구분# 사람이라는 동물은 나와 다르다고 느껴지면 배척하고 멀리하는 성향이 있기 때문이다.#@문장구분# 그렇다고 인종차별을 하자고 하는 것이 나의 의견은 아니다. #@문장구분#물론 인종차별을 잘못된 것이다. #@문장구분#요즘 같이 다양한 인종이 사는 글로벌 사회에서 인종차별을 하는 것은 구시대적인 생각이고, 절대 앞으로 나아갈 수 없는 인간이라고 말하는 것과 같은 것이기 때문이다.#@문장구분# 그렇지만 내 생각에는 변함이 없다.#@문장구분# 인종차별은 과거에도 있었고 현재에도 있고 앞으로 미래에도 있을 것이다. #@문장구분#바로 인간의 본능적인 성향 때문이다. 인종차별 문제를 해결하기 위해서는 우선적으로 사람들의 성향을 바꿔야 한다고 생각한다. #@문장구분#이 성향을 바꾸기 위해서는 가정교육이 중요하다고 생각한다.#@문장구분#미국의 사례를 예로 들자면 미국의 상류층들은 사업을 하기 때문에 그런지 몰라도 많고 다양한 인종을 만나면서 인종에 대한 편견이 없어져 자신의 자식에게도 인종에 대해 잘 교육하고 가르치기 때문에 상류층일수록 인종차별을 많이 안하는 편이다. #@문장구분#반대로 하류층일수록 다른 나라에서 넘어 온 사람들에게 자신의 일자리를 뺏길까봐 두려워 인종차별을 하는 편이라고 한다. #@문장구분#그래서 하류층의 자녀들도 그것을 보고 배워 똑같이 인종차별을 한다는 것이다.#@문장구분# 그래서 나는 나라와 인종에 관계없이 가정교육이 중요하다고 생각한다. #@문장구분#아무래도 어렸을 때부터 가장 영향을 많이 받는 사람이 부모인데, 그 부모가 올바르고 곧은 생각을 가지고 산다면 자식들도 부모를 따라 올바르고 곧게 성장할 것이고, 반대로 부모가 올바르지 못하고 남들에게 민폐만 끼치고 산다면 자식들도 그 행동들을 배워 올바르지 못하고 남에게 민폐만 끼치고 살 것이다. #@문장구분#그래서 나는 가정교육의 중요성을 강조하고 싶다.#@문장구분#",
      "paragraph_len": 1157,
      "paragraph_id": "001"
    }
  ],
  "score": {
    "paragraph_score": [
      {
        "paragraph_scoreT": [
          2.8,
          3,
          2.6
        ],
        "paragraph_scoreT_detail": {
          "paragraph_scoreT_exp": [
            [
              2,
              3,
              3
            ],
            [
              3,
              3,
              3
            ],
            [
              3,
              2,
              3
            ]
          ]
        },
        "paragraph_scoreT_avg": 2.8,
        "paragraph_id": "001"
      }
    ],
    "essay_scoreT": [
      27.900002,
      29.1,
      27.9
    ],
    "essay_scoreT_avg": 28.300001,
    "essay_scoreT_detail": {
      "essay_scoreT_org": [
        [
          3,
          3,
          3,
          2
        ],
        [
          2,
          3,
          3,
          3
        ],
        [
          3,
          3,
          2,
          3
        ]
      ],
      "essay_scoreT_cont": [
        [
          3,
          2,
          3,
          3
        ],
        [
          3,
          3,
          3,
          3
        ],
        [
          3,
          3,
          3,
          3
        ]
      ],
      "essay_scoreT_exp": [
        [
          2,
          3,
          3
        ],
        [
          3,
          3,
          3
        ],
        [
          3,
          2,
          3
        ]
      ]
    }
  },
  "student": {
    "date": "2021.11.30",
    "student_educated": true,
    "student_grade": "고등_2학년",
    "location": "063",
    "student_grade_group": "고등",
    "student_reading": 2
  },
  "rubric": {
    "essay_grade": "고등_2학년",
    "organization_weight": {
      "org_paragraph": 3,
      "org": 3,
      "org_essay": 3,
      "org_coherence": 3,
      "org_quantity": 1
    },
    "essay_type": "주장",
    "content_weight": {
      "con_clearance": 3,
      "con_novelty": 3,
      "con": 4,
      "con_prompt": 1,
      "con_description": 3
    },
    "essay_main_subject": "인종차별에 대한 본인의 생각",
    "expression_weight": {
      "exp_style": 4,
      "exp_grammar": 2,
      "exp_vocab": 4,
      "exp": 3
    }
  },
  "correction": [],
  "info": {
    "essay_id": "ESSAY_53125",
    "essay_prompt": " 최근 중국발 코로나바이러스로 인해 동양인에 대한 혐오감을 나타내는 서양인들이 늘어나고 있습니다. 그로 인해, 매스컴이나 SNS에서 인종차별을 받아 힘들어하는 동양인들을 자주 목격할 수 있습니다.\n\n 하지만, 최근에만 인종차별이 존재했을까요? 아닙니다. 아주 오래전부터 다른 인종에 대한 차별은 있었습니다.\n\n 우리나라에서는 인종차별을 안 하고 있을까요? 아닙니다. 우리나라에서도 알게 모르게 많은 부분에서 다른 국가의 사람들에 대해 인종차별을 하고 있으며 누군가에게 상처를 주고 있습니다.\n\n 즉, 인종차별은 누군가의 문제가 아니라 우리 모두의 문제입니다.\n\n 여러분들은 인종차별을 당해보신 적 있나요? 인종차별을 하는 사람들에 대해 어떻게 생각하시나요? 왜 생겨났다고 생각하나요? 인종차별을 근절하기 위해서는 어떻게 해야 할까요? 인종차별을 하는 사람들에 대해 전 세계적으로 처벌의 강도를 높여야 할까요?\n\n 인종차별을 하는 사람들에 대한 본인의 생각을 작성하고 인종차별은 해결할 수 있는 문제일지 아니면 해결하지 어려운 문제일지 작성해주세요. 또한, 그렇게 생각한 이유와 본인이 생각한 해결방법 혹은 해결할 수 없다면 왜 해결할 수 없다고 생각하는지 작성해주세요.",
    "essay_type": "주장",
    "essay_level": "1",
    "essay_len": 858,
    "essay_main_subject": "인종차별에 대한 본인의 생각"
  }
}