{
  "paragraph": [
    {
      "paragraph_txt": "평가는 그 대상의 장점과 가치를 결정하는 과정을 말한다.#@문장구분# 그렇다면 현재의 평가 방식들이 이러한 일을 잘 수행하고 있다고 생각하는가?#@문장구분# 난 아니라고 본다.#@문장구분# 현재의 평가 방식은 대상을 객관적으로 평가하고 그 성과를 측정하는 데 있어 한계가 있기 때문이다. #@문장구분#그렇기에 나는 새로운 현재의 평가 방식을 지속해서 개선해 나가야 한다고 생각한다.#@문장구분#\n 내가 생각하기엔, 현시점에서 추가되어야 할 평가 기준은 지속 가능성 및 성장 가능성이라고 본다.#@문장구분# 지속 가능성은 대상이 그 활동을 얼마나 오랫동안 유지 혹은 지속해 나아갈 수 있는지에 대한 것이며, 성장 가능성은 평가대상의 기술 수준이 현재와 어느 정도까지 성장할 수 있는지에 대한 것이다.#@문장구분# 만약 내가 이렇게 말한다고 사람들은 이렇게 말할 수도 있을 것이다.#@문장구분# '어떻게 그 둘을 평가할 것이냐?' 라면 말이다.#@문장구분# 내가 생각하는 평가 방식은 이렇다.#@문장구분# 먼저, 지속 가능성의 경우 대상의 그 행위를 함에 있어 얼마나 열정이며, 꾸준하게 할 수 있는지를 평가할 것인데, 이것은 현재 수준의 심리학적인 검사에서 가능하다고 생각하기 때문이다.#@문장구분# 성장 가능성은 이전과 수준과 다른 더욱더 어려운 목표물을 주고 얼마나 그것에 잘 적응해 나갈 수 있을지를 확인함으로써 측정할 수 있을 것이다.#@문장구분# 예를 들어 음악 분야에서는, 이전과는 다른 어떠한 어려운 곡을 연주할 수 있는지를 평가하는 것이다.#@문장구분#\n 근데 이러한 내 생각을 듣고 이러한 평가 방식이 너무나도 터무니없다고 생각할 사람도 있을 것이다.#@문장구분# 창작의 분야에서의 평가는 어떻게 이루어지냐고 생각하는 사람도 있을 것이다.#@문장구분# 그럼 처음으로 돌아가서, 애초에 창작이란 분야에서는 객관적으로 평가가 이루어질 수 있을지에 대해 먼저 생각해 봐야 한다.#@문장구분# 창작은 사람이 존재하는 수만큼 존재하기에 그것을 객관적으로 평가해 내기란 거의 불가능에 가깝다.#@문장구분# 그렇기에 나는 창작의 분야는 객관적 평가에서 제외하고, 그 창작이 이루어질 때 필요한 형식적인 요소를 평가할 필요가 있다고 생각한다.#@문장구분#",
      "paragraph_len": 1328,
      "paragraph_id": "001"
    }
  ],
  "score": {
    "paragraph_score": [
      {
        "paragraph_scoreT": [
          3,
          3,
          3
        ],
        "paragraph_scoreT_detail": {
          "paragraph_scoreT_exp": [
            [
              3,
              3,
              3
            ],
            [
              3,
              3,
              3
            ],
            [
              3,
              3,
              3
            ]
          ]
        },
        "paragraph_scoreT_avg": 3,
        "paragraph_id": "001"
      }
    ],
    "essay_scoreT": [
      30,
      24.300001,
      27.3
    ],
    "essay_scoreT_avg": 27.200003,
    "essay_scoreT_detail": {
      "essay_scoreT_org": [
        [
          3,
          0,
          3,
          3
        ],
        [
          3,
          0,
          2,
          3
        ],
        [
          2,
          0,
          2,
          3
        ]
      ],
      "essay_scoreT_cont": [
        [
          3,
          3,
          3,
          3
        ],
        [
          3,
          2,
          3,
          2
        ],
        [
          3,
          3,
          3,
          3
        ]
      ],
      "essay_scoreT_exp": [
        [
          3,
          3,
          3
        ],
        [
          3,
          2,
          2
        ],
        [
          3,
          3,
          3
        ]
      ]
    }
  },
  "student": {
    "date": "2021.12.23",
    "student_educated": true,
    "student_grade": "고등_1학년",
    "location": "054",
    "student_grade_group": "고등",
    "student_reading": 1
  },
  "rubric": {
    "essay_grade": "고등_1학년",
    "organization_weight": {
      "org_paragraph": 0,
      "org": 3,
      "org_essay": 6,
      "org_coherence": 3,
      "org_quantity": 1
    },
    "essay_type": "주장",
    "content_weight": {
      "con_clearance": 3,
      "con_novelty": 3,
      "con": 4,
      "con_prompt": 1,
      "con_description": 3
    },
    "essay_main_subject": "평가에 대한 본인의 의견",
    "expression_weight": {
      "exp_style": 4,
      "exp_grammar": 2,
      "exp_vocab": 4,
      "exp": 3
    }
  },
  "correction": [],
  "info": {
    "essay_id": "ESSAY_76651",
    "essay_prompt": " 평가는 일반적으로 평가대상의 장점과 가치를 결정하는 과정을 말합니다.\n\n 세상에는 무수히 많은 평가 방법들이 존재하고 그 주제도 다양합니다.\n\n 우리나라의 경우는 어떨까요? 중간, 기말시험이 있고 미술과 같은 기본기와 창의성을 평가하는 과목도 있습니다. 체육과 같은 신체적인 능력을 평가하는 과목도 있지요. 모두 적절한 기준이 있으며 매우 객관적인 기준이라고 말합니다.\n\n 하지만 여러분이 생각하기에 모든 학생을 동일한 평가지표에 맞추어 평가하는 것이 올바른 방식이라고 생각하나요?\n\n 사람마다 특성이 존재하듯 각각의 목표 또한 다르고 성과도 다를 수 있습니다. 특정 기준에 의존해 본인의 성과도를 평가하는 것이 바르다고 생각되나요?\n\n 현재의 평가 방식은 최고의 객관적인 평가 방식이라고 생각하신다면 그 이유를 작성해주세요. 아니라면 어떤 평가 기준이 추가되어야 하고 또한 어떤 생각으로 평가가 이루어졌으면 좋겠는지 서술해 주세요.",
    "essay_type": "주장",
    "essay_level": "2",
    "essay_len": 969,
    "essay_main_subject": "평가에 대한 본인의 의견"
  }
}