{
  "paragraph": [
    {
      "paragraph_txt": "평가란 무엇일까?#@문장구분# 우리는 모두 평가를 받고 하며 살아간다.#@문장구분# 나는 그저 나의 성적 혹은 학업 성취도 등 공부한 것만 평가하는 것인가.#@문장구분# 내가 생각하기엔 주제로 나온 평가란 0점부터 100점까지나오는 성적을 말하는 듯하다.#@문장구분# 솔직히 난 이렇게 평가하는 것을 별로 좋아하진 않는다.#@문장구분# 하지만 이렇게 평가를 하지 않으면 대학을 갈 생각을 하지 않을거 같고 자신을 발전시키지 않을거 같다.#@문장구분# 그리하여 성적에대한 평가는 괜찮다고 보지만 내가 아는 성적 즉 평가가 아닌 사람과 사람 사이의 평가라면 정말 싫어한다.#@문장구분# 내가 생각하기에 사람은 개개인의 특성과 매력을 가지고 있다고 생각한다.#@문장구분# 나에게는 너무나 싫은 사람이라도 다른 사람에겐 둘도 없는 베프인 것처럼 그리하여 사람과 사람 사이의 평가는 그 사람의 모든 면을 보며 이야기하는 것이 아니기에 하면 안된다고 본다.#@문장구분# 마지막으로 우리는 모두 평가를 받고 평가를 하며 살아간다는데 부정적인 시각이 아닌 긍정적인 시각으로 바라보며 서로 친해지기 전부터 서로 안좋은 감정을 쌓지 않았으면 좋겠다.#@문장구분# 건너 건너 듣게된 날 안좋아한다고 생각하던 아이는 누군가에겐 엄청 좋은 사람이니 내가 그 모습을 못 본 걸지도 모르니 함부로 평가하지 말자라는 의견을 가지고 있다.#@문장구분# 그러므로 나의 주장은 평가는 간혹 필요할지 모르지만 사람 간의 평가는 하는 것이 아니다.#@문장구분# 그래서 앞으로는 객관적인 평가를 점점 줄이고 개인별 맞춤 평가 방법을 도입하는 것이 좋을 것 같다.#@문장구분# 요즘같이 개성이 중요시되는 사회에서 사람들의 개성과 고유의 특성을 무시한 채 일괄된 평가방식으로 평가하는 것은 불합리하다고 생각한다. #@문장구분#그래서 앞으로는 개인의 개성을 중시하는 평가방식을 도입하는 것을 강력 추천한다.#@문장구분#",
      "paragraph_len": 1132,
      "paragraph_id": "001"
    }
  ],
  "score": {
    "paragraph_score": [
      {
        "paragraph_scoreT": [
          3,
          2.6,
          2.4
        ],
        "paragraph_scoreT_detail": {
          "paragraph_scoreT_exp": [
            [
              3,
              3,
              3
            ],
            [
              3,
              3,
              2
            ],
            [
              2,
              3,
              2
            ]
          ]
        },
        "paragraph_scoreT_avg": 2.6666667,
        "paragraph_id": "001"
      }
    ],
    "essay_scoreT": [
      25.5,
      27,
      23.9
    ],
    "essay_scoreT_avg": 25.466667,
    "essay_scoreT_detail": {
      "essay_scoreT_org": [
        [
          2,
          0,
          3,
          2
        ],
        [
          2,
          0,
          3,
          3
        ],
        [
          2,
          0,
          2,
          3
        ]
      ],
      "essay_scoreT_cont": [
        [
          3,
          2,
          3,
          2
        ],
        [
          3,
          3,
          3,
          3
        ],
        [
          3,
          2,
          2,
          3
        ]
      ],
      "essay_scoreT_exp": [
        [
          3,
          3,
          3
        ],
        [
          3,
          3,
          2
        ],
        [
          2,
          3,
          2
        ]
      ]
    }
  },
  "student": {
    "date": "2021.12.07",
    "student_educated": true,
    "student_grade": "고등_1학년",
    "location": "041",
    "student_grade_group": "고등",
    "student_reading": 1
  },
  "rubric": {
    "essay_grade": "고등_1학년",
    "organization_weight": {
      "org_paragraph": 0,
      "org": 3,
      "org_essay": 6,
      "org_coherence": 3,
      "org_quantity": 1
    },
    "essay_type": "주장",
    "content_weight": {
      "con_clearance": 3,
      "con_novelty": 3,
      "con": 4,
      "con_prompt": 1,
      "con_description": 3
    },
    "essay_main_subject": "평가에 대한 본인의 의견",
    "expression_weight": {
      "exp_style": 4,
      "exp_grammar": 2,
      "exp_vocab": 4,
      "exp": 3
    }
  },
  "correction": [],
  "info": {
    "essay_id": "ESSAY_56061",
    "essay_prompt": " 평가는 일반적으로 평가대상의 장점과 가치를 결정하는 과정을 말합니다.\n\n 세상에는 무수히 많은 평가 방법들이 존재하고 그 주제도 다양합니다.\n\n 우리나라의 경우는 어떨까요? 중간, 기말시험이 있고 미술과 같은 기본기와 창의성을 평가하는 과목도 있습니다. 체육과 같은 신체적인 능력을 평가하는 과목도 있지요. 모두 적절한 기준이 있으며 매우 객관적인 기준이라고 말합니다.\n\n 하지만 여러분이 생각하기에 모든 학생을 동일한 평가지표에 맞추어 평가하는 것이 올바른 방식이라고 생각하나요?\n\n 사람마다 특성이 존재하듯 각각의 목표 또한 다르고 성과도 다를 수 있습니다. 특정 기준에 의존해 본인의 성과도를 평가하는 것이 바르다고 생각되나요?\n\n 현재의 평가 방식은 최고의 객관적인 평가 방식이라고 생각하신다면 그 이유를 작성해주세요. 아니라면 어떤 평가 기준이 추가되어야 하고 또한 어떤 생각으로 평가가 이루어졌으면 좋겠는지 서술해 주세요.",
    "essay_type": "주장",
    "essay_level": "2",
    "essay_len": 832,
    "essay_main_subject": "평가에 대한 본인의 의견"
  }
}