{
  "paragraph": [
    {
      "paragraph_txt": "공교육은 산업혁명 시기에 공장이 이용할 수 있는 노동자들을 만들기위한 제도로 시작했다.#@문장구분# 지금의 학교에서 하는 평가들은 모두 공장에서 이용가능할 노동자들을 선별하기 위한 것 이었다.#@문장구분# 따라서 지금의 평가기준은 현재 세상에 맞지 않다고 볼 수 있다.#@문장구분# 기업이 원하는 노동자가 달라지면서 공교육 또한 이에 맞추어 달라져야 한다.#@문장구분# 공교육이 변함으로써 교육은 학생들에게 삶에 도움이 된다는 생각을 하게 만들 것이고, 실제로 학생들의 미래에 더 도움이 되며 학생들의 의지도 강화할 것이다.#@문장구분# 평가기준이 어떻게 달라져야 하냐면, 학생들이 원하는 일의 특성을 더 잘 반영할 수 있도록 달라져야한다. #@문장구분#연구소에서 일하고 싶다면 공부만 잘하는 것은 의미가 없다.#@문장구분# 알려진 식으로 알려진 문제를 풀 뿐인 능력은 중요하지 않다.#@문장구분# 새로운 실험을 설계하거나 새로운 이론을 생각해내는 것은 문제를 잘 푸는 것과 다른 것이다. #@문장구분#따라서 평가기준은 같은 일을 얼마나 잘하는지가 아니라 무엇을 잘하는지로 바뀌어야 할 것이다.#@문장구분# 지금의 평가기준은 알려줄 수 있는 정보가 너무 제한적이다.#@문장구분# 예를 들자면 국어시험을 잘 본 농아인을 언어능력이 있다고 할 수는 없다#@문장구분#(언어의 절반은 발화이기 때문이다. 대부분의 사람은 수화를 모른다).#@문장구분# 변화된 평가기준을 적용해야 기업은 필요한 노동자를 채용할 수 있다. #@문장구분#그리고 학생들은 자신들이 원하는 것을 하며 행복한 학창생활을 할 수 있다.#@문장구분# 자신에게 필요하지도 않고 즐기지도 않는 일에 친구와 경쟁하게 되는 일은 분명히 정서에 좋은 영향을 주는 일은 아닐 것이다.#@문장구분# 이런 평가기준에서 우수한 성적을 받으려면 학생은 많은 것을 희생해야 한다.#@문장구분# 나는 그런일이 싫다. #@문장구분#학생은 아직 미숙한 존재답게 마음대로 살아야한다.#@문장구분# 물론 정도를 지키면서 말이다.#@문장구분#",
      "paragraph_len": 1252,
      "paragraph_id": "001"
    }
  ],
  "score": {
    "paragraph_score": [
      {
        "paragraph_scoreT": [
          2.8,
          3,
          3
        ],
        "paragraph_scoreT_detail": {
          "paragraph_scoreT_exp": [
            [
              2,
              3,
              3
            ],
            [
              3,
              3,
              3
            ],
            [
              3,
              3,
              3
            ]
          ]
        },
        "paragraph_scoreT_avg": 2.9333334,
        "paragraph_id": "001"
      }
    ],
    "essay_scoreT": [
      27.8,
      30,
      30
    ],
    "essay_scoreT_avg": 29.266668,
    "essay_scoreT_detail": {
      "essay_scoreT_org": [
        [
          3,
          0,
          3,
          3
        ],
        [
          3,
          0,
          3,
          3
        ],
        [
          3,
          0,
          3,
          3
        ]
      ],
      "essay_scoreT_cont": [
        [
          2,
          3,
          2,
          3
        ],
        [
          3,
          3,
          3,
          3
        ],
        [
          3,
          3,
          3,
          3
        ]
      ],
      "essay_scoreT_exp": [
        [
          2,
          3,
          3
        ],
        [
          3,
          3,
          3
        ],
        [
          3,
          3,
          3
        ]
      ]
    }
  },
  "student": {
    "date": "2021.12.23",
    "student_educated": true,
    "student_grade": "고등_1학년",
    "location": "054",
    "student_grade_group": "고등",
    "student_reading": 1
  },
  "rubric": {
    "essay_grade": "고등_1학년",
    "organization_weight": {
      "org_paragraph": 0,
      "org": 3,
      "org_essay": 6,
      "org_coherence": 3,
      "org_quantity": 1
    },
    "essay_type": "주장",
    "content_weight": {
      "con_clearance": 3,
      "con_novelty": 3,
      "con": 4,
      "con_prompt": 1,
      "con_description": 3
    },
    "essay_main_subject": "평가에 대한 본인의 의견",
    "expression_weight": {
      "exp_style": 4,
      "exp_grammar": 2,
      "exp_vocab": 4,
      "exp": 3
    }
  },
  "correction": [],
  "info": {
    "essay_id": "ESSAY_76666",
    "essay_prompt": " 평가는 일반적으로 평가대상의 장점과 가치를 결정하는 과정을 말합니다.\n\n 세상에는 무수히 많은 평가 방법들이 존재하고 그 주제도 다양합니다.\n\n 우리나라의 경우는 어떨까요? 중간, 기말시험이 있고 미술과 같은 기본기와 창의성을 평가하는 과목도 있습니다. 체육과 같은 신체적인 능력을 평가하는 과목도 있지요. 모두 적절한 기준이 있으며 매우 객관적인 기준이라고 말합니다.\n\n 하지만 여러분이 생각하기에 모든 학생을 동일한 평가지표에 맞추어 평가하는 것이 올바른 방식이라고 생각하나요?\n\n 사람마다 특성이 존재하듯 각각의 목표 또한 다르고 성과도 다를 수 있습니다. 특정 기준에 의존해 본인의 성과도를 평가하는 것이 바르다고 생각되나요?\n\n 현재의 평가 방식은 최고의 객관적인 평가 방식이라고 생각하신다면 그 이유를 작성해주세요. 아니라면 어떤 평가 기준이 추가되어야 하고 또한 어떤 생각으로 평가가 이루어졌으면 좋겠는지 서술해 주세요.",
    "essay_type": "주장",
    "essay_level": "2",
    "essay_len": 853,
    "essay_main_subject": "평가에 대한 본인의 의견"
  }
}