{
  "paragraph": [
    {
      "paragraph_txt": "요즘 같이 코로나로 전 세계가 고통에 시달리고 있는 상황, 코로나 팬데믹 초기부터 개발도상국에 대한 백신 공급을 증가시키기 위해 백신 지적재산권, 즉 백신 특허를 일시적으로 취소시켜야 한다는 주장이 WTO에서 꾸준히 제기되어 왔다.#@문장구분# \n  \n  이와 같은 상황에서 나는 백신에 대한 지적재산권 취소와 같은 지극히 모험적이고 현실성이 떨어지는 조치가 아니라, 백신 지적재산권을 보유한 제약회사들이 시장의 요구에 맞춰 백신 생산량을 높일 수 있도록 생산 설비를 확장시키도록 유도하는 것이 바람직하다고 생각한다. #@문장구분#그 이유를 설명하자면, 현실성의 문제이다.#@문장구분# 물론 시장의 논리는 생명의 숭고함 앞에서 잠시 배제되는 것이 옳다는 도덕적인 관점에도 동의를 하는 바이다.#@문장구분# 그렇지만 현실은 도덕적이지 않고, 현실적인 해결법으로 접근하는 게 몽상만을 쫓다가 현실의 돌부리에 걸려 넘어지지 않을 수 있는 안전하다는 사실은 자명하다.#@문장구분# 지적재산 보호는 무단 복제를 방지하고 혁신 기업에 단기적인 생산 독점권을 부여해 기업의 개발 비용을 충당하고 투자를 장려한다.#@문장구분# 생명공학 기업들은 지적재산권 보호가 코로나 백신을 기록적으로 짧은 기간 안에 생산하는 동기를 제공했다고 주장하고 이것은 맞는 이야기이다.#@문장구분# 정당한 성과만큼 보상해줘야 경쟁력이 생기고 열심히 일할 동기가 생기는 것은 누구나 아는 당연한 사실이다.#@문장구분# 예로부터 인류 혁신의 원천이었던 지적재산권을 취소시키는 사례는 다음에 발생할지도 모르는 변이 바이러스 백신 개발을 상당히 늦추는 결과를 낳게 될 것이다.#@문장구분# 그리고 당장 백신 특허를 취소한다고 해도 생산시설이 없는 제약회사들이 백신을 생산하는 데 많은 시간이 소모될 것이고 그렇게 제작된 백신들도 안정성이 심각하게 떨어질 확률이 높아 백신 신뢰도가 급감할 우려도 있다.#@문장구분#\n  \n 현실의 벽에 부딪혀 백신 특허 면제는 무모한 길을 걷는 것과 같다.#@문장구분# 전 세계에는 위험천만한 모험 대신 안정적인 방법 즉 생산 설비 확장 유도가 필요한 시점이라고 생각한다.#@문장구분#",
      "paragraph_len": 1205,
      "paragraph_id": "001"
    }
  ],
  "score": {
    "paragraph_score": [
      {
        "paragraph_scoreT": [
          3,
          3,
          2
        ],
        "paragraph_scoreT_detail": {
          "paragraph_scoreT_exp": [
            [
              3,
              3,
              3
            ],
            [
              3,
              3,
              3
            ],
            [
              2,
              2,
              2
            ]
          ]
        },
        "paragraph_scoreT_avg": 2.6666667,
        "paragraph_id": "001"
      }
    ],
    "essay_scoreT": [
      27,
      30,
      23
    ],
    "essay_scoreT_avg": 26.666666,
    "essay_scoreT_detail": {
      "essay_scoreT_org": [
        [
          2,
          2,
          2,
          2
        ],
        [
          3,
          3,
          3,
          3
        ],
        [
          2,
          2,
          3,
          3
        ]
      ],
      "essay_scoreT_cont": [
        [
          3,
          3,
          3,
          3
        ],
        [
          3,
          3,
          3,
          3
        ],
        [
          2,
          2,
          2,
          3
        ]
      ],
      "essay_scoreT_exp": [
        [
          3,
          3,
          3
        ],
        [
          3,
          3,
          3
        ],
        [
          3,
          2,
          2
        ]
      ]
    }
  },
  "student": {
    "date": "2021.09.03",
    "student_educated": true,
    "student_grade": "고등_2학년",
    "location": "051",
    "student_grade_group": "고등",
    "student_reading": 3
  },
  "rubric": {
    "essay_grade": "고등_2학년",
    "organization_weight": {
      "org_paragraph": 3,
      "org": 3,
      "org_essay": 3,
      "org_coherence": 3,
      "org_quantity": 1
    },
    "essay_type": "주장",
    "content_weight": {
      "con_clearance": 3,
      "con_novelty": 3,
      "con": 4,
      "con_prompt": 1,
      "con_description": 3
    },
    "essay_main_subject": "지적 재산권에 대한 본인의 생각 작성",
    "expression_weight": {
      "exp_style": 4,
      "exp_grammar": 2,
      "exp_vocab": 4,
      "exp": 3
    }
  },
  "correction": [],
  "info": {
    "essay_id": "ESSAY_35182",
    "essay_prompt": " 지적재산권이란 특허권, 실용신안권, 상표권, 디자인권을 총칭하는 개념으로 지적재산권법은 정보생산자에게 일정기간 동안 시장에서의 배타적 지위를 부여하고 있습니다.\n\n 즉, 지적 재산권은 특정 사람이 생각/창작해낸 것을 다른사람들의 무분별한 이용으로 부터 지켜주는 것입니다. 이러한 지적재산권은 개인 혹은 회사 더 나아가 나라에 귀속될 수 있습니다.\n\n 다만, 코로나 시대인 요즘 전 세계적인 재앙인 코로나를 물리칠 수 있는 백신에 대한 지적재산권을 자유롭게 풀어야한다는 의견이 계속해서 나오고 있습니다. \n\n 지적 재산권이 있는 제약회사가 있는 나라의 경우 백신이 충분하며 백신을 맞는 것이 선택의 문제인 반면, 그렇지 못한 나라는 백신을 맞고 싶어도 맞지 못하는 사람들이 많고 항체가 없어 사망하는 경우도 비교적 많이 때문입니다.\n\n 전 세계의 문제를 해결하기 위해 수 많은 돈을 들여 개발한 백신의 지적재산권을 공유하는 것이 의무화 되어야 할까요? 아니면 회사의 선택에 맡겨야할까요? 보상은 어떻게 해야할까요? \n\n 전 세계에 무상으로 공개 해야 한다는 의견이 있을 수도 있고 무상으로 공개한 회사의 경우 팬더믹 상황이 종결 된 후 따로 보상을 해주어야 한다는 의견도 있을 겁니다. 지적재산권의 변하지 않는 신뢰를 위해서라도 무상 공개는 절대 있어서는 안된다는 의견도 있을 것입니다.\n\n 지금까지도 펜더믹 상황에서 코로나19 백신에 대한 특허권을 보장해야 하느냐 풀어야 하느냐 의견이 분분합니다. 이에 대한 자신의 주장을 작성해주세요. 또한, 그렇게 생각한 이유도 설명해주세요.",
    "essay_type": "주장",
    "essay_level": "1",
    "essay_len": 967,
    "essay_main_subject": "지적 재산권에 대한 본인의 생각 작성"
  }
}