{
  "paragraph": [
    {
      "paragraph_txt": "사람들마다 목표하는 것도, 살아온 환경과 상황도 다릅니다.#@문장구분# 예를 들어 농어촌에 사는 학생들은 수도권 지역에 사는 학생들보다 상대적으로 열악한 교육환경을 가지고 있습니다.#@문장구분# 그래서 현재 농어촌 특별전형이 만들어졌습니다.#@문장구분# 그러나 이러한 사례에도 불구하고 저는 지금으로서는 현재에 평가방식이 최선이라고 생각합니다.#@문장구분# 그 이유는 위에 서술한 사례와 같은 경우에 있어서 다른 여러 사람들도 특별전형에 들어가고자 할 수 있는데 이에 대하여 확연하고 일괄적인 자격 기준이 없어 다른 사람들도 억울함을 호소할 수 있습니다.#@문장구분# 그리고 위에 서술한 농어촌 특별전형에 사례에서도 몇몇이 이를 악용해 특별전형을 노린 부정입학, 도시규모에 군, 읍, 면이 시승격과 동 설치를 거부하는 등에 부작용이 있을 수 있고 모두에 상황을 고려할 수 있는 확연한 기준도 없다는 점이 여기서도 문제가 됩니다.#@문장구분# 농어촌에서도 잘 사는 사람이 있고 도시에서도 소득수준이 낮은 경우가 있는데 일차원적 사고방식으로 '농어촌'특별 전형으로 획일화 시키는 것이 문제가 됩니다.#@문장구분#  또한 각자의 목표와 성과를 모두에게 동일한 기준으로 평가하는 것은 분명 문제가 있지만 모두에 상황을 고려하여 모든 개인에 가치를 각각 평가할 수 있는 방법은 아직 없습니다.#@문장구분# 어떠한 방법으로도 그 사람이 추구해나갔던 삶과 그 사람에 가치를 평가할 방법은 없기 때문입니다.#@문장구분# 그렇기에 지금으로서는 모두에게 좋은 의미로든 안좋은 의미로든 공평한 평가가 필요합니다.#@문장구분# 특히 이 부분은 학생들에게 임해지는 평가 밖에서 특히 잘 들어나는데 사회에서는 개인에 상황을 봐주지 않습니다.#@문장구분# 기업에 이익을 추구하는 회사에서 개인에 상황을 보고 인재를 고용하는 것은 서로에게 옮지 않습니다.#@문장구분# 오직 능력만을 보고 뽑게 되는데 이러한 현실에서 학생시절부터 결과적인 능력이 아닌 과정과 개인에 맞춘 평가기준을 내세워 준다면 사회에서 그 사람에 이력을 보고 그 사람을 사회에서 필요한 기준에 따라 평가하기 힘들어진다는 문제점도 있습니다.#@문장구분# 이러한 사례로 현재 시행중인 여성 할당제가 있는데, 이는 능력이 아닌 성별을 보고 사람을 평가하게 하는 제도입니다.#@문장구분# 이로인해 경찰과 소방관에 직무를 수행할 능력이 부족한 사람들이 들어오게 되면서 서울 대림동 여경 논란, 꿀벌 진압 논란, 양평 중국인 흉기난동 사건. 인천 층간소음 흉기난동 사건등 문제가 발생하게 됐습니다.#@문장구분# 이는 여경이나 제도의 문제 뿐 아니라 경찰 체제자체의 문제도 큽니다.#@문장구분# 이렇듯 평가 척도가 그 평가 대상에게 필요로 하는평가해야 하는능력을 평가하지 못하게 된다면 그 평가방법은 좋은 방법이라고 할 수 없습니다.#@문장구분#",
      "paragraph_len": 1605,
      "paragraph_id": "001"
    }
  ],
  "score": {
    "paragraph_score": [
      {
        "paragraph_scoreT": [
          2.8,
          2.4,
          2
        ],
        "paragraph_scoreT_detail": {
          "paragraph_scoreT_exp": [
            [
              2,
              3,
              3
            ],
            [
              2,
              2,
              3
            ],
            [
              2,
              2,
              2
            ]
          ]
        },
        "paragraph_scoreT_avg": 2.3999999,
        "paragraph_id": "001"
      }
    ],
    "essay_scoreT": [
      26.699999,
      25.5,
      23.099998
    ],
    "essay_scoreT_avg": 25.099998,
    "essay_scoreT_detail": {
      "essay_scoreT_org": [
        [
          2,
          0,
          2,
          3
        ],
        [
          2,
          0,
          2,
          3
        ],
        [
          2,
          0,
          2,
          3
        ]
      ],
      "essay_scoreT_cont": [
        [
          3,
          3,
          3,
          3
        ],
        [
          3,
          3,
          3,
          3
        ],
        [
          3,
          2,
          3,
          3
        ]
      ],
      "essay_scoreT_exp": [
        [
          2,
          3,
          3
        ],
        [
          2,
          2,
          3
        ],
        [
          2,
          2,
          2
        ]
      ]
    }
  },
  "student": {
    "date": "2021.12.21",
    "student_educated": true,
    "student_grade": "고등_1학년",
    "location": "063",
    "student_grade_group": "고등",
    "student_reading": 2
  },
  "rubric": {
    "essay_grade": "고등_1학년",
    "organization_weight": {
      "org_paragraph": 0,
      "org": 3,
      "org_essay": 6,
      "org_coherence": 3,
      "org_quantity": 1
    },
    "essay_type": "주장",
    "content_weight": {
      "con_clearance": 3,
      "con_novelty": 3,
      "con": 4,
      "con_prompt": 1,
      "con_description": 3
    },
    "essay_main_subject": "평가에 대한 본인의 의견",
    "expression_weight": {
      "exp_style": 4,
      "exp_grammar": 2,
      "exp_vocab": 4,
      "exp": 3
    }
  },
  "correction": [],
  "info": {
    "essay_id": "ESSAY_76490",
    "essay_prompt": " 평가는 일반적으로 평가대상의 장점과 가치를 결정하는 과정을 말합니다.\n\n 세상에는 무수히 많은 평가 방법들이 존재하고 그 주제도 다양합니다.\n\n 우리나라의 경우는 어떨까요? 중간, 기말시험이 있고 미술과 같은 기본기와 창의성을 평가하는 과목도 있습니다. 체육과 같은 신체적인 능력을 평가하는 과목도 있지요. 모두 적절한 기준이 있으며 매우 객관적인 기준이라고 말합니다.\n\n 하지만 여러분이 생각하기에 모든 학생을 동일한 평가지표에 맞추어 평가하는 것이 올바른 방식이라고 생각하나요?\n\n 사람마다 특성이 존재하듯 각각의 목표 또한 다르고 성과도 다를 수 있습니다. 특정 기준에 의존해 본인의 성과도를 평가하는 것이 바르다고 생각되나요?\n\n 현재의 평가 방식은 최고의 객관적인 평가 방식이라고 생각하신다면 그 이유를 작성해주세요. 아니라면 어떤 평가 기준이 추가되어야 하고 또한 어떤 생각으로 평가가 이루어졌으면 좋겠는지 서술해 주세요.",
    "essay_type": "주장",
    "essay_level": "2",
    "essay_len": 1265,
    "essay_main_subject": "평가에 대한 본인의 의견"
  }
}