{
  "paragraph": [
    {
      "paragraph_txt": "우리가 하는 시험 혹은 수행평가 등 우리의 결과물을 평가하는 일은 평소에도 자주 있다.#@문장구분# 나같은 경우는 공부를 그리 잘하는 편은 아니기에 시험이나 수행평가의 대한 평가는 항상 낮은 점수를 기록하고 있다.#@문장구분# 그렇다고 내가 이 평가에 대해 부정적이냐?#@문장구분# 이건 아니다.#@문장구분# 이 평가란 우리의 수행능력을 평가하고 평소했던 노력에 대해 평가하는 것이기 때문에 평소 노력해왔던 사람이라면 이 평가를 긍정적인 방향으로 볼 것이라고 생각한다.#@문장구분# 장점과 가치를 결정하는 과정을 평가라고 하였을 때 이 평가는 우리에게 굉장히 중요한 역할을 한다.#@문장구분# 사람마다 잘하는 것이 다르기에 우리는 그것을 해보고 평가를 받아 이것을 계속할지 아니면 여기서 그만 할지를 평가에서 선택한다.#@문장구분# 그리고 이 평가라는 지표는 삶의 기여도가 높다고 생각한다.#@문장구분# 고등학교에서, 혹은 대학교, 더 나아가 직장에서 까지 우리는 평생 평가를 받고 산다.#@문장구분# 우리가 보는 수능.#@문장구분# 수능도 한번의 시험으로 한사람 한사람의 대학을 갈려고 시험을 치르는거고 또 평가하는것이기도 하기 때문이다.#@문장구분# 평가를 할 때 좋지 못한 가족환경이나 부적절한 생활로 그사람을 낮게 쳐다보거나 하대하는경우들도 많고 돈 많고 부유하면 그사람을 높게쳐다보기 때문인데 왜 사람을 경제적,돈 그런걸로 평가하나?#@문장구분# 그건아닐꺼다.#@문장구분# 고등학교에선 성적을, 대학교에선 학점을, 직장에서 업무수행능력을 평가 받는다.#@문장구분# 그러므로 이 평가란 뗄래야 뗄 수 없는 삶의 지표인 것.#@문장구분# 하지만 이 뗄래야 뗄 수 없는 지표에도 항상 허점은 존재한다.#@문장구분# 이 평가라는 지표 하나로 사람들의 급을 매기고 사회의 객관적인 기준이기에 내가 이 지표를 맞추기에 포기하는 것도 있을 것이다.#@문장구분# 지금의 평가방식은 개개인의 개성을 무시하고 모든 사람이 다르다는 것을 배제한 채 일괄적이고 개성을 무시한 평가방식을 취하고 있다.#@문장구분# 그래서 저는 모든 사람의 개성을 존중하고 개개인의 맞춤형 평가방식이 필요하다고 생각한다.#@문장구분#",
      "paragraph_len": 1311,
      "paragraph_id": "001"
    }
  ],
  "score": {
    "paragraph_score": [
      {
        "paragraph_scoreT": [
          1.6,
          2,
          2
        ],
        "paragraph_scoreT_detail": {
          "paragraph_scoreT_exp": [
            [
              2,
              2,
              1
            ],
            [
              2,
              2,
              2
            ],
            [
              2,
              2,
              2
            ]
          ]
        },
        "paragraph_scoreT_avg": 1.8666667,
        "paragraph_id": "001"
      }
    ],
    "essay_scoreT": [
      24,
      23.9,
      24.900002
    ],
    "essay_scoreT_avg": 24.266668,
    "essay_scoreT_detail": {
      "essay_scoreT_org": [
        [
          2,
          0,
          3,
          3
        ],
        [
          2,
          0,
          2,
          3
        ],
        [
          3,
          0,
          2,
          3
        ]
      ],
      "essay_scoreT_cont": [
        [
          3,
          3,
          3,
          3
        ],
        [
          3,
          3,
          2,
          3
        ],
        [
          3,
          2,
          3,
          3
        ]
      ],
      "essay_scoreT_exp": [
        [
          2,
          2,
          1
        ],
        [
          2,
          2,
          2
        ],
        [
          2,
          2,
          2
        ]
      ]
    }
  },
  "student": {
    "date": "2021.12.21",
    "student_educated": true,
    "student_grade": "고등_1학년",
    "location": "063",
    "student_grade_group": "고등",
    "student_reading": 2
  },
  "rubric": {
    "essay_grade": "고등_1학년",
    "organization_weight": {
      "org_paragraph": 0,
      "org": 3,
      "org_essay": 6,
      "org_coherence": 3,
      "org_quantity": 1
    },
    "essay_type": "주장",
    "content_weight": {
      "con_clearance": 3,
      "con_novelty": 3,
      "con": 4,
      "con_prompt": 1,
      "con_description": 3
    },
    "essay_main_subject": "평가에 대한 본인의 의견",
    "expression_weight": {
      "exp_style": 4,
      "exp_grammar": 2,
      "exp_vocab": 4,
      "exp": 3
    }
  },
  "correction": [],
  "info": {
    "essay_id": "ESSAY_76492",
    "essay_prompt": " 평가는 일반적으로 평가대상의 장점과 가치를 결정하는 과정을 말합니다.\n\n 세상에는 무수히 많은 평가 방법들이 존재하고 그 주제도 다양합니다.\n\n 우리나라의 경우는 어떨까요? 중간, 기말시험이 있고 미술과 같은 기본기와 창의성을 평가하는 과목도 있습니다. 체육과 같은 신체적인 능력을 평가하는 과목도 있지요. 모두 적절한 기준이 있으며 매우 객관적인 기준이라고 말합니다.\n\n 하지만 여러분이 생각하기에 모든 학생을 동일한 평가지표에 맞추어 평가하는 것이 올바른 방식이라고 생각하나요?\n\n 사람마다 특성이 존재하듯 각각의 목표 또한 다르고 성과도 다를 수 있습니다. 특정 기준에 의존해 본인의 성과도를 평가하는 것이 바르다고 생각되나요?\n\n 현재의 평가 방식은 최고의 객관적인 평가 방식이라고 생각하신다면 그 이유를 작성해주세요. 아니라면 어떤 평가 기준이 추가되어야 하고 또한 어떤 생각으로 평가가 이루어졌으면 좋겠는지 서술해 주세요.",
    "essay_type": "주장",
    "essay_level": "2",
    "essay_len": 932,
    "essay_main_subject": "평가에 대한 본인의 의견"
  }
}