{
  "paragraph": [
    {
      "paragraph_txt": "이번 2022학년도 대학 수학 능력 시험은 전년보다 훨씬 높아진 난이도로 말이 많았습니다.#@문장구분# 그 중에서도 가장 비판 받는 부분은 6월 달과 9월 달 모의평가에서 평가원이 보여주었던 유형과는 전혀 다른 신 유형이 다수 출제되었다는 것입니다. #@문장구분#최상위권을 제외한 중상위권 및 중위권에게는 누가 누가 더 잘 찍는지를 시험하는 것이 이번 수능의 목표였냐며 비아냥거리는 목소리까지 나온 것을 보면 평가 기준이 공정하지 않음을 알 수 있습니다.#@문장구분# 그 와중에 언론에서는 이번년도 수학능력시험이 평이했다는 평가를 내놓자 수험생들은 더욱 분노했습니다.#@문장구분# 올바른 평가는 학생의 수준을 판별할 수 있어야 하고 학생의 수준이 얼마나 높아졌는지 또한 판별해 낼 수 있어야 한다고 생각합니다.#@문장구분#그런 면에서 비추어 보았을 때 지금과 같은 평가 기준은 바뀌어야 한다고 생각합니다.#@문장구분# 학생들의 특성이나 재능을 일일이  고려해서 그에게 맞는 교육을 제공하기는 어려운 일입니다.#@문장구분# 가능하다고 해도 비용이 격상하여 부유층과 빈민층의 교육수준의 차가 점진적으로 벌어져 부익부빈익빈 현상을 촉진시키는 결과를 낳을 가능성도 있습니다.#@문장구분# 하지만 어느 정도의 분리는 필요하다고 생각합니다.#@문장구분# 지금 예술 고등학교가 아닌 일반학교에서도 예체능 과목은 평가 대상 중 하나입니다.#@문장구분# 초등학교나 중학교까지야 예술적 감각을 키우는 것이 유익하지, 고등학교에 와서까지 예술과목을 배우고 시험을 볼 필요성은 없다고 생각합니다.#@문장구분# 학업에 충실한 지를 따지기 위해서 예체능 과목까지 고려하는 이유가 학생의 성실성을 판단하기 위해서임은 알고 있지만 굳이 그것이 아니더라도 성실성을 판단할 다른 기준은 출석일수나 수업태도 등 대체제가 존재합니다.#@문장구분#",
      "paragraph_len": 1062,
      "paragraph_id": "001"
    }
  ],
  "score": {
    "paragraph_score": [
      {
        "paragraph_scoreT": [
          3,
          2.4,
          2.4
        ],
        "paragraph_scoreT_detail": {
          "paragraph_scoreT_exp": [
            [
              3,
              3,
              3
            ],
            [
              2,
              2,
              3
            ],
            [
              2,
              2,
              3
            ]
          ]
        },
        "paragraph_scoreT_avg": 2.6000001,
        "paragraph_id": "001"
      }
    ],
    "essay_scoreT": [
      30,
      24.3,
      27
    ],
    "essay_scoreT_avg": 27.1,
    "essay_scoreT_detail": {
      "essay_scoreT_org": [
        [
          3,
          0,
          3,
          3
        ],
        [
          2,
          0,
          2,
          3
        ],
        [
          3,
          0,
          3,
          3
        ]
      ],
      "essay_scoreT_cont": [
        [
          3,
          3,
          3,
          3
        ],
        [
          3,
          3,
          3,
          2
        ],
        [
          2,
          3,
          3,
          3
        ]
      ],
      "essay_scoreT_exp": [
        [
          3,
          3,
          3
        ],
        [
          2,
          2,
          3
        ],
        [
          2,
          2,
          3
        ]
      ]
    }
  },
  "student": {
    "date": "2021.12.08",
    "student_educated": true,
    "student_grade": "고등_1학년",
    "location": "063",
    "student_grade_group": "고등",
    "student_reading": 2
  },
  "rubric": {
    "essay_grade": "고등_1학년",
    "organization_weight": {
      "org_paragraph": 0,
      "org": 3,
      "org_essay": 6,
      "org_coherence": 3,
      "org_quantity": 1
    },
    "essay_type": "주장",
    "content_weight": {
      "con_clearance": 3,
      "con_novelty": 3,
      "con": 4,
      "con_prompt": 1,
      "con_description": 3
    },
    "essay_main_subject": "평가에 대한 본인의 의견",
    "expression_weight": {
      "exp_style": 4,
      "exp_grammar": 2,
      "exp_vocab": 4,
      "exp": 3
    }
  },
  "correction": [],
  "info": {
    "essay_id": "ESSAY_61643",
    "essay_prompt": " 평가는 일반적으로 평가대상의 장점과 가치를 결정하는 과정을 말합니다.\n\n 세상에는 무수히 많은 평가 방법들이 존재하고 그 주제도 다양합니다.\n\n 우리나라의 경우는 어떨까요? 중간, 기말시험이 있고 미술과 같은 기본기와 창의성을 평가하는 과목도 있습니다. 체육과 같은 신체적인 능력을 평가하는 과목도 있지요. 모두 적절한 기준이 있으며 매우 객관적인 기준이라고 말합니다.\n\n 하지만 여러분이 생각하기에 모든 학생을 동일한 평가지표에 맞추어 평가하는 것이 올바른 방식이라고 생각하나요?\n\n 사람마다 특성이 존재하듯 각각의 목표 또한 다르고 성과도 다를 수 있습니다. 특정 기준에 의존해 본인의 성과도를 평가하는 것이 바르다고 생각되나요?\n\n 현재의 평가 방식은 최고의 객관적인 평가 방식이라고 생각하신다면 그 이유를 작성해주세요. 아니라면 어떤 평가 기준이 추가되어야 하고 또한 어떤 생각으로 평가가 이루어졌으면 좋겠는지 서술해 주세요.",
    "essay_type": "주장",
    "essay_level": "2",
    "essay_len": 819,
    "essay_main_subject": "평가에 대한 본인의 의견"
  }
}