{
  "paragraph": [
    {
      "paragraph_txt": "유네스코는 '세계 인종차별 철폐의 날' 기념을 비롯해 인간의 다양성 존중과 평등, 평화를 위하여 인종차별 철폐와 관련된 다양한 활동을 진행하고 있습니다.#@문장구분# 먼저, 청소년들을 대상으로 인종차별이 무엇인지, 인종차별이 사회적으로 어떤 현상으로 나타나는지, 이를 어떻게 방지해야 하는지 등의 전반적 내용을 알려주는 교육 마스터 클래스를 개최하여 미래의 주역인 아이들이 다양성에 대한 포용과 존중을 배울 수 있도록 돕습니다.#@문장구분# 또한, 현 코로나 상황에는 일반인 및 전문가, 국가 정책 담당자 등 다양한 사람들과 함께 웨비나(웹을 통한 세미나)를 통해 인종차별 및 새로운 정책 방향성에 대해 논의하며 지속적인 방안 모색에 힘쓰고 있습니다.#@문장구분#  \"Us and Them – From Prejudice to Racism\"이라는 주제로 프랑스의 인류 박물관(Musée de l'Homme)과 협업하여 인종차별의 역사와 편견, 사회적 폐해 등과 관련된 전시를 진행해 비전문적 세계시민들에게 먼저 다가가기도 했습니다.#@문장구분# 이 외에도 '포용 및 지속 가능 도시 국제연합(ICCAR), 인종차별 철폐 캠페인 등 다양한 방향으로 인종차별 문제 해결과 보다 평등한 미래 사회 가꾸기에 꾸준히 힘을 쏟고 있습니다.#@문장구분# 우리는 현재 세계화, 국제화로 인해 과거와는 비교할 수 없을 정도로 다양한 사회를 만들었고 그 안에서 수많은 다양성과 마주하고 있습니다. #@문장구분#그 어느 때보다 '다름'이라는 것을 많이 경험하고 있으며, 이에 따라 수많은 문제들도 여전히 발생하고 있습니다. #@문장구분#전쟁의 아픔을 치유하고 인류의 평화적 미래를 희망하며 쓰여진 세계인권선언은 그 시작에서부터 \"모든 사람은 자유로운 존재로 태어났고, 똑같은 존엄과 권리를 가진다.\"(세계인권선언 제1조) 라고 말합니다.#@문장구분# 이처럼, 모든 인간의 자유와 존엄, 권리 보장과 차별이 없는 미래 사회를 만들기 위해 노력하는 유네스코를 따라 우리 또한 세계시민으로서 이러한 활동에 힘써야 된다고 생각합니다.#@문장구분# 매년 3월 21일, 세계 인종차별 철폐의 날을 기억하며 다름을 이해할 수 있는 포용과 평등의 미래를 위해 같이 노력하면 인종차별은 없어질 것이라고 생각합니다.#@문장구분#",
      "paragraph_len": 1243,
      "paragraph_id": "001"
    }
  ],
  "score": {
    "paragraph_score": [
      {
        "paragraph_scoreT": [
          3,
          3,
          2.2
        ],
        "paragraph_scoreT_detail": {
          "paragraph_scoreT_exp": [
            [
              3,
              3,
              3
            ],
            [
              3,
              3,
              3
            ],
            [
              3,
              2,
              2
            ]
          ]
        },
        "paragraph_scoreT_avg": 2.7333333,
        "paragraph_id": "001"
      }
    ],
    "essay_scoreT": [
      28.8,
      27.2,
      23.7
    ],
    "essay_scoreT_avg": 26.566666,
    "essay_scoreT_detail": {
      "essay_scoreT_org": [
        [
          3,
          3,
          3,
          3
        ],
        [
          3,
          3,
          3,
          3
        ],
        [
          2,
          2,
          2,
          3
        ]
      ],
      "essay_scoreT_cont": [
        [
          2,
          3,
          3,
          3
        ],
        [
          2,
          2,
          2,
          3
        ],
        [
          3,
          2,
          3,
          3
        ]
      ],
      "essay_scoreT_exp": [
        [
          3,
          3,
          3
        ],
        [
          3,
          3,
          3
        ],
        [
          3,
          2,
          2
        ]
      ]
    }
  },
  "student": {
    "date": "2021.11.29",
    "student_educated": true,
    "student_grade": "고등_2학년",
    "location": "063",
    "student_grade_group": "고등",
    "student_reading": 2
  },
  "rubric": {
    "essay_grade": "고등_2학년",
    "organization_weight": {
      "org_paragraph": 3,
      "org": 3,
      "org_essay": 3,
      "org_coherence": 3,
      "org_quantity": 1
    },
    "essay_type": "주장",
    "content_weight": {
      "con_clearance": 3,
      "con_novelty": 3,
      "con": 4,
      "con_prompt": 1,
      "con_description": 3
    },
    "essay_main_subject": "인종차별에 대한 본인의 생각",
    "expression_weight": {
      "exp_style": 4,
      "exp_grammar": 2,
      "exp_vocab": 4,
      "exp": 3
    }
  },
  "correction": [],
  "info": {
    "essay_id": "ESSAY_53107",
    "essay_prompt": " 최근 중국발 코로나바이러스로 인해 동양인에 대한 혐오감을 나타내는 서양인들이 늘어나고 있습니다. 그로 인해, 매스컴이나 SNS에서 인종차별을 받아 힘들어하는 동양인들을 자주 목격할 수 있습니다.\n\n 하지만, 최근에만 인종차별이 존재했을까요? 아닙니다. 아주 오래전부터 다른 인종에 대한 차별은 있었습니다.\n\n 우리나라에서는 인종차별을 안 하고 있을까요? 아닙니다. 우리나라에서도 알게 모르게 많은 부분에서 다른 국가의 사람들에 대해 인종차별을 하고 있으며 누군가에게 상처를 주고 있습니다.\n\n 즉, 인종차별은 누군가의 문제가 아니라 우리 모두의 문제입니다.\n\n 여러분들은 인종차별을 당해보신 적 있나요? 인종차별을 하는 사람들에 대해 어떻게 생각하시나요? 왜 생겨났다고 생각하나요? 인종차별을 근절하기 위해서는 어떻게 해야 할까요? 인종차별을 하는 사람들에 대해 전 세계적으로 처벌의 강도를 높여야 할까요?\n\n 인종차별을 하는 사람들에 대한 본인의 생각을 작성하고 인종차별은 해결할 수 있는 문제일지 아니면 해결하지 어려운 문제일지 작성해주세요. 또한, 그렇게 생각한 이유와 본인이 생각한 해결방법 혹은 해결할 수 없다면 왜 해결할 수 없다고 생각하는지 작성해주세요.",
    "essay_type": "주장",
    "essay_level": "1",
    "essay_len": 1043,
    "essay_main_subject": "인종차별에 대한 본인의 생각"
  }
}