{
  "paragraph": [
    {
      "paragraph_txt": "인종차별이 정말 나쁘다고 생각합니다. #@문장구분#피부색만 다르고 같은 사람인데 나와 겉모양이 다르다는 이유 하나만으로 사람의 인격을 무시하고 함부로 대하는 것이 정말 파렴치한 행동이라고 생각합니다 #@문장구분#그래서 이 문제를 해결하기 위한 방법을 많이 생각해 보았습니다. #@문장구분#하지만 내가 직접 인종차별을 겪어보지 못해서인지 마땅한 해결책이 떠오르지 않았습니다. #@문장구분#그리고 지금까지 살면서 다른 인종에 대해 깊이 생각하지 않아서 그런지 정말 마땅한 해결책이 떠오르지 않았습니다. #@문장구분#고민 끝에 나온 답은 바로 '교육' 이었습니다. #@문장구분#우리가 나와 다른 인종을 혐오하고 싫어하는 이유는 바로 어릴 때 다른 인종에 대한 '교육'을 받지 않아 인 것 같았습니다. #@문장구분#저도 나와 다른 인종에 대해 어렸을 때 교육을 받지 않아서 지금까지 살면서 나와 다른 인종에 대해 생각해보거나 깊이 있는 고민을 해 본 적이 없었습니다.#@문장구분# 그래서 그런지 뉴스에서 한인들이 인종차별을 받아서 살기 힘들다는 것을 봐도 별 감흥이 없었습니다.#@문장구분# 그래서 이 문제를 해결하기 위해서는 어렸을 때부터 다양한 인종에 대해 공부하고 인종차별에 대해 심도있고 자세한 토론을 해보면 졸을 것 같다고 생각이 들었습니다. #@문장구분#아무래도 나처럼 다양한 인종에 대해 아무 생각없이 지내다가 막상 이러한 글을 쓸 때 아무 생각이 안떠올라 난처해 하는 것 보다는 어렸을 때부터 다양한 인종과 인종차별에 대해 생각해본다면 나중에 커서도 도움이 될 것 같다.#@문장구분# 물론 미국의 경우 어렸을 때부터 다양한 인종을 접하고 인종차별에 대해 교육을 받지만 인종차별이 사라지지 않는 경우도 있다.#@문장구분# 나는 이 이유는 바로 문화차이라고 생각한다. #@문장구분#미국은 다민족 국가이다.#@문장구분# 다양한 인종들이 다양한 의견을 표출한다는 것이다. #@문장구분#그래서 다양한 의견을 가진 사람들이 존재하는 것이다. #@문장구분#하지만 우리나라는 단일민족 국가이다. #@문장구분#그래서 우리나라는 어렸을 때부터 교육을 통해 인종차별을 막을 수 있다고 생각한다.",
      "paragraph_len": 1274,
      "paragraph_id": "001"
    }
  ],
  "score": {
    "paragraph_score": [
      {
        "paragraph_scoreT": [
          2.8,
          3,
          3
        ],
        "paragraph_scoreT_detail": {
          "paragraph_scoreT_exp": [
            [
              2,
              3,
              3
            ],
            [
              3,
              3,
              3
            ],
            [
              3,
              3,
              3
            ]
          ]
        },
        "paragraph_scoreT_avg": 2.9333334,
        "paragraph_id": "001"
      }
    ],
    "essay_scoreT": [
      29.4,
      30,
      30
    ],
    "essay_scoreT_avg": 29.800001,
    "essay_scoreT_detail": {
      "essay_scoreT_org": [
        [
          3,
          3,
          3,
          3
        ],
        [
          3,
          3,
          3,
          3
        ],
        [
          3,
          3,
          3,
          3
        ]
      ],
      "essay_scoreT_cont": [
        [
          3,
          3,
          3,
          3
        ],
        [
          3,
          3,
          3,
          3
        ],
        [
          3,
          3,
          3,
          3
        ]
      ],
      "essay_scoreT_exp": [
        [
          2,
          3,
          3
        ],
        [
          3,
          3,
          3
        ],
        [
          3,
          3,
          3
        ]
      ]
    }
  },
  "student": {
    "date": "2021.12.10",
    "student_educated": true,
    "student_grade": "고등_2학년",
    "location": "063",
    "student_grade_group": "고등",
    "student_reading": 1
  },
  "rubric": {
    "essay_grade": "고등_2학년",
    "organization_weight": {
      "org_paragraph": 3,
      "org": 3,
      "org_essay": 3,
      "org_coherence": 3,
      "org_quantity": 1
    },
    "essay_type": "주장",
    "content_weight": {
      "con_clearance": 3,
      "con_novelty": 3,
      "con": 4,
      "con_prompt": 1,
      "con_description": 3
    },
    "essay_main_subject": "인종차별에 대한 본인의 생각",
    "expression_weight": {
      "exp_style": 4,
      "exp_grammar": 2,
      "exp_vocab": 4,
      "exp": 3
    }
  },
  "correction": [],
  "info": {
    "essay_id": "ESSAY_57414",
    "essay_prompt": " 최근 중국발 코로나바이러스로 인해 동양인에 대한 혐오감을 나타내는 서양인들이 늘어나고 있습니다. 그로 인해, 매스컴이나 SNS에서 인종차별을 받아 힘들어하는 동양인들을 자주 목격할 수 있습니다.\n\n 하지만, 최근에만 인종차별이 존재했을까요? 아닙니다. 아주 오래전부터 다른 인종에 대한 차별은 있었습니다.\n\n 우리나라에서는 인종차별을 안 하고 있을까요? 아닙니다. 우리나라에서도 알게 모르게 많은 부분에서 다른 국가의 사람들에 대해 인종차별을 하고 있으며 누군가에게 상처를 주고 있습니다.\n\n 즉, 인종차별은 누군가의 문제가 아니라 우리 모두의 문제입니다.\n\n 여러분들은 인종차별을 당해보신 적 있나요? 인종차별을 하는 사람들에 대해 어떻게 생각하시나요? 왜 생겨났다고 생각하나요? 인종차별을 근절하기 위해서는 어떻게 해야 할까요? 인종차별을 하는 사람들에 대해 전 세계적으로 처벌의 강도를 높여야 할까요?\n\n 인종차별을 하는 사람들에 대한 본인의 생각을 작성하고 인종차별은 해결할 수 있는 문제일지 아니면 해결하지 어려운 문제일지 작성해주세요. 또한, 그렇게 생각한 이유와 본인이 생각한 해결방법 혹은 해결할 수 없다면 왜 해결할 수 없다고 생각하는지 작성해주세요.",
    "essay_type": "주장",
    "essay_level": "1",
    "essay_len": 935,
    "essay_main_subject": "인종차별에 대한 본인의 생각"
  }
}