{
  "paragraph": [
    {
      "paragraph_txt": "지금 우리나라는 세계화로 인해 각양 각색의 나라의 사람들이 들어와서 거주를 하며 우리들과 같이 살아가고 있습니다. #@문장구분#그리고 우리나라는 K-POP과 K-방역 이라는 이름아래 세계에서 시민의식도 높으며 세계에서 손꼽히는 민주주의 사회로 발돋움하며 유명세를 떨치고 있습니다. #@문장구분#이런 시대상에도 아직도 민족우선주의, 우월주의 사상이 내면에 뿌리박혀 극심한 편견이 들끓고 있다는 것을 보여주는 여러 가지 일도 발생하기도 하였습니다. #@문장구분#최근 오취리가 유투브에 올린 동영상에 달린 인종차별적 댓글들이 뉴스에 나오며 우리사회의 인종차별정책의 강화에 경종을 울리고 있다고 생각합니다. #@문장구분#이런 인종차별에 맞서기 위해 우리는 어떤일을 해야 할까요? 인종차별을 경험한 사람의 이야기에 귀기울여야 합니다.#@문장구분# 차별은 농담, 정치적 의견등을 가장해 교묘하고 은밀하게 이루어질수도 있습니다. #@문장구분#본인이 아니면 잘 깨닫지 못하는 경유도 많기 때문에 인종차별을 당한 피해자의 이야기에 귀 기울여주어야 합니다. #@문장구분#많은 이야기를 들을수록 차별에 대해 판단하는 기준이 더 넓어질 것이며 누군가에게 소외감을 느끼게 하는 요소들을 알수 있게 됩니다. #@문장구분#친구나 가족, 또는 처음 보는 사람이 잘못된 이해를 바탕으로 의견을 밝힐 때 이에 대응하는 것은 가시밭길을 걷는 느낌이 들것입니다.#@문장구분#  다른 사람의 의견에 반대하는 것은 잘해도 어색한 상황이 되고, 최악의 경우에는 두려운 상황이 생기기도 합니다. #@문장구분#그들이 자신들의 의견을 밝힌다고 해도, 상대를 설득시키지 못한 채 논쟁만 낳을 수도 있기도 합니다.#@문장구분# 하지만 현명하게 의사소통하는 법을 안다면, 다른 사람들의 마음을 움직일 수 있을 것입니다.#@문장구분# 문제가 발생하였을땐 필요했지만 불편함 때문에 제대로 하지 못했던 문제에 대하여 대화의 기회를 열고, 이러한 대화에 적극 참여해보는 겁니다. #@문장구분#대화시에는 침착함을 유지하는 자세로 대화합니다. #@문장구분#설교를 늘어놓거나 큰 소리로 모욕하며 상대에게 창피를 준다면, 그 사람은 방어적인 태도로 변해 대화를 멈추게 될 것이기 때문에 침착함을 유지하고 잠시 숨을 돌리고, 시간이 지난 후 개인적으로 대화를 나누어보보면 그들에게 소리를 치는 것보다 더 큰 영향력을 발휘할 수 있다.#@문장구분# 이렇게 소통한다면 인종차별하는 사람들을 설득하여 조금이나마 인종차별하는 태도를 고치려고 할 것이라고 생각합니다.#@문장구분#",
      "paragraph_len": 1441,
      "paragraph_id": "001"
    }
  ],
  "score": {
    "paragraph_score": [
      {
        "paragraph_scoreT": [
          3,
          3,
          2.4
        ],
        "paragraph_scoreT_detail": {
          "paragraph_scoreT_exp": [
            [
              3,
              3,
              3
            ],
            [
              3,
              3,
              3
            ],
            [
              2,
              3,
              2
            ]
          ]
        },
        "paragraph_scoreT_avg": 2.8,
        "paragraph_id": "001"
      }
    ],
    "essay_scoreT": [
      26.7,
      30,
      26.100002
    ],
    "essay_scoreT_avg": 27.6,
    "essay_scoreT_detail": {
      "essay_scoreT_org": [
        [
          3,
          2,
          3,
          3
        ],
        [
          3,
          3,
          3,
          3
        ],
        [
          3,
          3,
          2,
          3
        ]
      ],
      "essay_scoreT_cont": [
        [
          2,
          2,
          3,
          3
        ],
        [
          3,
          3,
          3,
          3
        ],
        [
          3,
          2,
          3,
          3
        ]
      ],
      "essay_scoreT_exp": [
        [
          3,
          3,
          3
        ],
        [
          3,
          3,
          3
        ],
        [
          2,
          3,
          2
        ]
      ]
    }
  },
  "student": {
    "date": "2021.11.27",
    "student_educated": true,
    "student_grade": "고등_2학년",
    "location": "063",
    "student_grade_group": "고등",
    "student_reading": 1
  },
  "rubric": {
    "essay_grade": "고등_2학년",
    "organization_weight": {
      "org_paragraph": 3,
      "org": 3,
      "org_essay": 3,
      "org_coherence": 3,
      "org_quantity": 1
    },
    "essay_type": "주장",
    "content_weight": {
      "con_clearance": 3,
      "con_novelty": 3,
      "con": 4,
      "con_prompt": 1,
      "con_description": 3
    },
    "essay_main_subject": "인종차별에 대한 본인의 생각",
    "expression_weight": {
      "exp_style": 4,
      "exp_grammar": 2,
      "exp_vocab": 4,
      "exp": 3
    }
  },
  "correction": [],
  "info": {
    "essay_id": "ESSAY_53097",
    "essay_prompt": " 최근 중국발 코로나바이러스로 인해 동양인에 대한 혐오감을 나타내는 서양인들이 늘어나고 있습니다. 그로 인해, 매스컴이나 SNS에서 인종차별을 받아 힘들어하는 동양인들을 자주 목격할 수 있습니다.\n\n 하지만, 최근에만 인종차별이 존재했을까요? 아닙니다. 아주 오래전부터 다른 인종에 대한 차별은 있었습니다.\n\n 우리나라에서는 인종차별을 안 하고 있을까요? 아닙니다. 우리나라에서도 알게 모르게 많은 부분에서 다른 국가의 사람들에 대해 인종차별을 하고 있으며 누군가에게 상처를 주고 있습니다.\n\n 즉, 인종차별은 누군가의 문제가 아니라 우리 모두의 문제입니다.\n\n 여러분들은 인종차별을 당해보신 적 있나요? 인종차별을 하는 사람들에 대해 어떻게 생각하시나요? 왜 생겨났다고 생각하나요? 인종차별을 근절하기 위해서는 어떻게 해야 할까요? 인종차별을 하는 사람들에 대해 전 세계적으로 처벌의 강도를 높여야 할까요?\n\n 인종차별을 하는 사람들에 대한 본인의 생각을 작성하고 인종차별은 해결할 수 있는 문제일지 아니면 해결하지 어려운 문제일지 작성해주세요. 또한, 그렇게 생각한 이유와 본인이 생각한 해결방법 혹은 해결할 수 없다면 왜 해결할 수 없다고 생각하는지 작성해주세요.",
    "essay_type": "주장",
    "essay_level": "1",
    "essay_len": 1121,
    "essay_main_subject": "인종차별에 대한 본인의 생각"
  }
}