{
  "paragraph": [
    {
      "paragraph_txt": "이 평가란 우리의 수행능력을 평가하고 평소했던 노력에 대해 평가하는 것이기 때문에 평소 노력해왔던 사람이라면 이 평가를 긍정적인 방향으로 볼 것이라고 생각한다.#@문장구분# 장점과 가치를 결정하는 과정을 평가라고 하였을 때 이 평가는 우리에게 굉장히 중요한 역할을 한다. #@문장구분#중간고사, 기말고사라는 객관적 평가에 대비하여 함은 물론이고 주관적 평가 요소까지 평가한다고 하니 시험보기 전 과정까지 공부를 해야하고 신경을써야 하기 때문에 학교 생활을 보내고 있는 것입니다. #@문장구분#그리고 선생님들 또한 일년 내내 평가를 해야 하기 때문에 고생스럽기도 할 것입니다.#@문장구분#이런 평가를 활용한 입시제도도 있지만 수능시험을 망치면 재수를 하고 다시 수능을 봐야하는 상황에 처하기도 합니다.#@문장구분# 그래서 우리나라의 입시제도를 사람들이 욕하는지도 모르겠습니다. #@문장구분#저는 일년에 4번 고정으로 있는 객관적 평가 방식을 없애고 주관적 평가방식 위주로 수행하며 주관적 평가방식이 주를 이끈 가운데 객과전 평가방식을 중간에 조금씩 반영하는 것이 더 좋을 거 같습니다.#@문장구분# 주관적 평가방식 위주로 수행하며 주관적 평가방식이 주를 이끈 가운데 객과전 평가방식을 중간에 조금씩 반영하는 것이 더 좋을 거 같습니다. #@문장구분#그래서 앞으로도 지금과 같은 평가방식이 계속 적용되어야 한다고 생각한다.#@문장구분# 왜냐하면 지금의 평가방식이 문제가 있다 하더라도 과거에서부터 지금까지 쭉 오점이 적은 평가 방법이라고 생각하기 때문이다.#@문장구분# 요즘 시대에 평가는 어느곳에서나 이루어지고 있다. #@문장구분#사무실, 학교, 심지어는 친구들 사이에서도 자신에 대한 평가가 이루어지기도 한다. #@문장구분#이렇듯 평가들은 사람에게 있어서 가장 필수적인 요소 중 하나라고 생각된다. #@문장구분#또한 평가는 소중한 우리만의 재산이며, 우리가 활용할 줄 알아야 된다고 생각한다.#@문장구분#",
      "paragraph_len": 1136,
      "paragraph_id": "001"
    }
  ],
  "score": {
    "paragraph_score": [
      {
        "paragraph_scoreT": [
          2,
          2.4,
          2.8
        ],
        "paragraph_scoreT_detail": {
          "paragraph_scoreT_exp": [
            [
              2,
              2,
              2
            ],
            [
              2,
              3,
              2
            ],
            [
              2,
              3,
              3
            ]
          ]
        },
        "paragraph_scoreT_avg": 2.3999999,
        "paragraph_id": "001"
      }
    ],
    "essay_scoreT": [
      20.699999,
      26.100002,
      29.4
    ],
    "essay_scoreT_avg": 25.400002,
    "essay_scoreT_detail": {
      "essay_scoreT_org": [
        [
          2,
          0,
          2,
          3
        ],
        [
          3,
          0,
          2,
          3
        ],
        [
          3,
          0,
          3,
          3
        ]
      ],
      "essay_scoreT_cont": [
        [
          2,
          2,
          3,
          2
        ],
        [
          3,
          2,
          3,
          3
        ],
        [
          3,
          3,
          3,
          3
        ]
      ],
      "essay_scoreT_exp": [
        [
          2,
          2,
          2
        ],
        [
          2,
          3,
          2
        ],
        [
          2,
          3,
          3
        ]
      ]
    }
  },
  "student": {
    "date": "2021.12.29",
    "student_educated": true,
    "student_grade": "고등_1학년",
    "location": "063",
    "student_grade_group": "고등",
    "student_reading": 2
  },
  "rubric": {
    "essay_grade": "고등_1학년",
    "organization_weight": {
      "org_paragraph": 0,
      "org": 3,
      "org_essay": 6,
      "org_coherence": 3,
      "org_quantity": 1
    },
    "essay_type": "주장",
    "content_weight": {
      "con_clearance": 3,
      "con_novelty": 3,
      "con": 4,
      "con_prompt": 1,
      "con_description": 3
    },
    "essay_main_subject": "평가에 대한 본인의 의견",
    "expression_weight": {
      "exp_style": 4,
      "exp_grammar": 2,
      "exp_vocab": 4,
      "exp": 3
    }
  },
  "correction": [],
  "info": {
    "essay_id": "ESSAY_84125",
    "essay_prompt": " 평가는 일반적으로 평가대상의 장점과 가치를 결정하는 과정을 말합니다.\n\n 세상에는 무수히 많은 평가 방법들이 존재하고 그 주제도 다양합니다.\n\n 우리나라의 경우는 어떨까요? 중간, 기말시험이 있고 미술과 같은 기본기와 창의성을 평가하는 과목도 있습니다. 체육과 같은 신체적인 능력을 평가하는 과목도 있지요. 모두 적절한 기준이 있으며 매우 객관적인 기준이라고 말합니다.\n\n 하지만 여러분이 생각하기에 모든 학생을 동일한 평가지표에 맞추어 평가하는 것이 올바른 방식이라고 생각하나요?\n\n 사람마다 특성이 존재하듯 각각의 목표 또한 다르고 성과도 다를 수 있습니다. 특정 기준에 의존해 본인의 성과도를 평가하는 것이 바르다고 생각되나요?\n\n 현재의 평가 방식은 최고의 객관적인 평가 방식이라고 생각하신다면 그 이유를 작성해주세요. 아니라면 어떤 평가 기준이 추가되어야 하고 또한 어떤 생각으로 평가가 이루어졌으면 좋겠는지 서술해 주세요.",
    "essay_type": "주장",
    "essay_level": "2",
    "essay_len": 858,
    "essay_main_subject": "평가에 대한 본인의 의견"
  }
}