{
  "paragraph": [
    {
      "paragraph_txt": "평가에 대한 가장 흔하면서도 담당자 입장에서 가장 방어하기 힘든 공격을 꼽으라면 \"평가가 객관적이지 못하다는 말\" 일 듯 합니다.#@문장구분# 객관성이라는 단어는 그 자체로써 \"사람\"의 주관을 배제하고 있습니다.#@문장구분# 하지만 흔한 예로, 우리가 하는 인사평가란 필수요소로 사람이 들어있기에 애초부터 인사평가에게 객관성이란 이길 수 없는 싸움인 셈입니다.#@문장구분# 결국 이러다 할 공격이나 방어를 하지 못한 채 \"원래 그래.\"라거나 \"어쩔 수 없음\"을 이야기하다가 게이지가 차는 순간 마지막 외마디를 외치게 됩니다.#@문장구분# \"그럼 당신이 해보던가.\" 그렇다면, 우리는 사람의 하나 하나의 특성을 고려하고 한 사람 한 사람 꼼꼼하게 들여다보는 주관적인 평가를 실시해야할까요?#@문장구분# 그리고 그런 주관적인 평가를 하게 된다면 사람들에게서 아무런 불평도 안들을거라고 장담할 수 있을까요?#@문장구분# 저는 그런 주관적인 평가는 오히려 더 사람들에게 미미한 효과를 줄거라고 생각하며 또한 심지어는 나쁜 효과까지 줄 수 있다고 생각합니다.#@문장구분# 기존의 객관적인 평가가 객관적이지 않다고, 주관적인 평가로 사람을 평가하게 되면 어떻게 우리는 사람을 평가하고, 그리고 그런 사람을 우리의 사회에서 적재적소로 공평하게 배치할 수 있을까요?#@문장구분# 약간의 불공정함이 있다하더라도 저는 동일한 기준, 지표를 가지고 학생을 평가하고, 인사를 결정하는 것이 그나마 덜 불공평하다고 생각합니다.#@문장구분# 그리고 평가를 받는 사람들도 동일한 기준, 지표가 있어야만 그 목표를 달성할때 좀 더 명확하게 다가갈 수 있다고 생각합니다.#@문장구분# 동일한 기준,지표의 유무는 천지차이입니다.#@문장구분# 동일한 기준이 없다면 사람들은 도대체 무엇을 떠올리고 노력해야할까요?#@문장구분#",
      "paragraph_len": 1046,
      "paragraph_id": "001"
    }
  ],
  "score": {
    "paragraph_score": [
      {
        "paragraph_scoreT": [
          2.8,
          2.2,
          2.6
        ],
        "paragraph_scoreT_detail": {
          "paragraph_scoreT_exp": [
            [
              2,
              3,
              3
            ],
            [
              3,
              2,
              2
            ],
            [
              3,
              2,
              3
            ]
          ]
        },
        "paragraph_scoreT_avg": 2.5333333,
        "paragraph_id": "001"
      }
    ],
    "essay_scoreT": [
      24.5,
      23.7,
      26.099998
    ],
    "essay_scoreT_avg": 24.766668,
    "essay_scoreT_detail": {
      "essay_scoreT_org": [
        [
          2,
          0,
          3,
          2
        ],
        [
          2,
          0,
          2,
          3
        ],
        [
          2,
          0,
          2,
          3
        ]
      ],
      "essay_scoreT_cont": [
        [
          3,
          2,
          2,
          2
        ],
        [
          3,
          2,
          3,
          3
        ],
        [
          3,
          3,
          3,
          3
        ]
      ],
      "essay_scoreT_exp": [
        [
          2,
          3,
          3
        ],
        [
          3,
          2,
          2
        ],
        [
          3,
          2,
          3
        ]
      ]
    }
  },
  "student": {
    "date": "2021.12.14",
    "student_educated": true,
    "student_grade": "고등_1학년",
    "location": "054",
    "student_grade_group": "고등",
    "student_reading": 2
  },
  "rubric": {
    "essay_grade": "고등_1학년",
    "organization_weight": {
      "org_paragraph": 0,
      "org": 3,
      "org_essay": 6,
      "org_coherence": 3,
      "org_quantity": 1
    },
    "essay_type": "주장",
    "content_weight": {
      "con_clearance": 3,
      "con_novelty": 3,
      "con": 4,
      "con_prompt": 1,
      "con_description": 3
    },
    "essay_main_subject": "평가에 대한 본인의 의견",
    "expression_weight": {
      "exp_style": 4,
      "exp_grammar": 2,
      "exp_vocab": 4,
      "exp": 3
    }
  },
  "correction": [],
  "info": {
    "essay_id": "ESSAY_78614",
    "essay_prompt": " 평가는 일반적으로 평가대상의 장점과 가치를 결정하는 과정을 말합니다.\n\n 세상에는 무수히 많은 평가 방법들이 존재하고 그 주제도 다양합니다.\n\n 우리나라의 경우는 어떨까요? 중간, 기말시험이 있고 미술과 같은 기본기와 창의성을 평가하는 과목도 있습니다. 체육과 같은 신체적인 능력을 평가하는 과목도 있지요. 모두 적절한 기준이 있으며 매우 객관적인 기준이라고 말합니다.\n\n 하지만 여러분이 생각하기에 모든 학생을 동일한 평가지표에 맞추어 평가하는 것이 올바른 방식이라고 생각하나요?\n\n 사람마다 특성이 존재하듯 각각의 목표 또한 다르고 성과도 다를 수 있습니다. 특정 기준에 의존해 본인의 성과도를 평가하는 것이 바르다고 생각되나요?\n\n 현재의 평가 방식은 최고의 객관적인 평가 방식이라고 생각하신다면 그 이유를 작성해주세요. 아니라면 어떤 평가 기준이 추가되어야 하고 또한 어떤 생각으로 평가가 이루어졌으면 좋겠는지 서술해 주세요.",
    "essay_type": "주장",
    "essay_level": "2",
    "essay_len": 807,
    "essay_main_subject": "평가에 대한 본인의 의견"
  }
}