{
  "paragraph": [
    {
      "paragraph_txt": "인종 차별을 아예 없애는 것은 불가능하다고 생각합니다. #@문장구분# 사유재산이 생긴 후에는 재산의 차이가 계급을 만들어냈고, 지금은 사라진 노예제도부터 현재까지 존재하는 사회적 약자에 대한 차별 등 차별은 항상 존재해왔습니다. #@문장구분#인종차별도 그 중  한 부류입니다. #@문장구분#재산의 많고 적음은 눈으로 가늠할 수 없지만 피부색은 눈으로 구별할 수 있는 두드러지는 차이점들 중 하나이기 때문에 특정을 지을 수가 있습니다.#@문장구분# 이를 핑계로 제국주의 시절 유럽이나 북미 국가들은 노예인 흑인과 미개한 동양인, 그리고 그 중 가장 우월한 백인이라는 체제를 만들어 자신들의 식민 통치를 정당화하려고 했습니다. #@문장구분#지금은 그러한 틀이 없어졌지만, 서로의 인종을 비하하는 경향은 쉽게 찾아볼 수 있습니다.#@문장구분# 인류가 어떠한 새로운 진화과정을 거쳐 피부색보\n다 더 눈에 띄는 서로를 구분할 특징을 찾아내지 않는 이상은 인종 차별이 지구상에서 가장 흔히 찾아볼 수 있는 차별의 종류일 것이라고 확신합니다.#@문장구분# 생김새만을 가지고 눈에 보이는 피부색이나 언어만을 가지고 서로를 차별하고 멸시하는 경우는 옳지 못하다고 생각한다.#@문장구분# 하지만 이런 이유로 서로의 인종을 비하하고 멸시하는 것은 정당화 될 수 없습니다. #@문장구분# 그런 점에서 차별을 없애기까지는 못하더라도 이것이 당연하다는 인식을 심는 것을 경계하려는 노력이 필요하다고 생각합니다. #@문장구분#어렸을 때 같은 인종의 사람들만 보고 자라게 하는 것보다 다양한 인종을 접하고 그들을 이해하려는 노력을 할 기회를 주는 것이 바람직하다고 생각합니다. #@문장구분#어렸을 때부터 이런 인종이 다름을 아이들에게도 서로 인정하는 법을 알려주고 그 다름을 받아들이는 잣에서부터 시작이 되어야 한다고 생각합니다.#@문장구분# 피부색이나 언어가 다르다고 차별을 받아야 하는 것 자체가 잘못되었음을 어렸을 적부터 교육을 통해 각 나라에서는 그런 교육이 의무가 되어서 교육과정속에서도 배워야 한다고 생각한다. #@문장구분#인간은 모두가 소중하고 존엄성있는 존재이기 때문이다.",
      "paragraph_len": 1279,
      "paragraph_id": "001"
    }
  ],
  "score": {
    "paragraph_score": [
      {
        "paragraph_scoreT": [
          3,
          2.8,
          3
        ],
        "paragraph_scoreT_detail": {
          "paragraph_scoreT_exp": [
            [
              3,
              3,
              3
            ],
            [
              2,
              3,
              3
            ],
            [
              3,
              3,
              3
            ]
          ]
        },
        "paragraph_scoreT_avg": 2.9333334,
        "paragraph_id": "001"
      }
    ],
    "essay_scoreT": [
      30,
      26.400002,
      30
    ],
    "essay_scoreT_avg": 28.800001,
    "essay_scoreT_detail": {
      "essay_scoreT_org": [
        [
          3,
          3,
          3,
          3
        ],
        [
          3,
          2,
          2,
          3
        ],
        [
          3,
          3,
          3,
          3
        ]
      ],
      "essay_scoreT_cont": [
        [
          3,
          3,
          3,
          3
        ],
        [
          3,
          2,
          3,
          3
        ],
        [
          3,
          3,
          3,
          3
        ]
      ],
      "essay_scoreT_exp": [
        [
          3,
          3,
          3
        ],
        [
          2,
          3,
          3
        ],
        [
          3,
          3,
          3
        ]
      ]
    }
  },
  "student": {
    "date": "2021.12.05",
    "student_educated": true,
    "student_grade": "고등_2학년",
    "location": "063",
    "student_grade_group": "고등",
    "student_reading": 1
  },
  "rubric": {
    "essay_grade": "고등_2학년",
    "organization_weight": {
      "org_paragraph": 3,
      "org": 3,
      "org_essay": 3,
      "org_coherence": 3,
      "org_quantity": 1
    },
    "essay_type": "주장",
    "content_weight": {
      "con_clearance": 3,
      "con_novelty": 3,
      "con": 4,
      "con_prompt": 1,
      "con_description": 3
    },
    "essay_main_subject": "인종차별에 대한 본인의 생각",
    "expression_weight": {
      "exp_style": 4,
      "exp_grammar": 2,
      "exp_vocab": 4,
      "exp": 3
    }
  },
  "correction": [],
  "info": {
    "essay_id": "ESSAY_53766",
    "essay_prompt": " 최근 중국발 코로나바이러스로 인해 동양인에 대한 혐오감을 나타내는 서양인들이 늘어나고 있습니다. 그로 인해, 매스컴이나 SNS에서 인종차별을 받아 힘들어하는 동양인들을 자주 목격할 수 있습니다.\n\n 하지만, 최근에만 인종차별이 존재했을까요? 아닙니다. 아주 오래전부터 다른 인종에 대한 차별은 있었습니다.\n\n 우리나라에서는 인종차별을 안 하고 있을까요? 아닙니다. 우리나라에서도 알게 모르게 많은 부분에서 다른 국가의 사람들에 대해 인종차별을 하고 있으며 누군가에게 상처를 주고 있습니다.\n\n 즉, 인종차별은 누군가의 문제가 아니라 우리 모두의 문제입니다.\n\n 여러분들은 인종차별을 당해보신 적 있나요? 인종차별을 하는 사람들에 대해 어떻게 생각하시나요? 왜 생겨났다고 생각하나요? 인종차별을 근절하기 위해서는 어떻게 해야 할까요? 인종차별을 하는 사람들에 대해 전 세계적으로 처벌의 강도를 높여야 할까요?\n\n 인종차별을 하는 사람들에 대한 본인의 생각을 작성하고 인종차별은 해결할 수 있는 문제일지 아니면 해결하지 어려운 문제일지 작성해주세요. 또한, 그렇게 생각한 이유와 본인이 생각한 해결방법 혹은 해결할 수 없다면 왜 해결할 수 없다고 생각하는지 작성해주세요.",
    "essay_type": "주장",
    "essay_level": "1",
    "essay_len": 950,
    "essay_main_subject": "인종차별에 대한 본인의 생각"
  }
}