{
  "paragraph": [
    {
      "paragraph_txt": "평가를 통해 사람들의 장점과 가치를 판단하는 것은 겉으로 보기엔 합리적인 것처럼 보이지만 이는 겉으로만 그럴 뿐 실제로는 모순적이고 비합리적인 방법이라고 생각합니다.#@문장구분# 모든 사람들은 태어날 때부터 각자 자신에게 주어진 재능과 특기가 있기에 그것을 충분히 살려가며 자신의 삶을 살아가야 합니다.#@문장구분# 그러므로 저는 객관적인 기준에 맞추어 평가를 하지 말고 어느 정도의 기준은 있지만, 각자의 특성과 장기에 더욱 집중하여 그 분야를 더욱 부각시키고 발전시키는 것을 돕는 방식으로 평가를 진행해야 한다고 생각합니다.#@문장구분# 예를 들어 자신이 잘하고, 원하는 분야에 필요한 일들을 얼마나 효율적이고 창의적으로 수행하는지, 자신이 진출하는 분야에서 요구하는 능력들을 충분히 갖추고 있는지, 그 직업에서 요구하는 역할들을 충분히 수행할 역량을 가지고 있는지 등을 평가해야 한다고 생각합니다.#@문장구분# 이렇게 하면 하나의 일관된 객관적인 기준만으로 학생들을 평가할 때보다 학생에게 더욱 많은 발전과 가능성을 기대할 수 있게 되고, 자신이 진정 원하는 꿈을 찾아 행복한 삶을 살아가는데 많은 도움을 줄 수 있을 것입니다.#@문장구분# 이러한 평가방법이 보편화 되어 개개인을 존중하고 가치있게 받아들여 다양하고 개성있는 사회가 도래했으면 좋겠다.#@문장구분# 왜냐하면 평가는 누군가를 누군가와 비교를 하여 사람에게 점수를 매기는 것인데, 이는 사회의 흐름에 따라 변하기도 합니다.#@문장구분#",
      "paragraph_len": 820,
      "paragraph_id": "001"
    },
    {
      "paragraph_txt": "타인을 평가할 때 발생하는 가치관의 차이, 성격 차이와 같이 사소하거나 큰 문제로 인하여 올바르지 못한 평가를 내릴 수도 있는 상황에서 현재 사회가 가진 가장 객관적인 평가 방식을 통하여 객관적인 평가를 내릴 수 있게 하는 도구인데 이는 미래를 모르는 사람이 변화하는 사회 속에서 그에 따라 변화되는 평가를 내릴 수 있게 되기에 지금의 평가 방식이 현재로선 최고의 평가 방식이라고 생각합니다.#@문장구분# 그리고 지금의 평가 방식이 사실 과거에서부터 지금까지 또 미래에도 적용할 수 있는 만능의 평가방식이라고 생각합니다.#@문장구분#",
      "paragraph_len": 324,
      "paragraph_id": "002"
    }
  ],
  "score": {
    "paragraph_score": [
      {
        "paragraph_scoreT": [
          3,
          3,
          2.2
        ],
        "paragraph_scoreT_detail": {
          "paragraph_scoreT_exp": [
            [
              3,
              3,
              3
            ],
            [
              3,
              3,
              3
            ],
            [
              3,
              2,
              2
            ]
          ]
        },
        "paragraph_scoreT_avg": 2.7333333,
        "paragraph_id": "001"
      },
      {
        "paragraph_scoreT": [
          3,
          3,
          2.2
        ],
        "paragraph_scoreT_detail": {
          "paragraph_scoreT_exp": [
            [
              3,
              3,
              3
            ],
            [
              3,
              3,
              3
            ],
            [
              3,
              2,
              2
            ]
          ]
        },
        "paragraph_scoreT_avg": 2.7333333,
        "paragraph_id": "002"
      }
    ],
    "essay_scoreT": [
      30,
      25.699999,
      23.900002
    ],
    "essay_scoreT_avg": 26.533333,
    "essay_scoreT_detail": {
      "essay_scoreT_org": [
        [
          3,
          0,
          3,
          3
        ],
        [
          2,
          0,
          2,
          3
        ],
        [
          3,
          0,
          2,
          3
        ]
      ],
      "essay_scoreT_cont": [
        [
          3,
          3,
          3,
          3
        ],
        [
          3,
          2,
          2,
          3
        ],
        [
          2,
          2,
          2,
          3
        ]
      ],
      "essay_scoreT_exp": [
        [
          3,
          3,
          3
        ],
        [
          3,
          3,
          3
        ],
        [
          3,
          2,
          2
        ]
      ]
    }
  },
  "student": {
    "date": "2021.11.01",
    "student_educated": true,
    "student_grade": "고등_1학년",
    "location": "063",
    "student_grade_group": "고등",
    "student_reading": 2
  },
  "rubric": {
    "essay_grade": "고등_1학년",
    "organization_weight": {
      "org_paragraph": 0,
      "org": 3,
      "org_essay": 6,
      "org_coherence": 3,
      "org_quantity": 1
    },
    "essay_type": "주장",
    "content_weight": {
      "con_clearance": 3,
      "con_novelty": 3,
      "con": 4,
      "con_prompt": 1,
      "con_description": 3
    },
    "essay_main_subject": "평가에 대한 본인의 의견",
    "expression_weight": {
      "exp_style": 4,
      "exp_grammar": 2,
      "exp_vocab": 4,
      "exp": 3
    }
  },
  "correction": [],
  "info": {
    "essay_id": "ESSAY_62832",
    "essay_prompt": " 평가는 일반적으로 평가대상의 장점과 가치를 결정하는 과정을 말합니다.\n\n 세상에는 무수히 많은 평가 방법들이 존재하고 그 주제도 다양합니다.\n\n 우리나라의 경우는 어떨까요? 중간, 기말시험이 있고 미술과 같은 기본기와 창의성을 평가하는 과목도 있습니다. 체육과 같은 신체적인 능력을 평가하는 과목도 있지요. 모두 적절한 기준이 있으며 매우 객관적인 기준이라고 말합니다.\n\n 하지만 여러분이 생각하기에 모든 학생을 동일한 평가지표에 맞추어 평가하는 것이 올바른 방식이라고 생각하나요?\n\n 사람마다 특성이 존재하듯 각각의 목표 또한 다르고 성과도 다를 수 있습니다. 특정 기준에 의존해 본인의 성과도를 평가하는 것이 바르다고 생각되나요?\n\n 현재의 평가 방식은 최고의 객관적인 평가 방식이라고 생각하신다면 그 이유를 작성해주세요. 아니라면 어떤 평가 기준이 추가되어야 하고 또한 어떤 생각으로 평가가 이루어졌으면 좋겠는지 서술해 주세요.",
    "essay_type": "주장",
    "essay_level": "2",
    "essay_len": 966,
    "essay_main_subject": "평가에 대한 본인의 의견"
  }
}