{
  "paragraph": [
    {
      "paragraph_txt": "나는 수학능력시험에 대해 교육평가의 정의를 제대로 실현하고 있다고 생각한다. #@문장구분#왜냐하면 수학능력시험이 목표달성도 확인 등의 역할을 주장하고 있기 때문이다.#@문장구분# 수학 능력시험은 학생들의 각 과목에 대한 목표 성취를 평가하는 시험으로 과목별 성적을 보고 과목에 대한 목표 성취도를 판단하는 것이다. #@문장구분#학생들이 목표를 제대로 달성하였는지 여부를 관련한 문제들로 검사, 평가하면서 목표달성도를 확인한다는 점에서 교육평가의 정의를 제대로 실천하고 있다고 생각한다.#@문장구분# 또한, 수학능력평가는 학생들에게 목표 달성을 하도록 이끄는 원동력이 된다.#@문장구분# 수학능력평가는 학생들에게 목표달성의 기한 같은 역할을 해 학생들이 학습을 계획하고 전체의 목표를 세우도록 돕는다.#@문장구분# 수능 모의평가를 치면서 자신의 위치를 확인한 후 수학능력평가에서 목표달성을 할 수 있도록 노력하는 계기를 만들어주는 장치이기 때문에 교육평가의 정의를 실현한다고 생각한다.#@문장구분# 물론 지나치게 성적만을 강요한다는 비판도 있지만, 목표달성도 확인등의 요소를 평가하는데 가장 정확하고 효율적인 평가 방법이라고 생각한다.#@문장구분#",
      "paragraph_len": 689,
      "paragraph_id": "001"
    }
  ],
  "score": {
    "paragraph_score": [
      {
        "paragraph_scoreT": [
          2.6,
          2.6,
          3
        ],
        "paragraph_scoreT_detail": {
          "paragraph_scoreT_exp": [
            [
              3,
              3,
              2
            ],
            [
              3,
              3,
              2
            ],
            [
              3,
              3,
              3
            ]
          ]
        },
        "paragraph_scoreT_avg": 2.7333333,
        "paragraph_id": "001"
      }
    ],
    "essay_scoreT": [
      27.3,
      23.7,
      30
    ],
    "essay_scoreT_avg": 27,
    "essay_scoreT_detail": {
      "essay_scoreT_org": [
        [
          3,
          0,
          3,
          2
        ],
        [
          2,
          0,
          2,
          3
        ],
        [
          3,
          0,
          3,
          3
        ]
      ],
      "essay_scoreT_cont": [
        [
          3,
          2,
          3,
          3
        ],
        [
          3,
          2,
          3,
          2
        ],
        [
          3,
          3,
          3,
          3
        ]
      ],
      "essay_scoreT_exp": [
        [
          3,
          3,
          2
        ],
        [
          3,
          3,
          2
        ],
        [
          3,
          3,
          3
        ]
      ]
    }
  },
  "student": {
    "date": "2021.09.07",
    "student_educated": true,
    "student_grade": "고등_1학년",
    "location": "051",
    "student_grade_group": "고등",
    "student_reading": 2
  },
  "rubric": {
    "essay_grade": "고등_1학년",
    "organization_weight": {
      "org_paragraph": 0,
      "org": 3,
      "org_essay": 6,
      "org_coherence": 3,
      "org_quantity": 1
    },
    "essay_type": "주장",
    "content_weight": {
      "con_clearance": 3,
      "con_novelty": 3,
      "con": 4,
      "con_prompt": 1,
      "con_description": 3
    },
    "essay_main_subject": "평가에 대한 본인의 의견",
    "expression_weight": {
      "exp_style": 4,
      "exp_grammar": 2,
      "exp_vocab": 4,
      "exp": 3
    }
  },
  "correction": [],
  "info": {
    "essay_id": "ESSAY_35534",
    "essay_prompt": " 평가는 일반적으로 평가대상의 장점과 가치를 결정하는 과정을 말합니다.\n\n 세상에는 무수히 많은 평가 방법들이 존재하고 그 주제도 다양합니다.\n\n 우리나라의 경우는 어떨까요? 중간, 기말시험이 있고 미술과 같은 기본기와 창의성을 평가하는 과목도 있습니다. 체육과 같은 신체적인 능력을 평가하는 과목도 있지요. 모두 적절한 기준이 있으며 매우 객관적인 기준이라고 말합니다.\n\n 하지만 여러분이 생각하기에 모든 학생을 동일한 평가지표에 맞추어 평가하는 것이 올바른 방식이라고 생각하나요?\n\n 사람마다 특성이 존재하듯 각각의 목표 또한 다르고 성과도 다를 수 있습니다. 특정 기준에 의존해 본인의 성과도를 평가하는 것이 바르다고 생각되나요?\n\n 현재의 평가 방식은 최고의 객관적인 평가 방식이라고 생각하신다면 그 이유를 작성해주세요. 아니라면 어떤 평가 기준이 추가되어야 하고 또한 어떤 생각으로 평가가 이루어졌으면 좋겠는지 서술해 주세요.",
    "essay_type": "주장",
    "essay_level": "2",
    "essay_len": 529,
    "essay_main_subject": "평가에 대한 본인의 의견"
  }
}