{
  "paragraph": [
    {
      "paragraph_txt": "대학수학능력시험 이전 대입 전국통일시험이었던 예비고사(1969년~1981년)와 대학입학 학력고사(1982년~1993년)가 추론 없이 암기만을 강요하는 문제점이 있었고, 이를 심각하게 받아들인 교수들은 '논리적 사고를 시험에 어떻게 녹여낼 수 있을까'라는 의문을 해소하기 위해 여러 연구를 거듭했고, 이 과정에서 미국의 SAT에 관심을 가지기 시작했다.#@문장구분# SAT를 본떠 '대학입학 적성시험(College Scholastic Aptitude Test)'[4]이라는 가칭으로 1980년대 후반부터 연구가 시작되어 1990년부터 1992년까지 7차례의 대학수학능력시험 '실험평가'가 실시되었다.#@문장구분# 이전 전국통일시험이었던 예비고사, 학력고사 등과는 달리 많은 개발 기간을 거쳐서 준비된 시험이다.#@문장구분# 과거 '수능 연 2회 시행'은 1994학년도에 처음이자 마지막으로 시행된 적은 있는데, 폐지 사유는 다름 아니라 1차 시험에 낙방한 학생들의 패자부활전으로 변질하여 변별력 시험 성격은 강화되고, 비교적 일찍 시행하는 1차 시험에 대한 선행학습을 촉진시키는 등의 문제점이 작용한 것(속어 고인물화)이다. 그래서 동년이 처음이자 마지막이 된 것이지 다른 게 아니다.#@문장구분# 그러므로 일각에서 수능 연 2회 시행이 다수 제기되고 있고, 이에 따라 2022 개정 교육과정에서 교육부는 수능 2회 시행을 예고한 바 있는데, 수능 연 2회 이상 시행 부활은 쉽게 말할 게 아니라 재고해 보아야 할 문제다.#@문장구분# 그렇다고 지금처럼 상대평가 총 문항 수를 가장 많았던 시절의 절반으로 감축하여, 각 문항의 실질적 배점의 '×2화'하여 2차 시험과 다를 바가 없는 변별력 시험으로 바꾼 것을 방관할 수만은 없다.#@문장구분# 따라서 영역별 만회성 문항(추가 문항)을 신설하는 것이 도입될 수 있다.#@문장구분# 꿔 말하면, '수능 제도' 자체의 문제가 아니라 '바뀌어가는 수능 시스템'에 문제가 있는 것이다.#@문장구분# 이는 변질된 수능을 되돌리면 해결될 문제인데, 일부 교육감들이 새로움에 호소하는 오류[3]를 범하며 반대하고 있어 막막한 상황이다.#@문장구분#",
      "paragraph_len": 1171,
      "paragraph_id": "001"
    }
  ],
  "score": {
    "paragraph_score": [
      {
        "paragraph_scoreT": [
          2,
          1.6,
          2
        ],
        "paragraph_scoreT_detail": {
          "paragraph_scoreT_exp": [
            [
              2,
              2,
              2
            ],
            [
              2,
              2,
              1
            ],
            [
              2,
              2,
              2
            ]
          ]
        },
        "paragraph_scoreT_avg": 1.8666667,
        "paragraph_id": "001"
      }
    ],
    "essay_scoreT": [
      18.1,
      20.3,
      21.5
    ],
    "essay_scoreT_avg": 19.966667,
    "essay_scoreT_detail": {
      "essay_scoreT_org": [
        [
          3,
          0,
          2,
          3
        ],
        [
          2,
          0,
          2,
          3
        ],
        [
          2,
          0,
          2,
          3
        ]
      ],
      "essay_scoreT_cont": [
        [
          1,
          1,
          1,
          1
        ],
        [
          3,
          2,
          2,
          2
        ],
        [
          3,
          2,
          2,
          2
        ]
      ],
      "essay_scoreT_exp": [
        [
          2,
          2,
          2
        ],
        [
          2,
          2,
          1
        ],
        [
          2,
          2,
          2
        ]
      ]
    }
  },
  "student": {
    "date": "2021.12.21",
    "student_educated": true,
    "student_grade": "고등_1학년",
    "location": "063",
    "student_grade_group": "고등",
    "student_reading": 2
  },
  "rubric": {
    "essay_grade": "고등_1학년",
    "organization_weight": {
      "org_paragraph": 0,
      "org": 3,
      "org_essay": 6,
      "org_coherence": 3,
      "org_quantity": 1
    },
    "essay_type": "주장",
    "content_weight": {
      "con_clearance": 3,
      "con_novelty": 3,
      "con": 4,
      "con_prompt": 1,
      "con_description": 3
    },
    "essay_main_subject": "평가에 대한 본인의 의견",
    "expression_weight": {
      "exp_style": 4,
      "exp_grammar": 2,
      "exp_vocab": 4,
      "exp": 3
    }
  },
  "correction": [],
  "info": {
    "essay_id": "ESSAY_76461",
    "essay_prompt": " 평가는 일반적으로 평가대상의 장점과 가치를 결정하는 과정을 말합니다.\n\n 세상에는 무수히 많은 평가 방법들이 존재하고 그 주제도 다양합니다.\n\n 우리나라의 경우는 어떨까요? 중간, 기말시험이 있고 미술과 같은 기본기와 창의성을 평가하는 과목도 있습니다. 체육과 같은 신체적인 능력을 평가하는 과목도 있지요. 모두 적절한 기준이 있으며 매우 객관적인 기준이라고 말합니다.\n\n 하지만 여러분이 생각하기에 모든 학생을 동일한 평가지표에 맞추어 평가하는 것이 올바른 방식이라고 생각하나요?\n\n 사람마다 특성이 존재하듯 각각의 목표 또한 다르고 성과도 다를 수 있습니다. 특정 기준에 의존해 본인의 성과도를 평가하는 것이 바르다고 생각되나요?\n\n 현재의 평가 방식은 최고의 객관적인 평가 방식이라고 생각하신다면 그 이유를 작성해주세요. 아니라면 어떤 평가 기준이 추가되어야 하고 또한 어떤 생각으로 평가가 이루어졌으면 좋겠는지 서술해 주세요.",
    "essay_type": "주장",
    "essay_level": "2",
    "essay_len": 991,
    "essay_main_subject": "평가에 대한 본인의 의견"
  }
}