{
  "paragraph": [
    {
      "paragraph_txt": "여전히 사람들은 장애인에 대한 부정적인 인식을 갔고있다.#@문장구분# 장애인도 인종차별과 비슷하게 자신과 다르다는 이유로 부정을 당한다.#@문장구분# 예전에 우리나라에서 장애인에대한 인식 차이라는 동영상을 본적이 있는데 나는 충격을 먹었다.#@문장구분# 우리나라사람들은 장애인이 버스를 탈때, 내릴때 시간이 많이 지체되 짜증나는 눈으로 그들을 보았다. #@문장구분#그리고 버스기사도 장애인분들이 좌석에 고정되도록 도와줘야 하지만 그렇지 않는경우가 많았다. #@문장구분#이와 대조되게 미국같은 나라는 시민들이 시간이 오래걸리더라도 짜증나는 눈으로 보지 않았고 오히려 시민과 버스기사 모두 그들을 도와줬다.#@문장구분# 모두가 그렇지는 않겠지만 이것 외에도 학교 내, 직장 내등 여전히 사회에는 장애인에 대한 차별이 많이 일어나는것을 알수있다. 나는 평소에도  장애인 차별에 대한 부정적인 인식을 갔고 있었다.#@문장구분# 그래서 이 주제를 선택했다.#@문장구분# 이제 장애인에 대한 부정적인 인식 개선방안에 대한 내 생각을 말해보겠다. #@문장구분#첫째, 장애인과 일반인들이 같이 할수있는 프로그램을 많이 만들어야 한다고 생각한다. #@문장구분#이런 프로그램을 통하여 사람들이 자신들이 불편을 가지고 있지 않은게 정말 축복인 일이고 장애를 가진 사람들이 얼마나 힘들고, 대단한 지를 깨닫게 해줄수 있을것이다. #@문장구분#그리고 장애를 가진 사람들이 자신과 조금 다를 뿐이지 똑같은 사람이라는 것을 인식하게 해줄 것이다.#@문장구분# 둘째, 장애인 체험같은 교육을 경험해 봐야된다고 생각한다.#@문장구분# 내가 초등학생때 장애인의 날에 시각장애인 체험을 해 본적이 있었는데 정말 불편했다.#@문장구분# 내가 안대를 쓰고 아무것도 볼수 없는 상태에서 옆에 친구 팔짱만 차고 꽤 먼 거리를 갔다 오는 체험이었다. #@문장구분#일단 보이지가 않으니깐 친구가 있음에도 불구하고 너무 두렵고, 불안했다.#@문장구분# 이렇듯 장애인의 조그만 불편함만을 체험 했는데도 이렇게 불편한데 내가 장애인이 되면 하루하루가 정말 힘들겠다고 생각했다.#@문장구분# 이 이외에도 여러 체험들을 학교에 실시해서 어릴때부터 깨닫게 해줘야 커서도 장애인에 대한 존경심, 긍정적인 인식을 가질거 같다.#@문장구분# 그리고 몇가지 인물을 소개하겠다.#@문장구분# 닉 부이치치, 이 사람은 팔과 다리가 거의 없는 수준에도 불구하고 수영도 하고 글도 쓰고 피나는 노력을 해서 일반인과 같이 모든 일상생활을 혼자서 할수 있게 되었다. #@문장구분#또 스티비 원더라는 음악가는 태어날때 부터 눈이 안보였는데 엄청난 노력으로 음악의 거장이 되었다. #@문장구분#이렇듯 우리가 잘 모를뿐이지 장애인들은 엄청난 노력을 하고, 살아온것만 해도 정말 대단한 사람들이다.#@문장구분# 우리는 장애인들의 \"외면\"을 볼게 아니라 그 속에있는 것을 봐야하고, 똑같은 \"인간\"이라는 것을 인식해야된다.#@문장구분#",
      "paragraph_len": 1728,
      "paragraph_id": "001"
    }
  ],
  "score": {
    "paragraph_score": [
      {
        "paragraph_scoreT": [
          2.4,
          3,
          1
        ],
        "paragraph_scoreT_detail": {
          "paragraph_scoreT_exp": [
            [
              2,
              2,
              3
            ],
            [
              3,
              3,
              3
            ],
            [
              1,
              1,
              1
            ]
          ]
        },
        "paragraph_scoreT_avg": 2.1333334,
        "paragraph_id": "001"
      }
    ],
    "essay_scoreT": [
      18.599998,
      28.8,
      14
    ],
    "essay_scoreT_avg": 20.466665,
    "essay_scoreT_detail": {
      "essay_scoreT_org": [
        [
          1,
          0,
          2,
          2
        ],
        [
          3,
          0,
          3,
          3
        ],
        [
          1,
          0,
          2,
          2
        ]
      ],
      "essay_scoreT_cont": [
        [
          2,
          2,
          3,
          2
        ],
        [
          3,
          2,
          3,
          3
        ],
        [
          2,
          1,
          2,
          2
        ]
      ],
      "essay_scoreT_exp": [
        [
          2,
          2,
          2
        ],
        [
          3,
          3,
          3
        ],
        [
          1,
          1,
          1
        ]
      ]
    }
  },
  "student": {
    "date": "2021.09.17",
    "student_educated": true,
    "student_grade": "고등_1학년",
    "location": "051",
    "student_grade_group": "고등",
    "student_reading": 1
  },
  "rubric": {
    "essay_grade": "고등_1학년",
    "organization_weight": {
      "org_paragraph": 0,
      "org": 3,
      "org_essay": 6,
      "org_coherence": 3,
      "org_quantity": 1
    },
    "essay_type": "주장",
    "content_weight": {
      "con_clearance": 3,
      "con_novelty": 3,
      "con": 4,
      "con_prompt": 1,
      "con_description": 3
    },
    "essay_main_subject": "평가에 대한 본인의 의견",
    "expression_weight": {
      "exp_style": 4,
      "exp_grammar": 2,
      "exp_vocab": 4,
      "exp": 3
    }
  },
  "correction": [],
  "info": {
    "essay_id": "ESSAY_34492",
    "essay_prompt": " 평가는 일반적으로 평가대상의 장점과 가치를 결정하는 과정을 말합니다.\n\n 세상에는 무수히 많은 평가 방법들이 존재하고 그 주제도 다양합니다.\n\n 우리나라의 경우는 어떨까요? 중간, 기말시험이 있고 미술과 같은 기본기와 창의성을 평가하는 과목도 있습니다. 체육과 같은 신체적인 능력을 평가하는 과목도 있지요. 모두 적절한 기준이 있으며 매우 객관적인 기준이라고 말합니다.\n\n 하지만 여러분이 생각하기에 모든 학생을 동일한 평가지표에 맞추어 평가하는 것이 올바른 방식이라고 생각하나요?\n\n 사람마다 특성이 존재하듯 각각의 목표 또한 다르고 성과도 다를 수 있습니다. 특정 기준에 의존해 본인의 성과도를 평가하는 것이 바르다고 생각되나요?\n\n 현재의 평가 방식은 최고의 객관적인 평가 방식이라고 생각하신다면 그 이유를 작성해주세요. 아니라면 어떤 평가 기준이 추가되어야 하고 또한 어떤 생각으로 평가가 이루어졌으면 좋겠는지 서술해 주세요.",
    "essay_type": "주장",
    "essay_level": "2",
    "essay_len": 1268,
    "essay_main_subject": "평가에 대한 본인의 의견"
  }
}