{
  "paragraph": [
    {
      "paragraph_txt": "팬더믹 상황이라고 하더라도, 코로나19 백신에 대한 특허권은 보장되어야 합니다.#@문장구분# 그러나 이러한 특허권은 기업의 지적재산권을 보장하기 위한 것이어야 하는 것이며, 특정 나라에 귀속되는 것은 옳지 않다고 생각합니다.#@문장구분# 지적재산권법은 정보생산자에게 일정기간 동안 시장에서의 배타적 지위를 부여하기 위한 것이지, 정보생산자가 속한 국가에게 배타적 지위를 부여하기 위한 것이 아니기 때문입니다.#@문장구분# 코로나19는 확산을 통제할 수 있는 여력이 선진국에 비해 부족한 후진국과 개발도상국에서 더 심각한 피해를 야기하고 있습니다.#@문장구분# 이렇듯 코로나19에 대응할 수 있는 기반이 부족한 나라일수록 백신이 더더욱 필요합니다.#@문장구분# 그러나 백신을 개발할 수 있는 인력과 시설을 갖춘 기업들은 선진국들에 속해 있습니다.#@문장구분# 전 세계적 재난 앞에서, 개별 기업들의 권리를 앗아가는 것 보다는 선진국들이 이익과 이권을 잠시 내려놓고 제약회사들을 향한 적극적인 지원을 통해 후진국과 개발도상국에 백신 공급이 원활하게 진행 될 수 있게 해야 할 것입니다.#@문장구분# 많은 전문가들은 백신의 지적재산권이 면제되어 전 세계의 모든 기업들이 백신의 생산할 수 있는 지식을 갖게 된다고 하더라도, 그 백신을 개발한 기업과 동일한 품질의 백신을 개발할 수 없기 때문에 오히려 품질 낮은 백신이 시장에 유통되는 심각한 부작용이 발생할 수 있다고 지적합니다.#@문장구분# 이는 마치 유명 쉐프의 조리법을 알 수 있다고 하더라도 우리가 그와 똑같은 맛의 요리를 만들어 낼 수는 없는 것과 같다고 합니다.#@문장구분#  따라서 지적재산권의 신뢰를 헤쳐 미래 팬더믹 상황에서 기업들의 백신 개발을 저해할 뿐 아니라 이와 같은 부작용까지 야기할 수 있는 특허권 해제 보다는, 국가 정부들의 적극적 지원을 통해 생산과 공급을 확대하는 편이 훨씬 바람직하다고 생각합니다.#@문장구분#",
      "paragraph_len": 1075,
      "paragraph_id": "001"
    }
  ],
  "score": {
    "paragraph_score": [
      {
        "paragraph_scoreT": [
          3,
          3,
          3
        ],
        "paragraph_scoreT_detail": {
          "paragraph_scoreT_exp": [
            [
              3,
              3,
              3
            ],
            [
              3,
              3,
              3
            ],
            [
              3,
              3,
              3
            ]
          ]
        },
        "paragraph_scoreT_avg": 3,
        "paragraph_id": "001"
      }
    ],
    "essay_scoreT": [
      29.7,
      30,
      27
    ],
    "essay_scoreT_avg": 28.9,
    "essay_scoreT_detail": {
      "essay_scoreT_org": [
        [
          3,
          3,
          3,
          2
        ],
        [
          3,
          3,
          3,
          3
        ],
        [
          2,
          2,
          3,
          3
        ]
      ],
      "essay_scoreT_cont": [
        [
          3,
          3,
          3,
          3
        ],
        [
          3,
          3,
          3,
          3
        ],
        [
          3,
          3,
          3,
          2
        ]
      ],
      "essay_scoreT_exp": [
        [
          3,
          3,
          3
        ],
        [
          3,
          3,
          3
        ],
        [
          3,
          3,
          3
        ]
      ]
    }
  },
  "student": {
    "date": "2021.12.08",
    "student_educated": true,
    "student_grade": "고등_2학년",
    "location": "063",
    "student_grade_group": "고등",
    "student_reading": 2
  },
  "rubric": {
    "essay_grade": "고등_2학년",
    "organization_weight": {
      "org_paragraph": 3,
      "org": 3,
      "org_essay": 3,
      "org_coherence": 3,
      "org_quantity": 1
    },
    "essay_type": "주장",
    "content_weight": {
      "con_clearance": 3,
      "con_novelty": 3,
      "con": 4,
      "con_prompt": 1,
      "con_description": 3
    },
    "essay_main_subject": "지적 재산권에 대한 본인의 생각 작성",
    "expression_weight": {
      "exp_style": 4,
      "exp_grammar": 2,
      "exp_vocab": 4,
      "exp": 3
    }
  },
  "correction": [],
  "info": {
    "essay_id": "ESSAY_54981",
    "essay_prompt": " 지적재산권이란 특허권, 실용신안권, 상표권, 디자인권을 총칭하는 개념으로 지적재산권법은 정보생산자에게 일정기간 동안 시장에서의 배타적 지위를 부여하고 있습니다.\n\n 즉, 지적 재산권은 특정 사람이 생각/창작해낸 것을 다른사람들의 무분별한 이용으로 부터 지켜주는 것입니다. 이러한 지적재산권은 개인 혹은 회사 더 나아가 나라에 귀속될 수 있습니다.\n\n 다만, 코로나 시대인 요즘 전 세계적인 재앙인 코로나를 물리칠 수 있는 백신에 대한 지적재산권을 자유롭게 풀어야한다는 의견이 계속해서 나오고 있습니다. \n\n 지적 재산권이 있는 제약회사가 있는 나라의 경우 백신이 충분하며 백신을 맞는 것이 선택의 문제인 반면, 그렇지 못한 나라는 백신을 맞고 싶어도 맞지 못하는 사람들이 많고 항체가 없어 사망하는 경우도 비교적 많이 때문입니다.\n\n 전 세계의 문제를 해결하기 위해 수 많은 돈을 들여 개발한 백신의 지적재산권을 공유하는 것이 의무화 되어야 할까요? 아니면 회사의 선택에 맡겨야할까요? 보상은 어떻게 해야할까요? \n\n 전 세계에 무상으로 공개 해야 한다는 의견이 있을 수도 있고 무상으로 공개한 회사의 경우 팬더믹 상황이 종결 된 후 따로 보상을 해주어야 한다는 의견도 있을 겁니다. 지적재산권의 변하지 않는 신뢰를 위해서라도 무상 공개는 절대 있어서는 안된다는 의견도 있을 것입니다.\n\n 지금까지도 펜더믹 상황에서 코로나19 백신에 대한 특허권을 보장해야 하느냐 풀어야 하느냐 의견이 분분합니다. 이에 대한 자신의 주장을 작성해주세요. 또한, 그렇게 생각한 이유도 설명해주세요.",
    "essay_type": "주장",
    "essay_level": "1",
    "essay_len": 875,
    "essay_main_subject": "지적 재산권에 대한 본인의 생각 작성"
  }
}