{
  "paragraph": [
    {
      "paragraph_txt": "평가는 대상의 가치나 수준을 내리는 것이다.#@문장구분# 사람들은 어디서든 평가를 받는다.#@문장구분# 특히 우리나라 학생이라면 많은 평가를 받고 자란다.#@문장구분# 초등학교 6년, 중학교 3년, 고등학교 3년 12년, 그 이상이다.#@문장구분# 우리는 성적표라는 단순한 숫자 이자만 나의 미래가 달린 평가를 받게 된다.#@문장구분# 평소에는 놀다가도 시험기간이 되면 모두 예민해지고 경쟁하는 현실이 안타깝기도 하다.#@문장구분# 그 뿐만 아니라 음악, 미술, 체육 신경 쓸 거리가 넘쳐난다.#@문장구분# 내가 표현하고자 하는 것을 표현했지만 정해진 평가에 벗어날 경우 좋은 점수를 받지 못한다.#@문장구분#평가라는 것이 정확한 기준을 정하기는 어렵지만 우린 현실을 생각해야 한다.#@문장구분# 남들보다 잘해서 좋은 평가를 받는 것이다.#@문장구분#현재의 평가 방식을 우리가 바꿀 수 있을까새로운 기준 그 또한 어렵고 애매하다.#@문장구분# 이미 오랜 시간 학생들은 평가해오던 방식을 자리를 잡았고 학생들이 그 기준에 따라야 한다#@문장구분# 어디든 평가의 기준은 다를 수 있지만 높은 점수, 좋은 대학 그것으로 우리의 평가는 이미 정해진 듯 하다.#@문장구분# 현재 사회에서는 평가의 기준을 탓할 시간에 공부를 하는 것이 효율적이다.#@문장구분# 좀 억울하게 느껴지지만 당장은 어쩔 수 없다하지만 좀 더 사람마다 가진 특색을 좋게 평가 받을 수 있는 방법에는 무엇이 있을지 고민해보는 것도 필요한 것 같다.#@문장구분# 왜냐하면 예전보다 지금이 사람의 개성과 특성이 중요시되는 사회이기 때문에 더더욱 개개인을 고려하는 평가방식이 중요하다고 생각한다.#@문장구분# 앞으로 개개인의 특성과 개성을 살리는 평가방식이 개발되어 개개인마다 다른 평가방식을 잘 적용해 좋은 평가방법으로 자리잡았으면 좋겠다.#@문장구분# 우리 모두 화이팅합시다.#@문장구분#",
      "paragraph_len": 1157,
      "paragraph_id": "001"
    }
  ],
  "score": {
    "paragraph_score": [
      {
        "paragraph_scoreT": [
          3,
          2.8,
          2.8
        ],
        "paragraph_scoreT_detail": {
          "paragraph_scoreT_exp": [
            [
              3,
              3,
              3
            ],
            [
              2,
              3,
              3
            ],
            [
              2,
              3,
              3
            ]
          ]
        },
        "paragraph_scoreT_avg": 2.8666668,
        "paragraph_id": "001"
      }
    ],
    "essay_scoreT": [
      30,
      28.2,
      29.4
    ],
    "essay_scoreT_avg": 29.199999,
    "essay_scoreT_detail": {
      "essay_scoreT_org": [
        [
          3,
          0,
          3,
          3
        ],
        [
          3,
          0,
          3,
          3
        ],
        [
          3,
          0,
          3,
          3
        ]
      ],
      "essay_scoreT_cont": [
        [
          3,
          3,
          3,
          3
        ],
        [
          3,
          2,
          3,
          3
        ],
        [
          3,
          3,
          3,
          3
        ]
      ],
      "essay_scoreT_exp": [
        [
          3,
          3,
          3
        ],
        [
          2,
          3,
          3
        ],
        [
          2,
          3,
          3
        ]
      ]
    }
  },
  "student": {
    "date": "2021.12.20",
    "student_educated": true,
    "student_grade": "고등_1학년",
    "location": "044",
    "student_grade_group": "고등",
    "student_reading": 2
  },
  "rubric": {
    "essay_grade": "고등_1학년",
    "organization_weight": {
      "org_paragraph": 0,
      "org": 3,
      "org_essay": 6,
      "org_coherence": 3,
      "org_quantity": 1
    },
    "essay_type": "주장",
    "content_weight": {
      "con_clearance": 3,
      "con_novelty": 3,
      "con": 4,
      "con_prompt": 1,
      "con_description": 3
    },
    "essay_main_subject": "평가에 대한 본인의 의견",
    "expression_weight": {
      "exp_style": 4,
      "exp_grammar": 2,
      "exp_vocab": 4,
      "exp": 3
    }
  },
  "correction": [],
  "info": {
    "essay_id": "ESSAY_71820",
    "essay_prompt": " 평가는 일반적으로 평가대상의 장점과 가치를 결정하는 과정을 말합니다.\n\n 세상에는 무수히 많은 평가 방법들이 존재하고 그 주제도 다양합니다.\n\n 우리나라의 경우는 어떨까요? 중간, 기말시험이 있고 미술과 같은 기본기와 창의성을 평가하는 과목도 있습니다. 체육과 같은 신체적인 능력을 평가하는 과목도 있지요. 모두 적절한 기준이 있으며 매우 객관적인 기준이라고 말합니다.\n\n 하지만 여러분이 생각하기에 모든 학생을 동일한 평가지표에 맞추어 평가하는 것이 올바른 방식이라고 생각하나요?\n\n 사람마다 특성이 존재하듯 각각의 목표 또한 다르고 성과도 다를 수 있습니다. 특정 기준에 의존해 본인의 성과도를 평가하는 것이 바르다고 생각되나요?\n\n 현재의 평가 방식은 최고의 객관적인 평가 방식이라고 생각하신다면 그 이유를 작성해주세요. 아니라면 어떤 평가 기준이 추가되어야 하고 또한 어떤 생각으로 평가가 이루어졌으면 좋겠는지 서술해 주세요.",
    "essay_type": "주장",
    "essay_level": "2",
    "essay_len": 797,
    "essay_main_subject": "평가에 대한 본인의 의견"
  }
}