{
  "paragraph": [
    {
      "paragraph_txt": "나는 지금 매우 중요한 시기로 공부를 열심히 해야하는 학생의 신분이다.#@문장구분#\n그리고 중간고사, 기말시험 말고도 나의 인생에 아주 큰 내 인생을 좌지 우지 하게 될 대학수학능력시험이란걸 치러야 한다.#@문장구분# 대학수학능력시험이란 대한민국 교육부로부터 권한을 위임받은 국무조정실 예하 한국교육과정평가원에서 주관하는 표준화 시험이다.#@문장구분# 대학수학능력시험에서 지식적 출제 범위상 절대로 교과 외 내용이 출제되지 않는다. #@문장구분#각 교과서마다 존재하는 교육과정 해설서와 교사용 지도서, 한국교육과정평가원 가이드라인을 엄준하여 출제한다.#@문장구분# 수학 영역과 탐구 영역은 비교적 교과 지식 내용을 토대로 출제하며 국어 영역과 영어 영역은 각 교과 해설서의 '평가 항목' 기준에만 충실히 하고, 지문 소재는 외부 문헌을 활용한다.#@문장구분# 일각에서는 '왜 배우지도 않은 어려운 과학·철학 지문을 출제하냐', '교과 외 내용 아니냐'라고 오해하기도 하는데, 애당초 국어 영역과 영어 영역의 취지 자체는 태어나서 처음 보는 지문을 그 자리에서 읽어내어 해석하고 재구성하는 문해력을 평가하는 것이다.#@문장구분# 누군 읽고 누군 안 읽은 지문을 출제해 버리면 평가 자체의 공정성이 훼손되기 때문이다.#@문장구분# 다만 외부 문헌들도 교육부에서 사전에 후보 문서들을 준비해 준다. #@문장구분#그중에서 출제위원들과 감사위원들이 토론하여 문제로 출제할 내용을 결정한다. #@문장구분#이처럼 교과의 취지와 수능의 평가 목적에 맞는 학습만 깔끔하게 수행해도 충분한 대비가 가능한 시험임에도, 이 점이 대중적으로 잘 알려지지 않다 보니 해마다 수험생·학부모의 불안 심리를 노린, 필요 이상의 사교육이 성행하고 있다. #@문장구분#나아가 학교 교사나 대형 학원 입시 상담사들도 이를 잘 알고 있는 경우가 드물다.#@문장구분# 우리나라의 이러한 제도 시험으로 인해 사교육으로 인해 우리나라 학생들은 매우 많은 시간을 공부에 치여 살아야하는 삶을 살고있다.#@문장구분# 물론 대학진학을 위해 이러한 평가는 필요하다고 생각하지만 수능문제가 교과위주로 출제해준다면 좋겠다는 생각이 드는 바이다.#@문장구분#",
      "paragraph_len": 1247,
      "paragraph_id": "001"
    }
  ],
  "score": {
    "paragraph_score": [
      {
        "paragraph_scoreT": [
          3,
          3,
          2.8
        ],
        "paragraph_scoreT_detail": {
          "paragraph_scoreT_exp": [
            [
              3,
              3,
              3
            ],
            [
              3,
              3,
              3
            ],
            [
              2,
              3,
              3
            ]
          ]
        },
        "paragraph_scoreT_avg": 2.9333334,
        "paragraph_id": "001"
      }
    ],
    "essay_scoreT": [
      28.8,
      28.8,
      26.599998
    ],
    "essay_scoreT_avg": 28.066666,
    "essay_scoreT_detail": {
      "essay_scoreT_org": [
        [
          3,
          0,
          3,
          3
        ],
        [
          3,
          0,
          3,
          3
        ],
        [
          3,
          0,
          3,
          3
        ]
      ],
      "essay_scoreT_cont": [
        [
          3,
          2,
          3,
          3
        ],
        [
          3,
          2,
          3,
          3
        ],
        [
          2,
          2,
          2,
          3
        ]
      ],
      "essay_scoreT_exp": [
        [
          3,
          3,
          3
        ],
        [
          3,
          3,
          3
        ],
        [
          2,
          3,
          3
        ]
      ]
    }
  },
  "student": {
    "date": "2021.12.24",
    "student_educated": true,
    "student_grade": "고등_1학년",
    "location": "063",
    "student_grade_group": "고등",
    "student_reading": 2
  },
  "rubric": {
    "essay_grade": "고등_1학년",
    "organization_weight": {
      "org_paragraph": 0,
      "org": 3,
      "org_essay": 6,
      "org_coherence": 3,
      "org_quantity": 1
    },
    "essay_type": "주장",
    "content_weight": {
      "con_clearance": 3,
      "con_novelty": 3,
      "con": 4,
      "con_prompt": 1,
      "con_description": 3
    },
    "essay_main_subject": "평가에 대한 본인의 의견",
    "expression_weight": {
      "exp_style": 4,
      "exp_grammar": 2,
      "exp_vocab": 4,
      "exp": 3
    }
  },
  "correction": [],
  "info": {
    "essay_id": "ESSAY_76747",
    "essay_prompt": " 평가는 일반적으로 평가대상의 장점과 가치를 결정하는 과정을 말합니다.\n\n 세상에는 무수히 많은 평가 방법들이 존재하고 그 주제도 다양합니다.\n\n 우리나라의 경우는 어떨까요? 중간, 기말시험이 있고 미술과 같은 기본기와 창의성을 평가하는 과목도 있습니다. 체육과 같은 신체적인 능력을 평가하는 과목도 있지요. 모두 적절한 기준이 있으며 매우 객관적인 기준이라고 말합니다.\n\n 하지만 여러분이 생각하기에 모든 학생을 동일한 평가지표에 맞추어 평가하는 것이 올바른 방식이라고 생각하나요?\n\n 사람마다 특성이 존재하듯 각각의 목표 또한 다르고 성과도 다를 수 있습니다. 특정 기준에 의존해 본인의 성과도를 평가하는 것이 바르다고 생각되나요?\n\n 현재의 평가 방식은 최고의 객관적인 평가 방식이라고 생각하신다면 그 이유를 작성해주세요. 아니라면 어떤 평가 기준이 추가되어야 하고 또한 어떤 생각으로 평가가 이루어졌으면 좋겠는지 서술해 주세요.",
    "essay_type": "주장",
    "essay_level": "2",
    "essay_len": 967,
    "essay_main_subject": "평가에 대한 본인의 의견"
  }
}