{
  "paragraph": [
    {
      "paragraph_txt": "뉴턴의 대발명 미분과 적분,이 책을 읽게 된 계기는 미적분이 사용된 생활 예시를 찾아보다가 수학교과서 185쪽에 있는 내진 설계와 적분이라는 내용에 글(->장래희망이 건축학 쪽에 있는 직업이기때문에 이러한 글을 선택하였음)을 보다가 그 출처가 이 책이라는 것을 보고 이 책을 읽게 되었다.#@문장구분# 책은 잡지 같은 형식의 책이라서 더 읽기 쉽게 느껴졌다.#@문장구분# 우선 이 책의 목차를 보면, 크게 다섯 가지로 분류되어 있다.#@문장구분# 첫 번째는 '미적분의 탄생 전야'이다.#@문장구분#이 부분에서는 뉴턴에 의해 미적분이 탄생하기까지 이루어졌던 수학자들의 발견을 소개한다.#@문장구분# 르네 데카르트, 갈릴레로 갈릴레이, 페르마, 뉴턴, 라이프니치 등여러 수학자들에 관한 설명과 그들의 발명에 관한 이야기가 나온다.#@문장구분#두 번째는 '뉴턴의 미분법'이다.#@문장구분# 이부분에서는 접선 문제의 해결, 오미크론 개념의 이해, 미분이 어떻게 만들어졌는가에 대한 설명 등이나온다.#@문장구분#세 번째는 '미분과 적분의 통일'이다.#@문장구분#고대 그리스에서 유래한 적분법과 뉴턴이 완성시킨 미분법이 뉴턴에 의해 미적분으로 통일되는 과정을 설명하는 내용이다.#@문장구분# '부력의 크기는 물속에 있는 물체의 부피와 같은 부피의 물의 무게'라는 아르키메데스 원리의 소개와 함꼐 적분의 기원의 이야기가 나온다.#@문장구분# 네 번째는 '미분과 적분의 발전 배경'이다.#@문장구분# 이 부분에서는 뉴턴과 라이프니치 사이에 생긴 미적분창시자를 둘러싼 격렬한 싸움, 뉴턴의 역사적 저서<프린키피아>와 미적분을 둘러싼 수수께끼등 더욱더 흥미로운 화제들을 이야기한다. #@문장구분#이 부분에서 드디어 교과서에서 보았던 내진 설계와 적분에 관한이야기가 나온다.#@문장구분# 문자나 식 등이 어렵긴 하였지만 그림과 글을 보고 조금씩 이해해 나갔다.#@문장구분# 다섯 번째는 심화 지식편이다.#@문장구분#미적분으로 문제 해결, 미적분의 위력을 실감하는 강의를 다루고 있다.#@문장구분# 상자의 부피가 최대가 되게 하는 것, 원의 넓이, 구의 부피, 샴페인 잔의 부피까지 구하기 어려울 것 같은 것들의 부피를 미적분으로 다 구할 수 있다는 것이 놀라웠다.#@문장구분#",
      "paragraph_len": 1338,
      "paragraph_id": "001"
    }
  ],
  "score": {
    "paragraph_score": [
      {
        "paragraph_scoreT": [
          3,
          2.8333333,
          2
        ],
        "paragraph_scoreT_detail": {
          "paragraph_scoreT_exp": [
            [
              3,
              3,
              3
            ],
            [
              3,
              3,
              2
            ],
            [
              2,
              2,
              2
            ]
          ]
        },
        "paragraph_scoreT_avg": 2.611111,
        "paragraph_id": "001"
      }
    ],
    "essay_scoreT": [
      30,
      26.055555,
      24.222221
    ],
    "essay_scoreT_avg": 26.75926,
    "essay_scoreT_detail": {
      "essay_scoreT_org": [
        [
          3,
          3,
          3,
          3
        ],
        [
          2,
          2,
          2,
          3
        ],
        [
          2,
          2,
          2,
          3
        ]
      ],
      "essay_scoreT_cont": [
        [
          3,
          3,
          0,
          3
        ],
        [
          3,
          2,
          0,
          3
        ],
        [
          3,
          3,
          0,
          3
        ]
      ],
      "essay_scoreT_exp": [
        [
          3,
          3,
          3
        ],
        [
          3,
          3,
          2
        ],
        [
          2,
          2,
          2
        ]
      ]
    }
  },
  "student": {
    "date": "2021.09.13",
    "student_educated": true,
    "student_grade": "고등_1학년",
    "location": "063",
    "student_grade_group": "고등",
    "student_reading": 1
  },
  "rubric": {
    "essay_grade": "고등_1학년",
    "organization_weight": {
      "org_paragraph": 2,
      "org": 2,
      "org_essay": 4,
      "org_coherence": 2,
      "org_quantity": 1
    },
    "essay_type": "설명글",
    "content_weight": {
      "con_clearance": 4,
      "con_novelty": 3,
      "con": 4,
      "con_prompt": 0,
      "con_description": 1
    },
    "essay_main_subject": "영화/독서감상문",
    "expression_weight": {
      "exp_style": 1,
      "exp_grammar": 2,
      "exp_vocab": 3,
      "exp": 4
    }
  },
  "correction": [],
  "info": {
    "essay_id": "ESSAY_34329",
    "essay_prompt": " 영화에는 로맨스, 액션, 스릴러 등 정말 많은 장르가 있습니다. 사람마다 좋아하는 장르가 있고 절대 보지 않는 장르도 있습니다.\r\n\r\n 독서도 마찬가지입니다. 소설, 수필, 시, 만화, 위인전 등 여러가지 장르가 있습니다.\r\n\r\n 여러분은 어떤 장르를 좋아하나요? 그리고 해당 장르에서 가장 재미있게 봤던 영화나 책은 무엇인가요?\r\n\r\n 자신이 봤던 영화 혹은 책을 한 편 선정하여 주제와 내용 그리고 느낀점을 감상문으로 작성해주세요.",
    "essay_type": "설명글",
    "essay_level": "3",
    "essay_len": 970,
    "essay_main_subject": "영화/독서감상문"
  }
}