{
  "paragraph": [
    {
      "paragraph_txt": "까칠한 재석이가 달라졌다.#@문장구분# 책은 전 작인 까칠한 재석이의 내용과 이어지는데 한때 일찐짓과 불량배 짓을 일삼던 재석이가 보담이과 만나게 되면서 자신이 이루고자 하는 꿈을 향해 노력하려고 변하는 중인 재석이가 주인공이다.#@문장구분# 이야기 처음에는 집으로 돌아가던 재석이가 근처 공원에서 보경여고 폭력서클인 일라이자 패거리들에게 당하는 금안여고 1학년인 채린을 폭행하고 있었는데, 그걸 재석이가 구해준다. #@문장구분#구해준 여자아이가 채린이란 것은 나중에 알게되었다. #@문장구분#재석이는 작가가 되고 싶어했는데 생각 날때마다 글을 쓸 수 있는 노트북을 사기위해서 친구 민성이랑 뷔페식당알바를 하게된다. #@문장구분#어느날은 채린이가 재석이 학교에 찾아와서 재석에게 고백을 하지만 보담이를 좋아했던 재석이는 그 고백을 거절했다.#@문장구분# 채린의 고백소식을 들은 보담이는 심기가 매우 불편하여 결국 재석에게 이별 통보의 메세지를 보낸다.#@문장구분# 보경여고 일라이자 패거리들이 채린에게 몰매를 가하는 현장을 발견한 보담과 향금이가 그 상황을말리려다 다치고 마는데, 보담이는 얼굴에 칼로 긁히고 만다.#@문장구분# 채린의 sns에 달리는 댓글들이 보경여고 일라이자 아이들의 협박으로 모두 악성댓글로 변했는데 그 이유가 일라이자의 짱인 수경이가 최우석을 좋아하는데, 정작 우석이는 채린이에게 마음을 빼앗기자 수경이 복수 하기위해서 이런짓을 벌인것이다.#@문장구분# 이후 사건의 전말을 알게된 재석이는 채린이를 돕기위해 일라이자 애들과 수경이 채린을 폭행한 짓 들을 신고하며 해결해준다.#@문장구분# \n나는 이 책의 전작들을 읽었는데 그때는 재석이가 되게 폭력적인면이 강했는데, 이번작품에서는 조금 더 이성적으로 생각하고 자신의 과거를 회상하면서 깨닫게 되는 장면들이 몇 있었는데 그 장면들이 인상깊었다.#@문장구분#",
      "paragraph_len": 1054,
      "paragraph_id": "001"
    }
  ],
  "score": {
    "paragraph_score": [
      {
        "paragraph_scoreT": [
          3,
          2.8333333,
          2
        ],
        "paragraph_scoreT_detail": {
          "paragraph_scoreT_exp": [
            [
              3,
              3,
              3
            ],
            [
              3,
              3,
              2
            ],
            [
              2,
              2,
              2
            ]
          ]
        },
        "paragraph_scoreT_avg": 2.611111,
        "paragraph_id": "001"
      }
    ],
    "essay_scoreT": [
      30,
      25.333332,
      22.5
    ],
    "essay_scoreT_avg": 25.944443,
    "essay_scoreT_detail": {
      "essay_scoreT_org": [
        [
          3,
          3,
          3,
          3
        ],
        [
          2,
          2,
          2,
          2
        ],
        [
          2,
          2,
          2,
          2
        ]
      ],
      "essay_scoreT_cont": [
        [
          3,
          3,
          0,
          3
        ],
        [
          3,
          2,
          0,
          2
        ],
        [
          3,
          2,
          0,
          3
        ]
      ],
      "essay_scoreT_exp": [
        [
          3,
          3,
          3
        ],
        [
          3,
          3,
          2
        ],
        [
          2,
          2,
          2
        ]
      ]
    }
  },
  "student": {
    "date": "2021.09.07",
    "student_educated": true,
    "student_grade": "고등_1학년",
    "location": "051",
    "student_grade_group": "고등",
    "student_reading": 1
  },
  "rubric": {
    "essay_grade": "고등_1학년",
    "organization_weight": {
      "org_paragraph": 2,
      "org": 2,
      "org_essay": 4,
      "org_coherence": 2,
      "org_quantity": 1
    },
    "essay_type": "설명글",
    "content_weight": {
      "con_clearance": 4,
      "con_novelty": 3,
      "con": 4,
      "con_prompt": 0,
      "con_description": 1
    },
    "essay_main_subject": "영화/독서감상문",
    "expression_weight": {
      "exp_style": 1,
      "exp_grammar": 2,
      "exp_vocab": 3,
      "exp": 4
    }
  },
  "correction": [],
  "info": {
    "essay_id": "ESSAY_34248",
    "essay_prompt": " 영화에는 로맨스, 액션, 스릴러 등 정말 많은 장르가 있습니다. 사람마다 좋아하는 장르가 있고 절대 보지 않는 장르도 있습니다.\r\n\r\n 독서도 마찬가지입니다. 소설, 수필, 시, 만화, 위인전 등 여러가지 장르가 있습니다.\r\n\r\n 여러분은 어떤 장르를 좋아하나요? 그리고 해당 장르에서 가장 재미있게 봤던 영화나 책은 무엇인가요?\r\n\r\n 자신이 봤던 영화 혹은 책을 한 편 선정하여 주제와 내용 그리고 느낀점을 감상문으로 작성해주세요.",
    "essay_type": "설명글",
    "essay_level": "3",
    "essay_len": 835,
    "essay_main_subject": "영화/독서감상문"
  }
}