{
  "paragraph": [
    {
      "paragraph_txt": "이책은 학교 영어시간 영어독서로 독서를했다. #@문장구분#이책은 미국의 도로 루트66의 이야기를 담고있는 책이다 .#@문장구분#루트66은 미국의 동부 서부를 이어주는 도로이다 이도로는 미국 땅크기에 맞게 8개의 주를 지나고 2450마일(3942km)이나 되는 긴 도로 이다 루트66을 따라 많은마을과 여행자를 위한 카페 모텔 주유소등이 발전되었고 영화와 매체를 통해 미국인들의 상징으로 변하였다#@문장구분# 하지만 루트66은 고속도로가 아닌 국도였기에 많은시간이 소모되어 동부 서부를 잇는 고속도로가 새로 건설되었다.#@문장구분# 시간이 지나며 많은이들은 루트66 보다 고속도로를 이용하고 루트66은 잊혀지는듯 보였다#@문장구분# 하지만 적지않은 미국인들이 루트66의 향수를 그리워하고 기억하기에 미국인들은 동호회를 만들거나 친구들로 구성하여 루트66을 지나가거나 인터넷으로 남기기위해 노력하고 옛 모습을 남기기위해 복원해 지금 'Historic Route 66'으로 많은사람들이 관광을 할수있다.#@문장구분#\n이책을 보니 무작정 현재의 것이 좋은것은 아닌것같다 #@문장구분#나도 우리주변이 재개발되고 아파트가 건설되는것을 보니 현재의 것과 과거를 공존하는 방향으로 발전해나갓으면 한다.#@문장구분#",
      "paragraph_len": 719,
      "paragraph_id": "001"
    }
  ],
  "score": {
    "paragraph_score": [
      {
        "paragraph_scoreT": [
          1.6666666,
          2.8333333,
          1.3333334
        ],
        "paragraph_scoreT_detail": {
          "paragraph_scoreT_exp": [
            [
              1,
              2,
              2
            ],
            [
              3,
              3,
              2
            ],
            [
              2,
              1,
              1
            ]
          ]
        },
        "paragraph_scoreT_avg": 1.9444445,
        "paragraph_id": "001"
      }
    ],
    "essay_scoreT": [
      16.61111,
      24.833332,
      15.5
    ],
    "essay_scoreT_avg": 18.981482,
    "essay_scoreT_detail": {
      "essay_scoreT_org": [
        [
          1,
          1,
          2,
          1
        ],
        [
          2,
          2,
          2,
          2
        ],
        [
          1,
          1,
          2,
          2
        ]
      ],
      "essay_scoreT_cont": [
        [
          2,
          2,
          0,
          1
        ],
        [
          2,
          3,
          0,
          2
        ],
        [
          2,
          2,
          0,
          1
        ]
      ],
      "essay_scoreT_exp": [
        [
          1,
          2,
          2
        ],
        [
          3,
          3,
          2
        ],
        [
          2,
          1,
          1
        ]
      ]
    }
  },
  "student": {
    "date": "2021.09.07",
    "student_educated": true,
    "student_grade": "고등_1학년",
    "location": "063",
    "student_grade_group": "고등",
    "student_reading": 1
  },
  "rubric": {
    "essay_grade": "고등_1학년",
    "organization_weight": {
      "org_paragraph": 2,
      "org": 2,
      "org_essay": 4,
      "org_coherence": 2,
      "org_quantity": 1
    },
    "essay_type": "설명글",
    "content_weight": {
      "con_clearance": 4,
      "con_novelty": 3,
      "con": 4,
      "con_prompt": 0,
      "con_description": 1
    },
    "essay_main_subject": "영화/독서감상문",
    "expression_weight": {
      "exp_style": 1,
      "exp_grammar": 2,
      "exp_vocab": 3,
      "exp": 4
    }
  },
  "correction": [],
  "info": {
    "essay_id": "ESSAY_34501",
    "essay_prompt": " 영화에는 로맨스, 액션, 스릴러 등 정말 많은 장르가 있습니다. 사람마다 좋아하는 장르가 있고 절대 보지 않는 장르도 있습니다.\r\n\r\n 독서도 마찬가지입니다. 소설, 수필, 시, 만화, 위인전 등 여러가지 장르가 있습니다.\r\n\r\n 여러분은 어떤 장르를 좋아하나요? 그리고 해당 장르에서 가장 재미있게 봤던 영화나 책은 무엇인가요?\r\n\r\n 자신이 봤던 영화 혹은 책을 한 편 선정하여 주제와 내용 그리고 느낀점을 감상문으로 작성해주세요.",
    "essay_type": "설명글",
    "essay_level": "3",
    "essay_len": 560,
    "essay_main_subject": "영화/독서감상문"
  }
}