{
  "paragraph": [
    {
      "paragraph_txt": "이책은 이형식,박영채, 김선형이라는 인물이 등장한다.#@문장구분# \n주인공 이형식은 한 학교의 교사이다.#@문장구분# 선형의 가정교사로 일하게된다.#@문장구분# \n가정교사로 일하다가 선형에게 끌리게된다.#@문장구분# 형식은 본래 지식인이고 해외 유학까지 갔지만 많은 역경을 겪었기에 이성교제가 없었기 때문이다. #@문장구분#\n그러던 형식은 하숙집으로 돌아와 박영채를 반긴다.#@문장구분# 형식이 고아시절 도움을 받았던 목사님 딸이고 형식이 청혼했다.#@문장구분# 하지만 영채의 아버지 박진사의 개화운동이 실패하며 부도가 나고 형식과 영채는 이별하게 된다.#@문장구분# 7년 후 만나 영채는 감옥에 있는 아버지를 도울려고 기생이되고 형식을 생각하며 지냈다고 한다.#@문장구분# 형식은 기생과 사랑하던 여자였다는 사실에 혼란이오고 갈등을 한다.#@문장구분# 그러다 영채는 떠나고 형식은 이를 찾으러 쫓아가지만 학생들에게 안좋게 소문이 난다.#@문장구분# 영채는 기차안에서 신여성을 만나 마음을 고치고 그녀를 따라간다.#@문장구분# \n여기서 봉건적 사고 방식을 바꾸고 유학길에 오르지만 형식과 선형을 만나게 된다.#@문장구분# 셋의 불협화음이 생기기도 했지만  이들은 수재민을 돕는 활동을 하며 미래를 이끌어갈 역군으로 마무리 된다.#@문장구분#\n전체줄거리를 다읽어 보지는 못했지만 근대화를 다루고 있는 대한민국 최초 근대소설임을 알수있었다.#@문장구분#",
      "paragraph_len": 894,
      "paragraph_id": "001"
    }
  ],
  "score": {
    "paragraph_score": [
      {
        "paragraph_scoreT": [
          3,
          3,
          2
        ],
        "paragraph_scoreT_detail": {
          "paragraph_scoreT_exp": [
            [
              3,
              3,
              3
            ],
            [
              3,
              3,
              3
            ],
            [
              2,
              2,
              2
            ]
          ]
        },
        "paragraph_scoreT_avg": 2.6666667,
        "paragraph_id": "001"
      }
    ],
    "essay_scoreT": [
      29.777779,
      26.222221,
      22.944445
    ],
    "essay_scoreT_avg": 26.314814,
    "essay_scoreT_detail": {
      "essay_scoreT_org": [
        [
          3,
          3,
          3,
          2
        ],
        [
          2,
          3,
          3,
          2
        ],
        [
          2,
          2,
          3,
          2
        ]
      ],
      "essay_scoreT_cont": [
        [
          3,
          3,
          0,
          3
        ],
        [
          3,
          2,
          0,
          2
        ],
        [
          3,
          2,
          0,
          3
        ]
      ],
      "essay_scoreT_exp": [
        [
          3,
          3,
          3
        ],
        [
          3,
          3,
          2
        ],
        [
          2,
          2,
          2
        ]
      ]
    }
  },
  "student": {
    "date": "2021.09.07",
    "student_educated": true,
    "student_grade": "고등_1학년",
    "location": "051",
    "student_grade_group": "고등",
    "student_reading": 1
  },
  "rubric": {
    "essay_grade": "고등_1학년",
    "organization_weight": {
      "org_paragraph": 2,
      "org": 2,
      "org_essay": 4,
      "org_coherence": 2,
      "org_quantity": 1
    },
    "essay_type": "설명글",
    "content_weight": {
      "con_clearance": 4,
      "con_novelty": 3,
      "con": 4,
      "con_prompt": 0,
      "con_description": 1
    },
    "essay_main_subject": "영화/독서감상문",
    "expression_weight": {
      "exp_style": 1,
      "exp_grammar": 2,
      "exp_vocab": 3,
      "exp": 4
    }
  },
  "correction": [],
  "info": {
    "essay_id": "ESSAY_34402",
    "essay_prompt": " 영화에는 로맨스, 액션, 스릴러 등 정말 많은 장르가 있습니다. 사람마다 좋아하는 장르가 있고 절대 보지 않는 장르도 있습니다.\r\n\r\n 독서도 마찬가지입니다. 소설, 수필, 시, 만화, 위인전 등 여러가지 장르가 있습니다.\r\n\r\n 여러분은 어떤 장르를 좋아하나요? 그리고 해당 장르에서 가장 재미있게 봤던 영화나 책은 무엇인가요?\r\n\r\n 자신이 봤던 영화 혹은 책을 한 편 선정하여 주제와 내용 그리고 느낀점을 감상문으로 작성해주세요.",
    "essay_type": "설명글",
    "essay_level": "3",
    "essay_len": 594,
    "essay_main_subject": "영화/독서감상문"
  }
}