{
  "paragraph": [
    {
      "paragraph_txt": "요즘의 트렌드는 레트로 입니다.#@문장구분# 이 처럼 과거의 일은 과거의 일뿐이라는 일념하나에 과거를 무시하면 안됩니다.#@문장구분# 과거의 일로 우리는 현재를 만들고 미래를 예측한다는 말이 있듯이 이 책은 토목공학의 역사를 말하고 있습니다.#@문장구분# 로마사람들이 만든 콘크리트, 911테러로인한 피해.#@문장구분# 하지만 그것을 막을수있는 현재 그리고 각종 다양한 사고를 다루고 있습니다.#@문장구분# 우리가 만약에 로마 유적지를 잘 조사를 안했다면 우리 주위에 있는 무수히 많은 콘크리트를 볼 수 없을 것입니다.#@문장구분# 그리고 각종 건축물에 대한 사고가 없었다면 현재 우리가 다리로 딛고 일어나 있는 이 구조물이 언제 무너질지 모르고 두려움에 살아야합니다.#@문장구분# 이렇게 우리는 과거는 과거일뿐이라며 과거를 등한시하는 것 처럼 보이지만 우리는 그래서는 안되고 과거를 더욱더 생각을 하고 그러므로 더 나은 현재를 만들어야합니다.#@문장구분# 저는 이 책을앞만 달리고 있는 친구들 그리고 어른들 아니 모든 사람에게 추천해 주고 싶습니다.#@문장구분# 이 책처럼 우리는 과거를 통해 현재를 만들어내고 그 현재를 토대로 미래를 건축해가야 합니다.#@문장구분#",
      "paragraph_len": 728,
      "paragraph_id": "001"
    }
  ],
  "score": {
    "paragraph_score": [
      {
        "paragraph_scoreT": [
          2.6666667,
          2,
          1.8333334
        ],
        "paragraph_scoreT_detail": {
          "paragraph_scoreT_exp": [
            [
              2,
              3,
              3
            ],
            [
              2,
              2,
              2
            ],
            [
              2,
              2,
              1
            ]
          ]
        },
        "paragraph_scoreT_avg": 2.1666667,
        "paragraph_id": "001"
      }
    ],
    "essay_scoreT": [
      28.222221,
      22.5,
      17.722221
    ],
    "essay_scoreT_avg": 22.814814,
    "essay_scoreT_detail": {
      "essay_scoreT_org": [
        [
          3,
          3,
          3,
          1
        ],
        [
          2,
          2,
          2,
          2
        ],
        [
          1,
          2,
          2,
          1
        ]
      ],
      "essay_scoreT_cont": [
        [
          3,
          3,
          0,
          3
        ],
        [
          3,
          2,
          0,
          3
        ],
        [
          2,
          2,
          0,
          1
        ]
      ],
      "essay_scoreT_exp": [
        [
          2,
          3,
          3
        ],
        [
          2,
          2,
          2
        ],
        [
          2,
          2,
          1
        ]
      ]
    }
  },
  "student": {
    "date": "2021.09.13",
    "student_educated": true,
    "student_grade": "고등_1학년",
    "location": "063",
    "student_grade_group": "고등",
    "student_reading": 1
  },
  "rubric": {
    "essay_grade": "고등_1학년",
    "organization_weight": {
      "org_paragraph": 2,
      "org": 2,
      "org_essay": 4,
      "org_coherence": 2,
      "org_quantity": 1
    },
    "essay_type": "설명글",
    "content_weight": {
      "con_clearance": 4,
      "con_novelty": 3,
      "con": 4,
      "con_prompt": 0,
      "con_description": 1
    },
    "essay_main_subject": "영화/독서감상문",
    "expression_weight": {
      "exp_style": 1,
      "exp_grammar": 2,
      "exp_vocab": 3,
      "exp": 4
    }
  },
  "correction": [],
  "info": {
    "essay_id": "ESSAY_34574",
    "essay_prompt": " 영화에는 로맨스, 액션, 스릴러 등 정말 많은 장르가 있습니다. 사람마다 좋아하는 장르가 있고 절대 보지 않는 장르도 있습니다.\r\n\r\n 독서도 마찬가지입니다. 소설, 수필, 시, 만화, 위인전 등 여러가지 장르가 있습니다.\r\n\r\n 여러분은 어떤 장르를 좋아하나요? 그리고 해당 장르에서 가장 재미있게 봤던 영화나 책은 무엇인가요?\r\n\r\n 자신이 봤던 영화 혹은 책을 한 편 선정하여 주제와 내용 그리고 느낀점을 감상문으로 작성해주세요.",
    "essay_type": "설명글",
    "essay_level": "3",
    "essay_len": 528,
    "essay_main_subject": "영화/독서감상문"
  }
}