{
  "paragraph": [
    {
      "paragraph_txt": "이 책은 실화를 바탕으로 쓰여진 책 이다.#@문장구분#\n1800년대를 바탕으로 쓰여져 있는 책이고 뉴욕시민인 솔로몬 노셥이 납치되어서 단 하루만에 플렛으로 변화는 내용이다.#@문장구분# 그리고 무려 반년 동안 플랫이라는 이름으로 살아가다가 목화 공장에서 구출 되는 일을 쓰고 있다.#@문장구분# 뉴욕시엔이었던 노섭을 일 때문에 워싱턴시로 갔다가 납치되어서 노예 시장으로 끌려가 자유를 박탈당하고 구타를 당하는 등의 수모를 격다가 팔려가게 된다.#@문장구분# \n심지어 노섭 혼자 당한 일이 아니라 다른 사람도 함께 있었다는 것을 보면 1800년대에는 이런 일들이 드물지 않게 일어났다는 것이 충격적 이었다.#@문장구분# 지금으로부터 얼마 되지도 않는 시기에 그런 일들이 있어 남다른 것이 마치 그냥 소설 같았다.#@문장구분# 20년 넘은 세월간 노섭이었던 자유인이 단 하루만에 플랫이라는 노예로 전략해 어렸을때의 심정을 절대로 이해 할수 없을 것이다.#@문장구분# 다시는 이런일이 없어야 한다고 생각한다.#@문장구분# 이 책속에서 가장 인상 깊었던 문장은 `그 날 밤의 무시무시한 고통의 기억은 무덤까지 날 따라다닐 것이다` 이다.#@문장구분# 이 문장을 노예 생활을 이미 끝낸 노섭도 절대 잊지 못할 만큼 깊은 상처가 되었다는 의미 일거 같기 때문이다.#@문장구분#",
      "paragraph_len": 782,
      "paragraph_id": "001"
    }
  ],
  "score": {
    "paragraph_score": [
      {
        "paragraph_scoreT": [
          3,
          3,
          1.8333334
        ],
        "paragraph_scoreT_detail": {
          "paragraph_scoreT_exp": [
            [
              3,
              3,
              3
            ],
            [
              3,
              3,
              3
            ],
            [
              2,
              2,
              1
            ]
          ]
        },
        "paragraph_scoreT_avg": 2.6111112,
        "paragraph_id": "001"
      }
    ],
    "essay_scoreT": [
      30,
      26.666666,
      15.388889
    ],
    "essay_scoreT_avg": 24.018518,
    "essay_scoreT_detail": {
      "essay_scoreT_org": [
        [
          3,
          3,
          3,
          3
        ],
        [
          2,
          3,
          3,
          1
        ],
        [
          2,
          1,
          2,
          2
        ]
      ],
      "essay_scoreT_cont": [
        [
          3,
          3,
          0,
          3
        ],
        [
          3,
          2,
          0,
          2
        ],
        [
          1,
          1,
          0,
          2
        ]
      ],
      "essay_scoreT_exp": [
        [
          3,
          3,
          3
        ],
        [
          3,
          3,
          3
        ],
        [
          2,
          2,
          1
        ]
      ]
    }
  },
  "student": {
    "date": "2021.09.07",
    "student_educated": true,
    "student_grade": "고등_1학년",
    "location": "051",
    "student_grade_group": "고등",
    "student_reading": 2
  },
  "rubric": {
    "essay_grade": "고등_1학년",
    "organization_weight": {
      "org_paragraph": 2,
      "org": 2,
      "org_essay": 4,
      "org_coherence": 2,
      "org_quantity": 1
    },
    "essay_type": "설명글",
    "content_weight": {
      "con_clearance": 4,
      "con_novelty": 3,
      "con": 4,
      "con_prompt": 0,
      "con_description": 1
    },
    "essay_main_subject": "영화/독서감상문",
    "expression_weight": {
      "exp_style": 1,
      "exp_grammar": 2,
      "exp_vocab": 3,
      "exp": 4
    }
  },
  "correction": [],
  "info": {
    "essay_id": "ESSAY_34182",
    "essay_prompt": " 영화에는 로맨스, 액션, 스릴러 등 정말 많은 장르가 있습니다. 사람마다 좋아하는 장르가 있고 절대 보지 않는 장르도 있습니다.\r\n\r\n 독서도 마찬가지입니다. 소설, 수필, 시, 만화, 위인전 등 여러가지 장르가 있습니다.\r\n\r\n 여러분은 어떤 장르를 좋아하나요? 그리고 해당 장르에서 가장 재미있게 봤던 영화나 책은 무엇인가요?\r\n\r\n 자신이 봤던 영화 혹은 책을 한 편 선정하여 주제와 내용 그리고 느낀점을 감상문으로 작성해주세요.",
    "essay_type": "설명글",
    "essay_level": "3",
    "essay_len": 584,
    "essay_main_subject": "영화/독서감상문"
  }
}