{
  "paragraph": [
    {
      "paragraph_txt": "평소에도 제 4차 산업 혁명에 대해 관심이 많았는데 이 책을 읽고 더 관심이 생겼다.#@문장구분# 이 책은 제 4차 산업혁명에 대해서 그 어떤 책보다 자세히 설명한다고  장담한다.#@문장구분# 무엇보다 내 관심에 끌렸던 내용은 블록 체인 기술이다.#@문장구분# 블록체인이라는 기술은 인공지능에 없어서는 안되는 기술이다.#@문장구분# 내꿈이 인공지능을 만드는것인데 이책에서 그 인공지능의 기본 기술을 가르쳐주어서 좋앗다.#@문장구분# 블록체인이라는 것은  인공지능이 자아 학습을 할때 여러번 반복해서 학습해서보다 나은 방향으로 가는것이다.#@문장구분# 이것은 빅데이터에 기반이되어있는데 빅테이터는 기본적으로 수백에서 수만의 자료를 뜻한다.#@문장구분# 이자료들을 하나하나 컴퓨터가 파악해 인공진능이라는것을 이루고 잇는것이다.#@문장구분#\n나는 이러한 인공지능을 만드는 컴퓨터 과학자가 되고싶다.#@문장구분# 그래서 현재 구글처럼 이사회에 크게 기여하고싶다.#@문장구분#",
      "paragraph_len": 615,
      "paragraph_id": "001"
    }
  ],
  "score": {
    "paragraph_score": [
      {
        "paragraph_scoreT": [
          2,
          2,
          1.5
        ],
        "paragraph_scoreT_detail": {
          "paragraph_scoreT_exp": [
            [
              2,
              2,
              2
            ],
            [
              2,
              2,
              2
            ],
            [
              1,
              2,
              1
            ]
          ]
        },
        "paragraph_scoreT_avg": 1.8333334,
        "paragraph_id": "001"
      }
    ],
    "essay_scoreT": [
      19.277779,
      21.5,
      15.388889
    ],
    "essay_scoreT_avg": 18.722223,
    "essay_scoreT_detail": {
      "essay_scoreT_org": [
        [
          2,
          2,
          2,
          1
        ],
        [
          2,
          2,
          2,
          2
        ],
        [
          1,
          2,
          2,
          1
        ]
      ],
      "essay_scoreT_cont": [
        [
          2,
          2,
          0,
          1
        ],
        [
          2,
          3,
          0,
          2
        ],
        [
          2,
          1,
          0,
          2
        ]
      ],
      "essay_scoreT_exp": [
        [
          2,
          2,
          2
        ],
        [
          2,
          2,
          2
        ],
        [
          1,
          2,
          1
        ]
      ]
    }
  },
  "student": {
    "date": "2021.09.10",
    "student_educated": true,
    "student_grade": "고등_1학년",
    "location": "063",
    "student_grade_group": "고등",
    "student_reading": 1
  },
  "rubric": {
    "essay_grade": "고등_1학년",
    "organization_weight": {
      "org_paragraph": 2,
      "org": 2,
      "org_essay": 4,
      "org_coherence": 2,
      "org_quantity": 1
    },
    "essay_type": "설명글",
    "content_weight": {
      "con_clearance": 4,
      "con_novelty": 3,
      "con": 4,
      "con_prompt": 0,
      "con_description": 1
    },
    "essay_main_subject": "영화/독서감상문",
    "expression_weight": {
      "exp_style": 1,
      "exp_grammar": 2,
      "exp_vocab": 3,
      "exp": 4
    }
  },
  "correction": [],
  "info": {
    "essay_id": "ESSAY_34643",
    "essay_prompt": " 영화에는 로맨스, 액션, 스릴러 등 정말 많은 장르가 있습니다. 사람마다 좋아하는 장르가 있고 절대 보지 않는 장르도 있습니다.\r\n\r\n 독서도 마찬가지입니다. 소설, 수필, 시, 만화, 위인전 등 여러가지 장르가 있습니다.\r\n\r\n 여러분은 어떤 장르를 좋아하나요? 그리고 해당 장르에서 가장 재미있게 봤던 영화나 책은 무엇인가요?\r\n\r\n 자신이 봤던 영화 혹은 책을 한 편 선정하여 주제와 내용 그리고 느낀점을 감상문으로 작성해주세요.",
    "essay_type": "설명글",
    "essay_level": "3",
    "essay_len": 416,
    "essay_main_subject": "영화/독서감상문"
  }
}