{
  "paragraph": [
    {
      "paragraph_txt": "제가 최근에 봤던 영화인 '모가디슈'로 영화감상문을 작성하겠습니다.#@문장구분#\n이 영화의 줄거리를 간단히 소개하자면 86년 아시안게임과 88년 서울 올림픽을 통해 국제 사회에 대한민국을 알렸다.#@문장구분# 내친김에 UN 가입을 위해서 1991년 바쁘게 움직인다.#@문장구분# 소말리아의 수도 즉 '모가디슈'에서 일촉즉발 내전이 발생한다.#@문장구분# 내전으로 인해 대한민국 대사관의 직원과 가족들은 연락수단이 끊겨 버린다.#@문장구분# 그러던 중 북한 대사관의 일행들이 도움을 요청하면서 한국 대사관에 함께 있는다.#@문장구분# 그들은 살아남기 위해서 최선을 다했으며 한국 대사관 일행과 북한 대사관 일행이 함께 이탈리아 구조기를 타고 탈출하는 이야기이다.#@문장구분#\n영화의 제목인 '모가디슈'는 소말리아에 있는 항구 도시의 이름이다.#@문장구분# 장르는 액션과 드라마라서 그런지 재미있었고, 실화를 바탕으로 한 영화였기에 조금 더 실감나게 보았던거 같다.#@문장구분# 영화의 배경을 봤을때 반군들이 정부군을 죽이고 대사관 일행들을 위협하는것으로 보았을때 그때 당시 분위기가 살벌했고 왜 북한 대사관 일행들이 자존심을 버리고 한국 대사관 일행에게 도움을 요청한지 알것 같았다.#@문장구분#  그리고 인상깊게 본 장면은 구조기 안에서 북한 대사관 일행과 한국 대사관 일행이 인사를 나누는 장면이 인상 깊었다.#@문장구분#  왜냐하면 처음에는 서로를 믿지 못했지만, 함께 탈출했다는 것으로 보았을때 서로를 믿고 의지를 했으며 마지막 장면에서 북한 대사관 일행들과 한국 대사관 일행들이 헤어지는 장면과 눈 한번 못 마주친다 는 현실을 생각하며 볼때 조금 슬펐다.#@문장구분#  이런 실화를 바탕으로 한 영화였기에 더 실감나게 보았고 이 영화는 감동까지 더해져서 더 재미있게 보았던 것 같다.#@문장구분#",
      "paragraph_len": 1066,
      "paragraph_id": "001"
    }
  ],
  "score": {
    "paragraph_score": [
      {
        "paragraph_scoreT": [
          2.8333333,
          2.5,
          2.8333333
        ],
        "paragraph_scoreT_detail": {
          "paragraph_scoreT_exp": [
            [
              3,
              3,
              2
            ],
            [
              2,
              3,
              2
            ],
            [
              3,
              3,
              2
            ]
          ]
        },
        "paragraph_scoreT_avg": 2.722222,
        "paragraph_id": "001"
      }
    ],
    "essay_scoreT": [
      27.61111,
      24.666666,
      28.833332
    ],
    "essay_scoreT_avg": 27.037039,
    "essay_scoreT_detail": {
      "essay_scoreT_org": [
        [
          3,
          3,
          3,
          2
        ],
        [
          2,
          2,
          3,
          3
        ],
        [
          3,
          3,
          3,
          3
        ]
      ],
      "essay_scoreT_cont": [
        [
          3,
          2,
          0,
          3
        ],
        [
          2,
          3,
          0,
          3
        ],
        [
          3,
          3,
          0,
          2
        ]
      ],
      "essay_scoreT_exp": [
        [
          3,
          3,
          2
        ],
        [
          2,
          3,
          2
        ],
        [
          3,
          3,
          2
        ]
      ]
    }
  },
  "student": {
    "date": "2021.09.13",
    "student_educated": true,
    "student_grade": "고등_1학년",
    "location": "051",
    "student_grade_group": "고등",
    "student_reading": 1
  },
  "rubric": {
    "essay_grade": "고등_1학년",
    "organization_weight": {
      "org_paragraph": 2,
      "org": 2,
      "org_essay": 4,
      "org_coherence": 2,
      "org_quantity": 1
    },
    "essay_type": "설명글",
    "content_weight": {
      "con_clearance": 4,
      "con_novelty": 3,
      "con": 4,
      "con_prompt": 0,
      "con_description": 1
    },
    "essay_main_subject": "영화/독서감상문",
    "expression_weight": {
      "exp_style": 1,
      "exp_grammar": 2,
      "exp_vocab": 3,
      "exp": 4
    }
  },
  "correction": [],
  "info": {
    "essay_id": "ESSAY_33970",
    "essay_prompt": " 영화에는 로맨스, 액션, 스릴러 등 정말 많은 장르가 있습니다. 사람마다 좋아하는 장르가 있고 절대 보지 않는 장르도 있습니다.\r\n\r\n 독서도 마찬가지입니다. 소설, 수필, 시, 만화, 위인전 등 여러가지 장르가 있습니다.\r\n\r\n 여러분은 어떤 장르를 좋아하나요? 그리고 해당 장르에서 가장 재미있게 봤던 영화나 책은 무엇인가요?\r\n\r\n 자신이 봤던 영화 혹은 책을 한 편 선정하여 주제와 내용 그리고 느낀점을 감상문으로 작성해주세요.",
    "essay_type": "설명글",
    "essay_level": "3",
    "essay_len": 812,
    "essay_main_subject": "영화/독서감상문"
  }
}