{
  "paragraph": [
    {
      "paragraph_txt": "이 알기쉬운 건축이야기라는 책은 전문가가 자신의 아이를 위해 건축학 전공책을 읽어주는 듯한 느낌을 줍니다.#@문장구분# 쉽게 풀어쓴 지식에 관련된 이야기가 건축이 어렵다고 생각하던 저의 선입견을 부서준 책입니다.#@문장구분# 이 책은 건축의 역사, 예를 들면 우리가 흔히 쓰던 콘크리트는 보통 사람들이 요즘 즉 그다지 오래됬지 않은 건축자재라고 생각을 하는데 사실은 로마시대때 로마 사람들이 만들어썻습니다.#@문장구분# 그리고 건축의 원리 트러스트교의 힘의 분산이라던가 왜 그냥 콘크리트말고 철근 콘크리트를 쓰는가 등 건축의 원리, 요즘 건축의 트렌드 요즘은 직선말고 곡선을 많이 사용한다고 합니다.#@문장구분# 우리가 주위에 있는 아이파크나 제니스같은 경우도 직선보다는 곡선이 많은 대표적인 경우라고 할수 있습니다.#@문장구분# 이렇게 우리가 흔히 알고있는 건축에 관련된 이야기를 쉽게 풀어쓴 책입니다.#@문장구분# 이 책은 건축에 관련이 많은 학생들에게 꼭 추천을 해주고싶은 책입니다.#@문장구분# 이 책을 읽으면 자신이 건축에 재미가 없다고해도 자연스럽게 건축에 관심을 가질 수 있는 책입니다.#@문장구분# 저의 꿈은 건축가인데 이 책을 읽고 건축에 대한 지식을 한층 더 높였으며, 얼마나 건축이 재밌는 학문인지 다시한번 깨달을 수 있었던 재밌는 책 이였습니다.#@문장구분# 이 책은 건축과에 전공하고 싶은 학생들에게 꼭 추천해주고 싶은 책입니다.#@문장구분#",
      "paragraph_len": 838,
      "paragraph_id": "001"
    }
  ],
  "score": {
    "paragraph_score": [
      {
        "paragraph_scoreT": [
          1.6666666,
          2,
          1.8333334
        ],
        "paragraph_scoreT_detail": {
          "paragraph_scoreT_exp": [
            [
              1,
              2,
              2
            ],
            [
              2,
              2,
              2
            ],
            [
              2,
              2,
              1
            ]
          ]
        },
        "paragraph_scoreT_avg": 1.8333334,
        "paragraph_id": "001"
      }
    ],
    "essay_scoreT": [
      18.444445,
      20,
      17.5
    ],
    "essay_scoreT_avg": 18.648148,
    "essay_scoreT_detail": {
      "essay_scoreT_org": [
        [
          2,
          2,
          2,
          1
        ],
        [
          2,
          2,
          2,
          2
        ],
        [
          1,
          2,
          1,
          2
        ]
      ],
      "essay_scoreT_cont": [
        [
          2,
          2,
          0,
          2
        ],
        [
          2,
          2,
          0,
          2
        ],
        [
          2,
          2,
          0,
          1
        ]
      ],
      "essay_scoreT_exp": [
        [
          1,
          2,
          2
        ],
        [
          2,
          2,
          2
        ],
        [
          2,
          2,
          1
        ]
      ]
    }
  },
  "student": {
    "date": "2021.09.13",
    "student_educated": true,
    "student_grade": "고등_1학년",
    "location": "063",
    "student_grade_group": "고등",
    "student_reading": 1
  },
  "rubric": {
    "essay_grade": "고등_1학년",
    "organization_weight": {
      "org_paragraph": 2,
      "org": 2,
      "org_essay": 4,
      "org_coherence": 2,
      "org_quantity": 1
    },
    "essay_type": "설명글",
    "content_weight": {
      "con_clearance": 4,
      "con_novelty": 3,
      "con": 4,
      "con_prompt": 0,
      "con_description": 1
    },
    "essay_main_subject": "영화/독서감상문",
    "expression_weight": {
      "exp_style": 1,
      "exp_grammar": 2,
      "exp_vocab": 3,
      "exp": 4
    }
  },
  "correction": [],
  "info": {
    "essay_id": "ESSAY_34580",
    "essay_prompt": " 영화에는 로맨스, 액션, 스릴러 등 정말 많은 장르가 있습니다. 사람마다 좋아하는 장르가 있고 절대 보지 않는 장르도 있습니다.\r\n\r\n 독서도 마찬가지입니다. 소설, 수필, 시, 만화, 위인전 등 여러가지 장르가 있습니다.\r\n\r\n 여러분은 어떤 장르를 좋아하나요? 그리고 해당 장르에서 가장 재미있게 봤던 영화나 책은 무엇인가요?\r\n\r\n 자신이 봤던 영화 혹은 책을 한 편 선정하여 주제와 내용 그리고 느낀점을 감상문으로 작성해주세요.",
    "essay_type": "설명글",
    "essay_level": "3",
    "essay_len": 638,
    "essay_main_subject": "영화/독서감상문"
  }
}