{
  "paragraph": [
    {
      "paragraph_txt": "나는 경찰이 꿈이다.#@문장구분# 그 중에서 형사가 되는게 나의 최종 목표이다.#@문장구분# 이 책의 저자는 #@이름# 경찰관님 이시다.#@문장구분# 이 분은 형사이시고 범죄에 얽힌 이야기를 하나하나 풀어 주셨다.#@문장구분# #@이름# 경찰관 분께서는 경찰에 대한 사명감이 대단 하시다.#@문장구분# 경찰이 되기전 여러 직업들은 전부 길어야 3달 이라고 하셨다.#@문장구분#  하지만 경찰 경력 31년을 하는동안 단 한번도 후회를 한적이 없다고 한다.#@문장구분# 훌륭한 직업을 갖는것도 물론 중요하지만 자신의 적성에 맞는 직업을 고르는 것도 중요하다고 생각했다.#@문장구분# 이 책은 어려운 형사 단어들도 쉽게 다시 알려주어서 좋았다.#@문장구분# 목차에는 상상,의심,근성,기지,추적,체포,증거,경청 부분이 있는데 의심 부분이 제일 깊게 와 닿았다.#@문장구분# 나는 추리하는걸 좋아하는 데 그 과정에서 여러가지 의심을 하면서 정답을 찾아가는게 정말 짜릿하다.#@문장구분# 한 해 동안 교통사고로 사망하는 사람이 3000~4000명 정도 라고 한다.#@문장구분# 생각 보다 많은 분들이 유명을 달리한다.#@문장구분# 그나마 고의적인 살인사건이 아닌게 나은것인데 시신이 많이 훼손되어서 유가족 분들은 정말 슬퍼하신다.#@문장구분# 그런데 교통사고를 가장한 보험살인이 있었다고 한다.#@문장구분# 그게 형사분의 가장 잡기 어려웠던 사건이라고 한다.#@문장구분# 부패한 경찰관 분들도 있는 반면에 이렇게 열정적인 경찰관 분들을 보니 나의 열정도 함께 타오르는 것 같다.#@문장구분# 이 책은 주변인들에게도 추천 하고 싶다.#@문장구분#",
      "paragraph_len": 1062,
      "paragraph_id": "001"
    }
  ],
  "score": {
    "paragraph_score": [
      {
        "paragraph_scoreT": [
          2,
          2.3333333,
          2.5
        ],
        "paragraph_scoreT_detail": {
          "paragraph_scoreT_exp": [
            [
              2,
              2,
              2
            ],
            [
              3,
              2,
              2
            ],
            [
              2,
              3,
              2
            ]
          ]
        },
        "paragraph_scoreT_avg": 2.2777777,
        "paragraph_id": "001"
      }
    ],
    "essay_scoreT": [
      20,
      24.222221,
      26.88889
    ],
    "essay_scoreT_avg": 23.703705,
    "essay_scoreT_detail": {
      "essay_scoreT_org": [
        [
          2,
          2,
          2,
          2
        ],
        [
          2,
          3,
          3,
          2
        ],
        [
          2,
          3,
          3,
          2
        ]
      ],
      "essay_scoreT_cont": [
        [
          2,
          2,
          0,
          2
        ],
        [
          3,
          2,
          0,
          2
        ],
        [
          3,
          3,
          0,
          3
        ]
      ],
      "essay_scoreT_exp": [
        [
          2,
          2,
          2
        ],
        [
          3,
          2,
          2
        ],
        [
          2,
          3,
          2
        ]
      ]
    }
  },
  "student": {
    "date": "2021.09.07",
    "student_educated": true,
    "student_grade": "고등_1학년",
    "location": "051",
    "student_grade_group": "고등",
    "student_reading": 1
  },
  "rubric": {
    "essay_grade": "고등_1학년",
    "organization_weight": {
      "org_paragraph": 2,
      "org": 2,
      "org_essay": 4,
      "org_coherence": 2,
      "org_quantity": 1
    },
    "essay_type": "설명글",
    "content_weight": {
      "con_clearance": 4,
      "con_novelty": 3,
      "con": 4,
      "con_prompt": 0,
      "con_description": 1
    },
    "essay_main_subject": "영화/독서감상문",
    "expression_weight": {
      "exp_style": 1,
      "exp_grammar": 2,
      "exp_vocab": 3,
      "exp": 4
    }
  },
  "correction": [],
  "info": {
    "essay_id": "ESSAY_34217",
    "essay_prompt": " 영화에는 로맨스, 액션, 스릴러 등 정말 많은 장르가 있습니다. 사람마다 좋아하는 장르가 있고 절대 보지 않는 장르도 있습니다.\r\n\r\n 독서도 마찬가지입니다. 소설, 수필, 시, 만화, 위인전 등 여러가지 장르가 있습니다.\r\n\r\n 여러분은 어떤 장르를 좋아하나요? 그리고 해당 장르에서 가장 재미있게 봤던 영화나 책은 무엇인가요?\r\n\r\n 자신이 봤던 영화 혹은 책을 한 편 선정하여 주제와 내용 그리고 느낀점을 감상문으로 작성해주세요.",
    "essay_type": "설명글",
    "essay_level": "3",
    "essay_len": 673,
    "essay_main_subject": "영화/독서감상문"
  }
}