{
  "paragraph": [
    {
      "paragraph_txt": "이 책의제목을 처음 봤을 때 나는 이책이 환경문제의 해결책을 다루는 내용임을 짐작 할 수 있었다.#@문장구분# 나는 평소에 환경문제에 관심이 많은 편이라서 환경문제에 관련된 여러 영화나 글들을 많이 찾아 봤었다.#@문장구분# 그렇기에 이 책은 나의 흥미를 자극했다.#@문장구분# 이 책은 처음에 지구 온난화와 온실효과에 대해 설명하고 있다.#@문장구분# 이렇게 현재 지구에 사는 우리들에게 닥친 문제를 제시하고 이후에는 해결책들을 제시한다.#@문장구분# 가장처음에는 우리들이 이동수단으로 가장 많이 사용하는 자동차에 대한 해결책을 제시한다.#@문장구분# 환경을 오염시키지 않는 하이브리드 자동차와 전기 자동차가 나오는데 이들은 에너지를 많이 사용한다는 문제점이 있었다.#@문장구분# 그래서 태양이나 바람등의 천연 에너지를 이용하거나 음식을 쓰레기를 연로로 하는 자동차들이 있다는 것을 알려준다.#@문장구분# 개인적으로 음식을 쓰레기를 연료로 사용하는 자동차는 음식물쓰레기 문제도 해결할 수 있고 환경도 보호할 수 없어서 정말 괜찮은 아이디어라 생각한다.#@문장구분# 이후에는 친환경에너지를 이용한 친환경 주거와 학교에 대해 설명하고 친환경 농법을 이용한 작물들도 소재되어 있다. #@문장구분#이 책을 읽던중에 정말 마음에 남았던 문장이 하나 있다.#@문장구분# \"Science can help us, the ultimate choice is curs\"라는 문장이다.#@문장구분# 우리 인류는 정말 많은 과학기술의 발전으로 성장해 왔고 더욱더 편리한 삶을 살 수 있게 되었다.#@문장구분# 하지만 이러한 발전 속에 환경은 파괴되어 왔다.#@문장구분# 이제는 더 이상 환경문제를 묵인할 수 없다.#@문장구분# 우리의 발전속도와 함께 환경 또한 빨리 파괴되었고 환경이 다시 회보되는 속도는 너무 느리다.#@문장구분# 제발 이제라도 바로잡으며서 우리의 후손들에게 아름다운지구를 물려줬으면 좋겠다.#@문장구분#",
      "paragraph_len": 1173,
      "paragraph_id": "001"
    }
  ],
  "score": {
    "paragraph_score": [
      {
        "paragraph_scoreT": [
          3,
          3,
          1.5
        ],
        "paragraph_scoreT_detail": {
          "paragraph_scoreT_exp": [
            [
              3,
              3,
              3
            ],
            [
              3,
              3,
              3
            ],
            [
              1,
              2,
              1
            ]
          ]
        },
        "paragraph_scoreT_avg": 2.5,
        "paragraph_id": "001"
      }
    ],
    "essay_scoreT": [
      30,
      27.11111,
      19.5
    ],
    "essay_scoreT_avg": 25.537039,
    "essay_scoreT_detail": {
      "essay_scoreT_org": [
        [
          3,
          3,
          3,
          3
        ],
        [
          2,
          3,
          3,
          3
        ],
        [
          2,
          2,
          2,
          2
        ]
      ],
      "essay_scoreT_cont": [
        [
          3,
          3,
          0,
          3
        ],
        [
          3,
          2,
          0,
          2
        ],
        [
          2,
          3,
          0,
          2
        ]
      ],
      "essay_scoreT_exp": [
        [
          3,
          3,
          3
        ],
        [
          3,
          3,
          3
        ],
        [
          1,
          2,
          1
        ]
      ]
    }
  },
  "student": {
    "date": "2021.09.07",
    "student_educated": true,
    "student_grade": "고등_1학년",
    "location": "051",
    "student_grade_group": "고등",
    "student_reading": 3
  },
  "rubric": {
    "essay_grade": "고등_1학년",
    "organization_weight": {
      "org_paragraph": 2,
      "org": 2,
      "org_essay": 4,
      "org_coherence": 2,
      "org_quantity": 1
    },
    "essay_type": "설명글",
    "content_weight": {
      "con_clearance": 4,
      "con_novelty": 3,
      "con": 4,
      "con_prompt": 0,
      "con_description": 1
    },
    "essay_main_subject": "영화/독서감상문",
    "expression_weight": {
      "exp_style": 1,
      "exp_grammar": 2,
      "exp_vocab": 3,
      "exp": 4
    }
  },
  "correction": [],
  "info": {
    "essay_id": "ESSAY_34160",
    "essay_prompt": " 영화에는 로맨스, 액션, 스릴러 등 정말 많은 장르가 있습니다. 사람마다 좋아하는 장르가 있고 절대 보지 않는 장르도 있습니다.\r\n\r\n 독서도 마찬가지입니다. 소설, 수필, 시, 만화, 위인전 등 여러가지 장르가 있습니다.\r\n\r\n 여러분은 어떤 장르를 좋아하나요? 그리고 해당 장르에서 가장 재미있게 봤던 영화나 책은 무엇인가요?\r\n\r\n 자신이 봤던 영화 혹은 책을 한 편 선정하여 주제와 내용 그리고 느낀점을 감상문으로 작성해주세요.",
    "essay_type": "설명글",
    "essay_level": "3",
    "essay_len": 834,
    "essay_main_subject": "영화/독서감상문"
  }
}