{
  "paragraph": [
    {
      "paragraph_txt": "이책을 읽게 된 동기는 곧 고등학교를 졸업하고 대학교에 들어갈 것인데. 내가 희망하는 학과인 전기전자학과에서는 물리학이 아주 중요하다는 글을 인터넷에서 알게 되었기 때문이다.#@문장구분# 또 내가 학생부 종합을 통해서 대학교에 들어갈 생각인데, 내가 2학년때 선택한 과학탐구 과목이 물리가 아닌 화학, 생명이기에 대학교에서 나를 평가할때 물리학을 배운적은 없지만 알려고 노력했어요.#@문장구분# 라고 보여지고 싶어서 이 책을 읽게 된 이유가 크다.#@문장구분#\n그렇다면 왜 물리학이 아닌 화학, 생명을 선택했냐고 물어볼수 있는데. 사실 처음에는 물리, 지구 과학을 선택할려고 했다.#@문장구분# 그런데 친구따라 강남간다는 말이 무섭지 않게 내 주변 친구들이다 화학, 생명을 선택했고 그 당시 수학선생님도 물리학은 많이 어렵다 라는 말씀을 해주셔서 상대적으로 쉬운 화학,생명을 하자! 라는 결론이 나오게 된 것이다.#@문장구분# 사실 지금와서 생각해보면 2학년 당시에 화학, 생명의 성적도 좋지 않았기에 그냥 물리, 지구과학을 선택할것 이라는 후회를 요즘 종종한다.#@문장구분# 그렇다고 어쩔것인가 내가 선택한 길인데 후회보단 내일을 봐야되는 법!#@문장구분# 아무튼 그렇기에 이 책을 읽게 되었다.#@문장구분#\n이책은 처음에는 물체의 움직임 에너지 등 힘에 대한 설명을 해준다.#@문장구분# 저자의 말에서 문과학생들도 알아 들을수 있도록 쉽게 설명했다고 했는데 정말 전문단어를 잘 모르는 나에게도 좋은 책이였다.#@문장구분# 그다음은 빛, 속도 등에 대한 설명을 주로 한다.#@문장구분#\n이책을 읽고 난 뒤에 느낀점은 물리학은 심오하다는 것이다.#@문장구분# 솔직히 아직까지는 물리학은 어렵다 라는 선입견이 너무 강한나머지 잘 읽히지 않는것 같다.#@문장구분# 그래도 계속 읽다가 보면 더 낫겠지 하는 마음에 책을 다 읽었다.#@문장구분# 나쁘지 않은 책이였다!#@문장구분#",
      "paragraph_len": 1132,
      "paragraph_id": "001"
    }
  ],
  "score": {
    "paragraph_score": [
      {
        "paragraph_scoreT": [
          3,
          2.8333333,
          2
        ],
        "paragraph_scoreT_detail": {
          "paragraph_scoreT_exp": [
            [
              3,
              3,
              3
            ],
            [
              3,
              3,
              2
            ],
            [
              2,
              2,
              2
            ]
          ]
        },
        "paragraph_scoreT_avg": 2.611111,
        "paragraph_id": "001"
      }
    ],
    "essay_scoreT": [
      30,
      26.722221,
      20.444445
    ],
    "essay_scoreT_avg": 25.722221,
    "essay_scoreT_detail": {
      "essay_scoreT_org": [
        [
          3,
          3,
          3,
          3
        ],
        [
          2,
          3,
          3,
          2
        ],
        [
          2,
          2,
          3,
          2
        ]
      ],
      "essay_scoreT_cont": [
        [
          3,
          3,
          0,
          3
        ],
        [
          3,
          2,
          0,
          3
        ],
        [
          2,
          2,
          0,
          2
        ]
      ],
      "essay_scoreT_exp": [
        [
          3,
          3,
          3
        ],
        [
          3,
          3,
          2
        ],
        [
          2,
          2,
          2
        ]
      ]
    }
  },
  "student": {
    "date": "2021.09.07",
    "student_educated": true,
    "student_grade": "고등_1학년",
    "location": "051",
    "student_grade_group": "고등",
    "student_reading": 1
  },
  "rubric": {
    "essay_grade": "고등_1학년",
    "organization_weight": {
      "org_paragraph": 2,
      "org": 2,
      "org_essay": 4,
      "org_coherence": 2,
      "org_quantity": 1
    },
    "essay_type": "설명글",
    "content_weight": {
      "con_clearance": 4,
      "con_novelty": 3,
      "con": 4,
      "con_prompt": 0,
      "con_description": 1
    },
    "essay_main_subject": "영화/독서감상문",
    "expression_weight": {
      "exp_style": 1,
      "exp_grammar": 2,
      "exp_vocab": 3,
      "exp": 4
    }
  },
  "correction": [],
  "info": {
    "essay_id": "ESSAY_34396",
    "essay_prompt": " 영화에는 로맨스, 액션, 스릴러 등 정말 많은 장르가 있습니다. 사람마다 좋아하는 장르가 있고 절대 보지 않는 장르도 있습니다.\r\n\r\n 독서도 마찬가지입니다. 소설, 수필, 시, 만화, 위인전 등 여러가지 장르가 있습니다.\r\n\r\n 여러분은 어떤 장르를 좋아하나요? 그리고 해당 장르에서 가장 재미있게 봤던 영화나 책은 무엇인가요?\r\n\r\n 자신이 봤던 영화 혹은 책을 한 편 선정하여 주제와 내용 그리고 느낀점을 감상문으로 작성해주세요.",
    "essay_type": "설명글",
    "essay_level": "3",
    "essay_len": 832,
    "essay_main_subject": "영화/독서감상문"
  }
}