{
  "paragraph": [
    {
      "paragraph_txt": "이 책 앞 표지 부분에 대한민국 경찰관을 꿈꾸는 이들에게 도움을 주고 싶다는 말을 보고 바로 읽게 되었다.#@문장구분# 저자의 원래 꿈은 경찰관\n이 아니었다고 한다.#@문장구분# 원래는 대학교수 였는데 집안형편이 안 좋아 어쩔 수 없이 포기 했다고 한다.#@문장구분# 저자는 경찰관 스펙 8종을 모두 가지고 있지 않았다고 한다.#@문장구분# 경찰 채용 과정에서 이것을 가지고 있어야 가산점을 받는다.#@문장구분# 그녀는 스펙보단 스토리가 있는 인재가 되고 싶어했다.#@문장구분# 참된 경찰이란것을 알 수있다.#@문장구분# 그녀는 인생에서 많이 망설이는 순간 들이 있었다고 한다.#@문장구분# 처음에는 경찰을 잘 할 수 있을까 에 대한 망설임 내가 책을 써도 될까에 대한 망설임 등 수많은 망설임을 했다고 한다.#@문장구분# 정답은 뭐라도 하는 것이다.#@문장구분# 망설인다는것을 이미 결정을 한거지만 다시 한번 확인 해보는거라고 한다.#@문장구분# 이 부분을 읽는 순간 나는 창피했다.#@문장구분# 망설이지 말고 뭐라도 해야겠다.#@문장구분# 또 중앙 경찰학교에서의 여러가지 에피소드를 봤는데 맨날 눈 치우고 맨날 뛰고 화장도 못 하고 자신들이 생각한 경찰관이랑 달랐다는 것이다.#@문장구분# 내가 경찰 관련 책들을 많이 읽어봤지만 이건 항상 있는 말이다.#@문장구분# 저자는 스펙 이런거 보다 열정,의지를 중요시 했다.#@문장구분# 마지막으로 책에 이런부분이 있었다.#@문장구분# \"젊은 경찰관이여 조국은 그대를 믿노라\"#@문장구분# 중앙경찰학교의 슬로건 인데 정말 내 심장을 뛰게 했다.#@문장구분# 뭐든지 도전하고 열정,의지를 가지는 경찰관이 되겠다.#@문장구분#",
      "paragraph_len": 1082,
      "paragraph_id": "001"
    }
  ],
  "score": {
    "paragraph_score": [
      {
        "paragraph_scoreT": [
          3,
          2.3333333,
          2
        ],
        "paragraph_scoreT_detail": {
          "paragraph_scoreT_exp": [
            [
              3,
              3,
              3
            ],
            [
              3,
              2,
              2
            ],
            [
              2,
              2,
              2
            ]
          ]
        },
        "paragraph_scoreT_avg": 2.4444444,
        "paragraph_id": "001"
      }
    ],
    "essay_scoreT": [
      30,
      23.777779,
      22.944445
    ],
    "essay_scoreT_avg": 25.574074,
    "essay_scoreT_detail": {
      "essay_scoreT_org": [
        [
          3,
          3,
          3,
          3
        ],
        [
          2,
          2,
          3,
          2
        ],
        [
          2,
          2,
          3,
          2
        ]
      ],
      "essay_scoreT_cont": [
        [
          3,
          3,
          0,
          3
        ],
        [
          3,
          2,
          0,
          2
        ],
        [
          3,
          2,
          0,
          3
        ]
      ],
      "essay_scoreT_exp": [
        [
          3,
          3,
          3
        ],
        [
          3,
          2,
          2
        ],
        [
          2,
          2,
          2
        ]
      ]
    }
  },
  "student": {
    "date": "2021.09.07",
    "student_educated": true,
    "student_grade": "고등_1학년",
    "location": "051",
    "student_grade_group": "고등",
    "student_reading": 2
  },
  "rubric": {
    "essay_grade": "고등_1학년",
    "organization_weight": {
      "org_paragraph": 2,
      "org": 2,
      "org_essay": 4,
      "org_coherence": 2,
      "org_quantity": 1
    },
    "essay_type": "설명글",
    "content_weight": {
      "con_clearance": 4,
      "con_novelty": 3,
      "con": 4,
      "con_prompt": 0,
      "con_description": 1
    },
    "essay_main_subject": "영화/독서감상문",
    "expression_weight": {
      "exp_style": 1,
      "exp_grammar": 2,
      "exp_vocab": 3,
      "exp": 4
    }
  },
  "correction": [],
  "info": {
    "essay_id": "ESSAY_34221",
    "essay_prompt": " 영화에는 로맨스, 액션, 스릴러 등 정말 많은 장르가 있습니다. 사람마다 좋아하는 장르가 있고 절대 보지 않는 장르도 있습니다.\r\n\r\n 독서도 마찬가지입니다. 소설, 수필, 시, 만화, 위인전 등 여러가지 장르가 있습니다.\r\n\r\n 여러분은 어떤 장르를 좋아하나요? 그리고 해당 장르에서 가장 재미있게 봤던 영화나 책은 무엇인가요?\r\n\r\n 자신이 봤던 영화 혹은 책을 한 편 선정하여 주제와 내용 그리고 느낀점을 감상문으로 작성해주세요.",
    "essay_type": "설명글",
    "essay_level": "3",
    "essay_len": 683,
    "essay_main_subject": "영화/독서감상문"
  }
}