{
  "paragraph": [
    {
      "paragraph_txt": "나는 주말에 헝거게임이라는 영화를 보았다 #@문장구분#이영화는 3부작으로된 영화이고 책으로 먼저 출간되고 나중에 영화로 제작된 작품이다#@문장구분# 이영화는 북미 대륙에 세워진 독재국가 판엠이라는 곳에서 일어나는 일이다.#@문장구분#  판엠에는 모든 부가 집중된 판엠의 수도 케피톨을 중심으로 13개의 식민지 같은 구역을 건설하게 되었는데 13구역 모두가 반란을 일으켰지만 실패하고 제13구역은 소멸당하며 본보기 및 체제유지를 위해 각 구역에서 12-18세의 남녀 두 명씩을 뽑아 한 명만 남을 때까지 죽도록 싸우게 만드는  헝거 게임을 개최한다#@문장구분# 여기서 12구역에 사는 주인공 캣니스 에버딘은 74번째 헝거 게임에 동생을 대신해서 나가게 된다.#@문장구분# 마지막에 모두죽고 같이 12구역에서온 캣니스 에버딘과 피타 멜라크 둘만 남개된다 서로를 죽일수없다.#@문장구분# 생각한 둘은 같이 독이든 딸기를 먹으려하자 둘다죽으면 반란이 일어날것이라고 생각한 케피톨에서는 둘다 살리기로한다.#@문장구분# 그런데 이일로 각구역의 민중들은 일어나기 시작하고 캣니스 에버딘을 중심으로 혁명이 일어나는 이야기 이다.#@문장구분#\n이영화는 여동생을 대신해 게임을 참가하는 가족밖에모르는 캣니스의 심정이 헝거게임 을 참가하면서 자신도 모르게 심적 변화가 일어나고 이를 TV로 보고있는 각구역의 민중들에게도 불씨를 심어주게된다.#@문장구분#\n가족을 위해 자신을 희생 한 희생정신과 헝거게임을 참가하면서 자신의 가족만이 아니라\n다른 사람의 고통도 함께 나누고 자신의 행동으로 민중들의 일어나는것을 가만히 보고있지않고 책임지고 혁명을 이뤄내는모습이 대단한거같다.#@문장구분#",
      "paragraph_len": 949,
      "paragraph_id": "001"
    }
  ],
  "score": {
    "paragraph_score": [
      {
        "paragraph_scoreT": [
          2.8333333,
          2.8333333,
          2.5
        ],
        "paragraph_scoreT_detail": {
          "paragraph_scoreT_exp": [
            [
              3,
              3,
              2
            ],
            [
              3,
              3,
              2
            ],
            [
              2,
              3,
              2
            ]
          ]
        },
        "paragraph_scoreT_avg": 2.722222,
        "paragraph_id": "001"
      }
    ],
    "essay_scoreT": [
      24.722221,
      23.777779,
      28
    ],
    "essay_scoreT_avg": 25.5,
    "essay_scoreT_detail": {
      "essay_scoreT_org": [
        [
          2,
          3,
          3,
          2
        ],
        [
          2,
          3,
          2,
          2
        ],
        [
          3,
          3,
          3,
          3
        ]
      ],
      "essay_scoreT_cont": [
        [
          2,
          2,
          0,
          3
        ],
        [
          2,
          2,
          0,
          2
        ],
        [
          3,
          3,
          0,
          3
        ]
      ],
      "essay_scoreT_exp": [
        [
          3,
          3,
          2
        ],
        [
          3,
          3,
          2
        ],
        [
          2,
          3,
          2
        ]
      ]
    }
  },
  "student": {
    "date": "2021.09.13",
    "student_educated": true,
    "student_grade": "고등_1학년",
    "location": "051",
    "student_grade_group": "고등",
    "student_reading": 1
  },
  "rubric": {
    "essay_grade": "고등_1학년",
    "organization_weight": {
      "org_paragraph": 2,
      "org": 2,
      "org_essay": 4,
      "org_coherence": 2,
      "org_quantity": 1
    },
    "essay_type": "설명글",
    "content_weight": {
      "con_clearance": 4,
      "con_novelty": 3,
      "con": 4,
      "con_prompt": 0,
      "con_description": 1
    },
    "essay_main_subject": "영화/독서감상문",
    "expression_weight": {
      "exp_style": 1,
      "exp_grammar": 2,
      "exp_vocab": 3,
      "exp": 4
    }
  },
  "correction": [],
  "info": {
    "essay_id": "ESSAY_33965",
    "essay_prompt": " 영화에는 로맨스, 액션, 스릴러 등 정말 많은 장르가 있습니다. 사람마다 좋아하는 장르가 있고 절대 보지 않는 장르도 있습니다.\r\n\r\n 독서도 마찬가지입니다. 소설, 수필, 시, 만화, 위인전 등 여러가지 장르가 있습니다.\r\n\r\n 여러분은 어떤 장르를 좋아하나요? 그리고 해당 장르에서 가장 재미있게 봤던 영화나 책은 무엇인가요?\r\n\r\n 자신이 봤던 영화 혹은 책을 한 편 선정하여 주제와 내용 그리고 느낀점을 감상문으로 작성해주세요.",
    "essay_type": "설명글",
    "essay_level": "3",
    "essay_len": 750,
    "essay_main_subject": "영화/독서감상문"
  }
}