{
  "paragraph": [
    {
      "paragraph_txt": "경찰은 남을 도와주고 위험속에서도 시민분들을 지켜주기 때문에 존중받아 마땅하다.#@문장구분# 하지만 요즘엔 경찰에 대한 시선이 안 좋은건 사실이다.#@문장구분# 또 경찰이 되더라도  생각 했던 경찰의 모습이 아니여서 직업을 그만두신 분들도 수두룩 하다고 한다.#@문장구분# 나도 경찰관의 좋은 모습만 바라보기 보다는 여러가지 관점에서 바라보고 잘 생각해야 겠다고 생각해서 이 책으로 선정했다.#@문장구분# 필자도 경찰관 출신이었는데 말 그대로 경찰의 민낯 즉 실체를 고발하는 내용이다.#@문장구분# 그 중 가장  충격이었던것은 필자는 경찰을 계급 사회로 표현했다.#@문장구분# 계급이 높은 사람들은 낮은 사람들에게 막대하고 또 낮은 사람들은 괜히 안 좋은 모습을 보였다간 진급이나 여러 문제에 부딪히기 때문에 그냥 시키는 대로 한다고 한다.#@문장구분# 그리하여 많은 경찰관분들이 진급을 하려고 한다.#@문장구분# 진급을 하려면 성과가 있어야 한다.#@문장구분# 성과를 내기 위해서 허위보고도 많이 늘어 났다고 한다.#@문장구분# 예를 들면 범인 검거율이나 현장 내 도착 시간 등 여러가지를 마음대로 수정해 실적을 올리려고 하는 경찰관들도 많다고 한다.#@문장구분# 그래서 그런지 요즘엔 피해자를 위한 수사를 하지않고 오직 성과를 내기 위한 수사를 하는 것 같은 느낌이 많이 든다.#@문장구분# 언제 부터 경찰의 인식이 이렇게 변했는가.#@문장구분# 몇몇 진짜 열심히 하는 경찰관들은 무슨 죄인가.#@문장구분# 얼른 부패한 경찰,계급사회 모두 없어지고 신뢰가는 경찰관분들만 남았으면 좋겠다.#@문장구분#",
      "paragraph_len": 980,
      "paragraph_id": "001"
    }
  ],
  "score": {
    "paragraph_score": [
      {
        "paragraph_scoreT": [
          3,
          2.3333333,
          2
        ],
        "paragraph_scoreT_detail": {
          "paragraph_scoreT_exp": [
            [
              3,
              3,
              3
            ],
            [
              3,
              2,
              2
            ],
            [
              2,
              2,
              2
            ]
          ]
        },
        "paragraph_scoreT_avg": 2.4444444,
        "paragraph_id": "001"
      }
    ],
    "essay_scoreT": [
      30,
      21.777779,
      22.944445
    ],
    "essay_scoreT_avg": 24.907408,
    "essay_scoreT_detail": {
      "essay_scoreT_org": [
        [
          3,
          3,
          3,
          3
        ],
        [
          2,
          2,
          3,
          2
        ],
        [
          2,
          2,
          3,
          2
        ]
      ],
      "essay_scoreT_cont": [
        [
          3,
          3,
          0,
          3
        ],
        [
          2,
          2,
          0,
          2
        ],
        [
          3,
          2,
          0,
          3
        ]
      ],
      "essay_scoreT_exp": [
        [
          3,
          3,
          3
        ],
        [
          3,
          2,
          2
        ],
        [
          2,
          2,
          2
        ]
      ]
    }
  },
  "student": {
    "date": "2021.09.07",
    "student_educated": true,
    "student_grade": "고등_1학년",
    "location": "051",
    "student_grade_group": "고등",
    "student_reading": 3
  },
  "rubric": {
    "essay_grade": "고등_1학년",
    "organization_weight": {
      "org_paragraph": 2,
      "org": 2,
      "org_essay": 4,
      "org_coherence": 2,
      "org_quantity": 1
    },
    "essay_type": "설명글",
    "content_weight": {
      "con_clearance": 4,
      "con_novelty": 3,
      "con": 4,
      "con_prompt": 0,
      "con_description": 1
    },
    "essay_main_subject": "영화/독서감상문",
    "expression_weight": {
      "exp_style": 1,
      "exp_grammar": 2,
      "exp_vocab": 3,
      "exp": 4
    }
  },
  "correction": [],
  "info": {
    "essay_id": "ESSAY_34224",
    "essay_prompt": " 영화에는 로맨스, 액션, 스릴러 등 정말 많은 장르가 있습니다. 사람마다 좋아하는 장르가 있고 절대 보지 않는 장르도 있습니다.\r\n\r\n 독서도 마찬가지입니다. 소설, 수필, 시, 만화, 위인전 등 여러가지 장르가 있습니다.\r\n\r\n 여러분은 어떤 장르를 좋아하나요? 그리고 해당 장르에서 가장 재미있게 봤던 영화나 책은 무엇인가요?\r\n\r\n 자신이 봤던 영화 혹은 책을 한 편 선정하여 주제와 내용 그리고 느낀점을 감상문으로 작성해주세요.",
    "essay_type": "설명글",
    "essay_level": "3",
    "essay_len": 681,
    "essay_main_subject": "영화/독서감상문"
  }
}