{
  "paragraph": [
    {
      "paragraph_txt": "최근 들어 화학 공학에 많은 관심이 생겨 실험과 관련 된 책을 읽어보고 싶다는 생각이 들던 와중 이 책을 발견하게 되었다.#@문장구분# 책의 제목에서부터 느껴지는 이 가벼운 기분은 실제로 많은 화학 실험들을 어렵지 않게 풀어주고 있다.#@문장구분# 챕터별로 구성되어 있고, 제 1장에서는 실험을 시작하기 전 필요한 마음가짐 또는 실험 기구를 다루는 태도를 알려주고 있다. #@문장구분#혹시나 화학공학과에 진학하게 된다면 이 점들이 상당히 중요하게 여겨질거라 생각해서 꼼꼼히 읽어 본 것 같다.#@문장구분# 읽으면서 가장 공감을 많이 불러 일으킨 부분은 바로 비누 합성 실험 이었다.#@문장구분# 생활과 과학 시간에서 비누가 계면 활성제를 통해 만들어진다는 사실을 이미 공부를 해봤기 때문에 가장 집중해서 읽을 수 있었던 것 같다.#@문장구분# 다양한 실험을 책에 담고 있지만 그렇다고 이해가 어려울 만큼 깊게 들어가지는 않는다는 점이 이 책의 가장 큰 장점인 것 같다.#@문장구분#",
      "paragraph_len": 584,
      "paragraph_id": "001"
    }
  ],
  "score": {
    "paragraph_score": [
      {
        "paragraph_scoreT": [
          2,
          1.8333334,
          1.8333334
        ],
        "paragraph_scoreT_detail": {
          "paragraph_scoreT_exp": [
            [
              2,
              2,
              2
            ],
            [
              2,
              2,
              1
            ],
            [
              2,
              2,
              1
            ]
          ]
        },
        "paragraph_scoreT_avg": 1.888889,
        "paragraph_id": "001"
      }
    ],
    "essay_scoreT": [
      16.944445,
      17.11111,
      15.777778
    ],
    "essay_scoreT_avg": 16.611113,
    "essay_scoreT_detail": {
      "essay_scoreT_org": [
        [
          1,
          1,
          2,
          1
        ],
        [
          2,
          2,
          2,
          1
        ],
        [
          1,
          1,
          2,
          1
        ]
      ],
      "essay_scoreT_cont": [
        [
          2,
          1,
          0,
          2
        ],
        [
          2,
          1,
          0,
          1
        ],
        [
          2,
          1,
          0,
          1
        ]
      ],
      "essay_scoreT_exp": [
        [
          2,
          2,
          2
        ],
        [
          2,
          2,
          1
        ],
        [
          2,
          2,
          1
        ]
      ]
    }
  },
  "student": {
    "date": "2021.09.13",
    "student_educated": true,
    "student_grade": "고등_1학년",
    "location": "063",
    "student_grade_group": "고등",
    "student_reading": 1
  },
  "rubric": {
    "essay_grade": "고등_1학년",
    "organization_weight": {
      "org_paragraph": 2,
      "org": 2,
      "org_essay": 4,
      "org_coherence": 2,
      "org_quantity": 1
    },
    "essay_type": "설명글",
    "content_weight": {
      "con_clearance": 4,
      "con_novelty": 3,
      "con": 4,
      "con_prompt": 0,
      "con_description": 1
    },
    "essay_main_subject": "영화/독서감상문",
    "expression_weight": {
      "exp_style": 1,
      "exp_grammar": 2,
      "exp_vocab": 3,
      "exp": 4
    }
  },
  "correction": [],
  "info": {
    "essay_id": "ESSAY_34737",
    "essay_prompt": " 영화에는 로맨스, 액션, 스릴러 등 정말 많은 장르가 있습니다. 사람마다 좋아하는 장르가 있고 절대 보지 않는 장르도 있습니다.\r\n\r\n 독서도 마찬가지입니다. 소설, 수필, 시, 만화, 위인전 등 여러가지 장르가 있습니다.\r\n\r\n 여러분은 어떤 장르를 좋아하나요? 그리고 해당 장르에서 가장 재미있게 봤던 영화나 책은 무엇인가요?\r\n\r\n 자신이 봤던 영화 혹은 책을 한 편 선정하여 주제와 내용 그리고 느낀점을 감상문으로 작성해주세요.",
    "essay_type": "설명글",
    "essay_level": "3",
    "essay_len": 445,
    "essay_main_subject": "영화/독서감상문"
  }
}