{
  "paragraph": [
    {
      "paragraph_txt": "학교에서 수업을 하던중 본문으로 catus라는 책의 내용의 일부가 나와있었다.#@문장구분# 책의 내용으로는 남자와 여자가 사랑에 빠지게 됬는데 한 사건으로 인해 서로의 뜻을 이해하지 못하고 헤어지게 되는 내용이었다.#@문장구분# 교과서 본문을 읽고 더 자세한 내용을 알고 싶어 소설을 찾아보게 되었는데 찾아보길 잘했다는 생각이 들만큼 재미있었다. #@문장구분#책의 내용중에 중요한 역할을 하는 선인장인 ventomarme는 스페인어로 나를 데려가 주세요하는 뜻으로 여자 주인공을 마음을 나타내고 있다. #@문장구분#이책에서 평소에 배우고 있던 스페인어가 나와 방가웠고 그로인해 이 책에 더욱 관심이 생긴 것 같다.#@문장구분# 이 책을 읽고 위선과 허영이 얼마나 헛된 것 인지를 잘 알았고 나는 저러한 실수를 하지 않겠다고 다짐하였다. #@문장구분#혹시 이 책에 관심이 있다면 꼭 추천한다.#@문장구분#",
      "paragraph_len": 540,
      "paragraph_id": "001"
    }
  ],
  "score": {
    "paragraph_score": [
      {
        "paragraph_scoreT": [
          2,
          2.3333333,
          2
        ],
        "paragraph_scoreT_detail": {
          "paragraph_scoreT_exp": [
            [
              2,
              2,
              2
            ],
            [
              3,
              2,
              2
            ],
            [
              2,
              2,
              2
            ]
          ]
        },
        "paragraph_scoreT_avg": 2.111111,
        "paragraph_id": "001"
      }
    ],
    "essay_scoreT": [
      15.777778,
      21.11111,
      17.777779
    ],
    "essay_scoreT_avg": 18.222223,
    "essay_scoreT_detail": {
      "essay_scoreT_org": [
        [
          2,
          2,
          2,
          1
        ],
        [
          2,
          2,
          2,
          1
        ],
        [
          2,
          2,
          2,
          1
        ]
      ],
      "essay_scoreT_cont": [
        [
          1,
          1,
          0,
          1
        ],
        [
          2,
          2,
          0,
          2
        ],
        [
          2,
          1,
          0,
          1
        ]
      ],
      "essay_scoreT_exp": [
        [
          2,
          2,
          2
        ],
        [
          3,
          2,
          2
        ],
        [
          2,
          2,
          2
        ]
      ]
    }
  },
  "student": {
    "date": "2021.09.10",
    "student_educated": true,
    "student_grade": "고등_1학년",
    "location": "063",
    "student_grade_group": "고등",
    "student_reading": 1
  },
  "rubric": {
    "essay_grade": "고등_1학년",
    "organization_weight": {
      "org_paragraph": 2,
      "org": 2,
      "org_essay": 4,
      "org_coherence": 2,
      "org_quantity": 1
    },
    "essay_type": "설명글",
    "content_weight": {
      "con_clearance": 4,
      "con_novelty": 3,
      "con": 4,
      "con_prompt": 0,
      "con_description": 1
    },
    "essay_main_subject": "영화/독서감상문",
    "expression_weight": {
      "exp_style": 1,
      "exp_grammar": 2,
      "exp_vocab": 3,
      "exp": 4
    }
  },
  "correction": [],
  "info": {
    "essay_id": "ESSAY_34305",
    "essay_prompt": " 영화에는 로맨스, 액션, 스릴러 등 정말 많은 장르가 있습니다. 사람마다 좋아하는 장르가 있고 절대 보지 않는 장르도 있습니다.\r\n\r\n 독서도 마찬가지입니다. 소설, 수필, 시, 만화, 위인전 등 여러가지 장르가 있습니다.\r\n\r\n 여러분은 어떤 장르를 좋아하나요? 그리고 해당 장르에서 가장 재미있게 봤던 영화나 책은 무엇인가요?\r\n\r\n 자신이 봤던 영화 혹은 책을 한 편 선정하여 주제와 내용 그리고 느낀점을 감상문으로 작성해주세요.",
    "essay_type": "설명글",
    "essay_level": "3",
    "essay_len": 402,
    "essay_main_subject": "영화/독서감상문"
  }
}