{
  "paragraph": [
    {
      "paragraph_txt": "'야구소녀'라는 책을 읽게 되었다.#@문장구분# 책 제목에 나와있듯이 한 소녀가 야구를 하는 내용이다.#@문장구분# 이때 나는 야구는 남자선수들만 경기에서 봐왔어서 관심이 갈 수 밖에 없었다.#@문장구분# 이책의 주인공은 주수인 이라는 한 여학생이다.#@문장구분# 주수인은 또래 여자애들 보다는 구속이 훨씬 빠르지만 다른 남자애들 보다는 구속이 현저히 떨어져 프로 야구팀에서의 지명을 받지 못하게 된다.#@문장구분# 하지만 주수인은 끝까지 포기를 하지않고 코치인 최진태의 도움을 받아 너클볼이라는 구즐을 배우게 된다.#@문장구분# 이 구즐을 연습하고 또 연습하여 트라이아웃 테스트를 받게된다.#@문장구분# 이 테스트에서 주수인은 완벽한 구즐을 던지며 이 구단에 합격을 하게된다.#@문장구분# \n나는 이책을 읽으면서 노력을 계속해서 하게 된다면 결국 끝은 그 노력의 보상으로 이어진다는 생각을 하였다. #@문장구분#이책의 명문장이라고 생각 되는 것은 빠르고 느린게 중요한게 아니라 내가 던진 공을 상대방이 못 치게 만드는게 중요하다.#@문장구분# 그리고 야구는 누구나 다 할 수 있는거잖아요\" 가 나의 편견을 깨주는 문장이었던 것 같았다.#@문장구분# 이 시간을 통해 느낀점은 내 머릿속을 정리하게 되는 정말 좋았던 시간이었던 것 같았다.#@문장구분#",
      "paragraph_len": 799,
      "paragraph_id": "001"
    }
  ],
  "score": {
    "paragraph_score": [
      {
        "paragraph_scoreT": [
          2.6666667,
          2,
          2
        ],
        "paragraph_scoreT_detail": {
          "paragraph_scoreT_exp": [
            [
              2,
              3,
              3
            ],
            [
              2,
              2,
              2
            ],
            [
              2,
              2,
              2
            ]
          ]
        },
        "paragraph_scoreT_avg": 2.2222223,
        "paragraph_id": "001"
      }
    ],
    "essay_scoreT": [
      28.222221,
      23.944445,
      22
    ],
    "essay_scoreT_avg": 24.722221,
    "essay_scoreT_detail": {
      "essay_scoreT_org": [
        [
          3,
          3,
          3,
          1
        ],
        [
          2,
          2,
          3,
          2
        ],
        [
          2,
          2,
          2,
          2
        ]
      ],
      "essay_scoreT_cont": [
        [
          3,
          3,
          0,
          3
        ],
        [
          3,
          3,
          0,
          2
        ],
        [
          3,
          2,
          0,
          2
        ]
      ],
      "essay_scoreT_exp": [
        [
          2,
          3,
          3
        ],
        [
          2,
          2,
          2
        ],
        [
          2,
          2,
          2
        ]
      ]
    }
  },
  "student": {
    "date": "2021.09.07",
    "student_educated": true,
    "student_grade": "고등_1학년",
    "location": "051",
    "student_grade_group": "고등",
    "student_reading": 2
  },
  "rubric": {
    "essay_grade": "고등_1학년",
    "organization_weight": {
      "org_paragraph": 2,
      "org": 2,
      "org_essay": 4,
      "org_coherence": 2,
      "org_quantity": 1
    },
    "essay_type": "설명글",
    "content_weight": {
      "con_clearance": 4,
      "con_novelty": 3,
      "con": 4,
      "con_prompt": 0,
      "con_description": 1
    },
    "essay_main_subject": "영화/독서감상문",
    "expression_weight": {
      "exp_style": 1,
      "exp_grammar": 2,
      "exp_vocab": 3,
      "exp": 4
    }
  },
  "correction": [],
  "info": {
    "essay_id": "ESSAY_34544",
    "essay_prompt": " 영화에는 로맨스, 액션, 스릴러 등 정말 많은 장르가 있습니다. 사람마다 좋아하는 장르가 있고 절대 보지 않는 장르도 있습니다.\r\n\r\n 독서도 마찬가지입니다. 소설, 수필, 시, 만화, 위인전 등 여러가지 장르가 있습니다.\r\n\r\n 여러분은 어떤 장르를 좋아하나요? 그리고 해당 장르에서 가장 재미있게 봤던 영화나 책은 무엇인가요?\r\n\r\n 자신이 봤던 영화 혹은 책을 한 편 선정하여 주제와 내용 그리고 느낀점을 감상문으로 작성해주세요.",
    "essay_type": "설명글",
    "essay_level": "3",
    "essay_len": 559,
    "essay_main_subject": "영화/독서감상문"
  }
}