{
  "paragraph": [
    {
      "paragraph_txt": "어느 한적한 동내에 잡화점이 하나있었다.#@문장구분# 낡고 허름해져 아무도 오지 않는모양이다. #@문장구분#어느 3명의 도둑이 나미야 잡화점에 몸을 숨기게 된다.#@문장구분# \n이 곳에서 날아든 편지를 발견하게 되는데 가게의 우편함과 우유상자가 과거와 이어져 있어 누군가가 나미야 잡화정의 편지를 넣으면 현재지금의 시점에 편지가 돌아온다는 것을 알게 된다. #@문장구분#그러면서 과거의 사람들인 달 토끼, 생선가게 뮤지션, 길 잃은 강아지와 편지를 주고받게된다.#@문장구분# 다들 그 시절의 본인들의 고민을 편지로 털어놓게 되고, 3인방은 현재 시점에서 그들이 해줄 수 있는 말들을 해주면서 이야기가 펼처진다. #@문장구분#나는 가장 기억에 남는 생선가게 뮤지션 이야기를 해볼까한다.#@문장구분# 편지를 보내온 사람 중 한명은 생선가게 아들이었 는데, 하고싶은 일인 음악과 아버지의 가게인 생선가게 일 이 두가지 중 자신의 삶을 어떻게 해야할지에 대한 고민이었다.#@문장구분# 3년간 별다른 소득없이 묵묵히 해온 음악이라는 것을 알지만, 쉽게 포기할 수 없는 일이었다. #@문장구분#3인방도 처음에는 당장 음악을 그만두고 안정적인 생선가게를 물려받으라고 편지를 써서 보낸다. #@문장구분#그러던중 3인방은 나미야 잡화점 앞에서 생선가게 뮤지션의 하모니카연주 소리를 듣게 된다.#@문장구분# 과거 생선가게 뮤지션이 연주한 이 곡은 현재의 유명한 가수인 세리의[재생] 이라는 노래였다.#@문장구분# 3인방은 다시 편지를 쓰게 된다.#@문장구분# '당신의 노래에 구원을 받을 사람이 있어요. 그리고 당신이 만들어낸 음악은 틀림없이 오래오래 남습니다. 마지막까지 꼭 그걸 믿어주 세요. '#@문장구분#생선가게 뮤지션은 크리스마스이브에 고아원에서 음악을 연주해주게 되는데, 세리는 이 노래를 듣고 곧바로 음악을 흥얼거린다.#@문장구분#  다음 날 고아원에서 큰 불이 나게되었고 생선가게 뮤지션의 음악에 가사를 만들어 부른것이 지금 유명한[재생]이라는 노래인 것 이다.#@문장구분# 생선가게 뮤지션이 세리의 동생을 구하려다가 죽게되기 직전, 그가 남긴말은 아직도 여운이 남는다.#@문장구분# '그래도 나는 꼭 믿고 있으면 되는가? 내 음악의 길이 쓸모없지는 않았다는 것을 끝까지 믿으면 되는건가. 그렇다면 아버지, 나는 발자취를 남긴거지? 실패한 싸움이기는 하지만 그래도 뭔가 발자취는 남긴거지?' #@문장구분#나는 그렇게 생각한다.#@문장구분# 끝임없이 노력한다면 세상을 변화시킬수 없을 지는 몰라도 자신과 그 주변만큼은 분명 변화 시킬 수 있을 것이라고, 분명 그 노력이 구원받는 날이 찾아 올것이라고 세상은 비참하기 그지 없지만 분명 그 속에는 빛과 같은 희망이 우릴 구원해줄 날이 찾아올것이라고, 그렇지 않다면 이 세상은 너무 슬프지 않은가....#@문장구분#\n도둑 3인 방과 다른 이들의 편지를 통해서 이루어지는 이 소설은 그들의 상호작용을 통해 모두가 그들에게 영향을 주고 이야기는 막을 내린다. \n달 토끼인 시즈코는 생선가게 뮤지션인 가쓰로가 잡화점에 상담 편지를 보내는 계기를 마련해주고 상담을 받은 가쓰로는 그가 구해준 세리의 동생을 구했고 세리는 그의 노래를 통해 가쓰로의 은혜를 갚는다.#@문장구분# 나미야로부터 상담을 받아 세상에 태어나게 된 그린 리버의 아이는 훗날 세리의 매니저가 되고 어린 시절 나미야로부터 상담을 받았던 폴 레논은 성인이 된 후 하루미를 만나 나미야 잡화점의 기억을 떠올리게 된다. #@문장구분#\n하루미는 달 토끼로 부터 나미야 잡화점의 존재를 알게 되어 상담을 받게된다. #@문장구분#마지막으로 도둑 3인방은 본인들이 상담해준 과거의 여자가, 사실은 하우미였음을 알게되고 새 삶을 시작하게 된다.#@문장구분# 처음 초반에 읽을 때는 주인공들의 성격이 너무 단순 하다고 여겼다. #@문장구분#인간의 성격과 특성은 이렇게 쉽게 정의되고 표현되는것이 아니라고 여겼기 때문이다. #@문장구분#하지만 이책은 그것을 무마시킬 정도로 잘 쓰여 진 소설이였다.#@문장구분# 각 에피소드를 통해 독자에게 물음과 교훈들을 던져 주었고, 2번째 읽었을 때 찾아낸 에피소드간의 연결은 독자에게 소름이 끼칠정도로 정교하고 완벽했다.#@문장구분#",
      "paragraph_len": 2411,
      "paragraph_id": "001"
    }
  ],
  "score": {
    "paragraph_score": [
      {
        "paragraph_scoreT": [
          3,
          2.8333333,
          1.6666666
        ],
        "paragraph_scoreT_detail": {
          "paragraph_scoreT_exp": [
            [
              3,
              3,
              3
            ],
            [
              3,
              3,
              2
            ],
            [
              1,
              2,
              2
            ]
          ]
        },
        "paragraph_scoreT_avg": 2.4999998,
        "paragraph_id": "001"
      }
    ],
    "essay_scoreT": [
      30,
      26.944445,
      21.333332
    ],
    "essay_scoreT_avg": 26.09259,
    "essay_scoreT_detail": {
      "essay_scoreT_org": [
        [
          3,
          3,
          3,
          3
        ],
        [
          2,
          3,
          3,
          3
        ],
        [
          2,
          2,
          3,
          3
        ]
      ],
      "essay_scoreT_cont": [
        [
          3,
          3,
          0,
          3
        ],
        [
          3,
          2,
          0,
          3
        ],
        [
          3,
          2,
          0,
          2
        ]
      ],
      "essay_scoreT_exp": [
        [
          3,
          3,
          3
        ],
        [
          3,
          3,
          2
        ],
        [
          1,
          2,
          2
        ]
      ]
    }
  },
  "student": {
    "date": "2021.09.07",
    "student_educated": true,
    "student_grade": "고등_1학년",
    "location": "051",
    "student_grade_group": "고등",
    "student_reading": 3
  },
  "rubric": {
    "essay_grade": "고등_1학년",
    "organization_weight": {
      "org_paragraph": 2,
      "org": 2,
      "org_essay": 4,
      "org_coherence": 2,
      "org_quantity": 1
    },
    "essay_type": "설명글",
    "content_weight": {
      "con_clearance": 4,
      "con_novelty": 3,
      "con": 4,
      "con_prompt": 0,
      "con_description": 1
    },
    "essay_main_subject": "영화/독서감상문",
    "expression_weight": {
      "exp_style": 1,
      "exp_grammar": 2,
      "exp_vocab": 3,
      "exp": 4
    }
  },
  "correction": [],
  "info": {
    "essay_id": "ESSAY_34257",
    "essay_prompt": " 영화에는 로맨스, 액션, 스릴러 등 정말 많은 장르가 있습니다. 사람마다 좋아하는 장르가 있고 절대 보지 않는 장르도 있습니다.\r\n\r\n 독서도 마찬가지입니다. 소설, 수필, 시, 만화, 위인전 등 여러가지 장르가 있습니다.\r\n\r\n 여러분은 어떤 장르를 좋아하나요? 그리고 해당 장르에서 가장 재미있게 봤던 영화나 책은 무엇인가요?\r\n\r\n 자신이 봤던 영화 혹은 책을 한 편 선정하여 주제와 내용 그리고 느낀점을 감상문으로 작성해주세요.",
    "essay_type": "설명글",
    "essay_level": "3",
    "essay_len": 1852,
    "essay_main_subject": "영화/독서감상문"
  }
}