{
  "paragraph": [
    {
      "paragraph_txt": "나는 이 책의 제목만 보고선 대항해시대 때의 마젤란, 콜롬버스 등의 사람이 나오면서 발견인가, 침략인가 등의 주제로 시시비비하는 시시한 책일 줄만 알았다.#@문장구분# 하지만 이 책은 내셔널 지오그래픽 잡지에 실린 이야기를 토대로 구성한 책으로써, 내가 알지 못했던 비교 적 최근의 이야기들로 구성이 되어 있었다.#@문장구분# 1900년대의 여러 사람들의 위대했던 모험을 담아낸 이 책은 30가지 정도의 탐험이 나와있었다.#@문장구분# 탐험을 한 사람은 정말 다양하였는데, 대통령, 군인, 남작부인, 탐험가 등 정말 여러가지 직업의 사람들이 탐험을 하였다.#@문장구분# 사람이 가기 힘든 사막, 고산, 빙하지역, 대기권 등의 낯선 세계를 탐험하고 보고, 느낀 것을 담아낸 책이였다. #@문장구분#그 중에서 가장 높은 폭포로 가는 밀림여행이 가장 인상깊었는데, 그가 처음으로 길이를 잰 폭포인 엔젤폭포는 979미터로 세계에서 가장 높다고 한다.#@문장구분# 그는 독충, 독초, 더위, 습기가 가득한 곳에서 오직 폭포하나를 위해 견디며 나아갔다.#@문장구분# 여름철 에어컨만 없어도 짜증, 불만을 토로하던 나는 이들 일행을 보며 한없이 작아졌다.#@문장구분# 그들은 사람의 발길이 없는 밀림에서 살아 남는 법을 터득했고, 협동했다.#@문장구분# 악조건의 연속에서 서로 협동하여 목표를 이루어내는 루스 로버트슨 일행이 정말 멋있었고 포기하지 않는 끈기를 얻고 싶다.#@문장구분#",
      "paragraph_len": 842,
      "paragraph_id": "001"
    }
  ],
  "score": {
    "paragraph_score": [
      {
        "paragraph_scoreT": [
          2.5,
          2.8333333,
          2
        ],
        "paragraph_scoreT_detail": {
          "paragraph_scoreT_exp": [
            [
              2,
              3,
              2
            ],
            [
              3,
              3,
              2
            ],
            [
              2,
              2,
              2
            ]
          ]
        },
        "paragraph_scoreT_avg": 2.4444444,
        "paragraph_id": "001"
      }
    ],
    "essay_scoreT": [
      20.944445,
      27.277779,
      22
    ],
    "essay_scoreT_avg": 23.407408,
    "essay_scoreT_detail": {
      "essay_scoreT_org": [
        [
          2,
          2,
          3,
          2
        ],
        [
          2,
          2,
          3,
          2
        ],
        [
          2,
          2,
          2,
          2
        ]
      ],
      "essay_scoreT_cont": [
        [
          2,
          1,
          0,
          2
        ],
        [
          3,
          3,
          0,
          2
        ],
        [
          3,
          2,
          0,
          2
        ]
      ],
      "essay_scoreT_exp": [
        [
          2,
          3,
          2
        ],
        [
          3,
          3,
          2
        ],
        [
          2,
          2,
          2
        ]
      ]
    }
  },
  "student": {
    "date": "2021.09.07",
    "student_educated": true,
    "student_grade": "고등_1학년",
    "location": "051",
    "student_grade_group": "고등",
    "student_reading": 1
  },
  "rubric": {
    "essay_grade": "고등_1학년",
    "organization_weight": {
      "org_paragraph": 2,
      "org": 2,
      "org_essay": 4,
      "org_coherence": 2,
      "org_quantity": 1
    },
    "essay_type": "설명글",
    "content_weight": {
      "con_clearance": 4,
      "con_novelty": 3,
      "con": 4,
      "con_prompt": 0,
      "con_description": 1
    },
    "essay_main_subject": "영화/독서감상문",
    "expression_weight": {
      "exp_style": 1,
      "exp_grammar": 2,
      "exp_vocab": 3,
      "exp": 4
    }
  },
  "correction": [],
  "info": {
    "essay_id": "ESSAY_34507",
    "essay_prompt": " 영화에는 로맨스, 액션, 스릴러 등 정말 많은 장르가 있습니다. 사람마다 좋아하는 장르가 있고 절대 보지 않는 장르도 있습니다.\r\n\r\n 독서도 마찬가지입니다. 소설, 수필, 시, 만화, 위인전 등 여러가지 장르가 있습니다.\r\n\r\n 여러분은 어떤 장르를 좋아하나요? 그리고 해당 장르에서 가장 재미있게 봤던 영화나 책은 무엇인가요?\r\n\r\n 자신이 봤던 영화 혹은 책을 한 편 선정하여 주제와 내용 그리고 느낀점을 감상문으로 작성해주세요.",
    "essay_type": "설명글",
    "essay_level": "3",
    "essay_len": 642,
    "essay_main_subject": "영화/독서감상문"
  }
}