{
  "paragraph": [
    {
      "paragraph_txt": "어제 능력주의 사회의 문제를 인식하고 해결책을 함께 생각해보니 정책을 만드는 것이 얼마나 어렵고 섬세한 작업인지 느낄 수 있었습니다.#@문장구분# 왜냐하면 능력주의의 문제가 꽤나 심각하다는 것을 알고 있더라도 실질적인 해결책은 나오지 않고 두루뭉술한 해결책밖에 떠오르지 않았기 때문입니다.#@문장구분# 해결책이 몇 개 떠오르면 문제점이 뻔하게 드러나곤 했습니다.#@문장구분#",
      "paragraph_len": 248,
      "paragraph_id": "001"
    },
    {
      "paragraph_txt": " 그리고 토론을 하고나서 생각해봤는데, 능력주의의 문제점에 사람들의 과시욕이 한 몫 한다고 생각합니다.#@문장구분# 왜냐하면 사회적으로 높은 위치에 있는 사람들은 자신의 능력에 대해 스스로 자만감을 가지고 본능적으로 그것을 뽐내고 싶어 할 것입니다.#@문장구분# 그래서 능력 있는 사람들이 단순한 자만감이 아닌 자만감으로 인한 과시욕으로 문제가 되고 있다는 생각이 들었습니다.#@문장구분#",
      "paragraph_len": 256,
      "paragraph_id": "002"
    },
    {
      "paragraph_txt": " 그리고 이를 중점적으로 능력주의의 폐해를 극복할 수 있을까 생각해봤는데, 사회적으로 돈보다 행복을 추구하게 된다면 능력주의자들의 과시로부터 일반인들이 휘말리지 않고 행복한 삶을 이어갈 수 있을 것 같습니다.#@문장구분# 그렇게 된다면 자만감과 무력감이 쌓여가고 있는 현재 능력주의를 극복해내고 말하자면 행복주의 사회가 되지 않을까 합니다.#@문장구분#",
      "paragraph_len": 223,
      "paragraph_id": "003"
    },
    {
      "paragraph_txt": " 그렇게 생각해보면 돈보다 행복이 우선시 되면 어제 선생님이 말씀하셨던 쿠바 의사회?같은 단체가 많아질 것 같습니다.#@문장구분# 왜냐하면 사람들이 돈보다 의사로서 사람을 살리는 뿌듯함을 위해 의사라는 직업을 가지려고 할 것이기 때문입니다.#@문장구분#",
      "paragraph_len": 167,
      "paragraph_id": "004"
    },
    {
      "paragraph_txt": " 소감문을 너무 의식의 흐름대로 쓴 것 같은데 말하고자 하는 바는 사회적인 분위기가 돈보다 행복을 추구한다면 지금의 능력주의적 문제가 해결되지 않을까 생각했다는 점입니다.#@문장구분#",
      "paragraph_len": 115,
      "paragraph_id": "005"
    }
  ],
  "score": {
    "paragraph_score": [
      {
        "paragraph_scoreT": [
          3,
          3,
          2.5
        ],
        "paragraph_scoreT_detail": {
          "paragraph_scoreT_exp": [
            [
              3,
              3,
              3
            ],
            [
              3,
              3,
              3
            ],
            [
              2,
              3,
              2
            ]
          ]
        },
        "paragraph_scoreT_avg": 2.8333333,
        "paragraph_id": "001"
      },
      {
        "paragraph_scoreT": [
          3,
          3,
          2.5
        ],
        "paragraph_scoreT_detail": {
          "paragraph_scoreT_exp": [
            [
              3,
              3,
              3
            ],
            [
              3,
              3,
              3
            ],
            [
              2,
              3,
              2
            ]
          ]
        },
        "paragraph_scoreT_avg": 2.8333333,
        "paragraph_id": "002"
      },
      {
        "paragraph_scoreT": [
          3,
          3,
          2.5
        ],
        "paragraph_scoreT_detail": {
          "paragraph_scoreT_exp": [
            [
              3,
              3,
              3
            ],
            [
              3,
              3,
              3
            ],
            [
              2,
              3,
              2
            ]
          ]
        },
        "paragraph_scoreT_avg": 2.8333333,
        "paragraph_id": "003"
      },
      {
        "paragraph_scoreT": [
          3,
          3,
          2.5
        ],
        "paragraph_scoreT_detail": {
          "paragraph_scoreT_exp": [
            [
              3,
              3,
              3
            ],
            [
              3,
              3,
              3
            ],
            [
              2,
              3,
              2
            ]
          ]
        },
        "paragraph_scoreT_avg": 2.8333333,
        "paragraph_id": "004"
      },
      {
        "paragraph_scoreT": [
          3,
          3,
          2.5
        ],
        "paragraph_scoreT_detail": {
          "paragraph_scoreT_exp": [
            [
              3,
              3,
              3
            ],
            [
              3,
              3,
              3
            ],
            [
              2,
              3,
              2
            ]
          ]
        },
        "paragraph_scoreT_avg": 2.8333333,
        "paragraph_id": "005"
      }
    ],
    "essay_scoreT": [
      30,
      27.38889,
      24.444445
    ],
    "essay_scoreT_avg": 27.277779,
    "essay_scoreT_detail": {
      "essay_scoreT_org": [
        [
          3,
          3,
          3,
          3
        ],
        [
          2,
          3,
          3,
          2
        ],
        [
          2,
          2,
          3,
          2
        ]
      ],
      "essay_scoreT_cont": [
        [
          3,
          3,
          0,
          3
        ],
        [
          3,
          2,
          0,
          3
        ],
        [
          3,
          2,
          0,
          2
        ]
      ],
      "essay_scoreT_exp": [
        [
          3,
          3,
          3
        ],
        [
          3,
          3,
          3
        ],
        [
          2,
          3,
          2
        ]
      ]
    }
  },
  "student": {
    "date": "2021.09.07",
    "student_educated": true,
    "student_grade": "고등_1학년",
    "location": "051",
    "student_grade_group": "고등",
    "student_reading": 2
  },
  "rubric": {
    "essay_grade": "고등_1학년",
    "organization_weight": {
      "org_paragraph": 2,
      "org": 2,
      "org_essay": 4,
      "org_coherence": 2,
      "org_quantity": 1
    },
    "essay_type": "설명글",
    "content_weight": {
      "con_clearance": 4,
      "con_novelty": 3,
      "con": 4,
      "con_prompt": 0,
      "con_description": 1
    },
    "essay_main_subject": "영화/독서감상문",
    "expression_weight": {
      "exp_style": 1,
      "exp_grammar": 2,
      "exp_vocab": 3,
      "exp": 4
    }
  },
  "correction": [],
  "info": {
    "essay_id": "ESSAY_34104",
    "essay_prompt": " 영화에는 로맨스, 액션, 스릴러 등 정말 많은 장르가 있습니다. 사람마다 좋아하는 장르가 있고 절대 보지 않는 장르도 있습니다.\r\n\r\n 독서도 마찬가지입니다. 소설, 수필, 시, 만화, 위인전 등 여러가지 장르가 있습니다.\r\n\r\n 여러분은 어떤 장르를 좋아하나요? 그리고 해당 장르에서 가장 재미있게 봤던 영화나 책은 무엇인가요?\r\n\r\n 자신이 봤던 영화 혹은 책을 한 편 선정하여 주제와 내용 그리고 느낀점을 감상문으로 작성해주세요.",
    "essay_type": "설명글",
    "essay_level": "3",
    "essay_len": 799,
    "essay_main_subject": "영화/독서감상문"
  }
}