{
  "paragraph": [
    {
      "paragraph_txt": "주인공과 그의 언니 그리고 그들의 고양이가 나오는 책이다.#@문장구분# 이 책에서 주인공와 그의 언니는 tv에서 개가 묘기를 부리는 것을 보게 된다.#@문장구분# 그 것을 보며 주인공과 그의 언니는 한 가지 궁금점을 토대로 이야기를 하게 된다.#@문장구분# 개는 묘기를 부리는데 고양이도 묘기를 부릴 수 있지 않을까? 하는 주제였다.#@문장구분# 주인공은 고양이도 가능하다고 했고 언니는 안 될 것이라고 했다.#@문장구분#주인공은 그 생각을 가지고 난 이후로 고양이에게 묘기를 가르치기 시작한다.#@문장구분# 다들 안될 것이라고 했지만 주인공은 간식도 줘가면서 고양이를 묘기를 할 수 있게 만들었다.#@문장구분#<br/>#@문장구분#그렇게 묘기를 할 수 있게 되었고, 그 것을 본 가족들은 놀라게 되었다.#@문장구분# 이를 통해 불가능은 없다는 것을 다시한 번 깨닫게 되었다.#@문장구분# 뭐든지 노력하면 될 수 있다는 용기를 얻게 되었다.#@문장구분# 그러나 고양이 개들을 묘기의 수단으로 본다는 것은 약간 눈살이 찌푸려지기도 했다.#@문장구분# 개와 고양이 등 동물들도 인간과 같이 존중해주어야 겠다는 생각이 들기도 했다.#@문장구분#",
      "paragraph_len": 756,
      "paragraph_id": "001"
    }
  ],
  "score": {
    "paragraph_score": [
      {
        "paragraph_scoreT": [
          2.5,
          2,
          1.8333334
        ],
        "paragraph_scoreT_detail": {
          "paragraph_scoreT_exp": [
            [
              2,
              3,
              2
            ],
            [
              2,
              2,
              2
            ],
            [
              2,
              2,
              1
            ]
          ]
        },
        "paragraph_scoreT_avg": 2.1111112,
        "paragraph_id": "001"
      }
    ],
    "essay_scoreT": [
      21.38889,
      22,
      20.833334
    ],
    "essay_scoreT_avg": 21.407408,
    "essay_scoreT_detail": {
      "essay_scoreT_org": [
        [
          3,
          2,
          2,
          2
        ],
        [
          2,
          2,
          2,
          2
        ],
        [
          2,
          2,
          2,
          2
        ]
      ],
      "essay_scoreT_cont": [
        [
          2,
          1,
          0,
          2
        ],
        [
          3,
          2,
          0,
          2
        ],
        [
          3,
          2,
          0,
          1
        ]
      ],
      "essay_scoreT_exp": [
        [
          2,
          3,
          2
        ],
        [
          2,
          2,
          2
        ],
        [
          2,
          2,
          1
        ]
      ]
    }
  },
  "student": {
    "date": "2021.09.10",
    "student_educated": true,
    "student_grade": "고등_1학년",
    "location": "063",
    "student_grade_group": "고등",
    "student_reading": 1
  },
  "rubric": {
    "essay_grade": "고등_1학년",
    "organization_weight": {
      "org_paragraph": 2,
      "org": 2,
      "org_essay": 4,
      "org_coherence": 2,
      "org_quantity": 1
    },
    "essay_type": "설명글",
    "content_weight": {
      "con_clearance": 4,
      "con_novelty": 3,
      "con": 4,
      "con_prompt": 0,
      "con_description": 1
    },
    "essay_main_subject": "영화/독서감상문",
    "expression_weight": {
      "exp_style": 1,
      "exp_grammar": 2,
      "exp_vocab": 3,
      "exp": 4
    }
  },
  "correction": [],
  "info": {
    "essay_id": "ESSAY_34813",
    "essay_prompt": " 영화에는 로맨스, 액션, 스릴러 등 정말 많은 장르가 있습니다. 사람마다 좋아하는 장르가 있고 절대 보지 않는 장르도 있습니다.\r\n\r\n 독서도 마찬가지입니다. 소설, 수필, 시, 만화, 위인전 등 여러가지 장르가 있습니다.\r\n\r\n 여러분은 어떤 장르를 좋아하나요? 그리고 해당 장르에서 가장 재미있게 봤던 영화나 책은 무엇인가요?\r\n\r\n 자신이 봤던 영화 혹은 책을 한 편 선정하여 주제와 내용 그리고 느낀점을 감상문으로 작성해주세요.",
    "essay_type": "설명글",
    "essay_level": "3",
    "essay_len": 487,
    "essay_main_subject": "영화/독서감상문"
  }
}