{
  "paragraph": [
    {
      "paragraph_txt": "본지는 좀 되었지만 마지막에 본 영화이기 때문에 이 글의 주제로 사용했습니다.#@문장구분# 발신제한이란 영화는 어느날 차에 탔는데,  차 안에 폭탄이 설치되어 있었고, 차 안에 같이 타고 있던 자신의 아이들을 구출하기 위해 차를 달리고 또 달리면서 문제를 해결해 나가는 스릴러 장르의 영화이다.#@문장구분#간단하지는 않지만 줄거리를 얘기하면 어느날 아이들을 학교에 데려다 주고 출근을 하려했던 주인공분은 차안에서 나는 기름냄새가 거슬리지만 차를 출발한다.#@문장구분#모르는 휴대전화에서 모르는 번호로(아마 발신번호 표시제한)전화가 걸려온다.#@문장구분# 전화를 받았는데...#@문장구분#차에 폭탄이 있다는 소리를 한다.#@문장구분# 확인해보니 진짜고, 직장부하 직원도 자신과 똑같은 상황이란걸 발견한다.#@문장구분# 그리고 그 부하직원의 아내가 말려도 억지로 차에서 내리자 바로 폭탄이 터져버리고...#@문장구분#자신도 똑같이 될수도 있다는 공포심과 더불어 폭발한 차에서 나온 파편이 아들의 다리에 박힌다...#@문장구분#그래서 발신번호로 걸려온 전화에 아들은 병원만이라도 데리고 가게 해달라고 부탁하지만...#@문장구분#돈부터 달라며 거절한다.#@문장구분# 그리고 경찰이 이들의 상황을 발견하고 직접 나서게 된다.#@문장구분# 얼마 지나지 않아 차는 멈춰서게 되고, 경찰은 이 일에 대해 점점 알아가게 된다.#@문장구분# 주인공은 발신번호로 전화를 한 그 범인을 만나게 되었고 차로 도망쳐서 멈춰선 곳에서 빠져나가라는 소리를 듣는다.#@문장구분# 그말을 거역할수 없었기 때문에 어쩔수 없이 도망치기는 했지만 범인은 자신의 딸을 데려갔었다...(아들은 경찰에게 맡겨져 치료를 받으러 병원으로 갔을것이다)#@문장구분# 자신의 딸이 있는곳으로 간 주인공은 그곳에서 자신이 어떤 잘못을 해서 이런 일이 벌어졌는지 알게 되었고 차와함께 폭탄을 바다에 수장시키고 살아남은후 자신의 죄를 갚아나가기 위해 결심한 것같은 얼굴을 보여주며 영화는 끝이 난다.#@문장구분# \n우선 저는 사람끼리 주고받는 액션영화를 정말 좋아합니다.#@문장구분# 그래서 견자단 출연 영화를 정말 좋아합니다.#@문장구분#이런 일반인들이 폭탄이니 뭐니 하면서 전개되는 스릴러에 그렇게 큰 관심은 없었습니다만 영화의 전개 속도나 매 순간마다 폭탄이 터지고 하는 것과 또 관객에게 공감? 또는 나라면 어땠을까...라는 생각을 하게 만드는 그런 작품이었습니다.#@문장구분# 요즘 저는 영화나 드라마 등 이런 장르에는 관심이 별로 없지만서도, 이 영화는 다 본후 재밌다...라는 생각이 들었던 몇 안되는 영화중 하나였습니다.#@문장구분# 코믹이라 웃긴것이 아니라 진지하게 몰입할수 있는 그런 재미 말입니다.#@문장구분#",
      "paragraph_len": 1599,
      "paragraph_id": "001"
    }
  ],
  "score": {
    "paragraph_score": [
      {
        "paragraph_scoreT": [
          2.8333333,
          2.8333333,
          2.5
        ],
        "paragraph_scoreT_detail": {
          "paragraph_scoreT_exp": [
            [
              3,
              3,
              2
            ],
            [
              3,
              3,
              2
            ],
            [
              2,
              3,
              2
            ]
          ]
        },
        "paragraph_scoreT_avg": 2.722222,
        "paragraph_id": "001"
      }
    ],
    "essay_scoreT": [
      24.944445,
      26.277779,
      24.666666
    ],
    "essay_scoreT_avg": 25.296295,
    "essay_scoreT_detail": {
      "essay_scoreT_org": [
        [
          2,
          3,
          3,
          3
        ],
        [
          2,
          3,
          2,
          2
        ],
        [
          2,
          2,
          3,
          3
        ]
      ],
      "essay_scoreT_cont": [
        [
          2,
          2,
          0,
          3
        ],
        [
          3,
          2,
          0,
          3
        ],
        [
          3,
          2,
          0,
          2
        ]
      ],
      "essay_scoreT_exp": [
        [
          3,
          3,
          2
        ],
        [
          3,
          3,
          2
        ],
        [
          2,
          3,
          2
        ]
      ]
    }
  },
  "student": {
    "date": "2021.09.13",
    "student_educated": true,
    "student_grade": "고등_1학년",
    "location": "051",
    "student_grade_group": "고등",
    "student_reading": 2
  },
  "rubric": {
    "essay_grade": "고등_1학년",
    "organization_weight": {
      "org_paragraph": 2,
      "org": 2,
      "org_essay": 4,
      "org_coherence": 2,
      "org_quantity": 1
    },
    "essay_type": "설명글",
    "content_weight": {
      "con_clearance": 4,
      "con_novelty": 3,
      "con": 4,
      "con_prompt": 0,
      "con_description": 1
    },
    "essay_main_subject": "영화/독서감상문",
    "expression_weight": {
      "exp_style": 1,
      "exp_grammar": 2,
      "exp_vocab": 3,
      "exp": 4
    }
  },
  "correction": [],
  "info": {
    "essay_id": "ESSAY_33960",
    "essay_prompt": " 영화에는 로맨스, 액션, 스릴러 등 정말 많은 장르가 있습니다. 사람마다 좋아하는 장르가 있고 절대 보지 않는 장르도 있습니다.\r\n\r\n 독서도 마찬가지입니다. 소설, 수필, 시, 만화, 위인전 등 여러가지 장르가 있습니다.\r\n\r\n 여러분은 어떤 장르를 좋아하나요? 그리고 해당 장르에서 가장 재미있게 봤던 영화나 책은 무엇인가요?\r\n\r\n 자신이 봤던 영화 혹은 책을 한 편 선정하여 주제와 내용 그리고 느낀점을 감상문으로 작성해주세요.",
    "essay_type": "설명글",
    "essay_level": "3",
    "essay_len": 1181,
    "essay_main_subject": "영화/독서감상문"
  }
}