{
  "paragraph": [
    {
      "paragraph_txt": "영어독서시간에 영어 책을 찾던 중 우주정거장이 찍힌 표지가 흥미로워서 읽어보았다.#@문장구분# 이 책은 우주비행사가 왜 우주로 가는지로 시작해서 무엇을 먹고 어떻게 자고 등등 여러 우주비행사의 생활에 대해 알려준다.#@문장구분# 우주비행사는 우주의 달, 태양  등 우주에 대해 연구하기 위해 우주로 간다.#@문장구분# 우주비행사는 그들의 일을 위해 거울과 라디오가 부착된 옷을 입고 문제가 생 겼을 경우 처리할 수 있도록 한다.#@문장구분# 우주비행사는 벽에 부착된 가방에서 자는데 그렇게 하지 않으면 그들의 몸은 중력이 없 기 때문에 둥둥 떠다닌다.#@문장구분# 우주비행사가 먹는 음식은 우리가 지구에서 먹는 음식과 비숫하다.#@문장구분# 그들은 우주에서 우주 정거장 을 고치거나 새로운 도구들을 실험해본다.#@문장구분# 글쓴이는 우리가 우주비행사가 되기 위해 공부를 열심히 해야하고 자신의 꿈을 믿어 보라고 마지막에 말하는데, 이 말이 나에게 큰 힘이 되었다.#@문장구분#",
      "paragraph_len": 594,
      "paragraph_id": "001"
    }
  ],
  "score": {
    "paragraph_score": [
      {
        "paragraph_scoreT": [
          2.5,
          2,
          1.8333334
        ],
        "paragraph_scoreT_detail": {
          "paragraph_scoreT_exp": [
            [
              2,
              3,
              2
            ],
            [
              2,
              2,
              2
            ],
            [
              2,
              2,
              1
            ]
          ]
        },
        "paragraph_scoreT_avg": 2.1111112,
        "paragraph_id": "001"
      }
    ],
    "essay_scoreT": [
      20.666668,
      20,
      16.833334
    ],
    "essay_scoreT_avg": 19.166666,
    "essay_scoreT_detail": {
      "essay_scoreT_org": [
        [
          2,
          1,
          1,
          0
        ],
        [
          2,
          2,
          2,
          2
        ],
        [
          1,
          1,
          1,
          1
        ]
      ],
      "essay_scoreT_cont": [
        [
          3,
          1,
          0,
          1
        ],
        [
          2,
          2,
          0,
          2
        ],
        [
          2,
          2,
          0,
          1
        ]
      ],
      "essay_scoreT_exp": [
        [
          2,
          3,
          2
        ],
        [
          2,
          2,
          2
        ],
        [
          2,
          2,
          1
        ]
      ]
    }
  },
  "student": {
    "date": "2021.09.07",
    "student_educated": true,
    "student_grade": "고등_1학년",
    "location": "063",
    "student_grade_group": "고등",
    "student_reading": 3
  },
  "rubric": {
    "essay_grade": "고등_1학년",
    "organization_weight": {
      "org_paragraph": 2,
      "org": 2,
      "org_essay": 4,
      "org_coherence": 2,
      "org_quantity": 1
    },
    "essay_type": "설명글",
    "content_weight": {
      "con_clearance": 4,
      "con_novelty": 3,
      "con": 4,
      "con_prompt": 0,
      "con_description": 1
    },
    "essay_main_subject": "영화/독서감상문",
    "expression_weight": {
      "exp_style": 1,
      "exp_grammar": 2,
      "exp_vocab": 3,
      "exp": 4
    }
  },
  "correction": [],
  "info": {
    "essay_id": "ESSAY_34505",
    "essay_prompt": " 영화에는 로맨스, 액션, 스릴러 등 정말 많은 장르가 있습니다. 사람마다 좋아하는 장르가 있고 절대 보지 않는 장르도 있습니다.\r\n\r\n 독서도 마찬가지입니다. 소설, 수필, 시, 만화, 위인전 등 여러가지 장르가 있습니다.\r\n\r\n 여러분은 어떤 장르를 좋아하나요? 그리고 해당 장르에서 가장 재미있게 봤던 영화나 책은 무엇인가요?\r\n\r\n 자신이 봤던 영화 혹은 책을 한 편 선정하여 주제와 내용 그리고 느낀점을 감상문으로 작성해주세요.",
    "essay_type": "설명글",
    "essay_level": "3",
    "essay_len": 434,
    "essay_main_subject": "영화/독서감상문"
  }
}