{
  "paragraph": [
    {
      "paragraph_txt": "이 책의 프롤로그에서는 3030년을 배경으로 하고 있다.#@문장구분# 이때 지구는 이미 버려진 상태고, 지구의 자원은 모두 고갈된 상태이다.#@문장구분# 많은 사람들은 '베타'라는 행성에 살고 있다. 소수의 사람만 지구에 남아있는 상태이다.#@문장구분# 그 사람들중 대부분은 프로젝트 알파에 참여하고 있는 과학자들이다.#@문장구분# 그들은 수년간 약간의 변화와 몇가지 삶의 신호를 찾는다.#@문장구분# 챕터1에서는 Derek Dugin이라는 사람과 그의 아들이 나오는데 이들은 프로젝트 알파에 참여하기 위해 지구에 온지 1년 정도 된 사람들이다.#@문장구분# 그들이 1년동안 지구에 있으면서 지구의 공기의 질은 사람이 숨쉴때 그 공기를 마시게 되면 치명적일 수있을 지경에까지 이르렀다.#@문장구분# 그때 두사람은 지구는 가망이 없다고 판단을 하고 자책한다.#@문장구분# 챕터2에서는 Dr. stephanie가 나오는데 그녀는 지구가 그렇게 된것에 대해 걱정마라.#@문장구분# 라고 말한다.#@문장구분# 그녀는 프로젝트 알파의 지휘관이었다.#@문장구분# Dennis와 Derek은 Dr. sturbridge에게서 온 영상편지를 보고는 자신들이 가능한 한 빨리 그 메시지에 답해야겠다고 생각하고 마음을 다잡는다.#@문장구분# 챕터3에서는 자책한 아버지를 위로 하는 Dennis가 당신은할 수 있어요#@문장구분# 당신이 할 수 있는것에 최선을 다하면 그 뿐인걸요.#@문장구분# 라고 말을 한다.#@문장구분# 나는 이 문장을 아주 깊이 새겼다.#@문장구분# 굳이 내가 큰 성과를 내지 못하더라도 '내가 이것에참여하고, 힘을 보탰다는것에 의미를 두자'고 생각하게 되었다.#@문장구분# 챕터 4와5에서는 바깥을 탐사하던 중에 중요한 발견을 하게 된다는 이야기를 한다.#@문장구분# 마지막 챕터6에서는지구가 사람들이 지구를 되살릴수 있다는 믿음과 신뢰, 인내에서 자신들이 할 수 있는것에 최선을 다하여 지구가 예전의 모습을 조금씩 되찾아가는 모습이 나타난다.#@문장구분# 이책에서 나는 아들이 아버지를 위로하며 했던말을 앞에서도 했지만, 다시 한번 말할정도로 인상 깊었다.#@문장구분# 성과를 내는것이 물론 중요하지만 그것보다 더 중요한것은 그것에 참여함으로써 내가 새로운 발견을 하게 하고, 더 힘을 보태게 되고, 그 사람들 사이에서 내가 정말 도움이 되었다는 것을 느낄 수만 있다면 그것으로 된것이라는 생각을 하게 되었다.#@문장구분#",
      "paragraph_len": 1463,
      "paragraph_id": "001"
    }
  ],
  "score": {
    "paragraph_score": [
      {
        "paragraph_scoreT": [
          3,
          2.8333333,
          2
        ],
        "paragraph_scoreT_detail": {
          "paragraph_scoreT_exp": [
            [
              3,
              3,
              3
            ],
            [
              3,
              3,
              2
            ],
            [
              2,
              2,
              2
            ]
          ]
        },
        "paragraph_scoreT_avg": 2.611111,
        "paragraph_id": "001"
      }
    ],
    "essay_scoreT": [
      30,
      26.055555,
      22.722221
    ],
    "essay_scoreT_avg": 26.25926,
    "essay_scoreT_detail": {
      "essay_scoreT_org": [
        [
          3,
          3,
          3,
          3
        ],
        [
          2,
          2,
          2,
          3
        ],
        [
          2,
          2,
          2,
          3
        ]
      ],
      "essay_scoreT_cont": [
        [
          3,
          3,
          0,
          3
        ],
        [
          3,
          2,
          0,
          3
        ],
        [
          3,
          2,
          0,
          3
        ]
      ],
      "essay_scoreT_exp": [
        [
          3,
          3,
          3
        ],
        [
          3,
          3,
          2
        ],
        [
          2,
          2,
          2
        ]
      ]
    }
  },
  "student": {
    "date": "2021.09.13",
    "student_educated": true,
    "student_grade": "고등_1학년",
    "location": "063",
    "student_grade_group": "고등",
    "student_reading": 1
  },
  "rubric": {
    "essay_grade": "고등_1학년",
    "organization_weight": {
      "org_paragraph": 2,
      "org": 2,
      "org_essay": 4,
      "org_coherence": 2,
      "org_quantity": 1
    },
    "essay_type": "설명글",
    "content_weight": {
      "con_clearance": 4,
      "con_novelty": 3,
      "con": 4,
      "con_prompt": 0,
      "con_description": 1
    },
    "essay_main_subject": "영화/독서감상문",
    "expression_weight": {
      "exp_style": 1,
      "exp_grammar": 2,
      "exp_vocab": 3,
      "exp": 4
    }
  },
  "correction": [],
  "info": {
    "essay_id": "ESSAY_34431",
    "essay_prompt": " 영화에는 로맨스, 액션, 스릴러 등 정말 많은 장르가 있습니다. 사람마다 좋아하는 장르가 있고 절대 보지 않는 장르도 있습니다.\r\n\r\n 독서도 마찬가지입니다. 소설, 수필, 시, 만화, 위인전 등 여러가지 장르가 있습니다.\r\n\r\n 여러분은 어떤 장르를 좋아하나요? 그리고 해당 장르에서 가장 재미있게 봤던 영화나 책은 무엇인가요?\r\n\r\n 자신이 봤던 영화 혹은 책을 한 편 선정하여 주제와 내용 그리고 느낀점을 감상문으로 작성해주세요.",
    "essay_type": "설명글",
    "essay_level": "3",
    "essay_len": 1043,
    "essay_main_subject": "영화/독서감상문"
  }
}