{
  "paragraph": [
    {
      "paragraph_txt": "이 책은 교과서를 통해 수업 시간에 읽게 된 책입니다.#@문장구분#이 책은 한 남자가 여자에게 거짓말을 하여 둘의 사랑이 끝나는 얘기입니다.#@문장구분# 남자가 여자가 한 말이 진실이 아님에도 불구하고 그것을 더욱 더 과장하여 그녀가 만족하게 한 후 그녀에게 고백을 하였지만 그녀는 부끄러워 나중에 답을 한다고 하면 피했다.#@문장구분# 그는 당황했지만 그녀를 믿고 기다려주기로 했다.#@문장구분# 그리고 다음 날 그는 한 화분에 담긴 특별한 선인장을 받았다.#@문장구분# 그 곳에는 한 글귀가 쓰여져 있었는데 남자는 그것이 이름인 줄 알고 답을 받지 않았다고 생각하고 그녀에게 실망해서 그녀를 찾아가지 않았다.#@문장구분#\n몇 일 후,한 저녁 모임에서 둘은 만나게 되는데 그들은 인사를 했지만 그녀는 그가 대답해주기를 기다리고 있었다.#@문장구분#하지만 남자도 그녀 에게 대답을 기다리고 있어 서로는 만나지 않았다.#@문장구분#그렇게 서로를 오해하여 둘의 사랑은 이루어지지 않았고,그들은 멀어져 갔다.#@문장구분# 그러던 어느 날,그는 그녀의 결혼식에 가게 된다.#@문장구분#그는 항상 자신감이 넘쳤지만 굴욕을 느꼈고 왜 자신이 이루어지지 못했는지 이해를 하지 못했다.#@문장구분#\n그리고 그의 친구와 같은 방에 있게 되는데, 그 곳에서 친구는 선인장에 적혀있는 말을 읽어주었고, 그는 그것에 놀라며 이야기가 끝이 나지만,그는 아마도 많이 놀랐을 것이고,자신이 거짓말을 했다는 것에 후회했을 것이다.#@문장구분#\n이 책에서 인상 깊은 내용은 남자의 한 말로 인해서 그녀를 기대하게 한 장면입니다.#@문장구분# 그 장면으로 인해 남자는 후회를 하고 사랑도 이 루어지지 않았기 때문입니다.#@문장구분#저는 이 책을 보고 아무리 사랑하는 사람이더라도 거짓말을 하며 이렇게 후회하지 않도록 할 것이고 스 페인어에도 관심이 조금 생긴것 같습니다.#@문장구분#",
      "paragraph_len": 1119,
      "paragraph_id": "001"
    }
  ],
  "score": {
    "paragraph_score": [
      {
        "paragraph_scoreT": [
          2,
          2.3333333,
          1.8333334
        ],
        "paragraph_scoreT_detail": {
          "paragraph_scoreT_exp": [
            [
              2,
              2,
              2
            ],
            [
              3,
              2,
              2
            ],
            [
              2,
              2,
              1
            ]
          ]
        },
        "paragraph_scoreT_avg": 2.0555556,
        "paragraph_id": "001"
      }
    ],
    "essay_scoreT": [
      20.222221,
      23.777779,
      19.333334
    ],
    "essay_scoreT_avg": 21.111113,
    "essay_scoreT_detail": {
      "essay_scoreT_org": [
        [
          2,
          2,
          2,
          3
        ],
        [
          2,
          2,
          3,
          2
        ],
        [
          2,
          2,
          2,
          2
        ]
      ],
      "essay_scoreT_cont": [
        [
          2,
          2,
          0,
          2
        ],
        [
          3,
          2,
          0,
          2
        ],
        [
          2,
          2,
          0,
          2
        ]
      ],
      "essay_scoreT_exp": [
        [
          2,
          2,
          2
        ],
        [
          3,
          2,
          2
        ],
        [
          2,
          2,
          1
        ]
      ]
    }
  },
  "student": {
    "date": "2021.09.07",
    "student_educated": true,
    "student_grade": "고등_1학년",
    "location": "063",
    "student_grade_group": "고등",
    "student_reading": 3
  },
  "rubric": {
    "essay_grade": "고등_1학년",
    "organization_weight": {
      "org_paragraph": 2,
      "org": 2,
      "org_essay": 4,
      "org_coherence": 2,
      "org_quantity": 1
    },
    "essay_type": "설명글",
    "content_weight": {
      "con_clearance": 4,
      "con_novelty": 3,
      "con": 4,
      "con_prompt": 0,
      "con_description": 1
    },
    "essay_main_subject": "영화/독서감상문",
    "expression_weight": {
      "exp_style": 1,
      "exp_grammar": 2,
      "exp_vocab": 3,
      "exp": 4
    }
  },
  "correction": [],
  "info": {
    "essay_id": "ESSAY_34529",
    "essay_prompt": " 영화에는 로맨스, 액션, 스릴러 등 정말 많은 장르가 있습니다. 사람마다 좋아하는 장르가 있고 절대 보지 않는 장르도 있습니다.\r\n\r\n 독서도 마찬가지입니다. 소설, 수필, 시, 만화, 위인전 등 여러가지 장르가 있습니다.\r\n\r\n 여러분은 어떤 장르를 좋아하나요? 그리고 해당 장르에서 가장 재미있게 봤던 영화나 책은 무엇인가요?\r\n\r\n 자신이 봤던 영화 혹은 책을 한 편 선정하여 주제와 내용 그리고 느낀점을 감상문으로 작성해주세요.",
    "essay_type": "설명글",
    "essay_level": "3",
    "essay_len": 817,
    "essay_main_subject": "영화/독서감상문"
  }
}