{
  "paragraph": [
    {
      "paragraph_txt": "'The cactus'는 'O.henry'라는 작가의 단편 소설이다.#@문장구분# 간단한 줄거리를 소개하자면, 주인공인 'Tryslade'는 귀족으로 자존심과 허영심으로 된 갑옷을 입고 안정적이고 당당한 삶을 살고 있었다.#@문장구분# 그러나 그는 거짓말로 인해 그가 사랑했던 여자, 자존심등 그에게 소중했던 것들을 잃게 된다.#@문장구분# 사건의 전말은 그녀가 어느날 주인공과 밤을 보내고 있을 때, 선장에게서 그가 스페인어를 원어민처럼 아주 능숙하게 할 수 있다던 소문을 들었다고 했다.#@문장구분# 그녀의 칭찬은 너무나 달콤해서 주인공은 그냥 거짓말로 스페인어를 아주 잘한다고 하고 후에 그녀에게 청혼했다.#@문장구분# 그녀는 잠깐 답을 보류했다.#@문장구분# 다음날 그녀는 답으로 'ventomarme'라고 적힌 화분에 든 선인장을 주인공의 집에 보냈다.#@문장구분# 그는 'ventomarme'라는 말 뜻을 이해하지 못하고 사랑했던 여인을 놓치게된다.#@문장구분# 사실 'ventomarme'는 스페인어인데 영어로 'come and take me'라는 뜻을 가진다.#@문장구분# 번역하자면 '와서 저를 데리고 가요'정도로 해석할 수 있다.#@문장구분# 단편 소설이었지만 거짓말이 불러오는 말로를 간접적으로 경험했고, 거짓말을 대하는 나름의 교훈을 얻을 수 있었다.#@문장구분# 내가 만약 주인공이었다면, 나는 진실을 말했을 것 같다.#@문장구분# 스페인어를 못하는 것은 전혀 범죄가 아니고 그렇게 큰 대가를 치를 필요가 없다.#@문장구분# 그러면 그녀는 청혼에 대한 답으로 다를 수단을 사용했을 것이다.#@문장구분# 그리고 난 연인 간에는 신뢰가 무엇보다 중요하다고 생각한다.#@문장구분# 신뢰 없이는 건강한 관계도 형성하기 힘들다.#@문장구분# 'ventomarme'라는 말은 내 뇌리에 깊이 각인되었다.#@문장구분# 사랑과 거짓의 비애가 깃든 아름다운 말이라고 생각한다.#@문장구분#",
      "paragraph_len": 1183,
      "paragraph_id": "001"
    }
  ],
  "score": {
    "paragraph_score": [
      {
        "paragraph_scoreT": [
          3,
          3,
          2.1666667
        ],
        "paragraph_scoreT_detail": {
          "paragraph_scoreT_exp": [
            [
              3,
              3,
              3
            ],
            [
              3,
              3,
              3
            ],
            [
              3,
              2,
              1
            ]
          ]
        },
        "paragraph_scoreT_avg": 2.7222223,
        "paragraph_id": "001"
      }
    ],
    "essay_scoreT": [
      28,
      29.277779,
      17.61111
    ],
    "essay_scoreT_avg": 24.962961,
    "essay_scoreT_detail": {
      "essay_scoreT_org": [
        [
          3,
          3,
          3,
          3
        ],
        [
          3,
          3,
          3,
          2
        ],
        [
          2,
          1,
          2,
          3
        ]
      ],
      "essay_scoreT_cont": [
        [
          3,
          2,
          0,
          2
        ],
        [
          3,
          3,
          0,
          2
        ],
        [
          2,
          1,
          0,
          2
        ]
      ],
      "essay_scoreT_exp": [
        [
          3,
          3,
          3
        ],
        [
          3,
          3,
          3
        ],
        [
          2,
          2,
          1
        ]
      ]
    }
  },
  "student": {
    "date": "2021.09.13",
    "student_educated": true,
    "student_grade": "고등_1학년",
    "location": "063",
    "student_grade_group": "고등",
    "student_reading": 1
  },
  "rubric": {
    "essay_grade": "고등_1학년",
    "organization_weight": {
      "org_paragraph": 2,
      "org": 2,
      "org_essay": 4,
      "org_coherence": 2,
      "org_quantity": 1
    },
    "essay_type": "설명글",
    "content_weight": {
      "con_clearance": 4,
      "con_novelty": 3,
      "con": 4,
      "con_prompt": 0,
      "con_description": 1
    },
    "essay_main_subject": "영화/독서감상문",
    "expression_weight": {
      "exp_style": 1,
      "exp_grammar": 2,
      "exp_vocab": 3,
      "exp": 4
    }
  },
  "correction": [],
  "info": {
    "essay_id": "ESSAY_34469",
    "essay_prompt": " 영화에는 로맨스, 액션, 스릴러 등 정말 많은 장르가 있습니다. 사람마다 좋아하는 장르가 있고 절대 보지 않는 장르도 있습니다.\r\n\r\n 독서도 마찬가지입니다. 소설, 수필, 시, 만화, 위인전 등 여러가지 장르가 있습니다.\r\n\r\n 여러분은 어떤 장르를 좋아하나요? 그리고 해당 장르에서 가장 재미있게 봤던 영화나 책은 무엇인가요?\r\n\r\n 자신이 봤던 영화 혹은 책을 한 편 선정하여 주제와 내용 그리고 느낀점을 감상문으로 작성해주세요.",
    "essay_type": "설명글",
    "essay_level": "3",
    "essay_len": 823,
    "essay_main_subject": "영화/독서감상문"
  }
}