{
  "paragraph": [
    {
      "paragraph_txt": "David의 아버지는 곶을 사랑하고 곶을 키우는 것을 좋아하셨다.#@문장구분# 그런데  David가 학교 숙제로 친구들과 곶을 심고 정원을 만들기로 했다.#@문장구분# 그래서  David와 친구들은 다 같이 정원을 만들고 난 뒤 친구들과 농구를 했다.#@문장구분# 나는 이 책을 읽고 친구들과 같이 하는 활동들이 기억이 나고 곧 졸업이기 때문에 이런 활동들이 줄어들 것 같아서 조금 아쉽다.#@문장구분# 그래서 나는 친구들과 기억에 남는 일들을 졸업하기 전까지 최대한 많이 남겨야겠다고 생각했다.#@문장구분# 나는 논술시간을 들으면서 학생으로서의 신분으로는 공부를 하는 것이 당연하지만 때때로 공부에서 벗어나 이런 활동을 해주신 최성우 선생님께 감사하다고 생각한다.#@문장구분#",
      "paragraph_len": 457,
      "paragraph_id": "001"
    }
  ],
  "score": {
    "paragraph_score": [
      {
        "paragraph_scoreT": [
          1.5,
          2,
          1
        ],
        "paragraph_scoreT_detail": {
          "paragraph_scoreT_exp": [
            [
              1,
              2,
              1
            ],
            [
              2,
              2,
              2
            ],
            [
              1,
              1,
              1
            ]
          ]
        },
        "paragraph_scoreT_avg": 1.5,
        "paragraph_id": "001"
      }
    ],
    "essay_scoreT": [
      11.777778,
      20,
      12
    ],
    "essay_scoreT_avg": 14.592593,
    "essay_scoreT_detail": {
      "essay_scoreT_org": [
        [
          1,
          1,
          1,
          0
        ],
        [
          2,
          2,
          2,
          2
        ],
        [
          1,
          1,
          1,
          1
        ]
      ],
      "essay_scoreT_cont": [
        [
          1,
          1,
          0,
          1
        ],
        [
          2,
          2,
          0,
          2
        ],
        [
          2,
          1,
          0,
          1
        ]
      ],
      "essay_scoreT_exp": [
        [
          1,
          2,
          1
        ],
        [
          2,
          2,
          2
        ],
        [
          1,
          1,
          1
        ]
      ]
    }
  },
  "student": {
    "date": "2021.09.10",
    "student_educated": true,
    "student_grade": "고등_1학년",
    "location": "063",
    "student_grade_group": "고등",
    "student_reading": 1
  },
  "rubric": {
    "essay_grade": "고등_1학년",
    "organization_weight": {
      "org_paragraph": 2,
      "org": 2,
      "org_essay": 4,
      "org_coherence": 2,
      "org_quantity": 1
    },
    "essay_type": "설명글",
    "content_weight": {
      "con_clearance": 4,
      "con_novelty": 3,
      "con": 4,
      "con_prompt": 0,
      "con_description": 1
    },
    "essay_main_subject": "영화/독서감상문",
    "expression_weight": {
      "exp_style": 1,
      "exp_grammar": 2,
      "exp_vocab": 3,
      "exp": 4
    }
  },
  "correction": [],
  "info": {
    "essay_id": "ESSAY_34656",
    "essay_prompt": " 영화에는 로맨스, 액션, 스릴러 등 정말 많은 장르가 있습니다. 사람마다 좋아하는 장르가 있고 절대 보지 않는 장르도 있습니다.\r\n\r\n 독서도 마찬가지입니다. 소설, 수필, 시, 만화, 위인전 등 여러가지 장르가 있습니다.\r\n\r\n 여러분은 어떤 장르를 좋아하나요? 그리고 해당 장르에서 가장 재미있게 봤던 영화나 책은 무엇인가요?\r\n\r\n 자신이 봤던 영화 혹은 책을 한 편 선정하여 주제와 내용 그리고 느낀점을 감상문으로 작성해주세요.",
    "essay_type": "설명글",
    "essay_level": "3",
    "essay_len": 340,
    "essay_main_subject": "영화/독서감상문"
  }
}