{
  "paragraph": [
    {
      "paragraph_txt": "영어시간에 읽을 책을 찾다가 Food of Mexico라는 책을 읽게 되었다.#@문장구분# 나는  얼마 전에 스페인어를 공부할 기회가 생겨서 스페인어를 배우게 되어서 스페인어권 나라인 멕시코의 음식에 대하여 궁금증을 가지게 되었다.#@문장구분# 이 책을 읽고 멕시코 음식에 대하여 알아갈 수 있었다.#@문장구분# 특히 멕시코의 옥수수에 대한 것에 대한 것에 많은 것을 알았다.#@문장구분# 마야인은 신이 옥수수로 인간을 빚었다고 믿을 만큼 멕시코 사람들은 옥수수를 주식으로 삼고 있기 때문에 옥수수와 관련된 많은 음식들이 있다.#@문장구분# 나도 여러가지 멕시코 음식을 체험하고 싶다는 생각이 들어 성인이 된후 코로나가 끝나면 꼭 여러나라에 여행을 다니면서 그 나라에 대한 음식에 대하여 조사하고 직접 체험할 것이다.#@문장구분#\n그러기 위해 다양한 언어를 공부하고 음식에 다하여 열심히 공부할 것이다.#@문장구분#",
      "paragraph_len": 547,
      "paragraph_id": "001"
    }
  ],
  "score": {
    "paragraph_score": [
      {
        "paragraph_scoreT": [
          2,
          1.8333334,
          1.8333334
        ],
        "paragraph_scoreT_detail": {
          "paragraph_scoreT_exp": [
            [
              2,
              2,
              2
            ],
            [
              2,
              2,
              1
            ],
            [
              2,
              2,
              1
            ]
          ]
        },
        "paragraph_scoreT_avg": 1.888889,
        "paragraph_id": "001"
      }
    ],
    "essay_scoreT": [
      19.777779,
      17.833334,
      17.277779
    ],
    "essay_scoreT_avg": 18.296297,
    "essay_scoreT_detail": {
      "essay_scoreT_org": [
        [
          2,
          2,
          2,
          1
        ],
        [
          2,
          2,
          2,
          2
        ],
        [
          1,
          2,
          1,
          1
        ]
      ],
      "essay_scoreT_cont": [
        [
          2,
          2,
          0,
          2
        ],
        [
          2,
          1,
          0,
          2
        ],
        [
          2,
          2,
          0,
          1
        ]
      ],
      "essay_scoreT_exp": [
        [
          2,
          2,
          2
        ],
        [
          2,
          2,
          1
        ],
        [
          2,
          2,
          1
        ]
      ]
    }
  },
  "student": {
    "date": "2021.09.10",
    "student_educated": true,
    "student_grade": "고등_1학년",
    "location": "063",
    "student_grade_group": "고등",
    "student_reading": 1
  },
  "rubric": {
    "essay_grade": "고등_1학년",
    "organization_weight": {
      "org_paragraph": 2,
      "org": 2,
      "org_essay": 4,
      "org_coherence": 2,
      "org_quantity": 1
    },
    "essay_type": "설명글",
    "content_weight": {
      "con_clearance": 4,
      "con_novelty": 3,
      "con": 4,
      "con_prompt": 0,
      "con_description": 1
    },
    "essay_main_subject": "영화/독서감상문",
    "expression_weight": {
      "exp_style": 1,
      "exp_grammar": 2,
      "exp_vocab": 3,
      "exp": 4
    }
  },
  "correction": [],
  "info": {
    "essay_id": "ESSAY_34616",
    "essay_prompt": " 영화에는 로맨스, 액션, 스릴러 등 정말 많은 장르가 있습니다. 사람마다 좋아하는 장르가 있고 절대 보지 않는 장르도 있습니다.\r\n\r\n 독서도 마찬가지입니다. 소설, 수필, 시, 만화, 위인전 등 여러가지 장르가 있습니다.\r\n\r\n 여러분은 어떤 장르를 좋아하나요? 그리고 해당 장르에서 가장 재미있게 봤던 영화나 책은 무엇인가요?\r\n\r\n 자신이 봤던 영화 혹은 책을 한 편 선정하여 주제와 내용 그리고 느낀점을 감상문으로 작성해주세요.",
    "essay_type": "설명글",
    "essay_level": "3",
    "essay_len": 408,
    "essay_main_subject": "영화/독서감상문"
  }
}