{
  "paragraph": [
    {
      "paragraph_txt": "수도라는 것은 한 나라를 대표하는 지역이라는 말이다.#@문장구분# 그런데 어떻게 한 나라를 대표하는 지역이 되었는지가 궁금하게 되었다.#@문장구분# 이 책은 이런 궁금중을 풀어줄 수 있을 것이라는 생각을 가지게 되었다.#@문장구분#<br/>수도가 된 이유가 각 나라 마다 다르기 때문에 목차가 없이 나라 별로 설명을 할 것 같았다.#@문장구분# 하지만 수도가 된 이유가 닮은 나라들이 정말 많음을 알게 되었다.#@문장구분# 그 중에서도 라틴 아메리카의 고산지대의 수도는 정말 많았다.#@문장구분# 저위도 이며, 안데스 산맥이 여러 나라를 지나는 라틴아메리카의 사람들은 어쩔 수 없이 가장 살기 좋은 환경인 2000m이상의 상춘기후가 나타는 곳인 고산지대에서 도시를 만들 수 밖에 없었을 것이다.#@문장구분# 그렇게 고산지대에 수도가 생기게 된 곳은 책에 소개 된 것만 14나라가 된다.#@문장구분# 이처럼 기후,지형, 자원 등의 자연적 요인으로 수도가 된 곳도 많이 나와있었으며, 문명, 종교, 정치, 경제 등의 인문적 요인으로 수도가 되게 된 나라도 많이 있었다.#@문장구분# 이 책을 보며, 수도가 되는 과정은 뜬금 없지 않으며 자연스러워 보였다.#@문장구분# 수도에 관한 지식을 많이 얻을 수 있는 계기가 되었으며, 기회가 된다면 각 나라의 수도에 방문하여 역사, 기원 등을 알아보고 싶은 바램을 가지게 되었다.#@문장구분#",
      "paragraph_len": 837,
      "paragraph_id": "001"
    }
  ],
  "score": {
    "paragraph_score": [
      {
        "paragraph_scoreT": [
          2.5,
          1.8333334,
          2
        ],
        "paragraph_scoreT_detail": {
          "paragraph_scoreT_exp": [
            [
              2,
              3,
              2
            ],
            [
              2,
              2,
              1
            ],
            [
              2,
              2,
              2
            ]
          ]
        },
        "paragraph_scoreT_avg": 2.1111112,
        "paragraph_id": "001"
      }
    ],
    "essay_scoreT": [
      22.722221,
      19.11111,
      21.5
    ],
    "essay_scoreT_avg": 21.11111,
    "essay_scoreT_detail": {
      "essay_scoreT_org": [
        [
          2,
          2,
          2,
          3
        ],
        [
          2,
          2,
          2,
          1
        ],
        [
          2,
          2,
          2,
          2
        ]
      ],
      "essay_scoreT_cont": [
        [
          2,
          2,
          0,
          3
        ],
        [
          2,
          2,
          0,
          2
        ],
        [
          3,
          2,
          0,
          1
        ]
      ],
      "essay_scoreT_exp": [
        [
          2,
          3,
          2
        ],
        [
          2,
          2,
          1
        ],
        [
          2,
          2,
          2
        ]
      ]
    }
  },
  "student": {
    "date": "2021.09.09",
    "student_educated": true,
    "student_grade": "고등_1학년",
    "location": "051",
    "student_grade_group": "고등",
    "student_reading": 1
  },
  "rubric": {
    "essay_grade": "고등_1학년",
    "organization_weight": {
      "org_paragraph": 2,
      "org": 2,
      "org_essay": 4,
      "org_coherence": 2,
      "org_quantity": 1
    },
    "essay_type": "설명글",
    "content_weight": {
      "con_clearance": 4,
      "con_novelty": 3,
      "con": 4,
      "con_prompt": 0,
      "con_description": 1
    },
    "essay_main_subject": "영화/독서감상문",
    "expression_weight": {
      "exp_style": 1,
      "exp_grammar": 2,
      "exp_vocab": 3,
      "exp": 4
    }
  },
  "correction": [],
  "info": {
    "essay_id": "ESSAY_34693",
    "essay_prompt": " 영화에는 로맨스, 액션, 스릴러 등 정말 많은 장르가 있습니다. 사람마다 좋아하는 장르가 있고 절대 보지 않는 장르도 있습니다.\r\n\r\n 독서도 마찬가지입니다. 소설, 수필, 시, 만화, 위인전 등 여러가지 장르가 있습니다.\r\n\r\n 여러분은 어떤 장르를 좋아하나요? 그리고 해당 장르에서 가장 재미있게 봤던 영화나 책은 무엇인가요?\r\n\r\n 자신이 봤던 영화 혹은 책을 한 편 선정하여 주제와 내용 그리고 느낀점을 감상문으로 작성해주세요.",
    "essay_type": "설명글",
    "essay_level": "3",
    "essay_len": 607,
    "essay_main_subject": "영화/독서감상문"
  }
}