{
  "paragraph": [
    {
      "paragraph_txt": "이 책은 패럴림픽(장애우들의 올림픽)의 기원과 지금까지의 역사를 설명하고 있다.#@문장구분#",
      "paragraph_len": 64,
      "paragraph_id": "001"
    },
    {
      "paragraph_txt": "패럴림픽의 기원은 거트먼 의사에게서 찾을 수 있다.#@문장구분# 거트먼 의사는 운동경기야말로 환자들의 회복에 가장 좋은 것이라고 생각하였다.#@문장구분#",
      "paragraph_len": 111,
      "paragraph_id": "002"
    },
    {
      "paragraph_txt": "운동경기는 환자들을 더욱 강하게 만들어주기 때문이다.#@문장구분# 그의 주도로 근처 병원의 환자들간 친선경기를 가지곤 했다.#@문장구분#",
      "paragraph_len": 102,
      "paragraph_id": "003"
    },
    {
      "paragraph_txt": "마침네 1960년 정식으로 패럴림픽이 시작되었다.#@문장구분# 초창기 패럴림픽에선 많은 국가들이 참여하지 않았다.#@문장구분# 그러나 시간이 지나면서 점차많은 국가의 장애우선수들이 참여하였다.#@문장구분# 패럴림픽의 종목으로는 축구, 수영, 조정, 그리고 농구가 있다.#@문장구분#",
      "paragraph_len": 209,
      "paragraph_id": "004"
    },
    {
      "paragraph_txt": "또한 이 책에는 패럴림펙에서 매달을 획득한 선수들의 소개가 나와 있다.#@문장구분#",
      "paragraph_len": 59,
      "paragraph_id": "005"
    },
    {
      "paragraph_txt": "선수들을 보면서 참 대단하다고 생각했다.#@문장구분# 정상적으로 운동을 하지 못하는 상황(물리적 한계)속에서도 자신이 하고자 하는 것을 추구하였기 때문이다.#@문장구분#",
      "paragraph_len": 120,
      "paragraph_id": "006"
    },
    {
      "paragraph_txt": "환경을 탓하고, 나의 능력을 탓하면서 좌절할만 한데, 그들은 그렇지 않았다.#@문장구분#",
      "paragraph_len": 62,
      "paragraph_id": "007"
    },
    {
      "paragraph_txt": "자신이 할 수 있는 일을 꾸준히 해나갔고 패럴림픽이라는 무대에서 그들의 노력을 증명받았다.#@문장구분#\n \n나도 패럴림픽 선수들의 정신을 본받고 싶다.#@문장구분#",
      "paragraph_len": 117,
      "paragraph_id": "008"
    },
    {
      "paragraph_txt": "우리가 끝까지 포기하지 않는, 스포츠 맨쉽을 보여주는 올림픽 정신을 본받아야 한다고들 말한다.#@문장구분#",
      "paragraph_len": 72,
      "paragraph_id": "009"
    }
  ],
  "score": {
    "paragraph_score": [
      {
        "paragraph_scoreT": [
          3,
          2.5,
          2.8333333
        ],
        "paragraph_scoreT_detail": {
          "paragraph_scoreT_exp": [
            [
              3,
              3,
              3
            ],
            [
              2,
              3,
              2
            ],
            [
              3,
              3,
              2
            ]
          ]
        },
        "paragraph_scoreT_avg": 2.7777777,
        "paragraph_id": "001"
      },
      {
        "paragraph_scoreT": [
          3,
          2.5,
          2.8333333
        ],
        "paragraph_scoreT_detail": {
          "paragraph_scoreT_exp": [
            [
              3,
              3,
              3
            ],
            [
              2,
              3,
              2
            ],
            [
              3,
              3,
              2
            ]
          ]
        },
        "paragraph_scoreT_avg": 2.7777777,
        "paragraph_id": "002"
      },
      {
        "paragraph_scoreT": [
          3,
          2.5,
          2.8333333
        ],
        "paragraph_scoreT_detail": {
          "paragraph_scoreT_exp": [
            [
              3,
              3,
              3
            ],
            [
              2,
              3,
              2
            ],
            [
              3,
              3,
              2
            ]
          ]
        },
        "paragraph_scoreT_avg": 2.7777777,
        "paragraph_id": "003"
      },
      {
        "paragraph_scoreT": [
          3,
          2.5,
          2.8333333
        ],
        "paragraph_scoreT_detail": {
          "paragraph_scoreT_exp": [
            [
              3,
              3,
              3
            ],
            [
              2,
              3,
              2
            ],
            [
              3,
              3,
              2
            ]
          ]
        },
        "paragraph_scoreT_avg": 2.7777777,
        "paragraph_id": "004"
      },
      {
        "paragraph_scoreT": [
          2.6666667,
          2.5,
          2.8333333
        ],
        "paragraph_scoreT_detail": {
          "paragraph_scoreT_exp": [
            [
              2,
              3,
              3
            ],
            [
              2,
              3,
              2
            ],
            [
              3,
              3,
              2
            ]
          ]
        },
        "paragraph_scoreT_avg": 2.6666667,
        "paragraph_id": "005"
      },
      {
        "paragraph_scoreT": [
          3,
          2.5,
          2.8333333
        ],
        "paragraph_scoreT_detail": {
          "paragraph_scoreT_exp": [
            [
              3,
              3,
              3
            ],
            [
              2,
              3,
              2
            ],
            [
              3,
              3,
              2
            ]
          ]
        },
        "paragraph_scoreT_avg": 2.7777777,
        "paragraph_id": "006"
      },
      {
        "paragraph_scoreT": [
          3,
          2.5,
          2.8333333
        ],
        "paragraph_scoreT_detail": {
          "paragraph_scoreT_exp": [
            [
              3,
              3,
              3
            ],
            [
              2,
              3,
              2
            ],
            [
              3,
              3,
              2
            ]
          ]
        },
        "paragraph_scoreT_avg": 2.7777777,
        "paragraph_id": "007"
      },
      {
        "paragraph_scoreT": [
          3,
          2.5,
          2.8333333
        ],
        "paragraph_scoreT_detail": {
          "paragraph_scoreT_exp": [
            [
              3,
              3,
              3
            ],
            [
              2,
              3,
              2
            ],
            [
              3,
              3,
              2
            ]
          ]
        },
        "paragraph_scoreT_avg": 2.7777777,
        "paragraph_id": "008"
      },
      {
        "paragraph_scoreT": [
          2.6666667,
          2.5,
          2.8333333
        ],
        "paragraph_scoreT_detail": {
          "paragraph_scoreT_exp": [
            [
              2,
              3,
              3
            ],
            [
              2,
              3,
              2
            ],
            [
              3,
              3,
              2
            ]
          ]
        },
        "paragraph_scoreT_avg": 2.6666667,
        "paragraph_id": "009"
      }
    ],
    "essay_scoreT": [
      26.944445,
      28,
      27.11111
    ],
    "essay_scoreT_avg": 27.351852,
    "essay_scoreT_detail": {
      "essay_scoreT_org": [
        [
          3,
          3,
          3,
          2
        ],
        [
          3,
          3,
          3,
          3
        ],
        [
          3,
          3,
          3,
          2
        ]
      ],
      "essay_scoreT_cont": [
        [
          3,
          2,
          0,
          3
        ],
        [
          3,
          3,
          0,
          3
        ],
        [
          3,
          2,
          0,
          2
        ]
      ],
      "essay_scoreT_exp": [
        [
          2,
          3,
          3
        ],
        [
          2,
          3,
          2
        ],
        [
          3,
          3,
          2
        ]
      ]
    }
  },
  "student": {
    "date": "2021.09.13",
    "student_educated": true,
    "student_grade": "고등_1학년",
    "location": "063",
    "student_grade_group": "고등",
    "student_reading": 1
  },
  "rubric": {
    "essay_grade": "고등_1학년",
    "organization_weight": {
      "org_paragraph": 2,
      "org": 2,
      "org_essay": 4,
      "org_coherence": 2,
      "org_quantity": 1
    },
    "essay_type": "설명글",
    "content_weight": {
      "con_clearance": 4,
      "con_novelty": 3,
      "con": 4,
      "con_prompt": 0,
      "con_description": 1
    },
    "essay_main_subject": "영화/독서감상문",
    "expression_weight": {
      "exp_style": 1,
      "exp_grammar": 2,
      "exp_vocab": 3,
      "exp": 4
    }
  },
  "correction": [],
  "info": {
    "essay_id": "ESSAY_34568",
    "essay_prompt": " 영화에는 로맨스, 액션, 스릴러 등 정말 많은 장르가 있습니다. 사람마다 좋아하는 장르가 있고 절대 보지 않는 장르도 있습니다.\r\n\r\n 독서도 마찬가지입니다. 소설, 수필, 시, 만화, 위인전 등 여러가지 장르가 있습니다.\r\n\r\n 여러분은 어떤 장르를 좋아하나요? 그리고 해당 장르에서 가장 재미있게 봤던 영화나 책은 무엇인가요?\r\n\r\n 자신이 봤던 영화 혹은 책을 한 편 선정하여 주제와 내용 그리고 느낀점을 감상문으로 작성해주세요.",
    "essay_type": "설명글",
    "essay_level": "3",
    "essay_len": 612,
    "essay_main_subject": "영화/독서감상문"
  }
}