{
  "paragraph": [
    {
      "paragraph_txt": "조제라는 영화를 보고 원작이 일본인 저자인 책이 있다고하여 도서관에서 찾아 읽어보았다.#@문장구분# 책의 줄거리는 늦은 시간 심야 성인 마작게임장에서 아르바이트를 하는 대학생 츠네오.#@문장구분# 최근에 그곳의 가장 큰 이야기거리는 밤마다 유모차를 끌고 산책다니는 할머니의 이야기이다.#@문장구분# 그 유모차 안에는 엄청나게 많은 돈이나 불법소지물인 마약등이 들어있을 거라고 수근덕대는 장난끼 넘치는 손님들.#@문장구분# 그러던 어느 날 새벽길에 츠네오는 걷다가 언덕길을 달려 내려오는 유모차와 보게되는데, 자신의 눈을 믿지 못할 광경을 보게된다.#@문장구분# 다름아니라 유모차 안에는 어린 여자아이가 있었다.#@문장구분# 그리고 그것이 바로 츠네오와 조제의 첫 대면이였다.#@문장구분# 할머니는 불편한 다리로 인해 걸을수 없는 손녀 조제를 산책시키기 위해 유모차에 태웠던 것이다.#@문장구분# 그녀의 이름은 조제유래는 프랑수아즈 사강의 소솔에서 따온 이름이였다.#@문장구분# 요리실력이 좋았던 츠네오는 방에서 모은 책들을 읽는 것이 유일한 취미이자 행복이였던 조제와 둘도없는 친구가 된다.#@문장구분# 하지만 조제의 할머니는 사회에서 아무짝에 쓸모없는 망가진 물건이라고 말하며, 조제를 너무 아끼고 사랑하지만 세상밖으로 나가는 것을 두려워하는 할머니.#@문장구분# 그러나 츠네오의 노력끝에 할머니를 설득하여, 츠네오는 장애우를 위한 복지 사업의 혜택을 받게 해주면서 물심양면으로 조제를 도와준다.#@문장구분# 그렇게 츠네와와 조제 둘은 서로를 향한 마음이 커져갔지만 조제는 츠네오에게 여자친구가 있는 사실을 알게되고 여자친구에게 자신과 있었던 일들을 낱낱이 말했다는 사실까지 알게되어 조제는 마음의 상처를 받게된다.#@문장구분# 더군다나 조제의 상처받은 모습을 지켜보던 할머니까지 앞으로 이제 더이상 조제와 자신의 삶에 관여하지 말아달라며 이렇게 츠네오는 조제와 둘만의 침체기를 가지게된다.#@문장구분# 5년후 조제는 여전히 집에 살고 할머니는 돌아가시게 된다. #@문장구분#츠네오는 여자친구와 결혼을 하고 취직을 한뒤 가정을꾸리고 휠체어를 타고 집을 나오는 조제와 마주치며 책은 끝난다.#@문장구분#",
      "paragraph_len": 1273,
      "paragraph_id": "001"
    }
  ],
  "score": {
    "paragraph_score": [
      {
        "paragraph_scoreT": [
          3,
          2.3333333,
          2
        ],
        "paragraph_scoreT_detail": {
          "paragraph_scoreT_exp": [
            [
              3,
              3,
              3
            ],
            [
              3,
              2,
              2
            ],
            [
              2,
              2,
              2
            ]
          ]
        },
        "paragraph_scoreT_avg": 2.4444444,
        "paragraph_id": "001"
      }
    ],
    "essay_scoreT": [
      20.5,
      22,
      21.166666
    ],
    "essay_scoreT_avg": 21.222221,
    "essay_scoreT_detail": {
      "essay_scoreT_org": [
        [
          2,
          2,
          2,
          2
        ],
        [
          2,
          2,
          3,
          3
        ],
        [
          2,
          2,
          3,
          3
        ]
      ],
      "essay_scoreT_cont": [
        [
          1,
          1,
          0,
          2
        ],
        [
          2,
          2,
          0,
          2
        ],
        [
          3,
          1,
          0,
          2
        ]
      ],
      "essay_scoreT_exp": [
        [
          3,
          3,
          3
        ],
        [
          3,
          2,
          2
        ],
        [
          2,
          2,
          2
        ]
      ]
    }
  },
  "student": {
    "date": "2021.09.13",
    "student_educated": true,
    "student_grade": "고등_1학년",
    "location": "063",
    "student_grade_group": "고등",
    "student_reading": 2
  },
  "rubric": {
    "essay_grade": "고등_1학년",
    "organization_weight": {
      "org_paragraph": 2,
      "org": 2,
      "org_essay": 4,
      "org_coherence": 2,
      "org_quantity": 1
    },
    "essay_type": "설명글",
    "content_weight": {
      "con_clearance": 4,
      "con_novelty": 3,
      "con": 4,
      "con_prompt": 0,
      "con_description": 1
    },
    "essay_main_subject": "영화/독서감상문",
    "expression_weight": {
      "exp_style": 1,
      "exp_grammar": 2,
      "exp_vocab": 3,
      "exp": 4
    }
  },
  "correction": [],
  "info": {
    "essay_id": "ESSAY_34443",
    "essay_prompt": " 영화에는 로맨스, 액션, 스릴러 등 정말 많은 장르가 있습니다. 사람마다 좋아하는 장르가 있고 절대 보지 않는 장르도 있습니다.\r\n\r\n 독서도 마찬가지입니다. 소설, 수필, 시, 만화, 위인전 등 여러가지 장르가 있습니다.\r\n\r\n 여러분은 어떤 장르를 좋아하나요? 그리고 해당 장르에서 가장 재미있게 봤던 영화나 책은 무엇인가요?\r\n\r\n 자신이 봤던 영화 혹은 책을 한 편 선정하여 주제와 내용 그리고 느낀점을 감상문으로 작성해주세요.",
    "essay_type": "설명글",
    "essay_level": "3",
    "essay_len": 953,
    "essay_main_subject": "영화/독서감상문"
  }
}