{
  "paragraph": [
    {
      "paragraph_txt": "난 최근에 장난스런 키스라는 대만 영화를 보았다. #@문장구분#그 영화는 여고생이고 가난한 위안샹친과 남고생이고 부유한 장즈수의 내용을 담은 영화이다.#@문장구분# 첫 시작은 계단을 오르던 위안샹친이 발을 헛 디뎌 넘어질 거같던 위안샹친을 앞에있는 장즈수가 잡아주게 되며 그 행동에 중심을 잃고 둘은 의도치 않게 키스를 하게 된다.#@문장구분# 그렇게 위안샹친은 장즈수에게 빠지게 되고 장즈수에게 고백을 하게된다.#@문장구분# 하지만 장즈수는 그녀의 고백을 비웃으며 거절했고 그 모습을 전교생이 보게된다.#@문장구분#며칠 후 위안샹친의 부실한 집은 부서지게 되고 뉴스에 나와 전교생이 그녀의 상황을 알게되었다.#@문장구분# 물론 장즈수도 알고 그녀에게 못된 말을 퍼부었다. #@문장구분#위안샹친은 아버지와 둘 이서 살고 있는데 집을 마련하기 전까지 아버지의 절친의 집에서 지내기로 한다.#@문장구분# 그 아버지의 절친은 장즈수의 아버지였고 이 사실을 안 장즈수는 위안샹친을 더 싫어하게 되었다.#@문장구분# 계속 위안샹친은 장즈수에게 들이대지만 몇 번이고 까였다.#@문장구분# 어느 날 체육을 하던 중 장즈수 팬클럽 여자무리들이 위안샹친에게 인신공격을 하며 공부를 못한다며 놀려대기 시작한다.#@문장구분#그것에 화가 난 위안샹친은 전교 1등인 장즈수에게 공부를 도와달라하기 시작한다.#@문장구분# 당연히 장즈수는 거부했지만 위안샹친은 장즈수가 어머니를 위해 여장을 하고 춤을 춘 영상으로 협박을 한다.#@문장구분# 장즈수는 공부를 도와주기로 했고 위안샹친은 전교 100등 안에 들어서 여자무리들에게 한방먹여줬다.#@문장구분# 그 후 체육대회 날 장즈수가 위안샹친이 화가나게 만들었고 위안샹친은 '이젠 널 좋아하지 않을 거야' 라며 날하고 그 자리를 떠났다.#@문장구분# 장즈수는 뒤쫓아 그녀에게 키스를 했다.#@문장구분# 위안샹친은 그런 모습을 보고 안좋아 할 수가 없었다.#@문장구분# 대학을 간 뒤 장즈수와 위안샹친은 다시 멀어졌다.#@문장구분# 장즈수는 아버지의 회사를 물려받아 힘든 삶을 살아야했지만 위안샹친은 간호사가 되기위해 열심히 일했다.#@문장구분# 그러던 어느날 장즈수가 다른여자와 있는 것을 발견한 위안샹친은 질투가 나 복수하기로 한다.#@문장구분# 둘을 미행하가가 여자가 혼란을 하며 길을 잃었을 때 장즈수만 데리고 나와 둘만의 데이트를 가진다.#@문장구분# 배 타기를 하며 놀았는데 그 때 각자 하지 못했던 말들을 하게된다.#@문장구분# 장즈수의 원래 꿈은 의사였고 위안샹친은 간호사 였다는 것이다.#@문장구분# 그렇게 놀다보니 버스가 끊겼고 근처 여관에서 자기로 한다.#@문장구분# 둘의 사이는 가까워졌고,다음 날 장즈수의 아버지에게 건강문제가 생겼다는 전화를 받고 병원으로 간다.#@문장구분# 위안샹친은 병문안을 갈 때 곰탕을 싸서 갔지만 장즈수는 도로 가져가라고 한다.#@문장구분# 그러곤 위안샹친에게 약혼녀가 생겼다 말한다.#@문장구분# 모든 걸 포기한 위안샹친은 상관없다는 투로 말한다.#@문장구분# 사실 약혼녀가 있다는 것은 거짓말이었고 위안샹친을 질투나게 하기 위해서 한 말 이었다.#@문장구분# 그렇게 위안샹친은 축하한다 말하고 그 자리를 떠나게 되고 몇년이 지나고 장즈수를 잊을 수 없던 위안샹친은 매일매일 그의 SNS를 염탐하게 된다.#@문장구분# 그가 모교에서 연설을 한다는 소식을 듣고 위안샹친은 모교를 찾아간다. #@문장구분#하지만 거기엔 학생은 아무도 없었고 장즈수만 있게 된다.#@문장구분#알고보니 그가 올리는 게시물들은 모두 위안샹친만 볼 수 있게 되어있었던 것이다.#@문장구분# 장즈수는 위안샹친에게 프로포즈를 하게 되며 결국 결혼하게 된다.#@문장구분# ",
      "paragraph_len": 2238,
      "paragraph_id": "001"
    },
    {
      "paragraph_txt": " 유치한 면도 있었지만 그만큼 슬픈 내용도 많았다.#@문장구분#내가 좋아하는 왕대륙이라는 배우가 나와서 더 몰입하면서 볼 수 있었던 것같다.#@문장구분#",
      "paragraph_len": 111,
      "paragraph_id": "002"
    }
  ],
  "score": {
    "paragraph_score": [
      {
        "paragraph_scoreT": [
          3,
          2.8333333,
          1.8333334
        ],
        "paragraph_scoreT_detail": {
          "paragraph_scoreT_exp": [
            [
              3,
              3,
              3
            ],
            [
              3,
              3,
              2
            ],
            [
              2,
              2,
              1
            ]
          ]
        },
        "paragraph_scoreT_avg": 2.5555556,
        "paragraph_id": "001"
      },
      {
        "paragraph_scoreT": [
          3,
          2.8333333,
          1.8333334
        ],
        "paragraph_scoreT_detail": {
          "paragraph_scoreT_exp": [
            [
              3,
              3,
              3
            ],
            [
              3,
              3,
              2
            ],
            [
              2,
              2,
              1
            ]
          ]
        },
        "paragraph_scoreT_avg": 2.5555556,
        "paragraph_id": "002"
      }
    ],
    "essay_scoreT": [
      30,
      26.055555,
      19
    ],
    "essay_scoreT_avg": 25.018518,
    "essay_scoreT_detail": {
      "essay_scoreT_org": [
        [
          3,
          3,
          3,
          3
        ],
        [
          2,
          2,
          2,
          3
        ],
        [
          2,
          2,
          3,
          3
        ]
      ],
      "essay_scoreT_cont": [
        [
          3,
          3,
          0,
          3
        ],
        [
          3,
          2,
          0,
          3
        ],
        [
          2,
          1,
          0,
          3
        ]
      ],
      "essay_scoreT_exp": [
        [
          3,
          3,
          3
        ],
        [
          3,
          3,
          2
        ],
        [
          2,
          2,
          1
        ]
      ]
    }
  },
  "student": {
    "date": "2021.09.13",
    "student_educated": true,
    "student_grade": "고등_1학년",
    "location": "051",
    "student_grade_group": "고등",
    "student_reading": 3
  },
  "rubric": {
    "essay_grade": "고등_1학년",
    "organization_weight": {
      "org_paragraph": 2,
      "org": 2,
      "org_essay": 4,
      "org_coherence": 2,
      "org_quantity": 1
    },
    "essay_type": "설명글",
    "content_weight": {
      "con_clearance": 4,
      "con_novelty": 3,
      "con": 4,
      "con_prompt": 0,
      "con_description": 1
    },
    "essay_main_subject": "영화/독서감상문",
    "expression_weight": {
      "exp_style": 1,
      "exp_grammar": 2,
      "exp_vocab": 3,
      "exp": 4
    }
  },
  "correction": [],
  "info": {
    "essay_id": "ESSAY_34120",
    "essay_prompt": " 영화에는 로맨스, 액션, 스릴러 등 정말 많은 장르가 있습니다. 사람마다 좋아하는 장르가 있고 절대 보지 않는 장르도 있습니다.\r\n\r\n 독서도 마찬가지입니다. 소설, 수필, 시, 만화, 위인전 등 여러가지 장르가 있습니다.\r\n\r\n 여러분은 어떤 장르를 좋아하나요? 그리고 해당 장르에서 가장 재미있게 봤던 영화나 책은 무엇인가요?\r\n\r\n 자신이 봤던 영화 혹은 책을 한 편 선정하여 주제와 내용 그리고 느낀점을 감상문으로 작성해주세요.",
    "essay_type": "설명글",
    "essay_level": "3",
    "essay_len": 1632,
    "essay_main_subject": "영화/독서감상문"
  }
}