{
  "paragraph": [
    {
      "paragraph_txt": "YBM Reading Farm'에서 'Big Cats'를 읽었다.#@문장구분#'Big Cats'는 고양잇과 맹수들을 다루고 있는 책의 내용이다.#@문장구분#호랑이,사자,표범,치타,퓨마 등등 여러가지 고양잇과 맹수들의 특성과 서식지 먹이 같은 것의 설명이 나온다.#@문장구분# 평소에 동물의 왕국 같은 다큐멘터리를 보면서 그런 맹수들을 잘 알고 있다고 생각했지만 책의 내용을 보니 아는 부분은 극히 일부에 불과하다는 것을 알게 되었다.#@문장구분#사자는 송곳니가 3cm인 것에서 시작해서 호랑이는 정글이나 밀림에서 살고 사자는 초원에서 산다는 것도 알았다.#@문장구분# 또 사자나 호랑이는 한번에 6파운드의 고기를 먹는다는 것도 알았고 치타와 퓨마는 몸짓이 작아 사냥하기가 생각보다 어렵다는 것도 알았다.#@문장구분# 이 책을 읽으면서 YBM ReadingFarm을 더 애용해야겠다고 생각했다.#@문장구분#유익한 정보도 많고 영어 실력도 늘어나는 느낌이었다.#@문장구분#",
      "paragraph_len": 590,
      "paragraph_id": "001"
    }
  ],
  "score": {
    "paragraph_score": [
      {
        "paragraph_scoreT": [
          1.8333334,
          1.8333334,
          1.3333334
        ],
        "paragraph_scoreT_detail": {
          "paragraph_scoreT_exp": [
            [
              2,
              2,
              1
            ],
            [
              2,
              2,
              1
            ],
            [
              2,
              1,
              1
            ]
          ]
        },
        "paragraph_scoreT_avg": 1.6666666,
        "paragraph_id": "001"
      }
    ],
    "essay_scoreT": [
      16.722221,
      16.222221,
      17.11111
    ],
    "essay_scoreT_avg": 16.685184,
    "essay_scoreT_detail": {
      "essay_scoreT_org": [
        [
          1,
          2,
          2,
          1
        ],
        [
          1,
          2,
          2,
          1
        ],
        [
          2,
          2,
          2,
          1
        ]
      ],
      "essay_scoreT_cont": [
        [
          2,
          1,
          0,
          2
        ],
        [
          2,
          1,
          0,
          1
        ],
        [
          2,
          2,
          0,
          2
        ]
      ],
      "essay_scoreT_exp": [
        [
          2,
          2,
          1
        ],
        [
          2,
          2,
          1
        ],
        [
          2,
          1,
          1
        ]
      ]
    }
  },
  "student": {
    "date": "2021.09.13",
    "student_educated": true,
    "student_grade": "고등_1학년",
    "location": "063",
    "student_grade_group": "고등",
    "student_reading": 1
  },
  "rubric": {
    "essay_grade": "고등_1학년",
    "organization_weight": {
      "org_paragraph": 2,
      "org": 2,
      "org_essay": 4,
      "org_coherence": 2,
      "org_quantity": 1
    },
    "essay_type": "설명글",
    "content_weight": {
      "con_clearance": 4,
      "con_novelty": 3,
      "con": 4,
      "con_prompt": 0,
      "con_description": 1
    },
    "essay_main_subject": "영화/독서감상문",
    "expression_weight": {
      "exp_style": 1,
      "exp_grammar": 2,
      "exp_vocab": 3,
      "exp": 4
    }
  },
  "correction": [],
  "info": {
    "essay_id": "ESSAY_34742",
    "essay_prompt": " 영화에는 로맨스, 액션, 스릴러 등 정말 많은 장르가 있습니다. 사람마다 좋아하는 장르가 있고 절대 보지 않는 장르도 있습니다.\r\n\r\n 독서도 마찬가지입니다. 소설, 수필, 시, 만화, 위인전 등 여러가지 장르가 있습니다.\r\n\r\n 여러분은 어떤 장르를 좋아하나요? 그리고 해당 장르에서 가장 재미있게 봤던 영화나 책은 무엇인가요?\r\n\r\n 자신이 봤던 영화 혹은 책을 한 편 선정하여 주제와 내용 그리고 느낀점을 감상문으로 작성해주세요.",
    "essay_type": "설명글",
    "essay_level": "3",
    "essay_len": 430,
    "essay_main_subject": "영화/독서감상문"
  }
}