{
  "paragraph": [
    {
      "paragraph_txt": "최근에 넷플릭스에서 <오만과 편견>이라는 영화를 본 적 있다.#@문장구분# 이 영화의 여주인공인 엘리자베스와 남주인공인 다아시는 저택의 댄스 파티에서 처음 만난다.#@문장구분# 그 이후로 계속 마주치며 무뚝뚝한 성격의 다아시는 자존심 강한 엘리자베스를 좋아하게 되어 비가 쏟아지는 날 그녀에게 자신의 마음을 고백한다.#@문장구분# 그러나 그녀는 다아시가 오만한 남자라는 편견이 있었기 때문에 그를 거절하고 만다.#@문장구분# 그 후 다양한 사건을 통해서 다아시가 마음이 따뜻하고 좋은 사람이라는 걸 알게 된다.#@문장구분# 그리고 그동안 그를 오만한 남자라고 칭하며 편견에 빠졌던 자신의 생각이 잘못 되었다는 것을 느끼고, 둘은 부모님께 결혼을 허락 받으며 영화는 끝이 난다.#@문장구분# 사실 그렇게 큰 기대를 하지 않고 봤는데, 영화 시작부터 끝까지 흠잡을 데가 없는 완벽한 영화였다.#@문장구분# 영상의 분위기나 중간 중간에 들려오는 잔잔한 음악, 영화를 보면서 시선을 떼지 못하게 만드는 아름다운 배경이 좋았고 영화에 더 잘 몰입할 수 있도록 도왔다.#@문장구분# 가장 인상 기억에 남았던 건 마지막에 엘리자베스가 아버지에게 결혼을 허락받을 때이다.#@문장구분# 그동안 다아시를 오만한 속물이라고 여겼던 그녀가 아버지에게 \"그는 오만하지 않아요.#@문장구분# 제가 잘못 봤어요.#@문장구분# 우리 모두 그를 오해했어요.#@문장구분# 그 중에서도 전 특히요.#@문장구분# 제가 어리석었어요.#@문장구분# 그 사람과 저는 너무 닮았어요.#@문장구분# 둘 다 고집도 세고...\"라고 말하며 웃고, 아버지가 눈물을 흘리며 \"그를 정말 사랑하는구나.\"라고 이야기하는 부분에서 보는 나까지 뭉클한 기분이 들었다.#@문장구분# 이 영화는 첫인상만 보고 사람을 판단해서는 안 된다는 말을 전하고 싶은 것 같다.#@문장구분# 다아시를 마음에 안 들어 했지만, 점차 만나면서 그에 관한 고정관념이 깨진 엘리자베스처럼 나도 혹 다른 이를 편견에 가득 찬 시선으로 바라보진 않았는지, 상대에게 상처를 주진 않았는지 잘 생각해 보아야겠다.#@문장구분#",
      "paragraph_len": 1265,
      "paragraph_id": "001"
    }
  ],
  "score": {
    "paragraph_score": [
      {
        "paragraph_scoreT": [
          2.8333333,
          2.8333333,
          3
        ],
        "paragraph_scoreT_detail": {
          "paragraph_scoreT_exp": [
            [
              3,
              3,
              2
            ],
            [
              3,
              3,
              2
            ],
            [
              3,
              3,
              3
            ]
          ]
        },
        "paragraph_scoreT_avg": 2.8888886,
        "paragraph_id": "001"
      }
    ],
    "essay_scoreT": [
      25.61111,
      26.722221,
      28.222221
    ],
    "essay_scoreT_avg": 26.851852,
    "essay_scoreT_detail": {
      "essay_scoreT_org": [
        [
          3,
          3,
          3,
          2
        ],
        [
          2,
          3,
          3,
          2
        ],
        [
          2,
          2,
          2,
          3
        ]
      ],
      "essay_scoreT_cont": [
        [
          2,
          2,
          0,
          3
        ],
        [
          3,
          2,
          0,
          3
        ],
        [
          3,
          3,
          0,
          3
        ]
      ],
      "essay_scoreT_exp": [
        [
          3,
          3,
          2
        ],
        [
          3,
          3,
          2
        ],
        [
          3,
          3,
          3
        ]
      ]
    }
  },
  "student": {
    "date": "2021.09.13",
    "student_educated": true,
    "student_grade": "고등_1학년",
    "location": "051",
    "student_grade_group": "고등",
    "student_reading": 3
  },
  "rubric": {
    "essay_grade": "고등_1학년",
    "organization_weight": {
      "org_paragraph": 2,
      "org": 2,
      "org_essay": 4,
      "org_coherence": 2,
      "org_quantity": 1
    },
    "essay_type": "설명글",
    "content_weight": {
      "con_clearance": 4,
      "con_novelty": 3,
      "con": 4,
      "con_prompt": 0,
      "con_description": 1
    },
    "essay_main_subject": "영화/독서감상문",
    "expression_weight": {
      "exp_style": 1,
      "exp_grammar": 2,
      "exp_vocab": 3,
      "exp": 4
    }
  },
  "correction": [],
  "info": {
    "essay_id": "ESSAY_33952",
    "essay_prompt": " 영화에는 로맨스, 액션, 스릴러 등 정말 많은 장르가 있습니다. 사람마다 좋아하는 장르가 있고 절대 보지 않는 장르도 있습니다.\r\n\r\n 독서도 마찬가지입니다. 소설, 수필, 시, 만화, 위인전 등 여러가지 장르가 있습니다.\r\n\r\n 여러분은 어떤 장르를 좋아하나요? 그리고 해당 장르에서 가장 재미있게 봤던 영화나 책은 무엇인가요?\r\n\r\n 자신이 봤던 영화 혹은 책을 한 편 선정하여 주제와 내용 그리고 느낀점을 감상문으로 작성해주세요.",
    "essay_type": "설명글",
    "essay_level": "3",
    "essay_len": 901,
    "essay_main_subject": "영화/독서감상문"
  }
}