{
  "paragraph": [
    {
      "paragraph_txt": "'크루엘라'는 <101마리의 달마시안>이라는 영화의 빌런으로 등장한 크루엘라의 탄생 과정을 그린 영화이다.#@문장구분# 주인공인 에스텔라는 패션에 대해 천재적인 재능을 가지고 있다.#@문장구분# 에스텔라의 가족은 어머니 뿐이었는데 특이한 성격으로 인해 정학당한 후 런던으로 가는 중 어머니는 달마시안 개에 쫓겨 절벽에서 낙사한다.#@문장구분# 고아가 되고 런던으로 와 백화점에서 일하게 되지만 맡은 것은 화장실 청소이다.#@문장구분# 밤에 술을 마시던 에스텔라는 취해 마네킹을 자신의 마음대로 꾸며놓게되는데 디자이너인 남작부인의 눈에 띄게 되어 그녀의 회사에서 디자이너로서 일하게 된다.#@문장구분# 그러나 어머니의 목걸이를 남작부인이 가지고 있는 것을 보고 훔치겠다고 결심한다.#@문장구분# 이후 그녀는 남작부인이 어머니를 죽였다는 것을 알고 크루엘라가 되어 복수를 시작한다.#@문장구분#\n영화를 보기 전, 이때까지 디즈니 영화에 항상 조연으로 출연하던, 빌런으로 표현된 표면적이던 캐릭터가 주인공이 된다면 어떻게 표현될 지 궁금하기도 했다.#@문장구분# 앞뒤 똑같이 나쁘게만 표현되던 빌런이 다양한 면을 가지고 있기를 기대했다.#@문장구분# \n 영화 중 가장 인상깊었던 장면은 모두 크루엘라가 죽은 것으로 알 때 크루엘라가 계략을 꾸며 항상 파티에서 자신을 위한 건배만 하던 남작 부인에게서 '크루엘라를 위해 건배'라는 말이 나오도록 한 것이다.#@문장구분# 크루엘라의 승리를 암시하는 것 같았다.#@문장구분# 또 영화를 보면서 크루엘라가 독백으로 자신의 얘기를 전달하는데 직접적으로 소통하는 기분이 들어서 크루엘라에게 더 이입하게 되었다.#@문장구분# 에스텔라가 크루엘라가 되기까지 자신의 스토리를 들어보니 항상 주인공을 괴롭히는 나쁘기만 한 빌런의 모습이 아니고 상황에 따라 다양한 감정을 보여주어 더 인상깊은 영화였다.#@문장구분# 이 영화를 보고 생각해보니  어릴 때는 주인공을 괴롭게만 하는 빌런이 이해가 안 가고 싫었었는데 그건 단편적인 부분에 불과할 거라 생각했다.#@문장구분#\n 그녀가 어떻게, 왜 빌런이 되었는가라는 물음에 정확히 답해주는 영화여서 인상깊었고, 나쁘게만 표현되던 빌런의 뒷배경을 설명해주는 영화여서 의미있다고 생각한다.#@문장구분#\n영화가 패션에 천재적인 재능을 가지고 있는 크루엘라가 주인공인 만큼 다양한 패션이 나와 화려하고, 노래도 일반 영화보다 더 많이 들어가있어서 영화를 보면서 한편의 뮤지컬을 보는 듯한 기분이었다.#@문장구분# '악'이라고만 표현되고, 그렇게만 생각했던 빌런의 뒷이야기가 궁금하다면 이 영화를 보는 것도 좋을 것 같다.#@문장구분#",
      "paragraph_len": 1512,
      "paragraph_id": "001"
    }
  ],
  "score": {
    "paragraph_score": [
      {
        "paragraph_scoreT": [
          2.8333333,
          2.8333333,
          2.5
        ],
        "paragraph_scoreT_detail": {
          "paragraph_scoreT_exp": [
            [
              3,
              3,
              2
            ],
            [
              3,
              3,
              2
            ],
            [
              2,
              3,
              2
            ]
          ]
        },
        "paragraph_scoreT_avg": 2.722222,
        "paragraph_id": "001"
      }
    ],
    "essay_scoreT": [
      25.61111,
      29.333332,
      26.055555
    ],
    "essay_scoreT_avg": 27,
    "essay_scoreT_detail": {
      "essay_scoreT_org": [
        [
          3,
          3,
          3,
          2
        ],
        [
          3,
          3,
          3,
          3
        ],
        [
          3,
          3,
          2,
          3
        ]
      ],
      "essay_scoreT_cont": [
        [
          2,
          2,
          0,
          3
        ],
        [
          3,
          3,
          0,
          3
        ],
        [
          3,
          2,
          0,
          3
        ]
      ],
      "essay_scoreT_exp": [
        [
          3,
          3,
          2
        ],
        [
          3,
          3,
          2
        ],
        [
          2,
          3,
          2
        ]
      ]
    }
  },
  "student": {
    "date": "2021.09.13",
    "student_educated": true,
    "student_grade": "고등_1학년",
    "location": "051",
    "student_grade_group": "고등",
    "student_reading": 3
  },
  "rubric": {
    "essay_grade": "고등_1학년",
    "organization_weight": {
      "org_paragraph": 2,
      "org": 2,
      "org_essay": 4,
      "org_coherence": 2,
      "org_quantity": 1
    },
    "essay_type": "설명글",
    "content_weight": {
      "con_clearance": 4,
      "con_novelty": 3,
      "con": 4,
      "con_prompt": 0,
      "con_description": 1
    },
    "essay_main_subject": "영화/독서감상문",
    "expression_weight": {
      "exp_style": 1,
      "exp_grammar": 2,
      "exp_vocab": 3,
      "exp": 4
    }
  },
  "correction": [],
  "info": {
    "essay_id": "ESSAY_33951",
    "essay_prompt": " 영화에는 로맨스, 액션, 스릴러 등 정말 많은 장르가 있습니다. 사람마다 좋아하는 장르가 있고 절대 보지 않는 장르도 있습니다.\r\n\r\n 독서도 마찬가지입니다. 소설, 수필, 시, 만화, 위인전 등 여러가지 장르가 있습니다.\r\n\r\n 여러분은 어떤 장르를 좋아하나요? 그리고 해당 장르에서 가장 재미있게 봤던 영화나 책은 무엇인가요?\r\n\r\n 자신이 봤던 영화 혹은 책을 한 편 선정하여 주제와 내용 그리고 느낀점을 감상문으로 작성해주세요.",
    "essay_type": "설명글",
    "essay_level": "3",
    "essay_len": 1168,
    "essay_main_subject": "영화/독서감상문"
  }
}