{
  "paragraph": [
    {
      "paragraph_txt": "조선 후기 두 천재의 이야기를 담은 <두개의 별 두개의 지도>는 연암 박지원과 다산 정약용, 두 위인의 삶의 비교를 통해 그들의 공통점들을 보여주었다.#@문장구분# 책에서는 연암을 물에, 다산을 불에 비유한다.#@문장구분# 지혜가 깊고 유머러스한 면이 있는 박지원과 무언가 격정적이고 모든 지식을 자신 안에 담으려 하는 정약용을 물과 불에 각각 빗대어 표현한 것이다.#@문장구분# 이 책을 읽으며 필자가 물과 불, 서로 상극인 대상으로 둘을 표현했듯이 처음에는 전혀 다른 성향의 두 인물이 과연 공통점이라는 것이 있을까, 이 둘의 공통점을 찾음으로써 어떤 깨달음을 얻을 수 있는 것인가 생각이 들었다.#@문장구분# 그러나 책을 읽어나가며 나는 이들의 공통점과, 책이 말하고자 하는 바를 이해하게 되었다.#@문장구분#",
      "paragraph_len": 471,
      "paragraph_id": "001"
    },
    {
      "paragraph_txt": " 박지원은 직관적인 사고를, 정약용은 논리적인 사고방식을 가진 사람으로 보인다.#@문장구분# 연암은 정해진 답이 없이 끊임없이 질문을 던진다.#@문장구분# 그가 체험한 생생한 현장에서 자신의 경험을 살려 생기있는 글을 남겼다.#@문장구분# 반면 다산은 전형적인 학자의 모습으로 이상을 세우고 그 이상을 책으로 표현한다.#@문장구분# ",
      "paragraph_len": 238,
      "paragraph_id": "002"
    },
    {
      "paragraph_txt": " 나아가 <두개의 별, 두개의 지도>에 등장하는 박지원과 정약용 두 인물에게서는 각각 배울점이 굉장히 많다.#@문장구분# 조선의 세가에서 태어났음에도 불구하고 벼슬자리를 져버리고 스스로만의 길을 개척하는 박지원의 불 같은 정신, 추진력, 의지.#@문장구분# 그리고 정조의 죽음 이후 유배를 당했으나 그 안에서 자신의 학문을 수양할 생각을 하며 후대에 큰 도움이 되는 많은 서적들을 남기게 되는 정약용의 끈기.#@문장구분# 이들은 각자의 장점을 살려 후대의 사람들에게 많은 존경을 받고 있다.#@문장구분# 그리고 나는 이 둘의 의지, 끈기가 현재 2021년의 우리들에게 굉장히 필요한 것이라고 생각하였다.#@문장구분#",
      "paragraph_len": 415,
      "paragraph_id": "003"
    },
    {
      "paragraph_txt": " 현재 우리는 수많은 시련에 부딪히고 있다.#@문장구분# 학업문제부터 진로에 대한 고민까지, 게다가 코로나19를 겪으며 더욱 힘들어진 이 상황에 그들이 가진 열정, 끈기, 의지를 본받고 이들을 앞으로 나아갈 수 있는 원동력으로 삼는다면 어느 혹독한 시련 속에서도 희망을 가지고 자신의 꿈을 이룰 수 있을거라 믿는다.#@문장구분#",
      "paragraph_len": 209,
      "paragraph_id": "004"
    }
  ],
  "score": {
    "paragraph_score": [
      {
        "paragraph_scoreT": [
          3,
          3,
          2
        ],
        "paragraph_scoreT_detail": {
          "paragraph_scoreT_exp": [
            [
              3,
              3,
              3
            ],
            [
              3,
              3,
              3
            ],
            [
              2,
              2,
              2
            ]
          ]
        },
        "paragraph_scoreT_avg": 2.6666667,
        "paragraph_id": "001"
      },
      {
        "paragraph_scoreT": [
          3,
          3,
          2
        ],
        "paragraph_scoreT_detail": {
          "paragraph_scoreT_exp": [
            [
              3,
              3,
              3
            ],
            [
              3,
              3,
              3
            ],
            [
              2,
              2,
              2
            ]
          ]
        },
        "paragraph_scoreT_avg": 2.6666667,
        "paragraph_id": "002"
      },
      {
        "paragraph_scoreT": [
          3,
          3,
          2
        ],
        "paragraph_scoreT_detail": {
          "paragraph_scoreT_exp": [
            [
              3,
              3,
              3
            ],
            [
              3,
              3,
              3
            ],
            [
              2,
              2,
              2
            ]
          ]
        },
        "paragraph_scoreT_avg": 2.6666667,
        "paragraph_id": "003"
      },
      {
        "paragraph_scoreT": [
          3,
          3,
          2
        ],
        "paragraph_scoreT_detail": {
          "paragraph_scoreT_exp": [
            [
              3,
              3,
              3
            ],
            [
              3,
              3,
              3
            ],
            [
              2,
              2,
              2
            ]
          ]
        },
        "paragraph_scoreT_avg": 2.6666667,
        "paragraph_id": "004"
      }
    ],
    "essay_scoreT": [
      30,
      29.5,
      24.277779
    ],
    "essay_scoreT_avg": 27.925926,
    "essay_scoreT_detail": {
      "essay_scoreT_org": [
        [
          3,
          3,
          3,
          3
        ],
        [
          3,
          3,
          3,
          3
        ],
        [
          3,
          3,
          3,
          2
        ]
      ],
      "essay_scoreT_cont": [
        [
          3,
          3,
          0,
          3
        ],
        [
          3,
          3,
          0,
          2
        ],
        [
          3,
          2,
          0,
          3
        ]
      ],
      "essay_scoreT_exp": [
        [
          3,
          3,
          3
        ],
        [
          3,
          3,
          3
        ],
        [
          2,
          2,
          2
        ]
      ]
    }
  },
  "student": {
    "date": "2021.09.07",
    "student_educated": true,
    "student_grade": "고등_1학년",
    "location": "051",
    "student_grade_group": "고등",
    "student_reading": 1
  },
  "rubric": {
    "essay_grade": "고등_1학년",
    "organization_weight": {
      "org_paragraph": 2,
      "org": 2,
      "org_essay": 4,
      "org_coherence": 2,
      "org_quantity": 1
    },
    "essay_type": "설명글",
    "content_weight": {
      "con_clearance": 4,
      "con_novelty": 3,
      "con": 4,
      "con_prompt": 0,
      "con_description": 1
    },
    "essay_main_subject": "영화/독서감상문",
    "expression_weight": {
      "exp_style": 1,
      "exp_grammar": 2,
      "exp_vocab": 3,
      "exp": 4
    }
  },
  "correction": [],
  "info": {
    "essay_id": "ESSAY_34097",
    "essay_prompt": " 영화에는 로맨스, 액션, 스릴러 등 정말 많은 장르가 있습니다. 사람마다 좋아하는 장르가 있고 절대 보지 않는 장르도 있습니다.\r\n\r\n 독서도 마찬가지입니다. 소설, 수필, 시, 만화, 위인전 등 여러가지 장르가 있습니다.\r\n\r\n 여러분은 어떤 장르를 좋아하나요? 그리고 해당 장르에서 가장 재미있게 봤던 영화나 책은 무엇인가요?\r\n\r\n 자신이 봤던 영화 혹은 책을 한 편 선정하여 주제와 내용 그리고 느낀점을 감상문으로 작성해주세요.",
    "essay_type": "설명글",
    "essay_level": "3",
    "essay_len": 1009,
    "essay_main_subject": "영화/독서감상문"
  }
}