{
  "paragraph": [
    {
      "paragraph_txt": "싱크홀이란 영화를 가족들과 함께 봤다.#@문장구분# 영화의 제목대로 땅 꺼짐 현상인 싱크홀이 일어나면서 구조되기까지의 이야기를 담은 이야기이다.#@문장구분# 간략한 줄거리는 서울에 자기 집을 마련한 주인공이 회사직원들을 집으로 초대해 집들이하고 그다음 날 땅속으로 떨어진다.#@문장구분# 빌라 한동이 땅으로 꺼졌기 때문에 이웃들도 있었는데 주인공과 그다지 사이가 좋지 않던 이웃도 함께 구조를 기다리게 된다.#@문장구분# 땅속 안에서도 여러 이야기가 많이 나오는데, 영화로 직접 보는 게 더 실감 날 것 같다.#@문장구분# 내게 가장 기억에 남은 장면은 물에 잠긴 구멍에서 탈출하기 위해 노란색 물탱크 같은 곳에 들어가는데, 그때 아들과 남은 사람들을 위해서 희생하려는 차승원 배우님의 연기가 가장 기억에 남는다.#@문장구분# 그리고 빌라 안에 자기 아들이 남아있다는 걸 알게 된 주인공이 자기 아들을 구하러 가는 장면과 처음에는 단합이 잘되지 않던 사람들끼리도 점점 뭉쳐가면서 서로를 돕고 구조될 거라는 믿음을 가지면서 서로를 위하는 모습이 나타나 따뜻한 마음도 느껴졌다.#@문장구분# 영화 자체가 재난 영화라 사실 많이 무서운 줄 알았는데 코믹한 요소가 많이 들어가 있어서 보는 시간 동안 그저 즐기면서 보았던 것 같다.#@문장구분# 또 몰입하는데 배우들의 연기가 한몫했는데 그중에서 이광수 배우님이 그렇게 연기를 잘하는지 몰랐다.#@문장구분# 김성균 배우님과 티키타카가 잘 맞아서 그 케미를 보는데도 재미가 있었다.#@문장구분# 알게 모르게 저런 상황이 생기면 어떻게 해야 할지도 조금씩 배운 것 같다.#@문장구분# 영화 안에서 싱크홀이 일어나기 전의 전조 상황이라든지, 구조를 기다릴 때 어떻게 해야 할지 같은 것들을 보고 배울 수 있었던 것 같다.#@문장구분# 6살 어린 동생도 함께 봤는데 동생도 즐거웠다고 하니 다 같이 즐길 수 있는 영화였다.#@문장구분#",
      "paragraph_len": 1103,
      "paragraph_id": "001"
    }
  ],
  "score": {
    "paragraph_score": [
      {
        "paragraph_scoreT": [
          2.8333333,
          3,
          2.5
        ],
        "paragraph_scoreT_detail": {
          "paragraph_scoreT_exp": [
            [
              3,
              3,
              2
            ],
            [
              3,
              3,
              3
            ],
            [
              2,
              3,
              2
            ]
          ]
        },
        "paragraph_scoreT_avg": 2.7777777,
        "paragraph_id": "001"
      }
    ],
    "essay_scoreT": [
      26.222221,
      27.38889,
      26.5
    ],
    "essay_scoreT_avg": 26.703705,
    "essay_scoreT_detail": {
      "essay_scoreT_org": [
        [
          2,
          3,
          3,
          2
        ],
        [
          2,
          3,
          3,
          2
        ],
        [
          3,
          3,
          3,
          3
        ]
      ],
      "essay_scoreT_cont": [
        [
          3,
          2,
          0,
          2
        ],
        [
          3,
          2,
          0,
          3
        ],
        [
          3,
          2,
          0,
          3
        ]
      ],
      "essay_scoreT_exp": [
        [
          3,
          3,
          2
        ],
        [
          3,
          3,
          3
        ],
        [
          2,
          3,
          2
        ]
      ]
    }
  },
  "student": {
    "date": "2021.09.13",
    "student_educated": true,
    "student_grade": "고등_1학년",
    "location": "051",
    "student_grade_group": "고등",
    "student_reading": 2
  },
  "rubric": {
    "essay_grade": "고등_1학년",
    "organization_weight": {
      "org_paragraph": 2,
      "org": 2,
      "org_essay": 4,
      "org_coherence": 2,
      "org_quantity": 1
    },
    "essay_type": "설명글",
    "content_weight": {
      "con_clearance": 4,
      "con_novelty": 3,
      "con": 4,
      "con_prompt": 0,
      "con_description": 1
    },
    "essay_main_subject": "영화/독서감상문",
    "expression_weight": {
      "exp_style": 1,
      "exp_grammar": 2,
      "exp_vocab": 3,
      "exp": 4
    }
  },
  "correction": [],
  "info": {
    "essay_id": "ESSAY_34008",
    "essay_prompt": " 영화에는 로맨스, 액션, 스릴러 등 정말 많은 장르가 있습니다. 사람마다 좋아하는 장르가 있고 절대 보지 않는 장르도 있습니다.\r\n\r\n 독서도 마찬가지입니다. 소설, 수필, 시, 만화, 위인전 등 여러가지 장르가 있습니다.\r\n\r\n 여러분은 어떤 장르를 좋아하나요? 그리고 해당 장르에서 가장 재미있게 봤던 영화나 책은 무엇인가요?\r\n\r\n 자신이 봤던 영화 혹은 책을 한 편 선정하여 주제와 내용 그리고 느낀점을 감상문으로 작성해주세요.",
    "essay_type": "설명글",
    "essay_level": "3",
    "essay_len": 843,
    "essay_main_subject": "영화/독서감상문"
  }
}