{
  "paragraph": [
    {
      "paragraph_txt": "내가본영화제목은인턴(TheIntern)으로외국영화이다. #@문장구분#이영화의줄거리는인쇄직장에서부사장으로40년이상을일한사람이집에서지내다길가다본고령인턴채용모집공고를보고그회사에지원을하게되고그는그회사에붙게된다.#@문장구분# 그리고회사에가서그는젊은여사장의비서가된다. #@문장구분#하지만처음에여사장은노인은싫다면서그를5시간동안기다리게하고5분동안면담을하는데그는그녀에게서조금의신뢰를얻는데성공한다.#@문장구분# 그후그는회사에서어느새자신의동료들의고민도들어주고상담도해주는사람이된다.#@문장구분# 그렇게상담을하다가나중에는사장과굉장히친해져서사장의고민과상담도들어주고사장집에가서밥도먹고사장의아이도봐주는둥굉장히사장과친해지고결국영화마지막에서사장이그를보고나의절친비서라말하며끝이난다.#@문장구분# 내가이영화를보면서느낀것은나도어른이되면여기나온주인공처럼주변사람들의신망을받으며지내는멋진어른이되고싶다는생각이가장먼저들었다.#@문장구분# 또한아무리나이가많다고하더라도일을잘할수있는것을알았고꼭늙었다해서우리의도움이필요한게아니라오히려우리가도움을받고삶의지혜를얻어갈수도있다는점을깨닫고나의생각을조금은바꿨다. #@문장구분#그리고그는아무리사장이자기를처음에는안좋게대해도관계가발전하는것을보고본인이관계를발전시키고싶으면본인이노력하면된다라고생각하게되었고그과정에서나도내가잃어버렸던관계를생각해봤고그관계를복구시키기위해노력해볼것이다.#@문장구분# 또한나는자신이어떤어른이되고싶은지모르는사람들이이영화를봤으면좋겠다.#@문장구분# 왜냐하면이영화를보고그를모티브삼아서나는저런어른이되고싶다하는삶의목표를정했으면하기때문이다.#@문장구분#",
      "paragraph_len": 894,
      "paragraph_id": "001"
    }
  ],
  "score": {
    "paragraph_score": [
      {
        "paragraph_scoreT": [
          2,
          2.6666667,
          1.5
        ],
        "paragraph_scoreT_detail": {
          "paragraph_scoreT_exp": [
            [
              2,
              2,
              2
            ],
            [
              2,
              3,
              3
            ],
            [
              1,
              2,
              1
            ]
          ]
        },
        "paragraph_scoreT_avg": 2.0555556,
        "paragraph_id": "001"
      }
    ],
    "essay_scoreT": [
      20,
      25.555555,
      17.555555
    ],
    "essay_scoreT_avg": 21.037039,
    "essay_scoreT_detail": {
      "essay_scoreT_org": [
        [
          2,
          2,
          2,
          2
        ],
        [
          2,
          3,
          3,
          2
        ],
        [
          2,
          1,
          2,
          2
        ]
      ],
      "essay_scoreT_cont": [
        [
          2,
          2,
          0,
          2
        ],
        [
          3,
          2,
          0,
          2
        ],
        [
          2,
          2,
          0,
          2
        ]
      ],
      "essay_scoreT_exp": [
        [
          2,
          2,
          2
        ],
        [
          2,
          3,
          3
        ],
        [
          1,
          2,
          1
        ]
      ]
    }
  },
  "student": {
    "date": "2021.08.15",
    "student_educated": true,
    "student_grade": "고등_1학년",
    "location": "051",
    "student_grade_group": "고등",
    "student_reading": 2
  },
  "rubric": {
    "essay_grade": "고등_1학년",
    "organization_weight": {
      "org_paragraph": 2,
      "org": 2,
      "org_essay": 4,
      "org_coherence": 2,
      "org_quantity": 1
    },
    "essay_type": "설명글",
    "content_weight": {
      "con_clearance": 4,
      "con_novelty": 3,
      "con": 4,
      "con_prompt": 0,
      "con_description": 1
    },
    "essay_main_subject": "영화/독서감상문",
    "expression_weight": {
      "exp_style": 1,
      "exp_grammar": 2,
      "exp_vocab": 3,
      "exp": 4
    }
  },
  "correction": [],
  "info": {
    "essay_id": "ESSAY_34069",
    "essay_prompt": " 영화에는 로맨스, 액션, 스릴러 등 정말 많은 장르가 있습니다. 사람마다 좋아하는 장르가 있고 절대 보지 않는 장르도 있습니다.\r\n\r\n 독서도 마찬가지입니다. 소설, 수필, 시, 만화, 위인전 등 여러가지 장르가 있습니다.\r\n\r\n 여러분은 어떤 장르를 좋아하나요? 그리고 해당 장르에서 가장 재미있게 봤던 영화나 책은 무엇인가요?\r\n\r\n 자신이 봤던 영화 혹은 책을 한 편 선정하여 주제와 내용 그리고 느낀점을 감상문으로 작성해주세요.",
    "essay_type": "설명글",
    "essay_level": "3",
    "essay_len": 674,
    "essay_main_subject": "영화/독서감상문"
  }
}