{
  "paragraph": [
    {
      "paragraph_txt": "영화 싱크홀은 싱크홀이 발생하여 빌라 자체가 500m 밑으로 내려가는 것을 시작으로 탈출 까지의 사건을 보여주는 영화이다.#@문장구분# 장르는 영화 엑시트와 같이 재난, 코미디이지만 평점은 1점 정도로 차이가 나는 편이다.#@문장구분# 영화의 시작은 '박동원'(김성균님)이 내집마련을 하지만 아들이 장난으로 놔둔 구슬이 건드리지도 않았는데 굴러가면서 사건의 발단이 되는데 박동원은 이것이 문제가 될수도 있다는 것을 알게되고 입주민과의 회의를 하게되지만 집값만 떨어진다며 다들 검사를 반대하는 입장이였다.#@문장구분# 그리곤 시간이 흘러 박동원이 집들이를 한다며 부하 직원들을 집에 데리고 와서 하룻밤 자게 되는데 빌라가 싱크홀 밑으로 가라앉게 된다.#@문장구분# 그리곤 떨어진 사람들끼리 힘을 합쳐서 빠져 나온다는 내용인데 영화 자체는 정말 시간 가는줄 모르고 정말 재밌게 보았다.#@문장구분# 또한 출연한 배우님들도 유명 배우인 차승원, 김성균, 이광수를 시작으로 영화 킹덤의 최종악역으로 나오는 김혜준 배우와 제 8일의 밤의 남다른 배우님이 나와 더 편하게 영화를 즐길수 있었다.#@문장구분# 하지만 영화의 장르에 재난이 포함이 돼있는데 너무 코미디만 신경을 쓴건지 몰입을 하려고 하면 예능을 보는 것처럼 느껴져서 흐름이 중간중간에 끊기는 느낌이 없지 않아 있었다.#@문장구분#",
      "paragraph_len": 752,
      "paragraph_id": "001"
    }
  ],
  "score": {
    "paragraph_score": [
      {
        "paragraph_scoreT": [
          2.8333333,
          3,
          2.5
        ],
        "paragraph_scoreT_detail": {
          "paragraph_scoreT_exp": [
            [
              3,
              3,
              2
            ],
            [
              3,
              3,
              3
            ],
            [
              2,
              3,
              2
            ]
          ]
        },
        "paragraph_scoreT_avg": 2.7777777,
        "paragraph_id": "001"
      }
    ],
    "essay_scoreT": [
      23.11111,
      28.277779,
      24.722221
    ],
    "essay_scoreT_avg": 25.37037,
    "essay_scoreT_detail": {
      "essay_scoreT_org": [
        [
          2,
          2,
          2,
          1
        ],
        [
          3,
          3,
          3,
          2
        ],
        [
          2,
          2,
          2,
          3
        ]
      ],
      "essay_scoreT_cont": [
        [
          2,
          2,
          0,
          2
        ],
        [
          3,
          2,
          0,
          3
        ],
        [
          3,
          2,
          0,
          3
        ]
      ],
      "essay_scoreT_exp": [
        [
          3,
          3,
          2
        ],
        [
          3,
          3,
          3
        ],
        [
          2,
          3,
          2
        ]
      ]
    }
  },
  "student": {
    "date": "2021.09.13",
    "student_educated": true,
    "student_grade": "고등_1학년",
    "location": "051",
    "student_grade_group": "고등",
    "student_reading": 2
  },
  "rubric": {
    "essay_grade": "고등_1학년",
    "organization_weight": {
      "org_paragraph": 2,
      "org": 2,
      "org_essay": 4,
      "org_coherence": 2,
      "org_quantity": 1
    },
    "essay_type": "설명글",
    "content_weight": {
      "con_clearance": 4,
      "con_novelty": 3,
      "con": 4,
      "con_prompt": 0,
      "con_description": 1
    },
    "essay_main_subject": "영화/독서감상문",
    "expression_weight": {
      "exp_style": 1,
      "exp_grammar": 2,
      "exp_vocab": 3,
      "exp": 4
    }
  },
  "correction": [],
  "info": {
    "essay_id": "ESSAY_33973",
    "essay_prompt": " 영화에는 로맨스, 액션, 스릴러 등 정말 많은 장르가 있습니다. 사람마다 좋아하는 장르가 있고 절대 보지 않는 장르도 있습니다.\r\n\r\n 독서도 마찬가지입니다. 소설, 수필, 시, 만화, 위인전 등 여러가지 장르가 있습니다.\r\n\r\n 여러분은 어떤 장르를 좋아하나요? 그리고 해당 장르에서 가장 재미있게 봤던 영화나 책은 무엇인가요?\r\n\r\n 자신이 봤던 영화 혹은 책을 한 편 선정하여 주제와 내용 그리고 느낀점을 감상문으로 작성해주세요.",
    "essay_type": "설명글",
    "essay_level": "3",
    "essay_len": 616,
    "essay_main_subject": "영화/독서감상문"
  }
}