{
  "paragraph": [
    {
      "paragraph_txt": "나는 편의점 인간의 주인공인 후루쿠라가 정상적인 일자리, 예를 들면 양복입은 회사원,를 가지지 않고 편의점 알바로 삶을 계속 영위하는 것이 큰 문제가 없다고 생각했다.#@문장구분# 왜냐하면 후루쿠라는 선천적인 정신적 장애로 평범한 일자리를 구하기 힘들어했고 사회에 적응하기 매우 힘들어 했었지만 그녀는 편의점 알바를 통해서 자아실현을 하고 사회에 미약하지만 일정부분 보탬을 하고있기 때문이다.#@문장구분# 그에 반면에 편의점알바 조차도 제대로 하지 못한 남자주인공은 완전히 사회에서 아무런 일도 하지 않고 사회에 짐만 되는 것을 보면 나는 후루쿠라의 현재의 상황, 즉 회사 면접을 가지 않고 다시 편의점 알바생으로 취업하는 것을 긍정한다.#@문장구분# 하지만 다른 친구들은 대부분 나의 주장에 반대를 할 것이라 생각했는데 그러지 않았던 것이 신기했다.#@문장구분# 아마도 친구들도 후루쿠라가 장애를 가지고 있다는 점을 감안했고 또 자유주의 사회에서 직업 선택의 자유는 존재하므로 직업의 선택적 측면에서 남의 눈치를 봐야할 이유가 없다고 생각했고 또 편의점 알바가 사회에서 높은 대접을 받지는 못하지만 불법적인 일은 아니기때문에 친구들이 그렇게 생각한 것 같다.#@문장구분# 나 또한 이런 생각에 매우 긍정한다.#@문장구분# 논의 중에 사회 발전이 개인의 행복과 관련 없다고 주장하는 친구가 있었는데 솔직히 오랜만에 하는 토론인지라 내가 그 생각에 조금 반대하고 있기는 했으나 제대로 주장하지 못한 것이 조금 아쉽다.#@문장구분# 또 다른 친구들은 자신의 주장을 조리 있게 잘 말하는데 나는 그렇지 못했다는 것이 좀 후회되긴 한다.#@문장구분# 다음번 논의 때는 적극적으로 내 의견을 주장하고, 생각을 정리해서 말을 해야겠다.#@문장구분#",
      "paragraph_len": 977,
      "paragraph_id": "001"
    }
  ],
  "score": {
    "paragraph_score": [
      {
        "paragraph_scoreT": [
          3,
          2.8333333,
          1.8333334
        ],
        "paragraph_scoreT_detail": {
          "paragraph_scoreT_exp": [
            [
              3,
              3,
              3
            ],
            [
              3,
              3,
              2
            ],
            [
              2,
              2,
              1
            ]
          ]
        },
        "paragraph_scoreT_avg": 2.5555556,
        "paragraph_id": "001"
      }
    ],
    "essay_scoreT": [
      30,
      23.833332,
      20.277779
    ],
    "essay_scoreT_avg": 24.703705,
    "essay_scoreT_detail": {
      "essay_scoreT_org": [
        [
          3,
          3,
          3,
          3
        ],
        [
          2,
          2,
          2,
          2
        ],
        [
          2,
          2,
          3,
          2
        ]
      ],
      "essay_scoreT_cont": [
        [
          3,
          3,
          0,
          3
        ],
        [
          2,
          2,
          0,
          3
        ],
        [
          2,
          2,
          0,
          3
        ]
      ],
      "essay_scoreT_exp": [
        [
          3,
          3,
          3
        ],
        [
          3,
          3,
          2
        ],
        [
          2,
          2,
          1
        ]
      ]
    }
  },
  "student": {
    "date": "2021.09.07",
    "student_educated": true,
    "student_grade": "고등_1학년",
    "location": "051",
    "student_grade_group": "고등",
    "student_reading": 1
  },
  "rubric": {
    "essay_grade": "고등_1학년",
    "organization_weight": {
      "org_paragraph": 2,
      "org": 2,
      "org_essay": 4,
      "org_coherence": 2,
      "org_quantity": 1
    },
    "essay_type": "설명글",
    "content_weight": {
      "con_clearance": 4,
      "con_novelty": 3,
      "con": 4,
      "con_prompt": 0,
      "con_description": 1
    },
    "essay_main_subject": "영화/독서감상문",
    "expression_weight": {
      "exp_style": 1,
      "exp_grammar": 2,
      "exp_vocab": 3,
      "exp": 4
    }
  },
  "correction": [],
  "info": {
    "essay_id": "ESSAY_34113",
    "essay_prompt": " 영화에는 로맨스, 액션, 스릴러 등 정말 많은 장르가 있습니다. 사람마다 좋아하는 장르가 있고 절대 보지 않는 장르도 있습니다.\r\n\r\n 독서도 마찬가지입니다. 소설, 수필, 시, 만화, 위인전 등 여러가지 장르가 있습니다.\r\n\r\n 여러분은 어떤 장르를 좋아하나요? 그리고 해당 장르에서 가장 재미있게 봤던 영화나 책은 무엇인가요?\r\n\r\n 자신이 봤던 영화 혹은 책을 한 편 선정하여 주제와 내용 그리고 느낀점을 감상문으로 작성해주세요.",
    "essay_type": "설명글",
    "essay_level": "3",
    "essay_len": 798,
    "essay_main_subject": "영화/독서감상문"
  }
}