{
  "paragraph": [
    {
      "paragraph_txt": "과거에서 현재에 이르기까지 미국에서의 해양구조대에 대하여 이야기하고 있다.#@문장구분# 1854년 살인 폭풍으로미국의 평화로운 바다는 빠르게 죽어갔다.#@문장구분# 많은 사고들이 있었고 많은 사람들이 죽어나갔다.#@문장구분# 그래서 1871년 정부는 Summer kimball 이라는 사람을 통해 이문제를 해결하고자 했다.#@문장구분# 그는 life-saving station을 설립했고 많은 엘리트들을 가르쳤고 그 결과 많은 생명들을 구할 수 있었다.#@문장구분# 이후 시간이 지나면서 더 이상 그 위험한 일에 젊은이들은 지원하지 않았고 기술이 발전함에 따라 해양구조대의 형태도 현재와 비슷하게 바뀌게 되었다.#@문장구분# 이름은 해양 구조대이지만 실제로는 작은배에 몸을 실어 맨몸으로 사람을 구하는 아주 위험한 일이었다.#@문장구분# 하지만 그들은 개의치 않고 사람들을 구하기 위해 최선을 다했다.#@문장구분# 이러한 이들의 열정과, 노력, 희생정신은 나를 감동시켰고 이들이 정말 대단함을 느끼고 이러한 이들의 정신을 본받고 싶다는 생각이 들었다.#@문장구분#",
      "paragraph_len": 656,
      "paragraph_id": "001"
    }
  ],
  "score": {
    "paragraph_score": [
      {
        "paragraph_scoreT": [
          1.8333334,
          2,
          1.8333334
        ],
        "paragraph_scoreT_detail": {
          "paragraph_scoreT_exp": [
            [
              2,
              2,
              1
            ],
            [
              2,
              2,
              2
            ],
            [
              2,
              2,
              1
            ]
          ]
        },
        "paragraph_scoreT_avg": 1.888889,
        "paragraph_id": "001"
      }
    ],
    "essay_scoreT": [
      16.944445,
      18.5,
      16.222221
    ],
    "essay_scoreT_avg": 17.222221,
    "essay_scoreT_detail": {
      "essay_scoreT_org": [
        [
          1,
          2,
          2,
          2
        ],
        [
          2,
          2,
          2,
          2
        ],
        [
          1,
          2,
          2,
          1
        ]
      ],
      "essay_scoreT_cont": [
        [
          2,
          1,
          0,
          2
        ],
        [
          2,
          1,
          0,
          2
        ],
        [
          2,
          1,
          0,
          1
        ]
      ],
      "essay_scoreT_exp": [
        [
          2,
          2,
          1
        ],
        [
          2,
          2,
          2
        ],
        [
          2,
          2,
          1
        ]
      ]
    }
  },
  "student": {
    "date": "2021.09.10",
    "student_educated": true,
    "student_grade": "고등_1학년",
    "location": "063",
    "student_grade_group": "고등",
    "student_reading": 2
  },
  "rubric": {
    "essay_grade": "고등_1학년",
    "organization_weight": {
      "org_paragraph": 2,
      "org": 2,
      "org_essay": 4,
      "org_coherence": 2,
      "org_quantity": 1
    },
    "essay_type": "설명글",
    "content_weight": {
      "con_clearance": 4,
      "con_novelty": 3,
      "con": 4,
      "con_prompt": 0,
      "con_description": 1
    },
    "essay_main_subject": "영화/독서감상문",
    "expression_weight": {
      "exp_style": 1,
      "exp_grammar": 2,
      "exp_vocab": 3,
      "exp": 4
    }
  },
  "correction": [],
  "info": {
    "essay_id": "ESSAY_34736",
    "essay_prompt": " 영화에는 로맨스, 액션, 스릴러 등 정말 많은 장르가 있습니다. 사람마다 좋아하는 장르가 있고 절대 보지 않는 장르도 있습니다.\r\n\r\n 독서도 마찬가지입니다. 소설, 수필, 시, 만화, 위인전 등 여러가지 장르가 있습니다.\r\n\r\n 여러분은 어떤 장르를 좋아하나요? 그리고 해당 장르에서 가장 재미있게 봤던 영화나 책은 무엇인가요?\r\n\r\n 자신이 봤던 영화 혹은 책을 한 편 선정하여 주제와 내용 그리고 느낀점을 감상문으로 작성해주세요.",
    "essay_type": "설명글",
    "essay_level": "3",
    "essay_len": 478,
    "essay_main_subject": "영화/독서감상문"
  }
}