{
  "paragraph": [
    {
      "paragraph_txt": "내가 최근 본 영화는 송혜교, 강동원 주연의 <두근두근 내 인생>이다.#@문장구분# 방학 때 자습서를 풀어보다가 해당 작품의 앞부분 시나리오가 실려있는 것을 보고 흥미가 생겨 내용 이해도 더 확실하게 해 볼 겸 직접 찾아보게 되었다.#@문장구분#",
      "paragraph_len": 169,
      "paragraph_id": "001"
    },
    {
      "paragraph_txt": "영화는 아름의 내레이션과 함께 미라와 대수의 어린 시절을 보여주며 시작된다.#@문장구분# 대수는 태권도 선수가, 미라는 걸그룹이 되고 싶다는 꿈을 가진 평범한 10대였지만 둘은 17살이라는 이른 나이에 아이를 낳아 꿈을 이루지 못한 채 16살인 아들을 키우고 있는 평범한 부부이다.#@문장구분# 둘의 아들인 아름은 조로증을 앓고 있는데 조로증은 정상인보다 몇십 년은 일찍 늙어 조기 노화를 보이는 질병이다.#@문장구분# 그런 아름의 치료비를 마련하기가 쉽지 않았던 미라와 대수는 친구의 도움을 받아 TV 다큐멘터리에 출연하게 된다.#@문장구분# 아름이의 사연은 화제가 되었고 많은 치료비가 들어오게 되지만 아름이의 증상은 날로 악화되기만 했다.#@문장구분# 그런 아름이에게 서하라는 이름의 여자아이가 메일을 보내오게 되는데 친구라고는 엄마 아빠와 이웃집 할아버지밖에 없었던 아름이는 서하와 메일을 주고 받는 시간을 더 없이 행복해한다.#@문장구분# 그러나 서하가 실제 존재하는 사람이 아닌 작가지망생이 만들어낸 허상의 인물이라는 사실이 밝혀지고 그 충격으로 시력까지 잃는 등 아름이의 병세는 날로 심각해진다.#@문장구분# 시간이 지난 뒤 아름은 대수와 미라에게 한가지 소원이 있다는 말을 한다.#@문장구분# 소원은 새해에 보신각종을 치는 것을 직접 보고 싶다는 것이었고 아름의 마지막 소원을 이뤄주기 위해 미라와 대수, 그리고 아름은 보신각으로 향한다.#@문장구분# 하지만 아름은 자신이 엄마 아빠를 주인공으로 쓴 소설인 '코스모스' 만을 남긴 채 차 안에서 떠나고 만다.#@문장구분#",
      "paragraph_len": 905,
      "paragraph_id": "002"
    },
    {
      "paragraph_txt": "어린 나이에도 꿋꿋히 아이를 낳아 키운 대수와 미라가 너무 일찍 아이를 떠나보내게 된게 너무 안타깝고 슬펐다.#@문장구분# 원작 책도 있다고 알고 있는데 기회가 된다면 한 번 읽어보고 싶다.#@문장구분# 얼굴도 모르는 여자아이의 메일 하나에 의지하고 행복해하던 아름이가 너무 안타깝다.#@문장구분#",
      "paragraph_len": 205,
      "paragraph_id": "003"
    }
  ],
  "score": {
    "paragraph_score": [
      {
        "paragraph_scoreT": [
          3,
          2.8333333,
          1.8333334
        ],
        "paragraph_scoreT_detail": {
          "paragraph_scoreT_exp": [
            [
              3,
              3,
              3
            ],
            [
              3,
              3,
              2
            ],
            [
              2,
              2,
              1
            ]
          ]
        },
        "paragraph_scoreT_avg": 2.5555556,
        "paragraph_id": "001"
      },
      {
        "paragraph_scoreT": [
          3,
          2.8333333,
          1.8333334
        ],
        "paragraph_scoreT_detail": {
          "paragraph_scoreT_exp": [
            [
              3,
              3,
              3
            ],
            [
              3,
              3,
              2
            ],
            [
              2,
              2,
              1
            ]
          ]
        },
        "paragraph_scoreT_avg": 2.5555556,
        "paragraph_id": "002"
      },
      {
        "paragraph_scoreT": [
          3,
          2.8333333,
          1.8333334
        ],
        "paragraph_scoreT_detail": {
          "paragraph_scoreT_exp": [
            [
              3,
              3,
              3
            ],
            [
              3,
              3,
              2
            ],
            [
              2,
              2,
              1
            ]
          ]
        },
        "paragraph_scoreT_avg": 2.5555556,
        "paragraph_id": "003"
      }
    ],
    "essay_scoreT": [
      30,
      27.61111,
      23.166668
    ],
    "essay_scoreT_avg": 26.925926,
    "essay_scoreT_detail": {
      "essay_scoreT_org": [
        [
          3,
          3,
          3,
          3
        ],
        [
          3,
          3,
          3,
          2
        ],
        [
          3,
          2,
          3,
          2
        ]
      ],
      "essay_scoreT_cont": [
        [
          3,
          3,
          0,
          3
        ],
        [
          3,
          2,
          0,
          3
        ],
        [
          3,
          2,
          0,
          3
        ]
      ],
      "essay_scoreT_exp": [
        [
          3,
          3,
          3
        ],
        [
          3,
          3,
          2
        ],
        [
          2,
          2,
          1
        ]
      ]
    }
  },
  "student": {
    "date": "2021.09.13",
    "student_educated": true,
    "student_grade": "고등_1학년",
    "location": "051",
    "student_grade_group": "고등",
    "student_reading": 3
  },
  "rubric": {
    "essay_grade": "고등_1학년",
    "organization_weight": {
      "org_paragraph": 2,
      "org": 2,
      "org_essay": 4,
      "org_coherence": 2,
      "org_quantity": 1
    },
    "essay_type": "설명글",
    "content_weight": {
      "con_clearance": 4,
      "con_novelty": 3,
      "con": 4,
      "con_prompt": 0,
      "con_description": 1
    },
    "essay_main_subject": "영화/독서감상문",
    "expression_weight": {
      "exp_style": 1,
      "exp_grammar": 2,
      "exp_vocab": 3,
      "exp": 4
    }
  },
  "correction": [],
  "info": {
    "essay_id": "ESSAY_34125",
    "essay_prompt": " 영화에는 로맨스, 액션, 스릴러 등 정말 많은 장르가 있습니다. 사람마다 좋아하는 장르가 있고 절대 보지 않는 장르도 있습니다.\r\n\r\n 독서도 마찬가지입니다. 소설, 수필, 시, 만화, 위인전 등 여러가지 장르가 있습니다.\r\n\r\n 여러분은 어떤 장르를 좋아하나요? 그리고 해당 장르에서 가장 재미있게 봤던 영화나 책은 무엇인가요?\r\n\r\n 자신이 봤던 영화 혹은 책을 한 편 선정하여 주제와 내용 그리고 느낀점을 감상문으로 작성해주세요.",
    "essay_type": "설명글",
    "essay_level": "3",
    "essay_len": 978,
    "essay_main_subject": "영화/독서감상문"
  }
}