{
  "paragraph": [
    {
      "paragraph_txt": "현재 약 1억 2700만명의 사람들을 100명으로 줄여서 표현했다.#@문장구분# \"49명의 남성 51명의 여성 13명의 어린이 61명의 생산가능한 노동자 26명이 노인이 살았다.#@문장구분# 허나 잔혹한 현실은 급격한 인구감소 문제다.#@문장구분# 22년 후인 2050년에는 아동이 13명이서 10명으로 줄어들고, 생산인구는 61명에서 52명으로 감소하여, 노인은 26명에서 39명으로 늘어난다.\"#@문장구분# 이 부분에서 현재 우리나라와 비슷한 고령화 현상이 일어나고 있다는 부분에서 공감이 되었고, 출산율도 줄어들고, 일할 사람도 점점 줄어들고 있다.#@문장구분# 현실이 안타까웠다.#@문장구분# 여기서는 우리가 사는 1100명 마을은 어쩌다 이런 탄탄한 사회가 되었을까? 라는 질문의 답들이 나와있는데, 그것은 '내 인생은 나락으로 빠뜨린 돈' '돈은 '신'이 아니다.'#@문장구분# '격차를 만들어내는돈' '컴퓨터, '돈의 운명은 바꾼 역사적 사건', '돈도 노화해야한다.' 등 돈에 관련된것들이 눈에 뛰었다.#@문장구분# 이처럼 세계가 점점 잔혹해지고 있다는게 느껴졌고 일본사회론 100명으로 줄여서 만든것과 우리나라와 별반차이가 없어서 공감이 많이 갔던 책이었다.#@문장구분#",
      "paragraph_len": 725,
      "paragraph_id": "001"
    }
  ],
  "score": {
    "paragraph_score": [
      {
        "paragraph_scoreT": [
          1.8333334,
          1.8333334,
          1.8333334
        ],
        "paragraph_scoreT_detail": {
          "paragraph_scoreT_exp": [
            [
              2,
              2,
              1
            ],
            [
              2,
              2,
              1
            ],
            [
              2,
              2,
              1
            ]
          ]
        },
        "paragraph_scoreT_avg": 1.8333334,
        "paragraph_id": "001"
      }
    ],
    "essay_scoreT": [
      14.944445,
      17.833334,
      17.333334
    ],
    "essay_scoreT_avg": 16.703705,
    "essay_scoreT_detail": {
      "essay_scoreT_org": [
        [
          2,
          1,
          1,
          2
        ],
        [
          2,
          2,
          2,
          2
        ],
        [
          2,
          2,
          2,
          2
        ]
      ],
      "essay_scoreT_cont": [
        [
          1,
          1,
          0,
          2
        ],
        [
          2,
          1,
          0,
          2
        ],
        [
          2,
          1,
          0,
          1
        ]
      ],
      "essay_scoreT_exp": [
        [
          2,
          2,
          1
        ],
        [
          2,
          2,
          1
        ],
        [
          2,
          2,
          1
        ]
      ]
    }
  },
  "student": {
    "date": "2021.09.10",
    "student_educated": true,
    "student_grade": "고등_1학년",
    "location": "063",
    "student_grade_group": "고등",
    "student_reading": 2
  },
  "rubric": {
    "essay_grade": "고등_1학년",
    "organization_weight": {
      "org_paragraph": 2,
      "org": 2,
      "org_essay": 4,
      "org_coherence": 2,
      "org_quantity": 1
    },
    "essay_type": "설명글",
    "content_weight": {
      "con_clearance": 4,
      "con_novelty": 3,
      "con": 4,
      "con_prompt": 0,
      "con_description": 1
    },
    "essay_main_subject": "영화/독서감상문",
    "expression_weight": {
      "exp_style": 1,
      "exp_grammar": 2,
      "exp_vocab": 3,
      "exp": 4
    }
  },
  "correction": [],
  "info": {
    "essay_id": "ESSAY_34673",
    "essay_prompt": " 영화에는 로맨스, 액션, 스릴러 등 정말 많은 장르가 있습니다. 사람마다 좋아하는 장르가 있고 절대 보지 않는 장르도 있습니다.\r\n\r\n 독서도 마찬가지입니다. 소설, 수필, 시, 만화, 위인전 등 여러가지 장르가 있습니다.\r\n\r\n 여러분은 어떤 장르를 좋아하나요? 그리고 해당 장르에서 가장 재미있게 봤던 영화나 책은 무엇인가요?\r\n\r\n 자신이 봤던 영화 혹은 책을 한 편 선정하여 주제와 내용 그리고 느낀점을 감상문으로 작성해주세요.",
    "essay_type": "설명글",
    "essay_level": "3",
    "essay_len": 547,
    "essay_main_subject": "영화/독서감상문"
  }
}