{
  "paragraph": [
    {
      "paragraph_txt": "책찾사 활동을 통해 읽게 된 이번 책은 '편의점 인간'이라는 책이었다.#@문장구분# 분량이 많았던 저번 책들과 비교해 분량이 상대적으로 적은 책이고 장르가 소설이라 내가 딱 좋아하는 책이라는 느낌이 들었다.#@문장구분# 제목을 보았을 때 단순하게 편의점에 관한 글이겠구나 생각하면서 책을 읽기 시작하였다. #@문장구분#이 책의 주인공은 편의점 알바생인 후루쿠라 게이코라는 여자였다.#@문장구분# 이 여자에 관한 이야기를 읽을 때 생각하는 방식이 조금 독특한 사람이구나 느끼면서 읽게 되었는데 편의점에서 일하는 것을 보면 평범한 사람처럼 일을 열심히 하여 성실한 사람인 것 같다고 생각했다. #@문장구분#게이코가 일하던 중 아르바이트생으로 들어온 시라하라는 남자는 책을 읽는 내내 나를 화나게 했다. #@문장구분#어떻게 생각하는 방식이 저리 고지식한지 실제로 있는 인물이었다면 진짜 시원하게 욕을 하고 싶었을 정도였다.#@문장구분# 이 남자는 사람들 눈치를 엄청나게 보고 모든 일을 남의 탓으로 돌리며 같이 일하는 편의점 사람들을 무시하기까지도 했는데 맨날 현대 사회가 석기시대와 같다고 말하였다.#@문장구분# 이 사람이 말하는 내용을 들어보면 현대 사회에 그게 무슨 소리지 하며 의아해할 수 있는데 나는 왠지 조금은 이해가 갔다. #@문장구분#현대 사회는 능력주의 사회다. #@문장구분#지난번 읽었던 '공정하다는 착각'이라는 책이 떠올랐는데 세상은 열심히 노력하고 능력이 있는 사람이 성공하지만 그렇지 않은 사람은 뒤처진다. #@문장구분#그리고 그 사람들을 사회는 비난하며 잘못된 존재로 여기는 경향이 없지 않아 있는 것 같다. #@문장구분#뒤처졌다고 비난하면 그 사람들은 자신이 사회에 필요 없는 존재라고 여기며 점차 더 뒤처질 테니.... #@문장구분#하지만 시라하라는 사람은 돈을 벌려는 노력도 하지 않고 게이코 집에 붙어사는 것을 보니 소설이 끝날 때까지 화나는 사람이었던 것은 분명하다. #@문장구분#그에 비해 게이코라는 사람을 보면 성실히 일하는 사람인 것 같았다.#@문장구분# 하지만 게이코 역시 사회에 대한 시선을 받고 있었다.#@문장구분#친구들과 가족까지 왜 아르바이트하냐고 물었고, 결혼하지 않는지 물으며 이상하다는 시선을 보내왔다. #@문장구분#게이코는 편의점을 통해 자신의 정체성을 느낄 수 있는 것 같았는데 편의점을 그만두었을 때 게이코의 일상이 어떻게 바뀌는지 보면 편의점이 곧 게이코라는 것이 느껴진다.#@문장구분# 그래서 이 책의 제목인 편의점 인간이 이해가 간다. #@문장구분#시라하는 끝까지 게이코한테 빌붙어 살려는 사람이었지만 게이코는 마지막에 정규직이 아닌 편의점을 선택하면서 소설이 끝이 나는데 이것을 보니 게이코가 편의점을 정말 사랑하고 편의점이 곧 자신이라는 것을 알게 된 것 같다. #@문장구분#이러한 모습을 보니 여러 생각이 들게 되는데 나 역시 부모님이나 주위 사람들에게 좋은 대학 가서 좋은 직장을 구하고 좋은 가정을 꾸려서 살라는 말을 들어왔다. #@문장구분#하지만 사람들이 나에게 원하는 사회적 위치와 체면을 다 충족시켜야 할까? #@문장구분#게이코처럼 나만의 정체성을 찾고 내가 하고 싶은 일을 찾는 것이 맞지 않을까 생각이 든다.#@문장구분# 부모님은 나한테 안정적이고 니가 하고 싶은 일을 찾으라고 했다. #@문장구분#나 역시 안정적이고 내가 하고 싶은 일을 찾고 싶은데 이 책을 통해 느끼게 된 것과 합치면 주변의 시선들을 너무 의식하지 말라는 충고를 나에게 해주고 싶다.#@문장구분# 난 주변 시선을 항상 생각해 왔던 것 같다. #@문장구분#어떤 선택을 할 때도 이것을 선택하는 게 이상해 보이진 않겠지 하는 작은 의식들을 계속해왔던 것 같다.#@문장구분# 주위의 눈치를 어느 정도는 보고 살아야겠지만, 지금보다 조금은 주위의 눈치를 적게 보며 내가 생각하기에 맞는 일들을 선택하고 싶다.#@문장구분#",
      "paragraph_len": 2244,
      "paragraph_id": "001"
    }
  ],
  "score": {
    "paragraph_score": [
      {
        "paragraph_scoreT": [
          3,
          2.8333333,
          2
        ],
        "paragraph_scoreT_detail": {
          "paragraph_scoreT_exp": [
            [
              3,
              3,
              3
            ],
            [
              3,
              3,
              2
            ],
            [
              2,
              2,
              2
            ]
          ]
        },
        "paragraph_scoreT_avg": 2.611111,
        "paragraph_id": "001"
      }
    ],
    "essay_scoreT": [
      30,
      27.333332,
      23.166666
    ],
    "essay_scoreT_avg": 26.833334,
    "essay_scoreT_detail": {
      "essay_scoreT_org": [
        [
          3,
          3,
          3,
          3
        ],
        [
          3,
          3,
          3,
          3
        ],
        [
          2,
          2,
          3,
          3
        ]
      ],
      "essay_scoreT_cont": [
        [
          3,
          3,
          0,
          3
        ],
        [
          3,
          2,
          0,
          2
        ],
        [
          3,
          2,
          0,
          3
        ]
      ],
      "essay_scoreT_exp": [
        [
          3,
          3,
          3
        ],
        [
          3,
          3,
          2
        ],
        [
          2,
          2,
          2
        ]
      ]
    }
  },
  "student": {
    "date": "2021.09.07",
    "student_educated": true,
    "student_grade": "고등_1학년",
    "location": "051",
    "student_grade_group": "고등",
    "student_reading": 2
  },
  "rubric": {
    "essay_grade": "고등_1학년",
    "organization_weight": {
      "org_paragraph": 2,
      "org": 2,
      "org_essay": 4,
      "org_coherence": 2,
      "org_quantity": 1
    },
    "essay_type": "설명글",
    "content_weight": {
      "con_clearance": 4,
      "con_novelty": 3,
      "con": 4,
      "con_prompt": 0,
      "con_description": 1
    },
    "essay_main_subject": "영화/독서감상문",
    "expression_weight": {
      "exp_style": 1,
      "exp_grammar": 2,
      "exp_vocab": 3,
      "exp": 4
    }
  },
  "correction": [],
  "info": {
    "essay_id": "ESSAY_34088",
    "essay_prompt": " 영화에는 로맨스, 액션, 스릴러 등 정말 많은 장르가 있습니다. 사람마다 좋아하는 장르가 있고 절대 보지 않는 장르도 있습니다.\r\n\r\n 독서도 마찬가지입니다. 소설, 수필, 시, 만화, 위인전 등 여러가지 장르가 있습니다.\r\n\r\n 여러분은 어떤 장르를 좋아하나요? 그리고 해당 장르에서 가장 재미있게 봤던 영화나 책은 무엇인가요?\r\n\r\n 자신이 봤던 영화 혹은 책을 한 편 선정하여 주제와 내용 그리고 느낀점을 감상문으로 작성해주세요.",
    "essay_type": "설명글",
    "essay_level": "3",
    "essay_len": 1686,
    "essay_main_subject": "영화/독서감상문"
  }
}