{
  "paragraph": [
    {
      "paragraph_txt": "이 책은 여러 가지 종류의 악기에 관해서 소개한 글입니다.#@문장구분# 첫 번째로 줄이 있는 악기가 있고 그것의 대표작으로는 바이올린이 있습니다.#@문장구분# 두 번째로는 바람을 통해 소리가나는 악기들이 있습니다.#@문장구분# 대표적으로는 트럼펫, 잘 알려지지 않은것으로는 투비가 있으며, 이들은 신기한 모양을 가지고 있습니다.#@문장구분# 그리고 소리 (우리가 입에서 불어주는 바람)의 세기에 따라 악기의 소리도 커졌다 작아졌다 합니다.#@문장구분# 마지막으로 행사때 빠질 수 없는 드럼이 있고, 이는 음악에 흥을 더합니다. #@문장구분#드럼은 드럼스틱으로 소리를 내고, 주로 축제, 좋은 행사가 있을 때 드럼이 사용된다고 합니다.#@문장구분# 이런 여러종류의 악기들이 모여서 하나의 명곡과 행사를 주최하는 것 같고, 이것은 마치 우리의 사회와 같다고 느꼈습니다.#@문장구분# 흑인, 황인, 백인등, 또는 국적, 남녀노소등등 다양한 부류로 인간을 나눌 수 있습니다.#@문장구분# 그러가 위에서 소개한 악기처럼 개개인의 자신의 역할을 충실히 하고 서로 어울리는 그 상황에서 하나의 세상을 만들어 간다고 생각했습니다.#@문장구분# 저는 이 책을 악기에 관심이 많은 학생들 또는 평소에 악기에 아는 것은 없었지만 정보를 습득하고 싶어하는 이들에게 이 책을 추천하고자합니다.#@문장구분#",
      "paragraph_len": 804,
      "paragraph_id": "001"
    }
  ],
  "score": {
    "paragraph_score": [
      {
        "paragraph_scoreT": [
          3,
          3,
          2
        ],
        "paragraph_scoreT_detail": {
          "paragraph_scoreT_exp": [
            [
              3,
              3,
              3
            ],
            [
              3,
              3,
              3
            ],
            [
              2,
              2,
              2
            ]
          ]
        },
        "paragraph_scoreT_avg": 2.6666667,
        "paragraph_id": "001"
      }
    ],
    "essay_scoreT": [
      30,
      26.666666,
      22.944445
    ],
    "essay_scoreT_avg": 26.537035,
    "essay_scoreT_detail": {
      "essay_scoreT_org": [
        [
          3,
          3,
          3,
          3
        ],
        [
          2,
          3,
          3,
          1
        ],
        [
          2,
          2,
          3,
          2
        ]
      ],
      "essay_scoreT_cont": [
        [
          3,
          3,
          0,
          3
        ],
        [
          3,
          2,
          0,
          2
        ],
        [
          3,
          2,
          0,
          3
        ]
      ],
      "essay_scoreT_exp": [
        [
          3,
          3,
          3
        ],
        [
          3,
          3,
          3
        ],
        [
          2,
          2,
          2
        ]
      ]
    }
  },
  "student": {
    "date": "2021.09.07",
    "student_educated": true,
    "student_grade": "고등_1학년",
    "location": "051",
    "student_grade_group": "고등",
    "student_reading": 1
  },
  "rubric": {
    "essay_grade": "고등_1학년",
    "organization_weight": {
      "org_paragraph": 2,
      "org": 2,
      "org_essay": 4,
      "org_coherence": 2,
      "org_quantity": 1
    },
    "essay_type": "설명글",
    "content_weight": {
      "con_clearance": 4,
      "con_novelty": 3,
      "con": 4,
      "con_prompt": 0,
      "con_description": 1
    },
    "essay_main_subject": "영화/독서감상문",
    "expression_weight": {
      "exp_style": 1,
      "exp_grammar": 2,
      "exp_vocab": 3,
      "exp": 4
    }
  },
  "correction": [],
  "info": {
    "essay_id": "ESSAY_34165",
    "essay_prompt": " 영화에는 로맨스, 액션, 스릴러 등 정말 많은 장르가 있습니다. 사람마다 좋아하는 장르가 있고 절대 보지 않는 장르도 있습니다.\r\n\r\n 독서도 마찬가지입니다. 소설, 수필, 시, 만화, 위인전 등 여러가지 장르가 있습니다.\r\n\r\n 여러분은 어떤 장르를 좋아하나요? 그리고 해당 장르에서 가장 재미있게 봤던 영화나 책은 무엇인가요?\r\n\r\n 자신이 봤던 영화 혹은 책을 한 편 선정하여 주제와 내용 그리고 느낀점을 감상문으로 작성해주세요.",
    "essay_type": "설명글",
    "essay_level": "3",
    "essay_len": 586,
    "essay_main_subject": "영화/독서감상문"
  }
}