{
  "paragraph": [
    {
      "paragraph_txt": "학교 영어시간에 영어책을 읽는 시간이있었다.#@문장구분# 소설과 토론류의 책을 좋아하는 나는 소설책을 너무많이 읽어 토론류의 책도 영어로 접해보고싶다는 생각이 들어 책을찾아보았는데 내눈에 이책이 들어왔다.#@문장구분# 이 책의 내용은 초등학생 4명이 학교에 운동장이 넓어졌으면 좋겠다는 주제와 교장선생님께 찾아가 토론을 하는 내용이다.#@문장구분# 비록 초등학생이고 무슨 토론을 한다고그래?라는 생각이 먼저들긴하였지만 이책을 다 읽고나선 초등학생도 이정도 사고가 가능한 나이였음을 깨닫게되었다.#@문장구분# 책에나오는 교장선생님과 다른선생님들 또한 상대가 초등학생이라고 무시와 대충설명하는것이 아닌 진심을 다해서 안되는 이유또는 만약 운동장을 개선하였을때 나오는 손해와 예산등 진지하게 토론에 임하였던것이 인상깊었다.#@문장구분# 만약내가 초등학생때 부터 이런교육을 받고 토론에 흥미를 느꼈다면 지금보다 더 나은 기범이로 성장했을 것같아 아쉬움이 있지만 지금 초등학생들에게 토론과 독서가 훗날에 정말 중요함을 가르쳐주고싶은 마음이 들었다.#@문장구분# Racheal Johnson#@문장구분#",
      "paragraph_len": 646,
      "paragraph_id": "001"
    }
  ],
  "score": {
    "paragraph_score": [
      {
        "paragraph_scoreT": [
          1.1666666,
          2,
          1.5
        ],
        "paragraph_scoreT_detail": {
          "paragraph_scoreT_exp": [
            [
              1,
              1,
              2
            ],
            [
              2,
              2,
              2
            ],
            [
              1,
              2,
              1
            ]
          ]
        },
        "paragraph_scoreT_avg": 1.5555555,
        "paragraph_id": "001"
      }
    ],
    "essay_scoreT": [
      13.166666,
      20,
      14
    ],
    "essay_scoreT_avg": 15.722221,
    "essay_scoreT_detail": {
      "essay_scoreT_org": [
        [
          2,
          2,
          2,
          2
        ],
        [
          2,
          2,
          2,
          2
        ],
        [
          1,
          1,
          1,
          1
        ]
      ],
      "essay_scoreT_cont": [
        [
          1,
          1,
          0,
          2
        ],
        [
          2,
          2,
          0,
          2
        ],
        [
          2,
          1,
          0,
          1
        ]
      ],
      "essay_scoreT_exp": [
        [
          1,
          1,
          2
        ],
        [
          2,
          2,
          2
        ],
        [
          1,
          2,
          1
        ]
      ]
    }
  },
  "student": {
    "date": "2021.09.10",
    "student_educated": true,
    "student_grade": "고등_1학년",
    "location": "063",
    "student_grade_group": "고등",
    "student_reading": 1
  },
  "rubric": {
    "essay_grade": "고등_1학년",
    "organization_weight": {
      "org_paragraph": 2,
      "org": 2,
      "org_essay": 4,
      "org_coherence": 2,
      "org_quantity": 1
    },
    "essay_type": "설명글",
    "content_weight": {
      "con_clearance": 4,
      "con_novelty": 3,
      "con": 4,
      "con_prompt": 0,
      "con_description": 1
    },
    "essay_main_subject": "영화/독서감상문",
    "expression_weight": {
      "exp_style": 1,
      "exp_grammar": 2,
      "exp_vocab": 3,
      "exp": 4
    }
  },
  "correction": [],
  "info": {
    "essay_id": "ESSAY_34735",
    "essay_prompt": " 영화에는 로맨스, 액션, 스릴러 등 정말 많은 장르가 있습니다. 사람마다 좋아하는 장르가 있고 절대 보지 않는 장르도 있습니다.\r\n\r\n 독서도 마찬가지입니다. 소설, 수필, 시, 만화, 위인전 등 여러가지 장르가 있습니다.\r\n\r\n 여러분은 어떤 장르를 좋아하나요? 그리고 해당 장르에서 가장 재미있게 봤던 영화나 책은 무엇인가요?\r\n\r\n 자신이 봤던 영화 혹은 책을 한 편 선정하여 주제와 내용 그리고 느낀점을 감상문으로 작성해주세요.",
    "essay_type": "설명글",
    "essay_level": "3",
    "essay_len": 507,
    "essay_main_subject": "영화/독서감상문"
  }
}