{
  "paragraph": [
    {
      "paragraph_txt": "최근에 히가시노 게이고의 '가면산장 살인사건'을 읽고 정말 만족했습니다.#@문장구분# 그래서 일본 소설들을 좀 더 읽어보고 싶었는데 마침 이 책을 받아서 정말 기대되고 빨리 읽어보고 싶은 마음이 들었습니다.#@문장구분# 대화로 이루어진 부분이 많고 편의점에 대한 묘사도 굉장히 자세해서 한편의 일본 애니메이션을 보는 듯 했습니다.#@문장구분# 작가가 실제로 편의점에서 18년 간 아르바이트를 해서 그런지 경험해본 사람만 쓸 수 있는 내용들이 많았는데 그런 것들을 읽는 재미도 쏠쏠했습니다.#@문장구분# \n \n 가장 인상 깊었던 부분은 주인공 후루쿠라가 주변 사람의 말투와 행동, 심지어 옷차림까지 닮아가는 것이었습니다.#@문장구분# 저도 평소에 제가 자주 연락하고 대화하는 주변 사람들과 굉장히 닮아가는 것 같다는 생각을 해왔던 터라 굉장히 공감이 갔습니다.#@문장구분# 하지만 후루쿠라는 무의식적으로 닮아가는 것이 아니라 의식적으로 모방해야 하는 수밖에 없다는 사실이 굉장히 안타까웠습니다.#@문장구분#\n  \n 가장 충격적이었던 부분은 책의 중후반부터 시작되는 후루쿠라와 시라하의 기묘한 동거였습니다.#@문장구분# 보통 사람들의 시각으로는 도저히 이해되지 않는 둘의 행동을 통해서 작가는 무엇을 말하고 싶었던 걸까하며 저는 깊은 생각에 빠졌습니다.#@문장구분# 오랜 생각 끝에 저는 남들에게 평가되면서 평균으로 살아가기 위한 현대인의 몸부림을 표현한 것 같다고 느꼈습니다.#@문장구분# 주인공을 감정이 메마른 인물로 설정한 이유도 이 주제를 극대화하기 위한 것 같습니다.#@문장구분#\n \n 저는 아직 어른들의 사회에 나가기 전인데다가 경제활동도 해본 적이 없어서인지, 사회에 부합하는 표준의 삶을 살아가는 것이 얼마나 큰 압박인지 느끼지 못했었습니다.#@문장구분# 그런데 생각해보니 저에게도 이런 압박이 작용하고 있었습니다.#@문장구분# 가장 큰 압박은 당연히 공부입니다.#@문장구분# 어느 순간부터 저는 공부를 왜 하는가하는 생각보다 그냥 잘해야 되니까, 안하면 안 되니까 주변 시선에 못 이겨서 하고 있었던 것 같습니다.#@문장구분# 그래서 저는 남의 시선에서 조금 자유로워지기고 공부를 하는 이유를 다시 떠올리기로 다짐했습니다.#@문장구분# 그리고 저는 '움직이는 세상 속에서 기계같이 머물러있는' 후루쿠라와 달리 제가 세상을 움직이게 하는 주체적인 삶을 살아봐야겠다고 마음먹었습니다.#@문장구분#",
      "paragraph_len": 1399,
      "paragraph_id": "001"
    }
  ],
  "score": {
    "paragraph_score": [
      {
        "paragraph_scoreT": [
          3,
          3,
          1.8333334
        ],
        "paragraph_scoreT_detail": {
          "paragraph_scoreT_exp": [
            [
              3,
              3,
              3
            ],
            [
              3,
              3,
              3
            ],
            [
              2,
              2,
              1
            ]
          ]
        },
        "paragraph_scoreT_avg": 2.6111112,
        "paragraph_id": "001"
      }
    ],
    "essay_scoreT": [
      30,
      30,
      21.333334
    ],
    "essay_scoreT_avg": 27.111113,
    "essay_scoreT_detail": {
      "essay_scoreT_org": [
        [
          3,
          3,
          3,
          3
        ],
        [
          3,
          3,
          3,
          3
        ],
        [
          3,
          3,
          3,
          3
        ]
      ],
      "essay_scoreT_cont": [
        [
          3,
          3,
          0,
          3
        ],
        [
          3,
          3,
          0,
          3
        ],
        [
          2,
          2,
          0,
          2
        ]
      ],
      "essay_scoreT_exp": [
        [
          3,
          3,
          3
        ],
        [
          3,
          3,
          3
        ],
        [
          2,
          2,
          1
        ]
      ]
    }
  },
  "student": {
    "date": "2021.09.07",
    "student_educated": true,
    "student_grade": "고등_1학년",
    "location": "051",
    "student_grade_group": "고등",
    "student_reading": 3
  },
  "rubric": {
    "essay_grade": "고등_1학년",
    "organization_weight": {
      "org_paragraph": 2,
      "org": 2,
      "org_essay": 4,
      "org_coherence": 2,
      "org_quantity": 1
    },
    "essay_type": "설명글",
    "content_weight": {
      "con_clearance": 4,
      "con_novelty": 3,
      "con": 4,
      "con_prompt": 0,
      "con_description": 1
    },
    "essay_main_subject": "영화/독서감상문",
    "expression_weight": {
      "exp_style": 1,
      "exp_grammar": 2,
      "exp_vocab": 3,
      "exp": 4
    }
  },
  "correction": [],
  "info": {
    "essay_id": "ESSAY_34028",
    "essay_prompt": " 영화에는 로맨스, 액션, 스릴러 등 정말 많은 장르가 있습니다. 사람마다 좋아하는 장르가 있고 절대 보지 않는 장르도 있습니다.\r\n\r\n 독서도 마찬가지입니다. 소설, 수필, 시, 만화, 위인전 등 여러가지 장르가 있습니다.\r\n\r\n 여러분은 어떤 장르를 좋아하나요? 그리고 해당 장르에서 가장 재미있게 봤던 영화나 책은 무엇인가요?\r\n\r\n 자신이 봤던 영화 혹은 책을 한 편 선정하여 주제와 내용 그리고 느낀점을 감상문으로 작성해주세요.",
    "essay_type": "설명글",
    "essay_level": "3",
    "essay_len": 1060,
    "essay_main_subject": "영화/독서감상문"
  }
}