{
  "paragraph": [
    {
      "paragraph_txt": "형은 의사이지만 한 소녀의 수술을 실패한뒤 좌절에 빠지고 이를 극복하기 위해 소설을 쓰기 시작하는데 동생은 형의 소설을 보다가 결말 부분이 비어있자 자신이 결말부분을 채워넣었다.#@문장구분# 형이 김일병을 죽였다고 바꿨는데 형은 발끈하고 자신이 직접 소설결말 부분을 채워넣었다.#@문장구분# 형은 6.25때 김일병, 오관모 와 함께 낙오 됬었는데 당시 김일병은 한쪽팔이 없어 오히려 짐이었다.#@문장구분# 그러자 오관모는 쓸모가 없었기에 김일병을 죽이려하지만 형은 소심하고 용기가 없어서 아무런 저항을 하지못했다. #@문장구분#오관모가 산속에 내려가 김일병에게 총을 쏜 순간. #@문장구분#형은 자신이 과거에 노루 사냥을 나갔을때 아무런 저항을 하지못한 그 비극을 떠올리면서 더 이상 소심하게 행동하지 않겠다고 결심하고 오관모를 찾아가서 오관모를 죽였다.#@문장구분# 동생의 예측은 완전히 빗나간 셈이다. #@문장구분#그리고 형은 동생의 전여친 결혼식에 갔다 집에 왔는데 술에 잔뜩 취해있었고 소설쓴 부분을 찢어 불에 태워버렸다.#@문장구분# 그 이유는 결혼식에 오관모가 살아있었다. #@문장구분#사실은 형이 자기위안과 극복하려고 소설을 허구로 만들었지만 오관모가 살아있었기에 현실을 깨닫는다.#@문장구분# 이로써 형은 아픔의 이유가 나타나 있지만 동생은 아무이유없이 상처를 가지며 이야기가 마무리된다.#@문장구분# 나는 형의 마음이 이해가된다.#@문장구분# 소설을 쓰면서 치유하고 자기위안을 할수 있었는데 하지만 오관모가 진짜 살아있기에 현실을 깨닫는 아주 슬픈 이야기였다. #@문장구분#이 책을 읽고 가장 깨달은 점은 형과 동생 모두소심하기에 이런일들이 일어났다. #@문장구분#우선 소심하면 안되고 불의에 저항 할 수있는 그런 용기,자신감이 필요 하다고 생각했다.#@문장구분# 여기서 동생이 소심하다고 한 이유는 여자친구가 헤어지자 했을때 아무런 시도를 하지도 않고 이를 받아 들였다.#@문장구분# 절대로 만나고 싶지 않고 떠올리고 싶지 않은 사람이 나타나서 큰 깨달음은 얻은 형..#@문장구분# 아무 이유없이 상처가 있는 동생.. #@문장구분#정말 가슴아픈 이야기였다.#@문장구분#",
      "paragraph_len": 1303,
      "paragraph_id": "001"
    }
  ],
  "score": {
    "paragraph_score": [
      {
        "paragraph_scoreT": [
          3,
          3,
          1.8333334
        ],
        "paragraph_scoreT_detail": {
          "paragraph_scoreT_exp": [
            [
              3,
              3,
              3
            ],
            [
              3,
              3,
              3
            ],
            [
              2,
              2,
              1
            ]
          ]
        },
        "paragraph_scoreT_avg": 2.6111112,
        "paragraph_id": "001"
      }
    ],
    "essay_scoreT": [
      25.555555,
      26.5,
      18.055555
    ],
    "essay_scoreT_avg": 23.37037,
    "essay_scoreT_detail": {
      "essay_scoreT_org": [
        [
          2,
          3,
          3,
          2
        ],
        [
          2,
          2,
          3,
          3
        ],
        [
          2,
          2,
          2,
          3
        ]
      ],
      "essay_scoreT_cont": [
        [
          3,
          2,
          0,
          2
        ],
        [
          3,
          2,
          0,
          3
        ],
        [
          2,
          1,
          0,
          2
        ]
      ],
      "essay_scoreT_exp": [
        [
          2,
          3,
          3
        ],
        [
          3,
          3,
          2
        ],
        [
          2,
          2,
          1
        ]
      ]
    }
  },
  "student": {
    "date": "2021.09.13",
    "student_educated": true,
    "student_grade": "고등_1학년",
    "location": "063",
    "student_grade_group": "고등",
    "student_reading": 1
  },
  "rubric": {
    "essay_grade": "고등_1학년",
    "organization_weight": {
      "org_paragraph": 2,
      "org": 2,
      "org_essay": 4,
      "org_coherence": 2,
      "org_quantity": 1
    },
    "essay_type": "설명글",
    "content_weight": {
      "con_clearance": 4,
      "con_novelty": 3,
      "con": 4,
      "con_prompt": 0,
      "con_description": 1
    },
    "essay_main_subject": "영화/독서감상문",
    "expression_weight": {
      "exp_style": 1,
      "exp_grammar": 2,
      "exp_vocab": 3,
      "exp": 4
    }
  },
  "correction": [],
  "info": {
    "essay_id": "ESSAY_34482",
    "essay_prompt": " 영화에는 로맨스, 액션, 스릴러 등 정말 많은 장르가 있습니다. 사람마다 좋아하는 장르가 있고 절대 보지 않는 장르도 있습니다.\r\n\r\n 독서도 마찬가지입니다. 소설, 수필, 시, 만화, 위인전 등 여러가지 장르가 있습니다.\r\n\r\n 여러분은 어떤 장르를 좋아하나요? 그리고 해당 장르에서 가장 재미있게 봤던 영화나 책은 무엇인가요?\r\n\r\n 자신이 봤던 영화 혹은 책을 한 편 선정하여 주제와 내용 그리고 느낀점을 감상문으로 작성해주세요.",
    "essay_type": "설명글",
    "essay_level": "3",
    "essay_len": 923,
    "essay_main_subject": "영화/독서감상문"
  }
}