{
  "paragraph": [
    {
      "paragraph_txt": "이책은 우리에게 로봇에 대해서 자세히 알려준다.#@문장구분# 지금은 제4차 산업 혁명의 시대이다#@문장구분# 제 4차 산업에서 가장중요하게 다뤄지는 인공지능, 이 인공지능도 로봇에 기반이 되어있다.#@문장구분# 원래 로봇들은 단순히 명령어에 의해 움직이는 물체에 불가하지 못했다.#@문장구분# 하지만 지금은 로봇이 스스로 판단하는 시대가 왔다.#@문장구분# 이 시대에서 로봇이 하는 역할이 매우 커졌다.#@문장구분# 로봇의 기능도 다양해졌다.#@문장구분# 이책은 단순히 로봇들에대해서 소개하는것이 아니라 다양한 로봇들의 기능, 로봇들의 역사까지 자세히 알려준다.#@문장구분# 로봇을 만들기 위해서 필요한것은 단순히 로봇공학적이 지식이 아니다.#@문장구분# 로봇공학적인 지식 뿐만 아니라 여러 신체 공학, 컴퓨터 공학등등 여러 기술이 필요하다#@문장구분# 나는 커서 이러한 로봇에게 생각하는 힘을 줄수있는 그런 컴퓨터 프로그래머가 되고싶다 .#@문장구분#",
      "paragraph_len": 620,
      "paragraph_id": "001"
    }
  ],
  "score": {
    "paragraph_score": [
      {
        "paragraph_scoreT": [
          2.5,
          1.8333334,
          1.5
        ],
        "paragraph_scoreT_detail": {
          "paragraph_scoreT_exp": [
            [
              2,
              3,
              2
            ],
            [
              2,
              2,
              1
            ],
            [
              1,
              2,
              1
            ]
          ]
        },
        "paragraph_scoreT_avg": 1.9444445,
        "paragraph_id": "001"
      }
    ],
    "essay_scoreT": [
      22.88889,
      16.222221,
      14.222222
    ],
    "essay_scoreT_avg": 17.777777,
    "essay_scoreT_detail": {
      "essay_scoreT_org": [
        [
          3,
          3,
          2,
          0
        ],
        [
          1,
          2,
          2,
          1
        ],
        [
          1,
          1,
          1,
          2
        ]
      ],
      "essay_scoreT_cont": [
        [
          2,
          2,
          0,
          2
        ],
        [
          2,
          1,
          0,
          1
        ],
        [
          2,
          1,
          0,
          1
        ]
      ],
      "essay_scoreT_exp": [
        [
          2,
          3,
          2
        ],
        [
          2,
          2,
          1
        ],
        [
          1,
          2,
          1
        ]
      ]
    }
  },
  "student": {
    "date": "2021.09.10",
    "student_educated": true,
    "student_grade": "고등_1학년",
    "location": "063",
    "student_grade_group": "고등",
    "student_reading": 1
  },
  "rubric": {
    "essay_grade": "고등_1학년",
    "organization_weight": {
      "org_paragraph": 2,
      "org": 2,
      "org_essay": 4,
      "org_coherence": 2,
      "org_quantity": 1
    },
    "essay_type": "설명글",
    "content_weight": {
      "con_clearance": 4,
      "con_novelty": 3,
      "con": 4,
      "con_prompt": 0,
      "con_description": 1
    },
    "essay_main_subject": "영화/독서감상문",
    "expression_weight": {
      "exp_style": 1,
      "exp_grammar": 2,
      "exp_vocab": 3,
      "exp": 4
    }
  },
  "correction": [],
  "info": {
    "essay_id": "ESSAY_34668",
    "essay_prompt": " 영화에는 로맨스, 액션, 스릴러 등 정말 많은 장르가 있습니다. 사람마다 좋아하는 장르가 있고 절대 보지 않는 장르도 있습니다.\r\n\r\n 독서도 마찬가지입니다. 소설, 수필, 시, 만화, 위인전 등 여러가지 장르가 있습니다.\r\n\r\n 여러분은 어떤 장르를 좋아하나요? 그리고 해당 장르에서 가장 재미있게 봤던 영화나 책은 무엇인가요?\r\n\r\n 자신이 봤던 영화 혹은 책을 한 편 선정하여 주제와 내용 그리고 느낀점을 감상문으로 작성해주세요.",
    "essay_type": "설명글",
    "essay_level": "3",
    "essay_len": 401,
    "essay_main_subject": "영화/독서감상문"
  }
}