{
  "paragraph": [
    {
      "paragraph_txt": "스포츠 경기를 볼때 단순히 재미를 위해서 봤지 어떤이유로 저런 현상이 나타나는지는 생각해본적이 없다.#@문장구분# 그러던 어느날 유튜브에서 피겨스케이팅 영상을 우연히 찾아보았는데 어떻게 저렇게 빨리 움직이고 부드럽게 움직이는지 궁금해졌다.#@문장구분# 마침 영어로된 sports and motion이라는 책을 찾고 이 기회에 다른 스포츠의 운동현상도 알아봐야겠다고 다짐하고 읽게 되었다.#@문장구분# 먼저 간단하게 축구는 드리블을 할때 공을 미는힘이 있어야 나가고, 반대로 풀업같은 운동은 당연히 당기는 힘이 있어야 몸이 올라갈 수 있다.#@문장구분# 또한, 야구에서 투수가 던진 공을 타자가 치는 것 처럼,방향이 달라지는 운동도 있다.#@문장구분# 이 이유는 투수가 던진 공에 타자의 반대방향으로 방해하는 힘이 작용하여 방향이 달라진다.#@문장구분# 또 타자가 공을 치고 달려가서 슬라이딩을 하는 모습에서 슬라이딩 후 타자가 멈출 수 있는 이유는 바로 마찰력 때문이다.#@문장구분# 만약 이 타자가 슬라이딩을 하지않고 그냥 달려갔다면 가속도 때문에 제대로 멈추기 힘들었을 것이다.#@문장구분# 따라서 몸을 눕힘으로서 마찰력을 증가시켰다.#@문장구분# 마찰력은 사물이 진행하는 방향의 저항하는 방향, 방해하는 방향으로 작용하는 힘이다.#@문장구분# 또 아주 부드러운 바닥이 아니면 모든 바닥에는 마찰력이 작용하는데 만약 바닥이 눈으로 덮혀있거나 얼음이라면 마찰력이 아주 줄어든다.#@문장구분# 스키타는 사람들이 미끄러져 내려오거나 빙판에서 사람들이 미끄러질때를 보면 알 수 있다. #@문장구분#그리고 피겨스케이팅 선수가 빠르고 부드럽게 이동할 수 있는 이유도 마찰력 떄문이다. #@문장구분#스포츠 뿐만 아니라 우리 일상생활에서도 운동현상들은 아주많이 작용한다.#@문장구분# 내가 한번도 느껴보지못한 운동현상은 무엇이 있을지 궁금하다.#@문장구분#",
      "paragraph_len": 1116,
      "paragraph_id": "001"
    }
  ],
  "score": {
    "paragraph_score": [
      {
        "paragraph_scoreT": [
          3,
          2.3333333,
          2
        ],
        "paragraph_scoreT_detail": {
          "paragraph_scoreT_exp": [
            [
              3,
              3,
              3
            ],
            [
              3,
              2,
              2
            ],
            [
              2,
              2,
              2
            ]
          ]
        },
        "paragraph_scoreT_avg": 2.4444444,
        "paragraph_id": "001"
      }
    ],
    "essay_scoreT": [
      30,
      23.777779,
      22.666666
    ],
    "essay_scoreT_avg": 25.481482,
    "essay_scoreT_detail": {
      "essay_scoreT_org": [
        [
          3,
          3,
          3,
          3
        ],
        [
          2,
          2,
          3,
          2
        ],
        [
          2,
          2,
          3,
          3
        ]
      ],
      "essay_scoreT_cont": [
        [
          3,
          3,
          0,
          3
        ],
        [
          3,
          2,
          0,
          2
        ],
        [
          3,
          2,
          0,
          2
        ]
      ],
      "essay_scoreT_exp": [
        [
          3,
          3,
          3
        ],
        [
          3,
          2,
          2
        ],
        [
          2,
          2,
          2
        ]
      ]
    }
  },
  "student": {
    "date": "2021.09.10",
    "student_educated": true,
    "student_grade": "고등_1학년",
    "location": "063",
    "student_grade_group": "고등",
    "student_reading": 1
  },
  "rubric": {
    "essay_grade": "고등_1학년",
    "organization_weight": {
      "org_paragraph": 2,
      "org": 2,
      "org_essay": 4,
      "org_coherence": 2,
      "org_quantity": 1
    },
    "essay_type": "설명글",
    "content_weight": {
      "con_clearance": 4,
      "con_novelty": 3,
      "con": 4,
      "con_prompt": 0,
      "con_description": 1
    },
    "essay_main_subject": "영화/독서감상문",
    "expression_weight": {
      "exp_style": 1,
      "exp_grammar": 2,
      "exp_vocab": 3,
      "exp": 4
    }
  },
  "correction": [],
  "info": {
    "essay_id": "ESSAY_34310",
    "essay_prompt": " 영화에는 로맨스, 액션, 스릴러 등 정말 많은 장르가 있습니다. 사람마다 좋아하는 장르가 있고 절대 보지 않는 장르도 있습니다.\r\n\r\n 독서도 마찬가지입니다. 소설, 수필, 시, 만화, 위인전 등 여러가지 장르가 있습니다.\r\n\r\n 여러분은 어떤 장르를 좋아하나요? 그리고 해당 장르에서 가장 재미있게 봤던 영화나 책은 무엇인가요?\r\n\r\n 자신이 봤던 영화 혹은 책을 한 편 선정하여 주제와 내용 그리고 느낀점을 감상문으로 작성해주세요.",
    "essay_type": "설명글",
    "essay_level": "3",
    "essay_len": 817,
    "essay_main_subject": "영화/독서감상문"
  }
}