{
  "paragraph": [
    {
      "paragraph_txt": "학교에서 영어 교과서에 있던 내용이었다.#@문장구분# 이책은 나에게 많은 교훈을 주었다.#@문장구분# 한끗차이로 사랑이 갈렸다.#@문장구분# 주인공은 더 멋있어 보이려고 거짓말 까지 하며 자랑을 하였지만 오히려 독이 되었다.#@문장구분# 결국 자기가 가장 좋아하는 그녀를 놓쳤다.#@문장구분# 나도 사랑을 실패 한 사람으로써 이 책을 읽고서 많은 교훈을 얻은 것 같다.#@문장구분# 마지막에 날 가지세요 라는 말을 해석하지 못한채 그녀를 떠나버렸고 결국 여자는 다른 사람과 결혼을 하게 되었다.#@문장구분# 나는 자만하지 않으며 선을 넘지 않고 내가 좋아하는 사람을 다시는 놓치지 않을 것이다.#@문장구분# 항상 겸손해야 한다는 생각을 하게 되었다.#@문장구분# 비록 처음에 자랑을 할때는 여자에게 더 호감을 보일수 있고 더 멋져 보일 수도 있지만 결국은 더 큰 화를 불렀고 사랑하는 이를 놓친 것이다.#@문장구분# 교과서를 보면서 가장 깊게 생각하게 된 책이었다.#@문장구분# 나도 후회 하지 않도록 겸손하게 깊게 생각하며 행동 할 것이다.#@문장구분#<br/>",
      "paragraph_len": 701,
      "paragraph_id": "001"
    }
  ],
  "score": {
    "paragraph_score": [
      {
        "paragraph_scoreT": [
          2,
          2,
          1.5
        ],
        "paragraph_scoreT_detail": {
          "paragraph_scoreT_exp": [
            [
              2,
              2,
              2
            ],
            [
              2,
              2,
              2
            ],
            [
              1,
              2,
              1
            ]
          ]
        },
        "paragraph_scoreT_avg": 1.8333334,
        "paragraph_id": "001"
      }
    ],
    "essay_scoreT": [
      18.61111,
      18.5,
      14.222222
    ],
    "essay_scoreT_avg": 17.11111,
    "essay_scoreT_detail": {
      "essay_scoreT_org": [
        [
          2,
          1,
          1,
          2
        ],
        [
          2,
          2,
          2,
          2
        ],
        [
          1,
          1,
          1,
          2
        ]
      ],
      "essay_scoreT_cont": [
        [
          2,
          2,
          0,
          1
        ],
        [
          2,
          1,
          0,
          2
        ],
        [
          2,
          1,
          0,
          1
        ]
      ],
      "essay_scoreT_exp": [
        [
          2,
          2,
          2
        ],
        [
          2,
          2,
          2
        ],
        [
          1,
          2,
          1
        ]
      ]
    }
  },
  "student": {
    "date": "2021.09.10",
    "student_educated": true,
    "student_grade": "고등_1학년",
    "location": "063",
    "student_grade_group": "고등",
    "student_reading": 1
  },
  "rubric": {
    "essay_grade": "고등_1학년",
    "organization_weight": {
      "org_paragraph": 2,
      "org": 2,
      "org_essay": 4,
      "org_coherence": 2,
      "org_quantity": 1
    },
    "essay_type": "설명글",
    "content_weight": {
      "con_clearance": 4,
      "con_novelty": 3,
      "con": 4,
      "con_prompt": 0,
      "con_description": 1
    },
    "essay_main_subject": "영화/독서감상문",
    "expression_weight": {
      "exp_style": 1,
      "exp_grammar": 2,
      "exp_vocab": 3,
      "exp": 4
    }
  },
  "correction": [],
  "info": {
    "essay_id": "ESSAY_34727",
    "essay_prompt": " 영화에는 로맨스, 액션, 스릴러 등 정말 많은 장르가 있습니다. 사람마다 좋아하는 장르가 있고 절대 보지 않는 장르도 있습니다.\r\n\r\n 독서도 마찬가지입니다. 소설, 수필, 시, 만화, 위인전 등 여러가지 장르가 있습니다.\r\n\r\n 여러분은 어떤 장르를 좋아하나요? 그리고 해당 장르에서 가장 재미있게 봤던 영화나 책은 무엇인가요?\r\n\r\n 자신이 봤던 영화 혹은 책을 한 편 선정하여 주제와 내용 그리고 느낀점을 감상문으로 작성해주세요.",
    "essay_type": "설명글",
    "essay_level": "3",
    "essay_len": 451,
    "essay_main_subject": "영화/독서감상문"
  }
}