{
  "paragraph": [
    {
      "paragraph_txt": "이 책을 읽기 전에는 이제석이라는 사람이 부산에 있는 경찰서에 \"총알처럼 달려가겠습니다.\" 라는 문구와 경찰차 5명이 벽을 뚫고 가는 것을 제작한 국내의 유명한 광고가일 뿐이라고 생각했습니다.#@문장구분# 그런데 이 책을 보니 가진것도 없는 것이 미국으로 유학을 가서 인종차별도 겪으면서 자신의 창의적인 아이디어를 필요로 하여 인생을 살아오셨더라고요.#@문장구분# 심지어 영어가 잘 되지가 않아서 그림으로 말하려고 애썼다는 부분이 인상깊었습니다.#@문장구분# 그림을 잘 그려본 적이 없는 저에게는 너무나도 신기하 따름이었습니다.#@문장구분# 솔직히 광고 시장에서 눈에 띄지 않으면 생계가 망할 수도 있다는 위험을 무릎쓰고 도전했던 이제석 용기가 본받을만한 부분인 것 같습니다.#@문장구분# 아직까지 내 인생을 걸고 그렇다 할 도전을 해보진 않았지만, 상상만으로도 아찔한 경험을 했던 사람은 두려움을 이겨낸 것 같습니다.#@문장구분# 이 책에는 이제석의 감정을 드러내는 부분이 없어서 희노애락을 제대로 느낄 수 없었지만 기회가 된다면 그때 당시의 어떤 느끼이었는지 물어보고 싶습니다.#@문장구분# 3초를 위해 3000분을 쏟는 광고가 이제석의 노력을 이제는 감히 제가 가져보고 싶습니다.#@문장구분# 책의 2/3가 광고, 아이디어, 창의성에 대해서 말하고 1/3이 이제석의 살아온 삶을 말하고 있어서 광고와 관련된 진로를 꿈꾸고 있지 않은 저같은 사람들로 배우점이 있는 책인 것 같습니다.#@문장구분#",
      "paragraph_len": 844,
      "paragraph_id": "001"
    }
  ],
  "score": {
    "paragraph_score": [
      {
        "paragraph_scoreT": [
          3,
          2.8333333,
          2
        ],
        "paragraph_scoreT_detail": {
          "paragraph_scoreT_exp": [
            [
              3,
              3,
              3
            ],
            [
              3,
              3,
              2
            ],
            [
              2,
              2,
              2
            ]
          ]
        },
        "paragraph_scoreT_avg": 2.611111,
        "paragraph_id": "001"
      }
    ],
    "essay_scoreT": [
      30,
      24.222221,
      22.944445
    ],
    "essay_scoreT_avg": 25.722221,
    "essay_scoreT_detail": {
      "essay_scoreT_org": [
        [
          3,
          3,
          3,
          3
        ],
        [
          2,
          3,
          3,
          2
        ],
        [
          2,
          2,
          3,
          2
        ]
      ],
      "essay_scoreT_cont": [
        [
          3,
          3,
          0,
          3
        ],
        [
          2,
          2,
          0,
          2
        ],
        [
          3,
          2,
          0,
          3
        ]
      ],
      "essay_scoreT_exp": [
        [
          3,
          3,
          3
        ],
        [
          3,
          3,
          2
        ],
        [
          2,
          2,
          2
        ]
      ]
    }
  },
  "student": {
    "date": "2021.09.07",
    "student_educated": true,
    "student_grade": "고등_1학년",
    "location": "051",
    "student_grade_group": "고등",
    "student_reading": 2
  },
  "rubric": {
    "essay_grade": "고등_1학년",
    "organization_weight": {
      "org_paragraph": 2,
      "org": 2,
      "org_essay": 4,
      "org_coherence": 2,
      "org_quantity": 1
    },
    "essay_type": "설명글",
    "content_weight": {
      "con_clearance": 4,
      "con_novelty": 3,
      "con": 4,
      "con_prompt": 0,
      "con_description": 1
    },
    "essay_main_subject": "영화/독서감상문",
    "expression_weight": {
      "exp_style": 1,
      "exp_grammar": 2,
      "exp_vocab": 3,
      "exp": 4
    }
  },
  "correction": [],
  "info": {
    "essay_id": "ESSAY_34162",
    "essay_prompt": " 영화에는 로맨스, 액션, 스릴러 등 정말 많은 장르가 있습니다. 사람마다 좋아하는 장르가 있고 절대 보지 않는 장르도 있습니다.\r\n\r\n 독서도 마찬가지입니다. 소설, 수필, 시, 만화, 위인전 등 여러가지 장르가 있습니다.\r\n\r\n 여러분은 어떤 장르를 좋아하나요? 그리고 해당 장르에서 가장 재미있게 봤던 영화나 책은 무엇인가요?\r\n\r\n 자신이 봤던 영화 혹은 책을 한 편 선정하여 주제와 내용 그리고 느낀점을 감상문으로 작성해주세요.",
    "essay_type": "설명글",
    "essay_level": "3",
    "essay_len": 667,
    "essay_main_subject": "영화/독서감상문"
  }
}