{
  "paragraph": [
    {
      "paragraph_txt": "독서 시간에 읽게 된 책으로 이청준 작가가 지은 책이다.#@문장구분# 이 책의 화자는 알암이의 아버지이지만 주인공은 알암이의 어머니인 색다른책이다. #@문장구분#알암이는 내성적이라 취미도 없이 공부만 하며 살던 아이였다.#@문장구분# 그런 아이가 주산에 관심을 가지게 되자 부모님은 무척 기뻐했다.#@문장구분# 주산학원을 가기 전에 집을 무조건 왔다가 갔던 알암이가 하루는 안보이게 되고 실종이 되어버린다. #@문장구분#몇 달 후 부패가 심하게 진행된 알암이가 주산학원 근처 건물의 지하에서 발견되어 버린다.#@문장구분# 범인은 주산학원 원장으로 밝혀지지만 원장님은 하느님에게 용서를 구했다고 한다.#@문장구분# 알암이의 어머니 역시 김집사라는 사람에게 하느님의 구원을 받지만 알암이의 어머니는 하느님의 구원 사이에서 갈등을 하게 된다.#@문장구분# 원장은 사형이 되고 알암이의 어머니는 삶의 의지를 잃어버리고 며칠 뒤 자살하게 된다.#@문장구분# 나는 이 책을 읽고 살인이라는 중범죄를 저지른 사람이 하느님에게 용서를 구했다고 하며 뻔뻔히 피해자의 부모에게 가서 용서를 해달라고 하는 것을 보고 종교나 믿음을 저렇게 사용하면 절대 안된다고 생각하게 되었다.#@문장구분# 자신의 잘못을 뉘우치기는 커녕 하느님이라는 가상존재에게 다 떠맡기는 것은정말 잘못되었다고 생각했다. #@문장구분#이 책을 읽으며 잘못을 절대하면 안되며, 잘못은 당사자에게 정중하게 용서를 빌어야된다고 다시 한 번생각 하게 된 배울 점, 깨달은 점을 참 많이 선사한 책이라고 생각한다.#@문장구분# 곧 성인이 될 청소년들이 읽고 책임에 대해서 꼭 다시 한 번 생각해보았으면 좋겠다.#@문장구분#",
      "paragraph_len": 988,
      "paragraph_id": "001"
    }
  ],
  "score": {
    "paragraph_score": [
      {
        "paragraph_scoreT": [
          3,
          2.8333333,
          1.8333334
        ],
        "paragraph_scoreT_detail": {
          "paragraph_scoreT_exp": [
            [
              3,
              3,
              3
            ],
            [
              3,
              3,
              2
            ],
            [
              2,
              2,
              1
            ]
          ]
        },
        "paragraph_scoreT_avg": 2.5555556,
        "paragraph_id": "001"
      }
    ],
    "essay_scoreT": [
      29.777779,
      27.722221,
      17.38889
    ],
    "essay_scoreT_avg": 24.962961,
    "essay_scoreT_detail": {
      "essay_scoreT_org": [
        [
          3,
          3,
          3,
          2
        ],
        [
          2,
          3,
          3,
          2
        ],
        [
          2,
          2,
          1,
          2
        ]
      ],
      "essay_scoreT_cont": [
        [
          3,
          3,
          0,
          3
        ],
        [
          3,
          3,
          0,
          2
        ],
        [
          2,
          1,
          0,
          2
        ]
      ],
      "essay_scoreT_exp": [
        [
          3,
          3,
          3
        ],
        [
          3,
          3,
          2
        ],
        [
          2,
          2,
          1
        ]
      ]
    }
  },
  "student": {
    "date": "2021.09.13",
    "student_educated": true,
    "student_grade": "고등_1학년",
    "location": "063",
    "student_grade_group": "고등",
    "student_reading": 1
  },
  "rubric": {
    "essay_grade": "고등_1학년",
    "organization_weight": {
      "org_paragraph": 2,
      "org": 2,
      "org_essay": 4,
      "org_coherence": 2,
      "org_quantity": 1
    },
    "essay_type": "설명글",
    "content_weight": {
      "con_clearance": 4,
      "con_novelty": 3,
      "con": 4,
      "con_prompt": 0,
      "con_description": 1
    },
    "essay_main_subject": "영화/독서감상문",
    "expression_weight": {
      "exp_style": 1,
      "exp_grammar": 2,
      "exp_vocab": 3,
      "exp": 4
    }
  },
  "correction": [],
  "info": {
    "essay_id": "ESSAY_34481",
    "essay_prompt": " 영화에는 로맨스, 액션, 스릴러 등 정말 많은 장르가 있습니다. 사람마다 좋아하는 장르가 있고 절대 보지 않는 장르도 있습니다.\r\n\r\n 독서도 마찬가지입니다. 소설, 수필, 시, 만화, 위인전 등 여러가지 장르가 있습니다.\r\n\r\n 여러분은 어떤 장르를 좋아하나요? 그리고 해당 장르에서 가장 재미있게 봤던 영화나 책은 무엇인가요?\r\n\r\n 자신이 봤던 영화 혹은 책을 한 편 선정하여 주제와 내용 그리고 느낀점을 감상문으로 작성해주세요.",
    "essay_type": "설명글",
    "essay_level": "3",
    "essay_len": 728,
    "essay_main_subject": "영화/독서감상문"
  }
}