{
  "paragraph": [
    {
      "paragraph_txt": "이 책을 선정하게 된 이유는 책을 선정하려고 검색을 하던 중에 제목이 누가 우주비행사가 될 수 있을까? 라고 되어있어서 재미있겠다라고 생각해서 고르게 되었다.#@문장구분#",
      "paragraph_len": 108,
      "paragraph_id": "001"
    },
    {
      "paragraph_txt": "이 책에서 나오는 첫번째 내용은 남녀 누구든지 우주비행사가 될 수 있다는 것을 알려준다.#@문장구분# 그 예시로 NASA의 첫 우주 비행사들은 모두 남자였는데\n1978년에 최초로 아프리카계 흑인 여성 비행사 샐리 라이드가 탄생했다는 이야기를 한다.#@문장구분#",
      "paragraph_len": 171,
      "paragraph_id": "002"
    },
    {
      "paragraph_txt": "두번째로는 지식이다.#@문장구분# 다양한 지식을 바탕으로 해야한다. #@문장구분#우주 비행을 준비하는 그 해에는 기술, 수학, 지질학 등을 공부하는데 평소에 하는 양에 비해 그 기간동안은 훨씬 더 많은 양을 배운다.#@문장구분# 보통은 우주비행사들이 대학 학위를 가지고 있었고, 몇몇은 교사나 의사들이다. #@문장구분#하지만 그들이 달 탐사 프로그램에 참여하기 위해서는 저런 것들을 배워야 한다.#@문장구분#",
      "paragraph_len": 293,
      "paragraph_id": "003"
    },
    {
      "paragraph_txt": "그리고 우주비행사도 육지에서 발이 묶일 수 있기 때문에 생존 기술을 무조건 알아 두고 배워야한다.#@문장구분#",
      "paragraph_len": 74,
      "paragraph_id": "004"
    },
    {
      "paragraph_txt": "이런 많은 것들을 갖춘 사람, 이 힘든 과정을 견딘 사람만이 우주비행사가 될 수 있다는 것에 놀라웠고, 또 우주비행사들에게 감탄했다.#@문장구분#",
      "paragraph_len": 94,
      "paragraph_id": "005"
    },
    {
      "paragraph_txt": "중간에 생존을 위해 벌레를 먹어야한다는 부분도 있었는데, 나였더라면 중간에 포기했을지도 모른다.#@문장구분# 그런 과정들을 이겨낸 우주비행사들이 존경스럽고, 앞으로도 훌륭한 우주비행사가 되어 우주 연구에 힘써 주시면 좋겠다.#@문장구분# 그리고 이 책을 통해 내가 너무 힘든 일 앞에서는 나약했던것이 아닌가는 생각을 하며, 나 자신을 되돌아 볼수도 있었던 계기가 되었던것 같다.#@문장구분#",
      "paragraph_len": 257,
      "paragraph_id": "006"
    }
  ],
  "score": {
    "paragraph_score": [
      {
        "paragraph_scoreT": [
          2,
          2.3333333,
          2
        ],
        "paragraph_scoreT_detail": {
          "paragraph_scoreT_exp": [
            [
              2,
              2,
              2
            ],
            [
              3,
              2,
              2
            ],
            [
              2,
              2,
              2
            ]
          ]
        },
        "paragraph_scoreT_avg": 2.111111,
        "paragraph_id": "001"
      },
      {
        "paragraph_scoreT": [
          2,
          2.3333333,
          2
        ],
        "paragraph_scoreT_detail": {
          "paragraph_scoreT_exp": [
            [
              2,
              2,
              2
            ],
            [
              3,
              2,
              2
            ],
            [
              2,
              2,
              2
            ]
          ]
        },
        "paragraph_scoreT_avg": 2.111111,
        "paragraph_id": "002"
      },
      {
        "paragraph_scoreT": [
          2,
          2.8333333,
          2
        ],
        "paragraph_scoreT_detail": {
          "paragraph_scoreT_exp": [
            [
              2,
              2,
              2
            ],
            [
              3,
              3,
              2
            ],
            [
              2,
              2,
              2
            ]
          ]
        },
        "paragraph_scoreT_avg": 2.2777777,
        "paragraph_id": "003"
      },
      {
        "paragraph_scoreT": [
          2,
          2.8333333,
          2
        ],
        "paragraph_scoreT_detail": {
          "paragraph_scoreT_exp": [
            [
              2,
              2,
              2
            ],
            [
              3,
              3,
              2
            ],
            [
              2,
              2,
              2
            ]
          ]
        },
        "paragraph_scoreT_avg": 2.2777777,
        "paragraph_id": "004"
      },
      {
        "paragraph_scoreT": [
          2,
          2.8333333,
          2
        ],
        "paragraph_scoreT_detail": {
          "paragraph_scoreT_exp": [
            [
              2,
              2,
              2
            ],
            [
              3,
              3,
              2
            ],
            [
              2,
              2,
              2
            ]
          ]
        },
        "paragraph_scoreT_avg": 2.2777777,
        "paragraph_id": "005"
      },
      {
        "paragraph_scoreT": [
          2,
          2.8333333,
          2
        ],
        "paragraph_scoreT_detail": {
          "paragraph_scoreT_exp": [
            [
              2,
              2,
              2
            ],
            [
              3,
              3,
              2
            ],
            [
              2,
              2,
              2
            ]
          ]
        },
        "paragraph_scoreT_avg": 2.2777777,
        "paragraph_id": "006"
      }
    ],
    "essay_scoreT": [
      20,
      26.222221,
      22.944445
    ],
    "essay_scoreT_avg": 23.055555,
    "essay_scoreT_detail": {
      "essay_scoreT_org": [
        [
          2,
          2,
          2,
          2
        ],
        [
          2,
          3,
          3,
          2
        ],
        [
          2,
          2,
          3,
          2
        ]
      ],
      "essay_scoreT_cont": [
        [
          2,
          2,
          0,
          2
        ],
        [
          3,
          2,
          0,
          2
        ],
        [
          3,
          2,
          0,
          3
        ]
      ],
      "essay_scoreT_exp": [
        [
          2,
          2,
          2
        ],
        [
          3,
          3,
          2
        ],
        [
          2,
          2,
          2
        ]
      ]
    }
  },
  "student": {
    "date": "2021.09.13",
    "student_educated": true,
    "student_grade": "고등_1학년",
    "location": "063",
    "student_grade_group": "고등",
    "student_reading": 1
  },
  "rubric": {
    "essay_grade": "고등_1학년",
    "organization_weight": {
      "org_paragraph": 2,
      "org": 2,
      "org_essay": 4,
      "org_coherence": 2,
      "org_quantity": 1
    },
    "essay_type": "설명글",
    "content_weight": {
      "con_clearance": 4,
      "con_novelty": 3,
      "con": 4,
      "con_prompt": 0,
      "con_description": 1
    },
    "essay_main_subject": "영화/독서감상문",
    "expression_weight": {
      "exp_style": 1,
      "exp_grammar": 2,
      "exp_vocab": 3,
      "exp": 4
    }
  },
  "correction": [],
  "info": {
    "essay_id": "ESSAY_34450",
    "essay_prompt": " 영화에는 로맨스, 액션, 스릴러 등 정말 많은 장르가 있습니다. 사람마다 좋아하는 장르가 있고 절대 보지 않는 장르도 있습니다.\r\n\r\n 독서도 마찬가지입니다. 소설, 수필, 시, 만화, 위인전 등 여러가지 장르가 있습니다.\r\n\r\n 여러분은 어떤 장르를 좋아하나요? 그리고 해당 장르에서 가장 재미있게 봤던 영화나 책은 무엇인가요?\r\n\r\n 자신이 봤던 영화 혹은 책을 한 편 선정하여 주제와 내용 그리고 느낀점을 감상문으로 작성해주세요.",
    "essay_type": "설명글",
    "essay_level": "3",
    "essay_len": 747,
    "essay_main_subject": "영화/독서감상문"
  }
}