{
  "paragraph": [
    {
      "paragraph_txt": "최근 방학이 끝나기 직전에 학원 숙제를 하면서 감기라는 영화를 다시 보았다. #@문장구분#감기는 2013년에 개봉한 재난영화이다.#@문장구분# 영화 '감기'는 현재 코로나로 피해를 입는 상황과 매우 흡사한 영화이다.#@문장구분# 영화 '감기' 에서는 호흡기로 감염이 되고 감염속도가 빠르고, 치사율 100%의 바이러스가 대한민국에 발병하게 된다.#@문장구분# 정부는 확산을 막기 위해 국가 재난사태를 발령하고 되 폐쇄라는 결정을 내리게 된다.#@문장구분# 영화의 주인공은 의사인 인해와 인해의 딸 미르 그리고 구조원인 지구이다.#@문장구분# 둘은 차사고로 안면을 트게 되고, 인해의 딸 미르는 도망친 외국인에게 다가가 대화를 나누고 감기에 감염이 된다.#@문장구분# 그리고 한편 수용시설에서 감염자는 생매장이 된다는 사실을 알게 된 인해는 미르를 지키려고 하는데 폭풍을 잠재우는 과정에서 미국이 개입을 하고 미르의 몸에 항체가 있다는 걸 알게 되고 긍정적인 엔딩을 마주한다.#@문장구분# 영화에서 들어난 모성애와 의사들의 모습이 간간히 나와 재난 뿐만 아니라 감동적으로도 보기도 좋았던 영화였다.#@문장구분# 다소 무리수인 설정이 들어가 있지만 지금 코로나가 퍼지고 있는 상황과 비슷하게 볼 수 있다.#@문장구분# 벌써 몇 년 째 백신이 발견되지 않고 있는 코로나 사태의 마무리가 어떻게 될지도 궁금하였다. #@문장구분#영화에서 아이가 총에 맞을 뻔 한 상황에서 인해가 미르를 지키는데 인해가 대신해서 총을 맞고 아이가 우는 장면에서는 정부를 원망하기도 해 봤고 아이의 순수함과 간절함이 너무 잘 느껴졌다.#@문장구분#\n그 장면 이후 시민 전체가 반란을 하는 장면이 나오는데 그 장면에서도 뭉클해졌던 것 같다.#@문장구분# 코로나 백신이 나왔지만 완치가 되는 상태가 아니라는 게 슬픈 일이지만 백신을 맞고도 마스크를 못 벗는다는 게 아쉬웠다. #@문장구분#호불호가 많이 갈리는 영화였지만 내 기준으로는 지금 이 상황을 겪으면서 감기영화를 봐서 더 와닿았던 것 같다.#@문장구분#",
      "paragraph_len": 1190,
      "paragraph_id": "001"
    }
  ],
  "score": {
    "paragraph_score": [
      {
        "paragraph_scoreT": [
          3,
          3,
          2
        ],
        "paragraph_scoreT_detail": {
          "paragraph_scoreT_exp": [
            [
              3,
              3,
              3
            ],
            [
              3,
              3,
              3
            ],
            [
              2,
              2,
              2
            ]
          ]
        },
        "paragraph_scoreT_avg": 2.6666667,
        "paragraph_id": "001"
      }
    ],
    "essay_scoreT": [
      30,
      27.61111,
      22.944445
    ],
    "essay_scoreT_avg": 26.851852,
    "essay_scoreT_detail": {
      "essay_scoreT_org": [
        [
          3,
          3,
          3,
          3
        ],
        [
          2,
          3,
          3,
          3
        ],
        [
          2,
          2,
          3,
          2
        ]
      ],
      "essay_scoreT_cont": [
        [
          3,
          3,
          0,
          3
        ],
        [
          3,
          2,
          0,
          3
        ],
        [
          3,
          2,
          0,
          3
        ]
      ],
      "essay_scoreT_exp": [
        [
          3,
          3,
          3
        ],
        [
          3,
          3,
          3
        ],
        [
          2,
          2,
          2
        ]
      ]
    }
  },
  "student": {
    "date": "2021.09.13",
    "student_educated": true,
    "student_grade": "고등_1학년",
    "location": "051",
    "student_grade_group": "고등",
    "student_reading": 1
  },
  "rubric": {
    "essay_grade": "고등_1학년",
    "organization_weight": {
      "org_paragraph": 2,
      "org": 2,
      "org_essay": 4,
      "org_coherence": 2,
      "org_quantity": 1
    },
    "essay_type": "설명글",
    "content_weight": {
      "con_clearance": 4,
      "con_novelty": 3,
      "con": 4,
      "con_prompt": 0,
      "con_description": 1
    },
    "essay_main_subject": "영화/독서감상문",
    "expression_weight": {
      "exp_style": 1,
      "exp_grammar": 2,
      "exp_vocab": 3,
      "exp": 4
    }
  },
  "correction": [],
  "info": {
    "essay_id": "ESSAY_34142",
    "essay_prompt": " 영화에는 로맨스, 액션, 스릴러 등 정말 많은 장르가 있습니다. 사람마다 좋아하는 장르가 있고 절대 보지 않는 장르도 있습니다.\r\n\r\n 독서도 마찬가지입니다. 소설, 수필, 시, 만화, 위인전 등 여러가지 장르가 있습니다.\r\n\r\n 여러분은 어떤 장르를 좋아하나요? 그리고 해당 장르에서 가장 재미있게 봤던 영화나 책은 무엇인가요?\r\n\r\n 자신이 봤던 영화 혹은 책을 한 편 선정하여 주제와 내용 그리고 느낀점을 감상문으로 작성해주세요.",
    "essay_type": "설명글",
    "essay_level": "3",
    "essay_len": 893,
    "essay_main_subject": "영화/독서감상문"
  }
}