{
  "paragraph": [
    {
      "paragraph_txt": "1986년 4월 26일 밤, 러시아의 벨라루스 국경에 인접한 체르노빌 원전이 폭발하였다.#@문장구분# 이 책은 체르노빌 원전 사고와 관련된 다양한 직업군의 사람들의 진술을 종합하여 그들의 이야기를 후대에 남기기 위한 기록물이다.#@문장구분# 가장 기억에 남고 충격적으로 다가왔던 사실은 죽음이란 것을 아이들이었다.#@문장구분# 아이들은 주변 환경과 분위기를 반영하고 경험과 친숙한 대상을 통해 자아가 형성된다. #@문장구분#보통의 아이들은 순진무구하여 아무것도 모르는 것이 정상이지만 체르노빌의 아이들은 달랐다.#@문장구분# 그들은 스스로 자신이 장애인이란 사실도 알고 있었으며, 자신은 죽을 것이라는 것도 알고 있었다.#@문장구분# 방사능이란 물질이 단지 물리적으로 위험한 것만이 아니라는 생각이 들어 가슴이 아팠다.#@문장구분# 책에서 나는 작가의 말 중 \"나는 과거에 대한 책을 썼지만, 그것은 미래를 닮았다\"라는 부분이 이 책의 의의이자, 작가가 전달하고자 하는 시사점이라고 생각한다.#@문장구분# 오늘날 거의 30개국에서 443기의 원자력 발전소가 가동중이다.#@문장구분# 따라서 체르노빌과 같은 사고는 언제든 일어날 수 있는 것이다.#@문장구분# 따라서 작가는 과거를 쓰고 있지만 마치 미래를 쓰는 것 같다고 말한 것 같다.#@문장구분# 평화적 핵과 전쟁용 핵은 양립하지 않는다. #@문장구분#'공범자'이다. #@문장구분#인간은 물리를 믿었지만 가장 믿던 물리는 인류에게 대재앙을 안겨준 것 같다.#@문장구분#",
      "paragraph_len": 921,
      "paragraph_id": "001"
    }
  ],
  "score": {
    "paragraph_score": [
      {
        "paragraph_scoreT": [
          2.5,
          2,
          2.5
        ],
        "paragraph_scoreT_detail": {
          "paragraph_scoreT_exp": [
            [
              2,
              3,
              2
            ],
            [
              2,
              2,
              2
            ],
            [
              2,
              3,
              2
            ]
          ]
        },
        "paragraph_scoreT_avg": 2.3333333,
        "paragraph_id": "001"
      }
    ],
    "essay_scoreT": [
      27.055555,
      20,
      24
    ],
    "essay_scoreT_avg": 23.685186,
    "essay_scoreT_detail": {
      "essay_scoreT_org": [
        [
          3,
          3,
          2,
          3
        ],
        [
          2,
          2,
          2,
          2
        ],
        [
          2,
          2,
          2,
          2
        ]
      ],
      "essay_scoreT_cont": [
        [
          3,
          3,
          0,
          2
        ],
        [
          2,
          2,
          0,
          2
        ],
        [
          3,
          2,
          0,
          2
        ]
      ],
      "essay_scoreT_exp": [
        [
          2,
          3,
          2
        ],
        [
          2,
          2,
          2
        ],
        [
          2,
          3,
          2
        ]
      ]
    }
  },
  "student": {
    "date": "2021.09.10",
    "student_educated": true,
    "student_grade": "고등_1학년",
    "location": "063",
    "student_grade_group": "고등",
    "student_reading": 1
  },
  "rubric": {
    "essay_grade": "고등_1학년",
    "organization_weight": {
      "org_paragraph": 2,
      "org": 2,
      "org_essay": 4,
      "org_coherence": 2,
      "org_quantity": 1
    },
    "essay_type": "설명글",
    "content_weight": {
      "con_clearance": 4,
      "con_novelty": 3,
      "con": 4,
      "con_prompt": 0,
      "con_description": 1
    },
    "essay_main_subject": "영화/독서감상문",
    "expression_weight": {
      "exp_style": 1,
      "exp_grammar": 2,
      "exp_vocab": 3,
      "exp": 4
    }
  },
  "correction": [],
  "info": {
    "essay_id": "ESSAY_34761",
    "essay_prompt": " 영화에는 로맨스, 액션, 스릴러 등 정말 많은 장르가 있습니다. 사람마다 좋아하는 장르가 있고 절대 보지 않는 장르도 있습니다.\r\n\r\n 독서도 마찬가지입니다. 소설, 수필, 시, 만화, 위인전 등 여러가지 장르가 있습니다.\r\n\r\n 여러분은 어떤 장르를 좋아하나요? 그리고 해당 장르에서 가장 재미있게 봤던 영화나 책은 무엇인가요?\r\n\r\n 자신이 봤던 영화 혹은 책을 한 편 선정하여 주제와 내용 그리고 느낀점을 감상문으로 작성해주세요.",
    "essay_type": "설명글",
    "essay_level": "3",
    "essay_len": 641,
    "essay_main_subject": "영화/독서감상문"
  }
}