{
  "paragraph": [
    {
      "paragraph_txt": "고대 그리스 로마의 도시는 어떻게 생겼고, 그곳에서 무슨 일을 하였는지 알아볼수 있는 책이다. #@문장구분#먼저, 루욕운차에 대해서 알려주는데 로마인들은 목욕을 좋아했지만 대부분사람들은 물을 데울수 없었다. #@문장구분#그래서 로마정부는 공중 목욕탕을 지었다. #@문장구분#그로인해서 노예를 제외한 모든 사람이 목욕을 다녔고, 대부분의 남자들이 오후에 목욕탕을 갔다. #@문장구분#처음에는 여자들은 목욕탕을 사용할 수 없었지만, 나중에 되어서는 남자들이 오기전 아침에 사용하였다.#@문장구분# 일부 목욕탕은 남녀를 위한 별도의 공간을 짓기도 하였다.#@문장구분# 주변에서는 식당들이 많았고, 그곳에서 밥과 스튜등을 먹기도 하였다. #@문장구분#고대그리스사람들은 눈을 냉동 디저트로 하여서 먹었고, 눈을 이용해서 여름에도 앉아서 식사할수 있게 하였다.#@문장구분#로마의 고급주택은 부유하였고, 그들은 별이 보이는 야외에서 식사하길 원했다. #@문장구분#그리하여 단단한 나무와 돌을 이용하여 쇼파를 만들어서 밖에서 식사를 했다. #@문장구분#그리스 로마사람들은 지혜를 활용해서 부유하게 산편이다.#@문장구분#",
      "paragraph_len": 705,
      "paragraph_id": "001"
    }
  ],
  "score": {
    "paragraph_score": [
      {
        "paragraph_scoreT": [
          1.8333334,
          1.8333334,
          1.8333334
        ],
        "paragraph_scoreT_detail": {
          "paragraph_scoreT_exp": [
            [
              2,
              2,
              1
            ],
            [
              2,
              2,
              1
            ],
            [
              2,
              2,
              1
            ]
          ]
        },
        "paragraph_scoreT_avg": 1.8333334,
        "paragraph_id": "001"
      }
    ],
    "essay_scoreT": [
      16.944445,
      17.11111,
      18
    ],
    "essay_scoreT_avg": 17.351852,
    "essay_scoreT_detail": {
      "essay_scoreT_org": [
        [
          2,
          1,
          1,
          2
        ],
        [
          2,
          2,
          2,
          1
        ],
        [
          1,
          1,
          2,
          2
        ]
      ],
      "essay_scoreT_cont": [
        [
          2,
          1,
          0,
          2
        ],
        [
          2,
          1,
          0,
          1
        ],
        [
          3,
          1,
          0,
          1
        ]
      ],
      "essay_scoreT_exp": [
        [
          2,
          2,
          1
        ],
        [
          2,
          2,
          1
        ],
        [
          2,
          2,
          1
        ]
      ]
    }
  },
  "student": {
    "date": "2021.09.10",
    "student_educated": true,
    "student_grade": "고등_1학년",
    "location": "063",
    "student_grade_group": "고등",
    "student_reading": 1
  },
  "rubric": {
    "essay_grade": "고등_1학년",
    "organization_weight": {
      "org_paragraph": 2,
      "org": 2,
      "org_essay": 4,
      "org_coherence": 2,
      "org_quantity": 1
    },
    "essay_type": "설명글",
    "content_weight": {
      "con_clearance": 4,
      "con_novelty": 3,
      "con": 4,
      "con_prompt": 0,
      "con_description": 1
    },
    "essay_main_subject": "영화/독서감상문",
    "expression_weight": {
      "exp_style": 1,
      "exp_grammar": 2,
      "exp_vocab": 3,
      "exp": 4
    }
  },
  "correction": [],
  "info": {
    "essay_id": "ESSAY_34690",
    "essay_prompt": " 영화에는 로맨스, 액션, 스릴러 등 정말 많은 장르가 있습니다. 사람마다 좋아하는 장르가 있고 절대 보지 않는 장르도 있습니다.\r\n\r\n 독서도 마찬가지입니다. 소설, 수필, 시, 만화, 위인전 등 여러가지 장르가 있습니다.\r\n\r\n 여러분은 어떤 장르를 좋아하나요? 그리고 해당 장르에서 가장 재미있게 봤던 영화나 책은 무엇인가요?\r\n\r\n 자신이 봤던 영화 혹은 책을 한 편 선정하여 주제와 내용 그리고 느낀점을 감상문으로 작성해주세요.",
    "essay_type": "설명글",
    "essay_level": "3",
    "essay_len": 486,
    "essay_main_subject": "영화/독서감상문"
  }
}