{
  "paragraph": [
    {
      "paragraph_txt": "통계가 중요시 되는 이 시점, 반드시 알아야하는 정보라고 판단하여 이 책을 읽기 시작하였다.#@문장구분# 우리 학교에서 확률과 통계라는 과목을 배우지 않아 아쉬움을 느낀다.#@문장구분# 그래서 이렇게 책이라던지 인터넷이라던지 등을 통해 반드시 배워보려한다.#@문장구분#\n평소 내가 sns를 많이 하는데 좋아요를 누르거나 해시태그를 남기는 등 이런 것들이 모두 데이터가 된다는 점이 참 신기하였다.#@문장구분# 우리는 이미 일상생활속에서 많은 빅데이터를 접하고 있다는 것이다.#@문장구분# 또한 빅데이터는 마케팅, 영업, 금융, 의료, 사회 등 전 영역에서 필요에따라 쓰이고 있다.#@문장구분# 빅데이터에 대한 이해는 결국 빅데이터로 승부하는 세상에서 어떻게 살아갈 것인지를 고민하는 기본 소양이 될 것이다라고 말한 점이 인상적이다.#@문장구분# 4차 산업혁명이 떠오르면서 앞으로 인공지능이 발달하게 될텐데 이는 빅데이터에 달려있다 생각한다.#@문장구분#\n이 책은 빅데이터 중 핵심만 모아 정리를 하였단 생각이 들었다.#@문장구분#\n나는 이 책을 통계학 분야에 관심이 없더라도 경제나 교육쪽에 관심이 있더라도 이 책을 읽게 하는 것을 선호한다.#@문장구분#",
      "paragraph_len": 720,
      "paragraph_id": "001"
    }
  ],
  "score": {
    "paragraph_score": [
      {
        "paragraph_scoreT": [
          2,
          2.5,
          1.8333334
        ],
        "paragraph_scoreT_detail": {
          "paragraph_scoreT_exp": [
            [
              2,
              2,
              2
            ],
            [
              2,
              3,
              2
            ],
            [
              2,
              2,
              1
            ]
          ]
        },
        "paragraph_scoreT_avg": 2.1111112,
        "paragraph_id": "001"
      }
    ],
    "essay_scoreT": [
      25.555555,
      23.38889,
      20.222221
    ],
    "essay_scoreT_avg": 23.055555,
    "essay_scoreT_detail": {
      "essay_scoreT_org": [
        [
          3,
          3,
          3,
          1
        ],
        [
          3,
          2,
          2,
          2
        ],
        [
          1,
          2,
          2,
          1
        ]
      ],
      "essay_scoreT_cont": [
        [
          3,
          3,
          0,
          3
        ],
        [
          2,
          2,
          0,
          3
        ],
        [
          3,
          2,
          0,
          2
        ]
      ],
      "essay_scoreT_exp": [
        [
          2,
          2,
          2
        ],
        [
          2,
          3,
          2
        ],
        [
          2,
          2,
          1
        ]
      ]
    }
  },
  "student": {
    "date": "2021.09.07",
    "student_educated": true,
    "student_grade": "고등_1학년",
    "location": "063",
    "student_grade_group": "고등",
    "student_reading": 3
  },
  "rubric": {
    "essay_grade": "고등_1학년",
    "organization_weight": {
      "org_paragraph": 2,
      "org": 2,
      "org_essay": 4,
      "org_coherence": 2,
      "org_quantity": 1
    },
    "essay_type": "설명글",
    "content_weight": {
      "con_clearance": 4,
      "con_novelty": 3,
      "con": 4,
      "con_prompt": 0,
      "con_description": 1
    },
    "essay_main_subject": "영화/독서감상문",
    "expression_weight": {
      "exp_style": 1,
      "exp_grammar": 2,
      "exp_vocab": 3,
      "exp": 4
    }
  },
  "correction": [],
  "info": {
    "essay_id": "ESSAY_34589",
    "essay_prompt": " 영화에는 로맨스, 액션, 스릴러 등 정말 많은 장르가 있습니다. 사람마다 좋아하는 장르가 있고 절대 보지 않는 장르도 있습니다.\r\n\r\n 독서도 마찬가지입니다. 소설, 수필, 시, 만화, 위인전 등 여러가지 장르가 있습니다.\r\n\r\n 여러분은 어떤 장르를 좋아하나요? 그리고 해당 장르에서 가장 재미있게 봤던 영화나 책은 무엇인가요?\r\n\r\n 자신이 봤던 영화 혹은 책을 한 편 선정하여 주제와 내용 그리고 느낀점을 감상문으로 작성해주세요.",
    "essay_type": "설명글",
    "essay_level": "3",
    "essay_len": 520,
    "essay_main_subject": "영화/독서감상문"
  }
}