{
  "paragraph": [
    {
      "paragraph_txt": "만약 자신의 삶에서 가장 빛났던 부분을 빼앗기게 된다면 어떨 것 같은가?#@문장구분# 누군가는 삶 자체를 송두리째 빼앗긴 느낌을 받을 수 있을 것이다.#@문장구분# 자신의 형태를 잃고 살아가게 될 사람도 있을 것이다.#@문장구분# 살면서 가장 빛났던 시기는 절대 다시 돌아올 수 없기에 더 소중하고 그래서 더 무력감을 느낀다.#@문장구분# 이 무력감을 겪은 사람이 만든 영화에서는 빼앗긴 시간을 찾아가는 이야기가 나온다.#@문장구분#",
      "paragraph_len": 307,
      "paragraph_id": "001"
    },
    {
      "paragraph_txt": " 영화 '셔커스: 잃어버린 필름을 찾아서'는 감독이자 영화의 주인공인 '샌디 탄'이 실화를 바탕으로 만든 다큐멘터리 영화이다.#@문장구분# 샌디와 친구들, 그리고 조지는 함께 1992년 여름, 싱가포르에서 영화를 만든다.#@문장구분# 하지만 조지가 영화를 가지고 사라지며 친구들은 삶에 구멍을 남긴 채 살아가게 된다.#@문장구분# 그리고 몇 년 뒤, 조지의 아내에게서 조지가 죽었다는 연락을 받아 조지의 집에 간 셋은 잃어버렸던 셔커스를 발견하고 함께 영화를 보기 시작한다.#@문장구분# 그러나 영화는 소리가 들리지 않는 무성영화로 남아있었다.#@문장구분# ",
      "paragraph_len": 377,
      "paragraph_id": "002"
    },
    {
      "paragraph_txt": " 영화를 보면서 왜 조지는 영화를 가져갔을까 했는데 뒤에 조지 지인의 이야기를 들어보니 조지는 열등감이 심했고 그래서 샌디의 재능을 질투해 그런 짓을 한 것 같았다.#@문장구분# 그 결과로 샌디와 친구들은 삶의 한 조각을 잃은 채로 살아가야 했다.#@문장구분# 평생 잊지 못할 1992년 싱가포르의 여름을 말이다.#@문장구분# 하지만 결국 샌디와 친구들은 필름 안에 담겨있는 그 시절 싱가포르의 여름, 그 당시 사람들의 모습을 보고 소리는 없지만 그 시절의 본인들이 살아있었단 걸 느끼며 아픔에서 조금이나마 멀어진다.#@문장구분#",
      "paragraph_len": 348,
      "paragraph_id": "003"
    }
  ],
  "score": {
    "paragraph_score": [
      {
        "paragraph_scoreT": [
          2.8333333,
          2.8333333,
          2.5
        ],
        "paragraph_scoreT_detail": {
          "paragraph_scoreT_exp": [
            [
              3,
              3,
              2
            ],
            [
              3,
              3,
              2
            ],
            [
              2,
              3,
              2
            ]
          ]
        },
        "paragraph_scoreT_avg": 2.722222,
        "paragraph_id": "001"
      },
      {
        "paragraph_scoreT": [
          2.8333333,
          2.8333333,
          2.8333333
        ],
        "paragraph_scoreT_detail": {
          "paragraph_scoreT_exp": [
            [
              3,
              3,
              2
            ],
            [
              3,
              3,
              2
            ],
            [
              3,
              3,
              2
            ]
          ]
        },
        "paragraph_scoreT_avg": 2.8333333,
        "paragraph_id": "002"
      },
      {
        "paragraph_scoreT": [
          2.8333333,
          2.8333333,
          3
        ],
        "paragraph_scoreT_detail": {
          "paragraph_scoreT_exp": [
            [
              3,
              3,
              2
            ],
            [
              3,
              3,
              2
            ],
            [
              3,
              3,
              3
            ]
          ]
        },
        "paragraph_scoreT_avg": 2.8888886,
        "paragraph_id": "003"
      }
    ],
    "essay_scoreT": [
      23.777779,
      27.61111,
      27.555555
    ],
    "essay_scoreT_avg": 26.314814,
    "essay_scoreT_detail": {
      "essay_scoreT_org": [
        [
          2,
          2,
          3,
          2
        ],
        [
          3,
          3,
          3,
          2
        ],
        [
          2,
          2,
          2,
          3
        ]
      ],
      "essay_scoreT_cont": [
        [
          2,
          2,
          0,
          2
        ],
        [
          3,
          2,
          0,
          3
        ],
        [
          3,
          3,
          0,
          3
        ]
      ],
      "essay_scoreT_exp": [
        [
          3,
          3,
          2
        ],
        [
          3,
          3,
          2
        ],
        [
          3,
          3,
          2
        ]
      ]
    }
  },
  "student": {
    "date": "2021.09.13",
    "student_educated": true,
    "student_grade": "고등_1학년",
    "location": "051",
    "student_grade_group": "고등",
    "student_reading": 3
  },
  "rubric": {
    "essay_grade": "고등_1학년",
    "organization_weight": {
      "org_paragraph": 2,
      "org": 2,
      "org_essay": 4,
      "org_coherence": 2,
      "org_quantity": 1
    },
    "essay_type": "설명글",
    "content_weight": {
      "con_clearance": 4,
      "con_novelty": 3,
      "con": 4,
      "con_prompt": 0,
      "con_description": 1
    },
    "essay_main_subject": "영화/독서감상문",
    "expression_weight": {
      "exp_style": 1,
      "exp_grammar": 2,
      "exp_vocab": 3,
      "exp": 4
    }
  },
  "correction": [],
  "info": {
    "essay_id": "ESSAY_34024",
    "essay_prompt": " 영화에는 로맨스, 액션, 스릴러 등 정말 많은 장르가 있습니다. 사람마다 좋아하는 장르가 있고 절대 보지 않는 장르도 있습니다.\r\n\r\n 독서도 마찬가지입니다. 소설, 수필, 시, 만화, 위인전 등 여러가지 장르가 있습니다.\r\n\r\n 여러분은 어떤 장르를 좋아하나요? 그리고 해당 장르에서 가장 재미있게 봤던 영화나 책은 무엇인가요?\r\n\r\n 자신이 봤던 영화 혹은 책을 한 편 선정하여 주제와 내용 그리고 느낀점을 감상문으로 작성해주세요.",
    "essay_type": "설명글",
    "essay_level": "3",
    "essay_len": 757,
    "essay_main_subject": "영화/독서감상문"
  }
}