{
  "paragraph": [
    {
      "paragraph_txt": "2021년 3월에 발행된 이 유네스코 뉴스라는 책은 2019년 12월말부터 나타난 코로나 바이러스로 인하여 인생의 기반이 되는 배움의 장터인 학교를 못가는 아이들에 관한 내용을 담고 있다.#@문장구분# 먼저 유네스코 뉴스에서는 불평등 해진 교육의 기회에 관해 다루고 있으며 유네스코에서는 코로나 19로 인한 경제적 충격으로 인하여 최서 2400만 명 이상의 청소년들이 다시 학교로 돌아가지 못할거라고 예상하고 있으며 이에 대해 유네스코 교육 사무총장보는 교육 패키지 마련 등을 강력히 주장하였다.#@문장구분# 그리고 현재 세계 각국의 정부들은 앞다퉈 천문학적인 재정을 투입하여 더 깊은 경제 침체가 되지 않게 애를 쓰고 있다.#@문장구분# 또 반상진 원장의 인터뷰에서는 한국이 해야할 일에 관한 질문이 있었는데 이게 관한 답변으로 올해 한국교육 개발원에서는 기관의 주요 과제로 글로벌 인문교양 교육 오엘 구축 기초연구를 시작했다고 했다#@문장구분# 이를 읽고 「나는 우리가 알지 못하는 곳에서 전세계의 여러 지역·사람들이 코로나 19를 극복하기 위해 열심히 노력하고 있으며 이로 인해 국가간의 협동력이 더 많이 증가하여 세계차가 되는 것 같아 위기는 기회같다라는 생각이 들었다.」#@문장구분#",
      "paragraph_len": 676,
      "paragraph_id": "001"
    }
  ],
  "score": {
    "paragraph_score": [
      {
        "paragraph_scoreT": [
          3,
          3,
          2
        ],
        "paragraph_scoreT_detail": {
          "paragraph_scoreT_exp": [
            [
              3,
              3,
              3
            ],
            [
              3,
              3,
              3
            ],
            [
              2,
              2,
              2
            ]
          ]
        },
        "paragraph_scoreT_avg": 2.6666667,
        "paragraph_id": "001"
      }
    ],
    "essay_scoreT": [
      30,
      29.555555,
      22.444445
    ],
    "essay_scoreT_avg": 27.333334,
    "essay_scoreT_detail": {
      "essay_scoreT_org": [
        [
          3,
          3,
          3,
          3
        ],
        [
          3,
          3,
          3,
          1
        ],
        [
          2,
          2,
          3,
          2
        ]
      ],
      "essay_scoreT_cont": [
        [
          3,
          3,
          0,
          3
        ],
        [
          3,
          3,
          0,
          3
        ],
        [
          3,
          2,
          0,
          2
        ]
      ],
      "essay_scoreT_exp": [
        [
          3,
          3,
          3
        ],
        [
          3,
          3,
          3
        ],
        [
          2,
          2,
          2
        ]
      ]
    }
  },
  "student": {
    "date": "2021.09.07",
    "student_educated": true,
    "student_grade": "고등_1학년",
    "location": "051",
    "student_grade_group": "고등",
    "student_reading": 2
  },
  "rubric": {
    "essay_grade": "고등_1학년",
    "organization_weight": {
      "org_paragraph": 2,
      "org": 2,
      "org_essay": 4,
      "org_coherence": 2,
      "org_quantity": 1
    },
    "essay_type": "설명글",
    "content_weight": {
      "con_clearance": 4,
      "con_novelty": 3,
      "con": 4,
      "con_prompt": 0,
      "con_description": 1
    },
    "essay_main_subject": "영화/독서감상문",
    "expression_weight": {
      "exp_style": 1,
      "exp_grammar": 2,
      "exp_vocab": 3,
      "exp": 4
    }
  },
  "correction": [],
  "info": {
    "essay_id": "ESSAY_34169",
    "essay_prompt": " 영화에는 로맨스, 액션, 스릴러 등 정말 많은 장르가 있습니다. 사람마다 좋아하는 장르가 있고 절대 보지 않는 장르도 있습니다.\r\n\r\n 독서도 마찬가지입니다. 소설, 수필, 시, 만화, 위인전 등 여러가지 장르가 있습니다.\r\n\r\n 여러분은 어떤 장르를 좋아하나요? 그리고 해당 장르에서 가장 재미있게 봤던 영화나 책은 무엇인가요?\r\n\r\n 자신이 봤던 영화 혹은 책을 한 편 선정하여 주제와 내용 그리고 느낀점을 감상문으로 작성해주세요.",
    "essay_type": "설명글",
    "essay_level": "3",
    "essay_len": 578,
    "essay_main_subject": "영화/독서감상문"
  }
}