{
  "paragraph": [
    {
      "paragraph_txt": "줄무늬 파자마를 입은 소년'이라는 영화는 작년에 유튜브에서 리뷰하는 영상을 보고 꼭 보고 싶다고 생각해서 보게 되었습니다.#@문장구분# 영화의 줄거리를 설명하자면 이 영화의 배경은 2차 대전입니다.#@문장구분# 영화의 주인공인 브루노의 아버지는 나치 장교입니다.#@문장구분# 어느 날 아버지의 일 때문에 베를린에서 폴란드로 이사를 하게 되었습니다.#@문장구분# 새 집에서 창고의 창문으로 브루노는 농장 쪽으로 가서 자신과 동갑인 슈무얼을 만나게 됩니다.#@문장구분# 매일매일 슈무얼을 찾아온 브루노는 슈무얼과 친구가 되었습니다.#@문장구분# 어느 날 슈무얼의 아버지가 사라졌다고 하자 브루노는 내일 같이 찾자고 했습니다.#@문장구분# 다음날 농장 앞으로 온 브루노에게 슈무얼은 파자마를 주고 철창 밑에 흙을 파고 브루노가 농장에 들어가게 됩니다.#@문장구분# 브루노와 슈무엘은 사람에 이끌려 샤워실에 가게 됩니다.#@문장구분# 사실 그곳은 유대인을 학살하는 곳이었습니다.#@문장구분# 둘은 죽게 되고 영화는 끝이 납니다.#@문장구분#\n영화를 볼 때 영화를 8살 어린아이의 시점에 맞춰 잘 표현한 것 같다고 생각했습니다.#@문장구분# 예를 들어 유대인들이 입는 옷을 파자마라고 하던지, 유대인들이 갇혀있는 곳을 농장이라 생각하는 점이 있습니다.#@문장구분# 마지막에 브루노가 죽을 때 가족이 다 울었는데 다른 유대인들도 같은 사람인데 자신의 아들, 동생이라고 슬퍼하지 말고 모든 사람이 죽는 다는 점을 슬퍼했다면 어땠을까 라는 생각이 들었습니다. #@문장구분#그리고 영화를 보며 마지막 부분에서는 과연 저런 짓이 같은 사람에게 하는 것이 맞는 걸까? 라는 생각이 들기도 했습니다.#@문장구분# 이런 일은 다시는 일어나면 안 된다고 다시 생각할 수 있는 좋은 영화였습니다.#@문장구분#",
      "paragraph_len": 1093,
      "paragraph_id": "001"
    }
  ],
  "score": {
    "paragraph_score": [
      {
        "paragraph_scoreT": [
          3,
          3,
          1.8333334
        ],
        "paragraph_scoreT_detail": {
          "paragraph_scoreT_exp": [
            [
              3,
              3,
              3
            ],
            [
              3,
              3,
              3
            ],
            [
              2,
              2,
              1
            ]
          ]
        },
        "paragraph_scoreT_avg": 2.6111112,
        "paragraph_id": "001"
      }
    ],
    "essay_scoreT": [
      30,
      30,
      22.277779
    ],
    "essay_scoreT_avg": 27.425926,
    "essay_scoreT_detail": {
      "essay_scoreT_org": [
        [
          3,
          3,
          3,
          3
        ],
        [
          3,
          3,
          3,
          3
        ],
        [
          2,
          2,
          3,
          2
        ]
      ],
      "essay_scoreT_cont": [
        [
          3,
          3,
          0,
          3
        ],
        [
          3,
          3,
          0,
          3
        ],
        [
          3,
          2,
          0,
          3
        ]
      ],
      "essay_scoreT_exp": [
        [
          3,
          3,
          3
        ],
        [
          3,
          3,
          3
        ],
        [
          2,
          2,
          1
        ]
      ]
    }
  },
  "student": {
    "date": "2021.09.13",
    "student_educated": true,
    "student_grade": "고등_1학년",
    "location": "051",
    "student_grade_group": "고등",
    "student_reading": 1
  },
  "rubric": {
    "essay_grade": "고등_1학년",
    "organization_weight": {
      "org_paragraph": 2,
      "org": 2,
      "org_essay": 4,
      "org_coherence": 2,
      "org_quantity": 1
    },
    "essay_type": "설명글",
    "content_weight": {
      "con_clearance": 4,
      "con_novelty": 3,
      "con": 4,
      "con_prompt": 0,
      "con_description": 1
    },
    "essay_main_subject": "영화/독서감상문",
    "expression_weight": {
      "exp_style": 1,
      "exp_grammar": 2,
      "exp_vocab": 3,
      "exp": 4
    }
  },
  "correction": [],
  "info": {
    "essay_id": "ESSAY_34124",
    "essay_prompt": " 영화에는 로맨스, 액션, 스릴러 등 정말 많은 장르가 있습니다. 사람마다 좋아하는 장르가 있고 절대 보지 않는 장르도 있습니다.\r\n\r\n 독서도 마찬가지입니다. 소설, 수필, 시, 만화, 위인전 등 여러가지 장르가 있습니다.\r\n\r\n 여러분은 어떤 장르를 좋아하나요? 그리고 해당 장르에서 가장 재미있게 봤던 영화나 책은 무엇인가요?\r\n\r\n 자신이 봤던 영화 혹은 책을 한 편 선정하여 주제와 내용 그리고 느낀점을 감상문으로 작성해주세요.",
    "essay_type": "설명글",
    "essay_level": "3",
    "essay_len": 774,
    "essay_main_subject": "영화/독서감상문"
  }
}