{
  "paragraph": [
    {
      "paragraph_txt": "영어학원에서 허쉬라는 넷플릭스에 있는 공포, 스릴러,장의 영화를 봤다.#@문장구분#  이 영화는 상영시간이 그렇게 긴 편이 아니지만 1시간 20분안에 충분히 내용을 생생하게 전달 한 것 같다.#@문장구분#  이 영화의 주인공은 청각장애인으로 소리를 듣지 못해서 수화나 상대방의 입모양을 보고 의사소통을 한다.#@문장구분#  그런데 친구와 집에서 헤어지고 혼자 남게 되었을 때 친구가 갑자기 자기집으로 달려오더니 살려달라고 문을 두드린다.#@문장구분#\n하지만 주인공은 청각 장애인 이라서 그 소리를 듣지 못하고 주인공의 친구를 죽이려던 살인마는 주인곡이 청각장애임을 알고 주인공까지 죽이려한다.#@문장구분#\n그런데 주인공의 직업은 작가로 무엇이든 결말을 예측할수 잇는 조금 특별한 능력이 있다.#@문장구분#  그래서 살인마가 천천히 집주위에서 압박해오는 동안 주인공은 계속해서 탈출구를 생각한다.#@문장구분# 이때 죽은 친구의 남자친구가 자기 여자친구를 찾으러 왔다가 살인마가 있다는 것을 눈치채고 공격하려 해보지만 아쉽게 실패하고 죽고만다.#@문장구분#  살인마와 주인공이 모두 조금씩 다쳤을 때 결국 주인공이 말벌 살충제를 살인자의 눈에 뿌리고 목을 뾰죡한 물건으로 찔러서 죽인다.#@문장구분#  이 영화를 보고 난뒤 내가 청각장애인이라면 주인공처럼 할수 있을까  생각해보았고, 또 이런일이 실제로 일어날수도 있을 것 같아서 조금 무섭고 찝찝한 느낌이 들었다.#@문장구분#",
      "paragraph_len": 843,
      "paragraph_id": "001"
    }
  ],
  "score": {
    "paragraph_score": [
      {
        "paragraph_scoreT": [
          3,
          2.8333333,
          2
        ],
        "paragraph_scoreT_detail": {
          "paragraph_scoreT_exp": [
            [
              3,
              3,
              3
            ],
            [
              3,
              3,
              2
            ],
            [
              2,
              2,
              2
            ]
          ]
        },
        "paragraph_scoreT_avg": 2.611111,
        "paragraph_id": "001"
      }
    ],
    "essay_scoreT": [
      30,
      25.777779,
      20.944445
    ],
    "essay_scoreT_avg": 25.574074,
    "essay_scoreT_detail": {
      "essay_scoreT_org": [
        [
          3,
          3,
          3,
          3
        ],
        [
          2,
          2,
          3,
          2
        ],
        [
          2,
          2,
          3,
          2
        ]
      ],
      "essay_scoreT_cont": [
        [
          3,
          3,
          0,
          3
        ],
        [
          3,
          2,
          0,
          2
        ],
        [
          2,
          2,
          0,
          3
        ]
      ],
      "essay_scoreT_exp": [
        [
          3,
          3,
          3
        ],
        [
          3,
          3,
          2
        ],
        [
          2,
          2,
          2
        ]
      ]
    }
  },
  "student": {
    "date": "2021.09.03",
    "student_educated": true,
    "student_grade": "고등_1학년",
    "location": "051",
    "student_grade_group": "고등",
    "student_reading": 1
  },
  "rubric": {
    "essay_grade": "고등_1학년",
    "organization_weight": {
      "org_paragraph": 2,
      "org": 2,
      "org_essay": 4,
      "org_coherence": 2,
      "org_quantity": 1
    },
    "essay_type": "설명글",
    "content_weight": {
      "con_clearance": 4,
      "con_novelty": 3,
      "con": 4,
      "con_prompt": 0,
      "con_description": 1
    },
    "essay_main_subject": "영화/독서감상문",
    "expression_weight": {
      "exp_style": 1,
      "exp_grammar": 2,
      "exp_vocab": 3,
      "exp": 4
    }
  },
  "correction": [],
  "info": {
    "essay_id": "ESSAY_34301",
    "essay_prompt": " 영화에는 로맨스, 액션, 스릴러 등 정말 많은 장르가 있습니다. 사람마다 좋아하는 장르가 있고 절대 보지 않는 장르도 있습니다.\r\n\r\n 독서도 마찬가지입니다. 소설, 수필, 시, 만화, 위인전 등 여러가지 장르가 있습니다.\r\n\r\n 여러분은 어떤 장르를 좋아하나요? 그리고 해당 장르에서 가장 재미있게 봤던 영화나 책은 무엇인가요?\r\n\r\n 자신이 봤던 영화 혹은 책을 한 편 선정하여 주제와 내용 그리고 느낀점을 감상문으로 작성해주세요.",
    "essay_type": "설명글",
    "essay_level": "3",
    "essay_len": 643,
    "essay_main_subject": "영화/독서감상문"
  }
}