{
  "paragraph": [
    {
      "paragraph_txt": "며칠 전 <천문: 하늘에 묻는다> 라는 영화를 접하게 되었다.#@문장구분# 조선의 천재 과학자 장영실이 만든 가마 안여가 부서져 궁 밖으로 내쫓긴 사건을 바탕으로 하여 그 후에 일어난 이야기를 가상으로 꾸며 스토리화한 영화이다.#@문장구분# 세종과 장영실은 20년간 같은 꿈을 가지고 그 꿈을 향해 나아가며 신분을 뛰어넘는 우정을 나눈다.#@문장구분# 영화 속에서는 세종과 장영실의 우정이 중점적으로 다루어지고 있는데 그래서인지 영화 장면 중 장영실이 열심히 만든 발명품을 세종 앞에서 시연하며 세종과 함께 웃고 기뻐하는 모습과 세종을 위해 벽과 문에 구멍을 뚫어 별을 만들어낸 장영실의 모습이 가장 인상 깊었다.#@문장구분# 브로맨스라는 단어가 떠오를 만큼 애틋하고 진한 우정이 돋보이는 장면이었다.#@문장구분# 또한 나는 이 영화에서 임금의 신분인 세종이 노비 신분인 장영실을 대하는 태도를 보고 참된 리더의 모습이 무엇인지 깨달을 수 있었다.#@문장구분# 노비와 임금이라는 장영실과의 신분 격차에도 불구하고 우정의 신뢰를 쌓아가는 세종의 모습에서 진정한 수평적 리더십을 찾아볼 수 있었다.#@문장구분# 세종은 장영실의 능력을 가장 먼저 발견하고 이를 발전시키는 것에 많은 격려와 힘을 보태주었는데 신분의 벽이 지금보다 높았던 조선 시대에 가장 높은 위치에서 신분에 대한 거리낌 없이 능력 있는 인재를 등용하고 그 능력을 발휘할 수 있도록 뒤에서 밀어주는 세종의 모습은 최고의 리더가 아닐까 하는 생각이 든다.#@문장구분# 이처럼 <천문>은 진정한 리더의 자질에 대해 다시 한번 깨닫는 계기가 되고 영화와 관련된 역사적 사건에도 관심을 가지게 해준 영화였다.#@문장구분#",
      "paragraph_len": 954,
      "paragraph_id": "001"
    }
  ],
  "score": {
    "paragraph_score": [
      {
        "paragraph_scoreT": [
          3,
          2.8333333,
          3
        ],
        "paragraph_scoreT_detail": {
          "paragraph_scoreT_exp": [
            [
              3,
              3,
              3
            ],
            [
              3,
              3,
              2
            ],
            [
              3,
              3,
              3
            ]
          ]
        },
        "paragraph_scoreT_avg": 2.9444444,
        "paragraph_id": "001"
      }
    ],
    "essay_scoreT": [
      29.277779,
      26.222221,
      26.222221
    ],
    "essay_scoreT_avg": 27.24074,
    "essay_scoreT_detail": {
      "essay_scoreT_org": [
        [
          3,
          3,
          3,
          2
        ],
        [
          2,
          3,
          3,
          2
        ],
        [
          2,
          2,
          2,
          3
        ]
      ],
      "essay_scoreT_cont": [
        [
          3,
          3,
          0,
          2
        ],
        [
          3,
          2,
          0,
          2
        ],
        [
          3,
          2,
          0,
          2
        ]
      ],
      "essay_scoreT_exp": [
        [
          3,
          3,
          3
        ],
        [
          3,
          3,
          2
        ],
        [
          3,
          3,
          3
        ]
      ]
    }
  },
  "student": {
    "date": "2021.09.13",
    "student_educated": true,
    "student_grade": "고등_1학년",
    "location": "051",
    "student_grade_group": "고등",
    "student_reading": 3
  },
  "rubric": {
    "essay_grade": "고등_1학년",
    "organization_weight": {
      "org_paragraph": 2,
      "org": 2,
      "org_essay": 4,
      "org_coherence": 2,
      "org_quantity": 1
    },
    "essay_type": "설명글",
    "content_weight": {
      "con_clearance": 4,
      "con_novelty": 3,
      "con": 4,
      "con_prompt": 0,
      "con_description": 1
    },
    "essay_main_subject": "영화/독서감상문",
    "expression_weight": {
      "exp_style": 1,
      "exp_grammar": 2,
      "exp_vocab": 3,
      "exp": 4
    }
  },
  "correction": [],
  "info": {
    "essay_id": "ESSAY_34017",
    "essay_prompt": " 영화에는 로맨스, 액션, 스릴러 등 정말 많은 장르가 있습니다. 사람마다 좋아하는 장르가 있고 절대 보지 않는 장르도 있습니다.\r\n\r\n 독서도 마찬가지입니다. 소설, 수필, 시, 만화, 위인전 등 여러가지 장르가 있습니다.\r\n\r\n 여러분은 어떤 장르를 좋아하나요? 그리고 해당 장르에서 가장 재미있게 봤던 영화나 책은 무엇인가요?\r\n\r\n 자신이 봤던 영화 혹은 책을 한 편 선정하여 주제와 내용 그리고 느낀점을 감상문으로 작성해주세요.",
    "essay_type": "설명글",
    "essay_level": "3",
    "essay_len": 764,
    "essay_main_subject": "영화/독서감상문"
  }
}