{
  "paragraph": [
    {
      "paragraph_txt": "제목에서 알듯이 비행기와 비행에 대한 역사를 담고있습니다.#@문장구분# 우리들은 비행기하면 대게 라이트형제를 다들 떠올리시게 되는데요,#@문장구분# 바로 그 라이트 형제의 일화와 비행기 개발에 대한 이야기를 담고있습니다.#@문장구분# 가장인상에 남는 부분은 1903년 비행후 온전하게 형태를 유지하여 엔진을 완전히 끈 첫번째 사건이 가장인상에 남습니다.#@문장구분# 왜냐하면 이전처럼 활공이나 추락같은 실패가아닌 완전한 엔진과 형태를 갖추고 무려 12초나 비행을 하고 착지를 했으며 만약 이러한 라이트형제의 도전이 없었더라면 지금만큼의 항공기에 대한 엄청난 발전이 있었을까? 라는 생각이 먼저듭니다.#@문장구분# 또한 형제분의 발명에 의해 현재 21세기에 사는 저는 비행기조종사라는 직업을 꿈꾸게되었으며 만약 이러한 발명이 없었더라면 저 또한 이러한 꿈을 가질수 있을수있었을까? 라는 생각도 같이 들었습니다.#@문장구분# 비행기조종사라면 현재시대의 비행기를 이해하고 조종할줄 아는것도 중요하겠지만 단지 돈을 벌기위해 직업을 선택한것이 아닌 정말 항공과비행이라는것에 대해 꿈과흥미를 가지고 조종사가 되고싶거나 이미 조종사라면 이책을 재밌게 읽거나 지금 타고다니는 비행기의 과거 발자취들을 알아가면서 흥미로운 시간을 가질수있는 항공에 관심이 많은 학생들에게 이책을 추천하고싶습니다.#@문장구분#",
      "paragraph_len": 757,
      "paragraph_id": "001"
    }
  ],
  "score": {
    "paragraph_score": [
      {
        "paragraph_scoreT": [
          2,
          2,
          1.5
        ],
        "paragraph_scoreT_detail": {
          "paragraph_scoreT_exp": [
            [
              2,
              2,
              2
            ],
            [
              2,
              2,
              2
            ],
            [
              1,
              2,
              1
            ]
          ]
        },
        "paragraph_scoreT_avg": 1.8333334,
        "paragraph_id": "001"
      }
    ],
    "essay_scoreT": [
      18.277779,
      20,
      20
    ],
    "essay_scoreT_avg": 19.425926,
    "essay_scoreT_detail": {
      "essay_scoreT_org": [
        [
          2,
          2,
          2,
          1
        ],
        [
          2,
          2,
          2,
          2
        ],
        [
          2,
          2,
          2,
          2
        ]
      ],
      "essay_scoreT_cont": [
        [
          2,
          1,
          0,
          2
        ],
        [
          2,
          2,
          0,
          2
        ],
        [
          3,
          2,
          0,
          2
        ]
      ],
      "essay_scoreT_exp": [
        [
          2,
          2,
          2
        ],
        [
          2,
          2,
          2
        ],
        [
          1,
          2,
          1
        ]
      ]
    }
  },
  "student": {
    "date": "2021.09.10",
    "student_educated": true,
    "student_grade": "고등_1학년",
    "location": "063",
    "student_grade_group": "고등",
    "student_reading": 1
  },
  "rubric": {
    "essay_grade": "고등_1학년",
    "organization_weight": {
      "org_paragraph": 2,
      "org": 2,
      "org_essay": 4,
      "org_coherence": 2,
      "org_quantity": 1
    },
    "essay_type": "설명글",
    "content_weight": {
      "con_clearance": 4,
      "con_novelty": 3,
      "con": 4,
      "con_prompt": 0,
      "con_description": 1
    },
    "essay_main_subject": "영화/독서감상문",
    "expression_weight": {
      "exp_style": 1,
      "exp_grammar": 2,
      "exp_vocab": 3,
      "exp": 4
    }
  },
  "correction": [],
  "info": {
    "essay_id": "ESSAY_34644",
    "essay_prompt": " 영화에는 로맨스, 액션, 스릴러 등 정말 많은 장르가 있습니다. 사람마다 좋아하는 장르가 있고 절대 보지 않는 장르도 있습니다.\r\n\r\n 독서도 마찬가지입니다. 소설, 수필, 시, 만화, 위인전 등 여러가지 장르가 있습니다.\r\n\r\n 여러분은 어떤 장르를 좋아하나요? 그리고 해당 장르에서 가장 재미있게 봤던 영화나 책은 무엇인가요?\r\n\r\n 자신이 봤던 영화 혹은 책을 한 편 선정하여 주제와 내용 그리고 느낀점을 감상문으로 작성해주세요.",
    "essay_type": "설명글",
    "essay_level": "3",
    "essay_len": 618,
    "essay_main_subject": "영화/독서감상문"
  }
}