{
  "paragraph": [
    {
      "paragraph_txt": "제가 읽은 책의 제목은 `봉제인형 살이사건`입니다.#@문장구분# \n제가 이 책을 읽게 된 계기는 페이스북을 보고 있다가 우연히 광고에 이 책이 나오는걸 보고 개인적으로 관심이 가서 개인적으로 서점에가 구매하여 보기 시작했습니다.#@문장구분# 제가 이 책에 관심이 갔던 이유는 제가 좋아하는 장르인 추리소설이기 때문입니다.#@문장구분# 저는 이 책을 읽으면서 이 책의 작가인 다니엘콜이 정말 엄청난 상상력을 가졌다고 생각되었습니다.#@문장구분# 책의 내용을 보면 한 허름한 아파트에서 신체의 여섯 부위를 꿰매서 이어 붙인 시신이 발견되는데 각 신체 부위는 서로 다른 사람의 몸에서 가져온 것으로 희생자는 총 여섯명이라는 내용의 소름끼치는 설정과 이를 파헤치는 형사들이 노력, 뭐라도 글을 써서 특종을 낼려는 이 사건의 담당형사의 전 부인이자 기자인 여자의 관점을 정말 하나 하나 자세하고 면밀하게 나타내는 장면이 많습니다.#@문장구분# \n제가 이 책을 보면서 느낀점은 모두가 자기 자신의 입장을 우선시하며 살아가지만 자신이 이익을 좀 덜 보더라도 또는 손해를 조금 보더라도 희생하는 정신으로 구하거나 도와야겠다고 생각이 들었습니다.#@문장구분#",
      "paragraph_len": 661,
      "paragraph_id": "001"
    }
  ],
  "score": {
    "paragraph_score": [
      {
        "paragraph_scoreT": [
          3,
          3,
          2
        ],
        "paragraph_scoreT_detail": {
          "paragraph_scoreT_exp": [
            [
              3,
              3,
              3
            ],
            [
              3,
              3,
              3
            ],
            [
              2,
              2,
              2
            ]
          ]
        },
        "paragraph_scoreT_avg": 2.6666667,
        "paragraph_id": "001"
      }
    ],
    "essay_scoreT": [
      30,
      26.666666,
      18.277779
    ],
    "essay_scoreT_avg": 24.981482,
    "essay_scoreT_detail": {
      "essay_scoreT_org": [
        [
          3,
          3,
          3,
          3
        ],
        [
          2,
          3,
          3,
          1
        ],
        [
          2,
          2,
          2,
          1
        ]
      ],
      "essay_scoreT_cont": [
        [
          3,
          3,
          0,
          3
        ],
        [
          3,
          2,
          0,
          2
        ],
        [
          2,
          1,
          0,
          2
        ]
      ],
      "essay_scoreT_exp": [
        [
          3,
          3,
          3
        ],
        [
          3,
          3,
          3
        ],
        [
          2,
          2,
          2
        ]
      ]
    }
  },
  "student": {
    "date": "2021.09.07",
    "student_educated": true,
    "student_grade": "고등_1학년",
    "location": "051",
    "student_grade_group": "고등",
    "student_reading": 1
  },
  "rubric": {
    "essay_grade": "고등_1학년",
    "organization_weight": {
      "org_paragraph": 2,
      "org": 2,
      "org_essay": 4,
      "org_coherence": 2,
      "org_quantity": 1
    },
    "essay_type": "설명글",
    "content_weight": {
      "con_clearance": 4,
      "con_novelty": 3,
      "con": 4,
      "con_prompt": 0,
      "con_description": 1
    },
    "essay_main_subject": "영화/독서감상문",
    "expression_weight": {
      "exp_style": 1,
      "exp_grammar": 2,
      "exp_vocab": 3,
      "exp": 4
    }
  },
  "correction": [],
  "info": {
    "essay_id": "ESSAY_34186",
    "essay_prompt": " 영화에는 로맨스, 액션, 스릴러 등 정말 많은 장르가 있습니다. 사람마다 좋아하는 장르가 있고 절대 보지 않는 장르도 있습니다.\r\n\r\n 독서도 마찬가지입니다. 소설, 수필, 시, 만화, 위인전 등 여러가지 장르가 있습니다.\r\n\r\n 여러분은 어떤 장르를 좋아하나요? 그리고 해당 장르에서 가장 재미있게 봤던 영화나 책은 무엇인가요?\r\n\r\n 자신이 봤던 영화 혹은 책을 한 편 선정하여 주제와 내용 그리고 느낀점을 감상문으로 작성해주세요.",
    "essay_type": "설명글",
    "essay_level": "3",
    "essay_len": 542,
    "essay_main_subject": "영화/독서감상문"
  }
}