{
  "paragraph": [
    {
      "paragraph_txt": "지구는 여러개의 판으로 이루어져 있으며 이러한 판이 이동하면서 판의 경계에서 지각변동이 일어나는데 이것을 판 구조론이라고 한다.#@문장구분# 지구를 움직이는 가장 큰 두개의 판은 유라시아판과 인도판인데 이 두개의 판이 2004년 12월 16일 갑자기 부딫이기 시작하면서 파동을 일으켰다.#@문장구분# 그 파동은 거대한 쓰나미를 만들었고 당시 엄청난 피해를 주었다.#@문장구분# 그 쓰나미는 한 곳만 피해를 준것이 아니라 여러 나\n라에 피해를 주었다.#@문장구분# 주변 상황을 보고 이상함을 감지해 살아 남은 사람도 있었지만 그러지 못한 사람이 더 많았다.#@문장구분# 지금은 쓰나미가 생기면 빠르게 알 수 있지만 당시는 과학이 발달하지 않아 알기 힘들었고 그로 인해 많은 재산과 인명의 피해가 발생했다.#@문장구분# 인류의 과학 발전은 우리의 피해를 줄이기위해 발전하고 많은 기여를 하기 떄문에 더욱 발전해야한다.#@문장구분#",
      "paragraph_len": 553,
      "paragraph_id": "001"
    }
  ],
  "score": {
    "paragraph_score": [
      {
        "paragraph_scoreT": [
          1.8333334,
          1.8333334,
          1.8333334
        ],
        "paragraph_scoreT_detail": {
          "paragraph_scoreT_exp": [
            [
              2,
              2,
              1
            ],
            [
              2,
              2,
              1
            ],
            [
              2,
              2,
              1
            ]
          ]
        },
        "paragraph_scoreT_avg": 1.8333334,
        "paragraph_id": "001"
      }
    ],
    "essay_scoreT": [
      17.833334,
      17.11111,
      18.61111
    ],
    "essay_scoreT_avg": 17.85185,
    "essay_scoreT_detail": {
      "essay_scoreT_org": [
        [
          2,
          2,
          2,
          2
        ],
        [
          2,
          2,
          2,
          1
        ],
        [
          2,
          2,
          2,
          1
        ]
      ],
      "essay_scoreT_cont": [
        [
          2,
          1,
          0,
          2
        ],
        [
          2,
          1,
          0,
          1
        ],
        [
          2,
          2,
          0,
          1
        ]
      ],
      "essay_scoreT_exp": [
        [
          2,
          2,
          1
        ],
        [
          2,
          2,
          1
        ],
        [
          2,
          2,
          1
        ]
      ]
    }
  },
  "student": {
    "date": "2021.09.10",
    "student_educated": true,
    "student_grade": "고등_1학년",
    "location": "063",
    "student_grade_group": "고등",
    "student_reading": 1
  },
  "rubric": {
    "essay_grade": "고등_1학년",
    "organization_weight": {
      "org_paragraph": 2,
      "org": 2,
      "org_essay": 4,
      "org_coherence": 2,
      "org_quantity": 1
    },
    "essay_type": "설명글",
    "content_weight": {
      "con_clearance": 4,
      "con_novelty": 3,
      "con": 4,
      "con_prompt": 0,
      "con_description": 1
    },
    "essay_main_subject": "영화/독서감상문",
    "expression_weight": {
      "exp_style": 1,
      "exp_grammar": 2,
      "exp_vocab": 3,
      "exp": 4
    }
  },
  "correction": [],
  "info": {
    "essay_id": "ESSAY_34795",
    "essay_prompt": " 영화에는 로맨스, 액션, 스릴러 등 정말 많은 장르가 있습니다. 사람마다 좋아하는 장르가 있고 절대 보지 않는 장르도 있습니다.\r\n\r\n 독서도 마찬가지입니다. 소설, 수필, 시, 만화, 위인전 등 여러가지 장르가 있습니다.\r\n\r\n 여러분은 어떤 장르를 좋아하나요? 그리고 해당 장르에서 가장 재미있게 봤던 영화나 책은 무엇인가요?\r\n\r\n 자신이 봤던 영화 혹은 책을 한 편 선정하여 주제와 내용 그리고 느낀점을 감상문으로 작성해주세요.",
    "essay_type": "설명글",
    "essay_level": "3",
    "essay_len": 413,
    "essay_main_subject": "영화/독서감상문"
  }
}