{
  "paragraph": [
    {
      "paragraph_txt": "최근 넷플릭스에서 영화를 찾다가 엑시트를 발견했다.#@문장구분# 이미 한 번 극장에서 봤던것이지만,그 때 개인적으로 되게 재밌게봤던 영화라 다시 한 번 봤는데,내가 그냥 넘어갔던 부분이 다시 보여서 지루하지않고 재밌게 봤었다.#@문장구분# 유독가스테러?에 관련된 재난영화인데,지진이나 화재보다는 한국에서 그나마 집단적 트라우마가 적은 것을 찾다보니 가스테러를 소재로 삼았다는 글을 보고 놀랐던 기억이 난다.#@문장구분# 엑시트는 취업에 실패하고 놀이터에서 운동하는..몇 년째 백수인 주인공 용남이와 용남이의 짝사랑상대,산악동아리 후배였던 연회장직원 의주가 주인공이다.#@문장구분# 용남이는 어머니 칠순잔치에서 연회장 직원인 의주와 어색한 재회를 하게되는 것도 잠시,어떤 사람이 유독가스를 퍼뜨려 순식간에 도시가 유독가스에 뒤덮이게 된다.#@문장구분# 여기서 사람들의 시체?는 없지만 바닥에 휴대폰들이 알람 울리는 모습이 재난이라는 걸 확실히 보여주는 것 같았다.#@문장구분# 그렇게 의문의 유독가스를 맡고 사람들은 거품을 물며 의식을 잃게되고,가스는 점점 위쪽으로 올라오니 연회장에 있던 사람들은 용남이의 활약으로 옥상으로 대피를 하여 구조를 받지만,사람이 많아 의주와 용남이는 남게된다.#@문장구분# 이 부분에서 주인공들이 울먹이는 것을 보며 현실적이라는 생각도 들었었다.#@문장구분# 그렇게 산악동아리를 했던 경험을 살려 건물을 올라 구조요청을 하고,결국 구조를 받게된다.#@문장구분# 가스는 물로 없앨 수 있는걸 발견하여 사라지며 끝나게된다.#@문장구분# 영화를 보면서 방독면이 계속해서 쓸 수 있는게 아니라 10분정도 쓸 수 있다는 것을 알고 놀랐었다.#@문장구분# 이렇게 방독면 외에도 여러 재난상황에서 쓸 수 있는 지식을 알 수 있었다.#@문장구분# 특히 옥상에서 구조요청하는 장면이 기억에 남는다.#@문장구분# 산악동아리를 해서 저렇게 살아남는 것을 보면서,내 취미가 어쨌든 언젠가 쓸 만한 곳은 있을거라는 생각과 함께 여러 취미 활동도 해보고 싶다는 생각이 들었다.#@문장구분#",
      "paragraph_len": 1185,
      "paragraph_id": "001"
    }
  ],
  "score": {
    "paragraph_score": [
      {
        "paragraph_scoreT": [
          3,
          2.8333333,
          2.5
        ],
        "paragraph_scoreT_detail": {
          "paragraph_scoreT_exp": [
            [
              3,
              3,
              3
            ],
            [
              3,
              3,
              2
            ],
            [
              2,
              3,
              2
            ]
          ]
        },
        "paragraph_scoreT_avg": 2.7777777,
        "paragraph_id": "001"
      }
    ],
    "essay_scoreT": [
      27.277779,
      29.333332,
      23.777779
    ],
    "essay_scoreT_avg": 26.796295,
    "essay_scoreT_detail": {
      "essay_scoreT_org": [
        [
          3,
          3,
          3,
          2
        ],
        [
          3,
          3,
          3,
          3
        ],
        [
          3,
          3,
          3,
          2
        ]
      ],
      "essay_scoreT_cont": [
        [
          2,
          3,
          0,
          2
        ],
        [
          3,
          3,
          0,
          3
        ],
        [
          2,
          2,
          0,
          2
        ]
      ],
      "essay_scoreT_exp": [
        [
          3,
          3,
          3
        ],
        [
          3,
          3,
          2
        ],
        [
          2,
          3,
          2
        ]
      ]
    }
  },
  "student": {
    "date": "2021.09.13",
    "student_educated": true,
    "student_grade": "고등_1학년",
    "location": "051",
    "student_grade_group": "고등",
    "student_reading": 3
  },
  "rubric": {
    "essay_grade": "고등_1학년",
    "organization_weight": {
      "org_paragraph": 2,
      "org": 2,
      "org_essay": 4,
      "org_coherence": 2,
      "org_quantity": 1
    },
    "essay_type": "설명글",
    "content_weight": {
      "con_clearance": 4,
      "con_novelty": 3,
      "con": 4,
      "con_prompt": 0,
      "con_description": 1
    },
    "essay_main_subject": "영화/독서감상문",
    "expression_weight": {
      "exp_style": 1,
      "exp_grammar": 2,
      "exp_vocab": 3,
      "exp": 4
    }
  },
  "correction": [],
  "info": {
    "essay_id": "ESSAY_34033",
    "essay_prompt": " 영화에는 로맨스, 액션, 스릴러 등 정말 많은 장르가 있습니다. 사람마다 좋아하는 장르가 있고 절대 보지 않는 장르도 있습니다.\r\n\r\n 독서도 마찬가지입니다. 소설, 수필, 시, 만화, 위인전 등 여러가지 장르가 있습니다.\r\n\r\n 여러분은 어떤 장르를 좋아하나요? 그리고 해당 장르에서 가장 재미있게 봤던 영화나 책은 무엇인가요?\r\n\r\n 자신이 봤던 영화 혹은 책을 한 편 선정하여 주제와 내용 그리고 느낀점을 감상문으로 작성해주세요.",
    "essay_type": "설명글",
    "essay_level": "3",
    "essay_len": 906,
    "essay_main_subject": "영화/독서감상문"
  }
}