{
  "paragraph": [
    {
      "paragraph_txt": "이 책은 영어 수업 시간도중, 유명한 작가인 오 헨리의 작품중 The cactus를 발췌하여 읽게 되었다.#@문장구분#\n오 헨리 작가의 작품의 특징이 짧지만 반전이나 교훈이 있다는 것인데 이 작품도 그러했다.#@문장구분#\n남주인공과 사귀던 여주인공의 지나친 띄워주기에 자존심이 한창 올라가 거짓말을 하게 되고 그 거짓말이 불러온 결과가 너무 안타까웠다.#@문장구분#\n작품을 보는 내내 속으로 '아이고 왜 그랬을까..' 하며 탄식을 내뱉었다.#@문장구분#\n이 작품에서 작가가 하고자 하는 말은 '지나친 자존심은 화를 부른다'인것 같았다.#@문장구분#\n이에 대해 반친구들과 '내가 만약 주인공이었다면 그상황에서 어떻게 대처했을 것인가?'에 대한 토론도 했는데 대부분이 나와 생각이 같았다.#@문장구분#\n또한 단순히 내용만으로 공부하는 것이 아닌 지문속 문법과 단어들을 알게 되고 공부하면서 좋은 독서가 되었다.#@문장구분#",
      "paragraph_len": 549,
      "paragraph_id": "001"
    }
  ],
  "score": {
    "paragraph_score": [
      {
        "paragraph_scoreT": [
          3,
          2.3333333,
          1.8333334
        ],
        "paragraph_scoreT_detail": {
          "paragraph_scoreT_exp": [
            [
              3,
              3,
              3
            ],
            [
              3,
              2,
              2
            ],
            [
              2,
              2,
              1
            ]
          ]
        },
        "paragraph_scoreT_avg": 2.3888888,
        "paragraph_id": "001"
      }
    ],
    "essay_scoreT": [
      29.777779,
      23.11111,
      17.166668
    ],
    "essay_scoreT_avg": 23.351852,
    "essay_scoreT_detail": {
      "essay_scoreT_org": [
        [
          3,
          3,
          3,
          2
        ],
        [
          2,
          2,
          2,
          1
        ],
        [
          2,
          1,
          2,
          1
        ]
      ],
      "essay_scoreT_cont": [
        [
          3,
          3,
          0,
          3
        ],
        [
          3,
          2,
          0,
          2
        ],
        [
          2,
          1,
          0,
          2
        ]
      ],
      "essay_scoreT_exp": [
        [
          3,
          3,
          3
        ],
        [
          3,
          2,
          2
        ],
        [
          2,
          2,
          1
        ]
      ]
    }
  },
  "student": {
    "date": "2021.09.10",
    "student_educated": true,
    "student_grade": "고등_1학년",
    "location": "063",
    "student_grade_group": "고등",
    "student_reading": 1
  },
  "rubric": {
    "essay_grade": "고등_1학년",
    "organization_weight": {
      "org_paragraph": 2,
      "org": 2,
      "org_essay": 4,
      "org_coherence": 2,
      "org_quantity": 1
    },
    "essay_type": "설명글",
    "content_weight": {
      "con_clearance": 4,
      "con_novelty": 3,
      "con": 4,
      "con_prompt": 0,
      "con_description": 1
    },
    "essay_main_subject": "영화/독서감상문",
    "expression_weight": {
      "exp_style": 1,
      "exp_grammar": 2,
      "exp_vocab": 3,
      "exp": 4
    }
  },
  "correction": [],
  "info": {
    "essay_id": "ESSAY_34200",
    "essay_prompt": " 영화에는 로맨스, 액션, 스릴러 등 정말 많은 장르가 있습니다. 사람마다 좋아하는 장르가 있고 절대 보지 않는 장르도 있습니다.\r\n\r\n 독서도 마찬가지입니다. 소설, 수필, 시, 만화, 위인전 등 여러가지 장르가 있습니다.\r\n\r\n 여러분은 어떤 장르를 좋아하나요? 그리고 해당 장르에서 가장 재미있게 봤던 영화나 책은 무엇인가요?\r\n\r\n 자신이 봤던 영화 혹은 책을 한 편 선정하여 주제와 내용 그리고 느낀점을 감상문으로 작성해주세요.",
    "essay_type": "설명글",
    "essay_level": "3",
    "essay_len": 410,
    "essay_main_subject": "영화/독서감상문"
  }
}