{
  "paragraph": [
    {
      "paragraph_txt": " forever green 이라는 책을 읽었다.#@문장구분# 내가 환경에 관심이 많고 환경 쪽으로 진로를 잡아서 읽은 책이다.#@문장구분# 제목에 forever green이라고 되어있어서 환경에 관련된 책인 줄 알았는데 이 책은 말 그대로 상록수에 관한 책이었다.#@문장구분# 상록수는 가을에 색이 바뀌는 단풍나무나, 은행나무 그리고 대부분의 나무들이 겨울에 잎을 떨어뜨리는 것과 달리, 사계절 내내 푸르게 피어있다.#@문장구분# 그래서 항상 푸른 나무라는 뜻으로 한국어로 상록수 영어로 forever green 이라고 불린다.#@문장구분# 이 나무들은 침엽수는 북쪽지방에 활엽수는 남쪽지방에 산다.#@문장구분# 하지만 잎이 한번도 떨이지지 않는 것은 아니고 새잎이 나올때 부터 10년 이상까지 잎을 떨어뜨리지 않는다.#@문장구분#<br/>우리 나라에도 설악산 등지에 상록수가 산다고 하는데 다음에 꼭 보러 가고 싶다.#@문장구분#<br/>",
      "paragraph_len": 586,
      "paragraph_id": "001"
    }
  ],
  "score": {
    "paragraph_score": [
      {
        "paragraph_scoreT": [
          1.8333334,
          1.8333334,
          1.8333334
        ],
        "paragraph_scoreT_detail": {
          "paragraph_scoreT_exp": [
            [
              2,
              2,
              1
            ],
            [
              2,
              2,
              1
            ],
            [
              2,
              2,
              1
            ]
          ]
        },
        "paragraph_scoreT_avg": 1.8333334,
        "paragraph_id": "001"
      }
    ],
    "essay_scoreT": [
      16.722221,
      17.61111,
      18.222221
    ],
    "essay_scoreT_avg": 17.518518,
    "essay_scoreT_detail": {
      "essay_scoreT_org": [
        [
          2,
          1,
          1,
          1
        ],
        [
          2,
          2,
          2,
          1
        ],
        [
          1,
          2,
          2,
          1
        ]
      ],
      "essay_scoreT_cont": [
        [
          2,
          1,
          0,
          2
        ],
        [
          2,
          1,
          0,
          2
        ],
        [
          3,
          1,
          0,
          1
        ]
      ],
      "essay_scoreT_exp": [
        [
          2,
          2,
          1
        ],
        [
          2,
          2,
          1
        ],
        [
          2,
          2,
          1
        ]
      ]
    }
  },
  "student": {
    "date": "2021.09.10",
    "student_educated": true,
    "student_grade": "고등_1학년",
    "location": "063",
    "student_grade_group": "고등",
    "student_reading": 1
  },
  "rubric": {
    "essay_grade": "고등_1학년",
    "organization_weight": {
      "org_paragraph": 2,
      "org": 2,
      "org_essay": 4,
      "org_coherence": 2,
      "org_quantity": 1
    },
    "essay_type": "설명글",
    "content_weight": {
      "con_clearance": 4,
      "con_novelty": 3,
      "con": 4,
      "con_prompt": 0,
      "con_description": 1
    },
    "essay_main_subject": "영화/독서감상문",
    "expression_weight": {
      "exp_style": 1,
      "exp_grammar": 2,
      "exp_vocab": 3,
      "exp": 4
    }
  },
  "correction": [],
  "info": {
    "essay_id": "ESSAY_34680",
    "essay_prompt": " 영화에는 로맨스, 액션, 스릴러 등 정말 많은 장르가 있습니다. 사람마다 좋아하는 장르가 있고 절대 보지 않는 장르도 있습니다.\r\n\r\n 독서도 마찬가지입니다. 소설, 수필, 시, 만화, 위인전 등 여러가지 장르가 있습니다.\r\n\r\n 여러분은 어떤 장르를 좋아하나요? 그리고 해당 장르에서 가장 재미있게 봤던 영화나 책은 무엇인가요?\r\n\r\n 자신이 봤던 영화 혹은 책을 한 편 선정하여 주제와 내용 그리고 느낀점을 감상문으로 작성해주세요.",
    "essay_type": "설명글",
    "essay_level": "3",
    "essay_len": 406,
    "essay_main_subject": "영화/독서감상문"
  }
}