{
  "paragraph": [
    {
      "paragraph_txt": "세계가 의미 있는 것으로 변하면 죽어도 후회는 없다는 기분과 세계가 무의미하니 죽어도 상관없다는 기분은 어디서 서로 화해하는 것일까?#@문장구분# 그러나 결과가 어떻든 하니오에게는 죽음밖에 남아 있지 않았다.#@문장구분# 이 책을 골랐을 때는 그냥 무심코 아무 생각 없이 읽으라고 해서 고르게 되었는데 읽어보니 너무 재밌어서 시간이 가는 줄 모르게 되었다.#@문장구분# 일단 이 책은 일본 소설이면서 1968년에 만들어진 작품이라는 것에 놀랐다.#@문장구분# 나는 옛날 작품이라고 모두 재미 없을 것 같다라는 편견으로 옛날 작품을 읽지 않는 성격이었는데 이 책 이후로 그런 편견은 없어졌다.#@문장구분# 이 책을 개별적으로 구매하여 살 정도로 재밌어서 추천드리고 싶다 이 책의 주인공 한 남자는 평범하고 아주 튀지 않는 그런 광고회사의 한 직원이다.#@문장구분# 별다른 고민없이 하루하루를 평범하게 보내고 큰 걱정 없이 살아가고 있다.#@문장구분# 달리 특별한 일 없이 죽고 싶은 생각이 든다.#@문장구분# 심지어 저녁을 먹는 술집에서 석간을 읽다가 죽고 싶은 생각이 든 것이다.#@문장구분# 처음에는 다리에서 뛰어 죽으려고 하다가 눈을 떠보니 엠블런스 차안에서 기적적으로 살았다는 것에 후회한다.#@문장구분# 결국 그는 신문 광고에 「라이프 포 세일」 이라는 문구로 자신의 목숨을 판다는 광고였다.#@문장구분# 처음에 그를 의뢰한 한 늙은 남자가 자신의 아내가 바람을 피우는 것 같다며 그 여자를 유혹해달라고 부탁한다.#@문장구분# 그 의뢰는 어찌어찌 잘 된다 싶었는데 그 여자는 만난 그 다음날 살해당했다는 뉴스로 깜짝 놀라며 의뢰인에게 갔는데 그 의뢰인은 슬퍼하지도 기뻐하지도 않았다.#@문장구분# 이런 의뢰들로 그는 이 소설에서 이야기를 해준다.#@문장구분# 그는 의뢰들마다 운 좋게 살아간다.#@문장구분# 나는 다른 사람들에게 이책을 추천하는 이유는 옛날에 지은 책이더라도 재미 하나는 보장한다.#@문장구분# 읽다보면 아무 생각으 들진 않겠지만 1966년에 지은 작품이라고 들으명 다시작품을 있었을 때 옛날 느낌이 들 것이다.#@문장구분# 이런 특징들 때문에 나는 이 책을 추천한다.#@문장구분#",
      "paragraph_len": 1300,
      "paragraph_id": "001"
    }
  ],
  "score": {
    "paragraph_score": [
      {
        "paragraph_scoreT": [
          3,
          2.8333333,
          1.5
        ],
        "paragraph_scoreT_detail": {
          "paragraph_scoreT_exp": [
            [
              3,
              3,
              3
            ],
            [
              3,
              3,
              2
            ],
            [
              1,
              2,
              1
            ]
          ]
        },
        "paragraph_scoreT_avg": 2.4444444,
        "paragraph_id": "001"
      }
    ],
    "essay_scoreT": [
      30,
      26.444445,
      21.166666
    ],
    "essay_scoreT_avg": 25.870369,
    "essay_scoreT_detail": {
      "essay_scoreT_org": [
        [
          3,
          3,
          3,
          3
        ],
        [
          2,
          3,
          3,
          3
        ],
        [
          2,
          2,
          3,
          3
        ]
      ],
      "essay_scoreT_cont": [
        [
          3,
          3,
          0,
          3
        ],
        [
          3,
          2,
          0,
          2
        ],
        [
          3,
          2,
          0,
          3
        ]
      ],
      "essay_scoreT_exp": [
        [
          3,
          3,
          3
        ],
        [
          3,
          3,
          2
        ],
        [
          1,
          2,
          1
        ]
      ]
    }
  },
  "student": {
    "date": "2021.09.07",
    "student_educated": true,
    "student_grade": "고등_1학년",
    "location": "051",
    "student_grade_group": "고등",
    "student_reading": 1
  },
  "rubric": {
    "essay_grade": "고등_1학년",
    "organization_weight": {
      "org_paragraph": 2,
      "org": 2,
      "org_essay": 4,
      "org_coherence": 2,
      "org_quantity": 1
    },
    "essay_type": "설명글",
    "content_weight": {
      "con_clearance": 4,
      "con_novelty": 3,
      "con": 4,
      "con_prompt": 0,
      "con_description": 1
    },
    "essay_main_subject": "영화/독서감상문",
    "expression_weight": {
      "exp_style": 1,
      "exp_grammar": 2,
      "exp_vocab": 3,
      "exp": 4
    }
  },
  "correction": [],
  "info": {
    "essay_id": "ESSAY_34168",
    "essay_prompt": " 영화에는 로맨스, 액션, 스릴러 등 정말 많은 장르가 있습니다. 사람마다 좋아하는 장르가 있고 절대 보지 않는 장르도 있습니다.\r\n\r\n 독서도 마찬가지입니다. 소설, 수필, 시, 만화, 위인전 등 여러가지 장르가 있습니다.\r\n\r\n 여러분은 어떤 장르를 좋아하나요? 그리고 해당 장르에서 가장 재미있게 봤던 영화나 책은 무엇인가요?\r\n\r\n 자신이 봤던 영화 혹은 책을 한 편 선정하여 주제와 내용 그리고 느낀점을 감상문으로 작성해주세요.",
    "essay_type": "설명글",
    "essay_level": "3",
    "essay_len": 942,
    "essay_main_subject": "영화/독서감상문"
  }
}