{
  "paragraph": [
    {
      "paragraph_txt": "가을에 나뭇잎이 떨어지는 것을 낙엽이라고 한다.#@문장구분# 잎을 흘리지 않는 것은 항상 녹색을 유지하기 때문에 상록수라고 한다.#@문장구분# 상록수는 잎을 최대 45년까지 유지 된다고 한다.#@문장구분# 상록수는 약간의 잎을 떨어뜨리지만 항상 동시에 새로운 잎이 자란다고 한다.#@문장구분# 일부 상록수 잎은 바늘 모양이다.#@문장구분# 그렇기 때문에 이러한 종류의 나무를 바늘 잎 상록수라고 한다.#@문장구분# 상록수는 뿌리가 얕다.#@문장구분# 그러므로 수분이 많은 토양에서 자라는 것을 선호하므로 뿌리가 물을 쉽게 찾을 수 있다.#@문장구분# 상록수가 있는 곳에는 수분이 많다는 것을 알게 되었다.#@문장구분# 또한 상록수는 우리의 중요한 천연 자원 중 하나이다.#@문장구분# 역사를 통틀어 문명화 된 사람들은 종이, 캐비닛, 성냥을 만들기 위해 상록수 종류의목재를 사용했다.#@문장구분# 또한 상록수 중 2만종 이상의 나무가 남극 대륙을 제외한 모든 대륙에서 자란다고 한다.#@문장구분# 이러한 상록수들을 보호하고 지켜야 한다.#@문장구분#",
      "paragraph_len": 700,
      "paragraph_id": "001"
    }
  ],
  "score": {
    "paragraph_score": [
      {
        "paragraph_scoreT": [
          1.8333334,
          2,
          1.8333334
        ],
        "paragraph_scoreT_detail": {
          "paragraph_scoreT_exp": [
            [
              2,
              2,
              1
            ],
            [
              2,
              2,
              2
            ],
            [
              2,
              2,
              1
            ]
          ]
        },
        "paragraph_scoreT_avg": 1.888889,
        "paragraph_id": "001"
      }
    ],
    "essay_scoreT": [
      17.38889,
      18.5,
      19.11111
    ],
    "essay_scoreT_avg": 18.333334,
    "essay_scoreT_detail": {
      "essay_scoreT_org": [
        [
          2,
          2,
          1,
          2
        ],
        [
          2,
          2,
          2,
          2
        ],
        [
          2,
          2,
          2,
          1
        ]
      ],
      "essay_scoreT_cont": [
        [
          2,
          1,
          0,
          2
        ],
        [
          2,
          1,
          0,
          2
        ],
        [
          3,
          1,
          0,
          1
        ]
      ],
      "essay_scoreT_exp": [
        [
          2,
          2,
          1
        ],
        [
          2,
          2,
          2
        ],
        [
          2,
          2,
          1
        ]
      ]
    }
  },
  "student": {
    "date": "2021.09.10",
    "student_educated": true,
    "student_grade": "고등_1학년",
    "location": "063",
    "student_grade_group": "고등",
    "student_reading": 1
  },
  "rubric": {
    "essay_grade": "고등_1학년",
    "organization_weight": {
      "org_paragraph": 2,
      "org": 2,
      "org_essay": 4,
      "org_coherence": 2,
      "org_quantity": 1
    },
    "essay_type": "설명글",
    "content_weight": {
      "con_clearance": 4,
      "con_novelty": 3,
      "con": 4,
      "con_prompt": 0,
      "con_description": 1
    },
    "essay_main_subject": "영화/독서감상문",
    "expression_weight": {
      "exp_style": 1,
      "exp_grammar": 2,
      "exp_vocab": 3,
      "exp": 4
    }
  },
  "correction": [],
  "info": {
    "essay_id": "ESSAY_34676",
    "essay_prompt": " 영화에는 로맨스, 액션, 스릴러 등 정말 많은 장르가 있습니다. 사람마다 좋아하는 장르가 있고 절대 보지 않는 장르도 있습니다.\r\n\r\n 독서도 마찬가지입니다. 소설, 수필, 시, 만화, 위인전 등 여러가지 장르가 있습니다.\r\n\r\n 여러분은 어떤 장르를 좋아하나요? 그리고 해당 장르에서 가장 재미있게 봤던 영화나 책은 무엇인가요?\r\n\r\n 자신이 봤던 영화 혹은 책을 한 편 선정하여 주제와 내용 그리고 느낀점을 감상문으로 작성해주세요.",
    "essay_type": "설명글",
    "essay_level": "3",
    "essay_len": 441,
    "essay_main_subject": "영화/독서감상문"
  }
}