{
  "paragraph": [
    {
      "paragraph_txt": "이 글은 주인공 'Trysdale'의 안타깝고,아쉬운 사랑 이야기이다.#@문장구분# 그는 한 여인을 사랑하여, 청혼까지 하게 되었다.#@문장구분# 청혼을 한 뒤, 여인은 내일 답을 보낸다는 말과 함께 떠났다.#@문장구분# 다음날 여인은 그에게 'ventomarme'라고 적힌 이름표와 선인장을 보냈다.#@문장구분# 그는 여인이 답변을 보내주지 않았다는 것에 실망하고, 좌절한다.#@문장구분# 자존심이 너무나 상한 그는 그녀를 찾아가려고 하지도 않았다.#@문장구분# 이틀 후 그들은 모임에서 만났지만 서로가 서로의 눈치만 보고있었다.#@문장구분# 후에 그는 어떤 이에게 그 선인장과 그 이름표에 적힌 단어의 뜻을 알게 된다.#@문장구분# 그뜻은 '와서 나를 데려가세요'라는 뜻의 스페인어이다.#@문장구분# 그는 전에 그녀에게 자신의 자존심때문에 그가 스페인어를 잘한다고 한 적이 있다.#@문장구분# 아마 그 일때문에 그녀는 그에게 스페인어의 단어를 보낸 것이라고 생각한다.#@문장구분# 만약 그가 자존심을 신경쓰지 않고 스페인어를 조금할 줄 안다고, 그리고 그녀를 찾아갔었다면, 이렇게 까지 둘의 사이가 벌어지지는 않았을 것인데,너무 안타깝게 느껴진다.#@문장구분#",
      "paragraph_len": 751,
      "paragraph_id": "001"
    }
  ],
  "score": {
    "paragraph_score": [
      {
        "paragraph_scoreT": [
          1.3333334,
          2.8333333,
          1.8333334
        ],
        "paragraph_scoreT_detail": {
          "paragraph_scoreT_exp": [
            [
              2,
              1,
              1
            ],
            [
              3,
              3,
              2
            ],
            [
              2,
              2,
              1
            ]
          ]
        },
        "paragraph_scoreT_avg": 2,
        "paragraph_id": "001"
      }
    ],
    "essay_scoreT": [
      11.777779,
      25.555555,
      14.944445
    ],
    "essay_scoreT_avg": 17.425926,
    "essay_scoreT_detail": {
      "essay_scoreT_org": [
        [
          2,
          2,
          1,
          0
        ],
        [
          2,
          2,
          3,
          1
        ],
        [
          1,
          2,
          2,
          2
        ]
      ],
      "essay_scoreT_cont": [
        [
          0,
          0,
          0,
          0
        ],
        [
          3,
          2,
          0,
          2
        ],
        [
          1,
          1,
          0,
          2
        ]
      ],
      "essay_scoreT_exp": [
        [
          3,
          2,
          1
        ],
        [
          3,
          3,
          2
        ],
        [
          2,
          2,
          1
        ]
      ]
    }
  },
  "student": {
    "date": "2021.09.13",
    "student_educated": true,
    "student_grade": "고등_1학년",
    "location": "063",
    "student_grade_group": "고등",
    "student_reading": 1
  },
  "rubric": {
    "essay_grade": "고등_1학년",
    "organization_weight": {
      "org_paragraph": 2,
      "org": 2,
      "org_essay": 4,
      "org_coherence": 2,
      "org_quantity": 1
    },
    "essay_type": "설명글",
    "content_weight": {
      "con_clearance": 4,
      "con_novelty": 3,
      "con": 4,
      "con_prompt": 0,
      "con_description": 1
    },
    "essay_main_subject": "영화/독서감상문",
    "expression_weight": {
      "exp_style": 1,
      "exp_grammar": 2,
      "exp_vocab": 3,
      "exp": 4
    }
  },
  "correction": [],
  "info": {
    "essay_id": "ESSAY_34478",
    "essay_prompt": " 영화에는 로맨스, 액션, 스릴러 등 정말 많은 장르가 있습니다. 사람마다 좋아하는 장르가 있고 절대 보지 않는 장르도 있습니다.\r\n\r\n 독서도 마찬가지입니다. 소설, 수필, 시, 만화, 위인전 등 여러가지 장르가 있습니다.\r\n\r\n 여러분은 어떤 장르를 좋아하나요? 그리고 해당 장르에서 가장 재미있게 봤던 영화나 책은 무엇인가요?\r\n\r\n 자신이 봤던 영화 혹은 책을 한 편 선정하여 주제와 내용 그리고 느낀점을 감상문으로 작성해주세요.",
    "essay_type": "설명글",
    "essay_level": "3",
    "essay_len": 511,
    "essay_main_subject": "영화/독서감상문"
  }
}