{
  "paragraph": [
    {
      "paragraph_txt": "이 작품은 수능특강에 수록되어 있는 작품으로 \n읽게 되었다. #@문장구분#이 작품은 열차를 기다리는 사람들로\n이야기가 이루어진다.#@문장구분# 역장과 기차를 기다리는 사람들은 \n눈오는날 오지않는 기차를 하염없이 기다리고 있다. #@문장구분#\n농부와 그의 아버지 중년의 사내 청년 아줌마와 아가씨들이 \n대합실에 있다. #@문장구분#중년의 사내는 5년동안 복역후 출소했고 \n감옥에서 만난 허씨의 부탁으로 그의 칠순노모의 안부를 보러가지만 이미 죽은지 5년이 지난후였다. #@문장구분#청년은 차마 가족에게 퇴학당한사실을 밝힐수 없다. #@문장구분#춘심이는 청년이 대학생이란 사실을 부러워하고 아줌마는 서울에서 주방일을 하다 없어진 사평댁을 찾으려 하지만 \n사평댁의 남편이 죽어 아이를 돌보던중이었다.#@문장구분# 아줌마는 가진돈을 털어주고 서울로 가는 길이다.#@문장구분# 눈오는날 톱밥난로를 보며 2시간을 기다려 열차에 타고 역장은 아직 대합실에서 자고 있는 미친여자를 위해 난로를 때우기위해 사무실로간다. #@문장구분#\n이 작품은 인간소외에 대해 잘 이야기 하고있다. #@문장구분#",
      "paragraph_len": 678,
      "paragraph_id": "001"
    }
  ],
  "score": {
    "paragraph_score": [
      {
        "paragraph_scoreT": [
          3,
          2.3333333,
          2
        ],
        "paragraph_scoreT_detail": {
          "paragraph_scoreT_exp": [
            [
              3,
              3,
              3
            ],
            [
              3,
              2,
              2
            ],
            [
              2,
              2,
              2
            ]
          ]
        },
        "paragraph_scoreT_avg": 2.4444444,
        "paragraph_id": "001"
      }
    ],
    "essay_scoreT": [
      25.555555,
      23.11111,
      18.277779
    ],
    "essay_scoreT_avg": 22.314814,
    "essay_scoreT_detail": {
      "essay_scoreT_org": [
        [
          3,
          3,
          3,
          1
        ],
        [
          2,
          2,
          2,
          1
        ],
        [
          2,
          2,
          2,
          1
        ]
      ],
      "essay_scoreT_cont": [
        [
          2,
          2,
          0,
          2
        ],
        [
          3,
          2,
          0,
          2
        ],
        [
          2,
          1,
          0,
          2
        ]
      ],
      "essay_scoreT_exp": [
        [
          3,
          3,
          3
        ],
        [
          3,
          2,
          2
        ],
        [
          2,
          2,
          2
        ]
      ]
    }
  },
  "student": {
    "date": "2021.09.07",
    "student_educated": true,
    "student_grade": "고등_1학년",
    "location": "051",
    "student_grade_group": "고등",
    "student_reading": 2
  },
  "rubric": {
    "essay_grade": "고등_1학년",
    "organization_weight": {
      "org_paragraph": 2,
      "org": 2,
      "org_essay": 4,
      "org_coherence": 2,
      "org_quantity": 1
    },
    "essay_type": "설명글",
    "content_weight": {
      "con_clearance": 4,
      "con_novelty": 3,
      "con": 4,
      "con_prompt": 0,
      "con_description": 1
    },
    "essay_main_subject": "영화/독서감상문",
    "expression_weight": {
      "exp_style": 1,
      "exp_grammar": 2,
      "exp_vocab": 3,
      "exp": 4
    }
  },
  "correction": [],
  "info": {
    "essay_id": "ESSAY_34254",
    "essay_prompt": " 영화에는 로맨스, 액션, 스릴러 등 정말 많은 장르가 있습니다. 사람마다 좋아하는 장르가 있고 절대 보지 않는 장르도 있습니다.\r\n\r\n 독서도 마찬가지입니다. 소설, 수필, 시, 만화, 위인전 등 여러가지 장르가 있습니다.\r\n\r\n 여러분은 어떤 장르를 좋아하나요? 그리고 해당 장르에서 가장 재미있게 봤던 영화나 책은 무엇인가요?\r\n\r\n 자신이 봤던 영화 혹은 책을 한 편 선정하여 주제와 내용 그리고 느낀점을 감상문으로 작성해주세요.",
    "essay_type": "설명글",
    "essay_level": "3",
    "essay_len": 478,
    "essay_main_subject": "영화/독서감상문"
  }
}