{
  "paragraph": [
    {
      "paragraph_txt": "이 책은 DMZ의 가치의 세계화와 지속 가능한 발전에 대해 소개한 책이다.#@문장구분# 이 책은 기존의 연구와 달리 DMZ 및 접경 지역과 관련한 경제, 환경, 관광, 도시 관리, 교통, 남북교류 등의 이슈에 대한 정책 방안을 종합적으로 제시한다.#@문장구분# 한국의 DMZ 일원은 산과 강, 습지가 만들어내는 다양한 자연환경에 과거부터 이어 내려오는 다양한 역사적, 문화적 흔적이 더해져 다채로운 매력을 지니고 있을 뿐만 아니라 세계에서 유일하게 남아 있는 냉전시대의 유물로 전쟁의 상처와 아픔을 간직하고 있다.#@문장구분# 또한 60년 가까이 인간의 활동이 통제 된 채로 남으면서 자연의 회복력과 순수성을 보여준다고 할 수 있어 국제적으로도 자연적, 지질학적 가치를 인정받고 있다고 한다.#@문장구분# 나는 환경적인 측면에 집중하여 DMZ를 바라보았다.#@문장구분# 나는 후에 남북한이 통일이 된다면 DMZ는 세계화의 물결 속에서도 독특한 동 식물로 아주 특이한 생태학적 공간으로서 경쟁력을 가질 수 있겠다고 생각했다.#@문장구분# 그래서 통일 후에도 그 생태계를 보호하기 위해 개인적으로 DMZ 영역을 세계적인 국립공원으로 지정하기 위한 노력을 남북한 통합 정부가 꾸렸으면 한다.#@문장구분# 전쟁은 한민족의 주거는 분화 시켰지만 반대로 멸종 위기 희귀 동식물들을 한자리에 모은 것 같다.#@문장구분# DMZ 일원은 소중한 우리의 자연적인 유산이다.#@문장구분# 또한 지리적으로 남북한의 중앙에 위치한 DMZ는 산업적으로도 거점이 될 수 있다.#@문장구분# 산업 발전을 추구하면서도 DMZ의 소중한 생태계를 보존하며 지속 가능한 발전이 행해지기를 학수고대한다.#@문장구분#",
      "paragraph_len": 970,
      "paragraph_id": "001"
    }
  ],
  "score": {
    "paragraph_score": [
      {
        "paragraph_scoreT": [
          2.5,
          2,
          2
        ],
        "paragraph_scoreT_detail": {
          "paragraph_scoreT_exp": [
            [
              2,
              3,
              2
            ],
            [
              2,
              2,
              2
            ],
            [
              2,
              2,
              2
            ]
          ]
        },
        "paragraph_scoreT_avg": 2.1666667,
        "paragraph_id": "001"
      }
    ],
    "essay_scoreT": [
      27.11111,
      20,
      22
    ],
    "essay_scoreT_avg": 23.037039,
    "essay_scoreT_detail": {
      "essay_scoreT_org": [
        [
          3,
          2,
          2,
          3
        ],
        [
          2,
          2,
          2,
          2
        ],
        [
          2,
          2,
          2,
          2
        ]
      ],
      "essay_scoreT_cont": [
        [
          3,
          3,
          0,
          3
        ],
        [
          2,
          2,
          0,
          2
        ],
        [
          3,
          2,
          0,
          2
        ]
      ],
      "essay_scoreT_exp": [
        [
          2,
          3,
          2
        ],
        [
          2,
          2,
          2
        ],
        [
          2,
          2,
          2
        ]
      ]
    }
  },
  "student": {
    "date": "2021.09.09",
    "student_educated": true,
    "student_grade": "고등_1학년",
    "location": "051",
    "student_grade_group": "고등",
    "student_reading": 1
  },
  "rubric": {
    "essay_grade": "고등_1학년",
    "organization_weight": {
      "org_paragraph": 2,
      "org": 2,
      "org_essay": 4,
      "org_coherence": 2,
      "org_quantity": 1
    },
    "essay_type": "설명글",
    "content_weight": {
      "con_clearance": 4,
      "con_novelty": 3,
      "con": 4,
      "con_prompt": 0,
      "con_description": 1
    },
    "essay_main_subject": "영화/독서감상문",
    "expression_weight": {
      "exp_style": 1,
      "exp_grammar": 2,
      "exp_vocab": 3,
      "exp": 4
    }
  },
  "correction": [],
  "info": {
    "essay_id": "ESSAY_34705",
    "essay_prompt": " 영화에는 로맨스, 액션, 스릴러 등 정말 많은 장르가 있습니다. 사람마다 좋아하는 장르가 있고 절대 보지 않는 장르도 있습니다.\r\n\r\n 독서도 마찬가지입니다. 소설, 수필, 시, 만화, 위인전 등 여러가지 장르가 있습니다.\r\n\r\n 여러분은 어떤 장르를 좋아하나요? 그리고 해당 장르에서 가장 재미있게 봤던 영화나 책은 무엇인가요?\r\n\r\n 자신이 봤던 영화 혹은 책을 한 편 선정하여 주제와 내용 그리고 느낀점을 감상문으로 작성해주세요.",
    "essay_type": "설명글",
    "essay_level": "3",
    "essay_len": 750,
    "essay_main_subject": "영화/독서감상문"
  }
}