{
  "paragraph": [
    {
      "paragraph_txt": "난 이 책의 이제석이라는분이 도전을 좋아하는것처럼 보인다.#@문장구분# 사실은 본인의 상황이 맞지 않아 다른방법을 찾는거지만 보통사람이라면 거의 포기하거나 아예 다른것을 할려고 하기때문이죠.#@문장구분# 여기서 이제석은 비주얼로 승부하라, 보편적인 취향을 갖되 다르게 보라, 아이디어로 승부하라, 광고를 통해 홍익인간하라라는 말들을 남겼다.#@문장구분# 실제 책에는 이제석의 광고들이 많이 수록되어있는데 거의 다 우리가 생각도 하지 못한 것이고 조금 오래된 광고이지만 지금봐도 전혀 손색이 없을정도로 세련되고 전달력이 강했다.#@문장구분# 내가 보기에는 두번째말처럼 생각의 전환이 필수라고본다.#@문장구분# 그것이 쉽지는 않겠지만 계속해서 유연한 생각을 해본다면 우리도 이제석처럼 될수있을 것이다.#@문장구분# 나도 이제는 귀찮은것은 즐거운것으로, 재미없는것은 재밌는것으로 이러한 발상들의 전환을 통해서 나도 좀 더 도전적으로 살아가고싶다.#@문장구분#",
      "paragraph_len": 568,
      "paragraph_id": "001"
    }
  ],
  "score": {
    "paragraph_score": [
      {
        "paragraph_scoreT": [
          1,
          2,
          1.8333334
        ],
        "paragraph_scoreT_detail": {
          "paragraph_scoreT_exp": [
            [
              1,
              1,
              1
            ],
            [
              2,
              2,
              2
            ],
            [
              2,
              2,
              1
            ]
          ]
        },
        "paragraph_scoreT_avg": 1.6111112,
        "paragraph_id": "001"
      }
    ],
    "essay_scoreT": [
      13.388889,
      19.777779,
      17.722221
    ],
    "essay_scoreT_avg": 16.962963,
    "essay_scoreT_detail": {
      "essay_scoreT_org": [
        [
          2,
          1,
          1,
          1
        ],
        [
          2,
          2,
          2,
          1
        ],
        [
          1,
          2,
          2,
          1
        ]
      ],
      "essay_scoreT_cont": [
        [
          2,
          1,
          0,
          2
        ],
        [
          2,
          2,
          0,
          2
        ],
        [
          2,
          2,
          0,
          1
        ]
      ],
      "essay_scoreT_exp": [
        [
          1,
          1,
          1
        ],
        [
          2,
          2,
          2
        ],
        [
          2,
          2,
          1
        ]
      ]
    }
  },
  "student": {
    "date": "2021.09.09",
    "student_educated": true,
    "student_grade": "고등_1학년",
    "location": "051",
    "student_grade_group": "고등",
    "student_reading": 1
  },
  "rubric": {
    "essay_grade": "고등_1학년",
    "organization_weight": {
      "org_paragraph": 2,
      "org": 2,
      "org_essay": 4,
      "org_coherence": 2,
      "org_quantity": 1
    },
    "essay_type": "설명글",
    "content_weight": {
      "con_clearance": 4,
      "con_novelty": 3,
      "con": 4,
      "con_prompt": 0,
      "con_description": 1
    },
    "essay_main_subject": "영화/독서감상문",
    "expression_weight": {
      "exp_style": 1,
      "exp_grammar": 2,
      "exp_vocab": 3,
      "exp": 4
    }
  },
  "correction": [],
  "info": {
    "essay_id": "ESSAY_34770",
    "essay_prompt": " 영화에는 로맨스, 액션, 스릴러 등 정말 많은 장르가 있습니다. 사람마다 좋아하는 장르가 있고 절대 보지 않는 장르도 있습니다.\r\n\r\n 독서도 마찬가지입니다. 소설, 수필, 시, 만화, 위인전 등 여러가지 장르가 있습니다.\r\n\r\n 여러분은 어떤 장르를 좋아하나요? 그리고 해당 장르에서 가장 재미있게 봤던 영화나 책은 무엇인가요?\r\n\r\n 자신이 봤던 영화 혹은 책을 한 편 선정하여 주제와 내용 그리고 느낀점을 감상문으로 작성해주세요.",
    "essay_type": "설명글",
    "essay_level": "3",
    "essay_len": 428,
    "essay_main_subject": "영화/독서감상문"
  }
}