{
  "paragraph": [
    {
      "paragraph_txt": "이 책은 망원경의 원리, 초기 망원경, 망원경의 반사, 현대 발전된 망원경, 오늘날 망원경의 쓰임 등등 망원경에 대해 여러가지를 설명하고 있다.#@문장구분# 난 우주와 그에 대한 기술 즉 항공, 우주에 대하여 괸심이 많은 학생이다. #@문장구분#그런 나에게 영어로 된 이 책은 잘 정리된 개요로 정확한 내용과 적절한 일러스트로 나의 궁금증과 앎에 대한 욕구를 풀어 주었던거 같다.#@문장구분# 그중 나는 현대의 발전된 망원경인 허블 망원경에 대해 더욱 궁금한 점을 느낄 수 있었다. #@문장구분#나중에 시간이 될때 더욱 그것에 대해 찾아보면 의미 있을거 같다.#@문장구분# 누군가 이런말을 했다. #@문장구분#우리는 지구를 탐험하기에는 너무 늦게 태어났고, 우주를 탐험하기에는 너무 일찍 태어났다고... #@문장구분#난 이말에 누구보다 공감한다고 자부할 수 있다.#@문장구분# 그러나 이 망원경은 이러한 욕구를 조금이나마 해소해 주는 물건인거 같다.#@문장구분#",
      "paragraph_len": 599,
      "paragraph_id": "001"
    }
  ],
  "score": {
    "paragraph_score": [
      {
        "paragraph_scoreT": [
          3,
          2.8333333,
          1.8333334
        ],
        "paragraph_scoreT_detail": {
          "paragraph_scoreT_exp": [
            [
              3,
              3,
              3
            ],
            [
              3,
              3,
              2
            ],
            [
              2,
              2,
              1
            ]
          ]
        },
        "paragraph_scoreT_avg": 2.5555556,
        "paragraph_id": "001"
      }
    ],
    "essay_scoreT": [
      25.777779,
      25.555555,
      16.88889
    ],
    "essay_scoreT_avg": 22.740744,
    "essay_scoreT_detail": {
      "essay_scoreT_org": [
        [
          3,
          3,
          3,
          2
        ],
        [
          2,
          2,
          3,
          1
        ],
        [
          2,
          2,
          2,
          0
        ]
      ],
      "essay_scoreT_cont": [
        [
          2,
          2,
          0,
          2
        ],
        [
          3,
          2,
          0,
          2
        ],
        [
          2,
          1,
          0,
          1
        ]
      ],
      "essay_scoreT_exp": [
        [
          3,
          3,
          3
        ],
        [
          3,
          3,
          2
        ],
        [
          2,
          2,
          1
        ]
      ]
    }
  },
  "student": {
    "date": "2021.09.13",
    "student_educated": true,
    "student_grade": "고등_1학년",
    "location": "063",
    "student_grade_group": "고등",
    "student_reading": 1
  },
  "rubric": {
    "essay_grade": "고등_1학년",
    "organization_weight": {
      "org_paragraph": 2,
      "org": 2,
      "org_essay": 4,
      "org_coherence": 2,
      "org_quantity": 1
    },
    "essay_type": "설명글",
    "content_weight": {
      "con_clearance": 4,
      "con_novelty": 3,
      "con": 4,
      "con_prompt": 0,
      "con_description": 1
    },
    "essay_main_subject": "영화/독서감상문",
    "expression_weight": {
      "exp_style": 1,
      "exp_grammar": 2,
      "exp_vocab": 3,
      "exp": 4
    }
  },
  "correction": [],
  "info": {
    "essay_id": "ESSAY_34448",
    "essay_prompt": " 영화에는 로맨스, 액션, 스릴러 등 정말 많은 장르가 있습니다. 사람마다 좋아하는 장르가 있고 절대 보지 않는 장르도 있습니다.\r\n\r\n 독서도 마찬가지입니다. 소설, 수필, 시, 만화, 위인전 등 여러가지 장르가 있습니다.\r\n\r\n 여러분은 어떤 장르를 좋아하나요? 그리고 해당 장르에서 가장 재미있게 봤던 영화나 책은 무엇인가요?\r\n\r\n 자신이 봤던 영화 혹은 책을 한 편 선정하여 주제와 내용 그리고 느낀점을 감상문으로 작성해주세요.",
    "essay_type": "설명글",
    "essay_level": "3",
    "essay_len": 420,
    "essay_main_subject": "영화/독서감상문"
  }
}