{
  "paragraph": [
    {
      "paragraph_txt": "과학수사는 이제는 영화나 드라마 에서만 등장하는 것이 아니다.#@문장구분# 과학수사는 현재 가장 중요한 기술이다.#@문장구분# 이미 여러가지 새로나온 과학기술들로 인해 여러가지 사건들도 해결 되었고 미제 사건들도 많이 해결되었다.#@문장구분# 우리는 완전범죄를 꿈꾼적이 있을것이다.#@문장구분# 하지만 이 책을 제대로 알고나면 그 소리는 헛소리 임을 알게된다.#@문장구분# 그리고 여러가지 수사기법을 알려줘서 유용했다.#@문장구분# 영화나 드라마에서는 좀 쉽게 표현이 되어서 되게 간단하고 편리할 거라고 생각했는데 아니었다.#@문장구분# 여러가지 사건들이 과학수사로 인해 해결된걸 보여줬는데 영화 보다 현실이 더 무섭지 않나 생각이든다.#@문장구분# 우리나라 과학기술이 지금은 세계최고 수준이라는 점에서 자부심을 또 느끼게 된다.#@문장구분# 이 책을 읽은 모든 사람들이 과학수사에 대한 지식과 정보를 얻고 더욱 관심을 가졌으면 좋겠다.#@문장구분# 피해자가 줄어들고 얍삽하게 범죄현장을 달아나려는 범죄자가 더 이상 없길 바란다.#@문장구분# 외국에 나가서 까지 과학수사를 배우러 가는 경찰분을 보고 참 멋있다고 생각했다.#@문장구분# 개인적인 이득이 없어도 나라를 위해 조금이라도 피해자가 생기지 않기 위해 행동하는 모습이 좋았다.#@문장구분# 이 책에는 가수 김성재분의 이야기도 나오는데 과학수사가 있었다면 세상에 밝힐 수 있었는데 안타까웠다.#@문장구분#",
      "paragraph_len": 887,
      "paragraph_id": "001"
    }
  ],
  "score": {
    "paragraph_score": [
      {
        "paragraph_scoreT": [
          3,
          2.3333333,
          1.3333334
        ],
        "paragraph_scoreT_detail": {
          "paragraph_scoreT_exp": [
            [
              3,
              3,
              3
            ],
            [
              3,
              2,
              2
            ],
            [
              2,
              1,
              1
            ]
          ]
        },
        "paragraph_scoreT_avg": 2.222222,
        "paragraph_id": "001"
      }
    ],
    "essay_scoreT": [
      30,
      23.777779,
      18.38889
    ],
    "essay_scoreT_avg": 24.055557,
    "essay_scoreT_detail": {
      "essay_scoreT_org": [
        [
          3,
          3,
          3,
          3
        ],
        [
          2,
          3,
          2,
          2
        ],
        [
          2,
          1,
          2,
          2
        ]
      ],
      "essay_scoreT_cont": [
        [
          3,
          3,
          0,
          3
        ],
        [
          3,
          2,
          0,
          2
        ],
        [
          2,
          3,
          0,
          2
        ]
      ],
      "essay_scoreT_exp": [
        [
          3,
          3,
          3
        ],
        [
          3,
          2,
          2
        ],
        [
          2,
          1,
          1
        ]
      ]
    }
  },
  "student": {
    "date": "2021.09.07",
    "student_educated": true,
    "student_grade": "고등_1학년",
    "location": "051",
    "student_grade_group": "고등",
    "student_reading": 2
  },
  "rubric": {
    "essay_grade": "고등_1학년",
    "organization_weight": {
      "org_paragraph": 2,
      "org": 2,
      "org_essay": 4,
      "org_coherence": 2,
      "org_quantity": 1
    },
    "essay_type": "설명글",
    "content_weight": {
      "con_clearance": 4,
      "con_novelty": 3,
      "con": 4,
      "con_prompt": 0,
      "con_description": 1
    },
    "essay_main_subject": "영화/독서감상문",
    "expression_weight": {
      "exp_style": 1,
      "exp_grammar": 2,
      "exp_vocab": 3,
      "exp": 4
    }
  },
  "correction": [],
  "info": {
    "essay_id": "ESSAY_34207",
    "essay_prompt": " 영화에는 로맨스, 액션, 스릴러 등 정말 많은 장르가 있습니다. 사람마다 좋아하는 장르가 있고 절대 보지 않는 장르도 있습니다.\r\n\r\n 독서도 마찬가지입니다. 소설, 수필, 시, 만화, 위인전 등 여러가지 장르가 있습니다.\r\n\r\n 여러분은 어떤 장르를 좋아하나요? 그리고 해당 장르에서 가장 재미있게 봤던 영화나 책은 무엇인가요?\r\n\r\n 자신이 봤던 영화 혹은 책을 한 편 선정하여 주제와 내용 그리고 느낀점을 감상문으로 작성해주세요.",
    "essay_type": "설명글",
    "essay_level": "3",
    "essay_len": 608,
    "essay_main_subject": "영화/독서감상문"
  }
}