{
  "paragraph": [
    {
      "paragraph_txt": "사회라는 번역은 명백히 노력이었다.#@문장구분# 하지만 천국에 처음 들어봤을 때는, 이 번역이 유명세를 펼쳤다.#@문장구분# 애가 영화 속 현실이 당시 천국의 사회와 매우 닮아있어 일종의 공감을 받은 것이 아니었을까?#@문장구분# 영화의 배경이 되는 웰튼 예비학교에서의 입학식으로 시작된다.#@문장구분# 매사에 의욕적인 닐 페리, 외신적인 토드 앤더슨, 녹스 오너스트리트 찰리 일튼등이 이 영화를 이끌어나갈 주인공들이다.#@문장구분# 자신의 진로에 대해 진지한 고민을 하면서도 장난기가 많은, 아직은 미성숙한 청소년이라는 짐이 그들의 친 대화에서 잘 느껴진다.#@문장구분# 그런 그들에게 존 커팅이라는 신상은 \"Came Dream\" 현실을 즐겨라.#@문장구분# 라는 라틴어 단어를 알려준다.#@문장구분# 이는 이 영화가 독자들에게 파고 싶은, 주제를 관통하는 대사다.#@문장구분# 남이 시키는 대로 사는 삶이 아닌, 자신이 생각하고 자신이 이끌어나가는 삶을 영화 내내 카팅 신설의 말을빌려 강조한다.#@문장구분# 카팅의 언어를 빠르게 지나가지만 많은 의미를 내포하고 있다.#@문장구분# 두 번째로 J에반스 브리차드 박사의 시에 대한 해석에 대해 실린 논문이 문학 수업 교재에 실렸는데, 커팅은 이를 완전히 뜯어내어 불사라 버리라고 한다.#@문장구분# 이유는 무엇일까?#@문장구분# 해당 논문은 특정한 기준을 정해서 시의 기존을 구체화하려고 했다.#@문장구분# 이는 지챙의 가치간과 완벽히 반대된다.#@문장구분# 잘된시란 읽는 시간과 그 사람의 이해에 따라 주관적으로 정해지지 절대로 기준이 있을 수 없다.#@문장구분# 앞서 말한 \"Came Dream\"을 떠올려 보내면 시를 인생으로 바꿔서 생각해 볼 수 있겠다.#@문장구분# 잘 사는 성공한 인생이란 그 인생을 사는 사람에게 달려있다.#@문장구분# 세 번째로, 커팅은 그의 제자들에게 윌트 휘트만의 풀잎을 언급하며, 자신을 \"오 선장님, 나의 선장님\" 이라고 불러 주기를 은근히 원한다.#@문장구분# 이는 결말에 개한 불신이라고 볼 수 있다.#@문장구분# 원래 '풀잎'은 미국을 통일한 에이브러햄 링컨에 대한 시인데, 아이러니하게도 위대한 업적을 세운 링컨은 미국 통일 이후 그 어느편에도 끼지 못한채 쓸쓸한 죽음을 맞이한다.#@문장구분# 영화의 결말 부분에서 커팅이 그의 제자들에게 \"오 선장님 나의 선장님\" 이라는 대사를 들으며 쓸쓸이 학교를 떠나게 된다.#@문장구분# 졸지에 종만부에선 '죽인 시인의 사제라는 사교 모임이 커팅 선생의 주도하에 비밀리에 열리게 된다.#@문장구분# 사실이 알려지면서 학교뿐만 아니라 격렬히 반대할 것이다.#@문장구분# 하지만 커팅은 대담하게도 계속해서 죽은 시인의 사회를 진행하게 되고, 이로 인해 그의 제자들은 성장할 수 있는 기회를 가진다.#@문장구분# 이제 줄거리의 후반부로 넘어가며 닐 페리는 그가 진정으로 하고 싶었던 꿈인 업무에 도전하게 된다.#@문장구분# 그의 부모님의 반대가 있었지만 커팅 선생의 격려로 그의 첫 공연이지 마지막 공연을 훌륭하게 해낸다.#@문장구분# 하지만 그의 아버지는 이사실을 알게 되고 커팅 선생에게 분노해 결국 그의 학교를 바꾸게 된다.#@문장구분# 이에 닐은 크게 낙담하여 자살하고 이 사실이 학교에 알려지지 커팅 선생의 '죽은 시인의 사체를 실용한다는 사실이 밝혀져 결국 커팅이 책임을 묻고 학교를 떠나게 된다.#@문장구분# 이때, 마지막으로 떠나는 그에게 남긴 학생들의 한마디가 바로 이것이다.#@문장구분# \"oh caption oh caption\" 이를 듣고 커팅은 말없이 미소를 짓고는 학교를 나서며 영화가 끝난다.#@문장구분#",
      "paragraph_len": 2172,
      "paragraph_id": "001"
    }
  ],
  "score": {
    "paragraph_score": [
      {
        "paragraph_scoreT": [
          3,
          3,
          2.5
        ],
        "paragraph_scoreT_detail": {
          "paragraph_scoreT_exp": [
            [
              3,
              3,
              3
            ],
            [
              3,
              3,
              3
            ],
            [
              2,
              3,
              2
            ]
          ]
        },
        "paragraph_scoreT_avg": 2.8333333,
        "paragraph_id": "001"
      }
    ],
    "essay_scoreT": [
      30,
      27.61111,
      25.166666
    ],
    "essay_scoreT_avg": 27.592592,
    "essay_scoreT_detail": {
      "essay_scoreT_org": [
        [
          3,
          3,
          3,
          3
        ],
        [
          2,
          3,
          3,
          3
        ],
        [
          2,
          2,
          3,
          3
        ]
      ],
      "essay_scoreT_cont": [
        [
          3,
          3,
          0,
          3
        ],
        [
          3,
          2,
          0,
          3
        ],
        [
          3,
          2,
          0,
          3
        ]
      ],
      "essay_scoreT_exp": [
        [
          3,
          3,
          3
        ],
        [
          3,
          3,
          3
        ],
        [
          2,
          3,
          2
        ]
      ]
    }
  },
  "student": {
    "date": "2021.09.07",
    "student_educated": true,
    "student_grade": "고등_1학년",
    "location": "051",
    "student_grade_group": "고등",
    "student_reading": 2
  },
  "rubric": {
    "essay_grade": "고등_1학년",
    "organization_weight": {
      "org_paragraph": 2,
      "org": 2,
      "org_essay": 4,
      "org_coherence": 2,
      "org_quantity": 1
    },
    "essay_type": "설명글",
    "content_weight": {
      "con_clearance": 4,
      "con_novelty": 3,
      "con": 4,
      "con_prompt": 0,
      "con_description": 1
    },
    "essay_main_subject": "영화/독서감상문",
    "expression_weight": {
      "exp_style": 1,
      "exp_grammar": 2,
      "exp_vocab": 3,
      "exp": 4
    }
  },
  "correction": [],
  "info": {
    "essay_id": "ESSAY_34163",
    "essay_prompt": " 영화에는 로맨스, 액션, 스릴러 등 정말 많은 장르가 있습니다. 사람마다 좋아하는 장르가 있고 절대 보지 않는 장르도 있습니다.\r\n\r\n 독서도 마찬가지입니다. 소설, 수필, 시, 만화, 위인전 등 여러가지 장르가 있습니다.\r\n\r\n 여러분은 어떤 장르를 좋아하나요? 그리고 해당 장르에서 가장 재미있게 봤던 영화나 책은 무엇인가요?\r\n\r\n 자신이 봤던 영화 혹은 책을 한 편 선정하여 주제와 내용 그리고 느낀점을 감상문으로 작성해주세요.",
    "essay_type": "설명글",
    "essay_level": "3",
    "essay_len": 1554,
    "essay_main_subject": "영화/독서감상문"
  }
}