{
  "paragraph": [
    {
      "paragraph_txt": "현시점에서 지구에는 약 200여 개의 나라가 있다.#@문장구분# 역사가 긴나라 부터해서 역사가 짧은나라, 힘이 강한 나라, 약한 나라 등 여러 나라가 있다.#@문장구분# 나라가 여럿있으면 분쟁, 전쟁이 생기기 마련일 것이다.#@문장구분# 이 책에선 이념차이로 인한 소련, 미국의 냉전시대, 미국의 군사력, 테러 행위, 독립 요구 등이 나와 있다.#@문장구분# 이 책을 읽으면서 '사실상 미국의 독재체제가 이뤄지고 있는 가운데서 미국이 주변국에게 행사하는 무력과 압력은 정당화 되어도 되는가?' 라는 의문을 가지게 되었다.#@문장구분# 미국은 가장 국력이 강하고 군사력이 강한 나라인데, 이라크 포로를 고문하고 전세계의 핵을 금지하지만 자기자신들은 끊임없이 만들고 있다.#@문장구분# 이를 통해 민주주의, 평화주의를 가장한 독재라는 생각이 조금은 들었던 것 같다.#@문장구분# 이렇게 미국에게 유리한 조항이 계속 만들어지고 있다.#@문장구분# 힘이 약하고 목소리가 작은 나라들은 가난하고, 병들고 있으며, 독립요구를 해도 짓밟히고, 무력에 당하고 있다.#@문장구분# 이 책을 통해 힘이 약한 나라는 전 세계에 상황을 알리고 힘을 키워야하고 힘이 강한 나라는 약한 나라를 위해 지원을 끊임없이하여, 전 세계나라의 수준이 비슷해 져야한다고 생각했다.#@문장구분# 그렇게 된다면 전 세계는 하나가 되어 평 화를 이룰 수 있을 것이라고 생각하게 되었다.#@문장구분# ",
      "paragraph_len": 847,
      "paragraph_id": "001"
    }
  ],
  "score": {
    "paragraph_score": [
      {
        "paragraph_scoreT": [
          1.8333334,
          2,
          1.8333334
        ],
        "paragraph_scoreT_detail": {
          "paragraph_scoreT_exp": [
            [
              2,
              2,
              1
            ],
            [
              2,
              2,
              2
            ],
            [
              2,
              2,
              1
            ]
          ]
        },
        "paragraph_scoreT_avg": 1.888889,
        "paragraph_id": "001"
      }
    ],
    "essay_scoreT": [
      18.166668,
      20,
      20.833334
    ],
    "essay_scoreT_avg": 19.666666,
    "essay_scoreT_detail": {
      "essay_scoreT_org": [
        [
          1,
          2,
          2,
          3
        ],
        [
          2,
          2,
          2,
          2
        ],
        [
          2,
          2,
          2,
          2
        ]
      ],
      "essay_scoreT_cont": [
        [
          2,
          2,
          0,
          1
        ],
        [
          2,
          2,
          0,
          2
        ],
        [
          3,
          2,
          0,
          1
        ]
      ],
      "essay_scoreT_exp": [
        [
          2,
          2,
          1
        ],
        [
          2,
          2,
          2
        ],
        [
          2,
          2,
          1
        ]
      ]
    }
  },
  "student": {
    "date": "2021.09.09",
    "student_educated": true,
    "student_grade": "고등_1학년",
    "location": "051",
    "student_grade_group": "고등",
    "student_reading": 1
  },
  "rubric": {
    "essay_grade": "고등_1학년",
    "organization_weight": {
      "org_paragraph": 2,
      "org": 2,
      "org_essay": 4,
      "org_coherence": 2,
      "org_quantity": 1
    },
    "essay_type": "설명글",
    "content_weight": {
      "con_clearance": 4,
      "con_novelty": 3,
      "con": 4,
      "con_prompt": 0,
      "con_description": 1
    },
    "essay_main_subject": "영화/독서감상문",
    "expression_weight": {
      "exp_style": 1,
      "exp_grammar": 2,
      "exp_vocab": 3,
      "exp": 4
    }
  },
  "correction": [],
  "info": {
    "essay_id": "ESSAY_34691",
    "essay_prompt": " 영화에는 로맨스, 액션, 스릴러 등 정말 많은 장르가 있습니다. 사람마다 좋아하는 장르가 있고 절대 보지 않는 장르도 있습니다.\r\n\r\n 독서도 마찬가지입니다. 소설, 수필, 시, 만화, 위인전 등 여러가지 장르가 있습니다.\r\n\r\n 여러분은 어떤 장르를 좋아하나요? 그리고 해당 장르에서 가장 재미있게 봤던 영화나 책은 무엇인가요?\r\n\r\n 자신이 봤던 영화 혹은 책을 한 편 선정하여 주제와 내용 그리고 느낀점을 감상문으로 작성해주세요.",
    "essay_type": "설명글",
    "essay_level": "3",
    "essay_len": 627,
    "essay_main_subject": "영화/독서감상문"
  }
}