{
  "paragraph": [
    {
      "paragraph_txt": "책을 읽은 후 동양의 위대한 성인인줄만 알았던 공자가 뛰어난 스승이였다는 사실을 알 수 있었다.#@문장구분#\n공자는 자신의 자신의 사상을 여러사람들과 자신의 제자에게 설명하고 알려주는 위대한 스승이였다.#@문장구분#\n특히 공자가 임금의 스승이 되어 국정운영을 도왔다는부분은 정말 흥미로웠다.#@문장구분# 비록 공자의 가르침이 임금과 위정자들을 개혁시키는것까지는 나아가지 못하였지만 교육은 교육이 필요한,속된말로 배움이 모자란 사람들에게 우선 필요하다고 생각한 나의 생각을 바꿔줬다는 점에서 흥미로웠다 때문이다.#@문장구분# 공자는 피교육자의 범위를 정하지 않고 모두에게 자신의 가르침을 전했다.#@문장구분# 나도 선생님이 된다면 학생을 임의적으로 규정하지 않도록 주의해야겠다고 생각했다. #@문장구분#그리고 공자처럼 여러 사람들을 심지어 국정을 맡는 사람들까지도 가르치는 교사가 되고싶다.#@문장구분# 또한 그런 역량을 가진 교사가 되고싶다고 생각했다.#@문장구분#",
      "paragraph_len": 588,
      "paragraph_id": "001"
    }
  ],
  "score": {
    "paragraph_score": [
      {
        "paragraph_scoreT": [
          2,
          1.8333334,
          1.8333334
        ],
        "paragraph_scoreT_detail": {
          "paragraph_scoreT_exp": [
            [
              2,
              2,
              2
            ],
            [
              2,
              2,
              1
            ],
            [
              2,
              2,
              1
            ]
          ]
        },
        "paragraph_scoreT_avg": 1.888889,
        "paragraph_id": "001"
      }
    ],
    "essay_scoreT": [
      19.777779,
      15.833334,
      18.61111
    ],
    "essay_scoreT_avg": 18.074076,
    "essay_scoreT_detail": {
      "essay_scoreT_org": [
        [
          2,
          2,
          2,
          1
        ],
        [
          2,
          2,
          2,
          2
        ],
        [
          2,
          2,
          2,
          1
        ]
      ],
      "essay_scoreT_cont": [
        [
          2,
          2,
          0,
          2
        ],
        [
          1,
          1,
          0,
          2
        ],
        [
          2,
          2,
          0,
          1
        ]
      ],
      "essay_scoreT_exp": [
        [
          2,
          2,
          2
        ],
        [
          2,
          2,
          1
        ],
        [
          2,
          2,
          1
        ]
      ]
    }
  },
  "student": {
    "date": "2021.09.10",
    "student_educated": true,
    "student_grade": "고등_1학년",
    "location": "063",
    "student_grade_group": "고등",
    "student_reading": 1
  },
  "rubric": {
    "essay_grade": "고등_1학년",
    "organization_weight": {
      "org_paragraph": 2,
      "org": 2,
      "org_essay": 4,
      "org_coherence": 2,
      "org_quantity": 1
    },
    "essay_type": "설명글",
    "content_weight": {
      "con_clearance": 4,
      "con_novelty": 3,
      "con": 4,
      "con_prompt": 0,
      "con_description": 1
    },
    "essay_main_subject": "영화/독서감상문",
    "expression_weight": {
      "exp_style": 1,
      "exp_grammar": 2,
      "exp_vocab": 3,
      "exp": 4
    }
  },
  "correction": [],
  "info": {
    "essay_id": "ESSAY_34613",
    "essay_prompt": " 영화에는 로맨스, 액션, 스릴러 등 정말 많은 장르가 있습니다. 사람마다 좋아하는 장르가 있고 절대 보지 않는 장르도 있습니다.\r\n\r\n 독서도 마찬가지입니다. 소설, 수필, 시, 만화, 위인전 등 여러가지 장르가 있습니다.\r\n\r\n 여러분은 어떤 장르를 좋아하나요? 그리고 해당 장르에서 가장 재미있게 봤던 영화나 책은 무엇인가요?\r\n\r\n 자신이 봤던 영화 혹은 책을 한 편 선정하여 주제와 내용 그리고 느낀점을 감상문으로 작성해주세요.",
    "essay_type": "설명글",
    "essay_level": "3",
    "essay_len": 429,
    "essay_main_subject": "영화/독서감상문"
  }
}