{
  "paragraph": [
    {
      "paragraph_txt": "'백지이기 때문에 어떤 지도라도 그릴수 있습니다.#@문장구분# 모든 것이 당신 하기 나름인 것이죠?#@문장구분# 내가 생각하는 명문장 이 책은 한 잡화점을 중심으로 과거와 미래를 넘나들며 많은 이들의 고민을 해결 해주는 내용을 가지고 있다. #@문장구분#형식은 옴니버스인 것 같다.#@문장구분# 이야기는 주인공이 정해져있지 않고 계속 바뀌는 것 같다.#@문장구분#(메인 등장인물이 있긴하다)#@문장구분# 각자의 고민들과 이야기로 편지를 주고 받는데, 이 시공을 초월한 편지가 이들의 가치관, 혹은 방향성에 영향을 주고, 그 영향이 또 다른 이에게 전해진다.#@문장구분# 내용을 설명하기엔 너무 길어서 요약만하자면 고민을 보낸 사람들은 서로 과거, 미래에 이어졌거나, 이어질 사람들이와 잡화점은 이들을 도와줄뿐 결국 그들만의 이야기로 이어가는 것은, 그들 자신과 서로라는 것이다.#@문장구분# 책을 다 읽고 난 후, 재밌기도 했지만, 많은 생각을 또한 떠올랐다.#@문장구분# 나도 이책의 인물들처럼 비밀스러운 고민들이 있어서 한 편으로는 이 인물들이 부럽기도 했다.#@문장구분# 고민을 상담하는 것이 부러워도 더 부러운 것은 자신들이 그고민을 해결하는 힘과 의지, 결단력이 있다는 점이다.#@문장구분# 위에 적은 명문장처럼, 나의 지도는 여백이라서 어떤 지도라도 그릴 수 있을 것이다.#@문장구분# 다만 그 지도는 그리기 나름이기에, 앞으로 지도를 잘 그릴수 있게 살아갈 것이다.#@문장구분# 적다보니 내용이 책처럼 뒤죽박죽이지만 그 만큼 진심으로 써봤다.#@문장구분#",
      "paragraph_len": 947,
      "paragraph_id": "001"
    }
  ],
  "score": {
    "paragraph_score": [
      {
        "paragraph_scoreT": [
          2.1666667,
          2.5,
          1.8333334
        ],
        "paragraph_scoreT_detail": {
          "paragraph_scoreT_exp": [
            [
              2,
              2,
              3
            ],
            [
              2,
              3,
              2
            ],
            [
              2,
              2,
              1
            ]
          ]
        },
        "paragraph_scoreT_avg": 2.1666667,
        "paragraph_id": "001"
      }
    ],
    "essay_scoreT": [
      20.666668,
      26.166666,
      19.333334
    ],
    "essay_scoreT_avg": 22.055557,
    "essay_scoreT_detail": {
      "essay_scoreT_org": [
        [
          2,
          2,
          2,
          2
        ],
        [
          2,
          2,
          3,
          3
        ],
        [
          2,
          2,
          2,
          2
        ]
      ],
      "essay_scoreT_cont": [
        [
          2,
          2,
          0,
          2
        ],
        [
          3,
          3,
          0,
          2
        ],
        [
          2,
          2,
          0,
          2
        ]
      ],
      "essay_scoreT_exp": [
        [
          2,
          2,
          3
        ],
        [
          2,
          3,
          2
        ],
        [
          2,
          2,
          1
        ]
      ]
    }
  },
  "student": {
    "date": "2021.09.07",
    "student_educated": true,
    "student_grade": "고등_1학년",
    "location": "051",
    "student_grade_group": "고등",
    "student_reading": 2
  },
  "rubric": {
    "essay_grade": "고등_1학년",
    "organization_weight": {
      "org_paragraph": 2,
      "org": 2,
      "org_essay": 4,
      "org_coherence": 2,
      "org_quantity": 1
    },
    "essay_type": "설명글",
    "content_weight": {
      "con_clearance": 4,
      "con_novelty": 3,
      "con": 4,
      "con_prompt": 0,
      "con_description": 1
    },
    "essay_main_subject": "영화/독서감상문",
    "expression_weight": {
      "exp_style": 1,
      "exp_grammar": 2,
      "exp_vocab": 3,
      "exp": 4
    }
  },
  "correction": [],
  "info": {
    "essay_id": "ESSAY_34557",
    "essay_prompt": " 영화에는 로맨스, 액션, 스릴러 등 정말 많은 장르가 있습니다. 사람마다 좋아하는 장르가 있고 절대 보지 않는 장르도 있습니다.\r\n\r\n 독서도 마찬가지입니다. 소설, 수필, 시, 만화, 위인전 등 여러가지 장르가 있습니다.\r\n\r\n 여러분은 어떤 장르를 좋아하나요? 그리고 해당 장르에서 가장 재미있게 봤던 영화나 책은 무엇인가요?\r\n\r\n 자신이 봤던 영화 혹은 책을 한 편 선정하여 주제와 내용 그리고 느낀점을 감상문으로 작성해주세요.",
    "essay_type": "설명글",
    "essay_level": "3",
    "essay_len": 669,
    "essay_main_subject": "영화/독서감상문"
  }
}