{
  "paragraph": [
    {
      "paragraph_txt": " 이책은 오스트레일리아 대륙 부분에 있는 섬나라 파퓨아뉴기니의 자연의 아름다움, 그리고 환경 보호를 촉구하는 내용을 담았다.#@문장구분# 파퓨아뉴기니는 오스트레일리아 북부의 큰 섬과 그 부속 도서들로 이루어져 있다.#@문장구분#파튜아뉴기니는 캘리포니아주의 크기 밖에 되지 않지만 그 놀라움은 그 크기를 초월한다.#@문장구분# 파퓨아뉴기니에는 다양한 지형이 나타나며, 높고 굽이진 산과 활화산, 열대우림과 빽빽한 밀림, 아름다운 산호와 희귀한 동물들이 있다.#@문장구분# 파퓨아뉴기니는 지구에서 가장 탐사가 안된 곳 중 한 곳이다. #@문장구분#너무 탐사가 되지 않아서 과학자들은 이 섬을 'A lost world'라고 부른다.#@문장구분# 파퓨아뉴기니에는 세계에서 세번째로 큰 열대우림이 있다. #@문장구분#그래서 Cassowary, Matschies's tree kangaroo. fanged frog, the biggest rat in the world등 다양한 희귀한 동식물이 존재한다.#@문장구분# 인간이 발길이 닫질 않아 독특한 생김새와 특징의 동물이 존재하는 것이다. #@문장구분#파퓨아뉴기니의 연안에는 광대한 산호 영역이 있다.#@문장구분# 산호는 수많은 바다 생물들의 서식지이고, 다이빙 명소로 많은 다이버들이 찾는다. #@문장구분#또한, 파퓨아뉴기니 근처의 바다에서는 세계2차대전이 벌어져서 전쟁의 잔해들이 바다속에 잠겨 있다. #@문장구분#하지만, 환경 파괴로 인해 파퓨아뉴기니의 자연도 위협을 받고 있다.#@문장구분# 당국도 멸종위기종을 국조로 지정하고 열대우림 파괴를 막기 위해 정책적 노력을 다하고 있지만, 전 세계적으로 협력을 하여 범지구적 문제인 환경 문제를 해결하기 위해 노력해야한다.#@문장구분#",
      "paragraph_len": 1036,
      "paragraph_id": "001"
    }
  ],
  "score": {
    "paragraph_score": [
      {
        "paragraph_scoreT": [
          2.5,
          2.5,
          2
        ],
        "paragraph_scoreT_detail": {
          "paragraph_scoreT_exp": [
            [
              2,
              3,
              2
            ],
            [
              2,
              3,
              2
            ],
            [
              2,
              2,
              2
            ]
          ]
        },
        "paragraph_scoreT_avg": 2.3333333,
        "paragraph_id": "001"
      }
    ],
    "essay_scoreT": [
      20.277779,
      25.166666,
      21.11111
    ],
    "essay_scoreT_avg": 22.185186,
    "essay_scoreT_detail": {
      "essay_scoreT_org": [
        [
          2,
          1,
          2,
          3
        ],
        [
          2,
          2,
          3,
          3
        ],
        [
          1,
          2,
          2,
          2
        ]
      ],
      "essay_scoreT_cont": [
        [
          2,
          1,
          0,
          2
        ],
        [
          3,
          2,
          0,
          3
        ],
        [
          3,
          2,
          0,
          2
        ]
      ],
      "essay_scoreT_exp": [
        [
          2,
          3,
          2
        ],
        [
          2,
          3,
          2
        ],
        [
          2,
          2,
          2
        ]
      ]
    }
  },
  "student": {
    "date": "2021.09.10",
    "student_educated": true,
    "student_grade": "고등_1학년",
    "location": "063",
    "student_grade_group": "고등",
    "student_reading": 1
  },
  "rubric": {
    "essay_grade": "고등_1학년",
    "organization_weight": {
      "org_paragraph": 2,
      "org": 2,
      "org_essay": 4,
      "org_coherence": 2,
      "org_quantity": 1
    },
    "essay_type": "설명글",
    "content_weight": {
      "con_clearance": 4,
      "con_novelty": 3,
      "con": 4,
      "con_prompt": 0,
      "con_description": 1
    },
    "essay_main_subject": "영화/독서감상문",
    "expression_weight": {
      "exp_style": 1,
      "exp_grammar": 2,
      "exp_vocab": 3,
      "exp": 4
    }
  },
  "correction": [],
  "info": {
    "essay_id": "ESSAY_34709",
    "essay_prompt": " 영화에는 로맨스, 액션, 스릴러 등 정말 많은 장르가 있습니다. 사람마다 좋아하는 장르가 있고 절대 보지 않는 장르도 있습니다.\r\n\r\n 독서도 마찬가지입니다. 소설, 수필, 시, 만화, 위인전 등 여러가지 장르가 있습니다.\r\n\r\n 여러분은 어떤 장르를 좋아하나요? 그리고 해당 장르에서 가장 재미있게 봤던 영화나 책은 무엇인가요?\r\n\r\n 자신이 봤던 영화 혹은 책을 한 편 선정하여 주제와 내용 그리고 느낀점을 감상문으로 작성해주세요.",
    "essay_type": "설명글",
    "essay_level": "3",
    "essay_len": 758,
    "essay_main_subject": "영화/독서감상문"
  }
}