{
  "paragraph": [
    {
      "paragraph_txt": "사람은 왜 꿈을 꿀까?#@문장구분# 왜 인생의 3분의 1씩이나 잠을 자며 보내도록 만들어 졌을까?#@문장구분# 도무지 내 머릿속에서 나온 것 같지 않은 신비롭고 이상한 장면들, 자꾸만 꿈에 나오는 그 사람, 분명히 가본적 없는 장소들, 어젯밤 꿈속에서 그토록 생생했던 일들이 정말 내 무의식이 만들어낸 환상에 불과할까?#@문장구분# 누구나 한번쯤 스치듯 가져봤을 질문이다.#@문장구분# 이 도서를 읽어보면 어쩌면 정말 꿈속 세상에 대하여 잠들어야만 입장할 수 있는 상점가 마을 그리고 잠든 이들을 사로잡는 흥미로운 장소들.#@문장구분# 잠이 솔솔 오도록 도와주는 주전부리를 파는 푸드트럭, 옷을 훌렁훌렁 벗고 자는 손님들에게 정신없이 가운을 입혀주는 투덜이 녹틸루카들, 후미진 골목 끝에서 악몽을 만드는 막심의 제작소, 만년 설산의 오두막에서 일하며 거의 모습을 드러내지 않는 베일에 싸인 꿈 제작자, 태몽을 만드는 아기냅 코코, 하늘을 나는 꿈을 만드는 레프라혼 요정의 작업실까지. #@문장구분#그중에서도 잠든 손님들에게 가장 인기 있는 곳, 안 가본 사람은 있어도 한번만 가본 사람은 없다는 '일러구트의 꿈 백화점' 실제로 일어날 법한 이야기들이 이 도서에 차곡차곡 담겨있다. #@문장구분#읽는 시간이 너무나도 짧게 느껴질 만큼 빠른 전개와 흡입력으로 길게 남은 여운이, 어느 순간부터 꿈을 꾸는 것이 힘들기만한 괴로운 현실에 지친 성인뿐만 아니라 청소년들에게도 공감과 따뜻한 위로를 선사해주고 어른도 아이들도 상상의 나래를 펼치게 되는 유쾌하고 흥미로운 작품이다. \"행복은 허무하리만치 가까이있다.\"#@문장구분#",
      "paragraph_len": 897,
      "paragraph_id": "001"
    }
  ],
  "score": {
    "paragraph_score": [
      {
        "paragraph_scoreT": [
          2.6666667,
          2,
          1.8333334
        ],
        "paragraph_scoreT_detail": {
          "paragraph_scoreT_exp": [
            [
              2,
              3,
              3
            ],
            [
              2,
              2,
              2
            ],
            [
              2,
              2,
              1
            ]
          ]
        },
        "paragraph_scoreT_avg": 2.1666667,
        "paragraph_id": "001"
      }
    ],
    "essay_scoreT": [
      28.444445,
      21.944445,
      21.333334
    ],
    "essay_scoreT_avg": 23.907408,
    "essay_scoreT_detail": {
      "essay_scoreT_org": [
        [
          3,
          3,
          3,
          2
        ],
        [
          2,
          2,
          3,
          2
        ],
        [
          2,
          2,
          2,
          2
        ]
      ],
      "essay_scoreT_cont": [
        [
          3,
          3,
          0,
          3
        ],
        [
          2,
          3,
          0,
          2
        ],
        [
          3,
          2,
          0,
          2
        ]
      ],
      "essay_scoreT_exp": [
        [
          2,
          3,
          3
        ],
        [
          2,
          2,
          2
        ],
        [
          2,
          2,
          1
        ]
      ]
    }
  },
  "student": {
    "date": "2021.09.07",
    "student_educated": true,
    "student_grade": "고등_1학년",
    "location": "051",
    "student_grade_group": "고등",
    "student_reading": 1
  },
  "rubric": {
    "essay_grade": "고등_1학년",
    "organization_weight": {
      "org_paragraph": 2,
      "org": 2,
      "org_essay": 4,
      "org_coherence": 2,
      "org_quantity": 1
    },
    "essay_type": "설명글",
    "content_weight": {
      "con_clearance": 4,
      "con_novelty": 3,
      "con": 4,
      "con_prompt": 0,
      "con_description": 1
    },
    "essay_main_subject": "영화/독서감상문",
    "expression_weight": {
      "exp_style": 1,
      "exp_grammar": 2,
      "exp_vocab": 3,
      "exp": 4
    }
  },
  "correction": [],
  "info": {
    "essay_id": "ESSAY_34545",
    "essay_prompt": " 영화에는 로맨스, 액션, 스릴러 등 정말 많은 장르가 있습니다. 사람마다 좋아하는 장르가 있고 절대 보지 않는 장르도 있습니다.\r\n\r\n 독서도 마찬가지입니다. 소설, 수필, 시, 만화, 위인전 등 여러가지 장르가 있습니다.\r\n\r\n 여러분은 어떤 장르를 좋아하나요? 그리고 해당 장르에서 가장 재미있게 봤던 영화나 책은 무엇인가요?\r\n\r\n 자신이 봤던 영화 혹은 책을 한 편 선정하여 주제와 내용 그리고 느낀점을 감상문으로 작성해주세요.",
    "essay_type": "설명글",
    "essay_level": "3",
    "essay_len": 738,
    "essay_main_subject": "영화/독서감상문"
  }
}