{
  "paragraph": [
    {
      "paragraph_txt": "내가 가장 최근에 본 영화는 모가디슈다.#@문장구분# 코로나가 악화되기 전 영화관에서 본 마지막 영화라서 더 생생한것 같다.#@문장구분# 이 영화는 실화를 바탕으로 한 내용이라서 더 오금이 저렸었다.#@문장구분# 영화의 배경은 1980년대 아프리카 소말리아의 도시 모가디슈다. #@문장구분#당시 남한과 북한은 유엔 참정권을 두고 투표권이 가장 많은 아프리카를 공략하기 위해 정치외교 다툼을 하고있는 상황이다. #@문장구분#여기서 소말리아의 외교관으로 활동하고 있는 남한과 북한의 이야기를 다뤄내고있다.#@문장구분# 소말리아는 정부와 국민의 빈부격차, 정부의 무분별한 탄압 등으로 해적이 들끓는 나라다. #@문장구분#차를 타며 도로를 달리고 있어도 총을 내세우며 강도짓을 하는것 또한 그 나라에선 흔한 일이다. #@문장구분#어느날 이런 정부의 태도와 자신들의 상황에 분노한 국민들이 정부 탄핵 시위를 시작하게 된다. #@문장구분#처음에는 국민들도 평화롭게 무력없는 시위를 하였으나, 정부군들이 쏘아대는 총탄에 맞고나선 돌변하게 된다. #@문장구분#그렇게 국민들도 무장을 하고 시위를 하게 되었으며 갈수록 시위의 본질적인 목적은 잊고 정부군, 외교관 등을 무차별적으로 죽이기 시작한다.#@문장구분#\n여기서 남한과 북한의 대사관들도 공격당하며 생사의 갈림길에서 무서움에 떨게 된다.#@문장구분# 각국의 외교관들은 소말리아와 관련된 모든 문서들을 불태우고 소말리아 정부에 도움을 요청한다. #@문장구분#하지만 대통령도 시위에 대피한지 오래였기에 결국 스스로 이 나라에서 빠져나갈 궁리를 하게 된다. #@문장구분#이미 한번 시위대에게 털린 북한 외교관들은 중국 대사관에 찾아갔지만 중국 대사관도 공격을 당해 부재중이였다.#@문장구분# 결국 북한 외교관들은 남한의 대사관으로 피신오게 된다.#@문장구분# 서로 협력하며 소말리아를 빠져나갈 방법을 모색하고 남한측에서 이탈리아 대사관을 통해 빠져나갈 방법을 찾게 된다. #@문장구분#하지만 이탈리아 대사관까지 가는 방법이 쉽지 않은데 외교관들을 시위대로 오해한 정부군들과 정부와 한패라고 생각하는 시위대의 공격을 모두 감수하며 가야되기 때문이다. #@문장구분#결국 이탈리아 대사관에 가는길에 북한 외교관 한명이 목숨을 잃게 된다. #@문장구분#안전히 다른나라로 피신온 북한과 남한은 비행기에서 내리자마자 서로 모르는척을 할 수 밖에 없게 된다.#@문장구분# 이 영화의 좋았던 점은 신파가 없었다는 점이다.#@문장구분# 자칫하면 정치를 다루고 있는 영화에서 어느 당의 색깔을 나타낼 수도 있었는데 신파를 없애며 이런 위험을 없앤것이다.#@문장구분# 또한 실화를 바탕으로 한 영화였기에 더욱 몰입이 잘 되었다.#@문장구분# 소말리아의 내전은 아직까지 이어지고 있다고 한다.#@문장구분# 그리고 최근 뉴스를 보면 모가디슈의 내용과 똑같은 상황의 나라가 하나 더 있는데 바로 아프간이다.#@문장구분# 아프간의 상황도 정부와 국민이 무력으로 대립하면서 위험한 싸움을 하고있다.#@문장구분# 영화를 보고나서 얼마 지나지 않고 이런 일이 일어나니 더 안타깝다. #@문장구분#하루 빨리 이 내전이 끝났으면 좋겠다.#@문장구분#",
      "paragraph_len": 1902,
      "paragraph_id": "001"
    }
  ],
  "score": {
    "paragraph_score": [
      {
        "paragraph_scoreT": [
          3,
          3,
          1.8333334
        ],
        "paragraph_scoreT_detail": {
          "paragraph_scoreT_exp": [
            [
              3,
              3,
              3
            ],
            [
              3,
              3,
              3
            ],
            [
              2,
              2,
              1
            ]
          ]
        },
        "paragraph_scoreT_avg": 2.6111112,
        "paragraph_id": "001"
      }
    ],
    "essay_scoreT": [
      30,
      30,
      22.5
    ],
    "essay_scoreT_avg": 27.5,
    "essay_scoreT_detail": {
      "essay_scoreT_org": [
        [
          3,
          3,
          3,
          3
        ],
        [
          3,
          3,
          3,
          3
        ],
        [
          2,
          2,
          3,
          3
        ]
      ],
      "essay_scoreT_cont": [
        [
          3,
          3,
          0,
          3
        ],
        [
          3,
          3,
          0,
          3
        ],
        [
          3,
          2,
          0,
          3
        ]
      ],
      "essay_scoreT_exp": [
        [
          3,
          3,
          3
        ],
        [
          3,
          3,
          3
        ],
        [
          2,
          2,
          1
        ]
      ]
    }
  },
  "student": {
    "date": "2021.09.13",
    "student_educated": true,
    "student_grade": "고등_1학년",
    "location": "051",
    "student_grade_group": "고등",
    "student_reading": 3
  },
  "rubric": {
    "essay_grade": "고등_1학년",
    "organization_weight": {
      "org_paragraph": 2,
      "org": 2,
      "org_essay": 4,
      "org_coherence": 2,
      "org_quantity": 1
    },
    "essay_type": "설명글",
    "content_weight": {
      "con_clearance": 4,
      "con_novelty": 3,
      "con": 4,
      "con_prompt": 0,
      "con_description": 1
    },
    "essay_main_subject": "영화/독서감상문",
    "expression_weight": {
      "exp_style": 1,
      "exp_grammar": 2,
      "exp_vocab": 3,
      "exp": 4
    }
  },
  "correction": [],
  "info": {
    "essay_id": "ESSAY_34146",
    "essay_prompt": " 영화에는 로맨스, 액션, 스릴러 등 정말 많은 장르가 있습니다. 사람마다 좋아하는 장르가 있고 절대 보지 않는 장르도 있습니다.\r\n\r\n 독서도 마찬가지입니다. 소설, 수필, 시, 만화, 위인전 등 여러가지 장르가 있습니다.\r\n\r\n 여러분은 어떤 장르를 좋아하나요? 그리고 해당 장르에서 가장 재미있게 봤던 영화나 책은 무엇인가요?\r\n\r\n 자신이 봤던 영화 혹은 책을 한 편 선정하여 주제와 내용 그리고 느낀점을 감상문으로 작성해주세요.",
    "essay_type": "설명글",
    "essay_level": "3",
    "essay_len": 1344,
    "essay_main_subject": "영화/독서감상문"
  }
}