{
  "paragraph": [
    {
      "paragraph_txt": "저는 수업시간에 Cactus 라는 책을 선생님께 추천을 받았습니다.#@문장구분# 제가 지금까지 접했던 책들과는 무언가 다른 느낌을 받아서 호기심에 읽게 되었습니다.#@문장구분# 남주인공은 자신감에 심취한 자아도취 인간이었습니다.#@문장구분# 그에 반면 여주인공은 너무나도 잘난 그 남자를 좋아했었습니다.#@문장구분# 어느날 여주인공과 남주인공이 이야기를 하던 도중 여주인공이 선장님께 남주인공이 스페인어를 잘한다는 이야기를 들었다고 했고 실제로 남주인공은 스페인어를 잘하지 못하지만 자존심 때문에 거짓으로 잘한다고 했고 곧 여주인공에게 청혼했습니 다.#@문장구분# 여주인공은 대답을 미루고 나중에 답해주겠다고 했고 며칠뒤 여자주인공은 하인을 시켜 Cactus 선인장에 벤또마르메라고 스페인어로 적은 라벨을 달아 보냈습니다.#@문장구분# \n하지만 남주인공은 스페인어를 못했기 때문에 전혀 알지 못했습니다.#@문장구분# 그래서 며칠이 지나도 여자에게 답을 받지 못했다고 생각했습니다.#@문장구분# 그러다 여자를 만나게 되고 결국 여주인공은 실망했고 결국 남자를 떠나게 됩니다#@문장구분# 결국 여주인공은 다른남자랑 결혼했고 남주인공은 다른남자와 결혼하는 여주인공의 결혼식에 참석하게 됩니다.#@문장구분# 저는 이 작품을 읽고 남주인공이 굉장히 바보 같다고 생각했습니다#@문장구분# 왜냐하면 자기자신의 자신감에 완전히 넘어가서 주제도 모르고 잘난척 해대다 결국 사랑을 잃었으니까요.#@문장구분# 너무 불쌍했습니다.#@문장구분#",
      "paragraph_len": 908,
      "paragraph_id": "001"
    }
  ],
  "score": {
    "paragraph_score": [
      {
        "paragraph_scoreT": [
          2.1666667,
          2,
          1.8333334
        ],
        "paragraph_scoreT_detail": {
          "paragraph_scoreT_exp": [
            [
              2,
              2,
              3
            ],
            [
              2,
              2,
              2
            ],
            [
              2,
              2,
              1
            ]
          ]
        },
        "paragraph_scoreT_avg": 2.0000002,
        "paragraph_id": "001"
      }
    ],
    "essay_scoreT": [
      22.666668,
      20.5,
      17.944445
    ],
    "essay_scoreT_avg": 20.37037,
    "essay_scoreT_detail": {
      "essay_scoreT_org": [
        [
          3,
          3,
          3,
          3
        ],
        [
          2,
          2,
          2,
          2
        ],
        [
          1,
          2,
          2,
          2
        ]
      ],
      "essay_scoreT_cont": [
        [
          2,
          2,
          0,
          2
        ],
        [
          2,
          2,
          0,
          3
        ],
        [
          2,
          2,
          0,
          1
        ]
      ],
      "essay_scoreT_exp": [
        [
          2,
          2,
          3
        ],
        [
          2,
          2,
          2
        ],
        [
          2,
          2,
          1
        ]
      ]
    }
  },
  "student": {
    "date": "2021.09.07",
    "student_educated": true,
    "student_grade": "고등_1학년",
    "location": "063",
    "student_grade_group": "고등",
    "student_reading": 1
  },
  "rubric": {
    "essay_grade": "고등_1학년",
    "organization_weight": {
      "org_paragraph": 2,
      "org": 2,
      "org_essay": 4,
      "org_coherence": 2,
      "org_quantity": 1
    },
    "essay_type": "설명글",
    "content_weight": {
      "con_clearance": 4,
      "con_novelty": 3,
      "con": 4,
      "con_prompt": 0,
      "con_description": 1
    },
    "essay_main_subject": "영화/독서감상문",
    "expression_weight": {
      "exp_style": 1,
      "exp_grammar": 2,
      "exp_vocab": 3,
      "exp": 4
    }
  },
  "correction": [],
  "info": {
    "essay_id": "ESSAY_34539",
    "essay_prompt": " 영화에는 로맨스, 액션, 스릴러 등 정말 많은 장르가 있습니다. 사람마다 좋아하는 장르가 있고 절대 보지 않는 장르도 있습니다.\r\n\r\n 독서도 마찬가지입니다. 소설, 수필, 시, 만화, 위인전 등 여러가지 장르가 있습니다.\r\n\r\n 여러분은 어떤 장르를 좋아하나요? 그리고 해당 장르에서 가장 재미있게 봤던 영화나 책은 무엇인가요?\r\n\r\n 자신이 봤던 영화 혹은 책을 한 편 선정하여 주제와 내용 그리고 느낀점을 감상문으로 작성해주세요.",
    "essay_type": "설명글",
    "essay_level": "3",
    "essay_len": 648,
    "essay_main_subject": "영화/독서감상문"
  }
}