{
  "paragraph": [
    {
      "paragraph_txt": "이 책은 EBS 다큐프라임에서 제작한 <문명과 수학> 5부작을 책으로써 집필한 것으로 문명 발달과 함께한 수학의 역사를 알려주는 책\n이다.#@문장구분# \n헨리 린드라는 고고학자는 이집트에서 우연히 파피루스 하나를 구하게 되는데 고대 이집트어의 번역에 성공하였을때 그 파피루스에 적혀있는 사실들은 당시의 사람들에게 놀라움으로 다가왔다.#@문장구분# \n이 파피루스에는 파라오의 경영 지식에 대한 모든것이 적혀있었는데, 피라미드 높이를 정하는법, 토지를 측량하는 법과 급료를 나누\n는 법 외 84개의 문항이 포함되어 있었다.#@문장구분# \n그 파피루스의 서문에는 '세상의 모든 지식의 문으로 들어가는 열쇠, 그것은 수학이다'라고 말하고 있었다고 한다.  #@문장구분#\n이렇듯 1부에서는 파피루스 한장에 의지해 이집트 문명이 어떻게 왕국을 다스렸는지, 수를 어떻게 사용하여 분배와 측량의 개념을 터득했는지를 보여준다.#@문장구분# \n2부에서는 그리스의 원론을 설명하는데 이 원론은 이후 수학 뿐만 아니라 논리학과 철학, 심지어는 과학의 원론으로도 작용했다고 한다.#@문장구분# \n그리스의 원론에 대해서는 잘 이해가 가지 않는데 나중에 조금 더 알아볼 계획이다.#@문장구분# 3부에서는 0의 발견에 대해 알려주고 그 0의 발명의 근원을 알아보고 있다.#@문장구분# \n4부에서는 17세기의 지적재산권 전쟁을 배경으로 하여 뉴턴과 라이프니츠의 미적분 발견의 주장을 주로 하고 있다.#@문장구분# \n미적분은 변수가 있는 모든 것들을 방정식으로써 나타낼 수 있도록 해주는 학문이었기 때문이었기에 이 둘에게는 자신의 소유를 명백히 밝혀야만 했다.#@문장구분# \n그리고 마지막 5부에서는 푸앵카레의 추측과 페르마의 마지막 정리를 통해 현대 수학에게 남긴 숙제와 미래의 전망 및 지평을 시사하며 이 책은 마무리된다.#@문장구분#",
      "paragraph_len": 1048,
      "paragraph_id": "001"
    }
  ],
  "score": {
    "paragraph_score": [
      {
        "paragraph_scoreT": [
          3,
          2.3333333,
          2
        ],
        "paragraph_scoreT_detail": {
          "paragraph_scoreT_exp": [
            [
              3,
              3,
              3
            ],
            [
              3,
              2,
              2
            ],
            [
              2,
              2,
              2
            ]
          ]
        },
        "paragraph_scoreT_avg": 2.4444444,
        "paragraph_id": "001"
      }
    ],
    "essay_scoreT": [
      30,
      23.333332,
      22.944445
    ],
    "essay_scoreT_avg": 25.425926,
    "essay_scoreT_detail": {
      "essay_scoreT_org": [
        [
          3,
          3,
          3,
          3
        ],
        [
          2,
          2,
          2,
          2
        ],
        [
          2,
          2,
          3,
          2
        ]
      ],
      "essay_scoreT_cont": [
        [
          3,
          3,
          0,
          3
        ],
        [
          3,
          2,
          0,
          2
        ],
        [
          3,
          2,
          0,
          3
        ]
      ],
      "essay_scoreT_exp": [
        [
          3,
          3,
          3
        ],
        [
          3,
          2,
          2
        ],
        [
          2,
          2,
          2
        ]
      ]
    }
  },
  "student": {
    "date": "2021.09.07",
    "student_educated": true,
    "student_grade": "고등_1학년",
    "location": "051",
    "student_grade_group": "고등",
    "student_reading": 1
  },
  "rubric": {
    "essay_grade": "고등_1학년",
    "organization_weight": {
      "org_paragraph": 2,
      "org": 2,
      "org_essay": 4,
      "org_coherence": 2,
      "org_quantity": 1
    },
    "essay_type": "설명글",
    "content_weight": {
      "con_clearance": 4,
      "con_novelty": 3,
      "con": 4,
      "con_prompt": 0,
      "con_description": 1
    },
    "essay_main_subject": "영화/독서감상문",
    "expression_weight": {
      "exp_style": 1,
      "exp_grammar": 2,
      "exp_vocab": 3,
      "exp": 4
    }
  },
  "correction": [],
  "info": {
    "essay_id": "ESSAY_34230",
    "essay_prompt": " 영화에는 로맨스, 액션, 스릴러 등 정말 많은 장르가 있습니다. 사람마다 좋아하는 장르가 있고 절대 보지 않는 장르도 있습니다.\r\n\r\n 독서도 마찬가지입니다. 소설, 수필, 시, 만화, 위인전 등 여러가지 장르가 있습니다.\r\n\r\n 여러분은 어떤 장르를 좋아하나요? 그리고 해당 장르에서 가장 재미있게 봤던 영화나 책은 무엇인가요?\r\n\r\n 자신이 봤던 영화 혹은 책을 한 편 선정하여 주제와 내용 그리고 느낀점을 감상문으로 작성해주세요.",
    "essay_type": "설명글",
    "essay_level": "3",
    "essay_len": 823,
    "essay_main_subject": "영화/독서감상문"
  }
}