{
  "paragraph": [
    {
      "paragraph_txt": "세계 보건 기구는 코로나 바이러스가 모든 대륙으로 걷잡을 수 없이 퍼져 나가자 2020년 3월 11일 팬데믹을 선언했다.#@문장구분# 이는 홍콩독감과 신종 인플루엔자에 이어 세번째다. #@문장구분#사실 세계보건기구가 출범하기 전, 스페인을 휩쓴 바이러스 전염병 스페인 독감 역시 순식간에세계로 퍼져 나가면서 많은 사람들의 목숨을 앗아간 바 있다.#@문장구분# 콜레라와 같은 세균성 전염병의 유행도 20세기 중반까지는 인류의 생명을 위협했다. #@문장구분#그러나 위생적인 환경 구축의 노력과 항생제 개발로 현재 세균성 전염병으로 인한 사망률은 크게 낮아진 상태이다.#@문장구분# 반면, 바이러스의 경우 백신이나 치료약이 개발되어도 얼마 지나지 않아 새로운 형태의 바이러스가 발생하기 때문에 현대 사회라고 하여 그 위협을 쉽게 피할 수 있는 것이 아니다.#@문장구분# 현재 인류는 전염병과 만성질환의 대응에 있어 어느정도 괄목할 만한 성공을 거두었지만, 새롭게 대두되는 질병 문제에 직면해있다.#@문장구분# 우리에게는 이러한 질병 변화의 흐름에 맞춘 새로운 대응 전략이 필요하다. #@문장구분#인류의 지상과제는 미래의 도시를 건강하게 만드는 일이 되어야 한다. #@문장구분#그런 점에서 질병에 대한 대응과 관련하여 산업혁명 시기에 열악한 생활환경을 고발하고 공중보건의 필요성을 역설했던 선구자들의 노력은 중요한 의미를 가진다.#@문장구분# 현대인에게 도시는 삶의 주요 터전이며,건강과 생명을 보호 받는 장소이다.#@문장구분# 그렇다면 미래의 도시는 어떤 방향으로 나아가야 할까?#@문장구분# 앞으로 대부분의 인류가 도시 공간에서 살아갈 것으로 예측되는 만큼, 도시를 어떻게 설계하고 만들어갈 것인가는 무척 중요하다. #@문장구분#특히 도시 구성원의 건강은 공동체를 유지 발전시키는데 필수적인 요소이기 때문에 '건강'을 도시의 중심 가치로 잡아야 한다.#@문장구분# 미래 도시 속의 인간은 기계로 가득한 도시 공간에서 부속품처럼 사는 것이 아니라 적극적인 참여자로서 안전하고 건강하게 살 수 있어야 한다.#@문장구분# 그러기 위해서는 의료 역시 질병 중심의 의료에서 환자 중심 또는 사람 중심의 의료로 변화해가야 한다. #@문장구분#의료의 범위 또한 병원이라는 한정된 공간에서 벗어나 지역사회로 넓어질 필요가 있다.#@문장구분# 한편, 질병을 치료하고 건강을 관리하는 의료 체계와 서비스는 교통체계나 여가 활동과 같은 도시의 다른 기능과분리되어 작동하는 것이 아니라 통합적으로 이루어져야 한다. #@문장구분#도시의 구조와 서비스, 그리고 이를 계획하는 과정에 대한 미래 사회 시스템은 주민들의 직접적인 참여를 통해 만들어질 필요가 있다. #@문장구분#그리하여 이러한 사회 시스템은 주민의 건강을 증진시킬 수 있는 방향으로 설계되어야 한다. #@문장구분#그렇게만 된다면, 사회적 약자를 포함한 모든 사람이 사회의 일원으로서 공정하게 의료 혜택을 받을 수 있게되고, 결국 사회의 지속 가능성은 높아질 것이다.#@문장구분# 우리는 지금 국경을 가리지 않고 바이러스 및 질병이 활개치는 팬데믹의 시대에 살고 있다.#@문장구분# 이 책에서는 문명의 시발이 된 도시와 그 발전과정에서 나타난 전염병 등의 질병, 그리고 이러한 질병에 대응하면서 변화해온 의료를 중심으로 과거의 역사를 고찰하고 바람직한 미래 사회의 모습을 그려보고자 한다. #@문장구분#또한 전염병의 주기적 대유행이나 만성질환의 유행과 같은 질병의 위협에 무너지지 않는 건강도시를 설계해보고자 한다.#@문장구분# ",
      "paragraph_len": 2026,
      "paragraph_id": "001"
    },
    {
      "paragraph_txt": "집단 생활로 인해 전염병이 탄생하였고, 세균, 바이러스의 감염을 통해 우리의 삶이 위협받게 되었다.#@문장구분#산업혁명 시대를 겪으면서 전염병은 더욱 더 심각한 문제로 변질 되었고, 도시의 탄생으로 새로운 질병이 기하급수적으로 늘어났다.#@문장구분# 이에 우리는 질병예방을 위해 먼저 가정에서 노력해야 하고, 또 사회의 책임이 막중하다.#@문장구분#",
      "paragraph_len": 234,
      "paragraph_id": "002"
    }
  ],
  "score": {
    "paragraph_score": [
      {
        "paragraph_scoreT": [
          3,
          3,
          2.6666667
        ],
        "paragraph_scoreT_detail": {
          "paragraph_scoreT_exp": [
            [
              3,
              3,
              3
            ],
            [
              3,
              3,
              3
            ],
            [
              2,
              3,
              3
            ]
          ]
        },
        "paragraph_scoreT_avg": 2.888889,
        "paragraph_id": "001"
      },
      {
        "paragraph_scoreT": [
          3,
          3,
          2.6666667
        ],
        "paragraph_scoreT_detail": {
          "paragraph_scoreT_exp": [
            [
              3,
              3,
              3
            ],
            [
              3,
              3,
              3
            ],
            [
              2,
              3,
              3
            ]
          ]
        },
        "paragraph_scoreT_avg": 2.888889,
        "paragraph_id": "002"
      }
    ],
    "essay_scoreT": [
      30,
      27.11111,
      25.833334
    ],
    "essay_scoreT_avg": 27.648148,
    "essay_scoreT_detail": {
      "essay_scoreT_org": [
        [
          3,
          3,
          3,
          3
        ],
        [
          2,
          3,
          3,
          3
        ],
        [
          2,
          2,
          3,
          3
        ]
      ],
      "essay_scoreT_cont": [
        [
          3,
          3,
          0,
          3
        ],
        [
          3,
          2,
          0,
          2
        ],
        [
          3,
          2,
          0,
          3
        ]
      ],
      "essay_scoreT_exp": [
        [
          3,
          3,
          3
        ],
        [
          3,
          3,
          3
        ],
        [
          2,
          3,
          3
        ]
      ]
    }
  },
  "student": {
    "date": "2021.09.13",
    "student_educated": true,
    "student_grade": "고등_1학년",
    "location": "063",
    "student_grade_group": "고등",
    "student_reading": 1
  },
  "rubric": {
    "essay_grade": "고등_1학년",
    "organization_weight": {
      "org_paragraph": 2,
      "org": 2,
      "org_essay": 4,
      "org_coherence": 2,
      "org_quantity": 1
    },
    "essay_type": "설명글",
    "content_weight": {
      "con_clearance": 4,
      "con_novelty": 3,
      "con": 4,
      "con_prompt": 0,
      "con_description": 1
    },
    "essay_main_subject": "영화/독서감상문",
    "expression_weight": {
      "exp_style": 1,
      "exp_grammar": 2,
      "exp_vocab": 3,
      "exp": 4
    }
  },
  "correction": [],
  "info": {
    "essay_id": "ESSAY_34462",
    "essay_prompt": " 영화에는 로맨스, 액션, 스릴러 등 정말 많은 장르가 있습니다. 사람마다 좋아하는 장르가 있고 절대 보지 않는 장르도 있습니다.\r\n\r\n 독서도 마찬가지입니다. 소설, 수필, 시, 만화, 위인전 등 여러가지 장르가 있습니다.\r\n\r\n 여러분은 어떤 장르를 좋아하나요? 그리고 해당 장르에서 가장 재미있게 봤던 영화나 책은 무엇인가요?\r\n\r\n 자신이 봤던 영화 혹은 책을 한 편 선정하여 주제와 내용 그리고 느낀점을 감상문으로 작성해주세요.",
    "essay_type": "설명글",
    "essay_level": "3",
    "essay_len": 1723,
    "essay_main_subject": "영화/독서감상문"
  }
}