{
  "paragraph": [
    {
      "paragraph_txt": "책은 생명, 식량, 에너지, 지구라는 크게 4가지 주제를 다룬다.#@문장구분# 객관적인 숫자와 데이터를 이용해 지금까지 변모해온 우리 환경의 역사를 보여주고 우리에게 현재의 상황을 냉철하게 직시하고 즉시 행동에 옮기기를 요구한다.#@문장구분# 특히 식량 문제와 에너지 문제에 대한 저자의 주장이 흥미롭다.#@문장구분# 우선 책에서 저자는 육류의 비효율성에 대해 다룬다.#@문장구분# 가축을 키우면서 생기는 엄청난 양의 분뇨, 그리고 투여되는 항상제로 인한 오염이 심각하고 그들의 먹이로 다량의 곡물이 소비된다.#@문장구분# 수산물 역시 비슷하다.#@문장구분# 해양오염을 초래한다.#@문장구분#<br/><br/> 또한 낭비되는 엄청난 양의 식품은 쓰레기가 되는데 이는 굶고 있는 개발도상국의 사람들의 생명을 살리기에 충분한 양이라고 한다.#@문장구분# 작가는 물건을 주문하면 지구 반대편에 있는 지역에 24시간안에 발송할 정도로 유통이 발달한 요즘 시대에 왜 식품은 전 세계를 대상으로 재분배되지 못하냐고 항의한다.#@문장구분# 그리고 열심히 일해서 생산한 식품의 40퍼센트를 버리면서 우리는 대체 무엇을 물으며 덜 소비하고 더 많이 나눌 것을 제안한다.#@문장구분# Use less and share more.#@문장구분# \"덜 소비하고 더 많이 나누자\"#@문장구분# 이 말이 책의 주제라 할 수 있겠다.#@문장구분# 마지막 부록에서 지구의 풍요를 위하여 우리가 해야하는 5가지가 나열되어 있다.#@문장구분# 최근 지구 온난화가 심각하게 체감되며 환경 보호에 관심이 많이 생겼는데 책에서 제시되어 있듯이 가치관대로 행동을 행해야겠다는 다짐을 했다.#@문장구분# 단순하지만 사용하지 않는 전자 제품의 코드를 뽑고 가급적 에어컨을 사용하지 않겠다고 다짐했다.#@문장구분# 우리는 보이지 않는 신은 경배하고 눈에 보이는 것은 학살해버린다.#@문장구분#<br/>우리가 학살하는 자연이 사실은 우리가 경배하는 보이지 않는 신인 것을 모르고......#@문장구분#",
      "paragraph_len": 1233,
      "paragraph_id": "001"
    }
  ],
  "score": {
    "paragraph_score": [
      {
        "paragraph_scoreT": [
          2.6666667,
          1.8333334,
          2
        ],
        "paragraph_scoreT_detail": {
          "paragraph_scoreT_exp": [
            [
              2,
              3,
              3
            ],
            [
              2,
              2,
              1
            ],
            [
              2,
              2,
              2
            ]
          ]
        },
        "paragraph_scoreT_avg": 2.1666667,
        "paragraph_id": "001"
      }
    ],
    "essay_scoreT": [
      27.277779,
      19.333334,
      22.5
    ],
    "essay_scoreT_avg": 23.037039,
    "essay_scoreT_detail": {
      "essay_scoreT_org": [
        [
          3,
          2,
          2,
          3
        ],
        [
          2,
          2,
          2,
          2
        ],
        [
          2,
          2,
          2,
          2
        ]
      ],
      "essay_scoreT_cont": [
        [
          3,
          3,
          0,
          2
        ],
        [
          2,
          2,
          0,
          2
        ],
        [
          3,
          2,
          0,
          3
        ]
      ],
      "essay_scoreT_exp": [
        [
          2,
          3,
          3
        ],
        [
          2,
          2,
          1
        ],
        [
          2,
          2,
          2
        ]
      ]
    }
  },
  "student": {
    "date": "2021.09.09",
    "student_educated": true,
    "student_grade": "고등_1학년",
    "location": "051",
    "student_grade_group": "고등",
    "student_reading": 2
  },
  "rubric": {
    "essay_grade": "고등_1학년",
    "organization_weight": {
      "org_paragraph": 2,
      "org": 2,
      "org_essay": 4,
      "org_coherence": 2,
      "org_quantity": 1
    },
    "essay_type": "설명글",
    "content_weight": {
      "con_clearance": 4,
      "con_novelty": 3,
      "con": 4,
      "con_prompt": 0,
      "con_description": 1
    },
    "essay_main_subject": "영화/독서감상문",
    "expression_weight": {
      "exp_style": 1,
      "exp_grammar": 2,
      "exp_vocab": 3,
      "exp": 4
    }
  },
  "correction": [],
  "info": {
    "essay_id": "ESSAY_34704",
    "essay_prompt": " 영화에는 로맨스, 액션, 스릴러 등 정말 많은 장르가 있습니다. 사람마다 좋아하는 장르가 있고 절대 보지 않는 장르도 있습니다.\r\n\r\n 독서도 마찬가지입니다. 소설, 수필, 시, 만화, 위인전 등 여러가지 장르가 있습니다.\r\n\r\n 여러분은 어떤 장르를 좋아하나요? 그리고 해당 장르에서 가장 재미있게 봤던 영화나 책은 무엇인가요?\r\n\r\n 자신이 봤던 영화 혹은 책을 한 편 선정하여 주제와 내용 그리고 느낀점을 감상문으로 작성해주세요.",
    "essay_type": "설명글",
    "essay_level": "3",
    "essay_len": 844,
    "essay_main_subject": "영화/독서감상문"
  }
}