{
  "paragraph": [
    {
      "paragraph_txt": "이책은 나의 진로를 생각해서 찾은 책이다.#@문장구분# 난 많은 진로를 생각해봤지만 나의 진로는 공학쪽이 분명하다. #@문장구분#이책에서 로봇은 많은 일을 한다.#@문장구분# 공장에서 만들기 의학에서도 로봇이 쓰인다. #@문장구분#그리고 로봇의 주 동력원인 전기에 대한 말도 나온다.#@문장구분# 로봇은 인간에게 아주 필요한존재이다. #@문장구분#로봇은 우리의 일상생활속에 쓰인다.#@문장구분# 예를 들어 로봇청소기 이다.#@문장구분#로봇과 비슷한게 인공지능이다.#@문장구분# 로봇안에 인공지능이 있는것이다.#@문장구분# 인공지능 중에서 사물인터넷이다. #@문장구분#사물인터넷은 우리 집에서쓰이는 인공지능이다.#@문장구분# 아주 편리한것이다.#@문장구분# 이책에서 언급하는 내용중 가장중요한 말이 있다.#@문장구분# 로봇의 원칙이다.#@문장구분#\n \n인간에게 해를 입히면 안된다는게 주 내용이다.#@문장구분# 인간이 로봇을 만들었기에 로봇은 인간에게 복종해야만 한다.#@문장구분# 인간이 못하는 일이 많은데 앞으론 인간이 못하는일이 로봇이 전부 대처할것이다. #@문장구분#그럼 많은 문제점이 나타난다. #@문장구분#일자리 문제등 많은 일들을 고려해야 할것이다. 이상이다.#@문장구분#",
      "paragraph_len": 866,
      "paragraph_id": "001"
    }
  ],
  "score": {
    "paragraph_score": [
      {
        "paragraph_scoreT": [
          2,
          2.8333333,
          2
        ],
        "paragraph_scoreT_detail": {
          "paragraph_scoreT_exp": [
            [
              2,
              2,
              2
            ],
            [
              3,
              3,
              2
            ],
            [
              2,
              2,
              2
            ]
          ]
        },
        "paragraph_scoreT_avg": 2.2777777,
        "paragraph_id": "001"
      }
    ],
    "essay_scoreT": [
      19.777779,
      26,
      17.777779
    ],
    "essay_scoreT_avg": 21.185186,
    "essay_scoreT_detail": {
      "essay_scoreT_org": [
        [
          2,
          2,
          2,
          1
        ],
        [
          2,
          3,
          3,
          1
        ],
        [
          2,
          2,
          2,
          1
        ]
      ],
      "essay_scoreT_cont": [
        [
          2,
          2,
          0,
          2
        ],
        [
          3,
          2,
          0,
          2
        ],
        [
          2,
          1,
          0,
          1
        ]
      ],
      "essay_scoreT_exp": [
        [
          2,
          2,
          2
        ],
        [
          3,
          3,
          2
        ],
        [
          2,
          2,
          2
        ]
      ]
    }
  },
  "student": {
    "date": "2021.09.13",
    "student_educated": true,
    "student_grade": "고등_1학년",
    "location": "063",
    "student_grade_group": "고등",
    "student_reading": 1
  },
  "rubric": {
    "essay_grade": "고등_1학년",
    "organization_weight": {
      "org_paragraph": 2,
      "org": 2,
      "org_essay": 4,
      "org_coherence": 2,
      "org_quantity": 1
    },
    "essay_type": "설명글",
    "content_weight": {
      "con_clearance": 4,
      "con_novelty": 3,
      "con": 4,
      "con_prompt": 0,
      "con_description": 1
    },
    "essay_main_subject": "영화/독서감상문",
    "expression_weight": {
      "exp_style": 1,
      "exp_grammar": 2,
      "exp_vocab": 3,
      "exp": 4
    }
  },
  "correction": [],
  "info": {
    "essay_id": "ESSAY_34428",
    "essay_prompt": " 영화에는 로맨스, 액션, 스릴러 등 정말 많은 장르가 있습니다. 사람마다 좋아하는 장르가 있고 절대 보지 않는 장르도 있습니다.\r\n\r\n 독서도 마찬가지입니다. 소설, 수필, 시, 만화, 위인전 등 여러가지 장르가 있습니다.\r\n\r\n 여러분은 어떤 장르를 좋아하나요? 그리고 해당 장르에서 가장 재미있게 봤던 영화나 책은 무엇인가요?\r\n\r\n 자신이 봤던 영화 혹은 책을 한 편 선정하여 주제와 내용 그리고 느낀점을 감상문으로 작성해주세요.",
    "essay_type": "설명글",
    "essay_level": "3",
    "essay_len": 467,
    "essay_main_subject": "영화/독서감상문"
  }
}