{
  "paragraph": [
    {
      "paragraph_txt": "내가 가장 최근에 본 영화는 디즈니에서 만든 '크루엘라'라는 영화다.#@문장구분# 크루엘라는 '101마리 달마시안'에 나오는 빌런의 역할로 그 101마리 달마시안에 나오는 모습으로는 담배를 뻑뻑 피고 달마시안의 가죽으로 만든 모피 코트를 입고 있으며, 머리카락의 색이 한 쪽은 검정색  한 쪽은 하얀색인 특이한 머리카락을 가지고 있다. 그리고 상당히 노안이다.#@문장구분#\n 101마리 달마시안에서는 달마시안들의 가죽으로 옷을 만들어 입으려는 잔인한 빌런이지만 이 크루엘라에서는어찌하여 그녀가 그렇게 잔인한 빌런이 되었는지 과거사를 다루고 있다.#@문장구분# 줄거리를 간단하게 줄이자면 이렇다.#@문장구분# 크루엘라가 태어났을 때 그녀는 친모에게 버려지게 되고 다른 사람에게 키워진다.#@문장구분# 그런데 친모가 자신을 키워준 사람을 죽이자 그녀는 다른 두 고아 아이들과 길거리에서 돈을 훔치며 살아가게 된다.#@문장구분# 그렇게 시간이 흘렀을 때 크루엘라는 남작 부인이라는 패션계에서 아주 유명한 사람과 함께 일하며 자신의 패션 재능을 발휘하게 된다.#@문장구분# 그러다가 남작 부인이 사실 그녀의 친모인 걸 알고 남작 부인에게 복수하는 내용이 이 크루엘라의 내용이다.#@문장구분#\n 이 영화는 패션에 관한 내용이 많이 들어 있어서 그런지 작중 인물들이 입는 옷들이 정말 다 화려하고 세련되며 아름다운 것들이 많다.#@문장구분# 또 이상한 나라의 앨리스에 나오는 하트 여왕을 따라 입은 옷이나 쓰레기로 만든 드레스, 나방의 번데기로 만든 옷같이 특이한 옷으로 경이로운 패션의 세계를 잠깐 맛볼 수 있었다.#@문장구분# 그리고 크루엘라는 음향에 신경을 엄청 써서 노래도 많이 나오는데 이 노래가 20세기 말 영국의 음악과 옛 바로크 시대의 음악을 잘 표현한 것 같다.#@문장구분# 장면 중간중간 지루해질 틈을 안 주는 클래식한 노래가 정말 인상 깊었다.#@문장구분# 이 노래는 내가 영화에서 들었던 노래 중 가장 마음에 들어 하는 노래다.#@문장구분#",
      "paragraph_len": 1149,
      "paragraph_id": "001"
    }
  ],
  "score": {
    "paragraph_score": [
      {
        "paragraph_scoreT": [
          2.8333333,
          2.8333333,
          2
        ],
        "paragraph_scoreT_detail": {
          "paragraph_scoreT_exp": [
            [
              3,
              3,
              2
            ],
            [
              3,
              3,
              2
            ],
            [
              2,
              2,
              2
            ]
          ]
        },
        "paragraph_scoreT_avg": 2.5555556,
        "paragraph_id": "001"
      }
    ],
    "essay_scoreT": [
      27.61111,
      27.61111,
      24.666666
    ],
    "essay_scoreT_avg": 26.62963,
    "essay_scoreT_detail": {
      "essay_scoreT_org": [
        [
          3,
          3,
          3,
          2
        ],
        [
          3,
          3,
          3,
          2
        ],
        [
          2,
          2,
          3,
          3
        ]
      ],
      "essay_scoreT_cont": [
        [
          3,
          2,
          0,
          3
        ],
        [
          3,
          2,
          0,
          3
        ],
        [
          3,
          3,
          0,
          3
        ]
      ],
      "essay_scoreT_exp": [
        [
          3,
          3,
          2
        ],
        [
          3,
          3,
          2
        ],
        [
          2,
          2,
          2
        ]
      ]
    }
  },
  "student": {
    "date": "2021.09.13",
    "student_educated": true,
    "student_grade": "고등_1학년",
    "location": "051",
    "student_grade_group": "고등",
    "student_reading": 1
  },
  "rubric": {
    "essay_grade": "고등_1학년",
    "organization_weight": {
      "org_paragraph": 2,
      "org": 2,
      "org_essay": 4,
      "org_coherence": 2,
      "org_quantity": 1
    },
    "essay_type": "설명글",
    "content_weight": {
      "con_clearance": 4,
      "con_novelty": 3,
      "con": 4,
      "con_prompt": 0,
      "con_description": 1
    },
    "essay_main_subject": "영화/독서감상문",
    "expression_weight": {
      "exp_style": 1,
      "exp_grammar": 2,
      "exp_vocab": 3,
      "exp": 4
    }
  },
  "correction": [],
  "info": {
    "essay_id": "ESSAY_33967",
    "essay_prompt": " 영화에는 로맨스, 액션, 스릴러 등 정말 많은 장르가 있습니다. 사람마다 좋아하는 장르가 있고 절대 보지 않는 장르도 있습니다.\r\n\r\n 독서도 마찬가지입니다. 소설, 수필, 시, 만화, 위인전 등 여러가지 장르가 있습니다.\r\n\r\n 여러분은 어떤 장르를 좋아하나요? 그리고 해당 장르에서 가장 재미있게 봤던 영화나 책은 무엇인가요?\r\n\r\n 자신이 봤던 영화 혹은 책을 한 편 선정하여 주제와 내용 그리고 느낀점을 감상문으로 작성해주세요.",
    "essay_type": "설명글",
    "essay_level": "3",
    "essay_len": 890,
    "essay_main_subject": "영화/독서감상문"
  }
}