{
  "paragraph": [
    {
      "paragraph_txt": "어바웃 타임이라는 영화를 본 후 책으로 이 내용을 보면 더 뜻깊을것같아 책을 구매해서 읽어보았다.#@문장구분# 시간을 되돌릴수 있다는 건 정말 신이 내린 축복이 아닐수 없다고 생각한다.#@문장구분# 모태솔로 팀은 성인이 된날, 아버지로부터 놀랄만한 가문의 비밀을 듣게 된다.#@문장구분# 바로 시간을 되돌릴 수 있는 능력이 있다는 것!#@문장구분# 그것이 비록 히틀러를 죽이거나 여신과 뜨거운 사랑을 할수 는 없지만, 여자친구는 만들어 줄 순있으리...#@문장구분# 꿈을 위해 런던으로 간 팀은 우연히 만난 사랑스러운 여인 메리에게 첫눈에 반하게 된다.#@문장구분# 그녀의 사랑을 얻기위해 자신의 특별한 능력을 마음껏 발휘하는 팀 어설픈대시, 어색한 웃음은 리와인드 되었고 뜨거웠던 밤은 더욱 뜨겁게 리플레이 된다.#@문장구분# 꿈에 그리던그녀와 매일매일 최고의 순간을 보낸다.#@문장구분# 하지만 그와 그녀의 사랑이 완벽해 질수록 팀을 둘러싼 주변 상황들은 미묘하게 엇갈리고, 예상치못한 사건들이 여기저기서 나타나기 시작한다.#@문장구분# 개인적으로 어바웃타임을 영화로 보았을때는 남녀간의 사랑을 타임슬립이라는 능력을 통해 재밌게 풀어낸 영화라고 생각을했다.#@문장구분# 하지만 영화 후반부의 팀의 아버지와 팀이 어린시절로 타임슬립을 하여 시한부 판정을 받은 아버지와 함께 생에 가장 좋았던 기억이 있었던 곳에서 마지막을 보낸다.#@문장구분# 그장면에서 팀이 아버지를 얼마나 사랑하고 위하는지 또 그의 아버지또한 아들을 얼마나 아끼고 사랑하는지를 알수있었던 부분이었다.#@문장구분# 사랑의 이야기인줄만 알았던 영화의 내용을 책을 통해 새롭게 알게된점이 생긴것에 감사하다고 느낀다.#@문장구분#",
      "paragraph_len": 1005,
      "paragraph_id": "001"
    }
  ],
  "score": {
    "paragraph_score": [
      {
        "paragraph_scoreT": [
          3,
          2.8333333,
          2
        ],
        "paragraph_scoreT_detail": {
          "paragraph_scoreT_exp": [
            [
              3,
              3,
              3
            ],
            [
              3,
              3,
              2
            ],
            [
              2,
              2,
              2
            ]
          ]
        },
        "paragraph_scoreT_avg": 2.611111,
        "paragraph_id": "001"
      }
    ],
    "essay_scoreT": [
      30,
      25.777779,
      22.722221
    ],
    "essay_scoreT_avg": 26.166666,
    "essay_scoreT_detail": {
      "essay_scoreT_org": [
        [
          3,
          3,
          3,
          3
        ],
        [
          2,
          2,
          3,
          2
        ],
        [
          2,
          2,
          2,
          3
        ]
      ],
      "essay_scoreT_cont": [
        [
          3,
          3,
          0,
          3
        ],
        [
          3,
          2,
          0,
          2
        ],
        [
          3,
          2,
          0,
          3
        ]
      ],
      "essay_scoreT_exp": [
        [
          3,
          3,
          3
        ],
        [
          3,
          3,
          2
        ],
        [
          2,
          2,
          2
        ]
      ]
    }
  },
  "student": {
    "date": "2021.09.13",
    "student_educated": true,
    "student_grade": "고등_1학년",
    "location": "063",
    "student_grade_group": "고등",
    "student_reading": 2
  },
  "rubric": {
    "essay_grade": "고등_1학년",
    "organization_weight": {
      "org_paragraph": 2,
      "org": 2,
      "org_essay": 4,
      "org_coherence": 2,
      "org_quantity": 1
    },
    "essay_type": "설명글",
    "content_weight": {
      "con_clearance": 4,
      "con_novelty": 3,
      "con": 4,
      "con_prompt": 0,
      "con_description": 1
    },
    "essay_main_subject": "영화/독서감상문",
    "expression_weight": {
      "exp_style": 1,
      "exp_grammar": 2,
      "exp_vocab": 3,
      "exp": 4
    }
  },
  "correction": [],
  "info": {
    "essay_id": "ESSAY_34326",
    "essay_prompt": " 영화에는 로맨스, 액션, 스릴러 등 정말 많은 장르가 있습니다. 사람마다 좋아하는 장르가 있고 절대 보지 않는 장르도 있습니다.\r\n\r\n 독서도 마찬가지입니다. 소설, 수필, 시, 만화, 위인전 등 여러가지 장르가 있습니다.\r\n\r\n 여러분은 어떤 장르를 좋아하나요? 그리고 해당 장르에서 가장 재미있게 봤던 영화나 책은 무엇인가요?\r\n\r\n 자신이 봤던 영화 혹은 책을 한 편 선정하여 주제와 내용 그리고 느낀점을 감상문으로 작성해주세요.",
    "essay_type": "설명글",
    "essay_level": "3",
    "essay_len": 745,
    "essay_main_subject": "영화/독서감상문"
  }
}