{
  "paragraph": [
    {
      "paragraph_txt": "벌들 사이에 일벌들이 구체적으로 어떤 이은 하는지 알아보기위해 읽게되었다.#@문장구분#\n벌들 중에는 많은 일을 분담하여 생활을 꾸려나가는데, 특히나 내 눈에는 벌집 바깥에서 일하는 벌이 인상깊게 다가왔다.#@문장구분# 모든 일이 중요하지만 바깥에서 일하는 벌의 다른 동물로부터 집을 보호하기, 꽃에서 꾸를 가져오기 등 이런 부분들이 성실하다고 생각했다.#@문장구분# 수컷 벌들이 드존이라 불리며, 여왕벌의 알을 부역할을 하는데 알을 돌보는 만큼 중요한 일을 하는 것 같지만, 약 백마리 정도 뿐이고 일벌들은 보통 천 마리에 해당하는 것을 보아 더 중요하다는 것을 알 수 있었고 일벌들의 성실함을 배울 수 있었다.#@문장구분#",
      "paragraph_len": 401,
      "paragraph_id": "001"
    }
  ],
  "score": {
    "paragraph_score": [
      {
        "paragraph_scoreT": [
          2,
          2,
          1.8333334
        ],
        "paragraph_scoreT_detail": {
          "paragraph_scoreT_exp": [
            [
              2,
              2,
              2
            ],
            [
              2,
              2,
              2
            ],
            [
              2,
              2,
              1
            ]
          ]
        },
        "paragraph_scoreT_avg": 1.9444445,
        "paragraph_id": "001"
      }
    ],
    "essay_scoreT": [
      19.277779,
      19.777779,
      18.61111
    ],
    "essay_scoreT_avg": 19.222223,
    "essay_scoreT_detail": {
      "essay_scoreT_org": [
        [
          2,
          2,
          2,
          1
        ],
        [
          2,
          2,
          2,
          1
        ],
        [
          2,
          2,
          2,
          1
        ]
      ],
      "essay_scoreT_cont": [
        [
          2,
          2,
          0,
          1
        ],
        [
          2,
          2,
          0,
          2
        ],
        [
          2,
          2,
          0,
          1
        ]
      ],
      "essay_scoreT_exp": [
        [
          2,
          2,
          2
        ],
        [
          2,
          2,
          2
        ],
        [
          2,
          2,
          1
        ]
      ]
    }
  },
  "student": {
    "date": "2021.09.07",
    "student_educated": true,
    "student_grade": "고등_1학년",
    "location": "051",
    "student_grade_group": "고등",
    "student_reading": 1
  },
  "rubric": {
    "essay_grade": "고등_1학년",
    "organization_weight": {
      "org_paragraph": 2,
      "org": 2,
      "org_essay": 4,
      "org_coherence": 2,
      "org_quantity": 1
    },
    "essay_type": "설명글",
    "content_weight": {
      "con_clearance": 4,
      "con_novelty": 3,
      "con": 4,
      "con_prompt": 0,
      "con_description": 1
    },
    "essay_main_subject": "영화/독서감상문",
    "expression_weight": {
      "exp_style": 1,
      "exp_grammar": 2,
      "exp_vocab": 3,
      "exp": 4
    }
  },
  "correction": [],
  "info": {
    "essay_id": "ESSAY_34161",
    "essay_prompt": " 영화에는 로맨스, 액션, 스릴러 등 정말 많은 장르가 있습니다. 사람마다 좋아하는 장르가 있고 절대 보지 않는 장르도 있습니다.\r\n\r\n 독서도 마찬가지입니다. 소설, 수필, 시, 만화, 위인전 등 여러가지 장르가 있습니다.\r\n\r\n 여러분은 어떤 장르를 좋아하나요? 그리고 해당 장르에서 가장 재미있게 봤던 영화나 책은 무엇인가요?\r\n\r\n 자신이 봤던 영화 혹은 책을 한 편 선정하여 주제와 내용 그리고 느낀점을 감상문으로 작성해주세요.",
    "essay_type": "설명글",
    "essay_level": "3",
    "essay_len": 323,
    "essay_main_subject": "영화/독서감상문"
  }
}