{
  "paragraph": [
    {
      "paragraph_txt": "이책은 인도의 우화와 이야기 100편을 모아 만든 책으로 역시 작가인 류시화의 안목을 다시 한번 확인했던 책이다.#@문장구분# 오랜 역사를 가진 인도인의 지혜가 등뿍 담긴 이야기 속에서 단연 나의 눈을 끈 이야기는 그이름 바이티 라는 이야기 였다.#@문장구분# 이 이야기에 대해 소개하자 면 다음과 같다.#@문장구분# \n인도에 바차스파티라는 학자가 있었다.#@문장구분# 그는 인도 사상의 근본 경전 중 하나인 브라흐마 수트라 연구에 평생을 바쳐 주석서를 쓴사람으로 유명하다.#@문장구분# 바차스파티는 젊었을 때 부터 경전의 주석서를 쓰는 일에만 몰두 하였고 삶의 최종 목표로 삼았다.#@문장구분# 그의 부모님이 이웃마을의 처녀와 결혼을 시키려 했을때도 그는 경전연구에만 몰입하고 싶다고 받아들이지 않았지만 처녀는 어떤 조건이든 받아들이 겠다고 하며 결혼하게 되었다.#@문장구분# 그여자가 바로 바마티 이다.#@문장구분# 어떤기대나 요구없이 그림자 처럼 평생을 뒷바라지를 한 여인에게 큰감동을 느낀 바차스파티는 마침내 주석서를 끝내게 되었고 인도의 법칙에따라 구도자의 길을 걷기 위해 집을 나서야했다.#@문장구분# 바마티는 아무 죄책감없이 떠나주는것이 나의 애정이 부족하지 않았던 증거가 될것이라고 말하며 그를 보내주었다.#@문장구분# 그는 크게 감동하며 평생을 바친 주석서의 이름을 바마티로 짓고 평생의 목표와 작업모두를 그의 아내 바마티에 관한 제목으로 다지은후 떠났다.#@문장구분#",
      "paragraph_len": 862,
      "paragraph_id": "001"
    }
  ],
  "score": {
    "paragraph_score": [
      {
        "paragraph_scoreT": [
          2,
          1.8333334,
          1.8333334
        ],
        "paragraph_scoreT_detail": {
          "paragraph_scoreT_exp": [
            [
              2,
              2,
              2
            ],
            [
              2,
              2,
              1
            ],
            [
              2,
              2,
              1
            ]
          ]
        },
        "paragraph_scoreT_avg": 1.888889,
        "paragraph_id": "001"
      }
    ],
    "essay_scoreT": [
      12.944445,
      16.944445,
      17.944445
    ],
    "essay_scoreT_avg": 15.944446,
    "essay_scoreT_detail": {
      "essay_scoreT_org": [
        [
          1,
          1,
          2,
          1
        ],
        [
          1,
          2,
          2,
          2
        ],
        [
          1,
          2,
          2,
          2
        ]
      ],
      "essay_scoreT_cont": [
        [
          1,
          0,
          0,
          1
        ],
        [
          2,
          1,
          0,
          2
        ],
        [
          2,
          2,
          0,
          1
        ]
      ],
      "essay_scoreT_exp": [
        [
          2,
          2,
          2
        ],
        [
          2,
          2,
          1
        ],
        [
          2,
          2,
          1
        ]
      ]
    }
  },
  "student": {
    "date": "2021.09.07",
    "student_educated": true,
    "student_grade": "고등_1학년",
    "location": "051",
    "student_grade_group": "고등",
    "student_reading": 1
  },
  "rubric": {
    "essay_grade": "고등_1학년",
    "organization_weight": {
      "org_paragraph": 2,
      "org": 2,
      "org_essay": 4,
      "org_coherence": 2,
      "org_quantity": 1
    },
    "essay_type": "설명글",
    "content_weight": {
      "con_clearance": 4,
      "con_novelty": 3,
      "con": 4,
      "con_prompt": 0,
      "con_description": 1
    },
    "essay_main_subject": "영화/독서감상문",
    "expression_weight": {
      "exp_style": 1,
      "exp_grammar": 2,
      "exp_vocab": 3,
      "exp": 4
    }
  },
  "correction": [],
  "info": {
    "essay_id": "ESSAY_34604",
    "essay_prompt": " 영화에는 로맨스, 액션, 스릴러 등 정말 많은 장르가 있습니다. 사람마다 좋아하는 장르가 있고 절대 보지 않는 장르도 있습니다.\r\n\r\n 독서도 마찬가지입니다. 소설, 수필, 시, 만화, 위인전 등 여러가지 장르가 있습니다.\r\n\r\n 여러분은 어떤 장르를 좋아하나요? 그리고 해당 장르에서 가장 재미있게 봤던 영화나 책은 무엇인가요?\r\n\r\n 자신이 봤던 영화 혹은 책을 한 편 선정하여 주제와 내용 그리고 느낀점을 감상문으로 작성해주세요.",
    "essay_type": "설명글",
    "essay_level": "3",
    "essay_len": 642,
    "essay_main_subject": "영화/독서감상문"
  }
}