{
  "paragraph": [
    {
      "paragraph_txt": "최근은 아니지만, 과거 흥미롭게 봤던 영화 '가구야 공주'에 대해 써보고자 한다.#@문장구분# 지브리 스튜디오에서 만든 애니메이션 영화로, 일본의 설화 가구야 공주를 영화화 한 것이다.#@문장구분# 그렇기에 우리가 흔히 알고 있는 애니메이션 그림이 아닌, 전통 수묵화풍 그림체를 가지고 있어 꽤나 독특하다.#@문장구분# 영화를 보는 내내 한편의 동화책을 보는 것 같아 좋은 경험을 하였다.#@문장구분# 줄거리를 간단하게 요약하자면, 애를 가지지 못하던 노부부는 우연히 대나무에서 소녀를 발견하고, 신의 아이라 생각한 그들은 또다른 대나무에서 나온 값비싼 물건들을 가지고 도성으로 가 거대한 저택을 짓고 소녀 가구야 공주를 완벽한 아가씨로 키우며 일어나는 일을 담은 이야기이다.#@문장구분# 도성에 가 아가씨 교육을 받지만, 가구야 공주는 어렸을 때, 숲에서 친구들과 뛰어놀던 것을 그리워한다.#@문장구분# 하지만 할아버지는 이를 무시하고 완벽한 아가씨에 집착하며 가구야 공주는 괴로워하는 게 주가 된다. #@문장구분#우선 이 영화를 보고 느낀 것은 재미가 없었다.#@문장구분# 즉 몰입이 잘 되지 않았다.#@문장구분# 가구야 공주가 어렸을 땐 이렇게 행복했는데, 이제는 행복하지 않아.. #@문장구분#사회는 그녀에게 사회에서의 올바름을 강요해!#@문장구분# 너무 불쌍하지 않아?#@문장구분# 이런 말을 하는 것 같았다. #@문장구분#불쌍하긴 불상하다.#@문장구분# 하지만 불쌍한 정도는 TV에서 유니세프 광고 정도였다. #@문장구분#그녀가 불쌍하다고 느껴질 만한 일들을 중반부부터 나열하는데, 그녀가 즐거웠던 과거와의 대비가 잘 안 이루어졌고, 불행한 사건이 점점 커져야 하는데, 그 정도가 미미하여 점층적인 갈등 고조가 아닌 단순한 나열이 되었다. #@문장구분#게다가 중간에 갈등의 절정이 일어나는데, 너무 일찍 일어나 그 후의 사건들은 인상 깊게 다가오지 못했다.#@문장구분# 그리고 엔딩이다.#@문장구분# 엔딩을 봤을 때 이게 뭐지.. 라는 생각이 들었다. #@문장구분#그리고 인터넷에서 해석을 보고는 비로서 이해할 수 있었다.#@문장구분# 나 말고도 많은 사람들이 엔딩에 의문을 가졌는데, 관객들로 하여금 자유로운 해석을 하라고 한 것 같은데... #@문장구분#우선 엔딩을 유추하기에 단서가 적었다는 점. #@문장구분#스포일러를 조금 하자면, 그녀가 달나라에 돌아간 것이 갑작스럽게 일어나 이미 가구야 공주 이야기를 아는 사람들만 한번에 이해할 수 있을 것 같았다.#@문장구분# 즉 엔딩이 직관적이지 않았고, 떡밥(단서)은 애기였을 때 자신도 모르게 불렀던 노래, 엔딩 바로 전 들리던 환청 밖에 없었다. #@문장구분#해석 여지를 좀 줄여도 되니 직관적인 엔딩이었으면 좋았을 것 같다.#@문장구분# 그렇게 엔딩의 직관성과 갈등을 주는 방식이 아쉬운, 당시 억압받던 여성상을 잘 다룬 애니메이션 영화! 라고 결론 지으려 했다만.. #@문장구분#영상을 올리니(https://www.youtube.com/watch?v=UWFUkp6GBjw&t=83s)-전에 영상을 올렸는데, 한창 잘 가다 저작권에 의해 내려감.#@문장구분# 댓글에 뜬금없이 여성 혐오에 대한 얘기가 나왔다. #@문장구분#사실 아예 예상치 못했던 것은 아니었다. #@문장구분#영상 대본 작성 과정에서 젠더 문제가 생기겠구만.. 생각은 했는데 이리 싸울 줄은 몰랐다.#@문장구분# 덕분에 여성 혐오란 여성에 대한 모든 부정적인 것이라는 걸 알았다.#@문장구분# 일단 해당 댓글은 삭제했는데, 그저 작품으로써, 당시 억압받는 여성의 삶 정도로 받아들여졌으면 했는데 이리 심해진 것에 대해선 걱정되었다.#@문장구분# 작품이 대놓고 잘못된 정보를 주면 모를까, 그 외 다른 용도로 의미를 해석해서 쓰진 않았으면 한다. #@문장구분#이런 사건 때문에 나한테는 별로 마음에 안 들었지만 기억에 남는 작품이 되었다.#@문장구분#",
      "paragraph_len": 2338,
      "paragraph_id": "001"
    }
  ],
  "score": {
    "paragraph_score": [
      {
        "paragraph_scoreT": [
          3,
          2.8333333,
          2
        ],
        "paragraph_scoreT_detail": {
          "paragraph_scoreT_exp": [
            [
              3,
              3,
              3
            ],
            [
              3,
              3,
              2
            ],
            [
              2,
              2,
              2
            ]
          ]
        },
        "paragraph_scoreT_avg": 2.611111,
        "paragraph_id": "001"
      }
    ],
    "essay_scoreT": [
      30,
      25.055555,
      23.166666
    ],
    "essay_scoreT_avg": 26.074074,
    "essay_scoreT_detail": {
      "essay_scoreT_org": [
        [
          3,
          3,
          3,
          3
        ],
        [
          2,
          2,
          2,
          3
        ],
        [
          2,
          2,
          3,
          3
        ]
      ],
      "essay_scoreT_cont": [
        [
          3,
          3,
          0,
          3
        ],
        [
          2,
          3,
          0,
          2
        ],
        [
          3,
          2,
          0,
          3
        ]
      ],
      "essay_scoreT_exp": [
        [
          3,
          3,
          3
        ],
        [
          3,
          3,
          2
        ],
        [
          2,
          2,
          2
        ]
      ]
    }
  },
  "student": {
    "date": "2021.09.03",
    "student_educated": true,
    "student_grade": "고등_1학년",
    "location": "051",
    "student_grade_group": "고등",
    "student_reading": 1
  },
  "rubric": {
    "essay_grade": "고등_1학년",
    "organization_weight": {
      "org_paragraph": 2,
      "org": 2,
      "org_essay": 4,
      "org_coherence": 2,
      "org_quantity": 1
    },
    "essay_type": "설명글",
    "content_weight": {
      "con_clearance": 4,
      "con_novelty": 3,
      "con": 4,
      "con_prompt": 0,
      "con_description": 1
    },
    "essay_main_subject": "영화/독서감상문",
    "expression_weight": {
      "exp_style": 1,
      "exp_grammar": 2,
      "exp_vocab": 3,
      "exp": 4
    }
  },
  "correction": [],
  "info": {
    "essay_id": "ESSAY_34268",
    "essay_prompt": " 영화에는 로맨스, 액션, 스릴러 등 정말 많은 장르가 있습니다. 사람마다 좋아하는 장르가 있고 절대 보지 않는 장르도 있습니다.\r\n\r\n 독서도 마찬가지입니다. 소설, 수필, 시, 만화, 위인전 등 여러가지 장르가 있습니다.\r\n\r\n 여러분은 어떤 장르를 좋아하나요? 그리고 해당 장르에서 가장 재미있게 봤던 영화나 책은 무엇인가요?\r\n\r\n 자신이 봤던 영화 혹은 책을 한 편 선정하여 주제와 내용 그리고 느낀점을 감상문으로 작성해주세요.",
    "essay_type": "설명글",
    "essay_level": "3",
    "essay_len": 1655,
    "essay_main_subject": "영화/독서감상문"
  }
}