{
  "paragraph": [
    {
      "paragraph_txt": "제목: 영화 감상문: 제8일의 밤#@문장구분#\n이 영화는 김태형 감독님의 작품으로 이성민 배우님, 박해준 배우님, 김유정 배우님 등 많은 유명한 배우님들이 주연을 맡으신 미스터리, 스릴러 장르의 15세 관람가의 공포 영화이다.#@문장구분# 러닝 타임은 115분으로 영화치곤 긴 편은 아니다.#@문장구분# 이 영화의 줄거리는 붉은 달이 뜨는 밤, 봉인에서 풀려난 '붉은 눈'이라는 존재가 7개의 징검다리(사람)를 밟고 자신의 반쪽인 '검은 눈'을 찾으러 간다.#@문장구분#\n그리고 마지막 밤인 제8일의 밤이 되었을 때 그 둘이 만나 하나의 존재가 되게 된다면 이 세계는 어둠과 고통만이 존재하는 세상이 되게 된다.#@문장구분# 그리하여 스님인 '선화'와 그의 조수가 된 묵언 수행 중인 '청석'이 이 '붉은 눈'과 '검은 눈'이라는 존재가 서로 만날 수 없도록 봉인에서 풀려난 '붉은 눈'의 숙주가 된 7개의 징검다리(사람)를 지나 8번째 '애란'에게 가기 전에 징검다리(사람)를 끊기 위해 '붉은 눈'보다 먼저 '애란'을 찾아내 '붉은 눈'이 '애란'에게 들어가기 전에 '애란'을 죽여서 '붉은 눈'이 '검은 눈'과 만나지 못하게 해야 하지만 '창석' 의 실수와 '붉은 눈'에게 희생당한 피해자를 '선화'가 용의자로 의심받아 형사인 '호태'의 방해로 결국 '붉은 눈'과 '검은 눈'이 만나게 되면서 그 존재를 봉인하는 내용의 영화이다.#@문장구분# 이 영화는 관객들에게 좋은 평가를 받지는 못한 영화인데 그 이유는 스토리의 정확한 갈피를 찾을수 없고 내용이 많이 심오하며 지루하기 때문이라고 한다.#@문장구분# 내가 느끼기에도 핵심 주제와 이야기의 갈피를 찾을수 없었던 것 같다.#@문장구분# 하지만 심오한 내용의 영화나 미스터리, 스릴러 장르를 좋아하는 사람이나 영화를 해석하면서 보는 것을 좋아하는 사람들에게는 이 영화를 추천해주고 싶다.#@문장구분# 이영화는 넷플릭스의 오리지널 시리즈이므로 오직 넷플릭스에서만 볼 수 있다.#@문장구분# 심심하거나 할일이 없는 상황에서 아무생각 없이 보면 괜찮을 것 같다.#@문장구분#",
      "paragraph_len": 1164,
      "paragraph_id": "001"
    }
  ],
  "score": {
    "paragraph_score": [
      {
        "paragraph_scoreT": [
          2,
          3,
          1.8333334
        ],
        "paragraph_scoreT_detail": {
          "paragraph_scoreT_exp": [
            [
              2,
              2,
              2
            ],
            [
              3,
              3,
              3
            ],
            [
              2,
              2,
              1
            ]
          ]
        },
        "paragraph_scoreT_avg": 2.277778,
        "paragraph_id": "001"
      }
    ],
    "essay_scoreT": [
      20,
      27.777779,
      18.277779
    ],
    "essay_scoreT_avg": 22.018518,
    "essay_scoreT_detail": {
      "essay_scoreT_org": [
        [
          2,
          2,
          2,
          2
        ],
        [
          3,
          3,
          3,
          2
        ],
        [
          2,
          2,
          3,
          2
        ]
      ],
      "essay_scoreT_cont": [
        [
          2,
          2,
          0,
          2
        ],
        [
          3,
          2,
          0,
          2
        ],
        [
          2,
          1,
          0,
          2
        ]
      ],
      "essay_scoreT_exp": [
        [
          2,
          2,
          2
        ],
        [
          3,
          3,
          3
        ],
        [
          2,
          2,
          1
        ]
      ]
    }
  },
  "student": {
    "date": "2021.08.15",
    "student_educated": true,
    "student_grade": "고등_1학년",
    "location": "051",
    "student_grade_group": "고등",
    "student_reading": 2
  },
  "rubric": {
    "essay_grade": "고등_1학년",
    "organization_weight": {
      "org_paragraph": 2,
      "org": 2,
      "org_essay": 4,
      "org_coherence": 2,
      "org_quantity": 1
    },
    "essay_type": "설명글",
    "content_weight": {
      "con_clearance": 4,
      "con_novelty": 3,
      "con": 4,
      "con_prompt": 0,
      "con_description": 1
    },
    "essay_main_subject": "영화/독서감상문",
    "expression_weight": {
      "exp_style": 1,
      "exp_grammar": 2,
      "exp_vocab": 3,
      "exp": 4
    }
  },
  "correction": [],
  "info": {
    "essay_id": "ESSAY_34068",
    "essay_prompt": " 영화에는 로맨스, 액션, 스릴러 등 정말 많은 장르가 있습니다. 사람마다 좋아하는 장르가 있고 절대 보지 않는 장르도 있습니다.\r\n\r\n 독서도 마찬가지입니다. 소설, 수필, 시, 만화, 위인전 등 여러가지 장르가 있습니다.\r\n\r\n 여러분은 어떤 장르를 좋아하나요? 그리고 해당 장르에서 가장 재미있게 봤던 영화나 책은 무엇인가요?\r\n\r\n 자신이 봤던 영화 혹은 책을 한 편 선정하여 주제와 내용 그리고 느낀점을 감상문으로 작성해주세요.",
    "essay_type": "설명글",
    "essay_level": "3",
    "essay_len": 944,
    "essay_main_subject": "영화/독서감상문"
  }
}