{
  "paragraph": [
    {
      "paragraph_txt": "영화를 보지 않은 지 되게 오래 됐는데 집에서 가족들이랑 다같이 본 최근 영화는 \"발신제한\"이라는 영화이다.#@문장구분# 영화관에 가서 보고싶었는데 코로나 때문에 미루고 미루다가 결국 집에서 보게되었다.#@문장구분# 이 영화의 줄거리는 과거 본사에서 일하기 전 성규는 상부의 지시대로 은행에게 불리하게 돌아갈 수 있는 자료들을 폐기하고 있었는데 그 은행에게 피해를 입은 사람들 중 한 명이었고 그 여성이 끝까지 성규에게 대처법을 알려달라고 했지만 모르는 척 한 성규를 두고 절망에 빠진 여성의 남편이 후에 성규의 차에 폭탄을 설치하고 돈을 요구하며 협박하는 내용이다.#@문장구분# 나는 이 영화를 보자마자 \"인과응보\"라는 사자성어가 떠올랐다.#@문장구분# 과거에 지은 선악에 따라 현재의 행과 불행이 있는 일.#@문장구분# 결국 성규는 과거에 자신이 저질렀던 행위를 미래에 그대로 돌려받은 것 밖에 안된다.#@문장구분# \"인과응보\"가 내 주변에서 일어나는 일도 많이 봤고 내가 당했던 적도 있어서 영화를 보는데 더 공감하면서 볼 수 있었던 것 같다.#@문장구분# 그리고 영화의 배경이 부산 해운대여서 보는 내내 익숙한 장소가 나와 내용에 더 몰입할 수 있었다.#@문장구분# 과거에 한 행동이 미래에 그대로 돌아온다는 말이 속담으로만 있는 줄 알았는데 직접 당해보고 또 직접 보니 앞으로의 행실을 조심해야겠다는 생각이 제일 많이 들었던 영화같다.#@문장구분#",
      "paragraph_len": 820,
      "paragraph_id": "001"
    }
  ],
  "score": {
    "paragraph_score": [
      {
        "paragraph_scoreT": [
          3,
          2.5,
          1.8333334
        ],
        "paragraph_scoreT_detail": {
          "paragraph_scoreT_exp": [
            [
              3,
              3,
              3
            ],
            [
              2,
              3,
              2
            ],
            [
              2,
              2,
              1
            ]
          ]
        },
        "paragraph_scoreT_avg": 2.4444444,
        "paragraph_id": "001"
      }
    ],
    "essay_scoreT": [
      30,
      26.88889,
      22.277779
    ],
    "essay_scoreT_avg": 26.388891,
    "essay_scoreT_detail": {
      "essay_scoreT_org": [
        [
          3,
          3,
          3,
          3
        ],
        [
          2,
          3,
          3,
          2
        ],
        [
          2,
          2,
          3,
          2
        ]
      ],
      "essay_scoreT_cont": [
        [
          3,
          3,
          0,
          3
        ],
        [
          3,
          3,
          0,
          3
        ],
        [
          3,
          2,
          0,
          3
        ]
      ],
      "essay_scoreT_exp": [
        [
          3,
          3,
          3
        ],
        [
          2,
          3,
          2
        ],
        [
          2,
          2,
          1
        ]
      ]
    }
  },
  "student": {
    "date": "2021.09.13",
    "student_educated": true,
    "student_grade": "고등_1학년",
    "location": "051",
    "student_grade_group": "고등",
    "student_reading": 1
  },
  "rubric": {
    "essay_grade": "고등_1학년",
    "organization_weight": {
      "org_paragraph": 2,
      "org": 2,
      "org_essay": 4,
      "org_coherence": 2,
      "org_quantity": 1
    },
    "essay_type": "설명글",
    "content_weight": {
      "con_clearance": 4,
      "con_novelty": 3,
      "con": 4,
      "con_prompt": 0,
      "con_description": 1
    },
    "essay_main_subject": "영화/독서감상문",
    "expression_weight": {
      "exp_style": 1,
      "exp_grammar": 2,
      "exp_vocab": 3,
      "exp": 4
    }
  },
  "correction": [],
  "info": {
    "essay_id": "ESSAY_34132",
    "essay_prompt": " 영화에는 로맨스, 액션, 스릴러 등 정말 많은 장르가 있습니다. 사람마다 좋아하는 장르가 있고 절대 보지 않는 장르도 있습니다.\r\n\r\n 독서도 마찬가지입니다. 소설, 수필, 시, 만화, 위인전 등 여러가지 장르가 있습니다.\r\n\r\n 여러분은 어떤 장르를 좋아하나요? 그리고 해당 장르에서 가장 재미있게 봤던 영화나 책은 무엇인가요?\r\n\r\n 자신이 봤던 영화 혹은 책을 한 편 선정하여 주제와 내용 그리고 느낀점을 감상문으로 작성해주세요.",
    "essay_type": "설명글",
    "essay_level": "3",
    "essay_len": 641,
    "essay_main_subject": "영화/독서감상문"
  }
}