{
  "paragraph": [
    {
      "paragraph_txt": "이 책은 자신의 부모님과 누이동생을 혼자서 일을 하며 책임지고 있던 주인공이\n하룻밤사이에 벌레로 변하게 되어 발생하는 사건들을 적은 책이다.#@문장구분#\n주인공은 사업 실패한 아버지를 대신하여 가정을 책임졌고 성실히 일하여 괜찮은 집에서 가족들과 안정적으로 살고 있었다.#@문장구분# 그런데 어느날 아침 그는 꺼림찍한 꿈에서 깨어나 보니 벌레로 '변신'되어있었다.#@문장구분# 그날 아침 왜 직장에 오지 않는지 그의 상사가 찾아와 따지고 주인공은 어떻게 든 설명하기 위해 노력하지만 상사가 그의 모습을 직접 보고 집을 뛰쳐나가게 됨으로써 실패한다.#@문장구분# 더 이상 돈을 벌어오지 못하는 그는, 벌레로 변신 된 그는 이제 가정의 짐일 뿐이다. #@문장구분#처음에는 그의 가족들도 어떻게 든 이 상황을 이해하려 했다.#@문장구분# 하지만 어머니가 기절하는 사건이 발생하면서 점점 가족들은 주인공을 감당하기 힘들어 했고 돈을 벌기 위해 하숙집으로 집을 바꾼 이후에 하숙인들을 위해 거실에서 바이올린을 연주하던 누이동생 뒤로 주인공이 몰래 방에서 빠져나와 하숙인들과 그의 가족들을 놀래키면서 상황은 걷잡을 수 없게 된다.#@문장구분# 아버지는 하숙인들을 방으로 밀어 넣다싶이 들여보내고 거실에 남은 가족들은 벌레를 보며 이건 주인공이 아니라 생각했고 주인공이 힘겹게 방으로 들어간 이후 주인공이 가장 사랑하던 누이동생은 재빠르게 문을 자물쇠로 걸어 잠근다.#@문장구분# 침대 위에 힘겹게 올라간 주인공은 그날 밤 죽는다.#@문장구분# 다음날 아침 주인공이 죽은 것을 안 가족들은 할멈의 도움을 받아 집을 정리하고 집에 있던 사람들을 모두 내보낸 후 세 사람이서 교외로 나가 앞으로의 희망에 대해 이야기하며 이 책은 끝난다.#@문장구분# \n아이러니한 부분은 주인공으로 유지되던 가정이 주인공이 벌레로 변신하면서 가족들이 각자의 직업을 가지게 되고 나중에 주인공이 없어졌을 때는 주인공으로부터 경제적, 심리적으로 독립하여 희망찬 미래를 상상한다는 점이다.#@문장구분# 그 이유는 내가 생각할 때 벌레가 경제적 무능과 가정의 짐을 의미하고 있기 때문이다.#@문장구분# 그래서 사람일 때의 주인공도 일을 하지 않던 그의 가족들을 내심 벌레로 생각하고 있었을 것이라고 추측된다.#@문장구분# 책후반으로 갈수록 가족들이 더욱 노골적으로 주인공을 벌레로 인식한다는 것은 경제적으로 점점 주인공으로부터 독립하는 것을 의미한다고 생각한다.#@문장구분# 왜냐하면 이제까지 돈을 벌며 가정을 책임지는 일을 하던 주인공의 역할을 가족들이 하게 되고 가족들이 보기에 주인공은 그저 경제적으로 무능하고 짐만 되는 벌레로 보이기 때문이다.#@문장구분# 그래서 주인공이 죽고나서 그들은 경제적 짐으로부터 해방되고 완전한 경제적 독립을 가진 이들이 됨으로써 희망찬 미래를 이야기할 수 있었던 것이라고 생각된다.#@문장구분#",
      "paragraph_len": 1602,
      "paragraph_id": "001"
    }
  ],
  "score": {
    "paragraph_score": [
      {
        "paragraph_scoreT": [
          3,
          2.8333333,
          2.3333333
        ],
        "paragraph_scoreT_detail": {
          "paragraph_scoreT_exp": [
            [
              3,
              3,
              3
            ],
            [
              3,
              3,
              2
            ],
            [
              3,
              2,
              2
            ]
          ]
        },
        "paragraph_scoreT_avg": 2.722222,
        "paragraph_id": "001"
      }
    ],
    "essay_scoreT": [
      30,
      26,
      25.833332
    ],
    "essay_scoreT_avg": 27.277777,
    "essay_scoreT_detail": {
      "essay_scoreT_org": [
        [
          3,
          3,
          3,
          3
        ],
        [
          2,
          2,
          3,
          3
        ],
        [
          3,
          3,
          3,
          3
        ]
      ],
      "essay_scoreT_cont": [
        [
          3,
          3,
          0,
          3
        ],
        [
          3,
          2,
          0,
          2
        ],
        [
          3,
          2,
          0,
          3
        ]
      ],
      "essay_scoreT_exp": [
        [
          3,
          3,
          3
        ],
        [
          3,
          3,
          2
        ],
        [
          3,
          2,
          2
        ]
      ]
    }
  },
  "student": {
    "date": "2021.09.07",
    "student_educated": true,
    "student_grade": "고등_1학년",
    "location": "051",
    "student_grade_group": "고등",
    "student_reading": 1
  },
  "rubric": {
    "essay_grade": "고등_1학년",
    "organization_weight": {
      "org_paragraph": 2,
      "org": 2,
      "org_essay": 4,
      "org_coherence": 2,
      "org_quantity": 1
    },
    "essay_type": "설명글",
    "content_weight": {
      "con_clearance": 4,
      "con_novelty": 3,
      "con": 4,
      "con_prompt": 0,
      "con_description": 1
    },
    "essay_main_subject": "영화/독서감상문",
    "expression_weight": {
      "exp_style": 1,
      "exp_grammar": 2,
      "exp_vocab": 3,
      "exp": 4
    }
  },
  "correction": [],
  "info": {
    "essay_id": "ESSAY_34109",
    "essay_prompt": " 영화에는 로맨스, 액션, 스릴러 등 정말 많은 장르가 있습니다. 사람마다 좋아하는 장르가 있고 절대 보지 않는 장르도 있습니다.\r\n\r\n 독서도 마찬가지입니다. 소설, 수필, 시, 만화, 위인전 등 여러가지 장르가 있습니다.\r\n\r\n 여러분은 어떤 장르를 좋아하나요? 그리고 해당 장르에서 가장 재미있게 봤던 영화나 책은 무엇인가요?\r\n\r\n 자신이 봤던 영화 혹은 책을 한 편 선정하여 주제와 내용 그리고 느낀점을 감상문으로 작성해주세요.",
    "essay_type": "설명글",
    "essay_level": "3",
    "essay_len": 1284,
    "essay_main_subject": "영화/독서감상문"
  }
}