{
  "paragraph": [
    {
      "paragraph_txt": "마야인들은 자신들만의 독특하고, 창의적이며 지적인 방법으로 자신들만의 세계를 확장시켜 나갔다. #@문장구분#여러 방면의 지식과 기술, 언어등을 만들고 발전시켜가며 끊임없는 진보를 추구했다. #@문장구분#그 중 가장 눈에 띄는 부분은 수학이다.#@문장구분#",
      "paragraph_len": 181,
      "paragraph_id": "001"
    },
    {
      "paragraph_txt": "현재 우리는 수학 체계로써 10진법을 사용한다.#@문장구분# 그러나 마야인들은 20을 기준으로 사용하였다. #@문장구분#왜냐하면 이 20이라는 숫자는 열개의 손가락과 열개의 발가락의 수의 합과 일치하기 때문이다. #@문장구분#그리고 마야인들은 수를 나타낼 때 0, 1, 5를 나타내는 3가지의 그림을 사용하여 모든 숫자들을 표현하였다고 한다.#@문장구분# 또한 glyphs라고 불리는 그림을 이용하여 나타냈다고도 한다.#@문장구분#",
      "paragraph_len": 306,
      "paragraph_id": "002"
    },
    {
      "paragraph_txt": "이들은 수학에서 그치지 않고 자신들만의 달력을 만들었다.#@문장구분# Tzolk'in calendar와 Haab calendar를 거쳐 점점 더 정확하고 정교해져갔으며, 이내 약 5천년을 나타내는 The long count calendar라는 달력도 만들어 냈다.#@문장구분#",
      "paragraph_len": 180,
      "paragraph_id": "003"
    },
    {
      "paragraph_txt": "또한 마야인들은 천문학적 사건이 신과 연결되어 있다 생각하여 직접 관측소를 만들어내는 등 천문학을 발전시키는데도 힘썼다.#@문장구분#이를통해 마야인들은 우주에 존재하는 다양한 궤도나 1년이 365일이라는 사실 등 현대 과학에서 증명된 사실과 매우 유사한 사실들을 알아내기도 하였다.#@문장구분#",
      "paragraph_len": 190,
      "paragraph_id": "004"
    },
    {
      "paragraph_txt": "나는 이 책을 읽으며 고대 마야문명에서 이토록 엄청난 수학의 발전이 이루어지고 있었다는 사실에 충격을 받았다.#@문장구분# 여러 내용 중 3가지의 그림으로 숫자들을 표현하는 부분이 '숫자를 또 다른 방식으로 표현할 수 있다' 라는 느낌을 받아서 굉장히 신선했다.#@문장구분# 만약 수학을 좋아하거나 수학의 발전 과정에 흥미가 있는 사람들은 이 책을 한 번 읽어보라고 권하고 싶다.#@문장구분#",
      "paragraph_len": 258,
      "paragraph_id": "005"
    }
  ],
  "score": {
    "paragraph_score": [
      {
        "paragraph_scoreT": [
          3,
          2.8333333,
          2
        ],
        "paragraph_scoreT_detail": {
          "paragraph_scoreT_exp": [
            [
              3,
              3,
              3
            ],
            [
              3,
              3,
              2
            ],
            [
              2,
              2,
              2
            ]
          ]
        },
        "paragraph_scoreT_avg": 2.611111,
        "paragraph_id": "001"
      },
      {
        "paragraph_scoreT": [
          3,
          2.8333333,
          2
        ],
        "paragraph_scoreT_detail": {
          "paragraph_scoreT_exp": [
            [
              3,
              3,
              3
            ],
            [
              3,
              3,
              2
            ],
            [
              2,
              2,
              2
            ]
          ]
        },
        "paragraph_scoreT_avg": 2.611111,
        "paragraph_id": "002"
      },
      {
        "paragraph_scoreT": [
          3,
          2.8333333,
          2
        ],
        "paragraph_scoreT_detail": {
          "paragraph_scoreT_exp": [
            [
              3,
              3,
              3
            ],
            [
              3,
              3,
              2
            ],
            [
              2,
              2,
              2
            ]
          ]
        },
        "paragraph_scoreT_avg": 2.611111,
        "paragraph_id": "003"
      },
      {
        "paragraph_scoreT": [
          3,
          2.8333333,
          2
        ],
        "paragraph_scoreT_detail": {
          "paragraph_scoreT_exp": [
            [
              3,
              3,
              3
            ],
            [
              3,
              3,
              2
            ],
            [
              2,
              2,
              2
            ]
          ]
        },
        "paragraph_scoreT_avg": 2.611111,
        "paragraph_id": "004"
      },
      {
        "paragraph_scoreT": [
          3,
          2.8333333,
          2
        ],
        "paragraph_scoreT_detail": {
          "paragraph_scoreT_exp": [
            [
              3,
              3,
              3
            ],
            [
              3,
              3,
              2
            ],
            [
              2,
              2,
              2
            ]
          ]
        },
        "paragraph_scoreT_avg": 2.611111,
        "paragraph_id": "005"
      }
    ],
    "essay_scoreT": [
      30,
      26.722221,
      22.444445
    ],
    "essay_scoreT_avg": 26.388887,
    "essay_scoreT_detail": {
      "essay_scoreT_org": [
        [
          3,
          3,
          3,
          3
        ],
        [
          2,
          3,
          3,
          2
        ],
        [
          2,
          2,
          3,
          2
        ]
      ],
      "essay_scoreT_cont": [
        [
          3,
          3,
          0,
          3
        ],
        [
          3,
          2,
          0,
          3
        ],
        [
          3,
          2,
          0,
          2
        ]
      ],
      "essay_scoreT_exp": [
        [
          3,
          3,
          3
        ],
        [
          3,
          3,
          2
        ],
        [
          2,
          2,
          2
        ]
      ]
    }
  },
  "student": {
    "date": "2021.09.13",
    "student_educated": true,
    "student_grade": "고등_1학년",
    "location": "063",
    "student_grade_group": "고등",
    "student_reading": 1
  },
  "rubric": {
    "essay_grade": "고등_1학년",
    "organization_weight": {
      "org_paragraph": 2,
      "org": 2,
      "org_essay": 4,
      "org_coherence": 2,
      "org_quantity": 1
    },
    "essay_type": "설명글",
    "content_weight": {
      "con_clearance": 4,
      "con_novelty": 3,
      "con": 4,
      "con_prompt": 0,
      "con_description": 1
    },
    "essay_main_subject": "영화/독서감상문",
    "expression_weight": {
      "exp_style": 1,
      "exp_grammar": 2,
      "exp_vocab": 3,
      "exp": 4
    }
  },
  "correction": [],
  "info": {
    "essay_id": "ESSAY_34430",
    "essay_prompt": " 영화에는 로맨스, 액션, 스릴러 등 정말 많은 장르가 있습니다. 사람마다 좋아하는 장르가 있고 절대 보지 않는 장르도 있습니다.\r\n\r\n 독서도 마찬가지입니다. 소설, 수필, 시, 만화, 위인전 등 여러가지 장르가 있습니다.\r\n\r\n 여러분은 어떤 장르를 좋아하나요? 그리고 해당 장르에서 가장 재미있게 봤던 영화나 책은 무엇인가요?\r\n\r\n 자신이 봤던 영화 혹은 책을 한 편 선정하여 주제와 내용 그리고 느낀점을 감상문으로 작성해주세요.",
    "essay_type": "설명글",
    "essay_level": "3",
    "essay_len": 824,
    "essay_main_subject": "영화/독서감상문"
  }
}