{
  "paragraph": [
    {
      "paragraph_txt": "'The Cactus'라는 책이 영화로도 있다고 해서 처음에는 볼려고 했지만 그냥 글로만 봐도 이해가 될거 같아 영화는 따로 보지 않았다.#@문장구분# 이 책은 남자 주인공이 자신의 약혼자에게 언제나 잘보이고 싶은 마음에 스페인어를 할 줄 안다고 거짓말을 했고 남자는 정식으로 여자에게 프로포즈를 했지만 여자는 내일 대답을 해주겠다고 했다.#@문장구분# 그래서 남자는 알겠다고 했고 다음날 남자의 집 앞에 스페인어로 날 가져요라고 적힌 꽃을 받았고 남자는 고백을 거절 당한 줄알고 여자에게 찾아가지 않았고 여자는 남자에게 실망해 다른 남자와 결혼하게 된다.#@문장구분# 남자는 남자의 친구에 의해 그 말의 뜻을 알았꼬 남자는 후회하게 된다.#@문장구분# 나는 이 책을 보고 아무리 잘보이고 있어도 남에게 거짓말을 하지 말아야 겠다고 생각했다.#@문장구분#\n거짓말은 화를 낳기 때문에 나중에 안 좋은 결과를 가져오게 될 것이다.#@문장구분#",
      "paragraph_len": 547,
      "paragraph_id": "001"
    }
  ],
  "score": {
    "paragraph_score": [
      {
        "paragraph_scoreT": [
          2,
          2.8333333,
          2
        ],
        "paragraph_scoreT_detail": {
          "paragraph_scoreT_exp": [
            [
              2,
              2,
              2
            ],
            [
              3,
              3,
              2
            ],
            [
              2,
              2,
              2
            ]
          ]
        },
        "paragraph_scoreT_avg": 2.2777777,
        "paragraph_id": "001"
      }
    ],
    "essay_scoreT": [
      17.277779,
      25.555555,
      17.777779
    ],
    "essay_scoreT_avg": 20.203705,
    "essay_scoreT_detail": {
      "essay_scoreT_org": [
        [
          2,
          2,
          2,
          1
        ],
        [
          2,
          2,
          3,
          1
        ],
        [
          2,
          2,
          2,
          1
        ]
      ],
      "essay_scoreT_cont": [
        [
          1,
          2,
          0,
          1
        ],
        [
          3,
          2,
          0,
          2
        ],
        [
          2,
          1,
          0,
          1
        ]
      ],
      "essay_scoreT_exp": [
        [
          2,
          2,
          2
        ],
        [
          3,
          3,
          2
        ],
        [
          2,
          2,
          2
        ]
      ]
    }
  },
  "student": {
    "date": "2021.09.10",
    "student_educated": true,
    "student_grade": "고등_1학년",
    "location": "063",
    "student_grade_group": "고등",
    "student_reading": 1
  },
  "rubric": {
    "essay_grade": "고등_1학년",
    "organization_weight": {
      "org_paragraph": 2,
      "org": 2,
      "org_essay": 4,
      "org_coherence": 2,
      "org_quantity": 1
    },
    "essay_type": "설명글",
    "content_weight": {
      "con_clearance": 4,
      "con_novelty": 3,
      "con": 4,
      "con_prompt": 0,
      "con_description": 1
    },
    "essay_main_subject": "영화/독서감상문",
    "expression_weight": {
      "exp_style": 1,
      "exp_grammar": 2,
      "exp_vocab": 3,
      "exp": 4
    }
  },
  "correction": [],
  "info": {
    "essay_id": "ESSAY_34328",
    "essay_prompt": " 영화에는 로맨스, 액션, 스릴러 등 정말 많은 장르가 있습니다. 사람마다 좋아하는 장르가 있고 절대 보지 않는 장르도 있습니다.\r\n\r\n 독서도 마찬가지입니다. 소설, 수필, 시, 만화, 위인전 등 여러가지 장르가 있습니다.\r\n\r\n 여러분은 어떤 장르를 좋아하나요? 그리고 해당 장르에서 가장 재미있게 봤던 영화나 책은 무엇인가요?\r\n\r\n 자신이 봤던 영화 혹은 책을 한 편 선정하여 주제와 내용 그리고 느낀점을 감상문으로 작성해주세요.",
    "essay_type": "설명글",
    "essay_level": "3",
    "essay_len": 428,
    "essay_main_subject": "영화/독서감상문"
  }
}