{
  "paragraph": [
    {
      "paragraph_txt": "이 책을 읽은 후 어디서 본듯한 느낌을 받아서 이 책에 관하여 찾아보았는데 오헨리의 작품이라는것을 작품으로 알려져있었다.#@문장구분# 이 작품에서는 자신의 애인이 다른 남자와 결혼하는 것을 보고 온 한 남자의 비애가 담겨있는 소설이다.#@문장구분# 오 헨리의 작품은 무언가 인생의 많은 부분을 비극적이면서 교훈적이게 표현하는게 특징인 것 같다.#@문장구분# 그런 점에서 오 헨리의 책을 한번도 읽어보지 않은 사람들에게 이 작품을 무난히 추천하고 싶다.#@문장구분# 그리고 내가 만약 트라이스데일이었다면 당당히 내가 그녀를 좋아하고 있었다는 것을 지나가다 그녀와 만났을때 당당히 내가 그녀를 사랑하고 그녀와 함께 있고싶다는 것을 그저 과감없이 그냥 말하였을것 같은데 이 이야기에서는 주인공이 자신에대한 자존감이 너무 높아서 그렇게 하지못하였다는 것에 대해 참으로 안타깝다는 생각이들었다.#@문장구분#",
      "paragraph_len": 511,
      "paragraph_id": "001"
    }
  ],
  "score": {
    "paragraph_score": [
      {
        "paragraph_scoreT": [
          2,
          1.3333334,
          1
        ],
        "paragraph_scoreT_detail": {
          "paragraph_scoreT_exp": [
            [
              2,
              2,
              2
            ],
            [
              2,
              1,
              1
            ],
            [
              1,
              1,
              1
            ]
          ]
        },
        "paragraph_scoreT_avg": 1.4444445,
        "paragraph_id": "001"
      }
    ],
    "essay_scoreT": [
      17.61111,
      14.222222,
      10
    ],
    "essay_scoreT_avg": 13.944444,
    "essay_scoreT_detail": {
      "essay_scoreT_org": [
        [
          1,
          2,
          2,
          2
        ],
        [
          1,
          2,
          2,
          1
        ],
        [
          1,
          1,
          1,
          1
        ]
      ],
      "essay_scoreT_cont": [
        [
          2,
          1,
          0,
          2
        ],
        [
          2,
          1,
          0,
          1
        ],
        [
          1,
          1,
          0,
          1
        ]
      ],
      "essay_scoreT_exp": [
        [
          2,
          2,
          2
        ],
        [
          2,
          1,
          1
        ],
        [
          1,
          1,
          1
        ]
      ]
    }
  },
  "student": {
    "date": "2021.09.10",
    "student_educated": true,
    "student_grade": "고등_1학년",
    "location": "063",
    "student_grade_group": "고등",
    "student_reading": 1
  },
  "rubric": {
    "essay_grade": "고등_1학년",
    "organization_weight": {
      "org_paragraph": 2,
      "org": 2,
      "org_essay": 4,
      "org_coherence": 2,
      "org_quantity": 1
    },
    "essay_type": "설명글",
    "content_weight": {
      "con_clearance": 4,
      "con_novelty": 3,
      "con": 4,
      "con_prompt": 0,
      "con_description": 1
    },
    "essay_main_subject": "영화/독서감상문",
    "expression_weight": {
      "exp_style": 1,
      "exp_grammar": 2,
      "exp_vocab": 3,
      "exp": 4
    }
  },
  "correction": [],
  "info": {
    "essay_id": "ESSAY_34800",
    "essay_prompt": " 영화에는 로맨스, 액션, 스릴러 등 정말 많은 장르가 있습니다. 사람마다 좋아하는 장르가 있고 절대 보지 않는 장르도 있습니다.\r\n\r\n 독서도 마찬가지입니다. 소설, 수필, 시, 만화, 위인전 등 여러가지 장르가 있습니다.\r\n\r\n 여러분은 어떤 장르를 좋아하나요? 그리고 해당 장르에서 가장 재미있게 봤던 영화나 책은 무엇인가요?\r\n\r\n 자신이 봤던 영화 혹은 책을 한 편 선정하여 주제와 내용 그리고 느낀점을 감상문으로 작성해주세요.",
    "essay_type": "설명글",
    "essay_level": "3",
    "essay_len": 411,
    "essay_main_subject": "영화/독서감상문"
  }
}