{
  "paragraph": [
    {
      "paragraph_txt": "사촌 언니가 추천해줘서 본 영화, 에놀라 홈즈(넷플 영화). #@문장구분#영화를 잘 안보는 편인데 이 영화는 사촌언니와 같이 보고 집에서 여러 번 봤던 기억이 있다.#@문장구분# 포스터를 보기전 제목만 봤을 때는 셜록홈즈와 관련된 영화로 생각을 해서 추리영화인가 라는 생각도 했었고 홈즈의 일생을 나타낸 영화인가 했지만 주인공은 홈즈의 여동생의 이야기여서 놀랬었다.#@문장구분# 여기서 영화의 간단한 이야기를 소개하자면, 홈즈의 여동생인 에놀라 홈즈가 어느날 갑자기 사라진 엄마를 찾는 이야기이다.#@문장구분# 초반 인트로를 볼때 정말 딱 내가 원하는 분위기였던 것 같아서 엄청 기대했고 어떤 식으로 사건이 전개가 되고 어떤 식으로 이 사건들을 풀어나갈 것인지 되게 긴장감 넘치고 기대하면서 봤었었다.#@문장구분#",
      "paragraph_len": 464,
      "paragraph_id": "001"
    },
    {
      "paragraph_txt": " 여기서 가장 인상깊게 남았던 장면은 그 시절의 여성들은 코르셋을 쓰고 여성답게 살아야 했었는데 에놀라의 첫째 오빠 마이크로프트(둘째 오빠가 셜록홈즈)가 자유롭게 살고있는 에놀라를 못마땅하면서 여성 수련원(?)같은 곳에 보내려고 하자 에놀라가 강력하게 거부하는 장면이 진짜 인상깊었었다.#@문장구분# 그 당시의 여성들은 강제로 코르셋도 끼고 투표 참정권도 없고 차별이 심한 사회였을 때 사회 때문에 어쩔 수 없이 받아들이는 것이 아닌 진짜 강력하게 거부하면서 하기싫다고 말한 에놀라가 되게 대단하게 보였다. #@문장구분#영화에서도 에놀라가 무술도 하면서 머리도 똑똑하게 잘 써서 활약하는 모습을 볼 때도 엄청 재미있게 봤고 대단하게 보였다.#@문장구분# ",
      "paragraph_len": 405,
      "paragraph_id": "002"
    },
    {
      "paragraph_txt": " 그리고 중간중간 힘들때 에놀라의 어머니가 여러가지 가르쳐준 교훈들이나 능력들을 떠올리면서 극복해나가는 모습을 볼때도 인상깊었었다.#@문장구분# 나도  힘들 때마다 엄마를 떠올려서 그런지 공감이 되었고 에놀라의 어머니가 다 맞는 말, 공감되는 말만 하셔서 더 마음에 와닿았었다.#@문장구분#",
      "paragraph_len": 188,
      "paragraph_id": "003"
    },
    {
      "paragraph_txt": " 그때 당시의 여성들이 어떻게 살았고 어떤 차별을 받았었었는지도 알게 되었고 그런 장면들을 볼 때마다 자유로운 남성들과 여러 제한을 받으면서 사는 여성이 비교가 되면서 짜증이 났었었다.#@문장구분# 처음에 그냥 추리하는 내용인줄 알고 봤다가 여러가지 사회적인 모습들도 나오고 뜻깊은 교훈들도 많이 얻어갔었다.#@문장구분# 정말 계속 여러사건들이 끊임없이 이어지면서 긴장감을 놓치지 않고 봤었다. .#@문장구분#반전도 있고 하나하나 에놀라가 풀어가는 그런 사건들이 너무 재미있었고 진짜 멋졌다.#@문장구분# 마지막 결말도 딱 깔끔하게 에놀라식으로 끝난 것 같아서 마음에 들었다.#@문장구분# 시간 날 때 한 번 보면 시간 가는 줄 모르고 재미있게 볼 수 있는 영화이다!#@문장구분#",
      "paragraph_len": 458,
      "paragraph_id": "004"
    }
  ],
  "score": {
    "paragraph_score": [
      {
        "paragraph_scoreT": [
          3,
          2.8333333,
          2.3333333
        ],
        "paragraph_scoreT_detail": {
          "paragraph_scoreT_exp": [
            [
              3,
              3,
              3
            ],
            [
              3,
              3,
              2
            ],
            [
              3,
              2,
              2
            ]
          ]
        },
        "paragraph_scoreT_avg": 2.722222,
        "paragraph_id": "001"
      },
      {
        "paragraph_scoreT": [
          3,
          2.8333333,
          2.3333333
        ],
        "paragraph_scoreT_detail": {
          "paragraph_scoreT_exp": [
            [
              3,
              3,
              3
            ],
            [
              3,
              3,
              2
            ],
            [
              3,
              2,
              2
            ]
          ]
        },
        "paragraph_scoreT_avg": 2.722222,
        "paragraph_id": "002"
      },
      {
        "paragraph_scoreT": [
          3,
          2.8333333,
          2.3333333
        ],
        "paragraph_scoreT_detail": {
          "paragraph_scoreT_exp": [
            [
              3,
              3,
              3
            ],
            [
              3,
              3,
              2
            ],
            [
              3,
              2,
              2
            ]
          ]
        },
        "paragraph_scoreT_avg": 2.722222,
        "paragraph_id": "003"
      },
      {
        "paragraph_scoreT": [
          3,
          2.8333333,
          2.3333333
        ],
        "paragraph_scoreT_detail": {
          "paragraph_scoreT_exp": [
            [
              3,
              3,
              3
            ],
            [
              3,
              3,
              2
            ],
            [
              3,
              2,
              2
            ]
          ]
        },
        "paragraph_scoreT_avg": 2.722222,
        "paragraph_id": "004"
      }
    ],
    "essay_scoreT": [
      30,
      26.944445,
      24.944445
    ],
    "essay_scoreT_avg": 27.296295,
    "essay_scoreT_detail": {
      "essay_scoreT_org": [
        [
          3,
          3,
          3,
          3
        ],
        [
          2,
          3,
          3,
          3
        ],
        [
          2,
          3,
          3,
          3
        ]
      ],
      "essay_scoreT_cont": [
        [
          3,
          3,
          0,
          3
        ],
        [
          3,
          2,
          0,
          3
        ],
        [
          3,
          2,
          0,
          3
        ]
      ],
      "essay_scoreT_exp": [
        [
          3,
          3,
          3
        ],
        [
          3,
          3,
          2
        ],
        [
          3,
          2,
          2
        ]
      ]
    }
  },
  "student": {
    "date": "2021.09.13",
    "student_educated": true,
    "student_grade": "고등_1학년",
    "location": "051",
    "student_grade_group": "고등",
    "student_reading": 1
  },
  "rubric": {
    "essay_grade": "고등_1학년",
    "organization_weight": {
      "org_paragraph": 2,
      "org": 2,
      "org_essay": 4,
      "org_coherence": 2,
      "org_quantity": 1
    },
    "essay_type": "설명글",
    "content_weight": {
      "con_clearance": 4,
      "con_novelty": 3,
      "con": 4,
      "con_prompt": 0,
      "con_description": 1
    },
    "essay_main_subject": "영화/독서감상문",
    "expression_weight": {
      "exp_style": 1,
      "exp_grammar": 2,
      "exp_vocab": 3,
      "exp": 4
    }
  },
  "correction": [],
  "info": {
    "essay_id": "ESSAY_34130",
    "essay_prompt": " 영화에는 로맨스, 액션, 스릴러 등 정말 많은 장르가 있습니다. 사람마다 좋아하는 장르가 있고 절대 보지 않는 장르도 있습니다.\r\n\r\n 독서도 마찬가지입니다. 소설, 수필, 시, 만화, 위인전 등 여러가지 장르가 있습니다.\r\n\r\n 여러분은 어떤 장르를 좋아하나요? 그리고 해당 장르에서 가장 재미있게 봤던 영화나 책은 무엇인가요?\r\n\r\n 자신이 봤던 영화 혹은 책을 한 편 선정하여 주제와 내용 그리고 느낀점을 감상문으로 작성해주세요.",
    "essay_type": "설명글",
    "essay_level": "3",
    "essay_len": 1202,
    "essay_main_subject": "영화/독서감상문"
  }
}