{
  "paragraph": [
    {
      "paragraph_txt": "우리가 동물과 다른 점이라고 하면, 구체적 의사소통이 가능하다는 점이다.#@문장구분# 그게 가능한 이유는 체계화된 언어가 있기 때문이다.#@문장구분# 이 책은 알파벳 A부터 Z까지로 목차를 정하고 언어와 연관된 여러가지 주제들을 초성에 맞춰 구분하여 놓았다.#@문장구분# 그리고 주제 별로 4페이지 정도의 짧은 구성과 우리에게 질문을 던지는 형식이 흥미로웠다.#@문장구분# 지구의 언어는 약 6000여 가지로 매우 많다.#@문장구분# 하지만 지역을 넘어가면 다른 언어를 사용하기에 공용어가 필요하고 거의 모든 나라에서 영어를 배운다.#@문장구분# 나는 이 책의 주제 중 키보드라는 주제가 가장 인상깊었다.#@문장구분# 왜냐하면 기술은 나날이 발전하는데 컴퓨터의 부품 중 하나인 키보드는 초기의 타자기의 방식과 바뀐 것이 거의 없이 구벌식, 쿼티를 사용하고 있다는 것이다.#@문장구분# 그것을 보며 미래에는 키보드도 변할 것인가, 변한다면 어떻게 변할 것인가에 대한 질문을 하게 되었고, 생각에 잠기게 되는 주제였기 때문이다.#@문장구분# 이처럼 이 책은 짧게 구성하여 우리에게 질문을 던지기에 여러가지 생각을 해볼 수 있는 책이였다.#@문장구분#",
      "paragraph_len": 715,
      "paragraph_id": "001"
    }
  ],
  "score": {
    "paragraph_score": [
      {
        "paragraph_scoreT": [
          2.6666667,
          1.8333334,
          1.8333334
        ],
        "paragraph_scoreT_detail": {
          "paragraph_scoreT_exp": [
            [
              2,
              3,
              3
            ],
            [
              2,
              2,
              1
            ],
            [
              2,
              2,
              1
            ]
          ]
        },
        "paragraph_scoreT_avg": 2.1111112,
        "paragraph_id": "001"
      }
    ],
    "essay_scoreT": [
      27.5,
      19.333334,
      16.833334
    ],
    "essay_scoreT_avg": 21.222223,
    "essay_scoreT_detail": {
      "essay_scoreT_org": [
        [
          3,
          3,
          2,
          2
        ],
        [
          2,
          2,
          2,
          2
        ],
        [
          1,
          1,
          1,
          1
        ]
      ],
      "essay_scoreT_cont": [
        [
          3,
          3,
          0,
          2
        ],
        [
          2,
          2,
          0,
          2
        ],
        [
          2,
          2,
          0,
          1
        ]
      ],
      "essay_scoreT_exp": [
        [
          2,
          3,
          3
        ],
        [
          2,
          2,
          1
        ],
        [
          2,
          2,
          1
        ]
      ]
    }
  },
  "student": {
    "date": "2021.09.07",
    "student_educated": true,
    "student_grade": "고등_1학년",
    "location": "051",
    "student_grade_group": "고등",
    "student_reading": 2
  },
  "rubric": {
    "essay_grade": "고등_1학년",
    "organization_weight": {
      "org_paragraph": 2,
      "org": 2,
      "org_essay": 4,
      "org_coherence": 2,
      "org_quantity": 1
    },
    "essay_type": "설명글",
    "content_weight": {
      "con_clearance": 4,
      "con_novelty": 3,
      "con": 4,
      "con_prompt": 0,
      "con_description": 1
    },
    "essay_main_subject": "영화/독서감상문",
    "expression_weight": {
      "exp_style": 1,
      "exp_grammar": 2,
      "exp_vocab": 3,
      "exp": 4
    }
  },
  "correction": [],
  "info": {
    "essay_id": "ESSAY_34615",
    "essay_prompt": " 영화에는 로맨스, 액션, 스릴러 등 정말 많은 장르가 있습니다. 사람마다 좋아하는 장르가 있고 절대 보지 않는 장르도 있습니다.\r\n\r\n 독서도 마찬가지입니다. 소설, 수필, 시, 만화, 위인전 등 여러가지 장르가 있습니다.\r\n\r\n 여러분은 어떤 장르를 좋아하나요? 그리고 해당 장르에서 가장 재미있게 봤던 영화나 책은 무엇인가요?\r\n\r\n 자신이 봤던 영화 혹은 책을 한 편 선정하여 주제와 내용 그리고 느낀점을 감상문으로 작성해주세요.",
    "essay_type": "설명글",
    "essay_level": "3",
    "essay_len": 515,
    "essay_main_subject": "영화/독서감상문"
  }
}