{
  "paragraph": [
    {
      "paragraph_txt": "이 책을 읽고나서 단합력이 부족한 팀들의 결점을 매꿔서 비록 승리가 값진것은 아니었지만 , 협동심이라는 타이틀에 초점을 맞춰서 팀들 통솔해가던 카터 감독님이 정말 대단하다고 느꼈다#@문장구분# 특히나 처음 그의 손길을 거부하던 몇몇들도 나중에 같이 합류하여 카터 감독님의 지휘아래에서 열심히 따라서 결국에 팀은 승리가능 성이 없어보이던 경기에서 이긴다.#@문장구분#\n나는 카터감독이 정말 대단하다고 생각한다. #@문장구분#초기에 그를 인종차별하며 놀리던 이들에게 굴하지 않고 끝까지 본인의 의지를 가지고 해내다가 결국에는 팀의 분위기도 좋게만들고, 학생의 본분인 공부까지 자율적으로 하게 만들었기때문이다.#@문장구분# 그리고 그에 맞서던 교장 선생님은 처음에 단순히 학생들의 남은 마지막길이 농구 뿐이라고 했는데 카터감독님은 아이들이 수업을 응시하지 않고 결점이 많은 부분을 수정하려 들었고 , 아이들은 결국 그의 제안을 받아들여 서로가 소통할 수 있는 계기가 되었다는 점에서도 그를 높이 평가하고 싶다.#@문장구분#",
      "paragraph_len": 578,
      "paragraph_id": "001"
    }
  ],
  "score": {
    "paragraph_score": [
      {
        "paragraph_scoreT": [
          2,
          2,
          1.8333334
        ],
        "paragraph_scoreT_detail": {
          "paragraph_scoreT_exp": [
            [
              2,
              2,
              2
            ],
            [
              2,
              2,
              2
            ],
            [
              2,
              2,
              1
            ]
          ]
        },
        "paragraph_scoreT_avg": 1.9444445,
        "paragraph_id": "001"
      }
    ],
    "essay_scoreT": [
      18.222221,
      22.444445,
      17.277779
    ],
    "essay_scoreT_avg": 19.314814,
    "essay_scoreT_detail": {
      "essay_scoreT_org": [
        [
          2,
          3,
          2,
          1
        ],
        [
          2,
          2,
          3,
          2
        ],
        [
          1,
          1,
          2,
          1
        ]
      ],
      "essay_scoreT_cont": [
        [
          2,
          1,
          0,
          1
        ],
        [
          3,
          2,
          0,
          2
        ],
        [
          2,
          2,
          0,
          1
        ]
      ],
      "essay_scoreT_exp": [
        [
          2,
          2,
          2
        ],
        [
          2,
          2,
          2
        ],
        [
          2,
          2,
          1
        ]
      ]
    }
  },
  "student": {
    "date": "2021.09.07",
    "student_educated": true,
    "student_grade": "고등_1학년",
    "location": "063",
    "student_grade_group": "고등",
    "student_reading": 3
  },
  "rubric": {
    "essay_grade": "고등_1학년",
    "organization_weight": {
      "org_paragraph": 2,
      "org": 2,
      "org_essay": 4,
      "org_coherence": 2,
      "org_quantity": 1
    },
    "essay_type": "설명글",
    "content_weight": {
      "con_clearance": 4,
      "con_novelty": 3,
      "con": 4,
      "con_prompt": 0,
      "con_description": 1
    },
    "essay_main_subject": "영화/독서감상문",
    "expression_weight": {
      "exp_style": 1,
      "exp_grammar": 2,
      "exp_vocab": 3,
      "exp": 4
    }
  },
  "correction": [],
  "info": {
    "essay_id": "ESSAY_34517",
    "essay_prompt": " 영화에는 로맨스, 액션, 스릴러 등 정말 많은 장르가 있습니다. 사람마다 좋아하는 장르가 있고 절대 보지 않는 장르도 있습니다.\r\n\r\n 독서도 마찬가지입니다. 소설, 수필, 시, 만화, 위인전 등 여러가지 장르가 있습니다.\r\n\r\n 여러분은 어떤 장르를 좋아하나요? 그리고 해당 장르에서 가장 재미있게 봤던 영화나 책은 무엇인가요?\r\n\r\n 자신이 봤던 영화 혹은 책을 한 편 선정하여 주제와 내용 그리고 느낀점을 감상문으로 작성해주세요.",
    "essay_type": "설명글",
    "essay_level": "3",
    "essay_len": 479,
    "essay_main_subject": "영화/독서감상문"
  }
}