{
  "paragraph": [
    {
      "paragraph_txt": "학교 수업에서 이 책의 내용이 일부분 삽입되어있어서 읽어보고 그 후에는 반 친구들과 내가 만약 이 책의 주인공이라면 어떻게 할거인가에 대해서도 이야기를 나누어보았다.#@문장구분# 나는 이 책을 조금 발췌해서 조금의 일부분만 읽어보았다.#@문장구분# 제가 읽은 부분의 간략한 내용은 Trysdale이라는 남자가 사랑하는 여자에게 스페인어를 잘한다고 거짓말을 한다고 한것이 발단이였다.#@문장구분# 그 말을 들은 여자는 당연히 Trysdale이 스페인어를 잘하는줄 알고 며칠뒤 사랑한다는 답장으로 팻말이 하나 붙어있는 선인장을 그에게 선물했다.#@문장구분# 하지만 그녀가 보낸 선인장의 뜻을 모른체 그녀의 답만을 계속 기다리고 있었다.#@문장구분# 결국 답을 듣지 못한 여자는 다른 남자와 결혼을 하게 되고 결혼식이 끝난후 Trysdale의 친구에게 선인장의 팻말의 뜻을 알게되고 그녀에게 답을 하지 못한것을후회하게 된다.#@문장구분# 팻말에 붙은 말은 ventomarme 영어로는 Come and take me 와서 나를 데리고 가라는 말이였다.#@문장구분# 나는 이 책을 읽고 이번에 거짓말을 하지 말자라는것을 다시한번 자각하게 되었다.#@문장구분# 이 책과 같이 거짓말을 한다면 나는 손해를 볼수도 있을것이고 다시는 그 일을 돌이킬수도 없기 때문이다.#@문장구분# 왜냐하면 나는 예전에 선의의 거짓말을 한적이 있다.#@문장구분# 그 거짓말을 한것은 그 사람을 위해서 이기도 했지만 나중에는 그 거짓말이 들켜서 큰 손해를 본적이 있기 떄문이다.#@문장구분# 다음부터는 무슨일이 생기더라도 거짓말을 하지 않을것이다. #@문장구분#다시는 나도 남자 주인공처럼 되고 싶지않기 때문이다.#@문장구분#",
      "paragraph_len": 1004,
      "paragraph_id": "001"
    }
  ],
  "score": {
    "paragraph_score": [
      {
        "paragraph_scoreT": [
          2,
          2.5,
          1
        ],
        "paragraph_scoreT_detail": {
          "paragraph_scoreT_exp": [
            [
              2,
              2,
              2
            ],
            [
              2,
              3,
              2
            ],
            [
              1,
              1,
              1
            ]
          ]
        },
        "paragraph_scoreT_avg": 1.8333334,
        "paragraph_id": "001"
      }
    ],
    "essay_scoreT": [
      19.277779,
      24,
      14.611111
    ],
    "essay_scoreT_avg": 19.296297,
    "essay_scoreT_detail": {
      "essay_scoreT_org": [
        [
          2,
          2,
          2,
          1
        ],
        [
          2,
          2,
          2,
          2
        ],
        [
          2,
          1,
          1,
          2
        ]
      ],
      "essay_scoreT_cont": [
        [
          2,
          2,
          0,
          1
        ],
        [
          3,
          2,
          0,
          2
        ],
        [
          2,
          2,
          0,
          1
        ]
      ],
      "essay_scoreT_exp": [
        [
          2,
          2,
          2
        ],
        [
          2,
          3,
          2
        ],
        [
          1,
          1,
          1
        ]
      ]
    }
  },
  "student": {
    "date": "2021.09.10",
    "student_educated": true,
    "student_grade": "고등_1학년",
    "location": "063",
    "student_grade_group": "고등",
    "student_reading": 1
  },
  "rubric": {
    "essay_grade": "고등_1학년",
    "organization_weight": {
      "org_paragraph": 2,
      "org": 2,
      "org_essay": 4,
      "org_coherence": 2,
      "org_quantity": 1
    },
    "essay_type": "설명글",
    "content_weight": {
      "con_clearance": 4,
      "con_novelty": 3,
      "con": 4,
      "con_prompt": 0,
      "con_description": 1
    },
    "essay_main_subject": "영화/독서감상문",
    "expression_weight": {
      "exp_style": 1,
      "exp_grammar": 2,
      "exp_vocab": 3,
      "exp": 4
    }
  },
  "correction": [],
  "info": {
    "essay_id": "ESSAY_34626",
    "essay_prompt": " 영화에는 로맨스, 액션, 스릴러 등 정말 많은 장르가 있습니다. 사람마다 좋아하는 장르가 있고 절대 보지 않는 장르도 있습니다.\r\n\r\n 독서도 마찬가지입니다. 소설, 수필, 시, 만화, 위인전 등 여러가지 장르가 있습니다.\r\n\r\n 여러분은 어떤 장르를 좋아하나요? 그리고 해당 장르에서 가장 재미있게 봤던 영화나 책은 무엇인가요?\r\n\r\n 자신이 봤던 영화 혹은 책을 한 편 선정하여 주제와 내용 그리고 느낀점을 감상문으로 작성해주세요.",
    "essay_type": "설명글",
    "essay_level": "3",
    "essay_len": 745,
    "essay_main_subject": "영화/독서감상문"
  }
}