{
  "paragraph": [
    {
      "paragraph_txt": "이 책은 여러 에피소드를 담고 있다.#@문장구분# 그 중에 책제목과 깊게 연관 되어있는 고정욱 작가의 \"빡빡머리 앤\"을 읽었다.#@문장구분# 먼저 빡빡머리 삭바 앤=(관용적으로 여자이름) 이여서 삭발한 여자라고 첨에 생각되어 나에게는 내가 생각하는 전통적인 여성성과는 다른 모습이라 이상하다고 인식했다. #@문장구분#그러고 나서 책을 읽는 중에 우리 학교라는 작은 사회에서 조앤이 겪고 있는 성불평등을 보여주며 조앤 한 사람뿐만 아니라 우리 사회의 여성이 겪고 있는 성 불평등의 심각성을 보여주며 한 교훈을 주는 것 같았다.#@문장구분# 그러면서 내 주변의 엄마나 동생이 겪은 일이 전통적인 여성성을 요구하며 고통받는 것 역시 많고 어릴때부터 쭉 엄마를 보는 내 입장으로 썬 이부분은 공감이 된 것같다.#@문장구분# 하지만 또 한편으로써는 책에서 나오는 조앤의 비현실적인 설정과 사회에서 정한 남성성, 여성성이 꼭 나쁜 것인가? 에 대해서는 다시 생각해봐야할 문제인것같다.#@문장구분# 왜냐하면 인생을 사는 것은 정답이 없기 때문이다.#@문장구분# 치어리더, 레이싱걸등 전통적인 여성성을 필요로하는 직업도 있고 이것의 옳고 그르다는 판단 할 수 없고 자신의 능력껏 마음껏하되 돌아오는 책임을 져아한다.#@문장구분# 그리고 사회적시선을 당연하다고 생각한다.#@문장구분# 오래전부터 내려온 합리적이고 본능적인 법칙이 있을 것이다.#@문장구분# 결론은 각자의 삶이 힘들고 불합리한일들이 앞으로 살면서도 닥치겠지만 서로 역지사지해서 생각하고 도와가는 정신이 필요하다.#@문장구분#",
      "paragraph_len": 911,
      "paragraph_id": "001"
    }
  ],
  "score": {
    "paragraph_score": [
      {
        "paragraph_scoreT": [
          3,
          2.8333333,
          2.5
        ],
        "paragraph_scoreT_detail": {
          "paragraph_scoreT_exp": [
            [
              3,
              3,
              3
            ],
            [
              3,
              3,
              2
            ],
            [
              2,
              3,
              2
            ]
          ]
        },
        "paragraph_scoreT_avg": 2.7777777,
        "paragraph_id": "001"
      }
    ],
    "essay_scoreT": [
      30,
      26.222221,
      24.944445
    ],
    "essay_scoreT_avg": 27.055555,
    "essay_scoreT_detail": {
      "essay_scoreT_org": [
        [
          3,
          3,
          3,
          3
        ],
        [
          2,
          3,
          3,
          2
        ],
        [
          2,
          2,
          3,
          2
        ]
      ],
      "essay_scoreT_cont": [
        [
          3,
          3,
          0,
          3
        ],
        [
          3,
          2,
          0,
          2
        ],
        [
          3,
          2,
          0,
          3
        ]
      ],
      "essay_scoreT_exp": [
        [
          3,
          3,
          3
        ],
        [
          3,
          3,
          2
        ],
        [
          2,
          3,
          2
        ]
      ]
    }
  },
  "student": {
    "date": "2021.09.07",
    "student_educated": true,
    "student_grade": "고등_1학년",
    "location": "051",
    "student_grade_group": "고등",
    "student_reading": 2
  },
  "rubric": {
    "essay_grade": "고등_1학년",
    "organization_weight": {
      "org_paragraph": 2,
      "org": 2,
      "org_essay": 4,
      "org_coherence": 2,
      "org_quantity": 1
    },
    "essay_type": "설명글",
    "content_weight": {
      "con_clearance": 4,
      "con_novelty": 3,
      "con": 4,
      "con_prompt": 0,
      "con_description": 1
    },
    "essay_main_subject": "영화/독서감상문",
    "expression_weight": {
      "exp_style": 1,
      "exp_grammar": 2,
      "exp_vocab": 3,
      "exp": 4
    }
  },
  "correction": [],
  "info": {
    "essay_id": "ESSAY_34157",
    "essay_prompt": " 영화에는 로맨스, 액션, 스릴러 등 정말 많은 장르가 있습니다. 사람마다 좋아하는 장르가 있고 절대 보지 않는 장르도 있습니다.\r\n\r\n 독서도 마찬가지입니다. 소설, 수필, 시, 만화, 위인전 등 여러가지 장르가 있습니다.\r\n\r\n 여러분은 어떤 장르를 좋아하나요? 그리고 해당 장르에서 가장 재미있게 봤던 영화나 책은 무엇인가요?\r\n\r\n 자신이 봤던 영화 혹은 책을 한 편 선정하여 주제와 내용 그리고 느낀점을 감상문으로 작성해주세요.",
    "essay_type": "설명글",
    "essay_level": "3",
    "essay_len": 694,
    "essay_main_subject": "영화/독서감상문"
  }
}