{
  "paragraph": [
    {
      "paragraph_txt": "저는 영어로 된 책을 짧고 흥미롭게 읽고 싶어서 이 책을 선정하게 되었습니다. #@문장구분#이 책은 토네이도에 관한 정보를 담고 있는 책인데 주 로 토네이도가 많이 발생하는 미국을 중심으로 설명하고 있습니다.#@문장구분# 이 책은 토네이도의 위력, 토네이도의 크기, 토네이도의 속도 등의 많은 정보들을 담고 있습니다. #@문장구분#저는 이 책을 기후에 많은 관심이 있는 친구들과 토네이도에 관심이 있는 친구들에게 이 책을 권하고 싶습니다.#@문장구분# 저는 이 책을 읽고 한국에서는 많이 발생하지 않지만 미국같은 여러 외국 나라들에는 이런 기후 현상이 많이 일어난다는 소 식을 듣고 우리나라도 머지않아 이런 기후현상에 직면할수도 있겠다는 생각을 했고 이런일이 최소화 되도록 학생들이 기후이상에 많 은 관심을 갖고 좋은 기후를 위해 할수있는 노력들을 할수 있었으면 좋겠습니다. #@문장구분#",
      "paragraph_len": 506,
      "paragraph_id": "001"
    }
  ],
  "score": {
    "paragraph_score": [
      {
        "paragraph_scoreT": [
          2.6666667,
          2,
          1.8333334
        ],
        "paragraph_scoreT_detail": {
          "paragraph_scoreT_exp": [
            [
              2,
              3,
              3
            ],
            [
              2,
              2,
              2
            ],
            [
              2,
              2,
              1
            ]
          ]
        },
        "paragraph_scoreT_avg": 2.1666667,
        "paragraph_id": "001"
      }
    ],
    "essay_scoreT": [
      25.333334,
      18.5,
      17.277779
    ],
    "essay_scoreT_avg": 20.37037,
    "essay_scoreT_detail": {
      "essay_scoreT_org": [
        [
          2,
          3,
          3,
          1
        ],
        [
          2,
          2,
          2,
          2
        ],
        [
          1,
          1,
          2,
          1
        ]
      ],
      "essay_scoreT_cont": [
        [
          3,
          2,
          0,
          2
        ],
        [
          2,
          1,
          0,
          2
        ],
        [
          2,
          2,
          0,
          1
        ]
      ],
      "essay_scoreT_exp": [
        [
          2,
          3,
          3
        ],
        [
          2,
          2,
          2
        ],
        [
          2,
          2,
          1
        ]
      ]
    }
  },
  "student": {
    "date": "2021.09.07",
    "student_educated": true,
    "student_grade": "고등_1학년",
    "location": "063",
    "student_grade_group": "고등",
    "student_reading": 3
  },
  "rubric": {
    "essay_grade": "고등_1학년",
    "organization_weight": {
      "org_paragraph": 2,
      "org": 2,
      "org_essay": 4,
      "org_coherence": 2,
      "org_quantity": 1
    },
    "essay_type": "설명글",
    "content_weight": {
      "con_clearance": 4,
      "con_novelty": 3,
      "con": 4,
      "con_prompt": 0,
      "con_description": 1
    },
    "essay_main_subject": "영화/독서감상문",
    "expression_weight": {
      "exp_style": 1,
      "exp_grammar": 2,
      "exp_vocab": 3,
      "exp": 4
    }
  },
  "correction": [],
  "info": {
    "essay_id": "ESSAY_34528",
    "essay_prompt": " 영화에는 로맨스, 액션, 스릴러 등 정말 많은 장르가 있습니다. 사람마다 좋아하는 장르가 있고 절대 보지 않는 장르도 있습니다.\r\n\r\n 독서도 마찬가지입니다. 소설, 수필, 시, 만화, 위인전 등 여러가지 장르가 있습니다.\r\n\r\n 여러분은 어떤 장르를 좋아하나요? 그리고 해당 장르에서 가장 재미있게 봤던 영화나 책은 무엇인가요?\r\n\r\n 자신이 봤던 영화 혹은 책을 한 편 선정하여 주제와 내용 그리고 느낀점을 감상문으로 작성해주세요.",
    "essay_type": "설명글",
    "essay_level": "3",
    "essay_len": 406,
    "essay_main_subject": "영화/독서감상문"
  }
}