{
  "paragraph": [
    {
      "paragraph_txt": "몇 년 전부터 시작된 코로나 19로 인해 자유의 제한이 있었다.#@문장구분# \n그나마 집에서 영화를 볼 수 있었는데 그나마 영화 `월드 워지`가 기억에 남는다.#@문장구분#  그 영화는 내가 태어나기 몇 년전 브레드 피트가 주연으로 나왔다.#@문장구분#\n이 영화는 가족의 생사가 달린 문제에서 좀비들과 생존 영화이자 스케일링이 큰 영화이다.#@문장구분# 또한 내가 가끔씩 그 영화와 관련 영상을 시청하고 좀비물을 좋아하는 이유이다.#@문장구분# \n영화 중반주에서 이스라엘에서 벽을 막아놓지만 노랫소리로 인하여 좀비들이 넘어온 장면이 있었다. #@문장구분#이에 정신을 차린 그는 도망치지만 도중에 부상에도 불구하고 병원까지 간 것이 인상적이었다.#@문장구분#\n그 쪽에서 임무가 우선시였지만 그에게는 가족이 중요하기 때문에 그들을 위해서 자신으 희생을 마다하지 않았기 때문이다.#@문장구분#\n종반부에 가족과 재회하고 세계에 백신 예방을 하는 장면이 나오는데 수 십 년 후에 현재 이 상황이 벌이질 줄 몰랐다.#@문장구분#",
      "paragraph_len": 630,
      "paragraph_id": "001"
    }
  ],
  "score": {
    "paragraph_score": [
      {
        "paragraph_scoreT": [
          2,
          2.3333333,
          2
        ],
        "paragraph_scoreT_detail": {
          "paragraph_scoreT_exp": [
            [
              2,
              2,
              2
            ],
            [
              3,
              2,
              2
            ],
            [
              2,
              2,
              2
            ]
          ]
        },
        "paragraph_scoreT_avg": 2.111111,
        "paragraph_id": "001"
      }
    ],
    "essay_scoreT": [
      17.5,
      21.11111,
      18.277779
    ],
    "essay_scoreT_avg": 18.962963,
    "essay_scoreT_detail": {
      "essay_scoreT_org": [
        [
          2,
          2,
          2,
          2
        ],
        [
          2,
          2,
          2,
          1
        ],
        [
          2,
          2,
          2,
          1
        ]
      ],
      "essay_scoreT_cont": [
        [
          1,
          2,
          0,
          1
        ],
        [
          2,
          2,
          0,
          2
        ],
        [
          2,
          1,
          0,
          2
        ]
      ],
      "essay_scoreT_exp": [
        [
          2,
          2,
          2
        ],
        [
          3,
          2,
          2
        ],
        [
          2,
          2,
          2
        ]
      ]
    }
  },
  "student": {
    "date": "2021.09.03",
    "student_educated": true,
    "student_grade": "고등_1학년",
    "location": "051",
    "student_grade_group": "고등",
    "student_reading": 1
  },
  "rubric": {
    "essay_grade": "고등_1학년",
    "organization_weight": {
      "org_paragraph": 2,
      "org": 2,
      "org_essay": 4,
      "org_coherence": 2,
      "org_quantity": 1
    },
    "essay_type": "설명글",
    "content_weight": {
      "con_clearance": 4,
      "con_novelty": 3,
      "con": 4,
      "con_prompt": 0,
      "con_description": 1
    },
    "essay_main_subject": "영화/독서감상문",
    "expression_weight": {
      "exp_style": 1,
      "exp_grammar": 2,
      "exp_vocab": 3,
      "exp": 4
    }
  },
  "correction": [],
  "info": {
    "essay_id": "ESSAY_34291",
    "essay_prompt": " 영화에는 로맨스, 액션, 스릴러 등 정말 많은 장르가 있습니다. 사람마다 좋아하는 장르가 있고 절대 보지 않는 장르도 있습니다.\r\n\r\n 독서도 마찬가지입니다. 소설, 수필, 시, 만화, 위인전 등 여러가지 장르가 있습니다.\r\n\r\n 여러분은 어떤 장르를 좋아하나요? 그리고 해당 장르에서 가장 재미있게 봤던 영화나 책은 무엇인가요?\r\n\r\n 자신이 봤던 영화 혹은 책을 한 편 선정하여 주제와 내용 그리고 느낀점을 감상문으로 작성해주세요.",
    "essay_type": "설명글",
    "essay_level": "3",
    "essay_len": 451,
    "essay_main_subject": "영화/독서감상문"
  }
}