{
  "paragraph": [
    {
      "paragraph_txt": "the cactus는 O.Henry의 단편소설이다.#@문장구분# 트레이스데일과 그 연인에 대한 이야기를 다루고 있다.#@문장구분# 트레이스데일은 어떤 여자에게 한눈에 반하게 된다.#@문장구분#그녀는 트라이스데일이 스페인 어를 잘한다고 믿고 있었다.#@문장구분# 과거 트라이스데일은 어디선가 주워들은 스페인 속담을 커라더스라는 선장에게 말해주었고, 커라더스는 트라이스데일이 스페인 어를 잘한다고 과장해서 말하게 된다.#@문장구분# 트레이스데일은 이를 악용해 자기가 반한 여자에게 스페인 어를 잘한다고 거짓말을 하게 된다.#@문장구분# 그렇게 호감을 산 트레이스데일은 좋은 관계로 발전하게되고 청혼하게 된다.#@문장구분# 하지만 거짓말은 들통나 결국엔 여자는 다른 남자와 결혼하게 된다.#@문장구분#",
      "paragraph_len": 493,
      "paragraph_id": "001"
    },
    {
      "paragraph_txt": "이 책을 통해 느낀 것은 거짓말은 결국엔 나쁜 결과를 불러온다는 것이다.#@문장구분# 이를 통해서 크든 작든 거짓말은 하지 말아야 한다는 사실을 다시 한 번 상기시켜주는 비극이였다.#@문장구분#",
      "paragraph_len": 134,
      "paragraph_id": "002"
    }
  ],
  "score": {
    "paragraph_score": [
      {
        "paragraph_scoreT": [
          2.6666667,
          1.8333334,
          1.8333334
        ],
        "paragraph_scoreT_detail": {
          "paragraph_scoreT_exp": [
            [
              2,
              3,
              3
            ],
            [
              2,
              2,
              1
            ],
            [
              2,
              2,
              1
            ]
          ]
        },
        "paragraph_scoreT_avg": 2.1111112,
        "paragraph_id": "001"
      },
      {
        "paragraph_scoreT": [
          3,
          1.8333334,
          1.8333334
        ],
        "paragraph_scoreT_detail": {
          "paragraph_scoreT_exp": [
            [
              3,
              3,
              3
            ],
            [
              2,
              2,
              1
            ],
            [
              2,
              2,
              1
            ]
          ]
        },
        "paragraph_scoreT_avg": 2.2222223,
        "paragraph_id": "002"
      }
    ],
    "essay_scoreT": [
      20.222221,
      17.61111,
      16.222221
    ],
    "essay_scoreT_avg": 18.018518,
    "essay_scoreT_detail": {
      "essay_scoreT_org": [
        [
          3,
          3,
          3,
          1
        ],
        [
          2,
          2,
          2,
          1
        ],
        [
          1,
          2,
          2,
          1
        ]
      ],
      "essay_scoreT_cont": [
        [
          1,
          1,
          0,
          1
        ],
        [
          2,
          1,
          0,
          2
        ],
        [
          2,
          1,
          0,
          1
        ]
      ],
      "essay_scoreT_exp": [
        [
          2,
          3,
          3
        ],
        [
          2,
          2,
          1
        ],
        [
          2,
          2,
          1
        ]
      ]
    }
  },
  "student": {
    "date": "2021.09.13",
    "student_educated": true,
    "student_grade": "고등_1학년",
    "location": "063",
    "student_grade_group": "고등",
    "student_reading": 1
  },
  "rubric": {
    "essay_grade": "고등_1학년",
    "organization_weight": {
      "org_paragraph": 2,
      "org": 2,
      "org_essay": 4,
      "org_coherence": 2,
      "org_quantity": 1
    },
    "essay_type": "설명글",
    "content_weight": {
      "con_clearance": 4,
      "con_novelty": 3,
      "con": 4,
      "con_prompt": 0,
      "con_description": 1
    },
    "essay_main_subject": "영화/독서감상문",
    "expression_weight": {
      "exp_style": 1,
      "exp_grammar": 2,
      "exp_vocab": 3,
      "exp": 4
    }
  },
  "correction": [],
  "info": {
    "essay_id": "ESSAY_34569",
    "essay_prompt": " 영화에는 로맨스, 액션, 스릴러 등 정말 많은 장르가 있습니다. 사람마다 좋아하는 장르가 있고 절대 보지 않는 장르도 있습니다.\r\n\r\n 독서도 마찬가지입니다. 소설, 수필, 시, 만화, 위인전 등 여러가지 장르가 있습니다.\r\n\r\n 여러분은 어떤 장르를 좋아하나요? 그리고 해당 장르에서 가장 재미있게 봤던 영화나 책은 무엇인가요?\r\n\r\n 자신이 봤던 영화 혹은 책을 한 편 선정하여 주제와 내용 그리고 느낀점을 감상문으로 작성해주세요.",
    "essay_type": "설명글",
    "essay_level": "3",
    "essay_len": 429,
    "essay_main_subject": "영화/독서감상문"
  }
}