{
  "paragraph": [
    {
      "paragraph_txt": "이 이야기는 북극에 사는 아이들이 어머니의 심부름을 받아 할머니께 음식을 가져다 드리는 과정을 그린 이야기인데, 할머니께 가는도중 눈보라가 쳐서 길을 잠깐 잃고나니 동굴쪽에서 한 목소리가 들렸습니다.#@문장구분# 그 목소리는 자기를 아이들의 할머니의 친구라고 하면서 아이들을 동굴 안쪽으로 유인했습니다.#@문장구분#<br/>그러나 그 목소리의 정체는 사실 아이들을 잡아먹으려고 아이들을 속인 북극곰이었습니다.#@문장구분# 아이들은 그말을 듣고 동굴에 들어갔지만 금방 그것이 자신들을 속이려고 한 것임을 깨닫고 음식을 주는 척 하면서 돌을 줘서 북극곰이 그걸 씹고 아파하는 순간에 탈출하였습니다.#@문장구분# 그리고 아이들은 무사히 할머니댁에 가는 이야기였습니다.#@문장구분# 저는 이 이야기를 읽고 '호랑이 굴에 들어가도 정신만 차리면 산<br/>다'라는 말이 떠올랐습니다.#@문장구분# 그리고 지혜가 삶에서 중요하다는 것도 깨달았습니다.#@문장구분#<br/>",
      "paragraph_len": 590,
      "paragraph_id": "001"
    }
  ],
  "score": {
    "paragraph_score": [
      {
        "paragraph_scoreT": [
          1.8333334,
          2,
          1.8333334
        ],
        "paragraph_scoreT_detail": {
          "paragraph_scoreT_exp": [
            [
              2,
              2,
              1
            ],
            [
              2,
              2,
              2
            ],
            [
              2,
              2,
              1
            ]
          ]
        },
        "paragraph_scoreT_avg": 1.888889,
        "paragraph_id": "001"
      }
    ],
    "essay_scoreT": [
      18.88889,
      20,
      17.333334
    ],
    "essay_scoreT_avg": 18.74074,
    "essay_scoreT_detail": {
      "essay_scoreT_org": [
        [
          2,
          2,
          2,
          0
        ],
        [
          2,
          2,
          2,
          2
        ],
        [
          2,
          2,
          2,
          2
        ]
      ],
      "essay_scoreT_cont": [
        [
          2,
          2,
          0,
          2
        ],
        [
          2,
          2,
          0,
          2
        ],
        [
          2,
          1,
          0,
          1
        ]
      ],
      "essay_scoreT_exp": [
        [
          2,
          2,
          1
        ],
        [
          2,
          2,
          2
        ],
        [
          2,
          2,
          1
        ]
      ]
    }
  },
  "student": {
    "date": "2021.09.10",
    "student_educated": true,
    "student_grade": "고등_1학년",
    "location": "063",
    "student_grade_group": "고등",
    "student_reading": 1
  },
  "rubric": {
    "essay_grade": "고등_1학년",
    "organization_weight": {
      "org_paragraph": 2,
      "org": 2,
      "org_essay": 4,
      "org_coherence": 2,
      "org_quantity": 1
    },
    "essay_type": "설명글",
    "content_weight": {
      "con_clearance": 4,
      "con_novelty": 3,
      "con": 4,
      "con_prompt": 0,
      "con_description": 1
    },
    "essay_main_subject": "영화/독서감상문",
    "expression_weight": {
      "exp_style": 1,
      "exp_grammar": 2,
      "exp_vocab": 3,
      "exp": 4
    }
  },
  "correction": [],
  "info": {
    "essay_id": "ESSAY_34658",
    "essay_prompt": " 영화에는 로맨스, 액션, 스릴러 등 정말 많은 장르가 있습니다. 사람마다 좋아하는 장르가 있고 절대 보지 않는 장르도 있습니다.\r\n\r\n 독서도 마찬가지입니다. 소설, 수필, 시, 만화, 위인전 등 여러가지 장르가 있습니다.\r\n\r\n 여러분은 어떤 장르를 좋아하나요? 그리고 해당 장르에서 가장 재미있게 봤던 영화나 책은 무엇인가요?\r\n\r\n 자신이 봤던 영화 혹은 책을 한 편 선정하여 주제와 내용 그리고 느낀점을 감상문으로 작성해주세요.",
    "essay_type": "설명글",
    "essay_level": "3",
    "essay_len": 420,
    "essay_main_subject": "영화/독서감상문"
  }
}