{
  "paragraph": [
    {
      "paragraph_txt": "이 책의 저자는 책을 시작하기 전 두가지 포부를 제시했는데, 이 책에는 E=mc^2이라는 한가지 방정식만이 등장할 것이라는 것과 모든 독자가 단 한명도 뒤처지지 않고 따라오도록 하겠다는 것이다.#@문장구분# \n모두가 한번쯤 밤하늘의 별을 바라본 적이 있을 것이다.#@문장구분#\n수없이 반짝이는 별들을 궁금해 하던 사람, 별자리의 모양을 보며 자신이나 나라의 운명을 점치던 사람, 별자리로 자신이 가야할 곳을 판단하던 사람 등 밤하늘의 별이 우리 인류의 역사에 미친 영향은 지대하다.#@문장구분#\n이러한 별들은 지구에 속한 은하계에는 태양같은 항성이 3000억개정도 있고, 그런 은하계가 이 우주에 1000억개가 넘게 있으며, 우주 전체에는 300~500억의 1조배 정도의 별이 존재한다고 한다. #@문장구분#\n저자는 이에 이어서 우주에 존재하는 모든 것들의 상관관계와 그에 대한 법칙을 설명하는데, 뉴턴이 주장한 중력법칙에서 모든 물체가 서로 끌어당기는 힘이 있지만 그 힘의 원천은 찾지 못하였고, 이를 아인슈타인의 일반 상대성 이론이 설명할 수 있게 되었다는 이야기 등 이 세상의 운동법칙을 설명하였다.#@문장구분#\n아인슈타인은 이어서 우리가 살고 있는 우주가 일반 상대성 이론에 입각하여 계속해서 변하고 있으며 계속 확장하고 있다고 했는데, 에드윈 허블은 이 주장이 사실이며 더 나아가 우리가 속한 은하 이외에도 수없이 많은 은하가 우주에는 존재하며 우주 전체론적인 관점에서 바라볼 때 그저 어떠한 의미도 갖지 않는 평범한 존재에 그친다는 사실을 확언하기도 했다.#@문장구분# \n이 책을 읽고 나서 든 생각은 끊임없이 발달하는 과학의 파도에서 여전히 내가 나아가는것, 내가 나로써 살아가는 것들 모두 과학으로 설명되지 않을 우주적 속성이지 않을까 하는 생각이 들었고 호기심을 잃지 않는 사람들이라면 꼭 한번쯤 접해보고 싶어할 것이라고 생각했다.#@문장구분#",
      "paragraph_len": 1020,
      "paragraph_id": "001"
    }
  ],
  "score": {
    "paragraph_score": [
      {
        "paragraph_scoreT": [
          3,
          3,
          2
        ],
        "paragraph_scoreT_detail": {
          "paragraph_scoreT_exp": [
            [
              3,
              3,
              3
            ],
            [
              3,
              3,
              3
            ],
            [
              2,
              2,
              2
            ]
          ]
        },
        "paragraph_scoreT_avg": 2.6666667,
        "paragraph_id": "001"
      }
    ],
    "essay_scoreT": [
      30,
      25.555555,
      22.944445
    ],
    "essay_scoreT_avg": 26.166666,
    "essay_scoreT_detail": {
      "essay_scoreT_org": [
        [
          3,
          3,
          3,
          3
        ],
        [
          3,
          2,
          3,
          3
        ],
        [
          2,
          2,
          3,
          2
        ]
      ],
      "essay_scoreT_cont": [
        [
          3,
          3,
          0,
          3
        ],
        [
          2,
          2,
          0,
          2
        ],
        [
          3,
          2,
          0,
          3
        ]
      ],
      "essay_scoreT_exp": [
        [
          3,
          3,
          3
        ],
        [
          3,
          3,
          3
        ],
        [
          2,
          2,
          2
        ]
      ]
    }
  },
  "student": {
    "date": "2021.09.07",
    "student_educated": true,
    "student_grade": "고등_1학년",
    "location": "051",
    "student_grade_group": "고등",
    "student_reading": 1
  },
  "rubric": {
    "essay_grade": "고등_1학년",
    "organization_weight": {
      "org_paragraph": 2,
      "org": 2,
      "org_essay": 4,
      "org_coherence": 2,
      "org_quantity": 1
    },
    "essay_type": "설명글",
    "content_weight": {
      "con_clearance": 4,
      "con_novelty": 3,
      "con": 4,
      "con_prompt": 0,
      "con_description": 1
    },
    "essay_main_subject": "영화/독서감상문",
    "expression_weight": {
      "exp_style": 1,
      "exp_grammar": 2,
      "exp_vocab": 3,
      "exp": 4
    }
  },
  "correction": [],
  "info": {
    "essay_id": "ESSAY_34406",
    "essay_prompt": " 영화에는 로맨스, 액션, 스릴러 등 정말 많은 장르가 있습니다. 사람마다 좋아하는 장르가 있고 절대 보지 않는 장르도 있습니다.\r\n\r\n 독서도 마찬가지입니다. 소설, 수필, 시, 만화, 위인전 등 여러가지 장르가 있습니다.\r\n\r\n 여러분은 어떤 장르를 좋아하나요? 그리고 해당 장르에서 가장 재미있게 봤던 영화나 책은 무엇인가요?\r\n\r\n 자신이 봤던 영화 혹은 책을 한 편 선정하여 주제와 내용 그리고 느낀점을 감상문으로 작성해주세요.",
    "essay_type": "설명글",
    "essay_level": "3",
    "essay_len": 880,
    "essay_main_subject": "영화/독서감상문"
  }
}