{
  "paragraph": [
    {
      "paragraph_txt": "이 책은 Trysdale이라는 주인공과 한 여자에 관한 이야기이다.#@문장구분# Trysdale은 자신이 청혼했던 여자의 결혼식에 와 있다.#@문장구분# 그는 장갑을 벗으며 과거를 회상한다.#@문장구분# Trysdale은 과거 한 여자와 여러 이야기를 하며 서로 호감을 쌓아간다. #@문장구분#그러던 어느 날 그 여자가 Trysdale 에게 스페인어를 잘한다는 말을 들었다고 하자 그는 잘 한다고 답했다.#@문장구분# Trysdale은 사실 스페인어를 잘 하지 못한다.#@문장구분# 그냥 어디서 주 워 들었던 말을 조금 알고 있었을 뿐인데 자존심이 세고 거만한 성격 때문에 잘한다고 거짓말을 친것이다.#@문장구분# 순진한 여자는 그 말을 온 전히 믿었고 Trysdale은 여자가 자신에게 반했다고 확신했다. #@문장구분#그렇게 시간이 흘러 Trysdale은 드디어 여자에게 청혼을 했다. #@문장구분#그리고 여자는 그날 대답하지 않고 대신 다음 날에 선인장 하나를 보낸다. 그 선인장이 들어있는 화분에는 ventomarme라는 단어가 적혀 있었 다.#@문장구분# Trysdale은 선인장을 대수롭지 않게 생각하고 여자의 답장만들 기다렸다.#@문장구분# 그러나 답장은 오지 않았고 그는 자신이 차였다고 생각 했다.#@문장구분# 시간이 흘러 무도회에서 만난 둘은 서로 아무말도 하지 못하고 뻘쭘하게 서 있다가 헤어지게 된다.#@문장구분# 그리고 여자는 다른 남자와 결혼을 하고 있었다. #@문장구분#그렇게 Trysdale이 회상을 하고 있을 때, 여자의 오빠이며 Trysdale의 친구인 남자가 Trysdale에게 와서 이야기 를 하게 된다. #@문장구분#그러다가 남자는 Trysdale의 옆에 있는 선인장을 보게 되고 어디서 났냐고 물어보고 Trysdale은 그냥 아는 사람이 줬다 고 했다. #@문장구분#그 친구는 남미에서 온 자신은 그 선인장을 잘 안다며 그 선인장에 대해 설명을 해준다.#@문장구분# 그 선인장은 남미에서 흔히 볼 수 있 는 선인장으로 바람이 불면 마치 사람이 손짓하는것같은 움직임을 보여서 ventomarme 즉 take me 나를 데려가 라는 꽃말이 붙었다고 하였고 그것을 들은 Trysdale은 이제서야 그의 잘못을 인지하고 후회를하며 이야기가 끝이 난다. #@문장구분#\n 이 이야기를 읽는 동안 Trysdale은 좋게 말하면 자신감 있는, 나쁘게 말하면 오만한 성격 때문에 언젠간 크게 해를 입을 것이라고 생 각했다. #@문장구분#그리고 역시 그 대가로 사랑하는 연인을 잃게 되었다.#@문장구분# Trysdale의 이야기를 보고 나는 Trysdale처럼 잘나보이고 싶은 마음에 그냥 거짓말을 하기보다 차라리 사실대로 말하는게 훨씬 더 낫다고 생각한다.#@문장구분# 거짓말을 나중에 들켜서 더 큰 화를 입는것 보다 처음부 터 사실대로 말하면 자신의 흠을 스스로 밝히는 것이지만 고쳐나가서 발전된 모습을 보여주는게 훨신 효력이 있다고 생각한다.#@문장구분#",
      "paragraph_len": 1730,
      "paragraph_id": "001"
    }
  ],
  "score": {
    "paragraph_score": [
      {
        "paragraph_scoreT": [
          2.6666667,
          2.8333333,
          1.8333334
        ],
        "paragraph_scoreT_detail": {
          "paragraph_scoreT_exp": [
            [
              2,
              3,
              3
            ],
            [
              3,
              3,
              2
            ],
            [
              2,
              2,
              1
            ]
          ]
        },
        "paragraph_scoreT_avg": 2.4444444,
        "paragraph_id": "001"
      }
    ],
    "essay_scoreT": [
      25.166668,
      28.444445,
      21.333334
    ],
    "essay_scoreT_avg": 24.981483,
    "essay_scoreT_detail": {
      "essay_scoreT_org": [
        [
          3,
          3,
          3,
          3
        ],
        [
          2,
          3,
          3,
          3
        ],
        [
          2,
          2,
          2,
          2
        ]
      ],
      "essay_scoreT_cont": [
        [
          2,
          2,
          0,
          3
        ],
        [
          3,
          3,
          0,
          3
        ],
        [
          3,
          2,
          0,
          2
        ]
      ],
      "essay_scoreT_exp": [
        [
          2,
          3,
          3
        ],
        [
          3,
          3,
          2
        ],
        [
          2,
          2,
          1
        ]
      ]
    }
  },
  "student": {
    "date": "2021.09.07",
    "student_educated": true,
    "student_grade": "고등_1학년",
    "location": "063",
    "student_grade_group": "고등",
    "student_reading": 3
  },
  "rubric": {
    "essay_grade": "고등_1학년",
    "organization_weight": {
      "org_paragraph": 2,
      "org": 2,
      "org_essay": 4,
      "org_coherence": 2,
      "org_quantity": 1
    },
    "essay_type": "설명글",
    "content_weight": {
      "con_clearance": 4,
      "con_novelty": 3,
      "con": 4,
      "con_prompt": 0,
      "con_description": 1
    },
    "essay_main_subject": "영화/독서감상문",
    "expression_weight": {
      "exp_style": 1,
      "exp_grammar": 2,
      "exp_vocab": 3,
      "exp": 4
    }
  },
  "correction": [],
  "info": {
    "essay_id": "ESSAY_34562",
    "essay_prompt": " 영화에는 로맨스, 액션, 스릴러 등 정말 많은 장르가 있습니다. 사람마다 좋아하는 장르가 있고 절대 보지 않는 장르도 있습니다.\r\n\r\n 독서도 마찬가지입니다. 소설, 수필, 시, 만화, 위인전 등 여러가지 장르가 있습니다.\r\n\r\n 여러분은 어떤 장르를 좋아하나요? 그리고 해당 장르에서 가장 재미있게 봤던 영화나 책은 무엇인가요?\r\n\r\n 자신이 봤던 영화 혹은 책을 한 편 선정하여 주제와 내용 그리고 느낀점을 감상문으로 작성해주세요.",
    "essay_type": "설명글",
    "essay_level": "3",
    "essay_len": 1286,
    "essay_main_subject": "영화/독서감상문"
  }
}