{
  "paragraph": [
    {
      "paragraph_txt": "책의 제목 'hidden figures'는 한국어로 번역하면 숨겨진 영웅이라는 뜻이다.#@문장구분# 책의 내용 중에서 메리 잭슨이 엔지니어가 되고 싶다는 말을 했었다.#@문장구분# 엔지니어가 되려고 준비를 해놓으면 커트라인을 더 높게 바꿔,갈 수없게 해놓는다.#@문장구분# 흑인이 갈 수 없는 대학에서 수업을 들어야만 엔지니어가 될 수 있다.#@문장구분# 왠만한 사람과 영웅은 여기서 갈리는 것같다는 생각이 든다.#@문장구분# 그리고 책 내용 중에서 메리 잭슨은 포기하지 않고 법정에 이의 신청을 낸다.#@문장구분# 그리고 판사를 논리적으로 반박해낸다.#@문장구분# 그런 준비성없이는 불가능했을 것이고,어떤 판사라도 그녀의 말에 거부하지 못했을 것 같다.#@문장구분# 마지막으로 메리 잭슨이 했던 말들 중에 가장 인상 깊었던 말은 '천국은 침노하는 자의 것이고,두드리면 열릴 것이요,찾으면 찾을 것이다.'라는 말이다.#@문장구분#<br/>안되는 것이 있더라도 끝까지 해보자라고 나는 해석하고 있다.#@문장구분# 이 책을 읽고 메리 잭슨같은 분도 내가 존경해야 할 사람이 되었다.#@문장구분#<br/>",
      "paragraph_len": 714,
      "paragraph_id": "001"
    }
  ],
  "score": {
    "paragraph_score": [
      {
        "paragraph_scoreT": [
          1.8333334,
          2,
          1.3333334
        ],
        "paragraph_scoreT_detail": {
          "paragraph_scoreT_exp": [
            [
              2,
              2,
              1
            ],
            [
              2,
              2,
              2
            ],
            [
              2,
              1,
              1
            ]
          ]
        },
        "paragraph_scoreT_avg": 1.7222223,
        "paragraph_id": "001"
      }
    ],
    "essay_scoreT": [
      14.888889,
      18.5,
      13.333334
    ],
    "essay_scoreT_avg": 15.574074,
    "essay_scoreT_detail": {
      "essay_scoreT_org": [
        [
          2,
          1,
          2,
          2
        ],
        [
          2,
          2,
          2,
          2
        ],
        [
          1,
          1,
          1,
          1
        ]
      ],
      "essay_scoreT_cont": [
        [
          1,
          1,
          0,
          1
        ],
        [
          2,
          1,
          0,
          2
        ],
        [
          2,
          1,
          0,
          1
        ]
      ],
      "essay_scoreT_exp": [
        [
          2,
          2,
          1
        ],
        [
          2,
          2,
          2
        ],
        [
          2,
          1,
          1
        ]
      ]
    }
  },
  "student": {
    "date": "2021.09.10",
    "student_educated": true,
    "student_grade": "고등_1학년",
    "location": "063",
    "student_grade_group": "고등",
    "student_reading": 1
  },
  "rubric": {
    "essay_grade": "고등_1학년",
    "organization_weight": {
      "org_paragraph": 2,
      "org": 2,
      "org_essay": 4,
      "org_coherence": 2,
      "org_quantity": 1
    },
    "essay_type": "설명글",
    "content_weight": {
      "con_clearance": 4,
      "con_novelty": 3,
      "con": 4,
      "con_prompt": 0,
      "con_description": 1
    },
    "essay_main_subject": "영화/독서감상문",
    "expression_weight": {
      "exp_style": 1,
      "exp_grammar": 2,
      "exp_vocab": 3,
      "exp": 4
    }
  },
  "correction": [],
  "info": {
    "essay_id": "ESSAY_34684",
    "essay_prompt": " 영화에는 로맨스, 액션, 스릴러 등 정말 많은 장르가 있습니다. 사람마다 좋아하는 장르가 있고 절대 보지 않는 장르도 있습니다.\r\n\r\n 독서도 마찬가지입니다. 소설, 수필, 시, 만화, 위인전 등 여러가지 장르가 있습니다.\r\n\r\n 여러분은 어떤 장르를 좋아하나요? 그리고 해당 장르에서 가장 재미있게 봤던 영화나 책은 무엇인가요?\r\n\r\n 자신이 봤던 영화 혹은 책을 한 편 선정하여 주제와 내용 그리고 느낀점을 감상문으로 작성해주세요.",
    "essay_type": "설명글",
    "essay_level": "3",
    "essay_len": 474,
    "essay_main_subject": "영화/독서감상문"
  }
}