{
  "paragraph": [
    {
      "paragraph_txt": "나는 최근에 여자친구와 `인질`이라는 영화를 보았다#@문장구분# 그 영화는 황정민의 주인공으로 나오는데 어떤 남자들이 황정민을 납치 할 때 나에게 그 상황이 오면 어떻게 대응을 해야할지 떠 올랐다.#@문장구분# 그 상황을 생각해보니 엄청 끔찍했었다.#@문장구분#   공감을 하며 영화를 계속 보았는데 황정민을 납치할 사람들은 전부터 계속 납치를 해왔었다고 그 납치범들이 납치되고 사람들에게 계산된 고문을 하는 장면을 볼 때 내가 더 긴장하고 내 마음도 아팠었다#@문장구분# 그리고 황정민이 약을 못먹어서 아플 때 납치범의 마음이 약해졌을 때 납치범도 좋은 생각을 하고나 싶었다. #@문장구분# 그리고 납치범이 약을 사러 갔을 때 황정민이 탈출을 하였고 그 때의 심정이 얼마나 떨리고 무서웠을지 공감이 되었고 그 장명을 보고 난 후 엄청 집중하여 영화를 보았다.#@문장구분#  영화중간 납치범대장이 납치법 부하들을 남기고 돈을 다 가지고 도마을 가서 납치법인 화났을 때 엄청 살벌 하였다#@문장구분# 이영화를 볼 때 엄청 집중을 하고 공감이 잘 되었다.#@문장구분#  그래서 엄청 재밌는 경험을 하였다.#@문장구분#  그래서 기분이 상당히 좋았다.#@문장구분#",
      "paragraph_len": 722,
      "paragraph_id": "001"
    }
  ],
  "score": {
    "paragraph_score": [
      {
        "paragraph_scoreT": [
          3,
          2.8333333,
          2
        ],
        "paragraph_scoreT_detail": {
          "paragraph_scoreT_exp": [
            [
              3,
              3,
              3
            ],
            [
              3,
              3,
              2
            ],
            [
              2,
              2,
              2
            ]
          ]
        },
        "paragraph_scoreT_avg": 2.611111,
        "paragraph_id": "001"
      }
    ],
    "essay_scoreT": [
      24.055555,
      25.11111,
      17.777779
    ],
    "essay_scoreT_avg": 22.314814,
    "essay_scoreT_detail": {
      "essay_scoreT_org": [
        [
          3,
          3,
          3,
          1
        ],
        [
          2,
          2,
          2,
          1
        ],
        [
          2,
          2,
          2,
          1
        ]
      ],
      "essay_scoreT_cont": [
        [
          2,
          1,
          0,
          2
        ],
        [
          3,
          2,
          0,
          2
        ],
        [
          2,
          1,
          0,
          1
        ]
      ],
      "essay_scoreT_exp": [
        [
          3,
          3,
          3
        ],
        [
          3,
          3,
          2
        ],
        [
          2,
          2,
          2
        ]
      ]
    }
  },
  "student": {
    "date": "2021.09.03",
    "student_educated": true,
    "student_grade": "고등_1학년",
    "location": "051",
    "student_grade_group": "고등",
    "student_reading": 1
  },
  "rubric": {
    "essay_grade": "고등_1학년",
    "organization_weight": {
      "org_paragraph": 2,
      "org": 2,
      "org_essay": 4,
      "org_coherence": 2,
      "org_quantity": 1
    },
    "essay_type": "설명글",
    "content_weight": {
      "con_clearance": 4,
      "con_novelty": 3,
      "con": 4,
      "con_prompt": 0,
      "con_description": 1
    },
    "essay_main_subject": "영화/독서감상문",
    "expression_weight": {
      "exp_style": 1,
      "exp_grammar": 2,
      "exp_vocab": 3,
      "exp": 4
    }
  },
  "correction": [],
  "info": {
    "essay_id": "ESSAY_34308",
    "essay_prompt": " 영화에는 로맨스, 액션, 스릴러 등 정말 많은 장르가 있습니다. 사람마다 좋아하는 장르가 있고 절대 보지 않는 장르도 있습니다.\r\n\r\n 독서도 마찬가지입니다. 소설, 수필, 시, 만화, 위인전 등 여러가지 장르가 있습니다.\r\n\r\n 여러분은 어떤 장르를 좋아하나요? 그리고 해당 장르에서 가장 재미있게 봤던 영화나 책은 무엇인가요?\r\n\r\n 자신이 봤던 영화 혹은 책을 한 편 선정하여 주제와 내용 그리고 느낀점을 감상문으로 작성해주세요.",
    "essay_type": "설명글",
    "essay_level": "3",
    "essay_len": 522,
    "essay_main_subject": "영화/독서감상문"
  }
}