{
  "paragraph": [
    {
      "paragraph_txt": "이책은 학교 독서시간에 읽었다.#@문장구분#\n이책은 역사적인 비극적 삶의 극복을 주제로 삼고있다.#@문장구분#\n주인공은 나는 폐허로된 옛집을 찾아 검사가 되어 돌아왔다.#@문장구분# \n6.25대 아버지를 죽인 범인을 찾으려 힘든 상황을 이겨내며 검사가 되고 고향에 내려왔다#@문장구분# 그리고 박 판돌이 라는 머슴이 주인공의 아버지를 죽인 범인이다.#@문장구분# 판돌이는 고향에서 사장이 되어있었고 나는 판돌이를 앞세워 지리산 철쭉제가 열리는 세석평전으로 데려갓다.#@문장구분#\n주인공은 아버지의 유골을 그곳에서 찾아낼수있었다.#@문장구분# 박판돌은 사라졌지만나중에 주인공은 박 판돌이에게 모든이야기를 전해듣는다. #@문장구분#\n그의 어머니가 노비로 있을때 주인공의 조부에게 몹쓸짓을 당했고 박판돌의 아버지(박쇠)의 아내가 된 그이후로 여러차례였다.#@문장구분#\n그리고 이사실이 알려지자 자기네 족보에 올려준다하고 주인공의 아버지가 박판돌의 아버지를 산속에서 총으로 쏴죽였다.#@문장구분# \n이를 안 주인공은 다음 철쭉제때 보자고한뒤 헤어진다.#@문장구분#\n무슨 말도안되는일이고 서로서로 이해해가며 일을 풀어나가는게 좋은일만은 아니네.#@문장구분#",
      "paragraph_len": 742,
      "paragraph_id": "001"
    }
  ],
  "score": {
    "paragraph_score": [
      {
        "paragraph_scoreT": [
          2,
          2.8333333,
          2
        ],
        "paragraph_scoreT_detail": {
          "paragraph_scoreT_exp": [
            [
              2,
              2,
              2
            ],
            [
              3,
              3,
              2
            ],
            [
              2,
              2,
              2
            ]
          ]
        },
        "paragraph_scoreT_avg": 2.2777777,
        "paragraph_id": "001"
      }
    ],
    "essay_scoreT": [
      19.777779,
      23.11111,
      18.277779
    ],
    "essay_scoreT_avg": 20.38889,
    "essay_scoreT_detail": {
      "essay_scoreT_org": [
        [
          2,
          2,
          2,
          1
        ],
        [
          2,
          2,
          2,
          1
        ],
        [
          2,
          2,
          2,
          1
        ]
      ],
      "essay_scoreT_cont": [
        [
          2,
          2,
          0,
          2
        ],
        [
          2,
          2,
          0,
          2
        ],
        [
          2,
          1,
          0,
          2
        ]
      ],
      "essay_scoreT_exp": [
        [
          2,
          2,
          2
        ],
        [
          3,
          3,
          2
        ],
        [
          2,
          2,
          2
        ]
      ]
    }
  },
  "student": {
    "date": "2021.09.10",
    "student_educated": true,
    "student_grade": "고등_1학년",
    "location": "063",
    "student_grade_group": "고등",
    "student_reading": 1
  },
  "rubric": {
    "essay_grade": "고등_1학년",
    "organization_weight": {
      "org_paragraph": 2,
      "org": 2,
      "org_essay": 4,
      "org_coherence": 2,
      "org_quantity": 1
    },
    "essay_type": "설명글",
    "content_weight": {
      "con_clearance": 4,
      "con_novelty": 3,
      "con": 4,
      "con_prompt": 0,
      "con_description": 1
    },
    "essay_main_subject": "영화/독서감상문",
    "expression_weight": {
      "exp_style": 1,
      "exp_grammar": 2,
      "exp_vocab": 3,
      "exp": 4
    }
  },
  "correction": [],
  "info": {
    "essay_id": "ESSAY_34325",
    "essay_prompt": " 영화에는 로맨스, 액션, 스릴러 등 정말 많은 장르가 있습니다. 사람마다 좋아하는 장르가 있고 절대 보지 않는 장르도 있습니다.\r\n\r\n 독서도 마찬가지입니다. 소설, 수필, 시, 만화, 위인전 등 여러가지 장르가 있습니다.\r\n\r\n 여러분은 어떤 장르를 좋아하나요? 그리고 해당 장르에서 가장 재미있게 봤던 영화나 책은 무엇인가요?\r\n\r\n 자신이 봤던 영화 혹은 책을 한 편 선정하여 주제와 내용 그리고 느낀점을 감상문으로 작성해주세요.",
    "essay_type": "설명글",
    "essay_level": "3",
    "essay_len": 503,
    "essay_main_subject": "영화/독서감상문"
  }
}