{
  "paragraph": [
    {
      "paragraph_txt": "이 책은 수학적인 관점에서 건축을 본 책 입니다.#@문장구분# 제목 그대로 디자인 중심인 건축을 예술로 표현하여서 예술과 수학의 상관관계를 알려준 책 입니다.#@문장구분# 이 책은 여러 챕터로 이루어져있으며 서로 각기 다른 이야기를 중점적으로 다룹니다.#@문장구분# 가장 인상이 깊었던 챕터들은 먼저 첫번째는 고대 수학 즉 고대 문명이였던 이집트, 페르시아 등의 나라에서 나타난 수학에 대해서 다룹니다. #@문장구분#이러한 고대 수학 덕분에 피라미드와 스핑크스가 만들어졌고, 현재 남겨진 거대한 유적지가 만들어지는데 나타나는 수학의 원리에 대해서 알려줍니다. #@문장구분#두번째는 피타고라스 정리와 고딕성당을 다룹니다. #@문장구분#고딕성당은 특성상 삼각형의 외벽을 띄기 마련인데 그 삼각형의 꼭짓점이 받는 힘을 구하기 위해서 피타고라스 정리를 쓰는 방법을 알려줍니다.#@문장구분# 세번째는 피보나치 수열과 황금 비율로 만들어진 건축물 입니다.#@문장구분# 우리가 흔히 아는 그리스의 파르테논 신전이 황금비율이고, 앞에서 말한 피라미드도 피보나치 수열로 이루어진 건축물이라고 합니다.#@문장구분#\n이렇게 이 책은 건축과 수학을 좋아하는 학생들에게 추천을 하며 이 책을 통해 수학과 건축의 교집합을 알아낸 것 같습니다.#@문장구분#",
      "paragraph_len": 762,
      "paragraph_id": "001"
    }
  ],
  "score": {
    "paragraph_score": [
      {
        "paragraph_scoreT": [
          3,
          2.8333333,
          2
        ],
        "paragraph_scoreT_detail": {
          "paragraph_scoreT_exp": [
            [
              3,
              3,
              3
            ],
            [
              3,
              3,
              2
            ],
            [
              2,
              2,
              2
            ]
          ]
        },
        "paragraph_scoreT_avg": 2.611111,
        "paragraph_id": "001"
      }
    ],
    "essay_scoreT": [
      30,
      25.555555,
      17.777779
    ],
    "essay_scoreT_avg": 24.444445,
    "essay_scoreT_detail": {
      "essay_scoreT_org": [
        [
          3,
          3,
          3,
          3
        ],
        [
          2,
          2,
          3,
          1
        ],
        [
          2,
          2,
          2,
          1
        ]
      ],
      "essay_scoreT_cont": [
        [
          3,
          3,
          0,
          3
        ],
        [
          3,
          2,
          0,
          2
        ],
        [
          2,
          1,
          0,
          1
        ]
      ],
      "essay_scoreT_exp": [
        [
          3,
          3,
          3
        ],
        [
          3,
          3,
          2
        ],
        [
          2,
          2,
          2
        ]
      ]
    }
  },
  "student": {
    "date": "2021.09.13",
    "student_educated": true,
    "student_grade": "고등_1학년",
    "location": "063",
    "student_grade_group": "고등",
    "student_reading": 1
  },
  "rubric": {
    "essay_grade": "고등_1학년",
    "organization_weight": {
      "org_paragraph": 2,
      "org": 2,
      "org_essay": 4,
      "org_coherence": 2,
      "org_quantity": 1
    },
    "essay_type": "설명글",
    "content_weight": {
      "con_clearance": 4,
      "con_novelty": 3,
      "con": 4,
      "con_prompt": 0,
      "con_description": 1
    },
    "essay_main_subject": "영화/독서감상문",
    "expression_weight": {
      "exp_style": 1,
      "exp_grammar": 2,
      "exp_vocab": 3,
      "exp": 4
    }
  },
  "correction": [],
  "info": {
    "essay_id": "ESSAY_34449",
    "essay_prompt": " 영화에는 로맨스, 액션, 스릴러 등 정말 많은 장르가 있습니다. 사람마다 좋아하는 장르가 있고 절대 보지 않는 장르도 있습니다.\r\n\r\n 독서도 마찬가지입니다. 소설, 수필, 시, 만화, 위인전 등 여러가지 장르가 있습니다.\r\n\r\n 여러분은 어떤 장르를 좋아하나요? 그리고 해당 장르에서 가장 재미있게 봤던 영화나 책은 무엇인가요?\r\n\r\n 자신이 봤던 영화 혹은 책을 한 편 선정하여 주제와 내용 그리고 느낀점을 감상문으로 작성해주세요.",
    "essay_type": "설명글",
    "essay_level": "3",
    "essay_len": 562,
    "essay_main_subject": "영화/독서감상문"
  }
}