{
  "paragraph": [
    {
      "paragraph_txt": "이 작품은 학교에서 읽게 되었다.#@문장구분# \n이 작품에서는 만수와 만수의 가족들이 많이 출연한다.#@문장구분# \n만수는 만수의 가족을을 돌본다.#@문장구분# 자신의 할아버지는 일제를 피해 숨어살고 아버지는 자신의 아버지와 반대로 공부대신 농사를 하여 6남매를 낳고 살아간다.#@문장구분# 첫째는 서울대 입학했지만 월남전때 사망한다.#@문장구분# \n둘째 만수는 이런 가족을 먹여살리기위해 기술을 배운다.#@문장구분# 큰딸은 공단 취직을 위해 가출한다.  #@문장구분#\n셋째는 대학은 갔지만 공활에 참여했다 조사를 받고 그들의 수하가 된다.#@문장구분# 이런식으로 6남매는 여러 이야기가 있고 형이 죽어 장남, 집안의 기둥이된 만수는 이들을 먹여살리기 위해 밤낮으로 고생이란 고생은 다하게 된다.#@문장구분# 하지만 만수는 6남매들을 먹여살리느라 집안에서는 투명인간이된다.#@문장구분# \n이 작품은 산업화속에서 적응하여 살아가던 인물에게 겪게되거나 일어난 비극적인 일을 주인공 만수에게 투영시켜 보여주고있다.#@문장구분#",
      "paragraph_len": 658,
      "paragraph_id": "001"
    }
  ],
  "score": {
    "paragraph_score": [
      {
        "paragraph_scoreT": [
          2.6666667,
          2,
          1.8333334
        ],
        "paragraph_scoreT_detail": {
          "paragraph_scoreT_exp": [
            [
              2,
              3,
              3
            ],
            [
              2,
              2,
              2
            ],
            [
              2,
              2,
              1
            ]
          ]
        },
        "paragraph_scoreT_avg": 2.1666667,
        "paragraph_id": "001"
      }
    ],
    "essay_scoreT": [
      20.5,
      20,
      17.722221
    ],
    "essay_scoreT_avg": 19.407408,
    "essay_scoreT_detail": {
      "essay_scoreT_org": [
        [
          3,
          3,
          3,
          0
        ],
        [
          2,
          2,
          2,
          2
        ],
        [
          1,
          2,
          2,
          1
        ]
      ],
      "essay_scoreT_cont": [
        [
          2,
          0,
          0,
          1
        ],
        [
          2,
          2,
          0,
          2
        ],
        [
          2,
          2,
          0,
          1
        ]
      ],
      "essay_scoreT_exp": [
        [
          2,
          3,
          3
        ],
        [
          2,
          2,
          2
        ],
        [
          2,
          2,
          1
        ]
      ]
    }
  },
  "student": {
    "date": "2021.09.07",
    "student_educated": true,
    "student_grade": "고등_1학년",
    "location": "051",
    "student_grade_group": "고등",
    "student_reading": 1
  },
  "rubric": {
    "essay_grade": "고등_1학년",
    "organization_weight": {
      "org_paragraph": 2,
      "org": 2,
      "org_essay": 4,
      "org_coherence": 2,
      "org_quantity": 1
    },
    "essay_type": "설명글",
    "content_weight": {
      "con_clearance": 4,
      "con_novelty": 3,
      "con": 4,
      "con_prompt": 0,
      "con_description": 1
    },
    "essay_main_subject": "영화/독서감상문",
    "expression_weight": {
      "exp_style": 1,
      "exp_grammar": 2,
      "exp_vocab": 3,
      "exp": 4
    }
  },
  "correction": [],
  "info": {
    "essay_id": "ESSAY_34502",
    "essay_prompt": " 영화에는 로맨스, 액션, 스릴러 등 정말 많은 장르가 있습니다. 사람마다 좋아하는 장르가 있고 절대 보지 않는 장르도 있습니다.\r\n\r\n 독서도 마찬가지입니다. 소설, 수필, 시, 만화, 위인전 등 여러가지 장르가 있습니다.\r\n\r\n 여러분은 어떤 장르를 좋아하나요? 그리고 해당 장르에서 가장 재미있게 봤던 영화나 책은 무엇인가요?\r\n\r\n 자신이 봤던 영화 혹은 책을 한 편 선정하여 주제와 내용 그리고 느낀점을 감상문으로 작성해주세요.",
    "essay_type": "설명글",
    "essay_level": "3",
    "essay_len": 439,
    "essay_main_subject": "영화/독서감상문"
  }
}