{
  "paragraph": [
    {
      "paragraph_txt": "이 책은 우선 읽기에 굉장히 재미있었다.#@문장구분# 평소에 세계사를 공부하면서 왠지 터무니 없는 행동인 것 같았던 많은 역사적 행동과 사건, 결정들이 책에 수록되어 있어서 상당히 흥미롭게 읽었다.#@문장구분# 작가는 서두에서 인간의 뇌에 대해 잠깐 설명한다.#@문장구분# 우리의 뇌를 잘못 사용했기에 인간은 안타까운 흑역사를 창출할 수 밖에 없었다고 한다.#@문장구분# 가령 휴리스틱, 착각, 확증 편향, 선택 지지 편향, 더닝크루거효과, 집단 사고 등을 통해서 오판을 내리고 그것이 엄청난 파급효과를 내어, 역사의 방향을 그르친 것이다.#@문장구분# 요즘은 코로나 시대이고, 환경 파괴가 심각한 문제로 대두되고 있다.#@문장구분# 그래서 작가가 하는 말 중 \"되도록 자연은 건드리지 마라\" 라는 말이 가장 와닿고 인상적이다.#@문장구분# 그는 탄소 배출, 삼림 벌목, 외래종 반입 등의 역사적인 사례가 나타난 인간의 흑역사를 불러와서 이를 뒷받침하고 있다.#@문장구분# 역사를 통해 교훈을 얻을 수 있다는 말을 이 책을 두고 있는 말 같다.#@문장구분# \"인간의 욕심은 끝이 없고, 같은 실수를 반복한다\" 라는 말은 전혀 틀린 말이 아닌 것 같다.#@문장구분# 과거를 거울로 삼아 미래에 난 이러한 비슷한 유형의 큰 실수를 하지 않도록 해야겠다는 다짐을 새롭게 했다.#@문장구분#",
      "paragraph_len": 805,
      "paragraph_id": "001"
    }
  ],
  "score": {
    "paragraph_score": [
      {
        "paragraph_scoreT": [
          3,
          2.8333333,
          2
        ],
        "paragraph_scoreT_detail": {
          "paragraph_scoreT_exp": [
            [
              3,
              3,
              3
            ],
            [
              3,
              3,
              2
            ],
            [
              2,
              2,
              2
            ]
          ]
        },
        "paragraph_scoreT_avg": 2.611111,
        "paragraph_id": "001"
      }
    ],
    "essay_scoreT": [
      29.555555,
      26,
      20.222221
    ],
    "essay_scoreT_avg": 25.25926,
    "essay_scoreT_detail": {
      "essay_scoreT_org": [
        [
          3,
          3,
          3,
          1
        ],
        [
          2,
          3,
          3,
          1
        ],
        [
          2,
          2,
          3,
          1
        ]
      ],
      "essay_scoreT_cont": [
        [
          3,
          3,
          0,
          3
        ],
        [
          3,
          2,
          0,
          2
        ],
        [
          2,
          2,
          0,
          2
        ]
      ],
      "essay_scoreT_exp": [
        [
          3,
          3,
          3
        ],
        [
          3,
          3,
          2
        ],
        [
          2,
          2,
          2
        ]
      ]
    }
  },
  "student": {
    "date": "2021.09.07",
    "student_educated": true,
    "student_grade": "고등_1학년",
    "location": "051",
    "student_grade_group": "고등",
    "student_reading": 1
  },
  "rubric": {
    "essay_grade": "고등_1학년",
    "organization_weight": {
      "org_paragraph": 2,
      "org": 2,
      "org_essay": 4,
      "org_coherence": 2,
      "org_quantity": 1
    },
    "essay_type": "설명글",
    "content_weight": {
      "con_clearance": 4,
      "con_novelty": 3,
      "con": 4,
      "con_prompt": 0,
      "con_description": 1
    },
    "essay_main_subject": "영화/독서감상문",
    "expression_weight": {
      "exp_style": 1,
      "exp_grammar": 2,
      "exp_vocab": 3,
      "exp": 4
    }
  },
  "correction": [],
  "info": {
    "essay_id": "ESSAY_34392",
    "essay_prompt": " 영화에는 로맨스, 액션, 스릴러 등 정말 많은 장르가 있습니다. 사람마다 좋아하는 장르가 있고 절대 보지 않는 장르도 있습니다.\r\n\r\n 독서도 마찬가지입니다. 소설, 수필, 시, 만화, 위인전 등 여러가지 장르가 있습니다.\r\n\r\n 여러분은 어떤 장르를 좋아하나요? 그리고 해당 장르에서 가장 재미있게 봤던 영화나 책은 무엇인가요?\r\n\r\n 자신이 봤던 영화 혹은 책을 한 편 선정하여 주제와 내용 그리고 느낀점을 감상문으로 작성해주세요.",
    "essay_type": "설명글",
    "essay_level": "3",
    "essay_len": 585,
    "essay_main_subject": "영화/독서감상문"
  }
}