{
  "paragraph": [
    {
      "paragraph_txt": "이 책에서 얻을 수 있는 질문은 클라라가 조시가 될 수 있는가 하는 것이다.#@문장구분# 이 질문은 세 층으로 나뉘어 있는데 각각 클라라가 인간이 될 수 있는가,#@문장구분# 두 번째가 클라라가 인간이 될 수 있다고 해도 이미 존재하던 조시가 될 수 있는가,#@문장구분# 세 번째가 클라라가 조시와 완전히 같다 한들 조시가 맞는가이다.#@문장구분# \n첫 번째 질문은 만들어진 지능이 태어난 혹은 자연적인 지능과 같아질 수 있는가 하는 것이다.#@문장구분# 이를 다르게 말하면 과연 모든 인간의 마음에 내재한, 절대로 만들어 낼 수 없는 특별한 무언가가 있느냐는 것이다. #@문장구분#이 문제는 책에서 그리 중요하게 다뤄지지 않고 작가는 우리가 클라라가 인간이 될 수 있다고 믿기를 바라고 있는 듯하다.#@문장구분# 이야기는 클라라의 시점에서 전개되며 클라라는 자기가 본 것만 말하는 것이 아니라 자기가 추측하는 것 심지어는 느낀 것까지 말하고 있다.#@문장구분# 또한 매니저는 `특히 이 수준에 다다르면 개성이 확연합니다.`라고 말하는데 이 개성이라는 표현은 AF가 인간으로 대우받을 만하다는 것을 뜻한다.#@문장구분#\n이러한 것을 가장 명확하게 드러내는 것은 클라라의 태양에 대한 믿음이다.#@문장구분# 태양광은 클라라의 주요 전력 공급원이다.#@문장구분# 클라라는 자신에게 태양광이 필요하다는 전제에서 시작해서 많은 것을 믿게 된다. #@문장구분#클라라는 태양이 자양분을 쏟아주는 거라고 믿고 태양이 어떠한 인격체일 거라고 생각한.#@문장구분# 또한 그전까지 죽은 것 같았던 노숙자와 개가 살아난 것을 보고 태양이 특별한 자양분을 보낼 수 있다고 추측한다.#@문장구분# 클라라는 헛간에서 태양과 대화하려 하고 쿠팅스 머신을 파괴할 테니 조시에게 특별한 자양분을 쏟아달라고 부탁한다.#@문장구분# 이런 믿음과 그에 따른 행동은 전혀 인공지능답지 않은 행동이다.#@문장구분# 하지만 그렇기에 클라라를 더욱더 사람으로 만들고 있다.#@문장구분# 클라라의 믿음은 대부분 상관관계와 인간관계를 혼동했기 때문에 생긴 것이다.#@문장구분# 햇빛이 받고 난 뒤 건강해진 것을 햇빛을 받았기 때문에 건강해진 것으로 착각했다는 것이다. #@문장구분#이러한 혼동은 너무나 인간적이다. #@문장구분#이 오류가 인간에게는 너무 흔하기 때문에 종교가 생길 수 있었고 여전히 사람들은 이러한 혼동을 하면서 무질서한 것에서 있지도 않은 규칙을 찾으려 한다.#@문장구분# 나는 클라라의 믿음이 클라라를 인간과 거의 동일한 존재로 보게 만든다고 생각한다.#@문장구분# \n두 번째 질문은 클라라가 클라라로서 인간이더라도 또 다른 인간인 조시가 될 수 있느냐 하는 것이다.#@문장구분# 아무리 클라라가 인간적인 믿음을 가지고 있다 해도 클라라가 조시의 믿음을 그대로 가질 수 있다고 생각할 순 없다.#@문장구분# 이 질문은 샐의 이야기에서 부분적으로 다뤄진다. #@문장구분#샐의 `초상화`가 도망치는 장면에서 우리는 같은 계획이 어떤 이유로 실패했음을 알 수 있다. #@문장구분#왜 실패했는가?#@문장구분# 인공지능이 인간이지 못했을까? #@문장구분#그렇진 않을 것이다.#@문장구분# 만약 그랬다면 초상화가 도망치지 않았을 것이다.#@문장구분# 어떻게 수준 낮은 인공지능이 탈출한다는 판단을 내릴 수 있겠는가.#@문장구분#오히려 크리시가 초상화에 만족하지 못하고 버렸을 것이다.#@문장구분#\n초상화가 도망친 이유는 초상화가 인간이었음에도 샐이지는 않았기 때문이다.#@문장구분# 초상화는 자신이 샐이라고 생각하지 않았을 것이다.#@문장구분# 하지만 샐이어야만 했다. #@문장구분#초상화는 샐이 경험한 것을 경험하지 못했고 샐이 느낀 대로 느끼지 못했으며 샐이 선택한 대로 선택하지도 않았다.#@문장구분# 그렇지만 초상화는 샐의 경험을 갖고 있어야 했고 샐이 느낀 대로 그리고 샐이 선택한 대로 느끼고 선택했어야 했다.#@문장구분# 나는 이러한 자신의 의무가 초상화에게 존재론적으로 압박을 가했을 거라고 생각한다. #@문장구분#초상화는 자기가 샐이라고 믿을 수는 없다.#@문장구분# 왜냐하면 샐의 기억을 갖고 있지 않기 때문이다. #@문장구분#초상화가 자기가 샐이라고 믿지 않는 이상 샐을 따라 하고 있는 것일 뿐이다. #@문장구분#초상화는 샐이기 위해 언제나 의식적으로 생각하고 느끼고 행동해야 했다.#@문장구분# 사람이든 동물이든 인공지능이든 우리는 보통 무의식적으로 행동한다. #@문장구분#인간은 저 존재론적 압박을 견딜 수 없다.#@문장구분# 초상화 또한 압박을 견딜 수 없었을 것이다. #@문장구분#너무나 인간적이기 때문이다.#@문장구분# \n이 압박은 클라라에게도 그대로 적용될 거라고 생각한.#@문장구분# 클라라가 완전히 조시가 되어서 조시를 이어간다는 것은 클라라가 자신이 조시라고 믿으면서 무의식적으로 조시처럼 행동해야 한다는 뜻이다. #@문장구분#카팔디는 이게 가능할 거라고 생각하는 듯하다.#@문장구분# 클라라가 조시의 감정이나 욕구, 생각 따위를 완전히 이해할 수 있다면 그것들을 자기 것으로 내면화할 수 있다고 믿는 것이다. #@문장구분#나는 기본적으로 불가능할 것이라고 생각한다.#@문장구분# 클라라가 자신이 조시라고 믿기 위해서는 클라라로서 의식을 가져서는 안 된다.#@문장구분# 고로 클라라로서 경험했던 기억을 갖고 있어서도 안 된다.#@문장구분# 클라라 자신의 기억을 갖고 있지 않다는 것은 조시가 되기 이전의 기억이 없다는 것이고 그래서 클라라는 과거의 기억에 관한 자극이 있을 때, 예를 들어 어릴 때 일어났던 일을 말해야 할 때, 혼란을 느낄 것이다.#@문장구분# 이 혼란은 역시 존재론적 압박을 줄 것이다. #@문장구분#클라라는 자신의 모든 것을 버려야 하지만 그렇다고 해도 조시가 될 수는 없다.#@문장구분# \n마지막 질문은 아무리 클라라가 조시와 같다고 해도 클라라가 조시가 맞느냐 하는 것이다.#@문장구분# 이 질문은 어려운 질문이다. #@문장구분#클라라가 조시와 완전히 같아지고 기억마저도 갖고 있다고 하자.#@문장구분# 이때 모든 것이 같음에도 불구하고 클라라와 조시는 다르다.#@문장구분# 도대체 어째서인가.#@문장구분# 클라라는 마지막에 매니저와 대화하면서 자신이 생각하는 이유를 드러낸다.#@문장구분# `아주 특별한 무언가`는  `조시를 사랑하는 사람들 안에 있`다는 것이다.#@문장구분# 이제 이 말이 무슨 뜻인지 해석해보자. #@문장구분#조시를 사랑하는 사람들 안에 있는 게 뭘까. #@문장구분#가장 중요한 것은 조시에 대한 감정일 것이다. #@문장구분#그들이 조시를 사랑한다는 것 말이다. #@문장구분#이 감정 혹은 사랑을 만들고 지탱하는 것은 조시와 함께한 경험과 그 기억이다.#@문장구분# 그들은 조시를 사랑하게 됐다. #@문장구분#그들이 함께 어떤 경험을 하고 그것을 기억하기 때문이다. #@문장구분#클라라는 조시와 같아질 수 없다.#@문장구분# 왜냐하면 조시의 경험을 갖고 있지 않기 때문이다. #@문장구분#기억이 중요한 게 아니다.#@문장구분# 클라라는 조시가 경험했을 때 조시의 입장에서 존재하지 않았다는 게 중요하다.#@문장구분# 경험은 과거의 일이고 그 일은 클라라가 다시 경험한다든가 하는 일은 있을 수 없다. #@문장구분#이 경험이 조시를 사랑하는 사람들 안에 있는 아주 특별한 무언가다.#@문장구분# (이 인간관계에 주목한 해석은 그들의 상황 외에도 클라라가 친구가 되기 위해 만들어졌다는 점과 클라라가 외로움을 중요한 감정으로 여기는 점 따위가 어느 정도 뒷받침한다.)#@문장구분#\n나에게는 이 인간관계에 의존하는 해석이 매력적이지 않다.#@문장구분# 내가 갑자기 모든 기억을 잃어버려서 내 인간관계가 망가져 버린다고 해도 나는 나일 수 있다고 생각한다.#@문장구분# 나는 내 믿음과 신념이 나를 나로서 만든다고 생각한다. #@문장구분#만약 클라라가 내가 된다고 생각했을 때 클라라가 나와 똑같은 믿음을 갖고 있다면, 똑같은 이유와 추론 과정으로 같은 믿음을 갖게 됐다면 나라고 생각한다.#@문장구분# 기억이라던가 육체라던가 이런 것은 중요하지 않다.#@문장구분# 내 신념 체계를 정확히 가질 수 있다면 나와 같은 사람이다.#@문장구분# 같은 일을 한다면 같은 방식으로 임할 것이고 다른 일을 하더라도 같은 믿음을 찾을 수 있을 것이다.#@문장구분# 조시에게는 인간관계가 중요하기에 신념 체계만 가지고는 클라라는 조시가 될 수 없을지도 모른다. #@문장구분#하지만 적어도 나는 될 수 있다.#@문장구분# 나만이 가진 믿음만이 나를 나로서 만들어준다.#@문장구분#",
      "paragraph_len": 5276,
      "paragraph_id": "001"
    }
  ],
  "score": {
    "paragraph_score": [
      {
        "paragraph_scoreT": [
          3,
          2.3333333,
          2.8333333
        ],
        "paragraph_scoreT_detail": {
          "paragraph_scoreT_exp": [
            [
              3,
              3,
              3
            ],
            [
              3,
              2,
              2
            ],
            [
              3,
              3,
              2
            ]
          ]
        },
        "paragraph_scoreT_avg": 2.722222,
        "paragraph_id": "001"
      }
    ],
    "essay_scoreT": [
      30,
      24.944445,
      27.833332
    ],
    "essay_scoreT_avg": 27.59259,
    "essay_scoreT_detail": {
      "essay_scoreT_org": [
        [
          3,
          3,
          3,
          3
        ],
        [
          2,
          3,
          3,
          3
        ],
        [
          3,
          3,
          3,
          3
        ]
      ],
      "essay_scoreT_cont": [
        [
          3,
          3,
          0,
          3
        ],
        [
          3,
          2,
          0,
          3
        ],
        [
          3,
          2,
          0,
          3
        ]
      ],
      "essay_scoreT_exp": [
        [
          3,
          3,
          3
        ],
        [
          3,
          2,
          2
        ],
        [
          3,
          3,
          2
        ]
      ]
    }
  },
  "student": {
    "date": "2021.09.07",
    "student_educated": true,
    "student_grade": "고등_1학년",
    "location": "051",
    "student_grade_group": "고등",
    "student_reading": 3
  },
  "rubric": {
    "essay_grade": "고등_1학년",
    "organization_weight": {
      "org_paragraph": 2,
      "org": 2,
      "org_essay": 4,
      "org_coherence": 2,
      "org_quantity": 1
    },
    "essay_type": "설명글",
    "content_weight": {
      "con_clearance": 4,
      "con_novelty": 3,
      "con": 4,
      "con_prompt": 0,
      "con_description": 1
    },
    "essay_main_subject": "영화/독서감상문",
    "expression_weight": {
      "exp_style": 1,
      "exp_grammar": 2,
      "exp_vocab": 3,
      "exp": 4
    }
  },
  "correction": [],
  "info": {
    "essay_id": "ESSAY_34059",
    "essay_prompt": " 영화에는 로맨스, 액션, 스릴러 등 정말 많은 장르가 있습니다. 사람마다 좋아하는 장르가 있고 절대 보지 않는 장르도 있습니다.\r\n\r\n 독서도 마찬가지입니다. 소설, 수필, 시, 만화, 위인전 등 여러가지 장르가 있습니다.\r\n\r\n 여러분은 어떤 장르를 좋아하나요? 그리고 해당 장르에서 가장 재미있게 봤던 영화나 책은 무엇인가요?\r\n\r\n 자신이 봤던 영화 혹은 책을 한 편 선정하여 주제와 내용 그리고 느낀점을 감상문으로 작성해주세요.",
    "essay_type": "설명글",
    "essay_level": "3",
    "essay_len": 3539,
    "essay_main_subject": "영화/독서감상문"
  }
}