{
  "paragraph": [
    {
      "paragraph_txt": "이 작품은 공부하다 읽게 되었다. #@문장구분#\n이작품은 동욱남매와 원구의 삶을 나타낸다.#@문장구분# \n동욱과 원구는 어린시절부터 대학때까지 친구였고 우연히 원구가 동욱을 길거리에서 만난다. #@문장구분#그는 여동생이그린 그림을 미군부대로 가져다 팔며 생계유지를 하고있고 동욱남매는 허름한 목조건물에서 살고있다.#@문장구분# 어느날 장마가 많이 오는날 원구는 그 남매가 걱정되어 동욱의 집에 찾아갔지만 동욱의 동생 동옥만이 원구를 반겨준다.#@문장구분# 남매의 생활을 알고 원구는 가끔와서 그 둘을 도와준다.#@문장구분# 이와중에 동옥과 원구는 서로 마음에 들어한다.#@문장구분# 그러다 동욱이 빚이 있어 집을 팔고 어디론가 향한것을 집주인에게 알게된다.#@문장구분# \n심란해하며 원구는 한달만에 그집을 찾았을때는 동욱은 군대에 끌려간듯 보였고 동옥은 주인이 팔아버린것같았고 원구는 죄책감을 느끼며 터벅터벅 걸어간다.#@문장구분# \n이 작품은 굉장히 무겁고 비참하고 어두운 부위기의 작품이다.#@문장구분# 결말이 끝맺어지지 않았고 6.25 전쟁의 비극성을 나타낸다.#@문장구분#",
      "paragraph_len": 691,
      "paragraph_id": "001"
    }
  ],
  "score": {
    "paragraph_score": [
      {
        "paragraph_scoreT": [
          1.8333334,
          2,
          1.8333334
        ],
        "paragraph_scoreT_detail": {
          "paragraph_scoreT_exp": [
            [
              2,
              2,
              1
            ],
            [
              2,
              2,
              2
            ],
            [
              2,
              2,
              1
            ]
          ]
        },
        "paragraph_scoreT_avg": 1.888889,
        "paragraph_id": "001"
      }
    ],
    "essay_scoreT": [
      15.833334,
      22.444445,
      16.833334
    ],
    "essay_scoreT_avg": 18.37037,
    "essay_scoreT_detail": {
      "essay_scoreT_org": [
        [
          1,
          1,
          1,
          1
        ],
        [
          2,
          2,
          3,
          2
        ],
        [
          1,
          1,
          1,
          1
        ]
      ],
      "essay_scoreT_cont": [
        [
          2,
          1,
          0,
          2
        ],
        [
          3,
          2,
          0,
          2
        ],
        [
          2,
          2,
          0,
          1
        ]
      ],
      "essay_scoreT_exp": [
        [
          2,
          2,
          1
        ],
        [
          2,
          2,
          2
        ],
        [
          2,
          2,
          1
        ]
      ]
    }
  },
  "student": {
    "date": "2021.09.07",
    "student_educated": true,
    "student_grade": "고등_1학년",
    "location": "051",
    "student_grade_group": "고등",
    "student_reading": 1
  },
  "rubric": {
    "essay_grade": "고등_1학년",
    "organization_weight": {
      "org_paragraph": 2,
      "org": 2,
      "org_essay": 4,
      "org_coherence": 2,
      "org_quantity": 1
    },
    "essay_type": "설명글",
    "content_weight": {
      "con_clearance": 4,
      "con_novelty": 3,
      "con": 4,
      "con_prompt": 0,
      "con_description": 1
    },
    "essay_main_subject": "영화/독서감상문",
    "expression_weight": {
      "exp_style": 1,
      "exp_grammar": 2,
      "exp_vocab": 3,
      "exp": 4
    }
  },
  "correction": [],
  "info": {
    "essay_id": "ESSAY_34516",
    "essay_prompt": " 영화에는 로맨스, 액션, 스릴러 등 정말 많은 장르가 있습니다. 사람마다 좋아하는 장르가 있고 절대 보지 않는 장르도 있습니다.\r\n\r\n 독서도 마찬가지입니다. 소설, 수필, 시, 만화, 위인전 등 여러가지 장르가 있습니다.\r\n\r\n 여러분은 어떤 장르를 좋아하나요? 그리고 해당 장르에서 가장 재미있게 봤던 영화나 책은 무엇인가요?\r\n\r\n 자신이 봤던 영화 혹은 책을 한 편 선정하여 주제와 내용 그리고 느낀점을 감상문으로 작성해주세요.",
    "essay_type": "설명글",
    "essay_level": "3",
    "essay_len": 471,
    "essay_main_subject": "영화/독서감상문"
  }
}