{
  "paragraph": [
    {
      "paragraph_txt": "그레고르가 자신들을 위해 헌신했었다는 사실을 잊어버린 채 매정하게 등을 돌려버리는 그의 가족들의 모습은 감히 충격적이었습니다.#@문장구분# 인간이라는 존재가 얼마나 이기적으로 변할 수 있는지, 회의감이 들 정도였습니다.#@문장구분# 또 그레고르의 등에 사과가 박힌 그 순간에도 가족들은 그를 아들이라고 여기지 않는 분위기 입니다.#@문장구분# 가장 비극적인 장면은 평소 그가 아끼던 여동생 그레테마저도 그에게 오빠가 아닌 벌레 취급을 하는 장면이었습니다.#@문장구분# 반면 그레고리는 가족들에 대한 사랑을 잃지 않습니다.#@문장구분# 그 점이 이 책의 내용을 더 비극적으로 만드는 것 같습니다.#@문장구분#",
      "paragraph_len": 417,
      "paragraph_id": "001"
    },
    {
      "paragraph_txt": " 책을 읽은 후 인터넷에 작가 프란츠 카프카에 대해 검색해보았습니다.#@문장구분# 놀랍게도, 그는 그레고르와 많은 부분이 닮아있었습니다.#@문장구분# 유년시절, 강압적인 아버지 밑에서 낮은 자존감을 가지게 되었다는 작가가 바퀴벌레를 통해 자신을 표현한 게 아닐까 하는 생각이 들었습니다.#@문장구분# 또 작가는 자신이 원하지는 않았지만 생계를 위해 보험판매원이라는 직업을 가졌다고 합니다.#@문장구분# 이런 점이 그레고르와 정말 비슷하기도 했습니다.#@문장구분# \n \n 이 책이 써진 지 백년이나 지났지만 가족 간의 소통의 부재라는 문제는 오히려 현대 사회에서 더 드러나는 것 같습니다.#@문장구분# 그래서 이 작품이 아직까지 사랑받는 것 같습니다.#@문장구분# 더 나아가 현대인이라면 누구나 가슴 속에 깊히 박힌 사과가 하나쯤은 있을 것 같다는 생각이 들었습니다.#@문장구분# 과연 나는 다른 이들에게 어떤 존재로 인식되고 있을까? 라는 질문을 던져준 좋은 책이었습니다.#@문장구분#",
      "paragraph_len": 612,
      "paragraph_id": "002"
    }
  ],
  "score": {
    "paragraph_score": [
      {
        "paragraph_scoreT": [
          2.8333333,
          2.5,
          2
        ],
        "paragraph_scoreT_detail": {
          "paragraph_scoreT_exp": [
            [
              3,
              3,
              2
            ],
            [
              3,
              2,
              3
            ],
            [
              2,
              2,
              2
            ]
          ]
        },
        "paragraph_scoreT_avg": 2.4444444,
        "paragraph_id": "001"
      },
      {
        "paragraph_scoreT": [
          3,
          3,
          2.5
        ],
        "paragraph_scoreT_detail": {
          "paragraph_scoreT_exp": [
            [
              3,
              3,
              3
            ],
            [
              3,
              3,
              3
            ],
            [
              2,
              3,
              2
            ]
          ]
        },
        "paragraph_scoreT_avg": 2.8333333,
        "paragraph_id": "002"
      }
    ],
    "essay_scoreT": [
      28.222221,
      28.222221,
      22.222221
    ],
    "essay_scoreT_avg": 26.222221,
    "essay_scoreT_detail": {
      "essay_scoreT_org": [
        [
          2,
          3,
          3,
          2
        ],
        [
          2,
          3,
          3,
          2
        ],
        [
          2,
          2,
          2,
          3
        ]
      ],
      "essay_scoreT_cont": [
        [
          3,
          3,
          0,
          3
        ],
        [
          3,
          3,
          0,
          3
        ],
        [
          2,
          3,
          0,
          3
        ]
      ],
      "essay_scoreT_exp": [
        [
          3,
          3,
          2
        ],
        [
          3,
          3,
          2
        ],
        [
          2,
          2,
          2
        ]
      ]
    }
  },
  "student": {
    "date": "2021.09.07",
    "student_educated": true,
    "student_grade": "고등_1학년",
    "location": "051",
    "student_grade_group": "고등",
    "student_reading": 3
  },
  "rubric": {
    "essay_grade": "고등_1학년",
    "organization_weight": {
      "org_paragraph": 2,
      "org": 2,
      "org_essay": 4,
      "org_coherence": 2,
      "org_quantity": 1
    },
    "essay_type": "설명글",
    "content_weight": {
      "con_clearance": 4,
      "con_novelty": 3,
      "con": 4,
      "con_prompt": 0,
      "con_description": 1
    },
    "essay_main_subject": "영화/독서감상문",
    "expression_weight": {
      "exp_style": 1,
      "exp_grammar": 2,
      "exp_vocab": 3,
      "exp": 4
    }
  },
  "correction": [],
  "info": {
    "essay_id": "ESSAY_34021",
    "essay_prompt": " 영화에는 로맨스, 액션, 스릴러 등 정말 많은 장르가 있습니다. 사람마다 좋아하는 장르가 있고 절대 보지 않는 장르도 있습니다.\r\n\r\n 독서도 마찬가지입니다. 소설, 수필, 시, 만화, 위인전 등 여러가지 장르가 있습니다.\r\n\r\n 여러분은 어떤 장르를 좋아하나요? 그리고 해당 장르에서 가장 재미있게 봤던 영화나 책은 무엇인가요?\r\n\r\n 자신이 봤던 영화 혹은 책을 한 편 선정하여 주제와 내용 그리고 느낀점을 감상문으로 작성해주세요.",
    "essay_type": "설명글",
    "essay_level": "3",
    "essay_len": 731,
    "essay_main_subject": "영화/독서감상문"
  }
}