{
  "paragraph": [
    {
      "paragraph_txt": "\"The Tyranny of Merit\", 이 책의 원어 제목이다.#@문장구분# 나는 보통 외국어 책의 번역본을 읽을 때 책의 원어 제목을 보는 습관이 있다.#@문장구분# 글쓴이가 붙인 제목은 그 책이 말하고 싶어하는 바를 함축시킨 하나의 어구이기 때문이다.#@문장구분# 이 책의 원제인 The Tyranny of Merit는 능력의 횡포라는 의미를 지니고 있다.#@문장구분#처음에는 사람들이 지닌 각자의 능력이 어떻게 횡포를 부린다는 것일까,#@문장구분# 능력에 따른 분배는 당연한 것이 아닌가 등의 의문을 가졌지만 이 책을 읽으며 능력주의와 그 보상의 모순에 대해 되돌아보는 시간을 가질 수 있었다.#@문장구분#",
      "paragraph_len": 422,
      "paragraph_id": "001"
    },
    {
      "paragraph_txt": " 나는 능력주의에 대해 항상 긍정적인 입장을 고수해왔다.#@문장구분# 자신이 가진 능력과 목표를 위해 열심히 노력했다는 것에 대한 보상을 당연한 것이라고 생각해왔고 그 보상을 위해 계속 노력해왔었다.#@문장구분# 노력 끝에 얻는 보상을 보며 스스로를 자랑스러워 해왔고 또 이를 통해 자신감을 얻으며 현재의 '나'를 형성했다고 봐도 무방할 정도였다.#@문장구분# 어떨 때는 나보다 성과를 내지 못한 친구들의 태도를 비난하기도 했고 답답하다고 느끼기까지 했다.#@문장구분# 능력주의의 단 맛만을 맛보았던 나였기에, 역시 능력주의에 심취되어 승자들에겐 박수를, 패자들에게는 비난을 보냈었다.#@문장구분#",
      "paragraph_len": 399,
      "paragraph_id": "002"
    },
    {
      "paragraph_txt": " 이런 내 생각, 당연시되던 능력주의를 이 책은 신랄하게 비판한다.#@문장구분# 과연 우리가 '공정하게', '능력'에 따라 평가해왔던 것들이 과연 정의로운 것인가에 대해서 글쓴이는 회의적인 자세를 취한다. #@문장구분#아니 정확히는 능력주의의 승자들의 거만하고 당연하다는 듯한 태도를 비판하고 있는 것이다. #@문장구분#이 사회의 모든 사람들은 동등한 출발선에서 시작하지 않으며 이 차이는 결국 '능력주의'라는 벽 뒤에 숨어 스스로의 노력으로 얻게 된 능력으로 둔갑하게 된다는 것이다.#@문장구분# 예를 들어, 글쓴이는 대학수학능력시험, SAT 등 모두가 노력으로 얻게 된 능력을 공정하게 평가한다고 말하는 시험들이 과연 진짜로 공정한 기회를 모두에게 제공하는지는 의문이라고 말한다.#@문장구분# 이 말을 들으니 더욱 능력주의의 모순이 실감났다. #@문장구분#사회적 상위 계층의 자녀들과 하위 계층의 아이들 간의 교육 간 엄청난 학습 지원의 차이, 금전적 지원의 차이는 부모의 지위와 능력이 자식에게 되물림된다고 볼 수 있을 정도로 크다.#@문장구분# 이는 '시험'이라는 제도가 절대 모두에게 동등한 기회를 제공하지 못한다는 것을 입증한다.#@문장구분# 더불어 책에 언급된 고등교육, 대학교육이 사회적 이동성에 미치는 영향이 미미하다는 내용을 읽으며 정말로 현재 시행되는 '교육'과 이를 평가하는 방식이 공정한가에 대한 의문을 지니게 되었다.#@문장구분#",
      "paragraph_len": 819,
      "paragraph_id": "003"
    },
    {
      "paragraph_txt": " 이 책을 읽으면서 나는 평소에 가졌던 능력주의적 생각들에 대해 반성하게되는 시간을 가졌던 것 같다.#@문장구분# 내가 얻은 능력 또한 어쩌면 나의 노력보다는 사회적 배경이 더 영향을 끼쳤을 수도 있다는 일념 아래 내가 가진 능력은 당연하다는 생각과 다른 사람들을 비난할 수 있는 자격을 가졌다는 생각을 버리게 되었다.#@문장구분# ",
      "paragraph_len": 212,
      "paragraph_id": "004"
    },
    {
      "paragraph_txt": " 미식축구 감독이었던 배리 스위처는 이런 말을 했다.#@문장구분#\n\"어떤 사람들은 3루에서 태어났으면서도 자신이 3루타를 친 줄 알고 살아간다.\"#@문장구분#\n이 대사를 기억하면서 살아가야겠다는 다짐과 함께 글을 마친다.#@문장구분#",
      "paragraph_len": 169,
      "paragraph_id": "005"
    }
  ],
  "score": {
    "paragraph_score": [
      {
        "paragraph_scoreT": [
          3,
          3,
          2
        ],
        "paragraph_scoreT_detail": {
          "paragraph_scoreT_exp": [
            [
              3,
              3,
              3
            ],
            [
              3,
              3,
              3
            ],
            [
              2,
              2,
              2
            ]
          ]
        },
        "paragraph_scoreT_avg": 2.6666667,
        "paragraph_id": "001"
      },
      {
        "paragraph_scoreT": [
          3,
          3,
          2
        ],
        "paragraph_scoreT_detail": {
          "paragraph_scoreT_exp": [
            [
              3,
              3,
              3
            ],
            [
              3,
              3,
              3
            ],
            [
              2,
              2,
              2
            ]
          ]
        },
        "paragraph_scoreT_avg": 2.6666667,
        "paragraph_id": "002"
      },
      {
        "paragraph_scoreT": [
          3,
          3,
          2
        ],
        "paragraph_scoreT_detail": {
          "paragraph_scoreT_exp": [
            [
              3,
              3,
              3
            ],
            [
              3,
              3,
              3
            ],
            [
              2,
              2,
              2
            ]
          ]
        },
        "paragraph_scoreT_avg": 2.6666667,
        "paragraph_id": "003"
      },
      {
        "paragraph_scoreT": [
          3,
          3,
          2
        ],
        "paragraph_scoreT_detail": {
          "paragraph_scoreT_exp": [
            [
              3,
              3,
              3
            ],
            [
              3,
              3,
              3
            ],
            [
              2,
              2,
              2
            ]
          ]
        },
        "paragraph_scoreT_avg": 2.6666667,
        "paragraph_id": "004"
      },
      {
        "paragraph_scoreT": [
          3,
          3,
          2
        ],
        "paragraph_scoreT_detail": {
          "paragraph_scoreT_exp": [
            [
              3,
              3,
              3
            ],
            [
              3,
              3,
              3
            ],
            [
              2,
              2,
              2
            ]
          ]
        },
        "paragraph_scoreT_avg": 2.6666667,
        "paragraph_id": "005"
      }
    ],
    "essay_scoreT": [
      30,
      28.61111,
      23.166666
    ],
    "essay_scoreT_avg": 27.25926,
    "essay_scoreT_detail": {
      "essay_scoreT_org": [
        [
          3,
          3,
          3,
          3
        ],
        [
          2,
          3,
          3,
          3
        ],
        [
          2,
          2,
          3,
          3
        ]
      ],
      "essay_scoreT_cont": [
        [
          3,
          3,
          0,
          3
        ],
        [
          3,
          3,
          0,
          2
        ],
        [
          3,
          2,
          0,
          3
        ]
      ],
      "essay_scoreT_exp": [
        [
          3,
          3,
          3
        ],
        [
          3,
          3,
          3
        ],
        [
          2,
          2,
          2
        ]
      ]
    }
  },
  "student": {
    "date": "2021.09.07",
    "student_educated": true,
    "student_grade": "고등_1학년",
    "location": "051",
    "student_grade_group": "고등",
    "student_reading": 1
  },
  "rubric": {
    "essay_grade": "고등_1학년",
    "organization_weight": {
      "org_paragraph": 2,
      "org": 2,
      "org_essay": 4,
      "org_coherence": 2,
      "org_quantity": 1
    },
    "essay_type": "설명글",
    "content_weight": {
      "con_clearance": 4,
      "con_novelty": 3,
      "con": 4,
      "con_prompt": 0,
      "con_description": 1
    },
    "essay_main_subject": "영화/독서감상문",
    "expression_weight": {
      "exp_style": 1,
      "exp_grammar": 2,
      "exp_vocab": 3,
      "exp": 4
    }
  },
  "correction": [],
  "info": {
    "essay_id": "ESSAY_34100",
    "essay_prompt": " 영화에는 로맨스, 액션, 스릴러 등 정말 많은 장르가 있습니다. 사람마다 좋아하는 장르가 있고 절대 보지 않는 장르도 있습니다.\r\n\r\n 독서도 마찬가지입니다. 소설, 수필, 시, 만화, 위인전 등 여러가지 장르가 있습니다.\r\n\r\n 여러분은 어떤 장르를 좋아하나요? 그리고 해당 장르에서 가장 재미있게 봤던 영화나 책은 무엇인가요?\r\n\r\n 자신이 봤던 영화 혹은 책을 한 편 선정하여 주제와 내용 그리고 느낀점을 감상문으로 작성해주세요.",
    "essay_type": "설명글",
    "essay_level": "3",
    "essay_len": 1531,
    "essay_main_subject": "영화/독서감상문"
  }
}