{
  "paragraph": [
    {
      "paragraph_txt": "이번에 읽은 책은 로봇에 관한 책으로 전세계에서 작동하고 있는 로봇에 관하여 알려주는 책이다.#@문장구분# ",
      "paragraph_len": 73,
      "paragraph_id": "001"
    },
    {
      "paragraph_txt": "우리는 현제 로봇과 같이 공존하는 세계에서 살고 있으며 로봇들의 혜택을 톡톡히 보고 있다고 하여도 과언이 아니다.#@문장구분# 그리고 이번에 읽은 World of Robots은 로봇에 관하여 그리고 여러 곳에서 활동하고 있는 로봇들의 특징에 관하여 알려주고 있다.#@문장구분# 또한 로봇에 관한 오해에 대하여 정정하기도 한다.#@문장구분# 예를 들면 대부분의 사람은 로봇을 하면 무엇을 생각할까?#@문장구분# 아마 만화 영화 등의 창작물에서 나오는 휴머노이드 또는 안드로이드 로봇을 생각할 거라 생각한다.#@문장구분# 그리고 우리 주변에서는 로봇을 보기 힘들다고 생각할 지도 모른다.#@문장구분# 하지만 우리 주변에서도 로봇을 쉽게 발견할 수 있다.#@문장구분# 예를 들면 자율주행 자동차를 들 수 있다.#@문장구분# 이 책에서 로봇의 정의는 컴퓨터, 드라이브, 이동시스템, 센서 가 있어야 한다고 말한다.#@문장구분# 그리고 공장에서는 더더욱 쉽게 볼 수 있다. 바로 로봇 팔이다.#@문장구분# 이 로봇 팔은 위에 적인 로봇의 모든 조건에 만족하고 있다.#@문장구분# ",
      "paragraph_len": 686,
      "paragraph_id": "002"
    },
    {
      "paragraph_txt": " 이책은 로봇에 관하여 우리가 알지 못한 혹은 불확신한 정보를 정정해 주며 로봇들의 특성과 로봇들이 가진 직업에 관해 알기 쉽게 알려주는 책으로 로봇에 관해 흥미가 있는 사람에게 추천한다.#@문장구분#  \n   \n 필자는 개인적으로 로봇에 관해 더 알게되었고 그로 인해 롭봇에 관해 한발 자국 더 나아가게 된것에 관해 충분히 만족하고 있다.#@문장구분#",
      "paragraph_len": 223,
      "paragraph_id": "003"
    }
  ],
  "score": {
    "paragraph_score": [
      {
        "paragraph_scoreT": [
          3,
          2.5,
          2
        ],
        "paragraph_scoreT_detail": {
          "paragraph_scoreT_exp": [
            [
              3,
              3,
              3
            ],
            [
              2,
              3,
              2
            ],
            [
              2,
              2,
              2
            ]
          ]
        },
        "paragraph_scoreT_avg": 2.5,
        "paragraph_id": "001"
      },
      {
        "paragraph_scoreT": [
          2.6666667,
          2.5,
          2
        ],
        "paragraph_scoreT_detail": {
          "paragraph_scoreT_exp": [
            [
              2,
              3,
              3
            ],
            [
              2,
              3,
              2
            ],
            [
              2,
              2,
              2
            ]
          ]
        },
        "paragraph_scoreT_avg": 2.388889,
        "paragraph_id": "002"
      },
      {
        "paragraph_scoreT": [
          2.6666667,
          2.5,
          2
        ],
        "paragraph_scoreT_detail": {
          "paragraph_scoreT_exp": [
            [
              2,
              3,
              3
            ],
            [
              2,
              3,
              2
            ],
            [
              2,
              2,
              2
            ]
          ]
        },
        "paragraph_scoreT_avg": 2.388889,
        "paragraph_id": "003"
      }
    ],
    "essay_scoreT": [
      27.166668,
      25.61111,
      18
    ],
    "essay_scoreT_avg": 23.592592,
    "essay_scoreT_detail": {
      "essay_scoreT_org": [
        [
          3,
          3,
          3,
          3
        ],
        [
          3,
          2,
          2,
          3
        ],
        [
          2,
          2,
          2,
          2
        ]
      ],
      "essay_scoreT_cont": [
        [
          3,
          2,
          0,
          3
        ],
        [
          3,
          2,
          0,
          3
        ],
        [
          2,
          1,
          0,
          1
        ]
      ],
      "essay_scoreT_exp": [
        [
          2,
          3,
          3
        ],
        [
          2,
          3,
          2
        ],
        [
          2,
          2,
          2
        ]
      ]
    }
  },
  "student": {
    "date": "2021.09.10",
    "student_educated": true,
    "student_grade": "고등_1학년",
    "location": "063",
    "student_grade_group": "고등",
    "student_reading": 1
  },
  "rubric": {
    "essay_grade": "고등_1학년",
    "organization_weight": {
      "org_paragraph": 2,
      "org": 2,
      "org_essay": 4,
      "org_coherence": 2,
      "org_quantity": 1
    },
    "essay_type": "설명글",
    "content_weight": {
      "con_clearance": 4,
      "con_novelty": 3,
      "con": 4,
      "con_prompt": 0,
      "con_description": 1
    },
    "essay_main_subject": "영화/독서감상문",
    "expression_weight": {
      "exp_style": 1,
      "exp_grammar": 2,
      "exp_vocab": 3,
      "exp": 4
    }
  },
  "correction": [],
  "info": {
    "essay_id": "ESSAY_34831",
    "essay_prompt": " 영화에는 로맨스, 액션, 스릴러 등 정말 많은 장르가 있습니다. 사람마다 좋아하는 장르가 있고 절대 보지 않는 장르도 있습니다.\r\n\r\n 독서도 마찬가지입니다. 소설, 수필, 시, 만화, 위인전 등 여러가지 장르가 있습니다.\r\n\r\n 여러분은 어떤 장르를 좋아하나요? 그리고 해당 장르에서 가장 재미있게 봤던 영화나 책은 무엇인가요?\r\n\r\n 자신이 봤던 영화 혹은 책을 한 편 선정하여 주제와 내용 그리고 느낀점을 감상문으로 작성해주세요.",
    "essay_type": "설명글",
    "essay_level": "3",
    "essay_len": 706,
    "essay_main_subject": "영화/독서감상문"
  }
}