{
  "paragraph": [
    {
      "paragraph_txt": "이 책은 영어수업 시간의 일환으로 읽게되었다.#@문장구분#이 책은 내용은 사람들은 모두 항상 배운다는 것이다.#@문장구분# 아이들뿐만 아니라 청년, 노인들까지도 말이다. #@문장구분#생각해보면 나도 계속 배우고 있는 중이다.#@문장구분# 어릴때는 삶의 기초적인 것들을 배웠고 지금은 공부를 하고 있는 것처럼 말이다. #@문장구분#흔히들 공부는 평생한다고 한다.#@문장구분# 그것도 어찌보면 평생 배운다는 것과 마찬가지이다.#@문장구분# 나도 공부를 평생하고 싶지는 않지만 선생님이 된다면 선생님을 하는 중에는 공부를 계속 할 것이고, 선생님을 그만하고 나서도 공부는 잘 하지 않겠지만 그때에는 세상에 대해 배우지 않을까 싶다.#@문장구분# 지금은 공부를 계속하고 있고 세상을 잘 모른다.#@문장구분# 하지만 나는 세상을 배우는 그 순간을 기대하고 있다. #@문장구분#또한 배운다는 것은 즐거운 일인 것 같다.#@문장구분# 새로운 것을 알게되는 과정이기 때문에 난 너무 즐겁다고 생각한다.#@문장구분#",
      "paragraph_len": 659,
      "paragraph_id": "001"
    }
  ],
  "score": {
    "paragraph_score": [
      {
        "paragraph_scoreT": [
          1.8333334,
          1.8333334,
          1.8333334
        ],
        "paragraph_scoreT_detail": {
          "paragraph_scoreT_exp": [
            [
              2,
              2,
              1
            ],
            [
              2,
              2,
              1
            ],
            [
              2,
              2,
              1
            ]
          ]
        },
        "paragraph_scoreT_avg": 1.8333334,
        "paragraph_id": "001"
      }
    ],
    "essay_scoreT": [
      18.38889,
      17.61111,
      13.555555
    ],
    "essay_scoreT_avg": 16.518518,
    "essay_scoreT_detail": {
      "essay_scoreT_org": [
        [
          2,
          1,
          2,
          2
        ],
        [
          2,
          2,
          2,
          1
        ],
        [
          1,
          1,
          1,
          2
        ]
      ],
      "essay_scoreT_cont": [
        [
          2,
          2,
          0,
          1
        ],
        [
          2,
          1,
          0,
          2
        ],
        [
          1,
          1,
          0,
          1
        ]
      ],
      "essay_scoreT_exp": [
        [
          2,
          2,
          1
        ],
        [
          2,
          2,
          1
        ],
        [
          2,
          2,
          1
        ]
      ]
    }
  },
  "student": {
    "date": "2021.09.10",
    "student_educated": true,
    "student_grade": "고등_1학년",
    "location": "063",
    "student_grade_group": "고등",
    "student_reading": 1
  },
  "rubric": {
    "essay_grade": "고등_1학년",
    "organization_weight": {
      "org_paragraph": 2,
      "org": 2,
      "org_essay": 4,
      "org_coherence": 2,
      "org_quantity": 1
    },
    "essay_type": "설명글",
    "content_weight": {
      "con_clearance": 4,
      "con_novelty": 3,
      "con": 4,
      "con_prompt": 0,
      "con_description": 1
    },
    "essay_main_subject": "영화/독서감상문",
    "expression_weight": {
      "exp_style": 1,
      "exp_grammar": 2,
      "exp_vocab": 3,
      "exp": 4
    }
  },
  "correction": [],
  "info": {
    "essay_id": "ESSAY_34743",
    "essay_prompt": " 영화에는 로맨스, 액션, 스릴러 등 정말 많은 장르가 있습니다. 사람마다 좋아하는 장르가 있고 절대 보지 않는 장르도 있습니다.\r\n\r\n 독서도 마찬가지입니다. 소설, 수필, 시, 만화, 위인전 등 여러가지 장르가 있습니다.\r\n\r\n 여러분은 어떤 장르를 좋아하나요? 그리고 해당 장르에서 가장 재미있게 봤던 영화나 책은 무엇인가요?\r\n\r\n 자신이 봤던 영화 혹은 책을 한 편 선정하여 주제와 내용 그리고 느낀점을 감상문으로 작성해주세요.",
    "essay_type": "설명글",
    "essay_level": "3",
    "essay_len": 421,
    "essay_main_subject": "영화/독서감상문"
  }
}