{
  "paragraph": [
    {
      "paragraph_txt": "이작품은 학교 독서시간에 발췌독으로 읽게 되었다.#@문장구분# \n이 작품에는 세명의 인물이 등장한다.#@문장구분# 조운 미이 석이라는 인물이 나온다.#@문장구분# \n6.25에서 만났다가 헤어진 석은 피란지에서 교사로 일하고있다.#@문장구분# 교사가 되면 다시 작가로써 글을 쓸줄알았는데 현실에 순응해 하루하루 살아가고 있다.#@문장구분# 그러다 조운이 그를 찾아온다.#@문장구분# 오랜만에 만난 그들은 함께시간을 보내다 석을 찾아온 이유를 묻게 된다.#@문장구분# 조운은 피란지에서 만났던 미이라는 여자에 대해 이야기를 하며 쪽지를 건네준다.#@문장구분# 미이는 부유했지만 전쟁으로 인해 몰락했지만 조운을 따르던 인물이었고 조운은 부산에서 작가로써가 아닌 사업으로 크게 성공한다.#@문장구분# 조운은 미이를 불쌍히여겨 다방을 차려준다했지만 미이는 간호장교에 지원한다.#@문장구분# 이런 얘기를 들은 석은 자신을 되돌아본다.#@문장구분# \n이 작품은 세명의 인물상을 제시해 자신들이 힘든상황을 겪고 있는중 어떤 선택을 하게될지에 대해 고민할수 있는 생각할수있는 작품이다.#@문장구분#",
      "paragraph_len": 705,
      "paragraph_id": "001"
    }
  ],
  "score": {
    "paragraph_score": [
      {
        "paragraph_scoreT": [
          1,
          2,
          1.8333334
        ],
        "paragraph_scoreT_detail": {
          "paragraph_scoreT_exp": [
            [
              1,
              1,
              1
            ],
            [
              2,
              2,
              2
            ],
            [
              2,
              2,
              1
            ]
          ]
        },
        "paragraph_scoreT_avg": 1.6111112,
        "paragraph_id": "001"
      }
    ],
    "essay_scoreT": [
      10.5,
      20,
      17.5
    ],
    "essay_scoreT_avg": 16,
    "essay_scoreT_detail": {
      "essay_scoreT_org": [
        [
          1,
          1,
          1,
          1
        ],
        [
          2,
          2,
          2,
          2
        ],
        [
          1,
          1,
          2,
          2
        ]
      ],
      "essay_scoreT_cont": [
        [
          1,
          1,
          0,
          2
        ],
        [
          2,
          2,
          0,
          2
        ],
        [
          2,
          2,
          0,
          1
        ]
      ],
      "essay_scoreT_exp": [
        [
          1,
          1,
          1
        ],
        [
          2,
          2,
          2
        ],
        [
          2,
          2,
          1
        ]
      ]
    }
  },
  "student": {
    "date": "2021.09.07",
    "student_educated": true,
    "student_grade": "고등_1학년",
    "location": "051",
    "student_grade_group": "고등",
    "student_reading": 1
  },
  "rubric": {
    "essay_grade": "고등_1학년",
    "organization_weight": {
      "org_paragraph": 2,
      "org": 2,
      "org_essay": 4,
      "org_coherence": 2,
      "org_quantity": 1
    },
    "essay_type": "설명글",
    "content_weight": {
      "con_clearance": 4,
      "con_novelty": 3,
      "con": 4,
      "con_prompt": 0,
      "con_description": 1
    },
    "essay_main_subject": "영화/독서감상문",
    "expression_weight": {
      "exp_style": 1,
      "exp_grammar": 2,
      "exp_vocab": 3,
      "exp": 4
    }
  },
  "correction": [],
  "info": {
    "essay_id": "ESSAY_34531",
    "essay_prompt": " 영화에는 로맨스, 액션, 스릴러 등 정말 많은 장르가 있습니다. 사람마다 좋아하는 장르가 있고 절대 보지 않는 장르도 있습니다.\r\n\r\n 독서도 마찬가지입니다. 소설, 수필, 시, 만화, 위인전 등 여러가지 장르가 있습니다.\r\n\r\n 여러분은 어떤 장르를 좋아하나요? 그리고 해당 장르에서 가장 재미있게 봤던 영화나 책은 무엇인가요?\r\n\r\n 자신이 봤던 영화 혹은 책을 한 편 선정하여 주제와 내용 그리고 느낀점을 감상문으로 작성해주세요.",
    "essay_type": "설명글",
    "essay_level": "3",
    "essay_len": 466,
    "essay_main_subject": "영화/독서감상문"
  }
}