{
  "paragraph": [
    {
      "paragraph_txt": "이 책의 제목은 컴퓨터 과학이 여는 세계이다.#@문장구분# 저자는 이광근이라는 사람이 썻다.#@문장구분# 이 책은 컴퓨터 과학에 대해 아주 쉬운 단어로 풀어서 설명해주는데, 어려운 부분은 오르막 표시가 되어있고, 내리막 표시가 되어있는 부분까지 건너뛰워도 무관하다고 표기 되어있다.#@문장구분# 목차는 크게 6개로 이루어져있다.#@문장구분# 맨처음에는 앨런 튜링이라는 사람이 고안하게 된 가장 보편적인 만능 기계인 컴퓨터의 기초가 되는튜 링 기계에 대한 고안과 그 원리에 대해서 적혀져 있다.#@문장구분# 이 튜링기계로 고안된 소프트웨어를 엄청나게 많이 연결해서 논리회로와 기계의 근본이 되는 부분을 만들게 된다.#@문장구분# ",
      "paragraph_len": 429,
      "paragraph_id": "001"
    },
    {
      "paragraph_txt": "논리 회로에 대한 각종 설명 뒤에는 수학 7대 문제 중 하나인 p=np 명제에 대한 설명이 있다.#@문장구분# P는 n의 k승인 계산 (k는 상수), np는 운에 따라 풀릴수도 있는 계산이다.#@문장구분# 컴퓨터의 계산 능력으로 풀 수 있는 명제를 p라 하는데, 이 두 집합이 컴퓨타가 풀 수 있는 문제라는전체 집합에서 서로 들어가는지를 확인하는 문제이다.#@문장구분# 그리고 이 설명 후에는 드디어 현대 컴퓨터 과학에서 핵심이라 할 수 있는 알고리즘에 대한 설명이 이어진다.#@문장구분# 책 내용은 대체적으로 어려운 내용이였지만, 아주 유익한 내용이 들어있어서, 컴퓨터가 어떤식으로 만들어졌고, 기초 원리가 무엇인지에.대해 알게되는 유익한 시간이였다.#@문장구분#",
      "paragraph_len": 437,
      "paragraph_id": "002"
    }
  ],
  "score": {
    "paragraph_score": [
      {
        "paragraph_scoreT": [
          3,
          2.3333333,
          2
        ],
        "paragraph_scoreT_detail": {
          "paragraph_scoreT_exp": [
            [
              3,
              3,
              3
            ],
            [
              3,
              2,
              2
            ],
            [
              2,
              2,
              2
            ]
          ]
        },
        "paragraph_scoreT_avg": 2.4444444,
        "paragraph_id": "001"
      },
      {
        "paragraph_scoreT": [
          3,
          2.3333333,
          2
        ],
        "paragraph_scoreT_detail": {
          "paragraph_scoreT_exp": [
            [
              3,
              3,
              3
            ],
            [
              3,
              2,
              2
            ],
            [
              2,
              2,
              2
            ]
          ]
        },
        "paragraph_scoreT_avg": 2.4444444,
        "paragraph_id": "002"
      }
    ],
    "essay_scoreT": [
      29.777779,
      24.5,
      20.944445
    ],
    "essay_scoreT_avg": 25.074074,
    "essay_scoreT_detail": {
      "essay_scoreT_org": [
        [
          3,
          3,
          3,
          2
        ],
        [
          2,
          3,
          3,
          1
        ],
        [
          2,
          2,
          3,
          2
        ]
      ],
      "essay_scoreT_cont": [
        [
          3,
          3,
          0,
          3
        ],
        [
          3,
          2,
          0,
          3
        ],
        [
          2,
          2,
          0,
          3
        ]
      ],
      "essay_scoreT_exp": [
        [
          3,
          3,
          3
        ],
        [
          3,
          2,
          2
        ],
        [
          2,
          2,
          2
        ]
      ]
    }
  },
  "student": {
    "date": "2021.09.13",
    "student_educated": true,
    "student_grade": "고등_1학년",
    "location": "063",
    "student_grade_group": "고등",
    "student_reading": 1
  },
  "rubric": {
    "essay_grade": "고등_1학년",
    "organization_weight": {
      "org_paragraph": 2,
      "org": 2,
      "org_essay": 4,
      "org_coherence": 2,
      "org_quantity": 1
    },
    "essay_type": "설명글",
    "content_weight": {
      "con_clearance": 4,
      "con_novelty": 3,
      "con": 4,
      "con_prompt": 0,
      "con_description": 1
    },
    "essay_main_subject": "영화/독서감상문",
    "expression_weight": {
      "exp_style": 1,
      "exp_grammar": 2,
      "exp_vocab": 3,
      "exp": 4
    }
  },
  "correction": [],
  "info": {
    "essay_id": "ESSAY_34356",
    "essay_prompt": " 영화에는 로맨스, 액션, 스릴러 등 정말 많은 장르가 있습니다. 사람마다 좋아하는 장르가 있고 절대 보지 않는 장르도 있습니다.\r\n\r\n 독서도 마찬가지입니다. 소설, 수필, 시, 만화, 위인전 등 여러가지 장르가 있습니다.\r\n\r\n 여러분은 어떤 장르를 좋아하나요? 그리고 해당 장르에서 가장 재미있게 봤던 영화나 책은 무엇인가요?\r\n\r\n 자신이 봤던 영화 혹은 책을 한 편 선정하여 주제와 내용 그리고 느낀점을 감상문으로 작성해주세요.",
    "essay_type": "설명글",
    "essay_level": "3",
    "essay_len": 648,
    "essay_main_subject": "영화/독서감상문"
  }
}