{
  "paragraph": [
    {
      "paragraph_txt": "이 책은 내가 논술 수업시간에 책꽂이 속에서 책 제목에 교사라는  단어가 들어가 있는 책이 있어서 골라서 읽게 되었다.#@문장구분# 이 책은 교사의 입장에서 쓴 책이다.#@문장구분# 이 책에서는 교사를 크게 두 부류로 나누는데, 훌륭한 교사와 평범한 교사로 나뉜다.#@문장구분# 나는 이 책 속에서 '훌륭한 교사는 어떤 상황에서든 학생을 먼저 떠올린다.' 라는 문장이 가장 인상 깊었다.#@문장구분# 이 문장을 보고 처음에 머릿속을 스쳐 지나간 생각은 '만약 내가 교사라면, 내가 받을 영향에 더 신경을 쓰지 않을까?' 라는 것이었다.#@문장구분# 갑작스러운 수업 시간 변경 때문에 학생들이 준비 한 것을 보여주지 못할 것이라는 걱정을 한다기보다는 다른 반과의 진도를 맞추기 위한 방법을 찾는 것이 더 급할지도 모른다는 생각이 들었다.#@문장구분# 책에서는 거의 전부 다 교사의 입장이기 때문에 내가 이해하기 힘들고 어려웠던 부분도 여러부분이 있었다.#@문장구분# 그래도 내가 알게 된 한가지 사실이 있다.#@문장구분# 훌륭한 교사라면 늘 학생을 최우선으로 생각한다는 것을 알게 되었다.#@문장구분# 이 책은 교사에 대한 불평이나 불만을 가지고 있는 학생들이 읽고, 교사가 항상 날카로운 지적만 한다는 생각이 그 학생과의 관계를 위해서도 노력한다는것을 깨달았으면 좋겠다.#@문장구분#",
      "paragraph_len": 792,
      "paragraph_id": "001"
    }
  ],
  "score": {
    "paragraph_score": [
      {
        "paragraph_scoreT": [
          2,
          2,
          1.8333334
        ],
        "paragraph_scoreT_detail": {
          "paragraph_scoreT_exp": [
            [
              2,
              2,
              2
            ],
            [
              2,
              2,
              2
            ],
            [
              2,
              2,
              1
            ]
          ]
        },
        "paragraph_scoreT_avg": 1.9444445,
        "paragraph_id": "001"
      }
    ],
    "essay_scoreT": [
      17.055555,
      20,
      17.5
    ],
    "essay_scoreT_avg": 18.185186,
    "essay_scoreT_detail": {
      "essay_scoreT_org": [
        [
          2,
          1,
          2,
          2
        ],
        [
          2,
          2,
          2,
          2
        ],
        [
          1,
          1,
          2,
          2
        ]
      ],
      "essay_scoreT_cont": [
        [
          1,
          2,
          0,
          1
        ],
        [
          2,
          2,
          0,
          2
        ],
        [
          2,
          2,
          0,
          1
        ]
      ],
      "essay_scoreT_exp": [
        [
          2,
          2,
          2
        ],
        [
          2,
          2,
          2
        ],
        [
          2,
          2,
          1
        ]
      ]
    }
  },
  "student": {
    "date": "2021.09.09",
    "student_educated": true,
    "student_grade": "고등_1학년",
    "location": "051",
    "student_grade_group": "고등",
    "student_reading": 2
  },
  "rubric": {
    "essay_grade": "고등_1학년",
    "organization_weight": {
      "org_paragraph": 2,
      "org": 2,
      "org_essay": 4,
      "org_coherence": 2,
      "org_quantity": 1
    },
    "essay_type": "설명글",
    "content_weight": {
      "con_clearance": 4,
      "con_novelty": 3,
      "con": 4,
      "con_prompt": 0,
      "con_description": 1
    },
    "essay_main_subject": "영화/독서감상문",
    "expression_weight": {
      "exp_style": 1,
      "exp_grammar": 2,
      "exp_vocab": 3,
      "exp": 4
    }
  },
  "correction": [],
  "info": {
    "essay_id": "ESSAY_34805",
    "essay_prompt": " 영화에는 로맨스, 액션, 스릴러 등 정말 많은 장르가 있습니다. 사람마다 좋아하는 장르가 있고 절대 보지 않는 장르도 있습니다.\r\n\r\n 독서도 마찬가지입니다. 소설, 수필, 시, 만화, 위인전 등 여러가지 장르가 있습니다.\r\n\r\n 여러분은 어떤 장르를 좋아하나요? 그리고 해당 장르에서 가장 재미있게 봤던 영화나 책은 무엇인가요?\r\n\r\n 자신이 봤던 영화 혹은 책을 한 편 선정하여 주제와 내용 그리고 느낀점을 감상문으로 작성해주세요.",
    "essay_type": "설명글",
    "essay_level": "3",
    "essay_len": 592,
    "essay_main_subject": "영화/독서감상문"
  }
}