{
  "paragraph": [
    {
      "paragraph_txt": "이 책은 한 학교의 학생들이 서로 팀을 꾸려서 쓰레기도 줍고, 세차도 하고, 공사현장도 돕는 등 다양한 봉사활동을 하며 서로 협동하고 깨끗한 환경을 만드는데 일조하는 책이었다.#@문장구분# 나는 이책을 읽으며 그동안 했던 봉사활동이 생각이 났었다. #@문장구분#비록 힘들었지만, 깨끗한 환경을 만드는 일에 이바지했다고 생각하니 뿌듯한일이었다.#@문장구분# 그러나 아직도 심각한 환경오염은 계속되고 있다.#@문장구분# 부주의로 인한 해양 기름 유출 사건, 쓰레기 섬, 길거리에 널린 쓰레기들은 우리 지구를 죽여가고 있는 것이다.#@문장구분# 보통 사람들은 '나까진 괜찮겠지' 하는 생각으로 아무데나 버리는데, 그게 쌓이고 쌓여 지금 지구가 아파하고 있는 것이다.#@문장구분# 비록 자동차 매연이나 공장 매연은 우리가 어찌할 수 없지만, 일회용컵을 줄이고 쓰레기를 쓰레기통에 분리수거를 잘 한다면 지구가 다시 나을 수 있다. #@문장구분#언젠가 환경 오염 예방과 관련해서 게임을 하나 만들어보고 싶다.#@문장구분#",
      "paragraph_len": 613,
      "paragraph_id": "001"
    }
  ],
  "score": {
    "paragraph_score": [
      {
        "paragraph_scoreT": [
          3,
          2.8333333,
          2
        ],
        "paragraph_scoreT_detail": {
          "paragraph_scoreT_exp": [
            [
              3,
              3,
              3
            ],
            [
              3,
              3,
              2
            ],
            [
              2,
              2,
              2
            ]
          ]
        },
        "paragraph_scoreT_avg": 2.611111,
        "paragraph_id": "001"
      }
    ],
    "essay_scoreT": [
      30,
      26,
      18.277779
    ],
    "essay_scoreT_avg": 24.75926,
    "essay_scoreT_detail": {
      "essay_scoreT_org": [
        [
          3,
          3,
          3,
          3
        ],
        [
          2,
          3,
          3,
          1
        ],
        [
          2,
          2,
          2,
          1
        ]
      ],
      "essay_scoreT_cont": [
        [
          3,
          3,
          0,
          3
        ],
        [
          3,
          2,
          0,
          2
        ],
        [
          2,
          1,
          0,
          2
        ]
      ],
      "essay_scoreT_exp": [
        [
          3,
          3,
          3
        ],
        [
          3,
          3,
          2
        ],
        [
          2,
          2,
          2
        ]
      ]
    }
  },
  "student": {
    "date": "2021.09.07",
    "student_educated": true,
    "student_grade": "고등_1학년",
    "location": "051",
    "student_grade_group": "고등",
    "student_reading": 2
  },
  "rubric": {
    "essay_grade": "고등_1학년",
    "organization_weight": {
      "org_paragraph": 2,
      "org": 2,
      "org_essay": 4,
      "org_coherence": 2,
      "org_quantity": 1
    },
    "essay_type": "설명글",
    "content_weight": {
      "con_clearance": 4,
      "con_novelty": 3,
      "con": 4,
      "con_prompt": 0,
      "con_description": 1
    },
    "essay_main_subject": "영화/독서감상문",
    "expression_weight": {
      "exp_style": 1,
      "exp_grammar": 2,
      "exp_vocab": 3,
      "exp": 4
    }
  },
  "correction": [],
  "info": {
    "essay_id": "ESSAY_34171",
    "essay_prompt": " 영화에는 로맨스, 액션, 스릴러 등 정말 많은 장르가 있습니다. 사람마다 좋아하는 장르가 있고 절대 보지 않는 장르도 있습니다.\r\n\r\n 독서도 마찬가지입니다. 소설, 수필, 시, 만화, 위인전 등 여러가지 장르가 있습니다.\r\n\r\n 여러분은 어떤 장르를 좋아하나요? 그리고 해당 장르에서 가장 재미있게 봤던 영화나 책은 무엇인가요?\r\n\r\n 자신이 봤던 영화 혹은 책을 한 편 선정하여 주제와 내용 그리고 느낀점을 감상문으로 작성해주세요.",
    "essay_type": "설명글",
    "essay_level": "3",
    "essay_len": 455,
    "essay_main_subject": "영화/독서감상문"
  }
}