{
  "paragraph": [
    {
      "paragraph_txt": "소설가의 일을 하며 살아가는 '나'에게 25년만에 어릴적 친구에게서 전화가 오고 이를 계기로 '나'는 고향의 생각에 빠지게 된다.#@문장구분# 친구는 어렸을 적인 꿈인 가수를 하며 살아가고 있었고 자신이 사는 곳으로 놀러오라는 요청을 받지만 가려고 하지 않는다.#@문장구분# 지금은 사라져버린 고향의 과거를 친구에게서만 간직할 수 있었다는 이유였다.#@문장구분#<br/>그러면서 여섯 동생을 키우느라 세월을 보내고 결국 과거에 사로잡혀 새로운 세대로써 적응하기가 어려워진 큰오빠의 삶의 무게를 인식하며 큰오빠는 자신의 젊음을 바쳐가며 헌신에 대해 허탈감으로 하루를 보내고 있음을 알게된다.#@문장구분# <br/>친구를 찾아가니 무대 위에서 노래를 부르고 있었고 점점 고향의 모습이 사라져가고 있음에도 '나'에게 고향의 아름다운 과거를 친구로부터 떠올릴 수 있을 것이라 확신하게 된다.#@문장구분#<br/>이 책은 1970년대의 도시화가 진행되어 도시로 유입된 시골 사람들이 도시에 적응하지 못한 채로 어떤 형태로 유랑하고 있는가를 다룬 작품이다.#@문장구분#<br/>고도화되어가는 현실에서 부정적인 가치관이 주입된 그들이 지난 기억의 아름다움이 그들 나름대로의 삶에 있어 소중하다는 것을 깨닫게 해준다.#@문장구분#<br/>특히 물질 만능화된 현대 사회에서 주변 인물로 살아가는 소외된 소시민들의 삶을 그려내고 있으며 그들에 대한 연민과 애정이 드러 난다.#@문장구분#<br/>또한 이 책에서 밝힌 \"한계령\"이라는 노래에서는 사람이라면 누구나 마음속의 상처를 가지고 살아갈 수밖에 없지만 그것이 자신의 삶에서 어떻게 행동하느냐에 따라 삶의 전환점이 바뀐다는 의미를 전하고 있다.#@문장구분#<br/>그리고 이 책에서 등장하는 노래들에는 소시민들이 갈망하는 정신적 위안이 어떤 것이 되어야하는지, 어떤것이 되면 좋은지를 환기시켜 이를 형상화시켜주고 있다.#@문장구분#<br/>이 책의 결말에서는 어린시절부터 모아온 돈으로 차린 작은 카페처럼 현실의 허망함에 직면해 고통받지만 사람의 삶에 있어서는 그뿐만이 아니라 따뜻함이 발현된 자그마한 희망의 가능성으로 살아갈 수 있음을 말해주고 있다.#@문장구분#",
      "paragraph_len": 1254,
      "paragraph_id": "001"
    }
  ],
  "score": {
    "paragraph_score": [
      {
        "paragraph_scoreT": [
          2.6666667,
          2.5,
          2
        ],
        "paragraph_scoreT_detail": {
          "paragraph_scoreT_exp": [
            [
              2,
              3,
              3
            ],
            [
              2,
              3,
              2
            ],
            [
              2,
              2,
              2
            ]
          ]
        },
        "paragraph_scoreT_avg": 2.388889,
        "paragraph_id": "001"
      }
    ],
    "essay_scoreT": [
      23.777779,
      26.5,
      21.5
    ],
    "essay_scoreT_avg": 23.925926,
    "essay_scoreT_detail": {
      "essay_scoreT_org": [
        [
          3,
          2,
          2,
          3
        ],
        [
          3,
          3,
          3,
          3
        ],
        [
          2,
          2,
          2,
          2
        ]
      ],
      "essay_scoreT_cont": [
        [
          2,
          2,
          0,
          2
        ],
        [
          3,
          2,
          0,
          3
        ],
        [
          3,
          2,
          0,
          1
        ]
      ],
      "essay_scoreT_exp": [
        [
          2,
          3,
          3
        ],
        [
          2,
          3,
          2
        ],
        [
          2,
          2,
          2
        ]
      ]
    }
  },
  "student": {
    "date": "2021.09.09",
    "student_educated": true,
    "student_grade": "고등_1학년",
    "location": "051",
    "student_grade_group": "고등",
    "student_reading": 1
  },
  "rubric": {
    "essay_grade": "고등_1학년",
    "organization_weight": {
      "org_paragraph": 2,
      "org": 2,
      "org_essay": 4,
      "org_coherence": 2,
      "org_quantity": 1
    },
    "essay_type": "설명글",
    "content_weight": {
      "con_clearance": 4,
      "con_novelty": 3,
      "con": 4,
      "con_prompt": 0,
      "con_description": 1
    },
    "essay_main_subject": "영화/독서감상문",
    "expression_weight": {
      "exp_style": 1,
      "exp_grammar": 2,
      "exp_vocab": 3,
      "exp": 4
    }
  },
  "correction": [],
  "info": {
    "essay_id": "ESSAY_34696",
    "essay_prompt": " 영화에는 로맨스, 액션, 스릴러 등 정말 많은 장르가 있습니다. 사람마다 좋아하는 장르가 있고 절대 보지 않는 장르도 있습니다.\r\n\r\n 독서도 마찬가지입니다. 소설, 수필, 시, 만화, 위인전 등 여러가지 장르가 있습니다.\r\n\r\n 여러분은 어떤 장르를 좋아하나요? 그리고 해당 장르에서 가장 재미있게 봤던 영화나 책은 무엇인가요?\r\n\r\n 자신이 봤던 영화 혹은 책을 한 편 선정하여 주제와 내용 그리고 느낀점을 감상문으로 작성해주세요.",
    "essay_type": "설명글",
    "essay_level": "3",
    "essay_len": 954,
    "essay_main_subject": "영화/독서감상문"
  }
}