{
  "paragraph": [
    {
      "paragraph_txt": "일반적인 화학 공학에서 의약품 및 탄소 화합물 등의 유기 화학만을 찾다보니 생화학에 대한 호기심이 생겼다.#@문장구분# 생화학은 유기 화학과는 조금 다르게 우리 인체에서 즉 더 넓게는 생명체에서 일어나는 화학 반응에 대해 연구하는 학문이다.#@문장구분# 사실 생화학이라는 과목 자체 가 굉장히 고등 과목이고 진입 장벽이 높은 점을 감안해 책을 고를 때 상당히 난감했는데, 이 재미있는 생화학은 다른 책들과는 다르게 그림과 도표를 많이 사용하고 게다가 쉬운 용어로 설명을 해주고 있어 거의 대부분의 내용이 내가 배운 화학1, 생명과학1에서 연계 가 된다는 느낌을 많이 받았다.#@문장구분# 책을 읽다보니 역시 생명체 내에서의 이야기가 주를 이루다 보니 이 책이 생명과학에 관련 되어 있는 책인지, 화학에 관련되어 있는 책인지 헷갈리기 조차 했다.#@문장구분# 이처럼 두 과목이 굉장히 유기적으로 섞여있다는 사실 또한 알게 되어 대학에 가 기회가 된다면 이 생화학에 대해 더 자세하게 배워 보고 싶다는 생각이 많이 들었다.#@문장구분#",
      "paragraph_len": 586,
      "paragraph_id": "001"
    }
  ],
  "score": {
    "paragraph_score": [
      {
        "paragraph_scoreT": [
          2,
          2.3333333,
          1.8333334
        ],
        "paragraph_scoreT_detail": {
          "paragraph_scoreT_exp": [
            [
              2,
              2,
              2
            ],
            [
              3,
              2,
              2
            ],
            [
              2,
              2,
              1
            ]
          ]
        },
        "paragraph_scoreT_avg": 2.0555556,
        "paragraph_id": "001"
      }
    ],
    "essay_scoreT": [
      19.777779,
      24.277779,
      17.277779
    ],
    "essay_scoreT_avg": 20.444445,
    "essay_scoreT_detail": {
      "essay_scoreT_org": [
        [
          2,
          2,
          2,
          1
        ],
        [
          2,
          2,
          3,
          2
        ],
        [
          1,
          2,
          1,
          1
        ]
      ],
      "essay_scoreT_cont": [
        [
          2,
          2,
          0,
          2
        ],
        [
          3,
          2,
          0,
          3
        ],
        [
          2,
          2,
          0,
          1
        ]
      ],
      "essay_scoreT_exp": [
        [
          2,
          2,
          2
        ],
        [
          3,
          2,
          2
        ],
        [
          2,
          2,
          1
        ]
      ]
    }
  },
  "student": {
    "date": "2021.09.10",
    "student_educated": true,
    "student_grade": "고등_1학년",
    "location": "063",
    "student_grade_group": "고등",
    "student_reading": 2
  },
  "rubric": {
    "essay_grade": "고등_1학년",
    "organization_weight": {
      "org_paragraph": 2,
      "org": 2,
      "org_essay": 4,
      "org_coherence": 2,
      "org_quantity": 1
    },
    "essay_type": "설명글",
    "content_weight": {
      "con_clearance": 4,
      "con_novelty": 3,
      "con": 4,
      "con_prompt": 0,
      "con_description": 1
    },
    "essay_main_subject": "영화/독서감상문",
    "expression_weight": {
      "exp_style": 1,
      "exp_grammar": 2,
      "exp_vocab": 3,
      "exp": 4
    }
  },
  "correction": [],
  "info": {
    "essay_id": "ESSAY_34602",
    "essay_prompt": " 영화에는 로맨스, 액션, 스릴러 등 정말 많은 장르가 있습니다. 사람마다 좋아하는 장르가 있고 절대 보지 않는 장르도 있습니다.\r\n\r\n 독서도 마찬가지입니다. 소설, 수필, 시, 만화, 위인전 등 여러가지 장르가 있습니다.\r\n\r\n 여러분은 어떤 장르를 좋아하나요? 그리고 해당 장르에서 가장 재미있게 봤던 영화나 책은 무엇인가요?\r\n\r\n 자신이 봤던 영화 혹은 책을 한 편 선정하여 주제와 내용 그리고 느낀점을 감상문으로 작성해주세요.",
    "essay_type": "설명글",
    "essay_level": "3",
    "essay_len": 293,
    "essay_main_subject": "영화/독서감상문"
  }
}