{
  "paragraph": [
    {
      "paragraph_txt": "이 책은 햇빛이 없던 한 극지방의 사람들을 위해 까마귀가 햇빛을 가져다 주는 일종의 설화다.#@문장구분# 처음 이 책을 읽었을 때, 나는 개인적으로 설화류의 이야기를 좋아해서인지, 가볍게 읽을 수 있는 재미있는 이야기라고 생각했다.#@문장구분# 그래서 두 번째로 읽을 때에는 이야기적 측면보다 인물적 측면에 집중하여 읽었더니, 완전히 다른 이야기처럼 느껴졌다.#@문장구분# 중신인물인 까마귀는 사람들의 햇빛을 가져달라는 부탁에 먼 거리를 다시 비행하여 소년을 속이면서까지 사람들을 위해 햇빛을 가져온 너무 나도 다정하면서도 용감한 부분을 볼 수 있었으며, 햇빛을 보고 신기해하며 기뻐하는 사람들의 모습에서 천진함을 찾아볼 수 있었다.#@문장구분# 만약 다음에 다시 한 번 이 책을 읽게 된다면, 그 때는 또 다른 관점으로 이 책을 읽어 새로운 느낌을 받음과 동시에 이 책의 또 다른 숨겨진 가치를 찾아내고 싶다.#@문장구분#",
      "paragraph_len": 526,
      "paragraph_id": "001"
    }
  ],
  "score": {
    "paragraph_score": [
      {
        "paragraph_scoreT": [
          1.8333334,
          1.8333334,
          1.8333334
        ],
        "paragraph_scoreT_detail": {
          "paragraph_scoreT_exp": [
            [
              2,
              2,
              1
            ],
            [
              2,
              2,
              1
            ],
            [
              2,
              2,
              1
            ]
          ]
        },
        "paragraph_scoreT_avg": 1.8333334,
        "paragraph_id": "001"
      }
    ],
    "essay_scoreT": [
      17.11111,
      17.833334,
      17.11111
    ],
    "essay_scoreT_avg": 17.35185,
    "essay_scoreT_detail": {
      "essay_scoreT_org": [
        [
          2,
          2,
          2,
          1
        ],
        [
          2,
          2,
          2,
          2
        ],
        [
          2,
          2,
          2,
          1
        ]
      ],
      "essay_scoreT_cont": [
        [
          2,
          1,
          0,
          1
        ],
        [
          2,
          1,
          0,
          2
        ],
        [
          2,
          1,
          0,
          1
        ]
      ],
      "essay_scoreT_exp": [
        [
          2,
          2,
          1
        ],
        [
          2,
          2,
          1
        ],
        [
          2,
          2,
          1
        ]
      ]
    }
  },
  "student": {
    "date": "2021.09.10",
    "student_educated": true,
    "student_grade": "고등_1학년",
    "location": "063",
    "student_grade_group": "고등",
    "student_reading": 2
  },
  "rubric": {
    "essay_grade": "고등_1학년",
    "organization_weight": {
      "org_paragraph": 2,
      "org": 2,
      "org_essay": 4,
      "org_coherence": 2,
      "org_quantity": 1
    },
    "essay_type": "설명글",
    "content_weight": {
      "con_clearance": 4,
      "con_novelty": 3,
      "con": 4,
      "con_prompt": 0,
      "con_description": 1
    },
    "essay_main_subject": "영화/독서감상문",
    "expression_weight": {
      "exp_style": 1,
      "exp_grammar": 2,
      "exp_vocab": 3,
      "exp": 4
    }
  },
  "correction": [],
  "info": {
    "essay_id": "ESSAY_34725",
    "essay_prompt": " 영화에는 로맨스, 액션, 스릴러 등 정말 많은 장르가 있습니다. 사람마다 좋아하는 장르가 있고 절대 보지 않는 장르도 있습니다.\r\n\r\n 독서도 마찬가지입니다. 소설, 수필, 시, 만화, 위인전 등 여러가지 장르가 있습니다.\r\n\r\n 여러분은 어떤 장르를 좋아하나요? 그리고 해당 장르에서 가장 재미있게 봤던 영화나 책은 무엇인가요?\r\n\r\n 자신이 봤던 영화 혹은 책을 한 편 선정하여 주제와 내용 그리고 느낀점을 감상문으로 작성해주세요.",
    "essay_type": "설명글",
    "essay_level": "3",
    "essay_len": 427,
    "essay_main_subject": "영화/독서감상문"
  }
}