{
  "paragraph": [
    {
      "paragraph_txt": "얼마 전 유튜브에서 메이즈 러너 클립영상을 보고 재밌겠다 싶어서 바로  메이즈 러너를 찾아서 감상했다.#@문장구분# 대략적인 줄거리는 기억을 잃고 밤마다 괴수가 나오는 커다란 미로로 둘러싸인 공간인 공터에 오게 된 주인공 토마스와 그와 같은 상황에 놓인 여러 사람이 함께 그 공간에서 탈출하기 위해 미로 속에서 헤매는 sf, 액션 스릴러 영화이다.#@문장구분#\n마음에 들었던 부분은 미로 규모가 매우 커서 고립된 것 같은 느낌이 강하게 들고, 무엇보다 액션 장면이 정말 재밌다.#@문장구분# 말 그대로 손에 땀을 쥐게 한달까.#@문장구분# 또 주인공 성격이 꽤 무모하다시피 도전을 두려워하지 않고 정의로워서 이야기 진행이 흥미롭다.#@문장구분# 미로에서 밤마다 괴수가 나온다는 사실을 뻔히 들어놓고는, 미로에 갇힌 사람 구한답시고 들어갔다가 같이 갇힌다.#@문장구분# (네가 그리핀도르냐?)#@문장구분# 심지어 그 사람이랑 만난 지 3일밖에 안 된 사람이다.. #@문장구분#나랑은 정반대 성향의 사람이라 초반에는 '왜 저런 짓을 하지?' 이러면서 보다가 미로에서 나온 괴수를 죽여버리고, 나중에는 미로를 탈출할 단서까지 발견해내는 걸 보고 되게 흥미로웠다.#@문장구분#\n또 좋았던 점이 나는 영화를 볼 때 '내가 저 영화에 들어간다면 어땠을까?' #@문장구분#같은 상상을 자주 하는 편인데, 이 영화는 다른 영화들보다 특히 몰입이 쉬웠다.#@문장구분# 왜냐면 기억을 잃고 미로로 오게 되는 사람들이 인종도 다양하고 청소년들이라 저 중에 나 하나 껴있어도 이상할 게 없을 것 같다.#@문장구분#\n베스트컷을 꼽자면, 토마스가 공터의 암묵적 리더에게 좋지 않은 이미지로 박혀서 하루 감옥에 갇히는 벌을 받는다.#@문장구분# 그때 토마스와 친한 '척'이라는 꼬마애가 몰래 와서 간식을 챙겨주는 장면이 있는데 갈등과 싸움이 가득한 영화에서 몇 안 되는 따뜻한 장면이라서 좋아한다.#@문장구분# \n판타지적 요소와 액션은 내 심장을 뛰게해.. #@문장구분#메이즈 러너 너무 재미있었고 많은 사람들이 보면 좋겠다!#@문장구분#",
      "paragraph_len": 1222,
      "paragraph_id": "001"
    }
  ],
  "score": {
    "paragraph_score": [
      {
        "paragraph_scoreT": [
          2.8333333,
          2,
          3
        ],
        "paragraph_scoreT_detail": {
          "paragraph_scoreT_exp": [
            [
              3,
              3,
              2
            ],
            [
              2,
              2,
              2
            ],
            [
              3,
              3,
              3
            ]
          ]
        },
        "paragraph_scoreT_avg": 2.611111,
        "paragraph_id": "001"
      }
    ],
    "essay_scoreT": [
      26.722221,
      22.444445,
      26.222221
    ],
    "essay_scoreT_avg": 25.12963,
    "essay_scoreT_detail": {
      "essay_scoreT_org": [
        [
          2,
          3,
          3,
          2
        ],
        [
          2,
          2,
          3,
          2
        ],
        [
          2,
          2,
          2,
          3
        ]
      ],
      "essay_scoreT_cont": [
        [
          3,
          2,
          0,
          3
        ],
        [
          3,
          2,
          0,
          2
        ],
        [
          2,
          3,
          0,
          3
        ]
      ],
      "essay_scoreT_exp": [
        [
          3,
          3,
          2
        ],
        [
          2,
          2,
          2
        ],
        [
          3,
          3,
          3
        ]
      ]
    }
  },
  "student": {
    "date": "2021.09.13",
    "student_educated": true,
    "student_grade": "고등_1학년",
    "location": "051",
    "student_grade_group": "고등",
    "student_reading": 1
  },
  "rubric": {
    "essay_grade": "고등_1학년",
    "organization_weight": {
      "org_paragraph": 2,
      "org": 2,
      "org_essay": 4,
      "org_coherence": 2,
      "org_quantity": 1
    },
    "essay_type": "설명글",
    "content_weight": {
      "con_clearance": 4,
      "con_novelty": 3,
      "con": 4,
      "con_prompt": 0,
      "con_description": 1
    },
    "essay_main_subject": "영화/독서감상문",
    "expression_weight": {
      "exp_style": 1,
      "exp_grammar": 2,
      "exp_vocab": 3,
      "exp": 4
    }
  },
  "correction": [],
  "info": {
    "essay_id": "ESSAY_34020",
    "essay_prompt": " 영화에는 로맨스, 액션, 스릴러 등 정말 많은 장르가 있습니다. 사람마다 좋아하는 장르가 있고 절대 보지 않는 장르도 있습니다.\r\n\r\n 독서도 마찬가지입니다. 소설, 수필, 시, 만화, 위인전 등 여러가지 장르가 있습니다.\r\n\r\n 여러분은 어떤 장르를 좋아하나요? 그리고 해당 장르에서 가장 재미있게 봤던 영화나 책은 무엇인가요?\r\n\r\n 자신이 봤던 영화 혹은 책을 한 편 선정하여 주제와 내용 그리고 느낀점을 감상문으로 작성해주세요.",
    "essay_type": "설명글",
    "essay_level": "3",
    "essay_len": 903,
    "essay_main_subject": "영화/독서감상문"
  }
}