{
  "paragraph": [
    {
      "paragraph_txt": "저는 책을 무엇을 읽을지 목록을 보면서 궁금해하고 있던 중에 일상생활에 쓰일 것 같은 물건들을 설명하고 있을 것 같은 제목에 끌려서 읽게 되었습니다.#@문장구분#<br/><br/> 플라스틱, 전화기, 종이, 연필, 지우개, 지퍼의 유래를 설명해주는 책이었습니다.#@문장구분# 저는 평소에는 생각하지 않던 것들에 대해서 새롭고 쉽게 알게 되는 것에 흥미를 느끼는 편인데 이 책을 읽고 상당히 흥미롭다는 것을 느꼈습니다.#@문장구분# 특히 연필과 지우개가 같이 발명되지 않고 지우개가 뒤늦게 발견된 것도 놀라웠습니다.#@문장구분# 그리고 종이도 중국의 과거였던 한나라에서 처음으로 발명되었었다고 알고있었는데, 사실은 기원전에 이집트인들이 먼저 발명을 했다는 것도 처음으로 알게 되었습니다.#@문장구분# 저는 영어책에서 이런 상식들을 얻게 될 것이라고는 생각치도 못했는데 의외로 난이도가 쉬운 영어책들도 재밌는 상식을 가지고 있다는 새로운 생각도 났었습니다.#@문장구분#",
      "paragraph_len": 574,
      "paragraph_id": "001"
    }
  ],
  "score": {
    "paragraph_score": [
      {
        "paragraph_scoreT": [
          2,
          1.8333334,
          1.8333334
        ],
        "paragraph_scoreT_detail": {
          "paragraph_scoreT_exp": [
            [
              2,
              2,
              2
            ],
            [
              2,
              2,
              1
            ],
            [
              2,
              2,
              1
            ]
          ]
        },
        "paragraph_scoreT_avg": 1.888889,
        "paragraph_id": "001"
      }
    ],
    "essay_scoreT": [
      18.277779,
      19.11111,
      17.722221
    ],
    "essay_scoreT_avg": 18.37037,
    "essay_scoreT_detail": {
      "essay_scoreT_org": [
        [
          2,
          2,
          2,
          1
        ],
        [
          2,
          2,
          2,
          1
        ],
        [
          1,
          2,
          2,
          1
        ]
      ],
      "essay_scoreT_cont": [
        [
          2,
          1,
          0,
          2
        ],
        [
          2,
          2,
          0,
          2
        ],
        [
          2,
          2,
          0,
          1
        ]
      ],
      "essay_scoreT_exp": [
        [
          2,
          2,
          2
        ],
        [
          2,
          2,
          1
        ],
        [
          2,
          2,
          1
        ]
      ]
    }
  },
  "student": {
    "date": "2021.09.10",
    "student_educated": true,
    "student_grade": "고등_1학년",
    "location": "063",
    "student_grade_group": "고등",
    "student_reading": 1
  },
  "rubric": {
    "essay_grade": "고등_1학년",
    "organization_weight": {
      "org_paragraph": 2,
      "org": 2,
      "org_essay": 4,
      "org_coherence": 2,
      "org_quantity": 1
    },
    "essay_type": "설명글",
    "content_weight": {
      "con_clearance": 4,
      "con_novelty": 3,
      "con": 4,
      "con_prompt": 0,
      "con_description": 1
    },
    "essay_main_subject": "영화/독서감상문",
    "expression_weight": {
      "exp_style": 1,
      "exp_grammar": 2,
      "exp_vocab": 3,
      "exp": 4
    }
  },
  "correction": [],
  "info": {
    "essay_id": "ESSAY_34771",
    "essay_prompt": " 영화에는 로맨스, 액션, 스릴러 등 정말 많은 장르가 있습니다. 사람마다 좋아하는 장르가 있고 절대 보지 않는 장르도 있습니다.\r\n\r\n 독서도 마찬가지입니다. 소설, 수필, 시, 만화, 위인전 등 여러가지 장르가 있습니다.\r\n\r\n 여러분은 어떤 장르를 좋아하나요? 그리고 해당 장르에서 가장 재미있게 봤던 영화나 책은 무엇인가요?\r\n\r\n 자신이 봤던 영화 혹은 책을 한 편 선정하여 주제와 내용 그리고 느낀점을 감상문으로 작성해주세요.",
    "essay_type": "설명글",
    "essay_level": "3",
    "essay_len": 434,
    "essay_main_subject": "영화/독서감상문"
  }
}