{
  "paragraph": [
    {
      "paragraph_txt": "교과서에 실려있어서 일게  되었다.#@문장구분# 줄거리는 대충 주인공이 자존심이 높아서 이탈리아어를 잘한다고 했고 자신이 사랑하는 여자가 청혼한것에 답으로 '벤토마르네'라는 선인장을 선물로주는데 그 의미를 몰라서 서로 갈라지게된다.#@문장구분# 나도 예전에 자존심때문에 안그런척을 한적이 있었던 기억이 있는데 이 책을 읽고는 나의 자존심이나 거짓말이 어떠한문제가 일어나면서 서로에게 사소한 것일수 있지만 나중에는  그일이 너무 큰 문제가 될수있다는것을 알게되었다.#@문장구분# 앞으로는 사소하다고 느끼는 일이나 좋은 거짓말이라도 자존심때문에 일이 틀어지는 일이없도록 해야겠다.#@문장구분# 또 만약내가 이책을 다른사람에게 권한다고 한다면 나는 자기가 자존심이 강하거나 거짓말을 자주하단는 사람에게 권하고싶다.#@문장구분# 그리고 이책을 읽은 사람이 자신을 돌아보는 시간을 가졌으면 하는 마음으로 자존심이 강한사람에게 이책을 권하고 싶다고 생각한다.#@문장구분#",
      "paragraph_len": 559,
      "paragraph_id": "001"
    }
  ],
  "score": {
    "paragraph_score": [
      {
        "paragraph_scoreT": [
          1.8333334,
          1.8333334,
          1.8333334
        ],
        "paragraph_scoreT_detail": {
          "paragraph_scoreT_exp": [
            [
              2,
              2,
              1
            ],
            [
              2,
              2,
              1
            ],
            [
              2,
              2,
              1
            ]
          ]
        },
        "paragraph_scoreT_avg": 1.8333334,
        "paragraph_id": "001"
      }
    ],
    "essay_scoreT": [
      17.61111,
      17.11111,
      15.333334
    ],
    "essay_scoreT_avg": 16.685186,
    "essay_scoreT_detail": {
      "essay_scoreT_org": [
        [
          2,
          2,
          2,
          1
        ],
        [
          2,
          2,
          2,
          1
        ],
        [
          1,
          1,
          1,
          1
        ]
      ],
      "essay_scoreT_cont": [
        [
          2,
          1,
          0,
          2
        ],
        [
          2,
          1,
          0,
          1
        ],
        [
          2,
          1,
          0,
          1
        ]
      ],
      "essay_scoreT_exp": [
        [
          2,
          2,
          1
        ],
        [
          2,
          2,
          1
        ],
        [
          2,
          2,
          1
        ]
      ]
    }
  },
  "student": {
    "date": "2021.09.10",
    "student_educated": true,
    "student_grade": "고등_1학년",
    "location": "063",
    "student_grade_group": "고등",
    "student_reading": 1
  },
  "rubric": {
    "essay_grade": "고등_1학년",
    "organization_weight": {
      "org_paragraph": 2,
      "org": 2,
      "org_essay": 4,
      "org_coherence": 2,
      "org_quantity": 1
    },
    "essay_type": "설명글",
    "content_weight": {
      "con_clearance": 4,
      "con_novelty": 3,
      "con": 4,
      "con_prompt": 0,
      "con_description": 1
    },
    "essay_main_subject": "영화/독서감상문",
    "expression_weight": {
      "exp_style": 1,
      "exp_grammar": 2,
      "exp_vocab": 3,
      "exp": 4
    }
  },
  "correction": [],
  "info": {
    "essay_id": "ESSAY_34801",
    "essay_prompt": " 영화에는 로맨스, 액션, 스릴러 등 정말 많은 장르가 있습니다. 사람마다 좋아하는 장르가 있고 절대 보지 않는 장르도 있습니다.\r\n\r\n 독서도 마찬가지입니다. 소설, 수필, 시, 만화, 위인전 등 여러가지 장르가 있습니다.\r\n\r\n 여러분은 어떤 장르를 좋아하나요? 그리고 해당 장르에서 가장 재미있게 봤던 영화나 책은 무엇인가요?\r\n\r\n 자신이 봤던 영화 혹은 책을 한 편 선정하여 주제와 내용 그리고 느낀점을 감상문으로 작성해주세요.",
    "essay_type": "설명글",
    "essay_level": "3",
    "essay_len": 439,
    "essay_main_subject": "영화/독서감상문"
  }
}