{
  "paragraph": [
    {
      "paragraph_txt": "1학기 말, 다른 수업 시간에는 공포 영화만 봤는데, 음악 시간에는 '쎄시봉'이라는 로맨스 영화를 봤다.#@문장구분# 개봉한 지 꽤 된 영화인데 아직 본 적이 없어서 내용이 궁금하기도 했고, 주변에서 '재미있으니까 꼭 보라'라는 식의 추천도 많이 받아서 엄청나게 기대가 되었다.#@문장구분# 영화가 시작된 후, 우리 반은 순식간에 조용해졌고, 모두가 집중해서 영화를 봤다.#@문장구분# 내용은 생각했던 것보다는 재미있었다. #@문장구분#하지만 중간에 반전인 장면이 있는데 그때는 진짜 못 참고 영화를 꺼버릴 뻔했다. #@문장구분#믿었던 여주에게 남주가 배신당할 때, 그 마음... 거의 정우의 어머니라도 된 듯 영화에 심한 과몰입을 한 나머지 막 화가 났다.#@문장구분# 그래도 여주가 정말 본인의 의지 100%인 상태에서 그런 짓을 한 게 아니기도 하고, 아직 러닝타임이 많이 남았으니까 '그동안 더 큰 반전이 있겠지'라고 생각하며 진정하고, 다시 보기 시작했다.#@문장구분# 남주는 여주를 거의 용서하다시피 하고, 잊고 지내는데, 50대쯤 되었을 때, 여주와 남주가 공항에서 만난다.#@문장구분# 이 장면에서는 좀 슬프기도 했는데, 남주가 좀 바보 같아서 여전히 답답했다.#@문장구분# 별다른 반전 없이 영화가 끝나니까 아쉽고, 허무했다.#@문장구분# 초반에는 어떤 내용으로 끝날지 작가처럼 5개의 엔딩을 생각해놓고 기대하며 봤는데, 이렇게 끝나니까 앞부분에 쌓아둔 내용이 아까웠다.#@문장구분# 그래도 오랜만에 영화로나마 설렘을 느낄 수 있어서 좋았고, 공포 영화가 아니라서 좋았다.#@문장구분# 사람들이 나한테 왜 그렇게 많이 추천을 해줬는지 그제야 알 것 같았다.#@문장구분# 예전에는 영화를 즐겨 보는 편이었지만 요즘은 영화를 보는 시간이 아깝다고 느껴져서 영화를 챙겨 보지 않았는데, 오랜만에 영화를 보고 나니 재미있었다.#@문장구분# 앞으로는 영화관이나 넷플릭스 등 다양한 방법을 이용하여 영화를 많이 봐야겠다.#@문장구분#",
      "paragraph_len": 1166,
      "paragraph_id": "001"
    }
  ],
  "score": {
    "paragraph_score": [
      {
        "paragraph_scoreT": [
          3,
          2.8333333,
          1.8333334
        ],
        "paragraph_scoreT_detail": {
          "paragraph_scoreT_exp": [
            [
              3,
              3,
              3
            ],
            [
              3,
              3,
              2
            ],
            [
              2,
              2,
              1
            ]
          ]
        },
        "paragraph_scoreT_avg": 2.5555556,
        "paragraph_id": "001"
      }
    ],
    "essay_scoreT": [
      30,
      27.333332,
      21.777779
    ],
    "essay_scoreT_avg": 26.37037,
    "essay_scoreT_detail": {
      "essay_scoreT_org": [
        [
          3,
          3,
          3,
          3
        ],
        [
          3,
          3,
          3,
          3
        ],
        [
          2,
          2,
          3,
          2
        ]
      ],
      "essay_scoreT_cont": [
        [
          3,
          3,
          0,
          3
        ],
        [
          3,
          2,
          0,
          2
        ],
        [
          3,
          2,
          0,
          2
        ]
      ],
      "essay_scoreT_exp": [
        [
          3,
          3,
          3
        ],
        [
          3,
          3,
          2
        ],
        [
          2,
          2,
          1
        ]
      ]
    }
  },
  "student": {
    "date": "2021.09.13",
    "student_educated": true,
    "student_grade": "고등_1학년",
    "location": "051",
    "student_grade_group": "고등",
    "student_reading": 2
  },
  "rubric": {
    "essay_grade": "고등_1학년",
    "organization_weight": {
      "org_paragraph": 2,
      "org": 2,
      "org_essay": 4,
      "org_coherence": 2,
      "org_quantity": 1
    },
    "essay_type": "설명글",
    "content_weight": {
      "con_clearance": 4,
      "con_novelty": 3,
      "con": 4,
      "con_prompt": 0,
      "con_description": 1
    },
    "essay_main_subject": "영화/독서감상문",
    "expression_weight": {
      "exp_style": 1,
      "exp_grammar": 2,
      "exp_vocab": 3,
      "exp": 4
    }
  },
  "correction": [],
  "info": {
    "essay_id": "ESSAY_34143",
    "essay_prompt": " 영화에는 로맨스, 액션, 스릴러 등 정말 많은 장르가 있습니다. 사람마다 좋아하는 장르가 있고 절대 보지 않는 장르도 있습니다.\r\n\r\n 독서도 마찬가지입니다. 소설, 수필, 시, 만화, 위인전 등 여러가지 장르가 있습니다.\r\n\r\n 여러분은 어떤 장르를 좋아하나요? 그리고 해당 장르에서 가장 재미있게 봤던 영화나 책은 무엇인가요?\r\n\r\n 자신이 봤던 영화 혹은 책을 한 편 선정하여 주제와 내용 그리고 느낀점을 감상문으로 작성해주세요.",
    "essay_type": "설명글",
    "essay_level": "3",
    "essay_len": 867,
    "essay_main_subject": "영화/독서감상문"
  }
}