{
  "paragraph": [
    {
      "paragraph_txt": "나는 이 책을 학교 수업시간에 공부를 하다가 알게되었다.#@문장구분# 물론 직접적으로 공부한 것은 아니지만 학교 책에서 이거와 관련해서 설명을 해놓았다.#@문장구분#\n나는 이 설명만으로는 정확히 알지 못했고 더욱 더 알고 싶어서 실제로 이기적유전자라는 책을 읽어 보았다.#@문장구분# 이 책은 유전자를 기준으로 모든 생명활동을 설명해 놓았다.#@문장구분# 나는 생명과학을 배우지는 않지만 이 책은 알기 쉽게 설명을 해놓았다.#@문장구분# 개체는 항상 안정적이지 않고 염색체 또한 계속 변화지만 그 안에 있는 유전자는 변하지 않고 그렇기 때문에 유전자가 자연선택의 기본단위가 될수 있다.#@문장구분# 이것\n이 이 책의 핵심 내용이다.#@문장구분# 여기서 유전자는 더욱 잘 생존하려고 하기 때문에 이기적으로 행동한다.#@문장구분# 그래서 인간의 본성이 이기적이라고 주장한다.#@문장구분# 이런 내용을 보면 맞는 말 인 것 같기도 하다.#@문장구분# 평소에는 생명과학에는 전혀 관심이 없었는데 이 책을 읽고나니 생명과학에 관심이 생기기 시작하였다.#@문장구분#",
      "paragraph_len": 677,
      "paragraph_id": "001"
    }
  ],
  "score": {
    "paragraph_score": [
      {
        "paragraph_scoreT": [
          3,
          2.8333333,
          2
        ],
        "paragraph_scoreT_detail": {
          "paragraph_scoreT_exp": [
            [
              3,
              3,
              3
            ],
            [
              3,
              3,
              2
            ],
            [
              2,
              2,
              2
            ]
          ]
        },
        "paragraph_scoreT_avg": 2.611111,
        "paragraph_id": "001"
      }
    ],
    "essay_scoreT": [
      30,
      26,
      19.333332
    ],
    "essay_scoreT_avg": 25.111109,
    "essay_scoreT_detail": {
      "essay_scoreT_org": [
        [
          3,
          3,
          3,
          3
        ],
        [
          2,
          3,
          3,
          1
        ],
        [
          2,
          1,
          2,
          1
        ]
      ],
      "essay_scoreT_cont": [
        [
          3,
          3,
          0,
          3
        ],
        [
          3,
          2,
          0,
          2
        ],
        [
          2,
          2,
          0,
          2
        ]
      ],
      "essay_scoreT_exp": [
        [
          3,
          3,
          3
        ],
        [
          3,
          3,
          2
        ],
        [
          2,
          2,
          2
        ]
      ]
    }
  },
  "student": {
    "date": "2021.09.10",
    "student_educated": true,
    "student_grade": "고등_1학년",
    "location": "063",
    "student_grade_group": "고등",
    "student_reading": 1
  },
  "rubric": {
    "essay_grade": "고등_1학년",
    "organization_weight": {
      "org_paragraph": 2,
      "org": 2,
      "org_essay": 4,
      "org_coherence": 2,
      "org_quantity": 1
    },
    "essay_type": "설명글",
    "content_weight": {
      "con_clearance": 4,
      "con_novelty": 3,
      "con": 4,
      "con_prompt": 0,
      "con_description": 1
    },
    "essay_main_subject": "영화/독서감상문",
    "expression_weight": {
      "exp_style": 1,
      "exp_grammar": 2,
      "exp_vocab": 3,
      "exp": 4
    }
  },
  "correction": [],
  "info": {
    "essay_id": "ESSAY_34181",
    "essay_prompt": " 영화에는 로맨스, 액션, 스릴러 등 정말 많은 장르가 있습니다. 사람마다 좋아하는 장르가 있고 절대 보지 않는 장르도 있습니다.\r\n\r\n 독서도 마찬가지입니다. 소설, 수필, 시, 만화, 위인전 등 여러가지 장르가 있습니다.\r\n\r\n 여러분은 어떤 장르를 좋아하나요? 그리고 해당 장르에서 가장 재미있게 봤던 영화나 책은 무엇인가요?\r\n\r\n 자신이 봤던 영화 혹은 책을 한 편 선정하여 주제와 내용 그리고 느낀점을 감상문으로 작성해주세요.",
    "essay_type": "설명글",
    "essay_level": "3",
    "essay_len": 459,
    "essay_main_subject": "영화/독서감상문"
  }
}