{
  "paragraph": [
    {
      "paragraph_txt": "로봇은 사람이 달에 가기 오래 전부터 달이 가는 시도를 계속 해왔고, 처음으로 달을 발견한것이 바로 로봇이다.#@문장구분# 달에 있는 우주정거장의 각 부분들은 로봇 팔로 구성되어있고, 구 각 부분들은 기계적인 것들을 필요로 한다.#@문장구분# 로봇이란 사람이 하기힘든 일을 움직이고복잡한 일들을 할 수 있는 기계라고 생각하면 된다.#@문장구분#사람이 하기에 위험하거나 반복적인 일을 하는 직업은 사람이 대분분 로봇으로 대체가 된다.#@문장구분# 이것은 왜냐하면 로봇이 인간이 할 수 있는것 보다 훨씬 정확하고 빠르기 일을 처리할 후 있기 때문이다.#@문장구분# 이것은 또한 일을 능률을 높이는 데에 도움을 주고 사람들이게도 또한 많은 도움을 준다.#@문장구분# 로봇으로 우리의 삶은 편안해지고 위험하지 않고 안전한 삶을살 수 있게 되었다.#@문장구분# 나는 로봇이 제일 처음 어떻게 만들어졌는지에 대해 궁금하다.#@문장구분#",
      "paragraph_len": 565,
      "paragraph_id": "001"
    }
  ],
  "score": {
    "paragraph_score": [
      {
        "paragraph_scoreT": [
          2,
          2.8333333,
          1.8333334
        ],
        "paragraph_scoreT_detail": {
          "paragraph_scoreT_exp": [
            [
              2,
              2,
              2
            ],
            [
              3,
              3,
              2
            ],
            [
              2,
              2,
              1
            ]
          ]
        },
        "paragraph_scoreT_avg": 2.222222,
        "paragraph_id": "001"
      }
    ],
    "essay_scoreT": [
      19.777779,
      24,
      17.11111
    ],
    "essay_scoreT_avg": 20.296297,
    "essay_scoreT_detail": {
      "essay_scoreT_org": [
        [
          2,
          2,
          2,
          1
        ],
        [
          2,
          3,
          3,
          1
        ],
        [
          2,
          2,
          2,
          1
        ]
      ],
      "essay_scoreT_cont": [
        [
          2,
          2,
          0,
          2
        ],
        [
          2,
          2,
          0,
          2
        ],
        [
          2,
          1,
          0,
          1
        ]
      ],
      "essay_scoreT_exp": [
        [
          2,
          2,
          2
        ],
        [
          3,
          3,
          2
        ],
        [
          2,
          2,
          1
        ]
      ]
    }
  },
  "student": {
    "date": "2021.09.13",
    "student_educated": true,
    "student_grade": "고등_1학년",
    "location": "063",
    "student_grade_group": "고등",
    "student_reading": 1
  },
  "rubric": {
    "essay_grade": "고등_1학년",
    "organization_weight": {
      "org_paragraph": 2,
      "org": 2,
      "org_essay": 4,
      "org_coherence": 2,
      "org_quantity": 1
    },
    "essay_type": "설명글",
    "content_weight": {
      "con_clearance": 4,
      "con_novelty": 3,
      "con": 4,
      "con_prompt": 0,
      "con_description": 1
    },
    "essay_main_subject": "영화/독서감상문",
    "expression_weight": {
      "exp_style": 1,
      "exp_grammar": 2,
      "exp_vocab": 3,
      "exp": 4
    }
  },
  "correction": [],
  "info": {
    "essay_id": "ESSAY_34465",
    "essay_prompt": " 영화에는 로맨스, 액션, 스릴러 등 정말 많은 장르가 있습니다. 사람마다 좋아하는 장르가 있고 절대 보지 않는 장르도 있습니다.\r\n\r\n 독서도 마찬가지입니다. 소설, 수필, 시, 만화, 위인전 등 여러가지 장르가 있습니다.\r\n\r\n 여러분은 어떤 장르를 좋아하나요? 그리고 해당 장르에서 가장 재미있게 봤던 영화나 책은 무엇인가요?\r\n\r\n 자신이 봤던 영화 혹은 책을 한 편 선정하여 주제와 내용 그리고 느낀점을 감상문으로 작성해주세요.",
    "essay_type": "설명글",
    "essay_level": "3",
    "essay_len": 406,
    "essay_main_subject": "영화/독서감상문"
  }
}