{
  "paragraph": [
    {
      "paragraph_txt": "사회문화 수업시간에 사회복지와 복지제도를 배우면서 복지국가의 기원, 변천들을 배웠었다.#@문장구분# 복지국가에 대해 좀 더 자세히 알아보고 싶어 이 책을 선정하였다.#@문장구분# ",
      "paragraph_len": 126,
      "paragraph_id": "001"
    },
    {
      "paragraph_txt": " 이 책은 복지국가의 기원을 설명한 후 복지국가가 어떻게 발전해왔는지를 설명하고 복지국가의 위기와 현재의 전망에 대한 작가의 말로 마무리된다.#@문장구분# 그리고 한 챕터가 끝날 때마다 책의 내용과 관련되어 우리가 생각해보면 좋은 주제가 깊이 읽기 라는 이름으로 수록되어 있다.#@문장구분# 책을 읽으면서 단순히 작가의 주장을 받아들이기 보다 나 스스로 생각해볼 수 있는 부분이라 복지국가에 대해 더 잘 이해할 수 있었다.#@문장구분# \n책을 읽으면서 사회문화 시간에 자세하게 공부하지 못해 아쉬었던 부분인 복지제도의 변화(진화) 과정, 특히 베버리지 보고서에 대해 더 알 수 있었다.#@문장구분# ",
      "paragraph_len": 387,
      "paragraph_id": "002"
    },
    {
      "paragraph_txt": " 가장 인상깊었던 부분은 5장 복지국가의 현재적 의미와 전망과 관련된 부분이다.#@문장구분# 수업시간에 깊게 배우지 못한 내용이기 때문이다.#@문장구분# \n수업시간에는 초기 자본주의 사회와 현대 복지 사회를 구분하여서 현대 복지사회로 발전하면서 복지국가가 등장하였으며 복지병을 해결하고자 노동 의욕을 고취시키는 복지제도가 등장하였다고 배웠었다.#@문장구분# \n그러나 이 책에서는 노동의욕 외에 복지제도가 변화하는 요인들을 설명한다.#@문장구분# ",
      "paragraph_len": 301,
      "paragraph_id": "003"
    },
    {
      "paragraph_txt": " 예를 들어, 인구의 고령화로 인해 근로가능 인구가 감소하고 감소된 근로가능 인구는 복지 체제가 더 효율적인 방식으로의 변화를 요구하게 된다.#@문장구분# \n또한 생산성의 저하와 경제 성장의 둔화도 복지국가의 변화의 요인이다.#@문장구분# 낮은 생산성을 임금상승을 막게 되는데 이는 복지국가의 주요 재원인 사회 보장세의 상승을 막아 복지국가의 재원 마련에 여려움을 주게 된다.#@문장구분# 이러한 압박을 해결하고자 불가피하게 복지제도의 변화가 이루어진다.#@문장구분# ",
      "paragraph_len": 314,
      "paragraph_id": "004"
    },
    {
      "paragraph_txt": " 그 다음으로 인상적이었던 부분은 한국의 미래에 관한 부분이다.#@문장구분# \n내가 가지고 있던 생각(단순히 복지제도를 강화한다면 더 좋은 복지국가로 도약할 수 있을 것이다.)이 틀렸다는 것을 알게 되었기 때문이다.#@문장구분# \n필자의 우리나라가 복지국가의 초기 단계에 진입하였다고 말하면서 정치적 변화의 필요성을 역설한다.#@문장구분# 남북한 이념적 대립에서 기인한 중도좌파의 탄압이 더 나은 복지국가로의 도약에 걸림돌이 된다고 말한다.#@문장구분# 필자가 주장하는 복지국가의 조건 중 하나가 중도 좌파적인 이념 경향와 친화적이여야 하는 것이기 때문이다.#@문장구분# 물론 최근에는 민주화의 영향으로 좌파 정치인들의 진출이 활발해 지고 있으나 아직까지는 부족하다고 말한다.#@문장구분# 정치적 구조의 변화를 통해 복지가 성장한다는 필자의 주장이 신선하였고 인상깊었다.#@문장구분# \n이런 필자의 주장을 바탕으로 우리 사회의 복지문제를 생각해 볼 수 있었다.#@문장구분#",
      "paragraph_len": 592,
      "paragraph_id": "005"
    }
  ],
  "score": {
    "paragraph_score": [
      {
        "paragraph_scoreT": [
          3,
          2.8333333,
          2.5
        ],
        "paragraph_scoreT_detail": {
          "paragraph_scoreT_exp": [
            [
              3,
              3,
              3
            ],
            [
              3,
              3,
              2
            ],
            [
              2,
              3,
              2
            ]
          ]
        },
        "paragraph_scoreT_avg": 2.7777777,
        "paragraph_id": "001"
      },
      {
        "paragraph_scoreT": [
          3,
          2.8333333,
          2.5
        ],
        "paragraph_scoreT_detail": {
          "paragraph_scoreT_exp": [
            [
              3,
              3,
              3
            ],
            [
              3,
              3,
              2
            ],
            [
              2,
              3,
              2
            ]
          ]
        },
        "paragraph_scoreT_avg": 2.7777777,
        "paragraph_id": "002"
      },
      {
        "paragraph_scoreT": [
          3,
          2.8333333,
          2.5
        ],
        "paragraph_scoreT_detail": {
          "paragraph_scoreT_exp": [
            [
              3,
              3,
              3
            ],
            [
              3,
              3,
              2
            ],
            [
              2,
              3,
              2
            ]
          ]
        },
        "paragraph_scoreT_avg": 2.7777777,
        "paragraph_id": "003"
      },
      {
        "paragraph_scoreT": [
          3,
          2.8333333,
          2.5
        ],
        "paragraph_scoreT_detail": {
          "paragraph_scoreT_exp": [
            [
              3,
              3,
              3
            ],
            [
              3,
              3,
              2
            ],
            [
              2,
              3,
              2
            ]
          ]
        },
        "paragraph_scoreT_avg": 2.7777777,
        "paragraph_id": "004"
      },
      {
        "paragraph_scoreT": [
          3,
          2.8333333,
          2.5
        ],
        "paragraph_scoreT_detail": {
          "paragraph_scoreT_exp": [
            [
              3,
              3,
              3
            ],
            [
              3,
              3,
              2
            ],
            [
              2,
              3,
              2
            ]
          ]
        },
        "paragraph_scoreT_avg": 2.7777777,
        "paragraph_id": "005"
      }
    ],
    "essay_scoreT": [
      30,
      26.944445,
      25.166666
    ],
    "essay_scoreT_avg": 27.370369,
    "essay_scoreT_detail": {
      "essay_scoreT_org": [
        [
          3,
          3,
          3,
          3
        ],
        [
          2,
          3,
          3,
          3
        ],
        [
          2,
          2,
          3,
          3
        ]
      ],
      "essay_scoreT_cont": [
        [
          3,
          3,
          0,
          3
        ],
        [
          3,
          2,
          0,
          3
        ],
        [
          3,
          2,
          0,
          3
        ]
      ],
      "essay_scoreT_exp": [
        [
          3,
          3,
          3
        ],
        [
          3,
          3,
          2
        ],
        [
          2,
          3,
          2
        ]
      ]
    }
  },
  "student": {
    "date": "2021.09.07",
    "student_educated": true,
    "student_grade": "고등_1학년",
    "location": "051",
    "student_grade_group": "고등",
    "student_reading": 2
  },
  "rubric": {
    "essay_grade": "고등_1학년",
    "organization_weight": {
      "org_paragraph": 2,
      "org": 2,
      "org_essay": 4,
      "org_coherence": 2,
      "org_quantity": 1
    },
    "essay_type": "설명글",
    "content_weight": {
      "con_clearance": 4,
      "con_novelty": 3,
      "con": 4,
      "con_prompt": 0,
      "con_description": 1
    },
    "essay_main_subject": "영화/독서감상문",
    "expression_weight": {
      "exp_style": 1,
      "exp_grammar": 2,
      "exp_vocab": 3,
      "exp": 4
    }
  },
  "correction": [],
  "info": {
    "essay_id": "ESSAY_34193",
    "essay_prompt": " 영화에는 로맨스, 액션, 스릴러 등 정말 많은 장르가 있습니다. 사람마다 좋아하는 장르가 있고 절대 보지 않는 장르도 있습니다.\r\n\r\n 독서도 마찬가지입니다. 소설, 수필, 시, 만화, 위인전 등 여러가지 장르가 있습니다.\r\n\r\n 여러분은 어떤 장르를 좋아하나요? 그리고 해당 장르에서 가장 재미있게 봤던 영화나 책은 무엇인가요?\r\n\r\n 자신이 봤던 영화 혹은 책을 한 편 선정하여 주제와 내용 그리고 느낀점을 감상문으로 작성해주세요.",
    "essay_type": "설명글",
    "essay_level": "3",
    "essay_len": 1290,
    "essay_main_subject": "영화/독서감상문"
  }
}