{
  "paragraph": [
    {
      "paragraph_txt": "가장 인상 깊었던 부분은 차별의 교차성입니다.#@문장구분# 두 가지 종류의 차별이 중첩되거나 결합될 때 독특한 제 3의 형태로 나타날 수 있다는 뜻입니다.#@문장구분# 그 예시로 흑인과 여성이라는 두 가지 차별의 결합을 듭니다.#@문장구분# 힐이라는 흑인 여성은 흑인으로서도 여성으로서도 완전히 포착되지 않는 교차로에 서있던 것입니다.#@문장구분# 여기에 장애인, 성소수자, 국적, 종교 등과 같은 차별이 중첩된다면 그 차별의 무게는 훨씬 더 무거워집니다.#@문장구분# 세계 인구가 점점 늘어남에 따라 앞으로 우리 사회에도 더 다양한 사람이 생겨날 텐데 차별 문제는 정작 더 심각해지고 있다는 사실이 안타까웠습니다.#@문장구분#",
      "paragraph_len": 429,
      "paragraph_id": "001"
    },
    {
      "paragraph_txt": " 그 다음 장을 보면 남성과 여성의 전공 선택에 따른 임금 격차가 나옵니다.#@문장구분# 물론 임금 격차에 대해서는 깊이 공감하는 바이고 하루 빨리 개선되어야 할 우리 사회의 문제라고 생각합니다.#@문장구분# 그러나 성별에 따라 전공을 선택하는 과정에도 차별과 제한이 존재한다는 글쓴이의 주장은 쉽게 받아들이기 힘들었습니다.#@문장구분# 이 과정은 온전히 자신의 선택이기 때문입니다.#@문장구분# 여성들이 직업을 선택할 때 결혼을 하고 자녀를 양육하고도 일을 계속하기 위해 전공 선택의 차별이 일어난다고 저자는 주장합니다.#@문장구분# 그런데 저는 차별이 이 현상의 원인이 아닐 수도 있을 것이라고 생각했습니다.#@문장구분# 개인이 대다수의 선택을 따라하게 되는 밴드왜건 효과 때문일 수도, 두 성별 간의 생물학적 차이 때문일 수도 있습니다.#@문장구분# ",
      "paragraph_len": 514,
      "paragraph_id": "002"
    },
    {
      "paragraph_txt": " 선량한 차별주의자라는 책은 차별에 대해 무지했던 저에게 많은 것을 일깨워주고 한편으로는 차별에 대한 비판적인 시각을 가지는데 큰 도움을 주었습니다.#@문장구분# 더 많은 사람들이 차별에 관심을 가져주고 이야기를 많이 나눈다면 우리 사회의 다양한 소수자 문제들이 100% 해결되지는 않더라도 조금씩 해결될 수 있을 거라 생각합니다.#@문장구분# 그리고 앞에서 언급했듯이 소수자들을 울타리 안으로 들여보내려 노력하기 보다는 그 울타리를 무너뜨리기 위해 노력해야겠다고 다짐했습니다.#@문장구분#",
      "paragraph_len": 313,
      "paragraph_id": "003"
    }
  ],
  "score": {
    "paragraph_score": [
      {
        "paragraph_scoreT": [
          2.8333333,
          2.5,
          2
        ],
        "paragraph_scoreT_detail": {
          "paragraph_scoreT_exp": [
            [
              3,
              3,
              2
            ],
            [
              2,
              3,
              2
            ],
            [
              2,
              2,
              2
            ]
          ]
        },
        "paragraph_scoreT_avg": 2.4444444,
        "paragraph_id": "001"
      },
      {
        "paragraph_scoreT": [
          2.8333333,
          3,
          2.5
        ],
        "paragraph_scoreT_detail": {
          "paragraph_scoreT_exp": [
            [
              3,
              3,
              2
            ],
            [
              3,
              3,
              3
            ],
            [
              2,
              3,
              2
            ]
          ]
        },
        "paragraph_scoreT_avg": 2.7777777,
        "paragraph_id": "002"
      },
      {
        "paragraph_scoreT": [
          3,
          2.3333333,
          2.5
        ],
        "paragraph_scoreT_detail": {
          "paragraph_scoreT_exp": [
            [
              3,
              3,
              3
            ],
            [
              3,
              2,
              2
            ],
            [
              2,
              3,
              2
            ]
          ]
        },
        "paragraph_scoreT_avg": 2.611111,
        "paragraph_id": "003"
      }
    ],
    "essay_scoreT": [
      29.11111,
      28.38889,
      26
    ],
    "essay_scoreT_avg": 27.833334,
    "essay_scoreT_detail": {
      "essay_scoreT_org": [
        [
          3,
          3,
          3,
          2
        ],
        [
          3,
          2,
          3,
          3
        ],
        [
          3,
          3,
          3,
          3
        ]
      ],
      "essay_scoreT_cont": [
        [
          3,
          3,
          0,
          3
        ],
        [
          3,
          3,
          0,
          2
        ],
        [
          2,
          3,
          0,
          3
        ]
      ],
      "essay_scoreT_exp": [
        [
          3,
          3,
          2
        ],
        [
          3,
          3,
          2
        ],
        [
          2,
          3,
          2
        ]
      ]
    }
  },
  "student": {
    "date": "2021.09.07",
    "student_educated": true,
    "student_grade": "고등_1학년",
    "location": "051",
    "student_grade_group": "고등",
    "student_reading": 3
  },
  "rubric": {
    "essay_grade": "고등_1학년",
    "organization_weight": {
      "org_paragraph": 2,
      "org": 2,
      "org_essay": 4,
      "org_coherence": 2,
      "org_quantity": 1
    },
    "essay_type": "설명글",
    "content_weight": {
      "con_clearance": 4,
      "con_novelty": 3,
      "con": 4,
      "con_prompt": 0,
      "con_description": 1
    },
    "essay_main_subject": "영화/독서감상문",
    "expression_weight": {
      "exp_style": 1,
      "exp_grammar": 2,
      "exp_vocab": 3,
      "exp": 4
    }
  },
  "correction": [],
  "info": {
    "essay_id": "ESSAY_34019",
    "essay_prompt": " 영화에는 로맨스, 액션, 스릴러 등 정말 많은 장르가 있습니다. 사람마다 좋아하는 장르가 있고 절대 보지 않는 장르도 있습니다.\r\n\r\n 독서도 마찬가지입니다. 소설, 수필, 시, 만화, 위인전 등 여러가지 장르가 있습니다.\r\n\r\n 여러분은 어떤 장르를 좋아하나요? 그리고 해당 장르에서 가장 재미있게 봤던 영화나 책은 무엇인가요?\r\n\r\n 자신이 봤던 영화 혹은 책을 한 편 선정하여 주제와 내용 그리고 느낀점을 감상문으로 작성해주세요.",
    "essay_type": "설명글",
    "essay_level": "3",
    "essay_len": 941,
    "essay_main_subject": "영화/독서감상문"
  }
}