{
  "paragraph": [
    {
      "paragraph_txt": "인생의 `황금기`는 언제라고 생각하는가?#@문장구분# 사람마다 대답은 다를 것이다.#@문장구분#\n노후라고 답하는 사람, 청춘이라고 하는 사람 등 지금 적고자 하는 내용은 그 시기가 언제인지에 대해서 사색하는 거창한 글은 아니다.#@문장구분# 다만 나는 사람들에게 색다른 질문을 하나 제시하고 싶다.#@문장구분# 만약 인생이 `거꾸로` 흐른다면 (태어날 때 노인이고, 죽을 때 아기가 되어서 죽는다면), 어느 시기를 황금기라고 하겠는지 관하여 지금 글을 쓰고 있는 나는 학생이다.#@문장구분# 나는 곧 대학교에 입학하고, 평범한 직장에 들어가서, 30대에는 어느정도 자금을 모아 집을 장만하고, 그리고 그 후에도 사리가 나오게 일하며 노후를 준비할 것이다.#@문장구분# 이것이 대한민국의 평범한 사람의 일생이다.#@문장구분# 내가 묻고 싶은 것은 인체의 시간이 역행한다 해도 이 수순이 지켜질 수 있냐는 것이다.#@문장구분# 소설 \"벤자민 버튼의 시간은 거꾸로 간다\" 의 첫 번째 햄터 주인공 `벤지민 버튼`은 지금 내가 펼치고 있는 판타지적인 가정의 배경이 되는 인물이다.#@문장구분#그는 남들과 다르게 태어날 때 노인으로 태어나 점점 어려지는 삶을 살게 된다.#@문장구분# 그는 평범하게 쌓기 위하여 노력하지만, 남들과 다른 시간을 사는 자에게는 그럴 기회가 없었다.#@문장구분# 그리고, 그야말로 `정 반대의 삶`을 살게 된다.#@문장구분# 이 소설을 읽으며 나는 점점 어려지며 사는 삶이 마냥 좋은 삶은 아니구나 라는 걸 느꼈다.#@문장구분# `그리고 모든 것이 깜깜해 졌다.#@문장구분# 따뜻하고 달콤한 우유 향기가 그의 마음속에서 완전히 사라졌다`#@문장구분# 아기가 되어 죽은 벤자민 버튼의 최후는 어딘가 쓸쓸해 보였다.#@문장구분# 나는 이 책을 통해 삶을 새롭게 바라볼 수 있었던 것 같다.#@문장구분#",
      "paragraph_len": 1126,
      "paragraph_id": "001"
    }
  ],
  "score": {
    "paragraph_score": [
      {
        "paragraph_scoreT": [
          3,
          3,
          1.8333334
        ],
        "paragraph_scoreT_detail": {
          "paragraph_scoreT_exp": [
            [
              3,
              3,
              3
            ],
            [
              3,
              3,
              3
            ],
            [
              2,
              2,
              1
            ]
          ]
        },
        "paragraph_scoreT_avg": 2.6111112,
        "paragraph_id": "001"
      }
    ],
    "essay_scoreT": [
      30,
      25.555555,
      21.777779
    ],
    "essay_scoreT_avg": 25.777779,
    "essay_scoreT_detail": {
      "essay_scoreT_org": [
        [
          3,
          3,
          3,
          3
        ],
        [
          2,
          2,
          1,
          2
        ],
        [
          2,
          2,
          3,
          2
        ]
      ],
      "essay_scoreT_cont": [
        [
          3,
          3,
          0,
          3
        ],
        [
          3,
          2,
          0,
          2
        ],
        [
          3,
          2,
          0,
          2
        ]
      ],
      "essay_scoreT_exp": [
        [
          3,
          3,
          3
        ],
        [
          3,
          3,
          3
        ],
        [
          2,
          2,
          1
        ]
      ]
    }
  },
  "student": {
    "date": "2021.09.07",
    "student_educated": true,
    "student_grade": "고등_1학년",
    "location": "051",
    "student_grade_group": "고등",
    "student_reading": 2
  },
  "rubric": {
    "essay_grade": "고등_1학년",
    "organization_weight": {
      "org_paragraph": 2,
      "org": 2,
      "org_essay": 4,
      "org_coherence": 2,
      "org_quantity": 1
    },
    "essay_type": "설명글",
    "content_weight": {
      "con_clearance": 4,
      "con_novelty": 3,
      "con": 4,
      "con_prompt": 0,
      "con_description": 1
    },
    "essay_main_subject": "영화/독서감상문",
    "expression_weight": {
      "exp_style": 1,
      "exp_grammar": 2,
      "exp_vocab": 3,
      "exp": 4
    }
  },
  "correction": [],
  "info": {
    "essay_id": "ESSAY_34115",
    "essay_prompt": " 영화에는 로맨스, 액션, 스릴러 등 정말 많은 장르가 있습니다. 사람마다 좋아하는 장르가 있고 절대 보지 않는 장르도 있습니다.\r\n\r\n 독서도 마찬가지입니다. 소설, 수필, 시, 만화, 위인전 등 여러가지 장르가 있습니다.\r\n\r\n 여러분은 어떤 장르를 좋아하나요? 그리고 해당 장르에서 가장 재미있게 봤던 영화나 책은 무엇인가요?\r\n\r\n 자신이 봤던 영화 혹은 책을 한 편 선정하여 주제와 내용 그리고 느낀점을 감상문으로 작성해주세요.",
    "essay_type": "설명글",
    "essay_level": "3",
    "essay_len": 789,
    "essay_main_subject": "영화/독서감상문"
  }
}