{
  "paragraph": [
    {
      "paragraph_txt": "영어원서이기에 등장인물의 이름이 틀려도 양해 부탁드립니다.#@문장구분#",
      "paragraph_len": 52,
      "paragraph_id": "001"
    },
    {
      "paragraph_txt": "이번에 읽은 The Cactus는 어리석은 남자 트러스데일과 그와 교제했던 한 여자의 이야기를 다룬 이야기이다.#@문장구분#\n \n이 이야기는 결혼식장에 다녀온 트러스데일이 결혼식장에서 사용되는 횐장갑을 벗으며 과거를 회상하면서 시작된다.#@문장구분# 트러스데일 그에게는 마치 보석같은 여자가 있었다.#@문장구분# 그리고 그녀는 트러스데일의 지인 캐루서에게 트러스데일이 스페인어를 원어민처럼 잘 구사한다는 소리를 듣고 그에게 그게 사실이냐고 물었다.#@문장구분# 트러스데일은 속으로는 아뿔사 했지만 그녀의 존경심 어린 말들은 그의 기를 한껏 세워주었고 그는 그 사실을 부정 하지 않고 그냥 넘어갔다.#@문장구분# 그후 어느날 그는 그녀에게 프러포즈를 했고 그녀는 기뻐했지만 내일 답을 하겠다 했고 트러스데일은 다음날에 초초해 하며 그의 방에서 기다렸다.#@문장구분# 점심쯤 그녀의 하인이 와서 붉은 화분에 심긴 이상한 선인장 하나를 두고 갔다.#@문장구분# 그 화분에는 편지나 쪽지 한장 없었으며 단지 Ventomarme(벤토마르메)라고 적힌 이름표가 식물에 달려있을 뿐이었으며 그 후에 밤이 되도록 기다렸지만 아무런 일도 일어나지 않았다.#@문장구분# 그후 그와 그녀는 어느 파티에서 만났지만 서로 형식적인 인사만 할뿐 그 이상의 무언가는 없었다.#@문장구분# 단지 그녀가 무언가 간절히 기대하고 있다가 무언가를 눈치채고 얼음장처럼 냉담해진것을 제외하고는 그리고 그의 회상이 같은 방에 있던 트러스데일의 친구이자 옛 교제상대이자 방금 결혼식장에서 다른 이와 결혼한 그녀의 오빠에 의해 깨진다.#@문장구분# 같은방에 있던 그는 트러스데일에게 왜그리 침울해 있냐고 하며 술잔을 건내지만 그는 거절한다.#@문장구분# 그는 주변을 둘러보자 그녀가 그에게 답하겠다고 한날에 보낸 선인장을 보고 어디서 얻었냐고 묻지만 트러스데일은 그냥 친구가 줬다고 하며 그 식물이 뭔지 아냐고 물어봤다.#@문장구분# 그 물음에 그는 스페인어를 할줄 아냐고 물었다.#@문장구분# 그에 트러스데일은 아니라고 답하며 스페인어냐고 물어본다.#@문장구분# 그 물음에 그는 응이라 답하며 그 쪽 원주민들은 이 잎들이 팔을 뻗어서 손짓하는 것이라 생각한다고 말하며 그 사람들은 이 식물을 Ventomarme라고 부르며 뜻은 와서 날 데려가세요 라는 뜻이라며 이야기가 끝난다.#@문장구분#",
      "paragraph_len": 1342,
      "paragraph_id": "002"
    },
    {
      "paragraph_txt": "이야기를 읽고 처음 생각난 것은 참 떨떠름 하다는 것이다.#@문장구분#",
      "paragraph_len": 52,
      "paragraph_id": "003"
    },
    {
      "paragraph_txt": "트러스데일이 그녀를 정말로 사랑했다면 적어도 의지는 보였어야 했다.#@문장구분# 그는 스페인어를 알지도 못하면서 그녀의 물음에 부정하지 않았으며 그 후에 스페인어를 알려고 하지도 않았다.#@문장구분# 또한 트러스데일이 그녀에게 프러포즈 한 후 그는 당연히 그녀가 승낙할 거라는 안일한 마음에 그녀가 답하겠다는 날에 그녀의 하인이 가져온 화분에 대하여 아무런 행위도 하지 않고 그냥 애완동물이 주인을 기다리는 것처럼 가만히 있었다.#@문장구분# 그후 파티장에서 그녀와 만났을 때도 그는 그녀에게 자존심 때문에 아무런 말도 하지 않고 그냥 헤어졌다.#@문장구분# 그는 그녀의 기대에 무엇을 응답했을까?#@문장구분# 난 진심으로 궁금증이 든다.#@문장구분# 아무런 댓가도 없이 사랑을 바란다는게 과연 이루어질 수 있는 일이며 아가페적인 사랑이 과연 현실에 있을 수 있는 일인지 솔직히 의문도 들었다.#@문장구분#  인생을 어느정도 살아온 그가 이때까지 아무런 댓가 없이 무언가를 얻은 경우가 있는지 어린아이가 아닌 이상아니 어린아이라도 알고 있는 사실을 어른인 그가 과연 몰랐을까.#@문장구분# 그는 그녀를 기만한건지 아님 그가 우자인지 난 알 수 없지만 이 이야기의 결말은 트러스데일 본인이 선택한 결과가 인과응보로 돌아온 것이라 확신할 수 있다.#@문장구분#",
      "paragraph_len": 764,
      "paragraph_id": "004"
    }
  ],
  "score": {
    "paragraph_score": [
      {
        "paragraph_scoreT": [
          3,
          3,
          0.8333333
        ],
        "paragraph_scoreT_detail": {
          "paragraph_scoreT_exp": [
            [
              3,
              3,
              3
            ],
            [
              3,
              3,
              3
            ],
            [
              1,
              1,
              0
            ]
          ]
        },
        "paragraph_scoreT_avg": 2.277778,
        "paragraph_id": "001"
      },
      {
        "paragraph_scoreT": [
          3,
          3,
          1.3333334
        ],
        "paragraph_scoreT_detail": {
          "paragraph_scoreT_exp": [
            [
              3,
              3,
              3
            ],
            [
              3,
              3,
              3
            ],
            [
              2,
              1,
              1
            ]
          ]
        },
        "paragraph_scoreT_avg": 2.4444444,
        "paragraph_id": "002"
      },
      {
        "paragraph_scoreT": [
          3,
          3,
          0.33333334
        ],
        "paragraph_scoreT_detail": {
          "paragraph_scoreT_exp": [
            [
              3,
              3,
              3
            ],
            [
              3,
              3,
              3
            ],
            [
              1,
              0,
              0
            ]
          ]
        },
        "paragraph_scoreT_avg": 2.1111112,
        "paragraph_id": "003"
      },
      {
        "paragraph_scoreT": [
          3,
          3,
          1.8333334
        ],
        "paragraph_scoreT_detail": {
          "paragraph_scoreT_exp": [
            [
              3,
              3,
              3
            ],
            [
              3,
              3,
              3
            ],
            [
              2,
              2,
              1
            ]
          ]
        },
        "paragraph_scoreT_avg": 2.6111112,
        "paragraph_id": "004"
      }
    ],
    "essay_scoreT": [
      30,
      30,
      18.055555
    ],
    "essay_scoreT_avg": 26.018518,
    "essay_scoreT_detail": {
      "essay_scoreT_org": [
        [
          3,
          3,
          3,
          3
        ],
        [
          3,
          3,
          3,
          3
        ],
        [
          2,
          2,
          2,
          3
        ]
      ],
      "essay_scoreT_cont": [
        [
          3,
          3,
          0,
          3
        ],
        [
          3,
          3,
          0,
          3
        ],
        [
          2,
          1,
          0,
          2
        ]
      ],
      "essay_scoreT_exp": [
        [
          3,
          3,
          3
        ],
        [
          3,
          3,
          3
        ],
        [
          2,
          2,
          1
        ]
      ]
    }
  },
  "student": {
    "date": "2021.09.13",
    "student_educated": true,
    "student_grade": "고등_1학년",
    "location": "063",
    "student_grade_group": "고등",
    "student_reading": 1
  },
  "rubric": {
    "essay_grade": "고등_1학년",
    "organization_weight": {
      "org_paragraph": 2,
      "org": 2,
      "org_essay": 4,
      "org_coherence": 2,
      "org_quantity": 1
    },
    "essay_type": "설명글",
    "content_weight": {
      "con_clearance": 4,
      "con_novelty": 3,
      "con": 4,
      "con_prompt": 0,
      "con_description": 1
    },
    "essay_main_subject": "영화/독서감상문",
    "expression_weight": {
      "exp_style": 1,
      "exp_grammar": 2,
      "exp_vocab": 3,
      "exp": 4
    }
  },
  "correction": [],
  "info": {
    "essay_id": "ESSAY_34470",
    "essay_prompt": " 영화에는 로맨스, 액션, 스릴러 등 정말 많은 장르가 있습니다. 사람마다 좋아하는 장르가 있고 절대 보지 않는 장르도 있습니다.\r\n\r\n 독서도 마찬가지입니다. 소설, 수필, 시, 만화, 위인전 등 여러가지 장르가 있습니다.\r\n\r\n 여러분은 어떤 장르를 좋아하나요? 그리고 해당 장르에서 가장 재미있게 봤던 영화나 책은 무엇인가요?\r\n\r\n 자신이 봤던 영화 혹은 책을 한 편 선정하여 주제와 내용 그리고 느낀점을 감상문으로 작성해주세요.",
    "essay_type": "설명글",
    "essay_level": "3",
    "essay_len": 1697,
    "essay_main_subject": "영화/독서감상문"
  }
}