{
  "paragraph": [
    {
      "paragraph_txt": "나는 예술이나 미술에 수학적 원리가 많이 쓰인다는 사실을 우연히 알아내어 어떠한 것이 쓰여있는지 또는 기원이 궁금해 이 책을 찾아 읽게 되었다.#@문장구분# 기하학의 시작은 피타고라스 정리이다.#@문장구분# 천싱선은 기하학의 역사를 유클리드 기하학, 데카르트의 해석기하학, 군론과 기하학, 가우스와 리만, 위상수학과 가우스, 카르탕과 올다발의 접속으로 정리하였다. #@문장구분#그는 진정한 기하학의 시작은 피타고라스 정리라고 보았다.#@문장구분# 명확히 말하자면 피타고라스 정리를 말하고 생각하는 방식이라고 보았다. #@문장구분#피타고라스 정리는 임의의 직각삼각형의 세 변 사이에 성립하는 일반적인 관계를 설명하는데 삼각형의 내각과 변의 길이의 사이의 관계를 보여 준다는점에서 흥미롭다. #@문장구분#많은 고대 바빌로니아인들은 피타고라스 정리는 알지 못했지만 많은 직각삼각형이 그 관계식을 만족한다는 것을 알고 있었다.#@문장구분# 실제로 그 지식 덕분에 높은 건물이나 탑을 건축 할수 있었다.#@문장구분# 피라미드의 높이를 결정하고 경사면의 길이를 결정했다면 바닥의 길이가 정확히 얼마 여야 피라미드가 무너지지 않을지 알고 있었던 것이다.#@문장구분# 피타고라스 학파는 1은 수의 근원, 2는 여성의 수, 3은 남성의 수, 4는 정의의 수, 5는 남성수와 여성수의 합이므로 결혼의 수, 6은 창조의 수, 10은 완정수라고 의미를 부여했는데 이는 삼각수와 연관된다.#@문장구분# 해안선의 길이를 측정하는데에는 곡선의 길이를 정의하고 계산하는 문제다.#@문장구분# 루이드 리처드슨은 영국의 해안 길이를 포함한 여러 지역의 해안 길이를 조사하면서 흥미로운 발견을 하는데 보폭을 넓게 잡으면 10걸음에 나라 한 바퀴를 돌 수있다.#@문장구분# 여기서 선택한 보폭 S에 대한 해안의 길이를 L이라고 하면 logL=mlogS+b가 된다.#@문장구분# 리처드슨의 데이터를 이용해 보폭의 길이가 0.001km라면 L은 28000km가 된다.#@문장구분# 나는 이 책을 읽으며 가정하는 것들을 식으로 표현해서 나타내는 것이 정말 대단하다고 생각한다.#@문장구분# 수치화를 시키기 위해서는 엄청난 노력과 훌륭한 머리가 필요하기에 다시 한번 수학자들에 대한 존경하는 마음이 생겼고, 앞으로 나도 사회에 이바지 할 수 있는 사람이 되어야 겠다고 다짐하는 계기가 되었다. #@문장구분#",
      "paragraph_len": 1363,
      "paragraph_id": "001"
    }
  ],
  "score": {
    "paragraph_score": [
      {
        "paragraph_scoreT": [
          2.5,
          2,
          2.3333333
        ],
        "paragraph_scoreT_detail": {
          "paragraph_scoreT_exp": [
            [
              2,
              3,
              2
            ],
            [
              2,
              2,
              2
            ],
            [
              3,
              2,
              2
            ]
          ]
        },
        "paragraph_scoreT_avg": 2.2777777,
        "paragraph_id": "001"
      }
    ],
    "essay_scoreT": [
      22.222221,
      24.222221,
      24.944445
    ],
    "essay_scoreT_avg": 23.796295,
    "essay_scoreT_detail": {
      "essay_scoreT_org": [
        [
          2,
          2,
          2,
          3
        ],
        [
          2,
          2,
          2,
          3
        ],
        [
          3,
          2,
          2,
          3
        ]
      ],
      "essay_scoreT_cont": [
        [
          2,
          2,
          0,
          2
        ],
        [
          3,
          3,
          0,
          3
        ],
        [
          3,
          2,
          0,
          3
        ]
      ],
      "essay_scoreT_exp": [
        [
          2,
          3,
          2
        ],
        [
          2,
          2,
          2
        ],
        [
          3,
          2,
          2
        ]
      ]
    }
  },
  "student": {
    "date": "2021.09.09",
    "student_educated": true,
    "student_grade": "고등_1학년",
    "location": "051",
    "student_grade_group": "고등",
    "student_reading": 3
  },
  "rubric": {
    "essay_grade": "고등_1학년",
    "organization_weight": {
      "org_paragraph": 2,
      "org": 2,
      "org_essay": 4,
      "org_coherence": 2,
      "org_quantity": 1
    },
    "essay_type": "설명글",
    "content_weight": {
      "con_clearance": 4,
      "con_novelty": 3,
      "con": 4,
      "con_prompt": 0,
      "con_description": 1
    },
    "essay_main_subject": "영화/독서감상문",
    "expression_weight": {
      "exp_style": 1,
      "exp_grammar": 2,
      "exp_vocab": 3,
      "exp": 4
    }
  },
  "correction": [],
  "info": {
    "essay_id": "ESSAY_34747",
    "essay_prompt": " 영화에는 로맨스, 액션, 스릴러 등 정말 많은 장르가 있습니다. 사람마다 좋아하는 장르가 있고 절대 보지 않는 장르도 있습니다.\r\n\r\n 독서도 마찬가지입니다. 소설, 수필, 시, 만화, 위인전 등 여러가지 장르가 있습니다.\r\n\r\n 여러분은 어떤 장르를 좋아하나요? 그리고 해당 장르에서 가장 재미있게 봤던 영화나 책은 무엇인가요?\r\n\r\n 자신이 봤던 영화 혹은 책을 한 편 선정하여 주제와 내용 그리고 느낀점을 감상문으로 작성해주세요.",
    "essay_type": "설명글",
    "essay_level": "3",
    "essay_len": 1043,
    "essay_main_subject": "영화/독서감상문"
  }
}