{
  "paragraph": [
    {
      "paragraph_txt": "이 책은 영어 수업을 통해 읽게된 책이다.#@문장구분# 책을 보고 나의 생활을 돌볼 수 있었다.#@문장구분# 이 책의 주요 내용은 남자주인공이 사랑하는 여자에게 스페인어를 잘 하는척을 하다가 고백을 해서 여자가 수락의 의미로 스페인어가 적힌 선인장을 보냈는데 남자가 스페인어를 알아듣지 못하고 차인줄 알고 뒷늦게 알고 후회하는 내용이다.#@문장구분# 이것을 보고 나는 거짓말이 인생을 바꿀 수 있다고 느꼈다.#@문장구분# 당시에는 사소한 거짓말이 나중에는 나비효과처럼 엄청난 안 좋은 영향을 미칠 수 있다고 느끼며 사소한 거짓말이라도 하지 말아야겠다고 다짐했다.#@문장구분# 또 남자가 뒤늦게 후회를 한다.#@문장구분# 이것을 보고 한번 한 거짓말은 후회해도 소용이 없다를 느꼈다.#@문장구분# 나도 사소한 거짓말을 하고 후회한적이 있다.#@문장구분# 그래서 이점이 약간 공감이 갔다. 그래서 더욱 이 책이 뜻깊어서 더욱 기억에 남는 책이다.#@문장구분#",
      "paragraph_len": 595,
      "paragraph_id": "001"
    }
  ],
  "score": {
    "paragraph_score": [
      {
        "paragraph_scoreT": [
          1.8333334,
          2,
          1.3333334
        ],
        "paragraph_scoreT_detail": {
          "paragraph_scoreT_exp": [
            [
              2,
              2,
              1
            ],
            [
              2,
              2,
              2
            ],
            [
              2,
              1,
              1
            ]
          ]
        },
        "paragraph_scoreT_avg": 1.7222223,
        "paragraph_id": "001"
      }
    ],
    "essay_scoreT": [
      16.444445,
      21.5,
      14.833334
    ],
    "essay_scoreT_avg": 17.592592,
    "essay_scoreT_detail": {
      "essay_scoreT_org": [
        [
          1,
          2,
          2,
          2
        ],
        [
          2,
          2,
          2,
          2
        ],
        [
          1,
          1,
          1,
          1
        ]
      ],
      "essay_scoreT_cont": [
        [
          2,
          1,
          0,
          1
        ],
        [
          2,
          3,
          0,
          2
        ],
        [
          2,
          2,
          0,
          1
        ]
      ],
      "essay_scoreT_exp": [
        [
          2,
          2,
          1
        ],
        [
          2,
          2,
          2
        ],
        [
          2,
          1,
          1
        ]
      ]
    }
  },
  "student": {
    "date": "2021.09.10",
    "student_educated": true,
    "student_grade": "고등_1학년",
    "location": "063",
    "student_grade_group": "고등",
    "student_reading": 1
  },
  "rubric": {
    "essay_grade": "고등_1학년",
    "organization_weight": {
      "org_paragraph": 2,
      "org": 2,
      "org_essay": 4,
      "org_coherence": 2,
      "org_quantity": 1
    },
    "essay_type": "설명글",
    "content_weight": {
      "con_clearance": 4,
      "con_novelty": 3,
      "con": 4,
      "con_prompt": 0,
      "con_description": 1
    },
    "essay_main_subject": "영화/독서감상문",
    "expression_weight": {
      "exp_style": 1,
      "exp_grammar": 2,
      "exp_vocab": 3,
      "exp": 4
    }
  },
  "correction": [],
  "info": {
    "essay_id": "ESSAY_34811",
    "essay_prompt": " 영화에는 로맨스, 액션, 스릴러 등 정말 많은 장르가 있습니다. 사람마다 좋아하는 장르가 있고 절대 보지 않는 장르도 있습니다.\r\n\r\n 독서도 마찬가지입니다. 소설, 수필, 시, 만화, 위인전 등 여러가지 장르가 있습니다.\r\n\r\n 여러분은 어떤 장르를 좋아하나요? 그리고 해당 장르에서 가장 재미있게 봤던 영화나 책은 무엇인가요?\r\n\r\n 자신이 봤던 영화 혹은 책을 한 편 선정하여 주제와 내용 그리고 느낀점을 감상문으로 작성해주세요.",
    "essay_type": "설명글",
    "essay_level": "3",
    "essay_len": 415,
    "essay_main_subject": "영화/독서감상문"
  }
}