{
  "paragraph": [
    {
      "paragraph_txt": "우선 \"아비투스\"라는 단어의 뜻을 설명하자면, '제 2의 본성'과 같은 것으로, 친숙한 사회 집단의 습속, 속성 따위를 뜻하는 말이다. #@문장구분#프랑스의 사회학자 부르디외가 규정한 용어이다.#@문장구분# 아비투스는 종종 사회학에서 문화 자본이라는 용어와 함께 쓰이기도 한다.#@문장구분# 책에서 저자는 아비투스가 한 사람의 인생을 결정짓는다고 정의한다.#@문장구분# 그에 따르면 어떤 가치관과 행동 방식으로 사는지는 아비투스에 달려있고 그것은 한 사람의 역사 즉, 태어나면서부터 경험해 온 모든 경험에 기인한다고 말한다. #@문장구분#아비투스는 그 자체가 좋든 싫든 많은 부분이 부모에게 물려받았으며 가족들과 함께 한 시간 속에서 형성된 무형의 자산이다.#@문장구분# 저자는 아비투스는 상류층에 기반하지만, 아비투스를 키우는 방법도 제시했다.#@문장구분# 그 중 \"위로 도약하려면 자립부터 해야한다.\" 라는 해결책이 가장 인상적이다.#@문장구분# 세상의 모든 부호들은 자립해서 성공했다는 예시도 들어주니, 내 아비투스를 키우기 위해서 자립하며 지원을 받되, 의존하지 말아야겠다는 다짐을 했다.#@문장구분# \"하류층은 돈으로 기본 욕구를 채우고 중산층은 풍요로운 생활을 누리고 상류층은 보존하고 투자한다.\" 라는 책의 글귀가 나의 이목을 끌었다.#@문장구분# 높은 수준의 아비투스를 갖추기 위해 나 개인이 나아가야 할 자본주의 사회 내의 역할의 방향성을 깨달은 것 같다.#@문장구분# 전체적으로 자본만 이 아비투스를 결정짓는 것은 아니지만 그 분류 기준은 자본이 정한다는 약간은 모순적인 현상이 책을 읽는 내내 인상 깊었다.#@문장구분#",
      "paragraph_len": 961,
      "paragraph_id": "001"
    }
  ],
  "score": {
    "paragraph_score": [
      {
        "paragraph_scoreT": [
          2.6666667,
          2.8333333,
          2
        ],
        "paragraph_scoreT_detail": {
          "paragraph_scoreT_exp": [
            [
              2,
              3,
              3
            ],
            [
              3,
              3,
              2
            ],
            [
              2,
              2,
              2
            ]
          ]
        },
        "paragraph_scoreT_avg": 2.5,
        "paragraph_id": "001"
      }
    ],
    "essay_scoreT": [
      26.944445,
      29.11111,
      23.5
    ],
    "essay_scoreT_avg": 26.518518,
    "essay_scoreT_detail": {
      "essay_scoreT_org": [
        [
          3,
          3,
          3,
          2
        ],
        [
          3,
          3,
          3,
          2
        ],
        [
          2,
          2,
          2,
          2
        ]
      ],
      "essay_scoreT_cont": [
        [
          3,
          2,
          0,
          3
        ],
        [
          3,
          3,
          0,
          3
        ],
        [
          3,
          3,
          0,
          2
        ]
      ],
      "essay_scoreT_exp": [
        [
          2,
          3,
          3
        ],
        [
          3,
          3,
          2
        ],
        [
          2,
          2,
          2
        ]
      ]
    }
  },
  "student": {
    "date": "2021.09.07",
    "student_educated": true,
    "student_grade": "고등_1학년",
    "location": "051",
    "student_grade_group": "고등",
    "student_reading": 1
  },
  "rubric": {
    "essay_grade": "고등_1학년",
    "organization_weight": {
      "org_paragraph": 2,
      "org": 2,
      "org_essay": 4,
      "org_coherence": 2,
      "org_quantity": 1
    },
    "essay_type": "설명글",
    "content_weight": {
      "con_clearance": 4,
      "con_novelty": 3,
      "con": 4,
      "con_prompt": 0,
      "con_description": 1
    },
    "essay_main_subject": "영화/독서감상문",
    "expression_weight": {
      "exp_style": 1,
      "exp_grammar": 2,
      "exp_vocab": 3,
      "exp": 4
    }
  },
  "correction": [],
  "info": {
    "essay_id": "ESSAY_34542",
    "essay_prompt": " 영화에는 로맨스, 액션, 스릴러 등 정말 많은 장르가 있습니다. 사람마다 좋아하는 장르가 있고 절대 보지 않는 장르도 있습니다.\r\n\r\n 독서도 마찬가지입니다. 소설, 수필, 시, 만화, 위인전 등 여러가지 장르가 있습니다.\r\n\r\n 여러분은 어떤 장르를 좋아하나요? 그리고 해당 장르에서 가장 재미있게 봤던 영화나 책은 무엇인가요?\r\n\r\n 자신이 봤던 영화 혹은 책을 한 편 선정하여 주제와 내용 그리고 느낀점을 감상문으로 작성해주세요.",
    "essay_type": "설명글",
    "essay_level": "3",
    "essay_len": 721,
    "essay_main_subject": "영화/독서감상문"
  }
}