{
  "paragraph": [
    {
      "paragraph_txt": "이 책은 비행사가 되기 위해서 받는 훈련, 가져야하는 기량, 노력해야하는 것, 가져야하는 직업, 역사 등등 우주비행사에 관해서 여러가지를 알려주는 책이다.#@문장구분# 우주를 가서 여행을 해보는것이 꿈인 나에게는 이름부터 엄청 끌리는 책이였다. 우주비행사의 역사는 물론이고, 우주비행사가 된다면 받게 된다는 훈련은 정말인상깊었다.#@문장구분# 미지의 세계인 우주를 탐험하기 위해서 모든 사건과, 상황에 대비해야한다는 말은 정말 내 가슴을 뜨겁게 했던거 같다.#@문장구분# 특히, 우주가 어떤상황일지 모르기때문에 수영을 할줄 알아야한다는 것.....#@문장구분# 이건정말 나도 생각하지 못한 대비이자, 그 우주비행사 준비생들도 언제 위험해질 자신의 목숨을 위해 누구보다노력할 것을 생각하면 정말 아름다운 것이라고 생각했다.#@문장구분# 나의 가슴을, 그리고 나의 꿈을 더욱 명확시 해준 이 책을 난 사랑한다.#@문장구분#",
      "paragraph_len": 536,
      "paragraph_id": "001"
    }
  ],
  "score": {
    "paragraph_score": [
      {
        "paragraph_scoreT": [
          3,
          2.8333333,
          1.8333334
        ],
        "paragraph_scoreT_detail": {
          "paragraph_scoreT_exp": [
            [
              3,
              3,
              3
            ],
            [
              3,
              3,
              2
            ],
            [
              2,
              2,
              1
            ]
          ]
        },
        "paragraph_scoreT_avg": 2.5555556,
        "paragraph_id": "001"
      }
    ],
    "essay_scoreT": [
      19.555555,
      23.11111,
      15.555555
    ],
    "essay_scoreT_avg": 19.407408,
    "essay_scoreT_detail": {
      "essay_scoreT_org": [
        [
          2,
          2,
          2,
          0
        ],
        [
          2,
          2,
          2,
          1
        ],
        [
          1,
          1,
          2,
          0
        ]
      ],
      "essay_scoreT_cont": [
        [
          1,
          1,
          0,
          1
        ],
        [
          2,
          2,
          0,
          2
        ],
        [
          2,
          1,
          0,
          1
        ]
      ],
      "essay_scoreT_exp": [
        [
          3,
          3,
          3
        ],
        [
          3,
          3,
          2
        ],
        [
          2,
          2,
          1
        ]
      ]
    }
  },
  "student": {
    "date": "2021.09.13",
    "student_educated": true,
    "student_grade": "고등_1학년",
    "location": "063",
    "student_grade_group": "고등",
    "student_reading": 1
  },
  "rubric": {
    "essay_grade": "고등_1학년",
    "organization_weight": {
      "org_paragraph": 2,
      "org": 2,
      "org_essay": 4,
      "org_coherence": 2,
      "org_quantity": 1
    },
    "essay_type": "설명글",
    "content_weight": {
      "con_clearance": 4,
      "con_novelty": 3,
      "con": 4,
      "con_prompt": 0,
      "con_description": 1
    },
    "essay_main_subject": "영화/독서감상문",
    "expression_weight": {
      "exp_style": 1,
      "exp_grammar": 2,
      "exp_vocab": 3,
      "exp": 4
    }
  },
  "correction": [],
  "info": {
    "essay_id": "ESSAY_34441",
    "essay_prompt": " 영화에는 로맨스, 액션, 스릴러 등 정말 많은 장르가 있습니다. 사람마다 좋아하는 장르가 있고 절대 보지 않는 장르도 있습니다.\r\n\r\n 독서도 마찬가지입니다. 소설, 수필, 시, 만화, 위인전 등 여러가지 장르가 있습니다.\r\n\r\n 여러분은 어떤 장르를 좋아하나요? 그리고 해당 장르에서 가장 재미있게 봤던 영화나 책은 무엇인가요?\r\n\r\n 자신이 봤던 영화 혹은 책을 한 편 선정하여 주제와 내용 그리고 느낀점을 감상문으로 작성해주세요.",
    "essay_type": "설명글",
    "essay_level": "3",
    "essay_len": 417,
    "essay_main_subject": "영화/독서감상문"
  }
}