{
  "paragraph": [
    {
      "paragraph_txt": "최근 바이러스의 문제가 심각해져 이 책을 읽게 되었다.#@문장구분#\n당시 중국에서 사람간 전파가 확인이 되지 않았다 했으나, 우리나라 질병관리본부에서는 중국 CDC에 신종 코로나 바이러스의 유전정보와 진단시험 등의 정보 공유에 협조를 요청하였다.#@문장구분# 열흘 뒤 코로나 바이러스의 사람 간 전염이 확실시 되었다. #@문장구분#\n이 책에서는 바이러스의 원인과 전염병이 왜 많이 퍼지는가에 대해 설명해주었다.#@문장구분# 특히 지역감염에서는 31번째 환자에 대해 서술하기도 하였다.#@문장구분#\n그 외에도 바이러스에서 나를 지키는 법 등에 대해 설명을 해주고 있고 여기서는 KF94 마스크를 써야하는가에 대해 알려주고 있기도 하다.#@문장구분# 이 점이 특히 궁금했는데, 다행히도 80이상이면 충분하다고 나와있다.#@문장구분#\n이 책에서 가장 인상깊었던 점은 바로 신종 바이러스의 주기가 빨리지고 있다는 것이다.#@문장구분# 병원체가 발견되고 항생제, 백신, 위생이 보편화 되자 미국 공중보건국장은 전염병이 지구상에 사라질 것으로 보았으나, 예측과는 다르게 신종 감염병들이 계속하서 나타났다.#@문장구분# 이 이유는 정글탐험, 개간, 야생동물의 포획 등 인간과 야생동물의 접촉이 잦아지며 야생동물에 있던 병원체가 인류에게 넘어온 것이다.#@문장구분#\n앞으로 우리는 감염병에 계속해서 대비 할 수 있어야 한다.#@문장구분# 언제 또 코로나 19와 같은 사례가 나타날지 모른다.#@문장구분#",
      "paragraph_len": 877,
      "paragraph_id": "001"
    }
  ],
  "score": {
    "paragraph_score": [
      {
        "paragraph_scoreT": [
          3,
          1.8333334,
          1.8333334
        ],
        "paragraph_scoreT_detail": {
          "paragraph_scoreT_exp": [
            [
              3,
              3,
              3
            ],
            [
              2,
              2,
              1
            ],
            [
              2,
              2,
              1
            ]
          ]
        },
        "paragraph_scoreT_avg": 2.2222223,
        "paragraph_id": "001"
      }
    ],
    "essay_scoreT": [
      26.444445,
      17.833334,
      17.944445
    ],
    "essay_scoreT_avg": 20.74074,
    "essay_scoreT_detail": {
      "essay_scoreT_org": [
        [
          2,
          2,
          3,
          2
        ],
        [
          2,
          2,
          2,
          2
        ],
        [
          1,
          2,
          2,
          2
        ]
      ],
      "essay_scoreT_cont": [
        [
          3,
          2,
          0,
          2
        ],
        [
          2,
          1,
          0,
          2
        ],
        [
          2,
          2,
          0,
          1
        ]
      ],
      "essay_scoreT_exp": [
        [
          3,
          3,
          3
        ],
        [
          2,
          2,
          1
        ],
        [
          2,
          2,
          1
        ]
      ]
    }
  },
  "student": {
    "date": "2021.09.07",
    "student_educated": true,
    "student_grade": "고등_1학년",
    "location": "063",
    "student_grade_group": "고등",
    "student_reading": 1
  },
  "rubric": {
    "essay_grade": "고등_1학년",
    "organization_weight": {
      "org_paragraph": 2,
      "org": 2,
      "org_essay": 4,
      "org_coherence": 2,
      "org_quantity": 1
    },
    "essay_type": "설명글",
    "content_weight": {
      "con_clearance": 4,
      "con_novelty": 3,
      "con": 4,
      "con_prompt": 0,
      "con_description": 1
    },
    "essay_main_subject": "영화/독서감상문",
    "expression_weight": {
      "exp_style": 1,
      "exp_grammar": 2,
      "exp_vocab": 3,
      "exp": 4
    }
  },
  "correction": [],
  "info": {
    "essay_id": "ESSAY_34598",
    "essay_prompt": " 영화에는 로맨스, 액션, 스릴러 등 정말 많은 장르가 있습니다. 사람마다 좋아하는 장르가 있고 절대 보지 않는 장르도 있습니다.\r\n\r\n 독서도 마찬가지입니다. 소설, 수필, 시, 만화, 위인전 등 여러가지 장르가 있습니다.\r\n\r\n 여러분은 어떤 장르를 좋아하나요? 그리고 해당 장르에서 가장 재미있게 봤던 영화나 책은 무엇인가요?\r\n\r\n 자신이 봤던 영화 혹은 책을 한 편 선정하여 주제와 내용 그리고 느낀점을 감상문으로 작성해주세요.",
    "essay_type": "설명글",
    "essay_level": "3",
    "essay_len": 637,
    "essay_main_subject": "영화/독서감상문"
  }
}