{
  "paragraph": [
    {
      "paragraph_txt": "내가 최근 본 영화는 <발신제한>이라는 영화이다.#@문장구분# 평소 한국영화를 좋아하는 편이라 재밌을 것 같아 보기로 하였다.#@문장구분#",
      "paragraph_len": 109,
      "paragraph_id": "001"
    },
    {
      "paragraph_txt": " <발신제한>이라는 영화는 6월 23일에 개봉한 한국영화로서 간략한 줄거리는 다음과 같다.#@문장구분# 평소와 같이 출근을 하기 위해 아이들을 태우고 운전을 하던 은행센터장 성규(조우진)는 한 통의 전화를 받게 된다. #@문장구분#발신번호 표시제한으로 걸려온 전화에서는 차 안에 폭탄이 설치되어 있으니 살고 싶으면 돈을 준비하라고 지시한다.#@문장구분# 대수롭지 않게 여기고 있는데 회사 동료가 같은 전화를 받고 차에서 내려 폭탄이 터지는 것을 본 성규는 폭탄이 있다는 말을 믿게 되고 엎친 데 덮친 격으로 경찰에게도 의심을 받게 되어 살기 위해 고군분투하는 내용이다.#@문장구분#",
      "paragraph_len": 383,
      "paragraph_id": "002"
    },
    {
      "paragraph_txt": " 일단 이 영화의 결말부터 얘기하자면 성규에게 전화를 걸었던 의문의 목소리의 정체는 몇 년 전 성규의 고객이자 투자로 많은 양의 재산을 잃은 임산부의 남편이었고 후반부에 두 사람은 만나서 같이 죽기로 하고 차에 탄 상태로 바다에 빠지지만 범인과 달리 성규는 탈출하여 살아남았고 경찰에 사실대로 진술하며 영화는 끝이 난다.#@문장구분#",
      "paragraph_len": 199,
      "paragraph_id": "003"
    },
    {
      "paragraph_txt": " 이 영화를 보면서 들었던 생각은 주연 배우들의 연기가 좋았고 촬영지가 부산 해운대라는 점에서 더 흥미가 생겼던 것 같다.#@문장구분# 영화 대부분이 차 안이라는 한정된 공간에서 진행되기 때문에 몰입감을 높일 수 있었다고 생각하고 경찰과의 추격신에서 속도감 있는 액션이 짜릿했다.#@문장구분#\n 영화를 본 후 인터넷에 검색해보니 이 영화가 2011년에 벌어진 부산저축은행 사태를 소재로 하였다고 한다.#@문장구분# 범인이 범죄를 일으킨 이유와 이 영화의 공간적 배경이 부산이라는 점을 그 이유로 들었다.#@문장구분# 감독은 금융자본이 서민들에게 끼친 악행에 대한 비판 메세지를  전달하려 한 것 같다.#@문장구분#",
      "paragraph_len": 408,
      "paragraph_id": "004"
    },
    {
      "paragraph_txt": " 성규가 경찰에게 포위되고 경찰이 딸과 아들을 내리게 하는데 딸이 뒷좌석에서 앞 좌석으로 넘어와 울면서 \"나 내리면 우리 아빠 쏠거잖아요\"라고 말하는 부분이다.#@문장구분# 성규 몰래 성규를 겨누고 있었던 경찰의 총을 보고 판단한 딸의 모습에서 아빠를 향한 사랑이 느껴졌고 아빠를 죽게 놔둘 수 없어 앞 좌석으로 간 딸이 대단하다고 느껴졌기 때문이다.#@문장구분#",
      "paragraph_len": 229,
      "paragraph_id": "005"
    },
    {
      "paragraph_txt": " 사실 <발신제한>의 원작은 따로 있는데 스페인의 <레트리뷰션 : 응징의 날> 이라는 영화이다.#@문장구분# 두 영화를 같이 비교하면서 보는 것도 좋을 것 같다.#@문장구분# 차에서 내릴 수도 멈출 수도 끊을 수도 없는 전화를 받게 된 한 남자의 이야기, 영화 <발신제한>을 추천한다.#@문장구분#",
      "paragraph_len": 223,
      "paragraph_id": "006"
    }
  ],
  "score": {
    "paragraph_score": [
      {
        "paragraph_scoreT": [
          3,
          3,
          1.8333334
        ],
        "paragraph_scoreT_detail": {
          "paragraph_scoreT_exp": [
            [
              3,
              3,
              3
            ],
            [
              3,
              3,
              3
            ],
            [
              2,
              2,
              1
            ]
          ]
        },
        "paragraph_scoreT_avg": 2.6111112,
        "paragraph_id": "001"
      },
      {
        "paragraph_scoreT": [
          3,
          3,
          1.8333334
        ],
        "paragraph_scoreT_detail": {
          "paragraph_scoreT_exp": [
            [
              3,
              3,
              3
            ],
            [
              3,
              3,
              3
            ],
            [
              2,
              2,
              1
            ]
          ]
        },
        "paragraph_scoreT_avg": 2.6111112,
        "paragraph_id": "002"
      },
      {
        "paragraph_scoreT": [
          3,
          3,
          1.8333334
        ],
        "paragraph_scoreT_detail": {
          "paragraph_scoreT_exp": [
            [
              3,
              3,
              3
            ],
            [
              3,
              3,
              3
            ],
            [
              2,
              2,
              1
            ]
          ]
        },
        "paragraph_scoreT_avg": 2.6111112,
        "paragraph_id": "003"
      },
      {
        "paragraph_scoreT": [
          3,
          3,
          1.8333334
        ],
        "paragraph_scoreT_detail": {
          "paragraph_scoreT_exp": [
            [
              3,
              3,
              3
            ],
            [
              3,
              3,
              3
            ],
            [
              2,
              2,
              1
            ]
          ]
        },
        "paragraph_scoreT_avg": 2.6111112,
        "paragraph_id": "004"
      },
      {
        "paragraph_scoreT": [
          3,
          3,
          1.8333334
        ],
        "paragraph_scoreT_detail": {
          "paragraph_scoreT_exp": [
            [
              3,
              3,
              3
            ],
            [
              3,
              3,
              3
            ],
            [
              2,
              2,
              1
            ]
          ]
        },
        "paragraph_scoreT_avg": 2.6111112,
        "paragraph_id": "005"
      },
      {
        "paragraph_scoreT": [
          3,
          3,
          1.8333334
        ],
        "paragraph_scoreT_detail": {
          "paragraph_scoreT_exp": [
            [
              3,
              3,
              3
            ],
            [
              3,
              3,
              3
            ],
            [
              2,
              2,
              1
            ]
          ]
        },
        "paragraph_scoreT_avg": 2.6111112,
        "paragraph_id": "006"
      }
    ],
    "essay_scoreT": [
      30,
      28.444445,
      22.055555
    ],
    "essay_scoreT_avg": 26.833334,
    "essay_scoreT_detail": {
      "essay_scoreT_org": [
        [
          3,
          3,
          3,
          3
        ],
        [
          2,
          3,
          3,
          3
        ],
        [
          2,
          2,
          2,
          3
        ]
      ],
      "essay_scoreT_cont": [
        [
          3,
          3,
          0,
          3
        ],
        [
          3,
          3,
          0,
          3
        ],
        [
          3,
          2,
          0,
          3
        ]
      ],
      "essay_scoreT_exp": [
        [
          3,
          3,
          3
        ],
        [
          3,
          3,
          2
        ],
        [
          2,
          2,
          1
        ]
      ]
    }
  },
  "student": {
    "date": "2021.09.13",
    "student_educated": true,
    "student_grade": "고등_1학년",
    "location": "051",
    "student_grade_group": "고등",
    "student_reading": 1
  },
  "rubric": {
    "essay_grade": "고등_1학년",
    "organization_weight": {
      "org_paragraph": 2,
      "org": 2,
      "org_essay": 4,
      "org_coherence": 2,
      "org_quantity": 1
    },
    "essay_type": "설명글",
    "content_weight": {
      "con_clearance": 4,
      "con_novelty": 3,
      "con": 4,
      "con_prompt": 0,
      "con_description": 1
    },
    "essay_main_subject": "영화/독서감상문",
    "expression_weight": {
      "exp_style": 1,
      "exp_grammar": 2,
      "exp_vocab": 3,
      "exp": 4
    }
  },
  "correction": [],
  "info": {
    "essay_id": "ESSAY_34128",
    "essay_prompt": " 영화에는 로맨스, 액션, 스릴러 등 정말 많은 장르가 있습니다. 사람마다 좋아하는 장르가 있고 절대 보지 않는 장르도 있습니다.\r\n\r\n 독서도 마찬가지입니다. 소설, 수필, 시, 만화, 위인전 등 여러가지 장르가 있습니다.\r\n\r\n 여러분은 어떤 장르를 좋아하나요? 그리고 해당 장르에서 가장 재미있게 봤던 영화나 책은 무엇인가요?\r\n\r\n 자신이 봤던 영화 혹은 책을 한 편 선정하여 주제와 내용 그리고 느낀점을 감상문으로 작성해주세요.",
    "essay_type": "설명글",
    "essay_level": "3",
    "essay_len": 1192,
    "essay_main_subject": "영화/독서감상문"
  }
}