{
  "paragraph": [
    {
      "paragraph_txt": "the cactus 는 영어 시간 본문한 책의내용이다.#@문장구분# 남자 주인공이 자신을 포장 하기 위해서 꾸민 말들 때문에 자신이 정말로 사랑했던 여 주인공을 \n떠나 보내는 내용이다.#@문장구분# 남자 주인공을 자신이 과거에 겪었던 일들을 말해줄때 크게 부풀려 자기가 특별한 사람인것처럼 소개를 하였 다.#@문장구분#\n그를 사랑했던 여 주인공은 결혼식장에서 남 주인공이 자신을 데리고 도망쳐 주기를 바라면서 남자 주인공에게 벤또마르메 라는 쪽지 가 적힌 \n선인장을 선물을 한다 그 단어는 스페인어 였는데 과거 남자 주인공이 자신이 스페인어를 할 줄 안다고 거짓말을 하여서 여자는 자신 을 데려가라는 내용을 가진 벤또마르메 라는 단어를 적어서 줬지만 남자 주인공은 그 뜻을 모른체 넘어간다.#@문장구분# 난 이책을 읽으면서 여자 주인공은 정말로 남자 주인공을 사랑했다는 것을 느꼈는데 , 남자 주인공은 자신이 했던 거짓말들 때문에 소중한 사람을 잃게 되었다.#@문장구분# 나는 다른 사람에게 나 자신을 소개할때 \n크게 부풀려서 소개하기 보다는 자신 즉 본질 그대로를 소개하여 그 사람이 나를 알게 되는게 훨씬 좋다고 생각한다.#@문장구분#",
      "paragraph_len": 659,
      "paragraph_id": "001"
    }
  ],
  "score": {
    "paragraph_score": [
      {
        "paragraph_scoreT": [
          2.5,
          2,
          1.8333334
        ],
        "paragraph_scoreT_detail": {
          "paragraph_scoreT_exp": [
            [
              2,
              3,
              2
            ],
            [
              2,
              2,
              2
            ],
            [
              2,
              2,
              1
            ]
          ]
        },
        "paragraph_scoreT_avg": 2.1111112,
        "paragraph_id": "001"
      }
    ],
    "essay_scoreT": [
      23.333334,
      20,
      17.722221
    ],
    "essay_scoreT_avg": 20.351852,
    "essay_scoreT_detail": {
      "essay_scoreT_org": [
        [
          3,
          3,
          2,
          2
        ],
        [
          2,
          2,
          2,
          2
        ],
        [
          1,
          2,
          2,
          1
        ]
      ],
      "essay_scoreT_cont": [
        [
          2,
          2,
          0,
          2
        ],
        [
          2,
          2,
          0,
          2
        ],
        [
          2,
          2,
          0,
          1
        ]
      ],
      "essay_scoreT_exp": [
        [
          2,
          3,
          2
        ],
        [
          2,
          2,
          2
        ],
        [
          2,
          2,
          1
        ]
      ]
    }
  },
  "student": {
    "date": "2021.09.07",
    "student_educated": true,
    "student_grade": "고등_1학년",
    "location": "063",
    "student_grade_group": "고등",
    "student_reading": 1
  },
  "rubric": {
    "essay_grade": "고등_1학년",
    "organization_weight": {
      "org_paragraph": 2,
      "org": 2,
      "org_essay": 4,
      "org_coherence": 2,
      "org_quantity": 1
    },
    "essay_type": "설명글",
    "content_weight": {
      "con_clearance": 4,
      "con_novelty": 3,
      "con": 4,
      "con_prompt": 0,
      "con_description": 1
    },
    "essay_main_subject": "영화/독서감상문",
    "expression_weight": {
      "exp_style": 1,
      "exp_grammar": 2,
      "exp_vocab": 3,
      "exp": 4
    }
  },
  "correction": [],
  "info": {
    "essay_id": "ESSAY_34500",
    "essay_prompt": " 영화에는 로맨스, 액션, 스릴러 등 정말 많은 장르가 있습니다. 사람마다 좋아하는 장르가 있고 절대 보지 않는 장르도 있습니다.\r\n\r\n 독서도 마찬가지입니다. 소설, 수필, 시, 만화, 위인전 등 여러가지 장르가 있습니다.\r\n\r\n 여러분은 어떤 장르를 좋아하나요? 그리고 해당 장르에서 가장 재미있게 봤던 영화나 책은 무엇인가요?\r\n\r\n 자신이 봤던 영화 혹은 책을 한 편 선정하여 주제와 내용 그리고 느낀점을 감상문으로 작성해주세요.",
    "essay_type": "설명글",
    "essay_level": "3",
    "essay_len": 539,
    "essay_main_subject": "영화/독서감상문"
  }
}