{
  "paragraph": [
    {
      "paragraph_txt": "우선 내가 최근에 봤던 영화는 모가디슈,싱크홀 이 두개가 있는데 난 여기서 모가디슈를 감상한 평을 남기겠다.#@문장구분# 우선 이 모가디슈란 영화는 1991년도? 쯤에 소말리아에서 일어난 내전인데 이 소말리아의 수도인 모가디슈를 실화로 바탕하여 만든 영화이다.#@문장구분# 이 영화에서 그때 당시의 우리나라는 UN에 등록돼있지 않아 소말리아로 출장을 가서 UN에 등록하려고  한다.#@문장구분# 하지만 여기서 북한측에서도 UN에 등록돼있지 않아서 양국의 외교 총력전이 벌여지던 와중에 내전이 일어나 고립되게 되는데 이때 양국과 함께 협력하여 이 나라를 탈출하기 위해 이탈리아 대사관으로 간다.#@문장구분# 이때 보고 나는 양측의 나라가 이렇게 협력하여 이 나라를 탈출했다는게 굉장히 인상 깊었고, 북한 대사관의 약탈로 인해 갈곳이 없던 북한대사관은 우리나라 대사관으로 가 도움을 청해 거절했다 도와주는 부분에서 서로간의 경계는 있어도 막상 정이 생기면 서로가 잘맞는다는 부분에서 빨리 통일이 이뤄졌으면 좋겠다는 생각이 들었다.#@문장구분# 소말리아를 탈출하고 양측 나라가 데리러 온 상태인데 비행기 안에서 작별인사를 하고 나가서 아는척도 하면 안된다는 거에 굉장히 아쉬워면서도 슬펐다 #@문장구분#왜냐면 아직 통일된 상태도 아닌 서로가 경계하고 있는 상황이기 때문에 그런 얘기가 나왔던거 같다.#@문장구분# 굉장히 재밌게 봤었고,아직 못봤다면 굉장히 추천하고싶다.#@문장구분#",
      "paragraph_len": 818,
      "paragraph_id": "001"
    }
  ],
  "score": {
    "paragraph_score": [
      {
        "paragraph_scoreT": [
          3,
          3,
          1.8333334
        ],
        "paragraph_scoreT_detail": {
          "paragraph_scoreT_exp": [
            [
              3,
              3,
              3
            ],
            [
              3,
              3,
              3
            ],
            [
              2,
              2,
              1
            ]
          ]
        },
        "paragraph_scoreT_avg": 2.6111112,
        "paragraph_id": "001"
      }
    ],
    "essay_scoreT": [
      30,
      27.777779,
      17.61111
    ],
    "essay_scoreT_avg": 25.12963,
    "essay_scoreT_detail": {
      "essay_scoreT_org": [
        [
          3,
          3,
          3,
          3
        ],
        [
          3,
          3,
          3,
          2
        ],
        [
          2,
          2,
          2,
          1
        ]
      ],
      "essay_scoreT_cont": [
        [
          3,
          3,
          0,
          3
        ],
        [
          3,
          2,
          0,
          2
        ],
        [
          2,
          1,
          0,
          2
        ]
      ],
      "essay_scoreT_exp": [
        [
          3,
          3,
          3
        ],
        [
          3,
          3,
          3
        ],
        [
          2,
          2,
          1
        ]
      ]
    }
  },
  "student": {
    "date": "2021.08.15",
    "student_educated": true,
    "student_grade": "고등_1학년",
    "location": "051",
    "student_grade_group": "고등",
    "student_reading": 1
  },
  "rubric": {
    "essay_grade": "고등_1학년",
    "organization_weight": {
      "org_paragraph": 2,
      "org": 2,
      "org_essay": 4,
      "org_coherence": 2,
      "org_quantity": 1
    },
    "essay_type": "설명글",
    "content_weight": {
      "con_clearance": 4,
      "con_novelty": 3,
      "con": 4,
      "con_prompt": 0,
      "con_description": 1
    },
    "essay_main_subject": "영화/독서감상문",
    "expression_weight": {
      "exp_style": 1,
      "exp_grammar": 2,
      "exp_vocab": 3,
      "exp": 4
    }
  },
  "correction": [],
  "info": {
    "essay_id": "ESSAY_34076",
    "essay_prompt": " 영화에는 로맨스, 액션, 스릴러 등 정말 많은 장르가 있습니다. 사람마다 좋아하는 장르가 있고 절대 보지 않는 장르도 있습니다.\r\n\r\n 독서도 마찬가지입니다. 소설, 수필, 시, 만화, 위인전 등 여러가지 장르가 있습니다.\r\n\r\n 여러분은 어떤 장르를 좋아하나요? 그리고 해당 장르에서 가장 재미있게 봤던 영화나 책은 무엇인가요?\r\n\r\n 자신이 봤던 영화 혹은 책을 한 편 선정하여 주제와 내용 그리고 느낀점을 감상문으로 작성해주세요.",
    "essay_type": "설명글",
    "essay_level": "3",
    "essay_len": 658,
    "essay_main_subject": "영화/독서감상문"
  }
}