{
  "paragraph": [
    {
      "paragraph_txt": "Star Reporter   John Escort#@문장구분#\n# Codo ster # reporter # wewspaper# photograph # new girl#@문장구분#\nYou're good newspaper reporter,stevee#@문장구분#\n너는 멋진 신문 기자야 스티브.#@문장구분#\n주인공 스티브는 마을에 새로운 이쁜여자가 있다는 친구의 전화를 받으면서 일어난다.#@문장구분# 마침 그날 신문 편집장인 스티브의 아버지의 회사에 신문기가자 아파서 쉬게 되었다.#@문장구분# 그래서 스티브는 도서관에 책을 반납하러 갈겸, 신문거리를 찾으러 나선다.#@문장구분#\n우연히 스티브가 가게된 공원, 농장, 도서관,카페에서 그녀를 만나게 되었고, 그녀에게 정신이 팔려 우스꽝 스러운 모습을 매순간 보여주었고 사진 찍는 것을 좋하하는 그녀는 그 모습들을 전부 사진으로 남겼다.#@문장구분# 스티브는 수소문 끝에 전국을 여행하다 마을에 돌아온 여행가를 보고 기사거리가 될 것 같다는 생각에 그 여행가를 찾아갔는데 그는 스티브가 관심을 가졌던 마을에 새로왔다는 그녀의 아버지였고, 신문에는 그녀가 찍은 사진과 그의 모습이 실렸고 스티브는 그녀와 연인사이로 발전하여 행복하게 지냈다.#@문장구분#",
      "paragraph_len": 731,
      "paragraph_id": "001"
    }
  ],
  "score": {
    "paragraph_score": [
      {
        "paragraph_scoreT": [
          2,
          1.8333334,
          1.8333334
        ],
        "paragraph_scoreT_detail": {
          "paragraph_scoreT_exp": [
            [
              2,
              2,
              2
            ],
            [
              2,
              2,
              1
            ],
            [
              2,
              2,
              1
            ]
          ]
        },
        "paragraph_scoreT_avg": 1.888889,
        "paragraph_id": "001"
      }
    ],
    "essay_scoreT": [
      12.944445,
      17.11111,
      17.722221
    ],
    "essay_scoreT_avg": 15.925926,
    "essay_scoreT_detail": {
      "essay_scoreT_org": [
        [
          1,
          2,
          1,
          1
        ],
        [
          2,
          2,
          2,
          1
        ],
        [
          1,
          2,
          2,
          1
        ]
      ],
      "essay_scoreT_cont": [
        [
          1,
          0,
          0,
          1
        ],
        [
          2,
          1,
          0,
          1
        ],
        [
          2,
          2,
          0,
          1
        ]
      ],
      "essay_scoreT_exp": [
        [
          2,
          2,
          2
        ],
        [
          2,
          2,
          1
        ],
        [
          2,
          2,
          1
        ]
      ]
    }
  },
  "student": {
    "date": "2021.09.03",
    "student_educated": true,
    "student_grade": "고등_1학년",
    "location": "051",
    "student_grade_group": "고등",
    "student_reading": 2
  },
  "rubric": {
    "essay_grade": "고등_1학년",
    "organization_weight": {
      "org_paragraph": 2,
      "org": 2,
      "org_essay": 4,
      "org_coherence": 2,
      "org_quantity": 1
    },
    "essay_type": "설명글",
    "content_weight": {
      "con_clearance": 4,
      "con_novelty": 3,
      "con": 4,
      "con_prompt": 0,
      "con_description": 1
    },
    "essay_main_subject": "영화/독서감상문",
    "expression_weight": {
      "exp_style": 1,
      "exp_grammar": 2,
      "exp_vocab": 3,
      "exp": 4
    }
  },
  "correction": [],
  "info": {
    "essay_id": "ESSAY_34622",
    "essay_prompt": " 영화에는 로맨스, 액션, 스릴러 등 정말 많은 장르가 있습니다. 사람마다 좋아하는 장르가 있고 절대 보지 않는 장르도 있습니다.\r\n\r\n 독서도 마찬가지입니다. 소설, 수필, 시, 만화, 위인전 등 여러가지 장르가 있습니다.\r\n\r\n 여러분은 어떤 장르를 좋아하나요? 그리고 해당 장르에서 가장 재미있게 봤던 영화나 책은 무엇인가요?\r\n\r\n 자신이 봤던 영화 혹은 책을 한 편 선정하여 주제와 내용 그리고 느낀점을 감상문으로 작성해주세요.",
    "essay_type": "설명글",
    "essay_level": "3",
    "essay_len": 551,
    "essay_main_subject": "영화/독서감상문"
  }
}