{
  "paragraph": [
    {
      "paragraph_txt": "이 책은 일반적으로 우리가 흔히 접하는 인간형태의 로봇뿐만 아니라 다른 여러가지의 형태의 로봇들도 나올 수 있다고 설명하고 있다.#@문장구분# 예를 들어보자면 사람의 형태가 아닌 그냥 단순한 일을 할 수 있는 팔 형태의 로봇도 로봇이며 꼭 로봇이 사람의 형태일 필요는 없다고 말하고 있다.#@문장구분# 또한 로봇을 만들기 위해서는 여러가지 시행착오를 거쳐야하며 그 재료 또한 금속부터 시작해서 플라스틱 자연재\n료를 거쳐서 이제는 재활용품을 이용한 로봇도 나오고 있다고 말하고 있다.#@문장구분# 영어로 된 원서이지만 나오는 단어들이 그렇게 복잡하지 않아 읽는데 큰 문제가 없었으며, 내용또한 지루하지 않게 잘 구성되어있다고 생각한다. #@문장구분#이 책이 주는 가장 큰 교훈은 당신의 틀을 깬다는것이다.#@문장구분# 흔히들 로봇하면 무기가 달린 로봇이나 계단을 오르는 인간형 로봇을 생각하지만 이 책은 그런 형태의 로봇 뿐만 아니라\n다른 형태의 로봇도 이미 세상에 존재하며 그런 로봇들의 가치도 매우 높다고 평가하고 있다.#@문장구분# 로봇이 사회에서 점점 더 영향력을 넓혀가고 있는만큼 만약 당신이 로봇에 관심이 많고 또한 로봇쪽으로 진로를 가지고싶다면 , 한국어로된 책을 읽는것도 좋지만 이렇게 영어 원서로 된 책을 읽는것도 많이 도움이 될것이라고 생각한다.#@문장구분#",
      "paragraph_len": 748,
      "paragraph_id": "001"
    }
  ],
  "score": {
    "paragraph_score": [
      {
        "paragraph_scoreT": [
          2,
          1.8333334,
          1.8333334
        ],
        "paragraph_scoreT_detail": {
          "paragraph_scoreT_exp": [
            [
              2,
              2,
              2
            ],
            [
              2,
              2,
              1
            ],
            [
              2,
              2,
              1
            ]
          ]
        },
        "paragraph_scoreT_avg": 1.888889,
        "paragraph_id": "001"
      }
    ],
    "essay_scoreT": [
      22.277779,
      19.333334,
      17.833334
    ],
    "essay_scoreT_avg": 19.814817,
    "essay_scoreT_detail": {
      "essay_scoreT_org": [
        [
          2,
          2,
          2,
          1
        ],
        [
          2,
          2,
          2,
          2
        ],
        [
          2,
          2,
          2,
          2
        ]
      ],
      "essay_scoreT_cont": [
        [
          3,
          2,
          0,
          3
        ],
        [
          2,
          2,
          0,
          2
        ],
        [
          2,
          1,
          0,
          2
        ]
      ],
      "essay_scoreT_exp": [
        [
          2,
          2,
          2
        ],
        [
          2,
          2,
          1
        ],
        [
          2,
          2,
          1
        ]
      ]
    }
  },
  "student": {
    "date": "2021.09.10",
    "student_educated": true,
    "student_grade": "고등_1학년",
    "location": "063",
    "student_grade_group": "고등",
    "student_reading": 1
  },
  "rubric": {
    "essay_grade": "고등_1학년",
    "organization_weight": {
      "org_paragraph": 2,
      "org": 2,
      "org_essay": 4,
      "org_coherence": 2,
      "org_quantity": 1
    },
    "essay_type": "설명글",
    "content_weight": {
      "con_clearance": 4,
      "con_novelty": 3,
      "con": 4,
      "con_prompt": 0,
      "con_description": 1
    },
    "essay_main_subject": "영화/독서감상문",
    "expression_weight": {
      "exp_style": 1,
      "exp_grammar": 2,
      "exp_vocab": 3,
      "exp": 4
    }
  },
  "correction": [],
  "info": {
    "essay_id": "ESSAY_34646",
    "essay_prompt": " 영화에는 로맨스, 액션, 스릴러 등 정말 많은 장르가 있습니다. 사람마다 좋아하는 장르가 있고 절대 보지 않는 장르도 있습니다.\r\n\r\n 독서도 마찬가지입니다. 소설, 수필, 시, 만화, 위인전 등 여러가지 장르가 있습니다.\r\n\r\n 여러분은 어떤 장르를 좋아하나요? 그리고 해당 장르에서 가장 재미있게 봤던 영화나 책은 무엇인가요?\r\n\r\n 자신이 봤던 영화 혹은 책을 한 편 선정하여 주제와 내용 그리고 느낀점을 감상문으로 작성해주세요.",
    "essay_type": "설명글",
    "essay_level": "3",
    "essay_len": 609,
    "essay_main_subject": "영화/독서감상문"
  }
}