{
  "paragraph": [
    {
      "paragraph_txt": "이 책의 주인공인 주수인은 고교 야구팀의 유일한 여자이다.#@문장구분# 주수인이 어렸을때에는 사람들로부터 많은 관심을 받았다.#@문장구분# 여자 야구선수 이지만 구속도 꽤 나왔고 남자 선수들과 실력차이가 두드러졌다.#@문장구분# 주수인은 포기하지 않고 야구선수의 꿈을 키워나가지만 그녀를 응원해 주는 사람도 없고 심지어 가족까지도 처음에는 외면했다.#@문장구분# 주변의 만류에도 불구하고 자기가 하고 싶은 걸 하기 위해 끝까지 노력하는 주수인의 모습을 보니 나에게 큰 영감이 되었다.#@문장구분# 정말 내가 하고 싶은건지, 뭐가 더 나은지, 뭘 해야 후회를 덜 할지 등등 나와 다르게 목표를 확고하게 잡고 달려나가는 주수인을 보니 부러울 따름이다.#@문장구분# 결국 그녀는 원하던 프로구단에 입단했다.#@문장구분# 잘 하고 있는지는 모르지만 꿈을 잡고 끝까지 해냈다는게 중요한게 아닌가 생각이 든다.#@문장구분# 난 요즘 꿈에 대한 고민이 많아 이도저도 못하고 있는데 이 책을 읽고나니 빨리 목표를 세우고 달려 가기로 했다.#@문장구분#",
      "paragraph_len": 641,
      "paragraph_id": "001"
    }
  ],
  "score": {
    "paragraph_score": [
      {
        "paragraph_scoreT": [
          3,
          2.8333333,
          1.8333334
        ],
        "paragraph_scoreT_detail": {
          "paragraph_scoreT_exp": [
            [
              3,
              3,
              3
            ],
            [
              3,
              3,
              2
            ],
            [
              2,
              2,
              1
            ]
          ]
        },
        "paragraph_scoreT_avg": 2.5555556,
        "paragraph_id": "001"
      }
    ],
    "essay_scoreT": [
      30,
      25.555555,
      17.61111
    ],
    "essay_scoreT_avg": 24.388891,
    "essay_scoreT_detail": {
      "essay_scoreT_org": [
        [
          3,
          3,
          3,
          3
        ],
        [
          2,
          2,
          3,
          1
        ],
        [
          2,
          2,
          2,
          1
        ]
      ],
      "essay_scoreT_cont": [
        [
          3,
          3,
          0,
          3
        ],
        [
          3,
          2,
          0,
          2
        ],
        [
          2,
          1,
          0,
          2
        ]
      ],
      "essay_scoreT_exp": [
        [
          3,
          3,
          3
        ],
        [
          3,
          3,
          2
        ],
        [
          2,
          2,
          1
        ]
      ]
    }
  },
  "student": {
    "date": "2021.09.07",
    "student_educated": true,
    "student_grade": "고등_1학년",
    "location": "051",
    "student_grade_group": "고등",
    "student_reading": 1
  },
  "rubric": {
    "essay_grade": "고등_1학년",
    "organization_weight": {
      "org_paragraph": 2,
      "org": 2,
      "org_essay": 4,
      "org_coherence": 2,
      "org_quantity": 1
    },
    "essay_type": "설명글",
    "content_weight": {
      "con_clearance": 4,
      "con_novelty": 3,
      "con": 4,
      "con_prompt": 0,
      "con_description": 1
    },
    "essay_main_subject": "영화/독서감상문",
    "expression_weight": {
      "exp_style": 1,
      "exp_grammar": 2,
      "exp_vocab": 3,
      "exp": 4
    }
  },
  "correction": [],
  "info": {
    "essay_id": "ESSAY_34158",
    "essay_prompt": " 영화에는 로맨스, 액션, 스릴러 등 정말 많은 장르가 있습니다. 사람마다 좋아하는 장르가 있고 절대 보지 않는 장르도 있습니다.\r\n\r\n 독서도 마찬가지입니다. 소설, 수필, 시, 만화, 위인전 등 여러가지 장르가 있습니다.\r\n\r\n 여러분은 어떤 장르를 좋아하나요? 그리고 해당 장르에서 가장 재미있게 봤던 영화나 책은 무엇인가요?\r\n\r\n 자신이 봤던 영화 혹은 책을 한 편 선정하여 주제와 내용 그리고 느낀점을 감상문으로 작성해주세요.",
    "essay_type": "설명글",
    "essay_level": "3",
    "essay_len": 464,
    "essay_main_subject": "영화/독서감상문"
  }
}