{
  "paragraph": [
    {
      "paragraph_txt": "나는 최근에 어벤져스 엔드게임을 다시 봤다.#@문장구분#   안그래도 그 엄청난 시리즈의 끝을 맺는 편이라 더욱 머리에 남는다.#@문장구분#   어릴 때부터 아이언맨, 헐크, 토르 등등의 많은 시리즈를 다 봤왔는데  그 이야기들의 마지막 편을 기대하며, 기대를 저버리지 않고 봤다.#@문장구분#  웅장해지면서도 감동적이라 기분이 싱숭생숭 했었다.#@문장구분#   마블의 놀라운 CG기술에 감탄할 수 밖에 없던 것만 같았다.#@문장구분#   현실에서 일어날 수 없는 능력들을 CG라는 기술로 엄청 자연스럽고 매끄럽게 이어나간다는 것이 마블의 장점인 것 같았다.#@문장구분#  이와 같은 장점으로 많은 재밌고 감동적인 시리즈를 만든 마블을 사랑할 수 밖에 없는 것 같았다.#@문장구분#  아무튼 엔드게임의 내용 중에 가장 인상깊고 머리에 남아있는 장면을 말해보자면 악역인 타노스가 소울스톤을 차지하는 것을 막기 위해 서로의 목숨을 살리려, 호크아이와 블랙위도우가 서로 죽으려하는데, 거리에서 블랙위도우가 대신 죽는게 인상이 꽤 깊게 남아있고, 처음에 타노스에게 대패해서 생명체의 절반이 사라졌을 때 남은 멤버들끼리 과거로 돌아가 스톤을 찾으러가 사투를 벌이는게 생각났고, 엔드 게임하면 누구나 그 장면을 오래 기억하고 있을 것 같은 장면은 당연히 타노스와의 마지막 전쟁 때 타노스와 대적하는 몽든 생명체가 다 모여 타노스와 싸우는 엄청난 스케일을 떠올릴 것이다.#@문장구분#  비록 아이언맨의 희생이 있었지만 이로 인해 모두를 구한 것이 정말 멋지다고 생각했다.#@문장구분#  만약 마블 사리즈로 보지 않은 사람이 있다면 시리즈를 전부 다 보고 마지막을 엔드게임으로 장식하는 걸 추천한다.#@문장구분#",
      "paragraph_len": 968,
      "paragraph_id": "001"
    }
  ],
  "score": {
    "paragraph_score": [
      {
        "paragraph_scoreT": [
          3,
          2,
          2
        ],
        "paragraph_scoreT_detail": {
          "paragraph_scoreT_exp": [
            [
              3,
              3,
              3
            ],
            [
              2,
              2,
              2
            ],
            [
              2,
              2,
              2
            ]
          ]
        },
        "paragraph_scoreT_avg": 2.3333333,
        "paragraph_id": "001"
      }
    ],
    "essay_scoreT": [
      30,
      22,
      22.444445
    ],
    "essay_scoreT_avg": 24.814814,
    "essay_scoreT_detail": {
      "essay_scoreT_org": [
        [
          3,
          3,
          3,
          3
        ],
        [
          2,
          2,
          2,
          2
        ],
        [
          2,
          2,
          3,
          2
        ]
      ],
      "essay_scoreT_cont": [
        [
          3,
          3,
          0,
          3
        ],
        [
          3,
          2,
          0,
          2
        ],
        [
          3,
          2,
          0,
          2
        ]
      ],
      "essay_scoreT_exp": [
        [
          3,
          3,
          3
        ],
        [
          2,
          2,
          2
        ],
        [
          2,
          2,
          2
        ]
      ]
    }
  },
  "student": {
    "date": "2021.09.03",
    "student_educated": true,
    "student_grade": "고등_1학년",
    "location": "051",
    "student_grade_group": "고등",
    "student_reading": 1
  },
  "rubric": {
    "essay_grade": "고등_1학년",
    "organization_weight": {
      "org_paragraph": 2,
      "org": 2,
      "org_essay": 4,
      "org_coherence": 2,
      "org_quantity": 1
    },
    "essay_type": "설명글",
    "content_weight": {
      "con_clearance": 4,
      "con_novelty": 3,
      "con": 4,
      "con_prompt": 0,
      "con_description": 1
    },
    "essay_main_subject": "영화/독서감상문",
    "expression_weight": {
      "exp_style": 1,
      "exp_grammar": 2,
      "exp_vocab": 3,
      "exp": 4
    }
  },
  "correction": [],
  "info": {
    "essay_id": "ESSAY_34287",
    "essay_prompt": " 영화에는 로맨스, 액션, 스릴러 등 정말 많은 장르가 있습니다. 사람마다 좋아하는 장르가 있고 절대 보지 않는 장르도 있습니다.\r\n\r\n 독서도 마찬가지입니다. 소설, 수필, 시, 만화, 위인전 등 여러가지 장르가 있습니다.\r\n\r\n 여러분은 어떤 장르를 좋아하나요? 그리고 해당 장르에서 가장 재미있게 봤던 영화나 책은 무엇인가요?\r\n\r\n 자신이 봤던 영화 혹은 책을 한 편 선정하여 주제와 내용 그리고 느낀점을 감상문으로 작성해주세요.",
    "essay_type": "설명글",
    "essay_level": "3",
    "essay_len": 768,
    "essay_main_subject": "영화/독서감상문"
  }
}