{
  "paragraph": [
    {
      "paragraph_txt": "대머리 독수리는 미국의 국조이다.#@문장구분# 사실 대머리 독수리는 진짜 대머리가 아니라 머리 부분에 흰색 털이 있어서 대머리처럼 보이는 것이다.#@문장구분# 대머리 독수리는 '흰머리수리'라고 불리기도 한다.#@문장구분# 여하튼, 이 책은 대머리 독수리의 특성에 대해 기술해 놓은 책이다.#@문장구분# 생태계와 동물에 대한 관심이 취미로서 이 책을 읽게 하였다.#@문장구분# 대머리 독수리의 뼈는 공간이 비어 있어 날개를 전부 가로로 펼쳤을 때 길이가 8피트나 되는 큰 덩치에도 독수리가 날 수 있게 해준다.#@문장구분# 높은 나무에 둥지를 짓기 때문에 강과 숲이 있는 미국 전역에 걸쳐 서식한다고 한다.#@문장구분# 하와이에는 이런 생태 환경이 갖추어져 있지 않기 때문에 유일하게 대머리 독수리가 서식하지 않는다고 한다.#@문장구분# 대머리 독수리의 자유로움과 강인함이 미국인들의 독립 정신과 비슷하여 미국인들이 대머리 독수리를 국조로 선정하고 이 생물을 좋아하는 것 같다고 생각했다.#@문장구분# 반면 우리나라가 공식 지정한 국조는 없는데, 백의민족을 상징하고 우아하고 고고함을 상징하는 학을 우리 민족과 연관지어 국조로 선정했으면 좋겠다는 확장적인 생각을 해보았다.#@문장구분#",
      "paragraph_len": 736,
      "paragraph_id": "001"
    }
  ],
  "score": {
    "paragraph_score": [
      {
        "paragraph_scoreT": [
          3,
          2,
          1.8333334
        ],
        "paragraph_scoreT_detail": {
          "paragraph_scoreT_exp": [
            [
              3,
              3,
              3
            ],
            [
              2,
              2,
              2
            ],
            [
              2,
              2,
              1
            ]
          ]
        },
        "paragraph_scoreT_avg": 2.277778,
        "paragraph_id": "001"
      }
    ],
    "essay_scoreT": [
      27.555555,
      20,
      17.722221
    ],
    "essay_scoreT_avg": 21.75926,
    "essay_scoreT_detail": {
      "essay_scoreT_org": [
        [
          3,
          2,
          3,
          3
        ],
        [
          2,
          2,
          2,
          2
        ],
        [
          2,
          1,
          1,
          1
        ]
      ],
      "essay_scoreT_cont": [
        [
          2,
          3,
          0,
          3
        ],
        [
          2,
          2,
          0,
          2
        ],
        [
          2,
          2,
          0,
          1
        ]
      ],
      "essay_scoreT_exp": [
        [
          3,
          3,
          3
        ],
        [
          2,
          2,
          2
        ],
        [
          2,
          2,
          1
        ]
      ]
    }
  },
  "student": {
    "date": "2021.09.10",
    "student_educated": true,
    "student_grade": "고등_1학년",
    "location": "063",
    "student_grade_group": "고등",
    "student_reading": 1
  },
  "rubric": {
    "essay_grade": "고등_1학년",
    "organization_weight": {
      "org_paragraph": 2,
      "org": 2,
      "org_essay": 4,
      "org_coherence": 2,
      "org_quantity": 1
    },
    "essay_type": "설명글",
    "content_weight": {
      "con_clearance": 4,
      "con_novelty": 3,
      "con": 4,
      "con_prompt": 0,
      "con_description": 1
    },
    "essay_main_subject": "영화/독서감상문",
    "expression_weight": {
      "exp_style": 1,
      "exp_grammar": 2,
      "exp_vocab": 3,
      "exp": 4
    }
  },
  "correction": [],
  "info": {
    "essay_id": "ESSAY_34798",
    "essay_prompt": " 영화에는 로맨스, 액션, 스릴러 등 정말 많은 장르가 있습니다. 사람마다 좋아하는 장르가 있고 절대 보지 않는 장르도 있습니다.\r\n\r\n 독서도 마찬가지입니다. 소설, 수필, 시, 만화, 위인전 등 여러가지 장르가 있습니다.\r\n\r\n 여러분은 어떤 장르를 좋아하나요? 그리고 해당 장르에서 가장 재미있게 봤던 영화나 책은 무엇인가요?\r\n\r\n 자신이 봤던 영화 혹은 책을 한 편 선정하여 주제와 내용 그리고 느낀점을 감상문으로 작성해주세요.",
    "essay_type": "설명글",
    "essay_level": "3",
    "essay_len": 536,
    "essay_main_subject": "영화/독서감상문"
  }
}