{
  "paragraph": [
    {
      "paragraph_txt": "이 영화는 2017년에 개봉한 영화이고 5 18 광주 민주화 운동을 해외에 알린 외국인 기자와 그를 도운 택시 운전사와 광주 시민의 이야기를 다룬다.#@문장구분#\n이 영화를 보기 전 택시운전사 라는 약간 생소한 제목의 영화라고 생각했고 1980년 5월 광주로 간 택시운전사 라는 주제를 보고 광주 민주화 운동에 대해 어떻게 이야기를 풀어낼지 기대하고 보았다.#@문장구분#\n인상 깊었던 장면을 뽑자면 마지막 부분에 택시 운전사들끼리 광주 밖을 벗어나는 것을 도우면서 차로 박으면서 막아내는 장면이 인상 깊었다. #@문장구분#왜냐면 광주에서 벌어지는 심상치 않은 사건을 취재하러 목숨을 걸고 들어간 독일 기자도 대단하지만 그 취재한 걸 해외에 알리기 위한 간절함으로 필사적으로 희생하며 길을 열어주고 막아주는 장면이 가장 인상 깊었다.#@문장구분# 또 택시 운전사가 독일 기자를 두고 돌아온(?) 때가 있었는데 그때 자기 딸한테 손님을 두고 왔다는 명장면.#@문장구분# 안 볼 수가 없었다.#@문장구분# 이 영화를 중학생 때 학교에서 처음 봤었는데 영화로 봤지만 예전에 일어난 광주 민주화 운동의 상황을 생생하게 느낄 수 있었다.#@문장구분# 총으로 쏴 죽이고 때리고 터지고 내가 그때 그 시절에 태어나 그걸 겪었더라면 그보다 더 가혹한 일이 있었겠나 싶다.#@문장구분# 아까 말했듯이 김만섭이 독일 기자를 데리러 갈 때 처음에는 우연히 돈을 벌기 위해 광주에 데려다준 것이지만 책임감이 들었는지 다시 데리러갔다.#@문장구분# 그때부터 파고들어가면서 광주 현 상황을 취재하고 세상에 알리게 되었는데, 가족도 있었던 김만섭이 그걸 다시 목숨을 걸고 들어가서 도와준다는 것이 정말 대단하다.#@문장구분#",
      "paragraph_len": 967,
      "paragraph_id": "001"
    }
  ],
  "score": {
    "paragraph_score": [
      {
        "paragraph_scoreT": [
          2.8333333,
          2.8333333,
          2.5
        ],
        "paragraph_scoreT_detail": {
          "paragraph_scoreT_exp": [
            [
              3,
              3,
              2
            ],
            [
              3,
              3,
              2
            ],
            [
              2,
              3,
              2
            ]
          ]
        },
        "paragraph_scoreT_avg": 2.722222,
        "paragraph_id": "001"
      }
    ],
    "essay_scoreT": [
      24.722221,
      29.11111,
      24.444445
    ],
    "essay_scoreT_avg": 26.092592,
    "essay_scoreT_detail": {
      "essay_scoreT_org": [
        [
          2,
          3,
          3,
          2
        ],
        [
          3,
          3,
          3,
          2
        ],
        [
          2,
          2,
          3,
          2
        ]
      ],
      "essay_scoreT_cont": [
        [
          2,
          2,
          0,
          3
        ],
        [
          3,
          3,
          0,
          3
        ],
        [
          2,
          3,
          0,
          3
        ]
      ],
      "essay_scoreT_exp": [
        [
          3,
          3,
          2
        ],
        [
          3,
          3,
          2
        ],
        [
          2,
          3,
          2
        ]
      ]
    }
  },
  "student": {
    "date": "2021.09.13",
    "student_educated": true,
    "student_grade": "고등_1학년",
    "location": "051",
    "student_grade_group": "고등",
    "student_reading": 2
  },
  "rubric": {
    "essay_grade": "고등_1학년",
    "organization_weight": {
      "org_paragraph": 2,
      "org": 2,
      "org_essay": 4,
      "org_coherence": 2,
      "org_quantity": 1
    },
    "essay_type": "설명글",
    "content_weight": {
      "con_clearance": 4,
      "con_novelty": 3,
      "con": 4,
      "con_prompt": 0,
      "con_description": 1
    },
    "essay_main_subject": "영화/독서감상문",
    "expression_weight": {
      "exp_style": 1,
      "exp_grammar": 2,
      "exp_vocab": 3,
      "exp": 4
    }
  },
  "correction": [],
  "info": {
    "essay_id": "ESSAY_33972",
    "essay_prompt": " 영화에는 로맨스, 액션, 스릴러 등 정말 많은 장르가 있습니다. 사람마다 좋아하는 장르가 있고 절대 보지 않는 장르도 있습니다.\r\n\r\n 독서도 마찬가지입니다. 소설, 수필, 시, 만화, 위인전 등 여러가지 장르가 있습니다.\r\n\r\n 여러분은 어떤 장르를 좋아하나요? 그리고 해당 장르에서 가장 재미있게 봤던 영화나 책은 무엇인가요?\r\n\r\n 자신이 봤던 영화 혹은 책을 한 편 선정하여 주제와 내용 그리고 느낀점을 감상문으로 작성해주세요.",
    "essay_type": "설명글",
    "essay_level": "3",
    "essay_len": 771,
    "essay_main_subject": "영화/독서감상문"
  }
}