{
  "paragraph": [
    {
      "paragraph_txt": "2019년 겨울 중국 우한에서 시작된 코로나의 충격은 확진자와 사망자를 매일 갱신하면서 6개월 넘게 세계를 뒤흔들고 있다.#@문장구분# 정도의 차이가 있을 뿐 세계 그 어느 나라도 이 바이러스에서 자유롭지 않고, 역설적이게도 가장 선진적 경제 시스템과 정치 체제를 자랑하던 나라일수록 속절없이 무너졌다.#@문장구분# 처음엔 수천만명이 사는 도시 전체를 하루아침에 봉쇄해버린 중국의 무모하고 극단적인 조치에 놀랐다가, 집단 면역을 운운한 영국의 무책임한 방임에 한 번 더 어이없어 했는데, 이제는 방역을 포기하고 개인의 자유와 국가경제로 도망치며 뿌리깊은 인종차별로 신음하는 미국을 보며 안심한다.#@문장구분# 무고한 시민을 흑인이라는 이유로 잔인하게 살해한 백인 경찰과(조지플로이드 사건) 이에 반발한 시위 군중의 엄청난 폭발과 폭력은 코로나가 초래한 의료 위기와 무관하지 않고 미국식 사회 시스템의 허점을 드러낸다.#@문장구분# 한국은 그나마 이 위기에 슬기롭게 대처하고 있는 듯하다.#@문장구분# 다른 나라에 비해 방역에서 성공을 거둔 일은 국가 시스템의 신뢰도를 높였고 정치행위의 중요성을 일깨운다.#@문장구분# 물론 많은 뼈아픈 희생을 겪었기에 가능한 일이었다.#@문장구분# 뒤흔들렸다는 말이 맞을 만큼 모든것이 마비되었고, 의식하지 앟고 당연하게 여기던 것들, 우리가 일상이라고 부르던 일들이 이제는 기약 없는 과거가 되고 말았다. #@문장구분#계절 장비인 마스크가 필수품으로 자리 잡았고 사람들과 거리두기가 새로운 일상의 예절이 되고 나니 우리가 바이러스 이전에 어떻게 살았는지 잊어버려서 기억을 더듬어야 하는 어처구니 없는 상황이 되었다. #@문장구분#방역에 성공한 나라와 그렇지 못한 나라의 명암이 엇갈리긴 하지만, 세계가 지금보다 더 가깝게 느껴진 적은 없었다.#@문장구분#특히 바이러스를 완전히 박멸하는 일은 불가능하며 좋든 싫든 인류는 앞으로 바이러스와 늘 동거하는 새로운 세상에 살게 될것이라는 점에서 모두의 견해가 일치했다.#@문장구분#이 책은 코로나 바이러스 사태를 철학적, 정치적, 사회적 관점으로 분석한 책으로, 코로나 이후 인류가 맞게될 상시적 바이러스 사회에서 국가의 공적 기능이 커지고 우리의 생명과 생존이 함게 추구 될 수 있는 평등한 공동체를 그리는 일에 많은 논의가 할애되어 있다. #@문장구분#저자는 방역과 경제가 공존하는이 사회를 거침없이 공산주의라 명명하고, 이를 현재 중국의 '국가자본주의적'사회주의 체제나 미국의 신자유주의적 자본주의 시스템과 확연히 구분한다.#@문장구분# 이러한 새로운 공산주의는 한 국가의 정치 시스템이 아니라 전 지구적 협력으로 탄생할 초국가적 지구정치의 모델이라고 저자는 주장한다.#@문장구분# 바이러스와 함께 살아가야 할 앞으로의 세상에서 감염이 진행되는 이 사회적 차별의 분리선을 없애지 않고 진정한 방역에 성공할 수는 없다.#@문장구분# 이 분리선을 지탱하고 있는 경제 시스템과 정치적 체제의 결합을 바꾸어야만 한다.#@문장구분# 따라서 새로운 일상에서 방역과 사회적 차별의 철폐는 당위적 명령이 아니라 엄연한 정치적 과제이다.#@문장구분# 열악한 노동 현장의 개선과 그들의 노동에대한 차별의 철폐없이는 그 누구도 바이러스에서 안전하지 않다.#@문장구분#",
      "paragraph_len": 1819,
      "paragraph_id": "001"
    }
  ],
  "score": {
    "paragraph_score": [
      {
        "paragraph_scoreT": [
          2,
          3,
          2.6666667
        ],
        "paragraph_scoreT_detail": {
          "paragraph_scoreT_exp": [
            [
              2,
              2,
              2
            ],
            [
              3,
              3,
              3
            ],
            [
              2,
              3,
              3
            ]
          ]
        },
        "paragraph_scoreT_avg": 2.5555556,
        "paragraph_id": "001"
      }
    ],
    "essay_scoreT": [
      20,
      25.61111,
      25.833334
    ],
    "essay_scoreT_avg": 23.814814,
    "essay_scoreT_detail": {
      "essay_scoreT_org": [
        [
          2,
          2,
          2,
          2
        ],
        [
          2,
          3,
          3,
          3
        ],
        [
          2,
          2,
          3,
          3
        ]
      ],
      "essay_scoreT_cont": [
        [
          2,
          2,
          0,
          2
        ],
        [
          2,
          2,
          0,
          3
        ],
        [
          3,
          2,
          0,
          3
        ]
      ],
      "essay_scoreT_exp": [
        [
          2,
          2,
          2
        ],
        [
          3,
          3,
          3
        ],
        [
          2,
          3,
          3
        ]
      ]
    }
  },
  "student": {
    "date": "2021.09.13",
    "student_educated": true,
    "student_grade": "고등_1학년",
    "location": "063",
    "student_grade_group": "고등",
    "student_reading": 1
  },
  "rubric": {
    "essay_grade": "고등_1학년",
    "organization_weight": {
      "org_paragraph": 2,
      "org": 2,
      "org_essay": 4,
      "org_coherence": 2,
      "org_quantity": 1
    },
    "essay_type": "설명글",
    "content_weight": {
      "con_clearance": 4,
      "con_novelty": 3,
      "con": 4,
      "con_prompt": 0,
      "con_description": 1
    },
    "essay_main_subject": "영화/독서감상문",
    "expression_weight": {
      "exp_style": 1,
      "exp_grammar": 2,
      "exp_vocab": 3,
      "exp": 4
    }
  },
  "correction": [],
  "info": {
    "essay_id": "ESSAY_34461",
    "essay_prompt": " 영화에는 로맨스, 액션, 스릴러 등 정말 많은 장르가 있습니다. 사람마다 좋아하는 장르가 있고 절대 보지 않는 장르도 있습니다.\r\n\r\n 독서도 마찬가지입니다. 소설, 수필, 시, 만화, 위인전 등 여러가지 장르가 있습니다.\r\n\r\n 여러분은 어떤 장르를 좋아하나요? 그리고 해당 장르에서 가장 재미있게 봤던 영화나 책은 무엇인가요?\r\n\r\n 자신이 봤던 영화 혹은 책을 한 편 선정하여 주제와 내용 그리고 느낀점을 감상문으로 작성해주세요.",
    "essay_type": "설명글",
    "essay_level": "3",
    "essay_len": 1460,
    "essay_main_subject": "영화/독서감상문"
  }
}