{
  "paragraph": [
    {
      "paragraph_txt": "땅속에서 과학이 숨쉰다라는 책은 책 제목 그대로 광물에 대해서 말하고 있다.#@문장구분# 이 책은 관업진흥과 학회지에 발표했던 내용을 모아 정리한 것으로 지구의 땅 속이 얼마나 신기한가에 관해 흥미롭게 풀어 설명하고 있다.#@문장구분# 지형과 화강암, 석영, 광상과 금속, 암염에 관한 이야기와 함께 저자가 지질 탐사를 하면서 경험한 내용과 20세기에 이루어진 지질학에 관련된 업적들에 관한 내용으로 구성되어져있다.#@문장구분# 내가 이 책을 읽게된 이유는 나의 진로인 건축과 연관이 되어있기 때문이다.#@문장구분# 건축을 하기위해서는 공학적 측면에서 볼때 광물은 건축과 매우 밀접한 관계를 가지고 있어서 나의 진로와 연관 시킬 겸 지구과학 2에 관련된 내용을 복습할 겸 읽게 되었다.#@문장구분# 나는 이 책을 지질학에 관심있는 친구나, 사범대 지구과학 교육과에 가고 싶어하는 친구에게 꼭 한번 추천을 해주고 싶다.#@문장구분# 쉽게 풀어 설명이 되어있기 때문에 부담없이 즐기면서 읽을 수 있기에 진심으로 꼭 추천을 해주고 싶다.#@문장구분#",
      "paragraph_len": 619,
      "paragraph_id": "001"
    }
  ],
  "score": {
    "paragraph_score": [
      {
        "paragraph_scoreT": [
          1.8333334,
          1.8333334,
          1.8333334
        ],
        "paragraph_scoreT_detail": {
          "paragraph_scoreT_exp": [
            [
              2,
              2,
              1
            ],
            [
              2,
              2,
              1
            ],
            [
              2,
              2,
              1
            ]
          ]
        },
        "paragraph_scoreT_avg": 1.8333334,
        "paragraph_id": "001"
      }
    ],
    "essay_scoreT": [
      16.88889,
      17.61111,
      17.722221
    ],
    "essay_scoreT_avg": 17.407408,
    "essay_scoreT_detail": {
      "essay_scoreT_org": [
        [
          2,
          1,
          2,
          2
        ],
        [
          2,
          2,
          2,
          1
        ],
        [
          1,
          2,
          2,
          1
        ]
      ],
      "essay_scoreT_cont": [
        [
          2,
          1,
          0,
          1
        ],
        [
          2,
          1,
          0,
          2
        ],
        [
          2,
          2,
          0,
          1
        ]
      ],
      "essay_scoreT_exp": [
        [
          2,
          2,
          1
        ],
        [
          2,
          2,
          1
        ],
        [
          2,
          2,
          1
        ]
      ]
    }
  },
  "student": {
    "date": "2021.09.09",
    "student_educated": true,
    "student_grade": "고등_1학년",
    "location": "051",
    "student_grade_group": "고등",
    "student_reading": 1
  },
  "rubric": {
    "essay_grade": "고등_1학년",
    "organization_weight": {
      "org_paragraph": 2,
      "org": 2,
      "org_essay": 4,
      "org_coherence": 2,
      "org_quantity": 1
    },
    "essay_type": "설명글",
    "content_weight": {
      "con_clearance": 4,
      "con_novelty": 3,
      "con": 4,
      "con_prompt": 0,
      "con_description": 1
    },
    "essay_main_subject": "영화/독서감상문",
    "expression_weight": {
      "exp_style": 1,
      "exp_grammar": 2,
      "exp_vocab": 3,
      "exp": 4
    }
  },
  "correction": [],
  "info": {
    "essay_id": "ESSAY_34773",
    "essay_prompt": " 영화에는 로맨스, 액션, 스릴러 등 정말 많은 장르가 있습니다. 사람마다 좋아하는 장르가 있고 절대 보지 않는 장르도 있습니다.\r\n\r\n 독서도 마찬가지입니다. 소설, 수필, 시, 만화, 위인전 등 여러가지 장르가 있습니다.\r\n\r\n 여러분은 어떤 장르를 좋아하나요? 그리고 해당 장르에서 가장 재미있게 봤던 영화나 책은 무엇인가요?\r\n\r\n 자신이 봤던 영화 혹은 책을 한 편 선정하여 주제와 내용 그리고 느낀점을 감상문으로 작성해주세요.",
    "essay_type": "설명글",
    "essay_level": "3",
    "essay_len": 479,
    "essay_main_subject": "영화/독서감상문"
  }
}