{
  "paragraph": [
    {
      "paragraph_txt": "지슬은 제주도의 감자의 방언이다.#@문장구분# 이 이야기는 예전 제주 4.3의 끝나지 않은 이야기를 다루었다.#@문장구분# 제주도의 비극이자 한국 현대사의 비극인 제주 4.3 사건을 다루어 독립영화로는 최고로 많은 관객을 모으기도 했다.#@문장구분# 바로 이 영화를 만화로 그린 것이다.#@문장구분# 붓터치로 그림을 그려 색채는 하양색과 검은색밖에 없는데도 장면을 잘 표현하였다.#@문장구분# 또 붓터치도 그림을 그려 신선한 느낌을 받았다.#@문장구분# 지슬의 내용은 충격적이었다.#@문장구분# 군인들을 피해 동굴에 사람들이 낑겨모여 지슬을 먹는 장면에서 안타까움과 충격이 컸다.#@문장구분# 사람들을 잡기 위해 모든 것을 다하는 군인과 그래도 죄책감에 사람들을 도와주는 군인도 있었다.#@문장구분# 사람들을 살리기 위해 도망을 치는 사람과 살기 위해 아지트를 부는 사람 등 많은 사람들의 모습을 볼수 있었다.#@문장구분# 굴속에 사람들의 흰 뼈다귀와 흰 고무신을 보고 엄청 놀렸다고 한다.#@문장구분# 이 일이 기록되어 있어서 다행이라 생각하고 그때분들을 많이 기억해 주시고 위로해 줬으면 한다.#@문장구분# 제주도민의 아픔을 건들기보다는 다독거려줄수있길 바란다.#@문장구분#",
      "paragraph_len": 772,
      "paragraph_id": "001"
    }
  ],
  "score": {
    "paragraph_score": [
      {
        "paragraph_scoreT": [
          2,
          2,
          1.8333334
        ],
        "paragraph_scoreT_detail": {
          "paragraph_scoreT_exp": [
            [
              2,
              2,
              2
            ],
            [
              2,
              2,
              2
            ],
            [
              2,
              2,
              1
            ]
          ]
        },
        "paragraph_scoreT_avg": 1.9444445,
        "paragraph_id": "001"
      }
    ],
    "essay_scoreT": [
      21.277779,
      18.277779,
      16.055555
    ],
    "essay_scoreT_avg": 18.537039,
    "essay_scoreT_detail": {
      "essay_scoreT_org": [
        [
          2,
          2,
          2,
          1
        ],
        [
          2,
          2,
          2,
          1
        ],
        [
          1,
          1,
          1,
          2
        ]
      ],
      "essay_scoreT_cont": [
        [
          3,
          2,
          0,
          1
        ],
        [
          2,
          1,
          0,
          2
        ],
        [
          2,
          1,
          0,
          2
        ]
      ],
      "essay_scoreT_exp": [
        [
          2,
          2,
          2
        ],
        [
          2,
          2,
          2
        ],
        [
          2,
          2,
          1
        ]
      ]
    }
  },
  "student": {
    "date": "2021.09.10",
    "student_educated": true,
    "student_grade": "고등_1학년",
    "location": "063",
    "student_grade_group": "고등",
    "student_reading": 2
  },
  "rubric": {
    "essay_grade": "고등_1학년",
    "organization_weight": {
      "org_paragraph": 2,
      "org": 2,
      "org_essay": 4,
      "org_coherence": 2,
      "org_quantity": 1
    },
    "essay_type": "설명글",
    "content_weight": {
      "con_clearance": 4,
      "con_novelty": 3,
      "con": 4,
      "con_prompt": 0,
      "con_description": 1
    },
    "essay_main_subject": "영화/독서감상문",
    "expression_weight": {
      "exp_style": 1,
      "exp_grammar": 2,
      "exp_vocab": 3,
      "exp": 4
    }
  },
  "correction": [],
  "info": {
    "essay_id": "ESSAY_34659",
    "essay_prompt": " 영화에는 로맨스, 액션, 스릴러 등 정말 많은 장르가 있습니다. 사람마다 좋아하는 장르가 있고 절대 보지 않는 장르도 있습니다.\r\n\r\n 독서도 마찬가지입니다. 소설, 수필, 시, 만화, 위인전 등 여러가지 장르가 있습니다.\r\n\r\n 여러분은 어떤 장르를 좋아하나요? 그리고 해당 장르에서 가장 재미있게 봤던 영화나 책은 무엇인가요?\r\n\r\n 자신이 봤던 영화 혹은 책을 한 편 선정하여 주제와 내용 그리고 느낀점을 감상문으로 작성해주세요.",
    "essay_type": "설명글",
    "essay_level": "3",
    "essay_len": 513,
    "essay_main_subject": "영화/독서감상문"
  }
}