{
  "paragraph": [
    {
      "paragraph_txt": "The cactus, 선인장이란 이 책의 제목을보고 내용을 유츄하기는 쉽지않을 것이다.#@문장구분# 그렇기에 나에게는 이 책이 매력적으로 다가왔다.#@문장구분#\n나는 교과서에 원본이 발췌된 부분을 읽었다.#@문장구분# 아무래도 영어로 이루어져있기에 원본만큼은 아니겠지만 읽는데에 꽤나 수고가 들었다.#@문장구분#\nthe cactus의 줄거리는 과거에 trysdale이라는 남자와 한 여인인 서로를 좋아했었다.#@문장구분# 그 여인은 그를 항상 흠모하고 존경했었다. #@문장구분#또한 그를 항상 칭찬하고 그를 존경했었다.#@문장구분# 그런 그녀의 헌신과 존경심에 그는 자신이 스페인어를 잘한다고 알고있던 그녀에게 사실 스페인어를 할 줄 모른다는 사실을 알리지않았다.#@문장구분# 이런 그의 거짓말은 결국 최악의 결과에 이르게 된다.#@문장구분# 그가 그녀에게 청혼했을때 그녀는 수줍어하며 기뻐했다.#@문장구분# 하지만 어째선지 그녀는 확답을 주지않았고 그는 그녀의 답을 기다린다.#@문장구분# 하지만 그에게 온것이라고는 스페인어가 적혀있는 작은 선인장 하나였다.#@문장구분# 그는 그녀가 자신의 청혼을 거절했다고 생각하고 둘의 사이는 멀어지게된다.#@문장구분# 후에 그녀는 다른남자와 결혼하게 되고 trysdale은 그녀의 결혼식에 가고 씁쓸해한다.#@문장구분# 그러던 중 그의 친구였던 신부의 오빠가 우연히 trysdale이 받은 선인장에 적혀있던 문구를 해석해주고 trysdale은 좌절한다.#@문장구분# 왜냐하면 선인장에 적혀있던 말의 의미는 '와서 나를 데려가세요'란 뜻이었기 때문이다.#@문장구분# 결국 trysdale은 자신의 거짓말로 인해 사랑하는 사람을 잃게되었다.#@문장구분# 나는 원래 거짓말은 더 큰 거짓말을 야기하고 부정적이라는 견해를 가지고 있다.#@문장구분# 내가 만약 trysdale이었다면 사실을 말했을텐데 그녀가 그를 진정으로 사랑했다면 그런 거짓말하나로 그를 떠나지는 않았을 텐데 정말 안타까웠다.#@문장구분# 내가 위와 같은 견해를 가진이유가 나도 옛날에 거짓말로 인해 더 안좋은 결과를 얻게되고 크게 데인적이 있기 때문이다.#@문장구분# 그래서 혹시나 평소에 거짓말을 자주하는 친구가 있다면 이 책을 추천해줘서 조금이라도 깨달음을 얻었으면 좋겠다.#@문장구분# 거짓말로인해 직접 아픔을 겪기전에.#@문장구분#",
      "paragraph_len": 1429,
      "paragraph_id": "001"
    }
  ],
  "score": {
    "paragraph_score": [
      {
        "paragraph_scoreT": [
          3,
          2.8333333,
          2
        ],
        "paragraph_scoreT_detail": {
          "paragraph_scoreT_exp": [
            [
              3,
              3,
              3
            ],
            [
              3,
              3,
              2
            ],
            [
              2,
              2,
              2
            ]
          ]
        },
        "paragraph_scoreT_avg": 2.611111,
        "paragraph_id": "001"
      }
    ],
    "essay_scoreT": [
      30,
      28,
      23.166666
    ],
    "essay_scoreT_avg": 27.055555,
    "essay_scoreT_detail": {
      "essay_scoreT_org": [
        [
          3,
          3,
          3,
          3
        ],
        [
          2,
          2,
          3,
          3
        ],
        [
          2,
          2,
          3,
          3
        ]
      ],
      "essay_scoreT_cont": [
        [
          3,
          3,
          0,
          3
        ],
        [
          3,
          3,
          0,
          3
        ],
        [
          3,
          2,
          0,
          3
        ]
      ],
      "essay_scoreT_exp": [
        [
          3,
          3,
          3
        ],
        [
          3,
          3,
          2
        ],
        [
          2,
          2,
          2
        ]
      ]
    }
  },
  "student": {
    "date": "2021.09.10",
    "student_educated": true,
    "student_grade": "고등_1학년",
    "location": "063",
    "student_grade_group": "고등",
    "student_reading": 1
  },
  "rubric": {
    "essay_grade": "고등_1학년",
    "organization_weight": {
      "org_paragraph": 2,
      "org": 2,
      "org_essay": 4,
      "org_coherence": 2,
      "org_quantity": 1
    },
    "essay_type": "설명글",
    "content_weight": {
      "con_clearance": 4,
      "con_novelty": 3,
      "con": 4,
      "con_prompt": 0,
      "con_description": 1
    },
    "essay_main_subject": "영화/독서감상문",
    "expression_weight": {
      "exp_style": 1,
      "exp_grammar": 2,
      "exp_vocab": 3,
      "exp": 4
    }
  },
  "correction": [],
  "info": {
    "essay_id": "ESSAY_34288",
    "essay_prompt": " 영화에는 로맨스, 액션, 스릴러 등 정말 많은 장르가 있습니다. 사람마다 좋아하는 장르가 있고 절대 보지 않는 장르도 있습니다.\r\n\r\n 독서도 마찬가지입니다. 소설, 수필, 시, 만화, 위인전 등 여러가지 장르가 있습니다.\r\n\r\n 여러분은 어떤 장르를 좋아하나요? 그리고 해당 장르에서 가장 재미있게 봤던 영화나 책은 무엇인가요?\r\n\r\n 자신이 봤던 영화 혹은 책을 한 편 선정하여 주제와 내용 그리고 느낀점을 감상문으로 작성해주세요.",
    "essay_type": "설명글",
    "essay_level": "3",
    "essay_len": 990,
    "essay_main_subject": "영화/독서감상문"
  }
}