{
  "paragraph": [
    {
      "paragraph_txt": "이 책은 단순히 화학 반응이나 화학적 현상을 설명하는 책이 아니라 화학적 반응이나 구조에서 우리의 인생을 깨닫게 해주는 아주 좋은 책이다. #@문장구분#그렇기에 이 책을 읽게 되었다.#@문장구분# 책을 읽으며 가장 인상깊었던 파트의 이야기를 해보자면, 소 제목이 '중성자만큼만 살 수 있다면 얼마나 성공한 인생인가'였다.#@문장구분# 화학, 물리 시간때 원자의 구조를 배웠지만 중성자는 별로 중요시 여기지 않았다. #@문장구분#양성자나 전자처럼 전하를 띄우는 것도 아니고, 책에서 양성자, 전자의 발견실험은 그림까지 주어지며 설명되었지만 중성자는 그림은 커녕 그냥 작은 글씨로 적혀져있었기 때문에 자연스레 중성자에 신경을 쓰지 않게 되었다. #@문장구분#그러나 책을 읽으면서 중성자에 대한 생각이 완전히 바뀌었다.#@문장구분# 양성자와 무게가 비슷한 중성자는 그 수가 양성자와 같을 때도 있고 다를 때도 있어서 그 원자의 성질도 달라지게 할 수 있다. #@문장구분#또 이론적으로 양전하를 가진 양성자들끼리 함께 있으면 당연히 서로 반발해서 튕겨져 나가야한다.#@문장구분# 그럼에도 불구하고 양성자들은 중성자들덕분에 반발하지 않도 안정적으로 뭉쳐있는다. #@문장구분#알고보니 중성자는 원자를 구성하는 데에 있어서 필수적으로 필요한 물질 이였던것이다.#@문장구분# 우리 인생도 마찬가지이다. #@문장구분#이 책의 작가도 자신이 중성자의 역할을 알지 못했을때 자신이 중성자와 같은 존재로 살고 있다고 생각했다고 한다.#@문장구분# 하지만 중성자가 꼭 필요한 존재라는 것을 알게 된 후 작가는 자신도 그러리라 다짐했다.#@문장구분# 나는 이 세상에 쓸모 없는 존재는 없다고 생각한다.#@문장구분# 나에겐 필요없는 것이 다른 사람에겐 필요할 수도 있고, 내가 좋아하는 것은 다른 사람이 싫어할 수 있다. #@문장구분#모든 존재는 무조건 어딘가에 필요하다고 생각한다. #@문장구분#아주아주 작은, 우리 눈으로는 볼 수없는 세계에서의 조그마한 존재마저도 이 세상을 만드는 데 필수적 존재인데, 그러면 그 작은 존재들이 모이고 모여 만들어진 우리도 필수적 존재가 아니겠는가?#@문장구분# 이 세상에 쓸모 없는 것은 없다.#@문장구분#",
      "paragraph_len": 1308,
      "paragraph_id": "001"
    }
  ],
  "score": {
    "paragraph_score": [
      {
        "paragraph_scoreT": [
          2.6666667,
          2,
          2.5
        ],
        "paragraph_scoreT_detail": {
          "paragraph_scoreT_exp": [
            [
              2,
              3,
              3
            ],
            [
              2,
              2,
              2
            ],
            [
              2,
              3,
              2
            ]
          ]
        },
        "paragraph_scoreT_avg": 2.388889,
        "paragraph_id": "001"
      }
    ],
    "essay_scoreT": [
      27.777779,
      20,
      26
    ],
    "essay_scoreT_avg": 24.592592,
    "essay_scoreT_detail": {
      "essay_scoreT_org": [
        [
          2,
          3,
          3,
          3
        ],
        [
          2,
          2,
          2,
          2
        ],
        [
          3,
          3,
          3,
          3
        ]
      ],
      "essay_scoreT_cont": [
        [
          3,
          3,
          0,
          3
        ],
        [
          2,
          2,
          0,
          2
        ],
        [
          3,
          2,
          0,
          2
        ]
      ],
      "essay_scoreT_exp": [
        [
          2,
          3,
          3
        ],
        [
          2,
          2,
          2
        ],
        [
          2,
          3,
          2
        ]
      ]
    }
  },
  "student": {
    "date": "2021.09.09",
    "student_educated": true,
    "student_grade": "고등_1학년",
    "location": "051",
    "student_grade_group": "고등",
    "student_reading": 2
  },
  "rubric": {
    "essay_grade": "고등_1학년",
    "organization_weight": {
      "org_paragraph": 2,
      "org": 2,
      "org_essay": 4,
      "org_coherence": 2,
      "org_quantity": 1
    },
    "essay_type": "설명글",
    "content_weight": {
      "con_clearance": 4,
      "con_novelty": 3,
      "con": 4,
      "con_prompt": 0,
      "con_description": 1
    },
    "essay_main_subject": "영화/독서감상문",
    "expression_weight": {
      "exp_style": 1,
      "exp_grammar": 2,
      "exp_vocab": 3,
      "exp": 4
    }
  },
  "correction": [],
  "info": {
    "essay_id": "ESSAY_34758",
    "essay_prompt": " 영화에는 로맨스, 액션, 스릴러 등 정말 많은 장르가 있습니다. 사람마다 좋아하는 장르가 있고 절대 보지 않는 장르도 있습니다.\r\n\r\n 독서도 마찬가지입니다. 소설, 수필, 시, 만화, 위인전 등 여러가지 장르가 있습니다.\r\n\r\n 여러분은 어떤 장르를 좋아하나요? 그리고 해당 장르에서 가장 재미있게 봤던 영화나 책은 무엇인가요?\r\n\r\n 자신이 봤던 영화 혹은 책을 한 편 선정하여 주제와 내용 그리고 느낀점을 감상문으로 작성해주세요.",
    "essay_type": "설명글",
    "essay_level": "3",
    "essay_len": 948,
    "essay_main_subject": "영화/독서감상문"
  }
}