{
  "paragraph": [
    {
      "paragraph_txt": "고등학교로 올라오게 되면서 내신을 대비하기위해 확실한 나만의 공부방법이 필요하여 나에게 맞는 학습을 찾기위해 책을 찾게되면서 읽게되었다.#@문장구분# \n책에 첫장을 넘기면서 '열심히 공부한다고 합격 하지않는다'라는 목차가 눈에 띄였다.#@문장구분# 지구과학을 공부하면서 어느점수대에 고정되어 그점수를 넘지 못한적이 있기때문에 유심히 읽게되었다.#@문장구분# 읽던중 한문장이 나의 공부방법을 되돌아 보게 했는데 '방향이 올바르지 못 했기 때문'이라는 부분이다.#@문장구분# 그저 다외우기만하면 다맞춘다는 잘못된 생각으로 공부를 진행하여서 성적이 고정이 되어있지 않았나 라는 생각을하며 다시 나의 공부습관을 고칠수있는 계기를 마련해주는 책이였으며 공부라는 주제에대해 인풋과아웃풋으로 나누어주어 자신의 입맛과 학습방법에 맞게 다양하게 실천할수있는 공부방법만 쓰여있는것 뿐만아닌 시험에서 합격이라는 키워드를 위해 공부외 적인 존재로 멘탈은 어떻게 관리하여야하는지 체력은 어떤방법을 통해 관리하여야하는지 여러가지를 배울수 있었으며 시험당일날에도 활용할수있는 다양한 꿀팁도 읽어볼수 있었다.#@문장구분# 공부를 안하다가 처음시작해본다면, 또는 시험에 정말 합격이 간절하지만 나처럼 성적이 고정되거나 잘안나온다면 시험에 대해 멘탈이 약한 학생들이라면 이책을 읽고 책내용이 마치 솔루션 처럼 다가와 다양한 방법들을 소개해주고 실천해볼수 있도록 도와줄것이다.#@문장구분# 마지막으로 다양한 학습법과 멘탈관리법을 익히면서 조금더 내가원하는 학교에 다가가는 느낌과 시험에 열심히 임해서 합격할수있는 자신감을 심을수있게 되었다.#@문장구분#",
      "paragraph_len": 885,
      "paragraph_id": "001"
    }
  ],
  "score": {
    "paragraph_score": [
      {
        "paragraph_scoreT": [
          3,
          2.3333333,
          1.8333334
        ],
        "paragraph_scoreT_detail": {
          "paragraph_scoreT_exp": [
            [
              3,
              3,
              3
            ],
            [
              3,
              2,
              2
            ],
            [
              2,
              2,
              1
            ]
          ]
        },
        "paragraph_scoreT_avg": 2.3888888,
        "paragraph_id": "001"
      }
    ],
    "essay_scoreT": [
      30,
      24.222221,
      17.833334
    ],
    "essay_scoreT_avg": 24.018518,
    "essay_scoreT_detail": {
      "essay_scoreT_org": [
        [
          3,
          3,
          3,
          3
        ],
        [
          2,
          3,
          3,
          2
        ],
        [
          2,
          2,
          2,
          2
        ]
      ],
      "essay_scoreT_cont": [
        [
          3,
          3,
          0,
          3
        ],
        [
          3,
          2,
          0,
          2
        ],
        [
          2,
          1,
          0,
          2
        ]
      ],
      "essay_scoreT_exp": [
        [
          3,
          3,
          3
        ],
        [
          3,
          2,
          2
        ],
        [
          2,
          2,
          1
        ]
      ]
    }
  },
  "student": {
    "date": "2021.09.07",
    "student_educated": true,
    "student_grade": "고등_1학년",
    "location": "051",
    "student_grade_group": "고등",
    "student_reading": 1
  },
  "rubric": {
    "essay_grade": "고등_1학년",
    "organization_weight": {
      "org_paragraph": 2,
      "org": 2,
      "org_essay": 4,
      "org_coherence": 2,
      "org_quantity": 1
    },
    "essay_type": "설명글",
    "content_weight": {
      "con_clearance": 4,
      "con_novelty": 3,
      "con": 4,
      "con_prompt": 0,
      "con_description": 1
    },
    "essay_main_subject": "영화/독서감상문",
    "expression_weight": {
      "exp_style": 1,
      "exp_grammar": 2,
      "exp_vocab": 3,
      "exp": 4
    }
  },
  "correction": [],
  "info": {
    "essay_id": "ESSAY_34218",
    "essay_prompt": " 영화에는 로맨스, 액션, 스릴러 등 정말 많은 장르가 있습니다. 사람마다 좋아하는 장르가 있고 절대 보지 않는 장르도 있습니다.\r\n\r\n 독서도 마찬가지입니다. 소설, 수필, 시, 만화, 위인전 등 여러가지 장르가 있습니다.\r\n\r\n 여러분은 어떤 장르를 좋아하나요? 그리고 해당 장르에서 가장 재미있게 봤던 영화나 책은 무엇인가요?\r\n\r\n 자신이 봤던 영화 혹은 책을 한 편 선정하여 주제와 내용 그리고 느낀점을 감상문으로 작성해주세요.",
    "essay_type": "설명글",
    "essay_level": "3",
    "essay_len": 746,
    "essay_main_subject": "영화/독서감상문"
  }
}