{
  "paragraph": [
    {
      "paragraph_txt": "데일 카네기의 인간관계론은 사람들과의 원활한 의사소통과 원만한 관계를 위한 책이다.#@문장구분#\n처음에는 서양인이 만든 책이라 동양인의 정서에 맞지 않을 거라 생각했는데 읽다보니 그렇지도 않았다.#@문장구분#\n옛날 위인들의 이야기와 생각을 알수 있고 인간들의 정서에 대해 알 수 있다.#@문장구분#\n그리고 책에서 꿀을 얻고 싶으면 비난과 비판을 하지말고 그 사람의 칭찬을 해라 라고 하는데 이것도 누구나 아는거지만 실천 하기는 어려운거라 생각한다.#@문장구분#\n데일카네기가 이런 말을 한다.#@문장구분#\n죽을 때 까지 남에게 원망을 받고 싶으면 신랄하게 비판하라.#@문장구분# 그 비판이 맞으면 맞을수록 효과가 커진다. #@문장구분#대개 사람들을 다루는 경우 그들을 논리의 동물이라고 생각하면 안된다.#@문장구분# 상대는 감정의 동물이고 심지어 편견에 가득찬 허영심과 자만심에 의하여 행동한다는것을 명심하지 않으면 안된다.#@문장구분#\n이런 말을 들었을때 처음에는 이해가 안됬다.#@문장구분#\n그럼 올바르지 않을 일도 그냥 지나치라는 건가?#@문장구분#\n이런 생각을 했는데 이 책은 남과 원만하게 지내게 위한 책이라서 남을 비판하기보다는 칭찬을 하라는 이야기를 하는 것 같다.#@문장구분#\n그리고 이 책의 좋은점은 영어와 같이 나와있어서 이해가 안되는 문장이 있으면 영어 원본을 볼 수있어서 좋았다.#@문장구분#",
      "paragraph_len": 847,
      "paragraph_id": "001"
    }
  ],
  "score": {
    "paragraph_score": [
      {
        "paragraph_scoreT": [
          1.8333334,
          2.5,
          2
        ],
        "paragraph_scoreT_detail": {
          "paragraph_scoreT_exp": [
            [
              2,
              2,
              1
            ],
            [
              2,
              3,
              2
            ],
            [
              2,
              2,
              2
            ]
          ]
        },
        "paragraph_scoreT_avg": 2.1111112,
        "paragraph_id": "001"
      }
    ],
    "essay_scoreT": [
      18.055555,
      26.166666,
      19.11111
    ],
    "essay_scoreT_avg": 21.11111,
    "essay_scoreT_detail": {
      "essay_scoreT_org": [
        [
          2,
          2,
          2,
          3
        ],
        [
          2,
          2,
          3,
          3
        ],
        [
          1,
          2,
          2,
          2
        ]
      ],
      "essay_scoreT_cont": [
        [
          2,
          1,
          0,
          2
        ],
        [
          3,
          3,
          0,
          2
        ],
        [
          2,
          2,
          0,
          2
        ]
      ],
      "essay_scoreT_exp": [
        [
          2,
          2,
          1
        ],
        [
          2,
          3,
          2
        ],
        [
          2,
          2,
          2
        ]
      ]
    }
  },
  "student": {
    "date": "2021.09.10",
    "student_educated": true,
    "student_grade": "고등_1학년",
    "location": "063",
    "student_grade_group": "고등",
    "student_reading": 1
  },
  "rubric": {
    "essay_grade": "고등_1학년",
    "organization_weight": {
      "org_paragraph": 2,
      "org": 2,
      "org_essay": 4,
      "org_coherence": 2,
      "org_quantity": 1
    },
    "essay_type": "설명글",
    "content_weight": {
      "con_clearance": 4,
      "con_novelty": 3,
      "con": 4,
      "con_prompt": 0,
      "con_description": 1
    },
    "essay_main_subject": "영화/독서감상문",
    "expression_weight": {
      "exp_style": 1,
      "exp_grammar": 2,
      "exp_vocab": 3,
      "exp": 4
    }
  },
  "correction": [],
  "info": {
    "essay_id": "ESSAY_34731",
    "essay_prompt": " 영화에는 로맨스, 액션, 스릴러 등 정말 많은 장르가 있습니다. 사람마다 좋아하는 장르가 있고 절대 보지 않는 장르도 있습니다.\r\n\r\n 독서도 마찬가지입니다. 소설, 수필, 시, 만화, 위인전 등 여러가지 장르가 있습니다.\r\n\r\n 여러분은 어떤 장르를 좋아하나요? 그리고 해당 장르에서 가장 재미있게 봤던 영화나 책은 무엇인가요?\r\n\r\n 자신이 봤던 영화 혹은 책을 한 편 선정하여 주제와 내용 그리고 느낀점을 감상문으로 작성해주세요.",
    "essay_type": "설명글",
    "essay_level": "3",
    "essay_len": 588,
    "essay_main_subject": "영화/독서감상문"
  }
}