{
  "paragraph": [
    {
      "paragraph_txt": "생명과학을 공부하는 학생으로써 이번 코로나 사태에 대해 정확한 정보를 알고 있어야겠다는 생각에 이 책을 읽게 되었다. #@문장구분#코로나를 중점으로 다룬 책들이 굉장히 많았으나, 유독 이 책을 선정한 이유는 바로 제목에 있는 미스터리 였다.#@문장구분# 최근 발표회에서 코로나 백신에 관한 내용을 다룰 때 백신에 대한 오해와 진실을 다뤘는데, 이 책도 코로나 바이러스에 대한 오해 등을 다루고 있는 책이라 더욱 흥 미롭게 다가왔다.#@문장구분# 그 중 가장 놀라운 내용은 코로나 바이러스가 감기를 일으키는 바이러스 중 두 번째로 흔한 바이러스라는 것이다.#@문장구분# 예전에 뉴스를 통해 코로나도 일종의 감기 바이러스와 유사하다는 말은 들었으나 이렇게 흔한 바이러스 일지는 상상 조차 하지 못하 였다. #@문장구분#실제로 코로나 바이러스는 변이가 일어났기에 위협적이라는 사실과 함께, 작가는 현재 코로나 바이러스 사태에 대해 대처하고 있는 몇몇 특정 나라를 지적하며 대처법을 비판한다.#@문장구분# 이 책을 통해서 코로나 바이러스를 조금 다른 각도로 바라보는 색다른 경험을 쌓 을 수 있었고, 언론을 통해 전해지는 이야기만을 맹신하지 않아야겠다는 다짐 또한 하게 되었다.#@문장구분#",
      "paragraph_len": 697,
      "paragraph_id": "001"
    }
  ],
  "score": {
    "paragraph_score": [
      {
        "paragraph_scoreT": [
          2.5,
          1.8333334,
          2
        ],
        "paragraph_scoreT_detail": {
          "paragraph_scoreT_exp": [
            [
              2,
              3,
              2
            ],
            [
              2,
              2,
              1
            ],
            [
              2,
              2,
              2
            ]
          ]
        },
        "paragraph_scoreT_avg": 2.1111112,
        "paragraph_id": "001"
      }
    ],
    "essay_scoreT": [
      25.555555,
      16.222221,
      21.777779
    ],
    "essay_scoreT_avg": 21.185186,
    "essay_scoreT_detail": {
      "essay_scoreT_org": [
        [
          3,
          3,
          2,
          3
        ],
        [
          1,
          2,
          2,
          1
        ],
        [
          2,
          2,
          2,
          1
        ]
      ],
      "essay_scoreT_cont": [
        [
          3,
          2,
          0,
          2
        ],
        [
          2,
          1,
          0,
          1
        ],
        [
          3,
          2,
          0,
          2
        ]
      ],
      "essay_scoreT_exp": [
        [
          2,
          3,
          2
        ],
        [
          2,
          2,
          1
        ],
        [
          2,
          2,
          2
        ]
      ]
    }
  },
  "student": {
    "date": "2021.09.09",
    "student_educated": true,
    "student_grade": "고등_1학년",
    "location": "051",
    "student_grade_group": "고등",
    "student_reading": 1
  },
  "rubric": {
    "essay_grade": "고등_1학년",
    "organization_weight": {
      "org_paragraph": 2,
      "org": 2,
      "org_essay": 4,
      "org_coherence": 2,
      "org_quantity": 1
    },
    "essay_type": "설명글",
    "content_weight": {
      "con_clearance": 4,
      "con_novelty": 3,
      "con": 4,
      "con_prompt": 0,
      "con_description": 1
    },
    "essay_main_subject": "영화/독서감상문",
    "expression_weight": {
      "exp_style": 1,
      "exp_grammar": 2,
      "exp_vocab": 3,
      "exp": 4
    }
  },
  "correction": [],
  "info": {
    "essay_id": "ESSAY_34756",
    "essay_prompt": " 영화에는 로맨스, 액션, 스릴러 등 정말 많은 장르가 있습니다. 사람마다 좋아하는 장르가 있고 절대 보지 않는 장르도 있습니다.\r\n\r\n 독서도 마찬가지입니다. 소설, 수필, 시, 만화, 위인전 등 여러가지 장르가 있습니다.\r\n\r\n 여러분은 어떤 장르를 좋아하나요? 그리고 해당 장르에서 가장 재미있게 봤던 영화나 책은 무엇인가요?\r\n\r\n 자신이 봤던 영화 혹은 책을 한 편 선정하여 주제와 내용 그리고 느낀점을 감상문으로 작성해주세요.",
    "essay_type": "설명글",
    "essay_level": "3",
    "essay_len": 552,
    "essay_main_subject": "영화/독서감상문"
  }
}