{
  "paragraph": [
    {
      "paragraph_txt": "이책은 우리의 실존과 자신감에 대해 다루고 있는 책이다.#@문장구분# 챕터별로 나와있는 내용은 조금씩 다른데 전부 본질은 자신감과 그것을 통한 한 개인이 존재한다는 것에 대해 밝히고 있다.#@문장구분# 수많은 내용중에서 인상 깊었던 점 위주로 글을 쓰겠다.#@문장구분# 첫번째로 인상 깊었던 점은 보통 우리는 '정신이 몸을 지배한다'라는 말을 많이 듣고 정신적으로 맘을 먹어야 행동 변화도 일어난다고 한다.#@문장구분# 이책에서는 반대로 \"high power pose\", 즉 사회에서 힘 있는 사람들과 무언가 큰 것을 성취한 사람들이 무의식적으로 취하는 힘을 상징하는 자세를 2분이상 취하면 자신감도 올라간다고 한다.#@문장구분# 대담한 행동을 가능하게 해주는 호르몬인 테스테스테론 수치가 오르고, 스트레스를 받으면 분출되는 호르몬인 코티졸의 수치가 떨어진다고 한다.#@문장구분# 특정 자세가 정신을 바꿀 수 있다는 말이 충격적이었다.#@문장구분# 이 책에서 가장 인상 깊었던 구절은 \"Presence stems from believing in and trusting yourself - your real, honest feelings, values and abilities.\"라는 구절이다.#@문장구분# 만약 자신도 자기 스스로를 믿지 못하고 확신이 없는데 어떻게 남은 자신을 신뢰하고 인정하겠는가?#@문장구분# 이책은 자신감은 일상 속에서 찾을 수 있고 그 방법들을 기술해 놓았지만, 결국 모든 것을 스스로에게 달렸다는 것을 시사한다.#@문장구분# 자신감과 나 자신에게 믿음이 부족한 요즘, 힘이 되는 책이었다.#@문장구분#",
      "paragraph_len": 942,
      "paragraph_id": "001"
    }
  ],
  "score": {
    "paragraph_score": [
      {
        "paragraph_scoreT": [
          2.5,
          2.5,
          2.8333333
        ],
        "paragraph_scoreT_detail": {
          "paragraph_scoreT_exp": [
            [
              2,
              3,
              2
            ],
            [
              2,
              3,
              2
            ],
            [
              3,
              3,
              2
            ]
          ]
        },
        "paragraph_scoreT_avg": 2.611111,
        "paragraph_id": "001"
      }
    ],
    "essay_scoreT": [
      24.055555,
      27.333334,
      24.833332
    ],
    "essay_scoreT_avg": 25.407408,
    "essay_scoreT_detail": {
      "essay_scoreT_org": [
        [
          3,
          3,
          2,
          3
        ],
        [
          3,
          2,
          3,
          2
        ],
        [
          2,
          2,
          2,
          2
        ]
      ],
      "essay_scoreT_cont": [
        [
          2,
          2,
          0,
          3
        ],
        [
          3,
          3,
          0,
          3
        ],
        [
          3,
          2,
          0,
          1
        ]
      ],
      "essay_scoreT_exp": [
        [
          2,
          3,
          2
        ],
        [
          2,
          3,
          2
        ],
        [
          3,
          3,
          2
        ]
      ]
    }
  },
  "student": {
    "date": "2021.09.10",
    "student_educated": true,
    "student_grade": "고등_1학년",
    "location": "063",
    "student_grade_group": "고등",
    "student_reading": 1
  },
  "rubric": {
    "essay_grade": "고등_1학년",
    "organization_weight": {
      "org_paragraph": 2,
      "org": 2,
      "org_essay": 4,
      "org_coherence": 2,
      "org_quantity": 1
    },
    "essay_type": "설명글",
    "content_weight": {
      "con_clearance": 4,
      "con_novelty": 3,
      "con": 4,
      "con_prompt": 0,
      "con_description": 1
    },
    "essay_main_subject": "영화/독서감상문",
    "expression_weight": {
      "exp_style": 1,
      "exp_grammar": 2,
      "exp_vocab": 3,
      "exp": 4
    }
  },
  "correction": [],
  "info": {
    "essay_id": "ESSAY_34764",
    "essay_prompt": " 영화에는 로맨스, 액션, 스릴러 등 정말 많은 장르가 있습니다. 사람마다 좋아하는 장르가 있고 절대 보지 않는 장르도 있습니다.\r\n\r\n 독서도 마찬가지입니다. 소설, 수필, 시, 만화, 위인전 등 여러가지 장르가 있습니다.\r\n\r\n 여러분은 어떤 장르를 좋아하나요? 그리고 해당 장르에서 가장 재미있게 봤던 영화나 책은 무엇인가요?\r\n\r\n 자신이 봤던 영화 혹은 책을 한 편 선정하여 주제와 내용 그리고 느낀점을 감상문으로 작성해주세요.",
    "essay_type": "설명글",
    "essay_level": "3",
    "essay_len": 722,
    "essay_main_subject": "영화/독서감상문"
  }
}