{
  "paragraph": [
    {
      "paragraph_txt": "나는 이 책을 학교 수업시간에 수업을 하면서 알게 되었다.#@문장구분#\n처음에는 그냥 수업시간에 하는 내용이라서 읽었지만 수업시간에 이 책을 읽고나서 내 경험과 비슷하다는 점이 많다는 것을 느꼈다.#@문장구분#\n먼저 이 책은 형이 과거 전쟁통에서 김일병이 오관모에게 죽는 것을 막지 못하고 후회하다가 내면에서 괴로워하다가 소설로 자신이 오관모를 죽인다는 이야기를 하고있다.#@문장구분# 하지만 그것은 소설일 뿐 실제 현실에서 관모를 만난 형을 모든것을 깨닫고 다시 현실 일에 집중을 하게된다. #@문장구분#만약 내가 형었다면 관모를 실제로 만나고도 형처럼 모든 것을 까닫고 다시 일을 하는 것이 아니라 또 다른 괴로움에\n시달릴  것같다. #@문장구분#그래서 어떤 면에서는 형의 그런 마음이 부럽기도 하다.#@문장구분# 나는 이런 내용을 보면서 과거에 후회했던 나의 경험을 되돌아 보고 내가 과거에 괴로워했던 경험을 극복할 수 있었던 것 같다.#@문장구분#",
      "paragraph_len": 569,
      "paragraph_id": "001"
    }
  ],
  "score": {
    "paragraph_score": [
      {
        "paragraph_scoreT": [
          2,
          2.3333333,
          2
        ],
        "paragraph_scoreT_detail": {
          "paragraph_scoreT_exp": [
            [
              2,
              2,
              2
            ],
            [
              3,
              2,
              2
            ],
            [
              2,
              2,
              2
            ]
          ]
        },
        "paragraph_scoreT_avg": 2.111111,
        "paragraph_id": "001"
      }
    ],
    "essay_scoreT": [
      17.277779,
      21.11111,
      17.777779
    ],
    "essay_scoreT_avg": 18.722223,
    "essay_scoreT_detail": {
      "essay_scoreT_org": [
        [
          2,
          2,
          2,
          1
        ],
        [
          2,
          2,
          2,
          1
        ],
        [
          2,
          2,
          2,
          1
        ]
      ],
      "essay_scoreT_cont": [
        [
          1,
          2,
          0,
          1
        ],
        [
          2,
          2,
          0,
          2
        ],
        [
          2,
          1,
          0,
          1
        ]
      ],
      "essay_scoreT_exp": [
        [
          2,
          2,
          2
        ],
        [
          3,
          2,
          2
        ],
        [
          2,
          2,
          2
        ]
      ]
    }
  },
  "student": {
    "date": "2021.09.10",
    "student_educated": true,
    "student_grade": "고등_1학년",
    "location": "063",
    "student_grade_group": "고등",
    "student_reading": 1
  },
  "rubric": {
    "essay_grade": "고등_1학년",
    "organization_weight": {
      "org_paragraph": 2,
      "org": 2,
      "org_essay": 4,
      "org_coherence": 2,
      "org_quantity": 1
    },
    "essay_type": "설명글",
    "content_weight": {
      "con_clearance": 4,
      "con_novelty": 3,
      "con": 4,
      "con_prompt": 0,
      "con_description": 1
    },
    "essay_main_subject": "영화/독서감상문",
    "expression_weight": {
      "exp_style": 1,
      "exp_grammar": 2,
      "exp_vocab": 3,
      "exp": 4
    }
  },
  "correction": [],
  "info": {
    "essay_id": "ESSAY_34274",
    "essay_prompt": " 영화에는 로맨스, 액션, 스릴러 등 정말 많은 장르가 있습니다. 사람마다 좋아하는 장르가 있고 절대 보지 않는 장르도 있습니다.\r\n\r\n 독서도 마찬가지입니다. 소설, 수필, 시, 만화, 위인전 등 여러가지 장르가 있습니다.\r\n\r\n 여러분은 어떤 장르를 좋아하나요? 그리고 해당 장르에서 가장 재미있게 봤던 영화나 책은 무엇인가요?\r\n\r\n 자신이 봤던 영화 혹은 책을 한 편 선정하여 주제와 내용 그리고 느낀점을 감상문으로 작성해주세요.",
    "essay_type": "설명글",
    "essay_level": "3",
    "essay_len": 430,
    "essay_main_subject": "영화/독서감상문"
  }
}