{
  "paragraph": [
    {
      "paragraph_txt": "이생규장전이라는 책은 교과서에 실린 작품이여서 교과서로 처음 접했던 작품이다.#@문장구분# 한때 나도 뜨거운 사랑을 했었던 사람으로써 이생의 사랑이야기가 마음깊숙한 곳까지 큰 울림을 주었다. #@문장구분#이생규장전의 줄거리부터 소개하자면, 송도에 사는 이생이라는 총각이 학당에 다니다가 노변에 있는 양반집의 딸인 최씨녀를 알게 되어 밤마다 그 집 담을 넘어 다니며 밀연을 계속하였다.#@문장구분# 아들의 행실을 눈치챈 이생의 부모가 이생을 울산의 농장으로 보냈다.#@문장구분# 둘은 서로 만나지 못해 애태우다가 최씨녀의 굳은 의지와 노력으로 양가부모의 허락을 구하여 혼인식을 올렸다. #@문장구분#이생이 과거에 급제함으로써 행복이 절정해 달하였을때, 홍건적의 난으로 양가 가족이 모두 죽고 최씨녀 또한 절개를 지키다 끔찍하게 살해당한다.#@문장구분# 이생만 혼자 살아남아 슬픔에 잠겨있을때 최씨녀가 그 앞에 나타났다.#@문장구분# 이생은 그가 이미 죽은여자인줄 알면서도 열렬히 사랑하는 나머지 반갑게 맞아 수년간을 행복하게 함께 살았다.#@문장구분# 그러나 행복도 잠시 최씨녀는 이승의 인연이 끝났다며 저승으로 다시 돌아가게 되었고, 이생은 최씨녀의 뼈를 찾아 묻어준 뒤에 하루같이 그리워하다가 병을 얻어 죽게된다.#@문장구분# 이생규장전을 읽고 난 후 자유연애 사상이 많이 퍼지지 않은 상황에서 이런소설들로 사람들의 마음을 사로잡고 흥미진진한 내용과 스토리로 책을 잘 구성한것 같다는 생각이 들었다.#@문장구분#",
      "paragraph_len": 865,
      "paragraph_id": "001"
    }
  ],
  "score": {
    "paragraph_score": [
      {
        "paragraph_scoreT": [
          3,
          3,
          2
        ],
        "paragraph_scoreT_detail": {
          "paragraph_scoreT_exp": [
            [
              3,
              3,
              3
            ],
            [
              3,
              3,
              3
            ],
            [
              2,
              2,
              2
            ]
          ]
        },
        "paragraph_scoreT_avg": 2.6666667,
        "paragraph_id": "001"
      }
    ],
    "essay_scoreT": [
      28.277779,
      27.777779,
      19.5
    ],
    "essay_scoreT_avg": 25.185186,
    "essay_scoreT_detail": {
      "essay_scoreT_org": [
        [
          3,
          3,
          3,
          2
        ],
        [
          3,
          3,
          3,
          2
        ],
        [
          2,
          2,
          2,
          2
        ]
      ],
      "essay_scoreT_cont": [
        [
          3,
          2,
          0,
          3
        ],
        [
          3,
          2,
          0,
          2
        ],
        [
          2,
          2,
          0,
          1
        ]
      ],
      "essay_scoreT_exp": [
        [
          3,
          3,
          3
        ],
        [
          3,
          3,
          3
        ],
        [
          2,
          2,
          2
        ]
      ]
    }
  },
  "student": {
    "date": "2021.09.13",
    "student_educated": true,
    "student_grade": "고등_1학년",
    "location": "063",
    "student_grade_group": "고등",
    "student_reading": 2
  },
  "rubric": {
    "essay_grade": "고등_1학년",
    "organization_weight": {
      "org_paragraph": 2,
      "org": 2,
      "org_essay": 4,
      "org_coherence": 2,
      "org_quantity": 1
    },
    "essay_type": "설명글",
    "content_weight": {
      "con_clearance": 4,
      "con_novelty": 3,
      "con": 4,
      "con_prompt": 0,
      "con_description": 1
    },
    "essay_main_subject": "영화/독서감상문",
    "expression_weight": {
      "exp_style": 1,
      "exp_grammar": 2,
      "exp_vocab": 3,
      "exp": 4
    }
  },
  "correction": [],
  "info": {
    "essay_id": "ESSAY_34445",
    "essay_prompt": " 영화에는 로맨스, 액션, 스릴러 등 정말 많은 장르가 있습니다. 사람마다 좋아하는 장르가 있고 절대 보지 않는 장르도 있습니다.\r\n\r\n 독서도 마찬가지입니다. 소설, 수필, 시, 만화, 위인전 등 여러가지 장르가 있습니다.\r\n\r\n 여러분은 어떤 장르를 좋아하나요? 그리고 해당 장르에서 가장 재미있게 봤던 영화나 책은 무엇인가요?\r\n\r\n 자신이 봤던 영화 혹은 책을 한 편 선정하여 주제와 내용 그리고 느낀점을 감상문으로 작성해주세요.",
    "essay_type": "설명글",
    "essay_level": "3",
    "essay_len": 665,
    "essay_main_subject": "영화/독서감상문"
  }
}