{
  "paragraph": [
    {
      "paragraph_txt": "이책은 고전속의 사건들을 분석하여 법적으로 옳고 그름을 따져 놓은 책이다.#@문장구분# 고전 작품들은 그저 재미로만 읽고 한번도 절대악이 아닌 이상 인물의 행동을 옳고 그르다라고 생각한 적이 없었기에 이책의 주제가 정말 신박하고 흥미롭게 다가왔다.#@문장구분# 나는 다양한 작품들 중 낭만적인 고전 작품들의 낭만을 깨는 법에 대해 알아보았다.#@문장구분#<br/><br/> '이생규장전'은 남녀간의 죽음을 초월한 사랑을 다룬 아름답고 낭만 넘치는 작품이다.#@문장구분# 사건의 발단은 이생이 최여인의 모습을 담을 통해 엿보아 그 아름다움에 빠져 담을 넘어 사랑을 나누는 것으로 시작한다.#@문장구분# 나는 그저 이 우연적인 만남이 아름답다고만 생각했다.#@문장구분# 그러나 이책은 이생의 행동을 비밀침해죄와 주거침입죄를 적용하여 죄의 유무를 판결했다.#@문장구분# 비밀침해죄는 다른 사람의 비밀 문서를 몰래 열어 볼 때 해당하는 죄이므로 이생의 행동은 비밀침해죄가 아니고, 최 여인과 그 가족이 사는 집에 최 여인의 허락만을 받고 담을 넘어 집에 들어간 것은 주거침입죄의 소지가 있으나 서로 사랑하는 연인 사이라고 봤을 때 이는 법에 어긋나는 행동으로 볼 수 없기에 형법 제20조의 정장행위로 본다고 한다.#@문장구분# 다행히도 이생과 최 여인의 만남에 대한 낭만은 무죄로 판결되어 깨지지 않은 것이다.#@문장구분#<br/><br/> 다음으로 '왕자 호동'이라는 작품이다.#@문장구분# 이 작품에서 고구려의 호동 왕자와 낙랑 공주의 애절한 사랑이야기가 나온다.#@문장구분# 낙랑 공주가 호동 왕자와 결혼을 위해 사랑을 택하여 적이 올 때 울리는 북인 자명고를 찢은 이야기는 누구나 들어보았을 것이다.#@문장구분# 이 낭만적인 이야기를 또 이 책은 법적으로 분석했다.#@문장구분# 구체적으로 여적죄와 공용물파괴지를 적용하였다.#@문장구분# 놀랍게도 법에 근거한 판결은 낙랑 공주의 행동으로 본국인 낙랑국이 큰 위기에 빠져, 이 죄목으로 형법 제93조 및 제141조에 근거하여 낙랑 공주는 법정 최고형인 사형이라는 것이다.#@문장구분# 국가마저 저버린 사랑의 힘을 느낀 작품이었는데 그 낭만의 행위는 사형이라니...#@문장구분#인상적이었다.#@문장구분# 모든 사사로운 감정을 배제하면 명백하게 적국을 도와 자국을 배신한 여적죄에 해당하기에 법조인으로서의 자세와 자질에 대해서도 생각을 해볼 수 있었다.#@문장구분#<br/>",
      "paragraph_len": 1450,
      "paragraph_id": "001"
    }
  ],
  "score": {
    "paragraph_score": [
      {
        "paragraph_scoreT": [
          2.5,
          3,
          2
        ],
        "paragraph_scoreT_detail": {
          "paragraph_scoreT_exp": [
            [
              2,
              3,
              2
            ],
            [
              3,
              3,
              3
            ],
            [
              2,
              2,
              2
            ]
          ]
        },
        "paragraph_scoreT_avg": 2.5,
        "paragraph_id": "001"
      }
    ],
    "essay_scoreT": [
      26.055555,
      28.5,
      22.222221
    ],
    "essay_scoreT_avg": 25.592592,
    "essay_scoreT_detail": {
      "essay_scoreT_org": [
        [
          3,
          3,
          2,
          3
        ],
        [
          3,
          3,
          3,
          3
        ],
        [
          2,
          2,
          2,
          3
        ]
      ],
      "essay_scoreT_cont": [
        [
          3,
          2,
          0,
          3
        ],
        [
          3,
          2,
          0,
          3
        ],
        [
          3,
          2,
          0,
          2
        ]
      ],
      "essay_scoreT_exp": [
        [
          2,
          3,
          2
        ],
        [
          3,
          3,
          3
        ],
        [
          2,
          2,
          2
        ]
      ]
    }
  },
  "student": {
    "date": "2021.09.10",
    "student_educated": true,
    "student_grade": "고등_1학년",
    "location": "063",
    "student_grade_group": "고등",
    "student_reading": 1
  },
  "rubric": {
    "essay_grade": "고등_1학년",
    "organization_weight": {
      "org_paragraph": 2,
      "org": 2,
      "org_essay": 4,
      "org_coherence": 2,
      "org_quantity": 1
    },
    "essay_type": "설명글",
    "content_weight": {
      "con_clearance": 4,
      "con_novelty": 3,
      "con": 4,
      "con_prompt": 0,
      "con_description": 1
    },
    "essay_main_subject": "영화/독서감상문",
    "expression_weight": {
      "exp_style": 1,
      "exp_grammar": 2,
      "exp_vocab": 3,
      "exp": 4
    }
  },
  "correction": [],
  "info": {
    "essay_id": "ESSAY_34720",
    "essay_prompt": " 영화에는 로맨스, 액션, 스릴러 등 정말 많은 장르가 있습니다. 사람마다 좋아하는 장르가 있고 절대 보지 않는 장르도 있습니다.\r\n\r\n 독서도 마찬가지입니다. 소설, 수필, 시, 만화, 위인전 등 여러가지 장르가 있습니다.\r\n\r\n 여러분은 어떤 장르를 좋아하나요? 그리고 해당 장르에서 가장 재미있게 봤던 영화나 책은 무엇인가요?\r\n\r\n 자신이 봤던 영화 혹은 책을 한 편 선정하여 주제와 내용 그리고 느낀점을 감상문으로 작성해주세요.",
    "essay_type": "설명글",
    "essay_level": "3",
    "essay_len": 1040,
    "essay_main_subject": "영화/독서감상문"
  }
}