{
  "paragraph": [
    {
      "paragraph_txt": "학교에서 과제를 하기 위해 영어 원서를 읽게 되었다.#@문장구분# 이 책의 제목은 'A Tiger at the Door'이다.#@문장구분# 이 이야기는 인도의 어느 숲속에 살고 있는 Anju와 그의 동생 Sanjay의 이야기이다.#@문장구분# 아빠는 돈을 벌기 위해 도시로 가게 되고 엄마는 이웃이 아프다는 소식을 듣고 돕기위해 집을 나서게 된다.#@문장구분# 엄마는 집을 나서면서 Anju와 Sanjay에게 절대 집에 누구도 들이지 말고 모르는 사람의 말을 믿지 말라고 신신당부를 하고 길을 나선다.#@문장구분# 아이들은 집에서 엄마의 말을 생각하며 조용히 지낸다.#@문장구분# 그런 상황을 지켜보던 avinashi라는 호랑이가 이번 기회에 아이들을 다 잡아먹기로 결심한다.#@문장구분# 호랑이는 집으로 들어가기 위해 집 밖에 널려있던 천을 몸에 두르고 문을 두드린다.#@문장구분# 아이들은 처음엔 열어주지 않았지만 호랑이는 엄마의 천을 보여주며 자신이 엄마의 친구이며 선물 받은 천이라고 하자 이 말을 들은 아이들은 문을 열어주게 된다.#@문장구분# 호랑이는 집을 들어가자 마자 눈이 부시다며 어두운 곳으로 갔고 아이들에게 정체를 들키지 않을 수 있었다.#@문장구분# 그러나 Anju가 천 뒤로 보이는 호랑이 꼬리를 보게 되고 자신이 호랑이를 집에 들였다는 사실을 알게 된다.#@문장구분# 그래서 Anju와 Sanjay는 호랑이에게 요리를 해주는 척하며 고추를 잔뜩 넣은 요리를 준다.#@문장구분# 이 음식을 먹은 호랑이는 매운것을 참지 못해 집 밖으로 뛰쳐나갔고 아이들은 위기를 모면할수 있었다.#@문장구분# 이 책은 우리에게 아이의 시선에서 혼자 집에 있으면서 겪은 위험한 상황을 보여주며 긴장감을 조성하지만 아이들이 엄마의 말을 잘 기억하며 이를 실천에 옮기는 모습을 보며 아이들에게 기특함과 대견스러움을 느낄 수 있었다.#@문장구분# 이 책에 나온 호랑이처럼 세상에는 수많은 영악하고 간사하고 무서운 사람들이 많다.#@문장구분# 우리는 이런 사람들에게 잘 대처하고 피할수 있어야 한다.#@문장구분# 그러기 위해선 항상 신중하게 생각하고 판단하여 매 상황을 잘 대처해 나가야 한다.#@문장구분# 오랜만에 동화를 읽어 옛날 어릴적의 생각이 나기도 했고 또 영어로 된 책을 읽었기에 색다른 재미도 있었던 것 같다.#@문장구분#",
      "paragraph_len": 1371,
      "paragraph_id": "001"
    }
  ],
  "score": {
    "paragraph_score": [
      {
        "paragraph_scoreT": [
          1.8333334,
          1.8333334,
          2
        ],
        "paragraph_scoreT_detail": {
          "paragraph_scoreT_exp": [
            [
              2,
              2,
              1
            ],
            [
              2,
              2,
              1
            ],
            [
              2,
              2,
              2
            ]
          ]
        },
        "paragraph_scoreT_avg": 1.888889,
        "paragraph_id": "001"
      }
    ],
    "essay_scoreT": [
      18.055555,
      17.61111,
      22.222221
    ],
    "essay_scoreT_avg": 19.296295,
    "essay_scoreT_detail": {
      "essay_scoreT_org": [
        [
          2,
          2,
          2,
          3
        ],
        [
          2,
          2,
          2,
          1
        ],
        [
          2,
          2,
          2,
          3
        ]
      ],
      "essay_scoreT_cont": [
        [
          2,
          1,
          0,
          2
        ],
        [
          2,
          1,
          0,
          2
        ],
        [
          3,
          2,
          0,
          2
        ]
      ],
      "essay_scoreT_exp": [
        [
          2,
          2,
          1
        ],
        [
          2,
          2,
          1
        ],
        [
          2,
          2,
          2
        ]
      ]
    }
  },
  "student": {
    "date": "2021.09.13",
    "student_educated": true,
    "student_grade": "고등_1학년",
    "location": "063",
    "student_grade_group": "고등",
    "student_reading": 1
  },
  "rubric": {
    "essay_grade": "고등_1학년",
    "organization_weight": {
      "org_paragraph": 2,
      "org": 2,
      "org_essay": 4,
      "org_coherence": 2,
      "org_quantity": 1
    },
    "essay_type": "설명글",
    "content_weight": {
      "con_clearance": 4,
      "con_novelty": 3,
      "con": 4,
      "con_prompt": 0,
      "con_description": 1
    },
    "essay_main_subject": "영화/독서감상문",
    "expression_weight": {
      "exp_style": 1,
      "exp_grammar": 2,
      "exp_vocab": 3,
      "exp": 4
    }
  },
  "correction": [],
  "info": {
    "essay_id": "ESSAY_34740",
    "essay_prompt": " 영화에는 로맨스, 액션, 스릴러 등 정말 많은 장르가 있습니다. 사람마다 좋아하는 장르가 있고 절대 보지 않는 장르도 있습니다.\r\n\r\n 독서도 마찬가지입니다. 소설, 수필, 시, 만화, 위인전 등 여러가지 장르가 있습니다.\r\n\r\n 여러분은 어떤 장르를 좋아하나요? 그리고 해당 장르에서 가장 재미있게 봤던 영화나 책은 무엇인가요?\r\n\r\n 자신이 봤던 영화 혹은 책을 한 편 선정하여 주제와 내용 그리고 느낀점을 감상문으로 작성해주세요.",
    "essay_type": "설명글",
    "essay_level": "3",
    "essay_len": 1011,
    "essay_main_subject": "영화/독서감상문"
  }
}