{
  "paragraph": [
    {
      "paragraph_txt": "이 책은 전복과 바다의 대화를 중심으로 전개되는 동화이다.#@문장구분# 전복은 자신의 모습이 아름답지 않은 회색 껍질이라는 것에 불만을 가지고 자신감을 잃은 상태이고, 바다는 이를 위로해주는 역할이다.#@문장구분# 전복은 지나가던 게나 생선을 보고 자신을 계속해서 질책하는 모습을 보여준다. #@문장구분#물론 이 책은 동화이지만 한편으로는 자신의 모습에 만족하지 못하며 계속해서 미를 추구하는 사람들을 비판하는 것처럼보이기도 했다.#@문장구분# 이야기의 결말은 바다가 자그마한 수법을 써서 전복껍질의 안쪽이 무지개색으로 빛나게 하여 전복이 만족할 수 있게도와주는데 이를 보고 많은 생각이 들었다.#@문장구분# 전복은 눈앞에 보이는 아름다운 모습만 추구하는 모습을 보이며 끝까지 자신만 볼 수 있는속껍질을 봄으로써 만족하는 결말인것 같기도 하고, 자신의 내면의 아름다움을 중시하라는 교훈을 주는 것 같기도 하다. #@문장구분#물론 책의 결말은 전복껍데기를 줍는 아이들로 끝나기는 하지만, 이 책이 주려고 한 교훈은 후자인 내면의 아름다움을 중시하라는 것 같다.#@문장구분# 만약어릴 때 보았다면 그저 잘됬네, 하고 넘어갈 이야기이지만 지금 여러 관점에서 동화를 바라보니 다양한 의미전달이 가능한 것 같다.#@문장구분#",
      "paragraph_len": 728,
      "paragraph_id": "001"
    }
  ],
  "score": {
    "paragraph_score": [
      {
        "paragraph_scoreT": [
          3,
          3,
          2.1666667
        ],
        "paragraph_scoreT_detail": {
          "paragraph_scoreT_exp": [
            [
              3,
              3,
              3
            ],
            [
              3,
              3,
              3
            ],
            [
              3,
              2,
              1
            ]
          ]
        },
        "paragraph_scoreT_avg": 2.7222223,
        "paragraph_id": "001"
      }
    ],
    "essay_scoreT": [
      30,
      27.722221,
      16.277779
    ],
    "essay_scoreT_avg": 24.666666,
    "essay_scoreT_detail": {
      "essay_scoreT_org": [
        [
          3,
          3,
          3,
          3
        ],
        [
          2,
          3,
          3,
          2
        ],
        [
          1,
          2,
          2,
          2
        ]
      ],
      "essay_scoreT_cont": [
        [
          3,
          3,
          0,
          3
        ],
        [
          3,
          3,
          0,
          2
        ],
        [
          1,
          1,
          0,
          2
        ]
      ],
      "essay_scoreT_exp": [
        [
          3,
          3,
          3
        ],
        [
          3,
          3,
          2
        ],
        [
          3,
          2,
          1
        ]
      ]
    }
  },
  "student": {
    "date": "2021.09.13",
    "student_educated": true,
    "student_grade": "고등_1학년",
    "location": "063",
    "student_grade_group": "고등",
    "student_reading": 1
  },
  "rubric": {
    "essay_grade": "고등_1학년",
    "organization_weight": {
      "org_paragraph": 2,
      "org": 2,
      "org_essay": 4,
      "org_coherence": 2,
      "org_quantity": 1
    },
    "essay_type": "설명글",
    "content_weight": {
      "con_clearance": 4,
      "con_novelty": 3,
      "con": 4,
      "con_prompt": 0,
      "con_description": 1
    },
    "essay_main_subject": "영화/독서감상문",
    "expression_weight": {
      "exp_style": 1,
      "exp_grammar": 2,
      "exp_vocab": 3,
      "exp": 4
    }
  },
  "correction": [],
  "info": {
    "essay_id": "ESSAY_34467",
    "essay_prompt": " 영화에는 로맨스, 액션, 스릴러 등 정말 많은 장르가 있습니다. 사람마다 좋아하는 장르가 있고 절대 보지 않는 장르도 있습니다.\r\n\r\n 독서도 마찬가지입니다. 소설, 수필, 시, 만화, 위인전 등 여러가지 장르가 있습니다.\r\n\r\n 여러분은 어떤 장르를 좋아하나요? 그리고 해당 장르에서 가장 재미있게 봤던 영화나 책은 무엇인가요?\r\n\r\n 자신이 봤던 영화 혹은 책을 한 편 선정하여 주제와 내용 그리고 느낀점을 감상문으로 작성해주세요.",
    "essay_type": "설명글",
    "essay_level": "3",
    "essay_len": 568,
    "essay_main_subject": "영화/독서감상문"
  }
}