{
  "paragraph": [
    {
      "paragraph_txt": "이 책은 학교 고전읽기 시간에 읽었던 책이다.#@문장구분# 페스트라는 책을 읽어 보면 지금 우리의 상황과 많이 닮음을 느낄 수 있다.#@문장구분# 현재의 코로나19를 생각하면서 읽으니 현실과 가까워서 그런지 더욱 몰입이 잘되었던 것 같다.#@문장구분# 이 책에서는 페스트라는 전염병이 퍼지게 된다.#@문장구분# 사람들은 혼란에 빠지게 된다.#@문장구분# 의사인 리외는 이런 전염병을 해결하기 위해서 여러가지 방법을 시도해본다.#@문장구분# 그러나 리외와 달리 암거래로 자신의 이득만을 위하는 코타르같은 사람도 있었다.#@문장구분# 겨울이 되자 페스트는 점점 해결되었다.#@문장구분# 그런 상황에서 리외는 언젠가 또 이런사태가 벌어질지 모른다며 미래를 생각했지만 코타르는 돈을 벌지 못한다는 이유로 사람들에게 총을 쏘다가 체포되었다.#@문장구분# 이런 상황에서 알 수있듯이 지금과 같은 코로나시대에 우리는 자신의 이익만을 위해서 움직이지 말고 어서 빨리 문제가 해결될 수있도록 모두 협력하여서 사건을 해결해야 한다.#@문장구분#",
      "paragraph_len": 648,
      "paragraph_id": "001"
    }
  ],
  "score": {
    "paragraph_score": [
      {
        "paragraph_scoreT": [
          3,
          2.8333333,
          1.8333334
        ],
        "paragraph_scoreT_detail": {
          "paragraph_scoreT_exp": [
            [
              3,
              3,
              3
            ],
            [
              3,
              3,
              2
            ],
            [
              2,
              2,
              1
            ]
          ]
        },
        "paragraph_scoreT_avg": 2.5555556,
        "paragraph_id": "001"
      }
    ],
    "essay_scoreT": [
      30,
      24,
      17.61111
    ],
    "essay_scoreT_avg": 23.87037,
    "essay_scoreT_detail": {
      "essay_scoreT_org": [
        [
          3,
          3,
          3,
          3
        ],
        [
          2,
          3,
          3,
          1
        ],
        [
          2,
          2,
          2,
          1
        ]
      ],
      "essay_scoreT_cont": [
        [
          3,
          3,
          0,
          3
        ],
        [
          2,
          2,
          0,
          2
        ],
        [
          2,
          1,
          0,
          2
        ]
      ],
      "essay_scoreT_exp": [
        [
          3,
          3,
          3
        ],
        [
          3,
          3,
          2
        ],
        [
          2,
          2,
          1
        ]
      ]
    }
  },
  "student": {
    "date": "2021.09.10",
    "student_educated": true,
    "student_grade": "고등_1학년",
    "location": "063",
    "student_grade_group": "고등",
    "student_reading": 1
  },
  "rubric": {
    "essay_grade": "고등_1학년",
    "organization_weight": {
      "org_paragraph": 2,
      "org": 2,
      "org_essay": 4,
      "org_coherence": 2,
      "org_quantity": 1
    },
    "essay_type": "설명글",
    "content_weight": {
      "con_clearance": 4,
      "con_novelty": 3,
      "con": 4,
      "con_prompt": 0,
      "con_description": 1
    },
    "essay_main_subject": "영화/독서감상문",
    "expression_weight": {
      "exp_style": 1,
      "exp_grammar": 2,
      "exp_vocab": 3,
      "exp": 4
    }
  },
  "correction": [],
  "info": {
    "essay_id": "ESSAY_34183",
    "essay_prompt": " 영화에는 로맨스, 액션, 스릴러 등 정말 많은 장르가 있습니다. 사람마다 좋아하는 장르가 있고 절대 보지 않는 장르도 있습니다.\r\n\r\n 독서도 마찬가지입니다. 소설, 수필, 시, 만화, 위인전 등 여러가지 장르가 있습니다.\r\n\r\n 여러분은 어떤 장르를 좋아하나요? 그리고 해당 장르에서 가장 재미있게 봤던 영화나 책은 무엇인가요?\r\n\r\n 자신이 봤던 영화 혹은 책을 한 편 선정하여 주제와 내용 그리고 느낀점을 감상문으로 작성해주세요.",
    "essay_type": "설명글",
    "essay_level": "3",
    "essay_len": 449,
    "essay_main_subject": "영화/독서감상문"
  }
}