{
  "paragraph": [
    {
      "paragraph_txt": "자연은 수려한 곡선과 저마다 이유가 있는 요소로 가득 차 있습니다. #@문장구분#우리가 흔히 알고 있는 사그라다 파밀리아 성당이나 구엘 공원도다 자연을 따라한 건축물입니다.#@문장구분# 이 세상에 자연만큼 완벽한 건축물은 없다.#@문장구분# 가우디가 한 말입니다.#@문장구분# 이렇게 우리의 주위에 있는 나뭇가지, 심지어 세포벽까지 자연을 따라한 건축물은 많습니다. #@문장구분#방금처럼 숲을 모방한 사그라다 파밀리아 성당, 인체 구조학적으로 파도를 따라한 구엘 공원에 벤치 그리고 싱가포르의 건축물인 프롬나드는 마치 야자나무를 따라한 건축물입니다.#@문장구분# 우리는 이렇게 많은 건축물을 자연에서 영감을 받아서 만들어 냅니다.#@문장구분# 이 책은 우리가 흔히 볼수있는 자연을 색다르게 보아서 만든 건축물을 많이 소개하고있습니다.#@문장구분# 저는 이책을 자연에 관심이 많은 친구에게 추천을 해주고 싶습니다.#@문장구분# 자연은 우리의 영원한 멘토이자 건축에 있어서는 무조건 없어서는 안되는 선배와도 같은 존재입니다.#@문장구분# 우리는 이책에서 다시 한번 자연에 대한 고마움과 감사함 그리고 자연과 건축물의 상관관계를 다시한번 생각해 보아야합니다.#@문장구분#",
      "paragraph_len": 739,
      "paragraph_id": "001"
    }
  ],
  "score": {
    "paragraph_score": [
      {
        "paragraph_scoreT": [
          2.6666667,
          2,
          1.8333334
        ],
        "paragraph_scoreT_detail": {
          "paragraph_scoreT_exp": [
            [
              2,
              3,
              3
            ],
            [
              2,
              2,
              2
            ],
            [
              2,
              2,
              1
            ]
          ]
        },
        "paragraph_scoreT_avg": 2.1666667,
        "paragraph_id": "001"
      }
    ],
    "essay_scoreT": [
      28.222221,
      24.444445,
      20.833334
    ],
    "essay_scoreT_avg": 24.5,
    "essay_scoreT_detail": {
      "essay_scoreT_org": [
        [
          3,
          3,
          3,
          1
        ],
        [
          2,
          2,
          3,
          2
        ],
        [
          2,
          2,
          2,
          2
        ]
      ],
      "essay_scoreT_cont": [
        [
          3,
          3,
          0,
          3
        ],
        [
          3,
          3,
          0,
          3
        ],
        [
          3,
          2,
          0,
          1
        ]
      ],
      "essay_scoreT_exp": [
        [
          2,
          3,
          3
        ],
        [
          2,
          2,
          2
        ],
        [
          2,
          2,
          1
        ]
      ]
    }
  },
  "student": {
    "date": "2021.09.13",
    "student_educated": true,
    "student_grade": "고등_1학년",
    "location": "063",
    "student_grade_group": "고등",
    "student_reading": 1
  },
  "rubric": {
    "essay_grade": "고등_1학년",
    "organization_weight": {
      "org_paragraph": 2,
      "org": 2,
      "org_essay": 4,
      "org_coherence": 2,
      "org_quantity": 1
    },
    "essay_type": "설명글",
    "content_weight": {
      "con_clearance": 4,
      "con_novelty": 3,
      "con": 4,
      "con_prompt": 0,
      "con_description": 1
    },
    "essay_main_subject": "영화/독서감상문",
    "expression_weight": {
      "exp_style": 1,
      "exp_grammar": 2,
      "exp_vocab": 3,
      "exp": 4
    }
  },
  "correction": [],
  "info": {
    "essay_id": "ESSAY_34575",
    "essay_prompt": " 영화에는 로맨스, 액션, 스릴러 등 정말 많은 장르가 있습니다. 사람마다 좋아하는 장르가 있고 절대 보지 않는 장르도 있습니다.\r\n\r\n 독서도 마찬가지입니다. 소설, 수필, 시, 만화, 위인전 등 여러가지 장르가 있습니다.\r\n\r\n 여러분은 어떤 장르를 좋아하나요? 그리고 해당 장르에서 가장 재미있게 봤던 영화나 책은 무엇인가요?\r\n\r\n 자신이 봤던 영화 혹은 책을 한 편 선정하여 주제와 내용 그리고 느낀점을 감상문으로 작성해주세요.",
    "essay_type": "설명글",
    "essay_level": "3",
    "essay_len": 519,
    "essay_main_subject": "영화/독서감상문"
  }
}