{
  "paragraph": [
    {
      "paragraph_txt": "알암이는 어려서부터 통 집밖에 나가 노는 일이 없었다.#@문장구분# 집 안에서만 자랐고 특별한 놀이도 없고 취미생활도 없는 조용한 아이였다.#@문장구분# 초등학교를 막 들어갔을때도 마찬가지로 특별한 취미는 없었지만 성적은 괜찮은 편이고 나름대로 자기 할 일을 잘 해내고 있었다.#@문장구분# 알암이가 4학년때 어떤 특별 활동 시간에도 관심을 보이지 않던 녀석이 권유를 하지 않았는데도 불구하고 스스로 주산반에 들어간다.#@문장구분# 어느날 알암이는 집 왔다가 주산학원에 가야 하는데 오지 않고 결국 실종 되었다.#@문장구분# 아내의 끈질긴 집념과 노력에도 불구하고 알암이는 두달 스무날째가 되던 날 주산학원 근처의 2층건물 지하실 바닥에서 참혹스러운 시체로 발견됬다.#@문장구분# 엄마는 범인에 대한 증오심, 원한으로 고통스런 삶을 살아간다.#@문장구분# 하지만 김집사는 아내에게 범인을 용서하도록 도와준다.#@문장구분# 진실된 신앙심으로 아내에게 심신의 안정을 취하도록 했고 범인에 대한 원망과 미움을 줄이도록 여러 복잡한 말들을 해왔다.#@문장구분# 그녀는 처음에는 들은채도 하지 않았지만 결국 살해범을 용서하기로 한다.#@문장구분# 그리하여 교도소로 면회를 갔지만 살해범은 너무나도 평온한 자세로 하고 있는 것이었다.#@문장구분# 알암이는 죽인것은 미안하지만 하는님이 나를 용서해줬다는 이유만으로 평온하고 아무런 감정없이 있었 던 것이다.#@문장구분# 엄마는 그날 이후 입을 가맣게 다물어 버리고물 한 모금 제대로 마신 일이 없었다.#@문장구분# 모든 절망감과 배신감으로 휩싸인 아내는 더 이상 견디지 못 하고 제 손으로 약을 마셨다.#@문장구분# 자기를 끝까지 돌본 김집사는 물론 네게마저 유서 한 조각 남기지 않은채 극단적인 선택을 한 것이다.#@문장구분# 벌레이야기는 실제 유괴사건을 다룬다.#@문장구분# 종교에서 말하는 용서라는 행위는 과연 인간에게 어떤 의미인가를 생각하게 해서 그 여운이 길게 남는다.#@문장구분# 아들을 살해한 범인이 감옥에서 신 앞에서 회개하고 용서 받았다고 살해당한 엄마앞에서 선한 표정으로 나타났을때 인간의 본성이 죄인을 결코 용서 할 수 없었지 않나 생각된다.#@문장구분# 자식을 죽인 살인범앞에서 용서가 과연 가능 할까?#@문장구분# 마지막으로 깨달은것이 있다면 사이비는 정말 위험하다...#@문장구분#",
      "paragraph_len": 1405,
      "paragraph_id": "001"
    }
  ],
  "score": {
    "paragraph_score": [
      {
        "paragraph_scoreT": [
          1.8333334,
          3,
          1.8333334
        ],
        "paragraph_scoreT_detail": {
          "paragraph_scoreT_exp": [
            [
              2,
              2,
              1
            ],
            [
              3,
              3,
              3
            ],
            [
              2,
              2,
              1
            ]
          ]
        },
        "paragraph_scoreT_avg": 2.2222223,
        "paragraph_id": "001"
      }
    ],
    "essay_scoreT": [
      15.111111,
      29.11111,
      18.5
    ],
    "essay_scoreT_avg": 20.907408,
    "essay_scoreT_detail": {
      "essay_scoreT_org": [
        [
          2,
          2,
          2,
          1
        ],
        [
          2,
          3,
          3,
          3
        ],
        [
          2,
          2,
          3,
          3
        ]
      ],
      "essay_scoreT_cont": [
        [
          1,
          0,
          0,
          0
        ],
        [
          3,
          3,
          0,
          3
        ],
        [
          2,
          1,
          0,
          2
        ]
      ],
      "essay_scoreT_exp": [
        [
          3,
          2,
          2
        ],
        [
          3,
          3,
          3
        ],
        [
          2,
          2,
          1
        ]
      ]
    }
  },
  "student": {
    "date": "2021.09.13",
    "student_educated": true,
    "student_grade": "고등_1학년",
    "location": "063",
    "student_grade_group": "고등",
    "student_reading": 1
  },
  "rubric": {
    "essay_grade": "고등_1학년",
    "organization_weight": {
      "org_paragraph": 2,
      "org": 2,
      "org_essay": 4,
      "org_coherence": 2,
      "org_quantity": 1
    },
    "essay_type": "설명글",
    "content_weight": {
      "con_clearance": 4,
      "con_novelty": 3,
      "con": 4,
      "con_prompt": 0,
      "con_description": 1
    },
    "essay_main_subject": "영화/독서감상문",
    "expression_weight": {
      "exp_style": 1,
      "exp_grammar": 2,
      "exp_vocab": 3,
      "exp": 4
    }
  },
  "correction": [],
  "info": {
    "essay_id": "ESSAY_34473",
    "essay_prompt": " 영화에는 로맨스, 액션, 스릴러 등 정말 많은 장르가 있습니다. 사람마다 좋아하는 장르가 있고 절대 보지 않는 장르도 있습니다.\r\n\r\n 독서도 마찬가지입니다. 소설, 수필, 시, 만화, 위인전 등 여러가지 장르가 있습니다.\r\n\r\n 여러분은 어떤 장르를 좋아하나요? 그리고 해당 장르에서 가장 재미있게 봤던 영화나 책은 무엇인가요?\r\n\r\n 자신이 봤던 영화 혹은 책을 한 편 선정하여 주제와 내용 그리고 느낀점을 감상문으로 작성해주세요.",
    "essay_type": "설명글",
    "essay_level": "3",
    "essay_len": 1005,
    "essay_main_subject": "영화/독서감상문"
  }
}