{
  "paragraph": [
    {
      "paragraph_txt": "영화 태극기휘날리며를 읽고난후 책으로도 태극기 휘날리며가 있다는 소식을 듣고 바로 책을 구매하여 읽어보았다.#@문장구분# 6.25전쟁의 아픔과 호국영웅들의 희생이 가슴 깊게 새겨지는 내용이였다.#@문장구분# 1950년 서울 종로거리에서 가족의 생계를 책임지는 형 진태는 동생의 대학진학을 위해 구두닦기 일을하며 생활한다.#@문장구분# 그렇게 힘든 생활에서도 그의 약혼녀 영신과의 결혼과 가족들은 화목하였다.#@문장구분# 6월의 어느날한반도에 전쟁이 일어났다는 뉴스가 보도되고 평화롭기만 하던 서울은 사람들의 비명소리 폭발음 싸이렌소리로 가득해진다.#@문장구분# 그리하여 남한으로 피난을 가기로 한 진태는 가족들과 함께 월남하던중 징병을 하는 군인들을 만나 동생과함께 6.25전쟁에 참여하게 된다.#@문장구분# 전쟁터속에서도 동생을 집으로 보내기위해 위험한일에도 자진해서 나가고 각종 작전을 성공으로 이끄는등 맹활약을 하며 무공훈장을 수여받는다.#@문장구분# 하지만 반공청년단과의 다툼때문에 그의동생은 감옥에 수감되고 중공군의 개입으로 퇴각하던중 동생이 있던 감옥이 불에타는것을 목격한후 진태는 이성을 잃고 조국을 배신한다.#@문장구분# 죽은줄만 알았던 동생은 화재의 현장에서 가까스로 살아남았고 형이 북한군의 특수부대 대장이 되었다는 소식을 듣고 형을 회유하러 다시 전쟁터로 나가게 된다.#@문장구분# 동생 진석이 전투도중 진태를 만나서 자신을 못알아보는 형을 바꾸기 위해 울며 자신을 설명하는 모습에 나도모르게 눈물이났고 그런분들의 희생이 없었더라면 우리가 이땅에서 편히 살수없었을 것이라는 생각을 또한번 하게되었다.#@문장구분#",
      "paragraph_len": 931,
      "paragraph_id": "001"
    }
  ],
  "score": {
    "paragraph_score": [
      {
        "paragraph_scoreT": [
          3,
          2.8333333,
          2
        ],
        "paragraph_scoreT_detail": {
          "paragraph_scoreT_exp": [
            [
              3,
              3,
              3
            ],
            [
              3,
              3,
              2
            ],
            [
              2,
              2,
              2
            ]
          ]
        },
        "paragraph_scoreT_avg": 2.611111,
        "paragraph_id": "001"
      }
    ],
    "essay_scoreT": [
      30,
      26.222221,
      22.944445
    ],
    "essay_scoreT_avg": 26.388887,
    "essay_scoreT_detail": {
      "essay_scoreT_org": [
        [
          3,
          3,
          3,
          3
        ],
        [
          2,
          3,
          3,
          2
        ],
        [
          2,
          2,
          3,
          2
        ]
      ],
      "essay_scoreT_cont": [
        [
          3,
          3,
          0,
          3
        ],
        [
          3,
          2,
          0,
          2
        ],
        [
          3,
          2,
          0,
          3
        ]
      ],
      "essay_scoreT_exp": [
        [
          3,
          3,
          3
        ],
        [
          3,
          3,
          2
        ],
        [
          2,
          2,
          2
        ]
      ]
    }
  },
  "student": {
    "date": "2021.09.13",
    "student_educated": true,
    "student_grade": "고등_1학년",
    "location": "063",
    "student_grade_group": "고등",
    "student_reading": 2
  },
  "rubric": {
    "essay_grade": "고등_1학년",
    "organization_weight": {
      "org_paragraph": 2,
      "org": 2,
      "org_essay": 4,
      "org_coherence": 2,
      "org_quantity": 1
    },
    "essay_type": "설명글",
    "content_weight": {
      "con_clearance": 4,
      "con_novelty": 3,
      "con": 4,
      "con_prompt": 0,
      "con_description": 1
    },
    "essay_main_subject": "영화/독서감상문",
    "expression_weight": {
      "exp_style": 1,
      "exp_grammar": 2,
      "exp_vocab": 3,
      "exp": 4
    }
  },
  "correction": [],
  "info": {
    "essay_id": "ESSAY_34324",
    "essay_prompt": " 영화에는 로맨스, 액션, 스릴러 등 정말 많은 장르가 있습니다. 사람마다 좋아하는 장르가 있고 절대 보지 않는 장르도 있습니다.\r\n\r\n 독서도 마찬가지입니다. 소설, 수필, 시, 만화, 위인전 등 여러가지 장르가 있습니다.\r\n\r\n 여러분은 어떤 장르를 좋아하나요? 그리고 해당 장르에서 가장 재미있게 봤던 영화나 책은 무엇인가요?\r\n\r\n 자신이 봤던 영화 혹은 책을 한 편 선정하여 주제와 내용 그리고 느낀점을 감상문으로 작성해주세요.",
    "essay_type": "설명글",
    "essay_level": "3",
    "essay_len": 732,
    "essay_main_subject": "영화/독서감상문"
  }
}