{
  "paragraph": [
    {
      "paragraph_txt": "1984는 전에 읽은 올더스 헉슬리의 \"멋진 신세계\"라는 작품처럼 디스토피아를 그린 작품이다.#@문장구분# 소설 속의 세계는 \"빅 브라더\"라는 통치부가 군림하고 있는 독재 국가이다.#@문장구분# 빅 브라더가 통치하는 소설 속 국가에서는 영국 사람들은 사상 교육을 받으며 국가의 교리에 어긋나는 사상을 가지거나 행동하면 '증발'되었다.#@문장구분# \"전쟁은 평화, 자유는 예속, 무지는 힘\" 이 말은 빅 브라더가 제시하는 이상향이다.#@문장구분# 현대 우리의 가치와 이상과는 거리가 있다.#@문장구분# 통치부가 제시하는 전쟁을 평화라는 말은 시민들의 평화가 아닌 정치부의 평화를 이야기 한다.#@문장구분# 그들은 전쟁은 국민들을 통치 할 명분으로써 이용한다.#@문장구분# 또한 빅 브라더는 텔레스크린이라는 감시 장치와 사상 경찰을 활용하여 사람들을 통제한다.#@문장구분# 오늘날 독재 국가들의 모습이 생각나지 않을 수 없었다.#@문장구분# ",
      "paragraph_len": 586,
      "paragraph_id": "001"
    },
    {
      "paragraph_txt": " 가장 인상 깊었던 장면은 주인공 오브라이언이 고문을 당한 후 육체적으로나 정신적으로나 누더기가 된 모습이다.#@문장구분# 고문의 진정한 무서움에 대해 알 게 되었다.#@문장구분# 단순히 육체적 고통만을 가하는 것이 아니라 한 개인을 빈 껍데기로 만들어버리는 것이 그 무서움이다.#@문장구분# 디 스토피아의 세계관을 드러내는 작품이기에 민주 사회로 나아가기 위해서는 이 작품에서 제시된 사회상을 경계하는 태도가 필요하겠다는 생각도 했다.#@문장구분#",
      "paragraph_len": 303,
      "paragraph_id": "002"
    }
  ],
  "score": {
    "paragraph_score": [
      {
        "paragraph_scoreT": [
          2.6666667,
          2.5,
          2
        ],
        "paragraph_scoreT_detail": {
          "paragraph_scoreT_exp": [
            [
              2,
              3,
              3
            ],
            [
              2,
              3,
              2
            ],
            [
              2,
              2,
              2
            ]
          ]
        },
        "paragraph_scoreT_avg": 2.388889,
        "paragraph_id": "001"
      },
      {
        "paragraph_scoreT": [
          3,
          2.5,
          2
        ],
        "paragraph_scoreT_detail": {
          "paragraph_scoreT_exp": [
            [
              3,
              3,
              3
            ],
            [
              2,
              3,
              2
            ],
            [
              2,
              2,
              2
            ]
          ]
        },
        "paragraph_scoreT_avg": 2.5,
        "paragraph_id": "002"
      }
    ],
    "essay_scoreT": [
      28.444445,
      26.5,
      20
    ],
    "essay_scoreT_avg": 24.981482,
    "essay_scoreT_detail": {
      "essay_scoreT_org": [
        [
          3,
          3,
          3,
          2
        ],
        [
          3,
          3,
          3,
          3
        ],
        [
          2,
          2,
          2,
          2
        ]
      ],
      "essay_scoreT_cont": [
        [
          3,
          3,
          0,
          3
        ],
        [
          3,
          2,
          0,
          3
        ],
        [
          2,
          2,
          0,
          2
        ]
      ],
      "essay_scoreT_exp": [
        [
          2,
          3,
          3
        ],
        [
          2,
          3,
          2
        ],
        [
          2,
          2,
          2
        ]
      ]
    }
  },
  "student": {
    "date": "2021.09.07",
    "student_educated": true,
    "student_grade": "고등_1학년",
    "location": "051",
    "student_grade_group": "고등",
    "student_reading": 2
  },
  "rubric": {
    "essay_grade": "고등_1학년",
    "organization_weight": {
      "org_paragraph": 2,
      "org": 2,
      "org_essay": 4,
      "org_coherence": 2,
      "org_quantity": 1
    },
    "essay_type": "설명글",
    "content_weight": {
      "con_clearance": 4,
      "con_novelty": 3,
      "con": 4,
      "con_prompt": 0,
      "con_description": 1
    },
    "essay_main_subject": "영화/독서감상문",
    "expression_weight": {
      "exp_style": 1,
      "exp_grammar": 2,
      "exp_vocab": 3,
      "exp": 4
    }
  },
  "correction": [],
  "info": {
    "essay_id": "ESSAY_34597",
    "essay_prompt": " 영화에는 로맨스, 액션, 스릴러 등 정말 많은 장르가 있습니다. 사람마다 좋아하는 장르가 있고 절대 보지 않는 장르도 있습니다.\r\n\r\n 독서도 마찬가지입니다. 소설, 수필, 시, 만화, 위인전 등 여러가지 장르가 있습니다.\r\n\r\n 여러분은 어떤 장르를 좋아하나요? 그리고 해당 장르에서 가장 재미있게 봤던 영화나 책은 무엇인가요?\r\n\r\n 자신이 봤던 영화 혹은 책을 한 편 선정하여 주제와 내용 그리고 느낀점을 감상문으로 작성해주세요.",
    "essay_type": "설명글",
    "essay_level": "3",
    "essay_len": 631,
    "essay_main_subject": "영화/독서감상문"
  }
}