{
  "paragraph": [
    {
      "paragraph_txt": "이 책을 읽고 오늘날의 학교의 모습과 과거의 학교가 많이 달랐다는 것을 알게 되었다.#@문장구분#",
      "paragraph_len": 67,
      "paragraph_id": "001"
    },
    {
      "paragraph_txt": "시설부분에서 과거의 학교는 오늘날과 달랐다.#@문장구분# 과거의 학교는 마땅한 냉, 난방시설이 없었고 제대로된 화장실도 없었다.#@문장구분#",
      "paragraph_len": 104,
      "paragraph_id": "002"
    },
    {
      "paragraph_txt": "수업에서도 많은 부분이 달랐다.#@문장구분# 예전의 학교는 연필이나 컴퓨터 대신 분필로 수업을 하였고, 다양한 과목을 배우기 보단 한 과목을깊게 배웠다.#@문장구분#",
      "paragraph_len": 118,
      "paragraph_id": "003"
    },
    {
      "paragraph_txt": "오늘날 컴퓨터를 이용해 온라인클래스로 수업을 하는것을 생각하니 신기했다.#@문장구분#",
      "paragraph_len": 60,
      "paragraph_id": "004"
    },
    {
      "paragraph_txt": "또한 다양한 과목을 공부할 수 있어서 좋았다.#@문장구분# ",
      "paragraph_len": 46,
      "paragraph_id": "005"
    },
    {
      "paragraph_txt": "이 책을 읽고 나니 내가 얼마나 편한 환경에서 학교를 다니고 공부를 하고 있는지를 느낄 수 있었다.#@문장구분#",
      "paragraph_len": 75,
      "paragraph_id": "006"
    },
    {
      "paragraph_txt": "내가 편한 환경에서 학교를 다닐 수 있게 해준 많은 분들의 노고에 대해서 생각해 볼 수 있었다.#@문장구분#",
      "paragraph_len": 73,
      "paragraph_id": "007"
    },
    {
      "paragraph_txt": "학교선생님, 수의 아저씨, 셔틀 기사님 등 많은 분들의 노고가 있기에 내가 편하게 학교를 다닐수 있는 것이다.#@문장구분# ",
      "paragraph_len": 82,
      "paragraph_id": "008"
    },
    {
      "paragraph_txt": "또 학교는 변화해왔고, 변화해갈 것이다.#@문장구분#",
      "paragraph_len": 42,
      "paragraph_id": "009"
    },
    {
      "paragraph_txt": "내가 미래에 교사가 된다면 변화해가는 학교에 맞추어서 좋은 수업을 하는 교사가 되고 싶다.#@문장구분#",
      "paragraph_len": 70,
      "paragraph_id": "010"
    },
    {
      "paragraph_txt": "환경에 뒤쳐지지 않고, 학생들에게 더 질높은 수업을 주는 교사가 되고 싶다.#@문장구분#",
      "paragraph_len": 62,
      "paragraph_id": "011"
    }
  ],
  "score": {
    "paragraph_score": [
      {
        "paragraph_scoreT": [
          0,
          3,
          1.6666666
        ],
        "paragraph_scoreT_detail": {
          "paragraph_scoreT_exp": [
            [
              0,
              0,
              0
            ],
            [
              3,
              3,
              3
            ],
            [
              2,
              2,
              0
            ]
          ]
        },
        "paragraph_scoreT_avg": 1.5555555,
        "paragraph_id": "001"
      },
      {
        "paragraph_scoreT": [
          2,
          3,
          1.8333334
        ],
        "paragraph_scoreT_detail": {
          "paragraph_scoreT_exp": [
            [
              2,
              2,
              2
            ],
            [
              3,
              3,
              3
            ],
            [
              2,
              2,
              1
            ]
          ]
        },
        "paragraph_scoreT_avg": 2.277778,
        "paragraph_id": "002"
      },
      {
        "paragraph_scoreT": [
          2,
          3,
          1.1666666
        ],
        "paragraph_scoreT_detail": {
          "paragraph_scoreT_exp": [
            [
              2,
              2,
              2
            ],
            [
              3,
              3,
              3
            ],
            [
              2,
              1,
              0
            ]
          ]
        },
        "paragraph_scoreT_avg": 2.0555556,
        "paragraph_id": "003"
      },
      {
        "paragraph_scoreT": [
          2,
          3,
          1.1666666
        ],
        "paragraph_scoreT_detail": {
          "paragraph_scoreT_exp": [
            [
              2,
              2,
              2
            ],
            [
              3,
              3,
              3
            ],
            [
              2,
              1,
              0
            ]
          ]
        },
        "paragraph_scoreT_avg": 2.0555556,
        "paragraph_id": "004"
      },
      {
        "paragraph_scoreT": [
          2,
          3,
          0.33333334
        ],
        "paragraph_scoreT_detail": {
          "paragraph_scoreT_exp": [
            [
              2,
              2,
              2
            ],
            [
              3,
              3,
              3
            ],
            [
              1,
              0,
              0
            ]
          ]
        },
        "paragraph_scoreT_avg": 1.7777778,
        "paragraph_id": "005"
      },
      {
        "paragraph_scoreT": [
          2,
          3,
          1.6666666
        ],
        "paragraph_scoreT_detail": {
          "paragraph_scoreT_exp": [
            [
              2,
              2,
              2
            ],
            [
              3,
              3,
              3
            ],
            [
              2,
              2,
              0
            ]
          ]
        },
        "paragraph_scoreT_avg": 2.222222,
        "paragraph_id": "006"
      },
      {
        "paragraph_scoreT": [
          2,
          3,
          1.1666666
        ],
        "paragraph_scoreT_detail": {
          "paragraph_scoreT_exp": [
            [
              2,
              2,
              2
            ],
            [
              3,
              3,
              3
            ],
            [
              2,
              1,
              0
            ]
          ]
        },
        "paragraph_scoreT_avg": 2.0555556,
        "paragraph_id": "007"
      },
      {
        "paragraph_scoreT": [
          2,
          3,
          0.8333333
        ],
        "paragraph_scoreT_detail": {
          "paragraph_scoreT_exp": [
            [
              2,
              2,
              2
            ],
            [
              3,
              3,
              3
            ],
            [
              1,
              1,
              0
            ]
          ]
        },
        "paragraph_scoreT_avg": 1.9444445,
        "paragraph_id": "008"
      },
      {
        "paragraph_scoreT": [
          2,
          3,
          1.1666666
        ],
        "paragraph_scoreT_detail": {
          "paragraph_scoreT_exp": [
            [
              2,
              2,
              2
            ],
            [
              3,
              3,
              3
            ],
            [
              2,
              1,
              0
            ]
          ]
        },
        "paragraph_scoreT_avg": 2.0555556,
        "paragraph_id": "009"
      },
      {
        "paragraph_scoreT": [
          2,
          3,
          1.1666666
        ],
        "paragraph_scoreT_detail": {
          "paragraph_scoreT_exp": [
            [
              2,
              2,
              2
            ],
            [
              3,
              3,
              3
            ],
            [
              2,
              1,
              0
            ]
          ]
        },
        "paragraph_scoreT_avg": 2.0555556,
        "paragraph_id": "010"
      },
      {
        "paragraph_scoreT": [
          2,
          3,
          1.6666666
        ],
        "paragraph_scoreT_detail": {
          "paragraph_scoreT_exp": [
            [
              2,
              2,
              2
            ],
            [
              3,
              3,
              3
            ],
            [
              2,
              2,
              0
            ]
          ]
        },
        "paragraph_scoreT_avg": 2.222222,
        "paragraph_id": "011"
      }
    ],
    "essay_scoreT": [
      18,
      24.222221,
      17.61111
    ],
    "essay_scoreT_avg": 19.944445,
    "essay_scoreT_detail": {
      "essay_scoreT_org": [
        [
          2,
          2,
          2,
          2
        ],
        [
          2,
          2,
          3,
          1
        ],
        [
          2,
          2,
          1,
          3
        ]
      ],
      "essay_scoreT_cont": [
        [
          2,
          1,
          0,
          1
        ],
        [
          2,
          2,
          0,
          2
        ],
        [
          2,
          1,
          0,
          2
        ]
      ],
      "essay_scoreT_exp": [
        [
          2,
          2,
          2
        ],
        [
          3,
          3,
          3
        ],
        [
          2,
          2,
          1
        ]
      ]
    }
  },
  "student": {
    "date": "2021.09.13",
    "student_educated": true,
    "student_grade": "고등_1학년",
    "location": "063",
    "student_grade_group": "고등",
    "student_reading": 1
  },
  "rubric": {
    "essay_grade": "고등_1학년",
    "organization_weight": {
      "org_paragraph": 2,
      "org": 2,
      "org_essay": 4,
      "org_coherence": 2,
      "org_quantity": 1
    },
    "essay_type": "설명글",
    "content_weight": {
      "con_clearance": 4,
      "con_novelty": 3,
      "con": 4,
      "con_prompt": 0,
      "con_description": 1
    },
    "essay_main_subject": "영화/독서감상문",
    "expression_weight": {
      "exp_style": 1,
      "exp_grammar": 2,
      "exp_vocab": 3,
      "exp": 4
    }
  },
  "correction": [],
  "info": {
    "essay_id": "ESSAY_34466",
    "essay_prompt": " 영화에는 로맨스, 액션, 스릴러 등 정말 많은 장르가 있습니다. 사람마다 좋아하는 장르가 있고 절대 보지 않는 장르도 있습니다.\r\n\r\n 독서도 마찬가지입니다. 소설, 수필, 시, 만화, 위인전 등 여러가지 장르가 있습니다.\r\n\r\n 여러분은 어떤 장르를 좋아하나요? 그리고 해당 장르에서 가장 재미있게 봤던 영화나 책은 무엇인가요?\r\n\r\n 자신이 봤던 영화 혹은 책을 한 편 선정하여 주제와 내용 그리고 느낀점을 감상문으로 작성해주세요.",
    "essay_type": "설명글",
    "essay_level": "3",
    "essay_len": 559,
    "essay_main_subject": "영화/독서감상문"
  }
}