{
  "paragraph": [
    {
      "paragraph_txt": "이 책을 일게된 계기는 학교 수업에서 영어 ybm reading farm을  하는데 여러가지 책들 중에 처음으로 재미있어 보이는 표지이길래 선택하여 읽어보았다.#@문장구분#\n이 책의 줄거리로는 사자 호랑이 재규어 레오파드 등 여러가지 고양이과 동물들의 살아가는 방식 어떻게 사냥을 잘 하는지 호랑이가 왜 줄무늬를 가지고 있는지 사자들이 그들의 무리 속에서 어떻게 살아가는지 사자 호랑이 같은 큰 고양이과 동물들은 얼마나 많은 식량을 먹는지 차보다 빠른 치타 그리고 치타와 호랑이의 발을 비교해보기 등의 내용이 적혀져있다.#@문장구분# 이 책을 읽으면서 나도 예전에 어릴때 고양이를 키웠는데 고양이과 동물들이 내가 생각하지 못한 동물들까지 있었다는 것과 수염 결정이 사냥에 도움을 준다라는 것을 새롭게 알게 되었고 유튜브에서 보았던 내용을 책을 통해 다시 알게될 수 있었다.#@문장구분#",
      "paragraph_len": 478,
      "paragraph_id": "001"
    }
  ],
  "score": {
    "paragraph_score": [
      {
        "paragraph_scoreT": [
          2,
          1.8333334,
          1.5
        ],
        "paragraph_scoreT_detail": {
          "paragraph_scoreT_exp": [
            [
              2,
              2,
              2
            ],
            [
              2,
              2,
              1
            ],
            [
              1,
              2,
              1
            ]
          ]
        },
        "paragraph_scoreT_avg": 1.7777778,
        "paragraph_id": "001"
      }
    ],
    "essay_scoreT": [
      18.277779,
      17.11111,
      14.666667
    ],
    "essay_scoreT_avg": 16.685186,
    "essay_scoreT_detail": {
      "essay_scoreT_org": [
        [
          2,
          2,
          2,
          1
        ],
        [
          2,
          2,
          2,
          1
        ],
        [
          1,
          2,
          1,
          2
        ]
      ],
      "essay_scoreT_cont": [
        [
          2,
          1,
          0,
          2
        ],
        [
          2,
          1,
          0,
          1
        ],
        [
          1,
          2,
          0,
          2
        ]
      ],
      "essay_scoreT_exp": [
        [
          2,
          2,
          2
        ],
        [
          2,
          2,
          1
        ],
        [
          1,
          2,
          1
        ]
      ]
    }
  },
  "student": {
    "date": "2021.09.10",
    "student_educated": true,
    "student_grade": "고등_1학년",
    "location": "063",
    "student_grade_group": "고등",
    "student_reading": 1
  },
  "rubric": {
    "essay_grade": "고등_1학년",
    "organization_weight": {
      "org_paragraph": 2,
      "org": 2,
      "org_essay": 4,
      "org_coherence": 2,
      "org_quantity": 1
    },
    "essay_type": "설명글",
    "content_weight": {
      "con_clearance": 4,
      "con_novelty": 3,
      "con": 4,
      "con_prompt": 0,
      "con_description": 1
    },
    "essay_main_subject": "영화/독서감상문",
    "expression_weight": {
      "exp_style": 1,
      "exp_grammar": 2,
      "exp_vocab": 3,
      "exp": 4
    }
  },
  "correction": [],
  "info": {
    "essay_id": "ESSAY_34634",
    "essay_prompt": " 영화에는 로맨스, 액션, 스릴러 등 정말 많은 장르가 있습니다. 사람마다 좋아하는 장르가 있고 절대 보지 않는 장르도 있습니다.\r\n\r\n 독서도 마찬가지입니다. 소설, 수필, 시, 만화, 위인전 등 여러가지 장르가 있습니다.\r\n\r\n 여러분은 어떤 장르를 좋아하나요? 그리고 해당 장르에서 가장 재미있게 봤던 영화나 책은 무엇인가요?\r\n\r\n 자신이 봤던 영화 혹은 책을 한 편 선정하여 주제와 내용 그리고 느낀점을 감상문으로 작성해주세요.",
    "essay_type": "설명글",
    "essay_level": "3",
    "essay_len": 419,
    "essay_main_subject": "영화/독서감상문"
  }
}