{
  "paragraph": [
    {
      "paragraph_txt": "나는 영어독서를 읽는 시간에 이 책을 읽게되었다.#@문장구분# 이 책은 교장선생님과 학생이 운동장을 어떻게 할것인지에 대한 회의를하는 내용 이다.#@문장구분# 내가 이 책을 읽으면서 인상깊게 느낀것은 교장선생님과 학생이 허울없이 학교의 불편한 점에 대해 토의하고 개선하려고 노력 하는것이였다. #@문장구분#교장선생님과 학생의 관계라면 불편할법도한데 학교의 발전을 위해서 학생이 적극적으로 노력하는걸 보며 어제 본 학 생도 교육의 주체가 될수있다는 영상이 떠올랐다.#@문장구분# 옛날에 학생은 교육을 받기만하는 수동적인 존재였지만 현대의 학생들은 자신이 받 을 교육을 결정하고 주체적으로 피드백을 할수있는 능동적인 존재라고 생각된다.#@문장구분# 나도 수동적인 학생이었지만 앞으로 능동적인 학생 으로서 내가 받을 교육을 내가 결정할수있는 교육의 주체가 되고싶다.#@문장구분# 이 책은 학생은 그저 수동적인 존재라고 생각하던 나에게는 놀 라운 책이었다.#@문장구분#",
      "paragraph_len": 573,
      "paragraph_id": "001"
    }
  ],
  "score": {
    "paragraph_score": [
      {
        "paragraph_scoreT": [
          2.3333333,
          2.8333333,
          1.5
        ],
        "paragraph_scoreT_detail": {
          "paragraph_scoreT_exp": [
            [
              1,
              3,
              3
            ],
            [
              3,
              3,
              2
            ],
            [
              1,
              2,
              1
            ]
          ]
        },
        "paragraph_scoreT_avg": 2.222222,
        "paragraph_id": "001"
      }
    ],
    "essay_scoreT": [
      23.555555,
      25.61111,
      15.833333
    ],
    "essay_scoreT_avg": 21.666666,
    "essay_scoreT_detail": {
      "essay_scoreT_org": [
        [
          2,
          2,
          3,
          1
        ],
        [
          3,
          3,
          3,
          2
        ],
        [
          2,
          2,
          1,
          1
        ]
      ],
      "essay_scoreT_cont": [
        [
          2,
          3,
          0,
          3
        ],
        [
          2,
          2,
          0,
          3
        ],
        [
          2,
          1,
          0,
          2
        ]
      ],
      "essay_scoreT_exp": [
        [
          1,
          3,
          3
        ],
        [
          3,
          3,
          2
        ],
        [
          1,
          2,
          1
        ]
      ]
    }
  },
  "student": {
    "date": "2021.09.07",
    "student_educated": true,
    "student_grade": "고등_1학년",
    "location": "063",
    "student_grade_group": "고등",
    "student_reading": 1
  },
  "rubric": {
    "essay_grade": "고등_1학년",
    "organization_weight": {
      "org_paragraph": 2,
      "org": 2,
      "org_essay": 4,
      "org_coherence": 2,
      "org_quantity": 1
    },
    "essay_type": "설명글",
    "content_weight": {
      "con_clearance": 4,
      "con_novelty": 3,
      "con": 4,
      "con_prompt": 0,
      "con_description": 1
    },
    "essay_main_subject": "영화/독서감상문",
    "expression_weight": {
      "exp_style": 1,
      "exp_grammar": 2,
      "exp_vocab": 3,
      "exp": 4
    }
  },
  "correction": [],
  "info": {
    "essay_id": "ESSAY_34498",
    "essay_prompt": " 영화에는 로맨스, 액션, 스릴러 등 정말 많은 장르가 있습니다. 사람마다 좋아하는 장르가 있고 절대 보지 않는 장르도 있습니다.\r\n\r\n 독서도 마찬가지입니다. 소설, 수필, 시, 만화, 위인전 등 여러가지 장르가 있습니다.\r\n\r\n 여러분은 어떤 장르를 좋아하나요? 그리고 해당 장르에서 가장 재미있게 봤던 영화나 책은 무엇인가요?\r\n\r\n 자신이 봤던 영화 혹은 책을 한 편 선정하여 주제와 내용 그리고 느낀점을 감상문으로 작성해주세요.",
    "essay_type": "설명글",
    "essay_level": "3",
    "essay_len": 433,
    "essay_main_subject": "영화/독서감상문"
  }
}