{
  "paragraph": [
    {
      "paragraph_txt": "첫 장을 읽었을때 사람들의 투자결정은 본인 세대의 경험, 특히 성인기 초기의 경험에 크게 좌우된다고 한다. #@문장구분#지능도, 교육도 아닌 것 이었다.#@문장구분# 이 부분에서 놀랐던 점은 순전히 언제, 어디서 태어났느냐 하는 우연에 좌우됬다는 사실이었다.#@문장구분# 나는 이때 에디슨의 명언 \"천재는 99%의 노력과 1%의 영감으로 만들어진다\"에서는 노력은 누구나 할 수 있지만 영감은 단 1%의 선택된 사람만 얻을 수 있는 것처럼 개인의 개별적 노력보다는 주변의 환경이 더욱 중요하다는 말에서 조금 의문점이 들었다.#@문장구분# 아예 무시할 수는 없지만 개인의 노력은 어떻게 치부되는 것인가.#@문장구분# ",
      "paragraph_len": 408,
      "paragraph_id": "001"
    },
    {
      "paragraph_txt": " 성공한 사람과 실패한 사람.#@문장구분# 한 사람은 멋있게 대담했고 나머지는 바보같이 무모했다라고 평가받는다.#@문장구분# 이들의 차이는 종이 한 장차이 일지도 모른다. #@문장구분# 그럼하면 이는 어디까지가 행운이고, 어디까지가 노력과 재주이며, 어디부터가 리스크일꺼라는 생각이 들었다.#@문장구분# 다만 확실한 것은 어떤 결과가 100%노력이나 의사결정으로 이루어진다고 생각해서는 안 된다는 것을 생각했다.#@문장구분# 행운과 리스크 한 끗 차이 라는 것을 되뇌이며 성공한 사건만 보는 것이 아닌 성공한 사건과 실패한 사건의 차이를 비교해보며 성공이 그저 행운에 의한 운좋은 사건이 아닌지를 되뇌어야 되겠다는 것을 다짐했다. #@문장구분#",
      "paragraph_len": 438,
      "paragraph_id": "002"
    }
  ],
  "score": {
    "paragraph_score": [
      {
        "paragraph_scoreT": [
          3,
          2.3333333,
          2.5
        ],
        "paragraph_scoreT_detail": {
          "paragraph_scoreT_exp": [
            [
              3,
              3,
              3
            ],
            [
              3,
              2,
              2
            ],
            [
              2,
              3,
              2
            ]
          ]
        },
        "paragraph_scoreT_avg": 2.611111,
        "paragraph_id": "001"
      },
      {
        "paragraph_scoreT": [
          3,
          2.3333333,
          2.5
        ],
        "paragraph_scoreT_detail": {
          "paragraph_scoreT_exp": [
            [
              3,
              3,
              3
            ],
            [
              3,
              2,
              2
            ],
            [
              2,
              3,
              2
            ]
          ]
        },
        "paragraph_scoreT_avg": 2.611111,
        "paragraph_id": "002"
      }
    ],
    "essay_scoreT": [
      29.777779,
      22.833332,
      24.222221
    ],
    "essay_scoreT_avg": 25.611109,
    "essay_scoreT_detail": {
      "essay_scoreT_org": [
        [
          3,
          3,
          3,
          2
        ],
        [
          2,
          2,
          2,
          2
        ],
        [
          2,
          2,
          3,
          1
        ]
      ],
      "essay_scoreT_cont": [
        [
          3,
          3,
          0,
          3
        ],
        [
          2,
          3,
          0,
          2
        ],
        [
          3,
          2,
          0,
          2
        ]
      ],
      "essay_scoreT_exp": [
        [
          3,
          3,
          3
        ],
        [
          3,
          2,
          2
        ],
        [
          2,
          3,
          2
        ]
      ]
    }
  },
  "student": {
    "date": "2021.09.07",
    "student_educated": true,
    "student_grade": "고등_1학년",
    "location": "051",
    "student_grade_group": "고등",
    "student_reading": 1
  },
  "rubric": {
    "essay_grade": "고등_1학년",
    "organization_weight": {
      "org_paragraph": 2,
      "org": 2,
      "org_essay": 4,
      "org_coherence": 2,
      "org_quantity": 1
    },
    "essay_type": "설명글",
    "content_weight": {
      "con_clearance": 4,
      "con_novelty": 3,
      "con": 4,
      "con_prompt": 0,
      "con_description": 1
    },
    "essay_main_subject": "영화/독서감상문",
    "expression_weight": {
      "exp_style": 1,
      "exp_grammar": 2,
      "exp_vocab": 3,
      "exp": 4
    }
  },
  "correction": [],
  "info": {
    "essay_id": "ESSAY_34209",
    "essay_prompt": " 영화에는 로맨스, 액션, 스릴러 등 정말 많은 장르가 있습니다. 사람마다 좋아하는 장르가 있고 절대 보지 않는 장르도 있습니다.\r\n\r\n 독서도 마찬가지입니다. 소설, 수필, 시, 만화, 위인전 등 여러가지 장르가 있습니다.\r\n\r\n 여러분은 어떤 장르를 좋아하나요? 그리고 해당 장르에서 가장 재미있게 봤던 영화나 책은 무엇인가요?\r\n\r\n 자신이 봤던 영화 혹은 책을 한 편 선정하여 주제와 내용 그리고 느낀점을 감상문으로 작성해주세요.",
    "essay_type": "설명글",
    "essay_level": "3",
    "essay_len": 628,
    "essay_main_subject": "영화/독서감상문"
  }
}