{
  "paragraph": [
    {
      "paragraph_txt": "제가 최근에 본 영화는 미야자키 하야오 감독의 유명한 작품인 센과 치히로의 행방불명 입니다.#@문장구분# 이 영화는 2002년에 개봉하여 엄청난 수익과 시청률을 기록한 것으로 알고 있습니다.#@문장구분#  이사를 가던 날, 수상한 터널을 지나게 되고 신들의 세계에 오게된 치히로네 가족들 거기서 또 신들의 음식을 먹은 치히로의 부모님은 돼지로 변하게 됩니다.#@문장구분# 치히로는 부모님을 구하기 위해 하쿠라는 소년의 도움으로 그 세계에 있는 목욕탕에 취직을 하게 되면서 유바마라는 사장으로 부터 센 이라는 이름을 받게 됩니다.#@문장구분# 센이 된 치히로는 부모님을 보고싶지만 꾹 참으면서 열심히 일을 하던 어느날 창밖에 용이 날아다니는데 그 용이 하쿠인 것을 느낌적인 느낌으로 알게되고 하쿠를 구하려 합니다.#@문장구분# 하쿠는 유바마의 쌍둥이인 제니바의 도장을 유바마의 명령으로 훔쳐 달아나던 중이였고 결국 쓰러지자 치히로가 그 도장을 제니바에게 가져다 주게 됩니다.#@문장구분# 치히로는 무사히 제니바에게 도장을 가져다 주게 되고 하쿠의 잘못을 용서를 받게됩니다.#@문장구분# 그리고 다시 목욕탕으로 돌아가는 길에 하쿠와 함께 가는데 거기서 치히로가 유바마에게 뺏았겼던 하쿠의 이름을 기억해 냅니다.#@문장구분# 무사히 돌아온 치히로에게는 한 가지 시험이 있었습니다.#@문장구분# 바로 돼지로 변한 부모님을 많은 돼지 속에서 찾는것 이였습니다.#@문장구분# 치히로는 무사히 문제를 맞추고 유바마와의 계약이 끝나는 동시에 집으로 돌아갈 수 있었습니다.#@문장구분# 이 영화를 보면서 물론 하쿠와 치히로의 러브라인도 보기좋았지만  이 영화에서 보면 유바마와 계약을 하면서 이름을 뺴앗긴 사람들은 점차 자신의 이름을 잊어가게 되는 그 설정에서 이름이 나 자신을 뜻하는 것 같았다.#@문장구분# 돈만 쫓다 보니 결국 나 자신에게는 신경쓰지 못하고 그마저 내것이였던 나 자신을 결국 남한테 빼앗긴 목욕탕 식구들, 하지만 우리의 주인공 치히로는 멋지게 나 자신을 지켰던 것 같다.#@문장구분#",
      "paragraph_len": 1170,
      "paragraph_id": "001"
    }
  ],
  "score": {
    "paragraph_score": [
      {
        "paragraph_scoreT": [
          3,
          2.8333333,
          2
        ],
        "paragraph_scoreT_detail": {
          "paragraph_scoreT_exp": [
            [
              3,
              3,
              3
            ],
            [
              3,
              3,
              2
            ],
            [
              2,
              2,
              2
            ]
          ]
        },
        "paragraph_scoreT_avg": 2.611111,
        "paragraph_id": "001"
      }
    ],
    "essay_scoreT": [
      30,
      27.61111,
      22.944445
    ],
    "essay_scoreT_avg": 26.851852,
    "essay_scoreT_detail": {
      "essay_scoreT_org": [
        [
          3,
          3,
          3,
          3
        ],
        [
          3,
          3,
          3,
          2
        ],
        [
          2,
          2,
          3,
          2
        ]
      ],
      "essay_scoreT_cont": [
        [
          3,
          3,
          0,
          3
        ],
        [
          3,
          2,
          0,
          3
        ],
        [
          3,
          2,
          0,
          3
        ]
      ],
      "essay_scoreT_exp": [
        [
          3,
          3,
          3
        ],
        [
          3,
          3,
          2
        ],
        [
          2,
          2,
          2
        ]
      ]
    }
  },
  "student": {
    "date": "2021.09.13",
    "student_educated": true,
    "student_grade": "고등_1학년",
    "location": "051",
    "student_grade_group": "고등",
    "student_reading": 1
  },
  "rubric": {
    "essay_grade": "고등_1학년",
    "organization_weight": {
      "org_paragraph": 2,
      "org": 2,
      "org_essay": 4,
      "org_coherence": 2,
      "org_quantity": 1
    },
    "essay_type": "설명글",
    "content_weight": {
      "con_clearance": 4,
      "con_novelty": 3,
      "con": 4,
      "con_prompt": 0,
      "con_description": 1
    },
    "essay_main_subject": "영화/독서감상문",
    "expression_weight": {
      "exp_style": 1,
      "exp_grammar": 2,
      "exp_vocab": 3,
      "exp": 4
    }
  },
  "correction": [],
  "info": {
    "essay_id": "ESSAY_34126",
    "essay_prompt": " 영화에는 로맨스, 액션, 스릴러 등 정말 많은 장르가 있습니다. 사람마다 좋아하는 장르가 있고 절대 보지 않는 장르도 있습니다.\r\n\r\n 독서도 마찬가지입니다. 소설, 수필, 시, 만화, 위인전 등 여러가지 장르가 있습니다.\r\n\r\n 여러분은 어떤 장르를 좋아하나요? 그리고 해당 장르에서 가장 재미있게 봤던 영화나 책은 무엇인가요?\r\n\r\n 자신이 봤던 영화 혹은 책을 한 편 선정하여 주제와 내용 그리고 느낀점을 감상문으로 작성해주세요.",
    "essay_type": "설명글",
    "essay_level": "3",
    "essay_len": 911,
    "essay_main_subject": "영화/독서감상문"
  }
}