{
  "paragraph": [
    {
      "paragraph_txt": "이 작품은 학교에서 읽게 되었다.#@문장구분# \n이 작품은 제목 그대로 떡으로 일어난일이다.#@문장구분# 나오는 인물은 옥이와 옥이의 가족이 나온다.#@문장구분# 일곱 살 된 옥이는 부모가 소작농이었지만 지금은 개똥이네에 빌붙어사는 신세이다.#@문장구분# 옥이의 부친 덕희는 게으르고 일을 하지않고 어머니도 마찬가지로 생계유지를 잘 할수없는 상태다.#@문장구분# 이런 집에서 옥이는 항상 배고프며 살아간다.#@문장구분# 하루는 옥이가 개똥어머니가 지주인 도사댁 생일잔치에 먹을것을 찾으러 따라간다.#@문장구분# 잔칫집에 모여있는 아이들은 옥이를 거부하지만 도사댁 작은아씨는 옥이를 반기고 먹을것을 내어준다.#@문장구분# 옥이가 빠르게 음식을 먹는것을 보자 아씨는 음식을 옥이에게 계속내어준다.#@문장구분# 옥이는 배 가 찼지만 마지막 떡이 있는걸 보고는 꾸역구역 삼킨다. #@문장구분#그렇게 먹고나서 집으로 돌아오다가 모든 음식을 개워내다가 겨우 살아난다.#@문장구분# \n이 작품을 보고 불상한 옥이를 동정하기보다 희화화 하는 주변인들이 잔인하고 비정하다고 느꼈다. #@문장구분#\n일제강점기의 피폐해진 농촌의 새태를 보여준다.#@문장구분# ",
      "paragraph_len": 751,
      "paragraph_id": "001"
    }
  ],
  "score": {
    "paragraph_score": [
      {
        "paragraph_scoreT": [
          2.6666667,
          2,
          1.8333334
        ],
        "paragraph_scoreT_detail": {
          "paragraph_scoreT_exp": [
            [
              2,
              3,
              3
            ],
            [
              2,
              2,
              2
            ],
            [
              2,
              2,
              1
            ]
          ]
        },
        "paragraph_scoreT_avg": 2.1666667,
        "paragraph_id": "001"
      }
    ],
    "essay_scoreT": [
      23.777779,
      20,
      18.61111
    ],
    "essay_scoreT_avg": 20.796297,
    "essay_scoreT_detail": {
      "essay_scoreT_org": [
        [
          3,
          3,
          2,
          1
        ],
        [
          2,
          2,
          2,
          2
        ],
        [
          2,
          2,
          2,
          1
        ]
      ],
      "essay_scoreT_cont": [
        [
          2,
          2,
          0,
          2
        ],
        [
          2,
          2,
          0,
          2
        ],
        [
          2,
          2,
          0,
          1
        ]
      ],
      "essay_scoreT_exp": [
        [
          2,
          3,
          3
        ],
        [
          2,
          2,
          2
        ],
        [
          2,
          2,
          1
        ]
      ]
    }
  },
  "student": {
    "date": "2021.09.07",
    "student_educated": true,
    "student_grade": "고등_1학년",
    "location": "051",
    "student_grade_group": "고등",
    "student_reading": 2
  },
  "rubric": {
    "essay_grade": "고등_1학년",
    "organization_weight": {
      "org_paragraph": 2,
      "org": 2,
      "org_essay": 4,
      "org_coherence": 2,
      "org_quantity": 1
    },
    "essay_type": "설명글",
    "content_weight": {
      "con_clearance": 4,
      "con_novelty": 3,
      "con": 4,
      "con_prompt": 0,
      "con_description": 1
    },
    "essay_main_subject": "영화/독서감상문",
    "expression_weight": {
      "exp_style": 1,
      "exp_grammar": 2,
      "exp_vocab": 3,
      "exp": 4
    }
  },
  "correction": [],
  "info": {
    "essay_id": "ESSAY_34540",
    "essay_prompt": " 영화에는 로맨스, 액션, 스릴러 등 정말 많은 장르가 있습니다. 사람마다 좋아하는 장르가 있고 절대 보지 않는 장르도 있습니다.\r\n\r\n 독서도 마찬가지입니다. 소설, 수필, 시, 만화, 위인전 등 여러가지 장르가 있습니다.\r\n\r\n 여러분은 어떤 장르를 좋아하나요? 그리고 해당 장르에서 가장 재미있게 봤던 영화나 책은 무엇인가요?\r\n\r\n 자신이 봤던 영화 혹은 책을 한 편 선정하여 주제와 내용 그리고 느낀점을 감상문으로 작성해주세요.",
    "essay_type": "설명글",
    "essay_level": "3",
    "essay_len": 491,
    "essay_main_subject": "영화/독서감상문"
  }
}