{
  "paragraph": [
    {
      "paragraph_txt": "이 책은 뼈에 대해 관심이 많았던 한 과학자의 얘기를 담고 있다.#@문장구분# 그의 이름은 윌리엄 버클랜드로, 어린 시절 부터 생물에 대해 관심과 호기심이 엄청났다고 한다.#@문장구분# 책을 읽으면서 이 사람이 약간 괴짜같다는 느낌을 조금 받았었는데 바로 그 이유가 이 과학자가 호기심이 너무나도 강해 세상 모든 것을 맛을 볼려고 했다는 것이다.#@문장구분# 무려 날아가는 파리까지 맛을 봤다고 하니, 나로써는 이해가 안가고 상상또한 가지 않았다.#@문장구분# 그래도 이 사람은 언젠가부터 뼈에 대해 관심을 가지게 됬는데, 당시 사람들은 거대한 이 뼈들은 괴물의 뼈라고 생각을 했다.#@문장구분# 하지만 윌리엄은 달랐다.#@문장구분# 분명히 어떤 다른 동물일 것이라고 생각한 그는 넓적다리 부터 발톱 뼈를 모두 샅샅히 연구하였고, 이를 거대한 도마뱀이라는 뜻으로 사우르스 라고 이름을 붙였고, 이 것이 가장 처음 밝혀진 공룡이다.#@문장구분# 엄청난 호기심에서 이러한발견을 이루어냈다니, 대단하다는 생각이 들었다.#@문장구분# 나도 앞으로 어떠한 것에 쉽게 포기하지 않고 끈기있게 파고드는 태도를 지니도록 노력해야겠다고 다짐하였다.#@문장구분#",
      "paragraph_len": 701,
      "paragraph_id": "001"
    }
  ],
  "score": {
    "paragraph_score": [
      {
        "paragraph_scoreT": [
          3,
          2.8333333,
          2
        ],
        "paragraph_scoreT_detail": {
          "paragraph_scoreT_exp": [
            [
              3,
              3,
              3
            ],
            [
              3,
              3,
              2
            ],
            [
              2,
              2,
              2
            ]
          ]
        },
        "paragraph_scoreT_avg": 2.611111,
        "paragraph_id": "001"
      }
    ],
    "essay_scoreT": [
      25.555555,
      21.61111,
      17.777779
    ],
    "essay_scoreT_avg": 21.648148,
    "essay_scoreT_detail": {
      "essay_scoreT_org": [
        [
          3,
          3,
          3,
          1
        ],
        [
          2,
          2,
          2,
          1
        ],
        [
          2,
          2,
          2,
          1
        ]
      ],
      "essay_scoreT_cont": [
        [
          2,
          2,
          0,
          2
        ],
        [
          2,
          1,
          0,
          2
        ],
        [
          2,
          1,
          0,
          1
        ]
      ],
      "essay_scoreT_exp": [
        [
          3,
          3,
          3
        ],
        [
          3,
          3,
          2
        ],
        [
          2,
          2,
          2
        ]
      ]
    }
  },
  "student": {
    "date": "2021.09.13",
    "student_educated": true,
    "student_grade": "고등_1학년",
    "location": "063",
    "student_grade_group": "고등",
    "student_reading": 1
  },
  "rubric": {
    "essay_grade": "고등_1학년",
    "organization_weight": {
      "org_paragraph": 2,
      "org": 2,
      "org_essay": 4,
      "org_coherence": 2,
      "org_quantity": 1
    },
    "essay_type": "설명글",
    "content_weight": {
      "con_clearance": 4,
      "con_novelty": 3,
      "con": 4,
      "con_prompt": 0,
      "con_description": 1
    },
    "essay_main_subject": "영화/독서감상문",
    "expression_weight": {
      "exp_style": 1,
      "exp_grammar": 2,
      "exp_vocab": 3,
      "exp": 4
    }
  },
  "correction": [],
  "info": {
    "essay_id": "ESSAY_34342",
    "essay_prompt": " 영화에는 로맨스, 액션, 스릴러 등 정말 많은 장르가 있습니다. 사람마다 좋아하는 장르가 있고 절대 보지 않는 장르도 있습니다.\r\n\r\n 독서도 마찬가지입니다. 소설, 수필, 시, 만화, 위인전 등 여러가지 장르가 있습니다.\r\n\r\n 여러분은 어떤 장르를 좋아하나요? 그리고 해당 장르에서 가장 재미있게 봤던 영화나 책은 무엇인가요?\r\n\r\n 자신이 봤던 영화 혹은 책을 한 편 선정하여 주제와 내용 그리고 느낀점을 감상문으로 작성해주세요.",
    "essay_type": "설명글",
    "essay_level": "3",
    "essay_len": 521,
    "essay_main_subject": "영화/독서감상문"
  }
}