{
  "paragraph": [
    {
      "paragraph_txt": "the cactus를 읽게 된 계기는 학교 영어 수업시간에 교과서에 본문으로 나와 읽게 되었다.#@문장구분# 내용은 주인공은 자기가 스페인어를 잘 하 는줄 아는 여자친구한테 프로포즈를 했다 여자친구는 바로 답을 주지 않고 다음날에 주인공의 집으로 선인장을 보낸다.#@문장구분# 주인공은 별 의미없는 선인장이라고 생각을 하고 대수롭지 않게 여겼다.#@문장구분#하지만 그 선인장의 팻말에는 스페인어로 벤또마르메라는 말이 적혀져 있 었는데 그 스페인어는 영어로 come and take me 라는 의미로 그 고백을 받는다는 뜻이었는데 주인공 트렌스데일은 그것을 모르고 여 자친구에게 답이 없어 거절인줄 알고 슬퍼하게 된다.#@문장구분# 트렌스데일은 여자친구에게 왜 대답이 없냐고 물어볼 용기가 없어 결국 여자친 구는 다른 사람과 결혼을 하게 된다.#@문장구분#그리고 그 사실을 전여자친구의 결혼식에 가서 알게 된다.#@문장구분#",
      "paragraph_len": 538,
      "paragraph_id": "001"
    }
  ],
  "score": {
    "paragraph_score": [
      {
        "paragraph_scoreT": [
          2.1666667,
          2,
          1.8333334
        ],
        "paragraph_scoreT_detail": {
          "paragraph_scoreT_exp": [
            [
              2,
              2,
              3
            ],
            [
              2,
              2,
              2
            ],
            [
              2,
              2,
              1
            ]
          ]
        },
        "paragraph_scoreT_avg": 2.0000002,
        "paragraph_id": "001"
      }
    ],
    "essay_scoreT": [
      13.611112,
      20,
      16.833334
    ],
    "essay_scoreT_avg": 16.814814,
    "essay_scoreT_detail": {
      "essay_scoreT_org": [
        [
          1,
          2,
          1,
          1
        ],
        [
          2,
          2,
          2,
          2
        ],
        [
          1,
          1,
          1,
          1
        ]
      ],
      "essay_scoreT_cont": [
        [
          1,
          0,
          0,
          1
        ],
        [
          2,
          2,
          0,
          2
        ],
        [
          2,
          2,
          0,
          1
        ]
      ],
      "essay_scoreT_exp": [
        [
          2,
          2,
          3
        ],
        [
          2,
          2,
          2
        ],
        [
          2,
          2,
          1
        ]
      ]
    }
  },
  "student": {
    "date": "2021.09.07",
    "student_educated": true,
    "student_grade": "고등_1학년",
    "location": "063",
    "student_grade_group": "고등",
    "student_reading": 1
  },
  "rubric": {
    "essay_grade": "고등_1학년",
    "organization_weight": {
      "org_paragraph": 2,
      "org": 2,
      "org_essay": 4,
      "org_coherence": 2,
      "org_quantity": 1
    },
    "essay_type": "설명글",
    "content_weight": {
      "con_clearance": 4,
      "con_novelty": 3,
      "con": 4,
      "con_prompt": 0,
      "con_description": 1
    },
    "essay_main_subject": "영화/독서감상문",
    "expression_weight": {
      "exp_style": 1,
      "exp_grammar": 2,
      "exp_vocab": 3,
      "exp": 4
    }
  },
  "correction": [],
  "info": {
    "essay_id": "ESSAY_34563",
    "essay_prompt": " 영화에는 로맨스, 액션, 스릴러 등 정말 많은 장르가 있습니다. 사람마다 좋아하는 장르가 있고 절대 보지 않는 장르도 있습니다.\r\n\r\n 독서도 마찬가지입니다. 소설, 수필, 시, 만화, 위인전 등 여러가지 장르가 있습니다.\r\n\r\n 여러분은 어떤 장르를 좋아하나요? 그리고 해당 장르에서 가장 재미있게 봤던 영화나 책은 무엇인가요?\r\n\r\n 자신이 봤던 영화 혹은 책을 한 편 선정하여 주제와 내용 그리고 느낀점을 감상문으로 작성해주세요.",
    "essay_type": "설명글",
    "essay_level": "3",
    "essay_len": 416,
    "essay_main_subject": "영화/독서감상문"
  }
}