{
  "paragraph": [
    {
      "paragraph_txt": "이 책은 2011년 ebs 다큐로 제작된 동명의 원작을 지면으로 옮긴 것이다.#@문장구분# 때문에 글을 읽을 때 다양한 시각자료를 볼 수 있어 이해가아주 쉬웠다.#@문장구분# 총 6가지 이야기로 구성되어 있으며 그것의 내용은 대수, 기하, 미적분 등 다양한 내용을 다루고 있다.#@문장구분#",
      "paragraph_len": 201,
      "paragraph_id": "001"
    },
    {
      "paragraph_txt": "처음엔 수의 시작이라는 주제로 시작한다.#@문장구분# 수는 어디서, 어떻게 생겨났고, 사칙연산은 어떻게 시작되었는지에 대한 답을 고대 이집트와 바빌로니아에서 찾는다.#@문장구분# 수학의 모든 것은 이집트에서 출발한다.#@문장구분# 3500년 전 이집트 서기관이 썼던 파피루스 한 장에 의지해 인류최초의 문명 이집트가 왕국을 운영하던 방식, 그리고 어떻게 분배와 측량의 기술을 터득했는가를 살펴본다.#@문장구분# 특히, 이집트에서 발전한기하는 기하학의 시초가 되는 아주 중요한 사료이다.#@문장구분# 이렇게 이집트에서 발전된 기하는 어떻게 하여 꽃을 피우게 되었을까?#@문장구분# 이를 다음주제인 '원론'에서 다룬다.#@문장구분# 그 유명한 유클리드의 원론이다.#@문장구분# 유클리드는 그리스의 철학과 수학을 집대성해 한권의 책에 담았다.#@문장구분# 기하학의 근본이라 불리는 책인데, 이 뿐만 아니라 공리와 정리를 통해 아주 논리적으로 설명해 놓았기 때문에, 앞으로의 논리학에 아주큰 영향을 미치게 된다.#@문장구분# 이 책은 수학의 원론 뿐만 아니라 이후 모든 논리학과 철학, 과학의 원론이된 것이다.#@문장구분# '점이란 무엇인가?'라는간단한 질문 하나에 피타고라스에서 플라톤, 아리스토 텔레스에 이르기까지 온 그리스의 철학자들이 매달린 이유를 살펴보고, 이를 유클리드가 정리할 수 있게 된 배경을 알아본다.#@문장구분# 기하와 마찬가지로 대수도 큰 발전을 이루게 되는데, 특히 인도와 아라비아 쪽에서큰 성과를 얻었다.#@문장구분# 그들이 만든 숫자 하나가 인류의 역사를 바꿨다.#@문장구분# 존재와 부재를 넘나드는 이상한 숫자, 0은 수학을 무한의 세계로뻗어 나가게 만들었고, 과학에게 우주를 상상할 수 있는 힘을 주었다.#@문장구분# 인도에서 인류 최고의 발명품 0이 탄생한 내력을 추적한다.#@문장구분# 중세시대 들어서는 서양의 지성이 혼돈 속에 잠들어 버린 틈을 타 아랍인들이 중세 문명을 이끌었다.#@문장구분# 대수학, 산술, 기수법, 이전 문명의위대한 지적 유산들이 아랍의 언어로 문명의 소통을 시작한 것이다.#@문장구분# 메소포타미아, 이집트, 그리스, 인도 수학이 아랍으로 녹아들어새로운 진화를 보여 주었다.#@문장구분# 기하의 꽃이라고 할 수 있는 삼각법이 만들어짐과 동시에 인도수학의 전파로 미지수의 등장과 그로 인하여 방정식이 출현하게 되었다.#@문장구분# 이 때문에 대수학의 엄청난 도약이 있었다.#@문장구분# 당대 문명의 뜨거운 용광로였던 이슬람에서 학문을 향한 열정과 또 다른 융합을 발견한다.#@문장구분# 근대 시대에 들어서는 인류 역사상 가장 위대한 학문, 미적분이 창시된다.#@문장구분# 극한이란 개념을 통해 미적분을 창시해 낸 뉴턴과 라이프니츠는 서로 자신이 미적분을 먼저 고안해냈다며 싸우게 된다.#@문장구분# 학계는 서로 100년 동안 서신 왕래도 끊었다.#@문장구분# 이는 미적분이 변화하는 모든 것을 방정식으로 풀어 내는 마법과 같은 것이었기 때문이다.#@문장구분# 현재는 뉴턴이 창시했고 라이프니츠가 발전시킨 걸로 평가받고 있다.#@문장구분# ",
      "paragraph_len": 1856,
      "paragraph_id": "002"
    },
    {
      "paragraph_txt": "이 책은 이렇게 기술과 문화를 발전시켜 문명을 탄생시킨 '진짜 수학'에 대해 이야기한다.#@문장구분# 이 책을 통해 수학이 발전해오면서 우리 삶이 어떻게 바뀌어 왔는지를 느낄 수 있었고, 그 결과 수학의 위대함을 다시 한 번 느낄 수 있었다.#@문장구분#",
      "paragraph_len": 168,
      "paragraph_id": "003"
    }
  ],
  "score": {
    "paragraph_score": [
      {
        "paragraph_scoreT": [
          3,
          2.8333333,
          2
        ],
        "paragraph_scoreT_detail": {
          "paragraph_scoreT_exp": [
            [
              3,
              3,
              3
            ],
            [
              3,
              3,
              2
            ],
            [
              2,
              2,
              2
            ]
          ]
        },
        "paragraph_scoreT_avg": 2.611111,
        "paragraph_id": "001"
      },
      {
        "paragraph_scoreT": [
          3,
          2.8333333,
          2
        ],
        "paragraph_scoreT_detail": {
          "paragraph_scoreT_exp": [
            [
              3,
              3,
              3
            ],
            [
              3,
              3,
              2
            ],
            [
              2,
              2,
              2
            ]
          ]
        },
        "paragraph_scoreT_avg": 2.611111,
        "paragraph_id": "002"
      },
      {
        "paragraph_scoreT": [
          3,
          2.8333333,
          2
        ],
        "paragraph_scoreT_detail": {
          "paragraph_scoreT_exp": [
            [
              3,
              3,
              3
            ],
            [
              3,
              3,
              2
            ],
            [
              2,
              2,
              2
            ]
          ]
        },
        "paragraph_scoreT_avg": 2.611111,
        "paragraph_id": "003"
      }
    ],
    "essay_scoreT": [
      30,
      26.944445,
      23.166666
    ],
    "essay_scoreT_avg": 26.703703,
    "essay_scoreT_detail": {
      "essay_scoreT_org": [
        [
          3,
          3,
          3,
          3
        ],
        [
          2,
          3,
          3,
          3
        ],
        [
          2,
          2,
          3,
          3
        ]
      ],
      "essay_scoreT_cont": [
        [
          3,
          3,
          0,
          3
        ],
        [
          3,
          2,
          0,
          3
        ],
        [
          3,
          2,
          0,
          3
        ]
      ],
      "essay_scoreT_exp": [
        [
          3,
          3,
          3
        ],
        [
          3,
          3,
          2
        ],
        [
          2,
          2,
          2
        ]
      ]
    }
  },
  "student": {
    "date": "2021.09.13",
    "student_educated": true,
    "student_grade": "고등_1학년",
    "location": "063",
    "student_grade_group": "고등",
    "student_reading": 1
  },
  "rubric": {
    "essay_grade": "고등_1학년",
    "organization_weight": {
      "org_paragraph": 2,
      "org": 2,
      "org_essay": 4,
      "org_coherence": 2,
      "org_quantity": 1
    },
    "essay_type": "설명글",
    "content_weight": {
      "con_clearance": 4,
      "con_novelty": 3,
      "con": 4,
      "con_prompt": 0,
      "con_description": 1
    },
    "essay_main_subject": "영화/독서감상문",
    "expression_weight": {
      "exp_style": 1,
      "exp_grammar": 2,
      "exp_vocab": 3,
      "exp": 4
    }
  },
  "correction": [],
  "info": {
    "essay_id": "ESSAY_34359",
    "essay_prompt": " 영화에는 로맨스, 액션, 스릴러 등 정말 많은 장르가 있습니다. 사람마다 좋아하는 장르가 있고 절대 보지 않는 장르도 있습니다.\r\n\r\n 독서도 마찬가지입니다. 소설, 수필, 시, 만화, 위인전 등 여러가지 장르가 있습니다.\r\n\r\n 여러분은 어떤 장르를 좋아하나요? 그리고 해당 장르에서 가장 재미있게 봤던 영화나 책은 무엇인가요?\r\n\r\n 자신이 봤던 영화 혹은 책을 한 편 선정하여 주제와 내용 그리고 느낀점을 감상문으로 작성해주세요.",
    "essay_type": "설명글",
    "essay_level": "3",
    "essay_len": 1589,
    "essay_main_subject": "영화/독서감상문"
  }
}