{
  "paragraph": [
    {
      "paragraph_txt": "복잡한 일상에 지쳐본 적이 있는가? #@문장구분#영화 <리틀 포레스트>는 그런 당신을 작게나마 위로해 줄 수 있다.#@문장구분#\n  <리틀 포레스트>는 2018년에 개봉한 영화로, 장르는 드라마이다. #@문장구분#이 영화는 2015년에 일본에서 만들어진 <리틀 포레스트: 여름과 가을>, <리틀 포레스트: 겨울과 봄>이 한국에서 리메이크 된 것이다.#@문장구분# \n  영화의 줄거리를 간략히 소개하자면, 영화의 주인공, 혜원(김태리)은 대학 진학 후 고향을 떠나 공부와 아르바이트를 병행하며 바쁜 도시 속 일상에 살아간다.#@문장구분# 이런 일상에 지친 혜원은 고향으로 잠시 떠나오고, 스스로 농작물을 키워 요리하고 먹으며 고향친구들 재하(류준열), 은숙(진기주)과 함께 계절을 보낸다. #@문장구분#바쁜 일상으로부터 도망쳐 고향으로 떠나온 혜원은 자신이 떠나온게 아니라 돌아왔음을 알고, 고향에 정착하려 한다.#@문장구분#\n <리틀 포레스트>는 대단한 스토리를 지니거나 감동을 자아내는 영화가 아닌, 소소하고 따뜻한 일상에 대한 이야기들로 구성되어 있다.#@문장구분# 한국 시골의 자연친화적인 풍경과 정감있는 분위기, 풍부한 색감을 각 계절마다 잘 표현하였다.#@문장구분# 난 이 영화를 보다보면 평화로움에 취하여 항상  \"아~ 시골가서 살고싶다!\" 라는 생각을 한다.#@문장구분# \n  내가 매기는 영화 <리틀 포레스트>의 평점은 10점 만점에 9.5이다.#@문장구분# 영화가 정말 평화로운 분위기에서 진행되기에, 다소 호불호가 갈릴 수 있다. #@문장구분#하지만 이런 영화 풍을 좋아하는 나에게는 <리틀 포레스트>가 영화제목 그대로 '작은 숲'과 같은 쉼터였다.#@문장구분# 이 영화를 볼때면, 마음이 편안해 진다는 것이 쉼터와 같은 역할을 한다고 본다.#@문장구분# 영화에서 바쁜 일상 속에서 벗어나 주인공이 찾아가는 고향과 같은 느낌이다.#@문장구분# \n  공부 또는 일에 치여사는 당신, <리틀 포레스트>란 쉼터에서 잠깐 쉬어가보자.#@문장구분#",
      "paragraph_len": 1239,
      "paragraph_id": "001"
    }
  ],
  "score": {
    "paragraph_score": [
      {
        "paragraph_scoreT": [
          3,
          3,
          1
        ],
        "paragraph_scoreT_detail": {
          "paragraph_scoreT_exp": [
            [
              3,
              3,
              3
            ],
            [
              3,
              3,
              3
            ],
            [
              1,
              1,
              1
            ]
          ]
        },
        "paragraph_scoreT_avg": 2.3333333,
        "paragraph_id": "001"
      }
    ],
    "essay_scoreT": [
      30,
      27.777779,
      14.5
    ],
    "essay_scoreT_avg": 24.092592,
    "essay_scoreT_detail": {
      "essay_scoreT_org": [
        [
          3,
          3,
          3,
          3
        ],
        [
          3,
          3,
          3,
          2
        ],
        [
          2,
          2,
          2,
          2
        ]
      ],
      "essay_scoreT_cont": [
        [
          3,
          3,
          0,
          3
        ],
        [
          3,
          2,
          0,
          2
        ],
        [
          2,
          1,
          0,
          2
        ]
      ],
      "essay_scoreT_exp": [
        [
          3,
          3,
          3
        ],
        [
          3,
          3,
          3
        ],
        [
          1,
          1,
          1
        ]
      ]
    }
  },
  "student": {
    "date": "2021.08.15",
    "student_educated": true,
    "student_grade": "고등_1학년",
    "location": "051",
    "student_grade_group": "고등",
    "student_reading": 1
  },
  "rubric": {
    "essay_grade": "고등_1학년",
    "organization_weight": {
      "org_paragraph": 2,
      "org": 2,
      "org_essay": 4,
      "org_coherence": 2,
      "org_quantity": 1
    },
    "essay_type": "설명글",
    "content_weight": {
      "con_clearance": 4,
      "con_novelty": 3,
      "con": 4,
      "con_prompt": 0,
      "con_description": 1
    },
    "essay_main_subject": "영화/독서감상문",
    "expression_weight": {
      "exp_style": 1,
      "exp_grammar": 2,
      "exp_vocab": 3,
      "exp": 4
    }
  },
  "correction": [],
  "info": {
    "essay_id": "ESSAY_34073",
    "essay_prompt": " 영화에는 로맨스, 액션, 스릴러 등 정말 많은 장르가 있습니다. 사람마다 좋아하는 장르가 있고 절대 보지 않는 장르도 있습니다.\r\n\r\n 독서도 마찬가지입니다. 소설, 수필, 시, 만화, 위인전 등 여러가지 장르가 있습니다.\r\n\r\n 여러분은 어떤 장르를 좋아하나요? 그리고 해당 장르에서 가장 재미있게 봤던 영화나 책은 무엇인가요?\r\n\r\n 자신이 봤던 영화 혹은 책을 한 편 선정하여 주제와 내용 그리고 느낀점을 감상문으로 작성해주세요.",
    "essay_type": "설명글",
    "essay_level": "3",
    "essay_len": 871,
    "essay_main_subject": "영화/독서감상문"
  }
}