{
  "paragraph": [
    {
      "paragraph_txt": "저는 어제 두근두근 내 인생을 보았습니다.#@문장구분# 제가 두근두근 내 인생을 보면서 느낌점은 두근 두근 내 인생에서 나오는 주인공은(강동원,송혜교(역할 이름:대수, 미라)) 그리고 그 주인공들의 아들(조성묵(역할 이름: 아름))이 입니다.#@문장구분# 두근두근 내인생의 줄거리는 \n두근두근 내인생에서 대수와 미라가 17살 이라는 어린 나이에 아이를 일찍이 가졌는데 그때 나온 아이가 아름입니다.#@문장구분# 하지만 아름이는 아주 희귀한 병이 있어 병원을 거의 달고 사는 아이인데 예전 대수와 아름이의 예전 고등학교 친구들과 대수의 아버지 그리고 아름이의 단짝 친구 동네 할아버지의 도움을 받아가면서 살아가는 이야기 입니다.#@문장구분# \n그럼 제가 이 두근두근 내 인생을 보면서 느낀 점은 첫번 째는 두근두근 내 인생에서 아름이가 매일 주기적으로 그 어린 나이에 배에 주사를 놓는 장면에서 이기적인 생각이 들기도 하지만 어머니와 아버지에게 제가 안아프게 태어나게 해주셔서 너무 감사했습니다.#@문장구분#\n두번째로, 아름이의 병원비가 너무 많아 대수와 미라가 힘들떄 대수와 미라 고등학교   친구인 다큐멘터리 감독의 도움을 받아 아름이가 다큐멘터리에 나가서 후원을 받는 도움을 받는 것과 아름이 동네에 사시는 할아버지가 아름이가 심적으로 많이 힘들때 항상 옆에서 웃겨주시고 도와주시고 조언 해주신 장면이 너무 따뜻했 난 이 장면에서 나도 사람을 저렇게 도와야지라는 생각을 했고 내가 힘들때 도와 주는 사람이 있다는게 얼마나 큰 건지 알 수 있었다.#@문장구분# 또 내가 두근두근 내인생을 보면서 느낀점은 대수와 미라 역인 강동원 배우님과 송혜교배우님이 후광이 비칠정도로 너무 잘생기가 예뻣다#@문장구분# 아름이 역인 조성묵 배우님도 너무 귀였고 동네 친구 할아버지 역 배우님과 다큐멘터리 감독님 역 배우님도 너무 좋고 따뜻했다.#@문장구분#",
      "paragraph_len": 1023,
      "paragraph_id": "001"
    }
  ],
  "score": {
    "paragraph_score": [
      {
        "paragraph_scoreT": [
          2.8333333,
          3,
          2.5
        ],
        "paragraph_scoreT_detail": {
          "paragraph_scoreT_exp": [
            [
              3,
              3,
              2
            ],
            [
              3,
              3,
              3
            ],
            [
              2,
              3,
              2
            ]
          ]
        },
        "paragraph_scoreT_avg": 2.7777777,
        "paragraph_id": "001"
      }
    ],
    "essay_scoreT": [
      25.61111,
      26.5,
      25.833334
    ],
    "essay_scoreT_avg": 25.981482,
    "essay_scoreT_detail": {
      "essay_scoreT_org": [
        [
          3,
          3,
          3,
          2
        ],
        [
          2,
          2,
          2,
          2
        ],
        [
          3,
          3,
          2,
          2
        ]
      ],
      "essay_scoreT_cont": [
        [
          2,
          2,
          0,
          3
        ],
        [
          3,
          2,
          0,
          3
        ],
        [
          3,
          2,
          0,
          3
        ]
      ],
      "essay_scoreT_exp": [
        [
          3,
          3,
          2
        ],
        [
          3,
          3,
          3
        ],
        [
          2,
          3,
          2
        ]
      ]
    }
  },
  "student": {
    "date": "2021.09.13",
    "student_educated": true,
    "student_grade": "고등_1학년",
    "location": "051",
    "student_grade_group": "고등",
    "student_reading": 1
  },
  "rubric": {
    "essay_grade": "고등_1학년",
    "organization_weight": {
      "org_paragraph": 2,
      "org": 2,
      "org_essay": 4,
      "org_coherence": 2,
      "org_quantity": 1
    },
    "essay_type": "설명글",
    "content_weight": {
      "con_clearance": 4,
      "con_novelty": 3,
      "con": 4,
      "con_prompt": 0,
      "con_description": 1
    },
    "essay_main_subject": "영화/독서감상문",
    "expression_weight": {
      "exp_style": 1,
      "exp_grammar": 2,
      "exp_vocab": 3,
      "exp": 4
    }
  },
  "correction": [],
  "info": {
    "essay_id": "ESSAY_33962",
    "essay_prompt": " 영화에는 로맨스, 액션, 스릴러 등 정말 많은 장르가 있습니다. 사람마다 좋아하는 장르가 있고 절대 보지 않는 장르도 있습니다.\r\n\r\n 독서도 마찬가지입니다. 소설, 수필, 시, 만화, 위인전 등 여러가지 장르가 있습니다.\r\n\r\n 여러분은 어떤 장르를 좋아하나요? 그리고 해당 장르에서 가장 재미있게 봤던 영화나 책은 무엇인가요?\r\n\r\n 자신이 봤던 영화 혹은 책을 한 편 선정하여 주제와 내용 그리고 느낀점을 감상문으로 작성해주세요.",
    "essay_type": "설명글",
    "essay_level": "3",
    "essay_len": 869,
    "essay_main_subject": "영화/독서감상문"
  }
}