{
  "paragraph": [
    {
      "paragraph_txt": "우리는 지금 현재 그 어는때와 비교해도 손색없을만큼 가장 부유한 시대에 태어났다고 과언이 아니다.#@문장구분# 하지만 지금 지구 반대편에는 기아 상태에 있는 사람이 약 8억5000만명정도 된다고 한다.#@문장구분# 이들은 경제적 기아와 구조적 기아로 분류된다.#@문장구분# 경제적 기아란 돌발적이고 급격한 일과성의 경제적인 위기로 발생하는 이다.#@문장구분# 예를 들면 가문이나 태풍 등이 덮쳐 갑작스럽게 식량이 바닥나 굶어 죽을 위기에 처한사람등이 있을 것이고, 구조적 기아는 사회 구조로 인해 빚어지는 필연적 결과이다.#@문장구분# 하지만 이들은 권력자들의 자존심, 구호품과 인력의 도착지연, 전문적 구호 인력의 부족 등으로 쉽게 해결되지 않는게 긴급구호의 현실이다.#@문장구분# 내가 이런 주제에 관심을 갖게된 이유는 사회 문화시간때 사회 불평등에 관하여 배우고 책을 통하여 재산과 자신이 놓여진 그 환경에 따른 차별을 간접적으로나마 느끼게 해주는 책이었다.#@문장구분# 이 책에서는 소수의 자본가들이 자신들의 이익을 위해 먹을 수 있는 식량들을 파묻어 가격 조정을 하면서 자신들의 이익을 극대화시키려한다는 것이다.#@문장구분# 이들의 이성적으로 생각을 해봤을때 그냥 매장 시킬 상품이라면 그냥 기아에게 주는 것도 괜찮을 것 같은데 또한편 내가 소수의 자본가더라도 상품의 가치를 떨어뜨릴수도 있는 방식은 채택하지 않는것으로 여겨진다.#@문장구분# 하지만 저자는 이는 소수의 자본가들에게 불편을 끼치지않게 하기 위해서 행해지지못한다고 한다.#@문장구분# 이로써 느끼는 바는 모든 일이 이성적으로 잃어나는 것은 아니구나라고 느낄수 있었다.#@문장구분# ",
      "paragraph_len": 957,
      "paragraph_id": "001"
    }
  ],
  "score": {
    "paragraph_score": [
      {
        "paragraph_scoreT": [
          0.6666667,
          2.5,
          1
        ],
        "paragraph_scoreT_detail": {
          "paragraph_scoreT_exp": [
            [
              0,
              1,
              1
            ],
            [
              2,
              3,
              2
            ],
            [
              1,
              1,
              1
            ]
          ]
        },
        "paragraph_scoreT_avg": 1.388889,
        "paragraph_id": "001"
      }
    ],
    "essay_scoreT": [
      12.888889,
      28,
      16
    ],
    "essay_scoreT_avg": 18.962963,
    "essay_scoreT_detail": {
      "essay_scoreT_org": [
        [
          2,
          2,
          2,
          3
        ],
        [
          3,
          3,
          3,
          3
        ],
        [
          2,
          2,
          2,
          2
        ]
      ],
      "essay_scoreT_cont": [
        [
          2,
          1,
          0,
          1
        ],
        [
          3,
          3,
          0,
          3
        ],
        [
          2,
          2,
          0,
          2
        ]
      ],
      "essay_scoreT_exp": [
        [
          0,
          1,
          1
        ],
        [
          2,
          3,
          2
        ],
        [
          1,
          1,
          1
        ]
      ]
    }
  },
  "student": {
    "date": "2021.09.09",
    "student_educated": true,
    "student_grade": "고등_1학년",
    "location": "051",
    "student_grade_group": "고등",
    "student_reading": 1
  },
  "rubric": {
    "essay_grade": "고등_1학년",
    "organization_weight": {
      "org_paragraph": 2,
      "org": 2,
      "org_essay": 4,
      "org_coherence": 2,
      "org_quantity": 1
    },
    "essay_type": "설명글",
    "content_weight": {
      "con_clearance": 4,
      "con_novelty": 3,
      "con": 4,
      "con_prompt": 0,
      "con_description": 1
    },
    "essay_main_subject": "영화/독서감상문",
    "expression_weight": {
      "exp_style": 1,
      "exp_grammar": 2,
      "exp_vocab": 3,
      "exp": 4
    }
  },
  "correction": [],
  "info": {
    "essay_id": "ESSAY_34778",
    "essay_prompt": " 영화에는 로맨스, 액션, 스릴러 등 정말 많은 장르가 있습니다. 사람마다 좋아하는 장르가 있고 절대 보지 않는 장르도 있습니다.\r\n\r\n 독서도 마찬가지입니다. 소설, 수필, 시, 만화, 위인전 등 여러가지 장르가 있습니다.\r\n\r\n 여러분은 어떤 장르를 좋아하나요? 그리고 해당 장르에서 가장 재미있게 봤던 영화나 책은 무엇인가요?\r\n\r\n 자신이 봤던 영화 혹은 책을 한 편 선정하여 주제와 내용 그리고 느낀점을 감상문으로 작성해주세요.",
    "essay_type": "설명글",
    "essay_level": "3",
    "essay_len": 737,
    "essay_main_subject": "영화/독서감상문"
  }
}