{
  "paragraph": [
    {
      "paragraph_txt": "방학 동안 부모님이 코로나 능동감시자가 되셔서 일주일 정도 집에서 자가격리를 했다.#@문장구분# 자가격리를 하는 동안 가족끼리 저녁에 영화를 많이 봤다.#@문장구분# 그중에 가장 기억에 남는 영화가 '발신 제한'이라는 영화다.#@문장구분# 나는 평소에 스릴러 장르의 영화나 드라마를 별로 좋아하지 않아서 이 영화를 보기로 했을 때도 별로 재미있을 것 같다는 기대를 많이 하지 않고 봤는데 생각보다 재미있고 흥미로웠다.#@문장구분# 이 영화는 은행센터장인 성규가 두 딸과 아들을 학교에 데려다주려고 차를 타고 가는 도중에 차에서 전화벨이 울리고 주인을 알 수 없는 휴대전화로 발신 제한번호로 전화가 걸려온다.#@문장구분# 그 전화를 받자 차 시트 밑에 폭탄이 설치되어있다는 통보를 받게 된다.#@문장구분# 처음에는 장난 전화라고 생각하고 무시하는데 다시 전화가 오고 확인해보라는 말에 차 시트 밑을 만져보니 진짜 폭탄이 설치되어있다는 사실을 알게 된다.#@문장구분# 차에서 내리면 폭탄을 터트릴 거라고 통화 속 남자가 이야기한다.#@문장구분# 그런데 회사 동료도 차에 폭탄이 설치되어있다고 통보를 받았다고 연락이 온다.#@문장구분# 그래서 성규는 차를 타고 동료에게 가는데 그 동료의 아내는 폭탄 설치가 되어있다는 말을 믿지 못하고 차에서 내리려고 하다가 결국 내리게 되고 폭탄이 터진다.#@문장구분# 경찰은 CCTV를 보던 도중 성규의 차가 폭탄이 터질 것을 알고 차를 뒤로 빼는 듯한 행동을 포착하고 성규를 범인으로 추정하고 성규를 추격한다.#@문장구분# 성규는 돈을 주면 폭탄을 제거해주겠다는 말을 듣고 아내에게 상황을 알리고 돈을 빼 오라고 한다.#@문장구분# 그러던 도중 경찰에게 잡히고 그 주변에 통화 속 남자가 있다는 것을 알게 되는데 그 남자가 성규의 동생이라고 거짓말을 하고 성규에게 다가와 경찰을 따돌리라는 협박을 듣고 동생인 척 딸을 납치해간다.#@문장구분# 경찰은 그 사실을 나중에 알게 되고 성규의 차를 쫒아간다.#@문장구분# 남자가 폭탄을 설치한 이유는 아내가 센터장인 성규 때문에 자살을 했기 때문이다.#@문장구분# 성규는 미안한 마음에 딸이 옆에 있는 상황에서 그 남자와 차를 물속으로 몰았다.#@문장구분# 그렇게 그 남자는 죽고 성규는 물속에서 빠져나왔다.#@문장구분# 스릴러 영화를 안 좋아했었는데 이 영화를 보고 나서 스릴러를 보면서 심장이 쫄깃쫄깃한 기분이 너무 기분 좋은 것 같아서 앞으로 스릴러 영화를 많이 찾아볼 것 같다.#@문장구분#",
      "paragraph_len": 1451,
      "paragraph_id": "001"
    }
  ],
  "score": {
    "paragraph_score": [
      {
        "paragraph_scoreT": [
          2.8333333,
          2.8333333,
          2
        ],
        "paragraph_scoreT_detail": {
          "paragraph_scoreT_exp": [
            [
              3,
              3,
              2
            ],
            [
              3,
              3,
              2
            ],
            [
              2,
              2,
              2
            ]
          ]
        },
        "paragraph_scoreT_avg": 2.5555556,
        "paragraph_id": "001"
      }
    ],
    "essay_scoreT": [
      26.944445,
      27.61111,
      24.277779
    ],
    "essay_scoreT_avg": 26.277779,
    "essay_scoreT_detail": {
      "essay_scoreT_org": [
        [
          2,
          3,
          3,
          3
        ],
        [
          3,
          3,
          3,
          2
        ],
        [
          3,
          3,
          3,
          2
        ]
      ],
      "essay_scoreT_cont": [
        [
          3,
          2,
          0,
          3
        ],
        [
          3,
          2,
          0,
          3
        ],
        [
          3,
          2,
          0,
          3
        ]
      ],
      "essay_scoreT_exp": [
        [
          3,
          3,
          2
        ],
        [
          3,
          3,
          2
        ],
        [
          2,
          2,
          2
        ]
      ]
    }
  },
  "student": {
    "date": "2021.09.13",
    "student_educated": true,
    "student_grade": "고등_1학년",
    "location": "051",
    "student_grade_group": "고등",
    "student_reading": 3
  },
  "rubric": {
    "essay_grade": "고등_1학년",
    "organization_weight": {
      "org_paragraph": 2,
      "org": 2,
      "org_essay": 4,
      "org_coherence": 2,
      "org_quantity": 1
    },
    "essay_type": "설명글",
    "content_weight": {
      "con_clearance": 4,
      "con_novelty": 3,
      "con": 4,
      "con_prompt": 0,
      "con_description": 1
    },
    "essay_main_subject": "영화/독서감상문",
    "expression_weight": {
      "exp_style": 1,
      "exp_grammar": 2,
      "exp_vocab": 3,
      "exp": 4
    }
  },
  "correction": [],
  "info": {
    "essay_id": "ESSAY_34018",
    "essay_prompt": " 영화에는 로맨스, 액션, 스릴러 등 정말 많은 장르가 있습니다. 사람마다 좋아하는 장르가 있고 절대 보지 않는 장르도 있습니다.\r\n\r\n 독서도 마찬가지입니다. 소설, 수필, 시, 만화, 위인전 등 여러가지 장르가 있습니다.\r\n\r\n 여러분은 어떤 장르를 좋아하나요? 그리고 해당 장르에서 가장 재미있게 봤던 영화나 책은 무엇인가요?\r\n\r\n 자신이 봤던 영화 혹은 책을 한 편 선정하여 주제와 내용 그리고 느낀점을 감상문으로 작성해주세요.",
    "essay_type": "설명글",
    "essay_level": "3",
    "essay_len": 1092,
    "essay_main_subject": "영화/독서감상문"
  }
}