{
  "paragraph": [
    {
      "paragraph_txt": "이 책의 저자인 리처드 파인만은 양자역학의 창시자로 불리며 원자폭탄 제작에도 참여한 과학자이기도 하다.#@문장구분#\n파인만은 죽을때까지 칼텍, 즉 캘리포니아 공과대학에서 강의를 했는데, 양자 전기역학 이론으로 노벨상을 수상한 이후 칼텍 학부학생을 대상으로 자신의 물리학에 대한 시각에 대한 강의를 개설하는데 이 강의를 책으로써 '파인만의 물리학 강의'라는 이름으로 집필 하였다.#@문장구분# \n그리고 이 책 '파인만의 여섯가지 물리 이야기'는 전책 3권인 파인만의 물리학 강의 중 대표적인 여섯가지 주제를 추려내어 쓴 책으로 일반인들에게 파인만의 물리학을 소개하고 있다.#@문장구분#\n파인만은 물리학을 설명하기에 앞서 과학에 관해 무엇인지 질문한다.#@문장구분#\n자연에 대해 인류가 알고 있는 사실들은 그저 근사적인 진리의 서술일 뿐이라며 마치 자연을 체스에 비유하여 체스 게임의 법칙을 모르는 상태로 그저 옆에서 게임의 진행을 지켜보는 정도의 추측할 뿐이라고 했다.#@문장구분#\n그래서 우리는 우리를 둘러싼 자연, 즉 전 우주적 존재에 대해 실험하여 힌트를 얻어내고 인간의 상상력으로 그 패턴을 알아내는것이라고 했다.#@문장구분#\n인류는 어떤 대상에 대해 관측하고 실험하여 논리와 진리를 얻어내는 과정을 과학이라고 칭한다.#@문장구분#\n파인만은 이 역시 체스게임에 비유를 했는데, 우주의 규칙은 신이 정한 것이며 우리는 그 게임을 관람하는 주체이고 우리에게 허락된 것은 오로지 그 게임을 관찰하는 것 뿐이며 결국 이 규칙을 모두 이해하게 되는 것은 곧 이 세상의 모든 진리를 깨우치게 되는것이라 말했다.#@문장구분#\n이에 더해 파인만은 세상에 대한 이해를 확인하는 방법으로 세가지를 제시했다.#@문장구분#\n첫번째는 인위적으로 만든 단순한 패턴으로 이해관계를 형성해 진리를 얻는 방법, 두번째는 붉은 칸 위에 존재하는 비숍은 항상 붉은 칸 위에만 존재하듯이 규칙에 의해 유도된 다소 불규칙해보일지 모르는 패턴으로 이해관계를 형성하는 방법, 세번째는 근사적인 방법으로, 특이한 방식으로 작동하는 체스말의 이동 규칙을 이해할 순 없지만 그러한 움직임이 킹을 보호하려는 행동임을 막연하게 알 수 있다는 것이다.#@문장구분#\n이는 자연을 다 이해하지 못한다면 대략적으로 이해관계를 얻어나가는 수밖에는 답이 없다는 것이다.#@문장구분#\n파인만은 이러한 철학적 사고 외에도 1920년대 당시의 전반적인 물리학적 흐름을 소개했는데, 당대에는 3차원 유클리드공간에서의 우주를 가정해 그 공간 내에서 시간이라는 매개체로 움직이고 그 기본이 되는 요소를 원자로 칭하였다.#@문장구분#\n이 원자는 관성과 힘이라는 두가지 체계에서 활동하며 서로 인력과 척력은 뉴턴의 중력이론으로 설명할 수가 없었고 이 요소를 결정\n하는 것을 전하라고 칭했다.#@문장구분#\n또한 같은 에너지의 다른 형태로써 존재하는 전기와 자기의 상호 움직임으로 형성되는 전자기파라는 파동은 진동수가 높아질수록 파동이 입자처럼 행동하는 경향을 가지는데 이를 뉴턴의 역학으로 설명하지 못했고 이 해결책을 위해 파인만의 양자역학이 탄생하였고 이후 불확정성의 원리를 가지며 발달하게 되었다.#@문장구분# 이 책은 우주에 대해 탐구하려는 인간의 방식을 생각하고 과학적 진리 탐구에 대해 환기해주어 좋은 경험이었다고 생각한다.#@문장구분#",
      "paragraph_len": 1804,
      "paragraph_id": "001"
    }
  ],
  "score": {
    "paragraph_score": [
      {
        "paragraph_scoreT": [
          3,
          2.8333333,
          2.5
        ],
        "paragraph_scoreT_detail": {
          "paragraph_scoreT_exp": [
            [
              3,
              3,
              3
            ],
            [
              3,
              3,
              2
            ],
            [
              2,
              3,
              2
            ]
          ]
        },
        "paragraph_scoreT_avg": 2.7777777,
        "paragraph_id": "001"
      }
    ],
    "essay_scoreT": [
      30,
      26.944445,
      28
    ],
    "essay_scoreT_avg": 28.314814,
    "essay_scoreT_detail": {
      "essay_scoreT_org": [
        [
          3,
          3,
          3,
          3
        ],
        [
          2,
          3,
          3,
          3
        ],
        [
          3,
          3,
          3,
          3
        ]
      ],
      "essay_scoreT_cont": [
        [
          3,
          3,
          0,
          3
        ],
        [
          3,
          2,
          0,
          3
        ],
        [
          3,
          3,
          0,
          3
        ]
      ],
      "essay_scoreT_exp": [
        [
          3,
          3,
          3
        ],
        [
          3,
          3,
          2
        ],
        [
          2,
          3,
          2
        ]
      ]
    }
  },
  "student": {
    "date": "2021.09.07",
    "student_educated": true,
    "student_grade": "고등_1학년",
    "location": "051",
    "student_grade_group": "고등",
    "student_reading": 2
  },
  "rubric": {
    "essay_grade": "고등_1학년",
    "organization_weight": {
      "org_paragraph": 2,
      "org": 2,
      "org_essay": 4,
      "org_coherence": 2,
      "org_quantity": 1
    },
    "essay_type": "설명글",
    "content_weight": {
      "con_clearance": 4,
      "con_novelty": 3,
      "con": 4,
      "con_prompt": 0,
      "con_description": 1
    },
    "essay_main_subject": "영화/독서감상문",
    "expression_weight": {
      "exp_style": 1,
      "exp_grammar": 2,
      "exp_vocab": 3,
      "exp": 4
    }
  },
  "correction": [],
  "info": {
    "essay_id": "ESSAY_34390",
    "essay_prompt": " 영화에는 로맨스, 액션, 스릴러 등 정말 많은 장르가 있습니다. 사람마다 좋아하는 장르가 있고 절대 보지 않는 장르도 있습니다.\r\n\r\n 독서도 마찬가지입니다. 소설, 수필, 시, 만화, 위인전 등 여러가지 장르가 있습니다.\r\n\r\n 여러분은 어떤 장르를 좋아하나요? 그리고 해당 장르에서 가장 재미있게 봤던 영화나 책은 무엇인가요?\r\n\r\n 자신이 봤던 영화 혹은 책을 한 편 선정하여 주제와 내용 그리고 느낀점을 감상문으로 작성해주세요.",
    "essay_type": "설명글",
    "essay_level": "3",
    "essay_len": 1504,
    "essay_main_subject": "영화/독서감상문"
  }
}