{
  "paragraph": [
    {
      "paragraph_txt": "이 책은 남극 대륙 여행에 관련된 내용을 담고 있다.#@문장구분# 우선, 책의 시작 부분에서 남극은 누가 최초로 다녀 갔고, 과거 사람들이 왜 남극에 방문하는 것을 꺼려했고, 남극에 관한 내용에 대해 간략히 설명해 주면서 남극에 대해 더 알고 싶게 만든다.#@문장구분#",
      "paragraph_len": 176,
      "paragraph_id": "001"
    },
    {
      "paragraph_txt": "그리고 여행에 대한 내용이 나오는데 난 이 부분을 중점적으로 읽었다.#@문장구분#",
      "paragraph_len": 58,
      "paragraph_id": "002"
    },
    {
      "paragraph_txt": "이 부분에서는 오랜기간 사람들의 손길이 닿지 않아서 굉장히 청정한 환경이기 때문에, 여행을 할때 주변 경관이나 그곳에 서식하는동물에게 해가 되는 행동을 했을 때 벌어지는 일에 대해 알려주면서 남극을 여행은 하되, 남극을 보존하는것의 중요성을 깨닫게 해주면서, 여행을 신중하게 선택하라고 조언한다.#@문장구분#",
      "paragraph_len": 185,
      "paragraph_id": "003"
    },
    {
      "paragraph_txt": "난 이 부분을 읽으면서 드는 생각이 남극과 북극은 지금도 지구온난화로 인해 생태계가 파괴되고 있는데, 거기에 사람의 발길이 자주닿게 된다면, 그 상황은 더욱 심각해 질것이라고 생각한다.#@문장구분# 그래서 나는 가보고는 싶지만, 많은 사람들이 찾아들면, 분명 그곳에 서식하는 동식물들에게 피해가 갈 것이고, 주변경관을 훼손할 가능성이 있기때문에 나는 정말 기회가 운좋게 기회가 생긴다면 가겠지만, 내 발로는 절대로 못 갈 것 같다.#@문장구분#",
      "paragraph_len": 274,
      "paragraph_id": "004"
    }
  ],
  "score": {
    "paragraph_score": [
      {
        "paragraph_scoreT": [
          3,
          2.8333333,
          2
        ],
        "paragraph_scoreT_detail": {
          "paragraph_scoreT_exp": [
            [
              3,
              3,
              3
            ],
            [
              3,
              3,
              2
            ],
            [
              2,
              2,
              2
            ]
          ]
        },
        "paragraph_scoreT_avg": 2.611111,
        "paragraph_id": "001"
      },
      {
        "paragraph_scoreT": [
          3,
          2.8333333,
          2
        ],
        "paragraph_scoreT_detail": {
          "paragraph_scoreT_exp": [
            [
              3,
              3,
              3
            ],
            [
              3,
              3,
              2
            ],
            [
              2,
              2,
              2
            ]
          ]
        },
        "paragraph_scoreT_avg": 2.611111,
        "paragraph_id": "002"
      },
      {
        "paragraph_scoreT": [
          3,
          2.8333333,
          2
        ],
        "paragraph_scoreT_detail": {
          "paragraph_scoreT_exp": [
            [
              3,
              3,
              3
            ],
            [
              3,
              3,
              2
            ],
            [
              2,
              2,
              2
            ]
          ]
        },
        "paragraph_scoreT_avg": 2.611111,
        "paragraph_id": "003"
      },
      {
        "paragraph_scoreT": [
          3,
          2.8333333,
          2
        ],
        "paragraph_scoreT_detail": {
          "paragraph_scoreT_exp": [
            [
              3,
              3,
              3
            ],
            [
              3,
              3,
              2
            ],
            [
              2,
              2,
              2
            ]
          ]
        },
        "paragraph_scoreT_avg": 2.611111,
        "paragraph_id": "004"
      }
    ],
    "essay_scoreT": [
      30,
      25.11111,
      18.277779
    ],
    "essay_scoreT_avg": 24.462961,
    "essay_scoreT_detail": {
      "essay_scoreT_org": [
        [
          3,
          3,
          3,
          3
        ],
        [
          2,
          2,
          2,
          1
        ],
        [
          2,
          2,
          2,
          1
        ]
      ],
      "essay_scoreT_cont": [
        [
          3,
          3,
          0,
          3
        ],
        [
          3,
          2,
          0,
          2
        ],
        [
          2,
          1,
          0,
          2
        ]
      ],
      "essay_scoreT_exp": [
        [
          3,
          3,
          3
        ],
        [
          3,
          3,
          2
        ],
        [
          2,
          2,
          2
        ]
      ]
    }
  },
  "student": {
    "date": "2021.09.13",
    "student_educated": true,
    "student_grade": "고등_1학년",
    "location": "063",
    "student_grade_group": "고등",
    "student_reading": 1
  },
  "rubric": {
    "essay_grade": "고등_1학년",
    "organization_weight": {
      "org_paragraph": 2,
      "org": 2,
      "org_essay": 4,
      "org_coherence": 2,
      "org_quantity": 1
    },
    "essay_type": "설명글",
    "content_weight": {
      "con_clearance": 4,
      "con_novelty": 3,
      "con": 4,
      "con_prompt": 0,
      "con_description": 1
    },
    "essay_main_subject": "영화/독서감상문",
    "expression_weight": {
      "exp_style": 1,
      "exp_grammar": 2,
      "exp_vocab": 3,
      "exp": 4
    }
  },
  "correction": [],
  "info": {
    "essay_id": "ESSAY_34452",
    "essay_prompt": " 영화에는 로맨스, 액션, 스릴러 등 정말 많은 장르가 있습니다. 사람마다 좋아하는 장르가 있고 절대 보지 않는 장르도 있습니다.\r\n\r\n 독서도 마찬가지입니다. 소설, 수필, 시, 만화, 위인전 등 여러가지 장르가 있습니다.\r\n\r\n 여러분은 어떤 장르를 좋아하나요? 그리고 해당 장르에서 가장 재미있게 봤던 영화나 책은 무엇인가요?\r\n\r\n 자신이 봤던 영화 혹은 책을 한 편 선정하여 주제와 내용 그리고 느낀점을 감상문으로 작성해주세요.",
    "essay_type": "설명글",
    "essay_level": "3",
    "essay_len": 579,
    "essay_main_subject": "영화/독서감상문"
  }
}