{
  "paragraph": [
    {
      "paragraph_txt": "과연 여성의 최초 의사는 누구일까라는 궁금증을 가지게 되어 이 책을 읽기 시작하였다.#@문장구분#\n책에서는 당시 여성이 대학을 가는 경우도 적었으며 특히 의학계열의 대학을 가는 경우는 없었다고 한다.#@문장구분#\n이 책에서는 Elizabeth Blackwell이라는 여성이 의사가 어떻게 되었는지에 대해 설명을 해주고 있다.#@문장구분#\n제네바 대학에 처음으로 여성이 졸업하였음에도 불구하고, 많은 일하는 곳에서 원하지 않아 그녀의 집에 병원을 만들었다.#@문장구분# 그녀 덕분에 다른 사람들이 많이 도움을 받을 수 있게 되었다.#@문장구분# 또한, 엘리자베스는 다른 여성 또한 자신처럼 의사가 되기를 원해 여성 의학 대학을 열었다.#@문장구분#\n그녀는 매 순간을 포기하지 않고 항상 자신의 길을 걸어왔다.#@문장구분# 또한 자신의 이익보다 다른 사람을 돕는 것을 추구하였다.#@문장구분# 이 두가지가 휼룡한 최초의 여성의사가 되게 만들었던 원인이 아닐까 싶다.#@문장구분# 이 두가지를 지킨다면 휼룡한 인재가 될 수 있지 않을까 라는 생각이든다.#@문장구분#\n나는 이책을 의학분야에 대해 희망하는 사람들에게 추천을 해주고 싶다고 생각하였다.#@문장구분#",
      "paragraph_len": 733,
      "paragraph_id": "001"
    }
  ],
  "score": {
    "paragraph_score": [
      {
        "paragraph_scoreT": [
          3,
          2.3333333,
          2
        ],
        "paragraph_scoreT_detail": {
          "paragraph_scoreT_exp": [
            [
              3,
              3,
              3
            ],
            [
              3,
              2,
              2
            ],
            [
              2,
              2,
              2
            ]
          ]
        },
        "paragraph_scoreT_avg": 2.4444444,
        "paragraph_id": "001"
      }
    ],
    "essay_scoreT": [
      23.777779,
      23.11111,
      23.944445
    ],
    "essay_scoreT_avg": 23.611113,
    "essay_scoreT_detail": {
      "essay_scoreT_org": [
        [
          2,
          2,
          2,
          1
        ],
        [
          2,
          2,
          2,
          1
        ],
        [
          2,
          2,
          3,
          2
        ]
      ],
      "essay_scoreT_cont": [
        [
          2,
          2,
          0,
          2
        ],
        [
          3,
          2,
          0,
          2
        ],
        [
          3,
          3,
          0,
          2
        ]
      ],
      "essay_scoreT_exp": [
        [
          3,
          3,
          3
        ],
        [
          3,
          2,
          2
        ],
        [
          2,
          2,
          2
        ]
      ]
    }
  },
  "student": {
    "date": "2021.09.10",
    "student_educated": true,
    "student_grade": "고등_1학년",
    "location": "063",
    "student_grade_group": "고등",
    "student_reading": 1
  },
  "rubric": {
    "essay_grade": "고등_1학년",
    "organization_weight": {
      "org_paragraph": 2,
      "org": 2,
      "org_essay": 4,
      "org_coherence": 2,
      "org_quantity": 1
    },
    "essay_type": "설명글",
    "content_weight": {
      "con_clearance": 4,
      "con_novelty": 3,
      "con": 4,
      "con_prompt": 0,
      "con_description": 1
    },
    "essay_main_subject": "영화/독서감상문",
    "expression_weight": {
      "exp_style": 1,
      "exp_grammar": 2,
      "exp_vocab": 3,
      "exp": 4
    }
  },
  "correction": [],
  "info": {
    "essay_id": "ESSAY_34316",
    "essay_prompt": " 영화에는 로맨스, 액션, 스릴러 등 정말 많은 장르가 있습니다. 사람마다 좋아하는 장르가 있고 절대 보지 않는 장르도 있습니다.\r\n\r\n 독서도 마찬가지입니다. 소설, 수필, 시, 만화, 위인전 등 여러가지 장르가 있습니다.\r\n\r\n 여러분은 어떤 장르를 좋아하나요? 그리고 해당 장르에서 가장 재미있게 봤던 영화나 책은 무엇인가요?\r\n\r\n 자신이 봤던 영화 혹은 책을 한 편 선정하여 주제와 내용 그리고 느낀점을 감상문으로 작성해주세요.",
    "essay_type": "설명글",
    "essay_level": "3",
    "essay_len": 514,
    "essay_main_subject": "영화/독서감상문"
  }
}