{
  "paragraph": [
    {
      "paragraph_txt": "이 영화를 처음 틀었을 때 흑백이라는 점이 매우 참신하였다.#@문장구분# 알아보니 이 영화감독인 이준익 작가님께서 윤동주 시인이 있었던 곳이 다 제각각이라 그런 것들을 살리려면 제작비가 너무 많이 들 것으로 예상되어 흑백으로 결정하였다고 하였는데 나는 이것이 신의 한 수지 않았나 생각한다.#@문장구분# 흑백과 고요하게 중간중간 직접 윤동주가 시를 잂으면서  연화가 전개되었는데 나도 몰래 같이 눈물을 흘리고 있었다.#@문장구분# 영화를 보면서 송몽규라는 사람도 새롭게 알게 되었다.#@문장구분# 윤동주의 사촌으로 윤동주와 어릴 때부터 내내 같이 있으면서 시를 같이 쓴 사람인데, 윤동주와는 반대의 성격으로 독립운동을 주도하고 시도 출간하여 신문에도 등재되고 윤동주는 떨어진 교토학교에 붙은 대단한 인물이다.#@문장구분# 영화를 보면서 둘의 궁합이 정말 돋보였다.#@문장구분# 하지만 한편으로는 윤동주에게 연민의 감정을 느꼈다.#@문장구분# 아버지는 씨를 쓰는 것을 극도로 반대하셨고 그로써 정말 멋진 시들을 한 번도 출판하지 못하고 원하던 대학에서도 떨어지고 감옥에 갇혀 옥살이하다가 정체모를 약을 계속 투여받다가 그 옥에서 사망하게되었다.#@문장구분# 이 영화를 보면 윤동주의 삶에 행복은 있었을까 라는 의문점이 든다.#@문장구분# 항상 불안감을 가지고 있었던 것 같은데 나도 보는 내내 마음이 안 좋았다.#@문장구분# 또 정말 기억의 남는 장면이 마지막 장면인데 이 영화는 윤동주의 죽음으로 영화가 끝이 난다.#@문장구분# 이때 별이 가득한 밤하늘을 보여주며 윤동주의 시신과 시 '서시' 가 읽히는데 마음이 웅장해지고 머릿속이 복잡해졌다.#@문장구분# 내가 평소에 알던 '서시'인데도 조금은 다르게 느껴지고 우리가 배우는 윤동주의 시들이 이렇게 만들어지고 영화를 통해 감정선을 따라가니 시들이 가깝게 느껴지고 더 이해가 잘 되는 것 같았다.#@문장구분#",
      "paragraph_len": 1097,
      "paragraph_id": "001"
    }
  ],
  "score": {
    "paragraph_score": [
      {
        "paragraph_scoreT": [
          2.8333333,
          3,
          2.5
        ],
        "paragraph_scoreT_detail": {
          "paragraph_scoreT_exp": [
            [
              3,
              3,
              2
            ],
            [
              3,
              3,
              3
            ],
            [
              2,
              3,
              2
            ]
          ]
        },
        "paragraph_scoreT_avg": 2.7777777,
        "paragraph_id": "001"
      }
    ],
    "essay_scoreT": [
      26.222221,
      28.444445,
      24.222221
    ],
    "essay_scoreT_avg": 26.296295,
    "essay_scoreT_detail": {
      "essay_scoreT_org": [
        [
          2,
          3,
          3,
          2
        ],
        [
          2,
          2,
          3,
          2
        ],
        [
          2,
          2,
          2,
          3
        ]
      ],
      "essay_scoreT_cont": [
        [
          3,
          2,
          0,
          2
        ],
        [
          3,
          3,
          0,
          3
        ],
        [
          3,
          2,
          0,
          2
        ]
      ],
      "essay_scoreT_exp": [
        [
          3,
          3,
          2
        ],
        [
          3,
          3,
          3
        ],
        [
          2,
          3,
          2
        ]
      ]
    }
  },
  "student": {
    "date": "2021.09.13",
    "student_educated": true,
    "student_grade": "고등_1학년",
    "location": "051",
    "student_grade_group": "고등",
    "student_reading": 1
  },
  "rubric": {
    "essay_grade": "고등_1학년",
    "organization_weight": {
      "org_paragraph": 2,
      "org": 2,
      "org_essay": 4,
      "org_coherence": 2,
      "org_quantity": 1
    },
    "essay_type": "설명글",
    "content_weight": {
      "con_clearance": 4,
      "con_novelty": 3,
      "con": 4,
      "con_prompt": 0,
      "con_description": 1
    },
    "essay_main_subject": "영화/독서감상문",
    "expression_weight": {
      "exp_style": 1,
      "exp_grammar": 2,
      "exp_vocab": 3,
      "exp": 4
    }
  },
  "correction": [],
  "info": {
    "essay_id": "ESSAY_34022",
    "essay_prompt": " 영화에는 로맨스, 액션, 스릴러 등 정말 많은 장르가 있습니다. 사람마다 좋아하는 장르가 있고 절대 보지 않는 장르도 있습니다.\r\n\r\n 독서도 마찬가지입니다. 소설, 수필, 시, 만화, 위인전 등 여러가지 장르가 있습니다.\r\n\r\n 여러분은 어떤 장르를 좋아하나요? 그리고 해당 장르에서 가장 재미있게 봤던 영화나 책은 무엇인가요?\r\n\r\n 자신이 봤던 영화 혹은 책을 한 편 선정하여 주제와 내용 그리고 느낀점을 감상문으로 작성해주세요.",
    "essay_type": "설명글",
    "essay_level": "3",
    "essay_len": 838,
    "essay_main_subject": "영화/독서감상문"
  }
}