{
  "paragraph": [
    {
      "paragraph_txt": "이번에 읽은 책은 아들러 심리학에 대한 책으로 책 제목은 '미움받을 용기'라는 책이다.#@문장구분# 이 책은 독특한 형식으로 이루어져 있는데 바로 두 사람간의 대화형식으로 이루어져 있는데 이 형식을 처음 접했을 때에는 대본같아서 재미있었지만 글을 읽을수록 왠지 영상을 보는 것 같은 착각을 잃으켜 더욱 집중할 수 있게 되어 더 머리에 기억이 잘 남는 것 같다. #@문장구분#\n내가 이 책을 고른 이유는 바로 이 책의 제목이 저자의 흥미와 호기심을 자극하였기 때문이다.#@문장구분# 처음 이 책의 제목을 보았을 때에는 첫 번째로 필요악에 대해서 생각이 났으며 두번째로 타인의 시선에 대해 상관쓰지 않고 자기 주장을 하는 이들에 대하여 생각이 났다. #@문장구분#하지만 책을 펴서 읽다보니 내 생각하고는 조금 다른 이야기의 책이였다. #@문장구분#\n이 책은 아들러 심리학에 관한 책으로 나 자신에 대하여 내가 이때까지 해왔던 행동이나 앞으로 할 행동 등에 관해 인간의 심리와 관련지어 서술한다.#@문장구분# 또한 내가 이때까지 살아오며 구축한 타인들과의 관계에 대하여 생각해 보게 하기도 한다. #@문장구분#\n내가 이 책을 읽고 기억에남는 생각은 우리들은 목적의 필요에 의해 감정과 행동을 만들 수 있다는 것이다.#@문장구분#\n마지막으로 내가 이 책을 읽으면서 나 자신에 대하여 돌아보고 성찰하는 시간을 가졌듯이 앞으로 이 책을 읽을 독자들에게도 이와 같은 시간을 이 책과 함께 가졌으면 좋겠다.#@문장구분#",
      "paragraph_len": 847,
      "paragraph_id": "001"
    }
  ],
  "score": {
    "paragraph_score": [
      {
        "paragraph_scoreT": [
          1.8333334,
          2.5,
          1
        ],
        "paragraph_scoreT_detail": {
          "paragraph_scoreT_exp": [
            [
              2,
              2,
              1
            ],
            [
              2,
              3,
              2
            ],
            [
              1,
              1,
              1
            ]
          ]
        },
        "paragraph_scoreT_avg": 1.7777778,
        "paragraph_id": "001"
      }
    ],
    "essay_scoreT": [
      16.666668,
      23.5,
      14.5
    ],
    "essay_scoreT_avg": 18.222223,
    "essay_scoreT_detail": {
      "essay_scoreT_org": [
        [
          1,
          2,
          2,
          3
        ],
        [
          2,
          2,
          2,
          2
        ],
        [
          2,
          2,
          2,
          2
        ]
      ],
      "essay_scoreT_cont": [
        [
          1,
          2,
          0,
          2
        ],
        [
          2,
          3,
          0,
          2
        ],
        [
          2,
          1,
          0,
          2
        ]
      ],
      "essay_scoreT_exp": [
        [
          2,
          2,
          1
        ],
        [
          2,
          3,
          2
        ],
        [
          1,
          1,
          1
        ]
      ]
    }
  },
  "student": {
    "date": "2021.09.09",
    "student_educated": true,
    "student_grade": "고등_1학년",
    "location": "051",
    "student_grade_group": "고등",
    "student_reading": 2
  },
  "rubric": {
    "essay_grade": "고등_1학년",
    "organization_weight": {
      "org_paragraph": 2,
      "org": 2,
      "org_essay": 4,
      "org_coherence": 2,
      "org_quantity": 1
    },
    "essay_type": "설명글",
    "content_weight": {
      "con_clearance": 4,
      "con_novelty": 3,
      "con": 4,
      "con_prompt": 0,
      "con_description": 1
    },
    "essay_main_subject": "영화/독서감상문",
    "expression_weight": {
      "exp_style": 1,
      "exp_grammar": 2,
      "exp_vocab": 3,
      "exp": 4
    }
  },
  "correction": [],
  "info": {
    "essay_id": "ESSAY_34700",
    "essay_prompt": " 영화에는 로맨스, 액션, 스릴러 등 정말 많은 장르가 있습니다. 사람마다 좋아하는 장르가 있고 절대 보지 않는 장르도 있습니다.\r\n\r\n 독서도 마찬가지입니다. 소설, 수필, 시, 만화, 위인전 등 여러가지 장르가 있습니다.\r\n\r\n 여러분은 어떤 장르를 좋아하나요? 그리고 해당 장르에서 가장 재미있게 봤던 영화나 책은 무엇인가요?\r\n\r\n 자신이 봤던 영화 혹은 책을 한 편 선정하여 주제와 내용 그리고 느낀점을 감상문으로 작성해주세요.",
    "essay_type": "설명글",
    "essay_level": "3",
    "essay_len": 667,
    "essay_main_subject": "영화/독서감상문"
  }
}