{
  "paragraph": [
    {
      "paragraph_txt": "나는 목요일 저녁에 영화'발신제한'을 봤다.#@문장구분# 이영화는 배우 조우진이 주연으로 주인공 성규의 역할을 가지는 영화다.#@문장구분# 영화는 지점장 성규가 아내와 부부싸움을 하고 다음날 아들과 딸의 등교를 도와주려고 차에 타게된다.#@문장구분# 딸은 차에 타자마자 아빠에게 차에서 이상한 냄새가 난다고 얘기했고 성규의 차는 출발하게된다.#@문장구분# 아들을 초등학교에 데려다주는길에 차에서 휴대폰 전화소리가 들렸고 성규는 차에있는 처음보는 휴대폰으로 전화를 받게된다.#@문장구분# 발신제한으로 온 전화를 받자 수화기 건너편에서 성규를보고 차에 폭탄이 설치되어있으니 돈을 보내라 요구한다.#@문장구분# 이를 대수롭지않게 여기고 있었던 성규는 부지점장도 같은전활 받았다는 말을 듣고 부지점장이 있는곳으로 찾아가게된다. #@문장구분#부지점장 아내가 차를 빠져나오려 하자 성규와 부지점장은 아내를 말렸다.#@문장구분# 하지만 결국 아내는 문을열고 나오고 동시에 차가 폭발하면서 성규의 아들이 피를 많이 흘리게된다.#@문장구분# 전화했던사람의 말이 진짜임을 깨닫고 성규는 다급히 아들을 병원에 보내기위해 돈을 빌리고 폭발을 추적하던 경찰은 성규를 찾으러오게되고 그 과정에서 성규의 아들은 병원으로,딸은 폭발범 손에, 폭발범과 대면하게된다.#@문장구분# 폭발범은 성규가 과거에 사람들에게 리스크가 큰 상품을 판매하게 되어 아내와 자녀를 잃은사람이었다.#@문장구분#성규는 딸을 찾고 차에 설치된 폭탄때문에 폭발범과 같이 차를 타게되고 바다에 빠지게된다.#@문장구분# 이과정에서 성규는 살아서 돌아오고 폭발범은 폭발과 함게 죽게되면서 영화가 끝이난다.#@문장구분# 난 이 영화를 보고 영화의 배경이 부산 이어서 뭔가 반가운 느낌이 들었다.#@문장구분#또 초반부터 시작되는 스릴넘치는 액션에서 극도의 몰입감을 받아 심장 쫄깃하게 영화를 감상하였고 폭발때문에 다리를 다쳤던 그 쪼끄마한 아들이 피를 많이 흘리니 안타까웠다.#@문장구분# 영화의 성규처럼 나쁜마음으로 사람을 이용하여 이익을 취하면 안된다고 했던 과거의 아버지의 말씀이 떠올랐고, 영화를 통해 다시한번 머릿속에 되새김질 할 수 있었다.#@문장구분#",
      "paragraph_len": 1270,
      "paragraph_id": "001"
    }
  ],
  "score": {
    "paragraph_score": [
      {
        "paragraph_scoreT": [
          3,
          2.8333333,
          1.8333334
        ],
        "paragraph_scoreT_detail": {
          "paragraph_scoreT_exp": [
            [
              3,
              3,
              3
            ],
            [
              3,
              3,
              2
            ],
            [
              2,
              2,
              1
            ]
          ]
        },
        "paragraph_scoreT_avg": 2.5555556,
        "paragraph_id": "001"
      }
    ],
    "essay_scoreT": [
      30,
      27.333332,
      17.833334
    ],
    "essay_scoreT_avg": 25.055555,
    "essay_scoreT_detail": {
      "essay_scoreT_org": [
        [
          3,
          3,
          3,
          3
        ],
        [
          3,
          3,
          3,
          3
        ],
        [
          2,
          2,
          2,
          2
        ]
      ],
      "essay_scoreT_cont": [
        [
          3,
          3,
          0,
          3
        ],
        [
          3,
          2,
          0,
          2
        ],
        [
          2,
          1,
          0,
          2
        ]
      ],
      "essay_scoreT_exp": [
        [
          3,
          3,
          3
        ],
        [
          3,
          3,
          2
        ],
        [
          2,
          2,
          1
        ]
      ]
    }
  },
  "student": {
    "date": "2021.08.15",
    "student_educated": true,
    "student_grade": "고등_1학년",
    "location": "051",
    "student_grade_group": "고등",
    "student_reading": 1
  },
  "rubric": {
    "essay_grade": "고등_1학년",
    "organization_weight": {
      "org_paragraph": 2,
      "org": 2,
      "org_essay": 4,
      "org_coherence": 2,
      "org_quantity": 1
    },
    "essay_type": "설명글",
    "content_weight": {
      "con_clearance": 4,
      "con_novelty": 3,
      "con": 4,
      "con_prompt": 0,
      "con_description": 1
    },
    "essay_main_subject": "영화/독서감상문",
    "expression_weight": {
      "exp_style": 1,
      "exp_grammar": 2,
      "exp_vocab": 3,
      "exp": 4
    }
  },
  "correction": [],
  "info": {
    "essay_id": "ESSAY_34067",
    "essay_prompt": " 영화에는 로맨스, 액션, 스릴러 등 정말 많은 장르가 있습니다. 사람마다 좋아하는 장르가 있고 절대 보지 않는 장르도 있습니다.\r\n\r\n 독서도 마찬가지입니다. 소설, 수필, 시, 만화, 위인전 등 여러가지 장르가 있습니다.\r\n\r\n 여러분은 어떤 장르를 좋아하나요? 그리고 해당 장르에서 가장 재미있게 봤던 영화나 책은 무엇인가요?\r\n\r\n 자신이 봤던 영화 혹은 책을 한 편 선정하여 주제와 내용 그리고 느낀점을 감상문으로 작성해주세요.",
    "essay_type": "설명글",
    "essay_level": "3",
    "essay_len": 951,
    "essay_main_subject": "영화/독서감상문"
  }
}