{
  "paragraph": [
    {
      "paragraph_txt": "제가 최근에 봤던 영화는 블랙 호크 다운입니다.#@문장구분# 블랙 호크 다운은 원작인 논픽션 책은 '마크 보우 든'이라는 기자가 당시 작전에 참여한 대원들을 인터뷰한 내용을 바탕으로 하고 있습니다.#@문장구분# 제가 이 영화를 선정한 이유는 제 장래희망이 군인이고 파병을 나간 군인들이 어떻게 생활을 하는지 궁금하기도 하고 실화를 바탕으로 찍었기 때문에 블랙 호크 다운으로 선정하였습니다.#@문장구분# 1992년 동아프리카 소말리아에서 계속된 전쟁으로 인해 30만여 명이 굶어 죽었습니다.#@문장구분# 수도 모가디슈의 통치자인 강력한 군벌 모하메드 파라 아이디드는 각국에서 보내온 구호물자들을 빼앗았습니다.#@문장구분# 그래서 세계가 이에 대응하여 미 해병대 병력 2만여명을 투입시켰는데 이로 인해 상황이 조금 호전되는 듯했으나 미해병대가 철수하자 아이디드는 곧바로 남아있던 UN 평화유지군에게 전쟁을 선포하였습니다.#@문장구분# 아이디드의 민병대는 24명의 파키스탄군 병사들을 사살하고, 미군에게도 공격을 시작하였습니다.#@문장구분# 그 후 미국의 특수부대인 델타포스,레인저, 특수비행단등이 출격을 하였습니다.#@문장구분# 이 작전은 일급 기밀 작전이며 대원들은 이 작전이 한시간에 끝난다며 제대로 마음가짐을 하지않고 갔습니다.#@문장구분# 저는 여기서 대원들의 마음가짐이 별로 마음에 안들었습니다.#@문장구분# 그 이유는 아무리 특수부대이고 오랫동안 힘든 훈련을 받았다고 해도 위험한 작전을 나가는데 마인드가 좋지 않아 실망을 하였습니다.#@문장구분# 그리고 이 작전은 오후 3시 42분에 시작하여 1시간 가량 소요될 예정이었으나, 20분 간격으로 무적의 전투 헬리콥터인 '블랙 호크' 가 2대 격추되면서 군인들은 아이디드 부대원들을 공격하지 않고 작전을 구출과 생존으로 바뀌게 되었습니다.#@문장구분# 구출하는 상황에서 계속적으로 헬기가 격추되고 군인들은 총과 폭탄을 많아 사망하기도 하고 중상을 입게 되었습니다.#@문장구분# 그래서 이 상항에서 전장에 나가 있는 대장이 철수를 원했지만 총 사령관이 무슨 일이 있더라도 다 데리고 오라고 하여서 군인들은 최선을 다해 아이디드 군인들과 맞서 싸웠습니다.#@문장구분# 하루만에 군인들이 기지에 복귀를 하였고 복귀를 한 후 다시 재정비를 하고 전장에 나갔습니다.#@문장구분# 나가서 아직 구하지 못한 군인들을 데리고 오고 아이디드의 대장을 죽였습니다.#@문장구분# 저는 이 영화를 재미있게 보았고 특수부대원들이 일급 기밀 작전에 나가 다치고 고군분투하는 장면을 보았는데 한편으로는 마음이 아팠습니다.#@문장구분# 그리고 저도 살짝 고민이 되는게 힘들게 군인이 되었는데 작전에 나가 죽으면 이때까지 했던 게 다 없어지기 때문에 고민이 되지만, 군인이 될려면 그런 것을 감수하고 나가야 한다고 생각합니다.#@문장구분# 저도 군인이 되어서 일급 기밀 작전에 투입되고 싶습니다.#@문장구분#",
      "paragraph_len": 1665,
      "paragraph_id": "001"
    }
  ],
  "score": {
    "paragraph_score": [
      {
        "paragraph_scoreT": [
          2.8333333,
          3,
          2.8333333
        ],
        "paragraph_scoreT_detail": {
          "paragraph_scoreT_exp": [
            [
              3,
              3,
              2
            ],
            [
              3,
              3,
              3
            ],
            [
              3,
              3,
              2
            ]
          ]
        },
        "paragraph_scoreT_avg": 2.8888886,
        "paragraph_id": "001"
      }
    ],
    "essay_scoreT": [
      27.333332,
      27.5,
      25.333332
    ],
    "essay_scoreT_avg": 26.722221,
    "essay_scoreT_detail": {
      "essay_scoreT_org": [
        [
          3,
          3,
          3,
          3
        ],
        [
          3,
          3,
          3,
          3
        ],
        [
          2,
          2,
          2,
          2
        ]
      ],
      "essay_scoreT_cont": [
        [
          3,
          2,
          0,
          2
        ],
        [
          2,
          3,
          0,
          2
        ],
        [
          3,
          2,
          0,
          2
        ]
      ],
      "essay_scoreT_exp": [
        [
          3,
          3,
          2
        ],
        [
          3,
          3,
          3
        ],
        [
          3,
          3,
          2
        ]
      ]
    }
  },
  "student": {
    "date": "2021.09.13",
    "student_educated": true,
    "student_grade": "고등_1학년",
    "location": "051",
    "student_grade_group": "고등",
    "student_reading": 1
  },
  "rubric": {
    "essay_grade": "고등_1학년",
    "organization_weight": {
      "org_paragraph": 2,
      "org": 2,
      "org_essay": 4,
      "org_coherence": 2,
      "org_quantity": 1
    },
    "essay_type": "설명글",
    "content_weight": {
      "con_clearance": 4,
      "con_novelty": 3,
      "con": 4,
      "con_prompt": 0,
      "con_description": 1
    },
    "essay_main_subject": "영화/독서감상문",
    "expression_weight": {
      "exp_style": 1,
      "exp_grammar": 2,
      "exp_vocab": 3,
      "exp": 4
    }
  },
  "correction": [],
  "info": {
    "essay_id": "ESSAY_33963",
    "essay_prompt": " 영화에는 로맨스, 액션, 스릴러 등 정말 많은 장르가 있습니다. 사람마다 좋아하는 장르가 있고 절대 보지 않는 장르도 있습니다.\r\n\r\n 독서도 마찬가지입니다. 소설, 수필, 시, 만화, 위인전 등 여러가지 장르가 있습니다.\r\n\r\n 여러분은 어떤 장르를 좋아하나요? 그리고 해당 장르에서 가장 재미있게 봤던 영화나 책은 무엇인가요?\r\n\r\n 자신이 봤던 영화 혹은 책을 한 편 선정하여 주제와 내용 그리고 느낀점을 감상문으로 작성해주세요.",
    "essay_type": "설명글",
    "essay_level": "3",
    "essay_len": 1287,
    "essay_main_subject": "영화/독서감상문"
  }
}