{
  "paragraph": [
    {
      "paragraph_txt": "이 책을 읽게 된 동기는 식품관련 영어 논문을 한번 읽어 보고싶었는데 어려워서 엄두도 못냈었는데 난이도가 맞는 책을 찾아보니 이책이 있었고 이 책을 읽게 되었다.#@문장구분# 이 책은 세계의 식품관련 책이다.#@문장구분# 이책은 음식을 자라게하고 수송하고 유통하고 판매하는과정을 자세히는 아니지만 크게크게 이야기 해놓았고, 세계 여러나라 특산물을 소개해주었다.#@문장구분# 이책을 나처럼 식품에 관심이 많은 친구들에게소개해주고 싶다.#@문장구분#",
      "paragraph_len": 301,
      "paragraph_id": "001"
    }
  ],
  "score": {
    "paragraph_score": [
      {
        "paragraph_scoreT": [
          2,
          2.3333333,
          1
        ],
        "paragraph_scoreT_detail": {
          "paragraph_scoreT_exp": [
            [
              2,
              2,
              2
            ],
            [
              3,
              2,
              2
            ],
            [
              1,
              1,
              1
            ]
          ]
        },
        "paragraph_scoreT_avg": 1.7777777,
        "paragraph_id": "001"
      }
    ],
    "essay_scoreT": [
      16.833332,
      21.11111,
      7.7777777
    ],
    "essay_scoreT_avg": 15.240741,
    "essay_scoreT_detail": {
      "essay_scoreT_org": [
        [
          2,
          2,
          1,
          1
        ],
        [
          2,
          2,
          2,
          1
        ],
        [
          1,
          1,
          1,
          0
        ]
      ],
      "essay_scoreT_cont": [
        [
          1,
          2,
          0,
          1
        ],
        [
          2,
          2,
          0,
          2
        ],
        [
          1,
          0,
          0,
          0
        ]
      ],
      "essay_scoreT_exp": [
        [
          2,
          2,
          2
        ],
        [
          3,
          2,
          2
        ],
        [
          1,
          1,
          1
        ]
      ]
    }
  },
  "student": {
    "date": "2021.09.13",
    "student_educated": true,
    "student_grade": "고등_1학년",
    "location": "063",
    "student_grade_group": "고등",
    "student_reading": 1
  },
  "rubric": {
    "essay_grade": "고등_1학년",
    "organization_weight": {
      "org_paragraph": 2,
      "org": 2,
      "org_essay": 4,
      "org_coherence": 2,
      "org_quantity": 1
    },
    "essay_type": "설명글",
    "content_weight": {
      "con_clearance": 4,
      "con_novelty": 3,
      "con": 4,
      "con_prompt": 0,
      "con_description": 1
    },
    "essay_main_subject": "영화/독서감상문",
    "expression_weight": {
      "exp_style": 1,
      "exp_grammar": 2,
      "exp_vocab": 3,
      "exp": 4
    }
  },
  "correction": [],
  "info": {
    "essay_id": "ESSAY_34334",
    "essay_prompt": " 영화에는 로맨스, 액션, 스릴러 등 정말 많은 장르가 있습니다. 사람마다 좋아하는 장르가 있고 절대 보지 않는 장르도 있습니다.\r\n\r\n 독서도 마찬가지입니다. 소설, 수필, 시, 만화, 위인전 등 여러가지 장르가 있습니다.\r\n\r\n 여러분은 어떤 장르를 좋아하나요? 그리고 해당 장르에서 가장 재미있게 봤던 영화나 책은 무엇인가요?\r\n\r\n 자신이 봤던 영화 혹은 책을 한 편 선정하여 주제와 내용 그리고 느낀점을 감상문으로 작성해주세요.",
    "essay_type": "설명글",
    "essay_level": "3",
    "essay_len": 222,
    "essay_main_subject": "영화/독서감상문"
  }
}