{
  "paragraph": [
    {
      "paragraph_txt": "'파인만의 여섯가지 물리 이야기' 라는 책에서도 이 책의 저자인 파인만이 한 말과 비슷한 구절을 인용했는데, 체스 게임을 할 때 체스 규칙을 모르더라도 옆에서 구경하는 행위로 체스의 규칙을 알아가게 된다.#@문장구분# \n그리고 물리적 세계관의 궁극적 특성을 알기 위해서는 수학적 추론이라는 방법을 사용해야 한다.#@문장구분# \n전국 과학교사 협회에서 파인만은 학생들이 과학자들처럼 사고하는 방법, 호기심을 가지고 열린 마음을 갖는 것, 무엇보다도 의구심을 가지고 세계를 바라보는 법을 가르쳐주었다.#@문장구분# \n나는 이러한 파인만의 사고방식이 있었기에 파인만 자신도 그러한 위치에 오를수 있었다고 생각한다.#@문장구분# \n'모든 인간에게 천국의 문을 열 수 있는 천국의 열쇠가 주어지는데, 그 열쇠로 지옥의 문도 열 수 있다!' 라는 명언을 남긴 파인만은 철학이 어떤 것인지, 그리고 철학의 진보성을 고려해야함을 나타내고 있다.#@문장구분# \n사실상 과학철학의 이야기는 부수적인 주제라고 생각하고 이 책의 제목처럼 '발견하는 즐거움'이란 체스 게임에서의 비유와 같이 세계의 진리를 하나씩 알아가는 일련의 과정속에서 느끼는 희열감을 표출함이 아니었을까 생각이 든다.#@문장구분#",
      "paragraph_len": 681,
      "paragraph_id": "001"
    }
  ],
  "score": {
    "paragraph_score": [
      {
        "paragraph_scoreT": [
          3,
          2.8333333,
          2
        ],
        "paragraph_scoreT_detail": {
          "paragraph_scoreT_exp": [
            [
              3,
              3,
              3
            ],
            [
              3,
              3,
              2
            ],
            [
              2,
              2,
              2
            ]
          ]
        },
        "paragraph_scoreT_avg": 2.611111,
        "paragraph_id": "001"
      }
    ],
    "essay_scoreT": [
      25.555555,
      25.555555,
      20.222221
    ],
    "essay_scoreT_avg": 23.777777,
    "essay_scoreT_detail": {
      "essay_scoreT_org": [
        [
          3,
          3,
          3,
          1
        ],
        [
          2,
          2,
          3,
          1
        ],
        [
          2,
          2,
          3,
          1
        ]
      ],
      "essay_scoreT_cont": [
        [
          2,
          2,
          0,
          2
        ],
        [
          3,
          2,
          0,
          2
        ],
        [
          2,
          2,
          0,
          2
        ]
      ],
      "essay_scoreT_exp": [
        [
          3,
          3,
          3
        ],
        [
          3,
          3,
          2
        ],
        [
          2,
          2,
          2
        ]
      ]
    }
  },
  "student": {
    "date": "2021.09.07",
    "student_educated": true,
    "student_grade": "고등_1학년",
    "location": "051",
    "student_grade_group": "고등",
    "student_reading": 1
  },
  "rubric": {
    "essay_grade": "고등_1학년",
    "organization_weight": {
      "org_paragraph": 2,
      "org": 2,
      "org_essay": 4,
      "org_coherence": 2,
      "org_quantity": 1
    },
    "essay_type": "설명글",
    "content_weight": {
      "con_clearance": 4,
      "con_novelty": 3,
      "con": 4,
      "con_prompt": 0,
      "con_description": 1
    },
    "essay_main_subject": "영화/독서감상문",
    "expression_weight": {
      "exp_style": 1,
      "exp_grammar": 2,
      "exp_vocab": 3,
      "exp": 4
    }
  },
  "correction": [],
  "info": {
    "essay_id": "ESSAY_34380",
    "essay_prompt": " 영화에는 로맨스, 액션, 스릴러 등 정말 많은 장르가 있습니다. 사람마다 좋아하는 장르가 있고 절대 보지 않는 장르도 있습니다.\r\n\r\n 독서도 마찬가지입니다. 소설, 수필, 시, 만화, 위인전 등 여러가지 장르가 있습니다.\r\n\r\n 여러분은 어떤 장르를 좋아하나요? 그리고 해당 장르에서 가장 재미있게 봤던 영화나 책은 무엇인가요?\r\n\r\n 자신이 봤던 영화 혹은 책을 한 편 선정하여 주제와 내용 그리고 느낀점을 감상문으로 작성해주세요.",
    "essay_type": "설명글",
    "essay_level": "3",
    "essay_len": 562,
    "essay_main_subject": "영화/독서감상문"
  }
}