{
  "paragraph": [
    {
      "paragraph_txt": "소셜 네트워크의 발전은 어떻게 정치를 바꾸어 놓았을까?#@문장구분# 정치에서 소셜 네트워크의 힘이 막강하다는 사실은 이제는 부인할 수 없는 사실이 되었다.#@문장구분#  6.2 지방선거, 10.26 재보궐 선거에 알 수 있었듯이 소셜 네트워크는 후보의 당락에 지대한 영향을 미쳤다.#@문장구분# 이 책은 주로 소셜 네트워크의 발달로 인해 미디어와 정치 분야에서의 변화에 대해 중점적으로 다룬다.#@문장구분# 미디어 분야에서 우리의 정보 접근성은 아주 높아졌다.#@문장구분# 이제는 한 명만 아는 정보는 잘 없다. #@문장구분#네트워크 상에서 정보는 순식간에 모두에게 퍼져나가 '모두가 아는 정보'가 된다. #@문장구분#정치에서도 많은 변화가 나타났는데, 정치인들도 이제는 세태에 맞추어 SNS로 홍보도 해야하고, SNS등의 경로를 통해 자신의 진실성을 보여주어야 한다. #@문장구분#책에서는 이러한 정치권의 변화가 비단 한국에서 일어나는 일 만은 아니라는 점을 강조한다. #@문장구분#자스민 혁명, 미국 월가의 시위등의 사례를 제시해주었다. #@문장구분#소셜 네트워크는 집단 수준의 정서와 지성이 어떻게 변모하는지를 반영하는 것 같다. #@문장구분#이제는 정치인도 대중의 관심과 이목을 끌며 소통에 열심이어야 민심을 받는 때가 온 것인가? #@문장구분#",
      "paragraph_len": 801,
      "paragraph_id": "001"
    }
  ],
  "score": {
    "paragraph_score": [
      {
        "paragraph_scoreT": [
          3,
          2.3333333,
          2
        ],
        "paragraph_scoreT_detail": {
          "paragraph_scoreT_exp": [
            [
              3,
              3,
              3
            ],
            [
              3,
              2,
              2
            ],
            [
              2,
              2,
              2
            ]
          ]
        },
        "paragraph_scoreT_avg": 2.4444444,
        "paragraph_id": "001"
      }
    ],
    "essay_scoreT": [
      29.055555,
      21.11111,
      22.944445
    ],
    "essay_scoreT_avg": 24.370369,
    "essay_scoreT_detail": {
      "essay_scoreT_org": [
        [
          3,
          3,
          3,
          1
        ],
        [
          2,
          2,
          2,
          1
        ],
        [
          2,
          2,
          3,
          2
        ]
      ],
      "essay_scoreT_cont": [
        [
          3,
          3,
          0,
          2
        ],
        [
          2,
          2,
          0,
          2
        ],
        [
          3,
          2,
          0,
          3
        ]
      ],
      "essay_scoreT_exp": [
        [
          3,
          3,
          3
        ],
        [
          3,
          2,
          2
        ],
        [
          2,
          2,
          2
        ]
      ]
    }
  },
  "student": {
    "date": "2021.09.07",
    "student_educated": true,
    "student_grade": "고등_1학년",
    "location": "051",
    "student_grade_group": "고등",
    "student_reading": 2
  },
  "rubric": {
    "essay_grade": "고등_1학년",
    "organization_weight": {
      "org_paragraph": 2,
      "org": 2,
      "org_essay": 4,
      "org_coherence": 2,
      "org_quantity": 1
    },
    "essay_type": "설명글",
    "content_weight": {
      "con_clearance": 4,
      "con_novelty": 3,
      "con": 4,
      "con_prompt": 0,
      "con_description": 1
    },
    "essay_main_subject": "영화/독서감상문",
    "expression_weight": {
      "exp_style": 1,
      "exp_grammar": 2,
      "exp_vocab": 3,
      "exp": 4
    }
  },
  "correction": [],
  "info": {
    "essay_id": "ESSAY_34239",
    "essay_prompt": " 영화에는 로맨스, 액션, 스릴러 등 정말 많은 장르가 있습니다. 사람마다 좋아하는 장르가 있고 절대 보지 않는 장르도 있습니다.\r\n\r\n 독서도 마찬가지입니다. 소설, 수필, 시, 만화, 위인전 등 여러가지 장르가 있습니다.\r\n\r\n 여러분은 어떤 장르를 좋아하나요? 그리고 해당 장르에서 가장 재미있게 봤던 영화나 책은 무엇인가요?\r\n\r\n 자신이 봤던 영화 혹은 책을 한 편 선정하여 주제와 내용 그리고 느낀점을 감상문으로 작성해주세요.",
    "essay_type": "설명글",
    "essay_level": "3",
    "essay_len": 561,
    "essay_main_subject": "영화/독서감상문"
  }
}