{
  "paragraph": [
    {
      "paragraph_txt": "최근 국내 KBO, 미국 메이저리그가 개막하면서 국내.외 야구에 관심이 생겼다.#@문장구분# '야구소녀'라는 책을 발견하게 되어서 이 책을 읽게 되었다.#@문장구분# 이 책은 화양고등학교 3학년의 주수인이라는 여자 선수가 프로 약에서 뛰는 것을 목표로 하며서 여러 가지 고난을 겪는다는 이야기다.#@문장구분# 지금까지 한번도 여자 선수가 프로 선수가 된 적이 없기 때문에 감독님, 코치, 구단에서도 무리라며, 절대 안될꺼라고 하지만 주수인은 절대포기 하지 않는다.#@문장구분# 나는 이 책을 읽으면서 지금의 나의 상황을 비웃는 것 같아서 굉장히 동기 부여가 되었다.#@문장구분# 의사라는 높은 꿈을 포기하지도 못하고 또 용기내어 끝까지 오를 자신도 없는 나를 보면서 포기하지 말라는 응원을 하는 것 같은 기분이들었다.#@문장구분#",
      "paragraph_len": 486,
      "paragraph_id": "001"
    }
  ],
  "score": {
    "paragraph_score": [
      {
        "paragraph_scoreT": [
          1.8333334,
          1.8333334,
          1.8333334
        ],
        "paragraph_scoreT_detail": {
          "paragraph_scoreT_exp": [
            [
              2,
              2,
              1
            ],
            [
              2,
              2,
              1
            ],
            [
              2,
              2,
              1
            ]
          ]
        },
        "paragraph_scoreT_avg": 1.8333334,
        "paragraph_id": "001"
      }
    ],
    "essay_scoreT": [
      14,
      18.61111,
      15.333334
    ],
    "essay_scoreT_avg": 15.981481,
    "essay_scoreT_detail": {
      "essay_scoreT_org": [
        [
          1,
          2,
          2,
          0
        ],
        [
          2,
          2,
          2,
          1
        ],
        [
          1,
          1,
          1,
          1
        ]
      ],
      "essay_scoreT_cont": [
        [
          1,
          1,
          0,
          1
        ],
        [
          2,
          2,
          0,
          1
        ],
        [
          2,
          1,
          0,
          1
        ]
      ],
      "essay_scoreT_exp": [
        [
          2,
          2,
          1
        ],
        [
          2,
          2,
          1
        ],
        [
          2,
          2,
          1
        ]
      ]
    }
  },
  "student": {
    "date": "2021.09.10",
    "student_educated": true,
    "student_grade": "고등_1학년",
    "location": "063",
    "student_grade_group": "고등",
    "student_reading": 2
  },
  "rubric": {
    "essay_grade": "고등_1학년",
    "organization_weight": {
      "org_paragraph": 2,
      "org": 2,
      "org_essay": 4,
      "org_coherence": 2,
      "org_quantity": 1
    },
    "essay_type": "설명글",
    "content_weight": {
      "con_clearance": 4,
      "con_novelty": 3,
      "con": 4,
      "con_prompt": 0,
      "con_description": 1
    },
    "essay_main_subject": "영화/독서감상문",
    "expression_weight": {
      "exp_style": 1,
      "exp_grammar": 2,
      "exp_vocab": 3,
      "exp": 4
    }
  },
  "correction": [],
  "info": {
    "essay_id": "ESSAY_34689",
    "essay_prompt": " 영화에는 로맨스, 액션, 스릴러 등 정말 많은 장르가 있습니다. 사람마다 좋아하는 장르가 있고 절대 보지 않는 장르도 있습니다.\r\n\r\n 독서도 마찬가지입니다. 소설, 수필, 시, 만화, 위인전 등 여러가지 장르가 있습니다.\r\n\r\n 여러분은 어떤 장르를 좋아하나요? 그리고 해당 장르에서 가장 재미있게 봤던 영화나 책은 무엇인가요?\r\n\r\n 자신이 봤던 영화 혹은 책을 한 편 선정하여 주제와 내용 그리고 느낀점을 감상문으로 작성해주세요.",
    "essay_type": "설명글",
    "essay_level": "3",
    "essay_len": 367,
    "essay_main_subject": "영화/독서감상문"
  }
}