{
  "paragraph": [
    {
      "paragraph_txt": "사회와문화 시간에 세계화에 대한 내용을 수업을 듣고 교과서에는 세계화에 대한 긍정적인 내용을 중점적으로 다루고 있어 단점과 문제점들에 대해서 탐구해보고 싶은 마음에 이 책을 찾아 보게 되었다.#@문장구분# 사실 수업 이전까지는 세계화라든가 경제상황에 관심이 적었던것도 문제였지만 그저 세계화라는 단어에 막연히 좋은거 아닐까 생각했던 와중에 수업을 들으니 내가 생각하는 것과는 많은 것이 다르다는 점을 알게되었다.#@문장구분# 책의 내용 중 인상깊었던 내용에는 효율성을 강조한 경제성장이 낙후된 산업을 아예 없애버리기도 한다는것이다.#@문장구분# 한국의 경우 농업생산이 대표적인데 한국은 농업의 면적당 생산량이 매우 낮은 편이어서 가격이 외국에 비해 비싼 편이다.#@문장구분# 상황이 그러하다 보니 국내산이 해외산보다 더 비싼 가격을 형성하게 되는데, 가격으로 인해 이미 벌어진 비슷한 상품이 진열 되어있을때 많은 사람들이 가격이 저렴한 쪽을 선호하게 된다.#@문장구분# 외국에서 수입해온 상품이 더 소비될수록 국내 기업들은 경쟁력을 잃게 되고 곡물을 수출하는 나라에 의존하게 된다. #@문장구분#경쟁력을 잃은 산업은 구조조정 및 폐업신고를 하게 되지만, 이러한 현상이 점점 커질수록 상품에 대한 권한을 외국에 넘기게 되어버렸다.#@문장구분# 그로인해 대체할 수 없게 되었을때 더많은 돈을 들여 수입할수 밖에 없게된다.#@문장구분# 효율성만 강조했던 이데올로기에 대한 역설이다.#@문장구분# 효율성은 당장의 이익을 가져다 주지만 장기적으로 봤을때 그러지 못하는 경우도 많다.#@문장구분# 특히 농업과 같은 생존과 연결되어 있는 상품의 경우 점점 의존도가 높아지면서 독점 구조를 띠어 가격을 상승시킬 수 있다.#@문장구분# 그렇기에 충분히 고려하는게 중요하다고 생각이 든다.#@문장구분#",
      "paragraph_len": 1042,
      "paragraph_id": "001"
    }
  ],
  "score": {
    "paragraph_score": [
      {
        "paragraph_scoreT": [
          3,
          2.8333333,
          2
        ],
        "paragraph_scoreT_detail": {
          "paragraph_scoreT_exp": [
            [
              3,
              3,
              3
            ],
            [
              3,
              3,
              2
            ],
            [
              2,
              2,
              2
            ]
          ]
        },
        "paragraph_scoreT_avg": 2.611111,
        "paragraph_id": "001"
      }
    ],
    "essay_scoreT": [
      30,
      26.722221,
      22.666666
    ],
    "essay_scoreT_avg": 26.462961,
    "essay_scoreT_detail": {
      "essay_scoreT_org": [
        [
          3,
          3,
          3,
          3
        ],
        [
          2,
          3,
          3,
          2
        ],
        [
          2,
          2,
          3,
          3
        ]
      ],
      "essay_scoreT_cont": [
        [
          3,
          3,
          0,
          3
        ],
        [
          3,
          2,
          0,
          3
        ],
        [
          3,
          2,
          0,
          2
        ]
      ],
      "essay_scoreT_exp": [
        [
          3,
          3,
          3
        ],
        [
          3,
          3,
          2
        ],
        [
          2,
          2,
          2
        ]
      ]
    }
  },
  "student": {
    "date": "2021.09.13",
    "student_educated": true,
    "student_grade": "고등_1학년",
    "location": "063",
    "student_grade_group": "고등",
    "student_reading": 2
  },
  "rubric": {
    "essay_grade": "고등_1학년",
    "organization_weight": {
      "org_paragraph": 2,
      "org": 2,
      "org_essay": 4,
      "org_coherence": 2,
      "org_quantity": 1
    },
    "essay_type": "설명글",
    "content_weight": {
      "con_clearance": 4,
      "con_novelty": 3,
      "con": 4,
      "con_prompt": 0,
      "con_description": 1
    },
    "essay_main_subject": "영화/독서감상문",
    "expression_weight": {
      "exp_style": 1,
      "exp_grammar": 2,
      "exp_vocab": 3,
      "exp": 4
    }
  },
  "correction": [],
  "info": {
    "essay_id": "ESSAY_34435",
    "essay_prompt": " 영화에는 로맨스, 액션, 스릴러 등 정말 많은 장르가 있습니다. 사람마다 좋아하는 장르가 있고 절대 보지 않는 장르도 있습니다.\r\n\r\n 독서도 마찬가지입니다. 소설, 수필, 시, 만화, 위인전 등 여러가지 장르가 있습니다.\r\n\r\n 여러분은 어떤 장르를 좋아하나요? 그리고 해당 장르에서 가장 재미있게 봤던 영화나 책은 무엇인가요?\r\n\r\n 자신이 봤던 영화 혹은 책을 한 편 선정하여 주제와 내용 그리고 느낀점을 감상문으로 작성해주세요.",
    "essay_type": "설명글",
    "essay_level": "3",
    "essay_len": 802,
    "essay_main_subject": "영화/독서감상문"
  }
}