{
  "paragraph": [
    {
      "paragraph_txt": "이 책은 우연히 나미야 잡화점에 들어온 3인조 도둑이 잡화점에서 신기한 일을 겪는 것이다. #@문장구분#신기한 일이란 바로 과거와 연락을 할 수 있다는 점이다. #@문장구분#우연히 주인공들은 봉투편지를 발견하고 그것이 고민상담 편지인 것을 알았다.#@문장구분# 그래서 그 편지에 답장을 하던 와중에 그 편지가 과거에서 부터 왔다는 것을 알게된 것이었다. #@문장구분#그 상담자들은 여러명 있는데 먼저 달토끼라는 사람이었다. #@문장구분#달토끼라는 사람은 과거에 올림픽 준비를 하던 사람인데 연인이 시한부 판정을 받아 올림픽 준비를 할지 연인과 함께할 지에 대한 고민인데 주인공들은 미래에 올림픽이 취소가 된다는 사실을 알고 연인 곁에 있어주라고 한다.#@문장구분#\n이런 식으로 과거의 사람들의 편지를 받아서 미래에 결과를 알고 그에 알맞은 조언을 해주는 것이다.#@문장구분# 이 책을 읽으면서 요즘 공부로 지친 일상에 머리에 무리가 가지 않고 편안하게 즐길 수 있는 책이었던 것 같다. #@문장구분#그리고 여기서 인상깊은 구절이 나오는데 \" 하지만 보는 방식을 달리해 봅시다.#@문장구분# 백지 때문에 어떤 지도라도 그릴 수 있습니다.#@문장구분# 모든 것이 당신이 하기 나름인 것이지요\"라는 구절이다. #@문장구분#이 구절을 읽고 다시 한번 삶에 힘이 난 것같다.#@문장구분#",
      "paragraph_len": 815,
      "paragraph_id": "001"
    }
  ],
  "score": {
    "paragraph_score": [
      {
        "paragraph_scoreT": [
          1.3333334,
          2.3333333,
          2
        ],
        "paragraph_scoreT_detail": {
          "paragraph_scoreT_exp": [
            [
              2,
              1,
              1
            ],
            [
              3,
              2,
              2
            ],
            [
              2,
              2,
              2
            ]
          ]
        },
        "paragraph_scoreT_avg": 1.8888888,
        "paragraph_id": "001"
      }
    ],
    "essay_scoreT": [
      15.555555,
      21.333332,
      22.944445
    ],
    "essay_scoreT_avg": 19.944443,
    "essay_scoreT_detail": {
      "essay_scoreT_org": [
        [
          1,
          1,
          1,
          2
        ],
        [
          2,
          2,
          2,
          2
        ],
        [
          2,
          2,
          3,
          2
        ]
      ],
      "essay_scoreT_cont": [
        [
          2,
          1,
          0,
          1
        ],
        [
          2,
          2,
          0,
          2
        ],
        [
          3,
          2,
          0,
          3
        ]
      ],
      "essay_scoreT_exp": [
        [
          2,
          2,
          1
        ],
        [
          3,
          2,
          2
        ],
        [
          2,
          2,
          2
        ]
      ]
    }
  },
  "student": {
    "date": "2021.09.07",
    "student_educated": true,
    "student_grade": "고등_1학년",
    "location": "051",
    "student_grade_group": "고등",
    "student_reading": 1
  },
  "rubric": {
    "essay_grade": "고등_1학년",
    "organization_weight": {
      "org_paragraph": 2,
      "org": 2,
      "org_essay": 4,
      "org_coherence": 2,
      "org_quantity": 1
    },
    "essay_type": "설명글",
    "content_weight": {
      "con_clearance": 4,
      "con_novelty": 3,
      "con": 4,
      "con_prompt": 0,
      "con_description": 1
    },
    "essay_main_subject": "영화/독서감상문",
    "expression_weight": {
      "exp_style": 1,
      "exp_grammar": 2,
      "exp_vocab": 3,
      "exp": 4
    }
  },
  "correction": [],
  "info": {
    "essay_id": "ESSAY_34494",
    "essay_prompt": " 영화에는 로맨스, 액션, 스릴러 등 정말 많은 장르가 있습니다. 사람마다 좋아하는 장르가 있고 절대 보지 않는 장르도 있습니다.\r\n\r\n 독서도 마찬가지입니다. 소설, 수필, 시, 만화, 위인전 등 여러가지 장르가 있습니다.\r\n\r\n 여러분은 어떤 장르를 좋아하나요? 그리고 해당 장르에서 가장 재미있게 봤던 영화나 책은 무엇인가요?\r\n\r\n 자신이 봤던 영화 혹은 책을 한 편 선정하여 주제와 내용 그리고 느낀점을 감상문으로 작성해주세요.",
    "essay_type": "설명글",
    "essay_level": "3",
    "essay_len": 575,
    "essay_main_subject": "영화/독서감상문"
  }
}