{
  "paragraph": [
    {
      "paragraph_txt": "오늘날 반도체는 우리의 삶에 필수불가결한 존재이다.#@문장구분# 하지만 우리는 우리나라가 반도체 강국인 것만 알고 반도체가 무슨 일을 하는지 어떻게 만들어지고 어떤 종류가 있는지에는 관심이 없다.#@문장구분# 그래서 이 책을 통해 그런것들을 알아보게 되었다.#@문장구분# 반도체는 p형 반도체와 n 형 반도체가 있으며 일반반도체에 불순물을 넣어서 전기전도성을 높혔다.#@문장구분# 반도체는 트랜지스터와 집적회로의 발명으로 인해 더 발전 하였다.#@문장구분# 그래서 오늘날 이렇게 반도체가 발전할 수 있었으며 반도체의 유행에 기초가 되었다.#@문장구분# 반도체는 집적 여부에 따라, 신호형태에 따라, 용도에 따라, 제작방식에 따라 구분할 수 있으며 일반적으로는 비메모리 반도체와 메모리 반도체로 분류할 수 있다.#@문장구분# 메모리 반도체에는 램과 롬이 있고 램은 휘발성 반도체이고 롬은 비휘발성 반도체이다.#@문장구분# 휘발성 반도체는 기기를 끄면 정보가 날아가지만 비휘발성 반도체는 기기를 종료해도 정보가 사라지지 않는다.#@문장구분# 메모리 반도체에는 D램과 S램이 있으며 D램이 보통 많이 쓰이는 램이다.#@문장구분# 롬에는 낸드 플래시가 있으며 최근에는 낸드 플래시가 뜨고 있다고 한다.#@문장구분# 비메모리 반도체에는 시스템 반도체와 광반도체, 개별소자가 있으면 광반도체는 LED 같은 빛을 내는 반도체를 말하며 개별소자는 집적 연결을 하지 않은 반도체이다.#@문장구분# 시스템 반도체가 기기을 작동 시키는 반도체라고 생각할 수 있는데 그만큼 기기에서 많은 부분을 차지하고 메모리 반도체가 3개 들어간다면 시스템 반도체는 30개가 들어 갈 만큼 훨씬 많이 들어간다.#@문장구분# 시스템 반도체에는 마이크로컴포넌트, 아날로그 반도체, 로직 반도체등이 있다.#@문장구분# 이렇게 반도체가 하는 일과 종류를 이책을 통해 알 수 있었으며 전자전기학과를 가고 싶다는 내 바람을 이루고 나면 과연 어디로 취업하고 뭘 만드는 사람이 될까 라는 생각을 조금더 구체적으로 생각할 수 있는 계기가 되었고 이처럼 많은 반도체가 있다는 생각을 하지는 않았기 때문에 오히려 꿈에 대해 생각할 거리가 많아졌다고 생각한다.#@문장구분# ",
      "paragraph_len": 1269,
      "paragraph_id": "001"
    }
  ],
  "score": {
    "paragraph_score": [
      {
        "paragraph_scoreT": [
          2.5,
          2.5,
          2
        ],
        "paragraph_scoreT_detail": {
          "paragraph_scoreT_exp": [
            [
              2,
              3,
              2
            ],
            [
              2,
              3,
              2
            ],
            [
              2,
              2,
              2
            ]
          ]
        },
        "paragraph_scoreT_avg": 2.3333333,
        "paragraph_id": "001"
      }
    ],
    "essay_scoreT": [
      24.055555,
      24.722221,
      20.222221
    ],
    "essay_scoreT_avg": 23,
    "essay_scoreT_detail": {
      "essay_scoreT_org": [
        [
          3,
          3,
          2,
          3
        ],
        [
          2,
          2,
          2,
          3
        ],
        [
          2,
          2,
          2,
          3
        ]
      ],
      "essay_scoreT_cont": [
        [
          2,
          2,
          0,
          3
        ],
        [
          3,
          2,
          0,
          3
        ],
        [
          2,
          2,
          0,
          2
        ]
      ],
      "essay_scoreT_exp": [
        [
          2,
          3,
          2
        ],
        [
          2,
          3,
          2
        ],
        [
          2,
          2,
          2
        ]
      ]
    }
  },
  "student": {
    "date": "2021.09.09",
    "student_educated": true,
    "student_grade": "고등_1학년",
    "location": "051",
    "student_grade_group": "고등",
    "student_reading": 2
  },
  "rubric": {
    "essay_grade": "고등_1학년",
    "organization_weight": {
      "org_paragraph": 2,
      "org": 2,
      "org_essay": 4,
      "org_coherence": 2,
      "org_quantity": 1
    },
    "essay_type": "설명글",
    "content_weight": {
      "con_clearance": 4,
      "con_novelty": 3,
      "con": 4,
      "con_prompt": 0,
      "con_description": 1
    },
    "essay_main_subject": "영화/독서감상문",
    "expression_weight": {
      "exp_style": 1,
      "exp_grammar": 2,
      "exp_vocab": 3,
      "exp": 4
    }
  },
  "correction": [],
  "info": {
    "essay_id": "ESSAY_34717",
    "essay_prompt": " 영화에는 로맨스, 액션, 스릴러 등 정말 많은 장르가 있습니다. 사람마다 좋아하는 장르가 있고 절대 보지 않는 장르도 있습니다.\r\n\r\n 독서도 마찬가지입니다. 소설, 수필, 시, 만화, 위인전 등 여러가지 장르가 있습니다.\r\n\r\n 여러분은 어떤 장르를 좋아하나요? 그리고 해당 장르에서 가장 재미있게 봤던 영화나 책은 무엇인가요?\r\n\r\n 자신이 봤던 영화 혹은 책을 한 편 선정하여 주제와 내용 그리고 느낀점을 감상문으로 작성해주세요.",
    "essay_type": "설명글",
    "essay_level": "3",
    "essay_len": 969,
    "essay_main_subject": "영화/독서감상문"
  }
}