{
  "paragraph": [
    {
      "paragraph_txt": "이 책은 곰팡이에 대한 숨겨진 이야기를 담고 있는 책이다.#@문장구분# 흔히 우리가 곰팡이라고 하면 굉장히 부정적이게 생각을 하는데, 이 책에서는 곰팡이의 그런 부정적인 부분이 아닌 긍정적인 부분에 조금 더 비중을 두고 있다.#@문장구분# 대표적인 예시가 바로 푸른 곰팡이이다.#@문장구분#",
      "paragraph_len": 201,
      "paragraph_id": "001"
    },
    {
      "paragraph_txt": "푸른 곰팡이를 이용해서 만든 페니실린 같은 경우 인류 역사상 거의 손꼽힐 정도의 위대한 의약품으로 자리 잡고 있다.#@문장구분# 많은 이들이\n이를 통해 질병을 치료해 왔다.#@문장구분# 이 처럼 곰팡이가 그저 부정적인 물질이 아니라고 보여주고 있는 좋은 책이다.#@문장구분# 용어 또한 쉬워서 영단어에 미숙한 아이들이 읽기에도 좋을 것 같다.#@문장구분#",
      "paragraph_len": 250,
      "paragraph_id": "002"
    }
  ],
  "score": {
    "paragraph_score": [
      {
        "paragraph_scoreT": [
          3,
          2.8333333,
          2
        ],
        "paragraph_scoreT_detail": {
          "paragraph_scoreT_exp": [
            [
              3,
              3,
              3
            ],
            [
              3,
              3,
              2
            ],
            [
              2,
              2,
              2
            ]
          ]
        },
        "paragraph_scoreT_avg": 2.611111,
        "paragraph_id": "001"
      },
      {
        "paragraph_scoreT": [
          3,
          2.8333333,
          2
        ],
        "paragraph_scoreT_detail": {
          "paragraph_scoreT_exp": [
            [
              3,
              3,
              3
            ],
            [
              3,
              3,
              2
            ],
            [
              2,
              2,
              2
            ]
          ]
        },
        "paragraph_scoreT_avg": 2.611111,
        "paragraph_id": "002"
      }
    ],
    "essay_scoreT": [
      25.555555,
      23.11111,
      15.555555
    ],
    "essay_scoreT_avg": 21.407408,
    "essay_scoreT_detail": {
      "essay_scoreT_org": [
        [
          3,
          3,
          3,
          1
        ],
        [
          2,
          2,
          2,
          1
        ],
        [
          2,
          2,
          2,
          0
        ]
      ],
      "essay_scoreT_cont": [
        [
          2,
          2,
          0,
          2
        ],
        [
          2,
          2,
          0,
          2
        ],
        [
          1,
          1,
          0,
          1
        ]
      ],
      "essay_scoreT_exp": [
        [
          3,
          3,
          3
        ],
        [
          3,
          3,
          2
        ],
        [
          2,
          2,
          2
        ]
      ]
    }
  },
  "student": {
    "date": "2021.09.13",
    "student_educated": true,
    "student_grade": "고등_1학년",
    "location": "063",
    "student_grade_group": "고등",
    "student_reading": 1
  },
  "rubric": {
    "essay_grade": "고등_1학년",
    "organization_weight": {
      "org_paragraph": 2,
      "org": 2,
      "org_essay": 4,
      "org_coherence": 2,
      "org_quantity": 1
    },
    "essay_type": "설명글",
    "content_weight": {
      "con_clearance": 4,
      "con_novelty": 3,
      "con": 4,
      "con_prompt": 0,
      "con_description": 1
    },
    "essay_main_subject": "영화/독서감상문",
    "expression_weight": {
      "exp_style": 1,
      "exp_grammar": 2,
      "exp_vocab": 3,
      "exp": 4
    }
  },
  "correction": [],
  "info": {
    "essay_id": "ESSAY_34354",
    "essay_prompt": " 영화에는 로맨스, 액션, 스릴러 등 정말 많은 장르가 있습니다. 사람마다 좋아하는 장르가 있고 절대 보지 않는 장르도 있습니다.\r\n\r\n 독서도 마찬가지입니다. 소설, 수필, 시, 만화, 위인전 등 여러가지 장르가 있습니다.\r\n\r\n 여러분은 어떤 장르를 좋아하나요? 그리고 해당 장르에서 가장 재미있게 봤던 영화나 책은 무엇인가요?\r\n\r\n 자신이 봤던 영화 혹은 책을 한 편 선정하여 주제와 내용 그리고 느낀점을 감상문으로 작성해주세요.",
    "essay_type": "설명글",
    "essay_level": "3",
    "essay_len": 313,
    "essay_main_subject": "영화/독서감상문"
  }
}