{
  "paragraph": [
    {
      "paragraph_txt": "이 책을 고르게 된 이유는 마침 학교에서도 미적분을 배우고 있고 책의 제목이 흥미로워서 고르게 되었다.#@문장구분# 미적분학 갤러니는 뉴턴에서 르베그까지 위대한 수학자들이 들려주는 미적분이야기이다.#@문장구분# 미적분학의 위치에서 특별한 위치를 차지하고 있는 수학자 12명과 그들의 업적을 집중 조명한 책이다.#@문장구분# 각각의 수학자들이 미적분학 기본정리를 완성하기 위해서 열심히 노력한 과정들을 미적분학 기본정리와 함께 그려내었다.#@문장구분# 이 책의 작가는 수학자들의 업적을 원래의 모습에 충실하면서도 독자가 이해할수 있는 방식으로 전하는데에 목표를 기울였다.#@문장구분# 미적분학의 발전을 나타내는 정리들이 만들어지던 시기의 모습을 소개하고 그것을 사용한 천재들에 대해 말한다.#@문장구분# 이 책의 흥미로웠던 점은 바이어슈트라스의 모든 점에서 연속이나 어디서도 미분가능하지 않은 함수와 같은 현대적 교과서에서 나타나지않는 이야기를 한다는 것이다.#@문장구분# 이 책의 내용은 돌멩이는 셈을 도와주는 가장 원시적인 도구이며 인류는 생존과 의사소통, 자연의 변화와 말씀을 이해하기 위해서 셈을 하였으며 인류의 문명은 셈범의 역사라 해도 과언이 아니라고 말한다.#@문장구분# 17세기에 순간변화를 다루는 미분법이 적분법과 관련이 있다는것을 깨달았고, 이 둘이 하나가 되어서 미적분학이 되었다.#@문장구분# 나는 미적분학 갤러리를 읽으면서 미적분학의 기본정리를 위해서 그들이 벌인 사투와 승리, 재앙 그리고 다시 이를 이겨내는 불굴의 의지에 집중을 하면서 보았다.#@문장구분# 나는 무언가를 하다가 안되면 포기하고 다른것을 찾아서 할것 같은데 여기나온 수학자들은 포기하지 않고 하나의 수학적 사실을 밝혀내기 위해서 노력하는 모습을 보고 나도 이러한 점들을 본받아서 포기하지 않고 목표를 세워 그 목표만을 향해서 달려나가야 되는 사람이 되어야겠다고 다짐하게 되었다.#@문장구분#",
      "paragraph_len": 1084,
      "paragraph_id": "001"
    }
  ],
  "score": {
    "paragraph_score": [
      {
        "paragraph_scoreT": [
          3,
          2.8333333,
          2.5
        ],
        "paragraph_scoreT_detail": {
          "paragraph_scoreT_exp": [
            [
              3,
              3,
              3
            ],
            [
              3,
              3,
              2
            ],
            [
              2,
              3,
              2
            ]
          ]
        },
        "paragraph_scoreT_avg": 2.7777777,
        "paragraph_id": "001"
      }
    ],
    "essay_scoreT": [
      30,
      23.777779,
      25.166666
    ],
    "essay_scoreT_avg": 26.314814,
    "essay_scoreT_detail": {
      "essay_scoreT_org": [
        [
          3,
          3,
          3,
          3
        ],
        [
          2,
          2,
          3,
          2
        ],
        [
          2,
          2,
          3,
          3
        ]
      ],
      "essay_scoreT_cont": [
        [
          3,
          3,
          0,
          3
        ],
        [
          2,
          2,
          0,
          2
        ],
        [
          3,
          2,
          0,
          3
        ]
      ],
      "essay_scoreT_exp": [
        [
          3,
          3,
          3
        ],
        [
          3,
          3,
          2
        ],
        [
          2,
          3,
          2
        ]
      ]
    }
  },
  "student": {
    "date": "2021.09.13",
    "student_educated": true,
    "student_grade": "고등_1학년",
    "location": "063",
    "student_grade_group": "고등",
    "student_reading": 1
  },
  "rubric": {
    "essay_grade": "고등_1학년",
    "organization_weight": {
      "org_paragraph": 2,
      "org": 2,
      "org_essay": 4,
      "org_coherence": 2,
      "org_quantity": 1
    },
    "essay_type": "설명글",
    "content_weight": {
      "con_clearance": 4,
      "con_novelty": 3,
      "con": 4,
      "con_prompt": 0,
      "con_description": 1
    },
    "essay_main_subject": "영화/독서감상문",
    "expression_weight": {
      "exp_style": 1,
      "exp_grammar": 2,
      "exp_vocab": 3,
      "exp": 4
    }
  },
  "correction": [],
  "info": {
    "essay_id": "ESSAY_34347",
    "essay_prompt": " 영화에는 로맨스, 액션, 스릴러 등 정말 많은 장르가 있습니다. 사람마다 좋아하는 장르가 있고 절대 보지 않는 장르도 있습니다.\r\n\r\n 독서도 마찬가지입니다. 소설, 수필, 시, 만화, 위인전 등 여러가지 장르가 있습니다.\r\n\r\n 여러분은 어떤 장르를 좋아하나요? 그리고 해당 장르에서 가장 재미있게 봤던 영화나 책은 무엇인가요?\r\n\r\n 자신이 봤던 영화 혹은 책을 한 편 선정하여 주제와 내용 그리고 느낀점을 감상문으로 작성해주세요.",
    "essay_type": "설명글",
    "essay_level": "3",
    "essay_len": 864,
    "essay_main_subject": "영화/독서감상문"
  }
}