{
  "paragraph": [
    {
      "paragraph_txt": "나는 현서가 잘 이해된다.#@문장구분# 나라도 잠꾸러기 아빠와 술주정뱅이 삼촌이 부끄러울 것이다. #@문장구분#하지만 막상 괴물에게 잡혀간 현서에 얼굴에는 아빠의 그리움이 나타났다.#@문장구분# 나는 내가 현서라고 생각했을 때 너무 무섭고 슬펐다.#@문장구분# 난 현서처럼 밖에 나가 경찰들을 불러올려는 용기도 없었을 것이다.#@문장구분# 그냥 조용히 있다가 죽지 않게 조심만 할 것이다. #@문장구분#아마 현서는 아빠를 닮아 용기가 많은 것 같다. #@문장구분#현서의 아빠 강두는 현서를 아주 사랑한다.#@문장구분# 컵라면 통에 모아 논 여러 가지 동전 들을 보면 알 수 있다. #@문장구분#현서가 핸드폰을 새로 사고 싶어 하는 것을 안 강두는 열심히 동전들을 모았다.#@문장구분# 그는 현서를 구하러 갈 때도 그 컵라면 통을 꽉 쥐고 차에 탔다. #@문장구분#강두는 현서를 위해서는 모든지 준비가 된 것 같다. #@문장구분#하긴 그것이 가족 아닐까.#@문장구분# 자신의 목숨을 걸고 그 사람을 지키는 것이. 결국 현서를 구하기 위해 목숨을 잃은 사람도 있다.#@문장구분# 바로 희봉, 현서의 할아버지 이다. #@문장구분#그는 강두의 실수로 죽고 만다.#@문장구분# 하지만 내가 생각하기에 그는 처음부터 죽을 각오를 하고 현서를 찾으러 갖기 때문에 자신의 죽음을 억울하게 생각하지 않았을 것 같다.#@문장구분# 그의 죽음 때문에 강두는 병원으로 실려가고 남일과 남주는 따로 지내게 된다. #@문장구분#남일은 자신을 잡으려는 사람에 의하여 큰 위기 겪게 된다. #@문장구분#그 위기에도 불구하고 현서가 있는 곳을 찾아내었다. #@문장구분#하지만 현서는 결국 죽고 만다.#@문장구분# 괴물에게 같이 납치되었던 세진이를 보호하기 위해서 라고 볼 수 있다. #@문장구분#강두가 괴물의 입에서 현서를 꺼냈을 때 보면 현서가 세진이를 꼭 않아주고 있었다.#@문장구분# 현서의 죽은모습을 보고 분노한 강두, 남일, 남주는 힘을 합하여 괴물을 죽인다. #@문장구분#그리고 강두는 죽은 현서를 대신하여 세진이를 대려다 키운다. #@문장구분#그 괴물땜에 자신의 아버지와 딸을 잃은 강두는 얼마나 슬펐을까 하는 생각에 빠지게 되었다. #@문장구분#나라면 내딸과 아버지를 죽였다고 괴물을 죽일 생각은 할 수 있었을까?#@문장구분# 아마도 아닐 것이다. #@문장구분#속으로는 아주 분노하고 화가 나도 괴물 내가 보기에는 이 영화가 주는 교훈은 두 가지가 있다.#@문장구분# 첫 번째는 아까처럼 가족들이 보여준 서로의 사랑입니다.#@문장구분# 두 번째는 화학약품을 함부로 처리 하지 말자입니다. #@문장구분#괴물이 생긴 이유는 맨 처음에 나온 외국인 의사가 화학약품을 싱크대로 버려서 한강으로 내려가여 그것이 생물채로 변하였기 때문이다. #@문장구분# 만약에 외국인 의사가 그 화학약품을 불법으로 처리 하지 않았으면 괴물이 나타나 우리나라 사람들이 위태로워 지는 일은 없었을 것이다.#@문장구분# 이 영화는 괴물을 우리가 입는 피해에 비유 한것 같다.#@문장구분# 우리가 잘못 한일 결국은 우리가 피해 입는다는 것을 말해 주고 싶었던 것이다.#@문장구분# 그 외국인 의사가 자신의 잘못을 깨닫고 다시는 그러지 않았으면 좋겠다.#@문장구분#",
      "paragraph_len": 2044,
      "paragraph_id": "001"
    }
  ],
  "score": {
    "paragraph_score": [
      {
        "paragraph_scoreT": [
          3,
          2.5,
          2
        ],
        "paragraph_scoreT_detail": {
          "paragraph_scoreT_exp": [
            [
              3,
              3,
              3
            ],
            [
              2,
              3,
              2
            ],
            [
              2,
              2,
              2
            ]
          ]
        },
        "paragraph_scoreT_avg": 2.5,
        "paragraph_id": "001"
      }
    ],
    "essay_scoreT": [
      25.333334,
      26.5,
      22.444445
    ],
    "essay_scoreT_avg": 24.75926,
    "essay_scoreT_detail": {
      "essay_scoreT_org": [
        [
          3,
          3,
          2,
          2
        ],
        [
          3,
          3,
          3,
          3
        ],
        [
          2,
          2,
          3,
          2
        ]
      ],
      "essay_scoreT_cont": [
        [
          2,
          2,
          0,
          2
        ],
        [
          3,
          2,
          0,
          3
        ],
        [
          3,
          2,
          0,
          2
        ]
      ],
      "essay_scoreT_exp": [
        [
          3,
          3,
          3
        ],
        [
          2,
          3,
          2
        ],
        [
          2,
          2,
          2
        ]
      ]
    }
  },
  "student": {
    "date": "2021.08.15",
    "student_educated": true,
    "student_grade": "고등_1학년",
    "location": "051",
    "student_grade_group": "고등",
    "student_reading": 1
  },
  "rubric": {
    "essay_grade": "고등_1학년",
    "organization_weight": {
      "org_paragraph": 2,
      "org": 2,
      "org_essay": 4,
      "org_coherence": 2,
      "org_quantity": 1
    },
    "essay_type": "설명글",
    "content_weight": {
      "con_clearance": 4,
      "con_novelty": 3,
      "con": 4,
      "con_prompt": 0,
      "con_description": 1
    },
    "essay_main_subject": "영화/독서감상문",
    "expression_weight": {
      "exp_style": 1,
      "exp_grammar": 2,
      "exp_vocab": 3,
      "exp": 4
    }
  },
  "correction": [],
  "info": {
    "essay_id": "ESSAY_34063",
    "essay_prompt": " 영화에는 로맨스, 액션, 스릴러 등 정말 많은 장르가 있습니다. 사람마다 좋아하는 장르가 있고 절대 보지 않는 장르도 있습니다.\r\n\r\n 독서도 마찬가지입니다. 소설, 수필, 시, 만화, 위인전 등 여러가지 장르가 있습니다.\r\n\r\n 여러분은 어떤 장르를 좋아하나요? 그리고 해당 장르에서 가장 재미있게 봤던 영화나 책은 무엇인가요?\r\n\r\n 자신이 봤던 영화 혹은 책을 한 편 선정하여 주제와 내용 그리고 느낀점을 감상문으로 작성해주세요.",
    "essay_type": "설명글",
    "essay_level": "3",
    "essay_len": 1324,
    "essay_main_subject": "영화/독서감상문"
  }
}