{
  "paragraph": [
    {
      "paragraph_txt": "리틀포레스트 라는 영화를 최근에 보았다.#@문장구분# 이 영화는 전에도 본 적이 있지만 언제 봐도 기분이 좋아지는 영화이다 .#@문장구분# 주인공 이름이 혜원이고 주인공이 서울에서 취업,연애, 시험 등 힘든 날을 계속 보내고 있었고 그 일상에 지쳐서 자신의 고향으로 내려와서 시골에서 지내는 내용을 담고 있다.#@문장구분#  혜원이 고향에 내려와서 자신이 어렸을 때 엄마랑 같이 살았던 집에서 살고 엄마와의 추억을 회상하는 장면에서 엄마에 대한 애틋한 마음을 볼 수 있었다. #@문장구분#영화에서는 혜원의 엄마가 아무말 없이 떠났다고 알려주어서 혜원의 엄마에 대한 궁금증이 생겼다.#@문장구분# 이 영화는 사계절의 내용을 담고 있어서 그 계절마다 풍경이나 음식들을 보는 재미가 있고 색감이 너무 예쁜 영화이다.#@문장구분# 이 영화에서 제일 인상 깊었던 장면은 혜원이 음식을 하는 장면인데 혜원이 음식을 너무 맛있게 먹고 특히 김치수제비가 너무 맜있게 보였다.#@문장구분#ㅜㅠㅠ#@문장구분# 음식을 먹는 순간의 표정이 행복해 보여서 나 또한 음식이 주는 행복이 뭔지 알게된 것 같다.#@문장구분# 그리고 고향에 내려와서 혜원의 친구들이 여전히 그 고향에 있고 혜원을 보자마자 알고 친구들이랑 소소하게 노는 모습이 따뜻한 느낌이 들었다.#@문장구분# 리틀 포레스트를 보면서 억지로 웃긴 요소도 없고 자극적이고 폭력적인 장면이 없어서 보면서 힐링 한다는 느낌을 가장 많이 받은 영화이다.#@문장구분# 이 영화는 사계절에 따라 변화는 것들을 잘 표현하였다.#@문장구분# 시골에서 농사지는 것을 사계절마다 다르다는 것을 알려주고 사계절마다 변화는 식재료들을 잘 표현해주었다.#@문장구분# 매일 반복되는 일상 속에서 주는 소소한 휴식이 지금의 우리에게 얼마나 필요한지 알았다.#@문장구분# 단순히 핸드폰 보는게 휴식인게 아니라 나에게 휴식이 무엇인지 찾아보고 싶다.#@문장구분#",
      "paragraph_len": 1129,
      "paragraph_id": "001"
    }
  ],
  "score": {
    "paragraph_score": [
      {
        "paragraph_scoreT": [
          2.8333333,
          2.3333333,
          2.5
        ],
        "paragraph_scoreT_detail": {
          "paragraph_scoreT_exp": [
            [
              3,
              3,
              2
            ],
            [
              3,
              2,
              2
            ],
            [
              2,
              3,
              2
            ]
          ]
        },
        "paragraph_scoreT_avg": 2.5555556,
        "paragraph_id": "001"
      }
    ],
    "essay_scoreT": [
      27.61111,
      25.61111,
      26
    ],
    "essay_scoreT_avg": 26.407408,
    "essay_scoreT_detail": {
      "essay_scoreT_org": [
        [
          3,
          3,
          3,
          2
        ],
        [
          3,
          3,
          3,
          2
        ],
        [
          3,
          3,
          3,
          3
        ]
      ],
      "essay_scoreT_cont": [
        [
          3,
          2,
          0,
          3
        ],
        [
          3,
          2,
          0,
          3
        ],
        [
          3,
          2,
          0,
          2
        ]
      ],
      "essay_scoreT_exp": [
        [
          3,
          3,
          2
        ],
        [
          3,
          2,
          2
        ],
        [
          2,
          3,
          2
        ]
      ]
    }
  },
  "student": {
    "date": "2021.09.13",
    "student_educated": true,
    "student_grade": "고등_1학년",
    "location": "051",
    "student_grade_group": "고등",
    "student_reading": 3
  },
  "rubric": {
    "essay_grade": "고등_1학년",
    "organization_weight": {
      "org_paragraph": 2,
      "org": 2,
      "org_essay": 4,
      "org_coherence": 2,
      "org_quantity": 1
    },
    "essay_type": "설명글",
    "content_weight": {
      "con_clearance": 4,
      "con_novelty": 3,
      "con": 4,
      "con_prompt": 0,
      "con_description": 1
    },
    "essay_main_subject": "영화/독서감상문",
    "expression_weight": {
      "exp_style": 1,
      "exp_grammar": 2,
      "exp_vocab": 3,
      "exp": 4
    }
  },
  "correction": [],
  "info": {
    "essay_id": "ESSAY_33978",
    "essay_prompt": " 영화에는 로맨스, 액션, 스릴러 등 정말 많은 장르가 있습니다. 사람마다 좋아하는 장르가 있고 절대 보지 않는 장르도 있습니다.\r\n\r\n 독서도 마찬가지입니다. 소설, 수필, 시, 만화, 위인전 등 여러가지 장르가 있습니다.\r\n\r\n 여러분은 어떤 장르를 좋아하나요? 그리고 해당 장르에서 가장 재미있게 봤던 영화나 책은 무엇인가요?\r\n\r\n 자신이 봤던 영화 혹은 책을 한 편 선정하여 주제와 내용 그리고 느낀점을 감상문으로 작성해주세요.",
    "essay_type": "설명글",
    "essay_level": "3",
    "essay_len": 831,
    "essay_main_subject": "영화/독서감상문"
  }
}