{
  "paragraph": [
    {
      "paragraph_txt": "이 책은 식량 과잉 기대에서 인간이 굶는다는 모순적인 상황을 직접적으로 비판하고 있다.#@문장구분# 결국 저자는 글로벌기업 및 선진 국가 위주의 경제질서와 이로 인해 생겨난 파괴적인 상황을 타개하기 위해서는 전 지구적 변화가 필요하며 타인의 고통을 이해할 수 있는 인간의 변화 또한 필요하다고 말하고 있다.#@문장구분# 처음 부분에서는 기아의 지금 상황에 대해 말해주고 있다.#@문장구분# 이미 수십억명의 사람들이 음식 섭취를 제대로 하지 못해 영양실조에 시달리고 있는 상황이라던가 우리들이 익히 흔히 들어 알고 있는 빈곤 국가들은 경제적으로 힘들어서 식량을 구할 돈조차 없고 자급자족도 힘든 환경에 놓여 있는 상황을 말이다.#@문장구분# 다음으로는 기아의 형태에 대해 경우를 구분하여 설명해 놓았다.#@문장구분#크게 형태는 경제적 기아와 구조적 기아가 있다.#@문장구분# 경제적인 기아는 말 그대로 국가의 경제 위기 상황을 인해 발생하게 되는, 비교적 일시적인 형태의 현상이다.#@문장구분# 하지만 빈곤의 실질적인 이유는 구조적 기아에 의한 것이다.#@문장구분# 구조적인 문제는 해당 국가의 시설, 시스템등의 부재나 국제적 고립에 의해 생겨나는데, 전 지구적인 시스템을 바꾸다는 것이 매우 어렵다.#@문장구분#<br/><br/> 저자는 구조적 기아는 환경, 전쟁, 국제 기구의 자금난 그리고 식량가격의 조작등의 이유로 생겨나는데 이들을 묶어서 설명할 수 있는 개념이 '인간의 욕심'이다.#@문장구분# 가격 조작은 이중에서도 인간의 탐욕을 가장 잘 보여준다.#@문장구분# 글로벌 식량 기업들은 엄청나게 많은 식량을 생산하고 있으면서도 이를 나누어주지 않고 가격의 안정화라는 명목으로 식량을 단순 폐기하며 식량을 섭취의 목적이 아니라 돈벌이나 투기의 목적으로 생각한다.#@문장구분#<br/><br/> 평소 기아의 원인으로 경제적인 이유에 대해서만 생각해보았고 단편적으로 생각하여 단지 국가적인 지원으로만 빈곤이 해결되는줄 알았는데 오늘에서야 구조적인 문제의 심각성에 대해 인지하게 되었다.#@문장구분# 그러면서도 이런 부정적인 상황을 타개하기 위해서는 전 지구적인 변화가 필요하다고 생각했다.#@문장구분# 또한 타인의 고통을 이해할 수 있는 인간의 변화가 필요하다고 느꼈다.#@문장구분#",
      "paragraph_len": 1330,
      "paragraph_id": "001"
    }
  ],
  "score": {
    "paragraph_score": [
      {
        "paragraph_scoreT": [
          2.5,
          2,
          2
        ],
        "paragraph_scoreT_detail": {
          "paragraph_scoreT_exp": [
            [
              2,
              3,
              2
            ],
            [
              2,
              2,
              2
            ],
            [
              2,
              2,
              2
            ]
          ]
        },
        "paragraph_scoreT_avg": 2.1666667,
        "paragraph_id": "001"
      }
    ],
    "essay_scoreT": [
      26.61111,
      18.5,
      22.222221
    ],
    "essay_scoreT_avg": 22.444443,
    "essay_scoreT_detail": {
      "essay_scoreT_org": [
        [
          3,
          2,
          2,
          3
        ],
        [
          2,
          2,
          2,
          2
        ],
        [
          2,
          2,
          2,
          3
        ]
      ],
      "essay_scoreT_cont": [
        [
          3,
          3,
          0,
          2
        ],
        [
          2,
          1,
          0,
          2
        ],
        [
          3,
          2,
          0,
          2
        ]
      ],
      "essay_scoreT_exp": [
        [
          2,
          3,
          2
        ],
        [
          2,
          2,
          2
        ],
        [
          2,
          2,
          2
        ]
      ]
    }
  },
  "student": {
    "date": "2021.09.09",
    "student_educated": true,
    "student_grade": "고등_1학년",
    "location": "051",
    "student_grade_group": "고등",
    "student_reading": 2
  },
  "rubric": {
    "essay_grade": "고등_1학년",
    "organization_weight": {
      "org_paragraph": 2,
      "org": 2,
      "org_essay": 4,
      "org_coherence": 2,
      "org_quantity": 1
    },
    "essay_type": "설명글",
    "content_weight": {
      "con_clearance": 4,
      "con_novelty": 3,
      "con": 4,
      "con_prompt": 0,
      "con_description": 1
    },
    "essay_main_subject": "영화/독서감상문",
    "expression_weight": {
      "exp_style": 1,
      "exp_grammar": 2,
      "exp_vocab": 3,
      "exp": 4
    }
  },
  "correction": [],
  "info": {
    "essay_id": "ESSAY_34706",
    "essay_prompt": " 영화에는 로맨스, 액션, 스릴러 등 정말 많은 장르가 있습니다. 사람마다 좋아하는 장르가 있고 절대 보지 않는 장르도 있습니다.\r\n\r\n 독서도 마찬가지입니다. 소설, 수필, 시, 만화, 위인전 등 여러가지 장르가 있습니다.\r\n\r\n 여러분은 어떤 장르를 좋아하나요? 그리고 해당 장르에서 가장 재미있게 봤던 영화나 책은 무엇인가요?\r\n\r\n 자신이 봤던 영화 혹은 책을 한 편 선정하여 주제와 내용 그리고 느낀점을 감상문으로 작성해주세요.",
    "essay_type": "설명글",
    "essay_level": "3",
    "essay_len": 991,
    "essay_main_subject": "영화/독서감상문"
  }
}