{
  "paragraph": [
    {
      "paragraph_txt": "영국의 한 요리사가 학교 급식을 바꾸는 다큐멘터리를 감동 깊게 본 적이 있다.#@문장구분# 맛있게 보이는 음식, 잘 팔리는 요리, 퓨전 요리 등등 을 앞다투어 발표하기에 바쁜 몇몇 여리사들에게 실망을 했던 나는 저멀리 바다건너 피부색 다른 누군가가 자신의 영달보다는 미래의 아이들을 건강하게 만들 레시피에 신경쓰는 것을 보면서 참 부럽다는 생각을 했었다.#@문장구분# 우리에게도 이런 인물이 있어 학교 급식을 주도 하면 좋을텐데...라고.#@문장구분#\n그런데 이상한 일이 생겼다.#@문장구분# 좋은 음식과 나쁜 음식은 어떤 것들이 있는 것일까.#@문장구분# 흔히 패스트 푸드는 맛있지만 나쁜 것, 소금과 설탕도 나쁜 것, 초콜릿과 과자류도 나쁜 것 등등 고정관념화 되어 있는 우리의 머릿속에서 좋은 음식을 찾아내는 것은 참 힘들어 보였다.#@문장구분# 어느 한 면으로는 좋은 음식이지만 또 어떤 면에서는 금기 음식이 되기도 하는 재료들이 있기 때문이었다.#@문장구분# \n우리는 이제껏 영양학에 기초한 좋은 음식군 가리기를 해왔다.#@문장구분# 하지만 그것으로 충분한 것일까.#@문장구분# 저자는 여기에서부터 의문을 품고 파 헤치기 시작했는데 그간 우리가 평판과 상식에 갇혀 범했던 음식에 대한 오류를 걷어나가기 시작했다.#@문장구분# \n호평과 악평 사이의 식품이 사실은 많은 과장 속에서 폄하되어 왔음을 지적하면서 태도와 고정관념을 바꾸면 상식도 바뀔 수 있음을 이야기 하고 있었다.#@문장구분# \"건강의 적\"으로 분류된 음식들을 되살펴보면서 과거 인물들이 현대에 와서는 재해석 되듯이 음식에 대한 생각도 재해석 될 수 있도록 돕고 있다.#@문장구분#  \n사실 재료의 양과 음식간의 궁합이 문제이지 100% 나쁜 음식으로 분류될 음식은 존재하지 않는 것 같았다.#@문장구분# 또한 먹는 일을 걱정하는 것에서 벗어날 수 있도록 돕는 책의 착한 면을 칭찬해 주고 싶어졌다.#@문장구분#",
      "paragraph_len": 1123,
      "paragraph_id": "001"
    }
  ],
  "score": {
    "paragraph_score": [
      {
        "paragraph_scoreT": [
          3,
          2.8333333,
          2
        ],
        "paragraph_scoreT_detail": {
          "paragraph_scoreT_exp": [
            [
              3,
              3,
              3
            ],
            [
              3,
              3,
              2
            ],
            [
              2,
              2,
              2
            ]
          ]
        },
        "paragraph_scoreT_avg": 2.611111,
        "paragraph_id": "001"
      }
    ],
    "essay_scoreT": [
      30,
      25.777779,
      22.944445
    ],
    "essay_scoreT_avg": 26.24074,
    "essay_scoreT_detail": {
      "essay_scoreT_org": [
        [
          3,
          3,
          3,
          3
        ],
        [
          2,
          2,
          3,
          2
        ],
        [
          2,
          2,
          3,
          2
        ]
      ],
      "essay_scoreT_cont": [
        [
          3,
          3,
          0,
          3
        ],
        [
          3,
          2,
          0,
          2
        ],
        [
          3,
          2,
          0,
          3
        ]
      ],
      "essay_scoreT_exp": [
        [
          3,
          3,
          3
        ],
        [
          3,
          3,
          2
        ],
        [
          2,
          2,
          2
        ]
      ]
    }
  },
  "student": {
    "date": "2021.09.07",
    "student_educated": true,
    "student_grade": "고등_1학년",
    "location": "051",
    "student_grade_group": "고등",
    "student_reading": 1
  },
  "rubric": {
    "essay_grade": "고등_1학년",
    "organization_weight": {
      "org_paragraph": 2,
      "org": 2,
      "org_essay": 4,
      "org_coherence": 2,
      "org_quantity": 1
    },
    "essay_type": "설명글",
    "content_weight": {
      "con_clearance": 4,
      "con_novelty": 3,
      "con": 4,
      "con_prompt": 0,
      "con_description": 1
    },
    "essay_main_subject": "영화/독서감상문",
    "expression_weight": {
      "exp_style": 1,
      "exp_grammar": 2,
      "exp_vocab": 3,
      "exp": 4
    }
  },
  "correction": [],
  "info": {
    "essay_id": "ESSAY_34303",
    "essay_prompt": " 영화에는 로맨스, 액션, 스릴러 등 정말 많은 장르가 있습니다. 사람마다 좋아하는 장르가 있고 절대 보지 않는 장르도 있습니다.\r\n\r\n 독서도 마찬가지입니다. 소설, 수필, 시, 만화, 위인전 등 여러가지 장르가 있습니다.\r\n\r\n 여러분은 어떤 장르를 좋아하나요? 그리고 해당 장르에서 가장 재미있게 봤던 영화나 책은 무엇인가요?\r\n\r\n 자신이 봤던 영화 혹은 책을 한 편 선정하여 주제와 내용 그리고 느낀점을 감상문으로 작성해주세요.",
    "essay_type": "설명글",
    "essay_level": "3",
    "essay_len": 844,
    "essay_main_subject": "영화/독서감상문"
  }
}