{
  "paragraph": [
    {
      "paragraph_txt": "책 제목: 레디 플레이어 원 ( 어니스트 클라인 )#@문장구분#\n# 가상현실 # 판타지#@문장구분#\n명문장 : 숨겨진 열쇠 세 개, 비밀의 관문 세 개를 열지어다.#@문장구분#\n모험 찾는 방랑자여, 응당한 자격을 시험받게 될지니 곤경을 헤쳐나갈 능력을 갖춘자 상금이 기다리는 그 끝에 도달하라.#@문장구분#\n나는 이 책을 읽는 이유는 가상현실과 현실을 다루는게 마음에 들었다.#@문장구분# 이 책의 시작은 가상현실세계인 오아시스가 있다.#@문장구분# 하지만 오아시스를 만든 제임스 도노반 할리데이가 죽으면서 '오아시스' 가상현실 속에 이스터에그를 숨겨놓는다.#@문장구분# 그리고 주인공'웨이드 와츠'는 이 이스터에그를 찾는 건터로 시작한다.#@문장구분#\n주인공은 빈민촌에 살면서 가상현실 학교를 다닌다.#@문장구분# 친구인 'H'와 함께 학교를 다니면서 남는 시간에는 이스터에그를 찾으러 다닌다. #@문장구분#하지만 주인공은 돈이 없어 다른 행성을 가지 못했다.#@문장구분# 하지만 우연이 학교가 있는 행성에서 이시터에그의 첫 번째인 구리열쇠를 발견한다.#@문장구분# 이러면서 주인공과'식서'라는 이스터에그를 찾는 집안과 대적하게 되면서 죽을 위기에도 쳐하며 여러 관문들과 열쇠들을 찾아 나간다.#@문장구분# 그러면서 '아르테미스'라는 인물을 알게 되었는데 주인공과 아르테미스의 관계를 보는것도 책의 재미가 있다.#@문장구분# 가상현실에 일도 주인공이 가상현실과 현실에서 겪는 일들은\n스릴감을 느끼게 해준다. #@문장구분#한편으로는 현실감이 없기는 하지만 몰입감이 있고 게임을 좋아하는 사람들이라면 읽어보면 재미를 느낄 것 같다.#@문장구분# 주인공이 추리하는 것과 여러 상황을 해결해 나가는 것도 인상깊었고 영화도 봐서 더 쉽게 볼수 있었던 것 같다.#@문장구분# 결말은 결국 주인공이 혼자남아 이시터에그를 획득하고 끝이난다.#@문장구분#\n느낀점 : 나도 만약에 여러 곤경을 눈 앞에 마주한다면 포기하지 않고 끝까지 노력하며 상황을 풀어나갈 것이다.#@문장구분#",
      "paragraph_len": 1234,
      "paragraph_id": "001"
    }
  ],
  "score": {
    "paragraph_score": [
      {
        "paragraph_scoreT": [
          2,
          2.5,
          1.8333334
        ],
        "paragraph_scoreT_detail": {
          "paragraph_scoreT_exp": [
            [
              2,
              2,
              2
            ],
            [
              2,
              3,
              2
            ],
            [
              2,
              2,
              1
            ]
          ]
        },
        "paragraph_scoreT_avg": 2.1111112,
        "paragraph_id": "001"
      }
    ],
    "essay_scoreT": [
      14.444445,
      24.722221,
      18.833334
    ],
    "essay_scoreT_avg": 19.333334,
    "essay_scoreT_detail": {
      "essay_scoreT_org": [
        [
          1,
          2,
          1,
          1
        ],
        [
          2,
          2,
          2,
          3
        ],
        [
          2,
          2,
          2,
          2
        ]
      ],
      "essay_scoreT_cont": [
        [
          1,
          1,
          0,
          1
        ],
        [
          3,
          2,
          0,
          3
        ],
        [
          2,
          2,
          0,
          1
        ]
      ],
      "essay_scoreT_exp": [
        [
          2,
          2,
          2
        ],
        [
          2,
          3,
          2
        ],
        [
          2,
          2,
          1
        ]
      ]
    }
  },
  "student": {
    "date": "2021.09.03",
    "student_educated": true,
    "student_grade": "고등_1학년",
    "location": "051",
    "student_grade_group": "고등",
    "student_reading": 1
  },
  "rubric": {
    "essay_grade": "고등_1학년",
    "organization_weight": {
      "org_paragraph": 2,
      "org": 2,
      "org_essay": 4,
      "org_coherence": 2,
      "org_quantity": 1
    },
    "essay_type": "설명글",
    "content_weight": {
      "con_clearance": 4,
      "con_novelty": 3,
      "con": 4,
      "con_prompt": 0,
      "con_description": 1
    },
    "essay_main_subject": "영화/독서감상문",
    "expression_weight": {
      "exp_style": 1,
      "exp_grammar": 2,
      "exp_vocab": 3,
      "exp": 4
    }
  },
  "correction": [],
  "info": {
    "essay_id": "ESSAY_34608",
    "essay_prompt": " 영화에는 로맨스, 액션, 스릴러 등 정말 많은 장르가 있습니다. 사람마다 좋아하는 장르가 있고 절대 보지 않는 장르도 있습니다.\r\n\r\n 독서도 마찬가지입니다. 소설, 수필, 시, 만화, 위인전 등 여러가지 장르가 있습니다.\r\n\r\n 여러분은 어떤 장르를 좋아하나요? 그리고 해당 장르에서 가장 재미있게 봤던 영화나 책은 무엇인가요?\r\n\r\n 자신이 봤던 영화 혹은 책을 한 편 선정하여 주제와 내용 그리고 느낀점을 감상문으로 작성해주세요.",
    "essay_type": "설명글",
    "essay_level": "3",
    "essay_len": 854,
    "essay_main_subject": "영화/독서감상문"
  }
}