{
  "paragraph": [
    {
      "paragraph_txt": "코로나19는 우리 일상생활에서 큰 영향을 주고있다.#@문장구분# 그래서 과거의 전염병은 어땟는지 생각해보고 앞으로 또다른 바이러스가 나온다 면 어떻게 대비를 해야할지 생각을 해볼수 있는 계기가 되지 않을까라고 생각을 하여 바이러스 쇼크라는 책을 선정하였다.#@문장구분#\n이 책은 읽기 쉬우면서도 전문적으로 바이러스에 대해 서술된 책이라고 생각한다.#@문장구분# 물론 그렇게까지 읽기 쉽지는 않지만 그나마 읽을만하다고 생각한다.#@문장구분#\n이 책은 메르스 당시 쓰였는데, 신종바이러스에 어떻게 대처를 해야할지 또한 나와준다.#@문장구분# 특히 바이러스는 어디서 어떻게 나타날지 모른다고 하며 우리에게 경고를 하고 있다.#@문장구분#\n이 책에서 특히 인상에 남는 부분은 미래를 위협하는 신종 바이러스에서 박쥐가 주범이 될까라는 부분이다.#@문장구분# 이번 코로나 바이러스에서도 박쥐 때문인지에 대한 논란이 많았는데, 여기서 그 부분을 알려준다.#@문장구분#\n오래전부터 박쥐는 사람에게 치명적인 바이러스를 상당수 가지고 다녔고, 최근에는 신종 바이러스들의 저수지 역할을 하는 배후로 박쥐를 집중적으로 거론하고 있다.#@문장구분# 그래서 박쥐에 대해 집중적으로 조사하고 있지만, 그러나 박쥐는 집단 무리 생활과 긴 수명은 바이러스가 그 집단에서 유지하는 이상적인 여건을 제공한다는 점이다.#@문장구분# 번식기 동안은 집 단 생활로 개체간들의 긴밀한 신체접촉과 더불어 다른 박쥐들과 같이 있는 경우도 있어 신, 변종 바이러스 출현의 가능성이 높다고 한다.#@문장구분#\n코로나 19의 원인은 모르겠지만, 박쥐에게 있을 확률이 높다고 생각하게 되는 책이었으며, 바이러스가 왜 박쥐로부터 주로 나오는지 알 수 있었던 책이다.#@문장구분# 완벽하게 이해가 되지 않았으나 더 배우고 다시 이 책을 읽는다면 완벽하게 이해가 될 수도 있을 것 같다.#@문장구분# 심화적으로도 조사해보고 싶다는 생각이 들었다.#@문장구분#\n나는 이책을 생명과학에 관심이 있는 사람이나 호기심이 있는 사람에게 추천을 해주고 싶다.#@문장구분#",
      "paragraph_len": 1204,
      "paragraph_id": "001"
    }
  ],
  "score": {
    "paragraph_score": [
      {
        "paragraph_scoreT": [
          1.8333334,
          2.8333333,
          1.3333334
        ],
        "paragraph_scoreT_detail": {
          "paragraph_scoreT_exp": [
            [
              1,
              2,
              3
            ],
            [
              3,
              3,
              2
            ],
            [
              2,
              1,
              1
            ]
          ]
        },
        "paragraph_scoreT_avg": 2,
        "paragraph_id": "001"
      }
    ],
    "essay_scoreT": [
      25.333334,
      29.11111,
      16.833334
    ],
    "essay_scoreT_avg": 23.75926,
    "essay_scoreT_detail": {
      "essay_scoreT_org": [
        [
          3,
          3,
          3,
          3
        ],
        [
          3,
          3,
          3,
          2
        ],
        [
          2,
          2,
          2,
          2
        ]
      ],
      "essay_scoreT_cont": [
        [
          3,
          3,
          0,
          3
        ],
        [
          3,
          3,
          0,
          3
        ],
        [
          2,
          2,
          0,
          1
        ]
      ],
      "essay_scoreT_exp": [
        [
          1,
          2,
          3
        ],
        [
          3,
          3,
          2
        ],
        [
          2,
          1,
          1
        ]
      ]
    }
  },
  "student": {
    "date": "2021.09.07",
    "student_educated": true,
    "student_grade": "고등_1학년",
    "location": "063",
    "student_grade_group": "고등",
    "student_reading": 1
  },
  "rubric": {
    "essay_grade": "고등_1학년",
    "organization_weight": {
      "org_paragraph": 2,
      "org": 2,
      "org_essay": 4,
      "org_coherence": 2,
      "org_quantity": 1
    },
    "essay_type": "설명글",
    "content_weight": {
      "con_clearance": 4,
      "con_novelty": 3,
      "con": 4,
      "con_prompt": 0,
      "con_description": 1
    },
    "essay_main_subject": "영화/독서감상문",
    "expression_weight": {
      "exp_style": 1,
      "exp_grammar": 2,
      "exp_vocab": 3,
      "exp": 4
    }
  },
  "correction": [],
  "info": {
    "essay_id": "ESSAY_34600",
    "essay_prompt": " 영화에는 로맨스, 액션, 스릴러 등 정말 많은 장르가 있습니다. 사람마다 좋아하는 장르가 있고 절대 보지 않는 장르도 있습니다.\r\n\r\n 독서도 마찬가지입니다. 소설, 수필, 시, 만화, 위인전 등 여러가지 장르가 있습니다.\r\n\r\n 여러분은 어떤 장르를 좋아하나요? 그리고 해당 장르에서 가장 재미있게 봤던 영화나 책은 무엇인가요?\r\n\r\n 자신이 봤던 영화 혹은 책을 한 편 선정하여 주제와 내용 그리고 느낀점을 감상문으로 작성해주세요.",
    "essay_type": "설명글",
    "essay_level": "3",
    "essay_len": 904,
    "essay_main_subject": "영화/독서감상문"
  }
}