{
  "paragraph": [
    {
      "paragraph_txt": "이 책은 사회속의 문제를 해결하고자 개개인이 모여서 문제를 해결해야 한다고 말한다.#@문장구분#",
      "paragraph_len": 66,
      "paragraph_id": "001"
    },
    {
      "paragraph_txt": "개인이 해결하기에 사회의 문제가 너무 커 보이는 경우가 많다.#@문장구분# 많은 돈이 필요한 경우라던지 많은 인적자원이 필요한 경우이다.#@문장구분#",
      "paragraph_len": 109,
      "paragraph_id": "002"
    },
    {
      "paragraph_txt": "이러한 문제를 해결하기 위해서 사회 구성원들 서로서로가 힘을 모야하 한다고 말한다.#@문장구분# 그리고 어떤 방법으로 공동체가 기금을 마련하고 사회문제를 해결하는지도 설명하고 있다.#@문장구분# ",
      "paragraph_len": 135,
      "paragraph_id": "003"
    },
    {
      "paragraph_txt": "이 책을 읽으면서 가장 인상깊었던 부분은 학생들이 기금을 모으는 부분이다.#@문장구분#",
      "paragraph_len": 61,
      "paragraph_id": "004"
    },
    {
      "paragraph_txt": "평소에 나는 학생이기 때문에 사회문제와 같이 큰 문제를 해결하는 데는 도움을 줄 수 없다고 생각해왔다. #@문장구분#그러나 책을 읽고 생각이 바뀌었다.#@문장구분# 책의 학생들은 차를 세차하면서 공동체의 기금을 마련한다.#@문장구분# 액수는 많지 않겠지만 자신이 할 수 있는 범위내에서 공동체에이바지 하는 모습이 멋져보였다.#@문장구분#",
      "paragraph_len": 240,
      "paragraph_id": "005"
    },
    {
      "paragraph_txt": "내가 가지고 있던 생각이 잘못되었다고 생각하였고, 내가 주어진 환경에서도 도움을 줄 수 있다는 것을 알게되었다.#@문장구분# ",
      "paragraph_len": 83,
      "paragraph_id": "006"
    },
    {
      "paragraph_txt": "이 책을 읽고 건강한 공동체의 가치와 공동체의 힘에 대해서 생각해 볼 수 있었다.#@문장구분#",
      "paragraph_len": 65,
      "paragraph_id": "007"
    },
    {
      "paragraph_txt": "공동체의 힘이란 개인이 할 수 없는 일을 해 내는 것이다. #@문장구분#돈을 모으거나, 계획을 세우는 모든 과정에서 함께 하는 것이 개인이 하는것보다 더 효과적이다. #@문장구분#특히 4차 산업혁명시대, 인터넷을 이용한 활동은 시공간의 제약을 받지 않고 사회문제를 해결 할 수 있게한다.#@문장구분#",
      "paragraph_len": 206,
      "paragraph_id": "008"
    },
    {
      "paragraph_txt": "나도 4차 산업혁명을 살아가는 사람으로서 우리 주변의 사회문제를 해결하는데 이바지 하고싶다는 느낌을 받았고, 개인은 버거운 일을 해내는 공동체의 모습을 보도 '같이의 가치' 에 대해서 알 수 있었다.#@문장구분#",
      "paragraph_len": 131,
      "paragraph_id": "009"
    }
  ],
  "score": {
    "paragraph_score": [
      {
        "paragraph_scoreT": [
          3,
          3,
          1.1666666
        ],
        "paragraph_scoreT_detail": {
          "paragraph_scoreT_exp": [
            [
              3,
              3,
              3
            ],
            [
              3,
              3,
              3
            ],
            [
              2,
              1,
              0
            ]
          ]
        },
        "paragraph_scoreT_avg": 2.3888888,
        "paragraph_id": "001"
      },
      {
        "paragraph_scoreT": [
          3,
          3,
          1.6666666
        ],
        "paragraph_scoreT_detail": {
          "paragraph_scoreT_exp": [
            [
              3,
              3,
              3
            ],
            [
              3,
              3,
              3
            ],
            [
              2,
              2,
              0
            ]
          ]
        },
        "paragraph_scoreT_avg": 2.5555556,
        "paragraph_id": "002"
      },
      {
        "paragraph_scoreT": [
          3,
          3,
          1.6666666
        ],
        "paragraph_scoreT_detail": {
          "paragraph_scoreT_exp": [
            [
              3,
              3,
              3
            ],
            [
              3,
              3,
              3
            ],
            [
              2,
              2,
              0
            ]
          ]
        },
        "paragraph_scoreT_avg": 2.5555556,
        "paragraph_id": "003"
      },
      {
        "paragraph_scoreT": [
          3,
          3,
          1.1666666
        ],
        "paragraph_scoreT_detail": {
          "paragraph_scoreT_exp": [
            [
              3,
              3,
              3
            ],
            [
              3,
              3,
              3
            ],
            [
              2,
              1,
              0
            ]
          ]
        },
        "paragraph_scoreT_avg": 2.3888888,
        "paragraph_id": "004"
      },
      {
        "paragraph_scoreT": [
          3,
          3,
          1.8333334
        ],
        "paragraph_scoreT_detail": {
          "paragraph_scoreT_exp": [
            [
              3,
              3,
              3
            ],
            [
              3,
              3,
              3
            ],
            [
              2,
              2,
              1
            ]
          ]
        },
        "paragraph_scoreT_avg": 2.6111112,
        "paragraph_id": "005"
      },
      {
        "paragraph_scoreT": [
          3,
          3,
          1.3333334
        ],
        "paragraph_scoreT_detail": {
          "paragraph_scoreT_exp": [
            [
              3,
              3,
              3
            ],
            [
              3,
              3,
              3
            ],
            [
              2,
              1,
              1
            ]
          ]
        },
        "paragraph_scoreT_avg": 2.4444444,
        "paragraph_id": "006"
      },
      {
        "paragraph_scoreT": [
          3,
          3,
          1.8333334
        ],
        "paragraph_scoreT_detail": {
          "paragraph_scoreT_exp": [
            [
              3,
              3,
              3
            ],
            [
              3,
              3,
              3
            ],
            [
              2,
              2,
              1
            ]
          ]
        },
        "paragraph_scoreT_avg": 2.6111112,
        "paragraph_id": "007"
      },
      {
        "paragraph_scoreT": [
          3,
          3,
          1.8333334
        ],
        "paragraph_scoreT_detail": {
          "paragraph_scoreT_exp": [
            [
              3,
              3,
              3
            ],
            [
              3,
              3,
              3
            ],
            [
              2,
              2,
              1
            ]
          ]
        },
        "paragraph_scoreT_avg": 2.6111112,
        "paragraph_id": "008"
      },
      {
        "paragraph_scoreT": [
          3,
          3,
          1.8333334
        ],
        "paragraph_scoreT_detail": {
          "paragraph_scoreT_exp": [
            [
              3,
              3,
              3
            ],
            [
              3,
              3,
              3
            ],
            [
              2,
              2,
              1
            ]
          ]
        },
        "paragraph_scoreT_avg": 2.6111112,
        "paragraph_id": "009"
      }
    ],
    "essay_scoreT": [
      30,
      29.777779,
      16.944445
    ],
    "essay_scoreT_avg": 25.574074,
    "essay_scoreT_detail": {
      "essay_scoreT_org": [
        [
          3,
          3,
          3,
          3
        ],
        [
          3,
          3,
          3,
          2
        ],
        [
          1,
          2,
          2,
          2
        ]
      ],
      "essay_scoreT_cont": [
        [
          3,
          3,
          0,
          3
        ],
        [
          3,
          3,
          0,
          3
        ],
        [
          2,
          1,
          0,
          2
        ]
      ],
      "essay_scoreT_exp": [
        [
          3,
          3,
          3
        ],
        [
          3,
          3,
          3
        ],
        [
          2,
          2,
          1
        ]
      ]
    }
  },
  "student": {
    "date": "2021.09.13",
    "student_educated": true,
    "student_grade": "고등_1학년",
    "location": "063",
    "student_grade_group": "고등",
    "student_reading": 1
  },
  "rubric": {
    "essay_grade": "고등_1학년",
    "organization_weight": {
      "org_paragraph": 2,
      "org": 2,
      "org_essay": 4,
      "org_coherence": 2,
      "org_quantity": 1
    },
    "essay_type": "설명글",
    "content_weight": {
      "con_clearance": 4,
      "con_novelty": 3,
      "con": 4,
      "con_prompt": 0,
      "con_description": 1
    },
    "essay_main_subject": "영화/독서감상문",
    "expression_weight": {
      "exp_style": 1,
      "exp_grammar": 2,
      "exp_vocab": 3,
      "exp": 4
    }
  },
  "correction": [],
  "info": {
    "essay_id": "ESSAY_34479",
    "essay_prompt": " 영화에는 로맨스, 액션, 스릴러 등 정말 많은 장르가 있습니다. 사람마다 좋아하는 장르가 있고 절대 보지 않는 장르도 있습니다.\r\n\r\n 독서도 마찬가지입니다. 소설, 수필, 시, 만화, 위인전 등 여러가지 장르가 있습니다.\r\n\r\n 여러분은 어떤 장르를 좋아하나요? 그리고 해당 장르에서 가장 재미있게 봤던 영화나 책은 무엇인가요?\r\n\r\n 자신이 봤던 영화 혹은 책을 한 편 선정하여 주제와 내용 그리고 느낀점을 감상문으로 작성해주세요.",
    "essay_type": "설명글",
    "essay_level": "3",
    "essay_len": 792,
    "essay_main_subject": "영화/독서감상문"
  }
}