{
  "paragraph": [
    {
      "paragraph_txt": "윌터의 상상은 영화 초반에는 허무맹랑한 이야기이거나, 상황을 극단적으로 모면하려는 그런 모습을 보았다.#@문장구분# 그러나 마지막 잡지를 만들게 되면서 사라진 25번째 필름의 행방을 찾으러 가며 윌터의 생각 또는 상상 또한 문제를 해결할 수 있게 응원을 준다는 느낌으로 변화하는 것을 느꼈다. #@문장구분#무엇보다 영화에 등장하는 인물 중 새로들어온 상사가 별로였다.#@문장구분# 회사의 모토부터 아는것이 많지 않음에도 불구하고 다 아는 척, 상사니깐 말을 잘 들어라~ 하면서 거만하게 행동하는 것이 나에게는 정말 마음에 들지 않았다. #@문장구분#영화 중간에 나온 근육맨 인형이 인상 깊게 남았다 쭉쭉 길게 늘어나면서 계속 기분 좋게 웃고있는 그 인형은 윌터와 윌터 여동생의 어릴적때의 추억이 담겨 있는 물건이기도 하고 나중에 보드와 교환하는 데도 유용하게 쓰여서 도움이 되기도 했기 때문이다. #@문장구분#영화를 보면서 윌터가 고생하며  숀을 찾아가는 장면들도 재미있었다.#@문장구분# 특히 무전기를 들며 배에 뛰어들 걸 바다로 뛰어드는 장면, 그런 그의 곁에 나타난 상어들을 힘겹게 막는 장면도 마치 상상에 나올 것 같은 장면이라 재미있게 느껴졌다.#@문장구분# 이 영화는 지금 내가 배우고 있는 영어 교과서에 나오는 영화로써 공부할 때 보니 다시 보는 것 처럼 흥미진진하게 느껴졌다.#@문장구분# 힐링을 느끼고 싶은 친구에게 추천하는 영화다.#@문장구분#",
      "paragraph_len": 823,
      "paragraph_id": "001"
    }
  ],
  "score": {
    "paragraph_score": [
      {
        "paragraph_scoreT": [
          3,
          2.8333333,
          2.8333333
        ],
        "paragraph_scoreT_detail": {
          "paragraph_scoreT_exp": [
            [
              3,
              3,
              3
            ],
            [
              3,
              3,
              2
            ],
            [
              3,
              3,
              2
            ]
          ]
        },
        "paragraph_scoreT_avg": 2.8888886,
        "paragraph_id": "001"
      }
    ],
    "essay_scoreT": [
      30,
      24.222221,
      27.38889
    ],
    "essay_scoreT_avg": 27.203705,
    "essay_scoreT_detail": {
      "essay_scoreT_org": [
        [
          3,
          3,
          3,
          3
        ],
        [
          2,
          3,
          3,
          2
        ],
        [
          3,
          3,
          3,
          1
        ]
      ],
      "essay_scoreT_cont": [
        [
          3,
          3,
          0,
          3
        ],
        [
          2,
          2,
          0,
          2
        ],
        [
          3,
          2,
          0,
          3
        ]
      ],
      "essay_scoreT_exp": [
        [
          3,
          3,
          3
        ],
        [
          3,
          3,
          2
        ],
        [
          3,
          3,
          2
        ]
      ]
    }
  },
  "student": {
    "date": "2021.09.13",
    "student_educated": true,
    "student_grade": "고등_1학년",
    "location": "051",
    "student_grade_group": "고등",
    "student_reading": 1
  },
  "rubric": {
    "essay_grade": "고등_1학년",
    "organization_weight": {
      "org_paragraph": 2,
      "org": 2,
      "org_essay": 4,
      "org_coherence": 2,
      "org_quantity": 1
    },
    "essay_type": "설명글",
    "content_weight": {
      "con_clearance": 4,
      "con_novelty": 3,
      "con": 4,
      "con_prompt": 0,
      "con_description": 1
    },
    "essay_main_subject": "영화/독서감상문",
    "expression_weight": {
      "exp_style": 1,
      "exp_grammar": 2,
      "exp_vocab": 3,
      "exp": 4
    }
  },
  "correction": [],
  "info": {
    "essay_id": "ESSAY_34151",
    "essay_prompt": " 영화에는 로맨스, 액션, 스릴러 등 정말 많은 장르가 있습니다. 사람마다 좋아하는 장르가 있고 절대 보지 않는 장르도 있습니다.\r\n\r\n 독서도 마찬가지입니다. 소설, 수필, 시, 만화, 위인전 등 여러가지 장르가 있습니다.\r\n\r\n 여러분은 어떤 장르를 좋아하나요? 그리고 해당 장르에서 가장 재미있게 봤던 영화나 책은 무엇인가요?\r\n\r\n 자신이 봤던 영화 혹은 책을 한 편 선정하여 주제와 내용 그리고 느낀점을 감상문으로 작성해주세요.",
    "essay_type": "설명글",
    "essay_level": "3",
    "essay_len": 646,
    "essay_main_subject": "영화/독서감상문"
  }
}