{
  "paragraph": [
    {
      "paragraph_txt": "이 책은 이청준이 쓴 3인칭 전치적 시점 장편 소설이다.#@문장구분# 배경은 소록도이고, 시간은 5.16 이후이고, 주인공은 조백헌, 이상옥, 이정태가 나온다.#@문장구분# 조백헌은 소록도 병원장으로서 나환자들에게 꿈과 희망을 주는 긍정적 인물이다. #@문장구분#아상옥은 조뱍헌 원장과는 갈등 관계였으나 원장의 사랑 정신에 감동하는 인물이다. #@문장구분#이정태는 소록도를 취재하는 기자이다.#@문장구분#",
      "paragraph_len": 291,
      "paragraph_id": "001"
    },
    {
      "paragraph_txt": "이 책의 줄거리는 나환자들의 섬 소록도에 전직 군의관 출신 조백헌 대령이 새로 병원장으로 부임해 온다.#@문장구분# 부임 첫 날부터 원생의 탈출 사고가 일어나고, 조원장은 외부사람의 눈에 평화스러워 보이는 이 섬에 무엇인가 문제가 있음을 느낀다.#@문장구분# 원생들이 원장을 불신하고 시큰둥하게 반응을 보인 이유는 일제시대 때의 원장 주정수에게 배반하였기 때문이다.#@문장구분# 원생들은 낙원 (여기서의 낙원은 나병환자들의 천국을 의미 함) 의 건설을 위해 계속 되는 부역에 노예처럼 끌려나가야 했고, 섬을 탈출해 나가는 사람마저 생기게 되었고 환자들을 강제로 노역시키고 임금마저 착쥐하고 개인의 명예를 얻는 데만 집중을 하였다.#@문장구분# 학대의 방법도 교묘하고 극한에 달하여 심지어 단종 수술까지 자행되었다.#@문장구분# 표면적 성과에 의해 공로자가 된 주정수는 그를 기념하는 동상 앞에서 환자들에게 살해되었다.#@문장구분# 이러한 처참한 과거가 있었기에 소록도에는 바깥 사람들을 믿지 못하는 불신의 뿌리가 깊이 내려져 있었다.#@문장구분# 조백헌 원장은 섬사람들에게 지난날의 악몽을 씻고, 이젠 내일을 바라보아야 한다고 역설한다.#@문장구분# 계속 투덜되는 원생들을 참고 쭉쭉 자기만의 페이스를 유지하며 원생들에게 투철한 의지와 인내로 나환자들을 회유하고 결실을 위해 모든 희생을 감수했다.#@문장구분# 이러한 조백헌 원장은 자신의 명예욕이나 과시욕을 충족시키려는 마음은 아에 없고 원생과 환자들의 사랑 정신에 결국에는 이상국도 감동하게 된다.#@문장구분#",
      "paragraph_len": 893,
      "paragraph_id": "002"
    },
    {
      "paragraph_txt": "이 책을 읽으며 느낀점은 사람과 사람 사이의 협력과 사랑에 의해서만 이루어진다는 것을 느꼈고 진정한 화해는 인간성을 회복시켜주는 것까지 깨달았다.#@문장구분#",
      "paragraph_len": 101,
      "paragraph_id": "003"
    }
  ],
  "score": {
    "paragraph_score": [
      {
        "paragraph_scoreT": [
          2.1666667,
          2.8333333,
          2
        ],
        "paragraph_scoreT_detail": {
          "paragraph_scoreT_exp": [
            [
              2,
              2,
              3
            ],
            [
              3,
              3,
              2
            ],
            [
              2,
              2,
              2
            ]
          ]
        },
        "paragraph_scoreT_avg": 2.3333333,
        "paragraph_id": "001"
      },
      {
        "paragraph_scoreT": [
          3,
          2.8333333,
          2
        ],
        "paragraph_scoreT_detail": {
          "paragraph_scoreT_exp": [
            [
              3,
              3,
              3
            ],
            [
              3,
              3,
              2
            ],
            [
              2,
              2,
              2
            ]
          ]
        },
        "paragraph_scoreT_avg": 2.611111,
        "paragraph_id": "002"
      },
      {
        "paragraph_scoreT": [
          1.6666666,
          2.8333333,
          2
        ],
        "paragraph_scoreT_detail": {
          "paragraph_scoreT_exp": [
            [
              3,
              1,
              1
            ],
            [
              3,
              3,
              2
            ],
            [
              2,
              2,
              2
            ]
          ]
        },
        "paragraph_scoreT_avg": 2.1666667,
        "paragraph_id": "003"
      }
    ],
    "essay_scoreT": [
      24,
      27.833332,
      20.722221
    ],
    "essay_scoreT_avg": 24.185186,
    "essay_scoreT_detail": {
      "essay_scoreT_org": [
        [
          3,
          3,
          3,
          3
        ],
        [
          3,
          3,
          3,
          3
        ],
        [
          2,
          2,
          2,
          3
        ]
      ],
      "essay_scoreT_cont": [
        [
          3,
          2,
          0,
          2
        ],
        [
          3,
          2,
          0,
          3
        ],
        [
          3,
          1,
          0,
          2
        ]
      ],
      "essay_scoreT_exp": [
        [
          2,
          2,
          2
        ],
        [
          3,
          3,
          2
        ],
        [
          2,
          2,
          2
        ]
      ]
    }
  },
  "student": {
    "date": "2021.09.13",
    "student_educated": true,
    "student_grade": "고등_1학년",
    "location": "063",
    "student_grade_group": "고등",
    "student_reading": 1
  },
  "rubric": {
    "essay_grade": "고등_1학년",
    "organization_weight": {
      "org_paragraph": 2,
      "org": 2,
      "org_essay": 4,
      "org_coherence": 2,
      "org_quantity": 1
    },
    "essay_type": "설명글",
    "content_weight": {
      "con_clearance": 4,
      "con_novelty": 3,
      "con": 4,
      "con_prompt": 0,
      "con_description": 1
    },
    "essay_main_subject": "영화/독서감상문",
    "expression_weight": {
      "exp_style": 1,
      "exp_grammar": 2,
      "exp_vocab": 3,
      "exp": 4
    }
  },
  "correction": [],
  "info": {
    "essay_id": "ESSAY_34576",
    "essay_prompt": " 영화에는 로맨스, 액션, 스릴러 등 정말 많은 장르가 있습니다. 사람마다 좋아하는 장르가 있고 절대 보지 않는 장르도 있습니다.\r\n\r\n 독서도 마찬가지입니다. 소설, 수필, 시, 만화, 위인전 등 여러가지 장르가 있습니다.\r\n\r\n 여러분은 어떤 장르를 좋아하나요? 그리고 해당 장르에서 가장 재미있게 봤던 영화나 책은 무엇인가요?\r\n\r\n 자신이 봤던 영화 혹은 책을 한 편 선정하여 주제와 내용 그리고 느낀점을 감상문으로 작성해주세요.",
    "essay_type": "설명글",
    "essay_level": "3",
    "essay_len": 969,
    "essay_main_subject": "영화/독서감상문"
  }
}