{
  "paragraph": [
    {
      "paragraph_txt": "이 책의 주인공 트렌스 데일은 자신감이 넘치는 사람이었다.#@문장구분# 어쩌면 자신감이 아니라 자만일 수도 있을 것이다.#@문장구분#",
      "paragraph_len": 100,
      "paragraph_id": "001"
    },
    {
      "paragraph_txt": "주인공에게는 여자친구가 있었다.#@문장구분# 그녀는 주인공에게 칭찬을 아끼지 않았고, 그가 더욱 자신감을 가지게 된 이유도 그녀의 칭찬 덕분이었다.#@문장구분#",
      "paragraph_len": 115,
      "paragraph_id": "002"
    },
    {
      "paragraph_txt": "그러나 여자친구에게 더 좋은 모습을 보여주려고, 그녀의 칭찬을 잃기 싫은 마음에 그는 조그마한 거짓말을 한다.#@문장구분#",
      "paragraph_len": 81,
      "paragraph_id": "003"
    },
    {
      "paragraph_txt": "그가 스페인어에 능통하며 원어민처럼 구사 할 수 있다는 것이다.#@문장구분# 실제로 그는 스페인어를 할 줄 모르며 오래전 들은 스페인 속담을 조금 읊을 줄 아는 것 뿐이다. #@문장구분#주인공은 자신의 조그만 거짓말이 어떤 결과를 가져올지 상상하지 못했다.#@문장구분# ",
      "paragraph_len": 190,
      "paragraph_id": "004"
    },
    {
      "paragraph_txt": "시간이 흘러 주인공은 여자친구에게 청혼하고 그녀는 대답대신 와서 날 대려가라는 뜻인 선인장(벤또마르메)를 선물한다.#@문장구분#",
      "paragraph_len": 84,
      "paragraph_id": "005"
    },
    {
      "paragraph_txt": "그가 스페인어에 능통하다고 생각하여서 선인장을 청혼을 승락한다는 의미로 보낸 것이다.#@문장구분#",
      "paragraph_len": 67,
      "paragraph_id": "006"
    },
    {
      "paragraph_txt": "그러나 그는 스페인어를 몰랐고, 그녀가 주인공의 청혼에 대답해주지 않는다고 답답해하였고, 그녀또한 답답해한다.#@문장구분#",
      "paragraph_len": 81,
      "paragraph_id": "007"
    },
    {
      "paragraph_txt": "결국 여자친구는 다른 남자와 결혼을 하고, 주인공이 선인장의 의미를 알았을 땐 그녀가 이미 떠나버린 후였다.#@문장구분# ",
      "paragraph_len": 81,
      "paragraph_id": "008"
    },
    {
      "paragraph_txt": "이 소설을 읽으면서 진실의 가치에 대해 또한 거짓말의 위험성에 대해서 알게되었다.#@문장구분#",
      "paragraph_len": 65,
      "paragraph_id": "009"
    },
    {
      "paragraph_txt": "스페인어를 잘 한다는 주인공의 거짓말은 그리 대단한 거짓말은 아니다.#@문장구분# 주인공도 자신의 거짓말이 그녀와 해어지는 계기가 될 줄은 몰랐을 것이다.#@문장구분#",
      "paragraph_len": 119,
      "paragraph_id": "010"
    },
    {
      "paragraph_txt": "이처럼 거짓말은 그 크기과 정도에 상관없이 결국 나에게 돌아오게 되어있다, 백해무익하게 말이다.#@문장구분#",
      "paragraph_len": 73,
      "paragraph_id": "011"
    },
    {
      "paragraph_txt": "나도 학교생활을 하면서 친구들에게 선생님들에게 심지어는 가정에서 부모님에게 거짓말을 하곤 한다.#@문장구분#",
      "paragraph_len": 73,
      "paragraph_id": "012"
    },
    {
      "paragraph_txt": "상황을 모면하기 위해서, 나를 좀 더 포장하려고 거짓말을 한다.#@문장구분#",
      "paragraph_len": 55,
      "paragraph_id": "013"
    },
    {
      "paragraph_txt": "이 소설의 주인공처럼 이런 거짓말들은 나에게 좋지 않은 영향을 가져 올 것이라고 다시 한 번 생각해볼 수 있었고, 살아가면서 거짓말하는 것을 지양해야겠다고 생각하였다.#@문장구분# ",
      "paragraph_len": 114,
      "paragraph_id": "014"
    },
    {
      "paragraph_txt": "진실만을 말하며 살아가는 것이 힘들고 혹자는 멍청하다고 말할 수 있다.#@문장구분#",
      "paragraph_len": 59,
      "paragraph_id": "015"
    },
    {
      "paragraph_txt": "그러나 진실의 가치와 거짓의 유해함은 변하지 않기에 진실만을 말하는 삶을 살아야겠다.#@문장구분#",
      "paragraph_len": 67,
      "paragraph_id": "016"
    }
  ],
  "score": {
    "paragraph_score": [
      {
        "paragraph_scoreT": [
          3,
          3,
          1.3333334
        ],
        "paragraph_scoreT_detail": {
          "paragraph_scoreT_exp": [
            [
              3,
              3,
              3
            ],
            [
              3,
              3,
              3
            ],
            [
              2,
              1,
              1
            ]
          ]
        },
        "paragraph_scoreT_avg": 2.4444444,
        "paragraph_id": "001"
      },
      {
        "paragraph_scoreT": [
          3,
          3,
          1.3333334
        ],
        "paragraph_scoreT_detail": {
          "paragraph_scoreT_exp": [
            [
              3,
              3,
              3
            ],
            [
              3,
              3,
              3
            ],
            [
              2,
              1,
              1
            ]
          ]
        },
        "paragraph_scoreT_avg": 2.4444444,
        "paragraph_id": "002"
      },
      {
        "paragraph_scoreT": [
          3,
          3,
          1
        ],
        "paragraph_scoreT_detail": {
          "paragraph_scoreT_exp": [
            [
              3,
              3,
              3
            ],
            [
              3,
              3,
              3
            ],
            [
              1,
              1,
              1
            ]
          ]
        },
        "paragraph_scoreT_avg": 2.3333333,
        "paragraph_id": "003"
      },
      {
        "paragraph_scoreT": [
          3,
          3,
          1.8333334
        ],
        "paragraph_scoreT_detail": {
          "paragraph_scoreT_exp": [
            [
              3,
              3,
              3
            ],
            [
              3,
              3,
              3
            ],
            [
              2,
              2,
              1
            ]
          ]
        },
        "paragraph_scoreT_avg": 2.6111112,
        "paragraph_id": "004"
      },
      {
        "paragraph_scoreT": [
          3,
          3,
          1.8333334
        ],
        "paragraph_scoreT_detail": {
          "paragraph_scoreT_exp": [
            [
              3,
              3,
              3
            ],
            [
              3,
              3,
              3
            ],
            [
              2,
              2,
              1
            ]
          ]
        },
        "paragraph_scoreT_avg": 2.6111112,
        "paragraph_id": "005"
      },
      {
        "paragraph_scoreT": [
          3,
          3,
          1
        ],
        "paragraph_scoreT_detail": {
          "paragraph_scoreT_exp": [
            [
              3,
              3,
              3
            ],
            [
              3,
              3,
              3
            ],
            [
              1,
              1,
              1
            ]
          ]
        },
        "paragraph_scoreT_avg": 2.3333333,
        "paragraph_id": "006"
      },
      {
        "paragraph_scoreT": [
          3,
          3,
          1.8333334
        ],
        "paragraph_scoreT_detail": {
          "paragraph_scoreT_exp": [
            [
              3,
              3,
              3
            ],
            [
              3,
              3,
              3
            ],
            [
              2,
              2,
              1
            ]
          ]
        },
        "paragraph_scoreT_avg": 2.6111112,
        "paragraph_id": "007"
      },
      {
        "paragraph_scoreT": [
          3,
          3,
          0.6666667
        ],
        "paragraph_scoreT_detail": {
          "paragraph_scoreT_exp": [
            [
              3,
              3,
              3
            ],
            [
              3,
              3,
              3
            ],
            [
              2,
              0,
              0
            ]
          ]
        },
        "paragraph_scoreT_avg": 2.222222,
        "paragraph_id": "008"
      },
      {
        "paragraph_scoreT": [
          3,
          3,
          1.1666666
        ],
        "paragraph_scoreT_detail": {
          "paragraph_scoreT_exp": [
            [
              3,
              3,
              3
            ],
            [
              3,
              3,
              3
            ],
            [
              2,
              1,
              0
            ]
          ]
        },
        "paragraph_scoreT_avg": 2.3888888,
        "paragraph_id": "009"
      },
      {
        "paragraph_scoreT": [
          3,
          3,
          1.1666666
        ],
        "paragraph_scoreT_detail": {
          "paragraph_scoreT_exp": [
            [
              3,
              3,
              3
            ],
            [
              3,
              3,
              3
            ],
            [
              2,
              1,
              0
            ]
          ]
        },
        "paragraph_scoreT_avg": 2.3888888,
        "paragraph_id": "010"
      },
      {
        "paragraph_scoreT": [
          3,
          3,
          1.6666666
        ],
        "paragraph_scoreT_detail": {
          "paragraph_scoreT_exp": [
            [
              3,
              3,
              3
            ],
            [
              3,
              3,
              3
            ],
            [
              2,
              2,
              0
            ]
          ]
        },
        "paragraph_scoreT_avg": 2.5555556,
        "paragraph_id": "011"
      },
      {
        "paragraph_scoreT": [
          3,
          3,
          1.3333334
        ],
        "paragraph_scoreT_detail": {
          "paragraph_scoreT_exp": [
            [
              3,
              3,
              3
            ],
            [
              3,
              3,
              3
            ],
            [
              2,
              1,
              1
            ]
          ]
        },
        "paragraph_scoreT_avg": 2.4444444,
        "paragraph_id": "012"
      },
      {
        "paragraph_scoreT": [
          3,
          3,
          1.3333334
        ],
        "paragraph_scoreT_detail": {
          "paragraph_scoreT_exp": [
            [
              3,
              3,
              3
            ],
            [
              3,
              3,
              3
            ],
            [
              2,
              1,
              1
            ]
          ]
        },
        "paragraph_scoreT_avg": 2.4444444,
        "paragraph_id": "013"
      },
      {
        "paragraph_scoreT": [
          3,
          3,
          1.3333334
        ],
        "paragraph_scoreT_detail": {
          "paragraph_scoreT_exp": [
            [
              3,
              3,
              3
            ],
            [
              3,
              3,
              3
            ],
            [
              2,
              1,
              1
            ]
          ]
        },
        "paragraph_scoreT_avg": 2.4444444,
        "paragraph_id": "014"
      },
      {
        "paragraph_scoreT": [
          3,
          3,
          0.8333333
        ],
        "paragraph_scoreT_detail": {
          "paragraph_scoreT_exp": [
            [
              3,
              3,
              3
            ],
            [
              3,
              3,
              3
            ],
            [
              1,
              1,
              0
            ]
          ]
        },
        "paragraph_scoreT_avg": 2.277778,
        "paragraph_id": "015"
      },
      {
        "paragraph_scoreT": [
          3,
          3,
          1.3333334
        ],
        "paragraph_scoreT_detail": {
          "paragraph_scoreT_exp": [
            [
              3,
              3,
              3
            ],
            [
              3,
              3,
              3
            ],
            [
              2,
              1,
              1
            ]
          ]
        },
        "paragraph_scoreT_avg": 2.4444444,
        "paragraph_id": "016"
      }
    ],
    "essay_scoreT": [
      30,
      29.11111,
      12.944445
    ],
    "essay_scoreT_avg": 24.018518,
    "essay_scoreT_detail": {
      "essay_scoreT_org": [
        [
          3,
          3,
          3,
          3
        ],
        [
          2,
          3,
          3,
          3
        ],
        [
          1,
          2,
          2,
          2
        ]
      ],
      "essay_scoreT_cont": [
        [
          3,
          3,
          0,
          3
        ],
        [
          3,
          3,
          0,
          3
        ],
        [
          1,
          1,
          0,
          2
        ]
      ],
      "essay_scoreT_exp": [
        [
          3,
          3,
          3
        ],
        [
          3,
          3,
          3
        ],
        [
          2,
          1,
          1
        ]
      ]
    }
  },
  "student": {
    "date": "2021.09.13",
    "student_educated": true,
    "student_grade": "고등_1학년",
    "location": "063",
    "student_grade_group": "고등",
    "student_reading": 1
  },
  "rubric": {
    "essay_grade": "고등_1학년",
    "organization_weight": {
      "org_paragraph": 2,
      "org": 2,
      "org_essay": 4,
      "org_coherence": 2,
      "org_quantity": 1
    },
    "essay_type": "설명글",
    "content_weight": {
      "con_clearance": 4,
      "con_novelty": 3,
      "con": 4,
      "con_prompt": 0,
      "con_description": 1
    },
    "essay_main_subject": "영화/독서감상문",
    "expression_weight": {
      "exp_style": 1,
      "exp_grammar": 2,
      "exp_vocab": 3,
      "exp": 4
    }
  },
  "correction": [],
  "info": {
    "essay_id": "ESSAY_34483",
    "essay_prompt": " 영화에는 로맨스, 액션, 스릴러 등 정말 많은 장르가 있습니다. 사람마다 좋아하는 장르가 있고 절대 보지 않는 장르도 있습니다.\r\n\r\n 독서도 마찬가지입니다. 소설, 수필, 시, 만화, 위인전 등 여러가지 장르가 있습니다.\r\n\r\n 여러분은 어떤 장르를 좋아하나요? 그리고 해당 장르에서 가장 재미있게 봤던 영화나 책은 무엇인가요?\r\n\r\n 자신이 봤던 영화 혹은 책을 한 편 선정하여 주제와 내용 그리고 느낀점을 감상문으로 작성해주세요.",
    "essay_type": "설명글",
    "essay_level": "3",
    "essay_len": 1034,
    "essay_main_subject": "영화/독서감상문"
  }
}