{
  "paragraph": [
    {
      "paragraph_txt": "지난번에 공동체의 힘에 관한 첵을 읽었었다.#@문장구분# 공동체가 힘을 모은다면 개인의 힘으로는 해결하기 힘든 사회문제를 해결할 수 있다는내용이었다.#@문장구분#",
      "paragraph_len": 116,
      "paragraph_id": "001"
    },
    {
      "paragraph_txt": "지난번 독서가 공동체에 관한 내용이였다면 이번 책은 공동체 중에서도 어린이들(청소년)에 관한 내용이다.#@문장구분# ",
      "paragraph_len": 78,
      "paragraph_id": "002"
    },
    {
      "paragraph_txt": "우리가 생각하기에 어린아이들은 사회문제를 해결하거나 변화를 만들어 내기에는 힘들다고 생각한다.#@문장구분#",
      "paragraph_len": 72,
      "paragraph_id": "003"
    },
    {
      "paragraph_txt": "나 역시도 그렇게 생각해 왔다.#@문장구분# 그러나 이 책에선 그렇지 않다는 것을 말해준다.#@문장구분#",
      "paragraph_len": 84,
      "paragraph_id": "004"
    },
    {
      "paragraph_txt": "이 책에 나오는 인물들은 우연한 계기로 환경문제에 관심을 가지게 되고 환경오염을 막는 단체의 필요성에 대해서 생각하게 된다.#@문장구분#",
      "paragraph_len": 89,
      "paragraph_id": "005"
    },
    {
      "paragraph_txt": "작은 규모의, 반 친구들이 주축이 되는 모임이지만 시간이 지나면서 점차 많은 사람들이 단체에 가입한다.#@문장구분#\n결국 환경문제를 해결하는데 이바지 하는 단체가 만들어진다.#@문장구분#",
      "paragraph_len": 130,
      "paragraph_id": "006"
    },
    {
      "paragraph_txt": "성인들도 하기 힘든 일을 아이들이 해낸 것이다.#@문장구분# ",
      "paragraph_len": 47,
      "paragraph_id": "007"
    },
    {
      "paragraph_txt": "아이들이 사회를 변화시킨 것을 보고 많이 반성하였다.#@문장구분#",
      "paragraph_len": 49,
      "paragraph_id": "008"
    },
    {
      "paragraph_txt": "나와 달리 그들은 말로만 그치지 않고 실행에 옮겼기 때문이다.#@문장구분# \"옳다고 생각하면 행동하라\" 라는 이종욱(지금은 돌아가신) 전 WHO사무총장님의 말씀처럼 조건을 따지지 않고 우선 행동하였다.#@문장구분# ",
      "paragraph_len": 146,
      "paragraph_id": "009"
    },
    {
      "paragraph_txt": "비단 사회문제만이 아니라 나의 생활속에서도 말이 실행으로 옮겨지지 않는 경우가 많다.#@문장구분# 이 책의 아이들처럼 말한것을 실행으로 옮길수 있도록 할 것이다.#@문장구분#",
      "paragraph_len": 123,
      "paragraph_id": "010"
    }
  ],
  "score": {
    "paragraph_score": [
      {
        "paragraph_scoreT": [
          3,
          3,
          2
        ],
        "paragraph_scoreT_detail": {
          "paragraph_scoreT_exp": [
            [
              3,
              3,
              3
            ],
            [
              3,
              3,
              3
            ],
            [
              2,
              2,
              2
            ]
          ]
        },
        "paragraph_scoreT_avg": 2.6666667,
        "paragraph_id": "001"
      },
      {
        "paragraph_scoreT": [
          3,
          3,
          2
        ],
        "paragraph_scoreT_detail": {
          "paragraph_scoreT_exp": [
            [
              3,
              3,
              3
            ],
            [
              3,
              3,
              3
            ],
            [
              2,
              2,
              2
            ]
          ]
        },
        "paragraph_scoreT_avg": 2.6666667,
        "paragraph_id": "002"
      },
      {
        "paragraph_scoreT": [
          3,
          3,
          2
        ],
        "paragraph_scoreT_detail": {
          "paragraph_scoreT_exp": [
            [
              3,
              3,
              3
            ],
            [
              3,
              3,
              3
            ],
            [
              2,
              2,
              2
            ]
          ]
        },
        "paragraph_scoreT_avg": 2.6666667,
        "paragraph_id": "003"
      },
      {
        "paragraph_scoreT": [
          3,
          3,
          2
        ],
        "paragraph_scoreT_detail": {
          "paragraph_scoreT_exp": [
            [
              3,
              3,
              3
            ],
            [
              3,
              3,
              3
            ],
            [
              2,
              2,
              2
            ]
          ]
        },
        "paragraph_scoreT_avg": 2.6666667,
        "paragraph_id": "004"
      },
      {
        "paragraph_scoreT": [
          3,
          3,
          2
        ],
        "paragraph_scoreT_detail": {
          "paragraph_scoreT_exp": [
            [
              3,
              3,
              3
            ],
            [
              3,
              3,
              3
            ],
            [
              2,
              2,
              2
            ]
          ]
        },
        "paragraph_scoreT_avg": 2.6666667,
        "paragraph_id": "005"
      },
      {
        "paragraph_scoreT": [
          3,
          2.6666667,
          2
        ],
        "paragraph_scoreT_detail": {
          "paragraph_scoreT_exp": [
            [
              3,
              3,
              3
            ],
            [
              2,
              3,
              3
            ],
            [
              2,
              2,
              2
            ]
          ]
        },
        "paragraph_scoreT_avg": 2.5555556,
        "paragraph_id": "006"
      },
      {
        "paragraph_scoreT": [
          3,
          3,
          2
        ],
        "paragraph_scoreT_detail": {
          "paragraph_scoreT_exp": [
            [
              3,
              3,
              3
            ],
            [
              3,
              3,
              3
            ],
            [
              2,
              2,
              2
            ]
          ]
        },
        "paragraph_scoreT_avg": 2.6666667,
        "paragraph_id": "007"
      },
      {
        "paragraph_scoreT": [
          3,
          3,
          2
        ],
        "paragraph_scoreT_detail": {
          "paragraph_scoreT_exp": [
            [
              3,
              3,
              3
            ],
            [
              3,
              3,
              3
            ],
            [
              2,
              2,
              2
            ]
          ]
        },
        "paragraph_scoreT_avg": 2.6666667,
        "paragraph_id": "008"
      },
      {
        "paragraph_scoreT": [
          3,
          3,
          2
        ],
        "paragraph_scoreT_detail": {
          "paragraph_scoreT_exp": [
            [
              3,
              3,
              3
            ],
            [
              3,
              3,
              3
            ],
            [
              2,
              2,
              2
            ]
          ]
        },
        "paragraph_scoreT_avg": 2.6666667,
        "paragraph_id": "009"
      },
      {
        "paragraph_scoreT": [
          3,
          3,
          2
        ],
        "paragraph_scoreT_detail": {
          "paragraph_scoreT_exp": [
            [
              3,
              3,
              3
            ],
            [
              3,
              3,
              3
            ],
            [
              2,
              2,
              2
            ]
          ]
        },
        "paragraph_scoreT_avg": 2.6666667,
        "paragraph_id": "010"
      }
    ],
    "essay_scoreT": [
      30,
      26.444445,
      22.444445
    ],
    "essay_scoreT_avg": 26.296295,
    "essay_scoreT_detail": {
      "essay_scoreT_org": [
        [
          3,
          3,
          3,
          3
        ],
        [
          3,
          3,
          3,
          2
        ],
        [
          2,
          2,
          3,
          2
        ]
      ],
      "essay_scoreT_cont": [
        [
          3,
          3,
          0,
          3
        ],
        [
          3,
          2,
          0,
          2
        ],
        [
          3,
          2,
          0,
          2
        ]
      ],
      "essay_scoreT_exp": [
        [
          3,
          3,
          3
        ],
        [
          2,
          3,
          3
        ],
        [
          2,
          2,
          2
        ]
      ]
    }
  },
  "student": {
    "date": "2021.09.13",
    "student_educated": true,
    "student_grade": "고등_1학년",
    "location": "063",
    "student_grade_group": "고등",
    "student_reading": 1
  },
  "rubric": {
    "essay_grade": "고등_1학년",
    "organization_weight": {
      "org_paragraph": 2,
      "org": 2,
      "org_essay": 4,
      "org_coherence": 2,
      "org_quantity": 1
    },
    "essay_type": "설명글",
    "content_weight": {
      "con_clearance": 4,
      "con_novelty": 3,
      "con": 4,
      "con_prompt": 0,
      "con_description": 1
    },
    "essay_main_subject": "영화/독서감상문",
    "expression_weight": {
      "exp_style": 1,
      "exp_grammar": 2,
      "exp_vocab": 3,
      "exp": 4
    }
  },
  "correction": [],
  "info": {
    "essay_id": "ESSAY_34460",
    "essay_prompt": " 영화에는 로맨스, 액션, 스릴러 등 정말 많은 장르가 있습니다. 사람마다 좋아하는 장르가 있고 절대 보지 않는 장르도 있습니다.\r\n\r\n 독서도 마찬가지입니다. 소설, 수필, 시, 만화, 위인전 등 여러가지 장르가 있습니다.\r\n\r\n 여러분은 어떤 장르를 좋아하나요? 그리고 해당 장르에서 가장 재미있게 봤던 영화나 책은 무엇인가요?\r\n\r\n 자신이 봤던 영화 혹은 책을 한 편 선정하여 주제와 내용 그리고 느낀점을 감상문으로 작성해주세요.",
    "essay_type": "설명글",
    "essay_level": "3",
    "essay_len": 652,
    "essay_main_subject": "영화/독서감상문"
  }
}