{
  "paragraph": [
    {
      "paragraph_txt": "이 책은 2부작 구성중 두번째 책으로, 1권에 이어 자연과학의 여러 분야를 소개하는 책이다.#@문장구분#\n1권에서는 물리와 화학 분야를 주로 다루었다면, 2권에서는 물리와 생명과학과 지구과학에 관련하여 설명하고 있다.#@문장구분#\n제일 초반부에서는 우주와 전기, 자기 현상에 대해 설명하는데, 평소에도 전기와 자기에 대해서 관심이 많아서 그나마 쉽게 읽을 수 있는 부분이었다.#@문장구분#\n이후에는 생명과학에서 주로 다루는 생명체와 유전법칙을 설명한다.#@문장구분#\n평소에 알고 있던 입시과학에서의 생명과학과 유전법칙은 상당히 어렵고 계산적이며 딱딱하다는 느낌을 받았는데, 이 책 역시 대화체를 이용하여 쉽게 풀이해주어 이해하기는 쉬웠다.#@문장구분#\n하지만 생명과학과 물리는 자주 등장하는 반면 지구과학은 부수적인 차원에서 설명하는 등 지구과학을 주로 하는 주제는 없는 것 같아 아쉬운 점이 남는다.#@문장구분#\n평소에 흥미로웠던 분야인 물질파 파장도 드 브로이의 연구와 함께 등장하니 감회가 새로웠다.#@문장구분#\n후반부로 갈수록 사실상 물리 개념이 분량을 독재하고 있는데 사실상 어려운 개념의 대부분이 물리학이기 때문이 아닐까 하는 생각도 든다.#@문장구분#\n자연과학의 세계 2부작을 읽으면서 평소 입시의 형태로 딱딱하게 접했던 과학에서 벗어나 대화하듯이 차근차근 짚어가는 느낌이라 감회가 새로웠다.#@문장구분#",
      "paragraph_len": 798,
      "paragraph_id": "001"
    }
  ],
  "score": {
    "paragraph_score": [
      {
        "paragraph_scoreT": [
          3,
          3,
          2
        ],
        "paragraph_scoreT_detail": {
          "paragraph_scoreT_exp": [
            [
              3,
              3,
              3
            ],
            [
              3,
              3,
              3
            ],
            [
              2,
              2,
              2
            ]
          ]
        },
        "paragraph_scoreT_avg": 2.6666667,
        "paragraph_id": "001"
      }
    ],
    "essay_scoreT": [
      30,
      26.88889,
      22.944445
    ],
    "essay_scoreT_avg": 26.611113,
    "essay_scoreT_detail": {
      "essay_scoreT_org": [
        [
          3,
          3,
          3,
          3
        ],
        [
          2,
          3,
          3,
          2
        ],
        [
          2,
          2,
          3,
          2
        ]
      ],
      "essay_scoreT_cont": [
        [
          3,
          3,
          0,
          3
        ],
        [
          3,
          2,
          0,
          2
        ],
        [
          3,
          2,
          0,
          3
        ]
      ],
      "essay_scoreT_exp": [
        [
          3,
          3,
          3
        ],
        [
          3,
          3,
          3
        ],
        [
          2,
          2,
          2
        ]
      ]
    }
  },
  "student": {
    "date": "2021.09.07",
    "student_educated": true,
    "student_grade": "고등_1학년",
    "location": "051",
    "student_grade_group": "고등",
    "student_reading": 1
  },
  "rubric": {
    "essay_grade": "고등_1학년",
    "organization_weight": {
      "org_paragraph": 2,
      "org": 2,
      "org_essay": 4,
      "org_coherence": 2,
      "org_quantity": 1
    },
    "essay_type": "설명글",
    "content_weight": {
      "con_clearance": 4,
      "con_novelty": 3,
      "con": 4,
      "con_prompt": 0,
      "con_description": 1
    },
    "essay_main_subject": "영화/독서감상문",
    "expression_weight": {
      "exp_style": 1,
      "exp_grammar": 2,
      "exp_vocab": 3,
      "exp": 4
    }
  },
  "correction": [],
  "info": {
    "essay_id": "ESSAY_34403",
    "essay_prompt": " 영화에는 로맨스, 액션, 스릴러 등 정말 많은 장르가 있습니다. 사람마다 좋아하는 장르가 있고 절대 보지 않는 장르도 있습니다.\r\n\r\n 독서도 마찬가지입니다. 소설, 수필, 시, 만화, 위인전 등 여러가지 장르가 있습니다.\r\n\r\n 여러분은 어떤 장르를 좋아하나요? 그리고 해당 장르에서 가장 재미있게 봤던 영화나 책은 무엇인가요?\r\n\r\n 자신이 봤던 영화 혹은 책을 한 편 선정하여 주제와 내용 그리고 느낀점을 감상문으로 작성해주세요.",
    "essay_type": "설명글",
    "essay_level": "3",
    "essay_len": 618,
    "essay_main_subject": "영화/독서감상문"
  }
}