{
  "paragraph": [
    {
      "paragraph_txt": "이 책을 읽은 동기는 서점에 문제집을 사러 갔다가 아무생각 없이 서점의 책들을 보고 있었는데, 이 책의 표지가 지하철역에서 적분공식이 보이더니 극장에서는 최적의 위치를 구하는 공식이 보였는데 매우 인상적이여서 이 책을 구매하여 읽게 되었다.#@문장구분#",
      "paragraph_len": 154,
      "paragraph_id": "001"
    },
    {
      "paragraph_txt": "우선 이책은 7개의 장으로 이루어 져있는데 이 7개의 장에서 이야기하는 주요내용에 대해 먼저 이야기해보려한다.#@문장구분# 1장에서는 함수는 수학의 구성요소로 어디에서나 찾아볼수있다는 이야기를 하면서 글을 시작하면서, 제목과 같이 일상 속에서 수식들을 찾아보자는 내용으로 이야기를 이끌어 갈것이라는 방향성을 제시하여준다.#@문장구분# 2장에서는 미분은 변화를 설명하기때문에 변화가 있는 모든곳에서 도함수를 찾을 수 있다는 내용이다.#@문장구분# 미분은 작게 나눈다는 의미이고, 이러한 함수를 도함수라고 부른다.#@문장구분# 함수란 한자어의 칼을 의미하는 도를 붙인것이다.#@문장구분# 3장은 종종 문제를 수학화하거나 수식으로 표현하면 더 잘 이해되기도 한다.#@문장구분# 1+1+...을 무작정 쓰는 것은 결국 정수n을 의미하는 것과 같다.#@문장구분# 무한히 큰 n은 으로 표현할 수 있다.#@문장구분# 4장은 미적분과 일반적인 수학은 겉보기에는 연관이 없어 보이는 현상들을 서로 연결해 준다.#@문장구분# 5장은 최적화의 수학을 통해 미적분은 우리의 삶을 향상하는데 도움을 준다.#@문장구분# 직장에서 집으로 가는 여러 길중에서 어느길이 연료를 효과적으로 사용할 수 있는지, 극장이 수입 극대화를 위해서 영화표를 어느 정도 할인해 주는 것이 효과적인지를 시뮬레시션 할 수 있다.#@문장구분# 6장은 적분이 미분의 반대 개념으로 상호관계를 설명한다.#@문장구분# 특히 모든 변화 그래프의 면적을 적분으로 계산하는 방식과 경우를 통해 일상에서 그 예를 설명한다.#@문장구분# 끝으로 7장은 미분과 적분으로 문제를 분석하면 보다 깊이 이해할 수 있다는 결론으로 끝을 맺는다.#@문장구분# ",
      "paragraph_len": 1014,
      "paragraph_id": "002"
    },
    {
      "paragraph_txt": "니는 이 책을 읽으면서 이제 10달 조금 넘게 남은 수능을 준비하면서 준비해야 할 수학 공부에 조금 더 관심이 생겼고, 이 수학 책에흥미가 생겼다.#@문장구분#\n미적분의 실생활에 박혀있는 부분을 다는 아니지만 일부라도 알수있게되어 매우 흥미로웠고, 뜻깊었다.#@문장구분# 나는 이 책을 우리 학교 미적분을 듣는 친구들에게 추천해주고 싶다.#@문장구분# 이 책을 읽어 수능 준비를 하면서 조금이나마 힘듬을 덜었으면하는 마음이기 때문이다.#@문장구분#",
      "paragraph_len": 302,
      "paragraph_id": "003"
    }
  ],
  "score": {
    "paragraph_score": [
      {
        "paragraph_scoreT": [
          3,
          2.8333333,
          2
        ],
        "paragraph_scoreT_detail": {
          "paragraph_scoreT_exp": [
            [
              3,
              3,
              3
            ],
            [
              3,
              3,
              2
            ],
            [
              2,
              2,
              2
            ]
          ]
        },
        "paragraph_scoreT_avg": 2.611111,
        "paragraph_id": "001"
      },
      {
        "paragraph_scoreT": [
          3,
          2.8333333,
          2
        ],
        "paragraph_scoreT_detail": {
          "paragraph_scoreT_exp": [
            [
              3,
              3,
              3
            ],
            [
              3,
              3,
              2
            ],
            [
              2,
              2,
              2
            ]
          ]
        },
        "paragraph_scoreT_avg": 2.611111,
        "paragraph_id": "002"
      },
      {
        "paragraph_scoreT": [
          3,
          2.8333333,
          2
        ],
        "paragraph_scoreT_detail": {
          "paragraph_scoreT_exp": [
            [
              3,
              3,
              3
            ],
            [
              3,
              3,
              2
            ],
            [
              2,
              2,
              2
            ]
          ]
        },
        "paragraph_scoreT_avg": 2.611111,
        "paragraph_id": "003"
      }
    ],
    "essay_scoreT": [
      30,
      26.88889,
      23.166666
    ],
    "essay_scoreT_avg": 26.685186,
    "essay_scoreT_detail": {
      "essay_scoreT_org": [
        [
          3,
          3,
          3,
          3
        ],
        [
          3,
          2,
          3,
          3
        ],
        [
          2,
          2,
          3,
          3
        ]
      ],
      "essay_scoreT_cont": [
        [
          3,
          3,
          0,
          3
        ],
        [
          3,
          2,
          0,
          2
        ],
        [
          3,
          2,
          0,
          3
        ]
      ],
      "essay_scoreT_exp": [
        [
          3,
          3,
          3
        ],
        [
          3,
          3,
          2
        ],
        [
          2,
          2,
          2
        ]
      ]
    }
  },
  "student": {
    "date": "2021.09.13",
    "student_educated": true,
    "student_grade": "고등_1학년",
    "location": "063",
    "student_grade_group": "고등",
    "student_reading": 1
  },
  "rubric": {
    "essay_grade": "고등_1학년",
    "organization_weight": {
      "org_paragraph": 2,
      "org": 2,
      "org_essay": 4,
      "org_coherence": 2,
      "org_quantity": 1
    },
    "essay_type": "설명글",
    "content_weight": {
      "con_clearance": 4,
      "con_novelty": 3,
      "con": 4,
      "con_prompt": 0,
      "con_description": 1
    },
    "essay_main_subject": "영화/독서감상문",
    "expression_weight": {
      "exp_style": 1,
      "exp_grammar": 2,
      "exp_vocab": 3,
      "exp": 4
    }
  },
  "correction": [],
  "info": {
    "essay_id": "ESSAY_34338",
    "essay_prompt": " 영화에는 로맨스, 액션, 스릴러 등 정말 많은 장르가 있습니다. 사람마다 좋아하는 장르가 있고 절대 보지 않는 장르도 있습니다.\r\n\r\n 독서도 마찬가지입니다. 소설, 수필, 시, 만화, 위인전 등 여러가지 장르가 있습니다.\r\n\r\n 여러분은 어떤 장르를 좋아하나요? 그리고 해당 장르에서 가장 재미있게 봤던 영화나 책은 무엇인가요?\r\n\r\n 자신이 봤던 영화 혹은 책을 한 편 선정하여 주제와 내용 그리고 느낀점을 감상문으로 작성해주세요.",
    "essay_type": "설명글",
    "essay_level": "3",
    "essay_len": 1094,
    "essay_main_subject": "영화/독서감상문"
  }
}