{
  "paragraph": [
    {
      "paragraph_txt": "개미들은 우리 인간과 비슷하게 군집 즉 사회를 이루며 살아간다.#@문장구분# 일개미는 집을 짓기도 하고 여왕개미는 알을 나으며 먹이를 찾는 개미도 있으며 개미들 마다 할 일들이 정해저있다.#@문장구분# 우리 사회도 비슷하다.#@문장구분# 우리도 각자 맡은일을 하며 살아가고 서로 공존하며 무언가를 얻기위해 전쟁이라는 싸움을 하기도 한다.#@문장구분# 대부분의 생물이 살아가는 방식은 참 비슷한거 같다.#@문장구분# 우리 인간도 처음에는 아무것도 없었지만 점차 계급이 생기고 역할이 생기며 각자 할 일이 생기고 그러한 전통(?)이 지금까지 이어져 오며 지금의 사회를 구축하게 되었다.#@문장구분# 이책을 읽어보면서 여러 동물들에게도 계급이 있는지 찾아보았는데 정말 우리 사회처럼 복잡하고 섬세하게 구조화 되어있진 않지만 조금이라도 사회를 구축하고 있었다.#@문장구분# 이를 보면서 자연은 살아가는 방식이 다 비슷하다고 생각했다.#@문장구분#",
      "paragraph_len": 573,
      "paragraph_id": "001"
    }
  ],
  "score": {
    "paragraph_score": [
      {
        "paragraph_scoreT": [
          1.5,
          1.8333334,
          1.5
        ],
        "paragraph_scoreT_detail": {
          "paragraph_scoreT_exp": [
            [
              1,
              2,
              1
            ],
            [
              2,
              2,
              1
            ],
            [
              1,
              2,
              1
            ]
          ]
        },
        "paragraph_scoreT_avg": 1.6111112,
        "paragraph_id": "001"
      }
    ],
    "essay_scoreT": [
      15.111111,
      19.11111,
      16.38889
    ],
    "essay_scoreT_avg": 16.87037,
    "essay_scoreT_detail": {
      "essay_scoreT_org": [
        [
          1,
          2,
          2,
          2
        ],
        [
          2,
          2,
          2,
          1
        ],
        [
          1,
          2,
          2,
          1
        ]
      ],
      "essay_scoreT_cont": [
        [
          2,
          1,
          0,
          1
        ],
        [
          2,
          2,
          0,
          2
        ],
        [
          2,
          2,
          0,
          1
        ]
      ],
      "essay_scoreT_exp": [
        [
          1,
          2,
          1
        ],
        [
          2,
          2,
          1
        ],
        [
          1,
          2,
          1
        ]
      ]
    }
  },
  "student": {
    "date": "2021.09.10",
    "student_educated": true,
    "student_grade": "고등_1학년",
    "location": "063",
    "student_grade_group": "고등",
    "student_reading": 1
  },
  "rubric": {
    "essay_grade": "고등_1학년",
    "organization_weight": {
      "org_paragraph": 2,
      "org": 2,
      "org_essay": 4,
      "org_coherence": 2,
      "org_quantity": 1
    },
    "essay_type": "설명글",
    "content_weight": {
      "con_clearance": 4,
      "con_novelty": 3,
      "con": 4,
      "con_prompt": 0,
      "con_description": 1
    },
    "essay_main_subject": "영화/독서감상문",
    "expression_weight": {
      "exp_style": 1,
      "exp_grammar": 2,
      "exp_vocab": 3,
      "exp": 4
    }
  },
  "correction": [],
  "info": {
    "essay_id": "ESSAY_34777",
    "essay_prompt": " 영화에는 로맨스, 액션, 스릴러 등 정말 많은 장르가 있습니다. 사람마다 좋아하는 장르가 있고 절대 보지 않는 장르도 있습니다.\r\n\r\n 독서도 마찬가지입니다. 소설, 수필, 시, 만화, 위인전 등 여러가지 장르가 있습니다.\r\n\r\n 여러분은 어떤 장르를 좋아하나요? 그리고 해당 장르에서 가장 재미있게 봤던 영화나 책은 무엇인가요?\r\n\r\n 자신이 봤던 영화 혹은 책을 한 편 선정하여 주제와 내용 그리고 느낀점을 감상문으로 작성해주세요.",
    "essay_type": "설명글",
    "essay_level": "3",
    "essay_len": 413,
    "essay_main_subject": "영화/독서감상문"
  }
}