{
  "paragraph": [
    {
      "paragraph_txt": "이책은 패럴림픽에 관한 내용이다.#@문장구분# 책내용을 크게보면 운동종목이 여러가지가 나온다.#@문장구분# 가장먼저 다리가 불편한 장애인을 위한 휠체어농구이다. #@문장구분#그다음은 이것도 다리가 불편한 장애인을 위한 휠체어 달리기 이다.#@문장구분# 그다음은 수영이다.#@문장구분# 수영은 내가볼땐 다리가 없던 팔이없던 다 할수있는거 같다. #@문장구분#옛날에 인터넷에서 봤는데 장애인들이 수영을 하기위해 많은 시간과노력을 투자해 선수로 활동한다는것이다. #@문장구분#조금 놀라긴 했지만 노력을 하면 안되는건 없다는것을 깨달았다.#@문장구분# 그다음은 하키이다. #@문장구분#다리가 없는 장애인들이 한다했을때 어떻게 하는지 궁금했는데 어떻게 하냐면 허벅지에 스케이트날을 달아서 경기를 했다.#@문장구분# 신기하였다. #@문장구분#이종목은 팔이없는사람은 힘들거 같았지만 노력만 하면 될거 같다. #@문장구분#그다음은 마지막으로 마라톤이다. #@문장구분#다리가 없는사람은 못뛰니깐 못할거 같았는데 보니깐 가짜 다리구조물을 달아서 뛰는것이다.#@문장구분# 이렇게 까지 경기를 하는장애인들을 보고 난 인생을 더 열심히 살아야 겠구나 하는생각이 들게하는 책이었다.#@문장구분#",
      "paragraph_len": 793,
      "paragraph_id": "001"
    }
  ],
  "score": {
    "paragraph_score": [
      {
        "paragraph_scoreT": [
          2,
          2.8333333,
          2
        ],
        "paragraph_scoreT_detail": {
          "paragraph_scoreT_exp": [
            [
              2,
              2,
              2
            ],
            [
              3,
              3,
              2
            ],
            [
              2,
              2,
              2
            ]
          ]
        },
        "paragraph_scoreT_avg": 2.2777777,
        "paragraph_id": "001"
      }
    ],
    "essay_scoreT": [
      21.277779,
      26,
      17.777779
    ],
    "essay_scoreT_avg": 21.685186,
    "essay_scoreT_detail": {
      "essay_scoreT_org": [
        [
          2,
          2,
          2,
          1
        ],
        [
          2,
          3,
          3,
          1
        ],
        [
          2,
          2,
          2,
          1
        ]
      ],
      "essay_scoreT_cont": [
        [
          2,
          3,
          0,
          2
        ],
        [
          3,
          2,
          0,
          2
        ],
        [
          2,
          1,
          0,
          1
        ]
      ],
      "essay_scoreT_exp": [
        [
          2,
          2,
          2
        ],
        [
          3,
          3,
          2
        ],
        [
          2,
          2,
          2
        ]
      ]
    }
  },
  "student": {
    "date": "2021.09.13",
    "student_educated": true,
    "student_grade": "고등_1학년",
    "location": "063",
    "student_grade_group": "고등",
    "student_reading": 1
  },
  "rubric": {
    "essay_grade": "고등_1학년",
    "organization_weight": {
      "org_paragraph": 2,
      "org": 2,
      "org_essay": 4,
      "org_coherence": 2,
      "org_quantity": 1
    },
    "essay_type": "설명글",
    "content_weight": {
      "con_clearance": 4,
      "con_novelty": 3,
      "con": 4,
      "con_prompt": 0,
      "con_description": 1
    },
    "essay_main_subject": "영화/독서감상문",
    "expression_weight": {
      "exp_style": 1,
      "exp_grammar": 2,
      "exp_vocab": 3,
      "exp": 4
    }
  },
  "correction": [],
  "info": {
    "essay_id": "ESSAY_34440",
    "essay_prompt": " 영화에는 로맨스, 액션, 스릴러 등 정말 많은 장르가 있습니다. 사람마다 좋아하는 장르가 있고 절대 보지 않는 장르도 있습니다.\r\n\r\n 독서도 마찬가지입니다. 소설, 수필, 시, 만화, 위인전 등 여러가지 장르가 있습니다.\r\n\r\n 여러분은 어떤 장르를 좋아하나요? 그리고 해당 장르에서 가장 재미있게 봤던 영화나 책은 무엇인가요?\r\n\r\n 자신이 봤던 영화 혹은 책을 한 편 선정하여 주제와 내용 그리고 느낀점을 감상문으로 작성해주세요.",
    "essay_type": "설명글",
    "essay_level": "3",
    "essay_len": 493,
    "essay_main_subject": "영화/독서감상문"
  }
}