{
  "paragraph": [
    {
      "paragraph_txt": "\"이 책은 처음 탈출속도에 대하여 발표를 하려고 이 책의 챕터6-탈출속도를 발췌독 해서 읽었었다. #@문장구분#이후, 더욱 물리2 과목에대한 궁금증과 심화 탐구 활동을 위해 챕터3-우주선의 발사 환경과 장소를 발췌독 하였다.#@문장구분# 이 책의 특징은 기존의 책들과 다르게 우리에게 설명해 주듯, 인강을 듣는 거소가 같은 어투의 글로 이루어 져 있어 심오한 주제가 될 수 있는 말들이 쉽게 이해가 잘 되었다.#@문장구분# 또한, 각각의 주제에 대하여 고등학생이 이해하지 못할 말과 내용을 최대한 배제하여 쉽게 풀어서 설명을 해주며, 우주선의 발사 환경과 장소에 대한 원초적인 의문점을 해결해 주었고, 이후 탐구활동을 하는 계기가 되었던 다양한 의문점을 주는 책이였다. #@문장구분#내가 발췌독 한 내용 이외에도 우주선의 원리, 인공위성에 대한 것, 우주왕복선, 미래의 우주선 등등 다양한 내용이 많으니 나와 같이 항공우주분야에 꿈이있고, 관심이 많은 사람에게 꼭 추천하고 싶다.#@문장구분#",
      "paragraph_len": 564,
      "paragraph_id": "001"
    }
  ],
  "score": {
    "paragraph_score": [
      {
        "paragraph_scoreT": [
          1.8333334,
          2,
          1.8333334
        ],
        "paragraph_scoreT_detail": {
          "paragraph_scoreT_exp": [
            [
              2,
              2,
              1
            ],
            [
              2,
              2,
              2
            ],
            [
              2,
              2,
              1
            ]
          ]
        },
        "paragraph_scoreT_avg": 1.888889,
        "paragraph_id": "001"
      }
    ],
    "essay_scoreT": [
      15.166667,
      19.777779,
      17.722221
    ],
    "essay_scoreT_avg": 17.555555,
    "essay_scoreT_detail": {
      "essay_scoreT_org": [
        [
          2,
          1,
          2,
          1
        ],
        [
          2,
          2,
          2,
          1
        ],
        [
          1,
          2,
          2,
          1
        ]
      ],
      "essay_scoreT_cont": [
        [
          1,
          1,
          0,
          2
        ],
        [
          2,
          2,
          0,
          2
        ],
        [
          2,
          2,
          0,
          1
        ]
      ],
      "essay_scoreT_exp": [
        [
          2,
          2,
          1
        ],
        [
          2,
          2,
          2
        ],
        [
          2,
          2,
          1
        ]
      ]
    }
  },
  "student": {
    "date": "2021.09.09",
    "student_educated": true,
    "student_grade": "고등_1학년",
    "location": "051",
    "student_grade_group": "고등",
    "student_reading": 1
  },
  "rubric": {
    "essay_grade": "고등_1학년",
    "organization_weight": {
      "org_paragraph": 2,
      "org": 2,
      "org_essay": 4,
      "org_coherence": 2,
      "org_quantity": 1
    },
    "essay_type": "설명글",
    "content_weight": {
      "con_clearance": 4,
      "con_novelty": 3,
      "con": 4,
      "con_prompt": 0,
      "con_description": 1
    },
    "essay_main_subject": "영화/독서감상문",
    "expression_weight": {
      "exp_style": 1,
      "exp_grammar": 2,
      "exp_vocab": 3,
      "exp": 4
    }
  },
  "correction": [],
  "info": {
    "essay_id": "ESSAY_34713",
    "essay_prompt": " 영화에는 로맨스, 액션, 스릴러 등 정말 많은 장르가 있습니다. 사람마다 좋아하는 장르가 있고 절대 보지 않는 장르도 있습니다.\r\n\r\n 독서도 마찬가지입니다. 소설, 수필, 시, 만화, 위인전 등 여러가지 장르가 있습니다.\r\n\r\n 여러분은 어떤 장르를 좋아하나요? 그리고 해당 장르에서 가장 재미있게 봤던 영화나 책은 무엇인가요?\r\n\r\n 자신이 봤던 영화 혹은 책을 한 편 선정하여 주제와 내용 그리고 느낀점을 감상문으로 작성해주세요.",
    "essay_type": "설명글",
    "essay_level": "3",
    "essay_len": 464,
    "essay_main_subject": "영화/독서감상문"
  }
}