{
  "paragraph": [
    {
      "paragraph_txt": "다산 정약용과 연암 박지원이 둘 다 조선시대 사람이라는 것은 알고 있었지만 동시대에 존재했었다는 사실은 모르고 있었습니다.#@문장구분# 그리고 학교에서 이 두 사람에 대해서 자세히 배울 기회가 없었기 때문에 어떤 업적들을 남겼는지도 잘 알지 못했습니다.#@문장구분# 그런데 이 책을 읽으면서 얼마나 위대한 업적을 남긴 인물들인지 차츰 알게 되면서 저도 이 분들처럼 역사에 기록되어 후세 사람들이 이야기를 나누고 존경하는 인물이 되고 싶다는 생각이 들었습니다.#@문장구분# 가장 신기했던 점은 놀랍도록 서로 다른 두 인물이 한 번도 마주치지 않았다는 점이었습니다.#@문장구분# 한명은 권력의 중심에서 바깥으로, 또 한명은 그 반대의 길을 걸어가며 자신들 나름대로의 삶을 살아가는 모습이 마치 잘 짜인 영화의 한 장면 같았습니다.#@문장구분# \n  \n 두 분 중에서 제가 더 닮고 싶은 인물은 연암 박지원입니다.#@문장구분# 그의 자유롭고 유쾌한 유목민 같은 면모가 제가 지향하는 삶과 많이 닮아있는 것 같았습니다.#@문장구분# 여러 곳을 여행하며 많은 사람들을 만나면서 자신의 정신세계를 넓혀 나가는 모습과 그러한 경험을 바탕으로 열하일기라는 위대한 작품을 만드신 모습이 정말 존경스러웠습니다.#@문장구분# ",
      "paragraph_len": 723,
      "paragraph_id": "001"
    },
    {
      "paragraph_txt": " 다산 정약용의 불꽃같았던 삶도 굉장히 인상 깊었습니다.#@문장구분# 정약용이 정조를 모시며 수원화성, 거중기 등의 다양한 업적을 만들어냈다는 사실은 익히 알고 있었습니다.#@문장구분# 그러나 그 과정에서 주변인들의 시기와 질투, 비난 등이 끊이지 않았다는 사실이 정말 새로웠습니다.#@문장구분# 또 정조가 사망한 후 유배지에서 만들어낸 수많은 작품 중 죽기 전 맨 마지막 작품이 바로 목민심서였다는 것을 처음 알게 되었습니다.#@문장구분# 유배를 당하고 마음을 추스르기도 쉽지 않았을텐데 엄청난 작품들을 남겼다는 사실이 정말 존경스러웠습니다.#@문장구분#\n   \n 상상하기도 쉽지 않은 삼백여년 전 쯤 인물들과 그들을 둘러싼 이야기가 아직까지 기록으로 남아 많은 사람들에게 영향을 주며 전해지고 있다는 사실이 정말 놀라웠습니다.#@문장구분# 지금 우리의 이야기도 후세의 사람들이 이야기할지 굉장히 궁금합니다.#@문장구분#",
      "paragraph_len": 551,
      "paragraph_id": "002"
    }
  ],
  "score": {
    "paragraph_score": [
      {
        "paragraph_scoreT": [
          1.8333334,
          3,
          2.3333333
        ],
        "paragraph_scoreT_detail": {
          "paragraph_scoreT_exp": [
            [
              2,
              2,
              1
            ],
            [
              3,
              3,
              3
            ],
            [
              2,
              3,
              1
            ]
          ]
        },
        "paragraph_scoreT_avg": 2.388889,
        "paragraph_id": "001"
      },
      {
        "paragraph_scoreT": [
          3,
          3,
          2.3333333
        ],
        "paragraph_scoreT_detail": {
          "paragraph_scoreT_exp": [
            [
              3,
              3,
              3
            ],
            [
              3,
              3,
              3
            ],
            [
              2,
              3,
              1
            ]
          ]
        },
        "paragraph_scoreT_avg": 2.7777777,
        "paragraph_id": "002"
      }
    ],
    "essay_scoreT": [
      24.88889,
      28,
      22.88889
    ],
    "essay_scoreT_avg": 25.25926,
    "essay_scoreT_detail": {
      "essay_scoreT_org": [
        [
          3,
          3,
          1,
          2
        ],
        [
          3,
          3,
          3,
          3
        ],
        [
          3,
          2,
          3,
          3
        ]
      ],
      "essay_scoreT_cont": [
        [
          2,
          2,
          0,
          2
        ],
        [
          2,
          3,
          0,
          3
        ],
        [
          2,
          2,
          0,
          2
        ]
      ],
      "essay_scoreT_exp": [
        [
          3,
          3,
          3
        ],
        [
          3,
          3,
          3
        ],
        [
          2,
          3,
          1
        ]
      ]
    }
  },
  "student": {
    "date": "2021.09.07",
    "student_educated": true,
    "student_grade": "고등_1학년",
    "location": "051",
    "student_grade_group": "고등",
    "student_reading": 3
  },
  "rubric": {
    "essay_grade": "고등_1학년",
    "organization_weight": {
      "org_paragraph": 2,
      "org": 2,
      "org_essay": 4,
      "org_coherence": 2,
      "org_quantity": 1
    },
    "essay_type": "설명글",
    "content_weight": {
      "con_clearance": 4,
      "con_novelty": 3,
      "con": 4,
      "con_prompt": 0,
      "con_description": 1
    },
    "essay_main_subject": "영화/독서감상문",
    "expression_weight": {
      "exp_style": 1,
      "exp_grammar": 2,
      "exp_vocab": 3,
      "exp": 4
    }
  },
  "correction": [],
  "info": {
    "essay_id": "ESSAY_34027",
    "essay_prompt": " 영화에는 로맨스, 액션, 스릴러 등 정말 많은 장르가 있습니다. 사람마다 좋아하는 장르가 있고 절대 보지 않는 장르도 있습니다.\r\n\r\n 독서도 마찬가지입니다. 소설, 수필, 시, 만화, 위인전 등 여러가지 장르가 있습니다.\r\n\r\n 여러분은 어떤 장르를 좋아하나요? 그리고 해당 장르에서 가장 재미있게 봤던 영화나 책은 무엇인가요?\r\n\r\n 자신이 봤던 영화 혹은 책을 한 편 선정하여 주제와 내용 그리고 느낀점을 감상문으로 작성해주세요.",
    "essay_type": "설명글",
    "essay_level": "3",
    "essay_len": 976,
    "essay_main_subject": "영화/독서감상문"
  }
}