{
  "paragraph": [
    {
      "paragraph_txt": "이 사람의 책을 읽은 후에 머리에 무언가로 뒤통수를 저격당한 느낌이 들었다.#@문장구분# 이런 식으로 부에 관하여 생각을 가져보지 못 하였다는것에 대하여.#@문장구분#\n이 책에서는 부로 가는 방법을 인도, 서행차선, 추월차선으로 구분하여 설명한다.#@문장구분# 이 책에서 저자는 돈은 꾸준히 버는 것이 아니라 시스템을 이용하여 한번에 많은 돈을 번 후에 그 다음에 재테크등을 하는것이 효율적이라고 말하였다.#@문장구분# 이런 관점에서 볼때 돈이라는 것은 직업으로 벌수있는 돈의 한계는 하루가 24시간이라는 점에서 한계가 있다.#@문장구분# 내가 아무리 많은 시간을 노동에 투자하고 싶더라도 하루는24시간이라는 법칙속에서 흘러가기때문이다.#@문장구분# 이 책은 돈, 재산관련하여 아직 신념이나 관점을 설정하지못하거나 더욱 견문을 넓히고 싶은 사람에게 추천드리고 싶다.#@문장구분# 더욱이 이 책을 많이 읽어 모두가 경제적 자유를 일궈내기를 기원한다.#@문장구분#",
      "paragraph_len": 585,
      "paragraph_id": "001"
    }
  ],
  "score": {
    "paragraph_score": [
      {
        "paragraph_scoreT": [
          2,
          1.8333334,
          1
        ],
        "paragraph_scoreT_detail": {
          "paragraph_scoreT_exp": [
            [
              2,
              2,
              2
            ],
            [
              2,
              2,
              1
            ],
            [
              1,
              1,
              1
            ]
          ]
        },
        "paragraph_scoreT_avg": 1.6111112,
        "paragraph_id": "001"
      }
    ],
    "essay_scoreT": [
      22.777779,
      19.333334,
      12
    ],
    "essay_scoreT_avg": 18.037039,
    "essay_scoreT_detail": {
      "essay_scoreT_org": [
        [
          2,
          2,
          2,
          1
        ],
        [
          2,
          2,
          2,
          2
        ],
        [
          1,
          1,
          1,
          1
        ]
      ],
      "essay_scoreT_cont": [
        [
          3,
          3,
          0,
          1
        ],
        [
          2,
          2,
          0,
          2
        ],
        [
          2,
          1,
          0,
          1
        ]
      ],
      "essay_scoreT_exp": [
        [
          2,
          2,
          2
        ],
        [
          2,
          2,
          1
        ],
        [
          1,
          1,
          1
        ]
      ]
    }
  },
  "student": {
    "date": "2021.09.10",
    "student_educated": true,
    "student_grade": "고등_1학년",
    "location": "063",
    "student_grade_group": "고등",
    "student_reading": 1
  },
  "rubric": {
    "essay_grade": "고등_1학년",
    "organization_weight": {
      "org_paragraph": 2,
      "org": 2,
      "org_essay": 4,
      "org_coherence": 2,
      "org_quantity": 1
    },
    "essay_type": "설명글",
    "content_weight": {
      "con_clearance": 4,
      "con_novelty": 3,
      "con": 4,
      "con_prompt": 0,
      "con_description": 1
    },
    "essay_main_subject": "영화/독서감상문",
    "expression_weight": {
      "exp_style": 1,
      "exp_grammar": 2,
      "exp_vocab": 3,
      "exp": 4
    }
  },
  "correction": [],
  "info": {
    "essay_id": "ESSAY_34639",
    "essay_prompt": " 영화에는 로맨스, 액션, 스릴러 등 정말 많은 장르가 있습니다. 사람마다 좋아하는 장르가 있고 절대 보지 않는 장르도 있습니다.\r\n\r\n 독서도 마찬가지입니다. 소설, 수필, 시, 만화, 위인전 등 여러가지 장르가 있습니다.\r\n\r\n 여러분은 어떤 장르를 좋아하나요? 그리고 해당 장르에서 가장 재미있게 봤던 영화나 책은 무엇인가요?\r\n\r\n 자신이 봤던 영화 혹은 책을 한 편 선정하여 주제와 내용 그리고 느낀점을 감상문으로 작성해주세요.",
    "essay_type": "설명글",
    "essay_level": "3",
    "essay_len": 426,
    "essay_main_subject": "영화/독서감상문"
  }
}