{
  "paragraph": [
    {
      "paragraph_txt": "책의 제목에서도 알 수 있듯이 책 자체의 기본적인 내용은 세계화의 부정성에 대한 전제가 있다.#@문장구분# 솔직히 세계화의 부정적인 면의 나의 생활엔 크게 체감이 되지 않아 그동안 세계화의 긍정적인 면 만을 생각하고 비판적 사고를 활성화하지 않았던 경향이 있었다.#@문장구분# 하지만 책을 읽으며 생각해보니 세계화는 역시나 생각보다 문제가 많다.#@문장구분# 우선 세계화는 단순하게 보았을 때 약육강식의 원리가 작용하는 현상이다.#@문장구분# 산업이 발달했고 자원, 자본과 기술력이 풍부한 일명 선진국들은 개도국의 저렴한 노동력을 이용하여 경제성장을 이루어나가고, 개발도상국은 열악한 환경과 적은 보수에서 일한다.#@문장구분# 그로 인해 양극화 현상도 심화되는 것이다.#@문장구분# 이런 문제에 대해 상투적이지만 선진국의 개도국에 대한 지원과 도움이 필수적이다.#@문장구분#<br/><br/> 또한 세계화의 다른 큰 문제점은 문화적 획일화이다.#@문장구분# 세계화로 인해 문화적 다양성이 증가할 것이라고 생각하는 사람도 있겠지만 세계적으로 힘이 약한 나라의 문화는 무시되어지고 열등하다고 여겨지는 경향이 강하다. #@문장구분#그래서 미국과 유럽의 문화만 세계적으로 확산되는 경향이 강하다.#@문장구분# 예를 들어 아프리카의 전통 음식은 일반적으로 고급스럽다고 여겨지지 않으며, 세계화의 물결 속에서 경쟁력을 크게 가지지 못한다.#@문장구분# 반면 미국의 대표적인 음식인 햄버거를 파는 체인점은 거의 모든 국가에 다 퍼져 있다. 피자의 경우도 마찬가지 이다.#@문장구분# 문화의 동화와 획일화를 막고 문화적 다양성은 사회 발전과 문화 창조의 원동력이다.#@문장구분# 따라서 이를 보호하기 위해 개인적으로는 선입견을 가지지 않도록 노력하고, 교육 기관에서 균형 잡힌 시각에 대해 가르쳐야 한다고 생각한다.#@문장구분# 또한 어떠한 현상이던지 그 현상이 일어난 사회의 맥락에서 이해하려는 문화 상대주의적인 관점으로 모든 문화를 접해야한다.#@문장구분# 그렇지만 인류의 보편적 가치를 침해하는 극단적 문화 상대주의는 경계해야 할 대상임에 틀림없다.#@문장구분# ",
      "paragraph_len": 1258,
      "paragraph_id": "001"
    }
  ],
  "score": {
    "paragraph_score": [
      {
        "paragraph_scoreT": [
          3,
          2.6666667,
          2
        ],
        "paragraph_scoreT_detail": {
          "paragraph_scoreT_exp": [
            [
              3,
              3,
              3
            ],
            [
              2,
              3,
              3
            ],
            [
              2,
              2,
              2
            ]
          ]
        },
        "paragraph_scoreT_avg": 2.5555556,
        "paragraph_id": "001"
      }
    ],
    "essay_scoreT": [
      29.555555,
      22.666668,
      22.444445
    ],
    "essay_scoreT_avg": 24.888887,
    "essay_scoreT_detail": {
      "essay_scoreT_org": [
        [
          3,
          2,
          3,
          3
        ],
        [
          2,
          2,
          2,
          2
        ],
        [
          2,
          3,
          2,
          2
        ]
      ],
      "essay_scoreT_cont": [
        [
          3,
          3,
          0,
          3
        ],
        [
          2,
          2,
          0,
          2
        ],
        [
          3,
          2,
          0,
          2
        ]
      ],
      "essay_scoreT_exp": [
        [
          3,
          3,
          3
        ],
        [
          2,
          3,
          3
        ],
        [
          2,
          2,
          2
        ]
      ]
    }
  },
  "student": {
    "date": "2021.09.09",
    "student_educated": true,
    "student_grade": "고등_1학년",
    "location": "051",
    "student_grade_group": "고등",
    "student_reading": 1
  },
  "rubric": {
    "essay_grade": "고등_1학년",
    "organization_weight": {
      "org_paragraph": 2,
      "org": 2,
      "org_essay": 4,
      "org_coherence": 2,
      "org_quantity": 1
    },
    "essay_type": "설명글",
    "content_weight": {
      "con_clearance": 4,
      "con_novelty": 3,
      "con": 4,
      "con_prompt": 0,
      "con_description": 1
    },
    "essay_main_subject": "영화/독서감상문",
    "expression_weight": {
      "exp_style": 1,
      "exp_grammar": 2,
      "exp_vocab": 3,
      "exp": 4
    }
  },
  "correction": [],
  "info": {
    "essay_id": "ESSAY_34702",
    "essay_prompt": " 영화에는 로맨스, 액션, 스릴러 등 정말 많은 장르가 있습니다. 사람마다 좋아하는 장르가 있고 절대 보지 않는 장르도 있습니다.\r\n\r\n 독서도 마찬가지입니다. 소설, 수필, 시, 만화, 위인전 등 여러가지 장르가 있습니다.\r\n\r\n 여러분은 어떤 장르를 좋아하나요? 그리고 해당 장르에서 가장 재미있게 봤던 영화나 책은 무엇인가요?\r\n\r\n 자신이 봤던 영화 혹은 책을 한 편 선정하여 주제와 내용 그리고 느낀점을 감상문으로 작성해주세요.",
    "essay_type": "설명글",
    "essay_level": "3",
    "essay_len": 918,
    "essay_main_subject": "영화/독서감상문"
  }
}