{
  "paragraph": [
    {
      "paragraph_txt": "이 책은 일상 속에서 흔히들 쓰이지만 별 관심을 두지 않았던 발명품들을 소개한다.#@문장구분# 당연시하게도 울리는 휴대전화 벨소리와 바지를 입을 때 올리는 지퍼, 공부할때 쓰이는 연필과 볼펜도 역시 모두 발명품이다.#@문장구분# 이 놀라운 발명품들 중에서도 역사적으로도, 과학적으로도 의의가 있는 여러 개의 발명품을 소개한다.#@문장구분# 예를 들어, 전화기는 Alexander GrahamBell라는 과학자가 발명한 것으로 먼 거리에서의 소통을 원활하게 해주었고, 종이는 Papyrus라는 고대 Egyptians들이 사용하던 것에서 비롯되었다.#@문장구분# 종이는 역사를 기록하는 중요한 역할을 하고 세기를 거쳐 점점 더 발전해 왔다.#@문장구분# 이처럼 우리가 늘 당연하게 여겼던 위대한 발명품들을 상기시킴과 동시에, 많은 발명품들이 탄생하는 과정을 서술함으로써 읽는 독자에게 영감을 불어넣는다.#@문장구분#",
      "paragraph_len": 532,
      "paragraph_id": "001"
    }
  ],
  "score": {
    "paragraph_score": [
      {
        "paragraph_scoreT": [
          2.1666667,
          2,
          1.8333334
        ],
        "paragraph_scoreT_detail": {
          "paragraph_scoreT_exp": [
            [
              2,
              2,
              3
            ],
            [
              2,
              2,
              2
            ],
            [
              2,
              2,
              1
            ]
          ]
        },
        "paragraph_scoreT_avg": 2.0000002,
        "paragraph_id": "001"
      }
    ],
    "essay_scoreT": [
      19.666668,
      18.5,
      15.777778
    ],
    "essay_scoreT_avg": 17.981482,
    "essay_scoreT_detail": {
      "essay_scoreT_org": [
        [
          2,
          3,
          2,
          0
        ],
        [
          2,
          2,
          2,
          2
        ],
        [
          1,
          1,
          2,
          1
        ]
      ],
      "essay_scoreT_cont": [
        [
          3,
          0,
          0,
          2
        ],
        [
          2,
          1,
          0,
          2
        ],
        [
          2,
          1,
          0,
          1
        ]
      ],
      "essay_scoreT_exp": [
        [
          2,
          2,
          3
        ],
        [
          2,
          2,
          2
        ],
        [
          2,
          2,
          1
        ]
      ]
    }
  },
  "student": {
    "date": "2021.09.10",
    "student_educated": true,
    "student_grade": "고등_1학년",
    "location": "063",
    "student_grade_group": "고등",
    "student_reading": 1
  },
  "rubric": {
    "essay_grade": "고등_1학년",
    "organization_weight": {
      "org_paragraph": 2,
      "org": 2,
      "org_essay": 4,
      "org_coherence": 2,
      "org_quantity": 1
    },
    "essay_type": "설명글",
    "content_weight": {
      "con_clearance": 4,
      "con_novelty": 3,
      "con": 4,
      "con_prompt": 0,
      "con_description": 1
    },
    "essay_main_subject": "영화/독서감상문",
    "expression_weight": {
      "exp_style": 1,
      "exp_grammar": 2,
      "exp_vocab": 3,
      "exp": 4
    }
  },
  "correction": [],
  "info": {
    "essay_id": "ESSAY_34655",
    "essay_prompt": " 영화에는 로맨스, 액션, 스릴러 등 정말 많은 장르가 있습니다. 사람마다 좋아하는 장르가 있고 절대 보지 않는 장르도 있습니다.\r\n\r\n 독서도 마찬가지입니다. 소설, 수필, 시, 만화, 위인전 등 여러가지 장르가 있습니다.\r\n\r\n 여러분은 어떤 장르를 좋아하나요? 그리고 해당 장르에서 가장 재미있게 봤던 영화나 책은 무엇인가요?\r\n\r\n 자신이 봤던 영화 혹은 책을 한 편 선정하여 주제와 내용 그리고 느낀점을 감상문으로 작성해주세요.",
    "essay_type": "설명글",
    "essay_level": "3",
    "essay_len": 413,
    "essay_main_subject": "영화/독서감상문"
  }
}