{
  "paragraph": [
    {
      "paragraph_txt": "이 책은 저자인 조지 가모브가 입자물리학이 발달 시초부터 발달 과정을 역사적으로 풀어내고 있으며 궁극적으로는 현대물리에 대해\n설명하는 책이다.#@문장구분# \n이 책은 특히 입자물리학을 중시하는 느낌이 드는 책이었고 시작부터 원자에 대한 이야기와 러더퍼드, 보른의 원자모형, 발머의 스펙\n트럼 실험을 제시한 것으로 보아 원자에서부터 시작하여 현대물리를 설명하려는 느낌이라 참신한 구조라고 생각했다.#@문장구분# \n사실상 출판된지 오래된 책이라 그런지 설명에 있어 숨겨진 궁극적 주제관은 존재하지 않는다고 여겼고 교과서에서 배우는 과학 정도의 느낌을 받았다.#@문장구분# \n원자에 대한 연구와 그 발달 과정은 화학 과목의 초반부에서 배우던 터라 그나마 쉽게 접근할 수 있었다.#@문장구분# \n쿼크나 글루온 같은 미립자들을 다룰 땐 조금 헷갈리기도 했지만 미시세계에 대한 탐구가 이정도까지 이루어졌다고 생각하니 신기하기도 했다.#@문장구분# \n이 책을 읽고 나서 사실 이 책의 전개가 너무 지루했기에 다 읽지는 않았지만 현대물리에 관해 설명하는 목적으로의 책이라면 괜찮은\n수준이라고 생각한다. #@문장구분#",
      "paragraph_len": 638,
      "paragraph_id": "001"
    }
  ],
  "score": {
    "paragraph_score": [
      {
        "paragraph_scoreT": [
          2,
          2.3333333,
          2
        ],
        "paragraph_scoreT_detail": {
          "paragraph_scoreT_exp": [
            [
              2,
              2,
              2
            ],
            [
              3,
              2,
              2
            ],
            [
              2,
              2,
              2
            ]
          ]
        },
        "paragraph_scoreT_avg": 2.111111,
        "paragraph_id": "001"
      }
    ],
    "essay_scoreT": [
      19.277779,
      21.11111,
      22.944445
    ],
    "essay_scoreT_avg": 21.111113,
    "essay_scoreT_detail": {
      "essay_scoreT_org": [
        [
          2,
          2,
          2,
          1
        ],
        [
          2,
          2,
          2,
          1
        ],
        [
          2,
          2,
          3,
          2
        ]
      ],
      "essay_scoreT_cont": [
        [
          2,
          2,
          0,
          1
        ],
        [
          2,
          2,
          0,
          2
        ],
        [
          3,
          2,
          0,
          3
        ]
      ],
      "essay_scoreT_exp": [
        [
          2,
          2,
          2
        ],
        [
          3,
          2,
          2
        ],
        [
          2,
          2,
          2
        ]
      ]
    }
  },
  "student": {
    "date": "2021.09.07",
    "student_educated": true,
    "student_grade": "고등_1학년",
    "location": "051",
    "student_grade_group": "고등",
    "student_reading": 1
  },
  "rubric": {
    "essay_grade": "고등_1학년",
    "organization_weight": {
      "org_paragraph": 2,
      "org": 2,
      "org_essay": 4,
      "org_coherence": 2,
      "org_quantity": 1
    },
    "essay_type": "설명글",
    "content_weight": {
      "con_clearance": 4,
      "con_novelty": 3,
      "con": 4,
      "con_prompt": 0,
      "con_description": 1
    },
    "essay_main_subject": "영화/독서감상문",
    "expression_weight": {
      "exp_style": 1,
      "exp_grammar": 2,
      "exp_vocab": 3,
      "exp": 4
    }
  },
  "correction": [],
  "info": {
    "essay_id": "ESSAY_34240",
    "essay_prompt": " 영화에는 로맨스, 액션, 스릴러 등 정말 많은 장르가 있습니다. 사람마다 좋아하는 장르가 있고 절대 보지 않는 장르도 있습니다.\r\n\r\n 독서도 마찬가지입니다. 소설, 수필, 시, 만화, 위인전 등 여러가지 장르가 있습니다.\r\n\r\n 여러분은 어떤 장르를 좋아하나요? 그리고 해당 장르에서 가장 재미있게 봤던 영화나 책은 무엇인가요?\r\n\r\n 자신이 봤던 영화 혹은 책을 한 편 선정하여 주제와 내용 그리고 느낀점을 감상문으로 작성해주세요.",
    "essay_type": "설명글",
    "essay_level": "3",
    "essay_len": 518,
    "essay_main_subject": "영화/독서감상문"
  }
}