{
  "paragraph": [
    {
      "paragraph_txt": "이 책은 세상을 이루는 물질, 그 물질들을 이루는 원자에 관한 내용인 양자역학이란 개념을 다루고 있다. #@문장구분#이 책에서 내가 가장 인상 깊었던 부분은, 2학년 물리학1 내신에서 공부 하기도 하였고, 내가 관심 있는 분야이기도 한 전기력과 자기력에 관한 부분이다.#@문장구분# ",
      "paragraph_len": 184,
      "paragraph_id": "001"
    },
    {
      "paragraph_txt": "전기란 영국의 과학자 길버트가 그의 저서 <자석에 관하여>에서 처음으로 사용한 단어로, 19세기 말 영국의 과학자 톰슨이 전자라는 입자의 존재를 처음으로 확인 하면서 전기 현상이 전자의 이동으로 인해 벌어지는 현상임을 확실히 알게 되었다.#@문장구분# 전자의 특성을 이용한 힘인 전기력이란 전자를 밀어주는 힘이다.#@문장구분# 금속 조각에 전지를 연결하면 전자는 도선을 따라 이동할 힘을 얻는다. #@문장구분#이러한 전지들은 전자를 한 방향으로 밀어주는 역할을 하는데, 이때 전기력이 작용된다.#@문장구분# 그런데 금속에 따라 어떤 금속은 전기가 잘 통하고, 어떤 금속은 전기가 잘 통하지 않는다. #@문장구분#또한 플라스틱은 전기가 통하지 않는데 철은 전기가 아주 잘 통한다. #@문장구분#이렇게 물질마다 다른 이 움직임(전기력)의 정도를 저항이라고 한다.#@문장구분# ",
      "paragraph_len": 529,
      "paragraph_id": "002"
    },
    {
      "paragraph_txt": "전기와 전자에 대한 기본적인 것들을 살펴 보았는데, 다음은 에드윈 홀의 발견과 맥스웰의 실수이다.#@문장구분# 맥스웰은 자신의 저서 <전기와자기에 대한 논고>에서 '전류가 흐르는 전선에 자기장이 끼치는 역학적 힘은 전류 자체에 작용하는 게 아니라 전선에 작용한다는 점을 명심해야 한다'라는 문장을 썼었는데, 이에 후배 과학자 에드윈 홀이 의문을 제기하고 자신이 직접 실험을 준비하여 틀렸다는 것을 증명해 보이려고 하지만, 그가 세운 가설을 실제 실험으로 측정하는데는 실패한다.#@문장구분# 하지만 홀은 이에 포기하지 않고 현대 재료공학 분야에서 널리 쓰이는 측정 방법을 도입함으로써 맥스웰의 문장이 틀렸다는 것과, 자신의 새로운 이론을 정립한다.#@문장구분# 홀이 이론을 정립하는데 도움을 준 이 측정방식이 바로 홀 전류이다.#@문장구분# 홀의 실험에 관한 사례를 보고 나는 홀의 탐구, 도전 정신과 포기하지 않고 끈기 있게 나아가는 모습을 본받아야 겠다고 느꼈다.#@문장구분#\n \n이 책을 읽고 나서 물리학, 나아가 재료공학, 전기 전자 공학에 관해 견문을 넓히고 흥미를 키울 수 있었던 것 같다.#@문장구분#",
      "paragraph_len": 650,
      "paragraph_id": "003"
    }
  ],
  "score": {
    "paragraph_score": [
      {
        "paragraph_scoreT": [
          3,
          2.8333333,
          2
        ],
        "paragraph_scoreT_detail": {
          "paragraph_scoreT_exp": [
            [
              3,
              3,
              3
            ],
            [
              3,
              3,
              2
            ],
            [
              2,
              2,
              2
            ]
          ]
        },
        "paragraph_scoreT_avg": 2.611111,
        "paragraph_id": "001"
      },
      {
        "paragraph_scoreT": [
          3,
          2.8333333,
          2
        ],
        "paragraph_scoreT_detail": {
          "paragraph_scoreT_exp": [
            [
              3,
              3,
              3
            ],
            [
              3,
              3,
              2
            ],
            [
              2,
              2,
              2
            ]
          ]
        },
        "paragraph_scoreT_avg": 2.611111,
        "paragraph_id": "002"
      },
      {
        "paragraph_scoreT": [
          3,
          2.8333333,
          2
        ],
        "paragraph_scoreT_detail": {
          "paragraph_scoreT_exp": [
            [
              3,
              3,
              3
            ],
            [
              3,
              3,
              2
            ],
            [
              2,
              2,
              2
            ]
          ]
        },
        "paragraph_scoreT_avg": 2.611111,
        "paragraph_id": "003"
      }
    ],
    "essay_scoreT": [
      30,
      27.833332,
      23.166666
    ],
    "essay_scoreT_avg": 27,
    "essay_scoreT_detail": {
      "essay_scoreT_org": [
        [
          3,
          3,
          3,
          3
        ],
        [
          3,
          3,
          3,
          3
        ],
        [
          2,
          2,
          3,
          3
        ]
      ],
      "essay_scoreT_cont": [
        [
          3,
          3,
          0,
          3
        ],
        [
          3,
          2,
          0,
          3
        ],
        [
          3,
          2,
          0,
          3
        ]
      ],
      "essay_scoreT_exp": [
        [
          3,
          3,
          3
        ],
        [
          3,
          3,
          2
        ],
        [
          2,
          2,
          2
        ]
      ]
    }
  },
  "student": {
    "date": "2021.09.13",
    "student_educated": true,
    "student_grade": "고등_1학년",
    "location": "063",
    "student_grade_group": "고등",
    "student_reading": 1
  },
  "rubric": {
    "essay_grade": "고등_1학년",
    "organization_weight": {
      "org_paragraph": 2,
      "org": 2,
      "org_essay": 4,
      "org_coherence": 2,
      "org_quantity": 1
    },
    "essay_type": "설명글",
    "content_weight": {
      "con_clearance": 4,
      "con_novelty": 3,
      "con": 4,
      "con_prompt": 0,
      "con_description": 1
    },
    "essay_main_subject": "영화/독서감상문",
    "expression_weight": {
      "exp_style": 1,
      "exp_grammar": 2,
      "exp_vocab": 3,
      "exp": 4
    }
  },
  "correction": [],
  "info": {
    "essay_id": "ESSAY_34427",
    "essay_prompt": " 영화에는 로맨스, 액션, 스릴러 등 정말 많은 장르가 있습니다. 사람마다 좋아하는 장르가 있고 절대 보지 않는 장르도 있습니다.\r\n\r\n 독서도 마찬가지입니다. 소설, 수필, 시, 만화, 위인전 등 여러가지 장르가 있습니다.\r\n\r\n 여러분은 어떤 장르를 좋아하나요? 그리고 해당 장르에서 가장 재미있게 봤던 영화나 책은 무엇인가요?\r\n\r\n 자신이 봤던 영화 혹은 책을 한 편 선정하여 주제와 내용 그리고 느낀점을 감상문으로 작성해주세요.",
    "essay_type": "설명글",
    "essay_level": "3",
    "essay_len": 1055,
    "essay_main_subject": "영화/독서감상문"
  }
}