{
  "paragraph": [
    {
      "paragraph_txt": "평소에 생물에 관심이 많았던 나는 물고기들의 거주방식에 관한 책이 있는것을 보고 흥미를느껴 독서를 하게되었다.#@문장구분# 물고기들이 거주지를 옮기는 이유는 먹이를 찾아 이동하기도 하고 알이 다른 생물들에게 잡아먹히지 않게 하기 위해 이동하기도 한다.#@문장구분# 예시로 연어는 민물에서 태어나 바다에서 몇년을 살다가 알을 낳기위해 다시 민물로 거슬러 올라가는것이다.#@문장구분# 뱀장어들은 알을 낳기위해 4000마일이넘는 거리를 이동하기도 한다.#@문장구분# 과학자들도 뱀장어가 어떡해 그렇게 긴 거리를 이동하는지 아직 알수없다고 한다.#@문장구분# 이 책에 나오는 물고기들이 자신의 삶에 최선을 다하는모습을 보고 평소 물고기보다 게으른생활을 한 나자신을 반성하는 시간을 가졌고 앞으로는 학업에 더욱 최선을 다해야겠다는 다짐을 하게되었다.#@문장구분# 나처럼 평소 생활을게으르게 하는 친구들이 이책을 읽고 나와같은 생각을 하고 실천할수 있으면 좋겠다.#@문장구분#<br/>",
      "paragraph_len": 586,
      "paragraph_id": "001"
    }
  ],
  "score": {
    "paragraph_score": [
      {
        "paragraph_scoreT": [
          1.5,
          2,
          1.8333334
        ],
        "paragraph_scoreT_detail": {
          "paragraph_scoreT_exp": [
            [
              1,
              2,
              1
            ],
            [
              2,
              2,
              2
            ],
            [
              2,
              2,
              1
            ]
          ]
        },
        "paragraph_scoreT_avg": 1.7777778,
        "paragraph_id": "001"
      }
    ],
    "essay_scoreT": [
      15.111111,
      19.777779,
      18.222221
    ],
    "essay_scoreT_avg": 17.703703,
    "essay_scoreT_detail": {
      "essay_scoreT_org": [
        [
          2,
          1,
          1,
          2
        ],
        [
          2,
          2,
          2,
          1
        ],
        [
          1,
          2,
          2,
          1
        ]
      ],
      "essay_scoreT_cont": [
        [
          1,
          2,
          0,
          2
        ],
        [
          2,
          2,
          0,
          2
        ],
        [
          3,
          1,
          0,
          1
        ]
      ],
      "essay_scoreT_exp": [
        [
          1,
          2,
          1
        ],
        [
          2,
          2,
          2
        ],
        [
          2,
          2,
          1
        ]
      ]
    }
  },
  "student": {
    "date": "2021.09.10",
    "student_educated": true,
    "student_grade": "고등_1학년",
    "location": "063",
    "student_grade_group": "고등",
    "student_reading": 1
  },
  "rubric": {
    "essay_grade": "고등_1학년",
    "organization_weight": {
      "org_paragraph": 2,
      "org": 2,
      "org_essay": 4,
      "org_coherence": 2,
      "org_quantity": 1
    },
    "essay_type": "설명글",
    "content_weight": {
      "con_clearance": 4,
      "con_novelty": 3,
      "con": 4,
      "con_prompt": 0,
      "con_description": 1
    },
    "essay_main_subject": "영화/독서감상문",
    "expression_weight": {
      "exp_style": 1,
      "exp_grammar": 2,
      "exp_vocab": 3,
      "exp": 4
    }
  },
  "correction": [],
  "info": {
    "essay_id": "ESSAY_34707",
    "essay_prompt": " 영화에는 로맨스, 액션, 스릴러 등 정말 많은 장르가 있습니다. 사람마다 좋아하는 장르가 있고 절대 보지 않는 장르도 있습니다.\r\n\r\n 독서도 마찬가지입니다. 소설, 수필, 시, 만화, 위인전 등 여러가지 장르가 있습니다.\r\n\r\n 여러분은 어떤 장르를 좋아하나요? 그리고 해당 장르에서 가장 재미있게 봤던 영화나 책은 무엇인가요?\r\n\r\n 자신이 봤던 영화 혹은 책을 한 편 선정하여 주제와 내용 그리고 느낀점을 감상문으로 작성해주세요.",
    "essay_type": "설명글",
    "essay_level": "3",
    "essay_len": 436,
    "essay_main_subject": "영화/독서감상문"
  }
}