{
  "paragraph": [
    {
      "paragraph_txt": "목숨을 팝니다는 자살에 실패한 29세 남자 '야마다 하니오'가 주인공이다.#@문장구분# 그의 자살결심은 특별한 이유가 있었던 것도 아니고 오랫동안 계획해온 일도 아니다.#@문장구분# 무미건조한 일상이 반복되던 중 신문활자가 갑자기 바퀴벌레로 변하는 걸 본뒤 하니오의 머릿속으로 '죽는다'는 생각이 들어왔을 뿐이다.#@문장구분# 자살에 실패한뒤 하니오는 '목숨을 팝니다'라는 신문 광고를 내고 문에는 '라이프 포 세일 야마다 하니고' 라는 팻말을 걸고 장사를 시작한다.#@문장구분# 이에 대충 이책의 초반줄거리이다.#@문장구분# 이책의 주인공인 '야마다 하니오'가 왜 이런 결심을 하였는지 의문이들기도 하고 저 때의 기분이 어땠을지 궁금하기도 하다.#@문장구분# 그리고 이 책은 이 책을 쓴 '미시마 유키오'의 죽음에 대한 마지막 고백이 담긴 소설이라는 것을 알게되었고 나는 좀 많이 놀라웠다.#@문장구분# 읽기전에는 어떤소설인지 궁금하였지만 읽고난후에는 이 책을 쓴 작가가 궁금해지는 그런 소설이었다.#@문장구분# 이 책을 읽던 중'혼자였다.#@문장구분# 별 돈은 아름다운 하늘 아래, 하니오의 가슴에 밤이 들러 붙었다.#@문장구분# 밤이 그의 얼굴에 납죽 들러붙어 숨통을 조이는 듯했다'#@문장구분# 라는 문장을 보고서 심오함을 느꼈다#@문장구분# 이 문장이 의미하는 뜻은 모르지만 그렇게 좋은 기분으로 받아들일 수 있는 문장은 아닌 것 같았다.#@문장구분# 마무리로 이 책을 읽으면서 죽음에 대한 온갖 감정과 삶의 무게에 대해 다시 한번 느끼게 되었고, 기회가 되면 이 작가의 몇가지 작품을 더 찾아볼까한다.#@문장구분#",
      "paragraph_len": 979,
      "paragraph_id": "001"
    }
  ],
  "score": {
    "paragraph_score": [
      {
        "paragraph_scoreT": [
          1.8333334,
          2,
          1.8333334
        ],
        "paragraph_scoreT_detail": {
          "paragraph_scoreT_exp": [
            [
              2,
              2,
              1
            ],
            [
              2,
              2,
              2
            ],
            [
              2,
              2,
              1
            ]
          ]
        },
        "paragraph_scoreT_avg": 1.888889,
        "paragraph_id": "001"
      }
    ],
    "essay_scoreT": [
      19.11111,
      18.5,
      17.333334
    ],
    "essay_scoreT_avg": 18.314814,
    "essay_scoreT_detail": {
      "essay_scoreT_org": [
        [
          2,
          1,
          2,
          3
        ],
        [
          2,
          2,
          2,
          2
        ],
        [
          2,
          2,
          2,
          2
        ]
      ],
      "essay_scoreT_cont": [
        [
          2,
          2,
          0,
          2
        ],
        [
          2,
          1,
          0,
          2
        ],
        [
          2,
          1,
          0,
          1
        ]
      ],
      "essay_scoreT_exp": [
        [
          2,
          2,
          1
        ],
        [
          2,
          2,
          2
        ],
        [
          2,
          2,
          1
        ]
      ]
    }
  },
  "student": {
    "date": "2021.09.10",
    "student_educated": true,
    "student_grade": "고등_1학년",
    "location": "063",
    "student_grade_group": "고등",
    "student_reading": 1
  },
  "rubric": {
    "essay_grade": "고등_1학년",
    "organization_weight": {
      "org_paragraph": 2,
      "org": 2,
      "org_essay": 4,
      "org_coherence": 2,
      "org_quantity": 1
    },
    "essay_type": "설명글",
    "content_weight": {
      "con_clearance": 4,
      "con_novelty": 3,
      "con": 4,
      "con_prompt": 0,
      "con_description": 1
    },
    "essay_main_subject": "영화/독서감상문",
    "expression_weight": {
      "exp_style": 1,
      "exp_grammar": 2,
      "exp_vocab": 3,
      "exp": 4
    }
  },
  "correction": [],
  "info": {
    "essay_id": "ESSAY_34677",
    "essay_prompt": " 영화에는 로맨스, 액션, 스릴러 등 정말 많은 장르가 있습니다. 사람마다 좋아하는 장르가 있고 절대 보지 않는 장르도 있습니다.\r\n\r\n 독서도 마찬가지입니다. 소설, 수필, 시, 만화, 위인전 등 여러가지 장르가 있습니다.\r\n\r\n 여러분은 어떤 장르를 좋아하나요? 그리고 해당 장르에서 가장 재미있게 봤던 영화나 책은 무엇인가요?\r\n\r\n 자신이 봤던 영화 혹은 책을 한 편 선정하여 주제와 내용 그리고 느낀점을 감상문으로 작성해주세요.",
    "essay_type": "설명글",
    "essay_level": "3",
    "essay_len": 699,
    "essay_main_subject": "영화/독서감상문"
  }
}