{
  "paragraph": [
    {
      "paragraph_txt": "이 책의 주요 내용은 어느 날 갑자기 벌레로 변해 있었던 주인공의 에피소드와 죽음으로 구성됩니다.#@문장구분# 주인공은 잠에서 깨어났을 때 벌레로 변해 있었고 그 모습을 처음 본 가족들과 직장 상사는 매우 놀랐습니다.#@문장구분# 그래도 가족들은 그의 기괴한 모습에도 불구하고 최소한의 도움을 주었습니다. #@문장구분#그러한 삶이 지속되면서 그는 가족들에게 의도치 않은 잘못들을 저지르게 되고 가족들의 미움을 받게 되면서 병들어 가다가 죽게 됩니다.#@문장구분#",
      "paragraph_len": 310,
      "paragraph_id": "001"
    },
    {
      "paragraph_txt": " 저는 이 책을 읽고 \"그레고르는 어째서 벌레로 변하게 된 것일까?\"라는 의문을 가지게 되었고 어떤 이유로 인간의 특성을 잃어버리게 되었다고 생각했습니다.#@문장구분# 그리고 어떤 이유에 대해 생각해보았는데 그레고르의 삶의 전반이 남을 위하는 수동적인 자세가 내포되어 있고 그 수동적인 특성이 인간보다는 그저 수단에 가깝다고 생각했습니다.#@문장구분# 이를 보며 삶에서 이타적인 행동도 물론 필요하지만 분명히 자신을 위한 능동적인 행동 또한 필요하다는 것을 느꼈습니다.#@문장구분# 그레고르가 자신이 원해서 여동생의 음악원과 가족들의 생계유지를 위한 직장생활을 한 것일 수도 있지만 그렇다고 하더라도 자신의 행복을 추구하며 해야 했다고 생각합니다.#@문장구분# 그레고르가 벌레로 변했을 때 가족들의 경제활동을 보면 그레고르의 희생이 불가피하지도 않았기 때문입니다.#@문장구분# ",
      "paragraph_len": 500,
      "paragraph_id": "002"
    },
    {
      "paragraph_txt": " 그리고 가족들이 변신한 그레고르의 모습을 보고 한 행동도 인상적이었습니다.#@문장구분# 이전의 그레고르는 고마워하며 대했지만 더 이상 이전처럼 생활할 수 없는 그레고르를 보고 방에 가두고 냉대하는 모습은 다소 충격적이었습니다.#@문장구분# 물론 외형이 매우 징그럽긴 하더라도 자신들의 생계를 유지시켜준 사람이었기 때문입니다. #@문장구분#이를 보며 자본주의 사회에서 경제활동 능력이 그 사람에 대한 대우를 어느 정도 결정할 수 있다는 생각이 들었습니다.#@문장구분#",
      "paragraph_len": 313,
      "paragraph_id": "003"
    },
    {
      "paragraph_txt": " <변신>에서는 분명하게 나타나는 교훈이나 반전이 없어서 책을 처음 읽고 다소 의아해 하였습니다.#@문장구분# 그래서 책을 읽고 이 책에 관한 감상을 찾아보았고 그 후에 다시 읽어보니 이 책에 담긴 메시지를 알 수 있었습니다.#@문장구분# 이전까지는 독자가 교훈을 쉽게 알 수 있는 책만 보았었는데 메시지가 숨겨진 책을 읽어보니 신기하고 귀중한 경험이었던 것 같습니다.#@문장구분#",
      "paragraph_len": 258,
      "paragraph_id": "004"
    }
  ],
  "score": {
    "paragraph_score": [
      {
        "paragraph_scoreT": [
          3,
          2.8333333,
          2
        ],
        "paragraph_scoreT_detail": {
          "paragraph_scoreT_exp": [
            [
              3,
              3,
              3
            ],
            [
              3,
              3,
              2
            ],
            [
              2,
              2,
              2
            ]
          ]
        },
        "paragraph_scoreT_avg": 2.611111,
        "paragraph_id": "001"
      },
      {
        "paragraph_scoreT": [
          3,
          2.8333333,
          2
        ],
        "paragraph_scoreT_detail": {
          "paragraph_scoreT_exp": [
            [
              3,
              3,
              3
            ],
            [
              3,
              3,
              2
            ],
            [
              2,
              2,
              2
            ]
          ]
        },
        "paragraph_scoreT_avg": 2.611111,
        "paragraph_id": "002"
      },
      {
        "paragraph_scoreT": [
          3,
          2.8333333,
          2
        ],
        "paragraph_scoreT_detail": {
          "paragraph_scoreT_exp": [
            [
              3,
              3,
              3
            ],
            [
              3,
              3,
              2
            ],
            [
              2,
              2,
              2
            ]
          ]
        },
        "paragraph_scoreT_avg": 2.611111,
        "paragraph_id": "003"
      },
      {
        "paragraph_scoreT": [
          3,
          2.8333333,
          2
        ],
        "paragraph_scoreT_detail": {
          "paragraph_scoreT_exp": [
            [
              3,
              3,
              3
            ],
            [
              3,
              3,
              2
            ],
            [
              2,
              2,
              2
            ]
          ]
        },
        "paragraph_scoreT_avg": 2.611111,
        "paragraph_id": "004"
      }
    ],
    "essay_scoreT": [
      30,
      27.61111,
      23.166666
    ],
    "essay_scoreT_avg": 26.925926,
    "essay_scoreT_detail": {
      "essay_scoreT_org": [
        [
          3,
          3,
          3,
          3
        ],
        [
          3,
          3,
          3,
          2
        ],
        [
          2,
          2,
          3,
          3
        ]
      ],
      "essay_scoreT_cont": [
        [
          3,
          3,
          0,
          3
        ],
        [
          3,
          2,
          0,
          3
        ],
        [
          3,
          2,
          0,
          3
        ]
      ],
      "essay_scoreT_exp": [
        [
          3,
          3,
          3
        ],
        [
          3,
          3,
          2
        ],
        [
          2,
          2,
          2
        ]
      ]
    }
  },
  "student": {
    "date": "2021.09.07",
    "student_educated": true,
    "student_grade": "고등_1학년",
    "location": "051",
    "student_grade_group": "고등",
    "student_reading": 2
  },
  "rubric": {
    "essay_grade": "고등_1학년",
    "organization_weight": {
      "org_paragraph": 2,
      "org": 2,
      "org_essay": 4,
      "org_coherence": 2,
      "org_quantity": 1
    },
    "essay_type": "설명글",
    "content_weight": {
      "con_clearance": 4,
      "con_novelty": 3,
      "con": 4,
      "con_prompt": 0,
      "con_description": 1
    },
    "essay_main_subject": "영화/독서감상문",
    "expression_weight": {
      "exp_style": 1,
      "exp_grammar": 2,
      "exp_vocab": 3,
      "exp": 4
    }
  },
  "correction": [],
  "info": {
    "essay_id": "ESSAY_34103",
    "essay_prompt": " 영화에는 로맨스, 액션, 스릴러 등 정말 많은 장르가 있습니다. 사람마다 좋아하는 장르가 있고 절대 보지 않는 장르도 있습니다.\r\n\r\n 독서도 마찬가지입니다. 소설, 수필, 시, 만화, 위인전 등 여러가지 장르가 있습니다.\r\n\r\n 여러분은 어떤 장르를 좋아하나요? 그리고 해당 장르에서 가장 재미있게 봤던 영화나 책은 무엇인가요?\r\n\r\n 자신이 봤던 영화 혹은 책을 한 편 선정하여 주제와 내용 그리고 느낀점을 감상문으로 작성해주세요.",
    "essay_type": "설명글",
    "essay_level": "3",
    "essay_len": 1062,
    "essay_main_subject": "영화/독서감상문"
  }
}