{
  "paragraph": [
    {
      "paragraph_txt": "책 제목 : 나미야 잡화점의 기적  (저자 : 히가시노 게이고)#@문장구분#\n#고민 #고민상담 #히가시노 게이고 #해답 #잡화점#@문장구분#\n#81 #과거 #현재 #조언  명문장: \"다른 사람의 고민을 상담해준 거 지금까지 내인생에서 한번도 없었던 일이야.#@문장구분# 우연히 맞아 떨어진 것이라도, 어쩌다 결과가 잘 나온것이라도 우리한테 상담 하기를 잘했다고 하니까 정말 기분좋다.#@문장구분# 안그래. 마쓰야?\"#@문장구분#\n이 책에서는 3명의 도둑이 빈집을 털지 못하고 폐가에 들어가 다음날이 될 때까지 숨어 있다가 고민상담을 어쩌다 해주게 되는 이야기입니다#@문장구분#. 마쓰다,쇼타,고헤이 라는 3명의 도둑이 빈집을 털지 못해 30년 동안 비어있던 나미야 잡화점에 들어갔고, 먼지가 쌓인 그 곳에서 내부를 둘러보다 어떤 작은 소리를 듣고 살펴보니 작은 상자 안에 편지가 떨어졌다.#@문장구분# 그 편지에는 달토끼라는 사람이 고민상담을 원하는 글을 적어놨다.#@문장구분#3명의 도둑은 그 편지가 과거로부터 온 것을 알았고 지난 시간들이 어떻게 보내져왔는지 알고 있기에 그 달토끼라는 사람의 고민을 쉽고 간단하게 써서 보내 주었는데 그편지는 과거로 보내져 달토끼라는 사람에게 전해졌고 달토끼는 자신의 마음을 정리하지 못하고 계속해서 편지를 주고 받는다.#@문장구분# 나미야 잡화점에서의 시간은 멈춰있지만 과거에서는 빠르게 지나기 때문에 잡화점 안에서의 몇분은 과거에서는 한달이 된다.#@문장구분# 달토끼라는  사람이 이러지도 저러지도 못할 때 3명의 도둑들이 확실하게 말을 해준다.#@문장구분# 답장을 보내주었지만 달토끼로부터 편지가 바로 오지 않았다#@문장구분# 그리고 몇분후 편지가 들어왔는데 달토끼는 오래 답장을 하지 않아 죄송하다고 했고 자신의 고민이 잘 해결되었고 나미야씨 덕분이라고 했다.#@문장구분# 3명의 도둑들은 대충적보어 보낸 편지에 자신의 고민이 해결되었고 3명의 도둑들 덕분이라는 것에 기분이 좋아졌고 처음 고민 상담한것에 이러한 감정이 생기는 것을 알았고 그뒤로 다른 사람의 고민도 해결해주게 된다.#@문장구분#나는 3명의  도둑들이 대충 답한글에 고민이 잘 해결 되었고 자신들이 도둑들에게 많은 도움을 받았다는 것에 감사하다는 것을 보고 인상깊었다.#@문장구분#",
      "paragraph_len": 1310,
      "paragraph_id": "001"
    }
  ],
  "score": {
    "paragraph_score": [
      {
        "paragraph_scoreT": [
          2,
          2,
          1.8333334
        ],
        "paragraph_scoreT_detail": {
          "paragraph_scoreT_exp": [
            [
              2,
              2,
              2
            ],
            [
              2,
              2,
              2
            ],
            [
              2,
              2,
              1
            ]
          ]
        },
        "paragraph_scoreT_avg": 1.9444445,
        "paragraph_id": "001"
      }
    ],
    "essay_scoreT": [
      18,
      20.5,
      17.944445
    ],
    "essay_scoreT_avg": 18.814814,
    "essay_scoreT_detail": {
      "essay_scoreT_org": [
        [
          2,
          2,
          2,
          2
        ],
        [
          2,
          2,
          2,
          2
        ],
        [
          2,
          1,
          1,
          2
        ]
      ],
      "essay_scoreT_cont": [
        [
          2,
          1,
          0,
          1
        ],
        [
          2,
          2,
          0,
          3
        ],
        [
          2,
          2,
          0,
          1
        ]
      ],
      "essay_scoreT_exp": [
        [
          2,
          2,
          2
        ],
        [
          2,
          2,
          2
        ],
        [
          2,
          2,
          1
        ]
      ]
    }
  },
  "student": {
    "date": "2021.09.03",
    "student_educated": true,
    "student_grade": "고등_1학년",
    "location": "051",
    "student_grade_group": "고등",
    "student_reading": 2
  },
  "rubric": {
    "essay_grade": "고등_1학년",
    "organization_weight": {
      "org_paragraph": 2,
      "org": 2,
      "org_essay": 4,
      "org_coherence": 2,
      "org_quantity": 1
    },
    "essay_type": "설명글",
    "content_weight": {
      "con_clearance": 4,
      "con_novelty": 3,
      "con": 4,
      "con_prompt": 0,
      "con_description": 1
    },
    "essay_main_subject": "영화/독서감상문",
    "expression_weight": {
      "exp_style": 1,
      "exp_grammar": 2,
      "exp_vocab": 3,
      "exp": 4
    }
  },
  "correction": [],
  "info": {
    "essay_id": "ESSAY_34607",
    "essay_prompt": " 영화에는 로맨스, 액션, 스릴러 등 정말 많은 장르가 있습니다. 사람마다 좋아하는 장르가 있고 절대 보지 않는 장르도 있습니다.\r\n\r\n 독서도 마찬가지입니다. 소설, 수필, 시, 만화, 위인전 등 여러가지 장르가 있습니다.\r\n\r\n 여러분은 어떤 장르를 좋아하나요? 그리고 해당 장르에서 가장 재미있게 봤던 영화나 책은 무엇인가요?\r\n\r\n 자신이 봤던 영화 혹은 책을 한 편 선정하여 주제와 내용 그리고 느낀점을 감상문으로 작성해주세요.",
    "essay_type": "설명글",
    "essay_level": "3",
    "essay_len": 1010,
    "essay_main_subject": "영화/독서감상문"
  }
}