{
  "paragraph": [
    {
      "paragraph_txt": "금융은 미래의 재무설계나 미래의 자산관리 등을 하고 더나아가 투자나 증권 편드 등을 할때 필요한 기본지식이다.#@문장구분# 이책은 금융이라는 거대한 제목을 잘게잘게 쪼개서 설명을 해놓았는데 쉽게 하려해도 또 처음들을때는 이해하기가 매우 어렵다 생각한다.#@문장구분# 저자는 대제목 중제목 소제목 순으로 분류하여 어려운 금융에대한 이해를 돕고있다.#@문장구분# 또한 수많은 금융현상에대한 예시와 그래프 사진등으로 보\n기쉽고 한눈에 알아볼 수 있게 설명해놓았다.#@문장구분# 우리가 살아가고있는 현대사회는 돈없이는 하루도 살 수없는 자본주의 사회이다.#@문장구분# 지금의 대한민국은 백세시대로인해 점점 노인세대가 전체인구에서 큰비중을 차지하는 고령사회에 진입해있다. #@문장구분#전체생존기간의 증가로 기본적인 삶을 유지하기 위해 필요한자금은 계속증가하고있으며 높아진 생활수준으로 인해 사람들의 욕구는 점점 다양해지고있다.#@문장구분# 하지만 우리사회는 성장동력이 날로 쇠약해지는 저성상 국면에 점어들었다.#@문장구분# 따라사 서람들의 다양한 재무목표와 욕구들을 해결하기위해서 돈과 금융에대한 이해와 기본적인 지식이 필요하다.#@문장구분#그러므로 앞으로 금융을 이해하고 돈 에관련된 업무를하기위해선 금융에대해 공부해야한다고 생각한다.#@문장구분#",
      "paragraph_len": 768,
      "paragraph_id": "001"
    }
  ],
  "score": {
    "paragraph_score": [
      {
        "paragraph_scoreT": [
          1.5,
          2,
          1.5
        ],
        "paragraph_scoreT_detail": {
          "paragraph_scoreT_exp": [
            [
              1,
              2,
              1
            ],
            [
              2,
              2,
              2
            ],
            [
              1,
              2,
              1
            ]
          ]
        },
        "paragraph_scoreT_avg": 1.6666666,
        "paragraph_id": "001"
      }
    ],
    "essay_scoreT": [
      16.277779,
      18.5,
      17.555555
    ],
    "essay_scoreT_avg": 17.444445,
    "essay_scoreT_detail": {
      "essay_scoreT_org": [
        [
          2,
          2,
          1,
          3
        ],
        [
          2,
          2,
          2,
          2
        ],
        [
          2,
          2,
          1,
          2
        ]
      ],
      "essay_scoreT_cont": [
        [
          2,
          1,
          0,
          2
        ],
        [
          2,
          1,
          0,
          2
        ],
        [
          2,
          2,
          0,
          2
        ]
      ],
      "essay_scoreT_exp": [
        [
          1,
          2,
          1
        ],
        [
          2,
          2,
          2
        ],
        [
          1,
          2,
          1
        ]
      ]
    }
  },
  "student": {
    "date": "2021.09.10",
    "student_educated": true,
    "student_grade": "고등_1학년",
    "location": "063",
    "student_grade_group": "고등",
    "student_reading": 1
  },
  "rubric": {
    "essay_grade": "고등_1학년",
    "organization_weight": {
      "org_paragraph": 2,
      "org": 2,
      "org_essay": 4,
      "org_coherence": 2,
      "org_quantity": 1
    },
    "essay_type": "설명글",
    "content_weight": {
      "con_clearance": 4,
      "con_novelty": 3,
      "con": 4,
      "con_prompt": 0,
      "con_description": 1
    },
    "essay_main_subject": "영화/독서감상문",
    "expression_weight": {
      "exp_style": 1,
      "exp_grammar": 2,
      "exp_vocab": 3,
      "exp": 4
    }
  },
  "correction": [],
  "info": {
    "essay_id": "ESSAY_34698",
    "essay_prompt": " 영화에는 로맨스, 액션, 스릴러 등 정말 많은 장르가 있습니다. 사람마다 좋아하는 장르가 있고 절대 보지 않는 장르도 있습니다.\r\n\r\n 독서도 마찬가지입니다. 소설, 수필, 시, 만화, 위인전 등 여러가지 장르가 있습니다.\r\n\r\n 여러분은 어떤 장르를 좋아하나요? 그리고 해당 장르에서 가장 재미있게 봤던 영화나 책은 무엇인가요?\r\n\r\n 자신이 봤던 영화 혹은 책을 한 편 선정하여 주제와 내용 그리고 느낀점을 감상문으로 작성해주세요.",
    "essay_type": "설명글",
    "essay_level": "3",
    "essay_len": 570,
    "essay_main_subject": "영화/독서감상문"
  }
}