{
  "paragraph": [
    {
      "paragraph_txt": "제가 이 책을 읽고 처음 느낀 것은 새로움이었습니다.#@문장구분# 왜냐하면 이때까지 제가 읽었던 소설들은 주요 사건이 금방 등장하게 되어 그것을 중심으로 흘러가기 마련인데 이 책은 주요 사건이라 하자면 '시라하'가 '후루쿠라'의 집에서 동거하게 된 것? 정도여서 그게 저한테는 새롭게 다가왔습니다.#@문장구분# 주인공의 일상적인 내용들로 주제에 대한 내용을 이끌어 내서 그런지 생각보다 몰입감이 좋았고 편하게 볼 수 있었던 것 같습니다.#@문장구분#",
      "paragraph_len": 290,
      "paragraph_id": "001"
    },
    {
      "paragraph_txt": " 그리고 저는 이 책의 의도와 다를지 모르겠으나 '시라하'가 매우 꼴불견으로 느껴졌습니다.#@문장구분# 왜냐하면 무언가를 해내려는 의지가 없는 것은 말할 것도 없고 그로 인해 주변 사람들에게까지도 피해를 끼치며 그 와중에도 남에게만 불만을 가지는 인물이기 때문입니다. #@문장구분#물론 이 책은 보통과 다른 사람들에 대한 사회적 인식이 개선되었으면 하는 마음으로 나왔을지 모르지만 그렇다 하더라도 저에게는 아직 그 사람들이 남에게 비판받을 책임은 없어도 피해는 안 주어야 한다는 생각이 남아있는지라 '시라하'가 아직 부정적으로 느껴집니다.#@문장구분#",
      "paragraph_len": 347,
      "paragraph_id": "002"
    },
    {
      "paragraph_txt": " 또한 위와 같이 저는 이 책의 주제가 '보통과 다른 사람들에 대한 사회적 인식'이라고 생각하는데 이 책을 다 읽은 후의 저의 생각은 '애초에 보통의 정해진 기준이 없기에 누구도 누군가를 사회의 관점에서 비난할 자격이 없다는 것'입니다.#@문장구분# 누구도 보통과 다르다고 비난받을 이유 없고 누구도 보통과 다르다고 비난할 자격 없습니다. #@문장구분#더 극단적으로 말하면 저는 그렇게 비난하는 사람이 진정한 사회의 관점에서 비난받아야 마땅한 사람이라고 저는 생각합니다.#@문장구분# 왜냐하면 보통과 다른 사람들 중에는 사연이 있는 사람들도 분명히 있는데도 그에 대해 잘 알지 못하고 비난하는 행동은 매우 비합리적이고 비이성적이기 때문입니다.#@문장구분#",
      "paragraph_len": 418,
      "paragraph_id": "003"
    }
  ],
  "score": {
    "paragraph_score": [
      {
        "paragraph_scoreT": [
          3,
          2.8333333,
          1.8333334
        ],
        "paragraph_scoreT_detail": {
          "paragraph_scoreT_exp": [
            [
              3,
              3,
              3
            ],
            [
              3,
              3,
              2
            ],
            [
              2,
              2,
              1
            ]
          ]
        },
        "paragraph_scoreT_avg": 2.5555556,
        "paragraph_id": "001"
      },
      {
        "paragraph_scoreT": [
          3,
          2.8333333,
          1.8333334
        ],
        "paragraph_scoreT_detail": {
          "paragraph_scoreT_exp": [
            [
              3,
              3,
              3
            ],
            [
              3,
              3,
              2
            ],
            [
              2,
              2,
              1
            ]
          ]
        },
        "paragraph_scoreT_avg": 2.5555556,
        "paragraph_id": "002"
      },
      {
        "paragraph_scoreT": [
          3,
          2.8333333,
          1.8333334
        ],
        "paragraph_scoreT_detail": {
          "paragraph_scoreT_exp": [
            [
              3,
              3,
              3
            ],
            [
              3,
              3,
              2
            ],
            [
              2,
              2,
              1
            ]
          ]
        },
        "paragraph_scoreT_avg": 2.5555556,
        "paragraph_id": "003"
      }
    ],
    "essay_scoreT": [
      30,
      26.222221,
      21.777779
    ],
    "essay_scoreT_avg": 26,
    "essay_scoreT_detail": {
      "essay_scoreT_org": [
        [
          3,
          3,
          3,
          3
        ],
        [
          2,
          3,
          3,
          2
        ],
        [
          2,
          2,
          3,
          2
        ]
      ],
      "essay_scoreT_cont": [
        [
          3,
          3,
          0,
          3
        ],
        [
          3,
          2,
          0,
          2
        ],
        [
          3,
          2,
          0,
          2
        ]
      ],
      "essay_scoreT_exp": [
        [
          3,
          3,
          3
        ],
        [
          3,
          3,
          2
        ],
        [
          2,
          2,
          1
        ]
      ]
    }
  },
  "student": {
    "date": "2021.09.07",
    "student_educated": true,
    "student_grade": "고등_1학년",
    "location": "051",
    "student_grade_group": "고등",
    "student_reading": 2
  },
  "rubric": {
    "essay_grade": "고등_1학년",
    "organization_weight": {
      "org_paragraph": 2,
      "org": 2,
      "org_essay": 4,
      "org_coherence": 2,
      "org_quantity": 1
    },
    "essay_type": "설명글",
    "content_weight": {
      "con_clearance": 4,
      "con_novelty": 3,
      "con": 4,
      "con_prompt": 0,
      "con_description": 1
    },
    "essay_main_subject": "영화/독서감상문",
    "expression_weight": {
      "exp_style": 1,
      "exp_grammar": 2,
      "exp_vocab": 3,
      "exp": 4
    }
  },
  "correction": [],
  "info": {
    "essay_id": "ESSAY_34102",
    "essay_prompt": " 영화에는 로맨스, 액션, 스릴러 등 정말 많은 장르가 있습니다. 사람마다 좋아하는 장르가 있고 절대 보지 않는 장르도 있습니다.\r\n\r\n 독서도 마찬가지입니다. 소설, 수필, 시, 만화, 위인전 등 여러가지 장르가 있습니다.\r\n\r\n 여러분은 어떤 장르를 좋아하나요? 그리고 해당 장르에서 가장 재미있게 봤던 영화나 책은 무엇인가요?\r\n\r\n 자신이 봤던 영화 혹은 책을 한 편 선정하여 주제와 내용 그리고 느낀점을 감상문으로 작성해주세요.",
    "essay_type": "설명글",
    "essay_level": "3",
    "essay_len": 860,
    "essay_main_subject": "영화/독서감상문"
  }
}