{
  "paragraph": [
    {
      "paragraph_txt": "저는 이 책은 꼭 읽어봐야 한다고 미루고 미루고 미루다가 읽게 되었습니다.#@문장구분# 처음 30페이지 까지 읽었을 때는 도저히 무슨 이야기를 하고 싶어하는 지 이해가 되지 않아서 이기적 유전자를 읽고 난 후의 느낌점들을 찾아보고 다시 읽어 보니 본래의 의미를 되찾을 수있게 되었습니다.#@문장구분# 유전자는 인간이라는 생존 기계에서 살아남고 자신의 유전자를 후대에 전달하기 위해서 이기적인 성격을 가집니다.#@문장구분#\n인간은 결국 유전자에 의해 살아간다는 허망함과 허탈감이 몰려왔었습니다.#@문장구분# 그러나 책을 거의 다 읽어가려 할 때, 인간은 유전자가 원하는 대로만 살려고 하지 않고 반역을 함으로써 이기적 유전자에 대항하기 시작합니다.#@문장구분# 즉, 자아를 깨우친다고 저는 생각합니다.#@문장구분# 읽기전에, 이 책이 생명과학에 대한 책일 것이란 생각으로만 가득찼었는데 속은 인간 모두가 고민해볼만한 명제를 던져주는 책이었습니\n다.#@문장구분#",
      "paragraph_len": 571,
      "paragraph_id": "001"
    }
  ],
  "score": {
    "paragraph_score": [
      {
        "paragraph_scoreT": [
          3,
          2.8333333,
          2
        ],
        "paragraph_scoreT_detail": {
          "paragraph_scoreT_exp": [
            [
              3,
              3,
              3
            ],
            [
              3,
              3,
              2
            ],
            [
              2,
              2,
              2
            ]
          ]
        },
        "paragraph_scoreT_avg": 2.611111,
        "paragraph_id": "001"
      }
    ],
    "essay_scoreT": [
      25.555555,
      23.555555,
      16.222221
    ],
    "essay_scoreT_avg": 21.777777,
    "essay_scoreT_detail": {
      "essay_scoreT_org": [
        [
          3,
          3,
          3,
          1
        ],
        [
          2,
          2,
          3,
          1
        ],
        [
          1,
          1,
          2,
          0
        ]
      ],
      "essay_scoreT_cont": [
        [
          2,
          2,
          0,
          2
        ],
        [
          2,
          2,
          0,
          2
        ],
        [
          2,
          1,
          0,
          1
        ]
      ],
      "essay_scoreT_exp": [
        [
          3,
          3,
          3
        ],
        [
          3,
          3,
          2
        ],
        [
          2,
          2,
          2
        ]
      ]
    }
  },
  "student": {
    "date": "2021.09.10",
    "student_educated": true,
    "student_grade": "고등_1학년",
    "location": "063",
    "student_grade_group": "고등",
    "student_reading": 1
  },
  "rubric": {
    "essay_grade": "고등_1학년",
    "organization_weight": {
      "org_paragraph": 2,
      "org": 2,
      "org_essay": 4,
      "org_coherence": 2,
      "org_quantity": 1
    },
    "essay_type": "설명글",
    "content_weight": {
      "con_clearance": 4,
      "con_novelty": 3,
      "con": 4,
      "con_prompt": 0,
      "con_description": 1
    },
    "essay_main_subject": "영화/독서감상문",
    "expression_weight": {
      "exp_style": 1,
      "exp_grammar": 2,
      "exp_vocab": 3,
      "exp": 4
    }
  },
  "correction": [],
  "info": {
    "essay_id": "ESSAY_34351",
    "essay_prompt": " 영화에는 로맨스, 액션, 스릴러 등 정말 많은 장르가 있습니다. 사람마다 좋아하는 장르가 있고 절대 보지 않는 장르도 있습니다.\r\n\r\n 독서도 마찬가지입니다. 소설, 수필, 시, 만화, 위인전 등 여러가지 장르가 있습니다.\r\n\r\n 여러분은 어떤 장르를 좋아하나요? 그리고 해당 장르에서 가장 재미있게 봤던 영화나 책은 무엇인가요?\r\n\r\n 자신이 봤던 영화 혹은 책을 한 편 선정하여 주제와 내용 그리고 느낀점을 감상문으로 작성해주세요.",
    "essay_type": "설명글",
    "essay_level": "3",
    "essay_len": 433,
    "essay_main_subject": "영화/독서감상문"
  }
}