{
  "paragraph": [
    {
      "paragraph_txt": "내가 이 책을 고르게 된 이유는 평소에 인공지능에 대해서 관심이 많았고 딥러닝이 무엇인지에 대해서도 궁금했기 때문에 제목을 보고 바로 읽고 싶어서 읽게 되었다.#@문장구분# 인공지능과 딥러닝이라는 책은 인공지능의 발전역사와 긴 겨울을 지나고 어찌 다시 인공지능의 봄을 맞이하게 되었는지를 말하며 향후에 인공지능이 가져올 미래변화를 예측한다.#@문장구분# 이 책의 내용은 빅데이터와 딥러닝 기술의 발전으로인해서 인공지능은 다시 한번 날아오르게 되고 현재는 각 산업과 기업에 의해 연구되어지고 있다.#@문장구분# 인공지능은 스스로 판단하고 행동을 하기 때문에 인간들의 개입이 필요가 없다.#@문장구분# 컴퓨터 스스로 특징을 학습해서 진화해가는 인공지능의 특이점은 특정분야에서 인간을 넘게 되고 인간과 기계가 협력을 할수 있는 방향을 찾아야 한다고 말한다.#@문장구분# 군사 분야에서도 인공지능의 무기화도 간과할수 없다고 밝힌다.#@문장구분# 인공지능은 자신보다 조금이라도 똑똑한 인공지능이 만들어지는 순간부터 새로운 단계에 돌입하게된다.#@문장구분# 이러한 이유 때문에 인공지능이 발전할 수가 있는것이다.#@문장구분# 예전의 데이터와 새로운 데이터가합쳐지면서 발전하기 때문이다.#@문장구분# 인공지능의 발전은 우리의 삶을 편리하게 해주고 도움을 주었다.#@문장구분# 하지만 그 이면에는 아픈모습들이 많다.#@문장구분# 핵 무기 개발과 환경오염들이 있다.#@문장구분# 나는 인공지능의 발전을 위해서 노력하는 것이 맞다고 보지만 환경을 파괴해가면서까지는 그럴 필요가 없다고 생각한다.#@문장구분# 그리고 나중에 우리가 인공지능을 통제하지 못할 날이 올 수도 있을 거라 생각하기에 인공지능의 발전을마냥 좋다고 긍정적으로 수용할 것이 아니라 비판적인 시선으로 바라보는 것도 필요하다고 느끼게되었다.#@문장구분#",
      "paragraph_len": 1077,
      "paragraph_id": "001"
    }
  ],
  "score": {
    "paragraph_score": [
      {
        "paragraph_scoreT": [
          3,
          2.8333333,
          2.5
        ],
        "paragraph_scoreT_detail": {
          "paragraph_scoreT_exp": [
            [
              3,
              3,
              3
            ],
            [
              3,
              3,
              2
            ],
            [
              2,
              3,
              2
            ]
          ]
        },
        "paragraph_scoreT_avg": 2.7777777,
        "paragraph_id": "001"
      }
    ],
    "essay_scoreT": [
      30,
      23.777779,
      26.444445
    ],
    "essay_scoreT_avg": 26.74074,
    "essay_scoreT_detail": {
      "essay_scoreT_org": [
        [
          3,
          3,
          3,
          3
        ],
        [
          2,
          2,
          3,
          2
        ],
        [
          2,
          2,
          3,
          2
        ]
      ],
      "essay_scoreT_cont": [
        [
          3,
          3,
          0,
          3
        ],
        [
          2,
          2,
          0,
          2
        ],
        [
          3,
          3,
          0,
          3
        ]
      ],
      "essay_scoreT_exp": [
        [
          3,
          3,
          3
        ],
        [
          3,
          3,
          2
        ],
        [
          2,
          3,
          2
        ]
      ]
    }
  },
  "student": {
    "date": "2021.09.13",
    "student_educated": true,
    "student_grade": "고등_1학년",
    "location": "063",
    "student_grade_group": "고등",
    "student_reading": 3
  },
  "rubric": {
    "essay_grade": "고등_1학년",
    "organization_weight": {
      "org_paragraph": 2,
      "org": 2,
      "org_essay": 4,
      "org_coherence": 2,
      "org_quantity": 1
    },
    "essay_type": "설명글",
    "content_weight": {
      "con_clearance": 4,
      "con_novelty": 3,
      "con": 4,
      "con_prompt": 0,
      "con_description": 1
    },
    "essay_main_subject": "영화/독서감상문",
    "expression_weight": {
      "exp_style": 1,
      "exp_grammar": 2,
      "exp_vocab": 3,
      "exp": 4
    }
  },
  "correction": [],
  "info": {
    "essay_id": "ESSAY_34350",
    "essay_prompt": " 영화에는 로맨스, 액션, 스릴러 등 정말 많은 장르가 있습니다. 사람마다 좋아하는 장르가 있고 절대 보지 않는 장르도 있습니다.\r\n\r\n 독서도 마찬가지입니다. 소설, 수필, 시, 만화, 위인전 등 여러가지 장르가 있습니다.\r\n\r\n 여러분은 어떤 장르를 좋아하나요? 그리고 해당 장르에서 가장 재미있게 봤던 영화나 책은 무엇인가요?\r\n\r\n 자신이 봤던 영화 혹은 책을 한 편 선정하여 주제와 내용 그리고 느낀점을 감상문으로 작성해주세요.",
    "essay_type": "설명글",
    "essay_level": "3",
    "essay_len": 797,
    "essay_main_subject": "영화/독서감상문"
  }
}