{
  "paragraph": [
    {
      "paragraph_txt": "이 책의 제목은 The Catus, 즉 선인장이다.#@문장구분#\n 제목이 선인장인 이유는 책의 이야기 뒷부분에서 알 수 있다.#@문장구분#\n 책의 내용은 한 남자와 여자의 이루어지지 않은 사랑을 이야기하고 있다.#@문장구분#\n 남자는 여자를 사랑하고, 여자또한 남자를 사랑한다.#@문장구분#\n 둘은 약혼까지 생각하고, 남자는 청혼을 보낸다.#@문장구분#\n 여자는 알겠다는 뉘앙스의 느낌을 풍겼으나, 대답은 제대로 하지 않았다.#@문장구분#\n 이후 여자는 자신을 대신하는 여자의 하인을 보내어 남자에게 선인장을 선물하였다.#@문장구분#\n 그 선인장에는 한 스페인어가 적혀있었다.#@문장구분#\n 남자는 여자에게 스페인어를 할 줄 안다고 했었다.#@문장구분#\n 하지만 이는 사실이 아니고 어디서 들은 스페인어를 한 번 말한 것 뿐이었다.#@문장구분#\n 짐작컨데, 여자는 남자가 스페인어를 할 줄 안다고 생각하고 이 선인장에 스페인어의 팻말을 보낸 것이다.#@문장구분#\n 그렇게 시간이 흘러 여자는 다른 남자와 청혼을 올리게 되었고, 남자는 절망에 빠졌다.#@문장구분#\n 남자는 그 선인장의 여자의 오빠이자 남자의 친한 친구가 알려주기 전 까지 그 의미를 몰랐다.#@문장구분#\n 그 스페인어의 뜻은 '나를 데려가세요' 라는 뜻이었고, 남자는 머리가 띵했을 것이다.#@문장구분#\n 이야기는 이렇게 끝이 나는데, 나는 한 가지 의문이 들었다.#@문장구분#\n \"왜 선인장이었을까?\"#@문장구분#\n 분명 여자는 남자가 스페인어를 할 줄 안다고 생각하여 이 선인장을 선물했을 것이다.#@문장구분#\n 의미를 가진 스페인어를 담은 선인장을 선물했다고 해도, 왜 굳이 선인장이었을까?#@문장구분#\n 선인장이 아닌 꽃이나 다른 종류의 식물이었으면 어땠을까?#@문장구분#\n 아마 내 생각엔 이야기가 달라졌을 것 같다.#@문장구분#\n 선인장보다는 꽃이나 다른 화려한 식물이 더 이쁘고 우리의 기분을 좋게 만들어주는 효과가 있다.#@문장구분#\n 차라리 꽃이었다면 남자가 그 식물의 의미를 모르더라도 긍정의 의미로 받아들여 남자는 그 즉시 여자에게 갔을 것이다.#@문장구분# 그것이 설령 좋지 않은 의미를 가지고 있더라도.#@문장구분#\n 결과가 좋던 나쁘던 찾아갔을 거란 말이다.#@문장구분#\n 하지만 남자가 받은 것은 선인장이었다..#@문장구분#\n 하필 선인장이어서 남자도 대수롭지 않게 생각했던 것 같다.#@문장구분#\n 허세를 부린 남자는 어리석었고, 여자는 남자를 너무 믿은 것 같다.#@문장구분#\n 이 책은 솔직히 누구를 콕 집어서 추천해줄 순 없고 모두가 읽으면 교훈이 될 수 있는 책인 것 같다.#@문장구분#",
      "paragraph_len": 1645,
      "paragraph_id": "001"
    }
  ],
  "score": {
    "paragraph_score": [
      {
        "paragraph_scoreT": [
          1.3333334,
          2,
          1.3333334
        ],
        "paragraph_scoreT_detail": {
          "paragraph_scoreT_exp": [
            [
              2,
              1,
              1
            ],
            [
              2,
              2,
              2
            ],
            [
              2,
              1,
              1
            ]
          ]
        },
        "paragraph_scoreT_avg": 1.5555557,
        "paragraph_id": "001"
      }
    ],
    "essay_scoreT": [
      13.555555,
      20,
      15.055555
    ],
    "essay_scoreT_avg": 16.203705,
    "essay_scoreT_detail": {
      "essay_scoreT_org": [
        [
          2,
          2,
          2,
          3
        ],
        [
          2,
          2,
          2,
          2
        ],
        [
          1,
          1,
          1,
          2
        ]
      ],
      "essay_scoreT_cont": [
        [
          1,
          1,
          0,
          1
        ],
        [
          2,
          2,
          0,
          2
        ],
        [
          2,
          2,
          0,
          1
        ]
      ],
      "essay_scoreT_exp": [
        [
          2,
          1,
          1
        ],
        [
          2,
          2,
          2
        ],
        [
          2,
          1,
          1
        ]
      ]
    }
  },
  "student": {
    "date": "2021.09.10",
    "student_educated": true,
    "student_grade": "고등_1학년",
    "location": "063",
    "student_grade_group": "고등",
    "student_reading": 1
  },
  "rubric": {
    "essay_grade": "고등_1학년",
    "organization_weight": {
      "org_paragraph": 2,
      "org": 2,
      "org_essay": 4,
      "org_coherence": 2,
      "org_quantity": 1
    },
    "essay_type": "설명글",
    "content_weight": {
      "con_clearance": 4,
      "con_novelty": 3,
      "con": 4,
      "con_prompt": 0,
      "con_description": 1
    },
    "essay_main_subject": "영화/독서감상문",
    "expression_weight": {
      "exp_style": 1,
      "exp_grammar": 2,
      "exp_vocab": 3,
      "exp": 4
    }
  },
  "correction": [],
  "info": {
    "essay_id": "ESSAY_34825",
    "essay_prompt": " 영화에는 로맨스, 액션, 스릴러 등 정말 많은 장르가 있습니다. 사람마다 좋아하는 장르가 있고 절대 보지 않는 장르도 있습니다.\r\n\r\n 독서도 마찬가지입니다. 소설, 수필, 시, 만화, 위인전 등 여러가지 장르가 있습니다.\r\n\r\n 여러분은 어떤 장르를 좋아하나요? 그리고 해당 장르에서 가장 재미있게 봤던 영화나 책은 무엇인가요?\r\n\r\n 자신이 봤던 영화 혹은 책을 한 편 선정하여 주제와 내용 그리고 느낀점을 감상문으로 작성해주세요.",
    "essay_type": "설명글",
    "essay_level": "3",
    "essay_len": 1085,
    "essay_main_subject": "영화/독서감상문"
  }
}