{
  "paragraph": [
    {
      "paragraph_txt": "'The Cactus'는 단편 소설로 유명한 O. Henry의 작품 중 하나이다.#@문장구분# O. Henry의 소설답게 'The Cactus' 역시 그의 작품들의 특징인 언어 유희와 반전 결말 등이 잘 나타나 있다는 것을 소설을 읽으며 알 수 있다.#@문장구분#",
      "paragraph_len": 173,
      "paragraph_id": "001"
    },
    {
      "paragraph_txt": "줄거리를 살펴보면 주인공인 Trysdale과 그의 연인 사이에서 일어나는 일들을 다루고 있다.#@문장구분# 자만심과 허영심이 가득한 Trysdale은 잘못됐다는 것을 알면서도 그녀의 환상을 깨고 싶지 않았기에 거짓말을 계속 하게 된다.#@문장구분# 이런 Trysdale은 어느 날 그녀에게 청혼을 하게되고, 그녀는 그 대답으로 ventormarme 라는 글이 적힌 화분을 주게 된다.#@문장구분# 그러나 Trysdale은 그 뜻을 알지 못했고, 되묻는 것은 자존심이 허락하지 않았기에 다시 묻는 것 역시 하지 않는다.#@문장구분# 이러는 사이 시간이 흘러 둘의 관계는 점점 더 멀어지게 되고, 이내 그녀는 다른 남자와 결혼하게 되고 Trysdale은 그 뜻을 뒤늦게 알게 되며 후회하며 끝이 난다.#@문장구분#",
      "paragraph_len": 462,
      "paragraph_id": "002"
    },
    {
      "paragraph_txt": "이 소설을 읽으며, 나는 개인적으로 Trysdale의 행동이 옳지 않다고 생각했다.#@문장구분# 왜냐하면 거짓은 결코 진실이 될 수 없으며 언젠가는그 진실이 드러나게 될 것이고 거짓은 자신과 주변 사람들을 힘들게 할 뿐만 아니라 그 관계까지 해친다고 생각하기 때문이다.#@문장구분# 나는이 책을 통해 '적당한 자만심과 허영심은 인생에 도움이 되지만 과도하면 문제가 심각해질 수 있다.' , '거짓은 자신과 주변 사람들을더욱 불행하게 만든다.' 라는 교훈을 다시 한 번 상기할 수 있었다.#@문장구분#",
      "paragraph_len": 318,
      "paragraph_id": "003"
    }
  ],
  "score": {
    "paragraph_score": [
      {
        "paragraph_scoreT": [
          3,
          2.8333333,
          2
        ],
        "paragraph_scoreT_detail": {
          "paragraph_scoreT_exp": [
            [
              3,
              3,
              3
            ],
            [
              3,
              3,
              2
            ],
            [
              2,
              2,
              2
            ]
          ]
        },
        "paragraph_scoreT_avg": 2.611111,
        "paragraph_id": "001"
      },
      {
        "paragraph_scoreT": [
          3,
          2.8333333,
          2
        ],
        "paragraph_scoreT_detail": {
          "paragraph_scoreT_exp": [
            [
              3,
              3,
              3
            ],
            [
              3,
              3,
              2
            ],
            [
              2,
              2,
              2
            ]
          ]
        },
        "paragraph_scoreT_avg": 2.611111,
        "paragraph_id": "002"
      },
      {
        "paragraph_scoreT": [
          3,
          2.8333333,
          2
        ],
        "paragraph_scoreT_detail": {
          "paragraph_scoreT_exp": [
            [
              3,
              3,
              3
            ],
            [
              3,
              3,
              2
            ],
            [
              2,
              2,
              2
            ]
          ]
        },
        "paragraph_scoreT_avg": 2.611111,
        "paragraph_id": "003"
      }
    ],
    "essay_scoreT": [
      30,
      24.222221,
      20.944445
    ],
    "essay_scoreT_avg": 25.055555,
    "essay_scoreT_detail": {
      "essay_scoreT_org": [
        [
          3,
          3,
          3,
          3
        ],
        [
          2,
          3,
          3,
          2
        ],
        [
          2,
          2,
          3,
          2
        ]
      ],
      "essay_scoreT_cont": [
        [
          3,
          3,
          0,
          3
        ],
        [
          2,
          2,
          0,
          2
        ],
        [
          2,
          2,
          0,
          3
        ]
      ],
      "essay_scoreT_exp": [
        [
          3,
          3,
          3
        ],
        [
          3,
          3,
          2
        ],
        [
          2,
          2,
          2
        ]
      ]
    }
  },
  "student": {
    "date": "2021.09.13",
    "student_educated": true,
    "student_grade": "고등_1학년",
    "location": "063",
    "student_grade_group": "고등",
    "student_reading": 1
  },
  "rubric": {
    "essay_grade": "고등_1학년",
    "organization_weight": {
      "org_paragraph": 2,
      "org": 2,
      "org_essay": 4,
      "org_coherence": 2,
      "org_quantity": 1
    },
    "essay_type": "설명글",
    "content_weight": {
      "con_clearance": 4,
      "con_novelty": 3,
      "con": 4,
      "con_prompt": 0,
      "con_description": 1
    },
    "essay_main_subject": "영화/독서감상문",
    "expression_weight": {
      "exp_style": 1,
      "exp_grammar": 2,
      "exp_vocab": 3,
      "exp": 4
    }
  },
  "correction": [],
  "info": {
    "essay_id": "ESSAY_34457",
    "essay_prompt": " 영화에는 로맨스, 액션, 스릴러 등 정말 많은 장르가 있습니다. 사람마다 좋아하는 장르가 있고 절대 보지 않는 장르도 있습니다.\r\n\r\n 독서도 마찬가지입니다. 소설, 수필, 시, 만화, 위인전 등 여러가지 장르가 있습니다.\r\n\r\n 여러분은 어떤 장르를 좋아하나요? 그리고 해당 장르에서 가장 재미있게 봤던 영화나 책은 무엇인가요?\r\n\r\n 자신이 봤던 영화 혹은 책을 한 편 선정하여 주제와 내용 그리고 느낀점을 감상문으로 작성해주세요.",
    "essay_type": "설명글",
    "essay_level": "3",
    "essay_len": 757,
    "essay_main_subject": "영화/독서감상문"
  }
}