{
  "paragraph": [
    {
      "paragraph_txt": "이 책은 실존하는 인물인 콩고 출신 '욤비'씨의 이야기이다.#@문장구분# 큰 주제는 한국의 난민 이야기를 욤비씨의 사례를 통해 상징적으로 보여 준다.#@문장구분# 난민이라는 개념에 대해서는 조금 아는 바가 있다.#@문장구분# 평소 국제 사회에 관심이 많기 때문에 시리아의 정치적 난민과 투발루의 환 경 난민에 대해 많이 들어보았다.#@문장구분# 하지만 정작 한국의 난민 현실에 대해서는 거의 아는 바가 없다.#@문장구분# 2012년 기준 한국에는 260명의 난민이 있다.#@문장구분# 욤비씨의 말에 따르면 그는 초기 한국에서 노동력과 임금 착취, 차별과 열악한 환경에 시달려 왔다고 한다.#@문장구분# 한국은 난민에 관대한 편이 아니고 꽤 차별적이다.#@문장구분# 난민들은 고국을 잃은 안타까운 처지에 있는 사람들이다.#@문장구분#그들을 외계인처럼 바라보는 시선보다는 포용과 존중으로 그들을 동등하게 아니면 오히려 더 따뜻하게 사랑으로 대할 수는 없는 것일까?#@문장구분# 시리아의 화이트 헬멧에 대한 다큐 멘터리를 본 적이 있다.#@문장구분# 그들은 목숨을 걸고 시리아의 난민들의 생명을 구하기 위해 포화 속으로 뛰어든다.#@문장구분# 그들처럼 목숨은 걸지 않아도 된다.#@문장구분# 존종과 배려, 차별없는 태도면 된다.#@문장구분# 난민들도 우리와 같은 권리를 누릴 자유가 있는 사람이다.#@문장구분# 역지사지의 태도로 그들에게 제 2의 고국이 되어주자.#@문장구분# ",
      "paragraph_len": 920,
      "paragraph_id": "001"
    }
  ],
  "score": {
    "paragraph_score": [
      {
        "paragraph_scoreT": [
          3,
          2.8333333,
          2
        ],
        "paragraph_scoreT_detail": {
          "paragraph_scoreT_exp": [
            [
              3,
              3,
              3
            ],
            [
              3,
              3,
              2
            ],
            [
              2,
              2,
              2
            ]
          ]
        },
        "paragraph_scoreT_avg": 2.611111,
        "paragraph_id": "001"
      }
    ],
    "essay_scoreT": [
      29.777779,
      29.11111,
      22
    ],
    "essay_scoreT_avg": 26.962961,
    "essay_scoreT_detail": {
      "essay_scoreT_org": [
        [
          3,
          3,
          3,
          2
        ],
        [
          3,
          3,
          3,
          2
        ],
        [
          2,
          2,
          2,
          2
        ]
      ],
      "essay_scoreT_cont": [
        [
          3,
          3,
          0,
          3
        ],
        [
          3,
          3,
          0,
          3
        ],
        [
          3,
          2,
          0,
          2
        ]
      ],
      "essay_scoreT_exp": [
        [
          3,
          3,
          3
        ],
        [
          3,
          3,
          2
        ],
        [
          2,
          2,
          2
        ]
      ]
    }
  },
  "student": {
    "date": "2021.09.07",
    "student_educated": true,
    "student_grade": "고등_1학년",
    "location": "051",
    "student_grade_group": "고등",
    "student_reading": 2
  },
  "rubric": {
    "essay_grade": "고등_1학년",
    "organization_weight": {
      "org_paragraph": 2,
      "org": 2,
      "org_essay": 4,
      "org_coherence": 2,
      "org_quantity": 1
    },
    "essay_type": "설명글",
    "content_weight": {
      "con_clearance": 4,
      "con_novelty": 3,
      "con": 4,
      "con_prompt": 0,
      "con_description": 1
    },
    "essay_main_subject": "영화/독서감상문",
    "expression_weight": {
      "exp_style": 1,
      "exp_grammar": 2,
      "exp_vocab": 3,
      "exp": 4
    }
  },
  "correction": [],
  "info": {
    "essay_id": "ESSAY_34565",
    "essay_prompt": " 영화에는 로맨스, 액션, 스릴러 등 정말 많은 장르가 있습니다. 사람마다 좋아하는 장르가 있고 절대 보지 않는 장르도 있습니다.\r\n\r\n 독서도 마찬가지입니다. 소설, 수필, 시, 만화, 위인전 등 여러가지 장르가 있습니다.\r\n\r\n 여러분은 어떤 장르를 좋아하나요? 그리고 해당 장르에서 가장 재미있게 봤던 영화나 책은 무엇인가요?\r\n\r\n 자신이 봤던 영화 혹은 책을 한 편 선정하여 주제와 내용 그리고 느낀점을 감상문으로 작성해주세요.",
    "essay_type": "설명글",
    "essay_level": "3",
    "essay_len": 601,
    "essay_main_subject": "영화/독서감상문"
  }
}