{
  "paragraph": [
    {
      "paragraph_txt": "나는 나의 진로와 관련된 도서를 찾다가 Sports and Motion이라는 체육쪽과 관련된 책을 찾게되어 이책을 읽게되었다.#@문장구분#",
      "paragraph_len": 90,
      "paragraph_id": "001"
    },
    {
      "paragraph_txt": "이책은 운동선수들이 경기나 동작 연습들을 할 때 어떤힘이 작용이 되고 그 힘의 정의와 어떻게 작용이 되는지를 알려준다.#@문장구분#",
      "paragraph_len": 86,
      "paragraph_id": "002"
    },
    {
      "paragraph_txt": "힘의 종류로는 농구선수들이 공을 리바운드 하기위해서 점프하기 위해 지면을 미는 힘, 축구공이 잔디에 가만히 있다가 날아가기 위해서는 발에 의해 전달되는 힘이 필요하고 스케이트 선수가 받는 지면과의 마찰력, 역도선수들이 역기를 들때 받는 중력 등이있다.#@문장구분#",
      "paragraph_len": 160,
      "paragraph_id": "003"
    },
    {
      "paragraph_txt": "이중에서 마찰은 표면이 완전히 매끄럽지 않기 때문에 존재하는데 우리의 일상에는 항상 마찰이 존재한다.#@문장구분#",
      "paragraph_len": 76,
      "paragraph_id": "004"
    },
    {
      "paragraph_txt": "마찰이 없으면 우리는 걷지도, 뛰지도 못하고 즉시 미끄러질 것이다.#@문장구분# 또한, 중력도 마찬가지로 우리에게 항상 영향을 끼친다.#@문장구분#",
      "paragraph_len": 108,
      "paragraph_id": "005"
    },
    {
      "paragraph_txt": "중력은 물체들 사이의 끌어당기는 힘으로 모든 물체는 중력의 영향을 받으며 이 힘은 물체의 질량이 클수록 더 크게 작용한다.#@문장구분#\n \n이런 힘들의 원리들을 이해하고 자신의 것으로 만들어서 잘 활용하기 위해서 운동선수들은 감각이 없어질때까지 매일 연습한다는 것에 놀라움을 느꼈고 경기장에서 웃고있는 선수들 뒤에는 피나는 노력이 있었다는 것을 알고 존경해야겠다고 느꼈다.#@문장구분#",
      "paragraph_len": 241,
      "paragraph_id": "006"
    }
  ],
  "score": {
    "paragraph_score": [
      {
        "paragraph_scoreT": [
          3,
          2.3333333,
          2
        ],
        "paragraph_scoreT_detail": {
          "paragraph_scoreT_exp": [
            [
              3,
              3,
              3
            ],
            [
              3,
              2,
              2
            ],
            [
              2,
              2,
              2
            ]
          ]
        },
        "paragraph_scoreT_avg": 2.4444444,
        "paragraph_id": "001"
      },
      {
        "paragraph_scoreT": [
          3,
          2.3333333,
          2
        ],
        "paragraph_scoreT_detail": {
          "paragraph_scoreT_exp": [
            [
              3,
              3,
              3
            ],
            [
              3,
              2,
              2
            ],
            [
              2,
              2,
              2
            ]
          ]
        },
        "paragraph_scoreT_avg": 2.4444444,
        "paragraph_id": "002"
      },
      {
        "paragraph_scoreT": [
          3,
          2.3333333,
          2
        ],
        "paragraph_scoreT_detail": {
          "paragraph_scoreT_exp": [
            [
              3,
              3,
              3
            ],
            [
              3,
              2,
              2
            ],
            [
              2,
              2,
              2
            ]
          ]
        },
        "paragraph_scoreT_avg": 2.4444444,
        "paragraph_id": "003"
      },
      {
        "paragraph_scoreT": [
          3,
          2.3333333,
          2
        ],
        "paragraph_scoreT_detail": {
          "paragraph_scoreT_exp": [
            [
              3,
              3,
              3
            ],
            [
              3,
              2,
              2
            ],
            [
              2,
              2,
              2
            ]
          ]
        },
        "paragraph_scoreT_avg": 2.4444444,
        "paragraph_id": "004"
      },
      {
        "paragraph_scoreT": [
          3,
          2.3333333,
          2
        ],
        "paragraph_scoreT_detail": {
          "paragraph_scoreT_exp": [
            [
              3,
              3,
              3
            ],
            [
              3,
              2,
              2
            ],
            [
              2,
              2,
              2
            ]
          ]
        },
        "paragraph_scoreT_avg": 2.4444444,
        "paragraph_id": "005"
      },
      {
        "paragraph_scoreT": [
          3,
          2.3333333,
          2
        ],
        "paragraph_scoreT_detail": {
          "paragraph_scoreT_exp": [
            [
              3,
              3,
              3
            ],
            [
              3,
              2,
              2
            ],
            [
              2,
              2,
              2
            ]
          ]
        },
        "paragraph_scoreT_avg": 2.4444444,
        "paragraph_id": "006"
      }
    ],
    "essay_scoreT": [
      28.5,
      25.555555,
      22.444445
    ],
    "essay_scoreT_avg": 25.5,
    "essay_scoreT_detail": {
      "essay_scoreT_org": [
        [
          3,
          3,
          3,
          3
        ],
        [
          2,
          2,
          3,
          1
        ],
        [
          2,
          2,
          3,
          2
        ]
      ],
      "essay_scoreT_cont": [
        [
          3,
          2,
          0,
          3
        ],
        [
          3,
          2,
          0,
          2
        ],
        [
          3,
          2,
          0,
          2
        ]
      ],
      "essay_scoreT_exp": [
        [
          3,
          3,
          3
        ],
        [
          3,
          3,
          2
        ],
        [
          2,
          2,
          2
        ]
      ]
    }
  },
  "student": {
    "date": "2021.09.13",
    "student_educated": true,
    "student_grade": "고등_1학년",
    "location": "063",
    "student_grade_group": "고등",
    "student_reading": 1
  },
  "rubric": {
    "essay_grade": "고등_1학년",
    "organization_weight": {
      "org_paragraph": 2,
      "org": 2,
      "org_essay": 4,
      "org_coherence": 2,
      "org_quantity": 1
    },
    "essay_type": "설명글",
    "content_weight": {
      "con_clearance": 4,
      "con_novelty": 3,
      "con": 4,
      "con_prompt": 0,
      "con_description": 1
    },
    "essay_main_subject": "영화/독서감상문",
    "expression_weight": {
      "exp_style": 1,
      "exp_grammar": 2,
      "exp_vocab": 3,
      "exp": 4
    }
  },
  "correction": [],
  "info": {
    "essay_id": "ESSAY_34454",
    "essay_prompt": " 영화에는 로맨스, 액션, 스릴러 등 정말 많은 장르가 있습니다. 사람마다 좋아하는 장르가 있고 절대 보지 않는 장르도 있습니다.\r\n\r\n 독서도 마찬가지입니다. 소설, 수필, 시, 만화, 위인전 등 여러가지 장르가 있습니다.\r\n\r\n 여러분은 어떤 장르를 좋아하나요? 그리고 해당 장르에서 가장 재미있게 봤던 영화나 책은 무엇인가요?\r\n\r\n 자신이 봤던 영화 혹은 책을 한 편 선정하여 주제와 내용 그리고 느낀점을 감상문으로 작성해주세요.",
    "essay_type": "설명글",
    "essay_level": "3",
    "essay_len": 611,
    "essay_main_subject": "영화/독서감상문"
  }
}