{
  "paragraph": [
    {
      "paragraph_txt": "아프리카 콩고민주공화국에는 전 세계 콜탄의 80%가 매장되어 있다.#@문장구분# 산업이 발전함에 따라 싸구려 모래 취급을 받던 콜탄은 정련하면 금속 분발 형태인 탄탈이 산출되는데, 탄탈은 고온에 잘 견디는 성질이 있다.#@문장구분# 그래서 이재료는 mp3 플레이어, 노트북, 반도체 그리고 첨단 기기들에 없어서는 안되는 물질이 되었고 결국 콜탄은 금값이 되었다.#@문장구분# 콜탄이 각광받게 된 사실은 단지 자원의 가변성으로 이해하면 되는데, 문제는 콜탄의 채취를 위해 콩고 동부의 세계문회유산인 '카후지-비에가 국립공원'이 파괴되고 있다는 사실이다.#@문장구분# 이 국립 공원은 지구상에 남아 있는 고릴라의 마지막 서식지이다.#@문장구분# 하지만 콜탄으로 인해 사람들이 숲에 물리면서 숲의 면적이 아주 빠르게 줄고 있고 고릴라들도 무차별적인 밀렵에 희생당하고 있다.#@문장구분# 자원 개발은 인류 문명의 발전과 사람들의 편의를 위해 필연적이지만, 인간과 고릴라 모두 자연의 일부이면서 동시에 살아갈 권리를 가지고 있는 생명체이다.#@문장구분# 무분별한 자연 파괴와 광물 추출보다는 적절한 선의 개발이 이상적이지 않을까?#@문장구분# 고릴라 외에도 인간의 욕심에 위기를 겪고 있는 산 새, 고래 등 다른 동물들의 사정도 책에 제시되어 있는데, 인간의 욕심은 과연 어디까지 일까라는 궁금증이 든다.#@문장구분# 상투적인 말이지만 백문이 불여일견이라고 말로만 지구를 지키자고 할 것이 아니라 정말 사소한 것 하나라도 고릴라와 생태계, 그리고 큰 범주로는 지구와 결국 현후 세대의 인류를 지키기 위해 '실천'해 나가야 하는 때이다.#@문장구분# 인간의 삶은 생태계의 희생으로 이루어져 있나 보다.#@문장구분#",
      "paragraph_len": 984,
      "paragraph_id": "001"
    }
  ],
  "score": {
    "paragraph_score": [
      {
        "paragraph_scoreT": [
          1.8333334,
          2,
          2
        ],
        "paragraph_scoreT_detail": {
          "paragraph_scoreT_exp": [
            [
              2,
              2,
              1
            ],
            [
              2,
              2,
              2
            ],
            [
              2,
              2,
              2
            ]
          ]
        },
        "paragraph_scoreT_avg": 1.9444445,
        "paragraph_id": "001"
      }
    ],
    "essay_scoreT": [
      21.555555,
      20.444445,
      22
    ],
    "essay_scoreT_avg": 21.333334,
    "essay_scoreT_detail": {
      "essay_scoreT_org": [
        [
          2,
          2,
          2,
          3
        ],
        [
          2,
          2,
          3,
          2
        ],
        [
          2,
          2,
          2,
          2
        ]
      ],
      "essay_scoreT_cont": [
        [
          3,
          2,
          0,
          2
        ],
        [
          2,
          2,
          0,
          2
        ],
        [
          3,
          2,
          0,
          2
        ]
      ],
      "essay_scoreT_exp": [
        [
          2,
          2,
          1
        ],
        [
          2,
          2,
          2
        ],
        [
          2,
          2,
          2
        ]
      ]
    }
  },
  "student": {
    "date": "2021.09.09",
    "student_educated": true,
    "student_grade": "고등_1학년",
    "location": "051",
    "student_grade_group": "고등",
    "student_reading": 1
  },
  "rubric": {
    "essay_grade": "고등_1학년",
    "organization_weight": {
      "org_paragraph": 2,
      "org": 2,
      "org_essay": 4,
      "org_coherence": 2,
      "org_quantity": 1
    },
    "essay_type": "설명글",
    "content_weight": {
      "con_clearance": 4,
      "con_novelty": 3,
      "con": 4,
      "con_prompt": 0,
      "con_description": 1
    },
    "essay_main_subject": "영화/독서감상문",
    "expression_weight": {
      "exp_style": 1,
      "exp_grammar": 2,
      "exp_vocab": 3,
      "exp": 4
    }
  },
  "correction": [],
  "info": {
    "essay_id": "ESSAY_34708",
    "essay_prompt": " 영화에는 로맨스, 액션, 스릴러 등 정말 많은 장르가 있습니다. 사람마다 좋아하는 장르가 있고 절대 보지 않는 장르도 있습니다.\r\n\r\n 독서도 마찬가지입니다. 소설, 수필, 시, 만화, 위인전 등 여러가지 장르가 있습니다.\r\n\r\n 여러분은 어떤 장르를 좋아하나요? 그리고 해당 장르에서 가장 재미있게 봤던 영화나 책은 무엇인가요?\r\n\r\n 자신이 봤던 영화 혹은 책을 한 편 선정하여 주제와 내용 그리고 느낀점을 감상문으로 작성해주세요.",
    "essay_type": "설명글",
    "essay_level": "3",
    "essay_len": 764,
    "essay_main_subject": "영화/독서감상문"
  }
}