{
  "paragraph": [
    {
      "paragraph_txt": "평소처럼 서점에 가 책을 둘려보던 중 익숙한 이름인 마션이라는 책을 발견하였다.#@문장구분# 평소 영화도 좋아하여 일주일에 2편 정도 영화를 본다.#@문장구분# 그중에 옛날에 봤던 영화랑 같은 이름이 였다.#@문장구분# 그래서 같은 마션인지 확인 하였는데 같으 마션이여서 책으로도 있었다는 사실을 깨달았다.#@문장구분# 책을 구매하여서 읽었는데 영화에서 보았던 내용 보다. 더 많은 내용이 있었다.#@문장구분# 그래서 이미 영화로 보았지만 처음 보는 것처럼 재미있게 읽을 수있었다.#@문장구분# 특히 마션의 주인공인 마크 와트니는 화성에 고립 되었지만 매우 낙천적이여서 전혀 화성에 고립된 것처럼 보이지 않는다.#@문장구분# 입담도 매우 좋아 혼잣말을 하는 내용이 특히 재미있다.#@문장구분# 책을 읽고 낙천적으로 살면 어떤 상황에서든 불안해 하지않고 좌절하지 않을 수 있다는 것을 느꼈다.#@문장구분# 영화로 마션을 재미있게 보았다면 소설 마션도 꼭 한번 읽어보아도 재미있게 읽을 수 있으므로 이 책을 추천한다.#@문장구분#",
      "paragraph_len": 648,
      "paragraph_id": "001"
    }
  ],
  "score": {
    "paragraph_score": [
      {
        "paragraph_scoreT": [
          2.5,
          2,
          1.8333334
        ],
        "paragraph_scoreT_detail": {
          "paragraph_scoreT_exp": [
            [
              2,
              3,
              2
            ],
            [
              2,
              2,
              2
            ],
            [
              2,
              2,
              1
            ]
          ]
        },
        "paragraph_scoreT_avg": 2.1111112,
        "paragraph_id": "001"
      }
    ],
    "essay_scoreT": [
      22.222221,
      20,
      16.833334
    ],
    "essay_scoreT_avg": 19.685186,
    "essay_scoreT_detail": {
      "essay_scoreT_org": [
        [
          2,
          3,
          2,
          1
        ],
        [
          2,
          2,
          2,
          2
        ],
        [
          1,
          1,
          1,
          1
        ]
      ],
      "essay_scoreT_cont": [
        [
          2,
          2,
          0,
          2
        ],
        [
          2,
          2,
          0,
          2
        ],
        [
          2,
          2,
          0,
          1
        ]
      ],
      "essay_scoreT_exp": [
        [
          2,
          3,
          2
        ],
        [
          2,
          2,
          2
        ],
        [
          2,
          2,
          1
        ]
      ]
    }
  },
  "student": {
    "date": "2021.09.10",
    "student_educated": true,
    "student_grade": "고등_1학년",
    "location": "063",
    "student_grade_group": "고등",
    "student_reading": 1
  },
  "rubric": {
    "essay_grade": "고등_1학년",
    "organization_weight": {
      "org_paragraph": 2,
      "org": 2,
      "org_essay": 4,
      "org_coherence": 2,
      "org_quantity": 1
    },
    "essay_type": "설명글",
    "content_weight": {
      "con_clearance": 4,
      "con_novelty": 3,
      "con": 4,
      "con_prompt": 0,
      "con_description": 1
    },
    "essay_main_subject": "영화/독서감상문",
    "expression_weight": {
      "exp_style": 1,
      "exp_grammar": 2,
      "exp_vocab": 3,
      "exp": 4
    }
  },
  "correction": [],
  "info": {
    "essay_id": "ESSAY_34586",
    "essay_prompt": " 영화에는 로맨스, 액션, 스릴러 등 정말 많은 장르가 있습니다. 사람마다 좋아하는 장르가 있고 절대 보지 않는 장르도 있습니다.\r\n\r\n 독서도 마찬가지입니다. 소설, 수필, 시, 만화, 위인전 등 여러가지 장르가 있습니다.\r\n\r\n 여러분은 어떤 장르를 좋아하나요? 그리고 해당 장르에서 가장 재미있게 봤던 영화나 책은 무엇인가요?\r\n\r\n 자신이 봤던 영화 혹은 책을 한 편 선정하여 주제와 내용 그리고 느낀점을 감상문으로 작성해주세요.",
    "essay_type": "설명글",
    "essay_level": "3",
    "essay_len": 449,
    "essay_main_subject": "영화/독서감상문"
  }
}