{
  "paragraph": [
    {
      "paragraph_txt": "언젠가 읽고 싶었던 셰익스피어의 4대 비극을 문학시간에 읽을 시간이 생기게 되어 읽게 되었다.#@문장구분#\n4대 비극중 가장 유명한 햄리을 읽었는데 그 내용을 이러하다.#@문장구분#\n덴마크의 왕자였던 햄릿은 어느날 죽은 아버지의 영혼과 만나게 된다.#@문장구분# 아버지의 영혼을 자신이 자신의 형제에게 독살 당했다는 사실을 알려준다. #@문장구분#햄릿은 복수를 위해 왕국에서 미친척을 하고 지내게 된다. #@문장구분#햄릿은 현완의 본심을 떠보기 위해 왕국에 방문한 연극단에서 왕을 독살하는 내용의 연극을 시켰고 그 연극을 본 왕은 자리에서 일어서며 햄릿은 이를 확인하고 영환의 말이 사실임을 확신하게 된다.#@문장구분# 그 뒤 햄릿은 자신의 어머니를 추궁하다 플로니어스를 왕으로 착각하고 죽이게 되며 플로니어스의 딸이자 햄릿의 약혼녀인 오펠리아는 미치게 된다. #@문장구분#그리고 이 사건 때문에 햄릿은 영국으로 추방당한다. #@문장구분#햄릿이 떠난후 오펠리라의 오빠인 레이터즈가 복수를 위해 찾아오고 햄릿이 돌아왔을 때 그를 죽이려 짐에 독을 바르고 술에 독을 탈 계획을 왕과 함께 꾸민다.#@문장구분# 그러나 계획을 꾸미던 중 미친 오펠리아가 익사하고 햄릿은 해적의 도움으로 덴마크에 돌아온다.#@문장구분# 레이터즈가 여동생과 아버지의 복수를 하기위해 햄릿에게 결투를 신청했고 햄릿은 이예 응하게 된다. #@문장구분#햄릿과 레이터즈의 결투 당일날 계획대로 레이더즈의 칼에 독을 바르고 햄릿에게 줄 술잔에 독을 탄다.#@문장구분# 결투중 왕비가 햄릿에게 줄 술을 자신이 마시게 되고 레이터즈는 햄릿에게 상처를 낸다. #@문장구분#그러나 시합 도중 서로의 칼이 뒤바뀌게 되고 햄릿도 레이터즈에게 상처를 내게 된다.#@문장구분# 레이터즈는 죽어가는 중 왕과 자신의 계략을 알려주고 햄릿은 이에 분노하며 왕을 칼로 찔러 죽이고 자신또한 독 때문에 죽게되며 왕비또한 독약이 들어 죽게 된다.#@문장구분# 햄릿을 읽으며 복수한다고 다짐만하는 행동력이 없는 햄릿을 보며 답답하다고 느꼈다.#@문장구분#  얼마든지 죽일기회도 있었고, 기회를 만들려하지도 않았으며 계획을 세우지도 않았다.#@문장구분# 그런데 햄릿은 전혀 복수를 행동에 옮기지 않았다.#@문장구분# 이는 햄릿의 주제랑 관련된 것인데 햄릿이 쓰여질 시대는 엘리지베스 1세의 후계자 문제로 불안정하던 시기였고 행동력없는 햄릿은 재능은 있지만 행동력이 없는 후계자 후보들을 비판하는 것이 햄릿이 주제였기 때문이다. #@문장구분#햄릿을 읽으며 나는 더 행동력 있는 사람이 되어야겠다고 느꼈다.#@문장구분# 그리고 후반부 햄릿의 결투 장면에서 내용이 너무 급전개 된거 같은 느낌을 받았다.#@문장구분# 갑자기 오펠리아가 죽고 그녀의 오빠가 찾아왔으며 타이밍좋게 햄릿이 덴마크에 왔고 갑자기 왕비가 독이든 술을 마셨으며 레이터즈가 죽을 때 왕과 자신의 계략을 알려주는 장면들이 너무 급전개된 느낌을 받았다.#@문장구분# 그리고 햄릿을 읽으며 `죽느냐 사느냐 이것이 문제로다` 라는 문장이 기억에 남는다. #@문장구분#워낙에 유명한 구절이기도 하고 햄릿이 오펠리아를 만나 자신의 고뇌를 토로하는 장면에서 나온 구절인데 본문의 내용은 `TO be or not to be, that is guestion`이다.#@문장구분# 이구절이 기억에 남고 재미있는 또 다른 이유 중 하나는 해석이 꽤나 다양한 편이기 때문이다.#@문장구분# 가장 유명한 `죽느냐 사느냐` 로 해서 할 수도 있고 `있음이냐 없음이냐` 로 해석 할 수도 있다. #@문장구분#해외에서도 이구절은 다양한 뜻으로 해석이 되는 것으로 보아 이 구절만큼 햄릿이 고뇌를 잘 표현한 문장을 없는거 같아 가장 기억에 남는다. #@문장구분#문학시간에 햄릿을 읽으며 바쁘고 쉴틈없는 일상생활에서 벗어나 조용히 읽고 싶었던 책을 읽으며 마음이 차분해지고 이 한시간 만큼은 여유를 느꼈던거 같다.#@문장구분#",
      "paragraph_len": 2263,
      "paragraph_id": "001"
    }
  ],
  "score": {
    "paragraph_score": [
      {
        "paragraph_scoreT": [
          3,
          2.8333333,
          2.5
        ],
        "paragraph_scoreT_detail": {
          "paragraph_scoreT_exp": [
            [
              3,
              3,
              3
            ],
            [
              3,
              3,
              2
            ],
            [
              3,
              2,
              3
            ]
          ]
        },
        "paragraph_scoreT_avg": 2.7777777,
        "paragraph_id": "001"
      }
    ],
    "essay_scoreT": [
      30,
      27.833332,
      26.5
    ],
    "essay_scoreT_avg": 28.111109,
    "essay_scoreT_detail": {
      "essay_scoreT_org": [
        [
          3,
          3,
          3,
          3
        ],
        [
          3,
          3,
          3,
          3
        ],
        [
          3,
          3,
          3,
          3
        ]
      ],
      "essay_scoreT_cont": [
        [
          3,
          3,
          0,
          3
        ],
        [
          3,
          2,
          0,
          3
        ],
        [
          3,
          2,
          0,
          3
        ]
      ],
      "essay_scoreT_exp": [
        [
          3,
          3,
          3
        ],
        [
          3,
          3,
          2
        ],
        [
          3,
          2,
          3
        ]
      ]
    }
  },
  "student": {
    "date": "2021.09.07",
    "student_educated": true,
    "student_grade": "고등_1학년",
    "location": "051",
    "student_grade_group": "고등",
    "student_reading": 3
  },
  "rubric": {
    "essay_grade": "고등_1학년",
    "organization_weight": {
      "org_paragraph": 2,
      "org": 2,
      "org_essay": 4,
      "org_coherence": 2,
      "org_quantity": 1
    },
    "essay_type": "설명글",
    "content_weight": {
      "con_clearance": 4,
      "con_novelty": 3,
      "con": 4,
      "con_prompt": 0,
      "con_description": 1
    },
    "essay_main_subject": "영화/독서감상문",
    "expression_weight": {
      "exp_style": 1,
      "exp_grammar": 2,
      "exp_vocab": 3,
      "exp": 4
    }
  },
  "correction": [],
  "info": {
    "essay_id": "ESSAY_34122",
    "essay_prompt": " 영화에는 로맨스, 액션, 스릴러 등 정말 많은 장르가 있습니다. 사람마다 좋아하는 장르가 있고 절대 보지 않는 장르도 있습니다.\r\n\r\n 독서도 마찬가지입니다. 소설, 수필, 시, 만화, 위인전 등 여러가지 장르가 있습니다.\r\n\r\n 여러분은 어떤 장르를 좋아하나요? 그리고 해당 장르에서 가장 재미있게 봤던 영화나 책은 무엇인가요?\r\n\r\n 자신이 봤던 영화 혹은 책을 한 편 선정하여 주제와 내용 그리고 느낀점을 감상문으로 작성해주세요.",
    "essay_type": "설명글",
    "essay_level": "3",
    "essay_len": 1705,
    "essay_main_subject": "영화/독서감상문"
  }
}