{
  "paragraph": [
    {
      "paragraph_txt": "우리 주변의 로봇과 시대에 따른 로봇의 변화를 나타낸 책이다.#@문장구분# 평소에 로봇에 대해 관심은 많고 그래서 미래에 직업도 로봇쪽으로 가려고 했다.#@문장구분# 하지만 생각해보니 내가 아는 로봇들이 그렇게 많지 않다는 것을 알고 이 책을 읽어보게 되었다.#@문장구분# 기계랑 로봇은 다르다#@문장구분# 맨 처음에 나는 두가지가 같다고 생각했는데 말이다.#@문장구분# 기계가 로봇이라고 불릴려면 그것들은 컴퓨터, 드라이브, 움직임, 센서 이 4가지를 가지고 있어야 비로소 로봇이라고 불리는 것이다.#@문장구분# 이러한 로봇들은 과거에 공장에서 처음 사용되었다.#@문장구분# Shakey과 Flakey라는 초기의 두로봇은 물건을 위치시키고 움직이게 할 수 있거나 명령에 대답을 할 수 있었다.#@문장구분# 나도 어릴 때는 로봇이라고 하면, 사람처럼 생겨서 사람과 비슷한 행동을 할 줄아는 것만이 로봇이라고 생각했다.#@문장구분# 하지만 현재의 로봇처럼 다리가 8개 달린 로봇도 있고 물고기처럼 생긴 로봇도 있어 여러분야에 사용된다.#@문장구분# 이러한 로봇들은 대부분 공장이나 산업용으로 사용된다.#@문장구분# 우리가 흔히 로봇이라고 하면 흔히 상상할 수 있는 하늘을 나는 로봇이라든지 어릴 때 한 번 쯤은 생각해본 로봇이 실제로 나온다면 어린 시절의 동심을 찾을 수도 있을 것 같다.#@문장구분#",
      "paragraph_len": 827,
      "paragraph_id": "001"
    }
  ],
  "score": {
    "paragraph_score": [
      {
        "paragraph_scoreT": [
          2,
          2.5,
          1.8333334
        ],
        "paragraph_scoreT_detail": {
          "paragraph_scoreT_exp": [
            [
              2,
              2,
              2
            ],
            [
              2,
              3,
              2
            ],
            [
              2,
              2,
              1
            ]
          ]
        },
        "paragraph_scoreT_avg": 2.1111112,
        "paragraph_id": "001"
      }
    ],
    "essay_scoreT": [
      19.333332,
      22,
      16.444445
    ],
    "essay_scoreT_avg": 19.25926,
    "essay_scoreT_detail": {
      "essay_scoreT_org": [
        [
          2,
          1,
          1,
          3
        ],
        [
          2,
          2,
          2,
          2
        ],
        [
          1,
          2,
          2,
          2
        ]
      ],
      "essay_scoreT_cont": [
        [
          2,
          2,
          0,
          2
        ],
        [
          2,
          2,
          0,
          2
        ],
        [
          2,
          1,
          0,
          1
        ]
      ],
      "essay_scoreT_exp": [
        [
          2,
          2,
          2
        ],
        [
          2,
          3,
          2
        ],
        [
          2,
          2,
          1
        ]
      ]
    }
  },
  "student": {
    "date": "2021.09.10",
    "student_educated": true,
    "student_grade": "고등_1학년",
    "location": "063",
    "student_grade_group": "고등",
    "student_reading": 2
  },
  "rubric": {
    "essay_grade": "고등_1학년",
    "organization_weight": {
      "org_paragraph": 2,
      "org": 2,
      "org_essay": 4,
      "org_coherence": 2,
      "org_quantity": 1
    },
    "essay_type": "설명글",
    "content_weight": {
      "con_clearance": 4,
      "con_novelty": 3,
      "con": 4,
      "con_prompt": 0,
      "con_description": 1
    },
    "essay_main_subject": "영화/독서감상문",
    "expression_weight": {
      "exp_style": 1,
      "exp_grammar": 2,
      "exp_vocab": 3,
      "exp": 4
    }
  },
  "correction": [],
  "info": {
    "essay_id": "ESSAY_34675",
    "essay_prompt": " 영화에는 로맨스, 액션, 스릴러 등 정말 많은 장르가 있습니다. 사람마다 좋아하는 장르가 있고 절대 보지 않는 장르도 있습니다.\r\n\r\n 독서도 마찬가지입니다. 소설, 수필, 시, 만화, 위인전 등 여러가지 장르가 있습니다.\r\n\r\n 여러분은 어떤 장르를 좋아하나요? 그리고 해당 장르에서 가장 재미있게 봤던 영화나 책은 무엇인가요?\r\n\r\n 자신이 봤던 영화 혹은 책을 한 편 선정하여 주제와 내용 그리고 느낀점을 감상문으로 작성해주세요.",
    "essay_type": "설명글",
    "essay_level": "3",
    "essay_len": 588,
    "essay_main_subject": "영화/독서감상문"
  }
}