{
  "paragraph": [
    {
      "paragraph_txt": "아라비안 나이트 I (리차드 버턴) #신화#전례동화#왕#사랑.#@문장구분# \n옛날 인도와 중국의 섬들에 사산 왕조의 대왕이 많은 군사와 노비들을 거느리며 살고 있었다.#@문장구분# 그에게는 왕자둘이 있었고, 그 중 형은 동생보다 용맹한 어른이고, 동생은 아직 젊은이 였다.#@문장구분# 그리고 아버지(왕) 이 떠나고 형이 왕위를 계승하고 동생은 다른곳으로 가서 왕이 되었다.#@문장구분# 그리고 시간이 흘러 두 형제는 나이를 먹고 서로를 다시 보고싶어한다.#@문장구분# 그리하여 아우가 형에게로 가게 되는데 동생이 자기형에게 줄 선물을 집에 두고와 다시 가지러 갔는데 자신의 아내가 흑인 요리사를 안은 것을 보고 그 자리에서 둘을 죽인다.#@문장구분# 그리고 형에게로 가는 여행에 오르지만 날이 갈수록 몸이 쇄약해졌다.#@문장구분# 그렇게 형이 사는 섬에 도착했으나 그 일로 몸이 허약해진 아우는 방에 틀어 박힌다.#@문장구분# 그런데 그 방에서 창문을 보다 형님의 아내가 흑인 노예랑 불륜을 목격하고 자신의 일은 별 것이 아니라 생각하며 몸이 좋아지지만 그 일을 형에게 말하고 형은 노하며 아우와 성을 나간다.#@문장구분# 그러다 어느 바닷가에서 쉬다가 바다에서 나온 마신을 보고 숨는데  그 마인의 상자에서 나온 여자가 그 둘을 유혹하고 그 여자를 안은 형제는 무언가를 깨닫고 다시 돌아가서 처녀들을 안고 다음날 죽이는 짓을 반복한다.#@문장구분# 더 이상 마을의 처녀가 자신의 신하의 팔만 남고 그 딸이 왕에게 가겠다며 신하에게 말하고 어떻게든 설득시켜 왕가 자게된다.#@문장구분# 하지만 딸은 자신의 여동생에게 도와달라해서 왕이 자신을 죽이지 못하도록 만든다.#@문장구분# 이 내용을 보고 나는 자신의 아내가 저러한 일을 하면 어쩌지라고 생각했다.#@문장구분# 그리고 신하의 팔을 보고는 아무리 위험하더라도 지식을 잘 이용하면 힘든 상황이라도 극복 할 수 있다고 생각하게 되었다.#@문장구분#",
      "paragraph_len": 1133,
      "paragraph_id": "001"
    }
  ],
  "score": {
    "paragraph_score": [
      {
        "paragraph_scoreT": [
          3,
          2.3333333,
          2.5
        ],
        "paragraph_scoreT_detail": {
          "paragraph_scoreT_exp": [
            [
              3,
              3,
              3
            ],
            [
              3,
              2,
              2
            ],
            [
              2,
              3,
              2
            ]
          ]
        },
        "paragraph_scoreT_avg": 2.611111,
        "paragraph_id": "001"
      }
    ],
    "essay_scoreT": [
      30,
      24.944445,
      24.444445
    ],
    "essay_scoreT_avg": 26.462961,
    "essay_scoreT_detail": {
      "essay_scoreT_org": [
        [
          3,
          3,
          3,
          3
        ],
        [
          2,
          3,
          3,
          3
        ],
        [
          2,
          2,
          3,
          2
        ]
      ],
      "essay_scoreT_cont": [
        [
          3,
          3,
          0,
          3
        ],
        [
          3,
          2,
          0,
          3
        ],
        [
          3,
          2,
          0,
          2
        ]
      ],
      "essay_scoreT_exp": [
        [
          3,
          3,
          3
        ],
        [
          3,
          2,
          2
        ],
        [
          2,
          3,
          2
        ]
      ]
    }
  },
  "student": {
    "date": "2021.09.07",
    "student_educated": true,
    "student_grade": "고등_1학년",
    "location": "051",
    "student_grade_group": "고등",
    "student_reading": 2
  },
  "rubric": {
    "essay_grade": "고등_1학년",
    "organization_weight": {
      "org_paragraph": 2,
      "org": 2,
      "org_essay": 4,
      "org_coherence": 2,
      "org_quantity": 1
    },
    "essay_type": "설명글",
    "content_weight": {
      "con_clearance": 4,
      "con_novelty": 3,
      "con": 4,
      "con_prompt": 0,
      "con_description": 1
    },
    "essay_main_subject": "영화/독서감상문",
    "expression_weight": {
      "exp_style": 1,
      "exp_grammar": 2,
      "exp_vocab": 3,
      "exp": 4
    }
  },
  "correction": [],
  "info": {
    "essay_id": "ESSAY_34189",
    "essay_prompt": " 영화에는 로맨스, 액션, 스릴러 등 정말 많은 장르가 있습니다. 사람마다 좋아하는 장르가 있고 절대 보지 않는 장르도 있습니다.\r\n\r\n 독서도 마찬가지입니다. 소설, 수필, 시, 만화, 위인전 등 여러가지 장르가 있습니다.\r\n\r\n 여러분은 어떤 장르를 좋아하나요? 그리고 해당 장르에서 가장 재미있게 봤던 영화나 책은 무엇인가요?\r\n\r\n 자신이 봤던 영화 혹은 책을 한 편 선정하여 주제와 내용 그리고 느낀점을 감상문으로 작성해주세요.",
    "essay_type": "설명글",
    "essay_level": "3",
    "essay_len": 854,
    "essay_main_subject": "영화/독서감상문"
  }
}