{
  "paragraph": [
    {
      "paragraph_txt": "봄에는 공기가 따뜻해지고 꽃이 피고 풀이 녹색으로 돌아온다.#@문장구분# 여름에는 더워지고, 식물이 자란다.#@문장구분# 가을에는 공기가 추워지고 낙엽이 떨어진다.#@문장구분# 겨울에는 더 추워지고 눈이 내린다.#@문장구분# 이렇듯, 각 계절마다 날씨는 바뀌게 된다.#@문장구분# 그 외에도 다양한 날씨들이 있는데 비내리고 건조한 시기, 폭풍시기, 북(남)극의 낮밤 등을 알아볼수 있다.#@문장구분#  책속에서 특히 기억에 남았던 것은 북(남)극의 낮시기였다.#@문장구분# 북(남)극에는 많은 주 동안 해가 뜨지 않는데, 이 연중시각을 극의 낮이라고 부른다.#@문장구분# 이 시기동안, 자정마다 노란 햇빛을 볼 수 있다.#@문장구분# 책속의 그림을 보고 자정에 저 정도의 햇빛이 비춰진다는게 아름다웠다.#@문장구분# 한 번 쯤은 저런 광경을 직접 보는 것도 좋은 경험이 될 것 같았다.#@문장구분# 위 종류처럼, 세계 곳곳에는 많고 다른 종류의 날씨가 존재한다.#@문장구분#",
      "paragraph_len": 645,
      "paragraph_id": "001"
    }
  ],
  "score": {
    "paragraph_score": [
      {
        "paragraph_scoreT": [
          1.8333334,
          1.8333334,
          1
        ],
        "paragraph_scoreT_detail": {
          "paragraph_scoreT_exp": [
            [
              2,
              2,
              1
            ],
            [
              2,
              2,
              1
            ],
            [
              1,
              1,
              1
            ]
          ]
        },
        "paragraph_scoreT_avg": 1.5555557,
        "paragraph_id": "001"
      }
    ],
    "essay_scoreT": [
      15.777778,
      17.11111,
      12
    ],
    "essay_scoreT_avg": 14.962963,
    "essay_scoreT_detail": {
      "essay_scoreT_org": [
        [
          1,
          1,
          2,
          1
        ],
        [
          2,
          2,
          2,
          1
        ],
        [
          1,
          1,
          1,
          1
        ]
      ],
      "essay_scoreT_cont": [
        [
          2,
          1,
          0,
          1
        ],
        [
          2,
          1,
          0,
          1
        ],
        [
          2,
          1,
          0,
          1
        ]
      ],
      "essay_scoreT_exp": [
        [
          2,
          2,
          1
        ],
        [
          2,
          2,
          1
        ],
        [
          1,
          1,
          1
        ]
      ]
    }
  },
  "student": {
    "date": "2021.09.10",
    "student_educated": true,
    "student_grade": "고등_1학년",
    "location": "063",
    "student_grade_group": "고등",
    "student_reading": 2
  },
  "rubric": {
    "essay_grade": "고등_1학년",
    "organization_weight": {
      "org_paragraph": 2,
      "org": 2,
      "org_essay": 4,
      "org_coherence": 2,
      "org_quantity": 1
    },
    "essay_type": "설명글",
    "content_weight": {
      "con_clearance": 4,
      "con_novelty": 3,
      "con": 4,
      "con_prompt": 0,
      "con_description": 1
    },
    "essay_main_subject": "영화/독서감상문",
    "expression_weight": {
      "exp_style": 1,
      "exp_grammar": 2,
      "exp_vocab": 3,
      "exp": 4
    }
  },
  "correction": [],
  "info": {
    "essay_id": "ESSAY_34734",
    "essay_prompt": " 영화에는 로맨스, 액션, 스릴러 등 정말 많은 장르가 있습니다. 사람마다 좋아하는 장르가 있고 절대 보지 않는 장르도 있습니다.\r\n\r\n 독서도 마찬가지입니다. 소설, 수필, 시, 만화, 위인전 등 여러가지 장르가 있습니다.\r\n\r\n 여러분은 어떤 장르를 좋아하나요? 그리고 해당 장르에서 가장 재미있게 봤던 영화나 책은 무엇인가요?\r\n\r\n 자신이 봤던 영화 혹은 책을 한 편 선정하여 주제와 내용 그리고 느낀점을 감상문으로 작성해주세요.",
    "essay_type": "설명글",
    "essay_level": "3",
    "essay_len": 406,
    "essay_main_subject": "영화/독서감상문"
  }
}