{
  "paragraph": [
    {
      "paragraph_txt": "나미야 잡화점에서 일어나는 신비한 이야기를 중심으로 전개된다.#@문장구분# 과거와 현재를 이어주는 편지를 발견한 세명의 도둑이 우체통에 들어있는 사람들의 고민을 읽고 답장을 해주면서 일어나는 이야기 이다.#@문장구분# 이 책은 5개의 챕터로 이루어져 있는데 그중 나에게 가장 기억에 남는 것은 2자 '한밤중에 하모니카'를 이라는 장이다.#@문장구분# 이 장은 가쓰로라는 청년이 아버지의 가게를 잇지 않고 자신의 꾸민 가수를 이루기 위해 노력하는 이야기이다.#@문장구분# 이 장에서 충격이였던 것은 가쓰로가 화재로 죽는다는 것이였다.#@문장구분# 결국 꿈을 이루어 내고 잘 살줄 알았는데 예상을 빚나가서 기억에 남는다#@문장구분# 하지만 가쓰로는 화재로 죽는 순간 까지도 자신을 삶은 후회하지 않았기 때문에 나도 하고자 하는 일을 할 때 후회하지 않게 최선을 다해야 겠다는 생각이 들었다.#@문장구분# 그래서 기억에 남는 말도 \"쓸데 없는 생각말고 한번더 목숨 걸고 해봐.#@문장구분# 그 결과 싸움에 패한다면 그건 그것대로 괜찮아.#@문장구분# 어떻게든 너만의 발자취를 남기고와\"라는 말이다.#@문장구분#",
      "paragraph_len": 692,
      "paragraph_id": "001"
    }
  ],
  "score": {
    "paragraph_score": [
      {
        "paragraph_scoreT": [
          1.8333334,
          1.8333334,
          1.8333334
        ],
        "paragraph_scoreT_detail": {
          "paragraph_scoreT_exp": [
            [
              2,
              2,
              1
            ],
            [
              2,
              2,
              1
            ],
            [
              2,
              2,
              1
            ]
          ]
        },
        "paragraph_scoreT_avg": 1.8333334,
        "paragraph_id": "001"
      }
    ],
    "essay_scoreT": [
      14.444445,
      17.333334,
      16
    ],
    "essay_scoreT_avg": 15.925926,
    "essay_scoreT_detail": {
      "essay_scoreT_org": [
        [
          2,
          1,
          1,
          2
        ],
        [
          2,
          2,
          2,
          2
        ],
        [
          1,
          1,
          2,
          2
        ]
      ],
      "essay_scoreT_cont": [
        [
          1,
          1,
          0,
          1
        ],
        [
          2,
          1,
          0,
          1
        ],
        [
          2,
          1,
          0,
          1
        ]
      ],
      "essay_scoreT_exp": [
        [
          2,
          2,
          1
        ],
        [
          2,
          2,
          1
        ],
        [
          2,
          2,
          1
        ]
      ]
    }
  },
  "student": {
    "date": "2021.09.10",
    "student_educated": true,
    "student_grade": "고등_1학년",
    "location": "063",
    "student_grade_group": "고등",
    "student_reading": 1
  },
  "rubric": {
    "essay_grade": "고등_1학년",
    "organization_weight": {
      "org_paragraph": 2,
      "org": 2,
      "org_essay": 4,
      "org_coherence": 2,
      "org_quantity": 1
    },
    "essay_type": "설명글",
    "content_weight": {
      "con_clearance": 4,
      "con_novelty": 3,
      "con": 4,
      "con_prompt": 0,
      "con_description": 1
    },
    "essay_main_subject": "영화/독서감상문",
    "expression_weight": {
      "exp_style": 1,
      "exp_grammar": 2,
      "exp_vocab": 3,
      "exp": 4
    }
  },
  "correction": [],
  "info": {
    "essay_id": "ESSAY_34686",
    "essay_prompt": " 영화에는 로맨스, 액션, 스릴러 등 정말 많은 장르가 있습니다. 사람마다 좋아하는 장르가 있고 절대 보지 않는 장르도 있습니다.\r\n\r\n 독서도 마찬가지입니다. 소설, 수필, 시, 만화, 위인전 등 여러가지 장르가 있습니다.\r\n\r\n 여러분은 어떤 장르를 좋아하나요? 그리고 해당 장르에서 가장 재미있게 봤던 영화나 책은 무엇인가요?\r\n\r\n 자신이 봤던 영화 혹은 책을 한 편 선정하여 주제와 내용 그리고 느낀점을 감상문으로 작성해주세요.",
    "essay_type": "설명글",
    "essay_level": "3",
    "essay_len": 492,
    "essay_main_subject": "영화/독서감상문"
  }
}