{
  "paragraph": [
    {
      "paragraph_txt": "조선의 르네상스라고 불리우는 영조~정조 시대를 살았던 조선 최고의 천재들인 다산과 연암, 비슷한 시기에 활동 했음에도 놀랍게도 그들은 만난적이 없으며 서로에 대한 언급또한 거의 전무하다.#@문장구분# 저자도 말했다시피 그 두명의 성향이 너무나 이질적이기도 하고 나이차도 어느정도 있어서 그랬지 않았나 싶다.#@문장구분# 예를들어 초상화부터 그 두 명은 상이한데 다산은 마르고 날카로운 인상인 반면 연암은 풍채가 크고 얼굴도 동글하다.#@문장구분# 이런 것들 외에도 그들이 남긴 책으로도 차이점을 알 수 있다.#@문장구분# 목민심서는 수령의 윤리를 강조하는 일종의 논문이고 공식적이고 딱딱한 벽돌 같은 느낌이었다면 열하일기는 이름그대로 청나라 황제한테 갔다가 오는 과정에서 겪은 일을 유쾌하고 자유롭게 서술한 책 일기이다. #@문장구분#이를 통해 왜 그들이 만나지 않았는지 유추해볼 수 있다.#@문장구분# 바로 두 거장의 성향이 너무 이질적이라서 만나지 않았을 것이라고 추측해볼 수 있다.#@문장구분# 이 책을 읽으면서 흥미로웠던 점은 평소에 다산은 다산대로만 생각해보고 연암은 연암대로만 생각해서 두 인물이 같은 시기에 활동했다는 점 조차 망각했었다는 것을 일께어 주었다는 점이다.#@문장구분# 이 시기에 이런 천재적인 두 인물이 존재했다는것은 그만큼 영조~정조 시기에 조선이 매우 잘 운영됬다는 것을 반증한다고 생각한다.#@문장구분# 천재야 어느 시기든 있지만 그것을 활용할 수 있는 시기는 많지 않다고 생각하기 때문이다.#@문장구분# 요즘 우리나라가 많이 혼란스럽다고 할지라도 이러한 다산이나 연암같이 도전적이고 도덕적인 인재들을 잘 발굴 해낼 수 있는 시스템이 잘 갖춰지면 우리나라가 더 부강할 수 있을것이라고 생각한다.#@문장구분# 넥스트 다산과 연암을 기대하며 이만 글을 줄이겠다.#@문장구분#",
      "paragraph_len": 1053,
      "paragraph_id": "001"
    }
  ],
  "score": {
    "paragraph_score": [
      {
        "paragraph_scoreT": [
          3,
          2.6666667,
          2.5
        ],
        "paragraph_scoreT_detail": {
          "paragraph_scoreT_exp": [
            [
              3,
              3,
              3
            ],
            [
              2,
              3,
              3
            ],
            [
              2,
              3,
              2
            ]
          ]
        },
        "paragraph_scoreT_avg": 2.7222223,
        "paragraph_id": "001"
      }
    ],
    "essay_scoreT": [
      30,
      26.944445,
      26.277779
    ],
    "essay_scoreT_avg": 27.74074,
    "essay_scoreT_detail": {
      "essay_scoreT_org": [
        [
          3,
          3,
          3,
          3
        ],
        [
          3,
          3,
          3,
          2
        ],
        [
          3,
          3,
          3,
          2
        ]
      ],
      "essay_scoreT_cont": [
        [
          3,
          3,
          0,
          3
        ],
        [
          3,
          2,
          0,
          3
        ],
        [
          3,
          2,
          0,
          3
        ]
      ],
      "essay_scoreT_exp": [
        [
          3,
          3,
          3
        ],
        [
          2,
          3,
          3
        ],
        [
          2,
          3,
          2
        ]
      ]
    }
  },
  "student": {
    "date": "2021.09.07",
    "student_educated": true,
    "student_grade": "고등_1학년",
    "location": "051",
    "student_grade_group": "고등",
    "student_reading": 1
  },
  "rubric": {
    "essay_grade": "고등_1학년",
    "organization_weight": {
      "org_paragraph": 2,
      "org": 2,
      "org_essay": 4,
      "org_coherence": 2,
      "org_quantity": 1
    },
    "essay_type": "설명글",
    "content_weight": {
      "con_clearance": 4,
      "con_novelty": 3,
      "con": 4,
      "con_prompt": 0,
      "con_description": 1
    },
    "essay_main_subject": "영화/독서감상문",
    "expression_weight": {
      "exp_style": 1,
      "exp_grammar": 2,
      "exp_vocab": 3,
      "exp": 4
    }
  },
  "correction": [],
  "info": {
    "essay_id": "ESSAY_34107",
    "essay_prompt": " 영화에는 로맨스, 액션, 스릴러 등 정말 많은 장르가 있습니다. 사람마다 좋아하는 장르가 있고 절대 보지 않는 장르도 있습니다.\r\n\r\n 독서도 마찬가지입니다. 소설, 수필, 시, 만화, 위인전 등 여러가지 장르가 있습니다.\r\n\r\n 여러분은 어떤 장르를 좋아하나요? 그리고 해당 장르에서 가장 재미있게 봤던 영화나 책은 무엇인가요?\r\n\r\n 자신이 봤던 영화 혹은 책을 한 편 선정하여 주제와 내용 그리고 느낀점을 감상문으로 작성해주세요.",
    "essay_type": "설명글",
    "essay_level": "3",
    "essay_len": 815,
    "essay_main_subject": "영화/독서감상문"
  }
}