{
  "paragraph": [
    {
      "paragraph_txt": "수학에는 수많은 정리가 존재한다.#@문장구분# 그 정리는 고대부터 지금까지 내려온 위대한 수학자의 산물, 정수 그 자체다.#@문장구분# 그 정리는 어떻게 태어났을까?#@문장구분# 물론 수학자들의 엄밀한 증명을 통해 정립된 것이다.#@문장구분# 그 증명은?#@문장구분# 증명의 시작은 무엇일까?#@문장구분# 갑자기 어떤 아이디어가 순간 떠올라서 시도해본 것일까?#@문장구분# 아니면 과거부터 내려온 어떠한 시도들이 수학자들에게 이어진 것일까?#@문장구분# 이 책은 그에 대한 답을 제시함과동시에 그 답에서 도출된 수많은 수학적 아이디어를 제시하고 있다.#@문장구분# '모든 위대한 증명은 질문에서 시작되었다'라는 모토를 가지고 쓰여진 이 책은 수학사에서 한 획을 그었다고 할 수 있는 위대한 질문들 19가지를 제시하고 그 질문으로 발전하게 된 많은 수학적 오브젝트를 설명한다.#@문장구분# ",
      "paragraph_len": 571,
      "paragraph_id": "001"
    },
    {
      "paragraph_txt": "수학에서 제기된 중요한 질문들은 그 내용이 각양각색이다.#@문장구분# 개중에는 현대과학기술의 혁명적인 변화에서 기인한 것도 있고, 물리학의 천문학적 발전을 이끈 것, 고대에 제기된 이후 지금까지 남아 있는 것도 있다.#@문장구분# 이들 중 일부는 명확한 답이 알려졌지만, 어떤 것들은 수세기가 넘도록 해결되지 않고 있다.#@문장구분# 이름하여 난제라는 것들이다.#@문장구분# 특히 철학과 관련된 질문들은 도무지 해결될 기미가 보이지 않는다.#@문장구분# 그러나 질문 자체만 놓고 본다면 정말 아름답다.#@문장구분# 이것이 바로 수학이 진행되는 방식이다.#@문장구분# 한가지 이상한 것은 수학이 매우 느리게 발전한다는 점이다.#@문장구분# 학교에서 내주는 소소한 문제들을 빠르게 푸는 학생들은 잠시 동안 성적을 잘 받을 수 있겠지만, 넓은 시야로 볼때 빠른 계산 능력은 수학의 발전에 아무런 도움이 되지 않는다.#@문장구분# 물론 수학은 지금도 발전하고 있다.#@문장구분# 그러나 그 양상은 느리면서도 결코 저항할 수 없는 용암의 흐름과 비슷하다.#@문장구분# 뛰어난 천재의 번뜩이는 영감으로 한순간에 도약하는 학문이 아니라는 소리다.#@문장구분# 그리고 수학은 여타 과학 분야와 확실하게 구별되는 특성을 가지고 있다.#@문장구분# 과학 이론은 아무리 오래되었다 해도 일단 틀린 것으로 판단 되면 가차 없이 버려진다.#@문장구분# 산소가 발견되기 전에 물질을 태우는 주성분으로 생각했던 가상의 원소 플로지스톤이 그랬고, 빛의 진행을 매개한다는 에테르도 20세기 초 상대성 이론의 출현과 함께 폐기되었다.#@문장구분# 하지만 수학에서는 전혀 다르다.#@문장구분# 수학에서 한번 참으로 증명된 정리는 절대로 번복되지 않으며, 따라서 모든 정리는 영원히 참으로 남는다.#@문장구분# 예를 들자면 피타고라스의 정리는 고대서부터 지금까지도 여전히 진리로 남아 있으며, 앞으로 세월이 아무리 흘러도 절대로 반증되지 않을 것이다.#@문장구분# 그렇다고 해서 시간이 수학 이론과 정리에 아무런 영향도 미치지 않는다는 뜻은 아니다.#@문장구분# 고대의 수학 이론은 오랜 세월을 거치면서 많은 부분이 개선되거나 용도에 맞게 수정되었다.#@문장구분# 수학은 항상 일반화를 향해 나아가는 특성이 있기 때문에 수학 이론과 정리는 아무리 긴 세월이 흘러도 버려지지 않고 더 포괄적인 일반화를 위한 참고 자료로 쓰인다.#@문장구분# ",
      "paragraph_len": 1451,
      "paragraph_id": "002"
    },
    {
      "paragraph_txt": "이 책에서 다루는 수학의 중요한 질문들은 아주 난해하고 복잡한 수학이 아니라 알아야 하는 기초적 주제이다.#@문장구분# 이를 통해 수학이 어디서 왔고 어떤 경로를 거쳐 어느곳으로 나아가게 될 것 인지, 대략적인 감을 잡을 수 있다.#@문장구분# 또한 이 책은 문제의 답을 제시함과 동시에수학자들을 자극하는 흥미로운 문제도 제기하고, 우리가 살고 있는 현실 세계에 수학이 어떻게 적용되는지 다양한 사례를 통해 알아본다.#@문장구분# 이 책을 다 읽고 나서 수학이 지루한 학문이 아닌 고고한 역사를 가지고 지금까지 이어진 살아 숨 쉬는 흥미진진한 영역임을 느낄 수 있었다.#@문장구분#",
      "paragraph_len": 377,
      "paragraph_id": "003"
    }
  ],
  "score": {
    "paragraph_score": [
      {
        "paragraph_scoreT": [
          3,
          2.3333333,
          2
        ],
        "paragraph_scoreT_detail": {
          "paragraph_scoreT_exp": [
            [
              3,
              3,
              3
            ],
            [
              3,
              2,
              2
            ],
            [
              2,
              2,
              2
            ]
          ]
        },
        "paragraph_scoreT_avg": 2.4444444,
        "paragraph_id": "001"
      },
      {
        "paragraph_scoreT": [
          3,
          2.3333333,
          2
        ],
        "paragraph_scoreT_detail": {
          "paragraph_scoreT_exp": [
            [
              3,
              3,
              3
            ],
            [
              3,
              2,
              2
            ],
            [
              2,
              2,
              2
            ]
          ]
        },
        "paragraph_scoreT_avg": 2.4444444,
        "paragraph_id": "002"
      },
      {
        "paragraph_scoreT": [
          3,
          2.3333333,
          2
        ],
        "paragraph_scoreT_detail": {
          "paragraph_scoreT_exp": [
            [
              3,
              3,
              3
            ],
            [
              3,
              2,
              2
            ],
            [
              2,
              2,
              2
            ]
          ]
        },
        "paragraph_scoreT_avg": 2.4444444,
        "paragraph_id": "003"
      }
    ],
    "essay_scoreT": [
      30,
      24.944445,
      23.166666
    ],
    "essay_scoreT_avg": 26.037035,
    "essay_scoreT_detail": {
      "essay_scoreT_org": [
        [
          3,
          3,
          3,
          3
        ],
        [
          2,
          3,
          3,
          3
        ],
        [
          2,
          2,
          3,
          3
        ]
      ],
      "essay_scoreT_cont": [
        [
          3,
          3,
          0,
          3
        ],
        [
          3,
          2,
          0,
          3
        ],
        [
          3,
          2,
          0,
          3
        ]
      ],
      "essay_scoreT_exp": [
        [
          3,
          3,
          3
        ],
        [
          3,
          2,
          2
        ],
        [
          2,
          2,
          2
        ]
      ]
    }
  },
  "student": {
    "date": "2021.09.13",
    "student_educated": true,
    "student_grade": "고등_1학년",
    "location": "063",
    "student_grade_group": "고등",
    "student_reading": 1
  },
  "rubric": {
    "essay_grade": "고등_1학년",
    "organization_weight": {
      "org_paragraph": 2,
      "org": 2,
      "org_essay": 4,
      "org_coherence": 2,
      "org_quantity": 1
    },
    "essay_type": "설명글",
    "content_weight": {
      "con_clearance": 4,
      "con_novelty": 3,
      "con": 4,
      "con_prompt": 0,
      "con_description": 1
    },
    "essay_main_subject": "영화/독서감상문",
    "expression_weight": {
      "exp_style": 1,
      "exp_grammar": 2,
      "exp_vocab": 3,
      "exp": 4
    }
  },
  "correction": [],
  "info": {
    "essay_id": "ESSAY_34360",
    "essay_prompt": " 영화에는 로맨스, 액션, 스릴러 등 정말 많은 장르가 있습니다. 사람마다 좋아하는 장르가 있고 절대 보지 않는 장르도 있습니다.\r\n\r\n 독서도 마찬가지입니다. 소설, 수필, 시, 만화, 위인전 등 여러가지 장르가 있습니다.\r\n\r\n 여러분은 어떤 장르를 좋아하나요? 그리고 해당 장르에서 가장 재미있게 봤던 영화나 책은 무엇인가요?\r\n\r\n 자신이 봤던 영화 혹은 책을 한 편 선정하여 주제와 내용 그리고 느낀점을 감상문으로 작성해주세요.",
    "essay_type": "설명글",
    "essay_level": "3",
    "essay_len": 1703,
    "essay_main_subject": "영화/독서감상문"
  }
}