{
  "paragraph": [
    {
      "paragraph_txt": "나는 최근에 정글 크루즈라는 디즈니사에서 만든 원작을 실사화한 영화를 영화관에 가서 보았다 애초에 판타지 스틱 한 영화를 좋아하고 액션신이 많이 들어간 영화를 좋아하기 때문에 정글 크루즈가 개봉하기 전부터 관심이 많이 갔던 게 사실이고 내가 좋아하는 배우인 드웨인 존슨이 나온다 하여 진짜 보고 싶었던 영화기도 했다 개봉하자마자 그날에 가서 정글 크루즈를 보았고 정글 크루즈의 내용은 미지의 공간이 매우 많은 아마존!#@문장구분# 이 아마존에서 제일 질 나가는 크루즈 선장인 프랭크(드웨인 존슨)과 함께 어떤 병이든 비로 낫게 해준다는 마법의 꽃잎을 찾으러 떠난다.#@문장구분# 순탄치 않은 모험에도 의학계의 발전을 위해 꽃잎을 꼭 찾아야 했던 사람들은 모험을 시작한다#@문장구분# 모험을 하며 겪는 수많은 사건사고가 있었지만 그런 사건사고를 통해 점점 가까워지는 둘 서로의 비밀까지도 알게 되는데 알고 보니 프랭크는 500여 년 전에 살던 사람이고 그 꽃잎 때문에 500여 년 전에도 찾으러 갔다가 족장의 저주를 받고 아마존 강의 시선에서 벗어나는 곳은 가지 못하게 됐다.#@문장구분# 이런 반전의 반전이 있던 영화로서 2시간이 넘는 시간동안 집중이 아주 잘됐고 매우 재미있었다#@문장구분# 완벽한 cg를 선보여 더욱 재미를 주었던 영화였던거 같다.#@문장구분# 또 이런영화가 나온다면 다시 보고싶고 난 액션판타지를 좋아하는 사람으로서 디즈니가 아니더라도 또 이런 영화가 나온다면 또 다시 보고싶다.#@문장구분# 그럼 내가 최근 봤던 재미있는 영화 정글크루즈에 대해 소개한 글이다.#@문장구분# 내 감상평보다는 내용이 더 많지만 믿고 봐도 되는 영화 인거 같다.#@문장구분#",
      "paragraph_len": 943,
      "paragraph_id": "001"
    }
  ],
  "score": {
    "paragraph_score": [
      {
        "paragraph_scoreT": [
          3,
          2.8333333,
          1.8333334
        ],
        "paragraph_scoreT_detail": {
          "paragraph_scoreT_exp": [
            [
              3,
              3,
              3
            ],
            [
              3,
              3,
              2
            ],
            [
              2,
              2,
              1
            ]
          ]
        },
        "paragraph_scoreT_avg": 2.5555556,
        "paragraph_id": "001"
      }
    ],
    "essay_scoreT": [
      29.277779,
      27.61111,
      20.5
    ],
    "essay_scoreT_avg": 25.796295,
    "essay_scoreT_detail": {
      "essay_scoreT_org": [
        [
          3,
          3,
          3,
          2
        ],
        [
          3,
          3,
          3,
          2
        ],
        [
          2,
          2,
          3,
          3
        ]
      ],
      "essay_scoreT_cont": [
        [
          3,
          3,
          0,
          2
        ],
        [
          3,
          2,
          0,
          3
        ],
        [
          3,
          1,
          0,
          2
        ]
      ],
      "essay_scoreT_exp": [
        [
          3,
          3,
          3
        ],
        [
          3,
          3,
          2
        ],
        [
          2,
          2,
          1
        ]
      ]
    }
  },
  "student": {
    "date": "2021.09.13",
    "student_educated": true,
    "student_grade": "고등_1학년",
    "location": "051",
    "student_grade_group": "고등",
    "student_reading": 1
  },
  "rubric": {
    "essay_grade": "고등_1학년",
    "organization_weight": {
      "org_paragraph": 2,
      "org": 2,
      "org_essay": 4,
      "org_coherence": 2,
      "org_quantity": 1
    },
    "essay_type": "설명글",
    "content_weight": {
      "con_clearance": 4,
      "con_novelty": 3,
      "con": 4,
      "con_prompt": 0,
      "con_description": 1
    },
    "essay_main_subject": "영화/독서감상문",
    "expression_weight": {
      "exp_style": 1,
      "exp_grammar": 2,
      "exp_vocab": 3,
      "exp": 4
    }
  },
  "correction": [],
  "info": {
    "essay_id": "ESSAY_34032",
    "essay_prompt": " 영화에는 로맨스, 액션, 스릴러 등 정말 많은 장르가 있습니다. 사람마다 좋아하는 장르가 있고 절대 보지 않는 장르도 있습니다.\r\n\r\n 독서도 마찬가지입니다. 소설, 수필, 시, 만화, 위인전 등 여러가지 장르가 있습니다.\r\n\r\n 여러분은 어떤 장르를 좋아하나요? 그리고 해당 장르에서 가장 재미있게 봤던 영화나 책은 무엇인가요?\r\n\r\n 자신이 봤던 영화 혹은 책을 한 편 선정하여 주제와 내용 그리고 느낀점을 감상문으로 작성해주세요.",
    "essay_type": "설명글",
    "essay_level": "3",
    "essay_len": 764,
    "essay_main_subject": "영화/독서감상문"
  }
}