{
  "paragraph": [
    {
      "paragraph_txt": "오늘 읽지 않고 책꽂이에 꽂아 두었던 리어왕이라는 책을 읽었다.#@문장구분#\n리어왕은 셰익스피어 4대 비극 중 한권에 속하는 책이다.#@문장구분#\n이 책은 희곡으로 쓰여져 있으며 리어라는 이름의 영국의 왕이 자신의 두 딸에게 재산이라는 욕망으로 인해 배신당해 절명하는 비극적인 이야기이다.#@문장구분#\n리어왕에게는 세 딸이 있었는데 두 딸에게 배신당하고 자신은 홀대했지만 자신을 끝까지 생각하고 지키주려던 나머지 한명의 딸이 죽게되자 비통해하며 왕이라는 자리에 대해 다시 생각하며 절명을 하게된다.#@문장구분#\n이 책을 읽고 왜 이 책이 셰익스피어 4대 비극 중 하나인지 확실히 느끼게 되었고 리어왕과 함께 죽은 딸이 정말 제일 불쌍했다.#@문장구분#\n하지만 이 책이 더 비극인 이유는 마지막에 리어왕을 배신한 두 딸도 다 죽는다는 것이다.#@문장구분#\n나는 이 비극의 원인 제공자가 리어왕이라고 생각한다.#@문장구분#애초에 재산을 일찍부터 논하였기 때문에 돈에 눈이 멀어 이런 불상사가 생겨난 것이다.#@문장구분#\n나는 이 책을 읽고 아직 읽지 않은 두 개의 책도 근시일 내에 꼭 읽어야 하겠다고 다짐했다.#@문장구분#",
      "paragraph_len": 688,
      "paragraph_id": "001"
    }
  ],
  "score": {
    "paragraph_score": [
      {
        "paragraph_scoreT": [
          3,
          2.3333333,
          2
        ],
        "paragraph_scoreT_detail": {
          "paragraph_scoreT_exp": [
            [
              3,
              3,
              3
            ],
            [
              3,
              2,
              2
            ],
            [
              2,
              2,
              2
            ]
          ]
        },
        "paragraph_scoreT_avg": 2.4444444,
        "paragraph_id": "001"
      }
    ],
    "essay_scoreT": [
      23.277779,
      23.555555,
      18.277779
    ],
    "essay_scoreT_avg": 21.703705,
    "essay_scoreT_detail": {
      "essay_scoreT_org": [
        [
          2,
          2,
          2,
          1
        ],
        [
          2,
          2,
          3,
          1
        ],
        [
          2,
          2,
          2,
          1
        ]
      ],
      "essay_scoreT_cont": [
        [
          2,
          2,
          0,
          1
        ],
        [
          3,
          2,
          0,
          2
        ],
        [
          2,
          1,
          0,
          2
        ]
      ],
      "essay_scoreT_exp": [
        [
          3,
          3,
          3
        ],
        [
          3,
          2,
          2
        ],
        [
          2,
          2,
          2
        ]
      ]
    }
  },
  "student": {
    "date": "2021.09.10",
    "student_educated": true,
    "student_grade": "고등_1학년",
    "location": "063",
    "student_grade_group": "고등",
    "student_reading": 2
  },
  "rubric": {
    "essay_grade": "고등_1학년",
    "organization_weight": {
      "org_paragraph": 2,
      "org": 2,
      "org_essay": 4,
      "org_coherence": 2,
      "org_quantity": 1
    },
    "essay_type": "설명글",
    "content_weight": {
      "con_clearance": 4,
      "con_novelty": 3,
      "con": 4,
      "con_prompt": 0,
      "con_description": 1
    },
    "essay_main_subject": "영화/독서감상문",
    "expression_weight": {
      "exp_style": 1,
      "exp_grammar": 2,
      "exp_vocab": 3,
      "exp": 4
    }
  },
  "correction": [],
  "info": {
    "essay_id": "ESSAY_34284",
    "essay_prompt": " 영화에는 로맨스, 액션, 스릴러 등 정말 많은 장르가 있습니다. 사람마다 좋아하는 장르가 있고 절대 보지 않는 장르도 있습니다.\r\n\r\n 독서도 마찬가지입니다. 소설, 수필, 시, 만화, 위인전 등 여러가지 장르가 있습니다.\r\n\r\n 여러분은 어떤 장르를 좋아하나요? 그리고 해당 장르에서 가장 재미있게 봤던 영화나 책은 무엇인가요?\r\n\r\n 자신이 봤던 영화 혹은 책을 한 편 선정하여 주제와 내용 그리고 느낀점을 감상문으로 작성해주세요.",
    "essay_type": "설명글",
    "essay_level": "3",
    "essay_len": 509,
    "essay_main_subject": "영화/독서감상문"
  }
}