{
  "paragraph": [
    {
      "paragraph_txt": "왕위를 둘러싼 권력다툼과 붕당정치로 혼란이 극에 달한 광해군 자신의 목숨을 노리는 사람들 때문에 분노와 두려움으로 점점 난폭해져 가던 광해는 허균을 찾아가 자신을 대신하여 위협에 노출 된 대역을 찾을 것을 지시한다.#@문장구분# 허균은 취객들 사이에서 만남으로 인기를 끌던 하선을 발견함.#@문장구분# 왕과 똑같은 외모와 타고난 재주, 말솜씨로 왕의 흉내도 완벽하게 내는 하선을 보고 허균은 궁으로 대리고 간다.#@문장구분# 하선은 광해군이 자리를 비운 하룻밤 기습을 보이며 왕의 대역을 함.#@문장구분# 그런데 어느날 광해군이 의식을 잃고 쓰러져 허균은 광해군이 눈을 뜨는동안 하선에게 왕을 대신할 것을 명한다.#@문장구분# 한낱 만남꾼에서 하루아침에 왕이된 하선은 허균의 지시하에 말부부터 걸음걸이, 국정을 다스리는 법까지 배운다.#@문장구분# 하지만 예민하고 난폭했던 광해와는 달리 따뜻함과 인간미가 느껴지는 달라진 왕의 모습에 궁정이 조금씩 술렁였다.#@문장구분#",
      "paragraph_len": 578,
      "paragraph_id": "001"
    }
  ],
  "score": {
    "paragraph_score": [
      {
        "paragraph_scoreT": [
          3,
          3,
          1.8333334
        ],
        "paragraph_scoreT_detail": {
          "paragraph_scoreT_exp": [
            [
              3,
              3,
              3
            ],
            [
              3,
              3,
              3
            ],
            [
              2,
              2,
              1
            ]
          ]
        },
        "paragraph_scoreT_avg": 2.6111112,
        "paragraph_id": "001"
      }
    ],
    "essay_scoreT": [
      30,
      26.666666,
      19.11111
    ],
    "essay_scoreT_avg": 25.259256,
    "essay_scoreT_detail": {
      "essay_scoreT_org": [
        [
          3,
          3,
          3,
          3
        ],
        [
          2,
          3,
          3,
          1
        ],
        [
          2,
          2,
          2,
          1
        ]
      ],
      "essay_scoreT_cont": [
        [
          3,
          3,
          0,
          3
        ],
        [
          3,
          2,
          0,
          2
        ],
        [
          2,
          2,
          0,
          2
        ]
      ],
      "essay_scoreT_exp": [
        [
          3,
          3,
          3
        ],
        [
          3,
          3,
          3
        ],
        [
          2,
          2,
          1
        ]
      ]
    }
  },
  "student": {
    "date": "2021.09.07",
    "student_educated": true,
    "student_grade": "고등_1학년",
    "location": "051",
    "student_grade_group": "고등",
    "student_reading": 1
  },
  "rubric": {
    "essay_grade": "고등_1학년",
    "organization_weight": {
      "org_paragraph": 2,
      "org": 2,
      "org_essay": 4,
      "org_coherence": 2,
      "org_quantity": 1
    },
    "essay_type": "설명글",
    "content_weight": {
      "con_clearance": 4,
      "con_novelty": 3,
      "con": 4,
      "con_prompt": 0,
      "con_description": 1
    },
    "essay_main_subject": "영화/독서감상문",
    "expression_weight": {
      "exp_style": 1,
      "exp_grammar": 2,
      "exp_vocab": 3,
      "exp": 4
    }
  },
  "correction": [],
  "info": {
    "essay_id": "ESSAY_34170",
    "essay_prompt": " 영화에는 로맨스, 액션, 스릴러 등 정말 많은 장르가 있습니다. 사람마다 좋아하는 장르가 있고 절대 보지 않는 장르도 있습니다.\r\n\r\n 독서도 마찬가지입니다. 소설, 수필, 시, 만화, 위인전 등 여러가지 장르가 있습니다.\r\n\r\n 여러분은 어떤 장르를 좋아하나요? 그리고 해당 장르에서 가장 재미있게 봤던 영화나 책은 무엇인가요?\r\n\r\n 자신이 봤던 영화 혹은 책을 한 편 선정하여 주제와 내용 그리고 느낀점을 감상문으로 작성해주세요.",
    "essay_type": "설명글",
    "essay_level": "3",
    "essay_len": 440,
    "essay_main_subject": "영화/독서감상문"
  }
}