{
  "paragraph": [
    {
      "paragraph_txt": "이 책은 내가 학교 영어 독서 시간에 읽은 책이다.#@문장구분#\n이 책은 지구온난화로 인해 생기는 문제들과 이를 막기위한 친환경 기술들에 대해 알려주고 또 이것들의 종류에 대해서도 알려준다.#@문장구분#\n또 미래의 타고다니는 차와 우리들이 다니는 학교에 나타나는 변화에 대해서도 구체적으로 말해준다.#@문장구분#\n나는 이책을 읽고 우리 그린리더스 동아리에 참 잘어울리는 책이라고 생각했다.#@문장구분#\n우리 동아리도 지구온난화 완화를 위해서 활동하는 동아리이기 때문이다.#@문장구분#\n또 이 책에는 집에서 자신이 직접 실천할 수 있는 지구 온난화를 줄이기 위한 행동지침도 있어서 더욱 좋았던것 같다.#@문장구분#\n지금 우리가 사용하는 친환경 기술인 수력,풍력, 태양열, 증기 같은 것을 이용해 전기를 생산하는 기술도 볼 수 있어서 좋았다.#@문장구분#\n이 책은 깊은 내용은 아니고 거의 겉핥기 식으로만 나와있어서 지구온난화가 걱정되는 사람들이 처음 시작으로 읽어보기 좋은 책인것 같다.#@문장구분#\n거의 다 아는 내용이었지만 다시 한 번 복습할 수 있어서 좋았고 앞으로도 깨끗한 지구를 만들기 위해 노력할 것이다.#@문장구분#",
      "paragraph_len": 691,
      "paragraph_id": "001"
    }
  ],
  "score": {
    "paragraph_score": [
      {
        "paragraph_scoreT": [
          3,
          2.3333333,
          2
        ],
        "paragraph_scoreT_detail": {
          "paragraph_scoreT_exp": [
            [
              3,
              3,
              3
            ],
            [
              3,
              2,
              2
            ],
            [
              2,
              2,
              2
            ]
          ]
        },
        "paragraph_scoreT_avg": 2.4444444,
        "paragraph_id": "001"
      }
    ],
    "essay_scoreT": [
      23.5,
      21.11111,
      18.277779
    ],
    "essay_scoreT_avg": 20.962963,
    "essay_scoreT_detail": {
      "essay_scoreT_org": [
        [
          2,
          2,
          2,
          2
        ],
        [
          2,
          2,
          2,
          1
        ],
        [
          2,
          2,
          2,
          1
        ]
      ],
      "essay_scoreT_cont": [
        [
          2,
          2,
          0,
          1
        ],
        [
          2,
          2,
          0,
          2
        ],
        [
          2,
          1,
          0,
          2
        ]
      ],
      "essay_scoreT_exp": [
        [
          3,
          3,
          3
        ],
        [
          3,
          2,
          2
        ],
        [
          2,
          2,
          2
        ]
      ]
    }
  },
  "student": {
    "date": "2021.09.10",
    "student_educated": true,
    "student_grade": "고등_1학년",
    "location": "063",
    "student_grade_group": "고등",
    "student_reading": 2
  },
  "rubric": {
    "essay_grade": "고등_1학년",
    "organization_weight": {
      "org_paragraph": 2,
      "org": 2,
      "org_essay": 4,
      "org_coherence": 2,
      "org_quantity": 1
    },
    "essay_type": "설명글",
    "content_weight": {
      "con_clearance": 4,
      "con_novelty": 3,
      "con": 4,
      "con_prompt": 0,
      "con_description": 1
    },
    "essay_main_subject": "영화/독서감상문",
    "expression_weight": {
      "exp_style": 1,
      "exp_grammar": 2,
      "exp_vocab": 3,
      "exp": 4
    }
  },
  "correction": [],
  "info": {
    "essay_id": "ESSAY_34282",
    "essay_prompt": " 영화에는 로맨스, 액션, 스릴러 등 정말 많은 장르가 있습니다. 사람마다 좋아하는 장르가 있고 절대 보지 않는 장르도 있습니다.\r\n\r\n 독서도 마찬가지입니다. 소설, 수필, 시, 만화, 위인전 등 여러가지 장르가 있습니다.\r\n\r\n 여러분은 어떤 장르를 좋아하나요? 그리고 해당 장르에서 가장 재미있게 봤던 영화나 책은 무엇인가요?\r\n\r\n 자신이 봤던 영화 혹은 책을 한 편 선정하여 주제와 내용 그리고 느낀점을 감상문으로 작성해주세요.",
    "essay_type": "설명글",
    "essay_level": "3",
    "essay_len": 512,
    "essay_main_subject": "영화/독서감상문"
  }
}