{
  "paragraph": [
    {
      "paragraph_txt": "The Cactus를 읽고 느낀 나의 감상평은 자신의 자만심은 때론 모든 것을 잃게 한다는 것이다.#@문장구분# 나는 O. Henry의 소설 The Cactus에서주인공인 남자를 볼때마다 자신의 자존심 때문에 사랑하는 여인에게 거짓말을 하고 그 결과 남자는 사랑하는 여인이 다른 남자와 결혼을 하게 되었고 그녀가 보낸 선인장에는 '당신을 연모합니다.' 라는 글자가 적혀있었지만 남자는 그 글자를 알지 못하고 남자의 친구가 알려주고 나서야 그 뜻을 알게 되었다.#@문장구분# 결국 남자는 자신을 과장하려고 거짓말을 하여 사랑하는 사람마저 잃어버린 결과를 얻게 되었다.#@문장구분# 나는 이 결말을 보며 조금 쓸쓸했지만 한편으로는 남자 주인공의 어리석음과 자만심으로 망하는 것을 보며 깨달았다. #@문장구분#결국 인간은 겸손해야 할 줄 알아야 된다는 것을.. #@문장구분#그리고 나는 왜 제목이 선인장(The Cactus)인지 생각 해보았는데 선인장은 가시속에 아름다운 꽃을 피우지만 결국 사람들은 가시 때문에 근처에 가는 것을 싫어하는 것 처럼 결국 편지의 내용을 모르고 그저 자만심이라는 가시에 꽃을 못본 남자의 이야기이기 때문인 것 같다.#@문장구분#",
      "paragraph_len": 667,
      "paragraph_id": "001"
    }
  ],
  "score": {
    "paragraph_score": [
      {
        "paragraph_scoreT": [
          2.6666667,
          1.8333334,
          1.8333334
        ],
        "paragraph_scoreT_detail": {
          "paragraph_scoreT_exp": [
            [
              2,
              3,
              3
            ],
            [
              2,
              2,
              1
            ],
            [
              2,
              2,
              1
            ]
          ]
        },
        "paragraph_scoreT_avg": 2.1111112,
        "paragraph_id": "001"
      }
    ],
    "essay_scoreT": [
      27.722221,
      18.61111,
      16.833334
    ],
    "essay_scoreT_avg": 21.055555,
    "essay_scoreT_detail": {
      "essay_scoreT_org": [
        [
          3,
          2,
          3,
          3
        ],
        [
          2,
          2,
          2,
          1
        ],
        [
          1,
          1,
          1,
          1
        ]
      ],
      "essay_scoreT_cont": [
        [
          3,
          3,
          0,
          2
        ],
        [
          2,
          2,
          0,
          1
        ],
        [
          2,
          2,
          0,
          1
        ]
      ],
      "essay_scoreT_exp": [
        [
          2,
          3,
          3
        ],
        [
          2,
          2,
          1
        ],
        [
          2,
          2,
          1
        ]
      ]
    }
  },
  "student": {
    "date": "2021.09.10",
    "student_educated": true,
    "student_grade": "고등_1학년",
    "location": "063",
    "student_grade_group": "고등",
    "student_reading": 1
  },
  "rubric": {
    "essay_grade": "고등_1학년",
    "organization_weight": {
      "org_paragraph": 2,
      "org": 2,
      "org_essay": 4,
      "org_coherence": 2,
      "org_quantity": 1
    },
    "essay_type": "설명글",
    "content_weight": {
      "con_clearance": 4,
      "con_novelty": 3,
      "con": 4,
      "con_prompt": 0,
      "con_description": 1
    },
    "essay_main_subject": "영화/독서감상문",
    "expression_weight": {
      "exp_style": 1,
      "exp_grammar": 2,
      "exp_vocab": 3,
      "exp": 4
    }
  },
  "correction": [],
  "info": {
    "essay_id": "ESSAY_34749",
    "essay_prompt": " 영화에는 로맨스, 액션, 스릴러 등 정말 많은 장르가 있습니다. 사람마다 좋아하는 장르가 있고 절대 보지 않는 장르도 있습니다.\r\n\r\n 독서도 마찬가지입니다. 소설, 수필, 시, 만화, 위인전 등 여러가지 장르가 있습니다.\r\n\r\n 여러분은 어떤 장르를 좋아하나요? 그리고 해당 장르에서 가장 재미있게 봤던 영화나 책은 무엇인가요?\r\n\r\n 자신이 봤던 영화 혹은 책을 한 편 선정하여 주제와 내용 그리고 느낀점을 감상문으로 작성해주세요.",
    "essay_type": "설명글",
    "essay_level": "3",
    "essay_len": 548,
    "essay_main_subject": "영화/독서감상문"
  }
}