{
  "paragraph": [
    {
      "paragraph_txt": "이 책은 시간의 흐름에 따른 헛간의 모습을 사실적으로 묘사하고 있다.#@문장구분# 어떤 남자와 그의 아들들, 이웃들과 친구들이 함께 헛간을 만 들 때 부터 시작하여 다양한 동물들과 함께 여름과 겨울을 수차례 보내고, 트랙터가 들어오기도 하며, 끝내는 홀로 방치된 채 시간을 보내며 무너져 내리는 모습까지 나타난다.#@문장구분#\n이 책은 표면적으로는 헛간의 건설때의 모습부터 부서지는 모습을 나타내고 있지만 실제로는 사람의 인생을 헛간에 빗대어 표현한 것\n이 아닐까 싶기도 하다.#@문장구분# 함께 헛간을 만드는 모습은 주변에 친구들이 가득한 학창 생활을, 여름과 겨울을 보내는 모습은 성장을, 수차 례의 변화는 인생의 고난과 역경과 변화를, 홀로 방치되어 끝내 무너지는 모습은 쓸쓸한 노년기와 죽음까지를 나타내는 것 같다는 생 각을 했다.#@문장구분# 또한 이 책의 마지막 문장을 보면 '삶은 지속되지만 같은 방식으로는 아니다' 라는 문장이 나오는데, 이 문장을 읽고 나서 이 문장이 나타내는 의미에 대해 생각해보니 어쩌면 이 책의 작가는 정말 사람의 인생은 시간이 흐름에 따라 변화한다는 것을 나타내고자 했던 것은 아닐까, 라는 생각이 들었다.#@문장구분#\n정말 단순해보이는 내용의 책이지만 깊게 생각해보니 그 속에 내재된 의미가 점점 더 보이는 듯 해서 심도있게 생각해볼 수 있는 시간 을 마련해 준 책이 아니었나, 하는 생각이 든다.#@문장구분#",
      "paragraph_len": 778,
      "paragraph_id": "001"
    }
  ],
  "score": {
    "paragraph_score": [
      {
        "paragraph_scoreT": [
          2.6666667,
          2.8333333,
          2
        ],
        "paragraph_scoreT_detail": {
          "paragraph_scoreT_exp": [
            [
              2,
              3,
              3
            ],
            [
              3,
              3,
              2
            ],
            [
              2,
              2,
              2
            ]
          ]
        },
        "paragraph_scoreT_avg": 2.5,
        "paragraph_id": "001"
      }
    ],
    "essay_scoreT": [
      28.444445,
      29.333332,
      24
    ],
    "essay_scoreT_avg": 27.25926,
    "essay_scoreT_detail": {
      "essay_scoreT_org": [
        [
          3,
          3,
          3,
          2
        ],
        [
          3,
          3,
          3,
          3
        ],
        [
          2,
          2,
          2,
          2
        ]
      ],
      "essay_scoreT_cont": [
        [
          3,
          3,
          0,
          3
        ],
        [
          3,
          3,
          0,
          3
        ],
        [
          3,
          3,
          0,
          3
        ]
      ],
      "essay_scoreT_exp": [
        [
          2,
          3,
          3
        ],
        [
          3,
          3,
          2
        ],
        [
          2,
          2,
          2
        ]
      ]
    }
  },
  "student": {
    "date": "2021.09.07",
    "student_educated": true,
    "student_grade": "고등_1학년",
    "location": "063",
    "student_grade_group": "고등",
    "student_reading": 2
  },
  "rubric": {
    "essay_grade": "고등_1학년",
    "organization_weight": {
      "org_paragraph": 2,
      "org": 2,
      "org_essay": 4,
      "org_coherence": 2,
      "org_quantity": 1
    },
    "essay_type": "설명글",
    "content_weight": {
      "con_clearance": 4,
      "con_novelty": 3,
      "con": 4,
      "con_prompt": 0,
      "con_description": 1
    },
    "essay_main_subject": "영화/독서감상문",
    "expression_weight": {
      "exp_style": 1,
      "exp_grammar": 2,
      "exp_vocab": 3,
      "exp": 4
    }
  },
  "correction": [],
  "info": {
    "essay_id": "ESSAY_34513",
    "essay_prompt": " 영화에는 로맨스, 액션, 스릴러 등 정말 많은 장르가 있습니다. 사람마다 좋아하는 장르가 있고 절대 보지 않는 장르도 있습니다.\r\n\r\n 독서도 마찬가지입니다. 소설, 수필, 시, 만화, 위인전 등 여러가지 장르가 있습니다.\r\n\r\n 여러분은 어떤 장르를 좋아하나요? 그리고 해당 장르에서 가장 재미있게 봤던 영화나 책은 무엇인가요?\r\n\r\n 자신이 봤던 영화 혹은 책을 한 편 선정하여 주제와 내용 그리고 느낀점을 감상문으로 작성해주세요.",
    "essay_type": "설명글",
    "essay_level": "3",
    "essay_len": 658,
    "essay_main_subject": "영화/독서감상문"
  }
}