{
  "paragraph": [
    {
      "paragraph_txt": "익숙함에 속아 소중함을 잊지말자라는 명언이 있듯이 다른사람들도 익숙함에 속아 소중함을 잊은 적이 있듯이 저도 그런적이 있습니다. #@문장구분#옛날부터 친하던 친구가 있었습니다.#@문장구분# 그 친구와 노는 것이 익숙하여 저는 장난을 삼아 몇번 막말도 하고 그랬던 경험이 있습니다.#@문장구분# 그러다 그 친구와 말다툼을 하여 사이가 멀어지게 되었습니다. #@문장구분#다시 서로 화해를 해서 잘 지내고 있어서 다행이지 화해를 하지않았으면 평생 사이가 멀어진 채로 있었을 것입니다. #@문장구분#그리고 또 다른 사례를 말하자면 항상 돈이 있던 상황이 너무 익숙하여 돈을 막 쓰던 때가 있었습니다. #@문장구분#그 돈의 소중함을 모르고 막 썼습니다.#@문장구분# 그러다 돈을 다 쓰고 돈이 필요해 졌을때 돈을 못 써서 놀지도 못하고 사야하는 것도 못 살때 그 소중함을 알았습니다.#@문장구분# 저는 돈의 소중함을 회복하고자 되도록이면 걸어다니고 그닥 중요하지 않은 것에는 돈을 쓰지 않았습니다. #@문장구분#마지막으로 코로나 이전에 마스크를 안쓰고 돌아다니고 학원에서 자주 놀러도 다니고 할 때가 있었는데 마스크를 안쓰고 돌아다니는 것이 당연하다고 생각할 때 코로나가 터져 상태가 심각해지고 모든 사람의 마스크가 의무가 되었을 때 그제서야 마스크를 안쓰고 다니는 그 때의 소중함을 느꼈습니다.#@문장구분# 저는 그 소중함을 회복하고자 빨리 코로나가 종식되었으면 좋겠다는 마음가짐으로 방역수칙을 열심히 지키고 있습니다.#@문장구분#\n제가 가장 최근에 본 영화는 싱크홀이라는 영화입니다.#@문장구분# 제가 싱크홀을 본 이유는 첫번째 싱크홀이라는 재난을 초점에 맞춰 나온 영화라 궁금해서 봤습니다.#@문장구분# 두번째 싱크홀이라는 영화의 관람평이 좋아서 봤습니다.#@문장구분# 일단 이 영화의 줄거리를 설명해드리겠습니다.#@문장구분# 이 영화는 회사직원이던 주인공이 대출을 받아 이사를 했습니다.#@문장구분# 그러나 집에서 아침을 먹는 도중 주인공의 아들이 구슬을 가지고 놀다 집의 수평이 맞지않은 것을 알게되었습니다.#@문장구분# 어느덧 주인공의 회사직원들과의 집들이날 회사직원들은 주인공의 집에서 술을 마시다가 깜빡 자버렸고 그 다음날 아침 지반이 약해져 싱크홀이 발생합니다.#@문장구분#사람들은 지하에서 구조만을 기다리고 있었고 구조대는 추가 붕괴위험으로 인해 함부로 들어가지 못하고있었습니다.#@문장구분# 그래서 구조대는 생존물품을 내려주었습니다.#@문장구분# 하필이면 폭우까지 쏟아져 당장 구하지않으면 물에 잠기게 되었을 때 옆건물이 싱크홀 안으로 떨어집니다.#@문장구분# 옆건물에 있던 물탱크를 사람들이 타고 한명은 밖에서 뚜껑을 닫아주고 구조대의 생존물품중에 산소호흡기를 쓰며 물 위로 떠서 살았습니다.#@문장구분# 제가 이 영화를 보고 느낀점은 영화 속 부모님들의 희생정신이 가득한 행동을 보고 본받아야겠다 싶었고 그리고 지하수로 인해 지반이 약해져서 싱크홀이 생긴다는 말을 듣고 지하수가 우리한테 좋은 것만은 아니구나를 느꼈습니다.#@문장구분#",
      "paragraph_len": 1782,
      "paragraph_id": "001"
    }
  ],
  "score": {
    "paragraph_score": [
      {
        "paragraph_scoreT": [
          3,
          2.8333333,
          1.8333334
        ],
        "paragraph_scoreT_detail": {
          "paragraph_scoreT_exp": [
            [
              3,
              3,
              3
            ],
            [
              3,
              3,
              2
            ],
            [
              2,
              2,
              1
            ]
          ]
        },
        "paragraph_scoreT_avg": 2.5555556,
        "paragraph_id": "001"
      }
    ],
    "essay_scoreT": [
      30,
      24,
      17.833334
    ],
    "essay_scoreT_avg": 23.944445,
    "essay_scoreT_detail": {
      "essay_scoreT_org": [
        [
          3,
          3,
          3,
          3
        ],
        [
          2,
          3,
          2,
          3
        ],
        [
          2,
          2,
          2,
          2
        ]
      ],
      "essay_scoreT_cont": [
        [
          3,
          3,
          0,
          3
        ],
        [
          2,
          2,
          0,
          2
        ],
        [
          2,
          1,
          0,
          2
        ]
      ],
      "essay_scoreT_exp": [
        [
          3,
          3,
          3
        ],
        [
          3,
          3,
          2
        ],
        [
          2,
          2,
          1
        ]
      ]
    }
  },
  "student": {
    "date": "2021.09.06",
    "student_educated": true,
    "student_grade": "고등_1학년",
    "location": "051",
    "student_grade_group": "고등",
    "student_reading": 2
  },
  "rubric": {
    "essay_grade": "고등_1학년",
    "organization_weight": {
      "org_paragraph": 2,
      "org": 2,
      "org_essay": 4,
      "org_coherence": 2,
      "org_quantity": 1
    },
    "essay_type": "설명글",
    "content_weight": {
      "con_clearance": 4,
      "con_novelty": 3,
      "con": 4,
      "con_prompt": 0,
      "con_description": 1
    },
    "essay_main_subject": "영화/독서감상문",
    "expression_weight": {
      "exp_style": 1,
      "exp_grammar": 2,
      "exp_vocab": 3,
      "exp": 4
    }
  },
  "correction": [],
  "info": {
    "essay_id": "ESSAY_34081",
    "essay_prompt": " 영화에는 로맨스, 액션, 스릴러 등 정말 많은 장르가 있습니다. 사람마다 좋아하는 장르가 있고 절대 보지 않는 장르도 있습니다.\r\n\r\n 독서도 마찬가지입니다. 소설, 수필, 시, 만화, 위인전 등 여러가지 장르가 있습니다.\r\n\r\n 여러분은 어떤 장르를 좋아하나요? 그리고 해당 장르에서 가장 재미있게 봤던 영화나 책은 무엇인가요?\r\n\r\n 자신이 봤던 영화 혹은 책을 한 편 선정하여 주제와 내용 그리고 느낀점을 감상문으로 작성해주세요.",
    "essay_type": "설명글",
    "essay_level": "3",
    "essay_len": 1051,
    "essay_main_subject": "영화/독서감상문"
  }
}