{
  "paragraph": [
    {
      "paragraph_txt": "이 책은 과거의 비행선에 대하여 자세히 설명해주는 책이다.#@문장구분# 우리가 지금 많이 이용하는 항공기인 비행기와는 달리 비행선에 대해서는 생소할 수 있다.#@문장구분# 그러나 항공기술, 공학쪽으로 관심이 많은 나는 관심이 많이 갔다. #@문장구분#또한 책의 제목과 구성들을 보고 여러 과학적인 요소들과 함께 설명되어 있어 더욱 흥미가 갔다. #@문장구분#이 책은 크게 비행선의 원리, 출현부터 점차 사라지게된 사건 등을 설명하고 있다.#@문장구분# 비행선의 원리를 3가지 나누어서 각각 자세하게 설명하고, 비행선의 초기부터 Hindenburg사건으로 비행선이 점차 사라지게된 것 까지 시대순으로 책이 전개되고 있다.#@문장구분# 난 이 책이 마음에 드는 점은 다른책과는 다르게 스토리 식이 아닌 각각의 주제들을 자세하고 세부적이게 제시하며 이해에 빠른 도움을 주었다.#@문장구분# 또한 이 책은 비행선의 원리를 비행선의 종류에 따라 설명을 했지만 자세한 물리적, 과학적 원리는 직접 알아보고 싶다는 생각 또한 했다.#@문장구분# 덕분에 비행선에 대해 조금 더 알게되고 관심을 가질 수 있었던거 같다.#@문장구분# 비행선에 대해서 조금 더 알아보는 것도좋을거 같고, 기회가 된다면 한번 타보고 싶다.#@문장구분#",
      "paragraph_len": 753,
      "paragraph_id": "001"
    }
  ],
  "score": {
    "paragraph_score": [
      {
        "paragraph_scoreT": [
          3,
          2.3333333,
          2
        ],
        "paragraph_scoreT_detail": {
          "paragraph_scoreT_exp": [
            [
              3,
              3,
              3
            ],
            [
              3,
              2,
              2
            ],
            [
              2,
              2,
              2
            ]
          ]
        },
        "paragraph_scoreT_avg": 2.4444444,
        "paragraph_id": "001"
      }
    ],
    "essay_scoreT": [
      28.5,
      23.555555,
      18.277779
    ],
    "essay_scoreT_avg": 23.444445,
    "essay_scoreT_detail": {
      "essay_scoreT_org": [
        [
          3,
          3,
          3,
          3
        ],
        [
          2,
          2,
          3,
          1
        ],
        [
          2,
          2,
          2,
          1
        ]
      ],
      "essay_scoreT_cont": [
        [
          3,
          2,
          0,
          3
        ],
        [
          3,
          2,
          0,
          2
        ],
        [
          2,
          1,
          0,
          2
        ]
      ],
      "essay_scoreT_exp": [
        [
          3,
          3,
          3
        ],
        [
          3,
          2,
          2
        ],
        [
          2,
          2,
          2
        ]
      ]
    }
  },
  "student": {
    "date": "2021.09.13",
    "student_educated": true,
    "student_grade": "고등_1학년",
    "location": "063",
    "student_grade_group": "고등",
    "student_reading": 1
  },
  "rubric": {
    "essay_grade": "고등_1학년",
    "organization_weight": {
      "org_paragraph": 2,
      "org": 2,
      "org_essay": 4,
      "org_coherence": 2,
      "org_quantity": 1
    },
    "essay_type": "설명글",
    "content_weight": {
      "con_clearance": 4,
      "con_novelty": 3,
      "con": 4,
      "con_prompt": 0,
      "con_description": 1
    },
    "essay_main_subject": "영화/독서감상문",
    "expression_weight": {
      "exp_style": 1,
      "exp_grammar": 2,
      "exp_vocab": 3,
      "exp": 4
    }
  },
  "correction": [],
  "info": {
    "essay_id": "ESSAY_34447",
    "essay_prompt": " 영화에는 로맨스, 액션, 스릴러 등 정말 많은 장르가 있습니다. 사람마다 좋아하는 장르가 있고 절대 보지 않는 장르도 있습니다.\r\n\r\n 독서도 마찬가지입니다. 소설, 수필, 시, 만화, 위인전 등 여러가지 장르가 있습니다.\r\n\r\n 여러분은 어떤 장르를 좋아하나요? 그리고 해당 장르에서 가장 재미있게 봤던 영화나 책은 무엇인가요?\r\n\r\n 자신이 봤던 영화 혹은 책을 한 편 선정하여 주제와 내용 그리고 느낀점을 감상문으로 작성해주세요.",
    "essay_type": "설명글",
    "essay_level": "3",
    "essay_len": 553,
    "essay_main_subject": "영화/독서감상문"
  }
}