{
  "paragraph": [
    {
      "paragraph_txt": "평소 수학이라고 하면 딱딱하게만 느껴지고 뭔가 답을 찾아내야만 할 것 같은 강박감이 느껴졌습니다.#@문장구분# 그리고 학교에서 배우는 수학은 실제로 어디에 활용되는지, 왜 필요한지에 대한 설명이 충분하지 않아서 저는 수학을 계산 그자체로만 여겨왔었습니다.#@문장구분# 그런데 이 책을 읽고 제 생각은 180도 바뀌었습니다.#@문장구분# 수학적인 사고가 왜 중요한지, 수학의 본질은 무엇인지 깊이 생각해보는 계기가 되었습니다.#@문장구분# 그리고 수학이 과학, 철학, 정치학, 회계학 등의 다른 학문들과 지니는 연관성과 유사성이 정말 신기했습니다.#@문장구분# ",
      "paragraph_len": 378,
      "paragraph_id": "001"
    },
    {
      "paragraph_txt": " 특히 민주주의를 수학자의 시선에서 다룬 것이 정말 신선하고 흥미로웠습니다.#@문장구분# 주어진 조건 중 수많은 가능성을 표로 나타낸 다음, 수학적인 사고법을 통해서 최적의 선택을 이끌어내는 과정이 놀라웠습니다.#@문장구분# 이 과정 속에서 일정한 패턴을 찾아서 새로운 알고리즘을 만들어낼 수 있다는 것도 정말 매력적이었습니다.#@문장구분# 그러나 아무리 잘 짜여진 알고리즘이라 해도 트롤리 딜레마와 같은 윤리적인 문제에 빠질 가능성이 있기 마련입니다.#@문장구분# 누구를 살려야하는지와 관련된 토론도 유익하겠다는 생각이 들었습니다.#@문장구분#",
      "paragraph_len": 370,
      "paragraph_id": "002"
    },
    {
      "paragraph_txt": " '수는 진짜 세상에 있는 건가요, 아니면 우리가 그냥 발명한 것일까요?' #@문장구분#이 책에서 가장 마음에 드는 구절이었습니다.#@문장구분# 이 구절을 읽은 후 수많은 의문이 제 머리를 스쳐지나갔습니다.#@문장구분# '데카르트가 좌표계를 알아내지 못했다면 지금 우리는 어떤 모습으로 살아가고 있을까? #@문장구분#수를 표현하는 도구로 숫자를 사용하지 않았다면 수학은 어떤 형태로 나타났을까?#@문장구분# 숫자보다 더 좋은 표현법이 있을까?#@문장구분# 우리가 아직 발견하지 못한 건 아닐까?...'#@문장구분#\n \n 이런 질문들을 던지면서 제 생각의 범위가 넓어진 것을 느꼈습니다.#@문장구분# 전에는 세상을 있는 그대로 받아들였지만 이제는 제가 느끼는 세상보다도 더 크고, 작고, 빠르고, 느린 세상이 존재할 수 있다는 사실을 알게 되었습니다.#@문장구분# 그래서 매사에 더 겸손한 자세로 살아가기로 다짐했습니다.#@문장구분#",
      "paragraph_len": 595,
      "paragraph_id": "003"
    }
  ],
  "score": {
    "paragraph_score": [
      {
        "paragraph_scoreT": [
          2.8333333,
          3,
          2.8333333
        ],
        "paragraph_scoreT_detail": {
          "paragraph_scoreT_exp": [
            [
              3,
              3,
              2
            ],
            [
              3,
              3,
              3
            ],
            [
              3,
              3,
              2
            ]
          ]
        },
        "paragraph_scoreT_avg": 2.8888886,
        "paragraph_id": "001"
      },
      {
        "paragraph_scoreT": [
          2.8333333,
          3,
          2.8333333
        ],
        "paragraph_scoreT_detail": {
          "paragraph_scoreT_exp": [
            [
              3,
              3,
              2
            ],
            [
              3,
              3,
              3
            ],
            [
              3,
              3,
              2
            ]
          ]
        },
        "paragraph_scoreT_avg": 2.8888886,
        "paragraph_id": "002"
      },
      {
        "paragraph_scoreT": [
          2.8333333,
          3,
          3
        ],
        "paragraph_scoreT_detail": {
          "paragraph_scoreT_exp": [
            [
              3,
              3,
              2
            ],
            [
              3,
              3,
              3
            ],
            [
              3,
              3,
              3
            ]
          ]
        },
        "paragraph_scoreT_avg": 2.9444444,
        "paragraph_id": "003"
      }
    ],
    "essay_scoreT": [
      28.222221,
      28.5,
      24
    ],
    "essay_scoreT_avg": 26.907408,
    "essay_scoreT_detail": {
      "essay_scoreT_org": [
        [
          2,
          3,
          3,
          2
        ],
        [
          3,
          3,
          3,
          3
        ],
        [
          2,
          3,
          2,
          3
        ]
      ],
      "essay_scoreT_cont": [
        [
          3,
          3,
          0,
          3
        ],
        [
          3,
          2,
          0,
          3
        ],
        [
          2,
          2,
          0,
          2
        ]
      ],
      "essay_scoreT_exp": [
        [
          3,
          3,
          2
        ],
        [
          3,
          3,
          3
        ],
        [
          3,
          3,
          2
        ]
      ]
    }
  },
  "student": {
    "date": "2021.09.07",
    "student_educated": true,
    "student_grade": "고등_1학년",
    "location": "051",
    "student_grade_group": "고등",
    "student_reading": 3
  },
  "rubric": {
    "essay_grade": "고등_1학년",
    "organization_weight": {
      "org_paragraph": 2,
      "org": 2,
      "org_essay": 4,
      "org_coherence": 2,
      "org_quantity": 1
    },
    "essay_type": "설명글",
    "content_weight": {
      "con_clearance": 4,
      "con_novelty": 3,
      "con": 4,
      "con_prompt": 0,
      "con_description": 1
    },
    "essay_main_subject": "영화/독서감상문",
    "expression_weight": {
      "exp_style": 1,
      "exp_grammar": 2,
      "exp_vocab": 3,
      "exp": 4
    }
  },
  "correction": [],
  "info": {
    "essay_id": "ESSAY_34025",
    "essay_prompt": " 영화에는 로맨스, 액션, 스릴러 등 정말 많은 장르가 있습니다. 사람마다 좋아하는 장르가 있고 절대 보지 않는 장르도 있습니다.\r\n\r\n 독서도 마찬가지입니다. 소설, 수필, 시, 만화, 위인전 등 여러가지 장르가 있습니다.\r\n\r\n 여러분은 어떤 장르를 좋아하나요? 그리고 해당 장르에서 가장 재미있게 봤던 영화나 책은 무엇인가요?\r\n\r\n 자신이 봤던 영화 혹은 책을 한 편 선정하여 주제와 내용 그리고 느낀점을 감상문으로 작성해주세요.",
    "essay_type": "설명글",
    "essay_level": "3",
    "essay_len": 948,
    "essay_main_subject": "영화/독서감상문"
  }
}