{
  "paragraph": [
    {
      "paragraph_txt": "\"돈은 바닷물과 비슷하다.#@문장구분# 마시면 마실수록 점점 더 목이 마르기 때문이다.\" 이 책은 잔혹한 100명 마을에서 살아가기위해 우리가 가져야할 태도에 대해 말하고 있다.#@문장구분# 여기서 말하는 잔혹한 100명 마을은 61명이 생산가능노동자이고 26명이 노인이다.#@문장구분# 41명의 노동자 중 26명이 정규직이고 15명이 비정규직이며 41명 중 9명은 연봉2000만원 이하인 '워킹푸어' 이다.#@문장구분# 100명의 마을사람들 중 50명은 '생활이 팍팍하다' 라고 말한다.#@문장구분# 생산인구는 줄어들고 노인은 계속늘어남에 따라 마을의 빚은 굴러가듯 늘어난다. #@문장구분#그 빚은 모두 고스란히 자손들일 것이다.#@문장구분# 이 마을은 매우 잔혹해보이지만 흔히 우리가 선진국이라 말하는 일본의 현실이다. #@문장구분#이러한 현실에서 살아가기위해 이 책은 돈에 종속되지않고 '자기자본력'을 강화해야한다고 말한다.#@문장구분# 여기서 자기자본력이란 인생을 헤쳐나가는데 필요한 에너지와 힘과 열정을 지닌 주체로서의 자기자신을 말한다.#@문장구분# 높은 자기자본력을 가진 사람은 어떤 상황에서도 현명하게 대처할수있기 때문이다.#@문장구분#",
      "paragraph_len": 731,
      "paragraph_id": "001"
    }
  ],
  "score": {
    "paragraph_score": [
      {
        "paragraph_scoreT": [
          2.1666667,
          1.8333334,
          2
        ],
        "paragraph_scoreT_detail": {
          "paragraph_scoreT_exp": [
            [
              2,
              2,
              3
            ],
            [
              2,
              2,
              1
            ],
            [
              2,
              2,
              2
            ]
          ]
        },
        "paragraph_scoreT_avg": 2,
        "paragraph_id": "001"
      }
    ],
    "essay_scoreT": [
      19.944445,
      21.333334,
      22
    ],
    "essay_scoreT_avg": 21.092592,
    "essay_scoreT_detail": {
      "essay_scoreT_org": [
        [
          2,
          2,
          2,
          1
        ],
        [
          2,
          2,
          2,
          2
        ],
        [
          2,
          2,
          2,
          2
        ]
      ],
      "essay_scoreT_cont": [
        [
          3,
          0,
          0,
          3
        ],
        [
          3,
          2,
          0,
          2
        ],
        [
          3,
          2,
          0,
          2
        ]
      ],
      "essay_scoreT_exp": [
        [
          2,
          2,
          3
        ],
        [
          2,
          2,
          1
        ],
        [
          2,
          2,
          2
        ]
      ]
    }
  },
  "student": {
    "date": "2021.09.07",
    "student_educated": true,
    "student_grade": "고등_1학년",
    "location": "051",
    "student_grade_group": "고등",
    "student_reading": 2
  },
  "rubric": {
    "essay_grade": "고등_1학년",
    "organization_weight": {
      "org_paragraph": 2,
      "org": 2,
      "org_essay": 4,
      "org_coherence": 2,
      "org_quantity": 1
    },
    "essay_type": "설명글",
    "content_weight": {
      "con_clearance": 4,
      "con_novelty": 3,
      "con": 4,
      "con_prompt": 0,
      "con_description": 1
    },
    "essay_main_subject": "영화/독서감상문",
    "expression_weight": {
      "exp_style": 1,
      "exp_grammar": 2,
      "exp_vocab": 3,
      "exp": 4
    }
  },
  "correction": [],
  "info": {
    "essay_id": "ESSAY_34560",
    "essay_prompt": " 영화에는 로맨스, 액션, 스릴러 등 정말 많은 장르가 있습니다. 사람마다 좋아하는 장르가 있고 절대 보지 않는 장르도 있습니다.\r\n\r\n 독서도 마찬가지입니다. 소설, 수필, 시, 만화, 위인전 등 여러가지 장르가 있습니다.\r\n\r\n 여러분은 어떤 장르를 좋아하나요? 그리고 해당 장르에서 가장 재미있게 봤던 영화나 책은 무엇인가요?\r\n\r\n 자신이 봤던 영화 혹은 책을 한 편 선정하여 주제와 내용 그리고 느낀점을 감상문으로 작성해주세요.",
    "essay_type": "설명글",
    "essay_level": "3",
    "essay_len": 512,
    "essay_main_subject": "영화/독서감상문"
  }
}