{
  "paragraph": [
    {
      "paragraph_txt": "이 책은 데일카네기의 인간관계론에 대한 내용이다.#@문장구분# 데일카네기는 좋은 인간관계를 위해선 인간의 가장 큰 욕망인 인정,칭찬을 받으려는 욕구를 충족시키라는 것이었다.#@문장구분# 나는 이부분을 읽으면서 깊이 공감을 할수있었다.#@문장구분# 나도 칭찬이나 인정을 받기위해서 더욱 열심히 한적도있고 칭찬이나 인정을 받지못하여서 실망을 한적도 있기때문이다.#@문장구분# 칭찬이나 인정은 강한 동기부여가 된다고 생각한다.#@문장구분# 이 책은 데일카네기가 자신이 느끼는 인간관계에 대하여 인간관계를 잘할수있는 방법을 적어놓은 책이다.#@문장구분# 내가 이책에서 가장 인상깊게 느낀 부분은 인간관계를 잘하기를 위해서는 상대방이 원하는 욕구를 충족시켜줘야한다는 것이다.#@문장구분# 만약 인간관계가 어렵고 힘든 사람이 있다면 이 책을 권하고싶다.#@문장구분# 나도 인간관계가 어렵고 힘들던 시절이 있었는데 이 책을 읽는다면 많는 도움이 될거라고 생각한다.#@문장구분#",
      "paragraph_len": 600,
      "paragraph_id": "001"
    }
  ],
  "score": {
    "paragraph_score": [
      {
        "paragraph_scoreT": [
          2,
          2.8333333,
          2
        ],
        "paragraph_scoreT_detail": {
          "paragraph_scoreT_exp": [
            [
              2,
              2,
              2
            ],
            [
              3,
              3,
              2
            ],
            [
              2,
              2,
              2
            ]
          ]
        },
        "paragraph_scoreT_avg": 2.2777777,
        "paragraph_id": "001"
      }
    ],
    "essay_scoreT": [
      19.777779,
      25.555555,
      17.777779
    ],
    "essay_scoreT_avg": 21.037039,
    "essay_scoreT_detail": {
      "essay_scoreT_org": [
        [
          2,
          2,
          2,
          1
        ],
        [
          2,
          2,
          3,
          1
        ],
        [
          2,
          2,
          2,
          1
        ]
      ],
      "essay_scoreT_cont": [
        [
          2,
          2,
          0,
          2
        ],
        [
          3,
          2,
          0,
          2
        ],
        [
          2,
          1,
          0,
          1
        ]
      ],
      "essay_scoreT_exp": [
        [
          2,
          2,
          2
        ],
        [
          3,
          3,
          2
        ],
        [
          2,
          2,
          2
        ]
      ]
    }
  },
  "student": {
    "date": "2021.09.10",
    "student_educated": true,
    "student_grade": "고등_1학년",
    "location": "063",
    "student_grade_group": "고등",
    "student_reading": 1
  },
  "rubric": {
    "essay_grade": "고등_1학년",
    "organization_weight": {
      "org_paragraph": 2,
      "org": 2,
      "org_essay": 4,
      "org_coherence": 2,
      "org_quantity": 1
    },
    "essay_type": "설명글",
    "content_weight": {
      "con_clearance": 4,
      "con_novelty": 3,
      "con": 4,
      "con_prompt": 0,
      "con_description": 1
    },
    "essay_main_subject": "영화/독서감상문",
    "expression_weight": {
      "exp_style": 1,
      "exp_grammar": 2,
      "exp_vocab": 3,
      "exp": 4
    }
  },
  "correction": [],
  "info": {
    "essay_id": "ESSAY_34333",
    "essay_prompt": " 영화에는 로맨스, 액션, 스릴러 등 정말 많은 장르가 있습니다. 사람마다 좋아하는 장르가 있고 절대 보지 않는 장르도 있습니다.\r\n\r\n 독서도 마찬가지입니다. 소설, 수필, 시, 만화, 위인전 등 여러가지 장르가 있습니다.\r\n\r\n 여러분은 어떤 장르를 좋아하나요? 그리고 해당 장르에서 가장 재미있게 봤던 영화나 책은 무엇인가요?\r\n\r\n 자신이 봤던 영화 혹은 책을 한 편 선정하여 주제와 내용 그리고 느낀점을 감상문으로 작성해주세요.",
    "essay_type": "설명글",
    "essay_level": "3",
    "essay_len": 421,
    "essay_main_subject": "영화/독서감상문"
  }
}