{
  "paragraph": [
    {
      "paragraph_txt": "두개의 별 두개의 지도라는 책을 읽고 친구들과 토론을 하였다.#@문장구분# 다양한 이야기들을 나누었지만 그 중에서도 기억에 남는것은 다산과 연암의 기본적인 성질의 차이일것이다.#@문장구분# 머리부터 발끝까지, 생김새부터 책을 쓰는 방식까지 모든게 이질적이었다는 사실이 매우 신기했다는 점을 모두가 공유하고 있었다는 것이다.#@문장구분# 토론 과정중에 조리있게 말을 하지 못해서 내가 생각하던 것을 말하지 못했는데 그건 연암과 다산 중에서 내가 마음에 더 들었던 인물은 연암이였다는 점이라는 것이다.#@문장구분# 왜냐하면 다산에 비해서 연암이 더 재미있고 더 사람이 자유로운 분위기가 느껴졌기 때문이다.#@문장구분# 특히 열하일기에서 그의 성품이 많이 드러나는데 청나라 황제를 알현하러 가는 길에서 일어난 다양한 사건들과 청나라 수도에 도착한 이후에도 그가 겪은 다양한 일들은 매우 흥미롭게 나에게 다가왔다.#@문장구분# 반면에 다산은 공무원 조직의 최종 보스같은 느낌이라서 조금 문체들이 딱딱한것이 나에게 영 맞지 않았다.#@문장구분# 어찌되었든 또 기억에 남는것 중 하나는 다산과 연암이 생전에 한번도 만나지 않았다는 사실이다.#@문장구분# 매우 놀라운것이 한시대를 풍미했던 두 거두가 한 번도 만나지 않았고 그들이 남긴 책들에도 서로의 흔적을 거의 찾아 볼 수 없었다는 점은 지금까지도 미스테리이다.#@문장구분# 아마도 둘이 같은 시기를 살아가긴했으나 나이차가 좀 많다 보니 서로 전성기가 달랐기 때문이지 않을까 하고 유추해본다.#@문장구분# 만약 지금 대한민국에 연암과 다산 중 한명의 인물을 소환시켜서 일을 시켜야한다면 누가 더 대한민국에 도움이 될까?#@문장구분# 내가 좋아하는 인물과는 별개로 다산이 현재 우리나라에 필요하지 않을까 싶다. #@문장구분#아무래도 정치적으로 많이 혼란스러운 와중에 다산 같이 사회의 기둥으로서 역할을 해준다면 사회가 빨리 안정화 될수 있을 것이라고 생각하기 때문이다.#@문장구분#",
      "paragraph_len": 1132,
      "paragraph_id": "001"
    }
  ],
  "score": {
    "paragraph_score": [
      {
        "paragraph_scoreT": [
          3,
          2.8333333,
          2.5
        ],
        "paragraph_scoreT_detail": {
          "paragraph_scoreT_exp": [
            [
              3,
              3,
              3
            ],
            [
              3,
              3,
              2
            ],
            [
              2,
              3,
              2
            ]
          ]
        },
        "paragraph_scoreT_avg": 2.7777777,
        "paragraph_id": "001"
      }
    ],
    "essay_scoreT": [
      30,
      27.166666,
      24.944445
    ],
    "essay_scoreT_avg": 27.370369,
    "essay_scoreT_detail": {
      "essay_scoreT_org": [
        [
          3,
          3,
          3,
          3
        ],
        [
          3,
          2,
          3,
          2
        ],
        [
          2,
          2,
          3,
          2
        ]
      ],
      "essay_scoreT_cont": [
        [
          3,
          3,
          0,
          3
        ],
        [
          3,
          2,
          0,
          3
        ],
        [
          3,
          2,
          0,
          3
        ]
      ],
      "essay_scoreT_exp": [
        [
          3,
          3,
          3
        ],
        [
          3,
          3,
          2
        ],
        [
          2,
          3,
          2
        ]
      ]
    }
  },
  "student": {
    "date": "2021.09.07",
    "student_educated": true,
    "student_grade": "고등_1학년",
    "location": "051",
    "student_grade_group": "고등",
    "student_reading": 1
  },
  "rubric": {
    "essay_grade": "고등_1학년",
    "organization_weight": {
      "org_paragraph": 2,
      "org": 2,
      "org_essay": 4,
      "org_coherence": 2,
      "org_quantity": 1
    },
    "essay_type": "설명글",
    "content_weight": {
      "con_clearance": 4,
      "con_novelty": 3,
      "con": 4,
      "con_prompt": 0,
      "con_description": 1
    },
    "essay_main_subject": "영화/독서감상문",
    "expression_weight": {
      "exp_style": 1,
      "exp_grammar": 2,
      "exp_vocab": 3,
      "exp": 4
    }
  },
  "correction": [],
  "info": {
    "essay_id": "ESSAY_34108",
    "essay_prompt": " 영화에는 로맨스, 액션, 스릴러 등 정말 많은 장르가 있습니다. 사람마다 좋아하는 장르가 있고 절대 보지 않는 장르도 있습니다.\r\n\r\n 독서도 마찬가지입니다. 소설, 수필, 시, 만화, 위인전 등 여러가지 장르가 있습니다.\r\n\r\n 여러분은 어떤 장르를 좋아하나요? 그리고 해당 장르에서 가장 재미있게 봤던 영화나 책은 무엇인가요?\r\n\r\n 자신이 봤던 영화 혹은 책을 한 편 선정하여 주제와 내용 그리고 느낀점을 감상문으로 작성해주세요.",
    "essay_type": "설명글",
    "essay_level": "3",
    "essay_len": 873,
    "essay_main_subject": "영화/독서감상문"
  }
}