{
  "paragraph": [
    {
      "paragraph_txt": "이 책은 우리 귓속의 달팽이관, 살아있는 화석 앵무조개, DNA분자 구조 등 모두 나선형이라는 것을 알려준다.#@문장구분# 그리고 아름답고 신비롭고 영원의 느낌을 강렬하게 불러일으키는 도형이며 주기적이지만 반복적이진 않고 끝은 없지만 무한하지는 않은 나선은 '완벽한도형'이라고 설명한다.#@문장구분# 우리 인간은 나선 모양을 보면 홀리듯 빠져든다. #@문장구분#저자는 나선이 만드는 모양이 우리의 눈과 마음을 사로잡는다고 생각한다. #@문장구분#실제로 어린 아이들이 무심코 낙서하는 그림에는 나선 모양을 굉장히 많이 볼 수 있다.#@문장구분# 나선은 고대 그리스의 아르키메데스를 비롯해서 위대한 학자들의 마음을 사로잡아 '완벽한 도형'으로 불렸다.#@문장구분# 데카르트, 뉴턴 등은 나선을 수학적으로 증명함으로서 천체의 운동을 증명할 수 있었다. #@문장구분#나선은 철학자와 수학자 뿐만 아니라 예술가와 건축가들에게도 영향을 미쳤다.#@문장구분# 장신구, 고급 저택, 신전 기둥머리 등 눈길 닿는 곳 어디든 만날 수 있다고 한다.#@문장구분# 그래서 저자는 예술, 건축, 수학, 인체 등 서로 관계가 있는 모든 곳에서 나선을 찾아 이야기로 풀어나간다.#@문장구분#고대에 지어진 나선 계단은 왼쪽으로 돌아 올라가는 나선 계단이 많다.#@문장구분# 그리고 보어스 앤 윌킨스사의 노틸러스 스피커는 나선형으로 만들어져서 스피커의 부피는 줄이고 소리의 손실은 적게 할 수 있었다고 말했다.#@문장구분# 이것은 인간의 귓 속에 있는 달팽이관과 같은 원리를 다루고 있다고 설명한다.#@문장구분# 우리가 나선에 매혹되는 이유는 인간 뇌의 시각 기능과 관련이 있다라고 추측할 수 있다.#@문장구분# 이 책은 전혀 관련이 없는 내용을 나선 이라는 주제를 가지고 점점 중심내용으로 다가가는 것처럼 구성되어있다. #@문장구분#게다가 나선이 과학과 수학, 특히 기하학적으로 어떤 의미를 띠고 있는지를 풍부하고 다양한 그림과 사진들과 살펴볼 수 있다.#@문장구분# 마지막으로 나선이라는 구조는 어릴 적 많은 곳에 서 볼 수 있었다.#@문장구분# 게다가 내용에서 말한 것과 같이 낙서를 할 때도 나선모양의 낙서를 한 적 또한 많았다.#@문장구분# 이런한 내용을 다루면서 몰랐던 내용이 정말 많았고 교과서에서 다루지 않은 내용인데도 나선이라는 구조에 흥미를 가지게 되었고 한번 배워보고 싶다는 생각이 들었다.#@문장구분# 그리고 나선구조를 계속해서 보면서 착시현상에도 나선구조를 많이 봤던 기억이 났다.#@문장구분# 계속해서 빙글빙글 돌고 있는 것처럼 보이지만 사실은 가만히 있는 그런 사진을 오랜만에 다시 한번 보고싶었다.#@문장구분#",
      "paragraph_len": 1565,
      "paragraph_id": "001"
    }
  ],
  "score": {
    "paragraph_score": [
      {
        "paragraph_scoreT": [
          2.5,
          2.8333333,
          2
        ],
        "paragraph_scoreT_detail": {
          "paragraph_scoreT_exp": [
            [
              2,
              3,
              2
            ],
            [
              3,
              3,
              2
            ],
            [
              2,
              2,
              2
            ]
          ]
        },
        "paragraph_scoreT_avg": 2.4444444,
        "paragraph_id": "001"
      }
    ],
    "essay_scoreT": [
      23.166666,
      23.555555,
      23.5
    ],
    "essay_scoreT_avg": 23.407408,
    "essay_scoreT_detail": {
      "essay_scoreT_org": [
        [
          2,
          3,
          2,
          3
        ],
        [
          2,
          2,
          2,
          3
        ],
        [
          2,
          2,
          2,
          2
        ]
      ],
      "essay_scoreT_cont": [
        [
          2,
          2,
          0,
          3
        ],
        [
          2,
          2,
          0,
          2
        ],
        [
          3,
          3,
          0,
          2
        ]
      ],
      "essay_scoreT_exp": [
        [
          2,
          3,
          2
        ],
        [
          3,
          3,
          2
        ],
        [
          2,
          2,
          2
        ]
      ]
    }
  },
  "student": {
    "date": "2021.09.09",
    "student_educated": true,
    "student_grade": "고등_1학년",
    "location": "051",
    "student_grade_group": "고등",
    "student_reading": 1
  },
  "rubric": {
    "essay_grade": "고등_1학년",
    "organization_weight": {
      "org_paragraph": 2,
      "org": 2,
      "org_essay": 4,
      "org_coherence": 2,
      "org_quantity": 1
    },
    "essay_type": "설명글",
    "content_weight": {
      "con_clearance": 4,
      "con_novelty": 3,
      "con": 4,
      "con_prompt": 0,
      "con_description": 1
    },
    "essay_main_subject": "영화/독서감상문",
    "expression_weight": {
      "exp_style": 1,
      "exp_grammar": 2,
      "exp_vocab": 3,
      "exp": 4
    }
  },
  "correction": [],
  "info": {
    "essay_id": "ESSAY_34810",
    "essay_prompt": " 영화에는 로맨스, 액션, 스릴러 등 정말 많은 장르가 있습니다. 사람마다 좋아하는 장르가 있고 절대 보지 않는 장르도 있습니다.\r\n\r\n 독서도 마찬가지입니다. 소설, 수필, 시, 만화, 위인전 등 여러가지 장르가 있습니다.\r\n\r\n 여러분은 어떤 장르를 좋아하나요? 그리고 해당 장르에서 가장 재미있게 봤던 영화나 책은 무엇인가요?\r\n\r\n 자신이 봤던 영화 혹은 책을 한 편 선정하여 주제와 내용 그리고 느낀점을 감상문으로 작성해주세요.",
    "essay_type": "설명글",
    "essay_level": "3",
    "essay_len": 1147,
    "essay_main_subject": "영화/독서감상문"
  }
}