{
  "paragraph": [
    {
      "paragraph_txt": "이번 시간에는 이미 오래전부터 전세계적으로 유명한 찰스다윈의 진화론 저서 종의 기원이란 책에 대하여 읽어 보았습니다.#@문장구분# 제가 이책을 읽게 된 계기는 제 진로와 밀접한 관련이 있는 책이라 생각하여 읽게 되었습니다. #@문장구분#고등학교에 와서 진로에 대해 고민을 하던도중 우연히 수의사라는 직업에 대해 찾아보고 흥미를 느꼈습니다.#@문장구분# 평소에도 동물을 좋아하여서 더욱이 저에게 맞다고 느껴서 수의학과 관련된 책을 1학년 때부터 읽던 도중 일부 수의대학교에서 이 종의 기원이라는 책을 필독 도서로 권장하는 것을 보고 이 책을 읽게 되었습니다.#@문장구분# 그러면 이제 본론으로 들어가도록 하겠습니다.#@문장구분# 이 책의 첫부분에는 인간이 비둘기를 육종시켜 인간들이 원하는 형태의 비둘기를 얻는다는 내용에서 시작합니다.#@문장구분# 그러면서 점점 다윈은 비둘기 뿐 아니라 인간까지 '자연'이라는 육종이 지구상의 생명체를 다양하고 아름답게 만들었다고 합니다.#@문장구분# 이때 자연의 육종이란 바로 '자연 선택'입니다.#@문장구분# 한 종 내에서 변이로 다양한 형질이 나타나고 그에따라 환경에 더 적합하게 적응 할 수있는 개체가 자연선택되어서 번식을 하면서 종이 점점 천천히 진화한다는 것입니다.#@문장구분# 물론 인간도예외가 아니였습니다.#@문장구분# 그러하여 이 내용 때문에 종의 기원이라는 책은 초반에는 많은 비난을 받았었는데요, 당시 유럽사회에서는 교회의 세력이 막강하였기 때문에 인간이 만물의 영장이 아니고 창조주로부터 만들어진것이 아닌 다른 생명이 변화하였다는 말은 교회세력의 권위를 낮추고 신중심주의에 대한 도전이였습니다.#@문장구분# 하지만 곧 점점 시간이 흐르면서 다윈의 이론이 받아드려지기 시작합니다.#@문장구분# 하지만 그럼에도 불구하고 여전히 많은 이들은 다윈을 조롱하였는데요.#@문장구분# 심지어는 19세기 후반에는 진화론을 빙자하는 우생학이 생겨나면서 특정 인종과 민족 우원성에 대한 잘못된 믿음이 자리잡으면서 식민통치, 제국주의 등의 비인간적인 행위들을 정당화하며 시행하는 사고까지 나게 됩니다.#@문장구분# 그리고 여전히 몇몇 사람들은 이러한 잘못된 믿음을 믿고 있을 수도 있습니다.#@문장구분# 그리고 또 우리가 진화에대해 잘못알고 있는 통념이 하나 있습니다.#@문장구분# 흔히들 원숭이, 침팬지와 같은 영장류들이 진화를 하여 인간이 되었다고 믿고 있는 사람들이 있습니다.#@문장구분# 그리고 진화라 생각하면 어류가 양서류로, 양서류가 파충류, 포유류 등의 과정을 거쳐 인간이 되었다 믿고 있습니다.#@문장구분# 하지만 이러한 통념은 잘못된 것이였습니다.#@문장구분# 사람들은 진화가 일직선으로만 일어나고 진화를 할수록 더욱 고등한 생물로 진보해 가는과정으로 알고 있습니다.#@문장구분# 여기서 중요한 것은 진화란 진보가 아니며 방향성도 없고 의도적이지도 않습니다.#@문장구분# 진화는 목적과 방향 없이 맹목적으로 자나라는 \"생명의 나무\"와 같습니다.#@문장구분# 일직선 상으로 일어나는 것이 아니라 마치 나무에 나뭇가지가 자라나는 과정처럼 뻣어 나가면서 진화를 합니다. #@문장구분#인류도 포유류에서 원시 영장류로 가지를 뻣어나가면서 현재의 인간이 나오게 되었습니다.#@문장구분# 즉 이말은 원숭이, 침팬지가 우리의 조상이 아니라는 것입니다. #@문장구분#침팬지와 인간 사이에는 공통 조상이 존재하고 이 공통 조상으로부터 서로 다르게 진화하여 갈라져 나온 종입니다. #@문장구분#예를 들어 말하자면, 재규어, 치타, 퓨마, 표범, 호랑이 등은 다 같은 고양잇과 동물로써 얼추 비슷하게는 보이나 자세히 보면 생김새나 활동이나 분포영역까지 다 다릅니다.#@문장구분# 이러한 것을 보면 이러한 개체들이 동일한 조상으로부터 진화하였다는 것을 알수 있습니다.#@문장구분# 진화론의 문제점을 지적하는 사람들은 왜 침팬치가 인간이 되지 않냐고 묻는 것도 이와같은 사례입니다.#@문장구분# 만약에 침팬치가 인간이 되는 사례를 찾아볼수 있다면 진화론은 즉각 폐기해야됩니다.#@문장구분# 생명의 나뭇가지에서는 침팬치가 가지를건너 뛰어서 인간이 될수 없기 때문입니다.#@문장구분# 앞으로 시간이 지날수록 침팬지와 인간은 각자 다른 갈래로 진화할 것입니다. #@문장구분#이런 교훈으로써 진화론은 우리에게 우리는 40억년 동안이나 자라온 생명의 나무에서 이제막 뻣어나온 새싹들이라는 겁니다. #@문장구분#그리고 지구 상의 모든 생명체들은 저마다 처한 환경에 다르게 진화하였기 때문에 이들 사이에 우월성과 열등성은 가릴수 없습니다.#@문장구분# 이런 내용을 바탕으로 마지막까지 진화론은 우리에게 생명의 경이로움을 마음속에 명시해 줍니다.#@문장구분# 우리가 식물보다 우월할까요?#@문장구분# 우리가 침팬지들보다 우원할까요? #@문장구분#우리는 이러한 질문에 대해서 대답할 수 없습니다. #@문장구분#따지고 말해보면 인간의 번식 속도는 박테리아의 발끝만도 못 미칩니다.#@문장구분# 이러한 철학적 메세지를 느끼면서 지난 수년간 우리가 같은 인류에게 행하였던 비인간적인 학살등과 같은 행위가 얼마나 잘못된것이였을까요?#@문장구분# 저는 이책은 저가 옛날부터 지금까지 가지고 있었던 통념이나 가치에 대해 성찰하고 이러한 가치를 바꿀 기회를 제공하고 있습니다.#@문장구분# 저도 한때는 진화는 일직선 상으로 일어난다고 생각하였지만 이 책을 보면서 그것이 틀린 사실이였다는 것을 알게 되었습니다. #@문장구분#이 책의 장점으로는 다른 물리학, 화학도서와는 달리 복잡한 수식없이 오직 간결하게 진화에 대한 내용을 증명시켜 줍니다.#@문장구분#그러하여 보는 내내 이해도 잘되고 마지막에는 생명의 경이로움과 철학적 교훈을 새겨주면서 감동을 선사하였습니다.#@문장구분# 그리고 중간중간 자연선택설에 관해 나오는 핀치새나 기린의 목이 왜 길어졌는가와 같은 중, 고등학교를 다니며 과학시간에 배웠던 내용을 다시 보게 되어 이해도 더 잘 되고 책이 좀 더 친근하게 다가와진 것 같습니다.#@문장구분# 단점으로는 내용적 측면이 너무 방대하여 살짝 복잡할 때도있었지만 그래도 저는 이 책이 저가 지금까지 읽었던 책들중 가장 도움이 많이 되고 저에게 깊은 인상을 주었던 책이라 생각이 듭니다.#@문장구분# 딱딱하게 느껴만 지는 과학이라는 이론을 이렇게 낭만적으로 해석하는 책이 이 책 말고도 있을까 하는생각이 들 정도였습니다.#@문장구분# 이렇게 저는 이 책을 읽으면서 지난 통념을 버리고 인간이라는 종의 존재를 제대로 이해하면서 인류적 측면으로 한 단계 더 도약할 수있었다고 생각합니다.#@문장구분#",
      "paragraph_len": 3812,
      "paragraph_id": "001"
    }
  ],
  "score": {
    "paragraph_score": [
      {
        "paragraph_scoreT": [
          2.6666667,
          2.6666667,
          1.8333334
        ],
        "paragraph_scoreT_detail": {
          "paragraph_scoreT_exp": [
            [
              2,
              3,
              3
            ],
            [
              2,
              3,
              3
            ],
            [
              2,
              2,
              1
            ]
          ]
        },
        "paragraph_scoreT_avg": 2.388889,
        "paragraph_id": "001"
      }
    ],
    "essay_scoreT": [
      28.666668,
      28.666668,
      16.5
    ],
    "essay_scoreT_avg": 24.611113,
    "essay_scoreT_detail": {
      "essay_scoreT_org": [
        [
          3,
          3,
          3,
          3
        ],
        [
          3,
          3,
          3,
          3
        ],
        [
          1,
          1,
          2,
          2
        ]
      ],
      "essay_scoreT_cont": [
        [
          3,
          3,
          0,
          3
        ],
        [
          3,
          3,
          0,
          3
        ],
        [
          2,
          1,
          0,
          2
        ]
      ],
      "essay_scoreT_exp": [
        [
          2,
          3,
          3
        ],
        [
          2,
          3,
          3
        ],
        [
          2,
          2,
          1
        ]
      ]
    }
  },
  "student": {
    "date": "2021.09.13",
    "student_educated": true,
    "student_grade": "고등_1학년",
    "location": "063",
    "student_grade_group": "고등",
    "student_reading": 1
  },
  "rubric": {
    "essay_grade": "고등_1학년",
    "organization_weight": {
      "org_paragraph": 2,
      "org": 2,
      "org_essay": 4,
      "org_coherence": 2,
      "org_quantity": 1
    },
    "essay_type": "설명글",
    "content_weight": {
      "con_clearance": 4,
      "con_novelty": 3,
      "con": 4,
      "con_prompt": 0,
      "con_description": 1
    },
    "essay_main_subject": "영화/독서감상문",
    "expression_weight": {
      "exp_style": 1,
      "exp_grammar": 2,
      "exp_vocab": 3,
      "exp": 4
    }
  },
  "correction": [],
  "info": {
    "essay_id": "ESSAY_34573",
    "essay_prompt": " 영화에는 로맨스, 액션, 스릴러 등 정말 많은 장르가 있습니다. 사람마다 좋아하는 장르가 있고 절대 보지 않는 장르도 있습니다.\r\n\r\n 독서도 마찬가지입니다. 소설, 수필, 시, 만화, 위인전 등 여러가지 장르가 있습니다.\r\n\r\n 여러분은 어떤 장르를 좋아하나요? 그리고 해당 장르에서 가장 재미있게 봤던 영화나 책은 무엇인가요?\r\n\r\n 자신이 봤던 영화 혹은 책을 한 편 선정하여 주제와 내용 그리고 느낀점을 감상문으로 작성해주세요.",
    "essay_type": "설명글",
    "essay_level": "3",
    "essay_len": 2853,
    "essay_main_subject": "영화/독서감상문"
  }
}