{
  "paragraph": [
    {
      "paragraph_txt": "영어시간에 본문으로 나온 오헨리의 단편소설인 the cactus를 읽게 되었다.#@문장구분# 트레스데일과 그의 친구 그리고 그의 연인이 나온다.#@문장구분# 트레스데일은 유일하게 그녀에게 거짓말을 한 것이 있는데 그것은 스페인어를 유창하게 한다고 말했던 것이다.#@문장구분# 결혼까지 생각하게 되고 마침 프로포즈를 하게 되는데 그녀는 답 대신 ventomarme라는 말이 적힌 화분을 다음 날 선물한다.#@문장구분# ventomarme라는 뜻은 '와서 나를데려가'라는 뜻으로 승락을 한 것이지만 그는 몰라서 그녀와의 관계가 틀어지고 그녀는 다른 남자와 결혼하게 된다.#@문장구분# 그리고 그의 친구에게 ventomarme의 뜻을 물어보게 되고, 그는 매우 후회하게 된다.#@문장구분# 깊은 신뢰와 존경을 받던 트레스데일을 거짓말이란 것 하나로 관계를 틀어져버리게 만드는 것에 경각심을 느끼게 되었다.#@문장구분# 거짓말은 해서도 안되며, 모든 것을 사실로 말하고 신뢰를 얻어 관계를 이어나가는 것이 정말 중요하다고 느꼈다.#@문장구분# 일상생활에서 거짓말은 물론 연인관계에서도 거짓말은 있어서는 안된다고 다시 한 번 느끼게 되었다.#@문장구분# 오 헨리의 단편소설 the cactus는 신뢰,존경과 거짓말이라는 대조되는 것으로 인상이 깊게 남았다.#@문장구분# 누구나 한 번 읽어 봤으면 좋겠다.#@문장구분#",
      "paragraph_len": 819,
      "paragraph_id": "001"
    }
  ],
  "score": {
    "paragraph_score": [
      {
        "paragraph_scoreT": [
          2.6666667,
          3,
          1.8333334
        ],
        "paragraph_scoreT_detail": {
          "paragraph_scoreT_exp": [
            [
              3,
              3,
              1
            ],
            [
              3,
              3,
              3
            ],
            [
              2,
              2,
              1
            ]
          ]
        },
        "paragraph_scoreT_avg": 2.5000002,
        "paragraph_id": "001"
      }
    ],
    "essay_scoreT": [
      17.61111,
      26.666666,
      17.833334
    ],
    "essay_scoreT_avg": 20.703705,
    "essay_scoreT_detail": {
      "essay_scoreT_org": [
        [
          2,
          2,
          1,
          0
        ],
        [
          2,
          3,
          3,
          1
        ],
        [
          2,
          2,
          2,
          2
        ]
      ],
      "essay_scoreT_cont": [
        [
          2,
          1,
          0,
          2
        ],
        [
          3,
          2,
          0,
          2
        ],
        [
          2,
          1,
          0,
          2
        ]
      ],
      "essay_scoreT_exp": [
        [
          2,
          2,
          2
        ],
        [
          3,
          3,
          3
        ],
        [
          2,
          2,
          1
        ]
      ]
    }
  },
  "student": {
    "date": "2021.09.13",
    "student_educated": true,
    "student_grade": "고등_1학년",
    "location": "063",
    "student_grade_group": "고등",
    "student_reading": 1
  },
  "rubric": {
    "essay_grade": "고등_1학년",
    "organization_weight": {
      "org_paragraph": 2,
      "org": 2,
      "org_essay": 4,
      "org_coherence": 2,
      "org_quantity": 1
    },
    "essay_type": "설명글",
    "content_weight": {
      "con_clearance": 4,
      "con_novelty": 3,
      "con": 4,
      "con_prompt": 0,
      "con_description": 1
    },
    "essay_main_subject": "영화/독서감상문",
    "expression_weight": {
      "exp_style": 1,
      "exp_grammar": 2,
      "exp_vocab": 3,
      "exp": 4
    }
  },
  "correction": [],
  "info": {
    "essay_id": "ESSAY_34472",
    "essay_prompt": " 영화에는 로맨스, 액션, 스릴러 등 정말 많은 장르가 있습니다. 사람마다 좋아하는 장르가 있고 절대 보지 않는 장르도 있습니다.\r\n\r\n 독서도 마찬가지입니다. 소설, 수필, 시, 만화, 위인전 등 여러가지 장르가 있습니다.\r\n\r\n 여러분은 어떤 장르를 좋아하나요? 그리고 해당 장르에서 가장 재미있게 봤던 영화나 책은 무엇인가요?\r\n\r\n 자신이 봤던 영화 혹은 책을 한 편 선정하여 주제와 내용 그리고 느낀점을 감상문으로 작성해주세요.",
    "essay_type": "설명글",
    "essay_level": "3",
    "essay_len": 599,
    "essay_main_subject": "영화/독서감상문"
  }
}