{
  "paragraph": [
    {
      "paragraph_txt": "최근에 집에서 '연평해전'이라는 영화를 다시보기로 봤다.#@문장구분# 2015년도 쯔음에 개봉한 영화인데, 그 때 영화관에서 본 기억이 나서 거의 6년만에 다시 보게되었다.#@문장구분# 영화에서 다루고 있는 사건인 제2 연평해전은 대한민국의 열기가 온통 빨간 피로, 월드컵으로 물들던 시기에 일어난 남북 사이의 해전을 말한다.#@문장구분# 2002년 6월 29일 아무런 징후없이 북한이 선제공격을 가하여 우리의 해군 배가 화염에 휩싸인 역사적인 일을 다룬 영화이다. #@문장구분#우리의 배 참수리 1척이 침몰하고 6명이 전사하였으며 19명이 부상을 당하였다. #@문장구분#영화에서는 윤영하, 한상국, 박동혁의 이야기로 이야기가 펼쳐지게 되고 그들이 끝내 맞이하는 죽음도 영화에서 볼 수 있었다.#@문장구분# 한국과 터키의 3,4위전 경기에서 모든 국민들의 열기가 거기로 향하던 날 일어난 일이라는 것이 정말 슬펐다.#@문장구분# 사람들은 2002년을 떠올리면 월드컵을 생각한다.#@문장구분# 하지만 2002년엔 그들의 숭고한 희생과 죽음이 서해 바다에 남아있다.#@문장구분# 내가 2002년에 태어나지 않았지만 그들이 잊혀져 가는 것은 아닌가 하는 생각에 몹시 안타까운 마음이 들었다. #@문장구분#그래서 이 영화가 만들어지지 않았나 하고 생각이 든다. #@문장구분#실화이기에 더 가슴아픈 이야기였다. #@문장구분#누군가의 자랑스러운 아들이였던 그들이 나라를 위해 싸운 희생정신을 느낄 수 있었다.#@문장구분# 이 시대에도 마찬가지라고 생각한다.#@문장구분# 북한과의 통일을 생각하기 이전에 우리는 북한과 휴전중에 있다.#@문장구분# 38선을 두고 어떻게 평화를 운운하겠으며, 잊혀져가는 이러한 많은 사람들의 죽음을 기억하지 못하고서야 이러한 일을 방지할 수 있겠는가.#@문장구분# 사람들은 세월호 사건과 같이 크게 이슈화된 사건들은 아주 잘 기억한다.#@문장구분# 물론 세월호는 기억되어야 할 사건이다.#@문장구분# 그러나 연평해전을 기억하는 이들은 많이 없을것이다.#@문장구분# 또 연평해전 뿐만 아니라 대한민국을 위해 싸운 그 한 마음마음들 덕분에 우리가 편히 먹고 자고 쉬고 학교에 나갈 수 있는것이 아닌가 생각하니 저절로 감사하게 되었다.#@문장구분# 나에게도 가장 필요한 것은 애국심인 것 같다. #@문장구분#누군가는 오바라고 생각할 수 있겠지만 일어나지 않을 일이라고 안일해서는 안된다고 생각한다. #@문장구분#이번 연평해전을 보며 2015년에는 느낄 수 없었던 많은 것을 느낄 수 있었다.#@문장구분# 애국심, 누군가는 가지지 않고 있는 마음일테지만 가졌을 때 힘이 아주 크다는 것을 느꼈다.#@문장구분# 이 시대 젊은이들이 이러한 일들을 기억하고 애국심을 가지는 것이 주어진 과제인 것 같다.#@문장구분#",
      "paragraph_len": 1680,
      "paragraph_id": "001"
    }
  ],
  "score": {
    "paragraph_score": [
      {
        "paragraph_scoreT": [
          3,
          2.8333333,
          2.8333333
        ],
        "paragraph_scoreT_detail": {
          "paragraph_scoreT_exp": [
            [
              3,
              3,
              3
            ],
            [
              3,
              3,
              2
            ],
            [
              3,
              3,
              2
            ]
          ]
        },
        "paragraph_scoreT_avg": 2.8888886,
        "paragraph_id": "001"
      }
    ],
    "essay_scoreT": [
      30,
      26.444445,
      27.833332
    ],
    "essay_scoreT_avg": 28.09259,
    "essay_scoreT_detail": {
      "essay_scoreT_org": [
        [
          3,
          3,
          3,
          3
        ],
        [
          2,
          3,
          3,
          3
        ],
        [
          3,
          3,
          3,
          3
        ]
      ],
      "essay_scoreT_cont": [
        [
          3,
          3,
          0,
          3
        ],
        [
          3,
          2,
          0,
          2
        ],
        [
          3,
          2,
          0,
          3
        ]
      ],
      "essay_scoreT_exp": [
        [
          3,
          3,
          3
        ],
        [
          3,
          3,
          2
        ],
        [
          3,
          3,
          2
        ]
      ]
    }
  },
  "student": {
    "date": "2021.09.13",
    "student_educated": true,
    "student_grade": "고등_1학년",
    "location": "051",
    "student_grade_group": "고등",
    "student_reading": 1
  },
  "rubric": {
    "essay_grade": "고등_1학년",
    "organization_weight": {
      "org_paragraph": 2,
      "org": 2,
      "org_essay": 4,
      "org_coherence": 2,
      "org_quantity": 1
    },
    "essay_type": "설명글",
    "content_weight": {
      "con_clearance": 4,
      "con_novelty": 3,
      "con": 4,
      "con_prompt": 0,
      "con_description": 1
    },
    "essay_main_subject": "영화/독서감상문",
    "expression_weight": {
      "exp_style": 1,
      "exp_grammar": 2,
      "exp_vocab": 3,
      "exp": 4
    }
  },
  "correction": [],
  "info": {
    "essay_id": "ESSAY_34129",
    "essay_prompt": " 영화에는 로맨스, 액션, 스릴러 등 정말 많은 장르가 있습니다. 사람마다 좋아하는 장르가 있고 절대 보지 않는 장르도 있습니다.\r\n\r\n 독서도 마찬가지입니다. 소설, 수필, 시, 만화, 위인전 등 여러가지 장르가 있습니다.\r\n\r\n 여러분은 어떤 장르를 좋아하나요? 그리고 해당 장르에서 가장 재미있게 봤던 영화나 책은 무엇인가요?\r\n\r\n 자신이 봤던 영화 혹은 책을 한 편 선정하여 주제와 내용 그리고 느낀점을 감상문으로 작성해주세요.",
    "essay_type": "설명글",
    "essay_level": "3",
    "essay_len": 1182,
    "essay_main_subject": "영화/독서감상문"
  }
}