{
  "paragraph": [
    {
      "paragraph_txt": "감상문: 모태솔로 팀은 성인이 된 날, 아버지로부터 놀랄만한 가문의 비밀을 듣게 된다.#@문장구분# 바로 시간을 되돌릴 수 있는 능력이 있다는 것!#@문장구분# 그것이 비록 히틀러를 죽이거나 여신과 뜨거운 사랑을 할 수는 없지만, 여자친구는 만들어 줄 순 있으리 꿈을 위해 런던으로 간 팀은 우연히 만난 사랑스러운 여인 메리에게 첫눈에 반하게 된다.#@문장구분# 그녀의 사랑을 얻기 위해 자신의 특별한 능력을 마음껏 발휘하는 팀.#@문장구분# 어설픈 대시, 어색한 웃음은 리와인드 꿈에 그리던 그녀와 매일매일 최고의 순간을 보낸다.#@문장구분# 하지만 그와 그녀의 사랑이 완벽해질수록 팀을 둘러싼 주변 상황들은 미묘하게 엇갈리고, 예상치 못한 사건들이 여기저기 나타나기 시작하는데, 어떠한 순간을 다시 살게 된다면, 과연 완벽한 사랑을 이룰 수 있을지 없을지 너무 흥미롭다.#@문장구분# 그리고 주인공인 팀이 시간여행을 하면서 마지막에 자신만의 교훈을 얻는것도 인상적 이었다.#@문장구분# 내가 만약 팀처럼 시간여행을 한다면 나도 새로운 교훈을 얻을 수 있을지 궁금하다.#@문장구분# 그리고 팀의 첫사랑인 샬롯과 이어질줄 알았는데 메리와 이어져서 놀라웠고 팀의 동생인 키켓이 과거와 다른 좋은 남자를 만나서 너무 뿌듯했다!#@문장구분# 나는 시간여행을 할수는 없지만 마지막에 팀의 교훈처럼 평범한 일상을 보내지만 하루하루 값지고 소중하게 대할 것이다.#@문장구분#",
      "paragraph_len": 837,
      "paragraph_id": "001"
    }
  ],
  "score": {
    "paragraph_score": [
      {
        "paragraph_scoreT": [
          3,
          2.8333333,
          1.8333334
        ],
        "paragraph_scoreT_detail": {
          "paragraph_scoreT_exp": [
            [
              3,
              3,
              3
            ],
            [
              3,
              3,
              2
            ],
            [
              2,
              2,
              1
            ]
          ]
        },
        "paragraph_scoreT_avg": 2.5555556,
        "paragraph_id": "001"
      }
    ],
    "essay_scoreT": [
      30,
      25.833332,
      17.833334
    ],
    "essay_scoreT_avg": 24.555555,
    "essay_scoreT_detail": {
      "essay_scoreT_org": [
        [
          3,
          3,
          3,
          3
        ],
        [
          2,
          2,
          2,
          2
        ],
        [
          2,
          2,
          2,
          2
        ]
      ],
      "essay_scoreT_cont": [
        [
          3,
          3,
          0,
          3
        ],
        [
          3,
          2,
          0,
          3
        ],
        [
          2,
          1,
          0,
          2
        ]
      ],
      "essay_scoreT_exp": [
        [
          3,
          3,
          3
        ],
        [
          3,
          3,
          2
        ],
        [
          2,
          2,
          1
        ]
      ]
    }
  },
  "student": {
    "date": "2021.09.13",
    "student_educated": true,
    "student_grade": "고등_1학년",
    "location": "051",
    "student_grade_group": "고등",
    "student_reading": 2
  },
  "rubric": {
    "essay_grade": "고등_1학년",
    "organization_weight": {
      "org_paragraph": 2,
      "org": 2,
      "org_essay": 4,
      "org_coherence": 2,
      "org_quantity": 1
    },
    "essay_type": "설명글",
    "content_weight": {
      "con_clearance": 4,
      "con_novelty": 3,
      "con": 4,
      "con_prompt": 0,
      "con_description": 1
    },
    "essay_main_subject": "영화/독서감상문",
    "expression_weight": {
      "exp_style": 1,
      "exp_grammar": 2,
      "exp_vocab": 3,
      "exp": 4
    }
  },
  "correction": [],
  "info": {
    "essay_id": "ESSAY_34123",
    "essay_prompt": " 영화에는 로맨스, 액션, 스릴러 등 정말 많은 장르가 있습니다. 사람마다 좋아하는 장르가 있고 절대 보지 않는 장르도 있습니다.\r\n\r\n 독서도 마찬가지입니다. 소설, 수필, 시, 만화, 위인전 등 여러가지 장르가 있습니다.\r\n\r\n 여러분은 어떤 장르를 좋아하나요? 그리고 해당 장르에서 가장 재미있게 봤던 영화나 책은 무엇인가요?\r\n\r\n 자신이 봤던 영화 혹은 책을 한 편 선정하여 주제와 내용 그리고 느낀점을 감상문으로 작성해주세요.",
    "essay_type": "설명글",
    "essay_level": "3",
    "essay_len": 638,
    "essay_main_subject": "영화/독서감상문"
  }
}