{
  "paragraph": [
    {
      "paragraph_txt": "이 책은 리딩팜 레벨6의 영어원서로 벼락에 대한 내용을 다루고있다.#@문장구분# 벼락과 번개는 다른 개념으로 땅으로 떨어지는 것이 벼락, 구름 에서 빛나는 것이 번개라고 한다.#@문장구분# 책에서는 벼락이 만들어지는 과정부터 알려주는데 작은 스파크들이 점점 크기가 확산해가며 만들어 진다고 한다. #@문장구분# 벼락은 구름에서 만들어지며 나무는 물론 벽돌도 파괴할 수 있는 파괴력을 지녔으며,#@문장구분# 숲을 태울정도로 매우 뜨겁다고 한다.#@문장구분# 벼락은 이처럼 굉장히 위험하지만 몇몇의 사람들의 눈에는 아름다운 풍경이 될 수 있다고 한다.#@문장구분# 저녁노을에 벼락이 치는 사진이 정말 아름다웠다.#@문장구분# 벼락은 주로 고층빌딩을 표적으로 삼아 내리기 때문에 높은곳의 피뢰침을 피하는 것이 좋고 만약 차에서 이동중 벼 락이 친다면 전기제품들을 치우고 전원을 끈뒤 차안에서 머무르는 것이 안전하다고 한다.#@문장구분# 살면서 벼락을 본적은 없지만, 앞으로 어떤일이 일어날 지 모르기 때문에 이 책을 읽은 것이 큰 도움이 될 것 같다.#@문장구분# 만약 벼락이 심하게 치는 날에 외출중이라면 올바른 대처를 할 수 있을 것이다.#@문장구분#",
      "paragraph_len": 717,
      "paragraph_id": "001"
    }
  ],
  "score": {
    "paragraph_score": [
      {
        "paragraph_scoreT": [
          2.6666667,
          2.8333333,
          1.8333334
        ],
        "paragraph_scoreT_detail": {
          "paragraph_scoreT_exp": [
            [
              2,
              3,
              3
            ],
            [
              3,
              3,
              2
            ],
            [
              2,
              2,
              1
            ]
          ]
        },
        "paragraph_scoreT_avg": 2.4444444,
        "paragraph_id": "001"
      }
    ],
    "essay_scoreT": [
      22.777779,
      28.61111,
      18.222221
    ],
    "essay_scoreT_avg": 23.203705,
    "essay_scoreT_detail": {
      "essay_scoreT_org": [
        [
          1,
          2,
          3,
          0
        ],
        [
          3,
          3,
          3,
          2
        ],
        [
          1,
          2,
          2,
          1
        ]
      ],
      "essay_scoreT_cont": [
        [
          3,
          1,
          0,
          3
        ],
        [
          3,
          3,
          0,
          2
        ],
        [
          2,
          2,
          0,
          2
        ]
      ],
      "essay_scoreT_exp": [
        [
          2,
          3,
          3
        ],
        [
          3,
          3,
          2
        ],
        [
          2,
          2,
          1
        ]
      ]
    }
  },
  "student": {
    "date": "2021.09.07",
    "student_educated": true,
    "student_grade": "고등_1학년",
    "location": "063",
    "student_grade_group": "고등",
    "student_reading": 2
  },
  "rubric": {
    "essay_grade": "고등_1학년",
    "organization_weight": {
      "org_paragraph": 2,
      "org": 2,
      "org_essay": 4,
      "org_coherence": 2,
      "org_quantity": 1
    },
    "essay_type": "설명글",
    "content_weight": {
      "con_clearance": 4,
      "con_novelty": 3,
      "con": 4,
      "con_prompt": 0,
      "con_description": 1
    },
    "essay_main_subject": "영화/독서감상문",
    "expression_weight": {
      "exp_style": 1,
      "exp_grammar": 2,
      "exp_vocab": 3,
      "exp": 4
    }
  },
  "correction": [],
  "info": {
    "essay_id": "ESSAY_34504",
    "essay_prompt": " 영화에는 로맨스, 액션, 스릴러 등 정말 많은 장르가 있습니다. 사람마다 좋아하는 장르가 있고 절대 보지 않는 장르도 있습니다.\r\n\r\n 독서도 마찬가지입니다. 소설, 수필, 시, 만화, 위인전 등 여러가지 장르가 있습니다.\r\n\r\n 여러분은 어떤 장르를 좋아하나요? 그리고 해당 장르에서 가장 재미있게 봤던 영화나 책은 무엇인가요?\r\n\r\n 자신이 봤던 영화 혹은 책을 한 편 선정하여 주제와 내용 그리고 느낀점을 감상문으로 작성해주세요.",
    "essay_type": "설명글",
    "essay_level": "3",
    "essay_len": 517,
    "essay_main_subject": "영화/독서감상문"
  }
}