{
  "paragraph": [
    {
      "paragraph_txt": "이 책은 여러 등장인물의 심리를 다방면에서 보여주고 인물의 심리를 여러 사건과 연결시켜 독자에게 하여금 인물의 심리에 대해 고민해보게 만드는 책이다.#@문장구분# 간단하게 책을 살펴보면 예진, 도원, 재인, 호계라는 주요 인물들이 등장하는데 이 인물들은 대부분 우연적으로 만나 사건을 만들어내며 그 사건들은 어떤 감정을 유발하고, 이 모든 사건과 감정들은 인물의 과거나 상황, 작중에서는 보통 사랑 또는 호기심으로 이어지는 감정과 연결되어 전체적인 흐름을 만들어내는 스토리가 이어진다.#@문장구분#<br/><br/>#@문장구분# 책을 읽으며 느낀 점은 4명의 등장인물 모두 우리가 생각하는 '일반적인', 혹은 '정상적인' 사고방식 혹은 행동을 가지는 인물이 아니라는 점이 매우 특이했으며 나에게는 이해와 몰입을 어렵게하는 하나의 요인이기도 했다. #@문장구분#누군가를 좋아하는 것을 거부하거나, 사랑을 잊기 위해 사랑을 하거나, 가볍게 관계를 가지는 등등 작중에서 볼 수 있는 이런 등장인물들의 행동은 읽는 내내 등장인물들의 심리를 이해하는 것을 힘들게 했다.#@문장구분# 이는 작가가 일부러 이해하고 공감하기 힘든 캐릭터로 보이게끔 의도한 것인지, 내 가치관과는 맞지 않아서인지는 나도 알 수가 없었다.#@문장구분# 그러나 작품 면에서 보면 우연을 가장하여 일어나는 사건들이 하나의 흐름으로 이어져 있다거나 중간중간 시점을 바꿔 여러 인물의 심리를 상세하게 서술하여 독자의 이해를 돕는 등 이런 부분들은 정말 좋다고 생각한다. #@문장구분#그리고 예진이 결국 최종적으로는 누구와도 이어지지 않는 열린 결말로 작품을 끝내버린 점 역시 예진의 가치관과 내면을 독자가 더욱 효율적으로 추측하고 이해할 수 있게끔 하는 등 작품 여러 부분에서 등장인물 그 자체를 효율적으로 전달하기 위해 의도했다는 점이 눈에 띄여서 좋았다.#@문장구분#<br/><br/>#@문장구분# 나에게 있어 이 '프리즘'이라는 소설은 재밌게 읽을 수 있었던 책이지만 인물에 대한 이해와 공감은 조금 힘들었던 그런 책이었다. #@문장구분#그러나 나와는 생각이 다른 누군가가 이 책을 읽는다면 그 사람은 더욱 책을 재밌게 읽을 수 있을 것이라고 생각한다.#@문장구분#",
      "paragraph_len": 1247,
      "paragraph_id": "001"
    }
  ],
  "score": {
    "paragraph_score": [
      {
        "paragraph_scoreT": [
          2.6666667,
          2.8333333,
          1.8333334
        ],
        "paragraph_scoreT_detail": {
          "paragraph_scoreT_exp": [
            [
              2,
              3,
              3
            ],
            [
              3,
              3,
              2
            ],
            [
              2,
              2,
              1
            ]
          ]
        },
        "paragraph_scoreT_avg": 2.4444444,
        "paragraph_id": "001"
      }
    ],
    "essay_scoreT": [
      28.666668,
      27.833332,
      22.833334
    ],
    "essay_scoreT_avg": 26.444445,
    "essay_scoreT_detail": {
      "essay_scoreT_org": [
        [
          3,
          3,
          3,
          3
        ],
        [
          3,
          3,
          3,
          3
        ],
        [
          2,
          2,
          2,
          2
        ]
      ],
      "essay_scoreT_cont": [
        [
          3,
          3,
          0,
          3
        ],
        [
          3,
          2,
          0,
          3
        ],
        [
          3,
          3,
          0,
          2
        ]
      ],
      "essay_scoreT_exp": [
        [
          2,
          3,
          3
        ],
        [
          3,
          3,
          2
        ],
        [
          2,
          2,
          1
        ]
      ]
    }
  },
  "student": {
    "date": "2021.09.09",
    "student_educated": true,
    "student_grade": "고등_1학년",
    "location": "051",
    "student_grade_group": "고등",
    "student_reading": 1
  },
  "rubric": {
    "essay_grade": "고등_1학년",
    "organization_weight": {
      "org_paragraph": 2,
      "org": 2,
      "org_essay": 4,
      "org_coherence": 2,
      "org_quantity": 1
    },
    "essay_type": "설명글",
    "content_weight": {
      "con_clearance": 4,
      "con_novelty": 3,
      "con": 4,
      "con_prompt": 0,
      "con_description": 1
    },
    "essay_main_subject": "영화/독서감상문",
    "expression_weight": {
      "exp_style": 1,
      "exp_grammar": 2,
      "exp_vocab": 3,
      "exp": 4
    }
  },
  "correction": [],
  "info": {
    "essay_id": "ESSAY_34809",
    "essay_prompt": " 영화에는 로맨스, 액션, 스릴러 등 정말 많은 장르가 있습니다. 사람마다 좋아하는 장르가 있고 절대 보지 않는 장르도 있습니다.\r\n\r\n 독서도 마찬가지입니다. 소설, 수필, 시, 만화, 위인전 등 여러가지 장르가 있습니다.\r\n\r\n 여러분은 어떤 장르를 좋아하나요? 그리고 해당 장르에서 가장 재미있게 봤던 영화나 책은 무엇인가요?\r\n\r\n 자신이 봤던 영화 혹은 책을 한 편 선정하여 주제와 내용 그리고 느낀점을 감상문으로 작성해주세요.",
    "essay_type": "설명글",
    "essay_level": "3",
    "essay_len": 987,
    "essay_main_subject": "영화/독서감상문"
  }
}