{
  "paragraph": [
    {
      "paragraph_txt": "평소 야구를 좋아하던 내가 야구외는 잘 맞지 않는 듯한 `소녀`라는 단어와 함께 제목이 되어 있는 책을 보고선 관심이 안 갈 수가 없었다. 그리곤 첫 페이지를 넘겼다.#@문장구분# \n`야구소녀` 수인과 그녀의 가족, 야구부원, 감독, 코치 등 야구에 관한 이야기로 꽉 차 있었다.#@문장구분# 수인은 다른 또래 남자아이보다 월등히 야구를 잘해 천재야구소녀로써 방송을 타기도 했다.#@문장구분# 하지만 여자로써 어쩔 수 없는 한계에 도착하고 고3이 되어버리고 만다.#@문장구분# \n자신보다 못했던 정호는 프로에 입단하게 되고 수인은 여자라는 이유로 구속이 느리단 이유로 제대로 된 입단 테스트조차 보지 못한채 프로 입단의 꿈이 사라져만 갔다.#@문장구분# 그러나 최진태 코치와 자신의 한계를 정확히 파악하고 너 클볼이라는 구종을 장착한다.#@문장구분# 우연히 얻은 프로로 가는 마지막 트라이아웃에서 자신의 진가를 보여주고 단장에게 호소하여 프로2부리그에 진출하는 쾌거를 보여준다.#@문장구분# \n수인은 여자란 이유로 많은 야구관련관계자들에게 놀림거리, 웃음거리 그리고 자신을 마음대로 판단당하게 된다.#@문장구분# \n하지만 수인은 \"사람들이 내 미래를 어떻게 알아요?#@문장구분# 나도 모르는데\" 라는 말을 하게 된다.#@문장구분# 그걸 보고 남을 함부로 판단해서도 안되고 자신을 찾아 끊임없이 발전해야 한다는 점을 다시 한번 일깨울 수 있게 된 감명깊은 문장이었다.#@문장구분# \n수인은 자신에게 쏟아지는 온갖 힘든 일에 굴복할 것만 같았다.#@문장구분# 하지만 그녀는 자신만의 홀로서기로 자신의 길을 스스로 뚫어나가고 있었다.#@문장구분# 남의 시선만으로도 정말 힘들었을 텐데 외롭게 자신의 목표를향해 꿋꿋히 나아갔다.#@문장구분# 그리고 그녀는 결국 꿈을 이뤘다.#@문장구분# \n자신의 목표를 향해가는 것은 당연한 일이다.#@문장구분# 그러나 목표를 달성하기 위해 많은 고난이 있다.#@문장구분# 그것을 견뎌내고 성공하는 수인의 모습은 내가 더 단단해지도록 일깨워주었다.#@문장구분# 자신에 대한 확신이 없거나 쉽게 포기하는 분들이 꼭 읽어보았으면 하는 희망적이고 꿋꿋한 감동적인 책이다.#@문장구분#",
      "paragraph_len": 1313,
      "paragraph_id": "001"
    }
  ],
  "score": {
    "paragraph_score": [
      {
        "paragraph_scoreT": [
          3,
          3,
          2
        ],
        "paragraph_scoreT_detail": {
          "paragraph_scoreT_exp": [
            [
              3,
              3,
              3
            ],
            [
              3,
              3,
              3
            ],
            [
              2,
              2,
              2
            ]
          ]
        },
        "paragraph_scoreT_avg": 2.6666667,
        "paragraph_id": "001"
      }
    ],
    "essay_scoreT": [
      30,
      29.11111,
      22.722221
    ],
    "essay_scoreT_avg": 27.277777,
    "essay_scoreT_detail": {
      "essay_scoreT_org": [
        [
          3,
          3,
          3,
          3
        ],
        [
          2,
          3,
          3,
          3
        ],
        [
          2,
          2,
          2,
          3
        ]
      ],
      "essay_scoreT_cont": [
        [
          3,
          3,
          0,
          3
        ],
        [
          3,
          3,
          0,
          3
        ],
        [
          3,
          2,
          0,
          3
        ]
      ],
      "essay_scoreT_exp": [
        [
          3,
          3,
          3
        ],
        [
          3,
          3,
          3
        ],
        [
          2,
          2,
          2
        ]
      ]
    }
  },
  "student": {
    "date": "2021.09.07",
    "student_educated": true,
    "student_grade": "고등_1학년",
    "location": "051",
    "student_grade_group": "고등",
    "student_reading": 1
  },
  "rubric": {
    "essay_grade": "고등_1학년",
    "organization_weight": {
      "org_paragraph": 2,
      "org": 2,
      "org_essay": 4,
      "org_coherence": 2,
      "org_quantity": 1
    },
    "essay_type": "설명글",
    "content_weight": {
      "con_clearance": 4,
      "con_novelty": 3,
      "con": 4,
      "con_prompt": 0,
      "con_description": 1
    },
    "essay_main_subject": "영화/독서감상문",
    "expression_weight": {
      "exp_style": 1,
      "exp_grammar": 2,
      "exp_vocab": 3,
      "exp": 4
    }
  },
  "correction": [],
  "info": {
    "essay_id": "ESSAY_34184",
    "essay_prompt": " 영화에는 로맨스, 액션, 스릴러 등 정말 많은 장르가 있습니다. 사람마다 좋아하는 장르가 있고 절대 보지 않는 장르도 있습니다.\r\n\r\n 독서도 마찬가지입니다. 소설, 수필, 시, 만화, 위인전 등 여러가지 장르가 있습니다.\r\n\r\n 여러분은 어떤 장르를 좋아하나요? 그리고 해당 장르에서 가장 재미있게 봤던 영화나 책은 무엇인가요?\r\n\r\n 자신이 봤던 영화 혹은 책을 한 편 선정하여 주제와 내용 그리고 느낀점을 감상문으로 작성해주세요.",
    "essay_type": "설명글",
    "essay_level": "3",
    "essay_len": 935,
    "essay_main_subject": "영화/독서감상문"
  }
}