{
  "paragraph": [
    {
      "paragraph_txt": "맨 처음 건축, 음악처럼 듣고 미술처럼 본다라는 제목을 보고 흥미가 들어서 보게되었다.#@문장구분# 미술처럼 본다는 것은 이해가 가는데 음악처럼 듣는다는 것은 무슨 말인가 라는 의문과 함께 읽게 되었다.#@문장구분# 그리고 마침내 그 뜻을 알게 되었다. #@문장구분#음악처럼 듣는다는게 그 건물의 분위기와 그 테마를 느낀다는 것이다.#@문장구분# 물론 그 분위기와 테마에 음악은 빠질래야 빠질 수 없는 요소이다.#@문장구분# 이 책은 건축이라는 이과적인 과목을 마치 인문적인 소설책처럼 꾸며놓은 책이다.#@문장구분# 문과 친구들도 건축에 관심이 있다면 딱딱한 수치를 안 보고 재미있게 읽을 수 있는 책이다.#@문장구분# 마치 건축은 예술과도 같다는 작가의 생각은 앞에 1~10페이지만 봐도 알수있다.#@문장구분# 건축은 예술의 경지이며 그 예술에 수학과 물리를 합쳐서 우리가 사는 건축물을 볼 수 있다는 것이다.#@문장구분# 우리가 흔히 랜드마크라고 생각하는 부르즈 할리파, 경복궁, 숭례문이나 에펠탑은 물론 수학적으로 어렵게 만들어서 랜드마크로 생겨날수도 있지만, 우리는 거의다 예술적으로 이뻐서 그것을 랜드마크로 삼는 경우가 많다.#@문장구분# 랜드마크 나라를 대표하는 그런 건물 얼마나 멋진가, 나는 건축가가 되어 그런 건물을 만드는게 나의 꿈이다.#@문장구분# 이 책에서는 심미적 요소를 수학적 요소보다 중요시 다루고 있는데.#@문장구분# 나는 심미적요소와 수학적 요소의 적절한 조화가 건축이라고 생각한다.#@문장구분# 이 책은 건축에 관심있는 아이들에게 추천해주고싶다.#@문장구분#",
      "paragraph_len": 960,
      "paragraph_id": "001"
    }
  ],
  "score": {
    "paragraph_score": [
      {
        "paragraph_scoreT": [
          3,
          2,
          1.8333334
        ],
        "paragraph_scoreT_detail": {
          "paragraph_scoreT_exp": [
            [
              3,
              3,
              3
            ],
            [
              2,
              2,
              2
            ],
            [
              2,
              2,
              1
            ]
          ]
        },
        "paragraph_scoreT_avg": 2.277778,
        "paragraph_id": "001"
      }
    ],
    "essay_scoreT": [
      29.777779,
      24.444445,
      18.833334
    ],
    "essay_scoreT_avg": 24.351852,
    "essay_scoreT_detail": {
      "essay_scoreT_org": [
        [
          3,
          3,
          3,
          2
        ],
        [
          2,
          2,
          3,
          2
        ],
        [
          2,
          2,
          2,
          2
        ]
      ],
      "essay_scoreT_cont": [
        [
          3,
          3,
          0,
          3
        ],
        [
          3,
          3,
          0,
          3
        ],
        [
          2,
          2,
          0,
          1
        ]
      ],
      "essay_scoreT_exp": [
        [
          3,
          3,
          3
        ],
        [
          2,
          2,
          2
        ],
        [
          2,
          2,
          1
        ]
      ]
    }
  },
  "student": {
    "date": "2021.09.13",
    "student_educated": true,
    "student_grade": "고등_1학년",
    "location": "063",
    "student_grade_group": "고등",
    "student_reading": 1
  },
  "rubric": {
    "essay_grade": "고등_1학년",
    "organization_weight": {
      "org_paragraph": 2,
      "org": 2,
      "org_essay": 4,
      "org_coherence": 2,
      "org_quantity": 1
    },
    "essay_type": "설명글",
    "content_weight": {
      "con_clearance": 4,
      "con_novelty": 3,
      "con": 4,
      "con_prompt": 0,
      "con_description": 1
    },
    "essay_main_subject": "영화/독서감상문",
    "expression_weight": {
      "exp_style": 1,
      "exp_grammar": 2,
      "exp_vocab": 3,
      "exp": 4
    }
  },
  "correction": [],
  "info": {
    "essay_id": "ESSAY_34579",
    "essay_prompt": " 영화에는 로맨스, 액션, 스릴러 등 정말 많은 장르가 있습니다. 사람마다 좋아하는 장르가 있고 절대 보지 않는 장르도 있습니다.\r\n\r\n 독서도 마찬가지입니다. 소설, 수필, 시, 만화, 위인전 등 여러가지 장르가 있습니다.\r\n\r\n 여러분은 어떤 장르를 좋아하나요? 그리고 해당 장르에서 가장 재미있게 봤던 영화나 책은 무엇인가요?\r\n\r\n 자신이 봤던 영화 혹은 책을 한 편 선정하여 주제와 내용 그리고 느낀점을 감상문으로 작성해주세요.",
    "essay_type": "설명글",
    "essay_level": "3",
    "essay_len": 680,
    "essay_main_subject": "영화/독서감상문"
  }
}