{
  "paragraph": [
    {
      "paragraph_txt": "인생을 살다보면 할일이 너무 많아서,익숙해서 우리 주변의 소중함을 잃고 사는 경우가 많다.#@문장구분# 몇년전만 해도 나는 내가 가지고 있는게 당연하고 그냥 있는것이라고 생각하였다.#@문장구분# 그러다 여러 불행한 사건들을 격다 보니 인생, 소중함 이라는것을 진지하게 생각해보았다. #@문장구분#하지만 쉽게 정의하지 못했고 결국 나는 내 주변에 있는 사소한일에 항상 감사하고 고맙다고 생각하기로 했다.#@문장구분# 내가 주제를 정할때 소중함 이라는 키워드를 보자마자 이것을 주제로 하겠다고 생각했다.#@문장구분# 이제 내가 살면서 익숙함에 속아 소중함을 잃고 그것을 회복하고자 한 노력들을 말하겠다.#@문장구분#  내가 중학교 3학년때 있었던 일이다. #@문장구분#어느날 아침 일어나 평소대로 집안을 돌아 다녔는데 주방엔 음식을 하다만 도구들 음식재료들이 널부져 있었고 나는 티비를 보고있던 동생에게 \"엄마 어디갔어?\"라고 물었고 동생은 아빠가 교통사고가 나서 엄마가 병원에 갔다고 말했었다.#@문장구분# 나는 전화로 소식을 듣고, 사촌누나가 그 소식을 전해주러 와 위로해주기 전까지는 믿지 않았다.#@문장구분# 평소에 그렇게 강하고 걱정하지 않았던 아버지가 사고가 난것에 대해.#@문장구분# 사고가 난지 몇주후 아버지를 뵐수 있었는데 아버지는 우리를 전혀 알아보지 못했다. #@문장구분#그리고 누워서 의료장치에 묶여있었고 아버지의 요구를 들어주지 않을때면 아버지는 우리에게 욕을 했다.#@문장구분# 나는 살면서 한번도 아버지가 그렇게 아픈모습을 본적이 없어서, 아버지께 욕을 들은적이 없어서, 그렇게 힘들어 하신모습을 본적이 없어서 충격에 빠졌다.#@문장구분# 동생과 나는 일주일에 아버지를 한번볼 시간밖에 없었다.#@문장구분# 그리고 몇달후 아버지는 퇴원을 하셨고 집에 돌아오셨다. #@문장구분#아버지는 1년정도 일을 하시지 못하고 항상 재활운동을 하러 다니셨다. #@문장구분#그리고 차도 팔아 우리는 자주다니던 여행도 그뒤로 한번도 다니지 못했다.#@문장구분# 나는 평소에 그러듯 아버지가 직장에 다녀 돈을 버는게 당연하다고 생각하였고, 여행을 가는것이 당연하다고 생각하였고, 아버지가 움직이는데 불편하지 않은게 당연하다고 생각하였다.#@문장구분# 하지만 사고가 나고 나서는 평소에 아버지가 하던것이 평범한 일이 아니라 참 감사하고 고마운 일이라는것을 깊게 깨달았다. #@문장구분#나는 사고후 나에게 온 불행을 없애볼려고 매주 교회에가서 기도를 했다. #@문장구분#그래도 상황이 나아지지 않는것을 깨닫자 나는 예전으로 돌아갈수 없으니 내가 지금의 상황을 더 소중히 여기고 긍정적으로 바라 봐야겠다고 다짐했다. #@문장구분#그래서 내가 매일 밥을먹을수있는것, 학교에 갈수있는것, 학원에 다닐수 있는것등 모든것에 감사하고 소중하게 여겼다.#@문장구분# 우리가 평소에 당연하다고 생각하는것은 언제 없어질지 모른다.#@문장구분# 그래서 우리는 우리 주변의 모든 당연하다고 여기는 것을 소중하게 생각하는 것을 노력해보면 좋겠다.#@문장구분#",
      "paragraph_len": 1788,
      "paragraph_id": "001"
    }
  ],
  "score": {
    "paragraph_score": [
      {
        "paragraph_scoreT": [
          1.6666666,
          2.8333333,
          2
        ],
        "paragraph_scoreT_detail": {
          "paragraph_scoreT_exp": [
            [
              1,
              2,
              2
            ],
            [
              3,
              3,
              2
            ],
            [
              2,
              2,
              2
            ]
          ]
        },
        "paragraph_scoreT_avg": 2.1666667,
        "paragraph_id": "001"
      }
    ],
    "essay_scoreT": [
      15.333333,
      26.5,
      15.166667
    ],
    "essay_scoreT_avg": 19,
    "essay_scoreT_detail": {
      "essay_scoreT_org": [
        [
          1,
          1,
          2,
          2
        ],
        [
          2,
          2,
          3,
          3
        ],
        [
          1,
          2,
          1,
          2
        ]
      ],
      "essay_scoreT_cont": [
        [
          2,
          1,
          0,
          1
        ],
        [
          3,
          2,
          0,
          3
        ],
        [
          1,
          1,
          0,
          2
        ]
      ],
      "essay_scoreT_exp": [
        [
          1,
          2,
          2
        ],
        [
          3,
          3,
          2
        ],
        [
          2,
          2,
          2
        ]
      ]
    }
  },
  "student": {
    "date": "2021.09.03",
    "student_educated": true,
    "student_grade": "고등_1학년",
    "location": "051",
    "student_grade_group": "고등",
    "student_reading": 2
  },
  "rubric": {
    "essay_grade": "고등_1학년",
    "organization_weight": {
      "org_paragraph": 2,
      "org": 2,
      "org_essay": 4,
      "org_coherence": 2,
      "org_quantity": 1
    },
    "essay_type": "설명글",
    "content_weight": {
      "con_clearance": 4,
      "con_novelty": 3,
      "con": 4,
      "con_prompt": 0,
      "con_description": 1
    },
    "essay_main_subject": "영화/독서감상문",
    "expression_weight": {
      "exp_style": 1,
      "exp_grammar": 2,
      "exp_vocab": 3,
      "exp": 4
    }
  },
  "correction": [],
  "info": {
    "essay_id": "ESSAY_34490",
    "essay_prompt": " 영화에는 로맨스, 액션, 스릴러 등 정말 많은 장르가 있습니다. 사람마다 좋아하는 장르가 있고 절대 보지 않는 장르도 있습니다.\r\n\r\n 독서도 마찬가지입니다. 소설, 수필, 시, 만화, 위인전 등 여러가지 장르가 있습니다.\r\n\r\n 여러분은 어떤 장르를 좋아하나요? 그리고 해당 장르에서 가장 재미있게 봤던 영화나 책은 무엇인가요?\r\n\r\n 자신이 봤던 영화 혹은 책을 한 편 선정하여 주제와 내용 그리고 느낀점을 감상문으로 작성해주세요.",
    "essay_type": "설명글",
    "essay_level": "3",
    "essay_len": 1308,
    "essay_main_subject": "영화/독서감상문"
  }
}