{
  "paragraph": [
    {
      "paragraph_txt": "가진건 많이 없지만 가장 서로서로가 가까운 한 가정이 있다.#@문장구분# 하지만 이 가정에 예상하지 못한 재앙이 닥쳐왔다.#@문장구분# 둘째 딸인 천지가 자살을 한 것이었다.#@문장구분# 가족이 전부였던 그들에게는 그 사건이 충격 또 충격이였을 것이다.#@문장구분# 천지의 언니인 만지는 동생의 죽음에 대한 진실을 밝히고자 동생의 흔적을 찾아 나서게 되는데 그 과정에서 동생의 친구였던 화연을 만나게 된다.#@문장구분# 화연은 만지가 보기에 친구관계에서 문제가 많은 아이로 보였다.#@문장구분# 만지와 하연은 서로 불신 관계 였지만 만지의 노력으로 동생의 죽음원인을 찾던 중 천지가 쓰던 털뭉치를 발견하게 된다.#@문장구분# 그 털뭉치로 인해 그녀의 죽음에 대한 문제들이 점점 풀리에 되어 제목부터 거짓말을 천지.만지.화연 모두에게 어울리는 제목이다.#@문장구분# 천지에게는 항상 자기언니에게 자신의 상황을 거짓말하였고 만지는 자신의 주위사람들 그리고 비록 자기 동생을 위한 거짓말이 지인 누군가 피해를 보게 됐고 화연 또한 천지와의 관계를 자신의 잘못을 모면하기 위해 거짓말을 쳤다.#@문장구분# 털뭉치라는 소재로 그녀의 죽음을 보여주는 잘 짜여진 구성에 이 소설은 가면 갈수록 긴장과 안타까움을 더하고 있다.#@문장구분# 가족의 빈자리는 그 무엇으로도 채울 수 있고 사랑과 사랑사이의 관계는 사람이 살아가면서 매우 중요하다는 것도 깨달았다.#@문장구분#",
      "paragraph_len": 846,
      "paragraph_id": "001"
    }
  ],
  "score": {
    "paragraph_score": [
      {
        "paragraph_scoreT": [
          3,
          2.3333333,
          2
        ],
        "paragraph_scoreT_detail": {
          "paragraph_scoreT_exp": [
            [
              3,
              3,
              3
            ],
            [
              3,
              2,
              2
            ],
            [
              2,
              2,
              2
            ]
          ]
        },
        "paragraph_scoreT_avg": 2.4444444,
        "paragraph_id": "001"
      }
    ],
    "essay_scoreT": [
      30,
      24.222221,
      18.944445
    ],
    "essay_scoreT_avg": 24.388887,
    "essay_scoreT_detail": {
      "essay_scoreT_org": [
        [
          3,
          3,
          3,
          3
        ],
        [
          2,
          3,
          3,
          2
        ],
        [
          2,
          2,
          3,
          2
        ]
      ],
      "essay_scoreT_cont": [
        [
          3,
          3,
          0,
          3
        ],
        [
          3,
          2,
          0,
          2
        ],
        [
          2,
          1,
          0,
          2
        ]
      ],
      "essay_scoreT_exp": [
        [
          3,
          3,
          3
        ],
        [
          3,
          2,
          2
        ],
        [
          2,
          2,
          2
        ]
      ]
    }
  },
  "student": {
    "date": "2021.09.07",
    "student_educated": true,
    "student_grade": "고등_1학년",
    "location": "051",
    "student_grade_group": "고등",
    "student_reading": 1
  },
  "rubric": {
    "essay_grade": "고등_1학년",
    "organization_weight": {
      "org_paragraph": 2,
      "org": 2,
      "org_essay": 4,
      "org_coherence": 2,
      "org_quantity": 1
    },
    "essay_type": "설명글",
    "content_weight": {
      "con_clearance": 4,
      "con_novelty": 3,
      "con": 4,
      "con_prompt": 0,
      "con_description": 1
    },
    "essay_main_subject": "영화/독서감상문",
    "expression_weight": {
      "exp_style": 1,
      "exp_grammar": 2,
      "exp_vocab": 3,
      "exp": 4
    }
  },
  "correction": [],
  "info": {
    "essay_id": "ESSAY_34180",
    "essay_prompt": " 영화에는 로맨스, 액션, 스릴러 등 정말 많은 장르가 있습니다. 사람마다 좋아하는 장르가 있고 절대 보지 않는 장르도 있습니다.\r\n\r\n 독서도 마찬가지입니다. 소설, 수필, 시, 만화, 위인전 등 여러가지 장르가 있습니다.\r\n\r\n 여러분은 어떤 장르를 좋아하나요? 그리고 해당 장르에서 가장 재미있게 봤던 영화나 책은 무엇인가요?\r\n\r\n 자신이 봤던 영화 혹은 책을 한 편 선정하여 주제와 내용 그리고 느낀점을 감상문으로 작성해주세요.",
    "essay_type": "설명글",
    "essay_level": "3",
    "essay_len": 627,
    "essay_main_subject": "영화/독서감상문"
  }
}