{
  "paragraph": [
    {
      "paragraph_txt": "나는 이 책을 고르게 된 이유는 화학을 좋아하고 미술은 그리는것은 못해도, 보는 것을 즐기기 때문에 이 책을 읽어보고 화학이랑 미술이 도대체 어떤 관련이 있는지를 알고 싶었기 때문에 이 책이 학교의 추천도서 목록에 있는 것을 확인하고 바로 구입하게 되었다.#@문장구분#\n \n미술관에 간 화학자라는 제목에서 나는 과학자의 눈으로 본 미술은 어떨까? #@문장구분#생각하면서 책을 한장 한장 넘길때 마다 나는 감탄하였다.#@문장구분#",
      "paragraph_len": 278,
      "paragraph_id": "001"
    },
    {
      "paragraph_txt": "이 책은 예술가가 아닌 화학자가 미술에 대한 책을 쓴다는 것이 흥미롭다.#@문장구분# 또 왜 이 책을 썼는지 의문이 든다.#@문장구분# 하지만 알고 보면 미술은 화학과 뗄 수 없는 관계라고 할 수도 있다. #@문장구분#그 이유는 그림을 그릴 때 사용하는 물감이 화학 물질이고 그림을 그리는 과정에서 수많은 화학 작용들이 일어나기 때문이다. #@문장구분#그것은 그림을 그릴 때 뿐만 아니라 그림을 그린 후에서도 마찬가지이다. #@문장구분#한마디로 말하자면 미술의 처음부터 끝까지 모두 화학이라고 할 수 있다.#@문장구분# 미술의 태생적 연원이 화학이라면 화학을 과학의 카테고리에서 꺼내 예술의 세계로 인도한 것은 미술이라는 것이 저자의 생각이다. #@문장구분#보통 미술 관련 도서는 한 그림을 보여주고 그 그림을 그린 화가의 생애와 그 그림말고도 그 화가의 유명한 작품들을 소개하는데 이 책 '미술관에 간 화학자'는 그와 더불어 작품에 사용된 재료와 그 화학반응들 까지도 자세하게 다루고 있다.#@문장구분# 네덜란드의 화가이며 유럽 북부 르네상스 미술의 선구자로 불리는 에이크는 식물성 불포화지방산인 아마인유를 이용해 이전에는 거의 생각할 수 없었던 정교한 붓질이 가능한 유화기법을 완성했다.#@문장구분# 불포화지방산은 지방산 사슬 중 불포화기를 포함하고 있어 녹는점이 낮아 상온에서는 액체 상태이다.#@문장구분# 이것은 시간이 지나면 불포화기가 결합돼 굳어지면서 단단한 도막을 형성한다.#@문장구분# 에이크의 그림은 바로 이런 점을 이용해 아직까지도 그의 그림은 보존 상태가 뛰어나다.#@문장구분# 지금도 대부분의 유화 물감에는 아마인유가 포함된다. 그만큼 에이크의 아마인유 발견은 중요한것이다.#@문장구분#",
      "paragraph_len": 1013,
      "paragraph_id": "002"
    },
    {
      "paragraph_txt": "'야경'이라는 작품은 원래는 그런 제목이 아니었지만, 그 그림이 과거와는 다르게 전체적으로 어둡게 변하여 붙여진 제목이라고 한다. #@문장구분#과거에는 그러지 않았는데 시간이 지나면서 그렇게 바뀐 이유는 납과 황이 결합하면 황화납(PbS)이 되어 공기 중에서 검게 변하는 흑변 현상을 일으키게 되는데 그 작품에 쓰인 안료에 납 성분이 들어 있었기 때문이다.#@문장구분# 이 흑변현상은 밀레의 '만종'에서도 나타난다.#@문장구분#\n책의 작품들 중에는 내가 가장 존경하는 인물인 레오나르도 다빈치의 최후의 만찬이 있다.#@문장구분# 최후의 만찬이라는 유명한 작품이 심한 박락이 일어나고 색체가 떨어져 나간것은 물감을 잘못 혼합하여 화학반응이 일어난 것이라고 한다. #@문장구분#이를 통해서 우리는 레오나르도 다빈치가 다른 분야에선 뛰어났지만, 정작 화학이라는 분야에서는 그렇지 못했다는 것을 알 수 있다.#@문장구분# 나는 그 사실이 너무 충격적이었다. #@문장구분#나는 레오나르도 다빈치에 대해 잘 알고 있다고 생각했는데 그것은 잘못된 생각었다. #@문장구분#나는 레오나르도 다빈치가 과학이라면 물리, 생물, 지구과학에 이어 화학까지도 능했을것이라고 생각하고 있었다.#@문장구분#그것도 잘못 된것이었다. 하지만 나는 레오나르도 다빈치를 존경한다.#@문장구분#\n \n이 책에서 조금 아쉬웠던 부분은 여러 작품에 관한 화학자의 관점이 많이 없었다는 것이다.#@문장구분# 분명 모든 작품들을 그런 관점에서 바라보긴 했지만, 그것보다는 그 작품의 예술적인 면을 더 많이 기재하였다.#@문장구분# 한마디로 과학과 미술의 연결이 매끄럽지 못한 것 같다.#@문장구분#하지만 과학과 미술을 연결시키려한 그 시도가 정말 좋은 것 같다.#@문장구분#",
      "paragraph_len": 1037,
      "paragraph_id": "003"
    },
    {
      "paragraph_txt": "미술에 흥미를 가진사람이나 흥미가 없는 사람들 누구라도 이 책을 읽으면 화학과 미술에 흥미를 가지게 될 것이다.#@문장구분# 자신들이 몰랐던 미술과 관련된 과학적 원리들을 알게 되고 그로 인하여 미술과 화학의 경계를 자연스럽게 허물어준다.#@문장구분#",
      "paragraph_len": 166,
      "paragraph_id": "004"
    }
  ],
  "score": {
    "paragraph_score": [
      {
        "paragraph_scoreT": [
          3,
          2.8333333,
          2.5
        ],
        "paragraph_scoreT_detail": {
          "paragraph_scoreT_exp": [
            [
              3,
              3,
              3
            ],
            [
              3,
              3,
              2
            ],
            [
              2,
              3,
              2
            ]
          ]
        },
        "paragraph_scoreT_avg": 2.7777777,
        "paragraph_id": "001"
      },
      {
        "paragraph_scoreT": [
          3,
          2.8333333,
          2.5
        ],
        "paragraph_scoreT_detail": {
          "paragraph_scoreT_exp": [
            [
              3,
              3,
              3
            ],
            [
              3,
              3,
              2
            ],
            [
              2,
              3,
              2
            ]
          ]
        },
        "paragraph_scoreT_avg": 2.7777777,
        "paragraph_id": "002"
      },
      {
        "paragraph_scoreT": [
          3,
          2.8333333,
          2.5
        ],
        "paragraph_scoreT_detail": {
          "paragraph_scoreT_exp": [
            [
              3,
              3,
              3
            ],
            [
              3,
              3,
              2
            ],
            [
              2,
              3,
              2
            ]
          ]
        },
        "paragraph_scoreT_avg": 2.7777777,
        "paragraph_id": "003"
      },
      {
        "paragraph_scoreT": [
          3,
          2.8333333,
          2.5
        ],
        "paragraph_scoreT_detail": {
          "paragraph_scoreT_exp": [
            [
              3,
              3,
              3
            ],
            [
              3,
              3,
              2
            ],
            [
              2,
              3,
              2
            ]
          ]
        },
        "paragraph_scoreT_avg": 2.7777777,
        "paragraph_id": "004"
      }
    ],
    "essay_scoreT": [
      30,
      28.444445,
      25.61111
    ],
    "essay_scoreT_avg": 28.018518,
    "essay_scoreT_detail": {
      "essay_scoreT_org": [
        [
          3,
          3,
          3,
          3
        ],
        [
          2,
          3,
          3,
          3
        ],
        [
          2,
          3,
          3,
          3
        ]
      ],
      "essay_scoreT_cont": [
        [
          3,
          3,
          0,
          3
        ],
        [
          3,
          3,
          0,
          3
        ],
        [
          3,
          2,
          0,
          3
        ]
      ],
      "essay_scoreT_exp": [
        [
          3,
          3,
          3
        ],
        [
          3,
          3,
          2
        ],
        [
          2,
          3,
          2
        ]
      ]
    }
  },
  "student": {
    "date": "2021.09.13",
    "student_educated": true,
    "student_grade": "고등_1학년",
    "location": "063",
    "student_grade_group": "고등",
    "student_reading": 1
  },
  "rubric": {
    "essay_grade": "고등_1학년",
    "organization_weight": {
      "org_paragraph": 2,
      "org": 2,
      "org_essay": 4,
      "org_coherence": 2,
      "org_quantity": 1
    },
    "essay_type": "설명글",
    "content_weight": {
      "con_clearance": 4,
      "con_novelty": 3,
      "con": 4,
      "con_prompt": 0,
      "con_description": 1
    },
    "essay_main_subject": "영화/독서감상문",
    "expression_weight": {
      "exp_style": 1,
      "exp_grammar": 2,
      "exp_vocab": 3,
      "exp": 4
    }
  },
  "correction": [],
  "info": {
    "essay_id": "ESSAY_34420",
    "essay_prompt": " 영화에는 로맨스, 액션, 스릴러 등 정말 많은 장르가 있습니다. 사람마다 좋아하는 장르가 있고 절대 보지 않는 장르도 있습니다.\r\n\r\n 독서도 마찬가지입니다. 소설, 수필, 시, 만화, 위인전 등 여러가지 장르가 있습니다.\r\n\r\n 여러분은 어떤 장르를 좋아하나요? 그리고 해당 장르에서 가장 재미있게 봤던 영화나 책은 무엇인가요?\r\n\r\n 자신이 봤던 영화 혹은 책을 한 편 선정하여 주제와 내용 그리고 느낀점을 감상문으로 작성해주세요.",
    "essay_type": "설명글",
    "essay_level": "3",
    "essay_len": 1862,
    "essay_main_subject": "영화/독서감상문"
  }
}