{
  "paragraph": [
    {
      "paragraph_txt": "화학에 대해 교과서에서는 다루지 않는 더 많은 반응종류에 대해 알고싶어서 이 책을 읽게 되었다.#@문장구분# 책 제목이 죽이는 화학이길래 속된 표현, 사투리로 멋지다를 죽인다라고 표현하니 멋진 화학반응 종류에 대해 알려주는 책인줄 알았다.#@문장구분# 그런데 읽어보니 진짜로 사람을 죽이는 화학 반응에 대해 알려주는 책인것을 알고 조금 당황했다.#@문장구분# 부제가 애거서 크리스티의 독약 제조실이였는데 이제 왜 부제가 그런지 알았었다.#@문장구분# 무려 12가지의 사람을 죽이는 화학반응에 대해 알려주는데 그중 가장 재밌게 보았던 청산가리 이야기에 대해 얘기 해 보자면, 청산가리는 '어두운 파랑'을 뜻하는 그리스어 'kyanos'에서 유래했다.#@문장구분# 이 청산가리는 강렬한 파란색으로 예술가들이 흔히 쓰는 염료인데 시안화물을 포함해있다.#@문장구분# 시안화물은 독성을 지니고 있는데, 분자 내에서 나머지 부분과 시안화물 단위가 얼마나 쉽게 끊어지느냐에 따라 달라있다.#@문장구분# 예를 들어 시안화수소에서 시안화물은 수소원자와 아주 쉽게 끊어지기 때문에 독성이 매우 강하다.#@문장구분# 150mg 이면 사람을 죽일수있다고 한다.#@문장구분# 물론 시안화메틸처럼 결합이 잘 끊어지지 않는 물질은 독성이 매우 약해 그냥 몸에서 빠져나온다.#@문장구분# 청산가리는 독성이 강한 물질이기 때문에 인체에 유해하다.#@문장구분# 따라서 흔히 구할 수 있는 청산가리를 이용하여 독약을 만들고 사람을 죽인 사건도 있다고 한다.#@문장구분# 청산가리는 나도 들어봤지만 이렇게까지 유해한줄은 몰랐다.#@문장구분# 청산가리 등 이책에 나온 독성 화학물질 이외에도 다른 독성 물질이 있는지 찾아봐야겠다.#@문장구분#",
      "paragraph_len": 1024,
      "paragraph_id": "001"
    }
  ],
  "score": {
    "paragraph_score": [
      {
        "paragraph_scoreT": [
          2.6666667,
          1.8333334,
          1.8333334
        ],
        "paragraph_scoreT_detail": {
          "paragraph_scoreT_exp": [
            [
              2,
              3,
              3
            ],
            [
              2,
              2,
              1
            ],
            [
              2,
              2,
              1
            ]
          ]
        },
        "paragraph_scoreT_avg": 2.1111112,
        "paragraph_id": "001"
      }
    ],
    "essay_scoreT": [
      27.777779,
      17.833334,
      18
    ],
    "essay_scoreT_avg": 21.203705,
    "essay_scoreT_detail": {
      "essay_scoreT_org": [
        [
          2,
          3,
          3,
          3
        ],
        [
          2,
          2,
          2,
          2
        ],
        [
          1,
          1,
          2,
          2
        ]
      ],
      "essay_scoreT_cont": [
        [
          3,
          3,
          0,
          3
        ],
        [
          2,
          1,
          0,
          2
        ],
        [
          2,
          2,
          0,
          2
        ]
      ],
      "essay_scoreT_exp": [
        [
          2,
          3,
          3
        ],
        [
          2,
          2,
          1
        ],
        [
          2,
          2,
          1
        ]
      ]
    }
  },
  "student": {
    "date": "2021.09.09",
    "student_educated": true,
    "student_grade": "고등_1학년",
    "location": "051",
    "student_grade_group": "고등",
    "student_reading": 1
  },
  "rubric": {
    "essay_grade": "고등_1학년",
    "organization_weight": {
      "org_paragraph": 2,
      "org": 2,
      "org_essay": 4,
      "org_coherence": 2,
      "org_quantity": 1
    },
    "essay_type": "설명글",
    "content_weight": {
      "con_clearance": 4,
      "con_novelty": 3,
      "con": 4,
      "con_prompt": 0,
      "con_description": 1
    },
    "essay_main_subject": "영화/독서감상문",
    "expression_weight": {
      "exp_style": 1,
      "exp_grammar": 2,
      "exp_vocab": 3,
      "exp": 4
    }
  },
  "correction": [],
  "info": {
    "essay_id": "ESSAY_34835",
    "essay_prompt": " 영화에는 로맨스, 액션, 스릴러 등 정말 많은 장르가 있습니다. 사람마다 좋아하는 장르가 있고 절대 보지 않는 장르도 있습니다.\r\n\r\n 독서도 마찬가지입니다. 소설, 수필, 시, 만화, 위인전 등 여러가지 장르가 있습니다.\r\n\r\n 여러분은 어떤 장르를 좋아하나요? 그리고 해당 장르에서 가장 재미있게 봤던 영화나 책은 무엇인가요?\r\n\r\n 자신이 봤던 영화 혹은 책을 한 편 선정하여 주제와 내용 그리고 느낀점을 감상문으로 작성해주세요.",
    "essay_type": "설명글",
    "essay_level": "3",
    "essay_len": 744,
    "essay_main_subject": "영화/독서감상문"
  }
}