{
  "paragraph": [
    {
      "paragraph_txt": "일본의 한 살인사건으로부터 시작된다.#@문장구분# 한 14세 중학생의 사체가 유기된체 발견되고 그 사건의 가해자는 같은 학급이었던 '쓰바사'인 것으로 지목되었다.#@문장구분# 이 소설의 주인공은 쓰바사의 아버지 '게이지'이다.#@문장구분# 그는 이혼 후 아들과 떨어져 살았지만 주기적으로 아들과 만나며 새 생활을 시작 했으나, 동급생 살인 혐의를 받고 체포된 아들로 인생은 격변하게 되고 체포 후 아무말도 하지 않는 아들로부터 살인사건 진상에 의문을 품고 아들의 누명을 벗기기 위해 노력한다.#@문장구분# 이 소설은 나에게 알지 못할 감동과 찝찝함. 등 복잡한 많은 생각을 하게 만들었다.#@문장구분# 14세 중학생이 잔혹하게 살인되고 그들의 가해자 또한 14세 라는 이 작품의 설정부터 흔히 접해보지 못할 충격이었기 때문이다.#@문장구분# 나는 소설을 읽는 내내 쓰바가사 누군가로 인해 누명이 씌여진 것임에 확신했지만 결국 가해자가 쓰바사 였단 사실을 알았을 때 충격적이였다.#@문장구분# 또한 그 살인의 원인이 학교폭력적인 것을 알았을땐 많은 생각을 자아내게 만들었다.#@문장구분# 분명 살인은 죄다.#@문장구분# 하지만 죽임을 당한 자를 '피해자', 죽임을 가한 자를 '가해자'라는 틀 안에서 모든 것을 결론 지을 수 없음을 깨달았다.#@문장구분# 쓰바사는 주기적으로 학교폭력을 당해오던 피해자였고 마지막에 살인을 가했으므로 가해자가 된것처럼 결국 영원한 피해자도, 가해자로 단정지을 수 없다는 것이다.#@문장구분# 이 책은 다른 사건들을 다룬 책과는 달리 가해자의 가족입장에서 쓴 소설이라는 점에서 신기했다.#@문장구분# 이러한 설정은 독자드리 조금이나마 가해자로 지목된 쓰바사에게 동정의 감정을 느끼게 했지만 그럼에도 불구하고 냉철하게 주인공의 죄를 밝혀줌으로써 살인의 실상과 잘못에 대해 더욱 와닿도록 해주었다.#@문장구분# 또한, 모두 불완전한 인간이 모여사는 세상 속 가해자와 가해자의 가족 또한 그러했기에 쓰바사와 그의 아버지 속에 사람이 더 큰 감동을 이끌어 낼 수 있었던것같다.#@문장구분# 살인은 절대적으로 악한 것이다.#@문장구분# 하지만 그 살인의 본질을 파악하는 것이 중요하고 이는 결국 우리에게 생명의 존엄성을 느끼게 해주었다.#@문장구분#<br/>",
      "paragraph_len": 1321,
      "paragraph_id": "001"
    }
  ],
  "score": {
    "paragraph_score": [
      {
        "paragraph_scoreT": [
          2.6666667,
          2.6666667,
          1.8333334
        ],
        "paragraph_scoreT_detail": {
          "paragraph_scoreT_exp": [
            [
              2,
              3,
              3
            ],
            [
              2,
              3,
              3
            ],
            [
              2,
              2,
              1
            ]
          ]
        },
        "paragraph_scoreT_avg": 2.388889,
        "paragraph_id": "001"
      }
    ],
    "essay_scoreT": [
      27.777779,
      28.166668,
      21.333334
    ],
    "essay_scoreT_avg": 25.75926,
    "essay_scoreT_detail": {
      "essay_scoreT_org": [
        [
          3,
          2,
          2,
          3
        ],
        [
          3,
          3,
          3,
          3
        ],
        [
          2,
          2,
          2,
          2
        ]
      ],
      "essay_scoreT_cont": [
        [
          3,
          3,
          0,
          3
        ],
        [
          3,
          3,
          0,
          2
        ],
        [
          3,
          2,
          0,
          2
        ]
      ],
      "essay_scoreT_exp": [
        [
          2,
          3,
          3
        ],
        [
          2,
          3,
          3
        ],
        [
          2,
          2,
          1
        ]
      ]
    }
  },
  "student": {
    "date": "2021.09.10",
    "student_educated": true,
    "student_grade": "고등_1학년",
    "location": "063",
    "student_grade_group": "고등",
    "student_reading": 2
  },
  "rubric": {
    "essay_grade": "고등_1학년",
    "organization_weight": {
      "org_paragraph": 2,
      "org": 2,
      "org_essay": 4,
      "org_coherence": 2,
      "org_quantity": 1
    },
    "essay_type": "설명글",
    "content_weight": {
      "con_clearance": 4,
      "con_novelty": 3,
      "con": 4,
      "con_prompt": 0,
      "con_description": 1
    },
    "essay_main_subject": "영화/독서감상문",
    "expression_weight": {
      "exp_style": 1,
      "exp_grammar": 2,
      "exp_vocab": 3,
      "exp": 4
    }
  },
  "correction": [],
  "info": {
    "essay_id": "ESSAY_34688",
    "essay_prompt": " 영화에는 로맨스, 액션, 스릴러 등 정말 많은 장르가 있습니다. 사람마다 좋아하는 장르가 있고 절대 보지 않는 장르도 있습니다.\r\n\r\n 독서도 마찬가지입니다. 소설, 수필, 시, 만화, 위인전 등 여러가지 장르가 있습니다.\r\n\r\n 여러분은 어떤 장르를 좋아하나요? 그리고 해당 장르에서 가장 재미있게 봤던 영화나 책은 무엇인가요?\r\n\r\n 자신이 봤던 영화 혹은 책을 한 편 선정하여 주제와 내용 그리고 느낀점을 감상문으로 작성해주세요.",
    "essay_type": "설명글",
    "essay_level": "3",
    "essay_len": 991,
    "essay_main_subject": "영화/독서감상문"
  }
}