{
  "paragraph": [
    {
      "paragraph_txt": "광해는 역사 시간 때 배웠던 것처럼 백성을 위한 정치를 하려고 애썼던 훌륭한 왕이지만 반대 세력에 의해서 진보될 가능성이 낮아지게 됩니다.#@문장구분# 지금도 정치가들 중에서 국민을 위해서 일하는 사람이 있는 반면, 그렇지 않은 사람이 있는 것은 되풀이되지 알아야 하는 것이 되풀이되고 있습니다.#@문장구분# 역사를 제대로 배운 사람이라면 나랏일을 똑바로 하지 않으면 나라가 어리접다는 것을 알텐데 이를 모르는 사람들이 정치가로서 많이 활동하고 있는 것 같습니다.#@문장구분# 마치 이책에 초반에 나오는 하선의 사리 사욕을 채우려는 마음이 보이는 것 같았습니다. #@문장구분#하선은 아픈 광해를 대신하여 광해인 척 연기를 하며 생활하는 게 목소리만 비슷하다고 남의 삶을 살아라고 하는 허균은 너무 문제 해결에만 신경을 쓴 것 같습니다. #@문장구분#그리고 왕의 생리 현상을 궁녀들이 봐주는 것을 왕들은 어떻게 무덤덤하게 받아들였는지 궁금했습니다.#@문장구분# 이 책을 읽으면서 왕들이 자신의 사생활을 즐길 순간이 없는, 그저 정치인으로서 일만 하는 것이 불쌍해보였습니다.#@문장구분#",
      "paragraph_len": 641,
      "paragraph_id": "001"
    }
  ],
  "score": {
    "paragraph_score": [
      {
        "paragraph_scoreT": [
          1.3333334,
          2,
          1
        ],
        "paragraph_scoreT_detail": {
          "paragraph_scoreT_exp": [
            [
              2,
              1,
              1
            ],
            [
              2,
              2,
              2
            ],
            [
              1,
              1,
              1
            ]
          ]
        },
        "paragraph_scoreT_avg": 1.4444445,
        "paragraph_id": "001"
      }
    ],
    "essay_scoreT": [
      15.333334,
      18.5,
      12
    ],
    "essay_scoreT_avg": 15.277779,
    "essay_scoreT_detail": {
      "essay_scoreT_org": [
        [
          2,
          2,
          2,
          2
        ],
        [
          2,
          2,
          2,
          2
        ],
        [
          1,
          1,
          1,
          1
        ]
      ],
      "essay_scoreT_cont": [
        [
          2,
          1,
          0,
          1
        ],
        [
          2,
          1,
          0,
          2
        ],
        [
          2,
          1,
          0,
          1
        ]
      ],
      "essay_scoreT_exp": [
        [
          2,
          1,
          1
        ],
        [
          2,
          2,
          2
        ],
        [
          1,
          1,
          1
        ]
      ]
    }
  },
  "student": {
    "date": "2021.09.10",
    "student_educated": true,
    "student_grade": "고등_1학년",
    "location": "063",
    "student_grade_group": "고등",
    "student_reading": 1
  },
  "rubric": {
    "essay_grade": "고등_1학년",
    "organization_weight": {
      "org_paragraph": 2,
      "org": 2,
      "org_essay": 4,
      "org_coherence": 2,
      "org_quantity": 1
    },
    "essay_type": "설명글",
    "content_weight": {
      "con_clearance": 4,
      "con_novelty": 3,
      "con": 4,
      "con_prompt": 0,
      "con_description": 1
    },
    "essay_main_subject": "영화/독서감상문",
    "expression_weight": {
      "exp_style": 1,
      "exp_grammar": 2,
      "exp_vocab": 3,
      "exp": 4
    }
  },
  "correction": [],
  "info": {
    "essay_id": "ESSAY_34732",
    "essay_prompt": " 영화에는 로맨스, 액션, 스릴러 등 정말 많은 장르가 있습니다. 사람마다 좋아하는 장르가 있고 절대 보지 않는 장르도 있습니다.\r\n\r\n 독서도 마찬가지입니다. 소설, 수필, 시, 만화, 위인전 등 여러가지 장르가 있습니다.\r\n\r\n 여러분은 어떤 장르를 좋아하나요? 그리고 해당 장르에서 가장 재미있게 봤던 영화나 책은 무엇인가요?\r\n\r\n 자신이 봤던 영화 혹은 책을 한 편 선정하여 주제와 내용 그리고 느낀점을 감상문으로 작성해주세요.",
    "essay_type": "설명글",
    "essay_level": "3",
    "essay_len": 502,
    "essay_main_subject": "영화/독서감상문"
  }
}