{
  "paragraph": [
    {
      "paragraph_txt": "이 책의 줄거리는 한 남자가 한 여자랑 결혼을 할 예정이였는데 못하였다.#@문장구분# 소설의 처음에는 이 남자가 결혼을 못한 이유를 몰랐지만 점점 소설이 전개되면서 그 이유가 하나씩 밝혀 진다.#@문장구분# 한 여자가 남자가 스페인어를 잘한다는 소식을 듣고 매력을 느낀 여자는 선인장 화분에 결혼하자는 문구를 스페인 어로 남겨 프로포지 같은걸 했지만 사실 남자는 스페인어를 하지 못하여 이 메모의 뜻을 알지 못하고 여자는 이로인해 결혼하는걸 포기하게된다.#@문장구분# 끝까지 이유를 알지 못했으니 그여자의 오빠 그 남자의 친구가 주인공 집에있는 선인장을 보고 그 안에있는 문구를 본뒤 이 글자를 해석하여 주인공에게 말을 한다.#@문장구분#",
      "paragraph_len": 409,
      "paragraph_id": "001"
    },
    {
      "paragraph_txt": " 결국 주인공은 그 선인장의 뜻을 알게되고 마지막에 소설이 끝난다.#@문장구분# 이 소설로 느낀것은 모르면 모른다고 솔직하게 말하고 잘하면 잘 하는것을 정확하게 말하여 불이익이 없도록 해야겠다.#@문장구분#",
      "paragraph_len": 141,
      "paragraph_id": "002"
    }
  ],
  "score": {
    "paragraph_score": [
      {
        "paragraph_scoreT": [
          1.3333334,
          1.8333334,
          1
        ],
        "paragraph_scoreT_detail": {
          "paragraph_scoreT_exp": [
            [
              2,
              1,
              1
            ],
            [
              2,
              2,
              1
            ],
            [
              1,
              1,
              1
            ]
          ]
        },
        "paragraph_scoreT_avg": 1.388889,
        "paragraph_id": "001"
      },
      {
        "paragraph_scoreT": [
          1.8333334,
          1.8333334,
          1
        ],
        "paragraph_scoreT_detail": {
          "paragraph_scoreT_exp": [
            [
              2,
              2,
              1
            ],
            [
              2,
              2,
              1
            ],
            [
              1,
              1,
              1
            ]
          ]
        },
        "paragraph_scoreT_avg": 1.5555557,
        "paragraph_id": "002"
      }
    ],
    "essay_scoreT": [
      15.833334,
      18.61111,
      12
    ],
    "essay_scoreT_avg": 15.481481,
    "essay_scoreT_detail": {
      "essay_scoreT_org": [
        [
          2,
          2,
          2,
          2
        ],
        [
          2,
          2,
          2,
          1
        ],
        [
          1,
          1,
          1,
          1
        ]
      ],
      "essay_scoreT_cont": [
        [
          1,
          1,
          0,
          2
        ],
        [
          2,
          2,
          0,
          1
        ],
        [
          2,
          1,
          0,
          1
        ]
      ],
      "essay_scoreT_exp": [
        [
          2,
          2,
          1
        ],
        [
          2,
          2,
          1
        ],
        [
          1,
          1,
          1
        ]
      ]
    }
  },
  "student": {
    "date": "2021.09.10",
    "student_educated": true,
    "student_grade": "고등_1학년",
    "location": "063",
    "student_grade_group": "고등",
    "student_reading": 1
  },
  "rubric": {
    "essay_grade": "고등_1학년",
    "organization_weight": {
      "org_paragraph": 2,
      "org": 2,
      "org_essay": 4,
      "org_coherence": 2,
      "org_quantity": 1
    },
    "essay_type": "설명글",
    "content_weight": {
      "con_clearance": 4,
      "con_novelty": 3,
      "con": 4,
      "con_prompt": 0,
      "con_description": 1
    },
    "essay_main_subject": "영화/독서감상문",
    "expression_weight": {
      "exp_style": 1,
      "exp_grammar": 2,
      "exp_vocab": 3,
      "exp": 4
    }
  },
  "correction": [],
  "info": {
    "essay_id": "ESSAY_34836",
    "essay_prompt": " 영화에는 로맨스, 액션, 스릴러 등 정말 많은 장르가 있습니다. 사람마다 좋아하는 장르가 있고 절대 보지 않는 장르도 있습니다.\r\n\r\n 독서도 마찬가지입니다. 소설, 수필, 시, 만화, 위인전 등 여러가지 장르가 있습니다.\r\n\r\n 여러분은 어떤 장르를 좋아하나요? 그리고 해당 장르에서 가장 재미있게 봤던 영화나 책은 무엇인가요?\r\n\r\n 자신이 봤던 영화 혹은 책을 한 편 선정하여 주제와 내용 그리고 느낀점을 감상문으로 작성해주세요.",
    "essay_type": "설명글",
    "essay_level": "3",
    "essay_len": 432,
    "essay_main_subject": "영화/독서감상문"
  }
}