{
  "paragraph": [
    {
      "paragraph_txt": "이 책의 앞장에서 '과학 사상의 역사에 관한 에세이'라고 말하고 있듯이 이 책은 중세 르네상스 시기를 거쳐가면서 신을 중심으로 하는 사회 분위기 속 인간들이 어떻게 객관성을 추구하는 과학적 세계관을 구축했는지 그 과정을 말해주는 역사서이다.#@문장구분#\n이에 증언하듯이 책의 초반부에는 근대과학의 성립이 시작할때 즈음인 갈릴레오의 낙하 운동 연구가 등장한다.#@문장구분#\n그 당시 유럽 시대만 해도 사회상을 지탱하고 있던 통념은 신이었고 지구가 우주의 중심이며 행성이 완벽한 원형으로 지구를 중심으로 하여 공전한다는 과학적 세계관 속에서 살아가고 있었다.#@문장구분#\n플라톤과 아리스토텔레스의 사상이 역사적으로 전해져 내려오면서 당시의 신을 중심으로 하는 사상이 결합하며 모든 자연의 법칙이 신을 중심으로 다루어지며, 신의 뜻에 따라 완벽하게 흘러가는 것이라 믿어오게 된다.#@문장구분# \n따라서 이는 현대의 과학이 추구하는 수학적, 분석적, 계량적 객관성과는 거리가 있는 사상이었으며 주관성이 확연히 드러나고 무실험적이며 이성적 만족만으로도 목적하는 바가 추구되는, 일명 정신적 만족감을 위해 신을 중심으로 한 사회를 구축했다고 볼 수 있다.#@문장구분# 저자인 찰스 길리스피는 계몽사상이나 신학, 당시의 철학에 대해 어떻게 과학이 유기적으로 영향을 미쳐 합리적인 과학적 객관성을 정착시켰는지 설명하고 있다.#@문장구분#\n새벽시간 동이 트기전에 미세한 빛만이 어둠속을 가르고 있지만 이어 시간이 지나면서 이윽고 태양의 모습이 나타나며 어둠을 완전히 몰아내는 광경으로 이 책을 함축할 수 있을 것 같다.#@문장구분#\n하나의 시대가 과도기를 거쳐 다른 시대로 나아가게 되는 과정에는 한 명의 영웅이 나타나 해결하는 것만으로 이루어지지 않는다.#@문장구분# 새벽을 밝히기 위한 빛줄기 하나하나, 즉 수많은 군중과 학문을 가진 학자들이 존재했고 많은 이들의 노력한 뜻이 하나로 응축되어 결국 과도기적인 성격을 띄며 이전의 어둠을 몰아낸다.#@문장구분#\n역사는 민중이 이루어내지만 그 시대의 끝과 가장자리, 즉 역사의 칼날부(edge)에 존재하는 인물들의 노력이 새로운 시대의 문을 열어주었다고 생각한다.#@문장구분#",
      "paragraph_len": 1199,
      "paragraph_id": "001"
    }
  ],
  "score": {
    "paragraph_score": [
      {
        "paragraph_scoreT": [
          3,
          3,
          2
        ],
        "paragraph_scoreT_detail": {
          "paragraph_scoreT_exp": [
            [
              3,
              3,
              3
            ],
            [
              3,
              3,
              3
            ],
            [
              2,
              2,
              2
            ]
          ]
        },
        "paragraph_scoreT_avg": 2.6666667,
        "paragraph_id": "001"
      }
    ],
    "essay_scoreT": [
      30,
      27.61111,
      22.666666
    ],
    "essay_scoreT_avg": 26.75926,
    "essay_scoreT_detail": {
      "essay_scoreT_org": [
        [
          3,
          3,
          3,
          3
        ],
        [
          2,
          3,
          3,
          3
        ],
        [
          2,
          2,
          3,
          3
        ]
      ],
      "essay_scoreT_cont": [
        [
          3,
          3,
          0,
          3
        ],
        [
          3,
          2,
          0,
          3
        ],
        [
          3,
          2,
          0,
          2
        ]
      ],
      "essay_scoreT_exp": [
        [
          3,
          3,
          3
        ],
        [
          3,
          3,
          3
        ],
        [
          2,
          2,
          2
        ]
      ]
    }
  },
  "student": {
    "date": "2021.09.07",
    "student_educated": true,
    "student_grade": "고등_1학년",
    "location": "051",
    "student_grade_group": "고등",
    "student_reading": 1
  },
  "rubric": {
    "essay_grade": "고등_1학년",
    "organization_weight": {
      "org_paragraph": 2,
      "org": 2,
      "org_essay": 4,
      "org_coherence": 2,
      "org_quantity": 1
    },
    "essay_type": "설명글",
    "content_weight": {
      "con_clearance": 4,
      "con_novelty": 3,
      "con": 4,
      "con_prompt": 0,
      "con_description": 1
    },
    "essay_main_subject": "영화/독서감상문",
    "expression_weight": {
      "exp_style": 1,
      "exp_grammar": 2,
      "exp_vocab": 3,
      "exp": 4
    }
  },
  "correction": [],
  "info": {
    "essay_id": "ESSAY_34394",
    "essay_prompt": " 영화에는 로맨스, 액션, 스릴러 등 정말 많은 장르가 있습니다. 사람마다 좋아하는 장르가 있고 절대 보지 않는 장르도 있습니다.\r\n\r\n 독서도 마찬가지입니다. 소설, 수필, 시, 만화, 위인전 등 여러가지 장르가 있습니다.\r\n\r\n 여러분은 어떤 장르를 좋아하나요? 그리고 해당 장르에서 가장 재미있게 봤던 영화나 책은 무엇인가요?\r\n\r\n 자신이 봤던 영화 혹은 책을 한 편 선정하여 주제와 내용 그리고 느낀점을 감상문으로 작성해주세요.",
    "essay_type": "설명글",
    "essay_level": "3",
    "essay_len": 999,
    "essay_main_subject": "영화/독서감상문"
  }
}