{
  "paragraph": [
    {
      "paragraph_txt": "기계에 대한 책을 찾아보다가 우연히 타자기의 역사와 발전에 대한 내용이 담긴 영어 책을 찾았다.#@문장구분# 이 책에서는 옛날 타자기의 사진이 엄청 많다.#@문장구분# 처음 타자기가 발명되었을때, 그것은 엄청 크고 사용하기 어려웠다.#@문장구분# 나중에 띠를 이용한 타자기가 발명되는데 이 타자기는 잉크 리본을 이용하여 키를 움직이고, 종이에 잉크를 묻힌다.#@문장구분# 이후 사람들이 컴퓨터를 사면서 조금 더 작아진 타자기를 기대한다.#@문장구분# 옛 날 타자기의 문제점은 타자를 치면서 글을 보지 못한다는 것이었다.#@문장구분# 그러면 사람들이 타자를 잘못친다면 전체 글을 새로 다시 서야한다.#@문장구분# 이것이 사람들을 화나게 만들었다.#@문장구분# 사람들이 참을성이 없어지면서 타자기의 사용을 멈추고 컴퓨터를 대신 쓰기 시작한다.#@문장구분# 이러다 가 타자기가 없어지고 컴퓨터의 유행이 시작된다.#@문장구분# 원래 타자기의 원리나 기원이 궁금해서 이 책을 보았지만 이 책을 읽고 타자기와 더 불어 컴퓨터에 대한 내용도 알게 되어서 좋았다.#@문장구분#",
      "paragraph_len": 681,
      "paragraph_id": "001"
    }
  ],
  "score": {
    "paragraph_score": [
      {
        "paragraph_scoreT": [
          2.6666667,
          2,
          1.8333334
        ],
        "paragraph_scoreT_detail": {
          "paragraph_scoreT_exp": [
            [
              2,
              3,
              3
            ],
            [
              2,
              2,
              2
            ],
            [
              2,
              2,
              1
            ]
          ]
        },
        "paragraph_scoreT_avg": 2.1666667,
        "paragraph_id": "001"
      }
    ],
    "essay_scoreT": [
      22.5,
      20,
      18.833334
    ],
    "essay_scoreT_avg": 20.444445,
    "essay_scoreT_detail": {
      "essay_scoreT_org": [
        [
          3,
          3,
          3,
          0
        ],
        [
          2,
          2,
          2,
          2
        ],
        [
          2,
          2,
          2,
          2
        ]
      ],
      "essay_scoreT_cont": [
        [
          2,
          1,
          0,
          2
        ],
        [
          2,
          2,
          0,
          2
        ],
        [
          2,
          2,
          0,
          1
        ]
      ],
      "essay_scoreT_exp": [
        [
          2,
          3,
          3
        ],
        [
          2,
          2,
          2
        ],
        [
          2,
          2,
          1
        ]
      ]
    }
  },
  "student": {
    "date": "2021.09.07",
    "student_educated": true,
    "student_grade": "고등_1학년",
    "location": "063",
    "student_grade_group": "고등",
    "student_reading": 3
  },
  "rubric": {
    "essay_grade": "고등_1학년",
    "organization_weight": {
      "org_paragraph": 2,
      "org": 2,
      "org_essay": 4,
      "org_coherence": 2,
      "org_quantity": 1
    },
    "essay_type": "설명글",
    "content_weight": {
      "con_clearance": 4,
      "con_novelty": 3,
      "con": 4,
      "con_prompt": 0,
      "con_description": 1
    },
    "essay_main_subject": "영화/독서감상문",
    "expression_weight": {
      "exp_style": 1,
      "exp_grammar": 2,
      "exp_vocab": 3,
      "exp": 4
    }
  },
  "correction": [],
  "info": {
    "essay_id": "ESSAY_34530",
    "essay_prompt": " 영화에는 로맨스, 액션, 스릴러 등 정말 많은 장르가 있습니다. 사람마다 좋아하는 장르가 있고 절대 보지 않는 장르도 있습니다.\r\n\r\n 독서도 마찬가지입니다. 소설, 수필, 시, 만화, 위인전 등 여러가지 장르가 있습니다.\r\n\r\n 여러분은 어떤 장르를 좋아하나요? 그리고 해당 장르에서 가장 재미있게 봤던 영화나 책은 무엇인가요?\r\n\r\n 자신이 봤던 영화 혹은 책을 한 편 선정하여 주제와 내용 그리고 느낀점을 감상문으로 작성해주세요.",
    "essay_type": "설명글",
    "essay_level": "3",
    "essay_len": 461,
    "essay_main_subject": "영화/독서감상문"
  }
}