{
  "paragraph": [
    {
      "paragraph_txt": "담임 선생님께서 방학전에 학과도 중요하지만 내가 무슨 일을 하고 싶은지 진로를 빨리 정하는게 중요하다고 하셔서 도움이 되는 책이 없을까 찾아보다 읽게되었다.#@문장구분# 앞으로 미래는 빠르게 변화 할것이다.#@문장구분# 물론 지금도 빠르게 발전하는 중이지만, 앞으로 더욱 더 과속화 될것이다.#@문장구분# 그중 변화에 중심에 있는 것이 인공지능과 4차 산업혁명이다.#@문장구분# 또한 인공지능이 발달함에 따라 지금 우리가 알고있는 직업들이 앞으로 계속 지속될수 있을까에 대한 고민들이 커져 가고 그로 인해 변화를 주도 하기보다는 시대에 변화에 이끌려 다닐수도 있다.#@문장구분# 그렇게 되면 필요나 상황에 따라 직업을 바꿀 타이밍을 놓치게 되고 직업을 바꿀 기회 보다는 위기감을 먼저 느끼게 된다.#@문장구분# 이 책은 그런 점을 바로 잠게 해준다.#@문장구분# 지금 까지 진로 관련 정보들은 앞으로 사라질 직업과 전망 이 밝은 직업을 분류만 해놓고 가이드도 없이 두가지 분류만 보고 알아서 정하라는 식의 정보가 대부분이었다.#@문장구분# 하지만 이 책은 그런 분류나 이론등을 설면하는 지루한 내용은 버리고 일상적인 대화등을 통하여 원하는 결론에 도달하는 그런 방식을 취하고 있어서 읽는 내내 지루하지도 않고 더욱 와닿는것 같았다.#@문장구분# 읽으면서 진로에 대해 고민도 해보았는데 내 식당을 차려 보고싶다는 생각도 들었다.#@문장구분# 식당을 차리는데 요리실력도 실력이지만 경영방식도 중요할 것이니 대학 갈때는 그쪽 계열로 진학하는것이 나쁘지 않을 것 같다는 생각도 했다.#@문장구분# 해보고 잘안되면 다른걸 해보면 되니 굳이 크게 두려워 할필요도 없을 것 같다.#@문장구분#이 책을 읽고 앞으로 우리는 시대의변화에 이끌리지말고 주체적으로 우리가 직업을 만들어가는 그런 청년이 되야겠다고 생각이 들었다.#@문장구분#",
      "paragraph_len": 1075,
      "paragraph_id": "001"
    }
  ],
  "score": {
    "paragraph_score": [
      {
        "paragraph_scoreT": [
          2.6666667,
          2.8333333,
          1.8333334
        ],
        "paragraph_scoreT_detail": {
          "paragraph_scoreT_exp": [
            [
              2,
              3,
              3
            ],
            [
              3,
              3,
              2
            ],
            [
              2,
              2,
              1
            ]
          ]
        },
        "paragraph_scoreT_avg": 2.4444444,
        "paragraph_id": "001"
      }
    ],
    "essay_scoreT": [
      24.666668,
      26.666666,
      18.88889
    ],
    "essay_scoreT_avg": 23.40741,
    "essay_scoreT_detail": {
      "essay_scoreT_org": [
        [
          3,
          3,
          3,
          3
        ],
        [
          3,
          3,
          2,
          2
        ],
        [
          2,
          1,
          2,
          2
        ]
      ],
      "essay_scoreT_cont": [
        [
          2,
          2,
          0,
          2
        ],
        [
          3,
          2,
          0,
          2
        ],
        [
          2,
          2,
          0,
          2
        ]
      ],
      "essay_scoreT_exp": [
        [
          2,
          3,
          3
        ],
        [
          3,
          3,
          2
        ],
        [
          2,
          2,
          1
        ]
      ]
    }
  },
  "student": {
    "date": "2021.09.13",
    "student_educated": true,
    "student_grade": "고등_1학년",
    "location": "063",
    "student_grade_group": "고등",
    "student_reading": 1
  },
  "rubric": {
    "essay_grade": "고등_1학년",
    "organization_weight": {
      "org_paragraph": 2,
      "org": 2,
      "org_essay": 4,
      "org_coherence": 2,
      "org_quantity": 1
    },
    "essay_type": "설명글",
    "content_weight": {
      "con_clearance": 4,
      "con_novelty": 3,
      "con": 4,
      "con_prompt": 0,
      "con_description": 1
    },
    "essay_main_subject": "영화/독서감상문",
    "expression_weight": {
      "exp_style": 1,
      "exp_grammar": 2,
      "exp_vocab": 3,
      "exp": 4
    }
  },
  "correction": [],
  "info": {
    "essay_id": "ESSAY_34577",
    "essay_prompt": " 영화에는 로맨스, 액션, 스릴러 등 정말 많은 장르가 있습니다. 사람마다 좋아하는 장르가 있고 절대 보지 않는 장르도 있습니다.\r\n\r\n 독서도 마찬가지입니다. 소설, 수필, 시, 만화, 위인전 등 여러가지 장르가 있습니다.\r\n\r\n 여러분은 어떤 장르를 좋아하나요? 그리고 해당 장르에서 가장 재미있게 봤던 영화나 책은 무엇인가요?\r\n\r\n 자신이 봤던 영화 혹은 책을 한 편 선정하여 주제와 내용 그리고 느낀점을 감상문으로 작성해주세요.",
    "essay_type": "설명글",
    "essay_level": "3",
    "essay_len": 815,
    "essay_main_subject": "영화/독서감상문"
  }
}