{
  "paragraph": [
    {
      "paragraph_txt": "이 책을 읽게된 계기는 미적분 관련도서를 사러 교보문고에 갔을 때 새로나온 책 사이에 있었는데 그 자리에서 한 3장정도 읽었는데 책 내용이 쉽게 표현되어 있었고, 다른 책들은 내가 읽기에는 조금 어려운 부분이 있었지만, 이 책은 내가 읽기에도 부담이 없었기 때문에 고르게 되었다.#@문장구분#\n \n이 책은 수학과 물리를 학원 선생님 처럼 알기 쉽게 설명하며 인기를 얻은 유튜버 요비노리 다쿠미가 누구나 미적분의 원리를 1시간만에 이해할 수 있게 대화 방식으로 설명한 책이다.#@문장구분# 내 생각에 미적분은 고등학교 수학 중에서도 수학 자체의 매력과 재미가 응축되어있는 부분이지만 안타깝게도 수포자를 가장 많이 만들어내는 어려운 부분이라고 생각한다.#@문장구분# 이 책에 내가 매력을 느끼게 된 것은 어려운 수학적인 개념들을 구체적인 현실을 예로 들어 짧은 시간에 친절하게 설명하는 것이었다.#@문장구분#",
      "paragraph_len": 502,
      "paragraph_id": "001"
    },
    {
      "paragraph_txt": "이 책은 미적분을 공부하는 법, 기호, 함수 등 미적분에 대한 이해, 미분과 적분에 대한 설명을 해주고 있다. #@문장구분#초등학생도 미적분을 할수 있다는 말이 조금 충격적이면서도 사칙연산 같은 기본적인 계산법만 알고 있으면 충분하다는 저자의 말에 반신반의하면서 읽었다.#@문장구분#",
      "paragraph_len": 184,
      "paragraph_id": "002"
    },
    {
      "paragraph_txt": "책의 내용은 두 사람의 대화로 이루어져 있는데 수포자였던 에리의 대화는 구어체다 보니 정말 강의를 듣고 있는 듯한 느낌도 들었고, 특히 답을 먼저 말하기 보단 에리에게 꾸준히 질문을 던지면서 차근차근 설명해주는 학습 방식 정말 마음에 들었다.#@문장구분# 독자에게는 에리와 함께 생각 해볼 수 있는 시간을 가질 수 있었다.#@문장구분# 미분과 적분에 관한 수식에 대한 설명은 다 아는 내용이었지만, 적분의 역사 같은내용은 처음보는 내용이었기 때문에 재미있게 볼 수 있었다. #@문장구분#인상 깊었던 것은 강의의 마지막에 연습 문제들이 실려있는데 이 연습문제 역시 두 사람의 대화로 진행되고 있다는 점이었다. #@문장구분#해설과 답만 올려놓은 게 아니라 질문을 통해 어떻게 풀어야 하는지 선생님이 잘 설명해주고 있기 때문에 문제 풀이가 더 쉽지 않았나라는 생각도 했다.#@문장구분# 수학책임에도 불구하고 한 손에 가볍게 들리는 책이라 놀랐고, 그래프나 공식이 잘 정리 되어 있어 눈도 아프지 않았다.#@문장구분# 앞으로 미적분을 배우게 될 학생들 뿐만아니라 지금 미적분이 너무 어려워서 손을 놓은 학생들, 평소 미적분에 관심이 없었던 사람들도 한번 쯤 가볍게 읽어볼 수 있는 책이기 때문에 추천하고 싶다.#@문장구분#",
      "paragraph_len": 715,
      "paragraph_id": "003"
    }
  ],
  "score": {
    "paragraph_score": [
      {
        "paragraph_scoreT": [
          3,
          2.8333333,
          2
        ],
        "paragraph_scoreT_detail": {
          "paragraph_scoreT_exp": [
            [
              3,
              3,
              3
            ],
            [
              3,
              3,
              2
            ],
            [
              2,
              2,
              2
            ]
          ]
        },
        "paragraph_scoreT_avg": 2.611111,
        "paragraph_id": "001"
      },
      {
        "paragraph_scoreT": [
          3,
          2.8333333,
          2
        ],
        "paragraph_scoreT_detail": {
          "paragraph_scoreT_exp": [
            [
              3,
              3,
              3
            ],
            [
              3,
              3,
              2
            ],
            [
              2,
              2,
              2
            ]
          ]
        },
        "paragraph_scoreT_avg": 2.611111,
        "paragraph_id": "002"
      },
      {
        "paragraph_scoreT": [
          3,
          2.8333333,
          2
        ],
        "paragraph_scoreT_detail": {
          "paragraph_scoreT_exp": [
            [
              3,
              3,
              3
            ],
            [
              3,
              3,
              2
            ],
            [
              2,
              2,
              2
            ]
          ]
        },
        "paragraph_scoreT_avg": 2.611111,
        "paragraph_id": "003"
      }
    ],
    "essay_scoreT": [
      30,
      27.333332,
      22.666666
    ],
    "essay_scoreT_avg": 26.666666,
    "essay_scoreT_detail": {
      "essay_scoreT_org": [
        [
          3,
          3,
          3,
          3
        ],
        [
          3,
          3,
          3,
          3
        ],
        [
          2,
          2,
          3,
          3
        ]
      ],
      "essay_scoreT_cont": [
        [
          3,
          3,
          0,
          3
        ],
        [
          3,
          2,
          0,
          2
        ],
        [
          3,
          2,
          0,
          2
        ]
      ],
      "essay_scoreT_exp": [
        [
          3,
          3,
          3
        ],
        [
          3,
          3,
          2
        ],
        [
          2,
          2,
          2
        ]
      ]
    }
  },
  "student": {
    "date": "2021.09.13",
    "student_educated": true,
    "student_grade": "고등_1학년",
    "location": "063",
    "student_grade_group": "고등",
    "student_reading": 1
  },
  "rubric": {
    "essay_grade": "고등_1학년",
    "organization_weight": {
      "org_paragraph": 2,
      "org": 2,
      "org_essay": 4,
      "org_coherence": 2,
      "org_quantity": 1
    },
    "essay_type": "설명글",
    "content_weight": {
      "con_clearance": 4,
      "con_novelty": 3,
      "con": 4,
      "con_prompt": 0,
      "con_description": 1
    },
    "essay_main_subject": "영화/독서감상문",
    "expression_weight": {
      "exp_style": 1,
      "exp_grammar": 2,
      "exp_vocab": 3,
      "exp": 4
    }
  },
  "correction": [],
  "info": {
    "essay_id": "ESSAY_34422",
    "essay_prompt": " 영화에는 로맨스, 액션, 스릴러 등 정말 많은 장르가 있습니다. 사람마다 좋아하는 장르가 있고 절대 보지 않는 장르도 있습니다.\r\n\r\n 독서도 마찬가지입니다. 소설, 수필, 시, 만화, 위인전 등 여러가지 장르가 있습니다.\r\n\r\n 여러분은 어떤 장르를 좋아하나요? 그리고 해당 장르에서 가장 재미있게 봤던 영화나 책은 무엇인가요?\r\n\r\n 자신이 봤던 영화 혹은 책을 한 편 선정하여 주제와 내용 그리고 느낀점을 감상문으로 작성해주세요.",
    "essay_type": "설명글",
    "essay_level": "3",
    "essay_len": 1145,
    "essay_main_subject": "영화/독서감상문"
  }
}