{
  "paragraph": [
    {
      "paragraph_txt": "이 책은 영어 도서를 찾아보다 평소 과학사에서 이름을 날린 과학자인 갈릴레오라는 이름의 책이 있어 이 책을 읽게 되었다.#@문장구분#\n이 책의 내용은 갈릴레오의 일대기를 간단히 요약하여 담은 것으로 갈릴레오가 어디서 태어났으며 그가 무엇을 하며 자랐고 그가 어 디서 어떠한 업적을 남겼는지, 그러한 그의 행동이 당시 그 사회에 어떠한 반향을 일으켰는지에 대해 소개하며 그러했던 그가 현대 사 회에 어떠한 영향을 미쳤는지에 대해 설명하고 있다.#@문장구분#\n 이 책에서 인상깊었던 부분은 갈릴레오가 망원경을 제작한 부분이었다. #@문장구분#지금까지 알고 있었던 사실과는 다르게 이 책에서는 그가 망 원경을 발명한 것이 아니라 다른 누군가가 만들었다는 소식을 듣고 만들었다는 부분에서 과학, 수학 등의 여러 학문들이 소수의 천재 들만이 이끌어 나가는 것이 아닌 작은 걸음이 더 큰 걸음을 만들어 내는 것이라는 말이 다시 떠오르는 내용이었기 때문이다.#@문장구분# 또한 그 는 교회에 갔다온 뒤에도 자신이 옳음을 우회적으로 증명하기 위해 소설을 썼다는 부분또한 자신만이 맞다는 것을 무조건 강요한 것 이 아니라 부정적인 상대를 부드럽게 포용할 줄 아는 그의 자세를 볼 수 있었던 듯하여 인상적이었다.#@문장구분# 그런데 이 책에서는 갈릴레오가 피사의 사탑에서 실험을 하였다고 하였는데 실제로는 피사의 사탑에서 하지 않고 다른 장소에서 했다고 알고 있어 그 부분이 제대로 검증되지 않은 듯해 아쉬움을 느꼈다.#@문장구분#\n 이 책은 갈릴레오와 그의 과학사적 업적을 살펴보고 싶은 이들이 즐겁게 읽을 수 있고 영어 공부를 하는 사람들에게도 독해력을 향상 시킬 수 있는 책이라 생각한다.#@문장구분#",
      "paragraph_len": 924,
      "paragraph_id": "001"
    }
  ],
  "score": {
    "paragraph_score": [
      {
        "paragraph_scoreT": [
          2.6666667,
          2.5,
          1.8333334
        ],
        "paragraph_scoreT_detail": {
          "paragraph_scoreT_exp": [
            [
              2,
              3,
              3
            ],
            [
              2,
              3,
              2
            ],
            [
              2,
              2,
              1
            ]
          ]
        },
        "paragraph_scoreT_avg": 2.3333335,
        "paragraph_id": "001"
      }
    ],
    "essay_scoreT": [
      28.666668,
      26.666666,
      22.833334
    ],
    "essay_scoreT_avg": 26.055557,
    "essay_scoreT_detail": {
      "essay_scoreT_org": [
        [
          3,
          3,
          3,
          3
        ],
        [
          2,
          2,
          3,
          3
        ],
        [
          2,
          2,
          2,
          2
        ]
      ],
      "essay_scoreT_cont": [
        [
          3,
          3,
          0,
          3
        ],
        [
          3,
          3,
          0,
          3
        ],
        [
          3,
          3,
          0,
          2
        ]
      ],
      "essay_scoreT_exp": [
        [
          2,
          3,
          3
        ],
        [
          2,
          3,
          2
        ],
        [
          2,
          2,
          1
        ]
      ]
    }
  },
  "student": {
    "date": "2021.09.07",
    "student_educated": true,
    "student_grade": "고등_1학년",
    "location": "063",
    "student_grade_group": "고등",
    "student_reading": 1
  },
  "rubric": {
    "essay_grade": "고등_1학년",
    "organization_weight": {
      "org_paragraph": 2,
      "org": 2,
      "org_essay": 4,
      "org_coherence": 2,
      "org_quantity": 1
    },
    "essay_type": "설명글",
    "content_weight": {
      "con_clearance": 4,
      "con_novelty": 3,
      "con": 4,
      "con_prompt": 0,
      "con_description": 1
    },
    "essay_main_subject": "영화/독서감상문",
    "expression_weight": {
      "exp_style": 1,
      "exp_grammar": 2,
      "exp_vocab": 3,
      "exp": 4
    }
  },
  "correction": [],
  "info": {
    "essay_id": "ESSAY_34512",
    "essay_prompt": " 영화에는 로맨스, 액션, 스릴러 등 정말 많은 장르가 있습니다. 사람마다 좋아하는 장르가 있고 절대 보지 않는 장르도 있습니다.\r\n\r\n 독서도 마찬가지입니다. 소설, 수필, 시, 만화, 위인전 등 여러가지 장르가 있습니다.\r\n\r\n 여러분은 어떤 장르를 좋아하나요? 그리고 해당 장르에서 가장 재미있게 봤던 영화나 책은 무엇인가요?\r\n\r\n 자신이 봤던 영화 혹은 책을 한 편 선정하여 주제와 내용 그리고 느낀점을 감상문으로 작성해주세요.",
    "essay_type": "설명글",
    "essay_level": "3",
    "essay_len": 784,
    "essay_main_subject": "영화/독서감상문"
  }
}