{
  "paragraph": [
    {
      "paragraph_txt": "트레스데일은 결혼하고싶은 신붓감이 있었다. #@문장구분#그는 신붓감에게 자신을 어필하였고 그는 선장과 종조해서 자신이 스페인어를 유창하게 구사한다고 과장하였다.#@문장구분# 그때문에 트레스디일은 여자에게 청혼을 받았지만 그는 청혼을 받은지도 몰랐다.#@문장구분# 왜냐하면 스페인어를 유창하게 구사할 줄 알았던 신부는 트레스데일에게 스페인어가 적힌 선인장 하나를 보내었는데 선인장에 적힌 글귀가 스페인어였는데\n그뜻이 청혼을 수락한다는 뜻이었다.#@문장구분# 하지만 트레스데일은 그청혼이 수락인지 몰랐다.#@문장구분# 그는 스페인어를 거의 하지못했기때문이다.#@문장구분#\n결국 그는 청혼을 수락받았음에도 불구하고 자신의 실수떄문에 결혼을 하지못할위기에처했다.#@문장구분# 책을 읽으면서 선장의 잘못도 있지만 그에 호응한 트레스데일의 잘못도있다고 각한다.#@문장구분# 아무리 자기가 잘났고 잘난체하고싶어도 자신을 너무 과장하고 지나치게 포장해서 말하면 자신이 손해를 볼것이라는 것을 알아야 한다.#@문장구분# 책을 일고 트레스데일의 실수하나 로 인생이 바뀐거같은 삶을 산 그가 불쌍하\n지만 그의 잘못도 있다고 생각한다,#@문장구분# 난 책을 읽고 난 후 나는 아무리 중요한 상황이라도 거짓말은 함부로 해서는안되고 특히 사람과사람사이의 인관관계를 형성하는 과정에서는 거짓말은 금물이라는것을 깨달았다.#@문장구분#",
      "paragraph_len": 817,
      "paragraph_id": "001"
    }
  ],
  "score": {
    "paragraph_score": [
      {
        "paragraph_scoreT": [
          3,
          2.8333333,
          2
        ],
        "paragraph_scoreT_detail": {
          "paragraph_scoreT_exp": [
            [
              3,
              3,
              3
            ],
            [
              3,
              3,
              2
            ],
            [
              2,
              2,
              2
            ]
          ]
        },
        "paragraph_scoreT_avg": 2.611111,
        "paragraph_id": "001"
      }
    ],
    "essay_scoreT": [
      30,
      24.222221,
      22.444445
    ],
    "essay_scoreT_avg": 25.555555,
    "essay_scoreT_detail": {
      "essay_scoreT_org": [
        [
          3,
          3,
          3,
          3
        ],
        [
          2,
          3,
          3,
          2
        ],
        [
          2,
          2,
          3,
          2
        ]
      ],
      "essay_scoreT_cont": [
        [
          3,
          3,
          0,
          3
        ],
        [
          2,
          2,
          0,
          2
        ],
        [
          3,
          2,
          0,
          2
        ]
      ],
      "essay_scoreT_exp": [
        [
          3,
          3,
          3
        ],
        [
          3,
          3,
          2
        ],
        [
          2,
          2,
          2
        ]
      ]
    }
  },
  "student": {
    "date": "2021.09.22",
    "student_educated": true,
    "student_grade": "고등_1학년",
    "location": "063",
    "student_grade_group": "고등",
    "student_reading": 1
  },
  "rubric": {
    "essay_grade": "고등_1학년",
    "organization_weight": {
      "org_paragraph": 2,
      "org": 2,
      "org_essay": 4,
      "org_coherence": 2,
      "org_quantity": 1
    },
    "essay_type": "설명글",
    "content_weight": {
      "con_clearance": 4,
      "con_novelty": 3,
      "con": 4,
      "con_prompt": 0,
      "con_description": 1
    },
    "essay_main_subject": "영화/독서감상문",
    "expression_weight": {
      "exp_style": 1,
      "exp_grammar": 2,
      "exp_vocab": 3,
      "exp": 4
    }
  },
  "correction": [],
  "info": {
    "essay_id": "ESSAY_34179",
    "essay_prompt": " 영화에는 로맨스, 액션, 스릴러 등 정말 많은 장르가 있습니다. 사람마다 좋아하는 장르가 있고 절대 보지 않는 장르도 있습니다.\r\n\r\n 독서도 마찬가지입니다. 소설, 수필, 시, 만화, 위인전 등 여러가지 장르가 있습니다.\r\n\r\n 여러분은 어떤 장르를 좋아하나요? 그리고 해당 장르에서 가장 재미있게 봤던 영화나 책은 무엇인가요?\r\n\r\n 자신이 봤던 영화 혹은 책을 한 편 선정하여 주제와 내용 그리고 느낀점을 감상문으로 작성해주세요.",
    "essay_type": "설명글",
    "essay_level": "3",
    "essay_len": 598,
    "essay_main_subject": "영화/독서감상문"
  }
}