{
  "paragraph": [
    {
      "paragraph_txt": "저는 학교에서 책을 읽는 동아리에서 이 책을 접하게 되었습니다.#@문장구분# 제목만 보고는 성실하게 살아야 된다는 교훈을 주는 내용일 것이라 생각했었는데 그 속은 #@소속#에서 알바하고 있는 주인공과 주인공의 친구가 사랑하게 된다는 내용이어서 뭐지 싶었지만 사랑이야기를 너무나도 좋아하는 입장으로써 엄청 재미있게 읽었습니다.#@문장구분# 자신의 진로가 뚜렷하지 않은 상태에서 하루하루를 목표없이 살아가\n는 주인공이 프랑스로 여행에 가서 파리 맥도날드에가서 가장 비싼 햄버거를 먹을 것이라는 자그마한 꿈이 너무 안타까웠습니다.#@문장구분# 현재 본인의 한때문에 외국을 가서라도 맥도날드를 가려 하는 것은 저로써는 너무 측은합니다.#@문장구분# 그래도 주인공이 부러운 게 자기만의 뚜렷한 목표가 있다는 것이 부럽습니다.#@문장구분# 저는 목표가 없어서 어디로 가야할 지 모르는 현재의 주인공같은 상황이여서 더이상 헤메지 않\n아도 되는 주인공이 부럽고 본받아야겠다는 생각을 심어준 책이었습니다.#@문장구분#",
      "paragraph_len": 595,
      "paragraph_id": "001"
    }
  ],
  "score": {
    "paragraph_score": [
      {
        "paragraph_scoreT": [
          1.5,
          1.5,
          1.8333334
        ],
        "paragraph_scoreT_detail": {
          "paragraph_scoreT_exp": [
            [
              2,
              1,
              2
            ],
            [
              1,
              2,
              1
            ],
            [
              2,
              2,
              1
            ]
          ]
        },
        "paragraph_scoreT_avg": 1.6111112,
        "paragraph_id": "001"
      }
    ],
    "essay_scoreT": [
      14.888889,
      17.61111,
      17.333334
    ],
    "essay_scoreT_avg": 16.611113,
    "essay_scoreT_detail": {
      "essay_scoreT_org": [
        [
          1,
          2,
          2,
          1
        ],
        [
          2,
          2,
          2,
          1
        ],
        [
          1,
          1,
          1,
          1
        ]
      ],
      "essay_scoreT_cont": [
        [
          2,
          1,
          0,
          1
        ],
        [
          2,
          1,
          0,
          2
        ],
        [
          2,
          2,
          0,
          2
        ]
      ],
      "essay_scoreT_exp": [
        [
          2,
          1,
          2
        ],
        [
          2,
          2,
          1
        ],
        [
          2,
          2,
          1
        ]
      ]
    }
  },
  "student": {
    "date": "2021.09.10",
    "student_educated": true,
    "student_grade": "고등_1학년",
    "location": "063",
    "student_grade_group": "고등",
    "student_reading": 1
  },
  "rubric": {
    "essay_grade": "고등_1학년",
    "organization_weight": {
      "org_paragraph": 2,
      "org": 2,
      "org_essay": 4,
      "org_coherence": 2,
      "org_quantity": 1
    },
    "essay_type": "설명글",
    "content_weight": {
      "con_clearance": 4,
      "con_novelty": 3,
      "con": 4,
      "con_prompt": 0,
      "con_description": 1
    },
    "essay_main_subject": "영화/독서감상문",
    "expression_weight": {
      "exp_style": 1,
      "exp_grammar": 2,
      "exp_vocab": 3,
      "exp": 4
    }
  },
  "correction": [],
  "info": {
    "essay_id": "ESSAY_34584",
    "essay_prompt": " 영화에는 로맨스, 액션, 스릴러 등 정말 많은 장르가 있습니다. 사람마다 좋아하는 장르가 있고 절대 보지 않는 장르도 있습니다.\r\n\r\n 독서도 마찬가지입니다. 소설, 수필, 시, 만화, 위인전 등 여러가지 장르가 있습니다.\r\n\r\n 여러분은 어떤 장르를 좋아하나요? 그리고 해당 장르에서 가장 재미있게 봤던 영화나 책은 무엇인가요?\r\n\r\n 자신이 봤던 영화 혹은 책을 한 편 선정하여 주제와 내용 그리고 느낀점을 감상문으로 작성해주세요.",
    "essay_type": "설명글",
    "essay_level": "3",
    "essay_len": 462,
    "essay_main_subject": "영화/독서감상문"
  }
}