{
  "paragraph": [
    {
      "paragraph_txt": "이 책은 사회와 개인의 대립을 중심으로 흘러간다.#@문장구분# 이 대립의 주위에는 개인인 후루쿠라와 시라하, 사회로서 후루쿠라의 친구와 가족, 그리고 편의점이 있다.#@문장구분#",
      "paragraph_len": 125,
      "paragraph_id": "001"
    },
    {
      "paragraph_txt": " 먼저 이 책에서 사회가 어떤 모습을 하고 있는가를 보자.#@문장구분# 사회는 각 개인에게 평범함을 강요하는 존재로 그려진다.#@문장구분# 개인에게 다른 사람들이 사는 것처럼 살아가도록 강요하고 그 개인이 또한 사회가 되어서 다른 개인을 간섭한다.#@문장구분# 예를 들어 후루쿠라는 친구들에게 결혼하도록 간섭받는데 친구들 개개인 또한 결혼하라고 간섭받은 이들이다.#@문장구분# 사회는 이렇게 각 구성원이 다 똑같을 것을 강요한다.#@문장구분#",
      "paragraph_len": 312,
      "paragraph_id": "002"
    },
    {
      "paragraph_txt": " 무라타는 사회에게 억압받는 개인으로서 후루쿠라와 시라하를 보여주고 있다.#@문장구분# 두 사람은 사회의 강요에 의해서나 아니면 어떠한 필요에 의해서 다른 사람과 관계를 맺고 사회에 속하려 한다.#@문장구분# 하지만 사회는 평범하지 않은 두 사람을 이물질로 취급하고 받아들이지 않는다.#@문장구분# 시라하는 개인이 되어버린 사람이다.#@문장구분# 시라하는 개인으로서 세상에 문제가 있음을 지적하고 사회의 강요를 거부한다.#@문장구분# 하지만 창업을 해서 사회적으로 성공하는 상상을 하는 것에서 드러나듯이 시라하는 사회에 있는 여느 사람과 다를 바가 없다.#@문장구분# 시라하는 사회에 속하고 싶어 하고 인정받고 싶어한다.#@문장구분# 하지만 사회에서 뒤떨어져서 개인이 되어버린 것이다.#@문장구분# 그에 반해 후루쿠라는 완전한 개인으로 그려진다.#@문장구분# 후루쿠라는 사회에 적응할 수 없는 인간이다.#@문장구분# 후루쿠라는 언제나 이성적으로 생각하고 주어진 일을 가장 효율적으로 해내는 데만 집중한다.#@문장구분# 무라타는 후루쿠라의 이러한 점을 통해 사회와 개인을 대립시키고 또한 사회의 문제를 고발하고 있다.#@문장구분#",
      "paragraph_len": 731,
      "paragraph_id": "003"
    },
    {
      "paragraph_txt": " 이 책에서 드러나는 사회 문제는 앞에서 말한 사회의 간섭과 강요, 비정상 인에 대한 배제다.#@문장구분# 후루쿠라가 겪은 사회의 억압은 후루쿠라의 상태를 병처럼 다루는 가족의 태도와 친구들이 결혼하거나 취직을 하라고 권하는 것이었다.#@문장구분# 사회는 30대 후반인 여자가 결혼하지도 않고 편의점 아르바이트를 하는 것을 받아들이지 않는다.#@문장구분#",
      "paragraph_len": 237,
      "paragraph_id": "004"
    },
    {
      "paragraph_txt": " 그렇다면 사회가 이렇게 강요하는 이유는 무엇일까.#@문장구분# 왜냐하면, 한 개인이 다른 사람에게 말할 때 개인이 아니라 사회로서 개인에게가 아니라 같은 사회의 구성원에게 말하기 때문이다.#@문장구분# 후루쿠라의 친구들이 후루쿠라에게 결혼하는 게 좋다고 했을 때 친구들은 30대 여성으로서 30대 여성에게 말했다는 뜻이다.#@문장구분# 이렇게 사회로서 사람들은 개인에게 사회의 이익을 따를 것을 강요한다.#@문장구분# 이것이 가장 잘 드러나는 것은 점장이 시라하에 대해서 `사회의 짐이야. 인간은 말야, 일이나 가정을 통해 사회에 소속하는 게 의무야.` 라고 말했을 때이다.#@문장구분# 여기서 점장은 일본 사회로서 아니면 모든 인간이 하나씩은 속해 있는 일반 사회로서 말하고 있다.#@문장구분# 여기서 점장은 시라하에게 사회를 위해 일할 것을 강요하고 있다.#@문장구분# 점장의 말이 틀리지 않았다고 생각할 수도 있지만, 그것은 중요하지 않다.#@문장구분# 중요한 것은 점장이 개인으로서는 시라하에게 그런 말을 할 필요가 없다는 것이다.#@문장구분# 점장이 사회 발전이 결국엔 자기에게 도움이 될 거라는 생각으로 하는 말도 아니다.#@문장구분# 그는 그 순간 사회 그 자체이고 그렇기 때문에 오로지 사회의 이익을 위해서 시라하에게 강요한 것이다.#@문장구분#",
      "paragraph_len": 793,
      "paragraph_id": "005"
    },
    {
      "paragraph_txt": " 이러한 태도, 개인이 사회의 이익을 기준으로 행동하고 다른 개인을 억압하는 태도 이것이 무라타가 이 책을 통해 고발하고자 하는 것이다.#@문장구분# 계속해서 석기시대를 언급함으로써 무라타는 과연 세상이 이전보다 더 나아졌는지 의문을 제기하고 있다.#@문장구분# 나는 무라타가 그 의문에 대한 대답으로서 후루쿠라를 그려내고 있다고 생각한다.#@문장구분# 먼저 편의점이 후루쿠라에게 어떤 의미가 있는지 그리고 편의점 인간이 무엇인지 알아보자.#@문장구분#",
      "paragraph_len": 305,
      "paragraph_id": "006"
    },
    {
      "paragraph_txt": " 후루쿠라에게 편의점은 삶의 의미다.#@문장구분# 후루쿠라의 모든 일상은 편의점을 위해 존재한다.#@문장구분# 인간이 살아 있는 데 필요한 것조차 편의점을 위해서 하고 있다.#@문장구분# 인간이 아니라 편의점 인간으로서 살고 있는 것이다.#@문장구분# 편의점 인간은 편의점을 변함없이 작동하게 하는 부품이다.#@문장구분# 이 부품의 특성은 손님에게 서비스한다는 명확한 목표가 있고 그 목표를 위한 명확한 매뉴얼과 세부 행동 지침이 있다는 것이다.#@문장구분# 그리고 무엇보다도 편의점 인간과 손님은 서로를 사회의 일부로 대하지 않는다.#@문장구분# 이러한 특성은 후루쿠라에게 알맞았고 그래서 후루쿠라는 편의점 인간으로 살게 된다.#@문장구분#",
      "paragraph_len": 463,
      "paragraph_id": "007"
    },
    {
      "paragraph_txt": " 이 책의 결말은 후루쿠라가 자신이 편의점 인간임을 깨닫게 된 것이다.#@문장구분# 여기서 우리가 물어야 할 것은 후루쿠라를 어떻게 볼 거냐 하는 것이다.#@문장구분# 나는 앞에서 말했듯이 편의점 인간이란 걸 자각한 후루쿠라를 사회의 강요라는 문제에 대한 해답으로 본다.#@문장구분# 나는 후루쿠라가 개인과 사회의 투쟁에서 마침내 개인인 후루쿠라가 이겼다고 생각한다.#@문장구분# 후루쿠라는 계속 편의점 아르바이트를 하면서 살아가는 걸 사회가 받아들이지 않을 것도 어쩌면 자신이 먹고살 수 없어서 결국 길가에 쓰러져 죽을 수 있다는 것도 알고 있다.#@문장구분# 하지만 후루쿠라는 편의점 인간이길 선택했다.#@문장구분# 후루쿠라에게는 자신의 이상이 있었다.#@문장구분# 편의점을 손님에게 서비스하는 데 완벽한 상태로 변함없이 유지하는 것이다.#@문장구분# 이 이상이 후루쿠라가 선택한 삶의 의미다.#@문장구분# 사회가 어떻게 생각하는가는 중요하지 않다.#@문장구분# 언제나 사회는 개인을 억압한다.#@문장구분# 이때 개인이 취해야 하는 행동은 그 억압을 극복하고 자신이 선택한 이상을, 삶의 의미를 좇는 것이다.#@문장구분#",
      "paragraph_len": 729,
      "paragraph_id": "008"
    }
  ],
  "score": {
    "paragraph_score": [
      {
        "paragraph_scoreT": [
          3,
          3,
          2.5
        ],
        "paragraph_scoreT_detail": {
          "paragraph_scoreT_exp": [
            [
              3,
              3,
              3
            ],
            [
              3,
              3,
              3
            ],
            [
              2,
              3,
              2
            ]
          ]
        },
        "paragraph_scoreT_avg": 2.8333333,
        "paragraph_id": "001"
      },
      {
        "paragraph_scoreT": [
          3,
          2.8333333,
          2.5
        ],
        "paragraph_scoreT_detail": {
          "paragraph_scoreT_exp": [
            [
              3,
              3,
              3
            ],
            [
              3,
              3,
              2
            ],
            [
              2,
              3,
              2
            ]
          ]
        },
        "paragraph_scoreT_avg": 2.7777777,
        "paragraph_id": "002"
      },
      {
        "paragraph_scoreT": [
          3,
          2.8333333,
          2.5
        ],
        "paragraph_scoreT_detail": {
          "paragraph_scoreT_exp": [
            [
              3,
              3,
              3
            ],
            [
              3,
              3,
              2
            ],
            [
              2,
              3,
              2
            ]
          ]
        },
        "paragraph_scoreT_avg": 2.7777777,
        "paragraph_id": "003"
      },
      {
        "paragraph_scoreT": [
          3,
          2.8333333,
          2.5
        ],
        "paragraph_scoreT_detail": {
          "paragraph_scoreT_exp": [
            [
              3,
              3,
              3
            ],
            [
              3,
              3,
              2
            ],
            [
              2,
              3,
              2
            ]
          ]
        },
        "paragraph_scoreT_avg": 2.7777777,
        "paragraph_id": "004"
      },
      {
        "paragraph_scoreT": [
          3,
          2.8333333,
          2.5
        ],
        "paragraph_scoreT_detail": {
          "paragraph_scoreT_exp": [
            [
              3,
              3,
              3
            ],
            [
              3,
              3,
              2
            ],
            [
              2,
              3,
              2
            ]
          ]
        },
        "paragraph_scoreT_avg": 2.7777777,
        "paragraph_id": "005"
      },
      {
        "paragraph_scoreT": [
          3,
          2.8333333,
          2.5
        ],
        "paragraph_scoreT_detail": {
          "paragraph_scoreT_exp": [
            [
              3,
              3,
              3
            ],
            [
              3,
              3,
              2
            ],
            [
              2,
              3,
              2
            ]
          ]
        },
        "paragraph_scoreT_avg": 2.7777777,
        "paragraph_id": "006"
      },
      {
        "paragraph_scoreT": [
          3,
          2.8333333,
          2.5
        ],
        "paragraph_scoreT_detail": {
          "paragraph_scoreT_exp": [
            [
              3,
              3,
              3
            ],
            [
              3,
              3,
              2
            ],
            [
              2,
              3,
              2
            ]
          ]
        },
        "paragraph_scoreT_avg": 2.7777777,
        "paragraph_id": "007"
      },
      {
        "paragraph_scoreT": [
          3,
          2.8333333,
          2.5
        ],
        "paragraph_scoreT_detail": {
          "paragraph_scoreT_exp": [
            [
              3,
              3,
              3
            ],
            [
              3,
              3,
              2
            ],
            [
              2,
              3,
              2
            ]
          ]
        },
        "paragraph_scoreT_avg": 2.7777777,
        "paragraph_id": "008"
      }
    ],
    "essay_scoreT": [
      30,
      25.833332,
      25.166666
    ],
    "essay_scoreT_avg": 27,
    "essay_scoreT_detail": {
      "essay_scoreT_org": [
        [
          3,
          3,
          3,
          3
        ],
        [
          3,
          3,
          3,
          3
        ],
        [
          2,
          2,
          3,
          3
        ]
      ],
      "essay_scoreT_cont": [
        [
          3,
          3,
          0,
          3
        ],
        [
          2,
          2,
          0,
          3
        ],
        [
          3,
          2,
          0,
          3
        ]
      ],
      "essay_scoreT_exp": [
        [
          3,
          3,
          3
        ],
        [
          3,
          3,
          2
        ],
        [
          2,
          3,
          2
        ]
      ]
    }
  },
  "student": {
    "date": "2021.09.07",
    "student_educated": true,
    "student_grade": "고등_1학년",
    "location": "051",
    "student_grade_group": "고등",
    "student_reading": 3
  },
  "rubric": {
    "essay_grade": "고등_1학년",
    "organization_weight": {
      "org_paragraph": 2,
      "org": 2,
      "org_essay": 4,
      "org_coherence": 2,
      "org_quantity": 1
    },
    "essay_type": "설명글",
    "content_weight": {
      "con_clearance": 4,
      "con_novelty": 3,
      "con": 4,
      "con_prompt": 0,
      "con_description": 1
    },
    "essay_main_subject": "영화/독서감상문",
    "expression_weight": {
      "exp_style": 1,
      "exp_grammar": 2,
      "exp_vocab": 3,
      "exp": 4
    }
  },
  "correction": [],
  "info": {
    "essay_id": "ESSAY_34041",
    "essay_prompt": " 영화에는 로맨스, 액션, 스릴러 등 정말 많은 장르가 있습니다. 사람마다 좋아하는 장르가 있고 절대 보지 않는 장르도 있습니다.\r\n\r\n 독서도 마찬가지입니다. 소설, 수필, 시, 만화, 위인전 등 여러가지 장르가 있습니다.\r\n\r\n 여러분은 어떤 장르를 좋아하나요? 그리고 해당 장르에서 가장 재미있게 봤던 영화나 책은 무엇인가요?\r\n\r\n 자신이 봤던 영화 혹은 책을 한 편 선정하여 주제와 내용 그리고 느낀점을 감상문으로 작성해주세요.",
    "essay_type": "설명글",
    "essay_level": "3",
    "essay_len": 2570,
    "essay_main_subject": "영화/독서감상문"
  }
}