{
  "paragraph": [
    {
      "paragraph_txt": "이 책의 내용은 어떤 한 커플이 있는데 남자가 스페인어를 안다고 허세를 부리며 여자에게 청혼을 하였는데 그 여자가 답장을 하겠다고 하고 식물을 보냈다.#@문장구분#<br/>그 식물의 뜻은 스페인에서 \"어서 네게 와주세요\" 라는 뜻이다.#@문장구분#<br/>근데 그 남자는 실제로 아는 스페인어가 몇 없었고, 당연하게 이 식물의 뜻을 이해 못하고 시간이 흘렀다.#@문장구분#<br/>그리고 그 여자는 다른 남자와 결혼식을 올리게 됐는데 그 결혼식에 참가한 남자는 다른 이 에게 선인장 뜻을 듣고 억장이 와르르 무너졌다.#@문장구분#<br/>남자는 후회했지만 이미 너무 늦은 상태라 아무것도 하지 못했다.#@문장구분#<br/>이런 내용인데 내가 이해한 뜻은 조그만 지식으로 아는 척이나 허세를 부리지 말자 이다.#@문장구분#<br/>나도 평소에 친구들 앞에서 가끔 아는 척이나 하곤 하는데 이걸 보니 괜히 허세 부리다가 +에서 -로 내려갈수도 있기 때문에 그냥 가만히 있는게 반이라도 가는 것 같다고 생각한다.#@문장구분#<br/>",
      "paragraph_len": 652,
      "paragraph_id": "001"
    }
  ],
  "score": {
    "paragraph_score": [
      {
        "paragraph_scoreT": [
          1,
          1.8333334,
          1
        ],
        "paragraph_scoreT_detail": {
          "paragraph_scoreT_exp": [
            [
              1,
              1,
              1
            ],
            [
              2,
              2,
              1
            ],
            [
              1,
              1,
              1
            ]
          ]
        },
        "paragraph_scoreT_avg": 1.2777778,
        "paragraph_id": "001"
      }
    ],
    "essay_scoreT": [
      14.5,
      17.61111,
      12
    ],
    "essay_scoreT_avg": 14.703704,
    "essay_scoreT_detail": {
      "essay_scoreT_org": [
        [
          2,
          2,
          2,
          2
        ],
        [
          2,
          2,
          2,
          1
        ],
        [
          1,
          1,
          1,
          1
        ]
      ],
      "essay_scoreT_cont": [
        [
          2,
          1,
          0,
          2
        ],
        [
          2,
          1,
          0,
          2
        ],
        [
          2,
          1,
          0,
          1
        ]
      ],
      "essay_scoreT_exp": [
        [
          1,
          1,
          1
        ],
        [
          2,
          2,
          1
        ],
        [
          1,
          1,
          1
        ]
      ]
    }
  },
  "student": {
    "date": "2021.09.10",
    "student_educated": true,
    "student_grade": "고등_1학년",
    "location": "063",
    "student_grade_group": "고등",
    "student_reading": 1
  },
  "rubric": {
    "essay_grade": "고등_1학년",
    "organization_weight": {
      "org_paragraph": 2,
      "org": 2,
      "org_essay": 4,
      "org_coherence": 2,
      "org_quantity": 1
    },
    "essay_type": "설명글",
    "content_weight": {
      "con_clearance": 4,
      "con_novelty": 3,
      "con": 4,
      "con_prompt": 0,
      "con_description": 1
    },
    "essay_main_subject": "영화/독서감상문",
    "expression_weight": {
      "exp_style": 1,
      "exp_grammar": 2,
      "exp_vocab": 3,
      "exp": 4
    }
  },
  "correction": [],
  "info": {
    "essay_id": "ESSAY_34738",
    "essay_prompt": " 영화에는 로맨스, 액션, 스릴러 등 정말 많은 장르가 있습니다. 사람마다 좋아하는 장르가 있고 절대 보지 않는 장르도 있습니다.\r\n\r\n 독서도 마찬가지입니다. 소설, 수필, 시, 만화, 위인전 등 여러가지 장르가 있습니다.\r\n\r\n 여러분은 어떤 장르를 좋아하나요? 그리고 해당 장르에서 가장 재미있게 봤던 영화나 책은 무엇인가요?\r\n\r\n 자신이 봤던 영화 혹은 책을 한 편 선정하여 주제와 내용 그리고 느낀점을 감상문으로 작성해주세요.",
    "essay_type": "설명글",
    "essay_level": "3",
    "essay_len": 442,
    "essay_main_subject": "영화/독서감상문"
  }
}