{
  "paragraph": [
    {
      "paragraph_txt": "저는 2012년도 개봉해 512만명이본 타워를 우연히 핸드폰을 보다 보게되었습니다. #@문장구분#타워의 줄거리는 바쁜 아내를 대신해 남편이 아이를 데리고 크리스마스를 기념해 파티에 놀러갑니다. #@문장구분#근데 그 놀러간 빌딩에 화제가 발생하게됩니다. #@문장구분#여기서 엄청난 화제가 발생해서 많은 사람이 다치고 죽습니다. #@문장구분#그 빌딩에 우영히 그 아이의 아내가 일하고있었는데 화제가 발생하고 나자말자 아이에게 달려갑니다. #@문장구분#소방대원이 도착하고 아이와 아내는 탈출할려고 노력하고 남편은 아이와 아내와 떨어져서 cctv통제실에서 아내와 아이를 보면서 걱정을합니다. #@문장구분#하지만 워낙 큰 화제라 소방대원분들도 쉽게 찾지못하고 여기서 2차화제가 발생해 소방대원들도 다칩니다.#@문장구분# 여기서 한 소방대원이 죽을 위험에 있었는데 다른사람들을 위해 포기를 하고 죽는장면이 나옵니다. #@문장구분#저는 이 장면이 무척이나 슬프고 소방대원분들이 얼마나 힘들고 위험한 일인지 알게되었습니다.#@문장구분#  그리고나서 이런저런일들이 일어나고 영화 맨마지막에 물이 저장되어있는곳에 폭탁을 설치해 불을 끄자는 의견이 나오고 그 의견대로 폭탈을 부착합니다.#@문장구분# 그러나 그 소방대장이 대피하던 도중 폭탄 리모컨을 떨어트려서 수동으로 폭탄을 작동시켜야하는 상황이옵이다.#@문장구분# 그래서 그 소방대장은 자신이 직접 폭탄을 작동시키겠다고하고 갑니다. #@문장구분#근데 그러면 자기의 목숨을 바쳐가면서 폭탄을 작동시켜야합니다. #@문장구분#그래서 소방대장은 마지막으로 아내와 아이에게 전화해서 마지막인사를 하는데 여기서 너무나도 슬프고 안타깝다고 생각했습니다. #@문장구분#모두를위해 자기의 목숨을 바친다는 생각 자제가 저에게는 너무나 멋졌고 그사람덕분에 나머지 그 남편과 모두는 무수히 탈출했습니다.#@문장구분# 제가 본 영화중 제일 슬펐고 소방관들이 얼마나 위험하고 위대한지 알게되는 영화였습니다.#@문장구분#",
      "paragraph_len": 1175,
      "paragraph_id": "001"
    }
  ],
  "score": {
    "paragraph_score": [
      {
        "paragraph_scoreT": [
          3,
          2.5,
          1.8333334
        ],
        "paragraph_scoreT_detail": {
          "paragraph_scoreT_exp": [
            [
              3,
              3,
              3
            ],
            [
              2,
              3,
              2
            ],
            [
              2,
              2,
              1
            ]
          ]
        },
        "paragraph_scoreT_avg": 2.4444444,
        "paragraph_id": "001"
      }
    ],
    "essay_scoreT": [
      24.5,
      25.777779,
      17.61111
    ],
    "essay_scoreT_avg": 22.62963,
    "essay_scoreT_detail": {
      "essay_scoreT_org": [
        [
          3,
          3,
          3,
          3
        ],
        [
          3,
          3,
          3,
          2
        ],
        [
          2,
          2,
          2,
          1
        ]
      ],
      "essay_scoreT_cont": [
        [
          2,
          1,
          0,
          2
        ],
        [
          3,
          2,
          0,
          2
        ],
        [
          2,
          1,
          0,
          2
        ]
      ],
      "essay_scoreT_exp": [
        [
          3,
          3,
          3
        ],
        [
          2,
          3,
          2
        ],
        [
          2,
          2,
          1
        ]
      ]
    }
  },
  "student": {
    "date": "2021.08.15",
    "student_educated": true,
    "student_grade": "고등_1학년",
    "location": "051",
    "student_grade_group": "고등",
    "student_reading": 1
  },
  "rubric": {
    "essay_grade": "고등_1학년",
    "organization_weight": {
      "org_paragraph": 2,
      "org": 2,
      "org_essay": 4,
      "org_coherence": 2,
      "org_quantity": 1
    },
    "essay_type": "설명글",
    "content_weight": {
      "con_clearance": 4,
      "con_novelty": 3,
      "con": 4,
      "con_prompt": 0,
      "con_description": 1
    },
    "essay_main_subject": "영화/독서감상문",
    "expression_weight": {
      "exp_style": 1,
      "exp_grammar": 2,
      "exp_vocab": 3,
      "exp": 4
    }
  },
  "correction": [],
  "info": {
    "essay_id": "ESSAY_34065",
    "essay_prompt": " 영화에는 로맨스, 액션, 스릴러 등 정말 많은 장르가 있습니다. 사람마다 좋아하는 장르가 있고 절대 보지 않는 장르도 있습니다.\r\n\r\n 독서도 마찬가지입니다. 소설, 수필, 시, 만화, 위인전 등 여러가지 장르가 있습니다.\r\n\r\n 여러분은 어떤 장르를 좋아하나요? 그리고 해당 장르에서 가장 재미있게 봤던 영화나 책은 무엇인가요?\r\n\r\n 자신이 봤던 영화 혹은 책을 한 편 선정하여 주제와 내용 그리고 느낀점을 감상문으로 작성해주세요.",
    "essay_type": "설명글",
    "essay_level": "3",
    "essay_len": 855,
    "essay_main_subject": "영화/독서감상문"
  }
}