{
  "paragraph": [
    {
      "paragraph_txt": "디즈니가 제작한 실사 영화가 이번엔 크루엘라로 돌아와 이번 5월에 개봉을 했고 어릴때 부터 101마리의 달마시안 DVD를 지겨울 때까지 본 나로써는 크루엘라가 좀 반갑고 빨리 보고 싶었지만 코로나 때문에 5월에 가지 못했다.#@문장구분# 하지만 기어코 보겠다는 마음가짐으로 기말고사가 끝나고 코로나가 살짝 잠잠해질 때쯤에 다행이 상영기간이 길어 학교 끝나고 친구랑 크루엘라를 보러 갔다.#@문장구분# 보기 전에 밥을 먹어서 살짝 늦게 영화를 관람해서 앞 내용을 못봐서 약간 짜증났지만 그래도 재미있었다.#@문장구분#\n영화를 보기 전에 내가 크루엘라를 너무 보고 싶어서 크루엘라 관련 영상을 스포 안되는 영상으로 봤는데 외국 네티즌들이 크루엘라 상영전에 크루엘라는 동물학대범이기 때문에 그 영화를 보면 안된다 라는 의견때문에 화제가 된 것인데 원작에서는 크루엘라가 달마시안 강아지의 몸 무늬가 너무 맘에 들어서 강아지들을 납치해서 가죽을 벗기고 자신의 옷을 만들려고 하는 그런 내용이기 때문에 사람들이 애초에 보면 안된다고 하는 그런 논란이 있었지만 이런 논란이 있을줄 알았는지 디즈니는 크루엘라 맨 초반부터 크루엘라가 강아지를 소중히 아끼고 둘도 없는 친구로 계속 살아왔다는 그런 장면을 많이 표현 하였다.#@문장구분# 그러자 그 논란은 사그라들었고 크루엘라는 흥행을 하였다.#@문장구분#\n내가 크루엘라를 본 후에 이 영화가 하려는 의도는 '내 인생에선 내가 주인공이 되자' 인것 같다.#@문장구분# 영화를 보면 크루엘라는 직장인처럼 높은 사람이 요청하는대로 일을 하고 그 결과물을 제시하는 그런 삶을 살고 있었고 많은 고난과 역경을 겪지만 어느새 자기 자신을 알고 자기 만의 방식으로 자기가 주인공이되는 그런 삶을 살고 위풍당당하고 자신만만하게 자신이 관심있고 흥미로운 분야에서 실력을 발휘하며 남이 이상하다고 하지만 전혀 개의치 않게 행동을 하여 많은 관람객들에게 용기와 희망을 주었고 나도 내가 하고 싶은 일이 있으면 주저하지 말고 시도해보자 라는 생각이 가득 찼고 마지막으로 남이 뭐라고 하든 나는 나니깐 타인에 시선에 맞추지 말자라는 포부가 가득했다.#@문장구분# \n크루엘라 영화 의도가 너무 좋았고 배경음악도 재밌고 좋았다 빨리 넷플릭스에 등록되면 좋겠다.#@문장구분#",
      "paragraph_len": 1212,
      "paragraph_id": "001"
    }
  ],
  "score": {
    "paragraph_score": [
      {
        "paragraph_scoreT": [
          2.8333333,
          3,
          2.6666667
        ],
        "paragraph_scoreT_detail": {
          "paragraph_scoreT_exp": [
            [
              3,
              3,
              2
            ],
            [
              3,
              3,
              3
            ],
            [
              2,
              3,
              3
            ]
          ]
        },
        "paragraph_scoreT_avg": 2.8333333,
        "paragraph_id": "001"
      }
    ],
    "essay_scoreT": [
      29.11111,
      27.333334,
      28
    ],
    "essay_scoreT_avg": 28.148148,
    "essay_scoreT_detail": {
      "essay_scoreT_org": [
        [
          3,
          3,
          3,
          2
        ],
        [
          3,
          2,
          3,
          2
        ],
        [
          3,
          2,
          3,
          2
        ]
      ],
      "essay_scoreT_cont": [
        [
          3,
          3,
          0,
          3
        ],
        [
          3,
          2,
          0,
          2
        ],
        [
          3,
          3,
          0,
          3
        ]
      ],
      "essay_scoreT_exp": [
        [
          3,
          3,
          2
        ],
        [
          3,
          3,
          3
        ],
        [
          2,
          3,
          3
        ]
      ]
    }
  },
  "student": {
    "date": "2021.09.13",
    "student_educated": true,
    "student_grade": "고등_1학년",
    "location": "051",
    "student_grade_group": "고등",
    "student_reading": 2
  },
  "rubric": {
    "essay_grade": "고등_1학년",
    "organization_weight": {
      "org_paragraph": 2,
      "org": 2,
      "org_essay": 4,
      "org_coherence": 2,
      "org_quantity": 1
    },
    "essay_type": "설명글",
    "content_weight": {
      "con_clearance": 4,
      "con_novelty": 3,
      "con": 4,
      "con_prompt": 0,
      "con_description": 1
    },
    "essay_main_subject": "영화/독서감상문",
    "expression_weight": {
      "exp_style": 1,
      "exp_grammar": 2,
      "exp_vocab": 3,
      "exp": 4
    }
  },
  "correction": [],
  "info": {
    "essay_id": "ESSAY_33954",
    "essay_prompt": " 영화에는 로맨스, 액션, 스릴러 등 정말 많은 장르가 있습니다. 사람마다 좋아하는 장르가 있고 절대 보지 않는 장르도 있습니다.\r\n\r\n 독서도 마찬가지입니다. 소설, 수필, 시, 만화, 위인전 등 여러가지 장르가 있습니다.\r\n\r\n 여러분은 어떤 장르를 좋아하나요? 그리고 해당 장르에서 가장 재미있게 봤던 영화나 책은 무엇인가요?\r\n\r\n 자신이 봤던 영화 혹은 책을 한 편 선정하여 주제와 내용 그리고 느낀점을 감상문으로 작성해주세요.",
    "essay_type": "설명글",
    "essay_level": "3",
    "essay_len": 1054,
    "essay_main_subject": "영화/독서감상문"
  }
}