{
  "paragraph": [
    {
      "paragraph_txt": "인민을 본질을 완전히 이해하기 위해서는 군주가 되어야 되어야 하고, 군주의 본질을 완전히 이해하기 위해서는 보통 시민이 되어야 한다.#@문장구분# 군주론의 저자인 마키아벨리가 왕에게 군주론을 전하며 한 말이다.#@문장구분# 어쩌면 이 말이 군주론의 본질에 대해 아우르는 말 일 수도 있다.#@문장구분# 책에서 마키아벨리는 군주가 권력을 얻고 유지하려면 떄로는 권모술수를 써야 하며, 사악한 행위도 서슴지 말아야 한다고 주장 했다.#@문장구분# \"결과가 수단을 정당화한다.\"라고 정리되는 용어를 낳은 것이다.#@문장구분# 하지만 마키아벨리가 공포정치와 전체정치를 찬양한 것이라기 보다는 군주로서 갖추어야 하는 살아있는 지혜에 대한 내용을 쓴 것 같다.#@문장구분# 그는 정치 생활과 정치적 판단의 복잡성과 유동성을 강조하면서 절대적으로 정치에 있어 보편적인 규칙이나 특질은 존재하지 않는다는 것을 가르쳤다.#@문장구분# 정치에 대한 학문적인 고상한 이상이 아닌 지속 가능한 '현실 정치'에 대한 내용을 다루고 있다는 느낌을 받았다.#@문장구분# 군주의 역할과 권력의 속성뿐 아니라 역사와 인간의 심리, 처세술, 리더십 등에 대한 다방면의 고찰을 할 수 있었다.#@문장구분# 책의 내용 중 가장 기억 남는 문장은 \"신중한 것보다는 과감한 것이 더 좋다.\"라는 말이다.#@문장구분# 나도 리더로서 다양한 지위에 있어보았지만 대담하게 행동하며 지시할 때 구성원들이 더 잘 따라왔던 경험이 있다.#@문장구분# 그래서 군주론의 실전에서 살아남은 지식으로서의 가치에 대해 다시 한번 인식할 수 있었다.#@문장구분# 군주론의 의의에 대해 평가하자면 현대 정치학의 근간이자 미래이다.#@문장구분#",
      "paragraph_len": 997,
      "paragraph_id": "001"
    }
  ],
  "score": {
    "paragraph_score": [
      {
        "paragraph_scoreT": [
          3,
          2.5,
          2
        ],
        "paragraph_scoreT_detail": {
          "paragraph_scoreT_exp": [
            [
              3,
              3,
              3
            ],
            [
              2,
              3,
              2
            ],
            [
              2,
              2,
              2
            ]
          ]
        },
        "paragraph_scoreT_avg": 2.5,
        "paragraph_id": "001"
      }
    ],
    "essay_scoreT": [
      30,
      27.5,
      23.5
    ],
    "essay_scoreT_avg": 27,
    "essay_scoreT_detail": {
      "essay_scoreT_org": [
        [
          3,
          3,
          3,
          3
        ],
        [
          3,
          3,
          3,
          3
        ],
        [
          2,
          2,
          2,
          2
        ]
      ],
      "essay_scoreT_cont": [
        [
          3,
          3,
          0,
          3
        ],
        [
          3,
          3,
          0,
          2
        ],
        [
          3,
          3,
          0,
          2
        ]
      ],
      "essay_scoreT_exp": [
        [
          3,
          3,
          3
        ],
        [
          2,
          3,
          2
        ],
        [
          2,
          2,
          2
        ]
      ]
    }
  },
  "student": {
    "date": "2021.09.07",
    "student_educated": true,
    "student_grade": "고등_1학년",
    "location": "051",
    "student_grade_group": "고등",
    "student_reading": 2
  },
  "rubric": {
    "essay_grade": "고등_1학년",
    "organization_weight": {
      "org_paragraph": 2,
      "org": 2,
      "org_essay": 4,
      "org_coherence": 2,
      "org_quantity": 1
    },
    "essay_type": "설명글",
    "content_weight": {
      "con_clearance": 4,
      "con_novelty": 3,
      "con": 4,
      "con_prompt": 0,
      "con_description": 1
    },
    "essay_main_subject": "영화/독서감상문",
    "expression_weight": {
      "exp_style": 1,
      "exp_grammar": 2,
      "exp_vocab": 3,
      "exp": 4
    }
  },
  "correction": [],
  "info": {
    "essay_id": "ESSAY_34601",
    "essay_prompt": " 영화에는 로맨스, 액션, 스릴러 등 정말 많은 장르가 있습니다. 사람마다 좋아하는 장르가 있고 절대 보지 않는 장르도 있습니다.\r\n\r\n 독서도 마찬가지입니다. 소설, 수필, 시, 만화, 위인전 등 여러가지 장르가 있습니다.\r\n\r\n 여러분은 어떤 장르를 좋아하나요? 그리고 해당 장르에서 가장 재미있게 봤던 영화나 책은 무엇인가요?\r\n\r\n 자신이 봤던 영화 혹은 책을 한 편 선정하여 주제와 내용 그리고 느낀점을 감상문으로 작성해주세요.",
    "essay_type": "설명글",
    "essay_level": "3",
    "essay_len": 737,
    "essay_main_subject": "영화/독서감상문"
  }
}