{
  "paragraph": [
    {
      "paragraph_txt": "이 책은 Maya Math라는 제목에 이끌려서 처음에 읽게 되었다.#@문장구분# 책의 첫 시작은 Maya에 관한 설명으로 시작한다.#@문장구분# 책에서 Maya인들은 똑똑했고, 창의적이었고, 발명을 많이 했다고 한다.#@문장구분# 그래서 수천 년 전에 수학에 대해 연구하고 그 수학을 이용해서 다양한 것들을 할 수 있었겠다는 생각이 들었다.#@문장구분# 그리고 Maya에서는 숫자를 나타내기 위해서 점,막대,껍질 같은 것들을 사용했다.#@문장구분# 그리고 인물이나 캐릭터를 그렸다.#@문장구분# 그것은 '글리프'라는 상형 문자의 한 종류인데, 그것 또한 숫자를 나타내기 위한 것이었다.#@문장구분# 그리고 Maya의 수학을 이용해 Maya인들은 달력을 만들기도 했다.#@문장구분# 그 첫번째 달력은 Tzolk'in calendar라고 불렸다.#@문장구분# 그것은 날짜와 숫자를 보여주는 두개의 돌아가는 톱니바퀴처럼 생겼다.#@문장구분# 1바퀴가 260일인데, 이것은 우리의 달력과 비슷하다.#@문장구분# 두번째 Haub calendar는 20일씩 18번의 기간으로 이루어져있어서 원래대로 돌아오는데 360일이 걸린다.#@문장구분# Maya의 천문학자는 이것에 대해 몇가지 의문을 가졌고. 그는 태양을 조심스럽게 관찰했다.#@문장구분# 지구가 태양을 도는데 360일보다 더 걸린다는 것을 결국 알아내었다.#@문장구분# 그래서 \"이름이 없는 날\"이라는 5일이 추가 되었다.#@문장구분# 내가 가장 인상 깊었던 것은 Maya인들이 달력을 만들 뿐만 아니라 천문학에도 Maya의 수학을 썼다는 사실이다.#@문장구분# 천문학은 Maya에게 엄청 중요했다.#@문장구분# 왜냐하면, 그들은 천문학이 우주의 명령이 있다는 것을 보여준다고 믿었기 때문인데 더 중요한 것은 천문적인 행사가 신과 관련되어 있다고 생각했기 때문이다.#@문장구분# 천문학 연구를 통해 1년이 365.242198일이라는 것을 알아냈고, 한달이 29.5308일 이라는 것을 계산을 통해 알아냈다.#@문장구분# 이 책에서 과거의 사람들이 스스로 방법을 찾아내고 탐구하고 자연을 관찰하는 것으로부터 발전된 과학을 보여준다는 생각을 했다.#@문장구분#",
      "paragraph_len": 1325,
      "paragraph_id": "001"
    }
  ],
  "score": {
    "paragraph_score": [
      {
        "paragraph_scoreT": [
          1.8333334,
          1.8333334,
          1.8333334
        ],
        "paragraph_scoreT_detail": {
          "paragraph_scoreT_exp": [
            [
              2,
              2,
              1
            ],
            [
              2,
              2,
              1
            ],
            [
              2,
              2,
              1
            ]
          ]
        },
        "paragraph_scoreT_avg": 1.8333334,
        "paragraph_id": "001"
      }
    ],
    "essay_scoreT": [
      17.61111,
      17.61111,
      21.333334
    ],
    "essay_scoreT_avg": 18.851852,
    "essay_scoreT_detail": {
      "essay_scoreT_org": [
        [
          2,
          2,
          1,
          3
        ],
        [
          2,
          2,
          2,
          1
        ],
        [
          2,
          2,
          2,
          2
        ]
      ],
      "essay_scoreT_cont": [
        [
          2,
          1,
          0,
          2
        ],
        [
          2,
          1,
          0,
          2
        ],
        [
          3,
          2,
          0,
          2
        ]
      ],
      "essay_scoreT_exp": [
        [
          2,
          2,
          1
        ],
        [
          2,
          2,
          1
        ],
        [
          2,
          2,
          1
        ]
      ]
    }
  },
  "student": {
    "date": "2021.09.09",
    "student_educated": true,
    "student_grade": "고등_1학년",
    "location": "051",
    "student_grade_group": "고등",
    "student_reading": 2
  },
  "rubric": {
    "essay_grade": "고등_1학년",
    "organization_weight": {
      "org_paragraph": 2,
      "org": 2,
      "org_essay": 4,
      "org_coherence": 2,
      "org_quantity": 1
    },
    "essay_type": "설명글",
    "content_weight": {
      "con_clearance": 4,
      "con_novelty": 3,
      "con": 4,
      "con_prompt": 0,
      "con_description": 1
    },
    "essay_main_subject": "영화/독서감상문",
    "expression_weight": {
      "exp_style": 1,
      "exp_grammar": 2,
      "exp_vocab": 3,
      "exp": 4
    }
  },
  "correction": [],
  "info": {
    "essay_id": "ESSAY_34803",
    "essay_prompt": " 영화에는 로맨스, 액션, 스릴러 등 정말 많은 장르가 있습니다. 사람마다 좋아하는 장르가 있고 절대 보지 않는 장르도 있습니다.\r\n\r\n 독서도 마찬가지입니다. 소설, 수필, 시, 만화, 위인전 등 여러가지 장르가 있습니다.\r\n\r\n 여러분은 어떤 장르를 좋아하나요? 그리고 해당 장르에서 가장 재미있게 봤던 영화나 책은 무엇인가요?\r\n\r\n 자신이 봤던 영화 혹은 책을 한 편 선정하여 주제와 내용 그리고 느낀점을 감상문으로 작성해주세요.",
    "essay_type": "설명글",
    "essay_level": "3",
    "essay_len": 925,
    "essay_main_subject": "영화/독서감상문"
  }
}