{
  "paragraph": [
    {
      "paragraph_txt": "영화의 소리는 촬영을 할때에 같이 촬영을 하지 않는다.#@문장구분# 실제로는 배우들이 연기하는 대사하고 장면만 촬영을 한다는것인데.#@문장구분# 더 자세히말하면 바람소리 걸음소리와같은 다른소리들은 따로 음향 스튜디오에서 영상과 그 상황에 맞게 다시 녹음을 하고 영상에 그 부분만 다시 삽입을 하는것이다.#@문장구분# 하지만 집중력과 창의성 전문성이 많이 요구되기 때문에 힘든 직업이다.#@문장구분# 위에서 말한 것과같이 이 책은 영화음향을 녹음하는 이야기이다. #@문장구분#우리는 보통 이 직업을 알지 못하고 넘어갈떄가 많은것같다. #@문장구분#하지만 이제 우리는 영화를 촬영할때에 감독, 배우, 조감독, 조명감독, 음향감독, 스타일리스트등 분들이만이 있는것이 아니라 촬영이 끝나도 노고가 많으신분들이 있다는것을알고 넘어가면 좋을것같다. #@문장구분#앞으로 영화를 보고 기회가 된다면 엔딩 크래딧을 보고 어떤 사람들이 어떤닥업을 했는지 보는것도추천한다.#@문장구분#",
      "paragraph_len": 588,
      "paragraph_id": "001"
    }
  ],
  "score": {
    "paragraph_score": [
      {
        "paragraph_scoreT": [
          2,
          2.3333333,
          2
        ],
        "paragraph_scoreT_detail": {
          "paragraph_scoreT_exp": [
            [
              2,
              2,
              2
            ],
            [
              3,
              2,
              2
            ],
            [
              2,
              2,
              2
            ]
          ]
        },
        "paragraph_scoreT_avg": 2.111111,
        "paragraph_id": "001"
      }
    ],
    "essay_scoreT": [
      17.277779,
      21.555555,
      18.277779
    ],
    "essay_scoreT_avg": 19.037039,
    "essay_scoreT_detail": {
      "essay_scoreT_org": [
        [
          2,
          2,
          2,
          1
        ],
        [
          2,
          2,
          3,
          1
        ],
        [
          2,
          2,
          2,
          1
        ]
      ],
      "essay_scoreT_cont": [
        [
          1,
          2,
          0,
          1
        ],
        [
          2,
          2,
          0,
          2
        ],
        [
          2,
          1,
          0,
          2
        ]
      ],
      "essay_scoreT_exp": [
        [
          2,
          2,
          2
        ],
        [
          3,
          2,
          2
        ],
        [
          2,
          2,
          2
        ]
      ]
    }
  },
  "student": {
    "date": "2021.09.10",
    "student_educated": true,
    "student_grade": "고등_1학년",
    "location": "063",
    "student_grade_group": "고등",
    "student_reading": 1
  },
  "rubric": {
    "essay_grade": "고등_1학년",
    "organization_weight": {
      "org_paragraph": 2,
      "org": 2,
      "org_essay": 4,
      "org_coherence": 2,
      "org_quantity": 1
    },
    "essay_type": "설명글",
    "content_weight": {
      "con_clearance": 4,
      "con_novelty": 3,
      "con": 4,
      "con_prompt": 0,
      "con_description": 1
    },
    "essay_main_subject": "영화/독서감상문",
    "expression_weight": {
      "exp_style": 1,
      "exp_grammar": 2,
      "exp_vocab": 3,
      "exp": 4
    }
  },
  "correction": [],
  "info": {
    "essay_id": "ESSAY_34267",
    "essay_prompt": " 영화에는 로맨스, 액션, 스릴러 등 정말 많은 장르가 있습니다. 사람마다 좋아하는 장르가 있고 절대 보지 않는 장르도 있습니다.\r\n\r\n 독서도 마찬가지입니다. 소설, 수필, 시, 만화, 위인전 등 여러가지 장르가 있습니다.\r\n\r\n 여러분은 어떤 장르를 좋아하나요? 그리고 해당 장르에서 가장 재미있게 봤던 영화나 책은 무엇인가요?\r\n\r\n 자신이 봤던 영화 혹은 책을 한 편 선정하여 주제와 내용 그리고 느낀점을 감상문으로 작성해주세요.",
    "essay_type": "설명글",
    "essay_level": "3",
    "essay_len": 429,
    "essay_main_subject": "영화/독서감상문"
  }
}