{
  "paragraph": [
    {
      "paragraph_txt": "이 책은 학교 독서시간에 일게된 작품이다.#@문장구분#",
      "paragraph_len": 43,
      "paragraph_id": "001"
    },
    {
      "paragraph_txt": "이책은 한아이 알암이란 아이의 실종된 이야기를 담고 있다.#@문장구분#",
      "paragraph_len": 52,
      "paragraph_id": "002"
    },
    {
      "paragraph_txt": "알암이는 초등학교 4학년이 되었고 학교 오는 시간이 한참 지났는데도 집에 돌아오지 않았다.#@문장구분# 그래서 알암이를 찾기 위해 동네 사람들과 경찰들이 모여 찾기 시작했는데 2달이 지나도 찾지 못하였다.#@문장구분# 그러다가 학원 근처 건물 지하실에서 알암이가 시체로 발견되었다.#@문장구분# 이젠 범인을 찾기 시작하는데 범인이 자수를 했는데 범인은 학원원장 이란 이었다.#@문장구분# 아내는 그 충격으로 몇일을 지내다 옆집 김 집사의 추천으로 신앙을 권유 받았다#@문장구분# 아내는 여러 종교를 돌면서 알암이를 죽인 범인에 대한 복수심을 키워 갔다.#@문장구분# 그리고 범인의 사형집행이 결정이나자 아내는 기대하면서도 자신이 그일을 하고 싶어 집행이 늦어지기를 바라기도 한다.#@문장구분# 그러다가 김 집사의 권유에 이젠 신앙심으로 교회를 나가기도 한다.#@문장구분#",
      "paragraph_len": 535,
      "paragraph_id": "003"
    },
    {
      "paragraph_txt": "그러다가 아내는 직접 사과 받기위해 범인을 찾아간다.#@문장구분# 하지만 범인은 주님의 이름으로 사죄한다 하였으니 아내는 자신보다 주님에게 사과한것에 배신감에 빠진다.#@문장구분#\n \n그러다 사형집행이 되는날 라디오로 생방송 되자 아내는 시름시름 앓다가 이틀뒤 자살 한다.#@문장구분#",
      "paragraph_len": 198,
      "paragraph_id": "004"
    },
    {
      "paragraph_txt": "이 작품을 읽고 종교에 대한 신앙심이 얼마나 무서운지 알게되었다.#@문장구분#",
      "paragraph_len": 56,
      "paragraph_id": "005"
    }
  ],
  "score": {
    "paragraph_score": [
      {
        "paragraph_scoreT": [
          2,
          2.6666667,
          0.8333333
        ],
        "paragraph_scoreT_detail": {
          "paragraph_scoreT_exp": [
            [
              2,
              2,
              2
            ],
            [
              2,
              3,
              3
            ],
            [
              1,
              1,
              0
            ]
          ]
        },
        "paragraph_scoreT_avg": 1.8333335,
        "paragraph_id": "001"
      },
      {
        "paragraph_scoreT": [
          2,
          3,
          0.8333333
        ],
        "paragraph_scoreT_detail": {
          "paragraph_scoreT_exp": [
            [
              2,
              2,
              2
            ],
            [
              3,
              3,
              3
            ],
            [
              1,
              1,
              0
            ]
          ]
        },
        "paragraph_scoreT_avg": 1.9444445,
        "paragraph_id": "002"
      },
      {
        "paragraph_scoreT": [
          3,
          3,
          1.8333334
        ],
        "paragraph_scoreT_detail": {
          "paragraph_scoreT_exp": [
            [
              3,
              3,
              3
            ],
            [
              3,
              3,
              3
            ],
            [
              2,
              2,
              1
            ]
          ]
        },
        "paragraph_scoreT_avg": 2.6111112,
        "paragraph_id": "003"
      },
      {
        "paragraph_scoreT": [
          3,
          3,
          1.8333334
        ],
        "paragraph_scoreT_detail": {
          "paragraph_scoreT_exp": [
            [
              3,
              3,
              3
            ],
            [
              3,
              3,
              3
            ],
            [
              2,
              2,
              1
            ]
          ]
        },
        "paragraph_scoreT_avg": 2.6111112,
        "paragraph_id": "004"
      },
      {
        "paragraph_scoreT": [
          2,
          3,
          1.1666666
        ],
        "paragraph_scoreT_detail": {
          "paragraph_scoreT_exp": [
            [
              2,
              2,
              2
            ],
            [
              3,
              3,
              3
            ],
            [
              2,
              1,
              0
            ]
          ]
        },
        "paragraph_scoreT_avg": 2.0555556,
        "paragraph_id": "005"
      }
    ],
    "essay_scoreT": [
      20.722221,
      26.88889,
      16.444445
    ],
    "essay_scoreT_avg": 21.351852,
    "essay_scoreT_detail": {
      "essay_scoreT_org": [
        [
          2,
          2,
          2,
          3
        ],
        [
          2,
          3,
          3,
          2
        ],
        [
          1,
          2,
          2,
          2
        ]
      ],
      "essay_scoreT_cont": [
        [
          2,
          2,
          0,
          3
        ],
        [
          3,
          2,
          0,
          2
        ],
        [
          2,
          1,
          0,
          1
        ]
      ],
      "essay_scoreT_exp": [
        [
          2,
          2,
          2
        ],
        [
          3,
          3,
          3
        ],
        [
          2,
          2,
          1
        ]
      ]
    }
  },
  "student": {
    "date": "2021.09.13",
    "student_educated": true,
    "student_grade": "고등_1학년",
    "location": "063",
    "student_grade_group": "고등",
    "student_reading": 1
  },
  "rubric": {
    "essay_grade": "고등_1학년",
    "organization_weight": {
      "org_paragraph": 2,
      "org": 2,
      "org_essay": 4,
      "org_coherence": 2,
      "org_quantity": 1
    },
    "essay_type": "설명글",
    "content_weight": {
      "con_clearance": 4,
      "con_novelty": 3,
      "con": 4,
      "con_prompt": 0,
      "con_description": 1
    },
    "essay_main_subject": "영화/독서감상문",
    "expression_weight": {
      "exp_style": 1,
      "exp_grammar": 2,
      "exp_vocab": 3,
      "exp": 4
    }
  },
  "correction": [],
  "info": {
    "essay_id": "ESSAY_34476",
    "essay_prompt": " 영화에는 로맨스, 액션, 스릴러 등 정말 많은 장르가 있습니다. 사람마다 좋아하는 장르가 있고 절대 보지 않는 장르도 있습니다.\r\n\r\n 독서도 마찬가지입니다. 소설, 수필, 시, 만화, 위인전 등 여러가지 장르가 있습니다.\r\n\r\n 여러분은 어떤 장르를 좋아하나요? 그리고 해당 장르에서 가장 재미있게 봤던 영화나 책은 무엇인가요?\r\n\r\n 자신이 봤던 영화 혹은 책을 한 편 선정하여 주제와 내용 그리고 느낀점을 감상문으로 작성해주세요.",
    "essay_type": "설명글",
    "essay_level": "3",
    "essay_len": 612,
    "essay_main_subject": "영화/독서감상문"
  }
}