{
  "paragraph": [
    {
      "paragraph_txt": "나는 교과서 special lesson에 나오는 오헨리 작가의 The Cactus라는 책을 읽게되었다.#@문장구분#\n이책의 등장인물은 트레이스데일이라는 남자주인공과 남자주인공의 친구와 그 친구의 여동생이 나온다. #@문장구분#이책의 시작은 결혼식이 끝나고 트레이스데일과 그의 친구가 방에와서부터 이야기가 시작된다.#@문장구분#\n트레이스데일이 장갑을 한쪽이 벗을때마다 그는 몇시간의 끔찍한 기억이 그의 머릿속에 번져갔다.#@문장구분# 아직까지도,그는 자신이 왜 그녀를 잃게되었는지 이해를 할수가 없었다.#@문장구분# 항상 자부심이 넘치는 그였지만 이제는 그것이 어리석음처럼 보였으며 그의 허영심과 자존심은 이제 다 쓸모없게 되었다.#@문장구분#\n그녀는 항상 트레이스데일을 동경해 왔으면 흠모해왔다. #@문장구분#그녀가 카루소 선장에게서 트레이스데일이 스페인어를 잘한다는 소리를 듣고 그에게 칭찬을 하였다.#@문장구분# 그는 어딘가에서 우연히 듣고서 한 소리였지만 그녀의 칭찬이 너무 달콤하여 진실을 말하지 못하였다. #@문장구분#몇일뒤, 그가 그녀에게 청혼을 하였으나 그녀는 대답을 내일 보내준다고 하였다. #@문장구분#그는 너무나도 확신에 차서 잠깐의 지체를 기쁘게 허락했다.#@문장구분# 그 다음날 아무것도 트레이스데일의 집앞에 이름표가 담긴 선인장이 하나 놓여있었다.#@문장구분# 그는 밤까지 기다렸지만 그녀의 연락이 오지않았지만 상처를 받아 그는 그녀를 찾아가려고 하지 않았다#@문장구분# 이틀후, 그들은 저녁 모임에서 만났으나 서로 아무런 설명을 하지않고 차갑게 서로를 대하게되었다.#@문장구분#\n다시 현재로 돌아와서 그의 친구가 그에게 선인장에 달린 이름표를 보고 스페인어를 할줄아냐고 물었으나 그는 하지 못한다고 하고 친구에게 뜻을 물었다.#@문장구분# 그 선인장에 달린 이름표의 뜻은 '와서 나를 데려가세요.'라는 뜻이었고 그는 그 이야기를 듣고 후회를 하며 이야기가 끝난다.#@문장구분#\n나는 이책을 읽고나서 만약 내가 트레이스데일이라면 그녀에게 진실을 말할것같다는 생각을 하였다.#@문장구분#",
      "paragraph_len": 1233,
      "paragraph_id": "001"
    }
  ],
  "score": {
    "paragraph_score": [
      {
        "paragraph_scoreT": [
          1.8333334,
          2.3333333,
          1.5
        ],
        "paragraph_scoreT_detail": {
          "paragraph_scoreT_exp": [
            [
              2,
              2,
              1
            ],
            [
              3,
              2,
              2
            ],
            [
              2,
              1,
              2
            ]
          ]
        },
        "paragraph_scoreT_avg": 1.8888888,
        "paragraph_id": "001"
      }
    ],
    "essay_scoreT": [
      17.277779,
      21.333332,
      15.611111
    ],
    "essay_scoreT_avg": 18.074074,
    "essay_scoreT_detail": {
      "essay_scoreT_org": [
        [
          1,
          1,
          1,
          3
        ],
        [
          2,
          2,
          2,
          2
        ],
        [
          2,
          1,
          1,
          2
        ]
      ],
      "essay_scoreT_cont": [
        [
          2,
          2,
          0,
          1
        ],
        [
          2,
          2,
          0,
          2
        ],
        [
          2,
          1,
          0,
          2
        ]
      ],
      "essay_scoreT_exp": [
        [
          2,
          2,
          1
        ],
        [
          3,
          2,
          2
        ],
        [
          2,
          1,
          2
        ]
      ]
    }
  },
  "student": {
    "date": "2021.09.07",
    "student_educated": true,
    "student_grade": "고등_1학년",
    "location": "063",
    "student_grade_group": "고등",
    "student_reading": 1
  },
  "rubric": {
    "essay_grade": "고등_1학년",
    "organization_weight": {
      "org_paragraph": 2,
      "org": 2,
      "org_essay": 4,
      "org_coherence": 2,
      "org_quantity": 1
    },
    "essay_type": "설명글",
    "content_weight": {
      "con_clearance": 4,
      "con_novelty": 3,
      "con": 4,
      "con_prompt": 0,
      "con_description": 1
    },
    "essay_main_subject": "영화/독서감상문",
    "expression_weight": {
      "exp_style": 1,
      "exp_grammar": 2,
      "exp_vocab": 3,
      "exp": 4
    }
  },
  "correction": [],
  "info": {
    "essay_id": "ESSAY_34497",
    "essay_prompt": " 영화에는 로맨스, 액션, 스릴러 등 정말 많은 장르가 있습니다. 사람마다 좋아하는 장르가 있고 절대 보지 않는 장르도 있습니다.\r\n\r\n 독서도 마찬가지입니다. 소설, 수필, 시, 만화, 위인전 등 여러가지 장르가 있습니다.\r\n\r\n 여러분은 어떤 장르를 좋아하나요? 그리고 해당 장르에서 가장 재미있게 봤던 영화나 책은 무엇인가요?\r\n\r\n 자신이 봤던 영화 혹은 책을 한 편 선정하여 주제와 내용 그리고 느낀점을 감상문으로 작성해주세요.",
    "essay_type": "설명글",
    "essay_level": "3",
    "essay_len": 893,
    "essay_main_subject": "영화/독서감상문"
  }
}