{
  "paragraph": [
    {
      "paragraph_txt": "이 책은 주인공 남자가 장갑을 벗으며 결혼식장에서의 회상으로 이야기가 전개된다.#@문장구분# 그 남자는 결혼식장에서 그 자신과 서로 호감이 갔던 여자와 다른남자가 결혼식을 하는 것을 보고 굉장히 화가난다.#@문장구분# 그 이유는 처음 여자와 남자가 만났을때, 서로 이야기를 하며 사랑까지 꽃피웠고 남자가 여자에게 단순한 자만심과 자랑하고싶은 마음에 잘 하지도 못하는 스페인어에 능숙하다고 거짓말을 했다.#@문장구분# 그리고 남자가 여자에게 고백을 한날, 여자는 말 대신 다음날 스페인어로 \"와서 나를 데려가주세요\" 라는 펫말이 적힌 선인장을 남자에게 보낸다.#@문장구분# 그 뜻을 당연히 몰랐던 남자는 무슨소리인지 몰라 여자에게 가지 않았고 화가난 여자는 남자와 만나지 않기로 한다.#@문장구분# 다시 장갑을 벗는 장면에서 여전히 왜그런지 모르고 있는 남자에게 그의 친구가 다가와 그 선인장에 있던 꽃말의 뜻을 알려주고 이야기는 끝난다.#@문장구분# 이 책이 주는 교훈은 정직하게 살아가자인것같다.#@문장구분# 남자의 자만심 가득한 거짓말 하나로 그의 여자를 잃었으니 더 큰 거짓말이면 그에 따른 더 큰 대가가 따른다고 생각한다.#@문장구분# 나도 살면서 거짓말을 한번도 안해보았다고 하면 그 역시 거짓말이다.#@문장구분# 생각해보면 매번 거짓말을 한 후 그에 따른 대가를 치렀던것 같다.#@문장구분# 인생을 정직하게 살아야 바람직한 삶을 살 수 있다고 생각한다.#@문장구분# 이 책을 읽고 다시 한번 나를 돌아보는 계기가 되었다.#@문장구분#",
      "paragraph_len": 908,
      "paragraph_id": "001"
    }
  ],
  "score": {
    "paragraph_score": [
      {
        "paragraph_scoreT": [
          2.1666667,
          2,
          1.8333334
        ],
        "paragraph_scoreT_detail": {
          "paragraph_scoreT_exp": [
            [
              2,
              2,
              3
            ],
            [
              2,
              2,
              2
            ],
            [
              2,
              2,
              1
            ]
          ]
        },
        "paragraph_scoreT_avg": 2.0000002,
        "paragraph_id": "001"
      }
    ],
    "essay_scoreT": [
      25.333334,
      20,
      17.944445
    ],
    "essay_scoreT_avg": 21.092592,
    "essay_scoreT_detail": {
      "essay_scoreT_org": [
        [
          2,
          3,
          2,
          3
        ],
        [
          2,
          2,
          2,
          2
        ],
        [
          1,
          2,
          2,
          2
        ]
      ],
      "essay_scoreT_cont": [
        [
          3,
          3,
          0,
          3
        ],
        [
          2,
          2,
          0,
          2
        ],
        [
          2,
          2,
          0,
          1
        ]
      ],
      "essay_scoreT_exp": [
        [
          2,
          2,
          3
        ],
        [
          2,
          2,
          2
        ],
        [
          2,
          2,
          1
        ]
      ]
    }
  },
  "student": {
    "date": "2021.09.10",
    "student_educated": true,
    "student_grade": "고등_1학년",
    "location": "063",
    "student_grade_group": "고등",
    "student_reading": 1
  },
  "rubric": {
    "essay_grade": "고등_1학년",
    "organization_weight": {
      "org_paragraph": 2,
      "org": 2,
      "org_essay": 4,
      "org_coherence": 2,
      "org_quantity": 1
    },
    "essay_type": "설명글",
    "content_weight": {
      "con_clearance": 4,
      "con_novelty": 3,
      "con": 4,
      "con_prompt": 0,
      "con_description": 1
    },
    "essay_main_subject": "영화/독서감상문",
    "expression_weight": {
      "exp_style": 1,
      "exp_grammar": 2,
      "exp_vocab": 3,
      "exp": 4
    }
  },
  "correction": [],
  "info": {
    "essay_id": "ESSAY_34834",
    "essay_prompt": " 영화에는 로맨스, 액션, 스릴러 등 정말 많은 장르가 있습니다. 사람마다 좋아하는 장르가 있고 절대 보지 않는 장르도 있습니다.\r\n\r\n 독서도 마찬가지입니다. 소설, 수필, 시, 만화, 위인전 등 여러가지 장르가 있습니다.\r\n\r\n 여러분은 어떤 장르를 좋아하나요? 그리고 해당 장르에서 가장 재미있게 봤던 영화나 책은 무엇인가요?\r\n\r\n 자신이 봤던 영화 혹은 책을 한 편 선정하여 주제와 내용 그리고 느낀점을 감상문으로 작성해주세요.",
    "essay_type": "설명글",
    "essay_level": "3",
    "essay_len": 668,
    "essay_main_subject": "영화/독서감상문"
  }
}