{
  "paragraph": [
    {
      "paragraph_txt": "어느날 신이 내게 왔다.#@문장구분# 이 책은 주인공이 어느날 길 한복판에서 검은색 공책을 줍게 되는데, 그 책의 주인인 문신은 염라대왕을 모시는 신관이였다.#@문장구분# \n주인공은 그 공책을 줍고나서 자신을 괴롭히던 아이들을 복수할수 있게되면 좋겠다고 생각하는데 그 책에서 힘이 흘러나와 주인공이 생각하는 것들이 일어나게 해준다.#@문장구분# 문신은 자신의 책을 들고 다시 명계로 돌아갈려고 하지만 이미 그 힘을 맛본 주인공은 책을 돌려주기를 망설인다.#@문장구분# 그때 주인공 속에서 다른 목소리가 들려오는데 그 목소리는 \"이렇게 좋은 것이 있는데 뭐하러 돌려줘?, 이미 니가 주었으니까 이 책은 니꺼야\" 라면서 주인공을 유혹한다.#@문장구분# \n문신은 계속 명계로 돌아가야 한다면서 책을 돌려달라고 하지만 주인공은 계속해서 책을 돌려주지 않는다. #@문장구분#해가 지나갈수록 주인공은 점점 난폭해지는데\n동급생들과도 자주 싸우게 되고, 선생 말씀은 듣지도 않는다. #@문장구분#결국 정신 병원에 입원하게된 주인공은 그곳에서 상담 선생님과 이야기를 나누면서 자신이 \n생각하던 관점들이 서서히 변해가기 시작한다. #@문장구분#정신병원에 입원해있는 동안에 많은 체험과 연극등을 시청하게 되면서 문신을 놓아주어야겠다는 마음을 가지고 그를 자유롭게 해주면서 끝난다. #@문장구분#나는 사람의 욕망이 정말 삶에 큰 영향을 끼치고 그것에 따른 변화가 되게 큰거같다라고 생각하는 계기가 되었다.#@문장구분#",
      "paragraph_len": 855,
      "paragraph_id": "001"
    }
  ],
  "score": {
    "paragraph_score": [
      {
        "paragraph_scoreT": [
          3,
          2.3333333,
          1.6666666
        ],
        "paragraph_scoreT_detail": {
          "paragraph_scoreT_exp": [
            [
              3,
              3,
              3
            ],
            [
              3,
              2,
              2
            ],
            [
              1,
              2,
              2
            ]
          ]
        },
        "paragraph_scoreT_avg": 2.3333333,
        "paragraph_id": "001"
      }
    ],
    "essay_scoreT": [
      30,
      21.333332,
      21.166666
    ],
    "essay_scoreT_avg": 24.166666,
    "essay_scoreT_detail": {
      "essay_scoreT_org": [
        [
          3,
          3,
          3,
          3
        ],
        [
          2,
          2,
          2,
          2
        ],
        [
          2,
          2,
          2,
          2
        ]
      ],
      "essay_scoreT_cont": [
        [
          3,
          3,
          0,
          3
        ],
        [
          2,
          2,
          0,
          2
        ],
        [
          3,
          2,
          0,
          3
        ]
      ],
      "essay_scoreT_exp": [
        [
          3,
          3,
          3
        ],
        [
          3,
          2,
          2
        ],
        [
          1,
          2,
          2
        ]
      ]
    }
  },
  "student": {
    "date": "2021.09.07",
    "student_educated": true,
    "student_grade": "고등_1학년",
    "location": "051",
    "student_grade_group": "고등",
    "student_reading": 1
  },
  "rubric": {
    "essay_grade": "고등_1학년",
    "organization_weight": {
      "org_paragraph": 2,
      "org": 2,
      "org_essay": 4,
      "org_coherence": 2,
      "org_quantity": 1
    },
    "essay_type": "설명글",
    "content_weight": {
      "con_clearance": 4,
      "con_novelty": 3,
      "con": 4,
      "con_prompt": 0,
      "con_description": 1
    },
    "essay_main_subject": "영화/독서감상문",
    "expression_weight": {
      "exp_style": 1,
      "exp_grammar": 2,
      "exp_vocab": 3,
      "exp": 4
    }
  },
  "correction": [],
  "info": {
    "essay_id": "ESSAY_34244",
    "essay_prompt": " 영화에는 로맨스, 액션, 스릴러 등 정말 많은 장르가 있습니다. 사람마다 좋아하는 장르가 있고 절대 보지 않는 장르도 있습니다.\r\n\r\n 독서도 마찬가지입니다. 소설, 수필, 시, 만화, 위인전 등 여러가지 장르가 있습니다.\r\n\r\n 여러분은 어떤 장르를 좋아하나요? 그리고 해당 장르에서 가장 재미있게 봤던 영화나 책은 무엇인가요?\r\n\r\n 자신이 봤던 영화 혹은 책을 한 편 선정하여 주제와 내용 그리고 느낀점을 감상문으로 작성해주세요.",
    "essay_type": "설명글",
    "essay_level": "3",
    "essay_len": 656,
    "essay_main_subject": "영화/독서감상문"
  }
}