{
  "paragraph": [
    {
      "paragraph_txt": "이 책은 출간 전부터 유명했다고 들어서 읽기 전 기대가 컸는데, 정말 시간 가는 줄 모를 만큼 흥미롭게 읽었습니다.#@문장구분# 우선 인공지능과 인간의 관계라는 주제가 재미있었습니다.#@문장구분# AI 로봇의 시선으로 이야기가 펼쳐지는 것이 독특했고, 이를 통해 인간의 여러 가지 측면을 객관적인 관점에서 관찰할 수 있었습니다.#@문장구분# AI 로봇 '클라라'는 '조시'와 생활하면서 점점 그녀를 닮아가고, 아픈 '조시'를 살리고자 갖은 노력을 합니다.#@문장구분# 그리고 마지막에는 '조시'와의 행복했던 추억을 떠올리며 결국 자신을 희생합니다.#@문장구분# 태양에 소원을 빌고 숭배하는 대목에서는 순수함이 느껴지기도 했습니다.#@문장구분# ",
      "paragraph_len": 438,
      "paragraph_id": "001"
    },
    {
      "paragraph_txt": " 반면 소설 속 인간들은 이성적이고 비인간적인 모습을 보이는 때가 많았습니다.#@문장구분# 어쩌면 로봇 '클라라'가 인간보다 더 인간적인 존재가 아닐까 하는 생각이 듭니다.#@문장구분# 이를 통해 인간의 부조리함을 느낄 수 있었고, 우리 인간들이 맺는 관계의 의미에 대해서도 생각해볼 수 있었습니다.#@문장구분# \nSF 장르의 책이라서 아주 먼 미래를 배경으로 하는 줄 알았는데, 머지않은 미래의 모습을 담고 있는 것 같아 조금 무서웠습니다.#@문장구분# 상류층만이 손에 넣을 수 있는 AF 로봇이 시중에 팔리는 모습은 과학기술이 빠르게 발전해나가면서 생기는 빈부격차 및 여러 어두운 이면들을 상징하는 듯합니다.#@문장구분# 또 한 가지 주목할 점은, 인공지능으로 인해 인간이 많은 이익을 얻으면서도 한편으로는 그로 인한 위험도 존재한다는 것입니다.#@문장구분# 모두가 아는 사실이지만 아직까지는 생활 속에서 인공지능을 사용하면서 그런 생각을 깊이 있게 잘 하지는 않는 것 같습니다.#@문장구분# 이 책은 그런 부분에 대해 고민해볼 기회를 제공해준다는 데에 의의가 있었습니다.#@문장구분# ",
      "paragraph_len": 658,
      "paragraph_id": "002"
    },
    {
      "paragraph_txt": " 이처럼 인간과 인공지능의 공존이라는 흥미로운 주제에 대해 생각해볼 수 있어서 의미 있었습니다.#@문장구분# 다음에는 <나를 보내지 마>와 같은, 작가의 다른 SF 소설들도 읽어보면서 이 책과 비교해보고 싶습니다.#@문장구분#",
      "paragraph_len": 158,
      "paragraph_id": "003"
    }
  ],
  "score": {
    "paragraph_score": [
      {
        "paragraph_scoreT": [
          3,
          3,
          2.8333333
        ],
        "paragraph_scoreT_detail": {
          "paragraph_scoreT_exp": [
            [
              3,
              3,
              3
            ],
            [
              3,
              3,
              3
            ],
            [
              3,
              3,
              2
            ]
          ]
        },
        "paragraph_scoreT_avg": 2.9444444,
        "paragraph_id": "001"
      },
      {
        "paragraph_scoreT": [
          3,
          3,
          2.8333333
        ],
        "paragraph_scoreT_detail": {
          "paragraph_scoreT_exp": [
            [
              3,
              3,
              3
            ],
            [
              3,
              3,
              3
            ],
            [
              3,
              3,
              2
            ]
          ]
        },
        "paragraph_scoreT_avg": 2.9444444,
        "paragraph_id": "002"
      },
      {
        "paragraph_scoreT": [
          3,
          3,
          2.8333333
        ],
        "paragraph_scoreT_detail": {
          "paragraph_scoreT_exp": [
            [
              3,
              3,
              3
            ],
            [
              3,
              3,
              3
            ],
            [
              3,
              3,
              2
            ]
          ]
        },
        "paragraph_scoreT_avg": 2.9444444,
        "paragraph_id": "003"
      }
    ],
    "essay_scoreT": [
      30,
      27.777779,
      27.833332
    ],
    "essay_scoreT_avg": 28.537039,
    "essay_scoreT_detail": {
      "essay_scoreT_org": [
        [
          3,
          3,
          3,
          3
        ],
        [
          3,
          3,
          3,
          2
        ],
        [
          3,
          3,
          3,
          3
        ]
      ],
      "essay_scoreT_cont": [
        [
          3,
          3,
          0,
          3
        ],
        [
          2,
          3,
          0,
          3
        ],
        [
          3,
          2,
          0,
          3
        ]
      ],
      "essay_scoreT_exp": [
        [
          3,
          3,
          3
        ],
        [
          3,
          3,
          3
        ],
        [
          3,
          3,
          2
        ]
      ]
    }
  },
  "student": {
    "date": "2021.09.07",
    "student_educated": true,
    "student_grade": "고등_1학년",
    "location": "051",
    "student_grade_group": "고등",
    "student_reading": 3
  },
  "rubric": {
    "essay_grade": "고등_1학년",
    "organization_weight": {
      "org_paragraph": 2,
      "org": 2,
      "org_essay": 4,
      "org_coherence": 2,
      "org_quantity": 1
    },
    "essay_type": "설명글",
    "content_weight": {
      "con_clearance": 4,
      "con_novelty": 3,
      "con": 4,
      "con_prompt": 0,
      "con_description": 1
    },
    "essay_main_subject": "영화/독서감상문",
    "expression_weight": {
      "exp_style": 1,
      "exp_grammar": 2,
      "exp_vocab": 3,
      "exp": 4
    }
  },
  "correction": [],
  "info": {
    "essay_id": "ESSAY_34031",
    "essay_prompt": " 영화에는 로맨스, 액션, 스릴러 등 정말 많은 장르가 있습니다. 사람마다 좋아하는 장르가 있고 절대 보지 않는 장르도 있습니다.\r\n\r\n 독서도 마찬가지입니다. 소설, 수필, 시, 만화, 위인전 등 여러가지 장르가 있습니다.\r\n\r\n 여러분은 어떤 장르를 좋아하나요? 그리고 해당 장르에서 가장 재미있게 봤던 영화나 책은 무엇인가요?\r\n\r\n 자신이 봤던 영화 혹은 책을 한 편 선정하여 주제와 내용 그리고 느낀점을 감상문으로 작성해주세요.",
    "essay_type": "설명글",
    "essay_level": "3",
    "essay_len": 934,
    "essay_main_subject": "영화/독서감상문"
  }
}