{
  "paragraph": [
    {
      "paragraph_txt": "페르마의 마지막 정리란 x^n + y^n = z^n 에서 n이 3이상의 정수일때 정수해 x, y, z는 존재하지 않는다는 법칙이다.#@문장구분# \n저명한 프랑스의 수학자인 페르마가 제시한 수식으로 위의 수식이 나온 후 350년간 그 누구도 정복하지 못했다가 최근 영국의 앤드류 와일즈라는 수학자가 논문으로 증명하며 정복되었다.#@문장구분# \n페르마는 사실 본업이 수학자가 아닌 법학을 전공한 지방의회 의원이었다.#@문장구분# \n페르마의 호기심과 잠재된 천재성으로 디오판토스의 방정식을 더 진화시킴으로써 정수론의 역사에 한 획을 긋는 천재수학자의 반열에 입성하였다.#@문장구분# \n수학계에서 정한 7대 난제가 존재하는데, 최근 해결된 리만 가설을 제외하고 P-NP 문제, 호지 추측, 푸앵카레 추측, 양-밀스 질량 간 극 가설, 나비에-스토크스 방정식, 버츠-스워너톤-다이어 추측 이렇게 6개만이 남았다.#@문장구분# \n이 책은 제목에 비해 주변적 이야기가 많았고 정작 제목에 관련된 이야기는 별로 나오지 않아 아쉬운 감이 있는 책이었다.#@문장구분# 이후에 관심이 생긴다면 수학계 7대 난제들에 관한 책도 읽어보고, 한번쯤 풀이방법도 알아보는것이 좋을 것 같다고 생각했다.#@문장구분#",
      "paragraph_len": 698,
      "paragraph_id": "001"
    }
  ],
  "score": {
    "paragraph_score": [
      {
        "paragraph_scoreT": [
          2,
          2.8333333,
          2
        ],
        "paragraph_scoreT_detail": {
          "paragraph_scoreT_exp": [
            [
              2,
              2,
              2
            ],
            [
              3,
              3,
              2
            ],
            [
              2,
              2,
              2
            ]
          ]
        },
        "paragraph_scoreT_avg": 2.2777777,
        "paragraph_id": "001"
      }
    ],
    "essay_scoreT": [
      19.777779,
      25.555555,
      18.277779
    ],
    "essay_scoreT_avg": 21.203705,
    "essay_scoreT_detail": {
      "essay_scoreT_org": [
        [
          2,
          2,
          2,
          1
        ],
        [
          2,
          3,
          2,
          1
        ],
        [
          2,
          2,
          2,
          1
        ]
      ],
      "essay_scoreT_cont": [
        [
          2,
          2,
          0,
          2
        ],
        [
          3,
          2,
          0,
          2
        ],
        [
          2,
          1,
          0,
          2
        ]
      ],
      "essay_scoreT_exp": [
        [
          2,
          2,
          2
        ],
        [
          3,
          3,
          2
        ],
        [
          2,
          2,
          2
        ]
      ]
    }
  },
  "student": {
    "date": "2021.09.07",
    "student_educated": true,
    "student_grade": "고등_1학년",
    "location": "051",
    "student_grade_group": "고등",
    "student_reading": 1
  },
  "rubric": {
    "essay_grade": "고등_1학년",
    "organization_weight": {
      "org_paragraph": 2,
      "org": 2,
      "org_essay": 4,
      "org_coherence": 2,
      "org_quantity": 1
    },
    "essay_type": "설명글",
    "content_weight": {
      "con_clearance": 4,
      "con_novelty": 3,
      "con": 4,
      "con_prompt": 0,
      "con_description": 1
    },
    "essay_main_subject": "영화/독서감상문",
    "expression_weight": {
      "exp_style": 1,
      "exp_grammar": 2,
      "exp_vocab": 3,
      "exp": 4
    }
  },
  "correction": [],
  "info": {
    "essay_id": "ESSAY_34382",
    "essay_prompt": " 영화에는 로맨스, 액션, 스릴러 등 정말 많은 장르가 있습니다. 사람마다 좋아하는 장르가 있고 절대 보지 않는 장르도 있습니다.\r\n\r\n 독서도 마찬가지입니다. 소설, 수필, 시, 만화, 위인전 등 여러가지 장르가 있습니다.\r\n\r\n 여러분은 어떤 장르를 좋아하나요? 그리고 해당 장르에서 가장 재미있게 봤던 영화나 책은 무엇인가요?\r\n\r\n 자신이 봤던 영화 혹은 책을 한 편 선정하여 주제와 내용 그리고 느낀점을 감상문으로 작성해주세요.",
    "essay_type": "설명글",
    "essay_level": "3",
    "essay_len": 559,
    "essay_main_subject": "영화/독서감상문"
  }
}