{
  "paragraph": [
    {
      "paragraph_txt": "흔히 천둥번개는 악기상중 하나입니다.#@문장구분# 악기상은 조종사에겐 적입니다.#@문장구분# 일상생활에서도 악기상은 우리에게 도움이 되는 부분도 있지만 위험한 부분도 많기 떄문에 알아두기 좋을꺼같아 책을 읽게 되었습니다.#@문장구분# 천둥번개는 악기상중에 정말 신기한 악기상입니다.#@문장구분# 큰소리와 함께 커다란 스파크 모양이 보일때도있고 지상까지 내려치는 낙뢰도 있기에 신기한데요, 이책은 천둥번개에 관한책이기 떄문에 우선 천둥번개는 어떻게 생기는지 부터 나옵니다.#@문장구분# 생각보다 별다른 원리가 아닌 간단한 원리로 만들어지는거여서 역시 자연은 신기하다는 생각이 계속들었습니다.#@문장구분# 이다음은 제가 주의깊게 본 천둥번개의 위험성입니다.#@문장구분# 생각보다 번개가 많은 피해를 주곤하는데요, 이책에 실린 나무가 넘어진사진을 보며 번개의 위력은 엄청나다는것을 느끼게 되었습니다.#@문장구분# 이렇게 번개가 많이 칠때 일상생활에서 피하는 방법도 소개해주어, 새로운정보도 알수있었습니다.#@문장구분# 항공분야에 관심을 가지게 되면서 이러한 자연현상에도 많은 관심을 가지게되었는데 생각보다 상식적으로 알고있던부분보다 몰랐던 부분이 많아 더욱 집중해서 읽게되고 새로운것을 알아는것이 즐거웠습니다.#@문장구분#\n저처럼 꼭 항공분야에 관심을 가지고 있는사람뿐만아니라 자연현상이나 기상에 관심 많은친구들에게 이책을 추천해주고싶습니다.#@문장구분#",
      "paragraph_len": 842,
      "paragraph_id": "001"
    }
  ],
  "score": {
    "paragraph_score": [
      {
        "paragraph_scoreT": [
          2,
          1.8333334,
          1.3333334
        ],
        "paragraph_scoreT_detail": {
          "paragraph_scoreT_exp": [
            [
              2,
              2,
              2
            ],
            [
              2,
              2,
              1
            ],
            [
              2,
              1,
              1
            ]
          ]
        },
        "paragraph_scoreT_avg": 1.7222223,
        "paragraph_id": "001"
      }
    ],
    "essay_scoreT": [
      18.277779,
      17.833334,
      15.055555
    ],
    "essay_scoreT_avg": 17.055557,
    "essay_scoreT_detail": {
      "essay_scoreT_org": [
        [
          2,
          2,
          2,
          1
        ],
        [
          2,
          2,
          2,
          2
        ],
        [
          1,
          1,
          1,
          2
        ]
      ],
      "essay_scoreT_cont": [
        [
          2,
          1,
          0,
          2
        ],
        [
          2,
          1,
          0,
          2
        ],
        [
          2,
          2,
          0,
          1
        ]
      ],
      "essay_scoreT_exp": [
        [
          2,
          2,
          2
        ],
        [
          2,
          2,
          1
        ],
        [
          2,
          1,
          1
        ]
      ]
    }
  },
  "student": {
    "date": "2021.09.10",
    "student_educated": true,
    "student_grade": "고등_1학년",
    "location": "063",
    "student_grade_group": "고등",
    "student_reading": 1
  },
  "rubric": {
    "essay_grade": "고등_1학년",
    "organization_weight": {
      "org_paragraph": 2,
      "org": 2,
      "org_essay": 4,
      "org_coherence": 2,
      "org_quantity": 1
    },
    "essay_type": "설명글",
    "content_weight": {
      "con_clearance": 4,
      "con_novelty": 3,
      "con": 4,
      "con_prompt": 0,
      "con_description": 1
    },
    "essay_main_subject": "영화/독서감상문",
    "expression_weight": {
      "exp_style": 1,
      "exp_grammar": 2,
      "exp_vocab": 3,
      "exp": 4
    }
  },
  "correction": [],
  "info": {
    "essay_id": "ESSAY_34599",
    "essay_prompt": " 영화에는 로맨스, 액션, 스릴러 등 정말 많은 장르가 있습니다. 사람마다 좋아하는 장르가 있고 절대 보지 않는 장르도 있습니다.\r\n\r\n 독서도 마찬가지입니다. 소설, 수필, 시, 만화, 위인전 등 여러가지 장르가 있습니다.\r\n\r\n 여러분은 어떤 장르를 좋아하나요? 그리고 해당 장르에서 가장 재미있게 봤던 영화나 책은 무엇인가요?\r\n\r\n 자신이 봤던 영화 혹은 책을 한 편 선정하여 주제와 내용 그리고 느낀점을 감상문으로 작성해주세요.",
    "essay_type": "설명글",
    "essay_level": "3",
    "essay_len": 623,
    "essay_main_subject": "영화/독서감상문"
  }
}