{
  "paragraph": [
    {
      "paragraph_txt": "`뷰티풀 마인드`는 저널리스트 실비아 네이사의 존 포브스 내쉬 주니어에 관학 책을 영화한 전기 작품이다.#@문장구분# \n이 영화는 제 74회 아카데미 작품상, 감동상, 여우조연상, 각색상등 4개 부문을 석권했다.#@문장구분# 주인공 존 내쉬가 정신병의 혼돈과 방황에서 헤어 나와 노벨상을 받기까지의 역경을 이겨내는 불굴의 의지와 존재에 대한 아내 앨리샤의 사랑과 헌신이 감동적으로 그려져 있는 영화이다.#@문장구분# \n이 영화는 흔한 폭력적이거나 흥미 위주의 영화가 아니라, 가족이 즐겨 볼수 있는 감동적인 내용을 소재로 한 교육적 영화이다.#@문장구분# 영화속에서 사용되는 언어도 거칠지 않고, 사람의 감정을 드러내는 정교한 표현이 표준언어로 구성되어 있어서, 영어 학습을 위해서 반복 청취를 하거나 암기하기에 아주 적합하다.#@문장구분# \n특히, 주인공 존내쉬의 천재성과 우월성을 드러내는 재치가 언어에 흥미롭게 표현되어 있으며, 아내 앨리샤의 사랑을 드러내는 언어 표현이 감동적으로 나타나 있다.#@문장구분#",
      "paragraph_len": 589,
      "paragraph_id": "001"
    }
  ],
  "score": {
    "paragraph_score": [
      {
        "paragraph_scoreT": [
          3,
          3,
          2
        ],
        "paragraph_scoreT_detail": {
          "paragraph_scoreT_exp": [
            [
              3,
              3,
              3
            ],
            [
              3,
              3,
              3
            ],
            [
              2,
              2,
              2
            ]
          ]
        },
        "paragraph_scoreT_avg": 2.6666667,
        "paragraph_id": "001"
      }
    ],
    "essay_scoreT": [
      30,
      26.222221,
      17.38889
    ],
    "essay_scoreT_avg": 24.537039,
    "essay_scoreT_detail": {
      "essay_scoreT_org": [
        [
          3,
          3,
          3,
          3
        ],
        [
          2,
          2,
          3,
          1
        ],
        [
          1,
          2,
          2,
          1
        ]
      ],
      "essay_scoreT_cont": [
        [
          3,
          3,
          0,
          3
        ],
        [
          3,
          2,
          0,
          2
        ],
        [
          2,
          1,
          0,
          2
        ]
      ],
      "essay_scoreT_exp": [
        [
          3,
          3,
          3
        ],
        [
          3,
          3,
          3
        ],
        [
          2,
          2,
          2
        ]
      ]
    }
  },
  "student": {
    "date": "2021.09.07",
    "student_educated": true,
    "student_grade": "고등_1학년",
    "location": "051",
    "student_grade_group": "고등",
    "student_reading": 2
  },
  "rubric": {
    "essay_grade": "고등_1학년",
    "organization_weight": {
      "org_paragraph": 2,
      "org": 2,
      "org_essay": 4,
      "org_coherence": 2,
      "org_quantity": 1
    },
    "essay_type": "설명글",
    "content_weight": {
      "con_clearance": 4,
      "con_novelty": 3,
      "con": 4,
      "con_prompt": 0,
      "con_description": 1
    },
    "essay_main_subject": "영화/독서감상문",
    "expression_weight": {
      "exp_style": 1,
      "exp_grammar": 2,
      "exp_vocab": 3,
      "exp": 4
    }
  },
  "correction": [],
  "info": {
    "essay_id": "ESSAY_34187",
    "essay_prompt": " 영화에는 로맨스, 액션, 스릴러 등 정말 많은 장르가 있습니다. 사람마다 좋아하는 장르가 있고 절대 보지 않는 장르도 있습니다.\r\n\r\n 독서도 마찬가지입니다. 소설, 수필, 시, 만화, 위인전 등 여러가지 장르가 있습니다.\r\n\r\n 여러분은 어떤 장르를 좋아하나요? 그리고 해당 장르에서 가장 재미있게 봤던 영화나 책은 무엇인가요?\r\n\r\n 자신이 봤던 영화 혹은 책을 한 편 선정하여 주제와 내용 그리고 느낀점을 감상문으로 작성해주세요.",
    "essay_type": "설명글",
    "essay_level": "3",
    "essay_len": 470,
    "essay_main_subject": "영화/독서감상문"
  }
}