{
  "paragraph": [
    {
      "paragraph_txt": "이 책은 내가 서점에 갔을때 베스트셀러에 있길래 산 책이다.#@문장구분# 이 책을 산 이유를 더 정확히 말하자면 베스트셀러에 있기도 하였고, 저번에 산 책이 에세이, 시집 이였기에 오랜만에 소설을 사서 읽고 싶었다.#@문장구분# 또한 나는 미래에 소설을 써서 책을 출판하고 싶은데 일본 작가의 소설도 읽어보면 좀 더 다양한 느낌을 소설에 표현할 수 있지 않겠나 싶어서 일본인 작가의 소설을 샀다.#@문장구분# 집에와서 검색을 해서\n알아보니 이 책의 작가는 무라카미 하루키 라는 작가로, 전세계에서 제일 유명한 일본 작가중 한명이라고 한다. #@문장구분#그래서 나는 왜 몰랐지 라고 생각하며 이 작가가 쓴 책의 목록을 보던도중 '기사단장 죽이기' 가 있었는데 그 책은 서점에서 본 기억이 있어서 아 그 책의 작가구나 싶었다. #@문장구분#이 책을 읽어보니 내가 원래 읽던 소설과는 많이 다른 소설이였다.#@문장구분# 나는 요즘 세상의 트렌드 자체가 어떤 책을 집필\n할 때 그 책이 담으려는 내용을 딱히 숨기지 않고 전면에 내세우는 편이라고 생각하는데 이 책은 주제를 숨겨 놓은 책이여서 다른 소설들 보다는 이해하기가 어려웠다.#@문장구분# 하지만 이 특징덕에 이 책이 재미있었다.#@문장구분#",
      "paragraph_len": 714,
      "paragraph_id": "001"
    }
  ],
  "score": {
    "paragraph_score": [
      {
        "paragraph_scoreT": [
          3,
          2.3333333,
          2
        ],
        "paragraph_scoreT_detail": {
          "paragraph_scoreT_exp": [
            [
              3,
              3,
              3
            ],
            [
              3,
              2,
              2
            ],
            [
              2,
              2,
              2
            ]
          ]
        },
        "paragraph_scoreT_avg": 2.4444444,
        "paragraph_id": "001"
      }
    ],
    "essay_scoreT": [
      29.777779,
      21.11111,
      19.777779
    ],
    "essay_scoreT_avg": 23.555557,
    "essay_scoreT_detail": {
      "essay_scoreT_org": [
        [
          3,
          3,
          3,
          2
        ],
        [
          2,
          2,
          2,
          1
        ],
        [
          2,
          2,
          2,
          1
        ]
      ],
      "essay_scoreT_cont": [
        [
          3,
          3,
          0,
          3
        ],
        [
          2,
          2,
          0,
          2
        ],
        [
          2,
          2,
          0,
          2
        ]
      ],
      "essay_scoreT_exp": [
        [
          3,
          3,
          3
        ],
        [
          3,
          2,
          2
        ],
        [
          2,
          2,
          2
        ]
      ]
    }
  },
  "student": {
    "date": "2021.09.10",
    "student_educated": true,
    "student_grade": "고등_1학년",
    "location": "063",
    "student_grade_group": "고등",
    "student_reading": 2
  },
  "rubric": {
    "essay_grade": "고등_1학년",
    "organization_weight": {
      "org_paragraph": 2,
      "org": 2,
      "org_essay": 4,
      "org_coherence": 2,
      "org_quantity": 1
    },
    "essay_type": "설명글",
    "content_weight": {
      "con_clearance": 4,
      "con_novelty": 3,
      "con": 4,
      "con_prompt": 0,
      "con_description": 1
    },
    "essay_main_subject": "영화/독서감상문",
    "expression_weight": {
      "exp_style": 1,
      "exp_grammar": 2,
      "exp_vocab": 3,
      "exp": 4
    }
  },
  "correction": [],
  "info": {
    "essay_id": "ESSAY_34283",
    "essay_prompt": " 영화에는 로맨스, 액션, 스릴러 등 정말 많은 장르가 있습니다. 사람마다 좋아하는 장르가 있고 절대 보지 않는 장르도 있습니다.\r\n\r\n 독서도 마찬가지입니다. 소설, 수필, 시, 만화, 위인전 등 여러가지 장르가 있습니다.\r\n\r\n 여러분은 어떤 장르를 좋아하나요? 그리고 해당 장르에서 가장 재미있게 봤던 영화나 책은 무엇인가요?\r\n\r\n 자신이 봤던 영화 혹은 책을 한 편 선정하여 주제와 내용 그리고 느낀점을 감상문으로 작성해주세요.",
    "essay_type": "설명글",
    "essay_level": "3",
    "essay_len": 555,
    "essay_main_subject": "영화/독서감상문"
  }
}