{
  "paragraph": [
    {
      "paragraph_txt": "최근에 개봉한 영화 중에 디즈니 시리즈로 나온 클루엘라라는  영화가 나왔다는 걸 듣고 어떤 내용인지 궁금해서 보기로 했다.#@문장구분# 이 크루엘라를 보기 전에 101마리의 달마시안이랑 무슨 연관이 있는지 걱정을 했었지만 큰 연관은 없어서 크루엘라를 보는데 딱히 문제가 되지 않아서 편하게 볼 수 있었다.#@문장구분# 영화 주인공인 크루엘라는 정말 시선을 압도할 정도로 자기만의 개성이 어릴 때부터 남달랐다고 볼 수 있다.#@문장구분# 어릴 때부터 다른 또래들보다 더 호기심이 많고 두려운 게 없는 그런 성격이었다.#@문장구분# 그리고 주인공 크루엘라 역할을 맡은 엠마 스톤이 이 역할을 정말 잘 표현한 거 같았다. #@문장구분#그리고 중간중간 영화 장면에 나오는 옷이나 머리 스타일도 엄청 개성이 뚜렷하게 잘 표현한 것 같았다. #@문장구분#또 크루엘라 내용 자체가 패션 쪽이어서 패션 관련해서도 재미를 느낄 수 있었던 거 같았고 내용 자체가 이해하기 쉽고 반전의 반전이 있었던 거 같아서 더 재밌게 볼 수 있었다. #@문장구분#영화가 디즈니라고 해서 겨울왕국 등등 이런 쪽의 영화인 줄 알았는데 디즈니라고 해서 꼭 이런 쪽의 디즈니가 아니란 걸 보여주는 영화 같았다.#@문장구분# 정말 오랜만에 영화 본 게 크루엘라였는데 진짜 생각보다 너무 재미있어서 누구에게나 추천하게 되는 영화였다.#@문장구분#",
      "paragraph_len": 790,
      "paragraph_id": "001"
    }
  ],
  "score": {
    "paragraph_score": [
      {
        "paragraph_scoreT": [
          3,
          3,
          1.8333334
        ],
        "paragraph_scoreT_detail": {
          "paragraph_scoreT_exp": [
            [
              3,
              3,
              3
            ],
            [
              3,
              3,
              3
            ],
            [
              2,
              2,
              1
            ]
          ]
        },
        "paragraph_scoreT_avg": 2.6111112,
        "paragraph_id": "001"
      }
    ],
    "essay_scoreT": [
      30,
      26.666666,
      17.61111
    ],
    "essay_scoreT_avg": 24.759256,
    "essay_scoreT_detail": {
      "essay_scoreT_org": [
        [
          3,
          3,
          3,
          3
        ],
        [
          2,
          3,
          3,
          1
        ],
        [
          2,
          2,
          2,
          1
        ]
      ],
      "essay_scoreT_cont": [
        [
          3,
          3,
          0,
          3
        ],
        [
          3,
          2,
          0,
          2
        ],
        [
          2,
          1,
          0,
          2
        ]
      ],
      "essay_scoreT_exp": [
        [
          3,
          3,
          3
        ],
        [
          3,
          3,
          3
        ],
        [
          2,
          2,
          1
        ]
      ]
    }
  },
  "student": {
    "date": "2021.09.13",
    "student_educated": true,
    "student_grade": "고등_1학년",
    "location": "051",
    "student_grade_group": "고등",
    "student_reading": 3
  },
  "rubric": {
    "essay_grade": "고등_1학년",
    "organization_weight": {
      "org_paragraph": 2,
      "org": 2,
      "org_essay": 4,
      "org_coherence": 2,
      "org_quantity": 1
    },
    "essay_type": "설명글",
    "content_weight": {
      "con_clearance": 4,
      "con_novelty": 3,
      "con": 4,
      "con_prompt": 0,
      "con_description": 1
    },
    "essay_main_subject": "영화/독서감상문",
    "expression_weight": {
      "exp_style": 1,
      "exp_grammar": 2,
      "exp_vocab": 3,
      "exp": 4
    }
  },
  "correction": [],
  "info": {
    "essay_id": "ESSAY_34149",
    "essay_prompt": " 영화에는 로맨스, 액션, 스릴러 등 정말 많은 장르가 있습니다. 사람마다 좋아하는 장르가 있고 절대 보지 않는 장르도 있습니다.\r\n\r\n 독서도 마찬가지입니다. 소설, 수필, 시, 만화, 위인전 등 여러가지 장르가 있습니다.\r\n\r\n 여러분은 어떤 장르를 좋아하나요? 그리고 해당 장르에서 가장 재미있게 봤던 영화나 책은 무엇인가요?\r\n\r\n 자신이 봤던 영화 혹은 책을 한 편 선정하여 주제와 내용 그리고 느낀점을 감상문으로 작성해주세요.",
    "essay_type": "설명글",
    "essay_level": "3",
    "essay_len": 612,
    "essay_main_subject": "영화/독서감상문"
  }
}