{
  "paragraph": [
    {
      "paragraph_txt": "이중슬릿 실험이라는 이름의 일반인들에게도 익숙한 실험이 있는데, 대부분은 빛을 쏘아 두 개의 슬릿에 통과시키는 실험을 떠올릴것 이다.#@문장구분#\n드 브로이가 주장한 물질파 이론 이후 실험으로 증명하기 위해 빛 대신 전자총으로 전자를 쏘아준 실험에서는 우리가 관찰하여 인식 한다는, 전자를 관측하는 행위의 여부에 따라 전자는 입자이면서 파동 역시 될 수 있다는 것이 실험의 결과이다.#@문장구분#\n이는 양자역학의 탄생에 큰 기여를 했고 양자역학에 입각하여 서술하자면, 개개인이 인식을 하는순간 세계는 확정되는 것이며 이를 반대로 얘기하면 우리에게 인식되지 못하는 확정되지 않은 가능성의 세계가 존재한다는 의미가 된다.#@문장구분#\n따라서 이 세계를 확정된 구조가 아니라 확률론적으로 규명하게 되는 것이며 우리가 허상이라 생각하는 세계 역시 인식되지 않은 세계로써 받아들여진다.#@문장구분#\n나는 이러한 신박한 사고와 이러한 사고를 하는 세계를 원자에서 벗어나 우리가 사는 세계로 확장한 해석이 마음에 들었고 이러한 매력에 양자역학을 공부하기로 결심한 이유가 아닐까 싶었다.#@문장구분#\n내가 이 책을 읽기로 결심한 이유가 내가 보는 시각이 닿지않는 곳의 세계도 내가 인식하는 세계의 시공간 구조와 비슷한지 의문이 들었고, 베르너 하이젠베르크의 '부분과 전체'라는 책은 원자물리학 뿐만 아니라 철학적인 주제 역시 다루는 책이라 해서 읽어보고 싶었다.#@문장구분#\n그래서 정리하자면 이 책은 하이젠베르크가 여러 과학자, 철학자 등을 만나며 인상 깊었던 주제들을 복기한 자서전이다.#@문장구분#\n특히 나는 하이젠베르크의 '지각'에 대한 논의를 특히 흥미롭게 봤는데, 우리는 보고 느끼는 그대로를 '지각'한다고 생각하지만 사실 지각은 무질서한 외부세계의 감각적 인상을 받아들인 일련의 과정이며 우리는 그것을 '표상'의 형태로 정리하여 인식한다는 것이다.#@문장구분# 나는 이에 대해 사물의 본질이 결국 '표상'이라는 형태로 우리에게 인식된다면, 표상은 과연 우리가 인식하려는 어떤 대상에 대해 객 관적일 수 있는지 궁금해지기도 했다.#@문장구분#\n또 다른 인상깊은 주제는 원자로 이루어진 물질세계가 어째서 특정 형태와 성질이 계속해서 지속되는지를 논의한 주제이다.#@문장구분#\n물의 분자구조인 H2O는 수증기나 얼음의 형태로 바뀌어도 형태적 안정성을 지닐수 있는지 의문점을 던졌고, 특히 흥미로웠던 점은 뉴턴역학에 의하면 어떤 물체에 힘이 작용하면 운동의 상태가 변한다고 했는데, 미시세계에서의 원자의 형태적 안정성을 설명할 수는 없었고 이런 원자물리학을 설명하기 위해서는 결국 뉴턴역학과 여러 가지 또다른 고전물리학을 적용해야 한다는 점이 역설적이면서도 흥미로웠다.#@문장구분#\n과학적 진리에 대한 철학적 탐구에서 한발짝 뒤로 물러나 과학자들의 윤리적 책임에 대한 주제도 있었다.#@문장구분#\n우라늄 분열 성공과 이에 잇따른 핵무기 개발이 이 주제의 주가 되는데, 객관적으로 인류의 발달과 진리의 추구를 목적으로 하는 과학 이 정치적으로 악용되는 사례가 발생하게 된다면 과연 과학의 발전이 정말 인류를 위한 것일지, 또 과학적 연구는 어떠한 방향성을 추구해야만 인류의 보전을 보증할수 있을지 한번쯤 생각해보게 한다.#@문장구분# 베르너 하이젠베르크의 나치즘에 반대하지만 독일 과학의 재건을 위해 결국 자국에 남았던 모습을 보면서 과학의 진정한 방향성과 과학에 대한 철학적 접근을 해봄으로써 많은 생각을 할 수 있었다.#@문장구분#",
      "paragraph_len": 1875,
      "paragraph_id": "001"
    }
  ],
  "score": {
    "paragraph_score": [
      {
        "paragraph_scoreT": [
          3,
          2.8333333,
          2.3333333
        ],
        "paragraph_scoreT_detail": {
          "paragraph_scoreT_exp": [
            [
              3,
              3,
              3
            ],
            [
              3,
              3,
              2
            ],
            [
              3,
              2,
              2
            ]
          ]
        },
        "paragraph_scoreT_avg": 2.722222,
        "paragraph_id": "001"
      }
    ],
    "essay_scoreT": [
      30,
      27.833332,
      25.833332
    ],
    "essay_scoreT_avg": 27.888887,
    "essay_scoreT_detail": {
      "essay_scoreT_org": [
        [
          3,
          3,
          3,
          3
        ],
        [
          3,
          3,
          3,
          3
        ],
        [
          3,
          3,
          3,
          3
        ]
      ],
      "essay_scoreT_cont": [
        [
          3,
          3,
          0,
          3
        ],
        [
          3,
          2,
          0,
          3
        ],
        [
          3,
          2,
          0,
          3
        ]
      ],
      "essay_scoreT_exp": [
        [
          3,
          3,
          3
        ],
        [
          3,
          3,
          2
        ],
        [
          3,
          2,
          2
        ]
      ]
    }
  },
  "student": {
    "date": "2021.09.07",
    "student_educated": true,
    "student_grade": "고등_1학년",
    "location": "051",
    "student_grade_group": "고등",
    "student_reading": 3
  },
  "rubric": {
    "essay_grade": "고등_1학년",
    "organization_weight": {
      "org_paragraph": 2,
      "org": 2,
      "org_essay": 4,
      "org_coherence": 2,
      "org_quantity": 1
    },
    "essay_type": "설명글",
    "content_weight": {
      "con_clearance": 4,
      "con_novelty": 3,
      "con": 4,
      "con_prompt": 0,
      "con_description": 1
    },
    "essay_main_subject": "영화/독서감상문",
    "expression_weight": {
      "exp_style": 1,
      "exp_grammar": 2,
      "exp_vocab": 3,
      "exp": 4
    }
  },
  "correction": [],
  "info": {
    "essay_id": "ESSAY_34388",
    "essay_prompt": " 영화에는 로맨스, 액션, 스릴러 등 정말 많은 장르가 있습니다. 사람마다 좋아하는 장르가 있고 절대 보지 않는 장르도 있습니다.\r\n\r\n 독서도 마찬가지입니다. 소설, 수필, 시, 만화, 위인전 등 여러가지 장르가 있습니다.\r\n\r\n 여러분은 어떤 장르를 좋아하나요? 그리고 해당 장르에서 가장 재미있게 봤던 영화나 책은 무엇인가요?\r\n\r\n 자신이 봤던 영화 혹은 책을 한 편 선정하여 주제와 내용 그리고 느낀점을 감상문으로 작성해주세요.",
    "essay_type": "설명글",
    "essay_level": "3",
    "essay_len": 1595,
    "essay_main_subject": "영화/독서감상문"
  }
}