{
  "paragraph": [
    {
      "paragraph_txt": "이 책은 나무에 대해서 이야기 한다.#@문장구분# 그중 상록수는 평생을 살아가며 우리에게 도움을 주는데 인간 부터 시작해서 동물이나 작은 곤충들까지도 도움을 준다.#@문장구분# 동물이나 작은 곤충은 나뭇가지에 살수있게 해주고 작은동물들의 천적으로 부터 보호해주기도 하며 다람쥐들은 나무에 씨를 숨기게 도와주기도 한다.#@문장구분# 또한 인간들에게도 역사적으로 도움을 많이 주고있는데 나무를 통해 종이를 만들기도 하고 캐비닛도 만들고 우리 주위의 많은 물건을 나무로 만들게 해준다.#@문장구분# 이처럼 나무는 우리에게 많은 도움을 주고 있는데 너무 무분별하게 훼손을 하고 있지않나 생각하게 되었다.#@문장구분# 나무라는 자원은 영원한 것 아니기 떄문에 언젠가는 사라질 존재이지만 또 한편으로는 우리에계 계속 필요한 존재이기도 한데 우리가 이렇게 무분별하게 해도 되는것인지 생각 하게 되었다.#@문장구분# 요즘 환경이 많이 안좋아지고 있는데 이책을 읽음으로써 환경에대해 생각 할 계기가 될 수있어서 좋았던거 같다.#@문장구분#",
      "paragraph_len": 607,
      "paragraph_id": "001"
    }
  ],
  "score": {
    "paragraph_score": [
      {
        "paragraph_scoreT": [
          1.8333334,
          1.8333334,
          1.8333334
        ],
        "paragraph_scoreT_detail": {
          "paragraph_scoreT_exp": [
            [
              2,
              2,
              1
            ],
            [
              2,
              2,
              1
            ],
            [
              2,
              2,
              1
            ]
          ]
        },
        "paragraph_scoreT_avg": 1.8333334,
        "paragraph_id": "001"
      }
    ],
    "essay_scoreT": [
      18.88889,
      17.61111,
      18.61111
    ],
    "essay_scoreT_avg": 18.37037,
    "essay_scoreT_detail": {
      "essay_scoreT_org": [
        [
          2,
          2,
          1,
          2
        ],
        [
          2,
          2,
          2,
          1
        ],
        [
          2,
          2,
          2,
          1
        ]
      ],
      "essay_scoreT_cont": [
        [
          2,
          2,
          0,
          2
        ],
        [
          2,
          1,
          0,
          2
        ],
        [
          2,
          2,
          0,
          1
        ]
      ],
      "essay_scoreT_exp": [
        [
          2,
          2,
          1
        ],
        [
          2,
          2,
          1
        ],
        [
          2,
          2,
          1
        ]
      ]
    }
  },
  "student": {
    "date": "2021.09.10",
    "student_educated": true,
    "student_grade": "고등_1학년",
    "location": "063",
    "student_grade_group": "고등",
    "student_reading": 1
  },
  "rubric": {
    "essay_grade": "고등_1학년",
    "organization_weight": {
      "org_paragraph": 2,
      "org": 2,
      "org_essay": 4,
      "org_coherence": 2,
      "org_quantity": 1
    },
    "essay_type": "설명글",
    "content_weight": {
      "con_clearance": 4,
      "con_novelty": 3,
      "con": 4,
      "con_prompt": 0,
      "con_description": 1
    },
    "essay_main_subject": "영화/독서감상문",
    "expression_weight": {
      "exp_style": 1,
      "exp_grammar": 2,
      "exp_vocab": 3,
      "exp": 4
    }
  },
  "correction": [],
  "info": {
    "essay_id": "ESSAY_34796",
    "essay_prompt": " 영화에는 로맨스, 액션, 스릴러 등 정말 많은 장르가 있습니다. 사람마다 좋아하는 장르가 있고 절대 보지 않는 장르도 있습니다.\r\n\r\n 독서도 마찬가지입니다. 소설, 수필, 시, 만화, 위인전 등 여러가지 장르가 있습니다.\r\n\r\n 여러분은 어떤 장르를 좋아하나요? 그리고 해당 장르에서 가장 재미있게 봤던 영화나 책은 무엇인가요?\r\n\r\n 자신이 봤던 영화 혹은 책을 한 편 선정하여 주제와 내용 그리고 느낀점을 감상문으로 작성해주세요.",
    "essay_type": "설명글",
    "essay_level": "3",
    "essay_len": 467,
    "essay_main_subject": "영화/독서감상문"
  }
}