{
  "paragraph": [
    {
      "paragraph_txt": "이 책은 공부 그리고 학교에 대해 우리가 다시 생각해 볼 수 있는 계기를 제공한다.#@문장구분#",
      "paragraph_len": 66,
      "paragraph_id": "001"
    },
    {
      "paragraph_txt": " 1부에서는 공부에 대해서, 2부에서는 학교에 대해서 다시 생각해 보는 형식으로 책이 전개된다.#@문장구분#",
      "paragraph_len": 73,
      "paragraph_id": "002"
    },
    {
      "paragraph_txt": " 1부에서는 주입형 학습, 활동형 학습, 시험, 문해력과 관련된 내용이 나오는데, 이중 주입형 학습과 활동형 학습에 대한 부분이 가장 흥미있었다.#@문장구분#",
      "paragraph_len": 101,
      "paragraph_id": "003"
    },
    {
      "paragraph_txt": " 01,02학년 선배에 비해 우리 세대부터 부쩍 활동을 강조하는 수업이 늘었기 때문이다.#@문장구분# 대부분의 수행평가가 활동형, 과정형으로 진행 되고 모둠별로 모여서 과제를 수행하는 수업방식도 많아졌다.#@문장구분# ",
      "paragraph_len": 148,
      "paragraph_id": "004"
    },
    {
      "paragraph_txt": " 책에서는 활동형학습의 장점과 단점을 설명한다.#@문장구분# 활동형 학습을 즉 학생 주도형 수업을 통해서 학생들이 보다 수업시간에 집중할 수 있고 교사와의 소통도 활발해진다는 장점이 있다.#@문장구분# ",
      "paragraph_len": 139,
      "paragraph_id": "005"
    },
    {
      "paragraph_txt": " 또한 많은 교사와 학생들이 기존의 주입형 교육의 변화를 요구하고 있기에 활동형 교육이 필요하다.#@문장구분# 그러나 장점이 있다면 단점도 존재한다.#@문장구분# ",
      "paragraph_len": 117,
      "paragraph_id": "006"
    },
    {
      "paragraph_txt": " 수업이 활동에 종식되어지는 경우가 발생하기도 한다.#@문장구분# 단순히 활동을 하는 것 자체에 집중을 하는 경우가 많기에 교과지식을 제대로 숙지 할 수 없게 되는 것이다.#@문장구분# 또한 수업 시간이 한정되어 있기 때문에 제대로된 활동이 진행되기도 어렵다.#@문장구분# 미국을 비롯한 많은 외국의 국가들은 이러한 이유로 활동형 수업을 포기하였고 우리나라의 많은 학생들과 교사들은 불만을 표출하기도 한다.#@문장구분#",
      "paragraph_len": 286,
      "paragraph_id": "007"
    },
    {
      "paragraph_txt": " 학교에 다니는 입장에서 많은 부분이 공감되었다.#@문장구분# 활동형 수업을 하고 난 후 그 교과목을 더 잘 이해하지도 못했고, 회의감에 빠진 경험도 있었다.#@문장구분#",
      "paragraph_len": 121,
      "paragraph_id": "008"
    },
    {
      "paragraph_txt": " 책을 읽고난 후 활동형 교육이 시행되기에 앞서 충분한 예행연습과 이러한 교육이 이루어질 수 있는 인적, 양적 인프라가 갖춰저야 한다고 생각한다.#@문장구분#",
      "paragraph_len": 101,
      "paragraph_id": "009"
    }
  ],
  "score": {
    "paragraph_score": [
      {
        "paragraph_scoreT": [
          2.3333333,
          2,
          2
        ],
        "paragraph_scoreT_detail": {
          "paragraph_scoreT_exp": [
            [
              3,
              2,
              2
            ],
            [
              2,
              2,
              2
            ],
            [
              2,
              2,
              2
            ]
          ]
        },
        "paragraph_scoreT_avg": 2.111111,
        "paragraph_id": "001"
      },
      {
        "paragraph_scoreT": [
          2.1666667,
          2,
          2
        ],
        "paragraph_scoreT_detail": {
          "paragraph_scoreT_exp": [
            [
              3,
              2,
              1
            ],
            [
              2,
              2,
              2
            ],
            [
              2,
              2,
              2
            ]
          ]
        },
        "paragraph_scoreT_avg": 2.0555556,
        "paragraph_id": "002"
      },
      {
        "paragraph_scoreT": [
          2.1666667,
          2,
          2
        ],
        "paragraph_scoreT_detail": {
          "paragraph_scoreT_exp": [
            [
              3,
              2,
              1
            ],
            [
              2,
              2,
              2
            ],
            [
              2,
              2,
              2
            ]
          ]
        },
        "paragraph_scoreT_avg": 2.0555556,
        "paragraph_id": "003"
      },
      {
        "paragraph_scoreT": [
          1.8333334,
          2,
          2
        ],
        "paragraph_scoreT_detail": {
          "paragraph_scoreT_exp": [
            [
              2,
              2,
              1
            ],
            [
              2,
              2,
              2
            ],
            [
              2,
              2,
              2
            ]
          ]
        },
        "paragraph_scoreT_avg": 1.9444445,
        "paragraph_id": "004"
      },
      {
        "paragraph_scoreT": [
          1.8333334,
          2,
          2
        ],
        "paragraph_scoreT_detail": {
          "paragraph_scoreT_exp": [
            [
              2,
              2,
              1
            ],
            [
              2,
              2,
              2
            ],
            [
              2,
              2,
              2
            ]
          ]
        },
        "paragraph_scoreT_avg": 1.9444445,
        "paragraph_id": "005"
      },
      {
        "paragraph_scoreT": [
          2.3333333,
          2,
          2
        ],
        "paragraph_scoreT_detail": {
          "paragraph_scoreT_exp": [
            [
              3,
              2,
              2
            ],
            [
              2,
              2,
              2
            ],
            [
              2,
              2,
              2
            ]
          ]
        },
        "paragraph_scoreT_avg": 2.111111,
        "paragraph_id": "006"
      },
      {
        "paragraph_scoreT": [
          1.8333334,
          2,
          2
        ],
        "paragraph_scoreT_detail": {
          "paragraph_scoreT_exp": [
            [
              2,
              2,
              1
            ],
            [
              2,
              2,
              2
            ],
            [
              2,
              2,
              2
            ]
          ]
        },
        "paragraph_scoreT_avg": 1.9444445,
        "paragraph_id": "007"
      },
      {
        "paragraph_scoreT": [
          2.3333333,
          2,
          2
        ],
        "paragraph_scoreT_detail": {
          "paragraph_scoreT_exp": [
            [
              3,
              2,
              2
            ],
            [
              2,
              2,
              2
            ],
            [
              2,
              2,
              2
            ]
          ]
        },
        "paragraph_scoreT_avg": 2.111111,
        "paragraph_id": "008"
      },
      {
        "paragraph_scoreT": [
          2.5,
          2,
          2
        ],
        "paragraph_scoreT_detail": {
          "paragraph_scoreT_exp": [
            [
              2,
              3,
              2
            ],
            [
              2,
              2,
              2
            ],
            [
              2,
              2,
              2
            ]
          ]
        },
        "paragraph_scoreT_avg": 2.1666667,
        "paragraph_id": "009"
      }
    ],
    "essay_scoreT": [
      19.777779,
      20,
      20
    ],
    "essay_scoreT_avg": 19.925926,
    "essay_scoreT_detail": {
      "essay_scoreT_org": [
        [
          2,
          1,
          2,
          3
        ],
        [
          2,
          2,
          2,
          2
        ],
        [
          2,
          2,
          2,
          2
        ]
      ],
      "essay_scoreT_cont": [
        [
          2,
          2,
          0,
          2
        ],
        [
          2,
          2,
          0,
          2
        ],
        [
          2,
          2,
          0,
          2
        ]
      ],
      "essay_scoreT_exp": [
        [
          2,
          2,
          2
        ],
        [
          2,
          2,
          2
        ],
        [
          2,
          2,
          2
        ]
      ]
    }
  },
  "student": {
    "date": "2021.09.09",
    "student_educated": true,
    "student_grade": "고등_1학년",
    "location": "051",
    "student_grade_group": "고등",
    "student_reading": 1
  },
  "rubric": {
    "essay_grade": "고등_1학년",
    "organization_weight": {
      "org_paragraph": 2,
      "org": 2,
      "org_essay": 4,
      "org_coherence": 2,
      "org_quantity": 1
    },
    "essay_type": "설명글",
    "content_weight": {
      "con_clearance": 4,
      "con_novelty": 3,
      "con": 4,
      "con_prompt": 0,
      "con_description": 1
    },
    "essay_main_subject": "영화/독서감상문",
    "expression_weight": {
      "exp_style": 1,
      "exp_grammar": 2,
      "exp_vocab": 3,
      "exp": 4
    }
  },
  "correction": [],
  "info": {
    "essay_id": "ESSAY_34833",
    "essay_prompt": " 영화에는 로맨스, 액션, 스릴러 등 정말 많은 장르가 있습니다. 사람마다 좋아하는 장르가 있고 절대 보지 않는 장르도 있습니다.\r\n\r\n 독서도 마찬가지입니다. 소설, 수필, 시, 만화, 위인전 등 여러가지 장르가 있습니다.\r\n\r\n 여러분은 어떤 장르를 좋아하나요? 그리고 해당 장르에서 가장 재미있게 봤던 영화나 책은 무엇인가요?\r\n\r\n 자신이 봤던 영화 혹은 책을 한 편 선정하여 주제와 내용 그리고 느낀점을 감상문으로 작성해주세요.",
    "essay_type": "설명글",
    "essay_level": "3",
    "essay_len": 848,
    "essay_main_subject": "영화/독서감상문"
  }
}