{
  "paragraph": [
    {
      "paragraph_txt": "여느 학문처럼 수학 역시 인류 역사와 함계해 왔다.#@문장구분# 수학하면 공식이나 계산을 먼저 떠올려 도리질할 사람들도 있겠지만, 그 유구한 세월 동안 인류의 삶에 수학의 지혜가 깊게 스며든 건 부인할 수 없는 사실이다.#@문장구분# 이 책은 무한, 수와 셈, 숫자 0, 평행선 공리, 등차수열 의 합, 소수 등 우리에게 익숙한 수학 요소들에서 인문학적인 메시지를 끌어낸다.#@문장구분# 이 책의 저자 박병하는 처음부터 수학을 하던 사람은 아니었다.#@문장구분# 원래 경영학을 전공했으나 대학원에 다니던 중 수학의 매력에 이끌려 '수학의 세계로 이민'을 했다고 한다.#@문장구분# 현재 전공은 수리논리학인데, 사회과학과 수학을 모두 경험해 보았기에 이렇게 문과와 이과가 자연스럽게 연결된 책을 쓸 수 있었던 것일지도 모른다. #@문장구분#",
      "paragraph_len": 491,
      "paragraph_id": "001"
    },
    {
      "paragraph_txt": " 저자는 이 책을 인문학적 메시지가 다분한 글 위주로 다시 모아 엮은 책이라고 스스로 밝혔다.#@문장구분# 무한과 0의 개념, 숫자의 표기, 계산의 발달 과정, 유클리드 기하학 및 절대기하학, 함수, 좌표, 그래프, 오일러 산책, 리만 가설, 페르마의 정리 등 수학 분야의 대표적인 개념들이 인생과 직결된 철학적인 교훈들과 자연스럽게 엮어 제시된다.#@문장구분# 무한을 통해서는 어떤 문제에 부닥쳤을 때 좌절 대신 긍정적인 에너지를 상상하게 하고, 수와 셈에선 우리 모두 수와 셈처럼 서로가 없으면 존재할 수 없음을 깨우치며, 숫자 0에선 세상엔 꼭 그 자리에 있어야 하는 것이 있고 그걸 받아들이는 적극적인 순응의 자세가 필요하다고 말한다.#@문장구분# 평행선 공리를 통해서는 아무리 해도 어떤 문제가 풀리지 않을 때는 시스템 자체를 의심해 보길 권한다.#@문장구분# 또 쾨니히스베르크의 7개 다리 문제를 오일러가 어떻게 해결했는지 보여 줌으로써 유연함이 타협이 아니라 문제를 해결할 수 있는 중요한 태도일 수 있다고 말하며, 어린 가우스가 1부터 100까지 더하는 문제를 어떻게 풀었는지 다른 방법들과 비교해 보이면서 '정해진 자원을 갖고 문제를 해결하려 했는데도 잘 안 된다면, 먼저 문제 상황을 바꾸는 것이 가능한지 보라'고 한다.#@문장구분# 가우스처럼 일단 문제와 거리를 두고 문제 자체의 틀을 보는 것도 해결책을 찾는 방법이란 것이다.#@문장구분# 그리고 숫자와 식이 단순한 형식을 얻기까지의 과정을 보여주면서 단순화 과정은 군더더기에 가려졌던 본질을 전면에 드러내며 바로 그 지점에서 새로운 생각이 싹튼다고 피력한다.#@문장구분# 소수에서는 수학 발전의 기폭제 중 하나가 수학자들의 실수였다는 점을 짚으면 누적된 실수가 패러다임을 조금씩 업그레이드해 가듯이 실수는 실패가 아니라 한 단계 더 도약할 수 있는 기회임을 확인시켜 준다.#@문장구분# 마지막으로 수학 발전의 원동력은 '질문'이라고 말하며 이 책을 끝맺는다.#@문장구분# 지극히 당연해 보였던 사실에 대해 '정말 그럴까?#@문장구분# 왜 그렇지?'라고 의심을 품기 시작하면서 진짜 수학은 시작되었다.#@문장구분# 의심과 질문이야말로 수학의 힘이요, 창조의 원천이다.#@문장구분# 질문은 살아가는 데에서도 놓아선 안되는 것이다.#@문장구분# 주어진 대로 무조건 받아들이는 마음, 쉽게 '당연하지' 해 버리는 마음은 우리 삶을 고착시키기 때문이다. #@문장구분#",
      "paragraph_len": 1375,
      "paragraph_id": "002"
    },
    {
      "paragraph_txt": " 보통 수학 교양서들은 대부분 일상에 숨겨진 수학의 원리를 밝혀내는 데 초점을 둔 반면, 이 책은 수학이 품고 있는 삶의 지혜를 뽑아 냄으로써 수학을 우리 곁으로 더 바싹 끌어당긴다.#@문장구분# 또한 이 책엔 수식이 많지 않다.#@문장구분# 중학 수학 정도의 지식만 있으면 별 어려움 없이 이해할 수 있게 쓰였다.#@문장구분# 최대한 쉽게 풀어 쓴 책임에도 역시 위에 언급한 여러 수학 개념에 완전히 문외한인 사람이 읽기엔 다소 어려운 게 사실이나 과감한 발상의 전환이나 생각 다이어트, 관계성의 인식 등 지금의 현대인들에게 필요한 지적, 정신적 덕목을 일깨우는 데는 어려움이 없을 책이다.#@문장구분# 수학의 세계가 궁금해 기웃거린 적이 있는 인문 독자라면 좋은 출발점이 될 책이다. #@문장구분#",
      "paragraph_len": 457,
      "paragraph_id": "003"
    }
  ],
  "score": {
    "paragraph_score": [
      {
        "paragraph_scoreT": [
          3,
          2.6666667,
          1.5
        ],
        "paragraph_scoreT_detail": {
          "paragraph_scoreT_exp": [
            [
              3,
              3,
              3
            ],
            [
              2,
              3,
              3
            ],
            [
              1,
              2,
              1
            ]
          ]
        },
        "paragraph_scoreT_avg": 2.388889,
        "paragraph_id": "001"
      },
      {
        "paragraph_scoreT": [
          3,
          2.6666667,
          2
        ],
        "paragraph_scoreT_detail": {
          "paragraph_scoreT_exp": [
            [
              3,
              3,
              3
            ],
            [
              2,
              3,
              3
            ],
            [
              2,
              2,
              2
            ]
          ]
        },
        "paragraph_scoreT_avg": 2.5555556,
        "paragraph_id": "002"
      },
      {
        "paragraph_scoreT": [
          3,
          2.6666667,
          2.5
        ],
        "paragraph_scoreT_detail": {
          "paragraph_scoreT_exp": [
            [
              3,
              3,
              3
            ],
            [
              2,
              3,
              3
            ],
            [
              2,
              3,
              2
            ]
          ]
        },
        "paragraph_scoreT_avg": 2.7222223,
        "paragraph_id": "003"
      }
    ],
    "essay_scoreT": [
      30,
      28.666668,
      21.38889
    ],
    "essay_scoreT_avg": 26.685186,
    "essay_scoreT_detail": {
      "essay_scoreT_org": [
        [
          3,
          3,
          3,
          3
        ],
        [
          3,
          3,
          3,
          3
        ],
        [
          2,
          2,
          2,
          3
        ]
      ],
      "essay_scoreT_cont": [
        [
          3,
          3,
          0,
          3
        ],
        [
          3,
          3,
          0,
          3
        ],
        [
          2,
          2,
          0,
          3
        ]
      ],
      "essay_scoreT_exp": [
        [
          3,
          3,
          3
        ],
        [
          2,
          3,
          3
        ],
        [
          2,
          2,
          3
        ]
      ]
    }
  },
  "student": {
    "date": "2021.09.09",
    "student_educated": true,
    "student_grade": "고등_1학년",
    "location": "051",
    "student_grade_group": "고등",
    "student_reading": 2
  },
  "rubric": {
    "essay_grade": "고등_1학년",
    "organization_weight": {
      "org_paragraph": 2,
      "org": 2,
      "org_essay": 4,
      "org_coherence": 2,
      "org_quantity": 1
    },
    "essay_type": "설명글",
    "content_weight": {
      "con_clearance": 4,
      "con_novelty": 3,
      "con": 4,
      "con_prompt": 0,
      "con_description": 1
    },
    "essay_main_subject": "영화/독서감상문",
    "expression_weight": {
      "exp_style": 1,
      "exp_grammar": 2,
      "exp_vocab": 3,
      "exp": 4
    }
  },
  "correction": [],
  "info": {
    "essay_id": "ESSAY_34632",
    "essay_prompt": " 영화에는 로맨스, 액션, 스릴러 등 정말 많은 장르가 있습니다. 사람마다 좋아하는 장르가 있고 절대 보지 않는 장르도 있습니다.\r\n\r\n 독서도 마찬가지입니다. 소설, 수필, 시, 만화, 위인전 등 여러가지 장르가 있습니다.\r\n\r\n 여러분은 어떤 장르를 좋아하나요? 그리고 해당 장르에서 가장 재미있게 봤던 영화나 책은 무엇인가요?\r\n\r\n 자신이 봤던 영화 혹은 책을 한 편 선정하여 주제와 내용 그리고 느낀점을 감상문으로 작성해주세요.",
    "essay_type": "설명글",
    "essay_level": "3",
    "essay_len": 1827,
    "essay_main_subject": "영화/독서감상문"
  }
}