{
  "paragraph": [
    {
      "paragraph_txt": "나는 이 책을 학교에서의 리딩팜 활동으로 읽게 되었다.#@문장구분# 나의 장래 희망이 교직 관련이므로 영어 책을 읽더라도 나의 진로와 관련된책을 읽는 것이 좋겠다 라는 생각이 들어서 이 책을 읽게 되었다.#@문장구분# 이 책은 학생들과 교장 선생님이 대화를 하면서 학생들이 학교에 생겼으면 하는 것을 얘기하고, 그것을 교장 선생님이 들어주는 내용이다.#@문장구분# 이 책을 읽고나니 서로간의 대화는 중요하다는 것을 알게 되었으며, 내가 미래에 교직에 근무하게 되면 학생들의 요구사항을 들어주고 그것이 이루어지고 학생들이 불편한 점을 못 느끼게 노력해야겠다는 생각이 들었다.#@문장구분# 또한 나는 지금 학생인데 선생님들이 우리가 불편한 점을 다 알고 계시지 못하다는 것도 이 책을 통하여 알게되어서 우리가 불편한 점을 참지말고 선생님들에게 우리가 불편한 점을 말해드려야지만 그 문제가 해결 될 수 있다는 것도 알게되었다.#@문장구분#",
      "paragraph_len": 531,
      "paragraph_id": "001"
    }
  ],
  "score": {
    "paragraph_score": [
      {
        "paragraph_scoreT": [
          2,
          2.8333333,
          2
        ],
        "paragraph_scoreT_detail": {
          "paragraph_scoreT_exp": [
            [
              2,
              2,
              2
            ],
            [
              3,
              3,
              2
            ],
            [
              2,
              2,
              2
            ]
          ]
        },
        "paragraph_scoreT_avg": 2.2777777,
        "paragraph_id": "001"
      }
    ],
    "essay_scoreT": [
      19.277779,
      25.11111,
      17.777779
    ],
    "essay_scoreT_avg": 20.722223,
    "essay_scoreT_detail": {
      "essay_scoreT_org": [
        [
          2,
          2,
          2,
          1
        ],
        [
          2,
          2,
          2,
          1
        ],
        [
          2,
          2,
          2,
          1
        ]
      ],
      "essay_scoreT_cont": [
        [
          2,
          2,
          0,
          1
        ],
        [
          3,
          2,
          0,
          2
        ],
        [
          2,
          1,
          0,
          1
        ]
      ],
      "essay_scoreT_exp": [
        [
          2,
          2,
          2
        ],
        [
          3,
          3,
          2
        ],
        [
          2,
          2,
          2
        ]
      ]
    }
  },
  "student": {
    "date": "2021.09.13",
    "student_educated": true,
    "student_grade": "고등_1학년",
    "location": "063",
    "student_grade_group": "고등",
    "student_reading": 1
  },
  "rubric": {
    "essay_grade": "고등_1학년",
    "organization_weight": {
      "org_paragraph": 2,
      "org": 2,
      "org_essay": 4,
      "org_coherence": 2,
      "org_quantity": 1
    },
    "essay_type": "설명글",
    "content_weight": {
      "con_clearance": 4,
      "con_novelty": 3,
      "con": 4,
      "con_prompt": 0,
      "con_description": 1
    },
    "essay_main_subject": "영화/독서감상문",
    "expression_weight": {
      "exp_style": 1,
      "exp_grammar": 2,
      "exp_vocab": 3,
      "exp": 4
    }
  },
  "correction": [],
  "info": {
    "essay_id": "ESSAY_34322",
    "essay_prompt": " 영화에는 로맨스, 액션, 스릴러 등 정말 많은 장르가 있습니다. 사람마다 좋아하는 장르가 있고 절대 보지 않는 장르도 있습니다.\r\n\r\n 독서도 마찬가지입니다. 소설, 수필, 시, 만화, 위인전 등 여러가지 장르가 있습니다.\r\n\r\n 여러분은 어떤 장르를 좋아하나요? 그리고 해당 장르에서 가장 재미있게 봤던 영화나 책은 무엇인가요?\r\n\r\n 자신이 봤던 영화 혹은 책을 한 편 선정하여 주제와 내용 그리고 느낀점을 감상문으로 작성해주세요.",
    "essay_type": "설명글",
    "essay_level": "3",
    "essay_len": 431,
    "essay_main_subject": "영화/독서감상문"
  }
}