{
  "paragraph": [
    {
      "paragraph_txt": "시작은 결혼식이 끝나고 한 남자와 신부의 오빠가 방에 와서 피로연 시작전에 숨을 고르고있다.#@문장구분# 주인공 trysdale은 아무리 생각해도 뭐가 잘못되서 이 지경이 된건지 생각해봐도 모른다. #@문장구분#그녀가 스페인말을 잘한다고 칭찬을 해서 어디서 들은 스페인 명언을 외워서 우 짜다 한번 말하는데 과장이 너무 심했다.#@문장구분#청혼을 했지만 답장을 낼 해주겟다고 하고 trydale은 집으로 돌아온다.#@문장구분# 다음날 집에 초록의 선 인장 화분이 하나 와있고 청혼에 대한 답변의 쪽지는 보이지 않았다.#@문장구분# 의아한 주인공은 혼란해하고 며칠뒤 사교모임에서 다시 봤을떈 아리송한 주인공표정에 그녀또한 차가운 표정을 짓고 헤어진다.#@문장구분# 지금 그녀는 다른 남자와 결혼해버리고 신부의 오빠에게서 그 선인장 이 의미를 알게 되었다.#@문장구분# 그 선인장의 의미는 come and see 청혼의 의미였고 남자는 스페인어를 아는척한것을 매우 후회하며 이야기 가 끝난다.#@문장구분#",
      "paragraph_len": 608,
      "paragraph_id": "001"
    }
  ],
  "score": {
    "paragraph_score": [
      {
        "paragraph_scoreT": [
          1.3333334,
          2,
          2
        ],
        "paragraph_scoreT_detail": {
          "paragraph_scoreT_exp": [
            [
              2,
              1,
              1
            ],
            [
              2,
              2,
              2
            ],
            [
              2,
              2,
              2
            ]
          ]
        },
        "paragraph_scoreT_avg": 1.7777778,
        "paragraph_id": "001"
      }
    ],
    "essay_scoreT": [
      12.666667,
      20,
      21.38889
    ],
    "essay_scoreT_avg": 18.018518,
    "essay_scoreT_detail": {
      "essay_scoreT_org": [
        [
          2,
          2,
          1,
          1
        ],
        [
          2,
          2,
          2,
          2
        ],
        [
          3,
          2,
          2,
          2
        ]
      ],
      "essay_scoreT_cont": [
        [
          1,
          1,
          0,
          1
        ],
        [
          2,
          2,
          0,
          2
        ],
        [
          2,
          2,
          0,
          3
        ]
      ],
      "essay_scoreT_exp": [
        [
          2,
          1,
          1
        ],
        [
          2,
          2,
          2
        ],
        [
          2,
          2,
          2
        ]
      ]
    }
  },
  "student": {
    "date": "2021.09.07",
    "student_educated": true,
    "student_grade": "고등_1학년",
    "location": "063",
    "student_grade_group": "고등",
    "student_reading": 1
  },
  "rubric": {
    "essay_grade": "고등_1학년",
    "organization_weight": {
      "org_paragraph": 2,
      "org": 2,
      "org_essay": 4,
      "org_coherence": 2,
      "org_quantity": 1
    },
    "essay_type": "설명글",
    "content_weight": {
      "con_clearance": 4,
      "con_novelty": 3,
      "con": 4,
      "con_prompt": 0,
      "con_description": 1
    },
    "essay_main_subject": "영화/독서감상문",
    "expression_weight": {
      "exp_style": 1,
      "exp_grammar": 2,
      "exp_vocab": 3,
      "exp": 4
    }
  },
  "correction": [],
  "info": {
    "essay_id": "ESSAY_34495",
    "essay_prompt": " 영화에는 로맨스, 액션, 스릴러 등 정말 많은 장르가 있습니다. 사람마다 좋아하는 장르가 있고 절대 보지 않는 장르도 있습니다.\r\n\r\n 독서도 마찬가지입니다. 소설, 수필, 시, 만화, 위인전 등 여러가지 장르가 있습니다.\r\n\r\n 여러분은 어떤 장르를 좋아하나요? 그리고 해당 장르에서 가장 재미있게 봤던 영화나 책은 무엇인가요?\r\n\r\n 자신이 봤던 영화 혹은 책을 한 편 선정하여 주제와 내용 그리고 느낀점을 감상문으로 작성해주세요.",
    "essay_type": "설명글",
    "essay_level": "3",
    "essay_len": 448,
    "essay_main_subject": "영화/독서감상문"
  }
}