{
  "paragraph": [
    {
      "paragraph_txt": "이 책은 한 남자의 지나간 과거에 대한 후회를 담은 책이다. #@문장구분#이 책은 수업시간에 활동을 한 책으로 수업시간에 수업을 듣고 이 책의 내 용이 흥미로워서 계속 기억을 하고 싶어서  독서기록을 쓰게 되었다.#@문장구분# 이 책의 내용은 어떤남자가 여자에게 자신은 스페인어를 할줄 안 다고 거짓말을 하였고 남자가 고백을 했을 때 여자는 스페인어로 편지를 써 답장을 보냈다.#@문장구분#\n하지만 남자는 여자가 답장을 하지 않았다고 생각을 해 서로 헤어지게 된다.#@문장구분# 만약 내가 여기 남자 주인공이었다면 그저 여자에게 잘보 이고 싶어서 거짓말을 하기 보다는  자신이 스페인어를 못 한다고,  내가 스페인어를 할 줄안다는 사실은 과장된 것이라고 밝힐 것이 다.#@문장구분# 왜냐하면 내가 스페인어를 할 줄 안다고 했다면 그 순간에는 여자에게 잘 보일 수 있을 것이다.#@문장구분#하지만 언젠간 그 거짓말은 밝혀질 것이고 그 때 여자가 느끼는 배신감은 더욱 클 것이다.#@문장구분# 심지어는 이 책의 주인공처럼 헤어지게 될것이다.#@문장구분#\n내가 생각한 것처럼 펑소에도그 잠시에 다른 사람에게 잘 보이고 싶어서 거짓말을 하기 보다는 있는 사실을 그대로 밝혀 더욱 신뢰를 다질것이다.#@문장구분#",
      "paragraph_len": 734,
      "paragraph_id": "001"
    }
  ],
  "score": {
    "paragraph_score": [
      {
        "paragraph_scoreT": [
          2.1666667,
          1.8333334,
          2
        ],
        "paragraph_scoreT_detail": {
          "paragraph_scoreT_exp": [
            [
              2,
              2,
              3
            ],
            [
              2,
              2,
              1
            ],
            [
              2,
              2,
              2
            ]
          ]
        },
        "paragraph_scoreT_avg": 2,
        "paragraph_id": "001"
      }
    ],
    "essay_scoreT": [
      18.944445,
      19.333334,
      21.277779
    ],
    "essay_scoreT_avg": 19.851852,
    "essay_scoreT_detail": {
      "essay_scoreT_org": [
        [
          2,
          2,
          2,
          1
        ],
        [
          2,
          2,
          2,
          2
        ],
        [
          2,
          2,
          2,
          1
        ]
      ],
      "essay_scoreT_cont": [
        [
          2,
          1,
          0,
          2
        ],
        [
          2,
          2,
          0,
          2
        ],
        [
          3,
          2,
          0,
          1
        ]
      ],
      "essay_scoreT_exp": [
        [
          2,
          2,
          3
        ],
        [
          2,
          2,
          1
        ],
        [
          2,
          2,
          2
        ]
      ]
    }
  },
  "student": {
    "date": "2021.09.07",
    "student_educated": true,
    "student_grade": "고등_1학년",
    "location": "063",
    "student_grade_group": "고등",
    "student_reading": 1
  },
  "rubric": {
    "essay_grade": "고등_1학년",
    "organization_weight": {
      "org_paragraph": 2,
      "org": 2,
      "org_essay": 4,
      "org_coherence": 2,
      "org_quantity": 1
    },
    "essay_type": "설명글",
    "content_weight": {
      "con_clearance": 4,
      "con_novelty": 3,
      "con": 4,
      "con_prompt": 0,
      "con_description": 1
    },
    "essay_main_subject": "영화/독서감상문",
    "expression_weight": {
      "exp_style": 1,
      "exp_grammar": 2,
      "exp_vocab": 3,
      "exp": 4
    }
  },
  "correction": [],
  "info": {
    "essay_id": "ESSAY_34559",
    "essay_prompt": " 영화에는 로맨스, 액션, 스릴러 등 정말 많은 장르가 있습니다. 사람마다 좋아하는 장르가 있고 절대 보지 않는 장르도 있습니다.\r\n\r\n 독서도 마찬가지입니다. 소설, 수필, 시, 만화, 위인전 등 여러가지 장르가 있습니다.\r\n\r\n 여러분은 어떤 장르를 좋아하나요? 그리고 해당 장르에서 가장 재미있게 봤던 영화나 책은 무엇인가요?\r\n\r\n 자신이 봤던 영화 혹은 책을 한 편 선정하여 주제와 내용 그리고 느낀점을 감상문으로 작성해주세요.",
    "essay_type": "설명글",
    "essay_level": "3",
    "essay_len": 555,
    "essay_main_subject": "영화/독서감상문"
  }
}