{
  "paragraph": [
    {
      "paragraph_txt": "\"우리는 이렇게 서로 전염하면서 인간임을 계속 유지하고 있다고 생각한다.\"#@문장구분# \"모든 사람 속에 있는 '보통 인간'이라는 가공의 생물을 연기하는 거 에요.#@문장구분# 저 편의점에서 모두 '점원'이라는 가공의 생물을 연기하고 있는 것과 마찬가지죠\"#@문장구분#\n이 이야기의 주인공 후루쿠라가 한 말들이다. #@문장구분#후루쿠라 만큼은 아니지만, 우리는 누구나 보통 인간을 연기하는 사람들이다.#@문장구분# 나와 성격이 다른 이들에게 맞춰주고, 하기 싫은 것임에도 해야하며, 웃을 수 없는 일에도 웃어야만 하곤 한다. #@문장구분#그게 '보통' 이기 때문이다. #@문장구분#이 책은 우리에게 과연 '보통', '평범함'은 무엇이며 우리는 어떻게 보통의 사회를 살아가야 하는 것인지를 제시해 준다.#@문장구분#\n후루쿠라는 다른 이들과는 다른 종류의, '인간'이라고 부를 수 있는 가에 대해 고민해 볼 정도의 공감능력이 결여된 상태의 인간이었다. #@문장구분#그렇게 후루쿠라는 어려서부터 공감을 위한 노력 대신 '보통 인간'으로 연기하는 것을 택한다.#@문장구분# 후루쿠라는 '보통 인간'들의 사회 속에서 어디에도 포함되지 못했으나 편의점 아르바이트생이 되며 어느 정도 자리를 잡게 된다. #@문장구분#그녀가 일하는 '편의점'이라는 공간은 매뉴얼화 되어 있었으며 '보통 인간'으로서의 그녀보다는 '점원'으로서의 그녀를 더욱 바라는 곳이었다.#@문장구분# 후루쿠라는 그 누구보다 편의점의 점원으로 잘 녹아들었다.#@문장구분# 매뉴얼에 따라 행동하고 필요할 때에 한해 보통 인간을 연기한 그녀는 마음의 평안을 얻었으며 편의점에서 일을 하며 수많은 점장들, 점원들, 시라하를 만나며 결국엔 보통의 인간이 아닌 '편의점 인간'인 그녀의 진정한 정체성을 찾게 되며 이야기는 마무리된다.#@문장구분#",
      "paragraph_len": 1072,
      "paragraph_id": "001"
    },
    {
      "paragraph_txt": " 우리 사회에는 '보통 인간' 으로서의 매뉴얼이 존재한다.#@문장구분# 10대의 인간에게, 20대의 인간에게, 30대 40대 그리고 죽음에도 사회적인 매뉴얼은 존재한다.#@문장구분# 그러나 우리는 영원히 이 매뉴얼대로만 살 수는 없기에, 자신의 매뉴얼을 형성해 나가고 이것이 비판 받기도, 예찬 받기도 하며 개인의 인생의 성실이 판단되는 것이다.#@문장구분# 후루쿠라 또한 이와 비슷한 경우이다. #@문장구분#그녀는 그녀 나름대로의 인생의 매뉴얼을 찾아냈고, 그것이 '편의점 인간'으로서 살아간다는 그녀의 인생의 의미가 된 것이다.#@문장구분# 그녀 또한 사회의 시선으로부터 자유로울 수 없었다.#@문장구분# 가정을 꾸리고 자녀를 낳으며 보통 인간들 기준의 '행복'을 누리며 살지 않는 그녀를 사회는 보통인간과 다르다고 생각했다.#@문장구분# 그럼에도 그녀는 이야기의 마지막에서 편의점 점원으로서 살아가는 것을 선택한다.#@문장구분# 남들이 말하는 보통인간이 되어 갖는 행복보다, 편의점에서 일을 하며 진정한 자신으로 살아가는 것을 택한 것이다.#@문장구분#",
      "paragraph_len": 653,
      "paragraph_id": "002"
    },
    {
      "paragraph_txt": " 후루쿠라의 삶의 방식에 많은 사람들이 수근덕대도 그녀에게는 그녀만의 삶이 존재했고 그녀의 선택은 그녀만의 삶을 사는 것이었다.#@문장구분# 서론에 말했듯이 우리 사회에는 분명히 보통인간으로 살아가는 것에 대한 매뉴얼이 존재한다.#@문장구분# 그러나 우리는 이 매뉴얼을 억지로 따르려 하기보다는 자신만의 매뉴얼을 만들어가고 자신의 인생을 스스로의 매뉴얼대로 구성하는 것이 더욱 중요하다.#@문장구분# 남들과 다르다고 해서 틀린 것이 아니다.#@문장구분# 그 방법이 사회적으로 인정받든, 인정받지 못하든 나의 삶은 그 자체로 인정받아야 한다.#@문장구분#",
      "paragraph_len": 374,
      "paragraph_id": "003"
    }
  ],
  "score": {
    "paragraph_score": [
      {
        "paragraph_scoreT": [
          3,
          2.8333333,
          2.8333333
        ],
        "paragraph_scoreT_detail": {
          "paragraph_scoreT_exp": [
            [
              3,
              3,
              3
            ],
            [
              3,
              3,
              2
            ],
            [
              3,
              3,
              2
            ]
          ]
        },
        "paragraph_scoreT_avg": 2.8888886,
        "paragraph_id": "001"
      },
      {
        "paragraph_scoreT": [
          3,
          2.8333333,
          2.8333333
        ],
        "paragraph_scoreT_detail": {
          "paragraph_scoreT_exp": [
            [
              3,
              3,
              3
            ],
            [
              3,
              3,
              2
            ],
            [
              3,
              3,
              2
            ]
          ]
        },
        "paragraph_scoreT_avg": 2.8888886,
        "paragraph_id": "002"
      },
      {
        "paragraph_scoreT": [
          3,
          2.8333333,
          2.8333333
        ],
        "paragraph_scoreT_detail": {
          "paragraph_scoreT_exp": [
            [
              3,
              3,
              3
            ],
            [
              3,
              3,
              2
            ],
            [
              3,
              3,
              2
            ]
          ]
        },
        "paragraph_scoreT_avg": 2.8888886,
        "paragraph_id": "003"
      }
    ],
    "essay_scoreT": [
      30,
      27.38889,
      27.833332
    ],
    "essay_scoreT_avg": 28.407408,
    "essay_scoreT_detail": {
      "essay_scoreT_org": [
        [
          3,
          3,
          3,
          3
        ],
        [
          3,
          2,
          3,
          3
        ],
        [
          3,
          3,
          3,
          3
        ]
      ],
      "essay_scoreT_cont": [
        [
          3,
          3,
          0,
          3
        ],
        [
          3,
          2,
          0,
          3
        ],
        [
          3,
          2,
          0,
          3
        ]
      ],
      "essay_scoreT_exp": [
        [
          3,
          3,
          3
        ],
        [
          3,
          3,
          2
        ],
        [
          3,
          3,
          2
        ]
      ]
    }
  },
  "student": {
    "date": "2021.09.07",
    "student_educated": true,
    "student_grade": "고등_1학년",
    "location": "051",
    "student_grade_group": "고등",
    "student_reading": 1
  },
  "rubric": {
    "essay_grade": "고등_1학년",
    "organization_weight": {
      "org_paragraph": 2,
      "org": 2,
      "org_essay": 4,
      "org_coherence": 2,
      "org_quantity": 1
    },
    "essay_type": "설명글",
    "content_weight": {
      "con_clearance": 4,
      "con_novelty": 3,
      "con": 4,
      "con_prompt": 0,
      "con_description": 1
    },
    "essay_main_subject": "영화/독서감상문",
    "expression_weight": {
      "exp_style": 1,
      "exp_grammar": 2,
      "exp_vocab": 3,
      "exp": 4
    }
  },
  "correction": [],
  "info": {
    "essay_id": "ESSAY_34089",
    "essay_prompt": " 영화에는 로맨스, 액션, 스릴러 등 정말 많은 장르가 있습니다. 사람마다 좋아하는 장르가 있고 절대 보지 않는 장르도 있습니다.\r\n\r\n 독서도 마찬가지입니다. 소설, 수필, 시, 만화, 위인전 등 여러가지 장르가 있습니다.\r\n\r\n 여러분은 어떤 장르를 좋아하나요? 그리고 해당 장르에서 가장 재미있게 봤던 영화나 책은 무엇인가요?\r\n\r\n 자신이 봤던 영화 혹은 책을 한 편 선정하여 주제와 내용 그리고 느낀점을 감상문으로 작성해주세요.",
    "essay_type": "설명글",
    "essay_level": "3",
    "essay_len": 1545,
    "essay_main_subject": "영화/독서감상문"
  }
}