{
  "paragraph": [
    {
      "paragraph_txt": "서점을 다니면서 책을 구매하여 읽는 것을 좋아해 책을 둘려보던 중 용의자 X의 현신이라는 책을 발견하게 되었다.#@문장구분# 책의 이름이 독특하여 구매하게 되었다.#@문장구분# 책의 줄거리는 주인공이 한 여자를 좋아하게 되었는데 어떠한 사건으로 인해 그 여자가 살인을 저지를게 되 주인공이 여자가 체포 된지 않도록 철벽의 알리바이를 구상해 완전 범죄를 꾀하는 내용이다.#@문장구분# 특히 주인공은 수학교사로 일하고 있으며 매우 계획적인 사람이라 경찰과의 심리전이 나오는 장면이 매우 흥미롭고 재미있었다.#@문장구분# 이 책을 읽기 전에는 추리소설을 많이 읽지는 않았지만 이 책을 읽고 난후에는 추리소설에 재미가 붙어 추리소설을 읽기위해 서점에서 많은 책을 구매했다.#@문장구분# 나는 이 책으로 인해 새로운 독서 카테고리를 개척해서 매우 기분이 좋았고 이 책 덕분에 많은 책을 읽은 것 같다.#@문장구분#",
      "paragraph_len": 528,
      "paragraph_id": "001"
    }
  ],
  "score": {
    "paragraph_score": [
      {
        "paragraph_scoreT": [
          2.8333333,
          1.8333334,
          1.8333334
        ],
        "paragraph_scoreT_detail": {
          "paragraph_scoreT_exp": [
            [
              3,
              3,
              2
            ],
            [
              2,
              2,
              1
            ],
            [
              2,
              2,
              1
            ]
          ]
        },
        "paragraph_scoreT_avg": 2.1666667,
        "paragraph_id": "001"
      }
    ],
    "essay_scoreT": [
      25.555555,
      19.333334,
      17.277779
    ],
    "essay_scoreT_avg": 20.722223,
    "essay_scoreT_detail": {
      "essay_scoreT_org": [
        [
          2,
          2,
          3,
          1
        ],
        [
          2,
          2,
          2,
          2
        ],
        [
          1,
          1,
          2,
          1
        ]
      ],
      "essay_scoreT_cont": [
        [
          3,
          2,
          0,
          2
        ],
        [
          2,
          2,
          0,
          2
        ],
        [
          2,
          2,
          0,
          1
        ]
      ],
      "essay_scoreT_exp": [
        [
          3,
          3,
          2
        ],
        [
          2,
          2,
          1
        ],
        [
          2,
          2,
          1
        ]
      ]
    }
  },
  "student": {
    "date": "2021.09.10",
    "student_educated": true,
    "student_grade": "고등_1학년",
    "location": "063",
    "student_grade_group": "고등",
    "student_reading": 1
  },
  "rubric": {
    "essay_grade": "고등_1학년",
    "organization_weight": {
      "org_paragraph": 2,
      "org": 2,
      "org_essay": 4,
      "org_coherence": 2,
      "org_quantity": 1
    },
    "essay_type": "설명글",
    "content_weight": {
      "con_clearance": 4,
      "con_novelty": 3,
      "con": 4,
      "con_prompt": 0,
      "con_description": 1
    },
    "essay_main_subject": "영화/독서감상문",
    "expression_weight": {
      "exp_style": 1,
      "exp_grammar": 2,
      "exp_vocab": 3,
      "exp": 4
    }
  },
  "correction": [],
  "info": {
    "essay_id": "ESSAY_34594",
    "essay_prompt": " 영화에는 로맨스, 액션, 스릴러 등 정말 많은 장르가 있습니다. 사람마다 좋아하는 장르가 있고 절대 보지 않는 장르도 있습니다.\r\n\r\n 독서도 마찬가지입니다. 소설, 수필, 시, 만화, 위인전 등 여러가지 장르가 있습니다.\r\n\r\n 여러분은 어떤 장르를 좋아하나요? 그리고 해당 장르에서 가장 재미있게 봤던 영화나 책은 무엇인가요?\r\n\r\n 자신이 봤던 영화 혹은 책을 한 편 선정하여 주제와 내용 그리고 느낀점을 감상문으로 작성해주세요.",
    "essay_type": "설명글",
    "essay_level": "3",
    "essay_len": 409,
    "essay_main_subject": "영화/독서감상문"
  }
}