{
  "paragraph": [
    {
      "paragraph_txt": "이책은 영어수업시간중 영어독서시간에 읽게된 책이다.#@문장구분# \n이책은 운동과 관련한 내용이고 스포츠할때 유의해야할 점을 상기시켜주고 아주 쉽게 이해할수있도록 구성되어있다.#@문장구분# \n첫번째로 알맞는 도구를 사용해라.#@문장구분#\n옛날에는 하키경기를 할때 보호장구 없이 경기를 했지만 그로인해 많은사람이 심각하게 다쳤다. #@문장구분#\n그래서 현재의 하키경기는 많은 보호구를 착용하고 경기에 임하고 있다.#@문장구분#\n보호구로 인해 많은 부상을 줄일수있었고 하키뿐만 아니라 많은 스포츠에도 대부분 헬멧을 하도록한다.#@문장구분# 과학자들은 새로운 장비를 개발하고 꾸준히 부상을 줄일려고 노력한다.#@문장구분#\n두번째 생각하고 움직여라.#@문장구분#\n운동은 재밌다.#@문장구분# 동시에 위험하다.#@문장구분# 예를들어 트램펄린에서 뛰는건 재밌지만 다치기도 쉽다.#@문장구분# 이런 일을 방지하려면 안전하게 규칙을 지키는것이중요하다.#@문장구분#\n이책은 이와 더불어 많은 내용이 있지만 책을 읽어보는것을 추천한다.#@문장구분# \n많은사람들이 운동을 하려하지만 부족한 지식으로 운동을 접하면 다칠것이 분명하다.#@문장구분# 이책을 읽지않더라도 꼭 운동을 할땐 주의해서 하는것이 중요하다.#@문장구분#",
      "paragraph_len": 810,
      "paragraph_id": "001"
    }
  ],
  "score": {
    "paragraph_score": [
      {
        "paragraph_scoreT": [
          2.6666667,
          1.8333334,
          1
        ],
        "paragraph_scoreT_detail": {
          "paragraph_scoreT_exp": [
            [
              2,
              3,
              3
            ],
            [
              2,
              2,
              1
            ],
            [
              1,
              1,
              1
            ]
          ]
        },
        "paragraph_scoreT_avg": 1.8333334,
        "paragraph_id": "001"
      }
    ],
    "essay_scoreT": [
      26.722221,
      17.833334,
      13.5
    ],
    "essay_scoreT_avg": 19.351852,
    "essay_scoreT_detail": {
      "essay_scoreT_org": [
        [
          3,
          3,
          3,
          1
        ],
        [
          2,
          2,
          2,
          2
        ],
        [
          1,
          1,
          1,
          1
        ]
      ],
      "essay_scoreT_cont": [
        [
          3,
          2,
          0,
          3
        ],
        [
          2,
          1,
          0,
          2
        ],
        [
          2,
          2,
          0,
          1
        ]
      ],
      "essay_scoreT_exp": [
        [
          2,
          3,
          3
        ],
        [
          2,
          2,
          1
        ],
        [
          1,
          1,
          1
        ]
      ]
    }
  },
  "student": {
    "date": "2021.09.10",
    "student_educated": true,
    "student_grade": "고등_1학년",
    "location": "063",
    "student_grade_group": "고등",
    "student_reading": 1
  },
  "rubric": {
    "essay_grade": "고등_1학년",
    "organization_weight": {
      "org_paragraph": 2,
      "org": 2,
      "org_essay": 4,
      "org_coherence": 2,
      "org_quantity": 1
    },
    "essay_type": "설명글",
    "content_weight": {
      "con_clearance": 4,
      "con_novelty": 3,
      "con": 4,
      "con_prompt": 0,
      "con_description": 1
    },
    "essay_main_subject": "영화/독서감상문",
    "expression_weight": {
      "exp_style": 1,
      "exp_grammar": 2,
      "exp_vocab": 3,
      "exp": 4
    }
  },
  "correction": [],
  "info": {
    "essay_id": "ESSAY_34620",
    "essay_prompt": " 영화에는 로맨스, 액션, 스릴러 등 정말 많은 장르가 있습니다. 사람마다 좋아하는 장르가 있고 절대 보지 않는 장르도 있습니다.\r\n\r\n 독서도 마찬가지입니다. 소설, 수필, 시, 만화, 위인전 등 여러가지 장르가 있습니다.\r\n\r\n 여러분은 어떤 장르를 좋아하나요? 그리고 해당 장르에서 가장 재미있게 봤던 영화나 책은 무엇인가요?\r\n\r\n 자신이 봤던 영화 혹은 책을 한 편 선정하여 주제와 내용 그리고 느낀점을 감상문으로 작성해주세요.",
    "essay_type": "설명글",
    "essay_level": "3",
    "essay_len": 511,
    "essay_main_subject": "영화/독서감상문"
  }
}