{
  "paragraph": [
    {
      "paragraph_txt": "학교 공동구매를 통해 원서 잡아먹는 영작문이라는 책을 선택해 읽게 되었다.#@문장구분# 나의 진로를 위해 도움이 될 거 같은 생각이 들어서 선택을 하였는데 선택하기 잘했던것 같다.#@문장구분# 이 책에는 영어 영작을 할 때 도움이 되는 어드바이스들이 주로 적혀 있다.#@문장구분# 영작을 할 때 주의해야하는점, 어떻게 쓰면 더 깔끔한 문장이 되는지 등에 대한 내용들이었다.#@문장구분# 처음 책을 딱 봤을때부터 도움이 굉장히 많이 되겠구나라는 생각이 들었다.#@문장구분# 책을 읽고 다음부터 영작을 할 일이 생긴다면 이 책에 있던 내용들을 바탕으로 좀 더 완벽한 영어 문장을 만들 수있도록 해 봐야겠다는 다짐을 하게 되었다. #@문장구분#그리고 계속해서 영작을 해 봄으로써 내 꿈인 통번역사가 되어서도 영어를 좀 더 능숙하게잘 할 수 있다면 좋겠다.#@문장구분# 이 책을 영작에 자신이 없거나 영작이 약한 친구들에게도 추천을 해 주고 싶다.#@문장구분#",
      "paragraph_len": 581,
      "paragraph_id": "001"
    }
  ],
  "score": {
    "paragraph_score": [
      {
        "paragraph_scoreT": [
          2.3333333,
          1.8333334,
          1.8333334
        ],
        "paragraph_scoreT_detail": {
          "paragraph_scoreT_exp": [
            [
              3,
              2,
              2
            ],
            [
              2,
              2,
              1
            ],
            [
              2,
              2,
              1
            ]
          ]
        },
        "paragraph_scoreT_avg": 2,
        "paragraph_id": "001"
      }
    ],
    "essay_scoreT": [
      17.777779,
      17.38889,
      16.833334
    ],
    "essay_scoreT_avg": 17.333334,
    "essay_scoreT_detail": {
      "essay_scoreT_org": [
        [
          1,
          2,
          1,
          1
        ],
        [
          2,
          1,
          2,
          2
        ],
        [
          1,
          1,
          1,
          1
        ]
      ],
      "essay_scoreT_cont": [
        [
          2,
          1,
          0,
          1
        ],
        [
          2,
          1,
          0,
          2
        ],
        [
          2,
          2,
          0,
          1
        ]
      ],
      "essay_scoreT_exp": [
        [
          3,
          2,
          2
        ],
        [
          2,
          2,
          1
        ],
        [
          2,
          2,
          1
        ]
      ]
    }
  },
  "student": {
    "date": "2021.09.13",
    "student_educated": true,
    "student_grade": "고등_1학년",
    "location": "063",
    "student_grade_group": "고등",
    "student_reading": 1
  },
  "rubric": {
    "essay_grade": "고등_1학년",
    "organization_weight": {
      "org_paragraph": 2,
      "org": 2,
      "org_essay": 4,
      "org_coherence": 2,
      "org_quantity": 1
    },
    "essay_type": "설명글",
    "content_weight": {
      "con_clearance": 4,
      "con_novelty": 3,
      "con": 4,
      "con_prompt": 0,
      "con_description": 1
    },
    "essay_main_subject": "영화/독서감상문",
    "expression_weight": {
      "exp_style": 1,
      "exp_grammar": 2,
      "exp_vocab": 3,
      "exp": 4
    }
  },
  "correction": [],
  "info": {
    "essay_id": "ESSAY_34581",
    "essay_prompt": " 영화에는 로맨스, 액션, 스릴러 등 정말 많은 장르가 있습니다. 사람마다 좋아하는 장르가 있고 절대 보지 않는 장르도 있습니다.\r\n\r\n 독서도 마찬가지입니다. 소설, 수필, 시, 만화, 위인전 등 여러가지 장르가 있습니다.\r\n\r\n 여러분은 어떤 장르를 좋아하나요? 그리고 해당 장르에서 가장 재미있게 봤던 영화나 책은 무엇인가요?\r\n\r\n 자신이 봤던 영화 혹은 책을 한 편 선정하여 주제와 내용 그리고 느낀점을 감상문으로 작성해주세요.",
    "essay_type": "설명글",
    "essay_level": "3",
    "essay_len": 422,
    "essay_main_subject": "영화/독서감상문"
  }
}