{
  "paragraph": [
    {
      "paragraph_txt": "이 영화는 우리들이 좋아하는 햄버거를 파는 대표적인 회사 맥도날드의 일대기를 다룬 영화이다.#@문장구분# 이 맥도날드를 만든 사람은 맥과딕이라는 두 형제이다#@문장구분# 맥도날드를 만든 시기 미국은 중간에 운전을 하다 배가 고프면 가게를 찾고 차를 세워 식당 내부로 들어가 식사를 할 수있는 방식이 아닌 차를 대고 직접 주문을 해 기다린 후 먹어야하는 식당 시스템을 지니고 있었다.#@문장구분# 물론 이렇게 글로 써서 보면 전혀 문제가 없어보이는 시스템이였다#@문장구분# 그러나 이 시스템에는 큰 문제가 있었는데 바로 그것은 기다리는 시간이 최소 30분정도가 걸린다는 것 이였다.#@문장구분# 이는 급한 사람이 이용을 한다는 문제와 또 급하지 않더라도 사람들이 몰리게되면 일이 완전히 막혀버린다는 문제점이 있다.#@문장구분# 이를 해결하기 위해 맥과딕은 이런 문제를 해결하기위해 자신들만의 주방시스템을 만들어 시간문제를 해결하게 되었다.#@문장구분# 어느 날 방문판매업자였던 레이크록이 이를 보고 이 시스템을 이용해 여러 가게를 만들어 맥도날드를 프랜차이즈로 만들자고 제안하였다.#@문장구분# 그러나 처음에 두 형제는 가게의 퀄리티를 위해 포기했다고 대답했고 레이는 그 문제는 자신이 해결 해주겠다고 하고 두 형제와 레이는 서로 협력하게된다#@문장구분# 그런데 수많은 사업 실패를 겪은 레이는 돈이 없었고 집을 담보로 하면서까지 대출을 해 맥도날드를 프랜차이즈화 하려고 한다.#@문장구분# 결국 다른 곳에 맥도날드 가게를 세우고 성공을 이루게 된다.#@문장구분# 그러나 시간이 지날 수록 레이는 더 많은 곳에 가게들을 세우려고 한다.#@문장구분# 그러나 두 형제는 반대를 하게 된다#@문장구분# 하지만 레이는 돈이 없었고 결국 계속해서 반대하는 두 형제를 배제하고 사업을 하기 위해 부동산 업자를 찾아가 해결 방법을 찾아 그 방법을 이용해 맥도날드 회사를 넓히려고 한다.#@문장구분# 결국 이에 충격을 받은 딕은 쓰러지고 이때 레이는 병실로 찾아와 맥도날드와 돈 둘중하나를 선택하라고 한다#@문장구분# 결국 두 형제는 돈을 선택하고 맥도날드 회사는 레이의 것이 되고 전세계로 프랜차이즈화 되어서 우리가 아는 맥도날드가 되었다.#@문장구분#\n 나는 이 영화를 보니 우리는 회사가 무엇인지 생각해볼 필요가 있는 것 같다.#@문장구분# 분명히 가게 맥도날드를 만든 것은 맥과 딕 이다.#@문장구분# 그러나 회사 맥도날드를 만든 것은 레이라고 할 수 있다.#@문장구분# 그러면 맥도날드는 도대체 누구의 것일까?#@문장구분# 나는 레이의 것이라고 생각 한다.#@문장구분# 그 이유는 물론 창시자 초기에 가게를 만든사람은 형제이다.#@문장구분# 그러나 회사로서 일으켜 세운 사람은 바로 레이이다#@문장구분# 물론 레이의 방식을 좋아하지는 않는다.#@문장구분# 만든 사람을 배제하면서 까지 사업을 이끄는 것은 선을 넘었다고 생각하기 때문이다.#@문장구분# 그러나 만약 맥도날드가 프랜차이즈화가 되지 않았다면 많은 사람들이 앞에 말한 시간 문제를 극복하지 못하고 계속해서 힘들어 했을 것이다#@문장구분# 맥도날드를 프랜차이즈화 시키고 전 세계로 넓힌 덕분에 많은 고객들이 행복해했을 것이다 .#@문장구분#나에게는 맥,딕 형제가 맥도날드를 사랑하는 것으로 보이기도 하지만 만약 내가 사업을 하는 입장이라면 더 많은 고객들의 행복을 위해 레이처럼 더 훨씬 넓은 곳까지 넓혀 가게를 차리는 것이 더 맞는 행동이라고 생각할 것이다.#@문장구분# 그래서 나는 레이의 행동을 반대하지 않는다#@문장구분# 과연 다른 사람들은 어떻게 생각 할까?#@문장구분# 나의 의견에 동의 할까 혹은 반대 할까?#@문장구분#",
      "paragraph_len": 2185,
      "paragraph_id": "001"
    }
  ],
  "score": {
    "paragraph_score": [
      {
        "paragraph_scoreT": [
          2.8333333,
          3,
          2.5
        ],
        "paragraph_scoreT_detail": {
          "paragraph_scoreT_exp": [
            [
              3,
              3,
              2
            ],
            [
              3,
              3,
              3
            ],
            [
              2,
              3,
              2
            ]
          ]
        },
        "paragraph_scoreT_avg": 2.7777777,
        "paragraph_id": "001"
      }
    ],
    "essay_scoreT": [
      27.833332,
      28.277779,
      24.222221
    ],
    "essay_scoreT_avg": 26.777777,
    "essay_scoreT_detail": {
      "essay_scoreT_org": [
        [
          3,
          3,
          3,
          3
        ],
        [
          3,
          3,
          3,
          2
        ],
        [
          2,
          2,
          2,
          3
        ]
      ],
      "essay_scoreT_cont": [
        [
          3,
          2,
          0,
          3
        ],
        [
          3,
          2,
          0,
          3
        ],
        [
          2,
          3,
          0,
          3
        ]
      ],
      "essay_scoreT_exp": [
        [
          3,
          3,
          2
        ],
        [
          3,
          3,
          3
        ],
        [
          2,
          3,
          2
        ]
      ]
    }
  },
  "student": {
    "date": "2021.09.13",
    "student_educated": true,
    "student_grade": "고등_1학년",
    "location": "051",
    "student_grade_group": "고등",
    "student_reading": 2
  },
  "rubric": {
    "essay_grade": "고등_1학년",
    "organization_weight": {
      "org_paragraph": 2,
      "org": 2,
      "org_essay": 4,
      "org_coherence": 2,
      "org_quantity": 1
    },
    "essay_type": "설명글",
    "content_weight": {
      "con_clearance": 4,
      "con_novelty": 3,
      "con": 4,
      "con_prompt": 0,
      "con_description": 1
    },
    "essay_main_subject": "영화/독서감상문",
    "expression_weight": {
      "exp_style": 1,
      "exp_grammar": 2,
      "exp_vocab": 3,
      "exp": 4
    }
  },
  "correction": [],
  "info": {
    "essay_id": "ESSAY_33975",
    "essay_prompt": " 영화에는 로맨스, 액션, 스릴러 등 정말 많은 장르가 있습니다. 사람마다 좋아하는 장르가 있고 절대 보지 않는 장르도 있습니다.\r\n\r\n 독서도 마찬가지입니다. 소설, 수필, 시, 만화, 위인전 등 여러가지 장르가 있습니다.\r\n\r\n 여러분은 어떤 장르를 좋아하나요? 그리고 해당 장르에서 가장 재미있게 봤던 영화나 책은 무엇인가요?\r\n\r\n 자신이 봤던 영화 혹은 책을 한 편 선정하여 주제와 내용 그리고 느낀점을 감상문으로 작성해주세요.",
    "essay_type": "설명글",
    "essay_level": "3",
    "essay_len": 1569,
    "essay_main_subject": "영화/독서감상문"
  }
}