{
  "paragraph": [
    {
      "paragraph_txt": "처음에는 물리시간에 배운 개념과 나의 관심사에 관한 의문에 대한 답을 얻기 위해 이 책을 찾았고, 읽어 보게 되었었다.#@문장구분#\n이후 의문의 답에 대한 다양한 생각과 여러 다양한 의구심을 만들어 내어 물리과목의 심화학습을 할 수 있도록 하였다.#@문장구분#\n이 책은 나의 관심사인 항공기(비행기)에 대한 여러가지 정보들을 과학원리를 중심으로 설명을 해주었다.#@문장구분#\n그 중 가장 기억에 남는 것은 '동력이 있는 비행기에 작용하는 힘'부분이 기억에 남는다.#@문장구분# 왜냐하면, 항공기에 작용하는 힘인 중력, 양력, 항력, 추력을 초등학생이 읽어도 이해가 될 정도의 문장으로 예를 들어가며 설명을 해주었기 때문이다.#@문장구분#\n이 책을 통해 항공기에는 정말 간단한 과학적 원리들이 중요한 부분에 있어서 포함되어 있고, 항공기의 발전 양상을 보며 과학과 공학에 발전에 따라 항공기 또한 다양한 분야에서 개발되고 있다는 것을 알 수 있었다.#@문장구분#",
      "paragraph_len": 559,
      "paragraph_id": "001"
    }
  ],
  "score": {
    "paragraph_score": [
      {
        "paragraph_scoreT": [
          3,
          2.8333333,
          2
        ],
        "paragraph_scoreT_detail": {
          "paragraph_scoreT_exp": [
            [
              3,
              3,
              3
            ],
            [
              3,
              3,
              2
            ],
            [
              2,
              2,
              2
            ]
          ]
        },
        "paragraph_scoreT_avg": 2.611111,
        "paragraph_id": "001"
      }
    ],
    "essay_scoreT": [
      23.277779,
      25.555555,
      17.777779
    ],
    "essay_scoreT_avg": 22.203705,
    "essay_scoreT_detail": {
      "essay_scoreT_org": [
        [
          2,
          2,
          2,
          1
        ],
        [
          2,
          2,
          3,
          1
        ],
        [
          2,
          2,
          2,
          1
        ]
      ],
      "essay_scoreT_cont": [
        [
          2,
          2,
          0,
          1
        ],
        [
          3,
          2,
          0,
          2
        ],
        [
          2,
          1,
          0,
          1
        ]
      ],
      "essay_scoreT_exp": [
        [
          3,
          3,
          3
        ],
        [
          3,
          3,
          2
        ],
        [
          2,
          2,
          2
        ]
      ]
    }
  },
  "student": {
    "date": "2021.09.10",
    "student_educated": true,
    "student_grade": "고등_1학년",
    "location": "063",
    "student_grade_group": "고등",
    "student_reading": 1
  },
  "rubric": {
    "essay_grade": "고등_1학년",
    "organization_weight": {
      "org_paragraph": 2,
      "org": 2,
      "org_essay": 4,
      "org_coherence": 2,
      "org_quantity": 1
    },
    "essay_type": "설명글",
    "content_weight": {
      "con_clearance": 4,
      "con_novelty": 3,
      "con": 4,
      "con_prompt": 0,
      "con_description": 1
    },
    "essay_main_subject": "영화/독서감상문",
    "expression_weight": {
      "exp_style": 1,
      "exp_grammar": 2,
      "exp_vocab": 3,
      "exp": 4
    }
  },
  "correction": [],
  "info": {
    "essay_id": "ESSAY_34297",
    "essay_prompt": " 영화에는 로맨스, 액션, 스릴러 등 정말 많은 장르가 있습니다. 사람마다 좋아하는 장르가 있고 절대 보지 않는 장르도 있습니다.\r\n\r\n 독서도 마찬가지입니다. 소설, 수필, 시, 만화, 위인전 등 여러가지 장르가 있습니다.\r\n\r\n 여러분은 어떤 장르를 좋아하나요? 그리고 해당 장르에서 가장 재미있게 봤던 영화나 책은 무엇인가요?\r\n\r\n 자신이 봤던 영화 혹은 책을 한 편 선정하여 주제와 내용 그리고 느낀점을 감상문으로 작성해주세요.",
    "essay_type": "설명글",
    "essay_level": "3",
    "essay_len": 440,
    "essay_main_subject": "영화/독서감상문"
  }
}