{
  "paragraph": [
    {
      "paragraph_txt": "나는 최근에 울려라!#@문장구분# 유포니엄 이라는 영화를 보았다.#@문장구분# 이 영화는 애니메이션 영화인데 전체적인 스토리는 중학교때 관악부를 하던 주인공 오마에 쿠미코의 관악부는 관악부 콩쿠르에 나가서 금상을 타게 되는데 금상을 타더라도 전국대회에는 출전을 하지 못할수도 있는데 주인공이 다니던 중학교 관악부는 금상을 타게 되었지만 전국대회 출전을 하지 못한다. #@문장구분#주인공은 전국대회에 나갈수 없을거라고 생각을 하지만 코사카 레이나라는 친구는 눈물까지 흘리면서 전국대회에 나가지 못하는것을 분해하였다.#@문장구분# 주인공을 이를 잊지 못하고 고등학교에 진학 하게 되는데 고등학교의 관악부는 빈말로도 잘한다고는 어려운 수준이었지만 고등학교에 가서 처음 사귄 친구의 권유에 관악부에 들어가게 된다. #@문장구분#하지만 관악부에서 코사카 레이나를 만나게 된다. #@문장구분#관악부에 타키 노보루 라는 새로운 고문 선생님이 들어 오게 되면서 관악부의 실력은 점점 좋아지게 되고 주인공도 레이나와의 거리를 조금씩 좁혀 나가고 주인공도 악기연주를 더 잘하게 되고 싶어하고 전국대회에 출전하고 싶어하게 된다.#@문장구분# 고등학교의 관악부는 콩쿠르에 나가게 되고 결국엔 금상을 받으며 전국대회에도 출전하게 되는게 전체적인 스토리 이다. #@문장구분#나는 이 영화를 보면서 나도 초등학교 다닐때 타악기로 오케스트라도 했던때가 생각나고 특히 6학년때 배웠던 금관악기 중에서도 클라리넷을 배웠던 기억이 새록새록 났다.#@문장구분# 영화에서 주인공과 관악부 부원들이 악기를 연주하며 연습하는 장면에서는  오케스트라를 할때 공연을 하러 다니면서 타악기를 연주하며 연습하던때가 기억이 났다.#@문장구분# 과거에 악기를 다뤘다면 나는 이영화를 추천하고 싶다.#@문장구분# 특히 금관악기를 배웠던 사람들한테 이 영화를 추천하고 싶다.#@문장구분# 왜냐하면 과거에 악기를 연주했던 때가 기억이 나서 되게 좋았다.#@문장구분#",
      "paragraph_len": 1125,
      "paragraph_id": "001"
    }
  ],
  "score": {
    "paragraph_score": [
      {
        "paragraph_scoreT": [
          2,
          3,
          1.8333334
        ],
        "paragraph_scoreT_detail": {
          "paragraph_scoreT_exp": [
            [
              2,
              2,
              2
            ],
            [
              3,
              3,
              3
            ],
            [
              2,
              2,
              1
            ]
          ]
        },
        "paragraph_scoreT_avg": 2.277778,
        "paragraph_id": "001"
      }
    ],
    "essay_scoreT": [
      18.5,
      26.88889,
      17.833334
    ],
    "essay_scoreT_avg": 21.074074,
    "essay_scoreT_detail": {
      "essay_scoreT_org": [
        [
          2,
          2,
          2,
          2
        ],
        [
          2,
          3,
          3,
          2
        ],
        [
          2,
          2,
          2,
          2
        ]
      ],
      "essay_scoreT_cont": [
        [
          2,
          1,
          0,
          2
        ],
        [
          3,
          2,
          0,
          2
        ],
        [
          2,
          1,
          0,
          2
        ]
      ],
      "essay_scoreT_exp": [
        [
          2,
          2,
          2
        ],
        [
          3,
          3,
          3
        ],
        [
          2,
          2,
          1
        ]
      ]
    }
  },
  "student": {
    "date": "2021.08.15",
    "student_educated": true,
    "student_grade": "고등_1학년",
    "location": "051",
    "student_grade_group": "고등",
    "student_reading": 2
  },
  "rubric": {
    "essay_grade": "고등_1학년",
    "organization_weight": {
      "org_paragraph": 2,
      "org": 2,
      "org_essay": 4,
      "org_coherence": 2,
      "org_quantity": 1
    },
    "essay_type": "설명글",
    "content_weight": {
      "con_clearance": 4,
      "con_novelty": 3,
      "con": 4,
      "con_prompt": 0,
      "con_description": 1
    },
    "essay_main_subject": "영화/독서감상문",
    "expression_weight": {
      "exp_style": 1,
      "exp_grammar": 2,
      "exp_vocab": 3,
      "exp": 4
    }
  },
  "correction": [],
  "info": {
    "essay_id": "ESSAY_34075",
    "essay_prompt": " 영화에는 로맨스, 액션, 스릴러 등 정말 많은 장르가 있습니다. 사람마다 좋아하는 장르가 있고 절대 보지 않는 장르도 있습니다.\r\n\r\n 독서도 마찬가지입니다. 소설, 수필, 시, 만화, 위인전 등 여러가지 장르가 있습니다.\r\n\r\n 여러분은 어떤 장르를 좋아하나요? 그리고 해당 장르에서 가장 재미있게 봤던 영화나 책은 무엇인가요?\r\n\r\n 자신이 봤던 영화 혹은 책을 한 편 선정하여 주제와 내용 그리고 느낀점을 감상문으로 작성해주세요.",
    "essay_type": "설명글",
    "essay_level": "3",
    "essay_len": 865,
    "essay_main_subject": "영화/독서감상문"
  }
}