{
  "paragraph": [
    {
      "paragraph_txt": "나는 이책을 나의 진로인 바이오에너지쪽과 관련이 있고 화석도 거기에 중요한 역할을 하기 떄문에 이 책을 흥미롭게 보고 읽게 되었다.#@문장구분#\nsue라는 사람은 오래전의 동물과 식물의 화석을 찾는 사람인데 사람들은 그녀를 화석헌터라고 부르기도 하였다. #@문장구분#얼마나 화석을 많이 발견하고 연구했으면 화석헌터라는 별명이 붙었는지 정말 대단하다는 생각잉 들었다. #@문장구분#그녀는 어릴떄부터 집앞에서 진흙를 파고 흥미 로운 것들을 발견한느 것을 좋아했는데 이 행동이 화석헌터가 되는 동기가 되었을 것 같았다.#@문장구분# 그녀가 나이가 들었을떄 그녀는 많은 곳 ㅇ에서 수영을 하면서 침몰된 배들을 많이 봤었는데 그 안에서 호박에 갇혀있는 화석들을 발견하게 되고 그로인해 그녀ㅕ는 화석에 관심을 갖게 되었다.#@문장구분# 그녀는 화석 발굴작업을 하던 도중에 티라노사우르스의 척추뼈를 발견하게 되었는데 그 작업은 3주나 걸렸다고 한ㄴ다.#@문장구분# 나는 3주동안 흙만 파라고 ㅎ하면 못 할것 같은데 그녀를 그런 끈기와 열정이 정말 대단하다고 느껴졌다.#@문장구분# 그리고 그녀는 난파 된 배 안에서도 많은 보석들과 장신구들을 발견했는데 sue는 정말 탐험가로써 그리고 화석 헌터로써도 자질이 대단하다고 느껴졌다.#@문장구분# 이 책을 읽으면서 뭐든지 자신이 하는 것에 대해 열정이 정말 중요하다는 사실을 다시 꺠닫게 되었고 열심히 나도 지금 하고 있는 일 엥 열심히 해야겠다고 생각이 들었다.#@문장구분#",
      "paragraph_len": 849,
      "paragraph_id": "001"
    }
  ],
  "score": {
    "paragraph_score": [
      {
        "paragraph_scoreT": [
          1.3333334,
          2.6666667,
          1.8333334
        ],
        "paragraph_scoreT_detail": {
          "paragraph_scoreT_exp": [
            [
              0,
              2,
              2
            ],
            [
              2,
              3,
              3
            ],
            [
              2,
              2,
              1
            ]
          ]
        },
        "paragraph_scoreT_avg": 1.9444445,
        "paragraph_id": "001"
      }
    ],
    "essay_scoreT": [
      20.722221,
      28.444445,
      21.333334
    ],
    "essay_scoreT_avg": 23.5,
    "essay_scoreT_detail": {
      "essay_scoreT_org": [
        [
          2,
          3,
          3,
          2
        ],
        [
          3,
          3,
          3,
          2
        ],
        [
          2,
          2,
          2,
          2
        ]
      ],
      "essay_scoreT_cont": [
        [
          3,
          2,
          0,
          3
        ],
        [
          3,
          3,
          0,
          3
        ],
        [
          3,
          2,
          0,
          2
        ]
      ],
      "essay_scoreT_exp": [
        [
          0,
          2,
          2
        ],
        [
          2,
          3,
          3
        ],
        [
          2,
          2,
          1
        ]
      ]
    }
  },
  "student": {
    "date": "2021.09.07",
    "student_educated": true,
    "student_grade": "고등_1학년",
    "location": "063",
    "student_grade_group": "고등",
    "student_reading": 2
  },
  "rubric": {
    "essay_grade": "고등_1학년",
    "organization_weight": {
      "org_paragraph": 2,
      "org": 2,
      "org_essay": 4,
      "org_coherence": 2,
      "org_quantity": 1
    },
    "essay_type": "설명글",
    "content_weight": {
      "con_clearance": 4,
      "con_novelty": 3,
      "con": 4,
      "con_prompt": 0,
      "con_description": 1
    },
    "essay_main_subject": "영화/독서감상문",
    "expression_weight": {
      "exp_style": 1,
      "exp_grammar": 2,
      "exp_vocab": 3,
      "exp": 4
    }
  },
  "correction": [],
  "info": {
    "essay_id": "ESSAY_34508",
    "essay_prompt": " 영화에는 로맨스, 액션, 스릴러 등 정말 많은 장르가 있습니다. 사람마다 좋아하는 장르가 있고 절대 보지 않는 장르도 있습니다.\r\n\r\n 독서도 마찬가지입니다. 소설, 수필, 시, 만화, 위인전 등 여러가지 장르가 있습니다.\r\n\r\n 여러분은 어떤 장르를 좋아하나요? 그리고 해당 장르에서 가장 재미있게 봤던 영화나 책은 무엇인가요?\r\n\r\n 자신이 봤던 영화 혹은 책을 한 편 선정하여 주제와 내용 그리고 느낀점을 감상문으로 작성해주세요.",
    "essay_type": "설명글",
    "essay_level": "3",
    "essay_len": 669,
    "essay_main_subject": "영화/독서감상문"
  }
}