{
  "paragraph": [
    {
      "paragraph_txt": "수행평가 준비 겸 연계 활동을 준비하면서 제중원 130년과 근대 의학이라는 책을 접하게 되었다.#@문장구분# 다른 일반적인 도서들과는 다르게 저자가 개인이 아닌 연세대학교 의학사 연구소였는데, 이 부분에서 이 책이 엄청나게 학문적인 지식을 담고 있을거라고 예상하고 책을 읽기 시작하였다.#@문장구분# 아무래도 필요한 부분에 가장 먼저 눈이 가기 때문에 1부- 제중원의 설립에서 많은 정보를 얻었다.#@문장구분# 광혜원이라는 표현이 제중원으로 바뀌게 되고, 이 과정에서 서양 문물이 들어옴은 알고있지만 선교사들이 구체적인 활동을 한 점에 대해서는 잘 알지 못하였는데 이 책을 통해 많은 것을 얻게 되었다.#@문장구분# 특히 외국에서 국내로 들어온 외과의사 알렌에 대한 정보가 흥미로웠는데, 알렌과 에비슨의 방역활동이라는 부분을 읽으면서 당대 유행했던 많은 전염병 ( 말라리아 등) 에도 서양 선교사들이 많은 도움을 줬음을 알게 되었다.#@문장구분# 이후에 세브란스 병원에 설립과 연관지어 제중원의학교 등 이 책은 역사적 사실을 객관적으로 표현하고 있으면서 동시에 학문적인 이야기를 잘 담고 있어 의학에 관심있는 학생들이 우리나라 의학의 역사를 정확하게 알고 싶다면 이 책을 꼭 한번 읽어보라고 추천하고 싶다는 생각이 들었다.#@문장구분#",
      "paragraph_len": 713,
      "paragraph_id": "001"
    }
  ],
  "score": {
    "paragraph_score": [
      {
        "paragraph_scoreT": [
          2.1666667,
          1.8333334,
          1.8333334
        ],
        "paragraph_scoreT_detail": {
          "paragraph_scoreT_exp": [
            [
              2,
              2,
              3
            ],
            [
              2,
              2,
              1
            ],
            [
              2,
              2,
              1
            ]
          ]
        },
        "paragraph_scoreT_avg": 1.9444445,
        "paragraph_id": "001"
      }
    ],
    "essay_scoreT": [
      24.222221,
      16.944445,
      21.777779
    ],
    "essay_scoreT_avg": 20.981482,
    "essay_scoreT_detail": {
      "essay_scoreT_org": [
        [
          3,
          2,
          3,
          3
        ],
        [
          1,
          2,
          2,
          2
        ],
        [
          2,
          2,
          3,
          2
        ]
      ],
      "essay_scoreT_cont": [
        [
          3,
          2,
          0,
          2
        ],
        [
          2,
          1,
          0,
          2
        ],
        [
          3,
          2,
          0,
          2
        ]
      ],
      "essay_scoreT_exp": [
        [
          2,
          2,
          3
        ],
        [
          2,
          2,
          1
        ],
        [
          2,
          2,
          1
        ]
      ]
    }
  },
  "student": {
    "date": "2021.09.09",
    "student_educated": true,
    "student_grade": "고등_1학년",
    "location": "051",
    "student_grade_group": "고등",
    "student_reading": 1
  },
  "rubric": {
    "essay_grade": "고등_1학년",
    "organization_weight": {
      "org_paragraph": 2,
      "org": 2,
      "org_essay": 4,
      "org_coherence": 2,
      "org_quantity": 1
    },
    "essay_type": "설명글",
    "content_weight": {
      "con_clearance": 4,
      "con_novelty": 3,
      "con": 4,
      "con_prompt": 0,
      "con_description": 1
    },
    "essay_main_subject": "영화/독서감상문",
    "expression_weight": {
      "exp_style": 1,
      "exp_grammar": 2,
      "exp_vocab": 3,
      "exp": 4
    }
  },
  "correction": [],
  "info": {
    "essay_id": "ESSAY_34787",
    "essay_prompt": " 영화에는 로맨스, 액션, 스릴러 등 정말 많은 장르가 있습니다. 사람마다 좋아하는 장르가 있고 절대 보지 않는 장르도 있습니다.\r\n\r\n 독서도 마찬가지입니다. 소설, 수필, 시, 만화, 위인전 등 여러가지 장르가 있습니다.\r\n\r\n 여러분은 어떤 장르를 좋아하나요? 그리고 해당 장르에서 가장 재미있게 봤던 영화나 책은 무엇인가요?\r\n\r\n 자신이 봤던 영화 혹은 책을 한 편 선정하여 주제와 내용 그리고 느낀점을 감상문으로 작성해주세요.",
    "essay_type": "설명글",
    "essay_level": "3",
    "essay_len": 593,
    "essay_main_subject": "영화/독서감상문"
  }
}