{
  "paragraph": [
    {
      "paragraph_txt": "영화감상문 제목: 말모이#@문장구분#\n영화 '말모이'는 일제 시대의 조선어학회를 바탕으로 한 영화인데 이 이야기는 김판수가 류정환의 가방을 훔치면서 이야기가 시작된다. #@문장구분#류정환은 조선어확회에서 아주 큰역할을 하던 사람인데 그 가방에는 어느 지역의 말이 들어 있는 글자가 있었다. #@문장구분#이사건으로 김판수는 조선어확회에서 일을 하로 가게 되는데 류정환은 김판수가 그곳에서 일을 방해하고 처음 도난 사건으로 김판수를 마음에 들어하지 않는다. #@문장구분#그러는 중 임동익이라는 사람이 한 사건을 당하게 되고 영화관에서 똥을 뿌리다가 맞으려는 것을 보고 김판수가 그것을 구해주고 임동익에게 책방(조선어학회 사전 만들기를 하고 있는곳)에서 상처를 치료하려고 사물함을 찾아보다가 돈이 들어있는 사물함을 실수로 여는데 그것을 본 류정환은 김판수가 또다시 도둑질을 하려는 줄 알고 김판수에게 화를 내지만 훔치련는 것이 아닌 겄을 알고 김판수에게 사과하면서 둘은 친해진다. #@문장구분#그러는 중 조선어학회에서 비중이 큰 사람이 내부 고발자로 인해 잡혀가 죽게 되면서 조선어학회는 위기에 격는 중 일본을 피해 사전을 완성시키기 위해 영화관에서 사전을 몰래 만들다가 결국 들키고마는데 영화관에 들어닥친 일본 순사를 피해 류정환과 김판수는 사전 내용을 들고 도망치다가 류정환이 총상을 입게되고 김판수에게 사전 내용을 맡기고 류정환은 미끼역할을 하다가 체포된다. #@문장구분#그리고 김판수는 도망치는 중 어느 창고에 내용을 숨겨두고 총에 맞아 죽게 된다.#@문장구분# 광복후 류정환은 출소하고 사전을 완성하게 된다.#@문장구분# 이 영화를 본 나의 느낌은 조선어학회에서 우리 말을 살리기 위해서 이러한 일들을 한것이 자랑스럽고 이영화에서 김판수가 결국에는 죽게 될때 너무나도 슬펐던것 같다.#@문장구분#",
      "paragraph_len": 1012,
      "paragraph_id": "001"
    }
  ],
  "score": {
    "paragraph_score": [
      {
        "paragraph_scoreT": [
          2,
          3,
          1.8333334
        ],
        "paragraph_scoreT_detail": {
          "paragraph_scoreT_exp": [
            [
              2,
              2,
              2
            ],
            [
              3,
              3,
              3
            ],
            [
              2,
              2,
              1
            ]
          ]
        },
        "paragraph_scoreT_avg": 2.277778,
        "paragraph_id": "001"
      }
    ],
    "essay_scoreT": [
      16,
      26.88889,
      21.777779
    ],
    "essay_scoreT_avg": 21.555557,
    "essay_scoreT_detail": {
      "essay_scoreT_org": [
        [
          2,
          2,
          2,
          2
        ],
        [
          2,
          3,
          3,
          2
        ],
        [
          2,
          2,
          3,
          2
        ]
      ],
      "essay_scoreT_cont": [
        [
          1,
          1,
          0,
          1
        ],
        [
          3,
          2,
          0,
          2
        ],
        [
          3,
          2,
          0,
          2
        ]
      ],
      "essay_scoreT_exp": [
        [
          2,
          2,
          2
        ],
        [
          3,
          3,
          3
        ],
        [
          2,
          2,
          1
        ]
      ]
    }
  },
  "student": {
    "date": "2021.08.15",
    "student_educated": true,
    "student_grade": "고등_1학년",
    "location": "051",
    "student_grade_group": "고등",
    "student_reading": 1
  },
  "rubric": {
    "essay_grade": "고등_1학년",
    "organization_weight": {
      "org_paragraph": 2,
      "org": 2,
      "org_essay": 4,
      "org_coherence": 2,
      "org_quantity": 1
    },
    "essay_type": "설명글",
    "content_weight": {
      "con_clearance": 4,
      "con_novelty": 3,
      "con": 4,
      "con_prompt": 0,
      "con_description": 1
    },
    "essay_main_subject": "영화/독서감상문",
    "expression_weight": {
      "exp_style": 1,
      "exp_grammar": 2,
      "exp_vocab": 3,
      "exp": 4
    }
  },
  "correction": [],
  "info": {
    "essay_id": "ESSAY_34064",
    "essay_prompt": " 영화에는 로맨스, 액션, 스릴러 등 정말 많은 장르가 있습니다. 사람마다 좋아하는 장르가 있고 절대 보지 않는 장르도 있습니다.\r\n\r\n 독서도 마찬가지입니다. 소설, 수필, 시, 만화, 위인전 등 여러가지 장르가 있습니다.\r\n\r\n 여러분은 어떤 장르를 좋아하나요? 그리고 해당 장르에서 가장 재미있게 봤던 영화나 책은 무엇인가요?\r\n\r\n 자신이 봤던 영화 혹은 책을 한 편 선정하여 주제와 내용 그리고 느낀점을 감상문으로 작성해주세요.",
    "essay_type": "설명글",
    "essay_level": "3",
    "essay_len": 833,
    "essay_main_subject": "영화/독서감상문"
  }
}