{
  "paragraph": [
    {
      "paragraph_txt": "최척전은 1621년 광해군이 통치하던 시절 조위한이라는 사람이 쓴 고전 소설이다.#@문장구분# 이 소설의 줄거리는 남원을 배경으로 하고 있다.#@문장구분# 최척은 옥영이라는 사람은 사랑하여 약혼을 하였다.#@문장구분#하지만 갑자기 최척이 징발 되게 되어서 전장에 서게 되고 옥영의 부모는 이웃의 양생을 사위로 맞으려 한다. #@문장구분#이 사실을 안 최척은 진중에서 달려왔고, 두 사람은 드디어 혼인을 하고 애정이 더욱 깊어진다.#@문장구분# 이때 정유재란으로 남원이 함락되자 옥영은 왜병의 포로가 되어 끌려가고, 최척은 명장 여유문을 따라 중국으로 건너간다.#@문장구분# 여러 해가 지난 뒤 최척은 항주의 친구 송우와 함께 상선을 타고 안남을 왕래하게 되었다.#@문장구분# 그러던 어느 날 밤 우연히 왜국의 상선을 따라 안남에 온 아내 옥영을 만나 다시 중국으로 돌아와 살며 아들 몽선을 낳는다.#@문장구분# 몽선이 장성하여 임진왜란 때 조선에 출전한 진위경의 딸 홍도를 아내로 맞는다.#@문장구분#이듬해 최척은 명나라군으로 출전하였다가 청나라군의 포로가 된다.#@문장구분# 포로수용소에서 명군의 청병으로 강홍립을 따라 조선에서 출전했다가, 청군의 포로가 된 맏아들 몽석을 극적으로 만나게 된다.#@문장구분# 부자는 함께 수용소를 탈출하여 고향으로 향하던 중 몽선의 장인진위경을 만난다.#@문장구분# 옥영 역시 몽선·홍도와 더불어 천신만고 끝에 고국으로 돌아와 일가가 다시 만나서 단란한 삶을 누리게 된다.#@문장구분# 이 소설은 최척의 일가가 전란으로 인해서 이별하고 기적적으로 만나는 것을 보여주며 나는 그것을 보고 최척의 운이 정말 좋다고 생각하였으며 두번다시 전쟁이 일어나지 않았으면 좋겠다고 생각했다.#@문장구분#",
      "paragraph_len": 1035,
      "paragraph_id": "001"
    }
  ],
  "score": {
    "paragraph_score": [
      {
        "paragraph_scoreT": [
          2.6666667,
          1.8333334,
          1.8333334
        ],
        "paragraph_scoreT_detail": {
          "paragraph_scoreT_exp": [
            [
              2,
              3,
              3
            ],
            [
              2,
              2,
              1
            ],
            [
              2,
              2,
              1
            ]
          ]
        },
        "paragraph_scoreT_avg": 2.1111112,
        "paragraph_id": "001"
      }
    ],
    "essay_scoreT": [
      21.333334,
      19.333334,
      20.833334
    ],
    "essay_scoreT_avg": 20.5,
    "essay_scoreT_detail": {
      "essay_scoreT_org": [
        [
          2,
          3,
          3,
          1
        ],
        [
          2,
          2,
          2,
          2
        ],
        [
          2,
          2,
          2,
          2
        ]
      ],
      "essay_scoreT_cont": [
        [
          2,
          1,
          0,
          1
        ],
        [
          2,
          2,
          0,
          2
        ],
        [
          3,
          2,
          0,
          1
        ]
      ],
      "essay_scoreT_exp": [
        [
          2,
          3,
          3
        ],
        [
          2,
          2,
          1
        ],
        [
          2,
          2,
          1
        ]
      ]
    }
  },
  "student": {
    "date": "2021.09.13",
    "student_educated": true,
    "student_grade": "고등_1학년",
    "location": "063",
    "student_grade_group": "고등",
    "student_reading": 1
  },
  "rubric": {
    "essay_grade": "고등_1학년",
    "organization_weight": {
      "org_paragraph": 2,
      "org": 2,
      "org_essay": 4,
      "org_coherence": 2,
      "org_quantity": 1
    },
    "essay_type": "설명글",
    "content_weight": {
      "con_clearance": 4,
      "con_novelty": 3,
      "con": 4,
      "con_prompt": 0,
      "con_description": 1
    },
    "essay_main_subject": "영화/독서감상문",
    "expression_weight": {
      "exp_style": 1,
      "exp_grammar": 2,
      "exp_vocab": 3,
      "exp": 4
    }
  },
  "correction": [],
  "info": {
    "essay_id": "ESSAY_34572",
    "essay_prompt": " 영화에는 로맨스, 액션, 스릴러 등 정말 많은 장르가 있습니다. 사람마다 좋아하는 장르가 있고 절대 보지 않는 장르도 있습니다.\r\n\r\n 독서도 마찬가지입니다. 소설, 수필, 시, 만화, 위인전 등 여러가지 장르가 있습니다.\r\n\r\n 여러분은 어떤 장르를 좋아하나요? 그리고 해당 장르에서 가장 재미있게 봤던 영화나 책은 무엇인가요?\r\n\r\n 자신이 봤던 영화 혹은 책을 한 편 선정하여 주제와 내용 그리고 느낀점을 감상문으로 작성해주세요.",
    "essay_type": "설명글",
    "essay_level": "3",
    "essay_len": 755,
    "essay_main_subject": "영화/독서감상문"
  }
}