{
  "paragraph": [
    {
      "paragraph_txt": "교사는 무엇으로 사는가라는 책은 나의 진로방향과도 같고 지금 선생님들을 보며 배울점도 많지만 내가 만약 선생님이 된다면 저런 것들은 안해야지 하는 행동들을 많이느낀다.#@문장구분# 그런 느낌들을 선생님들끼리도 알고계실꺼라고 생각하여 교사생활을 오래하시고 교육철학쪽 공부를 많이하신 전은균님이 집필하신 이책을 도서관에서 찾아 읽게되었다.#@문장구분# 현직교사의 에세이 형식으로 된 이 책은 현직교사가느낄수있는 여러 가지 얘기들이 담아져 있었다.#@문장구분# 맨 처음나의 눈에 들어온 것은 이 삭막하고 자기중심적인 사회에서도 남을 생각하고 남을 도와주는 어린 학생들에 이야기이다.#@문장구분# 바자회를 해서 그 수익금으로 가까운 고아원을 돕겠다고 선생님들에게 귀중한 물품들을 기부해 달라 부탁하고 자기의 선행을 대수롭지 않게 생각하여 선행을 베푼 학생을 찾는다는 게시판에 글을 보고도 아무렇지 않게 별거아닌데 하는 아이들을 보고 어떤 교사가 감동하지 않고 부끄럽지 않을 수가 있겠는가?#@문장구분# 아무리 현직교사라 해도 자기의 이익, 자기 가족을 먼저 생각하여 남들을 쉽게 도와줄수 없을것이다.#@문장구분# 이 글을 쓴 교사는 그 어린 학생들에 행동을 보고 선생님들도 연말 회식비를 양로원에 기부했다는 것이다.#@문장구분# 그 어린 청소년들에 행동을 보고 어른들의 마음에 나눔이 싹 피지 않을 수가 없다고 생각한다.#@문장구분# 가장 기억이 남는 이야기는 어렸을 때 부모님을 잃고 할아버지, 할머니 손에 키워진 학생의 이야기였다.#@문장구분# 이 학생은 어렵게 대학에 합격하였을때 학교에 할머니와 고모를 모셔와 전형적인 농부의 모습인 할머니를 아주 자랑스럽게 교무실에 있는 선생님들에게 소개하고 자기의 반 아이들에게도 소개했다고 한다.#@문장구분# 아직도 이런 학생이 있다는 것이 정말 마음이 따뜻해지고 뭉클해진 대목이였다.#@문장구분#",
      "paragraph_len": 1058,
      "paragraph_id": "001"
    }
  ],
  "score": {
    "paragraph_score": [
      {
        "paragraph_scoreT": [
          3,
          2.3333333,
          2
        ],
        "paragraph_scoreT_detail": {
          "paragraph_scoreT_exp": [
            [
              3,
              3,
              3
            ],
            [
              3,
              2,
              2
            ],
            [
              2,
              2,
              2
            ]
          ]
        },
        "paragraph_scoreT_avg": 2.4444444,
        "paragraph_id": "001"
      }
    ],
    "essay_scoreT": [
      30,
      25.11111,
      22.666666
    ],
    "essay_scoreT_avg": 25.925926,
    "essay_scoreT_detail": {
      "essay_scoreT_org": [
        [
          3,
          3,
          3,
          3
        ],
        [
          3,
          3,
          3,
          2
        ],
        [
          2,
          2,
          3,
          3
        ]
      ],
      "essay_scoreT_cont": [
        [
          3,
          3,
          0,
          3
        ],
        [
          3,
          2,
          0,
          2
        ],
        [
          3,
          2,
          0,
          2
        ]
      ],
      "essay_scoreT_exp": [
        [
          3,
          3,
          3
        ],
        [
          3,
          2,
          2
        ],
        [
          2,
          2,
          2
        ]
      ]
    }
  },
  "student": {
    "date": "2021.09.13",
    "student_educated": true,
    "student_grade": "고등_1학년",
    "location": "063",
    "student_grade_group": "고등",
    "student_reading": 2
  },
  "rubric": {
    "essay_grade": "고등_1학년",
    "organization_weight": {
      "org_paragraph": 2,
      "org": 2,
      "org_essay": 4,
      "org_coherence": 2,
      "org_quantity": 1
    },
    "essay_type": "설명글",
    "content_weight": {
      "con_clearance": 4,
      "con_novelty": 3,
      "con": 4,
      "con_prompt": 0,
      "con_description": 1
    },
    "essay_main_subject": "영화/독서감상문",
    "expression_weight": {
      "exp_style": 1,
      "exp_grammar": 2,
      "exp_vocab": 3,
      "exp": 4
    }
  },
  "correction": [],
  "info": {
    "essay_id": "ESSAY_34444",
    "essay_prompt": " 영화에는 로맨스, 액션, 스릴러 등 정말 많은 장르가 있습니다. 사람마다 좋아하는 장르가 있고 절대 보지 않는 장르도 있습니다.\r\n\r\n 독서도 마찬가지입니다. 소설, 수필, 시, 만화, 위인전 등 여러가지 장르가 있습니다.\r\n\r\n 여러분은 어떤 장르를 좋아하나요? 그리고 해당 장르에서 가장 재미있게 봤던 영화나 책은 무엇인가요?\r\n\r\n 자신이 봤던 영화 혹은 책을 한 편 선정하여 주제와 내용 그리고 느낀점을 감상문으로 작성해주세요.",
    "essay_type": "설명글",
    "essay_level": "3",
    "essay_len": 838,
    "essay_main_subject": "영화/독서감상문"
  }
}