{
  "paragraph": [
    {
      "paragraph_txt": "Ants of All Kinds라는 이 책은 개미에 대한 여러가지 지식들을 알려준다.#@문장구분#",
      "paragraph_len": 67,
      "paragraph_id": "001"
    },
    {
      "paragraph_txt": "개미의 종류, 개미의 몸의 색깔이 다양한 이유, 개미들의 서식지, 개미들의 역할들에 대해서 하나하나 자세히 설명을 해준다.#@문장구분#",
      "paragraph_len": 88,
      "paragraph_id": "002"
    },
    {
      "paragraph_txt": "주요 내용으로는 먼저 개미의 특징으로는 '6'개의 다리,여러 부분으로 나뉘어진 몸, 그리고 더듬이의 털을 가지고 있기때문에 곤충과에 속한다.#@문장구분# 그들은 또한 강한 후각을 가지고 있기때문에 음식을 찾는데 도움을 주고 다른 냄새를 사용하여 다른 개미들과 정보를 교환한다.#@문장구분# 또한, 개미의 종류는 전세계에 총 1100종 이상이 세계 각지에 분포하고 있는데 대표적으로 병정개미, 불개미, 리프커터 개미, 목수개미, 파라오개미, 위버개미 등이있다.#@문장구분#",
      "paragraph_len": 302,
      "paragraph_id": "003"
    },
    {
      "paragraph_txt": "병정개미는 덥고 습한 곳을 좋아하고 떼를 지어 먹이를 포획하기 때문에 조직을 이루고있다.#@문장구분# 남아메리카에서 서식하는 불개미는 스스로 만든 큰 흙더미에 살고 문제가 생기면 날카로운 침으로 공격하는데 침에는 독이 들어있다.#@문장구분# 리프커터 개미는 나뭇잎의 조각을 자르는 역할을한다.#@문장구분#",
      "paragraph_len": 209,
      "paragraph_id": "004"
    },
    {
      "paragraph_txt": "북아메리카에 서식하는 목수개미는 그들의 튼튼한 턱을 이용해 나무를 비우고 내부에 둥지를 틀고 집을 짖는다.#@문장구분# 이 개미는 나무를 먹지않는 대신 다른 곤충, 고기, 설탕이 든 간식을 먹는것을 좋아한다.#@문장구분# 파라오개미는 이집트의 따뜻한 기후에서 서식한다.#@문장구분# 위버개미는 아프리카,인도,호주에서 볼수있다.#@문장구분# 이처럼 개미들은 각각 하는 일들이 다르며 다양하다.#@문장구분# 하지만 그 속에서도 규율을 지키는 사회적 곤충이라는 것에 놀라움을느꼈다.#@문장구분#",
      "paragraph_len": 351,
      "paragraph_id": "005"
    }
  ],
  "score": {
    "paragraph_score": [
      {
        "paragraph_scoreT": [
          3,
          2.3333333,
          2
        ],
        "paragraph_scoreT_detail": {
          "paragraph_scoreT_exp": [
            [
              3,
              3,
              3
            ],
            [
              3,
              2,
              2
            ],
            [
              2,
              2,
              2
            ]
          ]
        },
        "paragraph_scoreT_avg": 2.4444444,
        "paragraph_id": "001"
      },
      {
        "paragraph_scoreT": [
          3,
          2.3333333,
          2
        ],
        "paragraph_scoreT_detail": {
          "paragraph_scoreT_exp": [
            [
              3,
              3,
              3
            ],
            [
              3,
              2,
              2
            ],
            [
              2,
              2,
              2
            ]
          ]
        },
        "paragraph_scoreT_avg": 2.4444444,
        "paragraph_id": "002"
      },
      {
        "paragraph_scoreT": [
          3,
          2.3333333,
          2
        ],
        "paragraph_scoreT_detail": {
          "paragraph_scoreT_exp": [
            [
              3,
              3,
              3
            ],
            [
              3,
              2,
              2
            ],
            [
              2,
              2,
              2
            ]
          ]
        },
        "paragraph_scoreT_avg": 2.4444444,
        "paragraph_id": "003"
      },
      {
        "paragraph_scoreT": [
          3,
          2.3333333,
          2
        ],
        "paragraph_scoreT_detail": {
          "paragraph_scoreT_exp": [
            [
              3,
              3,
              3
            ],
            [
              3,
              2,
              2
            ],
            [
              2,
              2,
              2
            ]
          ]
        },
        "paragraph_scoreT_avg": 2.4444444,
        "paragraph_id": "004"
      },
      {
        "paragraph_scoreT": [
          3,
          2.3333333,
          2
        ],
        "paragraph_scoreT_detail": {
          "paragraph_scoreT_exp": [
            [
              3,
              3,
              3
            ],
            [
              3,
              2,
              2
            ],
            [
              2,
              2,
              2
            ]
          ]
        },
        "paragraph_scoreT_avg": 2.4444444,
        "paragraph_id": "005"
      }
    ],
    "essay_scoreT": [
      30,
      24.277779,
      22.944445
    ],
    "essay_scoreT_avg": 25.74074,
    "essay_scoreT_detail": {
      "essay_scoreT_org": [
        [
          3,
          3,
          3,
          3
        ],
        [
          2,
          2,
          3,
          2
        ],
        [
          2,
          2,
          3,
          2
        ]
      ],
      "essay_scoreT_cont": [
        [
          3,
          3,
          0,
          3
        ],
        [
          3,
          2,
          0,
          3
        ],
        [
          3,
          2,
          0,
          3
        ]
      ],
      "essay_scoreT_exp": [
        [
          3,
          3,
          3
        ],
        [
          3,
          2,
          2
        ],
        [
          2,
          2,
          2
        ]
      ]
    }
  },
  "student": {
    "date": "2021.09.13",
    "student_educated": true,
    "student_grade": "고등_1학년",
    "location": "063",
    "student_grade_group": "고등",
    "student_reading": 1
  },
  "rubric": {
    "essay_grade": "고등_1학년",
    "organization_weight": {
      "org_paragraph": 2,
      "org": 2,
      "org_essay": 4,
      "org_coherence": 2,
      "org_quantity": 1
    },
    "essay_type": "설명글",
    "content_weight": {
      "con_clearance": 4,
      "con_novelty": 3,
      "con": 4,
      "con_prompt": 0,
      "con_description": 1
    },
    "essay_main_subject": "영화/독서감상문",
    "expression_weight": {
      "exp_style": 1,
      "exp_grammar": 2,
      "exp_vocab": 3,
      "exp": 4
    }
  },
  "correction": [],
  "info": {
    "essay_id": "ESSAY_34459",
    "essay_prompt": " 영화에는 로맨스, 액션, 스릴러 등 정말 많은 장르가 있습니다. 사람마다 좋아하는 장르가 있고 절대 보지 않는 장르도 있습니다.\r\n\r\n 독서도 마찬가지입니다. 소설, 수필, 시, 만화, 위인전 등 여러가지 장르가 있습니다.\r\n\r\n 여러분은 어떤 장르를 좋아하나요? 그리고 해당 장르에서 가장 재미있게 봤던 영화나 책은 무엇인가요?\r\n\r\n 자신이 봤던 영화 혹은 책을 한 편 선정하여 주제와 내용 그리고 느낀점을 감상문으로 작성해주세요.",
    "essay_type": "설명글",
    "essay_level": "3",
    "essay_len": 746,
    "essay_main_subject": "영화/독서감상문"
  }
}