{
  "paragraph": [
    {
      "paragraph_txt": "사람들은 살아가면서 수많은 선택의 기로에 놓이게 되는데, 종종 인생을 뒤바꿀 만한 결정의 순간도 마주하게 된다.#@문장구분#",
      "paragraph_len": 82,
      "paragraph_id": "001"
    },
    {
      "paragraph_txt": " 이 책의 주인공인 지미 발렌타인(Jimmy Valentine)은 금고털이범으로 살아갔는데, 출소한 후 지역 은행가의 딸인 애나벨(Annabel Adams)을 만나 운명적 사랑을 경험하고 신발 사업을 통해 성공한 삶을 다시 이룩하게 된다.#@문장구분#",
      "paragraph_len": 153,
      "paragraph_id": "002"
    },
    {
      "paragraph_txt": " 그러나 지미는 얼마 못가 돈 때문이 아닌 아가사(Agatha)라는 아이의 생명을 구하기 위해 다시 금고를 터는 결정을 내린다.#@문장구분# 운명의 장난처럼 금고털이 범죄를 전문적으로 맡는 벤 프라이스(Ben Price)라는 명성 높은 경찰관이 지역에서 발생한 일련의 금고털이 사건들의 진상이 지미였음을 눈치챈다.#@문장구분# ",
      "paragraph_len": 209,
      "paragraph_id": "003"
    },
    {
      "paragraph_txt": " 결국 지미와 경찰관이 마주치지만 경찰관이 그를 체포하지 않고 뒤돌아 길을 걸어가는 장면으로 이 소설은 끝이 난다.#@문장구분#",
      "paragraph_len": 84,
      "paragraph_id": "004"
    },
    {
      "paragraph_txt": " 지미는 운명적 사랑을 위해 힘들게 다시 일궈낸 새로운 인생을 선택할지, 자신의 정체를 들통날 위기임에도 불구하고 하나의 생명을 구하는 인생을 선택할지 두가지 선택의 딜레마에 놓인다.#@문장구분#",
      "paragraph_len": 122,
      "paragraph_id": "005"
    },
    {
      "paragraph_txt": " 지미 발렌타인은 이름을 랄프 스펜서로 바꾸면서까지 변화를 시도하며 갈망하지만 상황이 주어지자 결국 몸이 기억하는 과거로 돌아가는 선택을 함으로써 진정한 자아의 변화의 어려움을 보여주고 있다.#@문장구분#",
      "paragraph_len": 127,
      "paragraph_id": "006"
    },
    {
      "paragraph_txt": " 벤 역시 지미 발렌타인이 완전히 변화하지 않았음을 알고도 사고 없이 보낸 공백적인 1년과 아이를 구하기 위해 금고를 여는 지미의 선택을 인정하고 지지하여 그를 체포하는 선택지를 포기하고 그의 달라지는 인생을 지지하는 모습이 드러난다.#@문장구분#\n \n이 책을 읽고 나서 과연 사람을 교화시키는 것은 엄격한 법률의 힘일지, 사람과 사람간의 정일지 고민해 볼수 있었다.#@문장구분#",
      "paragraph_len": 238,
      "paragraph_id": "007"
    }
  ],
  "score": {
    "paragraph_score": [
      {
        "paragraph_scoreT": [
          2.8333333,
          2.6666667,
          1.8333334
        ],
        "paragraph_scoreT_detail": {
          "paragraph_scoreT_exp": [
            [
              3,
              3,
              2
            ],
            [
              2,
              3,
              3
            ],
            [
              2,
              2,
              1
            ]
          ]
        },
        "paragraph_scoreT_avg": 2.4444444,
        "paragraph_id": "001"
      },
      {
        "paragraph_scoreT": [
          2,
          2.6666667,
          1.8333334
        ],
        "paragraph_scoreT_detail": {
          "paragraph_scoreT_exp": [
            [
              2,
              2,
              2
            ],
            [
              2,
              3,
              3
            ],
            [
              2,
              2,
              1
            ]
          ]
        },
        "paragraph_scoreT_avg": 2.1666667,
        "paragraph_id": "002"
      },
      {
        "paragraph_scoreT": [
          1.8333334,
          2.6666667,
          1.8333334
        ],
        "paragraph_scoreT_detail": {
          "paragraph_scoreT_exp": [
            [
              2,
              2,
              1
            ],
            [
              2,
              3,
              3
            ],
            [
              2,
              2,
              1
            ]
          ]
        },
        "paragraph_scoreT_avg": 2.1111112,
        "paragraph_id": "003"
      },
      {
        "paragraph_scoreT": [
          2.3333333,
          2.6666667,
          1.8333334
        ],
        "paragraph_scoreT_detail": {
          "paragraph_scoreT_exp": [
            [
              3,
              2,
              2
            ],
            [
              2,
              3,
              3
            ],
            [
              2,
              2,
              1
            ]
          ]
        },
        "paragraph_scoreT_avg": 2.277778,
        "paragraph_id": "004"
      },
      {
        "paragraph_scoreT": [
          1.8333334,
          2.6666667,
          1.8333334
        ],
        "paragraph_scoreT_detail": {
          "paragraph_scoreT_exp": [
            [
              2,
              2,
              1
            ],
            [
              2,
              3,
              3
            ],
            [
              2,
              2,
              1
            ]
          ]
        },
        "paragraph_scoreT_avg": 2.1111112,
        "paragraph_id": "005"
      },
      {
        "paragraph_scoreT": [
          2.8333333,
          2.6666667,
          1.8333334
        ],
        "paragraph_scoreT_detail": {
          "paragraph_scoreT_exp": [
            [
              3,
              3,
              2
            ],
            [
              2,
              3,
              3
            ],
            [
              2,
              2,
              1
            ]
          ]
        },
        "paragraph_scoreT_avg": 2.4444444,
        "paragraph_id": "006"
      },
      {
        "paragraph_scoreT": [
          2.8333333,
          2.6666667,
          1.8333334
        ],
        "paragraph_scoreT_detail": {
          "paragraph_scoreT_exp": [
            [
              3,
              3,
              2
            ],
            [
              2,
              3,
              3
            ],
            [
              2,
              2,
              1
            ]
          ]
        },
        "paragraph_scoreT_avg": 2.4444444,
        "paragraph_id": "007"
      }
    ],
    "essay_scoreT": [
      18.055555,
      27.166668,
      16.944445
    ],
    "essay_scoreT_avg": 20.722221,
    "essay_scoreT_detail": {
      "essay_scoreT_org": [
        [
          2,
          2,
          2,
          3
        ],
        [
          3,
          3,
          3,
          3
        ],
        [
          1,
          2,
          2,
          2
        ]
      ],
      "essay_scoreT_cont": [
        [
          2,
          1,
          0,
          2
        ],
        [
          3,
          2,
          0,
          3
        ],
        [
          2,
          1,
          0,
          2
        ]
      ],
      "essay_scoreT_exp": [
        [
          2,
          2,
          1
        ],
        [
          2,
          3,
          3
        ],
        [
          2,
          2,
          1
        ]
      ]
    }
  },
  "student": {
    "date": "2021.09.09",
    "student_educated": true,
    "student_grade": "고등_1학년",
    "location": "051",
    "student_grade_group": "고등",
    "student_reading": 2
  },
  "rubric": {
    "essay_grade": "고등_1학년",
    "organization_weight": {
      "org_paragraph": 2,
      "org": 2,
      "org_essay": 4,
      "org_coherence": 2,
      "org_quantity": 1
    },
    "essay_type": "설명글",
    "content_weight": {
      "con_clearance": 4,
      "con_novelty": 3,
      "con": 4,
      "con_prompt": 0,
      "con_description": 1
    },
    "essay_main_subject": "영화/독서감상문",
    "expression_weight": {
      "exp_style": 1,
      "exp_grammar": 2,
      "exp_vocab": 3,
      "exp": 4
    }
  },
  "correction": [],
  "info": {
    "essay_id": "ESSAY_34807",
    "essay_prompt": " 영화에는 로맨스, 액션, 스릴러 등 정말 많은 장르가 있습니다. 사람마다 좋아하는 장르가 있고 절대 보지 않는 장르도 있습니다.\r\n\r\n 독서도 마찬가지입니다. 소설, 수필, 시, 만화, 위인전 등 여러가지 장르가 있습니다.\r\n\r\n 여러분은 어떤 장르를 좋아하나요? 그리고 해당 장르에서 가장 재미있게 봤던 영화나 책은 무엇인가요?\r\n\r\n 자신이 봤던 영화 혹은 책을 한 편 선정하여 주제와 내용 그리고 느낀점을 감상문으로 작성해주세요.",
    "essay_type": "설명글",
    "essay_level": "3",
    "essay_len": 848,
    "essay_main_subject": "영화/독서감상문"
  }
}