{
  "paragraph": [
    {
      "paragraph_txt": "이 책은 처음에 한국사 시간에 한 수행평가를 위해 나의 진로와 관련된 항공우주공학에 대하여 조사하기 위해 이 책을 읽었었다.#@문장구분# 신기전에 관한 살을 더 붙이기 위한 기본적인 내용은 되었던것 같다.#@문장구분# 이후, 수행 평과와 관련하여 심화 탐구,조사(로켓의 발달과정과 역사)를 하기위해 이 책을 참고로 시작하게 되었다.#@문장구분# 책에서 '3-2 우주시대의 개막, 지구는 파랗다.'라는 부분을 발췌독 하여 위에서 말한 내용을 읽었다.#@문장구분# 역사적으로 우주비행의 실현을 위하여 정말 많은 사건과 노력이 있어왔다는 것을 알 수 있었고, 로켓의 원조가 중국이라는 것을 알게되어 충격을 많이 받았었다.#@문장구분# 중국이 역사적으로는 정말 위대한 부분이 많은 것 같다는 생각 또한 들었다.#@문장구분#  ",
      "paragraph_len": 480,
      "paragraph_id": "001"
    }
  ],
  "score": {
    "paragraph_score": [
      {
        "paragraph_scoreT": [
          1.8333334,
          1.8333334,
          1.8333334
        ],
        "paragraph_scoreT_detail": {
          "paragraph_scoreT_exp": [
            [
              2,
              2,
              1
            ],
            [
              2,
              2,
              1
            ],
            [
              2,
              2,
              1
            ]
          ]
        },
        "paragraph_scoreT_avg": 1.8333334,
        "paragraph_id": "001"
      }
    ],
    "essay_scoreT": [
      17.11111,
      17.11111,
      16.833334
    ],
    "essay_scoreT_avg": 17.018518,
    "essay_scoreT_detail": {
      "essay_scoreT_org": [
        [
          2,
          2,
          2,
          1
        ],
        [
          2,
          2,
          2,
          1
        ],
        [
          1,
          1,
          1,
          1
        ]
      ],
      "essay_scoreT_cont": [
        [
          2,
          1,
          0,
          1
        ],
        [
          2,
          1,
          0,
          1
        ],
        [
          2,
          2,
          0,
          1
        ]
      ],
      "essay_scoreT_exp": [
        [
          2,
          2,
          1
        ],
        [
          2,
          2,
          1
        ],
        [
          2,
          2,
          1
        ]
      ]
    }
  },
  "student": {
    "date": "2021.09.09",
    "student_educated": true,
    "student_grade": "고등_1학년",
    "location": "051",
    "student_grade_group": "고등",
    "student_reading": 1
  },
  "rubric": {
    "essay_grade": "고등_1학년",
    "organization_weight": {
      "org_paragraph": 2,
      "org": 2,
      "org_essay": 4,
      "org_coherence": 2,
      "org_quantity": 1
    },
    "essay_type": "설명글",
    "content_weight": {
      "con_clearance": 4,
      "con_novelty": 3,
      "con": 4,
      "con_prompt": 0,
      "con_description": 1
    },
    "essay_main_subject": "영화/독서감상문",
    "expression_weight": {
      "exp_style": 1,
      "exp_grammar": 2,
      "exp_vocab": 3,
      "exp": 4
    }
  },
  "correction": [],
  "info": {
    "essay_id": "ESSAY_34806",
    "essay_prompt": " 영화에는 로맨스, 액션, 스릴러 등 정말 많은 장르가 있습니다. 사람마다 좋아하는 장르가 있고 절대 보지 않는 장르도 있습니다.\r\n\r\n 독서도 마찬가지입니다. 소설, 수필, 시, 만화, 위인전 등 여러가지 장르가 있습니다.\r\n\r\n 여러분은 어떤 장르를 좋아하나요? 그리고 해당 장르에서 가장 재미있게 봤던 영화나 책은 무엇인가요?\r\n\r\n 자신이 봤던 영화 혹은 책을 한 편 선정하여 주제와 내용 그리고 느낀점을 감상문으로 작성해주세요.",
    "essay_type": "설명글",
    "essay_level": "3",
    "essay_len": 360,
    "essay_main_subject": "영화/독서감상문"
  }
}