{
  "paragraph": [
    {
      "paragraph_txt": "주인공 3명의 시점을 번갈아 가면서 보여주는데 3명 다 성격이 다르고 같은 돈을 가지고 하는 행동이 다달라서 재밌는 책이다.#@문장구분# 간지는 목욕탕에서 알바를 하면서 돈을 벌고 있는데 손님이 돈가방을 나두고 담배을 사온다 하였는데 오지 않아서 돈가방을 보게 되고 어떻게 할지 고민하는게 인상깊었다.#@문장구분# 왜냐하면 집에 치매가 걸린 엄마와 자신의 아내가 고민을 하던 중 계단에서 굴러서 수술을해서 돈이 필요하고 자신의 딸도 집 대출금으로 힘들어 하고 있었기 때문이다.#@문장구분# 간지는 딸에게 가방에 있던 돈다발 두 개를 꺼내서 주고 엄마를 보기 위해서 근무표를 바꾸다가 목욕탕에서 잘리고 돈가방을 들고 나오는데 나 같아도 그랬을 것 같다.#@문장구분#",
      "paragraph_len": 423,
      "paragraph_id": "001"
    }
  ],
  "score": {
    "paragraph_score": [
      {
        "paragraph_scoreT": [
          1.5,
          1.8333334,
          1.5
        ],
        "paragraph_scoreT_detail": {
          "paragraph_scoreT_exp": [
            [
              1,
              2,
              1
            ],
            [
              2,
              2,
              1
            ],
            [
              1,
              2,
              1
            ]
          ]
        },
        "paragraph_scoreT_avg": 1.6111112,
        "paragraph_id": "001"
      }
    ],
    "essay_scoreT": [
      11.777778,
      17.61111,
      13.777778
    ],
    "essay_scoreT_avg": 14.388889,
    "essay_scoreT_detail": {
      "essay_scoreT_org": [
        [
          1,
          1,
          1,
          0
        ],
        [
          2,
          2,
          2,
          1
        ],
        [
          1,
          1,
          1,
          0
        ]
      ],
      "essay_scoreT_cont": [
        [
          2,
          0,
          0,
          0
        ],
        [
          2,
          1,
          0,
          2
        ],
        [
          2,
          1,
          0,
          1
        ]
      ],
      "essay_scoreT_exp": [
        [
          1,
          2,
          1
        ],
        [
          2,
          2,
          1
        ],
        [
          1,
          2,
          1
        ]
      ]
    }
  },
  "student": {
    "date": "2021.09.10",
    "student_educated": true,
    "student_grade": "고등_1학년",
    "location": "063",
    "student_grade_group": "고등",
    "student_reading": 2
  },
  "rubric": {
    "essay_grade": "고등_1학년",
    "organization_weight": {
      "org_paragraph": 2,
      "org": 2,
      "org_essay": 4,
      "org_coherence": 2,
      "org_quantity": 1
    },
    "essay_type": "설명글",
    "content_weight": {
      "con_clearance": 4,
      "con_novelty": 3,
      "con": 4,
      "con_prompt": 0,
      "con_description": 1
    },
    "essay_main_subject": "영화/독서감상문",
    "expression_weight": {
      "exp_style": 1,
      "exp_grammar": 2,
      "exp_vocab": 3,
      "exp": 4
    }
  },
  "correction": [],
  "info": {
    "essay_id": "ESSAY_34657",
    "essay_prompt": " 영화에는 로맨스, 액션, 스릴러 등 정말 많은 장르가 있습니다. 사람마다 좋아하는 장르가 있고 절대 보지 않는 장르도 있습니다.\r\n\r\n 독서도 마찬가지입니다. 소설, 수필, 시, 만화, 위인전 등 여러가지 장르가 있습니다.\r\n\r\n 여러분은 어떤 장르를 좋아하나요? 그리고 해당 장르에서 가장 재미있게 봤던 영화나 책은 무엇인가요?\r\n\r\n 자신이 봤던 영화 혹은 책을 한 편 선정하여 주제와 내용 그리고 느낀점을 감상문으로 작성해주세요.",
    "essay_type": "설명글",
    "essay_level": "3",
    "essay_len": 345,
    "essay_main_subject": "영화/독서감상문"
  }
}