{
  "paragraph": [
    {
      "paragraph_txt": "교육과 관련된 소설을 한 번 읽어보고 싶어서 이 책을 읽게되었다.#@문장구분#",
      "paragraph_len": 56,
      "paragraph_id": "001"
    },
    {
      "paragraph_txt": "교육과 관련된 책을 인터넷에 검색해 보니 이 책을 많이들 추천하였다.#@문장구분#",
      "paragraph_len": 58,
      "paragraph_id": "002"
    },
    {
      "paragraph_txt": "제목만 들어보면 쉽게 내용을 예측하기 어려운데, 수레바퀴와 교육이라는 키워드는 둘사이의 교집합이 없기 때문이다.#@문장구분#",
      "paragraph_len": 82,
      "paragraph_id": "003"
    },
    {
      "paragraph_txt": "그래서 제목의 뜻을 알고싶어서 책을 읽는 내내 수레바퀴란 무엇이고 그 아래에 있는다는 것은 무슨 의미일까 고민하면서 읽었다.#@문장구분# ",
      "paragraph_len": 90,
      "paragraph_id": "004"
    },
    {
      "paragraph_txt": "이 책의 줄거리를 간략하게 소개하자면 이 책의 주인공인 한스 기벤라트가 강압적이고 주입적인 일제식 교육에 의해 망가져 가는 과정과, 망가진 그가 어떤 최후를 마지하는지에 관한 내용이다.#@문장구분# 특히 한스의 정신과 육체가 망가져 가는지를 소설을 굉장히 섬세하게 묘사한다.#@문장구분# 한스가 어린 시절부터 그랬던 것은 아니다.#@문장구분# 어린 시절의 한스는 자연을 느낄 줄 알았고, 삶의 아름다움을 느낄 수 있었다.#@문장구분# 그저 머리가 총명한 우수한 아이였다. #@문장구분#그러나 그가 수도원에 간 후부터(목사가 되기 위해) 그의 정신은 병들어 간다.#@문장구분# 수도원의 통제된삶과 과도한 학업 스트레스, 그리고 완만하지 못한 교우관계를 때문이다. #@문장구분#수도원의 선생님들은 학생들에게 애정과 관심을 주기 보단 그저 주입식으로 가르치는 데에만 관심이 있는데, 한스가 힘들어하고 지쳐 할 때도 한스에게 따뜻한 위로의 말을 건내기 보단 조롱섞인 말투로 떨어진 성적만을 지적한다.#@문장구분# ",
      "paragraph_len": 611,
      "paragraph_id": "005"
    },
    {
      "paragraph_txt": "결국 한스는 수도원에서 퇴교당하고 다시 고향으로 돌아오게 된다. #@문장구분#고향에 돌아온 한스는 그가 예전에 욕하던 시계수리공 일을 하게 되고 사랑하는 여자에게 배신을 당하게 된다.#@문장구분# ",
      "paragraph_len": 136,
      "paragraph_id": "006"
    },
    {
      "paragraph_txt": "이 책을 다 읽고 수레바퀴의 의미를 알게 되었다.#@문장구분# 내가 생각하기에 수레바퀴란 전통과 권위를 추구하는 기성 사회를 뜻하며 그 아래에 있는 것이 한스로 대표되는 학생들(젊은 청년)인 것 같다.#@문장구분# 이 책은 철저하게 기성사회가 추구하는 가치를 비판하는 책이라고 생각된다.#@문장구분# ",
      "paragraph_len": 207,
      "paragraph_id": "007"
    },
    {
      "paragraph_txt": "특히 한스의 말로를 보면 알 수 있다.#@문장구분# 수도원에서 그가 얻은 것이라곤 정신적 질환뿐이다.#@문장구분# 그는 자신의 또래들처럼 성숙한 사랑을 경험해 보지도 못하였고, 친구들간의 우정도 경험해보지 못하였다.#@문장구분# 특히 자신이 무엇을 좋아하고 하고싶어하는 지에 대해 생각조차 해보지 않았다.#@문장구분#",
      "paragraph_len": 229,
      "paragraph_id": "008"
    },
    {
      "paragraph_txt": "자신의 고향 친구들보다 더 뛰어나다고 자부했던 한스는 시간이 지나자 그 누구보다도 뒤쳐지는 삶(무엇을 해야 할지를 모른다)을 살게 된다.#@문장구분#",
      "paragraph_len": 96,
      "paragraph_id": "009"
    },
    {
      "paragraph_txt": "즉 기성사회가 추구하는 가치대로 살아간 한스는 불행한 삶을 살게 된 것이다.#@문장구분#",
      "paragraph_len": 62,
      "paragraph_id": "010"
    },
    {
      "paragraph_txt": "이성과의 건강한 교제를 해 보지 못하였기에 여자친구의 배신으로 야기된 스트레스를 이길 면역이 그에겐 존재하지 않았고, 우정이란것을 느끼지 못하였기에 그는 항상 외로워했다.#@문장구분# ",
      "paragraph_len": 116,
      "paragraph_id": "011"
    },
    {
      "paragraph_txt": "이 책을 읽고 난 후 내가 하고싶어하는 것이 무엇인가에 대해서 깊게 생각해볼 수 있었고, 진정한 교육이란 학생을 생각하는, 학생이 열쇠를 쥐고 있는 교육이라는 나만의 교육관을 세울 수 있었다.#@문장구분#",
      "paragraph_len": 127,
      "paragraph_id": "012"
    }
  ],
  "score": {
    "paragraph_score": [
      {
        "paragraph_scoreT": [
          3,
          3,
          0.8333333
        ],
        "paragraph_scoreT_detail": {
          "paragraph_scoreT_exp": [
            [
              3,
              3,
              3
            ],
            [
              3,
              3,
              3
            ],
            [
              1,
              1,
              0
            ]
          ]
        },
        "paragraph_scoreT_avg": 2.277778,
        "paragraph_id": "001"
      },
      {
        "paragraph_scoreT": [
          3,
          3,
          0.8333333
        ],
        "paragraph_scoreT_detail": {
          "paragraph_scoreT_exp": [
            [
              3,
              3,
              3
            ],
            [
              3,
              3,
              3
            ],
            [
              1,
              1,
              0
            ]
          ]
        },
        "paragraph_scoreT_avg": 2.277778,
        "paragraph_id": "002"
      },
      {
        "paragraph_scoreT": [
          3,
          3,
          1.6666666
        ],
        "paragraph_scoreT_detail": {
          "paragraph_scoreT_exp": [
            [
              3,
              3,
              3
            ],
            [
              3,
              3,
              3
            ],
            [
              2,
              2,
              0
            ]
          ]
        },
        "paragraph_scoreT_avg": 2.5555556,
        "paragraph_id": "003"
      },
      {
        "paragraph_scoreT": [
          3,
          3,
          1.1666666
        ],
        "paragraph_scoreT_detail": {
          "paragraph_scoreT_exp": [
            [
              3,
              3,
              3
            ],
            [
              3,
              3,
              3
            ],
            [
              2,
              1,
              0
            ]
          ]
        },
        "paragraph_scoreT_avg": 2.3888888,
        "paragraph_id": "004"
      },
      {
        "paragraph_scoreT": [
          3,
          3,
          1.8333334
        ],
        "paragraph_scoreT_detail": {
          "paragraph_scoreT_exp": [
            [
              3,
              3,
              3
            ],
            [
              3,
              3,
              3
            ],
            [
              2,
              2,
              1
            ]
          ]
        },
        "paragraph_scoreT_avg": 2.6111112,
        "paragraph_id": "005"
      },
      {
        "paragraph_scoreT": [
          3,
          3,
          1.8333334
        ],
        "paragraph_scoreT_detail": {
          "paragraph_scoreT_exp": [
            [
              3,
              3,
              3
            ],
            [
              3,
              3,
              3
            ],
            [
              2,
              2,
              1
            ]
          ]
        },
        "paragraph_scoreT_avg": 2.6111112,
        "paragraph_id": "006"
      },
      {
        "paragraph_scoreT": [
          3,
          3,
          1.8333334
        ],
        "paragraph_scoreT_detail": {
          "paragraph_scoreT_exp": [
            [
              3,
              3,
              3
            ],
            [
              3,
              3,
              3
            ],
            [
              2,
              2,
              1
            ]
          ]
        },
        "paragraph_scoreT_avg": 2.6111112,
        "paragraph_id": "007"
      },
      {
        "paragraph_scoreT": [
          3,
          3,
          1.6666666
        ],
        "paragraph_scoreT_detail": {
          "paragraph_scoreT_exp": [
            [
              3,
              3,
              3
            ],
            [
              3,
              3,
              3
            ],
            [
              2,
              2,
              0
            ]
          ]
        },
        "paragraph_scoreT_avg": 2.5555556,
        "paragraph_id": "008"
      },
      {
        "paragraph_scoreT": [
          3,
          3,
          1.1666666
        ],
        "paragraph_scoreT_detail": {
          "paragraph_scoreT_exp": [
            [
              3,
              3,
              3
            ],
            [
              3,
              3,
              3
            ],
            [
              2,
              1,
              0
            ]
          ]
        },
        "paragraph_scoreT_avg": 2.3888888,
        "paragraph_id": "009"
      },
      {
        "paragraph_scoreT": [
          3,
          3,
          1.1666666
        ],
        "paragraph_scoreT_detail": {
          "paragraph_scoreT_exp": [
            [
              3,
              3,
              3
            ],
            [
              3,
              3,
              3
            ],
            [
              2,
              1,
              0
            ]
          ]
        },
        "paragraph_scoreT_avg": 2.3888888,
        "paragraph_id": "010"
      },
      {
        "paragraph_scoreT": [
          3,
          3,
          1.8333334
        ],
        "paragraph_scoreT_detail": {
          "paragraph_scoreT_exp": [
            [
              3,
              3,
              3
            ],
            [
              3,
              3,
              3
            ],
            [
              2,
              2,
              1
            ]
          ]
        },
        "paragraph_scoreT_avg": 2.6111112,
        "paragraph_id": "011"
      },
      {
        "paragraph_scoreT": [
          3,
          3,
          1.8333334
        ],
        "paragraph_scoreT_detail": {
          "paragraph_scoreT_exp": [
            [
              3,
              3,
              3
            ],
            [
              3,
              3,
              3
            ],
            [
              2,
              2,
              1
            ]
          ]
        },
        "paragraph_scoreT_avg": 2.6111112,
        "paragraph_id": "012"
      }
    ],
    "essay_scoreT": [
      30,
      27.61111,
      20.055555
    ],
    "essay_scoreT_avg": 25.888887,
    "essay_scoreT_detail": {
      "essay_scoreT_org": [
        [
          3,
          3,
          3,
          3
        ],
        [
          2,
          3,
          3,
          3
        ],
        [
          2,
          2,
          2,
          3
        ]
      ],
      "essay_scoreT_cont": [
        [
          3,
          3,
          0,
          3
        ],
        [
          3,
          2,
          0,
          3
        ],
        [
          2,
          1,
          0,
          2
        ]
      ],
      "essay_scoreT_exp": [
        [
          3,
          3,
          3
        ],
        [
          3,
          3,
          3
        ],
        [
          3,
          2,
          2
        ]
      ]
    }
  },
  "student": {
    "date": "2021.09.13",
    "student_educated": true,
    "student_grade": "고등_1학년",
    "location": "063",
    "student_grade_group": "고등",
    "student_reading": 1
  },
  "rubric": {
    "essay_grade": "고등_1학년",
    "organization_weight": {
      "org_paragraph": 2,
      "org": 2,
      "org_essay": 4,
      "org_coherence": 2,
      "org_quantity": 1
    },
    "essay_type": "설명글",
    "content_weight": {
      "con_clearance": 4,
      "con_novelty": 3,
      "con": 4,
      "con_prompt": 0,
      "con_description": 1
    },
    "essay_main_subject": "영화/독서감상문",
    "expression_weight": {
      "exp_style": 1,
      "exp_grammar": 2,
      "exp_vocab": 3,
      "exp": 4
    }
  },
  "correction": [],
  "info": {
    "essay_id": "ESSAY_34480",
    "essay_prompt": " 영화에는 로맨스, 액션, 스릴러 등 정말 많은 장르가 있습니다. 사람마다 좋아하는 장르가 있고 절대 보지 않는 장르도 있습니다.\r\n\r\n 독서도 마찬가지입니다. 소설, 수필, 시, 만화, 위인전 등 여러가지 장르가 있습니다.\r\n\r\n 여러분은 어떤 장르를 좋아하나요? 그리고 해당 장르에서 가장 재미있게 봤던 영화나 책은 무엇인가요?\r\n\r\n 자신이 봤던 영화 혹은 책을 한 편 선정하여 주제와 내용 그리고 느낀점을 감상문으로 작성해주세요.",
    "essay_type": "설명글",
    "essay_level": "3",
    "essay_len": 1392,
    "essay_main_subject": "영화/독서감상문"
  }
}