{
  "paragraph": [
    {
      "paragraph_txt": "저는 이 책을 우리가 먹는 음식에 대해 관심이 평소에 많았는데 도서관을 코로나 19때문에 가지못하여 서점에서 책을 찾는 도중 식품진단서라는 책이 있어 저의 평소 관심사와 유사하여 이책을 선정하여 읽개 되었습니다.#@문장구분# ",
      "paragraph_len": 139,
      "paragraph_id": "001"
    },
    {
      "paragraph_txt": "음식으로 못고치는 병은 약으로도 못고친다는 말이 있습니다.#@문장구분# 무엇을 어떻게 먹어야하는지에 대한 문제의식에서 출발한 저자는 화학과 교수로 현재는 캐나다 맥길 대학교 과학과 사회 연구소 소장으로 있습니다.#@문장구분# 식품이 영양학적 관점에서 사고의 전환을 모색하고자 하는 바램을 담고 있으며 어떤 문제를 고민해야할지 어떤 문제를 고민하지 말아야할지에 대해 다양한 경험과 폭넓은 지식으로재미있게 이야기를 과학적이며 객관적인 사실에 근거하여 논하고 있고 음식물에 관한 최신의 정보를 담고있습니다.#@문장구분# 요즘 문제가 되고있는 다양한 음식 첨가물에서 부터 유익하다고 알려져 있는 기적의 음식물에 대한 허와 실을 논하고 있고 유전자 조작식춤과 오염물질, 화학물질에 대해 사실에 기반한 객관적으로 논거를 유지하고자 노력하고 있습니다.#@문장구분# 65가지의 다양한 이야기 꼭지를 중심으로풀어내서 틈나는대로 읽기 쉽고 흥미롭게 우리가 먹는 음식물에 대해 살펴볼 수 있습니다.#@문장구분#",
      "paragraph_len": 563,
      "paragraph_id": "002"
    },
    {
      "paragraph_txt": "이책을 읽으면서 여러가지 음식 에피소드들을 알 수 있었고, 흥미가 있었던 식품에 더 많은 흥미를 채워준거 같아 매우 좋았습니다.#@문장구분# 이 책을 식품에 흥미가 있는 사람에게 추천해주고 싶다.#@문장구분# 기회가 된다면 이 교수의 다른 책도 읽어보고싶다.#@문장구분#",
      "paragraph_len": 190,
      "paragraph_id": "003"
    }
  ],
  "score": {
    "paragraph_score": [
      {
        "paragraph_scoreT": [
          3,
          2.8333333,
          2
        ],
        "paragraph_scoreT_detail": {
          "paragraph_scoreT_exp": [
            [
              3,
              3,
              3
            ],
            [
              3,
              3,
              2
            ],
            [
              2,
              2,
              2
            ]
          ]
        },
        "paragraph_scoreT_avg": 2.611111,
        "paragraph_id": "001"
      },
      {
        "paragraph_scoreT": [
          3,
          2.8333333,
          2
        ],
        "paragraph_scoreT_detail": {
          "paragraph_scoreT_exp": [
            [
              3,
              3,
              3
            ],
            [
              3,
              3,
              2
            ],
            [
              2,
              2,
              2
            ]
          ]
        },
        "paragraph_scoreT_avg": 2.611111,
        "paragraph_id": "002"
      },
      {
        "paragraph_scoreT": [
          3,
          2.8333333,
          2
        ],
        "paragraph_scoreT_detail": {
          "paragraph_scoreT_exp": [
            [
              3,
              3,
              3
            ],
            [
              3,
              3,
              2
            ],
            [
              2,
              2,
              2
            ]
          ]
        },
        "paragraph_scoreT_avg": 2.611111,
        "paragraph_id": "003"
      }
    ],
    "essay_scoreT": [
      30,
      27.11111,
      22.944445
    ],
    "essay_scoreT_avg": 26.685186,
    "essay_scoreT_detail": {
      "essay_scoreT_org": [
        [
          3,
          3,
          3,
          3
        ],
        [
          3,
          3,
          3,
          2
        ],
        [
          2,
          2,
          3,
          2
        ]
      ],
      "essay_scoreT_cont": [
        [
          3,
          3,
          0,
          3
        ],
        [
          3,
          2,
          0,
          2
        ],
        [
          3,
          2,
          0,
          3
        ]
      ],
      "essay_scoreT_exp": [
        [
          3,
          3,
          3
        ],
        [
          3,
          3,
          2
        ],
        [
          2,
          2,
          2
        ]
      ]
    }
  },
  "student": {
    "date": "2021.09.13",
    "student_educated": true,
    "student_grade": "고등_1학년",
    "location": "063",
    "student_grade_group": "고등",
    "student_reading": 1
  },
  "rubric": {
    "essay_grade": "고등_1학년",
    "organization_weight": {
      "org_paragraph": 2,
      "org": 2,
      "org_essay": 4,
      "org_coherence": 2,
      "org_quantity": 1
    },
    "essay_type": "설명글",
    "content_weight": {
      "con_clearance": 4,
      "con_novelty": 3,
      "con": 4,
      "con_prompt": 0,
      "con_description": 1
    },
    "essay_main_subject": "영화/독서감상문",
    "expression_weight": {
      "exp_style": 1,
      "exp_grammar": 2,
      "exp_vocab": 3,
      "exp": 4
    }
  },
  "correction": [],
  "info": {
    "essay_id": "ESSAY_34344",
    "essay_prompt": " 영화에는 로맨스, 액션, 스릴러 등 정말 많은 장르가 있습니다. 사람마다 좋아하는 장르가 있고 절대 보지 않는 장르도 있습니다.\r\n\r\n 독서도 마찬가지입니다. 소설, 수필, 시, 만화, 위인전 등 여러가지 장르가 있습니다.\r\n\r\n 여러분은 어떤 장르를 좋아하나요? 그리고 해당 장르에서 가장 재미있게 봤던 영화나 책은 무엇인가요?\r\n\r\n 자신이 봤던 영화 혹은 책을 한 편 선정하여 주제와 내용 그리고 느낀점을 감상문으로 작성해주세요.",
    "essay_type": "설명글",
    "essay_level": "3",
    "essay_len": 716,
    "essay_main_subject": "영화/독서감상문"
  }
}