{
  "paragraph": [
    {
      "paragraph_txt": "나는 이 책은 한 남자의 경험과 사건이 정말 많은 의미와 교훈을 담고있다고 생각한다.#@문장구분# 자신의 자존심과, 허영심과, 속된말로 가오를 지키키위해 했던 거짓말이 평생에 있어서 절대 놓지지 말아야할 여자를 놓치게 했기 때문이다.#@문장구분# 이것은 분명 살아가면서 평생을 후회가게 될 일이 될것이다.#@문장구분# 자신이 스페인어를 잘 하지 못한다고, 그때는 우연히 들었던 속담을 그저 말한것이라고 사실대로 말한 했다면 분명 이 소설의 끝은 해피엔딩이 될 것이라고....#@문장구분# 그려며 난 많은 것을 배울 수 있었다.#@문장구분# 거짓말은 어떤상황에서도 좋고, 나쁘고를 따질 수 없지만 언젠가는 다 밝혀지게 되어있으며 그것이 계속해서 누적되고, 습관이 된다면분명 자신에게 해가 될 수 있는 양날의 검이라는 것을 배울 수 있었다.#@문장구분# 정직하게 살자.#@문장구분# 그리고 후회할 행동은 만들면서 살지말자.#@문장구분# 이렇게 다짐할 수 있었던 소설이였다.#@문장구분#",
      "paragraph_len": 610,
      "paragraph_id": "001"
    }
  ],
  "score": {
    "paragraph_score": [
      {
        "paragraph_scoreT": [
          2.6666667,
          2,
          1.8333334
        ],
        "paragraph_scoreT_detail": {
          "paragraph_scoreT_exp": [
            [
              2,
              3,
              3
            ],
            [
              2,
              2,
              2
            ],
            [
              2,
              2,
              1
            ]
          ]
        },
        "paragraph_scoreT_avg": 2.1666667,
        "paragraph_id": "001"
      }
    ],
    "essay_scoreT": [
      28.222221,
      20.5,
      16.833334
    ],
    "essay_scoreT_avg": 21.851852,
    "essay_scoreT_detail": {
      "essay_scoreT_org": [
        [
          3,
          3,
          3,
          1
        ],
        [
          2,
          2,
          2,
          2
        ],
        [
          1,
          1,
          1,
          1
        ]
      ],
      "essay_scoreT_cont": [
        [
          3,
          3,
          0,
          3
        ],
        [
          2,
          2,
          0,
          3
        ],
        [
          2,
          2,
          0,
          1
        ]
      ],
      "essay_scoreT_exp": [
        [
          2,
          3,
          3
        ],
        [
          2,
          2,
          2
        ],
        [
          2,
          2,
          1
        ]
      ]
    }
  },
  "student": {
    "date": "2021.09.13",
    "student_educated": true,
    "student_grade": "고등_1학년",
    "location": "063",
    "student_grade_group": "고등",
    "student_reading": 1
  },
  "rubric": {
    "essay_grade": "고등_1학년",
    "organization_weight": {
      "org_paragraph": 2,
      "org": 2,
      "org_essay": 4,
      "org_coherence": 2,
      "org_quantity": 1
    },
    "essay_type": "설명글",
    "content_weight": {
      "con_clearance": 4,
      "con_novelty": 3,
      "con": 4,
      "con_prompt": 0,
      "con_description": 1
    },
    "essay_main_subject": "영화/독서감상문",
    "expression_weight": {
      "exp_style": 1,
      "exp_grammar": 2,
      "exp_vocab": 3,
      "exp": 4
    }
  },
  "correction": [],
  "info": {
    "essay_id": "ESSAY_34566",
    "essay_prompt": " 영화에는 로맨스, 액션, 스릴러 등 정말 많은 장르가 있습니다. 사람마다 좋아하는 장르가 있고 절대 보지 않는 장르도 있습니다.\r\n\r\n 독서도 마찬가지입니다. 소설, 수필, 시, 만화, 위인전 등 여러가지 장르가 있습니다.\r\n\r\n 여러분은 어떤 장르를 좋아하나요? 그리고 해당 장르에서 가장 재미있게 봤던 영화나 책은 무엇인가요?\r\n\r\n 자신이 봤던 영화 혹은 책을 한 편 선정하여 주제와 내용 그리고 느낀점을 감상문으로 작성해주세요.",
    "essay_type": "설명글",
    "essay_level": "3",
    "essay_len": 432,
    "essay_main_subject": "영화/독서감상문"
  }
}