{
  "paragraph": [
    {
      "paragraph_txt": "여름이 떠나가는 선선한 날씨에 달달함을 얻고 싶어서 달달함이 가득 첨가된 하이틴 영화인 키싱부스3를 봤다.#@문장구분# 키싱부스3는 넷플릭스에서 인기를 얻어 시즌 3까지 상영하게 된 하이틴 영화인데 \n시즌 모두 보면 몰랑몰랑한 마음과 해보지도 않은 연애의 아픔을 느낄 수 있는 영화이다.#@문장구분# \n 키싱부스는 태어날 때부터 절친인 리와 엘이 있는데 엘이 리의 형 노아를 좋아하고 두 사람이 사랑을 하면서 생기는 이야기를 담아낸 영화이다.#@문장구분# 시즌 3은 여자주인공 엘이 자신의 절친과 어릴 때부터 약속한 버클리를 가느냐 남자친구인 노아를 따라 하버드를 가느냐를 결정하고 대학에 진학하기 전에 여름을 보내는 이야기를 담았다.#@문장구분# \n 시즌 1,2의 기대감을 안고 이번에는 어떤 내용을 영화로 담아냈을까 하는 마음으로 영화를 보게 되었는데 영화는 생각한 내용이 아니라 신선했고 내 삶에 대해 한번 생각할수 있는 내용들이 담겨서 인상깊게 본 것 같다.#@문장구분# 주변인들의 의견만 받아들이고 자신이 정말 원하는 것이 무엇인지 생각을 해보지 못하는 주인공을 보고 나도 지금 주변사람들이 하는 말만 듣고 그렇게 하려고 하는게 아닌지에 대해 생각해 보고 정말 내가 무엇을 좋아하는지 내가 원하는게 무엇인지에 대해서 생각해보려고 노력해 보았다.#@문장구분# \n 이 영화는 몽글몽글한 사랑이야기만 담긴 영화인줄 알았는데 나에 대해 한번 더 고민할 수 있는 기회를 준 영화인것 같다#@문장구분#",
      "paragraph_len": 818,
      "paragraph_id": "001"
    }
  ],
  "score": {
    "paragraph_score": [
      {
        "paragraph_scoreT": [
          2.8333333,
          3,
          2.5
        ],
        "paragraph_scoreT_detail": {
          "paragraph_scoreT_exp": [
            [
              3,
              3,
              2
            ],
            [
              3,
              3,
              3
            ],
            [
              2,
              3,
              2
            ]
          ]
        },
        "paragraph_scoreT_avg": 2.7777777,
        "paragraph_id": "001"
      }
    ],
    "essay_scoreT": [
      23.555555,
      29.777779,
      26.666666
    ],
    "essay_scoreT_avg": 26.666666,
    "essay_scoreT_detail": {
      "essay_scoreT_org": [
        [
          2,
          3,
          2,
          1
        ],
        [
          3,
          3,
          3,
          2
        ],
        [
          2,
          2,
          3,
          3
        ]
      ],
      "essay_scoreT_cont": [
        [
          2,
          2,
          0,
          2
        ],
        [
          3,
          3,
          0,
          3
        ],
        [
          3,
          3,
          0,
          3
        ]
      ],
      "essay_scoreT_exp": [
        [
          3,
          3,
          2
        ],
        [
          3,
          3,
          3
        ],
        [
          2,
          3,
          2
        ]
      ]
    }
  },
  "student": {
    "date": "2021.09.13",
    "student_educated": true,
    "student_grade": "고등_1학년",
    "location": "051",
    "student_grade_group": "고등",
    "student_reading": 1
  },
  "rubric": {
    "essay_grade": "고등_1학년",
    "organization_weight": {
      "org_paragraph": 2,
      "org": 2,
      "org_essay": 4,
      "org_coherence": 2,
      "org_quantity": 1
    },
    "essay_type": "설명글",
    "content_weight": {
      "con_clearance": 4,
      "con_novelty": 3,
      "con": 4,
      "con_prompt": 0,
      "con_description": 1
    },
    "essay_main_subject": "영화/독서감상문",
    "expression_weight": {
      "exp_style": 1,
      "exp_grammar": 2,
      "exp_vocab": 3,
      "exp": 4
    }
  },
  "correction": [],
  "info": {
    "essay_id": "ESSAY_33955",
    "essay_prompt": " 영화에는 로맨스, 액션, 스릴러 등 정말 많은 장르가 있습니다. 사람마다 좋아하는 장르가 있고 절대 보지 않는 장르도 있습니다.\r\n\r\n 독서도 마찬가지입니다. 소설, 수필, 시, 만화, 위인전 등 여러가지 장르가 있습니다.\r\n\r\n 여러분은 어떤 장르를 좋아하나요? 그리고 해당 장르에서 가장 재미있게 봤던 영화나 책은 무엇인가요?\r\n\r\n 자신이 봤던 영화 혹은 책을 한 편 선정하여 주제와 내용 그리고 느낀점을 감상문으로 작성해주세요.",
    "essay_type": "설명글",
    "essay_level": "3",
    "essay_len": 680,
    "essay_main_subject": "영화/독서감상문"
  }
}