{
  "paragraph": [
    {
      "paragraph_txt": "이 책은 제목 그대로 국가가 왜 실패하는지와 우리나라와 북한과 같은 국가간의 빈부격차는 왜 생기는것인지에 대한것이다.#@문장구분# 이 책에서는 국가간의 빈부격차의 원인으로 제도의 차이를 일관되게 말하고있다.#@문장구분# 이 책의 저자는 포용적 제도를 지닌 나라들은 선진국이 되고 착취적 제도를 지닌 나라들은 후진국이 된다고 말한다.#@문장구분# 그 이유는 착취적인 제도가 사람들의 창의성을 제한하기 때문이다.#@문장구분# 착취적\n인 제도를 가진 나라들은 창의성을 제한하기 때문에 변화를 하려하지않는다.#@문장구분# 그렇기 때문에 발전하지못하는것이다.#@문장구분# 포용적인 제도는 개인간의 의견을 존중하고 창의성을 인정하기 때문에 여러 의견을 들어볼수있고 좋은 의견을 채택 하므로써 발전하게 되는것이다.#@문장구분# 선진국과 후진국의 차이는 이런데서 발생하는것이라고한다.#@문장구분# 나는 이 책을 읽으며 정말 일관되게 제도의 차이에 중점을 맞추어서 설명한것을보고 설득력있다고 생각했다#@문장구분#",
      "paragraph_len": 618,
      "paragraph_id": "001"
    }
  ],
  "score": {
    "paragraph_score": [
      {
        "paragraph_scoreT": [
          3,
          2.3333333,
          1.5
        ],
        "paragraph_scoreT_detail": {
          "paragraph_scoreT_exp": [
            [
              3,
              3,
              3
            ],
            [
              3,
              2,
              2
            ],
            [
              2,
              1,
              2
            ]
          ]
        },
        "paragraph_scoreT_avg": 2.2777777,
        "paragraph_id": "001"
      }
    ],
    "essay_scoreT": [
      23.777779,
      21.11111,
      15.777778
    ],
    "essay_scoreT_avg": 20.222223,
    "essay_scoreT_detail": {
      "essay_scoreT_org": [
        [
          2,
          2,
          2,
          1
        ],
        [
          2,
          2,
          2,
          1
        ],
        [
          2,
          2,
          2,
          1
        ]
      ],
      "essay_scoreT_cont": [
        [
          2,
          2,
          0,
          2
        ],
        [
          2,
          2,
          0,
          2
        ],
        [
          2,
          1,
          0,
          1
        ]
      ],
      "essay_scoreT_exp": [
        [
          3,
          3,
          3
        ],
        [
          3,
          2,
          2
        ],
        [
          2,
          1,
          2
        ]
      ]
    }
  },
  "student": {
    "date": "2021.09.10",
    "student_educated": true,
    "student_grade": "고등_1학년",
    "location": "063",
    "student_grade_group": "고등",
    "student_reading": 1
  },
  "rubric": {
    "essay_grade": "고등_1학년",
    "organization_weight": {
      "org_paragraph": 2,
      "org": 2,
      "org_essay": 4,
      "org_coherence": 2,
      "org_quantity": 1
    },
    "essay_type": "설명글",
    "content_weight": {
      "con_clearance": 4,
      "con_novelty": 3,
      "con": 4,
      "con_prompt": 0,
      "con_description": 1
    },
    "essay_main_subject": "영화/독서감상문",
    "expression_weight": {
      "exp_style": 1,
      "exp_grammar": 2,
      "exp_vocab": 3,
      "exp": 4
    }
  },
  "correction": [],
  "info": {
    "essay_id": "ESSAY_34433",
    "essay_prompt": " 영화에는 로맨스, 액션, 스릴러 등 정말 많은 장르가 있습니다. 사람마다 좋아하는 장르가 있고 절대 보지 않는 장르도 있습니다.\r\n\r\n 독서도 마찬가지입니다. 소설, 수필, 시, 만화, 위인전 등 여러가지 장르가 있습니다.\r\n\r\n 여러분은 어떤 장르를 좋아하나요? 그리고 해당 장르에서 가장 재미있게 봤던 영화나 책은 무엇인가요?\r\n\r\n 자신이 봤던 영화 혹은 책을 한 편 선정하여 주제와 내용 그리고 느낀점을 감상문으로 작성해주세요.",
    "essay_type": "설명글",
    "essay_level": "3",
    "essay_len": 439,
    "essay_main_subject": "영화/독서감상문"
  }
}