{
  "paragraph": [
    {
      "paragraph_txt": "영어 독서를 하던 중 전화기의 발명가에 대한 영어로 된 책을 보고 도대체 누가 어떻게 해서 전화기를 발명했는지 궁금해서 이 책을 읽게 되었다.#@문장구분# 이 책의 주인공은 알렉산더 그라함 벨이라는 사람이었는데 벨은 일곱살때 밀가루를 청소하는 기계를 만들정도로 똑똑한사람이었다.#@문장구분# 벨의 어머니는 청각장애를 가지고 있었는데, 벨은 어머니가 소리를 듣기를 원했다.#@문장구분# 그의 아빠는 소리를 들을 수 있었는데, 그는 벨의 어머니를 위해 비져블 스피치라 불리우는 신호를 만들었다.#@문장구분# 벨은 청각 장애인을 위한 학교의 교사였는데. 그는 아이들에게 아버지가 만든 비져블 스피치를 가르쳤다.#@문장구분# 벨은 소리에 대해서 호기심이 많았고, 발명에 대한 여러가지 생각이 있었다.#@문장구분# 벨은 미스터 왓슨이라는 사람과 협력하여 세계 최초의 전화기를 만들었다.#@문장구분# 또 여러 다른 발명품도 만들었다.#@문장구분# 이 책을 읽고 물리시간에 배운전자기파가 어떻게 벨은 활용했을 까도 궁금했지만 벨은 전자기파가 아닌 선으로 소리를 전달하는 발명을 했던 것 같다.#@문장구분# 벨이 죽었을때 한 시간 동안 미국 전역에 있는 전화기가 울리지 않았는데, 이는 벨을 추모하기 위한 것이라는 부분에서 아주 큰 감동을 느낄 수 있었다.#@문장구분# 내가 대학교에 간다면 이 벨처럼 다른 사람을 위해 발명을 하여 더 편리한 세상을 만드는 큰 일을 하고 싶다.#@문장구분#",
      "paragraph_len": 857,
      "paragraph_id": "001"
    }
  ],
  "score": {
    "paragraph_score": [
      {
        "paragraph_scoreT": [
          3,
          2.8333333,
          2
        ],
        "paragraph_scoreT_detail": {
          "paragraph_scoreT_exp": [
            [
              3,
              3,
              3
            ],
            [
              3,
              3,
              2
            ],
            [
              2,
              2,
              2
            ]
          ]
        },
        "paragraph_scoreT_avg": 2.611111,
        "paragraph_id": "001"
      }
    ],
    "essay_scoreT": [
      29.777779,
      28.222221,
      22.444445
    ],
    "essay_scoreT_avg": 26.814814,
    "essay_scoreT_detail": {
      "essay_scoreT_org": [
        [
          3,
          3,
          3,
          2
        ],
        [
          2,
          3,
          3,
          2
        ],
        [
          2,
          2,
          3,
          2
        ]
      ],
      "essay_scoreT_cont": [
        [
          3,
          3,
          0,
          3
        ],
        [
          3,
          3,
          0,
          3
        ],
        [
          3,
          2,
          0,
          2
        ]
      ],
      "essay_scoreT_exp": [
        [
          3,
          3,
          3
        ],
        [
          3,
          3,
          2
        ],
        [
          2,
          2,
          2
        ]
      ]
    }
  },
  "student": {
    "date": "2021.09.13",
    "student_educated": true,
    "student_grade": "고등_1학년",
    "location": "063",
    "student_grade_group": "고등",
    "student_reading": 1
  },
  "rubric": {
    "essay_grade": "고등_1학년",
    "organization_weight": {
      "org_paragraph": 2,
      "org": 2,
      "org_essay": 4,
      "org_coherence": 2,
      "org_quantity": 1
    },
    "essay_type": "설명글",
    "content_weight": {
      "con_clearance": 4,
      "con_novelty": 3,
      "con": 4,
      "con_prompt": 0,
      "con_description": 1
    },
    "essay_main_subject": "영화/독서감상문",
    "expression_weight": {
      "exp_style": 1,
      "exp_grammar": 2,
      "exp_vocab": 3,
      "exp": 4
    }
  },
  "correction": [],
  "info": {
    "essay_id": "ESSAY_34434",
    "essay_prompt": " 영화에는 로맨스, 액션, 스릴러 등 정말 많은 장르가 있습니다. 사람마다 좋아하는 장르가 있고 절대 보지 않는 장르도 있습니다.\r\n\r\n 독서도 마찬가지입니다. 소설, 수필, 시, 만화, 위인전 등 여러가지 장르가 있습니다.\r\n\r\n 여러분은 어떤 장르를 좋아하나요? 그리고 해당 장르에서 가장 재미있게 봤던 영화나 책은 무엇인가요?\r\n\r\n 자신이 봤던 영화 혹은 책을 한 편 선정하여 주제와 내용 그리고 느낀점을 감상문으로 작성해주세요.",
    "essay_type": "설명글",
    "essay_level": "3",
    "essay_len": 637,
    "essay_main_subject": "영화/독서감상문"
  }
}