{
  "paragraph": [
    {
      "paragraph_txt": "글은 어떻게 일하는지, 어떤 일을 해왔으며, 구글 안의 여러 특색들에 대한 내용을 구글의 최고 경영자, 바로 CEO인 에릭 슈이트와 이사인 조너선 로젠버그가 경험으로부터 직접 설명해준다.#@문장구분# 구글은 1998년에 세르게이 브런과 래리 페이지가 공동으로 창립했으며, 스탠퍼드 대학의 기숙사에서 시작되었다.#@문장구분# 그 동안 이틀을 단순한 몇가지 원칙에 따라 회사를 운영했는데, 그 중 하나가 바로 사용자에 초점을 맞춘다는 것이다.#@문장구분# 가장 뛰어난 서비스를 제공하면 돈은 저절로 따라온다고 믿었고, 그러기 위해서 가능한 많은 소프트웨어 엔지니어를 채용하고 대학교와 같은 자유를 가지는 환경을 제공하였다.#@문장구분# 이러한 원칙이 현재 구글 직원의 절반이 엔지니어라는 결과가 되었다.#@문장구분# 이런 환경에서 구글의 문화는 다른 가입과 확연히 다른 점이 드러나는데, 현재 구글 관련 서비스를 이용하는 저의 모든 사람이 광고를 볼 때, 이용되는 구글 애드워즈 엔진의 기초도 특이하게 만들어졌다.#@문장구분# 2002년 5월에 창업주인 대리 페이지는 검색을 할 때, 일부 광고가 검색어와 연관이 없는 광고가 나와 충격을 받게 된다.#@문장구분# 여기서 정상적인 직업이면, 최고 경영자가 제품 담당자를 호출하여, 회의를 하고 행동넘침을 결정하여 설정을 거둔뒤 해결 하겠지만, 그런 광고가 나온 페이지를 인쇄하여 게시판에 대문자로 \"이런 광고를 너줄게\" 라 써놓고 집으로 갔다.#@문장구분# 그리고 다음주 월요일에 제프인의 팀에서 이메일이 와서 그 존재 공존한다는 말과 함께 주말동안 생각해낸 해결방안들이 적혀있었다.#@문장구분# 이는  곧 수십억 달러의 사업으로 확대되었다.#@문장구분# 그 외에도 의사결정의 질적 수준을 급여의 수준과는 무관하기 때문에 창업자인 세르제이와 그냥 일반직원의 의견 사용에도 세르 제이가 의견을 접는 일이 있을 정도다.#@문장구분# 이런 구글의 방식이 입증된 제품들을 만들어 낸 것이 정말 대단하다.#@문장구분#",
      "paragraph_len": 1137,
      "paragraph_id": "001"
    }
  ],
  "score": {
    "paragraph_score": [
      {
        "paragraph_scoreT": [
          3,
          3,
          2
        ],
        "paragraph_scoreT_detail": {
          "paragraph_scoreT_exp": [
            [
              3,
              3,
              3
            ],
            [
              3,
              3,
              3
            ],
            [
              2,
              2,
              2
            ]
          ]
        },
        "paragraph_scoreT_avg": 2.6666667,
        "paragraph_id": "001"
      }
    ],
    "essay_scoreT": [
      30,
      27.166666,
      22.944445
    ],
    "essay_scoreT_avg": 26.703703,
    "essay_scoreT_detail": {
      "essay_scoreT_org": [
        [
          3,
          3,
          3,
          3
        ],
        [
          2,
          2,
          3,
          3
        ],
        [
          2,
          2,
          3,
          2
        ]
      ],
      "essay_scoreT_cont": [
        [
          3,
          3,
          0,
          3
        ],
        [
          3,
          2,
          0,
          3
        ],
        [
          3,
          2,
          0,
          3
        ]
      ],
      "essay_scoreT_exp": [
        [
          3,
          3,
          3
        ],
        [
          3,
          3,
          3
        ],
        [
          2,
          2,
          2
        ]
      ]
    }
  },
  "student": {
    "date": "2021.09.07",
    "student_educated": true,
    "student_grade": "고등_1학년",
    "location": "051",
    "student_grade_group": "고등",
    "student_reading": 1
  },
  "rubric": {
    "essay_grade": "고등_1학년",
    "organization_weight": {
      "org_paragraph": 2,
      "org": 2,
      "org_essay": 4,
      "org_coherence": 2,
      "org_quantity": 1
    },
    "essay_type": "설명글",
    "content_weight": {
      "con_clearance": 4,
      "con_novelty": 3,
      "con": 4,
      "con_prompt": 0,
      "con_description": 1
    },
    "essay_main_subject": "영화/독서감상문",
    "expression_weight": {
      "exp_style": 1,
      "exp_grammar": 2,
      "exp_vocab": 3,
      "exp": 4
    }
  },
  "correction": [],
  "info": {
    "essay_id": "ESSAY_34164",
    "essay_prompt": " 영화에는 로맨스, 액션, 스릴러 등 정말 많은 장르가 있습니다. 사람마다 좋아하는 장르가 있고 절대 보지 않는 장르도 있습니다.\r\n\r\n 독서도 마찬가지입니다. 소설, 수필, 시, 만화, 위인전 등 여러가지 장르가 있습니다.\r\n\r\n 여러분은 어떤 장르를 좋아하나요? 그리고 해당 장르에서 가장 재미있게 봤던 영화나 책은 무엇인가요?\r\n\r\n 자신이 봤던 영화 혹은 책을 한 편 선정하여 주제와 내용 그리고 느낀점을 감상문으로 작성해주세요.",
    "essay_type": "설명글",
    "essay_level": "3",
    "essay_len": 901,
    "essay_main_subject": "영화/독서감상문"
  }
}