{
  "paragraph": [
    {
      "paragraph_txt": "이 책은 Trysdale 이라는 남자와 한 여자가 사랑하다 헤어진 이야기를 다루는 소설이다.#@문장구분# 책의 시작은 Trysdale 이 자신의 전여자친구 와 사랑했던 때를 떠올리며 그때로 돌아간다.#@문장구분# Trysdale은 전여자친구와 한 번도 싸우지 않았고, 그녀는 Trysdale 을 신뢰하며 그를 무척 사랑했다.#@문장구분# Trysdale 을 과장하는 것을 좋아하는 친구에게 들은 한 스페인어를 여자친구에게 한 적이 있는데 Trysdale은 스페인어 를 잘 하지 못했다.#@문장구분# 그녀는 Trysdale에게 칭찬을 하며 못 하는 것이 무엇이냐며 칭찬했지만 그는 그녀의 칭찬이 너무 달콤해 부정하지 않았다.#@문장구분# 어느날 Trysdale이 그녀에게 프로포즈를 하였고 그녀는 망설이며 다음날 답장하겠다고 한다.#@문장구분# 다음날 Trysdale의 집에 그녀의 하인으로부터 ventomarme라고 적힌 한 선인장을 받았다.#@문장구분# 스페인어인 ventomarme는 come and take me 라는 뜻이고 그의 프로포즈를 받아들인다는 뜻이었다.#@문장구분# 하지만 그는 스페인어를 이해하지 못해 그녀의 대답에 화가 났고 둘은 그 이후 점점 멀어졌다.#@문장구분# 그 이후 그 녀의 결혼식장에서 Trysdale은 그녀의 오빠이자 그의 친구에게 ventomarme 의 뜻을 듣고 이야기가 마무리된다.#@문장구분# 이 마지막 말을 읽었을 때 Trysdale의 기분을 조금 헤아릴 수 있었고, Trysdale이 스페인어를 못 한다고 했더라면 이 일들은 일어나지 않았을 거라는 생각이 들었고 안타까웠다.#@문장구분#",
      "paragraph_len": 944,
      "paragraph_id": "001"
    }
  ],
  "score": {
    "paragraph_score": [
      {
        "paragraph_scoreT": [
          2.6666667,
          2,
          2
        ],
        "paragraph_scoreT_detail": {
          "paragraph_scoreT_exp": [
            [
              2,
              3,
              3
            ],
            [
              2,
              2,
              2
            ],
            [
              2,
              2,
              2
            ]
          ]
        },
        "paragraph_scoreT_avg": 2.2222223,
        "paragraph_id": "001"
      }
    ],
    "essay_scoreT": [
      21.166668,
      20,
      21.055555
    ],
    "essay_scoreT_avg": 20.74074,
    "essay_scoreT_detail": {
      "essay_scoreT_org": [
        [
          2,
          2,
          2,
          2
        ],
        [
          2,
          2,
          2,
          2
        ],
        [
          2,
          1,
          2,
          2
        ]
      ],
      "essay_scoreT_cont": [
        [
          2,
          1,
          0,
          2
        ],
        [
          2,
          2,
          0,
          2
        ],
        [
          3,
          2,
          0,
          1
        ]
      ],
      "essay_scoreT_exp": [
        [
          2,
          3,
          3
        ],
        [
          2,
          2,
          2
        ],
        [
          2,
          2,
          2
        ]
      ]
    }
  },
  "student": {
    "date": "2021.09.07",
    "student_educated": true,
    "student_grade": "고등_1학년",
    "location": "063",
    "student_grade_group": "고등",
    "student_reading": 1
  },
  "rubric": {
    "essay_grade": "고등_1학년",
    "organization_weight": {
      "org_paragraph": 2,
      "org": 2,
      "org_essay": 4,
      "org_coherence": 2,
      "org_quantity": 1
    },
    "essay_type": "설명글",
    "content_weight": {
      "con_clearance": 4,
      "con_novelty": 3,
      "con": 4,
      "con_prompt": 0,
      "con_description": 1
    },
    "essay_main_subject": "영화/독서감상문",
    "expression_weight": {
      "exp_style": 1,
      "exp_grammar": 2,
      "exp_vocab": 3,
      "exp": 4
    }
  },
  "correction": [],
  "info": {
    "essay_id": "ESSAY_34538",
    "essay_prompt": " 영화에는 로맨스, 액션, 스릴러 등 정말 많은 장르가 있습니다. 사람마다 좋아하는 장르가 있고 절대 보지 않는 장르도 있습니다.\r\n\r\n 독서도 마찬가지입니다. 소설, 수필, 시, 만화, 위인전 등 여러가지 장르가 있습니다.\r\n\r\n 여러분은 어떤 장르를 좋아하나요? 그리고 해당 장르에서 가장 재미있게 봤던 영화나 책은 무엇인가요?\r\n\r\n 자신이 봤던 영화 혹은 책을 한 편 선정하여 주제와 내용 그리고 느낀점을 감상문으로 작성해주세요.",
    "essay_type": "설명글",
    "essay_level": "3",
    "essay_len": 724,
    "essay_main_subject": "영화/독서감상문"
  }
}