{
  "paragraph": [
    {
      "paragraph_txt": "the cactus라는 책은 영어 시간에 교과서에 있던 O.Henry의 소설로, 나는 교과서에 있는 the cactus의 한 부분인 Trysdale이 자신의 연인과 헤어진 후에 그녀의 결혼식에서 썼던 장갑을 벗는 것으로부터 시작한다.#@문장구분# 그는 결혼식 장갑을 벗으면서 왜 자신이 자신의 연인과 헤어졌는지 알지 못하고 그것을 알고자 한다.#@문장구분# Trysdale은 그녀와의 관계를 회상하며 자신과 그녀와에 일어난 일들을 되짚어 보는 데, 그녀에게 그는 항상 많이 아는 척을 하였다.#@문장구분# 또한 그는 그녀에게 스페인어로 된 말을 하면서 마치 자신이 스페인어를 잘한다는 듯이 굴었고, 그녀가 스페인어를 포함해서 왜 드렇게 모든 것을 잘하냐고 믈었을때에는 그녀의 말이 너무 달콤한 나머지 그녀에게 진실(스페인어를 잘 못한다는 것)을 감추고 칭찬을 받아들였다.#@문장구분# 그리고 만나다가 그녀에게 청혼을 하였는데 그녀가 다음날에 자신의 대답을 준다고 하였고, Trysdale은 그녀가 부끄러워서 그 러는 것이라 생각하고 다음날 아침까지 행복하게 기다렸다.#@문장구분# 그러나 다음날 아침에 선인장 하나가 온 것 빼고는 아무런 답이 오지 않았고 선인장도 화분이랑 그 선인장의 품종 이름처럼 보이는 것이 적혀 있는 푯말이 있을 뿐이었다.#@문장구분# 그래서 그는 실망하고 며칠 동안 그녀를 찾아가지 않았다.#@문장구분# 시간이 흐른 후 한 저녁 식사 자리에서 그는 그녀를 만났는데 그녀는 그에게 대답을 바라는 듯한 시선을 보였지만 그가 자존심이 상했기 때문에 그녀의 시선을 회피하자 그녀도 그 날부터 Try sdale을 피한다.#@문장구분# 그리고 그녀가 결혼하게 되는데 Trysdale은 지난날의 기억을 회상하던 중 옆에 있는 자신의 친구가 자신에게 차를 권유하는 것으로 회상이 깨게 되고, 자신의 친구가 선인장의 푯말인 스페인어의 뜻을 알려주자 자신의 오해를 깨닫는다.#@문장구분# 이 것을 읽고 자만과 허영은 독이라는 것을 다시 한번 깨달았다.#@문장구분# ",
      "paragraph_len": 1122,
      "paragraph_id": "001"
    }
  ],
  "score": {
    "paragraph_score": [
      {
        "paragraph_scoreT": [
          1.8333334,
          1.3333334,
          1.8333334
        ],
        "paragraph_scoreT_detail": {
          "paragraph_scoreT_exp": [
            [
              2,
              2,
              1
            ],
            [
              2,
              1,
              1
            ],
            [
              2,
              2,
              1
            ]
          ]
        },
        "paragraph_scoreT_avg": 1.6666666,
        "paragraph_id": "001"
      }
    ],
    "essay_scoreT": [
      16.277779,
      15.833334,
      18.38889
    ],
    "essay_scoreT_avg": 16.833334,
    "essay_scoreT_detail": {
      "essay_scoreT_org": [
        [
          1,
          1,
          1,
          3
        ],
        [
          2,
          2,
          2,
          2
        ],
        [
          2,
          1,
          2,
          2
        ]
      ],
      "essay_scoreT_cont": [
        [
          2,
          1,
          0,
          2
        ],
        [
          2,
          1,
          0,
          2
        ],
        [
          2,
          2,
          0,
          1
        ]
      ],
      "essay_scoreT_exp": [
        [
          2,
          2,
          1
        ],
        [
          2,
          1,
          1
        ],
        [
          2,
          2,
          1
        ]
      ]
    }
  },
  "student": {
    "date": "2021.09.07",
    "student_educated": true,
    "student_grade": "고등_1학년",
    "location": "063",
    "student_grade_group": "고등",
    "student_reading": 3
  },
  "rubric": {
    "essay_grade": "고등_1학년",
    "organization_weight": {
      "org_paragraph": 2,
      "org": 2,
      "org_essay": 4,
      "org_coherence": 2,
      "org_quantity": 1
    },
    "essay_type": "설명글",
    "content_weight": {
      "con_clearance": 4,
      "con_novelty": 3,
      "con": 4,
      "con_prompt": 0,
      "con_description": 1
    },
    "essay_main_subject": "영화/독서감상문",
    "expression_weight": {
      "exp_style": 1,
      "exp_grammar": 2,
      "exp_vocab": 3,
      "exp": 4
    }
  },
  "correction": [],
  "info": {
    "essay_id": "ESSAY_34582",
    "essay_prompt": " 영화에는 로맨스, 액션, 스릴러 등 정말 많은 장르가 있습니다. 사람마다 좋아하는 장르가 있고 절대 보지 않는 장르도 있습니다.\r\n\r\n 독서도 마찬가지입니다. 소설, 수필, 시, 만화, 위인전 등 여러가지 장르가 있습니다.\r\n\r\n 여러분은 어떤 장르를 좋아하나요? 그리고 해당 장르에서 가장 재미있게 봤던 영화나 책은 무엇인가요?\r\n\r\n 자신이 봤던 영화 혹은 책을 한 편 선정하여 주제와 내용 그리고 느낀점을 감상문으로 작성해주세요.",
    "essay_type": "설명글",
    "essay_level": "3",
    "essay_len": 922,
    "essay_main_subject": "영화/독서감상문"
  }
}