{
  "paragraph": [
    {
      "paragraph_txt": "파이브 피트라는 영화 속의 주인공들은 같은 병을 가진 사람들이 서로 6 피트 이하 접근을 하면 안되며 접촉하면 위험해지는 낭포성 섬유증을 가졌다.#@문장구분# 이 환자들은 대부분 청소년들인에, 그중에 주인공 '스텔라'와 '윌'은 병원에서 처음 만나는데 안전거리를 유지해야하는 상황에서 친해지는데 제약을 받는다.#@문장구분# 그들은 병 때문에 지켜야했던 6피트에서 1피트 가까워진 5피트 만큼 거리를 유지하기로 선택하고 병원 밖으로 간다.#@문장구분# 주변의 가족들,간호사들은 이들을 말리지만 몰래 나와 데이트를 하지만 곧 '스텔라'가 빙판 위에 걷다가 물에 빠져 위험해진다.#@문장구분# 윌은 스텔라를 구하게 되지만 인공호흡을 하게 돼서 병원으로 간다.#@문장구분# 마지막에는 스텔라는 폐 이식을 받게 되고 서로 헤어지는데, 윌이 어떻게 되는지 결말은 열린 상태로 끝난다.#@문장구분# \n이 영화를 보면서 가장 인상 깊었던 인물은, 스텔라와 함께 어렸을 때부터 친하게 지냈던 친구인  '포'이다.#@문장구분#  또한 스텔라처럼 병을 앓고 있었는데, 우울한 생활을 한 스텔라를 위해서 좋은 말을 많이 해주고 도움을 준다.#@문장구분# 스텔라와 포는 간호사 몰래 윌을 위한 파티를 준비하는 등 즐겁게 지내다가, 파티를 한 이후 포가 갑작스럽게 죽게 된다.#@문장구분# 포라는 인물은 스텔라를 진심으로 응원했고 현실에 많이 없는 사람이라고 생각했다.#@문장구분# 이런 사람들이 병을 앓고 내가 사는 평범한 생활을 못하는 청소년이라는 것을 생각하면 병을 치료해주는 기술이 아직 많이 부족하다고 생각했다.#@문장구분# 포 말고도 현실에 아직도 많은 사람들이  병으로 인해 병원에 지내며 제약을 많이 받는데, 이를 해결해줄 치료기술이 시급하다는 생각이 들었다.#@문장구분# 그 중에서도 청소년이나,소아 환자들은 더 안타까운 경우라고 생각했다.#@문장구분# 이 영화를 보고 나서 하루빨리  낭포성 섬유증 환자들과,이 외의 병을 앓고 있는 모든 사람들을 위해 치료기술 연구가 빨라져야한다고 생각했다.#@문장구분#",
      "paragraph_len": 1188,
      "paragraph_id": "001"
    }
  ],
  "score": {
    "paragraph_score": [
      {
        "paragraph_scoreT": [
          3,
          2.8333333,
          2
        ],
        "paragraph_scoreT_detail": {
          "paragraph_scoreT_exp": [
            [
              3,
              3,
              3
            ],
            [
              3,
              3,
              2
            ],
            [
              2,
              2,
              2
            ]
          ]
        },
        "paragraph_scoreT_avg": 2.611111,
        "paragraph_id": "001"
      }
    ],
    "essay_scoreT": [
      30,
      26.277779,
      23.166666
    ],
    "essay_scoreT_avg": 26.481482,
    "essay_scoreT_detail": {
      "essay_scoreT_org": [
        [
          3,
          3,
          3,
          3
        ],
        [
          2,
          2,
          3,
          2
        ],
        [
          2,
          2,
          3,
          3
        ]
      ],
      "essay_scoreT_cont": [
        [
          3,
          3,
          0,
          3
        ],
        [
          3,
          2,
          0,
          3
        ],
        [
          3,
          2,
          0,
          3
        ]
      ],
      "essay_scoreT_exp": [
        [
          3,
          3,
          3
        ],
        [
          3,
          3,
          2
        ],
        [
          2,
          2,
          2
        ]
      ]
    }
  },
  "student": {
    "date": "2021.09.06",
    "student_educated": true,
    "student_grade": "고등_1학년",
    "location": "051",
    "student_grade_group": "고등",
    "student_reading": 1
  },
  "rubric": {
    "essay_grade": "고등_1학년",
    "organization_weight": {
      "org_paragraph": 2,
      "org": 2,
      "org_essay": 4,
      "org_coherence": 2,
      "org_quantity": 1
    },
    "essay_type": "설명글",
    "content_weight": {
      "con_clearance": 4,
      "con_novelty": 3,
      "con": 4,
      "con_prompt": 0,
      "con_description": 1
    },
    "essay_main_subject": "영화/독서감상문",
    "expression_weight": {
      "exp_style": 1,
      "exp_grammar": 2,
      "exp_vocab": 3,
      "exp": 4
    }
  },
  "correction": [],
  "info": {
    "essay_id": "ESSAY_34375",
    "essay_prompt": " 영화에는 로맨스, 액션, 스릴러 등 정말 많은 장르가 있습니다. 사람마다 좋아하는 장르가 있고 절대 보지 않는 장르도 있습니다.\r\n\r\n 독서도 마찬가지입니다. 소설, 수필, 시, 만화, 위인전 등 여러가지 장르가 있습니다.\r\n\r\n 여러분은 어떤 장르를 좋아하나요? 그리고 해당 장르에서 가장 재미있게 봤던 영화나 책은 무엇인가요?\r\n\r\n 자신이 봤던 영화 혹은 책을 한 편 선정하여 주제와 내용 그리고 느낀점을 감상문으로 작성해주세요.",
    "essay_type": "설명글",
    "essay_level": "3",
    "essay_len": 908,
    "essay_main_subject": "영화/독서감상문"
  }
}