{
  "paragraph": [
    {
      "paragraph_txt": "내가 평소에 피아노에 관심이 많아 sns를 둘러보다 이 영화를 접하게 되었고 이 작품이 많은 상을 받았다길래 보게 되었다.#@문장구분# 이 영화는 인종차별과 관련된 영화였다.#@문장구분# 한 유명한 흑인 피아니스트 '돈 셜리'가 전국투어를 백인 운전사와 함께 떠나는 내용이었다.#@문장구분# '셜리'는 피아노 연주로는 높이 평가 받았지만 사람들은 그가 흑인이라는 이유로 식사를 안주기도 하고, 건물 내 화장실을 사용할 수 없게 하고, 체포하기도 하였다.#@문장구분# 내가 미국에서 한 학기 간 학교를 다닐 때도 약간의 차별이 있어 힘들었었는데 '셜리'가 더 차별당하는 모습을 보고 더욱 안타까웠다.#@문장구분# \n 이 영화에서 내게 가장 인상 깊었던 장면이 있다.#@문장구분# '셜리'가 공연하는 곳에서 흑인이라 식사를 줄 수 없다고 하자 '셜리'와 운전사 '토니'는 공연을 하지 않고 근처 술집에 가게된다.#@문장구분# 거기에서 '셜리'가 쇼팽의 에튀드 op.25 no.11 '겨울바람'을 연주하는데 그 장면이 기억에 남는다.#@문장구분# 거기에서는 '셜리'의 음악을 인정해주고 차별없이 사람들과 어울려 음악을 즐기는 모습이 감동이었다.#@문장구분# \n 마지막으로 내가 놀란 부분이 있었다.#@문장구분# 마지막 장면에서 '셜리'가 '겨울바람'을 연주하는 부분이 배우가 직접 연주했다는 것이다.#@문장구분# 그 곡은 내가 현재 피아노를 10년째 연습하고 있지만 나도 연주하기 힘든 곡이고 난이도가 매우 높아 대학교 입시 때도 쓰는 곡이다.#@문장구분# 그런곡을 배우가 직접 연주했다는 것을 알고 그 배우에 존경심이 들었다.#@문장구분# 나도 내가 하고자 하는 일을 이룰 수 있겠다는 동기부여를 받은 것 같다.#@문장구분#",
      "paragraph_len": 1033,
      "paragraph_id": "001"
    }
  ],
  "score": {
    "paragraph_score": [
      {
        "paragraph_scoreT": [
          2.8333333,
          3,
          2.8333333
        ],
        "paragraph_scoreT_detail": {
          "paragraph_scoreT_exp": [
            [
              3,
              3,
              2
            ],
            [
              3,
              3,
              3
            ],
            [
              3,
              3,
              2
            ]
          ]
        },
        "paragraph_scoreT_avg": 2.8888886,
        "paragraph_id": "001"
      }
    ],
    "essay_scoreT": [
      27.166666,
      28.88889,
      24
    ],
    "essay_scoreT_avg": 26.685186,
    "essay_scoreT_detail": {
      "essay_scoreT_org": [
        [
          3,
          3,
          2,
          2
        ],
        [
          2,
          3,
          3,
          2
        ],
        [
          2,
          2,
          3,
          3
        ]
      ],
      "essay_scoreT_cont": [
        [
          3,
          2,
          0,
          3
        ],
        [
          3,
          3,
          0,
          3
        ],
        [
          2,
          2,
          0,
          2
        ]
      ],
      "essay_scoreT_exp": [
        [
          3,
          3,
          2
        ],
        [
          3,
          3,
          3
        ],
        [
          3,
          3,
          2
        ]
      ]
    }
  },
  "student": {
    "date": "2021.09.13",
    "student_educated": true,
    "student_grade": "고등_1학년",
    "location": "051",
    "student_grade_group": "고등",
    "student_reading": 1
  },
  "rubric": {
    "essay_grade": "고등_1학년",
    "organization_weight": {
      "org_paragraph": 2,
      "org": 2,
      "org_essay": 4,
      "org_coherence": 2,
      "org_quantity": 1
    },
    "essay_type": "설명글",
    "content_weight": {
      "con_clearance": 4,
      "con_novelty": 3,
      "con": 4,
      "con_prompt": 0,
      "con_description": 1
    },
    "essay_main_subject": "영화/독서감상문",
    "expression_weight": {
      "exp_style": 1,
      "exp_grammar": 2,
      "exp_vocab": 3,
      "exp": 4
    }
  },
  "correction": [],
  "info": {
    "essay_id": "ESSAY_33957",
    "essay_prompt": " 영화에는 로맨스, 액션, 스릴러 등 정말 많은 장르가 있습니다. 사람마다 좋아하는 장르가 있고 절대 보지 않는 장르도 있습니다.\r\n\r\n 독서도 마찬가지입니다. 소설, 수필, 시, 만화, 위인전 등 여러가지 장르가 있습니다.\r\n\r\n 여러분은 어떤 장르를 좋아하나요? 그리고 해당 장르에서 가장 재미있게 봤던 영화나 책은 무엇인가요?\r\n\r\n 자신이 봤던 영화 혹은 책을 한 편 선정하여 주제와 내용 그리고 느낀점을 감상문으로 작성해주세요.",
    "essay_type": "설명글",
    "essay_level": "3",
    "essay_len": 755,
    "essay_main_subject": "영화/독서감상문"
  }
}