{
  "paragraph": [
    {
      "paragraph_txt": "처음 내가 클라라와 태양이라는 책을 읽었을 때, 이 책은 무엇일까 생각을 해보았다.#@문장구분# 나는 이 책의 제목만으로는 내용을 생각해내기가 매우 어려웠다.#@문장구분# 그래서 나는 검색을 통해 이 책의 간단한 내용을 살펴보았다.#@문장구분# 이 책은 인공지능과 인간이 친구가 되는 내용이었다.#@문장구분# 나는 굉장한 기대를 가지고 이 책을 읽기 시작했다.#@문장구분#  \n이 책, 클라라와 태양을 2017년 노벨 문학상을 수상한 가즈오 이시구로의 최신작이라고 하여서 나는 이 책에 더 큰 기대감을 가지게 되었다.#@문장구분# \n이 소설의 주인공 클라라는 에이에프(artificial friend)이다.#@문장구분# 클라라는 아직 팔리지 않은 에이에프이기 때문에 처음에는 가게에서 지낸다.#@문장구분# 클라라는 특히 관찰력이 좋기 때문에 가게에서 주변 세상을 관찰하며 살아간다.#@문장구분# 어느날 클라의 가게에 조시라는 아이가 오고 조시는 클라라에게 관심을 가진다.#@문장구분# 이때 조시의 어머니는 클라라에게 조시의 걸음거리를 따라해 보라고 시킨다.#@문장구분# 조시네 가족은 아직 클라라를 조시의 에에에프로 대려오지 않는다.#@문장구분# 며칠뒤 조시네 가족은 다시 한 번 가게에 방문하여 클라라를 집 안으로 데려온다.#@문장구분# 클라라가 조시의 집에서 적응하고 있을 때, 조시네 집에서 조시가 자신의 오랜 친구인 릭을 데리고 교류 모임을 가진다.#@문장구분# 조시의 친구는 조시의 에이에프, 클라라에게 많은 관심을 가진다.#@문장구분# 조시의 친구들은 조시가 왜 더 상위 모델인 B3를 구매하지 않았는지 묻는다.#@문장구분# 이때 조시는 대답한다.#@문장구분# \"B3를 사야 했었나?\"#@문장구분# 이때부터 조시와 클라라의 거리가 조금씩 멀어지기 시작한다.#@문장구분# 클라라는 조시가 몸이 아픈 아이라는 것을 알게된다.#@문장구분# 그 이유는 조시가 '향상'을 했기 때문이다.#@문장구분# 이 소설의 사회에서는 '향상'된 아이들만이 대학을 갈 수 있고. '향상'된 아이들이 사회의 주류로서 자리를 잡는다.#@문장구분# 그래서 조시 어머니와 클라라는 단 둘이 모건 폭포에 나들이를 간다.#@문장구분# 모건 폭포에서 조시 어머니는 클라라에게 계속 조시인 것처럼 행동해라고 이야기한다.#@문장구분# \n릭은 '향상'이 되지 않은 아이이다.#@문장구분# 하지만 닉의 어머니, 헬렌 씨는 닉이 '향상'이 되어서 대학에 가면 좋겠다고 생각한다.#@문장구분# 하지만 릭은 '향상'을 원하지 않는다.#@문장구분# \n클라라는 조시의 언니가 죽었고 조시 어머니가 언니의 모습을 토대로 인형을 만들었다는 것을 알게된다.#@문장구분# 그리고 조시의 부모님이 조시의 죽음을 대비하여 클라라를 입양하였고 클라라가 조시를 관찰하여 조시를 따라 할 수 있게 만들고 있고, 클라라의 내면이 들어갈 수 있고 조시를 닯은 제2의 조시를 만들고 있다는 사실을 안다.#@문장구분# 클라라는 조시 어머니의 계획을 듣고 수용을 하기도 했지만, 클라라의 내면에서는 조시가 나았으면 좋겠다는 생각을 가지고 있었고, 조시가 나을 수 있도록 릭의 도움을 받아 태양에게 기도를 한다.#@문장구분# 태양은 클라라의 간절함을 깨닫고 조시를 비춰서 조시가 나을 수 있도록 하였고, 조시는 완전히 나아 대학에 진출한다.#@문장구분# \n나는 이 책이 우리 미래의 모습을 잘 나타내고 있다고 생각한다.#@문장구분# 왜냐하면 현재 우리는 알파고와 같은 여러 인공지능을 개발하고 있고, 인간과 같이 감정을 느끼는 인공지능 또한 많이 개발되었다.#@문장구분# 그리고 나는 이런 기술이 조만간 클라라와 같은 에이에프가 개발되어 우리 일상생활에서 자주 접할 수 있다고 생각한다.#@문장구분# \n나는 이 책을 읽으면서 인간이 '향상'된 사람과 '향상'이 되지 않은 자의 차이가 있던 소설 속의 세계를 알게 되었다.#@문장구분# 이 모습은 우리 미래를 대변하는 것처럼 보였다.#@문장구분# 우리 미래에는 분명 인간을 업그레이드 시키는 기술이 등장 할 것이고 업그레이드된 인간과 그렇지 않은 인간에서 차이와 차별이 존재할 것이다.#@문장구분# 나는 여기에서 인간을 '향상'하는 기술이 생겨나는 것이 과연 올바를지 다시 한 번 생각하게 되었다.#@문장구분# \n그리고 나는 '인간다움' 이라는 것을 이 책을 통해 생각하는 계기가 되었던 것 같다.#@문장구분# 조시 어머니는 조시를 대체할 인형을 만들어서 클라라의 정신을 넣어 조시가 죽었을 때를 대비하고 있었다.#@문장구분# 이렇게 인간을 대체 할 수 있다면 조시는 무엇이고, 새로이 만들어진 인형 조시는 무엇인가?#@문장구분# 인위적으로 만든 것이 과연 인간을 대체할 수 있으면 어떻게 될까?#@문장구분# 그리고 이 책에서의 인공지능, 클라라는 감정과 감수성을 가진 로봇이였다.#@문장구분# 나는 클라라가 한 말, \"어쩌면 인간은 전부 외로운 것 같아요.\"라고 말한 것이 매우 기억에 남았다.#@문장구분# 클라라는 굉장히 관찰력이 좋다.#@문장구분# 자신의 좋은 관찰력을 바탕으로 인간들을 관찰하여 그런 인간의 특성을 유추한 그 클라라의 한마디가 내 마음속에 굉장히 와닿았다.#@문장구분# 클라라가 한 말은 우리 일상생활을 다시 돌아보게하는 것 같다.#@문장구분# 과연 우리는 '인간다움'을 지니고 있는 것일 까?#@문장구분# 끝으로 이 책은 우리들을 다시 돌아보게하고 우리의 미래를 대변한다는 점에서 가치가 있는 소설이라고 생각한다.#@문장구분# 나는 우리들이 '인간다움'을 지키고 유지하는 것이 매우 중요하다고 느겼다.#@문장구분# \n이번에 클라라와 태양이라는 책을 가지고 학교선배님들과 토론을 진행하였다.#@문장구분# 이번 독서토론에서 가장 많이 나온 이야기는 단연 '인간다움'과 '인공지능으로의 대체'이였다.#@문장구분# 나는 처음에 혼자 책을 읽었을 때에는 인간다움이 단지 인간이라면 꼭 가져야 하는 자질으로서 생각을 하였다.#@문장구분# 이번 독서토론에서 한 선배님이 인간다움이 인간만이 꼭 가지는 특성이라고 정의로 하고 종교를 그의 예로 들었다.#@문장구분# 나와는 인간다움의 정의가 비슷하여 많은 공감이 되었지만, 내가 생각하지 못한 종교를 예시로 든 것이 굉장히 마음에 와 닿았다.#@문장구분# 그리고 이번 토론을 통하여 인공지능인 클라라가 인간다움을 가질 수 있는지에 대햐여 다시 생각하게되었다.#@문장구분# 클라라는 인공지능임에도 불구하고 인간 수준을 뛰어넘는 감수성을 가지고 있는 인공지능이라고 판단\n하고 나는 클라라는 충분한 인간다움을 가지고 있는 존재라고 생각하였다.#@문장구분# 그리고 이번 토론에서 조시의 어머니가 과연 바람직했는지에 대한 의견이 분분하였다.#@문장구분# 나는 조시의 어머니가 자신의 유일한 딸인 조시가 죽었다고 하여서 에이에프인 클라라가 조시를 대체할 수 없다고 생각하였다.#@문장구분# 이번 토론에서 나는 다시한번 생각하게 되었다.#@문장구분# 조시의 어머니의 모성이 이해되게 되었다.#@문장구분# 나는 그래서 조시의 어머니의 모성을 생각하되, 인간을 대체하는 생각을 윤리적으로 맞지 않다는 것을 생각하게 되었다.#@문장구분#\n이번 토론을 통하여 나의 부족한 점을 깨닫고, 더 많은 것을 알게 되었다.#@문장구분# 다음에도 토론에 참여할 수 있으면 좋겠다.#@문장구분#",
      "paragraph_len": 4360,
      "paragraph_id": "001"
    }
  ],
  "score": {
    "paragraph_score": [
      {
        "paragraph_scoreT": [
          3,
          2.8333333,
          2.8333333
        ],
        "paragraph_scoreT_detail": {
          "paragraph_scoreT_exp": [
            [
              3,
              3,
              3
            ],
            [
              3,
              3,
              2
            ],
            [
              3,
              3,
              2
            ]
          ]
        },
        "paragraph_scoreT_avg": 2.8888886,
        "paragraph_id": "001"
      }
    ],
    "essay_scoreT": [
      30,
      26.444445,
      23.333332
    ],
    "essay_scoreT_avg": 26.59259,
    "essay_scoreT_detail": {
      "essay_scoreT_org": [
        [
          3,
          3,
          3,
          3
        ],
        [
          2,
          3,
          3,
          3
        ],
        [
          2,
          2,
          2,
          2
        ]
      ],
      "essay_scoreT_cont": [
        [
          3,
          3,
          0,
          3
        ],
        [
          3,
          2,
          0,
          2
        ],
        [
          2,
          2,
          0,
          2
        ]
      ],
      "essay_scoreT_exp": [
        [
          3,
          3,
          3
        ],
        [
          3,
          3,
          2
        ],
        [
          3,
          3,
          2
        ]
      ]
    }
  },
  "student": {
    "date": "2021.09.07",
    "student_educated": true,
    "student_grade": "고등_1학년",
    "location": "051",
    "student_grade_group": "고등",
    "student_reading": 2
  },
  "rubric": {
    "essay_grade": "고등_1학년",
    "organization_weight": {
      "org_paragraph": 2,
      "org": 2,
      "org_essay": 4,
      "org_coherence": 2,
      "org_quantity": 1
    },
    "essay_type": "설명글",
    "content_weight": {
      "con_clearance": 4,
      "con_novelty": 3,
      "con": 4,
      "con_prompt": 0,
      "con_description": 1
    },
    "essay_main_subject": "영화/독서감상문",
    "expression_weight": {
      "exp_style": 1,
      "exp_grammar": 2,
      "exp_vocab": 3,
      "exp": 4
    }
  },
  "correction": [],
  "info": {
    "essay_id": "ESSAY_34010",
    "essay_prompt": " 영화에는 로맨스, 액션, 스릴러 등 정말 많은 장르가 있습니다. 사람마다 좋아하는 장르가 있고 절대 보지 않는 장르도 있습니다.\r\n\r\n 독서도 마찬가지입니다. 소설, 수필, 시, 만화, 위인전 등 여러가지 장르가 있습니다.\r\n\r\n 여러분은 어떤 장르를 좋아하나요? 그리고 해당 장르에서 가장 재미있게 봤던 영화나 책은 무엇인가요?\r\n\r\n 자신이 봤던 영화 혹은 책을 한 편 선정하여 주제와 내용 그리고 느낀점을 감상문으로 작성해주세요.",
    "essay_type": "설명글",
    "essay_level": "3",
    "essay_len": 3081,
    "essay_main_subject": "영화/독서감상문"
  }
}