{
  "paragraph": [
    {
      "paragraph_txt": "오 헨리 작가의 더 카투스를 영어시간때 읽게 되었다.#@문장구분#\n 남자는 여자와 연인 사이었는데, 그 남자는 허영심과 자만이 가득한 남자였다.#@문장구분#\n 남자는 여자에게 결혼을 고백했는데, 여자는 직접적으로 답하지 않고 ventomarme라는 글씨가 적힌 선인장 화분만 건네준다.#@문장구분#\n 사실 남자는 여자에게 본인이 스페인어를 잘한다는 말을 한 적이 있었는데, 이는 거짓말이었고, 남자의 허세였다.#@문장구분#\n ventomarme는 \"나를 데리러 오라\"라는 뜻으로, 청혼을 수락한다는 의미였는데, 남자는 스페인어를 못하기 때문에 이를 알지 못하고 거절했다고 생각했다.#@문장구분#\n 시간이 지나고, 여자의 오빠의 친구였던 남자는 여자의 결혼식에 참여하는데, 그곳에서 남자는 행복해하는 여자를 보며 오만 감정이 교차한다.#@문장구분#\n 후회와 자괴감, 부끄러움이 가득한 결혼식이 끝나고, 남자는 여자의 오빠와 방에서 쉬게 되는데, 이때 화분에 적힌 ventomarme의 뜻을 알게되며 소설이 끝난다.#@문장구분#\n 열린 결말로 끝난 소설이지만 결말은 다소 비극적이며 허영심과 자만이 얼마나 부질없는지를 알려주는 소설이었다.#@문장구분#",
      "paragraph_len": 690,
      "paragraph_id": "001"
    }
  ],
  "score": {
    "paragraph_score": [
      {
        "paragraph_scoreT": [
          2.5,
          1.8333334,
          1.8333334
        ],
        "paragraph_scoreT_detail": {
          "paragraph_scoreT_exp": [
            [
              2,
              3,
              2
            ],
            [
              2,
              2,
              1
            ],
            [
              2,
              2,
              1
            ]
          ]
        },
        "paragraph_scoreT_avg": 2.0555556,
        "paragraph_id": "001"
      }
    ],
    "essay_scoreT": [
      23.333334,
      17.61111,
      16.833334
    ],
    "essay_scoreT_avg": 19.25926,
    "essay_scoreT_detail": {
      "essay_scoreT_org": [
        [
          3,
          3,
          2,
          2
        ],
        [
          2,
          2,
          2,
          1
        ],
        [
          1,
          1,
          1,
          1
        ]
      ],
      "essay_scoreT_cont": [
        [
          2,
          2,
          0,
          2
        ],
        [
          2,
          1,
          0,
          2
        ],
        [
          2,
          2,
          0,
          1
        ]
      ],
      "essay_scoreT_exp": [
        [
          2,
          3,
          2
        ],
        [
          2,
          2,
          1
        ],
        [
          2,
          2,
          1
        ]
      ]
    }
  },
  "student": {
    "date": "2021.09.10",
    "student_educated": true,
    "student_grade": "고등_1학년",
    "location": "063",
    "student_grade_group": "고등",
    "student_reading": 1
  },
  "rubric": {
    "essay_grade": "고등_1학년",
    "organization_weight": {
      "org_paragraph": 2,
      "org": 2,
      "org_essay": 4,
      "org_coherence": 2,
      "org_quantity": 1
    },
    "essay_type": "설명글",
    "content_weight": {
      "con_clearance": 4,
      "con_novelty": 3,
      "con": 4,
      "con_prompt": 0,
      "con_description": 1
    },
    "essay_main_subject": "영화/독서감상문",
    "expression_weight": {
      "exp_style": 1,
      "exp_grammar": 2,
      "exp_vocab": 3,
      "exp": 4
    }
  },
  "correction": [],
  "info": {
    "essay_id": "ESSAY_34797",
    "essay_prompt": " 영화에는 로맨스, 액션, 스릴러 등 정말 많은 장르가 있습니다. 사람마다 좋아하는 장르가 있고 절대 보지 않는 장르도 있습니다.\r\n\r\n 독서도 마찬가지입니다. 소설, 수필, 시, 만화, 위인전 등 여러가지 장르가 있습니다.\r\n\r\n 여러분은 어떤 장르를 좋아하나요? 그리고 해당 장르에서 가장 재미있게 봤던 영화나 책은 무엇인가요?\r\n\r\n 자신이 봤던 영화 혹은 책을 한 편 선정하여 주제와 내용 그리고 느낀점을 감상문으로 작성해주세요.",
    "essay_type": "설명글",
    "essay_level": "3",
    "essay_len": 530,
    "essay_main_subject": "영화/독서감상문"
  }
}