{
  "paragraph": [
    {
      "paragraph_txt": "이 책은 로봇 대회에 나간 한 소년의 이야기이다.#@문장구분# 각자 로봇을 제작해서 나오는 대회로, 무려 심사위원들까지 로봇인 신기한 대회였다.#@문장구분# 주인공의 로봇은 Rescue Robot , 이름 그대로 구조 로봇이다.#@문장구분# 로봇에게는 센서가 두개가 달려있으며, 물을 쏴 불을 끌 수 있는 일종의 소방 로봇이다.#@문장구분# 결국 스토리 자체는 주인공이 우승을 차지 하는 내용이지만, 내용보다는 책을 읽고 많은 생각이 들었다.#@문장구분# 최근 의료계에서도 수술용 로봇이 많이 나오고 있고, 사람을 위험으로 부터 구출해 내는데 요즘 로봇의 비중이 높아지고 있다.#@문장구분# 최근 기사에서 소방관들이 제대로 된 지원 없이 고생하고 있다는 말을 많이 들었는데, 이러한 구조 로봇이 하루라도 빨리 발전하여 소방관들이 들어가기 힘든 곳에 대신 들어가 사람들의 생명을 구조해주는 역할을 맡아줬으면 좋겠다.#@문장구분#",
      "paragraph_len": 553,
      "paragraph_id": "001"
    }
  ],
  "score": {
    "paragraph_score": [
      {
        "paragraph_scoreT": [
          2,
          2.8333333,
          1
        ],
        "paragraph_scoreT_detail": {
          "paragraph_scoreT_exp": [
            [
              2,
              2,
              2
            ],
            [
              3,
              3,
              2
            ],
            [
              1,
              1,
              1
            ]
          ]
        },
        "paragraph_scoreT_avg": 1.9444443,
        "paragraph_id": "001"
      }
    ],
    "essay_scoreT": [
      19.777779,
      25.11111,
      5.7777777
    ],
    "essay_scoreT_avg": 16.88889,
    "essay_scoreT_detail": {
      "essay_scoreT_org": [
        [
          2,
          2,
          2,
          1
        ],
        [
          2,
          2,
          2,
          1
        ],
        [
          1,
          1,
          1,
          0
        ]
      ],
      "essay_scoreT_cont": [
        [
          2,
          2,
          0,
          2
        ],
        [
          3,
          2,
          0,
          2
        ],
        [
          0,
          0,
          0,
          0
        ]
      ],
      "essay_scoreT_exp": [
        [
          2,
          2,
          2
        ],
        [
          3,
          3,
          2
        ],
        [
          1,
          1,
          1
        ]
      ]
    }
  },
  "student": {
    "date": "2021.09.13",
    "student_educated": true,
    "student_grade": "고등_1학년",
    "location": "063",
    "student_grade_group": "고등",
    "student_reading": 1
  },
  "rubric": {
    "essay_grade": "고등_1학년",
    "organization_weight": {
      "org_paragraph": 2,
      "org": 2,
      "org_essay": 4,
      "org_coherence": 2,
      "org_quantity": 1
    },
    "essay_type": "설명글",
    "content_weight": {
      "con_clearance": 4,
      "con_novelty": 3,
      "con": 4,
      "con_prompt": 0,
      "con_description": 1
    },
    "essay_main_subject": "영화/독서감상문",
    "expression_weight": {
      "exp_style": 1,
      "exp_grammar": 2,
      "exp_vocab": 3,
      "exp": 4
    }
  },
  "correction": [],
  "info": {
    "essay_id": "ESSAY_34337",
    "essay_prompt": " 영화에는 로맨스, 액션, 스릴러 등 정말 많은 장르가 있습니다. 사람마다 좋아하는 장르가 있고 절대 보지 않는 장르도 있습니다.\r\n\r\n 독서도 마찬가지입니다. 소설, 수필, 시, 만화, 위인전 등 여러가지 장르가 있습니다.\r\n\r\n 여러분은 어떤 장르를 좋아하나요? 그리고 해당 장르에서 가장 재미있게 봤던 영화나 책은 무엇인가요?\r\n\r\n 자신이 봤던 영화 혹은 책을 한 편 선정하여 주제와 내용 그리고 느낀점을 감상문으로 작성해주세요.",
    "essay_type": "설명글",
    "essay_level": "3",
    "essay_len": 413,
    "essay_main_subject": "영화/독서감상문"
  }
}