{
  "paragraph": [
    {
      "paragraph_txt": "이 책의 주인공은 원래 살고 있던 동네를 떠나 다른 지역으로 이사를 가게 되었다.#@문장구분# 소가 이끄는 마차를 타고 가야하는데 식구가 적지 않고 마차 안의 공간은 턱없이 부족하여 최소한의 필요한 짐만 챙겨서 길을 나서게 된다.#@문장구분# 주인공의 아버지가 처음에는 마차를 이끌고 가고 있는 중에 물살이 굉장히 빠르게 흐르고 있는 강 하나를 마주치게 되는데, 위험을 무릅쓰고 강을 건너기로 한다.#@문장구분# 강을 건너던 중 에 마차의 바퀴가 강물속 해초에 걸리게 되고 주인공의 아버지는 이를 확인하기 위해 물 속으로 뛰어든다. #@문장구분#그러면서 아버지는 주인공 에게 '만약 내가 없다면 너가 이 마차를 운전해야 한다.' 라고 말 하였고, 아버지의 모습이 끝내 보이지 않자 주인공은 직접 마차를 끌 게 된다.#@문장구분# 마차를 강 건너로 이끌고 난 직후 주인공의 아버지는 살아서 가족들과 다시 합류 하게 되었고 아버지는 주인공을 자랑스러워 하며 이야기가 끝난다.#@문장구분# 처음 제목을 봤을때 trip이라는 단어가 나의 관심을 끌었고 나름 재미있게 읽었던것 같다.#@문장구분#",
      "paragraph_len": 643,
      "paragraph_id": "001"
    }
  ],
  "score": {
    "paragraph_score": [
      {
        "paragraph_scoreT": [
          2,
          2,
          1.8333334
        ],
        "paragraph_scoreT_detail": {
          "paragraph_scoreT_exp": [
            [
              2,
              2,
              2
            ],
            [
              2,
              2,
              2
            ],
            [
              2,
              2,
              1
            ]
          ]
        },
        "paragraph_scoreT_avg": 1.9444445,
        "paragraph_id": "001"
      }
    ],
    "essay_scoreT": [
      16.722221,
      20,
      14.944445
    ],
    "essay_scoreT_avg": 17.222221,
    "essay_scoreT_detail": {
      "essay_scoreT_org": [
        [
          1,
          1,
          1,
          2
        ],
        [
          2,
          2,
          2,
          2
        ],
        [
          1,
          2,
          2,
          2
        ]
      ],
      "essay_scoreT_cont": [
        [
          2,
          1,
          0,
          2
        ],
        [
          2,
          2,
          0,
          2
        ],
        [
          1,
          1,
          0,
          2
        ]
      ],
      "essay_scoreT_exp": [
        [
          2,
          2,
          2
        ],
        [
          2,
          2,
          2
        ],
        [
          2,
          2,
          1
        ]
      ]
    }
  },
  "student": {
    "date": "2021.09.07",
    "student_educated": true,
    "student_grade": "고등_1학년",
    "location": "063",
    "student_grade_group": "고등",
    "student_reading": 1
  },
  "rubric": {
    "essay_grade": "고등_1학년",
    "organization_weight": {
      "org_paragraph": 2,
      "org": 2,
      "org_essay": 4,
      "org_coherence": 2,
      "org_quantity": 1
    },
    "essay_type": "설명글",
    "content_weight": {
      "con_clearance": 4,
      "con_novelty": 3,
      "con": 4,
      "con_prompt": 0,
      "con_description": 1
    },
    "essay_main_subject": "영화/독서감상문",
    "expression_weight": {
      "exp_style": 1,
      "exp_grammar": 2,
      "exp_vocab": 3,
      "exp": 4
    }
  },
  "correction": [],
  "info": {
    "essay_id": "ESSAY_34496",
    "essay_prompt": " 영화에는 로맨스, 액션, 스릴러 등 정말 많은 장르가 있습니다. 사람마다 좋아하는 장르가 있고 절대 보지 않는 장르도 있습니다.\r\n\r\n 독서도 마찬가지입니다. 소설, 수필, 시, 만화, 위인전 등 여러가지 장르가 있습니다.\r\n\r\n 여러분은 어떤 장르를 좋아하나요? 그리고 해당 장르에서 가장 재미있게 봤던 영화나 책은 무엇인가요?\r\n\r\n 자신이 봤던 영화 혹은 책을 한 편 선정하여 주제와 내용 그리고 느낀점을 감상문으로 작성해주세요.",
    "essay_type": "설명글",
    "essay_level": "3",
    "essay_len": 503,
    "essay_main_subject": "영화/독서감상문"
  }
}