{
  "paragraph": [
    {
      "paragraph_txt": "학생들은 흔히 선생님에 대해 이야기 할 때 잘 가르치는지 못가르치는지에 초점을 맞춘다.#@문장구분# 그러나 가르치는 것만 우수하다면 훌륭한 교사가 아닌 훌륭한 강사라고 표현하는 것이 적절하다.#@문장구분# 그렇다면 훌륭한 교사는 어떻게 정의할 수 있으며 타 교사들과 어떠한 차이가 있을까?#@문장구분# 이 해답을 찾기 위해 '훌륭한 교사는 무엇이 다른가'라는 책을 읽었다.#@문장구분#\n우선 훌륭한 교사의 근본적인 조건으로는 사람, 미래, 언어를 중시하는 태도이다.#@문장구분# 흔히 학교에 새로운 프로그램을 도입하여 깨달음을 얻을 수 있다고 생각한다.#@문장구분# 그러나 그 프로그램의 주체는 바로 사람이다.#@문장구분# 프로그램이 아무리 좋다할지라도 사람이 따라가지 못하면 일상적인 수업과 다를 것이 되지 못한다.#@문장구분# 즉, 프로그램만으로는 사람을 변화시키는 것이 불가능하다.#@문장구분# 긍정적인 방향으로 이끌어가기 위해서는 교사 자신이 많은 미래를 바꿀수 있는 것도 인지해야한다.#@문장구분# 과거에 매달리며 학생들에게 불평하는 교사는 미래의 발전 가능성을 무시하는 것과 다름없다.#@문장구분# 예를 들어 최종적인 시험으로 평가원이 출제하는 수능이 아닌 내신이나 학력평가로 집착을 하는 교사가 있다.#@문장구분# 이는 학생에게 도움을 주지 못할 뿐만 아니라 성적만 본다는 인식을 줄 수 있다.#@문장구분# 이 외에도 교사가 학생에게 신뢰를 주지 못하거나 언어사용이 적절치 못한다면 교사는 학생으로부터 훌륭하다고 보지 못할 것이다.#@문장구분# 위와같은 점에서 나는 훌륭한 교사를 '학생을 미래지향적으로 이끌고 사람을 중시할 수 있도록 만드는 교사'라고 정의하고 싶다.#@문장구분# 교사는 생각보다 많은 것을 변화시킨다 생각한다.#@문장구분#",
      "paragraph_len": 1078,
      "paragraph_id": "001"
    }
  ],
  "score": {
    "paragraph_score": [
      {
        "paragraph_scoreT": [
          3,
          2.8333333,
          2
        ],
        "paragraph_scoreT_detail": {
          "paragraph_scoreT_exp": [
            [
              3,
              3,
              3
            ],
            [
              3,
              3,
              2
            ],
            [
              2,
              2,
              2
            ]
          ]
        },
        "paragraph_scoreT_avg": 2.611111,
        "paragraph_id": "001"
      }
    ],
    "essay_scoreT": [
      24.222221,
      25.777779,
      20.444445
    ],
    "essay_scoreT_avg": 23.481482,
    "essay_scoreT_detail": {
      "essay_scoreT_org": [
        [
          2,
          2,
          2,
          3
        ],
        [
          2,
          2,
          3,
          2
        ],
        [
          2,
          2,
          3,
          2
        ]
      ],
      "essay_scoreT_cont": [
        [
          2,
          2,
          0,
          2
        ],
        [
          3,
          2,
          0,
          2
        ],
        [
          2,
          2,
          0,
          2
        ]
      ],
      "essay_scoreT_exp": [
        [
          3,
          3,
          3
        ],
        [
          3,
          3,
          2
        ],
        [
          2,
          2,
          2
        ]
      ]
    }
  },
  "student": {
    "date": "2021.09.07",
    "student_educated": true,
    "student_grade": "고등_1학년",
    "location": "051",
    "student_grade_group": "고등",
    "student_reading": 1
  },
  "rubric": {
    "essay_grade": "고등_1학년",
    "organization_weight": {
      "org_paragraph": 2,
      "org": 2,
      "org_essay": 4,
      "org_coherence": 2,
      "org_quantity": 1
    },
    "essay_type": "설명글",
    "content_weight": {
      "con_clearance": 4,
      "con_novelty": 3,
      "con": 4,
      "con_prompt": 0,
      "con_description": 1
    },
    "essay_main_subject": "영화/독서감상문",
    "expression_weight": {
      "exp_style": 1,
      "exp_grammar": 2,
      "exp_vocab": 3,
      "exp": 4
    }
  },
  "correction": [],
  "info": {
    "essay_id": "ESSAY_34379",
    "essay_prompt": " 영화에는 로맨스, 액션, 스릴러 등 정말 많은 장르가 있습니다. 사람마다 좋아하는 장르가 있고 절대 보지 않는 장르도 있습니다.\r\n\r\n 독서도 마찬가지입니다. 소설, 수필, 시, 만화, 위인전 등 여러가지 장르가 있습니다.\r\n\r\n 여러분은 어떤 장르를 좋아하나요? 그리고 해당 장르에서 가장 재미있게 봤던 영화나 책은 무엇인가요?\r\n\r\n 자신이 봤던 영화 혹은 책을 한 편 선정하여 주제와 내용 그리고 느낀점을 감상문으로 작성해주세요.",
    "essay_type": "설명글",
    "essay_level": "3",
    "essay_len": 759,
    "essay_main_subject": "영화/독서감상문"
  }
}