{
  "paragraph": [
    {
      "paragraph_txt": "가장 최근에 봤던 영화는 `보스 베이비2`를 보왔다. #@문장구분#이 영화는 아기가 회사에서 일을 하다는 독특한 주제를 다룬 영화였다 `보스 베이크`에서는 어린 주인공이 자신의 동생으로 태어난 아기가 사실은 그 회사에 다는 직원있고 베이비 회사를 무너트리려는 악당에 맞서서 자기 부모님과 베이비 회사를 지켰다.#@문장구분# 그리고 그 회사에 다니던 동생이 진짜 아기가 되어 자신의 동생이 되는게 `보스 베이비`의 내용이었고 `보스 베이브2`는 그 주인공 형제가 어른이 그 형이 딱 둘을 낳았다#@문장구분# 둘째 딸이 그 베이비 회사의 직원이었고 부모님을 조종해 세계를 지배하려했던 못된 아기의 계획을 막기 위해 첫째 딸의 유치원에 어린애가 되는 약을 마시고 갔다.#@문장구분# 첫째 딸의 학예회 날에 그 계획을 실행시키려던 악당은 계획이 실패하고 자기의 집으로 돌아갔다.#@문장구분#  그리고 영화의 마지막 부분에서 자족의 소중함을 느낄 수 있었다.#@문장구분# `보스 베이비2`의 악당은 기계 옷을 입은 아기었다.#@문장구분# 이영화의 장점은 평면적인 느낌이 아니라 입체적인 느낌이라 좀 더 졸렸던 것 같다.#@문장구분# 개인적으로 `보스 베이비3`가 제작이 되었으면 하는 개인적인 바램이 있지만 이 정도에서 끝내는게 맞는 것 같기도 해서 아쉬운 마음이 생기는 것은 어쩔수 없는 것 같다.#@문장구분#  `보스 베이비`라는 영화의 매력이 내게는 매우 큰 것 갔다.#@문장구분#  아기가 회사에 다닌다는 실정을 매우 참신했다고 생각한다.#@문장구분#",
      "paragraph_len": 898,
      "paragraph_id": "001"
    }
  ],
  "score": {
    "paragraph_score": [
      {
        "paragraph_scoreT": [
          3,
          2.3333333,
          2
        ],
        "paragraph_scoreT_detail": {
          "paragraph_scoreT_exp": [
            [
              3,
              3,
              3
            ],
            [
              3,
              2,
              2
            ],
            [
              2,
              2,
              2
            ]
          ]
        },
        "paragraph_scoreT_avg": 2.4444444,
        "paragraph_id": "001"
      }
    ],
    "essay_scoreT": [
      30,
      23.333332,
      20.944445
    ],
    "essay_scoreT_avg": 24.75926,
    "essay_scoreT_detail": {
      "essay_scoreT_org": [
        [
          3,
          3,
          3,
          3
        ],
        [
          2,
          2,
          2,
          2
        ],
        [
          2,
          2,
          3,
          2
        ]
      ],
      "essay_scoreT_cont": [
        [
          3,
          3,
          0,
          3
        ],
        [
          3,
          2,
          0,
          2
        ],
        [
          2,
          2,
          0,
          3
        ]
      ],
      "essay_scoreT_exp": [
        [
          3,
          3,
          3
        ],
        [
          3,
          2,
          2
        ],
        [
          2,
          2,
          2
        ]
      ]
    }
  },
  "student": {
    "date": "2021.09.03",
    "student_educated": true,
    "student_grade": "고등_1학년",
    "location": "051",
    "student_grade_group": "고등",
    "student_reading": 1
  },
  "rubric": {
    "essay_grade": "고등_1학년",
    "organization_weight": {
      "org_paragraph": 2,
      "org": 2,
      "org_essay": 4,
      "org_coherence": 2,
      "org_quantity": 1
    },
    "essay_type": "설명글",
    "content_weight": {
      "con_clearance": 4,
      "con_novelty": 3,
      "con": 4,
      "con_prompt": 0,
      "con_description": 1
    },
    "essay_main_subject": "영화/독서감상문",
    "expression_weight": {
      "exp_style": 1,
      "exp_grammar": 2,
      "exp_vocab": 3,
      "exp": 4
    }
  },
  "correction": [],
  "info": {
    "essay_id": "ESSAY_34292",
    "essay_prompt": " 영화에는 로맨스, 액션, 스릴러 등 정말 많은 장르가 있습니다. 사람마다 좋아하는 장르가 있고 절대 보지 않는 장르도 있습니다.\r\n\r\n 독서도 마찬가지입니다. 소설, 수필, 시, 만화, 위인전 등 여러가지 장르가 있습니다.\r\n\r\n 여러분은 어떤 장르를 좋아하나요? 그리고 해당 장르에서 가장 재미있게 봤던 영화나 책은 무엇인가요?\r\n\r\n 자신이 봤던 영화 혹은 책을 한 편 선정하여 주제와 내용 그리고 느낀점을 감상문으로 작성해주세요.",
    "essay_type": "설명글",
    "essay_level": "3",
    "essay_len": 678,
    "essay_main_subject": "영화/독서감상문"
  }
}