{
  "paragraph": [
    {
      "paragraph_txt": "\"백제이기 때문에 어떤 지도라도 그릴 수 있습니다.#@문장구분# 모든 것은 당신이 하기 나름인 것이지요.#@문장구분# 모든 것에서 자유롭고 가능성은 무한히 펼쳐져 있습니다. #@문장구분#이것은 멋진 일입니다. #@문장구분#부디 스스로를 믿고 인생을 여한 없이 활활 피워보시기를 진심으로 기원합니다.\"#@문장구분#\n나미야 잡화점은 혼자서 해결하지 못하는 고민을 써서 가게 앞 우편함에 넣으면 그 다음날 가게 주인이 답장을 보내주는곳이다. #@문장구분#이 곳에는 여러 가지 고민이 쓰여져오는데 시한부 애인을 위해 어떻게 해야하는지, 꿈을 찾기 위해서 어떻게 해야하는지 등에 고민이 쓰여져 왔다. #@문장구분#이전 고민에 답장을 보내주지만 편지를 쓴 사람들은 답변이 마음에 들지않는지 고민에 대한 답장을 해주어도 다음편지에 불평을 써서 보낸다 사실 이러한 고민들을 보면서 결국 자신이 마지막에는 선택해야하니 누군가에게 꿈을 어떻게 찾는지, 등에 대한 상담을 하는게 좀 의아했다.#@문장구분# 하지만 결국 고민을 쓴 사람은 상담가의 말을 듣는 사람도 있었고, 듣지 않는 사람도 있었다.#@문장구분# 사실 고민을 쓰는 사람은 누군가 자신의 고민을 해결해 주기를 원한것도 있겠지만 그냥 자신의 이야기를 누군가에게 털어버리고 싶었을 지도 모른다.#@문장구분# 나도 누군가와 고민거리에 대해 이야기를 하다보면 명확한 답은 나오지 않았지만 오히려 마음이 편안해 질때도 있다. #@문장구분#요즘도 대학 입시나 꿈에 대해 어떻게 해야 할지 고민이 많다.#@문장구분# 결국은 내가 선택하고 찾아야 하는 길이지만 정말 답이 없는거 같다. #@문장구분#그래도 또 친구들과 꿈이나 입시에 대해 이야기하다보면 어느정도 또 방향이 잡히는거 같기도 하다. #@문장구분#최근에 이런저런 고민으로 생각이 많았는데 이 책을 볼때는 마음이 더 편안해졌던거 같다.#@문장구분# 나도 누군가와 상담을 해줄 때 해결책을 찾기보다는 이야기를 들어주며 공감을 해보아야겠다.#@문장구분#",
      "paragraph_len": 1180,
      "paragraph_id": "001"
    }
  ],
  "score": {
    "paragraph_score": [
      {
        "paragraph_scoreT": [
          2,
          2.5,
          1.8333334
        ],
        "paragraph_scoreT_detail": {
          "paragraph_scoreT_exp": [
            [
              2,
              2,
              2
            ],
            [
              2,
              3,
              2
            ],
            [
              2,
              2,
              1
            ]
          ]
        },
        "paragraph_scoreT_avg": 2.1111112,
        "paragraph_id": "001"
      }
    ],
    "essay_scoreT": [
      16.88889,
      23.944445,
      17.055555
    ],
    "essay_scoreT_avg": 19.296297,
    "essay_scoreT_detail": {
      "essay_scoreT_org": [
        [
          1,
          1,
          2,
          3
        ],
        [
          2,
          2,
          3,
          2
        ],
        [
          1,
          1,
          1,
          2
        ]
      ],
      "essay_scoreT_cont": [
        [
          1,
          2,
          0,
          2
        ],
        [
          2,
          3,
          0,
          2
        ],
        [
          2,
          2,
          0,
          1
        ]
      ],
      "essay_scoreT_exp": [
        [
          2,
          2,
          2
        ],
        [
          2,
          3,
          2
        ],
        [
          2,
          2,
          1
        ]
      ]
    }
  },
  "student": {
    "date": "2021.09.10",
    "student_educated": true,
    "student_grade": "고등_1학년",
    "location": "063",
    "student_grade_group": "고등",
    "student_reading": 2
  },
  "rubric": {
    "essay_grade": "고등_1학년",
    "organization_weight": {
      "org_paragraph": 2,
      "org": 2,
      "org_essay": 4,
      "org_coherence": 2,
      "org_quantity": 1
    },
    "essay_type": "설명글",
    "content_weight": {
      "con_clearance": 4,
      "con_novelty": 3,
      "con": 4,
      "con_prompt": 0,
      "con_description": 1
    },
    "essay_main_subject": "영화/독서감상문",
    "expression_weight": {
      "exp_style": 1,
      "exp_grammar": 2,
      "exp_vocab": 3,
      "exp": 4
    }
  },
  "correction": [],
  "info": {
    "essay_id": "ESSAY_34729",
    "essay_prompt": " 영화에는 로맨스, 액션, 스릴러 등 정말 많은 장르가 있습니다. 사람마다 좋아하는 장르가 있고 절대 보지 않는 장르도 있습니다.\r\n\r\n 독서도 마찬가지입니다. 소설, 수필, 시, 만화, 위인전 등 여러가지 장르가 있습니다.\r\n\r\n 여러분은 어떤 장르를 좋아하나요? 그리고 해당 장르에서 가장 재미있게 봤던 영화나 책은 무엇인가요?\r\n\r\n 자신이 봤던 영화 혹은 책을 한 편 선정하여 주제와 내용 그리고 느낀점을 감상문으로 작성해주세요.",
    "essay_type": "설명글",
    "essay_level": "3",
    "essay_len": 861,
    "essay_main_subject": "영화/독서감상문"
  }
}