{
  "paragraph": [
    {
      "paragraph_txt": "글쓴이(시노하라 오사무)는 이런 말을 한다.#@문장구분# 풍경과 대지란,사람의 생활과 문화의 기초이며 사람을 양육하고,사람을 만들어 내는 고향이다.#@문장구분# 설게자는 사회의 기초를 구축하는 사람이라는 인식을 가지고,풍경과 대지가 보존되도록 일을 하며 나아가 거기에서 새로운 문화 가치가 생겨나도록 구조물을 설계하고 창조하는 의무를 지니는 사람이다.#@문장구분# 한때 대한민국은 4대강 살리기 사업으로 시끌시끌했었다.#@문장구분# 강은 인류 문명이 탄생하는데 가장 기본적인 줄기 역할을 했으며,또한 우리들이 살아가는 현재에도 가장 중요한 자본중 하나이다.#@문장구분# 강과 그 주변의 호안,다리 그리고 댐의 건설은 그저 단순한 국책 산업의 공사로 보아서는 안된다.#@문장구분# 그것은 바로 가장 기본적인 우리의 생존과 직결되어 있으면,토목 구조물이 주위 풍경에 개입하고 또 그 속에서 어울려 또 다른 풍경을 만들어 낸다는 점에서 결코 가볍게 넘길 수 없다.#@문장구분# 우리가 흔히 '풍경'이라는 단어를 듣고 떠올리는 '강'과'산'이 펼쳐진 국토에는,반드시 존재하기 마련인 '다리'와'댐'과 같은 토목 구조물들은 무심결에 지나쳐 버리기 일쑤다.#@문장구분# 그리 멀리 보지 않고 아침저녁의 출퇴근 길만 보아도,우리는 매일 다리를 건너고 있으면서도 말이다.#@문장구분# 설사 인식이 되었다고 하더라도,그나마도 무심코 이용하는 우리들에게는 '토목'이라는 단어는 여전히 생소하며, 그 뒤에는 '공사'라는 말이 붙어야 자연스럽게 느껴진다.#@문장구분# 또한, 토목 구조물을 세운다고 하면 흔히 도로 주변에서 많이 볼 수 있는,즉 무조건 땅을 파내거나 산을 깎아 내리는 식의 안타까운 풍경을 떠올리기도 한다.#@문장구분# 그런데,그런 '토목'을 '디자인'한다니?#@문장구분# 사실 토목 공사는 우리의 생각보다 훨씬 더 주변 풍경과의 관계를 고려하여,정교하고 섬세하게 이루어지고 있음을 알 수 있다.#@문장구분# 이 책에 수록된 대부분 의 작업물도 토목 구조물 자체와 그 주변과의 관계 설정에 주력하고 있다는 것에 우리는 주목해야 한다.#@문장구분# 고속도로를 예를 들면,만들어지는 도로의 선형은 도형으로서 아름답고 주변 지형과 조화를 이루고 있는가,혹은 골짜기를 건너는 다리는 조형적으로 아름다운가 등이 문제가 된다.#@문장구분# 여기에는 평가 기준으로 삼을 만한 다음의 세가지 항목이 있다.#@문장구분# 첫째-만들어지는 장치 자체가 아름다운가,#@문장구분#둘째-그 장치와 대지가 하나가 되어 생겨나는 풍경이 아름다운가,#@문장구분#셋째-그 장치를 만들어 내는 행위가 선인가 그렇지 않은가  이다.#@문장구분# 이렇듯,문명을 조형화하는 것이 토목이 하는 일의 본질인데,그 결과 만들어진 토목 구조물과 시설은 긴 세월에 걸쳐 문명을 지탱해 온 장치가 되고,그것은 또 다시 우리들의 생활환경을 형성하는 골격이 되어 주기도 한다.#@문장구분# 즉,토목 구조물에는 댐과 같이 중장하고 규모가 큰,그리고 어디 교외로 멀리 나가야만 볼 수 있는 것만 있는 것이 아니다.#@문장구분# 우리 소소한 생활과 아주 밀접한,그러니까 출퇴근 길에 건너는 다리,자동차 바퀴가 굴러가는 아스팔트 도로,무심결에 지나친 정원이나 공원,우리 눈에 들어오는 그 모든것이 포함되는 것이다.#@문장구분# 개인이 사용하는 것,특정한 사람이 사용하는 것은 사람쪽에 선택권이 있으면,만년필,자동차,주택은 자유롭게 선택할 수 있다.#@문장구분# 하지만 도로,교량에는 그것을 이용하는 쪽에 선택권이 없다.#@문장구분# 싫은 길이라고 가지 않을 수 없고,출퇴근 길의 다리를 고를 수도 없다.#@문장구분# 이용자에게 선택권이 없다는 것,이 비선택선이 토목 구조물,시설의 눈에 띄는 특징이다.#@문장구분#",
      "paragraph_len": 2156,
      "paragraph_id": "001"
    }
  ],
  "score": {
    "paragraph_score": [
      {
        "paragraph_scoreT": [
          2,
          2.3333333,
          1.5
        ],
        "paragraph_scoreT_detail": {
          "paragraph_scoreT_exp": [
            [
              2,
              2,
              2
            ],
            [
              3,
              2,
              2
            ],
            [
              2,
              1,
              2
            ]
          ]
        },
        "paragraph_scoreT_avg": 1.9444443,
        "paragraph_id": "001"
      }
    ],
    "essay_scoreT": [
      18.5,
      24.055555,
      21.166666
    ],
    "essay_scoreT_avg": 21.24074,
    "essay_scoreT_detail": {
      "essay_scoreT_org": [
        [
          2,
          2,
          2,
          2
        ],
        [
          2,
          2,
          2,
          3
        ],
        [
          2,
          2,
          3,
          3
        ]
      ],
      "essay_scoreT_cont": [
        [
          2,
          1,
          0,
          2
        ],
        [
          3,
          2,
          0,
          3
        ],
        [
          3,
          2,
          0,
          3
        ]
      ],
      "essay_scoreT_exp": [
        [
          2,
          2,
          2
        ],
        [
          3,
          2,
          2
        ],
        [
          2,
          1,
          2
        ]
      ]
    }
  },
  "student": {
    "date": "2021.09.07",
    "student_educated": true,
    "student_grade": "고등_1학년",
    "location": "051",
    "student_grade_group": "고등",
    "student_reading": 2
  },
  "rubric": {
    "essay_grade": "고등_1학년",
    "organization_weight": {
      "org_paragraph": 2,
      "org": 2,
      "org_essay": 4,
      "org_coherence": 2,
      "org_quantity": 1
    },
    "essay_type": "설명글",
    "content_weight": {
      "con_clearance": 4,
      "con_novelty": 3,
      "con": 4,
      "con_prompt": 0,
      "con_description": 1
    },
    "essay_main_subject": "영화/독서감상문",
    "expression_weight": {
      "exp_style": 1,
      "exp_grammar": 2,
      "exp_vocab": 3,
      "exp": 4
    }
  },
  "correction": [],
  "info": {
    "essay_id": "ESSAY_34220",
    "essay_prompt": " 영화에는 로맨스, 액션, 스릴러 등 정말 많은 장르가 있습니다. 사람마다 좋아하는 장르가 있고 절대 보지 않는 장르도 있습니다.\r\n\r\n 독서도 마찬가지입니다. 소설, 수필, 시, 만화, 위인전 등 여러가지 장르가 있습니다.\r\n\r\n 여러분은 어떤 장르를 좋아하나요? 그리고 해당 장르에서 가장 재미있게 봤던 영화나 책은 무엇인가요?\r\n\r\n 자신이 봤던 영화 혹은 책을 한 편 선정하여 주제와 내용 그리고 느낀점을 감상문으로 작성해주세요.",
    "essay_type": "설명글",
    "essay_level": "3",
    "essay_len": 1637,
    "essay_main_subject": "영화/독서감상문"
  }
}