{
  "paragraph": [
    {
      "paragraph_txt": "이 책은 제목에서 알수 있듯이 푸앵카레 추측에 대한 설명과 더불어 이를 설명하기 위한 위상수학의 대략적인 개념, 비유클리드 기하 학의 탄생과 이 학문이 수학적, 물리학적으로 자리잡기까지의 역사를 설명하고있다.#@문장구분# \n우선 위상수학의 성립에 지대한 기여를 한 베른하르트 리만과 푸앵카레라는 수학자가 있었는데, 가우스의 제자였던 리만은 기하학의 재정립을 통한 공간과 차원에 대한 새로운 관점을 제공했다.#@문장구분# \n그리고 푸앵카레는 거의 무에 가까운 상태에서 위상수학을 창안했다.#@문장구분# \n푸앵카레는 이를 비유클리드 기하학과 위상수학의 관련점을 고안하다가 착안했다고 한다.#@문장구분# \n시간이 흘러 푸앵카레는 자신의 주장을 정리하며 '어떤 3차원 공간에서의 폐곡선을 한 점으로 축소시킬 수 있다면 그 3차원 공간은 3차원 구와 위상동형이다.' 라는 일명 푸앵카레의 추측을 남긴다.#@문장구분# \n수많은 수학자들이 이를 해결하기 위해 뛰어들었으나 성과는 없었고 대략 지금으로부터 10년전 페렐이라는 사람이 이를 증명해내고 은둔했다고 밝혀졌다.#@문장구분# \n지구 위의 한 지점에서 계속 직진만을 한다면 어느순간 다시 제자리로 돌아오지만 2차원적으로 이를 바라보는것이 아닌 3차원적으로, 즉 우주공간에서 계속 한 방향으로 직진을 한다면 우리는 다시 원점으로 돌아올것이라 생각을 쉽사리 하지 못한다.#@문장구분#\n하지만 3차원 공간에 익숙해져 있는 우리가 아니라 4차원의 누군가에게는 분명 곡률을 가진 3차원의 경계를 알아챌 것이고 이와 같이 우주공간에서 직진을 하다가 원점으로 돌아오는 방법에 관한 것이 3차원 다양체와 연관이 있다고 한다.#@문장구분#\n푸앵카레의 추측에 대해서는 제대로 배운적이없어서 잘 모르는 부분이 많았다.#@문장구분# 언젠가 시간이 된다면 한 번 제대로 알아보고 싶다고 생각을 헀다.#@문장구분#",
      "paragraph_len": 1042,
      "paragraph_id": "001"
    }
  ],
  "score": {
    "paragraph_score": [
      {
        "paragraph_scoreT": [
          3,
          2.8333333,
          2
        ],
        "paragraph_scoreT_detail": {
          "paragraph_scoreT_exp": [
            [
              3,
              3,
              3
            ],
            [
              3,
              3,
              2
            ],
            [
              2,
              2,
              2
            ]
          ]
        },
        "paragraph_scoreT_avg": 2.611111,
        "paragraph_id": "001"
      }
    ],
    "essay_scoreT": [
      30,
      25.777779,
      22.444445
    ],
    "essay_scoreT_avg": 26.074074,
    "essay_scoreT_detail": {
      "essay_scoreT_org": [
        [
          3,
          3,
          3,
          3
        ],
        [
          2,
          3,
          2,
          2
        ],
        [
          2,
          2,
          3,
          2
        ]
      ],
      "essay_scoreT_cont": [
        [
          3,
          3,
          0,
          3
        ],
        [
          3,
          2,
          0,
          2
        ],
        [
          3,
          2,
          0,
          2
        ]
      ],
      "essay_scoreT_exp": [
        [
          3,
          3,
          3
        ],
        [
          3,
          3,
          2
        ],
        [
          2,
          2,
          2
        ]
      ]
    }
  },
  "student": {
    "date": "2021.09.07",
    "student_educated": true,
    "student_grade": "고등_1학년",
    "location": "051",
    "student_grade_group": "고등",
    "student_reading": 2
  },
  "rubric": {
    "essay_grade": "고등_1학년",
    "organization_weight": {
      "org_paragraph": 2,
      "org": 2,
      "org_essay": 4,
      "org_coherence": 2,
      "org_quantity": 1
    },
    "essay_type": "설명글",
    "content_weight": {
      "con_clearance": 4,
      "con_novelty": 3,
      "con": 4,
      "con_prompt": 0,
      "con_description": 1
    },
    "essay_main_subject": "영화/독서감상문",
    "expression_weight": {
      "exp_style": 1,
      "exp_grammar": 2,
      "exp_vocab": 3,
      "exp": 4
    }
  },
  "correction": [],
  "info": {
    "essay_id": "ESSAY_34381",
    "essay_prompt": " 영화에는 로맨스, 액션, 스릴러 등 정말 많은 장르가 있습니다. 사람마다 좋아하는 장르가 있고 절대 보지 않는 장르도 있습니다.\r\n\r\n 독서도 마찬가지입니다. 소설, 수필, 시, 만화, 위인전 등 여러가지 장르가 있습니다.\r\n\r\n 여러분은 어떤 장르를 좋아하나요? 그리고 해당 장르에서 가장 재미있게 봤던 영화나 책은 무엇인가요?\r\n\r\n 자신이 봤던 영화 혹은 책을 한 편 선정하여 주제와 내용 그리고 느낀점을 감상문으로 작성해주세요.",
    "essay_type": "설명글",
    "essay_level": "3",
    "essay_len": 842,
    "essay_main_subject": "영화/독서감상문"
  }
}