{
  "paragraph": [
    {
      "paragraph_txt": "내가 최근에 봤던 영화는 '콰이어트 플레이스2' 이다.#@문장구분# 친구들과 이 영화를 보았는데 1을 보지 않은 상태로 2를 보았다.#@문장구분# 앞에 내용을 건너뛴거 같아 좀 찜찜하긴 했지만 대충 1의 줄거리를 듣고 보니 이해가 가고 재미있었다.#@문장구분# 그래도 전 편을 보고 보는 것을 추천한다.#@문장구분# 2의 등장인물은 엄마, 누나, 남동생, 아기 이렇게 있는데 실체를 알 수 없는 괴생명체의 공격으로 일상의 모든 것이 사라진다.#@문장구분# 아이들 대신 죽음을 선택한 아빠의 희생 이후 살아남은 가족들은 위험에 노출된다.#@문장구분# 갓 태어난 막내를 포함한 아이들과 함께 소리 없는 사투를 이어가던 엄마는 살아남기 위해 새로운 은신처를 찾아 집 밖을 나서지만, 밖 마저 텅 빈 고요함으로 가득하다.#@문장구분# 괴생명체는 소리에 예민하기 때문에 절대 작은 숨소리도 내면 안된다.#@문장구분# 그래서 인물들의 대화내용이 거의 없고 영화 자체도 조용하지만 조용한 공간 속 에서 느껴지는 심리적 공포감이 상당하다.#@문장구분# 조용하다 갑자기 소리가 커질 때 깜짝깜짝 놀라는 부분들도 있지만 그런 장면들을 극장에서 보는 게 스릴있었다.#@문장구분# 그리고 누나는 청각장애를 가지고 있었기에 누나의 시선으로 영화가 시작 될 때 조용하게 이어진다.#@문장구분# 가끔 민폐 캐릭터들이 나와 답답하긴 했지만 그러려니 하고 봤다.#@문장구분# 대화가 많이 없어도 그렇게 지루하지 않았고 더 몰입을 할 수 있었다.#@문장구분# 나처럼 스릴러를 좋아하는 사람에게 추천해주고 싶은 영화이다.#@문장구분#",
      "paragraph_len": 965,
      "paragraph_id": "001"
    }
  ],
  "score": {
    "paragraph_score": [
      {
        "paragraph_scoreT": [
          3,
          3,
          1.8333334
        ],
        "paragraph_scoreT_detail": {
          "paragraph_scoreT_exp": [
            [
              3,
              3,
              3
            ],
            [
              3,
              3,
              3
            ],
            [
              2,
              2,
              1
            ]
          ]
        },
        "paragraph_scoreT_avg": 2.6111112,
        "paragraph_id": "001"
      }
    ],
    "essay_scoreT": [
      25.88889,
      28.88889,
      19
    ],
    "essay_scoreT_avg": 24.592592,
    "essay_scoreT_detail": {
      "essay_scoreT_org": [
        [
          3,
          3,
          2,
          0
        ],
        [
          2,
          3,
          3,
          2
        ],
        [
          1,
          1,
          2,
          2
        ]
      ],
      "essay_scoreT_cont": [
        [
          2,
          3,
          0,
          1
        ],
        [
          3,
          3,
          0,
          3
        ],
        [
          3,
          1,
          0,
          3
        ]
      ],
      "essay_scoreT_exp": [
        [
          3,
          3,
          3
        ],
        [
          3,
          3,
          3
        ],
        [
          2,
          2,
          1
        ]
      ]
    }
  },
  "student": {
    "date": "2021.09.13",
    "student_educated": true,
    "student_grade": "고등_1학년",
    "location": "051",
    "student_grade_group": "고등",
    "student_reading": 2
  },
  "rubric": {
    "essay_grade": "고등_1학년",
    "organization_weight": {
      "org_paragraph": 2,
      "org": 2,
      "org_essay": 4,
      "org_coherence": 2,
      "org_quantity": 1
    },
    "essay_type": "설명글",
    "content_weight": {
      "con_clearance": 4,
      "con_novelty": 3,
      "con": 4,
      "con_prompt": 0,
      "con_description": 1
    },
    "essay_main_subject": "영화/독서감상문",
    "expression_weight": {
      "exp_style": 1,
      "exp_grammar": 2,
      "exp_vocab": 3,
      "exp": 4
    }
  },
  "correction": [],
  "info": {
    "essay_id": "ESSAY_34029",
    "essay_prompt": " 영화에는 로맨스, 액션, 스릴러 등 정말 많은 장르가 있습니다. 사람마다 좋아하는 장르가 있고 절대 보지 않는 장르도 있습니다.\r\n\r\n 독서도 마찬가지입니다. 소설, 수필, 시, 만화, 위인전 등 여러가지 장르가 있습니다.\r\n\r\n 여러분은 어떤 장르를 좋아하나요? 그리고 해당 장르에서 가장 재미있게 봤던 영화나 책은 무엇인가요?\r\n\r\n 자신이 봤던 영화 혹은 책을 한 편 선정하여 주제와 내용 그리고 느낀점을 감상문으로 작성해주세요.",
    "essay_type": "설명글",
    "essay_level": "3",
    "essay_len": 686,
    "essay_main_subject": "영화/독서감상문"
  }
}