{
  "paragraph": [
    {
      "paragraph_txt": "영화감상문#@문장구분#\n이번 방학을 보내면서 보았던 영화 중에서 가장 기억에 남았던 영화는 야구소녀라는 영화였습니다.#@문장구분# 그래서 이 영화를 주제로 영화 감상문을 쓰게 되었습니다.#@문장구분# 우선 이 영화를 보게 된 계기는 제가 원래 야구를 좋아하고 관심이 많았는데 영화광인 제 누나가 야구와 관련된 이 영화를 추천해 주어서 보게 되었습니다.#@문장구분#\n대략적인 줄거리는 고교 야구팀의 유일한 여자선수이자 130km의 빠른 공으로 천재 야구소녀로 주목받고 있는 주수인은 졸업 후, 프로야구 팀에 입단하려 노력하지만 여자라는 이유로 평가의 기회조차 가지지 못합니다.#@문장구분# 엎친데 덮친격으로 주위의 사람들도 포기하라고 설득하는중에 고등학교에 새로운 코치님이 부임해 여자로써는 매우 빠른공이지만 한국 프로야구 평균과 10km 이상 차이나는 구속을 극복하기 위해 마구라고 불리는 너클볼을 연마하여 입단테스트를 보게되어 프로야구 진출에 성공하는 이야기입니다.#@문장구분#\n이 영화를 보며 느낀점은 신체적 불리함을 이겨내고 꿈을 이룬 주수인이 대단하고 그 힘든 과정을 끝까지 버틴 점이 존경할만 하다고 생각했습니다. #@문장구분#이러한 점들을 본받아 저도 끝까지 포기하지않고 저의 꿈을 이루기 위해 노력해야겠다고 생각했으며, 지금 꿈을 향해 나아가고 있는 우리 학교 친구들도 보고 동기부여가 되었으면 좋겠다고 느꼈습니다.#@문장구분#",
      "paragraph_len": 798,
      "paragraph_id": "001"
    }
  ],
  "score": {
    "paragraph_score": [
      {
        "paragraph_scoreT": [
          3,
          3,
          1.8333334
        ],
        "paragraph_scoreT_detail": {
          "paragraph_scoreT_exp": [
            [
              3,
              3,
              3
            ],
            [
              3,
              3,
              3
            ],
            [
              2,
              2,
              1
            ]
          ]
        },
        "paragraph_scoreT_avg": 2.6111112,
        "paragraph_id": "001"
      }
    ],
    "essay_scoreT": [
      30,
      26.88889,
      17.61111
    ],
    "essay_scoreT_avg": 24.833334,
    "essay_scoreT_detail": {
      "essay_scoreT_org": [
        [
          3,
          3,
          3,
          3
        ],
        [
          2,
          3,
          3,
          2
        ],
        [
          2,
          2,
          2,
          1
        ]
      ],
      "essay_scoreT_cont": [
        [
          3,
          3,
          0,
          3
        ],
        [
          3,
          2,
          0,
          2
        ],
        [
          2,
          1,
          0,
          2
        ]
      ],
      "essay_scoreT_exp": [
        [
          3,
          3,
          3
        ],
        [
          3,
          3,
          3
        ],
        [
          2,
          2,
          1
        ]
      ]
    }
  },
  "student": {
    "date": "2021.08.15",
    "student_educated": true,
    "student_grade": "고등_1학년",
    "location": "051",
    "student_grade_group": "고등",
    "student_reading": 1
  },
  "rubric": {
    "essay_grade": "고등_1학년",
    "organization_weight": {
      "org_paragraph": 2,
      "org": 2,
      "org_essay": 4,
      "org_coherence": 2,
      "org_quantity": 1
    },
    "essay_type": "설명글",
    "content_weight": {
      "con_clearance": 4,
      "con_novelty": 3,
      "con": 4,
      "con_prompt": 0,
      "con_description": 1
    },
    "essay_main_subject": "영화/독서감상문",
    "expression_weight": {
      "exp_style": 1,
      "exp_grammar": 2,
      "exp_vocab": 3,
      "exp": 4
    }
  },
  "correction": [],
  "info": {
    "essay_id": "ESSAY_34077",
    "essay_prompt": " 영화에는 로맨스, 액션, 스릴러 등 정말 많은 장르가 있습니다. 사람마다 좋아하는 장르가 있고 절대 보지 않는 장르도 있습니다.\r\n\r\n 독서도 마찬가지입니다. 소설, 수필, 시, 만화, 위인전 등 여러가지 장르가 있습니다.\r\n\r\n 여러분은 어떤 장르를 좋아하나요? 그리고 해당 장르에서 가장 재미있게 봤던 영화나 책은 무엇인가요?\r\n\r\n 자신이 봤던 영화 혹은 책을 한 편 선정하여 주제와 내용 그리고 느낀점을 감상문으로 작성해주세요.",
    "essay_type": "설명글",
    "essay_level": "3",
    "essay_len": 638,
    "essay_main_subject": "영화/독서감상문"
  }
}