{
  "paragraph": [
    {
      "paragraph_txt": "최근 인권과 관련한 문제가 부쩍 늘고있는 것 같다.#@문장구분# <br/><br/> 우리나라는 물론 미얀마 군부쿠테타와 쿠바 민주화 운동 그리고 남아공 반정부 시위등 국제사회에서 인권과 관련한 문제가 끊이지 않고 있다.#@문장구분#<br/><br/> 이렇기에 미래교육이 지향해야 할 분야 중 하나가 인권부분이라고 생각한다.#@문장구분#<br/><br/> 어릴 때부터 인권의 가치와 소중함을 정확하게 배우고 이해한다면 이러한 사태가 벌어지지 않을 것이기 때문이다. 이와 관련하여 인권수업이라는 책을 읽게 되었다.#@문장구분# <br/><br/>  이 책은 저자인 이은진 선생님이 교편에서 인권수업을 하시는 동안 얻으신 통찰과 깨달음을 전하고 있다.#@문장구분#<br/><br/> 책에서 선생님은 인권수업이 활발하게 진행되어야 한다고 하시는데 나의 의견과 일맥상통하는 것 같아 더 잘 읽혔다.#@문장구분# 책에서 가장 흥미로운 부분은 올바른 인권수업에 관한 부분이였다.#@문장구분#<br/><br/> 선생님께서는 인권수업을 하고 난 후 학생들의 인식이 단순한 연민에 머물러선 안된다고 지적하신다.#@문장구분#<br/><br/> 예를들어 아프리카의 인권실태에 관한 수업을 한 후 학생들이 아프리카 사람들에 대해 단순히 불쌍하다고 생각하는 것에 그쳐서는 않된다는 것이다.#@문장구분#<br/><br/> 인권수업을 한 후 아프리카 인권문제를 해결할 수 있는 방안을 찾는 적극적인 태도가 필요하다고 지적하신다.#@문장구분#",
      "paragraph_len": 960,
      "paragraph_id": "001"
    }
  ],
  "score": {
    "paragraph_score": [
      {
        "paragraph_scoreT": [
          1.8333334,
          2.5,
          2
        ],
        "paragraph_scoreT_detail": {
          "paragraph_scoreT_exp": [
            [
              2,
              2,
              1
            ],
            [
              2,
              3,
              2
            ],
            [
              2,
              2,
              2
            ]
          ]
        },
        "paragraph_scoreT_avg": 2.1111112,
        "paragraph_id": "001"
      }
    ],
    "essay_scoreT": [
      17.555555,
      26.5,
      22
    ],
    "essay_scoreT_avg": 22.018518,
    "essay_scoreT_detail": {
      "essay_scoreT_org": [
        [
          2,
          2,
          2,
          3
        ],
        [
          3,
          3,
          3,
          3
        ],
        [
          2,
          2,
          2,
          2
        ]
      ],
      "essay_scoreT_cont": [
        [
          2,
          1,
          0,
          1
        ],
        [
          3,
          2,
          0,
          3
        ],
        [
          3,
          2,
          0,
          2
        ]
      ],
      "essay_scoreT_exp": [
        [
          2,
          2,
          1
        ],
        [
          2,
          3,
          2
        ],
        [
          2,
          2,
          2
        ]
      ]
    }
  },
  "student": {
    "date": "2021.09.09",
    "student_educated": true,
    "student_grade": "고등_1학년",
    "location": "051",
    "student_grade_group": "고등",
    "student_reading": 2
  },
  "rubric": {
    "essay_grade": "고등_1학년",
    "organization_weight": {
      "org_paragraph": 2,
      "org": 2,
      "org_essay": 4,
      "org_coherence": 2,
      "org_quantity": 1
    },
    "essay_type": "설명글",
    "content_weight": {
      "con_clearance": 4,
      "con_novelty": 3,
      "con": 4,
      "con_prompt": 0,
      "con_description": 1
    },
    "essay_main_subject": "영화/독서감상문",
    "expression_weight": {
      "exp_style": 1,
      "exp_grammar": 2,
      "exp_vocab": 3,
      "exp": 4
    }
  },
  "correction": [],
  "info": {
    "essay_id": "ESSAY_34781",
    "essay_prompt": " 영화에는 로맨스, 액션, 스릴러 등 정말 많은 장르가 있습니다. 사람마다 좋아하는 장르가 있고 절대 보지 않는 장르도 있습니다.\r\n\r\n 독서도 마찬가지입니다. 소설, 수필, 시, 만화, 위인전 등 여러가지 장르가 있습니다.\r\n\r\n 여러분은 어떤 장르를 좋아하나요? 그리고 해당 장르에서 가장 재미있게 봤던 영화나 책은 무엇인가요?\r\n\r\n 자신이 봤던 영화 혹은 책을 한 편 선정하여 주제와 내용 그리고 느낀점을 감상문으로 작성해주세요.",
    "essay_type": "설명글",
    "essay_level": "3",
    "essay_len": 600,
    "essay_main_subject": "영화/독서감상문"
  }
}