{
  "paragraph": [
    {
      "paragraph_txt": "청혼까지 할 만큼 가까웠던 한 남녀의 사이가 순간의 허세심과 자존심 때문에 그릇되고 결국 그 여자가 다른 이와 결혼하는 것을 지켜봐야 했던 남자의 이야기다.#@문장구분# 여자는 남자의 허세에 스페인어를 유창하게 할 수 있다고 생각했고 그의 청혼의 대한 대답으로 스페인어로 \"와서 날 데려가라\"라는 의미인 선인장 Ventomarme를 보내지만 남자는 이를 이해하지 못하고 둘의 관계가 이어지지 못한다는 새드 스토리이다.#@문장구분# 이 작품을 읽고, 순간의 선택이 자신의 앞으로의 인생에 많은 영향을 미친다는 것을 깨달았다.#@문장구분# 그리고 한 번의 거짓 때문에 일을 크게 그르칠 수 있다고도 느꼈다.#@문장구분# 나 자신도 작품의 남자 되지 않기 위해서 순간의 선택을 잘 선택하고 거짓말을 하지 않겠다고 다짐한다.#@문장구분# The Cactus는 앞으로의 내 인생의 가치관에 많은 영향을 끼칠 작품이라고 생각한다.#@문장구분#",
      "paragraph_len": 543,
      "paragraph_id": "001"
    }
  ],
  "score": {
    "paragraph_score": [
      {
        "paragraph_scoreT": [
          2.3333333,
          2,
          2.8333333
        ],
        "paragraph_scoreT_detail": {
          "paragraph_scoreT_exp": [
            [
              2,
              3,
              1
            ],
            [
              2,
              2,
              2
            ],
            [
              3,
              3,
              2
            ]
          ]
        },
        "paragraph_scoreT_avg": 2.3888886,
        "paragraph_id": "001"
      }
    ],
    "essay_scoreT": [
      19.333332,
      20,
      26.61111
    ],
    "essay_scoreT_avg": 21.981482,
    "essay_scoreT_detail": {
      "essay_scoreT_org": [
        [
          2,
          2,
          2,
          2
        ],
        [
          2,
          2,
          2,
          2
        ],
        [
          2,
          2,
          2,
          1
        ]
      ],
      "essay_scoreT_cont": [
        [
          2,
          1,
          0,
          1
        ],
        [
          2,
          2,
          0,
          2
        ],
        [
          3,
          3,
          0,
          2
        ]
      ],
      "essay_scoreT_exp": [
        [
          2,
          3,
          1
        ],
        [
          2,
          2,
          2
        ],
        [
          3,
          3,
          2
        ]
      ]
    }
  },
  "student": {
    "date": "2021.09.10",
    "student_educated": true,
    "student_grade": "고등_1학년",
    "location": "063",
    "student_grade_group": "고등",
    "student_reading": 1
  },
  "rubric": {
    "essay_grade": "고등_1학년",
    "organization_weight": {
      "org_paragraph": 2,
      "org": 2,
      "org_essay": 4,
      "org_coherence": 2,
      "org_quantity": 1
    },
    "essay_type": "설명글",
    "content_weight": {
      "con_clearance": 4,
      "con_novelty": 3,
      "con": 4,
      "con_prompt": 0,
      "con_description": 1
    },
    "essay_main_subject": "영화/독서감상문",
    "expression_weight": {
      "exp_style": 1,
      "exp_grammar": 2,
      "exp_vocab": 3,
      "exp": 4
    }
  },
  "correction": [],
  "info": {
    "essay_id": "ESSAY_34817",
    "essay_prompt": " 영화에는 로맨스, 액션, 스릴러 등 정말 많은 장르가 있습니다. 사람마다 좋아하는 장르가 있고 절대 보지 않는 장르도 있습니다.\r\n\r\n 독서도 마찬가지입니다. 소설, 수필, 시, 만화, 위인전 등 여러가지 장르가 있습니다.\r\n\r\n 여러분은 어떤 장르를 좋아하나요? 그리고 해당 장르에서 가장 재미있게 봤던 영화나 책은 무엇인가요?\r\n\r\n 자신이 봤던 영화 혹은 책을 한 편 선정하여 주제와 내용 그리고 느낀점을 감상문으로 작성해주세요.",
    "essay_type": "설명글",
    "essay_level": "3",
    "essay_len": 423,
    "essay_main_subject": "영화/독서감상문"
  }
}