{
  "paragraph": [
    {
      "paragraph_txt": "최근에 본 영화는 잘 모르겠고 인상 깊은 영화 중에서 소감문을 쓰자면 범죄도시가 인상 깊었다.#@문장구분# 범죄도시는 마동석,윤계상 주연 영화임.#@문장구분# 극중 윤계상의 장첸 연기는 미쳤다고 봐도 무방하다.#@문장구분#내용을 간단히 말하면 마석도(마동석)형사가 창원에서 가리봉동으로 올라온 범죄 조직 흑룡파가 독사파의 독사(허성태)를 죽여 독사파를 접수하고 황사장(조재윤)이 운영하는 룸방에 지배인 팔을 자르고  얼마나 지나지 않고 장이수(박지환)가 운영하는 오락실(?)을 점령한다.#@문장구분# 양고기 집에서 마석도(마동석)형사팀을 마주치는데 거기서 강홍석(하준)이 뜨거운 기름에 화상을 입게 되고 흑룡파를 놓치게된다.#@문장구분# 오락실을 뺏겼던 장이수(박지환)은 흑룡파를 잡기 위해 오락실을 차로 부수고 위성락(진선규)과 양태(김성규)는 화를 참지 못하고 이수파를 치러가는데 모든것은 이수파의 계획이였다.#@문장구분# 이수파에게 위성락(진선규)과 양태(김성규)를 포위되는데 그때, 마석도(마동석)이 등장한다.#@문장구분#드디어 위성락(진선규)를 체포하고 장첸을 잡기 위해 심문하는데 며칠후 장이수의 모친 회갑연이 열리고 그 곳에 흑룡파 양태(김성규)가 소화기를 발사해 장이수 부하들을 밖으로 끌어들이고 장첸(윤계상)이 회갑연장 안으로 들어가 장이수(박지환)마저 죽이게 된다.#@문장구분# 그 일이 뉴스에 보도 되고 장첸(윤계상)은 춘식이파 보스 황사장(조재윤)을 죽여 달라는 의뢰까지 받게 된다.#@문장구분# 하지만 춘식이파가 장첸을 먼저 찾게 되고 춘식이파는 장첸(윤계상)을 바로 앞에서 놓치게 된다.#@문장구분# 다음날 위성락(진선규)까지 중국으로 송치되면서 장첸을 잡기 위한 계획은 더욱더 어려워졌다.#@문장구분# 하지만 그 중국으로 송치 시키던 중국인들은 사실 휘발유(윤병희)와경유(이도군)로 마석도(마동석)의 정보원이였고 위성락을 풀어준 이유도 흑룡파를 일망타진으로 잡기 위한 계획이였다.#@문장구분#하지만 장첸(윤계상)은 낌새를 느끼고 공항에서 비행기 타고 한국을 뜰려고 하지만 그곳엔 마석도(마동석)이 있었고 결국 장첸(윤계상)을 잡아 흑룡파를 다 잡게된다.#@문장구분#이 영화는 17년도에 나왔지만 거의 머 레전드급 범죄영화이다.#@문장구분#이 영화 봐라. #@문장구분#두번봐라,#@문장구분# 미쳤다,#@문장구분#이 영화.#@문장구분#",
      "paragraph_len": 1386,
      "paragraph_id": "001"
    }
  ],
  "score": {
    "paragraph_score": [
      {
        "paragraph_scoreT": [
          2.8333333,
          2.8333333,
          3
        ],
        "paragraph_scoreT_detail": {
          "paragraph_scoreT_exp": [
            [
              3,
              3,
              2
            ],
            [
              3,
              3,
              2
            ],
            [
              3,
              3,
              3
            ]
          ]
        },
        "paragraph_scoreT_avg": 2.8888886,
        "paragraph_id": "001"
      }
    ],
    "essay_scoreT": [
      24.722221,
      25.61111,
      28.222221
    ],
    "essay_scoreT_avg": 26.185186,
    "essay_scoreT_detail": {
      "essay_scoreT_org": [
        [
          2,
          3,
          3,
          2
        ],
        [
          3,
          3,
          3,
          2
        ],
        [
          2,
          2,
          2,
          3
        ]
      ],
      "essay_scoreT_cont": [
        [
          2,
          2,
          0,
          3
        ],
        [
          2,
          2,
          0,
          3
        ],
        [
          3,
          3,
          0,
          3
        ]
      ],
      "essay_scoreT_exp": [
        [
          3,
          3,
          2
        ],
        [
          3,
          3,
          2
        ],
        [
          3,
          3,
          3
        ]
      ]
    }
  },
  "student": {
    "date": "2021.09.13",
    "student_educated": true,
    "student_grade": "고등_1학년",
    "location": "051",
    "student_grade_group": "고등",
    "student_reading": 3
  },
  "rubric": {
    "essay_grade": "고등_1학년",
    "organization_weight": {
      "org_paragraph": 2,
      "org": 2,
      "org_essay": 4,
      "org_coherence": 2,
      "org_quantity": 1
    },
    "essay_type": "설명글",
    "content_weight": {
      "con_clearance": 4,
      "con_novelty": 3,
      "con": 4,
      "con_prompt": 0,
      "con_description": 1
    },
    "essay_main_subject": "영화/독서감상문",
    "expression_weight": {
      "exp_style": 1,
      "exp_grammar": 2,
      "exp_vocab": 3,
      "exp": 4
    }
  },
  "correction": [],
  "info": {
    "essay_id": "ESSAY_33971",
    "essay_prompt": " 영화에는 로맨스, 액션, 스릴러 등 정말 많은 장르가 있습니다. 사람마다 좋아하는 장르가 있고 절대 보지 않는 장르도 있습니다.\r\n\r\n 독서도 마찬가지입니다. 소설, 수필, 시, 만화, 위인전 등 여러가지 장르가 있습니다.\r\n\r\n 여러분은 어떤 장르를 좋아하나요? 그리고 해당 장르에서 가장 재미있게 봤던 영화나 책은 무엇인가요?\r\n\r\n 자신이 봤던 영화 혹은 책을 한 편 선정하여 주제와 내용 그리고 느낀점을 감상문으로 작성해주세요.",
    "essay_type": "설명글",
    "essay_level": "3",
    "essay_len": 1031,
    "essay_main_subject": "영화/독서감상문"
  }
}