{
  "paragraph": [
    {
      "paragraph_txt": "우리 일상에서는 다양한 통계가 쓰이며 그 분야는 점차 확대가 되고있다.#@문장구분# 그러나 이러한 통계를 악용하는 사례도 계속해서 나타나고 있다.#@문장구분# 영어시간에도 배웠듯이 평균이라는 함정을 속이기도 하며, 퍼센트와 퍼센트 포인트의 차이, 그래프를 활용해 우리에게 눈속임을 주기도 한다.#@문장구분#\n이러한 말들은 이 책에서도 자세하게 다루는데 언론은 과장을 좋아하기 때문에 속임수를 활용하는 경우가 많다.#@문장구분#\n이 책에서 가장 인상깊었던 점은 상관관계와 인과관계에 대한 글이다.#@문장구분# 잘못된 추정에서 온갖 불량한 통계가 쏟아져 나온다는 것이다.#@문장구분# 원인이 되는 관계가 상관관계를 만들수 있지만 반드시 그런것은 아니기 때문에 그렇지 않은 경우는 실제로 흔하다는 것이다.#@문장구분# 우리는 뉴스 기사 등을 볼때에도 이를 계속 생각하면서 통계를 접근해야한다.#@문장구분#\n나는 이 책을 자료를 잘 해석할줄 모르는 학생이거나 잘 속는 학생들에게 추천을 해주고 싶다.#@문장구분#",
      "paragraph_len": 623,
      "paragraph_id": "001"
    }
  ],
  "score": {
    "paragraph_score": [
      {
        "paragraph_scoreT": [
          2.6666667,
          1.8333334,
          1.8333334
        ],
        "paragraph_scoreT_detail": {
          "paragraph_scoreT_exp": [
            [
              2,
              3,
              3
            ],
            [
              2,
              2,
              1
            ],
            [
              2,
              2,
              1
            ]
          ]
        },
        "paragraph_scoreT_avg": 2.1111112,
        "paragraph_id": "001"
      }
    ],
    "essay_scoreT": [
      28.222221,
      19.333334,
      19.277779
    ],
    "essay_scoreT_avg": 22.277779,
    "essay_scoreT_detail": {
      "essay_scoreT_org": [
        [
          3,
          3,
          3,
          1
        ],
        [
          2,
          2,
          2,
          2
        ],
        [
          1,
          1,
          2,
          1
        ]
      ],
      "essay_scoreT_cont": [
        [
          3,
          3,
          0,
          3
        ],
        [
          2,
          2,
          0,
          2
        ],
        [
          3,
          2,
          0,
          1
        ]
      ],
      "essay_scoreT_exp": [
        [
          2,
          3,
          3
        ],
        [
          2,
          2,
          1
        ],
        [
          2,
          2,
          1
        ]
      ]
    }
  },
  "student": {
    "date": "2021.09.07",
    "student_educated": true,
    "student_grade": "고등_1학년",
    "location": "063",
    "student_grade_group": "고등",
    "student_reading": 3
  },
  "rubric": {
    "essay_grade": "고등_1학년",
    "organization_weight": {
      "org_paragraph": 2,
      "org": 2,
      "org_essay": 4,
      "org_coherence": 2,
      "org_quantity": 1
    },
    "essay_type": "설명글",
    "content_weight": {
      "con_clearance": 4,
      "con_novelty": 3,
      "con": 4,
      "con_prompt": 0,
      "con_description": 1
    },
    "essay_main_subject": "영화/독서감상문",
    "expression_weight": {
      "exp_style": 1,
      "exp_grammar": 2,
      "exp_vocab": 3,
      "exp": 4
    }
  },
  "correction": [],
  "info": {
    "essay_id": "ESSAY_34588",
    "essay_prompt": " 영화에는 로맨스, 액션, 스릴러 등 정말 많은 장르가 있습니다. 사람마다 좋아하는 장르가 있고 절대 보지 않는 장르도 있습니다.\r\n\r\n 독서도 마찬가지입니다. 소설, 수필, 시, 만화, 위인전 등 여러가지 장르가 있습니다.\r\n\r\n 여러분은 어떤 장르를 좋아하나요? 그리고 해당 장르에서 가장 재미있게 봤던 영화나 책은 무엇인가요?\r\n\r\n 자신이 봤던 영화 혹은 책을 한 편 선정하여 주제와 내용 그리고 느낀점을 감상문으로 작성해주세요.",
    "essay_type": "설명글",
    "essay_level": "3",
    "essay_len": 443,
    "essay_main_subject": "영화/독서감상문"
  }
}