{
  "paragraph": [
    {
      "paragraph_txt": "이책은 고양이에 대해서 알려주는 책이다.#@문장구분# 고양이는 물, 음식, 안전한장소, 뛰고 놀아야 건강한 상태를 유지할수잇다.#@문장구분# 고양이는 때때로 캔안에 젖은 내용물들을 먹는다.#@문장구분# 그에 비해 몇몇 고양이들은 마른 내용물들을 먹는 종류도 잇다.#@문장구분# 고양이는 포유류이다#@문장구분# 포유류는 새끼들에게 젖을 먹인다.#@문장구분# 새끼고양이를 흔히 litter이라고 부르고 새끼고양이들은 엄마고양이로부터 젖을 얻는데 몇몇 사람들은 성인고양이에게 우유를 주는데 그것을 좋은방법이 아니다.#@문장구분# 젖소로 부터나오는 우유는 고양이를 아프게할수잇다.#@문장구분# 우유대신 물을 마시는게 좋다.#@문장구분# 고양이의 털은 온도를 유지해주고 항상 깨끗하게 하기위해 털을 핧는다.#@문장구분# 고양이의 털에는 짧은털과 긴털이있는데 긴털이라면 깨끗이 하기위해 고양이들은 그털을 핥는다#@문장구분# 긴털은 건강을 나쁘게 할수잇어서 항상 빗어줘야한다.#@문장구분# 고양이가 아프면 말을 할수없고 숨거나 매우 조용해진다.#@문장구분# 대부분의 고양이는 여행을 좋아하지않고 차 안에 타는것도 두려워하기때문에 특별한 케이스가 잇어야한다.#@문장구분# 비록 영어로된 책이지만 애완동물에 흥미가 잇엇기때문에 이 책을 골랏고 여러므로 도움되엇다.#@문장구분#",
      "paragraph_len": 844,
      "paragraph_id": "001"
    }
  ],
  "score": {
    "paragraph_score": [
      {
        "paragraph_scoreT": [
          2.1666667,
          1.8333334,
          1.5
        ],
        "paragraph_scoreT_detail": {
          "paragraph_scoreT_exp": [
            [
              2,
              2,
              3
            ],
            [
              2,
              2,
              1
            ],
            [
              1,
              2,
              1
            ]
          ]
        },
        "paragraph_scoreT_avg": 1.8333334,
        "paragraph_id": "001"
      }
    ],
    "essay_scoreT": [
      25.166668,
      17.61111,
      20.166668
    ],
    "essay_scoreT_avg": 20.981482,
    "essay_scoreT_detail": {
      "essay_scoreT_org": [
        [
          3,
          3,
          3,
          3
        ],
        [
          2,
          2,
          2,
          1
        ],
        [
          1,
          2,
          1,
          2
        ]
      ],
      "essay_scoreT_cont": [
        [
          3,
          2,
          0,
          3
        ],
        [
          2,
          1,
          0,
          2
        ],
        [
          3,
          3,
          0,
          2
        ]
      ],
      "essay_scoreT_exp": [
        [
          2,
          2,
          3
        ],
        [
          2,
          2,
          1
        ],
        [
          1,
          2,
          1
        ]
      ]
    }
  },
  "student": {
    "date": "2021.09.10",
    "student_educated": true,
    "student_grade": "고등_1학년",
    "location": "063",
    "student_grade_group": "고등",
    "student_reading": 1
  },
  "rubric": {
    "essay_grade": "고등_1학년",
    "organization_weight": {
      "org_paragraph": 2,
      "org": 2,
      "org_essay": 4,
      "org_coherence": 2,
      "org_quantity": 1
    },
    "essay_type": "설명글",
    "content_weight": {
      "con_clearance": 4,
      "con_novelty": 3,
      "con": 4,
      "con_prompt": 0,
      "con_description": 1
    },
    "essay_main_subject": "영화/독서감상문",
    "expression_weight": {
      "exp_style": 1,
      "exp_grammar": 2,
      "exp_vocab": 3,
      "exp": 4
    }
  },
  "correction": [],
  "info": {
    "essay_id": "ESSAY_34830",
    "essay_prompt": " 영화에는 로맨스, 액션, 스릴러 등 정말 많은 장르가 있습니다. 사람마다 좋아하는 장르가 있고 절대 보지 않는 장르도 있습니다.\r\n\r\n 독서도 마찬가지입니다. 소설, 수필, 시, 만화, 위인전 등 여러가지 장르가 있습니다.\r\n\r\n 여러분은 어떤 장르를 좋아하나요? 그리고 해당 장르에서 가장 재미있게 봤던 영화나 책은 무엇인가요?\r\n\r\n 자신이 봤던 영화 혹은 책을 한 편 선정하여 주제와 내용 그리고 느낀점을 감상문으로 작성해주세요.",
    "essay_type": "설명글",
    "essay_level": "3",
    "essay_len": 544,
    "essay_main_subject": "영화/독서감상문"
  }
}