{
  "paragraph": [
    {
      "paragraph_txt": "이 작품은 학교에서 읽게 되었다.#@문장구분# \n이 작품에는 4명의 인물이 나온다.#@문장구분# \n박씨 이씨 김씨 이들은 각작의 이유로 같은 버스를 타고 만난다.#@문장구분# 그리고 한 여자가 같이 타게된다.#@문장구분# 4명은 같은곳에 내려 남자 셋은 상가집으로 향하고 잔뜩 술에 취한다.#@문장구분# 그러다 여자가 있는 집으로가 김씨는 여인숙에서 자려다 한 초등생을 보고 우등생이었던 아이가 열등생으로 변한 자신의 모습을 되돌아본다.#@문장구분# \n박씨와 이씨는 여자와 술을 마시다 박씨는 이씨에게 열등의식을 느끼게된다.#@문장구분# 여자는 김씨가 대학생이라는 말을 듣고 김씨에게 간다.#@문장구분# 밖에는 눈이 내리고 있고 여자는 김씨를 순수한 마음으로 사모한다.#@문장구분#\n이작품은 한 사건을 기준으로 일이 일어나지않는다.#@문장구분# 이 작품 제목은 강이지만 강이 나타나지 않는다.#@문장구분# 사회에서 소외된 인물들이 인생의 허무와 비애를 나타내며 강처럼 흘러가는 삶을 그려내고 있는 작품이다.#@문장구분# ",
      "paragraph_len": 671,
      "paragraph_id": "001"
    }
  ],
  "score": {
    "paragraph_score": [
      {
        "paragraph_scoreT": [
          2.1666667,
          2,
          1.8333334
        ],
        "paragraph_scoreT_detail": {
          "paragraph_scoreT_exp": [
            [
              2,
              2,
              3
            ],
            [
              2,
              2,
              2
            ],
            [
              2,
              2,
              1
            ]
          ]
        },
        "paragraph_scoreT_avg": 2.0000002,
        "paragraph_id": "001"
      }
    ],
    "essay_scoreT": [
      25.222221,
      20,
      16.833334
    ],
    "essay_scoreT_avg": 20.685186,
    "essay_scoreT_detail": {
      "essay_scoreT_org": [
        [
          3,
          3,
          3,
          1
        ],
        [
          2,
          2,
          2,
          2
        ],
        [
          1,
          1,
          1,
          1
        ]
      ],
      "essay_scoreT_cont": [
        [
          3,
          3,
          0,
          1
        ],
        [
          2,
          2,
          0,
          2
        ],
        [
          2,
          2,
          0,
          1
        ]
      ],
      "essay_scoreT_exp": [
        [
          2,
          2,
          3
        ],
        [
          2,
          2,
          2
        ],
        [
          2,
          2,
          1
        ]
      ]
    }
  },
  "student": {
    "date": "2021.09.07",
    "student_educated": true,
    "student_grade": "고등_1학년",
    "location": "051",
    "student_grade_group": "고등",
    "student_reading": 2
  },
  "rubric": {
    "essay_grade": "고등_1학년",
    "organization_weight": {
      "org_paragraph": 2,
      "org": 2,
      "org_essay": 4,
      "org_coherence": 2,
      "org_quantity": 1
    },
    "essay_type": "설명글",
    "content_weight": {
      "con_clearance": 4,
      "con_novelty": 3,
      "con": 4,
      "con_prompt": 0,
      "con_description": 1
    },
    "essay_main_subject": "영화/독서감상문",
    "expression_weight": {
      "exp_style": 1,
      "exp_grammar": 2,
      "exp_vocab": 3,
      "exp": 4
    }
  },
  "correction": [],
  "info": {
    "essay_id": "ESSAY_34536",
    "essay_prompt": " 영화에는 로맨스, 액션, 스릴러 등 정말 많은 장르가 있습니다. 사람마다 좋아하는 장르가 있고 절대 보지 않는 장르도 있습니다.\r\n\r\n 독서도 마찬가지입니다. 소설, 수필, 시, 만화, 위인전 등 여러가지 장르가 있습니다.\r\n\r\n 여러분은 어떤 장르를 좋아하나요? 그리고 해당 장르에서 가장 재미있게 봤던 영화나 책은 무엇인가요?\r\n\r\n 자신이 봤던 영화 혹은 책을 한 편 선정하여 주제와 내용 그리고 느낀점을 감상문으로 작성해주세요.",
    "essay_type": "설명글",
    "essay_level": "3",
    "essay_len": 431,
    "essay_main_subject": "영화/독서감상문"
  }
}