{
  "paragraph": [
    {
      "paragraph_txt": "칭찬은 고래를 춤추게 한다는 글귀를 처음알게된것은 중학생때이다.#@문장구분# 칭찬이 어떻게 고래를 춤추게 하는가에 대한 궁금증이 있어 책을접하게 되었다.#@문장구분# 책의 주인공 웨스 킹슬리는 회사의 중역으로 회사와 가정에서의 인간관계로 많은 고민을 하는 사람이다.#@문장구분# 그는 플로리다에 출장을 가있는 동안 우연한 기회에 씨월드 해양관에서 범고래의 멋진 쇼를 보게 되는데 크게 기대하지 않았던 그쇼에서 무게 3톤이 넘는 범고래들의 멋진 쇼를 보고 어떻게 범고래로 하여금 그렇게 멋진쇼를 하게 만들었는지 알고싶어진다.#@문장구분# 범고래 조련사인 데이브는 웨스에게 범고래와의 관계는 인간 사이의 관계와 다르지않으며 멋진 쇼를 하게 만드는 비결은 상대방에 대한 긍정적인 관심과 칭찬 그리고 격려라고 말해준다. #@문장구분#그리고 구체적으로 어떻게 긍정적으로 바라보고 칭찬과 격려를 해야하는지에 대해서는 데이브의 친구이자 세계적인 컨설턴트인 앤마리가 고래반응 이라는 용어를 통해 자세하게 설명해준다.#@문장구분# 데이브와 앤 마리의 도움으로 웨스는 가정에서는 두 아이와 아내로부터 사랑받는 가장이 되고 직장에서는 보다 높은 성과를 올려 동료들과 부하직원들로부터 존경받는 상사가 되는데 성공한다. #@문장구분#이 책을 읽고 변화된 점은 변화는 일단 칭찬을 좀더 많이 하게 된거같고 스스로 사람들이 동기화 할수 있는 힘을 실어주는게 중요하다는 것을 실천하고 있다.#@문장구분#",
      "paragraph_len": 817,
      "paragraph_id": "001"
    }
  ],
  "score": {
    "paragraph_score": [
      {
        "paragraph_scoreT": [
          3,
          2.8333333,
          2
        ],
        "paragraph_scoreT_detail": {
          "paragraph_scoreT_exp": [
            [
              3,
              3,
              3
            ],
            [
              3,
              3,
              2
            ],
            [
              2,
              2,
              2
            ]
          ]
        },
        "paragraph_scoreT_avg": 2.611111,
        "paragraph_id": "001"
      }
    ],
    "essay_scoreT": [
      29.777779,
      25.777779,
      22.944445
    ],
    "essay_scoreT_avg": 26.166666,
    "essay_scoreT_detail": {
      "essay_scoreT_org": [
        [
          3,
          3,
          3,
          2
        ],
        [
          2,
          2,
          3,
          2
        ],
        [
          2,
          2,
          3,
          2
        ]
      ],
      "essay_scoreT_cont": [
        [
          3,
          3,
          0,
          3
        ],
        [
          3,
          2,
          0,
          2
        ],
        [
          3,
          2,
          0,
          3
        ]
      ],
      "essay_scoreT_exp": [
        [
          3,
          3,
          3
        ],
        [
          3,
          3,
          2
        ],
        [
          2,
          2,
          2
        ]
      ]
    }
  },
  "student": {
    "date": "2021.09.13",
    "student_educated": true,
    "student_grade": "고등_1학년",
    "location": "063",
    "student_grade_group": "고등",
    "student_reading": 2
  },
  "rubric": {
    "essay_grade": "고등_1학년",
    "organization_weight": {
      "org_paragraph": 2,
      "org": 2,
      "org_essay": 4,
      "org_coherence": 2,
      "org_quantity": 1
    },
    "essay_type": "설명글",
    "content_weight": {
      "con_clearance": 4,
      "con_novelty": 3,
      "con": 4,
      "con_prompt": 0,
      "con_description": 1
    },
    "essay_main_subject": "영화/독서감상문",
    "expression_weight": {
      "exp_style": 1,
      "exp_grammar": 2,
      "exp_vocab": 3,
      "exp": 4
    }
  },
  "correction": [],
  "info": {
    "essay_id": "ESSAY_34442",
    "essay_prompt": " 영화에는 로맨스, 액션, 스릴러 등 정말 많은 장르가 있습니다. 사람마다 좋아하는 장르가 있고 절대 보지 않는 장르도 있습니다.\r\n\r\n 독서도 마찬가지입니다. 소설, 수필, 시, 만화, 위인전 등 여러가지 장르가 있습니다.\r\n\r\n 여러분은 어떤 장르를 좋아하나요? 그리고 해당 장르에서 가장 재미있게 봤던 영화나 책은 무엇인가요?\r\n\r\n 자신이 봤던 영화 혹은 책을 한 편 선정하여 주제와 내용 그리고 느낀점을 감상문으로 작성해주세요.",
    "essay_type": "설명글",
    "essay_level": "3",
    "essay_len": 657,
    "essay_main_subject": "영화/독서감상문"
  }
}