{
  "paragraph": [
    {
      "paragraph_txt": "영어 시간의 영어원서읽기에서 접하게 된 다양한 원서의 종류를 보다 이번에 지구과학 수업에서 배우기도 하였고, 자율활동 중 세계시민교육에서의 주제가 되어 관심을 가지게 된 지구온난화에 대한 원서에 관심이가서 읽게 되었다.#@문장구분# 이 책은 수업시간에 배운 태양열의 반사 즉, 태양에너지가 지구에 미치는 영향부터 지구온난화에 관한 내용(원인, 피해, 결과, 해결책)을 다루고, 주요 주제인 green technology 즉, 친환경기술에 대한 내용이 들어가 있다.#@문장구분# 친환경으로된 집과 그 안의 냉장고와 다양한 가 전제품, 친환경 교통과 그 안의 친환경 엔진, 그리고 이러한 기술들 이외의 다양한 친환경 기술들을 다루고 있다.#@문장구분# 우리에게 처한 지구온난화의 다양한 해결책과 현대의 기술들을 자세히 알 수 있었다.#@문장구분# 언젠가는 우리에게 돌아올 일을 지금부터 천천히 대처하고, 줄여가는 것이 우리의 비전이 되어야한다는 것 또한 깨달았다.#@문장구분#",
      "paragraph_len": 553,
      "paragraph_id": "001"
    }
  ],
  "score": {
    "paragraph_score": [
      {
        "paragraph_scoreT": [
          2.6666667,
          2.5,
          1.8333334
        ],
        "paragraph_scoreT_detail": {
          "paragraph_scoreT_exp": [
            [
              2,
              3,
              3
            ],
            [
              2,
              3,
              2
            ],
            [
              2,
              2,
              1
            ]
          ]
        },
        "paragraph_scoreT_avg": 2.3333335,
        "paragraph_id": "001"
      }
    ],
    "essay_scoreT": [
      25.222221,
      26.277779,
      17.722221
    ],
    "essay_scoreT_avg": 23.074074,
    "essay_scoreT_detail": {
      "essay_scoreT_org": [
        [
          3,
          3,
          3,
          1
        ],
        [
          3,
          3,
          3,
          2
        ],
        [
          1,
          2,
          2,
          1
        ]
      ],
      "essay_scoreT_cont": [
        [
          3,
          1,
          0,
          3
        ],
        [
          3,
          2,
          0,
          3
        ],
        [
          2,
          2,
          0,
          1
        ]
      ],
      "essay_scoreT_exp": [
        [
          2,
          3,
          3
        ],
        [
          2,
          3,
          2
        ],
        [
          2,
          2,
          1
        ]
      ]
    }
  },
  "student": {
    "date": "2021.09.07",
    "student_educated": true,
    "student_grade": "고등_1학년",
    "location": "063",
    "student_grade_group": "고등",
    "student_reading": 3
  },
  "rubric": {
    "essay_grade": "고등_1학년",
    "organization_weight": {
      "org_paragraph": 2,
      "org": 2,
      "org_essay": 4,
      "org_coherence": 2,
      "org_quantity": 1
    },
    "essay_type": "설명글",
    "content_weight": {
      "con_clearance": 4,
      "con_novelty": 3,
      "con": 4,
      "con_prompt": 0,
      "con_description": 1
    },
    "essay_main_subject": "영화/독서감상문",
    "expression_weight": {
      "exp_style": 1,
      "exp_grammar": 2,
      "exp_vocab": 3,
      "exp": 4
    }
  },
  "correction": [],
  "info": {
    "essay_id": "ESSAY_34533",
    "essay_prompt": " 영화에는 로맨스, 액션, 스릴러 등 정말 많은 장르가 있습니다. 사람마다 좋아하는 장르가 있고 절대 보지 않는 장르도 있습니다.\r\n\r\n 독서도 마찬가지입니다. 소설, 수필, 시, 만화, 위인전 등 여러가지 장르가 있습니다.\r\n\r\n 여러분은 어떤 장르를 좋아하나요? 그리고 해당 장르에서 가장 재미있게 봤던 영화나 책은 무엇인가요?\r\n\r\n 자신이 봤던 영화 혹은 책을 한 편 선정하여 주제와 내용 그리고 느낀점을 감상문으로 작성해주세요.",
    "essay_type": "설명글",
    "essay_level": "3",
    "essay_len": 453,
    "essay_main_subject": "영화/독서감상문"
  }
}