{
  "paragraph": [
    {
      "paragraph_txt": "영화 블라인드 사이드를 읽고난후 책으로도 이와 같은 내용을 담은 책이 있다고 들어 도서관에서 찾아 읽게되었다.#@문장구분#",
      "paragraph_len": 81,
      "paragraph_id": "001"
    },
    {
      "paragraph_txt": "블라인드 사이드는 실제 유명미식축구 선수인 마이클 오어의 실화를 담은 이야기이다.#@문장구분# 부모와 떨어져 살아야하는 어린 흑인소년이 자신을 믿어주는 새로운 가족을 만나 훌륭한 미식축구 선수로 성장하는 이야기 이다.#@문장구분# 가출한 아버지와 마약중독자인 어머니로 인해 고아처럼 살아가고 있는 마이클 오어는 여러 가정집을 떠돌며 위탁생활을 하고있다.#@문장구분# 흑인이고 엄청 커서 공포감을 주는 마이클 오어를 반길 가정은 많지 않았다.#@문장구분# 하지만 마이클오어는 큰 덩치덕에 미식축구 고등학교 팀 코치의 눈에 들게 되고 아무나 갈수없는 사립고등학교에 입학하게 된다.#@문장구분# 하지만 학교규정상 일정성적이 나오지않으면 체육활동을 할 수 없었기에 어렵게 학교에 들어갔지만 미식축구팀에 들어가지 못하고 겉돌게 된다.#@문장구분# 그러던중 리앤을 만나게 되고 그를 안쓰럽게 여긴 그녀는 마이클을 자신의 집에서 머물수있게 해준뒤 그의 방과 생활을 책임져주었다.#@문장구분# 리앤의 가족들도 마음이 착해서 그를 멀리하지않고 미식축구를 할수있도록 개인과외를 해주기도 한다.#@문장구분# 사실 마이클오어는 IQ 80에 학습능력이 5%밖에 되지않지만 보호본능은 98%로 천재의 기질을 가지고있었다.#@문장구분# 미식축구를 할때도 상대선수가 다칠까봐 제대로 게임에 임하지 못했던 그를 각성시키는 계기가 있었다.#@문장구분# 바로 마이클오어와 SJ가 함께 타고 있었던차가 큰사고를 당한것이다.#@문장구분# 임박한 상황에서 마이클은 Sj를 구하기 위해 자신의 몸을 던져 보호하였고 Sj는 전혀 다치지 않았다.#@문장구분# 그의보호본능을 알아차린 리앤은 그에게 팀은 너의 가족이고 지켜야하는 존재라고 일깨워 주었고 마이클오어는 각성하여 미식축구대표대학에서 러브콜을 받는 자랑스러운 미식축구 대표가 되었다.#@문장구분#",
      "paragraph_len": 1069,
      "paragraph_id": "002"
    }
  ],
  "score": {
    "paragraph_score": [
      {
        "paragraph_scoreT": [
          3,
          2.8333333,
          2
        ],
        "paragraph_scoreT_detail": {
          "paragraph_scoreT_exp": [
            [
              3,
              3,
              3
            ],
            [
              3,
              3,
              2
            ],
            [
              2,
              2,
              2
            ]
          ]
        },
        "paragraph_scoreT_avg": 2.611111,
        "paragraph_id": "001"
      },
      {
        "paragraph_scoreT": [
          3,
          2.8333333,
          2
        ],
        "paragraph_scoreT_detail": {
          "paragraph_scoreT_exp": [
            [
              3,
              3,
              3
            ],
            [
              3,
              3,
              2
            ],
            [
              2,
              2,
              2
            ]
          ]
        },
        "paragraph_scoreT_avg": 2.611111,
        "paragraph_id": "002"
      }
    ],
    "essay_scoreT": [
      30,
      26.277779,
      17.166666
    ],
    "essay_scoreT_avg": 24.481482,
    "essay_scoreT_detail": {
      "essay_scoreT_org": [
        [
          3,
          3,
          3,
          3
        ],
        [
          2,
          2,
          3,
          2
        ],
        [
          2,
          2,
          3,
          3
        ]
      ],
      "essay_scoreT_cont": [
        [
          3,
          3,
          0,
          3
        ],
        [
          3,
          2,
          0,
          3
        ],
        [
          1,
          1,
          0,
          2
        ]
      ],
      "essay_scoreT_exp": [
        [
          3,
          3,
          3
        ],
        [
          3,
          3,
          2
        ],
        [
          2,
          2,
          2
        ]
      ]
    }
  },
  "student": {
    "date": "2021.09.13",
    "student_educated": true,
    "student_grade": "고등_1학년",
    "location": "063",
    "student_grade_group": "고등",
    "student_reading": 2
  },
  "rubric": {
    "essay_grade": "고등_1학년",
    "organization_weight": {
      "org_paragraph": 2,
      "org": 2,
      "org_essay": 4,
      "org_coherence": 2,
      "org_quantity": 1
    },
    "essay_type": "설명글",
    "content_weight": {
      "con_clearance": 4,
      "con_novelty": 3,
      "con": 4,
      "con_prompt": 0,
      "con_description": 1
    },
    "essay_main_subject": "영화/독서감상문",
    "expression_weight": {
      "exp_style": 1,
      "exp_grammar": 2,
      "exp_vocab": 3,
      "exp": 4
    }
  },
  "correction": [],
  "info": {
    "essay_id": "ESSAY_34327",
    "essay_prompt": " 영화에는 로맨스, 액션, 스릴러 등 정말 많은 장르가 있습니다. 사람마다 좋아하는 장르가 있고 절대 보지 않는 장르도 있습니다.\r\n\r\n 독서도 마찬가지입니다. 소설, 수필, 시, 만화, 위인전 등 여러가지 장르가 있습니다.\r\n\r\n 여러분은 어떤 장르를 좋아하나요? 그리고 해당 장르에서 가장 재미있게 봤던 영화나 책은 무엇인가요?\r\n\r\n 자신이 봤던 영화 혹은 책을 한 편 선정하여 주제와 내용 그리고 느낀점을 감상문으로 작성해주세요.",
    "essay_type": "설명글",
    "essay_level": "3",
    "essay_len": 872,
    "essay_main_subject": "영화/독서감상문"
  }
}