{
  "paragraph": [
    {
      "paragraph_txt": "사후세계란 내가 생각해보았는데 사후란 뜻이 한 생명이 의식을 잃으면 우리는 보통 좋은곳으로 가세요 라고 한다.#@문장구분# 그좋은곳이 사후랑 같은것같다.#@문장구분# 이제 책 내용을 보면 브렌트라는 남자가 등장한다.#@문장구분# 브렌트의 첫등장은 버스에서 시작한다.#@문장구분# 그런데 이 버스는 스틱스강을 건너는 브렌트의 나룻배였다.#@문장구분# 여기서 스틱스 강은 '그리스 신화'에 나오는 저승의강 이라고 나온다.#@문장구분# 여기서 보면 브렌트는 사망한 것이다.#@문장구분# 글을 더 읽어보면 브렌트가 음주운전을하고 다른운전자와 충동을해 그운전자도 사망한 것으로 나온다.#@문장구분# 글을 계속읽어보니깐 브렌트는 가정환경이 정말 안좋다.#@문장구분# 부모님을 보살펴드려야하는데 사고 가해자로 재판을했지만 징역까진안가고 징역대신 바람개비배를만들어 리이미음을 새기고 그 바람개비들을 워싱턴과 캘리포니아, 플로리다와메인주 이렇게 세월달라한다 이건 죽은운전자의 부모님이 부탁을 했다.#@문장구분# 이 부탁은 징역에비하면 아주좋다.#@문장구분# 그부모님이직접 비스좀도와주었다 죽은운전자가 바람개비를 보고 미소를 생각하며 그런의미이다.#@문장구분# 이렇게 브렌트는 카메라를들고 떠난다 각각의 주에도착해서 바람개비를 세우고 전국을돈다.#@문장구분# 전국을돌면서 브렌트는 많은생각에 잡혀있다.#@문장구분# 브렌트의 사망을 버스를타고 전국을돌며 바람개비를 세우면서 속죄를 한다는 의미인것같다.#@문장구분# 각각 바람개비를 세울때마다 브렌트는 돌아가는보고 아주 뿌듯해하고 기뻐한다.#@문장구분# 그리고 내용이 끝난다.#@문장구분# 브렌트는 바람개비가 끝이아니라 명을 다할때까지 그운전자의 삶까지 열심히 살아갈 것을 다짐한다.#@문장구분#",
      "paragraph_len": 1087,
      "paragraph_id": "001"
    }
  ],
  "score": {
    "paragraph_score": [
      {
        "paragraph_scoreT": [
          3,
          2.8333333,
          2
        ],
        "paragraph_scoreT_detail": {
          "paragraph_scoreT_exp": [
            [
              3,
              3,
              3
            ],
            [
              3,
              3,
              2
            ],
            [
              2,
              2,
              2
            ]
          ]
        },
        "paragraph_scoreT_avg": 2.611111,
        "paragraph_id": "001"
      }
    ],
    "essay_scoreT": [
      30,
      26.444445,
      22.5
    ],
    "essay_scoreT_avg": 26.314814,
    "essay_scoreT_detail": {
      "essay_scoreT_org": [
        [
          3,
          3,
          3,
          3
        ],
        [
          2,
          3,
          3,
          3
        ],
        [
          2,
          2,
          2,
          2
        ]
      ],
      "essay_scoreT_cont": [
        [
          3,
          3,
          0,
          3
        ],
        [
          3,
          2,
          0,
          2
        ],
        [
          3,
          2,
          0,
          3
        ]
      ],
      "essay_scoreT_exp": [
        [
          3,
          3,
          3
        ],
        [
          3,
          3,
          2
        ],
        [
          2,
          2,
          2
        ]
      ]
    }
  },
  "student": {
    "date": "2021.09.07",
    "student_educated": true,
    "student_grade": "고등_1학년",
    "location": "051",
    "student_grade_group": "고등",
    "student_reading": 1
  },
  "rubric": {
    "essay_grade": "고등_1학년",
    "organization_weight": {
      "org_paragraph": 2,
      "org": 2,
      "org_essay": 4,
      "org_coherence": 2,
      "org_quantity": 1
    },
    "essay_type": "설명글",
    "content_weight": {
      "con_clearance": 4,
      "con_novelty": 3,
      "con": 4,
      "con_prompt": 0,
      "con_description": 1
    },
    "essay_main_subject": "영화/독서감상문",
    "expression_weight": {
      "exp_style": 1,
      "exp_grammar": 2,
      "exp_vocab": 3,
      "exp": 4
    }
  },
  "correction": [],
  "info": {
    "essay_id": "ESSAY_34173",
    "essay_prompt": " 영화에는 로맨스, 액션, 스릴러 등 정말 많은 장르가 있습니다. 사람마다 좋아하는 장르가 있고 절대 보지 않는 장르도 있습니다.\r\n\r\n 독서도 마찬가지입니다. 소설, 수필, 시, 만화, 위인전 등 여러가지 장르가 있습니다.\r\n\r\n 여러분은 어떤 장르를 좋아하나요? 그리고 해당 장르에서 가장 재미있게 봤던 영화나 책은 무엇인가요?\r\n\r\n 자신이 봤던 영화 혹은 책을 한 편 선정하여 주제와 내용 그리고 느낀점을 감상문으로 작성해주세요.",
    "essay_type": "설명글",
    "essay_level": "3",
    "essay_len": 729,
    "essay_main_subject": "영화/독서감상문"
  }
}