{
  "paragraph": [
    {
      "paragraph_txt": "18세기 격동적인 프랑스 대혁명을 바탕으로 영국과 프랑스 간의 대립되는 삶과 그 속의 인간들의 모습을 통해서 혁명의 이면을 통찰 한 찰스 디킨스의 대표 역사 소설이다.#@문장구분# \"최고의 시간이면서 최악의 시간이었다. 지혜의 시대였지만 어리석음의 시대이기도 했다. 믿음의 신기원이 도래함과 동시에 불신의 신기원이 열렸다. 빛의 계절이면서 어둠의 계절이었다. 희망의 봄이었지만 절망의 겨울이기도 했다. 우리는 모든 것을 다 가진 것 같다가도 모든 것을 다 잃은 것 같았다. 다 함께 천국으로 향하다가도 지옥으로 떨어지는 것만 같 았다.\" #@문장구분#소설의 시작부에서 나오는 문장인데 책을 아우르면서 강한 임팩트를 남기는 대목이었다. #@문장구분#내용의 흐름도 관통하고 있는 처음 문장인데, 프랑스 대혁명이라는 역사적 사실을 다루고 있는 동시에 한 여인을 위한 한 남자의 숭고한 희생을 담은 사랑 이야기이기도 한 작품이기 때문이다. #@문장구분#영화와 책을 보면서 느꼈던 프랑스 대혁명의 위대함을 영국인이 혁명을 바라본 시각을 통해 새롭게 볼 수 있었다. #@문장구분#영국인들에 따르면 대혁명은 피의 복수 그 이상도 이하도 아닌 살육의 현장으로 묘사된다.#@문장구분# 불공평과 불의가 일상이 된 프랑스에서의 삶은 사람들을 피폐하게 하고, 사람들은 일상적으로 폭력을 행하고 묵인한다.#@문장구분# 책을 읽으며 감동적인 사랑 이야기도 있었지만, 대혁명에 대한 영국과 프랑스인의 상반된 시각은 편협된 시야와 획일화된 관점의 위험성을 방증하며, 다양한 시각의 필요성에 대해 일깨워 준 것 같다.#@문장구분#",
      "paragraph_len": 887,
      "paragraph_id": "001"
    }
  ],
  "score": {
    "paragraph_score": [
      {
        "paragraph_scoreT": [
          3,
          2.8333333,
          1.8333334
        ],
        "paragraph_scoreT_detail": {
          "paragraph_scoreT_exp": [
            [
              3,
              3,
              3
            ],
            [
              3,
              3,
              2
            ],
            [
              2,
              2,
              1
            ]
          ]
        },
        "paragraph_scoreT_avg": 2.5555556,
        "paragraph_id": "001"
      }
    ],
    "essay_scoreT": [
      30,
      27.166666,
      21.777779
    ],
    "essay_scoreT_avg": 26.314814,
    "essay_scoreT_detail": {
      "essay_scoreT_org": [
        [
          3,
          3,
          3,
          3
        ],
        [
          3,
          3,
          2,
          2
        ],
        [
          2,
          2,
          3,
          2
        ]
      ],
      "essay_scoreT_cont": [
        [
          3,
          3,
          0,
          3
        ],
        [
          3,
          2,
          0,
          3
        ],
        [
          3,
          2,
          0,
          2
        ]
      ],
      "essay_scoreT_exp": [
        [
          3,
          3,
          3
        ],
        [
          3,
          3,
          2
        ],
        [
          2,
          2,
          1
        ]
      ]
    }
  },
  "student": {
    "date": "2021.09.07",
    "student_educated": true,
    "student_grade": "고등_1학년",
    "location": "051",
    "student_grade_group": "고등",
    "student_reading": 3
  },
  "rubric": {
    "essay_grade": "고등_1학년",
    "organization_weight": {
      "org_paragraph": 2,
      "org": 2,
      "org_essay": 4,
      "org_coherence": 2,
      "org_quantity": 1
    },
    "essay_type": "설명글",
    "content_weight": {
      "con_clearance": 4,
      "con_novelty": 3,
      "con": 4,
      "con_prompt": 0,
      "con_description": 1
    },
    "essay_main_subject": "영화/독서감상문",
    "expression_weight": {
      "exp_style": 1,
      "exp_grammar": 2,
      "exp_vocab": 3,
      "exp": 4
    }
  },
  "correction": [],
  "info": {
    "essay_id": "ESSAY_34226",
    "essay_prompt": " 영화에는 로맨스, 액션, 스릴러 등 정말 많은 장르가 있습니다. 사람마다 좋아하는 장르가 있고 절대 보지 않는 장르도 있습니다.\r\n\r\n 독서도 마찬가지입니다. 소설, 수필, 시, 만화, 위인전 등 여러가지 장르가 있습니다.\r\n\r\n 여러분은 어떤 장르를 좋아하나요? 그리고 해당 장르에서 가장 재미있게 봤던 영화나 책은 무엇인가요?\r\n\r\n 자신이 봤던 영화 혹은 책을 한 편 선정하여 주제와 내용 그리고 느낀점을 감상문으로 작성해주세요.",
    "essay_type": "설명글",
    "essay_level": "3",
    "essay_len": 729,
    "essay_main_subject": "영화/독서감상문"
  }
}