{
  "paragraph": [
    {
      "paragraph_txt": "가족들의 생계를 책임지며 하루하루를 고단하게 살아가던 이야기의 주인공 그레고르 잠자, 그는 어느날 이유도 밝혀지지 않은 채 정체모를 벌레의 모습으로 변하게 된다.#@문장구분# 그는 이런 자신의 추한 모습을 들키지 않기 위해 노력하지만 결국 들키게 되고 그가 한몸바쳐 부양하던 가족들에게서 돌아오는 것은 혐오가 섞인 시선 뿐이었다.#@문장구분# 더불어 그의 아버지는 폭력을 휘두르며 다시 방 안에 가두기 까지 한다.#@문장구분# 가족들의 경제적 부담을 책임지던 그레고르였기에, 가족들은 그가 벌레로 변해버린 이 상황에 대처하기 위해 각자의 직업을 구하게된다.#@문장구분# 제대로 된 식사도 하지 못한 그레고르에게 다가간 유일한 도움의 손길은 그의 동생 그레타가 간간이 챙겨주던 식사 뿐이었다. #@문장구분#점점 가족들은 그를 혐오하고 감추어야 하는 존재로 여기게 되었으며 동생조차 그를 외면하게 된다.#@문장구분# 심지어 투숙객들에게 징그러운 모습을 들켰을 때 그 감정이 격정적이게 되며 아버지는 그에게 사과를 던지게 되고 그레고르의 몸에 박히기도 하며 가족들은 더 이상 참을 수 없다며 그를 방안에 감금하였고, 결국 그레고르 잠자는 모두에게 외면당한 채 숨을 거두게 된다.#@문장구분#",
      "paragraph_len": 698,
      "paragraph_id": "001"
    },
    {
      "paragraph_txt": " 이유도 모른채 갑자기 '벌레'로 변하게 되는 이 이야기의 주인공 '그레고르 잠자'.#@문장구분# 과연 이 이야기에서 벌레로의 변화는 무엇을 의미하는 것일까?#@문장구분# 벌레로 변한다는 내용이 판타지적인 부분이라고 생각할 수 있지만 나는 냉혹하리만큼 현실적인 소설이라고 생각하였다.#@문장구분# 그레고르가 벌레로 변한 것을 경제적 활동을 하지 못하게 된 상황이라고 생각한다면 모든 이야기는 우리가 살고 있는 현실과 맞아 떨어진다.#@문장구분# 어떻게 생각하면 잠자의 가족들이 경제적으로 무능해지고 이젠 짐이 된 그를 '벌레'로 보게된 것이 아닐까.#@문장구분#",
      "paragraph_len": 379,
      "paragraph_id": "002"
    },
    {
      "paragraph_txt": " 사실 이 책을 읽으며 든 의문은 '우리는 잠자의 가족들을 비판할 자격이 있는가?' 였다.#@문장구분# 현대 사회에는 많은 비도덕적, 비상식적인 일들이 일어나곤 한다.#@문장구분# 어쩌면 우리는 경제적으로 무능해진 자들을 '벌레'보다도 더 혐오하며 그들을 소외시켜 왔을지 모른다.#@문장구분# ",
      "paragraph_len": 203,
      "paragraph_id": "003"
    },
    {
      "paragraph_txt": " 이와 더불어 최근 인기 프로그램인 '유퀴즈온더블럭'에 출연하신 김새별 특수청소전문가 께서 말씀해주신 이야기를 언급하고 싶다. #@문장구분#고독사 하신 어르신의 집에 유족들이 시신을 이불로 덮어버린 채 신발도 벗지 않은채 그가 남긴 금품, 재물들에만 혈안이 된 채 방을 뒤진다는 내용의 이야기였다.#@문장구분# 이런 것들이 다 뭘까.#@문장구분# 물질 만능주의가 팽배한 현실 사회에서 더 이상 도움이 되지 않는 도태된 사람들의 죽음은 신경도 쓰지 않는 것 아닌가.#@문장구분# 마지막으로 난 모두에게 한가지 질문을 던지며 글을 마친다.#@문장구분#\n\"당신은 잠자의 가족과 다를 것이라고 말할 수 있는가?\"#@문장구분#",
      "paragraph_len": 423,
      "paragraph_id": "004"
    }
  ],
  "score": {
    "paragraph_score": [
      {
        "paragraph_scoreT": [
          3,
          3,
          2
        ],
        "paragraph_scoreT_detail": {
          "paragraph_scoreT_exp": [
            [
              3,
              3,
              3
            ],
            [
              3,
              3,
              3
            ],
            [
              2,
              2,
              2
            ]
          ]
        },
        "paragraph_scoreT_avg": 2.6666667,
        "paragraph_id": "001"
      },
      {
        "paragraph_scoreT": [
          3,
          3,
          2
        ],
        "paragraph_scoreT_detail": {
          "paragraph_scoreT_exp": [
            [
              3,
              3,
              3
            ],
            [
              3,
              3,
              3
            ],
            [
              2,
              2,
              2
            ]
          ]
        },
        "paragraph_scoreT_avg": 2.6666667,
        "paragraph_id": "002"
      },
      {
        "paragraph_scoreT": [
          3,
          3,
          2
        ],
        "paragraph_scoreT_detail": {
          "paragraph_scoreT_exp": [
            [
              3,
              3,
              3
            ],
            [
              3,
              3,
              3
            ],
            [
              2,
              2,
              2
            ]
          ]
        },
        "paragraph_scoreT_avg": 2.6666667,
        "paragraph_id": "003"
      },
      {
        "paragraph_scoreT": [
          3,
          3,
          2
        ],
        "paragraph_scoreT_detail": {
          "paragraph_scoreT_exp": [
            [
              3,
              3,
              3
            ],
            [
              3,
              3,
              3
            ],
            [
              2,
              2,
              2
            ]
          ]
        },
        "paragraph_scoreT_avg": 2.6666667,
        "paragraph_id": "004"
      }
    ],
    "essay_scoreT": [
      30,
      27.61111,
      24.5
    ],
    "essay_scoreT_avg": 27.37037,
    "essay_scoreT_detail": {
      "essay_scoreT_org": [
        [
          3,
          3,
          3,
          3
        ],
        [
          2,
          3,
          3,
          3
        ],
        [
          3,
          3,
          3,
          3
        ]
      ],
      "essay_scoreT_cont": [
        [
          3,
          3,
          0,
          3
        ],
        [
          3,
          2,
          0,
          3
        ],
        [
          3,
          2,
          0,
          3
        ]
      ],
      "essay_scoreT_exp": [
        [
          3,
          3,
          3
        ],
        [
          3,
          3,
          3
        ],
        [
          2,
          2,
          2
        ]
      ]
    }
  },
  "student": {
    "date": "2021.09.07",
    "student_educated": true,
    "student_grade": "고등_1학년",
    "location": "051",
    "student_grade_group": "고등",
    "student_reading": 1
  },
  "rubric": {
    "essay_grade": "고등_1학년",
    "organization_weight": {
      "org_paragraph": 2,
      "org": 2,
      "org_essay": 4,
      "org_coherence": 2,
      "org_quantity": 1
    },
    "essay_type": "설명글",
    "content_weight": {
      "con_clearance": 4,
      "con_novelty": 3,
      "con": 4,
      "con_prompt": 0,
      "con_description": 1
    },
    "essay_main_subject": "영화/독서감상문",
    "expression_weight": {
      "exp_style": 1,
      "exp_grammar": 2,
      "exp_vocab": 3,
      "exp": 4
    }
  },
  "correction": [],
  "info": {
    "essay_id": "ESSAY_34098",
    "essay_prompt": " 영화에는 로맨스, 액션, 스릴러 등 정말 많은 장르가 있습니다. 사람마다 좋아하는 장르가 있고 절대 보지 않는 장르도 있습니다.\r\n\r\n 독서도 마찬가지입니다. 소설, 수필, 시, 만화, 위인전 등 여러가지 장르가 있습니다.\r\n\r\n 여러분은 어떤 장르를 좋아하나요? 그리고 해당 장르에서 가장 재미있게 봤던 영화나 책은 무엇인가요?\r\n\r\n 자신이 봤던 영화 혹은 책을 한 편 선정하여 주제와 내용 그리고 느낀점을 감상문으로 작성해주세요.",
    "essay_type": "설명글",
    "essay_level": "3",
    "essay_len": 1290,
    "essay_main_subject": "영화/독서감상문"
  }
}