{
  "paragraph": [
    {
      "paragraph_txt": "주인공 후루쿠라는 직장을 구할 노력 없이 편의점에서 알바로 삶을 이어가는 서른여섯 살 된 여인이다.#@문장구분# 보통의 사람들이 이루어 내려고 하는 것 들에서 벗어나있는 인물이다.#@문장구분# 그녀는 겉으론 여리어 보이지만 사실은 이 사회에 저항적이다.#@문장구분# 또 다른 인물 시라하 씨는 틈만 나면 세상에 대해 불평하고 '석기시대와 꼭 같아'라는 등 현대사회와 석기시대는 다를 바 없다고 그는 말한다.#@문장구분# \n나는 이 책이 현대 사회 속 인간의 소외감을 느끼는 이들을 위하는 소설이라고 느꼈다.#@문장구분# 일본에는 프리터족이라는 신조어가 있는데 이는 이책의 주인공과 같이 아르바이트등과 같은 일용직을 전전하며 생활 수준을 낮추어서 살아가는 집단을 의미한다.#@문장구분# 따라서 주인공은 프리터족과 같은 과거 농촌에서 이웃끼리 소통하고 관계를 이어가며 살던 시대와 달리 현대 사회에서는 모든 자원이 도시로 몰리면서 농촌의 인간적인 면은 도시에서 찾기 힘들고 개인 단위로 파편화된 사회에서 다른 이들과 관계를 맺지 않고 살아가는 이들을 대변한다고 생각한다.#@문장구분# 이러한 프리터족의 증가는 사회에 염세주의, 반출생주의 등을 퍼지게 해서 사회가 유지되기 힘들게 만든다.#@문장구분# 그렇다면 이들을 어떻게 해야 될까?#@문장구분# 작가는 마지막에 주인공이 회사 면접에 나가지 않고 다시 편의점 직원이 되는 것을 통해서 꼭 사회에 맞추어서 살아갈 필요가 없고 자신이 원하는 대로 사는 것이 괜찮다고 말하는 것 같다.#@문장구분# 이 책은 주인공 같은 이들을 위로하는 책이라고 나는 생각하기에 이런 결말도 이해가 안되는 것이 아니다.#@문장구분# 그럼에도 불구하고 주인공 같은 이들이 과할정도로 많아지는건 사회의 지속성을 해치기 때문에 사회적 차원에서 이들을 도와주어야 한다고 생각한다.#@문장구분#",
      "paragraph_len": 1057,
      "paragraph_id": "001"
    }
  ],
  "score": {
    "paragraph_score": [
      {
        "paragraph_scoreT": [
          3,
          3,
          1.8333334
        ],
        "paragraph_scoreT_detail": {
          "paragraph_scoreT_exp": [
            [
              3,
              3,
              3
            ],
            [
              3,
              3,
              3
            ],
            [
              2,
              2,
              1
            ]
          ]
        },
        "paragraph_scoreT_avg": 2.6111112,
        "paragraph_id": "001"
      }
    ],
    "essay_scoreT": [
      30,
      24.944445,
      23.61111
    ],
    "essay_scoreT_avg": 26.185186,
    "essay_scoreT_detail": {
      "essay_scoreT_org": [
        [
          3,
          3,
          3,
          3
        ],
        [
          2,
          2,
          3,
          2
        ],
        [
          3,
          3,
          3,
          2
        ]
      ],
      "essay_scoreT_cont": [
        [
          3,
          3,
          0,
          3
        ],
        [
          2,
          2,
          0,
          3
        ],
        [
          3,
          2,
          0,
          3
        ]
      ],
      "essay_scoreT_exp": [
        [
          3,
          3,
          3
        ],
        [
          3,
          3,
          3
        ],
        [
          2,
          2,
          1
        ]
      ]
    }
  },
  "student": {
    "date": "2021.09.07",
    "student_educated": true,
    "student_grade": "고등_1학년",
    "location": "051",
    "student_grade_group": "고등",
    "student_reading": 1
  },
  "rubric": {
    "essay_grade": "고등_1학년",
    "organization_weight": {
      "org_paragraph": 2,
      "org": 2,
      "org_essay": 4,
      "org_coherence": 2,
      "org_quantity": 1
    },
    "essay_type": "설명글",
    "content_weight": {
      "con_clearance": 4,
      "con_novelty": 3,
      "con": 4,
      "con_prompt": 0,
      "con_description": 1
    },
    "essay_main_subject": "영화/독서감상문",
    "expression_weight": {
      "exp_style": 1,
      "exp_grammar": 2,
      "exp_vocab": 3,
      "exp": 4
    }
  },
  "correction": [],
  "info": {
    "essay_id": "ESSAY_34112",
    "essay_prompt": " 영화에는 로맨스, 액션, 스릴러 등 정말 많은 장르가 있습니다. 사람마다 좋아하는 장르가 있고 절대 보지 않는 장르도 있습니다.\r\n\r\n 독서도 마찬가지입니다. 소설, 수필, 시, 만화, 위인전 등 여러가지 장르가 있습니다.\r\n\r\n 여러분은 어떤 장르를 좋아하나요? 그리고 해당 장르에서 가장 재미있게 봤던 영화나 책은 무엇인가요?\r\n\r\n 자신이 봤던 영화 혹은 책을 한 편 선정하여 주제와 내용 그리고 느낀점을 감상문으로 작성해주세요.",
    "essay_type": "설명글",
    "essay_level": "3",
    "essay_len": 819,
    "essay_main_subject": "영화/독서감상문"
  }
}