{
  "paragraph": [
    {
      "paragraph_txt": "학과별 추천도서 목록 중 이 책이 있어 읽어보게 되었다.#@문장구분#\n나는 원래 양자역학 분야에 관심이 많아 지금껏 이것저것 알아보면서 개념 정도는 알고있었다.#@문장구분#\n이 책은 추상적인 개념설명을 배제한다는 문구를 걸어놓고 있어 내용에 호기심이 돋았다.#@문장구분#\n우선 고전 물리학에서 설명하는 세계는 우리가 일상생활을 하며 겪게되는 세계를 가르키며, 이러한 고전 세계에 대한 인식은 아이작뉴턴이라는 과학자로부터 비롯되었다.#@문장구분#\n한가지 놀랐던 점은 뉴턴이 휴교하는 2년동안 미적분, 분광학, 만유인력을 발견했다는 일화였다.#@문장구분#\n물론 그가 대단한 노력파였으며, 연구에 몰두하는 시간이 압도적으로 많았기 때문일 것이다.#@문장구분#\n이후 뉴턴은 고전역학이라는 이름의 새로운 학문을 창조하는데, 우리가 쉽게 접하는 관성, 가속도 등의 개념이 이에 속한다.#@문장구분#\n여기까지만 본다면 따분하기만 한 물리학 수업일테지만, 이 책의 저자는 관성을 놀기 좋아하는 우리의 모습에 빗대어 설명한다거나 가속도의 법칙을 게으른 사람의 타성의 변화율에 빗대며 설명한다.#@문장구분#\n또한 역사상 가장 위대한 과학자들이 모여 빛의 성질에 대해 연구한 시기, 즉 아인슈타인과 코펜하겐 학파가 대립했을 때와 양자의 세계관 변화를 자연스럽게 풀어냄으로써 물리학의 역사를 그대로 걸어가는 느낌을 얻을 수 있었다.#@문장구분#\n한가지 더 재밌었던 점은 양자 전송이라는 개념이었다.#@문장구분#\n말 자체는 어렵지만 따져보자면 양자역학이 정의내린 세계에서는 내 몸을 이루는 입자가 이동하는 현상, 즉 순간이동이 가능함을 드러내고 있다.#@문장구분#\n물론 현재의 과학기술로는 미세한 물체마저 불가능할 만큼 기술력이 턱없이 부족하며, 생명체를 이동시킨다 한들 그 성질이 그대로전달될지는 미지수로 남겨져 있다.#@문장구분#\n이처럼 이 책에서 느낀 흥미로운 점이 많고 특이점 정리, 불확정성의 원리 등 내가 알고 있었던 개념들이나 새롭게 알게 된 개념을 몰입감 있게 풀어낸 저자의 설명을 통해 쉽게 배워갈 수 있어 유익한 시간이었던 것 같다.#@문장구분#",
      "paragraph_len": 1199,
      "paragraph_id": "001"
    }
  ],
  "score": {
    "paragraph_score": [
      {
        "paragraph_scoreT": [
          3,
          2.8333333,
          2
        ],
        "paragraph_scoreT_detail": {
          "paragraph_scoreT_exp": [
            [
              3,
              3,
              3
            ],
            [
              3,
              3,
              2
            ],
            [
              2,
              2,
              2
            ]
          ]
        },
        "paragraph_scoreT_avg": 2.611111,
        "paragraph_id": "001"
      }
    ],
    "essay_scoreT": [
      30,
      26.444445,
      24.666666
    ],
    "essay_scoreT_avg": 27.037035,
    "essay_scoreT_detail": {
      "essay_scoreT_org": [
        [
          3,
          3,
          3,
          3
        ],
        [
          2,
          3,
          3,
          3
        ],
        [
          2,
          2,
          3,
          3
        ]
      ],
      "essay_scoreT_cont": [
        [
          3,
          3,
          0,
          3
        ],
        [
          3,
          2,
          0,
          2
        ],
        [
          3,
          3,
          0,
          3
        ]
      ],
      "essay_scoreT_exp": [
        [
          3,
          3,
          3
        ],
        [
          3,
          3,
          2
        ],
        [
          2,
          2,
          2
        ]
      ]
    }
  },
  "student": {
    "date": "2021.09.10",
    "student_educated": true,
    "student_grade": "고등_1학년",
    "location": "063",
    "student_grade_group": "고등",
    "student_reading": 1
  },
  "rubric": {
    "essay_grade": "고등_1학년",
    "organization_weight": {
      "org_paragraph": 2,
      "org": 2,
      "org_essay": 4,
      "org_coherence": 2,
      "org_quantity": 1
    },
    "essay_type": "설명글",
    "content_weight": {
      "con_clearance": 4,
      "con_novelty": 3,
      "con": 4,
      "con_prompt": 0,
      "con_description": 1
    },
    "essay_main_subject": "영화/독서감상문",
    "expression_weight": {
      "exp_style": 1,
      "exp_grammar": 2,
      "exp_vocab": 3,
      "exp": 4
    }
  },
  "correction": [],
  "info": {
    "essay_id": "ESSAY_34196",
    "essay_prompt": " 영화에는 로맨스, 액션, 스릴러 등 정말 많은 장르가 있습니다. 사람마다 좋아하는 장르가 있고 절대 보지 않는 장르도 있습니다.\r\n\r\n 독서도 마찬가지입니다. 소설, 수필, 시, 만화, 위인전 등 여러가지 장르가 있습니다.\r\n\r\n 여러분은 어떤 장르를 좋아하나요? 그리고 해당 장르에서 가장 재미있게 봤던 영화나 책은 무엇인가요?\r\n\r\n 자신이 봤던 영화 혹은 책을 한 편 선정하여 주제와 내용 그리고 느낀점을 감상문으로 작성해주세요.",
    "essay_type": "설명글",
    "essay_level": "3",
    "essay_len": 940,
    "essay_main_subject": "영화/독서감상문"
  }
}