{
  "paragraph": [
    {
      "paragraph_txt": "이 책은 태양과 여러별들, 그리고 은하계에 대해서 쓴 책이다.#@문장구분# 지구가 태양을 돌고 있고, 태양이 지구에 내비치는 빛과 여러 유해 물질들을 반사하고, 흡수하는것과, 별의 구성, 별이 만들어지고, 은하계가 구성되는것 등 다양한 주제에 대해서 우주를 나타내고 있다. #@문장구분#그 중 나는 은하계에 대하여 관심이 많이 갔다.#@문장구분# 은하계는 여러별들이 서로 군집을 이루어져 있는것이다.#@문장구분#",
      "paragraph_len": 282,
      "paragraph_id": "001"
    },
    {
      "paragraph_txt": "우리 태양과 지구가 속해있는 은하는 MILKY WAY라는 은하이다. #@문장구분#이것은 그냥 상식으로 알면 좋을것같다. #@문장구분#이런 우리가 살고있는 지구, 그리고 태양, 별들, 이 모든것을 이루고있는 은하 그런 은하들이 셀수도 없이 많은 이 우주의 크기와 장엄함을 간접적으로 체험해보며 경외심이 들었다.#@문장구분# 난 꼭 이 항공우주분야에서 직업을찾고, 성공한 사람이 되어 더욱 연구할 수 있는 기회가 오면 좋겠다.#@문장구분#",
      "paragraph_len": 295,
      "paragraph_id": "002"
    }
  ],
  "score": {
    "paragraph_score": [
      {
        "paragraph_scoreT": [
          3,
          2.8333333,
          2
        ],
        "paragraph_scoreT_detail": {
          "paragraph_scoreT_exp": [
            [
              3,
              3,
              3
            ],
            [
              3,
              3,
              2
            ],
            [
              2,
              2,
              2
            ]
          ]
        },
        "paragraph_scoreT_avg": 2.611111,
        "paragraph_id": "001"
      },
      {
        "paragraph_scoreT": [
          3,
          2.8333333,
          2
        ],
        "paragraph_scoreT_detail": {
          "paragraph_scoreT_exp": [
            [
              3,
              3,
              3
            ],
            [
              3,
              3,
              2
            ],
            [
              2,
              2,
              2
            ]
          ]
        },
        "paragraph_scoreT_avg": 2.611111,
        "paragraph_id": "002"
      }
    ],
    "essay_scoreT": [
      25.333334,
      25.555555,
      19.555555
    ],
    "essay_scoreT_avg": 23.481482,
    "essay_scoreT_detail": {
      "essay_scoreT_org": [
        [
          3,
          3,
          2,
          2
        ],
        [
          2,
          2,
          3,
          1
        ],
        [
          2,
          2,
          2,
          0
        ]
      ],
      "essay_scoreT_cont": [
        [
          2,
          2,
          0,
          2
        ],
        [
          3,
          2,
          0,
          2
        ],
        [
          2,
          2,
          0,
          2
        ]
      ],
      "essay_scoreT_exp": [
        [
          3,
          3,
          3
        ],
        [
          3,
          3,
          2
        ],
        [
          2,
          2,
          2
        ]
      ]
    }
  },
  "student": {
    "date": "2021.09.13",
    "student_educated": true,
    "student_grade": "고등_1학년",
    "location": "063",
    "student_grade_group": "고등",
    "student_reading": 1
  },
  "rubric": {
    "essay_grade": "고등_1학년",
    "organization_weight": {
      "org_paragraph": 2,
      "org": 2,
      "org_essay": 4,
      "org_coherence": 2,
      "org_quantity": 1
    },
    "essay_type": "설명글",
    "content_weight": {
      "con_clearance": 4,
      "con_novelty": 3,
      "con": 4,
      "con_prompt": 0,
      "con_description": 1
    },
    "essay_main_subject": "영화/독서감상문",
    "expression_weight": {
      "exp_style": 1,
      "exp_grammar": 2,
      "exp_vocab": 3,
      "exp": 4
    }
  },
  "correction": [],
  "info": {
    "essay_id": "ESSAY_34446",
    "essay_prompt": " 영화에는 로맨스, 액션, 스릴러 등 정말 많은 장르가 있습니다. 사람마다 좋아하는 장르가 있고 절대 보지 않는 장르도 있습니다.\r\n\r\n 독서도 마찬가지입니다. 소설, 수필, 시, 만화, 위인전 등 여러가지 장르가 있습니다.\r\n\r\n 여러분은 어떤 장르를 좋아하나요? 그리고 해당 장르에서 가장 재미있게 봤던 영화나 책은 무엇인가요?\r\n\r\n 자신이 봤던 영화 혹은 책을 한 편 선정하여 주제와 내용 그리고 느낀점을 감상문으로 작성해주세요.",
    "essay_type": "설명글",
    "essay_level": "3",
    "essay_len": 419,
    "essay_main_subject": "영화/독서감상문"
  }
}