{
  "paragraph": [
    {
      "paragraph_txt": "이 책을 읽으면서 자신을 위한 거짓말이라도 상대를 속이는건 나쁘다는 것을 다시 한번 더 깨달았다.#@문장구분# 이 책에서는 주인공인 Trysdale은 자신이 스페인어를 자신의 약혼자에게 잘한다는 거짓말을 쳤다.#@문장구분# 약혼자가 스페인어를 잘 할줄 몰라서 주인공 Trysdale 허세를 부리며 거짓말을 치면서까지 잘보일려고 하였다.#@문장구분# T가 약혼자에게 청혼을 했을때 약혼자는 선인장을 보내며 벤토마르메라고 적혀있었고 약혼자였던 사람은 다른 사람과 결혼을하여 결혼식장에 갔던 T는 그의 친구이면서 약혼자의 친형인 사람이 선인장을 보며 저 단어는 나에게 와라라는 뜻을 가지며 T는 후회하며 끝난다.#@문장구분# 내가 이 책을 읽으면서 제일 인상 깊었던 부분은 T가 결혼식장에 가서 약혼자였던 사람이 춤을 출때 보는 장면이 제일 인상 깊었다.#@문장구분# 왜냐하면 자신은 왜 나를 버리고 다른 남자와 결혼했을까?#@문장구분# 이런 생각도 들면서 화를 내는 반면 T는 그녀와의 추억을 되살리면서 그녀가 슬픈눈으로 웨딩드레스를 입으며 춤을 추는 장면이 제일 슬펐다.#@문장구분# 내가 만약 T였더라면 자신의 솔직한 부분들을 다 말해줬을 것이다.#@문장구분# 결혼이란 자신의 삶을 모두 그 사람과 보내는 것인데 자신의 부족한점이라도 그것을 매꾸면서 같이 살아가는 것이 내가 생각한 진정한 결혼인것 같다라는 생각이다.#@문장구분# 결혼이라는 인생에서 큰 비중을 차지하는 것을 다.\n 시 한번 생각해보는 시간을 가지게 되었다#@문장구분#",
      "paragraph_len": 877,
      "paragraph_id": "001"
    }
  ],
  "score": {
    "paragraph_score": [
      {
        "paragraph_scoreT": [
          1.8333334,
          1.8333334,
          1.8333334
        ],
        "paragraph_scoreT_detail": {
          "paragraph_scoreT_exp": [
            [
              2,
              2,
              1
            ],
            [
              2,
              2,
              1
            ],
            [
              2,
              2,
              1
            ]
          ]
        },
        "paragraph_scoreT_avg": 1.8333334,
        "paragraph_id": "001"
      }
    ],
    "essay_scoreT": [
      18.055555,
      17.833334,
      17.055555
    ],
    "essay_scoreT_avg": 17.648148,
    "essay_scoreT_detail": {
      "essay_scoreT_org": [
        [
          2,
          2,
          2,
          3
        ],
        [
          2,
          2,
          2,
          2
        ],
        [
          1,
          1,
          1,
          2
        ]
      ],
      "essay_scoreT_cont": [
        [
          2,
          1,
          0,
          2
        ],
        [
          2,
          1,
          0,
          2
        ],
        [
          2,
          2,
          0,
          1
        ]
      ],
      "essay_scoreT_exp": [
        [
          2,
          2,
          1
        ],
        [
          2,
          2,
          1
        ],
        [
          2,
          2,
          1
        ]
      ]
    }
  },
  "student": {
    "date": "2021.09.10",
    "student_educated": true,
    "student_grade": "고등_1학년",
    "location": "063",
    "student_grade_group": "고등",
    "student_reading": 1
  },
  "rubric": {
    "essay_grade": "고등_1학년",
    "organization_weight": {
      "org_paragraph": 2,
      "org": 2,
      "org_essay": 4,
      "org_coherence": 2,
      "org_quantity": 1
    },
    "essay_type": "설명글",
    "content_weight": {
      "con_clearance": 4,
      "con_novelty": 3,
      "con": 4,
      "con_prompt": 0,
      "con_description": 1
    },
    "essay_main_subject": "영화/독서감상문",
    "expression_weight": {
      "exp_style": 1,
      "exp_grammar": 2,
      "exp_vocab": 3,
      "exp": 4
    }
  },
  "correction": [],
  "info": {
    "essay_id": "ESSAY_34827",
    "essay_prompt": " 영화에는 로맨스, 액션, 스릴러 등 정말 많은 장르가 있습니다. 사람마다 좋아하는 장르가 있고 절대 보지 않는 장르도 있습니다.\r\n\r\n 독서도 마찬가지입니다. 소설, 수필, 시, 만화, 위인전 등 여러가지 장르가 있습니다.\r\n\r\n 여러분은 어떤 장르를 좋아하나요? 그리고 해당 장르에서 가장 재미있게 봤던 영화나 책은 무엇인가요?\r\n\r\n 자신이 봤던 영화 혹은 책을 한 편 선정하여 주제와 내용 그리고 느낀점을 감상문으로 작성해주세요.",
    "essay_type": "설명글",
    "essay_level": "3",
    "essay_len": 677,
    "essay_main_subject": "영화/독서감상문"
  }
}