{
  "paragraph": [
    {
      "paragraph_txt": "피에타는 어린시설 아들을 버리고 떠난 엄마와 사채꾼으로 살고 있던 아들이 재회하면서 시작하는 이야기이다.#@문장구분# 아들 이강도는 엄마가 없는 고아였고, 몸만 커다란 어른이 됐지만 엄마에 대한 집착 할수록 심해졌다. #@문장구분#그는 깡패, 범죄자, 사채꾼으로 불리면서 잔인한 남자가 되었다. #@문장구분#이강도는 어느날 엄마라고 말하는 여자와 마주치지만 욕을 하거나 무시하기를 반복한다. #@문장구분#하지만 이강도의 마음은 점점 흔들이고 있었고, 결국 마음을 열게된다.#@문장구분# 엄마가 갑자기 이강도를 찾아온 이유는 살날이 얼마 남지 않았기 때문이었고 엄마가 이강도를 만나 마음의 문을 열었을 때 이 강도의 마음과 정서는 어린채 였다.#@문장구분# 엄마는 이강도를 성장시키기로 마음 먹는다. #@문장구분#이강도와 엄마는 여러번 위험에 빠지는데, 강도는 이 사건들을 겪으며 자신이 남의 인생을 망치는 것에 대해 죄책감이 들기 시작한다.#@문장구분# 이 작품의 특징을 미화되지 않은 세상을 적나라하겐 보여주는 것이다.#@문장구분# 몸만 크고 마음은 어린이인 강도가 몽정을 하며 허리를 흔들 때 엄마가 바지속에 손을 집어넣어 아들이 편하게 잘수 있게 하고 손에 묻은 정액을 씻으며 운다는 표현이 너무 적나라 해서 몰입이 잘 되었다.#@문장구분# 이 소설에서 기억에 남는 구절은 엄마의 생각이다.#@문장구분# 어디 감히 다리 병신 따위가 찾아와 너를 단죄하려 한단 말인가. 라는 대목이다.#@문장구분# 죄를 아무리 많이 지은 아들이라도 신도 벌하지 못한다는게 너무 기억에 남는다.#@문장구분#",
      "paragraph_len": 948,
      "paragraph_id": "001"
    }
  ],
  "score": {
    "paragraph_score": [
      {
        "paragraph_scoreT": [
          3,
          1.8333334,
          1.8333334
        ],
        "paragraph_scoreT_detail": {
          "paragraph_scoreT_exp": [
            [
              3,
              3,
              3
            ],
            [
              2,
              2,
              1
            ],
            [
              2,
              2,
              1
            ]
          ]
        },
        "paragraph_scoreT_avg": 2.2222223,
        "paragraph_id": "001"
      }
    ],
    "essay_scoreT": [
      30,
      19.61111,
      22.277779
    ],
    "essay_scoreT_avg": 23.962961,
    "essay_scoreT_detail": {
      "essay_scoreT_org": [
        [
          3,
          3,
          3,
          3
        ],
        [
          2,
          2,
          2,
          1
        ],
        [
          2,
          2,
          3,
          2
        ]
      ],
      "essay_scoreT_cont": [
        [
          3,
          3,
          0,
          3
        ],
        [
          3,
          1,
          0,
          2
        ],
        [
          3,
          2,
          0,
          3
        ]
      ],
      "essay_scoreT_exp": [
        [
          3,
          3,
          3
        ],
        [
          2,
          2,
          1
        ],
        [
          2,
          2,
          1
        ]
      ]
    }
  },
  "student": {
    "date": "2021.09.07",
    "student_educated": true,
    "student_grade": "고등_1학년",
    "location": "051",
    "student_grade_group": "고등",
    "student_reading": 1
  },
  "rubric": {
    "essay_grade": "고등_1학년",
    "organization_weight": {
      "org_paragraph": 2,
      "org": 2,
      "org_essay": 4,
      "org_coherence": 2,
      "org_quantity": 1
    },
    "essay_type": "설명글",
    "content_weight": {
      "con_clearance": 4,
      "con_novelty": 3,
      "con": 4,
      "con_prompt": 0,
      "con_description": 1
    },
    "essay_main_subject": "영화/독서감상문",
    "expression_weight": {
      "exp_style": 1,
      "exp_grammar": 2,
      "exp_vocab": 3,
      "exp": 4
    }
  },
  "correction": [],
  "info": {
    "essay_id": "ESSAY_34117",
    "essay_prompt": " 영화에는 로맨스, 액션, 스릴러 등 정말 많은 장르가 있습니다. 사람마다 좋아하는 장르가 있고 절대 보지 않는 장르도 있습니다.\r\n\r\n 독서도 마찬가지입니다. 소설, 수필, 시, 만화, 위인전 등 여러가지 장르가 있습니다.\r\n\r\n 여러분은 어떤 장르를 좋아하나요? 그리고 해당 장르에서 가장 재미있게 봤던 영화나 책은 무엇인가요?\r\n\r\n 자신이 봤던 영화 혹은 책을 한 편 선정하여 주제와 내용 그리고 느낀점을 감상문으로 작성해주세요.",
    "essay_type": "설명글",
    "essay_level": "3",
    "essay_len": 690,
    "essay_main_subject": "영화/독서감상문"
  }
}