{
  "paragraph": [
    {
      "paragraph_txt": "(완득이)라는 영화를 보고 싶었는데 영화를 보지 못해서 책으로 읽게 되었다.#@문장구분# 완득이는 집도 가난하고 공부도 못한다.#@문장구분#\n하지만 싸움은 누구한테도지지 않는다.#@문장구분# 도시 빈민가, 장애인, 이주 외국인 노동자 등 무겁게 느껴지는 한국사회의 그림자들이 완득이를 통해 정감 있고 친근한 이웃들로 느껴진다.#@문장구분# 완득이는 담임 똥주를 정말 싫어한다.#@문장구분# 그런데 하필 옆집에 똥주가 살고 있다.#@문장구분# 똥주는 완득이의 집에서 술이나 마시고 학생을 패기도 한다.#@문장구분# 하지만 똥주는 완득이의 집안사정을 알고 이것저것 챙겨주지만 완득이는 똥주를 죽도록 싫어한다.#@문장구분# 완득의 어머니는 베트남 사람이다.#@문장구분# 남편의 직업 춤꾼 특성상 아무 여자와 어울리는 것이 싫어 완득이를 두고 집을 나와버린다. #@문장구분#완득이는 킥복싱을 배운 후로 세상을 삐딱하게만 바라보던 시선이 변해가기 시작한다. #@문장구분#똥주는 겉으로는 완득이를 못살게 몰지만 다 완득이를 위해서 돌봐주고 결국 완득이의 어머니까지 찾아주는 인물인데 담임인 똥주가 정말 멋지다.#@문장구분# 이 책을 통해 `가족`이라는 존재의 소중함을 알게 되었다.#@문장구분# \n명문장: 제발 똥주 좀 죽여주세요.#@문장구분# 이번 주 안에 안 죽여주면 나 또 업니다.#@문장구분#\n거룩하고 전능하신 하나님 이름으로 기도드리옵니다.#@문장구분# 아멘.#@문장구분#",
      "paragraph_len": 932,
      "paragraph_id": "001"
    }
  ],
  "score": {
    "paragraph_score": [
      {
        "paragraph_scoreT": [
          3,
          3,
          2
        ],
        "paragraph_scoreT_detail": {
          "paragraph_scoreT_exp": [
            [
              3,
              3,
              3
            ],
            [
              3,
              3,
              3
            ],
            [
              2,
              2,
              2
            ]
          ]
        },
        "paragraph_scoreT_avg": 2.6666667,
        "paragraph_id": "001"
      }
    ],
    "essay_scoreT": [
      30,
      25.777779,
      22.444445
    ],
    "essay_scoreT_avg": 26.074074,
    "essay_scoreT_detail": {
      "essay_scoreT_org": [
        [
          3,
          3,
          3,
          3
        ],
        [
          2,
          2,
          2,
          1
        ],
        [
          2,
          2,
          3,
          2
        ]
      ],
      "essay_scoreT_cont": [
        [
          3,
          3,
          0,
          3
        ],
        [
          3,
          2,
          0,
          2
        ],
        [
          3,
          2,
          0,
          2
        ]
      ],
      "essay_scoreT_exp": [
        [
          3,
          3,
          3
        ],
        [
          3,
          3,
          3
        ],
        [
          2,
          2,
          2
        ]
      ]
    }
  },
  "student": {
    "date": "2021.09.07",
    "student_educated": true,
    "student_grade": "고등_1학년",
    "location": "051",
    "student_grade_group": "고등",
    "student_reading": 1
  },
  "rubric": {
    "essay_grade": "고등_1학년",
    "organization_weight": {
      "org_paragraph": 2,
      "org": 2,
      "org_essay": 4,
      "org_coherence": 2,
      "org_quantity": 1
    },
    "essay_type": "설명글",
    "content_weight": {
      "con_clearance": 4,
      "con_novelty": 3,
      "con": 4,
      "con_prompt": 0,
      "con_description": 1
    },
    "essay_main_subject": "영화/독서감상문",
    "expression_weight": {
      "exp_style": 1,
      "exp_grammar": 2,
      "exp_vocab": 3,
      "exp": 4
    }
  },
  "correction": [],
  "info": {
    "essay_id": "ESSAY_34116",
    "essay_prompt": " 영화에는 로맨스, 액션, 스릴러 등 정말 많은 장르가 있습니다. 사람마다 좋아하는 장르가 있고 절대 보지 않는 장르도 있습니다.\r\n\r\n 독서도 마찬가지입니다. 소설, 수필, 시, 만화, 위인전 등 여러가지 장르가 있습니다.\r\n\r\n 여러분은 어떤 장르를 좋아하나요? 그리고 해당 장르에서 가장 재미있게 봤던 영화나 책은 무엇인가요?\r\n\r\n 자신이 봤던 영화 혹은 책을 한 편 선정하여 주제와 내용 그리고 느낀점을 감상문으로 작성해주세요.",
    "essay_type": "설명글",
    "essay_level": "3",
    "essay_len": 593,
    "essay_main_subject": "영화/독서감상문"
  }
}