{
  "paragraph": [
    {
      "paragraph_txt": "내가 최근에 본 영화들 중 가장 인상 깊었던 영화는 '쎄시봉'이라는 영화이다.#@문장구분# 장르는 로맨스이고 뮤지컬 같은 느낌도 있다.#@문장구분# 방학 전 음악 시간에 학교에서 틀어주어서 보게 된 영화인데 나는 한국 영화보다는 미국 영화를 좋아하고, 한국 영화에 대한 딱딱하다는 고정관념이 있었으나 이 영화를 보면서 그런 고정관념이 좀 사라졌다.#@문장구분# 이야기 설명을 하자면 쎄시봉이라는 음악 감상실에서 계속 1위를 하던 윤형주는 음악이 재미없어져  공부에 집중하려 하던 찰나에 송창식이라는 다른 실력자가 나타나게 된다.#@문장구분# 윤형주는 1위를 빼앗기자 다시 경쟁심에 불타 더 열정적으로 노래를 하게 되고, 쎄시봉의 사장은 이 둘을 보며 데뷔시키기로 마음 먹고 중간에서 잡아주는 역의 근태를 넣어서 트리오로 만든다.#@문장구분# 그때 정말 예쁜 민자영이라는 여자가 나타나는데 트리오 셋 모두 민자영한테 반하며 시작하는 영화이다.#@문장구분#",
      "paragraph_len": 555,
      "paragraph_id": "001"
    },
    {
      "paragraph_txt": " 중간중간 트리오가 부르는 노래들이 내가 좋아하는 노래 장르가 아님에도 불구하고 세 명의 목소리 합이 너무 잘 맞아서 영화의 집중도를 높여준다.#@문장구분# 하지만 결말에 너무 아쉬웠다.#@문장구분# 결국 민자영과 잘 된 것은 근태였지만 근태와 잘 되어 가던 중 민자영이 자신의 옛사랑에게 청혼을 받으며 근태를 버렸다.#@문장구분# 그러자 근태는 큰 상심에 잠수를 타고 군대에 입대하고, 민자영이 마약으로 잡혀가지 않도록 나머지 트리오의 두 명을 파는데 나의 상식으로는 이해할 수 없는 행동이었다.#@문장구분# 사람들이 주로 말하는 고구마 영화의 끝판왕이었다고 생각한다.#@문장구분#\n개인적으로 로맨스 요소를 부가적으로 넣고 쎄시봉 트리오의 노래를 주로 보여주는 내용이었다면 훨씬 재미가 있었을 것 같은데 너무 아쉬운 부분이다. #@문장구분#그래도 오랜만에 집중해서 본 한국 영화였다.#@문장구분#",
      "paragraph_len": 537,
      "paragraph_id": "002"
    }
  ],
  "score": {
    "paragraph_score": [
      {
        "paragraph_scoreT": [
          3,
          3,
          2
        ],
        "paragraph_scoreT_detail": {
          "paragraph_scoreT_exp": [
            [
              3,
              3,
              3
            ],
            [
              3,
              3,
              3
            ],
            [
              2,
              2,
              2
            ]
          ]
        },
        "paragraph_scoreT_avg": 2.6666667,
        "paragraph_id": "001"
      },
      {
        "paragraph_scoreT": [
          3,
          3,
          2
        ],
        "paragraph_scoreT_detail": {
          "paragraph_scoreT_exp": [
            [
              3,
              3,
              3
            ],
            [
              3,
              3,
              3
            ],
            [
              2,
              2,
              2
            ]
          ]
        },
        "paragraph_scoreT_avg": 2.6666667,
        "paragraph_id": "002"
      }
    ],
    "essay_scoreT": [
      30,
      28.61111,
      22.444445
    ],
    "essay_scoreT_avg": 27.018518,
    "essay_scoreT_detail": {
      "essay_scoreT_org": [
        [
          3,
          3,
          3,
          3
        ],
        [
          2,
          3,
          3,
          3
        ],
        [
          2,
          2,
          3,
          2
        ]
      ],
      "essay_scoreT_cont": [
        [
          3,
          3,
          0,
          3
        ],
        [
          3,
          3,
          0,
          2
        ],
        [
          3,
          2,
          0,
          2
        ]
      ],
      "essay_scoreT_exp": [
        [
          3,
          3,
          3
        ],
        [
          3,
          3,
          3
        ],
        [
          2,
          2,
          2
        ]
      ]
    }
  },
  "student": {
    "date": "2021.09.13",
    "student_educated": true,
    "student_grade": "고등_1학년",
    "location": "051",
    "student_grade_group": "고등",
    "student_reading": 3
  },
  "rubric": {
    "essay_grade": "고등_1학년",
    "organization_weight": {
      "org_paragraph": 2,
      "org": 2,
      "org_essay": 4,
      "org_coherence": 2,
      "org_quantity": 1
    },
    "essay_type": "설명글",
    "content_weight": {
      "con_clearance": 4,
      "con_novelty": 3,
      "con": 4,
      "con_prompt": 0,
      "con_description": 1
    },
    "essay_main_subject": "영화/독서감상문",
    "expression_weight": {
      "exp_style": 1,
      "exp_grammar": 2,
      "exp_vocab": 3,
      "exp": 4
    }
  },
  "correction": [],
  "info": {
    "essay_id": "ESSAY_34150",
    "essay_prompt": " 영화에는 로맨스, 액션, 스릴러 등 정말 많은 장르가 있습니다. 사람마다 좋아하는 장르가 있고 절대 보지 않는 장르도 있습니다.\r\n\r\n 독서도 마찬가지입니다. 소설, 수필, 시, 만화, 위인전 등 여러가지 장르가 있습니다.\r\n\r\n 여러분은 어떤 장르를 좋아하나요? 그리고 해당 장르에서 가장 재미있게 봤던 영화나 책은 무엇인가요?\r\n\r\n 자신이 봤던 영화 혹은 책을 한 편 선정하여 주제와 내용 그리고 느낀점을 감상문으로 작성해주세요.",
    "essay_type": "설명글",
    "essay_level": "3",
    "essay_len": 836,
    "essay_main_subject": "영화/독서감상문"
  }
}