{
  "paragraph": [
    {
      "paragraph_txt": "이 책 같은 경우에는 집에 있던건 보았지만 꽤 오랬동안 읽지 않았던 책이었기 때문에 읽게 되었다.#@문장구분# 이책은 챕터가 7개로 각각 마케팅과 소비를 시작으로 브랜드 제품 가격 광고와 어긋난 소비 합리적 소비자에서 위대한 소비자로 거듭나는 방법까지 이루어져 있다.#@문장구분# 나는 그중에서 브랜드 이야기에 대해서 해보겠다.#@문장구분# 요즘 세대의 사람들은 아주 많은 브랜드에 노출 되어서 살아간다.#@문장구분# 대표적으로 사람들이 스마트폰을 생각할때 아이폰을 생각하고 도넛을 생각하면 던킨도너츠를 생각하듯이 현대 시대의 사람들은 브랜드에 아주 많이 노출이 되어 있다.#@문장구분# 이책 같은 경우는 노스페이스와 같이 한때 한국에서 아주 유행 했었던 브랜드를 예시를 들어서 설명해 주었고 마케팅의 브랜드 연상이라는 개념을 설명해 주었다.#@문장구분# 브랜드 연상이란 각각의 브랜드들이 가지고 있는 특징들을 연상하는 것을 말하는 언어로 예를 들면 나이키 같은 경우 밝은 색이다.#@문장구분# 비싸지만 편하다.#@문장구분# 등등의 특징이 연상되는 것을 설명해주는 단락이 있었고 이 브랜드 연상을 통해서 회사들은 자신의 브랜드연상을 더 좋게 하기위해 노력한다고 한다.#@문장구분# 이 책을 통해서 나는 브랜드에 길들여진 현대사회의 사람들에 대하여 다시 생각하게 되었다.#@문장구분# 예를 들면 자신의 브랜드가 좋지 않다는 이유만으로 왕따를 시킨 다거나 하는 청소년 사이에서의 일이 생각이 났기 때문이다.#@문장구분# 이에 대한 해결책으로 나는 각각 브랜드의 회사들이 가격을 낮추거나 더욱 일반 학생들에게 부담감 없게 다가가야 한다고 생각한다.#@문장구분#",
      "paragraph_len": 970,
      "paragraph_id": "001"
    }
  ],
  "score": {
    "paragraph_score": [
      {
        "paragraph_scoreT": [
          2.6666667,
          2,
          1.8333334
        ],
        "paragraph_scoreT_detail": {
          "paragraph_scoreT_exp": [
            [
              2,
              3,
              3
            ],
            [
              2,
              2,
              2
            ],
            [
              2,
              2,
              1
            ]
          ]
        },
        "paragraph_scoreT_avg": 2.1666667,
        "paragraph_id": "001"
      }
    ],
    "essay_scoreT": [
      27.166668,
      21.944445,
      21.333334
    ],
    "essay_scoreT_avg": 23.481483,
    "essay_scoreT_detail": {
      "essay_scoreT_org": [
        [
          3,
          3,
          3,
          3
        ],
        [
          2,
          2,
          3,
          2
        ],
        [
          2,
          2,
          2,
          2
        ]
      ],
      "essay_scoreT_cont": [
        [
          3,
          2,
          0,
          3
        ],
        [
          2,
          3,
          0,
          2
        ],
        [
          3,
          2,
          0,
          2
        ]
      ],
      "essay_scoreT_exp": [
        [
          2,
          3,
          3
        ],
        [
          2,
          2,
          2
        ],
        [
          2,
          2,
          1
        ]
      ]
    }
  },
  "student": {
    "date": "2021.09.07",
    "student_educated": true,
    "student_grade": "고등_1학년",
    "location": "051",
    "student_grade_group": "고등",
    "student_reading": 1
  },
  "rubric": {
    "essay_grade": "고등_1학년",
    "organization_weight": {
      "org_paragraph": 2,
      "org": 2,
      "org_essay": 4,
      "org_coherence": 2,
      "org_quantity": 1
    },
    "essay_type": "설명글",
    "content_weight": {
      "con_clearance": 4,
      "con_novelty": 3,
      "con": 4,
      "con_prompt": 0,
      "con_description": 1
    },
    "essay_main_subject": "영화/독서감상문",
    "expression_weight": {
      "exp_style": 1,
      "exp_grammar": 2,
      "exp_vocab": 3,
      "exp": 4
    }
  },
  "correction": [],
  "info": {
    "essay_id": "ESSAY_34541",
    "essay_prompt": " 영화에는 로맨스, 액션, 스릴러 등 정말 많은 장르가 있습니다. 사람마다 좋아하는 장르가 있고 절대 보지 않는 장르도 있습니다.\r\n\r\n 독서도 마찬가지입니다. 소설, 수필, 시, 만화, 위인전 등 여러가지 장르가 있습니다.\r\n\r\n 여러분은 어떤 장르를 좋아하나요? 그리고 해당 장르에서 가장 재미있게 봤던 영화나 책은 무엇인가요?\r\n\r\n 자신이 봤던 영화 혹은 책을 한 편 선정하여 주제와 내용 그리고 느낀점을 감상문으로 작성해주세요.",
    "essay_type": "설명글",
    "essay_level": "3",
    "essay_len": 731,
    "essay_main_subject": "영화/독서감상문"
  }
}