{
  "paragraph": [
    {
      "paragraph_txt": "a busy beaver이라는 책은 말 그대로 부지런한 비버의 삶을 나타낸 책이다.#@문장구분# 비버는 미국,캐나다 등에 살며 물과 땅에서 서식하는 반수생생물이다.#@문장구분# 비버는 앞니가 매우 발달되어 있다. #@문장구분#그 이유로 비버는 나무를 이로 갉아서 넘어 뜨린 뒤 흐르는 물에 넘어뜨린 나무를 댐처럼만들어 물을 가둔다#@문장구분#. 그리고 그 곳이 집이된다.#@문장구분# 나무를 이로 갉는 것도 힘들지만 댐이 무너질 때가 종종 있는데 무너지면 모두 떠내려가버려서 모든 것을 다시 지어야한다고 한다.#@문장구분# 비버는 겉모습만 보면 게으르고 식탐이 많은 동물로 보인다.#@문장구분# 하지만 집을 지으며,가족을 보호하는 비버는 정말 부지런하고 열심히 한다.#@문장구분# 야생이라는 혹독한 환경에서 자신의 가족을 따뜻하게 보호하려고 열심히 집을 짓는 비버의 모습이 정말 인상적이였다.#@문장구분# 비버처럼 가정을 사랑하며, 부지런한 사람이 되어야 겠다고 생각했다.#@문장구분#",
      "paragraph_len": 625,
      "paragraph_id": "001"
    }
  ],
  "score": {
    "paragraph_score": [
      {
        "paragraph_scoreT": [
          1.8333334,
          1.8333334,
          1.8333334
        ],
        "paragraph_scoreT_detail": {
          "paragraph_scoreT_exp": [
            [
              2,
              2,
              1
            ],
            [
              2,
              2,
              1
            ],
            [
              2,
              2,
              1
            ]
          ]
        },
        "paragraph_scoreT_avg": 1.8333334,
        "paragraph_id": "001"
      }
    ],
    "essay_scoreT": [
      19.833334,
      17.11111,
      19.722221
    ],
    "essay_scoreT_avg": 18.888887,
    "essay_scoreT_detail": {
      "essay_scoreT_org": [
        [
          2,
          2,
          2,
          2
        ],
        [
          2,
          2,
          2,
          1
        ],
        [
          1,
          2,
          2,
          1
        ]
      ],
      "essay_scoreT_cont": [
        [
          3,
          1,
          0,
          2
        ],
        [
          2,
          1,
          0,
          1
        ],
        [
          3,
          2,
          0,
          1
        ]
      ],
      "essay_scoreT_exp": [
        [
          2,
          2,
          1
        ],
        [
          2,
          2,
          1
        ],
        [
          2,
          2,
          1
        ]
      ]
    }
  },
  "student": {
    "date": "2021.09.10",
    "student_educated": true,
    "student_grade": "고등_1학년",
    "location": "063",
    "student_grade_group": "고등",
    "student_reading": 1
  },
  "rubric": {
    "essay_grade": "고등_1학년",
    "organization_weight": {
      "org_paragraph": 2,
      "org": 2,
      "org_essay": 4,
      "org_coherence": 2,
      "org_quantity": 1
    },
    "essay_type": "설명글",
    "content_weight": {
      "con_clearance": 4,
      "con_novelty": 3,
      "con": 4,
      "con_prompt": 0,
      "con_description": 1
    },
    "essay_main_subject": "영화/독서감상문",
    "expression_weight": {
      "exp_style": 1,
      "exp_grammar": 2,
      "exp_vocab": 3,
      "exp": 4
    }
  },
  "correction": [],
  "info": {
    "essay_id": "ESSAY_34826",
    "essay_prompt": " 영화에는 로맨스, 액션, 스릴러 등 정말 많은 장르가 있습니다. 사람마다 좋아하는 장르가 있고 절대 보지 않는 장르도 있습니다.\r\n\r\n 독서도 마찬가지입니다. 소설, 수필, 시, 만화, 위인전 등 여러가지 장르가 있습니다.\r\n\r\n 여러분은 어떤 장르를 좋아하나요? 그리고 해당 장르에서 가장 재미있게 봤던 영화나 책은 무엇인가요?\r\n\r\n 자신이 봤던 영화 혹은 책을 한 편 선정하여 주제와 내용 그리고 느낀점을 감상문으로 작성해주세요.",
    "essay_type": "설명글",
    "essay_level": "3",
    "essay_len": 425,
    "essay_main_subject": "영화/독서감상문"
  }
}