{
  "paragraph": [
    {
      "paragraph_txt": "요즘 직장인들의 로망이 돈 많은 백수라고 합니다.#@문장구분# 그래서 돈이 도대체 뭘까?#@문장구분# 궁금증을 가지고 chapter 1을 읽었습니다.#@문장구분# 이 질문에 대한 답을 위해서는 돈이 갖고 있는 속성과 특징을 잘 알아야 했습니다.#@문장구분# 돈이 무엇일까?#@문장구분# 돈의 가장 대표적인 역할은 교환수단입니다.#@문장구분# 그렇다면 돈은 왜 벌어야 할까?#@문장구분# 던을버는 데에는 6가지가 있다고 합니다.#@문장구분# 그중 대표적 이유가 살아가기 위해서입니다.#@문장구분# 사람은 돈의 노예일까?#@문장구분# 지배자 일까?#@문장구분# 사람은 돈의 노예가 되기도 하고 지배자가 되기도 합니다#@문장구분# 이런식으로 끊임없이 질문에 대답하고 계속 떠올려 보며 책을 읽었습니다.#@문장구분# 마침내 돈이 도대체 뭘까?에 대한 저만의 답을 이야기 할수 있었습니다.#@문장구분# 돈은 삶에 있어서 꼭 있어야하는 존재이나 내 삶의 최종목표가 될 순 없다#@문장구분# 바로 이렇게 답할수있었습니다.#@문장구분# chapter 1의 마지막 부분에는 용돈기입장에 대한 습관 길들이기도 있었습니다.#@문장구분# 아쉽게도 아직 chapter 1까지 밖에 읽지 못해서 다적지는 못하지만 chapter 1부터 이렇게 많은걸 배울수 있었습니다#@문장구분#",
      "paragraph_len": 879,
      "paragraph_id": "001"
    }
  ],
  "score": {
    "paragraph_score": [
      {
        "paragraph_scoreT": [
          1.8333334,
          2.5,
          1.8333334
        ],
        "paragraph_scoreT_detail": {
          "paragraph_scoreT_exp": [
            [
              2,
              2,
              1
            ],
            [
              2,
              3,
              2
            ],
            [
              2,
              2,
              1
            ]
          ]
        },
        "paragraph_scoreT_avg": 2.0555556,
        "paragraph_id": "001"
      }
    ],
    "essay_scoreT": [
      17.944445,
      22,
      15.555555
    ],
    "essay_scoreT_avg": 18.5,
    "essay_scoreT_detail": {
      "essay_scoreT_org": [
        [
          2,
          1,
          1,
          2
        ],
        [
          2,
          2,
          2,
          2
        ],
        [
          1,
          1,
          1,
          2
        ]
      ],
      "essay_scoreT_cont": [
        [
          2,
          2,
          0,
          1
        ],
        [
          2,
          2,
          0,
          2
        ],
        [
          2,
          1,
          0,
          1
        ]
      ],
      "essay_scoreT_exp": [
        [
          2,
          2,
          1
        ],
        [
          2,
          3,
          2
        ],
        [
          2,
          2,
          1
        ]
      ]
    }
  },
  "student": {
    "date": "2021.09.10",
    "student_educated": true,
    "student_grade": "고등_1학년",
    "location": "063",
    "student_grade_group": "고등",
    "student_reading": 2
  },
  "rubric": {
    "essay_grade": "고등_1학년",
    "organization_weight": {
      "org_paragraph": 2,
      "org": 2,
      "org_essay": 4,
      "org_coherence": 2,
      "org_quantity": 1
    },
    "essay_type": "설명글",
    "content_weight": {
      "con_clearance": 4,
      "con_novelty": 3,
      "con": 4,
      "con_prompt": 0,
      "con_description": 1
    },
    "essay_main_subject": "영화/독서감상문",
    "expression_weight": {
      "exp_style": 1,
      "exp_grammar": 2,
      "exp_vocab": 3,
      "exp": 4
    }
  },
  "correction": [],
  "info": {
    "essay_id": "ESSAY_34681",
    "essay_prompt": " 영화에는 로맨스, 액션, 스릴러 등 정말 많은 장르가 있습니다. 사람마다 좋아하는 장르가 있고 절대 보지 않는 장르도 있습니다.\r\n\r\n 독서도 마찬가지입니다. 소설, 수필, 시, 만화, 위인전 등 여러가지 장르가 있습니다.\r\n\r\n 여러분은 어떤 장르를 좋아하나요? 그리고 해당 장르에서 가장 재미있게 봤던 영화나 책은 무엇인가요?\r\n\r\n 자신이 봤던 영화 혹은 책을 한 편 선정하여 주제와 내용 그리고 느낀점을 감상문으로 작성해주세요.",
    "essay_type": "설명글",
    "essay_level": "3",
    "essay_len": 520,
    "essay_main_subject": "영화/독서감상문"
  }
}