{
  "paragraph": [
    {
      "paragraph_txt": "Making Movies라는 책은 영화배우가 되고싶은 나에게 제목부터 이끌리는 책이었다.#@문장구분# 처음에 영화를 만드는 방법이나 영화 제작을 하는 직업을 알려주는 책이라고 생각했다.#@문장구분# 그런데 내 생각과는 다르게 이 책은 처음 만들어진 영화, 영사기의 역사, 영화에 소리가 들어간 역사, CG의 역사등을 소개하고 있었다.#@문장구분# 역사상 최초의 영화는 1888년에 만들어졌는데 Roundhay Garden Scene이라는 제목의 4명의 사람이 정원을 걷는 단 2초밖에 되지않는 영상이였다.#@문장구분# 비록 2초밖에 되지않는 영화지만 이 영화덕분에 수 많은 영화가 만들어지고 산업이 발달했을 걸 생각하니까 이 2초짜리 영화가 감사하게 느껴진다.#@문장구분# 영사기는 에디슨이 발명했는데 최초의 영사기는 구멍안에 눈을 대고 보는 방식이였다.#@문장구분# 한번 보는데 25센트를 주면서 봤는데 이건 오늘날 우리가 영화관에 가는 것과 비슷하다.#@문장구분# 그렇지만 에디슨의 영사기는 단체로 보는것은 불가능했다. #@문장구분#그러다가 1895년 아우구스트라는 사람이 더 뛰어난 버전의 영사기를 발명했다. #@문장구분#카메라와 프린터와 프로젝터를 합친 것 이였다.#@문장구분# 아우구스트는 대중들에게 영화를 보여줬고 다른 나라에서 짧은 영화를 보기위해 직접 찾아오기도 하였다. #@문장구분#영화는 날이가면 갈수록 발전했다.#@문장구분# 1902년에는 달로 여행을 가는 영화를 찍기도 했다.#@문장구분# 비록 8분짜리 영화였지만 100년전쯤에 그런 영화를 만든걸 보면 영화가 사람의 창의력을 키워준거같다고 생각한다. #@문장구분#그리고 영화는 원래 소리없이 움직이는 사진이였다.#@문장구분#\n그러던 1920년대 영화에 소리를 입히는 장치가 발명되었다.#@문장구분# 그렇지만 현대의 영화와는 다른 시스템이였다.#@문장구분# 그 시절에는 영화와 소리를 따로 재생하는 방식이였다.#@문장구분# 그리고 1930년대 특수효과를 넣는 CG를 넣기 시작했다.#@문장구분# 1930년대에는 CG를 활용하는 영화가 주를 이루기 시작했다. #@문장구분#그 중 가장 유명한 것은 킹콩이다. #@문장구분#킹콩은 오늘날까지 세계에서 가장 유명한 영화중 하나이다.#@문장구분# 이 책을 읽고 영화가 발달한 과정을 보면서 기술력이 발달하면서 문화도 같이 발달하며 그 문화의 영향을 가장 많이 받은게 영화가 아닐까 생각이들고 영화가 얼마나 발전할지 기대된다.#@문장구분# 영화는 사람들의 창의력과 기술을 발달시켜주는 좋은 문화인거같다.#@문장구분#",
      "paragraph_len": 1558,
      "paragraph_id": "001"
    }
  ],
  "score": {
    "paragraph_score": [
      {
        "paragraph_scoreT": [
          2,
          2,
          2
        ],
        "paragraph_scoreT_detail": {
          "paragraph_scoreT_exp": [
            [
              2,
              2,
              2
            ],
            [
              2,
              2,
              2
            ],
            [
              2,
              2,
              2
            ]
          ]
        },
        "paragraph_scoreT_avg": 2,
        "paragraph_id": "001"
      }
    ],
    "essay_scoreT": [
      19.777779,
      20,
      22.222221
    ],
    "essay_scoreT_avg": 20.666666,
    "essay_scoreT_detail": {
      "essay_scoreT_org": [
        [
          2,
          1,
          2,
          3
        ],
        [
          2,
          2,
          2,
          2
        ],
        [
          2,
          2,
          2,
          3
        ]
      ],
      "essay_scoreT_cont": [
        [
          2,
          2,
          0,
          2
        ],
        [
          2,
          2,
          0,
          2
        ],
        [
          3,
          2,
          0,
          2
        ]
      ],
      "essay_scoreT_exp": [
        [
          2,
          2,
          2
        ],
        [
          2,
          2,
          2
        ],
        [
          2,
          2,
          2
        ]
      ]
    }
  },
  "student": {
    "date": "2021.09.10",
    "student_educated": true,
    "student_grade": "고등_1학년",
    "location": "063",
    "student_grade_group": "고등",
    "student_reading": 1
  },
  "rubric": {
    "essay_grade": "고등_1학년",
    "organization_weight": {
      "org_paragraph": 2,
      "org": 2,
      "org_essay": 4,
      "org_coherence": 2,
      "org_quantity": 1
    },
    "essay_type": "설명글",
    "content_weight": {
      "con_clearance": 4,
      "con_novelty": 3,
      "con": 4,
      "con_prompt": 0,
      "con_description": 1
    },
    "essay_main_subject": "영화/독서감상문",
    "expression_weight": {
      "exp_style": 1,
      "exp_grammar": 2,
      "exp_vocab": 3,
      "exp": 4
    }
  },
  "correction": [],
  "info": {
    "essay_id": "ESSAY_34714",
    "essay_prompt": " 영화에는 로맨스, 액션, 스릴러 등 정말 많은 장르가 있습니다. 사람마다 좋아하는 장르가 있고 절대 보지 않는 장르도 있습니다.\r\n\r\n 독서도 마찬가지입니다. 소설, 수필, 시, 만화, 위인전 등 여러가지 장르가 있습니다.\r\n\r\n 여러분은 어떤 장르를 좋아하나요? 그리고 해당 장르에서 가장 재미있게 봤던 영화나 책은 무엇인가요?\r\n\r\n 자신이 봤던 영화 혹은 책을 한 편 선정하여 주제와 내용 그리고 느낀점을 감상문으로 작성해주세요.",
    "essay_type": "설명글",
    "essay_level": "3",
    "essay_len": 1079,
    "essay_main_subject": "영화/독서감상문"
  }
}