{
  "paragraph": [
    {
      "paragraph_txt": "저는 이 책을 학교에서 영어 수업 시간때 읽었던 책입니다.#@문장구분# 제목을 보고 책의 내용이 식물의 특징에 대해서 말하는 책인 것 같았습니다.#@문장구분# 그러나 책 안의 내용은 비극적인 사랑이야기인 것이 충격이었습니다.#@문장구분# 이 책은 주인공인 Trysdale이 과거를 회상했다가 현실로 돌아오는 구조가 반복되고 있어서 시점을 했갈리게 되면 내용이 이해가 안되었습니다.#@문장구분# Trysdale과 그의 여자친구는 서로를 너무 사랑하여 둘 다 결혼하는 것을 좋아했습니다.#@문장구분# 하지만 여자친구는 현재 시점에서 다른 남자와 결혼을 하고 있습니다.#@문장구분# 과거로 돌아가보면 Trysdale은 여자친구에게 청혼을 합니다.#@문장구분# 이에 여자친구는 너무나도 좋아하지만 바로 대답을 하지않습니다.#@문장구분# 다음 날 그녀는 Trysdale에게 ventomarme 라는 이름표가 붙어 있는 선인장 하나를 보냅니다.#@문장구분# ventomarme는 '와서나를 데려가세요'라는 뜻입니다.#@문장구분# 이 말이 스페인어인데 Trysdale이 스페인어를 잘 안다고 여자친구에게 말을 했지만 이 의미를 파악하지 못합니다.#@문장구분# Trysdale은 자존심이 상하여 여자친구에게 찾아가려 하지도 않습니다.#@문장구분# 이 둘은 우연히 저녁식사 자리에서 만나게 되고 서로 말도 안한채 헤어지게 됩니다.#@문장구분# 이 이후로 둘은 멀어졌죠.#@문장구분# 저는 이 책을 읽으면서 너무나도 답답해서 죽을 것 같은 느낌이 들었습니다.#@문장구분# 먼저 Trysdale이 스페인어를 못한다고 솔직하게 말하지 않았던 것부터 짜증이 났습니다.#@문장구분# 사람이 모든 영역에서 잘할 수는 없다고 생각합니다.#@문장구분# 정말 모든 영역에서 최선을 다한다면 모르겠지만, Trysdale은 그렇지 않기 때문에 짜증이 났습니다.#@문장구분# 그리고 여자친구도 청혼을 받았으면 그 자리에서 바로 답해주면 되는데 왜 굳이 말로 안하고 하루가 지나고 나야 겨우 하인이나 시켜서 선인장하나로 대답해주는 것인지 모르겠습니다.#@문장구분# 연인 관계인 동안 대화는 분명 영어로 대화했을텐데 중요한 순간인 청혼에 답해얄 할 타이밍에 스페인어로 대답해주는 것은 여자친구에게 문제가 있는 것 같습니다.#@문장구분# 그리고 이후에 저녁식사에서 만났을 때 왜 서로 말 한 마디를 안나눴는지 모르겠습니다.#@문장구분# Trysdale은 여자친구가 왜 자신의 청혼에 답을 안했는지, 여자친구는 Trysdale이 왜 어떠한 신호도 안보내는지 물어보지 않은 두 사람은 그냥 읽으면서 짜증이 나고 화가 났습니다.#@문장구분# 제가 궁금한 거는 빨리 알고 싶어하는 성격때문인지는 몰라도 저랑은 맞지 않는 책인 것 같습니다.#@문장구분# 한편으로는 세상에는 이런 사람들이 있으니까 먼저 말을 걸어야 할 때도 있고 이해해줘야 하는 부분이 있는 사람이 존재한다는 것을 말해주는 책이기도 한 것 같습니다.#@문장구분#",
      "paragraph_len": 1754,
      "paragraph_id": "001"
    }
  ],
  "score": {
    "paragraph_score": [
      {
        "paragraph_scoreT": [
          3,
          2.8333333,
          1.3333334
        ],
        "paragraph_scoreT_detail": {
          "paragraph_scoreT_exp": [
            [
              3,
              3,
              3
            ],
            [
              3,
              3,
              2
            ],
            [
              2,
              1,
              1
            ]
          ]
        },
        "paragraph_scoreT_avg": 2.3888888,
        "paragraph_id": "001"
      }
    ],
    "essay_scoreT": [
      30,
      24.444445,
      12.944445
    ],
    "essay_scoreT_avg": 22.462961,
    "essay_scoreT_detail": {
      "essay_scoreT_org": [
        [
          3,
          3,
          3,
          3
        ],
        [
          2,
          3,
          3,
          3
        ],
        [
          1,
          2,
          2,
          2
        ]
      ],
      "essay_scoreT_cont": [
        [
          3,
          3,
          0,
          3
        ],
        [
          2,
          2,
          0,
          2
        ],
        [
          1,
          1,
          0,
          2
        ]
      ],
      "essay_scoreT_exp": [
        [
          3,
          3,
          3
        ],
        [
          3,
          3,
          2
        ],
        [
          2,
          1,
          1
        ]
      ]
    }
  },
  "student": {
    "date": "2021.09.13",
    "student_educated": true,
    "student_grade": "고등_1학년",
    "location": "063",
    "student_grade_group": "고등",
    "student_reading": 1
  },
  "rubric": {
    "essay_grade": "고등_1학년",
    "organization_weight": {
      "org_paragraph": 2,
      "org": 2,
      "org_essay": 4,
      "org_coherence": 2,
      "org_quantity": 1
    },
    "essay_type": "설명글",
    "content_weight": {
      "con_clearance": 4,
      "con_novelty": 3,
      "con": 4,
      "con_prompt": 0,
      "con_description": 1
    },
    "essay_main_subject": "영화/독서감상문",
    "expression_weight": {
      "exp_style": 1,
      "exp_grammar": 2,
      "exp_vocab": 3,
      "exp": 4
    }
  },
  "correction": [],
  "info": {
    "essay_id": "ESSAY_34471",
    "essay_prompt": " 영화에는 로맨스, 액션, 스릴러 등 정말 많은 장르가 있습니다. 사람마다 좋아하는 장르가 있고 절대 보지 않는 장르도 있습니다.\r\n\r\n 독서도 마찬가지입니다. 소설, 수필, 시, 만화, 위인전 등 여러가지 장르가 있습니다.\r\n\r\n 여러분은 어떤 장르를 좋아하나요? 그리고 해당 장르에서 가장 재미있게 봤던 영화나 책은 무엇인가요?\r\n\r\n 자신이 봤던 영화 혹은 책을 한 편 선정하여 주제와 내용 그리고 느낀점을 감상문으로 작성해주세요.",
    "essay_type": "설명글",
    "essay_level": "3",
    "essay_len": 1274,
    "essay_main_subject": "영화/독서감상문"
  }
}