{
  "paragraph": [
    {
      "paragraph_txt": "이 책은 저자가 진행했던 수학 세미나를 생생하게 문자로 옮긴 책이다.#@문장구분# 이 수학 세미나를 통해 중학교 때 배운 피타고라스의 정리부터 시작해 각종 공식에 대한 기억을 되짚어 볼 수 있었고, 아직 배우지 못한(미래에 배우게 될) 벡터나 미적분의 개념도 미리 맛볼 수 있었다.#@문장구분# 그러다가 어느 순간 대학 학부 과목인 해석학과 선형대수학으로 튀기도 하고, 갑자기 미술과 음악 얘기를 했다가, 우주 공간으로 떠났다가, 다시 수학으로 돌아오곤 했다.#@문장구분# 이 책의 내용이 쉽다고 말하기는 어렵다.#@문장구분# 배우지 않거나 이해할 수 없었던 개념과 수식들이 툭툭 튀어나와 당혹스러웠다.#@문장구분# 하지만 수식과 도형으로 된 낯선 수학의 언어들을 저자와 함께 차근차근 훈련하며 결국 끝에는 정면돌파하게 되었고 그러한 과정에서 지적 즐거움을 맛보았다.#@문장구분# 저자는 첫장에서 수학을 언어라고 표현한다.#@문장구분# 그는 수학이라는 언어로 과학과 공학, 인문사회, 심지어 예술에 대해 얘기했다. #@문장구분#그에게 수학은 소통의 언어이며, 그는 수학을 계산할 뿐 아니라 사유한다.#@문장구분# 이러한 저자의 생각이 가장 나에게 와닿았다.#@문장구분# 내가 이공계 쪽 진로를 희망하지만, 아직까지 과학이 수학으로 표현된다는 것을 잘 느끼지 못하였다. #@문장구분#즉, 과학과 수학이 어느정도의 관련성만 갖고 있고 별개의 과목이라 생각했다. #@문장구분#하지만 이 책을 읽고 이러한 관점이 확 바뀌게 되었다.#@문장구분# 과학은 수학없이는 서술 조차 못한다는 것을 알고 충격을 받았다.#@문장구분# 수학이 다른 학문한테 미치는 영향이 이렇게 큰 줄 몰랐다.#@문장구분# 특히 이공계는 물론이고, 상경계, 인문계열까지 근본이 된다는 것을 깨닫고 수학의 위대함에 대해 다시 한 번 생각할 수 있었다.#@문장구분#",
      "paragraph_len": 1117,
      "paragraph_id": "001"
    },
    {
      "paragraph_txt": "이 책은 '수학이 필요한 순간'의 후작으로, 전작에 흥미를 느껴 이 책을 찾아 읽게 되었다.#@문장구분# 이 책은 전작의 후속편인 만큼 난이도가 전작보다 무척 높다.#@문장구분# 많지는 않으나 복잡한 수식이 곳곳에서 등장하고 이해하기도 무척이나 난해하다. #@문장구분#처음 이 책을 봤을 때는 복잡한 수식과 이해하기 어려운 논리 전개에 매우 낯설고 받아들이기 힘들어 읽기를 포기했었다. #@문장구분#하지만 시간이 날 때 다시 한 번 읽게 되었다. #@문장구분#일단 내용을 다 이해하지는 못하더라도 끝까지 읽어보기나 하자는 마음으로 받아들이니 마음이 한결 편했다. #@문장구분#그렇게 다 읽고 나니 한 번만 더 읽으면 이해할 수 있을 것 같다는 생각에 두 세번 더 읽게 되었다.#@문장구분# 이 책의 내용을 완전히 이해했다고는 말할 수 없을 것 같다. #@문장구분#그러나 처음에 이해가 안 됬던 것을 알아가는 기쁨을 이 책을 통해 발견하게 되었다.#@문장구분#",
      "paragraph_len": 597,
      "paragraph_id": "002"
    }
  ],
  "score": {
    "paragraph_score": [
      {
        "paragraph_scoreT": [
          3,
          2.8333333,
          1.6666666
        ],
        "paragraph_scoreT_detail": {
          "paragraph_scoreT_exp": [
            [
              3,
              3,
              3
            ],
            [
              3,
              3,
              2
            ],
            [
              1,
              2,
              2
            ]
          ]
        },
        "paragraph_scoreT_avg": 2.4999998,
        "paragraph_id": "001"
      },
      {
        "paragraph_scoreT": [
          3,
          2.8333333,
          1.6666666
        ],
        "paragraph_scoreT_detail": {
          "paragraph_scoreT_exp": [
            [
              3,
              3,
              3
            ],
            [
              3,
              3,
              2
            ],
            [
              1,
              2,
              2
            ]
          ]
        },
        "paragraph_scoreT_avg": 2.4999998,
        "paragraph_id": "002"
      }
    ],
    "essay_scoreT": [
      30,
      26.444445,
      21.833332
    ],
    "essay_scoreT_avg": 26.09259,
    "essay_scoreT_detail": {
      "essay_scoreT_org": [
        [
          3,
          3,
          3,
          3
        ],
        [
          2,
          3,
          3,
          3
        ],
        [
          2,
          2,
          3,
          3
        ]
      ],
      "essay_scoreT_cont": [
        [
          3,
          3,
          0,
          3
        ],
        [
          3,
          2,
          0,
          2
        ],
        [
          3,
          2,
          0,
          3
        ]
      ],
      "essay_scoreT_exp": [
        [
          3,
          3,
          3
        ],
        [
          3,
          3,
          2
        ],
        [
          1,
          2,
          2
        ]
      ]
    }
  },
  "student": {
    "date": "2021.09.13",
    "student_educated": true,
    "student_grade": "고등_1학년",
    "location": "063",
    "student_grade_group": "고등",
    "student_reading": 1
  },
  "rubric": {
    "essay_grade": "고등_1학년",
    "organization_weight": {
      "org_paragraph": 2,
      "org": 2,
      "org_essay": 4,
      "org_coherence": 2,
      "org_quantity": 1
    },
    "essay_type": "설명글",
    "content_weight": {
      "con_clearance": 4,
      "con_novelty": 3,
      "con": 4,
      "con_prompt": 0,
      "con_description": 1
    },
    "essay_main_subject": "영화/독서감상문",
    "expression_weight": {
      "exp_style": 1,
      "exp_grammar": 2,
      "exp_vocab": 3,
      "exp": 4
    }
  },
  "correction": [],
  "info": {
    "essay_id": "ESSAY_34425",
    "essay_prompt": " 영화에는 로맨스, 액션, 스릴러 등 정말 많은 장르가 있습니다. 사람마다 좋아하는 장르가 있고 절대 보지 않는 장르도 있습니다.\r\n\r\n 독서도 마찬가지입니다. 소설, 수필, 시, 만화, 위인전 등 여러가지 장르가 있습니다.\r\n\r\n 여러분은 어떤 장르를 좋아하나요? 그리고 해당 장르에서 가장 재미있게 봤던 영화나 책은 무엇인가요?\r\n\r\n 자신이 봤던 영화 혹은 책을 한 편 선정하여 주제와 내용 그리고 느낀점을 감상문으로 작성해주세요.",
    "essay_type": "설명글",
    "essay_level": "3",
    "essay_len": 1216,
    "essay_main_subject": "영화/독서감상문"
  }
}