{
  "paragraph": [
    {
      "paragraph_txt": "이 책을 접하기 전, 저는 능력에 따른 분배가 가장 정의롭다고 생각하고 있었습니다.#@문장구분# 저도 모르게 능력주의에 늪에 빠져있었던 것입니다.#@문장구분# 그래서 도대체 제가 왜 이런 생각을 가지게 되었을까 고민을 해봤습니다.#@문장구분# 온갖 매체에서 흘러넘치는 성공신화, 무조건 하면 된다는 말들...#@문장구분# 가장 큰 원인은 학교에서의 성적이 아닐까 싶습니다.#@문장구분# 성적만큼 확실한 판단기준은 찾기 어렵겠지만 또 그만큼 불공정한 게 성적이라는 생각이 들었습니다.#@문장구분# 저는 항상 재능이 온전히 개인의 것이라고만 생각해왔습니다.#@문장구분# 그런데 재능이라는 것도 모두 운의 작용일 뿐이라는 내용을 읽고 뒤통수를 한 대 맞는 느낌이었습니다.#@문장구분# 여태 굳게 믿고 있었던 사실이 흔들리는 것이 정말 혼란스러웠습니다.#@문장구분# 단순히 운이 좋다는 이유로 더 많은 돈을 버는 것이 과연 공정한 것일까?#@문장구분# 이 대목에서 저는 굉장히 많은 생각을 하게 되었습니다.#@문장구분#",
      "paragraph_len": 653,
      "paragraph_id": "001"
    },
    {
      "paragraph_txt": " 오랜 고민 끝에, 저는 이러한 능력주의에 대한 해결책으로 대학교의 수준을 일정하게 통일시키는 방법을 제안합니다.#@문장구분# 물론 능력주의에 대한 근본적인 해결책이 되지는 못하겠지만, 사회에 첫 발걸음을 내딛는 고등학생들에게 많은 부담을 덜어줄 수 있을 것이라고 생각합니다.#@문장구분# 모든 대학교의 수준이 같다면 학업을 등한시할 수 있으므로, 3단계 정도로만 수준을 나눈다면 좋을 것 같습니다.#@문장구분# 여기에다 마이클 샌델이 제안한 뽑기 방식의 입시 제도를 덧붙인다면 금상첨화일 것입니다.#@문장구분#",
      "paragraph_len": 338,
      "paragraph_id": "002"
    },
    {
      "paragraph_txt": " 대학 입시를 앞둔 대한민국의 한 고등학생으로서 능력(성적)이 다가 아니라는 깨달음을 얻게 되었습니다.#@문장구분# 성공한 사람들은 자신의 성공이 운에서 기인한 것임을 깨닫고 더 겸손한 태도로, 실패한 사람들은 자신의 실패를 온전히 자신의 탓으로만 돌리지 않고 부담을 덜었으면 하는 바람입니다.#@문장구분#",
      "paragraph_len": 197,
      "paragraph_id": "003"
    }
  ],
  "score": {
    "paragraph_score": [
      {
        "paragraph_scoreT": [
          2.8333333,
          2.5,
          2.8333333
        ],
        "paragraph_scoreT_detail": {
          "paragraph_scoreT_exp": [
            [
              3,
              3,
              2
            ],
            [
              2,
              3,
              2
            ],
            [
              3,
              3,
              2
            ]
          ]
        },
        "paragraph_scoreT_avg": 2.722222,
        "paragraph_id": "001"
      },
      {
        "paragraph_scoreT": [
          2.8333333,
          2.5,
          2
        ],
        "paragraph_scoreT_detail": {
          "paragraph_scoreT_exp": [
            [
              3,
              3,
              2
            ],
            [
              2,
              3,
              2
            ],
            [
              2,
              2,
              2
            ]
          ]
        },
        "paragraph_scoreT_avg": 2.4444444,
        "paragraph_id": "002"
      },
      {
        "paragraph_scoreT": [
          3,
          2.5,
          2.5
        ],
        "paragraph_scoreT_detail": {
          "paragraph_scoreT_exp": [
            [
              3,
              3,
              3
            ],
            [
              2,
              3,
              2
            ],
            [
              2,
              3,
              2
            ]
          ]
        },
        "paragraph_scoreT_avg": 2.6666667,
        "paragraph_id": "003"
      }
    ],
    "essay_scoreT": [
      23.777779,
      20.222221,
      22.222221
    ],
    "essay_scoreT_avg": 22.074074,
    "essay_scoreT_detail": {
      "essay_scoreT_org": [
        [
          2,
          2,
          3,
          2
        ],
        [
          2,
          2,
          2,
          3
        ],
        [
          2,
          2,
          2,
          3
        ]
      ],
      "essay_scoreT_cont": [
        [
          2,
          2,
          0,
          2
        ],
        [
          1,
          2,
          0,
          2
        ],
        [
          2,
          2,
          0,
          2
        ]
      ],
      "essay_scoreT_exp": [
        [
          3,
          3,
          2
        ],
        [
          2,
          3,
          2
        ],
        [
          2,
          3,
          2
        ]
      ]
    }
  },
  "student": {
    "date": "2021.09.07",
    "student_educated": true,
    "student_grade": "고등_1학년",
    "location": "051",
    "student_grade_group": "고등",
    "student_reading": 3
  },
  "rubric": {
    "essay_grade": "고등_1학년",
    "organization_weight": {
      "org_paragraph": 2,
      "org": 2,
      "org_essay": 4,
      "org_coherence": 2,
      "org_quantity": 1
    },
    "essay_type": "설명글",
    "content_weight": {
      "con_clearance": 4,
      "con_novelty": 3,
      "con": 4,
      "con_prompt": 0,
      "con_description": 1
    },
    "essay_main_subject": "영화/독서감상문",
    "expression_weight": {
      "exp_style": 1,
      "exp_grammar": 2,
      "exp_vocab": 3,
      "exp": 4
    }
  },
  "correction": [],
  "info": {
    "essay_id": "ESSAY_34026",
    "essay_prompt": " 영화에는 로맨스, 액션, 스릴러 등 정말 많은 장르가 있습니다. 사람마다 좋아하는 장르가 있고 절대 보지 않는 장르도 있습니다.\r\n\r\n 독서도 마찬가지입니다. 소설, 수필, 시, 만화, 위인전 등 여러가지 장르가 있습니다.\r\n\r\n 여러분은 어떤 장르를 좋아하나요? 그리고 해당 장르에서 가장 재미있게 봤던 영화나 책은 무엇인가요?\r\n\r\n 자신이 봤던 영화 혹은 책을 한 편 선정하여 주제와 내용 그리고 느낀점을 감상문으로 작성해주세요.",
    "essay_type": "설명글",
    "essay_level": "3",
    "essay_len": 853,
    "essay_main_subject": "영화/독서감상문"
  }
}