{
  "paragraph": [
    {
      "paragraph_txt": "다양한 도움이 견들의 종류를 알려주는 책이다.#@문장구분# 경찰견과 시각장애인 도우미 견만 있는 줄알았는데 생각보다 많은 도우미견 들이 있었다.#@문장구분# 군견과 사냥개등도 다 도우미 견이고 공창탐지 견에 대해서도 더욱 잘 알게 되었다.#@문장구분# 특히 도우미 견중에 시각 장애인 경은 요즘 마트나 식당에서 거부당하는 사건이 발생해서 많이 안타까웠는데 이 책을 읽고나서 생각 해보니 더욱 안타까웠다.#@문장구분# 우리를 도와주기 위해 궃은일도 다 하고 힘든 훈련도 많이 받은 아이들인데 그런 대우를 받는다고 생각하니 화도 났다.#@문장구분# 사람들이 도우미 견의 소중함과 같은 인간이 아니라고 더러워하고 나쁘게 취급하지말고 우리가 못하거나 하기 꺼려하는 힘든일을 대신해주는 친구라고 생각했으면 좋겠다.#@문장구분# 그러기위해 제도적인 측면도 많이 바꾸고 사람들의 인식 개선을 위한 홍보도 많이 했으면 좋겠다.#@문장구분#",
      "paragraph_len": 552,
      "paragraph_id": "001"
    }
  ],
  "score": {
    "paragraph_score": [
      {
        "paragraph_scoreT": [
          2,
          1.5,
          1.3333334
        ],
        "paragraph_scoreT_detail": {
          "paragraph_scoreT_exp": [
            [
              2,
              2,
              2
            ],
            [
              1,
              2,
              1
            ],
            [
              2,
              1,
              1
            ]
          ]
        },
        "paragraph_scoreT_avg": 1.6111112,
        "paragraph_id": "001"
      }
    ],
    "essay_scoreT": [
      19.777779,
      14.444445,
      14.833334
    ],
    "essay_scoreT_avg": 16.351852,
    "essay_scoreT_detail": {
      "essay_scoreT_org": [
        [
          2,
          2,
          2,
          1
        ],
        [
          1,
          1,
          2,
          1
        ],
        [
          1,
          1,
          1,
          1
        ]
      ],
      "essay_scoreT_cont": [
        [
          2,
          2,
          0,
          2
        ],
        [
          2,
          1,
          0,
          1
        ],
        [
          2,
          2,
          0,
          1
        ]
      ],
      "essay_scoreT_exp": [
        [
          2,
          2,
          2
        ],
        [
          1,
          2,
          1
        ],
        [
          2,
          1,
          1
        ]
      ]
    }
  },
  "student": {
    "date": "2021.09.10",
    "student_educated": true,
    "student_grade": "고등_1학년",
    "location": "063",
    "student_grade_group": "고등",
    "student_reading": 1
  },
  "rubric": {
    "essay_grade": "고등_1학년",
    "organization_weight": {
      "org_paragraph": 2,
      "org": 2,
      "org_essay": 4,
      "org_coherence": 2,
      "org_quantity": 1
    },
    "essay_type": "설명글",
    "content_weight": {
      "con_clearance": 4,
      "con_novelty": 3,
      "con": 4,
      "con_prompt": 0,
      "con_description": 1
    },
    "essay_main_subject": "영화/독서감상문",
    "expression_weight": {
      "exp_style": 1,
      "exp_grammar": 2,
      "exp_vocab": 3,
      "exp": 4
    }
  },
  "correction": [],
  "info": {
    "essay_id": "ESSAY_34610",
    "essay_prompt": " 영화에는 로맨스, 액션, 스릴러 등 정말 많은 장르가 있습니다. 사람마다 좋아하는 장르가 있고 절대 보지 않는 장르도 있습니다.\r\n\r\n 독서도 마찬가지입니다. 소설, 수필, 시, 만화, 위인전 등 여러가지 장르가 있습니다.\r\n\r\n 여러분은 어떤 장르를 좋아하나요? 그리고 해당 장르에서 가장 재미있게 봤던 영화나 책은 무엇인가요?\r\n\r\n 자신이 봤던 영화 혹은 책을 한 편 선정하여 주제와 내용 그리고 느낀점을 감상문으로 작성해주세요.",
    "essay_type": "설명글",
    "essay_level": "3",
    "essay_len": 413,
    "essay_main_subject": "영화/독서감상문"
  }
}