{
  "paragraph": [
    {
      "paragraph_txt": "이 책은 학교에서 고전읽기 수업 시간때 읽게 되었던 책입니다.#@문장구분# 코로나바이러스가 유행하면서 이 책도 덩달아 주목을 받게 되었는데 덕분에 주위에서 쉽게 책을 빌려서 읽어보게 되었습니다.#@문장구분# 전염병이라는 존재로 도시가 봉쇄되고 사람이 죽는 것이 흑사병으로 끝날것 같았지만 직접 마주해보니 너무나도 무서웠던 경험이 이 책을 읽고 다시 느끼게 되었습니다.#@문장구분# 이 책의 주인공인 리외는 의사로 페스트에 대해서 열심히 싸우면서 사람들을 살려내고 있습니다.#@문장구분# 무서울텐데 그래도 꿋꿋하게 자신의 직업인 의사로써 사람들을 돕는 모습이 인상깊었습니다. #@문장구분#저도 리외처럼 스스로 나서서 사람들을 도와주는 사람이 되고 싶습니다.#@문장구분# 그래서 리외의 모습이 존경스러웠습니다. #@문장구분#이 책은 전염병에 대해서 사람들이 어떻게 반응하고 어떻게 헤쳐나가는지 보여주는 책입니다.#@문장구분#",
      "paragraph_len": 563,
      "paragraph_id": "001"
    }
  ],
  "score": {
    "paragraph_score": [
      {
        "paragraph_scoreT": [
          3,
          2.3333333,
          2
        ],
        "paragraph_scoreT_detail": {
          "paragraph_scoreT_exp": [
            [
              3,
              3,
              3
            ],
            [
              3,
              2,
              2
            ],
            [
              2,
              2,
              2
            ]
          ]
        },
        "paragraph_scoreT_avg": 2.4444444,
        "paragraph_id": "001"
      }
    ],
    "essay_scoreT": [
      21.277779,
      21.11111,
      17.777779
    ],
    "essay_scoreT_avg": 20.055555,
    "essay_scoreT_detail": {
      "essay_scoreT_org": [
        [
          2,
          2,
          2,
          1
        ],
        [
          2,
          2,
          2,
          1
        ],
        [
          2,
          2,
          2,
          1
        ]
      ],
      "essay_scoreT_cont": [
        [
          1,
          2,
          0,
          1
        ],
        [
          2,
          2,
          0,
          2
        ],
        [
          2,
          1,
          0,
          1
        ]
      ],
      "essay_scoreT_exp": [
        [
          3,
          3,
          3
        ],
        [
          3,
          2,
          2
        ],
        [
          2,
          2,
          2
        ]
      ]
    }
  },
  "student": {
    "date": "2021.09.10",
    "student_educated": true,
    "student_grade": "고등_1학년",
    "location": "063",
    "student_grade_group": "고등",
    "student_reading": 1
  },
  "rubric": {
    "essay_grade": "고등_1학년",
    "organization_weight": {
      "org_paragraph": 2,
      "org": 2,
      "org_essay": 4,
      "org_coherence": 2,
      "org_quantity": 1
    },
    "essay_type": "설명글",
    "content_weight": {
      "con_clearance": 4,
      "con_novelty": 3,
      "con": 4,
      "con_prompt": 0,
      "con_description": 1
    },
    "essay_main_subject": "영화/독서감상문",
    "expression_weight": {
      "exp_style": 1,
      "exp_grammar": 2,
      "exp_vocab": 3,
      "exp": 4
    }
  },
  "correction": [],
  "info": {
    "essay_id": "ESSAY_34258",
    "essay_prompt": " 영화에는 로맨스, 액션, 스릴러 등 정말 많은 장르가 있습니다. 사람마다 좋아하는 장르가 있고 절대 보지 않는 장르도 있습니다.\r\n\r\n 독서도 마찬가지입니다. 소설, 수필, 시, 만화, 위인전 등 여러가지 장르가 있습니다.\r\n\r\n 여러분은 어떤 장르를 좋아하나요? 그리고 해당 장르에서 가장 재미있게 봤던 영화나 책은 무엇인가요?\r\n\r\n 자신이 봤던 영화 혹은 책을 한 편 선정하여 주제와 내용 그리고 느낀점을 감상문으로 작성해주세요.",
    "essay_type": "설명글",
    "essay_level": "3",
    "essay_len": 404,
    "essay_main_subject": "영화/독서감상문"
  }
}