{
  "paragraph": [
    {
      "paragraph_txt": "이책은 스포츠의 안전에 관한 책이다.#@문장구분# 모든 스포츠는 위험속에 있다.#@문장구분# 스포츠는 안전하게 하려해도 인간은 스포츠를 하면 흥분을 하게되어있다.#@문장구분# 흥분한 인간이 자칫 실수라도 하면 여럿이 다치게 된다.#@문장구분# 축구나 하키 그리고 보드 자전거나 농구 이런종목의 운동은 다치기쉽다.#@문장구분# 그래서 보호대를 착용해야 한다.#@문장구분# 그런데 인간은 답답해 해서 착용을 안한다#@문장구분#. 그래서 항상 부상이 따른다.#@문장구분# 나혼자 조심해야 할게 아니라 다같이 조심해야 한다.#@문장구분# 다치는건 한순간 이다.#@문장구분# 회복하는건 몇달 몇년이 걸릴수 있다.#@문장구분# 나의 실수때문에 다른사람의 인생을 망칠수있다는걸 알아야 한다.#@문장구분# 이책을 읽고 세상은 나혼자가 아니라 여러사람들과 양보하고 배려하면서 살아야 한다는걸 또다시 깨닫게 되었다.#@문장구분#",
      "paragraph_len": 622,
      "paragraph_id": "001"
    }
  ],
  "score": {
    "paragraph_score": [
      {
        "paragraph_scoreT": [
          2,
          2.8333333,
          1.8333334
        ],
        "paragraph_scoreT_detail": {
          "paragraph_scoreT_exp": [
            [
              2,
              2,
              2
            ],
            [
              3,
              3,
              2
            ],
            [
              2,
              2,
              1
            ]
          ]
        },
        "paragraph_scoreT_avg": 2.222222,
        "paragraph_id": "001"
      }
    ],
    "essay_scoreT": [
      19.777779,
      23.555555,
      17.61111
    ],
    "essay_scoreT_avg": 20.314816,
    "essay_scoreT_detail": {
      "essay_scoreT_org": [
        [
          2,
          2,
          2,
          1
        ],
        [
          2,
          2,
          3,
          1
        ],
        [
          2,
          2,
          2,
          1
        ]
      ],
      "essay_scoreT_cont": [
        [
          2,
          2,
          0,
          2
        ],
        [
          2,
          2,
          0,
          2
        ],
        [
          2,
          1,
          0,
          2
        ]
      ],
      "essay_scoreT_exp": [
        [
          2,
          2,
          2
        ],
        [
          3,
          3,
          2
        ],
        [
          2,
          2,
          1
        ]
      ]
    }
  },
  "student": {
    "date": "2021.09.13",
    "student_educated": true,
    "student_grade": "고등_1학년",
    "location": "063",
    "student_grade_group": "고등",
    "student_reading": 1
  },
  "rubric": {
    "essay_grade": "고등_1학년",
    "organization_weight": {
      "org_paragraph": 2,
      "org": 2,
      "org_essay": 4,
      "org_coherence": 2,
      "org_quantity": 1
    },
    "essay_type": "설명글",
    "content_weight": {
      "con_clearance": 4,
      "con_novelty": 3,
      "con": 4,
      "con_prompt": 0,
      "con_description": 1
    },
    "essay_main_subject": "영화/독서감상문",
    "expression_weight": {
      "exp_style": 1,
      "exp_grammar": 2,
      "exp_vocab": 3,
      "exp": 4
    }
  },
  "correction": [],
  "info": {
    "essay_id": "ESSAY_34437",
    "essay_prompt": " 영화에는 로맨스, 액션, 스릴러 등 정말 많은 장르가 있습니다. 사람마다 좋아하는 장르가 있고 절대 보지 않는 장르도 있습니다.\r\n\r\n 독서도 마찬가지입니다. 소설, 수필, 시, 만화, 위인전 등 여러가지 장르가 있습니다.\r\n\r\n 여러분은 어떤 장르를 좋아하나요? 그리고 해당 장르에서 가장 재미있게 봤던 영화나 책은 무엇인가요?\r\n\r\n 자신이 봤던 영화 혹은 책을 한 편 선정하여 주제와 내용 그리고 느낀점을 감상문으로 작성해주세요.",
    "essay_type": "설명글",
    "essay_level": "3",
    "essay_len": 362,
    "essay_main_subject": "영화/독서감상문"
  }
}