{
  "paragraph": [
    {
      "paragraph_txt": "저번주 주말에 넷플릭스에서 보고 싶은 영화를 찾다가 지브리스튜디오의 마루 밑 아리에티라는 영화를 보게 되었다.#@문장구분# \n마루 밑 아리에티라는 영화는 오래된 저택의 마루 밑에서 인간들의 물건을 몰래 빌려쓰며 살아가는 소인들이 등장하고 이들은 인간에게 정체를 들키면 그 집을 떠나야 한다는 규칙이 가지고 있었다.#@문장구분# 하지만 아리에티는 물건을 빌리는 사이 심장병으로 저택에 잠시 요양하러 온 쇼우라는 남자아이에게 정체를 들키게 된다.#@문장구분# 그래서 아리에티와 아리에티의 가족들은 이사 갈 준비를 하게 된다.#@문장구분# 이사를 준비하는 과정에서 아리에티와 다시 만나게 된 쇼우가 아리에티를 잘 대해주자 아리에티는 적대시했던 쇼우에게 마음을 열게 된다.#@문장구분# 하지만 결국 아리에티의 가족들은 규칙대로 저택을 떠나 다른 곳으로 이사를 가게 되어 쇼우와 아리에티는 헤어지게 되는 내용이다.#@문장구분#\n초반엔 주인공이자 몸이 10cm정도로 작은 소인 아리에티와 아리에티의 가족들이 인간들의 집 아래에서 인간들의 물건들을 빌려가며 살아가는 모습이 마냥 흥미로웠었다.#@문장구분# 또 인간들의 물건을 빌리기 위해 아리에티와 아리에티의 아빠가 인간에게 들키지 않고 몰래 인간의 집에 들어가는 장면에서 소인인 아리에티의 시선에서 우리가 사용하는 부엌이나 방들을 보니 새로웠다.#@문장구분# 그리고 아리에티가 저택 바닥에 떨어져있는 옷핀을 무기삼아 가지고 다니고 아빠와 함께 각설탕 하나와 휴지 한장을 꺼내가는 장면에서 나한테는 별거 아닌 것 같아 보이는 물건들도 알뜰하게 잘 챙겨가는 모습이 재밌었다.#@문장구분# 이 저택에는 인형의 집이 하나 있었는데 쇼우할머니의 아버지가 이 저택에 살 때 우연히 소인들을 보게 되었고 이 소인들을 위해 멀리서 주문제작한 특별한 인형의 집이였다.#@문장구분# 이 인형의 집을 보면서 쇼우의 가족들이 소인을 소중하게 생각하는 마음이 보기 좋았었다.#@문장구분#\n영화에서 쇼우는 심장이 좋지 않아 저택에서 잠시 지내다 심장수술을 하는 것으로 나와있는데 쇼우는 이 수술이 실패하고 자신이 살지 못할 것이라고 생각하고 있었다.#@문장구분# 또한 영화 중간에 쇼우가 아리에티에게 소인은 결국 사라질 것이다 라는 말도 아무렇지 않게 내뱉었었다.#@문장구분# 하지만 아리에티와 아리에티의 가족들을 통해 살아갈 용기를 얻게 되는데 이런 쇼우의 변화가 잘 나타나서 좋았다.#@문장구분# 또한 아리에티가 자신이 인간에게 정체를 들켜 가족 모두가 다른 곳으로 이사를 가야하는 상황이 되자 자신이 직접 정체를 들켰던 쇼우에게 찾아가는 등 스스로 문제를 해결하고자 하는데 이때도 그런 아리에티가 정말 대단하게 느껴졌고 이런 점을 배우고 싶었다.#@문장구분#\n또 나는 마지막엔 아리에티의 가족들이 이사를 가지 않고 저택의 인형의 집에서 쇼우와 함께 살아가면서 영화가 끝나길 바랬었는데 규칙대로 저택을 떠나면서 영화가 끝이 나서 아쉬웠었다.#@문장구분# 기대 이상으로 재밌게 봐서 다른 친구들한테도 이 영화를 추천해주고 싶다.#@문장구분#",
      "paragraph_len": 1708,
      "paragraph_id": "001"
    }
  ],
  "score": {
    "paragraph_score": [
      {
        "paragraph_scoreT": [
          3,
          3,
          2
        ],
        "paragraph_scoreT_detail": {
          "paragraph_scoreT_exp": [
            [
              3,
              3,
              3
            ],
            [
              3,
              3,
              3
            ],
            [
              2,
              2,
              2
            ]
          ]
        },
        "paragraph_scoreT_avg": 2.6666667,
        "paragraph_id": "001"
      }
    ],
    "essay_scoreT": [
      30,
      29.11111,
      24.5
    ],
    "essay_scoreT_avg": 27.87037,
    "essay_scoreT_detail": {
      "essay_scoreT_org": [
        [
          3,
          3,
          3,
          3
        ],
        [
          2,
          3,
          3,
          3
        ],
        [
          3,
          3,
          3,
          3
        ]
      ],
      "essay_scoreT_cont": [
        [
          3,
          3,
          0,
          3
        ],
        [
          3,
          3,
          0,
          3
        ],
        [
          3,
          2,
          0,
          3
        ]
      ],
      "essay_scoreT_exp": [
        [
          3,
          3,
          3
        ],
        [
          3,
          3,
          3
        ],
        [
          2,
          2,
          2
        ]
      ]
    }
  },
  "student": {
    "date": "2021.09.13",
    "student_educated": true,
    "student_grade": "고등_1학년",
    "location": "051",
    "student_grade_group": "고등",
    "student_reading": 3
  },
  "rubric": {
    "essay_grade": "고등_1학년",
    "organization_weight": {
      "org_paragraph": 2,
      "org": 2,
      "org_essay": 4,
      "org_coherence": 2,
      "org_quantity": 1
    },
    "essay_type": "설명글",
    "content_weight": {
      "con_clearance": 4,
      "con_novelty": 3,
      "con": 4,
      "con_prompt": 0,
      "con_description": 1
    },
    "essay_main_subject": "영화/독서감상문",
    "expression_weight": {
      "exp_style": 1,
      "exp_grammar": 2,
      "exp_vocab": 3,
      "exp": 4
    }
  },
  "correction": [],
  "info": {
    "essay_id": "ESSAY_34148",
    "essay_prompt": " 영화에는 로맨스, 액션, 스릴러 등 정말 많은 장르가 있습니다. 사람마다 좋아하는 장르가 있고 절대 보지 않는 장르도 있습니다.\r\n\r\n 독서도 마찬가지입니다. 소설, 수필, 시, 만화, 위인전 등 여러가지 장르가 있습니다.\r\n\r\n 여러분은 어떤 장르를 좋아하나요? 그리고 해당 장르에서 가장 재미있게 봤던 영화나 책은 무엇인가요?\r\n\r\n 자신이 봤던 영화 혹은 책을 한 편 선정하여 주제와 내용 그리고 느낀점을 감상문으로 작성해주세요.",
    "essay_type": "설명글",
    "essay_level": "3",
    "essay_len": 1370,
    "essay_main_subject": "영화/독서감상문"
  }
}