{
  "paragraph": [
    {
      "paragraph_txt": "이 소설은 학교에서 읽게되었다. #@문장구분#\n이 작품에는 주인공과 그의 아내와 임씨가 나온다.#@문장구분# \n주인공과 아내는 이사를 하고 집공사로 임씨를 불러 집을 공사하게된다.#@문장구분# 공사가 끝나고 임씨는 아내에게 공임을 부르는데 아내는 혹시 견적을 크게부르지 않을까 걱정했는데 임씨는 오히려 공임을 낮추고 정직하게 계산한다.#@문장구분# \n그와 그의 아내는 오히려 당황하고 자신들의 오해가 있을을 깨닫는다.#@문장구분# 겨울엔 연탄배달을 하며 여름에는 잡일을하는 임씨는 막노동꾼이다.#@문장구분# 그와 임씨가 동네슈퍼에서 술을 마시다 임씨가 돈을 떼여 비오는날이면 가리봉동으로 가는 사실을 알아냈고 임씨는 한탄을 한다. #@문장구분#이런 모습을 본 그는 임씨를 동정하고 자신을 다시돌아보는 계기가 되었다.#@문장구분# \n이 작품은 선입견으로 인해 사람을 오해하게된 이들을 나타내며 자신을 깨우치고 타인과 함께살아가며 이웃의 소중함이 무엇인지 알려준다.#@문장구분#",
      "paragraph_len": 606,
      "paragraph_id": "001"
    }
  ],
  "score": {
    "paragraph_score": [
      {
        "paragraph_scoreT": [
          1.3333334,
          2,
          1.8333334
        ],
        "paragraph_scoreT_detail": {
          "paragraph_scoreT_exp": [
            [
              2,
              1,
              1
            ],
            [
              2,
              2,
              2
            ],
            [
              2,
              2,
              1
            ]
          ]
        },
        "paragraph_scoreT_avg": 1.7222223,
        "paragraph_id": "001"
      }
    ],
    "essay_scoreT": [
      14.611111,
      20,
      21.333334
    ],
    "essay_scoreT_avg": 18.648148,
    "essay_scoreT_detail": {
      "essay_scoreT_org": [
        [
          1,
          1,
          1,
          0
        ],
        [
          2,
          2,
          2,
          2
        ],
        [
          2,
          2,
          2,
          2
        ]
      ],
      "essay_scoreT_cont": [
        [
          2,
          2,
          0,
          1
        ],
        [
          2,
          2,
          0,
          2
        ],
        [
          3,
          2,
          0,
          2
        ]
      ],
      "essay_scoreT_exp": [
        [
          2,
          1,
          1
        ],
        [
          2,
          2,
          2
        ],
        [
          2,
          2,
          1
        ]
      ]
    }
  },
  "student": {
    "date": "2021.09.07",
    "student_educated": true,
    "student_grade": "고등_1학년",
    "location": "051",
    "student_grade_group": "고등",
    "student_reading": 1
  },
  "rubric": {
    "essay_grade": "고등_1학년",
    "organization_weight": {
      "org_paragraph": 2,
      "org": 2,
      "org_essay": 4,
      "org_coherence": 2,
      "org_quantity": 1
    },
    "essay_type": "설명글",
    "content_weight": {
      "con_clearance": 4,
      "con_novelty": 3,
      "con": 4,
      "con_prompt": 0,
      "con_description": 1
    },
    "essay_main_subject": "영화/독서감상문",
    "expression_weight": {
      "exp_style": 1,
      "exp_grammar": 2,
      "exp_vocab": 3,
      "exp": 4
    }
  },
  "correction": [],
  "info": {
    "essay_id": "ESSAY_34510",
    "essay_prompt": " 영화에는 로맨스, 액션, 스릴러 등 정말 많은 장르가 있습니다. 사람마다 좋아하는 장르가 있고 절대 보지 않는 장르도 있습니다.\r\n\r\n 독서도 마찬가지입니다. 소설, 수필, 시, 만화, 위인전 등 여러가지 장르가 있습니다.\r\n\r\n 여러분은 어떤 장르를 좋아하나요? 그리고 해당 장르에서 가장 재미있게 봤던 영화나 책은 무엇인가요?\r\n\r\n 자신이 봤던 영화 혹은 책을 한 편 선정하여 주제와 내용 그리고 느낀점을 감상문으로 작성해주세요.",
    "essay_type": "설명글",
    "essay_level": "3",
    "essay_len": 426,
    "essay_main_subject": "영화/독서감상문"
  }
}