{
  "paragraph": [
    {
      "paragraph_txt": "나는 예전에 본 영화 <sing>에 대한 감상문을 적어보려고 한다. 영화 <sing>에서, 망해가는 극장인 문 극장을 살리기 위해 코알라인 버스터 문이 대국민 오디션을 개최한다. 하지만 한순간의 실수로 상금이 1000달러(약 100만원)에서 10만달러(약 1억)으로 바뀌게 되고 이로 인해서 아주아주 많은 동물들이 오디션을 보러 온다. 그 중에는 25남매를 키우고 있는 돼지엄마 로지타, 남자친구와 록스타를 꿈꾸는 고슴도치 애쉬, 범죄자 아버지를 둔 고릴라 조니, 무대 공포증을 갖고 있는 코끼리 미나, 오직 상금이 목적인 생쥐 마이크가 모두 꿈을 위해 무대에 오른다. 내가 이 영화를 좋아하는 이유는 바로 모든 캐릭터 하나하나가 각자의 스토리를 갖고 매력이 넘치기 때문이다. 노래와 춤을 좋아하지만 육아로 인해 지친 로지타와 남자친구와의 불협으로 인한 갈등이 심한 애쉬, 범죄자 아버지에게 자신의 가수로서의 꿈을 이야기하지 못하는 조니와 음색이 정말 매력적이지만 남들 앞에서 노래를 해 본적이 없는 미나, 명문대 음대를 나왔지만 성격이 좋지 못한 마이크가 하나하나 톡톡 튀면서도 서로 잘 섞여들어 영화를 빛냈다. 특히 조니가 노래를 부를 때에 교도소에 있는 아빠가 TV를 보고 뛰쳐나와서 조니에게 사과하러 가는 장면은 정말 눈물이 날 뻔 했다. 물론 어려운 부분도 모두 있었지만 자신의 꿈을 위해 모두 포기하지 않았고 결국 무대를 빛내고 문 극장을 지킬 수 있었다. 나는 지금까지 여러 영화를 봤지만 이렇게 영화 캐릭터들이 톡톡 튀는 영화를 본 적이 없는 것 같다. 이번에 <sing2>가 나온다는데 꼭 한번 보고 싶다.\n\t\t\t\t\t\n\t\t\t\t\t\n\t\t\t\t</sing2></sing></sing>",
      "paragraph_len": 835,
      "paragraph_id": "001"
    }
  ],
  "score": {
    "paragraph_score": [
      {
        "paragraph_scoreT": [
          3,
          2.8333333,
          2.3333333
        ],
        "paragraph_scoreT_detail": {
          "paragraph_scoreT_exp": [
            [
              3,
              3,
              3
            ],
            [
              3,
              3,
              2
            ],
            [
              2,
              3,
              1
            ]
          ]
        },
        "paragraph_scoreT_avg": 2.722222,
        "paragraph_id": "001"
      }
    ],
    "essay_scoreT": [
      26,
      27.11111,
      19.61111
    ],
    "essay_scoreT_avg": 24.24074,
    "essay_scoreT_detail": {
      "essay_scoreT_org": [
        [
          3,
          3,
          3,
          3
        ],
        [
          3,
          3,
          3,
          2
        ],
        [
          2,
          2,
          2,
          1
        ]
      ],
      "essay_scoreT_cont": [
        [
          2,
          2,
          0,
          2
        ],
        [
          3,
          2,
          0,
          2
        ],
        [
          2,
          1,
          0,
          2
        ]
      ],
      "essay_scoreT_exp": [
        [
          3,
          3,
          3
        ],
        [
          3,
          3,
          2
        ],
        [
          2,
          3,
          1
        ]
      ]
    }
  },
  "student": {
    "date": "2021.08.15",
    "student_educated": true,
    "student_grade": "고등_1학년",
    "location": "051",
    "student_grade_group": "고등",
    "student_reading": 2
  },
  "rubric": {
    "essay_grade": "고등_1학년",
    "organization_weight": {
      "org_paragraph": 2,
      "org": 2,
      "org_essay": 4,
      "org_coherence": 2,
      "org_quantity": 1
    },
    "essay_type": "설명글",
    "content_weight": {
      "con_clearance": 4,
      "con_novelty": 3,
      "con": 4,
      "con_prompt": 0,
      "con_description": 1
    },
    "essay_main_subject": "영화/독서감상문",
    "expression_weight": {
      "exp_style": 1,
      "exp_grammar": 2,
      "exp_vocab": 3,
      "exp": 4
    }
  },
  "correction": [],
  "info": {
    "essay_id": "ESSAY_34061",
    "essay_prompt": " 영화에는 로맨스, 액션, 스릴러 등 정말 많은 장르가 있습니다. 사람마다 좋아하는 장르가 있고 절대 보지 않는 장르도 있습니다.\r\n\r\n 독서도 마찬가지입니다. 소설, 수필, 시, 만화, 위인전 등 여러가지 장르가 있습니다.\r\n\r\n 여러분은 어떤 장르를 좋아하나요? 그리고 해당 장르에서 가장 재미있게 봤던 영화나 책은 무엇인가요?\r\n\r\n 자신이 봤던 영화 혹은 책을 한 편 선정하여 주제와 내용 그리고 느낀점을 감상문으로 작성해주세요.",
    "essay_type": "설명글",
    "essay_level": "3",
    "essay_len": 797,
    "essay_main_subject": "영화/독서감상문"
  }
}