{
  "paragraph": [
    {
      "paragraph_txt": "나는 '미움 받을 용기' 라는 책을 읽고 책 안에 너무 좋은 글과 유식한 지식이 많아서 책을 읽으면서 내 삶을 뒤돌아 보는 계기가 된 거 같다.#@문장구분# 이 책에서 기억나는 글을 써 볼 것이다.#@문장구분# 너무 많지만...#@문장구분#<br/>인간은 변할 수 있다,#@문장구분# 세계는 단순하다,#@문장구분# 누구나 행복해질 수 있다.#@문장구분# \"자네가 불행한 것은 과거의 환경 탓이 아니네.#@문장구분# 그렇다고 능력이 부족해서도 아니고.#@문장구분# 자네에게는 그저 '용기'가 부족한 것 뿐이야.\"#@문장구분# 모든 고민은 인간관계에서 비롯된다.#@문장구분# 타인의 기대 같은 것은 만족시킬 필요가 없다.#@문장구분#\" 나는 이 책을 읽고 많은 행동과 생각이 달라졌다.#@문장구분# '미움 받을 용기'라는 책은 보물이다.#@문장구분# 보면 볼수록 좋은 말들이 나온다.\"#@문장구분# 누구도 내 과제에 개입시키지 말고, 나도 타인의 과제에 개입하지 않는다.#@문장구분# \"You have to have the courage to be hated to be happy.#@문장구분#",
      "paragraph_len": 768,
      "paragraph_id": "001"
    }
  ],
  "score": {
    "paragraph_score": [
      {
        "paragraph_scoreT": [
          3,
          2,
          1.8333334
        ],
        "paragraph_scoreT_detail": {
          "paragraph_scoreT_exp": [
            [
              3,
              3,
              3
            ],
            [
              2,
              2,
              2
            ],
            [
              2,
              2,
              1
            ]
          ]
        },
        "paragraph_scoreT_avg": 2.277778,
        "paragraph_id": "001"
      }
    ],
    "essay_scoreT": [
      29.055555,
      18.5,
      15.333334
    ],
    "essay_scoreT_avg": 20.962965,
    "essay_scoreT_detail": {
      "essay_scoreT_org": [
        [
          3,
          3,
          3,
          1
        ],
        [
          2,
          2,
          2,
          2
        ],
        [
          1,
          1,
          1,
          1
        ]
      ],
      "essay_scoreT_cont": [
        [
          3,
          3,
          0,
          2
        ],
        [
          2,
          1,
          0,
          2
        ],
        [
          2,
          1,
          0,
          1
        ]
      ],
      "essay_scoreT_exp": [
        [
          3,
          3,
          3
        ],
        [
          2,
          2,
          2
        ],
        [
          2,
          2,
          1
        ]
      ]
    }
  },
  "student": {
    "date": "2021.09.10",
    "student_educated": true,
    "student_grade": "고등_1학년",
    "location": "063",
    "student_grade_group": "고등",
    "student_reading": 2
  },
  "rubric": {
    "essay_grade": "고등_1학년",
    "organization_weight": {
      "org_paragraph": 2,
      "org": 2,
      "org_essay": 4,
      "org_coherence": 2,
      "org_quantity": 1
    },
    "essay_type": "설명글",
    "content_weight": {
      "con_clearance": 4,
      "con_novelty": 3,
      "con": 4,
      "con_prompt": 0,
      "con_description": 1
    },
    "essay_main_subject": "영화/독서감상문",
    "expression_weight": {
      "exp_style": 1,
      "exp_grammar": 2,
      "exp_vocab": 3,
      "exp": 4
    }
  },
  "correction": [],
  "info": {
    "essay_id": "ESSAY_34654",
    "essay_prompt": " 영화에는 로맨스, 액션, 스릴러 등 정말 많은 장르가 있습니다. 사람마다 좋아하는 장르가 있고 절대 보지 않는 장르도 있습니다.\r\n\r\n 독서도 마찬가지입니다. 소설, 수필, 시, 만화, 위인전 등 여러가지 장르가 있습니다.\r\n\r\n 여러분은 어떤 장르를 좋아하나요? 그리고 해당 장르에서 가장 재미있게 봤던 영화나 책은 무엇인가요?\r\n\r\n 자신이 봤던 영화 혹은 책을 한 편 선정하여 주제와 내용 그리고 느낀점을 감상문으로 작성해주세요.",
    "essay_type": "설명글",
    "essay_level": "3",
    "essay_len": 440,
    "essay_main_subject": "영화/독서감상문"
  }
}