{
  "paragraph": [
    {
      "paragraph_txt": "이 책을 읽게 된 동기는 책 제목이 눈에 띄어서도 있지만 '돈'에 대해서 어떤 내용이 있을까 궁금해서였다.#@문장구분# 이 책은 제목처럼 청소년에게 돈에 대한 중요성, 역사, 사용 방법 등을 말해주는 책이다.#@문장구분# 이 채에 있는 내용 중 가장 인상적이었던 내용은 '돈이 많으면 행복할까?라는 주제였다.#@문장구분# 먼저 우리나라의 행복지수는 전 세계 57위이다.#@문장구분# 이 순위는 매년 순위가 떨어지고 있다고 한다.#@문장구분# 그리고 얼마전 통계청에서도 국민들의 삶에 대해 얼마나 만족하는지 표본 조사를 벌였는데 내용 중에는 한 달에 버는 돈의 양이 삶의 만족도에 얼마나 영향을 끼치는지 알아보는 질문도 포함되었다.#@문장구분# 조사 결과는 예상한 대로 월평균 소득이 높을수록 삶에 대한만족도 점수가 높은 것으로 나타났다.#@문장구분# 이것의 의미는 「사람들이 행복하려면 살아가기에 부족하지 않을 만큼의 돈이 필요하다」는 뜻이다.#@문장구분# 나는 이 내용을 보고 사람들의 행복지수는 떨어지고 있지만 행복을 위해선 최소한의 돈이 필요하구나라고 생각했다.#@문장구분# 나는 이 책을 보고 돈의 가치, 종류, 중요성에 대해 인식할 수 있었다.#@문장구분# 이 책을 경제에 관심있어하는 친구들에게 추천하고 싶다.#@문장구분#",
      "paragraph_len": 777,
      "paragraph_id": "001"
    }
  ],
  "score": {
    "paragraph_score": [
      {
        "paragraph_scoreT": [
          3,
          3,
          2
        ],
        "paragraph_scoreT_detail": {
          "paragraph_scoreT_exp": [
            [
              3,
              3,
              3
            ],
            [
              3,
              3,
              3
            ],
            [
              2,
              2,
              2
            ]
          ]
        },
        "paragraph_scoreT_avg": 2.6666667,
        "paragraph_id": "001"
      }
    ],
    "essay_scoreT": [
      30,
      26.666666,
      19.277779
    ],
    "essay_scoreT_avg": 25.314814,
    "essay_scoreT_detail": {
      "essay_scoreT_org": [
        [
          3,
          3,
          3,
          3
        ],
        [
          2,
          3,
          3,
          1
        ],
        [
          2,
          2,
          2,
          1
        ]
      ],
      "essay_scoreT_cont": [
        [
          3,
          3,
          0,
          3
        ],
        [
          3,
          2,
          0,
          2
        ],
        [
          2,
          2,
          0,
          1
        ]
      ],
      "essay_scoreT_exp": [
        [
          3,
          3,
          3
        ],
        [
          3,
          3,
          3
        ],
        [
          2,
          2,
          2
        ]
      ]
    }
  },
  "student": {
    "date": "2021.09.07",
    "student_educated": true,
    "student_grade": "고등_1학년",
    "location": "051",
    "student_grade_group": "고등",
    "student_reading": 2
  },
  "rubric": {
    "essay_grade": "고등_1학년",
    "organization_weight": {
      "org_paragraph": 2,
      "org": 2,
      "org_essay": 4,
      "org_coherence": 2,
      "org_quantity": 1
    },
    "essay_type": "설명글",
    "content_weight": {
      "con_clearance": 4,
      "con_novelty": 3,
      "con": 4,
      "con_prompt": 0,
      "con_description": 1
    },
    "essay_main_subject": "영화/독서감상문",
    "expression_weight": {
      "exp_style": 1,
      "exp_grammar": 2,
      "exp_vocab": 3,
      "exp": 4
    }
  },
  "correction": [],
  "info": {
    "essay_id": "ESSAY_34175",
    "essay_prompt": " 영화에는 로맨스, 액션, 스릴러 등 정말 많은 장르가 있습니다. 사람마다 좋아하는 장르가 있고 절대 보지 않는 장르도 있습니다.\r\n\r\n 독서도 마찬가지입니다. 소설, 수필, 시, 만화, 위인전 등 여러가지 장르가 있습니다.\r\n\r\n 여러분은 어떤 장르를 좋아하나요? 그리고 해당 장르에서 가장 재미있게 봤던 영화나 책은 무엇인가요?\r\n\r\n 자신이 봤던 영화 혹은 책을 한 편 선정하여 주제와 내용 그리고 느낀점을 감상문으로 작성해주세요.",
    "essay_type": "설명글",
    "essay_level": "3",
    "essay_len": 559,
    "essay_main_subject": "영화/독서감상문"
  }
}