{
  "paragraph": [
    {
      "paragraph_txt": "남극에는 펭귄이 살고 있다.#@문장구분#펭귄에도 여러가지 종류가 있는데 이 책에서는 그런 남극에 살고 있는 펭 귄의 종류에 대해서 소개하고 있다.#@문장구분#우리는 펭귄에 대해 잘알고 있다고 생각할 수 있지만 그렇지 않다.#@문장구분# 펭귄의 깃털이 매우 유해서 헤엄치기 용이하다.#@문장구분#또 펭귄은 암컷이 알을 낳으면 수컷이 다리 사이에 알 을 품고 암컷이 사냥을 나간다.#@문장구분#펭귄이 스트레스가 극에 달하면 자기 스스로 자기 자신의 알을 깨부순 다.#@문장구분#또 펭귄의 종류도 다양하게 나오는데 그중에 우리가 제일 많이 들어본 황제펭귄도 나오고 부리가 노랑색인 펭귄과 펭귄 이외에도 다양한 남극의 사는 새들을 소개하고 있다#@문장구분# 남극에 사는 갈매기와 눈 새를 소개하고 그들의 서식지도 소개하며 자갈같은 자잘한 돌맹이들로 둥지를 만들고 새끼를 그안에 서 생활한다.#@문장구분#또 못나는 새도 나온다.#@문장구분#못나는 새는 못나는 대신 다리가 튼튼하다.#@문장구분#",
      "paragraph_len": 625,
      "paragraph_id": "001"
    }
  ],
  "score": {
    "paragraph_score": [
      {
        "paragraph_scoreT": [
          2.6666667,
          1.8333334,
          1.8333334
        ],
        "paragraph_scoreT_detail": {
          "paragraph_scoreT_exp": [
            [
              2,
              3,
              3
            ],
            [
              2,
              2,
              1
            ],
            [
              2,
              2,
              1
            ]
          ]
        },
        "paragraph_scoreT_avg": 2.1111112,
        "paragraph_id": "001"
      }
    ],
    "essay_scoreT": [
      20.944445,
      17.833334,
      19.055555
    ],
    "essay_scoreT_avg": 19.277779,
    "essay_scoreT_detail": {
      "essay_scoreT_org": [
        [
          2,
          2,
          2,
          1
        ],
        [
          2,
          2,
          2,
          2
        ],
        [
          1,
          1,
          1,
          2
        ]
      ],
      "essay_scoreT_cont": [
        [
          2,
          1,
          0,
          2
        ],
        [
          2,
          1,
          0,
          2
        ],
        [
          3,
          2,
          0,
          1
        ]
      ],
      "essay_scoreT_exp": [
        [
          2,
          3,
          3
        ],
        [
          2,
          2,
          1
        ],
        [
          2,
          2,
          1
        ]
      ]
    }
  },
  "student": {
    "date": "2021.09.07",
    "student_educated": true,
    "student_grade": "고등_1학년",
    "location": "063",
    "student_grade_group": "고등",
    "student_reading": 1
  },
  "rubric": {
    "essay_grade": "고등_1학년",
    "organization_weight": {
      "org_paragraph": 2,
      "org": 2,
      "org_essay": 4,
      "org_coherence": 2,
      "org_quantity": 1
    },
    "essay_type": "설명글",
    "content_weight": {
      "con_clearance": 4,
      "con_novelty": 3,
      "con": 4,
      "con_prompt": 0,
      "con_description": 1
    },
    "essay_main_subject": "영화/독서감상문",
    "expression_weight": {
      "exp_style": 1,
      "exp_grammar": 2,
      "exp_vocab": 3,
      "exp": 4
    }
  },
  "correction": [],
  "info": {
    "essay_id": "ESSAY_34537",
    "essay_prompt": " 영화에는 로맨스, 액션, 스릴러 등 정말 많은 장르가 있습니다. 사람마다 좋아하는 장르가 있고 절대 보지 않는 장르도 있습니다.\r\n\r\n 독서도 마찬가지입니다. 소설, 수필, 시, 만화, 위인전 등 여러가지 장르가 있습니다.\r\n\r\n 여러분은 어떤 장르를 좋아하나요? 그리고 해당 장르에서 가장 재미있게 봤던 영화나 책은 무엇인가요?\r\n\r\n 자신이 봤던 영화 혹은 책을 한 편 선정하여 주제와 내용 그리고 느낀점을 감상문으로 작성해주세요.",
    "essay_type": "설명글",
    "essay_level": "3",
    "essay_len": 425,
    "essay_main_subject": "영화/독서감상문"
  }
}