{
  "paragraph": [
    {
      "paragraph_txt": "나는 학교에서 이 책을 읽으라고 나눠주어서 책을 읽어보게 되었다.#@문장구분# 이 책에는 다양한 미래의 직업과 생활모습에 대해서 나와있었다.#@문장구분# 내가 인상깊게 읽은 부분은 핀테크에 관련된 부문이다.#@문장구분# 핀테크란 쉽게 말해 기술 금융이라고 할수있다.#@문장구분# 기술을 뜻하는 테크놀로지와 금융을 뜻하는 파이넨쓰의 합성어이다.#@문장구분# 핀테크가 등장함에 따라 은행은 줄어들것이고 은행의 상담원도 필요없게 될것이고 크게는 현금도 더 이상 필요하지 않는 시대가 멀지않아 올것이라고한다.#@문장구분# 요즘만 하더라도 굳이 은행을 가지않더라도 휴대폰으로 돈을 이체할수 있다.#@문장구분# 하지만 이런 우리나라도 핀테크의 수준이 유럽 미국 중국이 대학생이라고 하면 중학생 수준밖에 안된다고한다.#@문장구분# 핀테크의 발달 가능성은 무궁무진하고 미래의 금융시장은 더욱 크게 변화할것이라고 생각한다.#@문장구분# 이 책을 4차산업혁명에 관심이 있는 친구들에게 추천 하고싶다.#@문장구분#",
      "paragraph_len": 630,
      "paragraph_id": "001"
    }
  ],
  "score": {
    "paragraph_score": [
      {
        "paragraph_scoreT": [
          2.6666667,
          1.8333334,
          2
        ],
        "paragraph_scoreT_detail": {
          "paragraph_scoreT_exp": [
            [
              2,
              3,
              3
            ],
            [
              2,
              2,
              1
            ],
            [
              2,
              2,
              2
            ]
          ]
        },
        "paragraph_scoreT_avg": 2.1666667,
        "paragraph_id": "001"
      }
    ],
    "essay_scoreT": [
      28.444445,
      19.333334,
      21.777779
    ],
    "essay_scoreT_avg": 23.185186,
    "essay_scoreT_detail": {
      "essay_scoreT_org": [
        [
          3,
          3,
          3,
          2
        ],
        [
          2,
          2,
          2,
          2
        ],
        [
          2,
          2,
          2,
          1
        ]
      ],
      "essay_scoreT_cont": [
        [
          3,
          3,
          0,
          3
        ],
        [
          2,
          2,
          0,
          2
        ],
        [
          3,
          2,
          0,
          2
        ]
      ],
      "essay_scoreT_exp": [
        [
          2,
          3,
          3
        ],
        [
          2,
          2,
          1
        ],
        [
          2,
          2,
          2
        ]
      ]
    }
  },
  "student": {
    "date": "2021.09.07",
    "student_educated": true,
    "student_grade": "고등_1학년",
    "location": "063",
    "student_grade_group": "고등",
    "student_reading": 2
  },
  "rubric": {
    "essay_grade": "고등_1학년",
    "organization_weight": {
      "org_paragraph": 2,
      "org": 2,
      "org_essay": 4,
      "org_coherence": 2,
      "org_quantity": 1
    },
    "essay_type": "설명글",
    "content_weight": {
      "con_clearance": 4,
      "con_novelty": 3,
      "con": 4,
      "con_prompt": 0,
      "con_description": 1
    },
    "essay_main_subject": "영화/독서감상문",
    "expression_weight": {
      "exp_style": 1,
      "exp_grammar": 2,
      "exp_vocab": 3,
      "exp": 4
    }
  },
  "correction": [],
  "info": {
    "essay_id": "ESSAY_34591",
    "essay_prompt": " 영화에는 로맨스, 액션, 스릴러 등 정말 많은 장르가 있습니다. 사람마다 좋아하는 장르가 있고 절대 보지 않는 장르도 있습니다.\r\n\r\n 독서도 마찬가지입니다. 소설, 수필, 시, 만화, 위인전 등 여러가지 장르가 있습니다.\r\n\r\n 여러분은 어떤 장르를 좋아하나요? 그리고 해당 장르에서 가장 재미있게 봤던 영화나 책은 무엇인가요?\r\n\r\n 자신이 봤던 영화 혹은 책을 한 편 선정하여 주제와 내용 그리고 느낀점을 감상문으로 작성해주세요.",
    "essay_type": "설명글",
    "essay_level": "3",
    "essay_len": 430,
    "essay_main_subject": "영화/독서감상문"
  }
}