{
  "paragraph": [
    {
      "paragraph_txt": "나는 이제 고3이 되었다.#@문장구분# 그래서 슬슬 대학에 대해서도 생각을 해보고 내가 어떤 전형으로 대학에 지원을 할 지도 생각을 해 봐야하는 나이가 되었다.#@문장구분# 그래서 나는 내년에 어떤 대학을 갈지 어떤 전형으로 갈지에 대하 고민을 하다가 이 책을 읽거 되었다.#@문장구분# 이 책에는 학종으로 학종으로 대학을 간 사람들의 경험들이 담겨있다.#@문장구분# 고등학교때 동아리는 어떻게 하고 무슨무슨 대회에 나갔는지 그리고 그 사람이 한 독서 기록까지 그 사람이 대학을 가기 위해서 준비한 고등학교 생활이 기록되어 있다.#@문장구분# 더군다나 어떻게 학종을 준비해야 하는지 내가 목표로 하는 과에 맞는 계획을 세우는 것이다.#@문장구분# 예를 들어 나는 기계공학과가 목표이다.#@문장구분# 그러려면 물리에 관련된 독서나 동아리를 하고 내가 생각하는 과목외에도 기계공학과 관련된 과목등에 대하 설명을 해주었다.#@문장구분# 내가 어떻게 대학준비를 해야 할지 몰랐는데 나에게 길을 알려주었다.#@문장구분#",
      "paragraph_len": 626,
      "paragraph_id": "001"
    }
  ],
  "score": {
    "paragraph_score": [
      {
        "paragraph_scoreT": [
          2,
          2.3333333,
          2
        ],
        "paragraph_scoreT_detail": {
          "paragraph_scoreT_exp": [
            [
              2,
              2,
              2
            ],
            [
              3,
              2,
              2
            ],
            [
              2,
              2,
              2
            ]
          ]
        },
        "paragraph_scoreT_avg": 2.111111,
        "paragraph_id": "001"
      }
    ],
    "essay_scoreT": [
      19.277779,
      21.11111,
      17.777779
    ],
    "essay_scoreT_avg": 19.38889,
    "essay_scoreT_detail": {
      "essay_scoreT_org": [
        [
          2,
          2,
          2,
          1
        ],
        [
          2,
          2,
          2,
          1
        ],
        [
          2,
          2,
          2,
          1
        ]
      ],
      "essay_scoreT_cont": [
        [
          2,
          2,
          0,
          1
        ],
        [
          2,
          2,
          0,
          2
        ],
        [
          2,
          1,
          0,
          1
        ]
      ],
      "essay_scoreT_exp": [
        [
          2,
          2,
          2
        ],
        [
          3,
          2,
          2
        ],
        [
          2,
          2,
          2
        ]
      ]
    }
  },
  "student": {
    "date": "2021.09.10",
    "student_educated": true,
    "student_grade": "고등_1학년",
    "location": "063",
    "student_grade_group": "고등",
    "student_reading": 1
  },
  "rubric": {
    "essay_grade": "고등_1학년",
    "organization_weight": {
      "org_paragraph": 2,
      "org": 2,
      "org_essay": 4,
      "org_coherence": 2,
      "org_quantity": 1
    },
    "essay_type": "설명글",
    "content_weight": {
      "con_clearance": 4,
      "con_novelty": 3,
      "con": 4,
      "con_prompt": 0,
      "con_description": 1
    },
    "essay_main_subject": "영화/독서감상문",
    "expression_weight": {
      "exp_style": 1,
      "exp_grammar": 2,
      "exp_vocab": 3,
      "exp": 4
    }
  },
  "correction": [],
  "info": {
    "essay_id": "ESSAY_34263",
    "essay_prompt": " 영화에는 로맨스, 액션, 스릴러 등 정말 많은 장르가 있습니다. 사람마다 좋아하는 장르가 있고 절대 보지 않는 장르도 있습니다.\r\n\r\n 독서도 마찬가지입니다. 소설, 수필, 시, 만화, 위인전 등 여러가지 장르가 있습니다.\r\n\r\n 여러분은 어떤 장르를 좋아하나요? 그리고 해당 장르에서 가장 재미있게 봤던 영화나 책은 무엇인가요?\r\n\r\n 자신이 봤던 영화 혹은 책을 한 편 선정하여 주제와 내용 그리고 느낀점을 감상문으로 작성해주세요.",
    "essay_type": "설명글",
    "essay_level": "3",
    "essay_len": 447,
    "essay_main_subject": "영화/독서감상문"
  }
}