{
  "paragraph": [
    {
      "paragraph_txt": "나는 최근에 '미 비포 유'라는 영화라는 영화를 봤다. #@문장구분#이 영화에 나오는 윌은 젊은 성공한 사업가였지만 불의의 사고로 한순간에 전신 마비 환자가 돼버린다. #@문장구분#그의 간병인인 루이자는 오랫동안 일하던 카페가 문을 닫자 학비를 벌기 위해 6개월 임시 간병인 일을 지원하게 되는데 윌과 루이자는 성격이 너무 달라서 서로를 불만스러워한다. #@문장구분#그렇게 6개월의 시간 동안 둘은 많은 일을 겪었고, 그 사이에서 마음을 열고 사랑도 키워나가게 된다.#@문장구분# 루이자는 윌에게 긍정적인 영향을 주고, 윌도 루이자에게 마음을 열게 된다.#@문장구분# 그러다가 윌은 6개월이란 시간이 지날 무렵 루이자를 남겨 두고 원래 자신이 생각하고 있던 존엄사를 선택한다.#@문장구분# 윌은 이제 평생 혼자서는 움직이지도 못할 몸과 자기가 사랑하는 루이자에게도 평생 도움만 받아야 하는 상황이 괴로웠다.#@문장구분# 루이자는 윌을 말렸지만 결국 윌의 뜻을 막지 못했다. #@문장구분#윌은 스위스에서 맞이할 자신의 마지막 날 루이자가 옆에 있어 줬으면 좋겠다고 말하고 루이자는 화를 내지만 결국 그의 선택을 존중해주기로 한다.#@문장구분# 그리고 스위스로 가서 윌의 마지막을 함께 한다. #@문장구분#그렇게 윌은 떠나고, 루이자는 다시 일상으로 돌아온다.#@문장구분# 윌이 루이자에게 남긴 선물과 편지를 읽으면서 영화는 끝이 난다.#@문장구분# 이 영화는 로맨스 영화이기도 하지만 다른 로맨스 영화랑은 다르게 주인공이 마지막에 죽음으로서 우리의 삶과 죽음, 인간의 본질, 아름다운 사랑이 무엇인지 생각해 보게 된다.#@문장구분# 그리고 이 영화의 중요한 주제 중 하나인 안락사와 존엄사에 대해서도 생각해보게 되는데 가혹하다는 생각을 어쩔 수 없이 하게 되는 거 같지만 당사자밖에 알 수 없는 생각이니 어떤 선택이든 존중할 수밖에 없을 것 같다. #@문장구분#사랑하는 사람을 두고 죽는다면 보통 남겨진 사람이 더 슬플 거라 생각하는데 어쩔 수 없는 상황으로 사랑하는 사람만 두고 떠난 윌의 마음은 더 슬플 거 같다. #@문장구분#어쩔 수 없이 간병일 일을 시작한 루이자도 처음엔 윌과 맞지 않아 엄청나게 힘들어하면서도 윌을 보살펴 주는 걸 보면 진짜 정성과 책임 없이는 할 수 없는 일이라고 생각했다.#@문장구분# 그리고 이 영화하면 빠질 수 없는 명대사인 \"자유를 주면서 내 마음의 짐도 지웠어요.#@문장구분# 당신은 내 마음에 새겨져 있어요.#@문장구분# 처음부터 그랬어요.#@문장구분# 내 생각은 아주 가끔만 해줘요.#@문장구분# 너무 슬퍼하지 말고 잘 살아줘요.#@문장구분# 당신 인생을 살아요.#@문장구분# 당신 인생의 발걸음에 내가 함께할게요.\", \"그거 알아요? 내가 아침에 눈을 뜨고 싶은 유일한 이유가 당신이란 걸.\"은 영화를 보는 나를 더욱 슬프게 하고 깊은 후유증을 남겼다.#@문장구분# 미 비포 유의 뜻은 너를 만나기 전 나인데 서로를 만나니 전과 후의 삶이 완전히 변화되었음을 뜻한다.#@문장구분# 새드엔딩으로 끝나면서 우리가 항상 보던 주인공들이 결혼하고 쭉 행복하게 사는 일은 볼 수 없었지만 오히려 윌의 죽음으로 이 영화의 애틋함이 더 잘 표현된 거 같다. #@문장구분#그리고 영화에 쭉 나오는 루이자가 윌을 보살피는 일은 사랑 없이는 불가능하다고 또 한 번 생각했다.#@문장구분#",
      "paragraph_len": 1967,
      "paragraph_id": "001"
    }
  ],
  "score": {
    "paragraph_score": [
      {
        "paragraph_scoreT": [
          3,
          2.8333333,
          2.8333333
        ],
        "paragraph_scoreT_detail": {
          "paragraph_scoreT_exp": [
            [
              3,
              3,
              3
            ],
            [
              3,
              3,
              2
            ],
            [
              3,
              3,
              2
            ]
          ]
        },
        "paragraph_scoreT_avg": 2.8888886,
        "paragraph_id": "001"
      }
    ],
    "essay_scoreT": [
      30,
      26.5,
      29.333332
    ],
    "essay_scoreT_avg": 28.611109,
    "essay_scoreT_detail": {
      "essay_scoreT_org": [
        [
          3,
          3,
          3,
          3
        ],
        [
          2,
          3,
          2,
          3
        ],
        [
          3,
          3,
          3,
          3
        ]
      ],
      "essay_scoreT_cont": [
        [
          3,
          3,
          0,
          3
        ],
        [
          3,
          2,
          0,
          3
        ],
        [
          3,
          3,
          0,
          3
        ]
      ],
      "essay_scoreT_exp": [
        [
          3,
          3,
          3
        ],
        [
          3,
          3,
          2
        ],
        [
          3,
          3,
          2
        ]
      ]
    }
  },
  "student": {
    "date": "2021.09.13",
    "student_educated": true,
    "student_grade": "고등_1학년",
    "location": "051",
    "student_grade_group": "고등",
    "student_reading": 3
  },
  "rubric": {
    "essay_grade": "고등_1학년",
    "organization_weight": {
      "org_paragraph": 2,
      "org": 2,
      "org_essay": 4,
      "org_coherence": 2,
      "org_quantity": 1
    },
    "essay_type": "설명글",
    "content_weight": {
      "con_clearance": 4,
      "con_novelty": 3,
      "con": 4,
      "con_prompt": 0,
      "con_description": 1
    },
    "essay_main_subject": "영화/독서감상문",
    "expression_weight": {
      "exp_style": 1,
      "exp_grammar": 2,
      "exp_vocab": 3,
      "exp": 4
    }
  },
  "correction": [],
  "info": {
    "essay_id": "ESSAY_34119",
    "essay_prompt": " 영화에는 로맨스, 액션, 스릴러 등 정말 많은 장르가 있습니다. 사람마다 좋아하는 장르가 있고 절대 보지 않는 장르도 있습니다.\r\n\r\n 독서도 마찬가지입니다. 소설, 수필, 시, 만화, 위인전 등 여러가지 장르가 있습니다.\r\n\r\n 여러분은 어떤 장르를 좋아하나요? 그리고 해당 장르에서 가장 재미있게 봤던 영화나 책은 무엇인가요?\r\n\r\n 자신이 봤던 영화 혹은 책을 한 편 선정하여 주제와 내용 그리고 느낀점을 감상문으로 작성해주세요.",
    "essay_type": "설명글",
    "essay_level": "3",
    "essay_len": 1448,
    "essay_main_subject": "영화/독서감상문"
  }
}