{
  "paragraph": [
    {
      "paragraph_txt": "펭귄에 대한 여러가지 정보를 담은 책이다.#@문장구분# 펭귄은 짧은 다리와 조그마한 날개를 가진 통통한 새이다.#@문장구분# 그러므로 날지 못하고 수영을 잘하는 새이다.#@문장구분# 남극과 남아메리카, 아프리카, 호주 등 남반구의 남쪽에 살고 있다.#@문장구분# 남극에 사는 황제 펭귄은 몸집이 크고 무리지어 살며, 털이 매우 촘촘히나 있어 지구에서 가장 추운 남극에서 살고 있다.#@문장구분# 또한 따듯한 곳에 살고 있는 펭귄도 있다.#@문장구분# Fairy penguin, galapagos penguin은 따뜻한 곳에 산다고 한다.#@문장구분# 또 다른 추운 지방에 사는 펭귄은 adelle penguin, rockhopper penguin도 있습니다.#@문장구분# 무리지어 혹독한 환경에서 서로의 체온을 나눠가며 살고 있는 펭귄의 모성애와 지혜, 협동심을 보고 매우 뜻깊었다.#@문장구분# 그 중에서도 협동심이 어려운 환경을 뚫어낼 수 있는 것을 알게 되었다.#@문장구분#",
      "paragraph_len": 622,
      "paragraph_id": "001"
    }
  ],
  "score": {
    "paragraph_score": [
      {
        "paragraph_scoreT": [
          1.8333334,
          1.5,
          1.8333334
        ],
        "paragraph_scoreT_detail": {
          "paragraph_scoreT_exp": [
            [
              2,
              2,
              1
            ],
            [
              1,
              2,
              1
            ],
            [
              2,
              2,
              1
            ]
          ]
        },
        "paragraph_scoreT_avg": 1.7222223,
        "paragraph_id": "001"
      }
    ],
    "essay_scoreT": [
      16.88889,
      12.444445,
      15.333334
    ],
    "essay_scoreT_avg": 14.888889,
    "essay_scoreT_detail": {
      "essay_scoreT_org": [
        [
          2,
          1,
          2,
          2
        ],
        [
          1,
          2,
          1,
          1
        ],
        [
          1,
          1,
          1,
          1
        ]
      ],
      "essay_scoreT_cont": [
        [
          2,
          1,
          0,
          1
        ],
        [
          1,
          1,
          0,
          1
        ],
        [
          2,
          1,
          0,
          1
        ]
      ],
      "essay_scoreT_exp": [
        [
          2,
          2,
          1
        ],
        [
          1,
          2,
          1
        ],
        [
          2,
          2,
          1
        ]
      ]
    }
  },
  "student": {
    "date": "2021.09.10",
    "student_educated": true,
    "student_grade": "고등_1학년",
    "location": "063",
    "student_grade_group": "고등",
    "student_reading": 1
  },
  "rubric": {
    "essay_grade": "고등_1학년",
    "organization_weight": {
      "org_paragraph": 2,
      "org": 2,
      "org_essay": 4,
      "org_coherence": 2,
      "org_quantity": 1
    },
    "essay_type": "설명글",
    "content_weight": {
      "con_clearance": 4,
      "con_novelty": 3,
      "con": 4,
      "con_prompt": 0,
      "con_description": 1
    },
    "essay_main_subject": "영화/독서감상문",
    "expression_weight": {
      "exp_style": 1,
      "exp_grammar": 2,
      "exp_vocab": 3,
      "exp": 4
    }
  },
  "correction": [],
  "info": {
    "essay_id": "ESSAY_34802",
    "essay_prompt": " 영화에는 로맨스, 액션, 스릴러 등 정말 많은 장르가 있습니다. 사람마다 좋아하는 장르가 있고 절대 보지 않는 장르도 있습니다.\r\n\r\n 독서도 마찬가지입니다. 소설, 수필, 시, 만화, 위인전 등 여러가지 장르가 있습니다.\r\n\r\n 여러분은 어떤 장르를 좋아하나요? 그리고 해당 장르에서 가장 재미있게 봤던 영화나 책은 무엇인가요?\r\n\r\n 자신이 봤던 영화 혹은 책을 한 편 선정하여 주제와 내용 그리고 느낀점을 감상문으로 작성해주세요.",
    "essay_type": "설명글",
    "essay_level": "3",
    "essay_len": 422,
    "essay_main_subject": "영화/독서감상문"
  }
}