{
  "paragraph": [
    {
      "paragraph_txt": "나는 이 아빠의 정원이라는 책을 나의 꿈이 바이오에너지와 식물쪽에도 관련이 있기 때문에 이 책을 선택하게 되었다.#@문장구분# 이 책에는 매일 아빠와 함께 아들이 식물에  대해 공부도 하고 같이 놀기도 하고 식물에 대해 공부를 하는 곳 이었는데 어느날 아들인 데이비드가 친구들과 함께 토요일에 있을 큰 농구대회를 준비하기 위해 아빠에게 가지 않고 친구들과 함께 연습을 하게 된다.#@문장구분# 그리고 집에 돌아올떄 자신이 숙제를 하기에는 너무 늦고해서 자신의 기분이 좋지 않았는데 숙제를 못한 것을 엄마에게 이유를 설명할때 내가 저 나이떄는 다른 말로 둘러대고 저렇게 자신의 잚못을 인정하는 것은 못했을 것 같은데 저렇게 말하는 데이비드가 대견하기도 했다.#@문장구분# 그리고 그 사 실을 아빠에게 말했을 떄도 아빠는 꾸짖지 않고 아들을 이해해주고 같이 아들의 숙제를 도와주는 모습이 정말 좋은 아빠인 것 같다.#@문장구분# 그리고 아들이 무슨 선택을 하든 존중해주는 것이 정말로 부모님이 해주셔야할 최고의 방법인 것 같다.#@문장구분# 이 책을 읽고 가족에게서 느껴 지는 따뜻함과 아이의 솔직함에 감동을 느낄수 있었다.#@문장구분#",
      "paragraph_len": 656,
      "paragraph_id": "001"
    }
  ],
  "score": {
    "paragraph_score": [
      {
        "paragraph_scoreT": [
          1.8333334,
          2,
          1.8333334
        ],
        "paragraph_scoreT_detail": {
          "paragraph_scoreT_exp": [
            [
              2,
              2,
              1
            ],
            [
              2,
              2,
              2
            ],
            [
              2,
              2,
              1
            ]
          ]
        },
        "paragraph_scoreT_avg": 1.888889,
        "paragraph_id": "001"
      }
    ],
    "essay_scoreT": [
      16.277779,
      20,
      16.61111
    ],
    "essay_scoreT_avg": 17.62963,
    "essay_scoreT_detail": {
      "essay_scoreT_org": [
        [
          1,
          1,
          2,
          1
        ],
        [
          2,
          2,
          2,
          2
        ],
        [
          2,
          2,
          2,
          1
        ]
      ],
      "essay_scoreT_cont": [
        [
          2,
          1,
          0,
          2
        ],
        [
          2,
          2,
          0,
          2
        ],
        [
          1,
          2,
          0,
          1
        ]
      ],
      "essay_scoreT_exp": [
        [
          2,
          2,
          1
        ],
        [
          2,
          2,
          2
        ],
        [
          2,
          2,
          1
        ]
      ]
    }
  },
  "student": {
    "date": "2021.09.07",
    "student_educated": true,
    "student_grade": "고등_1학년",
    "location": "063",
    "student_grade_group": "고등",
    "student_reading": 2
  },
  "rubric": {
    "essay_grade": "고등_1학년",
    "organization_weight": {
      "org_paragraph": 2,
      "org": 2,
      "org_essay": 4,
      "org_coherence": 2,
      "org_quantity": 1
    },
    "essay_type": "설명글",
    "content_weight": {
      "con_clearance": 4,
      "con_novelty": 3,
      "con": 4,
      "con_prompt": 0,
      "con_description": 1
    },
    "essay_main_subject": "영화/독서감상문",
    "expression_weight": {
      "exp_style": 1,
      "exp_grammar": 2,
      "exp_vocab": 3,
      "exp": 4
    }
  },
  "correction": [],
  "info": {
    "essay_id": "ESSAY_34596",
    "essay_prompt": " 영화에는 로맨스, 액션, 스릴러 등 정말 많은 장르가 있습니다. 사람마다 좋아하는 장르가 있고 절대 보지 않는 장르도 있습니다.\r\n\r\n 독서도 마찬가지입니다. 소설, 수필, 시, 만화, 위인전 등 여러가지 장르가 있습니다.\r\n\r\n 여러분은 어떤 장르를 좋아하나요? 그리고 해당 장르에서 가장 재미있게 봤던 영화나 책은 무엇인가요?\r\n\r\n 자신이 봤던 영화 혹은 책을 한 편 선정하여 주제와 내용 그리고 느낀점을 감상문으로 작성해주세요.",
    "essay_type": "설명글",
    "essay_level": "3",
    "essay_len": 536,
    "essay_main_subject": "영화/독서감상문"
  }
}