{
  "paragraph": [
    {
      "paragraph_txt": "오늘날 개인의 삶을 살아가는 데 있어서도, 어쩌면 경제라는 개념은 인간 사회에 필요한 필수적인 것으로서, 받아들여지고 영향을 끼치는 것으로 이해 할 수 있다.#@문장구분# 때문에 이 개념을 넓힌 국가의 입장에 있어서도 비단 자국 국내의 경세의 활성화 뿐만이 아니라 국외의 국가와 국가와의 관계에 있어서 교류가 무척 중요해지게 되었는데 이에 오늘날의 조국과 주변 많은 나라들은 주유 무역의 가치를 내세우려 하지만 안타깝게도 최근 일어나는 무역 갈등과 규제의 모습을 보고 있으면 이제 사실 저마다의 이익을 우선하는 보호 무역과 무역전쟁에 기대는 수많은 지도자들이 눈에 더들어오는 것 같아 마음이 무거워 진다.#@문장구분# 이책의 저자는 나름의 지식과 해석을 통해 중국 춘추전국시대까지 올라가지만, 나는 어쩌면 정말 무서운 무역 전쟁이 본격화 될 역사는 역시나 근 현대사에서 엿볼수 있다고 생각한다.#@문장구분# 예를 들어 단순히 영토를 포위하거나 식량보급을 차단하는 전통적인 방밥은 그야말로 상대의 생명을 위협하는 분명한 목적을 지니고 실행한다.#@문장구분# 그러나 어느 물품등을 풀어 가치를 낮추고 상대의 화폐경제를 교란시키기 위해 위조통화를 발행하거나 하는 불법적인 활동부터 소위 전략지원을 통제함으로서 달성하려 하는 국가간의 전략적 우위 싸움을 경제 활동은 경제 활동을 제약하는 행위라 할수 있지만 총과 칼을 든 전쟁과는 또 다른 형태의 위협이자 어느 이익의 보호를 핑계로 한 패권과 다툼의 한 연장선이라고 생각한다.#@문장구분# 그렇기에 이책의 저자는 이책을 통해서 보다 변화하는 무역 전쟁의 이모저모를 기록하고 있다.#@문장구분#",
      "paragraph_len": 881,
      "paragraph_id": "001"
    }
  ],
  "score": {
    "paragraph_score": [
      {
        "paragraph_scoreT": [
          3,
          2.3333333,
          2
        ],
        "paragraph_scoreT_detail": {
          "paragraph_scoreT_exp": [
            [
              3,
              3,
              3
            ],
            [
              3,
              2,
              2
            ],
            [
              2,
              2,
              2
            ]
          ]
        },
        "paragraph_scoreT_avg": 2.4444444,
        "paragraph_id": "001"
      }
    ],
    "essay_scoreT": [
      30,
      21.777779,
      22.444445
    ],
    "essay_scoreT_avg": 24.74074,
    "essay_scoreT_detail": {
      "essay_scoreT_org": [
        [
          3,
          3,
          3,
          3
        ],
        [
          2,
          2,
          3,
          2
        ],
        [
          2,
          2,
          3,
          2
        ]
      ],
      "essay_scoreT_cont": [
        [
          3,
          3,
          0,
          3
        ],
        [
          2,
          2,
          0,
          2
        ],
        [
          3,
          2,
          0,
          2
        ]
      ],
      "essay_scoreT_exp": [
        [
          3,
          3,
          3
        ],
        [
          3,
          2,
          2
        ],
        [
          2,
          2,
          2
        ]
      ]
    }
  },
  "student": {
    "date": "2021.09.07",
    "student_educated": true,
    "student_grade": "고등_1학년",
    "location": "051",
    "student_grade_group": "고등",
    "student_reading": 1
  },
  "rubric": {
    "essay_grade": "고등_1학년",
    "organization_weight": {
      "org_paragraph": 2,
      "org": 2,
      "org_essay": 4,
      "org_coherence": 2,
      "org_quantity": 1
    },
    "essay_type": "설명글",
    "content_weight": {
      "con_clearance": 4,
      "con_novelty": 3,
      "con": 4,
      "con_prompt": 0,
      "con_description": 1
    },
    "essay_main_subject": "영화/독서감상문",
    "expression_weight": {
      "exp_style": 1,
      "exp_grammar": 2,
      "exp_vocab": 3,
      "exp": 4
    }
  },
  "correction": [],
  "info": {
    "essay_id": "ESSAY_34190",
    "essay_prompt": " 영화에는 로맨스, 액션, 스릴러 등 정말 많은 장르가 있습니다. 사람마다 좋아하는 장르가 있고 절대 보지 않는 장르도 있습니다.\r\n\r\n 독서도 마찬가지입니다. 소설, 수필, 시, 만화, 위인전 등 여러가지 장르가 있습니다.\r\n\r\n 여러분은 어떤 장르를 좋아하나요? 그리고 해당 장르에서 가장 재미있게 봤던 영화나 책은 무엇인가요?\r\n\r\n 자신이 봤던 영화 혹은 책을 한 편 선정하여 주제와 내용 그리고 느낀점을 감상문으로 작성해주세요.",
    "essay_type": "설명글",
    "essay_level": "3",
    "essay_len": 763,
    "essay_main_subject": "영화/독서감상문"
  }
}