{
  "paragraph": [
    {
      "paragraph_txt": "이 책은 우리사회에 만연한 '혐오'에 대해 다루고 있다.#@문장구분# 혐오란 단순히 어떤 대상을 싫어하는 감정적인 개념이 아니다.#@문장구분# 여기서 말하는 혐오란 차별과 선동의 의미를 내포하고 있다.#@문장구분# 한국사회 내에는 수많은 혐오가 존재한다.#@문장구분# 여성혐오와 남성 혐오를 둘러싼 집단간의 갈등, 성소수자와 동남아인과 흑인등 민족에 대한 혐오가 그  예시이다.#@문장구분# 혐오가 문제되는 이유는 혐오하는 과정에서 나오는 혐오표현들은 대상에 대한 부정적인 이미지를 고착화시키고 이것이 대상을 열등한 존재로 보아 차별로 이어지게 되는 것이다.#@문장구분# 이 차별이 사소한 것이라도 고착화되어 버리면 다수를 상대로 소수는 침묵하게 되고, 결국 차별이 계속해서 재상산되는 것이다.#@문장구분# 혐오는 우리 내면에 깊숙이 파고들어있다.#@문장구분# 나조차도 소수자에 대한 혐오에서 벗어났다고 말할 수 없는 것 같다.#@문장구분# 무의식 중에 소수자를 구별하고 그들을 기피했다.#@문장구분# 얄팍한 관심과 진심이 담기지 않은 형식적인 동정도 차별로 이어질 수 있었겠다고 반성했다.#@문장구분# 그렇다고 동정과 관심을 기울이지 말고 침묵하겠다는 말이 아니다.#@문장구분# 책에서 혐오에 대한 해결책으로 대항표현을 제시했다.#@문장구분# 혐오표현에 대항하면서 혐오자를 고립시키는 것이다.#@문장구분# 그렇지만 대항표현이 해결책으로 실현되기 위해서는 법률과 제도가 뒷받침되어야한다고 글쓴이는 말한다.#@문장구분# 역공을 당할 수 있어 소극적으로 행동할 수 있기 때문이다.#@문장구분# 혐오를 막아 나가아 차별을 없애는 사회가 되기 위해서는 공존과 협력이 중요하게 작용할 것이다.#@문장구분#",
      "paragraph_len": 1058,
      "paragraph_id": "001"
    }
  ],
  "score": {
    "paragraph_score": [
      {
        "paragraph_scoreT": [
          2.5,
          2.5,
          2.3333333
        ],
        "paragraph_scoreT_detail": {
          "paragraph_scoreT_exp": [
            [
              2,
              3,
              2
            ],
            [
              2,
              3,
              2
            ],
            [
              3,
              2,
              2
            ]
          ]
        },
        "paragraph_scoreT_avg": 2.4444444,
        "paragraph_id": "001"
      }
    ],
    "essay_scoreT": [
      26.055555,
      28,
      24.277779
    ],
    "essay_scoreT_avg": 26.111113,
    "essay_scoreT_detail": {
      "essay_scoreT_org": [
        [
          3,
          3,
          2,
          3
        ],
        [
          3,
          3,
          3,
          3
        ],
        [
          2,
          2,
          3,
          2
        ]
      ],
      "essay_scoreT_cont": [
        [
          3,
          2,
          0,
          3
        ],
        [
          3,
          3,
          0,
          3
        ],
        [
          3,
          2,
          0,
          3
        ]
      ],
      "essay_scoreT_exp": [
        [
          2,
          3,
          2
        ],
        [
          2,
          3,
          2
        ],
        [
          3,
          2,
          2
        ]
      ]
    }
  },
  "student": {
    "date": "2021.09.10",
    "student_educated": true,
    "student_grade": "고등_1학년",
    "location": "063",
    "student_grade_group": "고등",
    "student_reading": 1
  },
  "rubric": {
    "essay_grade": "고등_1학년",
    "organization_weight": {
      "org_paragraph": 2,
      "org": 2,
      "org_essay": 4,
      "org_coherence": 2,
      "org_quantity": 1
    },
    "essay_type": "설명글",
    "content_weight": {
      "con_clearance": 4,
      "con_novelty": 3,
      "con": 4,
      "con_prompt": 0,
      "con_description": 1
    },
    "essay_main_subject": "영화/독서감상문",
    "expression_weight": {
      "exp_style": 1,
      "exp_grammar": 2,
      "exp_vocab": 3,
      "exp": 4
    }
  },
  "correction": [],
  "info": {
    "essay_id": "ESSAY_34762",
    "essay_prompt": " 영화에는 로맨스, 액션, 스릴러 등 정말 많은 장르가 있습니다. 사람마다 좋아하는 장르가 있고 절대 보지 않는 장르도 있습니다.\r\n\r\n 독서도 마찬가지입니다. 소설, 수필, 시, 만화, 위인전 등 여러가지 장르가 있습니다.\r\n\r\n 여러분은 어떤 장르를 좋아하나요? 그리고 해당 장르에서 가장 재미있게 봤던 영화나 책은 무엇인가요?\r\n\r\n 자신이 봤던 영화 혹은 책을 한 편 선정하여 주제와 내용 그리고 느낀점을 감상문으로 작성해주세요.",
    "essay_type": "설명글",
    "essay_level": "3",
    "essay_len": 718,
    "essay_main_subject": "영화/독서감상문"
  }
}