{
  "paragraph": [
    {
      "paragraph_txt": "이 책의 제목에서처럼 인류의 역사 속에서 화학이 어떤 면에서 관련이 있었는지, 어떤 커다란 영향을 미쳤는지 소개한다.#@문장구분# \n나는 2부작 중 1부를 골라 읽었는데, 이 책에는 향신료나 비타민 C, 셀룰로스와 같은 우리 몸을 구성하거나 우리가 살아가는데 있어 큰 비중을 차지하는 물질에 대해 설명하고 있다.#@문장구분# \n특히 아스코르브산이라고도 불리는 비타민C는 역사적으로 괴혈병의 치료약으로써 주목을 받았었는데, 이 괴혈병은 몸이 급격하게 피곤해지고 팔다리가 힘이 없어지며 잇몸쇠약, 설사 등의 증세를 보이는 병이다.#@문장구분# \n특히 중세시대 선원들이 이 괴혈병에 상당히 시달렸는데, 당시의 선원들은 한번 승선하면 최소 반년 이상을 항해를 하기 때문에 신선한 과일의 보급이 힘들었다.#@문장구분# \n그래서 생리작용에 필요한 비타민C 가 결핍되어 괴혈병에 쉽게 걸렸던 것이다.#@문장구분# \n참고로 자연적으로 생성되는 비타민C와 화학적으로 합성된 비타민C의 성분이 완전히 일치한다고 한다.#@문장구분# 이렇게 사람들의 건강을 이끄는 화학의 사례가 여러가지 있었다.#@문장구분#\n또한 이 비타민C는 보툴리누스 중독이라는 병을 예방할수 있다고 하는데, 이떄 보툴리누스라는 독소를 제거하여 주름살을 펴주는 일명 보톡스 효과를 보인다.#@문장구분#\n이 책을 읽으면서 나도 몰랐던 생활 속 화학의 활용이 있었던 것 같아 좋았다.#@문장구분#",
      "paragraph_len": 812,
      "paragraph_id": "001"
    }
  ],
  "score": {
    "paragraph_score": [
      {
        "paragraph_scoreT": [
          3,
          2.8333333,
          2
        ],
        "paragraph_scoreT_detail": {
          "paragraph_scoreT_exp": [
            [
              3,
              3,
              3
            ],
            [
              3,
              3,
              2
            ],
            [
              2,
              2,
              2
            ]
          ]
        },
        "paragraph_scoreT_avg": 2.611111,
        "paragraph_id": "001"
      }
    ],
    "essay_scoreT": [
      30,
      25.555555,
      18.277779
    ],
    "essay_scoreT_avg": 24.611113,
    "essay_scoreT_detail": {
      "essay_scoreT_org": [
        [
          3,
          3,
          3,
          3
        ],
        [
          2,
          2,
          3,
          1
        ],
        [
          2,
          2,
          2,
          1
        ]
      ],
      "essay_scoreT_cont": [
        [
          3,
          3,
          0,
          3
        ],
        [
          3,
          2,
          0,
          2
        ],
        [
          2,
          1,
          0,
          2
        ]
      ],
      "essay_scoreT_exp": [
        [
          3,
          3,
          3
        ],
        [
          3,
          3,
          2
        ],
        [
          2,
          2,
          2
        ]
      ]
    }
  },
  "student": {
    "date": "2021.09.07",
    "student_educated": true,
    "student_grade": "고등_1학년",
    "location": "051",
    "student_grade_group": "고등",
    "student_reading": 1
  },
  "rubric": {
    "essay_grade": "고등_1학년",
    "organization_weight": {
      "org_paragraph": 2,
      "org": 2,
      "org_essay": 4,
      "org_coherence": 2,
      "org_quantity": 1
    },
    "essay_type": "설명글",
    "content_weight": {
      "con_clearance": 4,
      "con_novelty": 3,
      "con": 4,
      "con_prompt": 0,
      "con_description": 1
    },
    "essay_main_subject": "영화/독서감상문",
    "expression_weight": {
      "exp_style": 1,
      "exp_grammar": 2,
      "exp_vocab": 3,
      "exp": 4
    }
  },
  "correction": [],
  "info": {
    "essay_id": "ESSAY_34387",
    "essay_prompt": " 영화에는 로맨스, 액션, 스릴러 등 정말 많은 장르가 있습니다. 사람마다 좋아하는 장르가 있고 절대 보지 않는 장르도 있습니다.\r\n\r\n 독서도 마찬가지입니다. 소설, 수필, 시, 만화, 위인전 등 여러가지 장르가 있습니다.\r\n\r\n 여러분은 어떤 장르를 좋아하나요? 그리고 해당 장르에서 가장 재미있게 봤던 영화나 책은 무엇인가요?\r\n\r\n 자신이 봤던 영화 혹은 책을 한 편 선정하여 주제와 내용 그리고 느낀점을 감상문으로 작성해주세요.",
    "essay_type": "설명글",
    "essay_level": "3",
    "essay_len": 632,
    "essay_main_subject": "영화/독서감상문"
  }
}