{
  "paragraph": [
    {
      "paragraph_txt": "이 책이 왜 '잔혹한'마을인지에 관하여 의문이 들어 이 책을 접하게 되었다.#@문장구분# 처음에는 좀 흥미로운 설정이라고 생각되었다.#@문장구분# 저자는 제목처럼 일본의 잔혹한 현실을 다양한 통계를 가지고 보여준다.#@문장구분# 그리고 그에 따른 저자가 생각하는 자본주의에서 살아남는 방법을 알려준다.#@문장구분# 살아남기위해서는 경제적으로 안정되어야하는데 저자는 인생을 살아갈때 '자본'이라는 요소가 중요하다고 말한다.#@문장구분# 하지만 이는 우리가 일반적으로 말하는 자본이 아니고 여기서 말하는 자본은 사람 돈 관계이다.#@문장구분# 여기서 저자가 가장 중요시하는 자본은 인간관계자본인 것 같다.#@문장구분# 모든 자본은 좋은 인간관계에서 나온다.#@문장구분# 내가 무일푼이라고 할지라도 사람간의 관계가 좋다면 언제든지 돈을 모을 수가 있다.#@문장구분# 하지만 인간관계가 좋지않고 돈만 많다면 이는 불행할 것이다.#@문장구분# 왜냐하면 돈이 많아도 인관관계가 적거나 외롭다면 아무런 의미가 없다.#@문장구분# 매일같이 통장을 본다고 마음의 안식이 생기는 것도 아닐텐데 말이다.#@문장구분# ",
      "paragraph_len": 714,
      "paragraph_id": "001"
    }
  ],
  "score": {
    "paragraph_score": [
      {
        "paragraph_scoreT": [
          1.8333334,
          2,
          1.8333334
        ],
        "paragraph_scoreT_detail": {
          "paragraph_scoreT_exp": [
            [
              2,
              2,
              1
            ],
            [
              2,
              2,
              2
            ],
            [
              2,
              2,
              1
            ]
          ]
        },
        "paragraph_scoreT_avg": 1.888889,
        "paragraph_id": "001"
      }
    ],
    "essay_scoreT": [
      16.88889,
      20.444445,
      17.333334
    ],
    "essay_scoreT_avg": 18.222223,
    "essay_scoreT_detail": {
      "essay_scoreT_org": [
        [
          2,
          2,
          1,
          2
        ],
        [
          2,
          3,
          2,
          2
        ],
        [
          2,
          2,
          2,
          2
        ]
      ],
      "essay_scoreT_cont": [
        [
          2,
          1,
          0,
          1
        ],
        [
          2,
          2,
          0,
          2
        ],
        [
          2,
          1,
          0,
          1
        ]
      ],
      "essay_scoreT_exp": [
        [
          2,
          2,
          1
        ],
        [
          2,
          2,
          2
        ],
        [
          2,
          2,
          1
        ]
      ]
    }
  },
  "student": {
    "date": "2021.09.09",
    "student_educated": true,
    "student_grade": "고등_1학년",
    "location": "051",
    "student_grade_group": "고등",
    "student_reading": 1
  },
  "rubric": {
    "essay_grade": "고등_1학년",
    "organization_weight": {
      "org_paragraph": 2,
      "org": 2,
      "org_essay": 4,
      "org_coherence": 2,
      "org_quantity": 1
    },
    "essay_type": "설명글",
    "content_weight": {
      "con_clearance": 4,
      "con_novelty": 3,
      "con": 4,
      "con_prompt": 0,
      "con_description": 1
    },
    "essay_main_subject": "영화/독서감상문",
    "expression_weight": {
      "exp_style": 1,
      "exp_grammar": 2,
      "exp_vocab": 3,
      "exp": 4
    }
  },
  "correction": [],
  "info": {
    "essay_id": "ESSAY_34784",
    "essay_prompt": " 영화에는 로맨스, 액션, 스릴러 등 정말 많은 장르가 있습니다. 사람마다 좋아하는 장르가 있고 절대 보지 않는 장르도 있습니다.\r\n\r\n 독서도 마찬가지입니다. 소설, 수필, 시, 만화, 위인전 등 여러가지 장르가 있습니다.\r\n\r\n 여러분은 어떤 장르를 좋아하나요? 그리고 해당 장르에서 가장 재미있게 봤던 영화나 책은 무엇인가요?\r\n\r\n 자신이 봤던 영화 혹은 책을 한 편 선정하여 주제와 내용 그리고 느낀점을 감상문으로 작성해주세요.",
    "essay_type": "설명글",
    "essay_level": "3",
    "essay_len": 474,
    "essay_main_subject": "영화/독서감상문"
  }
}