{
  "paragraph": [
    {
      "paragraph_txt": "시베리아 여행 도중 숙소에서 큰 불이 나서 빠져나오다가 큰 부상을 입어 재활을 하며 삶의 희망을 찾는 내용이다.#@문장구분# 책을 읽고나서 정말 저런 큰 일을 겪고도 희망을 잃지 않고 삶을 한 층더 발전 시켜나가는 모습이 인상깊었다.#@문장구분# 과연 나라면 그럴 수 있었을까?#@문장구분# 난 그러지 못했을 것 같다.#@문장구분# 하지만 이 책을 읽고 난 나는 제목처럼 긴 인생, 이정도 시련쯤이야 하며 넘길 용기가 생겼다.#@문장구분# 이 책에서 나는 '희망을 말하며, 아픈 오늘 하루를 이기다.' 라는 구절이 뭐랄까 가슴이 뜨거워지는 영감을 받았다.#@문장구분# 마지막으로 나도 작가님처럼 도움이 필요한 사람에게 건강하게 회복되어가는 희망의 과정을 잘 전달해주고 싶고 진심 어린 마음으로 그들의 손을 잡아 주고 싶다.#@문장구분#",
      "paragraph_len": 502,
      "paragraph_id": "001"
    }
  ],
  "score": {
    "paragraph_score": [
      {
        "paragraph_scoreT": [
          2,
          1.8333334,
          1.8333334
        ],
        "paragraph_scoreT_detail": {
          "paragraph_scoreT_exp": [
            [
              2,
              2,
              2
            ],
            [
              2,
              2,
              1
            ],
            [
              2,
              2,
              1
            ]
          ]
        },
        "paragraph_scoreT_avg": 1.888889,
        "paragraph_id": "001"
      }
    ],
    "essay_scoreT": [
      17.722221,
      17.61111,
      15.777778
    ],
    "essay_scoreT_avg": 17.037037,
    "essay_scoreT_detail": {
      "essay_scoreT_org": [
        [
          1,
          1,
          2,
          0
        ],
        [
          2,
          2,
          2,
          1
        ],
        [
          1,
          1,
          2,
          1
        ]
      ],
      "essay_scoreT_cont": [
        [
          2,
          2,
          0,
          1
        ],
        [
          2,
          1,
          0,
          2
        ],
        [
          2,
          1,
          0,
          1
        ]
      ],
      "essay_scoreT_exp": [
        [
          2,
          2,
          2
        ],
        [
          2,
          2,
          1
        ],
        [
          2,
          2,
          1
        ]
      ]
    }
  },
  "student": {
    "date": "2021.09.10",
    "student_educated": true,
    "student_grade": "고등_1학년",
    "location": "063",
    "student_grade_group": "고등",
    "student_reading": 2
  },
  "rubric": {
    "essay_grade": "고등_1학년",
    "organization_weight": {
      "org_paragraph": 2,
      "org": 2,
      "org_essay": 4,
      "org_coherence": 2,
      "org_quantity": 1
    },
    "essay_type": "설명글",
    "content_weight": {
      "con_clearance": 4,
      "con_novelty": 3,
      "con": 4,
      "con_prompt": 0,
      "con_description": 1
    },
    "essay_main_subject": "영화/독서감상문",
    "expression_weight": {
      "exp_style": 1,
      "exp_grammar": 2,
      "exp_vocab": 3,
      "exp": 4
    }
  },
  "correction": [],
  "info": {
    "essay_id": "ESSAY_34663",
    "essay_prompt": " 영화에는 로맨스, 액션, 스릴러 등 정말 많은 장르가 있습니다. 사람마다 좋아하는 장르가 있고 절대 보지 않는 장르도 있습니다.\r\n\r\n 독서도 마찬가지입니다. 소설, 수필, 시, 만화, 위인전 등 여러가지 장르가 있습니다.\r\n\r\n 여러분은 어떤 장르를 좋아하나요? 그리고 해당 장르에서 가장 재미있게 봤던 영화나 책은 무엇인가요?\r\n\r\n 자신이 봤던 영화 혹은 책을 한 편 선정하여 주제와 내용 그리고 느낀점을 감상문으로 작성해주세요.",
    "essay_type": "설명글",
    "essay_level": "3",
    "essay_len": 363,
    "essay_main_subject": "영화/독서감상문"
  }
}