{
  "paragraph": [
    {
      "paragraph_txt": "수학은 어렵지만 미적분은 알고 싶어, 무언가 이 한마디의 제목이 많은 수험생들의 마음을 대변해주는 것 같다는 생각이 들었다.#@문장구분# 사실 나도 제목에 거의 90%는 끌렸다고 보는게 맞는 것 같다.#@문장구분#미적분이라는 과목이 정말 재밌는 건 맞지만 가끔 어려운 문제들을 풀어 보면서 머리가 아팠던 적이 꽤 있었기 때문이다. #@문장구분#주인공으로는 에리와 다쿠미 선생님이 나오며 책의 전개 방식은 대화체로 진행이 되었다.#@문장구분#게다가 그림이 상당히 많아서 읽으면서 지루하지 않았고 편하게 볼 수 있었던 것 같다. #@문장구분#확실히 책의 분량도 작은 만큼 내용도 적당한 개념을 다루고 있는데 특히 이 책에서는 적분을 '티끌 모아 태산' 이라고 표현하였던 점이 은근히 공감가면서도 재밌었다.#@문장구분# 또한 가장마음에 들었던 것이 다른 책들처럼 그저 수식만을 알려주고 증명을 해주는 것이 아니라 미적분의 본질 자체를 느끼게 해주는 듯 하였다.#@문장구분# 어느샌가 책을 읽으면서 내가 에리가 되어 선생님의 질문에 대답을 하는 것 같은 느낌 또한 받았다.#@문장구분# 사실 미적분 단원에서 변화율에 대한 부분은 개념이 미숙하다고 스스로 생각을 했었는데 이번 기회에 책을 통해서 조금 더 접근법을 다질 수 가 있어 보람 찼다.#@문장구분# 책을 읽는데도 몇시간 도 걸리지 않았기에 아주 빠른 시간에 쉽고 재밌게 미적분의 개념을 보고 싶은 학생들에게 이 책을 추천하는 바이다.#@문장구분#",
      "paragraph_len": 855,
      "paragraph_id": "001"
    }
  ],
  "score": {
    "paragraph_score": [
      {
        "paragraph_scoreT": [
          3,
          2.8333333,
          2
        ],
        "paragraph_scoreT_detail": {
          "paragraph_scoreT_exp": [
            [
              3,
              3,
              3
            ],
            [
              3,
              3,
              2
            ],
            [
              2,
              2,
              2
            ]
          ]
        },
        "paragraph_scoreT_avg": 2.611111,
        "paragraph_id": "001"
      }
    ],
    "essay_scoreT": [
      30,
      25.333332,
      17.777779
    ],
    "essay_scoreT_avg": 24.37037,
    "essay_scoreT_detail": {
      "essay_scoreT_org": [
        [
          3,
          3,
          3,
          3
        ],
        [
          2,
          2,
          2,
          2
        ],
        [
          2,
          2,
          2,
          1
        ]
      ],
      "essay_scoreT_cont": [
        [
          3,
          3,
          0,
          3
        ],
        [
          3,
          2,
          0,
          2
        ],
        [
          2,
          1,
          0,
          1
        ]
      ],
      "essay_scoreT_exp": [
        [
          3,
          3,
          3
        ],
        [
          3,
          3,
          2
        ],
        [
          2,
          2,
          2
        ]
      ]
    }
  },
  "student": {
    "date": "2021.09.13",
    "student_educated": true,
    "student_grade": "고등_1학년",
    "location": "063",
    "student_grade_group": "고등",
    "student_reading": 1
  },
  "rubric": {
    "essay_grade": "고등_1학년",
    "organization_weight": {
      "org_paragraph": 2,
      "org": 2,
      "org_essay": 4,
      "org_coherence": 2,
      "org_quantity": 1
    },
    "essay_type": "설명글",
    "content_weight": {
      "con_clearance": 4,
      "con_novelty": 3,
      "con": 4,
      "con_prompt": 0,
      "con_description": 1
    },
    "essay_main_subject": "영화/독서감상문",
    "expression_weight": {
      "exp_style": 1,
      "exp_grammar": 2,
      "exp_vocab": 3,
      "exp": 4
    }
  },
  "correction": [],
  "info": {
    "essay_id": "ESSAY_34335",
    "essay_prompt": " 영화에는 로맨스, 액션, 스릴러 등 정말 많은 장르가 있습니다. 사람마다 좋아하는 장르가 있고 절대 보지 않는 장르도 있습니다.\r\n\r\n 독서도 마찬가지입니다. 소설, 수필, 시, 만화, 위인전 등 여러가지 장르가 있습니다.\r\n\r\n 여러분은 어떤 장르를 좋아하나요? 그리고 해당 장르에서 가장 재미있게 봤던 영화나 책은 무엇인가요?\r\n\r\n 자신이 봤던 영화 혹은 책을 한 편 선정하여 주제와 내용 그리고 느낀점을 감상문으로 작성해주세요.",
    "essay_type": "설명글",
    "essay_level": "3",
    "essay_len": 656,
    "essay_main_subject": "영화/독서감상문"
  }
}