{
  "paragraph": [
    {
      "paragraph_txt": "나는 방학중에 싱크홀을 보았다.#@문장구분#\n방학에 또 다른 영화를 보기전 광고 중 싱크홀 영화 광고를 보고 재미있을것 같아\n개봉날 바로 영화관에 가서 싱크홀 영화를 보았다#@문장구분# 등장인물은 이광수 차승원 김성균 등등의 배우가 나온다 줄거리는 서울 입성과 함께 집 마련의 꿈을 이룬 가장 동원(김성균) 은 이사 첫날부터 프로 참견러 만수(차승원)와 사사건건 부딪힌다. #@문장구분#동원(김성균)은 자가취득을 기념하며 직장 동료들을 집들이에 초대하지만 행복한 단꿈도 잠시, 순식간에 빌라 전체가 땅 속으로 떨어지며 지하 500m 싱크홀 속으로 떨어지게 되며 이들은 무사히 구출 된다는 내용이다#@문장구분# 중간에 치매가 걸린 할머니가 부상당한 자신의 아들과 다른 이웃의 아들을 지키고있을때 울컥했고 다음으로 부상당한 아들을 지키며 구출이 되지못한것에서 모성애를 자극하며 울컥했다#@문장구분# 여기서 약간의 감동을 느꼈고 애초에 싱크홀 이란 작품을 광고로 봤을때 코미디만 있는 영화인줄 알았는데 약간의 감동이 연출되며 많이 슬펐다.#@문장구분# 마지막 장면에서 죽은줄 알았던 만수(차승원)가 회사 동료분과 자신의 아들,동원(김성균),동원(김성균)아들을 안전하게 구하며 영화가 끝이 났다.#@문장구분#\n약간 이해가 안되는 부분들도 있었다#@문장구분# 예를 들자면 빌라가 500m로 떨어졌는데 사망자 1명 부상자 1명만 나온것에 대해 이해가 가지않았고 500m나 떨어졌는데 집이 거의 안정한 상태로 남아있는것이다.#@문장구분# 여기서 이해가 안되는 것 빼곤 잘 만든 영화인것같고 약간의 감동과 코미디가 있어서 그런지 재미있게 본 영화인것 같다.#@문장구분#",
      "paragraph_len": 944,
      "paragraph_id": "001"
    }
  ],
  "score": {
    "paragraph_score": [
      {
        "paragraph_scoreT": [
          2.8333333,
          3,
          2.5
        ],
        "paragraph_scoreT_detail": {
          "paragraph_scoreT_exp": [
            [
              3,
              3,
              2
            ],
            [
              3,
              3,
              3
            ],
            [
              2,
              3,
              2
            ]
          ]
        },
        "paragraph_scoreT_avg": 2.7777777,
        "paragraph_id": "001"
      }
    ],
    "essay_scoreT": [
      23.555555,
      28.277779,
      26.222221
    ],
    "essay_scoreT_avg": 26.018518,
    "essay_scoreT_detail": {
      "essay_scoreT_org": [
        [
          2,
          3,
          2,
          1
        ],
        [
          3,
          3,
          3,
          2
        ],
        [
          2,
          2,
          2,
          3
        ]
      ],
      "essay_scoreT_cont": [
        [
          2,
          2,
          0,
          2
        ],
        [
          3,
          2,
          0,
          3
        ],
        [
          3,
          3,
          0,
          3
        ]
      ],
      "essay_scoreT_exp": [
        [
          3,
          3,
          2
        ],
        [
          3,
          3,
          3
        ],
        [
          2,
          3,
          2
        ]
      ]
    }
  },
  "student": {
    "date": "2021.09.13",
    "student_educated": true,
    "student_grade": "고등_1학년",
    "location": "051",
    "student_grade_group": "고등",
    "student_reading": 2
  },
  "rubric": {
    "essay_grade": "고등_1학년",
    "organization_weight": {
      "org_paragraph": 2,
      "org": 2,
      "org_essay": 4,
      "org_coherence": 2,
      "org_quantity": 1
    },
    "essay_type": "설명글",
    "content_weight": {
      "con_clearance": 4,
      "con_novelty": 3,
      "con": 4,
      "con_prompt": 0,
      "con_description": 1
    },
    "essay_main_subject": "영화/독서감상문",
    "expression_weight": {
      "exp_style": 1,
      "exp_grammar": 2,
      "exp_vocab": 3,
      "exp": 4
    }
  },
  "correction": [],
  "info": {
    "essay_id": "ESSAY_33964",
    "essay_prompt": " 영화에는 로맨스, 액션, 스릴러 등 정말 많은 장르가 있습니다. 사람마다 좋아하는 장르가 있고 절대 보지 않는 장르도 있습니다.\r\n\r\n 독서도 마찬가지입니다. 소설, 수필, 시, 만화, 위인전 등 여러가지 장르가 있습니다.\r\n\r\n 여러분은 어떤 장르를 좋아하나요? 그리고 해당 장르에서 가장 재미있게 봤던 영화나 책은 무엇인가요?\r\n\r\n 자신이 봤던 영화 혹은 책을 한 편 선정하여 주제와 내용 그리고 느낀점을 감상문으로 작성해주세요.",
    "essay_type": "설명글",
    "essay_level": "3",
    "essay_len": 744,
    "essay_main_subject": "영화/독서감상문"
  }
}