{
  "paragraph": [
    {
      "paragraph_txt": "All Kinds of Music은 YBM reading farm 레벨 5의 책이다.#@문장구분# 여러악기를 연주방식에 따라 나누어 설명하고 있는 영어 원서로 악기를 구성하는 기본요소를 설명하고 있다.#@문장구분# 책을 읽게된 동기는 평소 음악에 대한 관심이 컷었기 때문이다.#@문장구분# 악기는 크게 관악기, 현악기, 타악기로 나뉘어 구분짓고 바이올린, 첼로, 콘드라베이스 등의 사진을 보여주며 활과 실을 이용해 진동을 내는 악기라고 설명하고 있다.#@문장구분# 내가 다룰수 있는 현악기는 우쿠렐레가 있는데 앞으로는 기타에도 도전해 볼까 싶다.#@문장구분# 오케스트라 악기들을 보니 기타를 연습해보고싶은 욕구가 더욱 강해졌다.#@문장구분# 다음으로 현악기는 트럼펫, 트럼본, 튜바 등의 금관악기 사진과 함께 설명되어있었는데 관악기의 특징은 바람을 불어 연주하는 방식이며 악기의 크기에 따라 소리의 깊이가 달라지지만 크면 클수록 더욱 힘이 드는 경향이 있다.#@문장구분# 마지막으로 타악기는 여러가지 드럼 사진을 나열하며 설명이 되었있었는데 내가 아는 타악기는 한국의 사물놀이의 북, 장구, 징 등등이 있다.#@문장구분# 그외에도 많은 악기가 있지만, 타악기는 내려치면서 연주하기에 가장 스트레스 해소에 좋은 악기가 아닐까 싶다.#@문장구분# 책을 읽으며 여러종류의 악기들을 보고, 생각하게 되었는데 악기들의 소리를 상상하며 책을 읽으니 언젠가 한번씩은 꼭 연주해보고 싶다는 생각이 들었다.#@문장구분# 그리고 책의 내용에 사람들은 모두 다르다, 악기도 그렇다. 라는 내용이 있었는데 악기마다 연주법이 다르고 소리가 다른 것처럼 사람또한 자신이 할 수 있는 일이 다르며 각자의 개성에서 아름다움이 드러난다고 생각한다.#@문장구분# 나도 하나의 악기처럼 주변사람들에게 아름다움을 표현해보고 싶다.#@문장구분#",
      "paragraph_len": 1055,
      "paragraph_id": "001"
    }
  ],
  "score": {
    "paragraph_score": [
      {
        "paragraph_scoreT": [
          3,
          2.8333333,
          2
        ],
        "paragraph_scoreT_detail": {
          "paragraph_scoreT_exp": [
            [
              3,
              3,
              3
            ],
            [
              3,
              3,
              2
            ],
            [
              2,
              2,
              2
            ]
          ]
        },
        "paragraph_scoreT_avg": 2.611111,
        "paragraph_id": "001"
      }
    ],
    "essay_scoreT": [
      30,
      25.777779,
      22.944445
    ],
    "essay_scoreT_avg": 26.24074,
    "essay_scoreT_detail": {
      "essay_scoreT_org": [
        [
          3,
          3,
          3,
          3
        ],
        [
          2,
          2,
          3,
          2
        ],
        [
          2,
          2,
          3,
          2
        ]
      ],
      "essay_scoreT_cont": [
        [
          3,
          3,
          0,
          3
        ],
        [
          3,
          2,
          0,
          2
        ],
        [
          3,
          2,
          0,
          3
        ]
      ],
      "essay_scoreT_exp": [
        [
          3,
          3,
          3
        ],
        [
          3,
          3,
          2
        ],
        [
          2,
          2,
          2
        ]
      ]
    }
  },
  "student": {
    "date": "2021.09.13",
    "student_educated": true,
    "student_grade": "고등_1학년",
    "location": "063",
    "student_grade_group": "고등",
    "student_reading": 1
  },
  "rubric": {
    "essay_grade": "고등_1학년",
    "organization_weight": {
      "org_paragraph": 2,
      "org": 2,
      "org_essay": 4,
      "org_coherence": 2,
      "org_quantity": 1
    },
    "essay_type": "설명글",
    "content_weight": {
      "con_clearance": 4,
      "con_novelty": 3,
      "con": 4,
      "con_prompt": 0,
      "con_description": 1
    },
    "essay_main_subject": "영화/독서감상문",
    "expression_weight": {
      "exp_style": 1,
      "exp_grammar": 2,
      "exp_vocab": 3,
      "exp": 4
    }
  },
  "correction": [],
  "info": {
    "essay_id": "ESSAY_34352",
    "essay_prompt": " 영화에는 로맨스, 액션, 스릴러 등 정말 많은 장르가 있습니다. 사람마다 좋아하는 장르가 있고 절대 보지 않는 장르도 있습니다.\r\n\r\n 독서도 마찬가지입니다. 소설, 수필, 시, 만화, 위인전 등 여러가지 장르가 있습니다.\r\n\r\n 여러분은 어떤 장르를 좋아하나요? 그리고 해당 장르에서 가장 재미있게 봤던 영화나 책은 무엇인가요?\r\n\r\n 자신이 봤던 영화 혹은 책을 한 편 선정하여 주제와 내용 그리고 느낀점을 감상문으로 작성해주세요.",
    "essay_type": "설명글",
    "essay_level": "3",
    "essay_len": 815,
    "essay_main_subject": "영화/독서감상문"
  }
}