{
  "paragraph": [
    {
      "paragraph_txt": "이 책은 초반에 전용진 선생님께서 교사에 부임한지 얼마 안 됐을 적에 아이들이 자신의 수업을 듣고 나타내는 반응과 아이들에게 끌려다니면서 제대로 수업을 못하던 자신의 수업에 어떤 문제가 있었는지에 대한 자신만의 반성문을 쓰게 된다.#@문장구분# 이를 통해 자신이 수업에 대한 뭘 할지에 대한 이상만 높았지 정작 교수방법, 교육과정의 이해, 학습자 이해 등 수업 전반의 토대가 매우 빈약하다는 것을 깨닫고 이에 대한 고민과 선배의 조언을 통해 자신의 수업방식을 고쳐 나간다.#@문장구분# 중반에는 자신의 수업을 고치고 개량을 통해 달라지고 시간이 지났을 때 자신의 옛 모습을 상기시키는 모습이 나타난다. #@문장구분#그리고 아이들이 수업때 말하는 재미가 뭔지 깨닫게 됩니다.#@문장구분# 마지막은 운동장에 관한 이야기를 하며 끝나는데 운동장은 일종의 서열이 정해져있는 공간이라고 말씀하셨습니다.#@문장구분# 자신의 능력에 따라 그 종목을 하였을때 표현하는 감정도 다르다고 하셨다.#@문장구분# 처음에는 그냥 체육교사에게 필요한 지침서라고 생각하며 읽었는데 내용은 체육교사 로서 활동을 하며 어떻게 하면 보다 좋고 효율적인 수업을 할 수 있을지에 대한 책이었다.#@문장구분# 나도 미래에 체육교사가 되면 어떻게 헤쳐 나갈까를 생각해보게 된 책인것같다.#@문장구분#",
      "paragraph_len": 753,
      "paragraph_id": "001"
    }
  ],
  "score": {
    "paragraph_score": [
      {
        "paragraph_scoreT": [
          1.8333334,
          1.8333334,
          2
        ],
        "paragraph_scoreT_detail": {
          "paragraph_scoreT_exp": [
            [
              2,
              2,
              1
            ],
            [
              2,
              2,
              1
            ],
            [
              2,
              2,
              2
            ]
          ]
        },
        "paragraph_scoreT_avg": 1.888889,
        "paragraph_id": "001"
      }
    ],
    "essay_scoreT": [
      18.666668,
      17.11111,
      22
    ],
    "essay_scoreT_avg": 19.25926,
    "essay_scoreT_detail": {
      "essay_scoreT_org": [
        [
          2,
          1,
          1,
          3
        ],
        [
          2,
          2,
          2,
          1
        ],
        [
          2,
          2,
          2,
          2
        ]
      ],
      "essay_scoreT_cont": [
        [
          2,
          2,
          0,
          2
        ],
        [
          2,
          1,
          0,
          1
        ],
        [
          3,
          2,
          0,
          2
        ]
      ],
      "essay_scoreT_exp": [
        [
          2,
          2,
          1
        ],
        [
          2,
          2,
          1
        ],
        [
          2,
          2,
          2
        ]
      ]
    }
  },
  "student": {
    "date": "2021.09.09",
    "student_educated": true,
    "student_grade": "고등_1학년",
    "location": "051",
    "student_grade_group": "고등",
    "student_reading": 1
  },
  "rubric": {
    "essay_grade": "고등_1학년",
    "organization_weight": {
      "org_paragraph": 2,
      "org": 2,
      "org_essay": 4,
      "org_coherence": 2,
      "org_quantity": 1
    },
    "essay_type": "설명글",
    "content_weight": {
      "con_clearance": 4,
      "con_novelty": 3,
      "con": 4,
      "con_prompt": 0,
      "con_description": 1
    },
    "essay_main_subject": "영화/독서감상문",
    "expression_weight": {
      "exp_style": 1,
      "exp_grammar": 2,
      "exp_vocab": 3,
      "exp": 4
    }
  },
  "correction": [],
  "info": {
    "essay_id": "ESSAY_34699",
    "essay_prompt": " 영화에는 로맨스, 액션, 스릴러 등 정말 많은 장르가 있습니다. 사람마다 좋아하는 장르가 있고 절대 보지 않는 장르도 있습니다.\r\n\r\n 독서도 마찬가지입니다. 소설, 수필, 시, 만화, 위인전 등 여러가지 장르가 있습니다.\r\n\r\n 여러분은 어떤 장르를 좋아하나요? 그리고 해당 장르에서 가장 재미있게 봤던 영화나 책은 무엇인가요?\r\n\r\n 자신이 봤던 영화 혹은 책을 한 편 선정하여 주제와 내용 그리고 느낀점을 감상문으로 작성해주세요.",
    "essay_type": "설명글",
    "essay_level": "3",
    "essay_len": 593,
    "essay_main_subject": "영화/독서감상문"
  }
}