{
  "paragraph": [
    {
      "paragraph_txt": "이책의 처음은 주인공 Trysdale이 자신의 옛애인이자 자신과 결혼할뻔한 여자의 결혼식을 갔다온 후 손에 있던 장갑을 벗으며 이야기는 사작된다.#@문장구분# 주인공 Trysdale 은 옛 애인의 결혼식에 갔다가 어쩌다 이렇게 되었는지 회상하게 된다.#@문장구분# 과거 그여인은 주인공을 존경하고 그를 아주 강한 존경과 감탄으로 받아 들였다.#@문장구분# 이렇게 잘지내던 도중 주인공은 자신의 여인에게 프로포즈를 하기로 마음을 먹었고 그녀에게 스페인의 속담과 함꼐 프로포즈를 한다.#@문장구분# 하지만 그녀는 프로포즈를 하지않고 내일 답장을 하겠다고 한다.#@문장구분# 주인공은 의아했지만 그녀를 믿기로한다.#@문장구분# 하지만 다음날이 되자 그녀의 답장은 없고 왠 선인장 하나가 그의 집앞에 도착해있다.#@문장구분# 주인공은 선인장에 붙어있던 스페인어로적힌 그녀의 대답을 알아차리지 못하고 그녀에게 답장이 없자 자신의 프로포즈가 실패 했다고 생각하고 그녀를 포기한것이다.#@문장구분# 다시 현재로 돌아와 집에 있던도중 주인공의 친구가 선인장에 적힌 그녀의 대답을 보고 주인공에게 말해준다.#@문장구분# 하지만 주인공은 이미 너무늦어버린걸 알아차리고 그렇게 이야기는 끝이난다.#@문장구분# 이 이야기는 주인공이 자신의 여인에게 스페인어를 잘한다고 말함으로써 오해가시작된다.#@문장구분# 그녀는 정말 주인공이 스페인어를 잘하는줄알고 스페인어로 답장을 보내지만 주인공은 사실 스페인어를 잘하지못하고 주인공은 자신의 프로포즈가 실패했다는 생각과 그녀는 답장을 보냈지만 그가 데리러오지 않는다는 생각이 서로 오해 되어 결국 주인공과 여인은 좋게 끝나지못한다.#@문장구분# 이 이야기를 읽으면서 사소한 오해 하나가 서로를 오해하게 만들었고 결국 큰 일을 만들어 버렸다.#@문장구분# 내가 만약 주인공이 였다면 다음에 그 여인을 만났을때는 그녀에게 사실을 고하고 미안하다고 할거같다.#@문장구분#",
      "paragraph_len": 1125,
      "paragraph_id": "001"
    }
  ],
  "score": {
    "paragraph_score": [
      {
        "paragraph_scoreT": [
          2.1666667,
          3,
          1.3333334
        ],
        "paragraph_scoreT_detail": {
          "paragraph_scoreT_exp": [
            [
              3,
              2,
              1
            ],
            [
              3,
              3,
              3
            ],
            [
              2,
              1,
              1
            ]
          ]
        },
        "paragraph_scoreT_avg": 2.1666667,
        "paragraph_id": "001"
      }
    ],
    "essay_scoreT": [
      21.61111,
      27.38889,
      13.388889
    ],
    "essay_scoreT_avg": 20.796297,
    "essay_scoreT_detail": {
      "essay_scoreT_org": [
        [
          3,
          3,
          2,
          1
        ],
        [
          2,
          3,
          3,
          2
        ],
        [
          2,
          1,
          2,
          2
        ]
      ],
      "essay_scoreT_cont": [
        [
          1,
          1,
          0,
          2
        ],
        [
          3,
          2,
          0,
          3
        ],
        [
          1,
          1,
          0,
          2
        ]
      ],
      "essay_scoreT_exp": [
        [
          3,
          3,
          3
        ],
        [
          3,
          3,
          3
        ],
        [
          2,
          1,
          1
        ]
      ]
    }
  },
  "student": {
    "date": "2021.09.13",
    "student_educated": true,
    "student_grade": "고등_1학년",
    "location": "063",
    "student_grade_group": "고등",
    "student_reading": 1
  },
  "rubric": {
    "essay_grade": "고등_1학년",
    "organization_weight": {
      "org_paragraph": 2,
      "org": 2,
      "org_essay": 4,
      "org_coherence": 2,
      "org_quantity": 1
    },
    "essay_type": "설명글",
    "content_weight": {
      "con_clearance": 4,
      "con_novelty": 3,
      "con": 4,
      "con_prompt": 0,
      "con_description": 1
    },
    "essay_main_subject": "영화/독서감상문",
    "expression_weight": {
      "exp_style": 1,
      "exp_grammar": 2,
      "exp_vocab": 3,
      "exp": 4
    }
  },
  "correction": [],
  "info": {
    "essay_id": "ESSAY_34475",
    "essay_prompt": " 영화에는 로맨스, 액션, 스릴러 등 정말 많은 장르가 있습니다. 사람마다 좋아하는 장르가 있고 절대 보지 않는 장르도 있습니다.\r\n\r\n 독서도 마찬가지입니다. 소설, 수필, 시, 만화, 위인전 등 여러가지 장르가 있습니다.\r\n\r\n 여러분은 어떤 장르를 좋아하나요? 그리고 해당 장르에서 가장 재미있게 봤던 영화나 책은 무엇인가요?\r\n\r\n 자신이 봤던 영화 혹은 책을 한 편 선정하여 주제와 내용 그리고 느낀점을 감상문으로 작성해주세요.",
    "essay_type": "설명글",
    "essay_level": "3",
    "essay_len": 845,
    "essay_main_subject": "영화/독서감상문"
  }
}