{
  "paragraph": [
    {
      "paragraph_txt": "이 책은 영국에서 만든 다큐멘터리인 <커넥션> 시리즈를 책으로써 집필한 책이다.#@문장구분# \n주요한 주제는 과학기술의 발전 과정을 나타내고 있는데, 저자인 제임스 버크는 우리의 삶을 발달시킨 과학 기술이 어떤 배경에서 이루어진 것인지, 그 이후 사회에 미친 영향 등을 역사적 관점에서 시사하고 있다.#@문장구분# \n예를 들어 구텐베르크의 인쇄술 발명과 이에 따른 출판물의 대량 생산으로 인한 사회개혁과 사상의 발전을 그 예시로 들 수 있을 것이다.#@문장구분# \n이마저도 역사적으로 거슬러 올라가 이러한 과학적 혁신을 어떻게 이루었는지 의문점을 가져본다면, 인쇄술의 발명 이후 대량의 종이가 필요했을 텐데 이 인쇄술을 위해 선행적으로 필요했던 기술은 제지술이었다.#@문장구분# \n그리고 이 제지술은 종이를 만들어내기 위한 원재료가 요구되는데, 이 원료는 흑사병에서 기원한다.#@문장구분# \n흑사병의 시기를 거치면서 많은 사람들이 죽게 되자 그 사람들의 옷을 종이로써 재활용했는데, 이것이 제지술을 위한 선행적 원료가 되었다.#@문장구분# \n그렇다면 이 옷들은 어떠한 기술에서 기원되었는가 하니 당대 12세기말의 수도원에서 자급자족을 목표로 하여 방직기술을 발달시켰기 떄문이다.#@문장구분# \n이렇듯 이 책의 제목에서와 같이 커넥션이란 과거에서부터 연속성을 지니는 과학기술의 발전사를 의미한다.#@문장구분# \n따라서 이 책은 이러한 요소를 기초하여 과학기술의 어떠한 방식으로 발전했는지, 그리고 사회에 미친 영향은 어떤 것인지 시사하고 있다.#@문장구분# \n이 책을 읽고 나서 든 생각은 뉴턴이나 아인슈타인같은 위대한 과학자들의 발견도 결국 선행적인 과거의 과학자들의 유산이 있지 않\n았다면 불가능했을 것이라고 생각했다.#@문장구분#",
      "paragraph_len": 994,
      "paragraph_id": "001"
    }
  ],
  "score": {
    "paragraph_score": [
      {
        "paragraph_scoreT": [
          3,
          2.8333333,
          1.3333334
        ],
        "paragraph_scoreT_detail": {
          "paragraph_scoreT_exp": [
            [
              3,
              3,
              3
            ],
            [
              3,
              3,
              2
            ],
            [
              2,
              1,
              1
            ]
          ]
        },
        "paragraph_scoreT_avg": 2.3888888,
        "paragraph_id": "001"
      }
    ],
    "essay_scoreT": [
      30,
      27.777779,
      15.833334
    ],
    "essay_scoreT_avg": 24.537039,
    "essay_scoreT_detail": {
      "essay_scoreT_org": [
        [
          3,
          3,
          3,
          3
        ],
        [
          2,
          2,
          3,
          2
        ],
        [
          2,
          2,
          2,
          2
        ]
      ],
      "essay_scoreT_cont": [
        [
          3,
          3,
          0,
          3
        ],
        [
          3,
          3,
          0,
          3
        ],
        [
          2,
          1,
          0,
          2
        ]
      ],
      "essay_scoreT_exp": [
        [
          3,
          3,
          3
        ],
        [
          3,
          3,
          2
        ],
        [
          2,
          1,
          1
        ]
      ]
    }
  },
  "student": {
    "date": "2021.09.07",
    "student_educated": true,
    "student_grade": "고등_1학년",
    "location": "051",
    "student_grade_group": "고등",
    "student_reading": 1
  },
  "rubric": {
    "essay_grade": "고등_1학년",
    "organization_weight": {
      "org_paragraph": 2,
      "org": 2,
      "org_essay": 4,
      "org_coherence": 2,
      "org_quantity": 1
    },
    "essay_type": "설명글",
    "content_weight": {
      "con_clearance": 4,
      "con_novelty": 3,
      "con": 4,
      "con_prompt": 0,
      "con_description": 1
    },
    "essay_main_subject": "영화/독서감상문",
    "expression_weight": {
      "exp_style": 1,
      "exp_grammar": 2,
      "exp_vocab": 3,
      "exp": 4
    }
  },
  "correction": [],
  "info": {
    "essay_id": "ESSAY_34228",
    "essay_prompt": " 영화에는 로맨스, 액션, 스릴러 등 정말 많은 장르가 있습니다. 사람마다 좋아하는 장르가 있고 절대 보지 않는 장르도 있습니다.\r\n\r\n 독서도 마찬가지입니다. 소설, 수필, 시, 만화, 위인전 등 여러가지 장르가 있습니다.\r\n\r\n 여러분은 어떤 장르를 좋아하나요? 그리고 해당 장르에서 가장 재미있게 봤던 영화나 책은 무엇인가요?\r\n\r\n 자신이 봤던 영화 혹은 책을 한 편 선정하여 주제와 내용 그리고 느낀점을 감상문으로 작성해주세요.",
    "essay_type": "설명글",
    "essay_level": "3",
    "essay_len": 789,
    "essay_main_subject": "영화/독서감상문"
  }
}