{
  "paragraph": [
    {
      "paragraph_txt": "이 책의 제목에서 알수 있듯이 평소 입시공부로만 주로 접하던 물리를 환기하여 조금이나마 재밌고 흥미 있게 받아들여보고자 이 책을 접하게 되었다.#@문장구분#\n목차만 보더라도 각종 물리 법칙이 우리 생활 주변에서 존재한다는 것을 알 수 있다.#@문장구분# 가장 인상 깊었던 점들이 몇가지 있는데, 그 중 하나가 바로 투명인간이었다.#@문장구분#\n투명인간은 각종 영화나 소설에서 종종 다루어지는 소재인데 이러한 투명인간은 치명적인 약점이 존재한다. #@문장구분#신체 전체가 투명해진다면 시각을 담당하는 망막마저 투명해지는데, 이럴 경우 투명인간은 앞을 볼 수가 없다.#@문장구분#\n또 다른 흥미로운 점은 음식을 1kg 먹으면 몸무게가 얼마나 늘어나는지 탐구한 것과 특히 지렛대를 이용해 지구를 들어올린다는 아르 키메데스의 주장이었다.#@문장구분#\n아르키메데스가 주장한 지렛대로 지구를 들어올리는 실험은 오래전에 생각한 것치고는 논리가 괜찮았고 상당히 현실성 있는 방법이라 놀랐지만 이후에 계산을 해보니 지구를 1mm 들어올리는 데에 19조년이 필요하다는 사실도 놀라웠다.#@문장구분#\n이렇게 창의성 있고 엉뚱하기까지 한 생각들은 누가 생각했을지도 궁금해지기도 했다.#@문장구분#\n이 책을 접하고 나서 물리가 좀 더 흥미롭게 보였고, 딱딱한 이미지의 과목에서 조금이나마 환기가 된거 같다고 생각한다.#@문장구분#",
      "paragraph_len": 792,
      "paragraph_id": "001"
    }
  ],
  "score": {
    "paragraph_score": [
      {
        "paragraph_scoreT": [
          3,
          3,
          1.8333334
        ],
        "paragraph_scoreT_detail": {
          "paragraph_scoreT_exp": [
            [
              3,
              3,
              3
            ],
            [
              3,
              3,
              3
            ],
            [
              2,
              2,
              1
            ]
          ]
        },
        "paragraph_scoreT_avg": 2.6111112,
        "paragraph_id": "001"
      }
    ],
    "essay_scoreT": [
      30,
      27.166666,
      14.944445
    ],
    "essay_scoreT_avg": 24.037035,
    "essay_scoreT_detail": {
      "essay_scoreT_org": [
        [
          3,
          3,
          3,
          3
        ],
        [
          2,
          3,
          3,
          1
        ],
        [
          1,
          2,
          2,
          2
        ]
      ],
      "essay_scoreT_cont": [
        [
          3,
          3,
          0,
          3
        ],
        [
          3,
          2,
          0,
          3
        ],
        [
          1,
          1,
          0,
          2
        ]
      ],
      "essay_scoreT_exp": [
        [
          3,
          3,
          3
        ],
        [
          3,
          3,
          3
        ],
        [
          2,
          2,
          1
        ]
      ]
    }
  },
  "student": {
    "date": "2021.09.07",
    "student_educated": true,
    "student_grade": "고등_1학년",
    "location": "051",
    "student_grade_group": "고등",
    "student_reading": 1
  },
  "rubric": {
    "essay_grade": "고등_1학년",
    "organization_weight": {
      "org_paragraph": 2,
      "org": 2,
      "org_essay": 4,
      "org_coherence": 2,
      "org_quantity": 1
    },
    "essay_type": "설명글",
    "content_weight": {
      "con_clearance": 4,
      "con_novelty": 3,
      "con": 4,
      "con_prompt": 0,
      "con_description": 1
    },
    "essay_main_subject": "영화/독서감상문",
    "expression_weight": {
      "exp_style": 1,
      "exp_grammar": 2,
      "exp_vocab": 3,
      "exp": 4
    }
  },
  "correction": [],
  "info": {
    "essay_id": "ESSAY_34484",
    "essay_prompt": " 영화에는 로맨스, 액션, 스릴러 등 정말 많은 장르가 있습니다. 사람마다 좋아하는 장르가 있고 절대 보지 않는 장르도 있습니다.\r\n\r\n 독서도 마찬가지입니다. 소설, 수필, 시, 만화, 위인전 등 여러가지 장르가 있습니다.\r\n\r\n 여러분은 어떤 장르를 좋아하나요? 그리고 해당 장르에서 가장 재미있게 봤던 영화나 책은 무엇인가요?\r\n\r\n 자신이 봤던 영화 혹은 책을 한 편 선정하여 주제와 내용 그리고 느낀점을 감상문으로 작성해주세요.",
    "essay_type": "설명글",
    "essay_level": "3",
    "essay_len": 612,
    "essay_main_subject": "영화/독서감상문"
  }
}