{
  "paragraph": [
    {
      "paragraph_txt": "e북을 보던 도중 우리나라의 경제에 대해 알 수 있는 책이 있어 고르게 되었다.#@문장구분#<br/>평소 경제, 사회 등을 돌아가는 것에 관심이 있던 나는 이 책을 왜 진작에 몰랐을까라는 생각이 들었다.#@문장구분#<br/>이 책에서는 2020년 10대 소비트렌드의 키워드를 알려준다.#@문장구분# 또한 2019년 대한민국 10대 트렌드 상품에 대해 알려준다.#@문장구분#<br/>이때 무형적인 실제로 물건이 아닌 것도 포함이 되어 더 크게 트렌드를 파악 할 수 있었다.#@문장구분#<br/>가장 인상적인 점은 라스트핏 이코노미이다.#@문장구분# 배달 문화가 발달한 지금, 사람들은 어떻게 배송을 하는지에 대해서도 중요시 하는데, 쿠팡의 당일 배송을 생각하면서 보게 되었다.#@문장구분# 생산자가 많고 소비자들은 다양하게 선택 할 수 있는데, 이때 잡을 수 있는 것이 배달 시스템이라고도 본다.#@문장구분#<br/>그 외에도 페어 플레이어에 대해 설명하는데, 공정성에 대해 다들 관심을 가지고 있단 점이다.#@문장구분#<br/>한편, 2020년의 전반적인 전망에서는 나라 안팎의 경제 전망이 그리 밝지가 않다는 것이다.#@문장구분# 미중무역전쟁과 더불어 한일 경제 전쟁까지 겹쳤기 때문이다.#@문장구분# 이 책은 코로나 이전에 출판되었는데도 불구하고 안좋다고 되어있는데, 코로나 까지 겹쳐 경제 상황이 그리 좋지않다는 것이다.#@문장구분#<br/>실제로 이 책은 거의 맞아 떨어지는 경향이 있는 것 같아 신기했다.#@문장구분#<br/>통계쪽에 관심이 많은데 이렇게 분석을 해 보고 싶다고 생각하였으며, 이 책에서도 통계학적인 오류가 있는지 더 자세히 배우고 알아내보고 싶다.#@문장구분#<br/>나는 이 책을 사회에 관심있는 사람이나 최근 주식 열풍이 불고 있는데 주식에 관련하여 투자할 사람에게 이 책을 반드시 추천하고 싶다.#@문장구분#<br/>주식을 하는 경우 경제의 흐름을 어느정도 파악을 하고 있어야 하는데, 무작정 투자를 하는 사람이 많기 때문이다.#@문장구분#<br/>이어서 나는 이 책을 트렌드 코리아 2021에서도 읽을 것이다.#@문장구분#",
      "paragraph_len": 1326,
      "paragraph_id": "001"
    }
  ],
  "score": {
    "paragraph_score": [
      {
        "paragraph_scoreT": [
          1.5,
          2,
          2
        ],
        "paragraph_scoreT_detail": {
          "paragraph_scoreT_exp": [
            [
              2,
              1,
              2
            ],
            [
              2,
              2,
              2
            ],
            [
              2,
              2,
              2
            ]
          ]
        },
        "paragraph_scoreT_avg": 1.8333334,
        "paragraph_id": "001"
      }
    ],
    "essay_scoreT": [
      16.222221,
      20,
      22.222221
    ],
    "essay_scoreT_avg": 19.481482,
    "essay_scoreT_detail": {
      "essay_scoreT_org": [
        [
          2,
          2,
          2,
          3
        ],
        [
          2,
          2,
          2,
          2
        ],
        [
          2,
          2,
          2,
          3
        ]
      ],
      "essay_scoreT_cont": [
        [
          1,
          2,
          0,
          2
        ],
        [
          2,
          2,
          0,
          2
        ],
        [
          3,
          2,
          0,
          2
        ]
      ],
      "essay_scoreT_exp": [
        [
          2,
          1,
          2
        ],
        [
          2,
          2,
          2
        ],
        [
          2,
          2,
          2
        ]
      ]
    }
  },
  "student": {
    "date": "2021.09.13",
    "student_educated": true,
    "student_grade": "고등_1학년",
    "location": "063",
    "student_grade_group": "고등",
    "student_reading": 1
  },
  "rubric": {
    "essay_grade": "고등_1학년",
    "organization_weight": {
      "org_paragraph": 2,
      "org": 2,
      "org_essay": 4,
      "org_coherence": 2,
      "org_quantity": 1
    },
    "essay_type": "설명글",
    "content_weight": {
      "con_clearance": 4,
      "con_novelty": 3,
      "con": 4,
      "con_prompt": 0,
      "con_description": 1
    },
    "essay_main_subject": "영화/독서감상문",
    "expression_weight": {
      "exp_style": 1,
      "exp_grammar": 2,
      "exp_vocab": 3,
      "exp": 4
    }
  },
  "correction": [],
  "info": {
    "essay_id": "ESSAY_34739",
    "essay_prompt": " 영화에는 로맨스, 액션, 스릴러 등 정말 많은 장르가 있습니다. 사람마다 좋아하는 장르가 있고 절대 보지 않는 장르도 있습니다.\r\n\r\n 독서도 마찬가지입니다. 소설, 수필, 시, 만화, 위인전 등 여러가지 장르가 있습니다.\r\n\r\n 여러분은 어떤 장르를 좋아하나요? 그리고 해당 장르에서 가장 재미있게 봤던 영화나 책은 무엇인가요?\r\n\r\n 자신이 봤던 영화 혹은 책을 한 편 선정하여 주제와 내용 그리고 느낀점을 감상문으로 작성해주세요.",
    "essay_type": "설명글",
    "essay_level": "3",
    "essay_len": 876,
    "essay_main_subject": "영화/독서감상문"
  }
}