{
  "paragraph": [
    {
      "paragraph_txt": "예전에 엄청 떳던 영화인데 책으로 나온걸 보니 흥미가 생기고 영화도 예고편만 봐서 내용이 궁금해 읽어보았다.#@문장구분# 이 책은 글로 내용을 보여주고 그 챔터가 줄어나면 만화처럼 그림도 섞인 내용을 보여주어 글로만 보고 이해가 되지 않던 부분을 그림으로 연상시켜 이해를 도와주었다.#@문장구분# 장미십자회에서 12형상중 하나의 악령을 막을라다가 교통사고가 나게 되고 악령은 여학생 영신의 몸에 들어가게 된다.#@문장구분# 베들로 신부는 그 악령을 잡기 위해 보조사제를 찾고 있었고 최부제가 그 역할을 하게 된다.#@문장구분# \n악령과의 싸움에서 몸에 역병이 생기고 고통이 생긴다.#@문장구분# 최부제는 어릴적 트라우마가 생각나서 악령소환을 실패하고 도망하게 된다.#@문장구분# 골목길에서 어릴적 나의 모습을 보고 도망치지 않기로 결심하고 다시 돌아와 악령을 소환한다.#@문장구분#",
      "paragraph_len": 528,
      "paragraph_id": "001"
    }
  ],
  "score": {
    "paragraph_score": [
      {
        "paragraph_scoreT": [
          3,
          2.3333333,
          1.8333334
        ],
        "paragraph_scoreT_detail": {
          "paragraph_scoreT_exp": [
            [
              3,
              3,
              3
            ],
            [
              3,
              2,
              2
            ],
            [
              2,
              2,
              1
            ]
          ]
        },
        "paragraph_scoreT_avg": 2.3888888,
        "paragraph_id": "001"
      }
    ],
    "essay_scoreT": [
      29.777779,
      21.11111,
      15.111111
    ],
    "essay_scoreT_avg": 22,
    "essay_scoreT_detail": {
      "essay_scoreT_org": [
        [
          3,
          3,
          3,
          2
        ],
        [
          2,
          2,
          2,
          1
        ],
        [
          2,
          2,
          2,
          1
        ]
      ],
      "essay_scoreT_cont": [
        [
          3,
          3,
          0,
          3
        ],
        [
          2,
          2,
          0,
          2
        ],
        [
          1,
          1,
          0,
          1
        ]
      ],
      "essay_scoreT_exp": [
        [
          3,
          3,
          3
        ],
        [
          3,
          2,
          2
        ],
        [
          2,
          2,
          1
        ]
      ]
    }
  },
  "student": {
    "date": "2021.09.07",
    "student_educated": true,
    "student_grade": "고등_1학년",
    "location": "051",
    "student_grade_group": "고등",
    "student_reading": 1
  },
  "rubric": {
    "essay_grade": "고등_1학년",
    "organization_weight": {
      "org_paragraph": 2,
      "org": 2,
      "org_essay": 4,
      "org_coherence": 2,
      "org_quantity": 1
    },
    "essay_type": "설명글",
    "content_weight": {
      "con_clearance": 4,
      "con_novelty": 3,
      "con": 4,
      "con_prompt": 0,
      "con_description": 1
    },
    "essay_main_subject": "영화/독서감상문",
    "expression_weight": {
      "exp_style": 1,
      "exp_grammar": 2,
      "exp_vocab": 3,
      "exp": 4
    }
  },
  "correction": [],
  "info": {
    "essay_id": "ESSAY_34177",
    "essay_prompt": " 영화에는 로맨스, 액션, 스릴러 등 정말 많은 장르가 있습니다. 사람마다 좋아하는 장르가 있고 절대 보지 않는 장르도 있습니다.\r\n\r\n 독서도 마찬가지입니다. 소설, 수필, 시, 만화, 위인전 등 여러가지 장르가 있습니다.\r\n\r\n 여러분은 어떤 장르를 좋아하나요? 그리고 해당 장르에서 가장 재미있게 봤던 영화나 책은 무엇인가요?\r\n\r\n 자신이 봤던 영화 혹은 책을 한 편 선정하여 주제와 내용 그리고 느낀점을 감상문으로 작성해주세요.",
    "essay_type": "설명글",
    "essay_level": "3",
    "essay_len": 389,
    "essay_main_subject": "영화/독서감상문"
  }
}