{
  "paragraph": [
    {
      "paragraph_txt": "로마의 오렌지라 불리는 다섯 황제 중 한 명인 아우렐리우스 황제가 남긴 글로써 그가 로마의 변경으로 원정을 떠나 전쟁을 치르고 당시 만연하던 영병으로 많은 이들이 죽어 가는 것을 보며 그가 스스로를 생활하며 자신이 몸 담고 있던 스토아 철학의 내용과 더불어 '자신에게 전하는 글'이라는 제목을 붙인 글과 로마의 특징 및 주요 황제들의 일화가 담긴 내용의 책이다.#@문장구분# 이 책 자체에서 인상 깊었던 문장은 아우렐리우스가 임종을 맞으며 한 말 이었다#@문장구분# 그 말은 \"왜 나 때문에 우는 것인가, 차라리 이 역병과 만인의 죽음을 생각하라.\"이다#@문장구분# 이것이 인상깊었던 이유는 그가 황제로서의 품격과 자신의 백성들을 아끼는 성군으로써의 모습도 알 수 있었지만 중요한 핵심을 파악하는 능력과 함께 그가 명상록에 쓴 내용과 같이 죽음과 삶에 의연한 모습을 보여 주며 그의 강인함을 알 수 있는 부분이었기 때문이다.#@문장구분# 그리고 글에서 인상 깊었던 구절은 \"눈앞의 일\"로 보지마라. 이보다 높은 곳에서 마음의 눈을 뜨고 \"훨씬 아래에서 일어나는 일\"로서 관찰하라.\"이다.#@문장구분# 이것이 인상깊었던 이유는 다른 구절들 또한 삶과 죽음, 지혜, 아름다운 복수와 사랑등 다양한 가치와 깨달음을 깨우쳐 주었으나 나 자신에게 가장 필요한 것이 이 구절이라는 생각이 들었기 때문이다.#@문장구분# 평소 살면서 일어나는 일에 장래의 일이나 나와의 연관성을 고려하지 않고 가볍게 결정하고 여러 감정이 관여된 일들에도 깊게 생각해보지 않고 감정에만 따라 움직였었다.#@문장구분# 그렇기에 이 구절을 통하여 흥분한 상황이나 문제들에 대해서 보다 더 침착하고 깊게 생각할 수 있는 제자와 그 훈련을 할 수 있었다.#@문장구분# 이 책은 여러 깨달음과 가치를 가르쳐 주는 점에서는 좋았으나 글 자체가 원래 자신에게 전하는 글 이었기에 약간은 두서 없이 맥락 상 조금 맞지 않거나 세태와 맞지 않는 것들이 약간 있었다.#@문장구분# 하지만 오히려 그를 통해 나 자신의 철학을 점검할 수 있는 기회가 되어 좋았지만 배경 지식이나 자신의 철학관등이 빈약하다면 이해가 힘들 것 같다.#@문장구분#",
      "paragraph_len": 1187,
      "paragraph_id": "001"
    }
  ],
  "score": {
    "paragraph_score": [
      {
        "paragraph_scoreT": [
          3,
          2,
          2
        ],
        "paragraph_scoreT_detail": {
          "paragraph_scoreT_exp": [
            [
              3,
              3,
              3
            ],
            [
              2,
              2,
              2
            ],
            [
              2,
              2,
              2
            ]
          ]
        },
        "paragraph_scoreT_avg": 2.3333333,
        "paragraph_id": "001"
      }
    ],
    "essay_scoreT": [
      29.055555,
      20,
      22
    ],
    "essay_scoreT_avg": 23.685186,
    "essay_scoreT_detail": {
      "essay_scoreT_org": [
        [
          3,
          2,
          3,
          3
        ],
        [
          2,
          2,
          2,
          2
        ],
        [
          2,
          2,
          2,
          2
        ]
      ],
      "essay_scoreT_cont": [
        [
          3,
          3,
          0,
          2
        ],
        [
          2,
          2,
          0,
          2
        ],
        [
          3,
          2,
          0,
          2
        ]
      ],
      "essay_scoreT_exp": [
        [
          3,
          3,
          3
        ],
        [
          2,
          2,
          2
        ],
        [
          2,
          2,
          2
        ]
      ]
    }
  },
  "student": {
    "date": "2021.09.10",
    "student_educated": true,
    "student_grade": "고등_1학년",
    "location": "063",
    "student_grade_group": "고등",
    "student_reading": 2
  },
  "rubric": {
    "essay_grade": "고등_1학년",
    "organization_weight": {
      "org_paragraph": 2,
      "org": 2,
      "org_essay": 4,
      "org_coherence": 2,
      "org_quantity": 1
    },
    "essay_type": "설명글",
    "content_weight": {
      "con_clearance": 4,
      "con_novelty": 3,
      "con": 4,
      "con_prompt": 0,
      "con_description": 1
    },
    "essay_main_subject": "영화/독서감상문",
    "expression_weight": {
      "exp_style": 1,
      "exp_grammar": 2,
      "exp_vocab": 3,
      "exp": 4
    }
  },
  "correction": [],
  "info": {
    "essay_id": "ESSAY_34670",
    "essay_prompt": " 영화에는 로맨스, 액션, 스릴러 등 정말 많은 장르가 있습니다. 사람마다 좋아하는 장르가 있고 절대 보지 않는 장르도 있습니다.\r\n\r\n 독서도 마찬가지입니다. 소설, 수필, 시, 만화, 위인전 등 여러가지 장르가 있습니다.\r\n\r\n 여러분은 어떤 장르를 좋아하나요? 그리고 해당 장르에서 가장 재미있게 봤던 영화나 책은 무엇인가요?\r\n\r\n 자신이 봤던 영화 혹은 책을 한 편 선정하여 주제와 내용 그리고 느낀점을 감상문으로 작성해주세요.",
    "essay_type": "설명글",
    "essay_level": "3",
    "essay_len": 987,
    "essay_main_subject": "영화/독서감상문"
  }
}