{
  "paragraph": [
    {
      "paragraph_txt": "저는 이 책을 꽤나 재밌게 읽은 것 같습니다.#@문장구분# 왜냐하면 'AF'나 '향상된'과 같이 함축적인 의미를 가진 단어를 추리하며 볼 수 있었고, '어머니'가 클라라를 선택한 목적과 같은 반전도 있었기 때문입니다.#@문장구분#무엇보다 AI에 관심이 많은 저에게 익숙한 주제라 더욱 흥미롭게 읽은 것 같습니다.#@문장구분# ",
      "paragraph_len": 221,
      "paragraph_id": "001"
    },
    {
      "paragraph_txt": " 또한 이 책을 읽으면서 인상 깊은 내용도 있었습니다. #@문장구분#책의 중반부에 헬렌이 '어머니'가 셀과 비슷한 것과 함께 있는 것을 보았다고 하는데 이후에 인형으로 밝혀지면서 매체를 통해서만 보았던 자녀를 잃은 부모가 인형을 데리고 다니는 장면을 간접 경험했습니다.#@문장구분# 그렇게 생각하니 클라라가 조시의 대체물로 집에 오게 된 것도 이해가 되긴 했습니다.#@문장구분# 두 딸의 죽음을 믿기 힘들 테니까요.#@문장구분# 하지만 미래에 AI개발을 목표로 하는 입장에서 인간의 분신으로 사용한다는 내용이 매우 충격적이게 느껴지긴 했습니다. #@문장구분#어떻게 보면 끔찍한 일이기 때문입니다.#@문장구분# AI를 인간의 대체물로써 개발하는 것으로 생각하긴 하지만 우리 주변에서 인간 행세를 한다고 생각하니 소름이 돋았습니다.#@문장구분#그래서 \"인간이 인공지능이 인간 사회에 합류하는 것을 받아들일 수 있을지\"에 대해 관해 이야기해보고 싶다고 생각했습니다.#@문장구분#\n \n 유전자 조작한 아이들에 관한 내용도 인상 깊었습니다.#@문장구분# 현재 모든 나라들이 유전자 조작에 대해 엄격히 규제 중인 것으로 알고 있기 때문에 이후에 유전자 지도를 완성해내고 부유층의 아이들이 향상된 유전자를 가지게 된다는 책의 내용이 멀게만 느껴졌습니다.#@문장구분# 처음 '향상된'이 나왔을 때 저는 뇌 속에 칩을 이식하는 것일까 예상했는데 개인적으로 이 부분은 현실 고증이 잘못 됐다고 생각합니다.#@문장구분# 왜냐하면 지능은 유전을 무시하기 힘들지만 환경이 중요하다고 생각하고 칩을 이식하는 기술은 유전과는 달리 뇌의 작동에 직접적으로 도움을 주기 때문에 지능 격차는 유전자 조작의 관여가 적다고 생각하기 때문입니다. #@문장구분#그래서 유전자 조작 덕분에 불치병으로 연결되긴 했지만 지능 격차에는 칩 이식이 더 알맞다는 생각을 하였습니다.#@문장구분#",
      "paragraph_len": 1089,
      "paragraph_id": "002"
    },
    {
      "paragraph_txt": " 마지막으로 책의 막바지에 클라라가 조시를 그리워하는 듯한 모습이 나오는데 이것이 가능한 일인가에 대해 의문을 가졌습니다.#@문장구분# 그래서 고민해보니 AI가 인간의 행동을 따라하는 것이라면 가능하지 않을까 생각했습니다. #@문장구분#만약 영화나 드라마를 통해 인공지능이 학습한다면 인간의 감정 활동에 대한 직접적인 이해라기보다 그저 따라하는 행동은 가능할 것이라고 생각했습니다.#@문장구분#",
      "paragraph_len": 259,
      "paragraph_id": "003"
    }
  ],
  "score": {
    "paragraph_score": [
      {
        "paragraph_scoreT": [
          3,
          3,
          2
        ],
        "paragraph_scoreT_detail": {
          "paragraph_scoreT_exp": [
            [
              3,
              3,
              3
            ],
            [
              3,
              3,
              3
            ],
            [
              2,
              2,
              2
            ]
          ]
        },
        "paragraph_scoreT_avg": 2.6666667,
        "paragraph_id": "001"
      },
      {
        "paragraph_scoreT": [
          3,
          3,
          2
        ],
        "paragraph_scoreT_detail": {
          "paragraph_scoreT_exp": [
            [
              3,
              3,
              3
            ],
            [
              3,
              3,
              3
            ],
            [
              2,
              2,
              2
            ]
          ]
        },
        "paragraph_scoreT_avg": 2.6666667,
        "paragraph_id": "002"
      },
      {
        "paragraph_scoreT": [
          3,
          3,
          2
        ],
        "paragraph_scoreT_detail": {
          "paragraph_scoreT_exp": [
            [
              3,
              3,
              3
            ],
            [
              3,
              3,
              3
            ],
            [
              2,
              2,
              2
            ]
          ]
        },
        "paragraph_scoreT_avg": 2.6666667,
        "paragraph_id": "003"
      }
    ],
    "essay_scoreT": [
      30,
      27.61111,
      23.166666
    ],
    "essay_scoreT_avg": 26.925926,
    "essay_scoreT_detail": {
      "essay_scoreT_org": [
        [
          3,
          3,
          3,
          3
        ],
        [
          2,
          3,
          3,
          3
        ],
        [
          2,
          2,
          3,
          3
        ]
      ],
      "essay_scoreT_cont": [
        [
          3,
          3,
          0,
          3
        ],
        [
          3,
          2,
          0,
          3
        ],
        [
          3,
          2,
          0,
          3
        ]
      ],
      "essay_scoreT_exp": [
        [
          3,
          3,
          3
        ],
        [
          3,
          3,
          3
        ],
        [
          2,
          2,
          2
        ]
      ]
    }
  },
  "student": {
    "date": "2021.09.07",
    "student_educated": true,
    "student_grade": "고등_1학년",
    "location": "051",
    "student_grade_group": "고등",
    "student_reading": 2
  },
  "rubric": {
    "essay_grade": "고등_1학년",
    "organization_weight": {
      "org_paragraph": 2,
      "org": 2,
      "org_essay": 4,
      "org_coherence": 2,
      "org_quantity": 1
    },
    "essay_type": "설명글",
    "content_weight": {
      "con_clearance": 4,
      "con_novelty": 3,
      "con": 4,
      "con_prompt": 0,
      "con_description": 1
    },
    "essay_main_subject": "영화/독서감상문",
    "expression_weight": {
      "exp_style": 1,
      "exp_grammar": 2,
      "exp_vocab": 3,
      "exp": 4
    }
  },
  "correction": [],
  "info": {
    "essay_id": "ESSAY_34101",
    "essay_prompt": " 영화에는 로맨스, 액션, 스릴러 등 정말 많은 장르가 있습니다. 사람마다 좋아하는 장르가 있고 절대 보지 않는 장르도 있습니다.\r\n\r\n 독서도 마찬가지입니다. 소설, 수필, 시, 만화, 위인전 등 여러가지 장르가 있습니다.\r\n\r\n 여러분은 어떤 장르를 좋아하나요? 그리고 해당 장르에서 가장 재미있게 봤던 영화나 책은 무엇인가요?\r\n\r\n 자신이 봤던 영화 혹은 책을 한 편 선정하여 주제와 내용 그리고 느낀점을 감상문으로 작성해주세요.",
    "essay_type": "설명글",
    "essay_level": "3",
    "essay_len": 1196,
    "essay_main_subject": "영화/독서감상문"
  }
}