{
  "paragraph": [
    {
      "paragraph_txt": "나는 이번 생일때 싱크홀 이라는 영화를 봤다.#@문장구분# 내가 좋아하는 사람과 둘이서 함께 옆자리에 앉아 영화관에서 보았다.#@문장구분# 설레긴 했지만 영화가 너무 재밌어서 영화에만 집중할 수 있었다.#@문장구분# 근데 이 영화가 개봉하고 난 뒤 얼마 뒤에 진짜 싱크홀이 일어났다는 얘기를 들었다.#@문장구분# 솔직히 믿기지는 않지만 한 번 못 이기는척 믿어보기로 했다.#@문장구분# 이 영화에서 박동원은 13년 만에 드디어 자신의 집을 마련하는 성공을 이루는 것을 보여주었다.#@문장구분# 이것을 통해 사회에서 돈이 없으면 편하게 살아가긴 힘들다는 것을 보여준다.#@문장구분#\n싱크홀이 일어나기 전 박동원의 아들이 구슬을 갖고 놀다 바닥에 구슬을 놓으면 굴러 간다는것을 통해 집이 평평하지 않고 기울어져 있다는 것을 먼저 보여주며 얼마 후에 싱크홀이 일어날 것을 암시해 주었다.#@문장구분# 그렇게 얼마 후 그 빌라에서 싱크홀이 일어났고 지하 500m까지 떨어졌다.#@문장구분# 함께 떨어진 박동원, 정만수, 김승현, 은주, 승태는 살아 나가기 위해 서로 힘을 도와 이것저것 필요한 물품들을 챙기며 서로에게 힘이 되어 주었다.#@문장구분# 그러던 중 승현과 은주 둘 사이에 러브라인이 생겼다.#@문장구분# 부러웠다.#@문장구분# 아니다 부러우면 지는거랬다.#@문장구분# 그리고 119 구조원들이 이들을 구하기 위해 애썼지만 너무 깊은 곳이라 드론으론 되지 않았고 구조할 방법이 없어 다들 난처해 있는 상황이었다.#@문장구분# 그러다 비가 쏟아져 싱크홀에 물이 차오르기 시작했다.#@문장구분# 사람들은 싱크홀에서 빠져 나갈 방법을 생각하다 물에 뜨는 물건들을 찾아냈고 그것을 통해 결국 빠져 나가는것을 성공했다.#@문장구분# 이 영화는 재밌는 장면도 많았고 슬프고 감동적인 장면도 많았다.#@문장구분# 그래서 영화에 집중하여 볼 수 있었고 기억에 남을 영화들 중 탑5 안에 들 것 같다.#@문장구분#",
      "paragraph_len": 1186,
      "paragraph_id": "001"
    }
  ],
  "score": {
    "paragraph_score": [
      {
        "paragraph_scoreT": [
          2.8333333,
          3,
          2.5
        ],
        "paragraph_scoreT_detail": {
          "paragraph_scoreT_exp": [
            [
              3,
              3,
              2
            ],
            [
              3,
              3,
              3
            ],
            [
              2,
              3,
              2
            ]
          ]
        },
        "paragraph_scoreT_avg": 2.7777777,
        "paragraph_id": "001"
      }
    ],
    "essay_scoreT": [
      27.61111,
      26.444445,
      26
    ],
    "essay_scoreT_avg": 26.685186,
    "essay_scoreT_detail": {
      "essay_scoreT_org": [
        [
          3,
          3,
          3,
          2
        ],
        [
          2,
          3,
          2,
          2
        ],
        [
          3,
          3,
          3,
          3
        ]
      ],
      "essay_scoreT_cont": [
        [
          3,
          2,
          0,
          3
        ],
        [
          3,
          2,
          0,
          2
        ],
        [
          2,
          3,
          0,
          3
        ]
      ],
      "essay_scoreT_exp": [
        [
          3,
          3,
          2
        ],
        [
          3,
          3,
          3
        ],
        [
          2,
          3,
          2
        ]
      ]
    }
  },
  "student": {
    "date": "2021.09.13",
    "student_educated": true,
    "student_grade": "고등_1학년",
    "location": "051",
    "student_grade_group": "고등",
    "student_reading": 1
  },
  "rubric": {
    "essay_grade": "고등_1학년",
    "organization_weight": {
      "org_paragraph": 2,
      "org": 2,
      "org_essay": 4,
      "org_coherence": 2,
      "org_quantity": 1
    },
    "essay_type": "설명글",
    "content_weight": {
      "con_clearance": 4,
      "con_novelty": 3,
      "con": 4,
      "con_prompt": 0,
      "con_description": 1
    },
    "essay_main_subject": "영화/독서감상문",
    "expression_weight": {
      "exp_style": 1,
      "exp_grammar": 2,
      "exp_vocab": 3,
      "exp": 4
    }
  },
  "correction": [],
  "info": {
    "essay_id": "ESSAY_33976",
    "essay_prompt": " 영화에는 로맨스, 액션, 스릴러 등 정말 많은 장르가 있습니다. 사람마다 좋아하는 장르가 있고 절대 보지 않는 장르도 있습니다.\r\n\r\n 독서도 마찬가지입니다. 소설, 수필, 시, 만화, 위인전 등 여러가지 장르가 있습니다.\r\n\r\n 여러분은 어떤 장르를 좋아하나요? 그리고 해당 장르에서 가장 재미있게 봤던 영화나 책은 무엇인가요?\r\n\r\n 자신이 봤던 영화 혹은 책을 한 편 선정하여 주제와 내용 그리고 느낀점을 감상문으로 작성해주세요.",
    "essay_type": "설명글",
    "essay_level": "3",
    "essay_len": 827,
    "essay_main_subject": "영화/독서감상문"
  }
}