{
  "paragraph": [
    {
      "paragraph_txt": "Escape from the Nazis bt jone morino#@문장구분#\n#nozi #ww2 #jews #hitler #sweden#@문장구분#\n이 책은 2차 대전때 활약한 Rooul Wallenberg 라는 사람에 관한 이야기이다.#@문장구분#\n그는 1912년 스웨덴의 은행가 집안에서 태어났으며 그의 할아버지가 세계 여행가였기 때문에 어릴적부터 여행을 많이 다녔고 평화로운 생활을 보내던중 1939년 2차대전이 시작되며 그의 인생이 바뀌기 시작하는데, 그는 스웨덴이 중립국가임을 활용하여 최대한 많은 포로들, 그증에서 유대인을 구하는데 집중 하였다.#@문장구분#  그는 전후에 이스라엘로부터 \"Righteous Amorg the  Nations\" 라는 칭호를 얻지만 그의 말로는 소련 지도부를 만나러 갔다가 실종되었다고 한다.#@문장구분# 난 이 책을 읽으면서 유대인을 구한다는 내용에 전반적으로 쉰들러 리스트라는 영화가 떠 올랐다.#@문장구분# 둘다 유대인들을\n구했다는 점에서 공통점이 있지만 Raoul은 스웨덴 사람이고 쉰들러는 독일 사람이라는 것에 차이가 있다.#@문장구분# 나는 이 둘 말고도 2차 대전때 활약한 인물이 훨씬 많으며 우리는 그들을 기억해야된다고 생각한다.#@문장구분# \" 스웨덴의 쉰들러\"라고 불린 그를 모두가 알았으면하는 바이다.#@문장구분#",
      "paragraph_len": 775,
      "paragraph_id": "001"
    }
  ],
  "score": {
    "paragraph_score": [
      {
        "paragraph_scoreT": [
          2,
          2,
          2
        ],
        "paragraph_scoreT_detail": {
          "paragraph_scoreT_exp": [
            [
              2,
              2,
              2
            ],
            [
              2,
              2,
              2
            ],
            [
              2,
              2,
              2
            ]
          ]
        },
        "paragraph_scoreT_avg": 2,
        "paragraph_id": "001"
      }
    ],
    "essay_scoreT": [
      19.777779,
      18.5,
      19.277779
    ],
    "essay_scoreT_avg": 19.185186,
    "essay_scoreT_detail": {
      "essay_scoreT_org": [
        [
          2,
          2,
          2,
          1
        ],
        [
          2,
          2,
          2,
          2
        ],
        [
          2,
          2,
          2,
          1
        ]
      ],
      "essay_scoreT_cont": [
        [
          2,
          2,
          0,
          2
        ],
        [
          2,
          1,
          0,
          2
        ],
        [
          2,
          2,
          0,
          1
        ]
      ],
      "essay_scoreT_exp": [
        [
          2,
          2,
          2
        ],
        [
          2,
          2,
          2
        ],
        [
          2,
          2,
          2
        ]
      ]
    }
  },
  "student": {
    "date": "2021.09.03",
    "student_educated": true,
    "student_grade": "고등_1학년",
    "location": "051",
    "student_grade_group": "고등",
    "student_reading": 1
  },
  "rubric": {
    "essay_grade": "고등_1학년",
    "organization_weight": {
      "org_paragraph": 2,
      "org": 2,
      "org_essay": 4,
      "org_coherence": 2,
      "org_quantity": 1
    },
    "essay_type": "설명글",
    "content_weight": {
      "con_clearance": 4,
      "con_novelty": 3,
      "con": 4,
      "con_prompt": 0,
      "con_description": 1
    },
    "essay_main_subject": "영화/독서감상문",
    "expression_weight": {
      "exp_style": 1,
      "exp_grammar": 2,
      "exp_vocab": 3,
      "exp": 4
    }
  },
  "correction": [],
  "info": {
    "essay_id": "ESSAY_34605",
    "essay_prompt": " 영화에는 로맨스, 액션, 스릴러 등 정말 많은 장르가 있습니다. 사람마다 좋아하는 장르가 있고 절대 보지 않는 장르도 있습니다.\r\n\r\n 독서도 마찬가지입니다. 소설, 수필, 시, 만화, 위인전 등 여러가지 장르가 있습니다.\r\n\r\n 여러분은 어떤 장르를 좋아하나요? 그리고 해당 장르에서 가장 재미있게 봤던 영화나 책은 무엇인가요?\r\n\r\n 자신이 봤던 영화 혹은 책을 한 편 선정하여 주제와 내용 그리고 느낀점을 감상문으로 작성해주세요.",
    "essay_type": "설명글",
    "essay_level": "3",
    "essay_len": 595,
    "essay_main_subject": "영화/독서감상문"
  }
}