{
  "paragraph": [
    {
      "paragraph_txt": "어느 분야를 막론하고 수학에 영향을 받지 않은 분야는 찾아보기 힘들다.#@문장구분# 인간은 예측할 수 없는 일, 놀라운 일, 계산할 수 없는 일과 마주하는 경우가 부지기수다.#@문장구분# 그렇다면 인간이 계산할 수 있는 한계는 어디까지일까?#@문장구분# 아니, 인간은 그 한계를 알 수 있는 걸까?#@문장구분# 이 책의 저자는 수학적 관점에서 이 질문에 대한 생각을 담아냈다.#@문장구분# 이 책은 잘 짜인 수학 방정식을 개발해 하늘의 현상에 신의 개입이 필요하지 않다는 것을 증명하려 했던 라플라스 이야기를 비롯해, 천한 재물 따위를 셈하는 데 고귀한 수를 사용할 수 없다며 상인과 자본가를 경멸한 피타고라스 이야기 등 하늘과 예술, 생명과 경제, 빛과 도덕, 창조와 음향, 축구와 종교에 이르기까지 각양각색의 주제를수학의 눈으로 바라본다.#@문장구분# 시대를 풍미했던 수학자는 수학을 통해 세상을 어떻게 바라보았을까?#@문장구분# 저자는 그들이 종종 자신의 이론에 맞는 쪽으로 진실을 조작해 이해했다고 말한다.#@문장구분# 특히 누구나 알고 있는 일화인 피타고라스 일화를 예로 들 수 있다.#@문장구분# 저자는 수학과 생명, 빛, 예술, 도덕, 경제 등을 둘러싼 재밌고 다채로운 이야기를 풀어내면서, 수학을 통해 삶과 사회를 더욱 풍성한 시각으로 바라보고 이해할 수 있도록 이끈다.#@문장구분# ",
      "paragraph_len": 801,
      "paragraph_id": "001"
    },
    {
      "paragraph_txt": "1장에서는 수학과 '하늘'에 대해서 고찰한다.#@문장구분# 고대 사람들은 하늘을 바라보면서 별의 움직임 등을 탐구했다.#@문장구분# 그 과정에서 천문학과 동시에 수학은 엄청난 발전을 이루게 되었다.#@문장구분# 수학과 '예술'과는 어떤 연관이 있을까?#@문장구분# 예술에 적용된 대표적인 수학적 아이디어를 뽑으라 한다면 단연코 황금비이다.#@문장구분# 루브르 박물관에 있는 미로의 비너스 조각상이 다음과 같은 사실을 보여준다.#@문장구분# 발바닥에서 배꼽까지의길이 그리고 배꼽에서 정수리까지의 길이가 황금비를 이룬다.#@문장구분# 마찬가지로 발바닥에서 무릎까지의 길이와 무릎에서 배꼽까지의 길이도 황금비다.#@문장구분# 게다가 비너스의 얼굴에서도 황금비가 나타난다.#@문장구분# 그러니 도처에 황금비가 나타난다고 하는 편이 낫겠다.#@문장구분# 이렇게 황금비는 조각상 뿐만 아니라 다른 예술 작품에서도, 심지어 자연에서도 쉽게 찾아볼 수 있다는 점에서 엄청난 매력을 가지고 있다.#@문장구분# 수학과 경제에 관해서는 두말할 것도 없다.#@문장구분# 수라고 한다면, 경제만큼 수가 관계된 분야는 없다고 생각한다.#@문장구분# 너무 생각나는 게 많지만 이것하나는 정말 수학사에 큰 영향을 미쳤다고 생각한다.#@문장구분# 바로 자연대수, 자연상수, 네이피어수 e의 발명이다.#@문장구분# e가 바로 복리법의 탄생과함께 고안된 것이다.#@문장구분# 비록 정의는 무한과 극한에 의해 정의되었지만, 그 시초는, 고안의 시초는 다름아닌 경제 문제, 돈 문제 때문이었던 것이다.#@문장구분# e는 특히 수학적 의미가 가득하다.#@문장구분# 파이 이후 두번째로 발견된 초월수이고, 자연로그의 밑이며, 이 e라는 상수를 통해 미적분의 계산에 큰 도움이 되었다.#@문장구분# 이러한 e에 대해 얘기를 하는 이유는 그만큼 경제와 수학이 떼어놓을 수 없는 관계라는 것이다.#@문장구분# ",
      "paragraph_len": 1191,
      "paragraph_id": "002"
    },
    {
      "paragraph_txt": "저자는 수학을 얼마나 제대로 이해하고 있는지 혹은 못하고 있는지, 그것을 깨닫는 것만으로도 의미있는 일이다라고 말한다.#@문장구분# 누군가는 세상 모든 분야를 수학이 장악하고 있다고 말한다.#@문장구분# 또 누군가는 모든 학문 중에 가장 뛰어난 학문이 수학이라고 주장한다.#@문장구분# 이러한주장들의 옳고 그름을 떠나 수학이 삶의 모든 분야에 관여하고 있는 것만은 확실하다#@문장구분#. 난 이 책을 통해 수학의 필요성을 다시 한 번 되새기는 기회를 가질 수 있었다.#@문장구분#",
      "paragraph_len": 333,
      "paragraph_id": "003"
    }
  ],
  "score": {
    "paragraph_score": [
      {
        "paragraph_scoreT": [
          3,
          2.8333333,
          2
        ],
        "paragraph_scoreT_detail": {
          "paragraph_scoreT_exp": [
            [
              3,
              3,
              3
            ],
            [
              3,
              3,
              2
            ],
            [
              2,
              2,
              2
            ]
          ]
        },
        "paragraph_scoreT_avg": 2.611111,
        "paragraph_id": "001"
      },
      {
        "paragraph_scoreT": [
          3,
          2.8333333,
          2
        ],
        "paragraph_scoreT_detail": {
          "paragraph_scoreT_exp": [
            [
              3,
              3,
              3
            ],
            [
              3,
              3,
              2
            ],
            [
              2,
              2,
              2
            ]
          ]
        },
        "paragraph_scoreT_avg": 2.611111,
        "paragraph_id": "002"
      },
      {
        "paragraph_scoreT": [
          3,
          2.8333333,
          2
        ],
        "paragraph_scoreT_detail": {
          "paragraph_scoreT_exp": [
            [
              3,
              3,
              3
            ],
            [
              3,
              3,
              2
            ],
            [
              2,
              2,
              2
            ]
          ]
        },
        "paragraph_scoreT_avg": 2.611111,
        "paragraph_id": "003"
      }
    ],
    "essay_scoreT": [
      30,
      26.5,
      23.166666
    ],
    "essay_scoreT_avg": 26.555555,
    "essay_scoreT_detail": {
      "essay_scoreT_org": [
        [
          3,
          3,
          3,
          3
        ],
        [
          2,
          2,
          3,
          3
        ],
        [
          2,
          2,
          3,
          3
        ]
      ],
      "essay_scoreT_cont": [
        [
          3,
          3,
          0,
          3
        ],
        [
          3,
          2,
          0,
          3
        ],
        [
          3,
          2,
          0,
          3
        ]
      ],
      "essay_scoreT_exp": [
        [
          3,
          3,
          3
        ],
        [
          3,
          3,
          2
        ],
        [
          2,
          2,
          2
        ]
      ]
    }
  },
  "student": {
    "date": "2021.09.13",
    "student_educated": true,
    "student_grade": "고등_1학년",
    "location": "063",
    "student_grade_group": "고등",
    "student_reading": 1
  },
  "rubric": {
    "essay_grade": "고등_1학년",
    "organization_weight": {
      "org_paragraph": 2,
      "org": 2,
      "org_essay": 4,
      "org_coherence": 2,
      "org_quantity": 1
    },
    "essay_type": "설명글",
    "content_weight": {
      "con_clearance": 4,
      "con_novelty": 3,
      "con": 4,
      "con_prompt": 0,
      "con_description": 1
    },
    "essay_main_subject": "영화/독서감상문",
    "expression_weight": {
      "exp_style": 1,
      "exp_grammar": 2,
      "exp_vocab": 3,
      "exp": 4
    }
  },
  "correction": [],
  "info": {
    "essay_id": "ESSAY_34357",
    "essay_prompt": " 영화에는 로맨스, 액션, 스릴러 등 정말 많은 장르가 있습니다. 사람마다 좋아하는 장르가 있고 절대 보지 않는 장르도 있습니다.\r\n\r\n 독서도 마찬가지입니다. 소설, 수필, 시, 만화, 위인전 등 여러가지 장르가 있습니다.\r\n\r\n 여러분은 어떤 장르를 좋아하나요? 그리고 해당 장르에서 가장 재미있게 봤던 영화나 책은 무엇인가요?\r\n\r\n 자신이 봤던 영화 혹은 책을 한 편 선정하여 주제와 내용 그리고 느낀점을 감상문으로 작성해주세요.",
    "essay_type": "설명글",
    "essay_level": "3",
    "essay_len": 1629,
    "essay_main_subject": "영화/독서감상문"
  }
}