{
  "paragraph": [
    {
      "paragraph_txt": "내가 최근에 본 영화는 베테랑이라는 영화인데 이미 개봉한지 좀 지났지만 TV에서 재방송을 하게 되어 보게 되었다#@문장구분# 정의만을 추구하고 불의를 참지 못하는 경찰과 돈이면 거의 다 해결되는 세상에서 무서울게 없는 재벌 3세와 대결구도를 이루고 있었다.#@문장구분# 폭언과 폭해을 일삼고 분노를 참지 못하는 재벌 3세를 보고 의문이 생겼다.#@문장구분# 돈이 나라에서 손꼽을 만큼 많은데 왜 행복하지 못하고 사회에서 문제를 일으킬까?#@문장구분#\n그리하여 나는 경찰과 재벌3세의 대결 구도 보다는 재벌3세가 행복하지 못하는 이유에 중점을 두고 보게되었다#@문장구분# 그러다보니 재벌3세의 입장도 어느정도 이해해볼수있었다.#@문장구분# 그는 재벌3세라는 직책에 대한 막중한 책임감 또 다른 형제들과 경영권이 걸린 세력다툼 이러한 사회적 기대에 부응하지 못하는 자신에 대한 실망감이 그를 더 궁지로 몰아넣고 있는 것 같았다.#@문장구분# 그의 입장에서 보다보니 영화에서 정해준대로 그를 적으로 보지않고\n오히려 측은한 마음을 가지고 보게된것같다.#@문장구분#",
      "paragraph_len": 639,
      "paragraph_id": "001"
    }
  ],
  "score": {
    "paragraph_score": [
      {
        "paragraph_scoreT": [
          2,
          2.8333333,
          2
        ],
        "paragraph_scoreT_detail": {
          "paragraph_scoreT_exp": [
            [
              2,
              2,
              2
            ],
            [
              3,
              3,
              2
            ],
            [
              2,
              2,
              2
            ]
          ]
        },
        "paragraph_scoreT_avg": 2.2777777,
        "paragraph_id": "001"
      }
    ],
    "essay_scoreT": [
      17.277779,
      25.11111,
      15.777778
    ],
    "essay_scoreT_avg": 19.38889,
    "essay_scoreT_detail": {
      "essay_scoreT_org": [
        [
          2,
          2,
          2,
          1
        ],
        [
          2,
          2,
          2,
          1
        ],
        [
          2,
          2,
          2,
          1
        ]
      ],
      "essay_scoreT_cont": [
        [
          1,
          2,
          0,
          1
        ],
        [
          3,
          2,
          0,
          2
        ],
        [
          1,
          1,
          0,
          1
        ]
      ],
      "essay_scoreT_exp": [
        [
          2,
          2,
          2
        ],
        [
          3,
          3,
          2
        ],
        [
          2,
          2,
          2
        ]
      ]
    }
  },
  "student": {
    "date": "2021.09.03",
    "student_educated": true,
    "student_grade": "고등_1학년",
    "location": "051",
    "student_grade_group": "고등",
    "student_reading": 2
  },
  "rubric": {
    "essay_grade": "고등_1학년",
    "organization_weight": {
      "org_paragraph": 2,
      "org": 2,
      "org_essay": 4,
      "org_coherence": 2,
      "org_quantity": 1
    },
    "essay_type": "설명글",
    "content_weight": {
      "con_clearance": 4,
      "con_novelty": 3,
      "con": 4,
      "con_prompt": 0,
      "con_description": 1
    },
    "essay_main_subject": "영화/독서감상문",
    "expression_weight": {
      "exp_style": 1,
      "exp_grammar": 2,
      "exp_vocab": 3,
      "exp": 4
    }
  },
  "correction": [],
  "info": {
    "essay_id": "ESSAY_34298",
    "essay_prompt": " 영화에는 로맨스, 액션, 스릴러 등 정말 많은 장르가 있습니다. 사람마다 좋아하는 장르가 있고 절대 보지 않는 장르도 있습니다.\r\n\r\n 독서도 마찬가지입니다. 소설, 수필, 시, 만화, 위인전 등 여러가지 장르가 있습니다.\r\n\r\n 여러분은 어떤 장르를 좋아하나요? 그리고 해당 장르에서 가장 재미있게 봤던 영화나 책은 무엇인가요?\r\n\r\n 자신이 봤던 영화 혹은 책을 한 편 선정하여 주제와 내용 그리고 느낀점을 감상문으로 작성해주세요.",
    "essay_type": "설명글",
    "essay_level": "3",
    "essay_len": 479,
    "essay_main_subject": "영화/독서감상문"
  }
}