{
  "paragraph": [
    {
      "paragraph_txt": "나는 이 책의 제목을 보고 선인장이 무엇을 의미하는 물건인지에 대한 궁금증이 생겼고, 호기심으로 인해 책을 읽게 되었다.#@문장구분# 트레스데일티라는 남자는 전에 사랑하던 여자의 결혼식에 오게 된다. #@문장구분#거기서 과거의 악몽들에 대해 떠오르게 되고 왜 고백을 받지 못했는지에대해 다시 떠올리게 된다.#@문장구분# 트레스데일과 신부는 서로 마음에 들었었다.#@문장구분# 트레스데일은 괜한 자존심때문에 스페인어를 유창하게 잘 한다고 했고 신부는 그걸 완전히 믿었다.#@문장구분# 그때 트레스데일이 고백을 했고 신부는 부끄러워 직접적인 답을 주기를 꺼렸다.#@문장구분# 그래서 나중에 답을 준다고했고 트레스디일은 그 짧은 정적동안 기쁨을 누렸다.#@문장구분# 다음날 트레스데일은 계속 답을 기다렸고 토기에 담긴 선인장이 온다.#@문장구분# 하지만 그것의 의미를 모르고 답이 오기만을 계속 기다린다.#@문장구분# 몇일 뒤 다시 만나게 되고 서로 기다리다가 결국 멀어지게 된다.#@문장구분# 선인장의 의미는 스페인어로 와서 데려가라는 의미였고 그것을 몰랐던 트레스데일은 후회하게된다.#@문장구분# 나는 괜한 허세를 부리지 말고 진실을 말하며 살자는 교훈을 얻었다.#@문장구분# 근데 나는 트레스데일이 의미를 묻지않고 계속 기다리는 모습이 너무 바보같았다.#@문장구분# 나였으면 그냥 의미를 물었을텐데 그냥 기다리고 있었기 때문이다.#@문장구분# 나는 궁금한 건 후회없도록 꼭 물어야겠다고 다짐했다.#@문장구분#",
      "paragraph_len": 927,
      "paragraph_id": "001"
    }
  ],
  "score": {
    "paragraph_score": [
      {
        "paragraph_scoreT": [
          1.8333334,
          2.8333333,
          1.8333334
        ],
        "paragraph_scoreT_detail": {
          "paragraph_scoreT_exp": [
            [
              2,
              2,
              1
            ],
            [
              3,
              3,
              2
            ],
            [
              2,
              2,
              1
            ]
          ]
        },
        "paragraph_scoreT_avg": 2.1666667,
        "paragraph_id": "001"
      }
    ],
    "essay_scoreT": [
      15.333333,
      27.11111,
      18.5
    ],
    "essay_scoreT_avg": 20.314814,
    "essay_scoreT_detail": {
      "essay_scoreT_org": [
        [
          2,
          2,
          1,
          1
        ],
        [
          3,
          3,
          3,
          2
        ],
        [
          2,
          2,
          3,
          3
        ]
      ],
      "essay_scoreT_cont": [
        [
          1,
          1,
          0,
          1
        ],
        [
          3,
          2,
          0,
          2
        ],
        [
          2,
          1,
          0,
          2
        ]
      ],
      "essay_scoreT_exp": [
        [
          2,
          2,
          2
        ],
        [
          3,
          3,
          2
        ],
        [
          2,
          2,
          1
        ]
      ]
    }
  },
  "student": {
    "date": "2021.09.13",
    "student_educated": true,
    "student_grade": "고등_1학년",
    "location": "063",
    "student_grade_group": "고등",
    "student_reading": 1
  },
  "rubric": {
    "essay_grade": "고등_1학년",
    "organization_weight": {
      "org_paragraph": 2,
      "org": 2,
      "org_essay": 4,
      "org_coherence": 2,
      "org_quantity": 1
    },
    "essay_type": "설명글",
    "content_weight": {
      "con_clearance": 4,
      "con_novelty": 3,
      "con": 4,
      "con_prompt": 0,
      "con_description": 1
    },
    "essay_main_subject": "영화/독서감상문",
    "expression_weight": {
      "exp_style": 1,
      "exp_grammar": 2,
      "exp_vocab": 3,
      "exp": 4
    }
  },
  "correction": [],
  "info": {
    "essay_id": "ESSAY_34477",
    "essay_prompt": " 영화에는 로맨스, 액션, 스릴러 등 정말 많은 장르가 있습니다. 사람마다 좋아하는 장르가 있고 절대 보지 않는 장르도 있습니다.\r\n\r\n 독서도 마찬가지입니다. 소설, 수필, 시, 만화, 위인전 등 여러가지 장르가 있습니다.\r\n\r\n 여러분은 어떤 장르를 좋아하나요? 그리고 해당 장르에서 가장 재미있게 봤던 영화나 책은 무엇인가요?\r\n\r\n 자신이 봤던 영화 혹은 책을 한 편 선정하여 주제와 내용 그리고 느낀점을 감상문으로 작성해주세요.",
    "essay_type": "설명글",
    "essay_level": "3",
    "essay_len": 627,
    "essay_main_subject": "영화/독서감상문"
  }
}