{
  "paragraph": [
    {
      "paragraph_txt": "'remarkable robots'이라는 책제목을 처음 봤을 때 현대 로봇기술에 대한 책인 줄 알았다.#@문장구분# 뭐 로봇에 관한 이야기를 하고 있는 것은 맞지만 내가 생각하는 AI같은 인공지능을 다루는 그런 책이 아니였다.#@문장구분#\n공장용 로봇의 발전도 설명하고 있고 기계실이나 지하실 같은 곳에 사람이 드나드는지 알려주는 열감지 시스템 같은 비교적 현대에 이미 여러방면으로 활용되고 있는 그런 기계들이 소개되고 있어서\n조금 실망했을지도 모른다.#@문장구분# 하지만 그런 것들에 대해 내가 모두 다 아는 것도 아니기 때문에 책을 안읽을 이유는 전혀 없다고 본다.#@문장구분# 책에서는 기계의 등장으로 생산성이 대폭 향상되었고 그러인해 발생\n하는 유지비나 인건비가 줄어 생산비용이 줄게 되었다고 한다.#@문장구분# 또 로봇 강아지나 로봇 청소기 같은 가정용 로봇도 소개하고 있었는데 이것은 거의 내가 알고 있는 부분이라 별로 흥미있게 보지는 않았다.#@문장구분#",
      "paragraph_len": 563,
      "paragraph_id": "001"
    }
  ],
  "score": {
    "paragraph_score": [
      {
        "paragraph_scoreT": [
          2,
          2.8333333,
          2
        ],
        "paragraph_scoreT_detail": {
          "paragraph_scoreT_exp": [
            [
              2,
              2,
              2
            ],
            [
              3,
              3,
              2
            ],
            [
              2,
              2,
              2
            ]
          ]
        },
        "paragraph_scoreT_avg": 2.2777777,
        "paragraph_id": "001"
      }
    ],
    "essay_scoreT": [
      19.277779,
      25.11111,
      17.777779
    ],
    "essay_scoreT_avg": 20.722223,
    "essay_scoreT_detail": {
      "essay_scoreT_org": [
        [
          2,
          2,
          2,
          1
        ],
        [
          2,
          2,
          2,
          1
        ],
        [
          2,
          2,
          2,
          1
        ]
      ],
      "essay_scoreT_cont": [
        [
          2,
          2,
          0,
          1
        ],
        [
          3,
          2,
          0,
          2
        ],
        [
          2,
          1,
          0,
          1
        ]
      ],
      "essay_scoreT_exp": [
        [
          2,
          2,
          2
        ],
        [
          3,
          3,
          2
        ],
        [
          2,
          2,
          2
        ]
      ]
    }
  },
  "student": {
    "date": "2021.09.10",
    "student_educated": true,
    "student_grade": "고등_1학년",
    "location": "063",
    "student_grade_group": "고등",
    "student_reading": 1
  },
  "rubric": {
    "essay_grade": "고등_1학년",
    "organization_weight": {
      "org_paragraph": 2,
      "org": 2,
      "org_essay": 4,
      "org_coherence": 2,
      "org_quantity": 1
    },
    "essay_type": "설명글",
    "content_weight": {
      "con_clearance": 4,
      "con_novelty": 3,
      "con": 4,
      "con_prompt": 0,
      "con_description": 1
    },
    "essay_main_subject": "영화/독서감상문",
    "expression_weight": {
      "exp_style": 1,
      "exp_grammar": 2,
      "exp_vocab": 3,
      "exp": 4
    }
  },
  "correction": [],
  "info": {
    "essay_id": "ESSAY_34330",
    "essay_prompt": " 영화에는 로맨스, 액션, 스릴러 등 정말 많은 장르가 있습니다. 사람마다 좋아하는 장르가 있고 절대 보지 않는 장르도 있습니다.\r\n\r\n 독서도 마찬가지입니다. 소설, 수필, 시, 만화, 위인전 등 여러가지 장르가 있습니다.\r\n\r\n 여러분은 어떤 장르를 좋아하나요? 그리고 해당 장르에서 가장 재미있게 봤던 영화나 책은 무엇인가요?\r\n\r\n 자신이 봤던 영화 혹은 책을 한 편 선정하여 주제와 내용 그리고 느낀점을 감상문으로 작성해주세요.",
    "essay_type": "설명글",
    "essay_level": "3",
    "essay_len": 444,
    "essay_main_subject": "영화/독서감상문"
  }
}