{
  "paragraph": [
    {
      "paragraph_txt": "영어시간에 Light! Camera! Action!이라는 책을 읽었다.#@문장구분# 이 책은 영화를 만들 때의 과정과 우리가 단순히 보는 영화의 스크린 밖 영화감독, 출연진들의 고충을 알 수 있는 영화이다.#@문장구분# 이 책을 읽으면서 나는 영화감독이 쉬운 직업이 아니고 큰 안목이 필요하며, 감각적으로 여러 장면을 잘 연출할 수 있는 인물이어야 함을 깨달았고, 영상에 관련된 작업들이 마냥 쉽지는 않다는 것을 깨달았다.#@문장구분# 또, 영상<br/>편집과 영화 감독은 꽤 거리가 있는(다른) 직업이라는 것을 알았다.#@문장구분# 내 꿈이 영상편집자인데, 영화계열인지 범위도 확실히 정하여야겠다고 느꼈다.#@문장구분# 그리고 이 책을, 영화 감독이나 영화 연출 관련, 혹은 스태프 관련 종사자가 꿈인 학생들에게, 추천해주고 싶다.#@문장구분# 나는 이책을 통해 다시금 영상편집의 어려움을 실감하였다.#@문장구분#<br/>",
      "paragraph_len": 564,
      "paragraph_id": "001"
    }
  ],
  "score": {
    "paragraph_score": [
      {
        "paragraph_scoreT": [
          1.8333334,
          1.8333334,
          1.8333334
        ],
        "paragraph_scoreT_detail": {
          "paragraph_scoreT_exp": [
            [
              2,
              2,
              1
            ],
            [
              2,
              2,
              1
            ],
            [
              2,
              2,
              1
            ]
          ]
        },
        "paragraph_scoreT_avg": 1.8333334,
        "paragraph_id": "001"
      }
    ],
    "essay_scoreT": [
      18.222221,
      17.61111,
      15.777778
    ],
    "essay_scoreT_avg": 17.203703,
    "essay_scoreT_detail": {
      "essay_scoreT_org": [
        [
          2,
          1,
          1,
          1
        ],
        [
          2,
          2,
          2,
          1
        ],
        [
          1,
          1,
          2,
          1
        ]
      ],
      "essay_scoreT_cont": [
        [
          2,
          2,
          0,
          2
        ],
        [
          2,
          1,
          0,
          2
        ],
        [
          2,
          1,
          0,
          1
        ]
      ],
      "essay_scoreT_exp": [
        [
          2,
          2,
          1
        ],
        [
          2,
          2,
          1
        ],
        [
          2,
          2,
          1
        ]
      ]
    }
  },
  "student": {
    "date": "2021.09.10",
    "student_educated": true,
    "student_grade": "고등_1학년",
    "location": "063",
    "student_grade_group": "고등",
    "student_reading": 1
  },
  "rubric": {
    "essay_grade": "고등_1학년",
    "organization_weight": {
      "org_paragraph": 2,
      "org": 2,
      "org_essay": 4,
      "org_coherence": 2,
      "org_quantity": 1
    },
    "essay_type": "설명글",
    "content_weight": {
      "con_clearance": 4,
      "con_novelty": 3,
      "con": 4,
      "con_prompt": 0,
      "con_description": 1
    },
    "essay_main_subject": "영화/독서감상문",
    "expression_weight": {
      "exp_style": 1,
      "exp_grammar": 2,
      "exp_vocab": 3,
      "exp": 4
    }
  },
  "correction": [],
  "info": {
    "essay_id": "ESSAY_34721",
    "essay_prompt": " 영화에는 로맨스, 액션, 스릴러 등 정말 많은 장르가 있습니다. 사람마다 좋아하는 장르가 있고 절대 보지 않는 장르도 있습니다.\r\n\r\n 독서도 마찬가지입니다. 소설, 수필, 시, 만화, 위인전 등 여러가지 장르가 있습니다.\r\n\r\n 여러분은 어떤 장르를 좋아하나요? 그리고 해당 장르에서 가장 재미있게 봤던 영화나 책은 무엇인가요?\r\n\r\n 자신이 봤던 영화 혹은 책을 한 편 선정하여 주제와 내용 그리고 느낀점을 감상문으로 작성해주세요.",
    "essay_type": "설명글",
    "essay_level": "3",
    "essay_len": 404,
    "essay_main_subject": "영화/독서감상문"
  }
}