{
  "paragraph": [
    {
      "paragraph_txt": "나는 이 책을 서점에 가서 문제집을 사면서 아무런 생각 없이 서점 책을 둘러보고 있었는데, 과학 한 잔 하실래요? 라는 특이한 이름의 책이 있어서 이 책을 읽게 되었습니다.#@문장구분# 우리나라는 참 신기하게도 학생들을 문과, 이과로 나눠 놓는다.#@문장구분# 그 중에서 나는 이과이다.#@문장구분# 이과라 과학에 흥미가 많아서 이 책을 골라서 펴는데까지 그리 오래 걸리지는 않았다.#@문장구분# 이 책은 내가 배우는 과학을 실생활에 관련된 과학에 대해 정확히 다루고 있다.#@문장구분# 그래서 그런지 더 흥미롭게 이책을 읽을 수 있었다.#@문장구분# 이 책의 표지에는 커피 그림이 있다.#@문장구분# 이 책의 초대에는 왜 커피를 표지로 하였는지 이유가 나온다.#@문장구분# 과학이란 우연과 필연의 열매, 커피 한잔에 깃든 명상과도 같은 것이다. 라는 저자의 주관이 있기에 저자는 커피를 통해 소개하려 한것일것이다.#@문장구분# 또한 이 책은 각 파트당 이야기가 굉장히 짧다는거다.#@문장구분# 한 주제당 많아야지 장?#@문장구분# 한마디로 주제에 관련된 핵심 내용들만 담겨있다.#@문장구분# 그래서 더욱이 이책을 읽으면서 지루하지 않았고 오히려 짧다는 느낌까지 가질 수 있었다.#@문장구분# 이책은 나도 학생이기에 나같은 학생들에게 추천해주고 싶다.#@문장구분#",
      "paragraph_len": 833,
      "paragraph_id": "001"
    }
  ],
  "score": {
    "paragraph_score": [
      {
        "paragraph_scoreT": [
          3,
          2.8333333,
          2
        ],
        "paragraph_scoreT_detail": {
          "paragraph_scoreT_exp": [
            [
              3,
              3,
              3
            ],
            [
              3,
              3,
              2
            ],
            [
              2,
              2,
              2
            ]
          ]
        },
        "paragraph_scoreT_avg": 2.611111,
        "paragraph_id": "001"
      }
    ],
    "essay_scoreT": [
      29.777779,
      26,
      18.5
    ],
    "essay_scoreT_avg": 24.75926,
    "essay_scoreT_detail": {
      "essay_scoreT_org": [
        [
          3,
          3,
          3,
          2
        ],
        [
          2,
          3,
          3,
          1
        ],
        [
          2,
          2,
          2,
          2
        ]
      ],
      "essay_scoreT_cont": [
        [
          3,
          3,
          0,
          3
        ],
        [
          3,
          2,
          0,
          2
        ],
        [
          2,
          1,
          0,
          2
        ]
      ],
      "essay_scoreT_exp": [
        [
          3,
          3,
          3
        ],
        [
          3,
          3,
          2
        ],
        [
          2,
          2,
          2
        ]
      ]
    }
  },
  "student": {
    "date": "2021.09.13",
    "student_educated": true,
    "student_grade": "고등_1학년",
    "location": "063",
    "student_grade_group": "고등",
    "student_reading": 1
  },
  "rubric": {
    "essay_grade": "고등_1학년",
    "organization_weight": {
      "org_paragraph": 2,
      "org": 2,
      "org_essay": 4,
      "org_coherence": 2,
      "org_quantity": 1
    },
    "essay_type": "설명글",
    "content_weight": {
      "con_clearance": 4,
      "con_novelty": 3,
      "con": 4,
      "con_prompt": 0,
      "con_description": 1
    },
    "essay_main_subject": "영화/독서감상문",
    "expression_weight": {
      "exp_style": 1,
      "exp_grammar": 2,
      "exp_vocab": 3,
      "exp": 4
    }
  },
  "correction": [],
  "info": {
    "essay_id": "ESSAY_34343",
    "essay_prompt": " 영화에는 로맨스, 액션, 스릴러 등 정말 많은 장르가 있습니다. 사람마다 좋아하는 장르가 있고 절대 보지 않는 장르도 있습니다.\r\n\r\n 독서도 마찬가지입니다. 소설, 수필, 시, 만화, 위인전 등 여러가지 장르가 있습니다.\r\n\r\n 여러분은 어떤 장르를 좋아하나요? 그리고 해당 장르에서 가장 재미있게 봤던 영화나 책은 무엇인가요?\r\n\r\n 자신이 봤던 영화 혹은 책을 한 편 선정하여 주제와 내용 그리고 느낀점을 감상문으로 작성해주세요.",
    "essay_type": "설명글",
    "essay_level": "3",
    "essay_len": 553,
    "essay_main_subject": "영화/독서감상문"
  }
}