{
  "paragraph": [
    {
      "paragraph_txt": "먼저 제목인 순이삼촌은 말 그대로 순이의 삼촌을 뜻한다.#@문장구분# 작중 순이 삼촌은 황폐화된 삶을 살아가다가 자살을 선택하게 되는 인물이다.#@문장구분# 이러한 순이삼촌의 비극적인 삶의 시작은 파출소 기피증에서 시작된다.#@문장구분# 30년전 그해 음력 12월 19일 국군에 의해 학교운동장에 소집된 마을 사람들이 무참하게 참살당하였는데 순이삼촌은 그 현장에서 두 아이를 잃고 극적으로 살아남게 된다.#@문장구분# 하지만 이날이후 순이삼촌은 경찰과 관련된 모든 것에 기피증을 가지게 되고 나중에 되서는 환청까지 듣게된다.#@문장구분# 이후 메주콩사건으로 결벽증까지 가지게되었으며 환청증세까지 보이게 되었다.#@문장구분# 이후 평생 그날의 사건으로 인한 충격에서 벗어나지 못한채 두 자식이 묻힌 옴팔방에서 사람의 뼈와 탄피등을 골라내며 과부로 살아가다가 환청을 듣고 그날의 비극을 떠올려 꿩약을 먹고 자살하게 된다.#@문장구분# 이야기는 제주도 4.3사건을 배경으로 만들어졌다고 한다.#@문장구분# 이 이야기를 읽고 순이삼촌을 포함한 당대사람들에게 동정심이 들었고 현대시대에 살아가는 것에 다시금 감사하게 되었다.#@문장구분# 더불어 지금의 평화로운 사회를 만들어내기 위해 노력해온 사람들에게 감사의 마음을 전하고 싶다.#@문장구분#",
      "paragraph_len": 765,
      "paragraph_id": "001"
    }
  ],
  "score": {
    "paragraph_score": [
      {
        "paragraph_scoreT": [
          2,
          2.8333333,
          1.8333334
        ],
        "paragraph_scoreT_detail": {
          "paragraph_scoreT_exp": [
            [
              2,
              2,
              2
            ],
            [
              3,
              3,
              2
            ],
            [
              2,
              2,
              1
            ]
          ]
        },
        "paragraph_scoreT_avg": 2.222222,
        "paragraph_id": "001"
      }
    ],
    "essay_scoreT": [
      14.444445,
      24,
      17.833334
    ],
    "essay_scoreT_avg": 18.75926,
    "essay_scoreT_detail": {
      "essay_scoreT_org": [
        [
          1,
          2,
          1,
          1
        ],
        [
          2,
          3,
          3,
          1
        ],
        [
          2,
          2,
          2,
          2
        ]
      ],
      "essay_scoreT_cont": [
        [
          1,
          1,
          0,
          1
        ],
        [
          2,
          2,
          0,
          2
        ],
        [
          2,
          1,
          0,
          2
        ]
      ],
      "essay_scoreT_exp": [
        [
          2,
          2,
          2
        ],
        [
          3,
          3,
          2
        ],
        [
          2,
          2,
          1
        ]
      ]
    }
  },
  "student": {
    "date": "2021.09.13",
    "student_educated": true,
    "student_grade": "고등_1학년",
    "location": "063",
    "student_grade_group": "고등",
    "student_reading": 1
  },
  "rubric": {
    "essay_grade": "고등_1학년",
    "organization_weight": {
      "org_paragraph": 2,
      "org": 2,
      "org_essay": 4,
      "org_coherence": 2,
      "org_quantity": 1
    },
    "essay_type": "설명글",
    "content_weight": {
      "con_clearance": 4,
      "con_novelty": 3,
      "con": 4,
      "con_prompt": 0,
      "con_description": 1
    },
    "essay_main_subject": "영화/독서감상문",
    "expression_weight": {
      "exp_style": 1,
      "exp_grammar": 2,
      "exp_vocab": 3,
      "exp": 4
    }
  },
  "correction": [],
  "info": {
    "essay_id": "ESSAY_34432",
    "essay_prompt": " 영화에는 로맨스, 액션, 스릴러 등 정말 많은 장르가 있습니다. 사람마다 좋아하는 장르가 있고 절대 보지 않는 장르도 있습니다.\r\n\r\n 독서도 마찬가지입니다. 소설, 수필, 시, 만화, 위인전 등 여러가지 장르가 있습니다.\r\n\r\n 여러분은 어떤 장르를 좋아하나요? 그리고 해당 장르에서 가장 재미있게 봤던 영화나 책은 무엇인가요?\r\n\r\n 자신이 봤던 영화 혹은 책을 한 편 선정하여 주제와 내용 그리고 느낀점을 감상문으로 작성해주세요.",
    "essay_type": "설명글",
    "essay_level": "3",
    "essay_len": 565,
    "essay_main_subject": "영화/독서감상문"
  }
}