{
  "paragraph": [
    {
      "paragraph_txt": "the cactus는 주인공인 trysdale위주로 흘러가는 사랑이야기이다.#@문장구분# 교과서에서 읽게되었는데 아쉽게도 교과서에서는 축약본이여서 내용은 알수있었지만 원작을 확실히 보았던건 아니다.#@문장구분# 하지만 본문에 대한 내용은 충분히 이해할수있었는데 책의 흐름구조는 현재시간과 trysdale이 회상하는 것이 자꾸 교차되어 나온다. #@문장구분#사실 처음 이소설을 읽었을때 내용은 사랑이야기인데 왜 제목은 선인장일까 생각을하다 이 궁금증이 풀리게된게 결국 이책에서 가장 기억에 남는부분이 되었다.#@문장구분# 바로 주인공과 주인공에게 사랑에 빠진 여인과 아주 연관이 있는 물체가 선인장이기 때문이다.#@문장구분# 책에 내용에 따르면 주인공은 사랑에 빠진 여자주인공의 달콤한 칭찬때문에 그녀를 실망시킬수없어서 스페인어를 유창하게 한다고 말했다.#@문장구분# 결국이게 복선이 되어버리는데 여자주인공은 trysdale이 스페인어를 잘한다고 생각하고 주인공이 청혼을 한후 대답으로 스페인어를 선인장에 매달아 보냈는데 그는 자신이 한말때문에 그글귀를 이해못하면서 둘의 사이는 서먹해지고 멀어지면서 결국 여자주인공은 다른남자와 결혼하게된다.#@문장구분# 이부분에서 와닿은건 마지막에 그 선인장에 적힌 글귀의 뜻을 알았을때 그때의 주인공의 심정이 너무 씁쓸하게 슬펐으며  자신이 사랑한사람에게 만큼은 거짓말을 하지말고 솔직해지는것이 더 낫다고 생각이들었다.#@문장구분# 또한 단지 스페인어로 글귀 하나때문에 사랑하는사이가 갈라지는건 너무 안타까운 사실이였다.#@문장구분#",
      "paragraph_len": 883,
      "paragraph_id": "001"
    }
  ],
  "score": {
    "paragraph_score": [
      {
        "paragraph_scoreT": [
          2,
          2.5,
          1
        ],
        "paragraph_scoreT_detail": {
          "paragraph_scoreT_exp": [
            [
              2,
              2,
              2
            ],
            [
              2,
              3,
              2
            ],
            [
              1,
              1,
              1
            ]
          ]
        },
        "paragraph_scoreT_avg": 1.8333334,
        "paragraph_id": "001"
      }
    ],
    "essay_scoreT": [
      21.777779,
      26.5,
      14.222222
    ],
    "essay_scoreT_avg": 20.833334,
    "essay_scoreT_detail": {
      "essay_scoreT_org": [
        [
          2,
          2,
          2,
          1
        ],
        [
          3,
          3,
          3,
          3
        ],
        [
          1,
          1,
          1,
          2
        ]
      ],
      "essay_scoreT_cont": [
        [
          3,
          2,
          0,
          2
        ],
        [
          3,
          2,
          0,
          3
        ],
        [
          2,
          1,
          0,
          1
        ]
      ],
      "essay_scoreT_exp": [
        [
          2,
          2,
          2
        ],
        [
          2,
          3,
          2
        ],
        [
          1,
          2,
          1
        ]
      ]
    }
  },
  "student": {
    "date": "2021.09.10",
    "student_educated": true,
    "student_grade": "고등_1학년",
    "location": "063",
    "student_grade_group": "고등",
    "student_reading": 1
  },
  "rubric": {
    "essay_grade": "고등_1학년",
    "organization_weight": {
      "org_paragraph": 2,
      "org": 2,
      "org_essay": 4,
      "org_coherence": 2,
      "org_quantity": 1
    },
    "essay_type": "설명글",
    "content_weight": {
      "con_clearance": 4,
      "con_novelty": 3,
      "con": 4,
      "con_prompt": 0,
      "con_description": 1
    },
    "essay_main_subject": "영화/독서감상문",
    "expression_weight": {
      "exp_style": 1,
      "exp_grammar": 2,
      "exp_vocab": 3,
      "exp": 4
    }
  },
  "correction": [],
  "info": {
    "essay_id": "ESSAY_34649",
    "essay_prompt": " 영화에는 로맨스, 액션, 스릴러 등 정말 많은 장르가 있습니다. 사람마다 좋아하는 장르가 있고 절대 보지 않는 장르도 있습니다.\r\n\r\n 독서도 마찬가지입니다. 소설, 수필, 시, 만화, 위인전 등 여러가지 장르가 있습니다.\r\n\r\n 여러분은 어떤 장르를 좋아하나요? 그리고 해당 장르에서 가장 재미있게 봤던 영화나 책은 무엇인가요?\r\n\r\n 자신이 봤던 영화 혹은 책을 한 편 선정하여 주제와 내용 그리고 느낀점을 감상문으로 작성해주세요.",
    "essay_type": "설명글",
    "essay_level": "3",
    "essay_len": 704,
    "essay_main_subject": "영화/독서감상문"
  }
}