{
  "paragraph": [
    {
      "paragraph_txt": "SKY 캐슬은 내가 인상 깊게 본 드라마 중 하나이다.#@문장구분# 교육 분야, 특히 입시분야에 대해 관심이 많던 나는 이 책을 E북에서 발견하고 무 조건 읽어야겠다고 다짐을 하고 읽기 시작하였다.#@문장구분#\nSKY캐슬을 방영하는 중 교육부에서는 고액 컨설팅을 단속하겠다고 할 정도로 인기가 심하였으며, SKY캐슬을 보고 학부모들이 오히려 입시 컨설턴트를 찾는 등 드라마의 제작 의도와는 다르게 흘러가는 현상들이 있었다.#@문장구분#\n영어권 문화에서 등장인물과 양육방식을 매치시키는 관련된 활동을 했는데, 이보다 더 심화적으로 들어가 학습을 할 수 있었던 기회 가 된 것 같다.#@문장구분#\n드라마 여러번 보긴 했지만 이런 것 까지 생각을 하지 못한 점이 있었다.#@문장구분#\n가장 인상 깊었던 점은 한서진과 김주영의 이야기인데, 한서진은 영리한 헬리콥터의 맘이라고 불리며, 자식을 위해 무엇이든 할 수 있 는 사람으로 변해간다.#@문장구분# 김주영은 인간다운 모습보다 악마 다운 모습이 강하고 사람의 심리를 잘 이용할 줄 아는 세뇌전문 루시퍼라고 불리게 된다.#@문장구분#\n또한, 선한 역할을 했던 작가 이수임이 왜 사람들에게 좋은 평가를 못받는지에 대해 말하고 있다.#@문장구분# 현실과는 좀 떨어진 거리에 있다던지, 자신에게 문제가 닥쳤을때는 해결하기가 어렵다라던지라는 점이다.#@문장구분# 이수임은 악에 대해 적절하게 싸우지 못하고 오히려 피해를 보게 된다.#@문장구분#\nSKY 캐슬에 대해 더 자세히 알아보니 단순히 입시문제만을 담고 있는 것이 아닌 이를 통한 가족 관계의 종류에 대해 더 자세하게 알 수 있었던 계기가 된 것 같다.#@문장구분#\n교육학에 대해 더 전문적으로 배울 기회가 된다면 더 파고 들어가고 싶다.#@문장구분#",
      "paragraph_len": 1019,
      "paragraph_id": "001"
    }
  ],
  "score": {
    "paragraph_score": [
      {
        "paragraph_scoreT": [
          2.5,
          2,
          1.8333334
        ],
        "paragraph_scoreT_detail": {
          "paragraph_scoreT_exp": [
            [
              2,
              3,
              2
            ],
            [
              2,
              2,
              2
            ],
            [
              2,
              2,
              1
            ]
          ]
        },
        "paragraph_scoreT_avg": 2.1111112,
        "paragraph_id": "001"
      }
    ],
    "essay_scoreT": [
      20.5,
      20,
      18.444445
    ],
    "essay_scoreT_avg": 19.648148,
    "essay_scoreT_detail": {
      "essay_scoreT_org": [
        [
          2,
          2,
          2,
          2
        ],
        [
          2,
          2,
          2,
          2
        ],
        [
          1,
          2,
          2,
          2
        ]
      ],
      "essay_scoreT_cont": [
        [
          2,
          1,
          0,
          2
        ],
        [
          2,
          2,
          0,
          2
        ],
        [
          2,
          2,
          0,
          2
        ]
      ],
      "essay_scoreT_exp": [
        [
          2,
          3,
          2
        ],
        [
          2,
          2,
          2
        ],
        [
          2,
          2,
          1
        ]
      ]
    }
  },
  "student": {
    "date": "2021.09.07",
    "student_educated": true,
    "student_grade": "고등_1학년",
    "location": "063",
    "student_grade_group": "고등",
    "student_reading": 3
  },
  "rubric": {
    "essay_grade": "고등_1학년",
    "organization_weight": {
      "org_paragraph": 2,
      "org": 2,
      "org_essay": 4,
      "org_coherence": 2,
      "org_quantity": 1
    },
    "essay_type": "설명글",
    "content_weight": {
      "con_clearance": 4,
      "con_novelty": 3,
      "con": 4,
      "con_prompt": 0,
      "con_description": 1
    },
    "essay_main_subject": "영화/독서감상문",
    "expression_weight": {
      "exp_style": 1,
      "exp_grammar": 2,
      "exp_vocab": 3,
      "exp": 4
    }
  },
  "correction": [],
  "info": {
    "essay_id": "ESSAY_34595",
    "essay_prompt": " 영화에는 로맨스, 액션, 스릴러 등 정말 많은 장르가 있습니다. 사람마다 좋아하는 장르가 있고 절대 보지 않는 장르도 있습니다.\r\n\r\n 독서도 마찬가지입니다. 소설, 수필, 시, 만화, 위인전 등 여러가지 장르가 있습니다.\r\n\r\n 여러분은 어떤 장르를 좋아하나요? 그리고 해당 장르에서 가장 재미있게 봤던 영화나 책은 무엇인가요?\r\n\r\n 자신이 봤던 영화 혹은 책을 한 편 선정하여 주제와 내용 그리고 느낀점을 감상문으로 작성해주세요.",
    "essay_type": "설명글",
    "essay_level": "3",
    "essay_len": 779,
    "essay_main_subject": "영화/독서감상문"
  }
}