{
  "paragraph": [
    {
      "paragraph_txt": "사실 반려동물을 좋아하는 편은 아니나 의학분야 및 생명과학 분야에 관심이 많아 이 책을 읽게 되었다.#@문장구분#\n이 책에서는 수의사의 일상과 어떻게 치료를 하는지에 대해 흔하게 접할 수 없었던 문제들이 담겨져있었다.#@문장구분#\n수의사는 단순히 반려동물을 치료할 뿐만아니라 교감도 할 수 있어야 하는 직업이라 생각한다.#@문장구분# 즉, 동물들과 직접 대화를 하는 것 같은 느낌이 있어야 한다고 생각을 하였다.#@문장구분# 그래서 어떻게 생각하면 의사보다 더 난이도가 높은 직업이라 볼 수도 있다고 생각을 한다.#@문장구분#\n또한 마지막에 우리가 보기 어려운 의학적인 단어들을 설명해주어 확실하게 알 수 있게 되었다.#@문장구분# 이로인해 어휘력이 더 늘어 나게 된 기회인 것 같다.#@문장구분#\n추가적으로 동물별로도 치료 방법이 다를 것이라고 나는 생각하는데, 각 동물마다 어떻게 치료를 할 수 있을지에 대해 더 자세히 알고 싶다는 생각이 들게 하였다.#@문장구분#\n나는 이 책을 의학분야에 관심이 있거나 애완동물에 관심이 있는 학생들에게 추천을 해주고 싶은 책이다.#@문장구분# 추가적으로 의학이나 생명과학 분야를 희망하는 학생이 많은데 이런 학생들을 위해 이 분야를 늘려주었으면 좋겠다고 생각하였다.#@문장구분#",
      "paragraph_len": 756,
      "paragraph_id": "001"
    }
  ],
  "score": {
    "paragraph_score": [
      {
        "paragraph_scoreT": [
          2,
          2.5,
          1.8333334
        ],
        "paragraph_scoreT_detail": {
          "paragraph_scoreT_exp": [
            [
              2,
              2,
              2
            ],
            [
              2,
              3,
              2
            ],
            [
              2,
              2,
              1
            ]
          ]
        },
        "paragraph_scoreT_avg": 2.1111112,
        "paragraph_id": "001"
      }
    ],
    "essay_scoreT": [
      21.777779,
      26.277779,
      17.333334
    ],
    "essay_scoreT_avg": 21.796297,
    "essay_scoreT_detail": {
      "essay_scoreT_org": [
        [
          2,
          2,
          2,
          1
        ],
        [
          3,
          3,
          3,
          2
        ],
        [
          2,
          2,
          2,
          2
        ]
      ],
      "essay_scoreT_cont": [
        [
          3,
          2,
          0,
          2
        ],
        [
          3,
          2,
          0,
          3
        ],
        [
          2,
          1,
          0,
          1
        ]
      ],
      "essay_scoreT_exp": [
        [
          2,
          2,
          2
        ],
        [
          2,
          3,
          2
        ],
        [
          2,
          2,
          1
        ]
      ]
    }
  },
  "student": {
    "date": "2021.09.10",
    "student_educated": true,
    "student_grade": "고등_1학년",
    "location": "063",
    "student_grade_group": "고등",
    "student_reading": 1
  },
  "rubric": {
    "essay_grade": "고등_1학년",
    "organization_weight": {
      "org_paragraph": 2,
      "org": 2,
      "org_essay": 4,
      "org_coherence": 2,
      "org_quantity": 1
    },
    "essay_type": "설명글",
    "content_weight": {
      "con_clearance": 4,
      "con_novelty": 3,
      "con": 4,
      "con_prompt": 0,
      "con_description": 1
    },
    "essay_main_subject": "영화/독서감상문",
    "expression_weight": {
      "exp_style": 1,
      "exp_grammar": 2,
      "exp_vocab": 3,
      "exp": 4
    }
  },
  "correction": [],
  "info": {
    "essay_id": "ESSAY_34653",
    "essay_prompt": " 영화에는 로맨스, 액션, 스릴러 등 정말 많은 장르가 있습니다. 사람마다 좋아하는 장르가 있고 절대 보지 않는 장르도 있습니다.\r\n\r\n 독서도 마찬가지입니다. 소설, 수필, 시, 만화, 위인전 등 여러가지 장르가 있습니다.\r\n\r\n 여러분은 어떤 장르를 좋아하나요? 그리고 해당 장르에서 가장 재미있게 봤던 영화나 책은 무엇인가요?\r\n\r\n 자신이 봤던 영화 혹은 책을 한 편 선정하여 주제와 내용 그리고 느낀점을 감상문으로 작성해주세요.",
    "essay_type": "설명글",
    "essay_level": "3",
    "essay_len": 557,
    "essay_main_subject": "영화/독서감상문"
  }
}