{
  "paragraph": [
    {
      "paragraph_txt": "주인공인 트라이스데일은 못하는것 하나없는 완벽한 사람처럼 보인다#@문장구분# 그의 여자친구에게만 말이다.#@문장구분# 그는 그녀에게 잘보이고 싶어하는 마음으로 그녀에게 스페인어를 잘한다고 거짓말을 치게된다.#@문장구분# 그는 그녀에게 청혼을 하게되고 그녀는 그에게 시간을 조금 달라고한다.#@문장구분# 그가 스페인어를 잘 할꺼라는 착각속에 빠진 그의 여자친구는 식물의 이름표 같은 것이 붙어있는 한 선인장을 받게된다.#@문장구분# 식물의\n이름표에 적혀있는 벤토마르네의 뜻을 모르는 그이기에 결혼이 성사되는일은 없었고 그후 그녀는 다른이와 결혼하게된다.#@문장구분# 그 결혼식에서 만난 절친이자 그녀의 오빠를 만나 그 선인장에 대하여 이야기를 하게되고 그것이 그녀의 청혼에 대한 대답이라는 사실임을 알게된다.#@문장구분# 허영심으로 가득찬 그는 그녀의 청혼의 대답을 알수없었고 그렇게 그녀를 남에게 빼앗긴 것이다.#@문장구분#\n자신을 잘 보이려고 하는것은 나쁜일은 아니나 사실에 기반하지 않는다면 그것은 그저 허영심으로 가득찬 기만일 뿐인것이다.#@문장구분#",
      "paragraph_len": 652,
      "paragraph_id": "001"
    }
  ],
  "score": {
    "paragraph_score": [
      {
        "paragraph_scoreT": [
          3,
          2.3333333,
          2
        ],
        "paragraph_scoreT_detail": {
          "paragraph_scoreT_exp": [
            [
              3,
              3,
              3
            ],
            [
              3,
              2,
              2
            ],
            [
              2,
              2,
              2
            ]
          ]
        },
        "paragraph_scoreT_avg": 2.4444444,
        "paragraph_id": "001"
      }
    ],
    "essay_scoreT": [
      25.555555,
      21.11111,
      17.777779
    ],
    "essay_scoreT_avg": 21.481482,
    "essay_scoreT_detail": {
      "essay_scoreT_org": [
        [
          3,
          3,
          3,
          1
        ],
        [
          2,
          2,
          2,
          1
        ],
        [
          2,
          2,
          2,
          1
        ]
      ],
      "essay_scoreT_cont": [
        [
          2,
          2,
          0,
          2
        ],
        [
          2,
          2,
          0,
          2
        ],
        [
          2,
          1,
          0,
          1
        ]
      ],
      "essay_scoreT_exp": [
        [
          3,
          3,
          3
        ],
        [
          3,
          2,
          2
        ],
        [
          2,
          2,
          2
        ]
      ]
    }
  },
  "student": {
    "date": "2021.09.10",
    "student_educated": true,
    "student_grade": "고등_1학년",
    "location": "063",
    "student_grade_group": "고등",
    "student_reading": 1
  },
  "rubric": {
    "essay_grade": "고등_1학년",
    "organization_weight": {
      "org_paragraph": 2,
      "org": 2,
      "org_essay": 4,
      "org_coherence": 2,
      "org_quantity": 1
    },
    "essay_type": "설명글",
    "content_weight": {
      "con_clearance": 4,
      "con_novelty": 3,
      "con": 4,
      "con_prompt": 0,
      "con_description": 1
    },
    "essay_main_subject": "영화/독서감상문",
    "expression_weight": {
      "exp_style": 1,
      "exp_grammar": 2,
      "exp_vocab": 3,
      "exp": 4
    }
  },
  "correction": [],
  "info": {
    "essay_id": "ESSAY_34319",
    "essay_prompt": " 영화에는 로맨스, 액션, 스릴러 등 정말 많은 장르가 있습니다. 사람마다 좋아하는 장르가 있고 절대 보지 않는 장르도 있습니다.\r\n\r\n 독서도 마찬가지입니다. 소설, 수필, 시, 만화, 위인전 등 여러가지 장르가 있습니다.\r\n\r\n 여러분은 어떤 장르를 좋아하나요? 그리고 해당 장르에서 가장 재미있게 봤던 영화나 책은 무엇인가요?\r\n\r\n 자신이 봤던 영화 혹은 책을 한 편 선정하여 주제와 내용 그리고 느낀점을 감상문으로 작성해주세요.",
    "essay_type": "설명글",
    "essay_level": "3",
    "essay_len": 473,
    "essay_main_subject": "영화/독서감상문"
  }
}