{
  "paragraph": [
    {
      "paragraph_txt": "이책은 질문의 중요성에 대해 다룬 책이다.#@문장구분# 내가 이책을 읽고 가장 인상깊었던 부분은 링컨의 반대 신문에 대한 내용이였는데 링컨은 그 반대 신문을 통해서 자기가 원하는 답을 정확히 알아냈다.#@문장구분# 이를 통해서 질문을 잘만 이용하면 어디서든 좋은 결과를 얻을수 있겠구나를 깨달았다.#@문장구분# 내가 생각하기에 요즘 아이들은 질문하는 법을 모르는것 같다.#@문장구분# 학교에서 수업을 들어도 질문을하는 학생이 거의 없다.#@문장구분#\n막상 그 친구는 이해를 하지 못했는데도 말이다.#@문장구분# 이책을 통해서 나는 앞으로 질문을 열심히 해야겠다고 생각했다.#@문장구분# 이책에서 여러 현재 사회적 리더에 위치에 잇는 사람들을 조사했더니 질문을 많이 한다는 공통점이잇다고 밝혔다.#@문장구분# 이는 사회적리더의 필수조건에 질문하는 법이 있다는것을 뜻한다.#@문장구분# 나도 질문을 많이하여 사회적 리더에 적합하게 생각하는 법을 배워야 겠다고 깨달았다.#@문장구분#",
      "paragraph_len": 621,
      "paragraph_id": "001"
    }
  ],
  "score": {
    "paragraph_score": [
      {
        "paragraph_scoreT": [
          2.6666667,
          2,
          1.8333334
        ],
        "paragraph_scoreT_detail": {
          "paragraph_scoreT_exp": [
            [
              2,
              3,
              3
            ],
            [
              2,
              2,
              2
            ],
            [
              2,
              2,
              1
            ]
          ]
        },
        "paragraph_scoreT_avg": 2.1666667,
        "paragraph_id": "001"
      }
    ],
    "essay_scoreT": [
      25.777779,
      20,
      17.277779
    ],
    "essay_scoreT_avg": 21.018518,
    "essay_scoreT_detail": {
      "essay_scoreT_org": [
        [
          3,
          3,
          2,
          1
        ],
        [
          2,
          2,
          2,
          2
        ],
        [
          1,
          1,
          2,
          1
        ]
      ],
      "essay_scoreT_cont": [
        [
          3,
          2,
          0,
          2
        ],
        [
          2,
          2,
          0,
          2
        ],
        [
          2,
          2,
          0,
          1
        ]
      ],
      "essay_scoreT_exp": [
        [
          2,
          3,
          3
        ],
        [
          2,
          2,
          2
        ],
        [
          2,
          2,
          1
        ]
      ]
    }
  },
  "student": {
    "date": "2021.09.10",
    "student_educated": true,
    "student_grade": "고등_1학년",
    "location": "063",
    "student_grade_group": "고등",
    "student_reading": 1
  },
  "rubric": {
    "essay_grade": "고등_1학년",
    "organization_weight": {
      "org_paragraph": 2,
      "org": 2,
      "org_essay": 4,
      "org_coherence": 2,
      "org_quantity": 1
    },
    "essay_type": "설명글",
    "content_weight": {
      "con_clearance": 4,
      "con_novelty": 3,
      "con": 4,
      "con_prompt": 0,
      "con_description": 1
    },
    "essay_main_subject": "영화/독서감상문",
    "expression_weight": {
      "exp_style": 1,
      "exp_grammar": 2,
      "exp_vocab": 3,
      "exp": 4
    }
  },
  "correction": [],
  "info": {
    "essay_id": "ESSAY_34606",
    "essay_prompt": " 영화에는 로맨스, 액션, 스릴러 등 정말 많은 장르가 있습니다. 사람마다 좋아하는 장르가 있고 절대 보지 않는 장르도 있습니다.\r\n\r\n 독서도 마찬가지입니다. 소설, 수필, 시, 만화, 위인전 등 여러가지 장르가 있습니다.\r\n\r\n 여러분은 어떤 장르를 좋아하나요? 그리고 해당 장르에서 가장 재미있게 봤던 영화나 책은 무엇인가요?\r\n\r\n 자신이 봤던 영화 혹은 책을 한 편 선정하여 주제와 내용 그리고 느낀점을 감상문으로 작성해주세요.",
    "essay_type": "설명글",
    "essay_level": "3",
    "essay_len": 422,
    "essay_main_subject": "영화/독서감상문"
  }
}