{
  "paragraph": [
    {
      "paragraph_txt": "인터넷으로 `보헤미안 랩소디`라는 영화를 보게 되었다.#@문장구분#   나는 보헤미안 랩소리라는 노래를 영화보다 먼저 접했기에 예전부터 영화를 보고 싶은 마음이 컸었다.#@문장구분#   이 영화는 퀸이라는 밴드의 일대기를 담은 영화인데 팀의 구성과정부터 위기, 극복의 과정들이 보여졌다.#@문장구분#  간략하게 내용을 알아보자면 머큐리는 다른 사람과는 다른 구강구조를 가지고 있어서 장점이자 단점이기도 했다.#@문장구분# 우연한 기회로 밴드에 가입하게 되었고, 유명세를 타기 시작하면서 `퀸`이라는 밴드로 활동하게 되었다 배드활동의 전성기 와중에 머큐리는 자신이 양성애자라는 것을 깨닫고 사치스러운 생활을 줄기다가 머큐리의 탈퇴로 인해 퀸은 해체되고 말았다#@문장구분# 엎친데 덮친 격으로 에이즈에 걸렸고 남은 인생을 퀸의 일원으로 동료와 함께 지내기 위해 그리고 음악가의 꿈을 달성하기 위해서 동료와 화해하고 설득하며 거대한 공연이 출연한다.#@문장구분# 그 곳에서 완벽한 공연을 끝마치고 남은 여생은 즐겁게 지내다가 돌아가신 것을 끝으로 영화가 끝이 났다.#@문장구분#  영화를 접해보지 않고 노래만 들어봤을 때도 전율이 돋을 정도로 아름다운 노래였는데 영화 안에서 들어보니 더욱 몰입해서 들을 수 있었던 것 같다.#@문장구분#  양성애자에 대해 깊은 생각을 해본적이 없고 주위에서도 보지 못해서 공감하지 못했지만, 재미있게 봤던 것 같다.#@문장구분#",
      "paragraph_len": 820,
      "paragraph_id": "001"
    }
  ],
  "score": {
    "paragraph_score": [
      {
        "paragraph_scoreT": [
          3,
          2.8333333,
          2
        ],
        "paragraph_scoreT_detail": {
          "paragraph_scoreT_exp": [
            [
              3,
              3,
              3
            ],
            [
              3,
              3,
              2
            ],
            [
              2,
              2,
              2
            ]
          ]
        },
        "paragraph_scoreT_avg": 2.611111,
        "paragraph_id": "001"
      }
    ],
    "essay_scoreT": [
      30,
      25.777779,
      22.444445
    ],
    "essay_scoreT_avg": 26.074074,
    "essay_scoreT_detail": {
      "essay_scoreT_org": [
        [
          3,
          3,
          3,
          3
        ],
        [
          2,
          2,
          3,
          2
        ],
        [
          2,
          2,
          3,
          2
        ]
      ],
      "essay_scoreT_cont": [
        [
          3,
          3,
          0,
          3
        ],
        [
          3,
          2,
          0,
          2
        ],
        [
          3,
          2,
          0,
          2
        ]
      ],
      "essay_scoreT_exp": [
        [
          3,
          3,
          3
        ],
        [
          3,
          3,
          2
        ],
        [
          2,
          2,
          2
        ]
      ]
    }
  },
  "student": {
    "date": "2021.09.03",
    "student_educated": true,
    "student_grade": "고등_1학년",
    "location": "051",
    "student_grade_group": "고등",
    "student_reading": 1
  },
  "rubric": {
    "essay_grade": "고등_1학년",
    "organization_weight": {
      "org_paragraph": 2,
      "org": 2,
      "org_essay": 4,
      "org_coherence": 2,
      "org_quantity": 1
    },
    "essay_type": "설명글",
    "content_weight": {
      "con_clearance": 4,
      "con_novelty": 3,
      "con": 4,
      "con_prompt": 0,
      "con_description": 1
    },
    "essay_main_subject": "영화/독서감상문",
    "expression_weight": {
      "exp_style": 1,
      "exp_grammar": 2,
      "exp_vocab": 3,
      "exp": 4
    }
  },
  "correction": [],
  "info": {
    "essay_id": "ESSAY_34295",
    "essay_prompt": " 영화에는 로맨스, 액션, 스릴러 등 정말 많은 장르가 있습니다. 사람마다 좋아하는 장르가 있고 절대 보지 않는 장르도 있습니다.\r\n\r\n 독서도 마찬가지입니다. 소설, 수필, 시, 만화, 위인전 등 여러가지 장르가 있습니다.\r\n\r\n 여러분은 어떤 장르를 좋아하나요? 그리고 해당 장르에서 가장 재미있게 봤던 영화나 책은 무엇인가요?\r\n\r\n 자신이 봤던 영화 혹은 책을 한 편 선정하여 주제와 내용 그리고 느낀점을 감상문으로 작성해주세요.",
    "essay_type": "설명글",
    "essay_level": "3",
    "essay_len": 641,
    "essay_main_subject": "영화/독서감상문"
  }
}