{
  "paragraph": [
    {
      "paragraph_txt": "두 유토피아를 그려보자.#@문장구분# 하나는 능력주의 사회고 다른 하나는 마이클 샌델이 생각하는, 그러니까 공동체주의 사회다.#@문장구분# 능력주의 사회에서는 능력에 따라 부와 명예가 분배되고 이는 언제든 바뀔 수 있다.#@문장구분# 공동체주의 사회에서는 모두 자기가 사회에 기여하고 있음을 믿으며 연대의식 속에서 살아간다.#@문장구분# 내가 지금 공동체주의 사회에서는 능력에 따라 분배되지 않는다고 말하고 있는 건 아니다.#@문장구분# 다만 저것이 각 사회에서 가장 근본이 되는 믿음일 뿐이다.#@문장구분#\n능력주의 사회의 모든 이들은, 특히 하층계급은 자신의 환경을 개선하려 노력할 것이다.#@문장구분# 모두 부와 명망이 사회적 기여와 비례한다고 믿기 때문에 더 나은 위치에 대한 일종의 집착이 생길 것이다.#@문장구분# 예를 들어 청소부는 자기 낮은 소득이 자신이 사회에 적게 기여하는 걸 뜻한다고 생각한다.#@문장구분# 그래서 청소부는 자기 직업이 다른 직업보다 천하다고 생각하고 그렇기에 더 귀한 직업을 구하기 위해 노력할 것이다.#@문장구분# 이게 능력주의 유토피아에 있는 모두의 사고방식이다.#@문장구분# 모든 이가 더 귀한 직업, 혹은 더 많은 소득, 곧 더 많은 기여를 위해 노력하는 것.#@문장구분# 그렇기에 덜 노력하는 이, 그러니까 실적이 더 나쁜 이는(능력주의를 뜻하는 meritocracy는 실적주의 또는 업적주의라고도 번역한다.) 도태된다.#@문장구분# 실적에 따라 부와 명망이 분배되고 언제나 사회적 위치가 바뀌는 것, 이것이 능력주의 이상이다.#@문장구분# \n공동체주의 유토피아에서는 하층계급도 소득말고는 자기 직업에 만족할 것이다.#@문장구분# 모두가 사회에 기여하고 있음을 믿고 서로 인정하고 인정받기 때문이다.#@문장구분# 모두 사회적 연대 속에서 살아간다.#@문장구분# 이 사회에서 누군가가 더 소득이 높은 직업을 얻으려는 이유는 더 많은 돈이 필요하기 때문이다.#@문장구분# 물론 정치적 권력, 부와 명예 따위 이유가 있지만 적어도 소득이 더 높은 직업이 더 명망 있고 귀하기 때문은 아니다.#@문장구분# \n두 사회에서 가장 두드러지는 차이는 하층 계급의 태도다.#@문장구분# 능력주의 사회에서 하층계급은 소득이 더 높은 직업에 집착하지만 공동체주의 사회에서 하층계급은 자기 직업에 만족한다.#@문장구분# 샌델은 하층계급의 집착을 문제삼으며 능력주의를 비판한다.#@문장구분# 집착은 경쟁으로 이어지고 경쟁은 곧 개인주의, 계급간 균열으로 이어지기 때문이다.#@문장구분# 또한 유토피아에서는 직업의 귀천에 관한 인식이 집착으로, 그러니까 동기부여로 나타나지만 현실에서는 하층 계급에게는 굴욕과 체념으로, 상층 계급에게는 오만으로 나타나기 때문이다.#@문장구분# 현실 능력주의 사회에서 각 개인은 사회에서 통합되거나 연대의식을 느끼지도 못하고 건전한 정신을 갖지도 못하게 된다.#@문장구분# 그렇기 때문에 샌델은 모든 이가 사회적 명망을 얻고 연대의식을 느낄 수 있도록 해야 한다고 주장한다.#@문장구분# \n이제 필요한 것은 어떻게 지금 사회를 능력주의에서 공동체주의로 바꾸느냐다.#@문장구분# 먼저 지금까지 어떻게 해서 능력주의를 받아들였고 그 문제가 나타났는지를 보자.#@문장구분# 능력주의가 나타난 근본적인 배경은 공정함에 대한 요구다.#@문장구분# 모두 자기 능력에 따라 사회적 위치가 결정되길 바랐던 것이다.#@문장구분# 이 요구의 동기는 세습 귀족에 대한 반발이었고 목표 또한 세습귀족제를 해체하는 것이다. #@문장구분#그 수단으로 제시된 것이 SAT와 인재선별기로서 역할을 받은 대학이다.#@문장구분# 이 해결책은 따로 대졸자와 비대졸자를 가르는 학력주의라는 문제를 빚었다.#@문장구분# 능력주의가 가진 문제가 두드러지기 시작한 것은 신자유주의와 기술관료제 때문이다.#@문장구분# 신자유주의는 기존 노동자의 직장과 존엄을 위협했고 기술관료제는 노동자를 국회의원과 정부 관료에서 멀어지게 했으며 신자유주의 때문에 생긴 문제를 해결할 수 없게 했다.#@문장구분# 그리고 그 결과가 극심한 학력주의와 하층계급의 굴욕, 상층계급의 오만인 것이다.#@문장구분# \n샌델은 해결책을 학력주의에 대한 해결과 능력주의에 대한 해결로 나누어서 설명한다.#@문장구분# 학력주의를 해결하는 방법으로서 내세운 것은 직업교육 강화와 대학과 그 밖에서 이루어지는 도덕교육이다.#@문장구분# 내가 여기서 중요하게 생각하는 것은 직업교육에 관한 부분이다.#@문장구분# 학력주의가 이렇게 심해진 이유는 많은 이들이 대학을 공부하는 곳이 아니라 직업을 얻기 위한 길로 보기 때문이다.#@문장구분# 자신이 무슨 직업을 갖고자 하는 지는 모르겠으나 대학을 졸업해서 전공을 살리든 그렇지 못하든 취직을 하는 것이 목표인 것이다.#@문장구분# 나는 이것이 잘못되었다고 생각한다.#@문장구분# 대학은 학문의 상아탑이다.#@문장구분# 대학은 학문을 배우기 위한 곳이지 직업교육을 위한 곳이 아니다.#@문장구분# \n나는 이 문제를 해결하기 위해서 직업교육을 위한 새로운 틀이 필요하다고 생각한다.#@문장구분# 토드 로즈는 '평균의 종말'에서 자격증에 대해 얘기한다. #@문장구분#로즈는 전공이 포함하고 있고 기업이 요구하는 기술을 나눠서 자격증을 만들고 시험을 통해 딸 수 있게 해야 한다고 주장했다.#@문장구분# 예를 들어 컴퓨터 공학과에서는 코딩과 여러 다른 컴퓨터 언어를 가르칠 것이다.#@문장구분# 하지만 그 학위를 갖고 있는 것으로 어떠한 기업이 원하는 언어를 완전히 터득했는지 알기는 어렵다.#@문장구분# 만약 필요한 언어마다 자격증이 있다면 기업은 채용 기준을 간단히 제시할 수 있고 개인도 굳이 여러 언어를 배울 이유는 없을 것이다.#@문장구분# 컴퓨터 공학과는 정말로 배우기를 원하는 이가 가는, 취직에는 큰 도움이 안 되는 곳이 될 것이다.#@문장구분# 나는 이렇게 되면 명문대에 대한 집착이 사라질 뿐 아니라 대학을 졸업할 필요성을 못 느끼게 될 것이라고 생각한다.#@문장구분# \n능력주의가 빚은 문제에 대한 해결책으로서 샌델은 정치인들이 초점을 경제 성장과 기회의 평등에서 일의 기여적 가치로 돌려야 한다고 주장한다.#@문장구분# 정치인들이 어떤 일이 사회에 더 많이 기여하는지 그리고 어떻게 그 일을 장려할건지 논의해야 한다는 것이다.#@문장구분#  나는 능력주의의 문제를 해결하기 위해서 노동자들이 국회의원과 주요 관료에서 차지하는 비율이 늘어나야 한다고 생각한다.#@문장구분# 법과 정책은 모든 국민의 삶에서 큰 부분을 차지한다.#@문장구분# 그런데 법과 정책을 일부 계층만이 결정한다는 것은 터무니 없는 일이다.#@문장구분# 일부 계층에 의한 지배는 과두제와 다를 것이 없다.#@문장구분# 국회의원과 주요 관료는 국민의 인정을 받으려 노력하지만 이 노력은 오로지 권력을 위한 것이며 국민의 선택지 중에 노동자 계급은 없다.#@문장구분# 기본적으로 사람은 자신만을 위해 움직이고 권력은 부패하기 쉽다.#@문장구분# 상층 계급이면서 권력을 가진 이는 기본적으로 상층 계급을 위해 움직이며 하층 계급을 위해 일한다는 마음이 있어도 언제 부패할 지 모른다는 뜻이다.#@문장구분# 노동자를 위한 법과 정책이 나올 수 있는 것은 법과 정책을 만드는 이가 노동자였으며 권력을 잃었을 때 다시 노동자가 될 이일 때 뿐이다.#@문장구분# \n오토 폰 비스마르크는 '정치는 차선책의 예술이다.#@문장구분# 실현 가능성의 예술인 것이다.' 라고 했다.#@문장구분# 잘 아는 이들이 통치하는 기술관료제는 잘 아는 한 명이 통치하는 독재의 차선책이다.#@문장구분# 나에게 이상은 모든 이가 법과 정책 결정에 영향을 끼치는 직접민주주의이고 그 차선책은 각 계층에 속한 대표가 법과 정책을 결정하는 대의민주주의이다.#@문장구분# 이 대의민주주의만이 모든 계층을 위해 통치하는 것이 가능하다.#@문장구분#",
      "paragraph_len": 4681,
      "paragraph_id": "001"
    }
  ],
  "score": {
    "paragraph_score": [
      {
        "paragraph_scoreT": [
          3,
          2.8333333,
          2.8333333
        ],
        "paragraph_scoreT_detail": {
          "paragraph_scoreT_exp": [
            [
              3,
              3,
              3
            ],
            [
              3,
              3,
              2
            ],
            [
              3,
              3,
              2
            ]
          ]
        },
        "paragraph_scoreT_avg": 2.8888886,
        "paragraph_id": "001"
      }
    ],
    "essay_scoreT": [
      30,
      26.722221,
      27.833332
    ],
    "essay_scoreT_avg": 28.185186,
    "essay_scoreT_detail": {
      "essay_scoreT_org": [
        [
          3,
          3,
          3,
          3
        ],
        [
          2,
          3,
          3,
          2
        ],
        [
          3,
          3,
          3,
          3
        ]
      ],
      "essay_scoreT_cont": [
        [
          3,
          3,
          0,
          3
        ],
        [
          3,
          2,
          0,
          3
        ],
        [
          3,
          2,
          0,
          3
        ]
      ],
      "essay_scoreT_exp": [
        [
          3,
          3,
          3
        ],
        [
          3,
          3,
          2
        ],
        [
          3,
          3,
          2
        ]
      ]
    }
  },
  "student": {
    "date": "2021.09.07",
    "student_educated": true,
    "student_grade": "고등_1학년",
    "location": "051",
    "student_grade_group": "고등",
    "student_reading": 3
  },
  "rubric": {
    "essay_grade": "고등_1학년",
    "organization_weight": {
      "org_paragraph": 2,
      "org": 2,
      "org_essay": 4,
      "org_coherence": 2,
      "org_quantity": 1
    },
    "essay_type": "설명글",
    "content_weight": {
      "con_clearance": 4,
      "con_novelty": 3,
      "con": 4,
      "con_prompt": 0,
      "con_description": 1
    },
    "essay_main_subject": "영화/독서감상문",
    "expression_weight": {
      "exp_style": 1,
      "exp_grammar": 2,
      "exp_vocab": 3,
      "exp": 4
    }
  },
  "correction": [],
  "info": {
    "essay_id": "ESSAY_34057",
    "essay_prompt": " 영화에는 로맨스, 액션, 스릴러 등 정말 많은 장르가 있습니다. 사람마다 좋아하는 장르가 있고 절대 보지 않는 장르도 있습니다.\r\n\r\n 독서도 마찬가지입니다. 소설, 수필, 시, 만화, 위인전 등 여러가지 장르가 있습니다.\r\n\r\n 여러분은 어떤 장르를 좋아하나요? 그리고 해당 장르에서 가장 재미있게 봤던 영화나 책은 무엇인가요?\r\n\r\n 자신이 봤던 영화 혹은 책을 한 편 선정하여 주제와 내용 그리고 느낀점을 감상문으로 작성해주세요.",
    "essay_type": "설명글",
    "essay_level": "3",
    "essay_len": 3343,
    "essay_main_subject": "영화/독서감상문"
  }
}