{
  "paragraph": [
    {
      "paragraph_txt": "나는 내가 지금 다니고 있는 인문계 일반 고등학교가 아닌 예술학교와 같이 다른 학교의 삶이 궁금하여 Artists in training 이라는 책을 읽게되었다.#@문장구분#  이 책의 내용은 예술학교에 대한 다양한 정보들과 예술학교의 학생들이 그들의 학교에서 하는 활동에 대해서 세세하게 알려준다.#@문장구분# 책에서 소개되는 이 예술학교는 각각의 학생들이 많은 예술형태를 탐구할 기회를 제공해준다.#@문장구분# ",
      "paragraph_len": 270,
      "paragraph_id": "001"
    },
    {
      "paragraph_txt": "회화, 그림그리기, 도자기 수업뿐만 아니라 음악이나 연극 프로그램의 참여 기회를 제공해주고 심지어 플라멩코, 스페인춤, 그리고 프랑스춤도 배울수있는 기회를 제공해준다.#@문장구분# 학생들은 이러한 다양한 활동들을 배우는 프로그램들의 통해서 자신의 꿈을 실현시키는 기회를 얻고 꿈을 키워나간다.#@문장구분# 또한, 예술학교의 하루는 대부분 다른 고등학교들처럼 시작되기는 하지만 가방을 매고 등교하는 일반학생들과는 다르게 예술가들이 이젤을 끌고 다니거나 학생들이 도예바퀴를 돌리는 모습을 볼 수 있을것이다.#@문장구분# ",
      "paragraph_len": 328,
      "paragraph_id": "002"
    },
    {
      "paragraph_txt": "나는 이책을 읽음을 통해 예술학교에 대해서 알게된 새로운 것은 학생들이 캔버스에 대고 그림을 그리는 것뿐만 아니라 학교 외벽에 벽화를 그릴수 있는 기회를 학교에서 제공하는것이 신기하였다.#@문장구분#",
      "paragraph_len": 124,
      "paragraph_id": "003"
    },
    {
      "paragraph_txt": "그리고 이런 다양한 것들을 배우고 체험을 할수있는 기회가 있는 학교가 있는것에 놀라움을 느꼈고 우리 주변에도 이런학교들이 많이생기면 좋겠다는 생각을 하였다.#@문장구분#",
      "paragraph_len": 107,
      "paragraph_id": "004"
    }
  ],
  "score": {
    "paragraph_score": [
      {
        "paragraph_scoreT": [
          3,
          2.3333333,
          2
        ],
        "paragraph_scoreT_detail": {
          "paragraph_scoreT_exp": [
            [
              3,
              3,
              3
            ],
            [
              3,
              2,
              2
            ],
            [
              2,
              2,
              2
            ]
          ]
        },
        "paragraph_scoreT_avg": 2.4444444,
        "paragraph_id": "001"
      },
      {
        "paragraph_scoreT": [
          3,
          2.3333333,
          2
        ],
        "paragraph_scoreT_detail": {
          "paragraph_scoreT_exp": [
            [
              3,
              3,
              3
            ],
            [
              3,
              2,
              2
            ],
            [
              2,
              2,
              2
            ]
          ]
        },
        "paragraph_scoreT_avg": 2.4444444,
        "paragraph_id": "002"
      },
      {
        "paragraph_scoreT": [
          3,
          2.3333333,
          2
        ],
        "paragraph_scoreT_detail": {
          "paragraph_scoreT_exp": [
            [
              3,
              3,
              3
            ],
            [
              3,
              2,
              2
            ],
            [
              2,
              2,
              2
            ]
          ]
        },
        "paragraph_scoreT_avg": 2.4444444,
        "paragraph_id": "003"
      },
      {
        "paragraph_scoreT": [
          3,
          2.3333333,
          2
        ],
        "paragraph_scoreT_detail": {
          "paragraph_scoreT_exp": [
            [
              3,
              3,
              3
            ],
            [
              3,
              2,
              2
            ],
            [
              2,
              2,
              2
            ]
          ]
        },
        "paragraph_scoreT_avg": 2.4444444,
        "paragraph_id": "004"
      }
    ],
    "essay_scoreT": [
      30,
      23.11111,
      22
    ],
    "essay_scoreT_avg": 25.037039,
    "essay_scoreT_detail": {
      "essay_scoreT_org": [
        [
          3,
          3,
          3,
          3
        ],
        [
          2,
          2,
          2,
          1
        ],
        [
          2,
          2,
          2,
          2
        ]
      ],
      "essay_scoreT_cont": [
        [
          3,
          3,
          0,
          3
        ],
        [
          2,
          2,
          0,
          2
        ],
        [
          3,
          2,
          0,
          2
        ]
      ],
      "essay_scoreT_exp": [
        [
          3,
          3,
          3
        ],
        [
          3,
          3,
          2
        ],
        [
          2,
          2,
          2
        ]
      ]
    }
  },
  "student": {
    "date": "2021.09.13",
    "student_educated": true,
    "student_grade": "고등_1학년",
    "location": "063",
    "student_grade_group": "고등",
    "student_reading": 1
  },
  "rubric": {
    "essay_grade": "고등_1학년",
    "organization_weight": {
      "org_paragraph": 2,
      "org": 2,
      "org_essay": 4,
      "org_coherence": 2,
      "org_quantity": 1
    },
    "essay_type": "설명글",
    "content_weight": {
      "con_clearance": 4,
      "con_novelty": 3,
      "con": 4,
      "con_prompt": 0,
      "con_description": 1
    },
    "essay_main_subject": "영화/독서감상문",
    "expression_weight": {
      "exp_style": 1,
      "exp_grammar": 2,
      "exp_vocab": 3,
      "exp": 4
    }
  },
  "correction": [],
  "info": {
    "essay_id": "ESSAY_34456",
    "essay_prompt": " 영화에는 로맨스, 액션, 스릴러 등 정말 많은 장르가 있습니다. 사람마다 좋아하는 장르가 있고 절대 보지 않는 장르도 있습니다.\r\n\r\n 독서도 마찬가지입니다. 소설, 수필, 시, 만화, 위인전 등 여러가지 장르가 있습니다.\r\n\r\n 여러분은 어떤 장르를 좋아하나요? 그리고 해당 장르에서 가장 재미있게 봤던 영화나 책은 무엇인가요?\r\n\r\n 자신이 봤던 영화 혹은 책을 한 편 선정하여 주제와 내용 그리고 느낀점을 감상문으로 작성해주세요.",
    "essay_type": "설명글",
    "essay_level": "3",
    "essay_len": 675,
    "essay_main_subject": "영화/독서감상문"
  }
}