{
  "paragraph": [
    {
      "paragraph_txt": "#@이름# 선생님과의 논술시간에 눈에 띈 이 책은 1학년때의 고정욱작가님의 강연이 생각나게 하여 손이 갔다.#@문장구분# 또한 이책을 읽으면서 고정욱작가님의 작가가 되기전까지의 얘기가 이야기속의 인물 한명과 비슷해서 더 흥미롭게 읽었다.#@문장구분# 이 책은 소위 '양아치'라고 불리는 '채석'이가 노인복지란으로 사회봉사를 가서 만난 '부라퀴' 할아버지에게 '두리반'(속은 부드럽고 맛있지만, 겉은 울퉁불퉁한 껍질로되어있는 과일)으로도 불리고, '아직 부화하지 않은 알' '아브락사스'로도 불리는데 결말에서 채석이가 완전히 변해 자신의 꿈을 쫓으려는 모습은 정말 인상깊은 비유였다고 생각했다.#@문장구분# 갱생된 채석이를 보고 나또한 자극이 되었다.#@문장구분# 게다가 '부다퀴할아버지'가 얘기한 내용은 채석이에게도 하는 말이지만 나에게도 와 닿았다.#@문장구분#",
      "paragraph_len": 505,
      "paragraph_id": "001"
    }
  ],
  "score": {
    "paragraph_score": [
      {
        "paragraph_scoreT": [
          3,
          2.3333333,
          1.8333334
        ],
        "paragraph_scoreT_detail": {
          "paragraph_scoreT_exp": [
            [
              3,
              3,
              3
            ],
            [
              3,
              2,
              2
            ],
            [
              2,
              2,
              1
            ]
          ]
        },
        "paragraph_scoreT_avg": 2.3888888,
        "paragraph_id": "001"
      }
    ],
    "essay_scoreT": [
      25.555555,
      24,
      17.61111
    ],
    "essay_scoreT_avg": 22.388891,
    "essay_scoreT_detail": {
      "essay_scoreT_org": [
        [
          3,
          3,
          3,
          1
        ],
        [
          2,
          3,
          3,
          1
        ],
        [
          2,
          2,
          2,
          1
        ]
      ],
      "essay_scoreT_cont": [
        [
          2,
          2,
          0,
          2
        ],
        [
          3,
          2,
          0,
          2
        ],
        [
          2,
          1,
          0,
          2
        ]
      ],
      "essay_scoreT_exp": [
        [
          3,
          3,
          3
        ],
        [
          3,
          2,
          2
        ],
        [
          2,
          2,
          1
        ]
      ]
    }
  },
  "student": {
    "date": "2021.09.07",
    "student_educated": true,
    "student_grade": "고등_1학년",
    "location": "051",
    "student_grade_group": "고등",
    "student_reading": 1
  },
  "rubric": {
    "essay_grade": "고등_1학년",
    "organization_weight": {
      "org_paragraph": 2,
      "org": 2,
      "org_essay": 4,
      "org_coherence": 2,
      "org_quantity": 1
    },
    "essay_type": "설명글",
    "content_weight": {
      "con_clearance": 4,
      "con_novelty": 3,
      "con": 4,
      "con_prompt": 0,
      "con_description": 1
    },
    "essay_main_subject": "영화/독서감상문",
    "expression_weight": {
      "exp_style": 1,
      "exp_grammar": 2,
      "exp_vocab": 3,
      "exp": 4
    }
  },
  "correction": [],
  "info": {
    "essay_id": "ESSAY_34166",
    "essay_prompt": " 영화에는 로맨스, 액션, 스릴러 등 정말 많은 장르가 있습니다. 사람마다 좋아하는 장르가 있고 절대 보지 않는 장르도 있습니다.\r\n\r\n 독서도 마찬가지입니다. 소설, 수필, 시, 만화, 위인전 등 여러가지 장르가 있습니다.\r\n\r\n 여러분은 어떤 장르를 좋아하나요? 그리고 해당 장르에서 가장 재미있게 봤던 영화나 책은 무엇인가요?\r\n\r\n 자신이 봤던 영화 혹은 책을 한 편 선정하여 주제와 내용 그리고 느낀점을 감상문으로 작성해주세요.",
    "essay_type": "설명글",
    "essay_level": "3",
    "essay_len": 392,
    "essay_main_subject": "영화/독서감상문"
  }
}