{
  "paragraph": [
    {
      "paragraph_txt": "야구소녀라는 이야기를 처음으로 접하게 된 것은 영화였다.#@문장구분# 하지만 그때 끝까지 다보지 못해서 결말이 궁금해져서 책을 읽어보았다. #@문장구분#이 책을 읽으면서 인상깊은 대사들이 많았지만 그중 2개를 뽑자면 \"사람들이 내 미래를 어떻게 알아요.#@문장구분# 나도 모르는데...\" \"저는 해보지도 않고 포기 안해요.\" 이 대사들이다.#@문장구분# 결코 절대 해보지도 않고 포기 하지 않겠다는 마음이 두 대사에 잘 드러나있는거 같다.#@문장구분# 나도 이 책의 주인공인 주수인 선수처럼 절대 해보지도 않고 포기하지 않을 것이다. #@문장구분#또 주수인 서수처럼 내가 하고 싶은거 열심히 할 것이다.#@문장구분#",
      "paragraph_len": 435,
      "paragraph_id": "001"
    }
  ],
  "score": {
    "paragraph_score": [
      {
        "paragraph_scoreT": [
          1.5,
          2,
          1.6666666
        ],
        "paragraph_scoreT_detail": {
          "paragraph_scoreT_exp": [
            [
              1,
              2,
              1
            ],
            [
              2,
              2,
              2
            ],
            [
              1,
              2,
              2
            ]
          ]
        },
        "paragraph_scoreT_avg": 1.7222222,
        "paragraph_id": "001"
      }
    ],
    "essay_scoreT": [
      14.5,
      18.277779,
      16
    ],
    "essay_scoreT_avg": 16.25926,
    "essay_scoreT_detail": {
      "essay_scoreT_org": [
        [
          1,
          1,
          1,
          1
        ],
        [
          2,
          2,
          2,
          1
        ],
        [
          2,
          2,
          1,
          1
        ]
      ],
      "essay_scoreT_cont": [
        [
          2,
          1,
          0,
          2
        ],
        [
          2,
          1,
          0,
          2
        ],
        [
          2,
          1,
          0,
          1
        ]
      ],
      "essay_scoreT_exp": [
        [
          1,
          2,
          1
        ],
        [
          2,
          2,
          2
        ],
        [
          1,
          2,
          2
        ]
      ]
    }
  },
  "student": {
    "date": "2021.09.10",
    "student_educated": true,
    "student_grade": "고등_1학년",
    "location": "063",
    "student_grade_group": "고등",
    "student_reading": 2
  },
  "rubric": {
    "essay_grade": "고등_1학년",
    "organization_weight": {
      "org_paragraph": 2,
      "org": 2,
      "org_essay": 4,
      "org_coherence": 2,
      "org_quantity": 1
    },
    "essay_type": "설명글",
    "content_weight": {
      "con_clearance": 4,
      "con_novelty": 3,
      "con": 4,
      "con_prompt": 0,
      "con_description": 1
    },
    "essay_main_subject": "영화/독서감상문",
    "expression_weight": {
      "exp_style": 1,
      "exp_grammar": 2,
      "exp_vocab": 3,
      "exp": 4
    }
  },
  "correction": [],
  "info": {
    "essay_id": "ESSAY_34493",
    "essay_prompt": " 영화에는 로맨스, 액션, 스릴러 등 정말 많은 장르가 있습니다. 사람마다 좋아하는 장르가 있고 절대 보지 않는 장르도 있습니다.\r\n\r\n 독서도 마찬가지입니다. 소설, 수필, 시, 만화, 위인전 등 여러가지 장르가 있습니다.\r\n\r\n 여러분은 어떤 장르를 좋아하나요? 그리고 해당 장르에서 가장 재미있게 봤던 영화나 책은 무엇인가요?\r\n\r\n 자신이 봤던 영화 혹은 책을 한 편 선정하여 주제와 내용 그리고 느낀점을 감상문으로 작성해주세요.",
    "essay_type": "설명글",
    "essay_level": "3",
    "essay_len": 295,
    "essay_main_subject": "영화/독서감상문"
  }
}