{
  "paragraph": [
    {
      "paragraph_txt": "요즘 코로나라는 전염병으로 인해 우리의 일상은 180도 달라졌고, 경제침체가 심각한 상황이다.#@문장구분# 우리가 사는 현재는 과학기술의 발달으로 거의 모든 병이 치료가 가능하고 만약 신종전염병이 나와도 빠른시일 내에 백신이 나오는 시대이다.#@문장구분# 전염병은 지금도 코로나로 이렇게 심각한 피해를 입고 있는데 과학기술발달과 백신개발이 안되는 옛날에는 한 대륙의 사람을 죽일만큼 위험했다.#@문장구분# 패스트로 인해 유럽인구의 3분의 1이 죽으며, 유럽이 침체되었으며, 신대륙발견 시에 유럽인이 직접 원주민을 죽인 것보다 전염병으로 사망한 것이 훨씬 많았다고 한다.#@문장구분# 이처럼 새로운 전염병하나가 대륙하나를 멸망 시켜버린 것이다.#@문장구분# 이를보며 전염병이 세계사를 바꾼다는 이 책의 제목은 적절한 것 같다.#@문장구분# 이 책에는 세계사를 바꾼 여러가지 전염병이 나와 있다.#@문장구분#  아마 흑사병이 그 시대에 살던 유럽인에게는 상상도 못 할 공포였을 것이다.#@문장구분# 나는 지금 백신과 의료기술에 감사하며 살아야겠다.#@문장구분#",
      "paragraph_len": 652,
      "paragraph_id": "001"
    }
  ],
  "score": {
    "paragraph_score": [
      {
        "paragraph_scoreT": [
          2,
          2.3333333,
          1.8333334
        ],
        "paragraph_scoreT_detail": {
          "paragraph_scoreT_exp": [
            [
              2,
              2,
              2
            ],
            [
              3,
              2,
              2
            ],
            [
              2,
              2,
              1
            ]
          ]
        },
        "paragraph_scoreT_avg": 2.0555556,
        "paragraph_id": "001"
      }
    ],
    "essay_scoreT": [
      18.5,
      21.11111,
      17.61111
    ],
    "essay_scoreT_avg": 19.074074,
    "essay_scoreT_detail": {
      "essay_scoreT_org": [
        [
          2,
          2,
          2,
          2
        ],
        [
          2,
          2,
          2,
          1
        ],
        [
          2,
          2,
          2,
          1
        ]
      ],
      "essay_scoreT_cont": [
        [
          2,
          1,
          0,
          2
        ],
        [
          2,
          2,
          0,
          2
        ],
        [
          2,
          1,
          0,
          2
        ]
      ],
      "essay_scoreT_exp": [
        [
          2,
          2,
          2
        ],
        [
          3,
          2,
          2
        ],
        [
          2,
          2,
          1
        ]
      ]
    }
  },
  "student": {
    "date": "2021.09.07",
    "student_educated": true,
    "student_grade": "고등_1학년",
    "location": "051",
    "student_grade_group": "고등",
    "student_reading": 1
  },
  "rubric": {
    "essay_grade": "고등_1학년",
    "organization_weight": {
      "org_paragraph": 2,
      "org": 2,
      "org_essay": 4,
      "org_coherence": 2,
      "org_quantity": 1
    },
    "essay_type": "설명글",
    "content_weight": {
      "con_clearance": 4,
      "con_novelty": 3,
      "con": 4,
      "con_prompt": 0,
      "con_description": 1
    },
    "essay_main_subject": "영화/독서감상문",
    "expression_weight": {
      "exp_style": 1,
      "exp_grammar": 2,
      "exp_vocab": 3,
      "exp": 4
    }
  },
  "correction": [],
  "info": {
    "essay_id": "ESSAY_34212",
    "essay_prompt": " 영화에는 로맨스, 액션, 스릴러 등 정말 많은 장르가 있습니다. 사람마다 좋아하는 장르가 있고 절대 보지 않는 장르도 있습니다.\r\n\r\n 독서도 마찬가지입니다. 소설, 수필, 시, 만화, 위인전 등 여러가지 장르가 있습니다.\r\n\r\n 여러분은 어떤 장르를 좋아하나요? 그리고 해당 장르에서 가장 재미있게 봤던 영화나 책은 무엇인가요?\r\n\r\n 자신이 봤던 영화 혹은 책을 한 편 선정하여 주제와 내용 그리고 느낀점을 감상문으로 작성해주세요.",
    "essay_type": "설명글",
    "essay_level": "3",
    "essay_len": 473,
    "essay_main_subject": "영화/독서감상문"
  }
}