{
  "paragraph": [
    {
      "paragraph_txt": "제가 최근에 본 영화는 5월19일에 개봉을 한 분노의 질주: 더 얼티메이트 라는 분노의 질주 시리즈 중 하나입니다.#@문장구분# 분노의 질주: 더 얼티메이트는 돔의 동생인 제이콥이 20년만에 나타나고 제이콥은 사이퍼 라는 악당을 이용해서 세상을 망치게하기 위해 계획을 실행합니다.#@문장구분# 제가 이 부분을 볼때 왜 제이콥이 세상에 불만을 갔고 형인 돔에게 나쁜 짓을 했는지 이해를 하지 못했는데 뒷 부분에서 과거 이야기가 나오면서 그 의문점을 알게 되었고 돔과 제이콥의 아버지가 왜 사망을 한 이유도 함께나와서 마치 사이다를 한 모금 한 듯한 느낌이 들었습니다.#@문장구분# 이후 분노의 질주 멤버들이 돔을 찾아가서 제이콥을 함께 막 자고 했지만 돔은 아이와 행복하게 잘 살고 있었기 때문에 다시는 싸움을 하지 않기로 약속을 했기 때문에 돔은 멤버들의 의견을 뿌리쳤지만 돔의 부인이고 분노의 질주 멤버인 레티는 멤버들과 제이콥을 막기 위해 떠난다.#@문장구분# 이때 레티가 돔을 설득하기 위해 말을 하지만 돔은 그 말도 무시해서 레티는 그냥 가기로 했다.#@문장구분# 하지만 돔은 레티가 한 말을 다시 생각하며 레티와 멤버과 함께 제이콥을 막으러 가는 내용이다.#@문장구분# 저는 레티가 돔을 설득하기 위해서 한 말이 정말 인상 깊었고 첫 부분 부터 자동차를 타며 싸우는 장면이 심장을 쫄게 만들어서 영화를 보는 내내 긴장감을 놓을 수 없었습니다.#@문장구분# 그리고 뒷부분으로 갈 수록 세이퍼가 제이콥을 배신하면서 제이콥이 덤과 함께 손을 잡아서 악당들과 싸우는 장면들이 정말 재미있었고 악당들이 세계를 망하게 하기 위해서 가장 필요 했던 물건을 손에 넣기 위해서 사용한 엄청 큰 자석이 있는데 그 가장 큰 자석을 돔과 멤버들이 가지고 와서 악당들과 싸울때 엄청 유용하게 사용을 하는 장면이 있었는데 그 장면을 보면서 심장이 엄청 쫄렸고 그 장면을 찍을 때 엄청난 시간과 노력이 많이 필요 했겠구나라는 생각이 들었습니다.#@문장구분# 그리고 분노의 질주 더 얼티메이트에서 가장 놀란 장면이 있었는데 그 장면은 한이 돌아 온 것이었습니다.#@문장구분# 한은 분노의 질주 저번 시리즈에서 죽은 사람으로 나왔었는데 그게다 속임수였던 것이 가장 놀랐습니다.#@문장구분# 이렇게 스릴이 있고 액션 영화를 좋아하는 사람들은 분노의 질주를 추천하고 싶습니다.#@문장구분#",
      "paragraph_len": 1298,
      "paragraph_id": "001"
    }
  ],
  "score": {
    "paragraph_score": [
      {
        "paragraph_scoreT": [
          3,
          3,
          1.8333334
        ],
        "paragraph_scoreT_detail": {
          "paragraph_scoreT_exp": [
            [
              3,
              3,
              3
            ],
            [
              3,
              3,
              3
            ],
            [
              2,
              2,
              1
            ]
          ]
        },
        "paragraph_scoreT_avg": 2.6111112,
        "paragraph_id": "001"
      }
    ],
    "essay_scoreT": [
      30,
      30,
      22
    ],
    "essay_scoreT_avg": 27.333334,
    "essay_scoreT_detail": {
      "essay_scoreT_org": [
        [
          3,
          3,
          3,
          3
        ],
        [
          3,
          3,
          3,
          3
        ],
        [
          2,
          2,
          3,
          3
        ]
      ],
      "essay_scoreT_cont": [
        [
          3,
          3,
          0,
          3
        ],
        [
          3,
          3,
          0,
          3
        ],
        [
          3,
          2,
          0,
          2
        ]
      ],
      "essay_scoreT_exp": [
        [
          3,
          3,
          3
        ],
        [
          3,
          3,
          3
        ],
        [
          2,
          2,
          1
        ]
      ]
    }
  },
  "student": {
    "date": "2021.09.13",
    "student_educated": true,
    "student_grade": "고등_1학년",
    "location": "051",
    "student_grade_group": "고등",
    "student_reading": 1
  },
  "rubric": {
    "essay_grade": "고등_1학년",
    "organization_weight": {
      "org_paragraph": 2,
      "org": 2,
      "org_essay": 4,
      "org_coherence": 2,
      "org_quantity": 1
    },
    "essay_type": "설명글",
    "content_weight": {
      "con_clearance": 4,
      "con_novelty": 3,
      "con": 4,
      "con_prompt": 0,
      "con_description": 1
    },
    "essay_main_subject": "영화/독서감상문",
    "expression_weight": {
      "exp_style": 1,
      "exp_grammar": 2,
      "exp_vocab": 3,
      "exp": 4
    }
  },
  "correction": [],
  "info": {
    "essay_id": "ESSAY_34030",
    "essay_prompt": " 영화에는 로맨스, 액션, 스릴러 등 정말 많은 장르가 있습니다. 사람마다 좋아하는 장르가 있고 절대 보지 않는 장르도 있습니다.\r\n\r\n 독서도 마찬가지입니다. 소설, 수필, 시, 만화, 위인전 등 여러가지 장르가 있습니다.\r\n\r\n 여러분은 어떤 장르를 좋아하나요? 그리고 해당 장르에서 가장 재미있게 봤던 영화나 책은 무엇인가요?\r\n\r\n 자신이 봤던 영화 혹은 책을 한 편 선정하여 주제와 내용 그리고 느낀점을 감상문으로 작성해주세요.",
    "essay_type": "설명글",
    "essay_level": "3",
    "essay_len": 1079,
    "essay_main_subject": "영화/독서감상문"
  }
}