{
  "paragraph": [
    {
      "paragraph_txt": "이 책은 영어 수업 시간중, Zoom화상 수업을 이용한 독서 시간을 활용하여 읽게 되었다.#@문장구분#\n미국의 전대통령인 루즈벨트 대통령의 일생에 대한 이야기가 담겨있다.#@문장구분#\n책을 읽기 전에도 루즈벨트 대통령하면 흔히 대공황 당시 뉴딜 정책이나 소아마비를 앓는 사람으로 알고있었다.#@문장구분#\n또한 우리나라도 화폐에 위인들이 실려있는 것처럼 미국의 동전의 뒷면에도 루즈벨트 대통령이 실릴정도로 엄청난 위인이다.#@문장구분#\n그의 일생을 읽으면서 잘 알려지지 않은 그의 어린시절부터 알게 되어 매우 흥미로웠다.#@문장구분#\n마지막 작가의 말에도 그가 없었더라면 지금의 미국은 없었을지도 모른다고 하는 점이 매우 공감되었다.#@문장구분#\n대공황을 이겨내는 정책을 낸 그가 없었다면 정말 그럴지도 모르겠다.#@문장구분#\n그외에도 영어로된 책이다 보니 모르던 영단어가 조금씩 보여 단어공부도 하게 되어 정말 좋았다.#@문장구분#",
      "paragraph_len": 569,
      "paragraph_id": "001"
    }
  ],
  "score": {
    "paragraph_score": [
      {
        "paragraph_scoreT": [
          3,
          2.3333333,
          2
        ],
        "paragraph_scoreT_detail": {
          "paragraph_scoreT_exp": [
            [
              3,
              3,
              3
            ],
            [
              3,
              2,
              2
            ],
            [
              2,
              2,
              2
            ]
          ]
        },
        "paragraph_scoreT_avg": 2.4444444,
        "paragraph_id": "001"
      }
    ],
    "essay_scoreT": [
      27.555555,
      19.777779,
      21.722221
    ],
    "essay_scoreT_avg": 23.018518,
    "essay_scoreT_detail": {
      "essay_scoreT_org": [
        [
          3,
          3,
          3,
          1
        ],
        [
          2,
          2,
          3,
          2
        ],
        [
          2,
          2,
          3,
          1
        ]
      ],
      "essay_scoreT_cont": [
        [
          3,
          2,
          0,
          2
        ],
        [
          1,
          2,
          0,
          2
        ],
        [
          3,
          2,
          0,
          1
        ]
      ],
      "essay_scoreT_exp": [
        [
          3,
          3,
          3
        ],
        [
          3,
          2,
          2
        ],
        [
          2,
          2,
          2
        ]
      ]
    }
  },
  "student": {
    "date": "2021.09.10",
    "student_educated": true,
    "student_grade": "고등_1학년",
    "location": "063",
    "student_grade_group": "고등",
    "student_reading": 2
  },
  "rubric": {
    "essay_grade": "고등_1학년",
    "organization_weight": {
      "org_paragraph": 2,
      "org": 2,
      "org_essay": 4,
      "org_coherence": 2,
      "org_quantity": 1
    },
    "essay_type": "설명글",
    "content_weight": {
      "con_clearance": 4,
      "con_novelty": 3,
      "con": 4,
      "con_prompt": 0,
      "con_description": 1
    },
    "essay_main_subject": "영화/독서감상문",
    "expression_weight": {
      "exp_style": 1,
      "exp_grammar": 2,
      "exp_vocab": 3,
      "exp": 4
    }
  },
  "correction": [],
  "info": {
    "essay_id": "ESSAY_34281",
    "essay_prompt": " 영화에는 로맨스, 액션, 스릴러 등 정말 많은 장르가 있습니다. 사람마다 좋아하는 장르가 있고 절대 보지 않는 장르도 있습니다.\r\n\r\n 독서도 마찬가지입니다. 소설, 수필, 시, 만화, 위인전 등 여러가지 장르가 있습니다.\r\n\r\n 여러분은 어떤 장르를 좋아하나요? 그리고 해당 장르에서 가장 재미있게 봤던 영화나 책은 무엇인가요?\r\n\r\n 자신이 봤던 영화 혹은 책을 한 편 선정하여 주제와 내용 그리고 느낀점을 감상문으로 작성해주세요.",
    "essay_type": "설명글",
    "essay_level": "3",
    "essay_len": 410,
    "essay_main_subject": "영화/독서감상문"
  }
}