{
  "paragraph": [
    {
      "paragraph_txt": "이 책은 영어 시간에 독서활동을 하며 이 책을 읽게 되었다.#@문장구분#\n이 책의 내용은 어느 날 갑자기 주인공 남매가 노트북을 보며 이상한 현상이 나타나며 시작된다.#@문장구분# 그 내용은 화면을 보고 있는 한 사람 에 한하여 최면상태에 빠트리는 것이다.#@문장구분# 그 현상으로 인하여 그들의 아버지가 화면만 바라보고 있자, 남매는 그들의 친구인 ESME에 게 가서 도움을 청한다.#@문장구분#그러나 그도 그것을 해결하지 못하고 있다#@문장구분# 뉴스에서 그 현상이 인공지능이 유발하여 생긴 현상이라는 것을 발 표하여 그들은  인공지능의 권위자인 DROON교수를 찾아간다.#@문장구분# 그리고 그들은 며칠동안 계획을 세우고 그를 실행하며 인공지능을 물리치고 최면에 빠진 사람들을 깨우는데 성공하며 끝이 난다.#@문장구분#\n 이 책에서 흥미로웠던 부분은 책 전체의 내용이 희곡형태로 되어있어 굉장히 신선한 구조라는 느낌을 받으며 내용이 간결하게 눈에 들어올 수 있었다.#@문장구분# 그리고 소재가 인공지능을 소재로 하였는데 마침 최근들어 인공지능에 대한 여러 이슈가 나오고 있어 더욱 흥미롭 게 접근할 수 있었던 듯 하였다.#@문장구분# 그러나 작품구조가 단순한 구조라 조금 더 서사적인 내용이 있었으면 훨씬 흥미로웠지 않았을까하는 아쉬움과 함께 인공지능에 대해서도 그저 소재로만 사용한 듯 하여 인공지능의 구조나 알고리즘의 형태, 종류 등에 대하여 평소 알고 있는 지식들을 제대로 연결지어 사용하지 못하여 아쉬웠다.#@문장구분#\n 이 책은 원문이라 비교적 실용적인 영어 문장들을 접할 수 있어 영어 공부를 하는 사람들이 읽으면 좋을 것 같다.#@문장구분#",
      "paragraph_len": 959,
      "paragraph_id": "001"
    }
  ],
  "score": {
    "paragraph_score": [
      {
        "paragraph_scoreT": [
          2.6666667,
          2,
          2
        ],
        "paragraph_scoreT_detail": {
          "paragraph_scoreT_exp": [
            [
              2,
              3,
              3
            ],
            [
              2,
              2,
              2
            ],
            [
              2,
              2,
              2
            ]
          ]
        },
        "paragraph_scoreT_avg": 2.2222223,
        "paragraph_id": "001"
      }
    ],
    "essay_scoreT": [
      28.666668,
      20,
      22
    ],
    "essay_scoreT_avg": 23.555557,
    "essay_scoreT_detail": {
      "essay_scoreT_org": [
        [
          3,
          3,
          3,
          3
        ],
        [
          2,
          2,
          2,
          2
        ],
        [
          2,
          2,
          2,
          2
        ]
      ],
      "essay_scoreT_cont": [
        [
          3,
          3,
          0,
          3
        ],
        [
          2,
          2,
          0,
          2
        ],
        [
          3,
          2,
          0,
          2
        ]
      ],
      "essay_scoreT_exp": [
        [
          2,
          3,
          3
        ],
        [
          2,
          2,
          2
        ],
        [
          2,
          2,
          2
        ]
      ]
    }
  },
  "student": {
    "date": "2021.09.07",
    "student_educated": true,
    "student_grade": "고등_1학년",
    "location": "063",
    "student_grade_group": "고등",
    "student_reading": 3
  },
  "rubric": {
    "essay_grade": "고등_1학년",
    "organization_weight": {
      "org_paragraph": 2,
      "org": 2,
      "org_essay": 4,
      "org_coherence": 2,
      "org_quantity": 1
    },
    "essay_type": "설명글",
    "content_weight": {
      "con_clearance": 4,
      "con_novelty": 3,
      "con": 4,
      "con_prompt": 0,
      "con_description": 1
    },
    "essay_main_subject": "영화/독서감상문",
    "expression_weight": {
      "exp_style": 1,
      "exp_grammar": 2,
      "exp_vocab": 3,
      "exp": 4
    }
  },
  "correction": [],
  "info": {
    "essay_id": "ESSAY_34592",
    "essay_prompt": " 영화에는 로맨스, 액션, 스릴러 등 정말 많은 장르가 있습니다. 사람마다 좋아하는 장르가 있고 절대 보지 않는 장르도 있습니다.\r\n\r\n 독서도 마찬가지입니다. 소설, 수필, 시, 만화, 위인전 등 여러가지 장르가 있습니다.\r\n\r\n 여러분은 어떤 장르를 좋아하나요? 그리고 해당 장르에서 가장 재미있게 봤던 영화나 책은 무엇인가요?\r\n\r\n 자신이 봤던 영화 혹은 책을 한 편 선정하여 주제와 내용 그리고 느낀점을 감상문으로 작성해주세요.",
    "essay_type": "설명글",
    "essay_level": "3",
    "essay_len": 739,
    "essay_main_subject": "영화/독서감상문"
  }
}