{
  "paragraph": [
    {
      "paragraph_txt": "최근에 본 영화는, 지브리의 '붉은 돼지' 이다.#@문장구분# '1차 대전 중 하늘에 전우를 묻은 이탈리아 공군 비행사 마르코.#@문장구분# 이제는 국가와 전쟁을 등지고 고독한 현상금 사냥꾼 포르코로 살아간다.#@문장구분# 명예, 여인, 돈을 좇아 지중해 위를 나는 한 마리 로맨티스트 돼지가 되어!' 이것이 넷플릭스가 내놓은 이 영화의 설명이다.#@문장구분#",
      "paragraph_len": 253,
      "paragraph_id": "001"
    },
    {
      "paragraph_txt": " '붉은 돼지' 는 새벽에 갑작스런 변덕으로 보게 된 영화인데, 이런 식으로 보게 되는 영화는 보기 전에 간단한 줄거리 소개를 자세하게 훑어보고 감상하는 편은 아니라(좋은 습관이라고 생각하지 않는다..)#@문장구분# 영화의 초반엔 '마르코가 돼지가 되었다' 라는 것이 단순히 비유적 표현인줄로만 알았다.#@문장구분# 하지만 지나가 레스토랑의 벽에 걸려있던 사진을 보고는 '포르코의 젊은 시절(인간이었을 시절)이 유일하게 남아있는' 것이라고 칭했을때, 그것이 무언가에 빗댄 표현이 아니라 정말 마르코가 돼지가 된 것 이라는걸 알게 되었다.#@문장구분#",
      "paragraph_len": 346,
      "paragraph_id": "002"
    },
    {
      "paragraph_txt": " 포르코의 생활은 낭만적인 구석이 있다.#@문장구분# 평소 자신의 '아지트' 라 불리는, 절벽으로 둘러쌓인 해변에서 생활하며, 종종 의뢰를 받으면 사건을 해결하고 그에 따른 대가로 보수를 받아 용병과 비슷한 생활방식을 가지고 있다.#@문장구분# 국가에 얽매이지 않고 지중해 위를 나는 그의 모습은 자유로워 보인다.#@문장구분# 혼자 생활하는, 고독을 즐기는 그는 어떻게 보면 외로워 보이기도 하지만, 그의 옆에 있는 사람들을 보면 마냥 외롭게 보이지도 않는다.#@문장구분# 그 또한 자신의 생활에 만족하는 모습을 보이고.#@문장구분#",
      "paragraph_len": 363,
      "paragraph_id": "003"
    }
  ],
  "score": {
    "paragraph_score": [
      {
        "paragraph_scoreT": [
          2.8333333,
          2,
          2.8333333
        ],
        "paragraph_scoreT_detail": {
          "paragraph_scoreT_exp": [
            [
              3,
              3,
              2
            ],
            [
              2,
              2,
              2
            ],
            [
              3,
              3,
              2
            ]
          ]
        },
        "paragraph_scoreT_avg": 2.5555553,
        "paragraph_id": "001"
      },
      {
        "paragraph_scoreT": [
          2.8333333,
          3,
          3
        ],
        "paragraph_scoreT_detail": {
          "paragraph_scoreT_exp": [
            [
              3,
              3,
              2
            ],
            [
              3,
              3,
              3
            ],
            [
              3,
              3,
              3
            ]
          ]
        },
        "paragraph_scoreT_avg": 2.9444444,
        "paragraph_id": "002"
      },
      {
        "paragraph_scoreT": [
          3,
          2.8333333,
          2.8333333
        ],
        "paragraph_scoreT_detail": {
          "paragraph_scoreT_exp": [
            [
              3,
              3,
              3
            ],
            [
              3,
              3,
              2
            ],
            [
              3,
              3,
              2
            ]
          ]
        },
        "paragraph_scoreT_avg": 2.8888886,
        "paragraph_id": "003"
      }
    ],
    "essay_scoreT": [
      23.777779,
      27.61111,
      26.88889
    ],
    "essay_scoreT_avg": 26.092592,
    "essay_scoreT_detail": {
      "essay_scoreT_org": [
        [
          2,
          2,
          3,
          2
        ],
        [
          3,
          3,
          3,
          2
        ],
        [
          3,
          2,
          3,
          3
        ]
      ],
      "essay_scoreT_cont": [
        [
          2,
          2,
          0,
          2
        ],
        [
          3,
          2,
          0,
          3
        ],
        [
          3,
          2,
          0,
          2
        ]
      ],
      "essay_scoreT_exp": [
        [
          3,
          3,
          2
        ],
        [
          3,
          3,
          2
        ],
        [
          3,
          3,
          2
        ]
      ]
    }
  },
  "student": {
    "date": "2021.09.13",
    "student_educated": true,
    "student_grade": "고등_1학년",
    "location": "051",
    "student_grade_group": "고등",
    "student_reading": 1
  },
  "rubric": {
    "essay_grade": "고등_1학년",
    "organization_weight": {
      "org_paragraph": 2,
      "org": 2,
      "org_essay": 4,
      "org_coherence": 2,
      "org_quantity": 1
    },
    "essay_type": "설명글",
    "content_weight": {
      "con_clearance": 4,
      "con_novelty": 3,
      "con": 4,
      "con_prompt": 0,
      "con_description": 1
    },
    "essay_main_subject": "영화/독서감상문",
    "expression_weight": {
      "exp_style": 1,
      "exp_grammar": 2,
      "exp_vocab": 3,
      "exp": 4
    }
  },
  "correction": [],
  "info": {
    "essay_id": "ESSAY_34023",
    "essay_prompt": " 영화에는 로맨스, 액션, 스릴러 등 정말 많은 장르가 있습니다. 사람마다 좋아하는 장르가 있고 절대 보지 않는 장르도 있습니다.\r\n\r\n 독서도 마찬가지입니다. 소설, 수필, 시, 만화, 위인전 등 여러가지 장르가 있습니다.\r\n\r\n 여러분은 어떤 장르를 좋아하나요? 그리고 해당 장르에서 가장 재미있게 봤던 영화나 책은 무엇인가요?\r\n\r\n 자신이 봤던 영화 혹은 책을 한 편 선정하여 주제와 내용 그리고 느낀점을 감상문으로 작성해주세요.",
    "essay_type": "설명글",
    "essay_level": "3",
    "essay_len": 727,
    "essay_main_subject": "영화/독서감상문"
  }
}