{
  "paragraph": [
    {
      "paragraph_txt": "이책은 학교 문학책에서 가장먼저 접하여 보았던 책이였다.#@문장구분# 파수꾼 이라는 이름이 신기하기도 하였고 학교에서 배운 내용이 재밌있어서 이책을 읽게 되었다.#@문장구분# 파수꾼이라는 내용은 파수꾼들이 마을을 이리떼로부터 지키기 위하여 있는데 그곳에 촌장이라는 사람이 있다.#@문장구분# 촌장은 사실 이리떼가 실제로 존재하지않고 흰구름뿐이라는것을 마을 사람들에게 알리지 않고 권력을 남용하기 위하여 그사실을숨긴다.#@문장구분# 그러다가 결국 파수꾼 `다`에게 걸리지만 촌장은 그 사실을 춤기기 위하여 파수꾼 `다`를 설득하면서 꾀어낼려고 한다. #@문장구분#그러다 결국 파수꾼 `다`는 촌장의 유혹에 넘어가 마을 사람들에게 이리떼가 정말로 존재하지 않고 촌장의 권력을 남용한다는 사실을 말하지못하였다. #@문장구분#그러면서 파수꾼 `다`는 어딘가에 갇히게되며 마을 사람들은 여전히 이리떼가 있다고 믿고 있다는 줄거리이다. #@문장구분#이 책을 읽고나서 조금 이해가 안되는 부분이 조금있었다.#@문장구분# 파수꾼 `다`가 이리떼가 없다는것을 알고 왜 그것을 바로 말하지 않고 촌장의 꾀에 넘어갔을까?라는 의문이 생기면서 이해가 되지 않았었다.#@문장구분#만약에 내가 저런상황이라면 바로 마을사람들에게 알리려고 하고 촌장의 유혹따위 넘어가지도 않고 넘어갈려고도 하지 않을것같다.#@문장구분# 하지만 이리떼를 무서워하던 성격을 본다면 평소에 되게 소심하다는 성격인데 그런 성격이라면 마을 사람들에게 알리지 못했을 것같다.#@문장구분#이책을 읽고 다음에도 이런 비슷한 책을 읽어보고 싶은 계기가 되었던 것 같다.#@문장구분#",
      "paragraph_len": 951,
      "paragraph_id": "001"
    }
  ],
  "score": {
    "paragraph_score": [
      {
        "paragraph_scoreT": [
          3,
          3,
          2
        ],
        "paragraph_scoreT_detail": {
          "paragraph_scoreT_exp": [
            [
              3,
              3,
              3
            ],
            [
              3,
              3,
              3
            ],
            [
              2,
              2,
              2
            ]
          ]
        },
        "paragraph_scoreT_avg": 2.6666667,
        "paragraph_id": "001"
      }
    ],
    "essay_scoreT": [
      29.11111,
      26.444445,
      22.222221
    ],
    "essay_scoreT_avg": 25.925926,
    "essay_scoreT_detail": {
      "essay_scoreT_org": [
        [
          3,
          3,
          2,
          1
        ],
        [
          2,
          3,
          2,
          2
        ],
        [
          2,
          2,
          3,
          1
        ]
      ],
      "essay_scoreT_cont": [
        [
          3,
          3,
          0,
          3
        ],
        [
          3,
          2,
          0,
          2
        ],
        [
          3,
          2,
          0,
          2
        ]
      ],
      "essay_scoreT_exp": [
        [
          3,
          3,
          3
        ],
        [
          3,
          3,
          3
        ],
        [
          2,
          2,
          2
        ]
      ]
    }
  },
  "student": {
    "date": "2021.09.13",
    "student_educated": true,
    "student_grade": "고등_1학년",
    "location": "063",
    "student_grade_group": "고등",
    "student_reading": 1
  },
  "rubric": {
    "essay_grade": "고등_1학년",
    "organization_weight": {
      "org_paragraph": 2,
      "org": 2,
      "org_essay": 4,
      "org_coherence": 2,
      "org_quantity": 1
    },
    "essay_type": "설명글",
    "content_weight": {
      "con_clearance": 4,
      "con_novelty": 3,
      "con": 4,
      "con_prompt": 0,
      "con_description": 1
    },
    "essay_main_subject": "영화/독서감상문",
    "expression_weight": {
      "exp_style": 1,
      "exp_grammar": 2,
      "exp_vocab": 3,
      "exp": 4
    }
  },
  "correction": [],
  "info": {
    "essay_id": "ESSAY_34463",
    "essay_prompt": " 영화에는 로맨스, 액션, 스릴러 등 정말 많은 장르가 있습니다. 사람마다 좋아하는 장르가 있고 절대 보지 않는 장르도 있습니다.\r\n\r\n 독서도 마찬가지입니다. 소설, 수필, 시, 만화, 위인전 등 여러가지 장르가 있습니다.\r\n\r\n 여러분은 어떤 장르를 좋아하나요? 그리고 해당 장르에서 가장 재미있게 봤던 영화나 책은 무엇인가요?\r\n\r\n 자신이 봤던 영화 혹은 책을 한 편 선정하여 주제와 내용 그리고 느낀점을 감상문으로 작성해주세요.",
    "essay_type": "설명글",
    "essay_level": "3",
    "essay_len": 713,
    "essay_main_subject": "영화/독서감상문"
  }
}