{
  "paragraph": [
    {
      "paragraph_txt": "나는 이번 방학 때 본 영화 중 프리 가이에 대해 감상문을 써 보겠다.#@문장구분# 영화 프리 가이의 대략적인 내용은 게임 속 가상 도시 프리 시티에서 은행원의 역할을 받은 NPC 가이가 평소와 똑같은 일상을 보내게 되었는데 자신의 이상형인 밀리라는 플레이를 만나 가이의 AI가 활성화되면서 스스로 생각하는 최초의 인공지능이 되어 평소라면 하면 안 되는 일을 하며 다른 플레이어의 권한이 담긴 선글라스를 훔쳐 밀리에게 가서 자신의 호감을 드러내었지만 밀리는 자신과 키스가 만든 게임을 훔쳐 프리 시티라는 가상의 도시 게임을 만들었다는 것을 알리기 위해 증거를 찾는 중이어서 가이를 떨쳐내기 위해 레벨을 100 이상이 되면 같이 일하겠다고 했다. #@문장구분#가이는 밀리와 같이 있기 위해 레벨 업을 꾸준히 하였고 100레벨이 되어 밀리를 도와 증거를 찾게 되었다.#@문장구분#밀리와 증거를 찾는 도중 자신이 단지 NPC였다는 것을 알게 되고 충격을 받아 자신의 절친 NPC 버디에게 가서 이 사실을 말했지만 버디는 \"난 여기에 절친과 함께 앉아서, 힘든 시기를 이겨내게 도와주고 있어. #@문장구분#이게 진짜가 아니면 뭐가 진짜겠어?\"라는 위로를 해줘 이겨 내기기도 하고 리셋이 되어 기억을 잃었다가 밀리가 키스를 해서 다시 AI가 활성화되고 나중 영화 뒷부분에 밀리와 키스가 만든 게임의 증거를 찾으러 갈 때 자신과 닮은 근육질 NPC에게 당할뻔하는 등 수많은 일을 겪으면서 가이는 성숙해져 마지막에는 자신은 NPC이고 밀리는 현실의 사람 이라는것을  인정하며 키스가 밀리를 좋아한다는 것을 알려 주어 서로 맺어지게 해 주었다나는 이 프리 시티라는 영화를 보면서 \"난 여기에 절친과 함께 앉아서, 힘든 시기를 이겨내게 도와주고 있어. #@문장구분#이게 진짜가 아니면 뭐가 진짜겠어?\"라는 말이 정말 인상적이었다#@문장구분# 왜냐하면 나는 이 말이 우리가 어디에 살든 어디에 있든 소중한 사람이 같이 있고 그와 함께 있으며 내가 여기에 있다고 느끼면 그게 가상공간이든 우리가 말하는 현실 세계든 그곳이 진짜라는 말인듯해 현실이란 무엇인가 다시 생각하게 되는 계기가 되었기 때문이다.#@문장구분#",
      "paragraph_len": 1151,
      "paragraph_id": "001"
    }
  ],
  "score": {
    "paragraph_score": [
      {
        "paragraph_scoreT": [
          3,
          3,
          1.8333334
        ],
        "paragraph_scoreT_detail": {
          "paragraph_scoreT_exp": [
            [
              3,
              3,
              3
            ],
            [
              3,
              3,
              3
            ],
            [
              2,
              2,
              1
            ]
          ]
        },
        "paragraph_scoreT_avg": 2.6111112,
        "paragraph_id": "001"
      }
    ],
    "essay_scoreT": [
      30,
      26.88889,
      18.055555
    ],
    "essay_scoreT_avg": 24.981482,
    "essay_scoreT_detail": {
      "essay_scoreT_org": [
        [
          3,
          3,
          3,
          3
        ],
        [
          2,
          3,
          3,
          2
        ],
        [
          2,
          2,
          2,
          3
        ]
      ],
      "essay_scoreT_cont": [
        [
          3,
          3,
          0,
          3
        ],
        [
          3,
          2,
          0,
          2
        ],
        [
          2,
          1,
          0,
          2
        ]
      ],
      "essay_scoreT_exp": [
        [
          3,
          3,
          3
        ],
        [
          3,
          3,
          3
        ],
        [
          2,
          2,
          1
        ]
      ]
    }
  },
  "student": {
    "date": "2021.08.15",
    "student_educated": true,
    "student_grade": "고등_1학년",
    "location": "051",
    "student_grade_group": "고등",
    "student_reading": 1
  },
  "rubric": {
    "essay_grade": "고등_1학년",
    "organization_weight": {
      "org_paragraph": 2,
      "org": 2,
      "org_essay": 4,
      "org_coherence": 2,
      "org_quantity": 1
    },
    "essay_type": "설명글",
    "content_weight": {
      "con_clearance": 4,
      "con_novelty": 3,
      "con": 4,
      "con_prompt": 0,
      "con_description": 1
    },
    "essay_main_subject": "영화/독서감상문",
    "expression_weight": {
      "exp_style": 1,
      "exp_grammar": 2,
      "exp_vocab": 3,
      "exp": 4
    }
  },
  "correction": [],
  "info": {
    "essay_id": "ESSAY_34074",
    "essay_prompt": " 영화에는 로맨스, 액션, 스릴러 등 정말 많은 장르가 있습니다. 사람마다 좋아하는 장르가 있고 절대 보지 않는 장르도 있습니다.\r\n\r\n 독서도 마찬가지입니다. 소설, 수필, 시, 만화, 위인전 등 여러가지 장르가 있습니다.\r\n\r\n 여러분은 어떤 장르를 좋아하나요? 그리고 해당 장르에서 가장 재미있게 봤던 영화나 책은 무엇인가요?\r\n\r\n 자신이 봤던 영화 혹은 책을 한 편 선정하여 주제와 내용 그리고 느낀점을 감상문으로 작성해주세요.",
    "essay_type": "설명글",
    "essay_level": "3",
    "essay_len": 1011,
    "essay_main_subject": "영화/독서감상문"
  }
}