{
  "paragraph": [
    {
      "paragraph_txt": "클라라와 태양을 읽고#@문장구분#",
      "paragraph_len": 31,
      "paragraph_id": "001"
    },
    {
      "paragraph_txt": " 2017년 노벨문학상을 수상한 영국의 소설가 가즈오 이시구로의 신작, '클라라와 태양'이 이번 토론캠프의 책으로 선정되며 이 책을 접하게 되었습니다.#@문장구분# 평소 장편소설을 많이 접해보지 못했고, 이시구로 작가가 설명을 자세히 하는 스타일이 아닌 것으로 보여 이야기의 흐름이나 복선을 잘 읽어낼 수 있을까 염려하며 이 책을 읽기 시작했습니다.#@문장구분# 그러나 순수하고 미숙한 클라라의 시점에서 풀어낸 이 가슴 아픈 이야기에 빠져드는 것은 그리 오래 걸리지 않았습니다.#@문장구분#",
      "paragraph_len": 313,
      "paragraph_id": "002"
    },
    {
      "paragraph_txt": " 인공지능 친구(통칭 AF)인 클라라는 순종적이고, 세상에 대한 호기심에서 비롯된 관찰력이 돋보이는 인공지능 로봇이었습니다.#@문장구분# 어느 날, AF매장 진열대에 진열되어 있던 클라라는 조시라는 아이와 운명적인 만남을 가지고 조시의 AF로서의 삶을 살게 됩니다.#@문장구분# 하지만 조시네 집은 한 가지 문제에 골머리를 앓고 있었습니다.#@문장구분# 미래 사회에는 '인간 강화' 개념의 '향상'이라는 것이 존재 했고, \"'향상' 되지 않은 아이들은 하등하다\"라는 인식이 만연했습니다.#@문장구분# 사회에서 뒤쳐지지 않기 위해 조시와 그녀의 언니 또한 다른 아이들처럼 '향상'이란 강화를 받았고, 그로 인한 부작용으로 조시의 언니는 사망, 조시는 생명이 위험할 정도로 몸이 약해지게 됩니다.#@문장구분# 날이 갈수록 조시의 몸은 악화되고, 어머니는 조시가 죽으면 조시를 본뜬 AF에 클라라가 들어갈 것을 제안하는 지경에 이릅니다.#@문장구분# 클라라는 절망적인 상황 속에서도 희망을 가지고 조시를 살리기 위해 최대한 노력했고, 자신의 시스템 운영에 중요한 용액까지 써가며 모든 생물들과 AF들의 에너지의 근원인 태양에 조시를 살려달라고 간곡히 부탁합니다.#@문장구분#그리고 마침내, 클라라의 무지함과 순수함에서 나온 바보 같은 부탁이 기적적으로 실현되면서 조시는 죽을 고비를 무사히 넘기게 됩니다.#@문장구분# 이후 조시는 무탈하게 성장하여 대학에 진학 하게 되고, 필요가 없어진 클라라는 야적장에 버려진 채, 저 멀리 태양을 바라보면서 조시와의 추억을 회상하며 이야기가 끝나게 됩니다.#@문장구분# ",
      "paragraph_len": 902,
      "paragraph_id": "003"
    },
    {
      "paragraph_txt": " '클라라와 태양'은 가족, 이웃이란 작은 사회, 그리고 그 안에서 일어나는 일들에 함축적인 의미를 담은 작품 같습니다.#@문장구분# 인공지능 로봇 클라라, 강화인간 조시, 비(非)강화인간 릭, 죽은 사람을 인공지능이 대체하는 것에 찬성하는 어머니, 반대하는 아버지, 인공지능에 다소 거부적인 가정부 까지.#@문장구분# 다양한 생각을 가진 등장인물들은 미래 인공지능 사회의 모습을 축소하여 우리에게 보여주는 것 같습니다.#@문장구분# 조시와 클라라의 우정, 그리고 인공지능만의 관점으로 인간이 하지 못하는 것을 기적적으로 이루어낸 클라라를 통해 작가는 우리 인간과 인공지능의 공존 가능성을 보여주고, 그들과 공존했을 때 인간들은 인간만으론 이루어 낼 수 없는 것들을 이루어 낼 수 있다는 메시지를 주는 것 같습니다.#@문장구분#",
      "paragraph_len": 459,
      "paragraph_id": "004"
    },
    {
      "paragraph_txt": " 또한, '클라라와 태양'은 주인공 클라라가 성장하는 모습으로 독자들이 잃어버린 감정들을 찾게 해주는 책인 것 같습니다.#@문장구분# \"조시에게 무수히 많은 감정의 방이 있다 하더라도 저라면 완벽하게 따라할 수 있을 거에요\" 라고 말하던 클라라가 조시의 특별함은 조시 자신이 아닌 조시를 사랑하는 사람들에게 있다는 것을 깨닫고 한층 성장해나가는 장면은 정말 인상적이었고, 필요가 없어져 버려진 순간까지도 인간과의 사랑을 기억이란 형태로 보존하며 소멸을 기다리는 장면에서는 인상적임을 넘어서 제가 잃어버렸던 형태의 슬픔과 쓸쓸함을 느끼게 했습니다.#@문장구분#",
      "paragraph_len": 338,
      "paragraph_id": "005"
    },
    {
      "paragraph_txt": " 솔직하게 말하면, 저는 이 책을 읽기 전에, \"이 두꺼운 소설이 나에게 무슨 도움이 되겠어, 차라리 '공정하다는 착각' 이라는 책의 독후감을 적고 싶다.\" 라는 생각을 가지고 있었고, 실제로 소설에 살을 채우는 중반부 까지도 그런 생각이 없지 않았습니다.#@문장구분# 하지만 중후반부 부터 백지와 같던 어리숙한 클라라가 점점 사람들과 어울려 지내며, 사람들이 살아가는 세계에 대한 생각의 폭을 넓히면서 성장해 나가는 모습을 보고, 저는 저의 마음가짐을 완전히 달리하였습니다.#@문장구분# 이 책은 소설일지라도, 작품의 배경이 미래인 만큼, 훗날 우리 사회가 인공지능 사회에 당도했을 때를 상상해보도록 저의 상상력을 자극했고 인공지능에 대한 저의 생각을 재정립하게 만들었습니다.#@문장구분#",
      "paragraph_len": 425,
      "paragraph_id": "006"
    },
    {
      "paragraph_txt": " 누려야 할 것들을 누리지 못하고, 주인을 위해 헌신하는 AF로서 일생을 마감한 클라라.#@문장구분# 그럼에도 클라라는 자신의 삶이 행복했다고 합니다.#@문장구분# 앞으로 세상을 살아가면서 저도 클라라처럼 이타적이고 작은 것들에서도 행복을 느끼며 그 행복을 남들과 공유할 수 있는 사람이 될 수 있도록 노력할 것이고, 그를 통한 다른 이들의 사랑이 그들 마음 속에 '기억'이란 형태로 보존될 수 있도록 해야겠습니다.#@문장구분#",
      "paragraph_len": 278,
      "paragraph_id": "007"
    }
  ],
  "score": {
    "paragraph_score": [
      {
        "paragraph_scoreT": [
          3,
          3,
          2.8333333
        ],
        "paragraph_scoreT_detail": {
          "paragraph_scoreT_exp": [
            [
              3,
              3,
              3
            ],
            [
              3,
              3,
              3
            ],
            [
              3,
              3,
              2
            ]
          ]
        },
        "paragraph_scoreT_avg": 2.9444444,
        "paragraph_id": "001"
      },
      {
        "paragraph_scoreT": [
          3,
          3,
          2.8333333
        ],
        "paragraph_scoreT_detail": {
          "paragraph_scoreT_exp": [
            [
              3,
              3,
              3
            ],
            [
              3,
              3,
              3
            ],
            [
              3,
              3,
              2
            ]
          ]
        },
        "paragraph_scoreT_avg": 2.9444444,
        "paragraph_id": "002"
      },
      {
        "paragraph_scoreT": [
          3,
          3,
          2.8333333
        ],
        "paragraph_scoreT_detail": {
          "paragraph_scoreT_exp": [
            [
              3,
              3,
              3
            ],
            [
              3,
              3,
              3
            ],
            [
              3,
              3,
              2
            ]
          ]
        },
        "paragraph_scoreT_avg": 2.9444444,
        "paragraph_id": "003"
      },
      {
        "paragraph_scoreT": [
          3,
          3,
          2.8333333
        ],
        "paragraph_scoreT_detail": {
          "paragraph_scoreT_exp": [
            [
              3,
              3,
              3
            ],
            [
              3,
              3,
              3
            ],
            [
              3,
              3,
              2
            ]
          ]
        },
        "paragraph_scoreT_avg": 2.9444444,
        "paragraph_id": "004"
      },
      {
        "paragraph_scoreT": [
          3,
          3,
          2.8333333
        ],
        "paragraph_scoreT_detail": {
          "paragraph_scoreT_exp": [
            [
              3,
              3,
              3
            ],
            [
              3,
              3,
              3
            ],
            [
              3,
              3,
              2
            ]
          ]
        },
        "paragraph_scoreT_avg": 2.9444444,
        "paragraph_id": "005"
      },
      {
        "paragraph_scoreT": [
          3,
          3,
          2.8333333
        ],
        "paragraph_scoreT_detail": {
          "paragraph_scoreT_exp": [
            [
              3,
              3,
              3
            ],
            [
              3,
              3,
              3
            ],
            [
              3,
              3,
              2
            ]
          ]
        },
        "paragraph_scoreT_avg": 2.9444444,
        "paragraph_id": "006"
      },
      {
        "paragraph_scoreT": [
          3,
          3,
          2.8333333
        ],
        "paragraph_scoreT_detail": {
          "paragraph_scoreT_exp": [
            [
              3,
              3,
              3
            ],
            [
              3,
              3,
              3
            ],
            [
              3,
              3,
              2
            ]
          ]
        },
        "paragraph_scoreT_avg": 2.9444444,
        "paragraph_id": "007"
      }
    ],
    "essay_scoreT": [
      30,
      28.277779,
      27.38889
    ],
    "essay_scoreT_avg": 28.555557,
    "essay_scoreT_detail": {
      "essay_scoreT_org": [
        [
          3,
          3,
          3,
          3
        ],
        [
          3,
          3,
          3,
          2
        ],
        [
          3,
          2,
          3,
          3
        ]
      ],
      "essay_scoreT_cont": [
        [
          3,
          3,
          0,
          3
        ],
        [
          3,
          2,
          0,
          3
        ],
        [
          3,
          2,
          0,
          3
        ]
      ],
      "essay_scoreT_exp": [
        [
          3,
          3,
          3
        ],
        [
          3,
          3,
          3
        ],
        [
          3,
          3,
          2
        ]
      ]
    }
  },
  "student": {
    "date": "2021.09.07",
    "student_educated": true,
    "student_grade": "고등_1학년",
    "location": "051",
    "student_grade_group": "고등",
    "student_reading": 3
  },
  "rubric": {
    "essay_grade": "고등_1학년",
    "organization_weight": {
      "org_paragraph": 2,
      "org": 2,
      "org_essay": 4,
      "org_coherence": 2,
      "org_quantity": 1
    },
    "essay_type": "설명글",
    "content_weight": {
      "con_clearance": 4,
      "con_novelty": 3,
      "con": 4,
      "con_prompt": 0,
      "con_description": 1
    },
    "essay_main_subject": "영화/독서감상문",
    "expression_weight": {
      "exp_style": 1,
      "exp_grammar": 2,
      "exp_vocab": 3,
      "exp": 4
    }
  },
  "correction": [],
  "info": {
    "essay_id": "ESSAY_34034",
    "essay_prompt": " 영화에는 로맨스, 액션, 스릴러 등 정말 많은 장르가 있습니다. 사람마다 좋아하는 장르가 있고 절대 보지 않는 장르도 있습니다.\r\n\r\n 독서도 마찬가지입니다. 소설, 수필, 시, 만화, 위인전 등 여러가지 장르가 있습니다.\r\n\r\n 여러분은 어떤 장르를 좋아하나요? 그리고 해당 장르에서 가장 재미있게 봤던 영화나 책은 무엇인가요?\r\n\r\n 자신이 봤던 영화 혹은 책을 한 편 선정하여 주제와 내용 그리고 느낀점을 감상문으로 작성해주세요.",
    "essay_type": "설명글",
    "essay_level": "3",
    "essay_len": 2260,
    "essay_main_subject": "영화/독서감상문"
  }
}