{
  "paragraph": [
    {
      "paragraph_txt": "the cactus라는 책을 헉교교과서를 통하여 읽게되었다.#@문장구분# 이 책에 나오는 주인공인 trysdale은 평소에 자부심과 자신감이 많은 인물로 나온다.#@문장구분# 하지만 이러한 성격떄문에 자신과 결혼할 상대에게 거짓말을 하게된다.#@문장구분# 이 거짓말 때문에 결혼을 못하고 헤어지게 된다.#@문장구분# 그리 고 시간이 지난 후에도  자신이 대체 헤어진 이유가 무엇인지 몰라 고통에 빠진다.#@문장구분# 나중에 자신이 헤어진 이유는 알게되었는데 그 이 유는 고작 자신이 스페인어를 할 수 있다고 거짓말을 쳐 결혼할 상대가 스페인말로 약혼의 답을 보내였는데 알아듣지 못하여 헤어지 게 된 것 이었디.#@문장구분# 이러한 결말을 보고 난 후에 난 나도 평소에 사소한 일에 거짓말을 많이 하는데 앞으로는 사소한일에도 말을 조심히 하자는 생각을 하게 되었다.#@문장구분# 또한 진실을 말하지 않는데에는 반드시 대가를 치르게 된다는 것을 꺠달았다.#@문장구분# 이 책을 통해 어떤상황에서 도 말을 함부로 해서는 안되겠다는 생각을 하겠되었다.#@문장구분#",
      "paragraph_len": 652,
      "paragraph_id": "001"
    }
  ],
  "score": {
    "paragraph_score": [
      {
        "paragraph_scoreT": [
          0.6666667,
          2,
          1.3333334
        ],
        "paragraph_scoreT_detail": {
          "paragraph_scoreT_exp": [
            [
              0,
              1,
              1
            ],
            [
              2,
              2,
              2
            ],
            [
              2,
              1,
              1
            ]
          ]
        },
        "paragraph_scoreT_avg": 1.3333334,
        "paragraph_id": "001"
      }
    ],
    "essay_scoreT": [
      9.166667,
      23.5,
      14.833334
    ],
    "essay_scoreT_avg": 15.833333,
    "essay_scoreT_detail": {
      "essay_scoreT_org": [
        [
          1,
          1,
          1,
          1
        ],
        [
          2,
          2,
          2,
          2
        ],
        [
          1,
          1,
          1,
          1
        ]
      ],
      "essay_scoreT_cont": [
        [
          2,
          0,
          0,
          1
        ],
        [
          3,
          3,
          0,
          2
        ],
        [
          2,
          2,
          0,
          1
        ]
      ],
      "essay_scoreT_exp": [
        [
          0,
          1,
          1
        ],
        [
          2,
          2,
          2
        ],
        [
          2,
          1,
          1
        ]
      ]
    }
  },
  "student": {
    "date": "2021.09.07",
    "student_educated": true,
    "student_grade": "고등_1학년",
    "location": "063",
    "student_grade_group": "고등",
    "student_reading": 1
  },
  "rubric": {
    "essay_grade": "고등_1학년",
    "organization_weight": {
      "org_paragraph": 2,
      "org": 2,
      "org_essay": 4,
      "org_coherence": 2,
      "org_quantity": 1
    },
    "essay_type": "설명글",
    "content_weight": {
      "con_clearance": 4,
      "con_novelty": 3,
      "con": 4,
      "con_prompt": 0,
      "con_description": 1
    },
    "essay_main_subject": "영화/독서감상문",
    "expression_weight": {
      "exp_style": 1,
      "exp_grammar": 2,
      "exp_vocab": 3,
      "exp": 4
    }
  },
  "correction": [],
  "info": {
    "essay_id": "ESSAY_34503",
    "essay_prompt": " 영화에는 로맨스, 액션, 스릴러 등 정말 많은 장르가 있습니다. 사람마다 좋아하는 장르가 있고 절대 보지 않는 장르도 있습니다.\r\n\r\n 독서도 마찬가지입니다. 소설, 수필, 시, 만화, 위인전 등 여러가지 장르가 있습니다.\r\n\r\n 여러분은 어떤 장르를 좋아하나요? 그리고 해당 장르에서 가장 재미있게 봤던 영화나 책은 무엇인가요?\r\n\r\n 자신이 봤던 영화 혹은 책을 한 편 선정하여 주제와 내용 그리고 느낀점을 감상문으로 작성해주세요.",
    "essay_type": "설명글",
    "essay_level": "3",
    "essay_len": 472,
    "essay_main_subject": "영화/독서감상문"
  }
}