{
  "paragraph": [
    {
      "paragraph_txt": "이 소설은 영어 교과서에 나와서 보게 된 내용으로 거짓말에 관한 이야기 라고 할수있다.#@문장구분# 간략하게 소개를 하자면 트라이스데일은 스페인어를 할 줄 모른다.#@문장구분# 하지만 그의 약혼녀는 그가 유창하게 스페인어를 할줄 안다고 알고 있었고 트라이스 데일도 그 사실을 알고는 있었지만 굳이 약혼녀에게 말하지 않았고 그렇게 시간이 흘러 그는 약혼녀에게 결혼을 하자고 하였지만 약혼녀는 그에게 아무 말도 하지 않았고 그 다음날에 선인장을 하나 보내고 그곳에는 벤또마르메 라는 말이 적혀있었고 트라이스데일은 그것을 무시하였다.#@문장구분# 그 후 약혼녀를 만난 트라이스데일은 모르는 사람처럼 돌아간 것을 보고 무언가 잘못된것을 알게 된다.#@문장구분# 그 후에 약혼녀는 다른 사람과 결혼을 하고 트라이스데일의 친구가 와서 트라이스 데일을 위로하는 도중에 선인장을 발견하고 그 뜻을 알려 주는데 그뜻은 와서 날 데려가라는 뜻이었다.#@문장구분# 이 소설은 거짓말이 얼마나 인간관계를 해치는 것인지 보여주는 소설인것 같다.#@문장구분# 만약 트라이스 데일이 스페인어를 할줄안다는 거짓말을 하지 않았더라면 약혼녀가 결혼하는것은 자신이 될 수 있었을것이며 행복하게 살았을 것이다.#@문장구분# 하지만 아주 사소한 거짓말 하나가 사람의 인간관계를 해친다는 점을 잘 보여주는 책이었다.#@문장구분#",
      "paragraph_len": 769,
      "paragraph_id": "001"
    }
  ],
  "score": {
    "paragraph_score": [
      {
        "paragraph_scoreT": [
          1.8333334,
          2.5,
          1.3333334
        ],
        "paragraph_scoreT_detail": {
          "paragraph_scoreT_exp": [
            [
              2,
              2,
              1
            ],
            [
              2,
              3,
              2
            ],
            [
              2,
              1,
              1
            ]
          ]
        },
        "paragraph_scoreT_avg": 1.888889,
        "paragraph_id": "001"
      }
    ],
    "essay_scoreT": [
      16.88889,
      22,
      15.944445
    ],
    "essay_scoreT_avg": 18.277779,
    "essay_scoreT_detail": {
      "essay_scoreT_org": [
        [
          2,
          2,
          1,
          2
        ],
        [
          2,
          2,
          2,
          2
        ],
        [
          2,
          1,
          1,
          2
        ]
      ],
      "essay_scoreT_cont": [
        [
          2,
          1,
          0,
          1
        ],
        [
          2,
          2,
          0,
          2
        ],
        [
          2,
          2,
          0,
          1
        ]
      ],
      "essay_scoreT_exp": [
        [
          2,
          2,
          1
        ],
        [
          2,
          3,
          2
        ],
        [
          2,
          1,
          1
        ]
      ]
    }
  },
  "student": {
    "date": "2021.09.10",
    "student_educated": true,
    "student_grade": "고등_1학년",
    "location": "063",
    "student_grade_group": "고등",
    "student_reading": 1
  },
  "rubric": {
    "essay_grade": "고등_1학년",
    "organization_weight": {
      "org_paragraph": 2,
      "org": 2,
      "org_essay": 4,
      "org_coherence": 2,
      "org_quantity": 1
    },
    "essay_type": "설명글",
    "content_weight": {
      "con_clearance": 4,
      "con_novelty": 3,
      "con": 4,
      "con_prompt": 0,
      "con_description": 1
    },
    "essay_main_subject": "영화/독서감상문",
    "expression_weight": {
      "exp_style": 1,
      "exp_grammar": 2,
      "exp_vocab": 3,
      "exp": 4
    }
  },
  "correction": [],
  "info": {
    "essay_id": "ESSAY_34828",
    "essay_prompt": " 영화에는 로맨스, 액션, 스릴러 등 정말 많은 장르가 있습니다. 사람마다 좋아하는 장르가 있고 절대 보지 않는 장르도 있습니다.\r\n\r\n 독서도 마찬가지입니다. 소설, 수필, 시, 만화, 위인전 등 여러가지 장르가 있습니다.\r\n\r\n 여러분은 어떤 장르를 좋아하나요? 그리고 해당 장르에서 가장 재미있게 봤던 영화나 책은 무엇인가요?\r\n\r\n 자신이 봤던 영화 혹은 책을 한 편 선정하여 주제와 내용 그리고 느낀점을 감상문으로 작성해주세요.",
    "essay_type": "설명글",
    "essay_level": "3",
    "essay_len": 609,
    "essay_main_subject": "영화/독서감상문"
  }
}