{
  "paragraph": [
    {
      "paragraph_txt": "오늘 소개 영화는 크루엘라이다.#@문장구분# 크루엘라는 디즈니 실사 영화로 자신의 엄마를 죽게 만든 것에 대한 복수극을 담은 영화이다.#@문장구분# 크루엘라의 줄거리를 말해보자면 다음과 같다.#@문장구분# 에스텔라는 태어날 떄부터 남다른 개성으로 주목을 받았다.#@문장구분# 에스텔라는 자신이 특별한 존재임을 여기며 당당히 자랐지만 엄마 캐서린은 평범한 아이처럼 자라길 바랬다. #@문장구분#하지만 에스텔라의 개성은 숨길 수 없었고 학교를 자퇴한 후 런던으로 가게된다.#@문장구분# 런던으로 가던 도중 캐서린은 누군가와 이야기를 하기 위해 에스텔라에게 차에 있으라고 했지만 에스텔라는 그 약속을 지키지 않는다.#@문장구분# 에스텔라는 대저택 패션쇼에 들어갔고 패션쇼를 망치게 된다. #@문장구분#그 사이 캐서린은 절벽쪽에서 누군가와 이야기하던 중 에스텔라를 쫓아오던 달마시안 3마리에게 죽음을 당한다.#@문장구분# 한순간의 사고로 고아가 된 에스텔라는 엄마가 준 목걸이도 잃어버리고 엄마의 죽음에 절망에 빠진다. #@문장구분#런던 거리를 매돌던 중 에스텔라는 소매치기 고아 재스퍼와 호레이스를 만나 함께 지내게 된다. #@문장구분#리버티 백화점 이력서를 위조해 합격한 에스텔라는 온갖 허드렛일만 담당한다.#@문장구분# 어느날 에스텔라는 술을 마시고 쇼위도를 바꾸었고 이는 큰 기회가 된다. #@문장구분#그녀의 재능을 알아본 남작부인이 캐스팅을 한다.#@문장구분# 어느날 남작부인의 목걸이를 보고 에스텔라는 놀랐고 이 목걸이는 에스텔라의  것이며 남작부인은 캐서린과 함께 절벽에 있던 여자였다. #@문장구분#자신의 엄마를 죽음으로 이끌고 목걸이를 훔쳐간 남작부인을 복수하기로 한다.#@문장구분# 이때부터 복수에 가득한 크루엘라가 등장하며 복수를 해나간다.#@문장구분#\n내가 본 크루엘라는 정말 당당하고 당찬 사람인 것 같다.#@문장구분# 자신이 가진 재능을 잘 이용해 완벽한 복수를 하며 목표를 이루어 나가는 크루엘라의 모습은 잊혀지지 않는다.#@문장구분# 특히  남작부인을 복수하기 위해 만든 불타는(?)  드레스는 정말 놀라웠다. #@문장구분#크루엘라는 당차고 멋진 포부를 계속 이루며 살아가면 좋겠다.#@문장구분#",
      "paragraph_len": 1346,
      "paragraph_id": "001"
    }
  ],
  "score": {
    "paragraph_score": [
      {
        "paragraph_scoreT": [
          3,
          2.8333333,
          1.8333334
        ],
        "paragraph_scoreT_detail": {
          "paragraph_scoreT_exp": [
            [
              3,
              3,
              3
            ],
            [
              3,
              3,
              2
            ],
            [
              2,
              2,
              1
            ]
          ]
        },
        "paragraph_scoreT_avg": 2.5555556,
        "paragraph_id": "001"
      }
    ],
    "essay_scoreT": [
      30,
      27.11111,
      21.777779
    ],
    "essay_scoreT_avg": 26.296295,
    "essay_scoreT_detail": {
      "essay_scoreT_org": [
        [
          3,
          3,
          3,
          3
        ],
        [
          3,
          3,
          3,
          2
        ],
        [
          2,
          2,
          3,
          2
        ]
      ],
      "essay_scoreT_cont": [
        [
          3,
          3,
          0,
          3
        ],
        [
          3,
          2,
          0,
          2
        ],
        [
          3,
          2,
          0,
          2
        ]
      ],
      "essay_scoreT_exp": [
        [
          3,
          3,
          3
        ],
        [
          3,
          3,
          2
        ],
        [
          2,
          2,
          1
        ]
      ]
    }
  },
  "student": {
    "date": "2021.09.13",
    "student_educated": true,
    "student_grade": "고등_1학년",
    "location": "051",
    "student_grade_group": "고등",
    "student_reading": 1
  },
  "rubric": {
    "essay_grade": "고등_1학년",
    "organization_weight": {
      "org_paragraph": 2,
      "org": 2,
      "org_essay": 4,
      "org_coherence": 2,
      "org_quantity": 1
    },
    "essay_type": "설명글",
    "content_weight": {
      "con_clearance": 4,
      "con_novelty": 3,
      "con": 4,
      "con_prompt": 0,
      "con_description": 1
    },
    "essay_main_subject": "영화/독서감상문",
    "expression_weight": {
      "exp_style": 1,
      "exp_grammar": 2,
      "exp_vocab": 3,
      "exp": 4
    }
  },
  "correction": [],
  "info": {
    "essay_id": "ESSAY_34121",
    "essay_prompt": " 영화에는 로맨스, 액션, 스릴러 등 정말 많은 장르가 있습니다. 사람마다 좋아하는 장르가 있고 절대 보지 않는 장르도 있습니다.\r\n\r\n 독서도 마찬가지입니다. 소설, 수필, 시, 만화, 위인전 등 여러가지 장르가 있습니다.\r\n\r\n 여러분은 어떤 장르를 좋아하나요? 그리고 해당 장르에서 가장 재미있게 봤던 영화나 책은 무엇인가요?\r\n\r\n 자신이 봤던 영화 혹은 책을 한 편 선정하여 주제와 내용 그리고 느낀점을 감상문으로 작성해주세요.",
    "essay_type": "설명글",
    "essay_level": "3",
    "essay_len": 927,
    "essay_main_subject": "영화/독서감상문"
  }
}