{
  "paragraph": [
    {
      "paragraph_txt": "나는 모가디슈라는 영화를 보게 되었는데 보게된 계기는 헌혈을 하고 영화 티켓을받아서 영화를 보러갔는데 그날 막 개봉한 영화가 모가디슈여서 보게 되었다.#@문장구분# 모가디슈의 줄거리는 대한민국이 UN에 가입하기 위해서 소말이아에 수도인 모가디슈에 가게 되었다.#@문장구분# 거기서 대한민국은 UN에 가입할려고 노력을 하지만 북한의 방해로 잘 돼가지 않았다.#@문장구분#  그러던 와중에 소말이아 내에서 내전이 터지고 통신마저 끊겨 고립된 대한민국 대사관의 직원과 사람들은 총알이 빗발치는곳에서 하루하루 버텨나간다.#@문장구분# 그러던 중 어느날 밤에 대한민국의 UN가입을 방해 해오던 북한 대사관에 사람들이 도움을 요청하며 문을 두드린다.#@문장구분#처음에는 경계를 하며 이용해먹을 생각이였지만 후에 서로 도와가며 하는것을보고 나는 이때까지 방해 해오던거나 도와주는데도 계속 시비를 거는 사람이 있으면 나는 계속 못 도와줄 것 같다고 생각을 했다.#@문장구분# 다시 줄거리로 돌아오면 모가디슈에 나가는 교통이 막혀서 다른 대사관에 도움을 요청하는데 각자 수교를 한 국가에 요청하였다.#@문장구분# 대한민국은 이탈리아 대사관에 도움을 요청하여서 모가디슈를 나갈 방법을 찾는다.#@문장구분# 하지만 이집트 대사관과 수교한 북한은 도움을 요청하였지만 거절당한다.#@문장구분# 그래서 대한민국 대사는 이탈리아 대사관에 북한인들을 한국으로 이전할 사람이라고 거짓말을 치고 같이 탈출한다.#@문장구분#그러고는 내리자마자 서로를 모르는척해야 하는 장면으로 끝이난다.#@문장구분# 나는 이 마지막 장면에서 뭉클해졌다.#@문장구분# 그 힘든 시련들을 겪고도 북한과 남한이라는 나라에 장벽에 막혀서 서로 떠나는 장면마저 못보는 그런것들이 조금 슬프게 다가왔다.#@문장구분# 또 모가디슈라는 영화는 북한의 관계와 UN에 들어가고자 했던 대한민국의 노력을 다시 한번 생각하게 해줘서 다른 친구들도 한번씩은 꼭 봤으면 좋겠다.#@문장구분#",
      "paragraph_len": 1142,
      "paragraph_id": "001"
    }
  ],
  "score": {
    "paragraph_score": [
      {
        "paragraph_scoreT": [
          3,
          2,
          2
        ],
        "paragraph_scoreT_detail": {
          "paragraph_scoreT_exp": [
            [
              3,
              3,
              3
            ],
            [
              2,
              2,
              2
            ],
            [
              2,
              2,
              2
            ]
          ]
        },
        "paragraph_scoreT_avg": 2.3333333,
        "paragraph_id": "001"
      }
    ],
    "essay_scoreT": [
      30,
      24.277779,
      18.5
    ],
    "essay_scoreT_avg": 24.25926,
    "essay_scoreT_detail": {
      "essay_scoreT_org": [
        [
          3,
          3,
          3,
          3
        ],
        [
          3,
          3,
          3,
          2
        ],
        [
          2,
          2,
          2,
          2
        ]
      ],
      "essay_scoreT_cont": [
        [
          3,
          3,
          0,
          3
        ],
        [
          3,
          2,
          0,
          3
        ],
        [
          2,
          1,
          0,
          2
        ]
      ],
      "essay_scoreT_exp": [
        [
          3,
          3,
          3
        ],
        [
          2,
          2,
          2
        ],
        [
          2,
          2,
          2
        ]
      ]
    }
  },
  "student": {
    "date": "2021.08.15",
    "student_educated": true,
    "student_grade": "고등_1학년",
    "location": "051",
    "student_grade_group": "고등",
    "student_reading": 2
  },
  "rubric": {
    "essay_grade": "고등_1학년",
    "organization_weight": {
      "org_paragraph": 2,
      "org": 2,
      "org_essay": 4,
      "org_coherence": 2,
      "org_quantity": 1
    },
    "essay_type": "설명글",
    "content_weight": {
      "con_clearance": 4,
      "con_novelty": 3,
      "con": 4,
      "con_prompt": 0,
      "con_description": 1
    },
    "essay_main_subject": "영화/독서감상문",
    "expression_weight": {
      "exp_style": 1,
      "exp_grammar": 2,
      "exp_vocab": 3,
      "exp": 4
    }
  },
  "correction": [],
  "info": {
    "essay_id": "ESSAY_34079",
    "essay_prompt": " 영화에는 로맨스, 액션, 스릴러 등 정말 많은 장르가 있습니다. 사람마다 좋아하는 장르가 있고 절대 보지 않는 장르도 있습니다.\r\n\r\n 독서도 마찬가지입니다. 소설, 수필, 시, 만화, 위인전 등 여러가지 장르가 있습니다.\r\n\r\n 여러분은 어떤 장르를 좋아하나요? 그리고 해당 장르에서 가장 재미있게 봤던 영화나 책은 무엇인가요?\r\n\r\n 자신이 봤던 영화 혹은 책을 한 편 선정하여 주제와 내용 그리고 느낀점을 감상문으로 작성해주세요.",
    "essay_type": "설명글",
    "essay_level": "3",
    "essay_len": 864,
    "essay_main_subject": "영화/독서감상문"
  }
}