{
  "paragraph": [
    {
      "paragraph_txt": "조지 오웰의 글은 항상 사회의 맥락과 시대 상을 아주 잘 반영하고 있는 것 같다. #@문장구분#이 책은 조지 오웰의 삶과 가치관이 그대로 담겨 있는 책으로서, 책은 표제작인 \"코끼리를 쏘다\"를 포함한 7편의 짧은 이야기로 구성되어 있다. #@문장구분#그 중 나는 표제작에 집중하여 책을 읽었다.#@문장구분# \"코끼리를 쏘다\"는 미얀마에서 작가가 경찰로 근무하면서 느꼈던 제국주의의 모순에 관한 이야기를 담았다.#@문장구분# 그는 백인이 폭군이 되면 그가 파괴하는 것은 자신의 자유라고 말한다.#@문장구분#  자신의 의지에 따라 코끼리를 순전히 쏘는 것이 아니라 자신을 떠미는 의지와 기대에 따라 쏠 수 밖에 없는 것이라고 한다.#@문장구분# 결국 침략의 허수아비로 전락하고 마는 것이다.#@문장구분# 그는 또한 백인 통치의 전제 조건이 늘 이른 바 원주민에게 감명을 주는 것이고, 따라서 위기가 닥칠 때마다 원주민이 그에게 기대하는 바를 해낸다고 한다.#@문장구분# 식민 통치를 평소 내가 알고 있던 침략자의 관점과는 다르게 풀어놓은 것 같아 흥미로웠다.#@문장구분# 이 작품 외에도 다른 작품들도 하나같이 힘있는 메세지를 전달하고 있었으며, \"어떤 태도를 가지고 세상을 살아야하는가?\"에 대해 생각해보게 한다.#@문장구분#",
      "paragraph_len": 759,
      "paragraph_id": "001"
    }
  ],
  "score": {
    "paragraph_score": [
      {
        "paragraph_scoreT": [
          3,
          2.3333333,
          2
        ],
        "paragraph_scoreT_detail": {
          "paragraph_scoreT_exp": [
            [
              3,
              3,
              3
            ],
            [
              3,
              2,
              2
            ],
            [
              2,
              2,
              2
            ]
          ]
        },
        "paragraph_scoreT_avg": 2.4444444,
        "paragraph_id": "001"
      }
    ],
    "essay_scoreT": [
      25.777779,
      24.444445,
      22.944445
    ],
    "essay_scoreT_avg": 24.388887,
    "essay_scoreT_detail": {
      "essay_scoreT_org": [
        [
          3,
          3,
          3,
          2
        ],
        [
          3,
          2,
          3,
          1
        ],
        [
          2,
          2,
          3,
          2
        ]
      ],
      "essay_scoreT_cont": [
        [
          2,
          2,
          0,
          2
        ],
        [
          3,
          2,
          0,
          2
        ],
        [
          3,
          2,
          0,
          3
        ]
      ],
      "essay_scoreT_exp": [
        [
          3,
          3,
          3
        ],
        [
          3,
          2,
          2
        ],
        [
          2,
          2,
          2
        ]
      ]
    }
  },
  "student": {
    "date": "2021.09.07",
    "student_educated": true,
    "student_grade": "고등_1학년",
    "location": "051",
    "student_grade_group": "고등",
    "student_reading": 2
  },
  "rubric": {
    "essay_grade": "고등_1학년",
    "organization_weight": {
      "org_paragraph": 2,
      "org": 2,
      "org_essay": 4,
      "org_coherence": 2,
      "org_quantity": 1
    },
    "essay_type": "설명글",
    "content_weight": {
      "con_clearance": 4,
      "con_novelty": 3,
      "con": 4,
      "con_prompt": 0,
      "con_description": 1
    },
    "essay_main_subject": "영화/독서감상문",
    "expression_weight": {
      "exp_style": 1,
      "exp_grammar": 2,
      "exp_vocab": 3,
      "exp": 4
    }
  },
  "correction": [],
  "info": {
    "essay_id": "ESSAY_34238",
    "essay_prompt": " 영화에는 로맨스, 액션, 스릴러 등 정말 많은 장르가 있습니다. 사람마다 좋아하는 장르가 있고 절대 보지 않는 장르도 있습니다.\r\n\r\n 독서도 마찬가지입니다. 소설, 수필, 시, 만화, 위인전 등 여러가지 장르가 있습니다.\r\n\r\n 여러분은 어떤 장르를 좋아하나요? 그리고 해당 장르에서 가장 재미있게 봤던 영화나 책은 무엇인가요?\r\n\r\n 자신이 봤던 영화 혹은 책을 한 편 선정하여 주제와 내용 그리고 느낀점을 감상문으로 작성해주세요.",
    "essay_type": "설명글",
    "essay_level": "3",
    "essay_len": 560,
    "essay_main_subject": "영화/독서감상문"
  }
}