{
  "paragraph": [
    {
      "paragraph_txt": "나는 어느 날 내가 익히 알고있던 유명 연예인이 자살했다는 기사를 접하게되었다.#@문장구분# 댓글창에서는 '베르테르 효과가 생각나서 두렵다'라는 의견이 있었다.#@문장구분# 나는 베르테르 효과가 뭔지 궁금하여 네이버에 검색을 해보았고 유명 연예인과 자신을 동일시하여 자살을 모방하는 것 이라는걸 알게되었다.#@문장구분# 이 효과가 생긴이유는 많은 젊은이들이 괴테의 젊은 베르테르의 슬픔을 읽고 자살을 하여서라고하였다.#@문장구분# 나는 그 책이 뭐길래 젊은이들을 자살로 몰았는지 궁금해져서 이 책을 읽게되었다.#@문장구분# 이 책의 내용은 이루어질수없는 사랑이다.#@문장구분# 주인공인 베르테르는 로테를 사랑하게된다.#@문장구분# 하지만 로테에게는 죽기전 어머니와의 약속으로 약혼을 하게된 남자 알베르트가 있었다.#@문장구분# 베르테르는 좌절하고 절망하게된다.#@문장구분# 베르테르는 자신과 비슷한 처지를 가진 이루어질수없는 사랑에 고민하던 남자를 만나게된다.#@문장구분# 그 남자는 머지않아 살인을 저지르게 된다.#@문장구분# 베르테르는 그 남자를 공감하여 도와줄려했지만 달리 방법이없었고 베르테르는 알베르트에게 여행을 간다며 권총을 빌려서 자살하게된다.#@문장구분# 내가 이 책을 읽고나서 느낀것은 감정은 전이되는것 이라는것이다.#@문장구분# 실제로 괴테는 불쾌한 감정을 갖는것은 민폐인짓이라고 말했다.#@문장구분# 많은 젊은이가 자살을 한 이유도 작중 베르테르의 우울함이 전이되었기 때문일것이다.#@문장구분#",
      "paragraph_len": 930,
      "paragraph_id": "001"
    }
  ],
  "score": {
    "paragraph_score": [
      {
        "paragraph_scoreT": [
          2.1666667,
          1.8333334,
          1.5
        ],
        "paragraph_scoreT_detail": {
          "paragraph_scoreT_exp": [
            [
              2,
              2,
              3
            ],
            [
              2,
              2,
              1
            ],
            [
              1,
              2,
              1
            ]
          ]
        },
        "paragraph_scoreT_avg": 1.8333334,
        "paragraph_id": "001"
      }
    ],
    "essay_scoreT": [
      25.277779,
      14.944445,
      18
    ],
    "essay_scoreT_avg": 19.407408,
    "essay_scoreT_detail": {
      "essay_scoreT_org": [
        [
          2,
          3,
          3,
          3
        ],
        [
          1,
          2,
          2,
          2
        ],
        [
          2,
          2,
          2,
          2
        ]
      ],
      "essay_scoreT_cont": [
        [
          3,
          3,
          0,
          2
        ],
        [
          1,
          1,
          0,
          2
        ],
        [
          2,
          2,
          0,
          2
        ]
      ],
      "essay_scoreT_exp": [
        [
          2,
          2,
          3
        ],
        [
          2,
          2,
          1
        ],
        [
          1,
          2,
          1
        ]
      ]
    }
  },
  "student": {
    "date": "2021.09.10",
    "student_educated": true,
    "student_grade": "고등_1학년",
    "location": "063",
    "student_grade_group": "고등",
    "student_reading": 1
  },
  "rubric": {
    "essay_grade": "고등_1학년",
    "organization_weight": {
      "org_paragraph": 2,
      "org": 2,
      "org_essay": 4,
      "org_coherence": 2,
      "org_quantity": 1
    },
    "essay_type": "설명글",
    "content_weight": {
      "con_clearance": 4,
      "con_novelty": 3,
      "con": 4,
      "con_prompt": 0,
      "con_description": 1
    },
    "essay_main_subject": "영화/독서감상문",
    "expression_weight": {
      "exp_style": 1,
      "exp_grammar": 2,
      "exp_vocab": 3,
      "exp": 4
    }
  },
  "correction": [],
  "info": {
    "essay_id": "ESSAY_34767",
    "essay_prompt": " 영화에는 로맨스, 액션, 스릴러 등 정말 많은 장르가 있습니다. 사람마다 좋아하는 장르가 있고 절대 보지 않는 장르도 있습니다.\r\n\r\n 독서도 마찬가지입니다. 소설, 수필, 시, 만화, 위인전 등 여러가지 장르가 있습니다.\r\n\r\n 여러분은 어떤 장르를 좋아하나요? 그리고 해당 장르에서 가장 재미있게 봤던 영화나 책은 무엇인가요?\r\n\r\n 자신이 봤던 영화 혹은 책을 한 편 선정하여 주제와 내용 그리고 느낀점을 감상문으로 작성해주세요.",
    "essay_type": "설명글",
    "essay_level": "3",
    "essay_len": 630,
    "essay_main_subject": "영화/독서감상문"
  }
}