{
  "paragraph": [
    {
      "paragraph_txt": "세계가 만약 100인의 마을이라면 이라는 책은 전세계 사람들을 100명으로 압축해서 한 마을에 산다는 내용이다.#@문장구분# 마을사람들 100명중 57명은 아시아인\n14명은 아메리카인 13명은 아프리카, 15명의 유럽인, 1명의 남태평양인으로 구성되있다.#@문장구분# 그들중 70명은 유색인종이고 나머지 30명은 백인이다.#@문장구분# \n어른은 70명이고 아이는 30명이다.#@문장구분# 100중 9명이 장애를 가지고있다.#@문장구분# 90명은 이성애자고 10명은 동성애자다.#@문장구분# 100명중 20명은 영양실조를 겪을 것이고, \n1명은 굶어죽기 직전이다.#@문장구분# 반면 15명은 비만을 가지고있다.#@문장구분# 100명중 48명은 평균이하의 삶을 살아간다.#@문장구분# 100명중 43명은 위생이 깨끗하지 않은 곳에서 살아가며, 그중 18명은 깨끗한 물조차 마실수 없습니다. #@문장구분#100명중 8명은 문자를 적거나 읽을 수 도 없습니다. #@문장구분#이걸 전세 계적인 시점으로 보게된다면 만약 내가 \n냉장고에 음식을 보관할 수 있고, 옷을 넣을 옷장이 있다면 전세계 75%의 사람들 보다 부유하다고 한다.#@문장구분# \"그리고 이 책을 읽을 수 있다는 것은 당신은 2배의 축복을 받은 것이다. #@문장구분#왜냐하면 당신의 일을 생각하고 이것을 전해주고 있는 누군가가 있고 게다가 당신은 전혀 문자를 읽을 수 없는 전세계의 20억의 사람들보다 축복 받았기 때문이다.\" 라고 적혀있다.#@문장구분# 나는 이 책을 읽으면서 어느정도는 평범 하다고 생각했던 일상들이 축복받은 것이면 지금도 나보다 \n더 안좋은 상황에서 살아가는 사람들이 있다는 것을 다시한번 생각해보는 계기가 되었다.#@문장구분#",
      "paragraph_len": 1037,
      "paragraph_id": "001"
    }
  ],
  "score": {
    "paragraph_score": [
      {
        "paragraph_scoreT": [
          3,
          2.3333333,
          2.8333333
        ],
        "paragraph_scoreT_detail": {
          "paragraph_scoreT_exp": [
            [
              3,
              3,
              3
            ],
            [
              3,
              2,
              2
            ],
            [
              3,
              3,
              2
            ]
          ]
        },
        "paragraph_scoreT_avg": 2.722222,
        "paragraph_id": "001"
      }
    ],
    "essay_scoreT": [
      30,
      21.333332,
      26.277779
    ],
    "essay_scoreT_avg": 25.87037,
    "essay_scoreT_detail": {
      "essay_scoreT_org": [
        [
          3,
          3,
          3,
          3
        ],
        [
          2,
          2,
          2,
          2
        ],
        [
          2,
          2,
          3,
          2
        ]
      ],
      "essay_scoreT_cont": [
        [
          3,
          3,
          0,
          3
        ],
        [
          2,
          2,
          0,
          2
        ],
        [
          3,
          2,
          0,
          3
        ]
      ],
      "essay_scoreT_exp": [
        [
          3,
          3,
          3
        ],
        [
          3,
          2,
          2
        ],
        [
          3,
          3,
          2
        ]
      ]
    }
  },
  "student": {
    "date": "2021.09.07",
    "student_educated": true,
    "student_grade": "고등_1학년",
    "location": "051",
    "student_grade_group": "고등",
    "student_reading": 2
  },
  "rubric": {
    "essay_grade": "고등_1학년",
    "organization_weight": {
      "org_paragraph": 2,
      "org": 2,
      "org_essay": 4,
      "org_coherence": 2,
      "org_quantity": 1
    },
    "essay_type": "설명글",
    "content_weight": {
      "con_clearance": 4,
      "con_novelty": 3,
      "con": 4,
      "con_prompt": 0,
      "con_description": 1
    },
    "essay_main_subject": "영화/독서감상문",
    "expression_weight": {
      "exp_style": 1,
      "exp_grammar": 2,
      "exp_vocab": 3,
      "exp": 4
    }
  },
  "correction": [],
  "info": {
    "essay_id": "ESSAY_34251",
    "essay_prompt": " 영화에는 로맨스, 액션, 스릴러 등 정말 많은 장르가 있습니다. 사람마다 좋아하는 장르가 있고 절대 보지 않는 장르도 있습니다.\r\n\r\n 독서도 마찬가지입니다. 소설, 수필, 시, 만화, 위인전 등 여러가지 장르가 있습니다.\r\n\r\n 여러분은 어떤 장르를 좋아하나요? 그리고 해당 장르에서 가장 재미있게 봤던 영화나 책은 무엇인가요?\r\n\r\n 자신이 봤던 영화 혹은 책을 한 편 선정하여 주제와 내용 그리고 느낀점을 감상문으로 작성해주세요.",
    "essay_type": "설명글",
    "essay_level": "3",
    "essay_len": 738,
    "essay_main_subject": "영화/독서감상문"
  }
}