{
  "paragraph": [
    {
      "paragraph_txt": "이 책은 세계 곳곳에서 일어나는 자연 재해에 대해서 말해주고 있다. #@문장구분#마치 기자가 각 지역에 가서 뉴를 보내주고 있는 것 처럼 느낄 수 있었다. #@문장구분#그리고 그런 자연재해가 일어난 곳의 사람들의 삶을 보여준다.#@문장구분# 중국 네이멍구 자치구에서의 사람들은 모래 때문에 고생하고, 뉴올리언스에 태풍 카트리나가 상륙해서 생겨난 피해, 지구온난화 때문에 가라앉는 투발루 등 세계적인 사례를 보여준다.#@문장구분# 작가는 지구에서 일어나는 환경문제에 대해서 쉽고 자세하게 설명 해줬다.#@문장구분# 예를 들면 지구온난화에 대해서 '왜 지구온난화가 일어나는데 겨울이 추워질까?'라는 궁금증에 북극의 온도가 높아져 편서풍이 약해지고 제트기류도 약해져서 그렇다고 설명한다.#@문장구분# 북극의 추운 공기가 북극에 갇혀서 덜 춥지만 제트기류가 약하면 추운 공기가 우리나라까지 내려와서 겨울이 훨씬 더 추워진다.#@문장구분# 또 자연재해 뿐만 아니라 신재생 에너지에 대한 이야기도 하고 있다.#@문장구분# 그리고 환경 문제에 대해서 놀라운 예측을 하기도 한다.#@문장구분# 후쿠시마 원전 파괴 피해에 대해서 예상해 본 것이 있는데, 남녀가 맞선을 보고 남자는 여자를 잘 챙겨주다가 고향이 후쿠시마라는 말 한마디에 태도가 완전히 바뀌는 것이다.#@문장구분# 또한 2030년에는 후쿠시마에서 온 여자는 결혼을 하지 못하는 상황이 일어난 수도 있다고 예상된다.#@문장구분# 만약 실제로 이런 일이 일어난다면 원전 사고가 일어난 곳 뿐만 아니라 조금 오염된 지역은 차별 대우를 받을 수 없게 된다는 예상도 가능하다고 한다.#@문장구분# 이런 한 책은 환경 문제에 대한 질문을 한다.#@문장구분# 유목민들이 기르는 동물들이 사막화의 원인 중 하나이다.#@문장구분# 그런데 그럼 유목민들이 동물들을 기르지 못하게 해야 할까? 라는 질문을 하면서 우리가 다시 생각해 볼수 있다.#@문장구분# 이 책을 읽으면서 아픈 지구를 위해 뭔가 대안을 내고 실천하기 위해서는 먼저 공감을 할 수 있었야 한다고 나와있다.#@문장구분# 나와 연결된 모든 사람의 아픔을 공감할 수 있다면 우리는 어떤 행동을 시작할 수 있다고 했다.#@문장구분# 이 책은 무조건적인 설명만을 다루고 있는것이 아니라 세계에서 있었던 자연재해에 대한 예시를 이야기처럼 꾸미고 설명해서 쉽고 재미있게 알 수 있었다. #@문장구분#그리고 평소에 내가 궁금한 부분을 알려주었다.#@문장구분# 지구온난화, 사막화, 에너지, 적정 기술 등 다양한 분야의 문제들을 쉽게 알려주었다.#@문장구분# 마지막으로 책은 어려운 내용을 다루고는 있지만 충분히 이해할 수 있게끔 사진과 그림들을 보여주면서 설명한다.#@문장구분# 현재 우리나라 뿐만 아니라 해외에서 발생하는 환경 오염에 대한 심각성을 다루고 있기 때문에 우리가 다시 한번 주변 환경을 보호하고 보존해야 된다라고 다짐할 수 있는 계기가 되었다.#@문장구분#",
      "paragraph_len": 1714,
      "paragraph_id": "001"
    }
  ],
  "score": {
    "paragraph_score": [
      {
        "paragraph_scoreT": [
          2.5,
          2.3333333,
          2
        ],
        "paragraph_scoreT_detail": {
          "paragraph_scoreT_exp": [
            [
              2,
              3,
              2
            ],
            [
              3,
              2,
              2
            ],
            [
              2,
              2,
              2
            ]
          ]
        },
        "paragraph_scoreT_avg": 2.2777777,
        "paragraph_id": "001"
      }
    ],
    "essay_scoreT": [
      24.666666,
      24.5,
      24
    ],
    "essay_scoreT_avg": 24.388887,
    "essay_scoreT_detail": {
      "essay_scoreT_org": [
        [
          2,
          3,
          2,
          3
        ],
        [
          2,
          2,
          3,
          3
        ],
        [
          2,
          2,
          2,
          2
        ]
      ],
      "essay_scoreT_cont": [
        [
          3,
          2,
          0,
          2
        ],
        [
          3,
          2,
          0,
          3
        ],
        [
          3,
          3,
          0,
          3
        ]
      ],
      "essay_scoreT_exp": [
        [
          2,
          3,
          2
        ],
        [
          3,
          2,
          2
        ],
        [
          2,
          2,
          2
        ]
      ]
    }
  },
  "student": {
    "date": "2021.09.09",
    "student_educated": true,
    "student_grade": "고등_1학년",
    "location": "051",
    "student_grade_group": "고등",
    "student_reading": 1
  },
  "rubric": {
    "essay_grade": "고등_1학년",
    "organization_weight": {
      "org_paragraph": 2,
      "org": 2,
      "org_essay": 4,
      "org_coherence": 2,
      "org_quantity": 1
    },
    "essay_type": "설명글",
    "content_weight": {
      "con_clearance": 4,
      "con_novelty": 3,
      "con": 4,
      "con_prompt": 0,
      "con_description": 1
    },
    "essay_main_subject": "영화/독서감상문",
    "expression_weight": {
      "exp_style": 1,
      "exp_grammar": 2,
      "exp_vocab": 3,
      "exp": 4
    }
  },
  "correction": [],
  "info": {
    "essay_id": "ESSAY_34814",
    "essay_prompt": " 영화에는 로맨스, 액션, 스릴러 등 정말 많은 장르가 있습니다. 사람마다 좋아하는 장르가 있고 절대 보지 않는 장르도 있습니다.\r\n\r\n 독서도 마찬가지입니다. 소설, 수필, 시, 만화, 위인전 등 여러가지 장르가 있습니다.\r\n\r\n 여러분은 어떤 장르를 좋아하나요? 그리고 해당 장르에서 가장 재미있게 봤던 영화나 책은 무엇인가요?\r\n\r\n 자신이 봤던 영화 혹은 책을 한 편 선정하여 주제와 내용 그리고 느낀점을 감상문으로 작성해주세요.",
    "essay_type": "설명글",
    "essay_level": "3",
    "essay_len": 1274,
    "essay_main_subject": "영화/독서감상문"
  }
}