{
  "paragraph": [
    {
      "paragraph_txt": "재석이와 민성이는 학교에서 퇴학당하지 않기 위해 사회 봉사 명령을 수행하러 복지관에 가면서 시작 된다.#@문장구분# 처음엔 너무나 하기 싫은 봉사활동 이었다#@문장구분# 복지관에 들어가면 항상 먹으로 엉망된 서예 시간 뒤엔 항상 재석이가 치워야 했기 때문이다.#@문장구분# 그리고 깐깐 하신 부라퀴 영감님 말에 따라 일을 하다 보니 항상 지쳐 있었기 때문이다.#@문장구분# 그러던 어느날 부라퀴 손녀 딸인 보담이 어제 첫눈에 반하게 되고 집에 가면서 보담이에 대하여 듣게 된다.#@문장구분# 그러곤 열심히 봉사하며 부라퀴 영감님의 마음을 얻게 되고 보담이 와도 몇 번 마주치곤 한다.#@문장구분# 어느날에는 영감님에게 보담이와 놀이공원에 가도되냐는 질문에 허락해 주셨고 보담이 역시 싫은 눈치는 아니었다.#@문장구분# 봉사가 끝나도 재석이는 계속 보담이 생각만 했다.#@문장구분# 스톤 써클의 짱인 병규가 봉사도 끝나고 술이나 마시자는 얘기에 별로 달갑진 않았다.#@문장구분# 그리고 병규가 보담이를 막 부르는 바람에 들 사이엔 신경전이 불 붙었고 몸싸움으로 이어질 뻔 했다.#@문장구분# 또래의 이야기라 더 와닿고 좋았다.#@문장구분#",
      "paragraph_len": 723,
      "paragraph_id": "001"
    }
  ],
  "score": {
    "paragraph_score": [
      {
        "paragraph_scoreT": [
          1.5,
          1.8333334,
          1.8333334
        ],
        "paragraph_scoreT_detail": {
          "paragraph_scoreT_exp": [
            [
              1,
              2,
              1
            ],
            [
              2,
              2,
              1
            ],
            [
              2,
              2,
              1
            ]
          ]
        },
        "paragraph_scoreT_avg": 1.7222223,
        "paragraph_id": "001"
      }
    ],
    "essay_scoreT": [
      13.111111,
      17.11111,
      13.555555
    ],
    "essay_scoreT_avg": 14.592593,
    "essay_scoreT_detail": {
      "essay_scoreT_org": [
        [
          2,
          1,
          1,
          2
        ],
        [
          2,
          2,
          2,
          1
        ],
        [
          1,
          1,
          1,
          2
        ]
      ],
      "essay_scoreT_cont": [
        [
          1,
          1,
          0,
          1
        ],
        [
          2,
          1,
          0,
          1
        ],
        [
          1,
          1,
          0,
          1
        ]
      ],
      "essay_scoreT_exp": [
        [
          1,
          2,
          1
        ],
        [
          2,
          2,
          1
        ],
        [
          2,
          2,
          1
        ]
      ]
    }
  },
  "student": {
    "date": "2021.09.10",
    "student_educated": true,
    "student_grade": "고등_1학년",
    "location": "063",
    "student_grade_group": "고등",
    "student_reading": 2
  },
  "rubric": {
    "essay_grade": "고등_1학년",
    "organization_weight": {
      "org_paragraph": 2,
      "org": 2,
      "org_essay": 4,
      "org_coherence": 2,
      "org_quantity": 1
    },
    "essay_type": "설명글",
    "content_weight": {
      "con_clearance": 4,
      "con_novelty": 3,
      "con": 4,
      "con_prompt": 0,
      "con_description": 1
    },
    "essay_main_subject": "영화/독서감상문",
    "expression_weight": {
      "exp_style": 1,
      "exp_grammar": 2,
      "exp_vocab": 3,
      "exp": 4
    }
  },
  "correction": [],
  "info": {
    "essay_id": "ESSAY_34679",
    "essay_prompt": " 영화에는 로맨스, 액션, 스릴러 등 정말 많은 장르가 있습니다. 사람마다 좋아하는 장르가 있고 절대 보지 않는 장르도 있습니다.\r\n\r\n 독서도 마찬가지입니다. 소설, 수필, 시, 만화, 위인전 등 여러가지 장르가 있습니다.\r\n\r\n 여러분은 어떤 장르를 좋아하나요? 그리고 해당 장르에서 가장 재미있게 봤던 영화나 책은 무엇인가요?\r\n\r\n 자신이 봤던 영화 혹은 책을 한 편 선정하여 주제와 내용 그리고 느낀점을 감상문으로 작성해주세요.",
    "essay_type": "설명글",
    "essay_level": "3",
    "essay_len": 504,
    "essay_main_subject": "영화/독서감상문"
  }
}