{
  "paragraph": [
    {
      "paragraph_txt": "저는 동물를 키워가는 집들이 많아지는 사회에서 사람들을 도와주는 동물들에 대해서 궁금한 점이 많아져서 이 책을 읽게 되었습니다.#@문장구분#<br/> 제가 아는 인간을 도와주는 동물에는 시각 장애인들을 도와주는 개말고는 아는 것이 없었습니다.#@문장구분# 그러나 이 책을 읽어 보니 원숭이도 신체가 불편한 사람들의 활동을 도와주는 경우도 있었습니다.#@문장구분# 그리고 개들도 전문적으로 인간을 돕는 것을 가르쳐주는 학교가 있어서 그 곳에서 충분한 교육을 받은 후 자격을 얻게 되면 그때 사람들을 도와주고 있습니다.#@문장구분# 솔직히 개들이 눈이 보이지 않는 사람들과 소통하는 것이 눈이 정상적인 사람들과 소통하는 것보다 덜 자주 일어나서 개들의 심리상태가 어떨지 궁금하고 자신의 인생을 평생 돕기만 하면서 살아가야 한다는 것이 너무 안타깝습니다.#@문장구분# 그래서 너무 인간 중심적으로 살아가지 않았으면 하는 바람이 새로 생겻습니다.#@문장구분#",
      "paragraph_len": 560,
      "paragraph_id": "001"
    }
  ],
  "score": {
    "paragraph_score": [
      {
        "paragraph_scoreT": [
          1.1666666,
          1.8333334,
          1.5
        ],
        "paragraph_scoreT_detail": {
          "paragraph_scoreT_exp": [
            [
              1,
              1,
              2
            ],
            [
              2,
              2,
              1
            ],
            [
              1,
              2,
              1
            ]
          ]
        },
        "paragraph_scoreT_avg": 1.5,
        "paragraph_id": "001"
      }
    ],
    "essay_scoreT": [
      16.444445,
      16.222221,
      15.944445
    ],
    "essay_scoreT_avg": 16.203703,
    "essay_scoreT_detail": {
      "essay_scoreT_org": [
        [
          2,
          2,
          2,
          1
        ],
        [
          1,
          2,
          2,
          1
        ],
        [
          1,
          2,
          1,
          1
        ]
      ],
      "essay_scoreT_cont": [
        [
          2,
          2,
          0,
          2
        ],
        [
          2,
          1,
          0,
          1
        ],
        [
          2,
          2,
          0,
          1
        ]
      ],
      "essay_scoreT_exp": [
        [
          1,
          1,
          2
        ],
        [
          2,
          2,
          1
        ],
        [
          1,
          2,
          1
        ]
      ]
    }
  },
  "student": {
    "date": "2021.09.10",
    "student_educated": true,
    "student_grade": "고등_1학년",
    "location": "063",
    "student_grade_group": "고등",
    "student_reading": 1
  },
  "rubric": {
    "essay_grade": "고등_1학년",
    "organization_weight": {
      "org_paragraph": 2,
      "org": 2,
      "org_essay": 4,
      "org_coherence": 2,
      "org_quantity": 1
    },
    "essay_type": "설명글",
    "content_weight": {
      "con_clearance": 4,
      "con_novelty": 3,
      "con": 4,
      "con_prompt": 0,
      "con_description": 1
    },
    "essay_main_subject": "영화/독서감상문",
    "expression_weight": {
      "exp_style": 1,
      "exp_grammar": 2,
      "exp_vocab": 3,
      "exp": 4
    }
  },
  "correction": [],
  "info": {
    "essay_id": "ESSAY_34772",
    "essay_prompt": " 영화에는 로맨스, 액션, 스릴러 등 정말 많은 장르가 있습니다. 사람마다 좋아하는 장르가 있고 절대 보지 않는 장르도 있습니다.\r\n\r\n 독서도 마찬가지입니다. 소설, 수필, 시, 만화, 위인전 등 여러가지 장르가 있습니다.\r\n\r\n 여러분은 어떤 장르를 좋아하나요? 그리고 해당 장르에서 가장 재미있게 봤던 영화나 책은 무엇인가요?\r\n\r\n 자신이 봤던 영화 혹은 책을 한 편 선정하여 주제와 내용 그리고 느낀점을 감상문으로 작성해주세요.",
    "essay_type": "설명글",
    "essay_level": "3",
    "essay_len": 430,
    "essay_main_subject": "영화/독서감상문"
  }
}