{
  "paragraph": [
    {
      "paragraph_txt": "이 도서에서는 소재가 처음에 어떻게 발견되었는지, 어떻게 소재에서 신소재를 탄생시켰는지를 주로 다룬다.#@문장구분# 그러기 때문에 화학이 필수적이다.#@문장구분# 우리가 흔히 신소재를 발견할때는 탄소가 꼭 필요하듯이 신소재와 화학은 매우 밀접한 관계를 가지고 있어서 화학에 대한 지식을 얻기 위해서 읽게 되었다.#@문장구분# 이 책은 고무와 플라스틱등 우리 일상에 필요한 소재에 대한 역사와 과학적 결합을 알려주면서 우리의 호기심을 자극한다.#@문장구분# 예를 들면 1880년대 한 대학에서 어떤 교수가 학생들에게 알루미늄을 대량으로 제조하면 부자가 된다고 말했더니 이에 자극을 받은 학생들은 알루미늄을 대량생산하는데 성공을 했고 이는 항공 산업에 혁명이 되었다라는 내용이 다수 포함되어 있어 우리의 호기심을 자극하고 재밌고 가볍게 화학과 소재의 관계를 공부할 수 있다고 생각한다.#@문장구분# 나는 이 책을 화학과나 화공과 또는 신소재 공학과 뿐만 아니라 공학에 관심이 있는 모든 친구들에게 추천을 해주고 싶다.#@문장구분# 소재는 어떤 공학과도 찰떡궁합이기에 난 이 책을 이과 친구들에게 강력 추천한다.#@문장구분#",
      "paragraph_len": 661,
      "paragraph_id": "001"
    }
  ],
  "score": {
    "paragraph_score": [
      {
        "paragraph_scoreT": [
          2,
          1.8333334,
          1.8333334
        ],
        "paragraph_scoreT_detail": {
          "paragraph_scoreT_exp": [
            [
              2,
              2,
              2
            ],
            [
              2,
              2,
              1
            ],
            [
              2,
              2,
              1
            ]
          ]
        },
        "paragraph_scoreT_avg": 1.888889,
        "paragraph_id": "001"
      }
    ],
    "essay_scoreT": [
      18.055555,
      19.333334,
      18.222221
    ],
    "essay_scoreT_avg": 18.537037,
    "essay_scoreT_detail": {
      "essay_scoreT_org": [
        [
          2,
          1,
          2,
          2
        ],
        [
          2,
          2,
          2,
          2
        ],
        [
          1,
          2,
          2,
          1
        ]
      ],
      "essay_scoreT_cont": [
        [
          2,
          1,
          0,
          2
        ],
        [
          2,
          2,
          0,
          2
        ],
        [
          2,
          2,
          0,
          2
        ]
      ],
      "essay_scoreT_exp": [
        [
          2,
          2,
          2
        ],
        [
          2,
          2,
          1
        ],
        [
          2,
          2,
          1
        ]
      ]
    }
  },
  "student": {
    "date": "2021.09.09",
    "student_educated": true,
    "student_grade": "고등_1학년",
    "location": "051",
    "student_grade_group": "고등",
    "student_reading": 2
  },
  "rubric": {
    "essay_grade": "고등_1학년",
    "organization_weight": {
      "org_paragraph": 2,
      "org": 2,
      "org_essay": 4,
      "org_coherence": 2,
      "org_quantity": 1
    },
    "essay_type": "설명글",
    "content_weight": {
      "con_clearance": 4,
      "con_novelty": 3,
      "con": 4,
      "con_prompt": 0,
      "con_description": 1
    },
    "essay_main_subject": "영화/독서감상문",
    "expression_weight": {
      "exp_style": 1,
      "exp_grammar": 2,
      "exp_vocab": 3,
      "exp": 4
    }
  },
  "correction": [],
  "info": {
    "essay_id": "ESSAY_34775",
    "essay_prompt": " 영화에는 로맨스, 액션, 스릴러 등 정말 많은 장르가 있습니다. 사람마다 좋아하는 장르가 있고 절대 보지 않는 장르도 있습니다.\r\n\r\n 독서도 마찬가지입니다. 소설, 수필, 시, 만화, 위인전 등 여러가지 장르가 있습니다.\r\n\r\n 여러분은 어떤 장르를 좋아하나요? 그리고 해당 장르에서 가장 재미있게 봤던 영화나 책은 무엇인가요?\r\n\r\n 자신이 봤던 영화 혹은 책을 한 편 선정하여 주제와 내용 그리고 느낀점을 감상문으로 작성해주세요.",
    "essay_type": "설명글",
    "essay_level": "3",
    "essay_len": 521,
    "essay_main_subject": "영화/독서감상문"
  }
}