{
  "paragraph": [
    {
      "paragraph_txt": "이 책은 일반적인 책들과는 다르게 우리 인류 역사에서 큰 영향을 끼친 의약품에 대해 이야기하기 보다는 예상도 못한 약들의 약효 또는 앞으로 이러한 놀라운 발견을 토대로 우리 인류가 어떻게 의약품을 만들어 가야 할 지에 대해 이야기 하고 있다.#@문장구분# 대부분의 이야기가 원리를 담고 있다기 보다는 사례를 통해 이야기를 하고 있고, 개인적으로 가장 흥미가 있었던 부분은 중세시대 귀족들의 소화제로 사용된 초콜릿 이야기이다.#@문장구분# 사실 들어보지도 못했던 이야기라서 뜬금 없다는 생각을 하기는 했는데, 매 주제 마지막은 주제를 종합하여 최신의 의약 동향이 어떻게 진행되고 있는지에 대한 이야기 또한 해줘 상당히 객관성을 높이고 있다는 생각이 동시에 들었다.#@문장구분# 최근들어 화학 공학 중에서도 의약품에 대해 관심이 많이 생겼는데 이런 내 호기심을 더욱 더 커지게 만들어주는 책인 것 같다.#@문장구분# 본인이 간단하게 약에 대한 다양한 이야기들을 접하고 싶다면 이 책을 강력하게 추천하는 바이다.#@문장구분#",
      "paragraph_len": 579,
      "paragraph_id": "001"
    }
  ],
  "score": {
    "paragraph_score": [
      {
        "paragraph_scoreT": [
          2.3333333,
          1.8333334,
          1.8333334
        ],
        "paragraph_scoreT_detail": {
          "paragraph_scoreT_exp": [
            [
              3,
              2,
              2
            ],
            [
              2,
              2,
              1
            ],
            [
              2,
              2,
              1
            ]
          ]
        },
        "paragraph_scoreT_avg": 2,
        "paragraph_id": "001"
      }
    ],
    "essay_scoreT": [
      22.666666,
      18.444445,
      13.555555
    ],
    "essay_scoreT_avg": 18.222221,
    "essay_scoreT_detail": {
      "essay_scoreT_org": [
        [
          3,
          2,
          3,
          2
        ],
        [
          1,
          2,
          2,
          2
        ],
        [
          1,
          1,
          1,
          2
        ]
      ],
      "essay_scoreT_cont": [
        [
          2,
          2,
          0,
          2
        ],
        [
          2,
          2,
          0,
          2
        ],
        [
          1,
          1,
          0,
          1
        ]
      ],
      "essay_scoreT_exp": [
        [
          3,
          2,
          2
        ],
        [
          2,
          2,
          1
        ],
        [
          2,
          2,
          1
        ]
      ]
    }
  },
  "student": {
    "date": "2021.09.13",
    "student_educated": true,
    "student_grade": "고등_1학년",
    "location": "063",
    "student_grade_group": "고등",
    "student_reading": 1
  },
  "rubric": {
    "essay_grade": "고등_1학년",
    "organization_weight": {
      "org_paragraph": 2,
      "org": 2,
      "org_essay": 4,
      "org_coherence": 2,
      "org_quantity": 1
    },
    "essay_type": "설명글",
    "content_weight": {
      "con_clearance": 4,
      "con_novelty": 3,
      "con": 4,
      "con_prompt": 0,
      "con_description": 1
    },
    "essay_main_subject": "영화/독서감상문",
    "expression_weight": {
      "exp_style": 1,
      "exp_grammar": 2,
      "exp_vocab": 3,
      "exp": 4
    }
  },
  "correction": [],
  "info": {
    "essay_id": "ESSAY_34745",
    "essay_prompt": " 영화에는 로맨스, 액션, 스릴러 등 정말 많은 장르가 있습니다. 사람마다 좋아하는 장르가 있고 절대 보지 않는 장르도 있습니다.\r\n\r\n 독서도 마찬가지입니다. 소설, 수필, 시, 만화, 위인전 등 여러가지 장르가 있습니다.\r\n\r\n 여러분은 어떤 장르를 좋아하나요? 그리고 해당 장르에서 가장 재미있게 봤던 영화나 책은 무엇인가요?\r\n\r\n 자신이 봤던 영화 혹은 책을 한 편 선정하여 주제와 내용 그리고 느낀점을 감상문으로 작성해주세요.",
    "essay_type": "설명글",
    "essay_level": "3",
    "essay_len": 479,
    "essay_main_subject": "영화/독서감상문"
  }
}