{
  "paragraph": [
    {
      "paragraph_txt": "전 세계는 교통과 통신으로 실시간 열결되어 있어서 살인과 광기, 폭력과 용기도 실시간으로 공유된다.#@문장구분# 인류가 모두 함께 전율하고 분노하고 감탄하고 흥분한다.#@문장구분# 이것은 이 책에서 발췌한 문장이다. #@문장구분#오준 대사는 21세기의 연결된 지구촌의 모습을 표현하고자 했을 것이다.#@문장구분# 나는 폭력과 평화가 가장 인상 깊은 주제였다.#@문장구분# 인간들은 왜 전쟁을 하는지 알 수가 없다.#@문장구분# 보통 자연에서 동물들은 생존을 위해 자신에게 주어진 무기인 발톱, 이빨, 그리고 독으로 투쟁한다.#@문장구분#인간도 오랜 세월 종족 번식과 생존을 위해 투쟁했지만 지금은 모든게 풍족하여 자연적으로는 싸울 이유가 없기 때문이다.#@문장구분# 더 나아가서 동물과는 다르게 인간은 무기가 효과적이라는 것을 알았고 가공할 파괴력을 가진 핵무기가 발명되어 세계대전과 같은 전쟁은 일어나지 않는다.#@문장구분# 하지만, 최근에는 전통적 전쟁보다 테러나 집단학살, 내전등의 문제가 더 큰 위협으로 다가온다.#@문장구분# 어떤 사람은 자신의 모든 것을 버려가며 테러를 저질러 타인의 생명을 빼았고, 어떤 이는 자신의 목숨을 바쳐가며 타인의 생명을 구한다.#@문장구분# 생명체는 본능적으로 자신의 생명을 지키기 위해 애쓰는데 테러와 같은 폭력과 목숨을 건 구호 활동은 어떻게 양립할 수 있는가?#@문장구분# 폭력과 전쟁은 우리가 오랜 역사로 이루어낸 문명의 발달이 우리 스스로의 생존을 위협하고 있는 꼴이다. #@문장구분##@이름# 대사는 단순히 생존만으로 충분하지 않으며 누구나 인간답게 살아야 평화와 번영이 가능하다고 본다.#@문장구분# 현재 평화 문제는 개별 국가 차원의 문제를 벗어났다. #@문장구분#우리가 당면한 폭력을 해체나가기 위해 지구 차원의 협조와 공동 대체가 필요하다.#@문장구분# 세계유일의 분단 국가로 남아있는 남한과 북한의 평화적 통일을 실현하는 것도 지구촌의 평화를 실현하는데 기여할 것이다.#@문장구분# #@이름# 대사의 연설 중 \"For South Koreans, people in the North are not just 'anybodies'.\"을 인용하여, 앞서 말한 것 처럼 대한민국뿐만 아니라 전세계가 남북한의 평화와 화합을 위해 힘을 모아야 한다.#@문장구분#",
      "paragraph_len": 1384,
      "paragraph_id": "001"
    }
  ],
  "score": {
    "paragraph_score": [
      {
        "paragraph_scoreT": [
          2.5,
          2.5,
          2.8333333
        ],
        "paragraph_scoreT_detail": {
          "paragraph_scoreT_exp": [
            [
              2,
              3,
              2
            ],
            [
              2,
              3,
              2
            ],
            [
              3,
              3,
              2
            ]
          ]
        },
        "paragraph_scoreT_avg": 2.611111,
        "paragraph_id": "001"
      }
    ],
    "essay_scoreT": [
      22.222221,
      28,
      28.833332
    ],
    "essay_scoreT_avg": 26.351852,
    "essay_scoreT_detail": {
      "essay_scoreT_org": [
        [
          2,
          2,
          2,
          3
        ],
        [
          3,
          3,
          3,
          3
        ],
        [
          3,
          3,
          3,
          3
        ]
      ],
      "essay_scoreT_cont": [
        [
          2,
          2,
          0,
          2
        ],
        [
          3,
          3,
          0,
          3
        ],
        [
          3,
          3,
          0,
          2
        ]
      ],
      "essay_scoreT_exp": [
        [
          2,
          3,
          2
        ],
        [
          2,
          3,
          2
        ],
        [
          3,
          3,
          2
        ]
      ]
    }
  },
  "student": {
    "date": "2021.09.10",
    "student_educated": true,
    "student_grade": "고등_1학년",
    "location": "063",
    "student_grade_group": "고등",
    "student_reading": 1
  },
  "rubric": {
    "essay_grade": "고등_1학년",
    "organization_weight": {
      "org_paragraph": 2,
      "org": 2,
      "org_essay": 4,
      "org_coherence": 2,
      "org_quantity": 1
    },
    "essay_type": "설명글",
    "content_weight": {
      "con_clearance": 4,
      "con_novelty": 3,
      "con": 4,
      "con_prompt": 0,
      "con_description": 1
    },
    "essay_main_subject": "영화/독서감상문",
    "expression_weight": {
      "exp_style": 1,
      "exp_grammar": 2,
      "exp_vocab": 3,
      "exp": 4
    }
  },
  "correction": [],
  "info": {
    "essay_id": "ESSAY_34759",
    "essay_prompt": " 영화에는 로맨스, 액션, 스릴러 등 정말 많은 장르가 있습니다. 사람마다 좋아하는 장르가 있고 절대 보지 않는 장르도 있습니다.\r\n\r\n 독서도 마찬가지입니다. 소설, 수필, 시, 만화, 위인전 등 여러가지 장르가 있습니다.\r\n\r\n 여러분은 어떤 장르를 좋아하나요? 그리고 해당 장르에서 가장 재미있게 봤던 영화나 책은 무엇인가요?\r\n\r\n 자신이 봤던 영화 혹은 책을 한 편 선정하여 주제와 내용 그리고 느낀점을 감상문으로 작성해주세요.",
    "essay_type": "설명글",
    "essay_level": "3",
    "essay_len": 992,
    "essay_main_subject": "영화/독서감상문"
  }
}