{
  "paragraph": [
    {
      "paragraph_txt": "제가 본 영화는 암수살인이라는 영화입니다.#@문장구분# 이 영화는 살인범을 주제로 한 영화입니다#@문장구분# 여기에 나오는 주역은 형사 김형민(배우 김윤석), 살인마 강태오(배우 주지훈)입니다#@문장구분# 이영화에서는 강태오가 옛날부터 각종 범죄를 자주 하고 살인도 하였는데 저 시대에는 오늘날과 다르게 cctv이나 기록을 담아 둘수 있는 장치를이 몇없었고 있더라고 하여도 그때는 성능이 매우 좋지 않아서 제대로 된 증거물을 확보하지 못했습니다.#@문장구분# 그래서 강태오가 7~8명정도 살인을 하였는데 운도 좋고 형사들도 대충 수사를 하여 강태오는 징역살이를 하지 않게 되었고 나중에는 자신의 여자친구를 죽인 것이 들어나서 징역을 하게 되었고 강태오가 김형민 형사를 불러서 맨날 자백을하고 증거의 위치등을 가르쳐주어서 징역량이 5년이나 감소하였고 그렇게 강태오는 증거불충분으로 모든 사건을 무죄를 받으려고 하였습니다#@문장구분# 그래서 그는 마지막 사건을 남겨두고 많은 무죄를 받은 상황이 였습니다#@문장구분# 하지만 여기서 옛 죽은 여자친구의 숨겨진 아들이 있었는데 김형사가 그 아들을 찾아와서 증인으로 출석 시켜 강태오가 아들의 어미니이자 강태오의 전 여자친구를 죽인 것에 대한 증거가 입증되었기 때문에 강태오는 무기징역을 받았습니다.#@문장구분#\n이 영화를 보고 강태오가 정말 똑똑하다고 생각하였습니다#@문장구분# 강태오는 법정에서 자신에게는 유리하고 형사들에게는 불리한 상황을 매우 잘만든다고 생각했습니다#@문장구분# 그리고 법정에서도 그것으로 무죄를 많이 받고나 감형을 했습니다.#@문장구분# 반대로 김형사는 강태오를 무기징역에 넣고 싶었지만 강태오가 \"이렇게 말하면 저 형사가 돈 500백 준데요\" 이런식으로 불리한 상황을 만들어서 감형을 계속 받고 강태오가 약을 올려도 강태오를 징역 넣을라고 멘탈잡고 열심히 수사하여 징역에 넣을 것을 보니 정말 엄청난 사람이라고 생각했습니다.#@문장구분#\n그리고 이런 영화와 비슷한 실제 사건이 있나 궁금했습니다.#@문장구분#",
      "paragraph_len": 1150,
      "paragraph_id": "001"
    }
  ],
  "score": {
    "paragraph_score": [
      {
        "paragraph_scoreT": [
          2.8333333,
          2.8333333,
          2.8333333
        ],
        "paragraph_scoreT_detail": {
          "paragraph_scoreT_exp": [
            [
              3,
              3,
              2
            ],
            [
              3,
              3,
              2
            ],
            [
              3,
              3,
              2
            ]
          ]
        },
        "paragraph_scoreT_avg": 2.8333333,
        "paragraph_id": "001"
      }
    ],
    "essay_scoreT": [
      27.61111,
      26.277779,
      25.777779
    ],
    "essay_scoreT_avg": 26.555557,
    "essay_scoreT_detail": {
      "essay_scoreT_org": [
        [
          3,
          3,
          3,
          2
        ],
        [
          2,
          2,
          3,
          2
        ],
        [
          2,
          2,
          3,
          2
        ]
      ],
      "essay_scoreT_cont": [
        [
          3,
          2,
          0,
          3
        ],
        [
          3,
          2,
          0,
          3
        ],
        [
          2,
          3,
          0,
          3
        ]
      ],
      "essay_scoreT_exp": [
        [
          3,
          3,
          2
        ],
        [
          3,
          3,
          2
        ],
        [
          3,
          3,
          2
        ]
      ]
    }
  },
  "student": {
    "date": "2021.09.13",
    "student_educated": true,
    "student_grade": "고등_1학년",
    "location": "051",
    "student_grade_group": "고등",
    "student_reading": 1
  },
  "rubric": {
    "essay_grade": "고등_1학년",
    "organization_weight": {
      "org_paragraph": 2,
      "org": 2,
      "org_essay": 4,
      "org_coherence": 2,
      "org_quantity": 1
    },
    "essay_type": "설명글",
    "content_weight": {
      "con_clearance": 4,
      "con_novelty": 3,
      "con": 4,
      "con_prompt": 0,
      "con_description": 1
    },
    "essay_main_subject": "영화/독서감상문",
    "expression_weight": {
      "exp_style": 1,
      "exp_grammar": 2,
      "exp_vocab": 3,
      "exp": 4
    }
  },
  "correction": [],
  "info": {
    "essay_id": "ESSAY_33958",
    "essay_prompt": " 영화에는 로맨스, 액션, 스릴러 등 정말 많은 장르가 있습니다. 사람마다 좋아하는 장르가 있고 절대 보지 않는 장르도 있습니다.\r\n\r\n 독서도 마찬가지입니다. 소설, 수필, 시, 만화, 위인전 등 여러가지 장르가 있습니다.\r\n\r\n 여러분은 어떤 장르를 좋아하나요? 그리고 해당 장르에서 가장 재미있게 봤던 영화나 책은 무엇인가요?\r\n\r\n 자신이 봤던 영화 혹은 책을 한 편 선정하여 주제와 내용 그리고 느낀점을 감상문으로 작성해주세요.",
    "essay_type": "설명글",
    "essay_level": "3",
    "essay_len": 913,
    "essay_main_subject": "영화/독서감상문"
  }
}