{
  "paragraph": [
    {
      "paragraph_txt": "최근에 유명 일본 애니메이션 기업인 지브리 영화 중에 '모노노케 히메'라는 영화를 봤다.#@문장구분# 이 영화는 원령공주라고 불리기도 한다.#@문장구분# 지브리 영화 가운데 유명한 작품이라 꼭 봐야겠다고 생각하고 있었는데 이번 방학을 기회로 보게 되었다.#@문장구분# 우선 이 영화를 보고 나서 우리가 환경을 어떻게 생각하고 다뤄야 하는지, 인간과 자연이 잘 공생하려면 어떻게 해야 할지 등의 생각을 하게 되었다.#@문장구분# 이 영화에서 주인공인 '아시타카'의 마을에 인간에게 분노해 재앙신으로 변한 멧돼지가 출몰한다.#@문장구분# 아시타카는 재앙신을 죽였으나 치료할 수 없는 상처를 얻게 되었으므로 운명을 받아들이고 먼 여정을 떠난다. #@문장구분#그렇게 마침내 철을 만드는 마을에 도착하게 된다.#@문장구분#그곳의 지도자인 에보시는 인간주의적인 사람으로, 인간들의 평화로운 삶과 그들의 제철 활동을 위해 숲을 훼손시킨다. #@문장구분#그리고 숲을 없애기 위해 사슴 신을 죽이러 간 일행이 나오는데 그들은 결국 사슴 신의 머리를 잘라 죽였지만, 사슴 신이 죽고 그 몸에서 나온 무언가는 모든 생명을 다 죽게 했다. #@문장구분#그래서 결국 마지막엔 사슴 신의 머리를 되돌려주고 다시 자연의 모습으로 돌아오게 되었다.#@문장구분# 내가 인상 깊었고 생각을 많이 하게 된 부분은 사슴 신을 죽이고 머리를 얻기 위해 마을 사람들과 일행이 힘을 합쳤지만 결국 일행은 마을 사람들을 위험에 빠뜨리고 이용했다.#@문장구분# 이 장면은 인간의 이기심을 잘 나타내고, 계속 더 큰 걸 바라는 인간의 욕심과 그로 인해 무분별하게 훼손되는 자연을 잘 나타낸 것 같다.#@문장구분# 사실 이 영화에서 나오는 철을 만드는 마을과 그 마을을 이끄는 에보시의 입장은 그들의 생활을 위해 철을 만들어야 하는 입장이지만, 철을 만듦으로 인해서 자연을 훼손시키므로 어떻게 보면 어쩔 수 없이 일어나는 인간과 자연의 갈등을 효과적으로 보여준 것이 신기하고 신선했다.#@문장구분# 영화를 보면서 실제로 우리가 겪는 이런 갈등을 어떻게 하면 최소화할 수 있을지와 인간과 자연의 공생에 대해 생각하게 되었고, 그 해답으로는 우리가 자연을 더 아끼는 마음을 가지고, 소중하게 다루며, 특히 친환경적인 삶이 정말 필요할 것 같다는 생각이 들었다. #@문장구분#이렇게 환경에 대해서 생각하게 만드는 영화는 오랜만에 보았는데 많은 것을 느낀 것 같아 좋았다.#@문장구분#",
      "paragraph_len": 1387,
      "paragraph_id": "001"
    }
  ],
  "score": {
    "paragraph_score": [
      {
        "paragraph_scoreT": [
          3,
          3,
          1.8333334
        ],
        "paragraph_scoreT_detail": {
          "paragraph_scoreT_exp": [
            [
              3,
              3,
              3
            ],
            [
              3,
              3,
              3
            ],
            [
              2,
              2,
              1
            ]
          ]
        },
        "paragraph_scoreT_avg": 2.6111112,
        "paragraph_id": "001"
      }
    ],
    "essay_scoreT": [
      30,
      30,
      20
    ],
    "essay_scoreT_avg": 26.666666,
    "essay_scoreT_detail": {
      "essay_scoreT_org": [
        [
          3,
          3,
          3,
          3
        ],
        [
          3,
          3,
          3,
          3
        ],
        [
          2,
          2,
          3,
          3
        ]
      ],
      "essay_scoreT_cont": [
        [
          3,
          3,
          0,
          3
        ],
        [
          3,
          3,
          0,
          3
        ],
        [
          2,
          2,
          0,
          2
        ]
      ],
      "essay_scoreT_exp": [
        [
          3,
          3,
          3
        ],
        [
          3,
          3,
          3
        ],
        [
          2,
          2,
          1
        ]
      ]
    }
  },
  "student": {
    "date": "2021.09.13",
    "student_educated": true,
    "student_grade": "고등_1학년",
    "location": "051",
    "student_grade_group": "고등",
    "student_reading": 1
  },
  "rubric": {
    "essay_grade": "고등_1학년",
    "organization_weight": {
      "org_paragraph": 2,
      "org": 2,
      "org_essay": 4,
      "org_coherence": 2,
      "org_quantity": 1
    },
    "essay_type": "설명글",
    "content_weight": {
      "con_clearance": 4,
      "con_novelty": 3,
      "con": 4,
      "con_prompt": 0,
      "con_description": 1
    },
    "essay_main_subject": "영화/독서감상문",
    "expression_weight": {
      "exp_style": 1,
      "exp_grammar": 2,
      "exp_vocab": 3,
      "exp": 4
    }
  },
  "correction": [],
  "info": {
    "essay_id": "ESSAY_34134",
    "essay_prompt": " 영화에는 로맨스, 액션, 스릴러 등 정말 많은 장르가 있습니다. 사람마다 좋아하는 장르가 있고 절대 보지 않는 장르도 있습니다.\r\n\r\n 독서도 마찬가지입니다. 소설, 수필, 시, 만화, 위인전 등 여러가지 장르가 있습니다.\r\n\r\n 여러분은 어떤 장르를 좋아하나요? 그리고 해당 장르에서 가장 재미있게 봤던 영화나 책은 무엇인가요?\r\n\r\n 자신이 봤던 영화 혹은 책을 한 편 선정하여 주제와 내용 그리고 느낀점을 감상문으로 작성해주세요.",
    "essay_type": "설명글",
    "essay_level": "3",
    "essay_len": 1090,
    "essay_main_subject": "영화/독서감상문"
  }
}