{
  "paragraph": [
    {
      "paragraph_txt": "나는 이 책을 서점에 자습서와 학습지를 사러갔다가 발견하였다.#@문장구분# 처음에 표지를 보고 에세이라고 적혀있어서 구입하였는데, 집에 와서 읽어보니 시집 이였다.#@문장구분# 이 책의 내용은 시간에 따른 사랑의 변화에 대한 내용이다.#@문장구분# 사랑이 시작하는 단계, 사랑이 제일 열정적인 단계, 마지막으로 사랑이 식어서 끝내 연인이 이별하는 내용을 담고있다.#@문장구분# 나는 솔직히 말하여서 이 책의 내용을 크게 공감하지 못하였다.#@문장구분# 왜냐하면 사랑을 그렇게 많이 해본 것도 아니고 내가 사랑을 알만큼 성숙하지 못하였기 때문이다.#@문장구분# 하지만 이 책을 읽음으로써 어른들의 사랑이라고 해야하나 성숙한 사랑을 엿볼수 있었다고 생각한다.#@문장구분# 또한 이 시집의 작가는 내가 좋아하는 스타일의 방식대로 말을 하고 있어서 마음에 들었기에 다음번에 무슨 책을 사야할지 고민이 되면 이 작가의 책도 한번 고려해보아야겠다는 생각이 들었다.#@문장구분#",
      "paragraph_len": 588,
      "paragraph_id": "001"
    }
  ],
  "score": {
    "paragraph_score": [
      {
        "paragraph_scoreT": [
          2,
          2.3333333,
          2
        ],
        "paragraph_scoreT_detail": {
          "paragraph_scoreT_exp": [
            [
              2,
              2,
              2
            ],
            [
              3,
              2,
              2
            ],
            [
              2,
              2,
              2
            ]
          ]
        },
        "paragraph_scoreT_avg": 2.111111,
        "paragraph_id": "001"
      }
    ],
    "essay_scoreT": [
      17.277779,
      21.11111,
      18.277779
    ],
    "essay_scoreT_avg": 18.88889,
    "essay_scoreT_detail": {
      "essay_scoreT_org": [
        [
          2,
          2,
          2,
          1
        ],
        [
          2,
          2,
          2,
          1
        ],
        [
          2,
          2,
          2,
          1
        ]
      ],
      "essay_scoreT_cont": [
        [
          1,
          2,
          0,
          1
        ],
        [
          2,
          2,
          0,
          2
        ],
        [
          2,
          1,
          0,
          2
        ]
      ],
      "essay_scoreT_exp": [
        [
          2,
          2,
          2
        ],
        [
          3,
          2,
          2
        ],
        [
          2,
          2,
          2
        ]
      ]
    }
  },
  "student": {
    "date": "2021.09.10",
    "student_educated": true,
    "student_grade": "고등_1학년",
    "location": "063",
    "student_grade_group": "고등",
    "student_reading": 2
  },
  "rubric": {
    "essay_grade": "고등_1학년",
    "organization_weight": {
      "org_paragraph": 2,
      "org": 2,
      "org_essay": 4,
      "org_coherence": 2,
      "org_quantity": 1
    },
    "essay_type": "설명글",
    "content_weight": {
      "con_clearance": 4,
      "con_novelty": 3,
      "con": 4,
      "con_prompt": 0,
      "con_description": 1
    },
    "essay_main_subject": "영화/독서감상문",
    "expression_weight": {
      "exp_style": 1,
      "exp_grammar": 2,
      "exp_vocab": 3,
      "exp": 4
    }
  },
  "correction": [],
  "info": {
    "essay_id": "ESSAY_34285",
    "essay_prompt": " 영화에는 로맨스, 액션, 스릴러 등 정말 많은 장르가 있습니다. 사람마다 좋아하는 장르가 있고 절대 보지 않는 장르도 있습니다.\r\n\r\n 독서도 마찬가지입니다. 소설, 수필, 시, 만화, 위인전 등 여러가지 장르가 있습니다.\r\n\r\n 여러분은 어떤 장르를 좋아하나요? 그리고 해당 장르에서 가장 재미있게 봤던 영화나 책은 무엇인가요?\r\n\r\n 자신이 봤던 영화 혹은 책을 한 편 선정하여 주제와 내용 그리고 느낀점을 감상문으로 작성해주세요.",
    "essay_type": "설명글",
    "essay_level": "3",
    "essay_len": 429,
    "essay_main_subject": "영화/독서감상문"
  }
}