{
  "paragraph": [
    {
      "paragraph_txt": "이 책에서는 juan의 생일에 일어난 일을 보여주고있다.#@문장구분#\njuan은 원래 자신이 살던 동내에서 이사를 와서 전 동내에 살던 친구들을 그리워하면서도, 새로운 동내에 친구들과 어떻게 지내야 할지 고민도 하고있는 와중이었다.#@문장구분# 부모님은 juan의 생일 파티를 열심히 준비해주었고, 전 동내 친구들과, 이사온 동내의 친구들도 불러서 만남의 장과 비슷한 느낌으로 준비 해 주었다.#@문장구분# 주안은 매우 만족스러운 생일을 보냈고, 나 또한 그 모습을 보면서 따뜻한 느낌을 받았다.#@문장구분# 나는 여기서 부모님의 판단에 매우 감명을 받았다.#@문장구분# juan의 옛 친구들과 지금의 친구들을 모두 만나게 하면서, 지금의 juan이 생각하는 문제점을 모두 해결을 한것이 매우 현명하다고 느꼈기 때문이다.#@문장구분# juan은 그들의 현명한 덕분에 좋은 생일을 가질 수 있었던것같다.#@문장구분#",
      "paragraph_len": 546,
      "paragraph_id": "001"
    }
  ],
  "score": {
    "paragraph_score": [
      {
        "paragraph_scoreT": [
          1.8333334,
          1.8333334,
          1
        ],
        "paragraph_scoreT_detail": {
          "paragraph_scoreT_exp": [
            [
              2,
              2,
              1
            ],
            [
              2,
              2,
              1
            ],
            [
              1,
              1,
              1
            ]
          ]
        },
        "paragraph_scoreT_avg": 1.5555557,
        "paragraph_id": "001"
      }
    ],
    "essay_scoreT": [
      16.666668,
      17.833334,
      12
    ],
    "essay_scoreT_avg": 15.5,
    "essay_scoreT_detail": {
      "essay_scoreT_org": [
        [
          2,
          1,
          2,
          1
        ],
        [
          2,
          2,
          2,
          2
        ],
        [
          1,
          1,
          1,
          1
        ]
      ],
      "essay_scoreT_cont": [
        [
          2,
          1,
          0,
          1
        ],
        [
          2,
          1,
          0,
          2
        ],
        [
          2,
          1,
          0,
          1
        ]
      ],
      "essay_scoreT_exp": [
        [
          2,
          2,
          1
        ],
        [
          2,
          2,
          1
        ],
        [
          1,
          1,
          1
        ]
      ]
    }
  },
  "student": {
    "date": "2021.09.10",
    "student_educated": true,
    "student_grade": "고등_1학년",
    "location": "063",
    "student_grade_group": "고등",
    "student_reading": 1
  },
  "rubric": {
    "essay_grade": "고등_1학년",
    "organization_weight": {
      "org_paragraph": 2,
      "org": 2,
      "org_essay": 4,
      "org_coherence": 2,
      "org_quantity": 1
    },
    "essay_type": "설명글",
    "content_weight": {
      "con_clearance": 4,
      "con_novelty": 3,
      "con": 4,
      "con_prompt": 0,
      "con_description": 1
    },
    "essay_main_subject": "영화/독서감상문",
    "expression_weight": {
      "exp_style": 1,
      "exp_grammar": 2,
      "exp_vocab": 3,
      "exp": 4
    }
  },
  "correction": [],
  "info": {
    "essay_id": "ESSAY_34671",
    "essay_prompt": " 영화에는 로맨스, 액션, 스릴러 등 정말 많은 장르가 있습니다. 사람마다 좋아하는 장르가 있고 절대 보지 않는 장르도 있습니다.\r\n\r\n 독서도 마찬가지입니다. 소설, 수필, 시, 만화, 위인전 등 여러가지 장르가 있습니다.\r\n\r\n 여러분은 어떤 장르를 좋아하나요? 그리고 해당 장르에서 가장 재미있게 봤던 영화나 책은 무엇인가요?\r\n\r\n 자신이 봤던 영화 혹은 책을 한 편 선정하여 주제와 내용 그리고 느낀점을 감상문으로 작성해주세요.",
    "essay_type": "설명글",
    "essay_level": "3",
    "essay_len": 407,
    "essay_main_subject": "영화/독서감상문"
  }
}