{
  "paragraph": [
    {
      "paragraph_txt": "이 책은 학교에서 공짜로 학생들에게 책 한 권씩 나눠줄 때 받았던 책입니다.#@문장구분# 이 책의 절반은 식물 이야기입니다.#@문장구분# 저는 자서전형식으로 된 책을 랩걸이 처음이여서 새로운 느낌을 받았습니다.#@문장구분# 그리고 작가는 정말 자신의 연구를 호기심있게 관찰하려는 사람이고 이것을 즐기고 그 결과를 발견함으로써 기쁨을 느끼는 사람인 것 같았습니다.#@문장구분# 식물은 태양복사에너지를 전기로 바꿔주는 태양광 패널처럼 태양에너지를 광합성하여 자신의 에너지로 바꾸어 살아갑니다.#@문장구분# 식물은 어디서든 살아가는 능력이 있는 생물입니다. #@문장구분#아마 저라도 이렇게 신기한 생물에 대한 연구를 하다보면 관심이 증폭될 수 밖에 없을 것 같다고 생각했습니다.#@문장구분# 사실 이 책을 읽으면서 지루했었던 적이 꽤 있었지만 끝까지 읽기에는 흥미로웠던 것 같습니다.#@문장구분# 아마도 제가 생명에 관심이 있기 때문인 것 같습니다.#@문장구분#",
      "paragraph_len": 596,
      "paragraph_id": "001"
    }
  ],
  "score": {
    "paragraph_score": [
      {
        "paragraph_scoreT": [
          3,
          2.8333333,
          2
        ],
        "paragraph_scoreT_detail": {
          "paragraph_scoreT_exp": [
            [
              3,
              3,
              3
            ],
            [
              3,
              3,
              2
            ],
            [
              2,
              2,
              2
            ]
          ]
        },
        "paragraph_scoreT_avg": 2.611111,
        "paragraph_id": "001"
      }
    ],
    "essay_scoreT": [
      23.777779,
      23.11111,
      17.777779
    ],
    "essay_scoreT_avg": 21.555557,
    "essay_scoreT_detail": {
      "essay_scoreT_org": [
        [
          2,
          2,
          2,
          1
        ],
        [
          2,
          2,
          2,
          1
        ],
        [
          2,
          2,
          2,
          1
        ]
      ],
      "essay_scoreT_cont": [
        [
          2,
          2,
          0,
          2
        ],
        [
          2,
          2,
          0,
          2
        ],
        [
          2,
          1,
          0,
          1
        ]
      ],
      "essay_scoreT_exp": [
        [
          3,
          3,
          3
        ],
        [
          3,
          3,
          2
        ],
        [
          2,
          2,
          2
        ]
      ]
    }
  },
  "student": {
    "date": "2021.09.10",
    "student_educated": true,
    "student_grade": "고등_1학년",
    "location": "063",
    "student_grade_group": "고등",
    "student_reading": 1
  },
  "rubric": {
    "essay_grade": "고등_1학년",
    "organization_weight": {
      "org_paragraph": 2,
      "org": 2,
      "org_essay": 4,
      "org_coherence": 2,
      "org_quantity": 1
    },
    "essay_type": "설명글",
    "content_weight": {
      "con_clearance": 4,
      "con_novelty": 3,
      "con": 4,
      "con_prompt": 0,
      "con_description": 1
    },
    "essay_main_subject": "영화/독서감상문",
    "expression_weight": {
      "exp_style": 1,
      "exp_grammar": 2,
      "exp_vocab": 3,
      "exp": 4
    }
  },
  "correction": [],
  "info": {
    "essay_id": "ESSAY_34336",
    "essay_prompt": " 영화에는 로맨스, 액션, 스릴러 등 정말 많은 장르가 있습니다. 사람마다 좋아하는 장르가 있고 절대 보지 않는 장르도 있습니다.\r\n\r\n 독서도 마찬가지입니다. 소설, 수필, 시, 만화, 위인전 등 여러가지 장르가 있습니다.\r\n\r\n 여러분은 어떤 장르를 좋아하나요? 그리고 해당 장르에서 가장 재미있게 봤던 영화나 책은 무엇인가요?\r\n\r\n 자신이 봤던 영화 혹은 책을 한 편 선정하여 주제와 내용 그리고 느낀점을 감상문으로 작성해주세요.",
    "essay_type": "설명글",
    "essay_level": "3",
    "essay_len": 417,
    "essay_main_subject": "영화/독서감상문"
  }
}