{
  "paragraph": [
    {
      "paragraph_txt": "건축에 관련된 상상은 나도 종종 해보았다.#@문장구분# 공중에 섬 라퓨타와 같은 집, 마치 아틀란티스와도 같은 집, 투명한 집 등등 우리는 쉽게 건축에 대한 상상을 할 수가 있다.#@문장구분# 근데 이 책은 무언가가 다르다.#@문장구분# 이 책은 실제로 이런 상상이 가능하다는 것을 알려준다.#@문장구분# 심해에 집을 만드는것도 우리는 수압때문에 힘들것 같다고 생각을 하는데 실제로 그 유리를 이중으로 하여 중간에 한번 압력을 걸러주는 액정같은 것을 넣어준다면 충분히 가능하다고 합니다.#@문장구분# 그리고 또한 하늘에 나는 집 또한 지금의 기술력으로는 부족하지만 자석끼리 연결을 하여서 마치 자기부상열차처럼 절대 영도를 맞추면 충분히 가능하다고 합니다.#@문장구분# 우주에 있는 집은 현제 space-x 테슬라의 사장인 엘런 머스크가 실제로 연구중이라고 합니다.#@문장구분# 이처럼 우리가 허상이라고 생각했던 그런 상상이 실제로 된다니 얼마나 가슴이 뛰는 일입니까.#@문장구분# 저는 이 책을 보면서 내신-입시로 잠들어있던 저의 가슴을 다시한번 일깨워 준 책이라고 생각입니다.#@문장구분# 평소에 자기가 상상력이 뛰어나다고 생각했던 사람들은 꼭 봤으면 좋겠습니다.#@문장구분# 자신의 상상이 진심으로 현실이 될거라는 생각으로 하루하루를 공부하면서 지냈으면 좋겠습니다.#@문장구분# 이 책은 사람들의 마음을 한번도 울려주는 그런 책인것 같습니다.#@문장구분#",
      "paragraph_len": 860,
      "paragraph_id": "001"
    }
  ],
  "score": {
    "paragraph_score": [
      {
        "paragraph_scoreT": [
          2,
          2.5,
          1.8333334
        ],
        "paragraph_scoreT_detail": {
          "paragraph_scoreT_exp": [
            [
              2,
              2,
              2
            ],
            [
              2,
              3,
              2
            ],
            [
              2,
              2,
              1
            ]
          ]
        },
        "paragraph_scoreT_avg": 2.1111112,
        "paragraph_id": "001"
      }
    ],
    "essay_scoreT": [
      18.5,
      22.5,
      21.333334
    ],
    "essay_scoreT_avg": 20.777779,
    "essay_scoreT_detail": {
      "essay_scoreT_org": [
        [
          2,
          2,
          2,
          2
        ],
        [
          2,
          2,
          2,
          2
        ],
        [
          2,
          2,
          2,
          2
        ]
      ],
      "essay_scoreT_cont": [
        [
          2,
          1,
          0,
          2
        ],
        [
          2,
          2,
          0,
          3
        ],
        [
          3,
          2,
          0,
          2
        ]
      ],
      "essay_scoreT_exp": [
        [
          2,
          2,
          2
        ],
        [
          2,
          3,
          2
        ],
        [
          2,
          2,
          1
        ]
      ]
    }
  },
  "student": {
    "date": "2021.09.13",
    "student_educated": true,
    "student_grade": "고등_1학년",
    "location": "063",
    "student_grade_group": "고등",
    "student_reading": 1
  },
  "rubric": {
    "essay_grade": "고등_1학년",
    "organization_weight": {
      "org_paragraph": 2,
      "org": 2,
      "org_essay": 4,
      "org_coherence": 2,
      "org_quantity": 1
    },
    "essay_type": "설명글",
    "content_weight": {
      "con_clearance": 4,
      "con_novelty": 3,
      "con": 4,
      "con_prompt": 0,
      "con_description": 1
    },
    "essay_main_subject": "영화/독서감상문",
    "expression_weight": {
      "exp_style": 1,
      "exp_grammar": 2,
      "exp_vocab": 3,
      "exp": 4
    }
  },
  "correction": [],
  "info": {
    "essay_id": "ESSAY_34578",
    "essay_prompt": " 영화에는 로맨스, 액션, 스릴러 등 정말 많은 장르가 있습니다. 사람마다 좋아하는 장르가 있고 절대 보지 않는 장르도 있습니다.\r\n\r\n 독서도 마찬가지입니다. 소설, 수필, 시, 만화, 위인전 등 여러가지 장르가 있습니다.\r\n\r\n 여러분은 어떤 장르를 좋아하나요? 그리고 해당 장르에서 가장 재미있게 봤던 영화나 책은 무엇인가요?\r\n\r\n 자신이 봤던 영화 혹은 책을 한 편 선정하여 주제와 내용 그리고 느낀점을 감상문으로 작성해주세요.",
    "essay_type": "설명글",
    "essay_level": "3",
    "essay_len": 620,
    "essay_main_subject": "영화/독서감상문"
  }
}