{
  "paragraph": [
    {
      "paragraph_txt": "이 책은 내가 신청하여 수강 하게 된 플러스 교육 과정의 일환으로 읽게 된 책이다.#@문장구분# 우선 이 책은 우리나라의 교육의 문제점이 무엇인지 파악하고 그 해결책을 다른 나라의 선례를 통해 알아보는 책이다.#@문장구분# 특히 나는 이 책의 내용 중 인상 깊었던 내용은 영어 리커버리에 대한 내용이였다.#@문장구분# 이 이야기를 할려면 우리나라의 초등학생들의 한글 실태에 대해서 알아야한다.#@문장구분# 우리는 어릴때부터 한글을 많이 접하여서 한글을 어렵지 않게 깨우쳤지만 요즘 초등학교 저학년들의 경우는 다르다고 한다.#@문장구분# 반에서 한 두명씩은 한글을 잘 알지 못해 수업의 진도를 못 따라가는 경우가 있다고 하는데 우리나라의 제도상 이 학생들을 도와줄 제도가 딱히 없다고 하여서 이 학생들은 수업을 듣는 것이 어렵다고 한다.#@문장구분# 외국의 사례를 보면 영어를 잘 하지 못하는 초등학교 저학년 학생들을 위하여 리커버리 제도가 존재하는 데, 아직 영어를 잘 하지 못하는 학생들을 위하여 방과 후나 수업 시간에 리커버리 담당 교사와 그 학생이 리커버리 수업을 하여 학생의 부족한 부분을 따로 배우는 형식이다.#@문장구분# 이 사례를 들으니 나는 이 제도가 우리나라에도 도입이 되었으면 좋겠다는 생각이 들었다.#@문장구분# 우리나라는 한글을 모르는 학생들에게 보강을 해준다고 하면 리커버리 담당 교사가 있는 것이 아니라 담임 선생님이 따로 시간을 내서 보강을 해줘야 하기 때문에 담임 선생님에게 부담이 엄청 되는데, 리커버리 제도가 있으면 리커버리 담당 교사가 보강을 하기 때문에 담임 선생님에게 부담이 덜 될 것이라고 생각한다.#@문장구분# 나는 이 책을 읽고서 우리나라의 교육에는 어떤 문제점들이 아직도 존재하는지 알게 되었고 이 문제점들을 해결할 방법들도 알게 되었다.#@문장구분#",
      "paragraph_len": 1023,
      "paragraph_id": "001"
    }
  ],
  "score": {
    "paragraph_score": [
      {
        "paragraph_scoreT": [
          1.8333334,
          2,
          1.8333334
        ],
        "paragraph_scoreT_detail": {
          "paragraph_scoreT_exp": [
            [
              2,
              2,
              1
            ],
            [
              2,
              2,
              2
            ],
            [
              2,
              2,
              1
            ]
          ]
        },
        "paragraph_scoreT_avg": 1.888889,
        "paragraph_id": "001"
      }
    ],
    "essay_scoreT": [
      17.61111,
      18,
      20.833334
    ],
    "essay_scoreT_avg": 18.814814,
    "essay_scoreT_detail": {
      "essay_scoreT_org": [
        [
          2,
          1,
          2,
          3
        ],
        [
          2,
          2,
          2,
          2
        ],
        [
          2,
          2,
          2,
          2
        ]
      ],
      "essay_scoreT_cont": [
        [
          2,
          1,
          0,
          2
        ],
        [
          2,
          1,
          0,
          1
        ],
        [
          3,
          2,
          0,
          1
        ]
      ],
      "essay_scoreT_exp": [
        [
          2,
          2,
          1
        ],
        [
          2,
          2,
          2
        ],
        [
          2,
          2,
          1
        ]
      ]
    }
  },
  "student": {
    "date": "2021.09.09",
    "student_educated": true,
    "student_grade": "고등_1학년",
    "location": "051",
    "student_grade_group": "고등",
    "student_reading": 1
  },
  "rubric": {
    "essay_grade": "고등_1학년",
    "organization_weight": {
      "org_paragraph": 2,
      "org": 2,
      "org_essay": 4,
      "org_coherence": 2,
      "org_quantity": 1
    },
    "essay_type": "설명글",
    "content_weight": {
      "con_clearance": 4,
      "con_novelty": 3,
      "con": 4,
      "con_prompt": 0,
      "con_description": 1
    },
    "essay_main_subject": "영화/독서감상문",
    "expression_weight": {
      "exp_style": 1,
      "exp_grammar": 2,
      "exp_vocab": 3,
      "exp": 4
    }
  },
  "correction": [],
  "info": {
    "essay_id": "ESSAY_34695",
    "essay_prompt": " 영화에는 로맨스, 액션, 스릴러 등 정말 많은 장르가 있습니다. 사람마다 좋아하는 장르가 있고 절대 보지 않는 장르도 있습니다.\r\n\r\n 독서도 마찬가지입니다. 소설, 수필, 시, 만화, 위인전 등 여러가지 장르가 있습니다.\r\n\r\n 여러분은 어떤 장르를 좋아하나요? 그리고 해당 장르에서 가장 재미있게 봤던 영화나 책은 무엇인가요?\r\n\r\n 자신이 봤던 영화 혹은 책을 한 편 선정하여 주제와 내용 그리고 느낀점을 감상문으로 작성해주세요.",
    "essay_type": "설명글",
    "essay_level": "3",
    "essay_len": 823,
    "essay_main_subject": "영화/독서감상문"
  }
}