{
  "paragraph": [
    {
      "paragraph_txt": "똥주한테 현금 얼마나 받아먹으셨어요.#@문장구분# 나도 나중에 돈 벌면 그만큼 낸다니까요.#@문장구분# 그러니까 제발 똥주  죽여주세요.#@문장구분# 똥주는 완득이 담임선생님이다.#@문장구분# 완득이는 나쁜놈 같지만 저런 생각을 속으로만 하지 겉으로는 내뱉지 않는다.#@문장구분# 세상과 담을 쌓고 사는 외톨이다.#@문장구분# 그런 완득이를 비아냥 거리며 조폭마냥 괴롭히는 담임이 오히려 나쁜놈 같아 보인다.#@문장구분# 하지만 똥주도 뒤로는 온갖 선행을 베풀고 다니는 캐릭터이다.#@문장구분# 다만 입이 험할 뿐이다.#@문장구분# 예상된 시나리오대로 완득은 그런 선생님을 존경하게된다.#@문장구분# 이 책의 주제가 뭘까 생각해 보았다.#@문장구분# 독자들에게 '네 잘난 맛에 살아라'라고 말해주는 것 같다.#@문장구분# 요즘에는 자존감이라는 단어를 자주 듣게 되는 것 같다.#@문장구분# 하지만 그 자존감이 너무 넘친다면 자기자랑을 하는 사람, 별로인 사람이 되어버린다.#@문장구분# 또한 그 자존감이 너무 없다면 열등감이 높다고 한다.#@문장구분# 그렇다면 과연 자존감의 적정선은 어디에 있을까?#@문장구분# 나는 차라리 열등감을 말하고 싶다.#@문장구분# 누구나 열등감은 있기 마련이고 그 열등감을 극복하거나 안고 살아보자라고 생각한다.#@문장구분# 다행히 이 책에는 자존감이라는 말이 단 한번도 안 나온다.#@문장구분# 완득이는 열등감을 내가 바라보는 시선으로 말한다.#@문장구분#  \"그래, 우리몸, 우리가 그렇게 데리고 살자.\"#@문장구분# 아버지와 내가 가지고 있던 열등감, 이 열등감이 아버지를 키웠을테고 이제 나도 키울 것이다.#@문장구분# 열등감 이 녀석, 은근히 사람 노력하게 만든다.#@문장구분# 썩 마음에 들지는 않지만 영 나쁜 것 같지도 않은게 딱 똥주다.#@문장구분# 나는 이 대목이 마음에 든다.#@문장구분# 열등감은 주로 안 좋은점으로 많이 비추는데 그건 생각하기 나름이다.#@문장구분# 어차피 내가 겪은 시련은 벌어진 것이고 지워낼수 없다.#@문장구분# 그럼 갖고 사는 것이다.#@문장구분# 그리고 그 열등감은 발현시켜 삶의 에너지로 키운다면 오히려 더 큰 수확을 얻을 수 있을 것이다.#@문장구분#  잘만 사용한다면, 나는 열등감이 있고, 지금도 그놈과 싸우며 살고 있다.#@문장구분# 그리고 또 승리할 때도 있다.#@문장구분# 내가 약한 걸 알기에 나는 또 \"그분\"께 의지할수도 있다.#@문장구분#",
      "paragraph_len": 1610,
      "paragraph_id": "001"
    }
  ],
  "score": {
    "paragraph_score": [
      {
        "paragraph_scoreT": [
          2,
          2.6666667,
          1.8333334
        ],
        "paragraph_scoreT_detail": {
          "paragraph_scoreT_exp": [
            [
              2,
              2,
              2
            ],
            [
              2,
              3,
              3
            ],
            [
              2,
              2,
              1
            ]
          ]
        },
        "paragraph_scoreT_avg": 2.1666667,
        "paragraph_id": "001"
      }
    ],
    "essay_scoreT": [
      18.166668,
      25.833334,
      20.055555
    ],
    "essay_scoreT_avg": 21.351852,
    "essay_scoreT_detail": {
      "essay_scoreT_org": [
        [
          1,
          2,
          1,
          2
        ],
        [
          2,
          2,
          3,
          3
        ],
        [
          2,
          2,
          2,
          3
        ]
      ],
      "essay_scoreT_cont": [
        [
          2,
          2,
          0,
          1
        ],
        [
          3,
          2,
          0,
          3
        ],
        [
          3,
          1,
          0,
          2
        ]
      ],
      "essay_scoreT_exp": [
        [
          2,
          2,
          2
        ],
        [
          2,
          3,
          3
        ],
        [
          2,
          2,
          1
        ]
      ]
    }
  },
  "student": {
    "date": "2021.09.10",
    "student_educated": true,
    "student_grade": "고등_1학년",
    "location": "063",
    "student_grade_group": "고등",
    "student_reading": 2
  },
  "rubric": {
    "essay_grade": "고등_1학년",
    "organization_weight": {
      "org_paragraph": 2,
      "org": 2,
      "org_essay": 4,
      "org_coherence": 2,
      "org_quantity": 1
    },
    "essay_type": "설명글",
    "content_weight": {
      "con_clearance": 4,
      "con_novelty": 3,
      "con": 4,
      "con_prompt": 0,
      "con_description": 1
    },
    "essay_main_subject": "영화/독서감상문",
    "expression_weight": {
      "exp_style": 1,
      "exp_grammar": 2,
      "exp_vocab": 3,
      "exp": 4
    }
  },
  "correction": [],
  "info": {
    "essay_id": "ESSAY_34672",
    "essay_prompt": " 영화에는 로맨스, 액션, 스릴러 등 정말 많은 장르가 있습니다. 사람마다 좋아하는 장르가 있고 절대 보지 않는 장르도 있습니다.\r\n\r\n 독서도 마찬가지입니다. 소설, 수필, 시, 만화, 위인전 등 여러가지 장르가 있습니다.\r\n\r\n 여러분은 어떤 장르를 좋아하나요? 그리고 해당 장르에서 가장 재미있게 봤던 영화나 책은 무엇인가요?\r\n\r\n 자신이 봤던 영화 혹은 책을 한 편 선정하여 주제와 내용 그리고 느낀점을 감상문으로 작성해주세요.",
    "essay_type": "설명글",
    "essay_level": "3",
    "essay_len": 971,
    "essay_main_subject": "영화/독서감상문"
  }
}