{
  "paragraph": [
    {
      "paragraph_txt": "저는 이 책을 학교에서 동아리시간때 편집된 자료를 읽어보게 되었습니다.#@문장구분# 이 책의 제목에서 운다는 의미를 읽기전에 생각해봤을 때 서럽거라 쓸쓸해서 울었을 거라 생각했는데 다 읽고 보니 안심이 되서 흘리는 눈물이였습니다.#@문장구분# 이 책의 주인공은 시끄러운 것을 너무나도 싫어하는 사람이였습니다.#@문장구분# 그래서 남편과 힘들게 돈을 모아 장만한 집을 세로 놓기로 하고 시골집을 구해서 살기로 하는데 여기서도 물건을 팔러 다니는 트럭의 방송소리때문에 짜증이 나서 도 집을 구해보자는 내용을 봤을 때 너무 혈압이 올랐었습니다.#@문장구분# 저럴거면 이어폰이나 헤드셋으로 노래를 듣거나 귀마개라도 사서 생홣해보는 것이 어떨까 싶었습니다.#@문장구분# 저희 누나가 소음을 싫어하는 사람이라 해결방법을 알고 있는 사람으로써는 이 책에서 답답함을 상당히 많이 느꼈습니다. #@문장구분#그리고 이런 아내의 말을 따라주는 남편이 대단해보였습니다.#@문장구분#",
      "paragraph_len": 572,
      "paragraph_id": "001"
    }
  ],
  "score": {
    "paragraph_score": [
      {
        "paragraph_scoreT": [
          2,
          2.8333333,
          2
        ],
        "paragraph_scoreT_detail": {
          "paragraph_scoreT_exp": [
            [
              2,
              2,
              2
            ],
            [
              3,
              3,
              2
            ],
            [
              2,
              2,
              2
            ]
          ]
        },
        "paragraph_scoreT_avg": 2.2777777,
        "paragraph_id": "001"
      }
    ],
    "essay_scoreT": [
      19.777779,
      23.11111,
      17.555555
    ],
    "essay_scoreT_avg": 20.148148,
    "essay_scoreT_detail": {
      "essay_scoreT_org": [
        [
          2,
          2,
          2,
          1
        ],
        [
          2,
          2,
          2,
          1
        ],
        [
          2,
          2,
          2,
          0
        ]
      ],
      "essay_scoreT_cont": [
        [
          2,
          2,
          0,
          2
        ],
        [
          2,
          2,
          0,
          2
        ],
        [
          2,
          1,
          0,
          1
        ]
      ],
      "essay_scoreT_exp": [
        [
          2,
          2,
          2
        ],
        [
          3,
          3,
          2
        ],
        [
          2,
          2,
          2
        ]
      ]
    }
  },
  "student": {
    "date": "2021.09.10",
    "student_educated": true,
    "student_grade": "고등_1학년",
    "location": "063",
    "student_grade_group": "고등",
    "student_reading": 1
  },
  "rubric": {
    "essay_grade": "고등_1학년",
    "organization_weight": {
      "org_paragraph": 2,
      "org": 2,
      "org_essay": 4,
      "org_coherence": 2,
      "org_quantity": 1
    },
    "essay_type": "설명글",
    "content_weight": {
      "con_clearance": 4,
      "con_novelty": 3,
      "con": 4,
      "con_prompt": 0,
      "con_description": 1
    },
    "essay_main_subject": "영화/독서감상문",
    "expression_weight": {
      "exp_style": 1,
      "exp_grammar": 2,
      "exp_vocab": 3,
      "exp": 4
    }
  },
  "correction": [],
  "info": {
    "essay_id": "ESSAY_34341",
    "essay_prompt": " 영화에는 로맨스, 액션, 스릴러 등 정말 많은 장르가 있습니다. 사람마다 좋아하는 장르가 있고 절대 보지 않는 장르도 있습니다.\r\n\r\n 독서도 마찬가지입니다. 소설, 수필, 시, 만화, 위인전 등 여러가지 장르가 있습니다.\r\n\r\n 여러분은 어떤 장르를 좋아하나요? 그리고 해당 장르에서 가장 재미있게 봤던 영화나 책은 무엇인가요?\r\n\r\n 자신이 봤던 영화 혹은 책을 한 편 선정하여 주제와 내용 그리고 느낀점을 감상문으로 작성해주세요.",
    "essay_type": "설명글",
    "essay_level": "3",
    "essay_len": 434,
    "essay_main_subject": "영화/독서감상문"
  }
}