{
  "paragraph": [
    {
      "paragraph_txt": "헝거게임이란 영화로 감상문을 쓰는 이유는 내가 좋아하는 배우 제니퍼 로렌스와 도널드 서덜랜드가 나온다는 소식을 듣고 우연히 이 영화를 접하게 되었다.#@문장구분# 이 영화의 줄거리는 12개의 구역으로 이루어진 독재국가 판엠이 체제를 유지하기 위해서 만든 생존 전쟁 헝거게임.#@문장구분# 1년에 한번 각 구역에서 추첨을 통해 두 명을 선발, 총 24명이 헝거게임에 참가하게 된다.#@문장구분# 헝거게임의 추첨식에서 주인공 캣니스는 자신의 여동생의 이름이 호명되자 동생을 대신해 참가를 자청하여 주목을 받게 된다.#@문장구분# 과거 자신을 위기에서 구해줬던 피타 역시 선발되어 미묘한 감정에 휩싸이게 된다.#@문장구분# 캣니스는 금지구역에서 함께 사냥을 했던 친구 게일에게 자신의 가족을 부탁하며 생존을 겨루게 될 판엠의 수도 캐피톨로 향하게 된다.#@문장구분# 캐피톨로 가서 헝거게임에 참여하는 참가자들이 생활하는 건물로 가게 되고 22명의 참가들을 만나게 된다 피터는 훈련소에서 다른 참가자들에게 무시를 받게 되는데 캣니스는 괜찮다며 피터를 위로해주고 둘의 사이는 더욱 돈독해진다.#@문장구분# 주인공 캣니스는 개인평가 시간때 평가원들이 자신을 봐주지 않자 평가원들이 먹고 있던 음식에 화살을 쏴버린다.#@문장구분# 그 계기로 인해 코치들은 당연히 개인점수가 낮아질 줄 알았지만, 점수는 최고점이였다. #@문장구분#그 행동으로 인해 평가원들과 대통령은 그 사건을 단순하게 보지 않았고 대통령은 캣니스를 위험인물로 생각했다.#@문장구분# 생존게임이 시작되고 캣니스는 생존물건을 챙길려다 목숨을 잃을뻔했지만 간신히 살아났고 생존물건을 챙기고 숲으로 도망쳤다.#@문장구분# 피타는 생존게임이 시작되자마자 숲으로 향했다.#@문장구분# 두 사람은 각각 다른 길로 가게 된다. #@문장구분#캣니스는 나무 위로 올라가여 자신이 어디에 있는지 알 수 없게 숨었다.#@문장구분# 피타가 다른 팀과 팀이 된 모습을 본 캣니스는 피타에게 실망하게 된다.#@문장구분# 캣니스는 자른 참가자들과 마주치지 않으려 거의 경기장 끝까지 가게되고 이를 본 게임책임자는 캣니스가 있는 숲에 불을 질러 다른 참가자드로가 마주치게 만든다.#@문장구분# 캣니스는 나무위로 올라갔고 다른 참가자들은 캣니스가 나무에서 내려올때까지 기다렸다가 죽이자고 했다.#@문장구분# 캣니스는 가까스로 도망치게 되고 중간에 피타를 만나게 된다.#@문장구분# 그 둘은 끝까지 생존하고 헝거게임의 승리자가 된다.#@문장구분# 이 영화를 보고 느낀점을 실제로 저런 경기가 없어서 다행이라고 생각했고,생존을 주제로 한 영화를 좋아해서 정말 재밌게 봤던 것 같다 다른 사람들에게도 추천하고 다니는 영화 중 하나이기도 하다.#@문장구분#",
      "paragraph_len": 1588,
      "paragraph_id": "001"
    }
  ],
  "score": {
    "paragraph_score": [
      {
        "paragraph_scoreT": [
          3,
          2.8333333,
          1.8333334
        ],
        "paragraph_scoreT_detail": {
          "paragraph_scoreT_exp": [
            [
              3,
              3,
              3
            ],
            [
              3,
              3,
              2
            ],
            [
              2,
              2,
              1
            ]
          ]
        },
        "paragraph_scoreT_avg": 2.5555556,
        "paragraph_id": "001"
      }
    ],
    "essay_scoreT": [
      30,
      26.722221,
      22.5
    ],
    "essay_scoreT_avg": 26.407408,
    "essay_scoreT_detail": {
      "essay_scoreT_org": [
        [
          3,
          3,
          3,
          3
        ],
        [
          2,
          3,
          3,
          2
        ],
        [
          2,
          2,
          3,
          3
        ]
      ],
      "essay_scoreT_cont": [
        [
          3,
          3,
          0,
          3
        ],
        [
          3,
          2,
          0,
          3
        ],
        [
          3,
          2,
          0,
          3
        ]
      ],
      "essay_scoreT_exp": [
        [
          3,
          3,
          3
        ],
        [
          3,
          3,
          2
        ],
        [
          2,
          2,
          1
        ]
      ]
    }
  },
  "student": {
    "date": "2021.09.13",
    "student_educated": true,
    "student_grade": "고등_1학년",
    "location": "051",
    "student_grade_group": "고등",
    "student_reading": 1
  },
  "rubric": {
    "essay_grade": "고등_1학년",
    "organization_weight": {
      "org_paragraph": 2,
      "org": 2,
      "org_essay": 4,
      "org_coherence": 2,
      "org_quantity": 1
    },
    "essay_type": "설명글",
    "content_weight": {
      "con_clearance": 4,
      "con_novelty": 3,
      "con": 4,
      "con_prompt": 0,
      "con_description": 1
    },
    "essay_main_subject": "영화/독서감상문",
    "expression_weight": {
      "exp_style": 1,
      "exp_grammar": 2,
      "exp_vocab": 3,
      "exp": 4
    }
  },
  "correction": [],
  "info": {
    "essay_id": "ESSAY_34131",
    "essay_prompt": " 영화에는 로맨스, 액션, 스릴러 등 정말 많은 장르가 있습니다. 사람마다 좋아하는 장르가 있고 절대 보지 않는 장르도 있습니다.\r\n\r\n 독서도 마찬가지입니다. 소설, 수필, 시, 만화, 위인전 등 여러가지 장르가 있습니다.\r\n\r\n 여러분은 어떤 장르를 좋아하나요? 그리고 해당 장르에서 가장 재미있게 봤던 영화나 책은 무엇인가요?\r\n\r\n 자신이 봤던 영화 혹은 책을 한 편 선정하여 주제와 내용 그리고 느낀점을 감상문으로 작성해주세요.",
    "essay_type": "설명글",
    "essay_level": "3",
    "essay_len": 1191,
    "essay_main_subject": "영화/독서감상문"
  }
}