{
  "paragraph": [
    {
      "paragraph_txt": "이청준의줄 이라는 소설을 읽게된 계기는 문학소설에 관한 문제를 풀다가 이청준의 줄이라는 소설문제를 풀게되엇다. #@문장구분#이 소설의 '나'는 부장의 명령으로 '승천한 줄광대'에 관한 기사를 쓰기위해 C읍으로 간다.#@문장구분# 그곳에서 '나'는 예전에 서커스단에서 트럼펫을 불던 사나이로부터 줄광대 부자에 관한 이야기를 듣게된다.#@문장구분# 아내가 서커스 단장과 부정을 저질러삳고 아내의 목을 졸라 죽게한 아버지 허노인으로부터 운은 엄격하게 줄타기를 배운다. #@문장구분#그런데 아들에게 줄타기를 가르친 지 5년만에 허 노인은 아들과 함께 줄을 타다가 떨어져 죽는다. #@문장구분#그이후 어느날 '운'이 공연을 마첫을때, 한 여인에게서 꽃다발을 받은 운은 그 여인에게 사랑을 느끼지만 그 여인은 이를 거부한다. #@문장구분#그 여인이 사랑하는것은 자신이 아니라 자신이 줄을 타는 모습이엇음을 깨달은 운은 줄위에 올라 최후의 연기를 하다가 죽\n는다. #@문장구분#줄광대 이야기를 다 들은 '나'는 다음날 C읍을 떠나기 전에 트럼펫 부는 사나이에게 인사를 하던중 그가 세상을 떠났음을 알게된다.#@문장구분#\n이작품은 신문 기자인 '나'를 중심으로 한 바깥이야기와 2대에 걸친 줄광대의 삶을 중심으로한 액자식 소설이다.#@문장구분# 줄광대 허노인과 아들 허운은 줄을 탈때에는 오로지 줄타기에만 전념해야한다는 장인정신을 지닌사람이엇기떄문에 허노인은 줄타기를 삶의 절대적 가치로 인식하고 실천하엿으며 허운역시 그런 아버지의 가치관을 이어받아 줄타기를 더이상 할수없게 되엇을때 스스로 목숨을 끊게된다.#@문장구분#\n여기서 '나'는 이작품에서 줄광대 부자와 대조되는 현대인의 모습을 보여주고잇다. #@문장구분#허노인의 삶에 담긴 진지함이나 몰입을 '나'에게서는 찾기란 어렵다.#@문장구분# 따라서 이작품은 자신의 삶에 절대적인 가치를 부여하고 살앗던 허노인, 재주를 부리면서 줄타기의 절대적가치의 회의하고 갈등햇던 운, 삶의 가치를 찾지 못하고 일상에 젖어 있는'나'의 모습을 통해 진정한 삶의 가치를 추구하며 사는 삶의 모습\n이란 어떠한가에 대한 탐구를 하고잇다.#@문장구분# 이 소설을 읽고 나 자신 역시 삶을 다시 한번더 되돌아보는 계기가 되엇고 문제로 소설이 축약되어서 알지못햇던 정확 또는 숨겨져잇던 내용들을 읽고 나니 이제서야 이해가 되고 그럴수도 있었겟다 라고 이해하게 되엇다. #@문장구분#허노인은 줄을탈때 오로지 줄타기에만 전념햇고 줄을 탈수없을때에는 차라리 죽는것이 낫다는 생각을 가진 인물이엇다.#@문장구분# 나는 지금 꿈\n이 정확하지않고 미래에 무슨 직업을 가지게 될지 모르겟지만 내가 과연 허노인과 같진 않더라도 조금이라도 그런 생각을 할수있을까? 생각하기도 하면서 읽게되엇다.#@문장구분# 나도 장인정신까지는 아니여도 무언가에 열중하고 즐거워하며 무기력하게 살아가지않는 사람이 되고싶다.#@문장구분#",
      "paragraph_len": 1629,
      "paragraph_id": "001"
    }
  ],
  "score": {
    "paragraph_score": [
      {
        "paragraph_scoreT": [
          3,
          2,
          2
        ],
        "paragraph_scoreT_detail": {
          "paragraph_scoreT_exp": [
            [
              3,
              3,
              3
            ],
            [
              2,
              2,
              2
            ],
            [
              2,
              2,
              2
            ]
          ]
        },
        "paragraph_scoreT_avg": 2.3333333,
        "paragraph_id": "001"
      }
    ],
    "essay_scoreT": [
      30,
      23.166666,
      22.666666
    ],
    "essay_scoreT_avg": 25.277777,
    "essay_scoreT_detail": {
      "essay_scoreT_org": [
        [
          3,
          3,
          3,
          3
        ],
        [
          2,
          2,
          3,
          3
        ],
        [
          2,
          2,
          3,
          3
        ]
      ],
      "essay_scoreT_cont": [
        [
          3,
          3,
          0,
          3
        ],
        [
          3,
          2,
          0,
          3
        ],
        [
          3,
          2,
          0,
          2
        ]
      ],
      "essay_scoreT_exp": [
        [
          3,
          3,
          3
        ],
        [
          2,
          2,
          2
        ],
        [
          2,
          2,
          2
        ]
      ]
    }
  },
  "student": {
    "date": "2021.09.10",
    "student_educated": true,
    "student_grade": "고등_1학년",
    "location": "063",
    "student_grade_group": "고등",
    "student_reading": 2
  },
  "rubric": {
    "essay_grade": "고등_1학년",
    "organization_weight": {
      "org_paragraph": 2,
      "org": 2,
      "org_essay": 4,
      "org_coherence": 2,
      "org_quantity": 1
    },
    "essay_type": "설명글",
    "content_weight": {
      "con_clearance": 4,
      "con_novelty": 3,
      "con": 4,
      "con_prompt": 0,
      "con_description": 1
    },
    "essay_main_subject": "영화/독서감상문",
    "expression_weight": {
      "exp_style": 1,
      "exp_grammar": 2,
      "exp_vocab": 3,
      "exp": 4
    }
  },
  "correction": [],
  "info": {
    "essay_id": "ESSAY_34280",
    "essay_prompt": " 영화에는 로맨스, 액션, 스릴러 등 정말 많은 장르가 있습니다. 사람마다 좋아하는 장르가 있고 절대 보지 않는 장르도 있습니다.\r\n\r\n 독서도 마찬가지입니다. 소설, 수필, 시, 만화, 위인전 등 여러가지 장르가 있습니다.\r\n\r\n 여러분은 어떤 장르를 좋아하나요? 그리고 해당 장르에서 가장 재미있게 봤던 영화나 책은 무엇인가요?\r\n\r\n 자신이 봤던 영화 혹은 책을 한 편 선정하여 주제와 내용 그리고 느낀점을 감상문으로 작성해주세요.",
    "essay_type": "설명글",
    "essay_level": "3",
    "essay_len": 1290,
    "essay_main_subject": "영화/독서감상문"
  }
}