{
  "paragraph": [
    {
      "paragraph_txt": "이 작품은 근미래를 바탕으로 쓰여진 책으로 인공지능 로봇 '클라라'와 인간 소녀 조시간의 우정에 대한 주제를 가지고 이야기를 풀어내고 있다.#@문장구분#\n나는 이 작품을 읽으면서 인공지능에 관한 다른 작품들이 생각났었는데 예를 들면 도라에몽이 생각났는데 도라에몽이 노진구를 위해서 좋은 도구들을 주거나 그의 소원을 들어주는 등 진정한 친구 같은 역할을 했는데 그것이 클라라가 조시한테 대하는 태도랑 매우 비슷하다고 생각했다.#@문장구분#\n조시에 대한 클라라의 헌신은 친구, 그 이상의 무엇 인가였다.#@문장구분# 조시에게 말동무가 되어주고 릭과 조시가 싸웠을 때 서로의 오해가 있었다는 점을 파악하고 그것을 서로에게 설명하면서 화해시키고 조시가 아팠을 때도 극진히 간호하는 모습을 통해서 인간보다도 더 인간같은 로봇이라는 아이러니를 느낄 수 있었다.#@문장구분# \n이 책을 읽고 나는 '인간이란 대체 무엇인가'라는 고민에 빠지지 않을 수가 없었다. #@문장구분#인공지능 로봇이 감정을 느낄 수 있을 때가 온다면 인간과 다른 것이 뭐가 있을까?#@문장구분# 인간의 모든 인지구조가 뇌에서 나오는 전기적 신호를 통해서 작동하는데 로봇이 cpu에서 전기적 신호를 보내서 작동하는것과 궁극적으로 다른 것이 무엇일까?#@문장구분# 인간은 음식을 먹음으로써 활동할 수 있는 에너지를 얻는가 하면 로봇 또한 전기를 충전함으로써 활동할 수 있는 에너지를 얻는다.#@문장구분# 미래에 이러한 딜레마에 빠졌을 때 인류는 답을 내놓을 수 있을까?#@문장구분# 솔직히 나 또한 잘 모르겠다.#@문장구분# \n미래에 인간과 똑 같은 감정을 느낄 수 있는 로봇이 나온다면 그때가 되면 내가 답을 내놓을 수 있지 않을까?#@문장구분# 미래가 기대가 되면서도 한편 두렵기도하다.#@문장구분#",
      "paragraph_len": 1029,
      "paragraph_id": "001"
    }
  ],
  "score": {
    "paragraph_score": [
      {
        "paragraph_scoreT": [
          3,
          2.8333333,
          1.8333334
        ],
        "paragraph_scoreT_detail": {
          "paragraph_scoreT_exp": [
            [
              3,
              3,
              3
            ],
            [
              3,
              3,
              2
            ],
            [
              2,
              2,
              1
            ]
          ]
        },
        "paragraph_scoreT_avg": 2.5555556,
        "paragraph_id": "001"
      }
    ],
    "essay_scoreT": [
      30,
      26.222221,
      22.277779
    ],
    "essay_scoreT_avg": 26.166666,
    "essay_scoreT_detail": {
      "essay_scoreT_org": [
        [
          3,
          3,
          3,
          3
        ],
        [
          2,
          3,
          3,
          2
        ],
        [
          2,
          2,
          3,
          2
        ]
      ],
      "essay_scoreT_cont": [
        [
          3,
          3,
          0,
          3
        ],
        [
          3,
          2,
          0,
          2
        ],
        [
          3,
          2,
          0,
          3
        ]
      ],
      "essay_scoreT_exp": [
        [
          3,
          3,
          3
        ],
        [
          3,
          3,
          2
        ],
        [
          2,
          2,
          1
        ]
      ]
    }
  },
  "student": {
    "date": "2021.09.07",
    "student_educated": true,
    "student_grade": "고등_1학년",
    "location": "051",
    "student_grade_group": "고등",
    "student_reading": 1
  },
  "rubric": {
    "essay_grade": "고등_1학년",
    "organization_weight": {
      "org_paragraph": 2,
      "org": 2,
      "org_essay": 4,
      "org_coherence": 2,
      "org_quantity": 1
    },
    "essay_type": "설명글",
    "content_weight": {
      "con_clearance": 4,
      "con_novelty": 3,
      "con": 4,
      "con_prompt": 0,
      "con_description": 1
    },
    "essay_main_subject": "영화/독서감상문",
    "expression_weight": {
      "exp_style": 1,
      "exp_grammar": 2,
      "exp_vocab": 3,
      "exp": 4
    }
  },
  "correction": [],
  "info": {
    "essay_id": "ESSAY_34110",
    "essay_prompt": " 영화에는 로맨스, 액션, 스릴러 등 정말 많은 장르가 있습니다. 사람마다 좋아하는 장르가 있고 절대 보지 않는 장르도 있습니다.\r\n\r\n 독서도 마찬가지입니다. 소설, 수필, 시, 만화, 위인전 등 여러가지 장르가 있습니다.\r\n\r\n 여러분은 어떤 장르를 좋아하나요? 그리고 해당 장르에서 가장 재미있게 봤던 영화나 책은 무엇인가요?\r\n\r\n 자신이 봤던 영화 혹은 책을 한 편 선정하여 주제와 내용 그리고 느낀점을 감상문으로 작성해주세요.",
    "essay_type": "설명글",
    "essay_level": "3",
    "essay_len": 790,
    "essay_main_subject": "영화/독서감상문"
  }
}