{
  "paragraph": [
    {
      "paragraph_txt": "이책은 \"물리학의 기본을 이야기하다\"라는 책과 많이 다르다는 것을 알게 되었다.#@문장구분# \"물리학의 기본을 이야기하다\" 라는 책은 힘, 에너지, 마찰력, 열에너지 등 물리학 중 힘에 대한 이야기가 주 이라면 물리학은 처음인데요.#@문장구분# 수식과 도표없이 들여다보는 물리학의 세계 이책은 물리학의 책 이자 양자역학과 관련된 내용이 주라는 느낌을 딱 받았다.#@문장구분# 차례에서 부터 나는 양자역학과 관련있어요 라고 말하는 것처럼 처음부터 원자에 대해 소개한뒤 기묘한 양자의 세계에 대해 설명해주기 때문이다.#@문장구분# 그다음은 속력과 공간에 대한 설명을 해준다.#@문장구분#\n이 책을 읽던 중 인상깊었던 부분은 유명한 물리학자들의 인성에 관련된 이야기였다.#@문장구분# 우리들은 물리학자들의 업적은 관심이 있을지 라도 인성에 대해서는 관심이 없는 경우가 많은데 이책의 이야기중 \"뉴턴은 다른 물리학자의 업적을 가로채거나 미적분을 발견한 라이프니치가 죽자 자기가 업적을 독식할 수 있어 기뻐했다\" 라는 내용에서 인성에 대한 내용이 재밌었다.#@문장구분# 천재라면 인성이 안좋다는 이미지가 어느정도 있는데 뉴턴도 그 중 한사람이겠구나 했다.#@문장구분#\n반대로 어려웠던 부분은 역시 양자역학 관련 내용이다.#@문장구분# 특히 아이슈타인의 양자역학을 설명하는 부분은 참... #@문장구분#신박하면서 무슨 소리인지 잘 모르겠었다.#@문장구분#\n그러나 그 전까지는 역시 문과 출신이 책을 써서 인지(무시 발언 아닙니당) 물리학의 물 자도 모르는 내가 읽기에는 충분했다.#@문장구분# 책 전체적으로 과학자의 이론뿐만아니라 그 당시 역사와 연관 시켜 이야기를 서술시켜주니 이야기 이해에 더 도움되고 집중할 수 있었던 것 같다.#@문장구분#",
      "paragraph_len": 1028,
      "paragraph_id": "001"
    }
  ],
  "score": {
    "paragraph_score": [
      {
        "paragraph_scoreT": [
          3,
          2.8333333,
          2
        ],
        "paragraph_scoreT_detail": {
          "paragraph_scoreT_exp": [
            [
              3,
              3,
              3
            ],
            [
              3,
              3,
              2
            ],
            [
              2,
              2,
              2
            ]
          ]
        },
        "paragraph_scoreT_avg": 2.611111,
        "paragraph_id": "001"
      }
    ],
    "essay_scoreT": [
      30,
      26.222221,
      22.444445
    ],
    "essay_scoreT_avg": 26.222221,
    "essay_scoreT_detail": {
      "essay_scoreT_org": [
        [
          3,
          3,
          3,
          3
        ],
        [
          2,
          3,
          3,
          2
        ],
        [
          2,
          2,
          3,
          2
        ]
      ],
      "essay_scoreT_cont": [
        [
          3,
          3,
          0,
          3
        ],
        [
          3,
          2,
          0,
          2
        ],
        [
          3,
          2,
          0,
          2
        ]
      ],
      "essay_scoreT_exp": [
        [
          3,
          3,
          3
        ],
        [
          3,
          3,
          2
        ],
        [
          2,
          2,
          2
        ]
      ]
    }
  },
  "student": {
    "date": "2021.09.07",
    "student_educated": true,
    "student_grade": "고등_1학년",
    "location": "051",
    "student_grade_group": "고등",
    "student_reading": 1
  },
  "rubric": {
    "essay_grade": "고등_1학년",
    "organization_weight": {
      "org_paragraph": 2,
      "org": 2,
      "org_essay": 4,
      "org_coherence": 2,
      "org_quantity": 1
    },
    "essay_type": "설명글",
    "content_weight": {
      "con_clearance": 4,
      "con_novelty": 3,
      "con": 4,
      "con_prompt": 0,
      "con_description": 1
    },
    "essay_main_subject": "영화/독서감상문",
    "expression_weight": {
      "exp_style": 1,
      "exp_grammar": 2,
      "exp_vocab": 3,
      "exp": 4
    }
  },
  "correction": [],
  "info": {
    "essay_id": "ESSAY_34395",
    "essay_prompt": " 영화에는 로맨스, 액션, 스릴러 등 정말 많은 장르가 있습니다. 사람마다 좋아하는 장르가 있고 절대 보지 않는 장르도 있습니다.\r\n\r\n 독서도 마찬가지입니다. 소설, 수필, 시, 만화, 위인전 등 여러가지 장르가 있습니다.\r\n\r\n 여러분은 어떤 장르를 좋아하나요? 그리고 해당 장르에서 가장 재미있게 봤던 영화나 책은 무엇인가요?\r\n\r\n 자신이 봤던 영화 혹은 책을 한 편 선정하여 주제와 내용 그리고 느낀점을 감상문으로 작성해주세요.",
    "essay_type": "설명글",
    "essay_level": "3",
    "essay_len": 768,
    "essay_main_subject": "영화/독서감상문"
  }
}