{
  "paragraph": [
    {
      "paragraph_txt": "듀이에 관해 학습하고자 이 책을 선정하여 읽게 되었다.#@문장구분#\n책을 읽고난 후 책의 내용을 완벽하게 이해했다고는 자신할 수 없다.#@문장구분# 책의 내용이 너무 어렵고 내가 이해하기에 버거운 내용이 많았기 때문이다.#@문장구분#\n그럼에도 몇몇 부분에서 깨달음을 얻을 수 있었고, 나 나름대로의 통찰을 얻을 수 있었다.#@문장구분# 내가 깨달음을 얻은 부분, 가장 흥미로웠던 부분은 경험 이론과 관련된 부분이였다.#@문장구분#\n문제상황에 직면한 학생이 스스로의 경험을 통해서 통찰을 얻어내 문재 해결능력과 학업역량을 기릘 수 있다는 내용이다. #@문장구분#학생의 능동성을 강조하는 듀이의 교육관이 현 우리나라 교육에 가장 필요하다고 생각하였기 때문이다.#@문장구분#\n병아리가 스스로 자신의 껍질을 깨고 나와야 하는 것처럼 학생의 주체적인 경험을 통한 학습이 필요하다고 생각하고 이런 교육의 성과가 기대되기도 한다.#@문장구분#\n특히 최근 각광받는 활동형 수행평가와 조별활동을 통한 수업방식이 듀이의 교육관과도 일맥상통한다고 생각하였다.#@문장구분#\n또한 수업시간 듀이의 철학이 경험론자들의 사유를 계승하였다고 배웠는데 이러한 내용을 듀이의 교육관을 통해 확인해볼 수 있어 흥미로웠다.#@문장구분#",
      "paragraph_len": 745,
      "paragraph_id": "001"
    },
    {
      "paragraph_txt": " 내가 교사가 된다면 듀이의 교육관을 일부 반영하여 수업을 진행할 것이다.#@문장구분#\n수업의 모든 부분을 학생의 몫으로 돌려선 안 되겠지만 학생 스스로 할 수 있는 부분에 한해서 자율성을 허용한다면 더 큰 학업적 성취를 거둘 수 있다고 생각한다.#@문장구분#",
      "paragraph_len": 171,
      "paragraph_id": "002"
    }
  ],
  "score": {
    "paragraph_score": [
      {
        "paragraph_scoreT": [
          2,
          2,
          1.8333334
        ],
        "paragraph_scoreT_detail": {
          "paragraph_scoreT_exp": [
            [
              2,
              2,
              2
            ],
            [
              2,
              2,
              2
            ],
            [
              2,
              2,
              1
            ]
          ]
        },
        "paragraph_scoreT_avg": 1.9444445,
        "paragraph_id": "001"
      },
      {
        "paragraph_scoreT": [
          3,
          2,
          1.8333334
        ],
        "paragraph_scoreT_detail": {
          "paragraph_scoreT_exp": [
            [
              3,
              3,
              3
            ],
            [
              2,
              2,
              2
            ],
            [
              2,
              2,
              1
            ]
          ]
        },
        "paragraph_scoreT_avg": 2.277778,
        "paragraph_id": "002"
      }
    ],
    "essay_scoreT": [
      26,
      22.5,
      18.833334
    ],
    "essay_scoreT_avg": 22.444445,
    "essay_scoreT_detail": {
      "essay_scoreT_org": [
        [
          3,
          3,
          3,
          3
        ],
        [
          2,
          2,
          2,
          2
        ],
        [
          2,
          2,
          2,
          2
        ]
      ],
      "essay_scoreT_cont": [
        [
          3,
          3,
          0,
          3
        ],
        [
          3,
          2,
          0,
          3
        ],
        [
          2,
          2,
          0,
          1
        ]
      ],
      "essay_scoreT_exp": [
        [
          2,
          2,
          2
        ],
        [
          2,
          2,
          2
        ],
        [
          2,
          2,
          1
        ]
      ]
    }
  },
  "student": {
    "date": "2021.09.09",
    "student_educated": true,
    "student_grade": "고등_1학년",
    "location": "051",
    "student_grade_group": "고등",
    "student_reading": 2
  },
  "rubric": {
    "essay_grade": "고등_1학년",
    "organization_weight": {
      "org_paragraph": 2,
      "org": 2,
      "org_essay": 4,
      "org_coherence": 2,
      "org_quantity": 1
    },
    "essay_type": "설명글",
    "content_weight": {
      "con_clearance": 4,
      "con_novelty": 3,
      "con": 4,
      "con_prompt": 0,
      "con_description": 1
    },
    "essay_main_subject": "영화/독서감상문",
    "expression_weight": {
      "exp_style": 1,
      "exp_grammar": 2,
      "exp_vocab": 3,
      "exp": 4
    }
  },
  "correction": [],
  "info": {
    "essay_id": "ESSAY_34750",
    "essay_prompt": " 영화에는 로맨스, 액션, 스릴러 등 정말 많은 장르가 있습니다. 사람마다 좋아하는 장르가 있고 절대 보지 않는 장르도 있습니다.\r\n\r\n 독서도 마찬가지입니다. 소설, 수필, 시, 만화, 위인전 등 여러가지 장르가 있습니다.\r\n\r\n 여러분은 어떤 장르를 좋아하나요? 그리고 해당 장르에서 가장 재미있게 봤던 영화나 책은 무엇인가요?\r\n\r\n 자신이 봤던 영화 혹은 책을 한 편 선정하여 주제와 내용 그리고 느낀점을 감상문으로 작성해주세요.",
    "essay_type": "설명글",
    "essay_level": "3",
    "essay_len": 678,
    "essay_main_subject": "영화/독서감상문"
  }
}