{
  "paragraph": [
    {
      "paragraph_txt": "저는 이번에 영알남의 영어의 진실 영단어편이라는 책을 읽게 되었습니다.#@문장구분# 이 책을 읽게 된 계기는 평소 수능 영어 공부에서는 주로 영어를 일대일 대응으로만 연결시켜서 읽기 때문에 영어적 융통성이나 유연함이 부족하다고 느껴서 조금 더 유연한 사고를 위해서 이 책을 읽게 되었습니다.#@문장구분#\n이 책은 주로 원어민들이 주로 사용하는 단어나 전치사 등을 설명해주고 있습니다. #@문장구분#우선 이 책에서 가장 중요한 요점은 영어는 본질적 으로 이미지라는 것입니다. #@문장구분#그렇기에 영어를 그림과 연관시켜서 보면 보다 더 잘 이해가 잘 되고 유연한 사고를 가질 수 있다 명시를 하고 있습니다. #@문장구분#예를 들어서, 우리가 가장 많이 쓰는 영어 단어중 하나인 do라는 영단어의 이미지는 뭐든 할 수 있는 이미지라고 합니 다.#@문장구분# 즉 단지 영어 단어 책에 나와있는 하다라는 뜻 이외에도 많은 측면으로도 해석이 가능합니다.#@문장구분# 예문 중에 \"I did it\"이라는 예문이 있 습니다.#@문장구분# 이 예문을 딱딱하게만 해석을 하면 그저 \"나는 그것을 했어\"라고만 해석이 되지만 여기서 이 뭐든지 할 수 있다는 뉘양스로 접 근을 하게 되면 \"나는 그것을 해냈어\"라고 해석이 됩니다.#@문장구분# 이러한 do의 본질적인 이미지를 이해하면 평소에 우리가 문법으로만 다루 는 do까지도 이해가 되게 됩니다.#@문장구분# 우리는 흔히 이유도 모르고 그냥 do가 강조의 표현으로도 사용된다고 암기해왔었습니다.#@문장구분# \"I do love her\"에서와 같이 말입니다. #@문장구분#하지만 이 책에서 나오는 뉘양스대로 접근을 해보면 \"뭐든 할 수 있는 만큼 사랑한다\"라는 표현으로 되게 되서 결국 사랑을 강조하는 것처럼 나타나지게 된다는 것 입니다.#@문장구분# 이러한 법칙은 전치사에도 적용이 됩니다.#@문장구분# 평소 학생들의 대부분은 영어의 유연한 사고가 안되 상황에 맞게 전치사를 해석하는 능력이 떨어진다고 생각합니다.#@문장구분# 하지만, 이 영어의 이미지를 생각하며 접 근을 한다면 보다 더 수월하게 해낼수 있다고 생각합니다.#@문장구분# 예를 들어 영단어 전치사 for이라는 단어가 있습니다.#@문장구분# 우리가 주로 \"~을 위 해\"라고 해석을 하지만 사실 이 for의 이미지는 \"주고받는 교환\"의 그림입니다. #@문장구분#한쪽만 주는 것이 아니라, 주는 것에 대한 대가가 따르 는 그림입니다.#@문장구분# 예문 중에 \"I'm sucker for pain, it is nothing but pain\"이라는 예문이 있습니다.#@문장구분# suck이라는 단어는 '빨다'라는 의미입 니다.#@문장구분# sucker이라는 것은 우리말로 무언가를 엄청나게 좋아하는 사람을 가리키는 단어입니다.#@문장구분# 그래서 여기서 이 문장을 유연하게 해 석을 하자면 \"나는 고통을 즐기는 사람이야, 그건 아무것도 아니고 그저 고통일 뿐이야\"이렇게 해석이 됩니다.#@문장구분# 여기서는 for은 우리가 알고 있는 것처럼 해석이 되지 않았습니다.#@문장구분# 다른 예로 원어민들이 밥먹듯이 사용하는 \"For sure\"입니다.#@문장구분# 한국어로 번역하자면 \"확실 해?\"라는 뜻입니다. #@문장구분#이렇게 해석이 되는 이유는 확실한 것과 교환할 수 있냐고 물어보는 듯한 뉘양스입니다.#@문장구분#그렇기에 이렇게 해석이 된다는 것입니다.#@문장구분# 이 책을 읽고 나서 평소에 딱딱하게만 느껴지었던 영어가 보다 더 유연하게 느껴지는 것 같았고 지금까지 영어와 한 국어를 일대일 대응으로 봐왔던 제 자신의 행동을 다시 바르게 고치게 되는 계기가 되었던 것 같습니다. #@문장구분#이제는 영어라는 것이 단지 하나의 언어이나 이미지로써 형상이 되는 것 같습니다.#@문장구분#",
      "paragraph_len": 2224,
      "paragraph_id": "001"
    }
  ],
  "score": {
    "paragraph_score": [
      {
        "paragraph_scoreT": [
          3,
          2.8333333,
          1.6666666
        ],
        "paragraph_scoreT_detail": {
          "paragraph_scoreT_exp": [
            [
              3,
              3,
              3
            ],
            [
              3,
              3,
              2
            ],
            [
              1,
              2,
              2
            ]
          ]
        },
        "paragraph_scoreT_avg": 2.4999998,
        "paragraph_id": "001"
      }
    ],
    "essay_scoreT": [
      30,
      28,
      22.666666
    ],
    "essay_scoreT_avg": 26.888887,
    "essay_scoreT_detail": {
      "essay_scoreT_org": [
        [
          3,
          3,
          3,
          3
        ],
        [
          2,
          2,
          3,
          3
        ],
        [
          2,
          2,
          2,
          2
        ]
      ],
      "essay_scoreT_cont": [
        [
          3,
          3,
          0,
          3
        ],
        [
          3,
          3,
          0,
          3
        ],
        [
          3,
          3,
          0,
          3
        ]
      ],
      "essay_scoreT_exp": [
        [
          3,
          3,
          3
        ],
        [
          3,
          3,
          2
        ],
        [
          1,
          2,
          2
        ]
      ]
    }
  },
  "student": {
    "date": "2021.09.07",
    "student_educated": true,
    "student_grade": "고등_1학년",
    "location": "063",
    "student_grade_group": "고등",
    "student_reading": 2
  },
  "rubric": {
    "essay_grade": "고등_1학년",
    "organization_weight": {
      "org_paragraph": 2,
      "org": 2,
      "org_essay": 4,
      "org_coherence": 2,
      "org_quantity": 1
    },
    "essay_type": "설명글",
    "content_weight": {
      "con_clearance": 4,
      "con_novelty": 3,
      "con": 4,
      "con_prompt": 0,
      "con_description": 1
    },
    "essay_main_subject": "영화/독서감상문",
    "expression_weight": {
      "exp_style": 1,
      "exp_grammar": 2,
      "exp_vocab": 3,
      "exp": 4
    }
  },
  "correction": [],
  "info": {
    "essay_id": "ESSAY_34511",
    "essay_prompt": " 영화에는 로맨스, 액션, 스릴러 등 정말 많은 장르가 있습니다. 사람마다 좋아하는 장르가 있고 절대 보지 않는 장르도 있습니다.\r\n\r\n 독서도 마찬가지입니다. 소설, 수필, 시, 만화, 위인전 등 여러가지 장르가 있습니다.\r\n\r\n 여러분은 어떤 장르를 좋아하나요? 그리고 해당 장르에서 가장 재미있게 봤던 영화나 책은 무엇인가요?\r\n\r\n 자신이 봤던 영화 혹은 책을 한 편 선정하여 주제와 내용 그리고 느낀점을 감상문으로 작성해주세요.",
    "essay_type": "설명글",
    "essay_level": "3",
    "essay_len": 1625,
    "essay_main_subject": "영화/독서감상문"
  }
}