{
  "paragraph": [
    {
      "paragraph_txt": "내가 이 책을 읽게 된 이유는 무슨 책을 읽을지 찾아보다가 표지색이 예뻐서 한번 꺼내보았는데 표지에 있는 그림도 예뻐보여서 이 책을 읽기로 하였다.#@문장구분# \n이 책의 내용은 주인공인 링고가 아르바이트를 마치고 집으로 왔는데 링고의 남자친구가 집에 있던 돈과 요리도구를 다 들고 사라져 버렸다.#@문장구분# 하지만 할머니의 유품인 된장은 남아 있었다.#@문장구분# 링고는 10년만에 엄마가 있는 고향으로 갔다.#@문장구분# \n고향은 조용한 산골 마을인데 엄마는 아모르라는 술집을 하면서 애완동물로 돼지를 키우고 있었다.#@문장구분# 링고는 엄마의 집에서 숙식비를 내고 살기로 하고 돈을 벌기 위해서 창고에 달팽이 식당을 열었다.#@문장구분# 달팽이 식당은 메뉴가 정해져 있지 않고 손님의 사연을 듣고 음식을 만들어 준다.#@문장구분# 또 하루가 한팀만 받는다.#@문장구분# \n여기에서 식사를하면 사랑과 소망이 이루어진다는 소문이 나는데 링고의 엄마가 시한부 선고를 받게 되어서 시한부 생을 살면서 수십년만에 첫사랑을 만나 결혼식을 한다.#@문장구분# 얼마후 엄마가 돌아가시고 링고가 유품정리를 하는 도중에 링고의 엄마가 고향을 떠나지말고 식당을 계속하라는 마지막 소원이 적혀 있는 편지를 보고 끝이 난다.#@문장구분# 나도 이 책을 보고 사람들에게 사연을 듣고 사연에 맞게 음식을 해주고 싶다는 생각이 들었다.#@문장구분#",
      "paragraph_len": 829,
      "paragraph_id": "001"
    }
  ],
  "score": {
    "paragraph_score": [
      {
        "paragraph_scoreT": [
          3,
          2.8333333,
          1.8333334
        ],
        "paragraph_scoreT_detail": {
          "paragraph_scoreT_exp": [
            [
              3,
              3,
              3
            ],
            [
              3,
              3,
              2
            ],
            [
              2,
              2,
              1
            ]
          ]
        },
        "paragraph_scoreT_avg": 2.5555556,
        "paragraph_id": "001"
      }
    ],
    "essay_scoreT": [
      30,
      23.555555,
      15.833334
    ],
    "essay_scoreT_avg": 23.129631,
    "essay_scoreT_detail": {
      "essay_scoreT_org": [
        [
          3,
          3,
          3,
          3
        ],
        [
          2,
          2,
          3,
          1
        ],
        [
          2,
          2,
          2,
          2
        ]
      ],
      "essay_scoreT_cont": [
        [
          3,
          3,
          0,
          3
        ],
        [
          2,
          2,
          0,
          2
        ],
        [
          1,
          1,
          0,
          2
        ]
      ],
      "essay_scoreT_exp": [
        [
          3,
          3,
          3
        ],
        [
          3,
          3,
          2
        ],
        [
          2,
          2,
          1
        ]
      ]
    }
  },
  "student": {
    "date": "2021.09.07",
    "student_educated": true,
    "student_grade": "고등_1학년",
    "location": "051",
    "student_grade_group": "고등",
    "student_reading": 2
  },
  "rubric": {
    "essay_grade": "고등_1학년",
    "organization_weight": {
      "org_paragraph": 2,
      "org": 2,
      "org_essay": 4,
      "org_coherence": 2,
      "org_quantity": 1
    },
    "essay_type": "설명글",
    "content_weight": {
      "con_clearance": 4,
      "con_novelty": 3,
      "con": 4,
      "con_prompt": 0,
      "con_description": 1
    },
    "essay_main_subject": "영화/독서감상문",
    "expression_weight": {
      "exp_style": 1,
      "exp_grammar": 2,
      "exp_vocab": 3,
      "exp": 4
    }
  },
  "correction": [],
  "info": {
    "essay_id": "ESSAY_34178",
    "essay_prompt": " 영화에는 로맨스, 액션, 스릴러 등 정말 많은 장르가 있습니다. 사람마다 좋아하는 장르가 있고 절대 보지 않는 장르도 있습니다.\r\n\r\n 독서도 마찬가지입니다. 소설, 수필, 시, 만화, 위인전 등 여러가지 장르가 있습니다.\r\n\r\n 여러분은 어떤 장르를 좋아하나요? 그리고 해당 장르에서 가장 재미있게 봤던 영화나 책은 무엇인가요?\r\n\r\n 자신이 봤던 영화 혹은 책을 한 편 선정하여 주제와 내용 그리고 느낀점을 감상문으로 작성해주세요.",
    "essay_type": "설명글",
    "essay_level": "3",
    "essay_len": 611,
    "essay_main_subject": "영화/독서감상문"
  }
}