{
  "paragraph": [
    {
      "paragraph_txt": "최근 들어 전세계적으로 정치적 · 경제적 이슈가 곳곳에서 튀어나오고 있다는 생각은 나 뿐만 아니라 모두가 드는 생각일 것 이다.#@문장구분#이에 남북관계와 한미동맹에 대한 이 잡지를 선정하여 읽게 되었다.#@문장구분# 다양한 정치적 얘기도 흥미롭게 읽혔지만 많은 주제 중 가장 내 눈에 띈 소재는 코로나 19백신에 관한 얘기를 따로 다루고 있는 World Focus 부분이었다.#@문장구분# 평소에도 이 분야에 관심이 많아 자주 찾아보곤 했는데, 잡지 중 단 한 장의 이야기가 내 눈을 의심하게 만들었다.#@문장구분# 바로 미국 내 라틴계 · 흑인의 백신 접종률이 백인에 비해 현저히 낮다는 보도였다.#@문장구분# 이 얼마나 황당한 일인가?#@문장구분# 아무리 미국 내에서 여전히 인종차별이 존재한다지만 사람의 목숨이 달려있지 않은가?#@문장구분# 제목만을 읽고 살짝 욱한 나는 기사를 자세히 읽어보기로 하였다. #@문장구분#기사를 간단히 요약하자면 미국내 전체 인구 대비 백신 접종률에서 라틴계는 약 3%, 흑인은 약 4%인 반면에, 백인은 거의10%를 웃도는 수준의 접종률을 보여주고 있으며, 플로리다주 같은 경우엔 흑인과 라틴계의 접종률을 합해도 1/3을 겨우 미친다는 사실이다.#@문장구분# 이에 대한 연쇄작용으로 사망률 또한 흑인과 라틴계가 백인에 비해 각각 3.6배, 2.5배 높다는 연구 결과도 있다.#@문장구분# 과연 무슨 이유이길래 이렇게나 차별할거란 생각을 해보았다.#@문장구분# 아무리 흑인이라도 제 발로 찾아온 병원에서 쫒아내지는 않을테니까... 라는 생각과 함께 마지막 문단을 읽어보니 현지에서는 흑인 거주 지역에서의 충분치 못한 백신 공급을 원인으로 지적한다.#@문장구분# 실제로 미국 내 정권교체 시기에 약 2천만 회분의 백신의 행방이 묘연해지고 중앙정부 조차 백신 공급의 현황을 제대로 파악하지 못하고 있기에 충분히 공급 불균형이 생겨날 수 있겠다고 납득했다.#@문장구분# 자국민의 건강을 우선적으로 보호해야 할 요즘 같은 시기에 대한민국 중앙정부 또한 국민의 말에 귀를 기울여주고 다른 나라의 상황과 비교해가며 본받을 것은 본받는 겸솜한 태도로 코로나 19 사태를 함께 이겨냈으면 하는 바램이다.#@문장구분#",
      "paragraph_len": 1267,
      "paragraph_id": "001"
    }
  ],
  "score": {
    "paragraph_score": [
      {
        "paragraph_scoreT": [
          3,
          3,
          2
        ],
        "paragraph_scoreT_detail": {
          "paragraph_scoreT_exp": [
            [
              3,
              3,
              3
            ],
            [
              3,
              3,
              3
            ],
            [
              2,
              2,
              2
            ]
          ]
        },
        "paragraph_scoreT_avg": 2.6666667,
        "paragraph_id": "001"
      }
    ],
    "essay_scoreT": [
      30,
      28.5,
      22.944445
    ],
    "essay_scoreT_avg": 27.148148,
    "essay_scoreT_detail": {
      "essay_scoreT_org": [
        [
          3,
          3,
          3,
          3
        ],
        [
          3,
          3,
          3,
          3
        ],
        [
          2,
          2,
          3,
          2
        ]
      ],
      "essay_scoreT_cont": [
        [
          3,
          3,
          0,
          3
        ],
        [
          3,
          2,
          0,
          3
        ],
        [
          3,
          2,
          0,
          3
        ]
      ],
      "essay_scoreT_exp": [
        [
          3,
          3,
          3
        ],
        [
          3,
          3,
          3
        ],
        [
          2,
          2,
          2
        ]
      ]
    }
  },
  "student": {
    "date": "2021.09.07",
    "student_educated": true,
    "student_grade": "고등_1학년",
    "location": "051",
    "student_grade_group": "고등",
    "student_reading": 3
  },
  "rubric": {
    "essay_grade": "고등_1학년",
    "organization_weight": {
      "org_paragraph": 2,
      "org": 2,
      "org_essay": 4,
      "org_coherence": 2,
      "org_quantity": 1
    },
    "essay_type": "설명글",
    "content_weight": {
      "con_clearance": 4,
      "con_novelty": 3,
      "con": 4,
      "con_prompt": 0,
      "con_description": 1
    },
    "essay_main_subject": "영화/독서감상문",
    "expression_weight": {
      "exp_style": 1,
      "exp_grammar": 2,
      "exp_vocab": 3,
      "exp": 4
    }
  },
  "correction": [],
  "info": {
    "essay_id": "ESSAY_34172",
    "essay_prompt": " 영화에는 로맨스, 액션, 스릴러 등 정말 많은 장르가 있습니다. 사람마다 좋아하는 장르가 있고 절대 보지 않는 장르도 있습니다.\r\n\r\n 독서도 마찬가지입니다. 소설, 수필, 시, 만화, 위인전 등 여러가지 장르가 있습니다.\r\n\r\n 여러분은 어떤 장르를 좋아하나요? 그리고 해당 장르에서 가장 재미있게 봤던 영화나 책은 무엇인가요?\r\n\r\n 자신이 봤던 영화 혹은 책을 한 편 선정하여 주제와 내용 그리고 느낀점을 감상문으로 작성해주세요.",
    "essay_type": "설명글",
    "essay_level": "3",
    "essay_len": 990,
    "essay_main_subject": "영화/독서감상문"
  }
}