{
  "paragraph": [
    {
      "paragraph_txt": "이 책은 문어를 소개하는 원어책이다.#@문장구분# 책 속에는 문어의 특징들이 나와있는데 물속에서 빠르게 이동하고, 먹물로 적의 눈을 가리며, 껍질대신 부드러운 몸으로 바위틈새에 숨어들 수 있다 등등이다.#@문장구분# 책을 읽게된 동기는 단순히 해양생물을 주제로 다루는 책이였기 때문이다.#@문장구분# 자연이나 동물에 워낙 관심이 많은지라 눈길이 간 듯 하다.#@문장구분# 책을 읽게 되면서 모르는 단어가 없어 읽기에 어려움은 없었다.#@문장구분# 하지만 책의 핵심내용이나 단어들을 정리해 가며 낭독하였다.#@문장구분# 가장 마음에 드는 구절은 \"The octopus speeds through the water. It can go as fast as 25 miles an hour\" 였다.#@문장구분# 번역하면 문어는 물속에서 민첩하다.#@문장구분# 문어는 빠르게 25마일을 한시간에 간다 이다.#@문장구분# 25마일은 약 40km인데 이는 마라톤 거리보다 조금 덜한 거리이다.#@문장구분# 이 구절이 마음에 든 이유는 조용하고 어딘가 좁은 곳에 들어가는 것을 좋아하는 문어도 마음만 먹으면 한시간에 25마일이나 나아갈 수 있다는 뜻으로 해석하여 읽었기 때문이다.#@문장구분# 누구나 마음만 먹으면 멀리나아갈 수 있다고 생각한다.#@문장구분#",
      "paragraph_len": 795,
      "paragraph_id": "001"
    }
  ],
  "score": {
    "paragraph_score": [
      {
        "paragraph_scoreT": [
          2,
          2.8333333,
          1.5
        ],
        "paragraph_scoreT_detail": {
          "paragraph_scoreT_exp": [
            [
              2,
              2,
              2
            ],
            [
              3,
              3,
              2
            ],
            [
              2,
              1,
              2
            ]
          ]
        },
        "paragraph_scoreT_avg": 2.111111,
        "paragraph_id": "001"
      }
    ],
    "essay_scoreT": [
      19.777779,
      26,
      15.166667
    ],
    "essay_scoreT_avg": 20.314816,
    "essay_scoreT_detail": {
      "essay_scoreT_org": [
        [
          2,
          2,
          2,
          1
        ],
        [
          2,
          3,
          3,
          1
        ],
        [
          1,
          1,
          2,
          2
        ]
      ],
      "essay_scoreT_cont": [
        [
          2,
          2,
          0,
          2
        ],
        [
          3,
          2,
          0,
          2
        ],
        [
          2,
          1,
          0,
          2
        ]
      ],
      "essay_scoreT_exp": [
        [
          2,
          2,
          2
        ],
        [
          3,
          3,
          2
        ],
        [
          2,
          1,
          2
        ]
      ]
    }
  },
  "student": {
    "date": "2021.09.13",
    "student_educated": true,
    "student_grade": "고등_1학년",
    "location": "063",
    "student_grade_group": "고등",
    "student_reading": 1
  },
  "rubric": {
    "essay_grade": "고등_1학년",
    "organization_weight": {
      "org_paragraph": 2,
      "org": 2,
      "org_essay": 4,
      "org_coherence": 2,
      "org_quantity": 1
    },
    "essay_type": "설명글",
    "content_weight": {
      "con_clearance": 4,
      "con_novelty": 3,
      "con": 4,
      "con_prompt": 0,
      "con_description": 1
    },
    "essay_main_subject": "영화/독서감상문",
    "expression_weight": {
      "exp_style": 1,
      "exp_grammar": 2,
      "exp_vocab": 3,
      "exp": 4
    }
  },
  "correction": [],
  "info": {
    "essay_id": "ESSAY_34468",
    "essay_prompt": " 영화에는 로맨스, 액션, 스릴러 등 정말 많은 장르가 있습니다. 사람마다 좋아하는 장르가 있고 절대 보지 않는 장르도 있습니다.\r\n\r\n 독서도 마찬가지입니다. 소설, 수필, 시, 만화, 위인전 등 여러가지 장르가 있습니다.\r\n\r\n 여러분은 어떤 장르를 좋아하나요? 그리고 해당 장르에서 가장 재미있게 봤던 영화나 책은 무엇인가요?\r\n\r\n 자신이 봤던 영화 혹은 책을 한 편 선정하여 주제와 내용 그리고 느낀점을 감상문으로 작성해주세요.",
    "essay_type": "설명글",
    "essay_level": "3",
    "essay_len": 555,
    "essay_main_subject": "영화/독서감상문"
  }
}