{
  "paragraph": [
    {
      "paragraph_txt": "어렸을 때 부터 로봇에 관심이 많았고 현재도 가끔씩 로봇 관련 영상을 찾아보기도 하는데, 이런 내용이 책에 적혀있으면 좋겠다고 생각하여 책을 찾아 보았는데, 상대적으로 우리나라보단 미국의 로봇 기술이 발전했다고 생각하여 영어공부도 할겸 영어로 된 책을 읽었다.#@문장구분# 이 책은 현재 우리 세상에서 흔하게 쓰이는 로봇에 대한 설명뿐만 아니라 로봇의 과거,현재 그리고 미래에 대한 설명까지 영어\n로 잘 나와있었다.#@문장구분# 나름 로봇에 관심이 있다 헀지만, 로봇에 대한 새로운 내용을 많이 알게 되었다.#@문장구분# 또한 책에서 로봇의 조건에 대해 나왔는데, 단순히 전자레인지나 알람시계처럼 주어진 일만 하는것은 로봇이 아니고, 컴퓨터가 탑재 되어 있어야 로봇인것을 알게 되었다.#@문장구분# 나는 화학에 관심이 많은데, 화학약품이 각각 무엇인지 직접 분석하여 분류하는 기계가 있다면, 그것이 바로 로봇이라고 생각했\n다.#@문장구분# 로봇과 화학에 모두 관심이 많아 이 둘이 융합된 기술이 있다면 찾아보고 그들이 어떤 일을 하는지 알아봐야겠다.#@문장구분# 마찬가지로 책이 있다면 읽어 볼 계획이다.#@문장구분#",
      "paragraph_len": 660,
      "paragraph_id": "001"
    }
  ],
  "score": {
    "paragraph_score": [
      {
        "paragraph_scoreT": [
          2,
          1.8333334,
          1.8333334
        ],
        "paragraph_scoreT_detail": {
          "paragraph_scoreT_exp": [
            [
              2,
              2,
              2
            ],
            [
              2,
              2,
              1
            ],
            [
              2,
              2,
              1
            ]
          ]
        },
        "paragraph_scoreT_avg": 1.888889,
        "paragraph_id": "001"
      }
    ],
    "essay_scoreT": [
      19.777779,
      17.833334,
      15.611111
    ],
    "essay_scoreT_avg": 17.740742,
    "essay_scoreT_detail": {
      "essay_scoreT_org": [
        [
          2,
          2,
          2,
          1
        ],
        [
          2,
          2,
          2,
          2
        ],
        [
          1,
          2,
          2,
          2
        ]
      ],
      "essay_scoreT_cont": [
        [
          2,
          2,
          0,
          2
        ],
        [
          2,
          1,
          0,
          2
        ],
        [
          2,
          1,
          0,
          2
        ]
      ],
      "essay_scoreT_exp": [
        [
          2,
          2,
          2
        ],
        [
          2,
          2,
          1
        ],
        [
          2,
          1,
          2
        ]
      ]
    }
  },
  "student": {
    "date": "2021.09.10",
    "student_educated": true,
    "student_grade": "고등_1학년",
    "location": "063",
    "student_grade_group": "고등",
    "student_reading": 1
  },
  "rubric": {
    "essay_grade": "고등_1학년",
    "organization_weight": {
      "org_paragraph": 2,
      "org": 2,
      "org_essay": 4,
      "org_coherence": 2,
      "org_quantity": 1
    },
    "essay_type": "설명글",
    "content_weight": {
      "con_clearance": 4,
      "con_novelty": 3,
      "con": 4,
      "con_prompt": 0,
      "con_description": 1
    },
    "essay_main_subject": "영화/독서감상문",
    "expression_weight": {
      "exp_style": 1,
      "exp_grammar": 2,
      "exp_vocab": 3,
      "exp": 4
    }
  },
  "correction": [],
  "info": {
    "essay_id": "ESSAY_34631",
    "essay_prompt": " 영화에는 로맨스, 액션, 스릴러 등 정말 많은 장르가 있습니다. 사람마다 좋아하는 장르가 있고 절대 보지 않는 장르도 있습니다.\r\n\r\n 독서도 마찬가지입니다. 소설, 수필, 시, 만화, 위인전 등 여러가지 장르가 있습니다.\r\n\r\n 여러분은 어떤 장르를 좋아하나요? 그리고 해당 장르에서 가장 재미있게 봤던 영화나 책은 무엇인가요?\r\n\r\n 자신이 봤던 영화 혹은 책을 한 편 선정하여 주제와 내용 그리고 느낀점을 감상문으로 작성해주세요.",
    "essay_type": "설명글",
    "essay_level": "3",
    "essay_len": 521,
    "essay_main_subject": "영화/독서감상문"
  }
}