{
  "paragraph": [
    {
      "paragraph_txt": "이 책은 남녀가 사랑했으나 결국 이루어지지 못한 사랑을 담은 이야기 인것 같다.#@문장구분#",
      "paragraph_len": 64,
      "paragraph_id": "001"
    },
    {
      "paragraph_txt": "나는 이 책을 읽으면서 남자가 그 거짓말, 스페인어를 할 줄 안다는 그 거짓말을 하지 않고 처음부터 사실대로 스페인어를 할줄 모른다고 했더라면, ventomarme의 뜻을 이해하고, 그녀를 만나러 갔을텐데 그 작은 거짓말이 trysdale이 쏘아 올린 작은 공이었던 것이다.#@문장구분# ",
      "paragraph_len": 174,
      "paragraph_id": "002"
    },
    {
      "paragraph_txt": "사실대로 말했더라면 사랑이 이루어졌을테지만 그러지 못했기 때문에 나중에라도 그 사실을 제대로 밝힌다면, 다시 받아줬을 것 같다.#@문장구분# 왜냐하면 둘이 정말로 사랑하는 사이였다면, 그 사람이 왜 그런 거짓말을 해야했을까하고 한번 생각해봐줄수 있고, 다시 그를 받아줄수도 있을것이기 때문이다. #@문장구분#그래서 내가 이 책을 읽으면서 든 생각이 내가 trysdale이라면, 사실을 말하고 자신의 상황과 거짓말을 할 수 밖에 없었던 이유를 밝혀서라도, 다시 한번 그녀에게 기회를 달라고 할 것 같다.#@문장구분#",
      "paragraph_len": 326,
      "paragraph_id": "003"
    }
  ],
  "score": {
    "paragraph_score": [
      {
        "paragraph_scoreT": [
          3,
          2.3333333,
          2
        ],
        "paragraph_scoreT_detail": {
          "paragraph_scoreT_exp": [
            [
              3,
              3,
              3
            ],
            [
              3,
              2,
              2
            ],
            [
              2,
              2,
              2
            ]
          ]
        },
        "paragraph_scoreT_avg": 2.4444444,
        "paragraph_id": "001"
      },
      {
        "paragraph_scoreT": [
          3,
          2.3333333,
          2
        ],
        "paragraph_scoreT_detail": {
          "paragraph_scoreT_exp": [
            [
              3,
              3,
              3
            ],
            [
              3,
              2,
              2
            ],
            [
              2,
              2,
              2
            ]
          ]
        },
        "paragraph_scoreT_avg": 2.4444444,
        "paragraph_id": "002"
      },
      {
        "paragraph_scoreT": [
          3,
          2.3333333,
          2
        ],
        "paragraph_scoreT_detail": {
          "paragraph_scoreT_exp": [
            [
              3,
              3,
              3
            ],
            [
              3,
              2,
              2
            ],
            [
              2,
              2,
              2
            ]
          ]
        },
        "paragraph_scoreT_avg": 2.4444444,
        "paragraph_id": "003"
      }
    ],
    "essay_scoreT": [
      25.777779,
      21.11111,
      15.555555
    ],
    "essay_scoreT_avg": 20.814814,
    "essay_scoreT_detail": {
      "essay_scoreT_org": [
        [
          3,
          3,
          3,
          2
        ],
        [
          2,
          2,
          2,
          1
        ],
        [
          2,
          2,
          2,
          0
        ]
      ],
      "essay_scoreT_cont": [
        [
          2,
          2,
          0,
          2
        ],
        [
          2,
          2,
          0,
          2
        ],
        [
          1,
          1,
          0,
          1
        ]
      ],
      "essay_scoreT_exp": [
        [
          3,
          3,
          3
        ],
        [
          3,
          2,
          2
        ],
        [
          2,
          2,
          2
        ]
      ]
    }
  },
  "student": {
    "date": "2021.09.13",
    "student_educated": true,
    "student_grade": "고등_1학년",
    "location": "063",
    "student_grade_group": "고등",
    "student_reading": 1
  },
  "rubric": {
    "essay_grade": "고등_1학년",
    "organization_weight": {
      "org_paragraph": 2,
      "org": 2,
      "org_essay": 4,
      "org_coherence": 2,
      "org_quantity": 1
    },
    "essay_type": "설명글",
    "content_weight": {
      "con_clearance": 4,
      "con_novelty": 3,
      "con": 4,
      "con_prompt": 0,
      "con_description": 1
    },
    "essay_main_subject": "영화/독서감상문",
    "expression_weight": {
      "exp_style": 1,
      "exp_grammar": 2,
      "exp_vocab": 3,
      "exp": 4
    }
  },
  "correction": [],
  "info": {
    "essay_id": "ESSAY_34451",
    "essay_prompt": " 영화에는 로맨스, 액션, 스릴러 등 정말 많은 장르가 있습니다. 사람마다 좋아하는 장르가 있고 절대 보지 않는 장르도 있습니다.\r\n\r\n 독서도 마찬가지입니다. 소설, 수필, 시, 만화, 위인전 등 여러가지 장르가 있습니다.\r\n\r\n 여러분은 어떤 장르를 좋아하나요? 그리고 해당 장르에서 가장 재미있게 봤던 영화나 책은 무엇인가요?\r\n\r\n 자신이 봤던 영화 혹은 책을 한 편 선정하여 주제와 내용 그리고 느낀점을 감상문으로 작성해주세요.",
    "essay_type": "설명글",
    "essay_level": "3",
    "essay_len": 468,
    "essay_main_subject": "영화/독서감상문"
  }
}