{
  "paragraph": [
    {
      "paragraph_txt": "평소에 혼자 책을 읽으면서 취미를 즐겼다.#@문장구분# 그러다보니 책을 읽음에도 불구하고 중심내용을 간략하게만 기억하거나 아예 기억하지도 못할 때가 종종 존재 했다.#@문장구분# 그래서 책을 읽고 그에 관해서 토론하는 활동에 참여했다.#@문장구분# '공정하다는 착각'을 읽고 토론한 후 내가 느낀 점은 능력주의가 신분제 사회 이후 우리 사회의 중요한 이념(사상)으로 자리매김 하며 사회를 발전시켰지만 지금에 이르러서는 그것의 폐해들이 들어 나고 있고 이제는 이 능력주의가 과거 신분제 사회에서 귀족과 평민을 나누듯이 공인된 시험에 통과한 이와 그렇지 못한 이를 나누어서 계급화 하고 있다는 점이다.#@문장구분# 토론하면서 내가 깨달은 점은 능력주의의 폐해를 희석시키기 위해서는 성공한 이들이 오만해지지 않기 위해 도덕 교육을 시켜서 전체적으로 사회에 긍정적인 영향을 끼치도록 교육 시켜야 되고 초중고를 다닐 동안 여러 계층의 사람들을 만날 수 있도록 국가에서 그러한 프로그램을 제공해야 한다는 생각이다.#@문장구분# 다른 토론자들 중에서 다양한 의견들이 나왔는데 그중 선생님께서는 법과 제도를 통해 능력주의의 오만을 없애야 된다고 말씀하셨는데 나름대로 일리가 있는 주장이지만 내 생각에는 법과 제도를 통해 갈등을 해소시키는 것은 어디까지나 도덕의 관점에서의 문제지 법으로 규정하는 것은 생각을 통제할 수 있기에 위험하다고 생각한다.#@문장구분# 결국에는 앞에서 말했던 것처럼 국가 엘리트들에 대한 도덕 교육을 강화하고 인성을 교육시키고, 거기다가 각계 각층의 다양한 사람들을 만나는 경험을 학생들에게 제공할 필요가 있다고 생각한다.#@문장구분# 이런 토론 활동을 통해 나의 생각을 정리할 수 있어서 좋았고 다음 토론이 언제 올지 기대가 된다.#@문장구분#",
      "paragraph_len": 974,
      "paragraph_id": "001"
    }
  ],
  "score": {
    "paragraph_score": [
      {
        "paragraph_scoreT": [
          3,
          3,
          2.8333333
        ],
        "paragraph_scoreT_detail": {
          "paragraph_scoreT_exp": [
            [
              3,
              3,
              3
            ],
            [
              3,
              3,
              3
            ],
            [
              3,
              3,
              2
            ]
          ]
        },
        "paragraph_scoreT_avg": 2.9444444,
        "paragraph_id": "001"
      }
    ],
    "essay_scoreT": [
      30,
      19.61111,
      26.722221
    ],
    "essay_scoreT_avg": 25.444443,
    "essay_scoreT_detail": {
      "essay_scoreT_org": [
        [
          3,
          3,
          3,
          3
        ],
        [
          1,
          2,
          2,
          2
        ],
        [
          2,
          3,
          3,
          2
        ]
      ],
      "essay_scoreT_cont": [
        [
          3,
          3,
          0,
          3
        ],
        [
          1,
          1,
          0,
          2
        ],
        [
          3,
          2,
          0,
          3
        ]
      ],
      "essay_scoreT_exp": [
        [
          3,
          3,
          3
        ],
        [
          3,
          3,
          3
        ],
        [
          3,
          3,
          2
        ]
      ]
    }
  },
  "student": {
    "date": "2021.09.07",
    "student_educated": true,
    "student_grade": "고등_1학년",
    "location": "051",
    "student_grade_group": "고등",
    "student_reading": 1
  },
  "rubric": {
    "essay_grade": "고등_1학년",
    "organization_weight": {
      "org_paragraph": 2,
      "org": 2,
      "org_essay": 4,
      "org_coherence": 2,
      "org_quantity": 1
    },
    "essay_type": "설명글",
    "content_weight": {
      "con_clearance": 4,
      "con_novelty": 3,
      "con": 4,
      "con_prompt": 0,
      "con_description": 1
    },
    "essay_main_subject": "영화/독서감상문",
    "expression_weight": {
      "exp_style": 1,
      "exp_grammar": 2,
      "exp_vocab": 3,
      "exp": 4
    }
  },
  "correction": [],
  "info": {
    "essay_id": "ESSAY_34114",
    "essay_prompt": " 영화에는 로맨스, 액션, 스릴러 등 정말 많은 장르가 있습니다. 사람마다 좋아하는 장르가 있고 절대 보지 않는 장르도 있습니다.\r\n\r\n 독서도 마찬가지입니다. 소설, 수필, 시, 만화, 위인전 등 여러가지 장르가 있습니다.\r\n\r\n 여러분은 어떤 장르를 좋아하나요? 그리고 해당 장르에서 가장 재미있게 봤던 영화나 책은 무엇인가요?\r\n\r\n 자신이 봤던 영화 혹은 책을 한 편 선정하여 주제와 내용 그리고 느낀점을 감상문으로 작성해주세요.",
    "essay_type": "설명글",
    "essay_level": "3",
    "essay_len": 816,
    "essay_main_subject": "영화/독서감상문"
  }
}