{
  "paragraph": [
    {
      "paragraph_txt": "이 책은 내가 컴퓨터, 소프트웨어, 인공지능 등의 분야에도 관심이 있어 찾아 읽게 되었다.#@문장구분# ",
      "paragraph_len": 71,
      "paragraph_id": "001"
    },
    {
      "paragraph_txt": "우선 이 책 초반부에 오토마타와 관련된 흥미로운 사례가 나오는데 그걸 먼저 소개하도록 하겠다.#@문장구분# 1737년 프랑스, 그 당시 기계 공학의 천재라고 알려진 자크 드 보캉송은 혼자 플루트를 사람 크기의 조각상을 만들어 낸다. #@문장구분#그 조각상은 사람처럼 공기를 불어 넣고, 손가락을 움직여 소리를 낼 수 있는 자동 인형이었는데 이 인형은 진짜 사람처럼 완벽하게 12개의 곡을 연주 할 수 있게 만들었고, 이러한 오토마타(자동인형)은 그 당시 엄청난 인기를 불러 일으킨다.#@문장구분# 그의 오토마타는 레버와 원통, 스프링 등으로 만들어진 복잡한 구조를 하고 있었는데, 이러한 부품들이 정교하게 맞물려 플루트를 연주하는 것이었다.#@문장구분# 자캉송의 오토마타와 더불어 그 당시 많은 오토마타들은 지금의 인공지능 분야의 선구자 격인 작품들이었다.#@문장구분#그렇다면 현대의 오토마타들은 어떨까 ?#@문장구분# 알파고와 같은 바둑 프로그램부터, 왓슨과 같은 퀴즈 대회 우승자를 꺾은 인공지능 퀴즈 로봇까지 다양한 분야에서 과거의 오토마타들이 진화한 모습을 볼 수 있다.#@문장구분#",
      "paragraph_len": 645,
      "paragraph_id": "002"
    },
    {
      "paragraph_txt": "이제, 내가 이 책에서 가장 흥미로웠고, 평소 관심도 있어서 자세히 본 알고리즘에 관해서 소개하겠다.#@문장구분#",
      "paragraph_len": 76,
      "paragraph_id": "003"
    },
    {
      "paragraph_txt": "2006년 넷플릭스는 아직 인터넷에서 사업을 하기 전이고, 우편 방식으로 DVD를 배달 할 때라 고객에게 DVD를 전달 할 때까지 시간이 많이 걸리고 또한, 막상 고객이 DVD를 받았을 때 재미가 없으면 불만이 크기 때문에 넷플릭스는 가장 좋은 영화 추천 알고리즘을 만드는 팀에게 100만 달러(원화 약 11억원)을 주는 넷플릭스 그랜드 프라이즈를 개최하였다.#@문장구분# 이에 다양한 팀이 도전하고 여러 원리를 사용 하였는데, 그 원리들 중 가장 흥미로웠던 원리인 행렬 인수 분해에 대해 간단히 소개하겠다.#@문장구분# 우선 넷플릭스 평점들에 대한 거대한행렬이 중복된 정보를 많이 가지고 있다는 것을 기반으로 퓨처라마를 좋아하는 고객들은 심슨을, 슈렉을 좋아하는 고객들은 장화 신은 고양이를 좋아할 확률이 높다는 것을 예측 하는 것이다. #@문장구분#자세하게는 예를 들어 어떤 영화를 보고 그에 대해 감독을 좋아하면 +1, 싫어하면 -1, 그럭 저럭은 +0.5~0.6의 점수를 장르, 감독 등등의 항목에 대입시켜 그에 대한 숫자가 담긴 행렬을 인수분해 하여 그 데이터로부터 다른 비슷한 영화를 얼마나 좋아할지 그에 대한 답을 계산하는 방식이다.#@문장구분#",
      "paragraph_len": 644,
      "paragraph_id": "004"
    },
    {
      "paragraph_txt": "이 책을 읽고 어렵게만 느껴졌고 감이 안잡히던 인공지능 분야를 더 알게 되었던 것 같다.#@문장구분#",
      "paragraph_len": 69,
      "paragraph_id": "005"
    }
  ],
  "score": {
    "paragraph_score": [
      {
        "paragraph_scoreT": [
          3,
          2.8333333,
          2.5
        ],
        "paragraph_scoreT_detail": {
          "paragraph_scoreT_exp": [
            [
              3,
              3,
              3
            ],
            [
              3,
              3,
              2
            ],
            [
              2,
              3,
              2
            ]
          ]
        },
        "paragraph_scoreT_avg": 2.7777777,
        "paragraph_id": "001"
      },
      {
        "paragraph_scoreT": [
          3,
          2.8333333,
          2.5
        ],
        "paragraph_scoreT_detail": {
          "paragraph_scoreT_exp": [
            [
              3,
              3,
              3
            ],
            [
              3,
              3,
              2
            ],
            [
              2,
              3,
              2
            ]
          ]
        },
        "paragraph_scoreT_avg": 2.7777777,
        "paragraph_id": "002"
      },
      {
        "paragraph_scoreT": [
          3,
          2.8333333,
          2.5
        ],
        "paragraph_scoreT_detail": {
          "paragraph_scoreT_exp": [
            [
              3,
              3,
              3
            ],
            [
              3,
              3,
              2
            ],
            [
              2,
              3,
              2
            ]
          ]
        },
        "paragraph_scoreT_avg": 2.7777777,
        "paragraph_id": "003"
      },
      {
        "paragraph_scoreT": [
          3,
          2.8333333,
          2.5
        ],
        "paragraph_scoreT_detail": {
          "paragraph_scoreT_exp": [
            [
              3,
              3,
              3
            ],
            [
              3,
              3,
              2
            ],
            [
              2,
              3,
              2
            ]
          ]
        },
        "paragraph_scoreT_avg": 2.7777777,
        "paragraph_id": "004"
      },
      {
        "paragraph_scoreT": [
          3,
          2.8333333,
          2.5
        ],
        "paragraph_scoreT_detail": {
          "paragraph_scoreT_exp": [
            [
              3,
              3,
              3
            ],
            [
              3,
              3,
              2
            ],
            [
              2,
              3,
              2
            ]
          ]
        },
        "paragraph_scoreT_avg": 2.7777777,
        "paragraph_id": "005"
      }
    ],
    "essay_scoreT": [
      30,
      26.944445,
      25.166666
    ],
    "essay_scoreT_avg": 27.370369,
    "essay_scoreT_detail": {
      "essay_scoreT_org": [
        [
          3,
          3,
          3,
          3
        ],
        [
          2,
          3,
          3,
          3
        ],
        [
          2,
          2,
          3,
          3
        ]
      ],
      "essay_scoreT_cont": [
        [
          3,
          3,
          0,
          3
        ],
        [
          3,
          2,
          0,
          3
        ],
        [
          3,
          2,
          0,
          3
        ]
      ],
      "essay_scoreT_exp": [
        [
          3,
          3,
          3
        ],
        [
          3,
          3,
          2
        ],
        [
          2,
          3,
          2
        ]
      ]
    }
  },
  "student": {
    "date": "2021.09.13",
    "student_educated": true,
    "student_grade": "고등_1학년",
    "location": "063",
    "student_grade_group": "고등",
    "student_reading": 1
  },
  "rubric": {
    "essay_grade": "고등_1학년",
    "organization_weight": {
      "org_paragraph": 2,
      "org": 2,
      "org_essay": 4,
      "org_coherence": 2,
      "org_quantity": 1
    },
    "essay_type": "설명글",
    "content_weight": {
      "con_clearance": 4,
      "con_novelty": 3,
      "con": 4,
      "con_prompt": 0,
      "con_description": 1
    },
    "essay_main_subject": "영화/독서감상문",
    "expression_weight": {
      "exp_style": 1,
      "exp_grammar": 2,
      "exp_vocab": 3,
      "exp": 4
    }
  },
  "correction": [],
  "info": {
    "essay_id": "ESSAY_34426",
    "essay_prompt": " 영화에는 로맨스, 액션, 스릴러 등 정말 많은 장르가 있습니다. 사람마다 좋아하는 장르가 있고 절대 보지 않는 장르도 있습니다.\r\n\r\n 독서도 마찬가지입니다. 소설, 수필, 시, 만화, 위인전 등 여러가지 장르가 있습니다.\r\n\r\n 여러분은 어떤 장르를 좋아하나요? 그리고 해당 장르에서 가장 재미있게 봤던 영화나 책은 무엇인가요?\r\n\r\n 자신이 봤던 영화 혹은 책을 한 편 선정하여 주제와 내용 그리고 느낀점을 감상문으로 작성해주세요.",
    "essay_type": "설명글",
    "essay_level": "3",
    "essay_len": 1233,
    "essay_main_subject": "영화/독서감상문"
  }
}