{
  "paragraph": [
    {
      "paragraph_txt": "이 책은 학교에서 퇴학을 당하고 가출을 하게 된 홀든 콜필드의 이야기를 담은 이야기이다.#@문장구분# 성적불량이라는 이유로 퇴학을 당하게된 홀든 콜필드는 퇴학 당했다는 사실을 알리지않기위해 가출을 감행하게된다.#@문장구분# 가출을 감행하고 호텔에 머무르게 되는데 그 호텔에서 만나는 사람들은 전부 하나같이 위선적이고 신뢰할수없는 기성세대들이였다.#@문장구분# 그런 사람들에 염증을 느낀 홀든은 자신의 여동생 피비를 만나러 집에간다.#@문장구분# 피비는 홀든에게 되고싶은것이 뭐냐고물어본다.#@문장구분# 홀든은 어린아이들이 띄어노는 호밀밭을 지키는 파수꾼이 되고싶다고 답하고 집을 떠났다.#@문장구분# 그후 홀든은 시골에가서 벙어리 행세를 하며 살아야겠다고 생각하고 마지막으로 피비에게 작별인사를 하러간다.#@문장구분# 근데 피비가 자신의 키만한 캐리어를 가지고 자신도 가출을 하겠다고하는것이다.#@문장구분# 홀든은 피비가 좋아하는 동물원에가서 피비가 회전목마 타는것을 지켜보았다.#@문장구분# 갑자기 비가 왔다.#@문장구분# 홀든은 비를 맞았지만 왠지 모르게 기분이좋았다.#@문장구분# 이 책에서 피비는 호밀밭의 파수꾼을 꿈꾸는 홀든의 파수꾼이다.#@문장구분# 내가 이 책을 읽고 느낀것은 청소년기 방황을 바로잡기 위해서는 자신을 공감해주고 이해해주는 사람을 만나야한다는것이었다.#@문장구분#",
      "paragraph_len": 836,
      "paragraph_id": "001"
    }
  ],
  "score": {
    "paragraph_score": [
      {
        "paragraph_scoreT": [
          1.5,
          1.8333334,
          1.5
        ],
        "paragraph_scoreT_detail": {
          "paragraph_scoreT_exp": [
            [
              1,
              2,
              1
            ],
            [
              2,
              2,
              1
            ],
            [
              1,
              2,
              1
            ]
          ]
        },
        "paragraph_scoreT_avg": 1.6111112,
        "paragraph_id": "001"
      }
    ],
    "essay_scoreT": [
      16.222221,
      19.333334,
      16.166668
    ],
    "essay_scoreT_avg": 17.240742,
    "essay_scoreT_detail": {
      "essay_scoreT_org": [
        [
          2,
          2,
          2,
          3
        ],
        [
          2,
          2,
          2,
          2
        ],
        [
          1,
          2,
          1,
          2
        ]
      ],
      "essay_scoreT_cont": [
        [
          2,
          1,
          0,
          1
        ],
        [
          2,
          2,
          0,
          2
        ],
        [
          2,
          2,
          0,
          1
        ]
      ],
      "essay_scoreT_exp": [
        [
          1,
          2,
          1
        ],
        [
          2,
          2,
          1
        ],
        [
          1,
          2,
          1
        ]
      ]
    }
  },
  "student": {
    "date": "2021.09.10",
    "student_educated": true,
    "student_grade": "고등_1학년",
    "location": "063",
    "student_grade_group": "고등",
    "student_reading": 1
  },
  "rubric": {
    "essay_grade": "고등_1학년",
    "organization_weight": {
      "org_paragraph": 2,
      "org": 2,
      "org_essay": 4,
      "org_coherence": 2,
      "org_quantity": 1
    },
    "essay_type": "설명글",
    "content_weight": {
      "con_clearance": 4,
      "con_novelty": 3,
      "con": 4,
      "con_prompt": 0,
      "con_description": 1
    },
    "essay_main_subject": "영화/독서감상문",
    "expression_weight": {
      "exp_style": 1,
      "exp_grammar": 2,
      "exp_vocab": 3,
      "exp": 4
    }
  },
  "correction": [],
  "info": {
    "essay_id": "ESSAY_34766",
    "essay_prompt": " 영화에는 로맨스, 액션, 스릴러 등 정말 많은 장르가 있습니다. 사람마다 좋아하는 장르가 있고 절대 보지 않는 장르도 있습니다.\r\n\r\n 독서도 마찬가지입니다. 소설, 수필, 시, 만화, 위인전 등 여러가지 장르가 있습니다.\r\n\r\n 여러분은 어떤 장르를 좋아하나요? 그리고 해당 장르에서 가장 재미있게 봤던 영화나 책은 무엇인가요?\r\n\r\n 자신이 봤던 영화 혹은 책을 한 편 선정하여 주제와 내용 그리고 느낀점을 감상문으로 작성해주세요.",
    "essay_type": "설명글",
    "essay_level": "3",
    "essay_len": 576,
    "essay_main_subject": "영화/독서감상문"
  }
}