{
  "paragraph": [
    {
      "paragraph_txt": "저는 이 책을 학교에서 독서시간에 읽어보게 되었습니다.#@문장구분# 이 책의 제목을 보고 나의 우상이 부모님이라 생각하고 부모님의 슬픔을 중심으로 이야기가 흘러갈 것이라고 예상했었습니다. #@문장구분#그러나 여기서 우상은 다름아닌 학교 선배였습니다. #@문장구분#이 책에서 주인공의 학년에 재수파로 불리는 유급 학생들이 있는데 그중에서 기표라는 아이에 대해서 이야기가 전달되고 있습니다.#@문장구분# 제 생각에 기표가굳이 주인공\n과 형우를 다치게 했어야 하는 마땅한 이유가 무엇인지 도무지 알 수가 없었습니다. #@문장구분#애초에 사람을 피가 나게끔 다치게 하는 것은 정신이 나간 행동인 것 같아서 당장이라도 신고를 했으면 좋겠지만 기표의 가정상황이 열약한 상황이여서 신고를 하지 않았던 주인공과 형우, 그리고 담임선생님이 약간은 이해가 되었지만 너무 위험한 행동을 했으니 죗값을 치렀으면 좋았을 것 같다는 아쉬움이 남습니다.#@문장구분#",
      "paragraph_len": 547,
      "paragraph_id": "001"
    }
  ],
  "score": {
    "paragraph_score": [
      {
        "paragraph_scoreT": [
          3,
          2.8333333,
          2
        ],
        "paragraph_scoreT_detail": {
          "paragraph_scoreT_exp": [
            [
              3,
              3,
              3
            ],
            [
              3,
              3,
              2
            ],
            [
              2,
              2,
              2
            ]
          ]
        },
        "paragraph_scoreT_avg": 2.611111,
        "paragraph_id": "001"
      }
    ],
    "essay_scoreT": [
      23.777779,
      23.11111,
      17.777779
    ],
    "essay_scoreT_avg": 21.555557,
    "essay_scoreT_detail": {
      "essay_scoreT_org": [
        [
          2,
          2,
          2,
          1
        ],
        [
          2,
          2,
          2,
          1
        ],
        [
          2,
          2,
          2,
          1
        ]
      ],
      "essay_scoreT_cont": [
        [
          2,
          2,
          0,
          2
        ],
        [
          2,
          2,
          0,
          2
        ],
        [
          2,
          1,
          0,
          1
        ]
      ],
      "essay_scoreT_exp": [
        [
          3,
          3,
          3
        ],
        [
          3,
          3,
          2
        ],
        [
          2,
          2,
          2
        ]
      ]
    }
  },
  "student": {
    "date": "2021.09.10",
    "student_educated": true,
    "student_grade": "고등_1학년",
    "location": "063",
    "student_grade_group": "고등",
    "student_reading": 1
  },
  "rubric": {
    "essay_grade": "고등_1학년",
    "organization_weight": {
      "org_paragraph": 2,
      "org": 2,
      "org_essay": 4,
      "org_coherence": 2,
      "org_quantity": 1
    },
    "essay_type": "설명글",
    "content_weight": {
      "con_clearance": 4,
      "con_novelty": 3,
      "con": 4,
      "con_prompt": 0,
      "con_description": 1
    },
    "essay_main_subject": "영화/독서감상문",
    "expression_weight": {
      "exp_style": 1,
      "exp_grammar": 2,
      "exp_vocab": 3,
      "exp": 4
    }
  },
  "correction": [],
  "info": {
    "essay_id": "ESSAY_34339",
    "essay_prompt": " 영화에는 로맨스, 액션, 스릴러 등 정말 많은 장르가 있습니다. 사람마다 좋아하는 장르가 있고 절대 보지 않는 장르도 있습니다.\r\n\r\n 독서도 마찬가지입니다. 소설, 수필, 시, 만화, 위인전 등 여러가지 장르가 있습니다.\r\n\r\n 여러분은 어떤 장르를 좋아하나요? 그리고 해당 장르에서 가장 재미있게 봤던 영화나 책은 무엇인가요?\r\n\r\n 자신이 봤던 영화 혹은 책을 한 편 선정하여 주제와 내용 그리고 느낀점을 감상문으로 작성해주세요.",
    "essay_type": "설명글",
    "essay_level": "3",
    "essay_len": 428,
    "essay_main_subject": "영화/독서감상문"
  }
}