{
  "paragraph": [
    {
      "paragraph_txt": "본론부터 말하자면 책에서 제시된 7가지의 역사 정책은 역사 교육, 대한민국역사박물관, 역사 교류, 과거사 진실 규명, 역사 갈등, 매장문화재, 국가 기록에 관한 정책이다.#@문장구분# 특히 읽으면서 깊에 와닿았던 부분은 역사갈등과 국가기록에 대한 내용이었다.#@문장구분# 역사 갈등하면 대표적으로 일본과 중국이 생각난다.#@문장구분# 일본의 위안부 문제는 여전히 일본 정부에 의해 사고와 보상을 받아야 하는 엄중한 사건이다.#@문장구분# 그리고 일제의 조선에 대한 식민 통치의 역사도 언제나 역사적 갈등으로 떠오른다.#@문장구분# 중국의 동북공정을 포함한 비슷한 맥락의 역사 왜곡은 언제나 우리의 눈쌀을 찌푸리게 만들었다.#@문장구분# 역사 갈등의 해결하기 위한 역사 정책 총괄 단위가 한국에는 부족하다고 한다.#@문장구분# 정책, 제도, 기구 등의 개편이나 권한과 예산 증대가 필요할 것 같다.#@문장구분# 또한 국가 기록물과 관련해서 한강의 기적 이면에 숨어 있는 근대의 민주화 운동의 기록이나 노동 운동의 기록은 영원히 보존되어져야 한다고 생각한다.#@문장구분# 그러기 위해서는 모든 기록이 공개되고 공식적으로 관리되어야 한다고 생각한다.#@문장구분# \"역사를 잊은 민족에게 미래는 없다\"라는 말을 언제나 상기시키자.#@문장구분#",
      "paragraph_len": 778,
      "paragraph_id": "001"
    }
  ],
  "score": {
    "paragraph_score": [
      {
        "paragraph_scoreT": [
          3,
          2.5,
          2
        ],
        "paragraph_scoreT_detail": {
          "paragraph_scoreT_exp": [
            [
              3,
              3,
              3
            ],
            [
              2,
              3,
              2
            ],
            [
              2,
              2,
              2
            ]
          ]
        },
        "paragraph_scoreT_avg": 2.5,
        "paragraph_id": "001"
      }
    ],
    "essay_scoreT": [
      27.555555,
      22,
      22
    ],
    "essay_scoreT_avg": 23.851852,
    "essay_scoreT_detail": {
      "essay_scoreT_org": [
        [
          3,
          3,
          2,
          3
        ],
        [
          2,
          2,
          2,
          2
        ],
        [
          2,
          2,
          2,
          2
        ]
      ],
      "essay_scoreT_cont": [
        [
          2,
          3,
          0,
          3
        ],
        [
          2,
          2,
          0,
          2
        ],
        [
          3,
          2,
          0,
          2
        ]
      ],
      "essay_scoreT_exp": [
        [
          3,
          3,
          3
        ],
        [
          2,
          3,
          2
        ],
        [
          2,
          2,
          2
        ]
      ]
    }
  },
  "student": {
    "date": "2021.09.09",
    "student_educated": true,
    "student_grade": "고등_1학년",
    "location": "051",
    "student_grade_group": "고등",
    "student_reading": 1
  },
  "rubric": {
    "essay_grade": "고등_1학년",
    "organization_weight": {
      "org_paragraph": 2,
      "org": 2,
      "org_essay": 4,
      "org_coherence": 2,
      "org_quantity": 1
    },
    "essay_type": "설명글",
    "content_weight": {
      "con_clearance": 4,
      "con_novelty": 3,
      "con": 4,
      "con_prompt": 0,
      "con_description": 1
    },
    "essay_main_subject": "영화/독서감상문",
    "expression_weight": {
      "exp_style": 1,
      "exp_grammar": 2,
      "exp_vocab": 3,
      "exp": 4
    }
  },
  "correction": [],
  "info": {
    "essay_id": "ESSAY_34703",
    "essay_prompt": " 영화에는 로맨스, 액션, 스릴러 등 정말 많은 장르가 있습니다. 사람마다 좋아하는 장르가 있고 절대 보지 않는 장르도 있습니다.\r\n\r\n 독서도 마찬가지입니다. 소설, 수필, 시, 만화, 위인전 등 여러가지 장르가 있습니다.\r\n\r\n 여러분은 어떤 장르를 좋아하나요? 그리고 해당 장르에서 가장 재미있게 봤던 영화나 책은 무엇인가요?\r\n\r\n 자신이 봤던 영화 혹은 책을 한 편 선정하여 주제와 내용 그리고 느낀점을 감상문으로 작성해주세요.",
    "essay_type": "설명글",
    "essay_level": "3",
    "essay_len": 558,
    "essay_main_subject": "영화/독서감상문"
  }
}