{
  "paragraph": [
    {
      "paragraph_txt": "이 책은 '모든 것은 원자로 되어 있다' 라는 말을 내던지며 시작한다.#@문장구분#\n1부는 양자 중첩, 슈뢰딩거의 고양이, 파동 방정식, 불확정성 원리, EPR 역설과 같이 양자역학에 관한 주장과 그에대해 반박하는 역설, 그리고 아인슈타인, 보어, 하이젠베르크 등을 중심으로 한 양자역학의 발전 배경과 그 역사를 대략적으로 소개하고 있다.#@문장구분# 아인슈타인이 한 말 중 유명한 말이 있는데, '신은 주사위 놀이를 하지 않는다' 라는 말을 하며 아인슈타인은 양자역학을 주장하고 연구하는 과학자들의 반대편에 서서 양자역학을 부정하는 입장에서 항상토론을 했다.#@문장구분# \nEPR 역설을 제시하고 이를 해결하는데도 오랜 시간이 걸렸는데, 당대의 가장 영향력 있는 과학자인 아인슈타인이 양자역학의 허점을 계속 비판하고 계속해서 부정했기에 양자역학은 그만큼 탄탄한 근본적 이론을 갖출 수 있게 되었고 이에 따라 무엇보다 양자역학의 발전에는 아인슈타인의 공이 컸다고 생각이 들었다.#@문장구분#\n2부에서는 1부에서 양자역학이 원자의 원리를 설명하는 학문이라는 점을 한 번 더 언급한 뒤 양자역학의 화학, 생물학, 열역학에서의 활용과 앞으로의 발전 가능성, 미래의 전망을 주로 다루고 있다.#@문장구분# \n현실에서는 양자 컴퓨터가 활용성과 실용성 면에서 비판과 지적을 받고 있으며 여러 의문점이 제기되고 있다.#@문장구분#\n생물학 역시 양자역학이 대입된다면 천문학적인 수를 다루어야 한다는 점과 아직은 이론적으로 남아있는 부분이 존재한다.#@문장구분# \n따라서 나는 2부에서 말한 사실에 더해 아직은 양자역학의 상용화나 현재 세계에 미치는 혁신적인 영향에 대해서 조금 더딘 부분이 있다고 느꼈다.#@문장구분#\n이 책을 읽고 나서 가장 흥미로웠던 점은 실라르드 정보 엔진이라는 것인데 단순히 우리가 어떤 입자를 측정하는 단순한 행위가 엔트로피 증가에 기여한다는 내용이 가장 흥미로웠다.#@문장구분# \n아직 우리 세계에서 양자역학은 먼 세상 얘기처럼 들리고 마법같이 일어날 수 없는 환상으로 여겨진다.#@문장구분# \n혹은 슈뢰딩거의 고양이만으로 전체를 설명하고 있는 추상적 학문으로 치부되거나 평생 관심 가지지 않을 학문으로 여겨지기도 하는데 이 책을 통해 그나마 먼 학문처럼 느껴지던 양자역학의 세계에 한 발을 들여놓은 것 같아 신기했고 좋은 경험이라고 생각했다.#@문장구분# ",
      "paragraph_len": 1302,
      "paragraph_id": "001"
    }
  ],
  "score": {
    "paragraph_score": [
      {
        "paragraph_scoreT": [
          3,
          3,
          2
        ],
        "paragraph_scoreT_detail": {
          "paragraph_scoreT_exp": [
            [
              3,
              3,
              3
            ],
            [
              3,
              3,
              3
            ],
            [
              2,
              2,
              2
            ]
          ]
        },
        "paragraph_scoreT_avg": 2.6666667,
        "paragraph_id": "001"
      }
    ],
    "essay_scoreT": [
      30,
      28.61111,
      23.166666
    ],
    "essay_scoreT_avg": 27.25926,
    "essay_scoreT_detail": {
      "essay_scoreT_org": [
        [
          3,
          3,
          3,
          3
        ],
        [
          2,
          3,
          3,
          3
        ],
        [
          2,
          2,
          3,
          3
        ]
      ],
      "essay_scoreT_cont": [
        [
          3,
          3,
          0,
          3
        ],
        [
          3,
          3,
          0,
          2
        ],
        [
          3,
          2,
          0,
          3
        ]
      ],
      "essay_scoreT_exp": [
        [
          3,
          3,
          3
        ],
        [
          3,
          3,
          3
        ],
        [
          2,
          2,
          2
        ]
      ]
    }
  },
  "student": {
    "date": "2021.09.07",
    "student_educated": true,
    "student_grade": "고등_1학년",
    "location": "051",
    "student_grade_group": "고등",
    "student_reading": 1
  },
  "rubric": {
    "essay_grade": "고등_1학년",
    "organization_weight": {
      "org_paragraph": 2,
      "org": 2,
      "org_essay": 4,
      "org_coherence": 2,
      "org_quantity": 1
    },
    "essay_type": "설명글",
    "content_weight": {
      "con_clearance": 4,
      "con_novelty": 3,
      "con": 4,
      "con_prompt": 0,
      "con_description": 1
    },
    "essay_main_subject": "영화/독서감상문",
    "expression_weight": {
      "exp_style": 1,
      "exp_grammar": 2,
      "exp_vocab": 3,
      "exp": 4
    }
  },
  "correction": [],
  "info": {
    "essay_id": "ESSAY_34407",
    "essay_prompt": " 영화에는 로맨스, 액션, 스릴러 등 정말 많은 장르가 있습니다. 사람마다 좋아하는 장르가 있고 절대 보지 않는 장르도 있습니다.\r\n\r\n 독서도 마찬가지입니다. 소설, 수필, 시, 만화, 위인전 등 여러가지 장르가 있습니다.\r\n\r\n 여러분은 어떤 장르를 좋아하나요? 그리고 해당 장르에서 가장 재미있게 봤던 영화나 책은 무엇인가요?\r\n\r\n 자신이 봤던 영화 혹은 책을 한 편 선정하여 주제와 내용 그리고 느낀점을 감상문으로 작성해주세요.",
    "essay_type": "설명글",
    "essay_level": "3",
    "essay_len": 1082,
    "essay_main_subject": "영화/독서감상문"
  }
}