{
  "paragraph": [
    {
      "paragraph_txt": "나는 바보다.#@문장구분# 나는 돈을 아낄줄 모른다.#@문장구분# 돈이 많던 적던 바로바로 쓰는 편이다. #@문장구분#이제 나도 성인이 되어 사회에 나가게 된다.#@문장구분# 행복한 삶을 살기 위해서는 돈이 많은것도 중요하지만 돈의 개념을 제대로 알고 올바르게 쓰는 것이 더 중요할거라 생각이 든다.#@문장구분# 목차를 보면 1. 세상에서 가장 소중한 것은 돈일까?#@문장구분# 2.돈과 사회. #@문장구분#3.사람과의 관계 현명한 소비자란 무엇일까?#@문장구분# 4.나답게 살자. #@문장구분#5.오사카 사람은 입맛이 까다롭다?#@문장구분# 6.돈에 대해 생각하는 시간 이 중에서 나는.#@문장구분# 4.나답게 살자.#@문장구분# 부분을 인상 깊게 읽었다. #@문장구분#돈이 많은게 나 다운건가?#@문장구분# 아니였다.#@문장구분# '나답다'는 것은 돈을 들여 얻을 수 있는 것이 아니라 자신의 선택에 만족할 수 있을 때 얻을 수 있는 감각이라 생각한다.#@문장구분# 돈이 많이 있어도 만족하는 선택을 못하는 사람이 있고 돈이 없어도 만족하는 선택을 하는 사람도 있을 것이다.#@문장구분# 마지막으로 기억에 남는 것은 용돈 기입장을 적어 보라는 것이다.#@문장구분# 며칠 전에 무엇을 샀는지는 알 수 있을지 몰라도 몇달, 몇년전의 소비는 기억하지 못할 것이다. #@문장구분#처음에는 의식하지 말고 내가 하던대로 소비를 한다.#@문장구분# 그래야 나의 돈이 어디에 쓰였는지 알 수 있기 때문이다.#@문장구분# 용돈을 기록하는 행위는 리코딩 다이어트와 비슷하다고 한다.#@문장구분# 자신이 매일 먹는 음식을 기록하는것인데 그래야 자신이 어떤 음식에 편식을 하는지 알 수 있다고 한다.#@문장구분# 이와 같은 원리로 용돈 기입장도 마찬 가지다.#@문장구분# 기록하다보면 자신이 산 물건이 필요 없었음을 느낄 수 있고 계속하다보면 서서히 이런 실수들이 줄어들 것이다.#@문장구분# 이 책을 읽고나니 나는 정말 쓸데없이 돈을 많이 썼다고 생각했다. #@문장구분#이제 나도 사회에 나가서 돈과 직접적으로 맞서게 된다.#@문장구분# 더 이상 이런 짓을 하지 않고 돈을 제대로 바로보고 제대로 쓸 것이다.#@문장구분#",
      "paragraph_len": 1430,
      "paragraph_id": "001"
    }
  ],
  "score": {
    "paragraph_score": [
      {
        "paragraph_scoreT": [
          3,
          2.1666667,
          2
        ],
        "paragraph_scoreT_detail": {
          "paragraph_scoreT_exp": [
            [
              3,
              3,
              3
            ],
            [
              2,
              2,
              3
            ],
            [
              2,
              2,
              2
            ]
          ]
        },
        "paragraph_scoreT_avg": 2.388889,
        "paragraph_id": "001"
      }
    ],
    "essay_scoreT": [
      28.166666,
      21.833334,
      22.055555
    ],
    "essay_scoreT_avg": 24.018518,
    "essay_scoreT_detail": {
      "essay_scoreT_org": [
        [
          2,
          3,
          2,
          3
        ],
        [
          2,
          2,
          3,
          3
        ],
        [
          2,
          1,
          2,
          2
        ]
      ],
      "essay_scoreT_cont": [
        [
          3,
          3,
          0,
          2
        ],
        [
          2,
          2,
          0,
          3
        ],
        [
          3,
          2,
          0,
          3
        ]
      ],
      "essay_scoreT_exp": [
        [
          3,
          3,
          3
        ],
        [
          2,
          2,
          3
        ],
        [
          2,
          2,
          2
        ]
      ]
    }
  },
  "student": {
    "date": "2021.09.07",
    "student_educated": true,
    "student_grade": "고등_1학년",
    "location": "051",
    "student_grade_group": "고등",
    "student_reading": 2
  },
  "rubric": {
    "essay_grade": "고등_1학년",
    "organization_weight": {
      "org_paragraph": 2,
      "org": 2,
      "org_essay": 4,
      "org_coherence": 2,
      "org_quantity": 1
    },
    "essay_type": "설명글",
    "content_weight": {
      "con_clearance": 4,
      "con_novelty": 3,
      "con": 4,
      "con_prompt": 0,
      "con_description": 1
    },
    "essay_main_subject": "영화/독서감상문",
    "expression_weight": {
      "exp_style": 1,
      "exp_grammar": 2,
      "exp_vocab": 3,
      "exp": 4
    }
  },
  "correction": [],
  "info": {
    "essay_id": "ESSAY_34499",
    "essay_prompt": " 영화에는 로맨스, 액션, 스릴러 등 정말 많은 장르가 있습니다. 사람마다 좋아하는 장르가 있고 절대 보지 않는 장르도 있습니다.\r\n\r\n 독서도 마찬가지입니다. 소설, 수필, 시, 만화, 위인전 등 여러가지 장르가 있습니다.\r\n\r\n 여러분은 어떤 장르를 좋아하나요? 그리고 해당 장르에서 가장 재미있게 봤던 영화나 책은 무엇인가요?\r\n\r\n 자신이 봤던 영화 혹은 책을 한 편 선정하여 주제와 내용 그리고 느낀점을 감상문으로 작성해주세요.",
    "essay_type": "설명글",
    "essay_level": "3",
    "essay_len": 870,
    "essay_main_subject": "영화/독서감상문"
  }
}