{
  "paragraph": [
    {
      "paragraph_txt": "영화 감상문#@문장구분#\n1111#@이름#\n나는 8월12일 목요일에 싱크홀이란 영화를 봤다.#@문장구분#싱크홀의 감독은 김지훈감독이고,배우들은 차승원,이광수,김성균,김혜준 등등이다.#@문장구분#개봉일은8월11일이고,상영시간은 113분이다.#@문장구분#이 영화의 줄거리는 직장에서 11년 일해서 돈을모은 동원이 빌라로 이사를갔다.#@문장구분#그런데 동원의 아들이 바닥에 구슬을굴려보면서 신기하다고 하는데 이를본 동원은 부실공사를 의심한다.#@문장구분#이사를 가서 동원은 프로참견러 만수를 만난다.#@문장구분#만수는 동원이 하는일에는 다 참견을한다.#@문장구분#어느날 아침에 일어나니 벽이 갈라져있고 바닥이 갈라져있고 유리가 깨질듯말듯 있었다.#@문장구분#동원은 구청에 전화했는데 구청에서는 입주민동의를 받아라했다.#@문장구분#그래서 입주민 회의를 열었는데 서로 싸우기만해서 무산되었다.#@문장구분#그때 의심하던 만수는 입주민들에게 물이 안나오는등 여러가지 하자를 물어보러 다녔다.#@문장구분#동원은 회사동료를 집에불러 집들이를했다.#@문장구분#다음날아침에 만수가 하자 질문을 하러다니고 옆빌라에 물어보려할떄 빌라가 무너졌다.#@문장구분#그리고 구조대가와서 구할려하지만 옆동 빌라사람들이 반대를해서 힘들어한다. #@문장구분#그사이 아래있는 사람들은 119의 구조물품으로 최대한살아간다.#@문장구분#그리고 나중에 물이차오르는데 커다란 통을 발견해 그걸타고 탈출을한다.#@문장구분#\n내가 느낀점은 싱크홀은 뉴스에서 많이봤고 부실공사를 하면안된다는걸 각인시켜주는 영화인것같다.#@문장구분#이 영화는 아주 재밌는영화이고 유익한 영화이다.#@문장구분#약간 보면서 사운드가 너무커서 심장이 조금 쫄리긴하지만 아주 재미있다.#@문장구분#싱크홀은 발생하면 안되는 재난이다.#@문장구분#공사를하시는분들은 부실공사에 특히 주의하셨으면 좋겠다.#@문장구분#",
      "paragraph_len": 1213,
      "paragraph_id": "001"
    }
  ],
  "score": {
    "paragraph_score": [
      {
        "paragraph_scoreT": [
          3,
          3,
          1.8333334
        ],
        "paragraph_scoreT_detail": {
          "paragraph_scoreT_exp": [
            [
              3,
              3,
              3
            ],
            [
              3,
              3,
              3
            ],
            [
              2,
              2,
              1
            ]
          ]
        },
        "paragraph_scoreT_avg": 2.6111112,
        "paragraph_id": "001"
      }
    ],
    "essay_scoreT": [
      30,
      28.277779,
      17.333334
    ],
    "essay_scoreT_avg": 25.203705,
    "essay_scoreT_detail": {
      "essay_scoreT_org": [
        [
          3,
          3,
          3,
          3
        ],
        [
          3,
          3,
          3,
          2
        ],
        [
          2,
          2,
          2,
          2
        ]
      ],
      "essay_scoreT_cont": [
        [
          3,
          3,
          0,
          3
        ],
        [
          3,
          2,
          0,
          3
        ],
        [
          2,
          1,
          0,
          1
        ]
      ],
      "essay_scoreT_exp": [
        [
          3,
          3,
          3
        ],
        [
          3,
          3,
          3
        ],
        [
          2,
          2,
          1
        ]
      ]
    }
  },
  "student": {
    "date": "2021.08.15",
    "student_educated": true,
    "student_grade": "고등_1학년",
    "location": "051",
    "student_grade_group": "고등",
    "student_reading": 2
  },
  "rubric": {
    "essay_grade": "고등_1학년",
    "organization_weight": {
      "org_paragraph": 2,
      "org": 2,
      "org_essay": 4,
      "org_coherence": 2,
      "org_quantity": 1
    },
    "essay_type": "설명글",
    "content_weight": {
      "con_clearance": 4,
      "con_novelty": 3,
      "con": 4,
      "con_prompt": 0,
      "con_description": 1
    },
    "essay_main_subject": "영화/독서감상문",
    "expression_weight": {
      "exp_style": 1,
      "exp_grammar": 2,
      "exp_vocab": 3,
      "exp": 4
    }
  },
  "correction": [],
  "info": {
    "essay_id": "ESSAY_34072",
    "essay_prompt": " 영화에는 로맨스, 액션, 스릴러 등 정말 많은 장르가 있습니다. 사람마다 좋아하는 장르가 있고 절대 보지 않는 장르도 있습니다.\r\n\r\n 독서도 마찬가지입니다. 소설, 수필, 시, 만화, 위인전 등 여러가지 장르가 있습니다.\r\n\r\n 여러분은 어떤 장르를 좋아하나요? 그리고 해당 장르에서 가장 재미있게 봤던 영화나 책은 무엇인가요?\r\n\r\n 자신이 봤던 영화 혹은 책을 한 편 선정하여 주제와 내용 그리고 느낀점을 감상문으로 작성해주세요.",
    "essay_type": "설명글",
    "essay_level": "3",
    "essay_len": 762,
    "essay_main_subject": "영화/독서감상문"
  }
}