{
  "paragraph": [
    {
      "paragraph_txt": "이 책은 주방속 일어나거나 존재하는 과학에 대해 말 해주고 있다.#@문장구분# 먼저 주방에서 요리를 하기 위해서 우리는 뜨겁게 데우거나, 얼리거나, 으깬다.#@문장구분# 먼저 빵을 굽기 워해서레시피는 소금 작은술을 넣으라 하는데 이는 우리를 불안할 필요 없게 한다.#@문장구분# 계랑스푼으로 측정 하는것은 더 손쉽게 빵굽는데 도움을 주기 때문이다.#@문장구분# \n 다음으로는 섞는것이다.#@문장구분# 요즘은 믹서기가 나와 더 손쉽게 갈고 섞을 수 있지만, 채소같은 경우 식감을 살리기 위해 칼로 크게 썬다음 섞기만 한다.#@문장구분#\n 다음으로는 열을 가하거나 얼리는 과정인데, 오븐은 음식을 데우고, 냉동고는 음식을 얼린다.#@문장구분# 이는 음식안의 수분을 이용하여서 사용 된다.#@문장구분# 수분을 얼리거나 증발 시키거나.#@문장구분# 마지막으로 우리가 먹을때는 자를수 있고, 집을수 있고 들어올릴수 있게 하는 모든것들을 소개한다.#@문장구분#  이처럼 사소한 모든것들이 우리의 식생활에 도움을 주고 있었다.#@문장구분# ",
      "paragraph_len": 662,
      "paragraph_id": "001"
    }
  ],
  "score": {
    "paragraph_score": [
      {
        "paragraph_scoreT": [
          1.6666666,
          2,
          1.3333334
        ],
        "paragraph_scoreT_detail": {
          "paragraph_scoreT_exp": [
            [
              1,
              2,
              2
            ],
            [
              2,
              2,
              2
            ],
            [
              2,
              1,
              1
            ]
          ]
        },
        "paragraph_scoreT_avg": 1.6666666,
        "paragraph_id": "001"
      }
    ],
    "essay_scoreT": [
      16.944445,
      20,
      17.055555
    ],
    "essay_scoreT_avg": 18,
    "essay_scoreT_detail": {
      "essay_scoreT_org": [
        [
          2,
          2,
          2,
          1
        ],
        [
          2,
          2,
          2,
          2
        ],
        [
          1,
          1,
          1,
          2
        ]
      ],
      "essay_scoreT_cont": [
        [
          2,
          1,
          0,
          2
        ],
        [
          2,
          2,
          0,
          2
        ],
        [
          3,
          2,
          0,
          1
        ]
      ],
      "essay_scoreT_exp": [
        [
          1,
          2,
          2
        ],
        [
          2,
          2,
          2
        ],
        [
          2,
          1,
          1
        ]
      ]
    }
  },
  "student": {
    "date": "2021.09.07",
    "student_educated": true,
    "student_grade": "고등_1학년",
    "location": "063",
    "student_grade_group": "고등",
    "student_reading": 2
  },
  "rubric": {
    "essay_grade": "고등_1학년",
    "organization_weight": {
      "org_paragraph": 2,
      "org": 2,
      "org_essay": 4,
      "org_coherence": 2,
      "org_quantity": 1
    },
    "essay_type": "설명글",
    "content_weight": {
      "con_clearance": 4,
      "con_novelty": 3,
      "con": 4,
      "con_prompt": 0,
      "con_description": 1
    },
    "essay_main_subject": "영화/독서감상문",
    "expression_weight": {
      "exp_style": 1,
      "exp_grammar": 2,
      "exp_vocab": 3,
      "exp": 4
    }
  },
  "correction": [],
  "info": {
    "essay_id": "ESSAY_34534",
    "essay_prompt": " 영화에는 로맨스, 액션, 스릴러 등 정말 많은 장르가 있습니다. 사람마다 좋아하는 장르가 있고 절대 보지 않는 장르도 있습니다.\r\n\r\n 독서도 마찬가지입니다. 소설, 수필, 시, 만화, 위인전 등 여러가지 장르가 있습니다.\r\n\r\n 여러분은 어떤 장르를 좋아하나요? 그리고 해당 장르에서 가장 재미있게 봤던 영화나 책은 무엇인가요?\r\n\r\n 자신이 봤던 영화 혹은 책을 한 편 선정하여 주제와 내용 그리고 느낀점을 감상문으로 작성해주세요.",
    "essay_type": "설명글",
    "essay_level": "3",
    "essay_len": 442,
    "essay_main_subject": "영화/독서감상문"
  }
}