{
  "paragraph": [
    {
      "paragraph_txt": "이 책의 표지부터 얘기해보자면,책표지 앞의 대형 여객기 사진은 내가 평소에 볼 수 있었던 여객기의\n모습이랑 달랐기 때문에 더 나를 자극했다.#@문장구분# 그리고 그 사진의 옆에는 '하늘에 도전하다'라는 책의 제목\n이 나의 호기심을 더 자극해주었다.#@문장구분# 무엇인가에 도전한다는 것은 그것이 무엇이든지 많은 발전과 보람이 남는 것이라고 나는 생각한다.#@문장구분# 과연 하늘에 대한 끝없는 인간의 욕망은 어떠한 도전을 해왔는지 궁금해지기 시작했다.#@문장구분# 이 책의 처음에는 그리스 신화 이카로스 이야기가 나온다.#@문장구분# 누구나 알듯이 이카로스는 하늘을 날고 싶은 마음에 밀랖으로 깃털을 이어 붙여 날개를 만들어 하늘로 올라가다가 과한 욕심에 태양 가까이 간 나머지 밀랖이 녹아 깃털이 떨어져 죽었다는 이야기이다.#@문장구분# 옛날부터 내려오는 그리스 신화이므로 이것은 옛날 사람들이 하늘에 대해 궁금해 하고 알아보려 했다는 증거를 어쩌면\n이 신화로 증명해주는 것,처음으로 인간이 시도한 하늘에 대한 도전의 시작이라고 생각한다.#@문장구분# 하지만 이카로스 이야기에서의 비밀은 무엇인가?#@문장구분# 이카로스의 추락에 대해 과학적으로 접근해보면,신화 이카로스 추락의 원인은 태양에 가까이가면서 그 열에 의해 밀랖이 녹아 깃털이 떨어진 것이 원인이 된다.#@문장구분# 하지만 역으로 생각해보면 이카로스가 태양 가까이 갔다면 온도는 점점 내려가는 것이 당연하므로 밀랖이 녹을 수 없다는 모순이 생긴다.#@문장구분# 그렇다면 이카로스의 사망원인은 산소부족과 저체온증으로 의식을 잃어 추락했을 것이라는 결론이 나온다.#@문장구분# 나를 포함한 거의 모든 사람들은 신화의 내용대로 당연 하게 그렇게 생각해왔고 그럴 것이라고 믿었을 것이다.#@문장구분# 글쓴이를 생각하자면 '역시 항공과학도는 생각부터 다르구나'하는 생각이 들었고,또한 그것을 본받고 일상생활에서 실천해봐야겠다는 생각을 하게되었다.#@문장구분# 내가 내 장래희망 리스트에 항공우주와 관련된 직업을 꿈꾸게 된것은 바로 저 이유때문이다.#@문장구분# ",
      "paragraph_len": 1198,
      "paragraph_id": "001"
    }
  ],
  "score": {
    "paragraph_score": [
      {
        "paragraph_scoreT": [
          3,
          2.3333333,
          2.5
        ],
        "paragraph_scoreT_detail": {
          "paragraph_scoreT_exp": [
            [
              3,
              3,
              3
            ],
            [
              3,
              2,
              2
            ],
            [
              2,
              3,
              2
            ]
          ]
        },
        "paragraph_scoreT_avg": 2.611111,
        "paragraph_id": "001"
      }
    ],
    "essay_scoreT": [
      30,
      25.944445,
      24.944445
    ],
    "essay_scoreT_avg": 26.962961,
    "essay_scoreT_detail": {
      "essay_scoreT_org": [
        [
          3,
          3,
          3,
          3
        ],
        [
          2,
          3,
          3,
          3
        ],
        [
          2,
          2,
          3,
          2
        ]
      ],
      "essay_scoreT_cont": [
        [
          3,
          3,
          0,
          3
        ],
        [
          3,
          3,
          0,
          2
        ],
        [
          3,
          2,
          0,
          3
        ]
      ],
      "essay_scoreT_exp": [
        [
          3,
          3,
          3
        ],
        [
          3,
          2,
          2
        ],
        [
          2,
          3,
          2
        ]
      ]
    }
  },
  "student": {
    "date": "2021.09.07",
    "student_educated": true,
    "student_grade": "고등_1학년",
    "location": "051",
    "student_grade_group": "고등",
    "student_reading": 1
  },
  "rubric": {
    "essay_grade": "고등_1학년",
    "organization_weight": {
      "org_paragraph": 2,
      "org": 2,
      "org_essay": 4,
      "org_coherence": 2,
      "org_quantity": 1
    },
    "essay_type": "설명글",
    "content_weight": {
      "con_clearance": 4,
      "con_novelty": 3,
      "con": 4,
      "con_prompt": 0,
      "con_description": 1
    },
    "essay_main_subject": "영화/독서감상문",
    "expression_weight": {
      "exp_style": 1,
      "exp_grammar": 2,
      "exp_vocab": 3,
      "exp": 4
    }
  },
  "correction": [],
  "info": {
    "essay_id": "ESSAY_34222",
    "essay_prompt": " 영화에는 로맨스, 액션, 스릴러 등 정말 많은 장르가 있습니다. 사람마다 좋아하는 장르가 있고 절대 보지 않는 장르도 있습니다.\r\n\r\n 독서도 마찬가지입니다. 소설, 수필, 시, 만화, 위인전 등 여러가지 장르가 있습니다.\r\n\r\n 여러분은 어떤 장르를 좋아하나요? 그리고 해당 장르에서 가장 재미있게 봤던 영화나 책은 무엇인가요?\r\n\r\n 자신이 봤던 영화 혹은 책을 한 편 선정하여 주제와 내용 그리고 느낀점을 감상문으로 작성해주세요.",
    "essay_type": "설명글",
    "essay_level": "3",
    "essay_len": 918,
    "essay_main_subject": "영화/독서감상문"
  }
}