{
  "paragraph": [
    {
      "paragraph_txt": "까칠한 재석이가 돌아왔다#@문장구분# (고정욱 지음)#@문장구분#\n#오디션 #학교 #우정#@문장구분#\n스피노자는 틀렸다.#@문장구분# 평생 사과나무를 심었으면 못해 본 것을 해야한다.#@문장구분# 마지막 날이니까.#@문장구분#\n내가 고등학교 1학년일 때 이책의 저자인 고정욱작가님이 우리 학교에 와서 강연을 하였다.#@문장구분# 작가님은 소아마비를 앓고 계셨는데 그것 때문에 의대진학을 못하여서 국문학과를 가셨다고 말씀해 주셨다.#@문장구분# 그래서 작가님은 장애인이 차별받지 않는 세상을 만들기 위해 노력하신다고 하셨다.#@문장구분# 난 이 공연이 인상 깊어 고정욱작가님의 성함을 외우고 있었는데 논술시간에 책을 읽을 때 지은이가 고정욱작가님이라고 되어있어 이책을 읽게 되었다.#@문장구분# 이 책은 청소년들이 연예계에 쉽게 빠져 일어나는 일에 대한 내용이다.#@문장구분# 이 책을 다 읽고나서 든 생각은 연예계에 쉽게 빠져서는 안되겠구나 보다는 친구들과의 우정이 좀 더 머릿속에 남았다.#@문장구분# 그 이유는 보담이라는 친구가 있는데 기획사에 들어가서 연예인이  되려고 하는데 기획사 사장님이 주변 친구들을 정리하라고 보담이에게 시켜 보담이가 주인공인 재석이에게 자신과 함께 찍은 사진과 자신이 주었던 물건들을 버려달라고하는 것을\n보고 친구들간의 우정은 쉽게 깨지는 것인가라는 생각을 하게 되었다.#@문장구분# 하지만 뒷 내용을 계속 읽다보니 역시 우정은 쉽게 깨지지 않는구나라는 생각을 가지게 되면서 우정에 대한 중요성과 소중함을 더 잘 알게해준 작품인 것 같다.#@문장구분#",
      "paragraph_len": 956,
      "paragraph_id": "001"
    }
  ],
  "score": {
    "paragraph_score": [
      {
        "paragraph_scoreT": [
          2.5,
          2.5,
          1
        ],
        "paragraph_scoreT_detail": {
          "paragraph_scoreT_exp": [
            [
              2,
              3,
              2
            ],
            [
              2,
              3,
              2
            ],
            [
              1,
              1,
              1
            ]
          ]
        },
        "paragraph_scoreT_avg": 2,
        "paragraph_id": "001"
      }
    ],
    "essay_scoreT": [
      24.88889,
      24,
      11.722222
    ],
    "essay_scoreT_avg": 20.203703,
    "essay_scoreT_detail": {
      "essay_scoreT_org": [
        [
          2,
          3,
          3,
          2
        ],
        [
          2,
          2,
          2,
          2
        ],
        [
          1,
          1,
          1,
          2
        ]
      ],
      "essay_scoreT_cont": [
        [
          3,
          2,
          0,
          2
        ],
        [
          2,
          3,
          0,
          3
        ],
        [
          1,
          2,
          0,
          1
        ]
      ],
      "essay_scoreT_exp": [
        [
          2,
          3,
          2
        ],
        [
          2,
          3,
          2
        ],
        [
          1,
          1,
          1
        ]
      ]
    }
  },
  "student": {
    "date": "2021.09.03",
    "student_educated": true,
    "student_grade": "고등_1학년",
    "location": "051",
    "student_grade_group": "고등",
    "student_reading": 2
  },
  "rubric": {
    "essay_grade": "고등_1학년",
    "organization_weight": {
      "org_paragraph": 2,
      "org": 2,
      "org_essay": 4,
      "org_coherence": 2,
      "org_quantity": 1
    },
    "essay_type": "설명글",
    "content_weight": {
      "con_clearance": 4,
      "con_novelty": 3,
      "con": 4,
      "con_prompt": 0,
      "con_description": 1
    },
    "essay_main_subject": "영화/독서감상문",
    "expression_weight": {
      "exp_style": 1,
      "exp_grammar": 2,
      "exp_vocab": 3,
      "exp": 4
    }
  },
  "correction": [],
  "info": {
    "essay_id": "ESSAY_34619",
    "essay_prompt": " 영화에는 로맨스, 액션, 스릴러 등 정말 많은 장르가 있습니다. 사람마다 좋아하는 장르가 있고 절대 보지 않는 장르도 있습니다.\r\n\r\n 독서도 마찬가지입니다. 소설, 수필, 시, 만화, 위인전 등 여러가지 장르가 있습니다.\r\n\r\n 여러분은 어떤 장르를 좋아하나요? 그리고 해당 장르에서 가장 재미있게 봤던 영화나 책은 무엇인가요?\r\n\r\n 자신이 봤던 영화 혹은 책을 한 편 선정하여 주제와 내용 그리고 느낀점을 감상문으로 작성해주세요.",
    "essay_type": "설명글",
    "essay_level": "3",
    "essay_len": 676,
    "essay_main_subject": "영화/독서감상문"
  }
}