{
  "paragraph": [
    {
      "paragraph_txt": "이번에 읽은 책은 컴퓨터와 소프트웨어에 관련이 있는 책으로 책 제목은 '소프트웨어 세상을 여는 컴퓨터 과학'이라는 책이다.#@문장구분# 이 책은 총 10개의 챕터로 나뉘어져 있으며 그 안에 작은 챕터여러개로 구성되어 있다. #@문장구분#컴퓨터를 구성하고 있는 기본적인 구조부터 그걸 구축하고 있는 시스템들에 대하여 차근차근 알려주며 그림과 표를 이용하여 글을 이해시키기에 글만 적힌 책들보다 훨씬 이해하기가 쉽다. #@문장구분#또한 한 챕터가 끝날때쯤에 해당 챕터에 대한 요약본과 앞에서 배운 정보를 토대로 간단하고 쉬운 연습문제가 존재하기에 지식을 이해하고 기억하는게 훨씬 쉬우며 자신이 제대로 이해하고 기억하는 지에 대하여 검사할 수 있다.#@문장구분#\n제가 인상깊게 본 챕터는 5챕터인 프로그래밍 언어로 그 이유는 초보자가 이해하기 쉽게 풀어해쳐져 있어 누구나 이해할 수 있기 때문이며 만약 내가 코딩을 시작하기 전에 읽었으면 더 좋았을거라는 생각이 들었기 때문입니다.#@문장구분#\n이 책을 추천하고 싶은 대상은 컴퓨터에 대해 궁금하지만 잘 알지 못하는 이들 혹은 특정부분에 대해서만 알고 다른 부분에 대해 알지 못하는 이들에게 추천하고 싶다.#@문장구분#",
      "paragraph_len": 672,
      "paragraph_id": "001"
    }
  ],
  "score": {
    "paragraph_score": [
      {
        "paragraph_scoreT": [
          2,
          2.6666667,
          1.8333334
        ],
        "paragraph_scoreT_detail": {
          "paragraph_scoreT_exp": [
            [
              2,
              2,
              2
            ],
            [
              2,
              3,
              3
            ],
            [
              2,
              2,
              1
            ]
          ]
        },
        "paragraph_scoreT_avg": 2.1666667,
        "paragraph_id": "001"
      }
    ],
    "essay_scoreT": [
      18.277779,
      24.666668,
      17.333334
    ],
    "essay_scoreT_avg": 20.092592,
    "essay_scoreT_detail": {
      "essay_scoreT_org": [
        [
          2,
          1,
          2,
          3
        ],
        [
          2,
          2,
          2,
          2
        ],
        [
          2,
          2,
          2,
          2
        ]
      ],
      "essay_scoreT_cont": [
        [
          2,
          1,
          0,
          2
        ],
        [
          2,
          3,
          0,
          3
        ],
        [
          2,
          1,
          0,
          1
        ]
      ],
      "essay_scoreT_exp": [
        [
          2,
          2,
          2
        ],
        [
          2,
          3,
          3
        ],
        [
          2,
          2,
          1
        ]
      ]
    }
  },
  "student": {
    "date": "2021.09.09",
    "student_educated": true,
    "student_grade": "고등_1학년",
    "location": "051",
    "student_grade_group": "고등",
    "student_reading": 1
  },
  "rubric": {
    "essay_grade": "고등_1학년",
    "organization_weight": {
      "org_paragraph": 2,
      "org": 2,
      "org_essay": 4,
      "org_coherence": 2,
      "org_quantity": 1
    },
    "essay_type": "설명글",
    "content_weight": {
      "con_clearance": 4,
      "con_novelty": 3,
      "con": 4,
      "con_prompt": 0,
      "con_description": 1
    },
    "essay_main_subject": "영화/독서감상문",
    "expression_weight": {
      "exp_style": 1,
      "exp_grammar": 2,
      "exp_vocab": 3,
      "exp": 4
    }
  },
  "correction": [],
  "info": {
    "essay_id": "ESSAY_34701",
    "essay_prompt": " 영화에는 로맨스, 액션, 스릴러 등 정말 많은 장르가 있습니다. 사람마다 좋아하는 장르가 있고 절대 보지 않는 장르도 있습니다.\r\n\r\n 독서도 마찬가지입니다. 소설, 수필, 시, 만화, 위인전 등 여러가지 장르가 있습니다.\r\n\r\n 여러분은 어떤 장르를 좋아하나요? 그리고 해당 장르에서 가장 재미있게 봤던 영화나 책은 무엇인가요?\r\n\r\n 자신이 봤던 영화 혹은 책을 한 편 선정하여 주제와 내용 그리고 느낀점을 감상문으로 작성해주세요.",
    "essay_type": "설명글",
    "essay_level": "3",
    "essay_len": 552,
    "essay_main_subject": "영화/독서감상문"
  }
}