{
  "paragraph": [
    {
      "paragraph_txt": "고등학교 3학년이 되었다는 압박감과 부담감, 그리고 공부를 열심히, 잘 해야한다는 압박감이 무엇보다 크게 다가왔던 3월달에 잠시라도 현실에서 도피하고 싶어 처음으로 소설 책을 중학교1학년 이후로 읽게 되었다.#@문장구분# 모든 소설이 그러하듯, 이 소설 또한 처음에는 인물이 이름이 헷갈려서 누가누군지도 모르겠고 내용 또한 매우 지루하다는 인상을 받았다.#@문장구분# 하지만, 읽고 난 후에 생각해보니 하나하나의 지루하고 의미 없어 보였던 문장들 조차 사건에 개연성을 부여해주고 그 문장 하나하나가 모여 핵심 사건의 실마리로 작용한다는 것을 느꼈다.#@문장구분# 이소설은 전체적으로 '카오스 이론'이 적용되는 듯한 느낌을 받았다.#@문장구분# (카오스이론이란 겉으로 보기에는 불안정하고 불규칙적으로 보이면서도 나름대로의 질서와 규칙성을 지니고 있는 현상들을 설명하는 이론이요.)#@문장구분# 왜냐하면, 소설상의 갈등을 야기하는 프란스 발데즈라는 저명한 과학자의 아들이 자폐아인데, 하필 서번트, 그중에서도 빼어난 수학적 능력과 사진 기억을 지니고 있고, 인물들이 한 말 하나하나가 돌이켜 봤을 때, 무언가를 암심하기 때문이다.#@문장구분# 사건 전개를 예측해가며 읽는 것이 이 책을 읽는 묘미였다.#@문장구분# 내가 한 인물의 미래나 다음 사건에 대한 예측이 적중했을 때 상당히 짜릿했고, 예측이 크게 빗나갔을 때, 예측이 크게 빗나갔을 때 , 가령 악당이나 내부의 배신자로 생각했던 인물이 사실은 의인이고 평범해 보였던 사람이 악인이었을 때의 상황에서는 반전을 느낄 수 있어서 즐거웠다.#@문장구분# 가장 기억에 남는 문장은 \"우리는 편집증이 필요한 세상에 살 고 있다\"이다.#@문장구분# 소설 속에서 크게 해커 조직인 스파이더 소사이어티와 리스베트라는 천재 해커사이의 갈등이 드러나는데, 이 과정에서 매우 사소해보였던 정보유출이나 속임수가 결정적으로 작용을 한 경우가 많다.#@문장구분# 편집증은 소설 상에서 꼭 필요했다.#@문장구분# 그래서 읽으면서 나를 포함한 다른 독자들도 편집증 환자마냥 소설속 문장들을 일일이 생각해보고 따져보았을 것이라 생각하기 때문이다.#@문장구분# 소설 속 인물의 심리를 독자에게도 전이시킨다고 생각하며 나름의 명문장이라고 생각한다.#@문장구분#",
      "paragraph_len": 1277,
      "paragraph_id": "001"
    }
  ],
  "score": {
    "paragraph_score": [
      {
        "paragraph_scoreT": [
          3,
          3,
          2
        ],
        "paragraph_scoreT_detail": {
          "paragraph_scoreT_exp": [
            [
              3,
              3,
              3
            ],
            [
              3,
              3,
              3
            ],
            [
              2,
              2,
              2
            ]
          ]
        },
        "paragraph_scoreT_avg": 2.6666667,
        "paragraph_id": "001"
      }
    ],
    "essay_scoreT": [
      30,
      26.166666,
      22.666666
    ],
    "essay_scoreT_avg": 26.277777,
    "essay_scoreT_detail": {
      "essay_scoreT_org": [
        [
          3,
          3,
          3,
          3
        ],
        [
          2,
          3,
          2,
          3
        ],
        [
          2,
          2,
          3,
          3
        ]
      ],
      "essay_scoreT_cont": [
        [
          3,
          3,
          0,
          3
        ],
        [
          2,
          3,
          0,
          2
        ],
        [
          3,
          2,
          0,
          2
        ]
      ],
      "essay_scoreT_exp": [
        [
          3,
          3,
          3
        ],
        [
          3,
          3,
          3
        ],
        [
          2,
          2,
          2
        ]
      ]
    }
  },
  "student": {
    "date": "2021.09.07",
    "student_educated": true,
    "student_grade": "고등_1학년",
    "location": "051",
    "student_grade_group": "고등",
    "student_reading": 2
  },
  "rubric": {
    "essay_grade": "고등_1학년",
    "organization_weight": {
      "org_paragraph": 2,
      "org": 2,
      "org_essay": 4,
      "org_coherence": 2,
      "org_quantity": 1
    },
    "essay_type": "설명글",
    "content_weight": {
      "con_clearance": 4,
      "con_novelty": 3,
      "con": 4,
      "con_prompt": 0,
      "con_description": 1
    },
    "essay_main_subject": "영화/독서감상문",
    "expression_weight": {
      "exp_style": 1,
      "exp_grammar": 2,
      "exp_vocab": 3,
      "exp": 4
    }
  },
  "correction": [],
  "info": {
    "essay_id": "ESSAY_34167",
    "essay_prompt": " 영화에는 로맨스, 액션, 스릴러 등 정말 많은 장르가 있습니다. 사람마다 좋아하는 장르가 있고 절대 보지 않는 장르도 있습니다.\r\n\r\n 독서도 마찬가지입니다. 소설, 수필, 시, 만화, 위인전 등 여러가지 장르가 있습니다.\r\n\r\n 여러분은 어떤 장르를 좋아하나요? 그리고 해당 장르에서 가장 재미있게 봤던 영화나 책은 무엇인가요?\r\n\r\n 자신이 봤던 영화 혹은 책을 한 편 선정하여 주제와 내용 그리고 느낀점을 감상문으로 작성해주세요.",
    "essay_type": "설명글",
    "essay_level": "3",
    "essay_len": 1019,
    "essay_main_subject": "영화/독서감상문"
  }
}