{
  "paragraph": [
    {
      "paragraph_txt": "화학2 수업을 하면서 유독 전기화학과 이용 단원에 흥미를 느껴서 공부를 하던 중 수소 연료 전지에 가장 많은 관심이 갔고, 이 과정에서 수소 연료 전지를 활용한 의료기기 고안 활동을 하던 중 수소 연료 전지에 대해 제대로 된 공부는 물론이고, 근본적으로 수소라는 원소가 우리 인간의 미래에 어떻게 다가올지에 대한 궁금증이 생겨서 이 책을 읽게 되었다.#@문장구분# 이 책은 석유 시대 이후에 수소라는 원소를 활용한 수소 에너지가 전 세계적으로 돋보일 것이라고 말하고 있다.#@문장구분# 이 과정에서 나는 수소라는 원소가 지구상에서 가장 흔하고 보편적이지만 지금 껏 제대로 사용하지 못했다는 점에서 수소가 모순적이라고 생각하였다.#@문장구분# 특히 현재 지구의 상황을 보여주고 이에 대해 이슬람 등을 예시로 들다가 수소 에너지에 대해 설명해주고 전망을 밝히는 점에서, 뉴스에서 본 미래를 주도할 에너지에서 수소 에너지가 압도적인 1위를 차지한 통계 자료가 떠올랐다.#@문장구분# 꼭 수소가 아닌 신재생 에너지에 관심이 있는 학생이라면 충분히 한 번 정도는 읽어볼 가치가 충분하다는 생각이 들었다.#@문장구분#",
      "paragraph_len": 628,
      "paragraph_id": "001"
    }
  ],
  "score": {
    "paragraph_score": [
      {
        "paragraph_scoreT": [
          3,
          1.8333334,
          1.8333334
        ],
        "paragraph_scoreT_detail": {
          "paragraph_scoreT_exp": [
            [
              3,
              3,
              3
            ],
            [
              2,
              2,
              1
            ],
            [
              2,
              2,
              1
            ]
          ]
        },
        "paragraph_scoreT_avg": 2.2222223,
        "paragraph_id": "001"
      }
    ],
    "essay_scoreT": [
      27.61111,
      18.61111,
      17.277779
    ],
    "essay_scoreT_avg": 21.166666,
    "essay_scoreT_detail": {
      "essay_scoreT_org": [
        [
          2,
          3,
          3,
          3
        ],
        [
          2,
          2,
          2,
          1
        ],
        [
          1,
          1,
          2,
          1
        ]
      ],
      "essay_scoreT_cont": [
        [
          3,
          2,
          0,
          3
        ],
        [
          2,
          2,
          0,
          1
        ],
        [
          2,
          2,
          0,
          1
        ]
      ],
      "essay_scoreT_exp": [
        [
          3,
          3,
          3
        ],
        [
          2,
          2,
          1
        ],
        [
          2,
          2,
          1
        ]
      ]
    }
  },
  "student": {
    "date": "2021.09.09",
    "student_educated": true,
    "student_grade": "고등_1학년",
    "location": "051",
    "student_grade_group": "고등",
    "student_reading": 1
  },
  "rubric": {
    "essay_grade": "고등_1학년",
    "organization_weight": {
      "org_paragraph": 2,
      "org": 2,
      "org_essay": 4,
      "org_coherence": 2,
      "org_quantity": 1
    },
    "essay_type": "설명글",
    "content_weight": {
      "con_clearance": 4,
      "con_novelty": 3,
      "con": 4,
      "con_prompt": 0,
      "con_description": 1
    },
    "essay_main_subject": "영화/독서감상문",
    "expression_weight": {
      "exp_style": 1,
      "exp_grammar": 2,
      "exp_vocab": 3,
      "exp": 4
    }
  },
  "correction": [],
  "info": {
    "essay_id": "ESSAY_34790",
    "essay_prompt": " 영화에는 로맨스, 액션, 스릴러 등 정말 많은 장르가 있습니다. 사람마다 좋아하는 장르가 있고 절대 보지 않는 장르도 있습니다.\r\n\r\n 독서도 마찬가지입니다. 소설, 수필, 시, 만화, 위인전 등 여러가지 장르가 있습니다.\r\n\r\n 여러분은 어떤 장르를 좋아하나요? 그리고 해당 장르에서 가장 재미있게 봤던 영화나 책은 무엇인가요?\r\n\r\n 자신이 봤던 영화 혹은 책을 한 편 선정하여 주제와 내용 그리고 느낀점을 감상문으로 작성해주세요.",
    "essay_type": "설명글",
    "essay_level": "3",
    "essay_len": 528,
    "essay_main_subject": "영화/독서감상문"
  }
}