{
  "paragraph": [
    {
      "paragraph_txt": "이 책의 저자는 책의 제목을 '밤의 물리학' 으로 지은 데에 여러 이유를 제시했다.#@문장구분#\n첫번째로는 밤에 잠자리에 들어 우연히 주고 받은 대화나 우연하게 떠올린 생각에서 대단한 과학적 이론을 낳기도 하고 가게에서 나누던 잡담이 시대에 한 획을 그을만한 과학적 사실을 뒤바꾸기도 한다는 의미에서이다.#@문장구분#\n그래서 논리와 이론적 추론에 기반을 두어 연구한 점진적인 혁신이 아닌 갑자기 번뜩이듯이 생각난 과학적 혁신을 말하기 위해 밤의 물리학으로써 지었다고 한다.#@문장구분#\n두번째로는 밤하늘의 과학, 즉 별과 별자리 등 우주를 연구하는 학문이지만 어디에선가 엉뚱함이 묻어나는 과학이기 때문이어서다.#@문장구분# 또 다른 이유로는 아직은 정설이 되지 못한 유사 수준의 과학이 아직 증명되지 못해 허황된 수준으로 남아있는 주장이나 이론들을 말 한다고 한다.#@문장구분#\n밤처럼 휴식을 가져다주는 잔잔한 안식이 될 수 있지만 어둡고 침침함을 수반한 알려지지 않은 공포감이 될 수도 있다.#@문장구분#\n이러한 설명을 뒤로하고 책의 본론에서는 우주론과 현대 물리학에 대해 설명을 하고 있는데, 우주의 탄생이나 빛과 소리, 또는 상대성 이론에 대해서 다루고 있다.#@문장구분#\n더 나아가 우주론을 넘어 아인슈타인이 제기한 양자 얽힘, 타임머신의 존재 가능성 역시 설명하고 있다.#@문장구분#\n또 세번째 장에서는 저자를 포함하여 란다우나 데이비드 봄, 브라이언 조지프슨 등의 과학자들의 비하인드 스토리를 제시하며 평범한 인간과 거리감이 느껴지던 과학자들의 인간적인 면모를 알아볼 수 있었다.#@문장구분#\n특히 끈 이론처럼 입자가 아닌 끈의 진동으로 모든 물리법칙을 설명하려 한다는 것은 정말 상상 이외의 범주였다고 생각하고, 아직은 잘 모르겠지만 나중에 더 알아보고 싶은 욕구가 생겼다.#@문장구분#",
      "paragraph_len": 1025,
      "paragraph_id": "001"
    }
  ],
  "score": {
    "paragraph_score": [
      {
        "paragraph_scoreT": [
          3,
          2.8333333,
          2
        ],
        "paragraph_scoreT_detail": {
          "paragraph_scoreT_exp": [
            [
              3,
              3,
              3
            ],
            [
              3,
              3,
              2
            ],
            [
              2,
              2,
              2
            ]
          ]
        },
        "paragraph_scoreT_avg": 2.611111,
        "paragraph_id": "001"
      }
    ],
    "essay_scoreT": [
      30,
      26.722221,
      22.5
    ],
    "essay_scoreT_avg": 26.407408,
    "essay_scoreT_detail": {
      "essay_scoreT_org": [
        [
          3,
          3,
          3,
          3
        ],
        [
          2,
          3,
          3,
          2
        ],
        [
          2,
          2,
          2,
          2
        ]
      ],
      "essay_scoreT_cont": [
        [
          3,
          3,
          0,
          3
        ],
        [
          3,
          2,
          0,
          3
        ],
        [
          3,
          2,
          0,
          3
        ]
      ],
      "essay_scoreT_exp": [
        [
          3,
          3,
          3
        ],
        [
          3,
          3,
          2
        ],
        [
          2,
          2,
          2
        ]
      ]
    }
  },
  "student": {
    "date": "2021.09.07",
    "student_educated": true,
    "student_grade": "고등_1학년",
    "location": "051",
    "student_grade_group": "고등",
    "student_reading": 2
  },
  "rubric": {
    "essay_grade": "고등_1학년",
    "organization_weight": {
      "org_paragraph": 2,
      "org": 2,
      "org_essay": 4,
      "org_coherence": 2,
      "org_quantity": 1
    },
    "essay_type": "설명글",
    "content_weight": {
      "con_clearance": 4,
      "con_novelty": 3,
      "con": 4,
      "con_prompt": 0,
      "con_description": 1
    },
    "essay_main_subject": "영화/독서감상문",
    "expression_weight": {
      "exp_style": 1,
      "exp_grammar": 2,
      "exp_vocab": 3,
      "exp": 4
    }
  },
  "correction": [],
  "info": {
    "essay_id": "ESSAY_34393",
    "essay_prompt": " 영화에는 로맨스, 액션, 스릴러 등 정말 많은 장르가 있습니다. 사람마다 좋아하는 장르가 있고 절대 보지 않는 장르도 있습니다.\r\n\r\n 독서도 마찬가지입니다. 소설, 수필, 시, 만화, 위인전 등 여러가지 장르가 있습니다.\r\n\r\n 여러분은 어떤 장르를 좋아하나요? 그리고 해당 장르에서 가장 재미있게 봤던 영화나 책은 무엇인가요?\r\n\r\n 자신이 봤던 영화 혹은 책을 한 편 선정하여 주제와 내용 그리고 느낀점을 감상문으로 작성해주세요.",
    "essay_type": "설명글",
    "essay_level": "3",
    "essay_len": 825,
    "essay_main_subject": "영화/독서감상문"
  }
}