{
  "paragraph": [
    {
      "paragraph_txt": "나는 항상 세계적인 기업의 성공을 보면서 어떻게 세계적인 기업이 성공을 했을까?를 궁금해 했는데 책들 중 구글은 어떻게 일하는 가라는 책이 있어서 읽게되었다.#@문장구분# 이 책에는 여러 가지 구글의 일하는 방식이 나와 있는 책이다. #@문장구분#그 중 내가 인상적이고 놀란 부분은 세계적으로 정말 유명한 기업이라서 그런지 수직적인 문화가 아닌 수평적인 회사 문화 였다.#@문장구분# 또 구글은 사용자의 입장에서 가장 편리한 것은 무엇일까?를 탐구하며 여러 가지 지식 그래프와 데이터를 이용해 분석을 한다.#@문장구분# 마지막으로 구글을 자선활동을 지휘하는 조직의 상설 위기대응팀을 통해 다양한 구글제품을 사용해 이재민과 재해 발생시 많은 사람들을 돕는다. #@문장구분#하지만 이 사람들은 한푼의 보상도 받지 못하고 일 자체에서 동기부여를 받아 좋은 일을 한다고 한다.#@문장구분#\n구글은 배움을 멈추지 않는 사람을 채용한다고 한다.#@문장구분# 이 문장을 봤을 때 정말 배움은 끝이 없다를 느꼈다.#@문장구분# 전체적으로 이 책을 읽으니 나는 평소에 학교의 교육 커리큘럼 속에서 나만의 창의적인 생각을 많이 하지 못 했는데 구글은 항상 창의적이고 자신만의 생각을 꾸준히 하는 인재를 뽑는다.#@문장구분# 물론 구글 말고도 다양한 기업들이 선호하는 인재상일 것이다.#@문장구분# 앞으로는 나만의 생각을 많이 해보고 문제상황속 여러 가지 방법으로 접근하는 것을 길러서 구글 같은 세계적인 기업의 마케팅부서에서 일하고 싶다.#@문장구분#",
      "paragraph_len": 889,
      "paragraph_id": "001"
    }
  ],
  "score": {
    "paragraph_score": [
      {
        "paragraph_scoreT": [
          3,
          2.8333333,
          2.5
        ],
        "paragraph_scoreT_detail": {
          "paragraph_scoreT_exp": [
            [
              3,
              3,
              3
            ],
            [
              3,
              3,
              2
            ],
            [
              2,
              3,
              2
            ]
          ]
        },
        "paragraph_scoreT_avg": 2.7777777,
        "paragraph_id": "001"
      }
    ],
    "essay_scoreT": [
      30,
      26,
      24.944445
    ],
    "essay_scoreT_avg": 26.981482,
    "essay_scoreT_detail": {
      "essay_scoreT_org": [
        [
          3,
          3,
          3,
          3
        ],
        [
          2,
          3,
          3,
          1
        ],
        [
          2,
          2,
          3,
          2
        ]
      ],
      "essay_scoreT_cont": [
        [
          3,
          3,
          0,
          3
        ],
        [
          3,
          2,
          0,
          2
        ],
        [
          3,
          2,
          0,
          3
        ]
      ],
      "essay_scoreT_exp": [
        [
          3,
          3,
          3
        ],
        [
          3,
          3,
          2
        ],
        [
          2,
          3,
          2
        ]
      ]
    }
  },
  "student": {
    "date": "2021.09.07",
    "student_educated": true,
    "student_grade": "고등_1학년",
    "location": "051",
    "student_grade_group": "고등",
    "student_reading": 2
  },
  "rubric": {
    "essay_grade": "고등_1학년",
    "organization_weight": {
      "org_paragraph": 2,
      "org": 2,
      "org_essay": 4,
      "org_coherence": 2,
      "org_quantity": 1
    },
    "essay_type": "설명글",
    "content_weight": {
      "con_clearance": 4,
      "con_novelty": 3,
      "con": 4,
      "con_prompt": 0,
      "con_description": 1
    },
    "essay_main_subject": "영화/독서감상문",
    "expression_weight": {
      "exp_style": 1,
      "exp_grammar": 2,
      "exp_vocab": 3,
      "exp": 4
    }
  },
  "correction": [],
  "info": {
    "essay_id": "ESSAY_34118",
    "essay_prompt": " 영화에는 로맨스, 액션, 스릴러 등 정말 많은 장르가 있습니다. 사람마다 좋아하는 장르가 있고 절대 보지 않는 장르도 있습니다.\r\n\r\n 독서도 마찬가지입니다. 소설, 수필, 시, 만화, 위인전 등 여러가지 장르가 있습니다.\r\n\r\n 여러분은 어떤 장르를 좋아하나요? 그리고 해당 장르에서 가장 재미있게 봤던 영화나 책은 무엇인가요?\r\n\r\n 자신이 봤던 영화 혹은 책을 한 편 선정하여 주제와 내용 그리고 느낀점을 감상문으로 작성해주세요.",
    "essay_type": "설명글",
    "essay_level": "3",
    "essay_len": 669,
    "essay_main_subject": "영화/독서감상문"
  }
}