{
  "paragraph": [
    {
      "paragraph_txt": "한스는 천재로 불렸다.#@문장구분# 목사가 되기 위해 주 시험을 치르려고 많은 공부를 했고, 두려웠지만 다행히 시험에 합격한다. #@문장구분#그러나 친구들과 어울리지 못했고, 하일러라는 친구를 사귀는데, 그는 지식을 경멸했고, 자유분방했다.#@문장구분# 하일러를 배신했던 죄책감에 하일러와 어울리고, 행동하여 결국 낙오된다.#@문장구분# 마을에서 만난 엠마와 키스를 하고 그녀를 마음에 품지만 그녀는 쉽게 떠나버렸고, 삶에 목표를 잃은 한스는 죽고 만다. #@문장구분#책 소개에서는 헤르만의 이 책은 과열된 입시 경쟁을 겪는 오늘날의 청소년들의 삶과 비슷하다고 소개했다.#@문장구분# 책을 읽어보니 삶의 행복을 위해서 엄청난 양의 공부를 하며 지쳐하는 청소년들의 모습이 연상되었다.#@문장구분# 결국 좋은 직장을 가져 행복하기 위해서 공부를 하지만 공부를 많이 하고 좋은 대학을 나왔다고 해서 좋은 직장을 가지지 못하는 경우도 있다. #@문장구분#자신의 적성과 맞지 않아서 혹은 세상이 변해 자신이 공부한 전공지식이 쓸모 없어졌을 수도 있다.#@문장구분# 그러면 자신이 수년간 들였던 노력이 물거품이 된다면 그것은 누가 보상해 줄까?#@문장구분# 소설에서처럼 교장, 목사, 마을사람, 아버지까지 청소년의 삶을 이해하지 못한채 자신들이 바라는 것만을 원했던 사람들로 망가진 사춘기 소년의 삶. #@문장구분#청소년들에게 필요한 것은 공부를 하라고 부추기는 것보다 그들이 즐길 수 있는, 쉴 수 있는 것 들을 마련해주는 것이라고 생각한다.#@문장구분# 너무 힘들었던 수험생활을 가지고 있어 더욱 그렇게 생각했다.#@문장구분#",
      "paragraph_len": 963,
      "paragraph_id": "001"
    }
  ],
  "score": {
    "paragraph_score": [
      {
        "paragraph_scoreT": [
          1.5,
          3,
          1.8333334
        ],
        "paragraph_scoreT_detail": {
          "paragraph_scoreT_exp": [
            [
              2,
              1,
              2
            ],
            [
              3,
              3,
              3
            ],
            [
              2,
              2,
              1
            ]
          ]
        },
        "paragraph_scoreT_avg": 2.1111112,
        "paragraph_id": "001"
      }
    ],
    "essay_scoreT": [
      13.333334,
      28.222221,
      14.944445
    ],
    "essay_scoreT_avg": 18.833334,
    "essay_scoreT_detail": {
      "essay_scoreT_org": [
        [
          1,
          1,
          1,
          1
        ],
        [
          2,
          3,
          3,
          2
        ],
        [
          1,
          2,
          2,
          2
        ]
      ],
      "essay_scoreT_cont": [
        [
          1,
          1,
          0,
          1
        ],
        [
          3,
          3,
          0,
          3
        ],
        [
          1,
          1,
          0,
          2
        ]
      ],
      "essay_scoreT_exp": [
        [
          2,
          2,
          1
        ],
        [
          3,
          3,
          2
        ],
        [
          2,
          2,
          1
        ]
      ]
    }
  },
  "student": {
    "date": "2021.09.07",
    "student_educated": true,
    "student_grade": "고등_1학년",
    "location": "051",
    "student_grade_group": "고등",
    "student_reading": 1
  },
  "rubric": {
    "essay_grade": "고등_1학년",
    "organization_weight": {
      "org_paragraph": 2,
      "org": 2,
      "org_essay": 4,
      "org_coherence": 2,
      "org_quantity": 1
    },
    "essay_type": "설명글",
    "content_weight": {
      "con_clearance": 4,
      "con_novelty": 3,
      "con": 4,
      "con_prompt": 0,
      "con_description": 1
    },
    "essay_main_subject": "영화/독서감상문",
    "expression_weight": {
      "exp_style": 1,
      "exp_grammar": 2,
      "exp_vocab": 3,
      "exp": 4
    }
  },
  "correction": [],
  "info": {
    "essay_id": "ESSAY_34486",
    "essay_prompt": " 영화에는 로맨스, 액션, 스릴러 등 정말 많은 장르가 있습니다. 사람마다 좋아하는 장르가 있고 절대 보지 않는 장르도 있습니다.\r\n\r\n 독서도 마찬가지입니다. 소설, 수필, 시, 만화, 위인전 등 여러가지 장르가 있습니다.\r\n\r\n 여러분은 어떤 장르를 좋아하나요? 그리고 해당 장르에서 가장 재미있게 봤던 영화나 책은 무엇인가요?\r\n\r\n 자신이 봤던 영화 혹은 책을 한 편 선정하여 주제와 내용 그리고 느낀점을 감상문으로 작성해주세요.",
    "essay_type": "설명글",
    "essay_level": "3",
    "essay_len": 703,
    "essay_main_subject": "영화/독서감상문"
  }
}