{
  "paragraph": [
    {
      "paragraph_txt": "\"팩트풀니스\"라는 말을 \"사실충실성\"이라는 말로 팩트에 근거해 세계를 바라보고 이해하는 관점을 의미한다.#@문장구분# 이 책은 사실에 의존해 세계를 바라보는 법과 문제해결에 대응하는 방법을 알려준다.#@문장구분# 책에는 10가지의 본능이 나온다.#@문장구분# 순서대로 간극 본능, 부정적 본능, 직선 본능, 공포 본능, 크기 본능, 일반화의 본능, 운명 본능, 단일 관점 본능, 비난 본능, 마지막으로 다급함 본능이다.#@문장구분# 책은 철저하게 팩트를 바탕으로 내용을 전달하고 우리가 일반적으로 비일비재 하게 가지고 있는 오해들을 확인하게 해준다.#@문장구분# 그동안 나는 배경 자식, 과거의 경험, 또는 당연한 정보라고 여겼던 일종의 선입견으로 현상을 바라보고 판단을 하였는데, 사실의 중요성에 대해 깨달을 수 있었 다.#@문장구분# 나는 과거에 사로잡히기 보다는 현재를 마주해야 한다는 것을 깨닫게 되었다.#@문장구분# 책에서 가장 인상 깊었던 표현은 \"아이에게 망치를 주면 모든 것이 못으로 보인다.\"#@문장구분# \"망치가 아닌 연장통을 준비하라\"이다.#@문장구분# 현대인이 자주 범하는 일반화의 오류에 대한 해결책이 될수 있고, 유연성에 대해 강조하는 것 같다.#@문장구분# 끝으로 호기심은 아주 중요한 가치이자 추상적 대상이라는 생각을 했다.#@문장구분# 알고 있는 사실에 대해서도 끊임없이 궁금증을 제기하고 팩트를 바탕으로 세계를 바라보아야겠다.#@문장구분# ",
      "paragraph_len": 868,
      "paragraph_id": "001"
    }
  ],
  "score": {
    "paragraph_score": [
      {
        "paragraph_scoreT": [
          3,
          2.5,
          2
        ],
        "paragraph_scoreT_detail": {
          "paragraph_scoreT_exp": [
            [
              3,
              3,
              3
            ],
            [
              2,
              3,
              2
            ],
            [
              2,
              2,
              2
            ]
          ]
        },
        "paragraph_scoreT_avg": 2.5,
        "paragraph_id": "001"
      }
    ],
    "essay_scoreT": [
      29.777779,
      22,
      20
    ],
    "essay_scoreT_avg": 23.925926,
    "essay_scoreT_detail": {
      "essay_scoreT_org": [
        [
          3,
          3,
          3,
          2
        ],
        [
          2,
          2,
          2,
          2
        ],
        [
          2,
          2,
          2,
          2
        ]
      ],
      "essay_scoreT_cont": [
        [
          3,
          3,
          0,
          3
        ],
        [
          2,
          2,
          0,
          2
        ],
        [
          2,
          2,
          0,
          2
        ]
      ],
      "essay_scoreT_exp": [
        [
          3,
          3,
          3
        ],
        [
          2,
          3,
          2
        ],
        [
          2,
          2,
          2
        ]
      ]
    }
  },
  "student": {
    "date": "2021.09.07",
    "student_educated": true,
    "student_grade": "고등_1학년",
    "location": "051",
    "student_grade_group": "고등",
    "student_reading": 2
  },
  "rubric": {
    "essay_grade": "고등_1학년",
    "organization_weight": {
      "org_paragraph": 2,
      "org": 2,
      "org_essay": 4,
      "org_coherence": 2,
      "org_quantity": 1
    },
    "essay_type": "설명글",
    "content_weight": {
      "con_clearance": 4,
      "con_novelty": 3,
      "con": 4,
      "con_prompt": 0,
      "con_description": 1
    },
    "essay_main_subject": "영화/독서감상문",
    "expression_weight": {
      "exp_style": 1,
      "exp_grammar": 2,
      "exp_vocab": 3,
      "exp": 4
    }
  },
  "correction": [],
  "info": {
    "essay_id": "ESSAY_34593",
    "essay_prompt": " 영화에는 로맨스, 액션, 스릴러 등 정말 많은 장르가 있습니다. 사람마다 좋아하는 장르가 있고 절대 보지 않는 장르도 있습니다.\r\n\r\n 독서도 마찬가지입니다. 소설, 수필, 시, 만화, 위인전 등 여러가지 장르가 있습니다.\r\n\r\n 여러분은 어떤 장르를 좋아하나요? 그리고 해당 장르에서 가장 재미있게 봤던 영화나 책은 무엇인가요?\r\n\r\n 자신이 봤던 영화 혹은 책을 한 편 선정하여 주제와 내용 그리고 느낀점을 감상문으로 작성해주세요.",
    "essay_type": "설명글",
    "essay_level": "3",
    "essay_len": 628,
    "essay_main_subject": "영화/독서감상문"
  }
}