{
  "paragraph": [
    {
      "paragraph_txt": "이번에 <클라라와 태양>이라는 책을 읽고 토론을 해보았는데 제가 흥미를 가지고 있는 AI를 소재로 하는 소설이라 토론의 주된 내용이 모두 흥미로웠습니다.#@문장구분# ",
      "paragraph_len": 112,
      "paragraph_id": "001"
    },
    {
      "paragraph_txt": " 그 중에서 꼽자면 \"인간의 정체성을 나타내는 것이 무엇인가?\"가 인상적이었습니다.#@문장구분# 과거의 제가 낸 결론은 인간은 뇌를 제외하고는 껍데기에 불과하고 뇌만 온전히 이식되면 같은 사람이라는 것이었습니다.#@문장구분# 하지만 이번에 토론을 하면서 스스로 생각해보니 뇌가 거의 일치한다고 가정하더라도 몸이 전혀 다르다면 지인들이 그 사람을 똑같이 대하기 힘들 것이라는 생각이 들었습니다.#@문장구분# 그래서 크리시도 조시와 똑닮은 껍데기를 제작하려 했던 것 같고요.#@문장구분# 토론의 여론은 일치하긴 하지만 윤리적으로 옳지 않다였지만 토론이 계속되었다면 조금은 여론이 바뀌었을 것이라 생각합니다.#@문장구분#",
      "paragraph_len": 409,
      "paragraph_id": "002"
    },
    {
      "paragraph_txt": " 이외에도 \"크리시가 조시가 죽었을 때 클라라로 대체하여 사는 것이 옳은가?\"가 기억에 남았습니다.#@문장구분# 저는 \"크리시가 오랜 시간이 지나 마음의 준비가 되면 클라라를 떠나보내고 아픔을 이겨낼 수도 있지 않나?\"라는 생각이 들었는데 여론은 \"아이를 AI로 대체하다니 너무 윤리적이지 못해 보이고 거부감이 든다.\"였습니다.#@문장구분# 이를 보고 아직까지 꽤 많은 비율의 사람들이, 꽤나 젊은 세대 또한 AI와 함께하는 삶에 거부감을 지니고 있다는 사실을 알게 되었습니다.#@문장구분# 이런 것을 보면 아직까지 영화처럼 AI가 인류와 함께 사는 모습은 한참 멀었다는 생각이 듭니다.#@문장구분# 아마 매체에서 AI에게 소름이 끼치고 거부감이 들도록 연출하는 모습이 자주 나와서 그런 것 같습니다.#@문장구분# 아직 저도 AI의 발전이 인류에게 어떻게 다가올지 감이 오지 않지만 앞으로 AI 개발을 할 때 좋은 참고사항이 될 듯 합니다.#@문장구분#",
      "paragraph_len": 555,
      "paragraph_id": "003"
    }
  ],
  "score": {
    "paragraph_score": [
      {
        "paragraph_scoreT": [
          3,
          3,
          2
        ],
        "paragraph_scoreT_detail": {
          "paragraph_scoreT_exp": [
            [
              3,
              3,
              3
            ],
            [
              3,
              3,
              3
            ],
            [
              2,
              2,
              2
            ]
          ]
        },
        "paragraph_scoreT_avg": 2.6666667,
        "paragraph_id": "001"
      },
      {
        "paragraph_scoreT": [
          3,
          3,
          2
        ],
        "paragraph_scoreT_detail": {
          "paragraph_scoreT_exp": [
            [
              3,
              3,
              3
            ],
            [
              3,
              3,
              3
            ],
            [
              2,
              2,
              2
            ]
          ]
        },
        "paragraph_scoreT_avg": 2.6666667,
        "paragraph_id": "002"
      },
      {
        "paragraph_scoreT": [
          3,
          3,
          2
        ],
        "paragraph_scoreT_detail": {
          "paragraph_scoreT_exp": [
            [
              3,
              3,
              3
            ],
            [
              3,
              3,
              3
            ],
            [
              2,
              2,
              2
            ]
          ]
        },
        "paragraph_scoreT_avg": 2.6666667,
        "paragraph_id": "003"
      }
    ],
    "essay_scoreT": [
      30,
      28.277779,
      22.444445
    ],
    "essay_scoreT_avg": 26.907408,
    "essay_scoreT_detail": {
      "essay_scoreT_org": [
        [
          3,
          3,
          3,
          3
        ],
        [
          3,
          3,
          3,
          2
        ],
        [
          2,
          2,
          3,
          2
        ]
      ],
      "essay_scoreT_cont": [
        [
          3,
          3,
          0,
          3
        ],
        [
          3,
          2,
          0,
          3
        ],
        [
          3,
          2,
          0,
          2
        ]
      ],
      "essay_scoreT_exp": [
        [
          3,
          3,
          3
        ],
        [
          3,
          3,
          3
        ],
        [
          2,
          2,
          2
        ]
      ]
    }
  },
  "student": {
    "date": "2021.09.07",
    "student_educated": true,
    "student_grade": "고등_1학년",
    "location": "051",
    "student_grade_group": "고등",
    "student_reading": 2
  },
  "rubric": {
    "essay_grade": "고등_1학년",
    "organization_weight": {
      "org_paragraph": 2,
      "org": 2,
      "org_essay": 4,
      "org_coherence": 2,
      "org_quantity": 1
    },
    "essay_type": "설명글",
    "content_weight": {
      "con_clearance": 4,
      "con_novelty": 3,
      "con": 4,
      "con_prompt": 0,
      "con_description": 1
    },
    "essay_main_subject": "영화/독서감상문",
    "expression_weight": {
      "exp_style": 1,
      "exp_grammar": 2,
      "exp_vocab": 3,
      "exp": 4
    }
  },
  "correction": [],
  "info": {
    "essay_id": "ESSAY_34106",
    "essay_prompt": " 영화에는 로맨스, 액션, 스릴러 등 정말 많은 장르가 있습니다. 사람마다 좋아하는 장르가 있고 절대 보지 않는 장르도 있습니다.\r\n\r\n 독서도 마찬가지입니다. 소설, 수필, 시, 만화, 위인전 등 여러가지 장르가 있습니다.\r\n\r\n 여러분은 어떤 장르를 좋아하나요? 그리고 해당 장르에서 가장 재미있게 봤던 영화나 책은 무엇인가요?\r\n\r\n 자신이 봤던 영화 혹은 책을 한 편 선정하여 주제와 내용 그리고 느낀점을 감상문으로 작성해주세요.",
    "essay_type": "설명글",
    "essay_level": "3",
    "essay_len": 836,
    "essay_main_subject": "영화/독서감상문"
  }
}