{
  "paragraph": [
    {
      "paragraph_txt": "맨 처음 옥수수의 힘이라는 이 제목을 보고 책에 대해 흥미가 생겼다. #@문장구분#옥수수의 힘이 과연 어떤 것을 의미하는 것인지 궁금해서 책을읽기 시작했는데 상당히 놀라웠다.#@문장구분# 책에서 옥수수가 그저 식용이 아닌 다른 다양한 용도로 쓰이는 법을 소개해주고 있는데, 가장 놀랐던 부분은 옥수수가 연료로도 사용이 된다는 점이다.#@문장구분# 그 외에도 옥수수는 상상도 못한 방법으로도 쓰였는데, 옥수수의 종류에 따라서도 구분이 가능했고, 옥수수의 역사 또한 설명해주고 있었다.#@문장구분# 개인적으로 옥수수 하면 GMO가 제일 먼저 생각이 났는데, 앞으로는 다양한 옥수수의 용도에 대해서도 생각이 가능할것 같았다.#@문장구분# 또한 옥수수 외에 다른 많은 식자재들이 사람들에게 다양하게 도움을 줄 수있겠다는 생각 또한 들었다. #@문장구분#많은 사람들이 이런 거에 대해 관심을 가지고 발전에 노력해줬으면 좋겠다.#@문장구분#",
      "paragraph_len": 555,
      "paragraph_id": "001"
    }
  ],
  "score": {
    "paragraph_score": [
      {
        "paragraph_scoreT": [
          2,
          2.8333333,
          2
        ],
        "paragraph_scoreT_detail": {
          "paragraph_scoreT_exp": [
            [
              2,
              2,
              2
            ],
            [
              3,
              3,
              2
            ],
            [
              2,
              2,
              2
            ]
          ]
        },
        "paragraph_scoreT_avg": 2.2777777,
        "paragraph_id": "001"
      }
    ],
    "essay_scoreT": [
      19.777779,
      25.555555,
      14.222222
    ],
    "essay_scoreT_avg": 19.851852,
    "essay_scoreT_detail": {
      "essay_scoreT_org": [
        [
          2,
          2,
          2,
          1
        ],
        [
          2,
          2,
          3,
          1
        ],
        [
          1,
          2,
          1,
          0
        ]
      ],
      "essay_scoreT_cont": [
        [
          2,
          2,
          0,
          2
        ],
        [
          3,
          2,
          0,
          2
        ],
        [
          1,
          1,
          0,
          1
        ]
      ],
      "essay_scoreT_exp": [
        [
          2,
          2,
          2
        ],
        [
          3,
          3,
          2
        ],
        [
          2,
          2,
          2
        ]
      ]
    }
  },
  "student": {
    "date": "2021.09.13",
    "student_educated": true,
    "student_grade": "고등_1학년",
    "location": "063",
    "student_grade_group": "고등",
    "student_reading": 1
  },
  "rubric": {
    "essay_grade": "고등_1학년",
    "organization_weight": {
      "org_paragraph": 2,
      "org": 2,
      "org_essay": 4,
      "org_coherence": 2,
      "org_quantity": 1
    },
    "essay_type": "설명글",
    "content_weight": {
      "con_clearance": 4,
      "con_novelty": 3,
      "con": 4,
      "con_prompt": 0,
      "con_description": 1
    },
    "essay_main_subject": "영화/독서감상문",
    "expression_weight": {
      "exp_style": 1,
      "exp_grammar": 2,
      "exp_vocab": 3,
      "exp": 4
    }
  },
  "correction": [],
  "info": {
    "essay_id": "ESSAY_34340",
    "essay_prompt": " 영화에는 로맨스, 액션, 스릴러 등 정말 많은 장르가 있습니다. 사람마다 좋아하는 장르가 있고 절대 보지 않는 장르도 있습니다.\r\n\r\n 독서도 마찬가지입니다. 소설, 수필, 시, 만화, 위인전 등 여러가지 장르가 있습니다.\r\n\r\n 여러분은 어떤 장르를 좋아하나요? 그리고 해당 장르에서 가장 재미있게 봤던 영화나 책은 무엇인가요?\r\n\r\n 자신이 봤던 영화 혹은 책을 한 편 선정하여 주제와 내용 그리고 느낀점을 감상문으로 작성해주세요.",
    "essay_type": "설명글",
    "essay_level": "3",
    "essay_len": 415,
    "essay_main_subject": "영화/독서감상문"
  }
}