{
  "paragraph": [
    {
      "paragraph_txt": "이책은 학교 독서시간에 시간을 내어 읽게 되었다 이책은 치숙이란 작품이다.#@문장구분#\n'아저씨'는 대학을 나오고 운동을 하다 감방에 들어갔다 나와 폐렴으로 앓아누워 아주머니의 수발을 받고있다.#@문장구분#\n'나'는 고모의 도움으로 고등학교를 졸업하고 점원으로 일하고잇다.#@문장구분#\n나는 아저씨가 일본에서 대학을 나오고 서른넷이나 되었지만 나 가 볼땐 그냥 철들지 못해 안타까운 인간이다.#@문장구분#착한 아주머니를 내쫒아버리고 다른 여자와 만나 사회주의 운동을 하고 감방에 갔다 나와 폐렴을 앓는 환자가 되었다.#@문장구분#\n아주머니는 돈을 모아 편히 살려했는데 아저씨 때문에 수발만 들게됨. #@문장구분#\n주인공이 봤을때 아저씨는 공부를 잘하지못한 인간으로 틀림없이 보고있다.#@문장구분#\n나는 일본여자에게 장가들어 가겠다는 목표가 있지만 아저씨는 그것을 못마땅하게 생각한다.#@문장구분#\n이 내용은 일본여자를 만나 장가가 겠다는 '나'와 어리석은 아저씨를 같이 돌려까고있다.#@문장구분# 이내용은 현실적이냐 사회주의적 삶을 지향하냐의 차이 이고 내가 저상황에 있다면 나도 어떤선택을 해야할지 모를것같다.#@문장구분#",
      "paragraph_len": 703,
      "paragraph_id": "001"
    }
  ],
  "score": {
    "paragraph_score": [
      {
        "paragraph_scoreT": [
          0.5,
          1.8333334,
          1
        ],
        "paragraph_scoreT_detail": {
          "paragraph_scoreT_exp": [
            [
              1,
              0,
              1
            ],
            [
              2,
              2,
              1
            ],
            [
              1,
              1,
              1
            ]
          ]
        },
        "paragraph_scoreT_avg": 1.1111112,
        "paragraph_id": "001"
      }
    ],
    "essay_scoreT": [
      11.555555,
      20.833334,
      12.222222
    ],
    "essay_scoreT_avg": 14.87037,
    "essay_scoreT_detail": {
      "essay_scoreT_org": [
        [
          2,
          2,
          1,
          2
        ],
        [
          2,
          2,
          2,
          2
        ],
        [
          1,
          1,
          1,
          2
        ]
      ],
      "essay_scoreT_cont": [
        [
          2,
          1,
          0,
          1
        ],
        [
          2,
          3,
          0,
          2
        ],
        [
          2,
          1,
          0,
          1
        ]
      ],
      "essay_scoreT_exp": [
        [
          1,
          0,
          1
        ],
        [
          2,
          2,
          1
        ],
        [
          1,
          1,
          1
        ]
      ]
    }
  },
  "student": {
    "date": "2021.09.10",
    "student_educated": true,
    "student_grade": "고등_1학년",
    "location": "063",
    "student_grade_group": "고등",
    "student_reading": 1
  },
  "rubric": {
    "essay_grade": "고등_1학년",
    "organization_weight": {
      "org_paragraph": 2,
      "org": 2,
      "org_essay": 4,
      "org_coherence": 2,
      "org_quantity": 1
    },
    "essay_type": "설명글",
    "content_weight": {
      "con_clearance": 4,
      "con_novelty": 3,
      "con": 4,
      "con_prompt": 0,
      "con_description": 1
    },
    "essay_main_subject": "영화/독서감상문",
    "expression_weight": {
      "exp_style": 1,
      "exp_grammar": 2,
      "exp_vocab": 3,
      "exp": 4
    }
  },
  "correction": [
    {
      "sentence_corr_txt_grammar": "이 책은 학교 독서 시간에 시간을 내어 읽게 되었다. 이 책은 치숙이란 작품이다.",
      "sentence_corr_reason": [
        "띄어쓰기",
        "마침표"
      ],
      "sentence_id": "0001",
      "sentence_corr_type": [
        "문법",
        "문법"
      ],
      "sentence_corr_detail_type": [
        "맞춤법",
        "기타"
      ],
      "sentence_txt": "<문법_맞춤법>이책은 </문법_맞춤법>학교 독서시간에 시간을 내어 읽게 <문법_기타>되었다</문법_기타> <문법_맞춤법>이책은 </문법_맞춤법>치숙이란 작품이다.",
      "sentence_corr_txt_styling": "",
      "paragraph_id": "001"
    },
    {
      "sentence_corr_txt_grammar": "\n'아저씨'는 대학을 나오고 사회 운동을 하다 감방에 들어갔다 나와 폐렴으로 앓아누워 아주머니의 수발을 받고 있다.",
      "sentence_corr_reason": [
        "",
        "띄어쓰기"
      ],
      "sentence_id": "0002",
      "sentence_corr_type": [
        "스타일링",
        "문법"
      ],
      "sentence_corr_detail_type": [
        "담화 맥락 오류",
        "맞춤법"
      ],
      "sentence_txt": "\n'아저씨'는 대학을 나오고 <스타일링_담화 맥락 오류>운동을</스타일링_담화 맥락 오류> 하다 감방에 들어갔다 나와 폐렴으로 앓아누워 아주머니의 수발을 <문법_맞춤법>받고있다</문법_맞춤법>.",
      "sentence_corr_txt_styling": "\n'아저씨'는 대학을 나오고 사회 운동을 하다 감방에 들어갔다 나와 폐렴으로 앓아누워 아주머니의 수발을 받고 있다.",
      "paragraph_id": "001"
    },
    {
      "sentence_corr_txt_grammar": "\n'나'는 고모의 도움으로 고등학교를 졸업하고 점원으로 일하고 있다.",
      "sentence_corr_reason": [
        ""
      ],
      "sentence_id": "0003",
      "sentence_corr_type": [
        "문법"
      ],
      "sentence_corr_detail_type": [
        "맞춤법"
      ],
      "sentence_txt": "\n'나'는 고모의 도움으로 고등학교를 졸업하고 점원으로 <문법_맞춤법>일하고잇다</문법_맞춤법>.",
      "sentence_corr_txt_styling": "",
      "paragraph_id": "001"
    },
    {
      "sentence_corr_txt_grammar": "\n아저씨는 일본에서 대학을 나오고 서른넷이나 되었지만 주인공인 '나'가 보기에는 그냥 철들지 못해 안타까운 인간이다.",
      "sentence_corr_reason": [
        "",
        "불필요",
        "불필요"
      ],
      "sentence_id": "0004",
      "sentence_corr_type": [
        "스타일링",
        "문법",
        "문법"
      ],
      "sentence_corr_detail_type": [
        "담화 맥락 오류",
        "조사",
        "기타"
      ],
      "sentence_txt": "\n<문법_조사><문법_기타>나는 아저씨가</문법_기타></문법_조사> 일본에서 대학을 나오고 서른넷이나 되었지만 <스타일링_담화 맥락 오류>나 가 볼땐</스타일링_담화 맥락 오류> 그냥 철들지 못해 안타까운 인간이다.",
      "sentence_corr_txt_styling": "\n아저씨는 일본에서 대학을 나오고 서른넷이나 되었지만 주인공인 '나'가 보기에는 그냥 철들지 못해 안타까운 인간이다.",
      "paragraph_id": "001"
    },
    {
      "sentence_corr_txt_grammar": "아저씨는 착한 아주머니를 내쫓아 버리고 다른 여자와 만나 사회주의 운동을 하고 감방에 갔다 나와 폐렴을 앓는 환자가 되었다.",
      "sentence_corr_reason": [
        "띄어쓰기",
        "주어없음"
      ],
      "sentence_id": "0005",
      "sentence_annotation_tag": "불필요",
      "sentence_corr_type": [
        "문법",
        "스타일링"
      ],
      "sentence_corr_detail_type": [
        "맞춤법",
        "기타"
      ],
      "sentence_txt": "<스타일링_기타>착한 아주머니를</스타일링_기타> <문법_맞춤법>내쫒아버리고 </문법_맞춤법>다른 여자와 만나 사회주의 운동을 하고 감방에 갔다 나와 폐렴을 앓는 환자가 되었다.",
      "sentence_corr_txt_styling": "아저씨는 착한 아주머니를 내쫓아 버리고 다른 여자와 만나 사회주의 운동을 하고 감방에 갔다 나와 폐렴을 앓는 환자가 되었다.",
      "paragraph_id": "001"
    },
    {
      "sentence_corr_txt_grammar": "\n아주머니는 돈을 모아 편히 살려고 했는데 아저씨 때문에 수발만 들게 되었다. ",
      "sentence_corr_reason": [
        "",
        "",
        ""
      ],
      "sentence_id": "0006",
      "sentence_corr_type": [
        "문법",
        "문법",
        "문법"
      ],
      "sentence_corr_detail_type": [
        "맞춤법",
        "어미",
        "담화 맥락 오류"
      ],
      "sentence_txt": "\n아주머니는 돈을 모아 편히 <문법_맞춤법><문법_어미>살려했는데 </문법_어미></문법_맞춤법>아저씨 때문에 수발만 <문법_담화 맥락 오류>들게됨</문법_담화 맥락 오류>. ",
      "sentence_corr_txt_styling": "",
      "paragraph_id": "001"
    },
    {
      "sentence_corr_txt_grammar": "\n주인공이 봤을 때 아저씨는 공부를 잘하지 못한 인간이다.",
      "sentence_corr_reason": [
        "띄어쓰기",
        "띄어쓰기, 불필요"
      ],
      "sentence_id": "0007",
      "sentence_corr_type": [
        "문법",
        "스타일링"
      ],
      "sentence_corr_detail_type": [
        "맞춤법",
        "기타"
      ],
      "sentence_txt": "\n주인공이 <문법_맞춤법>봤을때 </문법_맞춤법>아저씨는 공부를 잘하지못한 <스타일링_기타>인간으로 틀림없이 보고있다.</스타일링_기타>",
      "sentence_corr_txt_styling": "\n주인공이 봤을 때 아저씨는 공부를 잘하지 못한 인간이다.",
      "paragraph_id": "001"
    },
    {
      "sentence_corr_txt_grammar": "\n나는 일본 여자에게 장가가겠다는 목표가 있지만 아저씨는 그것을 못마땅하게 생각한다.",
      "sentence_corr_reason": [
        "띄어쓰기",
        ""
      ],
      "sentence_id": "0008",
      "sentence_corr_type": [
        "문법",
        "스타일링"
      ],
      "sentence_corr_detail_type": [
        "맞춤법",
        "담화 맥락 오류"
      ],
      "sentence_txt": "\n나는 <문법_맞춤법>일본여자에게 </문법_맞춤법><스타일링_담화 맥락 오류>장가들어 가겠다는</스타일링_담화 맥락 오류> 목표가 있지만 아저씨는 그것을 못마땅하게 생각한다.",
      "sentence_corr_txt_styling": "\n나는 일본 여자에게 장가가겠다는 목표가 있지만 아저씨는 그것을 못마땅하게 생각한다.",
      "paragraph_id": "001"
    },
    {
      "sentence_corr_txt_grammar": "\n이 내용은 일본 여자를 만나 장가가겠다는 '나'와 어리석은 아저씨를 같이 비판하고 있다.",
      "sentence_corr_reason": [
        "띄어쓰기",
        "비속어"
      ],
      "sentence_id": "0009",
      "sentence_corr_type": [
        "문법",
        "스타일링"
      ],
      "sentence_corr_detail_type": [
        "맞춤법",
        "기타"
      ],
      "sentence_txt": "\n이 내용은 <문법_맞춤법>일본여자를 </문법_맞춤법>만나 장가가 겠다는 '나'와 어리석은 아저씨를 같이 <스타일링_기타>돌려까고있다</스타일링_기타>.",
      "sentence_corr_txt_styling": "\n이 내용은 일본 여자를 만나 장가가겠다는 '나'와 어리석은 아저씨를 같이 비판하고 있다.",
      "paragraph_id": "001"
    },
    {
      "sentence_corr_txt_grammar": " 이는 현실적이냐 사회주의적 삶을 지향하냐의 차이이고 내가 만약 저 상황에 있다면 나도 어떤 선택을 해야 할지 모를 것 같다.",
      "sentence_corr_reason": [
        "",
        "",
        ""
      ],
      "sentence_id": "0010",
      "sentence_corr_type": [
        "스타일링",
        "문법",
        "스타일링"
      ],
      "sentence_corr_detail_type": [
        "담화 맥락 오류",
        "맞춤법",
        "기타"
      ],
      "sentence_txt": " <스타일링_담화 맥락 오류>이내용은 </스타일링_담화 맥락 오류>현실적이냐 사회주의적 삶을 지향하냐의 <문법_맞춤법>차이 이고</문법_맞춤법> 내가 <스타일링_기타>저상황에 </스타일링_기타>있다면 나도 어떤선택을 해야할지 모를것같다.",
      "sentence_corr_txt_styling": " 이는 현실적이냐 사회주의적 삶을 지향하냐의 차이이고 내가 만약 저 상황에 있다면 나도 어떤 선택을 해야 할지 모를 것 같다.",
      "paragraph_id": "001"
    }
  ],
  "info": {
    "essay_id": "ESSAY_34692",
    "essay_prompt": " 영화에는 로맨스, 액션, 스릴러 등 정말 많은 장르가 있습니다. 사람마다 좋아하는 장르가 있고 절대 보지 않는 장르도 있습니다.\r\n\r\n 독서도 마찬가지입니다. 소설, 수필, 시, 만화, 위인전 등 여러가지 장르가 있습니다.\r\n\r\n 여러분은 어떤 장르를 좋아하나요? 그리고 해당 장르에서 가장 재미있게 봤던 영화나 책은 무엇인가요?\r\n\r\n 자신이 봤던 영화 혹은 책을 한 편 선정하여 주제와 내용 그리고 느낀점을 감상문으로 작성해주세요.",
    "essay_type": "설명글",
    "essay_level": "3",
    "essay_len": 505,
    "essay_main_subject": "영화/독서감상문"
  }
}