{
  "paragraph": [
    {
      "paragraph_txt": "이책은 로봇에 관한 책이다.#@문장구분#\n먼저 로봇이 주로 하는일은 인간이 하기 힘든일이나 인간의 생명이 위험할수 있을때 로봇이 대체되어 일을한다.#@문장구분#\n이책에서 나오는 로봇들이 하는 일은 수리,약품제조,물건생산,화학물품제조,우주탐사,전투,청소,인공동물제조 등등이 있다 로봇이 하는일을 보면 인간이 못하는일을 하고 있다.#@문장구분#\n책제목도 일을하는 로봇이다.#@문장구분# 이런 로봇이 악용되면 안된다는 내용도 나온다 로봇은 컴퓨터로 되어있어서 자동차운전을 할수도 있다.#@문장구분# 인간이 개발을 함으로써 로봇의 발전은 무궁무진하다. #@문장구분#우주탐사 같은경우는 이미 달탐사 다른행성 참사 를 많이 하고 있다 그래서 우 리는 많은걸 알고 있다 로봇이 전투도 함으로써 인간이 직접안싸워도 된다 로봇덕분에 우리는 많은 이점이 생겼다 .#@문장구분#\n이책은 로봇이 무슨무슨일을 하고있는지 로봇이 하는일이 얼마나 광범위한지 알려주는거 같다. #@문장구분#공대에 진학하고 싶은 친구들이 보면 로봇에대한 위대감이 느껴질거 같다.#@문장구분#",
      "paragraph_len": 645,
      "paragraph_id": "001"
    }
  ],
  "score": {
    "paragraph_score": [
      {
        "paragraph_scoreT": [
          1.3333334,
          2,
          1.8333334
        ],
        "paragraph_scoreT_detail": {
          "paragraph_scoreT_exp": [
            [
              2,
              1,
              1
            ],
            [
              2,
              2,
              2
            ],
            [
              2,
              2,
              1
            ]
          ]
        },
        "paragraph_scoreT_avg": 1.7222223,
        "paragraph_id": "001"
      }
    ],
    "essay_scoreT": [
      13.222222,
      20.444445,
      17.333334
    ],
    "essay_scoreT_avg": 17,
    "essay_scoreT_detail": {
      "essay_scoreT_org": [
        [
          1,
          3,
          1,
          1
        ],
        [
          2,
          2,
          3,
          2
        ],
        [
          1,
          1,
          1,
          1
        ]
      ],
      "essay_scoreT_cont": [
        [
          2,
          0,
          0,
          2
        ],
        [
          2,
          2,
          0,
          2
        ],
        [
          2,
          2,
          0,
          2
        ]
      ],
      "essay_scoreT_exp": [
        [
          2,
          1,
          1
        ],
        [
          2,
          2,
          2
        ],
        [
          2,
          2,
          1
        ]
      ]
    }
  },
  "student": {
    "date": "2021.09.07",
    "student_educated": true,
    "student_grade": "고등_1학년",
    "location": "063",
    "student_grade_group": "고등",
    "student_reading": 2
  },
  "rubric": {
    "essay_grade": "고등_1학년",
    "organization_weight": {
      "org_paragraph": 2,
      "org": 2,
      "org_essay": 4,
      "org_coherence": 2,
      "org_quantity": 1
    },
    "essay_type": "설명글",
    "content_weight": {
      "con_clearance": 4,
      "con_novelty": 3,
      "con": 4,
      "con_prompt": 0,
      "con_description": 1
    },
    "essay_main_subject": "영화/독서감상문",
    "expression_weight": {
      "exp_style": 1,
      "exp_grammar": 2,
      "exp_vocab": 3,
      "exp": 4
    }
  },
  "correction": [],
  "info": {
    "essay_id": "ESSAY_34506",
    "essay_prompt": " 영화에는 로맨스, 액션, 스릴러 등 정말 많은 장르가 있습니다. 사람마다 좋아하는 장르가 있고 절대 보지 않는 장르도 있습니다.\r\n\r\n 독서도 마찬가지입니다. 소설, 수필, 시, 만화, 위인전 등 여러가지 장르가 있습니다.\r\n\r\n 여러분은 어떤 장르를 좋아하나요? 그리고 해당 장르에서 가장 재미있게 봤던 영화나 책은 무엇인가요?\r\n\r\n 자신이 봤던 영화 혹은 책을 한 편 선정하여 주제와 내용 그리고 느낀점을 감상문으로 작성해주세요.",
    "essay_type": "설명글",
    "essay_level": "3",
    "essay_len": 465,
    "essay_main_subject": "영화/독서감상문"
  }
}