{
  "paragraph": [
    {
      "paragraph_txt": "수학을 잘하는 사람은 언제나 부러움의 대상이었다.#@문장구분# 수학을 잘하려면 타고나야 한다느니, 수학 때문에 가는 대학의 종류가 바뀐다는 말도 많이 들었다.#@문장구분# 이런 얘기는 개인적인 차원을 넘어선다.#@문장구분# 국가적인 전략을 수립할 때도 과학, 기술, 공학, 수학 분야의 학문을 집중 육성해야 21세기의 산업 경쟁력을 확보할 수 있다는 말을 심심치 않게 듣는다.#@문장구분# 아무리 다른 과목에 탁월한 재능을 보여도 수학을 못하면 '우등생'이 될 수 없는 것이 지금 우리의 현실이다.#@문장구분# 하지만 사회에 나와서는 어떨까?#@문장구분# 수학을 가르치는 교사나 교수가 아닌 다음에야, 실무에서 인수분해가 필요했던 순간이 있었던가?#@문장구분# 일상 업무에서 '수학적 추론'을 사용해야 했는가?#@문장구분# 심지어 소프트웨어 개발자, 시스템 분석가 등 컴퓨터 관련 직업이나 보험계리인 같은 숫자를 달고 살 것 같은 사람들, 엔지니어나 과학자들조차도 일상 업무에서 학창시절에 배웠던 수학은 거의 사용할 기회가 없다고 말한다.#@문장구분# 그들에게는 자기분야에 맞는 맞춤형 수학 교육이 더 절실하다고 호소한다.#@문장구분# 물론 이 책의 저자는 수학 반대주의자는 아니다.#@문장구분# 저자는 대학교에서 수학을 가르친 경험도 있고, 통계와 계량 분석이 몸에 익은 사회학자다.#@문장구분# 저자는 숫자를 다루는 감각, 즉 수리력에 관한 개념이 없고 자기 삶에서 수를 활용하는 방식을 모르는 것이 더 큰 문제라고 주장한다.#@문장구분# 숫자를 다루는 능력이야말로 분야를 불문하고 삶을 윤택하게 하는 데 꼭 필요한 기술이기 때문이다.#@문장구분# 가령 공공문서나 기업 보고서, 통계 도표나 차트, 계산식을 이해하는 능력 등이다.#@문장구분# 이 책은 수학을 중심으로 '사회 우등생' 만들기에 여념이 없는 입시 카르 텔의 민낯을 드러내고, 수학에 관한 지나친 두려움과 맹신이 쌓아올린 미신의 구조를 파헤친다.#@문장구분# 이렇게 하는 이유가 있다.#@문장구분# 수학실력과는 상관없이 당신은 자기 길을 찾을 수 있다는 것이다.#@문장구분# 당신의 좋은 것들을 수학에 빼앗기지 말라는 것이다.#@문장구분# 이 책의 저자는 수학적 추론 능력이 인생의 다른 문제를 해결하는 데에도 직접적 도움이 된다는 주장을 치밀하게 반박하면서, 인생이 수학 때문에 꼬였다고 생각하는 사람들에게 희망을 전한다.#@문장구분# 저자는 또한 저명한 대학의 수학과에서 가르친적도 있고, 늘 통계와 계량 분석의 중요성을 강조하는 사회학자이지만, 일상에서 아무런 쓸모도 없는 수학 때문에 심각한 인생의 벽을 경험한 이들을 자주 만나며 수학 실력 자체가 곧 특권이 되어버린 세상에서 주눅 들지 않고 자기 길을 개척하는 방법을 소개하려고 이 책을 썼다고 한다.#@문장구분# 저자는 학생들이 풀어야 하는 수학 문제들이 현실과 얼마나 동떨어져 있는지 여러 사례를 들어 설명한다.#@문장구분# 우리는 수학적 추론 능력이 지적 수준을 끌어올려 다른 분야의 학문탐구에도 큰 영향을 준다고 믿어왔지만, 그 상관관계가 밝혀진 적은 사실 한 번도 없다.#@문장구분# 한마디로 수학을 잘하면 다른 과목도 잘한다는 것인데, 인생은 학교 성적대로 풀리지 않는다.#@문장구분# 오히려 수학이라는 장벽은 기회를 박탈하고 개인의 창조성을 억압하며 다양한 재능이 넘치는 사회로 가는 길을 막는다.#@문장구분# 저자는 이런 착각 혹은 환상으로 항상 패배자처럼 주눅 들어 살아가는 사람들에게 그럴 필요 없다고 언급한다.#@문장구분# 앞으로 늘어나는 일자리는 주로 이공계통에서 발생한다고 이야기하지만, 현실을 더욱 가혹하다.#@문장구분# 취업자들은 '수학 실력'으로 상징되는 스펙이 좋아 일자리를 얻은 것이 아니다. 한마디로 그 회사에 필요한 기술과 지식이 있어서, 낮은 수준의 연봉에서 커리어를 시작하는 사람이 많다.#@문장구분# 실제로 도요타, 혼다, BMW와 같은 고급 자동차 제조 시설에서 일하는 근로자 중에는 지역 토종 인력이 많으며, 그들의 수학 낙제율은 미국의 평균보다 4-50%나 높다.#@문장구분# 하지만 '작업장에서의 문제 대 부분은 기본적인 산수인 사칙연산으로 풀 수 있었다.#@문장구분# '그들이 직접 이렇게 말했다.#@문장구분# 이는 모두에게 고등수학을 강제하면 다른 재능의 계발을 막고, 졸업과 취업마저 힘들게 하는 불합리한 걸림돌이 될 수 있음을 보여준다.#@문장구분# 가령 사회에서 그렇게 필요하다던 수학 실력을 갈고닦아 준비했지만 실제로 회사에서는 그런 지식을 사용할 기회가 거의 없다.#@문장구분# 이전에 며칠씩 걸리던 복잡한 계산을 엑셀의 함수작 업 몇 번으로 두 세시간 만에 정리하게 되는 일이 실제로 빈번하게 일어난다.#@문장구분# 이런 탈숙련화가 일어나면서 고도로 숙련된 근로자들도 직업 사다리 아래쪽으로 내려온다.#@문장구분# 이공계통 직종의 절반은 '4년제 대학 졸업장이 없어도 충분히 작업을 수행할 정도'라고 밝힌다.#@문장구분# 여기에서 필요한 실력은 공정이나 장비에 필요한 '숫자'를 다룰 줄 아는 능력이다.#@문장구분# 항상 수학책을 끼고 살 것 같은 의사, 보험계리인, 소프트웨어 개발자, 엔지니어, 심지어 과학자들도 그들에게 일정하게 필요한 수학이 따로 있고, 실상 대부분 업무에서는 지극히 반복적인 산수만 필요할 뿐이라고 말한다.#@문장구분# 찰스 다윈은 과학적 패러다임을 바꾼 사람이지만 수학에는 전혀 소질이 없었다.#@문장구분# 즉, 복잡한 수학적 추론보다 구체적 현실에서 숫자를 다루는 능력이다!#@문장구분# 우린 '인류학을 공부하다 보면 천문학적인 소양도 늘어난다.'#@문장구분#, '수영을 잘하는 사람은 축구도 잘한다.'#@문장구분# 이런 주장을 들으면 대부분 무시한다.#@문장구분# 그런데 '수학을 잘하는 사람은 논리학에도 뛰어나다'라는 말은 어떤가?#@문장구분# 다항식을 잘 풀면 다른 현안에도 날카로운 통찰력이 생길까?#@문장구분# 한 분야의 사고 능력을 다른 분야에도 동일하게 적용할 수 있는지는 다소 의문이다.#@문장구분# 실제로 수학 성적과 다른 과목의 성적과의 상관관계를 조사한 결과 아무런 관계가 없음이 드러났다.#@문장구분# 오히려 저자가 실험한 바로는 비판적 독해 분야에서 고득점을 받은 학생이 수학 고득점자보다 다른 분야도 잘할 확률이 높았다.#@문장구분# 즉 대수학을 잘하고 싶으면 문학을 더 많이 공부해야 한다는 주장이 더 신빙성이 높다는 말이다.#@문장구분# 이런 현실적인 문제들은 수학자의 학문적 위상을 높이고 카르텔을 견고히 하는 데 이바지할 뿐 일상에서 만나는 문제를 해결하는 데에는 아무런 도움이 되지 않는다고 꼬집는다.#@문장구분# 수학은 일상의 문제 해결력을 높이기 위해 고안된 학문이 아니다.#@문장구분# 수학의 위대한 목표는 명제를 증명하는 일이다.#@문장구분# 수학자들의 증명 기법을 배운다고 해서 세상사의 복잡한 현상을 설명하는 데 직접적인 도움이 되지 않는다.#@문장구분# 이러한 이유로, 현실적인 문제 해결을 위해 수학 공부보다 더욱 알찬 방법이 많다고 저자는 말한다.#@문장구분# '당신의 좋은 것들을 수학에 빼앗기지 마라.#@문장구분# 행복은 전혀 다른 것들로 결정된다!'#@문장구분# 이 책을 읽으면서 가장 인상깊었던 문장이다.#@문장구분# 내가 수학을 공부하면서 받았던 스트레스들이 한 번에 씻겨나가는 느낌을 받을 수 있을 만큼 공감이 잘 되었다.#@문장구분# <br/><br/> 이 책은 수학을 중심으로 '사회 우등생' 만들기에 여념이 없는 입시의 민낯을 드러내고, 수학에 관한 지나친 두려움과 맹신이 쌓아올린 미신의 구조를 파헤친다. #@문장구분#나도 수험생으로서 수학을 놓으면 큰일이 날 것 같은 불안감을 항시 가지고 있다.#@문장구분# 이를 과감히 뿌리치는 방법을, 그리고 수학을 하기 위해 다른 것들을 놓치고 있지는 않은지에 대한 생각을 하게하고 생각의 전환을 일깨워 줄 만한 책이다.#@문장구분# 앞으로 늘어나는 일자리를 주로 이공계통에서 발생한다고 이야기하지만, 현실은 더욱 냉혹하다.#@문장구분# 취업자들은 '수학 실력'으로 상징되 는 스펙이 좋아 일자리를 얻은 것이 아니다.#@문장구분# 한마디로 그 회사에 필요한 기술과 지식이 있어서, 낮은 수준의 연봉에서 커리어를 시작 하는 사람이 많다.#@문장구분# 우리는 필요하지도 않은 수학 과정을 경솔하게 필수 과목으로 정해놓고 과도하게 집착하고 있는 것은 아닌가?#@문장구분# 저자 는 학생들이 풀어야 하는 수학 문제들이 현실과 얼마나 동떨어져 있는지 여러 사례를 들어 설명한다.#@문장구분# 이런 문제들은 수학자의 학문적 위상을 높이고 카르텔을 견고히 하는 데 이바지할 뿐 일상에서 문제를 해결하는 데에는 아무런 도움이 되지 않는다고 꼬집는다.#@문장구분# 수학은 일상의 문제 해결력을 높이기 위해 고안된 학문이 아니다.#@문장구분# 수학의 위대한 목표는 명제를 증명하는 일이다.#@문장구분# 수학자들의 증명 기법을 배운다고 해서 세상사의 복잡한 현상을 설명하는 데 직접적인 도움이 되진 않는다.#@문장구분# 이러한 이유로, 현실적인 문제해결을 위해 수학공부보다 더욱 알찬 방법이 많다고 저자는 말한다.#@문장구분# 수학에 관하여 고민하고 괴로워하는 사람들에게 어느정도의 가이드를 제공해 줄 수 있는 좋은책이라고 생각한다.#@문장구분# 또한 수학 교육에 관심이 많은 나에겐 좋은 관점을 얻을 수 있어 매우 유익했다.#@문장구분# ",
      "paragraph_len": 5510,
      "paragraph_id": "001"
    }
  ],
  "score": {
    "paragraph_score": [
      {
        "paragraph_scoreT": [
          3,
          2.6666667,
          2
        ],
        "paragraph_scoreT_detail": {
          "paragraph_scoreT_exp": [
            [
              3,
              3,
              3
            ],
            [
              2,
              3,
              3
            ],
            [
              2,
              2,
              2
            ]
          ]
        },
        "paragraph_scoreT_avg": 2.5555556,
        "paragraph_id": "001"
      }
    ],
    "essay_scoreT": [
      30,
      28.666668,
      19.777779
    ],
    "essay_scoreT_avg": 26.148148,
    "essay_scoreT_detail": {
      "essay_scoreT_org": [
        [
          3,
          3,
          3,
          3
        ],
        [
          3,
          3,
          3,
          3
        ],
        [
          2,
          2,
          2,
          1
        ]
      ],
      "essay_scoreT_cont": [
        [
          3,
          3,
          0,
          3
        ],
        [
          3,
          3,
          0,
          3
        ],
        [
          2,
          2,
          0,
          2
        ]
      ],
      "essay_scoreT_exp": [
        [
          3,
          3,
          3
        ],
        [
          2,
          3,
          3
        ],
        [
          2,
          2,
          2
        ]
      ]
    }
  },
  "student": {
    "date": "2021.09.09",
    "student_educated": true,
    "student_grade": "고등_1학년",
    "location": "051",
    "student_grade_group": "고등",
    "student_reading": 2
  },
  "rubric": {
    "essay_grade": "고등_1학년",
    "organization_weight": {
      "org_paragraph": 2,
      "org": 2,
      "org_essay": 4,
      "org_coherence": 2,
      "org_quantity": 1
    },
    "essay_type": "설명글",
    "content_weight": {
      "con_clearance": 4,
      "con_novelty": 3,
      "con": 4,
      "con_prompt": 0,
      "con_description": 1
    },
    "essay_main_subject": "영화/독서감상문",
    "expression_weight": {
      "exp_style": 1,
      "exp_grammar": 2,
      "exp_vocab": 3,
      "exp": 4
    }
  },
  "correction": [],
  "info": {
    "essay_id": "ESSAY_34641",
    "essay_prompt": " 영화에는 로맨스, 액션, 스릴러 등 정말 많은 장르가 있습니다. 사람마다 좋아하는 장르가 있고 절대 보지 않는 장르도 있습니다.\r\n\r\n 독서도 마찬가지입니다. 소설, 수필, 시, 만화, 위인전 등 여러가지 장르가 있습니다.\r\n\r\n 여러분은 어떤 장르를 좋아하나요? 그리고 해당 장르에서 가장 재미있게 봤던 영화나 책은 무엇인가요?\r\n\r\n 자신이 봤던 영화 혹은 책을 한 편 선정하여 주제와 내용 그리고 느낀점을 감상문으로 작성해주세요.",
    "essay_type": "설명글",
    "essay_level": "3",
    "essay_len": 4042,
    "essay_main_subject": "영화/독서감상문"
  }
}