{
  "paragraph": [
    {
      "paragraph_txt": "이 책은 내가 아빠한테 추천을 받아서 읽게 된 책이다.#@문장구분# 이 책을 읽는데 거의 반년 정도 걸린것 같다.#@문장구분# 이 책은 한줄 한줄 읽어나갈 때 마다 너무나도 새로운 정보들로 가득 차 있었다.#@문장구분# 책을 읽는데 오랜 시간이 걸린 이유는 책의 내용이 너무 어려웠기 때문이다.#@문장구분# 그래서 나는 아빠가 추천해준 방법대로 책의 내용을 메모하면서 읽기 시작했다.#@문장구분# 이 책에서 텔로미어라는 것이 나오는데, 이것은 염색체 말단 부분으로, 염색체가 마모되지 않도록 염색체 끝을 감싸주는 역할을 한다.#@문장구분# 텔로미어는 노화와 관련된 부분으로, 텔로미어가 복제되는 과정에서 일부 오류가 생기면 그 오류가 점점 쌓여 노화된다는 노화설의 일종에 연루된 염색체이다.#@문장구분# 이 책을 전부 다 읽기에는 조금 버거운 감이 있었기 때문에 가장 흥미로워 보이는 부분을 골라서 읽었는데, 첫번째는 달걀에 대한 이야기였다.#@문장구분# 달걀의 숨구멍 사이사이로 닭똥과 온갖 세균들이 득실득실 거리고 있다고 한다.#@문장구분# 저자는 이렇게 더러운 달걀을 입에다 대고 빨아먹는 사람들을 비꼬아서 말하기도 한다.#@문장구분# 특히 무척이나 새로웠던 내용은 달걀의 황화철에 대한 내용이다.#@문장구분# 달걀 노른자를 보면 거뭇거뭇한 색깔이 있는데, 그 이 유는 황과 철이 결합하여 거뭇거뭇한 색의 황화철을 이루었기 때문이라고 한다.#@문장구분# 또 인상적이었던 내용은 비타민 D에 대한 이야기인데, 비타민 D는 햇빛을 통해 합성되는데, 비타민 D는 지용성 비타민이기 때문에 몸에 쌓이면 비타민 C처럼 물에 섞여 몸 밖으로 빠져 나가질 않는다.#@문장구분# 그래서 콩팥에 요석이 생기거나 뼈가 부스러질 수 있다고 한다.#@문장구분# 그러나 또 한편으로는 비타민 D가 없으면 뼈가 굽을 수 있다고 한다.#@문장구분# 이 책을 읽는 동안에 알게 된 내용이 많았지만 지금 이 것을 쓰는 시점에 내 기억에는 거의 남아 있지를 않는다.#@문장구분# 내가 메모해 둔것을 다시 읽어보면서 머릿속을 정리하다 보니 내용들이 다시 머릿속에 생각이 난다.#@문장구분# 결국 내가 이 책을 전부 읽는것은 실패 했지만 그래도 내가 생명과학에 대한 더 많은 정보를 알게 된것 같아 생명과학에 대한 흥미가 더 생긴거 같다.#@문장구분#",
      "paragraph_len": 1365,
      "paragraph_id": "001"
    }
  ],
  "score": {
    "paragraph_score": [
      {
        "paragraph_scoreT": [
          2.1666667,
          2,
          1.3333334
        ],
        "paragraph_scoreT_detail": {
          "paragraph_scoreT_exp": [
            [
              2,
              2,
              3
            ],
            [
              2,
              2,
              2
            ],
            [
              2,
              1,
              1
            ]
          ]
        },
        "paragraph_scoreT_avg": 1.8333335,
        "paragraph_id": "001"
      }
    ],
    "essay_scoreT": [
      26.222221,
      21.5,
      13.555555
    ],
    "essay_scoreT_avg": 20.425926,
    "essay_scoreT_detail": {
      "essay_scoreT_org": [
        [
          3,
          3,
          2,
          3
        ],
        [
          2,
          2,
          2,
          2
        ],
        [
          1,
          1,
          1,
          2
        ]
      ],
      "essay_scoreT_cont": [
        [
          3,
          3,
          0,
          3
        ],
        [
          2,
          3,
          0,
          2
        ],
        [
          2,
          1,
          0,
          1
        ]
      ],
      "essay_scoreT_exp": [
        [
          2,
          2,
          3
        ],
        [
          2,
          2,
          2
        ],
        [
          2,
          1,
          1
        ]
      ]
    }
  },
  "student": {
    "date": "2021.09.09",
    "student_educated": true,
    "student_grade": "고등_1학년",
    "location": "051",
    "student_grade_group": "고등",
    "student_reading": 1
  },
  "rubric": {
    "essay_grade": "고등_1학년",
    "organization_weight": {
      "org_paragraph": 2,
      "org": 2,
      "org_essay": 4,
      "org_coherence": 2,
      "org_quantity": 1
    },
    "essay_type": "설명글",
    "content_weight": {
      "con_clearance": 4,
      "con_novelty": 3,
      "con": 4,
      "con_prompt": 0,
      "con_description": 1
    },
    "essay_main_subject": "영화/독서감상문",
    "expression_weight": {
      "exp_style": 1,
      "exp_grammar": 2,
      "exp_vocab": 3,
      "exp": 4
    }
  },
  "correction": [],
  "info": {
    "essay_id": "ESSAY_34791",
    "essay_prompt": " 영화에는 로맨스, 액션, 스릴러 등 정말 많은 장르가 있습니다. 사람마다 좋아하는 장르가 있고 절대 보지 않는 장르도 있습니다.\r\n\r\n 독서도 마찬가지입니다. 소설, 수필, 시, 만화, 위인전 등 여러가지 장르가 있습니다.\r\n\r\n 여러분은 어떤 장르를 좋아하나요? 그리고 해당 장르에서 가장 재미있게 봤던 영화나 책은 무엇인가요?\r\n\r\n 자신이 봤던 영화 혹은 책을 한 편 선정하여 주제와 내용 그리고 느낀점을 감상문으로 작성해주세요.",
    "essay_type": "설명글",
    "essay_level": "3",
    "essay_len": 1005,
    "essay_main_subject": "영화/독서감상문"
  }
}