{
  "paragraph": [
    {
      "paragraph_txt": "'당신들의 천국'이라는 장편 소설을 읽었다.#@문장구분# 이 책은 많은 페이지로 인해 무거운 책의 무게 만큼이나 어둡고 침울한 주제를 가지고 있다.#@문장구분#\n  \n이 소설은 한셈병 환자들이 사회로부터 격리되어 모여사는 소록도 라는 섬을 배경으로 한다.#@문장구분# 그렇기 때문에 이 섬에 거주하고 있는 한셈병 환자들과 새로 부임한 이 섬의 절대적 권력자이자 섬 안 병원의 원장인 '조백헌 원장'이 소설의 중심인물이 된다.#@문장구분#\n  \n이 섬 사람들은 저마다의 상처와 권력자에 대한 공포로 인한 공동의 상처, 그리고 병적인 아픔 등 많은 상처를 가지고 있다.#@문장구분# 한셈병(그 당시엔 문둥병, 나병 등으로 불림) 을 가지고 있다는 이유만으로 가족들에게서 떨어져서 섬으로 추방당했던 그들은 그 병이 완치되더라도 그 섬을 나가지 못했고 심지어 죽어서도 화장되어 그 섬에 남아야만 했다.#@문장구분# 그러던 중 조백헌 원장이 부임하기 전, 즉 이 소설\n의 현재시점으로부터 20년 전 '주정수'라는 일본인이 이 섬의 원장으로 부임 되었었다.#@문장구분# 그는 암울하고 무거운 이 섬의 분위기를 바꾸려 했고 병원시설과 요양환경을 개선하기위한 사업을 계획하고 실행한다.#@문장구분# 그 섬의 주민들 즉, 원생들은 그를 따랐고, 사람들은 잃어가던 희망을 찾게 된다.#@문장구분# 하지만 그 기쁨도 잠시, 주정수 원장은 자신의 성과를 이룰수록 원생들의 편안과 행복이 아닌 자신의 업적을 얻\n고자 하였고 무리한 사업계획의 대가는 모두 원생들이 부담해야만 했다.#@문장구분# 그들은 쉴 틈없이 노동하였고 그렇지않으면 수많은 채찍질을 당해야만 했다.#@문장구분# 더 이상 그 섬에서는 희망을 찾기 어려워 졌고 그 대신에 원생들의 손가락이나 발가락이 바닥에 내뒹굴고 있었다.#@문장구분# 결국 주정수 원장은 자신의 커다란 '동상'을 새웠고 반대로 원생들 에게는 주정수 원장의 부임 이전 보다 더 한 재앙을 가져다 주었다.#@문장구분# 그로인해 그들은 누군가를 신뢰하는 것에 대한 두려움이 생겼다.#@문장구분#\n  \n하지만 이 소설의 핵심인물인 조백헌 원장은 달랐다.#@문장구분# 그는 자신의 업적보다는 그 섬에 진정한 행복을 가져다 주고 싶어 하였다.#@문장구분# 하지만 그의 계획을 실행하기엔 원생들이 따라주지 않았다.#@문장구분# 이미 한번의 큰 배반을 당했던 그들은 조백헌 원장에게서도 '동상'을 보고 있었기 때문이였다.#@문장구분# 그럼에도 불구하고 조백헌 원장은 포기하지 않고 원생들로 구성된 축구단을 만들어 어느정도의 신임을 얻었고 여러 개선사업들을 진행하며 점차 원생들은 그를 신뢰하게 되었다.#@문장구분# 조원장은 거기서 멈추지 않고 큰 계획안을 제시한다.#@문장구분# 바로 300만평의 바다를 흙으로 메워 농간지로 만드는 간척사업 진행안이였다.#@문장구분# 많은 원생들은 조원장의 무리한 사업안을 수락하지 않았다.#@문장구분# 주정수 원장으로부터 받은 아픔을 떠올랐고 두번 다시는 그 아픔을 감내할 자신이 없었기 때문이다.#@문장구분# 하지만 조원장은 결국 사업 실패시, 자신의\n손으로 자신을 직접 단죄할것을 맹세 한 후 원생들의 지지를 받게 되어 간척 사업을 진행하게 된다.#@문장구분#",
      "paragraph_len": 1877,
      "paragraph_id": "001"
    },
    {
      "paragraph_txt": "  나는 소록도 라는 제한적인 배경이 1960~70년대 우리나라 전반적인 사회와 큰 차이를 느끼지 못했다.#@문장구분# 지도자들의 허위된 공약들과 그로인한 희생은 모두 국민이 해야만 했었던 결코 가볍지만은 않았던 근대화 과정이 떠올랐기 때문이다.#@문장구분# '나라 경제 발전'과 '섬 내 병원시설,요양환경 개선'이라는 명분은 충분했지만 그 과정에서 누군가는 희생당해야 했고, 희생당한자와 그렇지않은자들은 결국 피지배층과 지배층으로 나누어 지는 구조는 현실에서도 크게 다르지 않음을 느꼈다.#@문장구분# 어쩌면 작가는 이 소설을 통해 당시의 지도자들이 권력의 무게를 진중하게 느껴야 할 필요성을 일깨워 주고 각자만의 '동상'을 위해 누군가를 착취해선 안된다라는 경고의 메세지를 주는것 같았다.#@문장구분#\n또한 나는 이 소설을 읽고 '명분'이라는 단어의 이중성을 생각해 볼 수 있었다.#@문장구분# 앞서 말했듯 섬 개발사업을 위한 명분은 충분했지만 결과는 참담했다.#@문장구분# 결국 명분을 쥐고 있다는 것은 그로 인해 생기는 문제점이나 명분을 따랐을때 실패할 경우를 정당화할 정당성을 쥐고 있다는 것으로도 해석 되기 때문이다.#@문장구분# 명분이 있다고 해서 그 선택지를 무조건 따라가야 하는것은 굉장히 위험한 칼날이 될 수 있다는 것을 깨달았다.#@문장구분# 그리고 '명분'이라는 것이 어쩌면은 강자들이 독점하고 있는 현실을 생각해 볼 수 있게 되었다.#@문장구분# 따라서 명분의 유무를 판단하는것이 아닌 그 명분의 본질을 파악하는 힘을 길러야 겠다.#@문장구분#\n  \n나는 이 소설을 완독한 후 말할 수 없는 감동을 느꼈다.#@문장구분# 앞서말했던, 지도자의 무게와 명분 뿐만 아니라 사람과 사람사이의 신뢰의 중요성을 느꼈고 소설의 후미에서 남,여 원생 두명이 결혼하는 장면으로 끝을 내는 것에서 근대화로 인해 단절되고 각자의 생존과 이익만을 추구하는 세상속에서 사람과 사람간의 사랑이 얼마나 중요하고 얼마나 큰 힘을 주는지 깨달았다.#@문장구분# 이 소설의 제목처럼 명분을\n이용하여 남들의 피와 살로 자신의 이익을 챙기는 그 '<당신>들의 천국'이 아닌 '<우리>들의 천국'을 만들기 위해 노력해야겠다.#@문장구분#",
      "paragraph_len": 1257,
      "paragraph_id": "002"
    }
  ],
  "score": {
    "paragraph_score": [
      {
        "paragraph_scoreT": [
          3,
          3,
          2.1666667
        ],
        "paragraph_scoreT_detail": {
          "paragraph_scoreT_exp": [
            [
              3,
              3,
              3
            ],
            [
              3,
              3,
              3
            ],
            [
              2,
              2,
              3
            ]
          ]
        },
        "paragraph_scoreT_avg": 2.7222223,
        "paragraph_id": "001"
      },
      {
        "paragraph_scoreT": [
          3,
          3,
          2.1666667
        ],
        "paragraph_scoreT_detail": {
          "paragraph_scoreT_exp": [
            [
              3,
              3,
              3
            ],
            [
              3,
              3,
              3
            ],
            [
              2,
              2,
              3
            ]
          ]
        },
        "paragraph_scoreT_avg": 2.7222223,
        "paragraph_id": "002"
      }
    ],
    "essay_scoreT": [
      30,
      29.11111,
      23.833334
    ],
    "essay_scoreT_avg": 27.648148,
    "essay_scoreT_detail": {
      "essay_scoreT_org": [
        [
          3,
          3,
          3,
          3
        ],
        [
          2,
          3,
          3,
          3
        ],
        [
          2,
          2,
          3,
          3
        ]
      ],
      "essay_scoreT_cont": [
        [
          3,
          3,
          0,
          3
        ],
        [
          3,
          3,
          0,
          3
        ],
        [
          3,
          2,
          0,
          3
        ]
      ],
      "essay_scoreT_exp": [
        [
          3,
          3,
          3
        ],
        [
          3,
          3,
          3
        ],
        [
          2,
          2,
          3
        ]
      ]
    }
  },
  "student": {
    "date": "2021.09.10",
    "student_educated": true,
    "student_grade": "고등_1학년",
    "location": "063",
    "student_grade_group": "고등",
    "student_reading": 3
  },
  "rubric": {
    "essay_grade": "고등_1학년",
    "organization_weight": {
      "org_paragraph": 2,
      "org": 2,
      "org_essay": 4,
      "org_coherence": 2,
      "org_quantity": 1
    },
    "essay_type": "설명글",
    "content_weight": {
      "con_clearance": 4,
      "con_novelty": 3,
      "con": 4,
      "con_prompt": 0,
      "con_description": 1
    },
    "essay_main_subject": "영화/독서감상문",
    "expression_weight": {
      "exp_style": 1,
      "exp_grammar": 2,
      "exp_vocab": 3,
      "exp": 4
    }
  },
  "correction": [],
  "info": {
    "essay_id": "ESSAY_34438",
    "essay_prompt": " 영화에는 로맨스, 액션, 스릴러 등 정말 많은 장르가 있습니다. 사람마다 좋아하는 장르가 있고 절대 보지 않는 장르도 있습니다.\r\n\r\n 독서도 마찬가지입니다. 소설, 수필, 시, 만화, 위인전 등 여러가지 장르가 있습니다.\r\n\r\n 여러분은 어떤 장르를 좋아하나요? 그리고 해당 장르에서 가장 재미있게 봤던 영화나 책은 무엇인가요?\r\n\r\n 자신이 봤던 영화 혹은 책을 한 편 선정하여 주제와 내용 그리고 느낀점을 감상문으로 작성해주세요.",
    "essay_type": "설명글",
    "essay_level": "3",
    "essay_len": 2385,
    "essay_main_subject": "영화/독서감상문"
  }
}