{
  "paragraph": [
    {
      "paragraph_txt": "인터넷에서 물리학과 관련된 책을 추천하는 글들을 검색하던중 아주 인상적인 제목이 내눈에 들어왔다.#@문장구분# '시간은 흐르지 않는다',#@문장구분# 일반적인 사람이라면 정말로 흥미롭지 않을 수가 없는 제목이다.#@문장구분# 물리학을 배우지 않았다면 이게 무슨소린지 이해가 가지 않는 사람이 대다수 일것이다.#@문장구분# 그래도 나는 물리학을 학교에서 배웠기에 이 책이 무슨 내용을 다룰지 짐작이 갔다.#@문장구분# 오히려 이런 전말을 알고있는 나로써 이 책의 제목은 나의 흥미를 자극하는데 충분했고 이 책을 이해하기가 얼마나 힘들지 예상이 갔다.#@문장구분# 그런 우려속에서 첫 페이지를넘겼다.#@문장구분# 내가 이해할수 없는말들이 대다수일거라 예상한거와 달리 다행히도 초반부에 내용을 읽을 만했다.#@문장구분# 이책은 총 3부로 나누어져있는데 1부에서는 기본적으로 현대 물리학이 이해한 시간에 대한 설명이고 2부에서는 시간이 없던세상, 그리고 클라이 맥스인 3부에서는 가장어렵지만 중요한 내용인 1부에서 언급한 잃어버린 시간을 향하는 회귀 여행이다#@문장구분#. 나는 일단 이 책을 최대한으로 이해하는걸 목표로 삼았기에 1부 밖에 읽지 못했다.#@문장구분# 1부에서는 앞서말했듯이 현대물리학으로 본 시간에 대한 이야기이다.#@문장구분# 처음에는 산과 평지에서의 시간차를 예시로 지구 중력에 따른 시간의 차이와 아인슈타인의 상대성이론을 설명했다.#@문장구분# 여기서 내가 이책을 읽으면서 가장 인상깊었던 문장 중 하나였던 '시간은 유일함을 상실했다'라는 문장이 있다.#@문장구분# 이 말의 의미는 모든 장소에서의 시간은 각각의 다른 리듬과 속도를 가진다는 시간에 상대성을 의미한다.#@문장구분# 나에게는 이 구절이 무언가 문학적인 느낌으로 다가왔다.#@문장구분# 교과서에서 배우던 형식적이고 딱딱한 표현들로 설명되어진 개념을 색다르게 표현하여 정말 새로운 느낌이 들고 이러한 재밌는 표현들은 나로써하여금 단지 어렵기만할 수 있는 이 책을 읽게하는데 원동력이 되었다.#@문장구분# 이런 느낌을 느끼는건 참 오랜만인거 같다.#@문장구분# 옛날에 중학생때 내가 인터스텔라라는 영화를 본 후 느낀 충격이후로는 시간과 관련하여 나에게 영감을 준것은 처음이다.#@문장구분# 잠시 과거로 돌아가자면 내가 인터스텔라라는 영화를 보았을때 영화내용중에 주인공일행이 중력이 강한 행성에 갔다온 이후 우주선에 남아있던 사람과 시간차가 엄청나게 발생했던 부분이 있었는데 그 당시 시간에 대해서 배우지 않았던 나로써는 엄첨난 충격이었고 그때가 처음이었던거 같다.#@문장구분# 내가 물리에 관련하여 유튜브나 인터넷등을 뒤져가며 이 의문에 대한 궁금증을 해결하기위해 노력한것이, 어쩌면 내가 나중에 물리학을 선택하게된것에 이 일이 영향을 준것 같다.#@문장구분# 내가 이 이야기를 한 이유는 과거에 내가 영화를 본 이후 궁금증을 탐구했던 일이 내가 물리학을 선택하는데 영향을 준 것처럼 이 구절도 내가 이책을 읽게되는 원동력이 되었고 어쩌면 이 책이 시험으로 물리에 대해 지쳐있는 나에게 다시 물리에 대한 열정을 가져다 줄 수도 있다는 생각이 들었기 때문이다.#@문장구분# 결과적으로 이 책의 1부까지 읽어본 결과 어느정도 성공했다고 생각한다.#@문장구분# 앞서 언급했던 구절처럼 나를 흥미롭게 만드는 표현들을 이 책이 저자는 잘 활용했고 나름 즐겁게 이 책을 읽었다.#@문장구분# 이 책을 시발점으로 다른 책이나 영상들을 찾아볼것이고 물리를 재밌고 공부하고싶다는 생각이 들었다.#@문장구분# 공부의 원동력이 되는데는 흥미가정말 큰 요소라고 나는 생각하는데 그래서 물리학에 지친 친구들에게 한번 이책을 읽어보라고 권유하고 싶다.#@문장구분# 다른이들 전부가 나처럼 흥미를 되찾진 못하겠지만 한명이라도 이 책을 읽고 물리에 대해 흥미를 가지게 된다면 나는 만족할것 같다.#@문장구분#",
      "paragraph_len": 2216,
      "paragraph_id": "001"
    }
  ],
  "score": {
    "paragraph_score": [
      {
        "paragraph_scoreT": [
          3,
          2.8333333,
          2.5
        ],
        "paragraph_scoreT_detail": {
          "paragraph_scoreT_exp": [
            [
              3,
              3,
              3
            ],
            [
              3,
              3,
              2
            ],
            [
              2,
              3,
              2
            ]
          ]
        },
        "paragraph_scoreT_avg": 2.7777777,
        "paragraph_id": "001"
      }
    ],
    "essay_scoreT": [
      30,
      28.833332,
      25.166666
    ],
    "essay_scoreT_avg": 28,
    "essay_scoreT_detail": {
      "essay_scoreT_org": [
        [
          3,
          3,
          3,
          3
        ],
        [
          3,
          3,
          3,
          3
        ],
        [
          2,
          2,
          3,
          3
        ]
      ],
      "essay_scoreT_cont": [
        [
          3,
          3,
          0,
          3
        ],
        [
          3,
          3,
          0,
          2
        ],
        [
          3,
          2,
          0,
          3
        ]
      ],
      "essay_scoreT_exp": [
        [
          3,
          3,
          3
        ],
        [
          3,
          3,
          2
        ],
        [
          2,
          3,
          2
        ]
      ]
    }
  },
  "student": {
    "date": "2021.09.13",
    "student_educated": true,
    "student_grade": "고등_1학년",
    "location": "063",
    "student_grade_group": "고등",
    "student_reading": 1
  },
  "rubric": {
    "essay_grade": "고등_1학년",
    "organization_weight": {
      "org_paragraph": 2,
      "org": 2,
      "org_essay": 4,
      "org_coherence": 2,
      "org_quantity": 1
    },
    "essay_type": "설명글",
    "content_weight": {
      "con_clearance": 4,
      "con_novelty": 3,
      "con": 4,
      "con_prompt": 0,
      "con_description": 1
    },
    "essay_main_subject": "영화/독서감상문",
    "expression_weight": {
      "exp_style": 1,
      "exp_grammar": 2,
      "exp_vocab": 3,
      "exp": 4
    }
  },
  "correction": [],
  "info": {
    "essay_id": "ESSAY_34419",
    "essay_prompt": " 영화에는 로맨스, 액션, 스릴러 등 정말 많은 장르가 있습니다. 사람마다 좋아하는 장르가 있고 절대 보지 않는 장르도 있습니다.\r\n\r\n 독서도 마찬가지입니다. 소설, 수필, 시, 만화, 위인전 등 여러가지 장르가 있습니다.\r\n\r\n 여러분은 어떤 장르를 좋아하나요? 그리고 해당 장르에서 가장 재미있게 봤던 영화나 책은 무엇인가요?\r\n\r\n 자신이 봤던 영화 혹은 책을 한 편 선정하여 주제와 내용 그리고 느낀점을 감상문으로 작성해주세요.",
    "essay_type": "설명글",
    "essay_level": "3",
    "essay_len": 1696,
    "essay_main_subject": "영화/독서감상문"
  }
}