{
  "paragraph": [
    {
      "paragraph_txt": "Sea Lions는 제목그대로 바다사자에 대한 정보들을 알려주는 도서이다.#@문장구분# YBM reading farm 레벨 5단계의 영어 원어도서로 평소 생명체에 대한 관심이 많던 나기에 책 표지의 바다사자의 모습과 제목에 끌려 책을 읽게 되었다.#@문장구분# 책의 내용으로는 바다사자에 대한 생물적 내용으로 포유류이다.#@문장구분# 발판이 있어 수영에 유리하다.#@문장구분# 차가운 바다에 살며 폐호흡을 하기에 물속에서만 지낼수만은 없다 등등의 내용으로 이루어져 있다.#@문장구분# 가장 흥미로운 내용은 크게 3가지로 나누어 볼 수 있었는데 바다사자의 지능에 관한 내용, 바다사자와 바다표범의 차이점, 환경오염, 기름유출등으로 인한 바다표범의 죽음에 대한 내용이다.#@문장구분# 우선 바다표범의 지능은 그렇게 낮지 않다는 내용을보았는데 어느정도 이해가 가는 내용이었다.#@문장구분# 왜냐하면 서커스나 아쿠아리움 등에서 조련사와 합을 맞추어 공연을 하는 바다표범의 모습을 이전에 많이 접해왔기 때문이다.#@문장구분# 두번째 내용을 바다사자와 바다표범의 차이점인데 이 목차를 보는 순간 의문이 들었다.#@문장구분# 바다사자랑 바다표범은 똑같이 생기지 않았던가? 라는 의문이었는데 사진을 보는 순간 이해가 되었다.#@문장구분# 사진속 바다표범은 목이 짫고 육지에서 이동하지 못하는 모습이었다.#@문장구분# 확실히 바다사자에 비해 덩치가 작아보여 귀여워 보이기 까지 하였다.#@문장구분# 다움에 기회가 된다면 육지의사자, 표범과 바다사자, 바다표범의 차이점과 이름이 붙여진 이유에 관한 책도 읽어보고 싶다.#@문장구분# 책의 마지막 내용에는 환경오염과 기름유출에 의한 죽음인데 이를 보니 인간의 산업활동과 자연훼손이 생태계에 영향을 미친다는 것에 다시한번 심각성을 깨닫게 되었다.#@문장구분#",
      "paragraph_len": 1070,
      "paragraph_id": "001"
    }
  ],
  "score": {
    "paragraph_score": [
      {
        "paragraph_scoreT": [
          3,
          2.8333333,
          2
        ],
        "paragraph_scoreT_detail": {
          "paragraph_scoreT_exp": [
            [
              3,
              3,
              3
            ],
            [
              3,
              3,
              2
            ],
            [
              2,
              2,
              2
            ]
          ]
        },
        "paragraph_scoreT_avg": 2.611111,
        "paragraph_id": "001"
      }
    ],
    "essay_scoreT": [
      30,
      25.833332,
      22.444445
    ],
    "essay_scoreT_avg": 26.092592,
    "essay_scoreT_detail": {
      "essay_scoreT_org": [
        [
          3,
          3,
          3,
          3
        ],
        [
          2,
          2,
          2,
          2
        ],
        [
          2,
          2,
          3,
          2
        ]
      ],
      "essay_scoreT_cont": [
        [
          3,
          3,
          0,
          3
        ],
        [
          3,
          2,
          0,
          3
        ],
        [
          3,
          2,
          0,
          2
        ]
      ],
      "essay_scoreT_exp": [
        [
          3,
          3,
          3
        ],
        [
          3,
          3,
          2
        ],
        [
          2,
          2,
          2
        ]
      ]
    }
  },
  "student": {
    "date": "2021.09.13",
    "student_educated": true,
    "student_grade": "고등_1학년",
    "location": "063",
    "student_grade_group": "고등",
    "student_reading": 1
  },
  "rubric": {
    "essay_grade": "고등_1학년",
    "organization_weight": {
      "org_paragraph": 2,
      "org": 2,
      "org_essay": 4,
      "org_coherence": 2,
      "org_quantity": 1
    },
    "essay_type": "설명글",
    "content_weight": {
      "con_clearance": 4,
      "con_novelty": 3,
      "con": 4,
      "con_prompt": 0,
      "con_description": 1
    },
    "essay_main_subject": "영화/독서감상문",
    "expression_weight": {
      "exp_style": 1,
      "exp_grammar": 2,
      "exp_vocab": 3,
      "exp": 4
    }
  },
  "correction": [],
  "info": {
    "essay_id": "ESSAY_34353",
    "essay_prompt": " 영화에는 로맨스, 액션, 스릴러 등 정말 많은 장르가 있습니다. 사람마다 좋아하는 장르가 있고 절대 보지 않는 장르도 있습니다.\r\n\r\n 독서도 마찬가지입니다. 소설, 수필, 시, 만화, 위인전 등 여러가지 장르가 있습니다.\r\n\r\n 여러분은 어떤 장르를 좋아하나요? 그리고 해당 장르에서 가장 재미있게 봤던 영화나 책은 무엇인가요?\r\n\r\n 자신이 봤던 영화 혹은 책을 한 편 선정하여 주제와 내용 그리고 느낀점을 감상문으로 작성해주세요.",
    "essay_type": "설명글",
    "essay_level": "3",
    "essay_len": 790,
    "essay_main_subject": "영화/독서감상문"
  }
}