{
  "paragraph": [
    {
      "paragraph_txt": "내가 고등학교 때, '독서' 과목에서 나는 현직 교수가 대학생 시절 '이기적 유전자'를 읽었던 기억을 회상하는 글을 보게 되었다.#@문장구분# 그에게는 '이기적 유전자'가 큰 충격으로 찾아왔으며 읽고 난 후 일상생활조차 제대로 하기 힘들 정도의 혼란을\n겪었다고 하는데, 그 책의 저 내용 중에는 유전자가 오직 생명 존속을 위한 행위를 지시하고, 인간은 그를 따른다는 식의 글이 저술되 었기 때문이었다.#@문장구분# 이 글을 읽고도 1년이 넘게 지났지만, 머릿속 이기적 유전자에 대한 궁금증이 가시질 않아 나는 이 책을 펴게 되었다.#@문장구분# 이 책에서 저자는 '유전자'에 집중하여, 생명은 유전자가 만들어 낸 산물이며, 인간을 포함한 모든 생물은 유전자를 존속시키기 위한 단지 '생존기계'일 뿐이라고 주장한다.#@문장구분# 여기까지가 책의 내용이고, 나는 하지만 인간이 여가생활과 문화의 눈부신 발전을 이루어나 간 점으로 보았을 때 인간은 유전자에게 지배당할 수도 있으나 자유의지로 욕구를 어느 정도 이겨낼 수도 있다고 생각한다.#@문장구분#",
      "paragraph_len": 594,
      "paragraph_id": "001"
    }
  ],
  "score": {
    "paragraph_score": [
      {
        "paragraph_scoreT": [
          3,
          2.3333333,
          2
        ],
        "paragraph_scoreT_detail": {
          "paragraph_scoreT_exp": [
            [
              3,
              3,
              3
            ],
            [
              3,
              2,
              2
            ],
            [
              2,
              2,
              2
            ]
          ]
        },
        "paragraph_scoreT_avg": 2.4444444,
        "paragraph_id": "001"
      }
    ],
    "essay_scoreT": [
      30,
      24,
      19.777779
    ],
    "essay_scoreT_avg": 24.592592,
    "essay_scoreT_detail": {
      "essay_scoreT_org": [
        [
          3,
          3,
          3,
          3
        ],
        [
          2,
          3,
          3,
          1
        ],
        [
          2,
          2,
          2,
          1
        ]
      ],
      "essay_scoreT_cont": [
        [
          3,
          3,
          0,
          3
        ],
        [
          3,
          2,
          0,
          2
        ],
        [
          2,
          2,
          0,
          2
        ]
      ],
      "essay_scoreT_exp": [
        [
          3,
          3,
          3
        ],
        [
          3,
          2,
          2
        ],
        [
          2,
          2,
          2
        ]
      ]
    }
  },
  "student": {
    "date": "2021.09.07",
    "student_educated": true,
    "student_grade": "고등_1학년",
    "location": "051",
    "student_grade_group": "고등",
    "student_reading": 1
  },
  "rubric": {
    "essay_grade": "고등_1학년",
    "organization_weight": {
      "org_paragraph": 2,
      "org": 2,
      "org_essay": 4,
      "org_coherence": 2,
      "org_quantity": 1
    },
    "essay_type": "설명글",
    "content_weight": {
      "con_clearance": 4,
      "con_novelty": 3,
      "con": 4,
      "con_prompt": 0,
      "con_description": 1
    },
    "essay_main_subject": "영화/독서감상문",
    "expression_weight": {
      "exp_style": 1,
      "exp_grammar": 2,
      "exp_vocab": 3,
      "exp": 4
    }
  },
  "correction": [],
  "info": {
    "essay_id": "ESSAY_34195",
    "essay_prompt": " 영화에는 로맨스, 액션, 스릴러 등 정말 많은 장르가 있습니다. 사람마다 좋아하는 장르가 있고 절대 보지 않는 장르도 있습니다.\r\n\r\n 독서도 마찬가지입니다. 소설, 수필, 시, 만화, 위인전 등 여러가지 장르가 있습니다.\r\n\r\n 여러분은 어떤 장르를 좋아하나요? 그리고 해당 장르에서 가장 재미있게 봤던 영화나 책은 무엇인가요?\r\n\r\n 자신이 봤던 영화 혹은 책을 한 편 선정하여 주제와 내용 그리고 느낀점을 감상문으로 작성해주세요.",
    "essay_type": "설명글",
    "essay_level": "3",
    "essay_len": 495,
    "essay_main_subject": "영화/독서감상문"
  }
}