{
  "paragraph": [
    {
      "paragraph_txt": "파수꾼은 내가 수업시간에 수업을 들었던 책 제목이다.#@문장구분# 파수꾼은 불의에 대항하려는 파수꾼 한명이 있는데 결국에는 촌장에게 설득을 당해 진실을 말하지 못한다는 이야기 이다.#@문장구분# 여기에서 파수꾼C는 처음에는 촌장이 이리떼들이 있다는 거짓말을 했다는 것을 알고 마을 사람들에게 알리려 했다.#@문장구분# 여기서 우리는 불의에 저항하려는 우리 주위의 사람들을 볼 수있다.#@문장구분# 하지만 이 파수꾼은 결국 촌장에게 넘어가서 진실을 밝히지 못한다는 것에서 우리들은 불의 저항하려는 사람은 있지만 결국 그들은 불의에 굴복하고 진실을 밝히지 못하는 경우가 대부분이다.#@문장구분# 이 책은 우리가 이해하기 쉬운 내용으로 우리의 현실을 비판하고 있다.#@문장구분#\n나는 이 책을 읽고 내 경험을 떠올려보니 불의를 보고 그게 맞서려고 한 적은 많았지만 결국에 맞서지 못한 경우가 대부분 인 것 같다.#@문장구분#\n그런 현실을 책으로 보고 그에 대해서 생각해 보니 앞으로 내가 해야될 행동에 대해서 생각해 볼 수있었다.#@문장구분#",
      "paragraph_len": 628,
      "paragraph_id": "001"
    }
  ],
  "score": {
    "paragraph_score": [
      {
        "paragraph_scoreT": [
          3,
          2.8333333,
          1.8333334
        ],
        "paragraph_scoreT_detail": {
          "paragraph_scoreT_exp": [
            [
              3,
              3,
              3
            ],
            [
              3,
              3,
              2
            ],
            [
              2,
              2,
              1
            ]
          ]
        },
        "paragraph_scoreT_avg": 2.5555556,
        "paragraph_id": "001"
      }
    ],
    "essay_scoreT": [
      30,
      26,
      17.61111
    ],
    "essay_scoreT_avg": 24.537039,
    "essay_scoreT_detail": {
      "essay_scoreT_org": [
        [
          3,
          3,
          3,
          3
        ],
        [
          2,
          3,
          3,
          1
        ],
        [
          2,
          2,
          2,
          1
        ]
      ],
      "essay_scoreT_cont": [
        [
          3,
          3,
          0,
          3
        ],
        [
          3,
          2,
          0,
          2
        ],
        [
          2,
          1,
          0,
          2
        ]
      ],
      "essay_scoreT_exp": [
        [
          3,
          3,
          3
        ],
        [
          3,
          3,
          2
        ],
        [
          2,
          2,
          1
        ]
      ]
    }
  },
  "student": {
    "date": "2021.09.10",
    "student_educated": true,
    "student_grade": "고등_1학년",
    "location": "063",
    "student_grade_group": "고등",
    "student_reading": 1
  },
  "rubric": {
    "essay_grade": "고등_1학년",
    "organization_weight": {
      "org_paragraph": 2,
      "org": 2,
      "org_essay": 4,
      "org_coherence": 2,
      "org_quantity": 1
    },
    "essay_type": "설명글",
    "content_weight": {
      "con_clearance": 4,
      "con_novelty": 3,
      "con": 4,
      "con_prompt": 0,
      "con_description": 1
    },
    "essay_main_subject": "영화/독서감상문",
    "expression_weight": {
      "exp_style": 1,
      "exp_grammar": 2,
      "exp_vocab": 3,
      "exp": 4
    }
  },
  "correction": [],
  "info": {
    "essay_id": "ESSAY_34185",
    "essay_prompt": " 영화에는 로맨스, 액션, 스릴러 등 정말 많은 장르가 있습니다. 사람마다 좋아하는 장르가 있고 절대 보지 않는 장르도 있습니다.\r\n\r\n 독서도 마찬가지입니다. 소설, 수필, 시, 만화, 위인전 등 여러가지 장르가 있습니다.\r\n\r\n 여러분은 어떤 장르를 좋아하나요? 그리고 해당 장르에서 가장 재미있게 봤던 영화나 책은 무엇인가요?\r\n\r\n 자신이 봤던 영화 혹은 책을 한 편 선정하여 주제와 내용 그리고 느낀점을 감상문으로 작성해주세요.",
    "essay_type": "설명글",
    "essay_level": "3",
    "essay_len": 469,
    "essay_main_subject": "영화/독서감상문"
  }
}