{
  "paragraph": [
    {
      "paragraph_txt": " 주인공 히로시는 석공이다.#@문장구분# 그는 산에 있는 커다란 바위를 깍아 팔며 생계를 유지했다.#@문장구분# 비록 그는 산에 있는 작은 오두막에 살았지만, 그는 자신의 삶에 만족했고 타인의 생활을 부러워하지 않았다.#@문장구분# 그러던 어느날 그는 부자에게 정원석에 쓸 돌을 팔기 위해 그의 집에 방문하였다.#@문장구분# 그의 집은 성 같이 화려했고 식탁에는 많은 음식이 놓여있었으며 좋은 가구들로 집이 장식되어있었다.#@문장구분# 자택으로 돌아가\n는 중에 히로시는 깊은 회의감에 빠졌다.#@문장구분# 그래서 그는 산에서 큰 소리로 자신이 부자가 되었으면 좋겠다고 소원을 외쳤다.#@문장구분# 그순간 산에서 \"소원을 들어드리겠습니다\"라는 외침이 들렸다.#@문장구분# 그의 소원이 이루어져 바로 부자가 되었다.#@문장구분# 그는 부자로 살다가 자연물이 돈 보다 대단하고 강력하다고 느껴 태양과 바람, 구름, 그리고 마지막으로 커다란 돌로 변신했다.#@문장구분# 하지만 결국 히로시는 인간이 가장 강력하다고 느껴 다시 인간으로 돌아오도록 소원을 빌어 원래 그의 모습으로 돌아왔다.#@문장구분# 이 사건 후에 그는 교훈을 얻어 돈과 강력한 힘보다도 현재 자신의 생활이 가장 소중하다는 것을 깨달았다.#@문장구분# 나도 이책을 읽으며 안빈낙도와 안분지족이라는 삶의 자세에 대해 생각해 보았고, 주어진 삶에 만족하고 내가 가는 길과 하는 일이 가장 좋은 것이고 답이라는 신념을 지니고,당당하고 주체적으로 주어진 삶과\n상황에 불평않고 살아가기로 다짐했다.#@문장구분#",
      "paragraph_len": 930,
      "paragraph_id": "001"
    }
  ],
  "score": {
    "paragraph_score": [
      {
        "paragraph_scoreT": [
          2.8333333,
          2.6666667,
          1.8333334
        ],
        "paragraph_scoreT_detail": {
          "paragraph_scoreT_exp": [
            [
              3,
              3,
              2
            ],
            [
              2,
              3,
              3
            ],
            [
              2,
              2,
              1
            ]
          ]
        },
        "paragraph_scoreT_avg": 2.4444444,
        "paragraph_id": "001"
      }
    ],
    "essay_scoreT": [
      24.444445,
      25.38889,
      18.444445
    ],
    "essay_scoreT_avg": 22.75926,
    "essay_scoreT_detail": {
      "essay_scoreT_org": [
        [
          2,
          3,
          3,
          3
        ],
        [
          2,
          2,
          2,
          3
        ],
        [
          1,
          2,
          2,
          2
        ]
      ],
      "essay_scoreT_cont": [
        [
          2,
          2,
          0,
          2
        ],
        [
          3,
          2,
          0,
          3
        ],
        [
          2,
          2,
          0,
          2
        ]
      ],
      "essay_scoreT_exp": [
        [
          3,
          3,
          2
        ],
        [
          2,
          3,
          3
        ],
        [
          2,
          2,
          1
        ]
      ]
    }
  },
  "student": {
    "date": "2021.09.10",
    "student_educated": true,
    "student_grade": "고등_1학년",
    "location": "063",
    "student_grade_group": "고등",
    "student_reading": 1
  },
  "rubric": {
    "essay_grade": "고등_1학년",
    "organization_weight": {
      "org_paragraph": 2,
      "org": 2,
      "org_essay": 4,
      "org_coherence": 2,
      "org_quantity": 1
    },
    "essay_type": "설명글",
    "content_weight": {
      "con_clearance": 4,
      "con_novelty": 3,
      "con": 4,
      "con_prompt": 0,
      "con_description": 1
    },
    "essay_main_subject": "영화/독서감상문",
    "expression_weight": {
      "exp_style": 1,
      "exp_grammar": 2,
      "exp_vocab": 3,
      "exp": 4
    }
  },
  "correction": [],
  "info": {
    "essay_id": "ESSAY_34799",
    "essay_prompt": " 영화에는 로맨스, 액션, 스릴러 등 정말 많은 장르가 있습니다. 사람마다 좋아하는 장르가 있고 절대 보지 않는 장르도 있습니다.\r\n\r\n 독서도 마찬가지입니다. 소설, 수필, 시, 만화, 위인전 등 여러가지 장르가 있습니다.\r\n\r\n 여러분은 어떤 장르를 좋아하나요? 그리고 해당 장르에서 가장 재미있게 봤던 영화나 책은 무엇인가요?\r\n\r\n 자신이 봤던 영화 혹은 책을 한 편 선정하여 주제와 내용 그리고 느낀점을 감상문으로 작성해주세요.",
    "essay_type": "설명글",
    "essay_level": "3",
    "essay_len": 670,
    "essay_main_subject": "영화/독서감상문"
  }
}