{
  "paragraph": [
    {
      "paragraph_txt": "저는 이번에는 저번에 읽었던 영단어편의 후속작인 영알남의 영어의 진실(영어회화)편을 읽게 되었습니다.#@문장구분# 제가 이 책을 읽은 동기는 평소 한국의 교육은 수능 위주의 교육에만 초점이 맞춰져 있어서 원어민과의 회화 능력이 다소 떨어진다고 생각을 하여 이 책을 읽게 되었습니다.#@문장구분# 이 책은 표현을 몰라서 하는 영어 실수, 문화를 몰라서 하는 영어 실수 그리고 여행 가서 자주 하는 영어 실수로 나누어져 있습니다.#@문장구분# 특히 저는 이 책에서 초반부분에 있는 인사를 하는데에 있어서 자주 하는 영어 실수를 인상 깊게 봤습니다.#@문장구분# 평소 외국인들과 만나 친해지고 싶은 마음에 \"What's up?\"이라고 하는 경우가 많습니다.#@문장구분# 하지만 처음 만난 사람에게 이렇게 인사를 하면 분위기가 싸해질 수도 있습니다.#@문장구분# 그 이유는 예의에 대한 것입니다.#@문장구분# 많은 사람들이 영어에는 존댓말이 없는 개방적인 언어라고 생각하는 경향이 많은데 사실은 우리가 모르는 많은 부분에서 격식과 예의를 지킵니다.#@문장구분# 여기서도 처음보는 사람에게 'What's up?\"이라고 말하는 것은 예의적인 측면에서 상대방에게 실수를 한 것이나 마찬가지 입니다.#@문장구분# 그러므로 처음 보는 사람에게는 주로 Hello, How are you doing? 등의 격식을 갖춘 말로 이야기를 하는 것이 좋습니다.#@문장구분# 반면에 자신이 어느정도 친분이 있는 외국인 친구에게 인사를 할 때에는 이렇게 말하면 오히려 외국인 친구가 당황을 할 수 있습니다.#@문장구분# 그렇기에 친분이 있는 외국인 친구와 인사를 할 때에는 주로 What's up(줄여서 Sup?이라고도 할 수 있습니다.), What's new?, What's going on? 등이 있고 You good?, You all right?이라는 표현도 있습니다.#@문장구분# 여기서 You good?과 You all right?이라는 표현은 문법적으로는 어긋난 표현이기에 많은 영어를 공부하는 사람들이 의문을 품을 수 있습니다.#@문장구분# 하지만 이 또한 영어가 언어이기 때문에 이런 표현이 성립이 됩니다.#@문장구분# 우리도 평소 친구와 말할 때에는 주어 동사 목적어를 다 쓰지 않고 그냥 \"밥 먹었니?\"라는 표현을 더 많이 씁니다.#@문장구분# 여기서도 한국의 문법적 측면에서는 어긋난 표현이지만 의사소통을 하는데에는 문제가 없고 오히려 문법을 다 갖춰서 말하는 것 보다 더 편하기 때문에 이렇게 말하는 경향이 많습니다.#@문장구분# 영어도 마찬가지입니다.#@문장구분#\n굳이 문법을 하나하나 다 지켜가며 할 필요 없이 그냥 축약을 해서 써도 됩니다.#@문장구분# 심지어 외국 현지인들 중에는 문법을 모르거나 문법을 중요한 것이라고 생각을 하지 않고 말하는 사람의 수가 훨씬 더 많습니다.#@문장구분# 이번 책을 읽으면서 이 책의 앞편인 영단어편과 마찬가지로 이번에는 영어회화에서의 유연함을 느끼게 된 것 같습니다.#@문장구분# 그리고 의사소통에는 단지 단어와 숙어를 아는 것보다 그 나라의 문\n화와 표현 등도 중요하게 작용한다는 것을 알게 되었습니다.#@문장구분#",
      "paragraph_len": 1813,
      "paragraph_id": "001"
    }
  ],
  "score": {
    "paragraph_score": [
      {
        "paragraph_scoreT": [
          3,
          2.8333333,
          2
        ],
        "paragraph_scoreT_detail": {
          "paragraph_scoreT_exp": [
            [
              3,
              3,
              3
            ],
            [
              3,
              3,
              2
            ],
            [
              2,
              2,
              2
            ]
          ]
        },
        "paragraph_scoreT_avg": 2.611111,
        "paragraph_id": "001"
      }
    ],
    "essay_scoreT": [
      30,
      28.444445,
      24.666666
    ],
    "essay_scoreT_avg": 27.703703,
    "essay_scoreT_detail": {
      "essay_scoreT_org": [
        [
          3,
          3,
          3,
          3
        ],
        [
          2,
          3,
          3,
          3
        ],
        [
          2,
          2,
          3,
          3
        ]
      ],
      "essay_scoreT_cont": [
        [
          3,
          3,
          0,
          3
        ],
        [
          3,
          3,
          0,
          3
        ],
        [
          3,
          3,
          0,
          3
        ]
      ],
      "essay_scoreT_exp": [
        [
          3,
          3,
          3
        ],
        [
          3,
          3,
          2
        ],
        [
          2,
          2,
          2
        ]
      ]
    }
  },
  "student": {
    "date": "2021.09.10",
    "student_educated": true,
    "student_grade": "고등_1학년",
    "location": "063",
    "student_grade_group": "고등",
    "student_reading": 1
  },
  "rubric": {
    "essay_grade": "고등_1학년",
    "organization_weight": {
      "org_paragraph": 2,
      "org": 2,
      "org_essay": 4,
      "org_coherence": 2,
      "org_quantity": 1
    },
    "essay_type": "설명글",
    "content_weight": {
      "con_clearance": 4,
      "con_novelty": 3,
      "con": 4,
      "con_prompt": 0,
      "con_description": 1
    },
    "essay_main_subject": "영화/독서감상문",
    "expression_weight": {
      "exp_style": 1,
      "exp_grammar": 2,
      "exp_vocab": 3,
      "exp": 4
    }
  },
  "correction": [],
  "info": {
    "essay_id": "ESSAY_34293",
    "essay_prompt": " 영화에는 로맨스, 액션, 스릴러 등 정말 많은 장르가 있습니다. 사람마다 좋아하는 장르가 있고 절대 보지 않는 장르도 있습니다.\r\n\r\n 독서도 마찬가지입니다. 소설, 수필, 시, 만화, 위인전 등 여러가지 장르가 있습니다.\r\n\r\n 여러분은 어떤 장르를 좋아하나요? 그리고 해당 장르에서 가장 재미있게 봤던 영화나 책은 무엇인가요?\r\n\r\n 자신이 봤던 영화 혹은 책을 한 편 선정하여 주제와 내용 그리고 느낀점을 감상문으로 작성해주세요.",
    "essay_type": "설명글",
    "essay_level": "3",
    "essay_len": 1394,
    "essay_main_subject": "영화/독서감상문"
  }
}