{
  "paragraph": [
    {
      "paragraph_txt": "최근에 넷플릭스에서 영화 같은 실화로서, 납치된 소녀 '리사 맥케이'의 이야기를 담은 <나를 믿어줘: 리사 맥베이 납치 사건>을 보았다.#@문장구분#\n 17세의 '리사 맥베이'는 마약, 알코올 중독자였던 어머니에서 벗어나 할머니의 보살핌에서 자랐다.#@문장구분# 하지만, 할머니의 남자 친구로부터 정기적으로 성폭행을 당하면 어린 시절을 보내고 있었다.#@문장구분# 1984년 동네 도넛 가게에서 근무를 마치고 자전거를 타고 집으로 가는 도중 한 남자로부터 납치된다.#@문장구분# 할머니는 돌아오지 않은 소녀를 경찰에 신고는 하지만 그저 가출했다고 생각했다.#@문장구분# 납치범으로부터 잡혀있는 26시간 동안 '리사'는 손이 묶이고 눈을 가려진 채 성폭행을 당했지만, 리사는 그가 과거 많은 여성들로부터 상처를 입은 사실을 알아채고 그의 심리를 역이용한다.#@문장구분# 또한, 증거를 남기기 위해서 욕실에 지문 남기기, 침대 아래 머리카락 남기는 등 많은 흔적과 최대한 많은 것을 기억하려 한다.#@문장구분# \n 26시간 후 , 그녀의 기지로인해 납치범으로부터 풀려나게 되고 할머니 집으로 돌아오게된다.#@문장구분# 그녀는 할머니에게 자신이 납치되었었다고 말하지만 믿어주지 않았다.#@문장구분# 납치와 성폭력을 당한 어린 소녀 치고 너무나도 침착하고 구체적인 이야기를 하는 리사의 태도에 경찰들도 그녀가 거짓말을 한다고 생각하고 지난 몇 달간 발생한 연소ㅐ살인마 조사에 집중하려했다.#@문장구분# 하지만, 성범죄 수사관 이었던 '래리 핑커튼' 형사는 그녀의 진술이 설득력이 있다고 생각했고 그녀의 옷을 검사실에 맡기게 된다.#@문장구분# 그녀의 옷에서 다른 죽은 여성들의 몸에서 발견된 동일한 섬유가 발견되고, 경찰들은 본격적으로 연쇄살인범을 잡기 시작한다.#@문장구분# 리사는 최대한 기억을 더듬어 경찰 수사를 도왔고 결국 연쇄살인범은' 바비 조 롱'이라는 것을 밝혀내고 체포하게된다.#@문장구분# \n 무엇보다도 이영화가 실화라는 사실이 놀아웠고, 불후한 어린 시절을 뒤로하고 경찰이 되어 자신과 같은 일들이 반복되지 않도록 힘쓰는 '리사 맥케이'에 감동받았다.#@문장구분#",
      "paragraph_len": 1237,
      "paragraph_id": "001"
    }
  ],
  "score": {
    "paragraph_score": [
      {
        "paragraph_scoreT": [
          2.8333333,
          3,
          3
        ],
        "paragraph_scoreT_detail": {
          "paragraph_scoreT_exp": [
            [
              3,
              3,
              2
            ],
            [
              3,
              3,
              3
            ],
            [
              3,
              3,
              3
            ]
          ]
        },
        "paragraph_scoreT_avg": 2.9444444,
        "paragraph_id": "001"
      }
    ],
    "essay_scoreT": [
      26.722221,
      26.944445,
      30
    ],
    "essay_scoreT_avg": 27.888887,
    "essay_scoreT_detail": {
      "essay_scoreT_org": [
        [
          2,
          3,
          3,
          2
        ],
        [
          2,
          2,
          3,
          2
        ],
        [
          3,
          3,
          3,
          3
        ]
      ],
      "essay_scoreT_cont": [
        [
          3,
          2,
          0,
          3
        ],
        [
          3,
          2,
          0,
          3
        ],
        [
          3,
          3,
          0,
          3
        ]
      ],
      "essay_scoreT_exp": [
        [
          3,
          3,
          2
        ],
        [
          3,
          3,
          3
        ],
        [
          3,
          3,
          3
        ]
      ]
    }
  },
  "student": {
    "date": "2021.09.13",
    "student_educated": true,
    "student_grade": "고등_1학년",
    "location": "051",
    "student_grade_group": "고등",
    "student_reading": 1
  },
  "rubric": {
    "essay_grade": "고등_1학년",
    "organization_weight": {
      "org_paragraph": 2,
      "org": 2,
      "org_essay": 4,
      "org_coherence": 2,
      "org_quantity": 1
    },
    "essay_type": "설명글",
    "content_weight": {
      "con_clearance": 4,
      "con_novelty": 3,
      "con": 4,
      "con_prompt": 0,
      "con_description": 1
    },
    "essay_main_subject": "영화/독서감상문",
    "expression_weight": {
      "exp_style": 1,
      "exp_grammar": 2,
      "exp_vocab": 3,
      "exp": 4
    }
  },
  "correction": [],
  "info": {
    "essay_id": "ESSAY_33974",
    "essay_prompt": " 영화에는 로맨스, 액션, 스릴러 등 정말 많은 장르가 있습니다. 사람마다 좋아하는 장르가 있고 절대 보지 않는 장르도 있습니다.\r\n\r\n 독서도 마찬가지입니다. 소설, 수필, 시, 만화, 위인전 등 여러가지 장르가 있습니다.\r\n\r\n 여러분은 어떤 장르를 좋아하나요? 그리고 해당 장르에서 가장 재미있게 봤던 영화나 책은 무엇인가요?\r\n\r\n 자신이 봤던 영화 혹은 책을 한 편 선정하여 주제와 내용 그리고 느낀점을 감상문으로 작성해주세요.",
    "essay_type": "설명글",
    "essay_level": "3",
    "essay_len": 955,
    "essay_main_subject": "영화/독서감상문"
  }
}