{
  "paragraph": [
    {
      "paragraph_txt": "위대한 쇼맨 이야기의 주인공이자 멋진 쇼를 창시한 바넘은 쇼의 주인공들을 찾고자 조금 특이한 사람들을 모집한다.#@문장구분# 이 단원들은 키가 300cm가 넘는 남자, 수염 난 여자, 키가 작은 남자, 곰보다 무거운 남자 등등 특이한 사람들을 모아 바넘의 쇼를 개최한다.#@문장구분# 박물관과는 다르게 많은 사람이 이 쇼를 찾게 되고 바넘의 쇼가 열릴 때마다 표는 매진되게 된다.#@문장구분# 성공에 눈을 멀어 바넘은 가족에게 소홀해지게 되고 한 사건을 통해 가족의 신뢰를 잃어버리게 된다.#@문장구분# 이를 통해 바넘은 진짜 소중한 것이 무엇인지 알게 되고 이 쇼는 계속된다.#@문장구분# 이 영화를 보면서 이렇게 가슴이 웅장해지는 영화는 처음이었다.#@문장구분# 숨어지내던, 사회에서 소외되던 사람들이 쇼의 주인공이 되어 멋진 무대를 꾸며가는 모습이 참 인상 깊었다.#@문장구분# This is me이라는 노래에서 자신을 숨기지 않고 사회의 부정적인 편견에 맞서 싸우는 모습이 정말 멋있었다. #@문장구분#아직도 우리와 다른 모습에 눈살을 찌푸리는 시선이 남아있는데 그에게 아주 독한 핀잔을 주는 것 같았다.#@문장구분# 그리고 영화는 OST를 기가 막히게 잘 만들었는데 정말 황홀한 영화이다.#@문장구분# 내 인생 영화라고 꼽을 정도로 황홀하고 브라보를 외치고 싶은 영화이다.#@문장구분#",
      "paragraph_len": 811,
      "paragraph_id": "001"
    }
  ],
  "score": {
    "paragraph_score": [
      {
        "paragraph_scoreT": [
          3,
          2,
          2
        ],
        "paragraph_scoreT_detail": {
          "paragraph_scoreT_exp": [
            [
              3,
              3,
              3
            ],
            [
              2,
              2,
              2
            ],
            [
              2,
              2,
              2
            ]
          ]
        },
        "paragraph_scoreT_avg": 2.3333333,
        "paragraph_id": "001"
      }
    ],
    "essay_scoreT": [
      30,
      22.666666,
      22.722221
    ],
    "essay_scoreT_avg": 25.12963,
    "essay_scoreT_detail": {
      "essay_scoreT_org": [
        [
          3,
          3,
          3,
          3
        ],
        [
          2,
          3,
          3,
          1
        ],
        [
          2,
          2,
          3,
          1
        ]
      ],
      "essay_scoreT_cont": [
        [
          3,
          3,
          0,
          3
        ],
        [
          3,
          2,
          0,
          2
        ],
        [
          3,
          2,
          0,
          3
        ]
      ],
      "essay_scoreT_exp": [
        [
          3,
          3,
          3
        ],
        [
          2,
          2,
          2
        ],
        [
          2,
          2,
          2
        ]
      ]
    }
  },
  "student": {
    "date": "2021.09.13",
    "student_educated": true,
    "student_grade": "고등_1학년",
    "location": "051",
    "student_grade_group": "고등",
    "student_reading": 1
  },
  "rubric": {
    "essay_grade": "고등_1학년",
    "organization_weight": {
      "org_paragraph": 2,
      "org": 2,
      "org_essay": 4,
      "org_coherence": 2,
      "org_quantity": 1
    },
    "essay_type": "설명글",
    "content_weight": {
      "con_clearance": 4,
      "con_novelty": 3,
      "con": 4,
      "con_prompt": 0,
      "con_description": 1
    },
    "essay_main_subject": "영화/독서감상문",
    "expression_weight": {
      "exp_style": 1,
      "exp_grammar": 2,
      "exp_vocab": 3,
      "exp": 4
    }
  },
  "correction": [],
  "info": {
    "essay_id": "ESSAY_34145",
    "essay_prompt": " 영화에는 로맨스, 액션, 스릴러 등 정말 많은 장르가 있습니다. 사람마다 좋아하는 장르가 있고 절대 보지 않는 장르도 있습니다.\r\n\r\n 독서도 마찬가지입니다. 소설, 수필, 시, 만화, 위인전 등 여러가지 장르가 있습니다.\r\n\r\n 여러분은 어떤 장르를 좋아하나요? 그리고 해당 장르에서 가장 재미있게 봤던 영화나 책은 무엇인가요?\r\n\r\n 자신이 봤던 영화 혹은 책을 한 편 선정하여 주제와 내용 그리고 느낀점을 감상문으로 작성해주세요.",
    "essay_type": "설명글",
    "essay_level": "3",
    "essay_len": 594,
    "essay_main_subject": "영화/독서감상문"
  }
}