{
  "paragraph": [
    {
      "paragraph_txt": "교과서를 공부하다가 특별 단원으로 나온 cactus라는 책을 읽었다.#@문장구분# 이 책은 이름만 들어도 알법한 O.Henry라는 작가의 책이다. #@문장구분#이 책 은 내가 예상했던 것과는 다르게 새드엔딩으로 끝난다.#@문장구분# 내용은 트라이스데일이라는 남자가 한 여자와 사랑을 하고 있었는데 이 남자 는 자존심과 허영이 강해서, 자신이 대단하다고 여겼으면 하는 마음에 여자에게 자신의 하찮은 스페인어 실력을 과장하여 엄청 스페 인어를 잘한다고 말한다.#@문장구분# 남자는 여자에게 프로포즈를 하는데 이에 여자가 나에게로 오세요 라는 뜻의 ventomarme라는 메모를 선인 장에 붙여 남자에게 준다.#@문장구분# 남자는 스페인어를 잘 몰라 자신에게 고백하는 건지도 모르고 자신의 고백에 답장이 없다고 여겨 자존심에 상처가 나 여자를 찾아가지 않고 결국 둘 사이는 멀어지게 되어 여자가 다른 남자와 결혼하게 된다.#@문장구분# 이 책을 읽고 쓸데없는 자존심은 인간관계를 해칠 수 있고 자신의 능력을 당당히 인정하여 안 좋은 일이 없도록 해야겠다고 생각했고, 교과서로 유명작가의 유명 소설 을 읽을 수 있어서 좋은 경험이었다.#@문장구분#",
      "paragraph_len": 673,
      "paragraph_id": "001"
    }
  ],
  "score": {
    "paragraph_score": [
      {
        "paragraph_scoreT": [
          2,
          2,
          1.8333334
        ],
        "paragraph_scoreT_detail": {
          "paragraph_scoreT_exp": [
            [
              2,
              2,
              2
            ],
            [
              2,
              2,
              2
            ],
            [
              2,
              2,
              1
            ]
          ]
        },
        "paragraph_scoreT_avg": 1.9444445,
        "paragraph_id": "001"
      }
    ],
    "essay_scoreT": [
      18.88889,
      20.444445,
      19.722221
    ],
    "essay_scoreT_avg": 19.685186,
    "essay_scoreT_detail": {
      "essay_scoreT_org": [
        [
          1,
          2,
          2,
          1
        ],
        [
          2,
          2,
          3,
          2
        ],
        [
          1,
          2,
          2,
          1
        ]
      ],
      "essay_scoreT_cont": [
        [
          2,
          2,
          0,
          2
        ],
        [
          2,
          2,
          0,
          2
        ],
        [
          3,
          2,
          0,
          1
        ]
      ],
      "essay_scoreT_exp": [
        [
          2,
          2,
          2
        ],
        [
          2,
          2,
          2
        ],
        [
          2,
          2,
          1
        ]
      ]
    }
  },
  "student": {
    "date": "2021.09.07",
    "student_educated": true,
    "student_grade": "고등_1학년",
    "location": "063",
    "student_grade_group": "고등",
    "student_reading": 2
  },
  "rubric": {
    "essay_grade": "고등_1학년",
    "organization_weight": {
      "org_paragraph": 2,
      "org": 2,
      "org_essay": 4,
      "org_coherence": 2,
      "org_quantity": 1
    },
    "essay_type": "설명글",
    "content_weight": {
      "con_clearance": 4,
      "con_novelty": 3,
      "con": 4,
      "con_prompt": 0,
      "con_description": 1
    },
    "essay_main_subject": "영화/독서감상문",
    "expression_weight": {
      "exp_style": 1,
      "exp_grammar": 2,
      "exp_vocab": 3,
      "exp": 4
    }
  },
  "correction": [],
  "info": {
    "essay_id": "ESSAY_34514",
    "essay_prompt": " 영화에는 로맨스, 액션, 스릴러 등 정말 많은 장르가 있습니다. 사람마다 좋아하는 장르가 있고 절대 보지 않는 장르도 있습니다.\r\n\r\n 독서도 마찬가지입니다. 소설, 수필, 시, 만화, 위인전 등 여러가지 장르가 있습니다.\r\n\r\n 여러분은 어떤 장르를 좋아하나요? 그리고 해당 장르에서 가장 재미있게 봤던 영화나 책은 무엇인가요?\r\n\r\n 자신이 봤던 영화 혹은 책을 한 편 선정하여 주제와 내용 그리고 느낀점을 감상문으로 작성해주세요.",
    "essay_type": "설명글",
    "essay_level": "3",
    "essay_len": 533,
    "essay_main_subject": "영화/독서감상문"
  }
}