{
  "paragraph": [
    {
      "paragraph_txt": "내가 이 책을 읽게 된 동기는 요즘 물리 관련 책을 읽고 있는데 물리와 기하학은 아주 밀접한 연관관계라는 것을 알고 있었다.#@문장구분# 그래서 들었던 생각이 그렇다면 이왕 하는 김에 기하와 물리를 관련시킨 도서를 읽어서 수학 도서로 쓰자 라는 생각으로 책을 찾아보면서 읽게 되었다.#@문장구분# <br/><br/> 일단 이 책은 나에게 난해한 책이다.#@문장구분# 나는 과학탐구 과목으로 화학,생명을 선택했는데 최근에 후회해서 물리 관련 기초 책들을 읽고 있는데 이책은 물리를 기본으로 하고 물리의 법칙을 활용하는 책이라서 이해하기가 나한테는 어려웠다.#@문장구분# 그래도 다행인 부부은 그림이 많아서 옆에 빈종이로 그리면서 책을 읽으면 이해할 만 하다.#@문장구분# 근데 짧은 시간안에 다 읽지는 못했다.#@문장구분# 여름방학때 천천히 읽을 계획이다.#@문장구분#<br/><br/> 이 책을 읽으면서 놀랐던 점은 일단 뉴턴은 미친 사람이다#@문장구분# 정말로..#@문장구분# 현대에는 미적분 학이 많이 발달되어서 기하를 미적분학으로 풀지만 옛날에는 그렇지 않았다고 한다.#@문장구분# 뉴턴은 그 당시 사람들을 배려해서 기하학으로 프린키피아를 서술했다고 한다.#@문장구분# 참고로 프린키피아는 뉴턴이 집필 한 책으로 아주아주 어려운 책이다.#@문장구분# 이 책은 이런 어려운 책을 그나마 쉽게 서술하고 있다.#@문장구분#<br/><br/> 저자가 말하기를 그 당시에 뉴턴이 프린키피아를 기하학말고 미적분학으로 서술 했다면 아무도 알아 듣지 못했을 것이라고 한다.#@문장구분# 이책은  우리가 배운적 없는 원뿔곡선을 기하학으로 사용한다.#@문장구분# 솔직히 무슨 소리인지 정말 모르겠는 내용이 대부분이다....#@문장구분# 그래도 알아 들을 수 있는 부분은 최대한 이해 하고있다..#@문장구분# 면접때 물어보면 대답해야되니까..#@문장구분#",
      "paragraph_len": 1188,
      "paragraph_id": "001"
    }
  ],
  "score": {
    "paragraph_score": [
      {
        "paragraph_scoreT": [
          1,
          1.8333334,
          1.8333334
        ],
        "paragraph_scoreT_detail": {
          "paragraph_scoreT_exp": [
            [
              1,
              1,
              1
            ],
            [
              2,
              2,
              1
            ],
            [
              2,
              2,
              1
            ]
          ]
        },
        "paragraph_scoreT_avg": 1.5555557,
        "paragraph_id": "001"
      }
    ],
    "essay_scoreT": [
      10.722222,
      14,
      13.333334
    ],
    "essay_scoreT_avg": 12.685185,
    "essay_scoreT_detail": {
      "essay_scoreT_org": [
        [
          2,
          2,
          2,
          3
        ],
        [
          1,
          2,
          1,
          2
        ],
        [
          1,
          1,
          1,
          1
        ]
      ],
      "essay_scoreT_cont": [
        [
          1,
          0,
          0,
          1
        ],
        [
          1,
          1,
          0,
          1
        ],
        [
          1,
          1,
          0,
          1
        ]
      ],
      "essay_scoreT_exp": [
        [
          1,
          1,
          1
        ],
        [
          2,
          2,
          1
        ],
        [
          2,
          2,
          1
        ]
      ]
    }
  },
  "student": {
    "date": "2021.09.09",
    "student_educated": true,
    "student_grade": "고등_1학년",
    "location": "051",
    "student_grade_group": "고등",
    "student_reading": 2
  },
  "rubric": {
    "essay_grade": "고등_1학년",
    "organization_weight": {
      "org_paragraph": 2,
      "org": 2,
      "org_essay": 4,
      "org_coherence": 2,
      "org_quantity": 1
    },
    "essay_type": "설명글",
    "content_weight": {
      "con_clearance": 4,
      "con_novelty": 3,
      "con": 4,
      "con_prompt": 0,
      "con_description": 1
    },
    "essay_main_subject": "영화/독서감상문",
    "expression_weight": {
      "exp_style": 1,
      "exp_grammar": 2,
      "exp_vocab": 3,
      "exp": 4
    }
  },
  "correction": [],
  "info": {
    "essay_id": "ESSAY_34769",
    "essay_prompt": " 영화에는 로맨스, 액션, 스릴러 등 정말 많은 장르가 있습니다. 사람마다 좋아하는 장르가 있고 절대 보지 않는 장르도 있습니다.\r\n\r\n 독서도 마찬가지입니다. 소설, 수필, 시, 만화, 위인전 등 여러가지 장르가 있습니다.\r\n\r\n 여러분은 어떤 장르를 좋아하나요? 그리고 해당 장르에서 가장 재미있게 봤던 영화나 책은 무엇인가요?\r\n\r\n 자신이 봤던 영화 혹은 책을 한 편 선정하여 주제와 내용 그리고 느낀점을 감상문으로 작성해주세요.",
    "essay_type": "설명글",
    "essay_level": "3",
    "essay_len": 768,
    "essay_main_subject": "영화/독서감상문"
  }
}