{
  "paragraph": [
    {
      "paragraph_txt": "\"전쟁은 어리석은 동물로 만들고 마는 힘이 있다. #@문장구분#야만을 증오한 사람이 스스로 야만스러운 행위를 일삼는다. #@문장구분#거기에 전쟁의 광기가 있다.#@문장구분#\" 이 말은 1995년 노벨평화상을 수상한 로트블랫 박사의 말이다.#@문장구분# 이 책은 주로 전쟁과 핵무기와 관련해서 핵무기의 참혹함에 대해 고발하고, 궁극적으로는 비핵화에 대해 논하며 인류의 평화에 대해 생각하는 전개 방식을 취한다.#@문장구분# 요즘 세대의 사람들은 세계대전, 한국 전쟁 등 세계의 역사에 얼룩져 있는 참혹한 피의 역사를 직접 경험하지 못하였고 고로 전쟁의 무서움에 대해 모르는 경향이 강하다.#@문장구분# 나 또한 전쟁이라 단어에 막연한 거부감과 매체에 의해 형성된 막연한 두려움만 있다.#@문장구분# 그래서 전쟁의 실체와 무서움에 대해 알기 위해 독서를 하게 되었다. #@문장구분#",
      "paragraph_len": 539,
      "paragraph_id": "001"
    },
    {
      "paragraph_txt": " 핵무기에 관한 많은 책들을 읽었고 핵이 가져다 주는 평화보다 그것이 초래하는 파괴가 더 크기고, 세계는 핵무기 개발 전과 후로 나뉜다는 사실을 잘 알기에 나는 전쟁에 대한 고찰을 해보았다. #@문장구분#그러다 '정의로운 전쟁은 과연 있을 수 있는가'에 대해 생각해보았다.#@문장구분# 제1차 세계대전 때, 줄곧 전쟁을 반대하다 투옥당한 러셀 경도 제 2차 세계대전을 지지하였다.#@문장구분# 제 1차 세계대전은 유럽 열강의 패권 다툼이었다면, 제 2차 세계대전은 그야말로 독일의 나치에 의한 홀로코스트, 일본의 동아시아 침략과 대량 살육 등으로 범벅이 된 파멸적인 전쟁이었다. #@문장구분#그래서 미국은 종전을 위해 원자 폭탄을 투하하여 수백만명을 죽였다. #@문장구분#이를 보고 목적이 정당하기에 도덕적으로 옳은 행위는 아니지만 용인 될 수 있다는 생각을 누구나 해볼 수 있다.#@문장구분#하지만 이 책에서는 목적의 정당성은 수단의 정당성으로 담보되어야 하기에 '목적이 옳다면 어떤 수단을 써도 괜찮다'라고 는 할 수 없다고 한다.#@문장구분# 당연한 것이 만일 목적의 정당성이 수단의 정당성으로 담보되지 않는다면 세상을 카오스 상태에 빠질 것이기 때문이다. #@문장구분#그렇다면 '목적과 균형이 잡힌 수단'이라면 무력행사는 인정 될 수 있는 지에 대한 질문이 제기 될 수 있다.#@문장구분# 이른바 정전론의 관점이지만 그래도 그 '균형점'을 누가, 어떠한 기준으로 판단할 것이냐는 문제가 남기에 반드시 목적의 정당성을 수단의 정당성을 뒷받침해야 한다는 것이다. #@문장구분#이러한 관점에서 정의로운 전쟁이란 결코 존재할 수 없는 것이다.#@문장구분# 평화란 개념은 과연 실존하는 것일까? #@문장구분#평화란 이루어질 수 없는 철학자들과 낙관론자들의 창조물에 불과 한 단지 추상적인 개념일 뿐인가? #@문장구분#문득 이러한 생각들이 자꾸만 든다.#@문장구분#",
      "paragraph_len": 1112,
      "paragraph_id": "002"
    }
  ],
  "score": {
    "paragraph_score": [
      {
        "paragraph_scoreT": [
          2.6666667,
          2.6666667,
          2
        ],
        "paragraph_scoreT_detail": {
          "paragraph_scoreT_exp": [
            [
              2,
              3,
              3
            ],
            [
              2,
              3,
              3
            ],
            [
              2,
              2,
              2
            ]
          ]
        },
        "paragraph_scoreT_avg": 2.4444444,
        "paragraph_id": "001"
      },
      {
        "paragraph_scoreT": [
          3,
          2.6666667,
          2
        ],
        "paragraph_scoreT_detail": {
          "paragraph_scoreT_exp": [
            [
              3,
              3,
              3
            ],
            [
              2,
              3,
              3
            ],
            [
              2,
              2,
              2
            ]
          ]
        },
        "paragraph_scoreT_avg": 2.5555556,
        "paragraph_id": "002"
      }
    ],
    "essay_scoreT": [
      30,
      28.666668,
      23.11111
    ],
    "essay_scoreT_avg": 27.25926,
    "essay_scoreT_detail": {
      "essay_scoreT_org": [
        [
          3,
          3,
          3,
          3
        ],
        [
          3,
          3,
          3,
          3
        ],
        [
          2,
          3,
          3,
          3
        ]
      ],
      "essay_scoreT_cont": [
        [
          3,
          3,
          0,
          3
        ],
        [
          3,
          3,
          0,
          3
        ],
        [
          3,
          2,
          0,
          2
        ]
      ],
      "essay_scoreT_exp": [
        [
          3,
          3,
          3
        ],
        [
          2,
          3,
          3
        ],
        [
          2,
          2,
          2
        ]
      ]
    }
  },
  "student": {
    "date": "2021.09.09",
    "student_educated": true,
    "student_grade": "고등_1학년",
    "location": "051",
    "student_grade_group": "고등",
    "student_reading": 1
  },
  "rubric": {
    "essay_grade": "고등_1학년",
    "organization_weight": {
      "org_paragraph": 2,
      "org": 2,
      "org_essay": 4,
      "org_coherence": 2,
      "org_quantity": 1
    },
    "essay_type": "설명글",
    "content_weight": {
      "con_clearance": 4,
      "con_novelty": 3,
      "con": 4,
      "con_prompt": 0,
      "con_description": 1
    },
    "essay_main_subject": "영화/독서감상문",
    "expression_weight": {
      "exp_style": 1,
      "exp_grammar": 2,
      "exp_vocab": 3,
      "exp": 4
    }
  },
  "correction": [],
  "info": {
    "essay_id": "ESSAY_34710",
    "essay_prompt": " 영화에는 로맨스, 액션, 스릴러 등 정말 많은 장르가 있습니다. 사람마다 좋아하는 장르가 있고 절대 보지 않는 장르도 있습니다.\r\n\r\n 독서도 마찬가지입니다. 소설, 수필, 시, 만화, 위인전 등 여러가지 장르가 있습니다.\r\n\r\n 여러분은 어떤 장르를 좋아하나요? 그리고 해당 장르에서 가장 재미있게 봤던 영화나 책은 무엇인가요?\r\n\r\n 자신이 봤던 영화 혹은 책을 한 편 선정하여 주제와 내용 그리고 느낀점을 감상문으로 작성해주세요.",
    "essay_type": "설명글",
    "essay_level": "3",
    "essay_len": 1214,
    "essay_main_subject": "영화/독서감상문"
  }
}